{"book":[{"mlid":"413","nid":"3","bid":"3"},{"mlid":"414","nid":"2","bid":"3"},{"mlid":"415","nid":"4","bid":"3"},{"mlid":"418","nid":"6","bid":"3"},{"mlid":"419","nid":"7","bid":"3"},{"mlid":"420","nid":"8","bid":"3"},{"mlid":"421","nid":"9","bid":"3"},{"mlid":"422","nid":"10","bid":"3"},{"mlid":"423","nid":"11","bid":"3"},{"mlid":"424","nid":"12","bid":"3"},{"mlid":"425","nid":"13","bid":"3"},{"mlid":"429","nid":"858","bid":"3"},{"mlid":"430","nid":"936","bid":"3"},{"mlid":"431","nid":"890","bid":"3"},{"mlid":"432","nid":"913","bid":"3"},{"mlid":"433","nid":"915","bid":"3"},{"mlid":"434","nid":"909","bid":"3"},{"mlid":"435","nid":"864","bid":"3"},{"mlid":"436","nid":"889","bid":"3"},{"mlid":"437","nid":"961","bid":"3"},{"mlid":"438","nid":"962","bid":"3"},{"mlid":"444","nid":"973","bid":"3"},{"mlid":"445","nid":"974","bid":"3"},{"mlid":"446","nid":"975","bid":"3"},{"mlid":"447","nid":"976","bid":"3"},{"mlid":"448","nid":"977","bid":"3"},{"mlid":"449","nid":"874","bid":"3"},{"mlid":"450","nid":"702","bid":"3"},{"mlid":"451","nid":"865","bid":"3"},{"mlid":"452","nid":"980","bid":"3"},{"mlid":"453","nid":"898","bid":"3"},{"mlid":"454","nid":"908","bid":"3"},{"mlid":"455","nid":"981","bid":"3"},{"mlid":"458","nid":"751","bid":"3"},{"mlid":"459","nid":"697","bid":"3"},{"mlid":"460","nid":"985","bid":"3"},{"mlid":"461","nid":"986","bid":"3"},{"mlid":"462","nid":"987","bid":"3"},{"mlid":"463","nid":"988","bid":"3"},{"mlid":"464","nid":"989","bid":"3"},{"mlid":"465","nid":"990","bid":"3"},{"mlid":"466","nid":"891","bid":"3"},{"mlid":"477","nid":"1001","bid":"3"},{"mlid":"481","nid":"725","bid":"3"},{"mlid":"482","nid":"1005","bid":"3"},{"mlid":"489","nid":"1012","bid":"3"},{"mlid":"490","nid":"792","bid":"3"},{"mlid":"492","nid":"885","bid":"3"},{"mlid":"493","nid":"722","bid":"3"},{"mlid":"494","nid":"723","bid":"3"},{"mlid":"495","nid":"872","bid":"3"},{"mlid":"496","nid":"724","bid":"3"},{"mlid":"497","nid":"796","bid":"3"},{"mlid":"498","nid":"873","bid":"3"},{"mlid":"499","nid":"876","bid":"3"},{"mlid":"500","nid":"1014","bid":"1014"},{"mlid":"501","nid":"1013","bid":"1014"},{"mlid":"503","nid":"1016","bid":"1014"},{"mlid":"504","nid":"1017","bid":"1014"},{"mlid":"512","nid":"1025","bid":"1014"},{"mlid":"514","nid":"1027","bid":"1014"},{"mlid":"516","nid":"1029","bid":"1014"},{"mlid":"517","nid":"1030","bid":"1014"},{"mlid":"519","nid":"979","bid":"1014"},{"mlid":"520","nid":"1032","bid":"1014"},{"mlid":"522","nid":"1034","bid":"1014"},{"mlid":"524","nid":"1036","bid":"1014"},{"mlid":"525","nid":"668","bid":"1014"},{"mlid":"526","nid":"1037","bid":"1014"},{"mlid":"527","nid":"1038","bid":"1014"},{"mlid":"531","nid":"1042","bid":"1014"},{"mlid":"532","nid":"1043","bid":"1014"},{"mlid":"533","nid":"880","bid":"3"},{"mlid":"534","nid":"931","bid":"3"},{"mlid":"535","nid":"1044","bid":"3"},{"mlid":"536","nid":"1045","bid":"3"},{"mlid":"539","nid":"1048","bid":"3"},{"mlid":"540","nid":"1049","bid":"3"},{"mlid":"541","nid":"1050","bid":"3"},{"mlid":"542","nid":"1051","bid":"3"},{"mlid":"544","nid":"1053","bid":"3"},{"mlid":"545","nid":"1054","bid":"3"},{"mlid":"546","nid":"964","bid":"3"},{"mlid":"547","nid":"662","bid":"3"},{"mlid":"548","nid":"1055","bid":"3"},{"mlid":"549","nid":"836","bid":"3"},{"mlid":"550","nid":"870","bid":"3"},{"mlid":"554","nid":"1059","bid":"1014"},{"mlid":"555","nid":"1060","bid":"1014"},{"mlid":"556","nid":"1061","bid":"1014"},{"mlid":"557","nid":"1062","bid":"1014"},{"mlid":"558","nid":"1063","bid":"1014"},{"mlid":"559","nid":"1064","bid":"1014"},{"mlid":"560","nid":"1065","bid":"1014"},{"mlid":"561","nid":"1066","bid":"1014"},{"mlid":"562","nid":"1067","bid":"1014"},{"mlid":"563","nid":"1068","bid":"1014"},{"mlid":"564","nid":"1069","bid":"1014"},{"mlid":"565","nid":"1070","bid":"1014"},{"mlid":"566","nid":"1071","bid":"1014"},{"mlid":"567","nid":"1072","bid":"1014"},{"mlid":"568","nid":"1073","bid":"1014"},{"mlid":"569","nid":"1074","bid":"1014"},{"mlid":"575","nid":"732","bid":"3"},{"mlid":"576","nid":"1080","bid":"3"},{"mlid":"577","nid":"769","bid":"3"},{"mlid":"578","nid":"1081","bid":"1014"},{"mlid":"579","nid":"859","bid":"3"},{"mlid":"580","nid":"926","bid":"3"},{"mlid":"581","nid":"923","bid":"3"},{"mlid":"582","nid":"925","bid":"3"},{"mlid":"583","nid":"921","bid":"3"},{"mlid":"584","nid":"924","bid":"3"},{"mlid":"585","nid":"922","bid":"3"},{"mlid":"586","nid":"887","bid":"3"},{"mlid":"587","nid":"756","bid":"3"},{"mlid":"588","nid":"738","bid":"3"},{"mlid":"589","nid":"850","bid":"3"},{"mlid":"590","nid":"719","bid":"3"},{"mlid":"591","nid":"966","bid":"3"},{"mlid":"592","nid":"928","bid":"3"},{"mlid":"593","nid":"929","bid":"3"},{"mlid":"594","nid":"927","bid":"3"},{"mlid":"596","nid":"916","bid":"3"},{"mlid":"597","nid":"869","bid":"3"},{"mlid":"598","nid":"691","bid":"3"},{"mlid":"599","nid":"659","bid":"3"},{"mlid":"600","nid":"851","bid":"3"},{"mlid":"601","nid":"852","bid":"3"},{"mlid":"602","nid":"917","bid":"3"},{"mlid":"603","nid":"919","bid":"3"},{"mlid":"604","nid":"819","bid":"3"},{"mlid":"605","nid":"820","bid":"3"},{"mlid":"606","nid":"918","bid":"3"},{"mlid":"607","nid":"920","bid":"3"},{"mlid":"608","nid":"853","bid":"3"},{"mlid":"609","nid":"682","bid":"3"},{"mlid":"610","nid":"673","bid":"3"},{"mlid":"611","nid":"679","bid":"3"},{"mlid":"612","nid":"875","bid":"3"},{"mlid":"613","nid":"714","bid":"3"},{"mlid":"614","nid":"843","bid":"3"},{"mlid":"615","nid":"835","bid":"3"},{"mlid":"616","nid":"888","bid":"3"},{"mlid":"617","nid":"950","bid":"3"},{"mlid":"618","nid":"700","bid":"3"},{"mlid":"619","nid":"703","bid":"3"},{"mlid":"620","nid":"721","bid":"3"},{"mlid":"621","nid":"881","bid":"3"},{"mlid":"622","nid":"862","bid":"3"},{"mlid":"623","nid":"860","bid":"3"},{"mlid":"624","nid":"745","bid":"1083"},{"mlid":"625","nid":"1083","bid":"1083"},{"mlid":"626","nid":"818","bid":"1083"},{"mlid":"627","nid":"866","bid":"3"},{"mlid":"628","nid":"1084","bid":"1083"},{"mlid":"629","nid":"704","bid":"3"},{"mlid":"630","nid":"658","bid":"3"},{"mlid":"631","nid":"911","bid":"3"},{"mlid":"632","nid":"863","bid":"3"},{"mlid":"633","nid":"884","bid":"3"},{"mlid":"634","nid":"845","bid":"3"},{"mlid":"635","nid":"879","bid":"3"},{"mlid":"636","nid":"855","bid":"3"},{"mlid":"637","nid":"825","bid":"3"},{"mlid":"638","nid":"868","bid":"3"},{"mlid":"639","nid":"803","bid":"3"},{"mlid":"640","nid":"737","bid":"3"},{"mlid":"641","nid":"956","bid":"3"},{"mlid":"642","nid":"689","bid":"3"},{"mlid":"643","nid":"802","bid":"3"},{"mlid":"644","nid":"699","bid":"3"},{"mlid":"645","nid":"763","bid":"3"},{"mlid":"646","nid":"905","bid":"3"},{"mlid":"647","nid":"1085","bid":"3"},{"mlid":"648","nid":"907","bid":"3"},{"mlid":"649","nid":"904","bid":"3"},{"mlid":"650","nid":"914","bid":"3"},{"mlid":"651","nid":"955","bid":"3"},{"mlid":"652","nid":"683","bid":"3"},{"mlid":"653","nid":"1086","bid":"1105"},{"mlid":"654","nid":"844","bid":"3"},{"mlid":"655","nid":"945","bid":"3"},{"mlid":"656","nid":"839","bid":"3"},{"mlid":"657","nid":"895","bid":"3"},{"mlid":"658","nid":"1089","bid":"3"},{"mlid":"659","nid":"688","bid":"3"},{"mlid":"660","nid":"1092","bid":"3"},{"mlid":"661","nid":"846","bid":"3"},{"mlid":"662","nid":"1093","bid":"3"},{"mlid":"663","nid":"849","bid":"3"},{"mlid":"664","nid":"735","bid":"3"},{"mlid":"665","nid":"752","bid":"3"},{"mlid":"666","nid":"965","bid":"3"},{"mlid":"667","nid":"938","bid":"3"},{"mlid":"668","nid":"878","bid":"3"},{"mlid":"669","nid":"877","bid":"3"},{"mlid":"670","nid":"827","bid":"3"},{"mlid":"671","nid":"795","bid":"3"},{"mlid":"672","nid":"708","bid":"3"},{"mlid":"673","nid":"829","bid":"3"},{"mlid":"674","nid":"830","bid":"3"},{"mlid":"675","nid":"952","bid":"3"},{"mlid":"676","nid":"733","bid":"3"},{"mlid":"677","nid":"1094","bid":"3"},{"mlid":"678","nid":"1095","bid":"3"},{"mlid":"679","nid":"1096","bid":"3"},{"mlid":"680","nid":"1097","bid":"3"},{"mlid":"681","nid":"773","bid":"3"},{"mlid":"682","nid":"798","bid":"3"},{"mlid":"683","nid":"1098","bid":"3"},{"mlid":"684","nid":"834","bid":"3"},{"mlid":"685","nid":"661","bid":"3"},{"mlid":"686","nid":"1099","bid":"3"},{"mlid":"687","nid":"1100","bid":"3"},{"mlid":"688","nid":"675","bid":"3"},{"mlid":"689","nid":"1101","bid":"3"},{"mlid":"690","nid":"1102","bid":"3"},{"mlid":"691","nid":"1103","bid":"3"},{"mlid":"692","nid":"728","bid":"3"},{"mlid":"693","nid":"1104","bid":"3"},{"mlid":"694","nid":"942","bid":"3"},{"mlid":"695","nid":"816","bid":"3"},{"mlid":"696","nid":"848","bid":"3"},{"mlid":"697","nid":"656","bid":"3"},{"mlid":"698","nid":"749","bid":"3"},{"mlid":"699","nid":"941","bid":"3"},{"mlid":"700","nid":"840","bid":"3"},{"mlid":"701","nid":"748","bid":"3"},{"mlid":"702","nid":"663","bid":"3"},{"mlid":"703","nid":"757","bid":"3"},{"mlid":"704","nid":"692","bid":"3"},{"mlid":"705","nid":"750","bid":"3"},{"mlid":"706","nid":"706","bid":"3"},{"mlid":"707","nid":"717","bid":"3"},{"mlid":"708","nid":"715","bid":"3"},{"mlid":"709","nid":"779","bid":"3"},{"mlid":"710","nid":"856","bid":"3"},{"mlid":"711","nid":"666","bid":"3"},{"mlid":"712","nid":"705","bid":"3"},{"mlid":"713","nid":"940","bid":"3"},{"mlid":"714","nid":"801","bid":"3"},{"mlid":"715","nid":"718","bid":"3"},{"mlid":"716","nid":"833","bid":"3"},{"mlid":"717","nid":"734","bid":"3"},{"mlid":"718","nid":"897","bid":"3"},{"mlid":"719","nid":"932","bid":"3"},{"mlid":"720","nid":"680","bid":"3"},{"mlid":"721","nid":"707","bid":"3"},{"mlid":"722","nid":"681","bid":"3"},{"mlid":"723","nid":"1105","bid":"1105"},{"mlid":"724","nid":"1106","bid":"1105"},{"mlid":"725","nid":"1087","bid":"1105"},{"mlid":"726","nid":"1088","bid":"1105"},{"mlid":"727","nid":"1107","bid":"1014"},{"mlid":"728","nid":"676","bid":"3"},{"mlid":"729","nid":"746","bid":"3"},{"mlid":"730","nid":"1108","bid":"3"},{"mlid":"731","nid":"1109","bid":"3"},{"mlid":"732","nid":"1110","bid":"3"},{"mlid":"733","nid":"753","bid":"3"},{"mlid":"734","nid":"696","bid":"3"},{"mlid":"735","nid":"1111","bid":"1014"},{"mlid":"736","nid":"1113","bid":"1014"},{"mlid":"737","nid":"1114","bid":"1014"},{"mlid":"738","nid":"1115","bid":"1014"},{"mlid":"739","nid":"1116","bid":"1014"},{"mlid":"740","nid":"1117","bid":"1014"},{"mlid":"741","nid":"1118","bid":"1014"},{"mlid":"742","nid":"1119","bid":"1014"},{"mlid":"743","nid":"1120","bid":"1014"},{"mlid":"744","nid":"1121","bid":"1014"},{"mlid":"745","nid":"826","bid":"3"},{"mlid":"746","nid":"832","bid":"3"},{"mlid":"747","nid":"831","bid":"3"},{"mlid":"748","nid":"934","bid":"3"},{"mlid":"749","nid":"815","bid":"3"},{"mlid":"750","nid":"1122","bid":"1083"},{"mlid":"751","nid":"821","bid":"3"},{"mlid":"752","nid":"822","bid":"3"},{"mlid":"753","nid":"894","bid":"3"},{"mlid":"754","nid":"1123","bid":"1014"},{"mlid":"755","nid":"1124","bid":"1014"},{"mlid":"756","nid":"847","bid":"3"},{"mlid":"757","nid":"828","bid":"3"},{"mlid":"758","nid":"711","bid":"3"},{"mlid":"759","nid":"709","bid":"3"},{"mlid":"760","nid":"1125","bid":"3"},{"mlid":"761","nid":"800","bid":"3"},{"mlid":"762","nid":"1126","bid":"3"},{"mlid":"763","nid":"775","bid":"3"},{"mlid":"764","nid":"1127","bid":"3"},{"mlid":"765","nid":"777","bid":"3"},{"mlid":"766","nid":"1129","bid":"1014"},{"mlid":"767","nid":"1130","bid":"1014"},{"mlid":"768","nid":"806","bid":"3"},{"mlid":"769","nid":"900","bid":"3"},{"mlid":"770","nid":"899","bid":"3"},{"mlid":"771","nid":"686","bid":"3"},{"mlid":"772","nid":"687","bid":"3"},{"mlid":"773","nid":"684","bid":"3"},{"mlid":"774","nid":"685","bid":"3"},{"mlid":"775","nid":"906","bid":"3"},{"mlid":"776","nid":"871","bid":"3"},{"mlid":"777","nid":"1132","bid":"1014"},{"mlid":"778","nid":"1133","bid":"1014"},{"mlid":"779","nid":"1135","bid":"1014"},{"mlid":"780","nid":"759","bid":"3"},{"mlid":"781","nid":"823","bid":"3"},{"mlid":"782","nid":"1136","bid":"1014"},{"mlid":"783","nid":"1137","bid":"1014"},{"mlid":"784","nid":"1138","bid":"1014"},{"mlid":"785","nid":"1139","bid":"1014"},{"mlid":"786","nid":"1140","bid":"1014"},{"mlid":"788","nid":"1142","bid":"1014"},{"mlid":"789","nid":"1143","bid":"1014"},{"mlid":"790","nid":"1144","bid":"1014"},{"mlid":"791","nid":"1145","bid":"1014"},{"mlid":"792","nid":"1146","bid":"1014"},{"mlid":"793","nid":"901","bid":"3"},{"mlid":"794","nid":"1147","bid":"1014"},{"mlid":"795","nid":"1148","bid":"1014"},{"mlid":"796","nid":"1149","bid":"1014"},{"mlid":"797","nid":"1150","bid":"1014"},{"mlid":"798","nid":"670","bid":"1014"},{"mlid":"799","nid":"1151","bid":"1014"},{"mlid":"800","nid":"672","bid":"3"},{"mlid":"801","nid":"968","bid":"3"},{"mlid":"802","nid":"969","bid":"3"},{"mlid":"803","nid":"970","bid":"3"},{"mlid":"804","nid":"720","bid":"3"},{"mlid":"805","nid":"731","bid":"3"},{"mlid":"806","nid":"892","bid":"3"},{"mlid":"807","nid":"910","bid":"3"},{"mlid":"808","nid":"1152","bid":"1014"},{"mlid":"809","nid":"1154","bid":"1014"},{"mlid":"810","nid":"678","bid":"3"},{"mlid":"811","nid":"963","bid":"3"},{"mlid":"812","nid":"1155","bid":"1014"},{"mlid":"813","nid":"1156","bid":"1014"},{"mlid":"815","nid":"1158","bid":"1014"},{"mlid":"816","nid":"1159","bid":"3"},{"mlid":"817","nid":"824","bid":"3"},{"mlid":"818","nid":"693","bid":"3"},{"mlid":"819","nid":"694","bid":"3"},{"mlid":"820","nid":"713","bid":"3"},{"mlid":"821","nid":"712","bid":"3"},{"mlid":"822","nid":"1160","bid":"1014"},{"mlid":"823","nid":"857","bid":"3"},{"mlid":"824","nid":"1161","bid":"3"},{"mlid":"825","nid":"854","bid":"3"},{"mlid":"826","nid":"669","bid":"1014"},{"mlid":"827","nid":"677","bid":"3"},{"mlid":"828","nid":"698","bid":"3"},{"mlid":"829","nid":"695","bid":"3"},{"mlid":"830","nid":"716","bid":"3"},{"mlid":"831","nid":"813","bid":"3"},{"mlid":"832","nid":"814","bid":"3"},{"mlid":"833","nid":"809","bid":"3"},{"mlid":"834","nid":"810","bid":"3"},{"mlid":"835","nid":"808","bid":"3"},{"mlid":"836","nid":"930","bid":"3"},{"mlid":"837","nid":"788","bid":"3"},{"mlid":"838","nid":"785","bid":"3"},{"mlid":"839","nid":"740","bid":"3"},{"mlid":"840","nid":"741","bid":"3"},{"mlid":"841","nid":"743","bid":"3"},{"mlid":"842","nid":"742","bid":"3"},{"mlid":"843","nid":"744","bid":"3"},{"mlid":"844","nid":"1162","bid":"1014"},{"mlid":"845","nid":"1163","bid":"1014"},{"mlid":"846","nid":"948","bid":"3"},{"mlid":"847","nid":"944","bid":"3"},{"mlid":"848","nid":"755","bid":"3"},{"mlid":"849","nid":"893","bid":"3"},{"mlid":"850","nid":"781","bid":"3"},{"mlid":"851","nid":"783","bid":"3"},{"mlid":"852","nid":"784","bid":"3"},{"mlid":"853","nid":"782","bid":"3"},{"mlid":"854","nid":"1164","bid":"1014"},{"mlid":"855","nid":"903","bid":"3"},{"mlid":"856","nid":"736","bid":"3"},{"mlid":"857","nid":"730","bid":"3"},{"mlid":"858","nid":"729","bid":"3"},{"mlid":"859","nid":"739","bid":"3"},{"mlid":"860","nid":"861","bid":"3"},{"mlid":"861","nid":"883","bid":"3"},{"mlid":"862","nid":"1165","bid":"1014"},{"mlid":"863","nid":"1166","bid":"3"},{"mlid":"864","nid":"935","bid":"3"},{"mlid":"865","nid":"953","bid":"3"},{"mlid":"866","nid":"886","bid":"3"},{"mlid":"867","nid":"946","bid":"3"},{"mlid":"868","nid":"1167","bid":"3"},{"mlid":"869","nid":"797","bid":"3"},{"mlid":"870","nid":"791","bid":"3"},{"mlid":"871","nid":"793","bid":"3"},{"mlid":"872","nid":"1168","bid":"3"},{"mlid":"873","nid":"1169","bid":"3"},{"mlid":"874","nid":"1170","bid":"1014"},{"mlid":"875","nid":"1171","bid":"1014"},{"mlid":"876","nid":"1172","bid":"1014"},{"mlid":"877","nid":"841","bid":"3"},{"mlid":"878","nid":"660","bid":"3"},{"mlid":"879","nid":"1173","bid":"1014"},{"mlid":"880","nid":"1174","bid":"1014"},{"mlid":"881","nid":"1176","bid":"3"},{"mlid":"882","nid":"665","bid":"3"},{"mlid":"883","nid":"664","bid":"3"},{"mlid":"884","nid":"1177","bid":"3"},{"mlid":"885","nid":"1179","bid":"3"},{"mlid":"886","nid":"960","bid":"3"},{"mlid":"887","nid":"1185","bid":"1014"},{"mlid":"888","nid":"958","bid":"3"},{"mlid":"889","nid":"959","bid":"3"},{"mlid":"890","nid":"896","bid":"3"},{"mlid":"891","nid":"933","bid":"3"},{"mlid":"892","nid":"674","bid":"3"},{"mlid":"893","nid":"1187","bid":"3"},{"mlid":"894","nid":"1189","bid":"1014"},{"mlid":"895","nid":"1190","bid":"1014"},{"mlid":"896","nid":"1191","bid":"1014"},{"mlid":"897","nid":"1192","bid":"1014"},{"mlid":"898","nid":"912","bid":"3"},{"mlid":"899","nid":"1193","bid":"1014"},{"mlid":"900","nid":"1194","bid":"1014"},{"mlid":"901","nid":"1196","bid":"1014"},{"mlid":"902","nid":"1197","bid":"1014"},{"mlid":"903","nid":"758","bid":"3"},{"mlid":"904","nid":"1198","bid":"1014"},{"mlid":"905","nid":"1200","bid":"3"},{"mlid":"906","nid":"1201","bid":"3"},{"mlid":"907","nid":"1202","bid":"1014"},{"mlid":"908","nid":"954","bid":"3"},{"mlid":"909","nid":"1203","bid":"1014"},{"mlid":"910","nid":"727","bid":"3"},{"mlid":"911","nid":"671","bid":"1014"},{"mlid":"912","nid":"1204","bid":"1014"},{"mlid":"913","nid":"1205","bid":"1205"},{"mlid":"914","nid":"1206","bid":"3"},{"mlid":"915","nid":"1207","bid":"3"},{"mlid":"916","nid":"1208","bid":"1014"},{"mlid":"917","nid":"1209","bid":"1014"},{"mlid":"918","nid":"1210","bid":"1014"},{"mlid":"919","nid":"1211","bid":"1205"},{"mlid":"920","nid":"1212","bid":"3"},{"mlid":"921","nid":"1213","bid":"3"},{"mlid":"922","nid":"1214","bid":"3"},{"mlid":"923","nid":"1215","bid":"3"},{"mlid":"924","nid":"1216","bid":"3"},{"mlid":"925","nid":"1217","bid":"3"},{"mlid":"929","nid":"1218","bid":"1014"},{"mlid":"930","nid":"1223","bid":"1014"},{"mlid":"931","nid":"1224","bid":"1014"},{"mlid":"935","nid":"1225","bid":"1014"},{"mlid":"937","nid":"1228","bid":"1014"},{"mlid":"938","nid":"1229","bid":"3"},{"mlid":"939","nid":"1230","bid":"3"},{"mlid":"950","nid":"1231","bid":"3"},{"mlid":"951","nid":"1232","bid":"3"},{"mlid":"952","nid":"1233","bid":"3"},{"mlid":"953","nid":"1234","bid":"3"},{"mlid":"955","nid":"1235","bid":"3"},{"mlid":"956","nid":"1236","bid":"3"},{"mlid":"957","nid":"1237","bid":"3"},{"mlid":"958","nid":"1238","bid":"3"},{"mlid":"959","nid":"1239","bid":"3"},{"mlid":"960","nid":"1240","bid":"3"},{"mlid":"961","nid":"1241","bid":"3"},{"mlid":"962","nid":"1242","bid":"3"},{"mlid":"963","nid":"1243","bid":"3"},{"mlid":"964","nid":"1244","bid":"3"}]}