{"field_data_field_taxonomy_alpha":[{"entity_id":"1217","field_taxonomy_alpha_tid":"219"},{"entity_id":"1217","field_taxonomy_alpha_tid":"236"},{"entity_id":"1101","field_taxonomy_alpha_tid":"229"},{"entity_id":"1101","field_taxonomy_alpha_tid":"245"},{"entity_id":"966","field_taxonomy_alpha_tid":"232"},{"entity_id":"966","field_taxonomy_alpha_tid":"241"},{"entity_id":"748","field_taxonomy_alpha_tid":"226"},{"entity_id":"748","field_taxonomy_alpha_tid":"244"},{"entity_id":"714","field_taxonomy_alpha_tid":"213"},{"entity_id":"714","field_taxonomy_alpha_tid":"268"},{"entity_id":"714","field_taxonomy_alpha_tid":"243"},{"entity_id":"7","field_taxonomy_alpha_tid":"224"},{"entity_id":"7","field_taxonomy_alpha_tid":"230"},{"entity_id":"942","field_taxonomy_alpha_tid":"224"},{"entity_id":"942","field_taxonomy_alpha_tid":"243"},{"entity_id":"887","field_taxonomy_alpha_tid":"235"},{"entity_id":"1115","field_taxonomy_alpha_tid":"226"},{"entity_id":"734","field_taxonomy_alpha_tid":"249"},{"entity_id":"844","field_taxonomy_alpha_tid":"216"},{"entity_id":"844","field_taxonomy_alpha_tid":"230"},{"entity_id":"898","field_taxonomy_alpha_tid":"231"},{"entity_id":"659","field_taxonomy_alpha_tid":"209"},{"entity_id":"659","field_taxonomy_alpha_tid":"232"},{"entity_id":"796","field_taxonomy_alpha_tid":"230"},{"entity_id":"962","field_taxonomy_alpha_tid":"248"},{"entity_id":"886","field_taxonomy_alpha_tid":"243"},{"entity_id":"886","field_taxonomy_alpha_tid":"249"},{"entity_id":"733","field_taxonomy_alpha_tid":"207"},{"entity_id":"733","field_taxonomy_alpha_tid":"229"},{"entity_id":"897","field_taxonomy_alpha_tid":"208"},{"entity_id":"897","field_taxonomy_alpha_tid":"249"},{"entity_id":"736","field_taxonomy_alpha_tid":"219"},{"entity_id":"736","field_taxonomy_alpha_tid":"243"},{"entity_id":"891","field_taxonomy_alpha_tid":"225"},{"entity_id":"891","field_taxonomy_alpha_tid":"251"},{"entity_id":"704","field_taxonomy_alpha_tid":"245"},{"entity_id":"914","field_taxonomy_alpha_tid":"245"},{"entity_id":"912","field_taxonomy_alpha_tid":"233"},{"entity_id":"912","field_taxonomy_alpha_tid":"252"},{"entity_id":"696","field_taxonomy_alpha_tid":"240"},{"entity_id":"1095","field_taxonomy_alpha_tid":"210"},{"entity_id":"1095","field_taxonomy_alpha_tid":"233"},{"entity_id":"1099","field_taxonomy_alpha_tid":"208"},{"entity_id":"1099","field_taxonomy_alpha_tid":"239"},{"entity_id":"1099","field_taxonomy_alpha_tid":"251"},{"entity_id":"1230","field_taxonomy_alpha_tid":"248"},{"entity_id":"878","field_taxonomy_alpha_tid":"210"},{"entity_id":"878","field_taxonomy_alpha_tid":"233"},{"entity_id":"1226","field_taxonomy_alpha_tid":"239"},{"entity_id":"1215","field_taxonomy_alpha_tid":"221"},{"entity_id":"1215","field_taxonomy_alpha_tid":"242"},{"entity_id":"1086","field_taxonomy_alpha_tid":"268"},{"entity_id":"1086","field_taxonomy_alpha_tid":"241"},{"entity_id":"773","field_taxonomy_alpha_tid":"263"},{"entity_id":"773","field_taxonomy_alpha_tid":"248"},{"entity_id":"773","field_taxonomy_alpha_tid":"252"},{"entity_id":"955","field_taxonomy_alpha_tid":"237"},{"entity_id":"700","field_taxonomy_alpha_tid":"267"},{"entity_id":"732","field_taxonomy_alpha_tid":"216"},{"entity_id":"732","field_taxonomy_alpha_tid":"224"},{"entity_id":"732","field_taxonomy_alpha_tid":"231"},{"entity_id":"732","field_taxonomy_alpha_tid":"233"},{"entity_id":"694","field_taxonomy_alpha_tid":"207"},{"entity_id":"694","field_taxonomy_alpha_tid":"229"},{"entity_id":"1090","field_taxonomy_alpha_tid":"249"},{"entity_id":"12","field_taxonomy_alpha_tid":"223"},{"entity_id":"12","field_taxonomy_alpha_tid":"238"},{"entity_id":"875","field_taxonomy_alpha_tid":"207"},{"entity_id":"875","field_taxonomy_alpha_tid":"247"},{"entity_id":"928","field_taxonomy_alpha_tid":"243"},{"entity_id":"899","field_taxonomy_alpha_tid":"230"},{"entity_id":"900","field_taxonomy_alpha_tid":"230"},{"entity_id":"2","field_taxonomy_alpha_tid":"229"},{"entity_id":"1229","field_taxonomy_alpha_tid":"230"},{"entity_id":"816","field_taxonomy_alpha_tid":"233"},{"entity_id":"872","field_taxonomy_alpha_tid":"259"},{"entity_id":"872","field_taxonomy_alpha_tid":"260"},{"entity_id":"872","field_taxonomy_alpha_tid":"233"},{"entity_id":"660","field_taxonomy_alpha_tid":"224"},{"entity_id":"660","field_taxonomy_alpha_tid":"230"},{"entity_id":"1096","field_taxonomy_alpha_tid":"241"},{"entity_id":"1093","field_taxonomy_alpha_tid":"232"},{"entity_id":"1093","field_taxonomy_alpha_tid":"233"},{"entity_id":"873","field_taxonomy_alpha_tid":"265"},{"entity_id":"873","field_taxonomy_alpha_tid":"245"},{"entity_id":"792","field_taxonomy_alpha_tid":"240"},{"entity_id":"1231","field_taxonomy_alpha_tid":"210"},{"entity_id":"1231","field_taxonomy_alpha_tid":"233"},{"entity_id":"1232","field_taxonomy_alpha_tid":"210"},{"entity_id":"1232","field_taxonomy_alpha_tid":"260"},{"entity_id":"1232","field_taxonomy_alpha_tid":"233"},{"entity_id":"1233","field_taxonomy_alpha_tid":"243"},{"entity_id":"1234","field_taxonomy_alpha_tid":"217"},{"entity_id":"1201","field_taxonomy_alpha_tid":"224"},{"entity_id":"1201","field_taxonomy_alpha_tid":"245"},{"entity_id":"1235","field_taxonomy_alpha_tid":"236"},{"entity_id":"1236","field_taxonomy_alpha_tid":"230"},{"entity_id":"1236","field_taxonomy_alpha_tid":"246"},{"entity_id":"1237","field_taxonomy_alpha_tid":"211"},{"entity_id":"1237","field_taxonomy_alpha_tid":"230"},{"entity_id":"1237","field_taxonomy_alpha_tid":"232"},{"entity_id":"1238","field_taxonomy_alpha_tid":"215"},{"entity_id":"1238","field_taxonomy_alpha_tid":"237"},{"entity_id":"658","field_taxonomy_alpha_tid":"246"},{"entity_id":"864","field_taxonomy_alpha_tid":"268"},{"entity_id":"864","field_taxonomy_alpha_tid":"243"},{"entity_id":"934","field_taxonomy_alpha_tid":"210"},{"entity_id":"934","field_taxonomy_alpha_tid":"233"},{"entity_id":"702","field_taxonomy_alpha_tid":"207"},{"entity_id":"702","field_taxonomy_alpha_tid":"229"},{"entity_id":"874","field_taxonomy_alpha_tid":"207"},{"entity_id":"874","field_taxonomy_alpha_tid":"229"},{"entity_id":"683","field_taxonomy_alpha_tid":"209"},{"entity_id":"683","field_taxonomy_alpha_tid":"217"},{"entity_id":"889","field_taxonomy_alpha_tid":"214"},{"entity_id":"889","field_taxonomy_alpha_tid":"232"},{"entity_id":"890","field_taxonomy_alpha_tid":"214"},{"entity_id":"890","field_taxonomy_alpha_tid":"232"},{"entity_id":"723","field_taxonomy_alpha_tid":"242"},{"entity_id":"1239","field_taxonomy_alpha_tid":"245"},{"entity_id":"1240","field_taxonomy_alpha_tid":"236"},{"entity_id":"1241","field_taxonomy_alpha_tid":"233"},{"entity_id":"1242","field_taxonomy_alpha_tid":"229"},{"entity_id":"1242","field_taxonomy_alpha_tid":"236"},{"entity_id":"1243","field_taxonomy_alpha_tid":"252"},{"entity_id":"1244","field_taxonomy_alpha_tid":"241"},{"entity_id":"677","field_taxonomy_alpha_tid":"217"},{"entity_id":"677","field_taxonomy_alpha_tid":"238"},{"entity_id":"1225","field_taxonomy_alpha_tid":"249"},{"entity_id":"848","field_taxonomy_alpha_tid":"210"},{"entity_id":"848","field_taxonomy_alpha_tid":"215"},{"entity_id":"848","field_taxonomy_alpha_tid":"241"},{"entity_id":"964","field_taxonomy_alpha_tid":"226"},{"entity_id":"964","field_taxonomy_alpha_tid":"238"}]}