{"field_data_field_img_cover":[{"entity_id":"8","field_img_cover_value":"<img src=\"\/video\/0_covers\/popularmusik_fran_Vittula.jpg\">"},{"entity_id":"11","field_img_cover_value":"<img src=\"\/video\/0_covers\/beregi_svoiu_kosynku.png\">"},{"entity_id":"661","field_img_cover_value":"<img src=\"\/video\/0_covers\/Lock_Stock_and_Two_Smoking_Barrels.png\">"},{"entity_id":"663","field_img_cover_value":"<img src=\"\/video\/0_covers\/Friedliche Zeiten.jpg\">"},{"entity_id":"675","field_img_cover_value":"<img src=\"\/video\/0_covers\/Amadeus.jpg\">"},{"entity_id":"738","field_img_cover_value":"<img src=\"\/video\/0_covers\/\">"},{"entity_id":"753","field_img_cover_value":"<img src=\"\/video\/0_covers\/La_Chinoise.jpg\" width=450>"},{"entity_id":"779","field_img_cover_value":"<img src=\"\/video\/0_covers\/Skini.Romper.Stomper.jpg\">"},{"entity_id":"798","field_img_cover_value":"<img src=\"\/video\/0_covers\/The-Brotherhood-of-War-800.jpg\">"},{"entity_id":"827","field_img_cover_value":"<img src=\"\/video\/0_covers\/\">"},{"entity_id":"834","field_img_cover_value":"<img src=\"\/video\/0_covers\/Tasogare_Seibei.jpg\">"},{"entity_id":"941","field_img_cover_value":"<img src=\"\/video\/0_covers\/Die_stille_nach_dem_schuss.jpg\">"},{"entity_id":"1094","field_img_cover_value":"<img src=\"\/video\/0_covers\/Ofelas.jpg\">"},{"entity_id":"1097","field_img_cover_value":"<img src=\"\/video\/0_covers\/orda.jpg\">"},{"entity_id":"1098","field_img_cover_value":"<img src=\"\/video\/0_covers\/the_great_dictator.jpg\">"},{"entity_id":"1100","field_img_cover_value":"<img src=\"\/video\/0_covers\/Kakushi ken oni no tsume.jpg\">"},{"entity_id":"1102","field_img_cover_value":"<img src=\"\/video\/0_covers\/Teresuko.jpg\">"},{"entity_id":"1103","field_img_cover_value":"<img src=\"\/video\/0_covers\/Tsukigami.jpg\">"},{"entity_id":"1104","field_img_cover_value":"<img src=\"\/video\/0_covers\/\">"},{"entity_id":"1108","field_img_cover_value":"<img src=\"\/video\/0_covers\/savior.jpg\">"},{"entity_id":"1109","field_img_cover_value":"<img src=\"\/video\/0_covers\/\">"},{"entity_id":"1110","field_img_cover_value":"<img src=\"\/video\/0_covers\/Djeca_Children of Sarajevo.jpg\">"},{"entity_id":"1111","field_img_cover_value":"<img src=\"\/video\/0_covers\/\">"},{"entity_id":"1112","field_img_cover_value":"<img src=\"\/video\/0_covers\/\">"},{"entity_id":"1113","field_img_cover_value":"<img src=\"\/video\/0_covers\/\">"},{"entity_id":"1116","field_img_cover_value":"<img src=\"\/video\/0_covers\/\">"},{"entity_id":"1117","field_img_cover_value":"<img src=\"\/video\/0_covers\/\">"},{"entity_id":"1118","field_img_cover_value":"<img src=\"\/video\/0_covers\/\">"},{"entity_id":"1119","field_img_cover_value":"<img src=\"\/video\/0_covers\/\">"},{"entity_id":"1120","field_img_cover_value":"<img src=\"\/video\/0_covers\/\">"},{"entity_id":"1121","field_img_cover_value":"<img src=\"\/video\/0_covers\/\">"},{"entity_id":"1122","field_img_cover_value":"<img src=\"\/video\/0_covers\/\">"},{"entity_id":"1123","field_img_cover_value":"<img src=\"\/video\/0_covers\/\">"},{"entity_id":"1124","field_img_cover_value":"<img src=\"\/video\/0_covers\/\">"},{"entity_id":"1125","field_img_cover_value":"<img src=\"\/video\/0_covers\/\">"},{"entity_id":"1126","field_img_cover_value":"<img src=\"\/video\/0_covers\/\">"},{"entity_id":"1127","field_img_cover_value":"<img src=\"\/video\/0_covers\/\">"},{"entity_id":"1128","field_img_cover_value":"<img src=\"\/video\/0_covers\/\">"},{"entity_id":"1130","field_img_cover_value":"<img src=\"\/video\/0_covers\/\">"},{"entity_id":"1131","field_img_cover_value":"<img src=\"\/video\/0_covers\/\">"},{"entity_id":"1132","field_img_cover_value":"<img src=\"\/video\/0_covers\/\">"},{"entity_id":"1133","field_img_cover_value":"<img src=\"\/video\/0_covers\/\">"},{"entity_id":"1134","field_img_cover_value":"<img src=\"\/video\/0_covers\/\">"},{"entity_id":"1135","field_img_cover_value":"<img src=\"\/video\/0_covers\/\">"},{"entity_id":"1136","field_img_cover_value":"<img src=\"\/video\/0_covers\/\">"},{"entity_id":"1137","field_img_cover_value":"<img src=\"\/video\/0_covers\/\">"},{"entity_id":"1138","field_img_cover_value":"<img src=\"\/video\/0_covers\/\">"},{"entity_id":"1139","field_img_cover_value":"<img src=\"\/video\/0_covers\/\">"},{"entity_id":"1140","field_img_cover_value":"<img src=\"\/video\/0_covers\/\">"},{"entity_id":"1142","field_img_cover_value":"<img src=\"\/video\/0_covers\/\">"},{"entity_id":"1143","field_img_cover_value":"<img src=\"\/video\/0_covers\/\">"},{"entity_id":"1144","field_img_cover_value":"<img src=\"\/video\/0_covers\/\">"},{"entity_id":"1145","field_img_cover_value":"<img src=\"\/video\/0_covers\/\">"},{"entity_id":"1146","field_img_cover_value":"<img src=\"\/video\/0_covers\/\">"},{"entity_id":"1147","field_img_cover_value":"<img src=\"\/video\/0_covers\/\">"},{"entity_id":"1148","field_img_cover_value":"<img src=\"\/video\/0_covers\/\">"},{"entity_id":"1149","field_img_cover_value":"<img src=\"\/video\/0_covers\/\">"},{"entity_id":"1150","field_img_cover_value":"<img src=\"\/video\/0_covers\/\">"},{"entity_id":"1151","field_img_cover_value":"<img src=\"\/video\/0_covers\/\">"},{"entity_id":"1152","field_img_cover_value":"<img src=\"\/video\/0_covers\/\">"},{"entity_id":"1153","field_img_cover_value":"<img src=\"\/video\/0_covers\/\">"},{"entity_id":"1154","field_img_cover_value":"<img src=\"\/video\/0_covers\/\">"},{"entity_id":"1155","field_img_cover_value":"<img src=\"\/video\/0_covers\/\">"},{"entity_id":"1156","field_img_cover_value":"<img src=\"\/video\/0_covers\/\">"},{"entity_id":"1159","field_img_cover_value":"<img src=\"\/video\/0_covers\/\">"},{"entity_id":"1160","field_img_cover_value":"<img src=\"\/video\/0_covers\/\">"},{"entity_id":"1161","field_img_cover_value":"<img src=\"\/video\/0_covers\/\">"},{"entity_id":"1162","field_img_cover_value":"<img src=\"\/video\/0_covers\/\">"},{"entity_id":"1163","field_img_cover_value":"<img src=\"\/video\/0_covers\/\">"},{"entity_id":"1164","field_img_cover_value":"<img src=\"\/video\/0_covers\/\">"},{"entity_id":"1165","field_img_cover_value":"<img src=\"\/video\/0_covers\/\">"},{"entity_id":"1166","field_img_cover_value":"<img src=\"\/video\/0_covers\/TimeOfGypsies_en.jpg\">"},{"entity_id":"1167","field_img_cover_value":"<img src=\"\/video\/0_covers\/\">"},{"entity_id":"1168","field_img_cover_value":"<img src=\"\/video\/0_covers\/\">"},{"entity_id":"1169","field_img_cover_value":"<img src=\"\/video\/0_covers\/\">"},{"entity_id":"1170","field_img_cover_value":"<img src=\"\/video\/0_covers\/\">"},{"entity_id":"1171","field_img_cover_value":"<img src=\"\/video\/0_covers\/\">"},{"entity_id":"1172","field_img_cover_value":"<img src=\"\/video\/0_covers\/\">"},{"entity_id":"1173","field_img_cover_value":"<img src=\"\/video\/0_covers\/\">"},{"entity_id":"1174","field_img_cover_value":"<img src=\"\/video\/0_covers\/\">"},{"entity_id":"1175","field_img_cover_value":"<img src=\"\/video\/0_covers\/\">"},{"entity_id":"1176","field_img_cover_value":"<img src=\"\/video\/0_covers\/\">"},{"entity_id":"1177","field_img_cover_value":"<img src=\"\/video\/0_covers\/\">"},{"entity_id":"1178","field_img_cover_value":"<img src=\"\/video\/0_covers\/\">"},{"entity_id":"1179","field_img_cover_value":"<img src=\"\/video\/0_covers\/\">"},{"entity_id":"1180","field_img_cover_value":"<img src=\"\/video\/0_covers\/\">"},{"entity_id":"1181","field_img_cover_value":"<img src=\"\/video\/0_covers\/\">"},{"entity_id":"1182","field_img_cover_value":"<img src=\"\/video\/0_covers\/\">"},{"entity_id":"1183","field_img_cover_value":"<img src=\"\/video\/0_covers\/\">"},{"entity_id":"1184","field_img_cover_value":"<img src=\"\/video\/0_covers\/\">"},{"entity_id":"1185","field_img_cover_value":"<img src=\"\/video\/0_covers\/\">"},{"entity_id":"1186","field_img_cover_value":"<img src=\"\/video\/0_covers\/\">"},{"entity_id":"1187","field_img_cover_value":"<img src=\"\/video\/0_covers\/\">"},{"entity_id":"1188","field_img_cover_value":"<img src=\"\/video\/0_covers\/\">"},{"entity_id":"1189","field_img_cover_value":"<img src=\"\/video\/0_covers\/\">"},{"entity_id":"1190","field_img_cover_value":"<img src=\"\/video\/0_covers\/\">"},{"entity_id":"1191","field_img_cover_value":"<img src=\"\/video\/0_covers\/\">"},{"entity_id":"1192","field_img_cover_value":"<img src=\"\/video\/0_covers\/\">"},{"entity_id":"1193","field_img_cover_value":"<img src=\"\/video\/0_covers\/\">"},{"entity_id":"1194","field_img_cover_value":"<img src=\"\/video\/0_covers\/\">"},{"entity_id":"1195","field_img_cover_value":"<img src=\"\/video\/0_covers\/\">"},{"entity_id":"1196","field_img_cover_value":"<img src=\"\/video\/0_covers\/\">"},{"entity_id":"1197","field_img_cover_value":"<img src=\"\/video\/0_covers\/\">"},{"entity_id":"1198","field_img_cover_value":"<img src=\"\/video\/0_covers\/\">"},{"entity_id":"1199","field_img_cover_value":"<img src=\"\/video\/0_covers\/\">"},{"entity_id":"1200","field_img_cover_value":"<img src=\"\/video\/0_covers\/\">"},{"entity_id":"1202","field_img_cover_value":"<img src=\"\/video\/0_covers\/\">"},{"entity_id":"1203","field_img_cover_value":"<img src=\"\/video\/0_covers\/\">"},{"entity_id":"1205","field_img_cover_value":"<img src=\"\/video\/0_covers\/\">"},{"entity_id":"1206","field_img_cover_value":"<img src=\"\/video\/0_covers\/\">"},{"entity_id":"1207","field_img_cover_value":"<img src=\"\/video\/0_covers\/\">"},{"entity_id":"1208","field_img_cover_value":"<img src=\"\/video\/0_covers\/\">"},{"entity_id":"1209","field_img_cover_value":"<img src=\"\/video\/0_covers\/\">"},{"entity_id":"1210","field_img_cover_value":"<img src=\"\/video\/0_covers\/\">"},{"entity_id":"1211","field_img_cover_value":"<img src=\"\/video\/0_covers\/\">"},{"entity_id":"1212","field_img_cover_value":"<img src=\"\/video\/0_covers\/e5d17e36631bf723b2c6a25f965fba6b.jpg\">"},{"entity_id":"1213","field_img_cover_value":"<img src=\"\/video\/0_covers\/cover_munhgauzen.jpg\">"},{"entity_id":"1214","field_img_cover_value":"<img src=\"\/video\/0_covers\/\">"},{"entity_id":"1216","field_img_cover_value":"<img src=\"\/video\/0_covers\/\">"},{"entity_id":"1114","field_img_cover_value":"<img src=\"\/video\/0_covers\/\">"},{"entity_id":"1129","field_img_cover_value":"<img src=\"\/video\/0_covers\/\">"},{"entity_id":"1217","field_img_cover_value":"<img src=\"\/video\/0_covers\/\">"},{"entity_id":"1101","field_img_cover_value":"<img src=\"\/video\/0_covers\/war_of_the_arrows.png\">"},{"entity_id":"7","field_img_cover_value":"<img src=\"\/video\/0_covers\/Sin_nombre.jpg\">"},{"entity_id":"1115","field_img_cover_value":"<img src=\"\/video\/0_covers\/\">"},{"entity_id":"1228","field_img_cover_value":"<img src=\"\/video\/0_covers\/\">"},{"entity_id":"962","field_img_cover_value":"<img src=\"\/video\/0_covers\/Faust.png\">"},{"entity_id":"733","field_img_cover_value":"<img src=\"\/video\/0_covers\/\">"},{"entity_id":"1095","field_img_cover_value":"<img src=\"\/video\/0_covers\/delicatessen.jpg\">"},{"entity_id":"1099","field_img_cover_value":"<img src=\"\/video\/0_covers\/Bushi no ichibun.png\">"},{"entity_id":"1230","field_img_cover_value":"<img src=\"\/video\/0_covers\/\">"},{"entity_id":"1226","field_img_cover_value":"<img src=\"\/video\/0_covers\/\">"},{"entity_id":"1107","field_img_cover_value":"<img src=\"\/video\/0_covers\/\">"},{"entity_id":"1158","field_img_cover_value":"<img src=\"\/video\/0_covers\/\">"},{"entity_id":"1215","field_img_cover_value":"<img src=\"\/video\/0_covers\/oblivion.jpg\">"},{"entity_id":"1204","field_img_cover_value":"<img src=\"\/video\/0_covers\/\">"},{"entity_id":"773","field_img_cover_value":"<img src=\"\/video\/0_covers\/formula51.png\">"},{"entity_id":"1229","field_img_cover_value":"<img src=\"\/video\/0_covers\/\">"},{"entity_id":"1096","field_img_cover_value":"<img src=\"\/video\/0_covers\/88477174.jpg\">"},{"entity_id":"1231","field_img_cover_value":"<img src=\"\/video\/0_covers\/0c3427d468d852babac589f19271153f.png\">"},{"entity_id":"1232","field_img_cover_value":"<img src=\"\/video\/0_covers\/97de64b0b867213a84a15991ba9e7cbf.png\">"},{"entity_id":"1233","field_img_cover_value":"<img src=\"\/video\/0_covers\/\">"},{"entity_id":"1234","field_img_cover_value":"<img src=\"\/video\/0_covers\/\">"},{"entity_id":"1201","field_img_cover_value":"<img src=\"\/video\/0_covers\/\">"},{"entity_id":"1235","field_img_cover_value":"<img src=\"\/video\/0_covers\/zerkalo.jpg\">"},{"entity_id":"1236","field_img_cover_value":"<img src=\"\/video\/0_covers\/20090517000236!TBPoster.jpg\">"},{"entity_id":"1237","field_img_cover_value":"<img src=\"\/video\/0_covers\/edge-of-tomorrow.jpg\">"},{"entity_id":"1238","field_img_cover_value":"<img src=\"\/video\/0_covers\/3ab8d11127bdafad0d18f2de713e7205.png\">"},{"entity_id":"890","field_img_cover_value":"Gorgol2.jpg"},{"entity_id":"1239","field_img_cover_value":"<img src=\"\/video\/0_covers\/d9cac5f974374211c68d15f81b6ac89f.jpg\">"},{"entity_id":"1240","field_img_cover_value":"<img src=\"\/video\/0_covers\/d9e04a614d483237c0671110e3dec8af.jpg\">"},{"entity_id":"1241","field_img_cover_value":"<img src=\"\/video\/0_covers\/45211a165bd7bc61246974c29f542b5d.png\">"},{"entity_id":"1242","field_img_cover_value":"<img src=\"\/video\/0_covers\/840754.jpg\">"},{"entity_id":"1244","field_img_cover_value":"<img src=\"\/video\/0_covers\/2220044132e3a998a068ddc378641198.jpg\">"},{"entity_id":"1225","field_img_cover_value":"<img src=\"\/video\/0_covers\/\">"},{"entity_id":"848","field_img_cover_value":"<img src=\"\/video\/0_covers\/Irma la Douce.jpg\">"}]}