{"field_data_field_subfolder":[{"entity_id":"4","field_subfolder_value":"video\/films\/M"},{"entity_id":"6","field_subfolder_value":"video\/films\/G\/Gilliam\/Brazil"},{"entity_id":"8","field_subfolder_value":"video\/films\/P\/Popularmusik_fran_Vittula"},{"entity_id":"9","field_subfolder_value":"video\/films\/K\/Aki_Kaurismaki\/\u0414\u0435\u0432\u0443\u0448\u043a\u0430 \u0441\u043e \u0441\u043f\u0438\u0447\u0435\u0447\u043d\u043e\u0439 \u0444\u0430\u0431\u0440\u0438\u043a\u0438"},{"entity_id":"10","field_subfolder_value":"video\/films\/K\/Aki_Kaurismaki\/Vdal_Uplyvajut_Oblaka"},{"entity_id":"11","field_subfolder_value":"video\/films\/K\/Aki_Kaurismaki\/\u0411\u0435\u0440\u0435\u0433\u0438 \u0441\u0432\u043e\u044e \u043a\u043e\u0441\u044b\u043d\u043a\u0443, \u0422\u0430\u0442\u044c\u044f\u043d\u0430"},{"entity_id":"13","field_subfolder_value":"video\/films\/D\/Dzhek.vosmerkin.amerikanec_[tfile.ru]"},{"entity_id":"154","field_subfolder_value":"video\/films\/K\/."},{"entity_id":"155","field_subfolder_value":"video\/films\/H\/."},{"entity_id":"156","field_subfolder_value":"video\/films\/T\/tainy_dvorcovih_perevorotov\/."},{"entity_id":"157","field_subfolder_value":"video\/films\/C\/."},{"entity_id":"158","field_subfolder_value":"video\/films\/G\/Guy Ritchie\/."},{"entity_id":"159","field_subfolder_value":"video\/films\/G\/Guy Ritchie\/."},{"entity_id":"160","field_subfolder_value":"video\/films\/E\/Elizabeth I\/."},{"entity_id":"161","field_subfolder_value":"video\/films\/F\/Friedliche Zeiten\/."},{"entity_id":"162","field_subfolder_value":"video\/films\/0_documental\/biography\/."},{"entity_id":"163","field_subfolder_value":"video\/films\/0_documental\/."},{"entity_id":"164","field_subfolder_value":"video\/films\/E\/El_perro_del_hortelano\/."},{"entity_id":"165","field_subfolder_value":"video\/video_opera\/parts\/Handel_Julius_Caesar_1984\/."},{"entity_id":"166","field_subfolder_value":"video\/video_opera\/full\/Mozart_Don_Giovanni_2001_Zurich_Flimm\/don giovanni 1"},{"entity_id":"167","field_subfolder_value":"video\/video_opera\/full\/."},{"entity_id":"168","field_subfolder_value":"video\/video_opera\/full\/Rossini-Il.barbiere.di.Siviglia.1989.DVDRip\/."},{"entity_id":"169","field_subfolder_value":"video\/video_opera\/parts\/Mozart_Figaro_Nozze_Paris\/."},{"entity_id":"170","field_subfolder_value":"video\/films\/I\/."},{"entity_id":"171","field_subfolder_value":"video\/films\/P\/Pasolini\/."},{"entity_id":"172","field_subfolder_value":"video\/films\/T\/Trudno bit bogom\/."},{"entity_id":"173","field_subfolder_value":"video\/films\/A\/."},{"entity_id":"174","field_subfolder_value":"video\/films\/F\/."},{"entity_id":"175","field_subfolder_value":"video\/films\/H\/Der_Hauptmann_von_Kepenick\/."},{"entity_id":"176","field_subfolder_value":"video\/films\/Z\/\u0417\u0432\u0435\u0437\u0434\u044b \u0440\u0443\u0441\u0441\u043a\u043e\u0433\u043e \u0430\u0432\u0430\u043d\u0433\u0430\u0440\u0434\u0430\/."},{"entity_id":"177","field_subfolder_value":"video\/films\/E\/."},{"entity_id":"178","field_subfolder_value":"video\/films\/D\/."},{"entity_id":"179","field_subfolder_value":"video\/films\/C\/Clockwork Orange_1.46\/."},{"entity_id":"180","field_subfolder_value":"video\/films\/I\/."},{"entity_id":"181","field_subfolder_value":"video\/films\/C\/Cabare.1972\/."},{"entity_id":"182","field_subfolder_value":"video\/films\/O\/."},{"entity_id":"183","field_subfolder_value":"video\/films\/O\/."},{"entity_id":"184","field_subfolder_value":"video\/films\/M\/Metropolis\/."},{"entity_id":"185","field_subfolder_value":"video\/films\/A\/."},{"entity_id":"186","field_subfolder_value":"video\/films\/D\/DieFeuerzahngenbowle\/."},{"entity_id":"187","field_subfolder_value":"video\/films\/G\/The Great World Masterpieces\/."},{"entity_id":"188","field_subfolder_value":"video\/films\/T\/."},{"entity_id":"189","field_subfolder_value":"video\/films\/R\/russian_horror_stories\/."},{"entity_id":"190","field_subfolder_value":"video\/films\/W\/."},{"entity_id":"191","field_subfolder_value":"video\/films\/D\/."},{"entity_id":"192","field_subfolder_value":"video\/films\/A\/."},{"entity_id":"193","field_subfolder_value":"video\/films\/B\/."},{"entity_id":"194","field_subfolder_value":"video\/films\/V\/."},{"entity_id":"195","field_subfolder_value":"video\/films\/T\/telephonnaya_budka_[torrents.ru]\/."},{"entity_id":"196","field_subfolder_value":"video\/films\/D\/."},{"entity_id":"197","field_subfolder_value":"video\/films\/E\/esenin\/."},{"entity_id":"198","field_subfolder_value":"video\/films\/01\/."},{"entity_id":"199","field_subfolder_value":"video\/films\/H\/."},{"entity_id":"200","field_subfolder_value":"video\/films\/A\/."},{"entity_id":"201","field_subfolder_value":"video\/films\/."},{"entity_id":"202","field_subfolder_value":"video\/films\/T\/."},{"entity_id":"203","field_subfolder_value":"video\/films\/S\/Submarino\/."},{"entity_id":"204","field_subfolder_value":"video\/films\/J\/Jaime\/."},{"entity_id":"205","field_subfolder_value":"video\/films\/01\/13.rosas.las.(2007)\/."},{"entity_id":"206","field_subfolder_value":"video\/films\/L\/."},{"entity_id":"207","field_subfolder_value":"video\/films\/A\/."},{"entity_id":"208","field_subfolder_value":"video\/films\/R\/."},{"entity_id":"209","field_subfolder_value":"video\/films\/P\/."},{"entity_id":"210","field_subfolder_value":"video\/films\/B\/."},{"entity_id":"211","field_subfolder_value":"video\/films\/B\/."},{"entity_id":"212","field_subfolder_value":"video\/films\/G\/."},{"entity_id":"213","field_subfolder_value":"video\/films\/S\/."},{"entity_id":"214","field_subfolder_value":"video\/films\/L"},{"entity_id":"215","field_subfolder_value":"video\/films\/A"},{"entity_id":"216","field_subfolder_value":"video\/films\/R"},{"entity_id":"217","field_subfolder_value":"video\/films\/P\/1988 - Point de fuite"},{"entity_id":"218","field_subfolder_value":"video\/films\/G"},{"entity_id":"219","field_subfolder_value":"video\/films\/M\/Most people live in China"},{"entity_id":"220","field_subfolder_value":"video\/films\/G\/Leonid_Gayday"},{"entity_id":"221","field_subfolder_value":"video\/films\/G\/Leonid_Gayday"},{"entity_id":"222","field_subfolder_value":"video\/films\/G\/Leonid_Gayday"},{"entity_id":"223","field_subfolder_value":"video\/films\/F\/fight_club"},{"entity_id":"224","field_subfolder_value":"video\/films\/B"},{"entity_id":"225","field_subfolder_value":"video\/films\/0_convert_films"},{"entity_id":"226","field_subfolder_value":"video\/films\/0_convert_films"},{"entity_id":"227","field_subfolder_value":"video\/films\/A"},{"entity_id":"228","field_subfolder_value":"video\/films\/A\/Les.Aventuriers_DUB_1.45"},{"entity_id":"229","field_subfolder_value":"video\/films\/."},{"entity_id":"230","field_subfolder_value":"video\/films\/0_comedy"},{"entity_id":"231","field_subfolder_value":"video\/films\/."},{"entity_id":"232","field_subfolder_value":"video\/films\/0_comedy"},{"entity_id":"233","field_subfolder_value":"video\/films\/0_comedy"},{"entity_id":"234","field_subfolder_value":"video\/films\/."},{"entity_id":"235","field_subfolder_value":"video\/films\/0_comedy\/kin-dza-dza"},{"entity_id":"236","field_subfolder_value":"video\/films\/."},{"entity_id":"237","field_subfolder_value":"video\/films\/."},{"entity_id":"238","field_subfolder_value":"video\/films\/."},{"entity_id":"239","field_subfolder_value":"video\/films\/."},{"entity_id":"240","field_subfolder_value":"video\/films\/."},{"entity_id":"241","field_subfolder_value":"video\/films\/."},{"entity_id":"242","field_subfolder_value":"video\/films\/."},{"entity_id":"243","field_subfolder_value":"video\/films\/mult"},{"entity_id":"244","field_subfolder_value":"video\/films\/."},{"entity_id":"245","field_subfolder_value":"video\/films\/."},{"entity_id":"246","field_subfolder_value":"video\/films\/\nClark.Larry"},{"entity_id":"247","field_subfolder_value":"video\/films\/\nClark.Larry"},{"entity_id":"248","field_subfolder_value":"video\/films\/."},{"entity_id":"249","field_subfolder_value":"video\/films\/."},{"entity_id":"250","field_subfolder_value":"video\/films\/\nQatsi_(trilogy_Godfrey_ Reggio)\/Koyaanisqatsi.DvdRip.DivX.avi\nQatsi_(trilogy_Godfrey_ Reggio)\/Naqoyqatsi.DvdRip.Xvid.avi\nQatsi_(trilogy_Godfrey_ Reggio)"},{"entity_id":"251","field_subfolder_value":"video\/films\/."},{"entity_id":"252","field_subfolder_value":"video\/films\/."},{"entity_id":"253","field_subfolder_value":"video\/films\/\nBattelfield - Manchuria. The Forgotten Victory\/1.avi\nBattelfield - Manchuria. The Forgotten Victory"},{"entity_id":"254","field_subfolder_value":"video\/films\/."},{"entity_id":"255","field_subfolder_value":"video\/films\/\nrussia_the_missing_years\/3istoria[by_ALEXX].avi\nrussia_the_missing_years"},{"entity_id":"256","field_subfolder_value":"video\/films\/."},{"entity_id":"257","field_subfolder_value":"video\/films\/."},{"entity_id":"258","field_subfolder_value":"video\/films\/."},{"entity_id":"259","field_subfolder_value":"video\/films\/."},{"entity_id":"260","field_subfolder_value":"video\/films\/."},{"entity_id":"261","field_subfolder_value":"video"},{"entity_id":"262","field_subfolder_value":"video\/video_opera\/full\/Mozart_Don_Giovanni_2001_Zurich_Flimm\/don giovanni 1"},{"entity_id":"263","field_subfolder_value":"video\/films\/Z\/\u0417\u0432\u0435\u0437\u0434\u044b \u0440\u0443\u0441\u0441\u043a\u043e\u0433\u043e \u0430\u0432\u0430\u043d\u0433\u0430\u0440\u0434\u0430\/."},{"entity_id":"264","field_subfolder_value":"video\/films\/O\/."},{"entity_id":"265","field_subfolder_value":"video\/films\/V\/."},{"entity_id":"266","field_subfolder_value":"video\/films\/L"},{"entity_id":"267","field_subfolder_value":"video\/films\/A"},{"entity_id":"268","field_subfolder_value":"video\/films\/R"},{"entity_id":"269","field_subfolder_value":"video\/films\/P\/1988 - Point de fuite"},{"entity_id":"270","field_subfolder_value":"video\/films\/G"},{"entity_id":"271","field_subfolder_value":"video\/films\/M\/Most people live in China"},{"entity_id":"272","field_subfolder_value":"video\/films\/G\/Leonid_Gayday"},{"entity_id":"273","field_subfolder_value":"video\/films\/G\/Leonid_Gayday"},{"entity_id":"274","field_subfolder_value":"video\/films\/G\/Leonid_Gayday"},{"entity_id":"275","field_subfolder_value":"video\/films\/F\/fight_club"},{"entity_id":"276","field_subfolder_value":"video\/films\/B"},{"entity_id":"277","field_subfolder_value":"video\/films\/0_convert_films"},{"entity_id":"278","field_subfolder_value":"video\/films\/0_convert_films"},{"entity_id":"279","field_subfolder_value":"video\/films\/A"},{"entity_id":"280","field_subfolder_value":"video\/films\/A\/Les.Aventuriers_DUB_1.45"},{"entity_id":"281","field_subfolder_value":"video\/films\/0_comedy"},{"entity_id":"282","field_subfolder_value":"video\/films\/0_comedy"},{"entity_id":"283","field_subfolder_value":"video\/films\/0_comedy"},{"entity_id":"284","field_subfolder_value":"video\/films\/0_comedy\/kin-dza-dza"},{"entity_id":"285","field_subfolder_value":"video\/films\/mult"},{"entity_id":"286","field_subfolder_value":"video\/films\/\nClark.Larry"},{"entity_id":"287","field_subfolder_value":"video\/films\/\nClark.Larry"},{"entity_id":"288","field_subfolder_value":"video\/films\/\nQatsi_(trilogy_Godfrey_ Reggio)\/Koyaanisqatsi.DvdRip.DivX.avi\nQatsi_(trilogy_Godfrey_ Reggio)\/Naqoyqatsi.DvdRip.Xvid.avi\nQatsi_(trilogy_Godfrey_ Reggio)"},{"entity_id":"289","field_subfolder_value":"video\/films\/\nBattelfield - Manchuria. The Forgotten Victory\/1.avi\nBattelfield - Manchuria. The Forgotten Victory"},{"entity_id":"290","field_subfolder_value":"video\/films\/\nrussia_the_missing_years\/3istoria[by_ALEXX].avi\nrussia_the_missing_years"},{"entity_id":"292","field_subfolder_value":"video\/video_opera\/full\/Mozart_Don_Giovanni_2001_Zurich_Flimm\/don giovanni 1"},{"entity_id":"293","field_subfolder_value":"video\/films\/Z\/\u0417\u0432\u0435\u0437\u0434\u044b \u0440\u0443\u0441\u0441\u043a\u043e\u0433\u043e \u0430\u0432\u0430\u043d\u0433\u0430\u0440\u0434\u0430\/."},{"entity_id":"294","field_subfolder_value":"video\/films\/O\/."},{"entity_id":"295","field_subfolder_value":"video\/films\/V\/."},{"entity_id":"296","field_subfolder_value":"video\/films\/P\/."},{"entity_id":"297","field_subfolder_value":"video\/films\/L"},{"entity_id":"298","field_subfolder_value":"video\/films\/A"},{"entity_id":"299","field_subfolder_value":"video\/films\/R"},{"entity_id":"300","field_subfolder_value":"video\/films\/P\/1988 - Point de fuite"},{"entity_id":"301","field_subfolder_value":"video\/films\/G"},{"entity_id":"302","field_subfolder_value":"video\/films\/M\/Most people live in China"},{"entity_id":"303","field_subfolder_value":"video\/films\/G\/Leonid_Gayday"},{"entity_id":"304","field_subfolder_value":"video\/films\/G\/Leonid_Gayday"},{"entity_id":"305","field_subfolder_value":"video\/films\/G\/Leonid_Gayday"},{"entity_id":"306","field_subfolder_value":"video\/films\/F\/fight_club"},{"entity_id":"307","field_subfolder_value":"video\/films\/B"},{"entity_id":"308","field_subfolder_value":"video\/films\/0_convert_films"},{"entity_id":"309","field_subfolder_value":"video\/films\/0_convert_films"},{"entity_id":"310","field_subfolder_value":"video\/films\/A"},{"entity_id":"311","field_subfolder_value":"video\/films\/A\/Les.Aventuriers_DUB_1.45"},{"entity_id":"312","field_subfolder_value":"video\/films\/0_comedy"},{"entity_id":"313","field_subfolder_value":"video\/films\/0_comedy"},{"entity_id":"314","field_subfolder_value":"video\/films\/0_comedy"},{"entity_id":"315","field_subfolder_value":"video\/films\/0_comedy\/kin-dza-dza"},{"entity_id":"316","field_subfolder_value":"video\/films\/."},{"entity_id":"317","field_subfolder_value":"video\/films\/mult"},{"entity_id":"318","field_subfolder_value":"video\/films\/\nClark.Larry"},{"entity_id":"319","field_subfolder_value":"video\/films\/\nClark.Larry"},{"entity_id":"320","field_subfolder_value":"video\/films\/\nQatsi_(trilogy_Godfrey_ Reggio)"},{"entity_id":"321","field_subfolder_value":"video\/films\/."},{"entity_id":"322","field_subfolder_value":"video\/films\/\nBattelfield - Manchuria. The Forgotten Victory"},{"entity_id":"323","field_subfolder_value":"video\/films\/\nrussia_the_missing_years"},{"entity_id":"324","field_subfolder_value":"video\/films\/."},{"entity_id":"325","field_subfolder_value":"video\/films\/."},{"entity_id":"326","field_subfolder_value":"video\/films\/."},{"entity_id":"327","field_subfolder_value":"video\/films\/."},{"entity_id":"328","field_subfolder_value":"video\/films\/."},{"entity_id":"329","field_subfolder_value":"video\/films\/."},{"entity_id":"330","field_subfolder_value":"video\/films\/."},{"entity_id":"331","field_subfolder_value":"video\/films\/\nborn_in_ussr\/14.avi\nborn_in_ussr\/21_1.avi\nborn_in_ussr"},{"entity_id":"332","field_subfolder_value":"video\/films\/."},{"entity_id":"333","field_subfolder_value":"video\/films\/."},{"entity_id":"334","field_subfolder_value":"video\/films\/."},{"entity_id":"335","field_subfolder_value":"video\/films\/."},{"entity_id":"336","field_subfolder_value":"video\/films\/."},{"entity_id":"337","field_subfolder_value":"video\/films\/."},{"entity_id":"338","field_subfolder_value":"video\/films\/."},{"entity_id":"339","field_subfolder_value":"video\/films\/."},{"entity_id":"340","field_subfolder_value":"video\/films\/."},{"entity_id":"341","field_subfolder_value":"video\/films\/."},{"entity_id":"342","field_subfolder_value":"video\/films\/."},{"entity_id":"343","field_subfolder_value":"video\/films\/."},{"entity_id":"344","field_subfolder_value":"video\/films\/."},{"entity_id":"345","field_subfolder_value":"video\/films\/."},{"entity_id":"346","field_subfolder_value":"video\/films\/."},{"entity_id":"347","field_subfolder_value":"video\/films\/."},{"entity_id":"348","field_subfolder_value":"video\/films\/."},{"entity_id":"349","field_subfolder_value":"video\/films\/."},{"entity_id":"350","field_subfolder_value":"video\/films\/."},{"entity_id":"351","field_subfolder_value":"video\/films\/."},{"entity_id":"352","field_subfolder_value":"video\/films\/."},{"entity_id":"353","field_subfolder_value":"video\/films\/."},{"entity_id":"354","field_subfolder_value":"video\/films\/."},{"entity_id":"355","field_subfolder_value":"video\/films\/."},{"entity_id":"356","field_subfolder_value":"video\/films\/."},{"entity_id":"357","field_subfolder_value":"video\/films\/."},{"entity_id":"358","field_subfolder_value":"video\/films\/Leonid_Gayday"},{"entity_id":"359","field_subfolder_value":"video\/films\/."},{"entity_id":"360","field_subfolder_value":"video\/films\/."},{"entity_id":"361","field_subfolder_value":"video\/films\/."},{"entity_id":"362","field_subfolder_value":"video\/films\/."},{"entity_id":"363","field_subfolder_value":"video\/films\/."},{"entity_id":"364","field_subfolder_value":"video\/films\/."},{"entity_id":"365","field_subfolder_value":"video\/films\/."},{"entity_id":"366","field_subfolder_value":"video\/films\/."},{"entity_id":"367","field_subfolder_value":"video\/films\/."},{"entity_id":"368","field_subfolder_value":"video\/films\/."},{"entity_id":"369","field_subfolder_value":"video\/films\/."},{"entity_id":"370","field_subfolder_value":"video\/films\/."},{"entity_id":"371","field_subfolder_value":"video\/films\/."},{"entity_id":"372","field_subfolder_value":"video\/films\/."},{"entity_id":"373","field_subfolder_value":"video\/films\/."},{"entity_id":"374","field_subfolder_value":"video\/films\/."},{"entity_id":"375","field_subfolder_value":"video\/films\/."},{"entity_id":"376","field_subfolder_value":"video\/films\/."},{"entity_id":"377","field_subfolder_value":"video\/films\/."},{"entity_id":"378","field_subfolder_value":"video\/films\/."},{"entity_id":"379","field_subfolder_value":"video\/films\/."},{"entity_id":"380","field_subfolder_value":"video\/films\/mult"},{"entity_id":"382","field_subfolder_value":"video\/films\/."},{"entity_id":"383","field_subfolder_value":"video\/films\/."},{"entity_id":"384","field_subfolder_value":"video\/films\/."},{"entity_id":"385","field_subfolder_value":"video\/films\/."},{"entity_id":"386","field_subfolder_value":"video\/films\/."},{"entity_id":"387","field_subfolder_value":"video\/films\/."},{"entity_id":"388","field_subfolder_value":"video\/films\/."},{"entity_id":"389","field_subfolder_value":"video\/films\/."},{"entity_id":"390","field_subfolder_value":"video\/films\/."},{"entity_id":"391","field_subfolder_value":"video\/films\/."},{"entity_id":"392","field_subfolder_value":"video\/films\/."},{"entity_id":"393","field_subfolder_value":"video\/films\/."},{"entity_id":"394","field_subfolder_value":"video\/films\/."},{"entity_id":"395","field_subfolder_value":"video\/films\/."},{"entity_id":"396","field_subfolder_value":"video\/films\/."},{"entity_id":"397","field_subfolder_value":"video\/films\/."},{"entity_id":"398","field_subfolder_value":"video\/films\/."},{"entity_id":"399","field_subfolder_value":"video\/films\/."},{"entity_id":"400","field_subfolder_value":"video\/films\/."},{"entity_id":"401","field_subfolder_value":"video\/films\/."},{"entity_id":"402","field_subfolder_value":"video\/films\/."},{"entity_id":"403","field_subfolder_value":"video\/films\/R\/."},{"entity_id":"404","field_subfolder_value":"video\/films\/."},{"entity_id":"405","field_subfolder_value":"video\/films\/."},{"entity_id":"406","field_subfolder_value":"video\/films\/."},{"entity_id":"407","field_subfolder_value":"video\/films\/."},{"entity_id":"408","field_subfolder_value":"video\/films\/."},{"entity_id":"409","field_subfolder_value":"video\/films\/."},{"entity_id":"410","field_subfolder_value":"video\/films\/."},{"entity_id":"411","field_subfolder_value":"video\/films\/."},{"entity_id":"412","field_subfolder_value":"video\/films\/."},{"entity_id":"413","field_subfolder_value":"video\/films\/."},{"entity_id":"414","field_subfolder_value":"video\/films\/."},{"entity_id":"415","field_subfolder_value":"video\/films\/."},{"entity_id":"416","field_subfolder_value":"video\/films\/."},{"entity_id":"417","field_subfolder_value":"video\/films\/."},{"entity_id":"418","field_subfolder_value":"video\/films\/."},{"entity_id":"419","field_subfolder_value":"video\/films\/."},{"entity_id":"420","field_subfolder_value":"video\/films\/0_comedy"},{"entity_id":"421","field_subfolder_value":"video\/films\/."},{"entity_id":"422","field_subfolder_value":"video\/films\/."},{"entity_id":"423","field_subfolder_value":"video\/films\/."},{"entity_id":"424","field_subfolder_value":"video\/films\/."},{"entity_id":"425","field_subfolder_value":"video\/films\/."},{"entity_id":"426","field_subfolder_value":"video\/films\/."},{"entity_id":"427","field_subfolder_value":"video\/films\/."},{"entity_id":"428","field_subfolder_value":"video\/films\/."},{"entity_id":"429","field_subfolder_value":"video\/films\/."},{"entity_id":"430","field_subfolder_value":"video\/films\/."},{"entity_id":"431","field_subfolder_value":"video\/films\/."},{"entity_id":"432","field_subfolder_value":"video\/films\/."},{"entity_id":"433","field_subfolder_value":"video\/films\/."},{"entity_id":"434","field_subfolder_value":"video\/films\/."},{"entity_id":"435","field_subfolder_value":"video\/films\/."},{"entity_id":"436","field_subfolder_value":"video\/films\/\nairplane_ii_the_sequel.avi\n0_comedy"},{"entity_id":"437","field_subfolder_value":"video\/films\/0_comedy"},{"entity_id":"438","field_subfolder_value":"video\/films\/."},{"entity_id":"439","field_subfolder_value":"video\/films\/."},{"entity_id":"440","field_subfolder_value":"video\/films\/."},{"entity_id":"441","field_subfolder_value":"video\/films\/http:\/\/mycomp\/video2\/0_comedy"},{"entity_id":"442","field_subfolder_value":"video\/films\/."},{"entity_id":"443","field_subfolder_value":"video\/films\/0_comedy"},{"entity_id":"444","field_subfolder_value":"video\/films\/."},{"entity_id":"445","field_subfolder_value":"video\/films\/http:\/\/mycomp\/video2\/0_comedy"},{"entity_id":"446","field_subfolder_value":"video\/films\/S"},{"entity_id":"447","field_subfolder_value":"video\/films\/."},{"entity_id":"448","field_subfolder_value":"video\/films\/."},{"entity_id":"449","field_subfolder_value":"video\/films\/."},{"entity_id":"450","field_subfolder_value":"video\/films\/0_comedy"},{"entity_id":"451","field_subfolder_value":"video\/films\/."},{"entity_id":"452","field_subfolder_value":"video\/films\/."},{"entity_id":"453","field_subfolder_value":"video\/films\/."},{"entity_id":"454","field_subfolder_value":"video\/films\/."},{"entity_id":"455","field_subfolder_value":"video\/films\/."},{"entity_id":"456","field_subfolder_value":"video\/films\/0_documental"},{"entity_id":"457","field_subfolder_value":"video"},{"entity_id":"458","field_subfolder_value":"video\/video_opera\/full\/Mozart_Don_Giovanni_2001_Zurich_Flimm\/don giovanni 1"},{"entity_id":"459","field_subfolder_value":"video\/films\/Z\/\u0417\u0432\u0435\u0437\u0434\u044b \u0440\u0443\u0441\u0441\u043a\u043e\u0433\u043e \u0430\u0432\u0430\u043d\u0433\u0430\u0440\u0434\u0430\/."},{"entity_id":"460","field_subfolder_value":"video\/films\/O\/."},{"entity_id":"461","field_subfolder_value":"video\/films\/V\/."},{"entity_id":"462","field_subfolder_value":"video\/films\/L"},{"entity_id":"463","field_subfolder_value":"video\/films\/A"},{"entity_id":"464","field_subfolder_value":"video\/films\/R"},{"entity_id":"465","field_subfolder_value":"video\/films\/P\/1988 - Point de fuite"},{"entity_id":"466","field_subfolder_value":"video\/films\/G"},{"entity_id":"467","field_subfolder_value":"video\/films\/M\/Most people live in China"},{"entity_id":"468","field_subfolder_value":"video\/films\/G\/Leonid_Gayday"},{"entity_id":"469","field_subfolder_value":"video\/films\/G\/Leonid_Gayday"},{"entity_id":"470","field_subfolder_value":"video\/films\/G\/Leonid_Gayday"},{"entity_id":"471","field_subfolder_value":"video\/films\/F\/fight_club"},{"entity_id":"472","field_subfolder_value":"video\/films\/B"},{"entity_id":"473","field_subfolder_value":"video\/films\/0_convert_films"},{"entity_id":"474","field_subfolder_value":"video\/films\/0_convert_films"},{"entity_id":"475","field_subfolder_value":"video\/films\/A"},{"entity_id":"476","field_subfolder_value":"video\/films\/A\/Les.Aventuriers_DUB_1.45"},{"entity_id":"477","field_subfolder_value":"video\/films\/0_comedy"},{"entity_id":"478","field_subfolder_value":"video\/films\/0_comedy"},{"entity_id":"479","field_subfolder_value":"video\/films\/0_comedy"},{"entity_id":"480","field_subfolder_value":"video\/films\/0_comedy\/kin-dza-dza"},{"entity_id":"481","field_subfolder_value":"video\/films\/mult"},{"entity_id":"482","field_subfolder_value":"video\/films\/\nClark.Larry"},{"entity_id":"483","field_subfolder_value":"video\/films\/\nClark.Larry"},{"entity_id":"484","field_subfolder_value":"video\/films\/\nQatsi_(trilogy_Godfrey_ Reggio)"},{"entity_id":"485","field_subfolder_value":"video\/films\/\nBattelfield - Manchuria. The Forgotten Victory"},{"entity_id":"486","field_subfolder_value":"video\/films\/\nrussia_the_missing_years"},{"entity_id":"487","field_subfolder_value":"video\/films\/\nborn_in_ussr\/14.avi\nborn_in_ussr\/21_1.avi\nborn_in_ussr"},{"entity_id":"488","field_subfolder_value":"video\/films\/Leonid_Gayday"},{"entity_id":"489","field_subfolder_value":"video\/films\/mult"},{"entity_id":"490","field_subfolder_value":"video\/films\/."},{"entity_id":"491","field_subfolder_value":"video\/films\/0_comedy"},{"entity_id":"492","field_subfolder_value":"video\/films\/\nairplane_ii_the_sequel.avi\n0_comedy"},{"entity_id":"493","field_subfolder_value":"video\/films\/0_comedy"},{"entity_id":"494","field_subfolder_value":"video\/films\/http:\/\/mycomp\/video2\/0_comedy"},{"entity_id":"495","field_subfolder_value":"video\/films\/0_comedy"},{"entity_id":"496","field_subfolder_value":"video\/films\/http:\/\/mycomp\/video2\/0_comedy"},{"entity_id":"497","field_subfolder_value":"video\/films\/S"},{"entity_id":"498","field_subfolder_value":"video\/films\/0_comedy"},{"entity_id":"499","field_subfolder_value":"video\/films\/0_documental"},{"entity_id":"500","field_subfolder_value":"video"},{"entity_id":"501","field_subfolder_value":"video\/video_opera\/full\/Mozart_Don_Giovanni_2001_Zurich_Flimm\/don giovanni 1"},{"entity_id":"502","field_subfolder_value":"video\/films\/Z\/\u0417\u0432\u0435\u0437\u0434\u044b \u0440\u0443\u0441\u0441\u043a\u043e\u0433\u043e \u0430\u0432\u0430\u043d\u0433\u0430\u0440\u0434\u0430\/."},{"entity_id":"503","field_subfolder_value":"video\/films\/O\/."},{"entity_id":"504","field_subfolder_value":"video\/films\/V\/."},{"entity_id":"505","field_subfolder_value":"video\/films\/L"},{"entity_id":"506","field_subfolder_value":"video\/films\/A"},{"entity_id":"507","field_subfolder_value":"video\/films\/R"},{"entity_id":"508","field_subfolder_value":"video\/films\/P\/1988 - Point de fuite"},{"entity_id":"509","field_subfolder_value":"video\/films\/G"},{"entity_id":"510","field_subfolder_value":"video\/films\/M\/Most people live in China"},{"entity_id":"511","field_subfolder_value":"video\/films\/G\/Leonid_Gayday"},{"entity_id":"512","field_subfolder_value":"video\/films\/G\/Leonid_Gayday"},{"entity_id":"513","field_subfolder_value":"video\/films\/G\/Leonid_Gayday"},{"entity_id":"514","field_subfolder_value":"video\/films\/F\/fight_club"},{"entity_id":"515","field_subfolder_value":"video\/films\/B"},{"entity_id":"516","field_subfolder_value":"video\/films\/0_convert_films"},{"entity_id":"517","field_subfolder_value":"video\/films\/0_convert_films"},{"entity_id":"518","field_subfolder_value":"video\/films\/A"},{"entity_id":"519","field_subfolder_value":"video\/films\/A\/Les.Aventuriers_DUB_1.45"},{"entity_id":"520","field_subfolder_value":"video\/films\/0_comedy"},{"entity_id":"521","field_subfolder_value":"video\/films\/0_comedy"},{"entity_id":"522","field_subfolder_value":"video\/films\/0_comedy"},{"entity_id":"523","field_subfolder_value":"video\/films\/0_comedy\/kin-dza-dza"},{"entity_id":"524","field_subfolder_value":"video\/films\/mult"},{"entity_id":"525","field_subfolder_value":"video\/films\/\nClark.Larry"},{"entity_id":"526","field_subfolder_value":"video\/films\/\nClark.Larry"},{"entity_id":"527","field_subfolder_value":"video\/films\/\nQatsi_(trilogy_Godfrey_ Reggio)"},{"entity_id":"528","field_subfolder_value":"video\/films\/\nBattelfield - Manchuria. The Forgotten Victory"},{"entity_id":"529","field_subfolder_value":"video\/films\/\nrussia_the_missing_years"},{"entity_id":"530","field_subfolder_value":"video\/films\/\nborn_in_ussr\/14.avi\nborn_in_ussr\/21_1.avi\nborn_in_ussr"},{"entity_id":"531","field_subfolder_value":"video\/films\/Leonid_Gayday"},{"entity_id":"532","field_subfolder_value":"video\/films\/mult"},{"entity_id":"533","field_subfolder_value":"video\/films\/0_comedy"},{"entity_id":"534","field_subfolder_value":"video\/films\/\nairplane_ii_the_sequel.avi\n0_comedy"},{"entity_id":"535","field_subfolder_value":"video\/films\/0_comedy"},{"entity_id":"536","field_subfolder_value":"video\/films\/http:\/\/mycomp\/video2\/0_comedy"},{"entity_id":"537","field_subfolder_value":"video\/films\/0_comedy"},{"entity_id":"538","field_subfolder_value":"video\/films\/http:\/\/mycomp\/video2\/0_comedy"},{"entity_id":"539","field_subfolder_value":"video\/films\/S"},{"entity_id":"540","field_subfolder_value":"video\/films\/0_comedy"},{"entity_id":"541","field_subfolder_value":"video\/films\/0_documental"},{"entity_id":"542","field_subfolder_value":"video"},{"entity_id":"543","field_subfolder_value":"video\/video_opera\/full\/Mozart_Don_Giovanni_2001_Zurich_Flimm\/don giovanni 1"},{"entity_id":"544","field_subfolder_value":"video\/films\/Z\/\u0417\u0432\u0435\u0437\u0434\u044b \u0440\u0443\u0441\u0441\u043a\u043e\u0433\u043e \u0430\u0432\u0430\u043d\u0433\u0430\u0440\u0434\u0430\/."},{"entity_id":"545","field_subfolder_value":"video\/films\/O\/."},{"entity_id":"546","field_subfolder_value":"video\/films\/V\/."},{"entity_id":"547","field_subfolder_value":"video\/films\/P\/."},{"entity_id":"548","field_subfolder_value":"video\/films\/L"},{"entity_id":"549","field_subfolder_value":"video\/films\/A"},{"entity_id":"550","field_subfolder_value":"video\/films\/R"},{"entity_id":"551","field_subfolder_value":"video\/films\/P\/1988 - Point de fuite"},{"entity_id":"552","field_subfolder_value":"video\/films\/G"},{"entity_id":"553","field_subfolder_value":"video\/films\/M\/Most people live in China"},{"entity_id":"554","field_subfolder_value":"video\/films\/G\/Leonid_Gayday"},{"entity_id":"555","field_subfolder_value":"video\/films\/G\/Leonid_Gayday"},{"entity_id":"556","field_subfolder_value":"video\/films\/G\/Leonid_Gayday"},{"entity_id":"557","field_subfolder_value":"video\/films\/F\/fight_club"},{"entity_id":"558","field_subfolder_value":"video\/films\/B"},{"entity_id":"559","field_subfolder_value":"video\/films\/0_convert_films"},{"entity_id":"560","field_subfolder_value":"video\/films\/0_convert_films"},{"entity_id":"561","field_subfolder_value":"video\/films\/A"},{"entity_id":"562","field_subfolder_value":"video\/films\/A\/Les.Aventuriers_DUB_1.45"},{"entity_id":"563","field_subfolder_value":"video\/films\/0_comedy"},{"entity_id":"564","field_subfolder_value":"video\/films\/0_comedy"},{"entity_id":"565","field_subfolder_value":"video\/films\/0_comedy"},{"entity_id":"566","field_subfolder_value":"video\/films\/0_comedy\/kin-dza-dza"},{"entity_id":"567","field_subfolder_value":"video\/films\/."},{"entity_id":"568","field_subfolder_value":"video\/films\/mult"},{"entity_id":"569","field_subfolder_value":"video\/films\/\nClark.Larry"},{"entity_id":"570","field_subfolder_value":"video\/films\/\nClark.Larry"},{"entity_id":"571","field_subfolder_value":"video\/films\/\nQatsi_(trilogy_Godfrey_ Reggio)"},{"entity_id":"572","field_subfolder_value":"video\/films\/."},{"entity_id":"573","field_subfolder_value":"video\/films\/\nBattelfield - Manchuria. The Forgotten Victory"},{"entity_id":"574","field_subfolder_value":"video\/films\/\nrussia_the_missing_years"},{"entity_id":"575","field_subfolder_value":"video\/films\/."},{"entity_id":"576","field_subfolder_value":"video\/films\/."},{"entity_id":"577","field_subfolder_value":"video\/films\/."},{"entity_id":"578","field_subfolder_value":"video\/films\/\nborn_in_ussr\/14.avi\nborn_in_ussr\/21_1.avi\nborn_in_ussr"},{"entity_id":"579","field_subfolder_value":"video\/films\/."},{"entity_id":"580","field_subfolder_value":"video\/films\/Leonid_Gayday"},{"entity_id":"581","field_subfolder_value":"video\/films\/mult"},{"entity_id":"582","field_subfolder_value":"video\/films\/."},{"entity_id":"583","field_subfolder_value":"video\/films\/."},{"entity_id":"584","field_subfolder_value":"video\/films\/."},{"entity_id":"585","field_subfolder_value":"video\/films\/0_comedy"},{"entity_id":"586","field_subfolder_value":"video\/films\/\nairplane_ii_the_sequel.avi\n0_comedy"},{"entity_id":"587","field_subfolder_value":"video\/films\/0_comedy"},{"entity_id":"588","field_subfolder_value":"video\/films\/http:\/\/mycomp\/video2\/0_comedy"},{"entity_id":"589","field_subfolder_value":"video\/films\/0_comedy"},{"entity_id":"590","field_subfolder_value":"video\/films\/http:\/\/mycomp\/video2\/0_comedy"},{"entity_id":"591","field_subfolder_value":"video\/films\/S"},{"entity_id":"592","field_subfolder_value":"video\/films\/0_comedy"},{"entity_id":"593","field_subfolder_value":"video\/films\/0_documental"},{"entity_id":"594","field_subfolder_value":"video\/films\/."},{"entity_id":"595","field_subfolder_value":"video\/films\/."},{"entity_id":"596","field_subfolder_value":"video\/films\/."},{"entity_id":"597","field_subfolder_value":"video\/films\/."},{"entity_id":"598","field_subfolder_value":"video\/films\/."},{"entity_id":"599","field_subfolder_value":"video\/films\/."},{"entity_id":"600","field_subfolder_value":"video\/films\/http:\/\/mycomp\/video2\/Gilliam"},{"entity_id":"601","field_subfolder_value":"video\/films\/Gilliam"},{"entity_id":"602","field_subfolder_value":"video\/films\/."},{"entity_id":"603","field_subfolder_value":"video\/films\/."},{"entity_id":"604","field_subfolder_value":"video\/films\/."},{"entity_id":"605","field_subfolder_value":"video\/films\/."},{"entity_id":"606","field_subfolder_value":"video\/films\/."},{"entity_id":"607","field_subfolder_value":"video\/films\/."},{"entity_id":"608","field_subfolder_value":"video\/films\/."},{"entity_id":"609","field_subfolder_value":"video\/films\/."},{"entity_id":"610","field_subfolder_value":"video\/films\/."},{"entity_id":"611","field_subfolder_value":"video\/films\/."},{"entity_id":"612","field_subfolder_value":"video\/films\/."},{"entity_id":"613","field_subfolder_value":"video\/films\/."},{"entity_id":"614","field_subfolder_value":"video\/films\/."},{"entity_id":"615","field_subfolder_value":"video\/films\/http:\/\/mycomp\/video2\/0_comedy"},{"entity_id":"616","field_subfolder_value":"video\/films\/."},{"entity_id":"617","field_subfolder_value":"video\/films\/."},{"entity_id":"618","field_subfolder_value":"video\/films\/."},{"entity_id":"619","field_subfolder_value":"video\/films\/Jos_Stelling"},{"entity_id":"620","field_subfolder_value":"video\/films\/Mamin,Yuriy"},{"entity_id":"621","field_subfolder_value":"video\/films\/."},{"entity_id":"622","field_subfolder_value":"video\/films\/Mamin,Yuriy"},{"entity_id":"623","field_subfolder_value":"video\/films\/M\/Mamin,Yuriy\/."},{"entity_id":"624","field_subfolder_value":"video\/films\/Mamin,Yuriy"},{"entity_id":"625","field_subfolder_value":"video\/films\/."},{"entity_id":"626","field_subfolder_value":"video\/films\/Roy_Andersson"},{"entity_id":"627","field_subfolder_value":"video\/films\/\/Roy_Andersson"},{"entity_id":"628","field_subfolder_value":"video\/films\/\/Roy_Andersson"},{"entity_id":"629","field_subfolder_value":"video\/films\/."},{"entity_id":"630","field_subfolder_value":"video\/films\/."},{"entity_id":"631","field_subfolder_value":"video\/films\/."},{"entity_id":"632","field_subfolder_value":"video\/films\/."},{"entity_id":"633","field_subfolder_value":"video\/films\/."},{"entity_id":"634","field_subfolder_value":"video\/films\/."},{"entity_id":"635","field_subfolder_value":"video\/films\/."},{"entity_id":"636","field_subfolder_value":"video\/films\/."},{"entity_id":"637","field_subfolder_value":"video\/films\/."},{"entity_id":"638","field_subfolder_value":"video\/films\/."},{"entity_id":"639","field_subfolder_value":"video\/films\/."},{"entity_id":"640","field_subfolder_value":"video\/films\/."},{"entity_id":"641","field_subfolder_value":"video\/films\/."},{"entity_id":"642","field_subfolder_value":"video\/films\/."},{"entity_id":"643","field_subfolder_value":"video\/films\/."},{"entity_id":"644","field_subfolder_value":"video\/films\/."},{"entity_id":"645","field_subfolder_value":"video\/films\/http:\/\/mycomp\/video2\/0_comedy"},{"entity_id":"646","field_subfolder_value":"video\/films\/."},{"entity_id":"647","field_subfolder_value":"video\/films\/."},{"entity_id":"648","field_subfolder_value":"video\/films\/."},{"entity_id":"649","field_subfolder_value":"video\/films\/."},{"entity_id":"650","field_subfolder_value":"video\/films\/."},{"entity_id":"651","field_subfolder_value":"video\/films\/."},{"entity_id":"652","field_subfolder_value":"video\/films\/."},{"entity_id":"653","field_subfolder_value":"video\/films\/."},{"entity_id":"654","field_subfolder_value":"video\/films\/I\/Isaev_serial"},{"entity_id":"655","field_subfolder_value":"video\/films\/."},{"entity_id":"656","field_subfolder_value":"video\/films\/K"},{"entity_id":"657","field_subfolder_value":"video\/films\/H\/."},{"entity_id":"661","field_subfolder_value":"video\/films\/G\/Guy Ritchie"},{"entity_id":"662","field_subfolder_value":"video\/films\/E\/Elizabeth I"},{"entity_id":"663","field_subfolder_value":"video\/films\/F\/Friedliche Zeiten"},{"entity_id":"664","field_subfolder_value":"video\/documental_video\/biography"},{"entity_id":"665","field_subfolder_value":"video\/documental_video"},{"entity_id":"666","field_subfolder_value":"video\/films\/E\/El_perro_del_hortelano"},{"entity_id":"668","field_subfolder_value":"video\/video_opera\/Mozart_Don_Giovanni_2001_Zurich_Flimm"},{"entity_id":"669","field_subfolder_value":"video\/video_opera"},{"entity_id":"670","field_subfolder_value":"video\/video_opera\/Rossini-Il.barbiere.di.Siviglia.1989.DVDRip"},{"entity_id":"671","field_subfolder_value":"video\/music_video"},{"entity_id":"672","field_subfolder_value":"video\/films\/I"},{"entity_id":"673","field_subfolder_value":"video\/films\/P\/Pasolini"},{"entity_id":"674","field_subfolder_value":"video\/films\/T\/Trudno bit bogom"},{"entity_id":"675","field_subfolder_value":"video\/films\/A"},{"entity_id":"676","field_subfolder_value":"video\/films\/F"},{"entity_id":"678","field_subfolder_value":"video\/documental_video\/\u0417\u0432\u0435\u0437\u0434\u044b \u0440\u0443\u0441\u0441\u043a\u043e\u0433\u043e \u0430\u0432\u0430\u043d\u0433\u0430\u0440\u0434\u0430"},{"entity_id":"679","field_subfolder_value":"video\/films\/E"},{"entity_id":"680","field_subfolder_value":"video\/films\/D"},{"entity_id":"681","field_subfolder_value":"video\/films\/C\/Clockwork Orange_1.46"},{"entity_id":"682","field_subfolder_value":"video\/films\/I"},{"entity_id":"684","field_subfolder_value":"video\/films\/O\/\u041e \u0431\u0435\u0434\u043d\u043e\u043c \u0433\u0443\u0441\u0430\u0440\u0435 \u0437\u0430\u043c\u043e\u043b\u0432\u0438\u0442\u0435 \u0441\u043b\u043e\u0432\u043e_AVC"},{"entity_id":"685","field_subfolder_value":"video\/films\/O"},{"entity_id":"686","field_subfolder_value":"video\/films\/M\/Metropolis"},{"entity_id":"687","field_subfolder_value":"video\/films\/A"},{"entity_id":"688","field_subfolder_value":"video\/films\/D\/DieFeuerzahngenbowle"},{"entity_id":"689","field_subfolder_value":"video\/documental_video\/art\/The Great World Masterpieces"},{"entity_id":"691","field_subfolder_value":"video\/films\/R\/russian_horror_stories"},{"entity_id":"692","field_subfolder_value":"video\/films\/W"},{"entity_id":"693","field_subfolder_value":"video\/films\/D"},{"entity_id":"695","field_subfolder_value":"video\/films\/B"},{"entity_id":"697","field_subfolder_value":"video\/films\/T\/telephonnaya_budka_[torrents.ru]"},{"entity_id":"698","field_subfolder_value":"video\/films\/D"},{"entity_id":"699","field_subfolder_value":"video\/films\/E\/esenin"},{"entity_id":"703","field_subfolder_value":"video\/films\/M\/Mesto.vstrechi.izm.nelzya"},{"entity_id":"705","field_subfolder_value":"video\/films\/S\/Submarino"},{"entity_id":"706","field_subfolder_value":"video\/films\/J\/Jaime"},{"entity_id":"707","field_subfolder_value":"video\/films\/0\/13.rosas.las.(2007)"},{"entity_id":"708","field_subfolder_value":"video\/films\/L"},{"entity_id":"709","field_subfolder_value":"video\/documental_video"},{"entity_id":"711","field_subfolder_value":"video\/documental_video\/documental_cosmos"},{"entity_id":"712","field_subfolder_value":"video\/films\/B"},{"entity_id":"713","field_subfolder_value":"video\/films\/B"},{"entity_id":"715","field_subfolder_value":"video\/films\/S"},{"entity_id":"716","field_subfolder_value":"video\/films\/L"},{"entity_id":"718","field_subfolder_value":"video\/films\/R"},{"entity_id":"719","field_subfolder_value":"video\/films\/P\/1988 - Point de fuite"},{"entity_id":"720","field_subfolder_value":"video\/films\/G"},{"entity_id":"721","field_subfolder_value":"video\/films\/M\/Most people live in China"},{"entity_id":"722","field_subfolder_value":"video\/films\/G\/Leonid_Gayday"},{"entity_id":"724","field_subfolder_value":"video\/films\/G\/Leonid_Gayday"},{"entity_id":"725","field_subfolder_value":"video\/films\/F\/fight_club"},{"entity_id":"727","field_subfolder_value":"video\/films\/D"},{"entity_id":"728","field_subfolder_value":"video\/films\/T"},{"entity_id":"729","field_subfolder_value":"video\/films\/A"},{"entity_id":"730","field_subfolder_value":"video\/films\/A\/Les.Aventuriers_DUB_1.45"},{"entity_id":"731","field_subfolder_value":"video\/films\/R\/Rublev"},{"entity_id":"735","field_subfolder_value":"video\/films\/R"},{"entity_id":"737","field_subfolder_value":"video\/films\/K\/kin-dza-dza"},{"entity_id":"738","field_subfolder_value":"video\/films\/T"},{"entity_id":"739","field_subfolder_value":"video\/films\/C"},{"entity_id":"740","field_subfolder_value":"video\/films\/CH"},{"entity_id":"741","field_subfolder_value":"video\/documental_video"},{"entity_id":"742","field_subfolder_value":"video\/documental_video"},{"entity_id":"743","field_subfolder_value":"video\/documental_video\/biography"},{"entity_id":"744","field_subfolder_value":"video\/documental_video"},{"entity_id":"745","field_subfolder_value":"video\/films\/T"},{"entity_id":"746","field_subfolder_value":"video\/films\/M"},{"entity_id":"747","field_subfolder_value":"video\/films\/CH"},{"entity_id":"749","field_subfolder_value":"video\/films\/C\/Clark.Larry"},{"entity_id":"750","field_subfolder_value":"video\/films\/J"},{"entity_id":"751","field_subfolder_value":"video\/films\/M"},{"entity_id":"752","field_subfolder_value":"video\/films\/Q\/Qatsi_(trilogy_Godfrey_ Reggio)"},{"entity_id":"753","field_subfolder_value":"video\/films\/L"},{"entity_id":"755","field_subfolder_value":"video\/documental_video\/Battelfield - Manchuria. The Forgotten Victory"},{"entity_id":"756","field_subfolder_value":"video\/documental_video\/zhivaya_istoriya_1956-seredina_veka_[torrents.ru]"},{"entity_id":"757","field_subfolder_value":"video\/documental_video\/russia_the_missing_years"},{"entity_id":"758","field_subfolder_value":"video\/films\/T\/Tillsammans"},{"entity_id":"759","field_subfolder_value":"video\/documental_video"},{"entity_id":"761","field_subfolder_value":"video\/films\/."},{"entity_id":"762","field_subfolder_value":"video\/films\/."},{"entity_id":"763","field_subfolder_value":"video\/documental_video\/The children of Hitler.Hitler-Jugend"},{"entity_id":"764","field_subfolder_value":"video\/films\/."},{"entity_id":"765","field_subfolder_value":"video\/films\/."},{"entity_id":"768","field_subfolder_value":"video\/films\/."},{"entity_id":"769","field_subfolder_value":"video\/documental_video\/born_in_ussr"},{"entity_id":"770","field_subfolder_value":"video\/films\/."},{"entity_id":"771","field_subfolder_value":"video\/films\/."},{"entity_id":"772","field_subfolder_value":"video\/films\/."},{"entity_id":"775","field_subfolder_value":"video\/documental_video\/Style Wars"},{"entity_id":"777","field_subfolder_value":"video\/documental_video\/documental_cosmos"},{"entity_id":"778","field_subfolder_value":"video\/films\/."},{"entity_id":"779","field_subfolder_value":"video\/films\/S"},{"entity_id":"781","field_subfolder_value":"video\/films\/O"},{"entity_id":"782","field_subfolder_value":"video\/films\/R"},{"entity_id":"783","field_subfolder_value":"video\/documental_video\/documental_cosmos"},{"entity_id":"784","field_subfolder_value":"video\/films\/K"},{"entity_id":"785","field_subfolder_value":"video\/films\/Z"},{"entity_id":"786","field_subfolder_value":"video\/films\/."},{"entity_id":"787","field_subfolder_value":"video\/films\/."},{"entity_id":"788","field_subfolder_value":"video\/documental_video"},{"entity_id":"791","field_subfolder_value":"video\/films\/D"},{"entity_id":"793","field_subfolder_value":"video\/films\/M"},{"entity_id":"795","field_subfolder_value":"video\/films\/F"},{"entity_id":"797","field_subfolder_value":"video\/films\/0"},{"entity_id":"798","field_subfolder_value":"video\/films\/0"},{"entity_id":"799","field_subfolder_value":"video\/films\/."},{"entity_id":"800","field_subfolder_value":"video\/documental_video\/Bitva za Koreyu.1-2 seriya[tfile.ru]torrent"},{"entity_id":"801","field_subfolder_value":"video\/documental_video\/Stalingrad"},{"entity_id":"802","field_subfolder_value":"video\/films\/documental_video\/world_war_I_in_colour_[tfile.ru]"},{"entity_id":"803","field_subfolder_value":"video\/films\/T"},{"entity_id":"804","field_subfolder_value":"video\/films\/."},{"entity_id":"806","field_subfolder_value":"video\/films\/Z\/Zolotoy_telenok_DVDRip"},{"entity_id":"807","field_subfolder_value":"video\/films\/."},{"entity_id":"808","field_subfolder_value":"video\/films\/A"},{"entity_id":"809","field_subfolder_value":"video\/films\/A"},{"entity_id":"810","field_subfolder_value":"video\/films\/L"},{"entity_id":"811","field_subfolder_value":"video\/films\/A"},{"entity_id":"812","field_subfolder_value":"video\/films\/."},{"entity_id":"813","field_subfolder_value":"video\/documental_video"},{"entity_id":"814","field_subfolder_value":"video\/films\/ZH"},{"entity_id":"815","field_subfolder_value":"video\/films\/P"},{"entity_id":"818","field_subfolder_value":"video\/mult"},{"entity_id":"819","field_subfolder_value":"video\/films\/S\/Jos_Stelling"},{"entity_id":"820","field_subfolder_value":"video\/films\/S\/Jos_Stelling"},{"entity_id":"821","field_subfolder_value":"video\/films\/N\/North Korea - A Day in the Life"},{"entity_id":"822","field_subfolder_value":"video\/documental_video"},{"entity_id":"823","field_subfolder_value":"video\/documental_video\/Apocalipse The Second World War"},{"entity_id":"824","field_subfolder_value":"video\/films\/B"},{"entity_id":"825","field_subfolder_value":"video\/films\/V"},{"entity_id":"826","field_subfolder_value":"video\/documental_video\/documental_cosmos"},{"entity_id":"827","field_subfolder_value":"video\/films\/A\/Ameli"},{"entity_id":"828","field_subfolder_value":"video\/films\/B\/Bolshaja peremena"},{"entity_id":"829","field_subfolder_value":"video\/films\/O\/Ooku"},{"entity_id":"830","field_subfolder_value":"video\/films\/W"},{"entity_id":"831","field_subfolder_value":"video\/films\/P"},{"entity_id":"832","field_subfolder_value":"video\/films\/J"},{"entity_id":"833","field_subfolder_value":"video\/films\/F"},{"entity_id":"834","field_subfolder_value":"video\/films\/T"},{"entity_id":"835","field_subfolder_value":"video\/films\/O"},{"entity_id":"836","field_subfolder_value":"video\/films\/YU"},{"entity_id":"837","field_subfolder_value":"video\/films\/."},{"entity_id":"838","field_subfolder_value":"video\/films\/."},{"entity_id":"839","field_subfolder_value":"video\/documental_video\/Velikaja.vojna.(18.Filmov.iz.18).2011.XviD.DVDRip"},{"entity_id":"840","field_subfolder_value":"video\/films\/M"},{"entity_id":"841","field_subfolder_value":"video\/films\/R"},{"entity_id":"842","field_subfolder_value":"video\/films\/."},{"entity_id":"843","field_subfolder_value":"video\/films\/T"},{"entity_id":"845","field_subfolder_value":"video\/films\/F"},{"entity_id":"846","field_subfolder_value":"video\/films\/I"},{"entity_id":"847","field_subfolder_value":"video\/films\/SH"},{"entity_id":"849","field_subfolder_value":"video\/films\/F\/Fish Called Wanda"},{"entity_id":"850","field_subfolder_value":"video\/films\/P\/Pasolini"},{"entity_id":"851","field_subfolder_value":"video\/films\/P\/Pasolini"},{"entity_id":"852","field_subfolder_value":"video\/films\/P\/Pasolini\/Il_Decameron"},{"entity_id":"853","field_subfolder_value":"video\/films\/I"},{"entity_id":"855","field_subfolder_value":"video\/films\/P"},{"entity_id":"856","field_subfolder_value":"video\/films\/S"},{"entity_id":"857","field_subfolder_value":"video\/films\/B"},{"entity_id":"858","field_subfolder_value":"video\/films\/F"},{"entity_id":"859","field_subfolder_value":"video\/films\/G"},{"entity_id":"861","field_subfolder_value":"video\/films\/YA"},{"entity_id":"862","field_subfolder_value":"video\/films\/O"},{"entity_id":"863","field_subfolder_value":"video\/films\/P"},{"entity_id":"865","field_subfolder_value":"video\/films\/R"},{"entity_id":"866","field_subfolder_value":"video\/films\/SH"},{"entity_id":"868","field_subfolder_value":"video\/films\/S"},{"entity_id":"869","field_subfolder_value":"video\/films\/L"},{"entity_id":"870","field_subfolder_value":"video\/films\/YA"},{"entity_id":"871","field_subfolder_value":"video\/films\/D"},{"entity_id":"876","field_subfolder_value":"video\/films\/B"},{"entity_id":"877","field_subfolder_value":"video\/films\/E"},{"entity_id":"879","field_subfolder_value":"video\/films\/F"},{"entity_id":"880","field_subfolder_value":"video\/films\/F"},{"entity_id":"881","field_subfolder_value":"video\/films\/K"},{"entity_id":"883","field_subfolder_value":"video\/films\/SH"},{"entity_id":"884","field_subfolder_value":"video\/films\/S"},{"entity_id":"885","field_subfolder_value":"video\/films\/S"},{"entity_id":"888","field_subfolder_value":"video\/films\/D"},{"entity_id":"892","field_subfolder_value":"video\/films\/V\/Veber"},{"entity_id":"893","field_subfolder_value":"video\/films\/B"},{"entity_id":"894","field_subfolder_value":"video\/documental_video"},{"entity_id":"895","field_subfolder_value":"video\/documental_video\/Egypt"},{"entity_id":"896","field_subfolder_value":"video\/films\/M"},{"entity_id":"901","field_subfolder_value":"video\/films\/G\/Gilliam"},{"entity_id":"903","field_subfolder_value":"video\/films\/O\/OneFlewOverTheCokoosNest"},{"entity_id":"904","field_subfolder_value":"video\/films\/T\/Tarantino\/pulp fiction"},{"entity_id":"905","field_subfolder_value":"video\/films\/T\/Tarantino"},{"entity_id":"906","field_subfolder_value":"video\/films\/K"},{"entity_id":"907","field_subfolder_value":"video\/films\/T\/Tarantino\/ReservoirDogs"},{"entity_id":"908","field_subfolder_value":"video\/films\/F\/FullMetalJacket"},{"entity_id":"909","field_subfolder_value":"video\/films\/C"},{"entity_id":"910","field_subfolder_value":"video\/films\/V\/Veber"},{"entity_id":"911","field_subfolder_value":"video\/films\/V\/Veber"},{"entity_id":"913","field_subfolder_value":"video\/films\/M"},{"entity_id":"915","field_subfolder_value":"video\/films\/D"},{"entity_id":"916","field_subfolder_value":"video\/films\/F"},{"entity_id":"917","field_subfolder_value":"video\/films\/S\/Jos_Stelling"},{"entity_id":"918","field_subfolder_value":"video\/films\/S\/Jos_Stelling"},{"entity_id":"919","field_subfolder_value":"video\/films\/S\/Jos_Stelling"},{"entity_id":"920","field_subfolder_value":"video\/films\/S\/Jos_Stelling"},{"entity_id":"921","field_subfolder_value":"video\/films\/M\/Mamin,Yuriy"},{"entity_id":"922","field_subfolder_value":"video\/films\/M\/Mamin,Yuriy"},{"entity_id":"923","field_subfolder_value":"video\/films\/M\/Mamin,Yuriy"},{"entity_id":"924","field_subfolder_value":"video\/films\/M\/Mamin,Yuriy"},{"entity_id":"925","field_subfolder_value":"video\/films\/M\/Mamin,Yuriy"},{"entity_id":"926","field_subfolder_value":"video\/films\/S"},{"entity_id":"927","field_subfolder_value":"video\/films\/A\/Roy_Andersson"},{"entity_id":"929","field_subfolder_value":"video\/films\/A\/Roy_Andersson"},{"entity_id":"930","field_subfolder_value":"video\/films\/B"},{"entity_id":"931","field_subfolder_value":"video\/films\/CH"},{"entity_id":"932","field_subfolder_value":"video\/films\/T"},{"entity_id":"933","field_subfolder_value":"video\/films\/D"},{"entity_id":"935","field_subfolder_value":"video\/films\/D"},{"entity_id":"936","field_subfolder_value":"video\/films\/E"},{"entity_id":"937","field_subfolder_value":"video\/films\/."},{"entity_id":"938","field_subfolder_value":"video\/films\/I"},{"entity_id":"939","field_subfolder_value":"video\/films\/."},{"entity_id":"940","field_subfolder_value":"video\/films\/S"},{"entity_id":"941","field_subfolder_value":"video\/films\/S"},{"entity_id":"943","field_subfolder_value":"video\/films\/."},{"entity_id":"944","field_subfolder_value":"video\/films\/G"},{"entity_id":"945","field_subfolder_value":"video\/films\/O"},{"entity_id":"946","field_subfolder_value":"video\/films\/R"},{"entity_id":"947","field_subfolder_value":"video\/films\/."},{"entity_id":"948","field_subfolder_value":"video\/films\/C"},{"entity_id":"949","field_subfolder_value":"video\/films\/."},{"entity_id":"950","field_subfolder_value":"video\/films\/M"},{"entity_id":"952","field_subfolder_value":"video\/films\/K"},{"entity_id":"953","field_subfolder_value":"video\/films\/U"},{"entity_id":"954","field_subfolder_value":"video\/films\/SH\/schtrafbat"},{"entity_id":"956","field_subfolder_value":"video\/films\/0_documental\/Bronya.Rossii.(10.serii.iz.10).2009.DivX.DVDRip_Kinozal.TV"},{"entity_id":"958","field_subfolder_value":"video\/documental_video"},{"entity_id":"959","field_subfolder_value":"video\/documental_video"},{"entity_id":"960","field_subfolder_value":"video\/films\/G\/Gilliam\/2011 The Wholly family"},{"entity_id":"961","field_subfolder_value":"video\/films\/M\/Mishima.1985.Paul.Schrader"},{"entity_id":"963","field_subfolder_value":"video\/films\/0\/71_Fragmente"},{"entity_id":"965","field_subfolder_value":"video\/films\/A"},{"entity_id":"967","field_subfolder_value":"video\/films\/01"},{"entity_id":"968","field_subfolder_value":"video\/documental_video\/biography"},{"entity_id":"969","field_subfolder_value":"video\/documental_video\/biography"},{"entity_id":"970","field_subfolder_value":"video\/documental_video\/biography"},{"entity_id":"979","field_subfolder_value":"video\/videoclips\/S\/Saint-Saens"},{"entity_id":"980","field_subfolder_value":"video\/films\/S\/Samsara"},{"entity_id":"981","field_subfolder_value":"video"},{"entity_id":"986","field_subfolder_value":"video\/films\/C"},{"entity_id":"987","field_subfolder_value":"video\/A\/Anders Thomas Jensen.Ernst & Lyset (1996) Subs"},{"entity_id":"989","field_subfolder_value":"video\/documental_video\/biography"},{"entity_id":"990","field_subfolder_value":"video\/films\/C\/Carla's.Song\/Carla's.Song.Ken.Loach.1996.avi"},{"entity_id":"1005","field_subfolder_value":"video\/funs\/Monty.Python"},{"entity_id":"1012","field_subfolder_value":"video\/funs\/Monty.Python"},{"entity_id":"1013","field_subfolder_value":"video\/videoclips\/CH"},{"entity_id":"1016","field_subfolder_value":"video\/videoclips\/B"},{"entity_id":"1017","field_subfolder_value":"video\/videoclips"},{"entity_id":"1025","field_subfolder_value":"video\/videoclips\/M\/Mozart"},{"entity_id":"1027","field_subfolder_value":"video\/videoclips\/H"},{"entity_id":"1029","field_subfolder_value":"video\/videoclips\/SH"},{"entity_id":"1030","field_subfolder_value":"video\/videoclips\/B"},{"entity_id":"1032","field_subfolder_value":"video\/videoclips\/S\/Saint-Saens"},{"entity_id":"1034","field_subfolder_value":"video\/videoclips\/P"},{"entity_id":"1036","field_subfolder_value":"video\/videoclips\/B"},{"entity_id":"1037","field_subfolder_value":"video\/videoclips\/M\/Mozart"},{"entity_id":"1038","field_subfolder_value":"video"},{"entity_id":"1042","field_subfolder_value":"video\/video_opera\/parts\/Mozart_Figaro_Nozze_Paris"},{"entity_id":"1043","field_subfolder_value":"video\/video_opera\/parts\/Handel_Julius_Caesar_1984"},{"entity_id":"1044","field_subfolder_value":"video\/documental_video\/art"},{"entity_id":"1045","field_subfolder_value":"video\/documental_video\/art"},{"entity_id":"1048","field_subfolder_value":"video\/documental_video\/documental_cosmos"},{"entity_id":"1049","field_subfolder_value":"video\/documental_video\/documental_cosmos"},{"entity_id":"1050","field_subfolder_value":"video\/films\/P"},{"entity_id":"1051","field_subfolder_value":"video\/films\/P"},{"entity_id":"1053","field_subfolder_value":"video\/films\/0"},{"entity_id":"1054","field_subfolder_value":"video\/films\/0"},{"entity_id":"1060","field_subfolder_value":"video\/videoclips\/A"},{"entity_id":"1061","field_subfolder_value":"video\/videoclips\/A"},{"entity_id":"1062","field_subfolder_value":"video\/videoclips\/A"},{"entity_id":"1063","field_subfolder_value":"video\/videoclips\/A"},{"entity_id":"1064","field_subfolder_value":"video\/videoclips\/A"},{"entity_id":"1065","field_subfolder_value":"video\/videoclips\/A"},{"entity_id":"1066","field_subfolder_value":"video\/videoclips\/A"},{"entity_id":"1067","field_subfolder_value":"video\/videoclips\/A"},{"entity_id":"1068","field_subfolder_value":"video\/videoclips\/A"},{"entity_id":"1069","field_subfolder_value":"video\/videoclips\/A"},{"entity_id":"1070","field_subfolder_value":"video\/videoclips\/A"},{"entity_id":"1071","field_subfolder_value":"video\/videoclips\/B"},{"entity_id":"1072","field_subfolder_value":"video\/videoclips\/B"},{"entity_id":"1073","field_subfolder_value":"video\/videoclips\/B"},{"entity_id":"1074","field_subfolder_value":"video\/videoclips\/B"},{"entity_id":"1080","field_subfolder_value":"video\/films\/0_documental\/Namedni"},{"entity_id":"1081","field_subfolder_value":"video\/funs\/Lizedei"},{"entity_id":"1084","field_subfolder_value":"video\/mult"},{"entity_id":"1085","field_subfolder_value":"video\/films\/T\/Tarantino"},{"entity_id":"1087","field_subfolder_value":"video\/video_lessons\/Yii framework"},{"entity_id":"1088","field_subfolder_value":"video\/video_lessons"},{"entity_id":"1089","field_subfolder_value":"video\/funs\/Monty.Python\/Ne.krutite.ruchku.nastroyki.1967-1969.XviD.DVDRip-weconty"},{"entity_id":"1092","field_subfolder_value":"video\/documental_video"},{"entity_id":"1094","field_subfolder_value":"video\/films\/O\/Ofelas (1987)"},{"entity_id":"1097","field_subfolder_value":"video\/films\/O"},{"entity_id":"1098","field_subfolder_value":"video\/films\/G\/the_great_dictator.1940.DUAL.BDRip.XviD.AC3.-HQCLUB"},{"entity_id":"1100","field_subfolder_value":"video\/films\/K"},{"entity_id":"1102","field_subfolder_value":"video\/films\/T\/Troe_v_puti"},{"entity_id":"1103","field_subfolder_value":"video\/films\/T\/Tsukigami"},{"entity_id":"1104","field_subfolder_value":"video\/films\/Y\/Yamazakura"},{"entity_id":"1108","field_subfolder_value":"video\/films\/S"},{"entity_id":"1109","field_subfolder_value":"video\/films\/S"},{"entity_id":"1110","field_subfolder_value":"video\/films\/D\/Djeca_Children of Sarajevo"},{"entity_id":"1111","field_subfolder_value":"video\/videoclips\/E"},{"entity_id":"1112","field_subfolder_value":"video"},{"entity_id":"1113","field_subfolder_value":"video"},{"entity_id":"1116","field_subfolder_value":"video\/videoclips\/W"},{"entity_id":"1117","field_subfolder_value":"video\/videoclips\/B"},{"entity_id":"1118","field_subfolder_value":"video\/videoclips\/R"},{"entity_id":"1119","field_subfolder_value":"video\/videoclips\/H"},{"entity_id":"1120","field_subfolder_value":"video\/videoclips\/CH"},{"entity_id":"1121","field_subfolder_value":"video\/videoclips\/B"},{"entity_id":"1122","field_subfolder_value":"video\/mult"},{"entity_id":"1123","field_subfolder_value":"video\/videoclips\/K\/Kraftwerk"},{"entity_id":"1124","field_subfolder_value":"video\/videoclips\/T"},{"entity_id":"1125","field_subfolder_value":"video"},{"entity_id":"1126","field_subfolder_value":"video\/documental_video\/Japan_s_War"},{"entity_id":"1127","field_subfolder_value":"video\/films\/T"},{"entity_id":"1128","field_subfolder_value":"video\/videoclips\/M\/Manowar"},{"entity_id":"1130","field_subfolder_value":"video\/videoclips\/M"},{"entity_id":"1131","field_subfolder_value":"video\/funs\/KVN"},{"entity_id":"1132","field_subfolder_value":"video\/videoclips\/I"},{"entity_id":"1133","field_subfolder_value":"video\/videoclips\/M"},{"entity_id":"1134","field_subfolder_value":"video\/videoclips\/N\/Napalm Death"},{"entity_id":"1135","field_subfolder_value":"video\/videoclips\/O"},{"entity_id":"1136","field_subfolder_value":"video\/videoclips\/N"},{"entity_id":"1137","field_subfolder_value":"video\/videoclips\/I"},{"entity_id":"1138","field_subfolder_value":"video\/videoclips\/S"},{"entity_id":"1139","field_subfolder_value":"video\/videoclips\/M"},{"entity_id":"1140","field_subfolder_value":"video\/videoclips\/M"},{"entity_id":"1142","field_subfolder_value":"video\/videoclips\/S\/Siouxsie and the Banshees"},{"entity_id":"1143","field_subfolder_value":"video\/videoclips\/E\/elo"},{"entity_id":"1144","field_subfolder_value":"video\/videoclips\/P\/piknik"},{"entity_id":"1145","field_subfolder_value":"video\/films\/A\/Roy_Andersson"},{"entity_id":"1146","field_subfolder_value":"video\/videoclips\/K"},{"entity_id":"1147","field_subfolder_value":"video\/videoclips\/B\/Brutal Truth"},{"entity_id":"1148","field_subfolder_value":"video\/videoclips\/B"},{"entity_id":"1149","field_subfolder_value":"video\/videoclips\/D"},{"entity_id":"1150","field_subfolder_value":"video\/videoclips\/G"},{"entity_id":"1151","field_subfolder_value":"video\/videoclips\/S\/SoaD Clips"},{"entity_id":"1152","field_subfolder_value":"video\/videoclips\/P"},{"entity_id":"1153","field_subfolder_value":"video\/videoclips\/N"},{"entity_id":"1154","field_subfolder_value":"video\/videoclips\/N\/\u041d\u043e\u0447\u043d\u044b\u0435 \u0441\u043d\u0430\u0439\u043f\u0435\u0440\u044b"},{"entity_id":"1155","field_subfolder_value":"video\/videoclips\/M"},{"entity_id":"1156","field_subfolder_value":"video\/videoclips\/I"},{"entity_id":"1159","field_subfolder_value":"video\/documental_video\/documental_cosmos"},{"entity_id":"1160","field_subfolder_value":"video\/videoclips\/K"},{"entity_id":"1161","field_subfolder_value":"video\/documental_video\/documental_cosmos"},{"entity_id":"1162","field_subfolder_value":"video\/videoclips\/M"},{"entity_id":"1163","field_subfolder_value":"video\/videoclips\/V"},{"entity_id":"1164","field_subfolder_value":"video\/videoclips\/N"},{"entity_id":"1165","field_subfolder_value":"video\/videoclips\/C"},{"entity_id":"1166","field_subfolder_value":"video\/films\/V\/Vremya_tsygan"},{"entity_id":"1167","field_subfolder_value":"video\/films\/H"},{"entity_id":"1168","field_subfolder_value":"video\/films\/0"},{"entity_id":"1169","field_subfolder_value":"video\/documental_video\/biography"},{"entity_id":"1170","field_subfolder_value":"video\/music_video\/X"},{"entity_id":"1171","field_subfolder_value":"video\/videoclips\/M"},{"entity_id":"1172","field_subfolder_value":"video\/videoclips\/CH\/\u0427\u0451\u0440\u043d\u044b\u0439 \u043a\u043e\u0444\u0435"},{"entity_id":"1173","field_subfolder_value":"video\/videoclips\/B\/BraAgas"},{"entity_id":"1174","field_subfolder_value":"video\/videoclips\/G"},{"entity_id":"1175","field_subfolder_value":"video\/videoclips\/T"},{"entity_id":"1176","field_subfolder_value":"video\/films\/ZH"},{"entity_id":"1177","field_subfolder_value":"video\/films\/A\/alf"},{"entity_id":"1178","field_subfolder_value":"video\/videoclips\/P"},{"entity_id":"1179","field_subfolder_value":"video\/films\/T"},{"entity_id":"1180","field_subfolder_value":"video\/videoclips\/C"},{"entity_id":"1181","field_subfolder_value":"video\/videoclips\/D"},{"entity_id":"1182","field_subfolder_value":"video\/videoclips\/D"},{"entity_id":"1183","field_subfolder_value":"video"},{"entity_id":"1184","field_subfolder_value":"video\/videoclips\/N"},{"entity_id":"1185","field_subfolder_value":"video\/videoclips\/L"},{"entity_id":"1186","field_subfolder_value":"video\/funs"},{"entity_id":"1187","field_subfolder_value":"video\/documental_video"},{"entity_id":"1188","field_subfolder_value":"video\/documental_video"},{"entity_id":"1189","field_subfolder_value":"video"},{"entity_id":"1190","field_subfolder_value":"video\/videoclips\/R\/Rowan"},{"entity_id":"1191","field_subfolder_value":"video\/videoclips\/J"},{"entity_id":"1192","field_subfolder_value":"video\/videoclips\/T"},{"entity_id":"1193","field_subfolder_value":"video\/videoclips\/Z"},{"entity_id":"1194","field_subfolder_value":"video\/videoclips\/Y\/The Young Gods"},{"entity_id":"1195","field_subfolder_value":"video\/videoclips\/T"},{"entity_id":"1196","field_subfolder_value":"video\/videoclips\/T"},{"entity_id":"1197","field_subfolder_value":"video\/videoclips\/T"},{"entity_id":"1198","field_subfolder_value":"video"},{"entity_id":"1199","field_subfolder_value":"video\/music_video\/Mozart-Bohm - Symphnies"},{"entity_id":"1200","field_subfolder_value":"video\/films\/S\/Shadows.in.the.palace"},{"entity_id":"1202","field_subfolder_value":"video\/videoclips\/S\/Sodom"},{"entity_id":"1203","field_subfolder_value":"video\/funs"},{"entity_id":"1205","field_subfolder_value":"video\/funs"},{"entity_id":"1206","field_subfolder_value":"video\/films\/C\/Sancho_s_rancho"},{"entity_id":"1207","field_subfolder_value":"video\/films\/K"},{"entity_id":"1208","field_subfolder_value":"video"},{"entity_id":"1209","field_subfolder_value":"video\/videoclips\/S"},{"entity_id":"1210","field_subfolder_value":"video\/videoclips\/T"},{"entity_id":"1211","field_subfolder_value":"video"},{"entity_id":"1212","field_subfolder_value":"video\/films\/M\/Mihailo_Lomonosov"},{"entity_id":"1213","field_subfolder_value":"video\/films\/T\/tot_samyy_myunkhgauzen"},{"entity_id":"1214","field_subfolder_value":"video\/films\/N"},{"entity_id":"1216","field_subfolder_value":"video\/films\/F"},{"entity_id":"1114","field_subfolder_value":"video\/videoclips\/SH\/\u0428\u043b\u044e\u0437"},{"entity_id":"1129","field_subfolder_value":"video\/videoclips\/S\/SKA-P"},{"entity_id":"1059","field_subfolder_value":"video\/videoclips\/P\/Psalteria"},{"entity_id":"717","field_subfolder_value":"video\/films\/A"},{"entity_id":"1217","field_subfolder_value":"video\/films\/M\/Mean Streets"},{"entity_id":"1101","field_subfolder_value":"video\/films\/S"},{"entity_id":"966","field_subfolder_value":"video\/films\/G"},{"entity_id":"748","field_subfolder_value":"video\/films\/C\/Clark.Larry\/Wassup Rockers"},{"entity_id":"714","field_subfolder_value":"video\/films\/G"},{"entity_id":"7","field_subfolder_value":"video\/films\/S\/Sin_nombre"},{"entity_id":"942","field_subfolder_value":"video\/films\/S"},{"entity_id":"887","field_subfolder_value":"video\/films\/ZH"},{"entity_id":"1115","field_subfolder_value":"video\/videoclips\/W"},{"entity_id":"734","field_subfolder_value":"video\/films\/X"},{"entity_id":"844","field_subfolder_value":"video\/films\/J"},{"entity_id":"898","field_subfolder_value":"video\/films\/V"},{"entity_id":"1228","field_subfolder_value":"video\/music_video\/chants"},{"entity_id":"659","field_subfolder_value":"video\/films\/C\/"},{"entity_id":"796","field_subfolder_value":"video\/films\/G\/Leonid_Gayday"},{"entity_id":"962","field_subfolder_value":"video\/films\/F"},{"entity_id":"886","field_subfolder_value":"video\/films\/W"},{"entity_id":"733","field_subfolder_value":"video\/films\/A"},{"entity_id":"897","field_subfolder_value":"video\/films\/B\/brave_heart"},{"entity_id":"736","field_subfolder_value":"video\/films\/P"},{"entity_id":"891","field_subfolder_value":"video\/films\/T"},{"entity_id":"704","field_subfolder_value":"video\/films\/T"},{"entity_id":"914","field_subfolder_value":"video\/films\/S"},{"entity_id":"912","field_subfolder_value":"video\/films\/SH"},{"entity_id":"696","field_subfolder_value":"video\/documental_video\/biography"},{"entity_id":"1095","field_subfolder_value":"video\/films\/D\/Delicatessen.1991.BDRip.HQCLUB"},{"entity_id":"1099","field_subfolder_value":"video\/films\/B"},{"entity_id":"860","field_subfolder_value":"video\/films\/H"},{"entity_id":"1230","field_subfolder_value":"video\/films\/F\/Favorit(8.serij.iz.8).2005.XviD.DVDRip"},{"entity_id":"854","field_subfolder_value":"video\/films\/F"},{"entity_id":"878","field_subfolder_value":"video\/films\/D"},{"entity_id":"1226","field_subfolder_value":"video\/music_video\/chants"},{"entity_id":"1107","field_subfolder_value":"video\/video_opera\/Faust.Gounod.2004"},{"entity_id":"1158","field_subfolder_value":"video\/videoclips\/SH"},{"entity_id":"1001","field_subfolder_value":"video\/funs\/Monty.Python"},{"entity_id":"1215","field_subfolder_value":"video\/films\/O"},{"entity_id":"1204","field_subfolder_value":"video"},{"entity_id":"1091","field_subfolder_value":"video\/documental_video\/yoga_for_begining"},{"entity_id":"1086","field_subfolder_value":"video\/video_lessons\/PHP_CodeIgniter_2010"},{"entity_id":"773","field_subfolder_value":"video\/films\/0"},{"entity_id":"955","field_subfolder_value":"video\/films\/I\/Isaev_serial"},{"entity_id":"700","field_subfolder_value":"video\/films\/0"},{"entity_id":"732","field_subfolder_value":"video\/films\/J"},{"entity_id":"694","field_subfolder_value":"video\/films\/A"},{"entity_id":"1090","field_subfolder_value":"video\/documental_video\/hatha-yoga"},{"entity_id":"12","field_subfolder_value":"video\/films\/R"},{"entity_id":"875","field_subfolder_value":"video\/films\/A"},{"entity_id":"928","field_subfolder_value":"video\/films\/A\/Roy_Andersson"},{"entity_id":"899","field_subfolder_value":"video\/films\/B\/Balabanov\/Brat"},{"entity_id":"900","field_subfolder_value":"video\/films\/B\/Balabanov\/Brat"},{"entity_id":"2","field_subfolder_value":"video\/films\/A"},{"entity_id":"1229","field_subfolder_value":"video\/films\/B\/\u0420\u041e\u0421\u0421\u0418\u042f_\u0411\u0415\u041b\u0410\u042f \u0413\u0412\u0410\u0420\u0414\u0418\u042f__SATRip_by_iriston"},{"entity_id":"816","field_subfolder_value":"video\/films\/D"},{"entity_id":"872","field_subfolder_value":"video\/films\/0\/12_stulyev"},{"entity_id":"660","field_subfolder_value":"video\/films\/G\/Guy Ritchie"},{"entity_id":"1096","field_subfolder_value":"video\/films\/G\/Leonid_Gayday"},{"entity_id":"1093","field_subfolder_value":"video\/films\/D"},{"entity_id":"873","field_subfolder_value":"video\/films\/0"},{"entity_id":"792","field_subfolder_value":"video\/films\/W"},{"entity_id":"1231","field_subfolder_value":"video\/films\/D"},{"entity_id":"1232","field_subfolder_value":"video\/films\/D"},{"entity_id":"1233","field_subfolder_value":"video\/films\/P"},{"entity_id":"1234","field_subfolder_value":"video\/films\/K"},{"entity_id":"1201","field_subfolder_value":"video\/documental_video"},{"entity_id":"1235","field_subfolder_value":"video\/films\/Z"},{"entity_id":"1236","field_subfolder_value":"video\/films\/T"},{"entity_id":"1237","field_subfolder_value":"video\/films\/G"},{"entity_id":"1238","field_subfolder_value":"video\/films\/I"},{"entity_id":"658","field_subfolder_value":"video\/films\/T\/tainy_dvorcovih_perevorotov"},{"entity_id":"864","field_subfolder_value":"video\/films\/P"},{"entity_id":"934","field_subfolder_value":"video\/films\/D"},{"entity_id":"702","field_subfolder_value":"video\/films\/A\/"},{"entity_id":"874","field_subfolder_value":"video\/films\/A"},{"entity_id":"683","field_subfolder_value":"video\/films\/C\/Cabare.1972"},{"entity_id":"889","field_subfolder_value":"video\/films\/H"},{"entity_id":"890","field_subfolder_value":"video\/films\/H"},{"entity_id":"723","field_subfolder_value":"video\/films\/G\/Leonid_Gayday"},{"entity_id":"1239","field_subfolder_value":"video\/films\/S"},{"entity_id":"1240","field_subfolder_value":"video\/documental_video"},{"entity_id":"1241","field_subfolder_value":"video\/films\/D"},{"entity_id":"1242","field_subfolder_value":"video\/films\/A"},{"entity_id":"1243","field_subfolder_value":"video\/films\/SH"},{"entity_id":"1244","field_subfolder_value":"video"},{"entity_id":"677","field_subfolder_value":"video\/films\/H\/Der_Hauptmann_von_Kepenick"},{"entity_id":"1225","field_subfolder_value":"video\/music_video\/chants"},{"entity_id":"848","field_subfolder_value":"video\/films\/I"},{"entity_id":"964","field_subfolder_value":"video\/films\/W"}]}