{"field_data_field_year":[{"entity_id":"4","field_year_value":"1994"},{"entity_id":"6","field_year_value":"1985"},{"entity_id":"8","field_year_value":"2004"},{"entity_id":"9","field_year_value":"1990"},{"entity_id":"10","field_year_value":"1996"},{"entity_id":"11","field_year_value":"1994"},{"entity_id":"13","field_year_value":"1986"},{"entity_id":"656","field_year_value":"1998"},{"entity_id":"661","field_year_value":"1998"},{"entity_id":"662","field_year_value":"2005"},{"entity_id":"663","field_year_value":"2008"},{"entity_id":"664","field_year_value":"2010"},{"entity_id":"665","field_year_value":"2008"},{"entity_id":"666","field_year_value":"1996"},{"entity_id":"668","field_year_value":"2001"},{"entity_id":"669","field_year_value":"2009"},{"entity_id":"671","field_year_value":"1976"},{"entity_id":"673","field_year_value":"1964"},{"entity_id":"674","field_year_value":"1990"},{"entity_id":"675","field_year_value":"1984"},{"entity_id":"676","field_year_value":"2009"},{"entity_id":"678","field_year_value":"2008-2010"},{"entity_id":"679","field_year_value":"1991"},{"entity_id":"680","field_year_value":"2000"},{"entity_id":"681","field_year_value":"1971"},{"entity_id":"682","field_year_value":"2001"},{"entity_id":"684","field_year_value":"1980"},{"entity_id":"685","field_year_value":"1979"},{"entity_id":"686","field_year_value":"1927"},{"entity_id":"687","field_year_value":"1924"},{"entity_id":"688","field_year_value":"1944"},{"entity_id":"689","field_year_value":"2002"},{"entity_id":"691","field_year_value":"2002-2003"},{"entity_id":"692","field_year_value":"1958"},{"entity_id":"695","field_year_value":"1918"},{"entity_id":"697","field_year_value":"1972"},{"entity_id":"698","field_year_value":"2006"},{"entity_id":"699","field_year_value":"2005"},{"entity_id":"705","field_year_value":"2010"},{"entity_id":"706","field_year_value":"1999"},{"entity_id":"707","field_year_value":"2007"},{"entity_id":"711","field_year_value":"2008"},{"entity_id":"715","field_year_value":"2006"},{"entity_id":"716","field_year_value":"2004"},{"entity_id":"718","field_year_value":"2000"},{"entity_id":"719","field_year_value":"1988"},{"entity_id":"720","field_year_value":"1965"},{"entity_id":"721","field_year_value":"2002"},{"entity_id":"722","field_year_value":"1966"},{"entity_id":"725","field_year_value":"2000"},{"entity_id":"727","field_year_value":"2006"},{"entity_id":"728","field_year_value":"2005"},{"entity_id":"729","field_year_value":"1975"},{"entity_id":"730","field_year_value":"1967"},{"entity_id":"731","field_year_value":"1966"},{"entity_id":"735","field_year_value":"1984"},{"entity_id":"737","field_year_value":"1986"},{"entity_id":"739","field_year_value":"2001"},{"entity_id":"740","field_year_value":"1915"},{"entity_id":"742","field_year_value":"2007"},{"entity_id":"743","field_year_value":"2005"},{"entity_id":"744","field_year_value":"2009"},{"entity_id":"745","field_year_value":"2003"},{"entity_id":"746","field_year_value":"2005"},{"entity_id":"747","field_year_value":"1922"},{"entity_id":"749","field_year_value":"1998"},{"entity_id":"750","field_year_value":"2008"},{"entity_id":"751","field_year_value":"2009"},{"entity_id":"753","field_year_value":"1967"},{"entity_id":"755","field_year_value":"2000"},{"entity_id":"756","field_year_value":"2007"},{"entity_id":"757","field_year_value":"1992-94"},{"entity_id":"758","field_year_value":"2000"},{"entity_id":"759","field_year_value":"2002"},{"entity_id":"769","field_year_value":"1998-2012"},{"entity_id":"775","field_year_value":"1983"},{"entity_id":"779","field_year_value":"1992"},{"entity_id":"781","field_year_value":"2008"},{"entity_id":"782","field_year_value":"2008"},{"entity_id":"784","field_year_value":"2007"},{"entity_id":"785","field_year_value":"2003"},{"entity_id":"791","field_year_value":"1964"},{"entity_id":"793","field_year_value":"1977"},{"entity_id":"795","field_year_value":"1964"},{"entity_id":"798","field_year_value":"2004"},{"entity_id":"800","field_year_value":"2001"},{"entity_id":"801","field_year_value":"2003"},{"entity_id":"802","field_year_value":"2003"},{"entity_id":"803","field_year_value":"1934"},{"entity_id":"806","field_year_value":"1968"},{"entity_id":"808","field_year_value":"1917"},{"entity_id":"809","field_year_value":"1919"},{"entity_id":"810","field_year_value":"1928"},{"entity_id":"811","field_year_value":"1920"},{"entity_id":"813","field_year_value":"2008"},{"entity_id":"814","field_year_value":"1964"},{"entity_id":"815","field_year_value":"1995"},{"entity_id":"818","field_year_value":"2007"},{"entity_id":"819","field_year_value":"1974"},{"entity_id":"820","field_year_value":"1975"},{"entity_id":"821","field_year_value":"2004"},{"entity_id":"822","field_year_value":"2009"},{"entity_id":"824","field_year_value":"2003"},{"entity_id":"825","field_year_value":"1981"},{"entity_id":"826","field_year_value":"2000"},{"entity_id":"827","field_year_value":"2001"},{"entity_id":"828","field_year_value":"1973"},{"entity_id":"829","field_year_value":"1986"},{"entity_id":"830","field_year_value":"1988"},{"entity_id":"831","field_year_value":"1938"},{"entity_id":"832","field_year_value":"1999"},{"entity_id":"833","field_year_value":"2001"},{"entity_id":"834","field_year_value":"2002"},{"entity_id":"835","field_year_value":"1999"},{"entity_id":"836","field_year_value":"1980"},{"entity_id":"839","field_year_value":"2010"},{"entity_id":"840","field_year_value":"1936"},{"entity_id":"841","field_year_value":"1966"},{"entity_id":"843","field_year_value":"2002"},{"entity_id":"845","field_year_value":"1966"},{"entity_id":"846","field_year_value":"2002"},{"entity_id":"847","field_year_value":"1990"},{"entity_id":"851","field_year_value":"1972"},{"entity_id":"852","field_year_value":"1971"},{"entity_id":"853","field_year_value":"1998"},{"entity_id":"855","field_year_value":"1972"},{"entity_id":"857","field_year_value":"1975"},{"entity_id":"858","field_year_value":"2003"},{"entity_id":"859","field_year_value":"2010"},{"entity_id":"861","field_year_value":"2003"},{"entity_id":"863","field_year_value":"2002"},{"entity_id":"865","field_year_value":"2008"},{"entity_id":"866","field_year_value":"1988"},{"entity_id":"869","field_year_value":"2002"},{"entity_id":"870","field_year_value":"2009"},{"entity_id":"871","field_year_value":"2005"},{"entity_id":"876","field_year_value":"1961"},{"entity_id":"877","field_year_value":"1999"},{"entity_id":"879","field_year_value":"2003"},{"entity_id":"880","field_year_value":"2000"},{"entity_id":"881","field_year_value":"1994"},{"entity_id":"883","field_year_value":"1924"},{"entity_id":"884","field_year_value":"1998"},{"entity_id":"885","field_year_value":"1985"},{"entity_id":"888","field_year_value":"1988"},{"entity_id":"892","field_year_value":"1976"},{"entity_id":"893","field_year_value":"1992"},{"entity_id":"894","field_year_value":"2003"},{"entity_id":"896","field_year_value":"2008"},{"entity_id":"901","field_year_value":"1975"},{"entity_id":"903","field_year_value":"1975"},{"entity_id":"904","field_year_value":"1994"},{"entity_id":"905","field_year_value":"1995"},{"entity_id":"906","field_year_value":"2010"},{"entity_id":"907","field_year_value":"1992"},{"entity_id":"908","field_year_value":"1987"},{"entity_id":"909","field_year_value":"2002"},{"entity_id":"911","field_year_value":"2001"},{"entity_id":"913","field_year_value":"2007"},{"entity_id":"915","field_year_value":"1971"},{"entity_id":"916","field_year_value":"2002"},{"entity_id":"917","field_year_value":"2007"},{"entity_id":"918","field_year_value":"1984"},{"entity_id":"919","field_year_value":"1999"},{"entity_id":"920","field_year_value":"2003"},{"entity_id":"921","field_year_value":"1990"},{"entity_id":"922","field_year_value":"1988"},{"entity_id":"923","field_year_value":"2008"},{"entity_id":"924","field_year_value":"1993"},{"entity_id":"925","field_year_value":"1986"},{"entity_id":"926","field_year_value":"1979"},{"entity_id":"927","field_year_value":"1970"},{"entity_id":"929","field_year_value":"2007"},{"entity_id":"930","field_year_value":"2003"},{"entity_id":"931","field_year_value":"2010"},{"entity_id":"932","field_year_value":"1998"},{"entity_id":"933","field_year_value":"2009"},{"entity_id":"935","field_year_value":"1984"},{"entity_id":"936","field_year_value":"2008"},{"entity_id":"938","field_year_value":"1985"},{"entity_id":"940","field_year_value":"2009"},{"entity_id":"941","field_year_value":"1999"},{"entity_id":"944","field_year_value":"1980"},{"entity_id":"945","field_year_value":"1991"},{"entity_id":"948","field_year_value":"1997"},{"entity_id":"950","field_year_value":"1994"},{"entity_id":"952","field_year_value":"2002"},{"entity_id":"953","field_year_value":"2004"},{"entity_id":"956","field_year_value":"2008"},{"entity_id":"960","field_year_value":"2011"},{"entity_id":"961","field_year_value":"1985"},{"entity_id":"963","field_year_value":"1994"},{"entity_id":"965","field_year_value":"1986"},{"entity_id":"967","field_year_value":"2009"},{"entity_id":"968","field_year_value":"2008"},{"entity_id":"969","field_year_value":"2009"},{"entity_id":"980","field_year_value":"2001"},{"entity_id":"981","field_year_value":"1995"},{"entity_id":"986","field_year_value":"1986"},{"entity_id":"987","field_year_value":"1996"},{"entity_id":"989","field_year_value":"1997"},{"entity_id":"990","field_year_value":"1996"},{"entity_id":"1005","field_year_value":"1974"},{"entity_id":"1038","field_year_value":"1989"},{"entity_id":"1042","field_year_value":"2006"},{"entity_id":"1043","field_year_value":"1984"},{"entity_id":"1044","field_year_value":"2004"},{"entity_id":"1045","field_year_value":"2006"},{"entity_id":"1048","field_year_value":"2009"},{"entity_id":"1049","field_year_value":"2008"},{"entity_id":"1050","field_year_value":"1996"},{"entity_id":"1051","field_year_value":"2008"},{"entity_id":"1053","field_year_value":"2008"},{"entity_id":"1054","field_year_value":"2009"},{"entity_id":"1080","field_year_value":"2003"},{"entity_id":"1081","field_year_value":"1984"},{"entity_id":"1085","field_year_value":"1987"},{"entity_id":"1094","field_year_value":"1987"},{"entity_id":"1098","field_year_value":"1940"},{"entity_id":"1100","field_year_value":"2004"},{"entity_id":"1102","field_year_value":"2007"},{"entity_id":"1103","field_year_value":"2007"},{"entity_id":"1104","field_year_value":"2008"},{"entity_id":"1108","field_year_value":"1998"},{"entity_id":"1109","field_year_value":"1958"},{"entity_id":"1110","field_year_value":"2012"},{"entity_id":"1125","field_year_value":"2007"},{"entity_id":"1126","field_year_value":"2005"},{"entity_id":"1152","field_year_value":"2006"},{"entity_id":"1166","field_year_value":"1988"},{"entity_id":"1168","field_year_value":"2009"},{"entity_id":"1176","field_year_value":"1999"},{"entity_id":"1179","field_year_value":"1995"},{"entity_id":"1187","field_year_value":"2010"},{"entity_id":"1188","field_year_value":"2007"},{"entity_id":"1199","field_year_value":"2006"},{"entity_id":"1200","field_year_value":"2007"},{"entity_id":"1206","field_year_value":"1997"},{"entity_id":"1207","field_year_value":"1963"},{"entity_id":"1208","field_year_value":"2005"},{"entity_id":"1212","field_year_value":"1986"},{"entity_id":"1213","field_year_value":"1979"},{"entity_id":"1214","field_year_value":"2004"},{"entity_id":"1216","field_year_value":"1984"},{"entity_id":"1217","field_year_value":"1973"},{"entity_id":"1101","field_year_value":"2011"},{"entity_id":"966","field_year_value":"2003"},{"entity_id":"748","field_year_value":"2005"},{"entity_id":"7","field_year_value":"2009"},{"entity_id":"942","field_year_value":"2007"},{"entity_id":"887","field_year_value":"2005"},{"entity_id":"734","field_year_value":"2006"},{"entity_id":"844","field_year_value":"2001"},{"entity_id":"898","field_year_value":"2002"},{"entity_id":"659","field_year_value":"2009"},{"entity_id":"796","field_year_value":"1968"},{"entity_id":"962","field_year_value":"2011"},{"entity_id":"733","field_year_value":"2006"},{"entity_id":"897","field_year_value":"1995"},{"entity_id":"891","field_year_value":"1998"},{"entity_id":"704","field_year_value":"1987"},{"entity_id":"914","field_year_value":"2005"},{"entity_id":"912","field_year_value":"2000"},{"entity_id":"696","field_year_value":"2003"},{"entity_id":"1095","field_year_value":"1991"},{"entity_id":"1099","field_year_value":"2006"},{"entity_id":"860","field_year_value":"1987"},{"entity_id":"1230","field_year_value":"2005"},{"entity_id":"854","field_year_value":"1998"},{"entity_id":"878","field_year_value":"1999"},{"entity_id":"1107","field_year_value":"2004"},{"entity_id":"1001","field_year_value":"1972"},{"entity_id":"1215","field_year_value":"2013"},{"entity_id":"773","field_year_value":"2001"},{"entity_id":"12","field_year_value":"2001"},{"entity_id":"875","field_year_value":"2003"},{"entity_id":"899","field_year_value":"1997"},{"entity_id":"900","field_year_value":"2000"},{"entity_id":"1229","field_year_value":"2012"},{"entity_id":"872","field_year_value":"1971"},{"entity_id":"660","field_year_value":"2000"},{"entity_id":"1096","field_year_value":"1976"},{"entity_id":"1093","field_year_value":"1985"},{"entity_id":"873","field_year_value":"1962"},{"entity_id":"792","field_year_value":"2008"},{"entity_id":"1231","field_year_value":"2012"},{"entity_id":"1233","field_year_value":"1985"},{"entity_id":"1234","field_year_value":"1935"},{"entity_id":"1201","field_year_value":"2011"},{"entity_id":"1235","field_year_value":"1987"},{"entity_id":"1236","field_year_value":"2009"},{"entity_id":"1237","field_year_value":"2014"},{"entity_id":"1238","field_year_value":"2014"},{"entity_id":"658","field_year_value":"2000-2011"},{"entity_id":"864","field_year_value":"1999"},{"entity_id":"934","field_year_value":"1996"},{"entity_id":"702","field_year_value":"1980"},{"entity_id":"874","field_year_value":"1982"},{"entity_id":"683","field_year_value":"1972"},{"entity_id":"889","field_year_value":"1991"},{"entity_id":"890","field_year_value":"1993"},{"entity_id":"723","field_year_value":"1965"},{"entity_id":"1239","field_year_value":"2014"},{"entity_id":"1240","field_year_value":"2014"},{"entity_id":"1241","field_year_value":"2015"},{"entity_id":"1242","field_year_value":"2015"},{"entity_id":"1243","field_year_value":"1990"},{"entity_id":"1244","field_year_value":"2013"},{"entity_id":"677","field_year_value":"1956"},{"entity_id":"848","field_year_value":"1963"},{"entity_id":"964","field_year_value":"2006"}]}