{"field_data_body":[{"entity_id":"1","body_value":"[video: index=0]\r\n<!-- START OF THE PLAYER EMBEDDING TO COPY-PASTE -->\r\n<div id=\"mediaplayer\">JW Player goes here<\/div>\r\n<script type=\"text\/javascript\" src=\"\/transcend\/0_sites\/video\/sites\/all\/libraries\/jwplayer\/jwplayer.js\"><\/script>\r\n\t<script type=\"text\/javascript\">\r\n\t\tjwplayer(\"mediaplayer\").setup({\r\n\t\t\tflashplayer: \"\/transcend\/0_sites\/video\/sites\/all\/libraries\/jwplayer\/player.swf\",\r\n\t\t\t\/\/file: \"\/sites\/video\/sites\/default\/files\/test.avi\",\r\n\t\t\t\/\/file: \"\/sites\/video\/sites\/default\/files\/video.mp4\",\r\n\t\t\t\/\/file: \"http:\/\/mycomp\/video\/kvn,fun\/rufinad.flv\",\r\n\t\t\t\/\/file: \"http:\/\/mycomp\/video\/kvn,fun\/zp%5B1%5D.avi\",\r\n\t\t\t\/\/file: \"http:\/\/mycomp\/video\/mult\/Killer%20Bean%202.avi\",\r\n\t\t\t\/\/file: \"http:\/\/mycomp\/video\/mult\/maslennitca.mpg\",\r\n\t\t\t\/\/file: \"http:\/\/mycomp\/video\/mult\/hippo.flv\",\r\n\t\t\timage: \"preview.jpg\",\r\n    'id': 'playerID',\r\n    'width': '650',\r\n    'height': '240',\r\n    'playlistfile': '\/transcend\/0_sites\/video\/sites\/all\/libraries\/jwplayer\/playlist.xml',\r\n    'playlist.position': 'right',\r\n    'playlist.size': '250',\r\n    'controlbar': 'over'\r\n\t\t});\r\n<\/script>\r\n<!-- END OF THE PLAYER EMBEDDING -->\r\n\r\n<div>uflvplayer<br>\r\n<object type=\"application\/x-shockwave-flash\" data=\"\/transcend\/0_sites\/video\/sites\/all\/libraries\/uflvplayer_500x375.swf\" height=\"340\" width=\"400\">\r\n\t<param name=\"bgcolor\" value=\"#FFFFFF\" \/>\r\n\t<param name=\"allowFullScreen\" value=\"true\" \/>\r\n\t<param name=\"allowScriptAccess\" value=\"always\" \/>\r\n\t<param name=\"movie\" value=\"\/sites\/video\/sites\/all\/libraries\/uflvplayer_500x375.swf\" \/>\r\n\t<param name=\"FlashVars\" \r\nvalue=\"way=http:\/\/mycomp\/video\/mult\/burevestnik.flv&amp;swf=players\/uflvplayer_500x375.swf&amp;w=400&amp;h=340&amp;pic=&amp;autoplay=0&amp;tools=1&amp;skin=greyblack&amp;volume=70&amp;q=&amp;comment=\" \/>\r\n<\/object>\r\n<\/div>\r\n\r\n"},{"entity_id":"1220","body_value":"https:\/\/www.youtube.com\/watch?v=52rBL2rqrag&list=PL2sTusldk6UhvxnMmOBmAE5qN0e8ITwrC&index=29#Smycz\r\nhttps:\/\/www.youtube.com\/watch?v=yYSv6JEWUfQ&list=PL2sTusldk6UhvxnMmOBmAE5qN0e8ITwrC&index=27#Twist\r\nhttp:\/\/pl.wikipedia.org\/wiki\/Maanam\r\n\r\n"},{"entity_id":"1219","body_value":"https:\/\/www.youtube.com\/watch?v=GM7U6HJWpDQ&list=PL2sTusldk6UjXkPp5UZGmcBKxkfnmq7NL&index=10#JABOL PUNK, youtube.com, external\r\nhttps:\/\/www.youtube.com\/watch?v=vTqFBuisxU0&list=PL2sTusldk6UjXkPp5UZGmcBKxkfnmq7NL&index=11#KTO CIE OBRONI POLSKO, youtube.com, external"},{"entity_id":"1218","body_value":"https:\/\/www.youtube.com\/watch?v=94H-FM4i3ZQ&list=PL2sTusldk6UjXkPp5UZGmcBKxkfnmq7NL&index=9#Psy i Koty, youtube.com"},{"entity_id":"3","body_value":"https:\/\/www.youtube.com\/watch?v=ixvLk1GoeWg&index=31&list=PL2sTusldk6UiOS6SLrbUjBPslKJhV0_cf\r\n\u0424\u0438\u043b\u044c\u043c \u00ab\u0420\u0430\u0441\u0441\u043a\u0430\u0437\u044b\u00bb. \u0421\u043c\u043e\u0442\u0440\u0435\u0442\u044c \u043e\u043d\u043b\u0430\u0439\u043d \u0444\u0438\u043b\u044c\u043c"}]}