{"taxonomy_term_hierarchy":[{"tid":"2","parent":"90"},{"tid":"3","parent":"0"},{"tid":"4","parent":"3"},{"tid":"5","parent":"3"},{"tid":"12","parent":"3"},{"tid":"13","parent":"3"},{"tid":"14","parent":"3"},{"tid":"15","parent":"2"},{"tid":"16","parent":"2"},{"tid":"17","parent":"2"},{"tid":"18","parent":"2"},{"tid":"21","parent":"0"},{"tid":"22","parent":"21"},{"tid":"23","parent":"21"},{"tid":"24","parent":"21"},{"tid":"25","parent":"21"},{"tid":"26","parent":"21"},{"tid":"27","parent":"21"},{"tid":"28","parent":"3"},{"tid":"31","parent":"0"},{"tid":"32","parent":"3"},{"tid":"33","parent":"3"},{"tid":"35","parent":"3"},{"tid":"36","parent":"2"},{"tid":"37","parent":"3"},{"tid":"38","parent":"2"},{"tid":"39","parent":"3"},{"tid":"42","parent":"3"},{"tid":"43","parent":"3"},{"tid":"44","parent":"2"},{"tid":"45","parent":"2"},{"tid":"46","parent":"2"},{"tid":"47","parent":"2"},{"tid":"48","parent":"3"},{"tid":"49","parent":"3"},{"tid":"50","parent":"92"},{"tid":"51","parent":"83"},{"tid":"52","parent":"2"},{"tid":"53","parent":"3"},{"tid":"54","parent":"3"},{"tid":"55","parent":"2"},{"tid":"56","parent":"2"},{"tid":"57","parent":"5"},{"tid":"58","parent":"2"},{"tid":"59","parent":"0"},{"tid":"60","parent":"59"},{"tid":"61","parent":"59"},{"tid":"62","parent":"59"},{"tid":"63","parent":"59"},{"tid":"64","parent":"59"},{"tid":"65","parent":"59"},{"tid":"66","parent":"59"},{"tid":"67","parent":"59"},{"tid":"68","parent":"59"},{"tid":"69","parent":"59"},{"tid":"70","parent":"59"},{"tid":"71","parent":"59"},{"tid":"72","parent":"59"},{"tid":"73","parent":"59"},{"tid":"74","parent":"59"},{"tid":"75","parent":"59"},{"tid":"76","parent":"59"},{"tid":"77","parent":"59"},{"tid":"79","parent":"59"},{"tid":"80","parent":"2"},{"tid":"81","parent":"2"},{"tid":"82","parent":"2"},{"tid":"83","parent":"49"},{"tid":"84","parent":"92"},{"tid":"85","parent":"92"},{"tid":"86","parent":"92"},{"tid":"87","parent":"92"},{"tid":"88","parent":"59"},{"tid":"89","parent":"59"},{"tid":"90","parent":"0"},{"tid":"91","parent":"90"},{"tid":"92","parent":"90"},{"tid":"93","parent":"91"},{"tid":"94","parent":"91"},{"tid":"95","parent":"91"},{"tid":"96","parent":"3"},{"tid":"97","parent":"2"},{"tid":"98","parent":"49"},{"tid":"99","parent":"90"},{"tid":"100","parent":"49"},{"tid":"101","parent":"49"},{"tid":"102","parent":"49"},{"tid":"103","parent":"5"},{"tid":"104","parent":"91"},{"tid":"105","parent":"2"},{"tid":"106","parent":"2"},{"tid":"107","parent":"91"},{"tid":"108","parent":"91"},{"tid":"109","parent":"91"},{"tid":"110","parent":"91"},{"tid":"111","parent":"2"},{"tid":"112","parent":"59"},{"tid":"113","parent":"2"},{"tid":"114","parent":"59"},{"tid":"115","parent":"91"},{"tid":"116","parent":"91"},{"tid":"117","parent":"3"},{"tid":"118","parent":"59"},{"tid":"119","parent":"3"},{"tid":"120","parent":"3"},{"tid":"121","parent":"59"},{"tid":"122","parent":"2"},{"tid":"123","parent":"2"},{"tid":"124","parent":"91"},{"tid":"125","parent":"91"},{"tid":"126","parent":"91"},{"tid":"127","parent":"91"},{"tid":"128","parent":"59"},{"tid":"129","parent":"91"},{"tid":"130","parent":"91"},{"tid":"131","parent":"2"},{"tid":"132","parent":"91"},{"tid":"133","parent":"91"},{"tid":"134","parent":"91"},{"tid":"135","parent":"91"},{"tid":"136","parent":"91"},{"tid":"137","parent":"3"},{"tid":"138","parent":"59"},{"tid":"139","parent":"91"},{"tid":"140","parent":"91"},{"tid":"141","parent":"21"},{"tid":"142","parent":"2"},{"tid":"143","parent":"91"},{"tid":"144","parent":"91"},{"tid":"145","parent":"91"},{"tid":"146","parent":"3"},{"tid":"147","parent":"2"},{"tid":"148","parent":"0"},{"tid":"149","parent":"91"},{"tid":"150","parent":"148"},{"tid":"151","parent":"91"},{"tid":"152","parent":"91"},{"tid":"153","parent":"59"},{"tid":"154","parent":"91"},{"tid":"155","parent":"91"},{"tid":"156","parent":"59"},{"tid":"157","parent":"2"},{"tid":"158","parent":"2"},{"tid":"159","parent":"2"},{"tid":"160","parent":"2"},{"tid":"161","parent":"2"},{"tid":"162","parent":"59"},{"tid":"163","parent":"59"},{"tid":"164","parent":"3"},{"tid":"165","parent":"91"},{"tid":"166","parent":"91"},{"tid":"167","parent":"146"},{"tid":"168","parent":"59"},{"tid":"169","parent":"3"},{"tid":"171","parent":"59"},{"tid":"172","parent":"32"},{"tid":"173","parent":"32"},{"tid":"174","parent":"91"},{"tid":"175","parent":"91"},{"tid":"176","parent":"91"},{"tid":"177","parent":"91"},{"tid":"178","parent":"91"},{"tid":"179","parent":"91"},{"tid":"180","parent":"91"},{"tid":"181","parent":"91"},{"tid":"182","parent":"2"},{"tid":"183","parent":"91"},{"tid":"184","parent":"59"},{"tid":"185","parent":"59"},{"tid":"186","parent":"90"},{"tid":"187","parent":"91"},{"tid":"188","parent":"2"},{"tid":"189","parent":"91"},{"tid":"190","parent":"2"},{"tid":"191","parent":"91"},{"tid":"192","parent":"91"},{"tid":"193","parent":"59"},{"tid":"194","parent":"91"},{"tid":"195","parent":"91"},{"tid":"196","parent":"91"},{"tid":"198","parent":"91"},{"tid":"199","parent":"91"},{"tid":"200","parent":"90"},{"tid":"201","parent":"172"},{"tid":"202","parent":"2"},{"tid":"203","parent":"91"},{"tid":"204","parent":"91"},{"tid":"205","parent":"0"},{"tid":"206","parent":"0"},{"tid":"207","parent":"205"},{"tid":"208","parent":"205"},{"tid":"209","parent":"205"},{"tid":"210","parent":"205"},{"tid":"211","parent":"205"},{"tid":"212","parent":"205"},{"tid":"213","parent":"205"},{"tid":"214","parent":"205"},{"tid":"215","parent":"205"},{"tid":"216","parent":"205"},{"tid":"217","parent":"205"},{"tid":"218","parent":"205"},{"tid":"219","parent":"205"},{"tid":"220","parent":"205"},{"tid":"221","parent":"205"},{"tid":"222","parent":"205"},{"tid":"223","parent":"205"},{"tid":"224","parent":"205"},{"tid":"225","parent":"205"},{"tid":"226","parent":"205"},{"tid":"227","parent":"205"},{"tid":"228","parent":"205"},{"tid":"229","parent":"206"},{"tid":"230","parent":"206"},{"tid":"231","parent":"206"},{"tid":"232","parent":"206"},{"tid":"233","parent":"206"},{"tid":"234","parent":"206"},{"tid":"235","parent":"206"},{"tid":"236","parent":"206"},{"tid":"237","parent":"206"},{"tid":"238","parent":"206"},{"tid":"239","parent":"206"},{"tid":"240","parent":"206"},{"tid":"241","parent":"206"},{"tid":"242","parent":"206"},{"tid":"243","parent":"206"},{"tid":"244","parent":"206"},{"tid":"245","parent":"206"},{"tid":"246","parent":"206"},{"tid":"247","parent":"206"},{"tid":"248","parent":"206"},{"tid":"249","parent":"206"},{"tid":"250","parent":"206"},{"tid":"251","parent":"206"},{"tid":"252","parent":"206"},{"tid":"253","parent":"206"},{"tid":"254","parent":"206"},{"tid":"255","parent":"206"},{"tid":"256","parent":"206"},{"tid":"257","parent":"0"},{"tid":"258","parent":"257"},{"tid":"259","parent":"257"},{"tid":"260","parent":"257"},{"tid":"261","parent":"257"},{"tid":"262","parent":"257"},{"tid":"263","parent":"257"},{"tid":"264","parent":"257"},{"tid":"265","parent":"257"},{"tid":"266","parent":"257"},{"tid":"267","parent":"257"},{"tid":"268","parent":"205"}]}