{"taxonomy_index":[{"nid":"4","tid":"4"},{"nid":"4","tid":"28"},{"nid":"4","tid":"22"},{"nid":"6","tid":"43"},{"nid":"6","tid":"5"},{"nid":"6","tid":"15"},{"nid":"6","tid":"94"},{"nid":"6","tid":"22"},{"nid":"8","tid":"33"},{"nid":"8","tid":"4"},{"nid":"8","tid":"5"},{"nid":"8","tid":"75"},{"nid":"8","tid":"150"},{"nid":"8","tid":"27"},{"nid":"9","tid":"4"},{"nid":"9","tid":"42"},{"nid":"9","tid":"16"},{"nid":"9","tid":"22"},{"nid":"10","tid":"4"},{"nid":"10","tid":"42"},{"nid":"10","tid":"16"},{"nid":"10","tid":"22"},{"nid":"11","tid":"4"},{"nid":"11","tid":"5"},{"nid":"11","tid":"93"},{"nid":"11","tid":"16"},{"nid":"11","tid":"61"},{"nid":"11","tid":"70"},{"nid":"11","tid":"22"},{"nid":"13","tid":"5"},{"nid":"13","tid":"22"},{"nid":"656","tid":"37"},{"nid":"656","tid":"5"},{"nid":"656","tid":"77"},{"nid":"656","tid":"22"},{"nid":"661","tid":"5"},{"nid":"661","tid":"13"},{"nid":"661","tid":"158"},{"nid":"661","tid":"60"},{"nid":"661","tid":"148"},{"nid":"661","tid":"22"},{"nid":"661","tid":"27"},{"nid":"662","tid":"33"},{"nid":"662","tid":"96"},{"nid":"662","tid":"54"},{"nid":"662","tid":"60"},{"nid":"662","tid":"66"},{"nid":"662","tid":"22"},{"nid":"663","tid":"4"},{"nid":"663","tid":"61"},{"nid":"663","tid":"150"},{"nid":"663","tid":"22"},{"nid":"664","tid":"33"},{"nid":"664","tid":"32"},{"nid":"664","tid":"68"},{"nid":"664","tid":"22"},{"nid":"665","tid":"169"},{"nid":"665","tid":"32"},{"nid":"665","tid":"68"},{"nid":"665","tid":"22"},{"nid":"666","tid":"5"},{"nid":"666","tid":"62"},{"nid":"666","tid":"76"},{"nid":"666","tid":"148"},{"nid":"666","tid":"22"},{"nid":"668","tid":"49"},{"nid":"668","tid":"83"},{"nid":"668","tid":"51"},{"nid":"668","tid":"85"},{"nid":"668","tid":"22"},{"nid":"669","tid":"49"},{"nid":"669","tid":"51"},{"nid":"669","tid":"22"},{"nid":"670","tid":"49"},{"nid":"670","tid":"83"},{"nid":"670","tid":"51"},{"nid":"670","tid":"22"},{"nid":"671","tid":"49"},{"nid":"671","tid":"51"},{"nid":"671","tid":"85"},{"nid":"671","tid":"25"},{"nid":"672","tid":"4"},{"nid":"672","tid":"5"},{"nid":"672","tid":"68"},{"nid":"672","tid":"22"},{"nid":"673","tid":"4"},{"nid":"673","tid":"111"},{"nid":"673","tid":"67"},{"nid":"673","tid":"89"},{"nid":"673","tid":"150"},{"nid":"673","tid":"22"},{"nid":"674","tid":"4"},{"nid":"674","tid":"43"},{"nid":"674","tid":"135"},{"nid":"674","tid":"61"},{"nid":"674","tid":"73"},{"nid":"674","tid":"22"},{"nid":"675","tid":"4"},{"nid":"675","tid":"96"},{"nid":"675","tid":"160"},{"nid":"675","tid":"66"},{"nid":"676","tid":"5"},{"nid":"676","tid":"60"},{"nid":"676","tid":"27"},{"nid":"678","tid":"32"},{"nid":"678","tid":"68"},{"nid":"678","tid":"22"},{"nid":"679","tid":"39"},{"nid":"679","tid":"96"},{"nid":"679","tid":"12"},{"nid":"679","tid":"123"},{"nid":"679","tid":"61"},{"nid":"679","tid":"62"},{"nid":"679","tid":"89"},{"nid":"679","tid":"27"},{"nid":"680","tid":"4"},{"nid":"680","tid":"123"},{"nid":"680","tid":"60"},{"nid":"680","tid":"61"},{"nid":"680","tid":"71"},{"nid":"680","tid":"66"},{"nid":"680","tid":"89"},{"nid":"680","tid":"75"},{"nid":"680","tid":"27"},{"nid":"681","tid":"4"},{"nid":"681","tid":"13"},{"nid":"681","tid":"43"},{"nid":"681","tid":"56"},{"nid":"681","tid":"60"},{"nid":"681","tid":"66"},{"nid":"681","tid":"22"},{"nid":"682","tid":"4"},{"nid":"682","tid":"66"},{"nid":"682","tid":"22"},{"nid":"684","tid":"96"},{"nid":"684","tid":"5"},{"nid":"684","tid":"42"},{"nid":"684","tid":"175"},{"nid":"684","tid":"134"},{"nid":"684","tid":"140"},{"nid":"684","tid":"174"},{"nid":"684","tid":"176"},{"nid":"684","tid":"82"},{"nid":"684","tid":"73"},{"nid":"684","tid":"27"},{"nid":"685","tid":"5"},{"nid":"685","tid":"42"},{"nid":"685","tid":"175"},{"nid":"685","tid":"140"},{"nid":"685","tid":"176"},{"nid":"685","tid":"45"},{"nid":"685","tid":"73"},{"nid":"685","tid":"22"},{"nid":"686","tid":"43"},{"nid":"686","tid":"61"},{"nid":"686","tid":"150"},{"nid":"686","tid":"22"},{"nid":"687","tid":"4"},{"nid":"687","tid":"43"},{"nid":"687","tid":"73"},{"nid":"687","tid":"22"},{"nid":"688","tid":"5"},{"nid":"688","tid":"61"},{"nid":"688","tid":"22"},{"nid":"689","tid":"32"},{"nid":"689","tid":"117"},{"nid":"689","tid":"62"},{"nid":"689","tid":"66"},{"nid":"689","tid":"22"},{"nid":"691","tid":"5"},{"nid":"691","tid":"14"},{"nid":"691","tid":"117"},{"nid":"691","tid":"43"},{"nid":"691","tid":"106"},{"nid":"691","tid":"68"},{"nid":"691","tid":"22"},{"nid":"692","tid":"96"},{"nid":"692","tid":"5"},{"nid":"692","tid":"61"},{"nid":"692","tid":"22"},{"nid":"693","tid":"4"},{"nid":"693","tid":"28"},{"nid":"693","tid":"121"},{"nid":"693","tid":"22"},{"nid":"695","tid":"31"},{"nid":"695","tid":"4"},{"nid":"695","tid":"28"},{"nid":"695","tid":"186"},{"nid":"695","tid":"68"},{"nid":"695","tid":"24"},{"nid":"697","tid":"5"},{"nid":"697","tid":"28"},{"nid":"697","tid":"12"},{"nid":"697","tid":"62"},{"nid":"697","tid":"22"},{"nid":"698","tid":"169"},{"nid":"698","tid":"28"},{"nid":"699","tid":"96"},{"nid":"699","tid":"117"},{"nid":"699","tid":"39"},{"nid":"699","tid":"4"},{"nid":"699","tid":"22"},{"nid":"699","tid":"68"},{"nid":"703","tid":"39"},{"nid":"703","tid":"136"},{"nid":"703","tid":"73"},{"nid":"703","tid":"22"},{"nid":"705","tid":"4"},{"nid":"705","tid":"71"},{"nid":"705","tid":"75"},{"nid":"705","tid":"22"},{"nid":"706","tid":"4"},{"nid":"706","tid":"76"},{"nid":"706","tid":"22"},{"nid":"707","tid":"4"},{"nid":"707","tid":"96"},{"nid":"707","tid":"165"},{"nid":"707","tid":"62"},{"nid":"707","tid":"150"},{"nid":"707","tid":"22"},{"nid":"708","tid":"43"},{"nid":"708","tid":"12"},{"nid":"708","tid":"39"},{"nid":"708","tid":"22"},{"nid":"708","tid":"60"},{"nid":"709","tid":"32"},{"nid":"709","tid":"172"},{"nid":"709","tid":"201"},{"nid":"709","tid":"63"},{"nid":"709","tid":"22"},{"nid":"711","tid":"32"},{"nid":"711","tid":"66"},{"nid":"711","tid":"22"},{"nid":"712","tid":"37"},{"nid":"712","tid":"4"},{"nid":"712","tid":"43"},{"nid":"712","tid":"26"},{"nid":"713","tid":"5"},{"nid":"713","tid":"28"},{"nid":"713","tid":"122"},{"nid":"713","tid":"69"},{"nid":"713","tid":"22"},{"nid":"715","tid":"5"},{"nid":"715","tid":"28"},{"nid":"715","tid":"153"},{"nid":"715","tid":"22"},{"nid":"716","tid":"5"},{"nid":"716","tid":"28"},{"nid":"716","tid":"89"},{"nid":"716","tid":"22"},{"nid":"718","tid":"5"},{"nid":"718","tid":"28"},{"nid":"718","tid":"89"},{"nid":"718","tid":"22"},{"nid":"719","tid":"5"},{"nid":"719","tid":"28"},{"nid":"719","tid":"112"},{"nid":"719","tid":"150"},{"nid":"719","tid":"22"},{"nid":"720","tid":"169"},{"nid":"720","tid":"4"},{"nid":"720","tid":"96"},{"nid":"720","tid":"73"},{"nid":"720","tid":"22"},{"nid":"721","tid":"42"},{"nid":"721","tid":"114"},{"nid":"721","tid":"150"},{"nid":"721","tid":"22"},{"nid":"722","tid":"5"},{"nid":"722","tid":"80"},{"nid":"722","tid":"73"},{"nid":"722","tid":"22"},{"nid":"724","tid":"5"},{"nid":"724","tid":"196"},{"nid":"724","tid":"180"},{"nid":"724","tid":"136"},{"nid":"724","tid":"195"},{"nid":"724","tid":"194"},{"nid":"724","tid":"139"},{"nid":"724","tid":"80"},{"nid":"724","tid":"73"},{"nid":"724","tid":"22"},{"nid":"725","tid":"37"},{"nid":"725","tid":"4"},{"nid":"725","tid":"12"},{"nid":"725","tid":"66"},{"nid":"725","tid":"27"},{"nid":"727","tid":"68"},{"nid":"728","tid":"39"},{"nid":"728","tid":"96"},{"nid":"728","tid":"68"},{"nid":"728","tid":"22"},{"nid":"729","tid":"5"},{"nid":"729","tid":"175"},{"nid":"729","tid":"140"},{"nid":"729","tid":"136"},{"nid":"729","tid":"179"},{"nid":"729","tid":"152"},{"nid":"729","tid":"45"},{"nid":"729","tid":"73"},{"nid":"729","tid":"22"},{"nid":"730","tid":"4"},{"nid":"730","tid":"14"},{"nid":"730","tid":"67"},{"nid":"730","tid":"89"},{"nid":"730","tid":"150"},{"nid":"730","tid":"22"},{"nid":"731","tid":"4"},{"nid":"731","tid":"96"},{"nid":"731","tid":"177"},{"nid":"731","tid":"179"},{"nid":"731","tid":"178"},{"nid":"731","tid":"81"},{"nid":"731","tid":"105"},{"nid":"731","tid":"73"},{"nid":"731","tid":"141"},{"nid":"735","tid":"39"},{"nid":"735","tid":"74"},{"nid":"735","tid":"66"},{"nid":"737","tid":"43"},{"nid":"737","tid":"5"},{"nid":"737","tid":"45"},{"nid":"737","tid":"140"},{"nid":"737","tid":"139"},{"nid":"737","tid":"73"},{"nid":"738","tid":"4"},{"nid":"738","tid":"5"},{"nid":"738","tid":"13"},{"nid":"738","tid":"155"},{"nid":"738","tid":"44"},{"nid":"738","tid":"60"},{"nid":"739","tid":"28"},{"nid":"739","tid":"65"},{"nid":"739","tid":"22"},{"nid":"740","tid":"5"},{"nid":"740","tid":"28"},{"nid":"740","tid":"157"},{"nid":"740","tid":"66"},{"nid":"740","tid":"22"},{"nid":"741","tid":"32"},{"nid":"741","tid":"172"},{"nid":"741","tid":"201"},{"nid":"741","tid":"68"},{"nid":"741","tid":"25"},{"nid":"742","tid":"32"},{"nid":"742","tid":"172"},{"nid":"742","tid":"68"},{"nid":"742","tid":"22"},{"nid":"743","tid":"33"},{"nid":"743","tid":"32"},{"nid":"743","tid":"68"},{"nid":"743","tid":"22"},{"nid":"744","tid":"33"},{"nid":"744","tid":"32"},{"nid":"744","tid":"96"},{"nid":"745","tid":"5"},{"nid":"745","tid":"137"},{"nid":"745","tid":"14"},{"nid":"745","tid":"112"},{"nid":"745","tid":"60"},{"nid":"745","tid":"89"},{"nid":"745","tid":"22"},{"nid":"746","tid":"5"},{"nid":"746","tid":"200"},{"nid":"746","tid":"60"},{"nid":"746","tid":"23"},{"nid":"747","tid":"5"},{"nid":"747","tid":"28"},{"nid":"747","tid":"157"},{"nid":"747","tid":"66"},{"nid":"747","tid":"22"},{"nid":"749","tid":"13"},{"nid":"749","tid":"161"},{"nid":"749","tid":"66"},{"nid":"749","tid":"22"},{"nid":"750","tid":"4"},{"nid":"750","tid":"112"},{"nid":"750","tid":"89"},{"nid":"751","tid":"4"},{"nid":"751","tid":"13"},{"nid":"751","tid":"22"},{"nid":"752","tid":"117"},{"nid":"752","tid":"32"},{"nid":"752","tid":"22"},{"nid":"752","tid":"66"},{"nid":"753","tid":"4"},{"nid":"755","tid":"32"},{"nid":"755","tid":"96"},{"nid":"755","tid":"60"},{"nid":"755","tid":"22"},{"nid":"756","tid":"117"},{"nid":"756","tid":"32"},{"nid":"756","tid":"110"},{"nid":"756","tid":"68"},{"nid":"757","tid":"32"},{"nid":"757","tid":"96"},{"nid":"757","tid":"68"},{"nid":"757","tid":"22"},{"nid":"758","tid":"42"},{"nid":"758","tid":"71"},{"nid":"758","tid":"67"},{"nid":"758","tid":"75"},{"nid":"758","tid":"148"},{"nid":"758","tid":"22"},{"nid":"759","tid":"32"},{"nid":"759","tid":"68"},{"nid":"759","tid":"22"},{"nid":"763","tid":"32"},{"nid":"763","tid":"96"},{"nid":"763","tid":"61"},{"nid":"763","tid":"22"},{"nid":"769","tid":"33"},{"nid":"769","tid":"32"},{"nid":"769","tid":"60"},{"nid":"769","tid":"68"},{"nid":"769","tid":"22"},{"nid":"775","tid":"32"},{"nid":"775","tid":"102"},{"nid":"775","tid":"66"},{"nid":"775","tid":"22"},{"nid":"777","tid":"32"},{"nid":"777","tid":"173"},{"nid":"777","tid":"60"},{"nid":"777","tid":"22"},{"nid":"779","tid":"4"},{"nid":"779","tid":"13"},{"nid":"779","tid":"22"},{"nid":"781","tid":"31"},{"nid":"781","tid":"5"},{"nid":"781","tid":"66"},{"nid":"781","tid":"22"},{"nid":"782","tid":"5"},{"nid":"782","tid":"68"},{"nid":"782","tid":"22"},{"nid":"783","tid":"32"},{"nid":"783","tid":"173"},{"nid":"783","tid":"60"},{"nid":"783","tid":"22"},{"nid":"784","tid":"5"},{"nid":"784","tid":"189"},{"nid":"784","tid":"190"},{"nid":"784","tid":"89"},{"nid":"784","tid":"22"},{"nid":"785","tid":"37"},{"nid":"785","tid":"63"},{"nid":"785","tid":"22"},{"nid":"788","tid":"33"},{"nid":"788","tid":"32"},{"nid":"788","tid":"96"},{"nid":"788","tid":"60"},{"nid":"788","tid":"61"},{"nid":"788","tid":"22"},{"nid":"791","tid":"5"},{"nid":"791","tid":"56"},{"nid":"791","tid":"60"},{"nid":"791","tid":"22"},{"nid":"793","tid":"5"},{"nid":"793","tid":"198"},{"nid":"793","tid":"199"},{"nid":"793","tid":"140"},{"nid":"793","tid":"152"},{"nid":"793","tid":"45"},{"nid":"793","tid":"73"},{"nid":"793","tid":"22"},{"nid":"795","tid":"5"},{"nid":"795","tid":"22"},{"nid":"795","tid":"89"},{"nid":"795","tid":"67"},{"nid":"797","tid":"4"},{"nid":"797","tid":"126"},{"nid":"797","tid":"109"},{"nid":"797","tid":"145"},{"nid":"798","tid":"37"},{"nid":"798","tid":"4"},{"nid":"798","tid":"96"},{"nid":"798","tid":"156"},{"nid":"798","tid":"22"},{"nid":"800","tid":"32"},{"nid":"800","tid":"96"},{"nid":"800","tid":"66"},{"nid":"800","tid":"22"},{"nid":"801","tid":"32"},{"nid":"801","tid":"96"},{"nid":"801","tid":"117"},{"nid":"801","tid":"61"},{"nid":"801","tid":"22"},{"nid":"802","tid":"32"},{"nid":"802","tid":"117"},{"nid":"802","tid":"60"},{"nid":"802","tid":"22"},{"nid":"803","tid":"32"},{"nid":"803","tid":"22"},{"nid":"803","tid":"61"},{"nid":"806","tid":"5"},{"nid":"806","tid":"129"},{"nid":"806","tid":"136"},{"nid":"806","tid":"73"},{"nid":"806","tid":"22"},{"nid":"808","tid":"5"},{"nid":"808","tid":"28"},{"nid":"808","tid":"157"},{"nid":"808","tid":"66"},{"nid":"808","tid":"22"},{"nid":"809","tid":"5"},{"nid":"809","tid":"28"},{"nid":"809","tid":"157"},{"nid":"809","tid":"66"},{"nid":"809","tid":"22"},{"nid":"810","tid":"43"},{"nid":"811","tid":"5"},{"nid":"811","tid":"28"},{"nid":"811","tid":"187"},{"nid":"811","tid":"66"},{"nid":"811","tid":"22"},{"nid":"813","tid":"32"},{"nid":"813","tid":"153"},{"nid":"813","tid":"22"},{"nid":"814","tid":"169"},{"nid":"814","tid":"4"},{"nid":"814","tid":"73"},{"nid":"814","tid":"22"},{"nid":"815","tid":"4"},{"nid":"815","tid":"109"},{"nid":"815","tid":"68"},{"nid":"815","tid":"22"},{"nid":"818","tid":"5"},{"nid":"818","tid":"137"},{"nid":"818","tid":"138"},{"nid":"818","tid":"22"},{"nid":"819","tid":"4"},{"nid":"819","tid":"43"},{"nid":"819","tid":"122"},{"nid":"819","tid":"69"},{"nid":"819","tid":"22"},{"nid":"820","tid":"4"},{"nid":"820","tid":"122"},{"nid":"820","tid":"69"},{"nid":"820","tid":"22"},{"nid":"821","tid":"32"},{"nid":"821","tid":"69"},{"nid":"821","tid":"150"},{"nid":"821","tid":"22"},{"nid":"822","tid":"32"},{"nid":"822","tid":"60"},{"nid":"822","tid":"22"},{"nid":"823","tid":"32"},{"nid":"823","tid":"60"},{"nid":"823","tid":"66"},{"nid":"823","tid":"22"},{"nid":"824","tid":"4"},{"nid":"824","tid":"96"},{"nid":"824","tid":"107"},{"nid":"824","tid":"68"},{"nid":"824","tid":"22"},{"nid":"825","tid":"96"},{"nid":"825","tid":"73"},{"nid":"825","tid":"22"},{"nid":"826","tid":"32"},{"nid":"827","tid":"5"},{"nid":"827","tid":"54"},{"nid":"827","tid":"189"},{"nid":"827","tid":"147"},{"nid":"827","tid":"61"},{"nid":"827","tid":"89"},{"nid":"827","tid":"22"},{"nid":"828","tid":"5"},{"nid":"828","tid":"117"},{"nid":"828","tid":"140"},{"nid":"828","tid":"152"},{"nid":"828","tid":"81"},{"nid":"828","tid":"73"},{"nid":"828","tid":"22"},{"nid":"829","tid":"54"},{"nid":"829","tid":"22"},{"nid":"829","tid":"63"},{"nid":"830","tid":"5"},{"nid":"830","tid":"22"},{"nid":"830","tid":"66"},{"nid":"831","tid":"5"},{"nid":"831","tid":"60"},{"nid":"831","tid":"22"},{"nid":"832","tid":"169"},{"nid":"832","tid":"4"},{"nid":"832","tid":"96"},{"nid":"832","tid":"66"},{"nid":"832","tid":"22"},{"nid":"833","tid":"4"},{"nid":"833","tid":"66"},{"nid":"833","tid":"22"},{"nid":"834","tid":"37"},{"nid":"834","tid":"4"},{"nid":"834","tid":"159"},{"nid":"834","tid":"63"},{"nid":"834","tid":"22"},{"nid":"835","tid":"4"},{"nid":"835","tid":"96"},{"nid":"835","tid":"117"},{"nid":"836","tid":"33"},{"nid":"836","tid":"96"},{"nid":"836","tid":"73"},{"nid":"839","tid":"96"},{"nid":"839","tid":"117"},{"nid":"839","tid":"32"},{"nid":"839","tid":"68"},{"nid":"840","tid":"5"},{"nid":"840","tid":"157"},{"nid":"840","tid":"66"},{"nid":"840","tid":"22"},{"nid":"841","tid":"96"},{"nid":"841","tid":"5"},{"nid":"841","tid":"119"},{"nid":"841","tid":"110"},{"nid":"841","tid":"73"},{"nid":"841","tid":"22"},{"nid":"843","tid":"42"},{"nid":"843","tid":"119"},{"nid":"843","tid":"107"},{"nid":"843","tid":"68"},{"nid":"843","tid":"22"},{"nid":"845","tid":"96"},{"nid":"845","tid":"4"},{"nid":"845","tid":"22"},{"nid":"845","tid":"128"},{"nid":"846","tid":"53"},{"nid":"846","tid":"5"},{"nid":"846","tid":"22"},{"nid":"846","tid":"61"},{"nid":"846","tid":"60"},{"nid":"846","tid":"66"},{"nid":"847","tid":"96"},{"nid":"847","tid":"135"},{"nid":"847","tid":"73"},{"nid":"847","tid":"22"},{"nid":"849","tid":"5"},{"nid":"849","tid":"13"},{"nid":"849","tid":"66"},{"nid":"849","tid":"22"},{"nid":"850","tid":"54"},{"nid":"850","tid":"14"},{"nid":"850","tid":"43"},{"nid":"850","tid":"111"},{"nid":"850","tid":"62"},{"nid":"850","tid":"89"},{"nid":"850","tid":"22"},{"nid":"851","tid":"5"},{"nid":"851","tid":"54"},{"nid":"851","tid":"43"},{"nid":"851","tid":"119"},{"nid":"851","tid":"111"},{"nid":"851","tid":"67"},{"nid":"851","tid":"89"},{"nid":"851","tid":"24"},{"nid":"852","tid":"54"},{"nid":"852","tid":"14"},{"nid":"852","tid":"42"},{"nid":"852","tid":"119"},{"nid":"852","tid":"120"},{"nid":"852","tid":"111"},{"nid":"852","tid":"67"},{"nid":"852","tid":"89"},{"nid":"852","tid":"22"},{"nid":"853","tid":"4"},{"nid":"853","tid":"42"},{"nid":"853","tid":"71"},{"nid":"853","tid":"22"},{"nid":"855","tid":"4"},{"nid":"855","tid":"61"},{"nid":"855","tid":"22"},{"nid":"856","tid":"5"},{"nid":"856","tid":"164"},{"nid":"856","tid":"73"},{"nid":"856","tid":"22"},{"nid":"857","tid":"4"},{"nid":"857","tid":"96"},{"nid":"857","tid":"56"},{"nid":"857","tid":"60"},{"nid":"857","tid":"22"},{"nid":"858","tid":"5"},{"nid":"858","tid":"42"},{"nid":"859","tid":"4"},{"nid":"859","tid":"68"},{"nid":"859","tid":"22"},{"nid":"861","tid":"4"},{"nid":"861","tid":"13"},{"nid":"861","tid":"12"},{"nid":"861","tid":"60"},{"nid":"861","tid":"62"},{"nid":"861","tid":"67"},{"nid":"862","tid":"4"},{"nid":"862","tid":"107"},{"nid":"862","tid":"68"},{"nid":"862","tid":"22"},{"nid":"863","tid":"39"},{"nid":"863","tid":"4"},{"nid":"863","tid":"66"},{"nid":"863","tid":"22"},{"nid":"865","tid":"4"},{"nid":"865","tid":"53"},{"nid":"865","tid":"22"},{"nid":"866","tid":"4"},{"nid":"866","tid":"5"},{"nid":"866","tid":"73"},{"nid":"866","tid":"22"},{"nid":"868","tid":"37"},{"nid":"868","tid":"43"},{"nid":"868","tid":"66"},{"nid":"868","tid":"22"},{"nid":"868","tid":"27"},{"nid":"869","tid":"4"},{"nid":"869","tid":"60"},{"nid":"869","tid":"61"},{"nid":"869","tid":"89"},{"nid":"869","tid":"22"},{"nid":"870","tid":"33"},{"nid":"870","tid":"4"},{"nid":"870","tid":"97"},{"nid":"870","tid":"68"},{"nid":"870","tid":"22"},{"nid":"871","tid":"43"},{"nid":"871","tid":"68"},{"nid":"871","tid":"22"},{"nid":"876","tid":"5"},{"nid":"876","tid":"129"},{"nid":"876","tid":"133"},{"nid":"876","tid":"132"},{"nid":"876","tid":"82"},{"nid":"876","tid":"73"},{"nid":"876","tid":"22"},{"nid":"877","tid":"5"},{"nid":"877","tid":"66"},{"nid":"877","tid":"22"},{"nid":"879","tid":"96"},{"nid":"879","tid":"5"},{"nid":"879","tid":"14"},{"nid":"879","tid":"190"},{"nid":"879","tid":"89"},{"nid":"879","tid":"22"},{"nid":"880","tid":"5"},{"nid":"880","tid":"54"},{"nid":"880","tid":"199"},{"nid":"880","tid":"45"},{"nid":"880","tid":"68"},{"nid":"880","tid":"22"},{"nid":"881","tid":"108"},{"nid":"881","tid":"68"},{"nid":"881","tid":"89"},{"nid":"883","tid":"5"},{"nid":"883","tid":"28"},{"nid":"883","tid":"192"},{"nid":"883","tid":"66"},{"nid":"883","tid":"22"},{"nid":"884","tid":"37"},{"nid":"884","tid":"5"},{"nid":"884","tid":"14"},{"nid":"884","tid":"66"},{"nid":"884","tid":"22"},{"nid":"885","tid":"5"},{"nid":"885","tid":"66"},{"nid":"885","tid":"22"},{"nid":"888","tid":"42"},{"nid":"888","tid":"129"},{"nid":"888","tid":"130"},{"nid":"888","tid":"131"},{"nid":"888","tid":"73"},{"nid":"888","tid":"22"},{"nid":"892","tid":"5"},{"nid":"892","tid":"181"},{"nid":"892","tid":"182"},{"nid":"892","tid":"89"},{"nid":"892","tid":"22"},{"nid":"893","tid":"32"},{"nid":"893","tid":"188"},{"nid":"893","tid":"66"},{"nid":"893","tid":"27"},{"nid":"894","tid":"32"},{"nid":"894","tid":"60"},{"nid":"894","tid":"22"},{"nid":"895","tid":"96"},{"nid":"895","tid":"32"},{"nid":"895","tid":"68"},{"nid":"896","tid":"4"},{"nid":"896","tid":"60"},{"nid":"896","tid":"66"},{"nid":"896","tid":"22"},{"nid":"901","tid":"5"},{"nid":"901","tid":"57"},{"nid":"901","tid":"15"},{"nid":"901","tid":"22"},{"nid":"903","tid":"4"},{"nid":"903","tid":"191"},{"nid":"903","tid":"124"},{"nid":"903","tid":"160"},{"nid":"903","tid":"66"},{"nid":"903","tid":"148"},{"nid":"903","tid":"22"},{"nid":"903","tid":"27"},{"nid":"904","tid":"13"},{"nid":"904","tid":"5"},{"nid":"904","tid":"142"},{"nid":"904","tid":"144"},{"nid":"904","tid":"22"},{"nid":"904","tid":"66"},{"nid":"905","tid":"37"},{"nid":"905","tid":"5"},{"nid":"905","tid":"13"},{"nid":"905","tid":"74"},{"nid":"905","tid":"66"},{"nid":"905","tid":"22"},{"nid":"906","tid":"12"},{"nid":"906","tid":"68"},{"nid":"906","tid":"22"},{"nid":"907","tid":"4"},{"nid":"907","tid":"13"},{"nid":"907","tid":"143"},{"nid":"907","tid":"144"},{"nid":"907","tid":"142"},{"nid":"907","tid":"66"},{"nid":"907","tid":"22"},{"nid":"908","tid":"4"},{"nid":"908","tid":"56"},{"nid":"908","tid":"22"},{"nid":"909","tid":"12"},{"nid":"909","tid":"43"},{"nid":"909","tid":"22"},{"nid":"910","tid":"5"},{"nid":"910","tid":"183"},{"nid":"910","tid":"181"},{"nid":"910","tid":"182"},{"nid":"910","tid":"89"},{"nid":"910","tid":"22"},{"nid":"911","tid":"5"},{"nid":"911","tid":"183"},{"nid":"911","tid":"182"},{"nid":"911","tid":"89"},{"nid":"911","tid":"22"},{"nid":"913","tid":"33"},{"nid":"913","tid":"42"},{"nid":"913","tid":"148"},{"nid":"913","tid":"150"},{"nid":"913","tid":"27"},{"nid":"915","tid":"5"},{"nid":"915","tid":"151"},{"nid":"915","tid":"140"},{"nid":"915","tid":"152"},{"nid":"915","tid":"45"},{"nid":"915","tid":"22"},{"nid":"916","tid":"115"},{"nid":"916","tid":"116"},{"nid":"917","tid":"42"},{"nid":"917","tid":"122"},{"nid":"917","tid":"109"},{"nid":"917","tid":"22"},{"nid":"917","tid":"112"},{"nid":"918","tid":"4"},{"nid":"918","tid":"122"},{"nid":"918","tid":"69"},{"nid":"918","tid":"22"},{"nid":"919","tid":"4"},{"nid":"919","tid":"42"},{"nid":"919","tid":"122"},{"nid":"919","tid":"69"},{"nid":"919","tid":"22"},{"nid":"920","tid":"5"},{"nid":"920","tid":"28"},{"nid":"920","tid":"122"},{"nid":"920","tid":"61"},{"nid":"920","tid":"69"},{"nid":"920","tid":"22"},{"nid":"921","tid":"5"},{"nid":"921","tid":"107"},{"nid":"921","tid":"106"},{"nid":"921","tid":"73"},{"nid":"921","tid":"22"},{"nid":"922","tid":"5"},{"nid":"922","tid":"108"},{"nid":"922","tid":"106"},{"nid":"922","tid":"73"},{"nid":"922","tid":"22"},{"nid":"923","tid":"42"},{"nid":"923","tid":"43"},{"nid":"923","tid":"106"},{"nid":"923","tid":"68"},{"nid":"923","tid":"22"},{"nid":"924","tid":"5"},{"nid":"924","tid":"106"},{"nid":"924","tid":"68"},{"nid":"924","tid":"89"},{"nid":"924","tid":"22"},{"nid":"925","tid":"5"},{"nid":"925","tid":"106"},{"nid":"925","tid":"73"},{"nid":"925","tid":"22"},{"nid":"926","tid":"4"},{"nid":"926","tid":"43"},{"nid":"926","tid":"105"},{"nid":"926","tid":"73"},{"nid":"926","tid":"22"},{"nid":"927","tid":"4"},{"nid":"927","tid":"113"},{"nid":"927","tid":"22"},{"nid":"927","tid":"75"},{"nid":"929","tid":"42"},{"nid":"929","tid":"113"},{"nid":"929","tid":"61"},{"nid":"929","tid":"71"},{"nid":"929","tid":"114"},{"nid":"929","tid":"89"},{"nid":"929","tid":"75"},{"nid":"929","tid":"22"},{"nid":"930","tid":"4"},{"nid":"930","tid":"156"},{"nid":"930","tid":"22"},{"nid":"931","tid":"4"},{"nid":"931","tid":"13"},{"nid":"931","tid":"68"},{"nid":"931","tid":"22"},{"nid":"932","tid":"4"},{"nid":"932","tid":"5"},{"nid":"932","tid":"166"},{"nid":"932","tid":"131"},{"nid":"932","tid":"68"},{"nid":"932","tid":"22"},{"nid":"933","tid":"4"},{"nid":"933","tid":"68"},{"nid":"933","tid":"22"},{"nid":"935","tid":"4"},{"nid":"935","tid":"133"},{"nid":"935","tid":"135"},{"nid":"935","tid":"73"},{"nid":"935","tid":"22"},{"nid":"936","tid":"4"},{"nid":"936","tid":"12"},{"nid":"936","tid":"61"},{"nid":"936","tid":"22"},{"nid":"938","tid":"96"},{"nid":"938","tid":"14"},{"nid":"938","tid":"4"},{"nid":"938","tid":"22"},{"nid":"938","tid":"114"},{"nid":"938","tid":"73"},{"nid":"940","tid":"33"},{"nid":"940","tid":"60"},{"nid":"940","tid":"153"},{"nid":"940","tid":"22"},{"nid":"941","tid":"4"},{"nid":"941","tid":"96"},{"nid":"941","tid":"61"},{"nid":"941","tid":"22"},{"nid":"944","tid":"5"},{"nid":"944","tid":"22"},{"nid":"945","tid":"5"},{"nid":"945","tid":"68"},{"nid":"945","tid":"22"},{"nid":"946","tid":"42"},{"nid":"946","tid":"144"},{"nid":"946","tid":"66"},{"nid":"946","tid":"22"},{"nid":"948","tid":"4"},{"nid":"948","tid":"36"},{"nid":"948","tid":"65"},{"nid":"948","tid":"61"},{"nid":"948","tid":"22"},{"nid":"950","tid":"4"},{"nid":"950","tid":"43"},{"nid":"950","tid":"134"},{"nid":"950","tid":"135"},{"nid":"950","tid":"68"},{"nid":"950","tid":"22"},{"nid":"952","tid":"4"},{"nid":"952","tid":"5"},{"nid":"952","tid":"68"},{"nid":"952","tid":"22"},{"nid":"953","tid":"4"},{"nid":"953","tid":"96"},{"nid":"953","tid":"65"},{"nid":"953","tid":"61"},{"nid":"953","tid":"67"},{"nid":"953","tid":"22"},{"nid":"954","tid":"169"},{"nid":"954","tid":"117"},{"nid":"954","tid":"68"},{"nid":"954","tid":"22"},{"nid":"956","tid":"96"},{"nid":"956","tid":"117"},{"nid":"956","tid":"32"},{"nid":"956","tid":"22"},{"nid":"956","tid":"68"},{"nid":"958","tid":"32"},{"nid":"958","tid":"172"},{"nid":"958","tid":"25"},{"nid":"959","tid":"32"},{"nid":"959","tid":"172"},{"nid":"959","tid":"25"},{"nid":"960","tid":"5"},{"nid":"960","tid":"28"},{"nid":"960","tid":"15"},{"nid":"960","tid":"22"},{"nid":"961","tid":"33"},{"nid":"961","tid":"4"},{"nid":"961","tid":"22"},{"nid":"963","tid":"4"},{"nid":"963","tid":"35"},{"nid":"963","tid":"36"},{"nid":"963","tid":"22"},{"nid":"965","tid":"5"},{"nid":"965","tid":"38"},{"nid":"967","tid":"5"},{"nid":"967","tid":"28"},{"nid":"967","tid":"22"},{"nid":"968","tid":"32"},{"nid":"968","tid":"22"},{"nid":"969","tid":"33"},{"nid":"969","tid":"32"},{"nid":"969","tid":"22"},{"nid":"970","tid":"33"},{"nid":"970","tid":"32"},{"nid":"970","tid":"22"},{"nid":"979","tid":"48"},{"nid":"979","tid":"49"},{"nid":"979","tid":"83"},{"nid":"979","tid":"24"},{"nid":"980","tid":"14"},{"nid":"980","tid":"54"},{"nid":"980","tid":"4"},{"nid":"980","tid":"22"},{"nid":"981","tid":"5"},{"nid":"981","tid":"22"},{"nid":"986","tid":"42"},{"nid":"986","tid":"58"},{"nid":"986","tid":"22"},{"nid":"987","tid":"5"},{"nid":"987","tid":"28"},{"nid":"987","tid":"24"},{"nid":"989","tid":"33"},{"nid":"989","tid":"32"},{"nid":"989","tid":"22"},{"nid":"990","tid":"4"},{"nid":"990","tid":"54"},{"nid":"990","tid":"60"},{"nid":"990","tid":"61"},{"nid":"990","tid":"62"},{"nid":"990","tid":"22"},{"nid":"1005","tid":"5"},{"nid":"1005","tid":"57"},{"nid":"1005","tid":"15"},{"nid":"1005","tid":"60"},{"nid":"1005","tid":"22"},{"nid":"1012","tid":"5"},{"nid":"1012","tid":"57"},{"nid":"1013","tid":"48"},{"nid":"1013","tid":"49"},{"nid":"1013","tid":"83"},{"nid":"1013","tid":"68"},{"nid":"1013","tid":"25"},{"nid":"1016","tid":"48"},{"nid":"1016","tid":"49"},{"nid":"1016","tid":"83"},{"nid":"1017","tid":"48"},{"nid":"1017","tid":"49"},{"nid":"1017","tid":"83"},{"nid":"1017","tid":"84"},{"nid":"1025","tid":"48"},{"nid":"1025","tid":"49"},{"nid":"1025","tid":"83"},{"nid":"1025","tid":"85"},{"nid":"1025","tid":"25"},{"nid":"1027","tid":"48"},{"nid":"1027","tid":"49"},{"nid":"1027","tid":"83"},{"nid":"1027","tid":"86"},{"nid":"1027","tid":"25"},{"nid":"1029","tid":"48"},{"nid":"1029","tid":"83"},{"nid":"1029","tid":"49"},{"nid":"1029","tid":"25"},{"nid":"1030","tid":"48"},{"nid":"1030","tid":"49"},{"nid":"1030","tid":"83"},{"nid":"1030","tid":"25"},{"nid":"1032","tid":"48"},{"nid":"1032","tid":"83"},{"nid":"1032","tid":"49"},{"nid":"1032","tid":"25"},{"nid":"1034","tid":"48"},{"nid":"1034","tid":"49"},{"nid":"1034","tid":"83"},{"nid":"1034","tid":"25"},{"nid":"1036","tid":"49"},{"nid":"1036","tid":"83"},{"nid":"1036","tid":"22"},{"nid":"1037","tid":"48"},{"nid":"1037","tid":"83"},{"nid":"1037","tid":"51"},{"nid":"1037","tid":"85"},{"nid":"1037","tid":"22"},{"nid":"1038","tid":"48"},{"nid":"1038","tid":"49"},{"nid":"1038","tid":"83"},{"nid":"1038","tid":"51"},{"nid":"1038","tid":"22"},{"nid":"1042","tid":"49"},{"nid":"1042","tid":"83"},{"nid":"1042","tid":"51"},{"nid":"1042","tid":"85"},{"nid":"1042","tid":"22"},{"nid":"1043","tid":"49"},{"nid":"1043","tid":"83"},{"nid":"1043","tid":"51"},{"nid":"1043","tid":"86"},{"nid":"1043","tid":"60"},{"nid":"1043","tid":"22"},{"nid":"1044","tid":"33"},{"nid":"1044","tid":"32"},{"nid":"1044","tid":"22"},{"nid":"1045","tid":"33"},{"nid":"1045","tid":"32"},{"nid":"1045","tid":"68"},{"nid":"1045","tid":"22"},{"nid":"1048","tid":"32"},{"nid":"1048","tid":"173"},{"nid":"1048","tid":"60"},{"nid":"1049","tid":"32"},{"nid":"1049","tid":"173"},{"nid":"1049","tid":"60"},{"nid":"1050","tid":"5"},{"nid":"1050","tid":"28"},{"nid":"1050","tid":"88"},{"nid":"1050","tid":"24"},{"nid":"1051","tid":"4"},{"nid":"1051","tid":"28"},{"nid":"1051","tid":"88"},{"nid":"1051","tid":"24"},{"nid":"1053","tid":"5"},{"nid":"1053","tid":"28"},{"nid":"1053","tid":"60"},{"nid":"1053","tid":"24"},{"nid":"1054","tid":"4"},{"nid":"1054","tid":"28"},{"nid":"1054","tid":"68"},{"nid":"1054","tid":"24"},{"nid":"1060","tid":"48"},{"nid":"1060","tid":"49"},{"nid":"1060","tid":"100"},{"nid":"1060","tid":"25"},{"nid":"1061","tid":"48"},{"nid":"1061","tid":"49"},{"nid":"1061","tid":"101"},{"nid":"1061","tid":"68"},{"nid":"1061","tid":"23"},{"nid":"1062","tid":"49"},{"nid":"1062","tid":"48"},{"nid":"1062","tid":"23"},{"nid":"1063","tid":"48"},{"nid":"1063","tid":"49"},{"nid":"1063","tid":"100"},{"nid":"1063","tid":"25"},{"nid":"1064","tid":"49"},{"nid":"1064","tid":"48"},{"nid":"1064","tid":"23"},{"nid":"1065","tid":"49"},{"nid":"1065","tid":"100"},{"nid":"1065","tid":"48"},{"nid":"1065","tid":"25"},{"nid":"1066","tid":"49"},{"nid":"1066","tid":"100"},{"nid":"1066","tid":"48"},{"nid":"1066","tid":"25"},{"nid":"1067","tid":"49"},{"nid":"1067","tid":"100"},{"nid":"1067","tid":"25"},{"nid":"1068","tid":"49"},{"nid":"1068","tid":"100"},{"nid":"1068","tid":"48"},{"nid":"1068","tid":"25"},{"nid":"1069","tid":"49"},{"nid":"1069","tid":"101"},{"nid":"1069","tid":"48"},{"nid":"1069","tid":"25"},{"nid":"1070","tid":"49"},{"nid":"1070","tid":"101"},{"nid":"1070","tid":"48"},{"nid":"1070","tid":"25"},{"nid":"1071","tid":"48"},{"nid":"1071","tid":"49"},{"nid":"1071","tid":"100"},{"nid":"1071","tid":"25"},{"nid":"1072","tid":"49"},{"nid":"1072","tid":"102"},{"nid":"1072","tid":"48"},{"nid":"1072","tid":"22"},{"nid":"1073","tid":"49"},{"nid":"1073","tid":"102"},{"nid":"1073","tid":"48"},{"nid":"1073","tid":"22"},{"nid":"1074","tid":"48"},{"nid":"1074","tid":"49"},{"nid":"1074","tid":"22"},{"nid":"1080","tid":"96"},{"nid":"1080","tid":"117"},{"nid":"1080","tid":"32"},{"nid":"1080","tid":"27"},{"nid":"1080","tid":"68"},{"nid":"1081","tid":"48"},{"nid":"1081","tid":"5"},{"nid":"1081","tid":"103"},{"nid":"1081","tid":"104"},{"nid":"1081","tid":"68"},{"nid":"1081","tid":"73"},{"nid":"1081","tid":"22"},{"nid":"1084","tid":"137"},{"nid":"1084","tid":"73"},{"nid":"1084","tid":"22"},{"nid":"1085","tid":"5"},{"nid":"1085","tid":"142"},{"nid":"1085","tid":"66"},{"nid":"1085","tid":"22"},{"nid":"1087","tid":"146"},{"nid":"1087","tid":"167"},{"nid":"1088","tid":"146"},{"nid":"1088","tid":"167"},{"nid":"1089","tid":"117"},{"nid":"1089","tid":"5"},{"nid":"1089","tid":"57"},{"nid":"1089","tid":"22"},{"nid":"1089","tid":"60"},{"nid":"1092","tid":"32"},{"nid":"1092","tid":"22"},{"nid":"1092","tid":"68"},{"nid":"1094","tid":"4"},{"nid":"1094","tid":"14"},{"nid":"1094","tid":"114"},{"nid":"1094","tid":"148"},{"nid":"1094","tid":"22"},{"nid":"1097","tid":"4"},{"nid":"1097","tid":"96"},{"nid":"1097","tid":"68"},{"nid":"1097","tid":"22"},{"nid":"1098","tid":"96"},{"nid":"1098","tid":"5"},{"nid":"1098","tid":"157"},{"nid":"1098","tid":"60"},{"nid":"1098","tid":"150"},{"nid":"1098","tid":"22"},{"nid":"1100","tid":"4"},{"nid":"1100","tid":"96"},{"nid":"1100","tid":"54"},{"nid":"1100","tid":"159"},{"nid":"1100","tid":"63"},{"nid":"1100","tid":"148"},{"nid":"1100","tid":"27"},{"nid":"1102","tid":"5"},{"nid":"1102","tid":"119"},{"nid":"1102","tid":"63"},{"nid":"1102","tid":"150"},{"nid":"1102","tid":"22"},{"nid":"1103","tid":"96"},{"nid":"1103","tid":"5"},{"nid":"1103","tid":"43"},{"nid":"1103","tid":"35"},{"nid":"1103","tid":"63"},{"nid":"1103","tid":"150"},{"nid":"1103","tid":"22"},{"nid":"1104","tid":"4"},{"nid":"1104","tid":"63"},{"nid":"1104","tid":"150"},{"nid":"1108","tid":"169"},{"nid":"1108","tid":"4"},{"nid":"1108","tid":"168"},{"nid":"1108","tid":"66"},{"nid":"1108","tid":"22"},{"nid":"1109","tid":"4"},{"nid":"1109","tid":"28"},{"nid":"1109","tid":"105"},{"nid":"1109","tid":"22"},{"nid":"1110","tid":"4"},{"nid":"1110","tid":"72"},{"nid":"1110","tid":"61"},{"nid":"1110","tid":"64"},{"nid":"1111","tid":"48"},{"nid":"1111","tid":"23"},{"nid":"1112","tid":"48"},{"nid":"1112","tid":"49"},{"nid":"1112","tid":"22"},{"nid":"1113","tid":"48"},{"nid":"1113","tid":"49"},{"nid":"1116","tid":"48"},{"nid":"1117","tid":"48"},{"nid":"1118","tid":"48"},{"nid":"1119","tid":"48"},{"nid":"1120","tid":"48"},{"nid":"1121","tid":"48"},{"nid":"1122","tid":"5"},{"nid":"1122","tid":"137"},{"nid":"1122","tid":"23"},{"nid":"1123","tid":"48"},{"nid":"1123","tid":"22"},{"nid":"1124","tid":"48"},{"nid":"1124","tid":"22"},{"nid":"1125","tid":"48"},{"nid":"1125","tid":"32"},{"nid":"1125","tid":"172"},{"nid":"1125","tid":"201"},{"nid":"1125","tid":"60"},{"nid":"1126","tid":"32"},{"nid":"1126","tid":"60"},{"nid":"1126","tid":"22"},{"nid":"1127","tid":"5"},{"nid":"1127","tid":"88"},{"nid":"1127","tid":"22"},{"nid":"1128","tid":"48"},{"nid":"1130","tid":"48"},{"nid":"1131","tid":"5"},{"nid":"1132","tid":"48"},{"nid":"1133","tid":"48"},{"nid":"1134","tid":"48"},{"nid":"1135","tid":"48"},{"nid":"1136","tid":"48"},{"nid":"1137","tid":"48"},{"nid":"1138","tid":"48"},{"nid":"1139","tid":"48"},{"nid":"1140","tid":"48"},{"nid":"1142","tid":"48"},{"nid":"1143","tid":"48"},{"nid":"1144","tid":"48"},{"nid":"1145","tid":"48"},{"nid":"1145","tid":"28"},{"nid":"1145","tid":"113"},{"nid":"1145","tid":"75"},{"nid":"1145","tid":"22"},{"nid":"1146","tid":"48"},{"nid":"1147","tid":"48"},{"nid":"1148","tid":"48"},{"nid":"1149","tid":"48"},{"nid":"1150","tid":"48"},{"nid":"1151","tid":"48"},{"nid":"1152","tid":"48"},{"nid":"1153","tid":"48"},{"nid":"1154","tid":"48"},{"nid":"1155","tid":"48"},{"nid":"1155","tid":"25"},{"nid":"1156","tid":"48"},{"nid":"1159","tid":"32"},{"nid":"1159","tid":"173"},{"nid":"1159","tid":"27"},{"nid":"1160","tid":"48"},{"nid":"1161","tid":"32"},{"nid":"1161","tid":"173"},{"nid":"1161","tid":"27"},{"nid":"1162","tid":"48"},{"nid":"1163","tid":"48"},{"nid":"1164","tid":"48"},{"nid":"1165","tid":"48"},{"nid":"1166","tid":"4"},{"nid":"1166","tid":"117"},{"nid":"1166","tid":"193"},{"nid":"1166","tid":"150"},{"nid":"1166","tid":"22"},{"nid":"1167","tid":"5"},{"nid":"1167","tid":"28"},{"nid":"1167","tid":"192"},{"nid":"1168","tid":"5"},{"nid":"1168","tid":"28"},{"nid":"1168","tid":"68"},{"nid":"1168","tid":"22"},{"nid":"1169","tid":"33"},{"nid":"1169","tid":"32"},{"nid":"1170","tid":"48"},{"nid":"1170","tid":"49"},{"nid":"1171","tid":"48"},{"nid":"1172","tid":"48"},{"nid":"1173","tid":"48"},{"nid":"1174","tid":"48"},{"nid":"1175","tid":"48"},{"nid":"1176","tid":"4"},{"nid":"1176","tid":"96"},{"nid":"1176","tid":"89"},{"nid":"1176","tid":"148"},{"nid":"1176","tid":"27"},{"nid":"1177","tid":"5"},{"nid":"1177","tid":"117"},{"nid":"1177","tid":"66"},{"nid":"1177","tid":"22"},{"nid":"1178","tid":"48"},{"nid":"1179","tid":"4"},{"nid":"1179","tid":"28"},{"nid":"1179","tid":"109"},{"nid":"1179","tid":"68"},{"nid":"1179","tid":"22"},{"nid":"1180","tid":"48"},{"nid":"1181","tid":"48"},{"nid":"1182","tid":"48"},{"nid":"1183","tid":"48"},{"nid":"1184","tid":"48"},{"nid":"1185","tid":"48"},{"nid":"1186","tid":"48"},{"nid":"1187","tid":"32"},{"nid":"1187","tid":"68"},{"nid":"1187","tid":"22"},{"nid":"1188","tid":"32"},{"nid":"1188","tid":"68"},{"nid":"1188","tid":"22"},{"nid":"1189","tid":"48"},{"nid":"1189","tid":"49"},{"nid":"1190","tid":"48"},{"nid":"1190","tid":"49"},{"nid":"1191","tid":"48"},{"nid":"1192","tid":"48"},{"nid":"1193","tid":"48"},{"nid":"1194","tid":"48"},{"nid":"1195","tid":"48"},{"nid":"1196","tid":"48"},{"nid":"1197","tid":"48"},{"nid":"1198","tid":"48"},{"nid":"1199","tid":"49"},{"nid":"1199","tid":"83"},{"nid":"1199","tid":"85"},{"nid":"1199","tid":"22"},{"nid":"1200","tid":"39"},{"nid":"1200","tid":"4"},{"nid":"1200","tid":"96"},{"nid":"1200","tid":"156"},{"nid":"1200","tid":"150"},{"nid":"1200","tid":"22"},{"nid":"1202","tid":"48"},{"nid":"1203","tid":"5"},{"nid":"1203","tid":"68"},{"nid":"1205","tid":"5"},{"nid":"1206","tid":"5"},{"nid":"1206","tid":"117"},{"nid":"1206","tid":"106"},{"nid":"1207","tid":"43"},{"nid":"1207","tid":"73"},{"nid":"1208","tid":"48"},{"nid":"1208","tid":"32"},{"nid":"1208","tid":"49"},{"nid":"1208","tid":"61"},{"nid":"1208","tid":"148"},{"nid":"1208","tid":"27"},{"nid":"1209","tid":"48"},{"nid":"1210","tid":"48"},{"nid":"1211","tid":"5"},{"nid":"1212","tid":"33"},{"nid":"1212","tid":"96"},{"nid":"1212","tid":"117"},{"nid":"1212","tid":"73"},{"nid":"1212","tid":"22"},{"nid":"1213","tid":"5"},{"nid":"1213","tid":"43"},{"nid":"1213","tid":"203"},{"nid":"1213","tid":"204"},{"nid":"1213","tid":"202"},{"nid":"1213","tid":"73"},{"nid":"1213","tid":"22"},{"nid":"1214","tid":"12"},{"nid":"1214","tid":"43"},{"nid":"1214","tid":"68"},{"nid":"1214","tid":"22"},{"nid":"1216","tid":"5"},{"nid":"1216","tid":"203"},{"nid":"1216","tid":"204"},{"nid":"1216","tid":"202"},{"nid":"1216","tid":"73"},{"nid":"1216","tid":"22"},{"nid":"1114","tid":"48"},{"nid":"1114","tid":"22"},{"nid":"1129","tid":"48"},{"nid":"1059","tid":"48"},{"nid":"1059","tid":"49"},{"nid":"1059","tid":"98"},{"nid":"1059","tid":"99"},{"nid":"1059","tid":"25"},{"nid":"717","tid":"5"},{"nid":"717","tid":"164"},{"nid":"717","tid":"14"},{"nid":"717","tid":"43"},{"nid":"717","tid":"179"},{"nid":"717","tid":"81"},{"nid":"717","tid":"73"},{"nid":"717","tid":"22"},{"nid":"1217","tid":"4"},{"nid":"1217","tid":"13"},{"nid":"1217","tid":"94"},{"nid":"1217","tid":"66"},{"nid":"1217","tid":"148"},{"nid":"1217","tid":"150"},{"nid":"1217","tid":"22"},{"nid":"1217","tid":"219"},{"nid":"1217","tid":"236"},{"nid":"1101","tid":"37"},{"nid":"1101","tid":"4"},{"nid":"1101","tid":"96"},{"nid":"1101","tid":"156"},{"nid":"1101","tid":"150"},{"nid":"1101","tid":"27"},{"nid":"1101","tid":"229"},{"nid":"1101","tid":"245"},{"nid":"966","tid":"39"},{"nid":"966","tid":"4"},{"nid":"966","tid":"5"},{"nid":"966","tid":"38"},{"nid":"966","tid":"69"},{"nid":"966","tid":"27"},{"nid":"966","tid":"232"},{"nid":"966","tid":"241"},{"nid":"748","tid":"4"},{"nid":"748","tid":"100"},{"nid":"748","tid":"14"},{"nid":"748","tid":"161"},{"nid":"748","tid":"66"},{"nid":"748","tid":"22"},{"nid":"748","tid":"226"},{"nid":"748","tid":"244"},{"nid":"714","tid":"5"},{"nid":"714","tid":"43"},{"nid":"714","tid":"125"},{"nid":"714","tid":"126"},{"nid":"714","tid":"127"},{"nid":"714","tid":"68"},{"nid":"714","tid":"22"},{"nid":"714","tid":"213"},{"nid":"714","tid":"268"},{"nid":"714","tid":"243"},{"nid":"7","tid":"4"},{"nid":"7","tid":"13"},{"nid":"7","tid":"14"},{"nid":"7","tid":"12"},{"nid":"7","tid":"74"},{"nid":"7","tid":"66"},{"nid":"7","tid":"22"},{"nid":"7","tid":"224"},{"nid":"7","tid":"230"},{"nid":"942","tid":"14"},{"nid":"942","tid":"12"},{"nid":"942","tid":"43"},{"nid":"942","tid":"44"},{"nid":"942","tid":"60"},{"nid":"942","tid":"22"},{"nid":"942","tid":"224"},{"nid":"942","tid":"243"},{"nid":"887","tid":"5"},{"nid":"887","tid":"12"},{"nid":"887","tid":"109"},{"nid":"887","tid":"145"},{"nid":"887","tid":"55"},{"nid":"887","tid":"68"},{"nid":"887","tid":"22"},{"nid":"887","tid":"235"},{"nid":"1115","tid":"48"},{"nid":"1115","tid":"226"},{"nid":"734","tid":"5"},{"nid":"734","tid":"14"},{"nid":"734","tid":"68"},{"nid":"734","tid":"22"},{"nid":"734","tid":"249"},{"nid":"844","tid":"165"},{"nid":"844","tid":"62"},{"nid":"844","tid":"67"},{"nid":"844","tid":"76"},{"nid":"844","tid":"216"},{"nid":"844","tid":"230"},{"nid":"898","tid":"37"},{"nid":"898","tid":"55"},{"nid":"898","tid":"22"},{"nid":"898","tid":"231"},{"nid":"1228","tid":"49"},{"nid":"659","tid":"43"},{"nid":"659","tid":"118"},{"nid":"659","tid":"22"},{"nid":"659","tid":"209"},{"nid":"659","tid":"232"},{"nid":"796","tid":"5"},{"nid":"796","tid":"133"},{"nid":"796","tid":"132"},{"nid":"796","tid":"178"},{"nid":"796","tid":"80"},{"nid":"796","tid":"73"},{"nid":"796","tid":"22"},{"nid":"796","tid":"230"},{"nid":"962","tid":"4"},{"nid":"962","tid":"47"},{"nid":"962","tid":"60"},{"nid":"962","tid":"61"},{"nid":"962","tid":"67"},{"nid":"962","tid":"68"},{"nid":"962","tid":"66"},{"nid":"962","tid":"63"},{"nid":"962","tid":"22"},{"nid":"962","tid":"248"},{"nid":"886","tid":"5"},{"nid":"886","tid":"66"},{"nid":"886","tid":"22"},{"nid":"886","tid":"243"},{"nid":"886","tid":"249"},{"nid":"733","tid":"4"},{"nid":"733","tid":"14"},{"nid":"733","tid":"66"},{"nid":"733","tid":"22"},{"nid":"733","tid":"207"},{"nid":"733","tid":"229"},{"nid":"897","tid":"37"},{"nid":"897","tid":"4"},{"nid":"897","tid":"96"},{"nid":"897","tid":"66"},{"nid":"897","tid":"22"},{"nid":"897","tid":"208"},{"nid":"897","tid":"249"},{"nid":"736","tid":"37"},{"nid":"736","tid":"5"},{"nid":"736","tid":"13"},{"nid":"736","tid":"43"},{"nid":"736","tid":"63"},{"nid":"736","tid":"22"},{"nid":"736","tid":"219"},{"nid":"736","tid":"243"},{"nid":"891","tid":"5"},{"nid":"891","tid":"13"},{"nid":"891","tid":"66"},{"nid":"891","tid":"27"},{"nid":"891","tid":"225"},{"nid":"891","tid":"251"},{"nid":"704","tid":"5"},{"nid":"704","tid":"191"},{"nid":"704","tid":"66"},{"nid":"704","tid":"22"},{"nid":"704","tid":"245"},{"nid":"914","tid":"39"},{"nid":"914","tid":"96"},{"nid":"914","tid":"68"},{"nid":"914","tid":"22"},{"nid":"914","tid":"245"},{"nid":"912","tid":"37"},{"nid":"912","tid":"39"},{"nid":"912","tid":"154"},{"nid":"912","tid":"66"},{"nid":"912","tid":"22"},{"nid":"912","tid":"233"},{"nid":"912","tid":"252"},{"nid":"696","tid":"33"},{"nid":"696","tid":"32"},{"nid":"696","tid":"186"},{"nid":"696","tid":"68"},{"nid":"696","tid":"22"},{"nid":"696","tid":"240"},{"nid":"1095","tid":"4"},{"nid":"1095","tid":"5"},{"nid":"1095","tid":"54"},{"nid":"1095","tid":"12"},{"nid":"1095","tid":"43"},{"nid":"1095","tid":"149"},{"nid":"1095","tid":"147"},{"nid":"1095","tid":"89"},{"nid":"1095","tid":"148"},{"nid":"1095","tid":"150"},{"nid":"1095","tid":"22"},{"nid":"1095","tid":"210"},{"nid":"1095","tid":"233"},{"nid":"1099","tid":"4"},{"nid":"1099","tid":"96"},{"nid":"1099","tid":"159"},{"nid":"1099","tid":"63"},{"nid":"1099","tid":"148"},{"nid":"1099","tid":"27"},{"nid":"1099","tid":"208"},{"nid":"1099","tid":"239"},{"nid":"1099","tid":"251"},{"nid":"860","tid":"4"},{"nid":"860","tid":"132"},{"nid":"860","tid":"73"},{"nid":"860","tid":"22"},{"nid":"1230","tid":"4"},{"nid":"1230","tid":"96"},{"nid":"1230","tid":"117"},{"nid":"1230","tid":"68"},{"nid":"1230","tid":"22"},{"nid":"1230","tid":"248"},{"nid":"854","tid":"4"},{"nid":"854","tid":"71"},{"nid":"854","tid":"75"},{"nid":"854","tid":"22"},{"nid":"878","tid":"5"},{"nid":"878","tid":"14"},{"nid":"878","tid":"43"},{"nid":"878","tid":"66"},{"nid":"878","tid":"22"},{"nid":"878","tid":"210"},{"nid":"878","tid":"233"},{"nid":"1226","tid":"48"},{"nid":"1226","tid":"49"},{"nid":"1226","tid":"239"},{"nid":"1107","tid":"49"},{"nid":"1107","tid":"83"},{"nid":"1107","tid":"51"},{"nid":"1107","tid":"60"},{"nid":"1107","tid":"22"},{"nid":"1158","tid":"49"},{"nid":"1158","tid":"83"},{"nid":"1001","tid":"5"},{"nid":"1001","tid":"57"},{"nid":"1001","tid":"15"},{"nid":"1001","tid":"60"},{"nid":"1222","tid":"48"},{"nid":"1220","tid":"48"},{"nid":"1220","tid":"219"},{"nid":"1223","tid":"48"},{"nid":"1223","tid":"49"},{"nid":"1223","tid":"214"},{"nid":"1219","tid":"48"},{"nid":"1219","tid":"100"},{"nid":"1219","tid":"128"},{"nid":"1219","tid":"24"},{"nid":"1219","tid":"217"},{"nid":"1221","tid":"48"},{"nid":"1221","tid":"239"},{"nid":"1218","tid":"48"},{"nid":"1218","tid":"100"},{"nid":"1218","tid":"128"},{"nid":"1218","tid":"24"},{"nid":"1218","tid":"208"},{"nid":"1215","tid":"37"},{"nid":"1215","tid":"54"},{"nid":"1215","tid":"14"},{"nid":"1215","tid":"12"},{"nid":"1215","tid":"43"},{"nid":"1215","tid":"66"},{"nid":"1215","tid":"27"},{"nid":"1215","tid":"221"},{"nid":"1215","tid":"242"},{"nid":"1204","tid":"48"},{"nid":"1204","tid":"49"},{"nid":"1224","tid":"48"},{"nid":"1224","tid":"49"},{"nid":"1224","tid":"219"},{"nid":"1091","tid":"146"},{"nid":"1091","tid":"22"},{"nid":"1086","tid":"146"},{"nid":"1086","tid":"167"},{"nid":"1086","tid":"268"},{"nid":"1086","tid":"241"},{"nid":"773","tid":"37"},{"nid":"773","tid":"5"},{"nid":"773","tid":"155"},{"nid":"773","tid":"154"},{"nid":"773","tid":"60"},{"nid":"773","tid":"66"},{"nid":"773","tid":"22"},{"nid":"773","tid":"263"},{"nid":"773","tid":"248"},{"nid":"773","tid":"252"},{"nid":"955","tid":"39"},{"nid":"955","tid":"96"},{"nid":"955","tid":"117"},{"nid":"955","tid":"68"},{"nid":"955","tid":"22"},{"nid":"955","tid":"237"},{"nid":"700","tid":"4"},{"nid":"700","tid":"89"},{"nid":"700","tid":"27"},{"nid":"700","tid":"267"},{"nid":"732","tid":"5"},{"nid":"732","tid":"66"},{"nid":"732","tid":"216"},{"nid":"732","tid":"224"},{"nid":"732","tid":"231"},{"nid":"732","tid":"233"},{"nid":"694","tid":"37"},{"nid":"694","tid":"14"},{"nid":"694","tid":"12"},{"nid":"694","tid":"43"},{"nid":"694","tid":"60"},{"nid":"694","tid":"66"},{"nid":"694","tid":"22"},{"nid":"694","tid":"207"},{"nid":"694","tid":"229"},{"nid":"1090","tid":"146"},{"nid":"1090","tid":"249"},{"nid":"12","tid":"5"},{"nid":"12","tid":"18"},{"nid":"12","tid":"66"},{"nid":"12","tid":"22"},{"nid":"12","tid":"223"},{"nid":"12","tid":"238"},{"nid":"875","tid":"5"},{"nid":"875","tid":"124"},{"nid":"875","tid":"66"},{"nid":"875","tid":"22"},{"nid":"875","tid":"207"},{"nid":"875","tid":"247"},{"nid":"928","tid":"4"},{"nid":"928","tid":"5"},{"nid":"928","tid":"43"},{"nid":"928","tid":"113"},{"nid":"928","tid":"71"},{"nid":"928","tid":"22"},{"nid":"928","tid":"243"},{"nid":"899","tid":"37"},{"nid":"899","tid":"107"},{"nid":"899","tid":"55"},{"nid":"899","tid":"68"},{"nid":"899","tid":"27"},{"nid":"899","tid":"230"},{"nid":"900","tid":"37"},{"nid":"900","tid":"109"},{"nid":"900","tid":"107"},{"nid":"900","tid":"55"},{"nid":"900","tid":"68"},{"nid":"900","tid":"22"},{"nid":"900","tid":"230"},{"nid":"2","tid":"4"},{"nid":"2","tid":"95"},{"nid":"2","tid":"17"},{"nid":"2","tid":"22"},{"nid":"2","tid":"229"},{"nid":"1229","tid":"4"},{"nid":"1229","tid":"96"},{"nid":"1229","tid":"117"},{"nid":"1229","tid":"68"},{"nid":"1229","tid":"22"},{"nid":"1229","tid":"230"},{"nid":"816","tid":"5"},{"nid":"816","tid":"129"},{"nid":"816","tid":"73"},{"nid":"816","tid":"22"},{"nid":"816","tid":"233"},{"nid":"872","tid":"5"},{"nid":"872","tid":"198"},{"nid":"872","tid":"151"},{"nid":"872","tid":"195"},{"nid":"872","tid":"152"},{"nid":"872","tid":"194"},{"nid":"872","tid":"178"},{"nid":"872","tid":"80"},{"nid":"872","tid":"259"},{"nid":"872","tid":"260"},{"nid":"872","tid":"233"},{"nid":"660","tid":"37"},{"nid":"660","tid":"5"},{"nid":"660","tid":"13"},{"nid":"660","tid":"158"},{"nid":"660","tid":"60"},{"nid":"660","tid":"22"},{"nid":"660","tid":"224"},{"nid":"660","tid":"230"},{"nid":"1096","tid":"5"},{"nid":"1096","tid":"119"},{"nid":"1096","tid":"151"},{"nid":"1096","tid":"80"},{"nid":"1096","tid":"73"},{"nid":"1096","tid":"22"},{"nid":"1096","tid":"241"},{"nid":"1093","tid":"5"},{"nid":"1093","tid":"28"},{"nid":"1093","tid":"73"},{"nid":"1093","tid":"22"},{"nid":"1093","tid":"232"},{"nid":"1093","tid":"233"},{"nid":"873","tid":"5"},{"nid":"873","tid":"174"},{"nid":"873","tid":"81"},{"nid":"873","tid":"73"},{"nid":"873","tid":"22"},{"nid":"873","tid":"265"},{"nid":"873","tid":"245"},{"nid":"792","tid":"14"},{"nid":"792","tid":"68"},{"nid":"792","tid":"22"},{"nid":"792","tid":"240"},{"nid":"1231","tid":"4"},{"nid":"1231","tid":"68"},{"nid":"1231","tid":"22"},{"nid":"1231","tid":"210"},{"nid":"1231","tid":"233"},{"nid":"1232","tid":"4"},{"nid":"1232","tid":"68"},{"nid":"1232","tid":"22"},{"nid":"1232","tid":"210"},{"nid":"1232","tid":"260"},{"nid":"1232","tid":"233"},{"nid":"1233","tid":"169"},{"nid":"1233","tid":"4"},{"nid":"1233","tid":"73"},{"nid":"1233","tid":"22"},{"nid":"1233","tid":"243"},{"nid":"1234","tid":"43"},{"nid":"1234","tid":"73"},{"nid":"1234","tid":"24"},{"nid":"1234","tid":"217"},{"nid":"1201","tid":"32"},{"nid":"1201","tid":"66"},{"nid":"1201","tid":"27"},{"nid":"1201","tid":"224"},{"nid":"1201","tid":"245"},{"nid":"1235","tid":"4"},{"nid":"1235","tid":"43"},{"nid":"1235","tid":"73"},{"nid":"1235","tid":"27"},{"nid":"1235","tid":"236"},{"nid":"1236","tid":"4"},{"nid":"1236","tid":"96"},{"nid":"1236","tid":"68"},{"nid":"1236","tid":"121"},{"nid":"1236","tid":"22"},{"nid":"1236","tid":"230"},{"nid":"1236","tid":"246"},{"nid":"1237","tid":"37"},{"nid":"1237","tid":"43"},{"nid":"1237","tid":"66"},{"nid":"1237","tid":"24"},{"nid":"1237","tid":"211"},{"nid":"1237","tid":"230"},{"nid":"1237","tid":"232"},{"nid":"1238","tid":"173"},{"nid":"1238","tid":"4"},{"nid":"1238","tid":"14"},{"nid":"1238","tid":"43"},{"nid":"1238","tid":"60"},{"nid":"1238","tid":"153"},{"nid":"1238","tid":"66"},{"nid":"1238","tid":"22"},{"nid":"1238","tid":"215"},{"nid":"1238","tid":"237"},{"nid":"658","tid":"4"},{"nid":"658","tid":"96"},{"nid":"658","tid":"117"},{"nid":"658","tid":"68"},{"nid":"658","tid":"22"},{"nid":"658","tid":"246"},{"nid":"864","tid":"33"},{"nid":"864","tid":"4"},{"nid":"864","tid":"22"},{"nid":"864","tid":"268"},{"nid":"864","tid":"243"},{"nid":"934","tid":"4"},{"nid":"934","tid":"13"},{"nid":"934","tid":"66"},{"nid":"934","tid":"22"},{"nid":"934","tid":"210"},{"nid":"934","tid":"233"},{"nid":"702","tid":"5"},{"nid":"702","tid":"46"},{"nid":"702","tid":"18"},{"nid":"702","tid":"22"},{"nid":"702","tid":"207"},{"nid":"702","tid":"229"},{"nid":"874","tid":"5"},{"nid":"874","tid":"22"},{"nid":"874","tid":"207"},{"nid":"874","tid":"229"},{"nid":"683","tid":"4"},{"nid":"683","tid":"96"},{"nid":"683","tid":"54"},{"nid":"683","tid":"42"},{"nid":"683","tid":"66"},{"nid":"683","tid":"22"},{"nid":"683","tid":"209"},{"nid":"683","tid":"217"},{"nid":"889","tid":"5"},{"nid":"889","tid":"22"},{"nid":"889","tid":"214"},{"nid":"889","tid":"232"},{"nid":"890","tid":"5"},{"nid":"890","tid":"46"},{"nid":"890","tid":"22"},{"nid":"890","tid":"214"},{"nid":"890","tid":"232"},{"nid":"723","tid":"5"},{"nid":"723","tid":"80"},{"nid":"723","tid":"73"},{"nid":"723","tid":"22"},{"nid":"723","tid":"242"},{"nid":"1239","tid":"33"},{"nid":"1239","tid":"4"},{"nid":"1239","tid":"68"},{"nid":"1239","tid":"22"},{"nid":"1239","tid":"245"},{"nid":"1240","tid":"33"},{"nid":"1240","tid":"32"},{"nid":"1240","tid":"49"},{"nid":"1240","tid":"101"},{"nid":"1240","tid":"68"},{"nid":"1240","tid":"22"},{"nid":"1240","tid":"236"},{"nid":"1241","tid":"169"},{"nid":"1241","tid":"4"},{"nid":"1241","tid":"68"},{"nid":"1241","tid":"22"},{"nid":"1241","tid":"233"},{"nid":"1242","tid":"169"},{"nid":"1242","tid":"4"},{"nid":"1242","tid":"68"},{"nid":"1242","tid":"22"},{"nid":"1242","tid":"229"},{"nid":"1242","tid":"236"},{"nid":"1243","tid":"5"},{"nid":"1243","tid":"73"},{"nid":"1243","tid":"22"},{"nid":"1243","tid":"252"},{"nid":"1244","tid":"169"},{"nid":"1244","tid":"4"},{"nid":"1244","tid":"61"},{"nid":"1244","tid":"241"},{"nid":"677","tid":"5"},{"nid":"677","tid":"61"},{"nid":"677","tid":"150"},{"nid":"677","tid":"22"},{"nid":"677","tid":"217"},{"nid":"677","tid":"238"},{"nid":"1225","tid":"48"},{"nid":"1225","tid":"49"},{"nid":"1225","tid":"249"},{"nid":"848","tid":"5"},{"nid":"848","tid":"66"},{"nid":"848","tid":"22"},{"nid":"848","tid":"210"},{"nid":"848","tid":"215"},{"nid":"848","tid":"241"},{"nid":"964","tid":"37"},{"nid":"964","tid":"77"},{"nid":"964","tid":"22"},{"nid":"964","tid":"226"},{"nid":"964","tid":"238"}]}