<?xml version="1.0" encoding="UTF-8" ?>
<root>
	<table name='book'>
		<record num="0">
			<mlid>413</mlid>
			<nid>3</nid>
			<bid>3</bid>
		</record>
		<record num="1">
			<mlid>414</mlid>
			<nid>2</nid>
			<bid>3</bid>
		</record>
		<record num="2">
			<mlid>415</mlid>
			<nid>4</nid>
			<bid>3</bid>
		</record>
		<record num="3">
			<mlid>418</mlid>
			<nid>6</nid>
			<bid>3</bid>
		</record>
		<record num="4">
			<mlid>419</mlid>
			<nid>7</nid>
			<bid>3</bid>
		</record>
		<record num="5">
			<mlid>420</mlid>
			<nid>8</nid>
			<bid>3</bid>
		</record>
		<record num="6">
			<mlid>421</mlid>
			<nid>9</nid>
			<bid>3</bid>
		</record>
		<record num="7">
			<mlid>422</mlid>
			<nid>10</nid>
			<bid>3</bid>
		</record>
		<record num="8">
			<mlid>423</mlid>
			<nid>11</nid>
			<bid>3</bid>
		</record>
		<record num="9">
			<mlid>424</mlid>
			<nid>12</nid>
			<bid>3</bid>
		</record>
		<record num="10">
			<mlid>425</mlid>
			<nid>13</nid>
			<bid>3</bid>
		</record>
		<record num="11">
			<mlid>429</mlid>
			<nid>858</nid>
			<bid>3</bid>
		</record>
		<record num="12">
			<mlid>430</mlid>
			<nid>936</nid>
			<bid>3</bid>
		</record>
		<record num="13">
			<mlid>431</mlid>
			<nid>890</nid>
			<bid>3</bid>
		</record>
		<record num="14">
			<mlid>432</mlid>
			<nid>913</nid>
			<bid>3</bid>
		</record>
		<record num="15">
			<mlid>433</mlid>
			<nid>915</nid>
			<bid>3</bid>
		</record>
		<record num="16">
			<mlid>434</mlid>
			<nid>909</nid>
			<bid>3</bid>
		</record>
		<record num="17">
			<mlid>435</mlid>
			<nid>864</nid>
			<bid>3</bid>
		</record>
		<record num="18">
			<mlid>436</mlid>
			<nid>889</nid>
			<bid>3</bid>
		</record>
		<record num="19">
			<mlid>437</mlid>
			<nid>961</nid>
			<bid>3</bid>
		</record>
		<record num="20">
			<mlid>438</mlid>
			<nid>962</nid>
			<bid>3</bid>
		</record>
		<record num="21">
			<mlid>444</mlid>
			<nid>973</nid>
			<bid>3</bid>
		</record>
		<record num="22">
			<mlid>445</mlid>
			<nid>974</nid>
			<bid>3</bid>
		</record>
		<record num="23">
			<mlid>446</mlid>
			<nid>975</nid>
			<bid>3</bid>
		</record>
		<record num="24">
			<mlid>447</mlid>
			<nid>976</nid>
			<bid>3</bid>
		</record>
		<record num="25">
			<mlid>448</mlid>
			<nid>977</nid>
			<bid>3</bid>
		</record>
		<record num="26">
			<mlid>449</mlid>
			<nid>874</nid>
			<bid>3</bid>
		</record>
		<record num="27">
			<mlid>450</mlid>
			<nid>702</nid>
			<bid>3</bid>
		</record>
		<record num="28">
			<mlid>451</mlid>
			<nid>865</nid>
			<bid>3</bid>
		</record>
		<record num="29">
			<mlid>452</mlid>
			<nid>980</nid>
			<bid>3</bid>
		</record>
		<record num="30">
			<mlid>453</mlid>
			<nid>898</nid>
			<bid>3</bid>
		</record>
		<record num="31">
			<mlid>454</mlid>
			<nid>908</nid>
			<bid>3</bid>
		</record>
		<record num="32">
			<mlid>455</mlid>
			<nid>981</nid>
			<bid>3</bid>
		</record>
		<record num="33">
			<mlid>458</mlid>
			<nid>751</nid>
			<bid>3</bid>
		</record>
		<record num="34">
			<mlid>459</mlid>
			<nid>697</nid>
			<bid>3</bid>
		</record>
		<record num="35">
			<mlid>460</mlid>
			<nid>985</nid>
			<bid>3</bid>
		</record>
		<record num="36">
			<mlid>461</mlid>
			<nid>986</nid>
			<bid>3</bid>
		</record>
		<record num="37">
			<mlid>462</mlid>
			<nid>987</nid>
			<bid>3</bid>
		</record>
		<record num="38">
			<mlid>463</mlid>
			<nid>988</nid>
			<bid>3</bid>
		</record>
		<record num="39">
			<mlid>464</mlid>
			<nid>989</nid>
			<bid>3</bid>
		</record>
		<record num="40">
			<mlid>465</mlid>
			<nid>990</nid>
			<bid>3</bid>
		</record>
		<record num="41">
			<mlid>466</mlid>
			<nid>891</nid>
			<bid>3</bid>
		</record>
		<record num="42">
			<mlid>477</mlid>
			<nid>1001</nid>
			<bid>3</bid>
		</record>
		<record num="43">
			<mlid>481</mlid>
			<nid>725</nid>
			<bid>3</bid>
		</record>
		<record num="44">
			<mlid>482</mlid>
			<nid>1005</nid>
			<bid>3</bid>
		</record>
		<record num="45">
			<mlid>489</mlid>
			<nid>1012</nid>
			<bid>3</bid>
		</record>
		<record num="46">
			<mlid>490</mlid>
			<nid>792</nid>
			<bid>3</bid>
		</record>
		<record num="47">
			<mlid>492</mlid>
			<nid>885</nid>
			<bid>3</bid>
		</record>
		<record num="48">
			<mlid>493</mlid>
			<nid>722</nid>
			<bid>3</bid>
		</record>
		<record num="49">
			<mlid>494</mlid>
			<nid>723</nid>
			<bid>3</bid>
		</record>
		<record num="50">
			<mlid>495</mlid>
			<nid>872</nid>
			<bid>3</bid>
		</record>
		<record num="51">
			<mlid>496</mlid>
			<nid>724</nid>
			<bid>3</bid>
		</record>
		<record num="52">
			<mlid>497</mlid>
			<nid>796</nid>
			<bid>3</bid>
		</record>
		<record num="53">
			<mlid>498</mlid>
			<nid>873</nid>
			<bid>3</bid>
		</record>
		<record num="54">
			<mlid>499</mlid>
			<nid>876</nid>
			<bid>3</bid>
		</record>
		<record num="55">
			<mlid>500</mlid>
			<nid>1014</nid>
			<bid>1014</bid>
		</record>
		<record num="56">
			<mlid>501</mlid>
			<nid>1013</nid>
			<bid>1014</bid>
		</record>
		<record num="57">
			<mlid>503</mlid>
			<nid>1016</nid>
			<bid>1014</bid>
		</record>
		<record num="58">
			<mlid>504</mlid>
			<nid>1017</nid>
			<bid>1014</bid>
		</record>
		<record num="59">
			<mlid>512</mlid>
			<nid>1025</nid>
			<bid>1014</bid>
		</record>
		<record num="60">
			<mlid>514</mlid>
			<nid>1027</nid>
			<bid>1014</bid>
		</record>
		<record num="61">
			<mlid>516</mlid>
			<nid>1029</nid>
			<bid>1014</bid>
		</record>
		<record num="62">
			<mlid>517</mlid>
			<nid>1030</nid>
			<bid>1014</bid>
		</record>
		<record num="63">
			<mlid>519</mlid>
			<nid>979</nid>
			<bid>1014</bid>
		</record>
		<record num="64">
			<mlid>520</mlid>
			<nid>1032</nid>
			<bid>1014</bid>
		</record>
		<record num="65">
			<mlid>522</mlid>
			<nid>1034</nid>
			<bid>1014</bid>
		</record>
		<record num="66">
			<mlid>524</mlid>
			<nid>1036</nid>
			<bid>1014</bid>
		</record>
		<record num="67">
			<mlid>525</mlid>
			<nid>668</nid>
			<bid>1014</bid>
		</record>
		<record num="68">
			<mlid>526</mlid>
			<nid>1037</nid>
			<bid>1014</bid>
		</record>
		<record num="69">
			<mlid>527</mlid>
			<nid>1038</nid>
			<bid>1014</bid>
		</record>
		<record num="70">
			<mlid>531</mlid>
			<nid>1042</nid>
			<bid>1014</bid>
		</record>
		<record num="71">
			<mlid>532</mlid>
			<nid>1043</nid>
			<bid>1014</bid>
		</record>
		<record num="72">
			<mlid>533</mlid>
			<nid>880</nid>
			<bid>3</bid>
		</record>
		<record num="73">
			<mlid>534</mlid>
			<nid>931</nid>
			<bid>3</bid>
		</record>
		<record num="74">
			<mlid>535</mlid>
			<nid>1044</nid>
			<bid>3</bid>
		</record>
		<record num="75">
			<mlid>536</mlid>
			<nid>1045</nid>
			<bid>3</bid>
		</record>
		<record num="76">
			<mlid>539</mlid>
			<nid>1048</nid>
			<bid>3</bid>
		</record>
		<record num="77">
			<mlid>540</mlid>
			<nid>1049</nid>
			<bid>3</bid>
		</record>
		<record num="78">
			<mlid>541</mlid>
			<nid>1050</nid>
			<bid>3</bid>
		</record>
		<record num="79">
			<mlid>542</mlid>
			<nid>1051</nid>
			<bid>3</bid>
		</record>
		<record num="80">
			<mlid>544</mlid>
			<nid>1053</nid>
			<bid>3</bid>
		</record>
		<record num="81">
			<mlid>545</mlid>
			<nid>1054</nid>
			<bid>3</bid>
		</record>
		<record num="82">
			<mlid>546</mlid>
			<nid>964</nid>
			<bid>3</bid>
		</record>
		<record num="83">
			<mlid>547</mlid>
			<nid>662</nid>
			<bid>3</bid>
		</record>
		<record num="84">
			<mlid>548</mlid>
			<nid>1055</nid>
			<bid>3</bid>
		</record>
		<record num="85">
			<mlid>549</mlid>
			<nid>836</nid>
			<bid>3</bid>
		</record>
		<record num="86">
			<mlid>550</mlid>
			<nid>870</nid>
			<bid>3</bid>
		</record>
		<record num="87">
			<mlid>554</mlid>
			<nid>1059</nid>
			<bid>1014</bid>
		</record>
		<record num="88">
			<mlid>555</mlid>
			<nid>1060</nid>
			<bid>1014</bid>
		</record>
		<record num="89">
			<mlid>556</mlid>
			<nid>1061</nid>
			<bid>1014</bid>
		</record>
		<record num="90">
			<mlid>557</mlid>
			<nid>1062</nid>
			<bid>1014</bid>
		</record>
		<record num="91">
			<mlid>558</mlid>
			<nid>1063</nid>
			<bid>1014</bid>
		</record>
		<record num="92">
			<mlid>559</mlid>
			<nid>1064</nid>
			<bid>1014</bid>
		</record>
		<record num="93">
			<mlid>560</mlid>
			<nid>1065</nid>
			<bid>1014</bid>
		</record>
		<record num="94">
			<mlid>561</mlid>
			<nid>1066</nid>
			<bid>1014</bid>
		</record>
		<record num="95">
			<mlid>562</mlid>
			<nid>1067</nid>
			<bid>1014</bid>
		</record>
		<record num="96">
			<mlid>563</mlid>
			<nid>1068</nid>
			<bid>1014</bid>
		</record>
		<record num="97">
			<mlid>564</mlid>
			<nid>1069</nid>
			<bid>1014</bid>
		</record>
		<record num="98">
			<mlid>565</mlid>
			<nid>1070</nid>
			<bid>1014</bid>
		</record>
		<record num="99">
			<mlid>566</mlid>
			<nid>1071</nid>
			<bid>1014</bid>
		</record>
		<record num="100">
			<mlid>567</mlid>
			<nid>1072</nid>
			<bid>1014</bid>
		</record>
		<record num="101">
			<mlid>568</mlid>
			<nid>1073</nid>
			<bid>1014</bid>
		</record>
		<record num="102">
			<mlid>569</mlid>
			<nid>1074</nid>
			<bid>1014</bid>
		</record>
		<record num="103">
			<mlid>575</mlid>
			<nid>732</nid>
			<bid>3</bid>
		</record>
		<record num="104">
			<mlid>576</mlid>
			<nid>1080</nid>
			<bid>3</bid>
		</record>
		<record num="105">
			<mlid>577</mlid>
			<nid>769</nid>
			<bid>3</bid>
		</record>
		<record num="106">
			<mlid>578</mlid>
			<nid>1081</nid>
			<bid>1014</bid>
		</record>
		<record num="107">
			<mlid>579</mlid>
			<nid>859</nid>
			<bid>3</bid>
		</record>
		<record num="108">
			<mlid>580</mlid>
			<nid>926</nid>
			<bid>3</bid>
		</record>
		<record num="109">
			<mlid>581</mlid>
			<nid>923</nid>
			<bid>3</bid>
		</record>
		<record num="110">
			<mlid>582</mlid>
			<nid>925</nid>
			<bid>3</bid>
		</record>
		<record num="111">
			<mlid>583</mlid>
			<nid>921</nid>
			<bid>3</bid>
		</record>
		<record num="112">
			<mlid>584</mlid>
			<nid>924</nid>
			<bid>3</bid>
		</record>
		<record num="113">
			<mlid>585</mlid>
			<nid>922</nid>
			<bid>3</bid>
		</record>
		<record num="114">
			<mlid>586</mlid>
			<nid>887</nid>
			<bid>3</bid>
		</record>
		<record num="115">
			<mlid>587</mlid>
			<nid>756</nid>
			<bid>3</bid>
		</record>
		<record num="116">
			<mlid>588</mlid>
			<nid>738</nid>
			<bid>3</bid>
		</record>
		<record num="117">
			<mlid>589</mlid>
			<nid>850</nid>
			<bid>3</bid>
		</record>
		<record num="118">
			<mlid>590</mlid>
			<nid>719</nid>
			<bid>3</bid>
		</record>
		<record num="119">
			<mlid>591</mlid>
			<nid>966</nid>
			<bid>3</bid>
		</record>
		<record num="120">
			<mlid>592</mlid>
			<nid>928</nid>
			<bid>3</bid>
		</record>
		<record num="121">
			<mlid>593</mlid>
			<nid>929</nid>
			<bid>3</bid>
		</record>
		<record num="122">
			<mlid>594</mlid>
			<nid>927</nid>
			<bid>3</bid>
		</record>
		<record num="123">
			<mlid>596</mlid>
			<nid>916</nid>
			<bid>3</bid>
		</record>
		<record num="124">
			<mlid>597</mlid>
			<nid>869</nid>
			<bid>3</bid>
		</record>
		<record num="125">
			<mlid>598</mlid>
			<nid>691</nid>
			<bid>3</bid>
		</record>
		<record num="126">
			<mlid>599</mlid>
			<nid>659</nid>
			<bid>3</bid>
		</record>
		<record num="127">
			<mlid>600</mlid>
			<nid>851</nid>
			<bid>3</bid>
		</record>
		<record num="128">
			<mlid>601</mlid>
			<nid>852</nid>
			<bid>3</bid>
		</record>
		<record num="129">
			<mlid>602</mlid>
			<nid>917</nid>
			<bid>3</bid>
		</record>
		<record num="130">
			<mlid>603</mlid>
			<nid>919</nid>
			<bid>3</bid>
		</record>
		<record num="131">
			<mlid>604</mlid>
			<nid>819</nid>
			<bid>3</bid>
		</record>
		<record num="132">
			<mlid>605</mlid>
			<nid>820</nid>
			<bid>3</bid>
		</record>
		<record num="133">
			<mlid>606</mlid>
			<nid>918</nid>
			<bid>3</bid>
		</record>
		<record num="134">
			<mlid>607</mlid>
			<nid>920</nid>
			<bid>3</bid>
		</record>
		<record num="135">
			<mlid>608</mlid>
			<nid>853</nid>
			<bid>3</bid>
		</record>
		<record num="136">
			<mlid>609</mlid>
			<nid>682</nid>
			<bid>3</bid>
		</record>
		<record num="137">
			<mlid>610</mlid>
			<nid>673</nid>
			<bid>3</bid>
		</record>
		<record num="138">
			<mlid>611</mlid>
			<nid>679</nid>
			<bid>3</bid>
		</record>
		<record num="139">
			<mlid>612</mlid>
			<nid>875</nid>
			<bid>3</bid>
		</record>
		<record num="140">
			<mlid>613</mlid>
			<nid>714</nid>
			<bid>3</bid>
		</record>
		<record num="141">
			<mlid>614</mlid>
			<nid>843</nid>
			<bid>3</bid>
		</record>
		<record num="142">
			<mlid>615</mlid>
			<nid>835</nid>
			<bid>3</bid>
		</record>
		<record num="143">
			<mlid>616</mlid>
			<nid>888</nid>
			<bid>3</bid>
		</record>
		<record num="144">
			<mlid>617</mlid>
			<nid>950</nid>
			<bid>3</bid>
		</record>
		<record num="145">
			<mlid>618</mlid>
			<nid>700</nid>
			<bid>3</bid>
		</record>
		<record num="146">
			<mlid>619</mlid>
			<nid>703</nid>
			<bid>3</bid>
		</record>
		<record num="147">
			<mlid>620</mlid>
			<nid>721</nid>
			<bid>3</bid>
		</record>
		<record num="148">
			<mlid>621</mlid>
			<nid>881</nid>
			<bid>3</bid>
		</record>
		<record num="149">
			<mlid>622</mlid>
			<nid>862</nid>
			<bid>3</bid>
		</record>
		<record num="150">
			<mlid>623</mlid>
			<nid>860</nid>
			<bid>3</bid>
		</record>
		<record num="151">
			<mlid>624</mlid>
			<nid>745</nid>
			<bid>1083</bid>
		</record>
		<record num="152">
			<mlid>625</mlid>
			<nid>1083</nid>
			<bid>1083</bid>
		</record>
		<record num="153">
			<mlid>626</mlid>
			<nid>818</nid>
			<bid>1083</bid>
		</record>
		<record num="154">
			<mlid>627</mlid>
			<nid>866</nid>
			<bid>3</bid>
		</record>
		<record num="155">
			<mlid>628</mlid>
			<nid>1084</nid>
			<bid>1083</bid>
		</record>
		<record num="156">
			<mlid>629</mlid>
			<nid>704</nid>
			<bid>3</bid>
		</record>
		<record num="157">
			<mlid>630</mlid>
			<nid>658</nid>
			<bid>3</bid>
		</record>
		<record num="158">
			<mlid>631</mlid>
			<nid>911</nid>
			<bid>3</bid>
		</record>
		<record num="159">
			<mlid>632</mlid>
			<nid>863</nid>
			<bid>3</bid>
		</record>
		<record num="160">
			<mlid>633</mlid>
			<nid>884</nid>
			<bid>3</bid>
		</record>
		<record num="161">
			<mlid>634</mlid>
			<nid>845</nid>
			<bid>3</bid>
		</record>
		<record num="162">
			<mlid>635</mlid>
			<nid>879</nid>
			<bid>3</bid>
		</record>
		<record num="163">
			<mlid>636</mlid>
			<nid>855</nid>
			<bid>3</bid>
		</record>
		<record num="164">
			<mlid>637</mlid>
			<nid>825</nid>
			<bid>3</bid>
		</record>
		<record num="165">
			<mlid>638</mlid>
			<nid>868</nid>
			<bid>3</bid>
		</record>
		<record num="166">
			<mlid>639</mlid>
			<nid>803</nid>
			<bid>3</bid>
		</record>
		<record num="167">
			<mlid>640</mlid>
			<nid>737</nid>
			<bid>3</bid>
		</record>
		<record num="168">
			<mlid>641</mlid>
			<nid>956</nid>
			<bid>3</bid>
		</record>
		<record num="169">
			<mlid>642</mlid>
			<nid>689</nid>
			<bid>3</bid>
		</record>
		<record num="170">
			<mlid>643</mlid>
			<nid>802</nid>
			<bid>3</bid>
		</record>
		<record num="171">
			<mlid>644</mlid>
			<nid>699</nid>
			<bid>3</bid>
		</record>
		<record num="172">
			<mlid>645</mlid>
			<nid>763</nid>
			<bid>3</bid>
		</record>
		<record num="173">
			<mlid>646</mlid>
			<nid>905</nid>
			<bid>3</bid>
		</record>
		<record num="174">
			<mlid>647</mlid>
			<nid>1085</nid>
			<bid>3</bid>
		</record>
		<record num="175">
			<mlid>648</mlid>
			<nid>907</nid>
			<bid>3</bid>
		</record>
		<record num="176">
			<mlid>649</mlid>
			<nid>904</nid>
			<bid>3</bid>
		</record>
		<record num="177">
			<mlid>650</mlid>
			<nid>914</nid>
			<bid>3</bid>
		</record>
		<record num="178">
			<mlid>651</mlid>
			<nid>955</nid>
			<bid>3</bid>
		</record>
		<record num="179">
			<mlid>652</mlid>
			<nid>683</nid>
			<bid>3</bid>
		</record>
		<record num="180">
			<mlid>653</mlid>
			<nid>1086</nid>
			<bid>1105</bid>
		</record>
		<record num="181">
			<mlid>654</mlid>
			<nid>844</nid>
			<bid>3</bid>
		</record>
		<record num="182">
			<mlid>655</mlid>
			<nid>945</nid>
			<bid>3</bid>
		</record>
		<record num="183">
			<mlid>656</mlid>
			<nid>839</nid>
			<bid>3</bid>
		</record>
		<record num="184">
			<mlid>657</mlid>
			<nid>895</nid>
			<bid>3</bid>
		</record>
		<record num="185">
			<mlid>658</mlid>
			<nid>1089</nid>
			<bid>3</bid>
		</record>
		<record num="186">
			<mlid>659</mlid>
			<nid>688</nid>
			<bid>3</bid>
		</record>
		<record num="187">
			<mlid>660</mlid>
			<nid>1092</nid>
			<bid>3</bid>
		</record>
		<record num="188">
			<mlid>661</mlid>
			<nid>846</nid>
			<bid>3</bid>
		</record>
		<record num="189">
			<mlid>662</mlid>
			<nid>1093</nid>
			<bid>3</bid>
		</record>
		<record num="190">
			<mlid>663</mlid>
			<nid>849</nid>
			<bid>3</bid>
		</record>
		<record num="191">
			<mlid>664</mlid>
			<nid>735</nid>
			<bid>3</bid>
		</record>
		<record num="192">
			<mlid>665</mlid>
			<nid>752</nid>
			<bid>3</bid>
		</record>
		<record num="193">
			<mlid>666</mlid>
			<nid>965</nid>
			<bid>3</bid>
		</record>
		<record num="194">
			<mlid>667</mlid>
			<nid>938</nid>
			<bid>3</bid>
		</record>
		<record num="195">
			<mlid>668</mlid>
			<nid>878</nid>
			<bid>3</bid>
		</record>
		<record num="196">
			<mlid>669</mlid>
			<nid>877</nid>
			<bid>3</bid>
		</record>
		<record num="197">
			<mlid>670</mlid>
			<nid>827</nid>
			<bid>3</bid>
		</record>
		<record num="198">
			<mlid>671</mlid>
			<nid>795</nid>
			<bid>3</bid>
		</record>
		<record num="199">
			<mlid>672</mlid>
			<nid>708</nid>
			<bid>3</bid>
		</record>
		<record num="200">
			<mlid>673</mlid>
			<nid>829</nid>
			<bid>3</bid>
		</record>
		<record num="201">
			<mlid>674</mlid>
			<nid>830</nid>
			<bid>3</bid>
		</record>
		<record num="202">
			<mlid>675</mlid>
			<nid>952</nid>
			<bid>3</bid>
		</record>
		<record num="203">
			<mlid>676</mlid>
			<nid>733</nid>
			<bid>3</bid>
		</record>
		<record num="204">
			<mlid>677</mlid>
			<nid>1094</nid>
			<bid>3</bid>
		</record>
		<record num="205">
			<mlid>678</mlid>
			<nid>1095</nid>
			<bid>3</bid>
		</record>
		<record num="206">
			<mlid>679</mlid>
			<nid>1096</nid>
			<bid>3</bid>
		</record>
		<record num="207">
			<mlid>680</mlid>
			<nid>1097</nid>
			<bid>3</bid>
		</record>
		<record num="208">
			<mlid>681</mlid>
			<nid>773</nid>
			<bid>3</bid>
		</record>
		<record num="209">
			<mlid>682</mlid>
			<nid>798</nid>
			<bid>3</bid>
		</record>
		<record num="210">
			<mlid>683</mlid>
			<nid>1098</nid>
			<bid>3</bid>
		</record>
		<record num="211">
			<mlid>684</mlid>
			<nid>834</nid>
			<bid>3</bid>
		</record>
		<record num="212">
			<mlid>685</mlid>
			<nid>661</nid>
			<bid>3</bid>
		</record>
		<record num="213">
			<mlid>686</mlid>
			<nid>1099</nid>
			<bid>3</bid>
		</record>
		<record num="214">
			<mlid>687</mlid>
			<nid>1100</nid>
			<bid>3</bid>
		</record>
		<record num="215">
			<mlid>688</mlid>
			<nid>675</nid>
			<bid>3</bid>
		</record>
		<record num="216">
			<mlid>689</mlid>
			<nid>1101</nid>
			<bid>3</bid>
		</record>
		<record num="217">
			<mlid>690</mlid>
			<nid>1102</nid>
			<bid>3</bid>
		</record>
		<record num="218">
			<mlid>691</mlid>
			<nid>1103</nid>
			<bid>3</bid>
		</record>
		<record num="219">
			<mlid>692</mlid>
			<nid>728</nid>
			<bid>3</bid>
		</record>
		<record num="220">
			<mlid>693</mlid>
			<nid>1104</nid>
			<bid>3</bid>
		</record>
		<record num="221">
			<mlid>694</mlid>
			<nid>942</nid>
			<bid>3</bid>
		</record>
		<record num="222">
			<mlid>695</mlid>
			<nid>816</nid>
			<bid>3</bid>
		</record>
		<record num="223">
			<mlid>696</mlid>
			<nid>848</nid>
			<bid>3</bid>
		</record>
		<record num="224">
			<mlid>697</mlid>
			<nid>656</nid>
			<bid>3</bid>
		</record>
		<record num="225">
			<mlid>698</mlid>
			<nid>749</nid>
			<bid>3</bid>
		</record>
		<record num="226">
			<mlid>699</mlid>
			<nid>941</nid>
			<bid>3</bid>
		</record>
		<record num="227">
			<mlid>700</mlid>
			<nid>840</nid>
			<bid>3</bid>
		</record>
		<record num="228">
			<mlid>701</mlid>
			<nid>748</nid>
			<bid>3</bid>
		</record>
		<record num="229">
			<mlid>702</mlid>
			<nid>663</nid>
			<bid>3</bid>
		</record>
		<record num="230">
			<mlid>703</mlid>
			<nid>757</nid>
			<bid>3</bid>
		</record>
		<record num="231">
			<mlid>704</mlid>
			<nid>692</nid>
			<bid>3</bid>
		</record>
		<record num="232">
			<mlid>705</mlid>
			<nid>750</nid>
			<bid>3</bid>
		</record>
		<record num="233">
			<mlid>706</mlid>
			<nid>706</nid>
			<bid>3</bid>
		</record>
		<record num="234">
			<mlid>707</mlid>
			<nid>717</nid>
			<bid>3</bid>
		</record>
		<record num="235">
			<mlid>708</mlid>
			<nid>715</nid>
			<bid>3</bid>
		</record>
		<record num="236">
			<mlid>709</mlid>
			<nid>779</nid>
			<bid>3</bid>
		</record>
		<record num="237">
			<mlid>710</mlid>
			<nid>856</nid>
			<bid>3</bid>
		</record>
		<record num="238">
			<mlid>711</mlid>
			<nid>666</nid>
			<bid>3</bid>
		</record>
		<record num="239">
			<mlid>712</mlid>
			<nid>705</nid>
			<bid>3</bid>
		</record>
		<record num="240">
			<mlid>713</mlid>
			<nid>940</nid>
			<bid>3</bid>
		</record>
		<record num="241">
			<mlid>714</mlid>
			<nid>801</nid>
			<bid>3</bid>
		</record>
		<record num="242">
			<mlid>715</mlid>
			<nid>718</nid>
			<bid>3</bid>
		</record>
		<record num="243">
			<mlid>716</mlid>
			<nid>833</nid>
			<bid>3</bid>
		</record>
		<record num="244">
			<mlid>717</mlid>
			<nid>734</nid>
			<bid>3</bid>
		</record>
		<record num="245">
			<mlid>718</mlid>
			<nid>897</nid>
			<bid>3</bid>
		</record>
		<record num="246">
			<mlid>719</mlid>
			<nid>932</nid>
			<bid>3</bid>
		</record>
		<record num="247">
			<mlid>720</mlid>
			<nid>680</nid>
			<bid>3</bid>
		</record>
		<record num="248">
			<mlid>721</mlid>
			<nid>707</nid>
			<bid>3</bid>
		</record>
		<record num="249">
			<mlid>722</mlid>
			<nid>681</nid>
			<bid>3</bid>
		</record>
		<record num="250">
			<mlid>723</mlid>
			<nid>1105</nid>
			<bid>1105</bid>
		</record>
		<record num="251">
			<mlid>724</mlid>
			<nid>1106</nid>
			<bid>1105</bid>
		</record>
		<record num="252">
			<mlid>725</mlid>
			<nid>1087</nid>
			<bid>1105</bid>
		</record>
		<record num="253">
			<mlid>726</mlid>
			<nid>1088</nid>
			<bid>1105</bid>
		</record>
		<record num="254">
			<mlid>727</mlid>
			<nid>1107</nid>
			<bid>1014</bid>
		</record>
		<record num="255">
			<mlid>728</mlid>
			<nid>676</nid>
			<bid>3</bid>
		</record>
		<record num="256">
			<mlid>729</mlid>
			<nid>746</nid>
			<bid>3</bid>
		</record>
		<record num="257">
			<mlid>730</mlid>
			<nid>1108</nid>
			<bid>3</bid>
		</record>
		<record num="258">
			<mlid>731</mlid>
			<nid>1109</nid>
			<bid>3</bid>
		</record>
		<record num="259">
			<mlid>732</mlid>
			<nid>1110</nid>
			<bid>3</bid>
		</record>
		<record num="260">
			<mlid>733</mlid>
			<nid>753</nid>
			<bid>3</bid>
		</record>
		<record num="261">
			<mlid>734</mlid>
			<nid>696</nid>
			<bid>3</bid>
		</record>
		<record num="262">
			<mlid>735</mlid>
			<nid>1111</nid>
			<bid>1014</bid>
		</record>
		<record num="263">
			<mlid>736</mlid>
			<nid>1113</nid>
			<bid>1014</bid>
		</record>
		<record num="264">
			<mlid>737</mlid>
			<nid>1114</nid>
			<bid>1014</bid>
		</record>
		<record num="265">
			<mlid>738</mlid>
			<nid>1115</nid>
			<bid>1014</bid>
		</record>
		<record num="266">
			<mlid>739</mlid>
			<nid>1116</nid>
			<bid>1014</bid>
		</record>
		<record num="267">
			<mlid>740</mlid>
			<nid>1117</nid>
			<bid>1014</bid>
		</record>
		<record num="268">
			<mlid>741</mlid>
			<nid>1118</nid>
			<bid>1014</bid>
		</record>
		<record num="269">
			<mlid>742</mlid>
			<nid>1119</nid>
			<bid>1014</bid>
		</record>
		<record num="270">
			<mlid>743</mlid>
			<nid>1120</nid>
			<bid>1014</bid>
		</record>
		<record num="271">
			<mlid>744</mlid>
			<nid>1121</nid>
			<bid>1014</bid>
		</record>
		<record num="272">
			<mlid>745</mlid>
			<nid>826</nid>
			<bid>3</bid>
		</record>
		<record num="273">
			<mlid>746</mlid>
			<nid>832</nid>
			<bid>3</bid>
		</record>
		<record num="274">
			<mlid>747</mlid>
			<nid>831</nid>
			<bid>3</bid>
		</record>
		<record num="275">
			<mlid>748</mlid>
			<nid>934</nid>
			<bid>3</bid>
		</record>
		<record num="276">
			<mlid>749</mlid>
			<nid>815</nid>
			<bid>3</bid>
		</record>
		<record num="277">
			<mlid>750</mlid>
			<nid>1122</nid>
			<bid>1083</bid>
		</record>
		<record num="278">
			<mlid>751</mlid>
			<nid>821</nid>
			<bid>3</bid>
		</record>
		<record num="279">
			<mlid>752</mlid>
			<nid>822</nid>
			<bid>3</bid>
		</record>
		<record num="280">
			<mlid>753</mlid>
			<nid>894</nid>
			<bid>3</bid>
		</record>
		<record num="281">
			<mlid>754</mlid>
			<nid>1123</nid>
			<bid>1014</bid>
		</record>
		<record num="282">
			<mlid>755</mlid>
			<nid>1124</nid>
			<bid>1014</bid>
		</record>
		<record num="283">
			<mlid>756</mlid>
			<nid>847</nid>
			<bid>3</bid>
		</record>
		<record num="284">
			<mlid>757</mlid>
			<nid>828</nid>
			<bid>3</bid>
		</record>
		<record num="285">
			<mlid>758</mlid>
			<nid>711</nid>
			<bid>3</bid>
		</record>
		<record num="286">
			<mlid>759</mlid>
			<nid>709</nid>
			<bid>3</bid>
		</record>
		<record num="287">
			<mlid>760</mlid>
			<nid>1125</nid>
			<bid>3</bid>
		</record>
		<record num="288">
			<mlid>761</mlid>
			<nid>800</nid>
			<bid>3</bid>
		</record>
		<record num="289">
			<mlid>762</mlid>
			<nid>1126</nid>
			<bid>3</bid>
		</record>
		<record num="290">
			<mlid>763</mlid>
			<nid>775</nid>
			<bid>3</bid>
		</record>
		<record num="291">
			<mlid>764</mlid>
			<nid>1127</nid>
			<bid>3</bid>
		</record>
		<record num="292">
			<mlid>765</mlid>
			<nid>777</nid>
			<bid>3</bid>
		</record>
		<record num="293">
			<mlid>766</mlid>
			<nid>1129</nid>
			<bid>1014</bid>
		</record>
		<record num="294">
			<mlid>767</mlid>
			<nid>1130</nid>
			<bid>1014</bid>
		</record>
		<record num="295">
			<mlid>768</mlid>
			<nid>806</nid>
			<bid>3</bid>
		</record>
		<record num="296">
			<mlid>769</mlid>
			<nid>900</nid>
			<bid>3</bid>
		</record>
		<record num="297">
			<mlid>770</mlid>
			<nid>899</nid>
			<bid>3</bid>
		</record>
		<record num="298">
			<mlid>771</mlid>
			<nid>686</nid>
			<bid>3</bid>
		</record>
		<record num="299">
			<mlid>772</mlid>
			<nid>687</nid>
			<bid>3</bid>
		</record>
		<record num="300">
			<mlid>773</mlid>
			<nid>684</nid>
			<bid>3</bid>
		</record>
		<record num="301">
			<mlid>774</mlid>
			<nid>685</nid>
			<bid>3</bid>
		</record>
		<record num="302">
			<mlid>775</mlid>
			<nid>906</nid>
			<bid>3</bid>
		</record>
		<record num="303">
			<mlid>776</mlid>
			<nid>871</nid>
			<bid>3</bid>
		</record>
		<record num="304">
			<mlid>777</mlid>
			<nid>1132</nid>
			<bid>1014</bid>
		</record>
		<record num="305">
			<mlid>778</mlid>
			<nid>1133</nid>
			<bid>1014</bid>
		</record>
		<record num="306">
			<mlid>779</mlid>
			<nid>1135</nid>
			<bid>1014</bid>
		</record>
		<record num="307">
			<mlid>780</mlid>
			<nid>759</nid>
			<bid>3</bid>
		</record>
		<record num="308">
			<mlid>781</mlid>
			<nid>823</nid>
			<bid>3</bid>
		</record>
		<record num="309">
			<mlid>782</mlid>
			<nid>1136</nid>
			<bid>1014</bid>
		</record>
		<record num="310">
			<mlid>783</mlid>
			<nid>1137</nid>
			<bid>1014</bid>
		</record>
		<record num="311">
			<mlid>784</mlid>
			<nid>1138</nid>
			<bid>1014</bid>
		</record>
		<record num="312">
			<mlid>785</mlid>
			<nid>1139</nid>
			<bid>1014</bid>
		</record>
		<record num="313">
			<mlid>786</mlid>
			<nid>1140</nid>
			<bid>1014</bid>
		</record>
		<record num="314">
			<mlid>788</mlid>
			<nid>1142</nid>
			<bid>1014</bid>
		</record>
		<record num="315">
			<mlid>789</mlid>
			<nid>1143</nid>
			<bid>1014</bid>
		</record>
		<record num="316">
			<mlid>790</mlid>
			<nid>1144</nid>
			<bid>1014</bid>
		</record>
		<record num="317">
			<mlid>791</mlid>
			<nid>1145</nid>
			<bid>1014</bid>
		</record>
		<record num="318">
			<mlid>792</mlid>
			<nid>1146</nid>
			<bid>1014</bid>
		</record>
		<record num="319">
			<mlid>793</mlid>
			<nid>901</nid>
			<bid>3</bid>
		</record>
		<record num="320">
			<mlid>794</mlid>
			<nid>1147</nid>
			<bid>1014</bid>
		</record>
		<record num="321">
			<mlid>795</mlid>
			<nid>1148</nid>
			<bid>1014</bid>
		</record>
		<record num="322">
			<mlid>796</mlid>
			<nid>1149</nid>
			<bid>1014</bid>
		</record>
		<record num="323">
			<mlid>797</mlid>
			<nid>1150</nid>
			<bid>1014</bid>
		</record>
		<record num="324">
			<mlid>798</mlid>
			<nid>670</nid>
			<bid>1014</bid>
		</record>
		<record num="325">
			<mlid>799</mlid>
			<nid>1151</nid>
			<bid>1014</bid>
		</record>
		<record num="326">
			<mlid>800</mlid>
			<nid>672</nid>
			<bid>3</bid>
		</record>
		<record num="327">
			<mlid>801</mlid>
			<nid>968</nid>
			<bid>3</bid>
		</record>
		<record num="328">
			<mlid>802</mlid>
			<nid>969</nid>
			<bid>3</bid>
		</record>
		<record num="329">
			<mlid>803</mlid>
			<nid>970</nid>
			<bid>3</bid>
		</record>
		<record num="330">
			<mlid>804</mlid>
			<nid>720</nid>
			<bid>3</bid>
		</record>
		<record num="331">
			<mlid>805</mlid>
			<nid>731</nid>
			<bid>3</bid>
		</record>
		<record num="332">
			<mlid>806</mlid>
			<nid>892</nid>
			<bid>3</bid>
		</record>
		<record num="333">
			<mlid>807</mlid>
			<nid>910</nid>
			<bid>3</bid>
		</record>
		<record num="334">
			<mlid>808</mlid>
			<nid>1152</nid>
			<bid>1014</bid>
		</record>
		<record num="335">
			<mlid>809</mlid>
			<nid>1154</nid>
			<bid>1014</bid>
		</record>
		<record num="336">
			<mlid>810</mlid>
			<nid>678</nid>
			<bid>3</bid>
		</record>
		<record num="337">
			<mlid>811</mlid>
			<nid>963</nid>
			<bid>3</bid>
		</record>
		<record num="338">
			<mlid>812</mlid>
			<nid>1155</nid>
			<bid>1014</bid>
		</record>
		<record num="339">
			<mlid>813</mlid>
			<nid>1156</nid>
			<bid>1014</bid>
		</record>
		<record num="340">
			<mlid>815</mlid>
			<nid>1158</nid>
			<bid>1014</bid>
		</record>
		<record num="341">
			<mlid>816</mlid>
			<nid>1159</nid>
			<bid>3</bid>
		</record>
		<record num="342">
			<mlid>817</mlid>
			<nid>824</nid>
			<bid>3</bid>
		</record>
		<record num="343">
			<mlid>818</mlid>
			<nid>693</nid>
			<bid>3</bid>
		</record>
		<record num="344">
			<mlid>819</mlid>
			<nid>694</nid>
			<bid>3</bid>
		</record>
		<record num="345">
			<mlid>820</mlid>
			<nid>713</nid>
			<bid>3</bid>
		</record>
		<record num="346">
			<mlid>821</mlid>
			<nid>712</nid>
			<bid>3</bid>
		</record>
		<record num="347">
			<mlid>822</mlid>
			<nid>1160</nid>
			<bid>1014</bid>
		</record>
		<record num="348">
			<mlid>823</mlid>
			<nid>857</nid>
			<bid>3</bid>
		</record>
		<record num="349">
			<mlid>824</mlid>
			<nid>1161</nid>
			<bid>3</bid>
		</record>
		<record num="350">
			<mlid>825</mlid>
			<nid>854</nid>
			<bid>3</bid>
		</record>
		<record num="351">
			<mlid>826</mlid>
			<nid>669</nid>
			<bid>1014</bid>
		</record>
		<record num="352">
			<mlid>827</mlid>
			<nid>677</nid>
			<bid>3</bid>
		</record>
		<record num="353">
			<mlid>828</mlid>
			<nid>698</nid>
			<bid>3</bid>
		</record>
		<record num="354">
			<mlid>829</mlid>
			<nid>695</nid>
			<bid>3</bid>
		</record>
		<record num="355">
			<mlid>830</mlid>
			<nid>716</nid>
			<bid>3</bid>
		</record>
		<record num="356">
			<mlid>831</mlid>
			<nid>813</nid>
			<bid>3</bid>
		</record>
		<record num="357">
			<mlid>832</mlid>
			<nid>814</nid>
			<bid>3</bid>
		</record>
		<record num="358">
			<mlid>833</mlid>
			<nid>809</nid>
			<bid>3</bid>
		</record>
		<record num="359">
			<mlid>834</mlid>
			<nid>810</nid>
			<bid>3</bid>
		</record>
		<record num="360">
			<mlid>835</mlid>
			<nid>808</nid>
			<bid>3</bid>
		</record>
		<record num="361">
			<mlid>836</mlid>
			<nid>930</nid>
			<bid>3</bid>
		</record>
		<record num="362">
			<mlid>837</mlid>
			<nid>788</nid>
			<bid>3</bid>
		</record>
		<record num="363">
			<mlid>838</mlid>
			<nid>785</nid>
			<bid>3</bid>
		</record>
		<record num="364">
			<mlid>839</mlid>
			<nid>740</nid>
			<bid>3</bid>
		</record>
		<record num="365">
			<mlid>840</mlid>
			<nid>741</nid>
			<bid>3</bid>
		</record>
		<record num="366">
			<mlid>841</mlid>
			<nid>743</nid>
			<bid>3</bid>
		</record>
		<record num="367">
			<mlid>842</mlid>
			<nid>742</nid>
			<bid>3</bid>
		</record>
		<record num="368">
			<mlid>843</mlid>
			<nid>744</nid>
			<bid>3</bid>
		</record>
		<record num="369">
			<mlid>844</mlid>
			<nid>1162</nid>
			<bid>1014</bid>
		</record>
		<record num="370">
			<mlid>845</mlid>
			<nid>1163</nid>
			<bid>1014</bid>
		</record>
		<record num="371">
			<mlid>846</mlid>
			<nid>948</nid>
			<bid>3</bid>
		</record>
		<record num="372">
			<mlid>847</mlid>
			<nid>944</nid>
			<bid>3</bid>
		</record>
		<record num="373">
			<mlid>848</mlid>
			<nid>755</nid>
			<bid>3</bid>
		</record>
		<record num="374">
			<mlid>849</mlid>
			<nid>893</nid>
			<bid>3</bid>
		</record>
		<record num="375">
			<mlid>850</mlid>
			<nid>781</nid>
			<bid>3</bid>
		</record>
		<record num="376">
			<mlid>851</mlid>
			<nid>783</nid>
			<bid>3</bid>
		</record>
		<record num="377">
			<mlid>852</mlid>
			<nid>784</nid>
			<bid>3</bid>
		</record>
		<record num="378">
			<mlid>853</mlid>
			<nid>782</nid>
			<bid>3</bid>
		</record>
		<record num="379">
			<mlid>854</mlid>
			<nid>1164</nid>
			<bid>1014</bid>
		</record>
		<record num="380">
			<mlid>855</mlid>
			<nid>903</nid>
			<bid>3</bid>
		</record>
		<record num="381">
			<mlid>856</mlid>
			<nid>736</nid>
			<bid>3</bid>
		</record>
		<record num="382">
			<mlid>857</mlid>
			<nid>730</nid>
			<bid>3</bid>
		</record>
		<record num="383">
			<mlid>858</mlid>
			<nid>729</nid>
			<bid>3</bid>
		</record>
		<record num="384">
			<mlid>859</mlid>
			<nid>739</nid>
			<bid>3</bid>
		</record>
		<record num="385">
			<mlid>860</mlid>
			<nid>861</nid>
			<bid>3</bid>
		</record>
		<record num="386">
			<mlid>861</mlid>
			<nid>883</nid>
			<bid>3</bid>
		</record>
		<record num="387">
			<mlid>862</mlid>
			<nid>1165</nid>
			<bid>1014</bid>
		</record>
		<record num="388">
			<mlid>863</mlid>
			<nid>1166</nid>
			<bid>3</bid>
		</record>
		<record num="389">
			<mlid>864</mlid>
			<nid>935</nid>
			<bid>3</bid>
		</record>
		<record num="390">
			<mlid>865</mlid>
			<nid>953</nid>
			<bid>3</bid>
		</record>
		<record num="391">
			<mlid>866</mlid>
			<nid>886</nid>
			<bid>3</bid>
		</record>
		<record num="392">
			<mlid>867</mlid>
			<nid>946</nid>
			<bid>3</bid>
		</record>
		<record num="393">
			<mlid>868</mlid>
			<nid>1167</nid>
			<bid>3</bid>
		</record>
		<record num="394">
			<mlid>869</mlid>
			<nid>797</nid>
			<bid>3</bid>
		</record>
		<record num="395">
			<mlid>870</mlid>
			<nid>791</nid>
			<bid>3</bid>
		</record>
		<record num="396">
			<mlid>871</mlid>
			<nid>793</nid>
			<bid>3</bid>
		</record>
		<record num="397">
			<mlid>872</mlid>
			<nid>1168</nid>
			<bid>3</bid>
		</record>
		<record num="398">
			<mlid>873</mlid>
			<nid>1169</nid>
			<bid>3</bid>
		</record>
		<record num="399">
			<mlid>874</mlid>
			<nid>1170</nid>
			<bid>1014</bid>
		</record>
		<record num="400">
			<mlid>875</mlid>
			<nid>1171</nid>
			<bid>1014</bid>
		</record>
		<record num="401">
			<mlid>876</mlid>
			<nid>1172</nid>
			<bid>1014</bid>
		</record>
		<record num="402">
			<mlid>877</mlid>
			<nid>841</nid>
			<bid>3</bid>
		</record>
		<record num="403">
			<mlid>878</mlid>
			<nid>660</nid>
			<bid>3</bid>
		</record>
		<record num="404">
			<mlid>879</mlid>
			<nid>1173</nid>
			<bid>1014</bid>
		</record>
		<record num="405">
			<mlid>880</mlid>
			<nid>1174</nid>
			<bid>1014</bid>
		</record>
		<record num="406">
			<mlid>881</mlid>
			<nid>1176</nid>
			<bid>3</bid>
		</record>
		<record num="407">
			<mlid>882</mlid>
			<nid>665</nid>
			<bid>3</bid>
		</record>
		<record num="408">
			<mlid>883</mlid>
			<nid>664</nid>
			<bid>3</bid>
		</record>
		<record num="409">
			<mlid>884</mlid>
			<nid>1177</nid>
			<bid>3</bid>
		</record>
		<record num="410">
			<mlid>885</mlid>
			<nid>1179</nid>
			<bid>3</bid>
		</record>
		<record num="411">
			<mlid>886</mlid>
			<nid>960</nid>
			<bid>3</bid>
		</record>
		<record num="412">
			<mlid>887</mlid>
			<nid>1185</nid>
			<bid>1014</bid>
		</record>
		<record num="413">
			<mlid>888</mlid>
			<nid>958</nid>
			<bid>3</bid>
		</record>
		<record num="414">
			<mlid>889</mlid>
			<nid>959</nid>
			<bid>3</bid>
		</record>
		<record num="415">
			<mlid>890</mlid>
			<nid>896</nid>
			<bid>3</bid>
		</record>
		<record num="416">
			<mlid>891</mlid>
			<nid>933</nid>
			<bid>3</bid>
		</record>
		<record num="417">
			<mlid>892</mlid>
			<nid>674</nid>
			<bid>3</bid>
		</record>
		<record num="418">
			<mlid>893</mlid>
			<nid>1187</nid>
			<bid>3</bid>
		</record>
		<record num="419">
			<mlid>894</mlid>
			<nid>1189</nid>
			<bid>1014</bid>
		</record>
		<record num="420">
			<mlid>895</mlid>
			<nid>1190</nid>
			<bid>1014</bid>
		</record>
		<record num="421">
			<mlid>896</mlid>
			<nid>1191</nid>
			<bid>1014</bid>
		</record>
		<record num="422">
			<mlid>897</mlid>
			<nid>1192</nid>
			<bid>1014</bid>
		</record>
		<record num="423">
			<mlid>898</mlid>
			<nid>912</nid>
			<bid>3</bid>
		</record>
		<record num="424">
			<mlid>899</mlid>
			<nid>1193</nid>
			<bid>1014</bid>
		</record>
		<record num="425">
			<mlid>900</mlid>
			<nid>1194</nid>
			<bid>1014</bid>
		</record>
		<record num="426">
			<mlid>901</mlid>
			<nid>1196</nid>
			<bid>1014</bid>
		</record>
		<record num="427">
			<mlid>902</mlid>
			<nid>1197</nid>
			<bid>1014</bid>
		</record>
		<record num="428">
			<mlid>903</mlid>
			<nid>758</nid>
			<bid>3</bid>
		</record>
		<record num="429">
			<mlid>904</mlid>
			<nid>1198</nid>
			<bid>1014</bid>
		</record>
		<record num="430">
			<mlid>905</mlid>
			<nid>1200</nid>
			<bid>3</bid>
		</record>
		<record num="431">
			<mlid>906</mlid>
			<nid>1201</nid>
			<bid>3</bid>
		</record>
		<record num="432">
			<mlid>907</mlid>
			<nid>1202</nid>
			<bid>1014</bid>
		</record>
		<record num="433">
			<mlid>908</mlid>
			<nid>954</nid>
			<bid>3</bid>
		</record>
		<record num="434">
			<mlid>909</mlid>
			<nid>1203</nid>
			<bid>1014</bid>
		</record>
		<record num="435">
			<mlid>910</mlid>
			<nid>727</nid>
			<bid>3</bid>
		</record>
		<record num="436">
			<mlid>911</mlid>
			<nid>671</nid>
			<bid>1014</bid>
		</record>
		<record num="437">
			<mlid>912</mlid>
			<nid>1204</nid>
			<bid>1014</bid>
		</record>
		<record num="438">
			<mlid>913</mlid>
			<nid>1205</nid>
			<bid>1205</bid>
		</record>
		<record num="439">
			<mlid>914</mlid>
			<nid>1206</nid>
			<bid>3</bid>
		</record>
		<record num="440">
			<mlid>915</mlid>
			<nid>1207</nid>
			<bid>3</bid>
		</record>
		<record num="441">
			<mlid>916</mlid>
			<nid>1208</nid>
			<bid>1014</bid>
		</record>
		<record num="442">
			<mlid>917</mlid>
			<nid>1209</nid>
			<bid>1014</bid>
		</record>
		<record num="443">
			<mlid>918</mlid>
			<nid>1210</nid>
			<bid>1014</bid>
		</record>
		<record num="444">
			<mlid>919</mlid>
			<nid>1211</nid>
			<bid>1205</bid>
		</record>
		<record num="445">
			<mlid>920</mlid>
			<nid>1212</nid>
			<bid>3</bid>
		</record>
		<record num="446">
			<mlid>921</mlid>
			<nid>1213</nid>
			<bid>3</bid>
		</record>
		<record num="447">
			<mlid>922</mlid>
			<nid>1214</nid>
			<bid>3</bid>
		</record>
		<record num="448">
			<mlid>923</mlid>
			<nid>1215</nid>
			<bid>3</bid>
		</record>
		<record num="449">
			<mlid>924</mlid>
			<nid>1216</nid>
			<bid>3</bid>
		</record>
		<record num="450">
			<mlid>925</mlid>
			<nid>1217</nid>
			<bid>3</bid>
		</record>
		<record num="451">
			<mlid>929</mlid>
			<nid>1218</nid>
			<bid>1014</bid>
		</record>
		<record num="452">
			<mlid>930</mlid>
			<nid>1223</nid>
			<bid>1014</bid>
		</record>
		<record num="453">
			<mlid>931</mlid>
			<nid>1224</nid>
			<bid>1014</bid>
		</record>
		<record num="454">
			<mlid>935</mlid>
			<nid>1225</nid>
			<bid>1014</bid>
		</record>
		<record num="455">
			<mlid>937</mlid>
			<nid>1228</nid>
			<bid>1014</bid>
		</record>
		<record num="456">
			<mlid>938</mlid>
			<nid>1229</nid>
			<bid>3</bid>
		</record>
		<record num="457">
			<mlid>939</mlid>
			<nid>1230</nid>
			<bid>3</bid>
		</record>
		<record num="458">
			<mlid>950</mlid>
			<nid>1231</nid>
			<bid>3</bid>
		</record>
		<record num="459">
			<mlid>951</mlid>
			<nid>1232</nid>
			<bid>3</bid>
		</record>
		<record num="460">
			<mlid>952</mlid>
			<nid>1233</nid>
			<bid>3</bid>
		</record>
		<record num="461">
			<mlid>953</mlid>
			<nid>1234</nid>
			<bid>3</bid>
		</record>
		<record num="462">
			<mlid>955</mlid>
			<nid>1235</nid>
			<bid>3</bid>
		</record>
		<record num="463">
			<mlid>956</mlid>
			<nid>1236</nid>
			<bid>3</bid>
		</record>
		<record num="464">
			<mlid>957</mlid>
			<nid>1237</nid>
			<bid>3</bid>
		</record>
		<record num="465">
			<mlid>958</mlid>
			<nid>1238</nid>
			<bid>3</bid>
		</record>
		<record num="466">
			<mlid>959</mlid>
			<nid>1239</nid>
			<bid>3</bid>
		</record>
		<record num="467">
			<mlid>960</mlid>
			<nid>1240</nid>
			<bid>3</bid>
		</record>
		<record num="468">
			<mlid>961</mlid>
			<nid>1241</nid>
			<bid>3</bid>
		</record>
		<record num="469">
			<mlid>962</mlid>
			<nid>1242</nid>
			<bid>3</bid>
		</record>
		<record num="470">
			<mlid>963</mlid>
			<nid>1243</nid>
			<bid>3</bid>
		</record>
		<record num="471">
			<mlid>964</mlid>
			<nid>1244</nid>
			<bid>3</bid>
		</record>
</table>
</root>
