<?xml version="1.0" encoding="UTF-8" ?>
<root>
	<table name='field_data_field_year'>
		<record num="0">
			<entity_id>4</entity_id>
			<field_year_value>1994</field_year_value>
		</record>
		<record num="1">
			<entity_id>6</entity_id>
			<field_year_value>1985</field_year_value>
		</record>
		<record num="2">
			<entity_id>8</entity_id>
			<field_year_value>2004</field_year_value>
		</record>
		<record num="3">
			<entity_id>9</entity_id>
			<field_year_value>1990</field_year_value>
		</record>
		<record num="4">
			<entity_id>10</entity_id>
			<field_year_value>1996</field_year_value>
		</record>
		<record num="5">
			<entity_id>11</entity_id>
			<field_year_value>1994</field_year_value>
		</record>
		<record num="6">
			<entity_id>13</entity_id>
			<field_year_value>1986</field_year_value>
		</record>
		<record num="7">
			<entity_id>656</entity_id>
			<field_year_value>1998</field_year_value>
		</record>
		<record num="8">
			<entity_id>661</entity_id>
			<field_year_value>1998</field_year_value>
		</record>
		<record num="9">
			<entity_id>662</entity_id>
			<field_year_value>2005</field_year_value>
		</record>
		<record num="10">
			<entity_id>663</entity_id>
			<field_year_value>2008</field_year_value>
		</record>
		<record num="11">
			<entity_id>664</entity_id>
			<field_year_value>2010</field_year_value>
		</record>
		<record num="12">
			<entity_id>665</entity_id>
			<field_year_value>2008</field_year_value>
		</record>
		<record num="13">
			<entity_id>666</entity_id>
			<field_year_value>1996</field_year_value>
		</record>
		<record num="14">
			<entity_id>668</entity_id>
			<field_year_value>2001</field_year_value>
		</record>
		<record num="15">
			<entity_id>669</entity_id>
			<field_year_value>2009</field_year_value>
		</record>
		<record num="16">
			<entity_id>671</entity_id>
			<field_year_value>1976</field_year_value>
		</record>
		<record num="17">
			<entity_id>673</entity_id>
			<field_year_value>1964</field_year_value>
		</record>
		<record num="18">
			<entity_id>674</entity_id>
			<field_year_value>1990</field_year_value>
		</record>
		<record num="19">
			<entity_id>675</entity_id>
			<field_year_value>1984</field_year_value>
		</record>
		<record num="20">
			<entity_id>676</entity_id>
			<field_year_value>2009</field_year_value>
		</record>
		<record num="21">
			<entity_id>678</entity_id>
			<field_year_value>2008-2010</field_year_value>
		</record>
		<record num="22">
			<entity_id>679</entity_id>
			<field_year_value>1991</field_year_value>
		</record>
		<record num="23">
			<entity_id>680</entity_id>
			<field_year_value>2000</field_year_value>
		</record>
		<record num="24">
			<entity_id>681</entity_id>
			<field_year_value>1971</field_year_value>
		</record>
		<record num="25">
			<entity_id>682</entity_id>
			<field_year_value>2001</field_year_value>
		</record>
		<record num="26">
			<entity_id>684</entity_id>
			<field_year_value>1980</field_year_value>
		</record>
		<record num="27">
			<entity_id>685</entity_id>
			<field_year_value>1979</field_year_value>
		</record>
		<record num="28">
			<entity_id>686</entity_id>
			<field_year_value>1927</field_year_value>
		</record>
		<record num="29">
			<entity_id>687</entity_id>
			<field_year_value>1924</field_year_value>
		</record>
		<record num="30">
			<entity_id>688</entity_id>
			<field_year_value>1944</field_year_value>
		</record>
		<record num="31">
			<entity_id>689</entity_id>
			<field_year_value>2002</field_year_value>
		</record>
		<record num="32">
			<entity_id>691</entity_id>
			<field_year_value>2002-2003</field_year_value>
		</record>
		<record num="33">
			<entity_id>692</entity_id>
			<field_year_value>1958</field_year_value>
		</record>
		<record num="34">
			<entity_id>695</entity_id>
			<field_year_value>1918</field_year_value>
		</record>
		<record num="35">
			<entity_id>697</entity_id>
			<field_year_value>1972</field_year_value>
		</record>
		<record num="36">
			<entity_id>698</entity_id>
			<field_year_value>2006</field_year_value>
		</record>
		<record num="37">
			<entity_id>699</entity_id>
			<field_year_value>2005</field_year_value>
		</record>
		<record num="38">
			<entity_id>705</entity_id>
			<field_year_value>2010</field_year_value>
		</record>
		<record num="39">
			<entity_id>706</entity_id>
			<field_year_value>1999</field_year_value>
		</record>
		<record num="40">
			<entity_id>707</entity_id>
			<field_year_value>2007</field_year_value>
		</record>
		<record num="41">
			<entity_id>711</entity_id>
			<field_year_value>2008</field_year_value>
		</record>
		<record num="42">
			<entity_id>715</entity_id>
			<field_year_value>2006</field_year_value>
		</record>
		<record num="43">
			<entity_id>716</entity_id>
			<field_year_value>2004</field_year_value>
		</record>
		<record num="44">
			<entity_id>718</entity_id>
			<field_year_value>2000</field_year_value>
		</record>
		<record num="45">
			<entity_id>719</entity_id>
			<field_year_value>1988</field_year_value>
		</record>
		<record num="46">
			<entity_id>720</entity_id>
			<field_year_value>1965</field_year_value>
		</record>
		<record num="47">
			<entity_id>721</entity_id>
			<field_year_value>2002</field_year_value>
		</record>
		<record num="48">
			<entity_id>722</entity_id>
			<field_year_value>1966</field_year_value>
		</record>
		<record num="49">
			<entity_id>725</entity_id>
			<field_year_value>2000</field_year_value>
		</record>
		<record num="50">
			<entity_id>727</entity_id>
			<field_year_value>2006</field_year_value>
		</record>
		<record num="51">
			<entity_id>728</entity_id>
			<field_year_value>2005</field_year_value>
		</record>
		<record num="52">
			<entity_id>729</entity_id>
			<field_year_value>1975</field_year_value>
		</record>
		<record num="53">
			<entity_id>730</entity_id>
			<field_year_value>1967</field_year_value>
		</record>
		<record num="54">
			<entity_id>731</entity_id>
			<field_year_value>1966</field_year_value>
		</record>
		<record num="55">
			<entity_id>735</entity_id>
			<field_year_value>1984</field_year_value>
		</record>
		<record num="56">
			<entity_id>737</entity_id>
			<field_year_value>1986</field_year_value>
		</record>
		<record num="57">
			<entity_id>739</entity_id>
			<field_year_value>2001</field_year_value>
		</record>
		<record num="58">
			<entity_id>740</entity_id>
			<field_year_value>1915</field_year_value>
		</record>
		<record num="59">
			<entity_id>742</entity_id>
			<field_year_value>2007</field_year_value>
		</record>
		<record num="60">
			<entity_id>743</entity_id>
			<field_year_value>2005</field_year_value>
		</record>
		<record num="61">
			<entity_id>744</entity_id>
			<field_year_value>2009</field_year_value>
		</record>
		<record num="62">
			<entity_id>745</entity_id>
			<field_year_value>2003</field_year_value>
		</record>
		<record num="63">
			<entity_id>746</entity_id>
			<field_year_value>2005</field_year_value>
		</record>
		<record num="64">
			<entity_id>747</entity_id>
			<field_year_value>1922</field_year_value>
		</record>
		<record num="65">
			<entity_id>749</entity_id>
			<field_year_value>1998</field_year_value>
		</record>
		<record num="66">
			<entity_id>750</entity_id>
			<field_year_value>2008</field_year_value>
		</record>
		<record num="67">
			<entity_id>751</entity_id>
			<field_year_value>2009</field_year_value>
		</record>
		<record num="68">
			<entity_id>753</entity_id>
			<field_year_value>1967</field_year_value>
		</record>
		<record num="69">
			<entity_id>755</entity_id>
			<field_year_value>2000</field_year_value>
		</record>
		<record num="70">
			<entity_id>756</entity_id>
			<field_year_value>2007</field_year_value>
		</record>
		<record num="71">
			<entity_id>757</entity_id>
			<field_year_value>1992-94</field_year_value>
		</record>
		<record num="72">
			<entity_id>758</entity_id>
			<field_year_value>2000</field_year_value>
		</record>
		<record num="73">
			<entity_id>759</entity_id>
			<field_year_value>2002</field_year_value>
		</record>
		<record num="74">
			<entity_id>769</entity_id>
			<field_year_value>1998-2012</field_year_value>
		</record>
		<record num="75">
			<entity_id>775</entity_id>
			<field_year_value>1983</field_year_value>
		</record>
		<record num="76">
			<entity_id>779</entity_id>
			<field_year_value>1992</field_year_value>
		</record>
		<record num="77">
			<entity_id>781</entity_id>
			<field_year_value>2008</field_year_value>
		</record>
		<record num="78">
			<entity_id>782</entity_id>
			<field_year_value>2008</field_year_value>
		</record>
		<record num="79">
			<entity_id>784</entity_id>
			<field_year_value>2007</field_year_value>
		</record>
		<record num="80">
			<entity_id>785</entity_id>
			<field_year_value>2003</field_year_value>
		</record>
		<record num="81">
			<entity_id>791</entity_id>
			<field_year_value>1964</field_year_value>
		</record>
		<record num="82">
			<entity_id>793</entity_id>
			<field_year_value>1977</field_year_value>
		</record>
		<record num="83">
			<entity_id>795</entity_id>
			<field_year_value>1964</field_year_value>
		</record>
		<record num="84">
			<entity_id>798</entity_id>
			<field_year_value>2004</field_year_value>
		</record>
		<record num="85">
			<entity_id>800</entity_id>
			<field_year_value>2001</field_year_value>
		</record>
		<record num="86">
			<entity_id>801</entity_id>
			<field_year_value>2003</field_year_value>
		</record>
		<record num="87">
			<entity_id>802</entity_id>
			<field_year_value>2003</field_year_value>
		</record>
		<record num="88">
			<entity_id>803</entity_id>
			<field_year_value>1934</field_year_value>
		</record>
		<record num="89">
			<entity_id>806</entity_id>
			<field_year_value>1968</field_year_value>
		</record>
		<record num="90">
			<entity_id>808</entity_id>
			<field_year_value>1917</field_year_value>
		</record>
		<record num="91">
			<entity_id>809</entity_id>
			<field_year_value>1919</field_year_value>
		</record>
		<record num="92">
			<entity_id>810</entity_id>
			<field_year_value>1928</field_year_value>
		</record>
		<record num="93">
			<entity_id>811</entity_id>
			<field_year_value>1920</field_year_value>
		</record>
		<record num="94">
			<entity_id>813</entity_id>
			<field_year_value>2008</field_year_value>
		</record>
		<record num="95">
			<entity_id>814</entity_id>
			<field_year_value>1964</field_year_value>
		</record>
		<record num="96">
			<entity_id>815</entity_id>
			<field_year_value>1995</field_year_value>
		</record>
		<record num="97">
			<entity_id>818</entity_id>
			<field_year_value>2007</field_year_value>
		</record>
		<record num="98">
			<entity_id>819</entity_id>
			<field_year_value>1974</field_year_value>
		</record>
		<record num="99">
			<entity_id>820</entity_id>
			<field_year_value>1975</field_year_value>
		</record>
		<record num="100">
			<entity_id>821</entity_id>
			<field_year_value>2004</field_year_value>
		</record>
		<record num="101">
			<entity_id>822</entity_id>
			<field_year_value>2009</field_year_value>
		</record>
		<record num="102">
			<entity_id>824</entity_id>
			<field_year_value>2003</field_year_value>
		</record>
		<record num="103">
			<entity_id>825</entity_id>
			<field_year_value>1981</field_year_value>
		</record>
		<record num="104">
			<entity_id>826</entity_id>
			<field_year_value>2000</field_year_value>
		</record>
		<record num="105">
			<entity_id>827</entity_id>
			<field_year_value>2001</field_year_value>
		</record>
		<record num="106">
			<entity_id>828</entity_id>
			<field_year_value>1973</field_year_value>
		</record>
		<record num="107">
			<entity_id>829</entity_id>
			<field_year_value>1986</field_year_value>
		</record>
		<record num="108">
			<entity_id>830</entity_id>
			<field_year_value>1988</field_year_value>
		</record>
		<record num="109">
			<entity_id>831</entity_id>
			<field_year_value>1938</field_year_value>
		</record>
		<record num="110">
			<entity_id>832</entity_id>
			<field_year_value>1999</field_year_value>
		</record>
		<record num="111">
			<entity_id>833</entity_id>
			<field_year_value>2001</field_year_value>
		</record>
		<record num="112">
			<entity_id>834</entity_id>
			<field_year_value>2002</field_year_value>
		</record>
		<record num="113">
			<entity_id>835</entity_id>
			<field_year_value>1999</field_year_value>
		</record>
		<record num="114">
			<entity_id>836</entity_id>
			<field_year_value>1980</field_year_value>
		</record>
		<record num="115">
			<entity_id>839</entity_id>
			<field_year_value>2010</field_year_value>
		</record>
		<record num="116">
			<entity_id>840</entity_id>
			<field_year_value>1936</field_year_value>
		</record>
		<record num="117">
			<entity_id>841</entity_id>
			<field_year_value>1966</field_year_value>
		</record>
		<record num="118">
			<entity_id>843</entity_id>
			<field_year_value>2002</field_year_value>
		</record>
		<record num="119">
			<entity_id>845</entity_id>
			<field_year_value>1966</field_year_value>
		</record>
		<record num="120">
			<entity_id>846</entity_id>
			<field_year_value>2002</field_year_value>
		</record>
		<record num="121">
			<entity_id>847</entity_id>
			<field_year_value>1990</field_year_value>
		</record>
		<record num="122">
			<entity_id>851</entity_id>
			<field_year_value>1972</field_year_value>
		</record>
		<record num="123">
			<entity_id>852</entity_id>
			<field_year_value>1971</field_year_value>
		</record>
		<record num="124">
			<entity_id>853</entity_id>
			<field_year_value>1998</field_year_value>
		</record>
		<record num="125">
			<entity_id>855</entity_id>
			<field_year_value>1972</field_year_value>
		</record>
		<record num="126">
			<entity_id>857</entity_id>
			<field_year_value>1975</field_year_value>
		</record>
		<record num="127">
			<entity_id>858</entity_id>
			<field_year_value>2003</field_year_value>
		</record>
		<record num="128">
			<entity_id>859</entity_id>
			<field_year_value>2010</field_year_value>
		</record>
		<record num="129">
			<entity_id>861</entity_id>
			<field_year_value>2003</field_year_value>
		</record>
		<record num="130">
			<entity_id>863</entity_id>
			<field_year_value>2002</field_year_value>
		</record>
		<record num="131">
			<entity_id>865</entity_id>
			<field_year_value>2008</field_year_value>
		</record>
		<record num="132">
			<entity_id>866</entity_id>
			<field_year_value>1988</field_year_value>
		</record>
		<record num="133">
			<entity_id>869</entity_id>
			<field_year_value>2002</field_year_value>
		</record>
		<record num="134">
			<entity_id>870</entity_id>
			<field_year_value>2009</field_year_value>
		</record>
		<record num="135">
			<entity_id>871</entity_id>
			<field_year_value>2005</field_year_value>
		</record>
		<record num="136">
			<entity_id>876</entity_id>
			<field_year_value>1961</field_year_value>
		</record>
		<record num="137">
			<entity_id>877</entity_id>
			<field_year_value>1999</field_year_value>
		</record>
		<record num="138">
			<entity_id>879</entity_id>
			<field_year_value>2003</field_year_value>
		</record>
		<record num="139">
			<entity_id>880</entity_id>
			<field_year_value>2000</field_year_value>
		</record>
		<record num="140">
			<entity_id>881</entity_id>
			<field_year_value>1994</field_year_value>
		</record>
		<record num="141">
			<entity_id>883</entity_id>
			<field_year_value>1924</field_year_value>
		</record>
		<record num="142">
			<entity_id>884</entity_id>
			<field_year_value>1998</field_year_value>
		</record>
		<record num="143">
			<entity_id>885</entity_id>
			<field_year_value>1985</field_year_value>
		</record>
		<record num="144">
			<entity_id>888</entity_id>
			<field_year_value>1988</field_year_value>
		</record>
		<record num="145">
			<entity_id>892</entity_id>
			<field_year_value>1976</field_year_value>
		</record>
		<record num="146">
			<entity_id>893</entity_id>
			<field_year_value>1992</field_year_value>
		</record>
		<record num="147">
			<entity_id>894</entity_id>
			<field_year_value>2003</field_year_value>
		</record>
		<record num="148">
			<entity_id>896</entity_id>
			<field_year_value>2008</field_year_value>
		</record>
		<record num="149">
			<entity_id>901</entity_id>
			<field_year_value>1975</field_year_value>
		</record>
		<record num="150">
			<entity_id>903</entity_id>
			<field_year_value>1975</field_year_value>
		</record>
		<record num="151">
			<entity_id>904</entity_id>
			<field_year_value>1994</field_year_value>
		</record>
		<record num="152">
			<entity_id>905</entity_id>
			<field_year_value>1995</field_year_value>
		</record>
		<record num="153">
			<entity_id>906</entity_id>
			<field_year_value>2010</field_year_value>
		</record>
		<record num="154">
			<entity_id>907</entity_id>
			<field_year_value>1992</field_year_value>
		</record>
		<record num="155">
			<entity_id>908</entity_id>
			<field_year_value>1987</field_year_value>
		</record>
		<record num="156">
			<entity_id>909</entity_id>
			<field_year_value>2002</field_year_value>
		</record>
		<record num="157">
			<entity_id>911</entity_id>
			<field_year_value>2001</field_year_value>
		</record>
		<record num="158">
			<entity_id>913</entity_id>
			<field_year_value>2007</field_year_value>
		</record>
		<record num="159">
			<entity_id>915</entity_id>
			<field_year_value>1971</field_year_value>
		</record>
		<record num="160">
			<entity_id>916</entity_id>
			<field_year_value>2002</field_year_value>
		</record>
		<record num="161">
			<entity_id>917</entity_id>
			<field_year_value>2007</field_year_value>
		</record>
		<record num="162">
			<entity_id>918</entity_id>
			<field_year_value>1984</field_year_value>
		</record>
		<record num="163">
			<entity_id>919</entity_id>
			<field_year_value>1999</field_year_value>
		</record>
		<record num="164">
			<entity_id>920</entity_id>
			<field_year_value>2003</field_year_value>
		</record>
		<record num="165">
			<entity_id>921</entity_id>
			<field_year_value>1990</field_year_value>
		</record>
		<record num="166">
			<entity_id>922</entity_id>
			<field_year_value>1988</field_year_value>
		</record>
		<record num="167">
			<entity_id>923</entity_id>
			<field_year_value>2008</field_year_value>
		</record>
		<record num="168">
			<entity_id>924</entity_id>
			<field_year_value>1993</field_year_value>
		</record>
		<record num="169">
			<entity_id>925</entity_id>
			<field_year_value>1986</field_year_value>
		</record>
		<record num="170">
			<entity_id>926</entity_id>
			<field_year_value>1979</field_year_value>
		</record>
		<record num="171">
			<entity_id>927</entity_id>
			<field_year_value>1970</field_year_value>
		</record>
		<record num="172">
			<entity_id>929</entity_id>
			<field_year_value>2007</field_year_value>
		</record>
		<record num="173">
			<entity_id>930</entity_id>
			<field_year_value>2003</field_year_value>
		</record>
		<record num="174">
			<entity_id>931</entity_id>
			<field_year_value>2010</field_year_value>
		</record>
		<record num="175">
			<entity_id>932</entity_id>
			<field_year_value>1998</field_year_value>
		</record>
		<record num="176">
			<entity_id>933</entity_id>
			<field_year_value>2009</field_year_value>
		</record>
		<record num="177">
			<entity_id>935</entity_id>
			<field_year_value>1984</field_year_value>
		</record>
		<record num="178">
			<entity_id>936</entity_id>
			<field_year_value>2008</field_year_value>
		</record>
		<record num="179">
			<entity_id>938</entity_id>
			<field_year_value>1985</field_year_value>
		</record>
		<record num="180">
			<entity_id>940</entity_id>
			<field_year_value>2009</field_year_value>
		</record>
		<record num="181">
			<entity_id>941</entity_id>
			<field_year_value>1999</field_year_value>
		</record>
		<record num="182">
			<entity_id>944</entity_id>
			<field_year_value>1980</field_year_value>
		</record>
		<record num="183">
			<entity_id>945</entity_id>
			<field_year_value>1991</field_year_value>
		</record>
		<record num="184">
			<entity_id>948</entity_id>
			<field_year_value>1997</field_year_value>
		</record>
		<record num="185">
			<entity_id>950</entity_id>
			<field_year_value>1994</field_year_value>
		</record>
		<record num="186">
			<entity_id>952</entity_id>
			<field_year_value>2002</field_year_value>
		</record>
		<record num="187">
			<entity_id>953</entity_id>
			<field_year_value>2004</field_year_value>
		</record>
		<record num="188">
			<entity_id>956</entity_id>
			<field_year_value>2008</field_year_value>
		</record>
		<record num="189">
			<entity_id>960</entity_id>
			<field_year_value>2011</field_year_value>
		</record>
		<record num="190">
			<entity_id>961</entity_id>
			<field_year_value>1985</field_year_value>
		</record>
		<record num="191">
			<entity_id>963</entity_id>
			<field_year_value>1994</field_year_value>
		</record>
		<record num="192">
			<entity_id>965</entity_id>
			<field_year_value>1986</field_year_value>
		</record>
		<record num="193">
			<entity_id>967</entity_id>
			<field_year_value>2009</field_year_value>
		</record>
		<record num="194">
			<entity_id>968</entity_id>
			<field_year_value>2008</field_year_value>
		</record>
		<record num="195">
			<entity_id>969</entity_id>
			<field_year_value>2009</field_year_value>
		</record>
		<record num="196">
			<entity_id>980</entity_id>
			<field_year_value>2001</field_year_value>
		</record>
		<record num="197">
			<entity_id>981</entity_id>
			<field_year_value>1995</field_year_value>
		</record>
		<record num="198">
			<entity_id>986</entity_id>
			<field_year_value>1986</field_year_value>
		</record>
		<record num="199">
			<entity_id>987</entity_id>
			<field_year_value>1996</field_year_value>
		</record>
		<record num="200">
			<entity_id>989</entity_id>
			<field_year_value>1997</field_year_value>
		</record>
		<record num="201">
			<entity_id>990</entity_id>
			<field_year_value>1996</field_year_value>
		</record>
		<record num="202">
			<entity_id>1005</entity_id>
			<field_year_value>1974</field_year_value>
		</record>
		<record num="203">
			<entity_id>1038</entity_id>
			<field_year_value>1989</field_year_value>
		</record>
		<record num="204">
			<entity_id>1042</entity_id>
			<field_year_value>2006</field_year_value>
		</record>
		<record num="205">
			<entity_id>1043</entity_id>
			<field_year_value>1984</field_year_value>
		</record>
		<record num="206">
			<entity_id>1044</entity_id>
			<field_year_value>2004</field_year_value>
		</record>
		<record num="207">
			<entity_id>1045</entity_id>
			<field_year_value>2006</field_year_value>
		</record>
		<record num="208">
			<entity_id>1048</entity_id>
			<field_year_value>2009</field_year_value>
		</record>
		<record num="209">
			<entity_id>1049</entity_id>
			<field_year_value>2008</field_year_value>
		</record>
		<record num="210">
			<entity_id>1050</entity_id>
			<field_year_value>1996</field_year_value>
		</record>
		<record num="211">
			<entity_id>1051</entity_id>
			<field_year_value>2008</field_year_value>
		</record>
		<record num="212">
			<entity_id>1053</entity_id>
			<field_year_value>2008</field_year_value>
		</record>
		<record num="213">
			<entity_id>1054</entity_id>
			<field_year_value>2009</field_year_value>
		</record>
		<record num="214">
			<entity_id>1080</entity_id>
			<field_year_value>2003</field_year_value>
		</record>
		<record num="215">
			<entity_id>1081</entity_id>
			<field_year_value>1984</field_year_value>
		</record>
		<record num="216">
			<entity_id>1085</entity_id>
			<field_year_value>1987</field_year_value>
		</record>
		<record num="217">
			<entity_id>1094</entity_id>
			<field_year_value>1987</field_year_value>
		</record>
		<record num="218">
			<entity_id>1098</entity_id>
			<field_year_value>1940</field_year_value>
		</record>
		<record num="219">
			<entity_id>1100</entity_id>
			<field_year_value>2004</field_year_value>
		</record>
		<record num="220">
			<entity_id>1102</entity_id>
			<field_year_value>2007</field_year_value>
		</record>
		<record num="221">
			<entity_id>1103</entity_id>
			<field_year_value>2007</field_year_value>
		</record>
		<record num="222">
			<entity_id>1104</entity_id>
			<field_year_value>2008</field_year_value>
		</record>
		<record num="223">
			<entity_id>1108</entity_id>
			<field_year_value>1998</field_year_value>
		</record>
		<record num="224">
			<entity_id>1109</entity_id>
			<field_year_value>1958</field_year_value>
		</record>
		<record num="225">
			<entity_id>1110</entity_id>
			<field_year_value>2012</field_year_value>
		</record>
		<record num="226">
			<entity_id>1125</entity_id>
			<field_year_value>2007</field_year_value>
		</record>
		<record num="227">
			<entity_id>1126</entity_id>
			<field_year_value>2005</field_year_value>
		</record>
		<record num="228">
			<entity_id>1152</entity_id>
			<field_year_value>2006</field_year_value>
		</record>
		<record num="229">
			<entity_id>1166</entity_id>
			<field_year_value>1988</field_year_value>
		</record>
		<record num="230">
			<entity_id>1168</entity_id>
			<field_year_value>2009</field_year_value>
		</record>
		<record num="231">
			<entity_id>1176</entity_id>
			<field_year_value>1999</field_year_value>
		</record>
		<record num="232">
			<entity_id>1179</entity_id>
			<field_year_value>1995</field_year_value>
		</record>
		<record num="233">
			<entity_id>1187</entity_id>
			<field_year_value>2010</field_year_value>
		</record>
		<record num="234">
			<entity_id>1188</entity_id>
			<field_year_value>2007</field_year_value>
		</record>
		<record num="235">
			<entity_id>1199</entity_id>
			<field_year_value>2006</field_year_value>
		</record>
		<record num="236">
			<entity_id>1200</entity_id>
			<field_year_value>2007</field_year_value>
		</record>
		<record num="237">
			<entity_id>1206</entity_id>
			<field_year_value>1997</field_year_value>
		</record>
		<record num="238">
			<entity_id>1207</entity_id>
			<field_year_value>1963</field_year_value>
		</record>
		<record num="239">
			<entity_id>1208</entity_id>
			<field_year_value>2005</field_year_value>
		</record>
		<record num="240">
			<entity_id>1212</entity_id>
			<field_year_value>1986</field_year_value>
		</record>
		<record num="241">
			<entity_id>1213</entity_id>
			<field_year_value>1979</field_year_value>
		</record>
		<record num="242">
			<entity_id>1214</entity_id>
			<field_year_value>2004</field_year_value>
		</record>
		<record num="243">
			<entity_id>1216</entity_id>
			<field_year_value>1984</field_year_value>
		</record>
		<record num="244">
			<entity_id>1217</entity_id>
			<field_year_value>1973</field_year_value>
		</record>
		<record num="245">
			<entity_id>1101</entity_id>
			<field_year_value>2011</field_year_value>
		</record>
		<record num="246">
			<entity_id>966</entity_id>
			<field_year_value>2003</field_year_value>
		</record>
		<record num="247">
			<entity_id>748</entity_id>
			<field_year_value>2005</field_year_value>
		</record>
		<record num="248">
			<entity_id>7</entity_id>
			<field_year_value>2009</field_year_value>
		</record>
		<record num="249">
			<entity_id>942</entity_id>
			<field_year_value>2007</field_year_value>
		</record>
		<record num="250">
			<entity_id>887</entity_id>
			<field_year_value>2005</field_year_value>
		</record>
		<record num="251">
			<entity_id>734</entity_id>
			<field_year_value>2006</field_year_value>
		</record>
		<record num="252">
			<entity_id>844</entity_id>
			<field_year_value>2001</field_year_value>
		</record>
		<record num="253">
			<entity_id>898</entity_id>
			<field_year_value>2002</field_year_value>
		</record>
		<record num="254">
			<entity_id>659</entity_id>
			<field_year_value>2009</field_year_value>
		</record>
		<record num="255">
			<entity_id>796</entity_id>
			<field_year_value>1968</field_year_value>
		</record>
		<record num="256">
			<entity_id>962</entity_id>
			<field_year_value>2011</field_year_value>
		</record>
		<record num="257">
			<entity_id>733</entity_id>
			<field_year_value>2006</field_year_value>
		</record>
		<record num="258">
			<entity_id>897</entity_id>
			<field_year_value>1995</field_year_value>
		</record>
		<record num="259">
			<entity_id>891</entity_id>
			<field_year_value>1998</field_year_value>
		</record>
		<record num="260">
			<entity_id>704</entity_id>
			<field_year_value>1987</field_year_value>
		</record>
		<record num="261">
			<entity_id>914</entity_id>
			<field_year_value>2005</field_year_value>
		</record>
		<record num="262">
			<entity_id>912</entity_id>
			<field_year_value>2000</field_year_value>
		</record>
		<record num="263">
			<entity_id>696</entity_id>
			<field_year_value>2003</field_year_value>
		</record>
		<record num="264">
			<entity_id>1095</entity_id>
			<field_year_value>1991</field_year_value>
		</record>
		<record num="265">
			<entity_id>1099</entity_id>
			<field_year_value>2006</field_year_value>
		</record>
		<record num="266">
			<entity_id>860</entity_id>
			<field_year_value>1987</field_year_value>
		</record>
		<record num="267">
			<entity_id>1230</entity_id>
			<field_year_value>2005</field_year_value>
		</record>
		<record num="268">
			<entity_id>854</entity_id>
			<field_year_value>1998</field_year_value>
		</record>
		<record num="269">
			<entity_id>878</entity_id>
			<field_year_value>1999</field_year_value>
		</record>
		<record num="270">
			<entity_id>1107</entity_id>
			<field_year_value>2004</field_year_value>
		</record>
		<record num="271">
			<entity_id>1001</entity_id>
			<field_year_value>1972</field_year_value>
		</record>
		<record num="272">
			<entity_id>1215</entity_id>
			<field_year_value>2013</field_year_value>
		</record>
		<record num="273">
			<entity_id>773</entity_id>
			<field_year_value>2001</field_year_value>
		</record>
		<record num="274">
			<entity_id>12</entity_id>
			<field_year_value>2001</field_year_value>
		</record>
		<record num="275">
			<entity_id>875</entity_id>
			<field_year_value>2003</field_year_value>
		</record>
		<record num="276">
			<entity_id>899</entity_id>
			<field_year_value>1997</field_year_value>
		</record>
		<record num="277">
			<entity_id>900</entity_id>
			<field_year_value>2000</field_year_value>
		</record>
		<record num="278">
			<entity_id>1229</entity_id>
			<field_year_value>2012</field_year_value>
		</record>
		<record num="279">
			<entity_id>872</entity_id>
			<field_year_value>1971</field_year_value>
		</record>
		<record num="280">
			<entity_id>660</entity_id>
			<field_year_value>2000</field_year_value>
		</record>
		<record num="281">
			<entity_id>1096</entity_id>
			<field_year_value>1976</field_year_value>
		</record>
		<record num="282">
			<entity_id>1093</entity_id>
			<field_year_value>1985</field_year_value>
		</record>
		<record num="283">
			<entity_id>873</entity_id>
			<field_year_value>1962</field_year_value>
		</record>
		<record num="284">
			<entity_id>792</entity_id>
			<field_year_value>2008</field_year_value>
		</record>
		<record num="285">
			<entity_id>1231</entity_id>
			<field_year_value>2012</field_year_value>
		</record>
		<record num="286">
			<entity_id>1233</entity_id>
			<field_year_value>1985</field_year_value>
		</record>
		<record num="287">
			<entity_id>1234</entity_id>
			<field_year_value>1935</field_year_value>
		</record>
		<record num="288">
			<entity_id>1201</entity_id>
			<field_year_value>2011</field_year_value>
		</record>
		<record num="289">
			<entity_id>1235</entity_id>
			<field_year_value>1987</field_year_value>
		</record>
		<record num="290">
			<entity_id>1236</entity_id>
			<field_year_value>2009</field_year_value>
		</record>
		<record num="291">
			<entity_id>1237</entity_id>
			<field_year_value>2014</field_year_value>
		</record>
		<record num="292">
			<entity_id>1238</entity_id>
			<field_year_value>2014</field_year_value>
		</record>
		<record num="293">
			<entity_id>658</entity_id>
			<field_year_value>2000-2011</field_year_value>
		</record>
		<record num="294">
			<entity_id>864</entity_id>
			<field_year_value>1999</field_year_value>
		</record>
		<record num="295">
			<entity_id>934</entity_id>
			<field_year_value>1996</field_year_value>
		</record>
		<record num="296">
			<entity_id>702</entity_id>
			<field_year_value>1980</field_year_value>
		</record>
		<record num="297">
			<entity_id>874</entity_id>
			<field_year_value>1982</field_year_value>
		</record>
		<record num="298">
			<entity_id>683</entity_id>
			<field_year_value>1972</field_year_value>
		</record>
		<record num="299">
			<entity_id>889</entity_id>
			<field_year_value>1991</field_year_value>
		</record>
		<record num="300">
			<entity_id>890</entity_id>
			<field_year_value>1993</field_year_value>
		</record>
		<record num="301">
			<entity_id>723</entity_id>
			<field_year_value>1965</field_year_value>
		</record>
		<record num="302">
			<entity_id>1239</entity_id>
			<field_year_value>2014</field_year_value>
		</record>
		<record num="303">
			<entity_id>1240</entity_id>
			<field_year_value>2014</field_year_value>
		</record>
		<record num="304">
			<entity_id>1241</entity_id>
			<field_year_value>2015</field_year_value>
		</record>
		<record num="305">
			<entity_id>1242</entity_id>
			<field_year_value>2015</field_year_value>
		</record>
		<record num="306">
			<entity_id>1243</entity_id>
			<field_year_value>1990</field_year_value>
		</record>
		<record num="307">
			<entity_id>1244</entity_id>
			<field_year_value>2013</field_year_value>
		</record>
		<record num="308">
			<entity_id>677</entity_id>
			<field_year_value>1956</field_year_value>
		</record>
		<record num="309">
			<entity_id>848</entity_id>
			<field_year_value>1963</field_year_value>
		</record>
		<record num="310">
			<entity_id>964</entity_id>
			<field_year_value>2006</field_year_value>
		</record>
</table>
</root>
