<?xml version="1.0" encoding="UTF-8" ?>
<root>
	<table name='field_data_field_img_cover'>
		<record num="0">
			<entity_id>8</entity_id>
			<field_img_cover_value>&lt;img src=&quot;/video/0_covers/popularmusik_fran_Vittula.jpg&quot;&gt;</field_img_cover_value>
		</record>
		<record num="1">
			<entity_id>11</entity_id>
			<field_img_cover_value>&lt;img src=&quot;/video/0_covers/beregi_svoiu_kosynku.png&quot;&gt;</field_img_cover_value>
		</record>
		<record num="2">
			<entity_id>661</entity_id>
			<field_img_cover_value>&lt;img src=&quot;/video/0_covers/Lock_Stock_and_Two_Smoking_Barrels.png&quot;&gt;</field_img_cover_value>
		</record>
		<record num="3">
			<entity_id>663</entity_id>
			<field_img_cover_value>&lt;img src=&quot;/video/0_covers/Friedliche Zeiten.jpg&quot;&gt;</field_img_cover_value>
		</record>
		<record num="4">
			<entity_id>675</entity_id>
			<field_img_cover_value>&lt;img src=&quot;/video/0_covers/Amadeus.jpg&quot;&gt;</field_img_cover_value>
		</record>
		<record num="5">
			<entity_id>738</entity_id>
			<field_img_cover_value>&lt;img src=&quot;/video/0_covers/&quot;&gt;</field_img_cover_value>
		</record>
		<record num="6">
			<entity_id>753</entity_id>
			<field_img_cover_value>&lt;img src=&quot;/video/0_covers/La_Chinoise.jpg&quot; width=450&gt;</field_img_cover_value>
		</record>
		<record num="7">
			<entity_id>779</entity_id>
			<field_img_cover_value>&lt;img src=&quot;/video/0_covers/Skini.Romper.Stomper.jpg&quot;&gt;</field_img_cover_value>
		</record>
		<record num="8">
			<entity_id>798</entity_id>
			<field_img_cover_value>&lt;img src=&quot;/video/0_covers/The-Brotherhood-of-War-800.jpg&quot;&gt;</field_img_cover_value>
		</record>
		<record num="9">
			<entity_id>827</entity_id>
			<field_img_cover_value>&lt;img src=&quot;/video/0_covers/&quot;&gt;</field_img_cover_value>
		</record>
		<record num="10">
			<entity_id>834</entity_id>
			<field_img_cover_value>&lt;img src=&quot;/video/0_covers/Tasogare_Seibei.jpg&quot;&gt;</field_img_cover_value>
		</record>
		<record num="11">
			<entity_id>941</entity_id>
			<field_img_cover_value>&lt;img src=&quot;/video/0_covers/Die_stille_nach_dem_schuss.jpg&quot;&gt;</field_img_cover_value>
		</record>
		<record num="12">
			<entity_id>1094</entity_id>
			<field_img_cover_value>&lt;img src=&quot;/video/0_covers/Ofelas.jpg&quot;&gt;</field_img_cover_value>
		</record>
		<record num="13">
			<entity_id>1097</entity_id>
			<field_img_cover_value>&lt;img src=&quot;/video/0_covers/orda.jpg&quot;&gt;</field_img_cover_value>
		</record>
		<record num="14">
			<entity_id>1098</entity_id>
			<field_img_cover_value>&lt;img src=&quot;/video/0_covers/the_great_dictator.jpg&quot;&gt;</field_img_cover_value>
		</record>
		<record num="15">
			<entity_id>1100</entity_id>
			<field_img_cover_value>&lt;img src=&quot;/video/0_covers/Kakushi ken oni no tsume.jpg&quot;&gt;</field_img_cover_value>
		</record>
		<record num="16">
			<entity_id>1102</entity_id>
			<field_img_cover_value>&lt;img src=&quot;/video/0_covers/Teresuko.jpg&quot;&gt;</field_img_cover_value>
		</record>
		<record num="17">
			<entity_id>1103</entity_id>
			<field_img_cover_value>&lt;img src=&quot;/video/0_covers/Tsukigami.jpg&quot;&gt;</field_img_cover_value>
		</record>
		<record num="18">
			<entity_id>1104</entity_id>
			<field_img_cover_value>&lt;img src=&quot;/video/0_covers/&quot;&gt;</field_img_cover_value>
		</record>
		<record num="19">
			<entity_id>1108</entity_id>
			<field_img_cover_value>&lt;img src=&quot;/video/0_covers/savior.jpg&quot;&gt;</field_img_cover_value>
		</record>
		<record num="20">
			<entity_id>1109</entity_id>
			<field_img_cover_value>&lt;img src=&quot;/video/0_covers/&quot;&gt;</field_img_cover_value>
		</record>
		<record num="21">
			<entity_id>1110</entity_id>
			<field_img_cover_value>&lt;img src=&quot;/video/0_covers/Djeca_Children of Sarajevo.jpg&quot;&gt;</field_img_cover_value>
		</record>
		<record num="22">
			<entity_id>1111</entity_id>
			<field_img_cover_value>&lt;img src=&quot;/video/0_covers/&quot;&gt;</field_img_cover_value>
		</record>
		<record num="23">
			<entity_id>1112</entity_id>
			<field_img_cover_value>&lt;img src=&quot;/video/0_covers/&quot;&gt;</field_img_cover_value>
		</record>
		<record num="24">
			<entity_id>1113</entity_id>
			<field_img_cover_value>&lt;img src=&quot;/video/0_covers/&quot;&gt;</field_img_cover_value>
		</record>
		<record num="25">
			<entity_id>1116</entity_id>
			<field_img_cover_value>&lt;img src=&quot;/video/0_covers/&quot;&gt;</field_img_cover_value>
		</record>
		<record num="26">
			<entity_id>1117</entity_id>
			<field_img_cover_value>&lt;img src=&quot;/video/0_covers/&quot;&gt;</field_img_cover_value>
		</record>
		<record num="27">
			<entity_id>1118</entity_id>
			<field_img_cover_value>&lt;img src=&quot;/video/0_covers/&quot;&gt;</field_img_cover_value>
		</record>
		<record num="28">
			<entity_id>1119</entity_id>
			<field_img_cover_value>&lt;img src=&quot;/video/0_covers/&quot;&gt;</field_img_cover_value>
		</record>
		<record num="29">
			<entity_id>1120</entity_id>
			<field_img_cover_value>&lt;img src=&quot;/video/0_covers/&quot;&gt;</field_img_cover_value>
		</record>
		<record num="30">
			<entity_id>1121</entity_id>
			<field_img_cover_value>&lt;img src=&quot;/video/0_covers/&quot;&gt;</field_img_cover_value>
		</record>
		<record num="31">
			<entity_id>1122</entity_id>
			<field_img_cover_value>&lt;img src=&quot;/video/0_covers/&quot;&gt;</field_img_cover_value>
		</record>
		<record num="32">
			<entity_id>1123</entity_id>
			<field_img_cover_value>&lt;img src=&quot;/video/0_covers/&quot;&gt;</field_img_cover_value>
		</record>
		<record num="33">
			<entity_id>1124</entity_id>
			<field_img_cover_value>&lt;img src=&quot;/video/0_covers/&quot;&gt;</field_img_cover_value>
		</record>
		<record num="34">
			<entity_id>1125</entity_id>
			<field_img_cover_value>&lt;img src=&quot;/video/0_covers/&quot;&gt;</field_img_cover_value>
		</record>
		<record num="35">
			<entity_id>1126</entity_id>
			<field_img_cover_value>&lt;img src=&quot;/video/0_covers/&quot;&gt;</field_img_cover_value>
		</record>
		<record num="36">
			<entity_id>1127</entity_id>
			<field_img_cover_value>&lt;img src=&quot;/video/0_covers/&quot;&gt;</field_img_cover_value>
		</record>
		<record num="37">
			<entity_id>1128</entity_id>
			<field_img_cover_value>&lt;img src=&quot;/video/0_covers/&quot;&gt;</field_img_cover_value>
		</record>
		<record num="38">
			<entity_id>1130</entity_id>
			<field_img_cover_value>&lt;img src=&quot;/video/0_covers/&quot;&gt;</field_img_cover_value>
		</record>
		<record num="39">
			<entity_id>1131</entity_id>
			<field_img_cover_value>&lt;img src=&quot;/video/0_covers/&quot;&gt;</field_img_cover_value>
		</record>
		<record num="40">
			<entity_id>1132</entity_id>
			<field_img_cover_value>&lt;img src=&quot;/video/0_covers/&quot;&gt;</field_img_cover_value>
		</record>
		<record num="41">
			<entity_id>1133</entity_id>
			<field_img_cover_value>&lt;img src=&quot;/video/0_covers/&quot;&gt;</field_img_cover_value>
		</record>
		<record num="42">
			<entity_id>1134</entity_id>
			<field_img_cover_value>&lt;img src=&quot;/video/0_covers/&quot;&gt;</field_img_cover_value>
		</record>
		<record num="43">
			<entity_id>1135</entity_id>
			<field_img_cover_value>&lt;img src=&quot;/video/0_covers/&quot;&gt;</field_img_cover_value>
		</record>
		<record num="44">
			<entity_id>1136</entity_id>
			<field_img_cover_value>&lt;img src=&quot;/video/0_covers/&quot;&gt;</field_img_cover_value>
		</record>
		<record num="45">
			<entity_id>1137</entity_id>
			<field_img_cover_value>&lt;img src=&quot;/video/0_covers/&quot;&gt;</field_img_cover_value>
		</record>
		<record num="46">
			<entity_id>1138</entity_id>
			<field_img_cover_value>&lt;img src=&quot;/video/0_covers/&quot;&gt;</field_img_cover_value>
		</record>
		<record num="47">
			<entity_id>1139</entity_id>
			<field_img_cover_value>&lt;img src=&quot;/video/0_covers/&quot;&gt;</field_img_cover_value>
		</record>
		<record num="48">
			<entity_id>1140</entity_id>
			<field_img_cover_value>&lt;img src=&quot;/video/0_covers/&quot;&gt;</field_img_cover_value>
		</record>
		<record num="49">
			<entity_id>1142</entity_id>
			<field_img_cover_value>&lt;img src=&quot;/video/0_covers/&quot;&gt;</field_img_cover_value>
		</record>
		<record num="50">
			<entity_id>1143</entity_id>
			<field_img_cover_value>&lt;img src=&quot;/video/0_covers/&quot;&gt;</field_img_cover_value>
		</record>
		<record num="51">
			<entity_id>1144</entity_id>
			<field_img_cover_value>&lt;img src=&quot;/video/0_covers/&quot;&gt;</field_img_cover_value>
		</record>
		<record num="52">
			<entity_id>1145</entity_id>
			<field_img_cover_value>&lt;img src=&quot;/video/0_covers/&quot;&gt;</field_img_cover_value>
		</record>
		<record num="53">
			<entity_id>1146</entity_id>
			<field_img_cover_value>&lt;img src=&quot;/video/0_covers/&quot;&gt;</field_img_cover_value>
		</record>
		<record num="54">
			<entity_id>1147</entity_id>
			<field_img_cover_value>&lt;img src=&quot;/video/0_covers/&quot;&gt;</field_img_cover_value>
		</record>
		<record num="55">
			<entity_id>1148</entity_id>
			<field_img_cover_value>&lt;img src=&quot;/video/0_covers/&quot;&gt;</field_img_cover_value>
		</record>
		<record num="56">
			<entity_id>1149</entity_id>
			<field_img_cover_value>&lt;img src=&quot;/video/0_covers/&quot;&gt;</field_img_cover_value>
		</record>
		<record num="57">
			<entity_id>1150</entity_id>
			<field_img_cover_value>&lt;img src=&quot;/video/0_covers/&quot;&gt;</field_img_cover_value>
		</record>
		<record num="58">
			<entity_id>1151</entity_id>
			<field_img_cover_value>&lt;img src=&quot;/video/0_covers/&quot;&gt;</field_img_cover_value>
		</record>
		<record num="59">
			<entity_id>1152</entity_id>
			<field_img_cover_value>&lt;img src=&quot;/video/0_covers/&quot;&gt;</field_img_cover_value>
		</record>
		<record num="60">
			<entity_id>1153</entity_id>
			<field_img_cover_value>&lt;img src=&quot;/video/0_covers/&quot;&gt;</field_img_cover_value>
		</record>
		<record num="61">
			<entity_id>1154</entity_id>
			<field_img_cover_value>&lt;img src=&quot;/video/0_covers/&quot;&gt;</field_img_cover_value>
		</record>
		<record num="62">
			<entity_id>1155</entity_id>
			<field_img_cover_value>&lt;img src=&quot;/video/0_covers/&quot;&gt;</field_img_cover_value>
		</record>
		<record num="63">
			<entity_id>1156</entity_id>
			<field_img_cover_value>&lt;img src=&quot;/video/0_covers/&quot;&gt;</field_img_cover_value>
		</record>
		<record num="64">
			<entity_id>1159</entity_id>
			<field_img_cover_value>&lt;img src=&quot;/video/0_covers/&quot;&gt;</field_img_cover_value>
		</record>
		<record num="65">
			<entity_id>1160</entity_id>
			<field_img_cover_value>&lt;img src=&quot;/video/0_covers/&quot;&gt;</field_img_cover_value>
		</record>
		<record num="66">
			<entity_id>1161</entity_id>
			<field_img_cover_value>&lt;img src=&quot;/video/0_covers/&quot;&gt;</field_img_cover_value>
		</record>
		<record num="67">
			<entity_id>1162</entity_id>
			<field_img_cover_value>&lt;img src=&quot;/video/0_covers/&quot;&gt;</field_img_cover_value>
		</record>
		<record num="68">
			<entity_id>1163</entity_id>
			<field_img_cover_value>&lt;img src=&quot;/video/0_covers/&quot;&gt;</field_img_cover_value>
		</record>
		<record num="69">
			<entity_id>1164</entity_id>
			<field_img_cover_value>&lt;img src=&quot;/video/0_covers/&quot;&gt;</field_img_cover_value>
		</record>
		<record num="70">
			<entity_id>1165</entity_id>
			<field_img_cover_value>&lt;img src=&quot;/video/0_covers/&quot;&gt;</field_img_cover_value>
		</record>
		<record num="71">
			<entity_id>1166</entity_id>
			<field_img_cover_value>&lt;img src=&quot;/video/0_covers/TimeOfGypsies_en.jpg&quot;&gt;</field_img_cover_value>
		</record>
		<record num="72">
			<entity_id>1167</entity_id>
			<field_img_cover_value>&lt;img src=&quot;/video/0_covers/&quot;&gt;</field_img_cover_value>
		</record>
		<record num="73">
			<entity_id>1168</entity_id>
			<field_img_cover_value>&lt;img src=&quot;/video/0_covers/&quot;&gt;</field_img_cover_value>
		</record>
		<record num="74">
			<entity_id>1169</entity_id>
			<field_img_cover_value>&lt;img src=&quot;/video/0_covers/&quot;&gt;</field_img_cover_value>
		</record>
		<record num="75">
			<entity_id>1170</entity_id>
			<field_img_cover_value>&lt;img src=&quot;/video/0_covers/&quot;&gt;</field_img_cover_value>
		</record>
		<record num="76">
			<entity_id>1171</entity_id>
			<field_img_cover_value>&lt;img src=&quot;/video/0_covers/&quot;&gt;</field_img_cover_value>
		</record>
		<record num="77">
			<entity_id>1172</entity_id>
			<field_img_cover_value>&lt;img src=&quot;/video/0_covers/&quot;&gt;</field_img_cover_value>
		</record>
		<record num="78">
			<entity_id>1173</entity_id>
			<field_img_cover_value>&lt;img src=&quot;/video/0_covers/&quot;&gt;</field_img_cover_value>
		</record>
		<record num="79">
			<entity_id>1174</entity_id>
			<field_img_cover_value>&lt;img src=&quot;/video/0_covers/&quot;&gt;</field_img_cover_value>
		</record>
		<record num="80">
			<entity_id>1175</entity_id>
			<field_img_cover_value>&lt;img src=&quot;/video/0_covers/&quot;&gt;</field_img_cover_value>
		</record>
		<record num="81">
			<entity_id>1176</entity_id>
			<field_img_cover_value>&lt;img src=&quot;/video/0_covers/&quot;&gt;</field_img_cover_value>
		</record>
		<record num="82">
			<entity_id>1177</entity_id>
			<field_img_cover_value>&lt;img src=&quot;/video/0_covers/&quot;&gt;</field_img_cover_value>
		</record>
		<record num="83">
			<entity_id>1178</entity_id>
			<field_img_cover_value>&lt;img src=&quot;/video/0_covers/&quot;&gt;</field_img_cover_value>
		</record>
		<record num="84">
			<entity_id>1179</entity_id>
			<field_img_cover_value>&lt;img src=&quot;/video/0_covers/&quot;&gt;</field_img_cover_value>
		</record>
		<record num="85">
			<entity_id>1180</entity_id>
			<field_img_cover_value>&lt;img src=&quot;/video/0_covers/&quot;&gt;</field_img_cover_value>
		</record>
		<record num="86">
			<entity_id>1181</entity_id>
			<field_img_cover_value>&lt;img src=&quot;/video/0_covers/&quot;&gt;</field_img_cover_value>
		</record>
		<record num="87">
			<entity_id>1182</entity_id>
			<field_img_cover_value>&lt;img src=&quot;/video/0_covers/&quot;&gt;</field_img_cover_value>
		</record>
		<record num="88">
			<entity_id>1183</entity_id>
			<field_img_cover_value>&lt;img src=&quot;/video/0_covers/&quot;&gt;</field_img_cover_value>
		</record>
		<record num="89">
			<entity_id>1184</entity_id>
			<field_img_cover_value>&lt;img src=&quot;/video/0_covers/&quot;&gt;</field_img_cover_value>
		</record>
		<record num="90">
			<entity_id>1185</entity_id>
			<field_img_cover_value>&lt;img src=&quot;/video/0_covers/&quot;&gt;</field_img_cover_value>
		</record>
		<record num="91">
			<entity_id>1186</entity_id>
			<field_img_cover_value>&lt;img src=&quot;/video/0_covers/&quot;&gt;</field_img_cover_value>
		</record>
		<record num="92">
			<entity_id>1187</entity_id>
			<field_img_cover_value>&lt;img src=&quot;/video/0_covers/&quot;&gt;</field_img_cover_value>
		</record>
		<record num="93">
			<entity_id>1188</entity_id>
			<field_img_cover_value>&lt;img src=&quot;/video/0_covers/&quot;&gt;</field_img_cover_value>
		</record>
		<record num="94">
			<entity_id>1189</entity_id>
			<field_img_cover_value>&lt;img src=&quot;/video/0_covers/&quot;&gt;</field_img_cover_value>
		</record>
		<record num="95">
			<entity_id>1190</entity_id>
			<field_img_cover_value>&lt;img src=&quot;/video/0_covers/&quot;&gt;</field_img_cover_value>
		</record>
		<record num="96">
			<entity_id>1191</entity_id>
			<field_img_cover_value>&lt;img src=&quot;/video/0_covers/&quot;&gt;</field_img_cover_value>
		</record>
		<record num="97">
			<entity_id>1192</entity_id>
			<field_img_cover_value>&lt;img src=&quot;/video/0_covers/&quot;&gt;</field_img_cover_value>
		</record>
		<record num="98">
			<entity_id>1193</entity_id>
			<field_img_cover_value>&lt;img src=&quot;/video/0_covers/&quot;&gt;</field_img_cover_value>
		</record>
		<record num="99">
			<entity_id>1194</entity_id>
			<field_img_cover_value>&lt;img src=&quot;/video/0_covers/&quot;&gt;</field_img_cover_value>
		</record>
		<record num="100">
			<entity_id>1195</entity_id>
			<field_img_cover_value>&lt;img src=&quot;/video/0_covers/&quot;&gt;</field_img_cover_value>
		</record>
		<record num="101">
			<entity_id>1196</entity_id>
			<field_img_cover_value>&lt;img src=&quot;/video/0_covers/&quot;&gt;</field_img_cover_value>
		</record>
		<record num="102">
			<entity_id>1197</entity_id>
			<field_img_cover_value>&lt;img src=&quot;/video/0_covers/&quot;&gt;</field_img_cover_value>
		</record>
		<record num="103">
			<entity_id>1198</entity_id>
			<field_img_cover_value>&lt;img src=&quot;/video/0_covers/&quot;&gt;</field_img_cover_value>
		</record>
		<record num="104">
			<entity_id>1199</entity_id>
			<field_img_cover_value>&lt;img src=&quot;/video/0_covers/&quot;&gt;</field_img_cover_value>
		</record>
		<record num="105">
			<entity_id>1200</entity_id>
			<field_img_cover_value>&lt;img src=&quot;/video/0_covers/&quot;&gt;</field_img_cover_value>
		</record>
		<record num="106">
			<entity_id>1202</entity_id>
			<field_img_cover_value>&lt;img src=&quot;/video/0_covers/&quot;&gt;</field_img_cover_value>
		</record>
		<record num="107">
			<entity_id>1203</entity_id>
			<field_img_cover_value>&lt;img src=&quot;/video/0_covers/&quot;&gt;</field_img_cover_value>
		</record>
		<record num="108">
			<entity_id>1205</entity_id>
			<field_img_cover_value>&lt;img src=&quot;/video/0_covers/&quot;&gt;</field_img_cover_value>
		</record>
		<record num="109">
			<entity_id>1206</entity_id>
			<field_img_cover_value>&lt;img src=&quot;/video/0_covers/&quot;&gt;</field_img_cover_value>
		</record>
		<record num="110">
			<entity_id>1207</entity_id>
			<field_img_cover_value>&lt;img src=&quot;/video/0_covers/&quot;&gt;</field_img_cover_value>
		</record>
		<record num="111">
			<entity_id>1208</entity_id>
			<field_img_cover_value>&lt;img src=&quot;/video/0_covers/&quot;&gt;</field_img_cover_value>
		</record>
		<record num="112">
			<entity_id>1209</entity_id>
			<field_img_cover_value>&lt;img src=&quot;/video/0_covers/&quot;&gt;</field_img_cover_value>
		</record>
		<record num="113">
			<entity_id>1210</entity_id>
			<field_img_cover_value>&lt;img src=&quot;/video/0_covers/&quot;&gt;</field_img_cover_value>
		</record>
		<record num="114">
			<entity_id>1211</entity_id>
			<field_img_cover_value>&lt;img src=&quot;/video/0_covers/&quot;&gt;</field_img_cover_value>
		</record>
		<record num="115">
			<entity_id>1212</entity_id>
			<field_img_cover_value>&lt;img src=&quot;/video/0_covers/e5d17e36631bf723b2c6a25f965fba6b.jpg&quot;&gt;</field_img_cover_value>
		</record>
		<record num="116">
			<entity_id>1213</entity_id>
			<field_img_cover_value>&lt;img src=&quot;/video/0_covers/cover_munhgauzen.jpg&quot;&gt;</field_img_cover_value>
		</record>
		<record num="117">
			<entity_id>1214</entity_id>
			<field_img_cover_value>&lt;img src=&quot;/video/0_covers/&quot;&gt;</field_img_cover_value>
		</record>
		<record num="118">
			<entity_id>1216</entity_id>
			<field_img_cover_value>&lt;img src=&quot;/video/0_covers/&quot;&gt;</field_img_cover_value>
		</record>
		<record num="119">
			<entity_id>1114</entity_id>
			<field_img_cover_value>&lt;img src=&quot;/video/0_covers/&quot;&gt;</field_img_cover_value>
		</record>
		<record num="120">
			<entity_id>1129</entity_id>
			<field_img_cover_value>&lt;img src=&quot;/video/0_covers/&quot;&gt;</field_img_cover_value>
		</record>
		<record num="121">
			<entity_id>1217</entity_id>
			<field_img_cover_value>&lt;img src=&quot;/video/0_covers/&quot;&gt;</field_img_cover_value>
		</record>
		<record num="122">
			<entity_id>1101</entity_id>
			<field_img_cover_value>&lt;img src=&quot;/video/0_covers/war_of_the_arrows.png&quot;&gt;</field_img_cover_value>
		</record>
		<record num="123">
			<entity_id>7</entity_id>
			<field_img_cover_value>&lt;img src=&quot;/video/0_covers/Sin_nombre.jpg&quot;&gt;</field_img_cover_value>
		</record>
		<record num="124">
			<entity_id>1115</entity_id>
			<field_img_cover_value>&lt;img src=&quot;/video/0_covers/&quot;&gt;</field_img_cover_value>
		</record>
		<record num="125">
			<entity_id>1228</entity_id>
			<field_img_cover_value>&lt;img src=&quot;/video/0_covers/&quot;&gt;</field_img_cover_value>
		</record>
		<record num="126">
			<entity_id>962</entity_id>
			<field_img_cover_value>&lt;img src=&quot;/video/0_covers/Faust.png&quot;&gt;</field_img_cover_value>
		</record>
		<record num="127">
			<entity_id>733</entity_id>
			<field_img_cover_value>&lt;img src=&quot;/video/0_covers/&quot;&gt;</field_img_cover_value>
		</record>
		<record num="128">
			<entity_id>1095</entity_id>
			<field_img_cover_value>&lt;img src=&quot;/video/0_covers/delicatessen.jpg&quot;&gt;</field_img_cover_value>
		</record>
		<record num="129">
			<entity_id>1099</entity_id>
			<field_img_cover_value>&lt;img src=&quot;/video/0_covers/Bushi no ichibun.png&quot;&gt;</field_img_cover_value>
		</record>
		<record num="130">
			<entity_id>1230</entity_id>
			<field_img_cover_value>&lt;img src=&quot;/video/0_covers/&quot;&gt;</field_img_cover_value>
		</record>
		<record num="131">
			<entity_id>1226</entity_id>
			<field_img_cover_value>&lt;img src=&quot;/video/0_covers/&quot;&gt;</field_img_cover_value>
		</record>
		<record num="132">
			<entity_id>1107</entity_id>
			<field_img_cover_value>&lt;img src=&quot;/video/0_covers/&quot;&gt;</field_img_cover_value>
		</record>
		<record num="133">
			<entity_id>1158</entity_id>
			<field_img_cover_value>&lt;img src=&quot;/video/0_covers/&quot;&gt;</field_img_cover_value>
		</record>
		<record num="134">
			<entity_id>1215</entity_id>
			<field_img_cover_value>&lt;img src=&quot;/video/0_covers/oblivion.jpg&quot;&gt;</field_img_cover_value>
		</record>
		<record num="135">
			<entity_id>1204</entity_id>
			<field_img_cover_value>&lt;img src=&quot;/video/0_covers/&quot;&gt;</field_img_cover_value>
		</record>
		<record num="136">
			<entity_id>773</entity_id>
			<field_img_cover_value>&lt;img src=&quot;/video/0_covers/formula51.png&quot;&gt;</field_img_cover_value>
		</record>
		<record num="137">
			<entity_id>1229</entity_id>
			<field_img_cover_value>&lt;img src=&quot;/video/0_covers/&quot;&gt;</field_img_cover_value>
		</record>
		<record num="138">
			<entity_id>1096</entity_id>
			<field_img_cover_value>&lt;img src=&quot;/video/0_covers/88477174.jpg&quot;&gt;</field_img_cover_value>
		</record>
		<record num="139">
			<entity_id>1231</entity_id>
			<field_img_cover_value>&lt;img src=&quot;/video/0_covers/0c3427d468d852babac589f19271153f.png&quot;&gt;</field_img_cover_value>
		</record>
		<record num="140">
			<entity_id>1232</entity_id>
			<field_img_cover_value>&lt;img src=&quot;/video/0_covers/97de64b0b867213a84a15991ba9e7cbf.png&quot;&gt;</field_img_cover_value>
		</record>
		<record num="141">
			<entity_id>1233</entity_id>
			<field_img_cover_value>&lt;img src=&quot;/video/0_covers/&quot;&gt;</field_img_cover_value>
		</record>
		<record num="142">
			<entity_id>1234</entity_id>
			<field_img_cover_value>&lt;img src=&quot;/video/0_covers/&quot;&gt;</field_img_cover_value>
		</record>
		<record num="143">
			<entity_id>1201</entity_id>
			<field_img_cover_value>&lt;img src=&quot;/video/0_covers/&quot;&gt;</field_img_cover_value>
		</record>
		<record num="144">
			<entity_id>1235</entity_id>
			<field_img_cover_value>&lt;img src=&quot;/video/0_covers/zerkalo.jpg&quot;&gt;</field_img_cover_value>
		</record>
		<record num="145">
			<entity_id>1236</entity_id>
			<field_img_cover_value>&lt;img src=&quot;/video/0_covers/20090517000236!TBPoster.jpg&quot;&gt;</field_img_cover_value>
		</record>
		<record num="146">
			<entity_id>1237</entity_id>
			<field_img_cover_value>&lt;img src=&quot;/video/0_covers/edge-of-tomorrow.jpg&quot;&gt;</field_img_cover_value>
		</record>
		<record num="147">
			<entity_id>1238</entity_id>
			<field_img_cover_value>&lt;img src=&quot;/video/0_covers/3ab8d11127bdafad0d18f2de713e7205.png&quot;&gt;</field_img_cover_value>
		</record>
		<record num="148">
			<entity_id>890</entity_id>
			<field_img_cover_value>Gorgol2.jpg</field_img_cover_value>
		</record>
		<record num="149">
			<entity_id>1239</entity_id>
			<field_img_cover_value>&lt;img src=&quot;/video/0_covers/d9cac5f974374211c68d15f81b6ac89f.jpg&quot;&gt;</field_img_cover_value>
		</record>
		<record num="150">
			<entity_id>1240</entity_id>
			<field_img_cover_value>&lt;img src=&quot;/video/0_covers/d9e04a614d483237c0671110e3dec8af.jpg&quot;&gt;</field_img_cover_value>
		</record>
		<record num="151">
			<entity_id>1241</entity_id>
			<field_img_cover_value>&lt;img src=&quot;/video/0_covers/45211a165bd7bc61246974c29f542b5d.png&quot;&gt;</field_img_cover_value>
		</record>
		<record num="152">
			<entity_id>1242</entity_id>
			<field_img_cover_value>&lt;img src=&quot;/video/0_covers/840754.jpg&quot;&gt;</field_img_cover_value>
		</record>
		<record num="153">
			<entity_id>1244</entity_id>
			<field_img_cover_value>&lt;img src=&quot;/video/0_covers/2220044132e3a998a068ddc378641198.jpg&quot;&gt;</field_img_cover_value>
		</record>
		<record num="154">
			<entity_id>1225</entity_id>
			<field_img_cover_value>&lt;img src=&quot;/video/0_covers/&quot;&gt;</field_img_cover_value>
		</record>
		<record num="155">
			<entity_id>848</entity_id>
			<field_img_cover_value>&lt;img src=&quot;/video/0_covers/Irma la Douce.jpg&quot;&gt;</field_img_cover_value>
		</record>
</table>
</root>
