<?xml version="1.0" encoding="UTF-8" ?>
<root>
	<table name='taxonomy_term_data'>
		<record num="0">
			<tid>2</tid>
			<vid>2</vid>
			<name>режиссер</name>
		</record>
		<record num="1">
			<tid>3</tid>
			<vid>2</vid>
			<name>по жанру</name>
		</record>
		<record num="2">
			<tid>4</tid>
			<vid>2</vid>
			<name>драма</name>
		</record>
		<record num="3">
			<tid>5</tid>
			<vid>2</vid>
			<name>комедия</name>
		</record>
		<record num="4">
			<tid>12</tid>
			<vid>2</vid>
			<name>триллер</name>
		</record>
		<record num="5">
			<tid>13</tid>
			<vid>2</vid>
			<name>криминал</name>
		</record>
		<record num="6">
			<tid>14</tid>
			<vid>2</vid>
			<name>приключения</name>
		</record>
		<record num="7">
			<tid>15</tid>
			<vid>2</vid>
			<name>Терри Гиллиам</name>
		</record>
		<record num="8">
			<tid>16</tid>
			<vid>2</vid>
			<name>Аки Каурисмяки</name>
		</record>
		<record num="9">
			<tid>17</tid>
			<vid>2</vid>
			<name>Михаил Марескин</name>
		</record>
		<record num="10">
			<tid>18</tid>
			<vid>2</vid>
			<name>Джерри Цукер</name>
		</record>
		<record num="11">
			<tid>21</tid>
			<vid>2</vid>
			<name>формат</name>
		</record>
		<record num="12">
			<tid>22</tid>
			<vid>2</vid>
			<name>avi</name>
		</record>
		<record num="13">
			<tid>23</tid>
			<vid>2</vid>
			<name>mpg</name>
		</record>
		<record num="14">
			<tid>24</tid>
			<vid>2</vid>
			<name>mp4</name>
		</record>
		<record num="15">
			<tid>25</tid>
			<vid>2</vid>
			<name>flv</name>
		</record>
		<record num="16">
			<tid>26</tid>
			<vid>2</vid>
			<name>mov</name>
		</record>
		<record num="17">
			<tid>27</tid>
			<vid>2</vid>
			<name>mkv</name>
		</record>
		<record num="18">
			<tid>28</tid>
			<vid>2</vid>
			<name>короткометражный</name>
		</record>
		<record num="19">
			<tid>31</tid>
			<vid>2</vid>
			<name>unsort</name>
		</record>
		<record num="20">
			<tid>32</tid>
			<vid>2</vid>
			<name>документальный</name>
		</record>
		<record num="21">
			<tid>33</tid>
			<vid>2</vid>
			<name>биография</name>
		</record>
		<record num="22">
			<tid>35</tid>
			<vid>2</vid>
			<name>философская притча</name>
		</record>
		<record num="23">
			<tid>36</tid>
			<vid>2</vid>
			<name>Михаэль Ханеке</name>
		</record>
		<record num="24">
			<tid>37</tid>
			<vid>2</vid>
			<name>Боевик</name>
		</record>
		<record num="25">
			<tid>38</tid>
			<vid>2</vid>
			<name>Алекс Ван Вармердам</name>
		</record>
		<record num="26">
			<tid>39</tid>
			<vid>2</vid>
			<name>детектив</name>
		</record>
		<record num="27">
			<tid>42</tid>
			<vid>2</vid>
			<name>трагикомедия</name>
		</record>
		<record num="28">
			<tid>43</tid>
			<vid>2</vid>
			<name>фантастика</name>
		</record>
		<record num="29">
			<tid>44</tid>
			<vid>2</vid>
			<name>Бойл, Дэнни</name>
		</record>
		<record num="30">
			<tid>45</tid>
			<vid>2</vid>
			<name>Данелия, Георгий</name>
		</record>
		<record num="31">
			<tid>46</tid>
			<vid>2</vid>
			<name>Абрахамс, Джим</name>
		</record>
		<record num="32">
			<tid>47</tid>
			<vid>2</vid>
			<name>Сокуров, Александр</name>
		</record>
		<record num="33">
			<tid>48</tid>
			<vid>2</vid>
			<name>видеоклипы</name>
		</record>
		<record num="34">
			<tid>49</tid>
			<vid>2</vid>
			<name>музыкальное видео</name>
		</record>
		<record num="35">
			<tid>50</tid>
			<vid>2</vid>
			<name>Saint-Saens</name>
		</record>
		<record num="36">
			<tid>51</tid>
			<vid>2</vid>
			<name>опера</name>
		</record>
		<record num="37">
			<tid>52</tid>
			<vid>2</vid>
			<name>Аронофски, Даррен</name>
		</record>
		<record num="38">
			<tid>53</tid>
			<vid>2</vid>
			<name>Спорт</name>
		</record>
		<record num="39">
			<tid>54</tid>
			<vid>2</vid>
			<name>мелодрама</name>
		</record>
		<record num="40">
			<tid>55</tid>
			<vid>2</vid>
			<name>Балабанов, Алексей</name>
		</record>
		<record num="41">
			<tid>56</tid>
			<vid>2</vid>
			<name>Кубрик, Стэнли</name>
		</record>
		<record num="42">
			<tid>57</tid>
			<vid>2</vid>
			<name>Монти Питон</name>
		</record>
		<record num="43">
			<tid>58</tid>
			<vid>2</vid>
			<name>Шахназаров, Карен</name>
		</record>
		<record num="44">
			<tid>59</tid>
			<vid>2</vid>
			<name>страна</name>
		</record>
		<record num="45">
			<tid>60</tid>
			<vid>2</vid>
			<name>Великобритания</name>
		</record>
		<record num="46">
			<tid>61</tid>
			<vid>2</vid>
			<name>Германия</name>
		</record>
		<record num="47">
			<tid>62</tid>
			<vid>2</vid>
			<name>Испания</name>
		</record>
		<record num="48">
			<tid>63</tid>
			<vid>2</vid>
			<name>Япония</name>
		</record>
		<record num="49">
			<tid>64</tid>
			<vid>2</vid>
			<name>Хорватия</name>
		</record>
		<record num="50">
			<tid>65</tid>
			<vid>2</vid>
			<name>Австрия</name>
		</record>
		<record num="51">
			<tid>66</tid>
			<vid>2</vid>
			<name>США</name>
		</record>
		<record num="52">
			<tid>67</tid>
			<vid>2</vid>
			<name>Италия</name>
		</record>
		<record num="53">
			<tid>68</tid>
			<vid>2</vid>
			<name>Россия</name>
		</record>
		<record num="54">
			<tid>69</tid>
			<vid>2</vid>
			<name>Нидерланды</name>
		</record>
		<record num="55">
			<tid>70</tid>
			<vid>2</vid>
			<name>Финляндия</name>
		</record>
		<record num="56">
			<tid>71</tid>
			<vid>2</vid>
			<name>Дания</name>
		</record>
		<record num="57">
			<tid>72</tid>
			<vid>2</vid>
			<name>Босния-Герцеговина</name>
		</record>
		<record num="58">
			<tid>73</tid>
			<vid>2</vid>
			<name>СССР</name>
		</record>
		<record num="59">
			<tid>74</tid>
			<vid>2</vid>
			<name>Мексика</name>
		</record>
		<record num="60">
			<tid>75</tid>
			<vid>2</vid>
			<name>Швеция</name>
		</record>
		<record num="61">
			<tid>76</tid>
			<vid>2</vid>
			<name>Португалия</name>
		</record>
		<record num="62">
			<tid>77</tid>
			<vid>2</vid>
			<name>Гонконг</name>
		</record>
		<record num="63">
			<tid>79</tid>
			<vid>2</vid>
			<name>Индия</name>
		</record>
		<record num="64">
			<tid>80</tid>
			<vid>2</vid>
			<name>Гайдай, Леонид</name>
		</record>
		<record num="65">
			<tid>81</tid>
			<vid>2</vid>
			<name>Быков, Ролан</name>
		</record>
		<record num="66">
			<tid>82</tid>
			<vid>2</vid>
			<name>Рязанов, Эльдар</name>
		</record>
		<record num="67">
			<tid>83</tid>
			<vid>2</vid>
			<name>классика</name>
		</record>
		<record num="68">
			<tid>84</tid>
			<vid>2</vid>
			<name>Вивальди</name>
		</record>
		<record num="69">
			<tid>85</tid>
			<vid>2</vid>
			<name>Моцарт</name>
		</record>
		<record num="70">
			<tid>86</tid>
			<vid>2</vid>
			<name>Гендель</name>
		</record>
		<record num="71">
			<tid>87</tid>
			<vid>2</vid>
			<name>Россини, Джоаккино</name>
		</record>
		<record num="72">
			<tid>88</tid>
			<vid>2</vid>
			<name>Австралия</name>
		</record>
		<record num="73">
			<tid>89</tid>
			<vid>2</vid>
			<name>Франция</name>
		</record>
		<record num="74">
			<tid>90</tid>
			<vid>2</vid>
			<name>по персоналиям</name>
		</record>
		<record num="75">
			<tid>91</tid>
			<vid>2</vid>
			<name>актер</name>
		</record>
		<record num="76">
			<tid>92</tid>
			<vid>2</vid>
			<name>композитор</name>
		</record>
		<record num="77">
			<tid>93</tid>
			<vid>2</vid>
			<name>Катя Оутинен</name>
		</record>
		<record num="78">
			<tid>94</tid>
			<vid>2</vid>
			<name>Роберт Де Ниро</name>
		</record>
		<record num="79">
			<tid>95</tid>
			<vid>2</vid>
			<name>Алексей Полуян</name>
		</record>
		<record num="80">
			<tid>96</tid>
			<vid>2</vid>
			<name>история</name>
		</record>
		<record num="81">
			<tid>97</tid>
			<vid>2</vid>
			<name>Волошин, Игорь</name>
		</record>
		<record num="82">
			<tid>98</tid>
			<vid>2</vid>
			<name>фолк</name>
		</record>
		<record num="83">
			<tid>99</tid>
			<vid>2</vid>
			<name>Psalteria</name>
		</record>
		<record num="84">
			<tid>100</tid>
			<vid>2</vid>
			<name>панк</name>
		</record>
		<record num="85">
			<tid>101</tid>
			<vid>2</vid>
			<name>русский рок</name>
		</record>
		<record num="86">
			<tid>102</tid>
			<vid>2</vid>
			<name>хип-хоп</name>
		</record>
		<record num="87">
			<tid>103</tid>
			<vid>2</vid>
			<name>клоунада</name>
		</record>
		<record num="88">
			<tid>104</tid>
			<vid>2</vid>
			<name>Лицедеи</name>
		</record>
		<record num="89">
			<tid>105</tid>
			<vid>2</vid>
			<name>Тарковский, Андрей</name>
		</record>
		<record num="90">
			<tid>106</tid>
			<vid>2</vid>
			<name>Мамин, Юрий</name>
		</record>
		<record num="91">
			<tid>107</tid>
			<vid>2</vid>
			<name>Сухоруков, Виктор</name>
		</record>
		<record num="92">
			<tid>108</tid>
			<vid>2</vid>
			<name>Михайлов, Виктор</name>
		</record>
		<record num="93">
			<tid>109</tid>
			<vid>2</vid>
			<name>Маковецкий, Сергей</name>
		</record>
		<record num="94">
			<tid>110</tid>
			<vid>2</vid>
			<name>Юрский, Сергей</name>
		</record>
		<record num="95">
			<tid>111</tid>
			<vid>2</vid>
			<name>Пазолини, Пьер Паоло</name>
		</record>
		<record num="96">
			<tid>112</tid>
			<vid>2</vid>
			<name>Бельгия</name>
		</record>
		<record num="97">
			<tid>113</tid>
			<vid>2</vid>
			<name>Андерссон, Рой</name>
		</record>
		<record num="98">
			<tid>114</tid>
			<vid>2</vid>
			<name>Норвегия</name>
		</record>
		<record num="99">
			<tid>115</tid>
			<vid>2</vid>
			<name>Мягков, Андрей</name>
		</record>
		<record num="100">
			<tid>116</tid>
			<vid>2</vid>
			<name>Филатов, Леонид</name>
		</record>
		<record num="101">
			<tid>117</tid>
			<vid>2</vid>
			<name>сериал</name>
		</record>
		<record num="102">
			<tid>118</tid>
			<vid>2</vid>
			<name>Швейцария</name>
		</record>
		<record num="103">
			<tid>119</tid>
			<vid>2</vid>
			<name>экранизация</name>
		</record>
		<record num="104">
			<tid>120</tid>
			<vid>2</vid>
			<name>Эротика</name>
		</record>
		<record num="105">
			<tid>121</tid>
			<vid>2</vid>
			<name>Украина</name>
		</record>
		<record num="106">
			<tid>122</tid>
			<vid>2</vid>
			<name>Стеллинг, Йос</name>
		</record>
		<record num="107">
			<tid>123</tid>
			<vid>2</vid>
			<name>Ларс Фон Триер</name>
		</record>
		<record num="108">
			<tid>124</tid>
			<vid>2</vid>
			<name>Николсон, Джек</name>
		</record>
		<record num="109">
			<tid>125</tid>
			<vid>2</vid>
			<name>Епифанцев, Владимир</name>
		</record>
		<record num="110">
			<tid>126</tid>
			<vid>2</vid>
			<name>Ефремов, Михаил</name>
		</record>
		<record num="111">
			<tid>127</tid>
			<vid>2</vid>
			<name>Охлобыстин, Иван</name>
		</record>
		<record num="112">
			<tid>128</tid>
			<vid>2</vid>
			<name>Польша</name>
		</record>
		<record num="113">
			<tid>129</tid>
			<vid>2</vid>
			<name>Евстигнеев, Евгений</name>
		</record>
		<record num="114">
			<tid>130</tid>
			<vid>2</vid>
			<name>Карцев, Роман</name>
		</record>
		<record num="115">
			<tid>131</tid>
			<vid>2</vid>
			<name>Бортко, Владимир</name>
		</record>
		<record num="116">
			<tid>132</tid>
			<vid>2</vid>
			<name>Папанов, Анатолий</name>
		</record>
		<record num="117">
			<tid>133</tid>
			<vid>2</vid>
			<name>Миронов, Андрей</name>
		</record>
		<record num="118">
			<tid>134</tid>
			<vid>2</vid>
			<name>Гафт, Валентин</name>
		</record>
		<record num="119">
			<tid>135</tid>
			<vid>2</vid>
			<name>Филиппенко, Александр</name>
		</record>
		<record num="120">
			<tid>136</tid>
			<vid>2</vid>
			<name>Куравлев, Леонид</name>
		</record>
		<record num="121">
			<tid>137</tid>
			<vid>2</vid>
			<name>мультфильм</name>
		</record>
		<record num="122">
			<tid>138</tid>
			<vid>2</vid>
			<name>Исландия</name>
		</record>
		<record num="123">
			<tid>139</tid>
			<vid>2</vid>
			<name>Юрий Яковлев</name>
		</record>
		<record num="124">
			<tid>140</tid>
			<vid>2</vid>
			<name>Евгений Леонов</name>
		</record>
		<record num="125">
			<tid>141</tid>
			<vid>2</vid>
			<name>ogv</name>
		</record>
		<record num="126">
			<tid>142</tid>
			<vid>2</vid>
			<name>Квентин Тарантино</name>
		</record>
		<record num="127">
			<tid>143</tid>
			<vid>2</vid>
			<name>Стив Бушеми</name>
		</record>
		<record num="128">
			<tid>144</tid>
			<vid>2</vid>
			<name>Тим Рот</name>
		</record>
		<record num="129">
			<tid>145</tid>
			<vid>2</vid>
			<name>Никита Михалков</name>
		</record>
		<record num="130">
			<tid>146</tid>
			<vid>2</vid>
			<name>видеоуроки</name>
		</record>
		<record num="131">
			<tid>147</tid>
			<vid>2</vid>
			<name>Жан-Пьер Жене</name>
		</record>
		<record num="132">
			<tid>148</tid>
			<vid>2</vid>
			<name>субтитры</name>
		</record>
		<record num="133">
			<tid>149</tid>
			<vid>2</vid>
			<name>Доминик Пинон</name>
		</record>
		<record num="134">
			<tid>150</tid>
			<vid>2</vid>
			<name>srt</name>
		</record>
		<record num="135">
			<tid>151</tid>
			<vid>2</vid>
			<name>Георгий Вицин</name>
		</record>
		<record num="136">
			<tid>152</tid>
			<vid>2</vid>
			<name>Савелий Крамаров</name>
		</record>
		<record num="137">
			<tid>153</tid>
			<vid>2</vid>
			<name>Канада</name>
		</record>
		<record num="138">
			<tid>154</tid>
			<vid>2</vid>
			<name>Сэмюэл Л. Джексон</name>
		</record>
		<record num="139">
			<tid>155</tid>
			<vid>2</vid>
			<name>Роберт Карлайл</name>
		</record>
		<record num="140">
			<tid>156</tid>
			<vid>2</vid>
			<name>Корея</name>
		</record>
		<record num="141">
			<tid>157</tid>
			<vid>2</vid>
			<name>Чарльз Чаплин</name>
		</record>
		<record num="142">
			<tid>158</tid>
			<vid>2</vid>
			<name>Гай Ритчи</name>
		</record>
		<record num="143">
			<tid>159</tid>
			<vid>2</vid>
			<name>Ёдзи Ямада</name>
		</record>
		<record num="144">
			<tid>160</tid>
			<vid>2</vid>
			<name>Милош Форман</name>
		</record>
		<record num="145">
			<tid>161</tid>
			<vid>2</vid>
			<name>Ларри Кларк</name>
		</record>
		<record num="146">
			<tid>162</tid>
			<vid>2</vid>
			<name>Бразилия</name>
		</record>
		<record num="147">
			<tid>163</tid>
			<vid>2</vid>
			<name>Люксембург</name>
		</record>
		<record num="148">
			<tid>164</tid>
			<vid>2</vid>
			<name>мюзикл</name>
		</record>
		<record num="149">
			<tid>165</tid>
			<vid>2</vid>
			<name>Пилар Лопез</name>
		</record>
		<record num="150">
			<tid>166</tid>
			<vid>2</vid>
			<name>Николай Караченцов</name>
		</record>
		<record num="151">
			<tid>167</tid>
			<vid>2</vid>
			<name>программирование</name>
		</record>
		<record num="152">
			<tid>168</tid>
			<vid>2</vid>
			<name>Сербия</name>
		</record>
		<record num="153">
			<tid>169</tid>
			<vid>2</vid>
			<name>война</name>
		</record>
		<record num="154">
			<tid>171</tid>
			<vid>2</vid>
			<name>Турция</name>
		</record>
		<record num="155">
			<tid>172</tid>
			<vid>2</vid>
			<name>Наука и техника</name>
		</record>
		<record num="156">
			<tid>173</tid>
			<vid>2</vid>
			<name>Космос</name>
		</record>
		<record num="157">
			<tid>174</tid>
			<vid>2</vid>
			<name>Зиновий Гердт</name>
		</record>
		<record num="158">
			<tid>175</tid>
			<vid>2</vid>
			<name>Борислав Брондуков</name>
		</record>
		<record num="159">
			<tid>176</tid>
			<vid>2</vid>
			<name>Олег Басилашвили</name>
		</record>
		<record num="160">
			<tid>177</tid>
			<vid>2</vid>
			<name>Анатолий Солоницын</name>
		</record>
		<record num="161">
			<tid>178</tid>
			<vid>2</vid>
			<name>Юрий Никулин</name>
		</record>
		<record num="162">
			<tid>179</tid>
			<vid>2</vid>
			<name>Николай Гринько</name>
		</record>
		<record num="163">
			<tid>180</tid>
			<vid>2</vid>
			<name>Владимир Этуш</name>
		</record>
		<record num="164">
			<tid>181</tid>
			<vid>2</vid>
			<name>Пьер Ришар</name>
		</record>
		<record num="165">
			<tid>182</tid>
			<vid>2</vid>
			<name>Франсис Вебер</name>
		</record>
		<record num="166">
			<tid>183</tid>
			<vid>2</vid>
			<name>Жерар Депардье</name>
		</record>
		<record num="167">
			<tid>184</tid>
			<vid>2</vid>
			<name>Ирландия</name>
		</record>
		<record num="168">
			<tid>185</tid>
			<vid>2</vid>
			<name>Новая Зеландия</name>
		</record>
		<record num="169">
			<tid>186</tid>
			<vid>2</vid>
			<name>Владимир Маяковский</name>
		</record>
		<record num="170">
			<tid>187</tid>
			<vid>2</vid>
			<name>Харольд Лойд</name>
		</record>
		<record num="171">
			<tid>188</tid>
			<vid>2</vid>
			<name>Рон Фрике</name>
		</record>
		<record num="172">
			<tid>189</tid>
			<vid>2</vid>
			<name>Урбен Канселье</name>
		</record>
		<record num="173">
			<tid>190</tid>
			<vid>2</vid>
			<name>Жерар Кравчик</name>
		</record>
		<record num="174">
			<tid>191</tid>
			<vid>2</vid>
			<name>Дэнни Де Вито</name>
		</record>
		<record num="175">
			<tid>192</tid>
			<vid>2</vid>
			<name>Бастер Китон</name>
		</record>
		<record num="176">
			<tid>193</tid>
			<vid>2</vid>
			<name>Югославия</name>
		</record>
		<record num="177">
			<tid>194</tid>
			<vid>2</vid>
			<name>Сергей Филиппов</name>
		</record>
		<record num="178">
			<tid>195</tid>
			<vid>2</vid>
			<name>Михаил Пуговкин</name>
		</record>
		<record num="179">
			<tid>196</tid>
			<vid>2</vid>
			<name>Александр Демьяненко</name>
		</record>
		<record num="180">
			<tid>198</tid>
			<vid>2</vid>
			<name>Арчил Гомиашвили</name>
		</record>
		<record num="181">
			<tid>199</tid>
			<vid>2</vid>
			<name>Вахтанг Кикабидзе</name>
		</record>
		<record num="182">
			<tid>200</tid>
			<vid>2</vid>
			<name>Джеральд Даррелл</name>
		</record>
		<record num="183">
			<tid>201</tid>
			<vid>2</vid>
			<name>роботы</name>
		</record>
		<record num="184">
			<tid>202</tid>
			<vid>2</vid>
			<name>Марк Захаров</name>
		</record>
		<record num="185">
			<tid>203</tid>
			<vid>2</vid>
			<name>Александр Абдулов</name>
		</record>
		<record num="186">
			<tid>204</tid>
			<vid>2</vid>
			<name>Семен Фарада</name>
		</record>
		<record num="187">
			<tid>205</tid>
			<vid>3</vid>
			<name>eng</name>
		</record>
		<record num="188">
			<tid>206</tid>
			<vid>3</vid>
			<name>rus</name>
		</record>
		<record num="189">
			<tid>207</tid>
			<vid>3</vid>
			<name>A</name>
		</record>
		<record num="190">
			<tid>208</tid>
			<vid>3</vid>
			<name>B</name>
		</record>
		<record num="191">
			<tid>209</tid>
			<vid>3</vid>
			<name>C</name>
		</record>
		<record num="192">
			<tid>210</tid>
			<vid>3</vid>
			<name>D</name>
		</record>
		<record num="193">
			<tid>211</tid>
			<vid>3</vid>
			<name>E</name>
		</record>
		<record num="194">
			<tid>212</tid>
			<vid>3</vid>
			<name>F</name>
		</record>
		<record num="195">
			<tid>213</tid>
			<vid>3</vid>
			<name>G</name>
		</record>
		<record num="196">
			<tid>214</tid>
			<vid>3</vid>
			<name>H</name>
		</record>
		<record num="197">
			<tid>215</tid>
			<vid>3</vid>
			<name>I</name>
		</record>
		<record num="198">
			<tid>216</tid>
			<vid>3</vid>
			<name>J</name>
		</record>
		<record num="199">
			<tid>217</tid>
			<vid>3</vid>
			<name>K</name>
		</record>
		<record num="200">
			<tid>218</tid>
			<vid>3</vid>
			<name>L</name>
		</record>
		<record num="201">
			<tid>219</tid>
			<vid>3</vid>
			<name>M</name>
		</record>
		<record num="202">
			<tid>220</tid>
			<vid>3</vid>
			<name>N</name>
		</record>
		<record num="203">
			<tid>221</tid>
			<vid>3</vid>
			<name>O</name>
		</record>
		<record num="204">
			<tid>222</tid>
			<vid>3</vid>
			<name>Q</name>
		</record>
		<record num="205">
			<tid>223</tid>
			<vid>3</vid>
			<name>R</name>
		</record>
		<record num="206">
			<tid>224</tid>
			<vid>3</vid>
			<name>S</name>
		</record>
		<record num="207">
			<tid>225</tid>
			<vid>3</vid>
			<name>T</name>
		</record>
		<record num="208">
			<tid>226</tid>
			<vid>3</vid>
			<name>W</name>
		</record>
		<record num="209">
			<tid>227</tid>
			<vid>3</vid>
			<name>Y</name>
		</record>
		<record num="210">
			<tid>228</tid>
			<vid>3</vid>
			<name>Z</name>
		</record>
		<record num="211">
			<tid>229</tid>
			<vid>3</vid>
			<name>А</name>
		</record>
		<record num="212">
			<tid>230</tid>
			<vid>3</vid>
			<name>Б</name>
		</record>
		<record num="213">
			<tid>231</tid>
			<vid>3</vid>
			<name>В</name>
		</record>
		<record num="214">
			<tid>232</tid>
			<vid>3</vid>
			<name>Г</name>
		</record>
		<record num="215">
			<tid>233</tid>
			<vid>3</vid>
			<name>Д</name>
		</record>
		<record num="216">
			<tid>234</tid>
			<vid>3</vid>
			<name>Е</name>
		</record>
		<record num="217">
			<tid>235</tid>
			<vid>3</vid>
			<name>Ж</name>
		</record>
		<record num="218">
			<tid>236</tid>
			<vid>3</vid>
			<name>З</name>
		</record>
		<record num="219">
			<tid>237</tid>
			<vid>3</vid>
			<name>И</name>
		</record>
		<record num="220">
			<tid>238</tid>
			<vid>3</vid>
			<name>К</name>
		</record>
		<record num="221">
			<tid>239</tid>
			<vid>3</vid>
			<name>Л</name>
		</record>
		<record num="222">
			<tid>240</tid>
			<vid>3</vid>
			<name>М</name>
		</record>
		<record num="223">
			<tid>241</tid>
			<vid>3</vid>
			<name>Н</name>
		</record>
		<record num="224">
			<tid>242</tid>
			<vid>3</vid>
			<name>О</name>
		</record>
		<record num="225">
			<tid>243</tid>
			<vid>3</vid>
			<name>П</name>
		</record>
		<record num="226">
			<tid>244</tid>
			<vid>3</vid>
			<name>Р</name>
		</record>
		<record num="227">
			<tid>245</tid>
			<vid>3</vid>
			<name>С</name>
		</record>
		<record num="228">
			<tid>246</tid>
			<vid>3</vid>
			<name>Т</name>
		</record>
		<record num="229">
			<tid>247</tid>
			<vid>3</vid>
			<name>У</name>
		</record>
		<record num="230">
			<tid>248</tid>
			<vid>3</vid>
			<name>Ф</name>
		</record>
		<record num="231">
			<tid>249</tid>
			<vid>3</vid>
			<name>Х</name>
		</record>
		<record num="232">
			<tid>250</tid>
			<vid>3</vid>
			<name>Ц</name>
		</record>
		<record num="233">
			<tid>251</tid>
			<vid>3</vid>
			<name>Ч</name>
		</record>
		<record num="234">
			<tid>252</tid>
			<vid>3</vid>
			<name>Ш</name>
		</record>
		<record num="235">
			<tid>253</tid>
			<vid>3</vid>
			<name>Щ</name>
		</record>
		<record num="236">
			<tid>254</tid>
			<vid>3</vid>
			<name>Э</name>
		</record>
		<record num="237">
			<tid>255</tid>
			<vid>3</vid>
			<name>Ю</name>
		</record>
		<record num="238">
			<tid>256</tid>
			<vid>3</vid>
			<name>Я</name>
		</record>
		<record num="239">
			<tid>257</tid>
			<vid>3</vid>
			<name>num</name>
		</record>
		<record num="240">
			<tid>258</tid>
			<vid>3</vid>
			<name>0</name>
		</record>
		<record num="241">
			<tid>259</tid>
			<vid>3</vid>
			<name>1</name>
		</record>
		<record num="242">
			<tid>260</tid>
			<vid>3</vid>
			<name>2</name>
		</record>
		<record num="243">
			<tid>261</tid>
			<vid>3</vid>
			<name>3</name>
		</record>
		<record num="244">
			<tid>262</tid>
			<vid>3</vid>
			<name>4</name>
		</record>
		<record num="245">
			<tid>263</tid>
			<vid>3</vid>
			<name>5</name>
		</record>
		<record num="246">
			<tid>264</tid>
			<vid>3</vid>
			<name>6</name>
		</record>
		<record num="247">
			<tid>265</tid>
			<vid>3</vid>
			<name>7</name>
		</record>
		<record num="248">
			<tid>266</tid>
			<vid>3</vid>
			<name>8</name>
		</record>
		<record num="249">
			<tid>267</tid>
			<vid>3</vid>
			<name>9</name>
		</record>
		<record num="250">
			<tid>268</tid>
			<vid>3</vid>
			<name>P</name>
		</record>
</table>
</root>
