<?xml version="1.0" encoding="UTF-8" ?>
<root>
	<table name='taxonomy_term_hierarchy'>
		<record num="0">
			<tid>2</tid>
			<parent>90</parent>
		</record>
		<record num="1">
			<tid>3</tid>
			<parent>0</parent>
		</record>
		<record num="2">
			<tid>4</tid>
			<parent>3</parent>
		</record>
		<record num="3">
			<tid>5</tid>
			<parent>3</parent>
		</record>
		<record num="4">
			<tid>12</tid>
			<parent>3</parent>
		</record>
		<record num="5">
			<tid>13</tid>
			<parent>3</parent>
		</record>
		<record num="6">
			<tid>14</tid>
			<parent>3</parent>
		</record>
		<record num="7">
			<tid>15</tid>
			<parent>2</parent>
		</record>
		<record num="8">
			<tid>16</tid>
			<parent>2</parent>
		</record>
		<record num="9">
			<tid>17</tid>
			<parent>2</parent>
		</record>
		<record num="10">
			<tid>18</tid>
			<parent>2</parent>
		</record>
		<record num="11">
			<tid>21</tid>
			<parent>0</parent>
		</record>
		<record num="12">
			<tid>22</tid>
			<parent>21</parent>
		</record>
		<record num="13">
			<tid>23</tid>
			<parent>21</parent>
		</record>
		<record num="14">
			<tid>24</tid>
			<parent>21</parent>
		</record>
		<record num="15">
			<tid>25</tid>
			<parent>21</parent>
		</record>
		<record num="16">
			<tid>26</tid>
			<parent>21</parent>
		</record>
		<record num="17">
			<tid>27</tid>
			<parent>21</parent>
		</record>
		<record num="18">
			<tid>28</tid>
			<parent>3</parent>
		</record>
		<record num="19">
			<tid>31</tid>
			<parent>0</parent>
		</record>
		<record num="20">
			<tid>32</tid>
			<parent>3</parent>
		</record>
		<record num="21">
			<tid>33</tid>
			<parent>3</parent>
		</record>
		<record num="22">
			<tid>35</tid>
			<parent>3</parent>
		</record>
		<record num="23">
			<tid>36</tid>
			<parent>2</parent>
		</record>
		<record num="24">
			<tid>37</tid>
			<parent>3</parent>
		</record>
		<record num="25">
			<tid>38</tid>
			<parent>2</parent>
		</record>
		<record num="26">
			<tid>39</tid>
			<parent>3</parent>
		</record>
		<record num="27">
			<tid>42</tid>
			<parent>3</parent>
		</record>
		<record num="28">
			<tid>43</tid>
			<parent>3</parent>
		</record>
		<record num="29">
			<tid>44</tid>
			<parent>2</parent>
		</record>
		<record num="30">
			<tid>45</tid>
			<parent>2</parent>
		</record>
		<record num="31">
			<tid>46</tid>
			<parent>2</parent>
		</record>
		<record num="32">
			<tid>47</tid>
			<parent>2</parent>
		</record>
		<record num="33">
			<tid>48</tid>
			<parent>3</parent>
		</record>
		<record num="34">
			<tid>49</tid>
			<parent>3</parent>
		</record>
		<record num="35">
			<tid>50</tid>
			<parent>92</parent>
		</record>
		<record num="36">
			<tid>51</tid>
			<parent>83</parent>
		</record>
		<record num="37">
			<tid>52</tid>
			<parent>2</parent>
		</record>
		<record num="38">
			<tid>53</tid>
			<parent>3</parent>
		</record>
		<record num="39">
			<tid>54</tid>
			<parent>3</parent>
		</record>
		<record num="40">
			<tid>55</tid>
			<parent>2</parent>
		</record>
		<record num="41">
			<tid>56</tid>
			<parent>2</parent>
		</record>
		<record num="42">
			<tid>57</tid>
			<parent>5</parent>
		</record>
		<record num="43">
			<tid>58</tid>
			<parent>2</parent>
		</record>
		<record num="44">
			<tid>59</tid>
			<parent>0</parent>
		</record>
		<record num="45">
			<tid>60</tid>
			<parent>59</parent>
		</record>
		<record num="46">
			<tid>61</tid>
			<parent>59</parent>
		</record>
		<record num="47">
			<tid>62</tid>
			<parent>59</parent>
		</record>
		<record num="48">
			<tid>63</tid>
			<parent>59</parent>
		</record>
		<record num="49">
			<tid>64</tid>
			<parent>59</parent>
		</record>
		<record num="50">
			<tid>65</tid>
			<parent>59</parent>
		</record>
		<record num="51">
			<tid>66</tid>
			<parent>59</parent>
		</record>
		<record num="52">
			<tid>67</tid>
			<parent>59</parent>
		</record>
		<record num="53">
			<tid>68</tid>
			<parent>59</parent>
		</record>
		<record num="54">
			<tid>69</tid>
			<parent>59</parent>
		</record>
		<record num="55">
			<tid>70</tid>
			<parent>59</parent>
		</record>
		<record num="56">
			<tid>71</tid>
			<parent>59</parent>
		</record>
		<record num="57">
			<tid>72</tid>
			<parent>59</parent>
		</record>
		<record num="58">
			<tid>73</tid>
			<parent>59</parent>
		</record>
		<record num="59">
			<tid>74</tid>
			<parent>59</parent>
		</record>
		<record num="60">
			<tid>75</tid>
			<parent>59</parent>
		</record>
		<record num="61">
			<tid>76</tid>
			<parent>59</parent>
		</record>
		<record num="62">
			<tid>77</tid>
			<parent>59</parent>
		</record>
		<record num="63">
			<tid>79</tid>
			<parent>59</parent>
		</record>
		<record num="64">
			<tid>80</tid>
			<parent>2</parent>
		</record>
		<record num="65">
			<tid>81</tid>
			<parent>2</parent>
		</record>
		<record num="66">
			<tid>82</tid>
			<parent>2</parent>
		</record>
		<record num="67">
			<tid>83</tid>
			<parent>49</parent>
		</record>
		<record num="68">
			<tid>84</tid>
			<parent>92</parent>
		</record>
		<record num="69">
			<tid>85</tid>
			<parent>92</parent>
		</record>
		<record num="70">
			<tid>86</tid>
			<parent>92</parent>
		</record>
		<record num="71">
			<tid>87</tid>
			<parent>92</parent>
		</record>
		<record num="72">
			<tid>88</tid>
			<parent>59</parent>
		</record>
		<record num="73">
			<tid>89</tid>
			<parent>59</parent>
		</record>
		<record num="74">
			<tid>90</tid>
			<parent>0</parent>
		</record>
		<record num="75">
			<tid>91</tid>
			<parent>90</parent>
		</record>
		<record num="76">
			<tid>92</tid>
			<parent>90</parent>
		</record>
		<record num="77">
			<tid>93</tid>
			<parent>91</parent>
		</record>
		<record num="78">
			<tid>94</tid>
			<parent>91</parent>
		</record>
		<record num="79">
			<tid>95</tid>
			<parent>91</parent>
		</record>
		<record num="80">
			<tid>96</tid>
			<parent>3</parent>
		</record>
		<record num="81">
			<tid>97</tid>
			<parent>2</parent>
		</record>
		<record num="82">
			<tid>98</tid>
			<parent>49</parent>
		</record>
		<record num="83">
			<tid>99</tid>
			<parent>90</parent>
		</record>
		<record num="84">
			<tid>100</tid>
			<parent>49</parent>
		</record>
		<record num="85">
			<tid>101</tid>
			<parent>49</parent>
		</record>
		<record num="86">
			<tid>102</tid>
			<parent>49</parent>
		</record>
		<record num="87">
			<tid>103</tid>
			<parent>5</parent>
		</record>
		<record num="88">
			<tid>104</tid>
			<parent>91</parent>
		</record>
		<record num="89">
			<tid>105</tid>
			<parent>2</parent>
		</record>
		<record num="90">
			<tid>106</tid>
			<parent>2</parent>
		</record>
		<record num="91">
			<tid>107</tid>
			<parent>91</parent>
		</record>
		<record num="92">
			<tid>108</tid>
			<parent>91</parent>
		</record>
		<record num="93">
			<tid>109</tid>
			<parent>91</parent>
		</record>
		<record num="94">
			<tid>110</tid>
			<parent>91</parent>
		</record>
		<record num="95">
			<tid>111</tid>
			<parent>2</parent>
		</record>
		<record num="96">
			<tid>112</tid>
			<parent>59</parent>
		</record>
		<record num="97">
			<tid>113</tid>
			<parent>2</parent>
		</record>
		<record num="98">
			<tid>114</tid>
			<parent>59</parent>
		</record>
		<record num="99">
			<tid>115</tid>
			<parent>91</parent>
		</record>
		<record num="100">
			<tid>116</tid>
			<parent>91</parent>
		</record>
		<record num="101">
			<tid>117</tid>
			<parent>3</parent>
		</record>
		<record num="102">
			<tid>118</tid>
			<parent>59</parent>
		</record>
		<record num="103">
			<tid>119</tid>
			<parent>3</parent>
		</record>
		<record num="104">
			<tid>120</tid>
			<parent>3</parent>
		</record>
		<record num="105">
			<tid>121</tid>
			<parent>59</parent>
		</record>
		<record num="106">
			<tid>122</tid>
			<parent>2</parent>
		</record>
		<record num="107">
			<tid>123</tid>
			<parent>2</parent>
		</record>
		<record num="108">
			<tid>124</tid>
			<parent>91</parent>
		</record>
		<record num="109">
			<tid>125</tid>
			<parent>91</parent>
		</record>
		<record num="110">
			<tid>126</tid>
			<parent>91</parent>
		</record>
		<record num="111">
			<tid>127</tid>
			<parent>91</parent>
		</record>
		<record num="112">
			<tid>128</tid>
			<parent>59</parent>
		</record>
		<record num="113">
			<tid>129</tid>
			<parent>91</parent>
		</record>
		<record num="114">
			<tid>130</tid>
			<parent>91</parent>
		</record>
		<record num="115">
			<tid>131</tid>
			<parent>2</parent>
		</record>
		<record num="116">
			<tid>132</tid>
			<parent>91</parent>
		</record>
		<record num="117">
			<tid>133</tid>
			<parent>91</parent>
		</record>
		<record num="118">
			<tid>134</tid>
			<parent>91</parent>
		</record>
		<record num="119">
			<tid>135</tid>
			<parent>91</parent>
		</record>
		<record num="120">
			<tid>136</tid>
			<parent>91</parent>
		</record>
		<record num="121">
			<tid>137</tid>
			<parent>3</parent>
		</record>
		<record num="122">
			<tid>138</tid>
			<parent>59</parent>
		</record>
		<record num="123">
			<tid>139</tid>
			<parent>91</parent>
		</record>
		<record num="124">
			<tid>140</tid>
			<parent>91</parent>
		</record>
		<record num="125">
			<tid>141</tid>
			<parent>21</parent>
		</record>
		<record num="126">
			<tid>142</tid>
			<parent>2</parent>
		</record>
		<record num="127">
			<tid>143</tid>
			<parent>91</parent>
		</record>
		<record num="128">
			<tid>144</tid>
			<parent>91</parent>
		</record>
		<record num="129">
			<tid>145</tid>
			<parent>91</parent>
		</record>
		<record num="130">
			<tid>146</tid>
			<parent>3</parent>
		</record>
		<record num="131">
			<tid>147</tid>
			<parent>2</parent>
		</record>
		<record num="132">
			<tid>148</tid>
			<parent>0</parent>
		</record>
		<record num="133">
			<tid>149</tid>
			<parent>91</parent>
		</record>
		<record num="134">
			<tid>150</tid>
			<parent>148</parent>
		</record>
		<record num="135">
			<tid>151</tid>
			<parent>91</parent>
		</record>
		<record num="136">
			<tid>152</tid>
			<parent>91</parent>
		</record>
		<record num="137">
			<tid>153</tid>
			<parent>59</parent>
		</record>
		<record num="138">
			<tid>154</tid>
			<parent>91</parent>
		</record>
		<record num="139">
			<tid>155</tid>
			<parent>91</parent>
		</record>
		<record num="140">
			<tid>156</tid>
			<parent>59</parent>
		</record>
		<record num="141">
			<tid>157</tid>
			<parent>2</parent>
		</record>
		<record num="142">
			<tid>158</tid>
			<parent>2</parent>
		</record>
		<record num="143">
			<tid>159</tid>
			<parent>2</parent>
		</record>
		<record num="144">
			<tid>160</tid>
			<parent>2</parent>
		</record>
		<record num="145">
			<tid>161</tid>
			<parent>2</parent>
		</record>
		<record num="146">
			<tid>162</tid>
			<parent>59</parent>
		</record>
		<record num="147">
			<tid>163</tid>
			<parent>59</parent>
		</record>
		<record num="148">
			<tid>164</tid>
			<parent>3</parent>
		</record>
		<record num="149">
			<tid>165</tid>
			<parent>91</parent>
		</record>
		<record num="150">
			<tid>166</tid>
			<parent>91</parent>
		</record>
		<record num="151">
			<tid>167</tid>
			<parent>146</parent>
		</record>
		<record num="152">
			<tid>168</tid>
			<parent>59</parent>
		</record>
		<record num="153">
			<tid>169</tid>
			<parent>3</parent>
		</record>
		<record num="154">
			<tid>171</tid>
			<parent>59</parent>
		</record>
		<record num="155">
			<tid>172</tid>
			<parent>32</parent>
		</record>
		<record num="156">
			<tid>173</tid>
			<parent>32</parent>
		</record>
		<record num="157">
			<tid>174</tid>
			<parent>91</parent>
		</record>
		<record num="158">
			<tid>175</tid>
			<parent>91</parent>
		</record>
		<record num="159">
			<tid>176</tid>
			<parent>91</parent>
		</record>
		<record num="160">
			<tid>177</tid>
			<parent>91</parent>
		</record>
		<record num="161">
			<tid>178</tid>
			<parent>91</parent>
		</record>
		<record num="162">
			<tid>179</tid>
			<parent>91</parent>
		</record>
		<record num="163">
			<tid>180</tid>
			<parent>91</parent>
		</record>
		<record num="164">
			<tid>181</tid>
			<parent>91</parent>
		</record>
		<record num="165">
			<tid>182</tid>
			<parent>2</parent>
		</record>
		<record num="166">
			<tid>183</tid>
			<parent>91</parent>
		</record>
		<record num="167">
			<tid>184</tid>
			<parent>59</parent>
		</record>
		<record num="168">
			<tid>185</tid>
			<parent>59</parent>
		</record>
		<record num="169">
			<tid>186</tid>
			<parent>90</parent>
		</record>
		<record num="170">
			<tid>187</tid>
			<parent>91</parent>
		</record>
		<record num="171">
			<tid>188</tid>
			<parent>2</parent>
		</record>
		<record num="172">
			<tid>189</tid>
			<parent>91</parent>
		</record>
		<record num="173">
			<tid>190</tid>
			<parent>2</parent>
		</record>
		<record num="174">
			<tid>191</tid>
			<parent>91</parent>
		</record>
		<record num="175">
			<tid>192</tid>
			<parent>91</parent>
		</record>
		<record num="176">
			<tid>193</tid>
			<parent>59</parent>
		</record>
		<record num="177">
			<tid>194</tid>
			<parent>91</parent>
		</record>
		<record num="178">
			<tid>195</tid>
			<parent>91</parent>
		</record>
		<record num="179">
			<tid>196</tid>
			<parent>91</parent>
		</record>
		<record num="180">
			<tid>198</tid>
			<parent>91</parent>
		</record>
		<record num="181">
			<tid>199</tid>
			<parent>91</parent>
		</record>
		<record num="182">
			<tid>200</tid>
			<parent>90</parent>
		</record>
		<record num="183">
			<tid>201</tid>
			<parent>172</parent>
		</record>
		<record num="184">
			<tid>202</tid>
			<parent>2</parent>
		</record>
		<record num="185">
			<tid>203</tid>
			<parent>91</parent>
		</record>
		<record num="186">
			<tid>204</tid>
			<parent>91</parent>
		</record>
		<record num="187">
			<tid>205</tid>
			<parent>0</parent>
		</record>
		<record num="188">
			<tid>206</tid>
			<parent>0</parent>
		</record>
		<record num="189">
			<tid>207</tid>
			<parent>205</parent>
		</record>
		<record num="190">
			<tid>208</tid>
			<parent>205</parent>
		</record>
		<record num="191">
			<tid>209</tid>
			<parent>205</parent>
		</record>
		<record num="192">
			<tid>210</tid>
			<parent>205</parent>
		</record>
		<record num="193">
			<tid>211</tid>
			<parent>205</parent>
		</record>
		<record num="194">
			<tid>212</tid>
			<parent>205</parent>
		</record>
		<record num="195">
			<tid>213</tid>
			<parent>205</parent>
		</record>
		<record num="196">
			<tid>214</tid>
			<parent>205</parent>
		</record>
		<record num="197">
			<tid>215</tid>
			<parent>205</parent>
		</record>
		<record num="198">
			<tid>216</tid>
			<parent>205</parent>
		</record>
		<record num="199">
			<tid>217</tid>
			<parent>205</parent>
		</record>
		<record num="200">
			<tid>218</tid>
			<parent>205</parent>
		</record>
		<record num="201">
			<tid>219</tid>
			<parent>205</parent>
		</record>
		<record num="202">
			<tid>220</tid>
			<parent>205</parent>
		</record>
		<record num="203">
			<tid>221</tid>
			<parent>205</parent>
		</record>
		<record num="204">
			<tid>222</tid>
			<parent>205</parent>
		</record>
		<record num="205">
			<tid>223</tid>
			<parent>205</parent>
		</record>
		<record num="206">
			<tid>224</tid>
			<parent>205</parent>
		</record>
		<record num="207">
			<tid>225</tid>
			<parent>205</parent>
		</record>
		<record num="208">
			<tid>226</tid>
			<parent>205</parent>
		</record>
		<record num="209">
			<tid>227</tid>
			<parent>205</parent>
		</record>
		<record num="210">
			<tid>228</tid>
			<parent>205</parent>
		</record>
		<record num="211">
			<tid>229</tid>
			<parent>206</parent>
		</record>
		<record num="212">
			<tid>230</tid>
			<parent>206</parent>
		</record>
		<record num="213">
			<tid>231</tid>
			<parent>206</parent>
		</record>
		<record num="214">
			<tid>232</tid>
			<parent>206</parent>
		</record>
		<record num="215">
			<tid>233</tid>
			<parent>206</parent>
		</record>
		<record num="216">
			<tid>234</tid>
			<parent>206</parent>
		</record>
		<record num="217">
			<tid>235</tid>
			<parent>206</parent>
		</record>
		<record num="218">
			<tid>236</tid>
			<parent>206</parent>
		</record>
		<record num="219">
			<tid>237</tid>
			<parent>206</parent>
		</record>
		<record num="220">
			<tid>238</tid>
			<parent>206</parent>
		</record>
		<record num="221">
			<tid>239</tid>
			<parent>206</parent>
		</record>
		<record num="222">
			<tid>240</tid>
			<parent>206</parent>
		</record>
		<record num="223">
			<tid>241</tid>
			<parent>206</parent>
		</record>
		<record num="224">
			<tid>242</tid>
			<parent>206</parent>
		</record>
		<record num="225">
			<tid>243</tid>
			<parent>206</parent>
		</record>
		<record num="226">
			<tid>244</tid>
			<parent>206</parent>
		</record>
		<record num="227">
			<tid>245</tid>
			<parent>206</parent>
		</record>
		<record num="228">
			<tid>246</tid>
			<parent>206</parent>
		</record>
		<record num="229">
			<tid>247</tid>
			<parent>206</parent>
		</record>
		<record num="230">
			<tid>248</tid>
			<parent>206</parent>
		</record>
		<record num="231">
			<tid>249</tid>
			<parent>206</parent>
		</record>
		<record num="232">
			<tid>250</tid>
			<parent>206</parent>
		</record>
		<record num="233">
			<tid>251</tid>
			<parent>206</parent>
		</record>
		<record num="234">
			<tid>252</tid>
			<parent>206</parent>
		</record>
		<record num="235">
			<tid>253</tid>
			<parent>206</parent>
		</record>
		<record num="236">
			<tid>254</tid>
			<parent>206</parent>
		</record>
		<record num="237">
			<tid>255</tid>
			<parent>206</parent>
		</record>
		<record num="238">
			<tid>256</tid>
			<parent>206</parent>
		</record>
		<record num="239">
			<tid>257</tid>
			<parent>0</parent>
		</record>
		<record num="240">
			<tid>258</tid>
			<parent>257</parent>
		</record>
		<record num="241">
			<tid>259</tid>
			<parent>257</parent>
		</record>
		<record num="242">
			<tid>260</tid>
			<parent>257</parent>
		</record>
		<record num="243">
			<tid>261</tid>
			<parent>257</parent>
		</record>
		<record num="244">
			<tid>262</tid>
			<parent>257</parent>
		</record>
		<record num="245">
			<tid>263</tid>
			<parent>257</parent>
		</record>
		<record num="246">
			<tid>264</tid>
			<parent>257</parent>
		</record>
		<record num="247">
			<tid>265</tid>
			<parent>257</parent>
		</record>
		<record num="248">
			<tid>266</tid>
			<parent>257</parent>
		</record>
		<record num="249">
			<tid>267</tid>
			<parent>257</parent>
		</record>
		<record num="250">
			<tid>268</tid>
			<parent>205</parent>
		</record>
</table>
</root>
