<?xml version="1.0" encoding="UTF-8" ?>
<books>

<book>
	<filename>azolskii_anatolii/azolskii_anatolii_belaya_noch.fb2.zip</filename>
	<title>Азольский Анатолий. Белая ночь</title>
</book>
<book>
	<filename>azolskii_anatolii/azolskii_anatolii_diversant.fb2.zip</filename>
	<title>Азольский Анатолий. Диверсант</title>
</book>
<book>
	<filename>azolskii_anatolii/azolskii_anatolii_glasha.fb2.zip</filename>
	<title>Азольский Анатолий. Глаша</title>
</book>
<book>
	<filename>azolskii_anatolii/azolskii_anatolii_kandidat.fb2.zip</filename>
	<title>Азольский Анатолий. Кандидат</title>
</book>
<book>
	<filename>azolskii_anatolii/azolskii_anatolii_krov.fb2.zip</filename>
	<title>Азольский Анатолий. Кровь</title>
</book>
<book>
	<filename>azolskii_anatolii/azolskii_anatolii_lopushok.fb2.zip</filename>
	<title>Азольский Анатолий. Лопушок</title>
</book>
<book>
	<filename>azolskii_anatolii/azolskii_anatolii_monahi.fb2.zip</filename>
	<title>Азольский Анатолий. Монахи</title>
</book>
<book>
	<filename>azolskii_anatolii/azolskii_anatolii_obldramteatr.fb2.zip</filename>
	<title>Азольский Анатолий. Облдрамтеатр</title>
</book>
<book>
	<filename>azolskii_anatolii/azolskii_anatolii_sevastopol_i_dalee.fb2.zip</filename>
	<title>Азольский Анатолий. Севастополь и далее</title>
</book>
<book>
	<filename>azolskii_anatolii/azolskii_anatolii_stepan_sergeich.fb2.zip</filename>
	<title>Азольский Анатолий. Степан Сергеич</title>
</book>
<book>
	<filename>azolskii_anatolii/azolskii_anatolii_svyaznik_rokossovskogo.fb2.zip</filename>
	<title>Азольский Анатолий. Связник Рокоссовского</title>
</book>
<book>
	<filename>azolskii_anatolii/azolskii_anatolii_vmb.fb2.zip</filename>
	<title>Азольский Анатолий. ВМБ</title>
</book>
<book>
	<filename>azolskii_anatolii/azolskii_anatolii_zatyazhnoi_vystrel.fb2.zip</filename>
	<title>Азольский Анатолий. Затяжной выстрел</title>
</book>
<book>
	<filename>azolskii_anatolii/azolskii_anatolii_zhenitba_pobaltiiski.fb2.zip</filename>
	<title>Азольский Анатолий. Женитьба по-балтийски</title>
</book>
<book>
	<filename>azov_mark/azov_mark_vizit_dzhality.fb2.zip</filename>
	<title>Азов Марк. Визит «Джалиты»</title>
</book>

	<book>
		<filename>abdullaev_chingiz/abdullaev_chingiz_festival_dlya_yuzhnogo_goroda.fb2.zip</filename>
		<title> Абдуллаев Чингиз Акифович. Фестиваль для южного города</title>
	</book>
	<book>
		<filename>abdullaev_chingiz/abdullaev_chingiz_horoshie_parni_ne_vsegda_byvayut_pervymi.fb2.zip</filename>
		<title> Абдуллаев Чингиз Акифович. Хорошие парни не всегда бывают первыми</title>
	</book>
	<book>
		<filename>abdullaev_chingiz/abdullaev_chingiz_krah_licedeya.fb2.zip</filename>
		<title> Абдуллаев Чингиз Акифович. Крах лицедея</title>
	</book>
	<book>
		<filename>abdullaev_chingiz/abdullaev_chingiz_lyubit_i_umeret_tolko_v_andorre.fb2.zip</filename>
		<title> Абдуллаев Чингиз Акифович. Любить и умереть только в Андорре</title>
	</book>
	<book>
		<filename>abdullaev_chingiz/abdullaev_chingiz_mechta_diletantov.fb2.zip</filename>
		<title> Абдуллаев Чингиз Акифович. Мечта дилетантов</title>
	</book>
	<book>
		<filename>abdullaev_chingiz/abdullaev_chingiz_mudrost_palacha.fb2.zip</filename>
		<title> Абдуллаев Чингиз Акифович. Мудрость палача</title>
	</book>
	<book>
		<filename>abdullaev_chingiz/abdullaev_chingiz_naslednik_oligarha.fb2.zip</filename>
		<title> Абдуллаев Чингиз Акифович. Наследник олигарха</title>
	</book>
	<book>
		<filename>abdullaev_chingiz/abdullaev_chingiz_oboznachennoe_prisutstvie.fb2.zip</filename>
		<title> Абдуллаев Чингиз Акифович. Обозначенное присутствие</title>
	</book>
	<book>
		<filename>abdullaev_chingiz/abdullaev_chingiz_osuzhdenie_istiny.fb2.zip</filename>
		<title> Абдуллаев Чингиз Акифович. Осуждение истины</title>
	</book>
	<book>
		<filename>abdullaev_chingiz/abdullaev_chingiz_otravitel.fb2.zip</filename>
		<title> Абдуллаев Чингиз Акифович. Отравитель</title>
	</book>
	<book>
		<filename>abdullaev_chingiz/abdullaev_chingiz_polnoe_kare.fb2.zip</filename>
		<title> Абдуллаев Чингиз Акифович. Полное каре</title>
	</book>
	<book>
		<filename>abdullaev_chingiz/abdullaev_chingiz_prilichnyi_chelovek.fb2.zip</filename>
		<title> Абдуллаев Чингиз Акифович. Приличный человек</title>
	</book>
	<book>
		<filename>abdullaev_chingiz/abdullaev_chingiz_samoe_nadezhnoe.fb2.zip</filename>
		<title> Абдуллаев Чингиз Акифович. Самое надежное</title>
	</book>
	<book>
		<filename>abdullaev_chingiz/abdullaev_chingiz_skolko_stoit_million.fb2.zip</filename>
		<title> Абдуллаев Чингиз Акифович. Сколько стоит миллион</title>
	</book>
	<book>
		<filename>abdullaev_chingiz/abdullaev_chingiz_smert_nad_atlantikoi.fb2.zip</filename>
		<title> Абдуллаев Чингиз Акифович. Смерть над Атлантикой</title>
	</book>
	<book>
		<filename>abdullaev_chingiz/abdullaev_chingiz_sreda_obitaniya.fb2.zip</filename>
		<title> Абдуллаев Чингиз Акифович. Среда обитания</title>
	</book>
	<book>
		<filename>abdullaev_chingiz/abdullaev_chingiz_tradicii_demonov.fb2.zip</filename>
		<title> Абдуллаев Чингиз Акифович. Традиции демонов</title>
	</book>
	<book>
		<filename>abdullaev_chingiz/abdullaev_chingiz_v_poiskah_bafosa.fb2.zip</filename>
		<title> Абдуллаев Чингиз Акифович. В поисках бафоса</title>
	</book>
	<book>
		<filename>abdullaev_chingiz/abdullaev_chingiz_vyberi_sebe_smert.fb2.zip</filename>
		<title> Абдуллаев Чингиз Акифович. Выбери себе смерть</title>
	</book>
	<book>
		<filename>abdullaev_chingiz/abdullaev_chingiz_vzglyad_gorgony.fb2.zip</filename>
		<title> Абдуллаев Чингиз Акифович. Взгляд Горгоны</title>
	</book>
	<book>
		<filename>abdullaev_chingiz/abdullaev_chingiz_zabytyi_son.fb2.zip</filename>
		<title> Абдуллаев Чингиз Акифович. Забытый сон</title>
	</book>
	<book>
		<filename>abdullaev_chingiz/abdullaev_chingiz_zlo_v_imeni_tvoem.fb2.zip</filename>
		<title> Абдуллаев Чингиз Акифович. Зло в имени твоем</title>
	</book>
	<book>
		<filename>ablyozgova_olesya/ablyozgova_olesya_shpargalka_po_mezhdunarodnomu_chastnomu_pravu.fb2.zip</filename>
		<title> Аблёзгова Олеся Викторовна. Шпаргалка по международному частному праву</title>
	</book>
	<book>
		<filename>ablyozgova_olesya/ablyozgova_olesya_shpargalka_po_mezhdunarodnomu_pravu.fb2.zip</filename>
		<title> Аблёзгова Олеся Викторовна. Шпаргалка по международному праву</title>
	</book>
	<book>
		<filename>abramova_svetlana/abramova_svetlana_bolezni_kishechnika.fb2.zip</filename>
		<title> Абрамова Светлана. Болезни кишечника</title>
	</book>
	<book>
		<filename>abramov_d/abramov_d_vesennie_lekarstva.fb2.zip</filename>
		<title> Абрамов Д. Б. Весенние лекарства</title>
	</book>
	<book>
		<filename>abramovich_mihail/abramovich_mihail_biznes_poevreiski_67_zolotyh_pravil.fb2.zip</filename>
		<title> Абрамович Михаил Леонидович. Бизнес по-еврейски. 67 золотых правил</title>
	</book>
	<book>
		<filename>abramovich_olga/abramovich_olga_varikoznoe_rasshirenie_ven_travy_kotorye_pomogut_izbezhat_operacii.fb2.zip</filename>
		<title> Абрамович Ольга. Варикозное расширение вен. Травы, которые помогут избежать операции</title>
	</book>
	<book>
		<filename>abutalipov_renat/abutalipov_renat_pk_dlya_veterinarnogo_vracha.fb2.zip</filename>
		<title> Абуталипов Ренат. ПК для ветеринарного врача</title>
	</book>
	<book>
		<filename>afanasev_aleksandr/afanasev_aleksandr_bogi_sut_predki_nashi.fb2.zip</filename>
		<title> Афанасьев Александр Николаевич. Боги – суть предки наши</title>
	</book>
	<book>
		<filename>afanasev_aleksandr/afanasev_aleksandr_slavyanskie_kolduny_i_ih_svita.fb2.zip</filename>
		<title> Афанасьев Александр Николаевич. Славянские колдуны и их свита</title>
	</book>
	<book>
		<filename>afanaseva_olga/afanaseva_olga_perekis_vodoroda_prirodnoe_lekarstvo.fb2.zip</filename>
		<title> Афанасьева Ольга. Перекись водорода – природное лекарство</title>
	</book>
	<book>
		<filename>afanasev_roman/afanasev_roman_animaciya.fb2.zip</filename>
		<title> Афанасьев Роман. Анимация</title>
	</book>
	<book>
		<filename>afanasev_roman/afanasev_roman_dom_rodnoi.fb2.zip</filename>
		<title> Афанасьев Роман. Дом родной</title>
	</book>
	<book>
		<filename>afanasev_roman/afanasev_roman_dva_nulya.fb2.zip</filename>
		<title> Афанасьев Роман. Два нуля</title>
	</book>
	<book>
		<filename>afanasev_roman/afanasev_roman_lunnye_igry.fb2.zip</filename>
		<title> Афанасьев Роман. Лунные игры</title>
	</book>
	<book>
		<filename>afanasev_roman/afanasev_roman_mezhdu_zemlei_i_nebom.fb2.zip</filename>
		<title> Афанасьев Роман. Между землей и небом</title>
	</book>
	<book>
		<filename>afanasev_roman/afanasev_roman_oboroten.fb2.zip</filename>
		<title> Афанасьев Роман. Оборотень</title>
	</book>
	<book>
		<filename>afanasev_roman/afanasev_roman_ognennyi_dozhd.fb2.zip</filename>
		<title> Афанасьев Роман. Огненный дождь</title>
	</book>
	<book>
		<filename>afanasev_roman/afanasev_roman_ohotniki_nochnogo_goroda.fb2.zip</filename>
		<title> Афанасьев Роман. Охотники ночного города</title>
	</book>
	<book>
		<filename>afanasev_roman/afanasev_roman_stervyatniki_zvezdnyh_dorog.fb2.zip</filename>
		<title> Афанасьев Роман. Стервятники звездных дорог</title>
	</book>
	<book>
		<filename>afanasev_roman/afanasev_roman_tam_gde_raduga_vstrechaetsya_s_zemlei.fb2.zip</filename>
		<title> Афанасьев Роман. Там, где радуга встречается с землей</title>
	</book>
	<book>
		<filename>afanasev_roman/afanasev_roman_vecher_teplyi_vecher_talyi.fb2.zip</filename>
		<title> Афанасьев Роман. Вечер теплый, вечер талый.</title>
	</book>
	<book>
		<filename>afanasev_roman/afanasev_roman_voina_chudovish.fb2.zip</filename>
		<title> Афанасьев Роман. Война чудовищ</title>
	</book>
	<book>
		<filename>afanasev_roman/afanasev_roman_voin_dobra.fb2.zip</filename>
		<title> Афанасьев Роман. Воин Добра</title>
	</book>
	<book>
		<filename>afanasev_roman/afanasev_roman_zamknutyi_krug.fb2.zip</filename>
		<title> Афанасьев Роман. Замкнутый круг</title>
	</book>
	<book>
		<filename>afanasev_roman/afanasev_roman_znak_chudovisha.fb2.zip</filename>
		<title> Афанасьев Роман. Знак чудовища</title>
	</book>
	<book>
		<filename>afonchikov_vyacheslav/afonchikov_vyacheslav_poteryannyi_shpion.fb2.zip</filename>
		<title> Афончиков Вячеслав. Потерянный шпион</title>
	</book>
	<book>
		<filename>afonina_alla/afonina_alla_pravovedenie_shpargalka.fb2.zip</filename>
		<title> Афонина Алла Владимировна. Правоведение. Шпаргалка</title>
	</book>
	<book>
		<filename>afonina_alla/afonina_alla_shpargalka_po_pravovedeniyu.fb2.zip</filename>
		<title> Афонина Алла Владимировна. Шпаргалка по правоведению</title>
	</book>
	<book>
		<filename>afonina_alla/afonina_alla_zhilishnye_sertifikaty_dlya_voennosluzhashih.fb2.zip</filename>
		<title> Афонина Алла Владимировна. Жилищные сертификаты для военнослужащих</title>
	</book>
	<book>
		<filename>agafonov_vladimir/agafonov_vladimir_kriminalistika_konspekt_lekcii.fb2.zip</filename>
		<title> Агафонов Владимир Васильевич. Криминалистика: конспект лекций</title>
	</book>
	<book>
		<filename>agapova_o/agapova_o_chudesa_iz_mikrovolnovki_luchshie_recepty.fb2.zip</filename>
		<title> Агапова О. Ю. Чудеса из микроволновки. Лучшие рецепты</title>
	</book>
	<book>
		<filename>agapova_o/agapova_o_kremlevskie_salaty_i_salatiki_vkusno_i_prosto.fb2.zip</filename>
		<title> Агапова О. Ю. Кремлевские салаты и салатики. Вкусно и просто!</title>
	</book>
	<book>
		<filename>ageshkina_natalya/ageshkina_natalya_zashita_interesov_shkolnikov_i_studentov_pri_poluchenii_obrazovaniya.fb2.zip</filename>
		<title> Агешкина Наталья Александровна. Защита интересов школьников и студентов при получении образования</title>
	</book>
	<book>
		<filename>agurbash_olga/agurbash_olga_febris_yerotika_bilet_v_schastlivuyu_zhizn.fb2.zip</filename>
		<title> Агурбаш Ольга. Febris эротика. Билет в счастливую жизнь</title>
	</book>
	<book>
		<filename>agurbash_olga/agurbash_olga_febris_yerotika.fb2.zip</filename>
		<title> Агурбаш Ольга. Febris эротика</title>
	</book>
	<book>
		<filename>agurbash_olga/agurbash_olga_lyubov_bez_garantii_sbornik.fb2.zip</filename>
		<title> Агурбаш Ольга. Любовь без гарантий (сборник)</title>
	</book>
	<book>
		<filename>agurbash_olga/agurbash_olga_vlyubitsya_online_sbornik.fb2.zip</filename>
		<title> Агурбаш Ольга. Влюбиться on-line (сборник)</title>
	</book>
	<book>
		<filename>ahern_sesiliya/ahern_sesiliya_podarok.fb2.zip</filename>
		<title> Ахерн Сесилия. Подарок</title>
	</book>
	<book>
		<filename>ahetova_o/ahetova_o_prokuratura_i_prokurorskii_nadzor.fb2.zip</filename>
		<title> Ахетова О. С. Прокуратура и прокурорский надзор</title>
	</book>
	<book>
		<filename>ahmadullina_l/ahmadullina_l_stil_zhizni_molodost.fb2.zip</filename>
		<title> Ахмадуллина Л. Г. Стиль жизни – молодость</title>
	</book>
	<book>
		<filename>ahmanov_mihail/ahmanov_mihail_assiriiskie_tanki_u_vrat_memfisa.fb2.zip</filename>
		<title> Ахманов Михаил. Ассирийские танки у врат Мемфиса</title>
	</book>
	<book>
		<filename>ahmanov_mihail/ahmanov_mihail_flibuster_magrib.fb2.zip</filename>
		<title> Ахманов Михаил. Флибустьер. Магриб</title>
	</book>
	<book>
		<filename>ahmanov_mihail/ahmanov_mihail_flibuster_vestindiya.fb2.zip</filename>
		<title> Ахманов Михаил. Флибустьер. Вест-Индия</title>
	</book>
	<book>
		<filename>ahmanov_mihail/ahmanov_mihail_iskusitelnyi_titul.fb2.zip</filename>
		<title> Ахманов Михаил. Искусительный титул</title>
	</book>
	<book>
		<filename>ahmanov_mihail/ahmanov_mihail_kak_postupit_v_amerikanskii_universitet_i_obuchatsya_v_nem_besplatno.fb2.zip</filename>
		<title> Ахманов Михаил. Как поступить в американский университет и обучаться в нем бесплатно</title>
	</book>
	<book>
		<filename>ahmanov_mihail/ahmanov_mihail_kuba_lyubov_moya.fb2.zip</filename>
		<title> Ахманов Михаил. Куба, любовь моя</title>
	</book>
	<book>
		<filename>ahmanov_mihail/ahmanov_mihail_massazhist.fb2.zip</filename>
		<title> Ахманов Михаил. Массажист</title>
	</book>
	<book>
		<filename>ahmanov_mihail/ahmanov_mihail_mech_nad_propastyu.fb2.zip</filename>
		<title> Ахманов Михаил. Меч над пропастью</title>
	</book>
	<book>
		<filename>ahmanov_mihail/ahmanov_mihail_naslednik.fb2.zip</filename>
		<title> Ахманов Михаил. Наследник</title>
	</book>
	<book>
		<filename>ahmanov_mihail/ahmanov_mihail_nayomnik.fb2.zip</filename>
		<title> Ахманов Михаил. Наёмник</title>
	</book>
	<book>
		<filename>ahmanov_mihail/ahmanov_mihail_nedostayushee_zveno.fb2.zip</filename>
		<title> Ахманов Михаил. Недостающее звено</title>
	</book>
	<book>
		<filename>ahmanov_mihail/ahmanov_mihail_oglyanis_prishelcy_ryadom.fb2.zip</filename>
		<title> Ахманов Михаил. Оглянись – пришельцы рядом!</title>
	</book>
	<book>
		<filename>ahmanov_mihail/ahmanov_mihail_patrony_ne_konchayutsya_nikogda_ili_zapiski_ohotnika_na_vampirov.fb2.zip</filename>
		<title> Ахманов Михаил. Патроны не кончаются никогда, или Записки охотника на вампиров</title>
	</book>
	<book>
		<filename>ahmanov_mihail/ahmanov_mihail_prishelcy_iz_kosmosa_i_paranormalnye_yavleniya.fb2.zip</filename>
		<title> Ахманов Михаил. Пришельцы из космоса и паранормальные явления</title>
	</book>
	<book>
		<filename>ahmanov_mihail/ahmanov_mihail_put_v_amerikanskii_universitet.fb2.zip</filename>
		<title> Ахманов Михаил. Путь в американский университет</title>
	</book>
	<book>
		<filename>ahmanov_mihail/ahmanov_mihail_sladkoe_bez_sahara_diabeticheskoe_menyu.fb2.zip</filename>
		<title> Ахманов Михаил. Сладкое без сахара. Диабетическое меню</title>
	</book>
	<book>
		<filename>ahmanov_mihail/ahmanov_mihail_sovety_nachinayushim_literatoram.fb2.zip</filename>
		<title> Ахманов Михаил. Советы начинающим литераторам</title>
	</book>
	<book>
		<filename>ahmanov_mihail/ahmanov_mihail_temnye_nebesa.fb2.zip</filename>
		<title> Ахманов Михаил. Темные небеса</title>
	</book>
	<book>
		<filename>ahmanov_mihail/ahmanov_mihail_voda_kotoruyu_my_pem.fb2.zip</filename>
		<title> Ахманов Михаил. Вода, которую мы пьем</title>
	</book>
	<book>
		<filename>ahmanov_mihail/ahmanov_mihail_vrata_galaktiki.fb2.zip</filename>
		<title> Ахманов Михаил. Врата Галактики</title>
	</book>
	<book>
		<filename>ahmanov_mihail/ahmanov_mihail_zolotoi_svistok_ili_voyazhi_pisatelya_ahmanova.fb2.zip</filename>
		<title> Ахманов Михаил. Золотой свисток, или Вояжи писателя Ахманова</title>
	</book>
	<book>
		<filename>ahmatova_anna/ahmatova_anna_anna_ahmatova_stihotvoreniya.fb2.zip</filename>
		<title> Ахматова Анна Андреевна. Анна Ахматова. Стихотворения</title>
	</book>
	<book>
		<filename>ahmatova_anna/ahmatova_anna_carskoselskaya_poyema_russkii_trianon.fb2.zip</filename>
		<title> Ахматова Анна Андреевна. Царскосельская поэма «Русский Трианон»</title>
	</book>
	<book>
		<filename>ahmatova_anna/ahmatova_anna_chyotki.fb2.zip</filename>
		<title> Ахматова Анна Андреевна. Чётки</title>
	</book>
	<book>
		<filename>ahmatova_anna/ahmatova_anna_izbrannoe.fb2.zip</filename>
		<title> Ахматова Анна Андреевна. Избранное</title>
	</book>
	<book>
		<filename>ahmatova_anna/ahmatova_anna_lirika.fb2.zip</filename>
		<title> Ахматова Анна Андреевна. Лирика</title>
	</book>
	<book>
		<filename>ahmatova_anna/ahmatova_anna_ot_carskoselskih_lip_poyeziya_i_proza.fb2.zip</filename>
		<title> Ахматова Анна Андреевна. От царскосельских лип: Поэзия и проза</title>
	</book>
	<book>
		<filename>ahmatova_anna/ahmatova_anna_poyema_bez_geroya.fb2.zip</filename>
		<title> Ахматова Анна Андреевна. Поэма без героя</title>
	</book>
	<book>
		<filename>ahmatova_anna/ahmatova_anna_rekviem.fb2.zip</filename>
		<title> Ахматова Анна Андреевна. Реквием</title>
	</book>
	<book>
		<filename>ahmatova_anna/ahmatova_anna_serebryanaya_iva.fb2.zip</filename>
		<title> Ахматова Анна Андреевна. Серебряная ива</title>
	</book>
	<book>
		<filename>ahmatova_anna/ahmatova_anna_seroglazyi_korol.fb2.zip</filename>
		<title> Ахматова Анна Андреевна. Сероглазый король</title>
	</book>
	<book>
		<filename>ahmatova_anna/ahmatova_anna_stihotvoreniya_i_poyemy.fb2.zip</filename>
		<title> Ахматова Анна Андреевна. Стихотворения и поэмы</title>
	</book>
	<book>
		<filename>ahmatova_anna/ahmatova_anna_stihov_moih_belaya_staya.fb2.zip</filename>
		<title> Ахматова Анна Андреевна. Стихов моих белая стая</title>
	</book>
	<book>
		<filename>ahmatova_anna/ahmatova_anna_u_samogo_morya.fb2.zip</filename>
		<title> Ахматова Анна Андреевна. У самого моря</title>
	</book>
	<book>
		<filename>ahmatova_anna/ahmatova_anna_vecher.fb2.zip</filename>
		<title> Ахматова Анна Андреевна. Вечер</title>
	</book>
	<book>
		<filename>ahmatova_anna/ahmatova_anna_vse_obeshalo_mne_ego.fb2.zip</filename>
		<title> Ахматова Анна Андреевна. Все обещало мне его</title>
	</book>
	<book>
		<filename>ahmatova_anna/ahmatova_anna_ya_nauchilas_prosto_mudro_zhit.fb2.zip</filename>
		<title> Ахматова Анна Андреевна. Я научилась просто, мудро жить</title>
	</book>
	<book>
		<filename>ahmatova_anna/ahmatova_anna_ya_nauchila_zhenshin_govorit.fb2.zip</filename>
		<title> Ахматова Анна Андреевна. Я научила женщин говорить</title>
	</book>
	<book>
		<filename>aizeks_myeheliya/aizeks_myeheliya_ne_mogu_uiti.fb2.zip</filename>
		<title> Айзекс Мэхелия. Не могу уйти</title>
	</book>
	<book>
		<filename>akim_yakov/akim_yakov_devochka_i_lev_sbornik.fb2.zip</filename>
		<title> Аким Яков. Девочка и лев (сборник)</title>
	</book>
	<book>
		<filename>akim_yakov/akim_yakov_uchitel_taktak_i_ego_raznocvetnaya_shkola.fb2.zip</filename>
		<title> Аким Яков. Учитель Так-Так и его разноцветная школа</title>
	</book>
	<book>
		<filename>aksenov_aleksandr/aksenov_aleksandr_polnaya_yenciklopediya_znaharya.fb2.zip</filename>
		<title> Аксенов Александр Петрович. Полная энциклопедия знахаря</title>
	</book>
	<book>
		<filename>aksenov_aleksandr/aksenov_aleksandr_sglaz_i_porcha.fb2.zip</filename>
		<title> Аксенов Александр Петрович. Сглаз и порча</title>
	</book>
	<book>
		<filename>aksenov_vasilii/aksenov_vasilii_69.fb2.zip</filename>
		<title> Аксенов Василий Павлович. 69</title>
	</book>
	<book>
		<filename>aksenov_vasilii/aksenov_vasilii_aaaa.fb2.zip</filename>
		<title> Аксенов Василий Павлович. АААА</title>
	</book>
	<book>
		<filename>aksenov_vasilii/aksenov_vasilii_avrora_gorelika_sbornik.fb2.zip</filename>
		<title> Аксенов Василий Павлович. Аврора Горелика (сборник)</title>
	</book>
	<book>
		<filename>aksenov_vasilii/aksenov_vasilii_bazar.fb2.zip</filename>
		<title> Аксенов Василий Павлович. Базар</title>
	</book>
	<book>
		<filename>aksenov_vasilii/aksenov_vasilii_dikoi.fb2.zip</filename>
		<title> Аксенов Василий Павлович. Дикой</title>
	</book>
	<book>
		<filename>aksenov_vasilii/aksenov_vasilii_dolina.fb2.zip</filename>
		<title> Аксенов Василий Павлович. Долина</title>
	</book>
	<book>
		<filename>aksenov_vasilii/aksenov_vasilii_dose_moei_materi.fb2.zip</filename>
		<title> Аксенов Василий Павлович. Досье моей матери</title>
	</book>
	<book>
		<filename>aksenov_vasilii/aksenov_vasilii_fizolirika.fb2.zip</filename>
		<title> Аксенов Василий Павлович. Физолирика</title>
	</book>
	<book>
		<filename>aksenov_vasilii/aksenov_vasilii_gibel_pompei.fb2.zip</filename>
		<title> Аксенов Василий Павлович. Гибель Помпеи</title>
	</book>
	<book>
		<filename>aksenov_vasilii/aksenov_vasilii_gibel_pompei_sbornik.fb2.zip</filename>
		<title> Аксенов Василий Павлович. Гибель Помпеи (сборник)</title>
	</book>
	<book>
		<filename>aksenov_vasilii/aksenov_vasilii_globfuturum.fb2.zip</filename>
		<title> Аксенов Василий Павлович. Глоб-Футурум</title>
	</book>
	<book>
		<filename>aksenov_vasilii/aksenov_vasilii_hram.fb2.zip</filename>
		<title> Аксенов Василий Павлович. Храм</title>
	</book>
	<book>
		<filename>aksenov_vasilii/aksenov_vasilii_iz_praktiki_romanostroitelstva.fb2.zip</filename>
		<title> Аксенов Василий Павлович. Из практики романостроительства</title>
	</book>
	<book>
		<filename>aksenov_vasilii/aksenov_vasilii_kesarevo_svechenie.fb2.zip</filename>
		<title> Аксенов Василий Павлович. Кесарево свечение</title>
	</book>
	<book>
		<filename>aksenov_vasilii/aksenov_vasilii_klass_amerika.fb2.zip</filename>
		<title> Аксенов Василий Павлович. Класс Америка</title>
	</book>
	<book>
		<filename>aksenov_vasilii/aksenov_vasilii_korabl_mira_vasilii_chapaev.fb2.zip</filename>
		<title> Аксенов Василий Павлович. Корабль мира «Василий Чапаев»</title>
	</book>
	<book>
		<filename>aksenov_vasilii/aksenov_vasilii_lyubitelyam_basketbola.fb2.zip</filename>
		<title> Аксенов Василий Павлович. Любителям баскетбола</title>
	</book>
	<book>
		<filename>aksenov_vasilii/aksenov_vasilii_lyubov_k_yelektrichestvu_povest_o_leonide_krasine.fb2.zip</filename>
		<title> Аксенов Василий Павлович. Любовь к электричеству: Повесть о Леониде Красине</title>
	</book>
	<book>
		<filename>aksenov_vasilii/aksenov_vasilii_malenkii_kit_lakirovshik_deistvitelnosti.fb2.zip</filename>
		<title> Аксенов Василий Павлович. Маленький кит, лакировщик действительности</title>
	</book>
	<book>
		<filename>aksenov_vasilii/aksenov_vasilii_mestnyi_huligan_abramashvili.fb2.zip</filename>
		<title> Аксенов Василий Павлович. Местный хулиган Абрамашвили</title>
	</book>
	<book>
		<filename>aksenov_vasilii/aksenov_vasilii_million_razluk.fb2.zip</filename>
		<title> Аксенов Василий Павлович. Миллион разлук</title>
	</book>
	<book>
		<filename>aksenov_vasilii/aksenov_vasilii_na_ploshadi_i_za_rekoi.fb2.zip</filename>
		<title> Аксенов Василий Павлович. На площади и за рекой</title>
	</book>
	<book>
		<filename>aksenov_vasilii/aksenov_vasilii_na_polputi_k_lune.fb2.zip</filename>
		<title> Аксенов Василий Павлович. На полпути к Луне</title>
	</book>
	<book>
		<filename>aksenov_vasilii/aksenov_vasilii_negativ_polozhitelnogo_geroya_sbornik.fb2.zip</filename>
		<title> Аксенов Василий Павлович. Негатив положительного героя (Сборник)</title>
	</book>
	<book>
		<filename>aksenov_vasilii/aksenov_vasilii_novyi_sladostnyi_stil.fb2.zip</filename>
		<title> Аксенов Василий Павлович. Новый сладостный стиль</title>
	</book>
	<book>
		<filename>aksenov_vasilii/aksenov_vasilii_pamfilov_v_pamfilii.fb2.zip</filename>
		<title> Аксенов Василий Павлович. Памфилов в Памфилии</title>
	</book>
	<book>
		<filename>aksenov_vasilii/aksenov_vasilii_papa_slozhi.fb2.zip</filename>
		<title> Аксенов Василий Павлович. Папа, сложи!</title>
	</book>
	<book>
		<filename>aksenov_vasilii/aksenov_vasilii_pervyi_otryv_palmer.fb2.zip</filename>
		<title> Аксенов Василий Павлович. Первый отрыв Палмер</title>
	</book>
	<book>
		<filename>aksenov_vasilii/aksenov_vasilii_phd_qe2_and_h2o.fb2.zip</filename>
		<title> Аксенов Василий Павлович. PhD, QE2 and H2O</title>
	</book>
	<book>
		<filename>aksenov_vasilii/aksenov_vasilii_redkie_zemli.fb2.zip</filename>
		<title> Аксенов Василий Павлович. Редкие земли</title>
	</book>
	<book>
		<filename>aksenov_vasilii/aksenov_vasilii_ryzhii_s_togo_dvora.fb2.zip</filename>
		<title> Аксенов Василий Павлович. Рыжий с того двора</title>
	</book>
	<book>
		<filename>aksenov_vasilii/aksenov_vasilii_sensans.fb2.zip</filename>
		<title> Аксенов Василий Павлович. Сен-Санс</title>
	</book>
	<book>
		<filename>aksenov_vasilii/aksenov_vasilii_stena.fb2.zip</filename>
		<title> Аксенов Василий Павлович. Стена</title>
	</book>
	<book>
		<filename>aksenov_vasilii/aksenov_vasilii_superlyuks.fb2.zip</filename>
		<title> Аксенов Василий Павлович. Суперлюкс</title>
	</book>
	<book>
		<filename>aksenov_vasilii/aksenov_vasilii_sviyazhsk.fb2.zip</filename>
		<title> Аксенов Василий Павлович. Свияжск</title>
	</book>
	<book>
		<filename>aksenov_vasilii/aksenov_vasilii_titan_revolyucii.fb2.zip</filename>
		<title> Аксенов Василий Павлович. Титан революции</title>
	</book>
	<book>
		<filename>aksenov_vasilii/aksenov_vasilii_tost_za_shampanskoe.fb2.zip</filename>
		<title> Аксенов Василий Павлович. Тост за Шампанское</title>
	</book>
	<book>
		<filename>aksenov_vasilii/aksenov_vasilii_tovarish_krasivyi_furazhkin.fb2.zip</filename>
		<title> Аксенов Василий Павлович. Товарищ красивый Фуражкин</title>
	</book>
	<book>
		<filename>aksenov_vasilii/aksenov_vasilii_tri_shineli_i_nos.fb2.zip</filename>
		<title> Аксенов Василий Павлович. Три шинели и Нос</title>
	</book>
	<book>
		<filename>aksenov_vasilii/aksenov_vasilii_v_poiskah_zhanra.fb2.zip</filename>
		<title> Аксенов Василий Павлович. В поисках жанра</title>
	</book>
	<book>
		<filename>aksenov_vasilii/aksenov_vasilii_v_raione_ploshadi_dyupon.fb2.zip</filename>
		<title> Аксенов Василий Павлович. В районе площади Дюпон</title>
	</book>
	<book>
		<filename>aksenov_vasilii/aksenov_vasilii_vtoroi_otryv_palmer.fb2.zip</filename>
		<title> Аксенов Василий Павлович. Второй отрыв Палмер</title>
	</book>
	<book>
		<filename>aksenov_vasilii/aksenov_vasilii_yekskursiya.fb2.zip</filename>
		<title> Аксенов Василий Павлович. Экскурсия</title>
	</book>
	<book>
		<filename>aksenov_vasilii/aksenov_vasilii_za_god_do_nachala_voiny.fb2.zip</filename>
		<title> Аксенов Василий Павлович. За год до начала войны</title>
	</book>
	<book>
		<filename>aksenov_vasilii/aksenov_vasilii_zavtraki_43go_goda.fb2.zip</filename>
		<title> Аксенов Василий Павлович. Завтраки 43-го года</title>
	</book>
	<book>
		<filename>aksenov_vasilii/aksenov_vasilii_zvezdnyi_bilet_sbornik.fb2.zip</filename>
		<title> Аксенов Василий Павлович. Звездный билет (сборник)</title>
	</book>

</books>
