<?xml version="1.0" encoding="UTF-8" ?>
<books>
	<book>
		<filename>akunin_boris/akunin_boris_almaznaya_kolesnica.fb2.zip</filename>
		<title> Акунин Борис. Алмазная колесница</title>
	</book>
	<book>
		<filename>akunin_boris/akunin_boris_f_m.fb2.zip</filename>
		<title> Акунин Борис. Ф. М.</title>
	</book>
	<book>
		<filename>akunin_boris/akunin_boris_mladenec_i_chert.fb2.zip</filename>
		<title> Акунин Борис. Младенец и черт</title>
	</book>
	<book>
		<filename>akunin_boris/akunin_boris_muka_razbitogo_serdca.fb2.zip</filename>
		<title> Акунин Борис. Мука разбитого сердца</title>
	</book>
	<book>
		<filename>akunin_boris/akunin_boris_pelagiya_i_chernyi_monah.fb2.zip</filename>
		<title> Акунин Борис. Пелагия и черный монах</title>
	</book>
	<book>
		<filename>akunin_boris/akunin_boris_skazki_dlya_idiotov.fb2.zip</filename>
		<title> Акунин Борис. Сказки для идиотов</title>
	</book>
	<book>
		<filename>akunin_boris/akunin_boris_vneklassnoe_chtenie.fb2.zip</filename>
		<title> Акунин Борис. Внеклассное чтение</title>
	</book>
	<book>
		<filename>albetkova_roza/albetkova_roza_uchimsya_chitat_liricheskoe_proizvedenie.fb2.zip</filename>
		<title> Альбеткова Роза Ивановна. Учимся читать лирическое произведение</title>
	</book>
	<book>
		<filename>aleksandrova_marina/aleksandrova_marina_kolco_strannika.fb2.zip</filename>
		<title> Александрова Марина. Кольцо странника</title>
	</book>
	<book>
		<filename>aleksandrova_marina/aleksandrova_marina_otceubiica.fb2.zip</filename>
		<title> Александрова Марина. Отцеубийца</title>
	</book>
	<book>
		<filename>aleksandrova_marina/aleksandrova_marina_podarok_krestnogo.fb2.zip</filename>
		<title> Александрова Марина. Подарок крестного</title>
	</book>
	<book>
		<filename>aleksandrova_marina/aleksandrova_marina_varyag.fb2.zip</filename>
		<title> Александрова Марина. Варяг</title>
	</book>
	<book>
		<filename>aleksandrova_marina/aleksandrova_marina_volgar.fb2.zip</filename>
		<title> Александрова Марина. Волгарь</title>
	</book>
	<book>
		<filename>aleksandrova_natalya/aleksandrova_natalya_adres_otpravitelya_ad.fb2.zip</filename>
		<title> Александрова Наталья Николаевна. Адрес отправителя – ад</title>
	</book>
	<book>
		<filename>aleksandrova_natalya/aleksandrova_natalya_alibi_dlya_bulterera.fb2.zip</filename>
		<title> Александрова Наталья Николаевна. Алиби для бультерьера</title>
	</book>
	<book>
		<filename>aleksandrova_natalya/aleksandrova_natalya_belka_v_kolese_fortuny.fb2.zip</filename>
		<title> Александрова Наталья Николаевна. Белка в колесе фортуны</title>
	</book>
	<book>
		<filename>aleksandrova_natalya/aleksandrova_natalya_chertik_iz_kofevarki.fb2.zip</filename>
		<title> Александрова Наталья Николаевна. Чертик из кофеварки</title>
	</book>
	<book>
		<filename>aleksandrova_natalya/aleksandrova_natalya_chuzhaya_volya.fb2.zip</filename>
		<title> Александрова Наталья Николаевна. Чужая воля</title>
	</book>
	<book>
		<filename>aleksandrova_natalya/aleksandrova_natalya_cvetok_fikusa.fb2.zip</filename>
		<title> Александрова Наталья Николаевна. Цветок фикуса</title>
	</book>
	<book>
		<filename>aleksandrova_natalya/aleksandrova_natalya_dinarii_kesarya.fb2.zip</filename>
		<title> Александрова Наталья Николаевна. Динарий кесаря</title>
	</book>
	<book>
		<filename>aleksandrova_natalya/aleksandrova_natalya_dnevnik_letuchei_myshi.fb2.zip</filename>
		<title> Александрова Наталья Николаевна. Дневник летучей мыши</title>
	</book>
	<book>
		<filename>aleksandrova_natalya/aleksandrova_natalya_fantazii_ofisnoi_myshki.fb2.zip</filename>
		<title> Александрова Наталья Николаевна. Фантазии офисной мышки</title>
	</book>
	<book>
		<filename>aleksandrova_natalya/aleksandrova_natalya_igra_sluchaya.fb2.zip</filename>
		<title> Александрова Наталья Николаевна. Игра случая</title>
	</book>
	<book>
		<filename>aleksandrova_natalya/aleksandrova_natalya_mnogo_deneg_iz_nichego.fb2.zip</filename>
		<title> Александрова Наталья Николаевна. Много денег из ничего</title>
	</book>
	<book>
		<filename>aleksandrova_natalya/aleksandrova_natalya_novyi_russkii_popugai.fb2.zip</filename>
		<title> Александрова Наталья Николаевна. Новый русский попугай</title>
	</book>
	<book>
		<filename>aleksandrova_natalya/aleksandrova_natalya_pobeg_iz_glamura.fb2.zip</filename>
		<title> Александрова Наталья Николаевна. Побег из гламура</title>
	</book>
	<book>
		<filename>aleksandrova_natalya/aleksandrova_natalya_pogonya_za_tremya_zaicami.fb2.zip</filename>
		<title> Александрова Наталья Николаевна. Погоня за тремя зайцами</title>
	</book>
	<book>
		<filename>aleksandrova_natalya/aleksandrova_natalya_rezident_na_povodke.fb2.zip</filename>
		<title> Александрова Наталья Николаевна. Резидент на поводке</title>
	</book>
	<book>
		<filename>aleksandrova_natalya/aleksandrova_natalya_shag_v_bezdnu.fb2.zip</filename>
		<title> Александрова Наталья Николаевна. Шаг в бездну</title>
	</book>
	<book>
		<filename>aleksandrova_natalya/aleksandrova_natalya_smert_na_podiume.fb2.zip</filename>
		<title> Александрова Наталья Николаевна. Смерть на подиуме</title>
	</book>
	<book>
		<filename>aleksandrova_natalya/aleksandrova_natalya_solo_dlya_chasov_s_sekretom.fb2.zip</filename>
		<title> Александрова Наталья Николаевна. Соло для часов с секретом</title>
	</book>
	<book>
		<filename>aleksandrova_natalya/aleksandrova_natalya_svekrov_po_vyzovu.fb2.zip</filename>
		<title> Александрова Наталья Николаевна. Свекровь по вызову</title>
	</book>
	<book>
		<filename>aleksandrova_natalya/aleksandrova_natalya_svideteli_zhivut_nedolgo.fb2.zip</filename>
		<title> Александрова Наталья Николаевна. Свидетели живут недолго</title>
	</book>
	<book>
		<filename>aleksandrova_natalya/aleksandrova_natalya_taina_chertova_kamnya.fb2.zip</filename>
		<title> Александрова Наталья Николаевна. Тайна чертова камня</title>
	</book>
	<book>
		<filename>aleksandrova_natalya/aleksandrova_natalya_tango_vtroem.fb2.zip</filename>
		<title> Александрова Наталья Николаевна. Танго втроем</title>
	</book>
	<book>
		<filename>aleksandrova_natalya/aleksandrova_natalya_tma_nad_petrogradom.fb2.zip</filename>
		<title> Александрова Наталья Николаевна. Тьма над Петроградом</title>
	</book>
	<book>
		<filename>aleksandrova_natalya/aleksandrova_natalya_tri_kita_i_bychok_v_tomate.fb2.zip</filename>
		<title> Александрова Наталья Николаевна. Три кита и бычок в томате</title>
	</book>
	<book>
		<filename>aleksandrova_natalya/aleksandrova_natalya_trup_v_holodilnike.fb2.zip</filename>
		<title> Александрова Наталья Николаевна. Труп в холодильнике</title>
	</book>
	<book>
		<filename>aleksandrova_natalya/aleksandrova_natalya_ubiistvo_v_spalnom_vagone.fb2.zip</filename>
		<title> Александрова Наталья Николаевна. Убийство в спальном вагоне</title>
	</book>
	<book>
		<filename>aleksandrova_natalya/aleksandrova_natalya_vedmin_koreshok.fb2.zip</filename>
		<title> Александрова Наталья Николаевна. Ведьмин корешок</title>
	</book>
	<book>
		<filename>aleksandrova_natalya/aleksandrova_natalya_vesennee_nastroenie.fb2.zip</filename>
		<title> Александрова Наталья Николаевна. Весеннее настроение</title>
	</book>
	<book>
		<filename>aleksandrova_natalya/aleksandrova_natalya_volchya_sotnya.fb2.zip</filename>
		<title> Александрова Наталья Николаевна. Волчья сотня</title>
	</book>
	<book>
		<filename>aleksandrova_natalya/aleksandrova_natalya_yeto_byl_ne_son.fb2.zip</filename>
		<title> Александрова Наталья Николаевна. Это был не сон</title>
	</book>
	<book>
		<filename>aleksandrova_natalya/aleksandrova_natalya_zakat_na_bosfore.fb2.zip</filename>
		<title> Александрова Наталья Николаевна. Закат на Босфоре</title>
	</book>
	<book>
		<filename>aleksandrova_natalya/aleksandrova_natalya_zaveshanie_alhimika.fb2.zip</filename>
		<title> Александрова Наталья Николаевна. Завещание алхимика</title>
	</book>
	<book>
		<filename>aleksandrova_natalya/aleksandrova_natalya_zavtrak_s_poloniem.fb2.zip</filename>
		<title> Александрова Наталья Николаевна. Завтрак с полонием</title>
	</book>
	<book>
		<filename>aleksandrova_natalya/aleksandrova_natalya_zvonok_s_togo_sveta.fb2.zip</filename>
		<title> Александрова Наталья Николаевна. Звонок с того света</title>
	</book>
	<book>
		<filename>alekseeva_elena/alekseeva_elena_abalkin_leonid_ivanovich_presssekretar_brezhneva.fb2.zip</filename>
		<title> Алексеева Елена Александровна. Абалкин Леонид Иванович. Пресс-секретарь Брежнева</title>
	</book>
	<book>
		<filename>alekseeva_elena/alekseeva_elena_biryukov_dmitrii_dmitrievich_presssekretar_i_p_rybkina.fb2.zip</filename>
		<title> Алексеева Елена Александровна. Бирюков Дмитрий Дмитриевич – пресс-секретарь И. П. Рыбкина</title>
	</book>
	<book>
		<filename>alekseeva_elena/alekseeva_elena_borman_martin_presssekretar_nsdap.fb2.zip</filename>
		<title> Алексеева Елена Александровна. Борман Мартин – пресс-секретарь НСДАП</title>
	</book>
	<book>
		<filename>alekseeva_elena/alekseeva_elena_bragin_aleksandr_presssekretar_regionalnogo_otdeleniya_partii_yabloko.fb2.zip</filename>
		<title> Алексеева Елена Александровна. Брагин Александр. Пресс-секретарь регионального отделения партии «Яблоко»</title>
	</book>
	<book>
		<filename>alekseeva_elena/alekseeva_elena_churkin_vitalii_ivanovichpress_sekretar_yeduarda_shevardnadze.fb2.zip</filename>
		<title> Алексеева Елена Александровна. Чуркин Виталий Иванович.Пресс – секретарь Эдуарда Шеварднадзе</title>
	</book>
	<book>
		<filename>alekseeva_elena/alekseeva_elena_cirlin_evgenii_aleksandrovich_presssekretar_basketbolnogo_kluba_cska.fb2.zip</filename>
		<title> Алексеева Елена Александровна. Цирлин Евгений Александрович – пресс-секретарь Баскетбольного клуба ЦСКА</title>
	</book>
	<book>
		<filename>alekseeva_elena/alekseeva_elena_ditrih_otto_presssekretar_tretego_reiha.fb2.zip</filename>
		<title> Алексеева Елена Александровна. Дитрих Отто – пресс-секретарь Третьего рейха</title>
	</book>
	<book>
		<filename>alekseeva_elena/alekseeva_elena_doroshenko_mihail_presssekretar_kuchmy.fb2.zip</filename>
		<title> Алексеева Елена Александровна. Дорошенко Михаил – пресс-секретарь Кучмы</title>
	</book>
	<book>
		<filename>alekseeva_elena/alekseeva_elena_gerashenko_irina_press_sekretar_yushenko.fb2.zip</filename>
		<title> Алексеева Елена Александровна. Геращенко Ирина. Пресс – секретарь Ющенко</title>
	</book>
	<book>
		<filename>alekseeva_elena/alekseeva_elena_gusev_viktor_mihailovich_presssekretar_sbornoi_po_futbolu.fb2.zip</filename>
		<title> Алексеева Елена Александровна. Гусев Виктор Михайлович – пресс-секретарь сборной по футболу</title>
	</book>
	<book>
		<filename>alekseeva_elena/alekseeva_elena_kinna_patrik_press_sekretar_u_cherchillya.fb2.zip</filename>
		<title> Алексеева Елена Александровна. Кинна Патрик – пресс – секретарь У. Черчилля</title>
	</book>
	<book>
		<filename>alekseeva_elena/alekseeva_elena_levkin_kirill_viktorovich_presssekretar_leningradskogo_gotyep.fb2.zip</filename>
		<title> Алексеева Елена Александровна. Левкин Кирилл Викторович – пресс-секретарь Ленинградского ГОТЭП</title>
	</book>
	<book>
		<filename>alekseeva_elena/alekseeva_elena_merkel_angela_poslednii_presssekretar_pravitelstva_gdr.fb2.zip</filename>
		<title> Алексеева Елена Александровна. Меркель Ангела – последний пресс-секретарь правительства ГДР</title>
	</book>
	<book>
		<filename>alekseeva_elena/alekseeva_elena_mitrofanov_aleksei_valentinovich_presssekretar_frakcii_ldpr.fb2.zip</filename>
		<title> Алексеева Елена Александровна. Митрофанов Алексей Валентинович – пресс-секретарь фракции ЛДПР</title>
	</book>
	<book>
		<filename>alekseeva_elena/alekseeva_elena_pratchett_terri_presssekretar_centralnogo_soveta_yelektrostancii_ssha.fb2.zip</filename>
		<title> Алексеева Елена Александровна. Пратчетт Терри – пресс-секретарь Центрального Совета Электростанций США</title>
	</book>
	<book>
		<filename>alekseeva_elena/alekseeva_elena_shcharanskii_anatolii_borisovich_press_sekretar_sovetskogo_repatriantskogo_dvizheniya.fb2.zip</filename>
		<title> Алексеева Елена Александровна. Щаранский Анатолий Борисович – пресс– секретарь советского репатриантского движения</title>
	</book>
	<book>
		<filename>alekseeva_elena/alekseeva_elena_skardino_mardzhori_presssekretar_myera_nyuijorka_dyevida_dinkinsa.fb2.zip</filename>
		<title> Алексеева Елена Александровна. Скардино Марджори – пресс-секретарь мэра Нью-Йорка Дэвида Динкинса</title>
	</book>
	<book>
		<filename>alekseeva_elena/alekseeva_elena_sorokina_svetlana_innokentevna_presssekretar_rspp.fb2.zip</filename>
		<title> Алексеева Елена Александровна. Сорокина Светлана Иннокентьевна – пресс-секретарь РСПП</title>
	</book>
	<book>
		<filename>alekseeva_elena/alekseeva_elena_sulman_ragnar_presssekretar_alfreda_nobelya.fb2.zip</filename>
		<title> Алексеева Елена Александровна. Сульман Рагнар – пресс-секретарь Альфреда Нобеля</title>
	</book>
	<book>
		<filename>alekseeva_elena/alekseeva_elena_vigilyanskii_vladimir_rukovoditel_presssluzhby_moskovskoi_patriarhii.fb2.zip</filename>
		<title> Алексеева Елена Александровна. Вигилянский Владимир – руководитель Пресс-службы Московской Патриархии</title>
	</book>
	<book>
		<filename>alekseeva_elena/alekseeva_elena_vishnevskii_boris_lazarevich_presssekretar_otdeleniya_rdp_yabloko.fb2.zip</filename>
		<title> Алексеева Елена Александровна. Вишневский Борис Лазаревич – пресс-секретарь отделения РДП «Яблоко»</title>
	</book>
	<book>
		<filename>alekseeva_elena/alekseeva_elena_voskresenskaya_zoya_ivanovna_presssekretar_posolstva_sssr_v_shvecii.fb2.zip</filename>
		<title> Алексеева Елена Александровна. Воскресенская Зоя Ивановна – пресс-секретарь посольства СССР в Швеции</title>
	</book>
	<book>
		<filename>alekseeva_elena/alekseeva_elena_yepstain_brain_presssekretar_bitlz.fb2.zip</filename>
		<title> Алексеева Елена Александровна. Эпстайн Брайн – пресс-секретарь «Битлз»</title>
	</book>
	<book>
		<filename>alekseeva_elena/alekseeva_elena_zamora_rikardo_presssekretar_v_fk_yespanol.fb2.zip</filename>
		<title> Алексеева Елена Александровна. Замора Рикардо – пресс-секретарь в ФК «Эспаньол»</title>
	</book>
	<book>
		<filename>alekseeva_elena/alekseeva_elena_zorge_rihard_presssekretar_nemeckogo_posolstva_v_yaponii.fb2.zip</filename>
		<title> Алексеева Елена Александровна. Зорге Рихард. Пресс-секретарь немецкого посольства в Японии</title>
	</book>
	<book>
		<filename>alekseeva_larisa/alekseeva_larisa_chtoby_zhizn_byla_v_radost_ozdorovitelnye_sovety_dlya_teh_komu_za_50.fb2.zip</filename>
		<title> Алексеева Лариса Владимировна. Чтобы жизнь была в радость. Оздоровительные советы для тех, кому за 50</title>
	</book>
	<book>
		<filename>alekseeva_larisa/alekseeva_larisa_porchaa_my_s_nei_poboremsya_iscelenie_bez_tabletok_i_lekarstv.fb2.zip</filename>
		<title> Алексеева Лариса Владимировна. Порча?...А мы с ней поборемся! Исцеление без таблеток и лекарств</title>
	</book>
	<book>
		<filename>alekseeva_larisa/alekseeva_larisa_v_vashih_rukah_celitelnaya_sila.fb2.zip</filename>
		<title> Алексеева Лариса. В ваших руках целительная сила</title>
	</book>
	<book>
		<filename>alekseeva_nadezhda/alekseeva_nadezhda_bystryi_makiyazh_yeto_prosto.fb2.zip</filename>
		<title> Алексеева Надежда Владимировна. Быстрый макияж – это просто!</title>
	</book>
	<book>
		<filename>alekseev_anatolii/alekseev_anatolii_psihagogika_soyuz_prakticheskoi_psihogigieny_i_psihologii.fb2.zip</filename>
		<title> Алексеев Анатолий Васильевич. Психагогика. Союз практической психогигиены и психологии</title>
	</book>
	<book>
		<filename>alekseev_anatolii/alekseev_anatolii_tainaya_mudrost_podsoznaniya_ili_klyuchi_k_rezervam_psihiki.fb2.zip</filename>
		<title> Алексеев Анатолий Васильевич. Тайная мудрость подсознания, или Ключи к резервам психики</title>
	</book>
	<book>
		<filename>alekseeva_yana/alekseeva_yana_princessy_ognennogo_mira.fb2.zip</filename>
		<title> Алексеева Яна. Принцессы Огненного мира</title>
	</book>
	<book>
		<filename>alekseeva_yana/alekseeva_yana_uchene_svet.fb2.zip</filename>
		<title> Алексеева Яна. Ученье – свет…</title>
	</book>
	<book>
		<filename>alekseev_mihail/alekseev_mihail_hleb_imya_sushestvitelnoe.fb2.zip</filename>
		<title> Алексеев Михаил. Хлеб – имя существительное</title>
	</book>
	<book>
		<filename>alekseev_mihail/alekseev_mihail_moi_stalingrad.fb2.zip</filename>
		<title> Алексеев Михаил. Мой Сталинград</title>
	</book>
	<book>
		<filename>alekseev_sergei/alekseev_sergei_dozhd_iz_vysokih_oblakov.fb2.zip</filename>
		<title> Алексеев Сергей Трофимович. Дождь из высоких облаков</title>
	</book>
	<book>
		<filename>alekseev_sergei/alekseev_sergei_igry_s_hishnikom.fb2.zip</filename>
		<title> Алексеев Сергей Трофимович. Игры с хищником</title>
	</book>
	<book>
		<filename>alekseev_sergei/alekseev_sergei_ot_moskvy_do_berlina.fb2.zip</filename>
		<title> Алексеев Сергей Петрович. От Москвы до Берлина</title>
	</book>
	<book>
		<filename>alekseev_sergei/alekseev_sergei_rastrata.fb2.zip</filename>
		<title> Алексеев Сергей Трофимович. Растрата</title>
	</book>
	<book>
		<filename>alekseev_sergei/alekseev_sergei_rokovoi_srok.fb2.zip</filename>
		<title> Алексеев Сергей Трофимович. Роковой срок</title>
	</book>
	<book>
		<filename>alekseev_sergei/alekseev_sergei_rossiya_my_i_mir.fb2.zip</filename>
		<title> Алексеев Сергей Трофимович. Россия: мы и мир</title>
	</book>
	<book>
		<filename>alekseev_sergei/alekseev_sergei_skorbyashaya_vdova_molilsya_bogu_satana.fb2.zip</filename>
		<title> Алексеев Сергей Трофимович. Скорбящая Вдова (Молился Богу Сатана)</title>
	</book>
	<book>
		<filename>alekseev_sergei/alekseev_sergei_vozvrashenie_kaina.fb2.zip</filename>
		<title> Алексеев Сергей Трофимович. Возвращение Каина</title>
	</book>
	<book>
		<filename>alekseev_yu/alekseev_yu_narod_setu_mezhdu_rossiei_i_yestoniei.fb2.zip</filename>
		<title> Алексеев Ю. Народ Сету: между Россией и Эстонией</title>
	</book>
	<book>
		<filename>aleks_yelen/aleks_yelen_ustat_drug_bez_druga.fb2.zip</filename>
		<title> Алекс Элен. Устать друг без друга</title>
	</book>
	<book>
		<filename>alenova_olga/alenova_olga_chechnya_ryadom_voina_glazami_zhenshiny.fb2.zip</filename>
		<title> Аленова Ольга. Чечня рядом. Война глазами женщины</title>
	</book>
	<book>
		<filename>aleshin_aleksandr/aleshin_aleksandr_tehnicheskoe_obespechenie_bezopasnosti_biznesa.fb2.zip</filename>
		<title> Алешин Александр Н. Техническое обеспечение безопасности бизнеса</title>
	</book>
	<book>
		<filename>aleshina_nataliya/aleshina_nataliya_boleutolyayushii_i_ozdorovitelnyi_massazh_zdorove_v_vashih_rukah.fb2.zip</filename>
		<title> Алешина Наталия Алексеевна. Болеутоляющий и оздоровительный массаж. Здоровье в ваших руках</title>
	</book>
	<book>
		<filename>aleshina_nataliya/aleshina_nataliya_golovnaya_bol_lechenie_i_profilaktika_tradicionnymi_i_netradicionnymi_metodami.fb2.zip</filename>
		<title> Алешина Наталия Алексеевна. Головная боль. Лечение и профилактика традиционными и нетрадиционными методами</title>
	</book>
	<book>
		<filename>aleshkovskii_petr/aleshkovskii_petr_institut_snovidenii.fb2.zip</filename>
		<title> Алешковский Петр. Институт сновидений</title>
	</book>
	<book>
		<filename>aleshkovskii_petr/aleshkovskii_petr_ryba_istoriya_odnoi_migracii.fb2.zip</filename>
		<title> Алешковский Петр. Рыба. История одной миграции</title>
	</book>
	<book>
		<filename>aleshkovskii_yuz/aleshkovskii_yuz_nikolai_nikolaevich.fb2.zip</filename>
		<title> Алешковский Юз. Николай Николаевич</title>
	</book>
	<book>
		<filename>alferova_marianna/alferova_marianna_nebesnaya_tropa.fb2.zip</filename>
		<title> Алферова Марианна Владимировна. Небесная тропа</title>
	</book>
	<book>
		<filename>alferova_marianna/alferova_marianna_sopernik_cezarya.fb2.zip</filename>
		<title> Алферова Марианна Владимировна. Соперник Цезаря</title>
	</book>
	<book>
		<filename>aliev_samit/aliev_samit_zhizn_chelovechkina.fb2.zip</filename>
		<title> Алиев Самит. Жизнь человечкина</title>
	</book>
	<book>
		<filename>alimov_andrei/alimov_andrei_boks_posobie_po_primeneniyu_ili_put_mirnogo_voina.fb2.zip</filename>
		<title> Алимов Андрей. Бокс. Пособие по применению, или Путь мирного воина</title>
	</book>
	<book>
		<filename>alister_deniza/alister_deniza_ne_pokidai_menya.fb2.zip</filename>
		<title> Алистер Дениза. Не покидай меня</title>
	</book>
	<book>
		<filename>alko_vladimir/alko_vladimir_vtoroe_prishestvie_inzhenera_garina.fb2.zip</filename>
		<title> Алько Владимир. Второе пришествие инженера Гарина</title>
	</book>
	<book>
		<filename>alnashev_aleksei/alnashev_aleksei_divo_divnoe.fb2.zip</filename>
		<title> Алнашев Алексей. Диво – Дивное</title>
	</book>
	<book>
		<filename>alnashev_aleksei/alnashev_aleksei_drevo_zhizni_tom_1.fb2.zip</filename>
		<title> Алнашев Алексей. Древо жизни. Том 1</title>
	</book>
	<book>
		<filename>alnashev_aleksei/alnashev_aleksei_kak_remeslo_pravit_zhizn_cheloveka.fb2.zip</filename>
		<title> Алнашев Алексей. Как ремесло правит жизнь человека</title>
	</book>
	<book>
		<filename>alnashev_aleksei/alnashev_aleksei_kak_semya_pomogla_cheloveku_ustroit_svoyu_zhizn.fb2.zip</filename>
		<title> Алнашев Алексей. Как семья помогла человеку устроить свою жизнь</title>
	</book>
	<book>
		<filename>alnashev_aleksei/alnashev_aleksei_molodka.fb2.zip</filename>
		<title> Алнашев Алексей. Молодка</title>
	</book>
	<book>
		<filename>alnashev_aleksei/alnashev_aleksei_mudrost_lyagushki.fb2.zip</filename>
		<title> Алнашев Алексей. Мудрость лягушки</title>
	</book>
	<book>
		<filename>alnashev_aleksei/alnashev_aleksei_nastenka_i_soldat.fb2.zip</filename>
		<title> Алнашев Алексей. Настенька и солдат</title>
	</book>
	<book>
		<filename>alnashev_aleksei/alnashev_aleksei_nedodelok.fb2.zip</filename>
		<title> Алнашев Алексей. Недоделок</title>
	</book>
	<book>
		<filename>alnashev_aleksei/alnashev_aleksei_neposeda_naoborot.fb2.zip</filename>
		<title> Алнашев Алексей. Непоседа – наоборот</title>
	</book>
	<book>
		<filename>alnashev_aleksei/alnashev_aleksei_o_boli.fb2.zip</filename>
		<title> Алнашев Алексей. О боли</title>
	</book>
	<book>
		<filename>alnashev_aleksei/alnashev_aleksei_o_gorshke.fb2.zip</filename>
		<title> Алнашев Алексей. О горшке</title>
	</book>
	<book>
		<filename>alnashev_aleksei/alnashev_aleksei_o_semi_mudrecah_i_o_yunoshe.fb2.zip</filename>
		<title> Алнашев Алексей. О семи мудрецах и о юноше</title>
	</book>
	<book>
		<filename>alnashev_aleksei/alnashev_aleksei_s_chego_zhivoe_nachinalos_drevnyaya_skazka.fb2.zip</filename>
		<title> Алнашев Алексей. С чего живое начиналось: древняя сказка</title>
	</book>
	<book>
		<filename>alnashev_aleksei/alnashev_aleksei_svet_i_tma_drevnyaya_skazka.fb2.zip</filename>
		<title> Алнашев Алексей. Свет и тьма: древняя сказка</title>
	</book>
	<book>
		<filename>alnashev_aleksei/alnashev_aleksei_svet_i_tma.fb2.zip</filename>
		<title> Алнашев Алексей. Свет и тьма</title>
	</book>
	<book>
		<filename>alnashev_aleksei/alnashev_aleksei_svetosolnyshko.fb2.zip</filename>
		<title> Алнашев Алексей. Светосолнышко</title>
	</book>
	<book>
		<filename>alpatova_irina/alpatova_irina_nabor_familnoi_zhesti.fb2.zip</filename>
		<title> Алпатова Ирина. Набор фамильной жести</title>
	</book>
	<book>
		<filename>alpatova_irina/alpatova_irina_rybka_v_solnechnoi_vode.fb2.zip</filename>
		<title> Алпатова Ирина. Рыбка в солнечной воде</title>
	</book>
	<book>
		<filename>alpatov_vladmir/alpatov_vladmir_yaponiya_yazyk_i_kultura.fb2.zip</filename>
		<title> Алпатов Владмир Михайлович. Япония: язык и культура</title>
	</book>
	<book>
		<filename>altynov_sergei/altynov_sergei_angely_vo_broni.fb2.zip</filename>
		<title> Алтынов Сергей Евгеньевич. Ангелы во брони</title>
	</book>
	<book>
		<filename>altynov_sergei/altynov_sergei_armeiskaya_zapoved.fb2.zip</filename>
		<title> Алтынов Сергей Евгеньевич. Армейская заповедь</title>
	</book>
	<book>
		<filename>altynov_sergei/altynov_sergei_bolevoi_priem.fb2.zip</filename>
		<title> Алтынов Сергей Евгеньевич. Болевой прием</title>
	</book>
	<book>
		<filename>altynov_sergei/altynov_sergei_davai_postrelyaem.fb2.zip</filename>
		<title> Алтынов Сергей Евгеньевич. Давай постреляем?</title>
	</book>
	<book>
		<filename>altynov_sergei/altynov_sergei_desantura_razminaetsya.fb2.zip</filename>
		<title> Алтынов Сергей Евгеньевич. Десантура разминается</title>
	</book>
	<book>
		<filename>altynov_sergei/altynov_sergei_dvoe_protiv_sta.fb2.zip</filename>
		<title> Алтынов Сергей Евгеньевич. Двое против ста</title>
	</book>
	<book>
		<filename>altynov_sergei/altynov_sergei_gorod_ledyanyh_bashen.fb2.zip</filename>
		<title> Алтынов Сергей Евгеньевич. Город ледяных башен</title>
	</book>
	<book>
		<filename>altynov_sergei/altynov_sergei_krossvord_dlya_nelegala.fb2.zip</filename>
		<title> Алтынов Сергей Евгеньевич. Кроссворд для нелегала</title>
	</book>
	<book>
		<filename>altynov_sergei/altynov_sergei_krylataya_gvardiya.fb2.zip</filename>
		<title> Алтынов Сергей Евгеньевич. Крылатая гвардия</title>
	</book>
	<book>
		<filename>altynov_sergei/altynov_sergei_maskirovkoi_sedinu_ne_skroesh.fb2.zip</filename>
		<title> Алтынов Сергей Евгеньевич. Маскировкой седину не скроешь</title>
	</book>
	<book>
		<filename>altynov_sergei/altynov_sergei_omerta_desantnika.fb2.zip</filename>
		<title> Алтынов Сергей Евгеньевич. Омерта десантника</title>
	</book>
	<book>
		<filename>altynov_sergei/altynov_sergei_operativnaya_razrabotka.fb2.zip</filename>
		<title> Алтынов Сергей Евгеньевич. Оперативная разработка</title>
	</book>
	<book>
		<filename>altynov_sergei/altynov_sergei_pobedit_lyuboi_cenoi.fb2.zip</filename>
		<title> Алтынов Сергей Евгеньевич. Победить любой ценой</title>
	</book>
	<book>
		<filename>altynov_sergei/altynov_sergei_poslednii_boi_naemnika.fb2.zip</filename>
		<title> Алтынов Сергей Евгеньевич. Последний бой наемника</title>
	</book>
	<book>
		<filename>altynov_sergei/altynov_sergei_predatelei_kaznyat_bez_prigovora.fb2.zip</filename>
		<title> Алтынов Сергей Евгеньевич. Предателей казнят без приговора</title>
	</book>
	<book>
		<filename>altynov_sergei/altynov_sergei_proshai_predatel.fb2.zip</filename>
		<title> Алтынов Сергей Евгеньевич. Прощай, предатель</title>
	</book>
	<book>
		<filename>altynov_sergei/altynov_sergei_russkii_nindzya.fb2.zip</filename>
		<title> Алтынов Сергей Евгеньевич. Русский ниндзя</title>
	</book>
	<book>
		<filename>altynov_sergei/altynov_sergei_snaiper_kontrolnyi_ne_delaet.fb2.zip</filename>
		<title> Алтынов Сергей Евгеньевич. Снайпер контрольный не делает</title>
	</book>
	<book>
		<filename>altynov_sergei/altynov_sergei_zona_osobogo_vnimaniya.fb2.zip</filename>
		<title> Алтынов Сергей Евгеньевич. Зона особого внимания</title>
	</book>
	<book>
		<filename>alvin_dzhuletta/alvin_dzhuletta_muzykalnaya_terapiya_dlya_detei_s_autizmom.fb2.zip</filename>
		<title> Алвин Джульетта. Музыкальная терапия для детей с аутизмом</title>
	</book>
	<book>
		<filename>alzhev_d/alzhev_d_istoriya_i_teoriya_religii_konspekt_lekcii.fb2.zip</filename>
		<title> Альжев Д. В. История и теория религий: конспект лекций</title>
	</book>
	<book>
		<filename>alzhev_d/alzhev_d_socialnaya_pedagogika.fb2.zip</filename>
		<title> Альжев Д. В. Социальная педагогика</title>
	</book>
	<book>
		<filename>alzhev_d/alzhev_d_socialnaya_pedagogika_konspekt_lekcii.fb2.zip</filename>
		<title> Альжев Д. В. Социальная педагогика: конспект лекций</title>
	</book>
	<book>
		<filename>amelin_grigorii/amelin_grigorii_pisma_o_russkoi_poyezii.fb2.zip</filename>
		<title> Амелин Григорий. Письма о русской поэзии</title>
	</book>
	<book>
		<filename>amosova_t/amosova_t_dyhatelnaya_gimnastika_po_strelnikovoi.fb2.zip</filename>
		<title> Амосова Т. Ю. Дыхательная гимнастика по Стрельниковой</title>
	</book>
	<book>
		<filename>ananda_atma/ananda_atma_kultura_sublimacii_opyty_samodostatochnosti.fb2.zip</filename>
		<title> Ананда Атма. Культура сублимации: опыты самодостаточности</title>
	</book>
	<book>
		<filename>ananda_atma/ananda_atma_sakralnaya_aziya_tradicii_i_syuzhety.fb2.zip</filename>
		<title> Ананда Атма. Сакральная Азия: традиции и сюжеты</title>
	</book>
	<book>
		<filename>ananda_atma/ananda_atma_strategiya_samobytnosti_duhovnaya_praktika.fb2.zip</filename>
		<title> Ананда Атма. Стратегия самобытности: духовная практика</title>
	</book>
	<book>
		<filename>ananeva_olesya/ananeva_olesya_gipertoniya.fb2.zip</filename>
		<title> Ананьева Олеся Владимировна. Гипертония</title>
	</book>
	<book>
		<filename>ananeva_olesya/ananeva_olesya_sezonnye_zabolevaniya_zima.fb2.zip</filename>
		<title> Ананьева Олеся Владимировна. Сезонные заболевания. Зима</title>
	</book>
	<book>
		<filename>ananeva_olesya/ananeva_olesya_zdorove_zhenshiny.fb2.zip</filename>
		<title> Ананьева Олеся Владимировна. Здоровье женщины</title>
	</book>
	<book>
		<filename>andersen_tori/andersen_tori_a_potom_budet_utro.fb2.zip</filename>
		<title> Андерсен Тори. А потом будет утро...</title>
	</book>
	<book>
		<filename>andreeva_ekaterina/andreeva_ekaterina_blyuda_iz_myasa_i_pticy.fb2.zip</filename>
		<title> Андреева Екатерина Алексеевна. Блюда из мяса и птицы</title>
	</book>
	<book>
		<filename>andreeva_ekaterina/andreeva_ekaterina_chistotel_luchshie_narodnye_sredstva_lecheniya_zabolevanii.fb2.zip</filename>
		<title> Андреева Екатерина Алексеевна. Чистотел. Лучшие народные средства лечения заболеваний</title>
	</book>
	<book>
		<filename>andreeva_ekaterina/andreeva_ekaterina_fyenshui_na_priusadebnom_uchastke_prakticheskoe_rukovodstvo.fb2.zip</filename>
		<title> Андреева Екатерина Алексеевна. Фэн-шуй на приусадебном участке. Практическое руководство</title>
	</book>
	<book>
		<filename>andreeva_ekaterina/andreeva_ekaterina_hudozhestvennaya_rabota_po_derevu.fb2.zip</filename>
		<title> Андреева Екатерина Алексеевна. Художественная работа по дереву</title>
	</book>
	<book>
		<filename>andreeva_ekaterina/andreeva_ekaterina_kak_izlechit_boli_v_spine_i_bolezni_pozvonochnika_luchshie_proverennye_recepty.fb2.zip</filename>
		<title> Андреева Екатерина Алексеевна. Как излечить боли в спине и болезни позвоночника. Лучшие проверенные рецепты</title>
	</book>
	<book>
		<filename>andreeva_ekaterina/andreeva_ekaterina_lechenie_podorozhnikom.fb2.zip</filename>
		<title> Андреева Екатерина Алексеевна. Лечение подорожником</title>
	</book>
	<book>
		<filename>andreeva_ekaterina/andreeva_ekaterina_lechenie_varikoznogo_rasshireniya_ven_proverennymi_narodnymi_receptami.fb2.zip</filename>
		<title> Андреева Екатерина Алексеевна. Лечение варикозного расширения вен проверенными народными рецептами</title>
	</book>
	<book>
		<filename>andreeva_ekaterina/andreeva_ekaterina_lechenie_zabolevanii_pecheni_i_zhelchnogo_puzyrya.fb2.zip</filename>
		<title> Андреева Екатерина Алексеевна. Лечение заболеваний печени и желчного пузыря</title>
	</book>
	<book>
		<filename>andreeva_ekaterina/andreeva_ekaterina_luchshie_novogodnie_i_rozhdestvenskie_gadaniya.fb2.zip</filename>
		<title> Андреева Екатерина Алексеевна. Лучшие новогодние и рождественские гадания</title>
	</book>
	<book>
		<filename>andreeva_ekaterina/andreeva_ekaterina_pitanie_po_gruppam_krovi_novye_recepty.fb2.zip</filename>
		<title> Андреева Екатерина Алексеевна. Питание по группам крови. Новые рецепты</title>
	</book>
	<book>
		<filename>andreeva_ekaterina/andreeva_ekaterina_zolotoi_us_v_kulinarii_nastoiki_blyuda_iz_ovoshei_vypechka_i_salaty.fb2.zip</filename>
		<title> Андреева Екатерина Алексеевна. Золотой ус в кулинарии. Настойки, блюда из овощей, выпечка и салаты</title>
	</book>
	<book>
		<filename>andreeva_ira/andreeva_ira_furii_na_podokonnike.fb2.zip</filename>
		<title> Андреева Ира. Фурии на подоконнике</title>
	</book>
	<book>
		<filename>andreeva_ira/andreeva_ira_lyubi_menya_bystro.fb2.zip</filename>
		<title> Андреева Ира. Люби меня. Быстро!</title>
	</book>
	<book>
		<filename>andreeva_natalya/andreeva_natalya_512_kilobait_dollarov.fb2.zip</filename>
		<title> Андреева Наталья Вячеславовна. 512 килобайт долларов</title>
	</book>
	<book>
		<filename>andreeva_natalya/andreeva_natalya_metel.fb2.zip</filename>
		<title> Андреева Наталья Вячеславовна. Метель</title>
	</book>
	<book>
		<filename>andreeva_natalya/andreeva_natalya_poprobuite_pozvonit_pozdnee.fb2.zip</filename>
		<title> Андреева Наталья Вячеславовна. Попробуйте позвонить позднее</title>
	</book>
	<book>
		<filename>andreeva_natalya/andreeva_natalya_proigravshemu_dostaetsya_zhizn.fb2.zip</filename>
		<title> Андреева Наталья Вячеславовна. Проигравшему достается жизнь</title>
	</book>
	<book>
		<filename>andreeva_natalya/andreeva_natalya_sto_solnc_v_kaple_sveta.fb2.zip</filename>
		<title> Андреева Наталья Вячеславовна. Сто солнц в капле света</title>
	</book>
	<book>
		<filename>andreeva_valentina/andreeva_valentina_chertovshina_za_svoi_schet.fb2.zip</filename>
		<title> Андреева Валентина Алексеевна. Чертовщина за свой счет</title>
	</book>
	<book>
		<filename>andreeva_valentina/andreeva_valentina_forsazhurnye_obstoyatelstva.fb2.zip</filename>
		<title> Андреева Валентина. Форс-ажурные обстоятельства</title>
	</book>
	<book>
		<filename>andreeva_valentina/andreeva_valentina_kapkan_so_vsemi_udobstvami.fb2.zip</filename>
		<title> Андреева Валентина Алексеевна. Капкан со всеми удобствами</title>
	</book>
	<book>
		<filename>andreeva_valentina/andreeva_valentina_koshmar_na_ulice_s_vyazom.fb2.zip</filename>
		<title> Андреева Валентина Алексеевна. Кошмар на улице с вязом</title>
	</book>
	<book>
		<filename>andreeva_valentina/andreeva_valentina_krestovyi_pohod_v_labirint.fb2.zip</filename>
		<title> Андреева Валентина Алексеевна. Крестовый поход в лабиринт</title>
	</book>
	<book>
		<filename>andreeva_valentina/andreeva_valentina_kruiz_po_lishnim_problemam.fb2.zip</filename>
		<title> Андреева Валентина Алексеевна. Круиз по лишним проблемам</title>
	</book>
	<book>
		<filename>andreeva_valentina/andreeva_valentina_okno_v_evropu.fb2.zip</filename>
		<title> Андреева Валентина Алексеевна. Окно в Европу</title>
	</book>
	<book>
		<filename>andreeva_valentina/andreeva_valentina_po_sekretu_s_togo_sveta.fb2.zip</filename>
		<title> Андреева Валентина Алексеевна. По секрету с того света</title>
	</book>
	<book>
		<filename>andreeva_valentina/andreeva_valentina_sunduk_s_tremya_neizvestnymi.fb2.zip</filename>
		<title> Андреева Валентина Алексеевна. Сундук с тремя неизвестными</title>
	</book>
	<book>
		<filename>andreev_leonid/andreev_leonid_iuda_iskariot_sbornik.fb2.zip</filename>
		<title> Андреев Леонид Николаевич. Иуда Искариот (сборник)</title>
	</book>
	<book>
		<filename>andreev_leonid/andreev_leonid_tak_bylo.fb2.zip</filename>
		<title> Андреев Леонид Николаевич. Так было</title>
	</book>
	<book>
		<filename>andreev_leonid/andreev_leonid_u_okna.fb2.zip</filename>
		<title> Андреев Леонид Николаевич. У окна</title>
	</book>
	<book>
		<filename>andreev_leonid/andreev_leonid_zhili_byli.fb2.zip</filename>
		<title> Андреев Леонид Николаевич. Жили – были</title>
	</book>
	<book>
		<filename>andreev_nikolai/andreev_nikolai_luchshie_iz_mertvyh.fb2.zip</filename>
		<title> Андреев Николай. Лучшие из мертвых</title>
	</book>
	<book>
		<filename>andreev_nikolai/andreev_nikolai_mir_geroev.fb2.zip</filename>
		<title> Андреев Николай. Мир героев</title>
	</book>
	<book>
		<filename>andreev_nikolai/andreev_nikolai_yad_dlya_zhivyh.fb2.zip</filename>
		<title> Андреев Николай. Яд для живых</title>
	</book>
	<book>
		<filename>andreev_sergei/andreev_sergei_federalizaciya_ukrainy.fb2.zip</filename>
		<title> Андреев Сергей. Федерализация Украины</title>
	</book>
	<book>
		<filename>andrei_temnikov_/andrei_temnikov__zverinec_verhnego_mira.fb2.zip</filename>
		<title> Темников Андрей. Зверинец верхнего мира</title>
	</book>
	<book>
		<filename>androsova_irina/androsova_irina_zakolka_ot_shanel.fb2.zip</filename>
		<title> Андросова Ирина. Заколка от Шанель</title>
	</book>
	<book>
		<filename>anikin_daniil/anikin_daniil_istoriya_religii_konspekt_lekcii.fb2.zip</filename>
		<title> Аникин Даниил Александрович. История религии : конспект лекций</title>
	</book>
	<book>
		<filename>anikin_daniil/anikin_daniil_yetika_konspekt_lekcii.fb2.zip</filename>
		<title> Аникин Даниил Александрович. Этика: конспект лекций</title>
	</book>
	<book>
		<filename>anishenkova_elena/anishenkova_elena_artikulyacionnaya_gimnastika_dlya_razvitiya_rechi_doshkolnikov.fb2.zip</filename>
		<title> Анищенкова Елена Степановна. Артикуляционная гимнастика для развития речи дошкольников</title>
	</book>
	<book>
		<filename>anishenkova_elena/anishenkova_elena_logopedicheskaya_ritmika_dlya_razvitiya_rechi_doshkolnikov.fb2.zip</filename>
		<title> Анищенкова Елена Степановна. Логопедическая ритмика для развития речи дошкольников</title>
	</book>
	<book>
		<filename>anishenkova_elena/anishenkova_elena_palchikovaya_gimnastika_dlya_razvitiya_rechi_doshkolnikov.fb2.zip</filename>
		<title> Анищенкова Елена Степановна. Пальчиковая гимнастика для развития речи дошкольников</title>
	</book>
	<book>
		<filename>anishenkova_elena/anishenkova_elena_rechevaya_gimnastika_dlya_razvitiya_rechi_doshkolnikov.fb2.zip</filename>
		<title> Анищенкова Елена Степановна. Речевая гимнастика для развития речи дошкольников</title>
	</book>
	<book>
		<filename>anisimova_irina/anisimova_irina_chudotvornye_pravoslavnye_istochniki_rossii.fb2.zip</filename>
		<title> Анисимова Ирина Олеговна. Чудотворные православные источники России</title>
	</book>
	<book>
		<filename>anisimov_evgenii/anisimov_evgenii_ivan_vi_antonovich.fb2.zip</filename>
		<title> Анисимов Евгений Викторович. Иван VI Антонович</title>
	</book>

</books>
