<?xml version="1.0" encoding="UTF-8" ?>
<books>
<book>
	<filename>adamovich_ales/adamovich_ales_blokadnaya_kniga.fb2.zip</filename>
	<title>Адамович Алесь. Блокадная книга</title>
</book>
<book>
	<filename>adamovich_ales/adamovich_ales_hatynskaya_povest.fb2.zip</filename>
	<title>Адамович Алесь. Хатынская повесть</title>
</book>
<book>
	<filename>adamovich_ales/adamovich_ales_karateli.fb2.zip</filename>
	<title>Адамович Алесь. Каратели</title>
</book>
<book>
	<filename>adams_douglas/adams_douglas_the_hitchhikers_guide_to_the_galaxy.fb2.zip</filename>
	<title>Adams Douglas. The Hitchhiker`s Guide to the Galaxy</title>
</book>
<book>
	<filename>adams_duglas/adams_duglas_detektivnoe_agentstvo_dirka_dzhentli.fb2.zip</filename>
	<title>Адамс Дуглас. Детективное агентство Дирка Джентли</title>
</book>
<book>
	<filename>adams_duglas/adams_duglas_dolgoe_chaepitie.fb2.zip</filename>
	<title>Адамс Дуглас. Долгое чаепитие</title>
</book>
<book>
	<filename>adams_duglas/adams_duglas_putevoditel_hitchhaikera_po_galaktike.fb2.zip</filename>
	<title>Адамс Дуглас. Путеводитель хитч-хайкера по Галактике</title>
</book>
<book>
	<filename>adams_duglas/adams_duglas_restoran_na_krayu_vselennoi.fb2.zip</filename>
	<title>Адамс Дуглас. Ресторан на краю Вселенной</title>
</book>
<book>
	<filename>adams_duglas/adams_duglas_v_osnovnom_bezvredna.fb2.zip</filename>
	<title>Адамс Дуглас. В основном безвредна</title>
</book>
<book>
	<filename>adams_duglas/adams_duglas_vsego_horoshego_i_spasibo_za_rybu.fb2.zip</filename>
	<title>Адамс Дуглас. Всего хорошего, и спасибо за рыбу!</title>
</book>
<book>
	<filename>adams_duglas/adams_duglas_zhizn_vselennaya_i_vse_ostalnoe.fb2.zip</filename>
	<title>Адамс Дуглас. Жизнь, Вселенная и все остальное</title>
</book>
<book>
	<filename>adams_dzhenni/adams_dzhenni_bolshoe_serdce_malenkoi_myshki.fb2.zip</filename>
	<title>Адамс Дженни. Большое сердце маленькой мышки</title>
</book>
<book>
	<filename>adams_dzhenni/adams_dzhenni_klubok_strastei.fb2.zip</filename>
	<title>Адамс Дженни. Клубок страстей</title>
</book>
<book>
	<filename>adams_dzhenni/adams_dzhenni_luchshaya_podruga.fb2.zip</filename>
	<title>Адамс Дженни. Лучшая подруга</title>
</book>
<book>
	<filename>adams_dzhenni/adams_dzhenni_pod_znakom_bliznecov.fb2.zip</filename>
	<title>Адамс Дженни. Под знаком Близнецов</title>
</book>
<book>
	<filename>adams_dzhenni/adams_dzhenni_putem_peremen.fb2.zip</filename>
	<title>Адамс Дженни. Путем перемен</title>
</book>
<book>
	<filename>adams_dzhenni/adams_dzhenni_zapretnye_mechty.fb2.zip</filename>
	<title>Адамс Дженни. Запретные мечты</title>
</book>
<book>
	<filename>adams_dzhessika/adams_dzhessika_email_belayaodinokaya.fb2.zip</filename>
	<title>Адамс Джессика. E-mail: белая@одинокая</title>
</book>
<book>
	<filename>adams_kaili/adams_kaili_byvshie_lyubovnicy.fb2.zip</filename>
	<title>Адамс Кайли. Бывшие любовницы</title>
</book>
<book>
	<filename>adams_kaili/adams_kaili_kak_v_kino.fb2.zip</filename>
	<title>Адамс Кайли. Как в кино</title>
</book>
<book>
	<filename>adams_kaili/adams_kaili_unesi_menya_na_lunu.fb2.zip</filename>
	<title>Адамс Кайли. Унеси меня на луну</title>
</book>
<book>
	<filename>adams_keisi/adams_keisi_karusel_lyubvi.fb2.zip</filename>
	<title>Адамс Кейси. Карусель любви</title>
</book>
<book>
	<filename>adams_klifton/adams_klifton_krasnye_relsy.fb2.zip</filename>
	<title>Адамс Клифтон. Красные рельсы</title>
</book>
<book>
	<filename>adams_kyendis/adams_kyendis_naiti_i_sohranit.fb2.zip</filename>
	<title>Адамс Кэндис. Найти и сохранить</title>
</book>
<book>
	<filename>adams_kyendis/adams_kyendis_v_zolochenoi_kletke.fb2.zip</filename>
	<title>Адамс Кэндис. В золоченой клетке</title>
</book>
<book>
	<filename>adamson_aizek/adamson_aizek_razborki_v_tokio.fb2.zip</filename>
	<title>Адамсон Айзек. Разборки в Токио</title>
</book>
<book>
	<filename>adamson_aizek/adamson_aizek_tysyachi_lic_byentyen.fb2.zip</filename>
	<title>Адамсон Айзек. Тысячи лиц Бэнтэн</title>
</book>
<book>
	<filename>adamson_aizek/adamson_aizek_yeskimo_s_hokkaido.fb2.zip</filename>
	<title>Адамсон Айзек. Эскимо с Хоккайдо</title>
</book>
<book>
	<filename>adamson_dzhoi/adamson_dzhoi_pippa_brosaet_vyzov.fb2.zip</filename>
	<title>Адамсон Джой. Пиппа бросает вызов</title>
</book>
<book>
	<filename>adamson_dzhoi/adamson_dzhoi_pyatnistyi_sfinks.fb2.zip</filename>
	<title>Адамсон Джой. Пятнистый сфинкс</title>
</book>
<book>
	<filename>adamson_dzhoi/adamson_dzhoi_rozhdennaya_svobodnoi.fb2.zip</filename>
	<title>Адамсон Джой. Рожденная свободной</title>
</book>
<book>
	<filename>adamson_dzhoi/adamson_dzhoi_svobodnye_navsegda.fb2.zip</filename>
	<title>Адамсон Джой. Свободные навсегда</title>
</book>
<book>
	<filename>adamson_dzhoi/adamson_dzhoi_zhivushaya_svobodnoi.fb2.zip</filename>
	<title>Адамсон Джой. Живущая свободной</title>
</book>
<book>
	<filename>adams_piter/adams_piter_zagadka_zamka_karentin.fb2.zip</filename>
	<title>Адамс Питер. Загадка замка Карентин</title>
</book>
<book>
	<filename>adams_richard/adams_richard_chumnye_psy.fb2.zip</filename>
	<title>Адамс Ричард. Чумные псы</title>
</book>
<book>
	<filename>adams_richard/adams_richard_obitateli_holmov.fb2.zip</filename>
	<title>Адамс Ричард. Обитатели Холмов</title>
</book>
<book>
	<filename>adams_robert/adams_robert_mechi_konnyh_klanov.fb2.zip</filename>
	<title>Адамс Роберт. Мечи конных кланов</title>
</book>
<book>
	<filename>adam_vilgelm/adam_vilgelm_katastrofa_na_volge.fb2.zip</filename>
	<title>Адам Вильгельм. Катастрофа на Волге</title>
</book>
<book>
	<filename>adeev_evgenii/adeev_evgenii_cena_chesti.fb2.zip</filename>
	<title>Адеев Евгений. Цена чести</title>
</book>
<book>
	<filename>adler_alfred/adler_alfred_nauka_zhit.fb2.zip</filename>
	<title>Адлер Альфред. Наука жить</title>
</book>
<book>
	<filename>adler_bill/adler_bill_perehitrim_malysha.fb2.zip</filename>
	<title>Адлер Билл. Перехитрим малыша</title>
</book>
<book>
	<filename>adler_sonya/adler_sonya_ya_tebya_lyublyu_i_ya_tebya_tozhe_net.fb2.zip</filename>
	<title>Адлер Соня. Я тебя люблю, и я тебя тоже нет</title>
</book>
<book>
	<filename>adler_yelizabet/adler_yelizabet_bogatye_nasleduyut_kniga_1.fb2.zip</filename>
	<title>Адлер Элизабет. Богатые наследуют. Книга 1</title>
</book>
<book>
	<filename>adler_yelizabet/adler_yelizabet_bogatye_nasleduyut_kniga_2.fb2.zip</filename>
	<title>Адлер Элизабет. Богатые наследуют. Книга 2</title>
</book>
<book>
	<filename>adler_yelizabet/adler_yelizabet_bremya_proshlogo.fb2.zip</filename>
	<title>Адлер Элизабет. Бремя прошлого</title>
</book>
<book>
	<filename>adler_yelizabet/adler_yelizabet_dostoyanie_ledi.fb2.zip</filename>
	<title>Адлер Элизабет. Достояние леди</title>
</book>
<book>
	<filename>adler_yelizabet/adler_yelizabet_letuchie_obrazy.fb2.zip</filename>
	<title>Адлер Элизабет. Летучие образы</title>
</book>
<book>
	<filename>adler_yelizabet/adler_yelizabet_naslednicy.fb2.zip</filename>
	<title>Адлер Элизабет. Наследницы</title>
</book>
<book>
	<filename>adler_yelizabet/adler_yelizabet_oprometchivost.fb2.zip</filename>
	<title>Адлер Элизабет. Опрометчивость</title>
</book>
<book>
	<filename>adler_yelizabet/adler_yelizabet_persik.fb2.zip</filename>
	<title>Адлер Элизабет. Персик</title>
</book>
<book>
	<filename>adler_yelizabet/adler_yelizabet_rano_ili_pozdno.fb2.zip</filename>
	<title>Адлер Элизабет. Рано или поздно</title>
</book>
<book>
	<filename>adler_yelizabet/adler_yelizabet_seichas_ili_nikogda.fb2.zip</filename>
	<title>Адлер Элизабет. Сейчас или никогда</title>
</book>
<book>
	<filename>adler_yelizabet/adler_yelizabet_strast_bez_zhalosti.fb2.zip</filename>
	<title>Адлер Элизабет. Страсть без жалости</title>
</book>
<book>
	<filename>adler_yelizabet/adler_yelizabet_taina.fb2.zip</filename>
	<title>Адлер Элизабет. Тайна</title>
</book>
<book>
	<filename>adler_yelizabet/adler_yelizabet_udacha_yeto_zhenshina.fb2.zip</filename>
	<title>Адлер Элизабет. Удача – это женщина</title>
</book>
<book>
	<filename>adronati_irina/adronati_irina_marsh_yekkleziastov.fb2.zip</filename>
	<title>Адронати Ирина. Марш экклезиастов</title>
</book>
<book>
	<filename>adzhalov_vladimir/adzhalov_vladimir_i_on_prishel_itroman.fb2.zip</filename>
	<title>Аджалов Владимир. И Он пришел... IT-роман</title>
</book>
<book>
	<filename>adzhalov_vladimir/adzhalov_vladimir_o_glavnom_itroman.fb2.zip</filename>
	<title>Аджалов Владимир Исфандеярович. О Главном. IT-роман</title>
</book>
<book>
	<filename>adzhiev_marat/adzhiev_marat_raskol.fb2.zip</filename>
	<title>Аджиев Марат. Раскол</title>
</book>
<book>
	<filename>adzhubei_aleksei/adzhubei_aleksei_serebryanaya_koshka_ili_puteshestvie_po_amerike.fb2.zip</filename>
	<title>Аджубей Алексей Иванович. «Серебряная кошка», или путешествие по Америке</title>
</book>
<book>
	<filename>adzopardi_trecca/adzopardi_trecca_ukrytie.fb2.zip</filename>
	<title>Адзопарди Трецца. Укрытие</title>
</book>
<book>
	<filename>afanaseva_elena/afanaseva_elena_ne_bud_duroiru.fb2.zip</filename>
	<title>Афанасьева Елена. ne_bud_duroi.ru</title>
</book>
<book>
	<filename>afanaseva_elena/afanaseva_elena_znak_zmei.fb2.zip</filename>
	<title>Афанасьева Елена. Знак змеи</title>
</book>
<book>
	<filename>afanasev_akim/afanasev_akim_podelki_iz_dereva.fb2.zip</filename>
	<title>Афанасьев Аким Федорович. Поделки из дерева</title>
</book>
<book>
	<filename>afanasev_anatolii/afanasev_anatolii_grazhdanin_tmy.fb2.zip</filename>
	<title>Афанасьев Анатолий. Гражданин тьмы</title>
</book>
<book>
	<filename>afanasev_anatolii/afanasev_anatolii_monstr_sdoh.fb2.zip</filename>
	<title>Афанасьев Анатолий. Монстр сдох</title>
</book>
<book>
	<filename>afanasev_anatolii/afanasev_anatolii_moskovskii_dushegub.fb2.zip</filename>
	<title>Афанасьев Анатолий. Московский душегуб</title>
</book>
<book>
	<filename>afanasev_anatolii/afanasev_anatolii_na_sluzhbe_u_oligarha.fb2.zip</filename>
	<title>Афанасьев Анатолий. На службе у олигарха</title>
</book>
<book>
	<filename>afanasev_anatolii/afanasev_anatolii_uzhas_v_gorode.fb2.zip</filename>
	<title>Афанасьев Анатолий. Ужас в городе</title>
</book>
<book>
	<filename>afanasev_roman/afanasev_roman_astral.fb2.zip</filename>
	<title>Афанасьев Роман. Астрал</title>
</book>
<book>
	<filename>afanasev_roman/afanasev_roman_istochnik_zla.fb2.zip</filename>
	<title>Афанасьев Роман. Источник Зла</title>
</book>
<book>
	<filename>afanasev_roman/afanasev_roman_ognerozhdennyi.fb2.zip</filename>
	<title>Афанасьев Роман. Огнерожденный</title>
</book>
<book>
	<filename>afanasev_roman/afanasev_roman_vtorzhenie.fb2.zip</filename>
	<title>Афанасьев Роман. Вторжение</title>
</book>
<book>
	<filename>afanasev_roman/afanasev_roman_yeksperiment.fb2.zip</filename>
	<title>Афанасьев Роман. Эксперимент</title>
</book>
<book>
	<filename>agaev_samid/agaev_samid_pravila_odinochestva.fb2.zip</filename>
	<title>Агаев Самид Сахибович. Правила одиночества</title>
</book>
<book>
	<filename>agaryshev_anatolii/agaryshev_anatolii_gamal_abdel_naser.fb2.zip</filename>
	<title>Агарышев Анатолий Аркадьевич. Гамаль Абдель Насер</title>
</book>
<book>
	<filename>ageev_mark/ageev_mark_roman_s_kokainom.fb2.zip</filename>
	<title>Агеев Марк. Роман с кокаином</title>
</book>
<book>
	<filename>agnon_shmuyel/agnon_shmuyel_rasskazy.fb2.zip</filename>
	<title>Агнон Шмуэль Иосеф. Рассказы</title>
</book>
<book>
	<filename>agnon_shmuyel/agnon_shmuyel_teila.fb2.zip</filename>
	<title>Агнон Шмуэль Иосеф. Теила</title>
</book>
<book>
	<filename>agnon_shmuyel/agnon_shmuyel_vo_cvete_let.fb2.zip</filename>
	<title>Агнон Шмуэль Иосеф. Во цвете лет</title>
</book>
<book>
	<filename>agnon_shmuyel/agnon_shmuyel_yedo_i_yeinam.fb2.zip</filename>
	<title>Агнон Шмуэль Иосеф. Эдо и Эйнам</title>
</book>
<book>
	<filename>agranovskii_valerii/agranovskii_valerii_radi_edinogo_slova.fb2.zip</filename>
	<title>Аграновский Валерий А. Ради единого слова</title>
</book>
<book>
	<filename>ahern_sesiliya/ahern_sesiliya_ps_ya_lyublyu_tebya.fb2.zip</filename>
	<title>Ахерн Сесилия. P.S. Я люблю тебя</title>
</book>
<book>
	<filename>ahmanov_mihail/ahmanov_mihail_boicy_danveita.fb2.zip</filename>
	<title>Ахманов Михаил. Бойцы Данвейта</title>
</book>
<book>
	<filename>ahmanov_mihail/ahmanov_mihail_dalekii_saikat.fb2.zip</filename>
	<title>Ахманов Михаил. Далекий Сайкат</title>
</book>
<book>
	<filename>ahmanov_mihail/ahmanov_mihail_flibuster.fb2.zip</filename>
	<title>Ахманов Михаил. Флибустьер</title>
</book>
<book>
	<filename>ahmanov_mihail/ahmanov_mihail_kapitan_french_ili_poiski_raya.fb2.zip</filename>
	<title>Ахманов Михаил. Капитан Френч, или Поиски рая</title>
</book>
<book>
	<filename>ahmanov_mihail/ahmanov_mihail_kononov_varvar.fb2.zip</filename>
	<title>Ахманов Михаил. Кононов Варвар</title>
</book>
<book>
	<filename>ahmanov_mihail/ahmanov_mihail_krysolov.fb2.zip</filename>
	<title>Ахманов Михаил. Крысолов</title>
</book>
<book>
	<filename>ahmanov_mihail/ahmanov_mihail_liviec.fb2.zip</filename>
	<title>Ахманов Михаил. Ливиец</title>
</book>
<book>
	<filename>ahmanov_mihail/ahmanov_mihail_otvetnyi_udar.fb2.zip</filename>
	<title>Ахманов Михаил. Ответный удар</title>
</book>
<book>
	<filename>ahmanov_mihail/ahmanov_mihail_poslanec_nebes.fb2.zip</filename>
	<title>Ахманов Михаил. Посланец небес</title>
</book>
<book>
	<filename>ahmanov_mihail/ahmanov_mihail_shutki_bogacha.fb2.zip</filename>
	<title>Ахманов Михаил. Шутки богача</title>
</book>
<book>
	<filename>ahmanov_mihail/ahmanov_mihail_skify_piruyut_na_zakate.fb2.zip</filename>
	<title>Ахманов Михаил. Скифы пируют на закате</title>
</book>
<book>
	<filename>ahmanov_mihail/ahmanov_mihail_soldat_udachi.fb2.zip</filename>
	<title>Ахманов Михаил. Солдат удачи</title>
</book>
<book>
	<filename>ahmanov_mihail/ahmanov_mihail_sreda_obitaniya.fb2.zip</filename>
	<title>Ахманов Михаил. Среда обитания</title>
</book>
<book>
	<filename>ahmanov_mihail/ahmanov_mihail_strannik_prishedshii_izdaleka.fb2.zip</filename>
	<title>Ахманов Михаил. Странник, пришедший издалека</title>
</book>
<book>
	<filename>ahmanov_mihail/ahmanov_mihail_strazh_faraona.fb2.zip</filename>
	<title>Ахманов Михаил. Страж фараона</title>
</book>
<book>
	<filename>ahmanov_mihail/ahmanov_mihail_ten_vetra.fb2.zip</filename>
	<title>Ахманов Mихаил. Тень ветра</title>
</book>
<book>
	<filename>ahmanov_mihail/ahmanov_mihail_ten_zemli.fb2.zip</filename>
	<title>Ахманов Mихаил. Тень Земли</title>
</book>
<book>
	<filename>ahmanov_mihail/ahmanov_mihail_vtorzhenie.fb2.zip</filename>
	<title>Ахманов Михаил. Вторжение</title>
</book>
<book>
	<filename>ahmanov_mihail/ahmanov_mihail_ya_inoplanetyanin.fb2.zip</filename>
	<title>Ахманов Михаил. Я – инопланетянин</title>
</book>
<book>
	<filename>ahmanov_mihail/ahmanov_mihail_zaklinatel_dzhinnov.fb2.zip</filename>
	<title>Ахманов Михаил. Заклинатель джиннов</title>
</book>
<book>
	<filename>ahmedov_rim/ahmedov_rim_odolentrava.fb2.zip</filename>
	<title>Ахмедов Рим Билалович. Одолень-трава</title>
</book>
<book>
	<filename>ahmedov_rim/ahmedov_rim_rasteniya_tvoi_druzya_i_nedrugi.fb2.zip</filename>
	<title>Ахмедов Рим Билалович. Растения — твои друзья и недруги</title>
</book>
<book>
	<filename>ahsharumov_nikolai/ahsharumov_nikolai_koncy_v_vodu.fb2.zip</filename>
	<title>Ахшарумов Николай Дмитриевич. Концы в воду</title>
</book>
<book>
	<filename>ahundova_m/ahundova_m_istoriya_freddi_merkyuri.fb2.zip</filename>
	<title>Ахундова М. В. История Фредди Меркьюри</title>
</book>
<book>
	<filename>aikin_dzhina/aikin_dzhina_chastnoe_rassledovanie.fb2.zip</filename>
	<title>Айкин Джина. Частное расследование</title>
</book>
<book>
	<filename>aikin_dzhina/aikin_dzhina_koldovstvo_glaz.fb2.zip</filename>
	<title>Айкин Джина. Колдовство глаз</title>
</book>
<book>
	<filename>aikin_dzhina/aikin_dzhina_lyubovnoe_safari.fb2.zip</filename>
	<title>Айкин Джина. Любовное сафари</title>
</book>
<book>
	<filename>ail_sharon/ail_sharon_ohota_na_nevestu.fb2.zip</filename>
	<title>Айл Шарон. Охота на невесту</title>
</book>
<book>
	<filename>ailyend_liz/ailyend_liz_kandidat_v_muzhya.fb2.zip</filename>
	<title>Айлэнд Лиз. Кандидат в мужья</title>
</book>
<book>
	<filename>aingorn_a/aingorn_a_ognennaya_liliya.fb2.zip</filename>
	<title>Айнгорн А. Огненная лилия</title>
</book>
<book>
	<filename>aipin_eremei/aipin_eremei_v_okopah_ili_yavlenie_ekateriny_velikoi.fb2.zip</filename>
	<title>Айпин Еремей Данилович. В окопах, или Явление Екатерины Великой</title>
</book>
<book>
	<filename>airish_uilyam/airish_uilyam_chem_zanyatsya_mertvecu.fb2.zip</filename>
	<title>Айриш Уильям. Чем заняться мертвецу</title>
</book>
<book>
	<filename>airish_uilyam/airish_uilyam_okno_vo_dvor.fb2.zip</filename>
	<title>Айриш Уильям. Окно во двор</title>
</book>
<book>
	<filename>airish_uilyam/airish_uilyam_slishkom_horosho_chtoby_umeret.fb2.zip</filename>
	<title>Айриш Уильям. Слишком хорошо, чтобы умереть</title>
</book>
<book>
	<filename>airish_uilyam/airish_uilyam_sobaka_s_derevyannoi_nogoi.fb2.zip</filename>
	<title>Айриш Уильям. Собака с деревянной ногой</title>
</book>
<book>
	<filename>airish_uilyam/airish_uilyam_tancuyushii_detektiv.fb2.zip</filename>
	<title>Айриш Уильям. Танцующий детектив</title>
</book>
<book>
	<filename>airish_uilyam/airish_uilyam_vstrechi_vo_mrake.fb2.zip</filename>
	<title>Айриш Уильям. Встречи во мраке</title>
</book>
<book>
	<filename>airon_shirli/airon_shirli_vernut_krasotu.fb2.zip</filename>
	<title>Айрон Ширли. Вернуть красоту</title>
</book>
<book>
	<filename>airons_monika/airons_monika_belaya_vorona.fb2.zip</filename>
	<title>Айронс Моника. Белая ворона</title>
</book>
<book>
	<filename>airons_monika/airons_monika_familnoe_kolco.fb2.zip</filename>
	<title>Айронс Моника. Фамильное кольцо</title>
</book>
<book>
	<filename>airons_monika/airons_monika_mechta_kazhdoi_zhenshiny.fb2.zip</filename>
	<title>Айронс Моника. Мечта каждой женщины</title>
</book>
<book>
	<filename>airons_monika/airons_monika_o_kolombina.fb2.zip</filename>
	<title>Айронс Моника. О, Коломбина!</title>
</book>
<book>
	<filename>airons_monika/airons_monika_zhazhda_chuda.fb2.zip</filename>
	<title>Айронс Моника. Жажда чуда</title>
</book>
<book>
	<filename>airons_yedvard/airons_yedvard_begstvo_v_ad.fb2.zip</filename>
	<title>Айронс Эдвард. Бегство в ад</title>
</book>
<book>
	<filename>airons_yedvard/airons_yedvard_zadanie_lunnaya_devushka.fb2.zip</filename>
	<title>Айронс Эдвард. Задание: Лунная девушка</title>
</book>
<book>
	<filename>airons_yedvard/airons_yedvard_zadanie_niderlandy.fb2.zip</filename>
	<title>Айронс Эдвард. Задание: Нидерланды</title>
</book>
<book>
	<filename>airons_yedvard/airons_yedvard_zadanie_tokio.fb2.zip</filename>
	<title>Айронс Эдвард. Задание: Токио</title>
</book>
<book>
	<filename>airton_shirli/airton_shirli_ostatsya_navsegda.fb2.zip</filename>
	<title>Айртон Ширли. Остаться навсегда</title>
</book>
<book>
	<filename>airton_shirli/airton_shirli_pocelui_lesli.fb2.zip</filename>
	<title>Айртон Ширли. Поцелуй Лесли</title>
</book>
<book>
	<filename>airton_shirli/airton_shirli_vremenno_i_navsegda.fb2.zip</filename>
	<title>Айртон Ширли. Временно и навсегда</title>
</book>
<book>
	<filename>aisner_maikl/aisner_maikl_krestonosec.fb2.zip</filename>
	<title>Айснер Майкл Александр. Крестоносец</title>
</book>
<book>
	<filename>aitmatov_chingiz/aitmatov_chingiz_beloe_oblako_chingishana.fb2.zip</filename>
	<title>Айтматов Чингиз Торекулович. Белое облако Чингисхана</title>
</book>
<book>
	<filename>aitmatov_chingiz/aitmatov_chingiz_belyi_parohod.fb2.zip</filename>
	<title>Айтматов Чингиз. Белый пароход</title>
</book>
<book>
	<filename>aitmatov_chingiz/aitmatov_chingiz_dzhamilya.fb2.zip</filename>
	<title>Айтматов Чингиз Торекулович. Джамиля</title>
</book>
<book>
	<filename>aitmatov_chingiz/aitmatov_chingiz_i_dolshe_veka_dlitsya_den.fb2.zip</filename>
	<title>Айтматов Чингиз Торекулович. И дольше века длится день</title>
</book>
<book>
	<filename>aitmatov_chingiz/aitmatov_chingiz_licom_k_licu.fb2.zip</filename>
	<title>Айтматов Чингиз Торекулович. Лицом к лицу</title>
</book>
<book>
	<filename>aitmatov_chingiz/aitmatov_chingiz_materinskoe_pole.fb2.zip</filename>
	<title>Айтматов Чингиз Торекулович. Материнское поле</title>
</book>
<book>
	<filename>aitmatov_chingiz/aitmatov_chingiz_pegii_pes_begushii_kraem_morya.fb2.zip</filename>
	<title>Айтматов Чингиз Торекулович. Пегий пес, бегущий краем моря</title>
</book>
<book>
	<filename>aitmatov_chingiz/aitmatov_chingiz_pervyi_uchitel.fb2.zip</filename>
	<title>Айтматов Чингиз Торекулович. Первый учитель</title>
</book>
<book>
	<filename>aitmatov_chingiz/aitmatov_chingiz_plach_pereletnoi_pticy.fb2.zip</filename>
	<title>Айтматов Чингиз Торекулович. Плач перелетной птицы</title>
</book>
<book>
	<filename>aitmatov_chingiz/aitmatov_chingiz_plaha.fb2.zip</filename>
	<title>Айтматов Чингиз Торекулович. Плаха</title>
</book>
<book>
	<filename>aitmatov_chingiz/aitmatov_chingiz_proshai_gulsary.fb2.zip</filename>
	<title>Айтматов Чингиз Торекулович. Прощай, Гульсары!</title>
</book>
<book>
	<filename>aitmatov_chingiz/aitmatov_chingiz_rannie_zhuravli.fb2.zip</filename>
	<title>Айтматов Чингиз Торекулович. Ранние журавли</title>
</book>
<book>
	<filename>aitmatov_chingiz/aitmatov_chingiz_tavro_kassandry.fb2.zip</filename>
	<title>Айтматов Чингиз Торекулович. Тавро Кассандры</title>
</book>
<book>
	<filename>aitmatov_chingiz/aitmatov_chingiz_topolek_moi_v_krasnoi_kosynke.fb2.zip</filename>
	<title>Айтматов Чингиз Торекулович. Тополек мой в красной косынке</title>
</book>
<book>
	<filename>aitmatov_chingiz/aitmatov_chingiz_verblyuzhii_glaz.fb2.zip</filename>
	<title>Айтматов Чингиз Торекулович. Верблюжий глаз</title>
</book>
<book>
	<filename>ai_u_/ai_u__bezhenka.fb2.zip</filename>
	<title>Ай У. Беженка</title>
</book>
<book>
	<filename>aivori_dzhudit/aivori_dzhudit_chudovishe.fb2.zip</filename>
	<title>Айвори Джудит. Чудовище</title>
</book>
<book>
	<filename>aivori_dzhudit/aivori_dzhudit_iskusstvo_soblazna.fb2.zip</filename>
	<title>Айвори Джудит. Искусство соблазна</title>
</book>
<book>
	<filename>aivori_dzhudit/aivori_dzhudit_oprometchivyi_postupok.fb2.zip</filename>
	<title>Айвори Джудит. Опрометчивый поступок</title>
</book>
<book>
	<filename>aivori_dzhudit/aivori_dzhudit_pravo_pervoi_nochi.fb2.zip</filename>
	<title>Айвори Джудит. Право первой ночи</title>
</book>
<book>
	<filename>aivori_dzhudit/aivori_dzhudit_ryzhii_angel.fb2.zip</filename>
	<title>Айвори Джудит. Рыжий ангел</title>
</book>
<book>
	<filename>aivori_dzhudit/aivori_dzhudit_spyashaya_krasavica.fb2.zip</filename>
	<title>Айвори Джудит. Спящая красавица</title>
</book>
<book>
	<filename>aivors_kyetrin/aivors_kyetrin_doroga_v_rai.fb2.zip</filename>
	<title>Айворс Кэтрин. Дорога в рай</title>
</book>
<book>
	<filename>aivors_kyetrin/aivors_kyetrin_ee_pervaya_lyubov.fb2.zip</filename>
	<title>Айворс Кэтрин. Ее первая любовь</title>
</book>
<book>
	<filename>aizeks_myeheliya/aizeks_myeheliya_chuzhaya_zhenshina.fb2.zip</filename>
	<title>Айзекс Мэхелия. Чужая женщина</title>
</book>
<book>
	<filename>aizeks_myeheliya/aizeks_myeheliya_dar_isceleniya.fb2.zip</filename>
	<title>Айзекс Мэхелия. Дар исцеления</title>
</book>
<book>
	<filename>aizeks_myeheliya/aizeks_myeheliya_hizhina_v_rayu.fb2.zip</filename>
	<title>Айзекс Мэхелия. Хижина в раю</title>
</book>
<book>
	<filename>aizeks_myeheliya/aizeks_myeheliya_kto_silnee.fb2.zip</filename>
	<title>Айзекс Мэхелия. Кто сильнее</title>
</book>
<book>
	<filename>aizeks_myeheliya/aizeks_myeheliya_letnyaya_noch.fb2.zip</filename>
	<title>Айзекс Мэхелия. Летняя ночь</title>
</book>
<book>
	<filename>aizeks_myeheliya/aizeks_myeheliya_lyubovnyi_yad.fb2.zip</filename>
	<title>Айзекс Мэхелия. Любовный яд</title>
</book>
<book>
	<filename>aizeks_myeheliya/aizeks_myeheliya_nevolnica_lyubvi.fb2.zip</filename>
	<title>Айзекс Мэхелия. Невольница любви</title>
</book>
<book>
	<filename>aizeks_myeheliya/aizeks_myeheliya_ostrov_ee_lyubvi.fb2.zip</filename>
	<title>Айзекс Мэхелия. Остров ее любви</title>
</book>
<book>
	<filename>aizeks_myeheliya/aizeks_myeheliya_rodnaya_dusha.fb2.zip</filename>
	<title>Айзекс Мэхелия. Родная душа</title>
</book>
<book>
	<filename>aizeks_myeheliya/aizeks_myeheliya_serdechnye_tainy.fb2.zip</filename>
	<title>Айзекс Мэхелия. Сердечные тайны</title>
</book>
<book>
	<filename>aizeks_myeheliya/aizeks_myeheliya_sila_tvoih_char.fb2.zip</filename>
	<title>Айзекс Мэхелия. Сила твоих чар</title>
</book>
<book>
	<filename>aizeks_myeheliya/aizeks_myeheliya_utolenie_strasti.fb2.zip</filename>
	<title>Айзекс Мэхелия. Утоление страсти</title>
</book>
<book>
	<filename>aizeks_myeheliya/aizeks_myeheliya_vernut_sebya.fb2.zip</filename>
	<title>Айзекс Мэхелия. Вернуть себя</title>
</book>
<book>
	<filename>aizeks_myeheliya/aizeks_myeheliya_vozvrashenie_k_zhizni.fb2.zip</filename>
	<title>Айзекс Мэхелия. Возвращение к жизни</title>
</book>
<book>
	<filename>aizeks_myeheliya/aizeks_myeheliya_v_raznye_storony.fb2.zip</filename>
	<title>Айзекс Мэхелия. В разные стороны?</title>
</book>
<book>
	<filename>aizeks_myeheliya/aizeks_myeheliya_vzyat_revansh.fb2.zip</filename>
	<title>Айзекс Мэхелия. Взять реванш</title>
</book>
<book>
	<filename>aizeks_myeheliya/aizeks_myeheliya_zabud_o_proshlom.fb2.zip</filename>
	<title>Айзекс Мэхелия. Забудь о прошлом</title>
</book>
<book>
	<filename>aizenberg_aleksandr/aizenberg_aleksandr_imperium.fb2.zip</filename>
	<title>Айзенберг Александр. Imperium</title>
</book>
<book>
	<filename>aizenberg_larri/aizenberg_larri_vremya_ego_zhizni.fb2.zip</filename>
	<title>Айзенберг Ларри. Время его жизни</title>
</book>
<book>
	<filename>akimov_a/akimov_a_zimnyaya_zherlica.fb2.zip</filename>
	<title>Акимов А. Г. Зимняя жерлица</title>
</book>
<book>
	<filename>akimov_igor/akimov_igor_ballada_ob_ushedshih_na_zadanie.fb2.zip</filename>
	<title>Акимов Игорь Алексеевич. Баллада об ушедших на задание</title>
</book>
<book>
	<filename>akimov_igor/akimov_igor_legenda_o_malom_garnizone.fb2.zip</filename>
	<title>Акимов Игорь Алексеевич. Легенда о малом гарнизоне</title>
</book>
<book>
	<filename>akimushkin_igor/akimushkin_igor_o_volke_i_volkah.fb2.zip</filename>
	<title>Акимушкин Игорь Иванович. О волке и волках</title>
</book>
<book>
	<filename>akimushkin_igor/akimushkin_igor_primaty_morya.fb2.zip</filename>
	<title>Акимушкин Игорь Иванович. Приматы моря</title>
</book>
<book>
	<filename>akimushkin_igor/akimushkin_igor_sledy_nevidannyh_zverei.fb2.zip</filename>
	<title>Акимушкин Игорь Иванович. Следы невиданных зверей</title>
</book>
<book>
	<filename>akimushkin_igor/akimushkin_igor_tropoyu_legend.fb2.zip</filename>
	<title>Акимушкин Игорь Иванович. Тропою легенд</title>
</book>
<book>
	<filename>akindinov_sergei/akindinov_sergei_reanimaciya.fb2.zip</filename>
	<title>Акиндинов Сергей. Реанимация</title>
</book>
<book>
	<filename>akkerman_l/akkerman_l_liki_lyubvi.fb2.zip</filename>
	<title>Аккерман Л. Лики любви</title>
</book>
<book>
	<filename>akopyan_arutyun/akopyan_arutyun_fokusy_na_yestrade.fb2.zip</filename>
	<title>Акопян Арутюн Амаякович. Фокусы на эстраде</title>
</book>
<book>
	<filename>akroid_piter/akroid_piter_chatterton.fb2.zip</filename>
	<title>Акройд Питер. Чаттертон</title>
</book>
<book>
	<filename>akroid_piter/akroid_piter_dom_doktora_di.fb2.zip</filename>
	<title>Акройд Питер. Дом доктора Ди</title>
</book>
<book>
	<filename>akroid_piter/akroid_piter_londonskie_sochiniteli.fb2.zip</filename>
	<title>Акройд Питер. Лондонские сочинители</title>
</book>
<book>
	<filename>akroid_piter/akroid_piter_zaveshanie_oskara_uailda.fb2.zip</filename>
	<title>Акройд Питер. Завещание Оскара Уайльда</title>
</book>
<book>
	<filename>aksakov_ivan/aksakov_ivan_evreiskii_vopros.fb2.zip</filename>
	<title>Аксаков Иван Сергеевич. Еврейский вопрос</title>
</book>
<book>
	<filename>aksakov_sergei/aksakov_sergei_alenkii_cvetochek.fb2.zip</filename>
	<title>Аксаков Сергей Тимофеевич. Аленький цветочек</title>
</book>
<book>
	<filename>aksakov_sergei/aksakov_sergei_detskie_gody_bagrovavnuka.fb2.zip</filename>
	<title>Аксаков Сергей Тимофеевич. Детские годы Багрова-внука</title>
</book>
<book>
	<filename>aksakov_sergei/aksakov_sergei_zapiski_ruzheinogo_ohotnika_orenburgskoi_gubernii.fb2.zip</filename>
	<title>Аксаков Сергей Тимофеевич. Записки ружейного охотника Оренбургской губернии</title>
</book>
<book>
	<filename>aksenichev_oleg/aksenichev_oleg_doroga_na_tmutarakan.fb2.zip</filename>
	<title>Аксеничев Олег. Дорога на Тмутаракань</title>
</book>
<book>
	<filename>aksenichev_oleg/aksenichev_oleg_shelomyan.fb2.zip</filename>
	<title>Аксеничев Олег. Шеломянь</title>
</book>
<book>
	<filename>aksenov_vasilii/aksenov_vasilii_apelsiny_iz_marokko.fb2.zip</filename>
	<title>Аксенов Василий Павлович. Апельсины из Марокко</title>
</book>
<book>
	<filename>aksenov_vasilii/aksenov_vasilii_bumazhnyi_peizazh.fb2.zip</filename>
	<title>Аксенов Василий. Бумажный пейзаж</title>
</book>
<book>
	<filename>aksenov_vasilii/aksenov_vasilii_caplya.fb2.zip</filename>
	<title>Аксенов Василий Павлович. Цапля</title>
</book>
<book>
	<filename>aksenov_vasilii/aksenov_vasilii_kollegi.fb2.zip</filename>
	<title>Аксенов Василий Павлович. Коллеги</title>
</book>
<book>
	<filename>aksenov_vasilii/aksenov_vasilii_kruglye_sutki_nonstop.fb2.zip</filename>
	<title>Аксенов Василий Павлович. Круглые сутки нон-стоп</title>
</book>
<book>
	<filename>aksenov_vasilii/aksenov_vasilii_moi_dedushka_pamyatnik.fb2.zip</filename>
	<title>Аксенов Василий. Мой дедушка — памятник</title>
</book>
<book>
	<filename>aksenov_vasilii/aksenov_vasilii_moskovskaya_saga_pokolenie_zimy.fb2.zip</filename>
	<title>Аксенов Василий. Московская сага. Поколение зимы</title>
</book>
<book>
	<filename>aksenov_vasilii/aksenov_vasilii_moskovskaya_saga_tyurma_i_mir.fb2.zip</filename>
	<title>Аксенов Василий. Московская сага. Тюрьма и мир</title>
</book>
<book>
	<filename>aksenov_vasilii/aksenov_vasilii_moskovskaya_saga_voina_i_tyurma.fb2.zip</filename>
	<title>Аксенов Василий. Московская сага. Война и тюрьма</title>
</book>
<book>
	<filename>aksenov_vasilii/aksenov_vasilii_moskva_kvakva.fb2.zip</filename>
	<title>Аксенов Василий Павлович. Москва Ква-Ква</title>
</book>
<book>
	<filename>aksenov_vasilii/aksenov_vasilii_negativ_polozhitelnogo_geroya.fb2.zip</filename>
	<title>Аксенов Василий Павлович. Негатив положительного героя</title>
</book>
<book>
	<filename>aksenov_vasilii/aksenov_vasilii_ostrov_krym_avtorskaya_redakciya.fb2.zip</filename>
	<title>Аксенов Василий. Остров Крым (авторская редакция)</title>
</book>
<book>
	<filename>aksenov_vasilii/aksenov_vasilii_ostrov_krym.fb2.zip</filename>
	<title>Аксенов Василий. Остров Крым</title>
</book>
<book>
	<filename>aksenov_vasilii/aksenov_vasilii_ozhog.fb2.zip</filename>
	<title>Аксенов Василий. Ожог</title>
</book>
<book>
	<filename>aksenov_vasilii/aksenov_vasilii_pobeda.fb2.zip</filename>
	<title>Аксенов Василий. Победа</title>
</book>
<book>
	<filename>aksenov_vasilii/aksenov_vasilii_pora_moi_drug_pora.fb2.zip</filename>
	<title>Аксенов Василий Павлович. Пора, мой друг, пора</title>
</book>
<book>
	<filename>aksenov_vasilii/aksenov_vasilii_pravo_na_ostrov.fb2.zip</filename>
	<title>Аксенов Василий. Право на остров</title>
</book>
<book>
	<filename>aksenov_vasilii/aksenov_vasilii_randevu.fb2.zip</filename>
	<title>Аксенов Василий. Рандеву</title>
</book>
<book>
	<filename>aksenov_vasilii/aksenov_vasilii_skazhi_izyum.fb2.zip</filename>
	<title>Аксенов Василий Павлович. Скажи изюм</title>
</book>
<book>
	<filename>aksenov_vasilii/aksenov_vasilii_stalnaya_ptica.fb2.zip</filename>
	<title>Аксенов Василий. Стальная птица</title>
</book>
<book>
	<filename>aksenov_vasilii/aksenov_vasilii_sunduchok_v_kotorom_chtoto_stuchit.fb2.zip</filename>
	<title>Аксенов Василий. Сундучок, в котором что-то стучит</title>
</book>
<book>
	<filename>aksenov_vasilii/aksenov_vasilii_volteryancy_i_volteryanki.fb2.zip</filename>
	<title>Аксенов Василий. Вольтерьянцы и вольтерьянки</title>
</book>
<book>
	<filename>aksenov_vasilii/aksenov_vasilii_v_poiskah_grustnogo_byebi.fb2.zip</filename>
	<title>Аксенов Василий. В поисках грустного бэби</title>
</book>
<book>
	<filename>aksenov_vasilii/aksenov_vasilii_vsegda_v_prodazhe.fb2.zip</filename>
	<title>Аксенов Василий Павлович. Всегда в продаже</title>
</book>
<book>
	<filename>aksenov_vasilii/aksenov_vasilii_zatovarennaya_bochkotara.fb2.zip</filename>
	<title>Аксенов Василий. Затоваренная бочкотара</title>
</book>
<book>
	<filename>aksenov_vasilii/aksenov_vasilii_zhal_chto_vas_ne_bylo_s_nami.fb2.zip</filename>
	<title>Аксенов Василий. Жаль, что вас не было с нами</title>
</book>
<book>
	<filename>aksenov_vasilii/aksenov_vasilii_zheltok_yaica.fb2.zip</filename>
	<title>Аксенов Василий Павлович. Желток яйца</title>
</book>
<book>
	<filename>aksenov_vasilii/aksenov_vasilii_zolotaya_nasha_zhelezka.fb2.zip</filename>
	<title>Аксенов Василий. Золотая наша железка</title>
</book>
<book>
	<filename>aksenov_vasilii/aksenov_vasilii_zvezdnyi_bilet.fb2.zip</filename>
	<title>Аксенов Василий. Звездный билет</title>
</book>


</books>
