<?xml version="1.0" encoding="UTF-8" ?>
<books>
<book>
	<filename>andreev_nikolai/andreev_nikolai_ataka_tmy.fb2.zip</filename>
	<title>Андреев Николай. Атака тьмы</title>
</book>
<book>
	<filename>andreev_nikolai/andreev_nikolai_glotok_svobody.fb2.zip</filename>
	<title>Андреев Николай. Глоток свободы</title>
</book>
<book>
	<filename>andreev_nikolai/andreev_nikolai_hishniki_budushego.fb2.zip</filename>
	<title>Андреев Николай. Хищники будущего</title>
</book>
<book>
	<filename>andreev_nikolai/andreev_nikolai_konec_imperii.fb2.zip</filename>
	<title>Андреев Николай. Конец империи</title>
</book>
<book>
	<filename>andreev_nikolai/andreev_nikolai_kovcheg_nadezhdy.fb2.zip</filename>
	<title>Андреев Николай. Ковчег надежды</title>
</book>
<book>
	<filename>andreev_nikolai/andreev_nikolai_metropoliya.fb2.zip</filename>
	<title>Андреев Николай. Метрополия</title>
</book>
<book>
	<filename>andreev_nikolai/andreev_nikolai_naemniki.fb2.zip</filename>
	<title>Андреев Николай. Наемники</title>
</book>
<book>
	<filename>andreev_nikolai/andreev_nikolai_perevorot.fb2.zip</filename>
	<title>Андреев Николай. Переворот</title>
</book>
<book>
	<filename>andreev_nikolai/andreev_nikolai_pervyi_uroven_krovavyi_rassvet.fb2.zip</filename>
	<title>Андреев Николай. Первый уровень. Кровавый рассвет</title>
</book>
<book>
	<filename>andreev_nikolai/andreev_nikolai_pervyi_uroven_soldaty_ponevole.fb2.zip</filename>
	<title>Андреев Николай. Первый уровень. Солдаты поневоле</title>
</book>
<book>
	<filename>andreev_nikolai/andreev_nikolai_poslednyaya_shvatka.fb2.zip</filename>
	<title>Андреев Николай. Последняя схватка</title>
</book>
<book>
	<filename>andreev_nikolai/andreev_nikolai_prolog_rozhdennyi_na_zemle.fb2.zip</filename>
	<title>Андреев Николай. Пролог: Рожденный на Земле</title>
</book>
<book>
	<filename>andreev_nikolai/andreev_nikolai_prolog_smerti_vopreki.fb2.zip</filename>
	<title>Андреев Николай. Пролог. Смерти вопреки</title>
</book>
<book>
	<filename>andreev_nikolai/andreev_nikolai_razvedka_boem.fb2.zip</filename>
	<title>Андреев Николай. Разведка боем</title>
</book>
<book>
	<filename>andreev_nikolai/andreev_nikolai_sektor_mutantov.fb2.zip</filename>
	<title>Андреев Николай. Сектор мутантов</title>
</book>
<book>
	<filename>andreev_nikolai/andreev_nikolai_slepoi_ohotnik.fb2.zip</filename>
	<title>Андреев Николай. Слепой охотник</title>
</book>
<book>
	<filename>andreev_nikolai/andreev_nikolai_stalnaya_kozha.fb2.zip</filename>
	<title>Андреев Николай. Стальная кожа</title>
</book>
<book>
	<filename>andreev_nikolai/andreev_nikolai_voiny_sveta.fb2.zip</filename>
	<title>Андреев Николай. Воины Света</title>
</book>
<book>
	<filename>andreev_nikolai/andreev_nikolai_voskreshenie.fb2.zip</filename>
	<title>Андреев Николай. Воскрешение</title>
</book>
<book>
	<filename>andreev_nikolai/andreev_nikolai_vtorzhenie.fb2.zip</filename>
	<title>Андреев Николай. Вторжение</title>
</book>
<book>
	<filename>andreev_oleg/andreev_oleg_otel.fb2.zip</filename>
	<title>Андреев Олег. Отель</title>
</book>
<book>
	<filename>andreev_oleg/andreev_oleg_televidenie.fb2.zip</filename>
	<title>Андреев Олег. Телевидение</title>
</book>
<book>
	<filename>andreev_oleg/andreev_oleg_uchimsya_chitat_bystro.fb2.zip</filename>
	<title>Андреев Олег. Учимся читать быстро</title>
</book>
<book>
	<filename>andreev_oleg/andreev_oleg_vokzal.fb2.zip</filename>
	<title>Андреев Олег. Вокзал</title>
</book>
<book>
	<filename>andreev_pavel/andreev_pavel_rassypuha.fb2.zip</filename>
	<title>Андреев Павел. Рассыпуха</title>
</book>
<book>
	<filename>andreev_viktor/andreev_viktor_rezervaciya.fb2.zip</filename>
	<title>Андреев Виктор. Резервация</title>
</book>
<book>
	<filename>andreev_yurii/andreev_yurii_iscelenie_cheloveka.fb2.zip</filename>
	<title>Андреев Юрий. Исцеление человека</title>
</book>
<book>
	<filename>andreota_pol/andreota_pol_sladkii_vkus_ognya.fb2.zip</filename>
	<title>Андреота Поль. Сладкий вкус огня</title>
</book>
<book>
	<filename>andrianova_anna/andrianova_anna_dekadans.fb2.zip</filename>
	<title>Андрианова Анна. Декаданс</title>
</book>
<book>
	<filename>andrianova_tatyana/andrianova_tatyana_zdravstvuite_ya_vasha_vedma.fb2.zip</filename>
	<title>Андрианова Татьяна. Здравствуйте, я ваша ведьма!</title>
</book>
<book>
	<filename>andrianov_ilya/andrianov_ilya_atakuyu_vedushego.fb2.zip</filename>
	<title>Андрианов Илья Филиппович. Атакую ведущего!</title>
</book>
<book>
	<filename>andrich_ivo/andrich_ivo_aska_i_volk.fb2.zip</filename>
	<title>Андрич Иво. Аска и волк</title>
</book>
<book>
	<filename>andrich_ivo/andrich_ivo_bairon_v_sintre.fb2.zip</filename>
	<title>Андрич Иво. Байрон в Синтре</title>
</book>
<book>
	<filename>andrich_ivo/andrich_ivo_baryshnya.fb2.zip</filename>
	<title>Андрич Иво. Барышня</title>
</book>
<book>
	<filename>andrich_ivo/andrich_ivo_chorkan_i_shvabochka.fb2.zip</filename>
	<title>Андрич Иво. Чоркан и швабочка</title>
</book>
<book>
	<filename>andrich_ivo/andrich_ivo_deti.fb2.zip</filename>
	<title>Андрич Иво. Дети</title>
</book>
<book>
	<filename>andrich_ivo/andrich_ivo_dvadcatoe_sentyabrya_v_belgrade.fb2.zip</filename>
	<title>Андрич Иво. Двадцатое сентября в Белграде</title>
</book>
<book>
	<filename>andrich_ivo/andrich_ivo_elena_zhenshina_kotoroi_net.fb2.zip</filename>
	<title>Андрич Иво. Елена, женщина, которой нет</title>
</book>
<book>
	<filename>andrich_ivo/andrich_ivo_ispoved.fb2.zip</filename>
	<title>Андрич Иво. Исповедь</title>
</book>
<book>
	<filename>andrich_ivo/andrich_ivo_kafe_titanik.fb2.zip</filename>
	<title>Андрич Иво. Кафе «Титаник»</title>
</book>
<book>
	<filename>andrich_ivo/andrich_ivo_kniga.fb2.zip</filename>
	<title>Андрич Иво. Книга</title>
</book>
<book>
	<filename>andrich_ivo/andrich_ivo_most_na_drine.fb2.zip</filename>
	<title>Андрич Иво. Мост на Дрине</title>
</book>
<book>
	<filename>andrich_ivo/andrich_ivo_most_na_zhepe.fb2.zip</filename>
	<title>Андрич Иво. Мост на Жепе</title>
</book>
<book>
	<filename>andrich_ivo/andrich_ivo_mosty.fb2.zip</filename>
	<title>Андрич Иво. Мосты</title>
</book>
<book>
	<filename>andrich_ivo/andrich_ivo_mustafa_madyar.fb2.zip</filename>
	<title>Андрич Иво. Мустафа Мадьяр</title>
</book>
<book>
	<filename>andrich_ivo/andrich_ivo_napast.fb2.zip</filename>
	<title>Андрич Иво. Напасть</title>
</book>
<book>
	<filename>andrich_ivo/andrich_ivo_nochnoi_razgovor_v_1941_godu.fb2.zip</filename>
	<title>Андрич Иво. Ночной разговор в 1941 году</title>
</book>
<book>
	<filename>andrich_ivo/andrich_ivo_oluyakovcy.fb2.zip</filename>
	<title>Андрич Иво. Олуяковцы</title>
</book>
<book>
	<filename>andrich_ivo/andrich_ivo_pismo_datirovannoe_1920_godom.fb2.zip</filename>
	<title>Андрич Иво. Письмо, датированное 1920 годом</title>
</book>
<book>
	<filename>andrich_ivo/andrich_ivo_povest_o_soli.fb2.zip</filename>
	<title>Андрич Иво. Повесть о соли</title>
</book>
<book>
	<filename>andrich_ivo/andrich_ivo_proklyatyi_dvor.fb2.zip</filename>
	<title>Андрич Иво. Проклятый двор</title>
</book>
<book>
	<filename>andrich_ivo/andrich_ivo_put_alii_dzherzeleza.fb2.zip</filename>
	<title>Андрич Иво. Путь Алии Джерзелеза</title>
</book>
<book>
	<filename>andrich_ivo/andrich_ivo_pytka.fb2.zip</filename>
	<title>Андрич Иво. Пытка</title>
</book>
<book>
	<filename>andrich_ivo/andrich_ivo_rasskaz_o_kmete_simane.fb2.zip</filename>
	<title>Андрич Иво. Рассказ о кмете Симане</title>
</book>
<book>
	<filename>andrich_ivo/andrich_ivo_rasskaz_o_slone_vizirya.fb2.zip</filename>
	<title>Андрич Иво. Рассказ о слоне визиря</title>
</book>
<book>
	<filename>andrich_ivo/andrich_ivo_razgovor_s_goiei.fb2.zip</filename>
	<title>Андрич Иво. Разговор с Гойей</title>
</book>
<book>
	<filename>andrich_ivo/andrich_ivo_rzavskie_holmy.fb2.zip</filename>
	<title>Андрич Иво. Рзавские холмы</title>
</book>
<book>
	<filename>andrich_ivo/andrich_ivo_svadba.fb2.zip</filename>
	<title>Андрич Иво. Свадьба</title>
</book>
<book>
	<filename>andrich_ivo/andrich_ivo_travnickaya_hronika_konsulskie_vremena.fb2.zip</filename>
	<title>Андрич Иво. Травницкая хроника. Консульские времена</title>
</book>
<book>
	<filename>andrich_ivo/andrich_ivo_tropy.fb2.zip</filename>
	<title>Андрич Иво. Тропы</title>
</book>
<book>
	<filename>andrich_ivo/andrich_ivo_tulovishe.fb2.zip</filename>
	<title>Андрич Иво. Туловище</title>
</book>
<book>
	<filename>andrich_ivo/andrich_ivo_u_kotla.fb2.zip</filename>
	<title>Андрич Иво. У котла</title>
</book>
<book>
	<filename>andrich_ivo/andrich_ivo_veletovcy.fb2.zip</filename>
	<title>Андрич Иво. Велетовцы</title>
</book>
<book>
	<filename>andrich_ivo/andrich_ivo_v_musafirhane.fb2.zip</filename>
	<title>Андрич Иво. В мусафирхане</title>
</book>
<book>
	<filename>andrich_ivo/andrich_ivo_vremena_aniki.fb2.zip</filename>
	<title>Андрич Иво. Времена Аники</title>
</book>
<book>
	<filename>andrich_ivo/andrich_ivo_zapertaya_dver.fb2.zip</filename>
	<title>Андрич Иво. Запертая дверь</title>
</book>
<book>
	<filename>andrich_ivo/andrich_ivo_zhazhda.fb2.zip</filename>
	<title>Андрич Иво. Жажда</title>
</book>
<book>
	<filename>andronati_ira/andronati_ira_maloi_krovyu.fb2.zip</filename>
	<title>Андронати Ира. Малой кровью</title>
</book>
<book>
	<filename>andronova_lora/andronova_lora_igra.fb2.zip</filename>
	<title>Андронова Лора. Игра</title>
</book>
<book>
	<filename>andronova_lora/andronova_lora_podnyatsya_na_bashnyu.fb2.zip</filename>
	<title>Андронова Лора. Подняться на башню</title>
</book>
<book>
	<filename>andronova_lora/andronova_lora_skazhi_sabikon.fb2.zip</filename>
	<title>Андронова Лора. Скажи «Сабикон»</title>
</book>
<book>
	<filename>andronova_lora/andronova_lora_voda_okayannaya.fb2.zip</filename>
	<title>Андронова Лора. Вода окаянная</title>
</book>
<book>
	<filename>andruhovich_yurii/andruhovich_yurii_dvanadcyat_obruchiv.fb2.zip</filename>
	<title>Андрухович Юрій. Дванадцять обручів</title>
</book>
<book>
	<filename>andruhovich_yurii/andruhovich_yurii_moskoviada.fb2.zip</filename>
	<title>Андрухович Юрій. Московіада</title>
</book>
<book>
	<filename>andrushka_peter/andrushka_peter_izbrannoe_obshestvo.fb2.zip</filename>
	<title>Андрушка Петер. Избранное общество</title>
</book>
<book>
	<filename>andzhela_uyells/andzhela_uyells_isterzannoe_serdce.fb2.zip</filename>
	<title>Анджела Уэллс. Истерзанное сердце</title>
</book>
<book>
	<filename>anello_dzhanmariya/anello_dzhanmariya_podari_mne_schaste.fb2.zip</filename>
	<title>Анелло Джанмария. Подари мне счастье</title>
</book>
<book>
	<filename>anfinogenov_artem/anfinogenov_artem_mgnovenie_vechnost.fb2.zip</filename>
	<title>Анфиногенов Артем Захарович. Мгновение – вечность</title>
</book>
<book>
	<filename>anikina_nataliya/anikina_nataliya_koshka_kotoraya_umela_plakat.fb2.zip</filename>
	<title>Аникина Наталия. Кошка, которая умела плакать...</title>
</book>
<book>
	<filename>anisarova_lyudmila/anisarova_lyudmila_vy_sposobny_ulybnutsya_neznakomoi_sobake.fb2.zip</filename>
	<title>Анисарова Людмила. Вы способны улыбнуться незнакомой собаке?</title>
</book>
<book>
	<filename>anishina_natalya/anishina_natalya_domashnie_zhivotnye.fb2.zip</filename>
	<title>Анишина Наталья. Домашние животные</title>
</book>
<book>
	<filename>anishina_natalya/anishina_natalya_lesnaya_yarmarka.fb2.zip</filename>
	<title>Анишина Наталья. Лесная ярмарка</title>
</book>
<book>
	<filename>anishina_natalya/anishina_natalya_ovoshnoi_spor.fb2.zip</filename>
	<title>Анишина Наталья. Овощной спор</title>
</book>
<book>
	<filename>anishina_natalya/anishina_natalya_veter_hudozhnik.fb2.zip</filename>
	<title>Анишина Наталья. Ветер Художник</title>
</book>
<book>
	<filename>anishina_natalya/anishina_natalya_veterhudozhnik.fb2.zip</filename>
	<title>Анишина Наталья. Ветер-художник</title>
</book>
<book>
	<filename>anisimova_aleksandra/anisimova_aleksandra_babushkiny_yantari.fb2.zip</filename>
	<title>Анисимова Александра Петровна. Бабушкины янтари</title>
</book>
<book>
	<filename>anisimova_aleksandra/anisimova_aleksandra_na_korotkoi_volne.fb2.zip</filename>
	<title>Анисимова Александра Ивановна. На короткой волне</title>
</book>
<book>
	<filename>anisimov_aleksandr/anisimov_aleksandr_igry_bogov.fb2.zip</filename>
	<title>Анисимов Александр. Игры богов</title>
</book>
<book>
	<filename>anisimov_andrei/anisimov_andrei_alyi_chizh.fb2.zip</filename>
	<title>Анисимов Андрей. Алый чиж</title>
</book>
<book>
	<filename>anisimov_andrei/anisimov_andrei_dobryi_ubiica.fb2.zip</filename>
	<title>Анисимов Андрей. Добрый убийца</title>
</book>
<book>
	<filename>anisimov_andrei/anisimov_andrei_kazino_dog_ground.fb2.zip</filename>
	<title>Анисимов Андрей. Казино «Dog Ground»</title>
</book>
<book>
	<filename>anisimov_andrei/anisimov_andrei_master_i_afrodita.fb2.zip</filename>
	<title>Анисимов Андрей. Мастер и Афродита</title>
</book>
<book>
	<filename>anisimov_andrei/anisimov_andrei_spasitel_mira.fb2.zip</filename>
	<title>Анисимов Андрей. Спаситель мира</title>
</book>
<book>
	<filename>anisimov_andrei/anisimov_andrei_vostochnoe_nasledstvo.fb2.zip</filename>
	<title>Анисимов Андрей. Восточное наследство</title>
</book>
<book>
	<filename>anisimova_olga/anisimova_olga_semeinyi_roman.fb2.zip</filename>
	<title>Анисимова Ольга. Семейный роман</title>
</book>
<book>
	<filename>anisimova_olga/anisimova_olga_shkolnyi_roman.fb2.zip</filename>
	<title>Анисимова Ольга Викторовна. Школьный роман</title>
</book>
<book>
	<filename>anisimov_evgenii/anisimov_evgenii_russkaya_pytka_politicheskii_sysk_v_rossii_xviii_veka.fb2.zip</filename>
	<title>Анисимов Евгений Викторович. Русская пытка. Политический сыск в России XVIII века</title>
</book>
<book>
	<filename>anisimov_sergei/anisimov_sergei_god_mertvoi_zmei.fb2.zip</filename>
	<title>Анисимов Сергей. Год мертвой змеи</title>
</book>
<book>
	<filename>anisimov_sergei/anisimov_sergei_variant_bis.fb2.zip</filename>
	<title>Анисимов Сергей. Вариант «Бис»</title>
</book>
<book>
	<filename>anisimov_sergei/anisimov_sergei_variant_bis_s_illyustraciyami.fb2.zip</filename>
	<title>Анисимов Сергей. Вариант «Бис» (с иллюстрациями)</title>
</book>
<book>
	<filename>anisov_mihail/anisov_mihail_prevratnosti_sudby_chast_i.fb2.zip</filename>
	<title>Анисов Михаил. Превратности судьбы. Часть I</title>
</book>
<book>
	<filename>anisov_mihail/anisov_mihail_prevratnosti_sudby_chast_ii.fb2.zip</filename>
	<title>Анисов Михаил. Превратности судьбы. Часть II</title>
</book>
<book>
	<filename>annaari_imad/annaari_imad_zhemchuzhiny_besed.fb2.zip</filename>
	<title>ан-Наари Имад ибн Мухаммад. Жемчужины бесед</title>
</book>
<book>
	<filename>annenkov_mihail/annenkov_mihail_voina_1870_goda_zametki_i_vpechatleniya_russkogo_oficera.fb2.zip</filename>
	<title>Анненков Михаил Николаевич. Война 1870 года. Заметки и впечатления русского офицера</title>
</book>
<book>
	<filename>annenkov_yulii/annenkov_yulii_flag_minonosca.fb2.zip</filename>
	<title>Анненков Юлий Лазаревич. Флаг миноносца</title>
</book>
<book>
	<filename>annenkov_yulii/annenkov_yulii_shturmanok_prokladyvaet_kurs.fb2.zip</filename>
	<title>Анненков Юлий Лазаревич. Штурманок прокладывает курс</title>
</book>
<book>
	<filename>annenskii_innokentii/annenskii_innokentii_kiparisovyi_larec.fb2.zip</filename>
	<title>Анненский Иннокентий Федорович. Кипарисовый ларец</title>
</book>
<book>
	<filename>anninskii_lev/anninskii_lev_tri_eretika.fb2.zip</filename>
	<title>Аннинский Лев Александрович. Три еретика</title>
</book>
<book>
	<filename>anonim_/anonim__dnevnik_alisy.fb2.zip</filename>
	<title>Аноним. Дневник Алисы</title>
</book>
<book>
	<filename>anorin_pavel/anorin_pavel_zheleznyi_voin.fb2.zip</filename>
	<title>Анорин Павел. Железный воин</title>
</book>
<book>
	<filename>ansoff_igor/ansoff_igor_strategicheskoe_upravlenie.fb2.zip</filename>
	<title>Ансофф Игорь. Стратегическое управление</title>
</book>
<book>
	<filename>ansprach_peter/ansprach_peter_100_veshei_kotorye_ya_sdelayu_kogda_stanu_zlym_vlastelinom.fb2.zip</filename>
	<title>Анспрач Петер. 100 вещей, которые я сделаю, когда стану злым властелином</title>
</book>
<book>
	<filename>ansvort_meir/ansvort_meir_nezhdannaya_nevesta.fb2.zip</filename>
	<title>Ансворт Мейр. Нежданная невеста</title>
</book>
<book>
	<filename>antarova_konkordiya/antarova_konkordiya_nauka_radosti.fb2.zip</filename>
	<title>Антарова Конкордия. Наука радости</title>
</book>
<book>
	<filename>antipova_elena/antipova_elena_ohotniki_za_mumiyami.fb2.zip</filename>
	<title>Антипова Елена. Охотники за мумиями</title>
</book>
<book>
	<filename>antologiya_/antologiya__bich_i_molot_ohota_na_vedm_v_xvixviii_vekah.fb2.zip</filename>
	<title>Антология. Бич и молот. Охота на ведьм в XVI-XVIII веках</title>
</book>
<book>
	<filename>antologiya_/antologiya__bich_i_molot_ohota_na_vedm_v_xvixviii_vekah_s_illyustraciyami.fb2.zip</filename>
	<title>Антология. Бич и молот. Охота на ведьм в XVI-XVIII веках (с иллюстрациями)</title>
</book>
<book>
	<filename>antonin_mark_avrelii/antonin_mark_avrelii_razmyshleniya.fb2.zip</filename>
	<title>Антонин Марк Аврелий. Размышления</title>
</book>
<book>
	<filename>antonova_aleksandra/antonova_aleksandra_prodavec_fokusov.fb2.zip</filename>
	<title>Антонова Александра. Продавец фокусов</title>
</book>
<book>
	<filename>antonova_irina/antonova_irina_muzhchiny_i_kak_vit_iz_nih_verevki.fb2.zip</filename>
	<title>Антонова Ирина. Мужчины и как вить из них веревки</title>
</book>
<book>
	<filename>antonov_anton/antonov_anton_chas_pik.fb2.zip</filename>
	<title>Антонов Антон Станиславович. Час пик</title>
</book>
<book>
	<filename>antonov_anton/antonov_anton_gen_besstrashiya.fb2.zip</filename>
	<title>Антонов Антон Станиславович. Ген бесстрашия</title>
</book>
<book>
	<filename>antonov_anton/antonov_anton_gumannoe_oruzhie.fb2.zip</filename>
	<title>Антонов Антон. Гуманное оружие</title>
</book>
<book>
	<filename>antonov_anton/antonov_anton_koldovskie_vorota.fb2.zip</filename>
	<title>Антонов Антон Станиславович. Колдовские ворота</title>
</book>
<book>
	<filename>antonov_anton/antonov_anton_korol_zazerkalya.fb2.zip</filename>
	<title>Антонов Антон Станиславович. Король зазеркалья</title>
</book>
<book>
	<filename>antonov_anton/antonov_anton_mech_zaratustry.fb2.zip</filename>
	<title>Антонов Антон Станиславович. Меч Заратустры</title>
</book>
<book>
	<filename>antonov_anton/antonov_anton_negodyai_i_angely.fb2.zip</filename>
	<title>Антонов Антон Станиславович. Негодяи и ангелы</title>
</book>
<book>
	<filename>antonov_anton/antonov_anton_orlinoe_gnezdo.fb2.zip</filename>
	<title>Антонов Антон. Орлиное гнездо</title>
</book>
<book>
	<filename>antonov_anton/antonov_anton_pepel_nashih_kostrov.fb2.zip</filename>
	<title>Антонов Антон Станиславович. Пепел наших костров</title>
</book>
<book>
	<filename>antonov_anton/antonov_anton_planeta_6.fb2.zip</filename>
	<title>Антонов Антон Станиславович. Планета №6</title>
</book>
<book>
	<filename>antonov_anton/antonov_anton_planeta_no6.fb2.zip</filename>
	<title>Антонов Антон. Планета №6</title>
</book>
<book>
	<filename>antonov_anton/antonov_anton_reklamnyi_tryuk.fb2.zip</filename>
	<title>Антонов Антон Станиславович. Рекламный трюк</title>
</book>
<book>
	<filename>antonov_anton/antonov_anton_svyashennyi_sezon.fb2.zip</filename>
	<title>Антонов Антон. Священный сезон</title>
</book>
<book>
	<filename>antonov_anton/antonov_anton_vremya_voiny.fb2.zip</filename>
	<title>Антонов Антон Станиславович. Время войны</title>
</book>
<book>
	<filename>antonov_gennadii/antonov_gennadii_psihologicheskaya_samopodgotovka_k_rukopashnomu_boyu.fb2.zip</filename>
	<title>Антонов Геннадий Викторович. Психологическая самоподготовка к рукопашному бою</title>
</book>
<book>
	<filename>antonovovseenko_anton/antonovovseenko_anton_beriya.fb2.zip</filename>
	<title>Антонов-Овсеенко Антон. Берия</title>
</book>
<book>
	<filename>antonovskaya_anna/antonovskaya_anna_bazaletskii_boi.fb2.zip</filename>
	<title>Антоновская Анна Арнольдовна. Базалетский бой</title>
</book>
<book>
	<filename>antonovskaya_anna/antonovskaya_anna_gorod_melodichnyh_kolokolchikov.fb2.zip</filename>
	<title>Антоновская Анна Арнольдовна. Город мелодичных колокольчиков</title>
</book>
<book>
	<filename>antonovskaya_anna/antonovskaya_anna_hodi_nevredimym.fb2.zip</filename>
	<title>Антоновская Анна Арнольдовна. Ходи невредимым!</title>
</book>
<book>
	<filename>antonovskaya_anna/antonovskaya_anna_probuzhdenie_barsa.fb2.zip</filename>
	<title>Антоновская Анна Арнольдовна. Пробуждение барса</title>
</book>
<book>
	<filename>antonovskaya_anna/antonovskaya_anna_vremya_osvezhayushego_dozhdya.fb2.zip</filename>
	<title>Антоновская Анна Арнольдовна. Время освежающего дождя</title>
</book>
<book>
	<filename>antonovskaya_anna/antonovskaya_anna_zhertva.fb2.zip</filename>
	<title>Антоновская Анна Арнольдовна. Жертва</title>
</book>
<book>
	<filename>antonov_vyacheslav/antonov_vyacheslav_kitaiskaya_petlya.fb2.zip</filename>
	<title>Антонов Вячеслав. Китайская петля</title>
</book>
<book>
	<filename>antov_yasen/antov_yasen_dnevnik_duraka.fb2.zip</filename>
	<title>Антов Ясен. Дневник дурака</title>
</book>
<book>
	<filename>antov_yasen/antov_yasen_fantasticheskie_istorii_lizy_vronskoi.fb2.zip</filename>
	<title>Антов Ясен. Фантастические истории Лизы Вронской</title>
</book>
<book>
	<filename>antov_yasen/antov_yasen_i_vsya_moya_chudesnaya_rodnya.fb2.zip</filename>
	<title>Антов Ясен. И вся моя чудесная родня</title>
</book>
<book>
	<filename>antov_yasen/antov_yasen_izyskannyi_parizh.fb2.zip</filename>
	<title>Антов Ясен. Изысканный Париж</title>
</book>
<book>
	<filename>antov_yasen/antov_yasen_kak_my_suzhali_bryuki.fb2.zip</filename>
	<title>Антов Ясен. Как мы сужали брюки</title>
</book>
<book>
	<filename>antov_yasen/antov_yasen_lyubite_li_vy_zhivotnyh.fb2.zip</filename>
	<title>Антов Ясен. Любите ли вы животных?</title>
</book>
<book>
	<filename>antov_yasen/antov_yasen_malchishki_i_devchonki.fb2.zip</filename>
	<title>Антов Ясен. Мальчишки и девчонки</title>
</book>
<book>
	<filename>antov_yasen/antov_yasen_sluchai_iz_zhizni_borisa_vitanova.fb2.zip</filename>
	<title>Антов Ясен. Случай из жизни Бориса Витанова</title>
</book>
<book>
	<filename>antov_yasen/antov_yasen_v_dozhdlivye_vechera.fb2.zip</filename>
	<title>Антов Ясен. В дождливые вечера</title>
</book>
<book>
	<filename>antov_yasen/antov_yasen_zabytye_hroniki.fb2.zip</filename>
	<title>Антов Ясен. Забытые хроники</title>
</book>
<book>
	<filename>anufriev_sergei/anufriev_sergei_mifogennaya_lyubov_kast_tom_1.fb2.zip</filename>
	<title>Ануфриев Сергей. Мифогенная любовь каст, том 1</title>
</book>
<book>
	<filename>anui_zhan/anui_zhan_ptichki.fb2.zip</filename>
	<title>Ануй Жан. Птички</title>
</book>
<book>
	<filename>anye_klod/anye_klod_arina.fb2.zip</filename>
	<title>Анэ Клод. Арина</title>
</book>
<book>
	<filename>anye_klod/anye_klod_dvenadcat_tysyach_let_nazad.fb2.zip</filename>
	<title>Анэ Клод. Двенадцать тысяч лет назад</title>
</book>
<book>
	<filename>anye_klod/anye_klod_maierling.fb2.zip</filename>
	<title>Анэ Клод. Майерлинг</title>
</book>
<book>
	<filename>anye_klod/anye_klod_nadya.fb2.zip</filename>
	<title>Анэ Клод. Надя</title>
</book>
<book>
	<filename>apdaik_dzhon/apdaik_dzhon_bek_i_shedroty_shvedov.fb2.zip</filename>
	<title>Апдайк Джон. Бек и щедроты шведов</title>
</book>
<book>
	<filename>apdaik_dzhon/apdaik_dzhon_braziliya.fb2.zip</filename>
	<title>Апдайк Джон. Бразилия</title>
</book>
<book>
	<filename>apdaik_dzhon/apdaik_dzhon_chtob_kamni_sdelalis_hlebami.fb2.zip</filename>
	<title>Апдайк Джон. Чтоб камни сделались хлебами</title>
</book>
<book>
	<filename>apdaik_dzhon/apdaik_dzhon_davai_pozhenimsya.fb2.zip</filename>
	<title>Апдайк Джон. Давай поженимся</title>
</book>
<book>
	<filename>apdaik_dzhon/apdaik_dzhon_ferma.fb2.zip</filename>
	<title>Апдайк Джон. Ферма</title>
</book>
<book>
	<filename>apdaik_dzhon/apdaik_dzhon_gertruda_i_klavdii.fb2.zip</filename>
	<title>Апдайк Джон. Гертруда и Клавдий</title>
</book>
<book>
	<filename>apdaik_dzhon/apdaik_dzhon_istvikskie_vedmy.fb2.zip</filename>
	<title>Апдайк Джон. Иствикские ведьмы</title>
</book>
<book>
	<filename>apdaik_dzhon/apdaik_dzhon_kentavr.fb2.zip</filename>
	<title>Апдайк Джон. Кентавр</title>
</book>
<book>
	<filename>apdaik_dzhon/apdaik_dzhon_krolik_begi.fb2.zip</filename>
	<title>Апдайк Джон. Кролик, беги</title>
</book>
<book>
	<filename>apdaik_robin/apdaik_robin_saddam_husein.fb2.zip</filename>
	<title>Апдайк Робин Дж. Саддам Хусейн</title>
</book>
<book>
	<filename>apodaka_dzhennifer/apodaka_dzhennifer_voshishennyi_vzglyad.fb2.zip</filename>
	<title>Аподака Дженнифер. Восхищенный взгляд</title>
</book>
<book>
	<filename>appel_bendzhamin/appel_bendzhamin_sprosite_kogo_ugodno.fb2.zip</filename>
	<title>Аппел Бенджамин. Спросите кого угодно</title>
</book>
<book>
	<filename>appiano_alessandra/appiano_alessandra_zavtra_vse_naladitsya.fb2.zip</filename>
	<title>Аппиано Алессандра. Завтра все наладится</title>
</book>
<book>
	<filename>appinyanezi_laiza/appinyanezi_laiza_pamyat_i_zhelanie_kniga_1.fb2.zip</filename>
	<title>Аппиньянези Лайза. Память и желание. Книга 1</title>
</book>
<book>
	<filename>appinyanezi_laiza/appinyanezi_laiza_pamyat_i_zhelanie_kniga_2.fb2.zip</filename>
	<title>Аппиньянези Лайза. Память и желание. Книга 2</title>
</book>
<book>
	<filename>appinyanezi_richard/appinyanezi_richard_doklad_yukio_misimy_imperatoru.fb2.zip</filename>
	<title>Аппиньянези Ричард. Доклад Юкио Мисимы императору</title>
</book>
<book>
	<filename>apraksina_tatyana/apraksina_tatyana_mir_ne_mech.fb2.zip</filename>
	<title>Апраксина Татьяна. Мир не меч</title>
</book>
<book>
	<filename>aprilov_boris/aprilov_boris_morskie_priklyucheniya_lisenka.fb2.zip</filename>
	<title>Априлов Борис. Морские приключения Лисенка</title>
</book>
<book>
	<filename>aprilov_boris/aprilov_boris_priklyucheniya_lisenka_v_vozduhe.fb2.zip</filename>
	<title>Априлов Борис. Приключения Лисенка в воздухе</title>
</book>
<book>
	<filename>aprilov_boris/aprilov_boris_samye_novye_priklyucheniya_lisenka.fb2.zip</filename>
	<title>Априлов Борис. Самые новые приключения Лисенка</title>
</book>
<book>
	<filename>apulei_lucii/apulei_lucii_apologiya.fb2.zip</filename>
	<title>Апулей Луций. Апология</title>
</book>
<book>
	<filename>apulei_lucii/apulei_lucii_floridy.fb2.zip</filename>
	<title>Апулей Луций. Флориды</title>
</book>
<book>
	<filename>apulei_lucii/apulei_lucii_metamorfozy_ili_zolotoi_osel.fb2.zip</filename>
	<title>Апулей Луций. Метаморфозы, или Золотой осел</title>
</book>
<book>
	<filename>arabei_lidiya/arabei_lidiya_chereda.fb2.zip</filename>
	<title>Арабей Лидия. Череда</title>
</book>
<book>
	<filename>arabogly_yedvard/arabogly_yedvard_mezhdu_scilloi_i_haribdoi.fb2.zip</filename>
	<title>Араб-Оглы Эдвард. Между Сциллой и Харибдой</title>
</book>
<book>
	<filename>aragon_lui/aragon_lui_molodye_lyudi.fb2.zip</filename>
	<title>Арагон Луи. Молодые люди</title>
</book>
<book>
	<filename>aragon_lui/aragon_lui_nasedka.fb2.zip</filename>
	<title>Арагон Луи. Наседка</title>
</book>
<book>
	<filename>aragon_lui/aragon_lui_rimskie_svidaniya.fb2.zip</filename>
	<title>Арагон Луи. Римские свидания</title>
</book>
<book>
	<filename>aragon_lui/aragon_lui_rimskogo_prava_bolshe_net.fb2.zip</filename>
	<title>Арагон Луи. Римского права больше нет</title>
</book>
<book>
	<filename>aragon_lui/aragon_lui_shekspir_v_meblirashkah.fb2.zip</filename>
	<title>Арагон Луи. Шекспир в меблирашках</title>
</book>
<book>
	<filename>aragon_lui/aragon_lui_slepoi.fb2.zip</filename>
	<title>Арагон Луи. Слепой</title>
</book>
<book>
	<filename>aragon_lui/aragon_lui_strastnaya_nedelya.fb2.zip</filename>
	<title>Арагон Луи. Страстная неделя</title>
</book>
<book>
	<filename>aragon_lui/aragon_lui_vstrechi.fb2.zip</filename>
	<title>Арагон Луи. Встречи</title>
</book>
<book>
	<filename>arbatskii_leon/arbatskii_leon_poslednyaya_taina_reiha_vystrel_v_fyurerbunkere_delo_ob_ischeznovenii_gitlera.fb2.zip</filename>
	<title>Арбатский Леон. Последняя тайна рейха. Выстрел в фюрербункере. Дело об исчезновении Гитлера</title>
</book>
<book>
	<filename>arbenina_irina/arbenina_irina_chernoe_solnce.fb2.zip</filename>
	<title>Арбенина Ирина. Черное солнце</title>
</book>
<book>
	<filename>arbenina_irina/arbenina_irina_chertova_baba.fb2.zip</filename>
	<title>Арбенина Ирина. Чертова баба</title>
</book>
<book>
	<filename>arbenina_irina/arbenina_irina_noch_lunnogo_straha.fb2.zip</filename>
	<title>Арбенина Ирина. Ночь лунного страха</title>
</book>
<book>
	<filename>arbenina_irina/arbenina_irina_yeliksir_vechnoi_molodosti.fb2.zip</filename>
	<title>Арбенина Ирина. Эликсир вечной молодости</title>
</book>
<book>
	<filename>arbenin_konstantin/arbenin_konstantin_don_guan_kak_zerkalo_mirovoi_revolyucii.fb2.zip</filename>
	<title>Арбенин Константин. Дон Гуан как зеркало мировой революции</title>
</book>
<book>
	<filename>arbenin_sergei/arbenin_sergei_deti_pogibeli.fb2.zip</filename>
	<title>Арбенин Сергей Борисович. Дети погибели</title>
</book>
<book>
	<filename>arbenin_sergei/arbenin_sergei_sobachii_bog.fb2.zip</filename>
	<title>Арбенин Сергей Борисович. Собачий бог</title>
</book>
<book>
	<filename>arbor_dzhein/arbor_dzhein_cvetok_pustyni.fb2.zip</filename>
	<title>Арбор Джейн. Цветок пустыни</title>
</book>
<book>
	<filename>arbor_dzhein/arbor_dzhein_mechty_sbyvayutsya.fb2.zip</filename>
	<title>Арбор Джейн. Мечты сбываются</title>
</book>
<book>
	<filename>arbor_dzhein/arbor_dzhein_more_cveta_kryla_zimorodka.fb2.zip</filename>
	<title>Арбор Джейн. Море цвета крыла зимородка</title>
</book>
<book>
	<filename>arbor_dzhein/arbor_dzhein_na_krayu_sveta.fb2.zip</filename>
	<title>Арбор Джейн. На краю света</title>
</book>
<book>
	<filename>arbor_dzhein/arbor_dzhein_ocharovanie_strasti.fb2.zip</filename>
	<title>Арбор Джейн. Очарование страсти</title>
</book>


</books>
