<?xml version="1.0" encoding="UTF-8" ?>
<books>

<book>
	<filename>borhes_horhe/borhes_horhe_25_avgusta_1983_goda.fb2.zip</filename>
	<title>Борхес Хорхе Луис. 25 августа 1983 года</title>
</book>
<book>
	<filename>borhes_horhe/borhes_horhe_abramovich.fb2.zip</filename>
	<title>Борхес Хорхе Луис. Абрамович</title>
</book>
<book>
	<filename>borhes_horhe/borhes_horhe_analiticheskii_yazyk_dzhona_uilkinsa.fb2.zip</filename>
	<title>Борхес Хорхе Луис. Аналитический язык Джона Уилкинса</title>
</book>
<book>
	<filename>borhes_horhe/borhes_horhe_argentinskii_pisatel_i_tradiciya.fb2.zip</filename>
	<title>Борхес Хорхе Луис. Аргентинский писатель и традиция</title>
</book>
<book>
	<filename>borhes_horhe/borhes_horhe_argumentum_ornitologium.fb2.zip</filename>
	<title>Борхес Хорхе Луис. Argumentum ornitologium</title>
</book>
<book>
	<filename>borhes_horhe/borhes_horhe_avatary_cherepahi.fb2.zip</filename>
	<title>Борхес Хорхе Луис. Аватары черепахи</title>
</book>
<book>
	<filename>borhes_horhe/borhes_horhe_avelino_arredondo.fb2.zip</filename>
	<title>Борхес Хорхе Луис. Авелино Арредондо</title>
</book>
<book>
	<filename>borhes_horhe/borhes_horhe_besedy_s_a_karriso.fb2.zip</filename>
	<title>Борхес Хорхе Луис. Беседы с А. Каррисо</title>
</book>
<book>
	<filename>borhes_horhe/borhes_horhe_besedy_s_f_sorrentino.fb2.zip</filename>
	<title>Борхес Хорхе Луис. Беседы с Ф. Соррентино</title>
</book>
<book>
	<filename>borhes_horhe/borhes_horhe_beskorystnyi_ubiica_bill_harrigan.fb2.zip</filename>
	<title>Борхес Хорхе Луис. Бескорыстный убийца Билл Харриган</title>
</book>
<book>
	<filename>borhes_horhe/borhes_horhe_bespardonnyi_lzhec_tom_kastro.fb2.zip</filename>
	<title>Борхес Хорхе Луис. Беспардонный лжец Том Кастро</title>
</book>
<book>
	<filename>borhes_horhe/borhes_horhe_bessmertnyi.fb2.zip</filename>
	<title>Борхес Хорхе Луис. Бессмертный</title>
</book>
<book>
	<filename>borhes_horhe/borhes_horhe_biatanatos.fb2.zip</filename>
	<title>Борхес Хорхе Луис. «Биатанатос»</title>
</book>
<book>
	<filename>borhes_horhe/borhes_horhe_bogoslovy.fb2.zip</filename>
	<title>Борхес Хорхе Луис. Богословы</title>
</book>
<book>
	<filename>borhes_horhe/borhes_horhe_bozhestvennaya_komediya.fb2.zip</filename>
	<title>Борхес Хорхе Луис. Божественная комедия</title>
</book>
<book>
	<filename>borhes_horhe/borhes_horhe_buddizm.fb2.zip</filename>
	<title>Борхес Хорхе Луис. Буддизм</title>
</book>
<book>
	<filename>borhes_horhe/borhes_horhe_buyenosaires.fb2.zip</filename>
	<title>Борхес Хорхе Луис. Буэнос-Айрес</title>
</book>
<book>
	<filename>borhes_horhe/borhes_horhe_chernilnoe_zerkalo.fb2.zip</filename>
	<title>Борхес Хорхе Луис. Чернильное зеркало</title>
</book>
<book>
	<filename>borhes_horhe/borhes_horhe_chetyre_cikla.fb2.zip</filename>
	<title>Борхес Хорхе Луис. Четыре цикла</title>
</book>
<book>
	<filename>borhes_horhe/borhes_horhe_ciklicheskoe_vremya.fb2.zip</filename>
	<title>Борхес Хорхе Луис. Циклическое время</title>
</book>
<book>
	<filename>borhes_horhe/borhes_horhe_cvetok_kolridzha.fb2.zip</filename>
	<title>Борхес Хорхе Луис. Цветок Колриджа</title>
</book>
<book>
	<filename>borhes_horhe/borhes_horhe_delatel.fb2.zip</filename>
	<title>Борхес Хорхе Луис. Делатель</title>
</book>
<book>
	<filename>borhes_horhe/borhes_horhe_deutsches_requiem.fb2.zip</filename>
	<title>Борхес Хорхе Луис. Deutsches Requiem</title>
</book>
<book>
	<filename>borhes_horhe/borhes_horhe_devyat_yesse_o_dante.fb2.zip</filename>
	<title>Борхес Хорхе Луис. Девять эссе о Данте</title>
</book>
<book>
	<filename>borhes_horhe/borhes_horhe_dialog_mertvyh.fb2.zip</filename>
	<title>Борхес Хорхе Луис. Диалог мертвых</title>
</book>
<book>
	<filename>borhes_horhe/borhes_horhe_doktrina_ciklov.fb2.zip</filename>
	<title>Борхес Хорхе Луис. Доктрина циклов</title>
</book>
<book>
	<filename>borhes_horhe/borhes_horhe_dom_asteriya.fb2.zip</filename>
	<title>Борхес Хорхе Луис. Дом Астерия</title>
</book>
<book>
	<filename>borhes_horhe/borhes_horhe_dopushenie_realnosti.fb2.zip</filename>
	<title>Борхес Хорхе Луис. Допущение реальности</title>
</book>
<book>
	<filename>borhes_horhe/borhes_horhe_drugoi.fb2.zip</filename>
	<title>Борхес Хорхе Луис. Другой</title>
</book>
<book>
	<filename>borhes_horhe/borhes_horhe_dve_knigi.fb2.zip</filename>
	<title>Борхес Хорхе Луис. Две книги</title>
</book>
<book>
	<filename>borhes_horhe/borhes_horhe_dve_pamyatnye_fantazii.fb2.zip</filename>
	<title>Борхес Хорхе Луис. Две памятные фантазии</title>
</book>
<book>
	<filename>borhes_horhe/borhes_horhe_dzherald_hyerd_stradanie_biologiya_i_vremya.fb2.zip</filename>
	<title>Борхес Хорхе Луис. Джералд Хэрд «Страдание, биология и время»</title>
</book>
<book>
	<filename>borhes_horhe/borhes_horhe_evangelie_ot_marka.fb2.zip</filename>
	<title>Борхес Хорхе Луис. Евангелие от Марка</title>
</book>
<book>
	<filename>borhes_horhe/borhes_horhe_everything_and_nothing.fb2.zip</filename>
	<title>Борхес Хорхе Луис. Everything and Nothing</title>
</book>
<book>
	<filename>borhes_horhe/borhes_horhe_flober_kak_obrazec_pisatelskogo_udela.fb2.zip</filename>
	<title>Борхес Хорхе Луис. Флобер как образец писательского удела</title>
</book>
<book>
	<filename>borhes_horhe/borhes_horhe_fragmenty_apokrificheskogo_evangeliya.fb2.zip</filename>
	<title>Борхес Хорхе Луис. Фрагменты апокрифического евангелия</title>
</book>
<book>
	<filename>borhes_horhe/borhes_horhe_gaucho.fb2.zip</filename>
	<title>Борхес Хорхе Луис. Гаучо</title>
</book>
<book>
	<filename>borhes_horhe/borhes_horhe_gilbert_uoterhauz_kratkaya_istoriya_nemeckoi_literatury_1943.fb2.zip</filename>
	<title>Борхес Хорхе Луис. Гилберт Уотерхауз «Краткая история немецкой литературы» (1943)</title>
</book>
<book>
	<filename>borhes_horhe/borhes_horhe_hakim_iz_merva_krasilshik_v_maske.fb2.zip</filename>
	<title>Борхес Хорхе Луис. Хаким из Мерва, красильщик в маске</title>
</book>
<book>
	<filename>borhes_horhe/borhes_horhe_hroniki_bustosa_domeka.fb2.zip</filename>
	<title>Борхес Хорхе Луис. Хроники Бустоса Домека</title>
</book>
<book>
	<filename>borhes_horhe/borhes_horhe_iskushenie.fb2.zip</filename>
	<title>Борхес Хорхе Луис. Искушение</title>
</book>
<book>
	<filename>borhes_horhe/borhes_horhe_istoriya_vechnosti.fb2.zip</filename>
	<title>Борхес Хорхе Луис. История вечности</title>
</book>
<book>
	<filename>borhes_horhe/borhes_horhe_kabbala.fb2.zip</filename>
	<title>Борхес Хорхе Луис. Каббала</title>
</book>
<book>
	<filename>borhes_horhe/borhes_horhe_kafka_i_ego_predshestvenniki.fb2.zip</filename>
	<title>Борхес Хорхе Луис. Кафка и его предшественники</title>
</book>
<book>
	<filename>borhes_horhe/borhes_horhe_kevedo.fb2.zip</filename>
	<title>Борхес Хорхе Луис. Кеведо</title>
</book>
<book>
	<filename>borhes_horhe/borhes_horhe_kinoscenarii_okraina_rai_dlya_pravovernyh.fb2.zip</filename>
	<title>Борхес Хорхе Луис. Киносценарии: Окраина. Рай для правоверных</title>
</book>
<book>
	<filename>borhes_horhe/borhes_horhe_kniga_nebes_i_ada.fb2.zip</filename>
	<title>Борхес Хорхе Луис. Книга небес и ада</title>
</book>
<book>
	<filename>borhes_horhe/borhes_horhe_kniga_peska.fb2.zip</filename>
	<title>Борхес Хорхе Луис. Книга песка</title>
</book>
<book>
	<filename>borhes_horhe/borhes_horhe_kniga_vymyshlennyh_sushestv.fb2.zip</filename>
	<title>Борхес Хорхе Луис. Книга вымышленных существ</title>
</book>
<book>
	<filename>borhes_horhe/borhes_horhe_kommentarii_k_23_avgusta_1944_goda.fb2.zip</filename>
	<title>Борхес Хорхе Луис. Комментарий к 23 августа 1944 года</title>
</book>
<book>
	<filename>borhes_horhe/borhes_horhe_kongress.fb2.zip</filename>
	<title>Борхес Хорхе Луис. Конгресс</title>
</book>
<book>
	<filename>borhes_horhe/borhes_horhe_lesli_uyezerhed_posle_smerti.fb2.zip</filename>
	<title>Борхес Хорхе Луис. Лесли Уэзерхед «После смерти»</title>
</book>
<book>
	<filename>borhes_horhe/borhes_horhe_liki_odnoi_legendy.fb2.zip</filename>
	<title>Борхес Хорхе Луис. Лики одной легенды</title>
</book>
<book>
	<filename>borhes_horhe/borhes_horhe_logicheskaya_mashina_raimunda_lulliya.fb2.zip</filename>
	<title>Борхес Хорхе Луис. Логическая машина Раймунда Луллия</title>
</book>
<book>
	<filename>borhes_horhe/borhes_horhe_lotereya_v_vavilone.fb2.zip</filename>
	<title>Борхес Хорхе Луис. Лотерея в Вавилоне</title>
</book>
<book>
	<filename>borhes_horhe/borhes_horhe_masedonio_fernandes.fb2.zip</filename>
	<title>Борхес Хорхе Луис. Маседонио Фернандес</title>
</book>
<book>
	<filename>borhes_horhe/borhes_horhe_m_dyevidson_spor_o_svobode_voli.fb2.zip</filename>
	<title>Борхес Хорхе Луис. М. Дэвидсон «Спор о свободе воли»</title>
</book>
<book>
	<filename>borhes_horhe/borhes_horhe_medal.fb2.zip</filename>
	<title>Борхес Хорхе Луис. Медаль</title>
</book>
<book>
	<filename>borhes_horhe/borhes_horhe_molitva.fb2.zip</filename>
	<title>Борхес Хорхе Луис. Молитва</title>
</book>
<book>
	<filename>borhes_horhe/borhes_horhe_muzhchina_iz_rozovogo_kafe.fb2.zip</filename>
	<title>Борхес Хорхе Луис. Мужчина из Розового кафе</title>
</book>
<book>
	<filename>borhes_horhe/borhes_horhe_nash_bednyi_individualizm.fb2.zip</filename>
	<title>Борхес Хорхе Луис. Наш бедный индивидуализм</title>
</book>
<book>
	<filename>borhes_horhe/borhes_horhe_nataniel_gotorn.fb2.zip</filename>
	<title>Борхес Хорхе Луис. Натаниел Готорн</title>
</book>
<book>
	<filename>borhes_horhe/borhes_horhe_neskolko_slov_ob_uolte_uitmene.fb2.zip</filename>
	<title>Борхес Хорхе Луис. Несколько слов об Уолте Уитмене</title>
</book>
<book>
	<filename>borhes_horhe/borhes_horhe_neskolko_slov_po_povodu_ili_vokrug_bernarda_shou.fb2.zip</filename>
	<title>Борхес Хорхе Луис. Несколько слов по поводу (или вокруг) Бернарда Шоу</title>
</book>
<book>
	<filename>borhes_horhe/borhes_horhe_neuchtivyi_ceremoniimeister_kotsukenosuke.fb2.zip</filename>
	<title>Борхес Хорхе Луис. Неучтивый церемониймейстер Котсуке-но-Суке</title>
</book>
<book>
	<filename>borhes_horhe/borhes_horhe_nit_syuzheta.fb2.zip</filename>
	<title>Борхес Хорхе Луис. Нить сюжета</title>
</book>
<book>
	<filename>borhes_horhe/borhes_horhe_noch_darov.fb2.zip</filename>
	<title>Борхес Хорхе Луис. Ночь даров</title>
</book>
<book>
	<filename>borhes_horhe/borhes_horhe_novoe_oproverzhenie_vremeni.fb2.zip</filename>
	<title>Борхес Хорхе Луис. Новое опровержение времени</title>
</book>
<book>
	<filename>borhes_horhe/borhes_horhe_ob_oskare_uailde.fb2.zip</filename>
	<title>Борхес Хорхе Луис. Об Оскаре Уайлде</title>
</book>
<book>
	<filename>borhes_horhe/borhes_horhe_obrazcovoe_ubiistvo.fb2.zip</filename>
	<title>Борхес Хорхе Луис. Образцовое убийство</title>
</book>
<book>
	<filename>borhes_horhe/borhes_horhe_ocherednoe_prevrashenie_dra_dzhekila_i_yedvarda_haida.fb2.zip</filename>
	<title>Борхес Хорхе Луис. Очередное превращение д-ра Джекила и Эдварда Хайда</title>
</book>
<book>
	<filename>borhes_horhe/borhes_horhe_o_chestertone.fb2.zip</filename>
	<title>Борхес Хорхе Луис. О Честертоне</title>
</book>
<book>
	<filename>borhes_horhe/borhes_horhe_odna_iz_poslednih_versii_realnosti.fb2.zip</filename>
	<title>Борхес Хорхе Луис. Одна из последних версий реальности</title>
</book>
<book>
	<filename>borhes_horhe/borhes_horhe_o_dublyazhe.fb2.zip</filename>
	<title>Борхес Хорхе Луис. О дубляже</title>
</book>
<book>
	<filename>borhes_horhe/borhes_horhe_o_knige_the_purple_land.fb2.zip</filename>
	<title>Борхес Хорхе Луис. О книге «The Purple Land»</title>
</book>
<book>
	<filename>borhes_horhe/borhes_horhe_o_kulte_knig.fb2.zip</filename>
	<title>Борхес Хорхе Луис. О культе книг</title>
</book>
<book>
	<filename>borhes_horhe/borhes_horhe_opravdanie_buvara_i_pekyushe.fb2.zip</filename>
	<title>Борхес Хорхе Луис. Оправдание «Бувара и Пекюше»</title>
</book>
<book>
	<filename>borhes_horhe/borhes_horhe_opravdanie_kabbaly.fb2.zip</filename>
	<title>Борхес Хорхе Луис. Оправдание каббалы</title>
</book>
<book>
	<filename>borhes_horhe/borhes_horhe_opravdanie_lzhevasilida.fb2.zip</filename>
	<title>Борхес Хорхе Луис. Оправдание лже-Василида</title>
</book>
<book>
	<filename>borhes_horhe/borhes_horhe_ot_allegorii_k_romanam.fb2.zip</filename>
	<title>Борхес Хорхе Луис. От аллегорий к романам</title>
</book>
<book>
	<filename>borhes_horhe/borhes_horhe_otgoloski_odnogo_imeni.fb2.zip</filename>
	<title>Борхес Хорхе Луис. Отголоски одного имени</title>
</book>
<book>
	<filename>borhes_horhe/borhes_horhe_ot_nekto_k_nikto.fb2.zip</filename>
	<title>Борхес Хорхе Луис. От некто к никто</title>
</book>
<book>
	<filename>borhes_horhe/borhes_horhe_otrazhenie.fb2.zip</filename>
	<title>Борхес Хорхе Луис. Отражение</title>
</book>
<book>
	<filename>borhes_horhe/borhes_horhe_o_vateke_uilyama_bekforda.fb2.zip</filename>
	<title>Борхес Хорхе Луис. О «Ватеке» Уильяма Бекфорда</title>
</book>
<book>
	<filename>borhes_horhe/borhes_horhe_paskal.fb2.zip</filename>
	<title>Борхес Хорхе Луис. Паскаль</title>
</book>
<book>
	<filename>borhes_horhe/borhes_horhe_perevodchiki_1001_nochi.fb2.zip</filename>
	<title>Борхес Хорхе Луис. Переводчики «1001 ночи»</title>
</book>
<book>
	<filename>borhes_horhe/borhes_horhe_per_menar_avtor_don_kihota.fb2.zip</filename>
	<title>Борхес Хорхе Луис. Пьер Менар, автор «Дон Кихота»</title>
</book>
<book>
	<filename>borhes_horhe/borhes_horhe_pismena_boga.fb2.zip</filename>
	<title>Борхес Хорхе Луис. Письмена Бога</title>
</book>
<book>
	<filename>borhes_horhe/borhes_horhe_poiski_averroyesa.fb2.zip</filename>
	<title>Борхес Хорхе Луис. Поиски Аверроэса</title>
</book>
<book>
	<filename>borhes_horhe/borhes_horhe_pol_grussak.fb2.zip</filename>
	<title>Борхес Хорхе Луис. Поль Груссак</title>
</book>
<book>
	<filename>borhes_horhe/borhes_horhe_po_povodu_klassikov.fb2.zip</filename>
	<title>Борхес Хорхе Луис. По поводу классиков</title>
</book>
<book>
	<filename>borhes_horhe/borhes_horhe_povestvovatelnoe_iskusstvo_i_magiya.fb2.zip</filename>
	<title>Борхес Хорхе Луис. Повествовательное искусство и магия</title>
</book>
<book>
	<filename>borhes_horhe/borhes_horhe_prazdnik_chudovisha.fb2.zip</filename>
	<title>Борхес Хорхе Луис. Праздник чудовища</title>
</book>
<book>
	<filename>borhes_horhe/borhes_horhe_predislovie_k_knige_pohvala_teni.fb2.zip</filename>
	<title>Борхес Хорхе Луис. Предисловие к книге «Похвала тени»</title>
</book>
<book>
	<filename>borhes_horhe/borhes_horhe_prestupnyh_del_master_mank_istmen.fb2.zip</filename>
	<title>Борхес Хорхе Луис. Преступных дел мастер Манк Истмен</title>
</book>
<book>
	<filename>borhes_horhe/borhes_horhe_prevrasheniya.fb2.zip</filename>
	<title>Борхес Хорхе Луис. Превращения</title>
</book>
<book>
	<filename>borhes_horhe/borhes_horhe_pritcha_o_servantese_i_don_kihote.fb2.zip</filename>
	<title>Борхес Хорхе Луис. Притча о Сервантесе и Дон Кихоте</title>
</book>
<book>
	<filename>borhes_horhe/borhes_horhe_prodolzhitelnost_ada.fb2.zip</filename>
	<title>Борхес Хорхе Луис. Продолжительность ада</title>
</book>
<book>
	<filename>borhes_horhe/borhes_horhe_ragnaryok.fb2.zip</filename>
	<title>Борхес Хорхе Луис. Рагнарёк</title>
</book>
<book>
	<filename>borhes_horhe/borhes_horhe_rannii_uyells.fb2.zip</filename>
	<title>Борхес Хорхе Луис. Ранний Уэллс</title>
</book>
<book>
	<filename>borhes_horhe/borhes_horhe_roza_paracelsa.fb2.zip</filename>
	<title>Борхес Хорхе Луис. Роза Парацельса</title>
</book>
<book>
	<filename>borhes_horhe/borhes_horhe_sad_gde_vetvyatsya_dorozhki.fb2.zip</filename>
	<title>Борхес Хорхе Луис. Сад, где ветвятся дорожки</title>
</book>
<book>
	<filename>borhes_horhe/borhes_horhe_sekta_feniksa.fb2.zip</filename>
	<title>Борхес Хорхе Луис. Секта Феникса</title>
</book>
<book>
	<filename>borhes_horhe/borhes_horhe_sekta_tridcati.fb2.zip</filename>
	<title>Борхес Хорхе Луис. Секта тридцати</title>
</book>
<book>
	<filename>borhes_horhe/borhes_horhe_sfera_paskalya.fb2.zip</filename>
	<title>Борхес Хорхе Луис. Сфера Паскаля</title>
</book>
<book>
	<filename>borhes_horhe/borhes_horhe_shest_zagadok_dona_isidro_parodi.fb2.zip</filename>
	<title>Борхес Хорхе Луис. Шесть загадок дона Исидро Пароди</title>
</book>
<book>
	<filename>borhes_horhe/borhes_horhe_sinie_tigry.fb2.zip</filename>
	<title>Борхес Хорхе Луис. Синие тигры</title>
</book>
<book>
	<filename>borhes_horhe/borhes_horhe_skromnost_istorii.fb2.zip</filename>
	<title>Борхес Хорхе Луис. Скромность истории</title>
</book>
<book>
	<filename>borhes_horhe/borhes_horhe_skrytaya_magiya_v_don_kihote.fb2.zip</filename>
	<title>Борхес Хорхе Луис. Скрытая магия в «Дон Кихоте»</title>
</book>
<book>
	<filename>borhes_horhe/borhes_horhe_smert_i_bussol.fb2.zip</filename>
	<title>Борхес Хорхе Луис. Смерть и буссоль</title>
</book>
<book>
	<filename>borhes_horhe/borhes_horhe_solovei_dzhona_kitsa.fb2.zip</filename>
	<title>Борхес Хорхе Луис. Соловей Джона Китса</title>
</book>
<book>
	<filename>borhes_horhe/borhes_horhe_son_kolridzha.fb2.zip</filename>
	<title>Борхес Хорхе Луис. Сон Колриджа</title>
</book>
<book>
	<filename>borhes_horhe/borhes_horhe_son_pedro_yenrikesa_ureni.fb2.zip</filename>
	<title>Борхес Хорхе Луис. Сон Педро Энрикеса Уреньи</title>
</book>
<book>
	<filename>borhes_horhe/borhes_horhe_stena_i_knigi.fb2.zip</filename>
	<title>Борхес Хорхе Луис. Стена и книги</title>
</book>
<book>
	<filename>borhes_horhe/borhes_horhe_strashnyi_son.fb2.zip</filename>
	<title>Борхес Хорхе Луис. Страшный сон</title>
</book>
<book>
	<filename>borhes_horhe/borhes_horhe_styd_istorii.fb2.zip</filename>
	<title>Борхес Хорхе Луис. Стыд истории</title>
</book>
<book>
	<filename>borhes_horhe/borhes_horhe_suevernaya_yetika_chitatelya.fb2.zip</filename>
	<title>Борхес Хорхе Луис. Суеверная этика читателя</title>
</book>
<book>
	<filename>borhes_horhe/borhes_horhe_there_are_more_things.fb2.zip</filename>
	<title>Борхес Хорхе Луис. «There Are More Things»</title>
</book>
<book>
	<filename>borhes_horhe/borhes_horhe_tlyon_ukbar_orbis_tertius.fb2.zip</filename>
	<title>Борхес Хорхе Луис. Тлён, Укбар, Orbis tertius</title>
</book>
<book>
	<filename>borhes_horhe/borhes_horhe_tri_versii_predatelstva_iudy.fb2.zip</filename>
	<title>Борхес Хорхе Луис. Три версии предательства Иуды</title>
</book>
<book>
	<filename>borhes_horhe/borhes_horhe_tvorenie_i_fg_goss.fb2.zip</filename>
	<title>Борхес Хорхе Луис. Творение и Ф.Г. Госс</title>
</book>
<book>
	<filename>borhes_horhe/borhes_horhe_ulrika.fb2.zip</filename>
	<title>Борхес Хорхе Луис. Ульрика</title>
</book>
<book>
	<filename>borhes_horhe/borhes_horhe_undr.fb2.zip</filename>
	<title>Борхес Хорхе Луис. Ундр</title>
</book>
<book>
	<filename>borhes_horhe/borhes_horhe_utopiya_ustalogo_cheloveka.fb2.zip</filename>
	<title>Борхес Хорхе Луис. Утопия усталого человека</title>
</book>
<book>
	<filename>borhes_horhe/borhes_horhe_uyells_i_pritchi.fb2.zip</filename>
	<title>Борхес Хорхе Луис. Уэллс и притчи</title>
</book>
<book>
	<filename>borhes_horhe/borhes_horhe_valeri_kak_simvol.fb2.zip</filename>
	<title>Борхес Хорхе Луис. Валери как символ</title>
</book>
<book>
	<filename>borhes_horhe/borhes_horhe_vavilonskaya_biblioteka.fb2.zip</filename>
	<title>Борхес Хорхе Луис. Вавилонская библиотека</title>
</book>
<book>
	<filename>borhes_horhe/borhes_horhe_vdova_chinga_piratka.fb2.zip</filename>
	<title>Борхес Хорхе Луис. Вдова Чинга, пиратка</title>
</book>
<book>
	<filename>borhes_horhe/borhes_horhe_vechnoe_sostyazanie_ahilla_i_cherepahi.fb2.zip</filename>
	<title>Борхес Хорхе Луис. Вечное состязание Ахилла и черепахи</title>
</book>
<book>
	<filename>borhes_horhe/borhes_horhe_versii_odnoi_legendy.fb2.zip</filename>
	<title>Борхес Хорхе Луис. Версии одной легенды</title>
</book>
<book>
	<filename>borhes_horhe/borhes_horhe_v_krugu_razvalin.fb2.zip</filename>
	<title>Борхес Хорхе Луис. В кругу развалин</title>
</book>
<book>
	<filename>borhes_horhe/borhes_horhe_vremya_i_dzh_u_dann.fb2.zip</filename>
	<title>Борхес Хорхе Луис. Время и Дж. У. Данн</title>
</book>
<book>
	<filename>borhes_horhe/borhes_horhe_vstrecha.fb2.zip</filename>
	<title>Борхес Хорхе Луис. Встреча</title>
</book>
<book>
	<filename>borhes_horhe/borhes_horhe_yedvard_kasner_i_dzheims_nyumen_matematika_i_voobrazhenie.fb2.zip</filename>
	<title>Борхес Хорхе Луис. Эдвард Каснер и Джеймс Ньюмен «Математика и воображение»</title>
</book>
<book>
	<filename>borhes_horhe/borhes_horhe_yemanuyel_svedenborg.fb2.zip</filename>
	<title>Борхес Хорхе Луис. Эмануэль Сведенборг</title>
</book>
<book>
	<filename>borhes_horhe/borhes_horhe_yetnograf.fb2.zip</filename>
	<title>Борхес Хорхе Луис. Этнограф</title>
</book>
<book>
	<filename>borhes_horhe/borhes_horhe_zagadka_yedvarda_ficdzheralda.fb2.zip</filename>
	<title>Борхес Хорхе Луис. Загадка Эдварда Фицджеральда</title>
</book>
<book>
	<filename>borhes_horhe/borhes_horhe_zametki_ob_uitmene.fb2.zip</filename>
	<title>Борхес Хорхе Луис. Заметки об Уитмене</title>
</book>
<book>
	<filename>borhes_horhe/borhes_horhe_zerkalo_i_maska.fb2.zip</filename>
	<title>Борхес Хорхе Луис. Зеркало и маска</title>
</book>
<book>
	<filename>borhes_horhe/borhes_horhe_zerkalo_zagadok.fb2.zip</filename>
	<title>Борхес Хорхе Луис. Зеркало загадок</title>
</book>
<book>
	<filename>borhes_horhe/borhes_horhe_zheltaya_roza.fb2.zip</filename>
	<title>Борхес Хорхе Луис. Желтая роза</title>
</book>
<book>
	<filename>borhes_horhe/borhes_horhe_zhestokii_osvoboditel_lazarus_morel.fb2.zip</filename>
	<title>Борхес Хорхе Луис. Жестокий освободитель Лазарус Морель</title>
</book>
<book>
	<filename>borisenko_igor/borisenko_igor_chelovek_bez_dushi.fb2.zip</filename>
	<title>Борисенко Игорь. Человек без души</title>
</book>
<book>
	<filename>borisenko_igor/borisenko_igor_pohod_armii_proklyatyh.fb2.zip</filename>
	<title>Борисенко Игорь. Поход Армии Проклятых</title>
</book>
<book>
	<filename>borisenko_igor/borisenko_igor_put_mertveca.fb2.zip</filename>
	<title>Борисенко Игорь. Путь мертвеца</title>
</book>
<book>
	<filename>borisenko_igor/borisenko_igor_rekreaciya.fb2.zip</filename>
	<title>Борисенко Игорь. Рекреация</title>
</book>
<book>
	<filename>borisova_irina/borisova_irina_odinokoe_mesto_amerika.fb2.zip</filename>
	<title>Борисова Ирина. Одинокое место Америка</title>
</book>
<book>
	<filename>borisova_viktoriya/borisova_viktoriya_poezd_sleduet_v_ad.fb2.zip</filename>
	<title>Борисова Виктория. Поезд следует в ад</title>
</book>
<book>
	<filename>borisov_konstantin/borisov_konstantin_doroga_mesti.fb2.zip</filename>
	<title>Борисов Константин. Дорога мести</title>
</book>
<book>
	<filename>borisov_konstantin/borisov_konstantin_idol_temnogo_mira.fb2.zip</filename>
	<title>Борисов Константин. Идол темного мира</title>
</book>
<book>
	<filename>borisov_konstantin/borisov_konstantin_vernite_malchishke_tron.fb2.zip</filename>
	<title>Борисов Константин. Верните мальчишке трон!</title>
</book>
<book>
	<filename>borisov_leonid/borisov_leonid_pod_flagom_katriony.fb2.zip</filename>
	<title>Борисов Леонид Ильич. Под флагом «Катрионы»</title>
</book>
<book>
	<filename>borisov_leonid/borisov_leonid_volshebnik_iz_gelgyu.fb2.zip</filename>
	<title>Борисов Леонид Ильич. Волшебник из Гель-Гью</title>
</book>
<book>
	<filename>borisov_leonid/borisov_leonid_zhyul_vern.fb2.zip</filename>
	<title>Борисов Леонид Ильич. Жюль Верн</title>
</book>
<book>
	<filename>borisov_nikolai/borisov_nikolai_ivan_kalita.fb2.zip</filename>
	<title>Борисов Николай Сергеевич. Иван Калита</title>
</book>
<book>
	<filename>borisov_oleg/borisov_oleg_dochenka.fb2.zip</filename>
	<title>Борисов Олег. Доченька</title>
</book>
<book>
	<filename>borisov_sergei/borisov_sergei_smert_russkogo_pomeshika.fb2.zip</filename>
	<title>Борисов Сергей. Смерть русского помещика</title>
</book>
<book>
	<filename>borisov_trofim/borisov_trofim_morskoi_starik.fb2.zip</filename>
	<title>Борисов Трофим Михайлович. Морской старик</title>
</book>
<book>
	<filename>born_dzhoanna/born_dzhoanna_moi_milyi_shpion.fb2.zip</filename>
	<title>Борн Джоанна. Мой милый шпион</title>
</book>
<book>
	<filename>born_dzhoanna/born_dzhoanna_taina_kurtizanki.fb2.zip</filename>
	<title>Борн Джоанна. Тайна куртизанки</title>
</book>
<book>
	<filename>born_georg/born_georg_anna_avstriiskaya_ili_tri_mushketera_korolevy_tom_1.fb2.zip</filename>
	<title>Борн Георг. Анна Австрийская, или Три мушкетера королевы. Том 1</title>
</book>
<book>
	<filename>born_georg/born_georg_anna_avstriiskaya_ili_tri_mushketera_korolevy_tom_2.fb2.zip</filename>
	<title>Борн Георг. Анна Австрийская, или три мушкетера королевы. Том 2</title>
</book>
<book>
	<filename>born_georg/born_georg_don_karlos_tom_1.fb2.zip</filename>
	<title>Борн Георг. Дон Карлос. Том 1</title>
</book>
<book>
	<filename>born_georg/born_georg_don_karlos_tom_2.fb2.zip</filename>
	<title>Борн Георг. Дон Карлос. Том 2</title>
</book>
<book>
	<filename>born_georg/born_georg_evgeniya_ili_tainy_francuzskogo_dvora_tom_1.fb2.zip</filename>
	<title>Борн Георг Фюльборн. Евгения, или Тайны французского двора. Том 1</title>
</book>
<book>
	<filename>born_georg/born_georg_evgeniya_ili_tainy_francuzskogo_dvora_tom_2.fb2.zip</filename>
	<title>Борн Георг Фюльборн. Евгения, или Тайны французского двора. Том 2</title>
</book>
<book>
	<filename>born_georg/born_georg_izabella_ili_tainy_madridskogo_dvora_tom_1.fb2.zip</filename>
	<title>Борн Георг. Изабелла, или Тайны Мадридского двора. Том 1</title>
</book>
<book>
	<filename>born_georg/born_georg_izabella_ili_tainy_madridskogo_dvora_tom_2.fb2.zip</filename>
	<title>Борн Георг. Изабелла, или Тайны Мадридского двора. Том 2</title>
</book>
<book>
	<filename>borodaev_vladimir/borodaev_vladimir_fidel_kastro_politicheskaya_biografiya.fb2.zip</filename>
	<title>Бородаев Владимир. Фидель Кастро. Политическая биография</title>
</book>
<book>
	<filename>borodin_anton/borodin_anton_sbornik_receptov_dlya_svchpechi.fb2.zip</filename>
	<title>Бородин Антон Анатольевич. Сборник рецептов для СВЧ-печи</title>
</book>
<book>
	<filename>borodin_leonid/borodin_leonid_bozhepole.fb2.zip</filename>
	<title>Бородин Леонид. Божеполье</title>
</book>
<book>
	<filename>borodin_leonid/borodin_leonid_lovushka_dlya_adama.fb2.zip</filename>
	<title>Бородин Леонид. Ловушка для Адама</title>
</book>
<book>
	<filename>borodin_sergei/borodin_sergei_blagoslavie_rusi_vedicheskoi.fb2.zip</filename>
	<title>Бородин Сергей Алексеевич. Благославие Руси Ведической</title>
</book>
<book>
	<filename>borodin_sergei/borodin_sergei_dmitrii_donskoi.fb2.zip</filename>
	<title>Бородин Сергей Алексеевич. Дмитрий Донской</title>
</book>
<book>
	<filename>borodin_sergei/borodin_sergei_kniga_mudrosti_russkih_volhvov.fb2.zip</filename>
	<title>Бородин Сергей Алексеевич. Книга Мудрости русских волхвов</title>
</book>
<book>
	<filename>borovichka_vaclav_pavel/borovichka_vaclav_pavel_neveroyatnye_sluchai_zarubezhnoi_kriminalistiki_chast_1.fb2.zip</filename>
	<title>Боровичка Вацлав Павел. Невероятные случаи зарубежной криминалистики. Часть 1</title>
</book>
<book>
	<filename>borovik_artem/borovik_artem_spryatannaya_voina.fb2.zip</filename>
	<title>Боровик Артем. Спрятанная война</title>
</book>
<book>
	<filename>borovoi_konstantin/borovoi_konstantin_prostituciya_v_rossii_reportazh_so_dna_moskvy_konstantina_borovogo.fb2.zip</filename>
	<title>Боровой Константин Натанович. Проституция в России. Репортаж со дна Москвы Константина Борового</title>
</book>
<book>
	<filename>borozdin_viktor/borozdin_viktor_i_opyat_my_v_nebe.fb2.zip</filename>
	<title>Бороздин Виктор Петрович. И опять мы в небе</title>
</book>
<book>
	<filename>borselino_lyuis/borselino_lyuis_dyeitreider_krov_pot_i_slezy_uspeha.fb2.zip</filename>
	<title>Борселино Льюис Дж. Дэйтрейдер. Кровь, пот и слезы успеха</title>
</book>
<book>
	<filename>borun_kshishtof/borun_kshishtof_cogito_ergo_sum.fb2.zip</filename>
	<title>Борунь Кшиштоф. Cogito, ergo sum…</title>
</book>
<book>
	<filename>bosi_roberto/bosi_roberto_laplandcy_ohotniki_za_severnymi_olenyami.fb2.zip</filename>
	<title>Боси Роберто. Лапландцы. Охотники за северными оленями</title>
</book>
<book>
	<filename>bosko_terezio/bosko_terezio_son_sbylsya.fb2.zip</filename>
	<title>Боско Терезио. Сон сбылся</title>
</book>
<book>
	<filename>bosuyel_barbara/bosuyel_barbara_chernye_glaza.fb2.zip</filename>
	<title>Босуэл Барбара. Черные глаза</title>
</book>
<book>
	<filename>bosuyel_barbara/bosuyel_barbara_dvoinaya_igra.fb2.zip</filename>
	<title>Босуэл Барбара. Двойная игра</title>
</book>
<book>
	<filename>bosuyel_barbara/bosuyel_barbara_pri_vspyshke_molnii.fb2.zip</filename>
	<title>Босуэл Барбара. При вспышке молнии</title>
</book>
<book>
	<filename>bosuyel_barbara/bosuyel_barbara_sovmestnoe_rassledovanie.fb2.zip</filename>
	<title>Босуэл Барбара. Совместное расследование</title>
</book>
<book>
	<filename>bosuyell_barbara/bosuyell_barbara_chernye_glaza.fb2.zip</filename>
	<title>Босуэлл Барбара. Черные глаза</title>
</book>
<book>
	<filename>bosuyell_barbara/bosuyell_barbara_chudo_lyubvi.fb2.zip</filename>
	<title>Босуэлл Барбара. Чудо любви</title>
</book>
<book>
	<filename>bosuyell_barbara/bosuyell_barbara_dvoinaya_igra.fb2.zip</filename>
	<title>Босуэлл Барбара. Двойная игра</title>
</book>
<book>
	<filename>bosuyell_barbara/bosuyell_barbara_dyadyushkino_nasledstvo.fb2.zip</filename>
	<title>Босуэлл Барбара. Дядюшкино наследство</title>
</book>
<book>
	<filename>bosuyell_barbara/bosuyell_barbara_lovushka_dlya_sladkih_snov.fb2.zip</filename>
	<title>Босуэлл Барбара. Ловушка для сладких снов</title>
</book>
<book>
	<filename>bosuyell_barbara/bosuyell_barbara_pri_vspyshke_molnii.fb2.zip</filename>
	<title>Босуэлл Барбара. При вспышке молнии</title>
</book>
<book>
	<filename>bosuyell_barbara/bosuyell_barbara_prodelki_bliznecov.fb2.zip</filename>
	<title>Босуэлл Барбара. Проделки близнецов</title>
</book>
<book>
	<filename>bosuyell_barbara/bosuyell_barbara_sovmestnoe_rassledovanie.fb2.zip</filename>
	<title>Босуэлл Барбара. Совместное расследование</title>
</book>
<book>
	<filename>bosuyell_barbara/bosuyell_barbara_vkus_vina_i_lyubvi.fb2.zip</filename>
	<title>Босуэлл Барбара. Вкус вина и любви</title>
</book>

</books>

