<?xml version="1.0" encoding="UTF-8" ?>
<books>

<book>
	<filename>bouker_dyevid/bouker_dyevid_lyublyu_moi_smitvesson.fb2.zip</filename>
	<title>Боукер Дэвид. Люблю мой 'Смит-Вессон'</title>
</book>
<book>
	<filename>bouker_dyevid/bouker_dyevid_othodnaya_molitva.fb2.zip</filename>
	<title>Боукер Дэвид. Отходная молитва</title>
</book>
<book>
	<filename>bouker_dyevid/bouker_dyevid_smert_kakuyu_ty_zasluzhil.fb2.zip</filename>
	<title>Боукер Дэвид. Смерть, какую ты заслужил</title>
</book>
<book>
	<filename>boulton_dzhun/boulton_dzhun_nepodvlastna_vremeni.fb2.zip</filename>
	<title>Боултон Джун. Неподвластна времени</title>
</book>
<book>
	<filename>boulton_dzhun/boulton_dzhun_riskovannoe_pari.fb2.zip</filename>
	<title>Боултон Джун. Рискованное пари</title>
</book>
<book>
	<filename>bouman_dzhon/bouman_dzhon_ostrov_demonov.fb2.zip</filename>
	<title>Боуман Джон. Остров Демонов</title>
</book>
<book>
	<filename>bouman_zhanna/bouman_zhanna_otrazhenie_v_zerkale.fb2.zip</filename>
	<title>Боуман Жанна. Отражение в зеркале</title>
</book>
<book>
	<filename>boumen_salli/boumen_salli_aktrisa.fb2.zip</filename>
	<title>Боумен Салли. Актриса</title>
</book>
<book>
	<filename>boumen_salli/boumen_salli_destini.fb2.zip</filename>
	<title>Боумен Салли. Дестини</title>
</book>
<book>
	<filename>boumen_salli/boumen_salli_lyubov_krasnogo_cveta.fb2.zip</filename>
	<title>Боумен Салли. Любовь красного цвета</title>
</book>
<book>
	<filename>boumen_salli/boumen_salli_lyubovniki_i_lzhecy_kniga_1.fb2.zip</filename>
	<title>Боумен Салли. Любовники и лжецы. Книга 1</title>
</book>
<book>
	<filename>boumen_salli/boumen_salli_lyubovniki_i_lzhecy_kniga_2.fb2.zip</filename>
	<title>Боумен Салли. Любовники и лжецы. Книга 2</title>
</book>
<book>
	<filename>boumen_salli/boumen_salli_otvergnutyi_dar.fb2.zip</filename>
	<title>Боумен Салли. Отвергнутый дар</title>
</book>
<book>
	<filename>boumen_salli/boumen_salli_sekstet.fb2.zip</filename>
	<title>Боумен Салли. Секстет</title>
</book>
<book>
	<filename>boumen_salli/boumen_salli_taina_rebekki.fb2.zip</filename>
	<title>Боумен Салли. Тайна Ребекки</title>
</book>
<book>
	<filename>boumen_salli/boumen_salli_temnyi_angel.fb2.zip</filename>
	<title>Боумен Салли. Темный ангел</title>
</book>
<book>
	<filename>boumen_salli/boumen_salli_vse_vozmozhno.fb2.zip</filename>
	<title>Боумен Салли. Все возможно</title>
</book>
<book>
	<filename>bouyen_yelizabet/bouyen_yelizabet__16.fb2.zip</filename>
	<title>Боуэн Элизабет. № 16</title>
</book>
<book>
	<filename>bouyen_yelizabet/bouyen_yelizabet_mariya.fb2.zip</filename>
	<title>Боуэн Элизабет. Мария</title>
</book>
<book>
	<filename>bouyen_yelizabet/bouyen_yelizabet_mertvaya_meibl.fb2.zip</filename>
	<title>Боуэн Элизабет. Мертвая Мейбл</title>
</book>
<book>
	<filename>bouyen_yelizabet/bouyen_yelizabet_ochag_v_kvartire.fb2.zip</filename>
	<title>Боуэн Элизабет. Очаг в квартире</title>
</book>
<book>
	<filename>bouyen_yelizabet/bouyen_yelizabet_plyush_oplel_stupeni.fb2.zip</filename>
	<title>Боуэн Элизабет. Плющ оплел ступени</title>
</book>
<book>
	<filename>bouyen_yelizabet/bouyen_yelizabet_popugai.fb2.zip</filename>
	<title>Боуэн Элизабет. Попугай</title>
</book>
<book>
	<filename>bouyen_yelizabet/bouyen_yelizabet_poslednee_foto.fb2.zip</filename>
	<title>Боуэн Элизабет. Последнее фото</title>
</book>
<book>
	<filename>bouyen_yelizabet/bouyen_yelizabet_slezy_pustye_slezy.fb2.zip</filename>
	<title>Боуэн Элизабет. Слезы, пустые слезы</title>
</book>
<book>
	<filename>bouyen_yelizabet/bouyen_yelizabet_solovei.fb2.zip</filename>
	<title>Боуэн Элизабет. Соловей</title>
</book>
<book>
	<filename>bouyen_yelizabet/bouyen_yelizabet_tainstvennyi_kyor.fb2.zip</filename>
	<title>Боуэн Элизабет. Таинственный Кёр</title>
</book>
<book>
	<filename>bouyen_yelizabet/bouyen_yelizabet_tufli_mezhdunarodnyi_incident.fb2.zip</filename>
	<title>Боуэн Элизабет. Туфли: международный инцидент</title>
</book>
<book>
	<filename>bouyen_yelizabet/bouyen_yelizabet_uchitelnica_tancev.fb2.zip</filename>
	<title>Боуэн Элизабет. Учительница танцев</title>
</book>
<book>
	<filename>bouyen_yelizabet/bouyen_yelizabet_vozvrashenie.fb2.zip</filename>
	<title>Боуэн Элизабет. Возвращение</title>
</book>
<book>
	<filename>bouyen_yelizabet/bouyen_yelizabet_vse_zlo_ot_muzhchin.fb2.zip</filename>
	<title>Боуэн Элизабет. Все зло от мужчин...</title>
</book>
<book>
	<filename>bouyen_yelizabet/bouyen_yelizabet_zhite_chelovecheskoe.fb2.zip</filename>
	<title>Боуэн Элизабет. Житье человеческое</title>
</book>
<book>
	<filename>bova_ben/bova_ben_chastnoe_predprinimatelstvo.fb2.zip</filename>
	<title>Бова Бен. Частное предпринимательство</title>
</book>
<book>
	<filename>bova_ben/bova_ben_koloniya.fb2.zip</filename>
	<title>Бова Бен. Колония</title>
</book>
<book>
	<filename>bova_ben/bova_ben_mest_oriona.fb2.zip</filename>
	<title>Бова Бен. Месть Ориона</title>
</book>
<book>
	<filename>bova_ben/bova_ben_na_krayu_propasti.fb2.zip</filename>
	<title>Бова Бен. На краю пропасти</title>
</book>
<book>
	<filename>bova_ben/bova_ben_neznachitelnyi_proschet.fb2.zip</filename>
	<title>Бова Бен. Незначительный просчет</title>
</book>
<book>
	<filename>bova_ben/bova_ben_orion.fb2.zip</filename>
	<title>Бова Бен. Орион</title>
</book>
<book>
	<filename>bova_ben/bova_ben_orion_i_zavoevatel.fb2.zip</filename>
	<title>Бова Бен. Орион и завоеватель</title>
</book>
<book>
	<filename>bova_ben/bova_ben_orion_sredi_zvezd.fb2.zip</filename>
	<title>Бова Бен. Орион среди звезд</title>
</book>
<book>
	<filename>bova_ben/bova_ben_orion_v_yepohu_gibeli.fb2.zip</filename>
	<title>Бова Бен. Орион в эпоху гибели</title>
</book>
<book>
	<filename>bova_ben/bova_ben_smertelnaya_mechta.fb2.zip</filename>
	<title>Бова Бен. Смертельная мечта</title>
</book>
<book>
	<filename>bova_ben/bova_ben_starateli.fb2.zip</filename>
	<title>Бова Бен. Старатели</title>
</book>
<book>
	<filename>bova_ben/bova_ben_vetry_altaira.fb2.zip</filename>
	<title>Бова Бен. Ветры Альтаира</title>
</book>
<book>
	<filename>bova_ben/bova_ben_vlasteliny_pogody.fb2.zip</filename>
	<title>Бова Бен. Властелины погоды</title>
</book>
<book>
	<filename>boyandin_konstantin/boyandin_konstantin_bezvozmezdnyi_dar.fb2.zip</filename>
	<title>Бояндин Константин. Безвозмездный дар</title>
</book>
<book>
	<filename>boyandin_konstantin/boyandin_konstantin_chistilshiki.fb2.zip</filename>
	<title>Бояндин Константин. Чистильщики</title>
</book>
<book>
	<filename>boyandin_konstantin/boyandin_konstantin_dvesti_vekov_somnenii.fb2.zip</filename>
	<title>Бояндин Константин Юрьевич. Двести веков сомнений</title>
</book>
<book>
	<filename>boyandin_konstantin/boyandin_konstantin_izdaleka.fb2.zip</filename>
	<title>Бояндин Константин Юрьевич. Издалека</title>
</book>
<book>
	<filename>boyandin_konstantin/boyandin_konstantin_kuda_uhodit_vchera.fb2.zip</filename>
	<title>Бояндин Константин Юрьевич. Куда уходит вчера</title>
</book>
<book>
	<filename>boyandin_konstantin/boyandin_konstantin_nemnogo_o_geroyah.fb2.zip</filename>
	<title>Бояндин Константин. Немного о героях</title>
</book>
<book>
	<filename>boyandin_konstantin/boyandin_konstantin_osen_prezhnego_mira.fb2.zip</filename>
	<title>Бояндин Константин Юрьевич. Осень прежнего мира</title>
</book>
<book>
	<filename>boyandin_konstantin/boyandin_konstantin_pari.fb2.zip</filename>
	<title>Бояндин Константин. Пари</title>
</book>
<book>
	<filename>boyandin_konstantin/boyandin_konstantin_prigorshnya_vechnosti.fb2.zip</filename>
	<title>Бояндин Константин. Пригоршня вечности</title>
</book>
<book>
	<filename>boyandin_konstantin/boyandin_konstantin_privilegiya_hozyaina.fb2.zip</filename>
	<title>Бояндин Константин. Привилегия хозяина</title>
</book>
<book>
	<filename>boyandin_konstantin/boyandin_konstantin_stupeni_iz_pepla.fb2.zip</filename>
	<title>Бояндин Константин. Ступени из пепла</title>
</book>
<book>
	<filename>boyandin_konstantin/boyandin_konstantin_umeret_vpervye.fb2.zip</filename>
	<title>Бояндин Константин. Умереть впервые</title>
</book>
<book>
	<filename>boyem_lesli/boyem_lesli_rebyonok_mechty.fb2.zip</filename>
	<title>Боэм Лесли. Ребёнок мечты</title>
</book>
<book>
	<filename>bozhko_andrei/bozhko_andrei_god_v_zvezdolete.fb2.zip</filename>
	<title>Божко Андрей Николаевич. Год в «Звездолете»</title>
</book>
<book>
	<filename>bradbury_ray/bradbury_ray_lets_all_kill_constance.fb2.zip</filename>
	<title>Bradbury Ray Douglas. Let's All Kill Constance</title>
</book>
<book>
	<filename>bradbury_ray/bradbury_ray_quicker_than_the_eye.fb2.zip</filename>
	<title>Bradbury Ray Douglas. Quicker than the eye</title>
</book>
<book>
	<filename>bradbury_ray/bradbury_ray_zen_in_the_art_of_writing.fb2.zip</filename>
	<title>Bradbury Ray Douglas. Zen in the Art of Writing</title>
</book>
<book>
	<filename>brafman_yakov/brafman_yakov_kniga_kagala.fb2.zip</filename>
	<title>Брафман Яков Александрович. Книга Кагала</title>
</book>
<book>
	<filename>bragadin_mark/bragadin_mark_italyanskii_flot_vo_vtoroi_mirovoi_voine.fb2.zip</filename>
	<title>Брагадин Марк Антонио. Итальянский флот во Второй Мировой войне</title>
</book>
<book>
	<filename>bragin_mihail/bragin_mihail_kutuzov.fb2.zip</filename>
	<title>Брагин Михаил Григорьевич. Кутузов</title>
</book>
<book>
	<filename>braginskii_yemil/braginskii_yemil_ironiya_sudby_ili_s_legkim_parom.fb2.zip</filename>
	<title>Брагинский Эмиль. Ирония судьбы, или С легким паром</title>
</book>
<book>
	<filename>braginskii_yemil/braginskii_yemil_vokzal_dlya_dvoih_kinopovest.fb2.zip</filename>
	<title>Брагинский Эмиль. Вокзал для двоих (киноповесть)</title>
</book>
<book>
	<filename>bragin_valentin/bragin_valentin_ogorodnaya_skazka.fb2.zip</filename>
	<title>Брагин Валентин. Огородная сказка</title>
</book>
<book>
	<filename>bragin_vladimir/bragin_vladimir_iskatel_utrachennogo_tysyacheletiya.fb2.zip</filename>
	<title>Брагин Владимир Григорьевич. Искатель утраченного тысячелетия</title>
</book>
<book>
	<filename>bragin_vladimir/bragin_vladimir_v_strane_dremuchih_trav.fb2.zip</filename>
	<title>Брагин Владимир Григорьевич. В Стране Дремучих Трав</title>
</book>
<book>
	<filename>braian_duglas/braian_duglas_taina_zamka_amrok.fb2.zip</filename>
	<title>Брайан Дуглас. Тайна замка Амрок</title>
</book>
<book>
	<filename>braian_frensis/braian_frensis_dzhim_hokins_i_proklyatie_ostrova_sokrovish.fb2.zip</filename>
	<title>Брайан Френсис. Джим Хокинс и проклятие Острова Сокровищ</title>
</book>
<book>
	<filename>braian_fryensis/braian_fryensis_dzhim_hokins_i_proklyatie_ostrova_sokrovish.fb2.zip</filename>
	<title>Брайан Фрэнсис. Джим Хокинс и проклятие Острова Сокровищ</title>
</book>
<book>
	<filename>braiant_artur/braiant_artur_yepoha_rycarstva.fb2.zip</filename>
	<title>Брайант Артур. Эпоха рыцарства</title>
</book>
<book>
	<filename>braian_yemili/braian_yemili_obolstitelnaya_gercoginya.fb2.zip</filename>
	<title>Брайан Эмили. Обольстительная герцогиня</title>
</book>
<book>
	<filename>braian_yemili/braian_yemili_obolstitelnaya_nastavnica.fb2.zip</filename>
	<title>Брайан Эмили. Обольстительная наставница</title>
</book>
<book>
	<filename>braichevskii_mihail/braichevskii_mihail_utverzhdenie_hristianstva_na_rusi.fb2.zip</filename>
	<title>Брайчевский Михаил Юрьевич. Утверждение христианства на Руси</title>
</book>
<book>
	<filename>braider_yurii/braider_yurii_administraciya_lesa.fb2.zip</filename>
	<title>Брайдер Юрий. Администрация леса</title>
</book>
<book>
	<filename>braider_yurii/braider_yurii_ad_na_venere.fb2.zip</filename>
	<title>Брайдер Юрий. Ад на Венере</title>
</book>
<book>
	<filename>braider_yurii/braider_yurii_bastiony_dita.fb2.zip</filename>
	<title>Брайдер Юрий. Бастионы Дита</title>
</book>
<book>
	<filename>braider_yurii/braider_yurii_disbat.fb2.zip</filename>
	<title>Брайдер Юрий. Дисбат</title>
</book>
<book>
	<filename>braider_yurii/braider_yurii_evangelie_ot_timofeya.fb2.zip</filename>
	<title>Брайдер Юрий. Евангелие от Тимофея</title>
</book>
<book>
	<filename>braider_yurii/braider_yurii_falshivomonetchik.fb2.zip</filename>
	<title>Брайдер Юрий. Фальшивомонетчик</title>
</book>
<book>
	<filename>braider_yurii/braider_yurii_grazhdanin_preispodnei.fb2.zip</filename>
	<title>Брайдер Юрий. Гражданин преисподней</title>
</book>
<book>
	<filename>braider_yurii/braider_yurii_gubitel_maksarov.fb2.zip</filename>
	<title>Брайдер Юрий. Губитель максаров</title>
</book>
<book>
	<filename>braider_yurii/braider_yurii_gvozd_v_bashke.fb2.zip</filename>
	<title>Брайдер Юрий Михайлович. Гвоздь в башке</title>
</book>
<book>
	<filename>braider_yurii/braider_yurii_hozyaeva_ostroga.fb2.zip</filename>
	<title>Брайдер Юрий. Хозяева Острога</title>
</book>
<book>
	<filename>braider_yurii/braider_yurii_inoplanetnyi_syurpriz.fb2.zip</filename>
	<title>Брайдер Юрий. Инопланетный сюрприз</title>
</book>
<book>
	<filename>braider_yurii/braider_yurii_isheika.fb2.zip</filename>
	<title>Брайдер Юрий. Ищейка</title>
</book>
<book>
	<filename>braider_yurii/braider_yurii_istoriya_upadka_i_razrusheniya_nskogo_zavoda.fb2.zip</filename>
	<title>Брайдер Юрий. История упадка и разрушения Н-ского завода</title>
</book>
<book>
	<filename>braider_yurii/braider_yurii_kain_eshe_ne_rodilsya.fb2.zip</filename>
	<title>Брайдер Юрий. Каин еще не родился</title>
</book>
<book>
	<filename>braider_yurii/braider_yurii_karatelnaya_yekspediciya.fb2.zip</filename>
	<title>Брайдер Юрий. Карательная экспедиция</title>
</book>
<book>
	<filename>braider_yurii/braider_yurii_klinki_maksarov.fb2.zip</filename>
	<title>Брайдер Юрий. Клинки Максаров</title>
</book>
<book>
	<filename>braider_yurii/braider_yurii_les_ksanfy.fb2.zip</filename>
	<title>Брайдер Юрий. Лес Ксанфы</title>
</book>
<book>
	<filename>braider_yurii/braider_yurii_lichnyi_kontakt.fb2.zip</filename>
	<title>Брайдер Юрий. Личный контакт</title>
</book>
<book>
	<filename>braider_yurii/braider_yurii_mertvaya_voda.fb2.zip</filename>
	<title>Брайдер Юрий. Мертвая вода</title>
</book>
<book>
	<filename>braider_yurii/braider_yurii_mezhdu_plahoi_i_sekiroi.fb2.zip</filename>
	<title>Брайдер Юрий. Между плахой и секирой</title>
</book>
<book>
	<filename>braider_yurii/braider_yurii_mir_po_yeinshteinu.fb2.zip</filename>
	<title>Брайдер Юрий. Мир по Эйнштейну</title>
</book>
<book>
	<filename>braider_yurii/braider_yurii_miry_pod_lezviem_sekiry.fb2.zip</filename>
	<title>Брайдер Юрий. Миры под лезвием секиры</title>
</book>
<book>
	<filename>braider_yurii/braider_yurii_narushitel.fb2.zip</filename>
	<title>Брайдер Юрий. Нарушитель</title>
</book>
<book>
	<filename>braider_yurii/braider_yurii_opasnoe_lekarstvo.fb2.zip</filename>
	<title>Брайдер Юрий. Опасное лекарство</title>
</book>
<book>
	<filename>braider_yurii/braider_yurii_osobyi_otdel.fb2.zip</filename>
	<title>Брайдер Юрий. Особый отдел</title>
</book>
<book>
	<filename>braider_yurii/braider_yurii_osobyi_otdel_i_oko_dyavola.fb2.zip</filename>
	<title>Брайдер Юрий. Особый отдел и око дьявола</title>
</book>
<book>
	<filename>braider_yurii/braider_yurii_osobyi_otdel_i_pepel_kovchega.fb2.zip</filename>
	<title>Брайдер Юрий. Особый отдел и пепел ковчега</title>
</book>
<book>
	<filename>braider_yurii/braider_yurii_osobyi_otdel_i_trinadcatyi_opyt.fb2.zip</filename>
	<title>Брайдер Юрий. Особый отдел и тринадцатый опыт</title>
</book>
<book>
	<filename>braider_yurii/braider_yurii_planeta_yenunda.fb2.zip</filename>
	<title>Брайдер Юрий. Планета Энунда</title>
</book>
<book>
	<filename>braider_yurii/braider_yurii_protiv_techeniya.fb2.zip</filename>
	<title>Брайдер Юрий. Против течения</title>
</book>
<book>
	<filename>braider_yurii/braider_yurii_shchepki_plahi_oskolki_sekiry.fb2.zip</filename>
	<title>Брайдер Юрий. Щепки плахи, осколки секиры</title>
</book>
<book>
	<filename>braider_yurii/braider_yurii_signal_trevogi.fb2.zip</filename>
	<title>Брайдер Юрий. Сигнал тревоги</title>
</book>
<book>
	<filename>braider_yurii/braider_yurii_sledy_reptilii.fb2.zip</filename>
	<title>Брайдер Юрий. Следы рептилии</title>
</book>
<book>
	<filename>braider_yurii/braider_yurii_strely_peruna_s_razdelyayushimisya_boegolovkami.fb2.zip</filename>
	<title>Брайдер Юрий. Стрелы Перуна с разделяющимися боеголовками</title>
</book>
<book>
	<filename>braider_yurii/braider_yurii_telepaticheskoe_ruzhe.fb2.zip</filename>
	<title>Брайдер Юрий. Телепатическое ружье</title>
</book>
<book>
	<filename>braider_yurii/braider_yurii_uchebnyi_polet.fb2.zip</filename>
	<title>Брайдер Юрий. Учебный полет</title>
</book>
<book>
	<filename>braider_yurii/braider_yurii_vizit_inspektora.fb2.zip</filename>
	<title>Брайдер Юрий. Визит инспектора</title>
</book>
<book>
	<filename>braider_yurii/braider_yurii_vrag_za_gimalayami.fb2.zip</filename>
	<title>Брайдер Юрий Михайлович. Враг за Гималаями</title>
</book>
<book>
	<filename>braider_yurii/braider_yurii_za_veru_carya_i_socialisticheskoe_otechestvo.fb2.zip</filename>
	<title>Брайдер Юрий Михайлович. За веру, царя и социалистическое отечество</title>
</book>
<book>
	<filename>braider_yurii/braider_yurii_zhizn_kosti_zhmurkina.fb2.zip</filename>
	<title>Брайдер Юрий. Жизнь Кости Жмуркина</title>
</book>
<book>
	<filename>braison_bill/braison_bill_puteshestviya_po_evrope.fb2.zip</filename>
	<title>Брайсон Билл. Путешествия по Европе</title>
</book>
<book>
	<filename>braiton_diana/braiton_diana_keis_mendeleeva.fb2.zip</filename>
	<title>Брайтон. Диана. Кейс Менделеева</title>
</book>
<book>
	<filename>brait_poppi/brait_poppi_izyskannyi_trup.fb2.zip</filename>
	<title>Брайт Поппи. Изысканный труп</title>
</book>
<book>
	<filename>brait_poppi/brait_poppi_poteryannye_dushi.fb2.zip</filename>
	<title>Брайт Поппи. Потерянные Души</title>
</book>
<book>
	<filename>brait_vladimir/brait_vladimir_3201_bezumie_haosa.fb2.zip</filename>
	<title>Брайт Владимир. 32.01. Безумие хаоса</title>
</book>
<book>
	<filename>brait_vladimir/brait_vladimir_32_agoniya_mira.fb2.zip</filename>
	<title>Брайт Владимир. 32. Агония мира</title>
</book>
<book>
	<filename>brait_vladimir/brait_vladimir_cvet_krovi_chernyi.fb2.zip</filename>
	<title>Брайт Владимир. Цвет крови – черный</title>
</book>
<book>
	<filename>brait_vladimir/brait_vladimir_cvet_krovi_seryi.fb2.zip</filename>
	<title>Брайт Владимир. Цвет крови — серый</title>
</book>
<book>
	<filename>brait_vladimir/brait_vladimir_dostigaya_urovnya_smerti.fb2.zip</filename>
	<title>Брайт Владимир. Достигая уровня смерти</title>
</book>
<book>
	<filename>brait_vladimir/brait_vladimir_koroleva_semi_palachei.fb2.zip</filename>
	<title>Брайт Владимир. Королева Семи Палачей</title>
</book>
<book>
	<filename>brait_vladimir/brait_vladimir_korolevstva_proigrannye_v_karty.fb2.zip</filename>
	<title>Брайт Владимир. Королевства, проигранные в карты</title>
</book>
<book>
	<filename>brait_vladimir/brait_vladimir_nagrada_pobeditelyu_smert.fb2.zip</filename>
	<title>Брайт Владимир. Награда победителю – смерть</title>
</book>
<book>
	<filename>brait_vladimir/brait_vladimir_princ_falshivyh_geroev.fb2.zip</filename>
	<title>Брайт Владимир. Принц фальшивых героев</title>
</book>
<book>
	<filename>brand_beverli/brand_beverli_revansh.fb2.zip</filename>
	<title>Бранд Беверли. Реванш</title>
</book>
<book>
	<filename>brandis_evgenii/brandis_evgenii_intervyu_s_zhyulem_vernom.fb2.zip</filename>
	<title>Брандис Евгений Павлович. Интервью с Жюлем Верном</title>
</book>
<book>
	<filename>brandner_garri/brandner_garri_oborotni.fb2.zip</filename>
	<title>Бранднер Гарри. Оборотни</title>
</book>
<book>
	<filename>brandner_garri/brandner_garri_voi3_yeho.fb2.zip</filename>
	<title>Бранднер Гарри. Вой-3: Эхо</title>
</book>
<book>
	<filename>brandner_garri/brandner_garri_vozvrashenie_voya.fb2.zip</filename>
	<title>Бранднер Гарри. Возвращение воя</title>
</book>
<book>
	<filename>brandt_beverli/brandt_beverli_igra_v_svidaniya.fb2.zip</filename>
	<title>Брандт Беверли. Игра в свидания</title>
</book>
<book>
	<filename>brandys_kazimezh/brandys_kazimezh_kak_byt_lyubimoi.fb2.zip</filename>
	<title>Брандыс Казимеж. Как быть любимой</title>
</book>
<book>
	<filename>brandys_marian/brandys_marian_adyutant_bonaparta.fb2.zip</filename>
	<title>Брандыс Мариан. Адъютант Бонапарта</title>
</book>
<book>
	<filename>brandys_marian/brandys_marian_mariya_valevskaya.fb2.zip</filename>
	<title>Брандыс Мариан. Мария Валевская</title>
</book>
<book>
	<filename>brandys_marian/brandys_marian_plemyannik_korolya.fb2.zip</filename>
	<title>Брандыс Мариан. Племянник короля</title>
</book>
<book>
	<filename>branner_dzhon/branner_dzhon_agent_iz_budushego.fb2.zip</filename>
	<title>Браннер Джон. Агент из будущего</title>
</book>
<book>
	<filename>branner_dzhon/branner_dzhon_beschislennye_vremena.fb2.zip</filename>
	<title>Браннер Джон. Бесчисленные времена</title>
</book>
<book>
	<filename>branner_dzhon/branner_dzhon_chelovek_iz_velikoi_tmy.fb2.zip</filename>
	<title>Браннер Джон. Человек из Великой Тьмы</title>
</book>
<book>
	<filename>branner_dzhon/branner_dzhon_chudovishe_iz_atlantiki.fb2.zip</filename>
	<title>Браннер Джон. Чудовище из Атлантики</title>
</book>
<book>
	<filename>branner_dzhon/branner_dzhon_kvadraty_shahmatnogo_goroda.fb2.zip</filename>
	<title>Браннер Джон. Квадраты шахматного города</title>
</book>
<book>
	<filename>branner_dzhon/branner_dzhon_mertvec.fb2.zip</filename>
	<title>Браннер Джон. Мертвец</title>
</book>
<book>
	<filename>branner_dzhon/branner_dzhon_mstiteli_karriga.fb2.zip</filename>
	<title>Браннер Джон. Мстители Каррига</title>
</book>
<book>
	<filename>branner_dzhon/branner_dzhon_poimai_padayushuyu_zvezdu.fb2.zip</filename>
	<title>Браннер Джон. Поймай падающую звезду</title>
</book>
<book>
	<filename>branner_dzhon/branner_dzhon_prestol_yeskonela.fb2.zip</filename>
	<title>Браннер Джон. Престол Эсконела</title>
</book>
<book>
	<filename>branner_dzhon/branner_dzhon_rasputnica_s_argusa.fb2.zip</filename>
	<title>Браннер Джон. Распутница с Аргуса</title>
</book>
<book>
	<filename>branner_dzhon/branner_dzhon_vsem_stoyat_na_zanzibare.fb2.zip</filename>
	<title>Браннер Джон. Всем стоять на Занзибаре</title>
</book>
<book>
	<filename>branner_dzhon/branner_dzhon_yera_chudes.fb2.zip</filename>
	<title>Браннер Джон. Эра чудес</title>
</book>
<book>
	<filename>branner_dzhon/branner_dzhon_zhestokii_vek.fb2.zip</filename>
	<title>Браннер Джон. Жестокий век</title>
</book>
<book>
	<filename>branner_dzhon/branner_dzhon_zybuchii_pesok.fb2.zip</filename>
	<title>Браннер Джон. Зыбучий песок</title>
</book>
<book>
	<filename>branner_hans/branner_hans_ariyel.fb2.zip</filename>
	<title>Браннер Ханс Кристиан. Ариэль</title>
</book>
<book>
	<filename>branner_hans/branner_hans_beregom_reki.fb2.zip</filename>
	<title>Браннер Ханс Кристиан. Берегом реки</title>
</book>
<book>
	<filename>branner_hans/branner_hans_dama_s_kameliyami.fb2.zip</filename>
	<title>Браннер Ханс Кристиан. Дама с камелиями</title>
</book>
<book>
	<filename>branner_hans/branner_hans_derevyannye_bashmaki_gannibala.fb2.zip</filename>
	<title>Браннер Ханс Кристиан. Деревянные башмаки Ганнибала</title>
</book>
<book>
	<filename>branner_hans/branner_hans_dusha_shuko.fb2.zip</filename>
	<title>Браннер Ханс Кристиан. Душа Шуко</title>
</book>
<book>
	<filename>branner_hans/branner_hans_dve_minuty_molchaniya.fb2.zip</filename>
	<title>Браннер Ханс Кристиан. Две минуты молчания</title>
</book>
<book>
	<filename>branner_hans/branner_hans_igry_u_morya.fb2.zip</filename>
	<title>Браннер Ханс Кристиан. Игры у моря</title>
</book>
<book>
	<filename>branner_hans/branner_hans_ingeborg.fb2.zip</filename>
	<title>Браннер Ханс Кристиан. Ингеборг</title>
</book>
<book>
	<filename>branner_hans/branner_hans_isaksen.fb2.zip</filename>
	<title>Браннер Ханс Кристиан. Исаксен</title>
</book>
<book>
	<filename>branner_hans/branner_hans_korabl.fb2.zip</filename>
	<title>Браннер Ханс Кристиан. Корабль</title>
</book>
<book>
	<filename>branner_hans/branner_hans_malchik_i_myshonok.fb2.zip</filename>
	<title>Браннер Ханс Кристиан. Мальчик и мышонок</title>
</book>
<book>
	<filename>branner_hans/branner_hans_nikto_ne_znaet_nochi.fb2.zip</filename>
	<title>Браннер Ханс Кристиан. Никто не знает ночи</title>
</book>
<book>
	<filename>branner_hans/branner_hans_ognennye_koni_na_belom_snegu.fb2.zip</filename>
	<title>Браннер Ханс Кристиан. Огненные кони на белом снегу</title>
</book>
<book>
	<filename>branner_hans/branner_hans_pervoe_utro.fb2.zip</filename>
	<title>Браннер Ханс Кристиан. Первое утро</title>
</book>
<book>
	<filename>branner_hans/branner_hans_pisatel_i_devushka.fb2.zip</filename>
	<title>Браннер Ханс Кристиан. Писатель и девушка</title>
</book>
<book>
	<filename>branner_hans/branner_hans_poslednii_reis.fb2.zip</filename>
	<title>Браннер Ханс Кристиан. Последний рейс</title>
</book>
<book>
	<filename>branner_hans/branner_hans_skoro_nas_ne_budet.fb2.zip</filename>
	<title>Браннер Ханс Кристиан. Скоро нас не будет</title>
</book>
<book>
	<filename>branner_hans/branner_hans_strah.fb2.zip</filename>
	<title>Браннер Ханс Кристиан. Страх</title>
</book>
<book>
	<filename>branner_hans/branner_hans_subbotnii_vecher.fb2.zip</filename>
	<title>Браннер Ханс Кристиан. Субботний вечер</title>
</book>
<book>
	<filename>branner_hans/branner_hans_supruzhestvo.fb2.zip</filename>
	<title>Браннер Ханс Кристиан. Супружество</title>
</book>
<book>
	<filename>branner_hans/branner_hans_tri_mushketera.fb2.zip</filename>
	<title>Браннер Ханс Кристиан. Три мушкетера</title>
</book>
<book>
	<filename>branner_hans/branner_hans_trubka.fb2.zip</filename>
	<title>Браннер Ханс Кристиан. Трубка</title>
</book>
<book>
	<filename>branner_hans/branner_hans_v_konce_avgusta.fb2.zip</filename>
	<title>Браннер Ханс Кристиан. В конце августа</title>
</book>
<book>
	<filename>branner_hans/branner_hans_vlast_deneg.fb2.zip</filename>
	<title>Браннер Ханс Кристиан. Власть денег</title>
</book>
<book>
	<filename>brant_sebastian/brant_sebastian_korabl_durakov.fb2.zip</filename>
	<title>Брант Себастиан. Корабль дураков</title>
</book>
<book>
	<filename>braslavskii_dmitrii/braslavskii_dmitrii_pautina_laigasha.fb2.zip</filename>
	<title>Браславский Дмитрий. Паутина Лайгаша</title>
</book>
<book>
	<filename>brasm_annsofi/brasm_annsofi_ya_dyshu.fb2.zip</filename>
	<title>Брасм Анн-Софи. Я дышу!</title>
</book>
<book>
	<filename>brast_stiven/brast_stiven_atira.fb2.zip</filename>
	<title>Браст Стивен. Атира</title>
</book>
<book>
	<filename>brast_stiven/brast_stiven_dorogi_mertvyh.fb2.zip</filename>
	<title>Браст Стивен. Дороги Мертвых</title>
</book>
<book>
	<filename>brast_stiven/brast_stiven_drakon.fb2.zip</filename>
	<title>Браст Стивен. Дракон</title>
</book>
<book>
	<filename>brast_stiven/brast_stiven_dzhareg.fb2.zip</filename>
	<title>Браст Стивен. Джарег</title>
</book>
<book>
	<filename>brast_stiven/brast_stiven_feniks.fb2.zip</filename>
	<title>Браст Стивен. Феникс</title>
</book>
<book>
	<filename>brast_stiven/brast_stiven_gvardiya_feniksa.fb2.zip</filename>
	<title>Браст Стивен. Гвардия Феникса</title>
</book>
<book>
	<filename>brast_stiven/brast_stiven_iendi.fb2.zip</filename>
	<title>Браст Стивен. Йенди</title>
</book>
<book>
	<filename>brast_stiven/brast_stiven_ijendi.fb2.zip</filename>
	<title>Браст Стивен. Йенди</title>
</book>
<book>
	<filename>brast_stiven/brast_stiven_isola.fb2.zip</filename>
	<title>Браст Стивен. Исола</title>
</book>
<book>
	<filename>brast_stiven/brast_stiven_orka.fb2.zip</filename>
	<title>Браст Стивен. Орка</title>
</book>
<book>
	<filename>brast_stiven/brast_stiven_pyatsot_let_spustya.fb2.zip</filename>
	<title>Браст Стивен. Пятьсот лет спустя</title>
</book>
<book>
	<filename>brast_stiven/brast_stiven_taltosh.fb2.zip</filename>
	<title>Браст Стивен. Талтош</title>
</book>
<book>
	<filename>brast_stiven/brast_stiven_tekla.fb2.zip</filename>
	<title>Браст Стивен. Текла</title>
</book>
<book>
	<filename>brast_stiven/brast_stiven_vlastelin_chernogo_zamka.fb2.zip</filename>
	<title>Браст Стивен. Властелин Черного Замка</title>
</book>
<book>
	<filename>bratnyi_roman/bratnyi_roman_zagonshik.fb2.zip</filename>
	<title>Братный Роман. Загонщик</title>
</book>
<book>
	<filename>bratuta_sergei/bratuta_sergei_traktat_o_vyzhivanii_kak_ego_ponimaet_obychnyi_praktik.fb2.zip</filename>
	<title>Братута Сергей. Трактат о выживании, как его понимает обычный практик</title>
</book>
<book>
	<filename>braun_deil/braun_deil_noch_yastreba.fb2.zip</filename>
	<title>Браун Дейл. Ночь ястреба</title>
</book>
<book>
	<filename>braun_deil/braun_deil_zlo_s_nebes.fb2.zip</filename>
	<title>Браун Дейл. Зло с небес</title>
</book>
<book>
	<filename>braun_dyen/braun_dyen_angely_i_demony.fb2.zip</filename>
	<title>Браун Дэн. Ангелы и демоны</title>
</book>
<book>
	<filename>braun_dyen/braun_dyen_cifrovaya_krepost.fb2.zip</filename>
	<title>Браун Дэн. Цифровая крепость</title>
</book>
<book>
	<filename>braun_dyen/braun_dyen_kod_da_vinchi.fb2.zip</filename>
	<title>Браун Дэн. Код да Винчи</title>
</book>
<book>
	<filename>braun_dyen/braun_dyen_tochka_obmana.fb2.zip</filename>
	<title>Браун Дэн. Точка обмана</title>
</book>
<book>
	<filename>braun_dzheki/braun_dzheki_nevesta_iz_teleshou.fb2.zip</filename>
	<title>Браун Джеки. Невеста из телешоу</title>
</book>
<book>
	<filename>braun_dzherald/braun_dzherald_imperiya_almazov.fb2.zip</filename>
	<title>Браун Джеральд. Империя алмазов</title>
</book>
<book>
	<filename>braun_dzhim/braun_dzhim_tochka_razryva.fb2.zip</filename>
	<title>Браун Джим. Точка разрыва</title>
</book>
<book>
	<filename>braun_frederik/braun_frederik_arena.fb2.zip</filename>
	<title>Браун Фредерик. Арена</title>
</book>
<book>
	<filename>braun_frederik/braun_frederik_armageddon.fb2.zip</filename>
	<title>Браун Фредерик. Армагеддон</title>
</book>
<book>
	<filename>braun_frederik/braun_frederik_bog.fb2.zip</filename>
	<title>Браун Фредерик. Бог</title>
</book>
<book>
	<filename>braun_frederik/braun_frederik_chempion.fb2.zip</filename>
	<title>Браун Фредерик. Чемпион</title>
</book>
<book>
	<filename>braun_frederik/braun_frederik_eshe_ne_vse_poteryano.fb2.zip</filename>
	<title>Браун Фредерик. Еще не все потеряно</title>
</book>
<book>
	<filename>braun_frederik/braun_frederik_estestvenno.fb2.zip</filename>
	<title>Браун Фредерик. Естественно</title>
</book>
<book>
	<filename>braun_frederik/braun_frederik_hobbi.fb2.zip</filename>
	<title>Браун Фредерик. Хобби</title>
</book>
<book>
	<filename>braun_frederik/braun_frederik_koshmar_so_vremenem.fb2.zip</filename>
	<title>Браун Фредерик. Кошмар со временем</title>
</book>
<book>
	<filename>braun_frederik/braun_frederik_kukolnyi_teatr.fb2.zip</filename>
	<title>Браун Фредерик. Кукольный театр</title>
</book>
<book>
	<filename>braun_frederik/braun_frederik_marsiane_ubiraites_domoi.fb2.zip</filename>
	<title>Браун Фредерик. Марсиане, убирайтесь домой!</title>
</book>
<book>
	<filename>braun_frederik/braun_frederik_mashina_vremeni.fb2.zip</filename>
	<title>Браун Фредерик. Машина времени</title>
</book>
<book>
	<filename>braun_frederik/braun_frederik_na_chernyi_den.fb2.zip</filename>
	<title>Браун Фредерик. На черный день</title>
</book>
<book>
	<filename>braun_frederik/braun_frederik_nemnogo_zeleni.fb2.zip</filename>
	<title>Браун Фредерик. Немного зелени...</title>
</book>
<book>
	<filename>braun_frederik/braun_frederik_pervaya_mashina_vremeni.fb2.zip</filename>
	<title>Браун Фредерик. Первая машина времени</title>
</book>
<book>
	<filename>braun_frederik/braun_frederik_pismo_feniksu.fb2.zip</filename>
	<title>Браун Фредерик. Письмо фениксу</title>
</book>
<book>
	<filename>braun_frederik/braun_frederik_poslednii_marsianin.fb2.zip</filename>
	<title>Браун Фредерик. Последний марсианин</title>
</book>
<book>
	<filename>braun_frederik/braun_frederik_povinovenie.fb2.zip</filename>
	<title>Браун Фредерик. Повиновение</title>
</book>
<book>
	<filename>braun_frederik/braun_frederik_prosto_smeshno.fb2.zip</filename>
	<title>Браун Фредерик. Просто смешно!</title>
</book>
<book>
	<filename>braun_frederik/braun_frederik_stuk_v_dver.fb2.zip</filename>
	<title>Браун Фредерик. Стук в дверь</title>
</book>
<book>
	<filename>braun_frederik/braun_frederik_uzhas_gimalaev.fb2.zip</filename>
	<title>Браун Фредерик. Ужас Гималаев</title>
</book>
<book>
	<filename>braun_frederik/braun_frederik_vazhnaya_persona.fb2.zip</filename>
	<title>Браун Фредерик. Важная персона</title>
</book>
<book>
	<filename>braun_frederik/braun_frederik_vezhlivost.fb2.zip</filename>
	<title>Браун Фредерик. Вежливость</title>
</book>
<book>
	<filename>braun_frederik/braun_frederik_vne_igry.fb2.zip</filename>
	<title>Браун Фредерик. Вне игры</title>
</book>
<book>
	<filename>braun_frederik/braun_frederik_volnoviki.fb2.zip</filename>
	<title>Браун Фредерик. Волновики</title>
</book>
<book>
	<filename>braun_frederik/braun_frederik_yeksperiment.fb2.zip</filename>
	<title>Браун Фредерик. Эксперимент</title>
</book>
<book>
	<filename>braun_frederik/braun_frederik_yetaoin_shrdlu.fb2.zip</filename>
	<title>Браун Фредерик. Этаоин Шрдлу</title>
</book>
<book>
	<filename>braun_frederik/braun_frederik_zemlyane_dary_prinosyashie.fb2.zip</filename>
	<title>Браун Фредерик. Земляне, дары приносящие</title>
</book>
<book>
	<filename>braun_frederik/braun_frederik_zvezdnaya_karusel.fb2.zip</filename>
	<title>Браун Фредерик. Звездная карусель</title>
</book>
<book>
	<filename>braun_frederik/braun_frederik_zvezdnaya_mysh.fb2.zip</filename>
	<title>Браун Фредерик. Звездная мышь</title>
</book>
<book>
	<filename>brauning_amanda/brauning_amanda_lyubov_s_privkusom_tainy.fb2.zip</filename>
	<title>Браунинг Аманда. Любовь с привкусом тайны</title>
</book>
<book>
	<filename>brauning_amanda/brauning_amanda_pora_lyubvi.fb2.zip</filename>
	<title>Браунинг Аманда. Пора любви</title>
</book>
<book>
	<filename>brauning_amanda/brauning_amanda_zasluzhit_lyubov.fb2.zip</filename>
	<title>Браунинг Аманда. Заслужить любовь</title>
</book>
<book>
	<filename>brauning_diksi/brauning_diksi_aleks_i_angel.fb2.zip</filename>
	<title>Браунинг Дикси. Алекс и ангел</title>
</book>
<book>
	<filename>brauning_diksi/brauning_diksi_ee_pyatyi_muzh.fb2.zip</filename>
	<title>Браунинг Дикси. Ее пятый муж?</title>
</book>
<book>
	<filename>brauning_diksi/brauning_diksi_liki_lyubvi.fb2.zip</filename>
	<title>Браунинг Дикси. Лики любви</title>
</book>
<book>
	<filename>brauning_diksi/brauning_diksi_luchshii_iz_mirov.fb2.zip</filename>
	<title>Браунинг Дикси. Лучший из миров</title>
</book>
<book>
	<filename>brauning_diksi/brauning_diksi_odinochestvo_ne_dlya_nih.fb2.zip</filename>
	<title>Браунинг Дикси. Одиночество не для них</title>
</book>
<book>
	<filename>brauning_diksi/brauning_diksi_otchayannaya_zhenshina.fb2.zip</filename>
	<title>Браунинг Дикси. Отчаянная женщина</title>
</book>
<book>
	<filename>brauning_diksi/brauning_diksi_shans_polyubit.fb2.zip</filename>
	<title>Браунинг Дикси. Шанс полюбить</title>
</book>
<book>
	<filename>brauning_diksi/brauning_diksi_sladkii_soblazn.fb2.zip</filename>
	<title>Браунинг Дикси. Сладкий соблазн</title>
</book>
<book>
	<filename>brauning_diksi/brauning_diksi_svidanie_s_sudboi.fb2.zip</filename>
	<title>Браунинг Дикси. Свидание с судьбой</title>
</book>
<book>
	<filename>brauning_diksi/brauning_diksi_takoi_znakomyi_neznakomec.fb2.zip</filename>
	<title>Браунинг Дикси. Такой знакомый незнакомец</title>
</book>
<book>
	<filename>brauning_diksi/brauning_diksi_ten_proshlogo.fb2.zip</filename>
	<title>Браунинг Дикси. Тень прошлого</title>
</book>
<book>
	<filename>brauning_diksi/brauning_diksi_tonkii_led.fb2.zip</filename>
	<title>Браунинг Дикси. Тонкий лед</title>
</book>
<book>
	<filename>braun_karter/braun_karter_angel.fb2.zip</filename>
	<title>Браун Картер. Ангел</title>
</book>
<book>
	<filename>braun_karter/braun_karter_anonimnyi_zvonok.fb2.zip</filename>
	<title>Браун Картер. Анонимный звонок</title>
</book>
<book>
	<filename>braun_karter/braun_karter_barhatnaya_lisica.fb2.zip</filename>
	<title>Браун Картер. Бархатная лисица</title>
</book>
<book>
	<filename>braun_karter/braun_karter_beloe_bikini.fb2.zip</filename>
	<title>Браун Картер. Белое бикини</title>
</book>
<book>
	<filename>braun_karter/braun_karter_blizorukaya_rusalka.fb2.zip</filename>
	<title>Браун Картер. Близорукая русалка</title>
</book>
<book>
	<filename>braun_karter/braun_karter_blondinka_na_pomele.fb2.zip</filename>
	<title>Браун Картер. Блондинка на помеле</title>
</book>
<book>
	<filename>braun_karter/braun_karter_blondinka_v_bede.fb2.zip</filename>
	<title>Браун Картер. Блондинка в беде</title>
</book>
<book>
	<filename>braun_karter/braun_karter_bremya_viny.fb2.zip</filename>
	<title>Браун Картер. Бремя вины</title>
</book>
<book>
	<filename>braun_karter/braun_karter_chernye_kruzheva.fb2.zip</filename>
	<title>Браун Картер. Черные кружева</title>
</book>
<book>
	<filename>braun_karter/braun_karter_devushka_iz_kosmosa.fb2.zip</filename>
	<title>Браун Картер. Девушка из космоса</title>
</book>
<book>
	<filename>braun_karter/braun_karter_devushka_kotoroi_ne_bylo.fb2.zip</filename>
	<title>Браун Картер. Девушка, которой не было</title>
</book>
<book>
	<filename>braun_karter/braun_karter_devushka_v_savane.fb2.zip</filename>
	<title>Браун Картер. Девушка в саване</title>
</book>
<book>
	<filename>braun_karter/braun_karter_dobroe_utro_myevis.fb2.zip</filename>
	<title>Браун Картер. Доброе утро, Мэвис!</title>
</book>
<book>
	<filename>braun_karter/braun_karter_dom_magii.fb2.zip</filename>
	<title>Браун Картер. Дом магии</title>
</book>
<book>
	<filename>braun_karter/braun_karter_guriya_dlya_zaklaniya.fb2.zip</filename>
	<title>Браун Картер. Гурия для заклания</title>
</book>
<book>
	<filename>braun_karter/braun_karter_holodnaya_zelenaya_bezdna.fb2.zip</filename>
	<title>Браун Картер. Холодная зеленая бездна</title>
</book>
<book>
	<filename>braun_karter/braun_karter_ischadie_ada.fb2.zip</filename>
	<title>Браун Картер. Исчадие ада</title>
</book>
<book>
	<filename>braun_karter/braun_karter_ischeznuvshii_mertvec.fb2.zip</filename>
	<title>Браун Картер. Исчезнувший мертвец</title>
</book>
<book>
	<filename>braun_karter/braun_karter_katanie_s_amerikanskih_gorok.fb2.zip</filename>
	<title>Браун Картер. Катание с американских горок</title>
</book>
<book>
	<filename>braun_karter/braun_karter_kovarnaya_salomeya.fb2.zip</filename>
	<title>Браун Картер. Коварная Саломея</title>
</book>
<book>
	<filename>braun_karter/braun_karter_kradis_vedma.fb2.zip</filename>
	<title>Браун Картер. Крадись, ведьма!</title>
</book>
<book>
	<filename>braun_karter/braun_karter_kuda_ischezla_chariti.fb2.zip</filename>
	<title>Браун Картер. Куда исчезла Чарити?</title>
</book>
<book>
	<filename>braun_karter/braun_karter_ledi_dostupna.fb2.zip</filename>
	<title>Браун Картер. Леди доступна</title>
</book>
<book>
	<filename>braun_karter/braun_karter_ledyanaya_obnazhennaya.fb2.zip</filename>
	<title>Браун Картер. Ледяная обнаженная</title>
</book>
<book>
	<filename>braun_karter/braun_karter_leola_gde_ty.fb2.zip</filename>
	<title>Браун Картер. Леола, где ты?</title>
</book>
<book>
	<filename>braun_karter/braun_karter_lovkach_uiler.fb2.zip</filename>
	<title>Браун Картер. Ловкач, Уилер!</title>
</book>
<book>
	<filename>braun_karter/braun_karter_lyubovnica.fb2.zip</filename>
	<title>Браун Картер. Любовница</title>
</book>
<book>
	<filename>braun_karter/braun_karter_lyubovniki_ne_vozvrashayutsya.fb2.zip</filename>
	<title>Браун Картер. Любовники не возвращаются</title>
</book>
<book>
	<filename>braun_karter/braun_karter_lyubyashie_i_mertvye.fb2.zip</filename>
	<title>Браун Картер. Любящие и мертвые</title>
</book>
<book>
	<filename>braun_karter/braun_karter_menya_prislal_charli.fb2.zip</filename>
	<title>Браун Картер. Меня прислал Чарли</title>
</book>
<book>
	<filename>braun_karter/braun_karter_mogily_kotorye_ya_raskapyvayu.fb2.zip</filename>
	<title>Браун Картер. Могилы, которые я раскапываю</title>
</book>
<book>
	<filename>braun_karter/braun_karter_molot_tora.fb2.zip</filename>
	<title>Браун Картер. Молот Тора</title>
</book>
<book>
	<filename>braun_karter/braun_karter_myevis_i_supershpiony.fb2.zip</filename>
	<title>Браун Картер. Мэвис и супершпионы</title>
</book>
<book>
	<filename>braun_karter/braun_karter_myevis_moya_chikita.fb2.zip</filename>
	<title>Браун Картер. Мэвис, моя чикита!</title>
</book>
<book>
	<filename>braun_karter/braun_karter_nado_ubrat_trup.fb2.zip</filename>
	<title>Браун Картер. Надо убрать труп</title>
</book>
<book>
	<filename>braun_karter/braun_karter_neulovimaya_flamini.fb2.zip</filename>
	<title>Браун Картер. Неуловимая Фламини</title>
</book>
<book>
	<filename>braun_karter/braun_karter_noch_leitenanta_uilera.fb2.zip</filename>
	<title>Браун Картер. Ночь лейтенанта Уилера</title>
</book>
<book>
	<filename>braun_karter/braun_karter_nostalgiya_po_ubiistvu.fb2.zip</filename>
	<title>Браун Картер. Ностальгия по убийству</title>
</book>
<book>
	<filename>braun_karter/braun_karter_obekt_ih_nizmennyh_zhelanii.fb2.zip</filename>
	<title>Браун Картер. Объект их низменных желаний</title>
</book>
<book>
	<filename>braun_karter/braun_karter_obnazhennaya_i_mertvaya.fb2.zip</filename>
	<title>Браун Картер. Обнаженная и мертвая</title>
</book>
<book>
	<filename>braun_karter/braun_karter_obnazhennaya_snaruzhi_i_iznutri.fb2.zip</filename>
	<title>Браун Картер. Обнаженная снаружи и изнутри</title>
</book>
<book>
	<filename>braun_karter/braun_karter_osennii_koshmar.fb2.zip</filename>
	<title>Браун Картер. Осенний кошмар</title>
</book>
<book>
	<filename>braun_karter/braun_karter_paren_s_navyazchivoi_ideei.fb2.zip</filename>
	<title>Браун Картер. Парень с навязчивой идеей</title>
</book>
<book>
	<filename>braun_karter/braun_karter_piraty_iz_gonkonga.fb2.zip</filename>
	<title>Браун Картер. Пираты из Гонконга</title>
</book>
<book>
	<filename>braun_karter/braun_karter_plach_po_lyubimomu_negodyayu.fb2.zip</filename>
	<title>Браун Картер. Плач по любимому негодяю</title>
</book>
<book>
	<filename>braun_karter/braun_karter_poka_ne_razluchit_iskushenie.fb2.zip</filename>
	<title>Браун Картер. Пока не разлучит искушение</title>
</book>
<book>
	<filename>braun_karter/braun_karter_poklonnik.fb2.zip</filename>
	<title>Браун Картер. Поклонник</title>
</book>
<book>
	<filename>braun_karter/braun_karter_pornobroker.fb2.zip</filename>
	<title>Браун Картер. Порноброкер</title>
</book>
<book>
	<filename>braun_karter/braun_karter_prekrasnaya_besserdechnaya.fb2.zip</filename>
	<title>Браун Картер. Прекрасная, бессердечная</title>
</book>
<book>
	<filename>braun_karter/braun_karter_prirozhdennaya_neudachnica.fb2.zip</filename>
	<title>Браун Картер. Прирожденная неудачница</title>
</book>
<book>
	<filename>braun_karter/braun_karter_pulya_dumdum.fb2.zip</filename>
	<title>Браун Картер. Пуля Дум-дум</title>
</book>
<book>
	<filename>braun_karter/braun_karter_pyat_yashikov_zolota.fb2.zip</filename>
	<title>Браун Картер. Пять ящиков золота</title>
</book>
<book>
	<filename>braun_karter/braun_karter_rannyaya_ptashka.fb2.zip</filename>
	<title>Браун Картер. Ранняя пташка</title>
</book>
<book>
	<filename>braun_karter/braun_karter_rasplata.fb2.zip</filename>
	<title>Браун Картер. Расплата</title>
</book>
<book>
	<filename>braun_karter/braun_karter_razyashaya_napoval_dolores.fb2.zip</filename>
	<title>Браун Картер. Разящая наповал Долорес</title>
</book>
<book>
	<filename>braun_karter/braun_karter_rokovoi_kotenok.fb2.zip</filename>
	<title>Браун Картер. Роковой котенок</title>
</book>
<book>
	<filename>braun_karter/braun_karter_seksualnaya_klinika.fb2.zip</filename>
	<title>Браун Картер. Сексуальная клиника</title>
</book>
<book>
	<filename>braun_karter/braun_karter_shabash_vedm.fb2.zip</filename>
	<title>Браун Картер. Шабаш ведьм</title>
</book>
<book>
	<filename>braun_karter/braun_karter_smertelnaya_mechta.fb2.zip</filename>
	<title>Браун Картер. Смертельная мечта</title>
</book>
<book>
	<filename>braun_karter/braun_karter_smertelnyi_blyuz.fb2.zip</filename>
	<title>Браун Картер. Смертельный блюз</title>
</book>
<book>
	<filename>braun_karter/braun_karter_smertelnyi_pocelui.fb2.zip</filename>
	<title>Браун Картер. Смертельный поцелуй</title>
</book>
<book>
	<filename>braun_karter/braun_karter_soblaznitelnica_dyenni_boid.fb2.zip</filename>
	<title>Браун Картер. Соблазнительница (Дэнни Бойд)</title>
</book>
<book>
	<filename>braun_karter/braun_karter_soblaznitelnica.fb2.zip</filename>
	<title>Браун Картер. Соблазнительница</title>
</book>
<book>
	<filename>braun_karter/braun_karter_soblaznitelnica_roman.fb2.zip</filename>
	<title>Браун Картер. Соблазнительница (роман)</title>
</book>
<book>
	<filename>braun_karter/braun_karter_sterilno_chistye_ubiistva.fb2.zip</filename>
	<title>Браун Картер. Стерильно чистые убийства</title>
</book>
<book>
	<filename>braun_karter/braun_karter_strah_podkralsya_nezametno.fb2.zip</filename>
	<title>Браун Картер. Страх подкрался незаметно</title>
</book>
<book>
	<filename>braun_karter/braun_karter_strastnaya_yazychnica.fb2.zip</filename>
	<title>Браун Картер. Страстная язычница</title>
</book>
<book>
	<filename>braun_karter/braun_karter_svetlovolosaya_rabynya.fb2.zip</filename>
	<title>Браун Картер. Светловолосая рабыня</title>
</book>
<book>
	<filename>braun_karter/braun_karter_tainstvennaya_blondinka.fb2.zip</filename>
	<title>Браун Картер. Таинственная блондинка</title>
</book>
<book>
	<filename>braun_karter/braun_karter_telo.fb2.zip</filename>
	<title>Браун Картер. Тело</title>
</book>
<book>
	<filename>braun_karter/braun_karter_tigrica.fb2.zip</filename>
	<title>Браун Картер. Тигрица</title>
</book>
<book>
	<filename>braun_karter/braun_karter_truba_zovet.fb2.zip</filename>
	<title>Браун Картер. Труба зовет</title>
</book>
<book>
	<filename>braun_karter/braun_karter_trup_na_rozhdestvo.fb2.zip</filename>
	<title>Браун Картер. Труп на рождество</title>
</book>
<book>
	<filename>braun_karter/braun_karter_trup_na_scene.fb2.zip</filename>
	<title>Браун Картер. Труп на сцене</title>
</book>
<book>
	<filename>braun_karter/braun_karter_trup_ne_mozhet_bolshe_zhdat.fb2.zip</filename>
	<title>Браун Картер. Труп не может больше ждать</title>
</book>
<book>
	<filename>braun_karter/braun_karter_ubiistvennyi_kaif.fb2.zip</filename>
	<title>Браун Картер. Убийственный кайф</title>
</book>
<book>
	<filename>braun_karter/braun_karter_ubiistvo_v_zakrytom_klube.fb2.zip</filename>
	<title>Браун Картер. Убийство в закрытом клубе</title>
</book>
<book>
	<filename>braun_karter/braun_karter_ubiistvo_yekspromtom.fb2.zip</filename>
	<title>Браун Картер. Убийство экспромтом</title>
</book>
<book>
	<filename>braun_karter/braun_karter_ubiistvo_yeto_poslanie.fb2.zip</filename>
	<title>Браун Картер. Убийство — это послание</title>
</book>
<book>
	<filename>braun_karter/braun_karter_ubiistvo_zavtra.fb2.zip</filename>
	<title>Браун Картер. Убийство — завтра</title>
</book>
<book>
	<filename>braun_karter/braun_karter_umeret_v_lyuboi_den_posle_vtornika.fb2.zip</filename>
	<title>Браун Картер. Умереть в любой день после вторника</title>
</book>
<book>
	<filename>braun_karter/braun_karter_vnezapnaya_nasilstvennaya_smert.fb2.zip</filename>
	<title>Браун Картер. Внезапная насильственная смерть</title>
</book>
<book>
	<filename>braun_karter/braun_karter_vse_delo_v_pakete.fb2.zip</filename>
	<title>Браун Картер. Все дело в пакете</title>
</book>
<book>
	<filename>braun_karter/braun_karter_vyshe_nozhku.fb2.zip</filename>
	<title>Браун Картер. Выше ножку!</title>
</book>
<book>
	<filename>braun_karter/braun_karter_yeta_vdova_ne_plachet.fb2.zip</filename>
	<title>Браун Картер. Эта вдова не плачет</title>
</book>
<book>
	<filename>braun_karter/braun_karter_zabavlyaisya_seichas_ubesh_pozdnee.fb2.zip</filename>
	<title>Браун Картер. Забавляйся сейчас... убьешь позднее</title>
</book>
<book>
	<filename>braun_karter/braun_karter_zavodnaya_kukla.fb2.zip</filename>
	<title>Браун Картер. Заводная кукла</title>
</book>
<book>
	<filename>braun_karter/braun_karter_zelda.fb2.zip</filename>
	<title>Браун Картер. Зельда</title>
</book>
<book>
	<filename>braun_karter/braun_karter_zelenoglazye_dzhungli.fb2.zip</filename>
	<title>Браун Картер. Зеленоглазые джунгли</title>
</book>
<book>
	<filename>braun_karter/braun_karter_zhelannaya.fb2.zip</filename>
	<title>Браун Картер. Желанная</title>
</book>
<book>
	<filename>braun_karter/braun_karter_zhena_na_uikyend.fb2.zip</filename>
	<title>Браун Картер. Жена на уик-энд</title>
</book>
<book>
	<filename>braun_karter/braun_karter_zhertva.fb2.zip</filename>
	<title>Браун Картер. Жертва</title>
</book>

</books>

