<?xml version="1.0" encoding="UTF-8" ?>
<books>

<book>
	<filename>briten_kristen/briten_kristen_zelenyi_vsadnik.fb2.zip</filename>
	<title>Бритен Кристен. Зеленый Всадник</title>
</book>
<book>
	<filename>briten_kristen/briten_kristen_zov_pervogo_vsadnika.fb2.zip</filename>
	<title>Бритен Кристен. Зов Первого Всадника</title>
</book>
<book>
	<filename>britikov_anatolii/britikov_anatolii_russkii_sovetskii_nauchnofantasticheskii_roman.fb2.zip</filename>
	<title>Бритиков Анатолий Федорович. Русский советский научно-фантастический роман</title>
</book>
<book>
	<filename>britten_belinda/britten_belinda_zastenchivaya_yenn.fb2.zip</filename>
	<title>Бриттен Белинда. Застенчивая Энн</title>
</book>
<book>
	<filename>britt_kyetrin/britt_kyetrin_lyubov_vsesilna.fb2.zip</filename>
	<title>Бритт Кэтрин. Любовь всесильна</title>
</book>
<book>
	<filename>britton_frank/britton_frank_chto_stoit_za_kommunizmom.fb2.zip</filename>
	<title>Бриттон Франк. Что стоит за коммунизмом?</title>
</book>
<book>
	<filename>broderik_annett/broderik_annett_kanikuly_v_arizone.fb2.zip</filename>
	<title>Бродерик Аннетт. Каникулы в Аризоне</title>
</book>
<book>
	<filename>broderik_annett/broderik_annett_moi_lyubimyi_otshelnik.fb2.zip</filename>
	<title>Бродерик Аннетт. Мой любимый отшельник</title>
</book>
<book>
	<filename>broderik_annett/broderik_annett_otecholostyak.fb2.zip</filename>
	<title>Бродерик Аннетт. Отец-холостяк</title>
</book>
<book>
	<filename>broderik_annett/broderik_annett_pesnya_strasti.fb2.zip</filename>
	<title>Бродерик Аннетт. Песня страсти</title>
</book>
<book>
	<filename>broderik_annett/broderik_annett_prosto_lyubov.fb2.zip</filename>
	<title>Бродерик Аннетт. Просто любовь</title>
</book>
<book>
	<filename>broderik_annett/broderik_annett_sokrovennye_slova.fb2.zip</filename>
	<title>Бродерик Аннетт. Сокровенные слова</title>
</book>
<book>
	<filename>broderik_annett/broderik_annett_zdravstvui_lyubov.fb2.zip</filename>
	<title>Бродерик Аннетт. Здравствуй, любовь!</title>
</book>
<book>
	<filename>brodskaya_dina/brodskaya_dina_mariikino_detstvo.fb2.zip</filename>
	<title>Бродская Дина Леонтьевна. Марийкино детство</title>
</book>
<book>
	<filename>brodski_daniyella/brodski_daniyella_dnevnik_delovoi_zhenshiny.fb2.zip</filename>
	<title>Бродски Даниэлла. Дневник деловой женщины</title>
</book>
<book>
	<filename>brodskii_iosif/brodskii_iosif_sobranie_sochinenii.fb2.zip</filename>
	<title>Бродский Иосиф Александрович. Собрание сочинений</title>
</book>
<book>
	<filename>brofi_sara/brofi_sara_zhena_v_nagradu.fb2.zip</filename>
	<title>Брофи Сара. Жена в награду</title>
</book>
<book>
	<filename>brokgauza_fa_i_efrona_ia_izdatelstvo/brokgauza_fa_i_efrona_ia_izdatelstvo_yenciklopedicheskii_slovar_a.fb2.zip</filename>
	<title>Брокгауза Ф.А. и Ефрона И.А. Издательство. Энциклопедический словарь (А)</title>
</book>
<book>
	<filename>brokgauza_fa_i_efrona_ia_izdatelstvo/brokgauza_fa_i_efrona_ia_izdatelstvo_yenciklopedicheskii_slovar_b.fb2.zip</filename>
	<title>Брокгауза Ф.А. и Ефрона И.А. Издательство. Энциклопедический словарь (Б)</title>
</book>
<book>
	<filename>brokgauza_fa_i_efrona_ia_izdatelstvo/brokgauza_fa_i_efrona_ia_izdatelstvo_yenciklopedicheskii_slovar_ei.fb2.zip</filename>
	<title>Брокгауза Ф.А. и Ефрона И.А. Издательство. Энциклопедический словарь (Е-Й)</title>
</book>
<book>
	<filename>brokgauza_fa_i_efrona_ia_izdatelstvo/brokgauza_fa_i_efrona_ia_izdatelstvo_yenciklopedicheskii_slovar_gd.fb2.zip</filename>
	<title>Брокгауза Ф.А. и Ефрона И.А. Издательство. Энциклопедический словарь (Г-Д)</title>
</book>
<book>
	<filename>brokgauza_fa_i_efrona_ia_izdatelstvo/brokgauza_fa_i_efrona_ia_izdatelstvo_yenciklopedicheskii_slovar_hya.fb2.zip</filename>
	<title>Брокгауза Ф.А. и Ефрона И.А. Издательство. Энциклопедический словарь (Х-Я)</title>
</book>
<book>
	<filename>brokgauza_fa_i_efrona_ia_izdatelstvo/brokgauza_fa_i_efrona_ia_izdatelstvo_yenciklopedicheskii_slovar_k.fb2.zip</filename>
	<title>Брокгауза Ф.А. и Ефрона И.А. Издательство. Энциклопедический словарь (К)</title>
</book>
<book>
	<filename>brokgauza_fa_i_efrona_ia_izdatelstvo/brokgauza_fa_i_efrona_ia_izdatelstvo_yenciklopedicheskii_slovar_l.fb2.zip</filename>
	<title>Брокгауза Ф.А. и Ефрона И.А. Издательство. Энциклопедический словарь (Л)</title>
</book>
<book>
	<filename>brokgauza_fa_i_efrona_ia_izdatelstvo/brokgauza_fa_i_efrona_ia_izdatelstvo_yenciklopedicheskii_slovar_m.fb2.zip</filename>
	<title>Брокгауза Ф.А. и Ефрона И.А. Издательство. Энциклопедический словарь (М)</title>
</book>
<book>
	<filename>brokgauza_fa_i_efrona_ia_izdatelstvo/brokgauza_fa_i_efrona_ia_izdatelstvo_yenciklopedicheskii_slovar_no.fb2.zip</filename>
	<title>Брокгауза Ф.А. и Ефрона И.А. Издательство. Энциклопедический словарь (Н-О)</title>
</book>
<book>
	<filename>brokgauza_fa_i_efrona_ia_izdatelstvo/brokgauza_fa_i_efrona_ia_izdatelstvo_yenciklopedicheskii_slovar_p.fb2.zip</filename>
	<title>Брокгауза Ф.А. и Ефрона И.А. Издательство. Энциклопедический словарь (П)</title>
</book>
<book>
	<filename>brokgauza_fa_i_efrona_ia_izdatelstvo/brokgauza_fa_i_efrona_ia_izdatelstvo_yenciklopedicheskii_slovar_r.fb2.zip</filename>
	<title>Брокгауза Ф.А. и Ефрона И.А. Издательство. Энциклопедический словарь (Р)</title>
</book>
<book>
	<filename>brokgauza_fa_i_efrona_ia_izdatelstvo/brokgauza_fa_i_efrona_ia_izdatelstvo_yenciklopedicheskii_slovar_s.fb2.zip</filename>
	<title>Брокгауза Ф.А. и Ефрона И.А. Издательство. Энциклопедический словарь (С)</title>
</book>
<book>
	<filename>brokgauza_fa_i_efrona_ia_izdatelstvo/brokgauza_fa_i_efrona_ia_izdatelstvo_yenciklopedicheskii_slovar_tf.fb2.zip</filename>
	<title>Брокгауза Ф.А. и Ефрона И.А. Издательство. Энциклопедический словарь (Т-Ф)</title>
</book>
<book>
	<filename>brokgauza_fa_i_efrona_ia_izdatelstvo/brokgauza_fa_i_efrona_ia_izdatelstvo_yenciklopedicheskii_slovar_v.fb2.zip</filename>
	<title>Брокгауза Ф.А. и Ефрона И.А. Издательство. Энциклопедический словарь (В)</title>
</book>
<book>
	<filename>brokgauz_f/brokgauz_f_yenciklopedicheskii_slovar_a.fb2.zip</filename>
	<title>Брокгауз Ф. А. Энциклопедический словарь (А)</title>
</book>
<book>
	<filename>brokgauz_f/brokgauz_f_yenciklopedicheskii_slovar_b.fb2.zip</filename>
	<title>Брокгауз Ф. А. Энциклопедический словарь (Б)</title>
</book>
<book>
	<filename>brokgauz_f/brokgauz_f_yenciklopedicheskii_slovar_eij.fb2.zip</filename>
	<title>Брокгауз Ф. А. Энциклопедический словарь (Е-Й)</title>
</book>
<book>
	<filename>brokgauz_f/brokgauz_f_yenciklopedicheskii_slovar_gd.fb2.zip</filename>
	<title>Брокгауз Ф. А. Энциклопедический словарь (Г-Д)</title>
</book>
<book>
	<filename>brokgauz_f/brokgauz_f_yenciklopedicheskii_slovar_hya.fb2.zip</filename>
	<title>Брокгауз Ф. А. Энциклопедический словарь (Х-Я)</title>
</book>
<book>
	<filename>brokgauz_f/brokgauz_f_yenciklopedicheskii_slovar_k.fb2.zip</filename>
	<title>Брокгауз Ф. А. Энциклопедический словарь (К)</title>
</book>
<book>
	<filename>brokgauz_f/brokgauz_f_yenciklopedicheskii_slovar_l.fb2.zip</filename>
	<title>Брокгауз Ф. А. Энциклопедический словарь (Л)</title>
</book>
<book>
	<filename>brokgauz_f/brokgauz_f_yenciklopedicheskii_slovar_m.fb2.zip</filename>
	<title>Брокгауз Ф. А. Энциклопедический словарь (М)</title>
</book>
<book>
	<filename>brokgauz_f/brokgauz_f_yenciklopedicheskii_slovar_no.fb2.zip</filename>
	<title>Брокгауз Ф. А. Энциклопедический словарь (Н-О)</title>
</book>
<book>
	<filename>brokgauz_f/brokgauz_f_yenciklopedicheskii_slovar_p.fb2.zip</filename>
	<title>Брокгауз Ф. А. Энциклопедический словарь (П)</title>
</book>
<book>
	<filename>brokgauz_f/brokgauz_f_yenciklopedicheskii_slovar_r.fb2.zip</filename>
	<title>Брокгауз Ф. А. Энциклопедический словарь (Р)</title>
</book>
<book>
	<filename>brokgauz_f/brokgauz_f_yenciklopedicheskii_slovar_s.fb2.zip</filename>
	<title>Брокгауз Ф. А. Энциклопедический словарь (С)</title>
</book>
<book>
	<filename>brokgauz_f/brokgauz_f_yenciklopedicheskii_slovar_tf.fb2.zip</filename>
	<title>Брокгауз Ф. А. Энциклопедический словарь (Т-Ф)</title>
</book>
<book>
	<filename>brokgauz_f/brokgauz_f_yenciklopedicheskii_slovar_v.fb2.zip</filename>
	<title>Брокгауз Ф. А. Энциклопедический словарь (В)</title>
</book>
<book>
	<filename>brokmann_syuzanna/brokmann_syuzanna_prityazhenie_nochi_kniga_1_shag_v_propast.fb2.zip</filename>
	<title>Брокманн Сюзанна. Притяжение ночи. Книга 1. Шаг в пропасть</title>
</book>
<book>
	<filename>brokmann_syuzanna/brokmann_syuzanna_prityazhenie_nochi_kniga_2_vystrel_v_lyubov.fb2.zip</filename>
	<title>Брокманн Сюзанна. Притяжение ночи. Книга 2. Выстрел в любовь</title>
</book>
<book>
	<filename>brokmann_syuzanna/brokmann_syuzanna_zapret_na_lyubov_kniga_1_na_grani.fb2.zip</filename>
	<title>Брокманн Сюзанна. Запрет на любовь. Книга 1. На грани</title>
</book>
<book>
	<filename>brokmann_syuzanna/brokmann_syuzanna_zapret_na_lyubov_kniga_2_vtoroe_dyhanie.fb2.zip</filename>
	<title>Брокманн Сюзанна. Запрет на любовь. Книга 2. Второе дыхание</title>
</book>
<book>
	<filename>brokman_syuzanna/brokman_syuzanna_odno_mgnovene_do_lyubvi.fb2.zip</filename>
	<title>Брокман Сюзанна. Одно мгновенье до любви</title>
</book>
<book>
	<filename>brokman_syuzanna/brokman_syuzanna_opasnaya_lyubov.fb2.zip</filename>
	<title>Брокман Сюзанна. Опасная любовь</title>
</book>
<book>
	<filename>brokman_syuzanna/brokman_syuzanna_telohranitel.fb2.zip</filename>
	<title>Брокман Сюзанна. Телохранитель</title>
</book>
<book>
	<filename>brokuyei_konni/brokuyei_konni_bezrassudnyi.fb2.zip</filename>
	<title>Брокуэй Конни. Безрассудный</title>
</book>
<book>
	<filename>brokuyei_konni/brokuyei_konni_chuzhaya_svadba.fb2.zip</filename>
	<title>Брокуэй Конни. Чужая свадьба</title>
</book>
<book>
	<filename>brokuyei_konni/brokuyei_konni_igra_v_lyubov.fb2.zip</filename>
	<title>Брокуэй Конни. Игра в любовь</title>
</book>
<book>
	<filename>brokuyei_konni/brokuyei_konni_moi_milyi_vrag.fb2.zip</filename>
	<title>Брокуэй Конни. Мой милый враг</title>
</book>
<book>
	<filename>brokuyei_konni/brokuyei_konni_neotrazimaya.fb2.zip</filename>
	<title>Брокуэй Конни. Неотразимая</title>
</book>
<book>
	<filename>brokuyei_konni/brokuyei_konni_opasnaya_igra.fb2.zip</filename>
	<title>Брокуэй Конни. Опасная игра</title>
</book>
<book>
	<filename>brokuyei_konni/brokuyei_konni_opasnost_i_soblazn.fb2.zip</filename>
	<title>Брокуэй Конни. Опасность и соблазн</title>
</book>
<book>
	<filename>brokuyei_konni/brokuyei_konni_svadebnye_kolokola.fb2.zip</filename>
	<title>Брокуэй Конни. Свадебные колокола</title>
</book>
<book>
	<filename>brokuyei_konni/brokuyei_konni_vsyu_noch_naprolet.fb2.zip</filename>
	<title>Брокуэй Конни. Всю ночь напролет</title>
</book>
<book>
	<filename>bronte_sharlotta/bronte_sharlotta_dzhen_yeir.fb2.zip</filename>
	<title>Бронте Шарлотта. Джен Эйр</title>
</book>
<book>
	<filename>bronte_sharlotta/bronte_sharlotta_sherli.fb2.zip</filename>
	<title>Бронте Шарлотта. Шерли</title>
</book>
<book>
	<filename>bronte_yemili/bronte_yemili_grozovoi_pereval.fb2.zip</filename>
	<title>Бронте Эмили. Грозовой перевал</title>
</book>
<book>
	<filename>broshkevich_ezhi/broshkevich_ezhi_troe_s_desyatoi_tysyachi.fb2.zip</filename>
	<title>Брошкевич Ежи. Трое с десятой тысячи</title>
</book>
<book>
	<filename>brosnan_dzhon/brosnan_dzhon_nebesnye_vlasteliny.fb2.zip</filename>
	<title>Броснан Джон. Небесные Властелины</title>
</book>
<book>
	<filename>brosnan_dzhon/brosnan_dzhon_padenie_nebesnyh_vlastelinov.fb2.zip</filename>
	<title>Броснан Джон. Падение Небесных Властелинов</title>
</book>
<book>
	<filename>brosnan_dzhon/brosnan_dzhon_voina_nebesnyh_vlastelinov.fb2.zip</filename>
	<title>Броснан Джон. Война Небесных Властелинов</title>
</book>
<book>
	<filename>brotigan_richard/brotigan_richard_chudishe_hoklainov.fb2.zip</filename>
	<title>Бротиган Ричард. Чудище Хоклайнов</title>
</book>
<book>
	<filename>brotigan_richard/brotigan_richard_sledstvie_sombrero.fb2.zip</filename>
	<title>Бротиган Ричард. Следствие сомбреро</title>
</book>
<book>
	<filename>brott_armin/brott_armin_barhatnaya_revolyuciya_v_reklame.fb2.zip</filename>
	<title>Бротт Армин. Бархатная революция в рекламе</title>
</book>
<book>
	<filename>brown_dan/brown_dan_angels_demons.fb2.zip</filename>
	<title>Brown Dan. Angels &amp; Demons</title>
</book>
<book>
	<filename>brown_dan/brown_dan_deception_point.fb2.zip</filename>
	<title>Brown Dan. Deception Point</title>
</book>
<book>
	<filename>brown_dan/brown_dan_digital_fortress.fb2.zip</filename>
	<title>Brown Dan. Digital Fortress</title>
</book>
<book>
	<filename>brown_dan/brown_dan_the_da_vinci_code.fb2.zip</filename>
	<title>Brown Dan. The Da Vinci Code</title>
</book>
<book>
	<filename>bruen_ken/bruen_ken_strazhi.fb2.zip</filename>
	<title>Бруен Кен. Стражи</title>
</book>
<book>
	<filename>bruk_kassandra/bruk_kassandra_prikid.fb2.zip</filename>
	<title>Брук Кассандра. Прикид</title>
</book>
<book>
	<filename>bruk_kassandra/bruk_kassandra_so_vsei_lyubovyu.fb2.zip</filename>
	<title>Брук Кассандра. Со всей любовью</title>
</book>
<book>
	<filename>bruk_konni/bruk_konni_bal_hishnikov.fb2.zip</filename>
	<title>Брук Конни. Бал хищников</title>
</book>
<book>
	<filename>brukner_anita/brukner_anita_otel_u_ozera.fb2.zip</filename>
	<title>Брукнер Анита. Отель «У озера»</title>
</book>
<book>
	<filename>brukner_karl/brukner_karl_zolotoi_faraon.fb2.zip</filename>
	<title>Брукнер Карл. Золотой фараон</title>
</book>
<book>
	<filename>bruks_frederik/bruks_frederik_mificheskii_chelovekomesyac_ili_kak_sozdayutsya_programmnye_sistemy.fb2.zip</filename>
	<title>Брукс Фредерик. Мифический человеко-месяц или как создаются программные системы</title>
</book>
<book>
	<filename>bruks_helen/bruks_helen_brachnaya_noch_dlinoyu_v_zhizn.fb2.zip</filename>
	<title>Брукс Хелен. Брачная ночь длиною в жизнь</title>
</book>
<book>
	<filename>bruks_helen/bruks_helen_ili_vse_ili.fb2.zip</filename>
	<title>Брукс Хелен. Или все, или...</title>
</book>
<book>
	<filename>bruks_helen/bruks_helen_ispanskii_lyubovnik.fb2.zip</filename>
	<title>Брукс Хелен. Испанский любовник</title>
</book>
<book>
	<filename>bruks_helen/bruks_helen_lyubov_na_staroi_melnice.fb2.zip</filename>
	<title>Брукс Хелен. Любовь на старой мельнице</title>
</book>
<book>
	<filename>bruks_helen/bruks_helen_melodiya_serdec.fb2.zip</filename>
	<title>Брукс Хелен. Мелодия сердец</title>
</book>
<book>
	<filename>bruks_helen/bruks_helen_muzhchina_kotoromu_mozhno_verit.fb2.zip</filename>
	<title>Брукс Хелен. Мужчина, которому можно верить</title>
</book>
<book>
	<filename>bruks_helen/bruks_helen_nechayannaya_lyubov.fb2.zip</filename>
	<title>Брукс Хелен. Нечаянная любовь</title>
</book>
<book>
	<filename>bruks_helen/bruks_helen_nezhnaya_dikarka.fb2.zip</filename>
	<title>Брукс Хелен. Нежная дикарка</title>
</book>
<book>
	<filename>bruks_helen/bruks_helen_pereshagnuv_propast.fb2.zip</filename>
	<title>Брукс Хелен. Перешагнув пропасть</title>
</book>
<book>
	<filename>bruks_helen/bruks_helen_poslednii_den_odinochestva.fb2.zip</filename>
	<title>Брукс Хелен. Последний день одиночества</title>
</book>
<book>
	<filename>bruks_helen/bruks_helen_to_chto_zovem_my_rozoi.fb2.zip</filename>
	<title>Брукс Хелен. То, что зовем мы розой...</title>
</book>
<book>
	<filename>bruks_helen/bruks_helen_udovletvorenie_garantirovano.fb2.zip</filename>
	<title>Брукс Хелен. Удовлетворение гарантировано</title>
</book>
<book>
	<filename>bruks_helen/bruks_helen_vtoroi_brak.fb2.zip</filename>
	<title>Брукс Хелен. Второй брак</title>
</book>
<book>
	<filename>bruks_helen/bruks_helen_ya_nauchu_tebya_lyubit.fb2.zip</filename>
	<title>Брукс Хелен. Я научу тебя любить</title>
</book>
<book>
	<filename>bruks_kirsti/bruks_kirsti_razgovory_pod_vodku.fb2.zip</filename>
	<title>Брукс Кирсти. Разговоры под водку</title>
</book>
<book>
	<filename>bruks_linda/bruks_linda_v_roli_vozlyublennogo.fb2.zip</filename>
	<title>Брукс Линда. В роли возлюбленного</title>
</book>
<book>
	<filename>bruks_terri/bruks_terri_chernyi_edinorog.fb2.zip</filename>
	<title>Брукс Терри. Черный единорог</title>
</book>
<book>
	<filename>bruks_terri/bruks_terri_druid_shannary.fb2.zip</filename>
	<title>Брукс Терри. Друид Шаннары</title>
</book>
<book>
	<filename>bruks_terri/bruks_terri_koldovskoe_zele.fb2.zip</filename>
	<title>Брукс Терри. Колдовское зелье</title>
</book>
<book>
	<filename>bruks_terri/bruks_terri_koroleva_yelfov_shannary.fb2.zip</filename>
	<title>Брукс Терри. Королева эльфов Шаннары</title>
</book>
<book>
	<filename>bruks_terri/bruks_terri_mech_shannary.fb2.zip</filename>
	<title>Брукс Терри. Меч Шаннары</title>
</book>
<book>
	<filename>bruks_terri/bruks_terri_pervyi_korol_shannary.fb2.zip</filename>
	<title>Брукс Терри. Первый король Шаннары</title>
</book>
<book>
	<filename>bruks_terri/bruks_terri_pesn_shannary.fb2.zip</filename>
	<title>Брукс Терри. Песнь Шаннары</title>
</book>
<book>
	<filename>bruks_terri/bruks_terri_potomki_shannary.fb2.zip</filename>
	<title>Брукс Терри. Потомки Шаннары</title>
</book>
<book>
	<filename>bruks_terri/bruks_terri_prodaetsya_volshebnoe_korolevstvo.fb2.zip</filename>
	<title>Брукс Терри. Продается волшебное королевство</title>
</book>
<book>
	<filename>bruks_terri/bruks_terri_shkatulka_hitrospletenii.fb2.zip</filename>
	<title>Брукс Терри. Шкатулка хитросплетений</title>
</book>
<book>
	<filename>bruks_terri/bruks_terri_talismany_shannary.fb2.zip</filename>
	<title>Брукс Терри. Талисманы Шаннары</title>
</book>
<book>
	<filename>bruks_terri/bruks_terri_volshebnik_u_vlasti.fb2.zip</filename>
	<title>Брукс Терри. Волшебник у власти</title>
</book>
<book>
	<filename>bruks_terri/bruks_terri_yelfiiskie_kamni_shannary.fb2.zip</filename>
	<title>Брукс Терри. Эльфийские камни Шаннары</title>
</book>
<book>
	<filename>bruno_yentoni/bruno_yentoni_gryaznyi_biznes.fb2.zip</filename>
	<title>Бруно Энтони. Грязный бизнес</title>
</book>
<book>
	<filename>bruno_yentoni/bruno_yentoni_nevezenie.fb2.zip</filename>
	<title>Бруно Энтони. Невезение</title>
</book>
<book>
	<filename>bruno_yentoni/bruno_yentoni_plohaya_krov.fb2.zip</filename>
	<title>Бруно Энтони. Плохая кровь</title>
</book>
<book>
	<filename>bruno_yentoni/bruno_yentoni_plohie_parni.fb2.zip</filename>
	<title>Бруно Энтони. Плохие парни</title>
</book>
<book>
	<filename>bruno_yentoni/bruno_yentoni_podporchennoe_yabloko.fb2.zip</filename>
	<title>Бруно Энтони. Подпорченное яблоко</title>
</book>
<book>
	<filename>bruno_yentoni/bruno_yentoni_psihopat.fb2.zip</filename>
	<title>Бруно Энтони. Психопат</title>
</book>
<book>
	<filename>brushtein_aleksandra/brushtein_aleksandra_doroga_uhodit_v_dal.fb2.zip</filename>
	<title>Бруштейн Александра Яковлевна. Дорога уходит в даль...</title>
</book>
<book>
	<filename>brushtein_aleksandra/brushtein_aleksandra_vesna.fb2.zip</filename>
	<title>Бруштейн Александра Яковлевна. Весна</title>
</book>
<book>
	<filename>brushtein_aleksandra/brushtein_aleksandra_v_rassvetnyi_chas.fb2.zip</filename>
	<title>Бруштейн Александра Яковлевна. В рассветный час</title>
</book>
<book>
	<filename>brusilov_aleksei/brusilov_aleksei_vospominaniya.fb2.zip</filename>
	<title>Брусилов Алексей Алексеевич. Воспоминания</title>
</book>
<book>
	<filename>bryancev_georgii/bryancev_georgii_po_tonkomu_ldu.fb2.zip</filename>
	<title>Брянцев Георгий Михайлович. По тонкому льду</title>
</book>
<book>
	<filename>bryedberi_malkolm/bryedberi_malkolm_istoricheskaya_lichnost.fb2.zip</filename>
	<title>Брэдбери Малькольм Стэнли. Историческая личность</title>
</book>
<book>
	<filename>bryedberi_malkolm/bryedberi_malkolm_obmennye_kursy.fb2.zip</filename>
	<title>Брэдбери Малькольм Стэнли. Обменные курсы</title>
</book>
<book>
	<filename>bryedberi_ryei/bryedberi_ryei_451_gradus_po_farengeitu.fb2.zip</filename>
	<title>Брэдбери Рэй Дуглас. 451 градус по Фаренгейту</title>
</book>
<book>
	<filename>bryedberi_ryei/bryedberi_ryei_aprelskoe_koldovstvo.fb2.zip</filename>
	<title>Брэдбери Рэй. Апрельское колдовство</title>
</book>
<book>
	<filename>bryedberi_ryei/bryedberi_ryei_bereg_na_zakate.fb2.zip</filename>
	<title>Брэдбери Рэй. Берег на закате</title>
</book>
<book>
	<filename>bryedberi_ryei/bryedberi_ryei_betonomeshalka.fb2.zip</filename>
	<title>Брэдбери Рэй. Бетономешалка</title>
</book>
<book>
	<filename>bryedberi_ryei/bryedberi_ryei_byli_oni_smuglye_i_zolotoglazye.fb2.zip</filename>
	<title>Брэдбери Рэй Дуглас. Были они смуглые и золотоглазые</title>
</book>
<book>
	<filename>bryedberi_ryei/bryedberi_ryei_chelovek.fb2.zip</filename>
	<title>Брэдбери Рэй. Человек</title>
</book>
<book>
	<filename>bryedberi_ryei/bryedberi_ryei_chelovek_v_kartinkah.fb2.zip</filename>
	<title>Брэдбери Рэй Дуглас. Человек в картинках</title>
</book>
<book>
	<filename>bryedberi_ryei/bryedberi_ryei_chelovek_v_kartinkah_rasskaz.fb2.zip</filename>
	<title>Брэдбери Рэй. Человек в картинках (рассказ)</title>
</book>
<book>
	<filename>bryedberi_ryei/bryedberi_ryei_chelovek_v_vozduhe.fb2.zip</filename>
	<title>Брэдбери Рэй Дуглас. Человек в воздухе</title>
</book>
<book>
	<filename>bryedberi_ryei/bryedberi_ryei_chepushinka.fb2.zip</filename>
	<title>Брэдбери Рэй Дуглас. Чепушинка</title>
</book>
<book>
	<filename>bryedberi_ryei/bryedberi_ryei_chertovo_koleso.fb2.zip</filename>
	<title>Брэдбери Рэй Дуглас. Чертово колесо</title>
</book>
<book>
	<filename>bryedberi_ryei/bryedberi_ryei_chikagskaya_bezdna.fb2.zip</filename>
	<title>Брэдбери Рэй Дуглас. Чикагская бездна</title>
</book>
<book>
	<filename>bryedberi_ryei/bryedberi_ryei_chudesa_i_dikoviny_peredai_dalshe.fb2.zip</filename>
	<title>Брэдбери Рэй Дуглас. Чудеса и диковины! Передай дальше!</title>
</book>
<book>
	<filename>bryedberi_ryei/bryedberi_ryei_chudesnyi_kostyum_cveta_slivochnogo_morozhenogo.fb2.zip</filename>
	<title>Брэдбери Рэй Дуглас. Чудесный костюм цвета сливочного мороженого</title>
</book>
<book>
	<filename>bryedberi_ryei/bryedberi_ryei_daleko_za_polnoch.fb2.zip</filename>
	<title>Брэдбери Рэй Дуглас. Далеко за полночь</title>
</book>
<book>
	<filename>bryedberi_ryei/bryedberi_ryei_davaite_vse_ubem_konstanciyu.fb2.zip</filename>
	<title>Брэдбери Рэй Дуглас. Давайте все убьем Констанцию</title>
</book>
<book>
	<filename>bryedberi_ryei/bryedberi_ryei_delo_zhizni_huana_diasa.fb2.zip</filename>
	<title>Брэдбери Рэй Дуглас. Дело жизни Хуана Диаса</title>
</book>
<book>
	<filename>bryedberi_ryei/bryedberi_ryei_drakon.fb2.zip</filename>
	<title>Брэдбери Рэй Дуглас. Дракон</title>
</book>
<book>
	<filename>bryedberi_ryei/bryedberi_ryei_drugie_vremena.fb2.zip</filename>
	<title>Брэдбери Рэй. Другие времена</title>
</book>
<book>
	<filename>bryedberi_ryei/bryedberi_ryei_dyadyushka_yeinar.fb2.zip</filename>
	<title>Брэдбери Рэй. Дядюшка Эйнар</title>
</book>
<book>
	<filename>bryedberi_ryei/bryedberi_ryei_genrih_ix.fb2.zip</filename>
	<title>Брэдбери Рэй Дуглас. Генрих IX</title>
</book>
<book>
	<filename>bryedberi_ryei/bryedberi_ryei_gorod.fb2.zip</filename>
	<title>Брэдбери Рэй. Город</title>
</book>
<book>
	<filename>bryedberi_ryei/bryedberi_ryei_i_gryanul_grom.fb2.zip</filename>
	<title>Брэдбери Рэй Дуглас. И грянул гром...</title>
</book>
<book>
	<filename>bryedberi_ryei/bryedberi_ryei_ikar_mongolfe_rait.fb2.zip</filename>
	<title>Брэдбери Рэй Дуглас. Икар Монгольфье Райт</title>
</book>
<book>
	<filename>bryedberi_ryei/bryedberi_ryei_i_vsetaki_nash.fb2.zip</filename>
	<title>Брэдбери Рэй Дуглас. И все-таки наш…</title>
</book>
<book>
	<filename>bryedberi_ryei/bryedberi_ryei_izgnanniki.fb2.zip</filename>
	<title>Брэдбери Рэй. Изгнанники</title>
</book>
<book>
	<filename>bryedberi_ryei/bryedberi_ryei_iz_praha_vosstavshie.fb2.zip</filename>
	<title>Брэдбери Рэй Дуглас. Из праха восставшие</title>
</book>
<book>
	<filename>bryedberi_ryei/bryedberi_ryei_kak_moryak_vozvrashaetsya_s_morya.fb2.zip</filename>
	<title>Брэдбери Рэй Дуглас. Как моряк возвращается с моря</title>
</book>
<book>
	<filename>bryedberi_ryei/bryedberi_ryei_kak_umerla_ryabushinskaya.fb2.zip</filename>
	<title>Брэдбери Рэй Дуглас. Как умерла Рябушинская</title>
</book>
<book>
	<filename>bryedberi_ryei/bryedberi_ryei_kaleidoskop.fb2.zip</filename>
	<title>Брэдбери Рэй. Калейдоскоп</title>
</book>
<book>
	<filename>bryedberi_ryei/bryedberi_ryei_kanikuly.fb2.zip</filename>
	<title>Брэдбери Рэй Дуглас. Каникулы</title>
</book>
<book>
	<filename>bryedberi_ryei/bryedberi_ryei_kanun_vseh_svyatyh.fb2.zip</filename>
	<title>Брэдбери Рэй Дуглас. Канун всех святых</title>
</book>
<book>
	<filename>bryedberi_ryei/bryedberi_ryei_kapelka_neterpimosti.fb2.zip</filename>
	<title>Брэдбери Рэй Дуглас. Капелька нетерпимости</title>
</book>
<book>
	<filename>bryedberi_ryei/bryedberi_ryei_konvektor_toinbi.fb2.zip</filename>
	<title>Брэдбери Рэй Дуглас. Конвектор Тойнби</title>
</book>
<book>
	<filename>bryedberi_ryei/bryedberi_ryei_korporaciya_marionetki.fb2.zip</filename>
	<title>Брэдбери Рэй. Корпорация «Марионетки»</title>
</book>
<book>
	<filename>bryedberi_ryei/bryedberi_ryei_kosa.fb2.zip</filename>
	<title>Брэдбери Рэй Дуглас. Коса</title>
</book>
<book>
	<filename>bryedberi_ryei/bryedberi_ryei_koshkimyshki.fb2.zip</filename>
	<title>Брэдбери Рэй. Кошки-мышки</title>
</book>
<book>
	<filename>bryedberi_ryei/bryedberi_ryei_koshkina_pizhama.fb2.zip</filename>
	<title>Брэдбери Рэй Дуглас. Кошкина пижама</title>
</book>
<book>
	<filename>bryedberi_ryei/bryedberi_ryei_kukolka.fb2.zip</filename>
	<title>Брэдбери Рэй Дуглас. Куколка</title>
</book>
<book>
	<filename>bryedberi_ryei/bryedberi_ryei_kukolnik.fb2.zip</filename>
	<title>Брэдбери Рэй Дуглас. Кукольник</title>
</book>
<book>
	<filename>bryedberi_ryei/bryedberi_ryei_lazar_vosstan.fb2.zip</filename>
	<title>Брэдбери Рэй Дуглас. Лазарь, восстань!</title>
</book>
<book>
	<filename>bryedberi_ryei/bryedberi_ryei_led_i_plamya.fb2.zip</filename>
	<title>Брэдбери Рэй Дуглас. Лед и пламя</title>
</book>
<book>
	<filename>bryedberi_ryei/bryedberi_ryei_lekarstvo_ot_melanholii.fb2.zip</filename>
	<title>Брэдбери Рэй Дуглас. Лекарство от меланхолии</title>
</book>
<book>
	<filename>bryedberi_ryei/bryedberi_ryei_leto_proshai.fb2.zip</filename>
	<title>Брэдбери Рэй Дуглас. Лето, прощай</title>
</book>
<book>
	<filename>bryedberi_ryei/bryedberi_ryei_lihoradka.fb2.zip</filename>
	<title>Брэдбери Рэй Дуглас. Лихорадка</title>
</book>
<book>
	<filename>bryedberi_ryei/bryedberi_ryei_lug.fb2.zip</filename>
	<title>Брэдбери Рэй Дуглас. Луг</title>
</book>
<book>
	<filename>bryedberi_ryei/bryedberi_ryei_malenkii_ubiica.fb2.zip</filename>
	<title>Брэдбери Рэй. Маленький убийца</title>
</book>
<book>
	<filename>bryedberi_ryei/bryedberi_ryei_marsianskie_hroniki.fb2.zip</filename>
	<title>Брэдбери Рэй Дуглас. Марсианские хроники</title>
</book>
<book>
	<filename>bryedberi_ryei/bryedberi_ryei_mashina_do_kilimandzharo.fb2.zip</filename>
	<title>Брэдбери Рэй Дуглас. Машина до Килиманджаро</title>
</book>
<book>
	<filename>bryedberi_ryei/bryedberi_ryei_mehanizmy_radosti.fb2.zip</filename>
	<title>Брэдбери Рэй Дуглас. Механизмы радости</title>
</book>
<book>
	<filename>bryedberi_ryei/bryedberi_ryei_mgnovenie_v_luchah_solnca.fb2.zip</filename>
	<title>Брэдбери Рэй Дуглас. Мгновение в лучах солнца</title>
</book>
<book>
	<filename>bryedberi_ryei/bryedberi_ryei_mozhet_byt_my_uzhe_uhodim.fb2.zip</filename>
	<title>Брэдбери Рэй. Может быть, мы уже уходим</title>
</book>
<book>
	<filename>bryedberi_ryei/bryedberi_ryei_myshata.fb2.zip</filename>
	<title>Брэдбери Рэй Дуглас. Мышата</title>
</book>
<book>
	<filename>bryedberi_ryei/bryedberi_ryei_na_bolshoi_doroge.fb2.zip</filename>
	<title>Брэдбери Рэй. На большой дороге</title>
</book>
<book>
	<filename>bryedberi_ryei/bryedberi_ryei_nadvigaetsya_beda.fb2.zip</filename>
	<title>Брэдбери Рэй Дуглас. Надвигается беда</title>
</book>
<book>
	<filename>bryedberi_ryei/bryedberi_ryei_nakazanie_bez_prestupleniya.fb2.zip</filename>
	<title>Брэдбери Рэй Дуглас. Наказание без преступления</title>
</book>
<book>
	<filename>bryedberi_ryei/bryedberi_ryei_na_pososhok.fb2.zip</filename>
	<title>Брэдбери Рэй Дуглас. На посошок</title>
</book>
<book>
	<filename>bryedberi_ryei/bryedberi_ryei_nechto_neoboznachennoe.fb2.zip</filename>
	<title>Брэдбери Рэй Дуглас. Нечто необозначенное</title>
</book>
<book>
	<filename>bryedberi_ryei/bryedberi_ryei_neskonchaemyi_dozhd.fb2.zip</filename>
	<title>Брэдбери Рэй. Нескончаемый дождь</title>
</book>
<book>
	<filename>bryedberi_ryei/bryedberi_ryei_noch_semi.fb2.zip</filename>
	<title>Брэдбери Рэй Дуглас. Ночь семьи</title>
</book>
<book>
	<filename>bryedberi_ryei/bryedberi_ryei_ognennye_shary.fb2.zip</filename>
	<title>Брэдбери Рэй. Огненные шары</title>
</book>
<book>
	<filename>bryedberi_ryei/bryedberi_ryei_ognennyi_stolp.fb2.zip</filename>
	<title>Брэдбери Рэй Дуглас. Огненный столп</title>
</book>
<book>
	<filename>bryedberi_ryei/bryedberi_ryei_oko_za_oko.fb2.zip</filename>
	<title>Брэдбери Рэй Дуглас. Око за око?</title>
</book>
<book>
	<filename>bryedberi_ryei/bryedberi_ryei_oktyabrskaya_igra.fb2.zip</filename>
	<title>Брэдбери Рэй Дуглас. Октябрьская игра</title>
</book>
<book>
	<filename>bryedberi_ryei/bryedberi_ryei_orudiya_radosti.fb2.zip</filename>
	<title>Брэдбери Рэй Дуглас. Орудия радости</title>
</book>
<book>
	<filename>bryedberi_ryei/bryedberi_ryei_o_skitanyah_vechnyh_i_o_zemle.fb2.zip</filename>
	<title>Брэдбери Рэй Дуглас. О скитаньях вечных и о Земле</title>
</book>
<book>
	<filename>bryedberi_ryei/bryedberi_ryei_otprysk_makgillahi.fb2.zip</filename>
	<title>Брэдбери Рэй Дуглас. Отпрыск Макгиллахи</title>
</book>
<book>
	<filename>bryedberi_ryei/bryedberi_ryei_ozero.fb2.zip</filename>
	<title>Брэдбери Рэй. Озеро</title>
</book>
<book>
	<filename>bryedberi_ryei/bryedberi_ryei_pesochnyi_chelovek.fb2.zip</filename>
	<title>Брэдбери Рэй Дуглас. Песочный человек</title>
</book>
<book>
	<filename>bryedberi_ryei/bryedberi_ryei_pochti_konec_sveta.fb2.zip</filename>
	<title>Брэдбери Рэй Дуглас. Почти конец света</title>
</book>
<book>
	<filename>bryedberi_ryei/bryedberi_ryei_podarok.fb2.zip</filename>
	<title>Брэдбери Рэй Дуглас. Подарок</title>
</book>
<book>
	<filename>bryedberi_ryei/bryedberi_ryei_podmena.fb2.zip</filename>
	<title>Брэдбери Рэй Дуглас. Подмена</title>
</book>
<book>
	<filename>bryedberi_ryei/bryedberi_ryei_poigraem_v_otravu.fb2.zip</filename>
	<title>Брэдбери Рэй. Поиграем в «Отраву»</title>
</book>
<book>
	<filename>bryedberi_ryei/bryedberi_ryei_poprygunchik_v_shkatulke.fb2.zip</filename>
	<title>Брэдбери Рэй. Попрыгунчик в шкатулке</title>
</book>
<book>
	<filename>bryedberi_ryei/bryedberi_ryei_prevrashenie.fb2.zip</filename>
	<title>Брэдбери Рэй Дуглас. Превращение</title>
</book>
<book>
	<filename>bryedberi_ryei/bryedberi_ryei_prishelec.fb2.zip</filename>
	<title>Брэдбери Рэй. Пришелец</title>
</book>
<book>
	<filename>bryedberi_ryei/bryedberi_ryei_prishlo_vremya_dozhdei.fb2.zip</filename>
	<title>Брэдбери Рэй Дуглас. Пришло время дождей</title>
</book>
<book>
	<filename>bryedberi_ryei/bryedberi_ryei_pristalnaya_pokernaya_fishka_raboty_a_matissa.fb2.zip</filename>
	<title>Брэдбери Рэй Дуглас. Пристальная покерная фишка работы А. Матисса</title>
</book>
<book>
	<filename>bryedberi_ryei/bryedberi_ryei_puteshestvie_vo_vremeni.fb2.zip</filename>
	<title>Брэдбери Рэй Дуглас. Путешествие во времени</title>
</book>
<book>
	<filename>bryedberi_ryei/bryedberi_ryei_raketa.fb2.zip</filename>
	<title>Брэдбери Рэй. Ракета</title>
</book>
<book>
	<filename>bryedberi_ryei/bryedberi_ryei_rasskaz_o_lyubvi.fb2.zip</filename>
	<title>Брэдбери Рэй Дуглас. Рассказ о любви</title>
</book>
<book>
	<filename>bryedberi_ryei/bryedberi_ryei_razgovor_oplachen_zaranee.fb2.zip</filename>
	<title>Брэдбери Рэй Дуглас. Разговор оплачен заранее</title>
</book>
<book>
	<filename>bryedberi_ryei/bryedberi_ryei_razroznennye_rasskazy.fb2.zip</filename>
	<title>Брэдбери Рэй Дуглас. Разрозненные рассказы</title>
</book>
<book>
	<filename>bryedberi_ryei/bryedberi_ryei_revun.fb2.zip</filename>
	<title>Брэдбери Рэй Дуглас. Ревун</title>
</book>
<book>
	<filename>bryedberi_ryei/bryedberi_ryei_rzhavchina.fb2.zip</filename>
	<title>Брэдбери Рэй Дуглас. Ржавчина</title>
</book>
<book>
	<filename>bryedberi_ryei/bryedberi_ryei_sbornik_sbornikov.fb2.zip</filename>
	<title>Брэдбери Рэй Дуглас. Сборник сборников</title>
</book>
<book>
	<filename>bryedberi_ryei/bryedberi_ryei_sekret_mudrosti.fb2.zip</filename>
	<title>Брэдбери Рэй Дуглас. Секрет мудрости</title>
</book>
<book>
	<filename>bryedberi_ryei/bryedberi_ryei_semeinyi_altar.fb2.zip</filename>
	<title>Брэдбери Рэй Дуглас. Семейный алтарь</title>
</book>
<book>
	<filename>bryedberi_ryei/bryedberi_ryei_shlem.fb2.zip</filename>
	<title>Брэдбери Рэй Дуглас. Шлем</title>
</book>
<book>
	<filename>bryedberi_ryei/bryedberi_ryei_sinyaya_butylka.fb2.zip</filename>
	<title>Брэдбери Рэй Дуглас. Синяя бутылка</title>
</book>
<book>
	<filename>bryedberi_ryei/bryedberi_ryei_smert_delo_odinokoe.fb2.zip</filename>
	<title>Брэдбери Рэй Дуглас. Смерть — дело одинокое</title>
</book>
<book>
	<filename>bryedberi_ryei/bryedberi_ryei_smert_i_deva.fb2.zip</filename>
	<title>Брэдбери Рэй Дуглас. Смерть и дева</title>
</book>
<book>
	<filename>bryedberi_ryei/bryedberi_ryei_spustis_v_moi_podval.fb2.zip</filename>
	<title>Брэдбери Рэй Дуглас. Спустись в мой подвал</title>
</book>
<book>
	<filename>bryedberi_ryei/bryedberi_ryei_strannica.fb2.zip</filename>
	<title>Брэдбери Рэй Дуглас. Странница</title>
</book>
<book>
	<filename>bryedberi_ryei/bryedberi_ryei_temnyi_karnaval.fb2.zip</filename>
	<title>Брэдбери Рэй Дуглас. Темный карнавал</title>
</book>
<book>
	<filename>bryedberi_ryei/bryedberi_ryei_to_li_noch_to_li_utro.fb2.zip</filename>
	<title>Брэдбери Рэй. То ли ночь, то ли утро</title>
</book>
<book>
	<filename>bryedberi_ryei/bryedberi_ryei_tot_kto_zhdet.fb2.zip</filename>
	<title>Брэдбери Рэй Дуглас. Тот, кто ждет</title>
</book>
<book>
	<filename>bryedberi_ryei/bryedberi_ryei_truba.fb2.zip</filename>
	<title>Брэдбери Рэй. Труба</title>
</book>
<book>
	<filename>bryedberi_ryei/bryedberi_ryei_udivitelnaya_konchina_dadli_stouna.fb2.zip</filename>
	<title>Брэдбери Рэй Дуглас. Удивительная кончина Дадли Стоуна</title>
</book>
<book>
	<filename>bryedberi_ryei/bryedberi_ryei_ulybayusheesya_semeistvo.fb2.zip</filename>
	<title>Брэдбери Рэй. Улыбающееся семейство</title>
</book>
<book>
	<filename>bryedberi_ryei/bryedberi_ryei_urochnyi_chas.fb2.zip</filename>
	<title>Брэдбери Рэй. Урочный час</title>
</book>
<book>
	<filename>bryedberi_ryei/bryedberi_ryei_usnuvshii_v_armageddone.fb2.zip</filename>
	<title>Брэдбери Рэй Дуглас. Уснувший в Армагеддоне</title>
</book>
<book>
	<filename>bryedberi_ryei/bryedberi_ryei_v_dni_vechnoi_vesny.fb2.zip</filename>
	<title>Брэдбери Рэй Дуглас. В дни вечной весны</title>
</book>
<book>
	<filename>bryedberi_ryei/bryedberi_ryei_veld.fb2.zip</filename>
	<title>Брэдбери Рэй. Вельд</title>
</book>
<book>
	<filename>bryedberi_ryei/bryedberi_ryei_veter.fb2.zip</filename>
	<title>Брэдбери Рэй. Ветер</title>
</book>
<book>
	<filename>bryedberi_ryei/bryedberi_ryei_veter_iz_gettisberga.fb2.zip</filename>
	<title>Брэдбери Рэй. Ветер из Геттисберга</title>
</book>
<book>
	<filename>bryedberi_ryei/bryedberi_ryei_vino_iz_oduvanchikov.fb2.zip</filename>
	<title>Брэдбери Рэй Дуглас. Вино из одуванчиков</title>
</book>
<book>
	<filename>bryedberi_ryei/bryedberi_ryei_v_mgnovenie_oka.fb2.zip</filename>
	<title>Брэдбери Рэй Дуглас. В мгновение ока</title>
</book>
<book>
	<filename>bryedberi_ryei/bryedberi_ryei_voronya_staya.fb2.zip</filename>
	<title>Брэдбери Рэй. Воронья стая</title>
</book>
<book>
	<filename>bryedberi_ryei/bryedberi_ryei_vospominanie_ob_ubiistve.fb2.zip</filename>
	<title>Брэдбери Рэй Дуглас. Воспоминание об убийстве</title>
</book>
<book>
	<filename>bryedberi_ryei/bryedberi_ryei_vozhdenie_vslepuyu.fb2.zip</filename>
	<title>Брэдбери Рэй Дуглас. Вождение вслепую</title>
</book>
<book>
	<filename>bryedberi_ryei/bryedberi_ryei_vozvrashenie.fb2.zip</filename>
	<title>Брэдбери Рэй. Возвращение</title>
</book>
<book>
	<filename>bryedberi_ryei/bryedberi_ryei_vse_leto_v_odin_den.fb2.zip</filename>
	<title>Брэдбери Рэй Дуглас. Все лето в один день</title>
</book>
<book>
	<filename>bryedberi_ryei/bryedberi_ryei_vysshee_iz_blazhenstv.fb2.zip</filename>
	<title>Брэдбери Рэй. Высшее из блаженств</title>
</book>
<book>
	<filename>bryedberi_ryei/bryedberi_ryei_yelektricheskoe_telo_poyu.fb2.zip</filename>
	<title>Брэдбери Рэй Дуглас. Электрическое тело пою!</title>
</book>
<book>
	<filename>bryedberi_ryei/bryedberi_ryei_zavtra_konec_sveta.fb2.zip</filename>
	<title>Брэдбери Рэй. Завтра конец света</title>
</book>
<book>
	<filename>bryedberi_ryei/bryedberi_ryei_zdravstvui_i_proshai.fb2.zip</filename>
	<title>Брэдбери Рэй Дуглас. Здравствуй и прощай</title>
</book>
<book>
	<filename>bryedberi_ryei/bryedberi_ryei_zelenye_teni_belyi_kit.fb2.zip</filename>
	<title>Брэдбери Рэй Дуглас. Зеленые тени, Белый Кит</title>
</book>
<book>
	<filename>bryedberi_ryei/bryedberi_ryei_zhelanie.fb2.zip</filename>
	<title>Брэдбери Рэй Дуглас. Желание</title>
</book>
<book>
	<filename>bryedberi_ryei/bryedberi_ryei_zhilec_iz_verhnei_komnaty.fb2.zip</filename>
	<title>Брэдбери Рэй. Жилец из верхней комнаты</title>
</book>
<book>
	<filename>bryedberi_ryei/bryedberi_ryei_zhilec_iz_verhnei_kvartiry.fb2.zip</filename>
	<title>Брэдбери Рэй Дуглас. Жилец из верхней квартиры</title>
</book>
<book>
	<filename>bryedberi_ryei/bryedberi_ryei_zolotoglazye.fb2.zip</filename>
	<title>Брэдбери Рэй Дуглас. Золотоглазые</title>
</book>
<book>
	<filename>bryedberi_ryei/bryedberi_ryei_zolotye_yabloki_solnca.fb2.zip</filename>
	<title>Брэдбери Рэй Дуглас. Золотые яблоки Солнца</title>
</book>
<book>
	<filename>bryeddon_myeri/bryeddon_myeri_lyubimyi_vrag.fb2.zip</filename>
	<title>Брэддон Мэри Элизабет. Любимый враг</title>
</book>
<book>
	<filename>bryedford_barbara/bryedford_barbara_angel.fb2.zip</filename>
	<title>Брэдфорд Барбара Тейлор. Ангел</title>
</book>
<book>
	<filename>bryedford_barbara/bryedford_barbara_byt_luchshei.fb2.zip</filename>
	<title>Брэдфорд Барбара Тейлор. Быть лучшей</title>
</book>
<book>
	<filename>bryedford_barbara/bryedford_barbara_ee_sobstvennye_pravila.fb2.zip</filename>
	<title>Брэдфорд Барбара Тейлор. Ее собственные правила</title>
</book>
<book>
	<filename>bryedford_barbara/bryedford_barbara_muzhchiny_v_ee_zhizni.fb2.zip</filename>
	<title>Брэдфорд Барбара Тейлор. Мужчины в ее жизни</title>
</book>
<book>
	<filename>bryedford_barbara/bryedford_barbara_muzhchiny_v_ee_zhizni_uderzhat_mechtu.fb2.zip</filename>
	<title>Брэдфорд Барбара Тейлор. Мужчины в ее жизни (Удержать мечту)</title>
</book>
<book>
	<filename>bryedford_barbara/bryedford_barbara_sostoyatelnaya_zhenshina_kniga_1.fb2.zip</filename>
	<title>Брэдфорд Барбара Тейлор. Состоятельная женщина. Книга 1</title>
</book>
<book>
	<filename>bryedford_barbara/bryedford_barbara_sostoyatelnaya_zhenshina_kniga_2.fb2.zip</filename>
	<title>Брэдфорд Барбара Тейлор. Состоятельная женщина. Книга 2</title>
</book>
<book>
	<filename>bryedford_barbara/bryedford_barbara_tak_daleko_tak_blizko.fb2.zip</filename>
	<title>Брэдфорд Барбара Тейлор. Так далеко, так близко...</title>
</book>
<book>
	<filename>bryedford_barbara/bryedford_barbara_tri_dnya_v_venecii.fb2.zip</filename>
	<title>Брэдфорд Барбара Тейлор. Три дня в Венеции</title>
</book>
<book>
	<filename>bryedford_barbara/bryedford_barbara_uderzhat_mechtu_kniga_1.fb2.zip</filename>
	<title>Брэдфорд Барбара Тейлор. Удержать мечту. Книга 1</title>
</book>
<book>
	<filename>bryedford_barbara/bryedford_barbara_uderzhat_mechtu_kniga_2.fb2.zip</filename>
	<title>Брэдфорд Барбара Тейлор. Удержать мечту. Книга 2</title>
</book>
<book>
	<filename>bryedford_barbara/bryedford_barbara_vlast_zhenshiny.fb2.zip</filename>
	<title>Брэдфорд Барбара Тейлор. Власть женщины</title>
</book>
<book>
	<filename>bryedford_barbara/bryedford_barbara_volevoi_postupok.fb2.zip</filename>
	<title>Брэдфорд Барбара Тейлор. Волевой поступок</title>
</book>
<book>
	<filename>bryedford_barbara/bryedford_barbara_zhenshiny_v_ego_zhizni.fb2.zip</filename>
	<title>Брэдфорд Барбара Тейлор. Женщины в его жизни</title>
</book>
<book>
	<filename>bryedli_lora/bryedli_lora_besporyadochnye_svyazi.fb2.zip</filename>
	<title>Брэдли Лора. Беспорядочные связи</title>
</book>
<book>
	<filename>bryedli_myerion/bryedli_myerion_chernoe_i_beloe.fb2.zip</filename>
	<title>Брэдли Мэрион Зиммер. Черное и белое</title>
</book>
<book>
	<filename>bryedli_myerion/bryedli_myerion_dva_zavoevatelya.fb2.zip</filename>
	<title>Брэдли Мэрион Зиммер. Два завоевателя</title>
</book>
<book>
	<filename>bryedli_myerion/bryedli_myerion_dzheki_i_sverhnovaya.fb2.zip</filename>
	<title>Брэдли Мэрион Зиммер. Джеки и сверхновая</title>
</book>
<book>
	<filename>bryedli_myerion/bryedli_myerion_koroleva_bur.fb2.zip</filename>
	<title>Брэдли Мэрион Зиммер. Королева бурь</title>
</book>
<book>
	<filename>bryedli_myerion/bryedli_myerion_korololen.fb2.zip</filename>
	<title>Брэдли Мэрион Зиммер. Король-олень</title>
</book>
<book>
	<filename>bryedli_myerion/bryedli_myerion_krovavoe_solnce.fb2.zip</filename>
	<title>Брэдли Мэрион Зиммер. Кровавое солнце</title>
</book>
<book>
	<filename>bryedli_myerion/bryedli_myerion_ledi_trilliuma.fb2.zip</filename>
	<title>Брэдли Мэрион Зиммер. Леди Триллиума</title>
</book>
<book>
	<filename>bryedli_myerion/bryedli_myerion_lesnaya_obitel.fb2.zip</filename>
	<title>Брэдли Мэрион Зиммер. Лесная обитель</title>
</book>
<book>
	<filename>bryedli_myerion/bryedli_myerion_nasledniki_hamerfela.fb2.zip</filename>
	<title>Брэдли Мэрион Зиммер. Наследники Хамерфела</title>
</book>
<book>
	<filename>bryedli_myerion/bryedli_myerion_nochnoi_prishelec.fb2.zip</filename>
	<title>Брэдли Мэрион Зиммер. Ночной пришелец</title>
</book>
<book>
	<filename>bryedli_myerion/bryedli_myerion_ohotniki_krasnoi_luny.fb2.zip</filename>
	<title>Брэдли Мэрион Зиммер. Охотники Красной Луны</title>
</book>
<book>
	<filename>bryedli_myerion/bryedli_myerion_plennik_duba.fb2.zip</filename>
	<title>Брэдли Мэрион Зиммер. Пленник дуба</title>
</book>
<book>
	<filename>bryedli_myerion/bryedli_myerion_povelitelnica_yastreba.fb2.zip</filename>
	<title>Брэдли Мэрион Зиммер. Повелительница ястреба</title>
</book>
<book>
	<filename>bryedli_myerion/bryedli_myerion_prizrachnyi_svet.fb2.zip</filename>
	<title>Брэдли Мэрион Зиммер. Призрачный свет</title>
</book>
<book>
	<filename>bryedli_myerion/bryedli_myerion_rezultativnaya_terapiya.fb2.zip</filename>
	<title>Брэдли Мэрион Зиммр. Результативная терапия</title>
</book>
<book>
	<filename>bryedli_myerion/bryedli_myerion_ruiny_izidy.fb2.zip</filename>
	<title>Брэдли Мэрион Зиммер. Руины Изиды</title>
</book>
<book>
	<filename>bryedli_myerion/bryedli_myerion_smert_sredi_zvezd.fb2.zip</filename>
	<title>Брэдли Мэрион Зиммер. Смерть среди звезд</title>
</book>
<book>
	<filename>bryedli_myerion/bryedli_myerion_ssylka_v_proshloe.fb2.zip</filename>
	<title>Брэдли Мэрион Зиммер. Ссылка в прошлое</title>
</book>
<book>
	<filename>bryedli_myerion/bryedli_myerion_tigr_svetlo_goryashii.fb2.zip</filename>
	<title>Брэдли Мэрион Зиммер. Тигр, светло горящий</title>
</book>
<book>
	<filename>bryedli_myerion/bryedli_myerion_ucelevshie.fb2.zip</filename>
	<title>Брэдли Мэрион Зиммер. Уцелевшие</title>
</book>
<book>
	<filename>bryedli_myerion/bryedli_myerion_verhovnaya_koroleva.fb2.zip</filename>
	<title>Брэдли Мэрион Зиммер. Верховная королева</title>
</book>
<book>
	<filename>bryedli_myerion/bryedli_myerion_vladychica_magii.fb2.zip</filename>
	<title>Брэдли Мэрион Зиммер. Владычица магии</title>
</book>
<book>
	<filename>bryedli_myerion/bryedli_myerion_vynuzhdennaya_posadka.fb2.zip</filename>
	<title>Брэдли Мэрион Зиммер. Вынужденная посадка</title>
</book>
<book>
	<filename>bryedli_myerion/bryedli_myerion_zvezdy_zhdut.fb2.zip</filename>
	<title>Брэдли Мэрион Зиммер. Звезды ждут</title>
</book>
<book>
	<filename>bryedli_selesta/bryedli_selesta_moshennik.fb2.zip</filename>
	<title>Брэдли Селеста. Мошенник</title>
</book>
<book>
	<filename>bryedli_selesta/bryedli_selesta_nochnoi_gost.fb2.zip</filename>
	<title>Брэдли Селеста. Ночной гость</title>
</book>
<book>
	<filename>bryedli_selesta/bryedli_selesta_obayatelnyi_poklonnik.fb2.zip</filename>
	<title>Брэдли Селеста. Обаятельный поклонник</title>
</book>
<book>
	<filename>bryedli_selesta/bryedli_selesta_odna_noch_so_shpionom.fb2.zip</filename>
	<title>Брэдли Селеста. Одна ночь со шпионом</title>
</book>
<book>
	<filename>bryedli_selesta/bryedli_selesta_pritvorshik.fb2.zip</filename>
	<title>Брэдли Селеста. Притворщик</title>
</book>
<book>
	<filename>bryedli_selesta/bryedli_selesta_samozvanec.fb2.zip</filename>
	<title>Брэдли Селеста. Самозванец</title>
</book>
<book>
	<filename>bryedli_selesta/bryedli_selesta_shpion.fb2.zip</filename>
	<title>Брэдли Селеста. Шпион</title>
</book>
<book>
	<filename>bryedli_selesta/bryedli_selesta_soblaznit_shpiona.fb2.zip</filename>
	<title>Брэдли Селеста. Соблазнить шпиона</title>
</book>
<book>
	<filename>bryedli_selesta/bryedli_selesta_vse_tvoi_tainy.fb2.zip</filename>
	<title>Брэдли Селеста. Все твои тайны</title>
</book>

</books>

