<?xml version="1.0" encoding="UTF-8" ?>
<books>

<book>
	<filename>bahtadze_mihail/bahtadze_mihail_istoriya_gruzii_s_drevneishih_vremen_do_nashih_dnei.fb2.zip</filename>
	<title>Бахтадзе Михаил Александрович. История Грузии (с древнейших времен до наших дней)</title>
</book>
<book>
	<filename>bahtamov_rafail/bahtamov_rafail_vlastelin_oksimira.fb2.zip</filename>
	<title>Бахтамов Рафаил. Властелин Окси-мира</title>
</book>
<book>
	<filename>bahvalov_aleksandr/bahvalov_aleksandr_nezhnost_k_revushemu_zveryu.fb2.zip</filename>
	<title>Бахвалов Александр. Нежность к ревущему зверю</title>
</book>
<book>
	<filename>bahvalov_aleksandr/bahvalov_aleksandr_zona_ispytanii.fb2.zip</filename>
	<title>Бахвалов Александр. Зона испытаний</title>
</book>
<book>
	<filename>baiard_samanta/baiard_samanta_polnochnaya_zhara.fb2.zip</filename>
	<title>Байард Саманта. Полночная жара</title>
</book>
<book>
	<filename>baiborodin_aleksandr/baiborodin_aleksandr_urukhai_ili_puteshestvie_tuda.fb2.zip</filename>
	<title>Байбородин Александр Владимирович. Урук-хай, или Путешествие Туда…</title>
</book>
<book>
	<filename>baidakova_irina/baidakova_irina_samogon_i_drugie_spirtnye_napitki_domashnego_prigotovleniya.fb2.zip</filename>
	<title>Байдакова Ирина. Самогон и другие спиртные напитки домашнего приготовления</title>
</book>
<book>
	<filename>baiers_kordiya/baiers_kordiya_devon_sladostrastnye_snovideniya.fb2.zip</filename>
	<title>Байерс Кордия. Девон: Сладострастные сновидения</title>
</book>
<book>
	<filename>baiers_richard/baiers_richard_otrechenie.fb2.zip</filename>
	<title>Байерс Ричард Ли. Отречение</title>
</book>
<book>
	<filename>baiers_richard/baiers_richard_ritual.fb2.zip</filename>
	<title>Байерс Ричард Ли. Ритуал</title>
</book>
<book>
	<filename>baiers_richard/baiers_richard_yarost.fb2.zip</filename>
	<title>Байерс Ричард Ли. Ярость</title>
</book>
<book>
	<filename>baiett_antoniya/baiett_antoniya_angel_supruzhestva.fb2.zip</filename>
	<title>Байетт Антония. Ангел супружества</title>
</book>
<book>
	<filename>baiett_antoniya/baiett_antoniya_morfo_evgeniya.fb2.zip</filename>
	<title>Байетт Антония. Морфо Евгения</title>
</book>
<book>
	<filename>baiett_antoniya/baiett_antoniya_obladat.fb2.zip</filename>
	<title>Байетт Антония. Обладать</title>
</book>
<book>
	<filename>baikalov_dmitrii/baikalov_dmitrii_lyubite_li_vy_fantastiku_tak.fb2.zip</filename>
	<title>Байкалов Дмитрий. Любите ли вы фантастику так</title>
</book>
<book>
	<filename>bairon_dzhordzh/bairon_dzhordzh_angliiskaya_klassicheskaya_yepigramma.fb2.zip</filename>
	<title>Байрон Джордж Гордон. Английская классическая эпиграмма</title>
</book>
<book>
	<filename>baiyard_dzhin/baiyard_dzhin_vash_bespokoinyi_podrostok_prakticheskoe_rukovodstvo_dlya_otchayavshihsya_roditelei.fb2.zip</filename>
	<title>Байярд Джин. Ваш беспокойный подросток. Практическое руководство для отчаявшихся родителей</title>
</book>
<book>
	<filename>baiyard_robert/baiyard_robert_vash_bespokoinyi_podrostok_prakticheskoe_rukovodstvo_dlya_otchayavshihsya_roditelei.fb2.zip</filename>
	<title>Байярд Роберт Т. Ваш беспокойный подросток. Практическое руководство для отчаявшихся родителей</title>
</book>
<book>
	<filename>baiyar_lui/baiyar_lui_vsevidyashee_oko.fb2.zip</filename>
	<title>Байяр Луи. Всевидящее око</title>
</book>
<book>
	<filename>baiyar_zhorzh/baiyar_zhorzh_mishel_i_mashinaprizrak.fb2.zip</filename>
	<title>Байяр Жорж. Мишель и машина-призрак</title>
</book>
<book>
	<filename>baiyar_zhorzh/baiyar_zhorzh_mishel_i_starinnyi_fotoapparat.fb2.zip</filename>
	<title>Байяр Жорж. Мишель и старинный фотоаппарат</title>
</book>
<book>
	<filename>baiyar_zhorzh/baiyar_zhorzh_mishelmushketer.fb2.zip</filename>
	<title>Байяр Жорж. Мишель-мушкетер</title>
</book>
<book>
	<filename>baiyar_zhorzh/baiyar_zhorzh_mishel_u_chertova_istochnika.fb2.zip</filename>
	<title>Байяр Жорж. Мишель у Чертова источника</title>
</book>
<book>
	<filename>baiyar_zhorzh/baiyar_zhorzh_mishel_v_hizhine_sherifa.fb2.zip</filename>
	<title>Байяр Жорж. Мишель в «Хижине шерифа»</title>
</book>
<book>
	<filename>bakell_tobias/bakell_tobias_hrustalnyi_dozhd.fb2.zip</filename>
	<title>Бакелл Тобиас. Хрустальный дождь</title>
</book>
<book>
	<filename>bak_geil/bak_geil_iskusstvo_obolsheniya.fb2.zip</filename>
	<title>Бак Гейл. Искусство обольщения</title>
</book>
<book>
	<filename>bak_geil/bak_geil_lyubov_k_lyusinde.fb2.zip</filename>
	<title>Бак Гейл. Любовь к Люсинде</title>
</book>
<book>
	<filename>bakiev_amur/bakiev_amur_legiony_idut_za_dunai.fb2.zip</filename>
	<title>Бакиев Амур. Легионы идут за Дунай</title>
</book>
<book>
	<filename>bakirov_anvar/bakirov_anvar_s_chego_nachinaetsya_nlp.fb2.zip</filename>
	<title>Бакиров Анвар. С чего начинается НЛП</title>
</book>
<book>
	<filename>bak_kyerol/bak_kyerol_nesgoraemaya_strast.fb2.zip</filename>
	<title>Бак Кэрол. Несгораемая страсть</title>
</book>
<book>
	<filename>baklanov_grigorii/baklanov_grigorii_byl_mesyac_mai.fb2.zip</filename>
	<title>Бакланов Григорий Яковлевич. Был месяц май</title>
</book>
<book>
	<filename>baklanov_grigorii/baklanov_grigorii_iyul_41_goda.fb2.zip</filename>
	<title>Бакланов Григорий Яковлевич. Июль 41 года</title>
</book>
<book>
	<filename>baklanov_grigorii/baklanov_grigorii_kak_ya_poteryal_pervenstvo.fb2.zip</filename>
	<title>Бакланов Григорий Яковлевич. Как я потерял первенство</title>
</book>
<book>
	<filename>baklanov_grigorii/baklanov_grigorii_myortvye_sramu_ne_imut.fb2.zip</filename>
	<title>Бакланов Григорий Яковлевич. Мёртвые сраму не имут</title>
</book>
<book>
	<filename>baklanov_grigorii/baklanov_grigorii_naveki_devyatnadcatiletnie.fb2.zip</filename>
	<title>Бакланов Григорий Яковлевич. Навеки — девятнадцатилетние</title>
</book>
<book>
	<filename>baklanov_grigorii/baklanov_grigorii_yuzhnee_glavnogo_udara.fb2.zip</filename>
	<title>Бакланов Григорий Яковлевич. Южнее главного удара</title>
</book>
<book>
	<filename>baklend_ryeimond/baklend_ryeimond_cygane_tainy_zhizni_i_tradicii.fb2.zip</filename>
	<title>Бакленд Рэймонд. Цыгане. Тайны жизни и традиции</title>
</book>
<book>
	<filename>bakliarcher_linda/bakliarcher_linda_pryzhok_v_proshloe.fb2.zip</filename>
	<title>Бакли-Арчер Линда. Прыжок в прошлое</title>
</book>
<book>
	<filename>bakli_kristofer/bakli_kristofer_debaty_pod_martini.fb2.zip</filename>
	<title>Бакли Кристофер. Дебаты под Martini</title>
</book>
<book>
	<filename>bakli_kristofer/bakli_kristofer_florens_araviiskaya_chast_1.fb2.zip</filename>
	<title>Бакли Кристофер. Флоренс Аравийская (Часть 1)</title>
</book>
<book>
	<filename>bakli_kristofer/bakli_kristofer_florens_araviiskaya.fb2.zip</filename>
	<title>Бакли Кристофер. Флоренс Аравийская</title>
</book>
<book>
	<filename>bakli_kristofer/bakli_kristofer_gospod_moi_broker.fb2.zip</filename>
	<title>Бакли Кристофер. Господь — мой брокер</title>
</book>
<book>
	<filename>bakli_kristofer/bakli_kristofer_sumatoha_v_belom_dome.fb2.zip</filename>
	<title>Бакли Кристофер. Суматоха в Белом Доме</title>
</book>
<book>
	<filename>bakli_kristofer/bakli_kristofer_zdes_kuryat.fb2.zip</filename>
	<title>Бакли Кристофер Т. Здесь курят</title>
</book>
<book>
	<filename>baklina_natalya/baklina_natalya_gadkii_utenok_ili_povest_o_pervoi_lyubvi.fb2.zip</filename>
	<title>Баклина Наталья. Гадкий утенок, или Повесть о первой любви</title>
</book>
<book>
	<filename>baklina_natalya/baklina_natalya_veer_s_geishami.fb2.zip</filename>
	<title>Баклина Наталья. Веер с гейшами</title>
</book>
<book>
	<filename>bakli_yemerald/bakli_yemerald_izbrannye_lyubovyu.fb2.zip</filename>
	<title>Бакли Эмеральд. Избранные любовью</title>
</book>
<book>
	<filename>bakli_yemerald/bakli_yemerald_snova_vlyublena.fb2.zip</filename>
	<title>Бакли Эмеральд. Снова влюблена?</title>
</book>
<book>
	<filename>bakonina_marianna/bakonina_marianna_devyat_grammov_plastita.fb2.zip</filename>
	<title>Баконина Марианна. Девять граммов пластита</title>
</book>
<book>
	<filename>bakonina_marianna/bakonina_marianna_shkola_dvoinikov.fb2.zip</filename>
	<title>Баконина Марианна. Школа двойников</title>
</book>
<book>
	<filename>bak_perl/bak_perl_otec_andrea.fb2.zip</filename>
	<title>Бак Перл С. Отец Андреа</title>
</book>
<book>
	<filename>bakster_klyer/bakster_klyer_sem_ya.fb2.zip</filename>
	<title>Бакстер Клэр. Семь «Я»</title>
</book>
<book>
	<filename>bakster_klyer/bakster_klyer_solnce_v_bokale.fb2.zip</filename>
	<title>Бакстер Клэр. Солнце в бокале</title>
</book>
<book>
	<filename>bakster_myeri/bakster_myeri_bylaya_lyubov.fb2.zip</filename>
	<title>Бакстер Мэри Линн. Былая любовь</title>
</book>
<book>
	<filename>bakster_myeri/bakster_myeri_nebo_na_ladoni.fb2.zip</filename>
	<title>Бакстер Мэри Линн. Небо на ладони</title>
</book>
<book>
	<filename>bakster_myeri/bakster_myeri_ogni_yuga.fb2.zip</filename>
	<title>Бакстер Мэри Линн. Огни юга</title>
</book>
<book>
	<filename>bakster_myeri/bakster_myeri_po_obe_storony_lyubvi.fb2.zip</filename>
	<title>Бакстер Мэри Линн. По обе стороны любви</title>
</book>
<book>
	<filename>bakster_myeri/bakster_myeri_sladkoe_vozmezdie.fb2.zip</filename>
	<title>Бакстер Мэри Линн. Сладкое возмездие</title>
</book>
<book>
	<filename>bakster_myeri/bakster_myeri_s_toboi_naedine.fb2.zip</filename>
	<title>Бакстер Мэри Линн. С тобой наедине</title>
</book>
<book>
	<filename>bakster_myeri/bakster_myeri_tam_gde_serdce.fb2.zip</filename>
	<title>Бакстер Мэри Линн. Там, где сердце</title>
</book>
<book>
	<filename>bakster_myeri/bakster_myeri_vse_nashi_zavtra.fb2.zip</filename>
	<title>Бакстер Мэри Линн. Все наши завтра</title>
</book>
<book>
	<filename>bakster_stiven/bakster_stiven_korabli_vremeni.fb2.zip</filename>
	<title>Бакстер Стивен. Корабли времени</title>
</book>
<book>
	<filename>bakster_stiven/bakster_stiven_svet_inyh_dnei.fb2.zip</filename>
	<title>Бакстер Стивен М. Свет иных дней</title>
</book>
<book>
	<filename>bakst_nastasya/bakst_nastasya_predatelstvo_strasti.fb2.zip</filename>
	<title>Бакст Настасья. Предательство страсти</title>
</book>
<book>
	<filename>bakst_nastasya/bakst_nastasya_zapretnoe_vlechenie.fb2.zip</filename>
	<title>Бакст Настасья. Запретное влечение</title>
</book>
<book>
	<filename>bakulina_yeleonora/bakulina_yeleonora_volshebnyi_braslet.fb2.zip</filename>
	<title>Бакулина Элеонора Дмитриевна. Волшебный браслет</title>
</book>
<book>
	<filename>bakunin_mihail/bakunin_mihail_gosudarstvennost_i_anarhiya.fb2.zip</filename>
	<title>Бакунин Михаил Александрович. Государственность и Анархия</title>
</book>
<book>
	<filename>balabanov_igor/balabanov_igor_uzly.fb2.zip</filename>
	<title>Балабанов Игорь Владимирович. Узлы</title>
</book>
<book>
	<filename>balabanov_rumen/balabanov_rumen_bestseller.fb2.zip</filename>
	<title>Балабанов Румен. Бестселлер</title>
</book>
<book>
	<filename>balabin_mihail/balabin_mihail_angely_tozhe_lyubyat.fb2.zip</filename>
	<title>Балабин Михаил. Ангелы тоже любят</title>
</book>
<book>
	<filename>balabuha_andrei/balabuha_andrei_kogda_vrut_uchebniki_istorii_bez_illyustracii.fb2.zip</filename>
	<title>Балабуха Андрей. Когда врут учебники истории [без иллюстраций]</title>
</book>
<book>
	<filename>balabuha_andrei/balabuha_andrei_kogda_vrut_uchebniki_istorii_proshloe_kotorogo_ne_bylo.fb2.zip</filename>
	<title>Балабуха Андрей. Когда врут учебники истории. Прошлое, которого не было</title>
</book>
<book>
	<filename>balabuha_andrei/balabuha_andrei_maiskii_den.fb2.zip</filename>
	<title>Балабуха Андрей Дмитриевич. Майский день</title>
</book>
<book>
	<filename>balabuha_andrei/balabuha_andrei_na_poroge.fb2.zip</filename>
	<title>Балабуха Андрей. На пороге</title>
</book>
<book>
	<filename>balabuha_andrei/balabuha_andrei_pobeditel.fb2.zip</filename>
	<title>Балабуха Андрей. Победитель</title>
</book>
<book>
	<filename>balabuha_andrei/balabuha_andrei_proekt_zhemchuzhina.fb2.zip</filename>
	<title>Балабуха Андрей. Проект «Жемчужина»</title>
</book>
<book>
	<filename>balabuha_andrei/balabuha_andrei_reshenie.fb2.zip</filename>
	<title>Балабуха Андрей. Решение</title>
</book>
<book>
	<filename>balabuha_andrei/balabuha_andrei_vybor.fb2.zip</filename>
	<title>Балабуха Андрей. Выбор</title>
</book>
<book>
	<filename>balandin_rudolf/balandin_rudolf_100_velikih_geniev.fb2.zip</filename>
	<title>Баландин Рудольф. 100 великих гениев</title>
</book>
<book>
	<filename>balandin_rudolf/balandin_rudolf_100_velikih_geograficheskih_otkrytii.fb2.zip</filename>
	<title>Баландин Рудольф Константинович. 100 великих географических открытий</title>
</book>
<book>
	<filename>balandin_rudolf/balandin_rudolf_klubok_vokrug_stalina.fb2.zip</filename>
	<title>Баландин Рудольф Константинович. «Клубок» вокруг Сталина</title>
</book>
<book>
	<filename>balandin_rudolf/balandin_rudolf_ledyanye_ispoliny.fb2.zip</filename>
	<title>Баландин Рудольф Константинович. Ледяные исполины</title>
</book>
<book>
	<filename>balandin_rudolf/balandin_rudolf_potaennaya_mudrost_zemli.fb2.zip</filename>
	<title>Баландин Рудольф Константинович. Потаенная мудрость Земли</title>
</book>
<book>
	<filename>balashina_lana/balashina_lana_durochka_s_makom.fb2.zip</filename>
	<title>Балашина Лана. Дурочка с маком</title>
</book>
<book>
	<filename>balashov_dmitrii/balashov_dmitrii_baltazar_kossa.fb2.zip</filename>
	<title>Балашов Дмитрий Михайлович. Бальтазар Косса</title>
</book>
<book>
	<filename>balashov_dmitrii/balashov_dmitrii_bremya_vlasti.fb2.zip</filename>
	<title>Балашов Дмитрий Михайлович. Бремя власти</title>
</book>
<book>
	<filename>balashov_dmitrii/balashov_dmitrii_gospodin_velikii_novgorod.fb2.zip</filename>
	<title>Балашов Дмитрий Михайлович. Господин Великий Новгород</title>
</book>
<book>
	<filename>balashov_dmitrii/balashov_dmitrii_marfaposadnica.fb2.zip</filename>
	<title>Балашов Дмитрий Михайлович. Марфа-посадница</title>
</book>
<book>
	<filename>balashov_dmitrii/balashov_dmitrii_mladshii_syn.fb2.zip</filename>
	<title>Балашов Дмитрий Михайлович. Младший сын</title>
</book>
<book>
	<filename>balashov_dmitrii/balashov_dmitrii_otrechenie.fb2.zip</filename>
	<title>Балашов Дмитрий Михайлович. Отречение</title>
</book>
<book>
	<filename>balashov_dmitrii/balashov_dmitrii_pohvala_sergiyu.fb2.zip</filename>
	<title>Балашов Дмитрий Михайлович. Похвала Сергию</title>
</book>
<book>
	<filename>balashov_dmitrii/balashov_dmitrii_simeon_gordyi.fb2.zip</filename>
	<title>Балашов Дмитрий Михайлович. Симеон Гордый</title>
</book>
<book>
	<filename>balashov_dmitrii/balashov_dmitrii_svyataya_rus_kniga_1.fb2.zip</filename>
	<title>Балашов Дмитрий Михайлович. Святая Русь. Книга 1</title>
</book>
<book>
	<filename>balashov_dmitrii/balashov_dmitrii_svyataya_rus_kniga_2.fb2.zip</filename>
	<title>Балашов Дмитрий Михайлович. Святая Русь. Книга 2</title>
</book>
<book>
	<filename>balashov_dmitrii/balashov_dmitrii_svyataya_rus_kniga_3.fb2.zip</filename>
	<title>Балашов Дмитрий Михайлович. Святая Русь. Книга 3</title>
</book>
<book>
	<filename>balashov_dmitrii/balashov_dmitrii_velikii_stol.fb2.zip</filename>
	<title>Балашов Дмитрий Михайлович. Великий стол</title>
</book>
<book>
	<filename>balashov_dmitrii/balashov_dmitrii_veter_vremeni.fb2.zip</filename>
	<title>Балашов Дмитрий Михайлович. Ветер времени</title>
</book>
<book>
	<filename>balashov_dmitrii/balashov_dmitrii_volya_i_vlast.fb2.zip</filename>
	<title>Балашов Дмитрий Михайлович. Воля и власть</title>
</book>
<book>
	<filename>balashov_dmitrii/balashov_dmitrii_yurii_nezakonchennyi_roman.fb2.zip</filename>
	<title>Балашов Дмитрий Михайлович. Юрий (незаконченный роман)</title>
</book>
<book>
	<filename>balashov_lev/balashov_lev_mysli_o_religii.fb2.zip</filename>
	<title>Балашов Лев Евдокимович. Мысли о религии</title>
</book>
<book>
	<filename>baldachchi_dyevid/baldachchi_dyevid_absolyutnaya_vlast.fb2.zip</filename>
	<title>Балдаччи Дэвид. Абсолютная власть</title>
</book>
<book>
	<filename>baldachchi_dyevid/baldachchi_dyevid_do_poslednego.fb2.zip</filename>
	<title>Балдаччи Дэвид. До последнего</title>
</book>
<book>
	<filename>baldachchi_dyevid/baldachchi_dyevid_spasti_feit.fb2.zip</filename>
	<title>Балдаччи Дэвид. Спасти Фейт</title>
</book>
<book>
	<filename>baldachchi_dyevid/baldachchi_dyevid_totalnyi_kontrol.fb2.zip</filename>
	<title>Балдаччи Дэвид. Тотальный контроль</title>
</book>
<book>
	<filename>balfur_yendryu/balfur_yendryu_udar_shpagi.fb2.zip</filename>
	<title>Бальфур Эндрю. Удар шпаги</title>
</book>
<book>
	<filename>ballantain_r/ballantain_r_korallovyi_ostrov.fb2.zip</filename>
	<title>Баллантайн Р. Коралловый остров</title>
</book>
<book>
	<filename>ballantain_robert/ballantain_robert_korallovyi_ostrov.fb2.zip</filename>
	<title>Баллантайн Роберт Майкл. Коралловый остров</title>
</book>
<book>
	<filename>ballard_dzheims/ballard_dzheims_avtokatastrofa.fb2.zip</filename>
	<title>Баллард Джеймс Грэм. Автокатастрофа</title>
</book>
<book>
	<filename>ballard_dzheims/ballard_dzheims_delta_na_zakate.fb2.zip</filename>
	<title>Баллард Джеймс Грэм. Дельта на закате</title>
</book>
<book>
	<filename>ballard_dzheims/ballard_dzheims_dvenadcataya_dorozhka.fb2.zip</filename>
	<title>Баллард Джеймс Грэм. Двенадцатая дорожка</title>
</book>
<book>
	<filename>ballard_dzheims/ballard_dzheims_dzhokonda_v_polumrake_poldnya.fb2.zip</filename>
	<title>Баллард Джеймс Грэм. Джоконда в полумраке полдня</title>
</book>
<book>
	<filename>ballard_dzheims/ballard_dzheims_fabrika_grez_unlimited.fb2.zip</filename>
	<title>Баллард Джеймс Грэм. Фабрика грез Unlimited</title>
</book>
<book>
	<filename>ballard_dzheims/ballard_dzheims_konec.fb2.zip</filename>
	<title>Баллард Джеймс Грэм. Конец</title>
</book>
<book>
	<filename>ballard_dzheims/ballard_dzheims_lyuk_69.fb2.zip</filename>
	<title>Баллард Джеймс Грэм. Люк 69</title>
</book>
<book>
	<filename>ballard_dzheims/ballard_dzheims_poslednii_bereg.fb2.zip</filename>
	<title>Баллард Джеймс Грэм. Последний берег</title>
</book>
<book>
	<filename>ballard_dzheims/ballard_dzheims_prima_belladonna.fb2.zip</filename>
	<title>Баллард Джеймс Грэм. Прима Белладонна</title>
</book>
<book>
	<filename>ballard_dzheims/ballard_dzheims_sadok_dlya_reptilii.fb2.zip</filename>
	<title>Баллард Джеймс Грэм. Садок для рептилий</title>
</book>
<book>
	<filename>ballard_dzheims/ballard_dzheims_sumerechnaya_zona.fb2.zip</filename>
	<title>Баллард Джеймс Грэм. Сумеречная зона</title>
</book>
<book>
	<filename>ballard_dzheims/ballard_dzheims_vremya_perehodov.fb2.zip</filename>
	<title>Баллард Джеймс Грэм. Время переходов</title>
</book>
<book>
	<filename>ballard_dzheims/ballard_dzheims_zdes_bylo_more.fb2.zip</filename>
	<title>Баллард Джеймс Грэм. Здесь было море</title>
</book>
<book>
	<filename>ballard_u/ballard_u_troe_za_te_zhe_dengi.fb2.zip</filename>
	<title>Баллард У. Т. Трое за те же деньги</title>
</book>
<book>
	<filename>balmer_genri/balmer_genri_charodei_zvezdoleta_poseidon.fb2.zip</filename>
	<title>Балмер Генри Кеннет. Чародей звездолета «Посейдон»</title>
</book>
<book>
	<filename>balmer_genri/balmer_genri_dlinnaya_ten_zemli.fb2.zip</filename>
	<title>Балмер Генри Кеннет. Длинная тень Земли</title>
</book>
<book>
	<filename>balmer_genri/balmer_genri_kandar_iz_ferranoza.fb2.zip</filename>
	<title>Балмер Генри Кеннет. Кандар из Ферраноза</title>
</book>
<book>
	<filename>balmer_genri/balmer_genri_klyuch_k_iruniumu.fb2.zip</filename>
	<title>Балмер Генри Кеннет. Ключ к Ируниуму</title>
</book>
<book>
	<filename>balmer_genri/balmer_genri_klyuch_k_venudainu.fb2.zip</filename>
	<title>Балмер Генри Кеннет. Ключ к Венудайну</title>
</book>
<book>
	<filename>balmer_genri/balmer_genri_kolesnicy_ra.fb2.zip</filename>
	<title>Балмер Генри Кеннет. Колесницы Ра</title>
</book>
<book>
	<filename>balmer_genri/balmer_genri_korabli_durostoruma.fb2.zip</filename>
	<title>Балмер Генри Кеннет. Корабли Дуросторума</title>
</book>
<book>
	<filename>balmer_genri/balmer_genri_mir_demonov.fb2.zip</filename>
	<title>Балмер Генри Кеннет. Мир демонов</title>
</book>
<book>
	<filename>balmer_genri/balmer_genri_ohotniki_dzhundagaya.fb2.zip</filename>
	<title>Балмер Генри Кеннет. Охотники Джундагая</title>
</book>
<book>
	<filename>balmer_genri/balmer_genri_shaar_skitalec_budushego.fb2.zip</filename>
	<title>Балмер Генри Кеннет. Шаар — скиталец будущего</title>
</book>
<book>
	<filename>balmer_genri/balmer_genri_solnca_skorpiona.fb2.zip</filename>
	<title>Балмер Генри Кеннет. Солнца Скорпиона</title>
</book>
<book>
	<filename>balmer_genri/balmer_genri_strana_kotoroi_net_na_karte.fb2.zip</filename>
	<title>Балмер Генри Кеннет. Страна, которой нет на карте</title>
</book>
<book>
	<filename>balmer_genri/balmer_genri_strannoe_shosse.fb2.zip</filename>
	<title>Балмер Генри Кеннет. Странное шоссе</title>
</book>
<book>
	<filename>balmer_genri/balmer_genri_tranzitom_do_skorpiona.fb2.zip</filename>
	<title>Балмер Генри Кеннет. Транзитом до Скорпиона</title>
</book>
<book>
	<filename>balmer_genri/balmer_genri_voin_skorpiona.fb2.zip</filename>
	<title>Балмер Генри Кеннет. Воин Скорпиона</title>
</book>
<book>
	<filename>balmer_genri/balmer_genri_volshebniki_senchurii.fb2.zip</filename>
	<title>Балмер Генри Кеннет. Волшебники Сенчурии</title>
</book>
<book>
	<filename>balsekar_ramesh/balsekar_ramesh_perezhivanie_ucheniya_na_opyte.fb2.zip</filename>
	<title>Балсекар Рамеш Садашива. Переживание Учения на опыте</title>
</book>
<book>
	<filename>balsekar_ramesh/balsekar_ramesh_podobno_ogromnomu_nepodvizhnomu_kamnyu.fb2.zip</filename>
	<title>Балсекар Рамеш Садашива. Подобно огромному неподвижному камню</title>
</book>
<book>
	<filename>balsekar_ramesh/balsekar_ramesh_soznanie_govorit.fb2.zip</filename>
	<title>Балсекар Рамеш Садашива. Сознание говорит</title>
</book>
<book>
	<filename>balsekar_ramesh/balsekar_ramesh_znaki_na_puti_ot_nisargadatty_maharadzha.fb2.zip</filename>
	<title>Балсекар Рамеш Садашива. Знаки на пути от Нисаргадатты Махараджа</title>
</book>
<book>
	<filename>balter_boris/balter_boris_do_svidaniya_malchiki.fb2.zip</filename>
	<title>Балтер Борис Исаакович. До свидания, мальчики!</title>
</book>
<book>
	<filename>balyazin_vladimir/balyazin_vladimir_dorogoi_bogov.fb2.zip</filename>
	<title>Балязин Владимир. Дорогой богов</title>
</book>
<book>
	<filename>balyazin_vladimir/balyazin_vladimir_za_svetom_idushii.fb2.zip</filename>
	<title>Балязин Владимир. За светом идущий</title>
</book>
<book>
	<filename>balzak_onore/balzak_onore_alber_savaryus.fb2.zip</filename>
	<title>Бальзак Оноре де. Альбер Саварюс</title>
</book>
<book>
	<filename>balzak_onore/balzak_onore_blesk_i_nisheta_kurtizanok.fb2.zip</filename>
	<title>Бальзак Оноре де. Блеск и нищета куртизанок</title>
</book>
<book>
	<filename>balzak_onore/balzak_onore_brachnyi_kontrakt.fb2.zip</filename>
	<title>Бальзак Оноре де. Брачный контракт</title>
</book>
<book>
	<filename>balzak_onore/balzak_onore_delo_ob_opeke.fb2.zip</filename>
	<title>Бальзак Оноре де. Дело об опеке</title>
</book>
<book>
	<filename>balzak_onore/balzak_onore_doch_evy.fb2.zip</filename>
	<title>Бальзак Оноре де. Дочь Евы</title>
</book>
<book>
	<filename>balzak_onore/balzak_onore_evgeniya_grande.fb2.zip</filename>
	<title>Бальзак Оноре де. Евгения Гранде</title>
</book>
<book>
	<filename>balzak_onore/balzak_onore_ferragus_predvoditel_devorantov.fb2.zip</filename>
	<title>Бальзак Оноре де. Феррагус, предводитель деворантов</title>
</book>
<book>
	<filename>balzak_onore/balzak_onore_gercoginya_de_lanzhe.fb2.zip</filename>
	<title>Бальзак Оноре де. Герцогиня де Ланже</title>
</book>
<book>
	<filename>balzak_onore/balzak_onore_mnimaya_lyubovnica.fb2.zip</filename>
	<title>Бальзак Оноре де. Мнимая любовница</title>
</book>
<book>
	<filename>balzak_onore/balzak_onore_nevedomyi_shedevr.fb2.zip</filename>
	<title>Бальзак Оноре де. Неведомый шедевр</title>
</book>
<book>
	<filename>balzak_onore/balzak_onore_obednya_bezbozhnika.fb2.zip</filename>
	<title>Бальзак Оноре де. Обедня безбожника</title>
</book>
<book>
	<filename>balzak_onore/balzak_onore_onorina.fb2.zip</filename>
	<title>Бальзак Оноре де. Онорина</title>
</book>
<book>
	<filename>balzak_onore/balzak_onore_peretta.fb2.zip</filename>
	<title>Бальзак Оноре де. Пьеретта</title>
</book>
<book>
	<filename>balzak_onore/balzak_onore_pokinutaya_zhenshina.fb2.zip</filename>
	<title>Бальзак Оноре де. Покинутая женщина</title>
</book>
<book>
	<filename>balzak_onore/balzak_onore_poruchenie.fb2.zip</filename>
	<title>Бальзак Оноре де. Поручение</title>
</book>
<book>
	<filename>balzak_onore/balzak_onore_provincialnaya_muza.fb2.zip</filename>
	<title>Бальзак Оноре де. Провинциальная муза</title>
</book>
<book>
	<filename>balzak_onore/balzak_onore_shagrenevaya_kozha.fb2.zip</filename>
	<title>Бальзак Оноре де. Шагреневая кожа</title>
</book>
<book>
	<filename>balzak_onore/balzak_onore_zlatookaya_devushka.fb2.zip</filename>
	<title>Бальзак Оноре де. Златоокая девушка</title>
</book>

</books>

