<?xml version="1.0" encoding="UTF-8" ?>
<books>

<book>
	<filename>banch_kristofer/banch_kristofer_bitva_s_nebesami.fb2.zip</filename>
	<title>Банч Кристофер. Битва с небесами</title>
</book>
<book>
	<filename>banch_kristofer/banch_kristofer_dalekie_korolevstva.fb2.zip</filename>
	<title>Банч Кристофер. Далекие Королевства</title>
</book>
<book>
	<filename>banch_kristofer/banch_kristofer_flot_obrechennyh.fb2.zip</filename>
	<title>Банч Кристофер. Флот обреченных</title>
</book>
<book>
	<filename>banch_kristofer/banch_kristofer_istoriya_voina.fb2.zip</filename>
	<title>Банч Кристофер. История воина</title>
</book>
<book>
	<filename>banch_kristofer/banch_kristofer_konec_imperii.fb2.zip</filename>
	<title>Банч Кристофер. Конец империи</title>
</book>
<book>
	<filename>banch_kristofer/banch_kristofer_koroldemon.fb2.zip</filename>
	<title>Банч Кристофер. Король-Демон</title>
</book>
<book>
	<filename>banch_kristofer/banch_kristofer_korolevstva_nochi.fb2.zip</filename>
	<title>Банч Кристофер. Королевства Ночи</title>
</book>
<book>
	<filename>banch_kristofer/banch_kristofer_korolprovidec.fb2.zip</filename>
	<title>Банч Кристофер. Король-Провидец</title>
</book>
<book>
	<filename>banch_kristofer/banch_kristofer_korolvoitel.fb2.zip</filename>
	<title>Банч Кристофер. Король-Воитель</title>
</book>
<book>
	<filename>banch_kristofer/banch_kristofer_korsar.fb2.zip</filename>
	<title>Банч Кристофер. Корсар</title>
</book>
<book>
	<filename>banch_kristofer/banch_kristofer_krushenie_zvyozd.fb2.zip</filename>
	<title>Банч Кристофер. Крушение звёзд</title>
</book>
<book>
	<filename>banch_kristofer/banch_kristofer_krylya_uragana.fb2.zip</filename>
	<title>Банч Кристофер. Крылья Урагана</title>
</book>
<book>
	<filename>banch_kristofer/banch_kristofer_liki_ognya.fb2.zip</filename>
	<title>Банч Кристофер. Лики огня</title>
</book>
<book>
	<filename>banch_kristofer/banch_kristofer_mest_proklyatyh.fb2.zip</filename>
	<title>Банч Кристофер. Месть проклятых</title>
</book>
<book>
	<filename>banch_kristofer/banch_kristofer_nevidimyi_voin.fb2.zip</filename>
	<title>Банч Кристофер. Невидимый воин</title>
</book>
<book>
	<filename>banch_kristofer/banch_kristofer_nezrimoe_bozhestvo.fb2.zip</filename>
	<title>Банч Кристофер. Незримое божество</title>
</book>
<book>
	<filename>banch_kristofer/banch_kristofer_poslednii_legion.fb2.zip</filename>
	<title>Банч Кристофер. Последний легион</title>
</book>
<book>
	<filename>banch_kristofer/banch_kristofer_pri_dvore_vechnogo_imperatora.fb2.zip</filename>
	<title>Банч Кристофер. При дворе Вечного Императора</title>
</book>
<book>
	<filename>banch_kristofer/banch_kristofer_sila_uragana.fb2.zip</filename>
	<title>Банч Кристофер. Сила урагана</title>
</book>
<book>
	<filename>banch_kristofer/banch_kristofer_vihr.fb2.zip</filename>
	<title>Банч Кристофер. Вихрь</title>
</book>
<book>
	<filename>banch_kristofer/banch_kristofer_vozvrashenie_imperatora.fb2.zip</filename>
	<title>Банч Кристофер. Возвращение императора</title>
</book>
<book>
	<filename>banevich_artur/banevich_artur_drakonii_kogot.fb2.zip</filename>
	<title>Баневич Артур. Драконий коготь</title>
</book>
<book>
	<filename>bang_german/bang_german_u_dorogi.fb2.zip</filename>
	<title>Банг Герман. У дороги</title>
</book>
<book>
	<filename>banker_konni/banker_konni_muzhskoi_zigzag.fb2.zip</filename>
	<title>Банкер Конни. Мужской зигзаг</title>
</book>
<book>
	<filename>banker_konni/banker_konni_pover_v_svoyu_mechtu.fb2.zip</filename>
	<title>Банкер Конни. Поверь в свою мечту</title>
</book>
<book>
	<filename>banker_konni/banker_konni_rasplata_za_gordost.fb2.zip</filename>
	<title>Банкер Конни. Расплата за гордость</title>
</book>
<book>
	<filename>banker_konni/banker_konni_svetlyi_angel.fb2.zip</filename>
	<title>Банкер Конни. Светлый ангел</title>
</book>
<book>
	<filename>bankov_aleksandr/bankov_aleksandr_trudno_byt_chelovekom.fb2.zip</filename>
	<title>Банков Александр. Трудно быть человеком</title>
</book>
<book>
	<filename>barancevich_evgenii/barancevich_evgenii_slavyanskaya_zdrava.fb2.zip</filename>
	<title>Баранцевич Евгений Робертович. Славянская здрава</title>
</book>
<book>
	<filename>baranchenko_viktor/baranchenko_viktor_gaven.fb2.zip</filename>
	<title>Баранченко Виктор Еремеевич. Гавен</title>
</book>
<book>
	<filename>baranec_viktor/baranec_viktor_genshtab_bez_tain.fb2.zip</filename>
	<title>Баранец Виктор Николаевич. Генштаб без тайн</title>
</book>
<book>
	<filename>baranova_natalya/baranova_natalya_legenda_ob_inyh_mirah.fb2.zip</filename>
	<title>Баранова Наталья. Легенда об Иных Мирах</title>
</book>
<book>
	<filename>barbakaru_anatolii/barbakaru_anatolii_odessamama_kataly_kidaly_shulera.fb2.zip</filename>
	<title>Барбакару Анатолий. Одесса-мама: Каталы, кидалы, шулера</title>
</book>
<book>
	<filename>barbakaru_anatolii/barbakaru_anatolii_ya_shuler.fb2.zip</filename>
	<title>Барбакару Анатолий. Я – шулер</title>
</book>
<book>
	<filename>barberi_yelein/barberi_yelein_chistoe_plamya_lyubvi.fb2.zip</filename>
	<title>Барбьери Элейн. Чистое пламя любви</title>
</book>
<book>
	<filename>barberi_yelein/barberi_yelein_derzkaya_lyubovnica.fb2.zip</filename>
	<title>Барбьери Элейн. Дерзкая любовница</title>
</book>
<book>
	<filename>barberi_yelein/barberi_yelein_derzkoe_obolshenie.fb2.zip</filename>
	<title>Барбьери Элейн. Дерзкое обольщение</title>
</book>
<book>
	<filename>barberi_yelein/barberi_yelein_dobrodetel_v_opasnosti.fb2.zip</filename>
	<title>Барбьери Элейн. Добродетель в опасности</title>
</book>
<book>
	<filename>barberi_yelein/barberi_yelein_nevinnost_i_porok.fb2.zip</filename>
	<title>Барбьери Элейн. Невинность и порок</title>
</book>
<book>
	<filename>barberi_yelein/barberi_yelein_opasnye_dobrodeteli.fb2.zip</filename>
	<title>Барбьери Элейн. Опасные добродетели</title>
</book>
<book>
	<filename>barberi_yelein/barberi_yelein_plenennye_lyubovyu.fb2.zip</filename>
	<title>Барбьери Элейн. Плененные любовью</title>
</book>
<book>
	<filename>barberi_yelein/barberi_yelein_polnochnyi_zlodei.fb2.zip</filename>
	<title>Барбьери Элейн. Полночный злодей</title>
</book>
<book>
	<filename>barberi_yelein/barberi_yelein_porochnyi_angel.fb2.zip</filename>
	<title>Барбьери Элейн. Порочный ангел</title>
</book>
<book>
	<filename>barberi_yelein/barberi_yelein_radi_lyubvi.fb2.zip</filename>
	<title>Барбьери Элейн. Ради любви</title>
</book>
<book>
	<filename>barberi_yelein/barberi_yelein_tehasskaya_zvezda.fb2.zip</filename>
	<title>Барбьери Элейн. Техасская звезда</title>
</book>
<book>
	<filename>barberi_yelein/barberi_yelein_v_plenu_yekstaza.fb2.zip</filename>
	<title>Барбьери Элейн. В плену экстаза</title>
</book>
<book>
	<filename>barberi_yelein/barberi_yelein_zarya_strasti.fb2.zip</filename>
	<title>Барбьери Элейн. Заря страсти</title>
</book>
<book>
	<filename>barberi_yelein/barberi_yelein_zvezda_lyubvi.fb2.zip</filename>
	<title>Барбьери Элейн. Звезда любви</title>
</book>
<book>
	<filename>barber_malkolm/barber_malkolm_process_tamplierov.fb2.zip</filename>
	<title>Барбер Малколм. Процесс тамплиеров</title>
</book>
<book>
	<filename>barbyus_anri/barbyus_anri_stalin.fb2.zip</filename>
	<title>Барбюс Анри. Сталин</title>
</book>
<book>
	<filename>barchukova_galina/barchukova_galina_uchis_igrat_v_nastolnyi_tennis.fb2.zip</filename>
	<title>Барчукова Галина Васильевна. Учись играть в настольный теннис</title>
</book>
<book>
	<filename>bard_aleksandr/bard_aleksandr_netokratiya_novaya_pravyashaya_yelita_i_zhizn_posle_kapitalizma.fb2.zip</filename>
	<title>Бард Александр. Netократия. Новая правящая элита и жизнь после капитализма</title>
</book>
<book>
	<filename>barikko_alessandro/barikko_alessandro_bez_krovi.fb2.zip</filename>
	<title>Барикко Алессандро. Без крови</title>
</book>
<book>
	<filename>barikko_alessandro/barikko_alessandro_city.fb2.zip</filename>
	<title>Барикко Алессандро. CITY</title>
</book>
<book>
	<filename>barikko_alessandro/barikko_alessandro_gomer_iliada.fb2.zip</filename>
	<title>Барикко Алессандро. Гомер. Илиада</title>
</book>
<book>
	<filename>barikko_alessandro/barikko_alessandro_moreokean.fb2.zip</filename>
	<title>Барикко Алессандро. Море-океан</title>
</book>
<book>
	<filename>barikko_alessandro/barikko_alessandro_novechento_1900i.fb2.zip</filename>
	<title>Барикко Алессандро. Новеченто (1900-й)</title>
</book>
<book>
	<filename>barikko_alessandro/barikko_alessandro_shelk.fb2.zip</filename>
	<title>Барикко Алессандро. Шелк</title>
</book>
<book>
	<filename>barikko_alessandro/barikko_alessandro_zamki_gneva.fb2.zip</filename>
	<title>Барикко Алессандро. Замки гнева</title>
</book>
<book>
	<filename>barinova_viktoriya/barinova_viktoriya_svidanie_s_mechtoi.fb2.zip</filename>
	<title>Баринова Виктория. Свидание с мечтой</title>
</book>
<book>
	<filename>barker_bekki/barker_bekki_rozhdennaya_letat.fb2.zip</filename>
	<title>Баркер Бекки. Рожденная летать</title>
</book>
<book>
	<filename>barker_klaiv/barker_klaiv_abarat.fb2.zip</filename>
	<title>Баркер Клайв. Abarat</title>
</book>
<book>
	<filename>barker_klaiv/barker_klaiv_abarat_per_l_bocharovoi.fb2.zip</filename>
	<title>Баркер Клайв. Абарат (пер. Л. Бочаровой)</title>
</book>
<book>
	<filename>barker_klaiv/barker_klaiv_galili.fb2.zip</filename>
	<title>Баркер Клайв. Галили</title>
</book>
<book>
	<filename>barker_klaiv/barker_klaiv_imadzhika.fb2.zip</filename>
	<title>Баркер Клайв. Имаджика</title>
</book>
<book>
	<filename>barker_klaiv/barker_klaiv_kanon_holodnyh_serdec.fb2.zip</filename>
	<title>Баркер Клайв. Каньон Холодных Сердец</title>
</book>
<book>
	<filename>barker_klaiv/barker_klaiv_kniga_krovi_1.fb2.zip</filename>
	<title>Баркер Клайв. Книга крови 1</title>
</book>
<book>
	<filename>barker_klaiv/barker_klaiv_kniga_krovi_2.fb2.zip</filename>
	<title>Баркер Клайв. Книга крови 2</title>
</book>
<book>
	<filename>barker_klaiv/barker_klaiv_kniga_krovi_3.fb2.zip</filename>
	<title>Баркер Клайв. Книга крови 3</title>
</book>
<book>
	<filename>barker_klaiv/barker_klaiv_kniga_krovi_4.fb2.zip</filename>
	<title>Баркер Клайв. Книга крови 4</title>
</book>
<book>
	<filename>barker_klaiv/barker_klaiv_kniga_krovi_5.fb2.zip</filename>
	<title>Баркер Клайв. Книга крови 5</title>
</book>
<book>
	<filename>barker_klaiv/barker_klaiv_kniga_krovi_6.fb2.zip</filename>
	<title>Баркер Клайв. Книга крови 6</title>
</book>
<book>
	<filename>barker_klaiv/barker_klaiv_ostanki_chelovecheskogo.fb2.zip</filename>
	<title>Баркер Клайв. Останки человеческого</title>
</book>
<book>
	<filename>barker_klaiv/barker_klaiv_plemya_tmy.fb2.zip</filename>
	<title>Баркер Клайв. Племя Тьмы</title>
</book>
<book>
	<filename>barker_klaiv/barker_klaiv_proklyataya_igra.fb2.zip</filename>
	<title>Баркер Клайв. Проклятая игра</title>
</book>
<book>
	<filename>barker_klaiv/barker_klaiv_sotkannyi_mir.fb2.zip</filename>
	<title>Баркер Клайв. Сотканный мир</title>
</book>
<book>
	<filename>barker_klaiv/barker_klaiv_the_thief_of_always.fb2.zip</filename>
	<title>Баркер Клайв. The Thief of Always</title>
</book>
<book>
	<filename>barker_klaiv/barker_klaiv_vechnyi_pohititel.fb2.zip</filename>
	<title>Баркер Клайв. Вечный похититель</title>
</book>
<book>
	<filename>barker_klaiv/barker_klaiv_vosstavshii_iz_ada.fb2.zip</filename>
	<title>Баркер Клайв. Восставший из ада</title>
</book>
<book>
	<filename>barker_klaiv/barker_klaiv_yavlenie_tainy.fb2.zip</filename>
	<title>Баркер Клайв. Явление тайны</title>
</book>
<book>
	<filename>barker_nyudzhent/barker_nyudzhent_strannoe_priklyuchenie_mistera_bonda.fb2.zip</filename>
	<title>Баркер Ньюджент. Странное приключение мистера Бонда</title>
</book>
<book>
	<filename>barkli_dzheims/barkli_dzheims_dnevnaya_ten.fb2.zip</filename>
	<title>Баркли Джеймс. Дневная тень</title>
</book>
<book>
	<filename>barkli_dzheims/barkli_dzheims_rassvetnyi_vor.fb2.zip</filename>
	<title>Баркли Джеймс. Рассветный вор</title>
</book>
<book>
	<filename>barkli_syuzanna/barkli_syuzanna_lvinoe_serdce.fb2.zip</filename>
	<title>Баркли Сюзанна. Львиное сердце</title>
</book>
<book>
	<filename>barkli_syuzanna/barkli_syuzanna_lyubov_pregrad_ne_znaet.fb2.zip</filename>
	<title>Баркли Сюзанна. Любовь преград не знает</title>
</book>
<book>
	<filename>barkli_syuzanna/barkli_syuzanna_myatezhnyi_rycar.fb2.zip</filename>
	<title>Баркли Сюзанна. Мятежный рыцарь</title>
</book>
<book>
	<filename>barkou_ben/barkou_ben_yeti_strannye_nemcy.fb2.zip</filename>
	<title>Баркоу Бен. Эти странные немцы</title>
</book>
<book>
	<filename>barkov_aleksandr/barkov_aleksandr_denis_davydov.fb2.zip</filename>
	<title>Барков Александр Сергеевич. Денис Давыдов</title>
</book>
<book>
	<filename>barkov_ivan/barkov_ivan_grigorii_orlov.fb2.zip</filename>
	<title>Барков Иван Семенович. Григорий Орлов</title>
</book>
<book>
	<filename>barkov_ivan/barkov_ivan_ispoved.fb2.zip</filename>
	<title>Барков Иван Семенович. Исповедь</title>
</book>
<book>
	<filename>barkov_ivan/barkov_ivan_kolybelnaya.fb2.zip</filename>
	<title>Барков Иван Семенович. Колыбельная</title>
</book>
<book>
	<filename>barkov_ivan/barkov_ivan_korol_bardak_pyatyi.fb2.zip</filename>
	<title>Барков Иван Семенович. Король Бардак пятый</title>
</book>
<book>
	<filename>barkov_ivan/barkov_ivan_luka_mudishev.fb2.zip</filename>
	<title>Барков Иван Семенович. Лука Мудищев</title>
</book>
<book>
	<filename>barkov_ivan/barkov_ivan_otec_paisii.fb2.zip</filename>
	<title>Барков Иван Семенович. Отец Паисий</title>
</book>
<book>
	<filename>barkov_ivan/barkov_ivan_pismo_k_sestre.fb2.zip</filename>
	<title>Барков Иван Семенович. Письмо к сестре</title>
</book>
<book>
	<filename>barkov_ivan/barkov_ivan_pop_vavila.fb2.zip</filename>
	<title>Барков Иван Семенович. Поп Вавила</title>
</book>
<book>
	<filename>barkov_ivan/barkov_ivan_prov_kuzmich.fb2.zip</filename>
	<title>Барков Иван Семенович. Пров Кузмич</title>
</book>
<book>
	<filename>barkov_ivan/barkov_ivan_selskii_byt.fb2.zip</filename>
	<title>Барков Иван Семенович. Сельский быт</title>
</book>
<book>
	<filename>barlou_dzheffri/barlou_dzheffri_dom_v_gluhom_lesu.fb2.zip</filename>
	<title>Барлоу Джеффри. Дом в глухом лесу</title>
</book>
<book>
	<filename>barlou_dzheffri/barlou_dzheffri_spyashii_vo_tme.fb2.zip</filename>
	<title>Барлоу Джеффри. Спящий во тьме</title>
</book>
<book>
	<filename>barlou_dzhon/barlou_dzhon_prodazha_vina_bez_butylok_yekonomika_soznaniya_v_globalnoi_seti.fb2.zip</filename>
	<title>Барлоу Джон Перри. Продажа вина без бутылок: Экономика сознания в глобальной Сети</title>
</book>
<book>
	<filename>barlou_dzhon/barlou_dzhon_zhivotnaya_pisha.fb2.zip</filename>
	<title>Барлоу Джон Перри. Животная пища</title>
</book>
<book>
	<filename>barmin_aleksandr/barmin_aleksandr_sokoly_trockogo.fb2.zip</filename>
	<title>Бармин Александр Григорьевич. Соколы Троцкого</title>
</book>
<book>
	<filename>barnes_piter/barnes_piter_peshki.fb2.zip</filename>
	<title>Барнес Питер. Пешки</title>
</book>
<book>
	<filename>barnet_dzhill/barnet_dzhill_dyeniel_i_angel.fb2.zip</filename>
	<title>Барнет Джилл. Дэниел и ангел</title>
</book>
<book>
	<filename>barnet_dzhill/barnet_dzhill_dzhungli_strasti.fb2.zip</filename>
	<title>Барнет Джилл. Джунгли страсти</title>
</book>
<book>
	<filename>barnet_dzhill/barnet_dzhill_raiskii_ostrov.fb2.zip</filename>
	<title>Барнет Джилл. Райский остров</title>
</book>
<book>
	<filename>barnet_dzhill/barnet_dzhill_unesennye_strastyu.fb2.zip</filename>
	<title>Барнет Джилл. Унесенные страстью</title>
</book>
<book>
	<filename>barnet_dzhill/barnet_dzhill_velikolepnyi.fb2.zip</filename>
	<title>Барнет Джилл. Великолепный</title>
</book>
<book>
	<filename>barnford_sheila/barnford_sheila_neveroyatnoe_puteshestvie.fb2.zip</filename>
	<title>Барнфорд Шейла. Невероятное путешествие</title>
</book>
<book>
	<filename>barni_dolli/barni_dolli_ne_otrekaisya_ot_lyubvi.fb2.zip</filename>
	<title>Барни Долли. Не отрекайся от любви</title>
</book>
<book>
	<filename>barns_dzhon/barns_dzhon_i_nest_im_chisla.fb2.zip</filename>
	<title>Барнс Джон. И несть им числа...</title>
</book>
<book>
	<filename>barns_dzhon/barns_dzhon_million_otkrytyh_dverei.fb2.zip</filename>
	<title>Барнс Джон. Миллион открытых дверей</title>
</book>
<book>
	<filename>barns_dzhon/barns_dzhon_vino_bogov.fb2.zip</filename>
	<title>Барнс Джон. Вино богов</title>
</book>
<book>
	<filename>barns_dzhulian/barns_dzhulian_istoriya_mira_v_10_12_glavah.fb2.zip</filename>
	<title>Барнс Джулиан. История мира в 10 1/2 главах</title>
</book>
<book>
	<filename>barns_dzhulian/barns_dzhulian_kak_vse_bylo.fb2.zip</filename>
	<title>Барнс Джулиан. Как все было</title>
</book>
<book>
	<filename>barns_dzhulian/barns_dzhulian_love_etc.fb2.zip</filename>
	<title>Барнс Джулиан. Love etc</title>
</book>
<book>
	<filename>barns_dzhulian/barns_dzhulian_popugai_flobera.fb2.zip</filename>
	<title>Барнс Джулиан. Попугай Флобера</title>
</book>
<book>
	<filename>barns_margaret/barns_margaret_korolevskaya_postel.fb2.zip</filename>
	<title>Барнс Маргарет. Королевская постель</title>
</book>
<book>
	<filename>barns_margaret/barns_margaret_ledi_na_monete.fb2.zip</filename>
	<title>Барнс Маргарет. Леди на монете</title>
</book>
<book>
	<filename>baron_aleksei/baron_aleksei_lyudi_i_yashery.fb2.zip</filename>
	<title>Барон Алексей. Люди и ящеры</title>
</book>
<book>
	<filename>baron_aleksei/baron_aleksei_te_kto_starshe_nas.fb2.zip</filename>
	<title>Барон Алексей. Те, кто старше нас</title>
</book>
<book>
	<filename>baron_aleksei/baron_aleksei_yepsilon_yeridana.fb2.zip</filename>
	<title>Барон Алексей. Эпсилон Эридана</title>
</book>
<book>
	<filename>baron_aleksei/baron_aleksei_yeskadra_ego_vysochestva.fb2.zip</filename>
	<title>Барон Алексей Владимирович. Эскадра его высочества</title>
</book>
<book>
	<filename>baron_olshevri_/baron_olshevri__vampiry.fb2.zip</filename>
	<title>Барон Олшеври. Вампиры</title>
</book>
<book>
	<filename>barret_mariya/barret_mariya_mirazhi.fb2.zip</filename>
	<title>Баррет Мария. Миражи</title>
</book>
<book>
	<filename>barret_mariya/barret_mariya_obescheshennye.fb2.zip</filename>
	<title>Баррет Мария. Обесчещенные</title>
</book>
<book>
	<filename>barret_mariya/barret_mariya_obmanutaya.fb2.zip</filename>
	<title>Баррет Мария. Обманутая</title>
</book>
<book>
	<filename>barri_deiv/barri_deiv_hitryi_biznes.fb2.zip</filename>
	<title>Барри Дейв. Хитрый бизнес</title>
</book>
<book>
	<filename>barri_dzheims/barri_dzheims_piter_pen.fb2.zip</filename>
	<title>Барри Джеймс. Питер Пен</title>
</book>
<book>
	<filename>barrie_j/barrie_j_peter_pan.fb2.zip</filename>
	<title>Barrie J. M. Peter Pan</title>
</book>
<book>
	<filename>barrie_james/barrie_james_peter_pan_in_kensington_gardens.fb2.zip</filename>
	<title>Barrie James Matthew. Peter Pan in Kensington Gardens</title>
</book>
<book>
	<filename>barri_maksin/barri_maksin_leto_lyubvi.fb2.zip</filename>
	<title>Барри Максин. Лето любви</title>
</book>
<book>
	<filename>barri_maksin/barri_maksin_rastopit_ledyanoe_serdce.fb2.zip</filename>
	<title>Барри Максин. Растопить ледяное сердце</title>
</book>
<book>
	<filename>barri_syuzen/barri_syuzen_bilet_v_neizvestnost.fb2.zip</filename>
	<title>Барри Сьюзен. Билет в неизвестность</title>
</book>
<book>
	<filename>barrokliff_mark/barrokliff_mark_podruzhka_44.fb2.zip</filename>
	<title>Барроклифф Марк. Подружка №44</title>
</book>
<book>
	<filename>barroukliff_mark/barroukliff_mark_govoryashaya_sobaka.fb2.zip</filename>
	<title>Барроуклифф Марк. Говорящая собака</title>
</book>
<book>
	<filename>barrouz_ogyusten/barrouz_ogyusten_magazin_na_divane.fb2.zip</filename>
	<title>Барроуз Огюстен. Магазин на диване</title>
</book>
<book>
	<filename>barshevskii_mihail/barshevskii_mihail_komandovat_paradom_budu_ya.fb2.zip</filename>
	<title>Барщевский Михаил. Командовать парадом буду я!</title>
</book>
<book>
	<filename>barskaya_mariya/barskaya_mariya_hozyaika_vdohnoveniya.fb2.zip</filename>
	<title>Барская Мария. Хозяйка вдохновения</title>
</book>
<book>
	<filename>barskaya_mariya/barskaya_mariya_i_k_gadalke_ne_hodi.fb2.zip</filename>
	<title>Барская Мария. И к гадалке не ходи</title>
</book>
<book>
	<filename>barskaya_mariya/barskaya_mariya_lyuba_lyubochka_lyubov.fb2.zip</filename>
	<title>Барская Мария. Люба, Любочка, Любовь</title>
</book>
<book>
	<filename>barskaya_mariya/barskaya_mariya_lyubov_na_olivkovom_masle.fb2.zip</filename>
	<title>Барская Мария. Любовь на оливковом масле</title>
</book>
<book>
	<filename>barskaya_mariya/barskaya_mariya_lyubov_po_poryadku.fb2.zip</filename>
	<title>Барская Мария. Любовь по порядку</title>
</book>
<book>
	<filename>barskaya_mariya/barskaya_mariya_lyubov_vernetsya_navsegda.fb2.zip</filename>
	<title>Барская Мария. Любовь вернется навсегда</title>
</book>
<book>
	<filename>barskaya_mariya/barskaya_mariya_melodii_osennei_lyubvi.fb2.zip</filename>
	<title>Барская Мария. Мелодии осенней любви</title>
</book>
<book>
	<filename>barskaya_mariya/barskaya_mariya_nenavizhulyublyu.fb2.zip</filename>
	<title>Барская Мария. Ненавижу-люблю</title>
</book>
<book>
	<filename>barskii_boris/barskii_boris_liricheskie_stihotvoreniya_o_lyubvi_k_raznoobraznym_zhenshinam.fb2.zip</filename>
	<title>Барский Борис. Лирические стихотворения о любви к разнообразным женщинам</title>
</book>
<book>
	<filename>barstou_styen/barstou_styen_dzhobi.fb2.zip</filename>
	<title>Барстоу Стэн. Джоби</title>
</book>
<book>
	<filename>bartell_linda/bartell_linda_nezhnyi_negodyai.fb2.zip</filename>
	<title>Бартелл Линда Ланг. Нежный негодяй</title>
</book>
<book>
	<filename>bartelmi_donald/bartelmi_donald_belosnezhka.fb2.zip</filename>
	<title>Бартелми Доналд. Белоснежка</title>
</book>
<book>
	<filename>bartelmi_donald/bartelmi_donald_korol.fb2.zip</filename>
	<title>Бартелми Доналд. Король</title>
</book>
<book>
	<filename>bartelmi_donald/bartelmi_donald_vozvrashaites_doktor_kaligari.fb2.zip</filename>
	<title>Бартелми Доналд. Возвращайтесь, доктор Калигари</title>
</book>
<book>
	<filename>bart_kyerolain/bart_kyerolain_koster_na_snegu.fb2.zip</filename>
	<title>Барт Кэролайн. Костер на снегу</title>
</book>
<book>
	<filename>bartlet_dzhenis/bartlet_dzhenis_sovershennaya_zhenshina.fb2.zip</filename>
	<title>Бартлет Дженис. Совершенная женщина</title>
</book>
<book>
	<filename>barto_agniya/barto_agniya_na_zastave.fb2.zip</filename>
	<title>Барто Агния. На заставе</title>
</book>
<book>
	<filename>bartolomyu_nyensi/bartolomyu_nyensi_striptiz.fb2.zip</filename>
	<title>Бартоломью Нэнси. Стриптиз</title>
</book>
<book>
	<filename>bartolomyu_nyensi/bartolomyu_nyensi_striptiz_na_gonkah.fb2.zip</filename>
	<title>Бартоломью Нэнси. Стриптиз на гонках</title>
</book>
<book>
	<filename>bartolomyu_nyensi/bartolomyu_nyensi_striptiz_v_kino.fb2.zip</filename>
	<title>Бартоломью Нэнси. Стриптиз в кино</title>
</book>
<book>
	<filename>barton_beverli/barton_beverli_nochnye_igry.fb2.zip</filename>
	<title>Бартон Беверли. Ночные игры</title>
</book>
<book>
	<filename>barton_beverli/barton_beverli_opasnoe_zadanie.fb2.zip</filename>
	<title>Бартон Беверли. Опасное задание</title>
</book>
<book>
	<filename>barton_beverli/barton_beverli_samyi_zhelannyi_muzhchina.fb2.zip</filename>
	<title>Бартон Беверли. Самый желанный мужчина</title>
</book>
<book>
	<filename>barton_beverli/barton_beverli_strast_i_somneniya.fb2.zip</filename>
	<title>Бартон Беверли. Страсть и сомнения</title>
</book>
<book>
	<filename>barton_beverli/barton_beverli_vyhod_iz_mraka.fb2.zip</filename>
	<title>Бартон Беверли. Выход из мрака</title>
</book>
<book>
	<filename>barton_li/barton_li_chelovekten.fb2.zip</filename>
	<title>Бартон Ли. Человек-Тень</title>
</book>
<book>
	<filename>baryaalom_yeli/baryaalom_yeli_ksenofolklor_legendy_podslushannye_v_razlichnyh_mirah.fb2.zip</filename>
	<title>Бар-Яалом Эли. Ксенофольклор. Легенды, подслушанные в различных мирах</title>
</book>
<book>
	<filename>baryaalom_yeli/baryaalom_yeli_lunnyi_vityaz_kryell.fb2.zip</filename>
	<title>Бар-Яалом Эли. Лунный витязь Крэлл</title>
</book>
<book>
	<filename>baryaalom_yeli/baryaalom_yeli_perevedi_menya.fb2.zip</filename>
	<title>Бар-Яалом Эли. Переведи меня</title>
</book>
<book>
	<filename>baryaalom_yeli/baryaalom_yeli_pust_ty_naidyosh_ego.fb2.zip</filename>
	<title>Бар-Яалом Эли. Пусть ты найдёшь его...</title>
</book>
<book>
	<filename>baryaalom_yeli/baryaalom_yeli_ruki_sassalya_v_shersti.fb2.zip</filename>
	<title>Бар-Яалом Эли. Руки Сассаля в шерсти</title>
</book>
<book>
	<filename>baryaalom_yeli/baryaalom_yeli_rumba_negra.fb2.zip</filename>
	<title>Бар-Яалом Эли. Румба негра</title>
</book>
<book>
	<filename>baryaalom_yeli/baryaalom_yeli_tazhar_dazhan_de_nazhan.fb2.zip</filename>
	<title>Бар-Яалом Эли. Тажар Дажан де Нажан</title>
</book>
<book>
	<filename>baryaalom_yeli/baryaalom_yeli_zhizn_i_carstvovanie_feodory_rybnikovoi.fb2.zip</filename>
	<title>Бар-Яалом Эли. Жизнь и царствование Феодоры Рыбниковой</title>
</book>
<book>
	<filename>baryaalom_yeli/baryaalom_yeli_zhuk_rabinovicha.fb2.zip</filename>
	<title>Бар-Яалом Эли. Жук Рабиновича</title>
</book>
<book>
	<filename>baryatinskii_mihail/baryatinskii_mihail_nemeckie_tanki_v_boyu.fb2.zip</filename>
	<title>Барятинский Михаил. Немецкие танки в бою</title>
</book>
<book>
	<filename>barykova_mariya/barykova_mariya_taina_semeinogo_arhiva.fb2.zip</filename>
	<title>Барыкова Мария. Тайна семейного архива</title>
</book>
<book>
	<filename>barzohar_mihayel/barzohar_mihayel_bratya.fb2.zip</filename>
	<title>Бар-Зохар Михаэль. Братья</title>
</book>
<book>
	<filename>basbi_shirli/basbi_shirli_hozyaika_pomestya.fb2.zip</filename>
	<title>Басби Ширли. Хозяйка поместья</title>
</book>
<book>
	<filename>basbi_shirli/basbi_shirli_ispanskaya_roza.fb2.zip</filename>
	<title>Басби Ширли. Испанская роза</title>
</book>
<book>
	<filename>basbi_shirli/basbi_shirli_klyanus_lunoi.fb2.zip</filename>
	<title>Басби Ширли. Клянусь луной</title>
</book>
<book>
	<filename>basbi_shirli/basbi_shirli_ledicyganka.fb2.zip</filename>
	<title>Басби Ширли. Леди-цыганка</title>
</book>
<book>
	<filename>basbi_shirli/basbi_shirli_lyubov_vozvrashaetsya.fb2.zip</filename>
	<title>Басби Ширли. Любовь возвращается</title>
</book>
<book>
	<filename>basbi_shirli/basbi_shirli_moya_edinstvennaya.fb2.zip</filename>
	<title>Басби Ширли. Моя единственная</title>
</book>
<book>
	<filename>basbi_shirli/basbi_shirli_nakonecto.fb2.zip</filename>
	<title>Басби Ширли. Наконец-то!</title>
</book>
<book>
	<filename>basbi_shirli/basbi_shirli_poka_strast_spit.fb2.zip</filename>
	<title>Басби Ширли. Пока страсть спит</title>
</book>
<book>
	<filename>basbi_shirli/basbi_shirli_pokornost_ei_k_licu.fb2.zip</filename>
	<title>Басби Ширли. Покорность ей к лицу</title>
</book>
<book>
	<filename>basbi_shirli/basbi_shirli_polunochnyi_maskarad.fb2.zip</filename>
	<title>Басби Ширли. Полуночный маскарад</title>
</book>
<book>
	<filename>basbi_shirli/basbi_shirli_purpurnaya_liliya.fb2.zip</filename>
	<title>Басби Ширли. Пурпурная лилия</title>
</book>
<book>
	<filename>basbi_shirli/basbi_shirli_serdce_obmanut_nelzya.fb2.zip</filename>
	<title>Басби Ширли. Сердце обмануть нельзя</title>
</book>
<book>
	<filename>basbi_shirli/basbi_shirli_shepchi_mne_o_lyubvi.fb2.zip</filename>
	<title>Басби Ширли. Шепчи мне о любви</title>
</book>
<book>
	<filename>basbi_shirli/basbi_shirli_skandal_ei_k_licu.fb2.zip</filename>
	<title>Басби Ширли. Скандал ей к лицу</title>
</book>
<book>
	<filename>basbi_shirli/basbi_shirli_tolko_radi_lyubvi.fb2.zip</filename>
	<title>Басби Ширли. Только ради любви</title>
</book>
<book>
	<filename>basbi_shirli/basbi_shirli_vechnye_vlyublennye.fb2.zip</filename>
	<title>Басби Ширли. Вечные влюбленные</title>
</book>
<book>
	<filename>basbi_shirli/basbi_shirli_vo_sne_i_nayavu.fb2.zip</filename>
	<title>Басби Ширли. Во сне и наяву</title>
</book>
<book>
	<filename>basbi_shirli/basbi_shirli_vozmi_moe_serdce.fb2.zip</filename>
	<title>Басби Ширли. Возьми мое сердце</title>
</book>
<book>
	<filename>basbi_shirli/basbi_shirli_vsegda_kogda_lyubish.fb2.zip</filename>
	<title>Басби Ширли. Всегда, когда любишь</title>
</book>
<book>
	<filename>basbi_shirli/basbi_shirli_znatnaya_plutovka.fb2.zip</filename>
	<title>Басби Ширли. Знатная плутовка</title>
</book>
<book>
	<filename>basek_kert/basek_kert_ispoved.fb2.zip</filename>
	<title>Басьек Керт. Исповедь</title>
</book>
<book>
	<filename>bashmet_yurii/bashmet_yurii_vokzal_mechty.fb2.zip</filename>
	<title>Башмет Юрий. Вокзал мечты</title>
</book>
<book>
	<filename>bashtovaya_kseniya/bashtovaya_kseniya_bubnovaya_gildiya.fb2.zip</filename>
	<title>Баштовая Ксения. Бубновая гильдия</title>
</book>
<book>
	<filename>bas_huan/bas_huan_skorpiony_v_sobstvennom_soku.fb2.zip</filename>
	<title>Бас Хуан. Скорпионы в собственном соку</title>
</book>
<book>
	<filename>bas_huan/bas_huan_taverna_treh_obezyan.fb2.zip</filename>
	<title>Бас Хуан. Таверна трех обезьян</title>
</book>
<book>
	<filename>bas_huan/bas_huan_traktat_o_pohmele.fb2.zip</filename>
	<title>Бас Хуан. Трактат о похмелье</title>
</book>
<book>
	<filename>basinskii_pavel/basinskii_pavel_strasti_po_maksimu_dokumentalnyi_roman_o_gorkom.fb2.zip</filename>
	<title>Басинский Павел Валерьевич. Страсти по Максиму (Документальный роман о Горьком)</title>
</book>
<book>
	<filename>basinskii_sergei/basinskii_sergei_klinicheskie_lekcii_po_oftalmologii.fb2.zip</filename>
	<title>Басинский Сергей Николаевич. Клинические лекции по офтальмологии</title>
</book>
<book>
	<filename>basirin_andrei/basirin_andrei_graal_nikomu_ne_sluzhit.fb2.zip</filename>
	<title>Басирин Андрей. Грааль никому не служит</title>
</book>
<book>
	<filename>basirin_andrei/basirin_andrei_ten_alamuta.fb2.zip</filename>
	<title>Басирин Андрей. Тень Аламута</title>
</book>
<book>
	<filename>basirin_andrei/basirin_andrei_ubit_lanselota.fb2.zip</filename>
	<title>Басирин Андрей. Убить Ланселота</title>
</book>
<book>
	<filename>basirin_andrei/basirin_andrei_zakon_garmonii.fb2.zip</filename>
	<title>Басирин Андрей. Закон гармонии</title>
</book>
<book>
	<filename>baskakova_m/baskakova_m_telesnoorientirovannaya_psihotehnika_aktera.fb2.zip</filename>
	<title>Баскакова М. А. Телесно-ориентированная психотехника актера</title>
</book>
<book>
	<filename>baskina_ada/baskina_ada_povsednevnaya_zhizn_amerikanskoi_semi.fb2.zip</filename>
	<title>Баскина Ада. Повседневная жизнь американской семьи</title>
</book>
<book>
	<filename>basmanova_elena/basmanova_elena_avtomobil_ioanna_krestitelya.fb2.zip</filename>
	<title>Басманова Елена. Автомобиль Иоанна Крестителя</title>
</book>
<book>
	<filename>basmanova_elena/basmanova_elena_karta_imperatricy.fb2.zip</filename>
	<title>Басманова Елена. Карта императрицы</title>
</book>
<book>
	<filename>basmanova_elena/basmanova_elena_kot_gospozhi_bryuhovec.fb2.zip</filename>
	<title>Басманова Елена. Кот госпожи Брюховец</title>
</book>
<book>
	<filename>basmanova_elena/basmanova_elena_kreshenskii_apelsin.fb2.zip</filename>
	<title>Басманова Елена. Крещенский апельсин</title>
</book>
<book>
	<filename>basmanova_elena/basmanova_elena_taina_chernoi_zhemchuzhiny.fb2.zip</filename>
	<title>Басманова Елена. Тайна черной жемчужины</title>
</book>
<book>
	<filename>basmanova_elena/basmanova_elena_taina_drevnego_sarkofaga.fb2.zip</filename>
	<title>Басманова Елена. Тайна древнего саркофага</title>
</book>
<book>
	<filename>basmanova_elena/basmanova_elena_taina_serebryanoi_vazy.fb2.zip</filename>
	<title>Басманова Елена. Тайна серебряной вазы</title>
</book>
<book>
	<filename>basmanova_elena/basmanova_elena_zagovor_stervyatnikov.fb2.zip</filename>
	<title>Басманова Елена. Заговор стервятников</title>
</book>

</books>

