<?xml version="1.0" encoding="UTF-8" ?>
<books>

<book>
	<filename>belyaeva_liliya/belyaeva_liliya_igra_v_durochku.fb2.zip</filename>
	<title>Беляева Лилия. Игра в «дурочку»</title>
</book>
<book>
	<filename>belyaeva_liliya/belyaeva_liliya_zagadka_milliardera_bryncalova.fb2.zip</filename>
	<title>Беляева Лилия Ивановна. Загадка миллиардера Брынцалова</title>
</book>
<book>
	<filename>belyaeva_viktoriya/belyaeva_viktoriya_korporaciya.fb2.zip</filename>
	<title>Беляева Виктория. Корпорация</title>
</book>
<book>
	<filename>belyaeva_viktoriya/belyaeva_viktoriya_ochen_zhenskaya_proza.fb2.zip</filename>
	<title>Беляева Виктория. Очень женская проза</title>
</book>
<book>
	<filename>belyaev_sergei/belyaev_sergei_radiomozg.fb2.zip</filename>
	<title>Беляев Сергей Михайлович. Радиомозг</title>
</book>
<book>
	<filename>belyaev_sergei/belyaev_sergei_vlastelin_molnii.fb2.zip</filename>
	<title>Беляев Сергей Михайлович. Властелин молний</title>
</book>
<book>
	<filename>belyaev_v/belyaev_v_ogon_voda_i_mednye_truby.fb2.zip</filename>
	<title>Беляев В. И. Огонь, вода и медные трубы</title>
</book>
<book>
	<filename>belyaev_vladimir/belyaev_vladimir_dom_s_privideniyami.fb2.zip</filename>
	<title>Беляев Владимир Павлович. Дом с привидениями</title>
</book>
<book>
	<filename>belyaev_vladimir/belyaev_vladimir_gorod_u_morya.fb2.zip</filename>
	<title>Беляев Владимир Павлович. Город у моря</title>
</book>
<book>
	<filename>belyaev_vladimir/belyaev_vladimir_staraya_krepost.fb2.zip</filename>
	<title>Беляев Владимир Павлович. Старая крепость</title>
</book>
<book>
	<filename>belyakova_evgeniya/belyakova_evgeniya_priklyucheniya_grinera_i_teo.fb2.zip</filename>
	<title>Белякова Евгения Петровна. Приключения Гринера и Тео</title>
</book>
<book>
	<filename>belyakov_arkadii/belyakov_arkadii_vozdushnye_puteshestviya_ocherki_istorii_vydayushihsya_pereletov.fb2.zip</filename>
	<title>Беляков Аркадий Иванович. Воздушные путешествия. Очерки истории выдающихся перелетов</title>
</book>
<book>
	<filename>belyakov_petr/belyakov_petr_v_pricele_buryi_medved.fb2.zip</filename>
	<title>Беляков Петр Алексеевич. В прицеле «Бурый медведь»</title>
</book>
<book>
	<filename>belyakov_sergei/belyakov_sergei_shest_bukv.fb2.zip</filename>
	<title>Беляков Сергей. Шесть букв</title>
</book>
<book>
	<filename>belya_nile/belya_nile_podarki_fortuny.fb2.zip</filename>
	<title>Беля Ниле. Подарки фортуны</title>
</book>
<book>
	<filename>belyanin_andrei/belyanin_andrei_bagdadskii_vor.fb2.zip</filename>
	<title>Белянин Андрей. Багдадский вор</title>
</book>
<book>
	<filename>belyanin_andrei/belyanin_andrei_delo_trezvyh_skomorohov.fb2.zip</filename>
	<title>Белянин Андрей. Дело трезвых скоморохов</title>
</book>
<book>
	<filename>belyanin_andrei/belyanin_andrei_dzhek_i_taina_drevnego_zamka.fb2.zip</filename>
	<title>Белянин Андрей. Джек и тайна древнего замка</title>
</book>
<book>
	<filename>belyanin_andrei/belyanin_andrei_dzhek_na_vostoke.fb2.zip</filename>
	<title>Белянин Андрей. Джек на Востоке</title>
</book>
<book>
	<filename>belyanin_andrei/belyanin_andrei_dzhek_sumasshedshii_korol.fb2.zip</filename>
	<title>Белянин Андрей. Джек Сумасшедший король</title>
</book>
<book>
	<filename>belyanin_andrei/belyanin_andrei_hroniki_oborotnei.fb2.zip</filename>
	<title>Белянин Андрей. Хроники оборотней</title>
</book>
<book>
	<filename>belyanin_andrei/belyanin_andrei_kanikuly_oborotnei.fb2.zip</filename>
	<title>Белянин Андрей. Каникулы оборотней</title>
</book>
<book>
	<filename>belyanin_andrei/belyanin_andrei_kazak_v_rayu.fb2.zip</filename>
	<title>Белянин Андрей Олегович. Казак в раю</title>
</book>
<book>
	<filename>belyanin_andrei/belyanin_andrei_letuchii_korabl.fb2.zip</filename>
	<title>Белянин Андрей. Летучий корабль</title>
</book>
<book>
	<filename>belyanin_andrei/belyanin_andrei_mech_bez_imeni.fb2.zip</filename>
	<title>Белянин Андрей. Меч Без Имени</title>
</book>
<book>
	<filename>belyanin_andrei/belyanin_andrei_moya_zhena_vedma.fb2.zip</filename>
	<title>Белянин Андрей. Моя жена — ведьма</title>
</book>
<book>
	<filename>belyanin_andrei/belyanin_andrei_ohota_na_gusara.fb2.zip</filename>
	<title>Белянин Андрей. Охота на гусара</title>
</book>
<book>
	<filename>belyanin_andrei/belyanin_andrei_opergruppa_v_derevne.fb2.zip</filename>
	<title>Белянин Андрей. Опергруппа в деревне</title>
</book>
<book>
	<filename>belyanin_andrei/belyanin_andrei_orden_farforovyh_rycarei.fb2.zip</filename>
	<title>Белянин Андрей. Орден Фарфоровых Рыцарей</title>
</book>
<book>
	<filename>belyanin_andrei/belyanin_andrei_otstrel_nevest.fb2.zip</filename>
	<title>Белянин Андрей. Отстрел невест</title>
</book>
<book>
	<filename>belyanin_andrei/belyanin_andrei_posramitel_shaitana.fb2.zip</filename>
	<title>Белянин Андрей. Посрамитель шайтана</title>
</book>
<book>
	<filename>belyanin_andrei/belyanin_andrei_professionalnyi_oboroten.fb2.zip</filename>
	<title>Белянин Андрей. Профессиональный оборотень</title>
</book>
<book>
	<filename>belyanin_andrei/belyanin_andrei_ryzhii_i_polosatyi.fb2.zip</filename>
	<title>Белянин Андрей. Рыжий и Полосатый</title>
</book>
<book>
	<filename>belyanin_andrei/belyanin_andrei_ryzhii_rycar.fb2.zip</filename>
	<title>Белянин Андрей. Рыжий рыцарь</title>
</book>
<book>
	<filename>belyanin_andrei/belyanin_andrei_sestryonka_iz_preispodnei.fb2.zip</filename>
	<title>Белянин Андрей. Сестрёнка из Преисподней</title>
</book>
<book>
	<filename>belyanin_andrei/belyanin_andrei_svirepyi_landgraf.fb2.zip</filename>
	<title>Белянин Андрей. Свирепый ландграф</title>
</book>
<book>
	<filename>belyanin_andrei/belyanin_andrei_tainyi_sysk_carya_goroha.fb2.zip</filename>
	<title>Белянин Андрей. Тайный сыск царя Гороха</title>
</book>
<book>
	<filename>belyanin_andrei/belyanin_andrei_vek_svyatogo_skiminoka.fb2.zip</filename>
	<title>Белянин Андрей. Век святого Скиминока</title>
</book>
<book>
	<filename>belyanin_andrei/belyanin_andrei_vkus_vampira.fb2.zip</filename>
	<title>Белянин Андрей. Вкус вампира</title>
</book>
<book>
	<filename>belyanin_andrei/belyanin_andrei_vozvrashenie_ryzhego_i_polosatogo.fb2.zip</filename>
	<title>Белянин Андрей. Возвращение Рыжего и Полосатого</title>
</book>
<book>
	<filename>belyanin_andrei/belyanin_andrei_zagovor_chernoi_messy.fb2.zip</filename>
	<title>Белянин Андрей. Заговор Черной Мессы</title>
</book>
<book>
	<filename>belyh_grigorii/belyh_grigorii_belogvardeec.fb2.zip</filename>
	<title>Белых Григорий Георгиевич. Белогвардеец</title>
</book>
<book>
	<filename>belyh_grigorii/belyh_grigorii_dom_veselyh_nishih.fb2.zip</filename>
	<title>Белых Григорий Георгиевич. Дом веселых нищих</title>
</book>
<book>
	<filename>belyh_grigorii/belyh_grigorii_korzhikina_zateya.fb2.zip</filename>
	<title>Белых Григорий Георгиевич. Коржикина затея</title>
</book>
<book>
	<filename>belyh_grigorii/belyh_grigorii_lapti.fb2.zip</filename>
	<title>Белых Григорий Георгиевич. Лапти</title>
</book>
<book>
	<filename>belyh_grigorii/belyh_grigorii_sidorova_koza.fb2.zip</filename>
	<title>Белых Григорий Георгиевич. Сидорова коза</title>
</book>
<book>
	<filename>belyi_andrei/belyi_andrei_maski.fb2.zip</filename>
	<title>Белый Андрей. Маски</title>
</book>
<book>
	<filename>belyi_andrei/belyi_andrei_moskovskii_chudak.fb2.zip</filename>
	<title>Белый Андрей. Московский чудак</title>
</book>
<book>
	<filename>belyi_andrei/belyi_andrei_moskva_pod_udarom.fb2.zip</filename>
	<title>Белый Андрей. Москва под ударом</title>
</book>
<book>
	<filename>belyi_andrei/belyi_andrei_peterburg.fb2.zip</filename>
	<title>Белый Андрей. Петербург</title>
</book>
<book>
	<filename>belyi_andrei/belyi_andrei_serebryanyi_golub.fb2.zip</filename>
	<title>Белый Андрей. Серебряный голубь</title>
</book>
<book>
	<filename>benakvista_tonino/benakvista_tonino_ktoto_drugoi.fb2.zip</filename>
	<title>Бенаквиста Тонино. Кто-то другой</title>
</book>
<book>
	<filename>benakvista_tonino/benakvista_tonino_saga.fb2.zip</filename>
	<title>Бенаквиста Тонино. Сага</title>
</book>
<book>
	<filename>benakvista_tonino/benakvista_tonino_ukusy_rassveta.fb2.zip</filename>
	<title>Бенаквиста Тонино. Укусы рассвета</title>
</book>
<book>
	<filename>benakvista_tonino/benakvista_tonino_vse_dlya_yego.fb2.zip</filename>
	<title>Бенаквиста Тонино. Все для эго</title>
</book>
<book>
	<filename>benchli_piter/benchli_piter_belaya_akula.fb2.zip</filename>
	<title>Бенчли Питер. Белая акула</title>
</book>
<book>
	<filename>benchli_piter/benchli_piter_bezdna.fb2.zip</filename>
	<title>Бенчли Питер. Бездна</title>
</book>
<book>
	<filename>benchli_piter/benchli_piter_chelyusti.fb2.zip</filename>
	<title>Бенчли Питер. Челюсти</title>
</book>
<book>
	<filename>benchli_piter/benchli_piter_devushka_iz_morya_kortesa.fb2.zip</filename>
	<title>Бенчли Питер. Девушка из Моря Кортеса</title>
</book>
<book>
	<filename>benchli_piter/benchli_piter_ostrov.fb2.zip</filename>
	<title>Бенчли Питер. Остров</title>
</book>
<book>
	<filename>benchli_piter/benchli_piter_tvar.fb2.zip</filename>
	<title>Бенчли Питер. Тварь</title>
</book>
<book>
	<filename>benconi_zhyuletta/benconi_zhyuletta_chuzhoi.fb2.zip</filename>
	<title>Бенцони Жюльетта. Чужой</title>
</book>
<book>
	<filename>benconi_zhyuletta/benconi_zhyuletta_dragocennosti_medichi.fb2.zip</filename>
	<title>Бенцони Жюльетта. Драгоценности Медичи</title>
</book>
<book>
	<filename>benconi_zhyuletta/benconi_zhyuletta_fiora_i_korol_francii.fb2.zip</filename>
	<title>Бенцони Жюльетта. Фиора и король Франции</title>
</book>
<book>
	<filename>benconi_zhyuletta/benconi_zhyuletta_fiora_i_papa_rimskii.fb2.zip</filename>
	<title>Бенцони Жюльетта. Фиора и Папа Римский</title>
</book>
<book>
	<filename>benconi_zhyuletta/benconi_zhyuletta_florentiika.fb2.zip</filename>
	<title>Бенцони Жюльетта. Флорентийка</title>
</book>
<book>
	<filename>benconi_zhyuletta/benconi_zhyuletta_golubaya_zvezda.fb2.zip</filename>
	<title>Бенцони Жюльетта. Голубая звезда</title>
</book>
<book>
	<filename>benconi_zhyuletta/benconi_zhyuletta_gordaya_amerikanka.fb2.zip</filename>
	<title>Бенцони Жюльетта. Гордая американка</title>
</book>
<book>
	<filename>benconi_zhyuletta/benconi_zhyuletta_iskateli_priklyuchenii_otkroveniya_istorii.fb2.zip</filename>
	<title>Бенцони Жюльетта. Искатели приключений: откровения истории</title>
</book>
<book>
	<filename>benconi_zhyuletta/benconi_zhyuletta_ispoved_rogonosca.fb2.zip</filename>
	<title>Бенцони Жюльетта. Исповедь рогоносца</title>
</book>
<book>
	<filename>benconi_zhyuletta/benconi_zhyuletta_izgnannik.fb2.zip</filename>
	<title>Бенцони Жюльетта. Изгнанник</title>
</book>
<book>
	<filename>benconi_zhyuletta/benconi_zhyuletta_izumrudy_proroka.fb2.zip</filename>
	<title>Бенцони Жюльетта. Изумруды пророка</title>
</book>
<book>
	<filename>benconi_zhyuletta/benconi_zhyuletta_katrin_i_hranitel_sokrovish.fb2.zip</filename>
	<title>Бенцони Жюльетта. Катрин и хранитель сокровищ</title>
</book>
<book>
	<filename>benconi_zhyuletta/benconi_zhyuletta_katrin_kniga_tretya.fb2.zip</filename>
	<title>Бенцони Жюльетта. Катрин. Книга третья</title>
</book>
<book>
	<filename>benconi_zhyuletta/benconi_zhyuletta_kinzhal_i_yad.fb2.zip</filename>
	<title>Бенцони Жюльетта. Кинжал и яд</title>
</book>
<book>
	<filename>benconi_zhyuletta/benconi_zhyuletta_knyaz_nochi.fb2.zip</filename>
	<title>Бенцони Жюльетта. Князь ночи</title>
</book>
<book>
	<filename>benconi_zhyuletta/benconi_zhyuletta_konec_stranstvii.fb2.zip</filename>
	<title>Бенцони Жюльетта. Конец странствий</title>
</book>
<book>
	<filename>benconi_zhyuletta/benconi_zhyuletta_konstanciya_kniga_chetvertaya.fb2.zip</filename>
	<title>Бенцони Жюльетта. Констанция. Книга четвертая</title>
</book>
<book>
	<filename>benconi_zhyuletta/benconi_zhyuletta_konstanciya_kniga_pervaya.fb2.zip</filename>
	<title>Бенцони Жюльетта. Констанция. Книга первая</title>
</book>
<book>
	<filename>benconi_zhyuletta/benconi_zhyuletta_konstanciya_kniga_pyataya.fb2.zip</filename>
	<title>Бенцони Жюльетта. Констанция. Книга пятая</title>
</book>
<book>
	<filename>benconi_zhyuletta/benconi_zhyuletta_konstanciya_kniga_shestaya.fb2.zip</filename>
	<title>Бенцони Жюльетта. Констанция. Книга шестая</title>
</book>
<book>
	<filename>benconi_zhyuletta/benconi_zhyuletta_konstanciya_kniga_tretya.fb2.zip</filename>
	<title>Бенцони Жюльетта. Констанция. Книга третья</title>
</book>
<book>
	<filename>benconi_zhyuletta/benconi_zhyuletta_konstanciya_kniga_vtoraya.fb2.zip</filename>
	<title>Бенцони Жюльетта. Констанция. Книга вторая</title>
</book>
<book>
	<filename>benconi_zhyuletta/benconi_zhyuletta_koroli_i_korolevy_tragedii_lyubvi.fb2.zip</filename>
	<title>Бенцони Жюльетта. Короли и королевы. Трагедии любви</title>
</book>
<book>
	<filename>benconi_zhyuletta/benconi_zhyuletta_korol_nishih.fb2.zip</filename>
	<title>Бенцони Жюльетта. Король нищих</title>
</book>
<book>
	<filename>benconi_zhyuletta/benconi_zhyuletta_krechet_kniga_i.fb2.zip</filename>
	<title>Бенцони Жюльетта. Кречет. Книга I</title>
</book>
<book>
	<filename>benconi_zhyuletta/benconi_zhyuletta_krechet_kniga_iii.fb2.zip</filename>
	<title>Бенцони Жюльетта. Кречет. Книга III</title>
</book>
<book>
	<filename>benconi_zhyuletta/benconi_zhyuletta_krechet_kniga_iv.fb2.zip</filename>
	<title>Бенцони Жюльетта. Кречет. Книга IV</title>
</book>
<book>
	<filename>benconi_zhyuletta/benconi_zhyuletta_krovavaya_messa.fb2.zip</filename>
	<title>Бенцони Жюльетта. Кровавая месса</title>
</book>
<book>
	<filename>benconi_zhyuletta/benconi_zhyuletta_lovushka_dlya_katrin.fb2.zip</filename>
	<title>Бенцони Жюльетта. Ловушка для Катрин</title>
</book>
<book>
	<filename>benconi_zhyuletta/benconi_zhyuletta_lyubov_i_zamki.fb2.zip</filename>
	<title>Бенцони Жюльетта. Любовь и замки</title>
</book>
<book>
	<filename>benconi_zhyuletta/benconi_zhyuletta_lyubov_tolko_lyubov.fb2.zip</filename>
	<title>Бенцони Жюльетта. Любовь, только любовь</title>
</book>
<book>
	<filename>benconi_zhyuletta/benconi_zhyuletta_manchzhurskaya_princessa.fb2.zip</filename>
	<title>Бенцони Жюльетта. Маньчжурская принцесса</title>
</book>
<book>
	<filename>benconi_zhyuletta/benconi_zhyuletta_marianna_i_neizvestnyi_iz_toskany.fb2.zip</filename>
	<title>Бенцони Жюльетта. Марианна и неизвестный из Тосканы</title>
</book>
<book>
	<filename>benconi_zhyuletta/benconi_zhyuletta_marianna_v_ognennom_venke_kniga_1.fb2.zip</filename>
	<title>Бенцони Жюльетта. Марианна в огненном венке. Книга 1</title>
</book>
<book>
	<filename>benconi_zhyuletta/benconi_zhyuletta_marianna_v_ognennom_venke_kniga_2.fb2.zip</filename>
	<title>Бенцони Жюльетта. Марианна в огненном венке. Книга 2</title>
</book>
<book>
	<filename>benconi_zhyuletta/benconi_zhyuletta_mariya_koroleva_intrig.fb2.zip</filename>
	<title>Бенцони Жюльетта. Мария — королева интриг</title>
</book>
<book>
	<filename>benconi_zhyuletta/benconi_zhyuletta_mera_lyubvi.fb2.zip</filename>
	<title>Бенцони Жюльетта. Мера любви</title>
</book>
<book>
	<filename>benconi_zhyuletta/benconi_zhyuletta_nedostoinye_znatnye_damy.fb2.zip</filename>
	<title>Бенцони Жюльетта. Недостойные знатные дамы</title>
</book>
<book>
	<filename>benconi_zhyuletta/benconi_zhyuletta_nochnye_tainy_korolev.fb2.zip</filename>
	<title>Бенцони Жюльетта. Ночные тайны королев</title>
</book>
<book>
	<filename>benconi_zhyuletta/benconi_zhyuletta_novobrachnaya.fb2.zip</filename>
	<title>Бенцони Жюльетта. Новобрачная</title>
</book>
<book>
	<filename>benconi_zhyuletta/benconi_zhyuletta_opal_imperatricy_opal_sissi.fb2.zip</filename>
	<title>Бенцони Жюльетта. Опал императрицы (Опал Сисси)</title>
</book>
<book>
	<filename>benconi_zhyuletta/benconi_zhyuletta_ozherele_dlya_dyavola.fb2.zip</filename>
	<title>Бенцони Жюльетта. Ожерелье для дьявола</title>
</book>
<book>
	<filename>benconi_zhyuletta/benconi_zhyuletta_pora_svidanii.fb2.zip</filename>
	<title>Бенцони Жюльетта. Пора свиданий</title>
</book>
<book>
	<filename>benconi_zhyuletta/benconi_zhyuletta_puteshestvennik.fb2.zip</filename>
	<title>Бенцони Жюльетта. Путешественник</title>
</book>
<book>
	<filename>benconi_zhyuletta/benconi_zhyuletta_roza_ijorkov.fb2.zip</filename>
	<title>Бенцони Жюльетта. Роза Йорков</title>
</book>
<book>
	<filename>benconi_zhyuletta/benconi_zhyuletta_roza_iorkov.fb2.zip</filename>
	<title>Бенцони Жюльетта. Роза Йорков</title>
</book>
<book>
	<filename>benconi_zhyuletta/benconi_zhyuletta_rubin_korolevy.fb2.zip</filename>
	<title>Бенцони Жюльетта. Рубин королевы</title>
</book>
<book>
	<filename>benconi_zhyuletta/benconi_zhyuletta_sdelka_s_dyavolom.fb2.zip</filename>
	<title>Бенцони Жюльетта. Сделка с дьяволом</title>
</book>
<book>
	<filename>benconi_zhyuletta/benconi_zhyuletta_spalnya_korolevy.fb2.zip</filename>
	<title>Бенцони Жюльетта. Спальня королевы</title>
</book>
<book>
	<filename>benconi_zhyuletta/benconi_zhyuletta_strasti_po_marii.fb2.zip</filename>
	<title>Бенцони Жюльетта. Страсти по Марии</title>
</book>
<book>
	<filename>benconi_zhyuletta/benconi_zhyuletta_tri_gospodina_nochi.fb2.zip</filename>
	<title>Бенцони Жюльетта. Три господина ночи</title>
</book>
<book>
	<filename>benconi_zhyuletta/benconi_zhyuletta_ty_marianna.fb2.zip</filename>
	<title>Бенцони Жюльетта. Ты, Марианна</title>
</book>
<book>
	<filename>benconi_zhyuletta/benconi_zhyuletta_uznik_v_maske.fb2.zip</filename>
	<title>Бенцони Жюльетта. Узник в маске</title>
</book>
<book>
	<filename>benconi_zhyuletta/benconi_zhyuletta_v_alkovah_korolei.fb2.zip</filename>
	<title>Бенцони Жюльетта. В альковах королей</title>
</book>
<book>
	<filename>benconi_zhyuletta/benconi_zhyuletta_velikolepnaya_markiza.fb2.zip</filename>
	<title>Бенцони Жюльетта. Великолепная маркиза</title>
</book>
<book>
	<filename>benconi_zhyuletta/benconi_zhyuletta_volki_lozarga.fb2.zip</filename>
	<title>Бенцони Жюльетта. Волки Лозарга</title>
</book>
<book>
	<filename>benconi_zhyuletta/benconi_zhyuletta_vremya_lyubit.fb2.zip</filename>
	<title>Бенцони Жюльетта. Время любить</title>
</book>
<book>
	<filename>benconi_zhyuletta/benconi_zhyuletta_yazon_chetyreh_morei.fb2.zip</filename>
	<title>Бенцони Жюльетта. Язон четырех морей</title>
</book>
<book>
	<filename>benconi_zhyuletta/benconi_zhyuletta_zhazhda_vozmezdiya.fb2.zip</filename>
	<title>Бенцони Жюльетта. Жажда возмездия</title>
</book>
<book>
	<filename>benconi_zhyuletta/benconi_zhyuletta_zhemchuzhina_imperatora.fb2.zip</filename>
	<title>Бенцони Жюльетта. Жемчужина императора</title>
</book>
<book>
	<filename>benconi_zhyuletta/benconi_zhyuletta_znatnye_rasputnicy.fb2.zip</filename>
	<title>Бенцони Жюльетта. Знатные распутницы</title>
</book>
<book>
	<filename>benconi_zhyuletta/benconi_zhyuletta_zvezda_dlya_napoleona.fb2.zip</filename>
	<title>Бенцони Жюльетта. Звезда для Наполеона</title>
</book>
<book>
	<filename>bendler_richard/bendler_richard_ispolzuite_svoi_mozg_dlya_izmenenii.fb2.zip</filename>
	<title>Бендлер Ричард. Используйте свой мозг для изменений</title>
</book>
<book>
	<filename>bendler_richard/bendler_richard_iz_lyagushek_v_princy_vvodnyi_kurs_nlp_treninga.fb2.zip</filename>
	<title>Бендлер Ричард. Из лягушек — в принцы (Вводный курс НЛП тренинга)</title>
</book>
<book>
	<filename>bendler_richard/bendler_richard_navedenie_transa.fb2.zip</filename>
	<title>Бендлер Ричард. Наведение транса</title>
</book>
<book>
	<filename>bendler_richard/bendler_richard_sozdanie_ubezhdenii.fb2.zip</filename>
	<title>Бендлер Ричард. Создание убеждений</title>
</book>
<book>
	<filename>bendler_richard/bendler_richard_struktura_magii_v_2h_tomah.fb2.zip</filename>
	<title>Бендлер Ричард. Структура Магии (в 2-х томах)</title>
</book>
<book>
	<filename>bendzhamin_kurt/bendzhamin_kurt_nebesnye_vrata.fb2.zip</filename>
	<title>Бенджамин Курт. Небесные врата</title>
</book>
<book>
	<filename>bendzhamin_kurt/bendzhamin_kurt_princ_snov.fb2.zip</filename>
	<title>Бенджамин Курт. Принц снов</title>
</book>
<book>
	<filename>bendzhamin_kurt/bendzhamin_kurt_princ_tenei.fb2.zip</filename>
	<title>Бенджамин Курт. Принц теней</title>
</book>
<book>
	<filename>benedikt_barbara/benedikt_barbara_do_konca_svoih_dnei.fb2.zip</filename>
	<title>Бенедикт Барбара. До конца своих дней</title>
</book>
<book>
	<filename>benedikt_barbara/benedikt_barbara_schastlivaya_vstrecha.fb2.zip</filename>
	<title>Бенедикт Барбара. Счастливая встреча</title>
</book>
<book>
	<filename>benedikt_klyer/benedikt_klyer_iz_plena_proshlogo.fb2.zip</filename>
	<title>Бенедикт Клэр. Из плена прошлого</title>
</book>
<book>
	<filename>benediktov_kirill/benediktov_kirill_ptica_schastya_ultramarin.fb2.zip</filename>
	<title>Бенедиктов Кирилл. Птица счастья ультрамарин</title>
</book>
<book>
	<filename>benediktov_kirill/benediktov_kirill_put_shuta.fb2.zip</filename>
	<title>Бенедиктов Кирилл. Путь шута</title>
</book>
<book>
	<filename>benediktov_kirill/benediktov_kirill_voina_za_asgard.fb2.zip</filename>
	<title>Бенедиктов Кирилл. Война за "Асгард"</title>
</book>
<book>
	<filename>benediktov_kirill/benediktov_kirill_voshod_shestogo_solnca.fb2.zip</filename>
	<title>Бенедиктов Кирилл. Восход шестого солнца</title>
</book>
<book>
	<filename>benediktov_kirill/benediktov_kirill_zaveshanie_nochi.fb2.zip</filename>
	<title>Бенедиктов Кирилл. Завещание ночи</title>
</book>
<book>
	<filename>bene_stiven/bene_stiven_cvetenie_i_plody.fb2.zip</filename>
	<title>Бене Стивен Винсент. Цветение и плоды</title>
</book>
<book>
	<filename>bene_stiven/bene_stiven_dyavol_i_dyeniel_uyebster.fb2.zip</filename>
	<title>Бене Стивен Винсент. Дьявол и Дэниел Уэбстер</title>
</book>
<book>
	<filename>bene_stiven/bene_stiven_dzhonni_pai_i_smert_durakam.fb2.zip</filename>
	<title>Бене Стивен Винсент. Джонни Пай и Смерть Дуракам</title>
</book>
<book>
	<filename>bene_stiven/bene_stiven_kolokol_pozdnii.fb2.zip</filename>
	<title>Бене Стивен Винсент. Колокол поздний</title>
</book>
<book>
	<filename>bene_stiven/bene_stiven_koshachii_korol.fb2.zip</filename>
	<title>Бене Стивен Винсент. Кошачий король</title>
</book>
<book>
	<filename>bene_stiven/bene_stiven_krov_muchenikov.fb2.zip</filename>
	<title>Бене Стивен Винсент. Кровь мучеников</title>
</book>
<book>
	<filename>bene_stiven/bene_stiven_ocharovanie.fb2.zip</filename>
	<title>Бене Стивен Винсент. Очарование</title>
</book>
<book>
	<filename>bene_stiven/bene_stiven_rasskaz_andzhely_po.fb2.zip</filename>
	<title>Бене Стивен Винсент. Рассказ Анджелы По</title>
</book>
<book>
	<filename>bene_stiven/bene_stiven_schaste_ohalloranov.fb2.zip</filename>
	<title>Бене Стивен Винсент. Счастье О'Халлоранов</title>
</book>
<book>
	<filename>bene_stiven/bene_stiven_vse_byli_ochen_mily.fb2.zip</filename>
	<title>Бене Стивен Винсент. Все были очень милы</title>
</book>
<book>
	<filename>bene_stiven/bene_stiven_yakob_i_indeicy.fb2.zip</filename>
	<title>Бене Стивен Винсент. Якоб и индейцы</title>
</book>
<book>
	<filename>bene_stiven/bene_stiven_za_zubom_k_polyu_reviru.fb2.zip</filename>
	<title>Бене Стивен Винсент. За зубом к Полю Ревиру</title>
</book>
<book>
	<filename>benford_gregori/benford_gregori_panorama_vremen.fb2.zip</filename>
	<title>Бенфорд Грегори. Панорама времен</title>
</book>
<book>
	<filename>benford_gregori/benford_gregori_strahi_akademii.fb2.zip</filename>
	<title>Бенфорд Грегори. Страхи академии</title>
</book>
<book>
	<filename>bengtsson_franc/bengtsson_franc_ryzhii_orm.fb2.zip</filename>
	<title>Бенгтссон Франц Гуннар. Рыжий Орм</title>
</book>
<book>
	<filename>benilov_evgenii/benilov_evgenii_chelovek_kotoryi_hotel_ponyat_vse.fb2.zip</filename>
	<title>Бенилов Евгений. Человек, который хотел понять все</title>
</book>
<book>
	<filename>benilov_evgenii/benilov_evgenii_na_more_i_na_sushe.fb2.zip</filename>
	<title>Бенилов Евгений. На море и на суше</title>
</book>
<book>
	<filename>benilov_evgenii/benilov_evgenii_tysyacha_devyatsot_vosemdesyat_pyatyi.fb2.zip</filename>
	<title>Бенилов Евгений. Тысяча девятьсот восемьдесят пятый</title>
</book>
<book>
	<filename>benin_v/benin_v_uchebnoe_posobie_po_socialnoi_filosofii.fb2.zip</filename>
	<title>Бенин В. Л. Учебное пособие по социальной философии</title>
</book>
<book>
	<filename>beni_zhannetta/beni_zhannetta_florentiika_i_sultan.fb2.zip</filename>
	<title>Беньи Жаннетта. Флорентийка и султан</title>
</book>
<book>
	<filename>bennet_arnold/bennet_arnold_dan_gorodov.fb2.zip</filename>
	<title>Беннет Арнольд. Дань городов</title>
</book>
<book>
	<filename>bennet_duait/bennet_duait_bolshaya_zemlya.fb2.zip</filename>
	<title>Беннет Дуайт. Большая земля</title>
</book>
<book>
	<filename>bennet_dzhenis/bennet_dzhenis_zashitnik_prekrasnoi_damy.fb2.zip</filename>
	<title>Беннет Дженис. Защитник прекрасной дамы</title>
</book>
<book>
	<filename>bennet_konstanciya/bennet_konstanciya_prekrasnaya_razboinica.fb2.zip</filename>
	<title>Беннет Констанция. Прекрасная разбойница</title>
</book>
<book>
	<filename>bennet_konstanciya/bennet_konstanciya_radost_pirata.fb2.zip</filename>
	<title>Беннет Констанция. Радость пирата</title>
</book>
<book>
	<filename>bennet_marsi/bennet_marsi_schaste_naidet_tebya.fb2.zip</filename>
	<title>Беннет Марси. Счастье найдет тебя</title>
</book>
<book>
	<filename>bennet_sara/bennet_sara_alyi_shelk_soblazna.fb2.zip</filename>
	<title>Беннет Сара. Алый шелк соблазна</title>
</book>
<book>
	<filename>bennet_sara/bennet_sara_blagovospitannaya_ledi.fb2.zip</filename>
	<title>Беннет Сара. Благовоспитанная леди</title>
</book>
<book>
	<filename>bennet_sara/bennet_sara_ee_tainyi_vozlyublenyi.fb2.zip</filename>
	<title>Беннет Сара. Ее тайный возлюбленый</title>
</book>
<book>
	<filename>bennet_sara/bennet_sara_liliya_i_mech.fb2.zip</filename>
	<title>Беннет Сара. Лилия и меч</title>
</book>
<book>
	<filename>bennet_sara/bennet_sara_nechayannyi_pocelui.fb2.zip</filename>
	<title>Беннет Сара. Нечаянный поцелуй</title>
</book>
<book>
	<filename>bennet_sara/bennet_sara_nevinnaya_obolstitelnica.fb2.zip</filename>
	<title>Беннет Сара. Невинная обольстительница</title>
</book>
<book>
	<filename>bennet_sara/bennet_sara_pravila_strasti.fb2.zip</filename>
	<title>Беннет Сара. Правила страсти</title>
</book>
<book>
	<filename>bennet_sara/bennet_sara_roza_i_shit.fb2.zip</filename>
	<title>Беннет Сара. Роза и щит</title>
</book>
<book>
	<filename>bennet_sara/bennet_sara_vozlyublennyi_gorec.fb2.zip</filename>
	<title>Беннет Сара. Возлюбленный горец</title>
</book>
<book>
	<filename>bennett_gloriya/bennett_gloriya_pod_zolotym_vodopadom.fb2.zip</filename>
	<title>Беннетт Глория. Под золотым водопадом</title>
</book>
<book>
	<filename>bennett_gloriya/bennett_gloriya_virazhi_lyubvi.fb2.zip</filename>
	<title>Беннетт Глория. Виражи любви</title>
</book>
<book>
	<filename>bennet_yelizabet/bennet_yelizabet_dushoyu_i_telom.fb2.zip</filename>
	<title>Беннет Элизабет. Душою и телом</title>
</book>
<book>
	<filename>benson_raimond/benson_raimond_i_celogo_mira_malo.fb2.zip</filename>
	<title>Бенсон Раймонд. И целого мира мало</title>
</book>
<book>
	<filename>benson_raimond/benson_raimond_pryamoi_reportazh_v_5.fb2.zip</filename>
	<title>Бенсон Раймонд. Прямой репортаж в 5</title>
</book>
<book>
	<filename>benson_raimond/benson_raimond_son_v_letnyuyu_noch.fb2.zip</filename>
	<title>Бенсон Раймонд. Сон в летнюю ночь</title>
</book>
<book>
	<filename>benson_raimond/benson_raimond_vzryv_iz_proshlogo.fb2.zip</filename>
	<title>Бенсон Раймонд. Взрыв из прошлого</title>
</book>
<book>
	<filename>benson_yenn/benson_yenn_dnevnik_chernoi_smerti.fb2.zip</filename>
	<title>Бенсон Энн. Дневник черной смерти</title>
</book>
<book>
	<filename>benson_yenn/benson_yenn_ognennaya_doroga.fb2.zip</filename>
	<title>Бенсон Энн. Огненная дорога</title>
</book>
<book>
	<filename>benson_yenn/benson_yenn_pohititel_dush.fb2.zip</filename>
	<title>Бенсон Энн. Похититель душ</title>
</book>
<book>
	<filename>benua_per/benua_per_atlantida.fb2.zip</filename>
	<title>Бенуа Пьер. Атлантида</title>
</book>
<book>
	<filename>benua_per/benua_per_doroga_gigantov.fb2.zip</filename>
	<title>Бенуа Пьер. Дорога гигантов</title>
</book>
<book>
	<filename>benua_per/benua_per_kenigsmark.fb2.zip</filename>
	<title>Бенуа Пьер. Кенигсмарк</title>
</book>
<book>
	<filename>benua_per/benua_per_prokazhennyi_korol.fb2.zip</filename>
	<title>Бенуа Пьер. Прокаженный король</title>
</book>
<book>
	<filename>benua_per/benua_per_solenoe_ozero.fb2.zip</filename>
	<title>Бенуа Пьер. Соленое озеро</title>
</book>
<book>
	<filename>benua_per/benua_per_vladetelnica_livanskogo_zamka.fb2.zip</filename>
	<title>Бенуа Пьер. Владетельница ливанского замка</title>
</book>
<book>
	<filename>benua_per/benua_per_zabytyi.fb2.zip</filename>
	<title>Бенуа Пьер. Забытый</title>
</book>
<book>
	<filename>benua_pol/benua_pol_kolodez_iakova.fb2.zip</filename>
	<title>Бенуа Поль. Колодезь Иакова</title>
</book>
<book>
	<filename>berazinskii_dmitrii/berazinskii_dmitrii_po_tu_storonu_chernoi_dyry.fb2.zip</filename>
	<title>Беразинский Дмитрий. По ту сторону черной дыры</title>
</book>
<book>
	<filename>berazinskii_dmitrii/berazinskii_dmitrii_put_ispolnennyi_otvagi.fb2.zip</filename>
	<title>Беразинский Дмитрий. Путь, исполненный отваги</title>
</book>
<book>
	<filename>berazinskii_dmitrii/berazinskii_dmitrii_zadolgo_do_istmata.fb2.zip</filename>
	<title>Беразинский Дмитрий. Задолго до Истмата</title>
</book>
<book>
	<filename>berberova_nina/berberova_nina_lyudi_i_lozhi_russkie_masony_xx_stoletiya.fb2.zip</filename>
	<title>Берберова Нина. Люди и ложи. Русские масоны XX столетия</title>
</book>
<book>
	<filename>berberova_nina/berberova_nina_zheleznaya_zhenshina.fb2.zip</filename>
	<title>Берберова Нина Николаевна. Железная женщина</title>
</book>
<book>
	<filename>berd_dzhuliya/berd_dzhuliya_iskrenne_vasha.fb2.zip</filename>
	<title>Берд Джулия. Искренне Ваша</title>
</book>
<book>
	<filename>berd_dzhuliya/berd_dzhuliya_moi_prekrasnyi_lord.fb2.zip</filename>
	<title>Берд Джулия. Мой прекрасный лорд</title>
</book>
<book>
	<filename>berd_dzhuliya/berd_dzhuliya_polunochnyi_angel.fb2.zip</filename>
	<title>Берд Джулия. Полуночный Ангел</title>
</book>
<book>
	<filename>berd_dzhuliya/berd_dzhuliya_romans_o_roze.fb2.zip</filename>
	<title>Берд Джулия. Романс о Розе</title>
</book>
<book>
	<filename>berd_kivi/berd_kivi_gigabaity_vlasti.fb2.zip</filename>
	<title>Берд Киви. Гигабайты власти</title>
</book>
<book>
	<filename>berd_kivi/berd_kivi_kniga_o_strannom.fb2.zip</filename>
	<title>Берд Киви. Книга о странном</title>
</book>
<book>
	<filename>berd_nikol/berd_nikol_debyutantka.fb2.zip</filename>
	<title>Берд Николь. Дебютантка</title>
</book>
<book>
	<filename>berd_nikol/berd_nikol_dorogoi_pritvorshik.fb2.zip</filename>
	<title>Берд Николь. Дорогой притворщик</title>
</book>
<book>
	<filename>berd_nikol/berd_nikol_krasavica_v_chernom.fb2.zip</filename>
	<title>Берд Николь. Красавица в черном</title>
</book>
<book>
	<filename>berd_nikol/berd_nikol_obvorozhit_grafa.fb2.zip</filename>
	<title>Берд Николь. Обворожить графа</title>
</book>
<book>
	<filename>berd_nikol/berd_nikol_reputaciya_ledi.fb2.zip</filename>
	<title>Берд Николь. Репутация леди</title>
</book>
<book>
	<filename>berd_nikol/berd_nikol_skandalnaya_ledi.fb2.zip</filename>
	<title>Берд Николь. Скандальная леди</title>
</book>
<book>
	<filename>berd_nikol/berd_nikol_vdovushka_v_alom.fb2.zip</filename>
	<title>Берд Николь. Вдовушка в алом</title>
</book>
<book>
	<filename>berd_nikol/berd_nikol_videnie_v_golubom.fb2.zip</filename>
	<title>Берд Николь. Видение в голубом</title>
</book>
<book>
	<filename>berdyaev_nikolai/berdyaev_nikolai_istina_pravoslaviya.fb2.zip</filename>
	<title>Бердяев Николай Александрович. Истина Православия</title>
</book>
<book>
	<filename>berdyaev_nikolai/berdyaev_nikolai_sbornik_statei_n_berdyaeva.fb2.zip</filename>
	<title>Бердяев Николай Александрович. Сборник статей Н. Бердяева</title>
</book>

</books>

