<?xml version="1.0" encoding="UTF-8" ?>
<books>
<book>
	<filename>berdzhess_yentoni/berdzhess_yentoni_dolgii_put_k_chaepitiyu.fb2.zip</filename>
	<title>Берджесс Энтони. Долгий путь к чаепитию</title>
</book>
<book>
	<filename>berdzhess_yentoni/berdzhess_yentoni_trepet_namereniya.fb2.zip</filename>
	<title>Берджесс Энтони. Трепет намерения</title>
</book>
<book>
	<filename>berdzhess_yentoni/berdzhess_yentoni_vlyublennyi_shekspir.fb2.zip</filename>
	<title>Берджесс Энтони. Влюбленный Шекспир</title>
</book>
<book>
	<filename>berdzhess_yentoni/berdzhess_yentoni_vozhdeleyushee_semya.fb2.zip</filename>
	<title>Берджесс Энтони. Вожделеющее семя</title>
</book>
<book>
	<filename>berdzhess_yentoni/berdzhess_yentoni_zavodnoi_apelsin.fb2.zip</filename>
	<title>Берджесс Энтони. Заводной апельсин</title>
</book>
<book>
	<filename>berdzhess_yentoni/berdzhess_yentoni_zavodnoi_apelsin_peresinelshikova.fb2.zip</filename>
	<title>Берджесс Энтони. Заводной апельсин (пер.Е.Синельщикова)</title>
</book>
<book>
	<filename>berec_yanosh/berec_yanosh_krah_operacii_fokus.fb2.zip</filename>
	<title>Берец Янош. Крах операции «Фокус»</title>
</book>
<book>
	<filename>berendt_dzhon/berendt_dzhon_polnoch_v_sadu_dobra_i_zla.fb2.zip</filename>
	<title>Берендт Джон. Полночь в саду добра и зла</title>
</book>
<book>
	<filename>berestov_valentin/berestov_valentin_allo_parnas.fb2.zip</filename>
	<title>Берестов Валентин. Алло, Парнас!</title>
</book>
<book>
	<filename>berezhkova_lyudmila/berezhkova_lyudmila_kak_izbavitsya_ot_bessonnicy.fb2.zip</filename>
	<title>Бережкова Людмила Васильевна. Как избавиться от бессонницы</title>
</book>
<book>
	<filename>berezhkov_valentin/berezhkov_valentin_stranicy_diplomaticheskoi_istorii.fb2.zip</filename>
	<title>Бережков Валентин Михайлович. Страницы дипломатической истории</title>
</book>
<book>
	<filename>berezhkov_valentin/berezhkov_valentin_tegeran_1943_na_konferencii_bolshoi_troiki_i_v_kuluarah.fb2.zip</filename>
	<title>Бережков Валентин Михайлович. Тегеран 1943. На конференции Большой тройки и в кулуарах</title>
</book>
<book>
	<filename>berezin_fedor/berezin_fedor_krasnyi_rassvet.fb2.zip</filename>
	<title>Березин Федор. Красный рассвет</title>
</book>
<book>
	<filename>berezin_fedor/berezin_fedor_lunnyi_variant.fb2.zip</filename>
	<title>Березин Федор. Лунный вариант</title>
</book>
<book>
	<filename>berezin_fedor/berezin_fedor_ogromnyi_chernyi_korabl.fb2.zip</filename>
	<title>Березин Федор. Огромный черный корабль</title>
</book>
<book>
	<filename>berezin_fedor/berezin_fedor_parallelnyi_kataklizm.fb2.zip</filename>
	<title>Березин Федор. Параллельный Катаклизм</title>
</book>
<book>
	<filename>berezin_fedor/berezin_fedor_pepel.fb2.zip</filename>
	<title>Березин Федор. Пепел</title>
</book>
<book>
	<filename>berezin_fedor/berezin_fedor_pozhar_metropolii.fb2.zip</filename>
	<title>Березин Федор. Пожар Метрополии</title>
</book>
<book>
	<filename>berezin_fedor/berezin_fedor_voina_2030_ataka_skalistyh_gor.fb2.zip</filename>
	<title>Березин Федор. Война 2030. Атака Скалистых гор</title>
</book>
<book>
	<filename>berezin_fedor/berezin_fedor_vstrechnyi_kataklizm.fb2.zip</filename>
	<title>Березин Федор. Встречный катаклизм</title>
</book>
<book>
	<filename>berezin_fedor/berezin_fedor_yekipazh_chernogo_korablya.fb2.zip</filename>
	<title>Березин Федор. Экипаж черного корабля</title>
</book>
<book>
	<filename>berezin_mihail/berezin_mihail_plyaska_dervisha_sbornik.fb2.zip</filename>
	<title>Березин Михаил. Пляска дервиша (сборник)</title>
</book>
<book>
	<filename>berezko_georgii/berezko_georgii_noch_polkovodca.fb2.zip</filename>
	<title>Березко Георгий. Ночь полководца</title>
</book>
<book>
	<filename>berezovskii_boris/berezovskii_boris_kak_zarabotat_bolshie_dengi.fb2.zip</filename>
	<title>Березовский Борис. Как заработать большие деньги?</title>
</book>
<book>
	<filename>berg_kyerol/berg_kyerol_pesnya_zverya.fb2.zip</filename>
	<title>Берг Кэрол. Песня зверя</title>
</book>
<book>
	<filename>berg_kyerol/berg_kyerol_prevrashenie.fb2.zip</filename>
	<title>Берг Кэрол. Превращение</title>
</book>
<book>
	<filename>berg_kyerol/berg_kyerol_razoblachenie.fb2.zip</filename>
	<title>Берг Кэрол. Разоблачение</title>
</book>
<book>
	<filename>berg_kyerol/berg_kyerol_syn_avonara.fb2.zip</filename>
	<title>Берг Кэрол. Сын Авонара</title>
</book>
<book>
	<filename>berg_kyerol/berg_kyerol_vozrozhdenie.fb2.zip</filename>
	<title>Берг Кэрол. Возрождение</title>
</book>
<book>
	<filename>berglar_peter/berglar_peter_metternih_kucher_evropy_lekar_revolyucii.fb2.zip</filename>
	<title>Берглар Петер. Меттерних. Кучер Европы – лекарь Революции</title>
</book>
<book>
	<filename>bergman_ingmar/bergman_ingmar_kazhdyi_film_moi_poslednii.fb2.zip</filename>
	<title>Бергман Ингмар. Каждый фильм – мой последний</title>
</book>
<book>
	<filename>bergman_ingmar/bergman_ingmar_osennyaya_sonata.fb2.zip</filename>
	<title>Бергман Ингмар. Осенняя соната</title>
</book>
<book>
	<filename>bergman_ingmar/bergman_ingmar_rech_po_sluchayu_prisuzhdeniya_premii_yerazma.fb2.zip</filename>
	<title>Бергман Ингмар. Речь по случаю присуждения премии Эразма</title>
</book>
<book>
	<filename>bergman_ingmar/bergman_ingmar_ulybki_letnei_nochi.fb2.zip</filename>
	<title>Бергман Ингмар. Улыбки летней ночи</title>
</book>
<book>
	<filename>bergman_ingmar/bergman_ingmar_yernst_riffe_lico_bergmana.fb2.zip</filename>
	<title>Бергман Ингмар. Эрнст Риффе. Лицо Бергмана?</title>
</book>
<book>
	<filename>bergman_ingmar/bergman_ingmar_zmeinoe_yaico.fb2.zip</filename>
	<title>Бергман Ингмар. Змеиное яйцо</title>
</book>
<book>
	<filename>berg_patti/berg_patti_nevesta_na_noch.fb2.zip</filename>
	<title>Берг Патти. Невеста на ночь</title>
</book>
<book>
	<filename>bergress_piter/bergress_piter_zolotaya_kniga_akvariumista.fb2.zip</filename>
	<title>Бергресс Питер. Золотая книга аквариумиста</title>
</book>
<book>
	<filename>bergstrom_yelein/bergstrom_yelein_polotno_temnyh_dush.fb2.zip</filename>
	<title>Бергстром Элейн. Полотно темных душ</title>
</book>
<book>
	<filename>berg_volfgart/berg_volfgart_karera_superigra_netrivialnye_sovety_na_kazhdyi_den.fb2.zip</filename>
	<title>Берг Вольфгарт. Карьера – суперигра. Нетривиальные советы на каждый день</title>
</book>
<book>
	<filename>beriya_sergo/beriya_sergo_moi_otec_lavrentii_beriya.fb2.zip</filename>
	<title>Берия Серго Лаврентьевич. Мой отец — Лаврентий Берия</title>
</book>
<book>
	<filename>berk_dzheims/berk_dzheims_neonovyi_dozhd.fb2.zip</filename>
	<title>Берк Джеймс Ли. Неоновый дождь</title>
</book>
<book>
	<filename>berk_dzheims/berk_dzheims_plenniki_nebes.fb2.zip</filename>
	<title>Берк Джеймс Ли. Пленники небес</title>
</book>
<book>
	<filename>berk_dzhon/berk_dzhon_dyavolskie_trezvuchie.fb2.zip</filename>
	<title>Берк Джон. Дьявольские трезвучие</title>
</book>
<book>
	<filename>berk_dzhon/berk_dzhon_dyavolskoe_trezvuchie.fb2.zip</filename>
	<title>Берк Джон. Дьявольское трезвучие</title>
</book>
<book>
	<filename>berk_dzhon/berk_dzhon_teatr_doktora_straha.fb2.zip</filename>
	<title>Берк Джон. Театр доктора Страха</title>
</book>
<book>
	<filename>berkeshi_andrash/berkeshi_andrash_agent_13.fb2.zip</filename>
	<title>Беркеши Андраш. Агент № 13</title>
</book>
<book>
	<filename>berkeshi_andrash/berkeshi_andrash_agent_no_13.fb2.zip</filename>
	<title>Беркеши Андраш. Агент № 13</title>
</book>
<book>
	<filename>berkeshi_andrash/berkeshi_andrash_persten_s_pechatkoi.fb2.zip</filename>
	<title>Беркеши Андраш. Перстень с печаткой</title>
</book>
<book>
	<filename>berkeshi_andrash/berkeshi_andrash_uzhe_propeli_petuhi.fb2.zip</filename>
	<title>Беркеши Андраш. Уже пропели петухи</title>
</book>
<book>
	<filename>berkhof_aster/berkhof_aster_devushka_iz_burzhe.fb2.zip</filename>
	<title>Беркхоф Астер. Девушка из Бурже</title>
</book>
<book>
	<filename>berkli_yentoni/berkli_yentoni_delo_ob_otravlennyh_shokoladkah.fb2.zip</filename>
	<title>Беркли Энтони. Дело об отравленных шоколадках</title>
</book>
<book>
	<filename>berkli_yentoni/berkli_yentoni_ubiistvo_na_verhnem_yetazhe.fb2.zip</filename>
	<title>Беркли Энтони. Убийство на верхнем этаже</title>
</book>
<book>
	<filename>berkli_yentoni/berkli_yentoni_zagadka_leitonkorta.fb2.zip</filename>
	<title>Беркли Энтони. Загадка Лейтон-Корта</title>
</book>
<book>
	<filename>berk_sinnamon/berk_sinnamon_blagorodnaya_razboinica.fb2.zip</filename>
	<title>Берк Синнамон. Благородная разбойница</title>
</book>
<book>
	<filename>berk_sinnamon/berk_sinnamon_vostorg_blazhenstva.fb2.zip</filename>
	<title>Берк Синнамон. Восторг блаженства</title>
</book>
<book>
	<filename>berland_nyensi/berland_nyensi_uzy_pervoi_lyubvi.fb2.zip</filename>
	<title>Берланд Нэнси. Узы первой любви</title>
</book>
<book>
	<filename>berland_nyensi/berland_nyensi_zhemchuzhnyi_ostrov.fb2.zip</filename>
	<title>Берланд Нэнси. Жемчужный остров</title>
</book>
<book>
	<filename>berlinguyer_dzhulianna/berlinguyer_dzhulianna_serebryanaya_ruka.fb2.zip</filename>
	<title>Берлингуэр Джулианна. Серебряная рука</title>
</book>
<book>
	<filename>berlin_isaiya/berlin_isaiya_vstrechi_s_russkimi_pisatelyami_v_1945_i_1956_godah.fb2.zip</filename>
	<title>Берлин Исайя. Встречи с русскими писателями в 1945 и 1956 годах</title>
</book>
<book>
	<filename>berna_pol/berna_pol_loshad_bez_golovy.fb2.zip</filename>
	<title>Берна Поль. Лошадь без головы</title>
</book>
<book>
	<filename>bernard_hanna/bernard_hanna_ne_ostavlyai_nadezhdy.fb2.zip</filename>
	<title>Бернард Ханна. Не оставляй надежды</title>
</book>
<book>
	<filename>bernard_rene/bernard_rene_sladkii_obman.fb2.zip</filename>
	<title>Бернард Рене. Сладкий обман</title>
</book>
<book>
	<filename>bernd_yed/bernd_yed_iskusstvo_torgovli_po_metodu_silva.fb2.zip</filename>
	<title>Бернд Эд. Искусство торговли по методу Сильва</title>
</book>
<book>
	<filename>berne_anna/berne_anna_brut.fb2.zip</filename>
	<title>Берне Анна. Брут</title>
</book>
<book>
	<filename>bernell_mark/bernell_mark_blistatelnye_dikari.fb2.zip</filename>
	<title>Бернелл Марк. Блистательные дикари</title>
</book>
<book>
	<filename>bernem_nikol/bernem_nikol_pocelui_rycarya.fb2.zip</filename>
	<title>Бернем Николь. Поцелуй рыцаря</title>
</book>
<book>
	<filename>bernem_nikol/bernem_nikol_vdvoem_za_lyubovyu.fb2.zip</filename>
	<title>Бернем Николь. Вдвоем – за любовью</title>
</book>
<book>
	<filename>bernett_fryensis/bernett_fryensis_strana_sinego_cvetka_ili_o_tom_chto_v_mire_net_vremeni_dlya_zla.fb2.zip</filename>
	<title>Бернетт Фрэнсис. Страна синего цветка, или о том, что в мире нет времени для зла</title>
</book>
<book>
	<filename>bernett_fryensis/bernett_fryensis_tainstvennyi_sad.fb2.zip</filename>
	<title>Бернетт Фрэнсис. Таинственный сад</title>
</book>
<book>
	<filename>bernhardt_uilyam/bernhardt_uilyam_slepoe_pravosudie.fb2.zip</filename>
	<title>Бернхардт Уильям. Слепое правосудие</title>
</book>
<book>
	<filename>bernhardt_uilyam/bernhardt_uilyam_smertelnoe_pravosudie.fb2.zip</filename>
	<title>Бернхардт Уильям. Смертельное правосудие</title>
</book>
<book>
	<filename>berns_dzheims/berns_dzheims_franklin_ruzvelt_chelovek_i_politik_s_illyustraciyami.fb2.zip</filename>
	<title>Бернс Джеймс Макгрегор. Франклин Рузвельт. Человек и политик (с иллюстрациями)</title>
</book>
<book>
	<filename>bernshtein_nikolai/bernshtein_nikolai_o_lovkosti_i_ee_razvitii.fb2.zip</filename>
	<title>Бернштейн Николай Александрович. О ловкости и ее развитии</title>
</book>
<book>
	<filename>bern_yerik/bern_yerik_igry_v_kotorye_igrayut_lyudi_kniga_1.fb2.zip</filename>
	<title>Берн Эрик. Игры, в которые играют люди (книга 1)</title>
</book>
<book>
	<filename>bern_yerik/bern_yerik_lyudi_kotorye_igrayut_v_igry_kniga_2.fb2.zip</filename>
	<title>Берн Эрик. Люди, которые играют в игры (книга 2)</title>
</book>
<book>
	<filename>bern_yerik/bern_yerik_seks_v_chelovecheskoi_lyubvi.fb2.zip</filename>
	<title>Берн Эрик. Секс в человеческой любви</title>
</book>
<book>
	<filename>bern_yerik/bern_yerik_vvedenie_v_psihiatriyu_i_psihoanaliz_dlya_neposvyashennyh.fb2.zip</filename>
	<title>Берн Эрик. Введение в психиатрию и психоанализ для непосвященных</title>
</book>
<book>
	<filename>berrington_dzhoanna/berrington_dzhoanna_dostoina_luchshego.fb2.zip</filename>
	<title>Беррингтон Джоанна. Достойна лучшего</title>
</book>
<book>
	<filename>berrington_dzhoanna/berrington_dzhoanna_lyubov_kak_okean.fb2.zip</filename>
	<title>Беррингтон Джоанна. Любовь как океан</title>
</book>
<book>
	<filename>berrington_dzhoanna/berrington_dzhoanna_vesna_v_nyuijorke.fb2.zip</filename>
	<title>Беррингтон Джоанна. Весна в Нью-Йорке</title>
</book>
<book>
	<filename>berri_sharon/berri_sharon_repeticiya_braka.fb2.zip</filename>
	<title>Берри Шарон. Репетиция брака</title>
</book>
<book>
	<filename>berrister_inga/berrister_inga_bedam_nazlo.fb2.zip</filename>
	<title>Берристер Инга. Бедам назло</title>
</book>
<book>
	<filename>berrister_inga/berrister_inga_beskonechnaya_istina.fb2.zip</filename>
	<title>Берристер Инга. Бесконечная истина</title>
</book>
<book>
	<filename>berrister_inga/berrister_inga_dalekaya_zvezda.fb2.zip</filename>
	<title>Берристер Инга. Далекая звезда</title>
</book>
<book>
	<filename>berrister_inga/berrister_inga_dama_serdca.fb2.zip</filename>
	<title>Берристер Инга. Дама сердца</title>
</book>
<book>
	<filename>berrister_inga/berrister_inga_doch_severa.fb2.zip</filename>
	<title>Берристер Инга. Дочь Севера</title>
</book>
<book>
	<filename>berrister_inga/berrister_inga_gotovoe_reshenie.fb2.zip</filename>
	<title>Берристер Инга. Готовое решение</title>
</book>
<book>
	<filename>berrister_inga/berrister_inga_hitrye_ulovki.fb2.zip</filename>
	<title>Берристер Инга. Хитрые уловки</title>
</book>
<book>
	<filename>berrister_inga/berrister_inga_i_telom_i_dushoi.fb2.zip</filename>
	<title>Берристер Инга. И телом и душой</title>
</book>
<book>
	<filename>berrister_inga/berrister_inga_klyuch_k_schastyu.fb2.zip</filename>
	<title>Берристер Инга. Ключ к счастью</title>
</book>
<book>
	<filename>berrister_inga/berrister_inga_lavry_pobeditelya.fb2.zip</filename>
	<title>Берристер Инга. Лавры победителя</title>
</book>
<book>
	<filename>berrister_inga/berrister_inga_lyubimaya_prosti.fb2.zip</filename>
	<title>Берристер Инга. Любимая, прости...</title>
</book>
<book>
	<filename>berrister_inga/berrister_inga_lyubit_muzhchinu.fb2.zip</filename>
	<title>Берристер Инга. Любить мужчину</title>
</book>
<book>
	<filename>berrister_inga/berrister_inga_lyubov_odna.fb2.zip</filename>
	<title>Берристер Инга. Любовь одна</title>
</book>
<book>
	<filename>berrister_inga/berrister_inga_mayak_v_tumane.fb2.zip</filename>
	<title>Берристер Инга. Маяк в тумане</title>
</book>
<book>
	<filename>berrister_inga/berrister_inga_milaya_moya.fb2.zip</filename>
	<title>Берристер Инга. Милая моя...</title>
</book>
<book>
	<filename>berrister_inga/berrister_inga_mne_ne_zabyt.fb2.zip</filename>
	<title>Берристер Инга. Мне не забыть...</title>
</book>
<book>
	<filename>berrister_inga/berrister_inga_na_vsyu_zhizn.fb2.zip</filename>
	<title>Берристер Инга. На всю жизнь?..</title>
</book>
<book>
	<filename>berrister_inga/berrister_inga_nepronicaemaya_taina.fb2.zip</filename>
	<title>Берристер Инга. Непроницаемая тайна</title>
</book>
<book>
	<filename>berrister_inga/berrister_inga_nezabyvaemye_dni.fb2.zip</filename>
	<title>Берристер Инга. Незабываемые дни</title>
</book>
<book>
	<filename>berrister_inga/berrister_inga_nikogda_ne_govori_nikogda.fb2.zip</filename>
	<title>Берристер Инга. Никогда не говори «Никогда»</title>
</book>
<book>
	<filename>berrister_inga/berrister_inga_obety_lyubvi.fb2.zip</filename>
	<title>Берристер Инга. Обеты любви</title>
</book>
<book>
	<filename>berrister_inga/berrister_inga_opasnyi_soblazn.fb2.zip</filename>
	<title>Берристер Инга. Опасный соблазн</title>
</book>
<book>
	<filename>berrister_inga/berrister_inga_pokayanie_dushi.fb2.zip</filename>
	<title>Берристер Инга. Покаяние души</title>
</book>
<book>
	<filename>berrister_inga/berrister_inga_prihot_serdca.fb2.zip</filename>
	<title>Берристер Инга. Прихоть сердца</title>
</book>
<book>
	<filename>berrister_inga/berrister_inga_privorotnoe_zele.fb2.zip</filename>
	<title>Берристер Инга. Приворотное зелье</title>
</book>
<book>
	<filename>berrister_inga/berrister_inga_proshayu_i_lyublyu.fb2.zip</filename>
	<title>Берристер Инга. Прощаю и люблю</title>
</book>
<book>
	<filename>berrister_inga/berrister_inga_razgadka_zaveshaniya.fb2.zip</filename>
	<title>Берристер Инга. Разгадка завещания</title>
</book>
<book>
	<filename>berrister_inga/berrister_inga_razumnoe_stremlenie.fb2.zip</filename>
	<title>Берристер Инга. Разумное стремление</title>
</book>
<book>
	<filename>berrister_inga/berrister_inga_samyi_yarkii_svet.fb2.zip</filename>
	<title>Берристер Инга. Самый яркий свет</title>
</book>
<book>
	<filename>berrister_inga/berrister_inga_schaste_napokaz.fb2.zip</filename>
	<title>Берристер Инга. Счастье напоказ</title>
</book>
<book>
	<filename>berrister_inga/berrister_inga_sozdannaya_dlya_lyubvi.fb2.zip</filename>
	<title>Берристер Инга. Созданная для любви</title>
</book>
<book>
	<filename>berrister_inga/berrister_inga_svet_i_pechal.fb2.zip</filename>
	<title>Берристер Инга. Свет и печаль</title>
</book>
<book>
	<filename>berrister_inga/berrister_inga_tradiciya_predkov.fb2.zip</filename>
	<title>Берристер Инга. Традиция предков</title>
</book>
<book>
	<filename>berrister_inga/berrister_inga_ty_krasiva_pover.fb2.zip</filename>
	<title>Берристер Инга. Ты красива, поверь</title>
</book>
<book>
	<filename>berrister_inga/berrister_inga_ty_u_menya_odin.fb2.zip</filename>
	<title>Берристер Инга. Ты у меня один...</title>
</book>
<book>
	<filename>berrister_inga/berrister_inga_vernoe_sredstvo.fb2.zip</filename>
	<title>Берристер Инга. Верное средство</title>
</book>
<book>
	<filename>berrister_inga/berrister_inga_vesy_sudby.fb2.zip</filename>
	<title>Берристер Инга. Весы судьбы</title>
</book>
<book>
	<filename>berrister_inga/berrister_inga_vmeste_i_vroz.fb2.zip</filename>
	<title>Берристер Инга. Вместе и врозь</title>
</book>
<book>
	<filename>berrister_inga/berrister_inga_v_omute_lyubvi.fb2.zip</filename>
	<title>Берристер Инга. В омуте любви</title>
</book>
<book>
	<filename>berrister_inga/berrister_inga_v_ozhidanii_priznaniya.fb2.zip</filename>
	<title>Берристер Инга. В ожидании признания</title>
</book>
<book>
	<filename>berrister_inga/berrister_inga_vremya_nadezhd.fb2.zip</filename>
	<title>Берристер Инга. Время надежд</title>
</book>
<book>
	<filename>berrister_inga/berrister_inga_v_rukah_sudby.fb2.zip</filename>
	<title>Берристер Инга. В руках судьбы</title>
</book>
<book>
	<filename>berrister_inga/berrister_inga_vsei_siloi_lyubvi.fb2.zip</filename>
	<title>Берристер Инга. Всей силой любви</title>
</book>
<book>
	<filename>berrister_inga/berrister_inga_vse_izmenit.fb2.zip</filename>
	<title>Берристер Инга. Все изменить</title>
</book>
<book>
	<filename>berrister_inga/berrister_inga_yabloko_evy.fb2.zip</filename>
	<title>Берристер Инга. Яблоко Евы</title>
</book>
<book>
	<filename>berrister_inga/berrister_inga_ya_s_toboi.fb2.zip</filename>
	<title>Берристер Инга. Я с тобой</title>
</book>
<book>
	<filename>berrister_inga/berrister_inga_ya_tak_hochu.fb2.zip</filename>
	<title>Берристер Инга. Я так хочу</title>
</book>
<book>
	<filename>berrister_inga/berrister_inga_zachem_ty_tak.fb2.zip</filename>
	<title>Берристер Инга. Зачем ты так?</title>
</book>
<book>
	<filename>berrister_inga/berrister_inga_zacherknut_proshloe.fb2.zip</filename>
	<title>Берристер Инга. Зачеркнуть прошлое</title>
</book>
<book>
	<filename>berrister_inga/berrister_inga_zaklinanie_lyubvi.fb2.zip</filename>
	<title>Берристер Инга. Заклинание любви</title>
</book>
<book>
	<filename>berrister_inga/berrister_inga_zhdu_priznaniya.fb2.zip</filename>
	<title>Берристер Инга. Жду признания</title>
</book>
<book>
	<filename>berri_stiv/berri_stiv_aleksandriiskoe_zveno.fb2.zip</filename>
	<title>Берри Стив. Александрийское звено</title>
</book>
<book>
	<filename>berri_stiv/berri_stiv_proklyatie_yantarnoi_komnaty.fb2.zip</filename>
	<title>Берри Стив. Проклятие Янтарной комнаты</title>
</book>
<book>
	<filename>berri_stiv/berri_stiv_tretii_sekret.fb2.zip</filename>
	<title>Берри Стив. Третий секрет</title>
</book>
<book>
	<filename>berri_vendi/berri_vendi_princessa_diana.fb2.zip</filename>
	<title>Берри Венди. Принцесса Диана</title>
</book>
<book>
	<filename>berrouz_uilyam/berrouz_uilyam_dikie_malchiki.fb2.zip</filename>
	<title>Берроуз Уильям С. Дикие мальчики</title>
</book>
<book>
	<filename>berrouz_uilyam/berrouz_uilyam_dzhanki_ispoved_neispravimogo_narkomana.fb2.zip</filename>
	<title>Берроуз Уильям С. Джанки. Исповедь неисправимого наркомана</title>
</book>
<book>
	<filename>berrouz_uilyam/berrouz_uilyam_golyi_zavtrak.fb2.zip</filename>
	<title>Берроуз Уильям С. Голый завтрак</title>
</book>
<book>
	<filename>berrouz_uilyam/berrouz_uilyam_gomosek.fb2.zip</filename>
	<title>Берроуз Уильям С. Гомосек</title>
</book>
<book>
	<filename>berrouz_uilyam/berrouz_uilyam_goroda_krasnoi_nochi.fb2.zip</filename>
	<title>Берроуз Уильям С. Города красной ночи</title>
</book>
<book>
	<filename>berrouz_uilyam/berrouz_uilyam_nagoi_obed.fb2.zip</filename>
	<title>Берроуз Уильям С. Нагой обед</title>
</book>
<book>
	<filename>berrouz_uilyam/berrouz_uilyam_nova_yekspress.fb2.zip</filename>
	<title>Берроуз Уильям С. Нова Экспресс</title>
</book>
<book>
	<filename>berrouz_uilyam/berrouz_uilyam_prostranstvo_mertvyh_dorog.fb2.zip</filename>
	<title>Берроуз Уильям С. Пространство мертвых дорог</title>
</book>
<book>
	<filename>berrouz_uilyam/berrouz_uilyam_zapadnye_zemli.fb2.zip</filename>
	<title>Берроуз Уильям С. Западные земли</title>
</book>
<book>
	<filename>berrouz_yedgar/berrouz_yedgar_bandit_iz_chertova_kanona.fb2.zip</filename>
	<title>Берроуз Эдгар Райс. Бандит из Чертова Каньона</title>
</book>
<book>
	<filename>berrouz_yedgar/berrouz_yedgar_begstvo_na_veneru.fb2.zip</filename>
	<title>Берроуз Эдгар. Бегство на Венеру</title>
</book>
<book>
	<filename>berrouz_yedgar/berrouz_yedgar_bezumnyi_korol.fb2.zip</filename>
	<title>Берроуз Эдгар Райс. Безумный король</title>
</book>
<book>
	<filename>berrouz_yedgar/berrouz_yedgar_boevoi_chelovek_marsa.fb2.zip</filename>
	<title>Берроуз Эдгар Райс. Боевой человек Марса</title>
</book>
<book>
	<filename>berrouz_yedgar/berrouz_yedgar_bogi_marsa.fb2.zip</filename>
	<title>Берроуз Эдгар Райс. Боги Марса</title>
</book>
<book>
	<filename>berrouz_yedgar/berrouz_yedgar_bokser_billi.fb2.zip</filename>
	<title>Берроуз Эдгар Райс. Боксер Билли</title>
</book>
<book>
	<filename>berrouz_yedgar/berrouz_yedgar_doch_tysyachi_dzheddakov.fb2.zip</filename>
	<title>Берроуз Эдгар Райс. Дочь тысячи джеддаков</title>
</book>
<book>
	<filename>berrouz_yedgar/berrouz_yedgar_gigant_s_marsa.fb2.zip</filename>
	<title>Берроуз Эдгар Райс. Гигант с Марса</title>
</book>
<book>
	<filename>berrouz_yedgar/berrouz_yedgar_iskusstvennye_lyudi_marsa.fb2.zip</filename>
	<title>Берроуз Эдгар Райс. Искусственные люди Марса</title>
</book>
<book>
	<filename>berrouz_yedgar/berrouz_yedgar_karson_venerianskii.fb2.zip</filename>
	<title>Берроуз Эдгар. Карсон Венерианский</title>
</book>
<book>
	<filename>berrouz_yedgar/berrouz_yedgar_krasnyi_yastreb.fb2.zip</filename>
	<title>Берроуз Эдгар. Красный Ястреб</title>
</book>
<book>
	<filename>berrouz_yedgar/berrouz_yedgar_lana_iz_gatola.fb2.zip</filename>
	<title>Берроуз Эдгар Райс. Лана из Гатола</title>
</book>
<book>
	<filename>berrouz_yedgar/berrouz_yedgar_lunnaya_devushka.fb2.zip</filename>
	<title>Берроуз Эдгар. Лунная девушка</title>
</book>
<book>
	<filename>berrouz_yedgar/berrouz_yedgar_lyudimonstry.fb2.zip</filename>
	<title>Берроуз Эдгар райс. Люди-монстры</title>
</book>
<book>
	<filename>berrouz_yedgar/berrouz_yedgar_lyudi_s_luny.fb2.zip</filename>
	<title>Берроуз Эдгар. Люди с Луны</title>
</book>
<book>
	<filename>berrouz_yedgar/berrouz_yedgar_marsianskie_shahmaty.fb2.zip</filename>
	<title>Берроуз Эдгар Райс. Марсианские шахматы</title>
</book>
<book>
	<filename>berrouz_yedgar/berrouz_yedgar_mechi_marsa.fb2.zip</filename>
	<title>Берроуз Эдгар Райс. Мечи Марса</title>
</book>
<book>
	<filename>berrouz_yedgar/berrouz_yedgar_peshernaya_devushka.fb2.zip</filename>
	<title>Берроуз Эдгар Райс. Пещерная девушка</title>
</book>
<book>
	<filename>berrouz_yedgar/berrouz_yedgar_piraty_venery.fb2.zip</filename>
	<title>Берроуз Эдгар. Пираты Венеры</title>
</book>
<book>
	<filename>berrouz_yedgar/berrouz_yedgar_poisk_tarzana.fb2.zip</filename>
	<title>Берроуз Эдгар Райс. Поиск Тарзана</title>
</book>
<book>
	<filename>berrouz_yedgar/berrouz_yedgar_poteryannyi_kontinent.fb2.zip</filename>
	<title>Берроуз Эдгар Райс. Потерянный континент</title>
</book>
<book>
	<filename>berrouz_yedgar/berrouz_yedgar_priemysh_obezyany.fb2.zip</filename>
	<title>Берроуз Эдгар Райс. Приемыш обезьяны</title>
</book>
<book>
	<filename>berrouz_yedgar/berrouz_yedgar_priklyucheniya_v_nedrah_zemli.fb2.zip</filename>
	<title>Берроуз Эдгар Райс. Приключения в недрах Земли</title>
</book>
<book>
	<filename>berrouz_yedgar/berrouz_yedgar_skeletoidy_s_yupitera.fb2.zip</filename>
	<title>Берроуз Эдгар Райс. Скелетоиды с Юпитера</title>
</book>
<book>
	<filename>berrouz_yedgar/berrouz_yedgar_tarzan_i_cheloveklev.fb2.zip</filename>
	<title>Берроуз Эдгар Райс. Тарзан и человек-лев</title>
</book>
<book>
	<filename>berrouz_yedgar/berrouz_yedgar_tarzan_i_chempion.fb2.zip</filename>
	<title>Берроуз Эдгар Райс. Тарзан и чемпион</title>
</book>
<book>
	<filename>berrouz_yedgar/berrouz_yedgar_tarzan_i_ego_zveri.fb2.zip</filename>
	<title>Берроуз Эдгар Райс. Тарзан и его звери</title>
</book>
<book>
	<filename>berrouz_yedgar/berrouz_yedgar_tarzan_i_gorod_zolota.fb2.zip</filename>
	<title>Берроуз Эдгар Райс. Тарзан и Город Золота</title>
</book>
<book>
	<filename>berrouz_yedgar/berrouz_yedgar_tarzan_i_inostrannyi_legion.fb2.zip</filename>
	<title>Берроуз Эдгар Райс. Тарзан и «Иностранный легион»</title>
</book>
<book>
	<filename>berrouz_yedgar/berrouz_yedgar_tarzan_i_lyudileopardy.fb2.zip</filename>
	<title>Берроуз Эдгар Райс. Тарзан и люди-леопарды</title>
</book>
<book>
	<filename>berrouz_yedgar/berrouz_yedgar_tarzan_i_lyudimuravi.fb2.zip</filename>
	<title>Берроуз Эдгар Райс. Тарзан и люди-муравьи</title>
</book>
<book>
	<filename>berrouz_yedgar/berrouz_yedgar_tarzan_i_poterpevshie_korablekrushenie.fb2.zip</filename>
	<title>Берроуз Эдгар Райс. Тарзан и потерпевшие кораблекрушение</title>
</book>
<book>
	<filename>berrouz_yedgar/berrouz_yedgar_tarzan_i_poteryannaya_imperiya.fb2.zip</filename>
	<title>Берроуз Эдгар Райс. Тарзан и потерянная империя</title>
</book>
<book>
	<filename>berrouz_yedgar/berrouz_yedgar_tarzan_i_sumasshedshii.fb2.zip</filename>
	<title>Берроуз Эдгар Райс. Тарзан и сумасшедший</title>
</book>
<book>
	<filename>berrouz_yedgar/berrouz_yedgar_tarzan_i_ubiistvo_v_dzhunglyah.fb2.zip</filename>
	<title>Берроуз Эдгар Райс. Тарзан и убийство в джунглях</title>
</book>
<book>
	<filename>berrouz_yedgar/berrouz_yedgar_tarzan_i_zapretnyi_gorod.fb2.zip</filename>
	<title>Берроуз Эдгар Райс. Тарзан и запретный город</title>
</book>
<book>
	<filename>berrouz_yedgar/berrouz_yedgar_tarzan_i_zolotoi_lev.fb2.zip</filename>
	<title>Берроуз Эдгар Райс. Тарзан и золотой лев</title>
</book>
<book>
	<filename>berrouz_yedgar/berrouz_yedgar_tarzan_nepobedimyi.fb2.zip</filename>
	<title>Берроуз Эдгар Райс. Тарзан Непобедимый</title>
</book>
<book>
	<filename>berrouz_yedgar/berrouz_yedgar_tarzan_neukrotimyi.fb2.zip</filename>
	<title>Берроуз Эдгар Райс. Тарзан неукротимый</title>
</book>
<book>
	<filename>berrouz_yedgar/berrouz_yedgar_tarzan_povelitel_dzhunglei.fb2.zip</filename>
	<title>Берроуз Эдгар Райс. Тарзан – повелитель джунглей</title>
</book>
<book>
	<filename>berrouz_yedgar/berrouz_yedgar_tarzan_sbornik_rasskazov.fb2.zip</filename>
	<title>Берроуз Эдгар Райс. Тарзан (Сборник рассказов)</title>
</book>
<book>
	<filename>berrouz_yedgar/berrouz_yedgar_tarzan_torzhestvuyushii.fb2.zip</filename>
	<title>Берроуз Эдгар Райс. Тарзан Торжествующий</title>
</book>
<book>
	<filename>berrouz_yedgar/berrouz_yedgar_tarzan_uzhasnyi.fb2.zip</filename>
	<title>Берроуз Эдгар Райс. Тарзан Ужасный</title>
</book>
<book>
	<filename>berrouz_yedgar/berrouz_yedgar_tarzan_velikolepnyi.fb2.zip</filename>
	<title>Берроуз Эдгар Райс. Тарзан великолепный</title>
</book>
<book>
	<filename>berrouz_yedgar/berrouz_yedgar_tuviya_deva_marsa.fb2.zip</filename>
	<title>Берроуз Эдгар Райс. Тувия, дева Марса</title>
</book>
<book>
	<filename>berrouz_yedgar/berrouz_yedgar_vechnyi_dikar.fb2.zip</filename>
	<title>Берроуз Эдгар Райс. Вечный дикарь</title>
</book>
<book>
	<filename>berrouz_yedgar/berrouz_yedgar_velikii_um_marsa.fb2.zip</filename>
	<title>Берроуз Эдгар Райс. Великий ум Марса</title>
</book>
<book>
	<filename>berrouz_yedgar/berrouz_yedgar_vladyka_marsa.fb2.zip</filename>
	<title>Берроуз Эдгар Райс. Владыка Марса</title>
</book>
<book>
	<filename>berrouz_yedgar/berrouz_yedgar_vozvrashenie_v_dzhungli.fb2.zip</filename>
	<title>Берроуз Эдгар Райс. Возвращение в джунгли</title>
</book>
<book>
	<filename>berrouz_yedgar/berrouz_yedgar_zakorenelyi_prestupnik.fb2.zip</filename>
	<title>Берроуз Эдгар Райс. Закоренелый преступник</title>
</book>
<book>
	<filename>berrouz_yedgar/berrouz_yedgar_za_samoi_dalekoi_zvezdoi.fb2.zip</filename>
	<title>Берроуз Эдгар Райс. За самой далекой звездой</title>
</book>
<book>
	<filename>berrouz_yedgar/berrouz_yedgar_zateryannye_na_venere.fb2.zip</filename>
	<title>Берроуз Эдгар. Затерянные на Венере</title>
</book>
<book>
	<filename>berrouz_yedgar/berrouz_yedgar_zemlya_poteryannyh_lyudei.fb2.zip</filename>
	<title>Берроуз Эдгар Райс. Земля потерянных людей</title>
</book>
<book>
	<filename>berseneva_anna/berseneva_anna_antisterva.fb2.zip</filename>
	<title>Берсенева Анна. Антистерва</title>
</book>
<book>
	<filename>berseneva_anna/berseneva_anna_flirtanika_vserez.fb2.zip</filename>
	<title>Берсенева Анна. Флиртаника всерьез</title>
</book>
<book>
	<filename>berseneva_anna/berseneva_anna_gadanie_pri_svechah.fb2.zip</filename>
	<title>Берсенева Анна. Гадание при свечах</title>
</book>
<book>
	<filename>berseneva_anna/berseneva_anna_lovec_melkogo_zhemchuga.fb2.zip</filename>
	<title>Берсенева Анна. Ловец мелкого жемчуга</title>
</book>
<book>
	<filename>berseneva_anna/berseneva_anna_murka_marusya_klimova.fb2.zip</filename>
	<title>Берсенева Анна. Мурка, Маруся Климова</title>
</book>
<book>
	<filename>berseneva_anna/berseneva_anna_neravnyi_brak.fb2.zip</filename>
	<title>Берсенева Анна. Неравный брак</title>
</book>
<book>
	<filename>berseneva_anna/berseneva_anna_nyuijork_moskva_lyubov.fb2.zip</filename>
	<title>Берсенева Анна. Нью-Йорк — Москва — Любовь</title>
</book>
<book>
	<filename>berseneva_anna/berseneva_anna_pervyi_sluchainyi_edinstvennyi.fb2.zip</filename>
	<title>Берсенева Анна. Первый, случайный, единственный</title>
</book>
<book>
	<filename>berseneva_anna/berseneva_anna_polet_nad_razlukoi.fb2.zip</filename>
	<title>Берсенева Анна. Полет над разлукой</title>
</book>
<book>
	<filename>berseneva_anna/berseneva_anna_portret_vtoroi_zheny.fb2.zip</filename>
	<title>Берсенева Анна. Портрет второй жены</title>
</book>
<book>
	<filename>berseneva_anna/berseneva_anna_poslednyaya_eva.fb2.zip</filename>
	<title>Берсенева Анна. Последняя Ева</title>
</book>
<book>
	<filename>berseneva_anna/berseneva_anna_revnivaya_pechal.fb2.zip</filename>
	<title>Берсенева Анна. Ревнивая печаль</title>
</book>
<book>
	<filename>berseneva_anna/berseneva_anna_slabosti_silnoi_zhenshiny.fb2.zip</filename>
	<title>Берсенева Анна. Слабости сильной женщины</title>
</book>
<book>
	<filename>berseneva_anna/berseneva_anna_vozrast_tretei_lyubvi.fb2.zip</filename>
	<title>Берсенева Анна. Возраст третьей любви</title>
</book>
<book>
	<filename>berseneva_anna/berseneva_anna_yabloki_iz_chuzhogo_raya.fb2.zip</filename>
	<title>Берсенева Анна. Яблоки из чужого рая</title>
</book>
<book>
	<filename>berseneva_anna/berseneva_anna_yadovitye_cvety.fb2.zip</filename>
	<title>Берсенева Анна. Ядовитые цветы</title>
</book>

</books>

