<?xml version="1.0" encoding="UTF-8" ?>
<books>


<book>
	<filename>fadeeva_valeriya/fadeeva_valeriya_samaya_vazhnaya_rossiiskaya_kniga_mamy_beremennost_rody_pervye_gody.fb2.zip</filename>
	<title> Фадеева Валерия Вячеславовна. Самая важная российская книга мамы. Беременность. Роды. Первые годы</title>
</book>
<book>
	<filename>farmer_filip/farmer_filip_letayushie_kity_izmaila.fb2.zip</filename>
	<title> Фармер Филип Хосе. Летающие киты Измаила</title>
</book>
<book>
	<filename>fatyanov_vladislav/fatyanov_vladislav_chereshnya.fb2.zip</filename>
	<title> Фатьянов Владислав Иванович. Черешня</title>
</book>
<book>
	<filename>fatyanov_vladislav/fatyanov_vladislav_dyni_tykvy_kabachki_patissony.fb2.zip</filename>
	<title> Фатьянов Владислав Иванович. Дыни, тыквы, кабачки, патиссоны</title>
</book>
<book>
	<filename>fatyanov_vladislav/fatyanov_vladislav_goroh_fasol_i_boby.fb2.zip</filename>
	<title> Фатьянов Владислав Иванович. Горох, фасоль и бобы</title>
</book>
<book>
	<filename>fatyanov_vladislav/fatyanov_vladislav_kak_vyrastit_sazhency.fb2.zip</filename>
	<title> Фатьянов Владислав Иванович. Как вырастить саженцы</title>
</book>
<book>
	<filename>fatyanov_vladislav/fatyanov_vladislav_kartofel.fb2.zip</filename>
	<title> Фатьянов Владислав Иванович. Картофель</title>
</book>
<book>
	<filename>fatyanov_vladislav/fatyanov_vladislav_kryzhovnik.fb2.zip</filename>
	<title> Фатьянов Владислав Иванович. Крыжовник</title>
</book>
<book>
	<filename>fatyanov_vladislav/fatyanov_vladislav_ogorod_bez_vreditelei.fb2.zip</filename>
	<title> Фатьянов Владислав Иванович. Огород без вредителей</title>
</book>
<book>
	<filename>fatyanov_vladislav/fatyanov_vladislav_pomidory.fb2.zip</filename>
	<title> Фатьянов Владислав Иванович. Помидоры</title>
</book>
<book>
	<filename>fatyanov_vladislav/fatyanov_vladislav_slivy.fb2.zip</filename>
	<title> Фатьянов Владислав Иванович. Сливы</title>
</book>
<book>
	<filename>fatyanov_vladislav/fatyanov_vladislav_smorodina.fb2.zip</filename>
	<title> Фатьянов Владислав Иванович. Смородина</title>
</book>
<book>
	<filename>fatyanov_vladislav/fatyanov_vladislav_vishnya.fb2.zip</filename>
	<title> Фатьянов Владислав Иванович. Вишня</title>
</book>
<book>
	<filename>fatyanov_vladislav/fatyanov_vladislav_yablonya.fb2.zip</filename>
	<title> Фатьянов Владислав Иванович. Яблоня</title>
</book>
<book>
	<filename>fatyanov_vladislav/fatyanov_vladislav_zolotye_sorta_plodovyh_kultur.fb2.zip</filename>
	<title> Фатьянов Владислав Иванович. Золотые сорта плодовых культур</title>
</book>
<book>
	<filename>fedorova_anna/fedorova_anna_sekrety_zhenskogo_orgazma_ili_kak_dostich_udovolstviya_zhenshine.fb2.zip</filename>
	<title> Федорова Анна. Секреты женского оргазма, или Как достичь удовольствия женщине</title>
</book>
<book>
	<filename>fedorova_lyubov/fedorova_lyubov_puteshestvie_na_vostok.fb2.zip</filename>
	<title> Федорова Любовь. Путешествие на восток</title>
</book>
<book>
	<filename>fedorova_mariya/fedorova_mariya_horosha_byla_katyusha.fb2.zip</filename>
	<title> Федорова Мария. Хороша была Катюша</title>
</book>
<book>
	<filename>fedorov_dima/fedorov_dima_otdyhai_s_gusom_hiddinkom_chetyre_anekdotichnye_futbolyashki.fb2.zip</filename>
	<title> Федоров Дима. Отдыхай с Гусом Хиддинком: четыре анекдотичные футболяшки</title>
</book>
<book>
	<filename>fedoseev_yurii/fedoseev_yurii_romanovy_vek_pervyi.fb2.zip</filename>
	<title> Федосеев Юрий. Романовы. Век первый</title>
</book>
<book>
	<filename>fedoseev_yurii/fedoseev_yurii_rus_i_zolotaya_orda.fb2.zip</filename>
	<title> Федосеев Юрий. Русь и Золотая Орда</title>
</book>
<book>
	<filename>fedoseev_yurii/fedoseev_yurii_velikaya_smuta.fb2.zip</filename>
	<title> Федосеев Юрий. Великая Смута</title>
</book>
<book>
	<filename>fedotov_pavel/fedotov_pavel_mudrost_voina_sbornik_meditativnyh_pritch.fb2.zip</filename>
	<title> Федотов Павел. Мудрость воина. Сборник медитативных притч</title>
</book>
<book>
	<filename>fedotov_sergei/fedotov_sergei_vse_chto_shevelitsya.fb2.zip</filename>
	<title> Федотов Сергей. Все, что шевелится</title>
</book>
<book>
	<filename>fedulov_andrei/fedulov_andrei_pravoohranitelnye_organy_rossiiskoi_federacii_kratkii_kurs_lekcii.fb2.zip</filename>
	<title> Федулов Андрей Владимирович. Правоохранительные органы Российской Федерации: краткий курс лекций</title>
</book>
<book>
	<filename>fedulov_andrei/fedulov_andrei_prokurorskii_nadzor_konspekt_lekcii.fb2.zip</filename>
	<title> Федулов Андрей Владимирович. Прокурорский надзор: конспект лекций</title>
</book>
<book>
	<filename>fen_hua/fen_hua_terapevticheskie_uprazhneniya_i_massazh_dlya_snizheniya_vesa.fb2.zip</filename>
	<title> Фен Хуа. Терапевтические упражнения и массаж для снижения веса</title>
</book>
<book>
	<filename>ferreira_ana/ferreira_ana_amadora_ta_chto_lyubit.fb2.zip</filename>
	<title> Феррейра Ана. Амадора. Та, что любит...</title>
</book>
<book>
	<filename>fet_afanasii/fet_afanasii_lirika.fb2.zip</filename>
	<title> Фет Афанасий Афанасьевич. Лирика</title>
</book>
<book>
	<filename>fidirko_anna/fidirko_anna_stoletnik_na_podokonnike_lechit_i_darit_silu.fb2.zip</filename>
	<title> Фидирко Анна Николаевна. Столетник на подоконнике. Лечит и дарит силу</title>
</book>
<book>
	<filename>filaretov_petr/filaretov_petr_filosofiya_sily.fb2.zip</filename>
	<title> Филаретов Петр Геннадьевич. Философия силы</title>
</book>
<book>
	<filename>filaretov_petr/filaretov_petr_silovoi_trening_ruk_chast_i_teoreticheskie_osnovy_razvitie_sily_bicepsov.fb2.zip</filename>
	<title> Филаретов Петр Геннадьевич. Силовой тренинг рук. Часть I. Теоретические основы. Развитие силы бицепсов</title>
</book>
<book>
	<filename>filatov_andrei/filatov_andrei_sugar_mama.fb2.zip</filename>
	<title> Филатов Андрей. Sugar Mama</title>
</book>
<book>
	<filename>filatova_svetlana/filatova_svetlana_lechenie_boleznei_shitovidnoi_zhelezy_tradicionnymi_i_netradicionnymi_sposobami.fb2.zip</filename>
	<title> Филатова Светлана Владимировна. Лечение болезней щитовидной железы традиционными и нетрадиционными способами</title>
</book>
<book>
	<filename>filatova_svetlana/filatova_svetlana_luchshie_bannye_recepty_dlya_molodosti_i_krasoty_dlya_vseh_vidov_ban_saun_i_vann.fb2.zip</filename>
	<title> Филатова Светлана Владимировна. Лучшие банные рецепты для молодости и красоты. Для всех видов бань, саун и ванн</title>
</book>
<book>
	<filename>filatova_svetlana/filatova_svetlana_varikoznoe_rasshirenie_ven_lechenie_i_profilaktika_tradicionnymi_i_netradicionnymi_metodami.fb2.zip</filename>
	<title> Филатова Светлана Владимировна. Варикозное расширение вен. Лечение и профилактика традиционными и нетрадиционными методами</title>
</book>
<book>
	<filename>filding_nora/filding_nora_ot_serdca_k_serdcu.fb2.zip</filename>
	<title> Филдинг Нора. От сердца к сердцу</title>
</book>
<book>
	<filename>filin_s/filin_s_koncepcii_sovremennogo_estestvoznaniya.fb2.zip</filename>
	<title> Филин С. П. Концепции современного естествознания</title>
</book>
<book>
	<filename>filippo_pol/filippo_pol_nechetkoe_droblenie.fb2.zip</filename>
	<title> Филиппо Пол Ди. Нечеткое дробление</title>
</book>
<book>
	<filename>filippo_pol/filippo_pol_vavilonskie_sestry_i_drugie_postcheloveki.fb2.zip</filename>
	<title> Филиппо Пол Ди. Вавилонские сестры и другие постчеловеки</title>
</book>
<book>
	<filename>filippova_kira/filippova_kira_glavnoe_pravilo_princessy.fb2.zip</filename>
	<title> Филиппова Кира. Главное правило принцессы</title>
</book>
<book>
	<filename>filippova_lena/filippova_lena_unesennye_internetom.fb2.zip</filename>
	<title> Филиппова Лена. Унесенные Интернетом</title>
</book>
<book>
	<filename>filippov_anatolii/filippov_anatolii_pravoslavnye_pritchi.fb2.zip</filename>
	<title> Филиппов Анатолий Николаевич. Православные притчи</title>
</book>
<book>
	<filename>filips_piter/filips_piter_poteryannaya_pamyat.fb2.zip</filename>
	<title> Филипс Питер. Потерянная память</title>
</book>
<book>
	<filename>filonova_yulya/filonova_yulya_dolce_na_uzhin.fb2.zip</filename>
	<title> Филонова Юля. Dolce на ужин</title>
</book>
<book>
	<filename>_finch/_finch_tolko_vpered.fb2.zip</filename>
	<title> Финч. Только вперед!!!</title>
</book>
<book>
	<filename>finni_nyensi/finni_nyensi_rebenok_s_cerebralnym_paralichom_pomosh_uhod_razvitie.fb2.zip</filename>
	<title> Финни Нэнси Р. Ребенок с церебральным параличом : помощь, уход, развитие</title>
</book>
<book>
	<filename>firsova_elena/firsova_elena_500_obedov_dlya_vsei_semi.fb2.zip</filename>
	<title> Фирсова Елена Владимировна. 500 обедов для всей семьи</title>
</book>
<book>
	<filename>firsova_elena/firsova_elena_500_receptov_dlya_vecherinok.fb2.zip</filename>
	<title> Фирсова Елена Владимировна. 500 рецептов для вечеринок</title>
</book>
<book>
	<filename>firsova_elena/firsova_elena_koshki_ot_a_do_ya.fb2.zip</filename>
	<title> Фирсова Елена Владимировна. Кошки от А до Я</title>
</book>
<book>
	<filename>firsova_elena/firsova_elena_lechenie_dekorativnyh_krolikov_i_gryzunov.fb2.zip</filename>
	<title> Фирсова Елена Владимировна. Лечение декоративных кроликов и грызунов</title>
</book>
<book>
	<filename>firsova_svetlana/firsova_svetlana_bolezni_shitovidnoi_zhelezy.fb2.zip</filename>
	<title> Фирсова Светлана. Болезни щитовидной железы</title>
</book>
<book>
	<filename>firsova_svetlana/firsova_svetlana_normalnaya_fiziologiya_konspekt_lekcii.fb2.zip</filename>
	<title> Фирсова Светлана Сергеевна. Нормальная физиология: конспект лекций</title>
</book>
<book>
	<filename>fish_robert/fish_robert_zahvat.fb2.zip</filename>
	<title> Фиш Роберт. Захват</title>
</book>
<book>
	<filename>fitch_vanessa/fitch_vanessa_serdce_ne_obmanesh.fb2.zip</filename>
	<title> Фитч Ванесса. Сердце не обманешь</title>
</book>
<book>
	<filename>fleming_yan/fleming_yan_gildebrandskaya_redkaya.fb2.zip</filename>
	<title> Флеминг Ян. «Гильдебрандская редкая»</title>
</book>
<book>
	<filename>fleming_yan/fleming_yan_gisk.fb2.zip</filename>
	<title> Флеминг Ян. Гиск</title>
</book>
<book>
	<filename>fleming_yan/fleming_yan_kvant_spokoistviya.fb2.zip</filename>
	<title> Флеминг Ян. Квант спокойствия</title>
</book>
<book>
	<filename>fleming_yan/fleming_yan_razglasheniyu_ne_podlezhit.fb2.zip</filename>
	<title> Флеминг Ян. Разглашению не подлежит</title>
</book>
<book>
	<filename>fleming_yan/fleming_yan_s_pricelom_na_ubiistvo.fb2.zip</filename>
	<title> Флеминг Ян. С прицелом на убийство</title>
</book>
<book>
	<filename>flober_gyustav/flober_gyustav_buvar_i_pekyushe_sbornik.fb2.zip</filename>
	<title> Флобер Гюстав. Бувар и Пекюше (сборник)</title>
</book>
<book>
	<filename>folin_ma/folin_ma_kitaiskaya_medicina_dlya_vsei_semi.fb2.zip</filename>
	<title> Фолинь Ма. Китайская медицина для всей семьи</title>
</book>
<book>
	<filename>folin_ma/folin_ma_sekrety_dolgoletiya.fb2.zip</filename>
	<title> Фолинь Ма. Секреты долголетия</title>
</book>
<book>
	<filename>foliyanc_karinye/foliyanc_karinye_a_ya_lyublyu_zhenatogo.fb2.zip</filename>
	<title> Фолиянц Каринэ. А я люблю женатого</title>
</book>
<book>
	<filename>foliyanc_karinye/foliyanc_karinye_grehi_i_svyatost_kak_lyubili_monahi_i_svyashenniki.fb2.zip</filename>
	<title> Фолиянц Каринэ. Грехи и святость. Как любили монахи и священники</title>
</book>
<book>
	<filename>foliyanc_karinye/foliyanc_karinye_razum_i_chuvstva_kak_lyubili_izvestnye_politiki.fb2.zip</filename>
	<title> Фолиянц Каринэ. Разум и чувства. Как любили известные политики</title>
</book>
<book>
	<filename>foliyanc_karinye/foliyanc_karinye_sentimentalnye_progulki_po_moskve.fb2.zip</filename>
	<title> Фолиянц Каринэ. Сентиментальные прогулки по Москве</title>
</book>
<book>
	<filename>foliyanc_karinye/foliyanc_karinye_zakulisnye_strasti_kak_lyubili_teatralnye_primadonny.fb2.zip</filename>
	<title> Фолиянц Каринэ. Закулисные страсти. Как любили театральные примадонны</title>
</book>
<book>
	<filename>fomichev_aleksei/fomichev_aleksei_otvetit_yehu.fb2.zip</filename>
	<title> Фомичев Алексей Сергеевич. Ответить эху</title>
</book>
<book>
	<filename>fomichev_aleksei/fomichev_aleksei_predel_nevozmozhnogo.fb2.zip</filename>
	<title> Фомичев Алексей Сергеевич. Предел невозможного</title>
</book>
<book>
	<filename>fomichev_aleksei/fomichev_aleksei_spasitel_po_naimu.fb2.zip</filename>
	<title> Фомичев Алексей Сергеевич. Спаситель по найму</title>
</book>
<book>
	<filename>fomichev_aleksei/fomichev_aleksei_spasitel_po_naimu_istinnyi_vrag.fb2.zip</filename>
	<title> Фомичев Алексей Сергеевич. Спаситель по найму: Истинный враг</title>
</book>
<book>
	<filename>fomichev_aleksei/fomichev_aleksei_spasitel_po_naimu_preodolenie.fb2.zip</filename>
	<title> Фомичев Алексей Сергеевич. Спаситель по найму: Преодоление</title>
</book>
<book>
	<filename>fomichev_aleksei/fomichev_aleksei_uslyshat_yeho.fb2.zip</filename>
	<title> Фомичев Алексей Сергеевич. Услышать эхо</title>
</book>
<book>
	<filename>fomichyov_sergei/fomichyov_sergei_prikup.fb2.zip</filename>
	<title> Фомичёв Сергей. Прикуп</title>
</book>
<book>
	<filename>fomin_oleg/fomin_oleg_izbrannik_sudby.fb2.zip</filename>
	<title> Фомин Олег Геннадьевич. Избранник судьбы</title>
</book>
<book>
	<filename>fomin_oleg/fomin_oleg_lokaciya.fb2.zip</filename>
	<title> Фомин Олег Геннадьевич. Локация</title>
</book>
<book>
	<filename>fomin_oleg/fomin_oleg_neostyvshee_serdce.fb2.zip</filename>
	<title> Фомин Олег Геннадьевич. Неостывшее сердце</title>
</book>
<book>
	<filename>fomin_v/fomin_v_bolshoi_belyi_kakadu.fb2.zip</filename>
	<title> Фомин В. Е. Большой белый какаду</title>
</book>
<book>
	<filename>fomin_v/fomin_v_malyi_zheltohohlyi_kakadu.fb2.zip</filename>
	<title> Фомин В. Е. Малый желтохохлый какаду</title>
</book>
<book>
	<filename>fomin_v/fomin_v_seryi_popugai_zhako.fb2.zip</filename>
	<title> Фомин В. Е. Серый попугай жако</title>
</book>
<book>
	<filename>ford_dzheffri/ford_dzheffri_portret_missis_sharbuk.fb2.zip</filename>
	<title> Форд Джеффри. Портрет миссис Шарбук</title>
</book>
<book>
	<filename>forsh_tatyana/forsh_tatyana_brilliantovaya_koroleva.fb2.zip</filename>
	<title> Форш Татьяна. Бриллиантовая королева</title>
</book>
<book>
	<filename>forsh_tatyana/forsh_tatyana_igra_luchezarnogo.fb2.zip</filename>
	<title> Форш Татьяна. Игра Лучезарного</title>
</book>
<book>
	<filename>forsh_tatyana/forsh_tatyana_izmenennoe_prorochestvo.fb2.zip</filename>
	<title> Форш Татьяна. Измененное пророчество</title>
</book>
<book>
	<filename>forsh_tatyana/forsh_tatyana_serdce_svetocha.fb2.zip</filename>
	<title> Форш Татьяна. Сердце Светоча</title>
</book>
<book>
	<filename>foster_maikl/foster_maikl_voiny_rassveta.fb2.zip</filename>
	<title> Фостер Майкл Энтони. Воины Рассвета</title>
</book>
<book>
	<filename>frai_maks/frai_maks_chub_zemli_tulanskii_detektiv.fb2.zip</filename>
	<title> Фрай Макс. Чуб земли. Туланский детектив</title>
</book>
<book>
	<filename>frai_maks/frai_maks_chuzhak.fb2.zip</filename>
	<title> Фрай Макс. Чужак</title>
</book>
<book>
	<filename>frai_maks/frai_maks_gore_gospodina_gro.fb2.zip</filename>
	<title> Фрай Макс. Горе господина Гро</title>
</book>
<book>
	<filename>frai_maks/frai_maks_idealnyi_roman.fb2.zip</filename>
	<title> Фрай Макс. Идеальный роман</title>
</book>
<book>
	<filename>frai_maks/frai_maks_prostye_volshebnye_veshi.fb2.zip</filename>
	<title> Фрай Макс. Простые волшебные вещи</title>
</book>
<book>
	<filename>frai_maks/frai_maks_vorona_na_mostu.fb2.zip</filename>
	<title> Фрай Макс. Ворона на мосту</title>
</book>
<book>
	<filename>franciforov_yurii/franciforov_yurii_ugolovnyi_process_konspekt_lekcii.fb2.zip</filename>
	<title> Францифоров Юрий Викторович. Уголовный процесс: конспект лекций</title>
</book>
<book>
	<filename>frank_semen/frank_semen_nepostizhimoe.fb2.zip</filename>
	<title> Франк Семен. Непостижимое</title>
</book>
<book>
	<filename>frans_anatol/frans_anatol_tais.fb2.zip</filename>
	<title> Франс Анатоль. Таис</title>
</book>
<book>
	<filename>freidman_o/freidman_o_ya_byl_by_schastliv_esli_by_ne_izbavlenie_ot_lyubogo_roda_zavisimostei.fb2.zip</filename>
	<title> Фрейдман О. Я был бы счастлив, если бы не... Избавление от любого рода зависимостей</title>
</book>
<book>
	<filename>fridman_dyevid/fridman_dyevid_iisus_i_apostoly_ispolnyali_toru.fb2.zip</filename>
	<title> Фридман Дэвид. Иисус и апостолы исполняли Тору</title>
</book>
<book>
	<filename>fridman_viktor/fridman_viktor_11_sentyabrya_vid_na_ubiistvo.fb2.zip</filename>
	<title> Фридман Виктор Павлович. 11 сентября: вид на убийство</title>
</book>
<book>
	<filename>fridman_viktor/fridman_viktor_socialisticheskie_shtaty_ameriki.fb2.zip</filename>
	<title> Фридман Виктор Павлович. Социалистические Штаты Америки</title>
</book>
<book>
	<filename>frikke_veddig/frikke_veddig_kto_osudil_iisusa_tochka_zreniya_yurista.fb2.zip</filename>
	<title> Фрикке Веддиг. Кто осудил Иисуса? Точка зрения юриста</title>
</book>
<book>
	<filename>frish_maks/frish_maks_shtiller.fb2.zip</filename>
	<title> Фриш Макс. Штиллер</title>
</book>
<book>
	<filename>frolov_aleksei/frolov_aleksei_mama_dzhan.fb2.zip</filename>
	<title> Фролов Алексей. Мама джан</title>
</book>
<book>
	<filename>frolov_aleksei/frolov_aleksei_sredi_kamennyh_domov.fb2.zip</filename>
	<title> Фролов Алексей. Среди каменных домов</title>
</book>
<book>
	<filename>frolova_polina/frolova_polina_shkola_500_otchayannyh_otkrovenii.fb2.zip</filename>
	<title> Фролова Полина. Школа. 500 отчаянных откровений</title>
</book>
<book>
	<filename>frumkin_sergei/frumkin_sergei_programmist.fb2.zip</filename>
	<title> Фрумкин Сергей Аркадьевич. Программист</title>
</book>
<book>
	<filename>furman_aleksei/furman_aleksei_dar.fb2.zip</filename>
	<title> Фурман Алексей. Дар</title>
</book>


</books>

