<?xml version="1.0" encoding="UTF-8" ?>
<books>

<book>
	<filename>grin_robert/grin_robert_48_zakonov_vlasti.fb2.zip</filename>
	<title>Грин Роберт. 48 законов власти</title>
</book>
<book>
	<filename>grin_robert/grin_robert_48_zakonov_vlasti_i_obolsheniya.fb2.zip</filename>
	<title>Грин Роберт. 48 законов власти и обольщения</title>
</book>
<book>
	<filename>grin_robert/grin_robert_48_zakonov_vlasti_kniga_dlya_teh_kto_zhelaet_osvoit_nauku_upravleniya_lyudmi.fb2.zip</filename>
	<title>Грин Роберт. «48 законов власти» — книга для тех, кто желает освоить науку управления людьми</title>
</book>
<book>
	<filename>grin_rodzher/grin_rodzher_priklyucheniya_korolya_artura_i_rycarei_kruglogo_stola.fb2.zip</filename>
	<title>Грин Роджер Ланселин. Приключения Короля Артура и рыцарей Круглого Стола</title>
</book>
<book>
	<filename>grin_saimon/grin_saimon_adskii_mir.fb2.zip</filename>
	<title>Грин Саймон. Адский мир</title>
</book>
<book>
	<filename>grin_saimon/grin_saimon_agenty_sveta_i_tmy.fb2.zip</filename>
	<title>Грин Саймон. Агенты Света и Тьмы</title>
</book>
<book>
	<filename>grin_saimon/grin_saimon_gorod_gde_umirayut_teni.fb2.zip</filename>
	<title>Грин Саймон. Город, где умирают тени</title>
</book>
<book>
	<filename>grin_saimon/grin_saimon_hok_i_fisher.fb2.zip</filename>
	<title>Грин Саймон. Хок и Фишер</title>
</book>
<book>
	<filename>grin_saimon/grin_saimon_iskatel_smerti.fb2.zip</filename>
	<title>Грин Саймон. Искатель Смерти</title>
</book>
<book>
	<filename>grin_saimon/grin_saimon_koldovstvo_v_bolshom_gorode.fb2.zip</filename>
	<title>Грин Саймон. Колдовство в большом городе</title>
</book>
<book>
	<filename>grin_saimon/grin_saimon_krov_i_chest.fb2.zip</filename>
	<title>Грин Саймон. Кровь и честь</title>
</book>
<book>
	<filename>grin_saimon/grin_saimon_mir_prizrakov.fb2.zip</filename>
	<title>Грин Саймон. Мир Призраков</title>
</book>
<book>
	<filename>grin_saimon/grin_saimon_mir_tumanov.fb2.zip</filename>
	<title>Грин Саймон. Мир Туманов</title>
</book>
<book>
	<filename>grin_saimon/grin_saimon_ohotnik_za_smertyu_chest.fb2.zip</filename>
	<title>Грин Саймон. Охотник за смертью: Честь</title>
</book>
<book>
	<filename>grin_saimon/grin_saimon_ohotnik_za_smertyu_sudba.fb2.zip</filename>
	<title>Грин Саймон. Охотник за смертью: Судьба</title>
</book>
<book>
	<filename>grin_saimon/grin_saimon_ohotnik_za_smertyu_voina.fb2.zip</filename>
	<title>Грин Саймон. Охотник за смертью: Война</title>
</book>
<book>
	<filename>grin_saimon/grin_saimon_ohotnik_za_smertyu_vosstanie.fb2.zip</filename>
	<title>Грин Саймон. Охотник за смертью: Восстание</title>
</book>
<book>
	<filename>grin_saimon/grin_saimon_plach_solovya.fb2.zip</filename>
	<title>Грин Саймон. Плач соловья</title>
</book>
<book>
	<filename>grin_saimon/grin_saimon_pobeditel_poluchaet_vse.fb2.zip</filename>
	<title>Грин Саймон. Победитель получает все</title>
</book>
<book>
	<filename>grin_saimon/grin_saimon_podzemele_mertvecov.fb2.zip</filename>
	<title>Грин Саймон. Подземелье мертвецов</title>
</book>
<book>
	<filename>grin_saimon/grin_saimon_podzemelya_heivena.fb2.zip</filename>
	<title>Грин Саймон. Подземелья Хейвена</title>
</book>
<book>
	<filename>grin_saimon/grin_saimon_temnoe_serdce_londona.fb2.zip</filename>
	<title>Грин Саймон. Темное сердце Лондона</title>
</book>
<book>
	<filename>grin_saimon/grin_saimon_ubiistva_na_ulice_bogov.fb2.zip</filename>
	<title>Грин Саймон. Убийства на улице богов</title>
</book>
<book>
	<filename>grin_saimon/grin_saimon_volk_v_ovcharne.fb2.zip</filename>
	<title>Грин Саймон. Волк в овчарне</title>
</book>
<book>
	<filename>grin_saimon/grin_saimon_voshod_goluboi_luny.fb2.zip</filename>
	<title>Грин Саймон. Восход Голубой Луны</title>
</book>
<book>
	<filename>grin_saimon/grin_saimon_zagovor_protiv_strazhei.fb2.zip</filename>
	<title>Грин Саймон. Заговор против стражей</title>
</book>
<book>
	<filename>grin_saimon/grin_saimon_zlye_chary_sinei_luny.fb2.zip</filename>
	<title>Грин Саймон. Злые чары Синей Луны</title>
</book>
<book>
	<filename>grinuyei_piter/grinuyei_piter_zoloto.fb2.zip</filename>
	<title>Гринуэй Питер. Золото</title>
</book>
<book>
	<filename>grinvud_lei/grinvud_lei_dzheik.fb2.zip</filename>
	<title>Гринвуд Лей. Джейк</title>
</book>
<book>
	<filename>grinvud_lei/grinvud_lei_lorel.fb2.zip</filename>
	<title>Гринвуд Лей. Лорел</title>
</book>
<book>
	<filename>grinvud_lei/grinvud_lei_roza.fb2.zip</filename>
	<title>Гринвуд Лей. Роза</title>
</book>
<book>
	<filename>grinvud_lei/grinvud_lei_violetta.fb2.zip</filename>
	<title>Гринвуд Лей. Виолетта</title>
</book>
<book>
	<filename>grinvud_li/grinvud_li_airis.fb2.zip</filename>
	<title>Гринвуд Ли. Айрис</title>
</book>
<book>
	<filename>grinvud_li/grinvud_li_bezumnoe_pari.fb2.zip</filename>
	<title>Гринвуд Ли. Безумное пари</title>
</book>
<book>
	<filename>grinvud_li/grinvud_li_dzheik.fb2.zip</filename>
	<title>Гринвуд Ли. Джейк</title>
</book>
<book>
	<filename>grinvud_li/grinvud_li_fern.fb2.zip</filename>
	<title>Гринвуд Ли. Ферн</title>
</book>
<book>
	<filename>grinvud_li/grinvud_li_lorel.fb2.zip</filename>
	<title>Гринвуд Ли. Лорел</title>
</book>
<book>
	<filename>grinvud_li/grinvud_li_roza.fb2.zip</filename>
	<title>Гринвуд Ли. Роза</title>
</book>
<book>
	<filename>grinvud_li/grinvud_li_upryamaya_nevesta.fb2.zip</filename>
	<title>Гринвуд Ли. Упрямая невеста</title>
</book>
<book>
	<filename>grinvud_li/grinvud_li_violetta.fb2.zip</filename>
	<title>Гринвуд Ли. Виолетта</title>
</book>
<book>
	<filename>grinvud_yed/grinvud_yed_yelminster_rozhdenie_maga.fb2.zip</filename>
	<title>Гринвуд Эд. Эльминстер. Рождение Мага</title>
</book>
<book>
	<filename>grinvud_yed/grinvud_yed_yelminster_v_mif_drannore.fb2.zip</filename>
	<title>Гринвуд Эд. Эльминстер в Миф Дранноре</title>
</book>
<book>
	<filename>gripe_mariya/gripe_mariya_deti_stekloduva.fb2.zip</filename>
	<title>Грипе Мария. Дети стеклодува</title>
</book>
<book>
	<filename>gripe_mariya/gripe_mariya_deti_tenei.fb2.zip</filename>
	<title>Грипе Мария. Дети теней</title>
</book>
<book>
	<filename>gripe_mariya/gripe_mariya_i_belye_teni_v_lesu.fb2.zip</filename>
	<title>Грипе Мария. ...И белые тени в лесу</title>
</book>
<book>
	<filename>gripe_mariya/gripe_mariya_navoznyi_zhuk_letaet_v_sumerkah.fb2.zip</filename>
	<title>Грипе Мария. Навозный жук летает в сумерках…</title>
</book>
<book>
	<filename>gripe_mariya/gripe_mariya_sesiliya_agnes_strannaya_istoriya.fb2.zip</filename>
	<title>Грипе Мария. Сесилия Агнес – странная история</title>
</book>
<book>
	<filename>gripe_mariya/gripe_mariya_tainik_tenei.fb2.zip</filename>
	<title>Грипе Мария. Тайник теней</title>
</book>
<book>
	<filename>gripe_mariya/gripe_mariya_ten_na_kamennoi_skameike.fb2.zip</filename>
	<title>Грипе Мария. Тень на каменной скамейке</title>
</book>
<book>
	<filename>grippando_dzheims/grippando_dzheims_legkie_dengi.fb2.zip</filename>
	<title>Гриппандо Джеймс. Легкие деньги</title>
</book>
<book>
	<filename>grippando_dzheims/grippando_dzheims_pod_pokrovom_tmy.fb2.zip</filename>
	<title>Гриппандо Джеймс. Под покровом тьмы</title>
</book>
<book>
	<filename>grippando_dzheims/grippando_dzheims_tot_kto_umret_poslednim.fb2.zip</filename>
	<title>Гриппандо Джеймс. Тот, кто умрет последним</title>
</book>
<book>
	<filename>grisham_john/grisham_john_skipping_christmas.fb2.zip</filename>
	<title>Grisham John. Skipping Christmas</title>
</book>
<book>
	<filename>grisham_john/grisham_john_the_bleachers.fb2.zip</filename>
	<title>Grisham John. The Bleachers</title>
</book>
<book>
	<filename>grisham_john/grisham_john_the_broker.fb2.zip</filename>
	<title>Grisham John. The Broker</title>
</book>
<book>
	<filename>grisham_john/grisham_john_the_client.fb2.zip</filename>
	<title>Grisham John. The Client</title>
</book>
<book>
	<filename>grisham_john/grisham_john_the_firm.fb2.zip</filename>
	<title>Grisham John. The Firm</title>
</book>
<book>
	<filename>grisham_john/grisham_john_the_testament.fb2.zip</filename>
	<title>Grisham John. The Testament</title>
</book>
<book>
	<filename>grishanin_dmitrii/grishanin_dmitrii_deti_pautiny.fb2.zip</filename>
	<title>Гришанин Дмитрий. Дети паутины</title>
</book>
<book>
	<filename>grishanin_dmitrii/grishanin_dmitrii_sorvannaya_karusel.fb2.zip</filename>
	<title>Гришанин Дмитрий. Сорванная карусель</title>
</book>
<book>
	<filename>grishanin_dmitrii/grishanin_dmitrii_steklyannyi_veter.fb2.zip</filename>
	<title>Гришанин Дмитрий. Стеклянный ветер</title>
</book>
<book>
	<filename>grishem_dzhon/grishem_dzhon_advokat.fb2.zip</filename>
	<title>Гришем Джон. Адвокат</title>
</book>
<book>
	<filename>grishem_dzhon/grishem_dzhon_broker.fb2.zip</filename>
	<title>Гришем Джон. Брокер</title>
</book>
<book>
	<filename>grishem_dzhon/grishem_dzhon_delo_o_pelikanah.fb2.zip</filename>
	<title>Гришем Джон. Дело о пеликанах</title>
</book>
<book>
	<filename>grishem_dzhon/grishem_dzhon_firma.fb2.zip</filename>
	<title>Гришем Джон. Фирма</title>
</book>
<book>
	<filename>grishem_dzhon/grishem_dzhon_kamera.fb2.zip</filename>
	<title>Гришем Джон. Камера</title>
</book>
<book>
	<filename>grishem_dzhon/grishem_dzhon_klient.fb2.zip</filename>
	<title>Гришем Джон. Клиент</title>
</book>
<book>
	<filename>grishem_dzhon/grishem_dzhon_korol_sdelki.fb2.zip</filename>
	<title>Гришем Джон. Король сделки</title>
</book>
<book>
	<filename>grishem_dzhon/grishem_dzhon_partner.fb2.zip</filename>
	<title>Гришем Джон. Партнер</title>
</book>
<book>
	<filename>grishem_dzhon/grishem_dzhon_pokrashennyi_dom.fb2.zip</filename>
	<title>Гришем Джон. Покрашенный дом</title>
</book>
<book>
	<filename>grishem_dzhon/grishem_dzhon_pora_ubivat.fb2.zip</filename>
	<title>Гришем Джон. Пора убивать</title>
</book>
<book>
	<filename>grishem_dzhon/grishem_dzhon_poslednii_prisyazhnyi.fb2.zip</filename>
	<title>Гришем Джон. Последний присяжный</title>
</book>
<book>
	<filename>grishem_dzhon/grishem_dzhon_povestka.fb2.zip</filename>
	<title>Гришем Джон. Повестка</title>
</book>
<book>
	<filename>grishem_dzhon/grishem_dzhon_rozhdestvo_s_neudachnikami.fb2.zip</filename>
	<title>Гришем Джон. Рождество с неудачниками</title>
</book>
<book>
	<filename>grishem_dzhon/grishem_dzhon_shantazh.fb2.zip</filename>
	<title>Гришем Джон. Шантаж</title>
</book>
<book>
	<filename>grishem_dzhon/grishem_dzhon_verdikt.fb2.zip</filename>
	<title>Гришем Джон. Вердикт</title>
</book>
<book>
	<filename>grishem_dzhon/grishem_dzhon_zaveshanie.fb2.zip</filename>
	<title>Гришем Джон. Завещание</title>
</book>
<book>
	<filename>grishem_dzhon/grishem_dzhon_zolotoi_dozhd.fb2.zip</filename>
	<title>Гришем Джон. Золотой дождь</title>
</book>
<book>
	<filename>grishkovec_evgenii/grishkovec_evgenii_asfalt.fb2.zip</filename>
	<title>Гришковец Евгений Валерьевич. Асфальт</title>
</book>
<book>
	<filename>grishkovec_evgenii/grishkovec_evgenii_darvin.fb2.zip</filename>
	<title>Гришковец Евгений. Дарвин</title>
</book>
<book>
	<filename>grishkovec_evgenii/grishkovec_evgenii_dekan_dankov.fb2.zip</filename>
	<title>Гришковец Евгений. Декан. Данков.</title>
</book>
<book>
	<filename>grishkovec_evgenii/grishkovec_evgenii_dialogi_k_pese_zapiski_russkogo_puteshestvennika.fb2.zip</filename>
	<title>Гришковец Евгений Валерьевич. Диалоги к пьесе 'Записки русского путешественника'</title>
</book>
<book>
	<filename>grishkovec_evgenii/grishkovec_evgenii_drednouty.fb2.zip</filename>
	<title>Гришковец Евгений. Дредноуты</title>
</book>
<book>
	<filename>grishkovec_evgenii/grishkovec_evgenii_drugie.fb2.zip</filename>
	<title>Гришковец Евгений. Другие</title>
</book>
<book>
	<filename>grishkovec_evgenii/grishkovec_evgenii_gorod.fb2.zip</filename>
	<title>Гришковец Евгений Валерьевич. Город</title>
</book>
<book>
	<filename>grishkovec_evgenii/grishkovec_evgenii_kak_ya_sel_sobaku.fb2.zip</filename>
	<title>Гришковец Евгений. Как я съел собаку</title>
</book>
<book>
	<filename>grishkovec_evgenii/grishkovec_evgenii_lechebnaya_sila_sna.fb2.zip</filename>
	<title>Гришковец Евгений. Лечебная сила сна</title>
</book>
<book>
	<filename>grishkovec_evgenii/grishkovec_evgenii_mihalych.fb2.zip</filename>
	<title>Гришковец Евгений Валерьевич. Михалыч...</title>
</book>
<book>
	<filename>grishkovec_evgenii/grishkovec_evgenii_nachalnik.fb2.zip</filename>
	<title>Гришковец Евгений Валерьевич. Начальник</title>
</book>
<book>
	<filename>grishkovec_evgenii/grishkovec_evgenii_odnovremenno.fb2.zip</filename>
	<title>Гришковец Евгений. ОдноврЕмЕнно</title>
</book>
<book>
	<filename>grishkovec_evgenii/grishkovec_evgenii_planeta.fb2.zip</filename>
	<title>Гришковец Евгений. Планета</title>
</book>
<book>
	<filename>grishkovec_evgenii/grishkovec_evgenii_planka.fb2.zip</filename>
	<title>Гришковец Евгений. Планка</title>
</book>
<book>
	<filename>grishkovec_evgenii/grishkovec_evgenii_pogrebenie_angela.fb2.zip</filename>
	<title>Гришковец Евгений. Погребение ангела</title>
</book>
<book>
	<filename>grishkovec_evgenii/grishkovec_evgenii_pogruzhenie.fb2.zip</filename>
	<title>Гришковец Евгений. Погружение</title>
</book>
<book>
	<filename>grishkovec_evgenii/grishkovec_evgenii_poslednii_prazdnik.fb2.zip</filename>
	<title>Гришковец Евгений. Последний праздник</title>
</book>
<book>
	<filename>grishkovec_evgenii/grishkovec_evgenii_reki.fb2.zip</filename>
	<title>Гришковец Евгений. Реки</title>
</book>
<book>
	<filename>grishkovec_evgenii/grishkovec_evgenii_rubashka.fb2.zip</filename>
	<title>Гришковец Евгений. Рубашка</title>
</book>
<book>
	<filename>grishkovec_evgenii/grishkovec_evgenii_shram.fb2.zip</filename>
	<title>Гришковец Евгений. Шрам</title>
</book>
<book>
	<filename>grishkovec_evgenii/grishkovec_evgenii_spokoistvie.fb2.zip</filename>
	<title>Гришковец Евгений. Спокойствие</title>
</book>
<book>
	<filename>grishkovec_evgenii/grishkovec_evgenii_vstrecha_s_mudrostyu_predislovie.fb2.zip</filename>
	<title>Гришковец Евгений. Встреча с мудростью. (предисловие)</title>
</book>
<book>
	<filename>grishkovec_evgenii/grishkovec_evgenii_zima.fb2.zip</filename>
	<title>Гришковец Евгений. Зима</title>
</book>
<book>
	<filename>grishyem_dzhon/grishyem_dzhon_pokrashennyi_dom.fb2.zip</filename>
	<title>Гришэм Джон. Покрашенный дом</title>
</book>
<book>
	<filename>grivc_dzheims/grivc_dzheims_vozvrashenie_k_lyudyam.fb2.zip</filename>
	<title>Гривc Джеймс. Возвращение к людям</title>
</book>
<book>
	<filename>grogyen_dzhon/grogyen_dzhon_marli_i_my.fb2.zip</filename>
	<title>Грогэн Джон. Марли и мы</title>
</book>
<book>
	<filename>groholya_katazhina/groholya_katazhina_garantiya_na_schaste.fb2.zip</filename>
	<title>Грохоля Катажина. Гарантия на счастье</title>
</book>
<book>
	<filename>groholya_katazhina/groholya_katazhina_nikogda_v_zhizni.fb2.zip</filename>
	<title>Грохоля Катажина. Никогда в жизни!</title>
</book>
<book>
	<filename>groholya_katazhina/groholya_katazhina_serdce_v_gipse.fb2.zip</filename>
	<title>Грохоля Катажина. Сердце в гипсе</title>
</book>
<book>
	<filename>groholya_katazhina/groholya_katazhina_ya_vam_pokazhu.fb2.zip</filename>
	<title>Грохоля Катажина. Я вам покажу!</title>
</book>
<book>
	<filename>groholya_katazhina/groholya_katazhina_zayavlenie_o_lyubvi.fb2.zip</filename>
	<title>Грохоля Катажина. Заявление о любви</title>
</book>
<book>
	<filename>groisman_yakov/groisman_yakov_vaclav_dvorzheckii_dinastiya.fb2.zip</filename>
	<title>Гройсман Яков. Вацлав Дворжецкий – династия</title>
</book>
<book>
	<filename>groisman_yakov/groisman_yakov_valentin_gaft_ya_postepenno_poznayu.fb2.zip</filename>
	<title>Гройсман Яков Иосифович. Валентин Гафт: ...Я постепенно познаю...</title>
</book>
<book>
	<filename>groisman_yakov/groisman_yakov_vstrechi_v_zale_ozhidaniya.fb2.zip</filename>
	<title>Гройсман Яков. Встречи в зале ожидания</title>
</book>
<book>
	<filename>groisman_yakov/groisman_yakov_vstrechi_v_zale_ozhidaniya_vospominaniya_o_bulate.fb2.zip</filename>
	<title>Гройсман Яков Иосифович. Встречи в зале ожидания. Воспоминания о Булате</title>
</book>
<book>
	<filename>gromova_ariadna/gromova_ariadna_dachnye_gosti.fb2.zip</filename>
	<title>Громова Ариадна. Дачные гости</title>
</book>
<book>
	<filename>gromova_ariadna/gromova_ariadna_poedinok_s_soboi.fb2.zip</filename>
	<title>Громова Ариадна. Поединок с собой</title>
</book>
<book>
	<filename>gromova_ariadna/gromova_ariadna_v_institute_vremeni_idet_rassledovanie.fb2.zip</filename>
	<title>Громова Ариадна. В Институте Времени идет расследование</title>
</book>
<book>
	<filename>gromova_ariadna/gromova_ariadna_v_kruge_sveta.fb2.zip</filename>
	<title>Громова Ариадна. В круге света</title>
</book>
<book>
	<filename>gromov_aleksandr/gromov_aleksandr_antarktida_online.fb2.zip</filename>
	<title>Громов Александр. Антарктида online</title>
</book>
<book>
	<filename>gromov_aleksandr/gromov_aleksandr_bagrovye_pyatna.fb2.zip</filename>
	<title>Громов Александр. Багровые пятна</title>
</book>
<book>
	<filename>gromov_aleksandr/gromov_aleksandr_byl_o_malenkom_zvezdolete.fb2.zip</filename>
	<title>Громов Александр. Быль о маленьком звездолете</title>
</book>
<book>
	<filename>gromov_aleksandr/gromov_aleksandr_feodal.fb2.zip</filename>
	<title>Громов Александр. Феодал</title>
</book>
<book>
	<filename>gromov_aleksandr/gromov_aleksandr_glina_gospoda_boga.fb2.zip</filename>
	<title>Громов Александр. Глина Господа Бога</title>
</book>
<book>
	<filename>gromov_aleksandr/gromov_aleksandr_god_lemminga.fb2.zip</filename>
	<title>Громов Александр. Год Лемминга</title>
</book>
<book>
	<filename>gromov_aleksandr/gromov_aleksandr_idealnaya_kandidatura.fb2.zip</filename>
	<title>Громов Александр. Идеальная кандидатура</title>
</book>
<book>
	<filename>gromov_aleksandr/gromov_aleksandr_islandskaya_karta.fb2.zip</filename>
	<title>Громов Александр Николаевич. Исландская карта</title>
</book>
<book>
	<filename>gromov_aleksandr/gromov_aleksandr_krylya_cherepahi.fb2.zip</filename>
	<title>Громов Александр. Крылья черепахи</title>
</book>
<book>
	<filename>gromov_aleksandr/gromov_aleksandr_menuyet_svyatogo_vitta.fb2.zip</filename>
	<title>Громов Александр. Менуэт Святого Витта</title>
</book>
<book>
	<filename>gromov_aleksandr/gromov_aleksandr_myagkaya_posadka.fb2.zip</filename>
	<title>Громов Александр. Мягкая посадка</title>
</book>
<book>
	<filename>gromov_aleksandr/gromov_aleksandr_narabotka_na_otkaz.fb2.zip</filename>
	<title>Громов Александр. Наработка на отказ</title>
</book>
<book>
	<filename>gromov_aleksandr/gromov_aleksandr_pervyi_iz_mogikan.fb2.zip</filename>
	<title>Громов Александр. Первый из могикан</title>
</book>
<book>
	<filename>gromov_aleksandr/gromov_aleksandr_schastlivaya_zvezda_agafoklamladshego.fb2.zip</filename>
	<title>Громов Александр. Счастливая звезда Агафокла-младшего</title>
</book>
<book>
	<filename>gromov_aleksandr/gromov_aleksandr_sekundant.fb2.zip</filename>
	<title>Громов Александр. Секундант</title>
</book>
<book>
	<filename>gromov_aleksandr/gromov_aleksandr_shag_vlevo_shag_vpravo.fb2.zip</filename>
	<title>Громов Александр. Шаг влево, шаг вправо</title>
</book>
<book>
	<filename>gromov_aleksandr/gromov_aleksandr_takoi_zhe_kak_vy.fb2.zip</filename>
	<title>Громов Александр. Такой же, как вы</title>
</book>
<book>
	<filename>gromov_aleksandr/gromov_aleksandr_tekodont.fb2.zip</filename>
	<title>Громов Александр. Текодонт</title>
</book>
<book>
	<filename>gromov_aleksandr/gromov_aleksandr_tolstyi_lenivyi_smertelno_opasnyi.fb2.zip</filename>
	<title>Громов Александр. Толстый, ленивый, смертельно опасный</title>
</book>
<book>
	<filename>gromov_aleksandr/gromov_aleksandr_traktat_o_nagradah.fb2.zip</filename>
	<title>Громов Александр. Трактат о наградах</title>
</book>
<book>
	<filename>gromov_aleksandr/gromov_aleksandr_tysyacha_i_odin_den.fb2.zip</filename>
	<title>Громов Александр. Тысяча и один день</title>
</book>
<book>
	<filename>gromov_aleksandr/gromov_aleksandr_ustupchivye.fb2.zip</filename>
	<title>Громов Александр. Уступчивые</title>
</book>
<book>
	<filename>gromov_aleksandr/gromov_aleksandr_vaterliniya.fb2.zip</filename>
	<title>Громов Александр. Ватерлиния</title>
</book>
<book>
	<filename>gromov_aleksandr/gromov_aleksandr_vlastelin_pustoty.fb2.zip</filename>
	<title>Громов Александр. Властелин Пустоты</title>
</book>
<book>
	<filename>gromov_aleksandr/gromov_aleksandr_vopros_prava.fb2.zip</filename>
	<title>Громов Александр. Вопрос права</title>
</book>
<book>
	<filename>gromov_aleksandr/gromov_aleksandr_vsem_porovnu.fb2.zip</filename>
	<title>Громов Александр. Всем поровну</title>
</book>
<book>
	<filename>gromov_aleksandr/gromov_aleksandr_vsyak_sverchok.fb2.zip</filename>
	<title>Громов Александр. Всяк сверчок</title>
</book>
<book>
	<filename>gromov_aleksandr/gromov_aleksandr_vychislitel.fb2.zip</filename>
	<title>Громов Александр. Вычислитель</title>
</book>
<book>
	<filename>gromov_aleksandr/gromov_aleksandr_ya_kamen.fb2.zip</filename>
	<title>Громов Александр. Я, камень</title>
</book>
<book>
	<filename>gromov_aleksandr/gromov_aleksandr_zapretnyi_mir.fb2.zip</filename>
	<title>Громов Александр. Запретный мир</title>
</book>
<book>
	<filename>gromov_aleksandr/gromov_aleksandr_zavtra_nastupit_vechnost.fb2.zip</filename>
	<title>Громов Александр. Завтра наступит вечность</title>
</book>
<book>
	<filename>gromov_dmitrii/gromov_dmitrii_put_proklyatyh.fb2.zip</filename>
	<title>Громов Дмитрий. Путь проклятых</title>
</book>
<book>
	<filename>gromyko_olga/gromyko_olga_cvetok_kamaleinika.fb2.zip</filename>
	<title>Громыко Ольга. Цветок камалейника</title>
</book>
<book>
	<filename>gromyko_olga/gromyko_olga_komu_v_navem_carstve_zhit_horosho.fb2.zip</filename>
	<title>Громыко Ольга. Кому в Навьем царстве жить хорошо</title>
</book>
<book>
	<filename>gromyko_olga/gromyko_olga_o_bednom_koshee_zamolvite_slovo.fb2.zip</filename>
	<title>Громыко Ольга. О бедном Кощее замолвите слово</title>
</book>
<book>
	<filename>gromyko_olga/gromyko_olga_poslushai_kak_padayut_listya.fb2.zip</filename>
	<title>Громыко Ольга. Послушай, как падают листья</title>
</book>
<book>
	<filename>gromyko_olga/gromyko_olga_professiya_vedma.fb2.zip</filename>
	<title>Громыко Ольга. Профессия: ведьма</title>
</book>
<book>
	<filename>gromyko_olga/gromyko_olga_ptichim_krikom_volchim_skokom.fb2.zip</filename>
	<title>Громыко Ольга. Птичьим криком, волчьим скоком</title>
</book>
<book>
	<filename>gromyko_olga/gromyko_olga_vedmahranitelnica.fb2.zip</filename>
	<title>Громыко Ольга. Ведьма-хранительница</title>
</book>
<book>
	<filename>gromyko_olga/gromyko_olga_vedminy_baiki.fb2.zip</filename>
	<title>Громыко Ольга. Ведьмины байки</title>
</book>
<book>
	<filename>gromyko_olga/gromyko_olga_verhovnaya_vedma.fb2.zip</filename>
	<title>Громыко Ольга. Верховная Ведьма</title>
</book>
<book>
	<filename>gromyko_olga/gromyko_olga_vernye_vragi.fb2.zip</filename>
	<title>Громыко Ольга. Верные враги</title>
</book>
<book>
	<filename>groom_winston/groom_winston_forrest_gump.fb2.zip</filename>
	<title>Groom Winston. Forrest Gump</title>
</book>
<book>
	<filename>groom_winston/groom_winston_gump_company.fb2.zip</filename>
	<title>Groom Winston. Gump &amp; Company</title>
</book>
<book>
	<filename>groshek_irzhi/groshek_irzhi_legkii_zavtrak_v_teni_nekropolya.fb2.zip</filename>
	<title>Грошек Иржи. Легкий завтрак в тени некрополя</title>
</book>
<book>
	<filename>groshek_irzhi/groshek_irzhi_restavraciya_obeda.fb2.zip</filename>
	<title>Грошек Иржи. Реставрация обеда</title>
</book>
<book>
	<filename>grossi_tomazo/grossi_tomazo_marko_viskonti.fb2.zip</filename>
	<title>Гросси Томазо. Марко Висконти</title>
</book>
<book>
	<filename>grossman_vasilii/grossman_vasilii_neskolko_pechalnyh_dnei.fb2.zip</filename>
	<title>Гроссман Василий Семёнович. Несколько печальных дней</title>
</book>
<book>
	<filename>grossman_vasilii/grossman_vasilii_vse_techyot.fb2.zip</filename>
	<title>Гроссман Василий Семёнович. Все течёт</title>
</book>
<book>
	<filename>grossman_vasilii/grossman_vasilii_zhizn_i_sudba.fb2.zip</filename>
	<title>Гроссман Василий Семёнович. Жизнь и судьба</title>
</book>
<book>
	<filename>gross_yendryu/gross_yendryu_shut.fb2.zip</filename>
	<title>Гросс Эндрю. Шут</title>
</book>
<book>
	<filename>gross_yendryu/gross_yendryu_tretya_stepen.fb2.zip</filename>
	<title>Гросс Эндрю. Третья степень</title>
</book>
<book>
	<filename>gross_yendryu/gross_yendryu_vtoroi_shans.fb2.zip</filename>
	<title>Гросс Эндрю. Второй шанс</title>
</book>
<book>
	<filename>grothaus_hizer/grothaus_hizer_besstrashnaya_ohotnica.fb2.zip</filename>
	<title>Гротхаус Хизер. Бесстрашная охотница</title>
</book>
<book>
	<filename>grothaus_hizer/grothaus_hizer_lyubovnaya_lovushka.fb2.zip</filename>
	<title>Гротхаус Хизер. Любовная ловушка</title>
</book>
<book>
	<filename>grothaus_hizer/grothaus_hizer_nezhnaya_obmanshica.fb2.zip</filename>
	<title>Гротхаус Хизер. Нежная обманщица</title>
</book>
<book>
	<filename>grothaus_hizer/grothaus_hizer_vlyublennyi_voin.fb2.zip</filename>
	<title>Гротхаус Хизер. Влюбленный воин</title>
</book>
<book>
	<filename>grou_diana/grou_diana_nevesta_vikinga.fb2.zip</filename>
	<title>Гроу Диана. Невеста викинга</title>
</book>
<book>
	<filename>grou_diana/grou_diana_pesnya_lyubvi.fb2.zip</filename>
	<title>Гроу Диана. Песня любви</title>
</book>
<book>
	<filename>grou_diana/grou_diana_princessa_garema.fb2.zip</filename>
	<title>Гроу Диана. Принцесса гарема</title>
</book>
<book>
	<filename>grover_marshal/grover_marshal_schastlivchiki_iz_odinokoi_zvezdy.fb2.zip</filename>
	<title>Гровер Маршал. Счастливчики из «Одинокой Звезды»</title>
</book>
<book>
	<filename>grovs_lesli/grovs_lesli_teper_ob_yetom_mozhno_rasskazat.fb2.zip</filename>
	<title>Гровс Лесли. Теперь об этом можно рассказать</title>
</book>
<book>
	<filename>gru_benuat/gru_benuat_sol_na_nashei_kozhe.fb2.zip</filename>
	<title>Гру Бенуат. Соль на нашей коже</title>
</book>
<book>
	<filename>gruber_maikl/gruber_maikl_dolina_kostei.fb2.zip</filename>
	<title>Грубер Майкл. Долина костей</title>
</book>
<book>
	<filename>gruber_maikl/gruber_maikl_noch_yaguara.fb2.zip</filename>
	<title>Грубер Майкл. Ночь Ягуара</title>
</book>
<book>
	<filename>gruber_maikl/gruber_maikl_tropik_nochi.fb2.zip</filename>
	<title>Грубер Майкл. Тропик ночи</title>
</book>
<book>
	<filename>grudinina_nataliya/grudinina_nataliya_chyornaya_sobaka_dinka.fb2.zip</filename>
	<title>Грудинина Наталия. Чёрная собака Динка</title>
</book>
<book>
	<filename>grugman_rafail/grugman_rafail_borya_vyidi_s_morya.fb2.zip</filename>
	<title>Гругман Рафаил. Боря, выйди с моря</title>
</book>
<book>
	<filename>grugman_rafail/grugman_rafail_nuzhna_mne_vasha_farshirovannaya_ryba_povesti_i_rasskazy.fb2.zip</filename>
	<title>Гругман Рафаил. Нужна мне ваша фаршированная рыба (повести и рассказы)</title>
</book>
<book>
	<filename>grugman_rafail/grugman_rafail_odessa_marazlievskaya_5.fb2.zip</filename>
	<title>Гругман Рафаил. Одесса. Маразлиевская, 5</title>
</book>
<book>
	<filename>grum_uinston/grum_uinston_forrest_gamp.fb2.zip</filename>
	<title>Грум Уинстон. Форрест Гамп</title>
</book>
<book>
	<filename>grundtvig_sven/grundtvig_sven_doch_kolduna.fb2.zip</filename>
	<title>Грундтвиг Свен. Дочь колдуна</title>
</book>
<book>
	<filename>grundtvig_sven/grundtvig_sven_sannyi_poezd.fb2.zip</filename>
	<title>Грундтвиг Свен. Санный поезд</title>
</book>
<book>
	<filename>grushinskii_nikolai/grushinskii_nikolai_antarktida.fb2.zip</filename>
	<title>Грушинский Николай Пантелеймонович. Антарктида</title>
</book>
<book>
	<filename>gruyen_sara/gruyen_sara_vody_slonam.fb2.zip</filename>
	<title>Груэн Сара. Воды слонам!</title>
</book>
<book>
	<filename>gruzman_genrih/gruzman_genrih_slyozy_mira_i_evreiskaya_duhovnost_filosofskaya_messa.fb2.zip</filename>
	<title>Грузман Генрих. Слёзы мира и еврейская духовность (философская месса)</title>
</book>
<book>
	<filename>gryehem_frederika/gryehem_frederika_tvoe_nezhnoe_imya.fb2.zip</filename>
	<title>Грэхем Фредерика. Твое нежное имя</title>
</book>
<book>
	<filename>gryehem_frederika/gryehem_frederika_vozvrashennaya_k_zhizni.fb2.zip</filename>
	<title>Грэхем Фредерика. Возвращенная к жизни</title>
</book>
<book>
	<filename>gryehem_ian/gryehem_ian_monument.fb2.zip</filename>
	<title>Грэхем Йан. Монумент</title>
</book>
<book>
	<filename>gryehem_linn/gryehem_linn_arifmetika_lyubvi.fb2.zip</filename>
	<title>Грэхем Линн. Арифметика любви</title>
</book>
<book>
	<filename>gryehem_linn/gryehem_linn_delo_principa.fb2.zip</filename>
	<title>Грэхем Линн. Дело принципа</title>
</book>
<book>
	<filename>gryehem_linn/gryehem_linn_korotkii_brak.fb2.zip</filename>
	<title>Грэхем Линн. Короткий брак</title>
</book>
<book>
	<filename>gryehem_linn/gryehem_linn_kreshenie_ognem.fb2.zip</filename>
	<title>Грэхем Линн. Крещение огнем</title>
</book>
<book>
	<filename>gryehem_linn/gryehem_linn_lyubovnica_sobstvennogo_muzha.fb2.zip</filename>
	<title>Грэхем Линн. Любовница собственного мужа</title>
</book>
<book>
	<filename>gryehem_linn/gryehem_linn_lyubov_po_kontraktu.fb2.zip</filename>
	<title>Грэхем Линн. Любовь по контракту</title>
</book>
<book>
	<filename>gryehem_linn/gryehem_linn_ne_boisya_byt_schastlivoi.fb2.zip</filename>
	<title>Грэхем Линн. Не бойся быть счастливой</title>
</book>
<book>
	<filename>gryehem_linn/gryehem_linn_otchayanie_i_nadezhda.fb2.zip</filename>
	<title>Грэхем Линн. Отчаяние и… надежда</title>
</book>
<book>
	<filename>gryehem_linn/gryehem_linn_pod_muzyku_strasti.fb2.zip</filename>
	<title>Грэхем Линн. Под музыку страсти</title>
</book>
<book>
	<filename>gryehem_linn/gryehem_linn_sladkaya_mest.fb2.zip</filename>
	<title>Грэхем Линн. Сладкая месть</title>
</book>
<book>
	<filename>gryehem_linn/gryehem_linn_sofi_i_markiz_karabas.fb2.zip</filename>
	<title>Грэхем Линн. Софи и маркиз Карабас</title>
</book>
<book>
	<filename>gryehem_linn/gryehem_linn_trudnoe_primirenie.fb2.zip</filename>
	<title>Грэхем Линн. Трудное примирение</title>
</book>
<book>
	<filename>gryehem_linn/gryehem_linn_u_nas_est_my.fb2.zip</filename>
	<title>Грэхем Линн. У нас есть мы</title>
</book>
<book>
	<filename>gryehem_linn/gryehem_linn_v_obyatiyah_lyubimogo.fb2.zip</filename>
	<title>Грэхем Линн. В объятиях любимого</title>
</book>
<book>
	<filename>gryehem_linn/gryehem_linn_za_chto_ty_menya_lyubish_muki_serdca.fb2.zip</filename>
	<title>Грэхем Линн. За что ты меня любишь? (Муки сердца)</title>
</book>
<book>
	<filename>gryehem_lora/gryehem_lora_pover_v_sebya.fb2.zip</filename>
	<title>Грэхем Лора. Поверь в себя</title>
</book>

</books>

