<?xml version="1.0" encoding="UTF-8" ?>
<books>
<book>
	<filename>gannushkin_petr/gannushkin_petr_klinika_psihopatii_ih_statika_dinamika_sistematika.fb2.zip</filename>
	<title>Ганнушкин Петр Борисович. Клиника психопатий: их статика, динамика, систематика</title>
</book>
<book>
	<filename>gansberger_bryus/gansberger_bryus_sluchainye_poputchiki.fb2.zip</filename>
	<title>Гансбергер Брюс. Случайные попутчики</title>
</book>
<book>
	<filename>gansovskii_sever/gansovskii_sever_bashnya.fb2.zip</filename>
	<title>Гансовский Север Феликсович. Башня</title>
</book>
<book>
	<filename>gansovskii_sever/gansovskii_sever_chast_yetogo_mira.fb2.zip</filename>
	<title>Гансовский Север Феликсович. Часть этого мира</title>
</book>
<book>
	<filename>gansovskii_sever/gansovskii_sever_chelovek_kotoryi_sdelal_baltiiskoe_more.fb2.zip</filename>
	<title>Гансовский Север Феликсович. Человек, который сделал Балтийское море</title>
</book>
<book>
	<filename>gansovskii_sever/gansovskii_sever_chernyi_kamen.fb2.zip</filename>
	<title>Гансовский Север Феликсович. Черный камень</title>
</book>
<book>
	<filename>gansovskii_sever/gansovskii_sever_den_gneva.fb2.zip</filename>
	<title>Гансовский Север Феликсович. День гнева</title>
</book>
<book>
	<filename>gansovskii_sever/gansovskii_sever_dom_s_zolotymi_okoshkami.fb2.zip</filename>
	<title>Гансовский Север Феликсович. Дом с золотыми окошками</title>
</book>
<book>
	<filename>gansovskii_sever/gansovskii_sever_dostupnoe_iskusstvo.fb2.zip</filename>
	<title>Гансовский Север Феликсович. Доступное искусство</title>
</book>
<book>
	<filename>gansovskii_sever/gansovskii_sever_dvoe.fb2.zip</filename>
	<title>Гансовский Север Феликсович. Двое</title>
</book>
<book>
	<filename>gansovskii_sever/gansovskii_sever_golos.fb2.zip</filename>
	<title>Гансовский Север Феликсович. Голос</title>
</book>
<book>
	<filename>gansovskii_sever/gansovskii_sever_instinkt.fb2.zip</filename>
	<title>Гансовский Север Феликсович. Инстинкт?</title>
</book>
<book>
	<filename>gansovskii_sever/gansovskii_sever_mechta.fb2.zip</filename>
	<title>Гансовский Север Феликсович. Мечта</title>
</book>
<book>
	<filename>gansovskii_sever/gansovskii_sever_misha_peryshkin_i_antimir.fb2.zip</filename>
	<title>Гансовский Север Феликсович. Миша Перышкин и антимир</title>
</book>
<book>
	<filename>gansovskii_sever/gansovskii_sever_mladshii_brat_cheloveka.fb2.zip</filename>
	<title>Гансовский Север Феликсович. Младший брат человека</title>
</book>
<book>
	<filename>gansovskii_sever/gansovskii_sever_mlechnyi_put.fb2.zip</filename>
	<title>Гансовский Север Феликсович. Млечный Путь</title>
</book>
<book>
	<filename>gansovskii_sever/gansovskii_sever_no_esli.fb2.zip</filename>
	<title>Гансовский Север Феликсович. Но если...</title>
</book>
<book>
	<filename>gansovskii_sever/gansovskii_sever_novaya_signalnaya.fb2.zip</filename>
	<title>Гансовский Север Феликсович. Новая сигнальная</title>
</book>
<book>
	<filename>gansovskii_sever/gansovskii_sever_osleplenie_frideya.fb2.zip</filename>
	<title>Гансовский Север Феликсович. Ослепление Фридея</title>
</book>
<book>
	<filename>gansovskii_sever/gansovskii_sever_pm150.fb2.zip</filename>
	<title>Гансовский Север Феликсович. «ПМ-150»</title>
</book>
<book>
	<filename>gansovskii_sever/gansovskii_sever_pobeg.fb2.zip</filename>
	<title>Гансовский Север Феликсович. Побег</title>
</book>
<book>
	<filename>gansovskii_sever/gansovskii_sever_poligon.fb2.zip</filename>
	<title>Гансовский Север Феликсович. Полигон</title>
</book>
<book>
	<filename>gansovskii_sever/gansovskii_sever_shagi_v_neizvestnoe.fb2.zip</filename>
	<title>Гансовский Север Феликсович. Шаги в неизвестное</title>
</book>
<book>
	<filename>gansovskii_sever/gansovskii_sever_shest_geniev.fb2.zip</filename>
	<title>Гансовский Север Феликсович. Шесть гениев</title>
</book>
<book>
	<filename>gansovskii_sever/gansovskii_sever_soprikosnovenie.fb2.zip</filename>
	<title>Гансовский Север Феликсович. Соприкосновение</title>
</book>
<book>
	<filename>gansovskii_sever/gansovskii_sever_spasti_dekabra.fb2.zip</filename>
	<title>Гансовский Север Феликсович. Спасти декабра!</title>
</book>
<book>
	<filename>gansovskii_sever/gansovskii_sever_stalnaya_zmeya.fb2.zip</filename>
	<title>Гансовский Север Феликсович. Стальная змея</title>
</book>
<book>
	<filename>gansovskii_sever/gansovskii_sever_tri_shaga_k_opasnosti.fb2.zip</filename>
	<title>Гансовский Север Феликсович. Три шага к опасности</title>
</book>
<book>
	<filename>gansovskii_sever/gansovskii_sever_vosemnadcatoe_carstvo.fb2.zip</filename>
	<title>Гансовский Север Феликсович. Восемнадцатое царство</title>
</book>
<book>
	<filename>gansovskii_sever/gansovskii_sever_yelektricheskoe_vdohnovenie.fb2.zip</filename>
	<title>Гансовский Север Феликсович. Электрическое вдохновение</title>
</book>
<book>
	<filename>gansulrih_rudel/gansulrih_rudel_pilot_shtuki.fb2.zip</filename>
	<title>Ганс-Ульрих Рудель. Пилот «штуки»</title>
</book>
<book>
	<filename>garbera_kyetrin/garbera_kyetrin_golos_odinokogo_serdca.fb2.zip</filename>
	<title>Гарбера Кэтрин. Голос одинокого сердца</title>
</book>
<book>
	<filename>garbera_kyetrin/garbera_kyetrin_gorod_greha.fb2.zip</filename>
	<title>Гарбера Кэтрин. Город греха</title>
</book>
<book>
	<filename>garbera_kyetrin/garbera_kyetrin_karibskaya_fantaziya.fb2.zip</filename>
	<title>Гарбера Кэтрин. Карибская фантазия</title>
</book>
<book>
	<filename>garbera_kyetrin/garbera_kyetrin_romanticheskii_vyzov.fb2.zip</filename>
	<title>Гарбера Кэтрин. Романтический вызов</title>
</book>
<book>
	<filename>gardi_tomas/gardi_tomas_muzykalnaya_karera_starogo_yendri.fb2.zip</filename>
	<title>Гарди Томас. Музыкальная карьера старого Эндри</title>
</book>
<book>
	<filename>gardi_tomas/gardi_tomas_rokovaya_oshibka_cerkovnyh_muzykantov.fb2.zip</filename>
	<title>Гарди Томас. Роковая ошибка церковных музыкантов</title>
</book>
<book>
	<filename>gardi_tomas/gardi_tomas_tyess_iz_roda_dyerbervillei.fb2.zip</filename>
	<title>Гарди Томас. Тэсс из рода д'Эрбервиллей</title>
</book>
<book>
	<filename>gardi_tomas/gardi_tomas_zapret_syna.fb2.zip</filename>
	<title>Гарди Томас. Запрет сына</title>
</book>
<book>
	<filename>gardner_dzheims/gardner_dzheims_chas_prednaznacheniya.fb2.zip</filename>
	<title>Гарднер Джеймс Алан. Час Предназначения</title>
</book>
<book>
	<filename>gardner_dzheims/gardner_dzheims_korol_v_izgnanii.fb2.zip</filename>
	<title>Гарднер Джеймс Алан. Король в изгнании</title>
</book>
<book>
	<filename>gardner_dzheims/gardner_dzheims_otryad_obrechennyh.fb2.zip</filename>
	<title>Гарднер Джеймс Алан. Отряд обреченных</title>
</book>
<book>
	<filename>gardner_dzheims/gardner_dzheims_planeta_bessmertnyh.fb2.zip</filename>
	<title>Гарднер Джеймс Алан. Планета бессмертных</title>
</book>
<book>
	<filename>gardner_dzhon/gardner_dzhon_grendel.fb2.zip</filename>
	<title>Гарднер Джон. Грендель</title>
</book>
<book>
	<filename>gardner_dzhon/gardner_dzhon_osennii_svet.fb2.zip</filename>
	<title>Гарднер Джон. Осенний свет</title>
</book>
<book>
	<filename>gardner_john/gardner_john_licence_renewed.fb2.zip</filename>
	<title>Gardner John. Licence Renewed</title>
</book>
<book>
	<filename>gardner_kryeg/gardner_kryeg_nazad_v_budushee_2.fb2.zip</filename>
	<title>Гарднер Крэг Шоу. Назад в будущее 2</title>
</book>
<book>
	<filename>gardner_kryeg/gardner_kryeg_sgovor_monstrov.fb2.zip</filename>
	<title>Гарднер Крэг Шоу. Сговор монстров</title>
</book>
<book>
	<filename>gardner_kryeg/gardner_kryeg_virus_volshebstva.fb2.zip</filename>
	<title>Гарднер Крэг Шоу. Вирус волшебства</title>
</book>
<book>
	<filename>gardner_kryeig/gardner_kryeig_nazad_v_budushee_2.fb2.zip</filename>
	<title>Гарднер Крэйг Шоу. Назад в будущее 2</title>
</book>
<book>
	<filename>gardner_liza/gardner_liza_chas_ubiistva.fb2.zip</filename>
	<title>Гарднер Лиза. Час убийства</title>
</book>
<book>
	<filename>gardner_liza/gardner_liza_klub_nepobezhdennyh.fb2.zip</filename>
	<title>Гарднер Лиза. Клуб непобежденных</title>
</book>
<book>
	<filename>gardner_liza/gardner_liza_neschastnyi_sluchai.fb2.zip</filename>
	<title>Гарднер Лиза. Несчастный случай</title>
</book>
<book>
	<filename>gardner_ronda/gardner_ronda_v_nadezhde_na_chudo.fb2.zip</filename>
	<title>Гарднер Ронда. В надежде на чудо</title>
</book>
<book>
	<filename>gardner_yerl/gardner_yerl_beregites_okruglostei.fb2.zip</filename>
	<title>Гарднер Эрл Стенли. Берегитесь округлостей</title>
</book>
<book>
	<filename>gardner_yerl/gardner_yerl_chestnaya_igra.fb2.zip</filename>
	<title>Гарднер Эрл Стенли. Честная игра</title>
</book>
<book>
	<filename>gardner_yerl/gardner_yerl_chtoto_vrode_pelikana.fb2.zip</filename>
	<title>Гарднер Эрл Стенли. Что-то вроде пеликана</title>
</book>
<book>
	<filename>gardner_yerl/gardner_yerl_delo_begloi_medsestry.fb2.zip</filename>
	<title>Гарднер Эрл Стенли. Дело беглой медсестры</title>
</book>
<book>
	<filename>gardner_yerl/gardner_yerl_delo_belokuroi_udachi.fb2.zip</filename>
	<title>Гарднер Эрл Стенли. Дело белокурой удачи</title>
</book>
<book>
	<filename>gardner_yerl/gardner_yerl_delo_bespokoinoi_ryzhevolosoi.fb2.zip</filename>
	<title>Гарднер Эрл Стенли. Дело беспокойной рыжеволосой</title>
</book>
<book>
	<filename>gardner_yerl/gardner_yerl_delo_bezzabotnogo_kotenka.fb2.zip</filename>
	<title>Гарднер Эрл Стенли. Дело беззаботного котенка</title>
</book>
<book>
	<filename>gardner_yerl/gardner_yerl_delo_blondinki_s_podbitym_glazom.fb2.zip</filename>
	<title>Гарднер Эрл Стенли. Дело блондинки с подбитым глазом</title>
</book>
<book>
	<filename>gardner_yerl/gardner_yerl_delo_byvshei_naturshicy.fb2.zip</filename>
	<title>Гарднер Эрл Стенли. Дело бывшей натурщицы</title>
</book>
<book>
	<filename>gardner_yerl/gardner_yerl_delo_hromoi_kanareiki.fb2.zip</filename>
	<title>Гарднер Эрл Стенли. Дело хромой канарейки</title>
</book>
<book>
	<filename>gardner_yerl/gardner_yerl_delo_igralnyh_kostei.fb2.zip</filename>
	<title>Гарднер Эрл Стенли. Дело игральных костей</title>
</book>
<book>
	<filename>gardner_yerl/gardner_yerl_delo_illyuzornoi_udachi.fb2.zip</filename>
	<title>Гарднер Эрл Стенли. Дело иллюзорной удачи</title>
</book>
<book>
	<filename>gardner_yerl/gardner_yerl_delo_ispugannoi_mashinistki.fb2.zip</filename>
	<title>Гарднер Эрл Стенли. Дело испуганной машинистки</title>
</book>
<book>
	<filename>gardner_yerl/gardner_yerl_delo_izedennoi_molyu_norki.fb2.zip</filename>
	<title>Гарднер Эрл Стенли. Дело изъеденной молью норки</title>
</book>
<book>
	<filename>gardner_yerl/gardner_yerl_delo_koptyashei_lampy.fb2.zip</filename>
	<title>Гарднер Эрл Стенли. Дело коптящей лампы</title>
</book>
<book>
	<filename>gardner_yerl/gardner_yerl_delo_krichashei_lastochki.fb2.zip</filename>
	<title>Гарднер Эрл Стенли. Дело кричащей ласточки</title>
</book>
<book>
	<filename>gardner_yerl/gardner_yerl_delo_krichashei_zhenshiny.fb2.zip</filename>
	<title>Гарднер Эрл Стенли. Дело кричащей женщины</title>
</book>
<book>
	<filename>gardner_yerl/gardner_yerl_delo_kryuchka_s_nazhivkoi.fb2.zip</filename>
	<title>Гарднер Эрл Стенли. Дело крючка с наживкой</title>
</book>
<book>
	<filename>gardner_yerl/gardner_yerl_delo_kuklyneposedy.fb2.zip</filename>
	<title>Гарднер Эрл Стенли. Дело куклы-непоседы</title>
</book>
<book>
	<filename>gardner_yerl/gardner_yerl_delo_loshadi_tancovshicy_s_veerami.fb2.zip</filename>
	<title>Гарднер Эрл Стенли. Дело лошади танцовщицы с веерами</title>
</book>
<book>
	<filename>gardner_yerl/gardner_yerl_delo_lyubopytnoi_novobrachnoi.fb2.zip</filename>
	<title>Гарднер Эрл Стенли. Дело любопытной новобрачной</title>
</book>
<book>
	<filename>gardner_yerl/gardner_yerl_delo_mificheskih_obezyan.fb2.zip</filename>
	<title>Гарднер Эрл Стенли. Дело мифических обезьян</title>
</book>
<book>
	<filename>gardner_yerl/gardner_yerl_delo_muzykalnyh_korov.fb2.zip</filename>
	<title>Гарднер Эрл Стенли. Дело музыкальных коров</title>
</book>
<book>
	<filename>gardner_yerl/gardner_yerl_delo_naemnoi_bryunetki.fb2.zip</filename>
	<title>Гарднер Эрл Стенли. Дело наемной брюнетки</title>
</book>
<book>
	<filename>gardner_yerl/gardner_yerl_delo_nebrezhnogo_kupidona.fb2.zip</filename>
	<title>Гарднер Эрл Стенли. Дело небрежного купидона</title>
</book>
<book>
	<filename>gardner_yerl/gardner_yerl_delo_nebrezhnoi_nimfy.fb2.zip</filename>
	<title>Гарднер Эрл Стенли. Дело небрежной нимфы</title>
</book>
<book>
	<filename>gardner_yerl/gardner_yerl_delo_nereshitelnoi_hostessy.fb2.zip</filename>
	<title>Гарднер Эрл Стенли. Дело нерешительной хостессы</title>
</book>
<book>
	<filename>gardner_yerl/gardner_yerl_delo_neveroyatnoi_falshivki.fb2.zip</filename>
	<title>Гарднер Эрл Стенли. Дело невероятной фальшивки</title>
</book>
<book>
	<filename>gardner_yerl/gardner_yerl_delo_nezadachlivogo_zheniha.fb2.zip</filename>
	<title>Гарднер Эрл Стенли. Дело незадачливого жениха</title>
</book>
<book>
	<filename>gardner_yerl/gardner_yerl_delo_o_barhatnyh_kogotkah.fb2.zip</filename>
	<title>Гарднер Эрл Стенли. Дело о бархатных коготках</title>
</book>
<book>
	<filename>gardner_yerl/gardner_yerl_delo_obespokoennogo_opekuna.fb2.zip</filename>
	<title>Гарднер Эрл Стенли. Дело обеспокоенного опекуна</title>
</book>
<book>
	<filename>gardner_yerl/gardner_yerl_delo_ob_iskrivlennoi_sveche.fb2.zip</filename>
	<title>Гарднер Эрл Стенли. Дело об искривленной свече</title>
</book>
<book>
	<filename>gardner_yerl/gardner_yerl_delo_ob_oborotnoi_storone_medali.fb2.zip</filename>
	<title>Гарднер Эрл Стенли. Дело об оборотной стороне медали</title>
</book>
<book>
	<filename>gardner_yerl/gardner_yerl_delo_ob_otlozhennom_ubiistve.fb2.zip</filename>
	<title>Гарднер Эрл Стенли. Дело об отложенном убийстве</title>
</book>
<book>
	<filename>gardner_yerl/gardner_yerl_delo_ob_otpechatke_gub.fb2.zip</filename>
	<title>Гарднер Эрл Стенли. Дело об отпечатке губ</title>
</book>
<book>
	<filename>gardner_yerl/gardner_yerl_delo_ob_udachlivom_proigravshem.fb2.zip</filename>
	<title>Гарднер Эрл Стенли. Дело об удачливом проигравшем</title>
</book>
<book>
	<filename>gardner_yerl/gardner_yerl_delo_ocharovatelnogo_prizraka.fb2.zip</filename>
	<title>Гарднер Эрл Стенли. Дело очаровательного призрака</title>
</book>
<book>
	<filename>gardner_yerl/gardner_yerl_delo_ocharovatelnoi_poproshaiki.fb2.zip</filename>
	<title>Гарднер Эрл Стенли. Дело очаровательной попрошайки</title>
</book>
<book>
	<filename>gardner_yerl/gardner_yerl_delo_o_devstvennicebrodyazhke.fb2.zip</filename>
	<title>Гарднер Эрл Стенли. Дело о девственнице-бродяжке</title>
</book>
<book>
	<filename>gardner_yerl/gardner_yerl_delo_o_devushke_s_kalendarya.fb2.zip</filename>
	<title>Гарднер Эрл Стенли. Дело о девушке с календаря</title>
</book>
<book>
	<filename>gardner_yerl/gardner_yerl_delo_odinokoi_naslednicy.fb2.zip</filename>
	<title>Гарднер Эрл Стенли. Дело одинокой наследницы</title>
</book>
<book>
	<filename>gardner_yerl/gardner_yerl_delo_o_dlinnonogih_manekenshicah.fb2.zip</filename>
	<title>Гарднер Эрл Стенли. Дело о длинноногих манекенщицах</title>
</book>
<book>
	<filename>gardner_yerl/gardner_yerl_delo_o_dnevnike_zagorayushei.fb2.zip</filename>
	<title>Гарднер Эрл Стенли. Дело о дневнике загорающей</title>
</book>
<book>
	<filename>gardner_yerl/gardner_yerl_delo_odnoglazoi_svidetelnicy.fb2.zip</filename>
	<title>Гарднер Эрл Стенли. Дело одноглазой свидетельницы</title>
</book>
<book>
	<filename>gardner_yerl/gardner_yerl_delo_o_dvoinike_pozhiloi_damy.fb2.zip</filename>
	<title>Гарднер Эрл Стенли. Дело о двойнике пожилой дамы</title>
</book>
<book>
	<filename>gardner_yerl/gardner_yerl_delo_o_dvoinyashke.fb2.zip</filename>
	<title>Гарднер Эрл Стенли. Дело о двойняшке</title>
</book>
<book>
	<filename>gardner_yerl/gardner_yerl_delo_o_falshivom_glaze.fb2.zip</filename>
	<title>Гарднер Эрл Стенли. Дело о фальшивом глазе</title>
</book>
<book>
	<filename>gardner_yerl/gardner_yerl_delo_o_hitroumnoi_lovushke.fb2.zip</filename>
	<title>Гарднер Эрл Стенли. Дело о хитроумной ловушке</title>
</book>
<book>
	<filename>gardner_yerl/gardner_yerl_delo_o_koroleve_krasoty.fb2.zip</filename>
	<title>Гарднер Эрл Стенли. Дело о королеве красоты</title>
</book>
<book>
	<filename>gardner_yerl/gardner_yerl_delo_o_kote_dvoreckogo.fb2.zip</filename>
	<title>Гарднер Эрл Стенли. Дело о коте дворецкого</title>
</book>
<book>
	<filename>gardner_yerl/gardner_yerl_delo_o_ledyanyh_rukah.fb2.zip</filename>
	<title>Гарднер Эрл Стенли. Дело о ледяных руках</title>
</book>
<book>
	<filename>gardner_yerl/gardner_yerl_delo_o_lenivom_lyubovnike.fb2.zip</filename>
	<title>Гарднер Эрл Стенли. Дело о ленивом любовнике</title>
</book>
<book>
	<filename>gardner_yerl/gardner_yerl_delo_o_mrachnoi_devushke.fb2.zip</filename>
	<title>Гарднер Эрл Стенли. Дело о мрачной девушке</title>
</book>
<book>
	<filename>gardner_yerl/gardner_yerl_delo_o_nemom_partnere.fb2.zip</filename>
	<title>Гарднер Эрл Стенли. Дело о немом партнере</title>
</book>
<book>
	<filename>gardner_yerl/gardner_yerl_delo_o_nervnom_souchastnike.fb2.zip</filename>
	<title>Гарднер Эрл Стенли. Дело о нервном соучастнике</title>
</book>
<book>
	<filename>gardner_yerl/gardner_yerl_delo_o_pozolochennoi_lilii.fb2.zip</filename>
	<title>Гарднер Эрл Стенли. Дело о позолоченной лилии</title>
</book>
<book>
	<filename>gardner_yerl/gardner_yerl_delo_o_presleduemom_muzhe.fb2.zip</filename>
	<title>Гарднер Эрл Стенли. Дело о преследуемом муже</title>
</book>
<book>
	<filename>gardner_yerl/gardner_yerl_delo_o_pustoi_konservnoi_banke.fb2.zip</filename>
	<title>Гарднер Эрл Стенли. Дело о пустой консервной банке</title>
</book>
<book>
	<filename>gardner_yerl/gardner_yerl_delo_o_sbezhavshem_trupe.fb2.zip</filename>
	<title>Гарднер Эрл Стенли. Дело о сбежавшем трупе</title>
</book>
<book>
	<filename>gardner_yerl/gardner_yerl_delo_o_smertonosnoi_igrushke.fb2.zip</filename>
	<title>Гарднер Эрл Стенли. Дело о смертоносной игрушке</title>
</book>
<book>
	<filename>gardner_yerl/gardner_yerl_delo_o_stroinoi_teni.fb2.zip</filename>
	<title>Гарднер Эрл Стенли. Дело о стройной тени</title>
</book>
<book>
	<filename>gardner_yerl/gardner_yerl_delo_o_sumochke_avantyuristki.fb2.zip</filename>
	<title>Гарднер Эрл Стенли. Дело о сумочке авантюристки</title>
</book>
<book>
	<filename>gardner_yerl/gardner_yerl_delo_o_svetyashihsya_palcah.fb2.zip</filename>
	<title>Гарднер Эрл Стенли. Дело о светящихся пальцах</title>
</book>
<book>
	<filename>gardner_yerl/gardner_yerl_delo_o_tonushem_utenke.fb2.zip</filename>
	<title>Гарднер Эрл Стенли. Дело о тонущем утенке</title>
</book>
<book>
	<filename>gardner_yerl/gardner_yerl_delo_otstalogo_mula.fb2.zip</filename>
	<title>Гарднер Эрл Стенли. Дело отсталого мула</title>
</book>
<book>
	<filename>gardner_yerl/gardner_yerl_delo_o_vlyublennoi_tetushke.fb2.zip</filename>
	<title>Гарднер Эрл Стенли. Дело о влюбленной тетушке</title>
</book>
<book>
	<filename>gardner_yerl/gardner_yerl_delo_o_voyushei_sobake.fb2.zip</filename>
	<title>Гарднер Эрл Стенли. Дело о воющей собаке</title>
</book>
<book>
	<filename>gardner_yerl/gardner_yerl_delo_o_zarytyh_chasah.fb2.zip</filename>
	<title>Гарднер Эрл Стенли. Дело о зарытых часах</title>
</book>
<book>
	<filename>gardner_yerl/gardner_yerl_delo_plemyannicy_lunatika.fb2.zip</filename>
	<title>Гарднер Эрл Стенли. Дело племянницы лунатика</title>
</book>
<book>
	<filename>gardner_yerl/gardner_yerl_delo_podmenennogo_lica.fb2.zip</filename>
	<title>Гарднер Эрл Стенли. Дело подмененного лица</title>
</book>
<book>
	<filename>gardner_yerl/gardner_yerl_delo_podsteregayushego_volka.fb2.zip</filename>
	<title>Гарднер Эрл Стенли. Дело подстерегающего волка</title>
</book>
<book>
	<filename>gardner_yerl/gardner_yerl_delo_polusonnoi_zheny.fb2.zip</filename>
	<title>Гарднер Эрл Стенли. Дело полусонной жены</title>
</book>
<book>
	<filename>gardner_yerl/gardner_yerl_delo_poyushei_yubochki.fb2.zip</filename>
	<title>Гарднер Эрл Стенли. Дело поющей юбочки</title>
</book>
<book>
	<filename>gardner_yerl/gardner_yerl_delo_predubezhdennogo_popugaya.fb2.zip</filename>
	<title>Гарднер Эрл Стенли. Дело предубежденного попугая</title>
</book>
<book>
	<filename>gardner_yerl/gardner_yerl_delo_razvedennoi_koketki.fb2.zip</filename>
	<title>Гарднер Эрл Стенли. Дело разведенной кокетки</title>
</book>
<book>
	<filename>gardner_yerl/gardner_yerl_delo_riskovoi_vdovy.fb2.zip</filename>
	<title>Гарднер Эрл Стенли. Дело рисковой вдовы</title>
</book>
<book>
	<filename>gardner_yerl/gardner_yerl_delo_schastlivyh_nozhek.fb2.zip</filename>
	<title>Гарднер Эрл Стенли. Дело счастливых ножек</title>
</book>
<book>
	<filename>gardner_yerl/gardner_yerl_delo_serditoi_plakalshicy.fb2.zip</filename>
	<title>Гарднер Эрл Стенли. Дело сердитой плакальщицы</title>
</book>
<book>
	<filename>gardner_yerl/gardner_yerl_delo_shokirovannyh_naslednikov.fb2.zip</filename>
	<title>Гарднер Эрл Стенли. Дело шокированных наследников</title>
</book>
<book>
	<filename>gardner_yerl/gardner_yerl_delo_smeloi_razvedyonki.fb2.zip</filename>
	<title>Гарднер Эрл Стенли. Дело смелой разведёнки</title>
</book>
<book>
	<filename>gardner_yerl/gardner_yerl_delo_smeyusheisya_gorilly.fb2.zip</filename>
	<title>Гарднер Эрл. Дело смеющейся гориллы</title>
</book>
<book>
	<filename>gardner_yerl/gardner_yerl_delo_sonnogo_moskita.fb2.zip</filename>
	<title>Гарднер Эрл Стенли. Дело сонного москита</title>
</book>
<book>
	<filename>gardner_yerl/gardner_yerl_delo_sumasbrodnoi_krasotki.fb2.zip</filename>
	<title>Гарднер Эрл Стенли. Дело сумасбродной красотки</title>
</book>
<book>
	<filename>gardner_yerl/gardner_yerl_delo_suprugadvoezhenca.fb2.zip</filename>
	<title>Гарднер Эрл Стенли. Дело супруга-двоеженца</title>
</book>
<book>
	<filename>gardner_yerl/gardner_yerl_delo_svarlivogo_svidetelya.fb2.zip</filename>
	<title>Гарднер Эрл Стенли. Дело сварливого свидетеля</title>
</book>
<book>
	<filename>gardner_yerl/gardner_yerl_delo_tainy_padchericy.fb2.zip</filename>
	<title>Гарднер Эрл Стенли. Дело тайны падчерицы</title>
</book>
<book>
	<filename>gardner_yerl/gardner_yerl_delo_tufelki_magazinnoi_vorovki.fb2.zip</filename>
	<title>Гарднер Эрл Стенли. Дело туфельки магазинной воровки</title>
</book>
<book>
	<filename>gardner_yerl/gardner_yerl_delo_upryamogo_svidetelya.fb2.zip</filename>
	<title>Гарднер Эрл Стенли. Дело упрямого свидетеля</title>
</book>
<book>
	<filename>gardner_yerl/gardner_yerl_delo_vstrevozhennoi_oficiantki.fb2.zip</filename>
	<title>Гарднер Эрл Стенли. Дело встревоженной официантки</title>
</book>
<book>
	<filename>gardner_yerl/gardner_yerl_delo_zaikayushegosya_episkopa.fb2.zip</filename>
	<title>Гарднер Эрл Стенли. Дело заикающегося епископа</title>
</book>
<book>
	<filename>gardner_yerl/gardner_yerl_delo_zastenchivoi_obvinyaemoi.fb2.zip</filename>
	<title>Гарднер Эрл Стенли. Дело застенчивой обвиняемой</title>
</book>
<book>
	<filename>gardner_yerl/gardner_yerl_delo_zelenoglazoi_sestrichki.fb2.zip</filename>
	<title>Гарднер Эрл Стенли. Дело зеленоглазой сестрички</title>
</book>
<book>
	<filename>gardner_yerl/gardner_yerl_delo_zhenshiny_za_kolyuchei_provolokoi.fb2.zip</filename>
	<title>Гарднер Эрл Стенли. Дело женщины за колючей проволокой</title>
</book>
<book>
	<filename>gardner_yerl/gardner_yerl_dolina_malenkih_strahov.fb2.zip</filename>
	<title>Гарднер Эрл Стенли. Долина маленьких страхов</title>
</book>
<book>
	<filename>gardner_yerl/gardner_yerl_duraki_umirayut_po_pyatnicam.fb2.zip</filename>
	<title>Гарднер Эрл Стенли. Дураки умирают по пятницам</title>
</book>
<book>
	<filename>gardner_yerl/gardner_yerl_dvazhdy_nerazvedennyi.fb2.zip</filename>
	<title>Гарднер Эрл Стенли. Дважды неразведенный</title>
</book>
<book>
	<filename>gardner_yerl/gardner_yerl_dvoinaya_sdelka_s_brilliantami.fb2.zip</filename>
	<title>Гарднер Эрл Стенли. Двойная сделка с бриллиантами</title>
</book>
<book>
	<filename>gardner_yerl/gardner_yerl_dvoinaya_strahovka.fb2.zip</filename>
	<title>Гарднер Эрл Стенли. Двойная страховка</title>
</book>
<book>
	<filename>gardner_yerl/gardner_yerl_holostyaki_umirayut_odinokimi.fb2.zip</filename>
	<title>Гарднер Эрл Стенли. Холостяки умирают одинокими</title>
</book>
<book>
	<filename>gardner_yerl/gardner_yerl_ischeznuvshii_trup.fb2.zip</filename>
	<title>Гарднер Эрл Стенли. Исчезнувший труп</title>
</book>
<book>
	<filename>gardner_yerl/gardner_yerl_ispytai_vsyakoe.fb2.zip</filename>
	<title>Гарднер Эрл Стенли. Испытай всякое</title>
</book>
<book>
	<filename>gardner_yerl/gardner_yerl_korol_ryeketa.fb2.zip</filename>
	<title>Гарднер Эрл Стенли. Король рэкета</title>
</book>
<book>
	<filename>gardner_yerl/gardner_yerl_koshki_brodyat_po_nocham.fb2.zip</filename>
	<title>Гарднер Эрл Стенли. Кошки бродят по ночам</title>
</book>
<book>
	<filename>gardner_yerl/gardner_yerl_letuchie_myshi_poyavlyayutsya_v_sumerkah.fb2.zip</filename>
	<title>Гарднер Эрл Стенли. Летучие мыши появляются в сумерках</title>
</book>
<book>
	<filename>gardner_yerl/gardner_yerl_lyubitel_konfet.fb2.zip</filename>
	<title>Гарднер Эрл Стенли. Любитель конфет</title>
</book>
<book>
	<filename>gardner_yerl/gardner_yerl_maskarad_dlya_ubiistva.fb2.zip</filename>
	<title>Гарднер Эрл Стенли. Маскарад для убийства</title>
</book>
<book>
	<filename>gardner_yerl/gardner_yerl_molniya_ne_bet_v_odno_mesto_dvazhdy.fb2.zip</filename>
	<title>Гарднер Эрл Стенли. Молния не бьет в одно место дважды</title>
</book>
<book>
	<filename>gardner_yerl/gardner_yerl_mozhete_priiti_i_poluchit.fb2.zip</filename>
	<title>Гарднер Эрл Стенли. Можете прийти и получить</title>
</book>
<book>
	<filename>gardner_yerl/gardner_yerl_mozhno_pomeret_so_smehu.fb2.zip</filename>
	<title>Гарднер Эрл Стенли. Можно помереть со смеху</title>
</book>
<book>
	<filename>gardner_yerl/gardner_yerl_na_pochtitelnom_rasstoyanii.fb2.zip</filename>
	<title>Гарднер Эрл Стенли. На почтительном расстоянии</title>
</book>
<book>
	<filename>gardner_yerl/gardner_yerl_nekotorye_rubashki_ne_prosvechivayut.fb2.zip</filename>
	<title>Гарднер Эрл Стенли. Некоторые рубашки не просвечивают</title>
</book>
<book>
	<filename>gardner_yerl/gardner_yerl_nekotorye_zhenshiny_ne_budut_zhdat.fb2.zip</filename>
	<title>Гарднер Эрл Стенли. Некоторые женщины не будут ждать</title>
</book>
<book>
	<filename>gardner_yerl/gardner_yerl_ne_upusti_svoi_shans.fb2.zip</filename>
	<title>Гарднер Эрл Стенли. Не упусти свой шанс</title>
</book>
<book>
	<filename>gardner_yerl/gardner_yerl_ne_vsya_trava_zelenaya.fb2.zip</filename>
	<title>Гарднер Эрл Стенли. Не вся трава зеленая</title>
</book>
<book>
	<filename>gardner_yerl/gardner_yerl_ne_zhilec.fb2.zip</filename>
	<title>Гарднер Эрл Стенли. Не жилец</title>
</book>
<book>
	<filename>gardner_yerl/gardner_yerl_novaya_primanka_dlya_lovushek.fb2.zip</filename>
	<title>Гарднер Эрл Стенли. Новая приманка для ловушек</title>
</book>
<book>
	<filename>gardner_yerl/gardner_yerl_otvedi_udar.fb2.zip</filename>
	<title>Гарднер Эрл Стенли. Отведи удар</title>
</book>
<book>
	<filename>gardner_yerl/gardner_yerl_palcy_fonga.fb2.zip</filename>
	<title>Гарднер Эрл Стенли. Пальцы Фонга</title>
</book>
<book>
	<filename>gardner_yerl/gardner_yerl_peredai_mne_sous.fb2.zip</filename>
	<title>Гарднер Эрл Стенли. Передай мне соус</title>
</book>
<book>
	<filename>gardner_yerl/gardner_yerl_peredelka_v_kotoruyu_popal_uaiker.fb2.zip</filename>
	<title>Гарднер Эрл Стенли. Переделка, в которую попал Уайкер</title>
</book>
<book>
	<filename>gardner_yerl/gardner_yerl_pisma_mertvecov.fb2.zip</filename>
	<title>Гарднер Эрл Стенли. Письма мертвецов</title>
</book>
<book>
	<filename>gardner_yerl/gardner_yerl_podstavnyh_igrokov_gubit_zhadnost.fb2.zip</filename>
	<title>Гарднер Эрл Стенли. Подставных игроков губит жадность</title>
</book>
<book>
	<filename>gardner_yerl/gardner_yerl_poprobuite_otshutitsya.fb2.zip</filename>
	<title>Гарднер Эрл Стенли. Попробуйте отшутится!</title>
</book>
<book>
	<filename>gardner_yerl/gardner_yerl_po_tonkomu_ldu.fb2.zip</filename>
	<title>Гарднер Эрл Стенли. По тонкому льду</title>
</book>
<book>
	<filename>gardner_yerl/gardner_yerl_proidoha.fb2.zip</filename>
	<title>Гарднер Эрл Стенли. Пройдоха</title>
</book>
<book>
	<filename>gardner_yerl/gardner_yerl_prokuror_brosaet_vyzov.fb2.zip</filename>
	<title>Гарднер Эрл Стенли. Прокурор бросает вызов</title>
</book>
<book>
	<filename>gardner_yerl/gardner_yerl_prokuror_dobivaetsya_svoego.fb2.zip</filename>
	<title>Гарднер Эрл Стенли. Прокурор добивается своего</title>
</book>
<book>
	<filename>gardner_yerl/gardner_yerl_prokuror_idet_na_sud.fb2.zip</filename>
	<title>Гарднер Эрл Стенли. Прокурор идет на суд</title>
</book>
<book>
	<filename>gardner_yerl/gardner_yerl_prokuror_rassleduet_ubiistvo.fb2.zip</filename>
	<title>Гарднер Эрл Стенли. Прокурор расследует убийство</title>
</book>
<book>
	<filename>gardner_yerl/gardner_yerl_prokuror_razbivaet_yaico.fb2.zip</filename>
	<title>Гарднер Эрл Стенли. Прокурор разбивает яйцо</title>
</book>
<book>
	<filename>gardner_yerl/gardner_yerl_prokuror_riskuet.fb2.zip</filename>
	<title>Гарднер Эрл Стенли. Прокурор рискует</title>
</book>
<book>
	<filename>gardner_yerl/gardner_yerl_prokuror_risuet_krug.fb2.zip</filename>
	<title>Гарднер Эрл Стенли. Прокурор рисует круг</title>
</book>
<book>
	<filename>gardner_yerl/gardner_yerl_prokuror_sryvaet_pechat.fb2.zip</filename>
	<title>Гарднер Эрл Стенли. Прокурор срывает печать</title>
</book>
<book>
	<filename>gardner_yerl/gardner_yerl_prokuror_zharit_gusya.fb2.zip</filename>
	<title>Гарднер Эрл Стенли. Прокурор жарит гуся</title>
</book>
<book>
	<filename>gardner_yerl/gardner_yerl_propavshii_chelovek.fb2.zip</filename>
	<title>Гарднер Эрл Стенли. Пропавший человек</title>
</book>
<book>
	<filename>gardner_yerl/gardner_yerl_rasschitatsya_spolna.fb2.zip</filename>
	<title>Гарднер Эрл Стенли. Рассчитаться сполна</title>
</book>
<book>
	<filename>gardner_yerl/gardner_yerl_ryba_ushla_s_kryuchka.fb2.zip</filename>
	<title>Гарднер Эрл Стенли. Рыба ушла с крючка</title>
</book>
<book>
	<filename>gardner_yerl/gardner_yerl_schet_devyat.fb2.zip</filename>
	<title>Гарднер Эрл Стенли. Счет девять</title>
</book>
<book>
	<filename>gardner_yerl/gardner_yerl_signal_smertelnoi_opasnosti.fb2.zip</filename>
	<title>Гарднер Эрл Стенли. Сигнал смертельной опасности</title>
</book>
<book>
	<filename>gardner_yerl/gardner_yerl_smert_taitsya_v_rukave.fb2.zip</filename>
	<title>Гарднер Эрл Стенли. Смерть таится в рукаве</title>
</book>
<book>
	<filename>gardner_yerl/gardner_yerl_soderzhanki_po_svoei_vole_ne_uhodyat.fb2.zip</filename>
	<title>Гарднер Эрл Стенли. Содержанки по своей воле не уходят</title>
</book>
<book>
	<filename>gardner_yerl/gardner_yerl_sorvat_bank.fb2.zip</filename>
	<title>Гарднер Эрл Стенли. Сорвать банк</title>
</book>
<book>
	<filename>gardner_yerl/gardner_yerl_sovy_ne_morgayut.fb2.zip</filename>
	<title>Гарднер Эрл Стенли. Совы не моргают</title>
</book>
<book>
	<filename>gardner_yerl/gardner_yerl_spalni_imeyut_okna.fb2.zip</filename>
	<title>Гарднер Эрл Стенли. Спальни имеют окна</title>
</book>
<book>
	<filename>gardner_yerl/gardner_yerl_tolko_odin_vyhod.fb2.zip</filename>
	<title>Гарднер Эрл Стенли. Только один выход</title>
</book>
<book>
	<filename>gardner_yerl/gardner_yerl_topor_otmsheniya.fb2.zip</filename>
	<title>Гарднер Эрл Стенли. Топор отмщения</title>
</book>
<book>
	<filename>gardner_yerl/gardner_yerl_ubiica_vyshivayushii_krestom.fb2.zip</filename>
	<title>Гарднер Эрл Стенли. Убийца, вышивающий крестом</title>
</book>
<book>
	<filename>gardner_yerl/gardner_yerl_ubiistvo_vo_vremya_priliva.fb2.zip</filename>
	<title>Гарднер Эрл Стенли. Убийство во время прилива</title>
</book>
<book>
	<filename>gardner_yerl/gardner_yerl_vdovy_nosyat_traur.fb2.zip</filename>
	<title>Гарднер Эрл Стенли. Вдовы носят траур</title>
</book>
<book>
	<filename>gardner_yerl/gardner_yerl_vershina_kuchi.fb2.zip</filename>
	<title>Гарднер Эрл Стенли. Вершина кучи</title>
</book>
<book>
	<filename>gardner_yerl/gardner_yerl_vorony_ne_umeyut_schitat.fb2.zip</filename>
	<title>Гарднер Эрл Стенли. Вороны не умеют считать</title>
</book>
<book>
	<filename>gardner_yerl/gardner_yerl_yeto_ubiistvo.fb2.zip</filename>
	<title>Гарднер Эрл Стенли. Это — убийство</title>
</book>
<book>
	<filename>gardner_yerl/gardner_yerl_zagadka_golodnoi_loshadi.fb2.zip</filename>
	<title>Гарднер Эрл Стенли. Загадка голодной лошади</title>
</book>
<book>
	<filename>gardner_yerl/gardner_yerl_zagadka_podzabytogo_ubiistva.fb2.zip</filename>
	<title>Гарднер Эрл Стенли. Загадка подзабытого убийства</title>
</book>
<book>
	<filename>gardner_yerl/gardner_yerl_zagadka_ubegayushei_blondinki.fb2.zip</filename>
	<title>Гарднер Эрл Стенли. Загадка убегающей блондинки</title>
</book>
<book>
	<filename>gardner_yerl/gardner_yerl_zhenshinakoshka.fb2.zip</filename>
	<title>Гарднер Эрл Стенли. Женщина-кошка</title>
</book>
<book>
	<filename>gardner_yerl/gardner_yerl_zhongler_prestupleniyami.fb2.zip</filename>
	<title>Гарднер Эрл Стенли. Жонглер преступлениями</title>
</book>
<book>
	<filename>gardner_yerl/gardner_yerl_zoloto_postupaet_v_slitkah.fb2.zip</filename>
	<title>Гарднер Эрл Стенли. Золото поступает в слитках</title>
</book>
<book>
	<filename>gardoni_geza/gardoni_geza_zvezdy_yegera.fb2.zip</filename>
	<title>Гардони Геза. Звезды Эгера</title>
</book>
<book>
	<filename>gard_ye/gard_ye_mastera_krepostnoi_rossii.fb2.zip</filename>
	<title>Гард Э. Мастера крепостной России</title>
</book>
<book>
	<filename>gareev_musa/gareev_musa_shturmoviki_idut_na_cel.fb2.zip</filename>
	<title>Гареев Муса Гайсинович. Штурмовики идут на цель</title>
</book>
<book>
	<filename>garfild_braian/garfild_braian_chto_izvestno_o_terri_koniston.fb2.zip</filename>
	<title>Гарфилд Брайан. Что известно о Терри Конистон?</title>
</book>
<book>
	<filename>garfild_braian/garfild_braian_missiya_vypolnima.fb2.zip</filename>
	<title>Гарфилд Брайан. Миссия выполнима</title>
</book>
<book>
	<filename>garfild_braian/garfild_braian_neumolimyi.fb2.zip</filename>
	<title>Гарфилд Брайан. Неумолимый</title>
</book>
<book>
	<filename>garfild_braian/garfild_braian_predumyshlennoe_ubiistvo.fb2.zip</filename>
	<title>Гарфилд Брайан. Предумышленное убийство</title>
</book>
<book>
	<filename>garfild_braian/garfild_braian_smertnyi_prigovor.fb2.zip</filename>
	<title>Гарфилд Брайан. Смертный приговор</title>
</book>
<book>
	<filename>garfild_braian/garfild_braian_zhazhda_smerti.fb2.zip</filename>
	<title>Гарфилд Брайан. Жажда смерти</title>
</book>
<book>
	<filename>garfild_fransez/garfild_fransez_sumerechnyi_dom.fb2.zip</filename>
	<title>Гарфилд Франсез. Сумеречный дом</title>
</book>
<book>
	<filename>garfinkel_simeon/garfinkel_simeon_vse_pod_kontrolem_kto_i_kak_sledit_za_toboi.fb2.zip</filename>
	<title>Гарфинкель Симеон. Все под контролем: Кто и как следит за тобой</title>
</book>
<book>
	<filename>garin_maksim/garin_maksim_dobro_pozhalovat_v_ad.fb2.zip</filename>
	<title>Гарин Максим. Добро пожаловать в Ад</title>
</book>
<book>
	<filename>garin_maksim/garin_maksim_igra_bez_pravil.fb2.zip</filename>
	<title>Гарин Максим. Игра без правил</title>
</book>
<book>
	<filename>garin_maksim/garin_maksim_ishi_vragov_sredi_druzei.fb2.zip</filename>
	<title>Гарин Максим. Ищи врагов среди друзей</title>
</book>
<book>
	<filename>garin_maksim/garin_maksim_iz_lyubvi_k_iskusstvu.fb2.zip</filename>
	<title>Гарин Максим. Из любви к искусству</title>
</book>
<book>
	<filename>garin_maksim/garin_maksim_kombat.fb2.zip</filename>
	<title>Гарин Максим. Комбат</title>
</book>
<book>
	<filename>garin_maksim/garin_maksim_kombat_ne_zhdet_nagrady.fb2.zip</filename>
	<title>Гарин Максим. Комбат не ждет награды</title>
</book>
<book>
	<filename>garin_maksim/garin_maksim_kombat_protiv_volchei_stai.fb2.zip</filename>
	<title>Гарин Максим. Комбат против волчьей стаи</title>
</book>
<book>
	<filename>garin_maksim/garin_maksim_kombat_v_zapadne.fb2.zip</filename>
	<title>Гарин Максим. Комбат в западне</title>
</book>
<book>
	<filename>garin_maksim/garin_maksim_krovavyi_put.fb2.zip</filename>
	<title>Гарин Максим. Кровавый путь</title>
</book>
<book>
	<filename>garin_maksim/garin_maksim_nikto_krome_tebya.fb2.zip</filename>
	<title>Гарин Максим. Никто, кроме тебя</title>
</book>
<book>
	<filename>garin_maksim/garin_maksim_order_na_vozmezdie.fb2.zip</filename>
	<title>Гарин Максим. Ордер на возмездие</title>
</book>
<book>
	<filename>garin_maksim/garin_maksim_pobeditel_vsegda_prav.fb2.zip</filename>
	<title>Гарин Максим. Победитель всегда прав</title>
</book>
<book>
	<filename>garin_maksim/garin_maksim_poshady_ne_budet_nikomu.fb2.zip</filename>
	<title>Гарин Максим. Пощады не будет никому</title>
</book>
<book>
	<filename>garin_maksim/garin_maksim_pylayushaya_bashnya.fb2.zip</filename>
	<title>Гарин Максим. Пылающая башня</title>
</book>
<book>
	<filename>garin_maksim/garin_maksim_skvoz_ogon_i_vodu.fb2.zip</filename>
	<title>Гарин Максим. Сквозь огонь и воду</title>
</book>
<book>
	<filename>garin_maksim/garin_maksim_smert_znaet_gde_tebya_iskat.fb2.zip</filename>
	<title>Гарин Максим. Смерть знает, где тебя искать</title>
</book>
<book>
	<filename>garin_maksim/garin_maksim_tochka_kipeniya.fb2.zip</filename>
	<title>Гарин Максим. Точка кипения</title>
</book>
<book>
	<filename>garin_maksim/garin_maksim_zakon_protiv_tebya.fb2.zip</filename>
	<title>Гарин Максим. Закон против тебя</title>
</book>
<book>
	<filename>garin_maksim/garin_maksim_za_svoi_slova_otvetish.fb2.zip</filename>
	<title>Гарин Максим. За свои слова ответишь</title>
</book>
<book>
	<filename>gari_romen/gari_romen_korni_neba.fb2.zip</filename>
	<title>Гари Ромен. Корни неба</title>
</book>
<book>
	<filename>gari_romen/gari_romen_plyaska_chingizhaima.fb2.zip</filename>
	<title>Гари Ромен. Пляска Чингиз-Хаима</title>
</book>
<book>
	<filename>gari_romen/gari_romen_pozhirateli_zvezd.fb2.zip</filename>
	<title>Гари Ромен. Пожиратели звезд</title>
</book>
<book>
	<filename>gari_romen/gari_romen_vozdushnye_zmei.fb2.zip</filename>
	<title>Гари Ромен. Воздушные змеи</title>
</book>
<book>
	<filename>gari_romen/gari_romen_zhizn_i_smert_yemilya_azhara.fb2.zip</filename>
	<title>Гари Ромен. Жизнь и смерть Эмиля Ажара</title>
</book>
<book>
	<filename>garkushev_evgenii/garkushev_evgenii_blizkie_miry.fb2.zip</filename>
	<title>Гаркушев Евгений. Близкие миры</title>
</book>
<book>
	<filename>garkushev_evgenii/garkushev_evgenii_bunt_pri_betelgeize.fb2.zip</filename>
	<title>Гаркушев Евгений. Бунт при Бетельгейзе</title>
</book>
<book>
	<filename>garkushev_evgenii/garkushev_evgenii_chelovek_kotoryi_znalsya_s_yelfami.fb2.zip</filename>
	<title>Гаркушев Евгений. Человек, который знался с эльфами</title>
</book>
<book>
	<filename>garkushev_evgenii/garkushev_evgenii_grani_matricy.fb2.zip</filename>
	<title>Гаркушев Евгений. Грани матрицы</title>
</book>
<book>
	<filename>garkushev_evgenii/garkushev_evgenii_kosmicheskii_kapkan.fb2.zip</filename>
	<title>Гаркушев Евгений. Космический капкан</title>
</book>
<book>
	<filename>garkushev_evgenii/garkushev_evgenii_nichego_krome_magii.fb2.zip</filename>
	<title>Гаркушев Евгений. Ничего, кроме магии</title>
</book>
<book>
	<filename>garkushev_evgenii/garkushev_evgenii_oboidemsya_bez_magii.fb2.zip</filename>
	<title>Гаркушев Евгений. Обойдемся без магии!</title>
</book>
<book>
	<filename>garkushev_evgenii/garkushev_evgenii_velikii_pohod.fb2.zip</filename>
	<title>Гаркушев Евгений. Великий поход</title>
</book>
<book>
	<filename>garkushev_evgenii/garkushev_evgenii_zapovednik.fb2.zip</filename>
	<title>Гаркушев Евгений. Заповедник</title>
</book>
<book>
	<filename>garkushev_evgenii/garkushev_evgenii_zhiznelyuby.fb2.zip</filename>
	<title>Гаркушев Евгений. Жизнелюбы</title>
</book>
<book>
	<filename>garkushev_evgenii/garkushev_evgenii_zhuk.fb2.zip</filename>
	<title>Гаркушев Евгений. Жук</title>
</book>

</books>

