<?xml version="1.0" encoding="UTF-8" ?>
<books>

<book>
	<filename>gergenryoder_igor/gergenryoder_igor_anton_posadskii_istoriya_v_zerkale_literatury_k_probleme_istochnikovedeniya_o_povestyah_igorya_gergenryodera.fb2.zip</filename>
	<title>Гергенрёдер Игорь. Антон Посадский. История в зеркале литературы: к проблеме источниковедения (О повестях Игоря Гергенрёдера)</title>
</book>
<book>
	<filename>gergenryoder_igor/gergenryoder_igor_anton_posadskii_prototipy_geroev_igorya_gergenryodera_gorod_i_ego_batalon_kuzneckii_batalon_narodnoi_armii_komucha.fb2.zip</filename>
	<title>Гергенрёдер Игорь. Антон Посадский. Прототипы героев Игоря Гергенрёдера. Город и его батальон (Кузнецкий батальон Народной армии КомУча)</title>
</book>
<book>
	<filename>gergenryoder_igor/gergenryoder_igor_arina_deplani_ob_igore_gergenryodere.fb2.zip</filename>
	<title>Гергенрёдер Игорь. Арина Депланьи об Игоре Гергенрёдере</title>
</book>
<book>
	<filename>gergenryoder_igor/gergenryoder_igor_bliznecy_v_mimolyotnosti.fb2.zip</filename>
	<title>Гергенрёдер Игорь. Близнецы в мимолётности</title>
</book>
<book>
	<filename>gergenryoder_igor/gergenryoder_igor_bukolicheskie_skazy.fb2.zip</filename>
	<title>Гергенрёдер Игорь. Буколические сказы</title>
</book>
<book>
	<filename>gergenryoder_igor/gergenryoder_igor_daite_ruku_korolyu.fb2.zip</filename>
	<title>Гергенрёдер Игорь. Дайте руку королю</title>
</book>
<book>
	<filename>gergenryoder_igor/gergenryoder_igor_donesyonnoe_ot_obizhennyh.fb2.zip</filename>
	<title>Гергенрёдер Игорь. Донесённое от обиженных</title>
</book>
<book>
	<filename>gergenryoder_igor/gergenryoder_igor_elena_zeifert_imya_ego_lyubvi_folklor_intervyu_s_igorem_gergenryoderom.fb2.zip</filename>
	<title>Гергенрёдер Игорь. Елена Зейферт. Имя его любви — фольклор… (интервью с Игорем Гергенрёдером)</title>
</book>
<book>
	<filename>gergenryoder_igor/gergenryoder_igor_grimaska_pod_pikovuyu_tochku.fb2.zip</filename>
	<title>Гергенрёдер Игорь. Гримаска под пиковую точку</title>
</book>
<book>
	<filename>gergenryoder_igor/gergenryoder_igor_i_vstali.fb2.zip</filename>
	<title>Гергенрёдер Игорь. И встали</title>
</book>
<book>
	<filename>gergenryoder_igor/gergenryoder_igor_kombinacii_protiv_hoda_istorii_sbornik_povestei.fb2.zip</filename>
	<title>Гергенрёдер Игорь. Комбинации против Хода Истории (Сборник повестей)</title>
</book>
<book>
	<filename>gergenryoder_igor/gergenryoder_igor_malenkie_stranniki_ili_pochti_skazochnaya_istoriya.fb2.zip</filename>
	<title>Гергенрёдер Игорь. Маленькие странники, или Почти сказочная история</title>
</book>
<book>
	<filename>gergenryoder_igor/gergenryoder_igor_o_faktah_otrazhyonnyh_v_povesti_igorya_gergenryodera_mih_gesler_chistaya_devo_raduisya.fb2.zip</filename>
	<title>Гергенрёдер Игорь. О фактах, отражённых в повести Игоря Гергенрёдера. Мих. Геслер. «Чистая дево, радуйся…»</title>
</book>
<book>
	<filename>gergenryoder_igor/gergenryoder_igor_pinskoi_neizmenno_pinskoi.fb2.zip</filename>
	<title>Гергенрёдер Игорь. Пинской — неизменно Пинской!</title>
</book>
<book>
	<filename>gergenryoder_igor/gergenryoder_igor_skazanie_o_lotare_biche.fb2.zip</filename>
	<title>Гергенрёдер Игорь. Сказание о Лотаре Биче</title>
</book>
<book>
	<filename>gergenryoder_igor/gergenryoder_igor_strasti_po_matfeyu.fb2.zip</filename>
	<title>Гергенрёдер Игорь. Страсти по Матфею</title>
</book>
<book>
	<filename>gergenryoder_igor/gergenryoder_igor_ten_i_istochnik.fb2.zip</filename>
	<title>Гергенрёдер Игорь. Тень и источник</title>
</book>
<book>
	<filename>gergenryoder_igor/gergenryoder_igor_volodka_len.fb2.zip</filename>
	<title>Гергенрёдер Игорь. Володька Лень</title>
</book>
<book>
	<filename>gerhard_peter/gerhard_peter_piraty_novoi_ispanii_15751742.fb2.zip</filename>
	<title>Герхард Петер. Пираты Новой Испании. 1575–1742</title>
</book>
<book>
	<filename>german_anna/german_anna_vernis_v_sorrento.fb2.zip</filename>
	<title>Герман Анна. Вернись в Сорренто?..</title>
</book>
<book>
	<filename>german_yurii/german_yurii_delo_kotoromu_ty_sluzhish.fb2.zip</filename>
	<title>Герман Юрий. Дело, которому ты служишь</title>
</book>
<book>
	<filename>german_yurii/german_yurii_dorogoi_moi_chelovek.fb2.zip</filename>
	<title>Герман Юрий. Дорогой мой человек</title>
</book>
<book>
	<filename>german_yurii/german_yurii_nachalo.fb2.zip</filename>
	<title>Герман Юрий Павлович. Начало</title>
</book>
<book>
	<filename>german_yurii/german_yurii_nash_drug_ivan_bodunov.fb2.zip</filename>
	<title>Герман Юрий Павлович. Наш друг – Иван Бодунов</title>
</book>
<book>
	<filename>german_yurii/german_yurii_odin_god.fb2.zip</filename>
	<title>Герман Юрий Павлович. Один год</title>
</book>
<book>
	<filename>german_yurii/german_yurii_o_gorkom.fb2.zip</filename>
	<title>Герман Юрий Павлович. О Горьком</title>
</book>
<book>
	<filename>german_yurii/german_yurii_o_meierholde.fb2.zip</filename>
	<title>Герман Юрий Павлович. О Мейерхольде</title>
</book>
<book>
	<filename>german_yurii/german_yurii_operaciya_s_novym_godom.fb2.zip</filename>
	<title>Герман Юрий. Операция «С Новым годом»</title>
</book>
<book>
	<filename>german_yurii/german_yurii_podpolkovnik_medicinskoi_sluzhby.fb2.zip</filename>
	<title>Герман Юрий Павлович. Подполковник медицинской службы</title>
</book>
<book>
	<filename>german_yurii/german_yurii_povest_o_doktore_nikolae_evgeneviche.fb2.zip</filename>
	<title>Герман Юрий Павлович. Повесть о докторе Николае Евгеньевиче</title>
</book>
<book>
	<filename>german_yurii/german_yurii_rasskazy_o_dzerzhinskom.fb2.zip</filename>
	<title>Герман Юрий Павлович. Рассказы о Дзержинском</title>
</book>
<book>
	<filename>german_yurii/german_yurii_rossiya_molodaya_kniga_pervaya.fb2.zip</filename>
	<title>Герман Юрий. Россия молодая. Книга первая</title>
</book>
<book>
	<filename>german_yurii/german_yurii_rossiya_molodaya_kniga_vtoraya.fb2.zip</filename>
	<title>Герман Юрий. Россия молодая. Книга вторая</title>
</book>
<book>
	<filename>german_yurii/german_yurii_ya_otvechayu_za_vse.fb2.zip</filename>
	<title>Герман Юрий. Я отвечаю за все</title>
</book>
<book>
	<filename>gernet_nina/gernet_nina_sestrenka.fb2.zip</filename>
	<title>Гернет Нина Владимировна. Сестренка</title>
</book>
<book>
	<filename>gernet_viktor/gernet_viktor_nozh_v_ruke_ili_yuridicheskie_osobennosti_nacionalnoi_samooborony.fb2.zip</filename>
	<title>Гернет Виктор. Нож в руке, или юридические особенности национальной самообороны</title>
</book>
<book>
	<filename>gern_kyendis/gern_kyendis_delo_chesti.fb2.zip</filename>
	<title>Герн Кэндис. Дело чести</title>
</book>
<book>
	<filename>gern_kyendis/gern_kyendis_ledi_budte_plohoi.fb2.zip</filename>
	<title>Герн Кэндис. Леди, будте плохой</title>
</book>
<book>
	<filename>gern_kyendis/gern_kyendis_skandalnaya_svyaz.fb2.zip</filename>
	<title>Герн Кэндис. Скандальная связь</title>
</book>
<book>
	<filename>gern_kyendis/gern_kyendis_s_yetoi_minuty.fb2.zip</filename>
	<title>Герн Кэндис. С этой минуты</title>
</book>
<book>
	<filename>gern_kyendis/gern_kyendis_vostorg_nochi.fb2.zip</filename>
	<title>Герн Кэндис. Восторг ночи</title>
</book>
<book>
	<filename>gern_kyendis/gern_kyendis_yarmarka_nevest.fb2.zip</filename>
	<title>Герн Кэндис. Ярмарка невест</title>
</book>
<book>
	<filename>gern_laian/gern_laian_cherez_solovinyi_yetazh.fb2.zip</filename>
	<title>Герн Лайан. Через соловьиный этаж</title>
</book>
<book>
	<filename>gern_laian/gern_laian_siyanie_luny.fb2.zip</filename>
	<title>Герн Лайан. Сияние луны</title>
</book>
<book>
	<filename>gern_laian/gern_laian_trava_ego_izgolove.fb2.zip</filename>
	<title>Герн Лайан. Трава – его изголовье</title>
</book>
<book>
	<filename>gernsbek_hyugo/gernsbek_hyugo_ralf_124s41.fb2.zip</filename>
	<title>Гернсбек Хьюго. Ральф 124С41+</title>
</book>
<book>
	<filename>gerod_/gerod__bashmachnik.fb2.zip</filename>
	<title>Герод. Башмачник</title>
</book>
<book>
	<filename>gerod_/gerod__revnivica.fb2.zip</filename>
	<title>Герод. Ревнивица</title>
</book>
<book>
	<filename>gerod_/gerod__son.fb2.zip</filename>
	<title>Герод. Сон</title>
</book>
<book>
	<filename>gerod_/gerod__svaha_ili_svodnya.fb2.zip</filename>
	<title>Герод. Сваха или сводня</title>
</book>
<book>
	<filename>gerod_/gerod__svodnik.fb2.zip</filename>
	<title>Герод. Сводник</title>
</book>
<book>
	<filename>gerod_/gerod__uchitel.fb2.zip</filename>
	<title>Герод. Учитель</title>
</book>
<book>
	<filename>gerod_/gerod__zhertvoprinoshenie_asklepiyu.fb2.zip</filename>
	<title>Герод. Жертвоприношение Асклепию</title>
</book>
<book>
	<filename>gerodian_/gerodian__istoriya_imperatorskoi_vlasti_posle_marka.fb2.zip</filename>
	<title>Геродиан. История императорской власти после Марка</title>
</book>
<book>
	<filename>gerodot_/gerodot__istoriya.fb2.zip</filename>
	<title>Геродот. История</title>
</book>
<book>
	<filename>gerris_yenn/gerris_yenn_nasledstvo_massingemov.fb2.zip</filename>
	<title>Геррис Энн. Наследство Массингемов</title>
</book>
<book>
	<filename>gerritsen_tess/gerritsen_tess_beshenstvo.fb2.zip</filename>
	<title>Герритсен Тесс. Бешенство</title>
</book>
<book>
	<filename>gerritsen_tess/gerritsen_tess_dvoinik.fb2.zip</filename>
	<title>Герритсен Тесс. Двойник</title>
</book>
<book>
	<filename>gerritsen_tess/gerritsen_tess_greshnica.fb2.zip</filename>
	<title>Герритсен Тесс. Грешница</title>
</book>
<book>
	<filename>gerritsen_tess/gerritsen_tess_hirurg.fb2.zip</filename>
	<title>Герритсен Тесс. Хирург</title>
</book>
<book>
	<filename>gerritsen_tess/gerritsen_tess_klub_mefisto.fb2.zip</filename>
	<title>Герритсен Тесс. Клуб Мефисто</title>
</book>
<book>
	<filename>gerritsen_tess/gerritsen_tess_lihoradka.fb2.zip</filename>
	<title>Герритсен Тесс. Лихорадка</title>
</book>
<book>
	<filename>gerritsen_tess/gerritsen_tess_smertnicy.fb2.zip</filename>
	<title>Герритсен Тесс. Смертницы</title>
</book>
<book>
	<filename>gerritsen_tess/gerritsen_tess_uchenik.fb2.zip</filename>
	<title>Герритсен Тесс. Ученик</title>
</book>
<book>
	<filename>gerr_myerilin/gerr_myerilin_sladkoe_leto.fb2.zip</filename>
	<title>Герр Мэрилин. Сладкое лето</title>
</book>
<book>
	<filename>gerrold_dyevid/gerrold_dyevid_delo_cheloveka_delo_dlya_nastoyashih_muzhchin.fb2.zip</filename>
	<title>Герролд Дэвид. Дело человека [Дело для настоящих мужчин]</title>
</book>
<book>
	<filename>gerrold_dyevid/gerrold_dyevid_den_proklyatiya.fb2.zip</filename>
	<title>Герролд Дэвид. День проклятия</title>
</book>
<book>
	<filename>gerrold_dyevid/gerrold_dyevid_sezon_boini.fb2.zip</filename>
	<title>Герролд Дэвид. Сезон бойни</title>
</book>
<book>
	<filename>gerrold_dyevid/gerrold_dyevid_yarost_msheniya.fb2.zip</filename>
	<title>Герролд Дэвид. Ярость мщения</title>
</book>
<book>
	<filename>gershenzon_mihail/gershenzon_mihail_robin_gud.fb2.zip</filename>
	<title>Гершензон Михаил Абрамович. Робин Гуд</title>
</book>
<book>
	<filename>gershenzon_mihail/gershenzon_mihail_robin_gud_s_illyustraciyami.fb2.zip</filename>
	<title>Гершензон Михаил Абрамович. Робин Гуд (с иллюстрациями)</title>
</book>
<book>
	<filename>gershtein_mihail/gershtein_mihail_tainy_nlo_i_prishelcev.fb2.zip</filename>
	<title>Герштейн Михаил. Тайны НЛО и пришельцев</title>
</book>
<book>
	<filename>ger_yergali/ger_yergali_skazki_po_telefonu_ili_dar_slova.fb2.zip</filename>
	<title>Гер Эргали Эргалиевич. Сказки по телефону, или Дар слова</title>
</book>
<book>
	<filename>gesse_german/gesse_german_demian.fb2.zip</filename>
	<title>Гессе Герман. Демиан</title>
</book>
<book>
	<filename>gesse_german/gesse_german_detstvo_volshebnika.fb2.zip</filename>
	<title>Гессе Герман. Детство волшебника</title>
</book>
<book>
	<filename>gesse_german/gesse_german_dusha_rebyonka.fb2.zip</filename>
	<title>Гессе Герман. Душа ребёнка</title>
</book>
<book>
	<filename>gesse_german/gesse_german_evropeec.fb2.zip</filename>
	<title>Гессе Герман. Европеец</title>
</book>
<book>
	<filename>gesse_german/gesse_german_gorod.fb2.zip</filename>
	<title>Гессе Герман. Город</title>
</book>
<book>
	<filename>gesse_german/gesse_german_igra_v_biser.fb2.zip</filename>
	<title>Гессе Герман. Игра в бисер</title>
</book>
<book>
	<filename>gesse_german/gesse_german_korol.fb2.zip</filename>
	<title>Гессе Герман. Король</title>
</book>
<book>
	<filename>gesse_german/gesse_german_kratkoe_zhizneopisanie.fb2.zip</filename>
	<title>Гессе Герман. Краткое жизнеописание</title>
</book>
<book>
	<filename>gesse_german/gesse_german_narciss_i_goldmund.fb2.zip</filename>
	<title>Гессе Герман. Нарцисс и Гольдмунд</title>
</book>
<book>
	<filename>gesse_german/gesse_german_o_stepnom_volke.fb2.zip</filename>
	<title>Гессе Герман. О степном волке</title>
</book>
<book>
	<filename>gesse_german/gesse_german_palomnichestvo_v_stranu_vostoka.fb2.zip</filename>
	<title>Гессе Герман. Паломничество в страну Востока</title>
</book>
<book>
	<filename>gesse_german/gesse_german_peter_kamencind.fb2.zip</filename>
	<title>Гессе Герман. Петер Каменцинд</title>
</book>
<book>
	<filename>gesse_german/gesse_german_po_sledam_sna.fb2.zip</filename>
	<title>Гессе Герман. По следам сна</title>
</book>
<book>
	<filename>gesse_german/gesse_german_roshalde.fb2.zip</filename>
	<title>Гессе Герман. Росхальде</title>
</book>
<book>
	<filename>gesse_german/gesse_german_siddhartha.fb2.zip</filename>
	<title>Гессе Герман. Сиддхартха</title>
</book>
<book>
	<filename>gesse_german/gesse_german_siddhartha_na_nemeckom_yazyke.fb2.zip</filename>
	<title>Гессе Герман. Сиддхартха (На немецком языке)</title>
</book>
<book>
	<filename>gesse_german/gesse_german_skazka_o_pletenom_stule.fb2.zip</filename>
	<title>Гессе Герман. Сказка о плетеном стуле</title>
</book>
<book>
	<filename>gesse_german/gesse_german_skazki_legendy_pritchi_11_rasskazov.fb2.zip</filename>
	<title>Гессе Герман. Сказки, легенды, притчи (11 рассказов)</title>
</book>
<book>
	<filename>gesse_german/gesse_german_stepnoi_volk.fb2.zip</filename>
	<title>Гессе Герман. Степной волк</title>
</book>
<book>
	<filename>gesse_german/gesse_german_tragichno.fb2.zip</filename>
	<title>Гессе Герман. Трагично</title>
</book>
<book>
	<filename>gesse_german/gesse_german_vnutri_i_snaruzhi.fb2.zip</filename>
	<title>Гессе Герман. Внутри и снаружи</title>
</book>
<book>
	<filename>gesse_german/gesse_german_yedmund.fb2.zip</filename>
	<title>Гессе Герман. Эдмунд</title>
</book>
<book>
	<filename>gete_iogann/gete_iogann_reinekelis.fb2.zip</filename>
	<title>Гете Иоганн Вольфганг. Рейнеке-лис</title>
</book>
<book>
	<filename>getmanskii_igor/getmanskii_igor_gologramma_sily.fb2.zip</filename>
	<title>Гетманский Игорь. Голограмма силы</title>
</book>
<book>
	<filename>getmanskii_igor/getmanskii_igor_zvyozdnyi_naslednik.fb2.zip</filename>
	<title>Гетманский Игорь. Звёздный наследник</title>
</book>
<book>
	<filename>gevara_yernesto/gevara_yernesto_partizanskaya_voina.fb2.zip</filename>
	<title>Гевара Эрнесто де ла Серна. Партизанская война</title>
</book>
<book>
	<filename>gibbins_dyevid/gibbins_dyevid_atlantida.fb2.zip</filename>
	<title>Гиббинс Дэвид. Атлантида</title>
</book>
<book>
	<filename>gibson_gyeri/gibson_gyeri_stancii_angelov.fb2.zip</filename>
	<title>Гибсон Гэри. Станции Ангелов</title>
</book>
<book>
	<filename>gibson_ryeichel/gibson_ryeichel_a_mozhet_yeto_lyubov.fb2.zip</filename>
	<title>Гибсон Рэйчел. А может, это любовь?</title>
</book>
<book>
	<filename>gibson_ryeichel/gibson_ryeichel_lozh_opasnost_i_lyubov.fb2.zip</filename>
	<title>Гибсон Рэйчел. Ложь, опасность и любовь</title>
</book>
<book>
	<filename>gibson_ryeichel/gibson_ryeichel_ot_lyubvi_ne_spryacheshsya.fb2.zip</filename>
	<title>Гибсон Рэйчел. От любви не спрячешься</title>
</book>
<book>
	<filename>gibson_ryeichel/gibson_ryeichel_prosto_neotrazim.fb2.zip</filename>
	<title>Гибсон Рэйчел. Просто неотразим</title>
</book>
<book>
	<filename>gibson_ryeichel/gibson_ryeichel_vlyublen_do_bezumiya.fb2.zip</filename>
	<title>Гибсон Рэйчел. Влюблен до безумия</title>
</book>
<book>
	<filename>gibson_uilyam/gibson_uilyam_dzhonni_mnemonik.fb2.zip</filename>
	<title>Гибсон Уильям. Джонни Мнемоник</title>
</book>
<book>
	<filename>gibson_uilyam/gibson_uilyam_dzhonnimnemonik.fb2.zip</filename>
	<title>Гибсон Уильям. Джонни-Мнемоник</title>
</book>
<book>
	<filename>gibson_uilyam/gibson_uilyam_graf_nol.fb2.zip</filename>
	<title>Гибсон Уильям. Граф ноль</title>
</book>
<book>
	<filename>gibson_uilyam/gibson_uilyam_idoru.fb2.zip</filename>
	<title>Гибсон Уильям. Идору</title>
</book>
<book>
	<filename>gibson_uilyam/gibson_uilyam_kontinuum_gernsbeka.fb2.zip</filename>
	<title>Гибсон Уильям. Континуум Гернсбека</title>
</book>
<book>
	<filename>gibson_uilyam/gibson_uilyam_mashina_razlichii.fb2.zip</filename>
	<title>Гибсон Уильям. Машина различий</title>
</book>
<book>
	<filename>gibson_uilyam/gibson_uilyam_mona_liza_overdraiv.fb2.zip</filename>
	<title>Гибсон Уильям. Мона Лиза Овердрайв</title>
</book>
<book>
	<filename>gibson_uilyam/gibson_uilyam_neiromantik.fb2.zip</filename>
	<title>Гибсон Уильям. Нейромантик</title>
</book>
<book>
	<filename>gibson_uilyam/gibson_uilyam_oskolki_golograficheskoi_rozy.fb2.zip</filename>
	<title>Гибсон Уильям. Осколки голографической розы</title>
</book>
<book>
	<filename>gibson_uilyam/gibson_uilyam_otel_novaya_roza.fb2.zip</filename>
	<title>Гибсон Уильям. Отель «Новая Роза»</title>
</book>
<book>
	<filename>gibson_uilyam/gibson_uilyam_prinadlezhnost.fb2.zip</filename>
	<title>Гибсон Уильям. Принадлежность</title>
</book>
<book>
	<filename>gibson_uilyam/gibson_uilyam_raspoznavanie_obrazov.fb2.zip</filename>
	<title>Гибсон Уильям. Распознавание образов</title>
</book>
<book>
	<filename>gibson_uilyam/gibson_uilyam_sozhzhenie_hrom.fb2.zip</filename>
	<title>Гибсон Уильям. Сожжение Хром</title>
</book>
<book>
	<filename>gibson_uilyam/gibson_uilyam_strana_prizrakov.fb2.zip</filename>
	<title>Гибсон Уильям. Страна призраков</title>
</book>
<book>
	<filename>gibson_uilyam/gibson_uilyam_virtualnyi_svet.fb2.zip</filename>
	<title>Гибсон Уильям. Виртуальный свет</title>
</book>
<book>
	<filename>gibson_uilyam/gibson_uilyam_vse_vecherinki_zavtrashnego_dnya.fb2.zip</filename>
	<title>Гибсон Уильям. Все вечеринки завтрашнего дня</title>
</book>
<book>
	<filename>gibson_uilyam/gibson_uilyam_zaholuste.fb2.zip</filename>
	<title>Гибсон Уильям. Захолустье</title>
</book>
<book>
	<filename>gibson_uilyam/gibson_uilyam_zimnii_rynok.fb2.zip</filename>
	<title>Гибсон Уильям. Зимний рынок</title>
</book>
<book>
	<filename>gibson_william/gibson_william_neuromancer.fb2.zip</filename>
	<title>Gibson William. Neuromancer</title>
</book>
<book>
	<filename>gibson_william/gibson_william_new_rose_hotel.fb2.zip</filename>
	<title>Gibson William. New Rose hotel</title>
</book>
<book>
	<filename>gibson_william/gibson_william_virtual_light.fb2.zip</filename>
	<title>Gibson William. Virtual light</title>
</book>
<book>
	<filename>gidel_anri/gidel_anri_koko_shanel.fb2.zip</filename>
	<title>Гидель Анри. Коко Шанель</title>
</book>
<book>
	<filename>gifford_tomas/gifford_tomas_assasiny.fb2.zip</filename>
	<title>Гиффорд Томас. Ассасины</title>
</book>
<book>
	<filename>giio_dzhimmi/giio_dzhimmi_sfery_rapanui.fb2.zip</filename>
	<title>Гийо Джимми. Сферы Рапа-Нуи</title>
</book>
<book>
	<filename>giiu_yan/giiu_yan_krasnyi_petuh.fb2.zip</filename>
	<title>Гийу Ян. Красный Петух</title>
</book>
<book>
	<filename>giiu_yan/giiu_yan_terroristdemokrat.fb2.zip</filename>
	<title>Гийу Ян. Террорист-демократ</title>
</book>
<book>
	<filename>gilbert_harriet/gilbert_harriet_brak_ne_po_raschetu.fb2.zip</filename>
	<title>Гилберт Харриет. Брак не по расчету</title>
</book>
<book>
	<filename>gilbert_harriet/gilbert_harriet_vot_takaya_lyubov.fb2.zip</filename>
	<title>Гилберт Харриет. Вот такая любовь</title>
</book>
<book>
	<filename>gilbert_maikl/gilbert_maikl_bednyaga_smollbon.fb2.zip</filename>
	<title>Гилберт Майкл. Бедняга Смоллбон</title>
</book>
<book>
	<filename>gilbert_maikl/gilbert_maikl_yetrusskaya_set.fb2.zip</filename>
	<title>Гилберт Майкл. Этрусская сеть</title>
</book>
<book>
	<filename>gilbi_dzhon/gilbi_dzhon_sekretnye_boevye_iskusstva_mira.fb2.zip</filename>
	<title>Гилби Джон Ф. Секретные боевые искусства мира</title>
</book>
<book>
	<filename>gilde_verner/gilde_verner_nepotoplyaemyi_tilikum.fb2.zip</filename>
	<title>Гильде Вернер. Непотопляемый «Тиликум»</title>
</book>
<book>
	<filename>gilford_k/gilford_k_pyat_tysyach_dollarov.fb2.zip</filename>
	<title>Гилфорд К. Б. Пять тысяч долларов</title>
</book>
<book>
	<filename>gilford_k/gilford_k_v_smerti_blizhnego_spasene_obretesh.fb2.zip</filename>
	<title>Гилфорд К. Б. В смерти ближнего спасенье обретешь…</title>
</book>
<book>
	<filename>gilgannon_myeri/gilgannon_myeri_lyubov_drakona.fb2.zip</filename>
	<title>Гилганнон Мэри. Любовь дракона</title>
</book>
<book>
	<filename>gilgannon_myeri/gilgannon_myeri_mechta_drakona.fb2.zip</filename>
	<title>Гилганнон Мэри. Мечта Дракона</title>
</book>
<book>
	<filename>gilgannon_myeri/gilgannon_myeri_povelitelnica_bur.fb2.zip</filename>
	<title>Гилганнон Мэри. Повелительница бурь</title>
</book>
<book>
	<filename>gilgannon_myeri/gilgannon_myeri_vozlyublennaya_leoparda.fb2.zip</filename>
	<title>Гилганнон Мэри. Возлюбленная леопарда</title>
</book>
<book>
	<filename>gill_uilyam/gill_uilyam_nefritovye_glaza.fb2.zip</filename>
	<title>Гилл Уильям. Нефритовые глаза</title>
</book>
<book>
	<filename>gill_uilyam/gill_uilyam_vkus_greha.fb2.zip</filename>
	<title>Гилл Уильям. Вкус греха</title>
</book>
<book>
	<filename>gilman_dzhordzh/gilman_dzhordzh_desyat_tysyach_krovavyh_dollarov.fb2.zip</filename>
	<title>Гилман Джордж. Десять тысяч кровавых долларов</title>
</book>
<book>
	<filename>gilmor_dyevid/gilmor_dyevid_luchshaya_noch_dlya_poezdki_v_kitai.fb2.zip</filename>
	<title>Гилмор Дэвид. Лучшая ночь для поездки в Китай</title>
</book>
<book>
	<filename>gilmor_kristofer/gilmor_kristofer_kapitan_french_ili_poiski_raya.fb2.zip</filename>
	<title>Гилмор Кристофер. Капитан Френч, или Поиски рая</title>
</book>
<book>
	<filename>gilstrap_dzhon/gilstrap_dzhon_begi_natan.fb2.zip</filename>
	<title>Гилстрап Джон. Беги, Натан!</title>
</book>
<book>
	<filename>gilyarovskii_vladimir/gilyarovskii_vladimir_moi_skitaniya.fb2.zip</filename>
	<title>Гиляровский Владимир. Мои скитания</title>
</book>
<book>
	<filename>gilyarovskii_vladimir/gilyarovskii_vladimir_moskva_i_moskvichi.fb2.zip</filename>
	<title>Гиляровский Владимир. Москва и москвичи</title>
</book>
<book>
	<filename>gilyarovskii_vladimir/gilyarovskii_vladimir_trushobnye_lyudi.fb2.zip</filename>
	<title>Гиляровский Владимир Алексеевич. Трущобные люди</title>
</book>
<book>
	<filename>gimadeev_stanislav/gimadeev_stanislav_chuvstvo_bezdny.fb2.zip</filename>
	<title>Гимадеев Станислав. Чувство бездны</title>
</book>
<book>
	<filename>gimadeev_stanislav/gimadeev_stanislav_komar_na_pleche.fb2.zip</filename>
	<title>Гимадеев Станислав. Комар на плече</title>
</book>
<book>
	<filename>gimadeev_stanislav/gimadeev_stanislav_poslednyaya_ohota_na_stuffi.fb2.zip</filename>
	<title>Гимадеев Станислав. Последняя охота на стуффи</title>
</book>
<book>
	<filename>ginzburg_evgeniya/ginzburg_evgeniya_krutoi_marshrut.fb2.zip</filename>
	<title>Гинзбург Евгения. Крутой маршрут</title>
</book>
<book>
	<filename>ginzburg_mariya/ginzburg_mariya_hozyaika_chetyreh_stihii.fb2.zip</filename>
	<title>Гинзбург Мария. Хозяйка Четырех Стихий</title>
</book>
<book>
	<filename>ginzburg_nataliya/ginzburg_nataliya_semeinye_besedy_romany_povesti_rasskazy.fb2.zip</filename>
	<title>Гинзбург Наталия. Семейные беседы: романы, повести, рассказы</title>
</book>
<book>
	<filename>gippenreiter_yuliya/gippenreiter_yuliya_obshatsya_s_rebenkom_kak.fb2.zip</filename>
	<title>Гиппенрейтер Юлия Борисовна. Общаться с ребенком. Как?</title>
</book>
<book>
	<filename>girchenko_yurii/girchenko_yurii_armiya_gosudarstva_kotorogo_net.fb2.zip</filename>
	<title>Гирченко Юрий Викторович. Армия Государства, которого нет</title>
</book>
<book>
	<filename>girchenko_yurii/girchenko_yurii_v_soyuze_vse_spokoino.fb2.zip</filename>
	<title>Гирченко Юрий Викторович. В Союзе все спокойно...</title>
</book>
<book>
	<filename>gir_kerstin/gir_kerstin_nepristoinoe_predlozhenie.fb2.zip</filename>
	<title>Гир Керстин. Непристойное предложение</title>
</book>
<book>
	<filename>gir_maikl/gir_maikl_artefakt.fb2.zip</filename>
	<title>Гир Майкл. Артефакт</title>
</book>
<book>
	<filename>gir_maikl/gir_maikl_lyudi_ognya.fb2.zip</filename>
	<title>Гир Майкл. Люди огня</title>
</book>
<book>
	<filename>gir_maikl/gir_maikl_lyudi_volka.fb2.zip</filename>
	<title>Гир Майкл. Люди Волка</title>
</book>
<book>
	<filename>gir_maikl/gir_maikl_oskolok_imperii.fb2.zip</filename>
	<title>Гир Майкл. Осколок империи</title>
</book>
<book>
	<filename>gir_maikl/gir_maikl_otvetnyi_udar.fb2.zip</filename>
	<title>Гир Майкл. Ответный удар</title>
</book>
<book>
	<filename>gir_maikl/gir_maikl_put_voinov.fb2.zip</filename>
	<title>Гир Майкл. Путь воинов</title>
</book>
<book>
	<filename>gir_maikl/gir_maikl_rekviem_po_zavoevatelyu.fb2.zip</filename>
	<title>Гир Майкл. Реквием по завоевателю</title>
</book>
<book>
	<filename>gir_maikl/gir_maikl_voiny_boga_pauka.fb2.zip</filename>
	<title>Гир Майкл. Воины бога Паука</title>
</book>
<book>
	<filename>gir_maikl/gir_maikl_zvezdnyi_udar.fb2.zip</filename>
	<title>Гир Майкл. Звездный удар</title>
</book>
<book>
	<filename>girshgorn_veniamin/girshgorn_veniamin_besceremonnyij_roman.fb2.zip</filename>
	<title>Гиршгорн Вениамин. БЕСЦЕРЕМОННЫЙ РОМАН</title>
</book>
<book>
	<filename>gir_tilda/gir_tilda_dalnie_kontinenty.fb2.zip</filename>
	<title>Гир Тильда. Дальние континенты</title>
</book>
<book>
	<filename>gir_tilda/gir_tilda_lise_korolevstvo.fb2.zip</filename>
	<title>Гир Тильда. Лисье королевство</title>
</book>
<book>
	<filename>gir_tilda/gir_tilda_taina_holmistogo_plato.fb2.zip</filename>
	<title>Гир Тильда. Тайна Холмистого плато</title>
</book>
<book>
	<filename>gir_tilda/gir_tilda_zov_pustyni.fb2.zip</filename>
	<title>Гир Тильда. Зов пустыни</title>
</book>
<book>
	<filename>gitin_valerii/gitin_valerii_vsemirnaya_istoriya_bez_kompleksov_i_stereotipov_tom_1.fb2.zip</filename>
	<title>Гитин Валерий Григорьевич. Всемирная история без комплексов и стереотипов. Том 1</title>
</book>
<book>
	<filename>gitin_valerii/gitin_valerii_vsemirnaya_istoriya_bez_kompleksov_i_stereotipov_tom_2.fb2.zip</filename>
	<title>Гитин Валерий Григорьевич. Всемирная история без комплексов и стереотипов. Том 2</title>
</book>
<book>
	<filename>gitler_adolf/gitler_adolf_moya_borba.fb2.zip</filename>
	<title>Гитлер Адольф. Моя Борьба</title>
</book>
<book>
	<filename>givens_kyetlin/givens_kyetlin_kaprizy_sudby.fb2.zip</filename>
	<title>Гивенс Кэтлин. Капризы судьбы</title>
</book>
<book>
	<filename>givens_kyetlin/givens_kyetlin_legenda.fb2.zip</filename>
	<title>Гивенс Кэтлин. Легенда</title>
</book>
<book>
	<filename>gladkii_vitalii/gladkii_vitalii_legioner.fb2.zip</filename>
	<title>Гладкий Виталий Дмитриевич. Легионер</title>
</book>
<book>
	<filename>gladkii_vitalii/gladkii_vitalii_nevesta_iz_usa.fb2.zip</filename>
	<title>Гладкий Виталий Дмитриевич. Невеста из USA</title>
</book>
<book>
	<filename>gladkii_vitalii/gladkii_vitalii_okayannyi_talant.fb2.zip</filename>
	<title>Гладкий Виталий Дмитриевич. Окаянный талант</title>
</book>
<book>
	<filename>gladkii_vitalii/gladkii_vitalii_poslednii_geroi.fb2.zip</filename>
	<title>Гладкий Виталий Дмитриевич. Последний герой</title>
</book>
<book>
	<filename>gladkii_vitalii/gladkii_vitalii_taler_chernoknizhnika.fb2.zip</filename>
	<title>Гладкий Виталий Дмитриевич. Талер чернокнижника</title>
</book>
<book>
	<filename>gladkii_vitalii/gladkii_vitalii_vedmak.fb2.zip</filename>
	<title>Гладкий Виталий Дмитриевич. Ведьмак</title>
</book>
<book>
	<filename>gladkii_vitalii/gladkii_vitalii_zloveshee_proklyatie.fb2.zip</filename>
	<title>Гладкий Виталий Дмитриевич. Зловещее проклятие</title>
</book>
<book>
	<filename>gladkov_teodor/gladkov_teodor_nikolai_kuznecov.fb2.zip</filename>
	<title>Гладков Теодор Кириллович. Николай Кузнецов</title>
</book>
<book>
	<filename>glazev_sergei/glazev_sergei_genocid.fb2.zip</filename>
	<title>Глазьев Сергей. Геноцид</title>
</book>
<book>
	<filename>glazev_sergei/glazev_sergei_kto_v_strane_hozyain.fb2.zip</filename>
	<title>Глазьев Сергей. Кто в стране хозяин?</title>
</book>
<book>
	<filename>glazev_sergei/glazev_sergei_yekonomicheskii_smysl_amerikanskoi_agressii.fb2.zip</filename>
	<title>Глазьев Сергей. Экономический смысл американской агрессии</title>
</book>
<book>
	<filename>glazunov_ilya/glazunov_ilya_rossiya_raspyataya.fb2.zip</filename>
	<title>Глазунов Илья. Россия распятая</title>
</book>
<book>
	<filename>glenvill_ye/glenvill_ye_zulusy_nastupayut.fb2.zip</filename>
	<title>Гленвилль Э. Зулусы наступают</title>
</book>
<book>
	<filename>glinka_vladislav/glinka_vladislav_cydba_dvorcovogo_grenadera.fb2.zip</filename>
	<title>Глинка Владислав. Cyдьба дворцового гренадера</title>
</book>
<book>
	<filename>glinka_vladislav/glinka_vladislav_pushkin_i_voennaya_galereya_zimnego_dvorca.fb2.zip</filename>
	<title>Глинка Владислав. Пушкин и Военная галерея Зимнего дворца</title>
</book>
<book>
	<filename>glinka_vladislav/glinka_vladislav_sydba_dvorcovogo_grenadera.fb2.zip</filename>
	<title>Глинка Владислав. Сyдьба дворцового гренадера</title>
</book>
<book>
	<filename>gluhovcev_vsevolod/gluhovcev_vsevolod_bog_sumerek.fb2.zip</filename>
	<title>Глуховцев Всеволод. Бог сумерек</title>
</book>
<book>
	<filename>gluhovcev_vsevolod/gluhovcev_vsevolod_smerti_net.fb2.zip</filename>
	<title>Глуховцев Всеволод. Смерти нет</title>
</book>
<book>
	<filename>gluhovskii_dmitrii/gluhovskii_dmitrii_infinita_tristessa.fb2.zip</filename>
	<title>Глуховский Дмитрий. Infinita Tristessa</title>
</book>
<book>
	<filename>gluhovskii_dmitrii/gluhovskii_dmitrii_konec_dorogi.fb2.zip</filename>
	<title>Глуховский Дмитрий. Конец Дороги</title>
</book>
<book>
	<filename>gluhovskii_dmitrii/gluhovskii_dmitrii_metro_2033.fb2.zip</filename>
	<title>Глуховский Дмитрий. Метро 2033</title>
</book>
<book>
	<filename>gluhovskii_dmitrii/gluhovskii_dmitrii_rasskazy.fb2.zip</filename>
	<title>Глуховский Дмитрий. Рассказы</title>
</book>
<book>
	<filename>glushanovskii_aleksei/glushanovskii_aleksei_doroga_v_magi.fb2.zip</filename>
	<title>Глушановский Алексей. Дорога в маги</title>
</book>
<book>
	<filename>glushanovskii_aleksei/glushanovskii_aleksei_tropa_volshebnika_temnyi_fakultet.fb2.zip</filename>
	<title>Глушановский Алексей. Тропа волшебника. Темный факультет</title>
</book>
<book>
	<filename>glushkov_roman/glushkov_roman_demon_vetra.fb2.zip</filename>
	<title>Глушков Роман. Демон ветра</title>
</book>
<book>
	<filename>glushkov_roman/glushkov_roman_kletka_bez_vyhoda.fb2.zip</filename>
	<title>Глушков Роман. Клетка без выхода</title>
</book>
<book>
	<filename>glushkov_roman/glushkov_roman_mech_v_rukave.fb2.zip</filename>
	<title>Глушков Роман. Меч в рукаве</title>
</book>
<book>
	<filename>glushkov_roman/glushkov_roman_povod_dlya_paniki.fb2.zip</filename>
	<title>Глушков Роман. Повод для паники</title>
</book>
<book>
	<filename>glushkov_roman/glushkov_roman_yekspert_po_unichtozheniyu.fb2.zip</filename>
	<title>Глушков Роман. Эксперт по уничтожению</title>
</book>
<book>
	<filename>glushkov_roman/glushkov_roman_yepoha_stalnogo_kresta.fb2.zip</filename>
	<title>Глушков Роман. Эпоха стального креста</title>
</book>
<book>
	<filename>glut_donald/glut_donald_yepizod_v_imperiya_nanosit_otvetnyi_udar.fb2.zip</filename>
	<title>Глут Дональд. Эпизод V: Империя наносит ответный удар</title>
</book>
<book>
	<filename>glybin_leonid/glybin_leonid_dangu.fb2.zip</filename>
	<title>Глыбин Леонид. Дангу</title>
</book>
<book>
	<filename>glyemzer_bernard/glyemzer_bernard_nebesnye_devushki.fb2.zip</filename>
	<title>Глэмзер Бернард. Небесные девушки</title>
</book>
<book>
	<filename>gnedina_tatyana/gnedina_tatyana_poslednii_den_tugotronov.fb2.zip</filename>
	<title>Гнедина Татьяна. Последний день туготронов</title>
</book>
<book>
	<filename>gneushev_vladimir/gneushev_vladimir_taina_maruhskogo_lednika.fb2.zip</filename>
	<title>Гнеушев Владимир Григорьевич. Тайна Марухского ледника</title>
</book>
<book>
	<filename>gobbs_tomas/gobbs_tomas_leviafan_ili_materiya_forma_i_vlast_gosudarstva_cerkovnogo_i_grazhdanskogo.fb2.zip</filename>
	<title>Гоббс Томас. Левиафан, или Материя, форма и власть государства церковного и гражданского</title>
</book>
<book>
	<filename>godes_yakov/godes_yakov_yetot_novyi_staryi_tramvai.fb2.zip</filename>
	<title>Годес Яков. Этот новый старый трамвай</title>
</book>
<book>
	<filename>godfri_rebekka/godfri_rebekka_dranaya_yubka.fb2.zip</filename>
	<title>Годфри Ребекка. Драная юбка</title>
</book>
<book>
	<filename>godvin_uilyam/godvin_uilyam_kaleb_uilyams.fb2.zip</filename>
	<title>Годвин Уильям. Калеб Уильямс</title>
</book>
<book>
	<filename>gof_lorens/gof_lorens_syendstorm.fb2.zip</filename>
	<title>Гоф Лоренс. Сэндсторм</title>
</book>
<book>
	<filename>gofman_otto/gofman_otto_lazutchik.fb2.zip</filename>
	<title>Гофман Отто. Лазутчик</title>
</book>
<book>
	<filename>gofman_otto/gofman_otto_na_dalnem_zapade.fb2.zip</filename>
	<title>Гофман Отто. На Дальнем Западе</title>
</book>
<book>
	<filename>gofman_yernst/gofman_yernst_korolevskaya_nevesta_skazka_osnovannaya_na_deistvitelnom_sobytii.fb2.zip</filename>
	<title>Гофман Эрнст Теодор Амадей. Королевская невеста. Сказка, основанная на действительном событии</title>
</book>
<book>
	<filename>gofman_yernst/gofman_yernst_kroshka_cahes_po_prozvaniyu_cinnober.fb2.zip</filename>
	<title>Гофман Эрнст Теодор Амадей. Крошка Цахес, по прозванию Циннобер</title>
</book>
<book>
	<filename>gofman_yernst/gofman_yernst_mademuazel_de_skyuderi.fb2.zip</filename>
	<title>Гофман Эрнст Теодор Амадей. Мадемуазель де Скюдери</title>
</book>
<book>
	<filename>gofman_yernst/gofman_yernst_pesochnyi_chelovek.fb2.zip</filename>
	<title>Гофман Эрнст Теодор Амадей. Песочный человек</title>
</book>
<book>
	<filename>gofman_yernst/gofman_yernst_shchelkunchik_i_myshinyi_korol.fb2.zip</filename>
	<title>Гофман Эрнст Теодор Амадей. Щелкунчик и мышиный король</title>
</book>
<book>
	<filename>gofman_yernst/gofman_yernst_shelkunchik_i_myshinyi_korol.fb2.zip</filename>
	<title>Гофман Эрнст Теодор Амадей. Щелкунчик и мышиный король</title>
</book>
<book>
	<filename>gofman_yernst/gofman_yernst_zolotoi_gorshok_skazka_iz_novyh_vremen.fb2.zip</filename>
	<title>Гофман Эрнст Теодор Амадей. Золотой горшок: сказка из новых времен</title>
</book>

</books>

