﻿<?xml version="1.0" encoding="UTF-8" ?>
<books>

<book>
	<filename>kristiana_ijyenna/kristiana_ijyenna_dorogi_chast_pervaya.fb2.zip</filename>
	<title>Кристиана Йэнна. Дороги. Часть первая.</title>
</book>
<book>
	<filename>kristiana_ijyenna/kristiana_ijyenna_dorogi_chast_vtoraya.fb2.zip</filename>
	<title>Кристиана Йэнна. Дороги. Часть вторая.</title>
</book>
<book>
	<filename>kristiana_ijyenna/kristiana_ijyenna_yemigrant_s_anzory.fb2.zip</filename>
	<title>Кристиана Йэнна. Эмигрант с Анзоры</title>
</book>
<book>
	<filename>kristiana_iyenna/kristiana_iyenna_dorogi_chast_pervaya.fb2.zip</filename>
	<title>Кристиана Йэнна. Дороги. Часть первая.</title>
</book>
<book>
	<filename>kristiana_iyenna/kristiana_iyenna_dorogi_chast_vtoraya.fb2.zip</filename>
	<title>Кристиана Йэнна. Дороги. Часть вторая.</title>
</book>
<book>
	<filename>kristiana_iyenna/kristiana_iyenna_yemigrant_s_anzory.fb2.zip</filename>
	<title>Кристиана Йэнна. Эмигрант с Анзоры</title>
</book>
<book>
	<filename>kristian_zita/kristian_zita_zolotye_uzy.fb2.zip</filename>
	<title>Кристиан Зита. Золотые узы</title>
</book>
<book>
	<filename>kristof_agota/kristof_agota_tolstaya_tetrad.fb2.zip</filename>
	<title>Кристоф Агота. Толстая тетрадь</title>
</book>
<book>
	<filename>kristof_agota/kristof_agota_tolstaya_tetrad_zhurnalnyi_variant.fb2.zip</filename>
	<title>Кристоф Агота. Толстая тетрадь (журнальный вариант)</title>
</book>
<book>
	<filename>kristof_agota/kristof_agota_vchera.fb2.zip</filename>
	<title>Кристоф Агота. Вчера</title>
</book>
<book>
	<filename>kristofer_dzhon/kristofer_dzhon_belye_gory.fb2.zip</filename>
	<title>Кристофер Джон. Белые горы</title>
</book>
<book>
	<filename>kristofer_dzhon/kristofer_dzhon_dolgaya_zima.fb2.zip</filename>
	<title>Кристофер Джон. Долгая зима</title>
</book>
<book>
	<filename>kristofer_dzhon/kristofer_dzhon_gorod_zolota_i_svinca.fb2.zip</filename>
	<title>Кристофер Джон. Город золота и свинца</title>
</book>
<book>
	<filename>kristofer_dzhon/kristofer_dzhon_kogda_prishli_tripody.fb2.zip</filename>
	<title>Кристофер Джон. Когда пришли триподы</title>
</book>
<book>
	<filename>kristofer_dzhon/kristofer_dzhon_ognennyi_bassein.fb2.zip</filename>
	<title>Кристофер Джон. Огненный бассейн</title>
</book>
<book>
	<filename>kristofer_dzhon/kristofer_dzhon_randevu.fb2.zip</filename>
	<title>Кристофер Джон. Рандеву</title>
</book>
<book>
	<filename>kristofer_dzhon/kristofer_dzhon_rvanyi_krai.fb2.zip</filename>
	<title>Кристофер Джон. Рваный край</title>
</book>
<book>
	<filename>kristofer_dzhon/kristofer_dzhon_smert_travy.fb2.zip</filename>
	<title>Кристофер Джон. Смерть травы</title>
</book>
<book>
	<filename>kristofer_pol/kristofer_pol_prizrak_rembrandta.fb2.zip</filename>
	<title>Кристофер Пол. Призрак Рембрандта</title>
</book>
<book>
	<filename>kristofer_pol/kristofer_pol_ten_mikelandzhelo.fb2.zip</filename>
	<title>Кристофер Пол. Тень Микеланджело</title>
</book>
<book>
	<filename>krisuyell_milli/krisuyell_milli_beda_s_yetoi_myeri.fb2.zip</filename>
	<title>Крисуэлл Милли. Беда с этой Мэри</title>
</book>
<book>
	<filename>krisuyell_milli/krisuyell_milli_muzhchina_na_zakaz.fb2.zip</filename>
	<title>Крисуэлл Милли. Мужчина на заказ</title>
</book>
<book>
	<filename>krisuyell_milli/krisuyell_milli_neogranennyi_almaz.fb2.zip</filename>
	<title>Крисуэлл Милли. Неограненный алмаз</title>
</book>
<book>
	<filename>krivenko_vitalii/krivenko_vitalii_kak_pozhivaesh_shuravi.fb2.zip</filename>
	<title>Кривенко Виталий Яковлевич. Как поживаешь, шурави?</title>
</book>
<book>
	<filename>krivenko_vitalii/krivenko_vitalii_yekipazh_mashiny_boevoi.fb2.zip</filename>
	<title>Кривенко Виталий Яковлевич. Экипаж машины боевой</title>
</book>
<book>
	<filename>krivin_feliks/krivin_feliks_aleksei_i_antonina.fb2.zip</filename>
	<title>Кривин Феликс Давидович. Алексей и Антонина</title>
</book>
<book>
	<filename>krivin_feliks/krivin_feliks_artamonov.fb2.zip</filename>
	<title>Кривин Феликс Давидович. Артамонов</title>
</book>
<book>
	<filename>krivin_feliks/krivin_feliks_draka.fb2.zip</filename>
	<title>Кривин Феликс Давидович. Драка</title>
</book>
<book>
	<filename>krivin_feliks/krivin_feliks_duh_napoleona.fb2.zip</filename>
	<title>Кривин Феликс Давидович. Дух Наполеона</title>
</book>
<book>
	<filename>krivin_feliks/krivin_feliks_fantastikabuff.fb2.zip</filename>
	<title>Кривин Феликс Давидович. Фантастика-буфф</title>
</book>
<book>
	<filename>krivin_feliks/krivin_feliks_god_veselogo_solnca.fb2.zip</filename>
	<title>Кривин Феликс Давидович. Год веселого солнца</title>
</book>
<book>
	<filename>krivin_feliks/krivin_feliks_hleb_lyubov_i_fantaziya.fb2.zip</filename>
	<title>Кривин Феликс Давидович. Хлеб, любовь и фантазия</title>
</book>
<book>
	<filename>krivin_feliks/krivin_feliks_hodit_hodba_sudit_sudba.fb2.zip</filename>
	<title>Кривин Феликс Давидович. Ходить – ходьба, судить – судьба</title>
</book>
<book>
	<filename>krivin_feliks/krivin_feliks_izobretatel_vechnosti.fb2.zip</filename>
	<title>Кривин Феликс Давидович. Изобретатель вечности</title>
</book>
<book>
	<filename>krivin_feliks/krivin_feliks_kinymkino.fb2.zip</filename>
	<title>Кривин Феликс Давидович. Киным-кино</title>
</book>
<book>
	<filename>krivin_feliks/krivin_feliks_konec_zhanra.fb2.zip</filename>
	<title>Кривин Феликс Давидович. Конец жанра</title>
</book>
<book>
	<filename>krivin_feliks/krivin_feliks_lozhka.fb2.zip</filename>
	<title>Кривин Феликс Давидович. Ложка</title>
</book>
<book>
	<filename>krivin_feliks/krivin_feliks_million_let_do_lyubvi.fb2.zip</filename>
	<title>Кривин Феликс Давидович. Миллион лет до любви</title>
</book>
<book>
	<filename>krivin_feliks/krivin_feliks_na_nizhnei_stupeni_civilizacii.fb2.zip</filename>
	<title>Кривин Феликс Давидович. На нижней ступени цивилизации</title>
</book>
<book>
	<filename>krivin_feliks/krivin_feliks_peredacha_myslei_na_rasstoyanie_i_obratno.fb2.zip</filename>
	<title>Кривин Феликс Давидович. Передача мыслей на расстояние и обратно</title>
</book>
<book>
	<filename>krivin_feliks/krivin_feliks_pisma.fb2.zip</filename>
	<title>Кривин Феликс Давидович. Письма</title>
</book>
<book>
	<filename>krivin_feliks/krivin_feliks_pismo_v_proshloe.fb2.zip</filename>
	<title>Кривин Феликс Давидович. Письмо в прошлое</title>
</book>
<book>
	<filename>krivin_feliks/krivin_feliks_poluskazki.fb2.zip</filename>
	<title>Кривин Феликс Давидович. Полусказки</title>
</book>
<book>
	<filename>krivin_feliks/krivin_feliks_povod_dlya_molchaniya.fb2.zip</filename>
	<title>Кривин Феликс Давидович. Повод для молчания</title>
</book>
<book>
	<filename>krivin_feliks/krivin_feliks_prishelcy.fb2.zip</filename>
	<title>Кривин Феликс Давидович. Пришельцы</title>
</book>
<book>
	<filename>krivin_feliks/krivin_feliks_prityazhenie_prostranstva.fb2.zip</filename>
	<title>Кривин Феликс Давидович. Притяжение пространства</title>
</book>
<book>
	<filename>krivin_feliks/krivin_feliks_prostoe_kak_mychanie.fb2.zip</filename>
	<title>Кривин Феликс Давидович. Простое, как мычание</title>
</book>
<book>
	<filename>krivin_feliks/krivin_feliks_rabota_vremeni.fb2.zip</filename>
	<title>Кривин Феликс Давидович. Работа времени</title>
</book>
<book>
	<filename>krivin_feliks/krivin_feliks_raion_derevni_starokopytovki.fb2.zip</filename>
	<title>Кривин Феликс Давидович. Район деревни Старокопытовки</title>
</book>
<book>
	<filename>krivin_feliks/krivin_feliks_razgovory_pro_lyubov.fb2.zip</filename>
	<title>Кривин Феликс Давидович. Разговоры про любовь</title>
</book>
<book>
	<filename>krivin_feliks/krivin_feliks_ryzhenbah_iz_mozzhechka.fb2.zip</filename>
	<title>Кривин Феликс Давидович. Рыженбах из Мозжечка</title>
</book>
<book>
	<filename>krivin_feliks/krivin_feliks_segodnyashnie_skazki_stroitelstvo_zemli_obetovannoi.fb2.zip</filename>
	<title>Кривин Феликс Давидович. Сегодняшние сказки (Строительство земли обетованной)</title>
</book>
<book>
	<filename>krivin_feliks/krivin_feliks_segodnyashnie_skazki_zemlya_obetovannaya_vokrug_nas.fb2.zip</filename>
	<title>Кривин Феликс Давидович. Сегодняшние сказки (Земля обетованная вокруг нас)</title>
</book>
<book>
	<filename>krivin_feliks/krivin_feliks_snovidec.fb2.zip</filename>
	<title>Кривин Феликс Давидович. Сновидец</title>
</book>
<book>
	<filename>krivin_feliks/krivin_feliks_sorok_dva_banana.fb2.zip</filename>
	<title>Кривин Феликс Давидович. Сорок два банана</title>
</book>
<book>
	<filename>krivin_feliks/krivin_feliks_stena.fb2.zip</filename>
	<title>Кривин Феликс Давидович. Стена</title>
</book>
<book>
	<filename>krivin_feliks/krivin_feliks_upragor_ili_skazanie_o_kalashnikove.fb2.zip</filename>
	<title>Кривин Феликс Давидович. Упрагор, или Сказание о Калашникове</title>
</book>
<book>
	<filename>krivin_feliks/krivin_feliks_ushelcy.fb2.zip</filename>
	<title>Кривин Феликс Давидович. Ушельцы</title>
</book>
<book>
	<filename>krivin_feliks/krivin_feliks_usilitel_intellekta.fb2.zip</filename>
	<title>Кривин Феликс Давидович. Усилитель интеллекта</title>
</book>
<book>
	<filename>krivin_feliks/krivin_feliks_vcherashnie_skazki.fb2.zip</filename>
	<title>Кривин Феликс Давидович. Вчерашние сказки</title>
</book>
<book>
	<filename>krivin_feliks/krivin_feliks_ya_ugnal_mashinu_vremeni.fb2.zip</filename>
	<title>Кривин Феликс Давидович. Я угнал Машину Времени</title>
</book>
<book>
	<filename>krivin_feliks/krivin_feliks_yeksponat_212.fb2.zip</filename>
	<title>Кривин Феликс Давидович. Экспонат 212</title>
</book>
<book>
	<filename>krivin_feliks/krivin_feliks_zavtrak_obed_uzhin.fb2.zip</filename>
	<title>Кривин Феликс Давидович. Завтрак. Обед. Ужин</title>
</book>
<book>
	<filename>krivin_feliks/krivin_feliks_zavtrashnie_skazki.fb2.zip</filename>
	<title>Кривин Феликс Давидович. Завтрашние сказки</title>
</book>
<book>
	<filename>krivoshein_aleksei/krivoshein_aleksei_samouchitel_dlya_boga.fb2.zip</filename>
	<title>Кривошеин Алексей. Самоучитель для бога</title>
</book>
<book>
	<filename>krivoshein_aleksei/krivoshein_aleksei_sekta_dlya_boga.fb2.zip</filename>
	<title>Кривошеин Алексей. Секта для бога</title>
</book>
<book>
	<filename>kri_yenn/kri_yenn_sdelka_s_sudboi.fb2.zip</filename>
	<title>Кри Энн Элизабет. Сделка с судьбой</title>
</book>
<book>
	<filename>krizhanovskii_artur/krizhanovskii_artur_novyi_poryadok.fb2.zip</filename>
	<title>Крижановский Артур. Новый порядок</title>
</book>
<book>
	<filename>krizhevich_valentin/krizhevich_valentin_ostrov_na_dne_okeana.fb2.zip</filename>
	<title>Крижевич Валентин Иванович. Остров на дне океана</title>
</book>
<book>
	<filename>krizi_dzhon/krizi_dzhon_baron_i_zvezdy.fb2.zip</filename>
	<title>Кризи Джон. Барон и Звезды</title>
</book>
<book>
	<filename>krizi_dzhon/krizi_dzhon_i_skrylsya_s_mesta_prestupleniya.fb2.zip</filename>
	<title>Кризи Джон. ...И скрылся с места преступления...</title>
</book>
<book>
	<filename>krizi_dzhon/krizi_dzhon_lovushka_dlya_barona.fb2.zip</filename>
	<title>Кризи Джон. Ловушка для Барона</title>
</book>
<book>
	<filename>krizi_dzhon/krizi_dzhon_napadenie_na_barona.fb2.zip</filename>
	<title>Кризи Джон. Нападение на Барона</title>
</book>
<book>
	<filename>krizi_dzhon/krizi_dzhon_rodzher_uyest_na_kinostudii.fb2.zip</filename>
	<title>Кризи Джон. Роджер Уэст на киностудии</title>
</book>
<book>
	<filename>krizi_dzhon/krizi_dzhon_strannyi_uikyend_inspektora_rodzhera_uyesta.fb2.zip</filename>
	<title>Кризи Джон. Странный уик-энд инспектора Роджера Уэста</title>
</book>
<book>
	<filename>krizi_dzhon/krizi_dzhon_ubiistvo_s_garantiei.fb2.zip</filename>
	<title>Кризи Джон. Убийство с гарантией</title>
</book>
<book>
	<filename>krizi_dzhon/krizi_dzhon_uchast_policeiskogo.fb2.zip</filename>
	<title>Кризи Джон. Участь полицейского</title>
</book>
<book>
	<filename>krizi_dzhon/krizi_dzhon_za_vse_otvetit_baron.fb2.zip</filename>
	<title>Кризи Джон. За все ответит Барон</title>
</book>
<book>
	<filename>krofts_friman/krofts_friman_neulovimyi_ubiica.fb2.zip</filename>
	<title>Крофтс Фриман Виллс. Неуловимый убийца</title>
</book>
<book>
	<filename>krofts_friman/krofts_friman_samoe_zaputannoe_delo_inspektora_frencha.fb2.zip</filename>
	<title>Крофтс Фриман Виллс. Самое запутанное дело инспектора Френча</title>
</book>
<book>
	<filename>krofts_friman/krofts_friman_smert_na_relsah.fb2.zip</filename>
	<title>Крофтс Фриман Виллс. Смерть на рельсах</title>
</book>
<book>
	<filename>krol_leonid/krol_leonid_chelovekorkestr_mikrostruktura_obsheniya.fb2.zip</filename>
	<title>Кроль Леонид Маркович. Человек-оркестр: микроструктура общения</title>
</book>
<book>
	<filename>krol_leonid/krol_leonid_mezhdu_zhivoi_vodoi_i_mertvoi_praktika_integrativnoi_gipnoterapii.fb2.zip</filename>
	<title>Кроль Леонид Маркович. Между живой водой и мертвой. Практика интегративной гипнотерапии</title>
</book>
<book>
	<filename>kron_aleksandr/kron_aleksandr_bessonnica.fb2.zip</filename>
	<title>Крон Александр Александрович. Бессонница</title>
</book>
<book>
	<filename>kron_aleksandr/kron_aleksandr_dom_i_korabl.fb2.zip</filename>
	<title>Крон Александр Александрович. Дом и корабль</title>
</book>
<book>
	<filename>kronin_archibald/kronin_archibald_pamyatnik_krestonoscu.fb2.zip</filename>
	<title>Кронин Арчибалд. Памятник крестоносцу</title>
</book>
<book>
	<filename>kronin_archibald/kronin_archibald_put_shennona.fb2.zip</filename>
	<title>Кронин Арчибалд. Путь Шеннона</title>
</book>
<book>
	<filename>kronin_archibald/kronin_archibald_zamok_broudi.fb2.zip</filename>
	<title>Кронин Арчибалд. Замок Броуди</title>
</book>
<book>
	<filename>kronin_archibald/kronin_archibald_zvezdy_smotryat_vniz.fb2.zip</filename>
	<title>Кронин Арчибальд Джозеф. Звезды смотрят вниз</title>
</book>
<book>
	<filename>kronna_svetlana/kronna_svetlana_nastolnaya_kniga_stervy.fb2.zip</filename>
	<title>Кронна Светлана. Настольная книга стервы</title>
</book>
<book>
	<filename>kroo_dyord/kroo_dyord_esli_by_shuman_vel_dnevnik.fb2.zip</filename>
	<title>Кроо Дёрдь. Если бы Шуман вел дневник</title>
</book>
<book>
	<filename>krosbi_syuzen/krosbi_syuzen_izvilistye_tropy_lyubvi.fb2.zip</filename>
	<title>Кросби Сьюзен. Извилистые тропы любви</title>
</book>
<book>
	<filename>krosbi_syuzen/krosbi_syuzen_shestoe_pravilo_obolsheniya.fb2.zip</filename>
	<title>Кросби Сьюзен. Шестое правило обольщения</title>
</book>
<book>
	<filename>krosbi_syuzen/krosbi_syuzen_tainy_semeinye_i_lyubovnye.fb2.zip</filename>
	<title>Кросби Сьюзен. Тайны семейные и любовные</title>
</book>
<book>
	<filename>krosbi_tanya/krosbi_tanya_pocelui_posle_polunochi.fb2.zip</filename>
	<title>Кросби Таня Энн. Поцелуй после полуночи</title>
</book>
<book>
	<filename>kroslend_syuzen/kroslend_syuzen_zahvatyvayushaya_strast.fb2.zip</filename>
	<title>Кросленд Сьюзен. Захватывающая страсть</title>
</book>
<book>
	<filename>kross_charlin/kross_charlin_vechnaya_lyubov_bessmertie_lyubvi.fb2.zip</filename>
	<title>Кросс Чарлин. Вечная любовь (Бессмертие любви)</title>
</book>
<book>
	<filename>kross_kler/kross_kler_na_tretii_raz_povezet.fb2.zip</filename>
	<title>Кросс Клер. На третий раз повезет</title>
</book>
<book>
	<filename>kross_kyerolain/kross_kyerolain_slova_lyubvi.fb2.zip</filename>
	<title>Кросс Кэролайн. Слова любви</title>
</book>
<book>
	<filename>kross_kyerolain/kross_kyerolain_snezhinka_na_solnce.fb2.zip</filename>
	<title>Кросс Кэролайн. Снежинка на солнце</title>
</book>
<book>
	<filename>kross_kyerolain/kross_kyerolain_uzniki_ostrova_nadezhdy.fb2.zip</filename>
	<title>Кросс Кэролайн. Узники острова надежды</title>
</book>
<book>
	<filename>krotov_anton/krotov_anton_134_otveta_na_134_voprosa_obo_vsem.fb2.zip</filename>
	<title>Кротов Антон Викторович. 134 ответа на 134 вопроса обо всем</title>
</book>
<book>
	<filename>krotov_anton/krotov_anton_praktika_volnyh_puteshestvii.fb2.zip</filename>
	<title>Кротов Антон Викторович. Практика вольных путешествий</title>
</book>
<book>
	<filename>krouford_charlz/krouford_charlz_beg_na_treh_nogah.fb2.zip</filename>
	<title>Кроуфорд Чарльз П. Бег на трех ногах</title>
</book>
<book>
	<filename>krouford_frensis/krouford_frensis_dve_lyubvi.fb2.zip</filename>
	<title>Кроуфорд Френсис Мэрион. Две любви</title>
</book>
<book>
	<filename>krouford_klaudia/krouford_klaudia_lyubovnyi_kvadrat.fb2.zip</filename>
	<title>Кроуфорд Клаудиа. Любовный квадрат</title>
</book>
<book>
	<filename>krouford_klaudia/krouford_klaudia_tainy_semeinogo_alboma.fb2.zip</filename>
	<title>Кроуфорд Клаудиа. Тайны семейного альбома</title>
</book>
<book>
	<filename>krouford_yelein/krouford_yelein_rechnaya_iskusitelnica_rechnaya_nimfa.fb2.zip</filename>
	<title>Кроуфорд Элейн. Речная искусительница (Речная нимфа)</title>
</book>
<book>
	<filename>krouford_yelein/krouford_yelein_veshie_sny.fb2.zip</filename>
	<title>Кроуфорд Элейн. Вещие сны</title>
</book>
<book>
	<filename>kroufort_frensis/kroufort_frensis_dve_lyubvi.fb2.zip</filename>
	<title>Кроуфорт Френсис Марион. Две любви</title>
</book>
<book>
	<filename>krouli_alister/krouli_alister_dnevnik_narkomana.fb2.zip</filename>
	<title>Кроули Алистер. Дневник наркомана</title>
</book>
<book>
	<filename>krouli_alister/krouli_alister_kokain.fb2.zip</filename>
	<title>Кроули Алистер. Кокаин</title>
</book>
<book>
	<filename>kroun_ryei/kroun_ryei_poezdbeglec.fb2.zip</filename>
	<title>Кроун Рэй. Поезд-беглец</title>
</book>
<book>
	<filename>kruk_inna/kruk_inna_tolkovyi_slovar_psihiatricheskih_terminov.fb2.zip</filename>
	<title>Крук Инна Вадимовна. Толковый словарь психиатрических терминов</title>
</book>
<book>
	<filename>krukover_vladimir/krukover_vladimir_grudi_prostogo_sovetskogo_cheloveka.fb2.zip</filename>
	<title>Круковер Владимир Исаевич. Груди простого советского человека</title>
</book>
<book>
	<filename>krukover_vladimir/krukover_vladimir_izvrashenie_zhelanii.fb2.zip</filename>
	<title>Круковер Владимир Исаевич. Извращение желаний</title>
</book>
<book>
	<filename>krukover_vladimir/krukover_vladimir_lyudi_s_futlyarom_i_bez.fb2.zip</filename>
	<title>Круковер Владимир Исаевич. Люди с футляром и без</title>
</book>
<book>
	<filename>krukover_vladimir/krukover_vladimir_ot_allegro_do_adante.fb2.zip</filename>
	<title>Круковер Владимир Исаевич. От Аллегро до Аданте</title>
</book>
<book>
	<filename>krukover_vladimir/krukover_vladimir_pyat_smertei_lva_goldberga.fb2.zip</filename>
	<title>Круковер Владимир Исаевич. Пять смертей Льва Гольдберга</title>
</book>
<book>
	<filename>krukover_vladimir/krukover_vladimir_sobaka_telohranitel.fb2.zip</filename>
	<title>Круковер Владимир Исаевич. Собака – телохранитель</title>
</book>
<book>
	<filename>krukover_vladimir/krukover_vladimir_vospitanie_podrostka.fb2.zip</filename>
	<title>Круковер Владимир Исаевич. Воспитание подростка</title>
</book>
<book>
	<filename>krumi_yendryu/krumi_yendryu_mister_mi.fb2.zip</filename>
	<title>Круми Эндрю. Мистер Ми</title>
</book>
<book>
	<filename>krumi_yendryu/krumi_yendryu_princip_dalambera.fb2.zip</filename>
	<title>Круми Эндрю. Принцип Д`Аламбера</title>
</book>
<book>
	<filename>krupenin_sergei/krupenin_sergei_akarat_a_ra_ili_ispoved_voennogo_letchika.fb2.zip</filename>
	<title>Крупенин Сергей. Акарат а Ра (или Исповедь военного летчика)</title>
</book>
<book>
	<filename>krupin_vladimir/krupin_vladimir_proshli_vremena_ostalis_sroki.fb2.zip</filename>
	<title>Крупин Владимир Николаевич. Прошли времена, остались сроки</title>
</book>
<book>
	<filename>krupnov_yurii/krupnov_yurii_gnev_orka.fb2.zip</filename>
	<title>Крупнов Юрий Васильевич. Гнев орка</title>
</book>
<book>
	<filename>krupnov_yurii/krupnov_yurii_osedlai_molniyu.fb2.zip</filename>
	<title>Крупнов Юрий Васильевич. Оседлай молнию!</title>
</book>
<book>
	<filename>krus_abel/krus_abel_moya_vtoraya_mama_tom_1.fb2.zip</filename>
	<title>Крус Абель Санта. Моя вторая мама. Том 1</title>
</book>
<book>
	<filename>krus_abel/krus_abel_moya_vtoraya_mama_tom_2.fb2.zip</filename>
	<title>Крус Абель Санта. Моя вторая мама. Том 2</title>
</book>
<book>
	<filename>krusanov_pavel/krusanov_pavel_bespokoiniki_goroda_pitera.fb2.zip</filename>
	<title>Крусанов Павел. Беспокойники города Питера</title>
</book>
<book>
	<filename>krusanov_pavel/krusanov_pavel_bessmertnik.fb2.zip</filename>
	<title>Крусанов Павел Васильевич. Бессмертник</title>
</book>
<book>
	<filename>krusanov_pavel/krusanov_pavel_bom_bom.fb2.zip</filename>
	<title>Крусанов Павел Васильевич. Бом — Бом</title>
</book>
<book>
	<filename>krusanov_pavel/krusanov_pavel_dnevnik_sobaki_pavlova.fb2.zip</filename>
	<title>Крусанов Павел Васильевич. Дневник собаки Павлова</title>
</book>
<book>
	<filename>krusanov_pavel/krusanov_pavel_drugoi_veter.fb2.zip</filename>
	<title>Крусанов Павел Васильевич. Другой ветер</title>
</book>
<book>
	<filename>krusanov_pavel/krusanov_pavel_o_prirode_sootvetstvii.fb2.zip</filename>
	<title>Крусанов Павел Васильевич. О природе соответствий</title>
</book>
<book>
	<filename>krusanov_pavel/krusanov_pavel_petlya_nesterova.fb2.zip</filename>
	<title>Крусанов Павел Васильевич. Петля Нестерова</title>
</book>
<book>
	<filename>krusanov_pavel/krusanov_pavel_sim_pobedishi.fb2.zip</filename>
	<title>Крусанов Павел Васильевич. Сим победиши</title>
</book>
<book>
	<filename>krusanov_pavel/krusanov_pavel_skrytye_vozmozhnosti_fruktovoi_solomki.fb2.zip</filename>
	<title>Крусанов Павел Васильевич. Скрытые возможности фруктовой соломки</title>
</book>
<book>
	<filename>krusanov_pavel/krusanov_pavel_sotvorenie_praha.fb2.zip</filename>
	<title>Крусанов Павел Васильевич. Сотворение праха</title>
</book>
<book>
	<filename>krusanov_pavel/krusanov_pavel_tot_chto_kolcuet_angelov.fb2.zip</filename>
	<title>Крусанов Павел Васильевич. Тот, что кольцует ангелов</title>
</book>
<book>
	<filename>krusanov_pavel/krusanov_pavel_ukus_angela.fb2.zip</filename>
	<title>Крусанов Павел. Укус ангела</title>
</book>
<book>
	<filename>kruskop_sergei/kruskop_sergei_dyhanie_drakona.fb2.zip</filename>
	<title>Крускоп Сергей. Дыхание дракона</title>
</book>
<book>
	<filename>kruskop_sergei/kruskop_sergei_noch_drakona.fb2.zip</filename>
	<title>Крускоп Сергей. Ночь дракона</title>
</book>
<book>
	<filename>kruskop_sergei/kruskop_sergei_ohota_na_lis.fb2.zip</filename>
	<title>Крускоп Сергей. Охота на лис</title>
</book>
<book>
	<filename>kruzi_dzhennifer/kruzi_dzhennifer_bez_uma_ot_tebya.fb2.zip</filename>
	<title>Крузи Дженнифер. Без ума от тебя</title>
</book>
<book>
	<filename>kruzi_dzhennifer/kruzi_dzhennifer_chudesnoe_prevrashenie.fb2.zip</filename>
	<title>Крузи Дженнифер. Чудесное превращение</title>
</book>
<book>
	<filename>kruzi_dzhennifer/kruzi_dzhennifer_davai_posporim.fb2.zip</filename>
	<title>Крузи Дженнифер. Давай поспорим</title>
</book>
<book>
	<filename>kruzi_dzhennifer/kruzi_dzhennifer_lovkie_zhenshiny.fb2.zip</filename>
	<title>Крузи Дженнифер. Ловкие женщины</title>
</book>
<book>
	<filename>kruzi_dzhennifer/kruzi_dzhennifer_poddelka.fb2.zip</filename>
	<title>Крузи Дженнифер. Подделка</title>
</book>
<book>
	<filename>kruzi_dzhennifer/kruzi_dzhennifer_priglashenie_k_iskusheniyu.fb2.zip</filename>
	<title>Крузи Дженнифер. Приглашение к искушению</title>
</book>
<book>
	<filename>kruzi_dzhennifer/kruzi_dzhennifer_solgi_mne.fb2.zip</filename>
	<title>Крузи Дженнифер. Солги мне</title>
</book>
<book>
	<filename>kruzi_dzhennifer/kruzi_dzhennifer_sumasshedshii_uikyend.fb2.zip</filename>
	<title>Крузи Дженнифер. Сумасшедший уик-энд</title>
</book>
<book>
	<filename>kryeko_kyetrin/kryeko_kyetrin_tolko_po_priglasheniyu.fb2.zip</filename>
	<title>Крэко Кэтрин. Только по приглашению</title>
</book>
<book>
	<filename>kryen_betina/kryen_betina_idealnaya_lyubovnica.fb2.zip</filename>
	<title>Крэн Бетина. Идеальная любовница</title>
</book>
<book>
	<filename>kryen_betina/kryen_betina_ledi_udacha.fb2.zip</filename>
	<title>Крэн Бетина. Леди Удача</title>
</book>
<book>
	<filename>kryen_betina/kryen_betina_neotrazimyi_obolstitel.fb2.zip</filename>
	<title>Крэн Бетина. Неотразимый обольститель</title>
</book>
<book>
	<filename>kryen_betina/kryen_betina_nezhnoe_prikosnovenie.fb2.zip</filename>
	<title>Крэн Бетина. Нежное прикосновение</title>
</book>
<book>
	<filename>kryen_betina/kryen_betina_poslednii_holostyak.fb2.zip</filename>
	<title>Крэн Бетина. Последний холостяк</title>
</book>
<book>
	<filename>kryen_betina/kryen_betina_raiskaya_sdelka.fb2.zip</filename>
	<title>Крэн Бетина. Райская сделка</title>
</book>
<book>
	<filename>kryen_betina/kryen_betina_strast_k_myatezhniku.fb2.zip</filename>
	<title>Крэн Бетина. Страсть к мятежнику</title>
</book>
<book>
	<filename>kryen_betina/kryen_betina_vybor_strasti.fb2.zip</filename>
	<title>Крэн Бетина. Выбор страсти</title>
</book>
<book>
	<filename>kryen_betina/kryen_betina_yekzamen_dlya_muzha.fb2.zip</filename>
	<title>Крэн Бетина. Экзамен для мужа</title>
</book>
<book>
	<filename>kryenc_dzhudit/kryenc_dzhudit_lyubovniki.fb2.zip</filename>
	<title>Крэнц Джудит. Любовники</title>
</book>
<book>
	<filename>kryenc_dzhudit/kryenc_dzhudit_po_vysshemu_klassu.fb2.zip</filename>
	<title>Крэнц Джудит. По высшему классу</title>
</book>
<book>
	<filename>kryenc_dzhudit/kryenc_dzhudit_serebryanaya_boginya.fb2.zip</filename>
	<title>Крэнц Джудит. Серебряная богиня</title>
</book>
<book>
	<filename>kryenc_dzhudit/kryenc_dzhudit_shkola_obolsheniya.fb2.zip</filename>
	<title>Крэнц Джудит. Школа обольщения</title>
</book>
<book>
	<filename>kryenc_dzhudit/kryenc_dzhudit_vesennyaya_kollekciya.fb2.zip</filename>
	<title>Крэнц Джудит. Весенняя коллекция</title>
</book>
<book>
	<filename>kryenc_dzhudit/kryenc_dzhudit_vse_ili_nichego.fb2.zip</filename>
	<title>Крэнц Джудит. Все или ничего</title>
</book>
<book>
	<filename>kryenc_dzhudit/kryenc_dzhudit_ya_pokoryu_manhyetten.fb2.zip</filename>
	<title>Крэнц Джудит. Я покорю Манхэттен</title>
</book>
<book>
	<filename>kryenc_dzhudit/kryenc_dzhudit_zvezdnaya_pyl.fb2.zip</filename>
	<title>Крэнц Джудит. Звездная пыль</title>
</book>
<book>
	<filename>krylov_albert/krylov_albert_psihologiya.fb2.zip</filename>
	<title>Крылов Альберт Александрович. Психология</title>
</book>
<book>
	<filename>krylov_ivan/krylov_ivan_basni.fb2.zip</filename>
	<title>Крылов Иван Андреевич. Басни</title>
</book>
<book>
	<filename>krymov_aleksandr/krymov_aleksandr_vy_upravlyayushii_personalom.fb2.zip</filename>
	<title>Крымов Александр Александрович. Вы — управляющий персоналом</title>
</book>
<book>
	<filename>krymova_marina/krymova_marina_banya_lechit.fb2.zip</filename>
	<title>Крымова Марина. Баня лечит</title>
</book>
<book>
	<filename>krymov_yurii/krymov_yurii_tanker_derbent.fb2.zip</filename>
	<title>Крымов Юрий. Танкер «Дербент»</title>
</book>
<book>
	<filename>kryshtalev_vladimir/kryshtalev_vladimir_igry_bogov.fb2.zip</filename>
	<title>Крышталев Владимир. Игры богов</title>
</book>
<book>
	<filename>krysov_anatolii/krysov_anatolii_belye_medvedi.fb2.zip</filename>
	<title>Крысов Анатолий Вадимович. Белые медведи</title>
</book>
<book>
	<filename>kryukova_tamara/kryukova_tamara_lovushka_dlya_geroya.fb2.zip</filename>
	<title>Крюкова Тамара. Ловушка для героя</title>
</book>
<book>
	<filename>kryukova_tamara/kryukova_tamara_telepat.fb2.zip</filename>
	<title>Крюкова Тамара. Телепат</title>
</book>
<book>
	<filename>kryukov_dmitrii/kryukov_dmitrii_hronika_velikoi_voiny.fb2.zip</filename>
	<title>Крюков Дмитрий Владимирович. Хроника Великой войны</title>
</book>
<book>
	<filename>kryus_dzheims/kryus_dzheims_moi_pradedushka_geroi_i_ya.fb2.zip</filename>
	<title>Крюс Джеймс. Мой прадедушка, герои и я</title>
</book>
<book>
	<filename>kryus_dzheims/kryus_dzheims_tim_taler_ili_prodannyi_smeh.fb2.zip</filename>
	<title>Крюс Джеймс. Тим Талер, или Проданный смех</title>
</book>
<book>
	<filename>kryzhanovskaya_vera/kryzhanovskaya_vera_rekenshteiny.fb2.zip</filename>
	<title>Крыжановская Вера Ивановна. Рекенштейны</title>
</book>
<book>
	<filename>kubasik_kristofer/kubasik_kristofer_idealnaya_voina.fb2.zip</filename>
	<title>Кубасик Кристофер. Идеальная война</title>
</book>
<book>
	<filename>kubasik_kristofer/kubasik_kristofer_podmenennyi.fb2.zip</filename>
	<title>Кубасик Кристофер. Подмененный</title>
</book>
<book>
	<filename>kubatiev_alan/kubatiev_alan_derevyannyi_i_bronzovyi_dante_ili_nichego_ne_sluchilos.fb2.zip</filename>
	<title>Кубатиев Алан. Деревянный и бронзовый Данте, или Ничего не случилось?</title>
</book>
<book>
	<filename>kubelka_syuzan/kubelka_syuzan_madam_pridet_segodnya_pozzhe.fb2.zip</filename>
	<title>Кубелка Сюзан. Mадам придет сегодня позже</title>
</book>
<book>
	<filename>kubelka_syuzan/kubelka_syuzan_ofeliya_uchitsya_plavat.fb2.zip</filename>
	<title>Кубелка Сюзан. Офелия учится плавать</title>
</book>
<book>
	<filename>kubelka_syuzan/kubelka_syuzan_parizhskie_nochi_ofelii.fb2.zip</filename>
	<title>Кубелка Сюзан. Парижские ночи Офелии</title>
</book>
<book>
	<filename>kubelli_lyuchiya/kubelli_lyuchiya_obitel_poroka.fb2.zip</filename>
	<title>Кубелли Лючия. Обитель Порока</title>
</book>
<book>
	<filename>kublickaya_inna/kublickaya_inna_karmi.fb2.zip</filename>
	<title>Кублицкая Инна. Карми</title>
</book>
<book>
	<filename>kublickaya_inna/kublickaya_inna_priyut_izgoev.fb2.zip</filename>
	<title>Кублицкая Инна. Приют изгоев</title>
</book>
<book>
	<filename>kubota_syei/kubota_syei_dalekoe_more_leite.fb2.zip</filename>
	<title>Кубота Сэй. Далекое море Лейте</title>
</book>
<book>
	<filename>kubrava_amiran/kubrava_amiran_staraya_shkatulka.fb2.zip</filename>
	<title>Кубрава Амиран. Старая шкатулка</title>
</book>
<book>
	<filename>kuchinskii_aleksandr/kuchinskii_aleksandr_tyuremnaya_yenciklopediya.fb2.zip</filename>
	<title>Кучинский Александр. Тюремная энциклопедия</title>
</book>
<book>
	<filename>kucka_peter/kucka_peter_mishura.fb2.zip</filename>
	<title>Куцка Петер. Мишура</title>
</book>
<book>
	<filename>kudin_andrei/kudin_andrei_kak_vyzhit_v_tyurme.fb2.zip</filename>
	<title>Кудин Андрей Вячеславович. Как выжить в тюрьме</title>
</book>
<book>
	<filename>kudrya_arkadii/kudrya_arkadii_ferdinand_vrangel_sled_na_zemle.fb2.zip</filename>
	<title>Кудря Аркадий. Фердинанд Врангель. След на земле</title>
</book>


</books>