﻿<?xml version="1.0" encoding="UTF-8" ?>
<books>

<book>
	<filename>kupcova_elena/kupcova_elena_drugaya_zhizn.fb2.zip</filename>
	<title>Купцова Елена. Другая жизнь</title>
</book>
<book>
	<filename>kupcova_elena/kupcova_elena_smerti_net.fb2.zip</filename>
	<title>Купцова Елена. Смерти нет</title>
</book>
<book>
	<filename>kupcova_elena/kupcova_elena_v_kolce_tvoih_ruk.fb2.zip</filename>
	<title>Купцова Елена. В кольце твоих рук</title>
</book>
<book>
	<filename>kupcov_vasilii/kupcov_vasilii_hishnik_i_ego_zhertva.fb2.zip</filename>
	<title>Купцов Василий. Хищник и его жертва</title>
</book>
<book>
	<filename>kupcov_vasilii/kupcov_vasilii_kruten_kotorogo_ne_bylo.fb2.zip</filename>
	<title>Купцов Василий. Крутен, которого не было</title>
</book>
<book>
	<filename>kupcov_vasilii/kupcov_vasilii_mocart_i_saleri_dubl_dva.fb2.zip</filename>
	<title>Купцов Василий. Моцарт и Сальери, дубль два</title>
</book>
<book>
	<filename>kupcov_vasilii/kupcov_vasilii_po_pravu_poslednego.fb2.zip</filename>
	<title>Купцов Василий. По праву последнего</title>
</book>
<book>
	<filename>kupcov_vasilii/kupcov_vasilii_poslednii_leshii.fb2.zip</filename>
	<title>Купцов Василий. Последний леший</title>
</book>
<book>
	<filename>kupcov_vasilii/kupcov_vasilii_predskazaniya_anny.fb2.zip</filename>
	<title>Купцов Василий. Предсказания Анны</title>
</book>
<book>
	<filename>kupcov_vasilii/kupcov_vasilii_proekt_arhipelag.fb2.zip</filename>
	<title>Купцов Василий. Проект «Архипелаг»</title>
</book>
<book>
	<filename>kupcov_vasilii/kupcov_vasilii_rozhdennyi_tolstym_letat_ne_smozhet.fb2.zip</filename>
	<title>Купцов Василий. Рожденный толстым летать не сможет!</title>
</book>
<book>
	<filename>kupcov_vasilii/kupcov_vasilii_sharlatan.fb2.zip</filename>
	<title>Купцов Василий. Шарлатан</title>
</book>
<book>
	<filename>kupcov_vasilii/kupcov_vasilii_shutochka_genriha_ili_yaicerezka.fb2.zip</filename>
	<title>Купцов Василий. Шуточка Генриха, или яйцерезка</title>
</book>
<book>
	<filename>kupcov_vasilii/kupcov_vasilii_uzhas_samodvizhushihsya_lestnic.fb2.zip</filename>
	<title>Купцов Василий. Ужас самодвижущихся лестниц</title>
</book>
<book>
	<filename>kupcov_vasilii/kupcov_vasilii_zakroi_rot_dzhinn_kishki_prostudish.fb2.zip</filename>
	<title>Купцов Василий. Закрой рот, джинн — кишки простудишь…</title>
</book>
<book>
	<filename>kuper_alan/kuper_alan_psihbolnica_v_rukah_pacientov.fb2.zip</filename>
	<title>Купер Алан. Психбольница в руках пациентов</title>
</book>
<book>
	<filename>kuper_dzhailz/kuper_dzhailz_myevri_bikon.fb2.zip</filename>
	<title>Купер Джайлз. Мэври Бикон</title>
</book>
<book>
	<filename>kuper_dzheims/kuper_dzheims_bluzhdayushii_ogon.fb2.zip</filename>
	<title>Купер Джеймс Фенимор. Блуждающий огонь</title>
</book>
<book>
	<filename>kuper_dzheims/kuper_dzheims_bravo_ili_v_venecii.fb2.zip</filename>
	<title>Купер Джеймс Фенимор. Браво, или В Венеции</title>
</book>
<book>
	<filename>kuper_dzheims/kuper_dzheims_dolina_vishtonvish.fb2.zip</filename>
	<title>Купер Джеймс Фенимор. Долина Виш-Тон-Виш</title>
</book>
<book>
	<filename>kuper_dzheims/kuper_dzheims_dva_admirala.fb2.zip</filename>
	<title>Купер Джеймс Фенимор. Два адмирала</title>
</book>
<book>
	<filename>kuper_dzheims/kuper_dzheims_hizhina_na_holme.fb2.zip</filename>
	<title>Купер Джеймс Фенимор. Хижина на холме</title>
</book>
<book>
	<filename>kuper_dzheims/kuper_dzheims_koloniya_na_kratere.fb2.zip</filename>
	<title>Купер Джеймс Фенимор. Колония на кратере</title>
</book>
<book>
	<filename>kuper_dzheims/kuper_dzheims_krasnokozhie.fb2.zip</filename>
	<title>Купер Джеймс Фенимор. Краснокожие</title>
</book>
<book>
	<filename>kuper_dzheims/kuper_dzheims_krasnyi_korsar.fb2.zip</filename>
	<title>Купер Джеймс Фенимор. Красный корсар</title>
</book>
<book>
	<filename>kuper_dzheims/kuper_dzheims_locman.fb2.zip</filename>
	<title>Купер Джеймс Фенимор. Лоцман</title>
</book>
<book>
	<filename>kuper_dzheims/kuper_dzheims_mailz_uollingford.fb2.zip</filename>
	<title>Купер Джеймс Фенимор. Майлз Уоллингфорд</title>
</book>
<book>
	<filename>kuper_dzheims/kuper_dzheims_mersedes_iz_kastilii_ili_puteshestvie_v_katai.fb2.zip</filename>
	<title>Купер Джеймс Фенимор. Мерседес из Кастилии, или Путешествие в Катай</title>
</book>
<book>
	<filename>kuper_dzheims/kuper_dzheims_monikiny.fb2.zip</filename>
	<title>Купер Джеймс Фенимор. Моникины</title>
</book>
<book>
	<filename>kuper_dzheims/kuper_dzheims_morskaya_volshebnica_ili_borozdyashii_okeany.fb2.zip</filename>
	<title>Купер Джеймс Фенимор. «Морская волшебница», или Бороздящий Океаны</title>
</book>
<book>
	<filename>kuper_dzheims/kuper_dzheims_morskie_lvy.fb2.zip</filename>
	<title>Купер Джеймс Фенимор. Морские львы</title>
</book>
<book>
	<filename>kuper_dzheims/kuper_dzheims_na_sushe_i_na_more.fb2.zip</filename>
	<title>Купер Джеймс Фенимор. На суше и на море</title>
</book>
<book>
	<filename>kuper_dzheims/kuper_dzheims_osada_bostona_ili_laionel_linkoln.fb2.zip</filename>
	<title>Купер Джеймс Фенимор. Осада Бостона, или Лайонел Линкольн</title>
</book>
<book>
	<filename>kuper_dzheims/kuper_dzheims_palach_ili_abbatstvo_vinogradarei.fb2.zip</filename>
	<title>Купер Джеймс Фенимор. Палач, или Аббатство виноградарей</title>
</book>
<book>
	<filename>kuper_dzheims/kuper_dzheims_pionery_ili_u_istokov_saskuihanny.fb2.zip</filename>
	<title>Купер Джеймс Фенимор. Пионеры, или У истоков Саскуиханны</title>
</book>
<book>
	<filename>kuper_dzheims/kuper_dzheims_poslednii_iz_mogikan_ili_povestvovanie_o_1757_gode.fb2.zip</filename>
	<title>Купер Джеймс Фенимор. Последний из могикан, или Повествование о 1757 годе</title>
</book>
<book>
	<filename>kuper_dzheims/kuper_dzheims_preriya.fb2.zip</filename>
	<title>Купер Джеймс Фенимор. Прерия</title>
</book>
<book>
	<filename>kuper_dzheims/kuper_dzheims_progaliny_v_dubrovah_ili_ohotnik_za_pchelami.fb2.zip</filename>
	<title>Купер Джеймс Фенимор. Прогалины в дубровах, или Охотник за пчелами</title>
</book>
<book>
	<filename>kuper_dzheims/kuper_dzheims_satanstoe_chertov_palec.fb2.zip</filename>
	<title>Купер Джеймс Фенимор. Сатанстое [Чертов палец]</title>
</book>
<book>
	<filename>kuper_dzheims/kuper_dzheims_shpion_ili_povest_o_neitralnoi_territorii.fb2.zip</filename>
	<title>Купер Джеймс Фенимор. Шпион, или Повесть о нейтральной территории</title>
</book>
<book>
	<filename>kuper_dzheims/kuper_dzheims_sledopyt_ili_na_beregah_ontario.fb2.zip</filename>
	<title>Купер Джеймс Фенимор. Следопыт, или На берегах Онтарио</title>
</book>
<book>
	<filename>kuper_dzheims/kuper_dzheims_zemlemer.fb2.zip</filename>
	<title>Купер Джеймс Фенимор. Землемер</title>
</book>
<book>
	<filename>kuper_dzheims/kuper_dzheims_zveroboi_ili_pervaya_tropa_voiny.fb2.zip</filename>
	<title>Купер Джеймс Фенимор. Зверобой, или Первая тропа войны</title>
</book>
<book>
	<filename>kuper_dzhilli/kuper_dzhilli_bella.fb2.zip</filename>
	<title>Купер Джилли. Белла</title>
</book>
<book>
	<filename>kuper_dzhilli/kuper_dzhilli_chelovek_zastavlyavshii_muzhei_revnovat_kniga_1.fb2.zip</filename>
	<title>Купер Джилли. Человек, заставлявший мужей ревновать. Книга 1</title>
</book>
<book>
	<filename>kuper_dzhilli/kuper_dzhilli_chelovek_zastavlyavshii_muzhei_revnovat_kniga_2.fb2.zip</filename>
	<title>Купер Джилли. Человек, заставлявший мужей ревновать. Книга 2</title>
</book>
<book>
	<filename>kuper_dzhilli/kuper_dzhilli_garriet.fb2.zip</filename>
	<title>Купер Джилли. Гарриет</title>
</book>
<book>
	<filename>kuper_dzhilli/kuper_dzhilli_imodzhin.fb2.zip</filename>
	<title>Купер Джилли. Имоджин</title>
</book>
<book>
	<filename>kuper_dzhilli/kuper_dzhilli_naezdniki.fb2.zip</filename>
	<title>Купер Джилли. Наездники</title>
</book>
<book>
	<filename>kuper_dzhilli/kuper_dzhilli_oktaviya.fb2.zip</filename>
	<title>Купер Джилли. Октавия</title>
</book>
<book>
	<filename>kuper_dzhilli/kuper_dzhilli_prudens_chuzhoi_muzhchina.fb2.zip</filename>
	<title>Купер Джилли. Пруденс (Чужой мужчина)</title>
</book>
<book>
	<filename>kuper_dzhilli/kuper_dzhilli_yemili.fb2.zip</filename>
	<title>Купер Джилли. Эмили</title>
</book>
<book>
	<filename>kuper_natasha/kuper_natasha_polzuchii_plyush.fb2.zip</filename>
	<title>Купер Наташа. Ползучий плющ</title>
</book>
<book>
	<filename>kuper_sonni/kuper_sonni_chernyi_ogon.fb2.zip</filename>
	<title>Купер Сонни. Черный огонь</title>
</book>
<book>
	<filename>kuper_syuzen/kuper_syuzen_voshod_tmy.fb2.zip</filename>
	<title>Купер Сьюзен. Восход тьмы</title>
</book>
<book>
	<filename>kuper_yedmund/kuper_yedmund_1994.fb2.zip</filename>
	<title>Купер Эдмунд. 1994</title>
</book>
<book>
	<filename>kuper_yedmund/kuper_yedmund_babochki.fb2.zip</filename>
	<title>Купер Эдмунд. Бабочки</title>
</book>
<book>
	<filename>kuper_yedmund/kuper_yedmund_dalekii_zakat.fb2.zip</filename>
	<title>Купер Эдмунд. Далекий закат</title>
</book>
<book>
	<filename>kuper_yedmund/kuper_yedmund_dobro_pozhalovat_domoi.fb2.zip</filename>
	<title>Купер Эдмунд. Добро пожаловать домой</title>
</book>
<book>
	<filename>kuper_yedmund/kuper_yedmund_dubl_odin_dva_tri.fb2.zip</filename>
	<title>Купер Эдмунд. Дубль один, два, три...</title>
</book>
<book>
	<filename>kuper_yedmund/kuper_yedmund_pauza_na_pikadilli.fb2.zip</filename>
	<title>Купер Эдмунд. Пауза на Пикадилли</title>
</book>
<book>
	<filename>kuper_yedmund/kuper_yedmund_pervyi_marsianin.fb2.zip</filename>
	<title>Купер Эдмунд. Первый марсианин</title>
</book>
<book>
	<filename>kuper_yedmund/kuper_yedmund_podlinnaya_istoriya_absolyutnogo_oruzhiya.fb2.zip</filename>
	<title>Купер Эдмунд. Подлинная история абсолютного оружия</title>
</book>
<book>
	<filename>kuper_yedmund/kuper_yedmund_sudnyi_den.fb2.zip</filename>
	<title>Купер Эдмунд. Судный день</title>
</book>
<book>
	<filename>kuper_yedmund/kuper_yedmund_vahta_smerti.fb2.zip</filename>
	<title>Купер Эдмунд. Вахта смерти</title>
</book>
<book>
	<filename>kuper_yedmund/kuper_yedmund_yasher_s_planety_moz.fb2.zip</filename>
	<title>Купер Эдмунд. Ящер с планеты Моз</title>
</book>
<book>
	<filename>kuper_yedmund/kuper_yedmund_zhizn_i_smert_planki_gu.fb2.zip</filename>
	<title>Купер Эдмунд. Жизнь и смерть Планки Гу</title>
</book>
<book>
	<filename>kuprin_aleksandr/kuprin_aleksandr_allez.fb2.zip</filename>
	<title>Куприн Александр Иванович. Allez!</title>
</book>
<book>
	<filename>kuprin_aleksandr/kuprin_aleksandr_anafema.fb2.zip</filename>
	<title>Куприн Александр Иванович. Анафема</title>
</book>
<book>
	<filename>kuprin_aleksandr/kuprin_aleksandr_barbos_i_zhulka.fb2.zip</filename>
	<title>Куприн Александр Иванович. Барбос и Жулька</title>
</book>
<book>
	<filename>kuprin_aleksandr/kuprin_aleksandr_belyi_pudel.fb2.zip</filename>
	<title>Куприн Александр Иванович. Белый пудель</title>
</book>
<book>
	<filename>kuprin_aleksandr/kuprin_aleksandr_bez_zaglaviya.fb2.zip</filename>
	<title>Куприн Александр Иванович. Без заглавия</title>
</book>
<book>
	<filename>kuprin_aleksandr/kuprin_aleksandr_blazhennyi.fb2.zip</filename>
	<title>Куприн Александр Иванович. Блаженный</title>
</book>
<book>
	<filename>kuprin_aleksandr/kuprin_aleksandr_bonza.fb2.zip</filename>
	<title>Куприн Александр Иванович. Бонза</title>
</book>
<book>
	<filename>kuprin_aleksandr/kuprin_aleksandr_breget.fb2.zip</filename>
	<title>Куприн Александр Иванович. Брегет</title>
</book>
<book>
	<filename>kuprin_aleksandr/kuprin_aleksandr_chary.fb2.zip</filename>
	<title>Куприн Александр Иванович. Чары</title>
</book>
<book>
	<filename>kuprin_aleksandr/kuprin_aleksandr_chernyi_tuman.fb2.zip</filename>
	<title>Куприн Александр Иванович. Черный туман</title>
</book>
<book>
	<filename>kuprin_aleksandr/kuprin_aleksandr_chudesnyi_doktor.fb2.zip</filename>
	<title>Куприн Александр Иванович. Чудесный доктор</title>
</book>
<book>
	<filename>kuprin_aleksandr/kuprin_aleksandr_chuzhoi_hleb.fb2.zip</filename>
	<title>Куприн Александр Иванович. Чужой хлеб</title>
</book>
<book>
	<filename>kuprin_aleksandr/kuprin_aleksandr_granatovyi_braslet.fb2.zip</filename>
	<title>Куприн Александр Иванович. Гранатовый браслет</title>
</book>
<book>
	<filename>kuprin_aleksandr/kuprin_aleksandr_igrushka.fb2.zip</filename>
	<title>Куприн Александр Иванович. Игрушка</title>
</book>
<book>
	<filename>kuprin_aleksandr/kuprin_aleksandr_izumrud.fb2.zip</filename>
	<title>Куприн Александр Иванович. Изумруд</title>
</book>
<book>
	<filename>kuprin_aleksandr/kuprin_aleksandr_klyacha.fb2.zip</filename>
	<title>Куприн Александр Иванович. Кляча</title>
</book>
<book>
	<filename>kuprin_aleksandr/kuprin_aleksandr_koleso_vremeni.fb2.zip</filename>
	<title>Куприн Александр Иванович. Колесо времени</title>
</book>
<book>
	<filename>kuprin_aleksandr/kuprin_aleksandr_konokrady.fb2.zip</filename>
	<title>Куприн Александр Иванович. Конокрады</title>
</book>
<book>
	<filename>kuprin_aleksandr/kuprin_aleksandr_kust_sireni.fb2.zip</filename>
	<title>Куприн Александр Иванович. Куст сирени</title>
</book>
<book>
	<filename>kuprin_aleksandr/kuprin_aleksandr_lenochka.fb2.zip</filename>
	<title>Куприн Александр Иванович. Леночка</title>
</book>
<book>
	<filename>kuprin_aleksandr/kuprin_aleksandr_lokon.fb2.zip</filename>
	<title>Куприн Александр Иванович. Локон</title>
</book>
<book>
	<filename>kuprin_aleksandr/kuprin_aleksandr_lolli.fb2.zip</filename>
	<title>Куприн Александр Иванович. Лолли</title>
</book>
<book>
	<filename>kuprin_aleksandr/kuprin_aleksandr_lunnoi_nochyu.fb2.zip</filename>
	<title>Куприн Александр Иванович. Лунной ночью</title>
</book>
<book>
	<filename>kuprin_aleksandr/kuprin_aleksandr_marianna.fb2.zip</filename>
	<title>Куприн Александр Иванович. Марианна</title>
</book>
<book>
	<filename>kuprin_aleksandr/kuprin_aleksandr_millioner.fb2.zip</filename>
	<title>Куприн Александр Иванович. Миллионер</title>
</book>
<book>
	<filename>kuprin_aleksandr/kuprin_aleksandr_mirnoe_zhitie.fb2.zip</filename>
	<title>Куприн Александр Иванович. Мирное житие</title>
</book>
<book>
	<filename>kuprin_aleksandr/kuprin_aleksandr_moloh.fb2.zip</filename>
	<title>Куприн Александр Иванович. Молох</title>
</book>
<book>
	<filename>kuprin_aleksandr/kuprin_aleksandr_myaso.fb2.zip</filename>
	<title>Куприн Александр Иванович. Мясо</title>
</book>
<book>
	<filename>kuprin_aleksandr/kuprin_aleksandr_na_razezde.fb2.zip</filename>
	<title>Куприн Александр Иванович. На разъезде</title>
</book>
<book>
	<filename>kuprin_aleksandr/kuprin_aleksandr_natalya_davydovna.fb2.zip</filename>
	<title>Куприн Александр Иванович. Наталья Давыдовна</title>
</book>
<book>
	<filename>kuprin_aleksandr/kuprin_aleksandr_neglasnaya_reviziya.fb2.zip</filename>
	<title>Куприн Александр Иванович. Негласная ревизия</title>
</book>
<book>
	<filename>kuprin_aleksandr/kuprin_aleksandr_nochleg.fb2.zip</filename>
	<title>Куприн Александр Иванович. Ночлег</title>
</book>
<book>
	<filename>kuprin_aleksandr/kuprin_aleksandr_nochnaya_smena.fb2.zip</filename>
	<title>Куприн Александр Иванович. Ночная смена</title>
</book>
<book>
	<filename>kuprin_aleksandr/kuprin_aleksandr_odinochestvo.fb2.zip</filename>
	<title>Куприн Александр Иванович. Одиночество</title>
</book>
<book>
	<filename>kuprin_aleksandr/kuprin_aleksandr_olesya.fb2.zip</filename>
	<title>Куприн Александр Иванович. Олеся</title>
</book>
<book>
	<filename>kuprin_aleksandr/kuprin_aleksandr_osennie_cvety.fb2.zip</filename>
	<title>Куприн Александр Иванович. Осенние цветы</title>
</book>
<book>
	<filename>kuprin_aleksandr/kuprin_aleksandr_parizh_intimnyi_sbornik.fb2.zip</filename>
	<title>Куприн Александр Иванович. Париж интимный (сборник)</title>
</book>
<book>
	<filename>kuprin_aleksandr/kuprin_aleksandr_pervenec.fb2.zip</filename>
	<title>Куприн Александр Иванович. Первенец</title>
</book>
<book>
	<filename>kuprin_aleksandr/kuprin_aleksandr_pervyi_vstrechnyi.fb2.zip</filename>
	<title>Куприн Александр Иванович. Первый встречный</title>
</book>
<book>
	<filename>kuprin_aleksandr/kuprin_aleksandr_piratka.fb2.zip</filename>
	<title>Куприн Александр Иванович. Пиратка</title>
</book>
<book>
	<filename>kuprin_aleksandr/kuprin_aleksandr_poedinok.fb2.zip</filename>
	<title>Куприн Александр Иванович. Поединок</title>
</book>
<book>
	<filename>kuprin_aleksandr/kuprin_aleksandr_pogibshaya_sila.fb2.zip</filename>
	<title>Куприн Александр Иванович. Погибшая сила</title>
</book>
<book>
	<filename>kuprin_aleksandr/kuprin_aleksandr_pohod.fb2.zip</filename>
	<title>Куприн Александр Иванович. Поход</title>
</book>
<book>
	<filename>kuprin_aleksandr/kuprin_aleksandr_polubog.fb2.zip</filename>
	<title>Куприн Александр Иванович. Полубог</title>
</book>
<book>
	<filename>kuprin_aleksandr/kuprin_aleksandr_poslednii_debyut.fb2.zip</filename>
	<title>Куприн Александр Иванович. Последний дебют</title>
</book>
<book>
	<filename>kuprin_aleksandr/kuprin_aleksandr_poslednii_iz_burzhuev.fb2.zip</filename>
	<title>Куприн Александр Иванович. Последний из буржуев</title>
</book>
<book>
	<filename>kuprin_aleksandr/kuprin_aleksandr_po_zakazu.fb2.zip</filename>
	<title>Куприн Александр Иванович. По заказу</title>
</book>
<book>
	<filename>kuprin_aleksandr/kuprin_aleksandr_prositelnica.fb2.zip</filename>
	<title>Куприн Александр Иванович. Просительница</title>
</book>
<book>
	<filename>kuprin_aleksandr/kuprin_aleksandr_putanica.fb2.zip</filename>
	<title>Куприн Александр Иванович. Путаница</title>
</book>
<book>
	<filename>kuprin_aleksandr/kuprin_aleksandr_ralf.fb2.zip</filename>
	<title>Куприн Александр Иванович. Ральф</title>
</book>
<book>
	<filename>kuprin_aleksandr/kuprin_aleksandr_reka_zhizni.fb2.zip</filename>
	<title>Куприн Александр Иванович. Река жизни</title>
</book>
<book>
	<filename>kuprin_aleksandr/kuprin_aleksandr_sapsan.fb2.zip</filename>
	<title>Куприн Александр Иванович. Сапсан</title>
</book>
<book>
	<filename>kuprin_aleksandr/kuprin_aleksandr_schastlivaya_karta.fb2.zip</filename>
	<title>Куприн Александр Иванович. Счастливая карта</title>
</book>
<book>
	<filename>kuprin_aleksandr/kuprin_aleksandr_sentimentalnyi_roman.fb2.zip</filename>
	<title>Куприн Александр Иванович. Сентиментальный роман</title>
</book>
<book>
	<filename>kuprin_aleksandr/kuprin_aleksandr_shtabskapitan_rybnikov.fb2.zip</filename>
	<title>Куприн Александр Иванович. Штабс-капитан Рыбников</title>
</book>
<book>
	<filename>kuprin_aleksandr/kuprin_aleksandr_sinyaya_zvezda.fb2.zip</filename>
	<title>Куприн Александр Иванович. Синяя звезда</title>
</book>
<book>
	<filename>kuprin_aleksandr/kuprin_aleksandr_skazka.fb2.zip</filename>
	<title>Куприн Александр Иванович. Сказка</title>
</book>
<book>
	<filename>kuprin_aleksandr/kuprin_aleksandr_skvorcy.fb2.zip</filename>
	<title>Куприн Александр Иванович. Скворцы</title>
</book>
<book>
	<filename>kuprin_aleksandr/kuprin_aleksandr_slavyanskaya_dusha.fb2.zip</filename>
	<title>Куприн Александр Иванович. Славянская душа</title>
</book>
<book>
	<filename>kuprin_aleksandr/kuprin_aleksandr_slon.fb2.zip</filename>
	<title>Куприн Александр Иванович. Слон</title>
</book>
<book>
	<filename>kuprin_aleksandr/kuprin_aleksandr_sobache_schaste.fb2.zip</filename>
	<title>Куприн Александр Иванович. Собачье счастье</title>
</book>
<book>
	<filename>kuprin_aleksandr/kuprin_aleksandr_solovei.fb2.zip</filename>
	<title>Куприн Александр Иванович. Соловей</title>
</book>
<book>
	<filename>kuprin_aleksandr/kuprin_aleksandr_strannyi_sluchai.fb2.zip</filename>
	<title>Куприн Александр Иванович. Странный случай</title>
</book>
<book>
	<filename>kuprin_aleksandr/kuprin_aleksandr_strashnaya_minuta.fb2.zip</filename>
	<title>Куприн Александр Иванович. Страшная минута</title>
</book>
<book>
	<filename>kuprin_aleksandr/kuprin_aleksandr_sulamif.fb2.zip</filename>
	<title>Куприн Александр Иванович. Суламифь</title>
</book>
<book>
	<filename>kuprin_aleksandr/kuprin_aleksandr_s_ulicy.fb2.zip</filename>
	<title>Куприн Александр Иванович. С улицы</title>
</book>
<book>
	<filename>kuprin_aleksandr/kuprin_aleksandr_svyataya_lyubov.fb2.zip</filename>
	<title>Куприн Александр Иванович. Святая любовь</title>
</book>
<book>
	<filename>kuprin_aleksandr/kuprin_aleksandr_taper.fb2.zip</filename>
	<title>Куприн Александр Иванович. Тапер</title>
</book>
<book>
	<filename>kuprin_aleksandr/kuprin_aleksandr_telegrafist.fb2.zip</filename>
	<title>Куприн Александр Иванович. Телеграфист</title>
</book>
<book>
	<filename>kuprin_aleksandr/kuprin_aleksandr_tost.fb2.zip</filename>
	<title>Куприн Александр Иванович. Тост</title>
</book>
<book>
	<filename>kuprin_aleksandr/kuprin_aleksandr_ubiica.fb2.zip</filename>
	<title>Куприн Александр Иванович. Убийца</title>
</book>
<book>
	<filename>kuprin_aleksandr/kuprin_aleksandr_uzhas.fb2.zip</filename>
	<title>Куприн Александр Иванович. Ужас</title>
</book>
<book>
	<filename>kuprin_aleksandr/kuprin_aleksandr_v_cirke.fb2.zip</filename>
	<title>Куприн Александр Иванович. В цирке</title>
</book>
<book>
	<filename>kuprin_aleksandr/kuprin_aleksandr_vorobei.fb2.zip</filename>
	<title>Куприн Александр Иванович. Воробей</title>
</book>
<book>
	<filename>kuprin_aleksandr/kuprin_aleksandr_v_zverince.fb2.zip</filename>
	<title>Куприн Александр Иванович. В зверинце</title>
</book>
<book>
	<filename>kuprin_aleksandr/kuprin_aleksandr_yama.fb2.zip</filename>
	<title>Куприн Александр Иванович. Яма</title>
</book>
<book>
	<filename>kuprin_aleksandr/kuprin_aleksandr_yunkera.fb2.zip</filename>
	<title>Куприн Александр Иванович. Юнкера</title>
</book>
<book>
	<filename>kuprin_aleksandr/kuprin_aleksandr_yuyu.fb2.zip</filename>
	<title>Куприн Александр Иванович. Ю-ю</title>
</book>
<book>
	<filename>kuprin_aleksandr/kuprin_aleksandr_zhaneta.fb2.zip</filename>
	<title>Куприн Александр Иванович. Жанета</title>
</book>
<book>
	<filename>kuprin_aleksandr/kuprin_aleksandr_zhidovka.fb2.zip</filename>
	<title>Куприн Александр Иванович. Жидовка</title>
</book>
<book>
	<filename>kuprin_aleksandr/kuprin_aleksandr_zvezda_solomona.fb2.zip</filename>
	<title>Куприн Александр Иванович. Звезда Соломона</title>
</book>
<book>
	<filename>kupriyanov_sergei/kupriyanov_sergei_magi_nashego_goroda.fb2.zip</filename>
	<title>Куприянов Сергей. Маги нашего города</title>
</book>
<book>
	<filename>kuraev_andrei/kuraev_andrei_cerkov_v_mire_lyudei.fb2.zip</filename>
	<title>Кураев Андрей. Церковь в мире людей</title>
</book>
<book>
	<filename>kuraev_andrei/kuraev_andrei_dary_i_anafemy.fb2.zip</filename>
	<title>Кураев Андрей. Дары и анафемы</title>
</book>
<book>
	<filename>kuraev_andrei/kuraev_andrei_esli_bog_est_lyubov.fb2.zip</filename>
	<title>Кураев Андрей. Если Бог есть Любовь...</title>
</book>
<book>
	<filename>kuraev_andrei/kuraev_andrei_garri_potter_v_cerkvi_mezhdu_anafemoi_i_ulybkoi.fb2.zip</filename>
	<title>Кураев Андрей. «Гарри Поттер» в Церкви: между анафемой и улыбкой</title>
</book>
<book>
	<filename>kuraev_andrei/kuraev_andrei_hristianin_v_yazycheskom_mire_ili_o_naplevatelskom_otnoshenii_k_porche.fb2.zip</filename>
	<title>Кураев Андрей. Христианин в языческом мире, или О наплевательском отношении к порче</title>
</book>
<book>
	<filename>kuraev_andrei/kuraev_andrei_hristianstvo_na_predele_istorii.fb2.zip</filename>
	<title>Кураев Андрей. Христианство на пределе истории</title>
</book>
<book>
	<filename>kuraev_andrei/kuraev_andrei_kak_delayut_antisemitom.fb2.zip</filename>
	<title>Кураев Андрей. Как делают антисемитом</title>
</book>
<book>
	<filename>kuraev_andrei/kuraev_andrei_protestantam_o_pravoslavii.fb2.zip</filename>
	<title>Кураев Андрей. Протестантам о Православии</title>
</book>
<book>
	<filename>kuraev_andrei/kuraev_andrei_satanizm_dlya_intelligencii.fb2.zip</filename>
	<title>Кураев Андрей. Сатанизм для интеллигенции</title>
</book>
<book>
	<filename>kuraev_andrei/kuraev_andrei_vtoroe_prishestvie_apokrifov_propoved_o_porche_vmesto_propovedi_o_hriste.fb2.zip</filename>
	<title>Кураев Андрей. Второе пришествие апокрифов. Проповедь о «порче» вместо проповеди о Христе.</title>
</book>
<book>
	<filename>kuraev_andrei/kuraev_andrei_vyzov_yekumenizma.fb2.zip</filename>
	<title>Кураев Андрей. Вызов экуменизма</title>
</book>
<book>
	<filename>kurdyumova_galina/kurdyumova_galina_nenevesta_kasheeva.fb2.zip</filename>
	<title>Курдюмова Галина. Неневеста Кащеева</title>
</book>
<book>
	<filename>kurganov_efim/kurganov_efim_shpion_ego_velichestva.fb2.zip</filename>
	<title>Курганов Ефим. Шпион его величества</title>
</book>
<book>
	<filename>kuricyn_vyacheslav/kuricyn_vyacheslav_akvarel_dlya_matadora.fb2.zip</filename>
	<title>Курицын Вячеслав Николаевич. Акварель для Матадора</title>
</book>
<book>
	<filename>kuricyn_vyacheslav/kuricyn_vyacheslav_ubiistvo_na_kukucmukucstrit.fb2.zip</filename>
	<title>Курицын Вячеслав. Убийство на Кукуц-Мукуц-стрит</title>
</book>
<book>
	<filename>kurkov_andrei/kurkov_andrei_dobryi_angel_smerti.fb2.zip</filename>
	<title>Курков Андрей. Добрый ангел смерти</title>
</book>
<book>
	<filename>kurkov_andrei/kurkov_andrei_igra_v_otrezannyi_palec.fb2.zip</filename>
	<title>Курков Андрей. Игра в отрезанный палец</title>
</book>
<book>
	<filename>kurkov_andrei/kurkov_andrei_lyubimaya_pesnya_kosmopolita.fb2.zip</filename>
	<title>Курков Андрей. Любимая песня космополита</title>
</book>
<book>
	<filename>kurkov_andrei/kurkov_andrei_milyi_drug_tovarish_pokoinika.fb2.zip</filename>
	<title>Курков Андрей. Милый друг, товарищ покойника</title>
</book>
<book>
	<filename>kurkov_andrei/kurkov_andrei_napadenie.fb2.zip</filename>
	<title>Курков Андрей. Нападение</title>
</book>
<book>
	<filename>kurkov_andrei/kurkov_andrei_ne_privedi_menya_v_kengaraks.fb2.zip</filename>
	<title>Курков Андрей. Не приведи меня в Кенгаракс</title>
</book>
<book>
	<filename>kurkov_andrei/kurkov_andrei_piknik_na_ldu_smert_postoronnego.fb2.zip</filename>
	<title>Курков Андрей. Пикник на льду (Смерть постороннего)</title>
</book>
<book>
	<filename>kurkov_andrei/kurkov_andrei_poslednee_prizemlenie.fb2.zip</filename>
	<title>Курков Андрей. Последнее приземление</title>
</book>
<book>
	<filename>kurkov_andrei/kurkov_andrei_pulya_nashla_geroya.fb2.zip</filename>
	<title>Курков Андрей. Пуля нашла героя</title>
</book>
<book>
	<filename>kurkov_andrei/kurkov_andrei_skazanie_ob_istinno_narodnom_kontrolere.fb2.zip</filename>
	<title>Курков Андрей. Сказание об истинно народном контролере</title>
</book>
<book>
	<filename>kurkov_andrei/kurkov_andrei_sudba_popugaya.fb2.zip</filename>
	<title>Курков Андрей. Судьба попугая</title>
</book>
<book>
	<filename>kurochkin_maksim/kurochkin_maksim_askoldov_dir.fb2.zip</filename>
	<title>Курочкин Максим. Аскольдов Дир</title>
</book>
<book>
	<filename>kurochkin_maksim/kurochkin_maksim_bablo_pobezhdaet_zlo.fb2.zip</filename>
	<title>Курочкин Максим. Бабло побеждает зло</title>
</book>
<book>
	<filename>kurochkin_maksim/kurochkin_maksim_kuhnya.fb2.zip</filename>
	<title>Курочкин Максим. Кухня</title>
</book>
<book>
	<filename>kurochkin_viktor/kurochkin_viktor_nadenka_iz_apalyova.fb2.zip</filename>
	<title>Курочкин Виктор Александрович. Наденька из Апалёва</title>
</book>
<book>
	<filename>kurochkin_viktor/kurochkin_viktor_na_voine_kak_na_voine.fb2.zip</filename>
	<title>Курочкин Виктор Александрович. На войне как на войне</title>
</book>
<book>
	<filename>kurochkin_viktor/kurochkin_viktor_poslednyaya_vesna.fb2.zip</filename>
	<title>Курочкин Виктор Александрович. Последняя весна</title>
</book>
<book>
	<filename>kurochkin_viktor/kurochkin_viktor_sudya_semen_buzykin.fb2.zip</filename>
	<title>Курочкин Виктор Александрович. Судья Семен Бузыкин</title>
</book>
<book>
	<filename>kurochkin_viktor/kurochkin_viktor_urod.fb2.zip</filename>
	<title>Курочкин Виктор Александрович. Урод</title>
</book>
<book>
	<filename>kurochkin_viktor/kurochkin_viktor_zheleznyi_dozhd.fb2.zip</filename>
	<title>Курочкин Виктор Александрович. Железный дождь</title>
</book>
<book>
	<filename>kuroi_syendzi/kuroi_syendzi_nezhdannye_gosti.fb2.zip</filename>
	<title>Курои Сэндзи. Нежданные гости</title>
</book>
<book>
	<filename>kuropatkin_aleksandr/kuropatkin_aleksandr_russkaya_armiya.fb2.zip</filename>
	<title>Куропаткин Александр Николаевич. Русская армия</title>
</book>
<book>
	<filename>kuroyanagi_tyecuko/kuroyanagi_tyecuko_tottotyan_malenkaya_devochka_u_okna.fb2.zip</filename>
	<title>Куроянаги Тэцуко. Тотто-тян, маленькая девочка у окна</title>
</book>
<book>
	<filename>kurpatovakim_liliya/kurpatovakim_liliya_ataka_dzhokera.fb2.zip</filename>
	<title>Курпатова-Ким Лилия. Атака Джокера</title>
</book>
<book>
	<filename>kurpatovakim_liliya/kurpatovakim_liliya_pobeg_iz_yedena.fb2.zip</filename>
	<title>Курпатова-Ким Лилия. Побег из Эдена</title>
</book>
<book>
	<filename>kurpatov_andrei/kurpatov_andrei_21_pravdivyi_otvet_kak_izmenit_otnoshenie_k_zhizni.fb2.zip</filename>
	<title>Курпатов Андрей Владимирович. 21 правдивый ответ. Как изменить отношение к жизни</title>
</book>
<book>
	<filename>kurpatov_andrei/kurpatov_andrei_27_vernyh_sposobov_poluchit_to_chto_hochetsya.fb2.zip</filename>
	<title>Курпатов Андрей Владимирович. 27 верных способов получить то, что хочется</title>
</book>
<book>
	<filename>kurpatov_andrei/kurpatov_andrei_3_oshibki_nashih_roditelei_konflikty_i_kompleksy.fb2.zip</filename>
	<title>Курпатов Андрей. 3 ошибки наших родителей. Конфликты и комплексы</title>
</book>
<book>
	<filename>kurpatov_andrei/kurpatov_andrei_5_spasitelnyh_shagov_ot_depressii_k_radosti.fb2.zip</filename>
	<title>Курпатов Андрей. 5 спасительных шагов. От депрессии к радости</title>
</book>
<book>
	<filename>kurpatov_andrei/kurpatov_andrei_kak_izbavitsya_ot_trevogi_depressii_i_razdrazhitelnosti.fb2.zip</filename>
	<title>Курпатов Андрей Владимирович. Как избавиться от тревоги, депрессии и раздражительности</title>
</book>
<book>
	<filename>kurpatov_andrei/kurpatov_andrei_pyat_velikih_tain_muzhchiny_i_zhenshiny.fb2.zip</filename>
	<title>Курпатов Андрей. Пять великих тайн мужчины и женщины</title>
</book>
<book>
	<filename>kurpatov_andrei/kurpatov_andrei_schastliv_po_sobstvennomu_zhelaniyu_12_shagov_k_dushevnomu_zdorovyu.fb2.zip</filename>
	<title>Курпатов Андрей Владимирович. Счастлив по собственному желанию. 12 шагов к душевному здоровью</title>
</book>
<book>
	<filename>kurpatov_andrei/kurpatov_andrei_s_nevrozom_po_zhizni.fb2.zip</filename>
	<title>Курпатов Андрей Владимирович. С неврозом по жизни</title>
</book>
<book>
	<filename>kurpatov_andrei/kurpatov_andrei_sredstvo_ot_bessonnicy.fb2.zip</filename>
	<title>Курпатов Андрей Владимирович. Средство от бессонницы</title>
</book>
<book>
	<filename>kurpatov_andrei/kurpatov_andrei_sredstvo_ot_depressii.fb2.zip</filename>
	<title>Курпатов Андрей Владимирович. Средство от депрессии</title>
</book>
<book>
	<filename>kurpatov_andrei/kurpatov_andrei_sredstvo_ot_straha.fb2.zip</filename>
	<title>Курпатов Андрей. Средство от страха</title>
</book>
<book>
	<filename>kurpatov_andrei/kurpatov_andrei_sredstvo_ot_ustalosti.fb2.zip</filename>
	<title>Курпатов Андрей. Средство от усталости</title>
</book>
<book>
	<filename>kurpatov_andrei/kurpatov_andrei_sredstvo_ot_vegetososudistoi_distonii.fb2.zip</filename>
	<title>Курпатов Андрей Владимирович. Средство от вегетососудистой дистонии</title>
</book>


</books>