<?xml version="1.0" encoding="UTF-8" ?>
<books>
<book>
	<filename>lavleis_merilin/lavleis_merilin_dyhanie_lyubvi.fb2.zip</filename>
	<title>Лавлейс Мерилин. Дыхание любви</title>
</book>
<book>
	<filename>lavrenov_sergei/lavrenov_sergei_sovetskii_soyuz_v_lokalnyh_voinah_i_konfliktah.fb2.zip</filename>
	<title>Лавренов Сергей. Советский Союз в локальных войнах и конфликтах</title>
</book>
<book>
	<filename>lavrenteva_irina/lavrenteva_irina_krug_obrechennyh.fb2.zip</filename>
	<title>Лаврентьева Ирина. Круг обреченных</title>
</book>
<book>
	<filename>lavrinaitis_viktor/lavrinaitis_viktor_pad_zolotaya.fb2.zip</filename>
	<title>Лавринайтис Виктор Брониславович. Падь Золотая</title>
</book>
<book>
	<filename>lavrinenko_vladimir/lavrinenko_vladimir_filosofiya.fb2.zip</filename>
	<title>Лавриненко Владимир Николаевич. Философия</title>
</book>
<book>
	<filename>lavrov_aleksandr/lavrov_aleksandr_shantazh.fb2.zip</filename>
	<title>Лавров Александр. Шантаж</title>
</book>
<book>
	<filename>lavrova_olga/lavrova_olga_bez_nozha_i_kasteta.fb2.zip</filename>
	<title>Лаврова Ольга. Без ножа и кастета</title>
</book>
<book>
	<filename>lavrova_olga/lavrova_olga_brachnyi_aferist.fb2.zip</filename>
	<title>Лаврова Ольга. Брачный аферист</title>
</book>
<book>
	<filename>lavrova_olga/lavrova_olga_buket_na_prieme.fb2.zip</filename>
	<title>Лаврова Ольга. «Букет» на приеме</title>
</book>
<book>
	<filename>lavrova_olga/lavrova_olga_bumerang.fb2.zip</filename>
	<title>Лаврова Ольга. Бумеранг</title>
</book>
<book>
	<filename>lavrova_olga/lavrova_olga_chernyi_makler.fb2.zip</filename>
	<title>Лаврова Ольга. Черный Маклер</title>
</book>
<book>
	<filename>lavrova_olga/lavrova_olga_do_tretego_vystrela.fb2.zip</filename>
	<title>Лаврова Ольга. До третьего выстрела</title>
</book>
<book>
	<filename>lavrova_olga/lavrova_olga_estestvennaya_ubyl.fb2.zip</filename>
	<title>Лаврова Ольга. Естественная убыль</title>
</book>
<book>
	<filename>lavrova_olga/lavrova_olga_hronika_raskrytiya_odnogo_prestupleniya.fb2.zip</filename>
	<title>Лаврова Ольга. Хроника раскрытия одного преступления</title>
</book>
<book>
	<filename>lavrova_olga/lavrova_olga_iz_zhizni_fruktov.fb2.zip</filename>
	<title>Лаврова Ольга. Из жизни фруктов</title>
</book>
<book>
	<filename>lavrova_olga/lavrova_olga_lyuboi_cenoi.fb2.zip</filename>
	<title>Лаврова Ольга. Любой ценой</title>
</book>
<book>
	<filename>lavrova_olga/lavrova_olga_mafiya.fb2.zip</filename>
	<title>Лаврова Ольга. Мафия</title>
</book>
<book>
	<filename>lavrova_olga/lavrova_olga_on_gdeto_zdes.fb2.zip</filename>
	<title>Лаврова Ольга. Он где-то здесь</title>
</book>
<book>
	<filename>lavrova_olga/lavrova_olga_pobeg.fb2.zip</filename>
	<title>Лаврова Ольга. Побег</title>
</book>
<book>
	<filename>lavrova_olga/lavrova_olga_podpasok_s_ogurcom.fb2.zip</filename>
	<title>Лаврова Ольга. Подпасок с огурцом</title>
</book>
<book>
	<filename>lavrova_olga/lavrova_olga_poludennyi_vor.fb2.zip</filename>
	<title>Лаврова Ольга. Полуденный вор</title>
</book>
<book>
	<filename>lavrova_olga/lavrova_olga_pozhar.fb2.zip</filename>
	<title>Лаврова Ольга. Пожар</title>
</book>
<book>
	<filename>lavrova_olga/lavrova_olga_rasskazhi_rasskazhi_brodyaga.fb2.zip</filename>
	<title>Лаврова Ольга. Расскажи, расскажи, бродяга</title>
</book>
<book>
	<filename>lavrova_olga/lavrova_olga_svidetel.fb2.zip</filename>
	<title>Лаврова Ольга. Свидетель</title>
</book>
<book>
	<filename>lavrova_olga/lavrova_olga_treteiskii_sudya.fb2.zip</filename>
	<title>Лаврова Ольга. Третейский судья</title>
</book>
<book>
	<filename>lavrova_olga/lavrova_olga_ushel_i_ne_vernulsya.fb2.zip</filename>
	<title>Лаврова Ольга. Ушел и не вернулся</title>
</book>
<book>
	<filename>lavrova_olga/lavrova_olga_volshebnye_uzory.fb2.zip</filename>
	<title>Лаврова Ольга. Волшебные узоры</title>
</book>
<book>
	<filename>lavrov_egor/lavrov_egor_dozhdya_segodnya_ne_budet.fb2.zip</filename>
	<title>Лавров Егор. Дождя сегодня не будет</title>
</book>
<book>
	<filename>lavrov_valentin/lavrov_valentin_blud_na_krovi_kniga_pervaya.fb2.zip</filename>
	<title>Лавров Валентин. Блуд на крови. Книга первая</title>
</book>
<book>
	<filename>lavrov_valentin/lavrov_valentin_blud_na_krovi_kniga_vtoraya.fb2.zip</filename>
	<title>Лавров Валентин. Блуд на крови. Книга вторая</title>
</book>
<book>
	<filename>lavsi_andre/lavsi_andre_poluangely.fb2.zip</filename>
	<title>Лавси Андре. Полуангелы</title>
</book>
<book>
	<filename>laymon_richard/laymon_richard_the_stake.fb2.zip</filename>
	<title>Laymon Richard. The Stake</title>
</book>
<book>
	<filename>lazarchuk_andrei/lazarchuk_andrei_derevyannyi_mech.fb2.zip</filename>
	<title>Лазарчук Андрей. Деревянный меч</title>
</book>
<book>
	<filename>lazarchuk_andrei/lazarchuk_andrei_giperboreiskaya_chuma.fb2.zip</filename>
	<title>Лазарчук Андрей. Гиперборейская чума</title>
</book>
<book>
	<filename>lazarchuk_andrei/lazarchuk_andrei_inoe_nebo_chuzhoe_nebo.fb2.zip</filename>
	<title>Лазарчук Андрей. Иное небо [Чужое небо]</title>
</book>
<book>
	<filename>lazarchuk_andrei/lazarchuk_andrei_iz_temnoty.fb2.zip</filename>
	<title>Лазарчук Андрей. Из темноты</title>
</book>
<book>
	<filename>lazarchuk_andrei/lazarchuk_andrei_iz_zhizni_serogo_volka.fb2.zip</filename>
	<title>Лазарчук Андрей. Из жизни серого волка</title>
</book>
<book>
	<filename>lazarchuk_andrei/lazarchuk_andrei_kesarevna_otrada_mezhdu_slavoi_i_smertyu_kniga_pervaya.fb2.zip</filename>
	<title>Лазарчук Андрей. Кесаревна Отрада между славой и смертью. Книга первая</title>
</book>
<book>
	<filename>lazarchuk_andrei/lazarchuk_andrei_kesarevna_otrada_mezhdu_slavoi_i_smertyu_kniga_vtoraya.fb2.zip</filename>
	<title>Лазарчук Андрей. Кесаревна Отрада между славой и смертью. Книга вторая</title>
</book>
<book>
	<filename>lazarchuk_andrei/lazarchuk_andrei_monetka.fb2.zip</filename>
	<title>Лазарчук Андрей. Монетка</title>
</book>
<book>
	<filename>lazarchuk_andrei/lazarchuk_andrei_mumiya.fb2.zip</filename>
	<title>Лазарчук Андрей. Мумия</title>
</book>
<book>
	<filename>lazarchuk_andrei/lazarchuk_andrei_opozdavshie_k_letu.fb2.zip</filename>
	<title>Лазарчук Андрей Геннадьевич. Опоздавшие к лету</title>
</book>
<book>
	<filename>lazarchuk_andrei/lazarchuk_andrei_pilot.fb2.zip</filename>
	<title>Лазарчук Андрей. Пилот</title>
</book>
<book>
	<filename>lazarchuk_andrei/lazarchuk_andrei_posmotri_v_glaza_chudovish.fb2.zip</filename>
	<title>Лазарчук Андрей. Посмотри в глаза чудовищ</title>
</book>
<book>
	<filename>lazarchuk_andrei/lazarchuk_andrei_raz_v_tysyachu_let.fb2.zip</filename>
	<title>Лазарчук Андрей. Раз в тысячу лет</title>
</book>
<book>
	<filename>lazarchuk_andrei/lazarchuk_andrei_sad_ognei.fb2.zip</filename>
	<title>Лазарчук Андрей. Сад огней</title>
</book>
<book>
	<filename>lazarchuk_andrei/lazarchuk_andrei_sentimentalnoe_puteshestvie_na_dvuhmestnoi_mashine_vremeni.fb2.zip</filename>
	<title>Лазарчук Андрей. Сентиментальное путешествие на двухместной машине времени</title>
</book>
<book>
	<filename>lazarchuk_andrei/lazarchuk_andrei_seredina_puti.fb2.zip</filename>
	<title>Лазарчук Андрей. Середина пути</title>
</book>
<book>
	<filename>lazarchuk_andrei/lazarchuk_andrei_shturmfogel.fb2.zip</filename>
	<title>Лазарчук Андрей. Штурмфогель</title>
</book>
<book>
	<filename>lazarchuk_andrei/lazarchuk_andrei_siroty_nebesnye.fb2.zip</filename>
	<title>Лазарчук Андрей. Сироты небесные</title>
</book>
<book>
	<filename>lazarchuk_andrei/lazarchuk_andrei_soldaty_vavilona.fb2.zip</filename>
	<title>Лазарчук Андрей. Солдаты Вавилона</title>
</book>
<book>
	<filename>lazarchuk_andrei/lazarchuk_andrei_stanciya_naznacheniya.fb2.zip</filename>
	<title>Лазарчук Андрей. Станция назначения</title>
</book>
<book>
	<filename>lazarchuk_andrei/lazarchuk_andrei_svyashennyi_mesyac_rin.fb2.zip</filename>
	<title>Лазарчук Андрей. Священный месяц Ринь</title>
</book>
<book>
	<filename>lazarchuk_andrei/lazarchuk_andrei_tam_vdali_za_rekoi.fb2.zip</filename>
	<title>Лазарчук Андрей. Там вдали, за рекой…</title>
</book>
<book>
	<filename>lazarchuk_andrei/lazarchuk_andrei_teplo_i_svet.fb2.zip</filename>
	<title>Лазарчук Андрей. Тепло и свет</title>
</book>
<book>
	<filename>lazarchuk_andrei/lazarchuk_andrei_trankvilium.fb2.zip</filename>
	<title>Лазарчук Андрей. Транквилиум</title>
</book>
<book>
	<filename>lazarchuk_andrei/lazarchuk_andrei_vse_horosho.fb2.zip</filename>
	<title>Лазарчук Андрей. Все хорошо</title>
</book>
<book>
	<filename>lazarchuk_andrei/lazarchuk_andrei_vse_sposobnye_derzhat_oruzhie.fb2.zip</filename>
	<title>Лазарчук Андрей. Все способные держать оружие…</title>
</book>
<book>
	<filename>lazarchuk_andrei/lazarchuk_andrei_yekslibris.fb2.zip</filename>
	<title>Лазарчук Андрей. Экслибрис</title>
</book>
<book>
	<filename>lazarchuk_andrei/lazarchuk_andrei_za_pravo_letat.fb2.zip</filename>
	<title>Лазарчук Андрей. За право летать</title>
</book>
<book>
	<filename>lazarchuk_andrei/lazarchuk_andrei_zerkala.fb2.zip</filename>
	<title>Лазарчук Андрей. Зеркала</title>
</book>
<book>
	<filename>lazarchuk_andrei/lazarchuk_andrei_zhestyanoi_bor.fb2.zip</filename>
	<title>Лазарчук Андрей. Жестяной бор</title>
</book>
<book>
	<filename>lazareva_olga/lazareva_olga_novyi_princip_raboty_s_karmoi.fb2.zip</filename>
	<title>Лазарева Ольга. Новый Принцип работы с Кармой</title>
</book>
<book>
	<filename>lazareva_olga/lazareva_olga_saga_o_vechnosti.fb2.zip</filename>
	<title>Лазарева Ольга. Сага о Вечности</title>
</book>
<book>
	<filename>lazarevich_aleksandr/lazarevich_aleksandr_cherv.fb2.zip</filename>
	<title>ЛАЗАРЕВИЧ Александр. Червь</title>
</book>
<book>
	<filename>lazarevich_aleksandr/lazarevich_aleksandr_set_nanoteh.fb2.zip</filename>
	<title>Лазаревич Александр. Сеть «Нанотех»</title>
</book>
<book>
	<filename>lazhechnikov_ivan/lazhechnikov_ivan_basurman.fb2.zip</filename>
	<title>Лажечников Иван Иванович. Басурман</title>
</book>
<book>
	<filename>lazhechnikov_ivan/lazhechnikov_ivan_ledyanoi_dom.fb2.zip</filename>
	<title>Лажечников Иван Иванович. Ледяной дом</title>
</book>
<book>
	<filename>lazhechnikov_ivan/lazhechnikov_ivan_poslednii_novik.fb2.zip</filename>
	<title>Лажечников Иван Иванович. Последний Новик</title>
</book>
<book>
	<filename>lebedev_aleksandr/lebedev_aleksandr_chaadaev.fb2.zip</filename>
	<title>Лебедев Александр Александрович. Чаадаев</title>
</book>
<book>
	<filename>lebedev_aleksandr/lebedev_aleksandr_otryad_specialnogo_naznacheniya_rus.fb2.zip</filename>
	<title>Лебедев Александр. Отряд специального назначения «Русь»</title>
</book>
<book>
	<filename>lebedev_aleksei/lebedev_aleksei_teni_asgarda.fb2.zip</filename>
	<title>Лебедев Алексей. Тени Асгарда</title>
</book>
<book>
	<filename>lebedev_andrew/lebedev_andrew_tvari.fb2.zip</filename>
	<title>Лебедев Andrew. ТВари</title>
</book>
<book>
	<filename>lebedev_evgenii/lebedev_evgenii_lomonosov.fb2.zip</filename>
	<title>Лебедев Евгений Николаевич. Ломоносов</title>
</book>
<book>
	<filename>lebedev_gleb/lebedev_gleb_yepoha_vikingov_v_severnoi_evrope.fb2.zip</filename>
	<title>Лебедев Глеб Сергеевич. Эпоха викингов в Северной Европе</title>
</book>
<book>
	<filename>lebedev_valerii/lebedev_valerii_seksualnaya_babushka_leni_rifenshtal.fb2.zip</filename>
	<title>Лебедев Валерий. Сексуальная бабушка Лени Рифеншталь</title>
</book>
<book>
	<filename>lebedev_yurii/lebedev_yurii_turgenev.fb2.zip</filename>
	<title>Лебедев Юрий. Тургенев</title>
</book>
<book>
	<filename>leblan_moris/leblan_moris_adskaya_lovushka.fb2.zip</filename>
	<title>Леблан Морис. Адская ловушка</title>
</book>
<book>
	<filename>leblan_moris/leblan_moris_arest_arsena_lyupyena.fb2.zip</filename>
	<title>Леблан Морис. Арест Арсена Люпэна</title>
</book>
<book>
	<filename>leblan_moris/leblan_moris_arsena_lyupena_obokrali.fb2.zip</filename>
	<title>Леблан Морис. Арсена Люпена обокрали</title>
</book>
<book>
	<filename>leblan_moris/leblan_moris_arsen_lyupen_blagorodnyi_grabitel.fb2.zip</filename>
	<title>Леблан Морис. Арсен Люпен — благородный грабитель</title>
</book>
<book>
	<filename>leblan_moris/leblan_moris_arsen_lyupen_protiv_herloka_sholmsa.fb2.zip</filename>
	<title>Леблан Морис. Арсен Люпен против Херлока Шолмса</title>
</book>
<book>
	<filename>leblan_moris/leblan_moris_arsen_lyupyen_v_tyurme.fb2.zip</filename>
	<title>Леблан Морис. Арсен Люпэн в тюрьме</title>
</book>
<book>
	<filename>leblan_moris/leblan_moris_chernaya_zhemchuzhina.fb2.zip</filename>
	<title>Леблан Морис. Черная жемчужина</title>
</book>
<book>
	<filename>leblan_moris/leblan_moris_denezhnyi_shkaf_madam_yember.fb2.zip</filename>
	<title>Леблан Морис. Денежный шкаф мадам Эмбер</title>
</book>
<book>
	<filename>leblan_moris/leblan_moris_grafinya_kaliostro.fb2.zip</filename>
	<title>Леблан Морис. Графиня Калиостро</title>
</book>
<book>
	<filename>leblan_moris/leblan_moris_hrustalnaya_probka.fb2.zip</filename>
	<title>Леблан Морис. Хрустальная пробка</title>
</book>
<book>
	<filename>leblan_moris/leblan_moris_kanatnaya_plyasunya.fb2.zip</filename>
	<title>Леблан Морис. Канатная плясунья</title>
</book>
<book>
	<filename>leblan_moris/leblan_moris_krasnyi_sharf.fb2.zip</filename>
	<title>Леблан Морис. Красный шарф</title>
</book>
<book>
	<filename>leblan_moris/leblan_moris_literaturnyi_debyut.fb2.zip</filename>
	<title>Леблан Морис. Литературный дебют</title>
</book>
<book>
	<filename>leblan_moris/leblan_moris_neobychainye_priklyucheniya_arsena_lyupena.fb2.zip</filename>
	<title>Леблан Морис. Необычайные приключения Арсена Люпена</title>
</book>
<book>
	<filename>leblan_moris/leblan_moris_ostrov_tridcati_grobov.fb2.zip</filename>
	<title>Леблан Морис. Остров тридцати гробов</title>
</book>
<book>
	<filename>leblan_moris/leblan_moris_ozherele_korolevy.fb2.zip</filename>
	<title>Леблан Морис. Ожерелье королевы</title>
</book>
<book>
	<filename>leblan_moris/leblan_moris_polaya_igla.fb2.zip</filename>
	<title>Леблан Морис. Полая игла</title>
</book>
<book>
	<filename>leblan_moris/leblan_moris_po_podskazke_teni.fb2.zip</filename>
	<title>Леблан Морис. По подсказке тени</title>
</book>
<book>
	<filename>leblan_moris/leblan_moris_poslednie_pohozhdeniya_arsena_lyupyena_chast_i_dvoinaya_zhizn_arsena_lyupyena.fb2.zip</filename>
	<title>Леблан Морис. Последние похождения Арсена Люпэна. Часть I: Двойная жизнь Арсена Люпэна</title>
</book>
<book>
	<filename>leblan_moris/leblan_moris_poslednie_pohozhdeniya_arsena_lyupyena_chast_ii_tri_ubiistva_arsena_lyupyena.fb2.zip</filename>
	<title>Леблан Морис. Последние похождения Арсена Люпэна. Часть II: Три убийства Арсена Люпэна</title>
</book>
<book>
	<filename>leblan_moris/leblan_moris_sherlok_holms_prihodit_pozdno.fb2.zip</filename>
	<title>Леблан Морис. Шерлок Холмс приходит поздно</title>
</book>
<book>
	<filename>leblan_moris/leblan_moris_smert_brodit_vokrug.fb2.zip</filename>
	<title>Леблан Морис. Смерть бродит вокруг</title>
</book>
<book>
	<filename>leblan_moris/leblan_moris_solnechnye_zaichiki.fb2.zip</filename>
	<title>Леблан Морис. Солнечные зайчики</title>
</book>
<book>
	<filename>leblan_moris/leblan_moris_viktor_iz_svetskoi_brigady.fb2.zip</filename>
	<title>Леблан Морис. Виктор из светской бригады</title>
</book>
<book>
	<filename>leblan_moris/leblan_moris_vosem_udarov_stennyh_chasov.fb2.zip</filename>
	<title>Леблан Морис. Восемь ударов стенных часов</title>
</book>
<book>
	<filename>leblan_moris/leblan_moris_yedit_lebedinaya_sheya.fb2.zip</filename>
	<title>Леблан Морис. Эдит Лебединая Шея</title>
</book>
<book>
	<filename>leblan_moris/leblan_moris_zhenitba_arsena_lyupena.fb2.zip</filename>
	<title>Леблан Морис. Женитьба Арсена Люпена</title>
</book>
<book>
	<filename>leblan_moris/leblan_moris_zolotoi_treugolnik.fb2.zip</filename>
	<title>Леблан Морис. Золотой треугольник</title>
</book>
<book>
	<filename>leblan_moris/leblan_moris_zuby_tigra.fb2.zip</filename>
	<title>Леблан Морис. Зубы тигра</title>
</book>
<book>
	<filename>lebo_maikl/lebo_maikl_zalozhnik_yemocii.fb2.zip</filename>
	<title>Лебо Майкл. Заложник эмоций</title>
</book>
<book>
	<filename>lebryen_mishel/lebryen_mishel_fotorobot.fb2.zip</filename>
	<title>Лебрэн Мишель. Фоторобот</title>
</book>
<book>
	<filename>lebryen_mishel/lebryen_mishel_po_zadaniyu_prestupnogo_sindikata.fb2.zip</filename>
	<title>Лебрэн Мишель. По заданию преступного синдиката</title>
</book>
<book>
	<filename>leczy_/leczy__leczy_perevod_ld_pozdneevoi.fb2.zip</filename>
	<title>Ле-цзы. Лецзы (перевод Л.Д. Позднеевой)</title>
</book>
<book>
	<filename>leczy_/leczy__leczy_perevod_vv_malyavina.fb2.zip</filename>
	<title>Ле-цзы. Ле-цзы (перевод В.В. Малявина)</title>
</book>
<book>
	<filename>ledbiter_charlz_uyebster/ledbiter_charlz_uyebster_sny_chto_yeto_takoe_i_kak_oni_vyzyvayutsya.fb2.zip</filename>
	<title>Ледбитер Чарлз Уэбстер. Сны. Что это такое и как они вызываются</title>
</book>
<book>
	<filename>ledenev_viktor/ledenev_viktor_vetnamskii_kokteil.fb2.zip</filename>
	<title>Леденев Виктор. Вьетнамский коктейль</title>
</book>
<book>
	<filename>ledzhen_tamara/ledzhen_tamara_skandal_i_greh.fb2.zip</filename>
	<title>Леджен Тамара. Скандал и грех</title>
</book>
<book>
	<filename>leer_helen/leer_helen_shotlandskaya_krasavica.fb2.zip</filename>
	<title>Леер Хелен. Шотландская красавица</title>
</book>
<book>
	<filename>lefevr_yedvin/lefevr_yedvin_vospominaniya_birzhevogo_spekulyanta.fb2.zip</filename>
	<title>Лефевр Эдвин. Воспоминания биржевого спекулянта</title>
</book>
<book>
	<filename>lefort_gertrud/lefort_gertrud_bashnya_postoyanstva.fb2.zip</filename>
	<title>Лефорт Гертруд фон. Башня Постоянства</title>
</book>
<book>
	<filename>lefort_gertrud/lefort_gertrud_doch_ieffaya.fb2.zip</filename>
	<title>Лефорт Гертруд фон. Дочь Иеффая</title>
</book>
<book>
	<filename>lefort_gertrud/lefort_gertrud_plat_svyatoi_veroniki.fb2.zip</filename>
	<title>Лефорт Гертруд фон. Плат Святой Вероники</title>
</book>
<book>
	<filename>lefort_gertrud/lefort_gertrud_preddverie_neba.fb2.zip</filename>
	<title>Лефорт Гертруд фон. Преддверие неба</title>
</book>
<book>
	<filename>lefort_gertrud/lefort_gertrud_sud_morya.fb2.zip</filename>
	<title>Лефорт Гертруд фон. Суд моря</title>
</book>
<book>
	<filename>lefort_gertrud/lefort_gertrud_venok_angelov.fb2.zip</filename>
	<title>Лефорт Гертруд фон. Венок ангелов</title>
</book>
<book>
	<filename>lefort_gertrud/lefort_gertrud_zhena_pilata.fb2.zip</filename>
	<title>Лефорт Гертруд фон. Жена Пилата</title>
</book>
<book>
	<filename>legasov_valerii/legasov_valerii_ob_avarii_na_chernobylskoi_ayes.fb2.zip</filename>
	<title>Легасов Валерий Алексеевич. Об аварии на Чернобыльской АЭС</title>
</book>
<book>
	<filename>legler_viktor/legler_viktor_yuzhnee_sahary.fb2.zip</filename>
	<title>Леглер Виктор Альбертович. Южнее Сахары</title>
</book>
<book>
	<filename>le_goff_zhak/le_goff_zhak_civilizaciya_srednevekovogo_zapada.fb2.zip</filename>
	<title>Ле Гофф Жак. Цивилизация средневекового Запада</title>
</book>
<book>
	<filename>le_goff_zhak/le_goff_zhak_intellektualy_v_srednie_veka.fb2.zip</filename>
	<title>ле Гофф Жак. Интеллектуалы в средние века</title>
</book>
<book>
	<filename>legostaev_andrei/legostaev_andrei_durnoi_bill.fb2.zip</filename>
	<title>Легостаев Андрей. Дурной Билл</title>
</book>
<book>
	<filename>legostaev_andrei/legostaev_andrei_honsepsiya.fb2.zip</filename>
	<title>Легостаев Андрей. Хонсепсия</title>
</book>
<book>
	<filename>legostaev_andrei/legostaev_andrei_kanun_armageddona.fb2.zip</filename>
	<title>Легостаев Андрей. Канун Армагеддона</title>
</book>
<book>
	<filename>legostaev_andrei/legostaev_andrei_koridor_sudby.fb2.zip</filename>
	<title>Легостаев Андрей. Коридор судьбы</title>
</book>
<book>
	<filename>legostaev_andrei/legostaev_andrei_lestnica_na_kryshu_neboskreba.fb2.zip</filename>
	<title>Легостаев Андрей. Лестница на крышу небоскреба</title>
</book>
<book>
	<filename>legostaev_andrei/legostaev_andrei_lyubov_opasnee_mecha.fb2.zip</filename>
	<title>Легостаев Андрей. Любовь опаснее меча</title>
</book>
<book>
	<filename>legostaev_andrei/legostaev_andrei_lyubov_prekrasnee_mecha.fb2.zip</filename>
	<title>Легостаев Андрей. Любовь прекраснее меча</title>
</book>
<book>
	<filename>legostaev_andrei/legostaev_andrei_lyubov_silnee_mecha.fb2.zip</filename>
	<title>Легостаев Андрей. Любовь сильнее меча</title>
</book>
<book>
	<filename>legostaev_andrei/legostaev_andrei_poslednee_prorochestvo.fb2.zip</filename>
	<title>Легостаев Андрей. Последнее пророчество</title>
</book>
<book>
	<filename>legostaev_andrei/legostaev_andrei_razbitye_skrizhali.fb2.zip</filename>
	<title>Легостаев Андрей. Разбитые скрижали</title>
</book>
<book>
	<filename>legostaev_andrei/legostaev_andrei_rycar_bez_ordena.fb2.zip</filename>
	<title>Легостаев Андрей. Рыцарь без ордена</title>
</book>
<book>
	<filename>legostaev_andrei/legostaev_andrei_shahriyarskaya_carica.fb2.zip</filename>
	<title>Легостаев Андрей. Шахриярская царица</title>
</book>
<book>
	<filename>legostaev_andrei/legostaev_andrei_tron_valuzii.fb2.zip</filename>
	<title>Легостаев Андрей. Трон Валузии</title>
</book>
<book>
	<filename>legostaev_andrei/legostaev_andrei_zamok_pyatnistoi_rozy.fb2.zip</filename>
	<title>Легостаев Андрей. Замок Пятнистой Розы</title>
</book>
<book>
	<filename>legran_klod/legran_klod_po_merke.fb2.zip</filename>
	<title>Легран Клод. По мерке</title>
</book>
<book>
	<filename>le_guin_ursula/le_guin_ursula_an_die_music.fb2.zip</filename>
	<title>Ле Гуин Урсула. An die music</title>
</book>
<book>
	<filename>le_guin_ursula/le_guin_ursula_arfa_gvilan.fb2.zip</filename>
	<title>Ле Гуин Урсула. Арфа Гвилан</title>
</book>
<book>
	<filename>le_guin_ursula/le_guin_ursula_avtor_zapisok_na_semenah_akacii.fb2.zip</filename>
	<title>Ле Гуин Урсула. Автор «записок на семенах акации»</title>
</book>
<book>
	<filename>le_guin_ursula/le_guin_ursula_belyi_osel.fb2.zip</filename>
	<title>Ле Гуин Урсула. Белый осел</title>
</book>
<book>
	<filename>le_guin_ursula/le_guin_ursula_bratya_i_sestry.fb2.zip</filename>
	<title>Ле Гуин Урсула. Братья и сестры</title>
</book>
<book>
	<filename>le_guin_ursula/le_guin_ursula_chetyre_puti_k_prosheniyu.fb2.zip</filename>
	<title>Ле Гуин Урсула. Четыре пути к прощению</title>
</book>
<book>
	<filename>le_guin_ursula/le_guin_ursula_den_prosheniya.fb2.zip</filename>
	<title>Ле Гуин Урсула. День Прощения</title>
</book>
<book>
	<filename>le_guin_ursula/le_guin_ursula_den_rozhdeniya_mira.fb2.zip</filename>
	<title>Ле Гуин Урсула. День рождения мира</title>
</book>
<book>
	<filename>le_guin_ursula/le_guin_ursula_devyat_zhiznei.fb2.zip</filename>
	<title>Ле Гуин Урсула. Девять жизней</title>
</book>
<book>
	<filename>le_guin_ursula/le_guin_ursula_dnevnik_rozy.fb2.zip</filename>
	<title>Ле Гуин Урсула. Дневник Розы</title>
</book>
<book>
	<filename>le_guin_ursula/le_guin_ursula_dom.fb2.zip</filename>
	<title>Ле Гуин Урсула. Дом</title>
</book>
<book>
	<filename>le_guin_ursula/le_guin_ursula_dve_zaderzhki_na_severnoi_linii.fb2.zip</filename>
	<title>Ле Гуин Урсула. Две задержки на Северной линии</title>
</book>
<book>
	<filename>le_guin_ursula/le_guin_ursula_eshe_odna_istoriya_ili_rybak_iz_vnutrimorya.fb2.zip</filename>
	<title>Ле Гуин Урсула. Еще одна история, или рыбак из Внутриморья</title>
</book>
<book>
	<filename>le_guin_ursula/le_guin_ursula_glaz_capli.fb2.zip</filename>
	<title>Ле Гуин Урсула. Глаз цапли</title>
</book>
<book>
	<filename>le_guin_ursula/le_guin_ursula_gorod_illyuzii.fb2.zip</filename>
	<title>Ле Гуин Урсула. Город иллюзий</title>
</book>
<book>
	<filename>le_guin_ursula/le_guin_ursula_grobnicy_atuana.fb2.zip</filename>
	<title>Ле Гуин Урсула. Гробницы Атуана</title>
</book>
<book>
	<filename>le_guin_ursula/le_guin_ursula_hozyaika_zamka_moge.fb2.zip</filename>
	<title>Ле Гуин Урсула. Хозяйка замка Моге</title>
</book>
<book>
	<filename>le_guin_ursula/le_guin_ursula_istoriya_shobikov.fb2.zip</filename>
	<title>Ле Гуин Урсула. История «Шобиков»</title>
</book>
<book>
	<filename>le_guin_ursula/le_guin_ursula_izmenit_vzglyad.fb2.zip</filename>
	<title>Ле Гуин Урсула. Изменить взгляд</title>
</book>
<book>
	<filename>le_guin_ursula/le_guin_ursula_kerastion.fb2.zip</filename>
	<title>Ле Гуин Урсула. Керастион</title>
</book>
<book>
	<filename>le_guin_ursula/le_guin_ursula_korol_planety_zima.fb2.zip</filename>
	<title>Ле Гуин Урсула. Король планеты Зима</title>
</book>
<book>
	<filename>le_guin_ursula/le_guin_ursula_kurgan.fb2.zip</filename>
	<title>Ле Гуин Урсула. Курган</title>
</book>
<book>
	<filename>le_guin_ursula/le_guin_ursula_levaya_ruka_tmy.fb2.zip</filename>
	<title>Ле Гуин Урсула. Левая рука Тьмы</title>
</book>
<book>
	<filename>le_guin_ursula/le_guin_ursula_mastera.fb2.zip</filename>
	<title>Ле Гуин Урсула. Мастера</title>
</book>
<book>
	<filename>le_guin_ursula/le_guin_ursula_muzh_roda_stse.fb2.zip</filename>
	<title>Ле Гуин Урсула. Муж рода Стсе</title>
</book>
<book>
	<filename>le_guin_ursula/le_guin_ursula_muzyka_bylogo_i_rabyni.fb2.zip</filename>
	<title>Ле Гуин Урсула. Музыка былого и рабыни</title>
</book>
<book>
	<filename>le_guin_ursula/le_guin_ursula_na_inyh_vetrah.fb2.zip</filename>
	<title>Ле Гуин Урсула. На иных ветрах</title>
</book>
<book>
	<filename>le_guin_ursula/le_guin_ursula_na_poslednem_beregu.fb2.zip</filename>
	<title>Ле Гуин Урсула. На последнем берегу</title>
</book>
<book>
	<filename>le_guin_ursula/le_guin_ursula_nedelya_za_gorodom.fb2.zip</filename>
	<title>Ле Гуин Урсула. Неделя за городом</title>
</book>
<book>
	<filename>le_guin_ursula/le_guin_ursula_obezdolennyi.fb2.zip</filename>
	<title>Ле Гуин Урсула. Обездоленный</title>
</book>
<book>
	<filename>le_guin_ursula/le_guin_ursula_obshirnei_i_medlitelnei_imperii.fb2.zip</filename>
	<title>Ле Гуин Урсула. Обширней и медлительней империй</title>
</book>
<book>
	<filename>le_guin_ursula/le_guin_ursula_oderzhavshii_pobedu.fb2.zip</filename>
	<title>Ле Гуин Урсула. Одержавший победу</title>
</book>
<book>
	<filename>le_guin_ursula/le_guin_ursula_okrug_myelhyu.fb2.zip</filename>
	<title>Ле Гуин Урсула. Округ Мэлхью</title>
</book>
<book>
	<filename>le_guin_ursula/le_guin_ursula_osvobozhdayushee_zaklyate.fb2.zip</filename>
	<title>Ле Гуин Урсула. Освобождающее заклятье</title>
</book>
<book>
	<filename>le_guin_ursula/le_guin_ursula_osvobozhdenie_zhenshiny.fb2.zip</filename>
	<title>Ле Гуин Урсула. Освобождение женщины</title>
</book>
<book>
	<filename>le_guin_ursula/le_guin_ursula_planeta_izgnaniya.fb2.zip</filename>
	<title>Ле Гуин Урсула. Планета изгнания</title>
</book>
<book>
	<filename>le_guin_ursula/le_guin_ursula_planeta_rokannona.fb2.zip</filename>
	<title>Ле Гуин Урсула. Планета Роканнона</title>
</book>
<book>
	<filename>le_guin_ursula/le_guin_ursula_pole_zreniya.fb2.zip</filename>
	<title>Ле Гуин Урсула. Поле зрения</title>
</book>
<book>
	<filename>le_guin_ursula/le_guin_ursula_porog.fb2.zip</filename>
	<title>Ле Гуин Урсула. Порог</title>
</book>
<book>
	<filename>le_guin_ursula/le_guin_ursula_pravilo_imen.fb2.zip</filename>
	<title>Ле Гуин Урсула. Правило имен</title>
</book>
<book>
	<filename>le_guin_ursula/le_guin_ursula_problemy_vnutrennei_svyazi.fb2.zip</filename>
	<title>Ле Гуин Урсула. Проблемы внутренней связи</title>
</book>
<book>
	<filename>le_guin_ursula/le_guin_ursula_proklyatyi_dar.fb2.zip</filename>
	<title>Ле Гуин Урсула. Проклятый дар</title>
</book>
<book>
	<filename>le_guin_ursula/le_guin_ursula_rasskaz_zheny.fb2.zip</filename>
	<title>Ле Гуин Урсула. Рассказ жены</title>
</book>
<book>
	<filename>le_guin_ursula/le_guin_ursula_rezec_nebesnyi.fb2.zip</filename>
	<title>Ле Гуин Урсула. Резец небесный</title>
</book>
<book>
	<filename>le_guin_ursula/le_guin_ursula_shkatulka_s_temnotoi.fb2.zip</filename>
	<title>Ле Гуин Урсула. Шкатулка с темнотой</title>
</book>
<book>
	<filename>le_guin_ursula/le_guin_ursula_slovo_dlya_mira_i_lesa_odno.fb2.zip</filename>
	<title>Ле Гуин Урсула. Слово для мира и леса одно</title>
</book>
<book>
	<filename>le_guin_ursula/le_guin_ursula_slovo_osvobozhdeniya.fb2.zip</filename>
	<title>Ле Гуин Урсула. Слово Освобождения</title>
</book>
<book>
	<filename>le_guin_ursula/le_guin_ursula_son_nyutona.fb2.zip</filename>
	<title>Ле Гуин Урсула. Сон Ньютона</title>
</book>
<book>
	<filename>le_guin_ursula/le_guin_ursula_sur.fb2.zip</filename>
	<title>Ле Гуин Урсула. Sur</title>
</book>
<book>
	<filename>le_guin_ursula/le_guin_ursula_tancuya_ganam.fb2.zip</filename>
	<title>Ле Гуин Урсула. Танцуя Ганам</title>
</book>
<book>
	<filename>le_guin_ursula/le_guin_ursula_tehanu_poslednyaya_kniga_zemnomorya.fb2.zip</filename>
	<title>Ле Гуин Урсула. Техану. Последняя книга Земноморья</title>
</book>
<book>
	<filename>le_guin_ursula/le_guin_ursula_vdogonku.fb2.zip</filename>
	<title>Ле Гуин Урсула. Вдогонку</title>
</book>
<book>
	<filename>le_guin_ursula/le_guin_ursula_veshi.fb2.zip</filename>
	<title>Ле Гуин Урсула. Вещи</title>
</book>
<book>
	<filename>le_guin_ursula/le_guin_ursula_voda_shiroka.fb2.zip</filename>
	<title>Ле Гуин Урсула. Вода широка</title>
</book>
<book>
	<filename>le_guin_ursula/le_guin_ursula_volnovoi_kot.fb2.zip</filename>
	<title>Ле Гуин Урсула. Волновой кот</title>
</book>
<book>
	<filename>le_guin_ursula/le_guin_ursula_volshebnik_zemnomorya.fb2.zip</filename>
	<title>Ле Гуин Урсула. Волшебник Земноморья</title>
</book>
<book>
	<filename>le_guin_ursula/le_guin_ursula_voobrazhaemye_strany.fb2.zip</filename>
	<title>Ле Гуин Урсула. Воображаемые страны</title>
</book>
<book>
	<filename>le_guin_ursula/le_guin_ursula_vsegda_vozvrashayas_domoi.fb2.zip</filename>
	<title>Ле Гуин Урсула. Всегда возвращаясь домой</title>
</book>
<book>
	<filename>le_guin_ursula/le_guin_ursula_vymyshlenoe_puteshestvie.fb2.zip</filename>
	<title>Ле Гуин Урсула. Вымышленое путешествие</title>
</book>
<book>
	<filename>le_guin_ursula/le_guin_ursula_yasherka.fb2.zip</filename>
	<title>Ле Гуин Урсула. Ящерка</title>
</book>
<book>
	<filename>le_guin_ursula/le_guin_ursula_za_den_do_revolyucii.fb2.zip</filename>
	<title>Ле Гуин Урсула. За день до революции</title>
</book>
<book>
	<filename>le_guin_ursula/le_guin_ursula_zeskra.fb2.zip</filename>
	<title>Ле Гуин Урсула. Зескра</title>
</book>
<book>
	<filename>le_guin_ursula/le_guin_ursula_zvezdy_pod_nogami.fb2.zip</filename>
	<title>Ле Гуин Урсула. Звезды под ногами</title>
</book>
<book>
	<filename>leguin_ursula/leguin_ursula_tehanu_the_last_book_of_earthsea.fb2.zip</filename>
	<title>LeGuin Ursula Kroeber. Tehanu The Last Book of Earthsea</title>
</book>
<book>
	<filename>leiber_fric/leiber_fric_bolshoe_vremya.fb2.zip</filename>
	<title>Лейбер Фриц. Большое время</title>
</book>
<book>
	<filename>leiber_fric/leiber_fric_chelovek_kotoryi_druzhil_s_yelektrichestvom.fb2.zip</filename>
	<title>Лейбер Фриц. Человек, который дружил с электричеством</title>
</book>
<book>
	<filename>leiber_fric/leiber_fric_da_skroetsya_mgla.fb2.zip</filename>
	<title>Лейбер Фриц. Да скроется мгла!</title>
</book>
<book>
	<filename>leiber_fric/leiber_fric_demon_iz_tykvy.fb2.zip</filename>
	<title>Лейбер Фриц. Демон из тыквы</title>
</book>
<book>
	<filename>leiber_fric/leiber_fric_gryadet_pora_razvlechenii.fb2.zip</filename>
	<title>Лейбер Фриц. Грядет пора развлечений</title>
</book>
<book>
	<filename>leiber_fric/leiber_fric_kogda_ostaetsya_tolko_bezhat.fb2.zip</filename>
	<title>Лейбер Фриц. Когда остается только бежать</title>
</book>
<book>
	<filename>leiber_fric/leiber_fric_korabl_prizrakov.fb2.zip</filename>
	<title>Лейбер Фриц. Корабль призраков</title>
</book>
<book>
	<filename>leiber_fric/leiber_fric_krupinka_temnogo_carstva.fb2.zip</filename>
	<title>Лейбер Фриц. Крупинка Темного Царства</title>
</book>
<book>
	<filename>leiber_fric/leiber_fric_mariana.fb2.zip</filename>
	<title>Лейбер Фриц. Мариана</title>
</book>
<book>
	<filename>leiber_fric/leiber_fric_mechi_i_chernaya_magiya.fb2.zip</filename>
	<title>Лейбер Фриц. Мечи и черная магия</title>
</book>
<book>
	<filename>leiber_fric/leiber_fric_mechi_i_ledovaya_magiya.fb2.zip</filename>
	<title>Лейбер Фриц. Мечи и ледовая магия</title>
</book>
<book>
	<filename>leiber_fric/leiber_fric_mechi_lankmara.fb2.zip</filename>
	<title>Лейбер Фриц. Мечи Ланкмара</title>
</book>
<book>
	<filename>leiber_fric/leiber_fric_mechi_protiv_koldovstva.fb2.zip</filename>
	<title>Лейбер Фриц. Мечи против колдовства</title>
</book>
<book>
	<filename>leiber_fric/leiber_fric_mechi_protiv_smerti.fb2.zip</filename>
	<title>Лейбер Фриц. Мечи против смерти</title>
</book>
<book>
	<filename>leiber_fric/leiber_fric_mechi_v_tumane.fb2.zip</filename>
	<title>Лейбер Фриц. Мечи в тумане</title>
</book>
<book>
	<filename>leiber_fric/leiber_fric_nasledstvo.fb2.zip</filename>
	<title>Лейбер Фриц. Наследство</title>
</book>
<book>
	<filename>leiber_fric/leiber_fric_nemnogo_mira_tmy.fb2.zip</filename>
	<title>Лейбер Фриц Ройтер. Немного мира тьмы</title>
</book>
<book>
	<filename>leiber_fric/leiber_fric_noch_volka.fb2.zip</filename>
	<title>Лейбер Фриц. Ночь волка</title>
</book>
<book>
	<filename>leiber_fric/leiber_fric_obvenchannyi_s_prostranstvom_i_vremenem.fb2.zip</filename>
	<title>Лейбер Фриц. Обвенчанный с пространством и временем</title>
</book>
<book>
	<filename>leiber_fric/leiber_fric_pobrosayuka_ya_kosti.fb2.zip</filename>
	<title>Лейбер Фриц. Побросаю-ка я кости</title>
</book>
<book>
	<filename>leiber_fric/leiber_fric_serebryanye_yaiceglavy.fb2.zip</filename>
	<title>Лейбер Фриц. Серебряные яйцеглавы</title>
</book>
<book>
	<filename>leiber_fric/leiber_fric_stol_polnyi_devchonok.fb2.zip</filename>
	<title>Лейбер Фриц Ройтер. Стол полный девчонок</title>
</book>
<book>
	<filename>leiber_fric/leiber_fric_strannik.fb2.zip</filename>
	<title>Лейбер Фриц. Странник</title>
</book>
<book>
	<filename>leiber_fric/leiber_fric_trebuetsya_nepriyatel.fb2.zip</filename>
	<title>Лейбер Фриц. Требуется неприятель</title>
</book>
<book>
	<filename>leiber_fric/leiber_fric_valet_mechei.fb2.zip</filename>
	<title>Лейбер Фриц. Валет мечей</title>
</book>
<book>
	<filename>leiber_fric/leiber_fric_vedma.fb2.zip</filename>
	<title>Лейбер Фриц. Ведьма</title>
</book>
<book>
	<filename>leiber_fric/leiber_fric_vedro_vozduha.fb2.zip</filename>
	<title>Лейбер Фриц. Ведро воздуха</title>
</book>
<book>
	<filename>leiber_fric/leiber_fric_vlast_kukol.fb2.zip</filename>
	<title>Лейбер Фриц. Власть кукол</title>
</book>
<book>
	<filename>leiber_fric/leiber_fric_zelenoe_tysyacheletie.fb2.zip</filename>
	<title>Лейбер Фриц Ройтер. Зеленое тысячелетие</title>
</book>

</books>

