<?xml version="1.0" encoding="UTF-8" ?>
<books>
<book>
	<filename>leru_gaston/leru_gaston_rokovoe_kreslo.fb2.zip</filename>
	<title>Леру Гастон. Роковое кресло</title>
</book>
<book>
	<filename>leru_gaston/leru_gaston_taina_zheltoi_komnaty.fb2.zip</filename>
	<title>Леру Гастон. Тайна желтой комнаты</title>
</book>
<book>
	<filename>le_ruzh_gyustav/le_ruzh_gyustav_voina_vampirov.fb2.zip</filename>
	<title>Ле Руж Гюстав. Война вампиров</title>
</book>
<book>
	<filename>leruzh_gyustav/leruzh_gyustav_voina_vampirov.fb2.zip</filename>
	<title>Леруж Гюстав. Война вампиров</title>
</book>
<book>
	<filename>le_shan_yeda/le_shan_yeda_kogda_vash_rebenok_svodit_vas_s_uma.fb2.zip</filename>
	<title>Ле Шан Эда. Когда ваш ребенок сводит вас с ума</title>
</book>
<book>
	<filename>leshenko_vladimir/leshenko_vladimir_tornanvarvar_i_zhezl_tiamat.fb2.zip</filename>
	<title>Лещенко Владимир. Торнан-варвар и жезл Тиамат</title>
</book>
<book>
	<filename>leshenko_vladimir/leshenko_vladimir_zvezdnaya_pyl.fb2.zip</filename>
	<title>Лещенко Владимир. Звездная пыль</title>
</book>
<book>
	<filename>lesin_evgenii/lesin_evgenii_po_kabakam_i_miram.fb2.zip</filename>
	<title>Лесин Евгений. По Кабакам и Мирам</title>
</book>
<book>
	<filename>leskov_nikolai/leskov_nikolai_administrativnaya_graciya.fb2.zip</filename>
	<title>Лесков Николай Семёнович. Административная грация</title>
</book>
<book>
	<filename>leskov_nikolai/leskov_nikolai_arhiereiskie_obezdy.fb2.zip</filename>
	<title>Лесков Николай Семёнович. Архиерейские объезды</title>
</book>
<book>
	<filename>leskov_nikolai/leskov_nikolai_besstydnik.fb2.zip</filename>
	<title>Лесков Николай Семёнович. Бесстыдник</title>
</book>
<book>
	<filename>leskov_nikolai/leskov_nikolai_chas_voli_bozhiei_skazka.fb2.zip</filename>
	<title>Лесков Николай Семёнович. Час воли божией (сказка)</title>
</book>
<book>
	<filename>leskov_nikolai/leskov_nikolai_chelovek_na_chasah.fb2.zip</filename>
	<title>Лесков Николай Семёнович. Человек на часах</title>
</book>
<book>
	<filename>leskov_nikolai/leskov_nikolai_dama_i_fefela.fb2.zip</filename>
	<title>Лесков Николай Семёнович. Дама и фефела</title>
</book>
<book>
	<filename>leskov_nikolai/leskov_nikolai_dama_i_fefyola.fb2.zip</filename>
	<title>Лесков Николай Семёнович. Дама и фефёла</title>
</book>
<book>
	<filename>leskov_nikolai/leskov_nikolai_durachok.fb2.zip</filename>
	<title>Лесков Николай Семёнович. Дурачок</title>
</book>
<book>
	<filename>leskov_nikolai/leskov_nikolai_eparhialnyi_sud.fb2.zip</filename>
	<title>Лесков Николай Семёнович. Епархиальный суд</title>
</book>
<book>
	<filename>leskov_nikolai/leskov_nikolai_gora.fb2.zip</filename>
	<title>Лесков Николай Семёнович. Гора</title>
</book>
<book>
	<filename>leskov_nikolai/leskov_nikolai_grabezh.fb2.zip</filename>
	<title>Лесков Николай Семёнович. Грабеж</title>
</book>
<book>
	<filename>leskov_nikolai/leskov_nikolai_improvizatory.fb2.zip</filename>
	<title>Лесков Николай Семёнович. Импровизаторы</title>
</book>
<book>
	<filename>leskov_nikolai/leskov_nikolai_kadetskii_monastyr.fb2.zip</filename>
	<title>Лесков Николай Семёнович. Кадетский монастырь</title>
</book>
<book>
	<filename>leskov_nikolai/leskov_nikolai_kotin_doilec_i_platonida.fb2.zip</filename>
	<title>Лесков Николай Семёнович. Котин доилец и Платонида</title>
</book>
<book>
	<filename>leskov_nikolai/leskov_nikolai_ledi_makbet_mcenskogo_uezda.fb2.zip</filename>
	<title>Лесков Николай Семёнович. Леди Макбет Мценского уезда</title>
</book>
<book>
	<filename>leskov_nikolai/leskov_nikolai_levsha.fb2.zip</filename>
	<title>Лесков Николай Семёнович. Левша</title>
</book>
<book>
	<filename>leskov_nikolai/leskov_nikolai_lev_starca_gerasima.fb2.zip</filename>
	<title>Лесков Николай Семёнович. Лев старца Герасима</title>
</book>
<book>
	<filename>leskov_nikolai/leskov_nikolai_malanya_golova_baranya.fb2.zip</filename>
	<title>Лесков Николай Семёнович. Маланья – голова баранья</title>
</book>
<book>
	<filename>leskov_nikolai/leskov_nikolai_melochi_arhiereiskoi_zhizni.fb2.zip</filename>
	<title>Лесков Николай Семёнович. Мелочи архиерейской жизни</title>
</book>
<book>
	<filename>leskov_nikolai/leskov_nikolai_na_krayu_sveta.fb2.zip</filename>
	<title>Лесков Николай Семёнович. На краю света</title>
</book>
<book>
	<filename>leskov_nikolai/leskov_nikolai_na_nozhah.fb2.zip</filename>
	<title>Лесков Николай Семёнович. На ножах</title>
</book>
<book>
	<filename>leskov_nikolai/leskov_nikolai_nekreshenyi_pop.fb2.zip</filename>
	<title>Лесков Николай Семёнович. Некрещеный поп</title>
</book>
<book>
	<filename>leskov_nikolai/leskov_nikolai_nekuda.fb2.zip</filename>
	<title>Лесков Николай Семёнович. Некуда</title>
</book>
<book>
	<filename>leskov_nikolai/leskov_nikolai_neocenennye_uslugi.fb2.zip</filename>
	<title>Лесков Николай Семёнович. Неоцененные услуги</title>
</book>
<book>
	<filename>leskov_nikolai/leskov_nikolai_nerazmennyi_rubl.fb2.zip</filename>
	<title>Лесков Николай Семёнович. Неразменный рубль</title>
</book>
<book>
	<filename>leskov_nikolai/leskov_nikolai_nesmertelnyi_golovan.fb2.zip</filename>
	<title>Лесков Николай Семёнович. Несмертельный Голован</title>
</book>
<book>
	<filename>leskov_nikolai/leskov_nikolai_nevinnyi_prudencii.fb2.zip</filename>
	<title>Лесков Николай Семёнович. Невинный Пруденций</title>
</book>
<book>
	<filename>leskov_nikolai/leskov_nikolai_ocharovannyi_strannik.fb2.zip</filename>
	<title>Лесков Николай Семёнович. Очарованный странник</title>
</book>
<book>
	<filename>leskov_nikolai/leskov_nikolai_odnodum.fb2.zip</filename>
	<title>Лесков Николай Семёнович. Однодум</title>
</book>
<book>
	<filename>leskov_nikolai/leskov_nikolai_o_kvakereyah.fb2.zip</filename>
	<title>Лесков Николай Семёнович. О “Квакереях”</title>
</book>
<book>
	<filename>leskov_nikolai/leskov_nikolai_skazanie_o_fedorehristianine_i_o_druge_ego_abramezhidovine.fb2.zip</filename>
	<title>Лесков Николай Семёнович. Сказание о Федоре-христианине и о друге его Абраме-жидовине</title>
</book>
<book>
	<filename>leskov_nikolai/leskov_nikolai_skomoroh_pamfalon.fb2.zip</filename>
	<title>Лесков Николай Семёнович. Скоморох Памфалон</title>
</book>
<book>
	<filename>leskov_nikolai/leskov_nikolai_soboryane.fb2.zip</filename>
	<title>Лесков Николай Семёнович. Соборяне</title>
</book>
<book>
	<filename>leskov_nikolai/leskov_nikolai_tupeinyi_hudozhnik.fb2.zip</filename>
	<title>Лесков Николай Семёнович. Тупейный художник</title>
</book>
<book>
	<filename>leskov_nikolai/leskov_nikolai_vladychnyi_sud.fb2.zip</filename>
	<title>Лесков Николай Семёнович. Владычный суд</title>
</book>
<book>
	<filename>leskov_nikolai/leskov_nikolai_voitelnica.fb2.zip</filename>
	<title>Лесков Николай Семёнович. Воительница</title>
</book>
<book>
	<filename>leskov_nikolai/leskov_nikolai_zagadochnyi_chelovek.fb2.zip</filename>
	<title>Лесков Николай Семёнович. Загадочный человек</title>
</book>
<book>
	<filename>leskov_nikolai/leskov_nikolai_zagon.fb2.zip</filename>
	<title>Лесков Николай Семёнович. Загон</title>
</book>
<book>
	<filename>leskov_nikolai/leskov_nikolai_zapechatlennyi_angel.fb2.zip</filename>
	<title>Лесков Николай Семёнович. Запечатленный ангел</title>
</book>
<book>
	<filename>leskov_nikolai/leskov_nikolai_zayachii_remiz.fb2.zip</filename>
	<title>Лесков Николай Семёнович. Заячий ремиз</title>
</book>
<book>
	<filename>leskov_nikolai/leskov_nikolai_zheleznaya_volya.fb2.zip</filename>
	<title>Лесков Николай Семёнович. Железная воля</title>
</book>
<book>
	<filename>leskov_nikolai/leskov_nikolai_zhitie_odnoi_baby.fb2.zip</filename>
	<title>Лесков Николай Семёнович. Житие одной бабы</title>
</book>
<book>
	<filename>leskov_nikolai/leskov_nikolai_zimnii_den.fb2.zip</filename>
	<title>Лесков Николай Семёнович. Зимний день</title>
</book>
<book>
	<filename>leskov_nikolai/leskov_nikolai_zver.fb2.zip</filename>
	<title>Лесков Николай Семёнович. Зверь</title>
</book>
<book>
	<filename>leskov_valentin/leskov_valentin_spartak.fb2.zip</filename>
	<title>Лесков Валентин. Спартак</title>
</book>
<book>
	<filename>leskov_valentin/leskov_valentin_stalin_i_zagovor_tuhachevskogo.fb2.zip</filename>
	<title>Лесков Валентин Александрович. Сталин и заговор Тухачевского</title>
</book>
<book>
	<filename>lesli_marianna/lesli_marianna_neokonchennyi_portret.fb2.zip</filename>
	<title>Лесли Марианна. Неоконченный портрет</title>
</book>
<book>
	<filename>lesnoi_s/lesnoi_s_velesova_kniga.fb2.zip</filename>
	<title>Лесной С. Велесова книга</title>
</book>
<book>
	<filename>lessig_lourens/lessig_lourens_svobodnaya_kultura.fb2.zip</filename>
	<title>Лессиг Лоуренс. Свободная культура</title>
</book>
<book>
	<filename>lessing_doris/lessing_doris_den_kogda_umer_stalin.fb2.zip</filename>
	<title>Лессинг Дорис. День, когда умер Сталин</title>
</book>
<book>
	<filename>lessing_doris/lessing_doris_leto_pered_zakatom.fb2.zip</filename>
	<title>Лессинг Дорис Мей. Лето перед закатом</title>
</book>
<book>
	<filename>lessing_doris/lessing_doris_povest_o_dvuh_sobakah.fb2.zip</filename>
	<title>Лессинг Дорис. Повесть о двух собаках</title>
</book>
<book>
	<filename>lessmann_sandra/lessmann_sandra_taina_staroi_znaharki.fb2.zip</filename>
	<title>Лессманн Сандра. Тайна старой знахарки</title>
</book>
<book>
	<filename>lester_yenn/lester_yenn_stavka_na_lyubov.fb2.zip</filename>
	<title>Лестер Энн. Ставка на любовь</title>
</book>
<book>
	<filename>letem_dzhonatan/letem_dzhonatan_amneziya_tvorca.fb2.zip</filename>
	<title>Летем Джонатан. Амнезия творца</title>
</book>
<book>
	<filename>letem_dzhonatan/letem_dzhonatan_chuzhie_v_gorode.fb2.zip</filename>
	<title>Летем Джонатан. Чужие в городе</title>
</book>
<book>
	<filename>letem_dzhonatan/letem_dzhonatan_pistolet_s_muzykoi.fb2.zip</filename>
	<title>Летем Джонатан. Пистолет с музыкой</title>
</book>
<book>
	<filename>letem_dzhonatan/letem_dzhonatan_tot_kto_gulyaet_po_sputnikam_yupitera.fb2.zip</filename>
	<title>Летем Джонатан. Тот, кто гуляет по спутникам Юпитера</title>
</book>
<book>
	<filename>letopisec_nestor/letopisec_nestor_povest_vremennyh_let.fb2.zip</filename>
	<title>Летописец Нестор. Повесть временных лет</title>
</book>
<book>
	<filename>lette_kyeti/lette_kyeti_altar_yego.fb2.zip</filename>
	<title>Летте Кэти. Алтарь эго</title>
</book>
<book>
	<filename>lette_kyeti/lette_kyeti_chertovski_seksualen.fb2.zip</filename>
	<title>Летте Кэти. Чертовски сексуален</title>
</book>
<book>
	<filename>lette_kyeti/lette_kyeti_rodovoe_vlechenie.fb2.zip</filename>
	<title>Летте Кэти. Родовое влечение</title>
</book>
<book>
	<filename>levandovskii_anatolii/levandovskii_anatolii_karl_velikii.fb2.zip</filename>
	<title>Левандовский Анатолий Петрович. Карл Великий</title>
</book>
<book>
	<filename>levandovskii_anatolii/levandovskii_anatolii_potomok_mikelandzhelo.fb2.zip</filename>
	<title>Левандовский Анатолий Петрович. Потомок Микеланджело</title>
</book>
<book>
	<filename>levandovskii_konrad/levandovskii_konrad_sled_oborotnya.fb2.zip</filename>
	<title>Левандовский Конрад. След оборотня</title>
</book>
<book>
	<filename>levashov_viktor/levashov_viktor_chmo.fb2.zip</filename>
	<title>Левашов Виктор. ЧМО</title>
</book>
<book>
	<filename>levashov_viktor/levashov_viktor_klyuch.fb2.zip</filename>
	<title>Левашов Виктор. Ключ</title>
</book>
<book>
	<filename>levashov_viktor/levashov_viktor_marfaposadnica_ili_plach_po_velikomu_novgorodu.fb2.zip</filename>
	<title>Левашов Виктор. Марфа-посадница или Плач по Великому Новгороду</title>
</book>
<book>
	<filename>levashov_viktor/levashov_viktor_ruka_moskvy.fb2.zip</filename>
	<title>Левашов Виктор Владимирович. Рука Москвы</title>
</book>
<book>
	<filename>levashov_viktor/levashov_viktor_zagovor_patriotov_provokaciya.fb2.zip</filename>
	<title>Левашов Виктор. Заговор патриотов (Провокация)</title>
</book>
<book>
	<filename>levashov_viktor/levashov_viktor_zhurnalyuga.fb2.zip</filename>
	<title>Левашов Виктор. Журналюга</title>
</book>
<book>
	<filename>level_moris/level_moris_uzhas.fb2.zip</filename>
	<title>Левель Морис. Ужас</title>
</book>
<book>
	<filename>levenbryuk_anri/levenbryuk_anri_zaveshanie_vekov.fb2.zip</filename>
	<title>Левенбрюк Анри. Завещание веков</title>
</book>
<book>
	<filename>levi_ahto/levi_ahto_bezhat_ot_teni_svoei.fb2.zip</filename>
	<title>Леви Ахто. Бежать от тени своей</title>
</book>
<book>
	<filename>levi_ahto/levi_ahto_mor_roman_o_vorovskoi_zhizni_rezne_i_vorovskom_zakone.fb2.zip</filename>
	<title>Леви Ахто. Мор. (Роман о воровской жизни, резне и Воровском законе)</title>
</book>
<book>
	<filename>levi_ahto/levi_ahto_zapiski_serogo_volka.fb2.zip</filename>
	<title>Леви Ахто. Записки Серого Волка</title>
</book>
<book>
	<filename>levickaya_marina/levickaya_marina_kratkaya_istoriya_traktorov_poukrainski.fb2.zip</filename>
	<title>Левицкая Марина. Краткая история тракторов по-украински</title>
</book>
<book>
	<filename>levickaya_olga/levickaya_olga_dimbo.fb2.zip</filename>
	<title>Левицкая Ольга. Димбо</title>
</book>
<book>
	<filename>levickaya_olga/levickaya_olga_god_2004i.fb2.zip</filename>
	<title>Левицкая Ольга. Год 2004-й</title>
</book>
<book>
	<filename>levickaya_olga/levickaya_olga_zverinoe_carstvo.fb2.zip</filename>
	<title>Левицкая Ольга. Звериное царство</title>
</book>
<book>
	<filename>levickii_mihail/levickii_mihail_varyazhskie_gnezda.fb2.zip</filename>
	<title>Левицкий Михаил. Варяжские гнезда</title>
</book>
<book>
	<filename>levidov_mihail/levidov_mihail_puteshestvie_v_nekotorye_otdalennye_strany_mysli_i_chuvstva_dzhonatana_svifta_snachala_issledovatelya_a_potom_voina_v_neskolkih_srazheniyah.fb2.zip</filename>
	<title>Левидов Михаил Юльевич. Путешествие в некоторые отдаленные страны мысли и чувства Джонатана Свифта, сначала исследователя, а потом воина в нескольких сражениях</title>
</book>
<book>
	<filename>levi_mark/levi_mark_gde_ty.fb2.zip</filename>
	<title>Леви Марк. Где ты?</title>
</book>
<book>
	<filename>levi_mark/levi_mark_kazhdyi_hochet_lyubit.fb2.zip</filename>
	<title>Леви Марк. Каждый хочет любить…</title>
</book>
<book>
	<filename>levi_mark/levi_mark_mezhdu_nebom_i_zemlyoi.fb2.zip</filename>
	<title>Леви Марк. Между небом и землёй</title>
</book>
<book>
	<filename>levi_mark/levi_mark_sem_dnei_tvoreniya.fb2.zip</filename>
	<title>Леви Марк. Семь дней творения</title>
</book>
<book>
	<filename>levi_mark/levi_mark_sleduyushii_raz.fb2.zip</filename>
	<title>Леви Марк. Следующий раз</title>
</book>
<book>
	<filename>levi_mark/levi_mark_vstretitsya_vnov.fb2.zip</filename>
	<title>Леви Марк. Встретиться вновь</title>
</book>
<book>
	<filename>levin_aira/levin_aira_rebenok_rozmari.fb2.zip</filename>
	<title>Левин Айра. Ребенок Розмари</title>
</book>
<book>
	<filename>levin_aira/levin_aira_rebenok_rozmari_per_v_tereshenko.fb2.zip</filename>
	<title>Левин Айра. Ребенок Розмари (пер. В. Терещенко)</title>
</book>
<book>
	<filename>levin_aira/levin_aira_shepka.fb2.zip</filename>
	<title>Левин Айра. Щепка</title>
</book>
<book>
	<filename>levin_aira/levin_aira_syn_rozmari.fb2.zip</filename>
	<title>Левин Айра. Сын Розмари</title>
</book>
<book>
	<filename>levin_andrei/levin_andrei_zheltyi_drakon_czyao.fb2.zip</filename>
	<title>Левин Андрей Маркович. Желтый дракон Цзяо</title>
</book>
<book>
	<filename>levin_sheldon/levin_sheldon_7minutnoe_chudo.fb2.zip</filename>
	<title>Левин Шелдон. 7-минутное чудо</title>
</book>
<book>
	<filename>levin_stiven/levin_stiven_kto_umiraet.fb2.zip</filename>
	<title>Левин Стивен. Кто умирает?</title>
</book>
<book>
	<filename>levin_stiven/levin_stiven_postepennoe_probuzhdenie.fb2.zip</filename>
	<title>Левин Стивен. Постепенное пробуждение</title>
</book>
<book>
	<filename>levi_stiven/levi_stiven_hakery_geroi_kompyuternoi_revolyucii.fb2.zip</filename>
	<title>Леви Стивен. Хакеры: Герои компьютерной революции</title>
</book>
<book>
	<filename>levitanskii_yurii/levitanskii_yurii_stihotvoreniya.fb2.zip</filename>
	<title>Левитанский Юрий Давыдович. Стихотворения</title>
</book>
<book>
	<filename>levitina_nataliya/levitina_nataliya_intimnye_uslugi.fb2.zip</filename>
	<title>Левитина Наталия. Интимные услуги</title>
</book>
<book>
	<filename>levitina_nataliya/levitina_nataliya_opasnye_udovolstviya.fb2.zip</filename>
	<title>Левитина Наталия. Опасные удовольствия</title>
</book>
<book>
	<filename>levitina_nataliya/levitina_nataliya_yekstremalnaya_margarita.fb2.zip</filename>
	<title>Левитина Наталия. Экстремальная Маргарита</title>
</book>
<book>
	<filename>levi_vladimir/levi_vladimir_ne_tolko_depressiya_ohota_za_nastroeniem.fb2.zip</filename>
	<title>Леви Владимир Львович. Не только депрессия: охота за настроением</title>
</book>
<book>
	<filename>levi_vladimir/levi_vladimir_priruchenie_straha.fb2.zip</filename>
	<title>Леви Владимир Львович. Приручение страха</title>
</book>
<book>
	<filename>levshinov_andrei/levshinov_andrei_vnutrennii_narkotik_ili_celitelnaya_meditaciya.fb2.zip</filename>
	<title>Левшинов Андрей. Внутренний наркотик или Целительная медитация</title>
</book>
<book>
	<filename>levshin_vladimir/levshin_vladimir_chernaya_maska_iz_aldzhebry.fb2.zip</filename>
	<title>Левшин Владимир. Черная маска из Аль-Джебры</title>
</book>
<book>
	<filename>levshin_vladimir/levshin_vladimir_dissertaciya_rasseyannogo_magistra.fb2.zip</filename>
	<title>Левшин Владимир Артурович. Диссертация рассеянного магистра</title>
</book>
<book>
	<filename>levshin_vladimir/levshin_vladimir_putevye_zametki_rasseyannogo_magistra.fb2.zip</filename>
	<title>Левшин Владимир Артурович. Путевые заметки рассеянного магистра</title>
</book>
<book>
	<filename>levshin_vladimir/levshin_vladimir_tri_dnya_v_karlikanii.fb2.zip</filename>
	<title>Левшин Владимир. Три дня в Карликании</title>
</book>
<book>
	<filename>levshin_vladimir/levshin_vladimir_v_poiskah_pohishennoi_marki.fb2.zip</filename>
	<title>Левшин Владимир Артурович. В поисках похищенной марки</title>
</book>
<book>
	<filename>lezer_stiven/lezer_stiven_tango_odin.fb2.zip</filename>
	<title>Лезер Стивен. Танго Один</title>
</book>
<book>
	<filename>lezer_stiven/lezer_stiven_vystrel_izdaleka.fb2.zip</filename>
	<title>Лезер Стивен. Выстрел издалека</title>
</book>
<book>
	<filename>lezer_stiven/lezer_stiven_zhestkaya_posadka.fb2.zip</filename>
	<title>Лезер Стивен. Жесткая посадка</title>
</book>
<book>
	<filename>lezhenda_valentin/lezhenda_valentin_antichnye_hroniki.fb2.zip</filename>
	<title>Леженда Валентин. Античные хроники</title>
</book>
<book>
	<filename>lezhenda_valentin/lezhenda_valentin_bessmertnye_geroi.fb2.zip</filename>
	<title>Леженда Валентин. Бессмертные герои</title>
</book>
<book>
	<filename>lezhenda_valentin/lezhenda_valentin_nepobedimyi_yellin.fb2.zip</filename>
	<title>Леженда Валентин. Непобедимый эллин</title>
</book>
<book>
	<filename>lezhenda_valentin/lezhenda_valentin_pesn_kecalya.fb2.zip</filename>
	<title>Леженда Валентин. Песнь кецаля</title>
</book>
<book>
	<filename>lezhenda_valentin/lezhenda_valentin_povest_bylinnyh_let.fb2.zip</filename>
	<title>Леженда Валентин. Повесть былинных лет</title>
</book>
<book>
	<filename>lezhenda_valentin/lezhenda_valentin_razborki_olimpiiskogo_urovnya.fb2.zip</filename>
	<title>Леженда Валентин. Разборки олимпийского уровня</title>
</book>
<book>
	<filename>lezhenda_valentin/lezhenda_valentin_skorost_tmy.fb2.zip</filename>
	<title>Леженда Валентин. Скорость Тьмы</title>
</book>
<book>
	<filename>lezhenda_valentin/lezhenda_valentin_voiny_bylinnyh_let.fb2.zip</filename>
	<title>Леженда Валентин. Войны былинных лет</title>
</book>
<book>
	<filename>lezhenda_valentin/lezhenda_valentin_vremya_pribytiya.fb2.zip</filename>
	<title>Леженда Валентин. Время прибытия</title>
</book>
<book>
	<filename>lezher_verner/lezher_verner_kapitan_aldzhezaira.fb2.zip</filename>
	<title>Лежер Вернер. Капитан «Аль-Джезаира»</title>
</book>
<book>
	<filename>libbi_patriciya/libbi_patriciya_okrylennaya_mechtoi.fb2.zip</filename>
	<title>Либби Патриция. Окрыленная мечтой</title>
</book>
<book>
	<filename>liberman_mishket/liberman_mishket_iz_berlinskogo_getto_v_novyi_mir.fb2.zip</filename>
	<title>Либерман Мишкет. Из берлинского гетто в новый мир</title>
</book>
<book>
	<filename>liber_vivian/liber_vivian_brachnyi_kontrakt.fb2.zip</filename>
	<title>Либер Вивиан. Брачный контракт</title>
</book>
<book>
	<filename>liber_vivian/liber_vivian_moi_leitenant.fb2.zip</filename>
	<title>Либер Вивиан. Мой лейтенант</title>
</book>
<book>
	<filename>libina_alena/libina_alena_psihologiya_sovremennoi_zhenshiny_i_umnaya_i_krasivaya_i_schastlivaya.fb2.zip</filename>
	<title>Либина Алена. Психология современной женщины: и умная, и красивая, и счастливая...</title>
</book>
<book>
	<filename>lichutin_vladimir/lichutin_vladimir_beglec_iz_raya.fb2.zip</filename>
	<title>Личутин Владимир Владимирович. Беглец из рая</title>
</book>
<book>
	<filename>lichutin_vladimir/lichutin_vladimir_farmazon.fb2.zip</filename>
	<title>Личутин Владимир. Фармазон</title>
</book>
<book>
	<filename>lichutin_vladimir/lichutin_vladimir_krylataya_serafima.fb2.zip</filename>
	<title>Личутин Владимир Владимирович. Крылатая Серафима</title>
</book>
<book>
	<filename>lichutin_vladimir/lichutin_vladimir_lyubostai.fb2.zip</filename>
	<title>Личутин Владимир Владимирович. Любостай</title>
</book>
<book>
	<filename>lichutin_vladimir/lichutin_vladimir_miledi_rotman.fb2.zip</filename>
	<title>Личутин Владимир. Миледи Ротман</title>
</book>
<book>
	<filename>lichutin_vladimir/lichutin_vladimir_skitalcy_kniga_pervaya.fb2.zip</filename>
	<title>Личутин Владимир Владимирович. Скитальцы, книга первая</title>
</book>
<book>
	<filename>lichutin_vladimir/lichutin_vladimir_skitalcy_kniga_vtoraya.fb2.zip</filename>
	<title>Личутин Владимир Владимирович. Скитальцы, книга вторая</title>
</book>
<book>
	<filename>lichutin_vladimir/lichutin_vladimir_vdova_nyura.fb2.zip</filename>
	<title>Личутин Владимир Владимирович. Вдова Нюра</title>
</book>
<book>
	<filename>lidin_aleksandr/lidin_aleksandr_imperatorskaya_ohota.fb2.zip</filename>
	<title>Лидин Александр. Императорская охота</title>
</book>
<book>
	<filename>lidin_aleksandr/lidin_aleksandr_zapah_smerti.fb2.zip</filename>
	<title>Лидин Александр. Запах смерти</title>
</book>
<book>
	<filename>li_dzheid/li_dzheid_belaya_tigrica.fb2.zip</filename>
	<title>Ли Джейд. Белая тигрица</title>
</book>
<book>
	<filename>li_dzheid/li_dzheid_iskusitel.fb2.zip</filename>
	<title>Ли Джейд. Искуситель</title>
</book>
<book>
	<filename>li_dzheid/li_dzheid_ognennaya_tigrica.fb2.zip</filename>
	<title>Ли Джейд. Огненная тигрица</title>
</book>
<book>
	<filename>li_dzheid/li_dzheid_strastnaya_tigrica.fb2.zip</filename>
	<title>Ли Джейд. Страстная тигрица</title>
</book>
<book>
	<filename>li_dzhentri/li_dzhentri_rama_ii.fb2.zip</filename>
	<title>Ли Джентри. Рама II</title>
</book>
<book>
	<filename>li_dzhentri/li_dzhentri_rama_yavlennyi.fb2.zip</filename>
	<title>Ли Джентри. Рама Явленный</title>
</book>
<book>
	<filename>li_dzhentri/li_dzhentri_sad_ramy.fb2.zip</filename>
	<title>Ли Джентри. Сад Рамы</title>
</book>
<book>
	<filename>lifanov_sergei/lifanov_sergei_priyut_izgoev.fb2.zip</filename>
	<title>Лифанов Сергей. Приют изгоев</title>
</book>
<book>
	<filename>ligachev_egor/ligachev_egor_predosterezhenie.fb2.zip</filename>
	<title>Лигачев Егор Кузьмич. Предостережение</title>
</book>
<book>
	<filename>lihanov_albert/lihanov_albert_blagie_namereniya.fb2.zip</filename>
	<title>Лиханов Альберт. Благие намерения</title>
</book>
<book>
	<filename>lihanov_albert/lihanov_albert_chistye_kamushki.fb2.zip</filename>
	<title>Лиханов Альберт. Чистые камушки</title>
</book>
<book>
	<filename>lihanov_albert/lihanov_albert_derevyannye_koni.fb2.zip</filename>
	<title>Лиханов Альберт. Деревянные кони</title>
</book>
<book>
	<filename>lihanov_albert/lihanov_albert_detskaya_biblioteka.fb2.zip</filename>
	<title>Лиханов Альберт. Детская библиотека</title>
</book>
<book>
	<filename>lihanov_albert/lihanov_albert_golgofa.fb2.zip</filename>
	<title>Лиханов Альберт. Голгофа</title>
</book>
<book>
	<filename>lihanov_albert/lihanov_albert_kazhdyi_god_v_sentyabre.fb2.zip</filename>
	<title>Лиханов Альберт. Каждый год, в сентябре…</title>
</book>
<book>
	<filename>lihanov_albert/lihanov_albert_kikimora.fb2.zip</filename>
	<title>Лиханов Альберт. Кикимора</title>
</book>
<book>
	<filename>lihanov_albert/lihanov_albert_krutye_gory.fb2.zip</filename>
	<title>Лиханов Альберт. Крутые горы</title>
</book>
<book>
	<filename>lihanov_albert/lihanov_albert_labirint.fb2.zip</filename>
	<title>Лиханов Альберт. Лабиринт</title>
</book>
<book>
	<filename>lihanov_albert/lihanov_albert_magazin_nenaglyadnyh_posobii.fb2.zip</filename>
	<title>Лиханов Альберт. Магазин ненаглядных пособий</title>
</book>
<book>
	<filename>lihanov_albert/lihanov_albert_moi_general.fb2.zip</filename>
	<title>Лиханов Альберт. Мой генерал</title>
</book>
<book>
	<filename>lihanov_albert/lihanov_albert_nikto.fb2.zip</filename>
	<title>Лиханов Альберт. Никто</title>
</book>
<book>
	<filename>lihanov_albert/lihanov_albert_obman.fb2.zip</filename>
	<title>Лиханов Альберт. Обман</title>
</book>
<book>
	<filename>lihanov_albert/lihanov_albert_osennyaya_yarmarka.fb2.zip</filename>
	<title>Лиханов Альберт. Осенняя ярмарка</title>
</book>
<book>
	<filename>lihanov_albert/lihanov_albert_pavodok.fb2.zip</filename>
	<title>Лиханов Альберт. Паводок</title>
</book>
<book>
	<filename>lihanov_albert/lihanov_albert_poslednie_holoda.fb2.zip</filename>
	<title>Лиханов Альберт. Последние холода</title>
</book>
<book>
	<filename>lihanov_albert/lihanov_albert_smert_uchitelya.fb2.zip</filename>
	<title>Лиханов Альберт. Смерть учителя</title>
</book>
<book>
	<filename>lihanov_albert/lihanov_albert_solnechnoe_zatmenie.fb2.zip</filename>
	<title>Лиханов Альберт. Солнечное затмение</title>
</book>
<book>
	<filename>lihanov_albert/lihanov_albert_teplyi_dozhd.fb2.zip</filename>
	<title>Лиханов Альберт. Теплый дождь</title>
</book>
<book>
	<filename>lihanov_albert/lihanov_albert_vam_pismo.fb2.zip</filename>
	<title>Лиханов Альберт. Вам письмо</title>
</book>
<book>
	<filename>lihanov_albert/lihanov_albert_vysshaya_mera.fb2.zip</filename>
	<title>Лиханов Альберт Анатольевич. Высшая мера</title>
</book>
<book>
	<filename>lihanov_albert/lihanov_albert_zvezdy_v_sentyabre.fb2.zip</filename>
	<title>Лиханов Альберт. Звезды в сентябре</title>
</book>
<book>
	<filename>li_harper/li_harper_ubit_peresmeshnika.fb2.zip</filename>
	<title>Ли Харпер. Убить пересмешника</title>
</book>
<book>
	<filename>lihyein_dennis/lihyein_dennis_dai_mne_ruku_tma.fb2.zip</filename>
	<title>Лихэйн Деннис. Дай мне руку, тьма</title>
</book>
<book>
	<filename>lihyein_dennis/lihyein_dennis_glotok_pered_bitvoi.fb2.zip</filename>
	<title>Лихэйн Деннис. Глоток перед битвой</title>
</book>
<book>
	<filename>lihyein_dennis/lihyein_dennis_mistikriver.fb2.zip</filename>
	<title>Лихэйн Деннис. Мистик-ривер</title>
</book>
<book>
	<filename>lihyein_dennis/lihyein_dennis_svyatynya.fb2.zip</filename>
	<title>Лихэйн Деннис. Святыня</title>
</book>
<book>
	<filename>likermyen_uyein/likermyen_uyein_net_puti_dlya_duhovno_prodvinutyh.fb2.zip</filename>
	<title>Ликермэн Уэйн. Нет пути для духовно «продвинутых»!</title>
</book>
<book>
	<filename>likok_stiven/likok_stiven__56.fb2.zip</filename>
	<title>Ликок Стивен. № 56</title>
</book>
<book>
	<filename>likok_stiven/likok_stiven_chitayushaya_publika.fb2.zip</filename>
	<title>Ликок Стивен. Читающая публика</title>
</book>
<book>
	<filename>likok_stiven/likok_stiven_guvernantka_gertruda.fb2.zip</filename>
	<title>Ликок Стивен. Гувернантка Гертруда</title>
</book>
<book>
	<filename>likok_stiven/likok_stiven_gvido_gashpil_gentskii.fb2.zip</filename>
	<title>Ликок Стивен. Гвидо Гашпиль Гентский</title>
</book>
<book>
	<filename>likok_stiven/likok_stiven_istoriya_preuspevayushego_biznesmena_rasskazannaya_im_samim.fb2.zip</filename>
	<title>Ликок Стивен. История преуспевающего бизнесмена, рассказанная им самим</title>
</book>
<book>
	<filename>likok_stiven/likok_stiven_kak_dozhit_do_dvuhsot_let.fb2.zip</filename>
	<title>Ликок Стивен. Как дожить до двухсот лет</title>
</book>
<book>
	<filename>likok_stiven/likok_stiven_kak_my_otmechali_mamin_den_rozhdeniya.fb2.zip</filename>
	<title>Ликок Стивен. Как мы отмечали мамин день рождения</title>
</book>
<book>
	<filename>likok_stiven/likok_stiven_kak_my_s_zhenoi_postroili_dom_za_odin_funt_dva_shillinga_shest_pensov.fb2.zip</filename>
	<title>Ликок Стивен. Как мы с женой построили дом за один фунт два шиллинга шесть пенсов</title>
</book>
<book>
	<filename>likok_stiven/likok_stiven_kak_pisat_romany.fb2.zip</filename>
	<title>Ликок Стивен. Как писать романы</title>
</book>
<book>
	<filename>likok_stiven/likok_stiven_kak_poimat_nit_rasskaza.fb2.zip</filename>
	<title>Ликок Стивен. Как поймать нить рассказа</title>
</book>
<book>
	<filename>likok_stiven/likok_stiven_kak_stat_vrachom.fb2.zip</filename>
	<title>Ликок Стивен. Как стать врачом</title>
</book>
<book>
	<filename>likok_stiven/likok_stiven_kak_ya_ubil_domovladelca.fb2.zip</filename>
	<title>Ликок Стивен. Как я убил домовладельца</title>
</book>
<book>
	<filename>likok_stiven/likok_stiven_literatura_biznesa.fb2.zip</filename>
	<title>Ликок Стивен. Литература бизнеса</title>
</book>
<book>
	<filename>likok_stiven/likok_stiven_lyudi_kotorye_menya_brili.fb2.zip</filename>
	<title>Ликок Стивен. Люди, которые меня брили</title>
</book>
<book>
	<filename>likok_stiven/likok_stiven_mest_fokusnika.fb2.zip</filename>
	<title>Ликок Стивен. Месть фокусника</title>
</book>
<book>
	<filename>likok_stiven/likok_stiven_missis_izi_poluchaet_otkrovenie.fb2.zip</filename>
	<title>Ликок Стивен. Миссис Изи получает откровение</title>
</book>
<book>
	<filename>likok_stiven/likok_stiven_missis_nyurich_priobretaet_antikvarnye_veshi.fb2.zip</filename>
	<title>Ликок Стивен. Миссис Ньюрич приобретает антикварные вещи</title>
</book>
<book>
	<filename>likok_stiven/likok_stiven_missis_yedergaun_vyezzhaet_za_gorod.fb2.zip</filename>
	<title>Ликок Стивен. Миссис Эдергаун выезжает за город</title>
</book>
<book>
	<filename>likok_stiven/likok_stiven_mogushestvo_statistiki.fb2.zip</filename>
	<title>Ликок Стивен. Могущество статистики</title>
</book>
<book>
	<filename>likok_stiven/likok_stiven_moi_neznakomyi_drug.fb2.zip</filename>
	<title>Ликок Стивен. Мой незнакомый друг</title>
</book>
<book>
	<filename>likok_stiven/likok_stiven_moi_pogibshii_dollar.fb2.zip</filename>
	<title>Ликок Стивен. Мой погибший доллар</title>
</book>
<book>
	<filename>likok_stiven/likok_stiven_moya_bankovskaya_yepopeya.fb2.zip</filename>
	<title>Ликок Стивен. Моя банковская эпопея</title>
</book>
<book>
	<filename>likok_stiven/likok_stiven_moya_viktorianskaya_yunost.fb2.zip</filename>
	<title>Ликок Стивен. Моя викторианская юность</title>
</book>
<book>
	<filename>likok_stiven/likok_stiven_no_56.fb2.zip</filename>
	<title>Ликок Стивен. № 56</title>
</book>
<book>
	<filename>likok_stiven/likok_stiven_obrazchik_dialoga.fb2.zip</filename>
	<title>Ликок Стивен. Образчик диалога</title>
</book>
<book>
	<filename>likok_stiven/likok_stiven_ocherki_obo_vsem.fb2.zip</filename>
	<title>Ликок Стивен. Очерки обо всем</title>
</book>
<book>
	<filename>likok_stiven/likok_stiven_oni_vybilis_v_lyudi.fb2.zip</filename>
	<title>Ликок Стивен. Они выбились в люди</title>
</book>
<book>
	<filename>likok_stiven/likok_stiven_oshibki_santaklausa.fb2.zip</filename>
	<title>Ликок Стивен. Ошибки Санта-Клауса</title>
</book>
<book>
	<filename>likok_stiven/likok_stiven_peshernyi_chelovek_kak_on_est.fb2.zip</filename>
	<title>Ликок Стивен. Пещерный человек, как он есть</title>
</book>
<book>
	<filename>likok_stiven/likok_stiven_pomeshavshiisya_na_taine.fb2.zip</filename>
	<title>Ликок Стивен. Помешавшийся на тайне</title>
</book>
<book>
	<filename>likok_stiven/likok_stiven_po_povodu_kollekcionirovaniya.fb2.zip</filename>
	<title>Ликок Стивен. По поводу коллекционирования</title>
</book>
<book>
	<filename>likok_stiven/likok_stiven_portretnaya_galereya_mistera_grancha.fb2.zip</filename>
	<title>Ликок Стивен. Портретная галерея мистера Гранча</title>
</book>
<book>
	<filename>likok_stiven/likok_stiven_praroditelnica_parlamentov.fb2.zip</filename>
	<title>Ликок Стивен. Прародительница парламентов</title>
</book>
<book>
	<filename>likok_stiven/likok_stiven_problema_prachechnoi.fb2.zip</filename>
	<title>Ликок Стивен. Проблема прачечной</title>
</book>
<book>
	<filename>likok_stiven/likok_stiven_ratifikaciya_novogo_morskogo_nesoglasheniya.fb2.zip</filename>
	<title>Ликок Стивен. Ратификация нового морского несоглашения</title>
</book>
<book>
	<filename>likok_stiven/likok_stiven_rukovodstvo_dlya_obrazcovyh_vlyublennyh.fb2.zip</filename>
	<title>Ликок Стивен. Руководство для образцовых влюбленных</title>
</book>
<book>
	<filename>likok_stiven/likok_stiven_schastlivy_li_bogatye.fb2.zip</filename>
	<title>Ликок Стивен. Счастливы ли богатые?</title>
</book>
<book>
	<filename>likok_stiven/likok_stiven_starayaprestaraya_istoriya_o_tom_kak_pyatero_muzhchin_otpravilis_na_rybnuyu_lovlyu.fb2.zip</filename>
	<title>Ликок Стивен. Старая-престарая история о том, как пятеро мужчин отправились на рыбную ловлю</title>
</book>
<book>
	<filename>likok_stiven/likok_stiven_taina_lorda_oksheda.fb2.zip</filename>
	<title>Ликок Стивен. Тайна лорда Оксхеда</title>
</book>
<book>
	<filename>likok_stiven/likok_stiven_tennis_u_smitov.fb2.zip</filename>
	<title>Ликок Стивен. Теннис у Смитов</title>
</book>
<book>
	<filename>likok_stiven/likok_stiven_tragicheskaya_gibel_melpomenusa_dzhonsa.fb2.zip</filename>
	<title>Ликок Стивен. Трагическая гибель Мельпоменуса Джонса</title>
</book>
<book>
	<filename>likok_stiven/likok_stiven_ubiistva_optom_po_dva_s_polovinoi_dollara_za_shtuku.fb2.zip</filename>
	<title>Ликок Стивен. Убийства оптом – по два с половиной доллара за штуку</title>
</book>
<book>
	<filename>likok_stiven/likok_stiven_u_fotografa.fb2.zip</filename>
	<title>Ликок Стивен. У фотографа</title>
</book>
<book>
	<filename>likok_stiven/likok_stiven_voobrazhaemoe_intervyu_s_nashim_akterom.fb2.zip</filename>
	<title>Ликок Стивен. Воображаемое интервью с нашим актером</title>
</book>
<book>
	<filename>likok_stiven/likok_stiven_voobrazhaemoe_intervyu_s_tipichnymi_predstavitelyami_nashego_literaturnogo_mira.fb2.zip</filename>
	<title>Ликок Стивен. Воображаемое интервью с типичными представителями нашего литературного мира</title>
</book>
<book>
	<filename>likok_stiven/likok_stiven_vse_v_evropu.fb2.zip</filename>
	<title>Ликок Стивен. Все в Европу!</title>
</book>
<book>
	<filename>likok_stiven/likok_stiven_yumor_kak_ya_ego_ponimayu.fb2.zip</filename>
	<title>Ликок Стивен. Юмор, как я его понимаю</title>
</book>
<book>
	<filename>likok_stiven/likok_stiven_zateryannyi_sredi_zybei.fb2.zip</filename>
	<title>Ликок Стивен. Затерянный среди зыбей</title>
</book>
<book>
	<filename>likok_stiven/likok_stiven_zavtrak_u_smitov.fb2.zip</filename>
	<title>Ликок Стивен. Завтрак у Смитов</title>
</book>
<book>
	<filename>likok_stiven/likok_stiven_zhizneopisanie_dzhona_smita.fb2.zip</filename>
	<title>Ликок Стивен. Жизнеописание Джона Смита</title>
</book>
<book>
	<filename>likok_stiven/likok_stiven_zloklyucheniya_dachnogo_gostya.fb2.zip</filename>
	<title>Ликок Стивен. Злоключения дачного гостя</title>
</book>

</books>

