<?xml version="1.0" encoding="UTF-8" ?>
<books>
<book>
	<filename>likum_arkadii/likum_arkadii_vse_obo_vsem_tom_1.fb2.zip</filename>
	<title>Ликум Аркадий. Все обо всем. Том 1</title>
</book>
<book>
	<filename>li_kyetrin/li_kyetrin_prazdnik_dlya_vseh.fb2.zip</filename>
	<title>Ли Кэтрин. Праздник для всех</title>
</book>
<book>
	<filename>lile_mihail/lile_mihail_dnevnik_osady_portartura.fb2.zip</filename>
	<title>Лилье Михаил Иванович. Дневник осады Порт-Артура</title>
</book>
<book>
	<filename>li_linda/li_linda_belyi_lebed.fb2.zip</filename>
	<title>Ли Линда Фрэнсис. Белый лебедь</title>
</book>
<book>
	<filename>li_linda/li_linda_devushka_iz_bara.fb2.zip</filename>
	<title>Ли Линда Фрэнсис. Девушка из бара</title>
</book>
<book>
	<filename>li_linda/li_linda_dyavol_v_lige_izbrannyh.fb2.zip</filename>
	<title>Ли Линда Фрэнсис. Дьявол в Лиге избранных</title>
</book>
<book>
	<filename>li_linda/li_linda_goluboi_vals.fb2.zip</filename>
	<title>Ли Линда Фрэнсис. Голубой вальс</title>
</book>
<book>
	<filename>li_linda/li_linda_gordaya_i_nepreklonnaya.fb2.zip</filename>
	<title>Ли Линда Фрэнсис. Гордая и непреклонная</title>
</book>
<book>
	<filename>li_linda/li_linda_izumrudnyi_dozhd.fb2.zip</filename>
	<title>Ли Линда Фрэнсис. Изумрудный дождь</title>
</book>
<book>
	<filename>li_linda/li_linda_purpurnye_kruzheva.fb2.zip</filename>
	<title>Ли Линда Фрэнсис. Пурпурные кружева</title>
</book>
<book>
	<filename>li_linda/li_linda_vo_vlasti_lyubvi.fb2.zip</filename>
	<title>Ли Линда Фрэнсис. Во власти любви</title>
</book>
<book>
	<filename>li_linda/li_linda_zigzagi_sudby.fb2.zip</filename>
	<title>Ли Линда Фрэнсис. Зигзаги судьбы</title>
</book>
<book>
	<filename>limber_dzhil/limber_dzhil_doversya_mne_navsegda.fb2.zip</filename>
	<title>Лимбер Джил. Доверься мне — навсегда!</title>
</book>
<book>
	<filename>li_miranda/li_miranda_avstraliiskaya_dikarka.fb2.zip</filename>
	<title>Ли Миранда. Австралийская дикарка</title>
</book>
<book>
	<filename>li_miranda/li_miranda_krik_molchaniya.fb2.zip</filename>
	<title>Ли Миранда. Крик молчания</title>
</book>
<book>
	<filename>li_miranda/li_miranda_na_volosok_ot_lyubvi.fb2.zip</filename>
	<title>Ли Миранда. На волосок от... любви</title>
</book>
<book>
	<filename>li_miranda/li_miranda_ne_ostavlyai_menya.fb2.zip</filename>
	<title>Ли Миранда. Не оставляй меня</title>
</book>
<book>
	<filename>li_miranda/li_miranda_nepredskazuemaya_peidzh.fb2.zip</filename>
	<title>Ли Миранда. Непредсказуемая Пейдж</title>
</book>
<book>
	<filename>li_miranda/li_miranda_nezabyvaemoe_rozhdestvo.fb2.zip</filename>
	<title>Ли Миранда. Незабываемое Рождество</title>
</book>
<book>
	<filename>li_miranda/li_miranda_obet_lyubvi.fb2.zip</filename>
	<title>Ли Миранда. Обет любви</title>
</book>
<book>
	<filename>li_miranda/li_miranda_predlozhenie_pleiboya.fb2.zip</filename>
	<title>Ли Миранда. Предложение плейбоя</title>
</book>
<book>
	<filename>li_miranda/li_miranda_prityazhenie_serdec.fb2.zip</filename>
	<title>Ли Миранда. Притяжение сердец</title>
</book>
<book>
	<filename>li_miranda/li_miranda_proekt_obolshenie.fb2.zip</filename>
	<title>Ли Миранда. Проект «Обольщение»</title>
</book>
<book>
	<filename>li_miranda/li_miranda_silnaya_slabaya_zhenshina.fb2.zip</filename>
	<title>Ли Миранда. Сильная слабая женщина</title>
</book>
<book>
	<filename>li_miranda/li_miranda_svadebnyi_albom.fb2.zip</filename>
	<title>Ли Миранда. Свадебный альбом</title>
</book>
<book>
	<filename>li_miranda/li_miranda_tainaya_podruga.fb2.zip</filename>
	<title>Ли Миранда. Тайная подруга</title>
</book>
<book>
	<filename>li_miranda/li_miranda_v_lyubvi_vse_sredstva_horoshi.fb2.zip</filename>
	<title>Ли Миранда. В любви все средства хороши</title>
</book>
<book>
	<filename>li_miranda/li_miranda_voskresit_lyubov.fb2.zip</filename>
	<title>Ли Миранда. Воскресить любовь</title>
</book>
<book>
	<filename>li_miranda/li_miranda_vsegda_budu_ryadom.fb2.zip</filename>
	<title>Ли Миранда. Всегда буду рядом</title>
</book>
<book>
	<filename>li_miranda/li_miranda_zhenih_naprokat.fb2.zip</filename>
	<title>Ли Миранда. Жених напрокат</title>
</book>
<book>
	<filename>li_miranda/li_miranda_zhizn_polna_neozhidannostei.fb2.zip</filename>
	<title>Ли Миранда. Жизнь полна неожиданностей</title>
</book>
<book>
	<filename>limonov_yeduard/limonov_yeduard_amerikanskie_kanikuly.fb2.zip</filename>
	<title>Лимонов Эдуард. Американские каникулы</title>
</book>
<book>
	<filename>limonov_yeduard/limonov_yeduard_chuzhoi_v_neznakomom_gorode.fb2.zip</filename>
	<title>Лимонов Эдуард. Чужой в незнакомом городе</title>
</book>
<book>
	<filename>limonov_yeduard/limonov_yeduard_dnevnik_neudachnika_ili_sekretnaya_tetrad.fb2.zip</filename>
	<title>Лимонов Эдуард. Дневник неудачника, или Секретная тетрадь</title>
</book>
<book>
	<filename>limonov_yeduard/limonov_yeduard_drugaya_rossiya.fb2.zip</filename>
	<title>Лимонов Эдуард. Другая Россия</title>
</book>
<book>
	<filename>limonov_yeduard/limonov_yeduard_po_tyurmam.fb2.zip</filename>
	<title>Лимонов Эдуард. По тюрьмам</title>
</book>
<book>
	<filename>limonov_yeduard/limonov_yeduard_rasskazy.fb2.zip</filename>
	<title>Лимонов Эдуард. Рассказы</title>
</book>
<book>
	<filename>limonov_yeduard/limonov_yeduard_russkoe_psiho.fb2.zip</filename>
	<title>Лимонов Эдуард. Русское психо</title>
</book>
<book>
	<filename>limonov_yeduard/limonov_yeduard_torzhestvo_metafiziki.fb2.zip</filename>
	<title>Лимонов Эдуард. Торжество метафизики</title>
</book>
<book>
	<filename>limonov_yeduard/limonov_yeduard_veselyi_i_moguchii_russkii_seks.fb2.zip</filename>
	<title>Лимонов Эдуард. Веселый и могучий русский секс</title>
</book>
<book>
	<filename>limonov_yeduard/limonov_yeduard_v_plenu_u_mertvecov.fb2.zip</filename>
	<title>Лимонов Эдуард. В плену у мертвецов</title>
</book>
<book>
	<filename>limonov_yeduard/limonov_yeduard_yeto_ya_yedichka.fb2.zip</filename>
	<title>Лимонов Эдуард. Это я – Эдичка</title>
</book>
<book>
	<filename>lin_anna/lin_anna_vladychica_chernoi_bashni.fb2.zip</filename>
	<title>Лин Анна. Владычица Черной башни</title>
</book>
<book>
	<filename>linaviver_bryed/linaviver_bryed_doom_ad_na_zemle.fb2.zip</filename>
	<title>Линавивер Брэд. DOOM: Ад на Земле</title>
</book>
<book>
	<filename>linaviver_bryed/linaviver_bryed_doom_po_koleno_v_krovi.fb2.zip</filename>
	<title>Линавивер Брэд. DOOM: По колено в крови</title>
</book>
<book>
	<filename>linch_dzhennifer/linch_dzhennifer_tvin_piks_tainyi_dnevnik_lory_palmer.fb2.zip</filename>
	<title>Линч Дженнифер. Твин Пикс: Тайный дневник Лоры Палмер</title>
</book>
<book>
	<filename>linch_skott/linch_skott_obmany_lokki_lamory.fb2.zip</filename>
	<title>Линч Скотт. Обманы Локки Ламоры</title>
</book>
<book>
	<filename>linc_kyeti/linc_kyeti_begom_k_altaryu.fb2.zip</filename>
	<title>Линц Кэти. Бегом к алтарю</title>
</book>
<book>
	<filename>linc_kyeti/linc_kyeti_bolshie_devochki_ne_plachut.fb2.zip</filename>
	<title>Линц Кэти. Большие девочки не плачут</title>
</book>
<book>
	<filename>linc_kyeti/linc_kyeti_kogda_komanduet_muzhchina.fb2.zip</filename>
	<title>Линц Кэти. Когда командует мужчина</title>
</book>
<book>
	<filename>linc_kyeti/linc_kyeti_pozhenimsya_v_lasvegase.fb2.zip</filename>
	<title>Линц Кэти. Поженимся в Лас-Вегасе</title>
</book>
<book>
	<filename>lindau_martin/lindau_martin_yad_bordzhia.fb2.zip</filename>
	<title>Линдау Мартин. Яд Борджиа</title>
</book>
<book>
	<filename>lindau_martin/lindau_martin_yad_bordzhia_zloi_genii_kovarstva.fb2.zip</filename>
	<title>Линдау Мартин. Яд Борджиа [Злой гений коварства]</title>
</book>
<book>
	<filename>lindblad_yan/lindblad_yan_chelovek_ty_ya_i_pervozdannyi.fb2.zip</filename>
	<title>Линдблад Ян. Человек — ты, я и первозданный</title>
</book>
<book>
	<filename>linden_kyerolain/linden_kyerolain_chto_nuzhno_zhenshine.fb2.zip</filename>
	<title>Линден Кэролайн. Что нужно женщине</title>
</book>
<book>
	<filename>linden_kyerolain/linden_kyerolain_kak_obolstit_vdovu.fb2.zip</filename>
	<title>Линден Кэролайн. Как обольстить вдову</title>
</book>
<book>
	<filename>linden_kyerolain/linden_kyerolain_ne_prosto_lyubovnica.fb2.zip</filename>
	<title>Линден Кэролайн. Не просто любовница</title>
</book>
<book>
	<filename>linden_kyerolain/linden_kyerolain_tvoi_sladkii_pocelui.fb2.zip</filename>
	<title>Линден Кэролайн. Твой сладкий поцелуй</title>
</book>
<book>
	<filename>linden_kyerolain/linden_kyerolain_zhelanie_dzhentlmeena.fb2.zip</filename>
	<title>Линден Кэролайн. Желание джентльмеена</title>
</book>
<book>
	<filename>lindgren_astrid/lindgren_astrid_bratya_lvinoe_serdce.fb2.zip</filename>
	<title>Линдгрен Астрид. Братья Львиное Сердце</title>
</book>
<book>
	<filename>lindgren_astrid/lindgren_astrid_kalle_blyumkvistsyshik.fb2.zip</filename>
	<title>Линдгрен Астрид. Калле Блюмквист-сыщик</title>
</book>
<book>
	<filename>lindgren_astrid/lindgren_astrid_kroshka_nils_karlson.fb2.zip</filename>
	<title>Линдгрен Астрид. Крошка Нильс Карлсон</title>
</book>
<book>
	<filename>lindgren_astrid/lindgren_astrid_mio_moi_mio.fb2.zip</filename>
	<title>Линдгрен Астрид. Мио, мой Мио!</title>
</book>
<book>
	<filename>lindgren_astrid/lindgren_astrid_mirabel.fb2.zip</filename>
	<title>Линдгрен Астрид. Мирабель</title>
</book>
<book>
	<filename>lindgren_astrid/lindgren_astrid_my_na_ostrove_saltkroka.fb2.zip</filename>
	<title>Линдгрен Астрид. Мы — на острове Сальткрока</title>
</book>
<book>
	<filename>lindgren_astrid/lindgren_astrid_my_vse_iz_byullerbyu.fb2.zip</filename>
	<title>Линдгрен Астрид. Мы все из Бюллербю</title>
</book>
<book>
	<filename>lindgren_astrid/lindgren_astrid_net_razboinikov_v_lesu.fb2.zip</filename>
	<title>Линдгрен Астрид. Нет разбойников в лесу</title>
</book>
<book>
	<filename>lindgren_astrid/lindgren_astrid_peppi_dlinnyichulok.fb2.zip</filename>
	<title>Линдгрен Астрид. Пеппи Длинныйчулок</title>
</book>
<book>
	<filename>lindgren_astrid/lindgren_astrid_peter_i_petra.fb2.zip</filename>
	<title>Линдгрен Астрид. Петер и Петра</title>
</book>
<book>
	<filename>lindgren_astrid/lindgren_astrid_pippi_dlinnyichulok_13.fb2.zip</filename>
	<title>Линдгрен Астрид. Пиппи Длинныйчулок 1-3</title>
</book>
<book>
	<filename>lindgren_astrid/lindgren_astrid_princessa_ne_zhelavshaya_igrat_v_kukly.fb2.zip</filename>
	<title>Линдгрен Астрид. Принцесса, не желавшая играть в куклы</title>
</book>
<book>
	<filename>lindgren_astrid/lindgren_astrid_solnechnaya_polyanka.fb2.zip</filename>
	<title>Линдгрен Астрид. Солнечная полянка</title>
</book>
<book>
	<filename>lindgren_astrid/lindgren_astrid_stukpostuk.fb2.zip</filename>
	<title>Линдгрен Астрид. Стук-постук</title>
</book>
<book>
	<filename>lindgren_astrid/lindgren_astrid_tri_povesti_o_malyshe_i_karlsone.fb2.zip</filename>
	<title>Линдгрен Астрид. Три повести о Малыше и Карлсоне</title>
</book>
<book>
	<filename>lindgren_astrid/lindgren_astrid_tri_povesti_o_malyshe_i_karlsone_s_illyustraciyami.fb2.zip</filename>
	<title>Линдгрен Астрид. Три повести о Малыше и Карлсоне (с иллюстрациями)</title>
</book>
<book>
	<filename>lindgren_astrid/lindgren_astrid_veselaya_kukushka.fb2.zip</filename>
	<title>Линдгрен Астрид. Веселая кукушка</title>
</book>
<book>
	<filename>lindgren_astrid/lindgren_astrid_v_strane_mezhdu_svetom_i_tmoi.fb2.zip</filename>
	<title>Линдгрен Астрид. В стране между Светом и Тьмой</title>
</book>
<book>
	<filename>lindgren_astrid/lindgren_astrid_yelfa_i_nosovoi_platochek.fb2.zip</filename>
	<title>Линдгрен Астрид. Эльфа и носовой платочек</title>
</book>
<book>
	<filename>lindgren_astrid/lindgren_astrid_yemil_iz_lennebergi.fb2.zip</filename>
	<title>Линдгрен Астрид. Эмиль из Леннеберги</title>
</book>
<book>
	<filename>lindgren_astrid/lindgren_astrid_zvenit_li_moya_lipa_poyot_li_moi_solovushka.fb2.zip</filename>
	<title>Линдгрен Астрид. Звенит ли моя липа, поёт ли мой соловушка...</title>
</book>
<book>
	<filename>lindholm_myegan/lindholm_myegan_poi_vmeste_s_vetrom.fb2.zip</filename>
	<title>Линдхольм Мэган. Пой вместе с ветром</title>
</book>
<book>
	<filename>lindholm_myegan/lindholm_myegan_zaklinatelnicy_vetrov.fb2.zip</filename>
	<title>Линдхольм Мэган. Заклинательницы ветров</title>
</book>
<book>
	<filename>lindsei_dyevid/lindsei_dyevid_puteshestvie_k_arkturu.fb2.zip</filename>
	<title>Линдсей Дэвид. Путешествие к Арктуру</title>
</book>
<book>
	<filename>lindsei_dzheffri/lindsei_dzheffri_dremlyushii_demon_dekstera.fb2.zip</filename>
	<title>Линдсей Джеффри. Дремлющий демон Декстера</title>
</book>
<book>
	<filename>lindsei_dzhek/lindsei_dzhek_beglecy.fb2.zip</filename>
	<title>Линдсей Джек. Беглецы</title>
</book>
<book>
	<filename>lindsei_dzhek/lindsei_dzhek_gannibal.fb2.zip</filename>
	<title>Линдсей Джек. Ганнибал</title>
</book>
<book>
	<filename>lindsei_dzhoanna/lindsei_dzhoanna_angel.fb2.zip</filename>
	<title>Линдсей Джоанна. Ангел</title>
</book>
<book>
	<filename>lindsei_dzhoanna/lindsei_dzhoanna_angel_vo_ploti.fb2.zip</filename>
	<title>Линдсей Джоанна. Ангел во плоти</title>
</book>
<book>
	<filename>lindsei_dzhoanna/lindsei_dzhoanna_bud_moei.fb2.zip</filename>
	<title>Линдсей Джоанна. Будь моей</title>
</book>
<book>
	<filename>lindsei_dzhoanna/lindsei_dzhoanna_burya_strasti.fb2.zip</filename>
	<title>Линдсей Джоанна. Буря страсти</title>
</book>
<book>
	<filename>lindsei_dzhoanna/lindsei_dzhoanna_dikar_i_prostushka.fb2.zip</filename>
	<title>Линдсей Джоанна. Дикарь и простушка</title>
</book>
<book>
	<filename>lindsei_dzhoanna/lindsei_dzhoanna_dyavol_kotoryi_ee_ukrotil.fb2.zip</filename>
	<title>Линдсей Джоанна. Дьявол, который ее укротил</title>
</book>
<book>
	<filename>lindsei_dzhoanna/lindsei_dzhoanna_grozovaya_lyubov.fb2.zip</filename>
	<title>Линдсей Джоанна. Грозовая любовь</title>
</book>
<book>
	<filename>lindsei_dzhoanna/lindsei_dzhoanna_hranyashaya_serdce.fb2.zip</filename>
	<title>Линдсей Джоанна. Хранящая сердце</title>
</book>
<book>
	<filename>lindsei_dzhoanna/lindsei_dzhoanna_i_tolko_serdce_znaet_tom_1.fb2.zip</filename>
	<title>Линдсей Джоанна. И только сердце знает (том 1)</title>
</book>
<book>
	<filename>lindsei_dzhoanna/lindsei_dzhoanna_i_tolko_serdce_znaet_tom_2.fb2.zip</filename>
	<title>Линдсей Джоанна. И только сердце знает (том 2)</title>
</book>
<book>
	<filename>lindsei_dzhoanna/lindsei_dzhoanna_kak_podskazhet_serdce.fb2.zip</filename>
	<title>Линдсей Джоанна. Как подскажет сердце</title>
</book>
<book>
	<filename>lindsei_dzhoanna/lindsei_dzhoanna_kogda_lyubov_zhdet.fb2.zip</filename>
	<title>Линдсей Джоанна. Когда любовь ждет</title>
</book>
<book>
	<filename>lindsei_dzhoanna/lindsei_dzhoanna_lyubi_menya_vechno.fb2.zip</filename>
	<title>Линдсей Джоанна. Люби меня вечно</title>
</book>
<book>
	<filename>lindsei_dzhoanna/lindsei_dzhoanna_lyubov_i_grom.fb2.zip</filename>
	<title>Линдсей Джоанна. Любовь и гром</title>
</book>
<book>
	<filename>lindsei_dzhoanna/lindsei_dzhoanna_lyubov_i_mest.fb2.zip</filename>
	<title>Линдсей Джоанна. Любовь и месть</title>
</book>
<book>
	<filename>lindsei_dzhoanna/lindsei_dzhoanna_lyubov_i_veter.fb2.zip</filename>
	<title>Линдсей Джоанна. Любовь и ветер</title>
</book>
<book>
	<filename>lindsei_dzhoanna/lindsei_dzhoanna_lyubov_pirata.fb2.zip</filename>
	<title>Линдсей Джоанна. Любовь пирата</title>
</book>
<book>
	<filename>lindsei_dzhoanna/lindsei_dzhoanna_lyubyat_tolko_raz.fb2.zip</filename>
	<title>Линдсей Джоанна. Любят только раз</title>
</book>
<book>
	<filename>lindsei_dzhoanna/lindsei_dzhoanna_magiya_lyubvi.fb2.zip</filename>
	<title>Линдсей Джоанна. Магия любви</title>
</book>
<book>
	<filename>lindsei_dzhoanna/lindsei_dzhoanna_milaya_plutovka.fb2.zip</filename>
	<title>Линдсей Джоанна. Милая плутовка</title>
</book>
<book>
	<filename>lindsei_dzhoanna/lindsei_dzhoanna_mne_nuzhna_tolko_ty.fb2.zip</filename>
	<title>Линдсей Джоанна. Мне нужна только ты</title>
</book>
<book>
	<filename>lindsei_dzhoanna/lindsei_dzhoanna_moi_muzhchina.fb2.zip</filename>
	<title>Линдсей Джоанна. Мой мужчина</title>
</book>
<book>
	<filename>lindsei_dzhoanna/lindsei_dzhoanna_moi_zlodei.fb2.zip</filename>
	<title>Линдсей Джоанна. Мой злодей</title>
</book>
<book>
	<filename>lindsei_dzhoanna/lindsei_dzhoanna_muzhchina_moei_mechty.fb2.zip</filename>
	<title>Линдсей Джоанна. Мужчина моей мечты</title>
</book>
<book>
	<filename>lindsei_dzhoanna/lindsei_dzhoanna_naveki.fb2.zip</filename>
	<title>Линдсей Джоанна. Навеки</title>
</book>
<book>
	<filename>lindsei_dzhoanna/lindsei_dzhoanna_nichego_krome_soblazna.fb2.zip</filename>
	<title>Линдсей Джоанна. Ничего, кроме соблазна</title>
</book>
<book>
	<filename>lindsei_dzhoanna/lindsei_dzhoanna_pervozdannyi_rai.fb2.zip</filename>
	<title>Линдсей Джоанна. Первозданный рай</title>
</book>
<book>
	<filename>lindsei_dzhoanna/lindsei_dzhoanna_plennik_moih_zhelanii.fb2.zip</filename>
	<title>Линдсей Джоанна. Пленник моих желаний</title>
</book>
<book>
	<filename>lindsei_dzhoanna/lindsei_dzhoanna_podari_mne_lyubov.fb2.zip</filename>
	<title>Линдсей Джоанна. Подари мне любовь</title>
</book>
<book>
	<filename>lindsei_dzhoanna/lindsei_dzhoanna_podarok.fb2.zip</filename>
	<title>Линдсей Джоанна. Подарок</title>
</book>
<book>
	<filename>lindsei_dzhoanna/lindsei_dzhoanna_pogonya_za_schastem.fb2.zip</filename>
	<title>Линдсей Джоанна. Погоня за счастьем</title>
</book>
<book>
	<filename>lindsei_dzhoanna/lindsei_dzhoanna_pohishennaya_nevesta.fb2.zip</filename>
	<title>Линдсей Джоанна. Похищенная невеста</title>
</book>
<book>
	<filename>lindsei_dzhoanna/lindsei_dzhoanna_princessa.fb2.zip</filename>
	<title>Линдсей Джоанна. Принцесса</title>
</book>
<book>
	<filename>lindsei_dzhoanna/lindsei_dzhoanna_pylayushie_serdca.fb2.zip</filename>
	<title>Линдсей Джоанна. Пылающие сердца</title>
</book>
<book>
	<filename>lindsei_dzhoanna/lindsei_dzhoanna_serdce_voina.fb2.zip</filename>
	<title>Линдсей Джоанна. Сердце воина</title>
</book>
<book>
	<filename>lindsei_dzhoanna/lindsei_dzhoanna_serebryanyi_angel.fb2.zip</filename>
	<title>Линдсей Джоанна. Серебряный ангел</title>
</book>
<book>
	<filename>lindsei_dzhoanna/lindsei_dzhoanna_skazhi_chto_lyubish.fb2.zip</filename>
	<title>Линдсей Джоанна. Скажи, что любишь</title>
</book>
<book>
	<filename>lindsei_dzhoanna/lindsei_dzhoanna_tainaya_strast.fb2.zip</filename>
	<title>Линдсей Джоанна. Тайная страсть</title>
</book>
<book>
	<filename>lindsei_dzhoanna/lindsei_dzhoanna_trevogi_lyubvi.fb2.zip</filename>
	<title>Линдсей Джоанна. Тревоги любви</title>
</book>
<book>
	<filename>lindsei_dzhoanna/lindsei_dzhoanna_uzhasno_skandalnyi_brak.fb2.zip</filename>
	<title>Линдсей Джоанна. Ужасно скандальный брак</title>
</book>
<book>
	<filename>lindsei_dzhoanna/lindsei_dzhoanna_uznik_moego_zhelaniya.fb2.zip</filename>
	<title>Линдсей Джоанна. Узник моего желания</title>
</book>
<book>
	<filename>lindsei_dzhoanna/lindsei_dzhoanna_uzy_lyubvi.fb2.zip</filename>
	<title>Линдсей Джоанна. Узы любви</title>
</book>
<book>
	<filename>lindsei_dzhoanna/lindsei_dzhoanna_vlyublennyi_mstitel.fb2.zip</filename>
	<title>Линдсей Джоанна. Влюбленный мститель</title>
</book>
<book>
	<filename>lindsei_dzhoanna/lindsei_dzhoanna_vlyublennyi_povesa.fb2.zip</filename>
	<title>Линдсей Джоанна. Влюбленный повеса</title>
</book>
<book>
	<filename>lindsei_dzhoanna/lindsei_dzhoanna_yeto_dikoe_serdce.fb2.zip</filename>
	<title>Линдсей Джоанна. Это дикое сердце</title>
</book>
<book>
	<filename>lindsei_dzhoanna/lindsei_dzhoanna_zhenshinavoin.fb2.zip</filename>
	<title>Линдсей Джоанна. Женщина-воин</title>
</book>
<book>
	<filename>lindsei_dzhoanna/lindsei_dzhoanna_zimnie_kostry.fb2.zip</filename>
	<title>Линдсей Джоанна. Зимние костры</title>
</book>
<book>
	<filename>lindsei_ivonn/lindsei_ivonn_peshka_koroleva.fb2.zip</filename>
	<title>Линдсей Ивонн. Пешка? Королева!</title>
</book>
<book>
	<filename>lindsei_rebekka/lindsei_rebekka_princ_na_prodazhu.fb2.zip</filename>
	<title>Линдсей Ребекка. Принц на продажу</title>
</book>
<book>
	<filename>lindsei_ryechel/lindsei_ryechel_serdce_zhenshiny.fb2.zip</filename>
	<title>Линдсей Рэчел. Сердце женщины</title>
</book>
<book>
	<filename>linds_geil/linds_geil_mozaika.fb2.zip</filename>
	<title>Линдс Гейл. Мозаика</title>
</book>
<book>
	<filename>lindskold_dzhein/lindskold_dzhein_donnerdzhek.fb2.zip</filename>
	<title>Линдскольд Джейн. Доннерджек</title>
</book>
<book>
	<filename>lindskold_dzhein/lindskold_dzhein_hronomaster.fb2.zip</filename>
	<title>Линдскольд Джейн. Хрономастер</title>
</book>
<book>
	<filename>lindskold_dzhein/lindskold_dzhein_lord_demon.fb2.zip</filename>
	<title>Линдскольд Джейн. Лорд Демон</title>
</book>
<book>
	<filename>linevskii_aleksandr/linevskii_aleksandr_listy_kamennoi_knigi.fb2.zip</filename>
	<title>Линевский Александр. Листы каменной книги</title>
</book>
<book>
	<filename>linford_dzhanet/linford_dzhanet_dama_chervei.fb2.zip</filename>
	<title>Линфорд Джанет. Дама червей</title>
</book>
<book>
	<filename>linford_dzhanet/linford_dzhanet_neznakomka_s_sokolom.fb2.zip</filename>
	<title>Линфорд Джанет. Незнакомка с соколом</title>
</book>
<book>
	<filename>linford_dzhanet/linford_dzhanet_povelitel_molnii_korolevskaya_kruzhevnica.fb2.zip</filename>
	<title>Линфорд Джанет. Повелитель молний (Королевская кружевница)</title>
</book>
<book>
	<filename>lin_fryenk/lin_fryenk_devyat_zhiznei.fb2.zip</filename>
	<title>Лин Фрэнк. Девять жизней</title>
</book>
<book>
	<filename>lin_fryenk/lin_fryenk_tochka_kipeniya.fb2.zip</filename>
	<title>Лин Фрэнк. Точка кипения</title>
</book>
<book>
	<filename>link_geil/link_geil_korolevskii_podarok.fb2.zip</filename>
	<title>Линк Гейл. Королевский подарок</title>
</book>
<book>
	<filename>link_geil/link_geil_neugasimoe_plamya.fb2.zip</filename>
	<title>Линк Гейл. Неугасимое пламя</title>
</book>
<book>
	<filename>link_geil/link_geil_pesn_nadezhdy.fb2.zip</filename>
	<title>Линк Гейл. Песнь надежды</title>
</book>
<book>
	<filename>linn_anna/linn_anna_ya_prishla_izdaleka.fb2.zip</filename>
	<title>Линн Анна. Я пришла издалека</title>
</book>
<book>
	<filename>linn_dzhonatan/linn_dzhonatan_da_gospodin_ministr.fb2.zip</filename>
	<title>Линн Джонатан. Да, господин министр</title>
</book>
<book>
	<filename>linn_dzhonatan/linn_dzhonatan_da_gospodin_premerministr_iz_dnevnika_dostopochtennogo_dzheimsa_hyekera.fb2.zip</filename>
	<title>Линн Джонатан. Да, господин Премьер-министр. Из дневника достопочтенного Джеймса Хэкера</title>
</book>
<book>
	<filename>linn_lesli/linn_lesli_obman_gercoga.fb2.zip</filename>
	<title>Линн Лесли. Обман герцога</title>
</book>
<book>
	<filename>linn_patriciya/linn_patriciya_na_poroge_schastya.fb2.zip</filename>
	<title>Линн Патриция. На пороге счастья</title>
</book>
<book>
	<filename>linn_virdzhiniya/linn_virdzhiniya_lyubov_avantyurista.fb2.zip</filename>
	<title>Линн Вирджиния. Любовь авантюриста</title>
</book>
<book>
	<filename>linn_virdzhiniya/linn_virdzhiniya_nepokornaya_plennica.fb2.zip</filename>
	<title>Линн Вирджиния. Непокорная пленница</title>
</book>
<book>
	<filename>linn_virdzhiniya/linn_virdzhiniya_vlyublennyi_mstitel.fb2.zip</filename>
	<title>Линн Вирджиния. Влюбленный мститель</title>
</book>
<book>
	<filename>linn_yelizabet/linn_yelizabet_zima_drakonov.fb2.zip</filename>
	<title>Линн Элизабет. Зима драконов</title>
</book>
<book>
	<filename>linn_yeskott/linn_yeskott_robin_gud.fb2.zip</filename>
	<title>Линн Эскотт. Робин Гуд</title>
</book>
<book>
	<filename>lipatov_pavel/lipatov_pavel_chasy_s_brasletom.fb2.zip</filename>
	<title>Липатов Павел. Часы с браслетом</title>
</book>
<book>
	<filename>lipatov_vil/lipatov_vil_01_01_01.fb2.zip</filename>
	<title>Липатов Виль Владимирович. 01! 01! 01!</title>
</book>
<book>
	<filename>lipatov_vil/lipatov_vil_aniskin_i_bottichelli.fb2.zip</filename>
	<title>Липатов Виль Владимирович. Анискин и Боттичелли</title>
</book>
<book>
	<filename>lipatov_vil/lipatov_vil_aniskin_i_bottichelli_kinopovest.fb2.zip</filename>
	<title>Липатов Виль Владимирович. Анискин и Боттичелли (киноповесть)</title>
</book>
<book>
	<filename>lipatov_vil/lipatov_vil_brezentovaya_sumka.fb2.zip</filename>
	<title>Липатов Виль Владимирович. Брезентовая сумка</title>
</book>
<book>
	<filename>lipatov_vil/lipatov_vil_chto_mozhno_kuzenkovu.fb2.zip</filename>
	<title>Липатов Виль Владимирович. Что можно Кузенкову?</title>
</book>
<book>
	<filename>lipatov_vil/lipatov_vil_dengi.fb2.zip</filename>
	<title>Липатов Виль Владимирович. Деньги</title>
</book>
<book>
	<filename>lipatov_vil/lipatov_vil_derevenskii_detektiv.fb2.zip</filename>
	<title>Липатов Виль Владимирович. Деревенский детектив</title>
</book>
<book>
	<filename>lipatov_vil/lipatov_vil_dom_na_beregu.fb2.zip</filename>
	<title>Липатов Виль Владимирович. Дом на берегу</title>
</book>
<book>
	<filename>lipatov_vil/lipatov_vil_dva_rublya_desyat_kopeek.fb2.zip</filename>
	<title>Липатов Виль Владимирович. Два рубля десять копеек…</title>
</book>
<book>
	<filename>lipatov_vil/lipatov_vil_eshe_do_voiny.fb2.zip</filename>
	<title>Липатов Виль Владимирович. Еще до войны</title>
</book>
<book>
	<filename>lipatov_vil/lipatov_vil_gegemon.fb2.zip</filename>
	<title>Липатов Виль Владимирович. Гегемон</title>
</book>
<book>
	<filename>lipatov_vil/lipatov_vil_gluhaya_myata.fb2.zip</filename>
	<title>Липатов Виль. Глухая Мята</title>
</book>
<book>
	<filename>lipatov_vil/lipatov_vil_igor_savvovich.fb2.zip</filename>
	<title>Липатов Виль. Игорь Саввович</title>
</book>
<book>
	<filename>lipatov_vil/lipatov_vil_i_yeto_vse_o_nem.fb2.zip</filename>
	<title>Липатов Виль Владимирович. И это все о нем</title>
</book>
<book>
	<filename>lipatov_vil/lipatov_vil_kapitan_smelogo.fb2.zip</filename>
	<title>Липатов Виль Владимирович. Капитан «Смелого»</title>
</book>
<book>
	<filename>lipatov_vil/lipatov_vil_karera.fb2.zip</filename>
	<title>Липатов Виль Владимирович. Карьера</title>
</book>
<book>
	<filename>lipatov_vil/lipatov_vil_kogda_derevya_ne_umirayut.fb2.zip</filename>
	<title>Липатов Виль Владимирович. Когда деревья не умирают</title>
</book>
<book>
	<filename>lipatov_vil/lipatov_vil_korabel.fb2.zip</filename>
	<title>Липатов Виль Владимирович. Корабел</title>
</book>
<book>
	<filename>lipatov_vil/lipatov_vil_les_ravnodushnyh_ne_lyubit.fb2.zip</filename>
	<title>Липатов Виль Владимирович. Лес равнодушных не любит</title>
</book>
<book>
	<filename>lipatov_vil/lipatov_vil_lev_na_luzhaike.fb2.zip</filename>
	<title>Липатов Виль. Лев на лужайке</title>
</book>
<book>
	<filename>lipatov_vil/lipatov_vil_lida_varaksina.fb2.zip</filename>
	<title>Липатов Виль. Лида Вараксина</title>
</book>
<book>
	<filename>lipatov_vil/lipatov_vil_nashih_dush_zolotye_rossypi.fb2.zip</filename>
	<title>Липатов Виль Владимирович. Наших душ золотые россыпи</title>
</book>
<book>
	<filename>lipatov_vil/lipatov_vil_obskoi_kapitan.fb2.zip</filename>
	<title>Липатов Виль Владимирович. Обской капитан</title>
</book>
<book>
	<filename>lipatov_vil/lipatov_vil_pisma_iz_tolyatti.fb2.zip</filename>
	<title>Липатов Виль Владимирович. Письма из Тольятти</title>
</book>
<book>
	<filename>lipatov_vil/lipatov_vil_popravka_k_prognozu.fb2.zip</filename>
	<title>Липатов Виль Владимирович. Поправка к прогнозу</title>
</book>
<book>
	<filename>lipatov_vil/lipatov_vil_povest_bez_nachala_syuzheta_i_konca.fb2.zip</filename>
	<title>Липатов Виль Владимирович. Повесть без начала, сюжета и конца...</title>
</book>
<book>
	<filename>lipatov_vil/lipatov_vil_pyataki_gerbami_vverh.fb2.zip</filename>
	<title>Липатов Виль Владимирович. Пятаки гербами вверх</title>
</book>
<book>
	<filename>lipatov_vil/lipatov_vil_razgovorchivyi_chelovek.fb2.zip</filename>
	<title>Липатов Виль Владимирович. Разговорчивый человек</title>
</book>
<book>
	<filename>lipatov_vil/lipatov_vil_seraya_mysh.fb2.zip</filename>
	<title>Липатов Виль Владимирович. Серая мышь</title>
</book>
<book>
	<filename>lipatov_vil/lipatov_vil_serzhant_milicii.fb2.zip</filename>
	<title>Липатов Виль Владимирович. Сержант милиции</title>
</book>
<book>
	<filename>lipatov_vil/lipatov_vil_shestero.fb2.zip</filename>
	<title>Липатов Виль Владимирович. Шестеро</title>
</book>
<book>
	<filename>lipatov_vil/lipatov_vil_shofer_taksi.fb2.zip</filename>
	<title>Липатов Виль Владимирович. Шофер такси</title>
</book>
<book>
	<filename>lipatov_vil/lipatov_vil_skazanie_o_direktore_pronchatove.fb2.zip</filename>
	<title>Липатов Виль Владимирович. Сказание о директоре Прончатове</title>
</book>
<book>
	<filename>lipatov_vil/lipatov_vil_smert_egora_suzuna.fb2.zip</filename>
	<title>Липатов Виль Владимирович. Смерть Егора Сузуна</title>
</book>
<book>
	<filename>lipatov_vil/lipatov_vil_starshii_avtoinspektor.fb2.zip</filename>
	<title>Липатов Виль Владимирович. Старший автоинспектор</title>
</book>
<book>
	<filename>lipatov_vil/lipatov_vil_stepanov_i_stepanovy.fb2.zip</filename>
	<title>Липатов Виль Владимирович. Степанов и Степановы</title>
</book>
<book>
	<filename>lipatov_vil/lipatov_vil_strezhen.fb2.zip</filename>
	<title>Липатов Виль Владимирович. Стрежень</title>
</book>
<book>
	<filename>lipatov_vil/lipatov_vil_techet_reka_volga.fb2.zip</filename>
	<title>Липатов Виль Владимирович. Течет река Волга…</title>
</book>
<book>
	<filename>lipatov_vil/lipatov_vil_tochka_opory.fb2.zip</filename>
	<title>Липатов Виль Владимирович. Точка опоры</title>
</book>
<book>
	<filename>lipatov_vil/lipatov_vil_tot_samyi_timofei_zotkin_tot_tot.fb2.zip</filename>
	<title>Липатов Виль Владимирович. Тот самый Тимофей Зоткин? Тот, тот…</title>
</book>
<book>
	<filename>lipatov_vil/lipatov_vil_vorota.fb2.zip</filename>
	<title>Липатов Виль Владимирович. Ворота</title>
</book>
<book>
	<filename>lipatov_vil/lipatov_vil_vse_my_vse_nezamenimye.fb2.zip</filename>
	<title>Липатов Виль Владимирович. Все мы, все – незаменимые</title>
</book>
<book>
	<filename>lipatov_vil/lipatov_vil_zakroishik_iz_kalugi.fb2.zip</filename>
	<title>Липатов Виль Владимирович. Закройщик из Калуги</title>
</book>
<book>
	<filename>lipatov_vil/lipatov_vil_zhitie_vanyushki_murzina_ili_lyubov_v_starokorotkine.fb2.zip</filename>
	<title>Липатов Виль Владимирович. Житие Ванюшки Мурзина или любовь в Старо-Короткине</title>
</book>
<book>
	<filename>lipatov_vil/lipatov_vil_zhizn_prozhit.fb2.zip</filename>
	<title>Липатов Виль Владимирович. Жизнь прожить…</title>
</book>
<book>
	<filename>lipfert_gelmut/lipfert_gelmut_dnevnik_gauptmana_lyuftvaffe.fb2.zip</filename>
	<title>Липферт Гельмут. Дневник гауптмана люфтваффе</title>
</book>
<book>
	<filename>lipoveckii_vladimir/lipoveckii_vladimir_kovcheg_detei_ili_neveroyatnaya_odisseya.fb2.zip</filename>
	<title>Липовецкий Владимир. Ковчег детей, или Невероятная одиссея</title>
</book>
<book>
	<filename>lipskerov_dmitrii/lipskerov_dmitrii_leonid_obyazatelno_umret.fb2.zip</filename>
	<title>Липскеров Дмитрий. Леонид обязательно умрет</title>
</book>
<book>
	<filename>lipskerov_dmitrii/lipskerov_dmitrii_oseni_ne_budet_nikogda.fb2.zip</filename>
	<title>Липскеров Дмитрий. Осени не будет никогда</title>
</book>
<book>
	<filename>lipskerov_dmitrii/lipskerov_dmitrii_ozhidanie_solomei.fb2.zip</filename>
	<title>Липскеров Дмитрий. Ожидание Соломеи</title>
</book>
<book>
	<filename>lipskerov_dmitrii/lipskerov_dmitrii_palcy_dlya_kerolain.fb2.zip</filename>
	<title>Липскеров Дмитрий. Пальцы для Керолайн</title>
</book>
<book>
	<filename>lipskerov_dmitrii/lipskerov_dmitrii_poslednii_son_razuma.fb2.zip</filename>
	<title>Липскеров Дмитрий. Последний сон разума</title>
</book>
<book>
	<filename>lipskerov_dmitrii/lipskerov_dmitrii_prostranstvo_gotliba.fb2.zip</filename>
	<title>Липскеров Дмитрий. Пространство Готлиба</title>
</book>
<book>
	<filename>lipskerov_dmitrii/lipskerov_dmitrii_rodichi.fb2.zip</filename>
	<title>Липскеров Дмитрий. Родичи</title>
</book>
<book>
	<filename>lipskerov_dmitrii/lipskerov_dmitrii_russkoe_stakkato_britanskoi_materi.fb2.zip</filename>
	<title>Липскеров Дмитрий Михайлович. Русское стаккато — британской матери</title>
</book>

</books>

