<?xml version="1.0" encoding="UTF-8" ?>
<books>
<book>
	<author>Вартанов С</author>
	<title>Белая дорога</title>
	<filename>VARTANOV/doroga.txt</filename>
</book>
<book>
	<author>Вогт А В</author>
	<title>Жизненная сила</title>
	<filename>VOGT/asylum.txt</filename>
</book>
<book>
	<author>Вогт В</author>
	<title>Пробуждение</title>
	<filename>VOGT/awaken.txt</filename>
</book>
<book>
	<author>Вогт А В</author>
	<title>Варвар</title>
	<filename>VOGT/barbaria.txt</filename>
</book>
<book>
	<author>Вогт А В</author>
	<title>И вечный бой...</title>
	<filename>VOGT/battle.txt</filename>
</book>
<book>
	<author>Вогт А В</author>
	<title>Черный хищник</title>
	<filename>VOGT/blkdestr.txt</filename>
</book>
<book>
	<author>Вогт А В</author>
	<title>Завершение</title>
	<filename>VOGT/fulfilme.txt</filename>
</book>
<book>
	<author>Вогт А В</author>
	<title>Обитель вечности</title>
	<filename>VOGT/house.txt</filename>
</book>
<book>
	<author>Вогт А В</author>
	<title>Империя атома</title>
	<filename>VOGT/imperat.txt</filename>
</book>
<book>
	<author>Вогт А В</author>
	<title>Мир нуль-А</title>
	<filename>VOGT/nula.txt</filename>
</book>
<book>
	<author>Вогт А В</author>
	<title>Оружейный магазин Ишера</title>
	<filename>VOGT/oruzheni.txt</filename>
</book>
<book>
	<author>Вогт А В</author>
	<title>Библия Пта</title>
	<filename>VOGT/ptath.txt</filename>
</book>
<book>
	<author>Вогт А В</author>
	<title>Рейд к звездам</title>
	<filename>VOGT/reid.txt</filename>
</book>
<book>
	<author>Вогт А В</author>
	<title>Война против рулл</title>
	<filename>VOGT/rull_war.txt</filename>
</book>
<book>
	<author>Вогт А В</author>
	<title>Слэн</title>
	<filename>VOGT/slan.txt</filename>
</book>
<book>
	<author>Вогт А В</author>
	<title>Змея и крыса</title>
	<filename>VOGT/snak_rat.txt</filename>
</book>
<book>
	<author>Вогт А В</author>
	<title>Человек с тысячью лиц</title>
	<filename>VOGT/thousand.txt</filename>
</book>
<book>
	<author>Вогт А В</author>
	<title>Защита</title>
	<filename>VOGT/van-vogt.txt</filename>
</book>
<book>
	<author>Вогт А В</author>
	<title>Оборона</title>
	<filename>VOGT/vogt03.txt</filename>
</book>
<book>
	<author>Вогт А В</author>
	<title>Оружейники</title>
	<filename>VOGT/vogt2.txt</filename>
</book>
<book>
	<author>Вогт А В</author>
	<title>Чудовище</title>
	<filename>VOGT/vogt4.txt</filename>
</book>

</books>

