<?xml version="1.0" encoding="UTF-8" ?>
<books>
<book>
	<author></author>
	<title>Анализ парашютных проишествий в РФ за 1997г.</title>
	<filename>PARACHUTE/1997black.txt</filename>
</book>
<book>
	<author></author>
	<title>Авиаклубы города Москвы</title>
	<filename>PARACHUTE/aviaclubs.txt</filename>
</book>
<book>
	<author>Демин Г Н С</author>
	<title>Десантники (фрагмент мемуаров)</title>
	<filename>PARACHUTE/desantniki.txt</filename>
</book>
<book>
	<author></author>
	<title>Rec.Skydiving FAQ Sheet</title>
	<filename>PARACHUTE/faq-skydive.txt</filename>
</book>
<book>
	<author></author>
	<title>Rec.Skydiving FAQ Sheet (United Kingdom)</title>
	<filename>PARACHUTE/faq-skydive-uk.txt</filename>
</book>
<book>
	<author></author>
	<title>Описание вида SKY DIVER</title>
	<filename>PARACHUTE/fidoskydiver.txt</filename>
</book>
<book>
	<author></author>
	<title>Newsgroups: rec.skydiving</title>
	<filename>PARACHUTE/sexvssky.txt</filename>
</book>
<book>
	<author></author>
	<title>Blood on the risers</title>
	<filename>PARACHUTE/song.txt</filename>
</book>
<book>
	<author></author>
	<title>You know you're a skydiver when...</title>
	<filename>PARACHUTE/when.txt</filename>
</book>
<book>
	<author>Пастернак Б</author>
	<title>Детство Люверс</title>
	<filename>PASTERNAK/luvers.txt</filename>
</book>
<book>
	<author>Пастернак Б</author>
	<title>Стихи</title>
	<filename>PASTERNAK/stihi.txt</filename>
</book>
<book>
	<author>Pasternak B</author>
	<title>Verses (translated by Andrey Kneller)</title>
	<filename>PASTERNAK/verses.txt</filename>
</book>
<book>
	<author>Пастернак Б</author>
	<title>Доктор Живаго</title>
	<filename>PASTERNAK/zhiwago.txt</filename>
</book>
<book>
	<author>Павлов С, Шарова  Н</author>
	<title>Волшебный локон Ампары (часть 1)</title>
	<filename>PAWLOW/ampara1.txt</filename>
</book>
<book>
	<author>Павлов С</author>
	<title>Чердак вселенной</title>
	<filename>PAWLOW/cherdak.txt</filename>
</book>
<book>
	<author>Павлов С</author>
	<title>Лунная радуга. Книга 1. По черному следу</title>
	<filename>PAWLOW/raduga1.txt</filename>
</book>
<book>
	<author>Павлов С</author>
	<title> Лунная радуга. Книга 2. Мягкие зеркала</title>
	<filename>PAWLOW/zerkala.txt</filename>
</book>
<book>
	<author></author>
	<title>Ballantain: Linux Интернет-сервер с masquerading'ом на floppy-диске</title>
	<filename>PC/balancian.txt</filename>
</book>
<book>
	<author></author>
	<title>О системе факс-гейтов со свободным или "полусвободным" доступом</title>
	<filename>PC/faxserver/freefaxservers.txt</filename>
</book>
<book>
	<author></author>
	<title>Horst F's Titelseite</title>
	<filename>PC/faxserver/horsthp.txt</filename>
</book>
<book>
	<author></author>
	<title>FAX сервер под Linux: hylafax</title>
	<filename>PC/faxserver/hylafax.txt</filename>
</book>
<book>
	<author></author>
	<title>RESPOND V1.4</title>
	<filename>PC/faxserver/respond14readme.txt</filename>
</book>
<book>
	<author></author>
	<title>Домашняя страница PicoBSD 2.2.5(перевод Константина Никоненко)</title>
	<filename>PC/PicoBSD.txt</filename>
</book>
<book>
	<author></author>
	<title>Диагностика вашего сервера SAMBA</title>
	<filename>PC/samba_diag.txt</filename>
</book>
<book>
	<author></author>
	<title>Samba Web page</title>
	<filename>PC/samba.txt</filename>
</book>
<book>
	<author>Пелевин В</author>
	<title>Виктор Пелевин спрашивает PRов</title>
	<filename>PELEWIN/anketa.txt</filename>
</book>
<book>
	<author>Пелевин В</author>
	<title>Водонапорная башня</title>
	<filename>PELEWIN/bashnq.txt</filename>
</book>
<book>
	<author></author>
	<title>Виктор Пелевин: опыт библиографии</title>
	<filename>PELEWIN/bibliography.txt</filename>
</book>
<book>
	<author>Пелевин В</author>
	<title>Синий фонарь</title>
	<filename>PELEWIN/bllex.txt</filename>
</book>
<book>
	<author>Пелевин В</author>
	<title>День Бульдозериста</title>
	<filename>PELEWIN/buld.txt</filename>
</book>
<book>
	<author>Пелевин В</author>
	<title>Хрустальный мир</title>
	<filename>PELEWIN/chr_wrld.txt</filename>
</book>
<book>
	<author>Демкин С</author>
	<title>Исчезнувшая казна азиатской дивизии</title>
	<filename>PELEWIN/demkin.txt</filename>
</book>
<book>
	<author>Пелевин В</author>
	<title>Онтология детства</title>
	<filename>PELEWIN/detstvo.txt</filename>
</book>
<book>
	<author>Пелевин В</author>
	<title>Джон Фаулз и трагедия русского либерализма</title>
	<filename>PELEWIN/fauls.txt</filename>
</book>
<book>
	<author>Пелевин В</author>
	<title>Зеленая коробочка</title>
	<filename>PELEWIN/gbox.txt</filename>
</book>
<book>
	<author>Пелевин В</author>
	<title>Греческий вариант</title>
	<filename>PELEWIN/greec.txt</filename>
</book>
<book>
	<author>Pelevin V</author>
	<title>Hermit and Sixfinger</title>
	<filename>PELEWIN/hermit.txt</filename>
</book>
<book>
	<author>Pelevin d V</author>
	<title>Sorcxisto Ignato kaj homoj</title>
	<filename>PELEWIN/ignat_esp.txt</filename>
</book>
<book>
	<author>Пелевин В</author>
	<title>Колдун Игнат и люди</title>
	<filename>PELEWIN/ignat.txt</filename>
</book>
<book>
	<author>Пелевин В</author>
	<title>Жизнь насекомых</title>
	<filename>PELEWIN/insectos.txt</filename>
</book>
<book>
	<author>Добротворская К</author>
	<title>Браток по разуму (интервью для Vogue)</title>
	<filename>PELEWIN/interviewbratok.txt</filename>
</book>
<book>
	<author>Пелевин В</author>
	<title>Икстлан - Петушки</title>
	<filename>PELEWIN/ixtlan.txt</filename>
</book>
<book>
	<author>Пелевин В</author>
	<title>Святочный киберпанк или "рождественская ночь-117.DIR"</title>
	<filename>PELEWIN/kiber.txt</filename>
</book>
<book>
	<author>Корнев С</author>
	<title>Блюстители дихотомий. Кто и почему не любит у нас Пелевина</title>
	<filename>PELEWIN/korneew_1.txt</filename>
</book>
<book>
	<author>Корнев С</author>
	<title>Столкновение пустот: может ли постмодернизм быть русским и классическим?</title>
	<filename>PELEWIN/korneew_2.txt</filename>
</book>
<book>
	<author>Пелевин В</author>
	<title>Откровение  Крегера</title>
	<filename>PELEWIN/kreglex.txt</filename>
</book>
<book>
	<author>Кузнецов С</author>
	<title>Виктор Пелевин: Тот, кто управляет этим миром</title>
	<filename>PELEWIN/kuzpel.txt</filename>
</book>
<book>
	<author>Пелевин В</author>
	<title>Луноход</title>
	<filename>PELEWIN/lunohod.txt</filename>
</book>
<book>
	<author>Пелевин В</author>
	<title>Мардонги</title>
	<filename>PELEWIN/mardongi.txt</filename>
</book>
<book>
	<author>Пелевин В</author>
	<title>Миттельшпиль</title>
	<filename>PELEWIN/mitel.txt</filename>
</book>
<book>
	<author>Пелевин В</author>
	<title>Вести из Непала</title>
	<filename>PELEWIN/nepal.txt</filename>
</book>
<book>
	<author>Пелевин В</author>
	<title>Ника</title>
	<filename>PELEWIN/nika.txt</filename>
</book>
<book>
	<author>Пелевин В</author>
	<title>Имена олигархов на карте родины</title>
	<filename>PELEWIN/oligarhi.txt</filename>
</book>
<book>
	<author>Пелевин В</author>
	<title>Омон Ра</title>
	<filename>PELEWIN/omon.txt</filename>
</book>
<book>
	<author>Пелевин В</author>
	<title>Оружие возмездия</title>
	<filename>PELEWIN/oruzhie.txt</filename>
</book>
<book>
	<author>Пелевин В</author>
	<title>Краткая история пэйнтбола в Москве</title>
	<filename>PELEWIN/paintball.txt</filename>
</book>
<book>
	<author>Пелевин В</author>
	<title>Папахи на башнях</title>
	<filename>PELEWIN/papaxi.txt</filename>
</book>
<book>
	<author>Пелевин В</author>
	<title>Бубен нижнего мира</title>
	<filename>PELEWIN/pe-bubn.txt</filename>
</book>
<book>
	<author>мира Б в</author>
	<title>Виктор Пелевин</title>
	<filename>PELEWIN/pe-bubv.txt</filename>
</book>
<book>
	<author>Пелевин В</author>
	<title>Бубен верхнего мира</title>
	<filename>PELEWIN/pe-bubw.txt</filename>
</book>
<book>
	<author>Пелевин В</author>
	<title>Иван Кублаханов</title>
	<filename>PELEWIN/pe-ivku.txt</filename>
</book>
<book>
	<author>Пелевин В</author>
	<title>Чапаев и Пустота</title>
	<filename>PELEWIN/pelev04.txt</filename>
</book>
<book>
	<author></author>
	<title>Виртуальная конференция с Виктором Пелевиным</title>
	<filename>PELEWIN/pel-tr.txt</filename>
</book>
<book>
	<author>Пелевин В</author>
	<title>Проблема верволка в средней полосе</title>
	<filename>PELEWIN/pe-werw.txt</filename>
</book>
<book>
	<author>Пелевин В</author>
	<title>Желтая стрела</title>
	<filename>PELEWIN/pe-yelar.txt</filename>
</book>
<book>
	<author>Пелевин В</author>
	<title>Встроенный напоминатель</title>
	<filename>PELEWIN/pomni.txt</filename>
</book>
<book>
	<author>Пелевин В</author>
	<title>Принц Госплана</title>
	<filename>PELEWIN/prince.txt</filename>
</book>
<book>
	<author>Пелевин В</author>
	<title>Музыка со столба</title>
	<filename>PELEWIN/qoil.txt</filename>
</book>
<book>
	<author>Реконструктор</author>
	<title>Виктор Пелевин</title>
	<filename>PELEWIN/reconst.txt</filename>
</book>
<book>
	<author>Пелевин В</author>
	<title>Гадание на рунах или рунический оракул Ральфа Блума</title>
	<filename>PELEWIN/runy.txt</filename>
</book>
<book>
	<author>Pelevin V</author>
	<title>Sigmund in a Cafe</title>
	<filename>PELEWIN/sigmund_en.txt</filename>
</book>
<book>
	<author>Пелевин В</author>
	<title>Спи</title>
	<filename>PELEWIN/sleep.txt</filename>
</book>
<book>
	<author>Пелевин В</author>
	<title>Тарзанка</title>
	<filename>PELEWIN/tarzanka.txt</filename>
</book>
<book>
	<author>Пелевин В</author>
	<title>ГКЧП как тетраграмматон</title>
	<filename>PELEWIN/tetra.txt</filename>
</book>
<book>
	<author>Пелевин В</author>
	<title>Ultima Тулеев, или Дао выборов</title>
	<filename>PELEWIN/thule.txt</filename>
</book>
<book>
	<author>Пелевин В</author>
	<title>Нижняя тундра</title>
	<filename>PELEWIN/tundra.txt</filename>
</book>
<book>
	<author>Ульянов С</author>
	<title>Пелевин и Пустота</title>
	<filename>PELEWIN/ulxqnpe.txt</filename>
</book>
<book>
	<author>Пелевин В</author>
	<title>СССР Тайшоу Чжуань</title>
	<filename>PELEWIN/ussr_tai.txt</filename>
</book>
<book>
	<author>Пелевин В</author>
	<title>Ухряб</title>
	<filename>PELEWIN/uxrjab.txt</filename>
</book>
<book>
	<author>Пелевин В</author>
	<title>Девятый сон Веры Павловны</title>
	<filename>PELEWIN/verapavl.txt</filename>
</book>
<book>
	<author>Пелевин В</author>
	<title>Последняя шутка воина</title>
	<filename>PELEWIN/voin.txt</filename>
</book>
<book>
	<author>Пелевин В</author>
	<title>Происхождение видов</title>
	<filename>PELEWIN/widy.txt</filename>
</book>
<book>
	<author>Пелевин В</author>
	<title>Жизнь и приключения сарая номер XII</title>
	<filename>PELEWIN/xiilex.txt</filename>
</book>
<book>
	<author>Пелевин В</author>
	<title>Затворник и Шестипалый</title>
	<filename>PELEWIN/zatvorni.txt</filename>
</book>
<book>
	<author>Пелевин В</author>
	<title>Зигмунд в кафе</title>
	<filename>PELEWIN/zigmund.txt</filename>
</book>
<book>
	<author>Пелевин В</author>
	<title>Зомбификация</title>
	<filename>PELEWIN/zombific.txt</filename>
</book>
<book>
	<author></author>
	<title>Perl for Win32 Frequently Asked Questions (FAQ)</title>
	<filename>PERL/Perl_for_Win32_FAQ_1.txt</filename>
</book>
<book>
	<author>Silver N</author>
	<title>Perl tutorial</title>
	<filename>PERL/perltut.txt</filename>
</book>
<book>
	<author>Маслов В</author>
	<title>Введение в Perl</title>
	<filename>PERL/russperl5/perl.txt</filename>
</book>
<book>
	<author>Перумов Н</author>
	<title>Эльфийский клинок (Часть 1)</title>
	<filename>PERUMOW/darkring1.txt</filename>
</book>
<book>
	<author>Перумов Н</author>
	<title>Русский меч</title>
	<filename>PERUMOW/perum02.txt</filename>
</book>
<book>
	<author>Перумов Н</author>
	<title>Выпарь железо из крови...</title>
	<filename>PERUMOW/perum12.txt</filename>
</book>
<book>
	<author></author>
	<title>Ник Перумов: Человек, который дописал Толкиена</title>
	<filename>PERUMOW/perumow.txt</filename>
</book>
<book>
	<author>Перумов Н</author>
	<title>Летописи Хьерварда. Земля без радости</title>
	<filename>PERUMOW/zemlq.txt</filename>
</book>
<book>
	<author>Пикуль В</author>
	<title>Богатство</title>
	<filename>PIKULX/bogatstwo.txt</filename>
</book>
<book>
	<author>Пикуль В</author>
	<title>Фаворит (книга 1)</title>
	<filename>PIKULX/favorit1.txt</filename>
</book>
<book>
	<author>Пикуль В</author>
	<title>Фаворит (книга 2)</title>
	<filename>PIKULX/favorit2.txt</filename>
</book>
<book>
	<author>Пикуль В</author>
	<title>Исторические миниатюры (фрагмент)</title>
	<filename>PIKULX/miniatures.txt</filename>
</book>
<book>
	<author>Пикуль В</author>
	<title>Реквием каравану PQ-17</title>
	<filename>PIKULX/req_pq17.txt</filename>
</book>
<book>
	<author>Пикуль В</author>
	<title>Слово и дело (книга вторая)</title>
	<filename>PIKULX/slowoidelo2.txt</filename>
</book>
<book>
	<author>Пильняк Б</author>
	<title>Третья столица</title>
	<filename>PILXNQK/piln_01.txt</filename>
</book>
<book>
	<author>Пильняк Б</author>
	<title>Мать сыра-земля</title>
	<filename>PILXNQK/piln_02.txt</filename>
</book>
<book>
	<author>Пильняк Б</author>
	<title>Заволочье</title>
	<filename>PILXNQK/piln_03.txt</filename>
</book>
<book>
	<author>Пильняк Б</author>
	<title>Волки</title>
	<filename>PILXNQK/piln_04.txt</filename>
</book>
<book>
	<author>Пильняк Б</author>
	<title>Три брата</title>
	<filename>PILXNQK/piln_05.txt</filename>
</book>
<book>
	<author>Пильняк Б</author>
	<title>Speranza</title>
	<filename>PILXNQK/piln_06.txt</filename>
</book>
<book>
	<author>Пильняк Б</author>
	<title>Простые рассказы</title>
	<filename>PILXNQK/piln_07.txt</filename>
</book>
<book>
	<author>Энтони П</author>
	<title>Расколотая бесконечность</title>
	<filename>PIRS/adept_1.txt</filename>
</book>
<book>
	<author>Энтони П</author>
	<title>Голубой адепт</title>
	<filename>PIRS/adept_2.txt</filename>
</book>
<book>
	<author>Энтони П</author>
	<title>Ночная кобылка</title>
	<filename>PIRS/anthp006.txt</filename>
</book>
<book>
	<author>Энтони П</author>
	<title>Внутри облака</title>
	<filename>PIRS/in_cloud.txt</filename>
</book>
<book>
	<author>Писахов С Г</author>
	<title>Ледяна колокольня</title>
	<filename>PISAHOW/kolokol.txt</filename>
</book>
<book>
	<author>Писахов С</author>
	<title>Я весь отдался северу</title>
	<filename>PISAHOW/sever.txt</filename>
</book>
<book>
	<author>Питерс Э</author>
	<title>Исповедь монаха</title>
	<filename>PITERSE/monah.txt</filename>
</book>
<book>
	<author>Питерс Э</author>
	<title>Роковой обет</title>
	<filename>PITERSE/obet1.txt</filename>
</book>
<book>
	<author>Питерс Э</author>
	<title>Эйтонский отшельник</title>
	<filename>PITERSE/otshel1.txt</filename>
</book>
<book>
	<author>Пьюзо М</author>
	<title>Крестный отец</title>
	<filename>PJUSO/crestnyj.txt</filename>
</book>
<book>
	<author>Пьюзо М</author>
	<title>Четвертый К.</title>
	<filename>PJUSO/fourth_k.txt</filename>
</book>
<book>
	<author>Платонов А</author>
	<title>Чевенгур</title>
	<filename>PLATONOW/chewengur.txt</filename>
</book>
<book>
	<author>Платонов А</author>
	<title>Государственный житель</title>
	<filename>PLATONOW/gos_zhitel.txt</filename>
</book>
<book>
	<author>Platonov A</author>
	<title>Inhabitant of the State</title>
	<filename>PLATONOW/inhabitant.txt</filename>
</book>
<book>
	<author>Платонов А</author>
	<title>Ювенильное море</title>
	<filename>PLATONOW/juvenil.txt</filename>
</book>
<book>
	<author>Платонов А</author>
	<title>Котлован</title>
	<filename>PLATONOW/kotlovan.txt</filename>
</book>
<book>
	<author>Платонов А</author>
	<title>Луговые мастера</title>
	<filename>PLATONOW/lug_mastera.txt</filename>
</book>
<book>
	<author>Михеев М</author>
	<title>В мир А.Платонова - через его язык. Предположения, факты, истолкования, догадки</title>
	<filename>PLATONOW/miheev_platonov.txt</filename>
</book>
<book>
	<author>Платонов О</author>
	<title>Почему погибнет Америка</title>
	<filename>PLATONOWO/america.txt</filename>
</book>
<book>
	<author>Платонов O</author>
	<title>Жизнь за царя</title>
	<filename>PLATONOWO/rasputin.txt</filename>
</book>
<book>
	<author>Платонов О</author>
	<title>История русского народа в XX веке. Том 1 (гл. 1-38)</title>
	<filename>PLATONOWO/russ1.txt</filename>
</book>
<book>
	<author>Платонов О</author>
	<title>История русского народа в XX веке. Том 1 (гл. 39-81)</title>
	<filename>PLATONOWO/russ2.txt</filename>
</book>
<book>
	<author>Платонов О</author>
	<title>История русского народа в XX веке. Том 2 (гл. 1-56)</title>
	<filename>PLATONOWO/russ3.txt</filename>
</book>
<book>
	<author>Платонов О</author>
	<title>История русского народа в XX веке. Том 2 (гл. 57-85)</title>
	<filename>PLATONOWO/russ4.txt</filename>
</book>
<book>
	<author>Платонов А</author>
	<title>Река Потудань</title>
	<filename>PLATONOW/potudan.txt</filename>
</book>
<book>
	<author>Платонов А</author>
	<title>Семен</title>
	<filename>PLATONOW/semyon.txt</filename>
</book>
<book>
	<author>Платонов А</author>
	<title>Московская скрипка</title>
	<filename>PLATONOW/skripka.txt</filename>
</book>
<book>
	<author>Платонов А</author>
	<title>Счастливая Москва</title>
	<filename>PLATONOW/s_moskva.txt</filename>
</book>
<book>
	<author>Платонов А</author>
	<title>Сокровенный человек</title>
	<filename>PLATONOW/sokr_chelovek.txt</filename>
</book>
<book>
	<author>Платонов А</author>
	<title>Усомнившийся Макар</title>
	<filename>PLATONOW/us_makar.txt</filename>
</book>
<book>
	<author>Платонов А</author>
	<title>Неодушевленный враг</title>
	<filename>PLATONOW/wrag.txt</filename>
</book>
<book>
	<author>Подольский Н</author>
	<title>Кошачья история</title>
	<filename>PODOLSKIJ/kosh.txt</filename>
</book>
<book>
	<author></author>
	<title>Чжуан-цзы</title>
	<filename>POECHIN/ch_tzh.txt</filename>
</book>
<book>
	<author>Цзы Л</author>
	<title>Дао дэ Цзин</title>
	<filename>POECHIN/lao1.txt</filename>
</book>
<book>
	<author>Цзы Л</author>
	<title>Дао дэ Цзин</title>
	<filename>POECHIN/lao2.txt</filename>
</book>
<book>
	<author>Цзы Л</author>
	<title>Дао Де Дзин</title>
	<filename>POECHIN/lao3.txt</filename>
</book>
<book>
	<author>Цзы Л</author>
	<title>Дао дэ Цзин</title>
	<filename>POECHIN/lao4.txt</filename>
</book>
<book>
	<author>Ле-Цзы</author>
	<title>Дао де Дзин</title>
	<filename>POECHIN/le_tzi.txt</filename>
</book>
<book>
	<author>Бо Л, Фу  Д</author>
	<title>Избранная поэзия</title>
	<filename>POECHIN/libodufu.txt</filename>
</book>
<book>
	<author>Суньцзы</author>
	<title>Искусство войны</title>
	<filename>POECHIN/suntzur.txt</filename>
</book>
<book>
	<author>Tzu S</author>
	<title>On the art of war</title>
	<filename>POECHIN/suntzu.txt</filename>
</book>
<book>
	<author>Вэй В</author>
	<title>Тайны живописи</title>
	<filename>POECHIN/van_vay.txt</filename>
</book>
<book>
	<author>Плутарх</author>
	<title>Агесилай</title>
	<filename>POEEAST/agesilaj.txt</filename>
</book>
<book>
	<author>Аристотель</author>
	<title>Категории</title>
	<filename>POEEAST/ARISTOTEL/kategorii.txt</filename>
</book>
<book>
	<author>Аристотель</author>
	<title>Метафизика</title>
	<filename>POEEAST/ARISTOTEL/metaphiz.txt</filename>
</book>
<book>
	<author>Аристотель</author>
	<title>Никомахова этика (Книги 8-9))</title>
	<filename>POEEAST/ARISTOTEL/nikomah.txt</filename>
</book>
<book>
	<author>Аристотель</author>
	<title>Физика</title>
	<filename>POEEAST/ARISTOTEL/physic.txt</filename>
</book>
<book>
	<author>Аврелий М</author>
	<title>Размышления</title>
	<filename>POEEAST/avrelij.txt</filename>
</book>
<book>
	<author>Аврелий М</author>
	<title>Отрывки из дневников</title>
	<filename>POEEAST/AWRELIJ/dnewniki.txt</filename>
</book>
<book>
	<author>Джебран</author>
	<title>Афоризмы из сборника "Песок и пена"</title>
	<filename>POEEAST/DJEBRAN/aforizmy.txt</filename>
</book>
<book>
	<author></author>
	<title>Поэзия Древнего Египта(в переводах Анны Ахматовой и Веры Потаповой)</title>
	<filename>POEEAST/egipet_poes.txt</filename>
</book>
<book>
	<author>Гесиод</author>
	<title>Работы и дни</title>
	<filename>POEEAST/GESIOD/trudy.txt</filename>
</book>
<book>
	<author></author>
	<title>Эпос о Гильгамеше</title>
	<filename>POEEAST/gilgamesh.txt</filename>
</book>
<book>
	<author>Арджан Г</author>
	<title>Утренняя молитва сикхов</title>
	<filename>POEEAST/nanak.txt</filename>
</book>
<book>
	<author>Руми Д</author>
	<title>Китаб ал-Маснави (Книга двустиший)</title>
	<filename>POEEAST/pers1.txt</filename>
</book>
<book>
	<author></author>
	<title>Из персидско-таджикской поэзии</title>
	<filename>POEEAST/pers.txt</filename>
</book>
<book>
	<author></author>
	<title>"Золотые стихи" пифагорейцев</title>
	<filename>POEEAST/pifagor.txt</filename>
</book>
<book>
	<author>Плутарх</author>
	<title>Жизнеописание Александра (книга II)</title>
	<filename>POEEAST/PLUTARH/alexander.txt</filename>
</book>
<book>
	<author>Джебран Х</author>
	<title>Пророк</title>
	<filename>POEEAST/prophet.txt</filename>
</book>
<book>
	<author>Османов Н</author>
	<title>Руми (Предисловие к сборнику стихов, 1957г.)</title>
	<filename>POEEAST/RUMI/predislowie.txt</filename>
</book>
<book>
	<author>Руми Д</author>
	<title>Стихи</title>
	<filename>POEEAST/RUMI/stihi.txt</filename>
</book>
<book>
	<author>Агнивцев Н</author>
	<title>Блистательный Санкт-Петербург</title>
	<filename>POEZIQ/AGNIWCEW/sbornik.txt</filename>
</book>
<book>
	<author>Ахмадулина Б</author>
	<title>Сборник стихов</title>
	<filename>POEZIQ/ahmadulina.txt</filename>
</book>
<book>
	<author>Алейник А</author>
	<title>Другое небо</title>
	<filename>POEZIQ/ALEJNIK/nebo.txt</filename>
</book>
<book>
	<author>Алейник А</author>
	<title>Апология</title>
	<filename>POEZIQ/alejnik.txt</filename>
</book>
<book>
	<author>Асиновский О</author>
	<title>Сборник стихов "Рассказы"</title>
	<filename>POEZIQ/ASINOWSKIJ/rasskazy.txt</filename>
</book>
<book>
	<author>Оден У Х</author>
	<title>Стихи</title>
	<filename>POEZIQ/AUDEN/poems.txt</filename>
</book>
<book>
	<author>Аверинцев С</author>
	<title>Из духовных стихов</title>
	<filename>POEZIQ/AWERINCEW/stihi.txt</filename>
</book>
<book>
	<author></author>
	<title>Константин Бальмонт</title>
	<filename>POEZIQ/balmont.txt</filename>
</book>
<book>
	<author>Баратынский Е А</author>
	<title>Из книги "Русская элегия XVIII-начала XX века"</title>
	<filename>POEZIQ/BARATYNSKIJ/stihi.txt</filename>
</book>
<book>
	<author>Бердников А</author>
	<title>Жидков, или о смысле дивных роз, киселе и переживаниях одной человеческой души</title>
	<filename>POEZIQ/BERDNIKOW/zhidkow.txt</filename>
</book>
<book>
	<author>Блейк У</author>
	<title>Песни Невинности и Опыта</title>
	<filename>POEZIQ/BLAKE/blake.txt</filename>
</book>
<book>
	<author>Блейк В</author>
	<title>Стихи в разных переводах</title>
	<filename>POEZIQ/BLAKE/stihi.txt</filename>
</book>
<book>
	<author>Якубович П Ф</author>
	<title>Бодлер, его жизнь и поэзия</title>
	<filename>POEZIQ/BODLER/bio.txt</filename>
</book>
<book>
	<author>Бодлер Ш</author>
	<title>Цветы зла</title>
	<filename>POEZIQ/BODLER/flowers.txt</filename>
</book>
<book>
	<author>Брюсов В</author>
	<title>Рассказы</title>
	<filename>POEZIQ/BRUSOW/rasskaz1.txt</filename>
</book>
<book>
	<author>Брюсов В</author>
	<title>Иньес</title>
	<filename>POEZIQ/BRUSOW/stihi.txt</filename>
</book>
<book>
	<author>Бурдонов И</author>
	<title>Ритуальные числа</title>
	<filename>POEZIQ/BURDONOW/chisla.txt</filename>
</book>
<book>
	<author>Бернс Р</author>
	<title>Песни, баллады, стихи</title>
	<filename>POEZIQ/burns.txt</filename>
</book>
<book>
	<author>Чичибабин Б</author>
	<title>Стихотворения</title>
	<filename>POEZIQ/CHICHIBABIN/sbornik.txt</filename>
</book>
<book>
	<author>Чичибабин Б</author>
	<title>Приготовление борща</title>
	<filename>POEZIQ/CHICHIBABIN/stihi.txt</filename>
</book>
<book>
	<author>Цветаева М</author>
	<title>Автобус</title>
	<filename>POEZIQ/CWETAEWA/awtobus.txt</filename>
</book>
<book>
	<author>Цветаева М</author>
	<title>Поэма лестницы</title>
	<filename>POEZIQ/CWETAEWA/lestnica.txt</filename>
</book>
<book>
	<author>Цветаева М</author>
	<title>Открытие музея</title>
	<filename>POEZIQ/CWETAEWA/musej.txt</filename>
</book>
<book>
	<author>Цветаева М</author>
	<title>Музей Александра III</title>
	<filename>POEZIQ/CWETAEWA/muzejal.txt</filename>
</book>
<book>
	<author>Цветаева М</author>
	<title>Переулочки</title>
	<filename>POEZIQ/CWETAEWA/pereul.txt</filename>
</book>
<book>
	<author>Цветаева М</author>
	<title>Поэма конца (1924)</title>
	<filename>POEZIQ/CWETAEWA/poemakonca.txt</filename>
</book>
<book>
	<author>Цветаева М</author>
	<title>Сибирь</title>
	<filename>POEZIQ/CWETAEWA/sibir.txt</filename>
</book>
<book>
	<author>Цветаева М</author>
	<title>Избранные стихи</title>
	<filename>POEZIQ/CWETAEWA/stihi.txt</filename>
</book>
<book>
	<author></author>
	<title>Стихотворения, посвященные Марине Цветаевой</title>
	<filename>POEZIQ/CWETAEWA/tomarina.txt</filename>
</book>
<book>
	<author>Цветаева М</author>
	<title>Избранные стихотворения из книги "Версты" (1916)</title>
	<filename>POEZIQ/CWETAEWA/wersty.txt</filename>
</book>
<book>
	<author>Цветаева М</author>
	<title>Жених</title>
	<filename>POEZIQ/CWETAEWA/zhenih.txt</filename>
</book>
<book>
	<author>Алигьери Д</author>
	<title>Отрывки из сборника поэзии</title>
	<filename>POEZIQ/DANTE/stihi.txt</filename>
</book>
<book>
	<author>Дикинсон Э</author>
	<title>Стихотворения</title>
	<filename>POEZIQ/DIKINSON/stihi.txt</filename>
</book>
<book>
	<author></author>
	<title>Наглые переводы Т.С.Элиота</title>
	<filename>POEZIQ/ELIOT/fink.txt</filename>
</book>
<book>
	<author>Есенин С</author>
	<title>28 стихотворений</title>
	<filename>POEZIQ/esenin.txt</filename>
</book>
<book>
	<author>Есенин С</author>
	<title>Яр</title>
	<filename>POEZIQ/ESENIN/yar.txt</filename>
</book>
<book>
	<author>Фрост Р</author>
	<title>Другая дорога</title>
	<filename>POEZIQ/FROST/doroga.txt</filename>
</book>
<book>
	<author>Гейне Г</author>
	<title>Стихи (пер.Маршак и А.Толстой)</title>
	<filename>POEZIQ/GEJNE/stihi.txt</filename>
</book>
<book>
	<author>Гете И В</author>
	<title>Рейнеке-лис</title>
	<filename>POEZIQ/GETE/rejneke.txt</filename>
</book>
<book>
	<author>Гете</author>
	<title>Стихи</title>
	<filename>POEZIQ/GETE/stihi.txt</filename>
</book>
<book>
	<author>Гете И</author>
	<title>Лесной царь</title>
	<filename>POEZIQ/GETE/tsar.txt</filename>
</book>
<book>
	<author>Гиппиус З</author>
	<title>Последние стихи</title>
	<filename>POEZIQ/GIPPIUS/poslednie.txt</filename>
</book>
<book>
	<author>Годин А</author>
	<title>Адаптированный Гораций</title>
	<filename>POEZIQ/GODIN/goracij.txt</filename>
</book>
<book>
	<author>Горбулева М</author>
	<title>Стихи</title>
	<filename>POEZIQ/GORBULEVA/stihi.txt</filename>
</book>
<book>
	<author>Губанов Л</author>
	<title>Несколько стихотворений</title>
	<filename>POEZIQ/GUBANOV/stihi.txt</filename>
</book>
<book>
	<author>Гильвик Э</author>
	<title>Полный сборник стихотворений</title>
	<filename>POEZIQ/GUILEVC/sbornik.txt</filename>
</book>
<book>
	<author>Хименес Х Р</author>
	<title>Стихотворения в прозе</title>
	<filename>POEZIQ/HIMENES/poeprose.txt</filename>
</book>
<book>
	<author>Хименес Х Р</author>
	<title>Вечные мгновения</title>
	<filename>POEZIQ/himenes.txt</filename>
</book>
<book>
	<author>Хлебников В</author>
	<title>Ладомир</title>
	<filename>POEZIQ/HLEBNIKOW/ladomir.txt</filename>
</book>
<book>
	<author>Хлебников В</author>
	<title>Сборник "Творения"; Начальная страница</title>
	<filename>POEZIQ/HLEBNIKOW/uvedoml.txt</filename>
</book>
<book>
	<author>Ходасевич В Ф</author>
	<title>Собрание стихов</title>
	<filename>POEZIQ/HODASEWICH/stihi.txt</filename>
</book>
<book>
	<author>Юринсон А</author>
	<title>Прошло два года...</title>
	<filename>POEZIQ/JURINSON/2years.txt</filename>
</book>
<book>
	<author>Юринсон А</author>
	<title>Сочинения (собрание стихотворных произведений)</title>
	<filename>POEZIQ/JURINSON/jurinson.txt</filename>
</book>
<book>
	<author>Юринсон А</author>
	<title>Салим</title>
	<filename>POEZIQ/JURINSON/salim.txt</filename>
</book>
<book>
	<author>Халиф Л</author>
	<title>Сборник поэзии</title>
	<filename>POEZIQ/KHALIF/sbornik.txt</filename>
</book>
<book>
	<author>Крейн С</author>
	<title>Полное собрание стихотворений</title>
	<filename>POEZIQ/KREJN/stihi.txt</filename>
</book>
<book>
	<author>Куринский В</author>
	<title>Автодидактика</title>
	<filename>POEZIQ/KURINSKIJ/autodidaktika.txt</filename>
</book>
<book>
	<author>Куринский В</author>
	<title>Autodidactics (пер.Е.Баринова)</title>
	<filename>POEZIQ/KURINSKIJ/autodid-engl.txt</filename>
</book>
<book>
	<author>Куринский В</author>
	<title>Когда нет гувернантки...</title>
	<filename>POEZIQ/KURINSKIJ/guvernantka.txt</filename>
</book>
<book>
	<author>Куринский В</author>
	<title>Сонеты</title>
	<filename>POEZIQ/KURINSKIJ/sonets.txt</filename>
</book>
<book>
	<author>Полуяхтова И, Володина  И</author>
	<title>Поэт печали и любви</title>
	<filename>POEZIQ/LEOPARDI/about6.txt</filename>
</book>
<book>
	<author>Леопарди Д</author>
	<title>Стихотворения</title>
	<filename>POEZIQ/LEOPARDI/leopardi.txt</filename>
</book>
<book>
	<author>Лорка Ф Г</author>
	<title>Стихи</title>
	<filename>POEZIQ/LORKA/lorka.txt</filename>
</book>
<book>
	<author>Лукин Е</author>
	<title>Нам демократия дала...</title>
	<filename>POEZIQ/LUKIN/stihi.txt</filename>
</book>
<book>
	<author>Мартынов Л</author>
	<title>Проблема перевода</title>
	<filename>POEZIQ/MARTYNOW/perewod.txt</filename>
</book>
<book>
	<author>Мартынов Л</author>
	<title>Воздушный фрегат</title>
	<filename>POEZIQ/MARTYNOW/stihi.txt</filename>
</book>
<book>
	<author>Михайлов И</author>
	<title>Аська</title>
	<filename>POEZIQ/MIHAJLOW_I/aska.txt</filename>
</book>
<book>
	<author>Михайлов И</author>
	<title>Сказка, скользкая немножко</title>
	<filename>POEZIQ/MIHAJLOW_I/skazka.txt</filename>
</book>
<book>
	<author>Аникст А</author>
	<title>Мильтон: Потерянный рай</title>
	<filename>POEZIQ/MILTON/about5.txt</filename>
</book>
<book>
	<author>Мильтон Д</author>
	<title>Потерянный рай</title>
	<filename>POEZIQ/MILTON/milton.txt</filename>
</book>
<book>
	<author>Мориц Ю</author>
	<title>Стихи</title>
	<filename>POEZIQ/MORIC/stihi.txt</filename>
</book>
<book>
	<author>Надсон С Я</author>
	<title>Только утро любви хорошо</title>
	<filename>POEZIQ/NADSON/utro.txt</filename>
</book>
<book>
	<author>Олейников Н М</author>
	<title>Пучина страстей</title>
	<filename>POEZIQ/OLEJNIKOW/sbornik.txt</filename>
</book>
<book>
	<author>Бердников А</author>
	<title>Заметки на полях переводов Петрарки</title>
	<filename>POEZIQ/PETRRKA/berdnikow.txt</filename>
</book>
<book>
	<author>Рембо А</author>
	<title>Стихи</title>
	<filename>POEZIQ/rembo.txt</filename>
</book>
<book>
	<author></author>
	<title>Райнер Мария Рильке</title>
	<filename>POEZIQ/RILKE/sbornik.txt</filename>
</book>
<book>
	<author>Рождественский Р</author>
	<title>Стихи разных лет</title>
	<filename>POEZIQ/ROZHDESTWENSKIJ/alboom.txt</filename>
</book>
<book>
	<author>Щапова Е</author>
	<title>Избранное</title>
	<filename>POEZIQ/RUSSAMERICA/SHAPOWA/kriminalist.txt</filename>
</book>
<book>
	<author>Самойлов Д</author>
	<title>Стихотворения</title>
	<filename>POEZIQ/SAMOJLOW/stihi.txt</filename>
</book>
<book>
	<author>Северянин И</author>
	<title>Сонет серебряного века</title>
	<filename>POEZIQ/SEWERYANIN/sonets.txt</filename>
</book>
<book>
	<author>Северянин И</author>
	<title>Cтихотворения</title>
	<filename>POEZIQ/SEWERYANIN/stihi.txt</filename>
</book>
<book>
	<author>Шелли П Б</author>
	<title>О жизни (философский этюд)</title>
	<filename>POEZIQ/SHELLY/shelley1.txt</filename>
</book>
<book>
	<author>Шелли П Б</author>
	<title>О любви (философский этюд)</title>
	<filename>POEZIQ/SHELLY/shelley2.txt</filename>
</book>
<book>
	<author>Шиллер Ф</author>
	<title>Цитаты</title>
	<filename>POEZIQ/SHILLER/oda.txt</filename>
</book>
<book>
	<author></author>
	<title>Подписка на новый роман Давида Шраера-Петрова "Французский коттедж"</title>
	<filename>POEZIQ/SHRAER/anons_fr.txt</filename>
</book>
<book>
	<author>Шраер М</author>
	<title>Ньюхэйвенские сонеты (1989-1998)</title>
	<filename>POEZIQ/SHRAER/sonets.txt</filename>
</book>
<book>
	<author>Шраер М</author>
	<title>Американский романс (лирика)</title>
	<filename>POEZIQ/shraer.txt</filename>
</book>
<book>
	<author>Сидур В</author>
	<title>Самая счастливая осень</title>
	<filename>POEZIQ/SIDUR/stihi.txt</filename>
</book>
<book>
	<author>Слуцкий Б</author>
	<title>Стихи</title>
	<filename>POEZIQ/SLUCKIJ/stihi.txt</filename>
</book>
<book>
	<author>Столица Л</author>
	<title>Cтихотворения</title>
	<filename>POEZIQ/STOLICA/stihi.txt</filename>
</book>
<book>
	<author>Мандельштам О</author>
	<title>Франсуа Виллон</title>
	<filename>POEZIQ/VIJON/about3.txt</filename>
</book>
<book>
	<author>Вийон Ф</author>
	<title>Отрывки из "Большого завещания" и баллады</title>
	<filename>POEZIQ/VIJON/ballady.txt</filename>
</book>
<book>
	<author>Вийон Ф</author>
	<title>Лэ, или малое завещание</title>
	<filename>POEZIQ/VIJON/viion.txt</filename>
</book>
<book>
	<author>Vintrais G d</author>
	<title>Злые песни Гийома дю Вентре</title>
	<filename>POEZIQ/vintgrais.txt</filename>
</book>
<book>
	<author>Ваншенкин К</author>
	<title>Стихи</title>
	<filename>POEZIQ/WANSHENKIN/stihi.txt</filename>
</book>
<book>
	<author>Верхарн Э</author>
	<title>Стихи</title>
	<filename>POEZIQ/WERHARN/stihi.txt</filename>
</book>
<book>
	<author>Шенгели Г</author>
	<title>Поль Верлен</title>
	<filename>POEZIQ/WERLEN/about.txt</filename>
</book>
<book>
	<author>Верлен П</author>
	<title>Стихотворения</title>
	<filename>POEZIQ/WERLEN/stihi.txt</filename>
</book>
<book>
	<author>Вершинский А</author>
	<title>Трилогия страстей</title>
	<filename>POEZIQ/WERSHINSKY/trilogy.txt</filename>
</book>
<book>
	<author>Заболоцкий Н</author>
	<title>Поэзия, завещанная потомкам</title>
	<filename>POEZIQ/ZABOLOCKIJ/biography.txt</filename>
</book>
<book>
	<author>Заходер Б</author>
	<title>Песня про остров Гдетотам</title>
	<filename>POEZIQ/ZAHODER/stihi.txt</filename>
</book>
<book>
	<author></author>
	<title>Михаил Зенкевич: библиографическая справка</title>
	<filename>POEZIQ/ZENKEVICH/biblio.txt</filename>
</book>
<book>
	<author>Озерова Л А</author>
	<title>Михаил Зенкевич: тайна молчания</title>
	<filename>POEZIQ/ZENKEVICH/biography.txt</filename>
</book>
<book>
	<author>Зенкевич М</author>
	<title>Под мясной багряницей</title>
	<filename>POEZIQ/ZENKEVICH/stihi.txt</filename>
</book>
<book>
	<author>Покровский А</author>
	<title>Минуя Делос</title>
	<filename>POKROWSKIJ/delos.txt</filename>
</book>
<book>
	<author>Покровский А</author>
	<title>"...Расстрелять"</title>
	<filename>POKROWSKIJ/pokrowsk.txt</filename>
</book>
<book>
	<author>Неизвестен А</author>
	<title>Протоколы Сионских Мудрецов</title>
	<filename>POLITOLOG/AE/protokoly.txt</filename>
</book>
<book>
	<author>Гитлер А</author>
	<title>Моя борьба</title>
	<filename>POLITOLOG/AE/putx.txt</filename>
</book>
<book>
	<author></author>
	<title>Катехизис еврея в СССР</title>
	<filename>POLITOLOG/AE/ranger.txt</filename>
</book>
<book>
	<author>Авторханов А</author>
	<title>Загадка смерти Сталина</title>
	<filename>POLITOLOG/awtorhan.txt</filename>
</book>
<book>
	<author>Белкин А</author>
	<title>Российская демократия: основы анализа и научной критики</title>
	<filename>POLITOLOG/belkin.txt</filename>
</book>
<book>
	<author>Прогностика С д п</author>
	<title>Терминология</title>
	<filename>POLITOLOG/bunchuk.txt</filename>
</book>
<book>
	<author>Шубин А</author>
	<title>Удастся ли очередной ГКЧП</title>
	<filename>POLITOLOG/gkchp98.txt</filename>
</book>
<book>
	<author>Голанский М</author>
	<title>Новые тенденции в мировой экономике</title>
	<filename>POLITOLOG/golansky.txt</filename>
</book>
<book>
	<author>Голенков А</author>
	<title>О смысле новейшей российской истории</title>
	<filename>POLITOLOG/golenkow.txt</filename>
</book>
<book>
	<author></author>
	<title>Законник Хаммурапи</title>
	<filename>POLITOLOG/hammurapy.txt</filename>
</book>
<book>
	<author>Ильин И А</author>
	<title>О грядущей России</title>
	<filename>POLITOLOG/IILIN/istoii.txt</filename>
</book>
<book>
	<author>Юрасов А</author>
	<title>Путешествие из Санкт-Петербурга в Самару через Москву или поездка по Украденной Стране</title>
	<filename>POLITOLOG/jurasov.txt</filename>
</book>
<book>
	<author>Аль-Каддафи М</author>
	<title>Зеленая Книга</title>
	<filename>POLITOLOG/KADDAFI/greenbook.txt</filename>
</book>
<book>
	<author>Тихомиров А</author>
	<title>Демократия есть президентская власть плюс христианизация всей страны</title>
	<filename>POLITOLOG/kamogryadesh.txt</filename>
</book>
<book>
	<author>Кирилов С</author>
	<title>О русской интеллигенции</title>
	<filename>POLITOLOG/kirilov.txt</filename>
</book>
<book>
	<author></author>
	<title></title>
	<filename>POLITOLOG/klyuchin.txt</filename>
</book>
<book>
	<author>Корчинский Д</author>
	<title>Война в толпе</title>
	<filename>POLITOLOG/korchinskij.txt</filename>
</book>
<book>
	<author>Яковлев Б, Бурцов  А</author>
	<title>Концентрационные лагери СССР (отрывки)</title>
	<filename>POLITOLOG/lageri.txt</filename>
</book>
<book>
	<author>Лихачев Д С</author>
	<title>О русской интеллигенции</title>
	<filename>POLITOLOG/lihachev.txt</filename>
</book>
<book>
	<author>Любимов М</author>
	<title>Операция "Голгофа" секретный план перестройки</title>
	<filename>POLITOLOG/lubimow.txt</filename>
</book>
<book>
	<author>Макиавелли Н</author>
	<title>Государь</title>
	<filename>POLITOLOG/MAKIAWELLI/gosudar.txt</filename>
</book>
<book>
	<author>Макиавелли Н</author>
	<title>Рассуждения о первой декаде Тита Ливия</title>
	<filename>POLITOLOG/MAKIAWELLI/livij.txt</filename>
</book>
<book>
	<author>Мейланов В</author>
	<title>Другое небо.Ложные стереотипы российской демократии.Анализ Чеченского кризиса</title>
	<filename>POLITOLOG/mejlanow.txt</filename>
</book>
<book>
	<author>Милонов И В</author>
	<title>Коммунизм - светлое будущее человечества</title>
	<filename>POLITOLOG/milonow.txt</filename>
</book>
<book>
	<author>Мурсалиев А</author>
	<title>Третья мировая война окончена.</title>
	<filename>POLITOLOG/mursaliew.txt</filename>
</book>
<book>
	<author>Громов В И, Васильев  Г А</author>
	<title>Новая идеология</title>
	<filename>POLITOLOG/new_ideology.txt</filename>
</book>
<book>
	<author>Кон Н</author>
	<title>Благословение на геноцид</title>
	<filename>POLITOLOG/nkon.txt</filename>
</book>
<book>
	<author></author>
	<title>Читая Сталина</title>
	<filename>POLITOLOG/PSS/stalin.txt</filename>
</book>
<book>
	<author>Максимов А</author>
	<title>Российская преступность: Кто есть кто</title>
	<filename>POLITOLOG/r-prest.txt</filename>
</book>
<book>
	<author>Самбиев А</author>
	<title>Технический анализ Социальных Систем</title>
	<filename>POLITOLOG/sambiev.txt</filename>
</book>
<book>
	<author>Самойлов Э В</author>
	<title>Фюреры. Книга III: Общая теория фашизма</title>
	<filename>POLITOLOG/samojlov.txt</filename>
</book>
<book>
	<author>Щекочихин Ю</author>
	<title>Рабы ГБ</title>
	<filename>POLITOLOG/SHEKOCHIHIN/raby.txt</filename>
</book>
<book>
	<author>Солодарь Ц</author>
	<title>Дикая полынь</title>
	<filename>POLITOLOG/solodar1.txt</filename>
</book>
<book>
	<author>Солодарь Ц</author>
	<title>Темная завеса</title>
	<filename>POLITOLOG/solodar2.txt</filename>
</book>
<book>
	<author>Солоневич И</author>
	<title>Диктатура сволочи</title>
	<filename>POLITOLOG/SOLONEVICH/diktatura2.txt</filename>
</book>
<book>
	<author>Солоневич И</author>
	<title>Диктатура импотентов. Социализм, его пророчества и их реализация</title>
	<filename>POLITOLOG/SOLONEVICH/diktatura.txt</filename>
</book>
<book>
	<author>Солоневичъ И</author>
	<title>Россiя въ концлагерe</title>
	<filename>POLITOLOG/SOLONEVICH/konclager.txt</filename>
</book>
<book>
	<author>Сулакшин С</author>
	<title>Измена</title>
	<filename>POLITOLOG/sulakshin.txt</filename>
</book>
<book>
	<author>Устрялов Н</author>
	<title>Проблема прогресса</title>
	<filename>POLITOLOG/ustrqlow2.txt</filename>
</book>
<book>
	<author>Устрялов Н</author>
	<title>Национальная проблема у первых славянофилов</title>
	<filename>POLITOLOG/ustrqlow3.txt</filename>
</book>
<book>
	<author>Устрялов Н</author>
	<title>К вопросу о русском империализме. 1916</title>
	<filename>POLITOLOG/ustrqlow4.txt</filename>
</book>
<book>
	<author>Устрялов Н В</author>
	<title>Политическая доктрина славянофильства</title>
	<filename>POLITOLOG/ustrqlow.txt</filename>
</book>
<book>
	<author>Устрялов Н</author>
	<title>Россия (У окна вагона)</title>
	<filename>POLITOLOG/USTRYALOV/rossia.txt</filename>
</book>
<book>
	<author>Устрялов Н</author>
	<title>Из письма о "федоровщине"</title>
	<filename>POLITOLOG/USTRYALOV/ustrqlow5.txt</filename>
</book>
<book>
	<author></author>
	<title>Некоторые письма Н.В.Устрялова Г.Н.Дикому из Харбина</title>
	<filename>POLITOLOG/USTRYALOV/ustrqlow6.txt</filename>
</book>
<book>
	<author>Устрялов П Н В</author>
	<title>Понятие государства</title>
	<filename>POLITOLOG/USTRYALOV/ustrqlow7.txt</filename>
</book>
<book>
	<author>Громов В И, Васильев  Г А</author>
	<title>Развал СССР - причины и последствия</title>
	<filename>POLITOLOG/wigromow.txt</filename>
</book>
<book>
	<author>Восленский</author>
	<title>Номенклатура (главы 3,5)</title>
	<filename>POLITOLOG/woslenskij.txt</filename>
</book>
<book>
	<author></author>
	<title>Акционерное Общество: методические материалы, положения и инструкции</title>
	<filename>PRAWO/ao.txt</filename>
</book>
<book>
	<author>Ч Г Д ,  С А И </author>
	<title>Юридический справочник</title>
	<filename>PRAWO/bb.txt</filename>
</book>
<book>
	<author></author>
	<title>Криминалистика</title>
	<filename>PRAWO/BESTJUR/loer1.txt</filename>
</book>
<book>
	<author></author>
	<title>Теория доказательств</title>
	<filename>PRAWO/BESTJUR/loer.txt</filename>
</book>
<book>
	<author>Алексеева П р п</author>
	<title>Уголовный процесс</title>
	<filename>PRAWO/BESTJUR/uprocess.txt</filename>
</book>
<book>
	<author>Федерации Г к Р</author>
	<title>Часть первая</title>
	<filename>PRAWO/gk1.txt</filename>
</book>
<book>
	<author>Федерации Г к Р</author>
	<title>Часть вторая</title>
	<filename>PRAWO/gk2.txt</filename>
</book>
<book>
	<author>Байдиков В</author>
	<title>Как в России защитить право ребенка проживать с отцом?</title>
	<filename>PRAWO/kids.txt</filename>
</book>
<book>
	<author></author>
	<title>Кодекс Законов О Труде Российской Федерации</title>
	<filename>PRAWO/kzot.txt</filename>
</book>
<book>
	<author></author>
	<title>Правила дорожного движения</title>
	<filename>PRAWO/pdd.txt</filename>
</book>
<book>
	<author>Зульфугарзаде Т</author>
	<title>Менеджмент в системе негосударственных правоохранительных организаций</title>
	<filename>PRAWO/TEYMURZ/mecos.txt</filename>
</book>
<book>
	<author>Зульфугарзаде Т</author>
	<title>Нотариат. Практическое пособие</title>
	<filename>PRAWO/TEYMURZ/notariat.txt</filename>
</book>
<book>
	<author>Тимофеев В Г</author>
	<title>Уголовно-исполнительная система России: цифры, факты и события</title>
	<filename>PRAWO/timofeew.txt</filename>
</book>
<book>
	<author></author>
	<title>Уголовный Кодекс Российской федерации</title>
	<filename>PRAWO/uk.txt</filename>
</book>
<book>
	<author></author>
	<title>Закон РФ О защите прав потребителей</title>
	<filename>PRAWO/zzpp2.txt</filename>
</book>
<book>
	<author>Дефо Д</author>
	<title>Робинзон Крузо</title>
	<filename>PRIKL/DEFO/cruzo.txt</filename>
</book>
<book>
	<author>Неверов А</author>
	<title>Ташкент - город хлебный</title>
	<filename>PRIKL/NEWEROW/tashkent.txt</filename>
</book>
<book>
	<author>Осеева В</author>
	<title>Васек Трубачев и его товарищи</title>
	<filename>PRIKL/OSEEWA/trubachew.txt</filename>
</book>
<book>
	<author>Сабатини Р</author>
	<title>Одиссея Капитана Блада</title>
	<filename>PRIKL/SABATINI/blood.txt</filename>
</book>
<book>
	<author>Сабатини Р</author>
	<title>Хроника Капитана Блада</title>
	<filename>PRIKL/SABATINI/hronika.txt</filename>
</book>
<book>
	<author>Сабатини Р</author>
	<title>Удачи капитана Блада</title>
	<filename>PRIKL/SABATINI/udachi.txt</filename>
</book>
<book>
	<author>Тютерев Ф</author>
	<title>Необыкновенные приключения юных кубанцев</title>
	<filename>PRIKL/TUTEREW/kubancy.txt</filename>
</book>
<book>
	<author>Пришвин М</author>
	<title>Голубиная книга</title>
	<filename>PRISHWIN/golubi.txt</filename>
</book>
<book>
	<author>Пришвин М</author>
	<title>Кощеева цепь</title>
	<filename>PRISHWIN/koshej.txt</filename>
</book>
<book>
	<author>Пришвин М</author>
	<title>Путешествие</title>
	<filename>PRISHWIN/putesh.txt</filename>
</book>
<book>
	<author>Пришвин М</author>
	<title>От земли и городов</title>
	<filename>PRISHWIN/zemlq.txt</filename>
</book>
<book>
	<author>Пристли Д Б</author>
	<title>31 июня</title>
	<filename>PRISTLI/jun31.txt</filename>
</book>
<book>
	<author>Пристли Д Б</author>
	<title>Случай в Лидингтоне</title>
	<filename>PRISTLI/lidingtn.txt</filename>
</book>
<book>
	<author>Пристли Д Б</author>
	<title>Дженни Вильерс</title>
	<filename>PRISTLI/villers.txt</filename>
</book>
<book>
	<author>Акимов И А</author>
	<title>Легенда о малом гарнизоне</title>
	<filename>PROZA/AKIMOW/legenda.txt</filename>
</book>
<book>
	<author>Алексин А</author>
	<title>Поздний ребенок</title>
	<filename>PROZA/ALEKSIN/rebenok.txt</filename>
</book>
<book>
	<author>Алешковский Ю</author>
	<title>Карусель</title>
	<filename>PROZA/ALESHKOWSKIJ/karusel.txt</filename>
</book>
<book>
	<author>Алешковский Ю</author>
	<title>Кенгуру</title>
	<filename>PROZA/ALESHKOWSKIJ/kenguru.txt</filename>
</book>
<book>
	<author>Алешковский Ю</author>
	<title>Маскировка</title>
	<filename>PROZA/ALESHKOWSKIJ/maskirowka.txt</filename>
</book>
<book>
	<author>Алешковский Ю</author>
	<title>Николай Николаевич</title>
	<filename>PROZA/ALESHKOWSKIJ/nikalaj.txt</filename>
</book>
<book>
	<author>Алешковский Ю</author>
	<title>Рука (Повествование палача)</title>
	<filename>PROZA/ALESHKOWSKIJ/ruka.txt</filename>
</book>
<book>
	<author>Алешковский Ю</author>
	<title>Простой заключенный</title>
	<filename>PROZA/ALESHKOWSKIJ/stihi.txt</filename>
</book>
<book>
	<author>Арсенов Я</author>
	<title>76-Т3</title>
	<filename>PROZA/ARSENOW/76t3.txt</filename>
</book>
<book>
	<author>Бабель И</author>
	<title>Конармия (фрагменты)</title>
	<filename>PROZA/BABEL/konarmia.txt</filename>
</book>
<book>
	<author>Бабель И</author>
	<title>Миниатюры</title>
	<filename>PROZA/BABEL/miniatures.txt</filename>
</book>
<book>
	<author>Бабель И</author>
	<title>Одесские рассказы (фрагменты)</title>
	<filename>PROZA/BABEL/odessa.txt</filename>
</book>
<book>
	<author>Бабель И</author>
	<title>Рассказы</title>
	<filename>PROZA/BABEL/rasskazy.txt</filename>
</book>
<book>
	<author>Белиловский М</author>
	<title>Поведай сыну своему</title>
	<filename>PROZA/BELILOWSKIJ/son.txt</filename>
</book>
<book>
	<author>Белов В</author>
	<title>Привычное дело</title>
	<filename>PROZA/BELOW/delo.txt</filename>
</book>
<book>
	<author>Белов В</author>
	<title>Плотницкие рассказы</title>
	<filename>PROZA/BELOW/plotnick.txt</filename>
</book>
<book>
	<author>Битов А</author>
	<title>Человек в пейзаже</title>
	<filename>PROZA/BITOW/pejzazh.txt</filename>
</book>
<book>
	<author>Тайрд-Боффин Э</author>
	<title>Преподаватель симметрии (в вольном переводе А.Битова)</title>
	<filename>PROZA/BITOW/simmerty.txt</filename>
</book>
<book>
	<author>Богомолов В</author>
	<title>Момент истины (В августе сорок четвертого)</title>
	<filename>PROZA/BOGOMOLOW/august44.txt</filename>
</book>
<book>
	<author>Бородин Л</author>
	<title>Встреча</title>
	<filename>PROZA/BORODIN_L/wstrecha.txt</filename>
</book>
<book>
	<author>Быстровский А</author>
	<title>Новая библейская энциклопедия</title>
	<filename>PROZA/bystrovsky.txt</filename>
</book>
<book>
	<author>Чивилихин В</author>
	<title>Над уровнем моря</title>
	<filename>PROZA/CHIWILIHIN/more.txt</filename>
</book>
<book>
	<author>Ципис Н</author>
	<title>Хлеб</title>
	<filename>PROZA/CIPIS/hleb.txt</filename>
</book>
<book>
	<author>Данилин С</author>
	<title>Отменить Христа.Часть II. Москва.Ад.До Востребования</title>
	<filename>PROZA/DANILIN/danilin.txt</filename>
</book>
<book>
	<author>Домбровский Ю</author>
	<title>"РетлендБэконсОутгемптонШекспир"</title>
	<filename>PROZA/DOMBROWSKIJ/shake2.txt</filename>
</book>
<book>
	<author>Домбровский Ю</author>
	<title>Новеллы о Шекспире</title>
	<filename>PROZA/DOMBROWSKIJ/shake.txt</filename>
</book>
<book>
	<author>Дружников Ю</author>
	<title>Я родился в очереди</title>
	<filename>PROZA/DRUZHNIKOV/01YaRodilsia.txt</filename>
</book>
<book>
	<author>Дружников Ю</author>
	<title>Ликвидация писателя No 8552</title>
	<filename>PROZA/DRUZHNIKOV/02LikvidatsiaPisatlia8552.txt</filename>
</book>
<book>
	<author>Дружников Ю</author>
	<title>Техасские заскоки</title>
	<filename>PROZA/DRUZHNIKOV/17Tekhasskie.txt</filename>
</book>
<book>
	<author>Дружников Ю</author>
	<title>Парадоксы кампуса</title>
	<filename>PROZA/DRUZHNIKOV/21ParadoksyKampusa.txt</filename>
</book>
<book>
	<author>Дружников Ю</author>
	<title>В зените славы и после</title>
	<filename>PROZA/DRUZHNIKOV/23VZeniteKramarov.txt</filename>
</book>
<book>
	<author>Аннинский Л</author>
	<title>Два конца иглы (О прозе Юрия Дружникова)</title>
	<filename>PROZA/DRUZHNIKOV/aboutanninskij.txt</filename>
</book>
<book>
	<author></author>
	<title>Коротко об авторе: Юрий Ильич Дружников - прозаик и историк русской литературы</title>
	<filename>PROZA/DRUZHNIKOV/about.txt</filename>
</book>
<book>
	<author>Володзько А</author>
	<title>Юрий Дружников и его критики</title>
	<filename>PROZA/DRUZHNIKOV/aboutvolodzko.txt</filename>
</book>
<book>
	<author>Дружников Ю</author>
	<title>Ангелы на кончике иглы</title>
	<filename>PROZA/DRUZHNIKOV/angels.txt</filename>
</book>
<book>
	<author></author>
	<title>Интервью: "Россия такая большая, что лучше видна издалека"</title>
	<filename>PROZA/DRUZHNIKOV/interviewlukshich.txt</filename>
</book>
<book>
	<author>Дружников Ю</author>
	<title>Каникулы по-человечески</title>
	<filename>PROZA/DRUZHNIKOV/kanikuly.txt</filename>
</book>
<book>
	<author>Дружников Ю</author>
	<title>Медовый месяц у прабабушки, или Приключения генацвале из Сакраменто</title>
	<filename>PROZA/DRUZHNIKOV/mesyac.txt</filename>
</book>
<book>
	<author>Дружников Ю</author>
	<title>Доносчик 001, или Вознесение Павлика Морозова</title>
	<filename>PROZA/DRUZHNIKOV/morozow.txt</filename>
</book>
<book>
	<author>Дружников Ю</author>
	<title>Розовый абажур с трещиной</title>
	<filename>PROZA/DRUZHNIKOV/mr_abazhur.txt</filename>
</book>
<book>
	<author>Дружников Ю</author>
	<title>Кайф в конце командировки</title>
	<filename>PROZA/DRUZHNIKOV/mr_kajf.txt</filename>
</book>
<book>
	<author>Дружников Ю</author>
	<title>Деньги круглые</title>
	<filename>PROZA/DRUZHNIKOV/mr_money.txt</filename>
</book>
<book>
	<author>Дружников Ю</author>
	<title>Мой первый читатель</title>
	<filename>PROZA/DRUZHNIKOV/mr_perwyjchitatel.txt</filename>
</book>
<book>
	<author>Дружников Ю</author>
	<title>Последний урок</title>
	<filename>PROZA/DRUZHNIKOV/mr_urok.txt</filename>
</book>
<book>
	<author>Дружников Ю</author>
	<title>Отец на час</title>
	<filename>PROZA/DRUZHNIKOV/otech.txt</filename>
</book>
<book>
	<author>Дружников Ю</author>
	<title>Изгнанник самовольный</title>
	<filename>PROZA/DRUZHNIKOV/p1_izgnannik.txt</filename>
</book>
<book>
	<author>Дружников Ю</author>
	<title>Досье беглеца</title>
	<filename>PROZA/DRUZHNIKOV/p2_dosie.txt</filename>
</book>
<book>
	<author>Дружников Ю</author>
	<title>Рассказы и притчи</title>
	<filename>PROZA/DRUZHNIKOV/rasskazy.txt</filename>
</book>
<book>
	<author>Дружников Ю</author>
	<title>Допрос</title>
	<filename>PROZA/DRUZHNIKOV/sc_dopros.txt</filename>
</book>
<book>
	<author>Дружников Ю</author>
	<title>Смерть царя Федора</title>
	<filename>PROZA/DRUZHNIKOV/smert.txt</filename>
</book>
<book>
	<author>Дружников Ю</author>
	<title>Учитель влюбился</title>
	<filename>PROZA/DRUZHNIKOV/uchitel.txt</filename>
</book>
<book>
	<author>Дружников Ю</author>
	<title>Виза в позавчера</title>
	<filename>PROZA/DRUZHNIKOV/visa.txt</filename>
</book>
<book>
	<author>Дружников Ю</author>
	<title>Зайцемобиль</title>
	<filename>PROZA/DRUZHNIKOV/zajtsemobile.txt</filename>
</book>
<book>
	<author></author>
	<title>Три интервью с Владимиром Дудинцевым</title>
	<filename>PROZA/DUDINCEW/d1.txt</filename>
</book>
<book>
	<author>Дудинцев В</author>
	<title>Белые одежды</title>
	<filename>PROZA/DUDINCEW/odezhdy.txt</filename>
</book>
<book>
	<author>Эренбург И</author>
	<title>Необычайные похождения Хулио Хуренито</title>
	<filename>PROZA/ERENBURG/hulio.txt</filename>
</book>
<book>
	<author>Еськов К</author>
	<title>Евангелие от Афрания</title>
	<filename>PROZA/ESKOV_K/afranij.txt</filename>
</book>
<book>
	<author>Еськов К</author>
	<title>Последний кольценосец</title>
	<filename>PROZA/ESKOV_K/last.txt</filename>
</book>
<book>
	<author></author>
	<title>Транскрипт ICR-интервью с Кириллом Еськовым</title>
	<filename>PROZA/ESKOV_K/rusfirc.txt</filename>
</book>
<book>
	<author>Фрид В</author>
	<title>58 с половиной или записки лагерного придурка</title>
	<filename>PROZA/FREADV/58_2.txt</filename>
</book>
<book>
	<author>Гранин Д</author>
	<title>Месяц вверх ногами</title>
	<filename>PROZA/GRANIN/mesyac.txt</filename>
</book>
<book>
	<author>Гроссман В</author>
	<title>Все течет</title>
	<filename>PROZA/GROSSMAN/techet.txt</filename>
</book>
<book>
	<author>Губарев В</author>
	<title>Повести-сказки</title>
	<filename>PROZA/GUBAREW/gubarev.txt</filename>
</book>
<book>
	<author>Губарев В</author>
	<title>Саркофаг</title>
	<filename>PROZA/GUBAREW/sarkofag.txt</filename>
</book>
<book>
	<author>Каплер А</author>
	<title>Двое из двадцати миллионов</title>
	<filename>PROZA/KAPLER/dwoe.txt</filename>
</book>
<book>
	<author>Карпов В</author>
	<title>Маршал Жуков, его соратники и противники в годы войны и мира (книга 1)</title>
	<filename>PROZA/KARPOW_W/zhukow.txt</filename>
</book>
<book>
	<author>Каверин В</author>
	<title>Девять десятых судьбы</title>
	<filename>PROZA/KAWERIN/dewqtx.txt</filename>
</book>
<book>
	<author>Каверин В</author>
	<title>Два капитана</title>
	<filename>PROZA/KAWERIN/kapitany.txt</filename>
</book>
<book>
	<author>Каверин В</author>
	<title>Пятый странник</title>
	<filename>PROZA/KAWERIN/pqtyj.txt</filename>
</book>
<book>
	<author>Каверин В</author>
	<title>Легкие шаги</title>
	<filename>PROZA/KAWERIN/shagi.txt</filename>
</book>
<book>
	<author>Каверин В</author>
	<title>О Мите и Маше, о Веселом трубочисте и Мастере золотые руки</title>
	<filename>PROZA/KAWERIN/truboch.txt</filename>
</book>
<book>
	<author>Каверин В</author>
	<title>Много хороших людей и один завистник</title>
	<filename>PROZA/KAWERIN/zawistnik.txt</filename>
</book>
<book>
	<author>Ким А</author>
	<title>Мое прошлое</title>
	<filename>PROZA/KIM/mypast.txt</filename>
</book>
<book>
	<author>Ким А</author>
	<title>Стена</title>
	<filename>PROZA/KIM/stena.txt</filename>
</book>
<book>
	<author>Климов Г</author>
	<title>Князь Мира Сего</title>
	<filename>PROZA/KLIMOV_GP/knes.txt</filename>
</book>
<book>
	<author>Климов Г</author>
	<title>Имя мое легион</title>
	<filename>PROZA/KLIMOV_GP/legion.txt</filename>
</book>
<book>
	<author>Климов Г</author>
	<title>Протоколы советских мудрецов</title>
	<filename>PROZA/KLIMOV_GP/protokols.txt</filename>
</book>
<book>
	<author></author>
	<title>Интервью Евгения Горного с Баяном Ширяновым</title>
	<filename>PROZA/KLOCHKO/interview.txt</filename>
</book>
<book>
	<author>Ширянов Б</author>
	<title>Пробел.(Роман.)</title>
	<filename>PROZA/KLOCHKO/probel.txt</filename>
</book>
<book>
	<author>Кузнецов А</author>
	<title>Бабий Яр</title>
	<filename>PROZA/KUZNECOW_A/babiyar.txt</filename>
</book>
<book>
	<author>Леонов Л</author>
	<title>Бегство Мистера Мак-Кинли</title>
	<filename>PROZA/LEONOWL/mckinley.txt</filename>
</book>
<book>
	<author>Леонтьев Б</author>
	<title>Триумф Великого Комбинатора, или возвращение Остапа Бендера</title>
	<filename>PROZA/LEONTIEW_B/bender.txt</filename>
</book>
<book>
	<author>Леонтьев Б</author>
	<title>Похождения штандартенфюрера CC фон Штирлица (Книги 1,3,5,7,8)</title>
	<filename>PROZA/LEONTIEW_B/sht-shnaps.txt</filename>
</book>
<book>
	<author>Леонтьев Б</author>
	<title>В осенней тишине стихотворения</title>
	<filename>PROZA/LEONTIEW_B/stihi.txt</filename>
</book>
<book>
	<author>Лимонов Э</author>
	<title>Эпоха бессознания</title>
	<filename>PROZA/LIMONOV/epoha.txt</filename>
</book>
<book>
	<author>Липскеров Д</author>
	<title>Пальцы для Керолайн</title>
	<filename>PROZA/LIPSKEROV/cerolain.txt</filename>
</book>
<book>
	<author>Липскеров Д</author>
	<title>Эдипов комплекс</title>
	<filename>PROZA/LIPSKEROV/edip.txt</filename>
</book>
<book>
	<author>Липскеров Д</author>
	<title>Елена и Штурман</title>
	<filename>PROZA/LIPSKEROV/helen-shturman.txt</filename>
</book>
<book>
	<author>Липскеров Д</author>
	<title>Окно для наблюдателя</title>
	<filename>PROZA/LIPSKEROV/okno.txt</filename>
</book>
<book>
	<author>Липскеров Д</author>
	<title>Река на асфальте</title>
	<filename>PROZA/LIPSKEROV/reka.txt</filename>
</book>
<book>
	<author>Липскеров Д</author>
	<title>Школа с театральным уклоном (Школа для эмигрантов)</title>
	<filename>PROZA/LIPSKEROV/shkola.txt</filename>
</book>
<book>
	<author>Липскеров Д</author>
	<title>Ожидание Соломеи</title>
	<filename>PROZA/LIPSKEROV/solomeya.txt</filename>
</book>
<book>
	<author>Липскеров Д</author>
	<title>Семья уродов</title>
	<filename>PROZA/LIPSKEROV/yrod.txt</filename>
</book>
<book>
	<author>Львова М</author>
	<title>Саня или двойная свадьба</title>
	<filename>PROZA/lvova.txt</filename>
</book>
<book>
	<author>Львов С</author>
	<title>Друг моего детства</title>
	<filename>PROZA/LXWOW_S/detstwo.txt</filename>
</book>
<book>
	<author>Маканин В</author>
	<title>Кавказский пленный</title>
	<filename>PROZA/MAKANIN/makanin.txt</filename>
</book>
<book>
	<author>Маканин В</author>
	<title>Андеграунд, или Герой нашего времени</title>
	<filename>PROZA/MAKANIN/underground.txt</filename>
</book>
<book>
	<author>Маркович Д</author>
	<title>Перебежчик</title>
	<filename>PROZA/MARKOWICH/perebezhchik.txt</filename>
</book>
<book>
	<author></author>
	<title>Израиль Моисеевич Меттер</title>
	<filename>PROZA/METTER/about.txt</filename>
</book>
<book>
	<author>Меттер И М</author>
	<title>Челюсть</title>
	<filename>PROZA/METTER/chelust.txt</filename>
</book>
<book>
	<author>Меттер И М</author>
	<title>Дамка</title>
	<filename>PROZA/METTER/damka.txt</filename>
</book>
<book>
	<author>Меттер И М</author>
	<title>Костер</title>
	<filename>PROZA/METTER/koster.txt</filename>
</book>
<book>
	<author>Меттер И М</author>
	<title>Оценщик</title>
	<filename>PROZA/METTER/ocenshik.txt</filename>
</book>
<book>
	<author>Меттер И М</author>
	<title>Практикант</title>
	<filename>PROZA/METTER/praktikant.txt</filename>
</book>
<book>
	<author>Меттер И М</author>
	<title>Собаки</title>
	<filename>PROZA/METTER/sobaki.txt</filename>
</book>
<book>
	<author>Михин Н</author>
	<title>Дача Долгорукова</title>
	<filename>PROZA/MIHINN/mihin.txt</filename>
</book>
<book>
	<author>Михин Н</author>
	<title>Венки на волне</title>
	<filename>PROZA/MIHINN/venki.txt</filename>
</book>
<book>
	<author>Олеша Ю</author>
	<title>Рассказы</title>
	<filename>PROZA/OLESHA/rasskazy.txt</filename>
</book>
<book>
	<author>Олеша Ю</author>
	<title>Зависть</title>
	<filename>PROZA/OLESHA/zawist.txt</filename>
</book>
<book>
	<author>Орлов В</author>
	<title>Альтист Данилов</title>
	<filename>PROZA/ORLOW_O/altist.txt</filename>
</book>
<book>
	<author>О'Санчес</author>
	<title>Побег от ствола судьбы на горе жизни и смерти (Книга 1)</title>
	<filename>PROZA/OSANCHES/pobeg1.txt</filename>
</book>
<book>
	<author>О'Санчес</author>
	<title>Побег от ствола судьбы на горе жизни и смерти (Книга 2)</title>
	<filename>PROZA/OSANCHES/pobeg2.txt</filename>
</book>
<book>
	<author>О'Санчес</author>
	<title>Побег от ствола судьбы на горе жизни и смерти (конкурсный фрагмент)</title>
	<filename>PROZA/OSANCHES/pobegteneta.txt</filename>
</book>
<book>
	<author>О`Санчес</author>
	<title>Черно-белая ночь</title>
	<filename>PROZA/OSANCHES/stihi.txt</filename>
</book>
<book>
	<author>О`Санчес</author>
	<title>Троглодит</title>
	<filename>PROZA/OSANCHES/troglodit.txt</filename>
</book>
<book>
	<author>Паустовский К</author>
	<title>Александр Довженко</title>
	<filename>PROZA/PAUSTOWSKIJ/aleksandr_dowzhenko.txt</filename>
</book>
<book>
	<author>Паустовский К</author>
	<title>Алексей Толстой</title>
	<filename>PROZA/PAUSTOWSKIJ/aleksei_tolstoj.txt</filename>
</book>
<book>
	<author>Паустовский К</author>
	<title>Английская бритва</title>
	<filename>PROZA/PAUSTOWSKIJ/anglijskaya_britwa.txt</filename>
</book>
<book>
	<author>Паустовский К</author>
	<title>Белые кролики</title>
	<filename>PROZA/PAUSTOWSKIJ/belye_kroliki.txt</filename>
</book>
<book>
	<author>Паустовский К</author>
	<title>Дорожные разговоры</title>
	<filename>PROZA/PAUSTOWSKIJ/dorozhnye_razgowory.txt</filename>
</book>
<book>
	<author>Паустовский К</author>
	<title>Дядя Гиляй</title>
	<filename>PROZA/PAUSTOWSKIJ/dyadya_gilyaj.txt</filename>
</book>
<book>
	<author>Паустовский К</author>
	<title>Исаак Левитан</title>
	<filename>PROZA/PAUSTOWSKIJ/isaak_lewitan.txt</filename>
</book>
<book>
	<author>Паустовский К</author>
	<title>Иван Бунин</title>
	<filename>PROZA/PAUSTOWSKIJ/iwan_bunin.txt</filename>
</book>
<book>
	<author>Паустовский К</author>
	<title>Кружевница Настя</title>
	<filename>PROZA/PAUSTOWSKIJ/kruzhewnica_nastya.txt</filename>
</book>
<book>
	<author>Паустовский К</author>
	<title>Михаил Лоскутов</title>
	<filename>PROZA/PAUSTOWSKIJ/mihail___loskutow.txt</filename>
</book>
<book>
	<author>Паустовский К</author>
	<title>(Фрагмент рассказа)</title>
	<filename>PROZA/PAUSTOWSKIJ/opasnostx.txt</filename>
</book>
<book>
	<author>Паустовский К</author>
	<title>Оскар Уайльд</title>
	<filename>PROZA/PAUSTOWSKIJ/oskar_uajlxd.txt</filename>
</book>
<book>
	<author>Паустовский К</author>
	<title>Пачка папирос</title>
	<filename>PROZA/PAUSTOWSKIJ/pachka_papiros.txt</filename>
</book>
<book>
	<author>Паустовский К</author>
	<title>Поток жизни</title>
	<filename>PROZA/PAUSTOWSKIJ/potok_zhizni.txt</filename>
</book>
<book>
	<author>Паустовский К</author>
	<title>Правая рука</title>
	<filename>PROZA/PAUSTOWSKIJ/prawaya_ruka.txt</filename>
</book>
<book>
	<author>Паустовский К</author>
	<title>Приказ по военной школе</title>
	<filename>PROZA/PAUSTOWSKIJ/prikaz_po_woennoj_shkole.txt</filename>
</book>
<book>
	<author>Паустовский К</author>
	<title>Робкое сердце</title>
	<filename>PROZA/PAUSTOWSKIJ/robkoe_serdce.txt</filename>
</book>
<book>
	<author>Паустовский К</author>
	<title>Рувим Фраерман</title>
	<filename>PROZA/PAUSTOWSKIJ/ruwim_fraerman.txt</filename>
</book>
<book>
	<author>Паустовский К</author>
	<title>Сказочник</title>
	<filename>PROZA/PAUSTOWSKIJ/skazochnik.txt</filename>
</book>
<book>
	<author>Паустовский К</author>
	<title>Снег</title>
	<filename>PROZA/PAUSTOWSKIJ/sneg.txt</filename>
</book>
<book>
	<author>Павлов О</author>
	<title>Соборные рассказы</title>
	<filename>PROZA/PAVLOV_O/pavlov1.txt</filename>
</book>
<book>
	<author>Павлов О</author>
	<title>Казенная сказка</title>
	<filename>PROZA/PAVLOV_O/pavlov2.txt</filename>
</book>
<book>
	<author>Павлов О</author>
	<title>Дело Матюшина</title>
	<filename>PROZA/PAVLOV_O/pavlov3.txt</filename>
</book>
<book>
	<author>Павлов О</author>
	<title>Школьники</title>
	<filename>PROZA/PAVLOV_O/pavlov5.txt</filename>
</book>
<book>
	<author>Павлов О</author>
	<title>Эпилогия</title>
	<filename>PROZA/PAVLOV_O/pavlov6.txt</filename>
</book>
<book>
	<author>Павлов О</author>
	<title>Яблочки от Толстого</title>
	<filename>PROZA/PAVLOV_O/pavlov7.txt</filename>
</book>
<book>
	<author>Павлов О</author>
	<title>Антикритика</title>
	<filename>PROZA/PAVLOV_O/pavlov8.txt</filename>
</book>
<book>
	<author>Павлов О</author>
	<title>Степная книга</title>
	<filename>PROZA/PAVLOV_O/stepn.txt</filename>
</book>
<book>
	<author>Петрушевская Л</author>
	<title>Скамейка-премия</title>
	<filename>PROZA/PETRUSHEWSKAYA/skamejka.txt</filename>
</book>
<book>
	<author>Пьецух В</author>
	<title>Городской романс (фрагмент)</title>
	<filename>PROZA/PIECUH/romans.txt</filename>
</book>
<book>
	<author>Поляков Ю</author>
	<title>Небо падших (фрагмент)</title>
	<filename>PROZA/POLQKOW/nebo.txt</filename>
</book>
<book>
	<author>Распутин В</author>
	<title>Деньги для Марии</title>
	<filename>PROZA/RASPUTIN/dengi.txt</filename>
</book>
<book>
	<author>Рекемчук А</author>
	<title>Мальчики</title>
	<filename>PROZA/REKEMCHUK/malchiki.txt</filename>
</book>
<book>
	<author>Ремизов А</author>
	<title>Взвихренная Русь (фрагменты)</title>
	<filename>PROZA/REMIZOW/babushka.txt</filename>
</book>
<book>
	<author>Санин В</author>
	<title>Семьдесят два градуса ниже нуля</title>
	<filename>PROZA/SANIN/72gradusa.txt</filename>
</book>
<book>
	<author>Санин В</author>
	<title>Белое проклятие</title>
	<filename>PROZA/SANIN/bezmolwie.txt</filename>
</book>
<book>
	<author>Санин В</author>
	<title>В ловушке</title>
	<filename>PROZA/SANIN/lowushka.txt</filename>
</book>
<book>
	<author>Санин В</author>
	<title>У Земли на макушке(полярные были)</title>
	<filename>PROZA/SANIN/makushka.txt</filename>
</book>
<book>
	<author>Санин В</author>
	<title>Новичок в Антарктиде</title>
	<filename>PROZA/SANIN/nowichek.txt</filename>
</book>
<book>
	<author>Санин В</author>
	<title>Большой пожар</title>
	<filename>PROZA/SANIN/pozhar.txt</filename>
</book>
<book>
	<author>Савельев А</author>
	<title>Ученик Эйзенштейна (фрагменты)</title>
	<filename>PROZA/SAWELXEW/uchenik.txt</filename>
</book>
<book>
	<author>Шаламов В</author>
	<title>Колымские рассказы</title>
	<filename>PROZA/SHALAMOW/kolym.txt</filename>
</book>
<book>
	<author>Шитова Н</author>
	<title>Дерзкая</title>
	<filename>PROZA/shitowa.txt</filename>
</book>
<book>
	<author>Шолохов М</author>
	<title>Нахаленок</title>
	<filename>PROZA/SHOLOHOW/Shlokhov1.txt</filename>
</book>
<book>
	<author></author>
	<title>Давид Шраер-Петров: биографическая справка</title>
	<filename>PROZA/SHRAERPETROV/bio.txt</filename>
</book>
<book>
	<author>Шраер-Петров Д</author>
	<title>В Камышах</title>
	<filename>PROZA/SHRAERPETROV/kamyshi.txt</filename>
</book>
<book>
	<author>Симашко М</author>
	<title>Емшан</title>
	<filename>PROZA/SIMASHKO/emshan.txt</filename>
</book>
<book>
	<author>Симашко М</author>
	<title>Искушение Фраги</title>
	<filename>PROZA/SIMASHKO/fragi.txt</filename>
</book>
<book>
	<author>Симашко М</author>
	<title>Мaздaк (невычитан)</title>
	<filename>PROZA/SIMASHKO/mazdak.txt</filename>
</book>
<book>
	<author>Слаповский А</author>
	<title>День денег</title>
	<filename>PROZA/SLAPOWSKIJ/dendeneg.txt</filename>
</book>
<book>
	<author>Слаповский А</author>
	<title>Кумир</title>
	<filename>PROZA/SLAPOWSKIJ/kumir.txt</filename>
</book>
<book>
	<author>Слаповский А</author>
	<title>Российские оригиналы</title>
	<filename>PROZA/SLAPOWSKIJ/originals.txt</filename>
</book>
<book>
	<author>Соколов С</author>
	<title>Palissandr - c'est Moi?[x]</title>
	<filename>PROZA/SOKOLOV/glagol.txt</filename>
</book>
<book>
	<author>Соколов С</author>
	<title>Школа для дураков</title>
	<filename>PROZA/SOKOLOV/shkola.txt</filename>
</book>
<book>
	<author>Соколов С</author>
	<title>Между собакой и волком</title>
	<filename>PROZA/SOKOLOV/sobaka.txt</filename>
</book>
<book>
	<author>Соловьев Л</author>
	<title>Повесть о Ходже Насреддине. Очарованный принц</title>
	<filename>PROZA/SOLOWIEW_L/princ.txt</filename>
</book>
<book>
	<author>Соловьев Л</author>
	<title>Повесть о Ходже Насреддине. Возмутитель спокойствия</title>
	<filename>PROZA/SOLOWIEW_L/wozmutitel.txt</filename>
</book>
<book>
	<author>Солженицын А</author>
	<title>Архипелаг ГУЛаг. Том 2 (части 3 и 4)</title>
	<filename>PROZA/SOLZHENICYN/gulag2.txt</filename>
</book>
<book>
	<author>Солженицын А</author>
	<title>Архипелаг ГУЛаг. Том 3 (части 5, 6 и 7)</title>
	<filename>PROZA/SOLZHENICYN/gulag3.txt</filename>
</book>
<book>
	<author>Солженицын А</author>
	<title>Архипелаг ГУЛаг. Том 1 (части 1-я и 2-я)</title>
	<filename>PROZA/SOLZHENICYN/gulag.txt</filename>
</book>
<book>
	<author>Солженицын А</author>
	<title>Один день Ивана Денисовича</title>
	<filename>PROZA/SOLZHENICYN/ivandenisych.txt</filename>
</book>
<book>
	<author>Солженицын А</author>
	<title>Матренин двор</title>
	<filename>PROZA/SOLZHENICYN/matren.txt</filename>
</book>
<book>
	<author>Солженицын А</author>
	<title>Образованщина</title>
	<filename>PROZA/SOLZHENICYN/obrazovan.txt</filename>
</book>
<book>
	<author></author>
	<title>Интервью с Александром Солженицыным в газете "Таймс"</title>
	<filename>PROZA/SOLZHENICYN/solge.txt</filename>
</book>
<book>
	<author>Суси В</author>
	<title>Базар, вокзал, милиция</title>
	<filename>PROZA/SUSI/bazar.txt</filename>
</book>
<book>
	<author>Суси В</author>
	<title>Смерть "Меньшевика"</title>
	<filename>PROZA/SUSI/menshewik.txt</filename>
</book>
<book>
	<author>Суси В</author>
	<title>Привет с того света</title>
	<filename>PROZA/SUSI/privet.txt</filename>
</book>
<book>
	<author>Суси В</author>
	<title>Все не так</title>
	<filename>PROZA/SUSI/stolica.txt</filename>
</book>
<book>
	<author>Титов Р</author>
	<title>И все-таки море</title>
	<filename>PROZA/TITOW_R/more.txt</filename>
</book>
<book>
	<author>Успенский Л</author>
	<title>Эн-два-0 плюс Икс дважды</title>
	<filename>PROZA/USPENSKIJ_L/n2o.txt</filename>
</book>
<book>
	<author>Воронежский Р</author>
	<title>По дороге в булочную</title>
	<filename>PROZA/VORONEZHSKIJ/bulochn.txt</filename>
</book>
<book>
	<author>Васильев Б</author>
	<title>Завтра была война...</title>
	<filename>PROZA/WASILEW_B/wojna.txt</filename>
</book>
<book>
	<author>Вежинов П</author>
	<title>Мой первый день</title>
	<filename>PROZA/WEZHIN/day.txt</filename>
</book>
<book>
	<author>Вежинов П</author>
	<title>Однажды осенним днем на шоссе</title>
	<filename>PROZA/WEZHIN/shosse.txt</filename>
</book>
<book>
	<author>Вяземский Ю</author>
	<title>Икебана на мосту</title>
	<filename>PROZA/WYAZEMSKIJ/ikebana.txt</filename>
</book>
<book>
	<author>Замятин Е</author>
	<title>О том, как исцелен был инок Еразм</title>
	<filename>PROZA/ZAMQTIN/erazm.txt</filename>
</book>
<book>
	<author>Замятин Е</author>
	<title>На куличках</title>
	<filename>PROZA/ZAMQTIN/kulichki.txt</filename>
</book>
<book>
	<author>Замятин Е</author>
	<title>Картинки</title>
	<filename>PROZA/ZAMQTIN/rasskazy.txt</filename>
</book>
<book>
	<author>Замятин Е</author>
	<title>Слово предоставляется товарищу Чурыгину</title>
	<filename>PROZA/ZAMQTIN/slowo.txt</filename>
</book>
<book>
	<author>Замятин Е</author>
	<title>Мы</title>
	<filename>PROZA/ZAMQTIN/we.txt</filename>
</book>
<book>
	<author>Зиновьев А</author>
	<title>Иди на Голгофу</title>
	<filename>PROZA/ZINOWXEW/golgofa.txt</filename>
</book>
<book>
	<author>Зиновьев А</author>
	<title>Катастройка</title>
	<filename>PROZA/ZINOWXEW/ktastrojka.txt</filename>
</book>
<book>
	<author>Зиновьев А</author>
	<title>Нашей юности полет</title>
	<filename>PROZA/ZINOWXEW/polet.txt</filename>
</book>
<book>
	<author>Зиновьев А</author>
	<title>Зияющие высоты (2)</title>
	<filename>PROZA/ZINOWXEW/wysoty2.txt</filename>
</book>
<book>
	<author>Зиновьев А</author>
	<title>Зияющие высоты (1)</title>
	<filename>PROZA/ZINOWXEW/wysoty.txt</filename>
</book>
<book>
	<author>Берн Э</author>
	<title>Формы человеческих отношений</title>
	<filename>PSIHO/BERN/forms.txt</filename>
</book>
<book>
	<author>Берн Э</author>
	<title>Игры, в которые играют люди (Психология человеческих взаимоотношений)</title>
	<filename>PSIHO/BERN/games.txt</filename>
</book>
<book>
	<author>Берн Э</author>
	<title>Процесс общения</title>
	<filename>PSIHO/BERN/obshen.txt</filename>
</book>
<book>
	<author>Берн Э</author>
	<title>Сексуальные игры</title>
	<filename>PSIHO/BERN/sexgames.txt</filename>
</book>
<book>
	<author>Берн Э</author>
	<title>Сказка про Красную Шапочку</title>
	<filename>PSIHO/bern.txt</filename>
</book>
<book>
	<author>Беттельгейм Б</author>
	<title>О психологической привлекательности тоталитаризма</title>
	<filename>PSIHO/BETTELGEJM/tatalit.txt</filename>
</book>
<book>
	<author>Фрейд З</author>
	<title>Введение в психоанализ (лекции 1-15)</title>
	<filename>PSIHO/FREUD/lekcii.txt</filename>
</book>
<book>
	<author>Фрейд З</author>
	<title>О сновидении</title>
	<filename>PSIHO/FREUD/snowideniya.txt</filename>
</book>
<book>
	<author>Китаев-Смык Л А</author>
	<title>Стресс и психологическая экология</title>
	<filename>PSIHO/kitaew.txt</filename>
</book>
<book>
	<author>Клюев Е В</author>
	<title>Между двух стульев</title>
	<filename>PSIHO/klyuew.txt</filename>
</book>
<book>
	<author>Куттер П</author>
	<title>Современный психоанализ. Введение в психологию бессознательных процессов</title>
	<filename>PSIHO/KUTTER/psihoanaliz.txt</filename>
</book>
<book>
	<author>Лэйнг Р Д</author>
	<title>Узелки</title>
	<filename>PSIHO/lang.txt</filename>
</book>
<book>
	<author>Леонтьев А Н</author>
	<title>Деятельность.Сознание.Личность</title>
	<filename>PSIHO/LEONTIEV/dsl.txt</filename>
</book>
<book>
	<author>Лоренц К</author>
	<title>Агрессия</title>
	<filename>PSIHO/LORENC/agressiya.txt</filename>
</book>
<book>
	<author>Лоренц К</author>
	<title>Человек находит дpуга</title>
	<filename>PSIHO/LORENC/drug.txt</filename>
</book>
<book>
	<author>Максимов М</author>
	<title>О Бруно Беттельгейме</title>
	<filename>PSIHO/maksimow.txt</filename>
</book>
<book>
	<author>#20</author>
	<title>Эволюция сознания в документах. Часть Первая. 2</title>
	<filename>PSIHO/N20/n20_01.txt</filename>
</book>
<book>
	<author>#20</author>
	<title>Йогические ясли, младшая группа</title>
	<filename>PSIHO/N20/n20_11.txt</filename>
</book>
<book>
	<author>#20</author>
	<title>Первый шаг: честное самопроявление</title>
	<filename>PSIHO/N20/n20_15.txt</filename>
</book>
<book>
	<author>#20</author>
	<title>"Контркультура": карать или жаловать ?</title>
	<filename>PSIHO/N20/n20_17.txt</filename>
</book>
<book>
	<author>#20</author>
	<title>Другие работы того же автора</title>
	<filename>PSIHO/N20/other.txt</filename>
</book>
<book>
	<author>N20</author>
	<title>Принципы современной психической самозащиты</title>
	<filename>PSIHO/psdef.txt</filename>
</book>
<book>
	<author>Селье Г</author>
	<title>От мечты к открытию</title>
	<filename>PSIHO/SELYE/otkrytie.txt</filename>
</book>
<book>
	<author>Хиггинс</author>
	<title>Гарольд и Мод</title>
	<filename>PXESY/garold.txt</filename>
</book>
<book>
	<author>Горин Г</author>
	<title>Истории</title>
	<filename>PXESY/GORIN/istorii.txt</filename>
</book>
<book>
	<author>Горин Г</author>
	<title>Дом, который построил Свифт</title>
	<filename>PXESY/GORIN/swift.txt</filename>
</book>
<book>
	<author>Hirche P</author>
	<title>Редчайшая история о любви</title>
	<filename>PXESY/HIRCHE/history.txt</filename>
</book>
<book>
	<author>Киселев А</author>
	<title>Повесть о Сонечке</title>
	<filename>PXESY/KISELEV/sonya.txt</filename>
</book>
<book>
	<author>Джонс Л</author>
	<title>Летучий голландец</title>
	<filename>PXESY/leroj.txt</filename>
</book>
<book>
	<author>Родин О</author>
	<title>Тест-2000</title>
	<filename>PXESY/RODIN/test2000.txt</filename>
</book>
<book>
	<author>Шепард С</author>
	<title>Фонсик и терминаторы</title>
	<filename>PXESY/shepard.txt</filename>
</book>
<book>
	<author>Уилан П</author>
	<title>Школа ночи</title>
	<filename>PXESY/UILAN/school.txt</filename>
</book>
<book>
	<author>Вертенбейкер Т</author>
	<title>Для блага Отечества</title>
	<filename>PXESY/WERTENBEJKER/blago.txt</filename>
</book>
<book>
	<author>Юровицкий В</author>
	<title>Анна Григорьевна</title>
	<filename>PXESY/YUROVITSKY/anna.txt</filename>
</book>
<book>
	<author>Юровицкий В</author>
	<title>Трагическая ошибка могущественного бога</title>
	<filename>PXESY/YUROVITSKY/oshibka.txt</filename>
</book>
<book>
	<author>Юровицкий В</author>
	<title>Болтовня у озера</title>
	<filename>PXESY/YUROVITSKY/ozero.txt</filename>
</book>
<book>
	<author>Юровицкий В</author>
	<title>Одна ночь полета</title>
	<filename>PXESY/YUROVITSKY/polet.txt</filename>
</book>
<book>
	<author>Юровицкий В</author>
	<title>Пулковский меридиан</title>
	<filename>PXESY/YUROVITSKY/pul_meridian.txt</filename>
</book>
<book>
	<author>Юровицкий В</author>
	<title>Спуск</title>
	<filename>PXESY/YUROVITSKY/spusk.txt</filename>
</book>
<book>
	<author>Жене Ж</author>
	<title>Высокий надзор</title>
	<filename>PXESY/ZHENE/nadzor.txt</filename>
</book>

</books>

