<?xml version="1.0" encoding="UTF-8" ?>
<books>

<book>
	<author></author>
	<title>Tove Jansson</title>
	<filename>JANSSON/biography.txt</filename>
</book>
<book>
	<author>Янссон Т</author>
	<title>Хемуль, который любил тишину</title>
	<filename>JANSSON/hemul.txt</filename>
</book>
<book>
	<author>Янссон Т</author>
	<title>Муми-тролль и комета</title>
	<filename>JANSSON/kometa.txt</filename>
</book>
<book>
	<author>Янссон Т</author>
	<title>В конце ноября</title>
	<filename>JANSSON/mumiendnov.txt</filename>
</book>
<book>
	<author>Янссон Т</author>
	<title>Шляпа волшебника</title>
	<filename>JANSSON/mumi-mag.txt</filename>
</book>
<book>
	<author>Янссон Т</author>
	<title>Мемуары папы Муми-тролля</title>
	<filename>JANSSON/mumi-mem.txt</filename>
</book>
<book>
	<author>Янссон Т</author>
	<title>Муми-папа и море</title>
	<filename>JANSSON/mumipapa.txt</filename>
</book>
<book>
	<author>Янссон Т</author>
	<title>Опасное лето</title>
	<filename>JANSSON/mumisum.txt</filename>
</book>
<book>
	<author>Янссон Т</author>
	<title>Волшебная зима (с рисунками автора)</title>
	<filename>JANSSON/mumi-win.txt</filename>
</book>
<book>
	<author></author>
	<title>Рецензия: Т.Янссон, "Маленькие тролли и большое наводнение"</title>
	<filename>JANSSON/rec_mumi.txt</filename>
</book>
<book>
	<author></author>
	<title>File moved</title>
	<filename>JAPAN/hajku.txt</filename>
</book>
<book>
	<author>Шо Р</author>
	<title>Эротические танки</title>
	<filename>JAPAN/ruboko.txt</filename>
</book>
<book>
	<author>Tanaka K</author>
	<title>Haiku (Трехстишия в переводе на английский и русский)</title>
	<filename>JAPAN/sakura.txt</filename>
</book>
<book>
	<author>Кузина И</author>
	<title>Язык HTML, JavaScript и WWW</title>
	<filename>JAVA/20.txt</filename>
</book>
<book>
	<author>Гагин А</author>
	<title>ТЕХНОЛОГИИ INTRANET. История JavaКак начиналась революция Интернет</title>
	<filename>JAVA/java-hist.txt</filename>
</book>
<book>
	<author></author>
	<title>Java как центр архипелага</title>
	<filename>JAVA/java-jet.txt</filename>
</book>
<book>
	<author></author>
	<title></title>
	<filename>JAVA/javakeyb.txt</filename>
</book>
<book>
	<author>Джером Д К</author>
	<title>Памяти Джона Ингерфилда и жены его Анны</title>
	<filename>JEROM/anna.txt</filename>
</book>
<book>
	<author>Джером Д К</author>
	<title>Мир сцены</title>
	<filename>JEROM/mirsceny.txt</filename>
</book>
<book>
	<author>Джером Д К</author>
	<title>Человек, который не верил в счастье</title>
	<filename>JEROM/nabroski.txt</filename>
</book>
<book>
	<author>Джером Д К</author>
	<title>Пирушка с привидениями</title>
	<filename>JEROM/pirushka.txt</filename>
</book>
<book>
	<author>Джером Д К</author>
	<title>Как мы писали рассказ</title>
	<filename>JEROM/rasskaz.txt</filename>
</book>
<book>
	<author>Джером Д К</author>
	<title>Трое в одной лодке, не считая собаки</title>
	<filename>JEROM/troe.txt</filename>
</book>
<book>
	<author>Джордан Р</author>
	<title>Око Мира</title>
	<filename>JORDAN/koleso01.txt</filename>
</book>
<book>
	<author>Джордан Р</author>
	<title>Великая охота</title>
	<filename>JORDAN/koleso02.txt</filename>
</book>
<book>
	<author>Джордан Р</author>
	<title>Возрожденный Дракон</title>
	<filename>JORDAN/koleso03.txt</filename>
</book>
<book>
	<author>Джордан Р</author>
	<title>Восходящая тень</title>
	<filename>JORDAN/koleso04.txt</filename>
</book>
<book>
	<author>Джорда Р</author>
	<title>Огни небес</title>
	<filename>JORDAN/koleso05.txt</filename>
</book>
<book>
	<author>Джордан Р</author>
	<title>Властелин Хаоса</title>
	<filename>JORDAN/koleso06.txt</filename>
</book>
<book>
	<author>Джордан Р</author>
	<title>Конан-заступник</title>
	<filename>JORDAN/konanza.txt</filename>
</book>

</books>

