<?xml version="1.0" encoding="UTF-8" ?>
<books>
<book>
	<author>Желязны Р</author>
	<title>Принц Хаоса</title>
	<filename>ZELQZNY/amber10b.txt</filename>
</book>
<book>
	<author>Zelazny R</author>
	<title>Princ of Chaos (10). Some pages from book: 1-6, 15</title>
	<filename>ZELQZNY/amber_10.txt</filename>
</book>
<book>
	<author>Желязны Р</author>
	<title>Принц Хаоса</title>
	<filename>ZELQZNY/amber10.txt</filename>
</book>
<book>
	<author>Желязны Р</author>
	<title>Девять принцев Амбера</title>
	<filename>ZELQZNY/amber1.txt</filename>
</book>
<book>
	<author>Желязны Р</author>
	<title>Ружья Авалона</title>
	<filename>ZELQZNY/amber2.txt</filename>
</book>
<book>
	<author>Желязны Р</author>
	<title>Знак Единорога</title>
	<filename>ZELQZNY/amber3.txt</filename>
</book>
<book>
	<author>Желязны Р</author>
	<title>Рука Оберона</title>
	<filename>ZELQZNY/amber4.txt</filename>
</book>
<book>
	<author>Желязны Р</author>
	<title>Двор Хаоса</title>
	<filename>ZELQZNY/amber5.txt</filename>
</book>
<book>
	<author>Желязны Р</author>
	<title>Знамения судьбы</title>
	<filename>ZELQZNY/amber6.txt</filename>
</book>
<book>
	<author>Желязны Р</author>
	<title>Кровь Эмбера</title>
	<filename>ZELQZNY/amber7.txt</filename>
</book>
<book>
	<author>Желязны Р</author>
	<title>Знак Хаоса</title>
	<filename>ZELQZNY/amber8.txt</filename>
</book>
<book>
	<author>Желязны Р</author>
	<title>Рыцарь отражений</title>
	<filename>ZELQZNY/amber9.txt</filename>
</book>
<book>
	<author>Zelazny R</author>
	<title>Trumps of Doom</title>
	<filename>ZELQZNY/ambere06.txt</filename>
</book>
<book>
	<author>Zelazny R</author>
	<title>Blood of Amber</title>
	<filename>ZELQZNY/ambere07.txt</filename>
</book>
<book>
	<author>Zelazny R</author>
	<title>Sign of chaos</title>
	<filename>ZELQZNY/ambere08.txt</filename>
</book>
<book>
	<author>Zelazny R</author>
	<title>Knight of Shadows</title>
	<filename>ZELQZNY/ambere09.txt</filename>
</book>
<book>
	<author>Zelazny R</author>
	<title>Prince of Chaos</title>
	<filename>ZELQZNY/ambere10.txt</filename>
</book>
<book>
	<author></author>
	<title>Roger Zelazny: Forever Amber</title>
	<filename>ZELQZNY/amberever.txt</filename>
</book>
<book>
	<author></author>
	<title>Amber FAQ</title>
	<filename>ZELQZNY/amberfaq.txt</filename>
</book>
<book>
	<author>timeline A</author>
	<title>v.3. Last update 1987</title>
	<filename>ZELQZNY/amber-timeline.txt</filename>
</book>
<book>
	<author></author>
	<title>Amber FAQ или Кто есть кто в Янтарном королевстве</title>
	<filename>ZELQZNY/ambfaqru.txt</filename>
</book>
<book>
	<author>Zelazny R</author>
	<title>A Museum Piece</title>
	<filename>ZELQZNY/amuseumpiece.txt</filename>
</book>
<book>
	<author>Zelazny R</author>
	<title>And I Only Am Escaped to Tell Thee</title>
	<filename>ZELQZNY/andionly.txt</filename>
</book>
<book>
	<author>Желязны Р</author>
	<title>Ангел, темный ангел</title>
	<filename>ZELQZNY/angel.txt</filename>
</book>
<book>
	<author>Zelazny R</author>
	<title>A Rose for Ecclesiastes</title>
	<filename>ZELQZNY/ARoseforEcclesiastes.txt</filename>
</book>
<book>
	<author>Желязны Р</author>
	<title>Мост из пепла</title>
	<filename>ZELQZNY/ashbridg.txt</filename>
</book>
<book>
	<author>Желязны Р</author>
	<title>Я стал как прах и пепел</title>
	<filename>ZELQZNY/ashes.txt</filename>
</book>
<book>
	<author></author>
	<title>Bibliography of Roger Zelazny</title>
	<filename>ZELQZNY/bibliography.txt</filename>
</book>
<book>
	<author>Желязны Р</author>
	<title>Бизнес Джорджа</title>
	<filename>ZELQZNY/biznesjo.txt</filename>
</book>
<book>
	<author>Желязны Р, Сейберхэген  Ф</author>
	<title>Черный трон</title>
	<filename>ZELQZNY/blthrone.txt</filename>
</book>
<book>
	<author>Zelazny R</author>
	<title>Blue Horse, Dancing Mountains</title>
	<filename>ZELQZNY/BlueHorseDancingMountains.txt</filename>
</book>
<book>
	<author>Желязны Р</author>
	<title>Когда расцветают бомбы</title>
	<filename>ZELQZNY/bomby.txt</filename>
</book>
<book>
	<author>Желязны Р</author>
	<title>Бог света</title>
	<filename>ZELQZNY/bs.txt</filename>
</book>
<book>
	<author>Желязны Р</author>
	<title>Бизнес Джорджа</title>
	<filename>ZELQZNY/busines.txt</filename>
</book>
<book>
	<author>Желязны Р</author>
	<title>Подмененный</title>
	<filename>ZELQZNY/changeln.txt</filename>
</book>
<book>
	<author>Желязны Р</author>
	<title>Чудовище и девственница</title>
	<filename>ZELQZNY/chudovis.txt</filename>
</book>
<book>
	<author>Желязны Р, Сейберхэген  Ф</author>
	<title>Витки</title>
	<filename>ZELQZNY/coils.txt</filename>
</book>
<book>
	<author>Желязны Р</author>
	<title>Одержимость коллекционера</title>
	<filename>ZELQZNY/collect2.txt</filename>
</book>
<book>
	<author>Zelazny R</author>
	<title>Collector's Fever</title>
	<filename>ZELQZNY/Collector_sFever.txt</filename>
</book>
<book>
	<author>Желязны Р</author>
	<title>Страсть коллекционера</title>
	<filename>ZELQZNY/collect.txt</filename>
</book>
<book>
	<author>Zelazny R</author>
	<title>Coming to a Cord</title>
	<filename>ZELQZNY/ComingToACord.txt</filename>
</book>
<book>
	<author>Желязны Р</author>
	<title>Этот бессмертный</title>
	<filename>ZELQZNY/conrad.txt</filename>
</book>
<book>
	<author>Zelazny R</author>
	<title>Corrida</title>
	<filename>ZELQZNY/Corrida.txt</filename>
</book>
<book>
	<author>Желязны Р</author>
	<title>Создания света -- создания тьмы</title>
	<filename>ZELQZNY/creature.txt</filename>
</book>
<book>
	<author>Желязны Р</author>
	<title>Долина Проклятий</title>
	<filename>ZELQZNY/damnatio.txt</filename>
</book>
<book>
	<author>Желязны Р</author>
	<title>Дневная кровь</title>
	<filename>ZELQZNY/dayblood.txt</filename>
</book>
<book>
	<author>Желязны Р</author>
	<title>Предсмертная песня</title>
	<filename>ZELQZNY/deatsong.txt</filename>
</book>
<book>
	<author>Желязны Р</author>
	<title>Ключи к декабрю</title>
	<filename>ZELQZNY/december.txt</filename>
</book>
<book>
	<author>Желязны Р</author>
	<title>Автомобиль-дьявол</title>
	<filename>ZELQZNY/devilcar1.txt</filename>
</book>
<book>
	<author>Zelazny R</author>
	<title>Devil Car</title>
	<filename>ZELQZNY/devilcar.txt</filename>
</book>
<book>
	<author>Желязны Р</author>
	<title>Очарованная земля</title>
	<filename>ZELQZNY/dilvish1.txt</filename>
</book>
<book>
	<author>Zelazny R</author>
	<title>Divine Madness</title>
	<filename>ZELQZNY/DivineMadness.txt</filename>
</book>
<book>
	<author>Желязны Р</author>
	<title>Врата его лика, факелы его уст</title>
	<filename>ZELQZNY/doorface.txt</filename>
</book>
<book>
	<author>Желязны Р</author>
	<title>Двери в песке</title>
	<filename>ZELQZNY/doorways.txt</filename>
</book>
<book>
	<author>Zelazny R</author>
	<title>Here there be dragons</title>
	<filename>ZELQZNY/dragons.txt</filename>
</book>
<book>
	<author>Желязны Р</author>
	<title>Воины крови и мечты (пролог к сборнику)</title>
	<filename>ZELQZNY/dream.txt</filename>
</book>
<book>
	<author>Желязны Р</author>
	<title>Кладбище слонов</title>
	<filename>ZELQZNY/elephant.txt</filename>
</book>
<book>
	<author>Желязны Р</author>
	<title>Конец поисков</title>
	<filename>ZELQZNY/endquest.txt</filename>
</book>
<book>
	<author>Желязны Р</author>
	<title>Нечто вроде экзорцизма</title>
	<filename>ZELQZNY/exorcism.txt</filename>
</book>
<book>
	<author>Желязны Р</author>
	<title>Глаз кота</title>
	<filename>ZELQZNY/eye_cat.txt</filename>
</book>
<book>
	<author>Zelazny R</author>
	<title>Eye of cat</title>
	<filename>ZELQZNY/eyeofcat.txt</filename>
</book>
<book>
	<author>Желязны Р</author>
	<title>Теперь мы выбираем лица</title>
	<filename>ZELQZNY/faces.txt</filename>
</book>
<book>
	<author>Желязны Р</author>
	<title>Человек, который любил Файоли</title>
	<filename>ZELQZNY/faioli.txt</filename>
</book>
<book>
	<author>Желязны Р, Т  Т</author>
	<title>Томас. Вспышка</title>
	<filename>ZELQZNY/flare.txt</filename>
</book>
<book>
	<author>Zelazny R</author>
	<title>For a Breath I Tarry</title>
	<filename>ZELQZNY/forbreat.txt</filename>
</book>
<book>
	<author>Желязны Р</author>
	<title>24 вида горы Фудзи кисти Хокусая</title>
	<filename>ZELQZNY/fudzi.txt</filename>
</book>
<book>
	<author>Желязны Р</author>
	<title>Возмездие трех фурий</title>
	<filename>ZELQZNY/fury_req.txt</filename>
</book>
<book>
	<author>Желязны Р</author>
	<title>Игра Крови и Пыли</title>
	<filename>ZELQZNY/game.txt</filename>
</book>
<book>
	<author>Zelazny R</author>
	<title>Hall of Mirrors</title>
	<filename>ZELQZNY/HallOfMirrors.txt</filename>
</book>
<book>
	<author>Желязны Р</author>
	<title>Рука через галактику</title>
	<filename>ZELQZNY/hand_gal.txt</filename>
</book>
<book>
	<author>Желязны Р</author>
	<title>Возвращение палача</title>
	<filename>ZELQZNY/hangman.txt</filename>
</book>
<book>
	<author>Желязны Р, Шекли  Р</author>
	<title>Принеси мне голову Прекрасного принца</title>
	<filename>ZELQZNY/head.txt</filename>
</book>
<book>
	<author>Желязны Р</author>
	<title>Синий конь, танцующие горы</title>
	<filename>ZELQZNY/hr_bluehors.txt</filename>
</book>
<book>
	<author>Желязны Р</author>
	<title>Кстати о шнурке</title>
	<filename>ZELQZNY/hr_cord.txt</filename>
</book>
<book>
	<author>Желязны Р</author>
	<title>Сокрытая и Гизель</title>
	<filename>ZELQZNY/hr_guisel1.txt</filename>
</book>
<book>
	<author>Желязны Р</author>
	<title>Сокрытая и Гизель</title>
	<filename>ZELQZNY/hr_guisel.txt</filename>
</book>
<book>
	<author>Желязны Р</author>
	<title>Зеркальный коридор</title>
	<filename>ZELQZNY/hr_mirrors.txt</filename>
</book>
<book>
	<author>Желязны Р</author>
	<title>Остров мертвых</title>
	<filename>ZELQZNY/isledead.txt</filename>
</book>
<book>
	<author>Желязны Р</author>
	<title>Умереть в Италбаре</title>
	<filename>ZELQZNY/italbar.txt</filename>
</book>
<book>
	<author>Желязны Р</author>
	<title>Джек-из-тени</title>
	<filename>ZELQZNY/jackshad.txt</filename>
</book>
<book>
	<author>Zelazny R</author>
	<title>The Keys to December</title>
	<filename>ZELQZNY/KeysToDecember.txt</filename>
</book>
<book>
	<author>Желязны Р</author>
	<title>Кладбище сердца</title>
	<filename>ZELQZNY/kladb.txt</filename>
</book>
<book>
	<author>Желязны Р</author>
	<title>Имя мне - легион</title>
	<filename>ZELQZNY/legion.txt</filename>
</book>
<book>
	<author>Желязны Р</author>
	<title>Локи-7281</title>
	<filename>ZELQZNY/loki7281.txt</filename>
</book>
<book>
	<author>Желязны Р, Т  Т</author>
	<title>Томас. Маска Локи</title>
	<filename>ZELQZNY/loki.txt</filename>
</book>
<book>
	<author>Zelazny R</author>
	<title>Love Is an Imaginary Number</title>
	<filename>ZELQZNY/LoveIsAnImaginaryNumber.txt</filename>
</book>
<book>
	<author>Zelazny R</author>
	<title>Lucifer</title>
	<filename>ZELQZNY/Lucifer.txt</filename>
</book>
<book>
	<author>Желязны Р</author>
	<title>Люцифер</title>
	<filename>ZELQZNY/lucifer.txt</filename>
</book>
<book>
	<author>Желязны Р</author>
	<title>Божественное безумие</title>
	<filename>ZELQZNY/madness.txt</filename>
</book>
<book>
	<author>Желязны Р</author>
	<title>Одержимый магией</title>
	<filename>ZELQZNY/madwand.txt</filename>
</book>
<book>
	<author>Желязны Р</author>
	<title>Создание научно-фантастических романов</title>
	<filename>ZELQZNY/make_sf.txt</filename>
</book>
<book>
	<author>Желязны Р</author>
	<title>Манна небесная</title>
	<filename>ZELQZNY/manna.txt</filename>
</book>
<book>
	<author>Желязны Р</author>
	<title>Мастер снов</title>
	<filename>ZELQZNY/mastersna.txt</filename>
</book>
<book>
	<author>Сегриф Л</author>
	<title>Душа момента</title>
	<filename>ZELQZNY/moment.txt</filename>
</book>
<book>
	<author>Желязны Р</author>
	<title>Вершина</title>
	<filename>ZELQZNY/mountain.txt</filename>
</book>
<book>
	<author>Желязны Р</author>
	<title>Музейный экспонат</title>
	<filename>ZELQZNY/museum.txt</filename>
</book>
<book>
	<author>Желязны Р</author>
	<title>Ночные короли</title>
	<filename>ZELQZNY/nighking.txt</filename>
</book>
<book>
	<author>Желязны Р</author>
	<title>Глаз ночи</title>
	<filename>ZELQZNY/nighteye.txt</filename>
</book>
<book>
	<author>Желязны Р</author>
	<title>Ночь в тоскливом октябре</title>
	<filename>ZELQZNY/october.txt</filename>
</book>
<book>
	<author>Желязны Р</author>
	<title>Вечная мерзлота</title>
	<filename>ZELQZNY/permafro.txt</filename>
</book>
<book>
	<author></author>
	<title>"Флогистон" #44: Интервью с Роджером Желязны</title>
	<filename>ZELQZNY/phlog44rzintrus.txt</filename>
</book>
<book>
	<author></author>
	<title>AJH: Phlog44 RZ Interview</title>
	<filename>ZELQZNY/phlog44rzint.txt</filename>
</book>
<book>
	<author>дороги З</author>
	<title>Роджер ЖЕЛЯЗНЫ</title>
	<filename>ZELQZNY/roadmark.txt</filename>
</book>
<book>
	<author></author>
	<title>Roger Zelazny on the Web</title>
	<filename>ZELQZNY/roger.txt</filename>
</book>
<book>
	<author>Желязны Р</author>
	<title>Роза для Экклезиаста</title>
	<filename>ZELQZNY/rose.txt</filename>
</book>
<book>
	<author>Желязны Р</author>
	<title>Пробуждение Румоко</title>
	<filename>ZELQZNY/rumoko.txt</filename>
</book>
<book>
	<author>Желязны Р</author>
	<title>Великие неторопливые короли</title>
	<filename>ZELQZNY/slowking.txt</filename>
</book>
<book>
	<author>Желязны Р</author>
	<title>Снова и снова</title>
	<filename>ZELQZNY/snowa.txt</filename>
</book>
<book>
	<author></author>
	<title>The Uncollected Stories of Roger Zelazny</title>
	<filename>ZELQZNY/stories.txt</filename>
</book>
<book>
	<author>Желязны Р</author>
	<title>Сам себя удивил</title>
	<filename>ZELQZNY/surpris.txt</filename>
</book>
<book>
	<author>Zelazny R</author>
	<title>The Doors of His Face, The Lamps of His Mouth</title>
	<filename>ZELQZNY/TheDoorsofHisFaceTheLampsofHisMouth.txt</filename>
</book>
<book>
	<author>Zelazny R</author>
	<title>The Great Slow Kings</title>
	<filename>ZELQZNY/TheGreatSlowKings.txt</filename>
</book>
<book>
	<author>Zelazny R</author>
	<title>The Man Who Loved the Faioli</title>
	<filename>ZELQZNY/TheManWhoLovedTheFaioli.txt</filename>
</book>
<book>
	<author>Zelazny R</author>
	<title>The Monster and the Maiden</title>
	<filename>ZELQZNY/TheMonsterAndTheMaiden.txt</filename>
</book>
<book>
	<author>Zelazny R</author>
	<title>The Night Has 999 Eyes</title>
	<filename>ZELQZNY/TheNightHas999Eyes.txt</filename>
</book>
<book>
	<author>Zelazny R</author>
	<title>The Shroudling and the Guisel</title>
	<filename>ZELQZNY/TheShroudlingAndTheGuisel.txt</filename>
</book>
<book>
	<author>Zelazny R</author>
	<title>This Moment of the Storm</title>
	<filename>ZELQZNY/ThisMomentOfTheStorm.txt</filename>
</book>
<book>
	<author>Zelazny R</author>
	<title>This Mortal Mountain</title>
	<filename>ZELQZNY/ThisMortalMountain.txt</filename>
</book>
<book>
	<author>Желязны Р</author>
	<title>Ленты Титана</title>
	<filename>ZELQZNY/tit_band.txt</filename>
</book>
<book>
	<author>Желязны Р</author>
	<title>Фэнтези и научная фантастика: взгляд писателя</title>
	<filename>ZELQZNY/view.txt</filename>
</book>
<book>
	<author>Желязны Р, Шекли  Р</author>
	<title>Если с Фаустом вам не повезло...</title>
	<filename>ZELQZNY/zelar034.txt</filename>
</book>
<book>
	<author>Желязны Р, Шекли  Р</author>
	<title>Пьеса должна продолжаться</title>
	<filename>ZELQZNY/zelar035.txt</filename>
</book>
<book>
	<author>Желязны Р</author>
	<title>Проблемы Цирцеи</title>
	<filename>ZELQZNY/zelaz1.txt</filename>
</book>
<book>
	<author>Желязны Р</author>
	<title>Коррида</title>
	<filename>ZELQZNY/zelaz2.txt</filename>
</book>
<book>
	<author>Желязны Р</author>
	<title>Коллекционный жар</title>
	<filename>ZELQZNY/zelazny01.txt</filename>
</book>
<book>
	<author>Желязны Р</author>
	<title>Дева и чудовище</title>
	<filename>ZELQZNY/zelazny02.txt</filename>
</book>
<book>
	<author>Желязны Р</author>
	<title>Любовь - одно воображение</title>
	<filename>ZELQZNY/zelazny03.txt</filename>
</book>
<book>
	<author></author>
	<title>Roger Zelazny, In Memorium</title>
	<filename>ZELQZNY/zelaznym.txt</filename>
</book>
<book>
	<author></author>
	<title>Roger Zelazny Page</title>
	<filename>ZELQZNY/zelazny.txt</filename>
</book>
<book>
	<author></author>
	<title>Roger Zelazny Interview</title>
	<filename>ZELQZNY/zelinter.txt</filename>
</book>
<book>
	<author></author>
	<title>Житинский Александр Николаевич</title>
	<filename>ZHITINSKIJ/about.txt</filename>
</book>
<book>
	<author></author>
	<title>Библиография Александра Житинского</title>
	<filename>ZHITINSKIJ/biblio.txt</filename>
</book>
<book>
	<author>Житинский А</author>
	<title>Параллельный мальчик</title>
	<filename>ZHITINSKIJ/boy.txt</filename>
</book>
<book>
	<author>Житинский А</author>
	<title>Внук доктора Борменталя</title>
	<filename>ZHITINSKIJ/dr_borm.txt</filename>
</book>
<book>
	<author>Житинский А</author>
	<title>Дитя эпохи</title>
	<filename>ZHITINSKIJ/epoch.txt</filename>
</book>
<book>
	<author>Житинский А</author>
	<title>Лестница</title>
	<filename>ZHITINSKIJ/lestnica.txt</filename>
</book>
<book>
	<author>Житинский А</author>
	<title>Элегия Массне</title>
	<filename>ZHITINSKIJ/massne.txt</filename>
</book>
<book>
	<author>Житинский А</author>
	<title>Потерянный дом или Разговоры с Милордом. Части 3,4</title>
	<filename>ZHITINSKIJ/milord2.txt</filename>
</book>
<book>
	<author>Житинский А</author>
	<title>Потерянный дом или Разговоры с Милордом. Части 1,2 </title>
	<filename>ZHITINSKIJ/milord.txt</filename>
</book>
<book>
	<author>Зюскинд П</author>
	<title>Литературная амнезия</title>
	<filename>ZUSKIND/amnezia.txt</filename>
</book>
<book>
	<author>Зюскинд П</author>
	<title>Тяга к глубине</title>
	<filename>ZUSKIND/glubina.txt</filename>
</book>
<book>
	<author>Зюскинд П</author>
	<title>Поединок</title>
	<filename>ZUSKIND/kampf.txt</filename>
</book>
<book>
	<author>Зюскинд П</author>
	<title>Парфюмер. История одного убийцы</title>
	<filename>ZUSKIND/parfumer.txt</filename>
</book>
<book>
	<author>Звягинцев В</author>
	<title>Бои местного значения</title>
	<filename>ZWQGINCEW/boi.txt</filename>
</book>
<book>
	<author>Звягинцев В</author>
	<title>Бульдоги под ковром</title>
	<filename>ZWQGINCEW/BuldogiPodKovrom.txt</filename>
</book>
<book>
	<author>Звягинцев В</author>
	<title>Одиссей покидает Итаку. Книга 1</title>
	<filename>ZWQGINCEW/OdisseyPokidaetItaku1.txt</filename>
</book>
<book>
	<author>Звягинцев В</author>
	<title>Одиссей покидает Итаку. Книга 2</title>
	<filename>ZWQGINCEW/OdisseyPokidaetItaku2.txt</filename>
</book>
<book>
	<author>Звягинцев В</author>
	<title>Право на смерть</title>
	<filename>ZWQGINCEW/PravoNaSmert.txt</filename>
</book>
<book>
	<author>Звягинцев В</author>
	<title>Разведка боем</title>
	<filename>ZWQGINCEW/razvedka.txt</filename>
</book>
<book>
	<author>Звягинцев В</author>
	<title>Вихри Валгаллы</title>
	<filename>ZWQGINCEW/valgalla.txt</filename>
</book>

</books>

