<?xml version="1.0" encoding="UTF-8" ?>
<books>
<book>
	<author>Гамильтон Э</author>
	<title>На закате мира</title>
	<filename>GAMILTON/atsunset.txt</filename>
</book>
<book>
	<author>Гамильтон Э</author>
	<title>Битва империи</title>
	<filename>GAMILTON/bitwa.txt</filename>
</book>
<book>
	<author>Гамильтон Э</author>
	<title>Молот Валькаров</title>
	<filename>GAMILTON/molot.txt</filename>
</book>
<book>
	<author>Гамильтон Э</author>
	<title>Отверженный</title>
	<filename>GAMILTON/poe.txt</filename>
</book>
<book>
	<author>Гамильтон Э</author>
	<title>Эволюция доктора Полларда</title>
	<filename>GAMILTON/polard.txt</filename>
</book>
<book>
	<author>Гамильтон Э</author>
	<title>Реквием</title>
	<filename>GAMILTON/rekwiem.txt</filename>
</book>
<book>
	<author>Гамильтон Э</author>
	<title>Город на краю света</title>
	<filename>GAMILTON/sity.txt</filename>
</book>
<book>
	<author>Гамильтон Э</author>
	<title>Звездный волк</title>
	<filename>GAMILTON/starwolf.txt</filename>
</book>
<book>
	<author>Гаррисон Г</author>
	<title>От каждого - по способностям</title>
	<filename>GARRISON/abilitie.txt</filename>
</book>
<book>
	<author>Гаррисон Г</author>
	<title>Мастер на все руки</title>
	<filename>GARRISON/accordin.txt</filename>
</book>
<book>
	<author>Гаррисон Г</author>
	<title>Смертные муки пришельца</title>
	<filename>GARRISON/al_agony.txt</filename>
</book>
<book>
	<author>Гаррисон Г</author>
	<title>Беглец</title>
	<filename>GARRISON/beglec.txt</filename>
</book>
<book>
	<author>Гаррисон Г</author>
	<title>Билл - Герой Галактики</title>
	<filename>GARRISON/bill_1.txt</filename>
</book>
<book>
	<author>Гаррисон Г</author>
	<title>Билл, герой Галактики, отправляется в свой первый отпуск</title>
	<filename>GARRISON/bill_2.txt</filename>
</book>
<book>
	<author>Гаррисон Г</author>
	<title>Билл, герой галактики, на планете роботов-рабов</title>
	<filename>GARRISON/bill_3.txt</filename>
</book>
<book>
	<author>Гаррисон Г, Шекли  Р</author>
	<title>Билл - Герой Галактики на планете Бутылочных мозгов</title>
	<filename>GARRISON/bill_4.txt</filename>
</book>
<book>
	<author>Гаррисон Г</author>
	<title>Неукротимая планета</title>
	<filename>GARRISON/deathw_1.txt</filename>
</book>
<book>
	<author>Гаррисон Г</author>
	<title>Этический инженер</title>
	<filename>GARRISON/deathw_2.txt</filename>
</book>
<book>
	<author>Гаррисон Г</author>
	<title>Конные варвары</title>
	<filename>GARRISON/deathw_3.txt</filename>
</book>
<book>
	<author>Гаррисон Г</author>
	<title>Запад Эдема</title>
	<filename>GARRISON/edem1.txt</filename>
</book>
<book>
	<author>Гаррисон Г</author>
	<title>Зима в Эдеме</title>
	<filename>GARRISON/edem3.txt</filename>
</book>
<book>
	<author>Гаррисон Г</author>
	<title>Наконец-то правдивая история Франкенштейна</title>
	<filename>GARRISON/frankens.txt</filename>
</book>
<book>
	<author>Гаррисон Г</author>
	<title>Самый великий охотник</title>
	<filename>GARRISON/greahunt.txt</filename>
</book>
<book>
	<author>Гаррисон Г, Шиппи  Т</author>
	<title>Молот и крест</title>
	<filename>GARRISON/hamcross.txt</filename>
</book>
<book>
	<author>Гаррисон Г</author>
	<title>Рука закона</title>
	<filename>GARRISON/handordr.txt</filename>
</book>
<book>
	<author>Гаррисон Г</author>
	<title>Пункт вторжения: Земля</title>
	<filename>GARRISON/invasion.txt</filename>
</book>
<book>
	<author>Гаррисон Г, Холм  Д</author>
	<title>Король и Император</title>
	<filename>GARRISON/krest3.txt</filename>
</book>
<book>
	<author>Гаррисон Г, Холм  Д</author>
	<title>Император и Молот</title>
	<filename>GARRISON/krest4.txt</filename>
</book>
<book>
	<author>Гаррисон Г, Холм  Д</author>
	<title>Крест и король</title>
	<filename>GARRISON/krestikorol.txt</filename>
</book>
<book>
	<author>Гаррисон Г</author>
	<title>Круг недоверия</title>
	<filename>GARRISON/krug.txt</filename>
</book>
<book>
	<author>Гаррисон Г</author>
	<title>Линкор в нафталине</title>
	<filename>GARRISON/linkor.txt</filename>
</book>
<book>
	<author>Гаррисон Г</author>
	<title>"Свинопас"</title>
	<filename>GARRISON/man_pig1.txt</filename>
</book>
<book>
	<author>Гаррисон Г</author>
	<title>Человек из С.В.И.Н. и Р.О.Б.О.Т.</title>
	<filename>GARRISON/man_swin.txt</filename>
</book>
<book>
	<author>Гаррисон Г</author>
	<title>Немой Милтон</title>
	<filename>GARRISON/milton.txt</filename>
</book>
<book>
	<author>Гаррисон Г</author>
	<title>Планета, с которой не возвращаются</title>
	<filename>GARRISON/noreturn.txt</filename>
</book>
<book>
	<author>Гаррисон Г</author>
	<title>Ни войны, ни звуков боя</title>
	<filename>GARRISON/no_war.txt</filename>
</book>
<book>
	<author>Гаррисон Г</author>
	<title>Один шаг с земли</title>
	<filename>GARRISON/one_step.txt</filename>
</book>
<book>
	<author>Гаррисон Г</author>
	<title>Чума из космоса (фрагменты)</title>
	<filename>GARRISON/plague.txt</filename>
</book>
<book>
	<author>Гаррисон Г</author>
	<title>Портрет художника</title>
	<filename>GARRISON/portrait.txt</filename>
</book>
<book>
	<author>Гаррисон Г</author>
	<title>Давление</title>
	<filename>GARRISON/pressure.txt</filename>
</book>
<book>
	<author>Гаррисон Г</author>
	<title>Время для мятежника</title>
	<filename>GARRISON/rebltime.txt</filename>
</book>
<book>
	<author>Гаррисон Г</author>
	<title>Ремонтник</title>
	<filename>GARRISON/repair.txt</filename>
</book>
<book>
	<author>Гаррисон Г</author>
	<title>Робот, который хотел все знать</title>
	<filename>GARRISON/robotwho.txt</filename>
</book>
<book>
	<author>Гаррисон Г</author>
	<title>Проникший в скалы</title>
	<filename>GARRISON/rock_div.txt</filename>
</book>
<book>
	<author>Гаррисон Г</author>
	<title>Увидеть звезды в космосе</title>
	<filename>GARRISON/see_star.txt</filename>
</book>
<book>
	<author>Гаррисон Г</author>
	<title>Чувство долга</title>
	<filename>GARRISON/sens_obl.txt</filename>
</book>
<book>
	<author>Гаррисон Г</author>
	<title>Тренировочный полет</title>
	<filename>GARRISON/simulate.txt</filename>
</book>
<book>
	<author>Гаррисон Г</author>
	<title>Космические крысы ДДД</title>
	<filename>GARRISON/spacerat.txt</filename>
</book>
<book>
	<author>Гаррисон Г</author>
	<title>Стань стальной крысой! (Игра)</title>
	<filename>GARRISON/steelrat_Game.txt</filename>
</book>
<book>
	<author>Гаррисон Г</author>
	<title>Золотые годы Стальной Крысы</title>
	<filename>GARRISON/stelgoldeyears.txt</filename>
</book>
<book>
	<author>Гаррисон Г</author>
	<title>Крыса из нержавеющей стали спасает мир</title>
	<filename>GARRISON/stelrat10.txt</filename>
</book>
<book>
	<author>Гаррисон Г</author>
	<title>Рождение стальной крысы</title>
	<filename>GARRISON/stelrat1.txt</filename>
</book>
<book>
	<author>Гаррисон Г</author>
	<title>Крыса из нержавеющей стали призвана в армию</title>
	<filename>GARRISON/stelrat2.txt</filename>
</book>
<book>
	<author>Гаррисон Г</author>
	<title>Стальная крыса</title>
	<filename>GARRISON/stelrat3.txt</filename>
</book>
<book>
	<author>Гаррисон Г</author>
	<title>Месть крысы из нержавеющей стали</title>
	<filename>GARRISON/stelrat5.txt</filename>
</book>
<book>
	<author>Гаррисон Г</author>
	<title>Ты нужен стальной крысе!</title>
	<filename>GARRISON/stelrat6.txt</filename>
</book>
<book>
	<author>Гаррисон Г</author>
	<title>Стальную крысу - в президенты</title>
	<filename>GARRISON/stelrat7.txt</filename>
</book>
<book>
	<author>Гаррисон Г</author>
	<title>Стальная крыса поет блюз</title>
	<filename>GARRISON/stelrat8.txt</filename>
</book>
<book>
	<author>Гаррисон Г</author>
	<title>Стальная крыса на манеже</title>
	<filename>GARRISON/stelrat9.txt</filename>
</book>
<book>
	<author>Гаррисон Г</author>
	<title>Стальная крыса отправляется в ад</title>
	<filename>GARRISON/stelrathell.txt</filename>
</book>
<book>
	<author>Гаррисон Г</author>
	<title>Уцелевшая планета</title>
	<filename>GARRISON/survival.txt</filename>
</book>
<book>
	<author>Гаррисон Г</author>
	<title>Фантастическая сага</title>
	<filename>GARRISON/timemach.txt</filename>
</book>
<book>
	<author>Гаррисон Г</author>
	<title>Мир Родины</title>
	<filename>GARRISON/to_star1.txt</filename>
</book>
<book>
	<author>Гаррисон Г</author>
	<title>Мир на колесах</title>
	<filename>GARRISON/to_star2.txt</filename>
</book>
<book>
	<author>Гаррисон Г</author>
	<title>Возвращение к звездам</title>
	<filename>GARRISON/to_star3.txt</filename>
</book>
<book>
	<author>Гаррисон Г, Мински  М</author>
	<title>Выбор по Тьюрингу</title>
	<filename>GARRISON/turing.txt</filename>
</book>
<book>
	<author>Гаррисон Г</author>
	<title>Плененная вселенная</title>
	<filename>GARRISON/universe.txt</filename>
</book>
<book>
	<author>Гашек Я</author>
	<title>Футбольный матч</title>
	<filename>GASHEK/futbol.txt</filename>
</book>
<book>
	<author>Гашек Я</author>
	<title>Похождения бравого солдата Швейка. Части 1,2</title>
	<filename>GASHEK/shveik1.txt</filename>
</book>
<book>
	<author>Гашек Я</author>
	<title>Похождения, бравого солдата Швейка. Часть 3,4</title>
	<filename>GASHEK/shvejk3.txt</filename>
</book>
<book>
	<author>Гашек Я</author>
	<title>Социальные различия</title>
	<filename>GASHEK/social.txt</filename>
</book>
<book>
	<author>Гессе Г</author>
	<title>Игра в бисер</title>
	<filename>GESSE/biser0.txt</filename>
</book>
<book>
	<author>Гессе Г</author>
	<title>Игра в бисер</title>
	<filename>GESSE/biser.txt</filename>
</book>
<book>
	<author>Гессе Г</author>
	<title>Книжный человек</title>
	<filename>GESSE/chelowek.txt</filename>
</book>
<book>
	<author>Гессе Г</author>
	<title>О Степном волке</title>
	<filename>GESSE/owolke.txt</filename>
</book>
<book>
	<author>Гессе Г</author>
	<title>Сказки, легенды, притчи (11 рассказов)</title>
	<filename>GESSE/skazki.txt</filename>
</book>
<book>
	<author>Гессе Г</author>
	<title>О старости</title>
	<filename>GESSE/starost.txt</filename>
</book>
<book>
	<author>Гессе Г</author>
	<title>Стихотворение</title>
	<filename>GESSE/stihi.txt</filename>
</book>
<book>
	<author>Гессе Г</author>
	<title>Паломничество в страну Востока</title>
	<filename>GESSE/vostok.txt</filename>
</book>
<book>
	<author>Гессе Г</author>
	<title>Степной волк</title>
	<filename>GESSE/wolf.txt</filename>
</book>
<book>
	<author>Гессе Г</author>
	<title>Волк</title>
	<filename>GESSE/wolk.txt</filename>
</book>
<book>
	<author>Геворкян Э</author>
	<title>Времена негодяев</title>
	<filename>GEWORKQN/rasctime.txt</filename>
</book>
<book>
	<author>Геворкян Э</author>
	<title>Черный стерх</title>
	<filename>GEWORKQN/sterh.txt</filename>
</book>
<book>
	<author>Гибсон У</author>
	<title>Сожжение хром</title>
	<filename>GIBSON/brnchrom.txt</filename>
</book>
<book>
	<author>Гибсон У</author>
	<title>Граф ноль</title>
	<filename>GIBSON/countzero.txt</filename>
</book>
<book>
	<author>Gibson W</author>
	<title>Fragments of A Hologram Rose</title>
	<filename>GIBSON/frag_rose.txt</filename>
</book>
<book>
	<author>Гибсон У</author>
	<title>Нейромантик</title>
	<filename>GIBSON/gibso01.txt</filename>
</book>
<book>
	<author>Гибсон У</author>
	<title>Отель "Новая роза"</title>
	<filename>GIBSON/hotelru.txt</filename>
</book>
<book>
	<author>Gibson W</author>
	<title>New Rose hotel</title>
	<filename>GIBSON/hotel.txt</filename>
</book>
<book>
	<author>Gibson W</author>
	<title>Johnny Mnemonic</title>
	<filename>GIBSON/j_mnem.txt</filename>
</book>
<book>
	<author>Гибсон У</author>
	<title>Джонни Мнемоник</title>
	<filename>GIBSON/johnmnem.txt</filename>
</book>
<book>
	<author>Гибсон У</author>
	<title>Мона Лиза Овердрайв</title>
	<filename>GIBSON/monaliza.txt</filename>
</book>
<book>
	<author>Gibson W</author>
	<title>Neuromancer</title>
	<filename>GIBSON/neuromancer.txt</filename>
</book>
<book>
	<author></author>
	<title>Текст удален</title>
	<filename>GIBSON/neurorom.txt</filename>
</book>
<book>
	<author>Гибсон У</author>
	<title>Зимний рынок</title>
	<filename>GIBSON/winmarket.txt</filename>
</book>
<book>
	<author>Гофман Э Т А</author>
	<title>Эликсиры сатаны</title>
	<filename>GOFMAN/gofman1.txt</filename>
</book>
<book>
	<author>Гоголь Н В</author>
	<title>Ревизор</title>
	<filename>GOGOL/gorewizor.txt</filename>
</book>
<book>
	<author>Гоголь Н В</author>
	<title>Вечера на хуторе близ Диканьки, часть первая</title>
	<filename>GOGOL/vechera1.txt</filename>
</book>
<book>
	<author>Гоголь Н В</author>
	<title>Вечера на хуторе близ Диканьки, часть вторая</title>
	<filename>GOGOL/vechera2.txt</filename>
</book>
<book>
	<author>Голдинг У</author>
	<title>Чрезвычайный посол</title>
	<filename>GOLDING/envoy.txt</filename>
</book>
<book>
	<author>Голдинг У</author>
	<title>Повелитель мух</title>
	<filename>GOLDING/masterflyes.txt</filename>
</book>
<book>
	<author>Голдинг У</author>
	<title>Шпиль</title>
	<filename>GOLDING/spire.txt</filename>
</book>
<book>
	<author>Гайдар А</author>
	<title>Сказка про военную тайну, Мальчиша-Кибальчиша и его  твердое слово</title>
	<filename>GOLIKOW/boy-kib.txt</filename>
</book>
<book>
	<author>Голиков А</author>
	<title>В дни поражений и побед</title>
	<filename>GOLIKOW/golik01.txt</filename>
</book>
<book>
	<author>Гайдар А</author>
	<title>Тимур и его команда</title>
	<filename>GOLIKOW/timur.txt</filename>
</book>
<book>
	<author>Говард Р</author>
	<title>Альмарик</title>
	<filename>GOWARD/almarik.txt</filename>
</book>
<book>
	<author>Говард Р</author>
	<title>Конан, варвар из Киммерии</title>
	<filename>GOWARD/conan.txt</filename>
</book>
<book>
	<author>Брайан Д</author>
	<title>Диадема богини</title>
	<filename>GOWARD/goddess.txt</filename>
</book>
<book>
	<author>Говард Р</author>
	<title>Голуби преисподней</title>
	<filename>GOWARD/hellpig.txt</filename>
</book>
<book>
	<author>Котилевский Ю</author>
	<title>Текстография "Саги о Конане"</title>
	<filename>GOWARD/konaniana.txt</filename>
</book>
<book>
	<author>Говард Р</author>
	<title>Мечи пурпурного царства</title>
	<filename>GOWARD/mechi.txt</filename>
</book>
<book>
	<author>Карпентер Л</author>
	<title>Полководец</title>
	<filename>GOWARD/polkowodec.txt</filename>
</book>
<book>
	<author>Говард Р</author>
	<title>Рассказы</title>
	<filename>GOWARD/rasskazy.txt</filename>
</book>
<book>
	<author>Джордан Р</author>
	<title>Конан-заступник</title>
	<filename>GOWARD/shadow.txt</filename>
</book>
<book>
	<author>Картер Л, Камп  С д</author>
	<title>Тварь в склепе</title>
	<filename>GOWARD/sklep.txt</filename>
</book>
<book>
	<author>Камп С Д, Картер  Л</author>
	<title>Тварь в склепе</title>
	<filename>GOWARD/thing.txt</filename>
</book>
<book>
	<author>Губерман И</author>
	<title>Гарики на каждый день. Том 1</title>
	<filename>GUBERMAN/gariki1.txt</filename>
</book>
<book>
	<author>Губерман И</author>
	<title>Гарики на каждый день. Том 2</title>
	<filename>GUBERMAN/gariki2.txt</filename>
</book>
<book>
	<author>Губерман И</author>
	<title> Иерусалимские гарики</title>
	<filename>GUBERMAN/gariki.txt</filename>
</book>
<book>
	<author></author>
	<title></title>
	<filename>GUBERMAN/garik.txt</filename>
</book>
<book>
	<author>Губерман И</author>
	<title>Давно пора, ебена мать, умом россию понимать!</title>
	<filename>GUBERMAN/guberman.txt</filename>
</book>
<book>
	<author>Гудкайнд Т</author>
	<title>Первое правило волшебника (Главы 1-29)</title>
	<filename>GUDKAJND/gudki1_1.txt</filename>
</book>
<book>
	<author>Гудкайнд Т</author>
	<title>Первое правило волшебника (Главы 30-45)</title>
	<filename>GUDKAJND/gudki1_2.txt</filename>
</book>
<book>
	<author></author>
	<title>Николай Гумилев: Краткая литературно-биографическая хроника</title>
	<filename>GUMILEW/biblio.txt</filename>
</book>
<book>
	<author>Гумилев Н</author>
	<title>Путешествие в страну эфира</title>
	<filename>GUMILEW/efir.txt</filename>
</book>
<book>
	<author>Гумилев Н</author>
	<title>Поэтические сборники</title>
	<filename>GUMILEW/gumilev.txt</filename>
</book>
<book>
	<author>Гумилев Л Н</author>
	<title>Древняя Русь и Великая степь</title>
	<filename>GUMILEW_LN/args.txt</filename>
</book>
<book>
	<author>Гумилев Л</author>
	<title>Место исторической географии в востоковедных исследованиях</title>
	<filename>GUMILEW_LN/article13.txt</filename>
</book>
<book>
	<author>Гумилев Л</author>
	<title>Этно-ландшафтные регионы Евразии за исторический период</title>
	<filename>GUMILEW_LN/article14.txt</filename>
</book>
<book>
	<author>Гумилев Л</author>
	<title>Изменения климата и миграции кочевников</title>
	<filename>GUMILEW_LN/article15.txt</filename>
</book>
<book>
	<author>Гумилев Л</author>
	<title>Люди и природа Великой степи</title>
	<filename>GUMILEW_LN/article16.txt</filename>
</book>
<book>
	<author>Гумилев Л</author>
	<title>Гетерохронность увлажнения Евразии в древности</title>
	<filename>GUMILEW_LN/article17.txt</filename>
</book>
<book>
	<author>Гумилев Л</author>
	<title>Гетерохронность увлажнения Евразии в Средние века</title>
	<filename>GUMILEW_LN/article18.txt</filename>
</book>
<book>
	<author>Гумилев Л Н</author>
	<title>Троецарствие в Китае</title>
	<filename>GUMILEW_LN/article20.txt</filename>
</book>
<book>
	<author>Гумилев Л Н</author>
	<title>Некоторые вопросы истории хуннов</title>
	<filename>GUMILEW_LN/article23.txt</filename>
</book>
<book>
	<author>Гумилев Л Н</author>
	<title>Хунно-китайская война III-II вв. до н.э.</title>
	<filename>GUMILEW_LN/article24.txt</filename>
</book>
<book>
	<author>Гумилев Л Н</author>
	<title>Таласская битва 36 г. до н.э.</title>
	<filename>GUMILEW_LN/article25.txt</filename>
</book>
<book>
	<author>Гумилев Л Н</author>
	<title>Динлинская проблема</title>
	<filename>GUMILEW_LN/article26.txt</filename>
</book>
<book>
	<author>Гумилев Л</author>
	<title>Хунны в Азии и Европе</title>
	<filename>GUMILEW_LN/hunny.txt</filename>
</book>
<book>
	<author>Гумилев Л</author>
	<title>Ритмы Евразии</title>
	<filename>GUMILEW_LN/ritmy.txt</filename>
</book>
<book>
	<author>Гумилев Л Н</author>
	<title>Поиски вымышленного царства</title>
	<filename>GUMILEW_LN/sik.txt</filename>
</book>
<book>
	<author>Гумилев Л</author>
	<title>Спор с поэтом</title>
	<filename>GUMILEW_LN/stat_spor.txt</filename>
</book>
<book>
	<author>Гумилев Л</author>
	<title>Поколение ветеранов</title>
	<filename>GUMILEW_LN/veterans.txt</filename>
</book>
<book>
	<author>Гумилев Н</author>
	<title>Сборник стихов</title>
	<filename>GUMILEW/stihi.txt</filename>
</book>
<book>
	<author>Гумилев Н</author>
	<title>Скрипка Страдивариуса</title>
	<filename>GUMILEW/violin.txt</filename>
</book>
<book>
	<author>Гумилев Н</author>
	<title>Принцесса Зара</title>
	<filename>GUMILEW/zara.txt</filename>
</book>

</books>

