<?xml version="1.0" encoding="UTF-8" ?>
<books>



<book>
	<author>Хаецкая Е</author>
	<title>Атаульф и другие. Готский для всех</title>
	<filename>HAECKAQ/atawulf.txt</filename>
</book>
<book>
	<author>Хаецкая Е</author>
	<title>Священный поход</title>
	<filename>HAECKAQ/campaign.txt</filename>
</book>
<book>
	<author>Хаецкая Е</author>
	<title>Желтый камень Зират</title>
	<filename>HAECKAQ/coda1.txt</filename>
</book>
<book>
	<author>Хаецкая Е</author>
	<title>Чудовище Южных Окраин</title>
	<filename>HAECKAQ/coda2.txt</filename>
</book>
<book>
	<author>Хаецкая Е</author>
	<title>Завоеватели</title>
	<filename>HAECKAQ/conquer1.txt</filename>
</book>
<book>
	<author>Хаецкая Е</author>
	<title>Возвращение в Ахен</title>
	<filename>HAECKAQ/conquer2.txt</filename>
</book>
<book>
	<author>Хаецкая Е</author>
	<title>Человек по имени Беда</title>
	<filename>HAECKAQ/disaster.txt</filename>
</book>
<book>
	<author>Хаецкая Е</author>
	<title>Прах</title>
	<filename>HAECKAQ/dust.txt</filename>
</book>
<book>
	<author>Хаецкая Е</author>
	<title>Обретение Энкиду</title>
	<filename>HAECKAQ/enkidu.txt</filename>
</book>
<book>
	<author>Брайан Д</author>
	<title>Диадема богини</title>
	<filename>HAECKAQ/goddess.txt</filename>
</book>
<book>
	<author>Хаецкая Е</author>
	<title>Хальдор из Светлого города</title>
	<filename>HAECKAQ/haldor.txt</filename>
</book>
<book>
	<author>Хаецкая Е</author>
	<title>Хелот из Лангедока</title>
	<filename>HAECKAQ/helot.txt</filename>
</book>
<book>
	<author>Хаецкая Е</author>
	<title>Судья неподкупный</title>
	<filename>HAECKAQ/judge.txt</filename>
</book>
<book>
	<author>Хаецкая Е</author>
	<title>Мирра и дьявол</title>
	<filename>HAECKAQ/myrra.txt</filename>
</book>
<book>
	<author>Хаецкая Е</author>
	<title>Свора пропащих</title>
	<filename>HAECKAQ/obscur_1.txt</filename>
</book>
<book>
	<author>Хаецкая Е</author>
	<title>Ведьма</title>
	<filename>HAECKAQ/obscur_2.txt</filename>
</book>
<book>
	<author>Хаецкая Е</author>
	<title>Дорога</title>
	<filename>HAECKAQ/obscur_3.txt</filename>
</book>
<book>
	<author>Хаецкая Е</author>
	<title>Девочки из колодца</title>
	<filename>HAECKAQ/pitgirls.txt</filename>
</book>
<book>
	<author>Хаецкая Е</author>
	<title>Предисловие/послесловие к "Синим стрекозам Вавилона"</title>
	<filename>HAECKAQ/preface.txt</filename>
</book>
<book>
	<author>Хаецкая Е</author>
	<title>Семеро праведных в раю хозяина</title>
	<filename>HAECKAQ/sevnjust.txt</filename>
</book>
<book>
	<author>Брайан Д</author>
	<title>Песня снегов</title>
	<filename>HAECKAQ/snowsong.txt</filename>
</book>
<book>
	<author>Хаецкая Е</author>
	<title>Сентиментальная прогулка</title>
	<filename>HAECKAQ/walk.txt</filename>
</book>
<book>
	<author>Хаецкая Е</author>
	<title>Ульфила</title>
	<filename>HAECKAQ/wulfila.txt</filename>
</book>
<book>
	<author>Хаггард Г Р</author>
	<title>Неравный поединок</title>
	<filename>HAGGARD/haggah05.txt</filename>
</book>
<book>
	<author>Хаггард Г Р</author>
	<title>Рассказ охотника Куотермена</title>
	<filename>HAGGARD/haggah06.txt</filename>
</book>
<book>
	<author>Хаггард Р</author>
	<title>Нада</title>
	<filename>HAGGARD/nada.txt</filename>
</book>
<book>
	<author>Хаггард Р</author>
	<title>Аллан Кватермэн</title>
	<filename>HAGGARD/quoterman.txt</filename>
</book>
<book>
	<author>Державин В</author>
	<title>Поэзия мудрости</title>
	<filename>HAJAM/bio.txt</filename>
</book>
<book>
	<author>Хайям О</author>
	<title>Рубайят</title>
	<filename>HAJAM/hajam2.txt</filename>
</book>
<book>
	<author>Хайям О</author>
	<title>Рубаи</title>
	<filename>HAJAM/omar.txt</filename>
</book>
<book>
	<author>Хэмбли Б</author>
	<title>Башня Тишины</title>
	<filename>HAMBLY/bashnq.txt</filename>
</book>
<book>
	<author></author>
	<title>Novels by Barbara Hambly</title>
	<filename>HAMBLY/bibliography.txt</filename>
</book>
<book>
	<author></author>
	<title>Барбара Хэмбли</title>
	<filename>HAMBLY/biography.txt</filename>
</book>
<book>
	<author>Hambly B</author>
	<title>Bride of the Rat God</title>
	<filename>HAMBLY/brige.txt</filename>
</book>
<book>
	<author>Хэмбли Б</author>
	<title>Время тьмы</title>
	<filename>HAMBLY/darwath1.txt</filename>
</book>
<book>
	<author>Хэмбли Б</author>
	<title>Стены воздуха</title>
	<filename>HAMBLY/darwath2.txt</filename>
</book>
<book>
	<author>Хэмбли Б</author>
	<title>Драконья погибель</title>
	<filename>HAMBLY/dragon.txt</filename>
</book>
<book>
	<author>Хэмбли Б</author>
	<title>Дети Джедаев</title>
	<filename>HAMBLY/jeday.txt</filename>
</book>
<book>
	<author></author>
	<title>Links to other Barbara Hambly information</title>
	<filename>HAMBLY/links.txt</filename>
</book>
<book>
	<author>Хэмбли Б</author>
	<title>Силиконовый маг</title>
	<filename>HAMBLY/silimag.txt</filename>
</book>
<book>
	<author>Hambly B</author>
	<title>Traveling with the dead</title>
	<filename>HAMBLY/travelin.txt</filename>
</book>
<book>
	<author>Хэмбли Б</author>
	<title>Те, кто охотится в ночи</title>
	<filename>HAMBLY/vampire.txt</filename>
</book>
<book>
	<author>Хармс Д</author>
	<title>Рассказы и повести</title>
	<filename>HARMS/harms.txt</filename>
</book>
<book>
	<author>Хармс Д</author>
	<title>Старуха</title>
	<filename>HARMS/staruha.txt</filename>
</book>
<book>
	<author></author>
	<title>Страсти по HarryFan CD Игоря Загуменного</title>
	<filename>HARRYFAN/harstr.txt</filename>
</book>
<book>
	<author></author>
	<title>Полный индекс архива HarryFan Text colection 1.0 CD</title>
	<filename>HARRYFAN/zaginost.txt</filename>
</book>
<book>
	<author>Хайдеггер М</author>
	<title>Проселок</title>
	<filename>HEIDEGGER/bypath.txt</filename>
</book>
<book>
	<author>Хайдеггер М</author>
	<title>Бытие и время</title>
	<filename>HEIDEGGER/bytie.txt</filename>
</book>
<book>
	<author>Хайдеггер М</author>
	<title>Отрешенность</title>
	<filename>HEIDEGGER/gelassen.txt</filename>
</book>
<book>
	<author>Хайдеггер М</author>
	<title>О тайне башни со звоном</title>
	<filename>HEIDEGGER/mystery.txt</filename>
</book>
<book>
	<author></author>
	<title>Библиография Фрэнка Херберта</title>
	<filename>HERBERT/bibliography.txt</filename>
</book>
<book>
	<author>Херберт Ф</author>
	<title>Дюна</title>
	<filename>HERBERT/dune_1.txt</filename>
</book>
<book>
	<author>Херберт Ф</author>
	<title>Мессия Дюны</title>
	<filename>HERBERT/dune_2.txt</filename>
</book>
<book>
	<author>Херберт Ф</author>
	<title>Дети Дюны</title>
	<filename>HERBERT/dune_3.txt</filename>
</book>
<book>
	<author>Херберт Ф</author>
	<title>Бог - император Дюны</title>
	<filename>HERBERT/dune_4.txt</filename>
</book>
<book>
	<author>Херберт Ф</author>
	<title>Еретики Дюны</title>
	<filename>HERBERT/dune_5.txt</filename>
</book>
<book>
	<author>Херберт Ф</author>
	<title>Дом глав Дюны</title>
	<filename>HERBERT/dune_6.txt</filename>
</book>
<book>
	<author>Херберт Ф</author>
	<title>Ловец душ</title>
	<filename>HERBERT/soul_cat.txt</filename>
</book>
<book>
	<author>Херберт Ф</author>
	<title>Звезда под бичом</title>
	<filename>HERBERT/whipestar.txt</filename>
</book>
<book>
	<author>Бородин С</author>
	<title>Дмитрий Донской</title>
	<filename>HIST/BORODIN_S/donskoj.txt</filename>
</book>
<book>
	<author></author>
	<title>Иванов Валентин Дмитриевич: об авторе</title>
	<filename>HIST/IWANOW/about.txt</filename>
</book>
<book>
	<author>Иванов В Д</author>
	<title>Повести древних лет</title>
	<filename>HIST/IWANOW/povesti.txt</filename>
</book>
<book>
	<author>Иванов В Д</author>
	<title>Русь Изначальная (том 1)</title>
	<filename>HIST/IWANOW/rus_izn1.txt</filename>
</book>
<book>
	<author>Иванов В Д</author>
	<title>Русь Изначальная (том 2)</title>
	<filename>HIST/IWANOW/rus_izn2.txt</filename>
</book>
<book>
	<author>Иванов В Д</author>
	<title>Русь Великая</title>
	<filename>HIST/IWANOW/rus_vel.txt</filename>
</book>
<book>
	<author>Калашников И</author>
	<title>Жестокий век. Гонимые</title>
	<filename>HIST/KALASHNIKOW/zv_b1.txt</filename>
</book>
<book>
	<author>Калашников И</author>
	<title>Жестокий век. Гонители</title>
	<filename>HIST/KALASHNIKOW/zv_b2.txt</filename>
</book>
<book>
	<author>Новиков-Прибой А С</author>
	<title>У дальних берегов</title>
	<filename>HIST/NOWIKOWPRIBOJ/berega.txt</filename>
</book>
<book>
	<author>Сун-чжон К, Пиков  Г Г</author>
	<title>Жан Кальвин и некоторые проблемы швейцарской Реформации</title>
	<filename>HISTORY/CALVIN/calvin.txt</filename>
</book>
<book>
	<author>Кравченко С</author>
	<title>Кривая Империя. Книга 1: Князья и Цари</title>
	<filename>HISTORY/KRAWCHENKO/imperia1.txt</filename>
</book>
<book>
	<author>Лебединский М Ю</author>
	<title>К вопросу об истории древнерусской народности</title>
	<filename>HISTORY/LEBEDINSKIJ/istrus.txt</filename>
</book>
<book>
	<author>Лебединский М Ю</author>
	<title>Хроника рода князей Мышецких</title>
	<filename>HISTORY/LEBEDINSKIJ/myshec.txt</filename>
</book>
<book>
	<author>Лебединский М Ю</author>
	<title>Полисферный дуализм</title>
	<filename>HISTORY/LEBEDINSKIJ/polsfer.txt</filename>
</book>
<book>
	<author>Лебединский М Ю</author>
	<title>От пращуров моих... (1-я часть)</title>
	<filename>HISTORY/LEBEDINSKIJ/rodber1.txt</filename>
</book>
<book>
	<author>Платонов С Ф</author>
	<title>Полный курс лекций по русской истории</title>
	<filename>HISTORY/PLATONOWS/russianhist.txt</filename>
</book>
<book>
	<author>Поршнев Б Ф</author>
	<title>О начале человеческой истории</title>
	<filename>HISTORY/PORSHNEW/paleopsy.txt</filename>
</book>
<book>
	<author></author>
	<title>Слово о полку Игореве</title>
	<filename>HISTORY/RUSSIA/SLOWO/slowo.txt</filename>
</book>
<book>
	<author></author>
	<title>Велесова книга</title>
	<filename>HISTORY/RUSSIA/veles.txt</filename>
</book>
<book>
	<author>Шерман А</author>
	<title>Солдатики удачи</title>
	<filename>HISTORY/soldatik.txt</filename>
</book>
<book>
	<author>Тесленко О</author>
	<title>Агония "Бородино" (фрагмент)</title>
	<filename>HISTORY/TESLENKO/borodino.txt</filename>
</book>
<book>
	<author>Тойнби А</author>
	<title>Постижение истории (Часть 1)</title>
	<filename>HISTORY/TOYNBEE/history.txt</filename>
</book>
<book>
	<author>Волкогонов Д</author>
	<title>Триумф и трагедия. Политический портрет И.В.Сталина (книга 2)</title>
	<filename>HISTORY/WOLKOGONOW/volkogonov1.txt</filename>
</book>
<book>
	<author></author>
	<title>Античный военно-технический словарь</title>
	<filename>HISTORY/XLEGION/voco.txt</filename>
</book>
<book>
	<author>Соротокина Н</author>
	<title>Трое из навигацкой школы</title>
	<filename>HIST/SOROTOKINA/gardemariny1.txt</filename>
</book>
<book>
	<author>Соротокина Н</author>
	<title>Свидание с Петербургом</title>
	<filename>HIST/SOROTOKINA/gardemariny2.txt</filename>
</book>
<book>
	<author>Соротокина Н</author>
	<title>Погружение</title>
	<filename>HIST/SOROTOKINA/porgruzhenie.txt</filename>
</book>
<book>
	<author>Хлумов В</author>
	<title>Мезозойская История</title>
	<filename>HLUMOW/mezozoj.txt</filename>
</book>
<book>
	<author>Budyon M A D</author>
	<title>Гитлер и Христос</title>
	<filename>HRISTIAN/ATH/h_c.txt</filename>
</book>
<book>
	<author>Августин А</author>
	<title>О предопределении святых</title>
	<filename>HRISTIAN/awgustin.txt</filename>
</book>
<book>
	<author>Бердяев Н А</author>
	<title>Философская истина и интеллигентская правда</title>
	<filename>HRISTIAN/BERDQEW/berd2.txt</filename>
</book>
<book>
	<author>Бердяев Н А</author>
	<title>Духи русской революции</title>
	<filename>HRISTIAN/BERDQEW/duhi.txt</filename>
</book>
<book>
	<author>Соломон</author>
	<title>Экклезиаст</title>
	<filename>HRISTIAN/ekkleziast.txt</filename>
</book>
<book>
	<author>Аргивинянин Ф</author>
	<title>Тайна пророка из Назарета</title>
	<filename>HRISTIAN/fales.txt</filename>
</book>
<book>
	<author>Бычков Ю А</author>
	<title>Отношение к Богу как к нерешенной задаче</title>
	<filename>HRISTIAN/filosofia.txt</filename>
</book>
<book>
	<author>Фроренский П</author>
	<title>Отец Алексей Мечев</title>
	<filename>HRISTIAN/FLORENSKIJ/st_mechew.txt</filename>
</book>
<book>
	<author>Гармаев А</author>
	<title>Нравственная психология и педагогика</title>
	<filename>HRISTIAN/GARMAEW/nrawstw.txt</filename>
</book>
<book>
	<author>Горичева Т</author>
	<title>Об обновленчестве, экуменизме и "политграмотности" верующих</title>
	<filename>HRISTIAN/gorichewa.txt</filename>
</book>
<book>
	<author>Худиев С</author>
	<title>Об уверенности в спасении</title>
	<filename>HRISTIAN/hudiew.txt</filename>
</book>
<book>
	<author>Мень А</author>
	<title>Сын Человеческий</title>
	<filename>HRISTIAN/ikonogr.txt</filename>
</book>
<book>
	<author></author>
	<title>Пастырь добрый венок на могилу Иоанна (митрополита Санкт-Петербургского и Ладожского)</title>
	<filename>HRISTIAN/ioann_spb.txt</filename>
</book>
<book>
	<author>Бердяев Н</author>
	<title>Истина Православия</title>
	<filename>HRISTIAN/istina.txt</filename>
</book>
<book>
	<author>Косидовский З</author>
	<title>Сказания евангелистов</title>
	<filename>HRISTIAN/KOSIDOWSKIJ/ewandelisty.txt</filename>
</book>
<book>
	<author>Косидовский З</author>
	<title>Библейские сказания</title>
	<filename>HRISTIAN/KOSIDOWSKIJ/skazaniya.txt</filename>
</book>
<book>
	<author>Лосев А Ф</author>
	<title>Из "Дополнений к диалектике мифа"</title>
	<filename>HRISTIAN/losev.txt</filename>
</book>
<book>
	<author>Мень А</author>
	<title>Кредо о. Александра</title>
	<filename>HRISTIAN/menkred.txt</filename>
</book>
<book>
	<author>Мень А</author>
	<title>Христианство (лекция)</title>
	<filename>HRISTIAN/mennhr.txt</filename>
</book>
<book>
	<author>Илии" Р "</author>
	<title>История христианства и число 6<v></v>66</title>
	<filename>HRISTIAN/number66.txt</filename>
</book>
<book>
	<author></author>
	<title>Книга премудрости Иисуса, сына Сирахова</title>
	<filename>HRISTIAN/premudr.txt</filename>
</book>
<book>
	<author>Мишин А</author>
	<title>Перспективы в Новой Жизни</title>
	<filename>HRISTIAN/prospect.txt</filename>
</book>
<book>
	<author>Соловьев В</author>
	<title>Чтения о богочеловечестве</title>
	<filename>HRISTIAN/SOLOWIEW/chteniya.txt</filename>
</book>
<book>
	<author></author>
	<title>Рассказ блаженной Феодоры о мытарствах</title>
	<filename>HRISTIAN/stf_1.txt</filename>
</book>
<book>
	<author></author>
	<title>Духовные наставления св.саровского старца о.Серафима</title>
	<filename>HRISTIAN/stss_1.txt</filename>
</book>
<book>
	<author>Блум А</author>
	<title>Без записок</title>
	<filename>HRISTIAN/surozh.txt</filename>
</book>
<book>
	<author>Тагуэлл С</author>
	<title>Беседы о блаженствах</title>
	<filename>HRISTIAN/taguell.txt</filename>
</book>
<book>
	<author></author>
	<title>Рецензии и обзоры произведений Хайнлайна</title>
	<filename>HYNLINE/about.txt</filename>
</book>
<book>
	<author>Хайнлайн Р</author>
	<title>Аквариум с золотыми рыбками</title>
	<filename>HYNLINE/aquarium.txt</filename>
</book>
<book>
	<author>Хайнлайн Р</author>
	<title>По пятам (Фрагмент)</title>
	<filename>HYNLINE/at_heels.txt</filename>
</book>
<book>
	<author>Хайнлайн Р</author>
	<title>Бездна</title>
	<filename>HYNLINE/bezdna.txt</filename>
</book>
<book>
	<author></author>
	<title>Библиография Роберта Энсона Хайнлайна</title>
	<filename>HYNLINE/bibliography.txt</filename>
</book>
<book>
	<author></author>
	<title>Биография Роберта Хайнлайна</title>
	<filename>HYNLINE/biography.txt</filename>
</book>
<book>
	<author>Хайнлайн Р</author>
	<title>Темные ямы луны</title>
	<filename>HYNLINE/Blackpit.txt</filename>
</book>
<book>
	<author>Хайнлайн Р</author>
	<title>Кот, проходящий сквозь стены</title>
	<filename>HYNLINE/catwalks.txt</filename>
</book>
<book>
	<author>Хайнлайн Р</author>
	<title>Гражданин галактики</title>
	<filename>HYNLINE/citizen.txt</filename>
</book>
<book>
	<author>Хайнлайн Р</author>
	<title>Звездный двойник</title>
	<filename>HYNLINE/db_star1.txt</filename>
</book>
<book>
	<author>Хайнлайн Р</author>
	<title>Двойная звезда</title>
	<filename>HYNLINE/db_star.txt</filename>
</book>
<book>
	<author>Хайнлайн Р</author>
	<title>Далила и космический монтажник</title>
	<filename>HYNLINE/delilah.txt</filename>
</book>
<book>
	<author>Хайнлайн Р</author>
	<title>Дверь в лето</title>
	<filename>HYNLINE/door_sum1.txt</filename>
</book>
<book>
	<author>Хайнлайн Р</author>
	<title>Дверь в лето</title>
	<filename>HYNLINE/door_sum.txt</filename>
</book>
<book>
	<author>Хайнлайн Р</author>
	<title>Наш прекрасный город</title>
	<filename>HYNLINE/faircity.txt</filename>
</book>
<book>
	<author>Хайнлайн Р</author>
	<title>Свободное владение Фарнхэма</title>
	<filename>HYNLINE/farnham.txt</filename>
</book>
<book>
	<author>Хайнлайн Р</author>
	<title>Фрайдэй</title>
	<filename>HYNLINE/friday.txt</filename>
</book>
<book>
	<author>Хайнлайн Р</author>
	<title>Присаживайтесь, джентльмены!</title>
	<filename>HYNLINE/Gentlmen.txt</filename>
</book>
<book>
	<author>Хайнлайн Р</author>
	<title>Зеленые холмы Земли</title>
	<filename>HYNLINE/green.txt</filename>
</book>
<book>
	<author>Хайнлайн Р</author>
	<title>Вынужденная отсидка</title>
	<filename>HYNLINE/hynelyn1.txt</filename>
</book>
<book>
	<author>Хайнлайн Р</author>
	<title>Прожектор</title>
	<filename>HYNLINE/hynelyn2.txt</filename>
</book>
<book>
	<author>Хайнлайн Р</author>
	<title>Они</title>
	<filename>HYNLINE/hynelyn3.txt</filename>
</book>
<book>
	<author>Хайнлайн Р</author>
	<title>Взрыв всегда возможен</title>
	<filename>HYNLINE/hynelyn4.txt</filename>
</book>
<book>
	<author>Хайнлайн Р</author>
	<title>Ковентри</title>
	<filename>HYNLINE/hynelyn5.txt</filename>
</book>
<book>
	<author>Хайнлайн Р</author>
	<title>Если это будет продолжаться...</title>
	<filename>HYNLINE/if_this.txt</filename>
</book>
<book>
	<author>Хайнлайн Р</author>
	<title>Джерри - человек</title>
	<filename>HYNLINE/jerry.txt</filename>
</book>
<book>
	<author>Хайнлайн Р</author>
	<title>Иов, или осмеяние справедливости</title>
	<filename>HYNLINE/jobcomed.txt</filename>
</book>
<book>
	<author>Хайнлайн Р</author>
	<title>Астронавт Джонс</title>
	<filename>HYNLINE/jones.txt</filename>
</book>
<book>
	<author>Хайнлайн Р</author>
	<title>Колумб был остолопом</title>
	<filename>HYNLINE/kolumb.txt</filename>
</book>
<book>
	<author>Хайнлайн Р</author>
	<title>Достаточно времени для любви, или жизни Лазаруса Лонга</title>
	<filename>HYNLINE/lazarus.txt</filename>
</book>
<book>
	<author>Хайнлайн Р</author>
	<title>Лифт в небеса</title>
	<filename>HYNLINE/lift2sky.txt</filename>
</book>
<book>
	<author>Хайнлайн Р</author>
	<title>Да будет свет!</title>
	<filename>HYNLINE/light.txt</filename>
</book>
<book>
	<author>Хайнлайн Р</author>
	<title>Линия жизни</title>
	<filename>HYNLINE/line.txt</filename>
</book>
<book>
	<author>Хайнлайн Р</author>
	<title>Логика империи</title>
	<filename>HYNLINE/log_imp.txt</filename>
</book>
<book>
	<author>Хайнлайн Р</author>
	<title>Дети Мафусаила</title>
	<filename>HYNLINE/mafusail.txt</filename>
</book>
<book>
	<author>Хайнлайн Р</author>
	<title>Магия Incorporated</title>
	<filename>HYNLINE/magiainc.txt</filename>
</book>
<book>
	<author>Хайнлайн Р</author>
	<title>Неудачник</title>
	<filename>HYNLINE/Misfit.txt</filename>
</book>
<book>
	<author>Хайнлайн Р</author>
	<title>Луна - суровая хозяйка</title>
	<filename>HYNLINE/mistress.txt</filename>
</book>
<book>
	<author>Хайнлайн Р</author>
	<title>Операция "Кошмар"</title>
	<filename>HYNLINE/nightmare.txt</filename>
</book>
<book>
	<author>Хайнлайн Р</author>
	<title>Число зверя</title>
	<filename>HYNLINE/nmbbeast.txt</filename>
</book>
<book>
	<author>Хайнлайн Р</author>
	<title>Не убоюсь зла</title>
	<filename>HYNLINE/nofear.txt</filename>
</book>
<book>
	<author>Хайнлайн Р</author>
	<title>Однажды...</title>
	<filename>HYNLINE/once.txt</filename>
</book>
<book>
	<author>Хайнлайн Р</author>
	<title>Успешная операция</title>
	<filename>HYNLINE/operation.txt</filename>
</book>
<book>
	<author>Хайнлайн Р</author>
	<title>Испытание космосом</title>
	<filename>HYNLINE/ordeal.txt</filename>
</book>
<book>
	<author>Хайнлайн Р</author>
	<title>Пасынки вселенной</title>
	<filename>HYNLINE/pasynki.txt</filename>
</book>
<book>
	<author>Хайнлайн Р</author>
	<title>Марсианка Подкейн</title>
	<filename>HYNLINE/podkayne.txt</filename>
</book>
<book>
	<author>Хайнлайн Р</author>
	<title>Кукловоды</title>
	<filename>HYNLINE/puppets.txt</filename>
</book>
<book>
	<author>Хайнлайн Р</author>
	<title>Красная планета</title>
	<filename>HYNLINE/redplanet.txt</filename>
</book>
<book>
	<author>Хайнлайн Р</author>
	<title>Реквием</title>
	<filename>HYNLINE/requiem1.txt</filename>
</book>
<book>
	<author></author>
	<title>Reviews and Commentary for Robert A.Heinlein's books</title>
	<filename>HYNLINE/reviews.txt</filename>
</book>
<book>
	<author>Хайнлайн Р</author>
	<title>Дорога славы</title>
	<filename>HYNLINE/road.txt</filename>
</book>
<book>
	<author>Хайнлайн Р</author>
	<title>Шестая колонна</title>
	<filename>HYNLINE/six.txt</filename>
</book>
<book>
	<author>Хайнлайн Р</author>
	<title>Будет скафандр - будут и путешествия</title>
	<filename>HYNLINE/skafandr.txt</filename>
</book>
<book>
	<author>Хайнлайн Р</author>
	<title>Космический патруль</title>
	<filename>HYNLINE/spacecad.txt</filename>
</book>
<book>
	<author>Хайнлайн Р</author>
	<title>Космический извозчик</title>
	<filename>HYNLINE/spacejoc.txt</filename>
</book>
<book>
	<author>Хайнлайн Р</author>
	<title>Спасательная экспедиция</title>
	<filename>HYNLINE/spas.txt</filename>
</book>
<book>
	<author>Хайнлайн Р</author>
	<title>Звездный зверь</title>
	<filename>HYNLINE/starbeast.txt</filename>
</book>
<book>
	<author>Хайлайн Р Э</author>
	<title>Чужой в стране чужих</title>
	<filename>HYNLINE/stranger1.txt</filename>
</book>
<book>
	<author>Хайнлайн Р</author>
	<title>Чужак в чужой стране</title>
	<filename>HYNLINE/stranger.txt</filename>
</book>
<book>
	<author>Хайнлайн Р</author>
	<title>Уплыть за закат</title>
	<filename>HYNLINE/sunset.txt</filename>
</book>
<book>
	<author>Хайнлайн Р</author>
	<title>Дом, который построил Тил</title>
	<filename>HYNLINE/til.txt</filename>
</book>
<book>
	<author>Хайнлайн Р</author>
	<title>Туннель в небе</title>
	<filename>HYNLINE/tonnel.txt</filename>
</book>
<book>
	<author>Хайнлайн Р</author>
	<title>Starship troopers</title>
	<filename>HYNLINE/troopers2.txt</filename>
</book>
<book>
	<author>Хайнайн Р</author>
	<title>Звездная пехота</title>
	<filename>HYNLINE/troopers.txt</filename>
</book>
<book>
	<author>Хайнлайн Р</author>
	<title>Угроза с Земли</title>
	<filename>HYNLINE/ugroza.txt</filename>
</book>
<book>
	<author>Хайнлайн Р</author>
	<title>Долгая вахта</title>
	<filename>HYNLINE/vahta.txt</filename>
</book>
<book>
	<author>Хайнлайн Р</author>
	<title>Уолдо</title>
	<filename>HYNLINE/waldo.txt</filename>
</book>
<book>
	<author>Хайнлайн Р</author>
	<title>...а еще мы выгуливаем собак</title>
	<filename>HYNLINE/wealso.txt</filename>
</book>
<book>
	<author>Хайнлайн Р</author>
	<title>Вода предназначается для купания</title>
	<filename>HYNLINE/woda.txt</filename>
</book>
<book>
	<author>Хайнлайн Р</author>
	<title>Как здорово вернуться!</title>
	<filename>HYNLINE/zdorowo.txt</filename>
</book>
<book>
	<author>Heinlein R A</author>
	<title>All you zombies</title>
	<filename>HYNLINE/zomby.txt</filename>
</book>

</books>

