<?xml version="1.0" encoding="UTF-8" ?>
<books>

<book>
	<author>Carroll L</author>
	<title>Alice's adventures in Wonderland</title>
	<filename>CARROLL/alice.txt</filename>
</book>
<book>
	<author>Кэрролл Л</author>
	<title>Приключения Алисы в стране чудес</title>
	<filename>CARROLL/alisa.txt</filename>
</book>
<book>
	<author>Кэрролл Л</author>
	<title>Алиса в стране чудес (Перевод Бориса Заходера)</title>
	<filename>CARROLL/alisa_zah.txt</filename>
</book>
<book>
	<author>Кэрролл Л</author>
	<title>Аня в стране чудес</title>
	<filename>CARROLL/anya.txt</filename>
</book>
<book>
	<author>Кэрролл Л</author>
	<title>Песня Садовника</title>
	<filename>CARROLL/gardsong.txt</filename>
</book>
<book>
	<author>Carroll L</author>
	<title>Through the looking glass</title>
	<filename>CARROLL/lglass.txt</filename>
</book>
<book>
	<author>Кэрролл Л</author>
	<title>Охота на Снарка</title>
	<filename>CARROLL/snark2.txt</filename>
</book>
<book>
	<author>Кэрролл Л</author>
	<title>Охота на Снарка</title>
	<filename>CARROLL/snark3.txt</filename>
</book>
<book>
	<author>Carroll L</author>
	<title>The hunting of the Snark</title>
	<filename>CARROLL/snarkeng.txt</filename>
</book>
<book>
	<author>Кэрролл Л</author>
	<title>Охота на Снарка</title>
	<filename>CARROLL/snark.txt</filename>
</book>
<book>
	<author>Черных В</author>
	<title>Москва слезам не верит</title>
	<filename>CHERNYH/moskwa.txt</filename>
</book>
<book>
	<author>Черных В</author>
	<title>Женщин обижать не рекомендуется</title>
	<filename>CHERNYH/zhenshin.txt</filename>
</book>
<book>
	<author>Reid R</author>
	<title>Boards  + Pieces</title>
	<filename>CHESS/boards.txt</filename>
</book>
<book>
	<author>Servers I C</author>
	<title>List of online resources</title>
	<filename>CHESS/chess-online.txt</filename>
</book>
<book>
	<author>Болотников В</author>
	<title>Шахматные серверы ICS</title>
	<filename>CHESS/ics.txt</filename>
</book>
<book>
	<author></author>
	<title>Репертуар московских кинотеатров</title>
	<filename>CINEMA/cinemalt.txt</filename>
</book>
<book>
	<author></author>
	<title>Информационный бюллетень Московской консерватории</title>
	<filename>CINEMA/cons.txt</filename>
</book>
<book>
	<author></author>
	<title>Российское кино на интернете (сборник ссылок)</title>
	<filename>CINEMA/kinolist.txt</filename>
</book>
<book>
	<author>Бергман И</author>
	<title>Картины</title>
	<filename>CINEMA/kinolit/BERGMAN/bergman.txt</filename>
</book>
<book>
	<author>Лотман Ю</author>
	<title>Семиотика кино и проблемы киноэстетики</title>
	<filename>CINEMA/kinolit/LOTMAN/kinoestetika.txt</filename>
</book>
<book>
	<author>Туровская М</author>
	<title>7 с 1/2 и Фильмы Андрея Тарковского</title>
	<filename>CINEMA/kinolit/TARKOWSKIJ/turtarkowskij.txt</filename>
</book>
<book>
	<author>киноцентров Р м</author>
	<title>15-фев-97</title>
	<filename>CINEMA/kino.txt</filename>
</book>
<book>
	<author>записки К</author>
	<title>Содержание No 21 - 24 (1994)</title>
	<filename>CINEMA/kinowed94.txt</filename>
</book>
<book>
	<author>Берталуччи И с Б</author>
	<title>Ускользающая(украденная) красота</title>
	<filename>CINEMA/kinowed/bertaluchchi.txt</filename>
</book>
<book>
	<author>Гринуэй П</author>
	<title>Контракт рисовальщика</title>
	<filename>CINEMA/kinowed/grinuej.txt</filename>
</book>
<book>
	<author></author>
	<title>Оглавление журнала "Искусство кино" за 1996 год</title>
	<filename>CINEMA/kinowed/iskkino96.txt</filename>
</book>
<book>
	<author></author>
	<title>Оглавление журнала "Искусство кино" за 1997 год</title>
	<filename>CINEMA/kinowed/iskkino97.txt</filename>
</book>
<book>
	<author></author>
	<title>Оглавление журнала "Искусство кино" за 1998 год</title>
	<filename>CINEMA/kinowed/iskkino98.txt</filename>
</book>
<book>
	<author>Митта А</author>
	<title>Стереотипы драматургии</title>
	<filename>CINEMA/kinowed/kinosc0695.txt</filename>
</book>
<book>
	<author>"Киносценарии" О ж</author>
	<title>1994-1997</title>
	<filename>CINEMA/kinowed/kinoscenarii.txt</filename>
</book>
<book>
	<author>записки К</author>
	<title>Содержание No 13 - 14 (видимо 1992 год)</title>
	<filename>CINEMA/kinowed/kinowed92.txt</filename>
</book>
<book>
	<author>записки К</author>
	<title>Содержание No 17 - 20 (1993)</title>
	<filename>CINEMA/kinowed/kinowed93.txt</filename>
</book>
<book>
	<author>записки К</author>
	<title>Содержание No 21 - 24 (1994)</title>
	<filename>CINEMA/kinowed/kinowed94.txt</filename>
</book>
<book>
	<author>Заславский С Г, Заславский  О Б</author>
	<title>К интерпретации фильма Федерико Феллини "АМАРКОРД"</title>
	<filename>CINEMA/kinowed/kinowed9527.txt</filename>
</book>
<book>
	<author>Островский Д В</author>
	<title>Горизонты Виго. Заметки об "Аталанте"</title>
	<filename>CINEMA/kinowed/kinowed9630.txt</filename>
</book>
<book>
	<author>Ниси С</author>
	<title>О двух фильмах Акиры Куросавы</title>
	<filename>CINEMA/kinowed/kinowed9631.txt</filename>
</book>
<book>
	<author>записки К</author>
	<title>Содержание NoNo 25 - 28/96</title>
	<filename>CINEMA/kinowed/kinowed96.txt</filename>
</book>
<book>
	<author>Тарханова Е С</author>
	<title>Новой волне Жана-Люка Годара</title>
	<filename>CINEMA/kinowed/kinowed9734.txt</filename>
</book>
<book>
	<author>записки К</author>
	<title>Содержание NoNo 29 - 32/97</title>
	<filename>CINEMA/kinowed/kinowed97.txt</filename>
</book>
<book>
	<author>Кислевского М К</author>
	<title>Шесть актеров в поисках режиссера</title>
	<filename>CINEMA/kinowed/kislewskij.txt</filename>
</book>
<book>
	<author>Лотман Ю, Лотман  М</author>
	<title>О поэтах и поэзии</title>
	<filename>CINEMA/kinowed/lotman.txt</filename>
</book>
<book>
	<author>Кармиц М</author>
	<title>Работая с Беккетом, Годаром, Даней, Кислевским (Записки продюссера)</title>
	<filename>CINEMA/kinowed/produsing.txt</filename>
</book>
<book>
	<author></author>
	<title>"Сеанс" No 10</title>
	<filename>CINEMA/kinowed/seans10.txt</filename>
</book>
<book>
	<author></author>
	<title>Сеанс No 12</title>
	<filename>CINEMA/kinowed/seans12.txt</filename>
</book>
<book>
	<author></author>
	<title>Сеанс No 13</title>
	<filename>CINEMA/kinowed/seans13.txt</filename>
</book>
<book>
	<author></author>
	<title>"Сеанс" No 14</title>
	<filename>CINEMA/kinowed/seans14.txt</filename>
</book>
<book>
	<author>Трофименков М</author>
	<title>Тоска Вима Вендерса (О последнем фильме "Конец насилия" Вима Вендерса)</title>
	<filename>CINEMA/kinowed/winder.txt</filename>
</book>
<book>
	<author></author>
	<title>Сценарий фильма "Зеркало" Андрея Тарковского</title>
	<filename>CINEMA/kinowed/zerkalo.txt</filename>
</book>
<book>
	<author>Кузнецов С</author>
	<title>Кино в Рунете - большой пребольшой линклист</title>
	<filename>CINEMA/kuznetlist.txt</filename>
</book>
<book>
	<author></author>
	<title>Аннотации к спектаклям московских театров</title>
	<filename>CINEMA/mikroteatry.txt</filename>
</book>
<book>
	<author></author>
	<title>Мои видеокассеты</title>
	<filename>CINEMA/myvideo.txt</filename>
</book>
<book>
	<author></author>
	<title>Фильмы, которые я захотел посмотреть</title>
	<filename>CINEMA/needvid.txt</filename>
</book>
<book>
	<author></author>
	<title>Ночное радио       июнь 96</title>
	<filename>CINEMA/radio.txt</filename>
</book>
<book>
	<author></author>
	<title>Анонсы художественных фильмов на каналах ТВ</title>
	<filename>CINEMA/seatele.txt</filename>
</book>
<book>
	<author></author>
	<title>Семейные комедии</title>
	<filename>CINEMA/semejvid.txt</filename>
</book>
<book>
	<author>Лайза А</author>
	<title>Театральные рецензии. Декабрь</title>
	<filename>CINEMA/teatrrecdec.txt</filename>
</book>
<book>
	<author>Лайза А</author>
	<title>Театральные рецензии. Декабрь</title>
	<filename>CINEMA/teatrrecjan.txt</filename>
</book>
<book>
	<author>Лайза А</author>
	<title>Театральные рецензии. Ноябрь</title>
	<filename>CINEMA/teatrrecnov.txt</filename>
</book>
<book>
	<author>Лайза А</author>
	<title>Театральые рецензии. Октябрь</title>
	<filename>CINEMA/teatrrecoct.txt</filename>
</book>
<book>
	<author>Лайза А</author>
	<title>Театральые рецензии. Сентябрь</title>
	<filename>CINEMA/teatrrec.txt</filename>
</book>
<book>
	<author></author>
	<title>Репертуар московских театров</title>
	<filename>CINEMA/teatry.txt</filename>
</book>
<book>
	<author></author>
	<title>Каталог иностранных фильмов</title>
	<filename>CINEMA/vov-ino.txt</filename>
</book>
<book>
	<author></author>
	<title>Каталог отечественных фильмов</title>
	<filename>CINEMA/vov-rus.txt</filename>
</book>
<book>
	<author></author>
	<title>Дживс и Вустер</title>
	<filename>CINEMA/wuster.txt</filename>
</book>
<book>
	<author>манжете З н</author>
	<title>Изучение CISCO</title>
	<filename>CISCO/ciscodumm.txt</filename>
</book>
<book>
	<author>Богомолов С</author>
	<title>Операционная система маршрутизаторов CISCO</title>
	<filename>CISCO/cisco_ios.txt</filename>
</book>
<book>
	<author>манжете З н</author>
	<title>Семейство железок CISCO</title>
	<filename>CISCO/ciscolst.txt</filename>
</book>
<book>
	<author></author>
	<title>Cisco 25xx</title>
	<filename>CISCO/ciscouu.txt</filename>
</book>
<book>
	<author></author>
	<title>Cisco-networking-FAQ</title>
	<filename>CISCO/faq-cisco.txt</filename>
</book>
<book>
	<author></author>
	<title>Cisco Works 3.5D now avalible!</title>
	<filename>CISCO/works3d.txt</filename>
</book>
<book>
	<author>Коул А, Банч  К</author>
	<title>Месть проклятых</title>
	<filename>COLBUNCH/sten_5.txt</filename>
</book>
<book>
	<author>Коул А, Банч  К</author>
	<title>Возвращение императора</title>
	<filename>COLBUNCH/sten_6.txt</filename>
</book>
<book>
	<author>Коул А, Банч  К</author>
	<title>Вихрь</title>
	<filename>COLBUNCH/sten_7.txt</filename>
</book>
<book>
	<author>Коул А, Банч  К</author>
	<title>Конец империи</title>
	<filename>COLBUNCH/sten_8.txt</filename>
</book>
<book>
	<author>Compulib</author>
	<title>Электронные библиотеки - объединяйтесь</title>
	<filename>COMPULIB/compulib.txt</filename>
</book>
<book>
	<author></author>
	<title>Библиотечные тезисы</title>
	<filename>COMPULIB/irextext.txt</filename>
</book>
<book>
	<author>Мошков М</author>
	<title>Библиотечные тезисы</title>
	<filename>COMPULIB/libtezisy.txt</filename>
</book>
<book>
	<author></author>
	<title>Проект OREL: Ответы на вопросы и замечания</title>
	<filename>COMPULIB/orel-answers.txt</filename>
</book>
<book>
	<author></author>
	<title>Проект OREL: О форматах раздела библиотеки</title>
	<filename>COMPULIB/orel-formats.txt</filename>
</book>
<book>
	<author>OREL П</author>
	<title>Сначала было дело. Концепция будет немного позже</title>
	<filename>COMPULIB/rsl1.txt</filename>
</book>
<book>
	<author></author>
	<title>Проект OREL: Открытая Русская Электронная Библиотека</title>
	<filename>COMPULIB/rsl.txt</filename>
</book>
<book>
	<author></author>
	<title>Русский журнал: Новости электронных библиотек</title>
	<filename>COMPULIB/russ02.txt</filename>
</book>
<book>
	<author></author>
	<title>Русский журнал: Новости электронных библиотек-2</title>
	<filename>COMPULIB/russ03.txt</filename>
</book>
<book>
	<author></author>
	<title>Подготовка русского текста для PalmTop'а</title>
	<filename>COMPULIB/txt4palm.txt</filename>
</book>
<book>
	<author>Кук Г</author>
	<title>Тени сгущаются</title>
	<filename>COOK_GLEN/black02.txt</filename>
</book>
<book>
	<author>Кук Г</author>
	<title>Белая Роза</title>
	<filename>COOK_GLEN/black03.txt</filename>
</book>
<book>
	<author>Кук Г</author>
	<title>Игра теней</title>
	<filename>COOK_GLEN/black04.txt</filename>
</book>
<book>
	<author>Кук Г</author>
	<title>Серебрянный клин</title>
	<filename>COOK_GLEN/black05.txt</filename>
</book>
<book>
	<author>Кук Г</author>
	<title>Стальные сны</title>
	<filename>COOK_GLEN/black06.txt</filename>
</book>
<book>
	<author>Кук Г</author>
	<title>Суровые времена</title>
	<filename>COOK_GLEN/black07.txt</filename>
</book>
<book>
	<author>Кук Г</author>
	<title>Тьма</title>
	<filename>COOK_GLEN/black08.txt</filename>
</book>
<book>
	<author>Кук Г</author>
	<title>Холодные медные слезы</title>
	<filename>COOK_GLEN/mednyeslezy.txt</filename>
</book>
<book>
	<author>Кук Г</author>
	<title>Ночи кровавого железа</title>
	<filename>COOK_GLEN/nochikrov.txt</filename>
</book>
<book>
	<author>Кук Г</author>
	<title>Рейд</title>
	<filename>COOK_GLEN/rejd.txt</filename>
</book>
<book>
	<author>Кук Г</author>
	<title>Седая оловянная печаль</title>
	<filename>COOK_GLEN/sorrow.txt</filename>
</book>
<book>
	<author>Кук Г</author>
	<title>Жалкие свинцовые божки</title>
	<filename>COOK_GLEN/svincovyebojki.txt</filename>
</book>
<book>
	<author>Кук Г</author>
	<title>Десять поверженных</title>
	<filename>COOK_GLEN/tentaken.txt</filename>
</book>
<book>
	<author>Страустрап Б</author>
	<title>Справочное руководство по C++</title>
	<filename>CPPHB/cppref.txt</filename>
</book>
<book>
	<author>Страуструп Б</author>
	<title>Язык программирования С++</title>
	<filename>CPPHB/cpptut.txt</filename>
</book>
<book>
	<author></author>
	<title>#!/bin/sh</title>
	<filename>CTOTOR/absbook2html.txt</filename>
</book>
<book>
	<author>Богатырев А</author>
	<title>Хрестоматия по программированию на Си в Unix</title>
	<filename>CTOTOR/book.txt</filename>
</book>
<book>
	<author>Деревяго С</author>
	<title>C++ 3rd: комментарии</title>
	<filename>CTOTOR/cpp3comm.txt</filename>
</book>
<book>
	<author>Керниган, Ричи </author>
	<title>Язык C</title>
	<filename>CTOTOR/kernigan.txt</filename>
</book>
<book>
	<author>Короп С</author>
	<title>TeX FAQ или Как пропустить Кнута через TeX</title>
	<filename>CTOTOR/KNUT/texfaq.txt</filename>
</book>
<book>
	<author>Богатырев А</author>
	<title>Руководство полного идиота по программированию (на языке Си)</title>
	<filename>CTOTOR/starterkit.txt</filename>
</book>
<book>
	<author>Анисимов А</author>
	<title>Компьютерная лингвистика для всех: Мифы.Алгоритмы.Язык</title>
	<filename>CULTURE/ANISIMOW/lingw.txt</filename>
</book>
<book>
	<author>Дали С</author>
	<title>Дневник одного гения</title>
	<filename>CULTURE/DALI/dnewnik.txt</filename>
</book>
<book>
	<author>Дьяконов И</author>
	<title>Киркенесская этика</title>
	<filename>CULTURE/DYAKONOW/kirkeness.txt</filename>
</book>
<book>
	<author>Фрейденберг О</author>
	<title>Поэтика сюжета и жанра</title>
	<filename>CULTURE/FREJDENBERG/poetika.txt</filename>
</book>
<book>
	<author>Фуко М</author>
	<title>Рождение Клиники</title>
	<filename>CULTURE/FUKO/clinica.txt</filename>
</book>
<book>
	<author>Фуко М</author>
	<title>История сексуальности-III: Забота о себе</title>
	<filename>CULTURE/FUKO/fukosex.txt</filename>
</book>
<book>
	<author>Фуко М</author>
	<title>Что такое просвещение</title>
	<filename>CULTURE/FUKO/nachala.txt</filename>
</book>
<book>
	<author>Фуко М</author>
	<title>Ницше, Фрейд, Маркс</title>
	<filename>CULTURE/FUKO/nfm.txt</filename>
</book>
<book>
	<author>Фуко М</author>
	<title>Слова и вещи</title>
	<filename>CULTURE/FUKO/weshi.txt</filename>
</book>
<book>
	<author>Ильин И П</author>
	<title>Постмодернизм от истоков до конца столетия: эволюция научного мифа</title>
	<filename>CULTURE/ILIN/postmodern.txt</filename>
</book>
<book>
	<author>Ильин И П</author>
	<title>Постструктурализм.Деконструктивизм.Постмодернизм</title>
	<filename>CULTURE/ILIN/poststrukt.txt</filename>
</book>
<book>
	<author>Кандинский В</author>
	<title>О духовном в искусстве</title>
	<filename>CULTURE/KANDINSKIJ/kandinskij.txt</filename>
</book>
<book>
	<author>Лиотар Ж</author>
	<title>Состояние постмодерна</title>
	<filename>CULTURE/LIOTAR/liotar.txt</filename>
</book>
<book>
	<author></author>
	<title>Статья посвященная Малеру</title>
	<filename>CULTURE/MUSICACAD/MALER/maler.txt</filename>
</book>
<book>
	<author>Михеева Л В</author>
	<title>Музыкальный словарь в рассказах</title>
	<filename>CULTURE/MUSICACAD/MUZSLOWAR/music.txt</filename>
</book>
<book>
	<author>Парамонов Б</author>
	<title>Конец стиля</title>
	<filename>CULTURE/PARAMONOW_B/paramonov.txt</filename>
</book>
<book>
	<author>Пропп В</author>
	<title>Морфология "волшебной" сказки</title>
	<filename>CULTURE/PROPP/morfologia.txt</filename>
</book>
<book>
	<author>Пропп В</author>
	<title>Исторические корни Волшебной Сказки</title>
	<filename>CULTURE/PROPP/skazki.txt</filename>
</book>
<book>
	<author>Руднев В</author>
	<title>Морфология реальности</title>
	<filename>CULTURE/RUDNEW/morfologia.txt</filename>
</book>
<book>
	<author>Руднев В</author>
	<title>Словарь культуры XX века</title>
	<filename>CULTURE/RUDNEW/slowar.txt</filename>
</book>
<book>
	<author>Почепцов Г</author>
	<title>История русской семиотики до и после 1917 года</title>
	<filename>CULTURE/SEMIOTIKA/semiotika.txt</filename>
</book>
<book>
	<author>Шульгин Д И</author>
	<title>Беседы с композитором</title>
	<filename>CULTURE/SHNITKE/besedy.txt</filename>
</book>
<book>
	<author>Шнитке А Г</author>
	<title>Беседы, выступления, статьи</title>
	<filename>CULTURE/SHNITKE/shnitke.txt</filename>
</book>
<book>
	<author>Ямпольский М</author>
	<title>Демон и Лабиринт</title>
	<filename>CULTURE/YAMPOLSKIJ/demon.txt</filename>
</book>
<book>
	<author>Ямпольский М</author>
	<title>Беспамятство как исток (Читая Хармса)</title>
	<filename>CULTURE/YAMPOLSKIJ/harms.txt</filename>
</book>
<book>
	<author>Богатырев А</author>
	<title>Пакет кирилизации Solaris 2.3</title>
	<filename>CYRILLIC/abssolaris.txt</filename>
</book>
<book>
	<author>Балдин Е</author>
	<title>Перекодировщик на perl с угадыванием кодировки</title>
	<filename>CYRILLIC/cyrdoc.txt</filename>
</book>
<book>
	<author></author>
	<title>Linux Cyrillic HOWTO Александра Беликова в переводе Евгения Балдина</title>
	<filename>CYRILLIC/Cyrillic-HOWTO-russ.txt</filename>
</book>
<book>
	<author></author>
	<title>Кирилическая почта для PC с MS Windows</title>
	<filename>CYRILLIC/cyrmail.txt</filename>
</book>
<book>
	<author>Демидов Е</author>
	<title>Русификация печати на PS-принтере и в Unix Netscape</title>
	<filename>CYRILLIC/gsruss.txt</filename>
</book>
<book>
	<author></author>
	<title>Печать HTML и PS по русски</title>
	<filename>CYRILLIC/htmlps.txt</filename>
</book>
<book>
	<author>Щедов Ю</author>
	<title>Koi8-PS-printing для Linux</title>
	<filename>CYRILLIC/koi8printing.txt</filename>
</book>
<book>
	<author>Собченко Е</author>
	<title>Русификация Linux</title>
	<filename>CYRILLIC/linuxcyrillic.txt</filename>
</book>
<book>
	<author></author>
	<title>Locale tutorial</title>
	<filename>CYRILLIC/locale-tutorial-0_8.txt</filename>
</book>
<book>
	<author></author>
	<title>Как русифицировать Unix-овский NETSCAPE *.*.*</title>
	<filename>CYRILLIC/netscyrnews.txt</filename>
</book>
<book>
	<author></author>
	<title>/* # Схема перекодировок без потери информации</title>
	<filename>CYRILLIC/recode.txt</filename>
</book>
<book>
	<author>Рецепт</author>
	<title>Печать русского текста на PS-принтере. Unix</title>
	<filename>CYRILLIC/russprint.txt</filename>
</book>
<book>
	<author></author>
	<title>Алгоритм руссификации нерусских Windows-95</title>
	<filename>CYRILLIC/win95russify.txt</filename>
</book>
<book>
	<author>Барский Д</author>
	<title>Русская клавиатура для xterm, aXe</title>
	<filename>CYRILLIC/xdefkeyb.txt</filename>
</book>
<book>
	<author></author>
	<title>Переключатель кирилицы в XFree</title>
	<filename>CYRILLIC/xmodmap/xfree_3_3_2.txt</filename>
</book>

</books>

