<?xml version="1.0" encoding="UTF-8" ?>
<books>

<book>
	<author>Рабле Ф</author>
	<title>Гаргантюа и Пантагрюэль. Гаргантюа</title>
	<filename>RABLE/rable1.txt</filename>
</book>
<book>
	<author>Рабле Ф</author>
	<title>Гаргантюа и Пантагрюэль. Пантагрюэль</title>
	<filename>RABLE/rable2.txt</filename>
</book>
<book>
	<author>Рабле Ф</author>
	<title>Гаргантюа и Пантагрюэль. Третья книга</title>
	<filename>RABLE/rable3.txt</filename>
</book>
<book>
	<author>Ведон Д</author>
	<title>Чужой-4: Воскресение. Окончательный черновик сценария</title>
	<filename>RAZNOE/a4ru.txt</filename>
</book>
<book>
	<author>Банаско А</author>
	<title>После бомбы</title>
	<filename>RAZNOE/aft_bomb.txt</filename>
</book>
<book>
	<author>Алферова М</author>
	<title>Решетка</title>
	<filename>RAZNOE/Alferova_1.txt</filename>
</book>
<book>
	<author>Алферова М</author>
	<title>Женщина с диванчиком</title>
	<filename>RAZNOE/Alferova_2.txt</filename>
</book>
<book>
	<author>Сыч Е</author>
	<title>Все лишнее</title>
	<filename>RAZNOE/allmore.txt</filename>
</book>
<book>
	<author>Блок Л</author>
	<title>В постели с медведем</title>
	<filename>RAZNOE/bear.txt</filename>
</book>
<book>
	<author>Арчел Н</author>
	<title>Бетонные джунгли</title>
	<filename>RAZNOE/beton.txt</filename>
</book>
<book>
	<author>Найт Д</author>
	<title>Большой бум</title>
	<filename>RAZNOE/big_bum.txt</filename>
</book>
<book>
	<author>Бойе Э</author>
	<title>Сердце дракона</title>
	<filename>RAZNOE/boye.txt</filename>
</book>
<book>
	<author>Браннер Д</author>
	<title>Двухламповый автоматический исполнитель желаний</title>
	<filename>RAZNOE/branner.txt</filename>
</book>
<book>
	<author>Буццати Д</author>
	<title>Забастовка телефонов</title>
	<filename>RAZNOE/buccati.txt</filename>
</book>
<book>
	<author>Girardot D M</author>
	<title>Chester the Magnificent</title>
	<filename>RAZNOE/chester_e.txt</filename>
</book>
<book>
	<author>Гигардот Д</author>
	<title>Честэр Великолепный</title>
	<filename>RAZNOE/chester_r.txt</filename>
</book>
<book>
	<author>Сикорски Я</author>
	<title>Фатальный хроноклазм</title>
	<filename>RAZNOE/chronos.txt</filename>
</book>
<book>
	<author>Элби Д С</author>
	<title>Вершина</title>
	<filename>RAZNOE/cold.txt</filename>
</book>
<book>
	<author>Спенсер В</author>
	<title>В дозоре циклопы</title>
	<filename>RAZNOE/cyclopy.txt</filename>
</book>
<book>
	<author>Дансени Л</author>
	<title>Харон</title>
	<filename>RAZNOE/danseni.txt</filename>
</book>
<book>
	<author>Л </author>
	<title>Спрэг де Кемп</title>
	<filename>RAZNOE/de_camp3.txt</filename>
</book>
<book>
	<author></author>
	<title>Честность лучшая политика</title>
	<filename>RAZNOE/dgordon.txt</filename>
</book>
<book>
	<author>Буццати Д</author>
	<title>Око за око</title>
	<filename>RAZNOE/dino.txt</filename>
</book>
<book>
	<author>Альтов Г</author>
	<title>Ослик и аксиома</title>
	<filename>RAZNOE/donkey.txt</filename>
</book>
<book>
	<author>Уэллс Г</author>
	<title>Дверь в стене</title>
	<filename>RAZNOE/door.txt</filename>
</book>
<book>
	<author>Пухов М</author>
	<title>Змей из-под пространства</title>
	<filename>RAZNOE/dragon.txt</filename>
</book>
<book>
	<author>Дюморье Д</author>
	<title>Птицы</title>
	<filename>RAZNOE/dumorie.txt</filename>
</book>
<book>
	<author>Рындин Д</author>
	<title>Ад на Земле</title>
	<filename>RAZNOE/earht.txt</filename>
</book>
<book>
	<author>Эннеберг Н Ш</author>
	<title>Бич</title>
	<filename>RAZNOE/ennen1.txt</filename>
</book>
<book>
	<author></author>
	<title></title>
	<filename>RAZNOE/fantazy.txt</filename>
</book>
<book>
	<author>Фиалковский К</author>
	<title>Бессмертный с Веги</title>
	<filename>RAZNOE/fialk01.txt</filename>
</book>
<book>
	<author>МакДональд Г</author>
	<title>Детектив Флетч Флетчер</title>
	<filename>RAZNOE/fletcher.txt</filename>
</book>
<book>
	<author>Янг Р Ф</author>
	<title>Летающая сковородка</title>
	<filename>RAZNOE/fly_fry.txt</filename>
</book>
<book>
	<author>Уильямс М</author>
	<title>Колесо фортуны</title>
	<filename>RAZNOE/forting.txt</filename>
</book>
<book>
	<author>Франке Г В</author>
	<title>Второй экземпляр</title>
	<filename>RAZNOE/franke.txt</filename>
</book>
<book>
	<author>Голд Г Л</author>
	<title>Герой</title>
	<filename>RAZNOE/gold01.txt</filename>
</book>
<book>
	<author>Каттнер Г</author>
	<title>До скорого!</title>
	<filename>RAZNOE/good_bye.txt</filename>
</book>
<book>
	<author>Джеивор Д Э</author>
	<title>Счастливой охоты!</title>
	<filename>RAZNOE/goodhunt.txt</filename>
</book>
<book>
	<author>Грилей А</author>
	<title>Последняя планета</title>
	<filename>RAZNOE/griley.txt</filename>
</book>
<book>
	<author></author>
	<title>Роберт Силверберг, Шестой дворец</title>
	<filename>RAZNOE/hram.txt</filename>
</book>
<book>
	<author>Шоу Б</author>
	<title>Идеальная команда</title>
	<filename>RAZNOE/idealk.txt</filename>
</book>
<book>
	<author>Варли Д</author>
	<title>В чаше</title>
	<filename>RAZNOE/in_bowl.txt</filename>
</book>
<book>
	<author>Хоук С</author>
	<title>Железный трон</title>
	<filename>RAZNOE/iron.txt</filename>
</book>
<book>
	<author>Картер Л</author>
	<title>Тонгор и Пираты Таракуса</title>
	<filename>RAZNOE/karter.txt</filename>
</book>
<book>
	<author>Королев С</author>
	<title>Рассказы</title>
	<filename>RAZNOE/korolewst.txt</filename>
</book>
<book>
	<author>Каттнер Г</author>
	<title>Котел с неприятностями</title>
	<filename>RAZNOE/kotel.txt</filename>
</book>
<book>
	<author></author>
	<title>     Предлагаем  вашему  вниманию  второй выпуск "Лаборатории ЛЭФ".</title>
	<filename>RAZNOE/l1.txt</filename>
</book>
<book>
	<author>Михайлов В</author>
	<title>Ночь черного хрусталя</title>
	<filename>RAZNOE/l3.txt</filename>
</book>
<book>
	<author>Абрамов С</author>
	<title>Логика настоящего джентльмена.</title>
	<filename>RAZNOE/l5.txt</filename>
</book>
<book>
	<author>Траут К</author>
	<title>Венера на раковине. Глава из романа</title>
	<filename>RAZNOE/l6.txt</filename>
</book>
<book>
	<author>Ланье С</author>
	<title>Путешествие Иеро</title>
	<filename>RAZNOE/lanie1.txt</filename>
</book>
<book>
	<author>Ланье С</author>
	<title>Иеро не дают покоя</title>
	<filename>RAZNOE/lanie2.txt</filename>
</book>
<book>
	<author>Vonnegut K</author>
	<title>Long Walk To Forever</title>
	<filename>RAZNOE/long.txt</filename>
</book>
<book>
	<author>Маар К</author>
	<title>Три дезертира</title>
	<filename>RAZNOE/maar.txt</filename>
</book>
<book>
	<author></author>
	<title>     Aлексaндр Житинский</title>
	<filename>RAZNOE/malchik.txt</filename>
</book>
<book>
	<author>Мандершайд Р</author>
	<title>Рай земной</title>
	<filename>RAZNOE/mansh.txt</filename>
</book>
<book>
	<author>Варли Д</author>
	<title>Во дворце марсианских царей</title>
	<filename>RAZNOE/martking.txt</filename>
</book>
<book>
	<author>Милн А</author>
	<title>Взлет и падение Мортимера Скрайвенса</title>
	<filename>RAZNOE/miln.txt</filename>
</book>
<book>
	<author>Обен А</author>
	<title>Утерянные горизонты</title>
	<filename>RAZNOE/oben1.txt</filename>
</book>
<book>
	<author>Мерль Р</author>
	<title>Остров</title>
	<filename>RAZNOE/ostrov.txt</filename>
</book>
<book>
	<author>Варли Д</author>
	<title>Навязчивость зрения</title>
	<filename>RAZNOE/persist.txt</filename>
</book>
<book>
	<author>Плакта Д</author>
	<title>Оживили...</title>
	<filename>RAZNOE/plakta.txt</filename>
</book>
<book>
	<author>Рындин Д</author>
	<title>Мощь твоего меча</title>
	<filename>RAZNOE/power_sword.txt</filename>
</book>
<book>
	<author>Прист К</author>
	<title>Опрокинутый мир</title>
	<filename>RAZNOE/priec001.txt</filename>
</book>
<book>
	<author></author>
	<title>Принцесса стоит смерти.</title>
	<filename>RAZNOE/princess.txt</filename>
</book>
<book>
	<author></author>
	<title>Каталог издававшихся на русском языке произведений зарубежных авторов</title>
	<filename>RAZNOE/printed.txt</filename>
</book>
<book>
	<author>Стрентон А</author>
	<title>Привидение</title>
	<filename>RAZNOE/prividen.txt</filename>
</book>
<book>
	<author>Каттнер Г</author>
	<title>Профессор накрылся</title>
	<filename>RAZNOE/profess.txt</filename>
</book>
<book>
	<author>Пухов М</author>
	<title>Операция "Прогрессор"</title>
	<filename>RAZNOE/progresr.txt</filename>
</book>
<book>
	<author>Рейнолдс М</author>
	<title>Преступление в Утопии</title>
	<filename>RAZNOE/rejnolds.txt</filename>
</book>
<book>
	<author>Варли Д</author>
	<title>Ретроградное лето</title>
	<filename>RAZNOE/retro.txt</filename>
</book>
<book>
	<author>Резник М</author>
	<title>Семь взглядов на Олдувайское ущелье</title>
	<filename>RAZNOE/reznik.txt</filename>
</book>
<book>
	<author>Вартанов С</author>
	<title>Короткая дорога</title>
	<filename>RAZNOE/roadshor.txt</filename>
</book>
<book>
	<author>Рассел Э Ф</author>
	<title>Оса</title>
	<filename>RAZNOE/rusee07.txt</filename>
</book>
<book>
	<author>Айзенберг Л</author>
	<title>Выгодная сделка</title>
	<filename>RAZNOE/sdelka.txt</filename>
</book>
<book>
	<author>Шефнер В</author>
	<title>Небесный подкидыш, Исповедь трусоватого храбреца</title>
	<filename>RAZNOE/shefner1.txt</filename>
</book>
<book>
	<author>Симмонс Д</author>
	<title>Гиперион</title>
	<filename>RAZNOE/simmd001.txt</filename>
</book>
<book>
	<author>Симмонс Д</author>
	<title>Падение Гипериона</title>
	<filename>RAZNOE/simmd002.txt</filename>
</book>
<book>
	<author>Варли Д</author>
	<title>Споем, станцуем</title>
	<filename>RAZNOE/singdanc.txt</filename>
</book>
<book>
	<author>Дюран Д</author>
	<title>Раб</title>
	<filename>RAZNOE/slave.txt</filename>
</book>
<book>
	<author>Сыч Е</author>
	<title>Соло</title>
	<filename>RAZNOE/solo.txt</filename>
</book>
<book>
	<author>Воннегут К</author>
	<title>Большое Космическое Трахание</title>
	<filename>RAZNOE/spacefuc.txt</filename>
</book>
<book>
	<author>Блиш Д</author>
	<title>День Статистика</title>
	<filename>RAZNOE/stat_day.txt</filename>
</book>
<book>
	<author>Дейч А Д</author>
	<title>Лист Мебиуса</title>
	<filename>RAZNOE/subway.txt</filename>
</book>
<book>
	<author>Янг Р Ф</author>
	<title>У начала времен</title>
	<filename>RAZNOE/time_new.txt</filename>
</book>
<book>
	<author>Бестер А</author>
	<title>  ВРЕМЯ-ПРЕДАТЕЛЬ.</title>
	<filename>RAZNOE/timetrai.txt</filename>
</book>
<book>
	<author></author>
	<title>Подборка рассказов из журнала "Техника молодежи"</title>
	<filename>RAZNOE/tm01.txt</filename>
</book>
<book>
	<author></author>
	<title>Подборка рассказов из журнала "Техника молодежи": переводы</title>
	<filename>RAZNOE/tm02.txt</filename>
</book>
<book>
	<author>Неизвестен А</author>
	<title>Убийство в "Долине царей"</title>
	<filename>RAZNOE/ubidol.txt</filename>
</book>
<book>
	<author>Стрэйтон А</author>
	<title>Универсальный солдат</title>
	<filename>RAZNOE/un_soldat.txt</filename>
</book>
<book>
	<author>Вартанов С</author>
	<title>Подходящее оружие</title>
	<filename>RAZNOE/vartan07.txt</filename>
</book>
<book>
	<author>Моуэт Ф</author>
	<title>Не кричи, волки!</title>
	<filename>RAZNOE/volfes.txt</filename>
</book>
<book>
	<author>Уайли Д</author>
	<title>Наследник Аркона</title>
	<filename>RAZNOE/vr_ark.txt</filename>
</book>
<book>
	<author>Каттнер Г</author>
	<title>Пчхи-хологическая война</title>
	<filename>RAZNOE/war.txt</filename>
</book>
<book>
	<author>Лэкки М, Гуон  Э</author>
	<title>Полет к свободе</title>
	<filename>RAZNOE/wc_plsv.txt</filename>
</book>
<book>
	<author>Сташефф К, Форстчен  У Р</author>
	<title>Расплата</title>
	<filename>RAZNOE/wc_rasp.txt</filename>
</book>
<book>
	<author>Уайт Э</author>
	<title>В час досуга</title>
	<filename>RAZNOE/whitee01.txt</filename>
</book>
<book>
	<author>Кэмпбелл Д</author>
	<title>"Кто идет?"</title>
	<filename>RAZNOE/whoryou.txt</filename>
</book>
<book>
	<author>Уильямсон Д</author>
	<title>Игрушки</title>
	<filename>RAZNOE/wiliams.txt</filename>
</book>
<book>
	<author></author>
	<title>Сборник фантастических рассказов из "Вокруг света"</title>
	<filename>RAZNOE/wokrugsweta.txt</filename>
</book>
<book>
	<author>Янг Р Ф</author>
	<title>Годы</title>
	<filename>RAZNOE/years.txt</filename>
</book>
<book>
	<author>Силверберг Р</author>
	<title>Путеводная звезда</title>
	<filename>RAZNOE/zwezd.txt</filename>
</book>
<book>
	<author>Бах Р</author>
	<title>Мост через вечность</title>
	<filename>RBACH/bach04.txt</filename>
</book>
<book>
	<author>Бах Р</author>
	<title>Письмо от богобоязненного человека</title>
	<filename>RBACH/bogobo.txt</filename>
</book>
<book>
	<author>Бах Р</author>
	<title>Иллюзии, или приключения Мессии, который Мессией быть не хотел</title>
	<filename>RBACH/illuzii.txt</filename>
</book>
<book>
	<author>Бах Р</author>
	<title>Далеких мест не бывает</title>
	<filename>RBACH/nofar.txt</filename>
</book>
<book>
	<author>Бах Р и Л</author>
	<title>Единственная</title>
	<filename>RBACH/one.txt</filename>
</book>
<book>
	<author></author>
	<title>Интервью с Ричардом Бахом</title>
	<filename>RBACH/rb-int.txt</filename>
</book>
<book>
	<author>Bach R</author>
	<title>Jonathan Livingston Seagull</title>
	<filename>RBACH/seagullengl.txt</filename>
</book>
<book>
	<author>Бах Р</author>
	<title>Чайка по имени Джонатан Ливингстон</title>
	<filename>RBACH/seagullmsh.txt</filename>
</book>
<book>
	<author>Бах Р</author>
	<title>Чайка по имени Джонатан Ливингстон</title>
	<filename>RBACH/seagull.txt</filename>
</book>
<book>
	<author>Блаватской П р, Рериха  Б и Н К</author>
	<title>Древние легенды</title>
	<filename>RERIH/rerih1.txt</filename>
</book>
<book>
	<author>Томас Е</author>
	<title>Шамбала, оаза свІтла</title>
	<filename>RERIH/shambala_uk.txt</filename>
</book>
<book>
	<author></author>
	<title>User-Agent: *</title>
	<filename>robots.txt</filename>
</book>
<book>
	<author>Родари Д</author>
	<title>Путешествие Голубой Стрелы</title>
	<filename>RODARI/bluearow.txt</filename>
</book>
<book>
	<author>Родари Д</author>
	<title>Приключения Чиполлино</title>
	<filename>RODARI/chipolin.txt</filename>
</book>
<book>
	<author>Ромаданов А</author>
	<title>Золотое яичко Тамагочи</title>
	<filename>ROMADANOW/egg.txt</filename>
</book>
<book>
	<author>Ромаданов(Алексрома) А</author>
	<title>Последний из эмпириков</title>
	<filename>ROMADANOW/empirik.txt</filename>
</book>
<book>
	<author>Ромаданов А</author>
	<title>Плоть, прах и ветер</title>
	<filename>ROMADANOW/ppv.txt</filename>
</book>
<book>
	<author>Ромаданов А</author>
	<title>Куда дует ветер?</title>
	<filename>ROMADANOW/veter-k.txt</filename>
</book>
<book>
	<author>Ромаданов(Алексрома) А</author>
	<title>Звездопад</title>
	<filename>ROMADANOW/zvezdo.txt</filename>
</book>
<book>
	<author>Адамов Г</author>
	<title>Тайна двух океанов</title>
	<filename>RUFANT/ADAMOW/tajna1.txt</filename>
</book>
<book>
	<author>Алексеев В, Зислис  М</author>
	<title>Экспедиция</title>
	<filename>RUFANT/ALEKSEEW_W/exped_1.txt</filename>
</book>
<book>
	<author>Алексеев В</author>
	<title>Из записок геолога</title>
	<filename>RUFANT/ALEKSEEW_W/zapiski.txt</filename>
</book>
<book>
	<author>Аматуни П</author>
	<title>Парадокс Глебова</title>
	<filename>RUFANT/AMATUNI/glebow.txt</filename>
</book>
<book>
	<author>Анчаров М</author>
	<title>Сода-солнце</title>
	<filename>RUFANT/ANCHAROW/soda_sun.txt</filename>
</book>
<book>
	<author>Андерсен Л</author>
	<title>Дети Вечности (Часть вторая)</title>
	<filename>RUFANT/ANDERSEN/deti2.txt</filename>
</book>
<book>
	<author>Андерсен Л</author>
	<title>Дети Вечности (Часть третья)</title>
	<filename>RUFANT/ANDERSEN/deti3.txt</filename>
</book>
<book>
	<author>Андерсен Л</author>
	<title>Дети Вечности (Часть первая)</title>
	<filename>RUFANT/ANDERSEN/deti.txt</filename>
</book>
<book>
	<author>Авраменко О</author>
	<title>Все грани мира</title>
	<filename>RUFANT/AWRAMENKO/armag.txt</filename>
</book>
<book>
	<author>Авраменко О</author>
	<title>Собирающая стихии</title>
	<filename>RUFANT/AWRAMENKO/assemble.txt</filename>
</book>
<book>
	<author>Авраменко О</author>
	<title>Хозяйка Источника</title>
	<filename>RUFANT/AWRAMENKO/lady.txt</filename>
</book>
<book>
	<author>Авраменко О</author>
	<title>Принц Галлии (том 1)</title>
	<filename>RUFANT/AWRAMENKO/prince1.txt</filename>
</book>
<book>
	<author>Авраменко О</author>
	<title>Принц Галлии (том 2)</title>
	<filename>RUFANT/AWRAMENKO/prince2.txt</filename>
</book>
<book>
	<author>Авраменко О</author>
	<title>Сын сумерек и света</title>
	<filename>RUFANT/AWRAMENKO/son.txt</filename>
</book>
<book>
	<author>Авраменко О</author>
	<title>Звездная дорога</title>
	<filename>RUFANT/AWRAMENKO/starroad.txt</filename>
</book>
<book>
	<author>Бачило А</author>
	<title>Впереди - вечность</title>
	<filename>RUFANT/BACHILO/wechnost.txt</filename>
</book>
<book>
	<author>Беляев А</author>
	<title>Ариэль</title>
	<filename>RUFANT/BELAEW/ariel.txt</filename>
</book>
<book>
	<author>Беляев А</author>
	<title>Над бездной</title>
	<filename>RUFANT/BELAEW/bezdna.txt</filename>
</book>
<book>
	<author>Беляев А</author>
	<title>Голова профессора Доуэля</title>
	<filename>RUFANT/BELAEW/doul.txt</filename>
</book>
<book>
	<author>Беляев А</author>
	<title>Хойти-Тойти</title>
	<filename>RUFANT/BELAEW/hojti.txt</filename>
</book>
<book>
	<author>Беляев А</author>
	<title>Остров погибших кораблей</title>
	<filename>RUFANT/BELAEW/island.txt</filename>
</book>
<book>
	<author>Беляев А</author>
	<title>Человек, нашедший свое лицо</title>
	<filename>RUFANT/BELAEW/manfound.txt</filename>
</book>
<book>
	<author></author>
	<title>Текстография Александра Беляева</title>
	<filename>RUFANT/BELAEW/texts.txt</filename>
</book>
<book>
	<author>Белянин А</author>
	<title>Свирепый ландграф</title>
	<filename>RUFANT/BELYANIN/sword2.txt</filename>
</book>
<book>
	<author>Белянин А</author>
	<title>Меч Без Имени</title>
	<filename>RUFANT/BELYANIN/sword.txt</filename>
</book>
<book>
	<author>Бенилов Е</author>
	<title>Тысяча девятьсот восемьдесят пятый</title>
	<filename>RUFANT/BENILOW/1985.txt</filename>
</book>
<book>
	<author>Бенилов Е</author>
	<title>От автора</title>
	<filename>RUFANT/BENILOW/about.txt</filename>
</book>
<book>
	<author>Беляева Ю, Бенилов  Е</author>
	<title>В Бирмингеме обещают дождь</title>
	<filename>RUFANT/BENILOW/birmingem.txt</filename>
</book>
<book>
	<author>Бенилов Е, Беляева  Ю</author>
	<title>Проделки купидона</title>
	<filename>RUFANT/BENILOW/kupidon.txt</filename>
</book>
<book>
	<author>Бенилов Е</author>
	<title>Человек, который хотел понять все</title>
	<filename>RUFANT/BENILOW/man.txt</filename>
</book>
<book>
	<author>Биленкин Д</author>
	<title>Уик-энд</title>
	<filename>RUFANT/BILENKIN/bilenkin1.txt</filename>
</book>
<book>
	<author>Биленкин Д</author>
	<title>Диктатор и время</title>
	<filename>RUFANT/BILENKIN/bilenkin2.txt</filename>
</book>
<book>
	<author>Биленкин Д</author>
	<title>Контакт на уровне</title>
	<filename>RUFANT/BILENKIN/bilenkin3.txt</filename>
</book>
<book>
	<author>Биленкин Д</author>
	<title>Небо в алмазах</title>
	<filename>RUFANT/BILENKIN/diamonds.txt</filename>
</book>
<book>
	<author>Биленкин Д</author>
	<title>Ледниковая драма</title>
	<filename>RUFANT/BILENKIN/icedrama.txt</filename>
</book>
<book>
	<author>Биленкин Д</author>
	<title>Если знать</title>
	<filename>RUFANT/BILENKIN/if_know.txt</filename>
</book>
<book>
	<author>Биленкин Д</author>
	<title>Десант на Меркурий</title>
	<filename>RUFANT/BILENKIN/merkurij.txt</filename>
</book>
<book>
	<author>Биленкин Д</author>
	<title>Обыкновенная минеральная вода</title>
	<filename>RUFANT/BILENKIN/minwater.txt</filename>
</book>
<book>
	<author>Биленкин Д</author>
	<title>Адский модерн</title>
	<filename>RUFANT/BILENKIN/modern.txt</filename>
</book>
<book>
	<author>Биленкин Д</author>
	<title>Море всех рек...</title>
	<filename>RUFANT/BILENKIN/more.txt</filename>
</book>
<book>
	<author>Биленкин Д</author>
	<title>Не будьте мистиком!</title>
	<filename>RUFANT/BILENKIN/mystic.txt</filename>
</book>
<book>
	<author>Бояндин К</author>
	<title>Ралион I-VII (фрагменты 7 повестей)</title>
	<filename>RUFANT/BOYANDIN/fragm_r01s.txt</filename>
</book>
<book>
	<author>Бояндин К</author>
	<title>Пари (рассказ, истории Ралиона I)</title>
	<filename>RUFANT/BOYANDIN/rs1_rus.txt</filename>
</book>
<book>
	<author>Бояндин К</author>
	<title>Чистильщики (рассказ, истории Ралиона II)</title>
	<filename>RUFANT/BOYANDIN/rs2_rus.txt</filename>
</book>
<book>
	<author>Бояндин К</author>
	<title>Привилегия хозяина (рассказ, истории Ралиона III)</title>
	<filename>RUFANT/BOYANDIN/rs3_rus.txt</filename>
</book>
<book>
	<author>Бояндин К</author>
	<title>Немного о героях (рассказ, истории Ралиона IV)</title>
	<filename>RUFANT/BOYANDIN/rs4_rus.txt</filename>
</book>
<book>
	<author>Бояндин К</author>
	<title>Безвозмездный дар (рассказ, истории Ралиона V)</title>
	<filename>RUFANT/BOYANDIN/rs5_rus.txt</filename>
</book>
<book>
	<author>Бояндин К</author>
	<title>...И никаких вопросов!(рассказ, истории Ралиона VI)</title>
	<filename>RUFANT/BOYANDIN/rs6_rus.txt</filename>
</book>
<book>
	<author>Бояндин К</author>
	<title>Все в полном порядке, (истории Ралиона, 7)</title>
	<filename>RUFANT/BOYANDIN/rs7_rus.txt</filename>
</book>
<book>
	<author>Бояндин К Ю</author>
	<title>Привкус Древности, (истории Ралиона, 9)</title>
	<filename>RUFANT/BOYANDIN/rs9_rus.txt</filename>
</book>
<book>
	<author>Петухова Т</author>
	<title>Ворон (Победить черную собаку, Ралион It)</title>
	<filename>RUFANT/BOYANDIN/t01s_rus.txt</filename>
</book>
<book>
	<author>Брайдер Ю, Чадович  Н</author>
	<title>Телепатическое Ружье</title>
	<filename>RUFANT/BRIDER/wlast.txt</filename>
</book>
<book>
	<author>Бушков А</author>
	<title>Рыцарь из ниоткуда</title>
	<filename>RUFANT/BUSHKOW/knight.txt</filename>
</book>
<book>
	<author>Бушков А</author>
	<title>Легенды грустный плен</title>
	<filename>RUFANT/BUSHKOW/legend.txt</filename>
</book>
<book>
	<author>Бушков А</author>
	<title>Летающие острова</title>
	<filename>RUFANT/BUSHKOW/ostrow.txt</filename>
</book>
<book>
	<author></author>
	<title>Рецензия: Александр Бушков "Возвращение пираньи"</title>
	<filename>RUFANT/BUSHKOW/rec_pir.txt</filename>
</book>
<book>
	<author>Бушков А</author>
	<title>Россия, которой не было: загадки, версии, гипотезы</title>
	<filename>RUFANT/BUSHKOW/rossia.txt</filename>
</book>
<book>
	<author>Бушков А</author>
	<title>Великолепные гепарды</title>
	<filename>RUFANT/BUSHKOW/vel_gep.txt</filename>
</book>
<book>
	<author>Дашков А</author>
	<title>Домашнее животное</title>
	<filename>RUFANT/DASHKOW/domashn.txt</filename>
</book>
<book>
	<author>Дашков А</author>
	<title>Кормление черной собаки</title>
	<filename>RUFANT/DASHKOW/korm.txt</filename>
</book>
<book>
	<author>Деркач В</author>
	<title>Тот, кто всегда с тобой</title>
	<filename>RUFANT/DERKACH/always.txt</filename>
</book>
<book>
	<author>Деркач В</author>
	<title>Город потерянных ангелов</title>
	<filename>RUFANT/DERKACH/angel.txt</filename>
</book>
<book>
	<author>Деркач В</author>
	<title>Лабиринт</title>
	<filename>RUFANT/DERKACH/maze.txt</filename>
</book>
<book>
	<author>Деркач В</author>
	<title>Меч митры, пепел и тим</title>
	<filename>RUFANT/DERKACH/mitra.txt</filename>
</book>
<book>
	<author>Деркач В</author>
	<title>Мой черный принц</title>
	<filename>RUFANT/DERKACH/prince.txt</filename>
</book>
<book>
	<author>Деркач В</author>
	<title>Твое отражение</title>
	<filename>RUFANT/DERKACH/reflection.txt</filename>
</book>
<book>
	<author>Деркач В</author>
	<title>Возвращение</title>
	<filename>RUFANT/DERKACH/return.txt</filename>
</book>
<book>
	<author>Деркач В</author>
	<title>Восковые крылья любви</title>
	<filename>RUFANT/DERKACH/wings.txt</filename>
</book>
<book>
	<author>Деркач В</author>
	<title>Сказка об искателе вчерашнего дня</title>
	<filename>RUFANT/DERKACH/yesterday.txt</filename>
</book>
<book>
	<author>Другаль С</author>
	<title>Василиск</title>
	<filename>RUFANT/DRUGAL/vasilisk.txt</filename>
</book>
<book>
	<author>Емцев М, Парнов  Е</author>
	<title>Снежок</title>
	<filename>RUFANT/EMCEW/snow.txt</filename>
</book>
<book>
	<author>Фрай М</author>
	<title>Болтливый мертвец</title>
	<filename>RUFANT/FRY/bm.txt</filename>
</book>
<book>
	<author>Фрай М</author>
	<title>Темная сторона</title>
	<filename>RUFANT/FRY/frei_tem.txt</filename>
</book>
<book>
	<author>Фрай М</author>
	<title>Волонтеры Вечности</title>
	<filename>RUFANT/FRY/frei_vol.txt</filename>
</book>
<book>
	<author>Фрай М</author>
	<title>Лабиринт</title>
	<filename>RUFANT/FRY/fry_labirint.txt</filename>
</book>
<book>
	<author>Фрай М</author>
	<title>Гнезда Химер</title>
	<filename>RUFANT/FRY/himery1.txt</filename>
</book>
<book>
	<author>Фрай М</author>
	<title>Гнезда Химер</title>
	<filename>RUFANT/FRY/himery2.txt</filename>
</book>
<book>
	<author>Фрай М</author>
	<title>Зеленые воды Ишмы</title>
	<filename>RUFANT/FRY/navazhd1.txt</filename>
</book>
<book>
	<author>Фрай М</author>
	<title>Сладкие грезы "Гравви"</title>
	<filename>RUFANT/FRY/navazhd2.txt</filename>
</book>
<book>
	<author>Фрай М</author>
	<title>Идеальный роман</title>
	<filename>RUFANT/FRY/roman.txt</filename>
</book>
<book>
	<author>Фрай М</author>
	<title>Вершитель</title>
	<filename>RUFANT/FRY/vershitl.txt</filename>
</book>
<book>
	<author>Фрай М</author>
	<title>Возвращение Угурбадо</title>
	<filename>RUFANT/FRY/vlast18.txt</filename>
</book>
<book>
	<author>Фрай М</author>
	<title>Гугландские топи</title>
	<filename>RUFANT/FRY/vlast19.txt</filename>
</book>
<book>
	<author>Гайдамака Н</author>
	<title>Меченая молнией</title>
	<filename>RUFANT/GAJDAMAKA/mech_mol.txt</filename>
</book>
<book>
	<author>Гансовский С</author>
	<title>День гнева</title>
	<filename>RUFANT/GANSOWSKIJ/dg.txt</filename>
</book>
<book>
	<author>Герасимов С</author>
	<title>Закат в Заливе Циклопов</title>
	<filename>RUFANT/GERASIMOW/zakat.txt</filename>
</book>
<book>
	<author>Головачев В</author>
	<title>Демон</title>
	<filename>RUFANT/GOLOWACHEW/demon.txt</filename>
</book>
<book>
	<author>Головачев В</author>
	<title>Владыки</title>
	<filename>RUFANT/GOLOWACHEW/dominion.txt</filename>
</book>
<book>
	<author>Головачев В</author>
	<title>Истребитель закона</title>
	<filename>RUFANT/GOLOWACHEW/istrebit.txt</filename>
</book>
<book>
	<author>Головачев В</author>
	<title>Калиюга</title>
	<filename>RUFANT/GOLOWACHEW/kaliyuga.txt</filename>
</book>
<book>
	<author>Головачев В</author>
	<title>И возмездие со мною</title>
	<filename>RUFANT/GOLOWACHEW/manofwar.txt</filename>
</book>
<book>
	<author>Головачев В</author>
	<title>Непредвиденные встречи</title>
	<filename>RUFANT/GOLOWACHEW/meetings.txt</filename>
</book>
<book>
	<author>Головачев В</author>
	<title>Отклонение к совершенству</title>
	<filename>RUFANT/GOLOWACHEW/otklon.txt</filename>
</book>
<book>
	<author>Голубев Г</author>
	<title>Тайна пирамиды Хирена</title>
	<filename>RUFANT/GOLUBEW/tajna.txt</filename>
</book>
<book>
	<author>Гор Г</author>
	<title>Мальчик</title>
	<filename>RUFANT/GOR_G/malchik.txt</filename>
</book>
<book>
	<author>Григорьев В</author>
	<title>Образца 1919-го</title>
	<filename>RUFANT/GRIGORIEV_V/year1919.txt</filename>
</book>
<book>
	<author>Громов А</author>
	<title>Всяк сверчок</title>
	<filename>RUFANT/GROMOV_A/cricket.txt</filename>
</book>
<book>
	<author>Громов А</author>
	<title>Наработка на отказ</title>
	<filename>RUFANT/GROMOV_A/fullwork.txt</filename>
</book>
<book>
	<author>Громов А</author>
	<title>Вопрос права</title>
	<filename>RUFANT/GROMOV_A/justice.txt</filename>
</book>
<book>
	<author>Громов А</author>
	<title>Мягкая посадка</title>
	<filename>RUFANT/GROMOV_A/planting.txt</filename>
</book>
<book>
	<author>Громов А</author>
	<title>Такой же, как вы</title>
	<filename>RUFANT/GROMOV_A/same_you.txt</filename>
</book>
<book>
	<author>Громов А</author>
	<title>Текодонт</title>
	<filename>RUFANT/GROMOV_A/tekodont.txt</filename>
</book>
<book>
	<author>Гуляковский Е</author>
	<title>Сезон туманов</title>
	<filename>RUFANT/GULYAKOWSKIJ/fogseasn.txt</filename>
</book>
<book>
	<author>Кацура Л</author>
	<title>Мир прекрасен</title>
	<filename>RUFANT/KACURA/mir.txt</filename>
</book>
<book>
	<author>Казанцев А</author>
	<title>Колокол солнца</title>
	<filename>RUFANT/KAZANCEW/sunkolokol.txt</filename>
</book>
<book>
	<author>Казанцев А</author>
	<title>Рассказы</title>
	<filename>RUFANT/KAZANCEW/wzryw.txt</filename>
</book>
<book>
	<author>Колпаков А</author>
	<title>Альфа Эридана</title>
	<filename>RUFANT/KOLPAKOW/eridan.txt</filename>
</book>
<book>
	<author>Кертц К</author>
	<title>Камбер Кулдский</title>
	<filename>RUFANT/KURTS/derini1.txt</filename>
</book>
<book>
	<author>Кертц К</author>
	<title>Святой Камбер</title>
	<filename>RUFANT/KURTS/derini2.txt</filename>
</book>
<book>
	<author>Кертц К</author>
	<title>Камбер - еретик</title>
	<filename>RUFANT/KURTS/derini3.txt</filename>
</book>
<book>
	<author>Кертц К</author>
	<title>Магия дерини</title>
	<filename>RUFANT/KURTS/magia.txt</filename>
</book>
<book>
	<author>Ларионова О</author>
	<title>Чакра  Кентавра</title>
	<filename>RUFANT/LARIONOWA/chakra.txt</filename>
</book>
<book>
	<author>Ларионова О</author>
	<title>Соната Ужа</title>
	<filename>RUFANT/LARIONOWA/larion1.txt</filename>
</book>
<book>
	<author>Ларионова О</author>
	<title>Поздравление</title>
	<filename>RUFANT/LARIONOWA/larion.txt</filename>
</book>
<book>
	<author>Ларионова О</author>
	<title>Леопард с вершины Килиманджаро</title>
	<filename>RUFANT/LARIONOWA/leopard.txt</filename>
</book>
<book>
	<author>Ларионова О</author>
	<title>Сказка королей</title>
	<filename>RUFANT/LARIONOWA/skazka.txt</filename>
</book>
<book>
	<author>Латынина Ю</author>
	<title>Дело о лазоревом письме</title>
	<filename>RUFANT/LATYNINA/emp2.txt</filename>
</book>
<book>
	<author>Латынина Ю</author>
	<title>Дело о пропавшем боге</title>
	<filename>RUFANT/LATYNINA/emp3.txt</filename>
</book>
<book>
	<author>Латынина Ю</author>
	<title>Колдуны и министры</title>
	<filename>RUFANT/LATYNINA/empire_4.txt</filename>
</book>
<book>
	<author>Латынина Ю</author>
	<title>Инсайдер</title>
	<filename>RUFANT/LATYNINA/insajder.txt</filename>
</book>
<book>
	<author>Латынина Ю</author>
	<title>Повесть о благонравном мятежнике</title>
	<filename>RUFANT/LATYNINA/modrebel.txt</filename>
</book>
<book>
	<author>Латынина Ю</author>
	<title>Сазан</title>
	<filename>RUFANT/LATYNINA/sazan.txt</filename>
</book>
<book>
	<author>Латынина Ю</author>
	<title>Сто полей</title>
	<filename>RUFANT/LATYNINA/stopolej.txt</filename>
</book>
<book>
	<author>Латынина Ю</author>
	<title>Повесть о Золотом Государе</title>
	<filename>RUFANT/LATYNINA/zlotoj.txt</filename>
</book>
<book>
	<author>Легостаев А</author>
	<title>Дурной Билл</title>
	<filename>RUFANT/LEGOSTAEW/bill.txt</filename>
</book>
<book>
	<author>Легостаев А</author>
	<title>Хонсепсия</title>
	<filename>RUFANT/LEGOSTAEW/concept.txt</filename>
</book>
<book>
	<author>Легостаев А</author>
	<title>Трон Валузии</title>
	<filename>RUFANT/LEGOSTAEW/kull.txt</filename>
</book>
<book>
	<author>Легостаев А</author>
	<title>Наследник Алвисида (книга 1)</title>
	<filename>RUFANT/LEGOSTAEW/love1.txt</filename>
</book>
<book>
	<author>Легостаев А</author>
	<title>Наследник Алвисида (книга 2)</title>
	<filename>RUFANT/LEGOSTAEW/love2.txt</filename>
</book>
<book>
	<author>Легостаев А</author>
	<title>Наследник Алвисида (книга 3)</title>
	<filename>RUFANT/LEGOSTAEW/love3.txt</filename>
</book>
<book>
	<author>Легостаев А</author>
	<title>Замок пятнистой розы</title>
	<filename>RUFANT/LEGOSTAEW/roza.txt</filename>
</book>
<book>
	<author>Легостаев А</author>
	<title>Разбитые скрижали</title>
	<filename>RUFANT/LEGOSTAEW/skrizhali.txt</filename>
</book>
<book>
	<author>Лыхвар А</author>
	<title>Обратная сторона</title>
	<filename>RUFANT/LYHWAR/obr.txt</filename>
</book>
<book>
	<author>Лыхвар А</author>
	<title>Западня</title>
	<filename>RUFANT/LYHWAR/zapadnya.txt</filename>
</book>
<book>
	<author>Мартынов Г</author>
	<title>Каллисто</title>
	<filename>RUFANT/MARTYNOW/kallisto.txt</filename>
</book>
<book>
	<author>Матвеева Т</author>
	<title>Башня ангелов</title>
	<filename>RUFANT/MATWEEWA/angelstower.txt</filename>
</book>
<book>
	<author>Мелентьев В</author>
	<title>33 марта. 2005 год</title>
	<filename>RUFANT/MELENTIEW/33marta.txt</filename>
</book>
<book>
	<author>Михайлов В</author>
	<title>Люди Приземелья</title>
	<filename>RUFANT/MIHAJLOW_W/spaceman.txt</filename>
</book>
<book>
	<author>Михайлов В</author>
	<title>Вариант "И"</title>
	<filename>RUFANT/MIHAJLOW_W/version.txt</filename>
</book>
<book>
	<author>Мошковский А</author>
	<title>Пятеро в звездолете</title>
	<filename>RUFANT/MOSHKOVSKIJ/5inzvezdolet.txt</filename>
</book>
<book>
	<author>Мзареулов К</author>
	<title>Хорек в мышеловке</title>
	<filename>RUFANT/MZAREULOV/murder.txt</filename>
</book>
<book>
	<author>Назаров В</author>
	<title>Нарушитель</title>
	<filename>RUFANT/NAZAROW/narushit.txt</filename>
</book>
<book>
	<author>Назаров В</author>
	<title>Силайское яблоко</title>
	<filename>RUFANT/NAZAROW/silay.txt</filename>
</book>
<book>
	<author>Райт Д</author>
	<title>Рильме гфурку</title>
	<filename>RUFANT/NESTERENKO/exanvill.txt</filename>
</book>
<book>
	<author>Обручев В А</author>
	<title>Плутония</title>
	<filename>RUFANT/OBRUCHEV/plutonia.txt</filename>
</book>
<book>
	<author>Петухов Ю</author>
	<title>Звездная месть</title>
	<filename>RUFANT/PETUHOW/revenge.txt</filename>
</book>
<book>
	<author>Пищенко В</author>
	<title>Замок ужаса</title>
	<filename>RUFANT/PISHENKO/zamok.txt</filename>
</book>
<book>
	<author>Польшаков А</author>
	<title>Воскрешение</title>
	<filename>RUFANT/POLSHAKOV/woskreshenie.txt</filename>
</book>
<book>
	<author>Пухов М</author>
	<title>Два лика Хроноса</title>
	<filename>RUFANT/PUHOW/hronos.txt</filename>
</book>
<book>
	<author>Пухов М</author>
	<title>Операция "Прогрессор"</title>
	<filename>RUFANT/PUHOW/progressr.txt</filename>
</book>
<book>
	<author>Пухов М</author>
	<title>Рассказы</title>
	<filename>RUFANT/PUHOW/rasskazy.txt</filename>
</book>
<book>
	<author>Пухов М</author>
	<title>Станет светлее</title>
	<filename>RUFANT/PUHOW/swetlee.txt</filename>
</book>
<book>
	<author>Пухов М</author>
	<title>Брошен ввысь</title>
	<filename>RUFANT/PUHOW/throw_up.txt</filename>
</book>
<book>
	<author>Пухов М</author>
	<title>Терминатор</title>
	<filename>RUFANT/PUHOW/transp.txt</filename>
</book>
<book>
	<author>Резанова Н</author>
	<title>Последняя крепость</title>
	<filename>RUFANT/REZANOWA/krepost.txt</filename>
</book>
<book>
	<author>Резанова Н</author>
	<title>Золотая голова</title>
	<filename>RUFANT/REZANOWA/zoloto.txt</filename>
</book>
<book>
	<author>Росоховатский И</author>
	<title>Принцип надежности</title>
	<filename>RUFANT/ROSOHWATSKIJ/nadezhnost.txt</filename>
</book>
<book>
	<author>Самсонов Ю</author>
	<title>Стеклянный корабль</title>
	<filename>RUFANT/SAMSONOV/korabl.txt</filename>
</book>
<book>
	<author></author>
	<title>Владимир Иванович Савченко: биографическая справка</title>
	<filename>RUFANT/SAWCHENKO/biography.txt</filename>
</book>
<book>
	<author>Савченко В</author>
	<title>Вторая экспедиция на странную планету</title>
	<filename>RUFANT/SAWCHENKO/exp.txt</filename>
</book>
<book>
	<author>Савченко В</author>
	<title>Испытание истиной</title>
	<filename>RUFANT/SAWCHENKO/istina.txt</filename>
</book>
<book>
	<author>Савченко В</author>
	<title>Пятое измерение</title>
	<filename>RUFANT/SAWCHENKO/izmerenie.txt</filename>
</book>
<book>
	<author>Савченко В</author>
	<title>Новое оружие</title>
	<filename>RUFANT/SAWCHENKO/oruzhie.txt</filename>
</book>
<book>
	<author>Савченко В</author>
	<title>Открытие себя</title>
	<filename>RUFANT/SAWCHENKO/otkrytie.txt</filename>
</book>
<book>
	<author>Савченко В</author>
	<title>Час таланта</title>
	<filename>RUFANT/SAWCHENKO/talant.txt</filename>
</book>
<book>
	<author>Семенова М</author>
	<title>Волкодав</title>
	<filename>RUFANT/SEMENOWA/wolkodaw.txt</filename>
</book>
<book>
	<author>Семенова М</author>
	<title>Поединок со змеем</title>
	<filename>RUFANT/SEMENOWA/zmej.txt</filename>
</book>
<book>
	<author>Щупов А</author>
	<title>Никто не устоит перед кино</title>
	<filename>RUFANT/SHUPOW/kino.txt</filename>
</book>
<book>
	<author>Щупов А</author>
	<title>Очередь</title>
	<filename>RUFANT/SHUPOW/ochered.txt</filename>
</book>
<book>
	<author>Щупов А</author>
	<title>Стихи</title>
	<filename>RUFANT/SHUPOW/stihi.txt</filename>
</book>
<book>
	<author>Скаландис А, Граррисон  Г</author>
	<title>Возвращение в мир смерти</title>
	<filename>RUFANT/SKALANDIS/deathworld4.txt</filename>
</book>
<book>
	<author>Скаландис) А М (</author>
	<title>Мир смерти против флибустьеров</title>
	<filename>RUFANT/SKALANDIS/deathworld5.txt</filename>
</book>
<book>
	<author>Скаландис А</author>
	<title>Мир Смерти и твари из преисподней</title>
	<filename>RUFANT/SKALANDIS/deathworld6.txt</filename>
</book>
<book>
	<author></author>
	<title>Сергей Смирнов: об авторе</title>
	<filename>RUFANT/SMIRNOW_S/about.txt</filename>
</book>
<book>
	<author>Смирнов С</author>
	<title>Милая мамочка</title>
	<filename>RUFANT/SMIRNOW_S/mama.txt</filename>
</book>
<book>
	<author>Смирнов С</author>
	<title>Спокойной ночи, ночь</title>
	<filename>RUFANT/SMIRNOW_S/noch.txt</filename>
</book>
<book>
	<author>Смирнов С</author>
	<title>One way ticket</title>
	<filename>RUFANT/SMIRNOW_S/oneway.txt</filename>
</book>
<book>
	<author>Смирнов С</author>
	<title>Солнце для мертвых</title>
	<filename>RUFANT/SMIRNOW_S/sontse.txt</filename>
</book>
<book>
	<author>Снегов С</author>
	<title>Галактическая разведка</title>
	<filename>RUFANT/SNEGOW/asgods_1.txt</filename>
</book>
<book>
	<author>Снегов С</author>
	<title>Вторжение в Персей</title>
	<filename>RUFANT/SNEGOW/asgods_2.txt</filename>
</book>
<book>
	<author>Снегов С</author>
	<title>Кольцо обратного времени</title>
	<filename>RUFANT/SNEGOW/asgods_3.txt</filename>
</book>
<book>
	<author>Снегов C</author>
	<title>Драма на Ниобее</title>
	<filename>RUFANT/SNEGOW/dramniob.txt</filename>
</book>
<book>
	<author>Снегов С</author>
	<title>Четыре друга</title>
	<filename>RUFANT/SNEGOW/drug.txt</filename>
</book>
<book>
	<author>Снегов С</author>
	<title>Право на поиск</title>
	<filename>RUFANT/SNEGOW/poisk.txt</filename>
</book>
<book>
	<author>Старков Д</author>
	<title>Отдаленное настоящее, или же FUTURE РЕRFECT</title>
	<filename>RUFANT/STARKOV/future.txt</filename>
</book>
<book>
	<author>Свержин В</author>
	<title>Закон Единорога</title>
	<filename>RUFANT/SWERZHIN/edinorog.txt</filename>
</book>
<book>
	<author>Немировский Б, Талалаев  В</author>
	<title>Детские игры</title>
	<filename>RUFANT/TALALAEW/riadan1.txt</filename>
</book>
<book>
	<author>Талалаев В, Дубинин  Г</author>
	<title>Воскресенье: пришел лесник и...</title>
	<filename>RUFANT/TALALAEW/riadan2.txt</filename>
</book>
<book>
	<author>Талалаев В, Дубинин  Г</author>
	<title>Рагнарек</title>
	<filename>RUFANT/TALALAEW/riadan3.txt</filename>
</book>
<book>
	<author>Немировский Б</author>
	<title>Сказки</title>
	<filename>RUFANT/TALALAEW/skazki.txt</filename>
</book>
<book>
	<author>Талалаев В</author>
	<title>"И воскреснут мертвые"</title>
	<filename>RUFANT/TALALAEW/strannik.txt</filename>
</book>
<book>
	<author>Талалаев В</author>
	<title>Свеча</title>
	<filename>RUFANT/TALALAEW/svecha.txt</filename>
</book>
<book>
	<author>Толчинский Б</author>
	<title>Нарбоннский вепрь</title>
	<filename>RUFANT/TOLCHINSKIJ/pax1.txt</filename>
</book>
<book>
	<author>Толчинский Б</author>
	<title>Божественный мир: Справочные материалы</title>
	<filename>RUFANT/TOLCHINSKIJ/pax2.txt</filename>
</book>
<book>
	<author>Торопов Е</author>
	<title>Место под Солнцем</title>
	<filename>RUFANT/TOROPOW/msun.txt</filename>
</book>
<book>
	<author>Торопов Е</author>
	<title>Хватит ли на всех пирацетама?</title>
	<filename>RUFANT/TOROPOW/pir.txt</filename>
</book>
<book>
	<author>Торопов Е</author>
	<title>В мире хищных зверей</title>
	<filename>RUFANT/TOROPOW/predator.txt</filename>
</book>
<book>
	<author>Торопов Е</author>
	<title>Запустение</title>
	<filename>RUFANT/TOROPOW/zapustenie.txt</filename>
</book>
<book>
	<author>Третьяков В</author>
	<title>Увидеть Дракона</title>
	<filename>RUFANT/TRETXQKOW/draco.txt</filename>
</book>
<book>
	<author>Третьяков В</author>
	<title>Игра в Грааль</title>
	<filename>RUFANT/TRETXQKOW/graal.txt</filename>
</book>
<book>
	<author>Угрюмова В</author>
	<title>Африка</title>
	<filename>RUFANT/UGRUMOVA/afryka.txt</filename>
</book>
<book>
	<author>Угрюмова В</author>
	<title>Правила для слонов</title>
	<filename>RUFANT/UGRUMOVA/elefant.txt</filename>
</book>
<book>
	<author>Угрюмова В</author>
	<title>Три эссе</title>
	<filename>RUFANT/UGRUMOVA/esse.txt</filename>
</book>
<book>
	<author>Угрюмова В</author>
	<title>Путеводитель для гнома</title>
	<filename>RUFANT/UGRUMOVA/gnom.txt</filename>
</book>
<book>
	<author>Угрюмова В</author>
	<title>Баллада о зонтике в клеточку</title>
	<filename>RUFANT/UGRUMOVA/grave.txt</filename>
</book>
<book>
	<author>Угрюмова В</author>
	<title>Лодочник</title>
	<filename>RUFANT/UGRUMOVA/haron.txt</filename>
</book>
<book>
	<author>Угрюмова В</author>
	<title>Два героя</title>
	<filename>RUFANT/UGRUMOVA/heroes.txt</filename>
</book>
<book>
	<author>Угрюмова В</author>
	<title>Дом там, где ты</title>
	<filename>RUFANT/UGRUMOVA/house.txt</filename>
</book>
<book>
	<author>Угрюмова В</author>
	<title>Вечный город</title>
	<filename>RUFANT/UGRUMOVA/kyiv.txt</filename>
</book>
<book>
	<author>Угрюмова В</author>
	<title>Монологики</title>
	<filename>RUFANT/UGRUMOVA/monolog.txt</filename>
</book>
<book>
	<author>Угрюмова В</author>
	<title>Жила-была елка</title>
	<filename>RUFANT/UGRUMOVA/new_year.txt</filename>
</book>
<book>
	<author>Угрюмова В</author>
	<title>Записки пингвина</title>
	<filename>RUFANT/UGRUMOVA/pinguin.txt</filename>
</book>
<book>
	<author>Валентинов А</author>
	<title>Золотая богиня</title>
	<filename>RUFANT/VALENTINOV/zolgogin.txt</filename>
</book>
<book>
	<author>Венгерова Е</author>
	<title>Рон</title>
	<filename>RUFANT/VEGEROVA/ron.txt</filename>
</book>
<book>
	<author>Вотрин В</author>
	<title>Возвратиться на Фолгар</title>
	<filename>RUFANT/VOTRIN/folgar.txt</filename>
</book>
<book>
	<author>Вотрин В</author>
	<title>Гермес</title>
	<filename>RUFANT/VOTRIN/hermes.txt</filename>
</book>
<book>
	<author>Вотрин В</author>
	<title>Человек бредущий</title>
	<filename>RUFANT/VOTRIN/homo.txt</filename>
</book>
<book>
	<author>Варшавский И</author>
	<title>Солнце заходит в Дономаге</title>
	<filename>RUFANT/WARSHWSKIJ/donomaga.txt</filename>
</book>
<book>
	<author>Варшавский И И</author>
	<title>Молекулярное кафе</title>
	<filename>RUFANT/WARSHWSKIJ/kafe.txt</filename>
</book>
<book>
	<author>Варшавский И И</author>
	<title>Лавка сновидений</title>
	<filename>RUFANT/WARSHWSKIJ/lawka.txt</filename>
</book>
<book>
	<author>Велтистов Е</author>
	<title>Гум-Гам</title>
	<filename>RUFANT/WELTISTOW/gumgam.txt</filename>
</book>
<book>
	<author>Велтистов Е</author>
	<title>Миллион и один день каникул</title>
	<filename>RUFANT/WELTISTOW/million.txt</filename>
</book>
<book>
	<author>Велтистов Е</author>
	<title>Классные и внеклассные приключения необыкновенных первоклассников</title>
	<filename>RUFANT/WELTISTOW/perwokl.txt</filename>
</book>
<book>
	<author>Якубовский А</author>
	<title>Аргус-12</title>
	<filename>RUFANT/YAKUBOWSKIJ/argus_12.txt</filename>
</book>
<book>
	<author>Залесский Я</author>
	<title>Шоферские будни</title>
	<filename>RUFANT/ZALESSKIJ/skalka.txt</filename>
</book>
<book>
	<author>Жемайтис С</author>
	<title>Большая лагуна</title>
	<filename>RUFANT/ZHEMAJTIS/laguna.txt</filename>
</book>
<book>
	<author>Жемайтис С</author>
	<title>Вечный ветер</title>
	<filename>RUFANT/ZHEMAJTIS/veter.txt</filename>
</book>
<book>
	<author></author>
	<title>Аннотации на книги Александра Зорича</title>
	<filename>RUFANT/ZORICH/annotacii.txt</filename>
</book>
<book>
	<author>Зорич А</author>
	<title>Последний Аватар (фрагменты романа)</title>
	<filename>RUFANT/ZORICH/avahtar.txt</filename>
</book>
<book>
	<author>Зорич А</author>
	<title>Карл, герцог (фрагменты романа)</title>
	<filename>RUFANT/ZORICH/carl.txt</filename>
</book>
<book>
	<author>Зорич А</author>
	<title>Введение в геральдику</title>
	<filename>RUFANT/ZORICH/introduc.txt</filename>
</book>
<book>
	<author>Зорич А</author>
	<title>Litteratura romana</title>
	<filename>RUFANT/ZORICH/litterat.txt</filename>
</book>
<book>
	<author>Зорич А</author>
	<title>Прикосновение</title>
	<filename>RUFANT/ZORICH/p03_touc.txt</filename>
</book>
<book>
	<author>Зорич А</author>
	<title>Клятвопреступники</title>
	<filename>RUFANT/ZORICH/p04_haul.txt</filename>
</book>
<book>
	<author>Зорич А</author>
	<title>О Сергамена!</title>
	<filename>RUFANT/ZORICH/p05_weas.txt</filename>
</book>
<book>
	<author>Зорич А</author>
	<title>Торговец сладостями</title>
	<filename>RUFANT/ZORICH/p06_swee.txt</filename>
</book>
<book>
	<author>Зорич А</author>
	<title>Образ подобия</title>
	<filename>RUFANT/ZORICH/p07_olen.txt</filename>
</book>
<book>
	<author>Зорич А</author>
	<title>Утешение</title>
	<filename>RUFANT/ZORICH/p09_frog.txt</filename>
</book>
<book>
	<author>Зорич А</author>
	<title>На сладкое</title>
	<filename>RUFANT/ZORICH/p12_prik.txt</filename>
</book>
<book>
	<author></author>
	<title>Рецензии на книги Александра Зорича</title>
	<filename>RUFANT/ZORICH/recenzii.txt</filename>
</book>
<book>
	<author>Зорич А</author>
	<title>Цикл о Звезднорожденных (фрагменты)</title>
	<filename>RUFANT/ZORICH/star_frg.txt</filename>
</book>
<book>
	<author>Зорич А</author>
	<title>Цикл о Своде Равновесия(фрагменты)</title>
	<filename>RUFANT/ZORICH/svod_frg.txt</filename>
</book>
<book>
	<author>Адамов А</author>
	<title>Идет розыск</title>
	<filename>RUSS_DETEKTIW/ADAMOW_A/rozysk.txt</filename>
</book>
<book>
	<author>Алексеев С</author>
	<title>Пришельцы</title>
	<filename>RUSS_DETEKTIW/ALEKSEEW_S/prishelcy.txt</filename>
</book>
<book>
	<author></author>
	<title>Марианна Баконина: об авторе</title>
	<filename>RUSS_DETEKTIW/BAKONINA/about.txt</filename>
</book>
<book>
	<author>Баконина М</author>
	<title>Школа двойников</title>
	<filename>RUSS_DETEKTIW/BAKONINA/dvojniki.txt</filename>
</book>
<book>
	<author>Березин М</author>
	<title>Пришла беда, откуда не ждали</title>
	<filename>RUSS_DETEKTIW/BEREZIN_M/kraj_2.txt</filename>
</book>
<book>
	<author>Березин М</author>
	<title>Кругом - сплошная ложь</title>
	<filename>RUSS_DETEKTIW/BEREZIN_M/kraj_3.txt</filename>
</book>
<book>
	<author>Березин М</author>
	<title>Пляска дервиша</title>
	<filename>RUSS_DETEKTIW/BEREZIN_M/kraj_n_1.txt</filename>
</book>
<book>
	<author>Бобров Л</author>
	<title>Нас было тринадцать</title>
	<filename>RUSS_DETEKTIW/BOBROW/our13.txt</filename>
</book>
<book>
	<author>Доценко В</author>
	<title>Любовь Бешеного</title>
	<filename>RUSS_DETEKTIW/DOCENKO/beshennyj08.txt</filename>
</book>
<book>
	<author>Доценко В</author>
	<title>Охота Бешеного</title>
	<filename>RUSS_DETEKTIW/DOCENKO/beshennyj09.txt</filename>
</book>
<book>
	<author>Доценко В</author>
	<title>Срок для Бешеного</title>
	<filename>RUSS_DETEKTIW/DOCENKO/mad_1.txt</filename>
</book>
<book>
	<author>Доценко В</author>
	<title>Тридцатого уничтожить!</title>
	<filename>RUSS_DETEKTIW/DOCENKO/mad_2.txt</filename>
</book>
<book>
	<author>воин И о в п</author>
	<title>Неожиданный гость</title>
	<filename>RUSS_DETEKTIW/IODIN/gost.txt</filename>
</book>
<book>
	<author>Корецкий Д</author>
	<title>Задержание</title>
	<filename>RUSS_DETEKTIW/KORECKIJ/Koret_01.txt</filename>
</book>
<book>
	<author>Корецкий Д</author>
	<title>Смягчающие обстоятельства</title>
	<filename>RUSS_DETEKTIW/KORECKIJ/Koret_02.txt</filename>
</book>
<book>
	<author>Корецкий Д</author>
	<title>Оперативный псевдоним</title>
	<filename>RUSS_DETEKTIW/KORECKIJ/Koret_03.txt</filename>
</book>
<book>
	<author>Корецкий Д</author>
	<title>Пешка в большой игре</title>
	<filename>RUSS_DETEKTIW/KORECKIJ/Koret_04.txt</filename>
</book>
<book>
	<author>Кожевников Л</author>
	<title>Смерть прокурора</title>
	<filename>RUSS_DETEKTIW/KOZHEWNIKOWL/prokuror.txt</filename>
</book>
<book>
	<author>Кукаркин Е</author>
	<title>Сначала страх...</title>
	<filename>RUSS_DETEKTIW/KUKARKIN/after_hr.txt</filename>
</book>
<book>
	<author>Кукаркин Е</author>
	<title>Принц</title>
	<filename>RUSS_DETEKTIW/KUKARKIN/angola.txt</filename>
</book>
<book>
	<author>Кукаркин Е</author>
	<title>Долгая дорога в преисподню</title>
	<filename>RUSS_DETEKTIW/KUKARKIN/atom.txt</filename>
</book>
<book>
	<author>Кукаркин Е</author>
	<title>Беженцы</title>
	<filename>RUSS_DETEKTIW/KUKARKIN/beven.txt</filename>
</book>
<book>
	<author></author>
	<title>Евгения Кукаркина: библиография</title>
	<filename>RUSS_DETEKTIW/KUKARKIN/bibliography.txt</filename>
</book>
<book>
	<author>Кукаркин Е</author>
	<title>Бизерта-X</title>
	<filename>RUSS_DETEKTIW/KUKARKIN/bizerta.txt</filename>
</book>
<book>
	<author>Кукаркин Е</author>
	<title>Будни после праздника</title>
	<filename>RUSS_DETEKTIW/KUKARKIN/bol.txt</filename>
</book>
<book>
	<author>Кукаркин Е</author>
	<title>Дальнобойщики</title>
	<filename>RUSS_DETEKTIW/KUKARKIN/dalnob.txt</filename>
</book>
<book>
	<author>Кукаркин Е</author>
	<title>Дельфинарий</title>
	<filename>RUSS_DETEKTIW/KUKARKIN/delfin.txt</filename>
</book>
<book>
	<author>Кукаркин Е</author>
	<title>Депутат</title>
	<filename>RUSS_DETEKTIW/KUKARKIN/deput1.txt</filename>
</book>
<book>
	<author>Кукаркин Е</author>
	<title>Эксперимент</title>
	<filename>RUSS_DETEKTIW/KUKARKIN/experim.txt</filename>
</book>
<book>
	<author>Кукаркин Е</author>
	<title>Фрагменты тюремной жизни</title>
	<filename>RUSS_DETEKTIW/KUKARKIN/fragment.txt</filename>
</book>
<book>
	<author>Кукаркин Е</author>
	<title>Дыхание кризиса</title>
	<filename>RUSS_DETEKTIW/KUKARKIN/krisis.txt</filename>
</book>
<book>
	<author>Кукаркин Е</author>
	<title>Кристалл</title>
	<filename>RUSS_DETEKTIW/KUKARKIN/krist.txt</filename>
</book>
<book>
	<author>Кукаркин Е</author>
	<title>Я - кукла</title>
	<filename>RUSS_DETEKTIW/KUKARKIN/kukla_w.txt</filename>
</book>
<book>
	<author>Кукаркин Е</author>
	<title>А был ли мальчик?</title>
	<filename>RUSS_DETEKTIW/KUKARKIN/mal.txt</filename>
</book>
<book>
	<author>Кукаркин Е</author>
	<title>Во всем виноват Мишка</title>
	<filename>RUSS_DETEKTIW/KUKARKIN/mik_falt.txt</filename>
</book>
<book>
	<author>Кукаркин Е</author>
	<title>Любой ценой</title>
	<filename>RUSS_DETEKTIW/KUKARKIN/morak.txt</filename>
</book>
<book>
	<author>Кукаркин Е</author>
	<title>Одиссея подводного диверсанта</title>
	<filename>RUSS_DETEKTIW/KUKARKIN/odiseya.txt</filename>
</book>
<book>
	<author>Кукаркин Е</author>
	<title>Рай</title>
	<filename>RUSS_DETEKTIW/KUKARKIN/parad_.txt</filename>
</book>
<book>
	<author>Кукаркин Е</author>
	<title>Горечь победы</title>
	<filename>RUSS_DETEKTIW/KUKARKIN/pirat.txt</filename>
</book>
<book>
	<author>Кукаркин Е</author>
	<title>Уборщики ада</title>
	<filename>RUSS_DETEKTIW/KUKARKIN/radij.txt</filename>
</book>
<book>
	<author>Кукаркин Е</author>
	<title>Метод беззакония</title>
	<filename>RUSS_DETEKTIW/KUKARKIN/taiga.txt</filename>
</book>
<book>
	<author>Кукаркин Е</author>
	<title>Смерть всегда движется рядом</title>
	<filename>RUSS_DETEKTIW/KUKARKIN/tank_.txt</filename>
</book>
<book>
	<author>Кукаркин Е</author>
	<title>Первый</title>
	<filename>RUSS_DETEKTIW/KUKARKIN/the_firs.txt</filename>
</book>
<book>
	<author>Кукаркин Е</author>
	<title>Курсы повышения квалификации</title>
	<filename>RUSS_DETEKTIW/KUKARKIN/torg.txt</filename>
</book>
<book>
	<author>Кукаркин Е</author>
	<title>Трофейщик</title>
	<filename>RUSS_DETEKTIW/KUKARKIN/trof.txt</filename>
</book>
<book>
	<author>Кукаркин Е</author>
	<title>Урок истории</title>
	<filename>RUSS_DETEKTIW/KUKARKIN/urok.txt</filename>
</book>
<book>
	<author>Кукаркин Е</author>
	<title>Трудно быть героем</title>
	<filename>RUSS_DETEKTIW/KUKARKIN/zlob.txt</filename>
</book>
<book>
	<author>Лавришко В</author>
	<title>Там есть такая штучка...</title>
	<filename>RUSS_DETEKTIW/LAWRISHKO/shtuchka.txt</filename>
</book>
<book>
	<author>Леонов Н</author>
	<title>Еще не вечер</title>
	<filename>RUSS_DETEKTIW/LEONOW/leonov01.txt</filename>
</book>
<book>
	<author>Леонов Н</author>
	<title>Бесплатных пирожных не бывает!</title>
	<filename>RUSS_DETEKTIW/LEONOW/leonov02.txt</filename>
</book>
<book>
	<author>Леонов Н</author>
	<title>Коррупция</title>
	<filename>RUSS_DETEKTIW/LEONOW/leonov03.txt</filename>
</book>
<book>
	<author>Дольд-Михайлик Ю</author>
	<title>У Черных рыцарей</title>
	<filename>RUSS_DETEKTIW/MIHAJLIK/black.txt</filename>
</book>
<book>
	<author>Дольд-Михайлик Ю</author>
	<title>И один в поле воин</title>
	<filename>RUSS_DETEKTIW/MIHAJLIK/iodin.txt</filename>
</book>
<book>
	<author>Михайличенко Е, Несис  Ю</author>
	<title>"Ахматовская культура" или "Не ложи мне на уши пасту!"</title>
	<filename>RUSS_DETEKTIW/NESIS/pasta.txt</filename>
</book>
<book>
	<author>Михайличенко Е, Несис  Ю</author>
	<title>Трое в одном морге, не считая собаки</title>
	<filename>RUSS_DETEKTIW/NESIS/troe.txt</filename>
</book>
<book>
	<author>Тополь Э</author>
	<title>Московский полет</title>
	<filename>RUSS_DETEKTIW/NEZTOP/polet.txt</filename>
</book>
<book>
	<author>Незнанский Ф, Тополь  Э</author>
	<title>Журналист для Брежнева или смертельные игры</title>
	<filename>RUSS_DETEKTIW/NEZTOP/zhurn.txt</filename>
</book>
<book>
	<author>Семенов Ю С</author>
	<title>Альтернатива (Весна 1941)</title>
	<filename>RUSS_DETEKTIW/SEMENOW_YU/alternativa.txt</filename>
</book>
<book>
	<author>Семенов Ю</author>
	<title>Экспансия - I</title>
	<filename>RUSS_DETEKTIW/SEMENOW_YU/ekspansia1.txt</filename>
</book>
<book>
	<author>Семенов Ю</author>
	<title>Экспансия - II</title>
	<filename>RUSS_DETEKTIW/SEMENOW_YU/ekspansia2.txt</filename>
</book>
<book>
	<author>Семенов Ю</author>
	<title>Экспансия - III</title>
	<filename>RUSS_DETEKTIW/SEMENOW_YU/ekspansia3.txt</filename>
</book>
<book>
	<author>Семенов Ю</author>
	<title>Мой гид</title>
	<filename>RUSS_DETEKTIW/SEMENOW_YU/gid.txt</filename>
</book>
<book>
	<author>Семенов Ю</author>
	<title>Семнадцать мгновений весны</title>
	<filename>RUSS_DETEKTIW/SEMENOW_YU/mnoweniya.txt</filename>
</book>
<book>
	<author>Семенов Ю</author>
	<title>Непримиримость</title>
	<filename>RUSS_DETEKTIW/SEMENOW_YU/neprimirimost.txt</filename>
</book>
<book>
	<author>Семенов Ю</author>
	<title>Приказано выжить</title>
	<filename>RUSS_DETEKTIW/SEMENOW_YU/prikaz_v.txt</filename>
</book>
<book>
	<author>Сидорский С</author>
	<title>Власть оружия</title>
	<filename>RUSS_DETEKTIW/SIDORSKIJ/oruzhie.txt</filename>
</book>
<book>
	<author>Сидорский С</author>
	<title>Криминальный замок (фрагмент нового романа)</title>
	<filename>RUSS_DETEKTIW/SIDORSKIJ/zamok.txt</filename>
</book>
<book>
	<author>Вайнер Г</author>
	<title>Бес в ребро</title>
	<filename>RUSS_DETEKTIW/WAJNERY/besrebro.txt</filename>
</book>
<book>
	<author>Вайнеры Б</author>
	<title>Завещание Колумба</title>
	<filename>RUSS_DETEKTIW/WAJNERY/zaveschan.txt</filename>
</book>
<book>
	<author>Вайнеры Б</author>
	<title>Эра Милосердия</title>
	<filename>RUSS_DETEKTIW/WAJNERY/zheglov.txt</filename>
</book>
<book>
	<author>Аверченко А</author>
	<title>Автобиография</title>
	<filename>RUSSLIT/AWERCHENKO/autobio.txt</filename>
</book>
<book>
	<author>Аверченко А</author>
	<title>Ложь</title>
	<filename>RUSSLIT/AWERCHENKO/false.txt</filename>
</book>
<book>
	<author>Аверченко А</author>
	<title>Ниночка</title>
	<filename>RUSSLIT/AWERCHENKO/ninochka.txt</filename>
</book>
<book>
	<author>Чаянов А</author>
	<title>Путешествие моего брата Алексея в страну крестьянской утопии</title>
	<filename>RUSSLIT/CHAQNOW/utopia.txt</filename>
</book>
<book>
	<author>Чаянов А</author>
	<title>Венедиктов или достопамятные события жизни моей</title>
	<filename>RUSSLIT/CHAQNOW/zhizn.txt</filename>
</book>
<book>
	<author>Фадеев А</author>
	<title>Разгром</title>
	<filename>RUSSLIT/FADEEW/razgrom.txt</filename>
</book>
<book>
	<author>Гиляровский В</author>
	<title>Москва и москвичи</title>
	<filename>RUSSLIT/GILQROWSKIJ/gilqrowskij.txt</filename>
</book>
<book>
	<author>Грин А</author>
	<title>Бегущая по волнам</title>
	<filename>RUSSLIT/GRIN/begush.txt</filename>
</book>
<book>
	<author>Грин А</author>
	<title>Сердце пустыни</title>
	<filename>RUSSLIT/GRIN/desheart.txt</filename>
</book>
<book>
	<author>Грин А</author>
	<title>Блистающий мир</title>
	<filename>RUSSLIT/GRIN/mir.txt</filename>
</book>
<book>
	<author>Грин А</author>
	<title>Алые паруса</title>
	<filename>RUSSLIT/GRIN/parusa.txt</filename>
</book>
<book>
	<author>Грин А</author>
	<title>Золотая цепь</title>
	<filename>RUSSLIT/GRIN/zolotaya.txt</filename>
</book>
<book>
	<author>Иванов Г</author>
	<title>Отрывок из повести "Распад атома"</title>
	<filename>RUSSLIT/IWANOWG/raspad_frag.txt</filename>
</book>
<book>
	<author>Иванов Г</author>
	<title>Распад атома</title>
	<filename>RUSSLIT/IWANOWG/raspad.txt</filename>
</book>
<book>
	<author>Мариенгоф А</author>
	<title>Циники</title>
	<filename>RUSSLIT/MARIENGOF/cynix.txt</filename>
</book>
<book>
	<author>Мариенгоф А</author>
	<title>Роман без вранья</title>
	<filename>RUSSLIT/MARIENGOF/roman.txt</filename>
</book>
<book>
	<author></author>
	<title>Об Иване Шмелеве (1873--1950)</title>
	<filename>RUSSLIT/SMELEW/about.txt</filename>
</book>
<book>
	<author>Шмелев И</author>
	<title>Неупиваемая чаша</title>
	<filename>RUSSLIT/SMELEW/chasha.txt</filename>
</book>
<book>
	<author>Тэффи Н</author>
	<title>Оборотни</title>
	<filename>RUSSLIT/TEFFI/oborotni.txt</filename>
</book>
<book>
	<author>Тэффи Н</author>
	<title>Собака</title>
	<filename>RUSSLIT/TEFFI/sobaka.txt</filename>
</book>
<book>
	<author>Тынянов Ю</author>
	<title>Подпоручик Киже</title>
	<filename>RUSSLIT/TYNYANOW/kizhe.txt</filename>
</book>
<book>
	<author>Вересаев В</author>
	<title>Звезда</title>
	<filename>RUSSLIT/WERESAEW/star.txt</filename>
</book>
<book>
	<author>Прокопов Т Ф</author>
	<title>Все написанное мною</title>
	<filename>RUSSLIT/ZAJCEW/zajcev1.txt</filename>
</book>
<book>
	<author>Зайцев Б</author>
	<title>Голубая звезда</title>
	<filename>RUSSLIT/ZAJCEW/zajcev2.txt</filename>
</book>
<book>
	<author>Прокопов Т Ф</author>
	<title>Все написанное мною лишь Россией и дышит</title>
	<filename>RUSSLIT/ZAJCEW/zajcewbio.txt</filename>
</book>
<book>
	<author>Рыбаков В</author>
	<title>Художник</title>
	<filename>RYBAKOW/artist.txt</filename>
</book>
<book>
	<author>Рыбаков В</author>
	<title>Носитель культуры</title>
	<filename>RYBAKOW/carrcult.txt</filename>
</book>
<book>
	<author>Рыбаков В</author>
	<title>Вечер пятницы</title>
	<filename>RYBAKOW/evfriday.txt</filename>
</book>
<book>
	<author>Рыбаков В</author>
	<title>Copyright notification</title>
	<filename>RYBAKOW/get_god.txt</filename>
</book>
<book>
	<author>Рыбаков В</author>
	<title>Великая сушь</title>
	<filename>RYBAKOW/gratedry.txt</filename>
</book>
<book>
	<author>Rybakov V</author>
	<title>Gravitavio "Carido"</title>
	<filename>RYBAKOW/graviletesp.txt</filename>
</book>
<book>
	<author>Рыбаков В</author>
	<title>Гравилет "Цесаревич"</title>
	<filename>RYBAKOW/gravilet.txt</filename>
</book>
<book>
	<author>Rybakov V</author>
	<title>Artist</title>
	<filename>RYBAKOW/hugo.txt</filename>
</book>
<book>
	<author>Рыбаков В</author>
	<title>Не успеть</title>
	<filename>RYBAKOW/neuspet.txt</filename>
</book>
<book>
	<author>Рыбаков В</author>
	<title>Давние потери</title>
	<filename>RYBAKOW/old_loss.txt</filename>
</book>
<book>
	<author>Рыбаков В</author>
	<title>Copyright notification</title>
	<filename>RYBAKOW/pullcord.txt</filename>
</book>
<book>
	<author>Рыбаков В</author>
	<title>Сказка об убежище</title>
	<filename>RYBAKOW/refuge.txt</filename>
</book>
<book>
	<author>Рыбаков В</author>
	<title>Copyright notification</title>
	<filename>RYBAKOW/rescue.txt</filename>
</book>
<book>
	<author>Рыбаков В</author>
	<title>Прощание славянки с мечтой</title>
	<filename>RYBAKOW/ribak-sl.txt</filename>
</book>
<book>
	<author>Rybakov V</author>
	<title>The trial sphere</title>
	<filename>RYBAKOW/sphere.txt</filename>
</book>
<book>
	<author>Рыбаков В</author>
	<title>Домоседы</title>
	<filename>RYBAKOW/stayhome.txt</filename>
</book>
<book>
	<author>Рыбаков В</author>
	<title>Свое оружие</title>
	<filename>RYBAKOW/theirarm.txt</filename>
</book>
<book>
	<author>Рыбаков В</author>
	<title>Copyright notification</title>
	<filename>RYBAKOW/trust.txt</filename>
</book>
<book>
	<author>Рыбаков В</author>
	<title>Copyright notification</title>
	<filename>RYBAKOW/water.txt</filename>
</book>
<book>
	<author>Рыбаков В</author>
	<title>Ветер и пустота</title>
	<filename>RYBAKOW/winemp.txt</filename>
</book>
<book>
	<author>Рыбаков В</author>
	<title>Зима</title>
	<filename>RYBAKOW/winter.txt</filename>
</book>
<book>
	<author>Рыбаков В</author>
	<title>Зеркало в ожидании</title>
	<filename>RYBAKOW/zer.txt</filename>
</book>

</books>

