<?xml version="1.0" encoding="UTF-8" ?>
<books>
<book>
	<author>Набоков В</author>
	<title>Как-то раз в Алеппо...</title>
	<filename>NABOKOW/aleppor.txt</filename>
</book>
<book>
	<author>Nabokov V</author>
	<title>"That in Aleppo Once..."</title>
	<filename>NABOKOW/aleppo.txt</filename>
</book>
<book>
	<author>Nabokov V</author>
	<title>Anniversary notes</title>
	<filename>NABOKOW/Anniversary.txt</filename>
</book>
<book>
	<author>Nabokov V</author>
	<title>The Assistant Producer</title>
	<filename>NABOKOW/ap.txt</filename>
</book>
<book>
	<author>Набоков В</author>
	<title>Смотри на Арлекинов (engl)</title>
	<filename>NABOKOW/arlekiny_engl.txt</filename>
</book>
<book>
	<author>Набоков В</author>
	<title>Бахман</title>
	<filename>NABOKOW/bachman.txt</filename>
</book>
<book>
	<author>Nabokov V</author>
	<title>Articles about butterflies</title>
	<filename>NABOKOW/batterfly.txt</filename>
</book>
<book>
	<author>Набоков В</author>
	<title>Путеводитель по Берлину</title>
	<filename>NABOKOW/berlinGuide.txt</filename>
</book>
<book>
	<author></author>
	<title>Основные издания произведений Владимира Набокова (Сирина)</title>
	<filename>NABOKOW/biblio.txt</filename>
</book>
<book>
	<author>Набоков В</author>
	<title>Благость</title>
	<filename>NABOKOW/blagost.txt</filename>
</book>
<book>
	<author>Набоков В</author>
	<title>Бритва</title>
	<filename>NABOKOW/britwa.txt</filename>
</book>
<book>
	<author>Набоков В</author>
	<title>Катастрофа</title>
	<filename>NABOKOW/catastprophe.txt</filename>
</book>
<book>
	<author>Набоков В</author>
	<title>Что всякий должен знать? (эссе)</title>
	<filename>NABOKOW/chto.txt</filename>
</book>
<book>
	<author>Nabokov V</author>
	<title>Conversation Piece, 1945</title>
	<filename>NABOKOW/convers.txt</filename>
</book>
<book>
	<author>Набоков В</author>
	<title>Дар</title>
	<filename>NABOKOW/dar.txt</filename>
</book>
<book>
	<author>Nabokov V</author>
	<title>The Dragon</title>
	<filename>NABOKOW/dragon.txt</filename>
</book>
<book>
	<author>Набоков В</author>
	<title>Драка</title>
	<filename>NABOKOW/draka.txt</filename>
</book>
<book>
	<author></author>
	<title> ПОПРАВКИ:</title>
	<filename>NABOKOW/drgberega.txt</filename>
</book>
<book>
	<author>Набоков В</author>
	<title>Картофельный эльф</title>
	<filename>NABOKOW/elf.txt</filename>
</book>
<book>
	<author>Набоков В</author>
	<title>Юбилей (Эссе)</title>
	<filename>NABOKOW/es_jub.txt</filename>
</book>
<book>
	<author>Набоков В</author>
	<title>Кэмбридж (Эссе)</title>
	<filename>NABOKOW/es_kem.txt</filename>
</book>
<book>
	<author>Набоков В</author>
	<title>Круг</title>
	<filename>NABOKOW/fial02.txt</filename>
</book>
<book>
	<author>Набоков В</author>
	<title>Королек</title>
	<filename>NABOKOW/fial03.txt</filename>
</book>
<book>
	<author>Набоков В</author>
	<title>Тяжелый дым</title>
	<filename>NABOKOW/fial04.txt</filename>
</book>
<book>
	<author>Набоков В</author>
	<title>Памяти Л.И.Шигаева</title>
	<filename>NABOKOW/fial05.txt</filename>
</book>
<book>
	<author>Набоков В</author>
	<title>Посещение музея</title>
	<filename>NABOKOW/fial06.txt</filename>
</book>
<book>
	<author>Набоков В</author>
	<title>Набор</title>
	<filename>NABOKOW/fial07.txt</filename>
</book>
<book>
	<author>Набоков В</author>
	<title>Лик</title>
	<filename>NABOKOW/fial08.txt</filename>
</book>
<book>
	<author>Набоков В</author>
	<title>Истребление тиранов</title>
	<filename>NABOKOW/fial09.txt</filename>
</book>
<book>
	<author>Набоков В</author>
	<title>Василий Шишков</title>
	<filename>NABOKOW/fial10.txt</filename>
</book>
<book>
	<author>Набоков В</author>
	<title>Адмиралтейская игла</title>
	<filename>NABOKOW/fial11.txt</filename>
</book>
<book>
	<author>Набоков В</author>
	<title>Облако, озеро, башня</title>
	<filename>NABOKOW/fial12.txt</filename>
</book>
<book>
	<author>Набоков В</author>
	<title>Уста к устам</title>
	<filename>NABOKOW/fial13.txt</filename>
</book>
<book>
	<author>Nabokov V</author>
	<title>First Love</title>
	<filename>NABOKOW/first.txt</filename>
</book>
<book>
	<author>Nabokov V</author>
	<title>A Forgotten Poet</title>
	<filename>NABOKOW/fogotten.txt</filename>
</book>
<book>
	<author>Nabokov V</author>
	<title>Gods</title>
	<filename>NABOKOW/gods.txt</filename>
</book>
<book>
	<author>Набоков В</author>
	<title>Гроза</title>
	<filename>NABOKOW/groza.txt</filename>
</book>
<book>
	<author>Набоков В</author>
	<title>О Ходасевиче (эссе)</title>
	<filename>NABOKOW/hodas.txt</filename>
</book>
<book>
	<author>Nabokov V</author>
	<title>Inspiration</title>
	<filename>NABOKOW/Inspiration.txt</filename>
</book>
<book>
	<author>interview N</author>
	<title>(01) Anonymous [1962]</title>
	<filename>NABOKOW/Inter01.txt</filename>
</book>
<book>
	<author>interview N</author>
	<title>(02)  BBC Television [1962]</title>
	<filename>NABOKOW/Inter02.txt</filename>
</book>
<book>
	<author>interview N</author>
	<title>(03)  Playboy [1964]</title>
	<filename>NABOKOW/Inter03.txt</filename>
</book>
<book>
	<author>interview N</author>
	<title>(04)  Life [1964]</title>
	<filename>NABOKOW/Inter04.txt</filename>
</book>
<book>
	<author>interview N</author>
	<title>(05)  TV-13 NY [1965]</title>
	<filename>NABOKOW/Inter05.txt</filename>
</book>
<book>
	<author>interview N</author>
	<title>(06)  Wisconsin Studies [1967]</title>
	<filename>NABOKOW/Inter06.txt</filename>
</book>
<book>
	<author>interview N</author>
	<title>(07)  The Paris Review [1967]</title>
	<filename>NABOKOW/Inter07.txt</filename>
</book>
<book>
	<author>interview N</author>
	<title>(08)  The New York Times Book Revie w [196</title>
	<filename>NABOKOW/Inter08.txt</filename>
</book>
<book>
	<author>interview N</author>
	<title>(09)  BBC-2 [1968]</title>
	<filename>NABOKOW/Inter09.txt</filename>
</book>
<book>
	<author>interview N</author>
	<title>(10)  Time [1969]</title>
	<filename>NABOKOW/Inter10.txt</filename>
</book>
<book>
	<author>interview N</author>
	<title>(11)  The New York Times [1969]</title>
	<filename>NABOKOW/Inter11.txt</filename>
</book>
<book>
	<author>interview N</author>
	<title>(12)  The Sunday Times [1969]</title>
	<filename>NABOKOW/Inter12.txt</filename>
</book>
<book>
	<author>interview N</author>
	<title>(13)  BBC-2 [1969]</title>
	<filename>NABOKOW/Inter13.txt</filename>
</book>
<book>
	<author>interview N</author>
	<title>(14)  Vogue [1969]</title>
	<filename>NABOKOW/Inter14.txt</filename>
</book>
<book>
	<author>interview N</author>
	<title>(15)  Novel [1970]</title>
	<filename>NABOKOW/Inter15.txt</filename>
</book>
<book>
	<author>interview N</author>
	<title>(16)  The New York Times [1971]</title>
	<filename>NABOKOW/Inter16.txt</filename>
</book>
<book>
	<author>interview N</author>
	<title>(17)  The New York Times Book Revie w [197</title>
	<filename>NABOKOW/Inter17.txt</filename>
</book>
<book>
	<author>interview N</author>
	<title>(18)  Swiss Broadcast [1972?</title>
	<filename>NABOKOW/Inter18.txt</filename>
</book>
<book>
	<author>interview N</author>
	<title>(19)  Bayerischer Rundfunk [1971-72</title>
	<filename>NABOKOW/Inter19.txt</filename>
</book>
<book>
	<author>interview N</author>
	<title>(20)  Anonymous ()Ў In</title>
	<filename>NABOKOW/Inter20.txt</filename>
</book>
<book>
	<author>interview N</author>
	<title>(21)  Vogue [1972]</title>
	<filename>NABOKOW/Inter21.txt</filename>
</book>
<book>
	<author>interview N</author>
	<title>(22)  Anonymous [1972]</title>
	<filename>NABOKOW/Inter22.txt</filename>
</book>
<book>
	<author>Набоков В</author>
	<title>Приглашение на казнь</title>
	<filename>NABOKOW/invitation.txt</filename>
</book>
<book>
	<author>Набоков В</author>
	<title>Король, дама, валет</title>
	<filename>NABOKOW/king.txt</filename>
</book>
<book>
	<author>Набоков В</author>
	<title>Ланс</title>
	<filename>NABOKOW/lance_r.txt</filename>
</book>
<book>
	<author>Nabokov V</author>
	<title>Lance</title>
	<filename>NABOKOW/lance.txt</filename>
</book>
<book>
	<author>Набоков В</author>
	<title>Предисловие к "Герою нашего времени"</title>
	<filename>NABOKOW/Lermontov.txt</filename>
</book>
<book>
	<author>Набоков В</author>
	<title>Лолита (english)</title>
	<filename>NABOKOW/lolitaengl.txt</filename>
</book>
<book>
	<author>Набоков В</author>
	<title>Лолита</title>
	<filename>NABOKOW/lolita.txt</filename>
</book>
<book>
	<author>Набоков В</author>
	<title>Защита Лужина</title>
	<filename>NABOKOW/luzhin.txt</filename>
</book>
<book>
	<author>Набоков В</author>
	<title>Машенька</title>
	<filename>NABOKOW/mary.txt</filename>
</book>
<book>
	<author>Набоков В</author>
	<title>Сцены из жизни двойного чудища</title>
	<filename>NABOKOW/monster.txt</filename>
</book>
<book>
	<author>Набоков В</author>
	<title>Смотри на Арлекинов! </title>
	<filename>NABOKOW/nab1.txt</filename>
</book>
<book>
	<author></author>
	<title>Nabokronology</title>
	<filename>NABOKOW/nabokr.txt</filename>
</book>
<book>
	<author>Набоков В</author>
	<title>Нежить</title>
	<filename>NABOKOW/nezhit.txt</filename>
</book>
<book>
	<author>Набоков В</author>
	<title>Камера обскура</title>
	<filename>NABOKOW/obscura.txt</filename>
</book>
<book>
	<author>Набоков В</author>
	<title>К переводу "Евгения Онегина"</title>
	<filename>NABOKOW/onegin.txt</filename>
</book>
<book>
	<author>Набоков В</author>
	<title>Крым</title>
	<filename>NABOKOW/p2crimea.txt</filename>
</book>
<book>
	<author>Набоков В</author>
	<title>Петербург ("Так вот он, прежний чародей...")</title>
	<filename>NABOKOW/p3spb1.txt</filename>
</book>
<book>
	<author>Набоков В</author>
	<title>Петербург ("Мне чудится в рождественское утро...")</title>
	<filename>NABOKOW/p4spb2.txt</filename>
</book>
<book>
	<author>Набоков В</author>
	<title>Из калмбрудовой поэмы "Ночное путешествие"</title>
	<filename>NABOKOW/p6nj.txt</filename>
</book>
<book>
	<author>Набоков В</author>
	<title>Слава</title>
	<filename>NABOKOW/p7glory.txt</filename>
</book>
<book>
	<author>Набоков В</author>
	<title>Парижская поэма</title>
	<filename>NABOKOW/p8paris.txt</filename>
</book>
<book>
	<author>Набоков В</author>
	<title>К кн. С.М.Качурину</title>
	<filename>NABOKOW/p9prince.txt</filename>
</book>
<book>
	<author>Люксембург А, Ильин  С</author>
	<title>Комментарий к роману "Бледное пламя"</title>
	<filename>NABOKOW/palefirecomm.txt</filename>
</book>
<book>
	<author>Набоков В</author>
	<title>Бледное пламя (hypertext-version)</title>
	<filename>NABOKOW/palefirehtm.txt</filename>
</book>
<book>
	<author>Набоков В</author>
	<title>Бледное пламя</title>
	<filename>NABOKOW/palefire.txt</filename>
</book>
<book>
	<author>Набоков В</author>
	<title>Пассажир</title>
	<filename>NABOKOW/passanger.txt</filename>
</book>
<book>
	<author>Набоков В</author>
	<title>Пильграм</title>
	<filename>NABOKOW/pilgram.txt</filename>
</book>
<book>
	<author>Набоков В</author>
	<title>Письмо в Россию</title>
	<filename>NABOKOW/pis_mo.txt</filename>
</book>
<book>
	<author>Набоков В</author>
	<title>Пнин (в переводе С.Ильина)</title>
	<filename>NABOKOW/Pnin.txt</filename>
</book>
<book>
	<author>Набоков В</author>
	<title>Подлец</title>
	<filename>NABOKOW/podlets.txt</filename>
</book>
<book>
	<author>Набоков В</author>
	<title>Забытый поэт</title>
	<filename>NABOKOW/poet.txt</filename>
</book>
<book>
	<author>Набоков В</author>
	<title>Порт</title>
	<filename>NABOKOW/port.txt</filename>
</book>
<book>
	<author>Набоков В</author>
	<title>Помощник режиссера</title>
	<filename>NABOKOW/producer.txt</filename>
</book>
<book>
	<author>Набоков В</author>
	<title>Пушкин, или Правда и правдоподобие (Эссе)</title>
	<filename>NABOKOW/Pushkin.txt</filename>
</book>
<book>
	<author>Набоков В</author>
	<title>Весна в Фиальте</title>
	<filename>NABOKOW/rassk16.txt</filename>
</book>
<book>
	<author>Клех И</author>
	<title>Убийство в Фиальте</title>
	<filename>NABOKOW/recenzkleh.txt</filename>
</book>
<book>
	<author>Nabokov V</author>
	<title>Revenge</title>
	<filename>NABOKOW/revenge.txt</filename>
</book>
<book>
	<author>Набоков В</author>
	<title>Символы Роу</title>
	<filename>NABOKOW/rou.txt</filename>
</book>
<book>
	<author>Nabokov V</author>
	<title>Rowe's symbols</title>
	<filename>NABOKOW/Rowe.txt</filename>
</book>
<book>
	<author>Набоков В</author>
	<title>Рождество</title>
	<filename>NABOKOW/rozhdestvo.txt</filename>
</book>
<book>
	<author>Набоков В</author>
	<title>Рождественский рассказ</title>
	<filename>NABOKOW/rozhdestw.txt</filename>
</book>
<book>
	<author>Nabokov V</author>
	<title>Russian Spoken Here</title>
	<filename>NABOKOW/russian.txt</filename>
</book>
<book>
	<author>Nabokov V</author>
	<title>Sartre's first try (Review)</title>
	<filename>NABOKOW/Sartre.txt</filename>
</book>
<book>
	<author>Nabokov V</author>
	<title>Scenes from the Life of a Double Monster</title>
	<filename>NABOKOW/scenes.txt</filename>
</book>
<book>
	<author>Шекспир В</author>
	<title>Монолог Гамлета</title>
	<filename>NABOKOW/shakespeare.txt</filename>
</book>
<book>
	<author>Набоков В</author>
	<title>Знаки и символы</title>
	<filename>NABOKOW/signs.txt</filename>
</book>
<book>
	<author>Nabokov V</author>
	<title>Verses</title>
	<filename>NABOKOW/silent.txt</filename>
</book>
<book>
	<author>Набоков В</author>
	<title>Сестры Вейн</title>
	<filename>NABOKOW/SisterW.txt</filename>
</book>
<book>
	<author>Набоков В</author>
	<title>Сказка</title>
	<filename>NABOKOW/skazka.txt</filename>
</book>
<book>
	<author></author>
	<title>The Song of Igor's Campaign, Igor son of Svyatoslav and grandson of Oleg</title>
	<filename>NABOKOW/slovo.txt</filename>
</book>
<book>
	<author>Набоков В</author>
	<title>Слово</title>
	<filename>NABOKOW/slowo.txt</filename>
</book>
<book>
	<author>Набоков В</author>
	<title>Случайность</title>
	<filename>NABOKOW/sluchaj.txt</filename>
</book>
<book>
	<author>Набоков В</author>
	<title>Хват</title>
	<filename>NABOKOW/sohwat.txt</filename>
</book>
<book>
	<author>Набоков В</author>
	<title>Красавица</title>
	<filename>NABOKOW/sokras.txt</filename>
</book>
<book>
	<author>Набоков В</author>
	<title>Лебеда</title>
	<filename>NABOKOW/solebeda.txt</filename>
</book>
<book>
	<author>Набоков В</author>
	<title>Solus Rex</title>
	<filename>NABOKOW/solrex.txt</filename>
</book>
<book>
	<author>Набоков В</author>
	<title>Музыка</title>
	<filename>NABOKOW/somuzyka.txt</filename>
</book>
<book>
	<author>Набоков В</author>
	<title>Обида</title>
	<filename>NABOKOW/soobida.txt</filename>
</book>
<book>
	<author>Набоков В</author>
	<title>Оповещение</title>
	<filename>NABOKOW/soopowe.txt</filename>
</book>
<book>
	<author>Набоков В</author>
	<title>Случаи из жизни</title>
	<filename>NABOKOW/sosluch.txt</filename>
</book>
<book>
	<author>Набоков В</author>
	<title>Совершенство</title>
	<filename>NABOKOW/sosower.txt</filename>
</book>
<book>
	<author>Набоков В</author>
	<title>Terra incognita</title>
	<filename>NABOKOW/soterra.txt</filename>
</book>
<book>
	<author>Nabokov V</author>
	<title>Sounds</title>
	<filename>NABOKOW/sounds.txt</filename>
</book>
<book>
	<author>Набоков В</author>
	<title>Встреча</title>
	<filename>NABOKOW/sowstre.txt</filename>
</book>
<book>
	<author>Набоков В</author>
	<title>Занятой человек</title>
	<filename>NABOKOW/sozanyat.txt</filename>
</book>
<book>
	<author>Nabokov V</author>
	<title>Signs and Symbols</title>
	<filename>NABOKOW/s_s.txt</filename>
</book>
<book>
	<author>Набоков В</author>
	<title>Стихи</title>
	<filename>NABOKOW/stihi.txt</filename>
</book>
<book>
	<author>Набоков В</author>
	<title>Торжество добродетели (эссе)</title>
	<filename>NABOKOW/td.txt</filename>
</book>
<book>
	<author>Nabokov V</author>
	<title>Time and Ebb</title>
	<filename>NABOKOW/t_e.txt</filename>
</book>
<book>
	<author>Набоков В</author>
	<title>Соглядатай</title>
	<filename>NABOKOW/thespy.txt</filename>
</book>
<book>
	<author>Nabokov V</author>
	<title>Transparent things</title>
	<filename>NABOKOW/tth.txt</filename>
</book>
<book>
	<author>Набоков В</author>
	<title>Незавершенный роман Solus Rex</title>
	<filename>NABOKOW/ultima.txt</filename>
</book>
<book>
	<author>Набоков В</author>
	<title>Университетская поэма</title>
	<filename>NABOKOW/univer.txt</filename>
</book>
<book>
	<author>Набоков В</author>
	<title>Ужас</title>
	<filename>NABOKOW/uzhas.txt</filename>
</book>
<book>
	<author>Набоков В</author>
	<title>Сестры Вэйн</title>
	<filename>NABOKOW/vane.txt</filename>
</book>
<book>
	<author>Nabokov V</author>
	<title>La Veneziana</title>
	<filename>NABOKOW/veneziana.txt</filename>
</book>
<book>
	<author>Набоков В</author>
	<title>Возвращение Чорба</title>
	<filename>NABOKOW/vozvrChorba.txt</filename>
</book>
<book>
	<author>Nabokov V</author>
	<title>The Vane Sisters</title>
	<filename>NABOKOW/vs.txt</filename>
</book>
<book>
	<author>Набоков В</author>
	<title>Вдохновение</title>
	<filename>NABOKOW/wdohnowenie.txt</filename>
</book>
<book>
	<author>Набоков В</author>
	<title>Прозрачные вещи (фрагмент)</title>
	<filename>NABOKOW/weshi.txt</filename>
</book>
<book>
	<author>Nabokov V</author>
	<title>Wingstroke</title>
	<filename>NABOKOW/Wingstroke.txt</filename>
</book>
<book>
	<author>Набоков В</author>
	<title>Волшебник</title>
	<filename>NABOKOW/wolshbn.txt</filename>
</book>
<book>
	<author>Набоков В</author>
	<title>"Лолита" и г-н Жиродиа (статья)</title>
	<filename>NABOKOW/zhirodia.txt</filename>
</book>
<book>
	<author>Набоков В</author>
	<title>Звонок</title>
	<filename>NABOKOW/zvonok.txt</filename>
</book>
<book>
	<author>Даррелл Д</author>
	<title>Юбилей ковчега</title>
	<filename>NATUR/DARREL/anniversary.txt</filename>
</book>
<book>
	<author>Даррелл Д</author>
	<title>Ай-ай и я</title>
	<filename>NATUR/DARREL/ayeaye.txt</filename>
</book>
<book>
	<author>Даррел Д</author>
	<title>Гончие Бафута</title>
	<filename>NATUR/DARREL/bafut.txt</filename>
</book>
<book>
	<author>Даррелл Д</author>
	<title>Поймайте мне колобуса</title>
	<filename>NATUR/DARREL/colobus.txt</filename>
</book>
<book>
	<author>Даррелл Д</author>
	<title>Под пологом пьяного леса</title>
	<filename>NATUR/DARREL/drunken.txt</filename>
</book>
<book>
	<author>Даррелл Д</author>
	<title>Моя семья и другие звери</title>
	<filename>NATUR/DARREL/family.txt</filename>
</book>
<book>
	<author>Даррелл Д</author>
	<title>Филе из палтуса (фрагмент)</title>
	<filename>NATUR/DARREL/file.txt</filename>
</book>
<book>
	<author>Даррелл Д</author>
	<title>Путь кенгуренка</title>
	<filename>NATUR/DARREL/kenguru.txt</filename>
</book>
<book>
	<author>Даррел Д</author>
	<title>Перегруженный ковчег</title>
	<filename>NATUR/DARREL/kovcheg.txt</filename>
</book>
<book>
	<author>Даррелл Д</author>
	<title>Земля шорохов</title>
	<filename>NATUR/DARREL/land.txt</filename>
</book>
<book>
	<author>Даррел Д</author>
	<title>Ослокрады</title>
	<filename>NATUR/DARREL/oslokrady.txt</filename>
</book>
<book>
	<author>Даррелл Д</author>
	<title>Сад богов</title>
	<filename>NATUR/DARREL/sad.txt</filename>
</book>
<book>
	<author>Даррел Д</author>
	<title>Звери в моей жизни</title>
	<filename>NATUR/DARREL/zweri.txt</filename>
</book>
<book>
	<author>Хэрриот Д</author>
	<title>О всех созданиях -- прекрасных и удивительных</title>
	<filename>NATUR/HERRIOT/herriot2.txt</filename>
</book>
<book>
	<author>Хэрриот Д</author>
	<title>И все они - создания природы</title>
	<filename>NATUR/HERRIOT/herriot3.txt</filename>
</book>
<book>
	<author>Хэрриот Д</author>
	<title>О всех созданиях - больших и малых</title>
	<filename>NATUR/HERRIOT/sozdaniya.txt</filename>
</book>
<book>
	<author>Паттерсон Г</author>
	<title>Последние из свободных</title>
	<filename>NATUR/PATTERSON/svoboda.txt</filename>
</book>
<book>
	<author>Некрасов А</author>
	<title>Приключения капитана Врунгеля</title>
	<filename>NEKRASOW_A/vrungel.txt</filename>
</book>
<book>
	<author></author>
	<title>По поводу авторства "Смотри на Арлекинов"</title>
	<filename>NENABOKOV/agauth.txt</filename>
</book>
<book>
	<author>Аграновский В А</author>
	<title>Ради единого слова</title>
	<filename>NEWPROZA/AGRANOWSKIJ_W/journalist.txt</filename>
</book>
<book>
	<author>Бен-Лев С</author>
	<title>Псалмы нашего дня</title>
	<filename>NEWPROZA/BENLEV/psalmy.txt</filename>
</book>
<book>
	<author>Болотовский М</author>
	<title>Абдулов, гуляющий сам по себе</title>
	<filename>NEWPROZA/BOLOTOWSKIJ/abdulow.txt</filename>
</book>
<book>
	<author>Болотовский М</author>
	<title>Телеграмма</title>
	<filename>NEWPROZA/BOLOTOWSKIJ/telegramma.txt</filename>
</book>
<book>
	<author>Божидарова Н</author>
	<title>Бал Нищих</title>
	<filename>NEWPROZA/BOZHIDAROWA/bal.txt</filename>
</book>
<book>
	<author>Джин Н</author>
	<title>Повесть о смерти и суете</title>
	<filename>NEWPROZA/DJIN/death.txt</filename>
</book>
<book>
	<author>Джин Н</author>
	<title>Повесть о любви и суете</title>
	<filename>NEWPROZA/DJIN/love.txt</filename>
</book>
<book>
	<author>Дыбин А</author>
	<title>Маятник веков</title>
	<filename>NEWPROZA/DYBIN/dybin.txt</filename>
</book>
<book>
	<author>Гембицкий А</author>
	<title>Выздоровление</title>
	<filename>NEWPROZA/GEMBICKIJ/wyzdorowlenie.txt</filename>
</book>
<book>
	<author>Капкин П</author>
	<title>В ноздре пирамидона</title>
	<filename>NEWPROZA/KAPKIN/piramidon.txt</filename>
</book>
<book>
	<author>Хургин А</author>
	<title>Лишняя десятка</title>
	<filename>NEWPROZA/KHURGIN/khurgin1.txt</filename>
</book>
<book>
	<author>Хургин А</author>
	<title>Какая-то ерунда</title>
	<filename>NEWPROZA/KHURGIN/khurgin2.txt</filename>
</book>
<book>
	<author>Хургин А</author>
	<title>Страна Австралия</title>
	<filename>NEWPROZA/KHURGIN/khurgin3.txt</filename>
</book>
<book>
	<author>Хургин А</author>
	<title>Комета Лоренца</title>
	<filename>NEWPROZA/KHURGIN/khurgin4.txt</filename>
</book>
<book>
	<author></author>
	<title>Об авторе: Михаил Левинштейн</title>
	<filename>NEWPROZA/LEVINSHTEIN/about.txt</filename>
</book>
<book>
	<author>Левинштейн М</author>
	<title>Дух Физтеха</title>
	<filename>NEWPROZA/LEVINSHTEIN/fti.txt</filename>
</book>
<book>
	<author>К Н Е</author>
	<title>Бездна</title>
	<filename>NEWPROZA/NATALIEK/bezdna.txt</filename>
</book>
<book>
	<author>Наталик</author>
	<title>Кладовая</title>
	<filename>NEWPROZA/NATALIEK/kladowaya.txt</filename>
</book>
<book>
	<author>К Н Е</author>
	<title>Миражи</title>
	<filename>NEWPROZA/NATALIEK/mirazhi.txt</filename>
</book>
<book>
	<author>К Н Е</author>
	<title>Парадоксы</title>
	<filename>NEWPROZA/NATALIEK/paradox.txt</filename>
</book>
<book>
	<author>Нетребо Л</author>
	<title>Пангоды</title>
	<filename>NEWPROZA/NETREBO/pangody.txt</filename>
</book>
<book>
	<author>Нетребо Л</author>
	<title>Рассказы</title>
	<filename>NEWPROZA/NETREBO/rasskazy.txt</filename>
</book>
<book>
	<author>Семенов А</author>
	<title>В поисках утраченного яйца</title>
	<filename>NEWPROZA/SEMENOW_A/ball.txt</filename>
</book>
<book>
	<author>Семенов А</author>
	<title>Клипы</title>
	<filename>NEWPROZA/SEMENOW_A/clip.txt</filename>
</book>
<book>
	<author>Семенов А</author>
	<title>Конец</title>
	<filename>NEWPROZA/SEMENOW_A/end.txt</filename>
</book>
<book>
	<author>Семенов А</author>
	<title>Неистовая ночь</title>
	<filename>NEWPROZA/SEMENOW_A/night.txt</filename>
</book>
<book>
	<author>Шкловский Е</author>
	<title>Заложники</title>
	<filename>NEWPROZA/SHKLOWSKIJ/zalozhniki.txt</filename>
</book>
<book>
	<author>Шленский А</author>
	<title>Подозрительная труба, Логика и Пунтиллятор Шмульдерсона</title>
	<filename>NEWPROZA/SHLENSKIJ/truba.txt</filename>
</book>
<book>
	<author>Торин А</author>
	<title>Дурная компания</title>
	<filename>NEWPROZA/TORIN/kompaniya.txt</filename>
</book>
<book>
	<author>Торин А</author>
	<title>Мы-русские, других таких нет</title>
	<filename>NEWPROZA/TORIN/sbornik.txt</filename>
</book>
<book>
	<author>Вульф Ш</author>
	<title>Убежище</title>
	<filename>NEWPROZA/WULF/asylum.txt</filename>
</book>
<book>
	<author>Вульф Ш</author>
	<title>Глобус Израиля</title>
	<filename>NEWPROZA/WULF/globus.txt</filename>
</book>
<book>
	<author>Вульф Ш</author>
	<title>Реализм левых</title>
	<filename>NEWPROZA/WULF/realism.txt</filename>
</book>
<book>
	<author>Зиганшин К</author>
	<title>Боцман</title>
	<filename>NEWPROZA/ZIGANSHIN/bocman.txt</filename>
</book>
<book>
	<author></author>
	<title>Где найти русскоязычные news-группы</title>
	<filename>newsserwers.txt</filename>
</book>
<book>
	<author>Андреас-Саломе Л</author>
	<title>Фридрих Ницше в зеркале его творчества</title>
	<filename>NICSHE/lu.txt</filename>
</book>
<book>
	<author>Ницше Ф</author>
	<title>Злая мудрость. Афоризмы и изречения</title>
	<filename>NICSHE/mudrost.txt</filename>
</book>
<book>
	<author>Ницше Ф</author>
	<title>Так говорил Заратустра</title>
	<filename>NICSHE/zaratustra.txt</filename>
</book>
<book>
	<author>Никитин Ю</author>
	<title>Гиперборей</title>
	<filename>NIKITINYU/giper.txt</filename>
</book>
<book>
	<author>Никитин Ю</author>
	<title>Золотая шпага</title>
	<filename>NIKITINYU/gold.txt</filename>
</book>
<book>
	<author>Никитин Ю</author>
	<title>Святой Грааль</title>
	<filename>NIKITINYU/graal_1.txt</filename>
</book>
<book>
	<author>Никитин Ю</author>
	<title>Стоунхендж</title>
	<filename>NIKITINYU/graal_2.txt</filename>
</book>
<book>
	<author>Никитин Ю</author>
	<title>Откровение</title>
	<filename>NIKITINYU/graal_3.txt</filename>
</book>
<book>
	<author>Никитин Ю</author>
	<title>Империя Зла</title>
	<filename>NIKITINYU/imperia.txt</filename>
</book>
<book>
	<author>Никитин Ю</author>
	<title>Ингвар и Ольха</title>
	<filename>NIKITINYU/ingvar.txt</filename>
</book>
<book>
	<author>Никитин Ю</author>
	<title>Человек, изменивший мир</title>
	<filename>NIKITINYU/man.txt</filename>
</book>
<book>
	<author>Никитин Ю</author>
	<title>Мегамир</title>
	<filename>NIKITINYU/megamir1.txt</filename>
</book>
<book>
	<author>Никитин Ю</author>
	<title>Владыки Мегамира</title>
	<filename>NIKITINYU/megamir2.txt</filename>
</book>
<book>
	<author>Никитин Ю</author>
	<title>Мрак</title>
	<filename>NIKITINYU/mrak.txt</filename>
</book>
<book>
	<author>Никитин Ю</author>
	<title>Княжеский пир</title>
	<filename>NIKITINYU/pir.txt</filename>
</book>
<book>
	<author>Никитин Ю</author>
	<title>Ярость</title>
	<filename>NIKITINYU/rage.txt</filename>
</book>
<book>
	<author>Никитин Ю</author>
	<title>Князь Рус</title>
	<filename>NIKITINYU/rus_1.txt</filename>
</book>
<book>
	<author>Никитин Ю</author>
	<title>Семеро Тайных</title>
	<filename>NIKITINYU/semero.txt</filename>
</book>
<book>
	<author>Никитин Ю</author>
	<title>Далекий светлый терем</title>
	<filename>NIKITINYU/terem.txt</filename>
</book>
<book>
	<author>Никитин Ю</author>
	<title>Трое из леса</title>
	<filename>NIKITINYU/troe_1.txt</filename>
</book>
<book>
	<author>Никитин Ю</author>
	<title>Трое в Песках</title>
	<filename>NIKITINYU/troe_2.txt</filename>
</book>
<book>
	<author>Никитин Ю</author>
	<title>Трое и Дана</title>
	<filename>NIKITINYU/troe_3.txt</filename>
</book>
<book>
	<author>Никитин Ю</author>
	<title>Предисловие</title>
	<filename>NIKITINYU/troe_4p.txt</filename>
</book>
<book>
	<author>Никитин Ю</author>
	<title>Трое в Долине</title>
	<filename>NIKITINYU/troe_4.txt</filename>
</book>
<book>
	<author>Никитин Ю</author>
	<title>Князь Владимир. Книга первая</title>
	<filename>NIKITINYU/vlad_1.txt</filename>
</book>
<book>
	<author>Никитин Ю</author>
	<title>Князь Владимир. Книга вторая</title>
	<filename>NIKITINYU/vlad_2.txt</filename>
</book>
<book>
	<author>Нивен Л</author>
	<title>Незадолго до конца</title>
	<filename>NIVEN/beforend.txt</filename>
</book>
<book>
	<author>Нивен Л</author>
	<title>Все мириады путей</title>
	<filename>NIVEN/billways.txt</filename>
</book>
<book>
	<author>Нивен Л</author>
	<title>В безвыходном положении</title>
	<filename>NIVEN/desperat.txt</filename>
</book>
<book>
	<author>Нивен Л</author>
	<title>Подарок с Земли</title>
	<filename>NIVEN/gifteart.txt</filename>
</book>
<book>
	<author>Нивен Л, Пурнель  Д</author>
	<title>Молот Люцифера</title>
	<filename>NIVEN/hammer.txt</filename>
</book>
<book>
	<author>Нивен Л</author>
	<title>В ядре</title>
	<filename>NIVEN/inkernel.txt</filename>
</book>
<book>
	<author>Нивен Л</author>
	<title>Как умирают на Марсе</title>
	<filename>NIVEN/mars_die.txt</filename>
</book>
<book>
	<author>Нивен Л, Пурнель  Д</author>
	<title>Мошка в зенице господней</title>
	<filename>NIVEN/mote_god.txt</filename>
</book>
<book>
	<author>Нивен Л</author>
	<title>Зануда</title>
	<filename>NIVEN/nis1.txt</filename>
</book>
<book>
	<author>Нивен Л</author>
	<title>В траурном обрамлении</title>
	<filename>NIVEN/nis2.txt</filename>
</book>
<book>
	<author>Нивен Л</author>
	<title>Штиль в аду</title>
	<filename>NIVEN/nis3.txt</filename>
</book>
<book>
	<author>Нивен Л</author>
	<title>Человек-мозаика</title>
	<filename>NIVEN/nis4.txt</filename>
</book>
<book>
	<author>Нивен Л</author>
	<title>Смерть от экстаза</title>
	<filename>NIVEN/nis5.txt</filename>
</book>
<book>
	<author>Нивен Л</author>
	<title>Дырявый</title>
	<filename>NIVEN/nis6.txt</filename>
</book>
<book>
	<author>Нивен Л</author>
	<title>Реликт империи</title>
	<filename>NIVEN/niven1.txt</filename>
</book>
<book>
	<author>Нивен Л</author>
	<title>Сходящаяся последовательность</title>
	<filename>NIVEN/nivenl66.txt</filename>
</book>
<book>
	<author>Нивен Л</author>
	<title>Четвертая профессия</title>
	<filename>NIVEN/nivenl69.txt</filename>
</book>
<book>
	<author>Нивен Л</author>
	<title>Прохожий</title>
	<filename>NIVEN/passerby.txt</filename>
</book>
<book>
	<author>Нивен Л</author>
	<title>Защитник</title>
	<filename>NIVEN/protecto.txt</filename>
</book>
<book>
	<author>Нивен Л</author>
	<title>Дымовое кольцо</title>
	<filename>NIVEN/ring.txt</filename>
</book>
<book>
	<author>Нивен Л</author>
	<title>Мир Кольцо</title>
	<filename>NIVEN/ringwrl1.txt</filename>
</book>
<book>
	<author>Нивен Л</author>
	<title>Инженеры Кольца</title>
	<filename>NIVEN/ringwrl2.txt</filename>
</book>
<book>
	<author>Нивен Л, Джеррольд  Д</author>
	<title>Летающие колдуны (Книга 1)</title>
	<filename>NIVEN/sorcers1.txt</filename>
</book>
<book>
	<author>Нивен Л, Джеррольд  Д</author>
	<title>Летающие колдуны (Книга 2)</title>
	<filename>NIVEN/sorcers2.txt</filename>
</book>
<book>
	<author>Нивен Л</author>
	<title>Заноза</title>
	<filename>NIVEN/splinter.txt</filename>
</book>
<book>
	<author>Нивен Л</author>
	<title>Интегральные деревья</title>
	<filename>NIVEN/trees.txt</filename>
</book>
<book>
	<author>Нивен Л</author>
	<title>Дождусь</title>
	<filename>NIVEN/wait.txt</filename>
</book>
<book>
	<author>Нивен Л</author>
	<title>Воители</title>
	<filename>NIVEN/warriors.txt</filename>
</book>
<book>
	<author>Бендлер Р</author>
	<title>Используйте свой мозг для изменений</title>
	<filename>NLP/bend05.txt</filename>
</book>
<book>
	<author>Бендлер Р, Гриндер  Д</author>
	<title>Из лягушек - в принцы (Вводный курс НЛП тренинга)</title>
	<filename>NLP/book1.txt</filename>
</book>
<book>
	<author>Дилтс Р</author>
	<title>Изменение убеждений с помощью НЛП</title>
	<filename>NLP/dilts1.txt</filename>
</book>
<book>
	<author>Гриндер Д, Бэндлер  Р</author>
	<title>Структура магии (том 1)</title>
	<filename>NLP/magianlp1.txt</filename>
</book>
<book>
	<author>Гриндер Д, Бэндлер  Р</author>
	<title>Структура магии (том 2)</title>
	<filename>NLP/magianlp2.txt</filename>
</book>
<book>
	<author>О'Коннор Я М и Д</author>
	<title>НЛП и здоровье. Использование НЛП для улучшения здоровья и благополучия</title>
	<filename>NLP/nlpizdorovie.txt</filename>
</book>
<book>
	<author>О'Коннор Д, Сеймор  Д</author>
	<title>Введение в нейролингвистическое программирование.  Новейшая  психология личного мастерства</title>
	<filename>NLP/nlp.txt</filename>
</book>
<book>
	<author>Бендлер Р, Гриндер  Д</author>
	<title>Наведение транса</title>
	<filename>NLP/nt.txt</filename>
</book>
<book>
	<author>Бендлер Р, Гриндер  Д</author>
	<title>Рефрейминг: ориентация личности с помощью речевых стратегий</title>
	<filename>NLP/refrejming.txt</filename>
</book>
<book>
	<author>Носов Н Н</author>
	<title>Фантазеры</title>
	<filename>NOSOW/fantaz.txt</filename>
</book>
<book>
	<author>Носов Н</author>
	<title>Приключения Незнайки и его друзей</title>
	<filename>NOSOW/nezn1.txt</filename>
</book>
<book>
	<author>Носов Н</author>
	<title>Незнайка в Солнечном городе</title>
	<filename>NOSOW/nezn2.txt</filename>
</book>
<book>
	<author>Носов Н</author>
	<title>Незнайка на Луне</title>
	<filename>NOSOW/nezn3.txt</filename>
</book>
<book>
	<author>Лапин Ю</author>
	<title>Экожилье - ключ к будущему</title>
	<filename>NTL/ECOLOGY/LAPIN/ecohouse.txt</filename>
</book>
<book>
	<author>Мандибура В О</author>
	<title>ТІньова економІка як об'Єкт системного наукового дослІдження</title>
	<filename>NTL/ECONOMY/mandibura.txt</filename>
</book>
<book>
	<author>Кеннеди М</author>
	<title>Деньги без процентов и инфляции. Как создать средство обмена, служащее каждому</title>
	<filename>NTL/ECONOMY/MKENNEDI/mkennedi.txt</filename>
</book>
<book>
	<author>Kipiani K K, Koshtoev  V V</author>
	<title>Resumes of science works</title>
	<filename>NTL/ko_english.txt</filename>
</book>
<book>
	<author>Коштоев В В</author>
	<title>Информационные системы и феномен жизни (реферат)</title>
	<filename>NTL/ko_inforef.txt</filename>
</book>
<book>
	<author>Кипиани К К, Коштоев  В В</author>
	<title>Стандартные интерфейсы информационно-вычислительных систем (реферат)</title>
	<filename>NTL/ko_intref.txt</filename>
</book>
<book>
	<author>Кипиани К К, Коштоев  В В</author>
	<title>Основы прикладной теории цифровых автоматов (реферат)</title>
	<filename>NTL/ko_osnref.txt</filename>
</book>
<book>
	<author></author>
	<title>Домашний Доктор (справочник)</title>
	<filename>NTL/MED/homemed.txt</filename>
</book>
<book>
	<author>Фаррингтон Э</author>
	<title>Гомеопатичвеская клиническая фармакология</title>
	<filename>NTL/MED/HOMEOPATIA/farrington.txt</filename>
</book>
<book>
	<author>Иванова К</author>
	<title>Принципы и сущность гомеопатического метода лечения</title>
	<filename>NTL/MED/HOMEOPATIA/ivanova.txt</filename>
</book>
<book>
	<author></author>
	<title>Основные лекарственные средства</title>
	<filename>NTL/MED/lekarstw.txt</filename>
</book>
<book>
	<author></author>
	<title>Реабилитационные физические упражнения используемые при лечении поясничного отдела позвоночного столба</title>
	<filename>NTL/MED/LFK/pozw.txt</filename>
</book>
<book>
	<author>Гинзбург М</author>
	<title>Как победить избыточный вес</title>
	<filename>NTL/MED/POHUDENIE/ginzburg.txt</filename>
</book>
<book>
	<author></author>
	<title>Интеллект, Россия, Будущее: материалы студенческой конференции</title>
	<filename>NTL/MED/stavropol.txt</filename>
</book>
<book>
	<author>Бейтс У Г</author>
	<title>Улучшение зрения без очков</title>
	<filename>NTL/MED/ZRENIE/bejts0.txt</filename>
</book>
<book>
	<author>Бейтс У Г</author>
	<title>Улучшение зрения</title>
	<filename>NTL/MED/ZRENIE/bejts.txt</filename>
</book>
<book>
	<author>Меленевский А</author>
	<title>Статьи для научно-популярных изданий</title>
	<filename>NTL/meleneckij.txt</filename>
</book>
<book>
	<author>Лаврус В С</author>
	<title>Батарейки и аккумуляторы</title>
	<filename>NTL/rel01_w6.txt</filename>
</book>
<book>
	<author>Лаврус В С</author>
	<title>Источники энергии</title>
	<filename>NTL/rel03_w6.txt</filename>
</book>
<book>
	<author>Лаврус В С</author>
	<title>Охранные системы</title>
	<filename>NTL/rel04_w6.txt</filename>
</book>
<book>
	<author>Kubik B D, McRobert  S</author>
	<title>Big arms</title>
	<filename>NTL/SPORT/BODYBUILDING/bigarm.txt</filename>
</book>
<book>
	<author>Мензер</author>
	<title>Бодибилдинг</title>
	<filename>NTL/SPORT/BODYBUILDING/mentzer.txt</filename>
</book>
<book>
	<author></author>
	<title>Бодибилдинг</title>
	<filename>NTL/SPORT/BODYBUILDING/think.txt</filename>
</book>
<book>
	<author>авторов Г</author>
	<title>Российское оружие: война и мир</title>
	<filename>NTL/WPK/russweapon.txt</filename>
</book>

</books>

