<?xml version="1.0" encoding="UTF-8" ?>
<books>
<book>
	<filename>maaluf_amin/maaluf_amin_stranstvie_baldasara.fb2.zip</filename>
	<title>Маалуф Амин. Странствие Бальдасара</title>
</book>
<book>
	<filename>maar_paul/maar_paul_cem_subbot_na_nedele.fb2.zip</filename>
	<title>Маар Пауль. Cемь суббот на неделе</title>
</book>
<book>
	<filename>maar_paul/maar_paul_i_v_subbotu_subastik_vernulsya.fb2.zip</filename>
	<title>Маар Пауль. И в субботу субастик вернулся</title>
</book>
<book>
	<filename>maar_paul/maar_paul_sem_subbot_na_nedele.fb2.zip</filename>
	<title>Маар Пауль. Семь суббот на неделе</title>
</book>
<book>
	<filename>macipulo_yeduard/macipulo_yeduard_nashestvie_danchzhinov.fb2.zip</filename>
	<title>Маципуло Эдуард. Нашествие Даньчжинов</title>
</book>
<book>
	<filename>mackevich_vadim/mackevich_vadim_soldat_imperii_ili_istoriya_o_tom_pochemu_ssha_ne_napali_na_sssr.fb2.zip</filename>
	<title>Мацкевич Вадим Викторович. Солдат империи, или История о том, почему США не напали на СССР</title>
</book>
<book>
	<filename>mackevich_vadim/mackevich_vadim_zanimatelnaya_anatomiya_robotov.fb2.zip</filename>
	<title>Мацкевич Вадим Викторович. Занимательная анатомия роботов</title>
</book>
<book>
	<filename>macumoto_syeite/macumoto_syeite_tochki_i_linii.fb2.zip</filename>
	<title>Мацумото Сэйте. Точки и линии</title>
</book>
<book>
	<filename>macumoto_syeite/macumoto_syeite_zemlyapustynya.fb2.zip</filename>
	<title>Мацумото Сэйте. Земля-пустыня</title>
</book>
<book>
	<filename>macuoka_takasi/macuoka_takasi_strely_na_vetru.fb2.zip</filename>
	<title>Мацуока Такаси. Стрелы на ветру</title>
</book>
<book>
	<filename>madanes_klu/madanes_klu_strategicheskaya_semeinaya_terapiya.fb2.zip</filename>
	<title>Маданес Клу. Стратегическая семейная терапия</title>
</book>
<book>
	<filename>madanes_klu/madanes_klu_tainoe_znachenie_deneg.fb2.zip</filename>
	<title>Маданес Клу. Тайное значение денег</title>
</book>
<book>
	<filename>maderik_robin/maderik_robin_iskushenie.fb2.zip</filename>
	<title>Мадерик Робин. Искушение</title>
</book>
<book>
	<filename>mader_yulius/mader_yulius_taina_hantsvilla.fb2.zip</filename>
	<title>Мадер Юлиус. Тайна Хантсвилла</title>
</book>
<book>
	<filename>madol_zhak/madol_zhak_albigoiskaya_drama_i_sudby_francii.fb2.zip</filename>
	<title>Мадоль Жак. Альбигойская драма и судьбы Франции</title>
</book>
<book>
	<filename>madonna_/madonna__angliiskie_rozy.fb2.zip</filename>
	<title>Мадонна. Английские розы</title>
</book>
<book>
	<filename>madonna_/madonna__yabloki_mistera_pibodi.fb2.zip</filename>
	<title>Мадонна. Яблоки мистера Пибоди</title>
</book>
<book>
	<filename>mafunye_yutaki/mafunye_yutaki_horki.fb2.zip</filename>
	<title>Мафунэ Ютаки. Хорьки</title>
</book>
<book>
	<filename>maginn_saimon/maginn_saimon_ovcy.fb2.zip</filename>
	<title>Магинн Саймон. Овцы</title>
</book>
<book>
	<filename>magog_anri/magog_anri_taina_krasnogo_chemodana.fb2.zip</filename>
	<title>Магог Анри. Тайна красного чемодана</title>
</book>
<book>
	<filename>maguair_darsi/maguair_darsi_kak_priznatsya_v_lyubvi.fb2.zip</filename>
	<title>Магуайр Дарси. Как признаться в любви</title>
</book>
<book>
	<filename>maguair_darsi/maguair_darsi_put_k_serdcu_bossa.fb2.zip</filename>
	<title>Магуайр Дарси. Путь к сердцу босса</title>
</book>
<book>
	<filename>maguair_darsi/maguair_darsi_raduga_posle_grozy.fb2.zip</filename>
	<title>Магуайр Дарси. Радуга после грозы</title>
</book>
<book>
	<filename>maguair_margo/maguair_margo_blagodarnaya_lyubov.fb2.zip</filename>
	<title>Магуайр Марго. Благодарная любовь</title>
</book>
<book>
	<filename>maguair_margo/maguair_margo_uroki_strasti.fb2.zip</filename>
	<title>Магуайр Марго. Уроки страсти</title>
</book>
<book>
	<filename>maguto_n/maguto_n_zhizn_sobachya.fb2.zip</filename>
	<title>Магуто Н. Жизнь собачья</title>
</book>
<book>
	<filename>maharadzh_nisargadatta/maharadzh_nisargadatta_ya_est_to.fb2.zip</filename>
	<title>Махарадж Нисаргадатта. Я есть То</title>
</book>
<book>
	<filename>mahfuz_nagib/mahfuz_nagib_predaniya_nashei_ulicy.fb2.zip</filename>
	<title>Махфуз Нагиб. Предания нашей улицы</title>
</book>
<book>
	<filename>mahfuz_nagib/mahfuz_nagib_put.fb2.zip</filename>
	<title>Махфуз Нагиб. Путь</title>
</book>
<book>
	<filename>mahfuz_nagib/mahfuz_nagib_vor_i_sobaki.fb2.zip</filename>
	<title>Махфуз Нагиб. Вор и собаки</title>
</book>
<book>
	<filename>mahlin_mark/mahlin_mark_puteshestvie_po_akvariumu.fb2.zip</filename>
	<title>Махлин Марк Давидович. Путешествие по аквариуму</title>
</book>
<book>
	<filename>mah_maks/mah_maks_karl_ruger_boec.fb2.zip</filename>
	<title>Мах Макс. Карл Ругер. Боец</title>
</book>
<book>
	<filename>mah_maks/mah_maks_koroli_v_izgnanii.fb2.zip</filename>
	<title>Мах Макс. Короли в изгнании</title>
</book>
<book>
	<filename>mah_maks/mah_maks_kvest_imperiya.fb2.zip</filename>
	<title>Мах Макс. Квест империя</title>
</book>
<book>
	<filename>mah_maks/mah_maks_vremena_ne_vybirayut.fb2.zip</filename>
	<title>Мах Макс. Времена не выбирают</title>
</book>
<book>
	<filename>mahmudi_betti/mahmudi_betti_plennica_byloi_lyubvi.fb2.zip</filename>
	<title>Махмуди Бетти. Пленница былой любви</title>
</book>
<book>
	<filename>mahmudov_k/mahmudov_k_blyuda_uzbekskoi_kuhni.fb2.zip</filename>
	<title>Махмудов К. Блюда узбекской кухни</title>
</book>
<book>
	<filename>mahno_nestor/mahno_nestor_russkaya_revolyuciya_na_ukraine.fb2.zip</filename>
	<title>Махно Нестор Иванович. Русская революция на Украине</title>
</book>
<book>
	<filename>mahrov_aleksei/mahrov_aleksei_v_vihre_vremen.fb2.zip</filename>
	<title>Махров Алексей. В вихре времен</title>
</book>
<book>
	<filename>maidannyi_semen/maidannyi_semen_blatnoi_romans.fb2.zip</filename>
	<title>Майданный Семен. Блатной романс</title>
</book>
<book>
	<filename>maidannyi_semen/maidannyi_semen_hranitel_ponyatii.fb2.zip</filename>
	<title>Майданный Семен. Хранитель понятий</title>
</book>
<book>
	<filename>maidannyi_semen/maidannyi_semen_krestovyi_otec.fb2.zip</filename>
	<title>Майданный Семен. Крестовый отец</title>
</book>
<book>
	<filename>maie_andre/maie_andre_kak_ya_stala_pisatelnicei.fb2.zip</filename>
	<title>Майе Андре. Как я стала писательницей</title>
</book>
<book>
	<filename>maier_genrih/maier_genrih_doch_oruzheinika.fb2.zip</filename>
	<title>Майер Генрих. Дочь оружейника</title>
</book>
<book>
	<filename>maiers_dzhois/maiers_dzhois_iskushenie.fb2.zip</filename>
	<title>Майерс Джойс. Искушение</title>
</book>
<book>
	<filename>maiers_dzhon/maiers_dzhon_serebryanyi_vihor.fb2.zip</filename>
	<title>Майерс Джон Майерс. Серебряный Вихор</title>
</book>
<book>
	<filename>maier_stefani/maier_stefani_sumerki.fb2.zip</filename>
	<title>Майер Стефани. Сумерки</title>
</book>
<book>
	<filename>mai_karl/mai_karl_belyi_brat_vinnetu.fb2.zip</filename>
	<title>Май Карл. Белый брат Виннету</title>
</book>
<book>
	<filename>mai_karl/mai_karl_cherez_pustynyu.fb2.zip</filename>
	<title>Май Карл. Через пустыню</title>
</book>
<book>
	<filename>mai_karl/mai_karl_duh_lyanoyestakado.fb2.zip</filename>
	<title>Май Карл. Дух Льяно-Эстакадо</title>
</book>
<book>
	<filename>mai_karl/mai_karl_iz_bagdada_v_stambul.fb2.zip</filename>
	<title>Май Карл. Из Багдада в Стамбул</title>
</book>
<book>
	<filename>mai_karl/mai_karl_nasledniki_vinnetu.fb2.zip</filename>
	<title>Май Карл. Наследники Виннету</title>
</book>
<book>
	<filename>mai_karl/mai_karl_neftyanoi_princ.fb2.zip</filename>
	<title>Май Карл. Нефтяной принц</title>
</book>
<book>
	<filename>mai_karl/mai_karl_po_dikomu_kurdistanu.fb2.zip</filename>
	<title>Май Карл. По дикому Курдистану</title>
</book>
<book>
	<filename>mai_karl/mai_karl_polukrovka.fb2.zip</filename>
	<title>Май Карл. Полукровка</title>
</book>
<book>
	<filename>mai_karl/mai_karl_sokrovishe_serebryanogo_ozera.fb2.zip</filename>
	<title>Май Карл. Сокровище Серебряного Озера</title>
</book>
<book>
	<filename>mai_karl/mai_karl_syn_ohotnika_na_medvedei.fb2.zip</filename>
	<title>Май Карл. Сын охотника на медведей</title>
</book>
<book>
	<filename>mai_karl/mai_karl_v_balkanskih_ushelyah.fb2.zip</filename>
	<title>Май Карл. В балканских ущельях</title>
</book>
<book>
	<filename>mai_karl/mai_karl_vernaya_ruka.fb2.zip</filename>
	<title>Май Карл. Верная Рука</title>
</book>
<book>
	<filename>mai_karl/mai_karl_vinnetu.fb2.zip</filename>
	<title>Май Карл. Виннету</title>
</book>
<book>
	<filename>mai_karl/mai_karl_zaveshanie_inki.fb2.zip</filename>
	<title>Май Карл. Завещание Инки</title>
</book>
<book>
	<filename>mai_karl/mai_karl_zhut.fb2.zip</filename>
	<title>Май Карл. Жут</title>
</book>
<book>
	<filename>mai_karl/mai_karl_zoloto_vinnetu.fb2.zip</filename>
	<title>Май Карл. Золото Виннету</title>
</book>
<book>
	<filename>maikl_dzhudit/maikl_dzhudit_nasledstvo.fb2.zip</filename>
	<title>Майкл Джудит. Наследство</title>
</book>
<book>
	<filename>maikl_dzhudit/maikl_dzhudit_obmany.fb2.zip</filename>
	<title>Майкл Джудит. Обманы</title>
</book>
<book>
	<filename>maikl_dzhudit/maikl_dzhudit_spyashaya_krasavica.fb2.zip</filename>
	<title>Майкл Джудит. Спящая красавица</title>
</book>
<book>
	<filename>maikl_dzhudit/maikl_dzhudit_zolotoi_mirazh.fb2.zip</filename>
	<title>Майкл Джудит. Золотой мираж</title>
</book>
<book>
	<filename>maikls_keisi/maikls_keisi_kolesnica_afrodity.fb2.zip</filename>
	<title>Майклс Кейси. Колесница Афродиты</title>
</book>
<book>
	<filename>maikls_li/maikls_li_gnezdo_dlya_ptenca.fb2.zip</filename>
	<title>Майклс Ли. Гнездо для птенца</title>
</book>
<book>
	<filename>maikls_li/maikls_li_lotereya_lyubvi.fb2.zip</filename>
	<title>Майклс Ли. Лотерея любви</title>
</book>
<book>
	<filename>maikls_li/maikls_li_lyubov_pleiboya.fb2.zip</filename>
	<title>Майклс Ли. Любовь плейбоя</title>
</book>
<book>
	<filename>maikls_li/maikls_li_lyubov_proverennaya_vremenem.fb2.zip</filename>
	<title>Майклс Ли. Любовь, проверенная временем</title>
</book>
<book>
	<filename>maikls_li/maikls_li_ozherele_iz_laskovyh_slov.fb2.zip</filename>
	<title>Майклс Ли. Ожерелье из ласковых слов</title>
</book>
<book>
	<filename>maikls_li/maikls_li_pomolvka_dlya_reklamy.fb2.zip</filename>
	<title>Майклс Ли. Помолвка для рекламы</title>
</book>
<book>
	<filename>maikls_li/maikls_li_u_tebya_est_syn.fb2.zip</filename>
	<title>Майклс Ли. У тебя есть сын</title>
</book>
<book>
	<filename>maikls_li/maikls_li_v_den_svyatogo_valentina.fb2.zip</filename>
	<title>Майклс Ли. В День святого Валентина</title>
</book>
<book>
	<filename>maikls_li/maikls_li_yeto_ne_ya.fb2.zip</filename>
	<title>Майклс Ли. Это не я!</title>
</book>
<book>
	<filename>maikls_tanya/maikls_tanya_ty_ya_i_dozhd.fb2.zip</filename>
	<title>Майклс Таня. Ты, я и дождь</title>
</book>
<book>
	<filename>maikls_tereza/maikls_tereza_priyut_lyubvi.fb2.zip</filename>
	<title>Майклс Тереза. Приют любви</title>
</book>
<book>
	<filename>maiklz_barbara/maiklz_barbara_hozyain_chyornoi_bashni.fb2.zip</filename>
	<title>Майклз Барбара. Хозяин Чёрной башни</title>
</book>
<book>
	<filename>maiklz_barbara/maiklz_barbara_i_skoro_den.fb2.zip</filename>
	<title>Майклз Барбара. И скоро день</title>
</book>
<book>
	<filename>maiklz_barbara/maiklz_barbara_knyaz_tmy.fb2.zip</filename>
	<title>Майклз Барбара. Князь Тьмы</title>
</book>
<book>
	<filename>maiklz_barbara/maiklz_barbara_porvannyi_shelk.fb2.zip</filename>
	<title>Майклз Барбара. Порванный шелк</title>
</book>
<book>
	<filename>maiklz_barbara/maiklz_barbara_prizrak_beloi_damy.fb2.zip</filename>
	<title>Майклз Барбара. Призрак Белой Дамы</title>
</book>
<book>
	<filename>maiklz_barbara/maiklz_barbara_shag_vo_tmu.fb2.zip</filename>
	<title>Майклз Барбара. Шаг во тьму</title>
</book>
<book>
	<filename>maiklz_barbara/maiklz_barbara_synovya_volka.fb2.zip</filename>
	<title>Майклз Барбара. Сыновья волка</title>
</book>
<book>
	<filename>maiklz_barbara/maiklz_barbara_teni_starogo_doma.fb2.zip</filename>
	<title>Майклз Барбара. Тени старого дома</title>
</book>
<book>
	<filename>maiklz_barbara/maiklz_barbara_vedma.fb2.zip</filename>
	<title>Майклз Барбара. Ведьма</title>
</book>
<book>
	<filename>maiklz_fern/maiklz_fern_gordost_i_strast.fb2.zip</filename>
	<title>Майклз Ферн. Гордость и страсть</title>
</book>
<book>
	<filename>maiklz_fern/maiklz_fern_hozyaika_solnechnogo_mosta.fb2.zip</filename>
	<title>Майклз Ферн. Хозяйка «Солнечного моста»</title>
</book>
<book>
	<filename>maiklz_fern/maiklz_fern_krasnaya_lenta.fb2.zip</filename>
	<title>Майклз Ферн. Красная лента</title>
</book>
<book>
	<filename>maiklz_fern/maiklz_fern_opasnyi_rozygrysh.fb2.zip</filename>
	<title>Майклз Ферн. Опасный розыгрыш</title>
</book>
<book>
	<filename>maiklz_fern/maiklz_fern_probuzhdenie_lyubvi.fb2.zip</filename>
	<title>Майклз Ферн. Пробуждение любви</title>
</book>
<book>
	<filename>maiklz_fern/maiklz_fern_valentina.fb2.zip</filename>
	<title>Майклз Ферн. Валентина</title>
</book>
<book>
	<filename>maiklz_fern/maiklz_fern_v_plenu_strastei.fb2.zip</filename>
	<title>Майклз Ферн. В плену страстей</title>
</book>
<book>
	<filename>maiklz_keisi/maiklz_keisi_derzkaya_intriganka.fb2.zip</filename>
	<title>Майклз Кейси. Дерзкая интриганка</title>
</book>
<book>
	<filename>maiklz_keisi/maiklz_keisi_kakaya_eshe_lyubov.fb2.zip</filename>
	<title>Майклз Кейси. Какая еще любовь?</title>
</book>
<book>
	<filename>maiklz_keisi/maiklz_keisi_kolesnica_afrodity.fb2.zip</filename>
	<title>Майклз Кейси. Колесница Афродиты</title>
</book>
<book>
	<filename>maiklz_keisi/maiklz_keisi_lukavyi_angel.fb2.zip</filename>
	<title>Майклз Кейси. Лукавый ангел</title>
</book>
<book>
	<filename>maiklz_keisi/maiklz_keisi_maskarad_v_lunnom_svete.fb2.zip</filename>
	<title>Майклз Кейси. Маскарад в лунном свете</title>
</book>
<book>
	<filename>maiklz_keisi/maiklz_keisi_myeggi_bez_carya_v_golove.fb2.zip</filename>
	<title>Майклз Кейси. Мэгги без царя в голове</title>
</book>
<book>
	<filename>maiklz_keisi/maiklz_keisi_myeggi_nuzhno_alibi.fb2.zip</filename>
	<title>Майклз Кейси. Мэгги нужно алиби</title>
</book>
<book>
	<filename>maiklz_keisi/maiklz_keisi_myeggi_po_knizhke.fb2.zip</filename>
	<title>Майклз Кейси. Мэгги по книжке</title>
</book>
<book>
	<filename>maiklz_keisi/maiklz_keisi_ne_mogu_otvesti_glaza.fb2.zip</filename>
	<title>Майклз Кейси. Не могу отвести глаза</title>
</book>
<book>
	<filename>maiklz_keisi/maiklz_keisi_nevesta_edinoroga.fb2.zip</filename>
	<title>Майклз Кейси. Невеста Единорога</title>
</book>
<book>
	<filename>maiklz_keisi/maiklz_keisi_nevynosimyi_logan.fb2.zip</filename>
	<title>Майклз Кейси. Невыносимый Логан</title>
</book>
<book>
	<filename>maiklz_keisi/maiklz_keisi_nu_tochno_yeto_lyubov.fb2.zip</filename>
	<title>Майклз Кейси. Ну точно — это любовь</title>
</book>
<book>
	<filename>maiklz_keisi/maiklz_keisi_obolstitelnyi_vyigrysh.fb2.zip</filename>
	<title>Майклз Кейси. Обольстительный выигрыш</title>
</book>
<book>
	<filename>maiklz_keisi/maiklz_keisi_opasnye_svyazi_rokovoe_nasledstvo.fb2.zip</filename>
	<title>Майклз Кейси. Опасные связи [Роковое наследство]</title>
</book>
<book>
	<filename>maiklz_keisi/maiklz_keisi_ozhidaya_tebya.fb2.zip</filename>
	<title>Майклз Кейси. Ожидая тебя</title>
</book>
<book>
	<filename>maiklz_keisi/maiklz_keisi_prokaznica.fb2.zip</filename>
	<title>Майклз Кейси. Проказница</title>
</book>
<book>
	<filename>maiklz_keisi/maiklz_keisi_vlyublennaya_vdova.fb2.zip</filename>
	<title>Майклз Кейси. Влюбленная вдова</title>
</book>
<book>
	<filename>maiklz_keisi/maiklz_keisi_vyzov_gordosti.fb2.zip</filename>
	<title>Майклз Кейси. Вызов гордости</title>
</book>
<book>
	<filename>maiklz_keisi/maiklz_keisi_zhenih_iz_proshlogo.fb2.zip</filename>
	<title>Майклз Кейси. Жених из прошлого</title>
</book>
<book>
	<filename>mailc_debora/mailc_debora_opalnaya_gercoginya.fb2.zip</filename>
	<title>Майлc Дебора. Опальная герцогиня</title>
</book>
<book>
	<filename>mailz_debora/mailz_debora_opalnaya_gercoginya.fb2.zip</filename>
	<title>Майлз Дебора. Опальная герцогиня</title>
</book>
<book>
	<filename>mailz_rozalin/mailz_rozalin_bellona.fb2.zip</filename>
	<title>Майлз Розалин. Беллона</title>
</book>
<book>
	<filename>mailz_rozalin/mailz_rozalin_devstvennica.fb2.zip</filename>
	<title>Майлз Розалин. Девственница</title>
</book>
<book>
	<filename>mailz_rozalin/mailz_rozalin_gloriana.fb2.zip</filename>
	<title>Майлз Розалин. Глориана</title>
</book>
<book>
	<filename>mailz_rozalin/mailz_rozalin_koroleva.fb2.zip</filename>
	<title>Майлз Розалин. Королева</title>
</book>
<book>
	<filename>mailz_rozalin/mailz_rozalin_nezakonnorozhdennaya.fb2.zip</filename>
	<title>Майлз Розалин. Незаконнорожденная</title>
</book>
<book>
	<filename>mailz_rozalin/mailz_rozalin_vozvrashenie_v_yedem_kniga_1.fb2.zip</filename>
	<title>Майлз Розалин. Возвращение в Эдем. Книга 1</title>
</book>
<book>
	<filename>mailz_rozalin/mailz_rozalin_vozvrashenie_v_yedem_kniga_2.fb2.zip</filename>
	<title>Майлз Розалин. Возвращение в Эдем. Книга 2</title>
</book>
<book>
	<filename>mailz_rozalin/mailz_rozalin_v_poryve_strasti.fb2.zip</filename>
	<title>Майлз Розалин. В порыве страсти</title>
</book>
<book>
	<filename>mainaev_boris/mainaev_boris_nad_propastyu_lyubvi.fb2.zip</filename>
	<title>Майнаев Борис Михайлович. Над пропастью любви</title>
</book>
<book>
	<filename>mainaev_boris/mainaev_boris_sleduyushii_tramvai.fb2.zip</filename>
	<title>Майнаев Борис Михайлович. Следующий трамвай</title>
</book>
<book>
	<filename>mainaev_boris/mainaev_boris_tigr_v_stoge_sena.fb2.zip</filename>
	<title>Майнаев Борис Михайлович. Тигр в стоге сена</title>
</book>
<book>
	<filename>mainardi_danilo/mainardi_danilo_sobaka_i_lisica.fb2.zip</filename>
	<title>Майнарди Данило. Собака и лисица</title>
</book>
<book>
	<filename>main_rid_tomas/main_rid_tomas_amerikanskie_partizany.fb2.zip</filename>
	<title>Майн Рид Томас. Американские партизаны</title>
</book>
<book>
	<filename>main_rid_tomas/main_rid_tomas_belaya_perchatka.fb2.zip</filename>
	<title>Майн Рид Томас. Белая перчатка</title>
</book>
<book>
	<filename>main_rid_tomas/main_rid_tomas_belyi_vozhd.fb2.zip</filename>
	<title>Майн Рид Томас. Белый вождь</title>
</book>
<book>
	<filename>main_rid_tomas/main_rid_tomas_bespomoshnaya_ruka_ili_vozmezdie_dikogo_lesa.fb2.zip</filename>
	<title>Майн Рид Томас. Беспомощная рука, или возмездие Дикого леса</title>
</book>
<book>
	<filename>main_rid_tomas/main_rid_tomas_bez_poshady.fb2.zip</filename>
	<title>Майн Рид Томас. Без пощады</title>
</book>
<book>
	<filename>main_rid_tomas/main_rid_tomas_chernyi_mustanger.fb2.zip</filename>
	<title>Майн Рид Томас. Черный мустангер</title>
</book>
<book>
	<filename>main_rid_tomas/main_rid_tomas_chernyi_yaguar.fb2.zip</filename>
	<title>Майн Рид Томас. Черный ягуар</title>
</book>
<book>
	<filename>main_rid_tomas/main_rid_tomas_derevolovushka.fb2.zip</filename>
	<title>Майн Рид Томас. Дерево-ловушка</title>
</book>
<book>
	<filename>main_rid_tomas/main_rid_tomas_doch_chernogo_doktora.fb2.zip</filename>
	<title>Майн Рид Томас. Дочь черного доктора</title>
</book>
<book>
	<filename>main_rid_tomas/main_rid_tomas_gaspar_gaucho.fb2.zip</filename>
	<title>Майн Рид Томас. Гаспар гаучо</title>
</book>
<book>
	<filename>main_rid_tomas/main_rid_tomas_goluboi_dik.fb2.zip</filename>
	<title>Майн Рид Томас. Голубой Дик</title>
</book>
<book>
	<filename>main_rid_tomas/main_rid_tomas_gudzonov_zaliv.fb2.zip</filename>
	<title>Майн Рид Томас. Гудзонов залив</title>
</book>
<book>
	<filename>main_rid_tomas/main_rid_tomas_izgnanniki_v_lesu.fb2.zip</filename>
	<title>Майн Рид Томас. Изгнанники в лесу</title>
</book>
<book>
	<filename>main_rid_tomas/main_rid_tomas_kvarteronka.fb2.zip</filename>
	<title>Майн Рид Томас. Квартеронка</title>
</book>
<book>
	<filename>main_rid_tomas/main_rid_tomas_legenda_o_belom_kone.fb2.zip</filename>
	<title>Майн Рид Томас. Легенда о белом коне</title>
</book>
<book>
	<filename>main_rid_tomas/main_rid_tomas_malchiki_na_severe.fb2.zip</filename>
	<title>Майн Рид Томас. Мальчики на севере</title>
</book>
<book>
	<filename>main_rid_tomas/main_rid_tomas_marony.fb2.zip</filename>
	<title>Майн Рид Томас. Мароны</title>
</book>
<book>
	<filename>main_rid_tomas/main_rid_tomas_molodye_nevolniki.fb2.zip</filename>
	<title>Майн Рид Томас. Молодые невольники</title>
</book>
<book>
	<filename>main_rid_tomas/main_rid_tomas_morskoi_volchonok.fb2.zip</filename>
	<title>Майн Рид Томас. Морской волчонок</title>
</book>
<book>
	<filename>main_rid_tomas/main_rid_tomas_na_more.fb2.zip</filename>
	<title>Майн Рид Томас. На море</title>
</book>
<book>
	<filename>main_rid_tomas/main_rid_tomas_oceola_vozhd_seminolov.fb2.zip</filename>
	<title>Майн Рид Томас. Оцеола, вождь семинолов</title>
</book>
<book>
	<filename>main_rid_tomas/main_rid_tomas_ognennaya_zemlya.fb2.zip</filename>
	<title>Майн Рид Томас. Огненная земля</title>
</book>
<book>
	<filename>main_rid_tomas/main_rid_tomas_ohota_na_indyukov_v_tehase.fb2.zip</filename>
	<title>Майн Рид Томас. Охота на индюков в Техасе</title>
</book>
<book>
	<filename>main_rid_tomas/main_rid_tomas_ohota_na_leviafana.fb2.zip</filename>
	<title>Майн Рид Томас. Охота на левиафана</title>
</book>
<book>
	<filename>main_rid_tomas/main_rid_tomas_ohotnichii_prazdnik.fb2.zip</filename>
	<title>Майн Рид Томас. Охотничий праздник</title>
</book>
<book>
	<filename>main_rid_tomas/main_rid_tomas_ohotniki_za_medvedyami.fb2.zip</filename>
	<title>Майн Рид Томас. Охотники за медведями</title>
</book>
<book>
	<filename>main_rid_tomas/main_rid_tomas_ohotniki_za_skalpami.fb2.zip</filename>
	<title>Майн Рид Томас. Охотники за скальпами</title>
</book>
<book>
	<filename>main_rid_tomas/main_rid_tomas_ohotniki_za_zhirafami.fb2.zip</filename>
	<title>Майн Рид Томас. Охотники за жирафами</title>
</book>
<book>
	<filename>main_rid_tomas/main_rid_tomas_ohotnik_na_bobrov.fb2.zip</filename>
	<title>Майн Рид Томас. Охотник на бобров</title>
</book>
<book>
	<filename>main_rid_tomas/main_rid_tomas_ohotnik_na_tigrov.fb2.zip</filename>
	<title>Майн Рид Томас. Охотник на тигров</title>
</book>
<book>
	<filename>main_rid_tomas/main_rid_tomas_ostrov_dyavola.fb2.zip</filename>
	<title>Майн Рид Томас. Остров дьявола</title>
</book>
<book>
	<filename>main_rid_tomas/main_rid_tomas_ostrovityane_tonga.fb2.zip</filename>
	<title>Майн Рид Томас. Островитяне Тонга</title>
</book>
<book>
	<filename>main_rid_tomas/main_rid_tomas_otvazhnaya_ohotnica.fb2.zip</filename>
	<title>Майн Рид Томас. Отважная охотница</title>
</book>
<book>
	<filename>main_rid_tomas/main_rid_tomas_pereselency_transvaalya.fb2.zip</filename>
	<title>Майн Рид Томас. Переселенцы Трансвааля</title>
</book>
<book>
	<filename>main_rid_tomas/main_rid_tomas_perst_sudby.fb2.zip</filename>
	<title>Майн Рид Томас. Перст судьбы</title>
</book>
<book>
	<filename>main_rid_tomas/main_rid_tomas_priklyucheniya_gansa_sterka.fb2.zip</filename>
	<title>Майн Рид Томас. Приключения Ганса Стерка</title>
</book>
<book>
	<filename>main_rid_tomas/main_rid_tomas_propavshaya_sestra.fb2.zip</filename>
	<title>Майн Рид Томас. Пропавшая сестра</title>
</book>
<book>
	<filename>main_rid_tomas/main_rid_tomas_signal_bedstviya.fb2.zip</filename>
	<title>Майн Рид Томас. Сигнал бедствия</title>
</book>
<book>
	<filename>main_rid_tomas/main_rid_tomas_slomavshiisya_mundshtuk.fb2.zip</filename>
	<title>Майн Рид Томас. Сломавшийся мундштук</title>
</book>
<book>
	<filename>main_rid_tomas/main_rid_tomas_smertelnyi_vystrel.fb2.zip</filename>
	<title>Майн Рид Томас. Смертельный выстрел</title>
</book>
<book>
	<filename>main_rid_tomas/main_rid_tomas_son_v_ruku.fb2.zip</filename>
	<title>Майн Рид Томас. Сон в руку</title>
</book>
<book>
	<filename>main_rid_tomas/main_rid_tomas_spasennyi_poezd.fb2.zip</filename>
	<title>Майн Рид Томас. Спасенный поезд</title>
</book>
<book>
	<filename>main_rid_tomas/main_rid_tomas_tropa_voiny.fb2.zip</filename>
	<title>Майн Рид Томас. Тропа войны</title>
</book>
<book>
	<filename>main_rid_tomas/main_rid_tomas_uedinennoe_zhilishe.fb2.zip</filename>
	<title>Майн Рид Томас. Уединенное жилище</title>
</book>
<book>
	<filename>main_rid_tomas/main_rid_tomas_v_debryah_borneo.fb2.zip</filename>
	<title>Майн Рид Томас. В дебрях Борнео</title>
</book>
<book>
	<filename>main_rid_tomas/main_rid_tomas_v_debryah_yuzhnoi_afriki.fb2.zip</filename>
	<title>Майн Рид Томас. В дебрях Южной Африки</title>
</book>
<book>
	<filename>main_rid_tomas/main_rid_tomas_vodyanaya_pustynya.fb2.zip</filename>
	<title>Майн Рид Томас. Водяная пустыня</title>
</book>
<book>
	<filename>main_rid_tomas/main_rid_tomas_vozhd_gverilyasov.fb2.zip</filename>
	<title>Майн Рид Томас. Вождь гверильясов</title>
</book>
<book>
	<filename>main_rid_tomas/main_rid_tomas_v_poiskah_belogo_bizona.fb2.zip</filename>
	<title>Майн Рид Томас. В поисках белого бизона</title>
</book>
<book>
	<filename>main_rid_tomas/main_rid_tomas_yesperansa.fb2.zip</filename>
	<title>Майн Рид Томас. Эсперанса</title>
</book>
<book>
	<filename>main_rid_tomas/main_rid_tomas_yunye_ohotniki.fb2.zip</filename>
	<title>Майн Рид Томас. Юные охотники</title>
</book>
<book>
	<filename>main_rid_tomas/main_rid_tomas_zateryannye_v_okeane.fb2.zip</filename>
	<title>Майн Рид Томас. Затерянные в океане</title>
</book>
<book>
	<filename>main_rid_tomas/main_rid_tomas_zateryavshayasya_gora.fb2.zip</filename>
	<title>Майн Рид Томас. Затерявшаяся гора</title>
</book>
<book>
	<filename>main_rid_tomas/main_rid_tomas_zhak_depar.fb2.zip</filename>
	<title>Майн Рид Томас. Жак Депар</title>
</book>
<book>
	<filename>main_rid_tomas/main_rid_tomas_zhenadevochka.fb2.zip</filename>
	<title>Майн Рид Томас. Жена-девочка</title>
</book>
<book>
	<filename>main_rid_tomas/main_rid_tomas_zhilishe_v_pustyne.fb2.zip</filename>
	<title>Майн Рид Томас. Жилище в пустыне</title>
</book>
<book>
	<filename>main_rid_tomas/main_rid_tomas_zhizn_u_indeicev.fb2.zip</filename>
	<title>Майн Рид Томас. Жизнь у индейцев</title>
</book>
<book>
	<filename>main_rid_tomas/main_rid_tomas_zolotoi_braslet_vozhd_indeicev.fb2.zip</filename>
	<title>Майн Рид Томас. Золотой браслет, вождь индейцев</title>
</book>
<book>
	<filename>mainter_dzh/mainter_dzh_svoi_lyudi.fb2.zip</filename>
	<title>Майнтер Дж. Свои люди</title>
</book>
<book>
	<filename>maio_margaret/maio_margaret_pod_ispanskim_nebom.fb2.zip</filename>
	<title>Майо Маргарет. Под испанским небом</title>
</book>
<book>
	<filename>maiorova_irina/maiorova_irina_pro_lyudei_i_zvezdei.fb2.zip</filename>
	<title>Майорова Ирина. Про людей и звездей</title>
</book>
<book>
	<filename>maiorov_sergei/maiorov_sergei_gruppa_riska.fb2.zip</filename>
	<title>Майоров Сергей. Группа риска</title>
</book>
<book>
	<filename>maiorov_sergei/maiorov_sergei_mest_akuly.fb2.zip</filename>
	<title>Майоров Сергей. Месть Акулы</title>
</book>
<book>
	<filename>maiorov_sergei/maiorov_sergei_nazhat_kryuchok.fb2.zip</filename>
	<title>Майоров Сергей. Нажать крючок</title>
</book>
<book>
	<filename>maiorov_sergei/maiorov_sergei_otkaznoi_material.fb2.zip</filename>
	<title>Майоров Сергей. Отказной материал</title>
</book>
<book>
	<filename>maiorov_sergei/maiorov_sergei_slepoi_agent_poslednii_dolg_zolotoi_poezd.fb2.zip</filename>
	<title>Майоров Сергей. Слепой Агент [Последний долг, Золотой поезд]</title>
</book>
<book>
	<filename>mairata_ramon/mairata_ramon_zvezdochet.fb2.zip</filename>
	<title>Майрата Рамон. Звездочет</title>
</book>
<book>
	<filename>mairink_gustav/mairink_gustav_albinos.fb2.zip</filename>
	<title>Майринк Густав. Альбинос</title>
</book>
<book>
	<filename>mairink_gustav/mairink_gustav_angel_zapadnogo_okna.fb2.zip</filename>
	<title>Майринк Густав. Ангел западного окна</title>
</book>
<book>
	<filename>mairink_gustav/mairink_gustav_bal_macabre.fb2.zip</filename>
	<title>Майринк Густав. Bal Macabre</title>
</book>
<book>
	<filename>mairink_gustav/mairink_gustav_belyi_dominikanec.fb2.zip</filename>
	<title>Майринк Густав. Белый Доминиканец</title>
</book>
<book>
	<filename>mairink_gustav/mairink_gustav_bolonskie_slezki.fb2.zip</filename>
	<title>Майринк Густав. Болонские слезки</title>
</book>
<book>
	<filename>mairink_gustav/mairink_gustav_carica_u_zagor.fb2.zip</filename>
	<title>Майринк Густав. Царица у загор</title>
</book>
<book>
	<filename>mairink_gustav/mairink_gustav_chelovek_v_butylke.fb2.zip</filename>
	<title>Майринк Густав. Человек в бутылке</title>
</book>
<book>
	<filename>mairink_gustav/mairink_gustav_chernaya_dyra.fb2.zip</filename>
	<title>Майринк Густав. Черная дыра</title>
</book>
<book>
	<filename>mairink_gustav/mairink_gustav_chyornyi_shar.fb2.zip</filename>
	<title>Майринк Густав. Чёрный шар</title>
</book>
<book>
	<filename>mairink_gustav/mairink_gustav_doktor_ledeger.fb2.zip</filename>
	<title>Майринк Густав. Доктор Ледегер</title>
</book>
<book>
	<filename>mairink_gustav/mairink_gustav_fioletovaya_smert.fb2.zip</filename>
	<title>Майринк Густав. Фиолетовая смерть</title>
</book>
<book>
	<filename>mairink_gustav/mairink_gustav_golem.fb2.zip</filename>
	<title>Майринк Густав. Голем</title>
</book>
<book>
	<filename>mairink_gustav/mairink_gustav_himera.fb2.zip</filename>
	<title>Майринк Густав. Химера</title>
</book>
<book>
	<filename>mairink_gustav/mairink_gustav_isparivshiisya_mozg.fb2.zip</filename>
	<title>Майринк Густав. Испарившийся мозг</title>
</book>
<book>
	<filename>mairink_gustav/mairink_gustav_kabinet_voskovyh_figur.fb2.zip</filename>
	<title>Майринк Густав. Кабинет восковых фигур</title>
</book>
<book>
	<filename>mairink_gustav/mairink_gustav_kak_doktor_iov_pauperzum_prines_svoei_docheri_krasnye_rozy.fb2.zip</filename>
	<title>Майринк Густав. Как доктор Иов Пауперзум принес своей дочери красные розы</title>
</book>
<book>
	<filename>mairink_gustav/mairink_gustav_kardinal_napellus.fb2.zip</filename>
	<title>Майринк Густав. Кардинал Напеллус</title>
</book>
<book>
	<filename>mairink_gustav/mairink_gustav_kolco_saturna.fb2.zip</filename>
	<title>Майринк Густав. Кольцо Сатурна</title>
</book>
<book>
	<filename>mairink_gustav/mairink_gustav_konec.fb2.zip</filename>
	<title>Майринк Густав. Конец</title>
</book>
<book>
	<filename>mairink_gustav/mairink_gustav_kozlovaya_zakvaska.fb2.zip</filename>
	<title>Майринк Густав. Козловая закваска</title>
</book>
<book>
	<filename>mairink_gustav/mairink_gustav_meister_leongard.fb2.zip</filename>
	<title>Майринк Густав. Мейстер Леонгард</title>
</book>
<book>
	<filename>mairink_gustav/mairink_gustav_mozg.fb2.zip</filename>
	<title>Майринк Густав. Мозг</title>
</book>
<book>
	<filename>mairink_gustav/mairink_gustav_mudrost_brahmanov.fb2.zip</filename>
	<title>Майринк Густав. Мудрость брахманов</title>
</book>
<book>
	<filename>mairink_gustav/mairink_gustav_opal.fb2.zip</filename>
	<title>Майринк Густав. Опал</title>
</book>
<book>
	<filename>mairink_gustav/mairink_gustav_poseshenie_i_g_obereitom_piyavok_unichtozhayushih_vremya.fb2.zip</filename>
	<title>Майринк Густав. Посещение И. Г. Оберейтом пиявок, уничтожающих время</title>
</book>
<book>
	<filename>mairink_gustav/mairink_gustav_preparat.fb2.zip</filename>
	<title>Майринк Густав. Препарат</title>
</book>
<book>
	<filename>mairink_gustav/mairink_gustav_taina_zamka_hyetevyei.fb2.zip</filename>
	<title>Майринк Густав. Тайна замка Хэтевэй</title>
</book>
<book>
	<filename>mairink_gustav/mairink_gustav_urna_v_st_gingolfe.fb2.zip</filename>
	<title>Майринк Густав. Урна в Ст. Гингольфе</title>
</book>
<book>
	<filename>mairink_gustav/mairink_gustav_valpurgieva_noch.fb2.zip</filename>
	<title>Майринк Густав. Вальпургиева ночь</title>
</book>
<book>
	<filename>mairink_gustav/mairink_gustav_vnushenie.fb2.zip</filename>
	<title>Майринк Густав. Внушение</title>
</book>
<book>
	<filename>mairink_gustav/mairink_gustav_v_ogne_stradanii_mir_gorit.fb2.zip</filename>
	<title>Майринк Густав. «В огне страданий мир горит…»</title>
</book>
<book>
	<filename>mairink_gustav/mairink_gustav_yeksponat.fb2.zip</filename>
	<title>Майринк Густав. Экспонат</title>
</book>
<book>
	<filename>mairink_gustav/mairink_gustav_zelenyi_lik.fb2.zip</filename>
	<title>Майринк Густав. Зеленый лик</title>
</book>
<book>
	<filename>mairink_gustav/mairink_gustav_zharkii_soldat.fb2.zip</filename>
	<title>Майринк Густав. Жаркий солдат</title>
</book>
<book>
	<filename>mairink_gustav/mairink_gustav_zvon_v_ushah.fb2.zip</filename>
	<title>Майринк Густав. Звон в ушах</title>
</book>

</books>

