<?xml version="1.0" encoding="UTF-8" ?>
<books>

<book>
	<filename>masello_robert/masello_robert_strazh.fb2.zip</filename>
	<title>Маселло Роберт. Страж</title>
</book>
<book>
	<filename>masetti_katarina/masetti_katarina_paren_s_sosednei_mogily.fb2.zip</filename>
	<title>Масетти Катарина. Парень с соседней могилы</title>
</book>
<book>
	<filename>mashkin_gennadii/mashkin_gennadii_sinee_more_belyi_parohod.fb2.zip</filename>
	<title>Машкин Геннадий Николаевич. Синее море, белый пароход</title>
</book>
<book>
	<filename>mashkov_vladimir/mashkov_vladimir_kak_ya_byl_vunderkindom.fb2.zip</filename>
	<title>Машков Владимир. Как я был вундеркиндом</title>
</book>
<book>
	<filename>mashkov_vladimir/mashkov_vladimir_poslednii_den_matriarhata.fb2.zip</filename>
	<title>Машков Владимир. Последний день матриархата</title>
</book>
<book>
	<filename>mashtakova_klara/mashtakova_klara_mariya_ulyanova.fb2.zip</filename>
	<title>Маштакова Клара Александровна. Мария Ульянова</title>
</book>
<book>
	<filename>maslinkovskii_t/maslinkovskii_t_umei_okazat_pervuyu_pomosh.fb2.zip</filename>
	<title>Маслинковский Т. И. Умей оказать первую помощь</title>
</book>
<book>
	<filename>maslov_aleksandr/maslov_aleksandr_strazhi_perekrestka.fb2.zip</filename>
	<title>Маслов Александр. Стражи Перекрестка</title>
</book>
<book>
	<filename>maslova_polina/maslova_polina_kak_zapoluchit_chuzhogo_muzha.fb2.zip</filename>
	<title>Маслова Полина. Как заполучить чужого мужа</title>
</book>
<book>
	<filename>maslov_vladimir/maslov_vladimir_vvedenie_v_perl.fb2.zip</filename>
	<title>Маслов Владимир Викторович. Введение в Perl</title>
</book>
<book>
	<filename>maslyukov_valentin/maslyukov_valentin_klad.fb2.zip</filename>
	<title>Маслюков Валентин Сергеевич. Клад</title>
</book>
<book>
	<filename>masson_frederik/masson_frederik_napoleon_i_zhenshiny.fb2.zip</filename>
	<title>Массон Фредерик. Наполеон и женщины</title>
</book>
<book>
	<filename>masterson_luis/masterson_luis_za_chest_druga.fb2.zip</filename>
	<title>Мастерсон Луис. За честь друга</title>
</book>
<book>
	<filename>masterton_gryehyem/masterton_gryehyem_dyavoly_sudnogo_dnya.fb2.zip</filename>
	<title>Мастертон Грэхэм. Дьяволы судного дня</title>
</book>
<book>
	<filename>masterton_gryehyem/masterton_gryehyem_dzhinn.fb2.zip</filename>
	<title>Мастертон Грэхэм. Джинн</title>
</book>
<book>
	<filename>masterton_gryehyem/masterton_gryehyem_kolodcy_ada.fb2.zip</filename>
	<title>Мастертон Грэхэм. Колодцы ада</title>
</book>
<book>
	<filename>masterton_gryehyem/masterton_gryehyem_lyerd_dunain.fb2.zip</filename>
	<title>Мастертон Грэхэм. Лэрд Дунайн</title>
</book>
<book>
	<filename>masterton_gryehyem/masterton_gryehyem_manitu.fb2.zip</filename>
	<title>Мастертон Грэхэм. Маниту</title>
</book>
<book>
	<filename>masterton_gryehyem/masterton_gryehyem_proklyatyi.fb2.zip</filename>
	<title>Мастертон Грэхэм. Проклятый</title>
</book>
<book>
	<filename>masterton_gryehyem/masterton_gryehyem_sfinks.fb2.zip</filename>
	<title>Мастертон Грэхэм. Сфинкс</title>
</book>
<book>
	<filename>masterton_gryehyem/masterton_gryehyem_v_stile_rokoko.fb2.zip</filename>
	<title>Мастертон Грэхэм. В стиле рококо</title>
</book>
<book>
	<filename>mastretta_anheles/mastretta_anheles_lyubovnyi_nedug.fb2.zip</filename>
	<title>Мастретта Анхелес. Любовный недуг</title>
</book>
<book>
	<filename>mate_milica/mate_milica_den_egipetskogo_malchika.fb2.zip</filename>
	<title>Матье Милица Эдвиновна. День египетского мальчика</title>
</book>
<book>
	<filename>mate_milica/mate_milica_kari_uchenik_hudozhnika.fb2.zip</filename>
	<title>Матье Милица Эдвиновна. Кари, ученик художника</title>
</book>
<book>
	<filename>mateson_richard/mateson_richard_adskii_dom.fb2.zip</filename>
	<title>Матесон Ричард. Адский дом</title>
</book>
<book>
	<filename>mateson_richard/mateson_richard_ah_yeta_dzhuliya.fb2.zip</filename>
	<title>Матесон Ричард. Ах, эта Джулия!</title>
</book>
<book>
	<filename>mateson_richard/mateson_richard_bolshoi_syurpriz.fb2.zip</filename>
	<title>Матесон Ричард. Большой сюрприз</title>
</book>
<book>
	<filename>mateson_richard/mateson_richard_devushka_moih_grez.fb2.zip</filename>
	<title>Матесон Ричард. Девушка моих грез</title>
</book>
<book>
	<filename>mateson_richard/mateson_richard_dom_slotera.fb2.zip</filename>
	<title>Матесон Ричард. Дом Слотера</title>
</book>
<book>
	<filename>mateson_richard/mateson_richard_fenomen_ischeznoveniya.fb2.zip</filename>
	<title>Матесон Ричард. Феномен исчезновения</title>
</book>
<book>
	<filename>mateson_richard/mateson_richard_gdeto_vo_vremeni.fb2.zip</filename>
	<title>Матесон Ричард. Где-то во времени</title>
</book>
<book>
	<filename>mateson_richard/mateson_richard_iz_mest_pokrytyh_tmoi.fb2.zip</filename>
	<title>Матесон Ричард. Из мест, покрытых тьмой</title>
</book>
<book>
	<filename>mateson_richard/mateson_richard_kuda_privodyat_mechty.fb2.zip</filename>
	<title>Матесон Ричард. Куда приводят мечты</title>
</book>
<book>
	<filename>mateson_richard/mateson_richard_neveroyatnyi_umenshayushiisya_chelovek.fb2.zip</filename>
	<title>Матесон Ричард. Невероятный уменьшающийся человек</title>
</book>
<book>
	<filename>mateson_richard/mateson_richard_otzvuki_yeha.fb2.zip</filename>
	<title>Матесон Ричард. Отзвуки эха</title>
</book>
<book>
	<filename>mateson_richard/mateson_richard_pervaya_godovshina.fb2.zip</filename>
	<title>Матесон Ричард. Первая годовщина</title>
</book>
<book>
	<filename>mateson_richard/mateson_richard_potomki_noya.fb2.zip</filename>
	<title>Матесон Ричард. Потомки Ноя</title>
</book>
<book>
	<filename>mateson_richard/mateson_richard_put_vniz.fb2.zip</filename>
	<title>Матесон Ричард. Путь вниз</title>
</book>
<book>
	<filename>mateson_richard/mateson_richard_ya_legenda.fb2.zip</filename>
	<title>Матесон Ричард. Я — легенда</title>
</book>
<book>
	<filename>matias_lorelei/matias_lorelei_vlyublennyi_kupidon.fb2.zip</filename>
	<title>Матиас Лорелей. Влюбленный купидон</title>
</book>
<book>
	<filename>matikevich_vladimir/matikevich_vladimir_nashestvie_neizvestnaya_istoriya_izvestnogo_prezidenta.fb2.zip</filename>
	<title>Матикевич Владимир. Нашествие. Неизвестная история известного президента.</title>
</book>
<book>
	<filename>matute_ana_mariya/matute_ana_mariya_korol_zennov.fb2.zip</filename>
	<title>Матуте Ана Мария. Король Зеннов</title>
</book>
<book>
	<filename>matveeva_aleksandra/matveeva_aleksandra_bankirsha.fb2.zip</filename>
	<title>Матвеева Александра. Банкирша</title>
</book>
<book>
	<filename>matveeva_tatyana/matveeva_tatyana_deep_dawn.fb2.zip</filename>
	<title>Матвеева Татьяна. Deep dawn</title>
</book>
<book>
	<filename>matveev_barmattai_konstantin/matveev_barmattai_konstantin_istrebitel_kolyuchek_skazki_legendy_i_pritchi_sovremennyh_assiriicev.fb2.zip</filename>
	<title>Матвеев (Бар-Маттай) Константин Петрович. Истребитель колючек. Сказки, легенды и притчи современных ассирийцев</title>
</book>
<book>
	<filename>matveev_german/matveev_german_tainaya_shvatka.fb2.zip</filename>
	<title>Матвеев Герман Иванович. Тайная схватка</title>
</book>
<book>
	<filename>matveev_german/matveev_german_tarantul.fb2.zip</filename>
	<title>Матвеев Герман Иванович. Тарантул</title>
</book>
<book>
	<filename>matveev_german/matveev_german_zelenye_cepochki.fb2.zip</filename>
	<title>Матвеев Герман Иванович. Зеленые цепочки</title>
</book>
<book>
	<filename>matyuhin_aleksandr/matyuhin_aleksandr_udel_upyrya.fb2.zip</filename>
	<title>Матюхин Александр. Удел упыря</title>
</book>
<book>
	<filename>mauntin_fiona/mauntin_fiona_bledna_kak_smert.fb2.zip</filename>
	<title>Маунтин Фиона. Бледна как смерть</title>
</book>
<book>
	<filename>maurin_evgenii/maurin_evgenii_krovavyi_pir.fb2.zip</filename>
	<title>Маурин Евгений Иванович. Кровавый пир</title>
</book>
<book>
	<filename>maurin_evgenii/maurin_evgenii_mogilnyi_cvetok.fb2.zip</filename>
	<title>Маурин Евгений Иванович. Могильный цветок</title>
</book>
<book>
	<filename>maurin_evgenii/maurin_evgenii_na_oblomkah_trona.fb2.zip</filename>
	<title>Маурин Евгений Иванович. На обломках трона</title>
</book>
<book>
	<filename>maurin_evgenii/maurin_evgenii_vencenosnyi_rab.fb2.zip</filename>
	<title>Маурин Евгений Иванович. Венценосный раб</title>
</book>
<book>
	<filename>maurin_evgenii/maurin_evgenii_vozlyublennaya_favorita.fb2.zip</filename>
	<title>Маурин Евгений Иванович. Возлюбленная фаворита</title>
</book>
<book>
	<filename>mautner_fric/mautner_fric_ipatiya.fb2.zip</filename>
	<title>Маутнер Фриц. Ипатия</title>
</book>
<book>
	<filename>mavr_yanka/mavr_yanka_amok.fb2.zip</filename>
	<title>Мавр Янка. Амок</title>
</book>
<book>
	<filename>mavr_yanka/mavr_yanka_chelovek_idet.fb2.zip</filename>
	<title>Мавр Янка. Человек идет</title>
</book>
<book>
	<filename>mavr_yanka/mavr_yanka_paleskiya_rabinzony.fb2.zip</filename>
	<title>Мавр Янка. Палескія рабінзоны</title>
</book>
<book>
	<filename>mavr_yanka/mavr_yanka_polesskie_robinzony.fb2.zip</filename>
	<title>Мавр Янка. Полесские робинзоны</title>
</book>
<book>
	<filename>mavr_yanka/mavr_yanka_v_strane_raiskoi_pticy.fb2.zip</filename>
	<title>Мавр Янка. В стране райской птицы</title>
</book>
<book>
	<filename>mayakovskii_vladimir/mayakovskii_vladimir_chto_ni_stranica_to_slon_to_lvica.fb2.zip</filename>
	<title>Маяковский Владимир Владимирович. Что ни страница, то слон, то львица</title>
</book>
<book>
	<filename>mayakovskii_vladimir/mayakovskii_vladimir_istoriya_vlasa_lentyaya_i_lobotryasa.fb2.zip</filename>
	<title>Маяковский Владимир Владимирович. История Власа лентяя и лоботряса</title>
</book>
<book>
	<filename>mayakovskii_vladimir/mayakovskii_vladimir_izbrannoe.fb2.zip</filename>
	<title>Маяковский Владимир Владимирович. Избранное</title>
</book>
<book>
	<filename>mazin_aleksandr/mazin_aleksandr_cena_imperii.fb2.zip</filename>
	<title>Мазин Александр. Цена империи</title>
</book>
<book>
	<filename>mazin_aleksandr/mazin_aleksandr_knyaz.fb2.zip</filename>
	<title>Мазин Александр. Князь</title>
</book>
<book>
	<filename>mazin_aleksandr/mazin_aleksandr_malyshka_i_karlsson2.fb2.zip</filename>
	<title>Мазин Александр. Малышка и Карлссон-2</title>
</book>
<book>
	<filename>mazin_aleksandr/mazin_aleksandr_mesto_dlya_bitvy.fb2.zip</filename>
	<title>Мазин Александр. Место для битвы</title>
</book>
<book>
	<filename>mazin_aleksandr/mazin_aleksandr_panika.fb2.zip</filename>
	<title>Мазин Александр. Паника</title>
</book>
<book>
	<filename>mazin_aleksandr/mazin_aleksandr_put_imperatora.fb2.zip</filename>
	<title>Мазин Александр. Путь императора</title>
</book>
<book>
	<filename>mazin_aleksandr/mazin_aleksandr_rimskii_orel.fb2.zip</filename>
	<title>Мазин Александр. Римский орел</title>
</book>
<book>
	<filename>mazin_aleksandr/mazin_aleksandr_tron_imperatora.fb2.zip</filename>
	<title>Мазин Александр. Трон императора</title>
</book>
<book>
	<filename>mazin_aleksandr/mazin_aleksandr_varvary.fb2.zip</filename>
	<title>Мазин Александр. Варвары</title>
</book>
<book>
	<filename>mazin_aleksandr/mazin_aleksandr_varyag.fb2.zip</filename>
	<title>Мазин Александр. Варяг</title>
</book>
<book>
	<filename>mazin_aleksandr/mazin_aleksandr_vremya_peremen.fb2.zip</filename>
	<title>Мазин Александр. Время перемен</title>
</book>
<book>
	<filename>mazin_viktor/mazin_viktor_narushenie_pravil_ili_eshe_raz_i_sherlok_holms_i_zigmud_freid_i_mnogie_drugie.fb2.zip</filename>
	<title>Мазин Виктор Аронович. Нарушение правил или Еще раз и Шерлок Холмс, и Зигмуд Фрейд, и многие другие</title>
</book>
<book>
	<filename>mazin_viktor/mazin_viktor_vvedenie_v_lakana.fb2.zip</filename>
	<title>Мазин Виктор Аронович. Введение в Лакана</title>
</book>
<book>
	<filename>mazova_nataliya/mazova_nataliya_ispoved_zelenogo_plameni.fb2.zip</filename>
	<title>Мазова Наталия. Исповедь Зеленого Пламени</title>
</book>
<book>
	<filename>mazo_zhak/mazo_zhak_orlinyi_most.fb2.zip</filename>
	<title>Мазо Жак. Орлиный мост</title>
</book>
<book>
	<filename>mazurkin_aleksandr/mazurkin_aleksandr_zhitie_isa_apokrif.fb2.zip</filename>
	<title>Мазуркин Александр. Житие Иса. Апокриф</title>
</book>
<book>
	<filename>mecger_barbara/mecger_barbara_duyel.fb2.zip</filename>
	<title>Мецгер Барбара. Дуэль</title>
</book>
<book>
	<filename>mecger_barbara/mecger_barbara_kozyrnoi_tuz.fb2.zip</filename>
	<title>Мецгер Барбара. Козырной туз</title>
</book>
<book>
	<filename>mecger_barbara/mecger_barbara_krylya_lyubvi.fb2.zip</filename>
	<title>Мецгер Барбара. Крылья любви</title>
</book>
<book>
	<filename>mecger_barbara/mecger_barbara_naveki_tvoi.fb2.zip</filename>
	<title>Мецгер Барбара. Навеки твой</title>
</book>
<book>
	<filename>mecger_barbara/mecger_barbara_trefovyi_valet.fb2.zip</filename>
	<title>Мецгер Барбара. Трефовый валет</title>
</book>
<book>
	<filename>mechkovskaya_nina/mechkovskaya_nina_yazyk_i_religiya_lekcii_po_filologii_i_istorii_religii.fb2.zip</filename>
	<title>Мечковская Нина. Язык и религия. Лекции по филологии и истории религий</title>
</book>
<book>
	<filename>mecrih_ben/mecrih_ben_kozha.fb2.zip</filename>
	<title>Мецрих Бен. Кожа</title>
</book>
<book>
	<filename>medeiros_tereza/medeiros_tereza_chernyi_rycar.fb2.zip</filename>
	<title>Медейрос Тереза. Черный рыцарь</title>
</book>
<book>
	<filename>medeiros_tereza/medeiros_tereza_moi_dorogoi.fb2.zip</filename>
	<title>Медейрос Тереза. Мой дорогой</title>
</book>
<book>
	<filename>medeiros_tereza/medeiros_tereza_ozornica.fb2.zip</filename>
	<title>Медейрос Тереза. Озорница</title>
</book>
<book>
	<filename>medeiros_tereza/medeiros_tereza_pocelui_pirata.fb2.zip</filename>
	<title>Медейрос Тереза. Поцелуй пирата</title>
</book>
<book>
	<filename>medeiros_tereza/medeiros_tereza_proklyatie_korolevy_fei.fb2.zip</filename>
	<title>Медейрос Тереза. Проклятие королевы фей</title>
</book>
<book>
	<filename>medeiros_tereza/medeiros_tereza_shipy_i_rozy.fb2.zip</filename>
	<title>Медейрос Тереза. Шипы и розы</title>
</book>
<book>
	<filename>medeiros_tereza/medeiros_tereza_shipy_i_rozy_shepot_roz.fb2.zip</filename>
	<title>Медейрос Тереза. Шипы и розы (Шепот роз)</title>
</book>
<book>
	<filename>medeiros_tereza/medeiros_tereza_ukrotitelnica_prividenii.fb2.zip</filename>
	<title>Медейрос Тереза. Укротительница привидений</title>
</book>
<book>
	<filename>medeiros_tereza/medeiros_tereza_veresk_i_barhat.fb2.zip</filename>
	<title>Медейрос Тереза. Вереск и бархат</title>
</book>
<book>
	<filename>mednikov_boris/mednikov_boris_aksiomy_biologii.fb2.zip</filename>
	<title>Медников Борис Михайлович. Аксиомы биологии</title>
</book>
<book>
	<filename>mednikov_boris/mednikov_boris_analogiya.fb2.zip</filename>
	<title>Медников Борис Михайлович. Аналогия</title>
</book>
<book>
	<filename>medvedeva_irina/medvedeva_irina_kto_soblaznit_malyh_sih.fb2.zip</filename>
	<title>Медведева Ирина. «Кто соблазнит малых сих…»</title>
</book>
<book>
	<filename>medvedeva_kira/medvedeva_kira_ubiistvo_iz_tyubika_s_kremom.fb2.zip</filename>
	<title>Медведева Кира. Убийство из тюбика с кремом</title>
</book>
<book>
	<filename>medvedeva_nataliya/medvedeva_nataliya_a_u_nih_byla_strast.fb2.zip</filename>
	<title>Медведева Наталия Георгиевна. А у них была страсть</title>
</book>
<book>
	<filename>medvedev_anton/medvedev_anton_lyubimaya_vedma.fb2.zip</filename>
	<title>Медведев Антон. Любимая ведьма</title>
</book>
<book>
	<filename>medvedev_anton/medvedev_anton_metamorf.fb2.zip</filename>
	<title>Медведев Антон. Метаморф</title>
</book>
<book>
	<filename>medvedev_anton/medvedev_anton_sokrovisha_negodyaev.fb2.zip</filename>
	<title>Медведев Антон. Сокровища негодяев</title>
</book>
<book>
	<filename>medvedev_dmitrii/medvedev_dmitrii_silnye_duhom_yeto_bylo_pod_rovno.fb2.zip</filename>
	<title>Медведев Дмитрий Николаевич. Сильные духом (Это было под Ровно)</title>
</book>
<book>
	<filename>medvedev_grigorii/medvedev_grigorii_chernobylskaya_tetrad.fb2.zip</filename>
	<title>Медведев Григорий Устинович. Чернобыльская тетрадь</title>
</book>
<book>
	<filename>medvedev_grigorii/medvedev_grigorii_yadernyi_zagar.fb2.zip</filename>
	<title>Медведев Григорий Устинович. Ядерный загар</title>
</book>
<book>
	<filename>medvedev_grigorii/medvedev_grigorii_yenergoblok.fb2.zip</filename>
	<title>Медведев Григорий Устинович. Энергоблок</title>
</book>
<book>
	<filename>medvedev_ivan/medvedev_ivan_bratya_po_krovi.fb2.zip</filename>
	<title>Медведев Иван Анатольевич. Братья по крови</title>
</book>
<book>
	<filename>medvedev_mihail/medvedev_mihail_komandirovka_vo_vselennuyu.fb2.zip</filename>
	<title>Медведев Михаил. Командировка во Вселенную</title>
</book>
<book>
	<filename>medvedev_mihail/medvedev_mihail_zlaya_zvezda.fb2.zip</filename>
	<title>Медведев Михаил. Злая Звезда</title>
</book>
<book>
	<filename>medvedev_roi/medvedev_roi_blizhnii_krug_stalina_soratniki_vozhdya.fb2.zip</filename>
	<title>Медведев Рой Александрович. Ближний круг Сталина. Соратники вождя</title>
</book>
<book>
	<filename>medvedev_roi/medvedev_roi_ns_hrushyov_politicheskaya_biografiya.fb2.zip</filename>
	<title>Медведев Рой Александрович. Н.С. Хрущёв: Политическая биография</title>
</book>
<book>
	<filename>medvedev_roi/medvedev_roi_oni_okruzhali_stalina.fb2.zip</filename>
	<title>Медведев Рой Александрович. Они окружали Сталина</title>
</book>
<book>
	<filename>medvedev_valerii/medvedev_valerii_barankin_bud_chelovekom.fb2.zip</filename>
	<title>Медведев Валерий Владимирович. Баранкин, будь человеком!</title>
</book>
<book>
	<filename>medvedev_valerii/medvedev_valerii_barankin_bud_chelovekom_s_illyustraciyami.fb2.zip</filename>
	<title>Медведев Валерий Владимирович. Баранкин, будь человеком (с иллюстрациями)</title>
</book>
<book>
	<filename>medvedev_valerii/medvedev_valerii_kapitan_sovrigolova.fb2.zip</filename>
	<title>Медведев Валерий Владимирович. Капитан Соври-голова</title>
</book>
<book>
	<filename>medvedev_valerii/medvedev_valerii_neizvestnye_priklyucheniya_barankina.fb2.zip</filename>
	<title>Медведев Валерий Владимирович. Неизвестные приключения Баранкина</title>
</book>
<book>
	<filename>medved_yurii/medved_yurii_ispoved_dobrovolnogo_impotenta.fb2.zip</filename>
	<title>Медведь Юрий. Исповедь добровольного импотента</title>
</book>
<book>
	<filename>medynskii_grigorii/medynskii_grigorii_chest.fb2.zip</filename>
	<title>Медынский Григорий. Честь</title>
</book>
<book>
	<filename>medzabott_yernest/medzabott_yernest_iezuit.fb2.zip</filename>
	<title>Медзаботт Эрнест. Иезуит</title>
</book>
<book>
	<filename>medzabott_yernest/medzabott_yernest_papa_sikst_v.fb2.zip</filename>
	<title>Медзаботт Эрнест. Папа Сикст V</title>
</book>
<book>
	<filename>meibl_sili/meibl_sili_shiroko_zakrytye_glaza.fb2.zip</filename>
	<title>Мейбл Сили. Широко закрытые глаза</title>
</book>
<book>
	<filename>mei_debora/mei_debora_aromat_zhasmina.fb2.zip</filename>
	<title>Мей Дебора. Аромат жасмина</title>
</book>
<book>
	<filename>mei_debora/mei_debora_ostrov_lyubvi.fb2.zip</filename>
	<title>Мей Дебора. Остров любви</title>
</book>
<book>
	<filename>mei_debora/mei_debora_zhemchuzhnaya_maska.fb2.zip</filename>
	<title>Мей Дебора. Жемчужная маска</title>
</book>
<book>
	<filename>meier_bob/meier_bob_nochnoi_desant.fb2.zip</filename>
	<title>Мейер Боб. Ночной десант</title>
</book>
<book>
	<filename>meier_nikolas/meier_nikolas_vam_vreden_kokain_mister_holms.fb2.zip</filename>
	<title>Мейер Николас. Вам вреден кокаин мистер Холмс</title>
</book>
<book>
	<filename>meiersberg_pol/meiersberg_pol_rokovoi_muzhchina.fb2.zip</filename>
	<title>Мейерсберг Пол. Роковой мужчина</title>
</book>
<book>
	<filename>meiersberg_pol/meiersberg_pol_zhestokaya_tishina.fb2.zip</filename>
	<title>Мейерсберг Пол. Жестокая тишина</title>
</book>
<book>
	<filename>meier_syuzen/meier_syuzen_igra_na_lyubovnom_pole.fb2.zip</filename>
	<title>Мейер Сьюзен. Игра на любовном поле</title>
</book>
<book>
	<filename>meier_syuzen/meier_syuzen_kozyrnaya_karta.fb2.zip</filename>
	<title>Мейер Сьюзен. Козырная карта</title>
</book>
<book>
	<filename>meier_syuzen/meier_syuzen_moi_milyi_tiran.fb2.zip</filename>
	<title>Мейер Сьюзен. Мой милый тиран</title>
</book>
<book>
	<filename>meier_syuzen/meier_syuzen_princessa_pod_dozhdem.fb2.zip</filename>
	<title>Мейер Сьюзен. Принцесса под дождем</title>
</book>
<book>
	<filename>meier_syuzen/meier_syuzen_uiti_chtoby_vernutsya.fb2.zip</filename>
	<title>Мейер Сьюзен. Уйти, чтобы вернуться</title>
</book>
<book>
	<filename>meier_syuzen/meier_syuzen_vnezapno_vspyhnuvshaya_lyubov.fb2.zip</filename>
	<title>Мейер Сьюзен. Внезапно вспыхнувшая любовь</title>
</book>
<book>
	<filename>meier_syuzen/meier_syuzen_vozvrashenie_tyennera_makkonela.fb2.zip</filename>
	<title>Мейер Сьюзен. Возвращение Тэннера Макконела</title>
</book>
<book>
	<filename>meier_yeliza/meier_yeliza_neugasimoe_plamya.fb2.zip</filename>
	<title>Мейер Элиза. Неугасимое пламя</title>
</book>
<book>
	<filename>meilanov_vazif/meilanov_vazif_analiz_chechenskogo_krizisa.fb2.zip</filename>
	<title>Мейланов Вазиф Сиражутдинович. Анализ чеченского кризиса</title>
</book>
<book>
	<filename>meiler_norman/meiler_norman_amerikanskaya_mechta.fb2.zip</filename>
	<title>Мейлер Норман. Американская мечта</title>
</book>
<book>
	<filename>meiler_norman/meiler_norman_krutye_parni_ne_tancuyut.fb2.zip</filename>
	<title>Мейлер Норман. Крутые парни не танцуют</title>
</book>
<book>
	<filename>meiler_norman/meiler_norman_nagie_i_myortvye.fb2.zip</filename>
	<title>Мейлер Норман. Нагие и мёртвые</title>
</book>
<book>
	<filename>meinard_dzhenis/meinard_dzhenis_palatka_dlya_dvoih.fb2.zip</filename>
	<title>Мейнард Дженис. Палатка для двоих</title>
</book>
<book>
	<filename>meinard_dzhenis/meinard_dzhenis_v_tvoih_obyatiyah.fb2.zip</filename>
	<title>Мейнард Дженис. В твоих объятиях</title>
</book>
<book>
	<filename>mein_shyeron/mein_shyeron_pobeditelyu_dostaetsya_vse.fb2.zip</filename>
	<title>Мейн Шэрон. Победителю достается все</title>
</book>
<book>
	<filename>meisner_gans/meisner_gans_kto_vy_doktor_zorge.fb2.zip</filename>
	<title>Мейснер Ганс Отто. Кто вы, доктор Зорге?</title>
</book>
<book>
	<filename>meison_alfred/meison_alfred_dom_strely.fb2.zip</filename>
	<title>Мейсон Альфред. Дом стрелы</title>
</book>
<book>
	<filename>meison_alfred/meison_alfred_plamya_nad_angliei.fb2.zip</filename>
	<title>Мейсон Альфред. Пламя над Англией</title>
</book>
<book>
	<filename>meison_alfred/meison_alfred_uznik_opala.fb2.zip</filename>
	<title>Мейсон Альфред. Узник опала</title>
</book>
<book>
	<filename>meison_alfred/meison_alfred_villa_roza.fb2.zip</filename>
	<title>Мейсон Альфред. Вилла «Роза»</title>
</book>
<book>
	<filename>meison_anita/meison_anita_illyuzionist.fb2.zip</filename>
	<title>Мейсон Анита. Иллюзионист</title>
</book>
<book>
	<filename>meison_konni/meison_konni_cena_naslazhdeniya.fb2.zip</filename>
	<title>Мейсон Конни. Цена наслаждения</title>
</book>
<book>
	<filename>meison_konni/meison_konni_chernyi_rycar.fb2.zip</filename>
	<title>Мейсон Конни. Черный рыцарь</title>
</book>
<book>
	<filename>meison_konni/meison_konni_chistoe_iskushenie.fb2.zip</filename>
	<title>Мейсон Конни. Чистое искушение</title>
</book>
<book>
	<filename>meison_konni/meison_konni_cvetok_zhelanii_pogonya_za_schastem.fb2.zip</filename>
	<title>Мейсон Конни. Цветок желаний (Погоня за счастьем)</title>
</book>
<book>
	<filename>meison_konni/meison_konni_dostav_mne_udovolstvie.fb2.zip</filename>
	<title>Мейсон Конни. Доставь мне удовольствие</title>
</book>
<book>
	<filename>meison_konni/meison_konni_greshnoe_prikosnovenie.fb2.zip</filename>
	<title>Мейсон Конни. Грешное прикосновение</title>
</book>
<book>
	<filename>meison_konni/meison_konni_ledikoldunya.fb2.zip</filename>
	<title>Мейсон Конни. Леди-колдунья</title>
</book>
<book>
	<filename>meison_konni/meison_konni_lyubov_vikinga.fb2.zip</filename>
	<title>Мейсон Конни. Любовь викинга</title>
</book>
<book>
	<filename>meison_konni/meison_konni_nedotroga.fb2.zip</filename>
	<title>Мейсон Конни. Недотрога</title>
</book>
<book>
	<filename>meison_konni/meison_konni_nedoverchivoe_serdce.fb2.zip</filename>
	<title>Мейсон Конни. Недоверчивое сердце</title>
</book>
<book>
	<filename>meison_konni/meison_konni_nevinnaya_greshnica.fb2.zip</filename>
	<title>Мейсон Конни. Невинная грешница</title>
</book>
<book>
	<filename>meison_konni/meison_konni_nezhnaya_yarost.fb2.zip</filename>
	<title>Мейсон Конни. Нежная ярость</title>
</book>
<book>
	<filename>meison_konni/meison_konni_nochnoi_prizrak.fb2.zip</filename>
	<title>Мейсон Конни. Ночной призрак</title>
</book>
<book>
	<filename>meison_konni/meison_konni_obeshannyi_rai.fb2.zip</filename>
	<title>Мейсон Конни. Обещанный рай</title>
</book>
<book>
	<filename>meison_konni/meison_konni_ohotnik_za_pridanym.fb2.zip</filename>
	<title>Мейсон Конни. Охотник за приданым</title>
</book>
<book>
	<filename>meison_konni/meison_konni_pirat.fb2.zip</filename>
	<title>Мейсон Конни. Пират</title>
</book>
<book>
	<filename>meison_konni/meison_konni_plennica_bystrogo_vetra.fb2.zip</filename>
	<title>Мейсон Конни. Пленница Быстрого Ветра</title>
</book>
<book>
	<filename>meison_konni/meison_konni_prekrasnaya_spasitelnica.fb2.zip</filename>
	<title>Мейсон Конни. Прекрасная спасительница</title>
</book>
<book>
	<filename>meison_konni/meison_konni_ptica_schastya_ptica_strasti.fb2.zip</filename>
	<title>Мейсон Конни. Птица счастья [Птица страсти]</title>
</book>
<book>
	<filename>meison_konni/meison_konni_sheih.fb2.zip</filename>
	<title>Мейсон Конни. Шейх</title>
</book>
<book>
	<filename>meison_konni/meison_konni_sladostnyi_plen.fb2.zip</filename>
	<title>Мейсон Конни. Сладостный плен</title>
</book>
<book>
	<filename>meison_konni/meison_konni_sladostnyi_plen_moi_rab_moi_gospodin.fb2.zip</filename>
	<title>Мейсон Конни. Сладостный плен (Мой раб, мой господин)</title>
</book>
<book>
	<filename>meison_konni/meison_konni_soblaznit_dyavola.fb2.zip</filename>
	<title>Мейсон Конни. Соблазнить дьявола</title>
</book>
<book>
	<filename>meison_konni/meison_konni_sokrovisha_serdca.fb2.zip</filename>
	<title>Мейсон Конни. Сокровища сердца</title>
</book>
<book>
	<filename>meison_konni/meison_konni_veryu_i_lyublyu.fb2.zip</filename>
	<title>Мейсон Конни. Верю и люблю</title>
</book>
<book>
	<filename>meison_konni/meison_konni_viking.fb2.zip</filename>
	<title>Мейсон Конни. Викинг</title>
</book>
<book>
	<filename>meison_konni/meison_konni_vkus_raya.fb2.zip</filename>
	<title>Мейсон Конни. Вкус рая</title>
</book>
<book>
	<filename>meison_konni/meison_konni_vlyublennye_serdca.fb2.zip</filename>
	<title>Мейсон Конни. Влюбленные сердца</title>
</book>
<book>
	<filename>meison_konni/meison_konni_vstrecha_s_lyubovyu.fb2.zip</filename>
	<title>Мейсон Конни. Встреча с любовью</title>
</book>
<book>
	<filename>meison_konni/meison_konni_zalozhnica_strasti_nevesta_lva.fb2.zip</filename>
	<title>Мейсон Конни. Заложница страсти (Невеста Льва)</title>
</book>
<book>
	<filename>meison_konni/meison_konni_zhemchuzhina_garema.fb2.zip</filename>
	<title>Мейсон Конни. Жемчужина гарема</title>
</book>
<book>
	<filename>meison_konni/meison_konni_zolotaya_lihoradka.fb2.zip</filename>
	<title>Мейсон Конни. Золотая лихорадка</title>
</book>
<book>
	<filename>meison_li/meison_li_v_poslednyuyu_minutu.fb2.zip</filename>
	<title>Мейсон Ли. В последнюю минуту</title>
</book>
<book>
	<filename>meissan_terri/meissan_terri_11_sentyabrya_2001.fb2.zip</filename>
	<title>Мейссан Тьерри. 11 сентября 2001</title>
</book>
<book>
	<filename>meissner_yanush/meissner_yanush_chernye_flagi.fb2.zip</filename>
	<title>Мейсснер Януш. Черные флаги</title>
</book>
<book>
	<filename>meissner_yanush/meissner_yanush_krasnye_kresty.fb2.zip</filename>
	<title>Мейсснер Януш. Красные кресты</title>
</book>
<book>
	<filename>meissner_yanush/meissner_yanush_zelenye_vorota.fb2.zip</filename>
	<title>Мейсснер Януш. Зеленые ворота</title>
</book>
<book>
	<filename>meister_maksim/meister_maksim_bluzhdayushii_budda.fb2.zip</filename>
	<title>Мейстер Максим. Блуждающий будда</title>
</book>
<book>
	<filename>meister_maksim/meister_maksim_bog_po_obmenu.fb2.zip</filename>
	<title>Мейстер Максим. Бог по обмену</title>
</book>
<book>
	<filename>meister_maksim/meister_maksim_cvety_kotorye_ne_umirayut.fb2.zip</filename>
	<title>Мейстер Максим. Цветы, которые не умирают</title>
</book>
<book>
	<filename>meister_maksim/meister_maksim_homyaki_ili_o_sudbe_s_rozovymi_palcami.fb2.zip</filename>
	<title>Мейстер Максим. Хомяки, или О судьбе с розовыми пальцами</title>
</book>
<book>
	<filename>meister_maksim/meister_maksim_lesnye_skazki_nebo_na_dvoih.fb2.zip</filename>
	<title>Мейстер Максим. Лесные сказки. Небо на двоих</title>
</book>
<book>
	<filename>meister_maksim/meister_maksim_lyubov_bogomola.fb2.zip</filename>
	<title>Мейстер Максим. Любовь Богомола</title>
</book>
<book>
	<filename>meister_maksim/meister_maksim_obraz_iz_okeana.fb2.zip</filename>
	<title>Мейстер Максим. Образ из Океана</title>
</book>
<book>
	<filename>meister_maksim/meister_maksim_podlinnoe_zavtra.fb2.zip</filename>
	<title>Мейстер Максим. Подлинное завтра</title>
</book>
<book>
	<filename>meister_maksim/meister_maksim_shum_dozhdya.fb2.zip</filename>
	<title>Мейстер Максим. Шум дождя</title>
</book>
<book>
	<filename>meister_maksim/meister_maksim_smelost_vybirat.fb2.zip</filename>
	<title>Мейстер Максим. Смелость выбирать</title>
</book>
<book>
	<filename>meister_maksim/meister_maksim_son_slomannogo_radiopriemnika.fb2.zip</filename>
	<title>Мейстер Максим. Сон сломанного радиоприемника</title>
</book>
<book>
	<filename>meister_maksim/meister_maksim_stat_vetrom.fb2.zip</filename>
	<title>Мейстер Максим. Стать Ветром</title>
</book>
<book>
	<filename>meister_maksim/meister_maksim_svet_tmy.fb2.zip</filename>
	<title>Мейстер Максим. Свет тьмы</title>
</book>
<book>
	<filename>meister_maksim/meister_maksim_vzglyad_iz_serdca.fb2.zip</filename>
	<title>Мейстер Максим. Взгляд из сердца</title>
</book>
<book>
	<filename>meister_maksim/meister_maksim_zimnii_son.fb2.zip</filename>
	<title>Мейстер Максим. Зимний сон</title>
</book>
<book>
	<filename>meitlend_karen/meitlend_karen_maskarad_lzhecov.fb2.zip</filename>
	<title>Мейтленд Карен. Маскарад лжецов</title>
</book>
<book>
	<filename>melanin_d/melanin_d_samouchitel_prakticheskogo_gipnoza.fb2.zip</filename>
	<title>Меланьин Д. В. Самоучитель практического гипноза.</title>
</book>
<book>
	<filename>melentev_v/melentev_v_shtrafnoi_udar.fb2.zip</filename>
	<title>Мелентьев В. Штрафной удар</title>
</book>
<book>
	<filename>melentev_vitalii/melentev_vitalii_33_marta.fb2.zip</filename>
	<title>Мелентьев Виталий Григорьевич. 33 марта</title>
</book>
<book>
	<filename>melentev_vitalii/melentev_vitalii_chernyi_svet.fb2.zip</filename>
	<title>Мелентьев Виталий Григорьевич. Черный свет</title>
</book>
<book>
	<filename>melentev_vitalii/melentev_vitalii_golubye_lyudi_rozovoi_zemli.fb2.zip</filename>
	<title>Мелентьев Виталий Григорьевич. Голубые люди розовой земли</title>
</book>
<book>
	<filename>melentev_vitalii/melentev_vitalii_ieroglify_sihotyealinya.fb2.zip</filename>
	<title>Мелентьев Виталий Григорьевич. Иероглифы Сихотэ-Алиня</title>
</book>
<book>
	<filename>melentev_vitalii/melentev_vitalii_indiya_lyubov_moya.fb2.zip</filename>
	<title>Мелентьев Виталий Григорьевич. Индия, любовь моя</title>
</book>
<book>
	<filename>melentev_vitalii/melentev_vitalii_obyknovennaya_memba.fb2.zip</filename>
	<title>Мелентьев Виталий Григорьевич. Обыкновенная мемба</title>
</book>
<book>
	<filename>melentev_vitalii/melentev_vitalii_shtrafnoi_udar.fb2.zip</filename>
	<title>Мелентьев Виталий Григорьевич. Штрафной удар</title>
</book>
<book>
	<filename>melentev_vitalii/melentev_vitalii_shumit_tishina.fb2.zip</filename>
	<title>Мелентьев Виталий Григорьевич. Шумит тишина</title>
</book>
<book>
	<filename>melentev_vitalii/melentev_vitalii_suhaya_vetka_sireni.fb2.zip</filename>
	<title>Мелентьев Виталий Григорьевич. Сухая ветка сирени</title>
</book>
<book>
	<filename>melgunov_sergei/melgunov_sergei_zolotoi_nemeckii_klyuch_bolshevikov.fb2.zip</filename>
	<title>Мельгунов Сергей Петрович. Золотой немецкий ключ большевиков</title>
</book>
<book>
	<filename>melihan_konstantin/melihan_konstantin_rasskazy.fb2.zip</filename>
	<title>Мелихан Константин Семёнович. Рассказы</title>
</book>
<book>
	<filename>melihov_in/melihov_in_skrytyi_gipnoz_prakticheskoe_rukovodstvo.fb2.zip</filename>
	<title>Мелихов И.Н. Скрытый гипноз. Практическое руководство</title>
</book>
<book>
	<filename>melkonyan_agop/melkonyan_agop_krik_posle_boli.fb2.zip</filename>
	<title>Мелконян Агоп. Крик после боли</title>
</book>
<book>
	<filename>melkonyan_agop/melkonyan_agop_mortiliya.fb2.zip</filename>
	<title>Мелконян Агоп. Мортилия</title>
</book>
<book>
	<filename>mellentin_fridrih_vilgelm/mellentin_fridrih_vilgelm_tankovye_srazheniya_19391945_gg.fb2.zip</filename>
	<title>Меллентин Фридрих Вильгельм фон. Танковые сражения 1939-1945 гг.</title>
</book>
<book>
	<filename>mellik_karlton/mellik_karlton_satanburger.fb2.zip</filename>
	<title>Меллик Карлтон. Сатанбургер</title>
</book>
<book>
	<filename>melliktretii_karlton/melliktretii_karlton_satanburger.fb2.zip</filename>
	<title>Меллик-третий Карлтон. Сатанбургер</title>
</book>
<book>
	<filename>melnikova_irina/melnikova_irina_agent_sysknoi_policii.fb2.zip</filename>
	<title>Мельникова Ирина. Агент сыскной полиции</title>
</book>
<book>
	<filename>melnikova_irina/melnikova_irina_aleksandra_nakazanie_gospodne.fb2.zip</filename>
	<title>Мельникова Ирина. Александра – наказание господне</title>
</book>
<book>
	<filename>melnikova_irina/melnikova_irina_antik_s_gvozdikoi.fb2.zip</filename>
	<title>Мельникова Ирина. Антик с гвоздикой</title>
</book>
<book>
	<filename>melnikova_irina/melnikova_irina_besy_chernogo_gorodisha.fb2.zip</filename>
	<title>Мельникова Ирина. Бесы Черного Городища</title>
</book>
<book>
	<filename>melnikova_irina/melnikova_irina_dryan_takaya.fb2.zip</filename>
	<title>Мельникова Ирина. Дрянь такая!</title>
</book>
<book>
	<filename>melnikova_irina/melnikova_irina_finita_lya_komedia.fb2.zip</filename>
	<title>Мельникова Ирина. Финита ля комедиа</title>
</book>
<book>
	<filename>melnikova_irina/melnikova_irina_greh_vo_spasenie.fb2.zip</filename>
	<title>Мельникова Ирина. Грех во спасение</title>
</book>
<book>
	<filename>melnikova_irina/melnikova_irina_nevesta_po_nasledstvu_otchayannoe_schaste.fb2.zip</filename>
	<title>Мельникова Ирина. Невеста по наследству [Отчаянное счастье]</title>
</book>
<book>
	<filename>melnikova_irina/melnikova_irina_nyanka_dlya_oligarha.fb2.zip</filename>
	<title>Мельникова Ирина. Нянька для олигарха</title>
</book>
<book>
	<filename>melnikova_irina/melnikova_irina_rzhavyi_rycar_i_pistoletov.fb2.zip</filename>
	<title>Мельникова Ирина. Ржавый Рыцарь и Пистолетов</title>
</book>
<book>
	<filename>melnikova_irina/melnikova_irina_sibirskaya_amazonka.fb2.zip</filename>
	<title>Мельникова Ирина. Сибирская амазонка</title>
</book>
<book>
	<filename>melnikova_irina/melnikova_irina_talisman_beloi_volchicy.fb2.zip</filename>
	<title>Мельникова Ирина. Талисман Белой Волчицы</title>
</book>
<book>
	<filename>melnikova_irina/melnikova_irina_volchica_ili_dikaya_liza.fb2.zip</filename>
	<title>Мельникова Ирина. Волчица, или дикая Лиза</title>
</book>

</books>

