﻿<?xml version="1.0" encoding="UTF-8" ?>
<books>

<book>
	<filename>slezar_genri/slezar_genri_magicheskaya_kukla.fb2.zip</filename>
	<title>Слезар Генри. Магическая кукла</title>
</book>
<book>
	<filename>slipenchuk_viktor/slipenchuk_viktor_zametki_s_zatonuvshei_atlantidy.fb2.zip</filename>
	<title>Слипенчук Виктор Трифонович. Заметки с затонувшей Атлантиды</title>
</book>
<book>
	<filename>sloun_zora/sloun_zora_shalnye_zhelaniya.fb2.zip</filename>
	<title>Слоун Зора. Шальные желания</title>
</book>
<book>
	<filename>slovin_leonid/slovin_leonid_astrahanskii_vokzal.fb2.zip</filename>
	<title>Словин Леонид Семёнович. Астраханский вокзал</title>
</book>
<book>
	<filename>slovin_leonid/slovin_leonid_caplya_lovit_rybu.fb2.zip</filename>
	<title>Словин Леонид. Цапля ловит рыбу</title>
</book>
<book>
	<filename>slovin_leonid/slovin_leonid_delo_bez_svidetelei.fb2.zip</filename>
	<title>Словин Леонид Семёнович. Дело без свидетелей</title>
</book>
<book>
	<filename>slovin_leonid/slovin_leonid_na_temnoi_storone_luny.fb2.zip</filename>
	<title>Словин Леонид Семёнович. На темной стороне Луны</title>
</book>
<book>
	<filename>slovin_leonid/slovin_leonid_ne_nazyvai_menya_maiorom.fb2.zip</filename>
	<title>Словин Леонид. Не называй меня майором...</title>
</book>
<book>
	<filename>slovin_leonid/slovin_leonid_otstrel.fb2.zip</filename>
	<title>Словин Леонид. Отстрел</title>
</book>
<book>
	<filename>slovin_leonid/slovin_leonid_pauki.fb2.zip</filename>
	<title>Словин Леонид. Пауки</title>
</book>
<book>
	<filename>slovin_leonid/slovin_leonid_polnochnyi_detektiv.fb2.zip</filename>
	<title>Словин Леонид. Полночный детектив</title>
</book>
<book>
	<filename>slovin_leonid/slovin_leonid_pyat_dnei_i_utro_sleduyushego.fb2.zip</filename>
	<title>Словин Леонид. Пять дней и утро следующего</title>
</book>
<book>
	<filename>slovin_leonid/slovin_leonid_sled_chernoi_ryby.fb2.zip</filename>
	<title>Словин Леонид Семёнович. След черной рыбы</title>
</book>
<book>
	<filename>slovin_leonid/slovin_leonid_tochku_postavit_pulya.fb2.zip</filename>
	<title>Словин Леонид. Точку поставит пуля</title>
</book>
<book>
	<filename>slovin_leonid/slovin_leonid_transportnyi_variant.fb2.zip</filename>
	<title>Словин Леонид Семёнович. Транспортный вариант</title>
</book>
<book>
	<filename>slovin_leonid/slovin_leonid_voina_krysh.fb2.zip</filename>
	<title>Словин Леонид. Война крыш</title>
</book>
<book>
	<filename>slovin_leonid/slovin_leonid_zelenoe_more_krasnaya_ryba_chernaya_ikra.fb2.zip</filename>
	<title>Словин Леонид Семёнович. Зеленое море, красная рыба, черная икра</title>
</book>
<book>
	<filename>slyetton_treisi/slyetton_treisi_bessmertnyi.fb2.zip</filename>
	<title>Слэттон Трейси. Бессмертный</title>
</book>
<book>
	<filename>slyusarenko_sergei/slyusarenko_sergei_taktilnye_oshusheniya.fb2.zip</filename>
	<title>Слюсаренко Сергей. Тактильные ощущения</title>
</book>
<book>
	<filename>smait_sheridon/smait_sheridon_idealnyi_muzhchina.fb2.zip</filename>
	<title>Смайт Шеридон. Идеальный мужчина</title>
</book>
<book>
	<filename>smait_sheridon/smait_sheridon_nedoverchivye_lyubovniki.fb2.zip</filename>
	<title>Смайт Шеридон. Недоверчивые любовники</title>
</book>
<book>
	<filename>smait_sheridon/smait_sheridon_priyatnaya_obyazannost.fb2.zip</filename>
	<title>Смайт Шеридон. Приятная обязанность</title>
</book>
<book>
	<filename>smedman_liza/smedman_liza_ugasanie.fb2.zip</filename>
	<title>Смедман Лиза. Угасание</title>
</book>
<book>
	<filename>smehov_veniamin/smehov_veniamin_allergiya.fb2.zip</filename>
	<title>Смехов Вениамин Борисович. Аллергия</title>
</book>
<book>
	<filename>smehov_veniamin/smehov_veniamin_den_otdyha.fb2.zip</filename>
	<title>Смехов Вениамин Борисович. День отдыха</title>
</book>
<book>
	<filename>smehov_veniamin/smehov_veniamin_peizazhi_i_portrety.fb2.zip</filename>
	<title>Смехов Вениамин Борисович. Пейзажи и портреты</title>
</book>
<book>
	<filename>smehov_veniamin/smehov_veniamin_suprugovorot.fb2.zip</filename>
	<title>Смехов Вениамин Борисович. Супруговорот</title>
</book>
<book>
	<filename>smehov_veniamin/smehov_veniamin_syn.fb2.zip</filename>
	<title>Смехов Вениамин Борисович. Сын</title>
</book>
<book>
	<filename>smehov_veniamin/smehov_veniamin_teatr_moei_pamyati.fb2.zip</filename>
	<title>Смехов Вениамин Борисович. Театр моей памяти</title>
</book>
<book>
	<filename>smehov_veniamin/smehov_veniamin_verochka.fb2.zip</filename>
	<title>Смехов Вениамин Борисович. Верочка</title>
</book>
<book>
	<filename>smehov_veniamin/smehov_veniamin_v_odin_prekrasnyi_den.fb2.zip</filename>
	<title>Смехов Вениамин Борисович. В один прекрасный день...</title>
</book>
<book>
	<filename>smehov_veniamin/smehov_veniamin_vse_budet_horosho.fb2.zip</filename>
	<title>Смехов Вениамин Борисович. Все будет хорошо</title>
</book>
<book>
	<filename>smehov_veniamin/smehov_veniamin_v_zhizni_tak_ne_byvaet.fb2.zip</filename>
	<title>Смехов Вениамин Борисович. В жизни так не бывает</title>
</book>
<book>
	<filename>smehov_veniamin/smehov_veniamin_zachem_daleko_hodit.fb2.zip</filename>
	<title>Смехов Вениамин Борисович. Зачем далеко ходить?</title>
</book>
<book>
	<filename>smehov_veniamin/smehov_veniamin_zapiski_na_kulisah.fb2.zip</filename>
	<title>Смехов Вениамин Борисович. Записки на кулисах</title>
</book>
<book>
	<filename>smirnova_alena/smirnova_alena_golova_v_kustah.fb2.zip</filename>
	<title>Смирнова Алена. Голова в кустах</title>
</book>
<book>
	<filename>smirnova_alena/smirnova_alena_i_peredai_privet_polkovniku.fb2.zip</filename>
	<title>Смирнова Алена. И передай привет полковнику</title>
</book>
<book>
	<filename>smirnova_alena/smirnova_alena_maska_dlya_zhenshiny.fb2.zip</filename>
	<title>Смирнова Алена. Маска для женщины</title>
</book>
<book>
	<filename>smirnova_alena/smirnova_alena_piknik_s_pokoinikom.fb2.zip</filename>
	<title>Смирнова Алена. Пикник с покойником</title>
</book>
<book>
	<filename>smirnova_alena/smirnova_alena_podruga_menta.fb2.zip</filename>
	<title>Смирнова Алена. Подруга мента</title>
</book>
<book>
	<filename>smirnova_dunya/smirnova_dunya_s_moroza.fb2.zip</filename>
	<title>Смирнова Дуня. С мороза</title>
</book>
<book>
	<filename>smirnov_aleksandr/smirnov_aleksandr_strateg.fb2.zip</filename>
	<title>Смирнов Александр. Стратег</title>
</book>
<book>
	<filename>smirnov_aleksei/smirnov_aleksei_lenta_mru.fb2.zip</filename>
	<title>Смирнов Алексей Константинович. Лента Mru</title>
</book>
<book>
	<filename>smirnov_aleksei/smirnov_aleksei_leto_nikogda.fb2.zip</filename>
	<title>Смирнов Алексей Константинович. Лето никогда</title>
</book>
<book>
	<filename>smirnov_aleksei/smirnov_aleksei_natyur_mort.fb2.zip</filename>
	<title>Смирнов Алексей Константинович. Натюр Морт</title>
</book>
<book>
	<filename>smirnov_aleksei/smirnov_aleksei_pod_krestom_i_polumesyacem.fb2.zip</filename>
	<title>Смирнов Алексей Константинович. Под крестом и полумесяцем.</title>
</book>
<book>
	<filename>smirnova_lidiya/smirnova_lidiya_messiya42.fb2.zip</filename>
	<title>Смирнова Лидия. МЕССИЯ-42</title>
</book>
<book>
	<filename>smirnov_andrei/smirnov_andrei_akademiya_volshebstva.fb2.zip</filename>
	<title>Смирнов Андрей. Академия волшебства</title>
</book>
<book>
	<filename>smirnov_andrei/smirnov_andrei_chernoknizhnik.fb2.zip</filename>
	<title>Смирнов Андрей. Чернокнижник</title>
</book>
<book>
	<filename>smirnov_andrei/smirnov_andrei_istochnik_volshebstva.fb2.zip</filename>
	<title>Смирнов Андрей. Источник волшебства</title>
</book>
<book>
	<filename>smirnov_andrei/smirnov_andrei_knyaz_lzhi.fb2.zip</filename>
	<title>Смирнов Андрей. Князь лжи</title>
</book>
<book>
	<filename>smirnov_andrei/smirnov_andrei_poveliteli_volshebstva.fb2.zip</filename>
	<title>Смирнов Андрей. Повелители волшебства</title>
</book>
<book>
	<filename>smirnov_andrei/smirnov_andrei_rycar.fb2.zip</filename>
	<title>Смирнов Андрей. Рыцарь</title>
</book>
<book>
	<filename>smirnov_andrei/smirnov_andrei_uragan.fb2.zip</filename>
	<title>Смирнов Андрей. Ураган</title>
</book>
<book>
	<filename>smirnov_dmitrii/smirnov_dmitrii_gerakl_bez_galstuka.fb2.zip</filename>
	<title>Смирнов Дмитрий. Геракл без галстука</title>
</book>
<book>
	<filename>smirnov_dmitrii/smirnov_dmitrii_zapiski_chekista.fb2.zip</filename>
	<title>Смирнов Дмитрий Михайлович. Записки чекиста</title>
</book>
<book>
	<filename>smirnov_igor/smirnov_igor_buhenvaldskii_nabat.fb2.zip</filename>
	<title>Смирнов Игорь. Бухенвальдский набат</title>
</book>
<book>
	<filename>smirnov_igor/smirnov_igor_tunneli_vremeni.fb2.zip</filename>
	<title>Смирнов Игорь. Туннели времени</title>
</book>
<book>
	<filename>smirnov_leonid/smirnov_leonid_chuzhimi_rukami.fb2.zip</filename>
	<title>Смирнов Леонид Леонидович. Чужими руками</title>
</book>
<book>
	<filename>smirnov_leonid/smirnov_leonid_umeret_i_voskresnut_ili_poslednii_ichu.fb2.zip</filename>
	<title>Смирнов Леонид Леонидович. Умереть и воскреснуть, или Последний и-чу</title>
</book>
<book>
	<filename>smirnov_leonid/smirnov_leonid_yera_brouna.fb2.zip</filename>
	<title>Смирнов Леонид Леонидович. Эра Броуна</title>
</book>
<book>
	<filename>smirnov_leonid/smirnov_leonid_zona_porazheniya.fb2.zip</filename>
	<title>Смирнов Леонид Леонидович. Зона поражения</title>
</book>
<book>
	<filename>smirnov_leonid_leonidovich/smirnov_leonid_leonidovich_syn_neba.fb2.zip</filename>
	<title>Смирнов Леонид Леонидович. Сын Неба</title>
</book>
<book>
	<filename>smirnov_leonid_leonidovich/smirnov_leonid_leonidovich_tainye_niti_zemnogo_mogushestva.fb2.zip</filename>
	<title>Смирнов Леонид Леонидович. Тайные нити земного могущества</title>
</book>
<book>
	<filename>smirnovohtin_igor/smirnovohtin_igor_vspominaya_daniila_harmsa.fb2.zip</filename>
	<title>Смирнов-Охтин Игорь. Вспоминая Даниила Хармса</title>
</book>
<book>
	<filename>smirnov_oleg/smirnov_oleg_proshanie.fb2.zip</filename>
	<title>Смирнов Олег Павлович. Прощание</title>
</book>
<book>
	<filename>smirnov_protoierei_dimitrii/smirnov_protoierei_dimitrii_propovedi_1.fb2.zip</filename>
	<title>Смирнов Протоиерей Димитрий. Проповеди 1</title>
</book>
<book>
	<filename>smirnov_protoierei_dimitrii/smirnov_protoierei_dimitrii_propovedi_2.fb2.zip</filename>
	<title>Смирнов Протоиерей Димитрий. Проповеди 2</title>
</book>
<book>
	<filename>smirnov_protoierei_dimitrii/smirnov_protoierei_dimitrii_propovedi_3.fb2.zip</filename>
	<title>Смирнов Протоиерей Димитрий. Проповеди 3</title>
</book>
<book>
	<filename>smirnov_sergei/smirnov_sergei_brestskaya_krepost.fb2.zip</filename>
	<title>Смирнов Сергей Сергеевич. Брестская крепость</title>
</book>
<book>
	<filename>smirnovsokolskii_nikolai/smirnovsokolskii_nikolai_sorok_pyat_let_na_yestrade.fb2.zip</filename>
	<title>Смирнов-Сокольский Николай Павлович. Сорок пять лет на эстраде</title>
</book>
<book>
	<filename>smirnov_valerii/smirnov_valerii_operaciya_gippokrat.fb2.zip</filename>
	<title>Смирнов Валерий. Операция «Гиппократ»</title>
</book>
<book>
	<filename>smirnov_viktor/smirnov_viktor_zaulki.fb2.zip</filename>
	<title>Смирнов Виктор. Заулки</title>
</book>
<book>
	<filename>smirnov_vyacheslav/smirnov_vyacheslav_ijoga.fb2.zip</filename>
	<title>Смирнов Вячеслав. Йога</title>
</book>
<book>
	<filename>smirnov_vyacheslav/smirnov_vyacheslav_ioga.fb2.zip</filename>
	<title>Смирнов Вячеслав. Йога</title>
</book>
<book>
	<filename>smirnov_yaroslav/smirnov_yaroslav_citatnik_begemota.fb2.zip</filename>
	<title>Смирнов Ярослав Вячеславович. Цитатник бегемота</title>
</book>
<book>
	<filename>smit_barbara/smit_barbara_besputnyi_holostyak.fb2.zip</filename>
	<title>Смит Барбара Доусон. Беспутный холостяк</title>
</book>
<book>
	<filename>smit_barbara/smit_barbara_ee_tainaya_svyaz.fb2.zip</filename>
	<title>Смит Барбара Доусон. Ее тайная связь</title>
</book>
<book>
	<filename>smit_barbara/smit_barbara_greh_i_lyubov.fb2.zip</filename>
	<title>Смит Барбара Доусон. Грех и любовь</title>
</book>
<book>
	<filename>smit_barbara/smit_barbara_iskushai_menya_snova.fb2.zip</filename>
	<title>Смит Барбара Доусон. Искушай меня снова</title>
</book>
<book>
	<filename>smit_barbara/smit_barbara_krasavica_i_chudovishe.fb2.zip</filename>
	<title>Смит Барбара Доусон. Красавица и чудовище</title>
</book>
<book>
	<filename>smit_barbara/smit_barbara_lyubovpobeditelnica.fb2.zip</filename>
	<title>Смит Барбара Доусон. Любовь-победительница</title>
</book>
<book>
	<filename>smit_barbara/smit_barbara_nevinnaya_greshnica.fb2.zip</filename>
	<title>Смит Барбара Доусон. Невинная грешница</title>
</book>
<book>
	<filename>smit_barbara/smit_barbara_odna_bezumnaya_noch.fb2.zip</filename>
	<title>Смит Барбара Доусон. Одна безумная ночь</title>
</book>
<book>
	<filename>smit_barbara/smit_barbara_ogon_v_tvoem_serdce.fb2.zip</filename>
	<title>Смит Барбара Доусон. Огонь в твоем сердце</title>
</book>
<book>
	<filename>smit_barbara/smit_barbara_pervyi_shag_k_schastyu.fb2.zip</filename>
	<title>Смит Барбара Доусон. Первый шаг к счастью</title>
</book>
<book>
	<filename>smit_barbara/smit_barbara_pokorennoe_serdce.fb2.zip</filename>
	<title>Смит Барбара Доусон. Покоренное сердце</title>
</book>
<book>
	<filename>smit_barbara/smit_barbara_prekrasnaya_izmennica.fb2.zip</filename>
	<title>Смит Барбара Доусон. Прекрасная изменница</title>
</book>
<book>
	<filename>smit_barbara/smit_barbara_problesk_nebes.fb2.zip</filename>
	<title>Смит Барбара Доусон. Проблеск небес</title>
</book>
<book>
	<filename>smit_barbara/smit_barbara_vsem_serdcem.fb2.zip</filename>
	<title>Смит Барбара Доусон. Всем сердцем</title>
</book>
<book>
	<filename>smit_bobbi/smit_bobbi_greshnye_mysli.fb2.zip</filename>
	<title>Смит Бобби. Грешные мысли</title>
</book>
<book>
	<filename>smit_bobbi/smit_bobbi_lediobmanshica.fb2.zip</filename>
	<title>Смит Бобби. Леди-обманщица</title>
</book>
<book>
	<filename>smit_bobbi/smit_bobbi_lestnoe_predlozhenie.fb2.zip</filename>
	<title>Смит Бобби. Лестное предложение</title>
</book>
<book>
	<filename>smit_bobbi/smit_bobbi_nebesa.fb2.zip</filename>
	<title>Смит Бобби. Небеса</title>
</book>
<book>
	<filename>smit_bobbi/smit_bobbi_neukrotimaya_gordyachka.fb2.zip</filename>
	<title>Смит Бобби. Неукротимая гордячка</title>
</book>
<book>
	<filename>smit_bobbi/smit_bobbi_nezhnye_uzy.fb2.zip</filename>
	<title>Смит Бобби. Нежные узы</title>
</book>
<book>
	<filename>smit_bobbi/smit_bobbi_obeshanie_pirata.fb2.zip</filename>
	<title>Смит Бобби. Обещание пирата</title>
</book>
<book>
	<filename>smit_bobbi/smit_bobbi_schastlivaya_karta.fb2.zip</filename>
	<title>Смит Бобби. Счастливая карта</title>
</book>
<book>
	<filename>smit_bobbi/smit_bobbi_v_pogone_za_blazhenstvom.fb2.zip</filename>
	<title>Смит Бобби. В погоне за блаженством</title>
</book>
<book>
	<filename>smit_bobbi/smit_bobbi_vsego_dorozhe.fb2.zip</filename>
	<title>Смит Бобби. Всего дороже</title>
</book>
<book>
	<filename>smit_bobbi/smit_bobbi_zapretnaya_strast.fb2.zip</filename>
	<title>Смит Бобби. Запретная страсть</title>
</book>
<book>
	<filename>smit_debora/smit_debora_golubaya_iva.fb2.zip</filename>
	<title>Смит Дебора. Голубая ива</title>
</book>
<book>
	<filename>smit_debora/smit_debora_med_i_gorech.fb2.zip</filename>
	<title>Смит Дебора. Мед и горечь</title>
</book>
<book>
	<filename>smit_debora/smit_debora_prakticheskaya_magiya.fb2.zip</filename>
	<title>Смит Дебора. Практическая магия</title>
</book>
<book>
	<filename>smit_debora/smit_debora_rokovoi_rubin.fb2.zip</filename>
	<title>Смит Дебора. Роковой рубин</title>
</book>
<book>
	<filename>smit_debora/smit_debora_sad_kamennyh_cvetov.fb2.zip</filename>
	<title>Смит Дебора. Сад каменных цветов</title>
</book>
<book>
	<filename>smit_debora/smit_debora_ten_moei_lyubvi.fb2.zip</filename>
	<title>Смит Дебора. Тень моей любви</title>
</book>
<book>
	<filename>smit_debora/smit_debora_zmeiiskusitel.fb2.zip</filename>
	<title>Смит Дебора. Змей-искуситель</title>
</book>
<book>
	<filename>smit_dzhoan/smit_dzhoan_aromat_rozy.fb2.zip</filename>
	<title>Смит Джоан. Аромат розы</title>
</book>
<book>
	<filename>smit_dzhoan/smit_dzhoan_bolshoi_rozhdestvenskii_bal.fb2.zip</filename>
	<title>Смит Джоан. Большой рождественский бал</title>
</book>
<book>
	<filename>smit_dzhoan/smit_dzhoan_bosonogaya_baronessa.fb2.zip</filename>
	<title>Смит Джоан. Босоногая баронесса</title>
</book>
<book>
	<filename>smit_dzhoan/smit_dzhoan_francheska.fb2.zip</filename>
	<title>Смит Джоан. Франческа</title>
</book>
<book>
	<filename>smit_dzhoan/smit_dzhoan_ispanskaya_ledi.fb2.zip</filename>
	<title>Смит Джоан. Испанская леди</title>
</book>
<book>
	<filename>smit_dzhoan/smit_dzhoan_maskarad_v_stile_ampir.fb2.zip</filename>
	<title>Смит Джоан. Маскарад в стиле ампир</title>
</book>
<book>
	<filename>smit_dzhoan/smit_dzhoan_neblagorazumnaya_ledi.fb2.zip</filename>
	<title>Смит Джоан. Неблагоразумная леди</title>
</book>
<book>
	<filename>smit_dzhoan/smit_dzhoan_nepodhodyashee_mesto_dlya_ledi.fb2.zip</filename>
	<title>Смит Джоан. Неподходящее место для леди</title>
</book>
<book>
	<filename>smit_dzhoan/smit_dzhoan_opasnyi_flirt.fb2.zip</filename>
	<title>Смит Джоан. Опасный флирт</title>
</book>
<book>
	<filename>smit_dzhoan/smit_dzhoan_prizraki_proshlogo.fb2.zip</filename>
	<title>Смит Джоан. Призраки прошлого</title>
</book>
<book>
	<filename>smit_dzhoan/smit_dzhoan_yetot_besputnyi_lord_havergal.fb2.zip</filename>
	<title>Смит Джоан. Этот беспутный лорд Хавергал</title>
</book>
<book>
	<filename>smiters_laini/smiters_laini_den_sudby.fb2.zip</filename>
	<title>Смитерс Лайни. День судьбы</title>
</book>
<book>
	<filename>smit_fela/smit_fela_razbuzhennaya_tigrica.fb2.zip</filename>
	<title>Смит Фела Доусон. Разбуженная тигрица</title>
</book>
<book>
	<filename>smit_fil/smit_fil_tayushii_prizrak.fb2.zip</filename>
	<title>Смит Фил. Тающий призрак</title>
</book>
<book>
	<filename>smit_gai/smit_gai_krabyubiicy.fb2.zip</filename>
	<title>Смит Гай Н. Крабы-убийцы</title>
</book>
<book>
	<filename>smit_gai/smit_gai_kukla_manitu.fb2.zip</filename>
	<title>Смит Гай Н. Кукла маниту</title>
</book>
<book>
	<filename>smit_gai/smit_gai_lager.fb2.zip</filename>
	<title>Смит Гай Н. Лагерь</title>
</book>
<book>
	<filename>smit_gai/smit_gai_neofit.fb2.zip</filename>
	<title>Смит Гай Н. Неофит</title>
</book>
<book>
	<filename>smit_gai/smit_gai_ostrov.fb2.zip</filename>
	<title>Смит Гай Н. Остров</title>
</book>
<book>
	<filename>smit_heivud/smit_heivud_lyubovnik_ee_vysochestva.fb2.zip</filename>
	<title>Смит Хейвуд. Любовник ее высочества</title>
</book>
<book>
	<filename>smit_heivud/smit_heivud_veselaya_vdovushka.fb2.zip</filename>
	<title>Смит Хейвуд. Веселая вдовушка</title>
</book>
<book>
	<filename>smit_karen/smit_karen_amulet_lyubvi.fb2.zip</filename>
	<title>Смит Карен Роуз. Амулет любви</title>
</book>
<book>
	<filename>smit_karen/smit_karen_delovaya_zhenshina.fb2.zip</filename>
	<title>Смит Карен Роуз. Деловая женщина</title>
</book>
<book>
	<filename>smit_karen/smit_karen_lekarstvo_dlya_doktora.fb2.zip</filename>
	<title>Смит Карен Роуз. Лекарство для доктора</title>
</book>
<book>
	<filename>smit_karen/smit_karen_noch_kotoraya_reshila_vse.fb2.zip</filename>
	<title>Смит Карен Роуз. Ночь, которая решила все</title>
</book>
<book>
	<filename>smit_klark/smit_klark_zateryannye_miry_averuan.fb2.zip</filename>
	<title>Смит Кларк Эштон. Затерянные миры. Аверуан</title>
</book>
<book>
	<filename>smit_klark/smit_klark_zateryannye_miry.fb2.zip</filename>
	<title>Смит Кларк Эштон. Затерянные миры</title>
</book>
<book>
	<filename>smit_klark/smit_klark_zateryannye_miry_mars.fb2.zip</filename>
	<title>Смит Кларк Эштон. Затерянные миры. Марс</title>
</book>
<book>
	<filename>smit_kyetrin/smit_kyetrin_snova_s_toboi.fb2.zip</filename>
	<title>Смит Кэтрин. Снова с тобой</title>
</book>
<book>
	<filename>smit_kyetrin/smit_kyetrin_v_nochi.fb2.zip</filename>
	<title>Смит Кэтрин. В ночи</title>
</book>
<book>
	<filename>smit_kyetrin/smit_kyetrin_zamanchivoe_predlozhenie.fb2.zip</filename>
	<title>Смит Кэтрин. Заманчивое предложение</title>
</book>
<book>
	<filename>smit_liza/smit_liza_chernyi_rassvet.fb2.zip</filename>
	<title>Смит Лиза Джейн. Черный рассвет</title>
</book>
<book>
	<filename>smit_liza/smit_liza_dnevniki_vampira_golod.fb2.zip</filename>
	<title>Смит Лиза Джейн. Дневники вампира: Голод</title>
</book>
<book>
	<filename>smit_liza/smit_liza_dnevniki_vampira_probuzhdenie.fb2.zip</filename>
	<title>Смит Лиза Джейн. Дневники вампира: Пробуждение</title>
</book>
<book>
	<filename>smit_liza/smit_liza_docheri_tmy.fb2.zip</filename>
	<title>Смит Лиза Джейн. Дочери тьмы</title>
</book>
<book>
	<filename>smit_liza/smit_liza_izbrannaya.fb2.zip</filename>
	<title>Смит Лиза Джейн. Избранная</title>
</book>
<book>
	<filename>smit_liza/smit_liza_koldovskoi_svet.fb2.zip</filename>
	<title>Смит Лиза Джейн. Колдовской свет</title>
</book>
<book>
	<filename>smit_liza/smit_liza_koldunya.fb2.zip</filename>
	<title>Смит Лиза Джейн. Колдунья</title>
</book>
<book>
	<filename>smit_liza/smit_liza_ohotnica.fb2.zip</filename>
	<title>Смит Лиза Джейн. Охотница</title>
</book>
<book>
	<filename>smit_liza/smit_liza_ohotnik.fb2.zip</filename>
	<title>Смит Лиза Джейн. Охотник</title>
</book>
<book>
	<filename>smit_liza/smit_liza_pogonya.fb2.zip</filename>
	<title>Смит Лиза Джейн. Погоня</title>
</book>
<book>
	<filename>smit_liza/smit_liza_prednachertanie.fb2.zip</filename>
	<title>Смит Лиза Джейн. Предначертание</title>
</book>
<book>
	<filename>smit_liza/smit_liza_tainyi_vampir.fb2.zip</filename>
	<title>Смит Лиза Джейн. Тайный вампир</title>
</book>
<book>
	<filename>smit_liza/smit_liza_temnyi_angel.fb2.zip</filename>
	<title>Смит Лиза Джейн. Темный ангел</title>
</book>
<book>
	<filename>smit_liza/smit_liza_ubiistvo.fb2.zip</filename>
	<title>Смит Лиза Джейн. Убийство</title>
</book>
<book>
	<filename>smit_maikl/smit_maikl_ne_pomahav_rukoi.fb2.zip</filename>
	<title>Смит Майкл Маршалл. Не помахав рукой</title>
</book>
<book>
	<filename>smit_maikl/smit_maikl_plennik.fb2.zip</filename>
	<title>Смит Майкл Маршалл. Пленник</title>
</book>
<book>
	<filename>smit_mark/smit_mark_mokruha.fb2.zip</filename>
	<title>Смит Марк Хаскелл. Мокруха</title>
</book>
<book>
	<filename>smit_martin/smit_martin_krasnaya_ploshad.fb2.zip</filename>
	<title>Смит Мартин Круз. Красная площадь</title>
</book>
<book>
	<filename>smit_martin/smit_martin_park_gorkogo.fb2.zip</filename>
	<title>Смит Мартин Круз. Парк Горького</title>
</book>
<book>
	<filename>smit_martin/smit_martin_polyarnaya_zvezda.fb2.zip</filename>
	<title>Смит Мартин Круз. Полярная звезда</title>
</book>
<book>
	<filename>smit_martin/smit_martin_roza.fb2.zip</filename>
	<title>Смит Мартин Круз. Роза</title>
</book>
<book>
	<filename>smit_niks/smit_niks_potroshitel.fb2.zip</filename>
	<title>Смит Никс. Потрошитель</title>
</book>
<book>
	<filename>smit_sandra/smit_sandra_pesn_mechty.fb2.zip</filename>
	<title>Смит Сандра Ли. Песнь мечты</title>
</book>
<book>
	<filename>smit_shervud/smit_shervud_feniks_v_polete.fb2.zip</filename>
	<title>Смит Шервуд. Феникс в полете</title>
</book>
<book>
	<filename>smit_shervud/smit_shervud_krepche_cepei.fb2.zip</filename>
	<title>Смит Шервуд. Крепче цепей</title>
</book>
<book>
	<filename>smit_shervud/smit_shervud_pokinutyi_korabl.fb2.zip</filename>
	<title>Смит Шервуд. Покинутый корабль</title>
</book>
<book>
	<filename>smit_shervud/smit_shervud_razum_na_torgi.fb2.zip</filename>
	<title>Смит Шервуд. Разум на торги</title>
</book>
<book>
	<filename>smit_shervud/smit_shervud_trony_hronosa.fb2.zip</filename>
	<title>Смит Шервуд. Троны Хроноса</title>
</book>
<book>
	<filename>smit_shervud/smit_shervud_vera_i_vlast.fb2.zip</filename>
	<title>Смит Шервуд. Вера и власть</title>
</book>
<book>
	<filename>smit_shervud/smit_shervud_vlastitel_vselennoi.fb2.zip</filename>
	<title>Смит Шервуд. Властитель Вселенной</title>
</book>
<book>
	<filename>smit_skott/smit_skott_prostoi_plan.fb2.zip</filename>
	<title>Смит Скотт. Простой план</title>
</book>
<book>
	<filename>smit_uilbur/smit_uilbur_bozhestvo_reki.fb2.zip</filename>
	<title>Смит Уилбур. Божество реки</title>
</book>
<book>
	<filename>smit_uilbur/smit_uilbur_glaz_tigra.fb2.zip</filename>
	<title>Смит Уилбур. Глаз тигра</title>
</book>
<book>
	<filename>smit_uilbur/smit_uilbur_i_gryanul_grom.fb2.zip</filename>
	<title>Смит Уилбур. И грянул гром</title>
</book>
<book>
	<filename>smit_uilbur/smit_uilbur_leopard_ohotitsya_v_temnote.fb2.zip</filename>
	<title>Смит Уилбур. Леопард охотится в темноте</title>
</book>
<book>
	<filename>smit_uilbur/smit_uilbur_naemnik.fb2.zip</filename>
	<title>Смит Уилбур. Наемник</title>
</book>
<book>
	<filename>smit_uilbur/smit_uilbur_ohotniki_za_almazami.fb2.zip</filename>
	<title>Смит Уилбур. Охотники за алмазами</title>
</book>
<book>
	<filename>smit_uilbur/smit_uilbur_ptica_solnca.fb2.zip</filename>
	<title>Смит Уилбур. Птица солнца</title>
</book>
<book>
	<filename>smit_uilbur/smit_uilbur_pylayushii_bereg.fb2.zip</filename>
	<title>Смит Уилбур. Пылающий берег</title>
</book>
<book>
	<filename>smit_uilbur/smit_uilbur_sedmoi_svitok.fb2.zip</filename>
	<title>Смит Уилбур. Седьмой свиток</title>
</book>
<book>
	<filename>smit_uilbur/smit_uilbur_svirepaya_spravedlivost.fb2.zip</filename>
	<title>Смит Уилбур. Свирепая справедливость</title>
</book>
<book>
	<filename>smit_uilbur/smit_uilbur_v_dzhunglyah_chernoi_afriki.fb2.zip</filename>
	<title>Смит Уилбур. В джунглях черной Африки</title>
</book>
<book>
	<filename>smit_uilbur/smit_uilbur_vesy_smerti.fb2.zip</filename>
	<title>Смит Уилбур. Весы смерти</title>
</book>
<book>
	<filename>smit_uilbur/smit_uilbur_v_poiskah_drevnih_kladov.fb2.zip</filename>
	<title>Смит Уилбур. В поисках древних кладов</title>
</book>
<book>
	<filename>smit_uilbur/smit_uilbur_vremya_umirat.fb2.zip</filename>
	<title>Смит Уилбур. Время умирать</title>
</book>
<book>
	<filename>smit_uilbur/smit_uilbur_zolotaya_shahta.fb2.zip</filename>
	<title>Смит Уилбур. Золотая шахта</title>
</book>
<book>
	<filename>smit_uilbur/smit_uilbur_zolotoi_lis.fb2.zip</filename>
	<title>Смит Уилбур. Золотой Лис</title>
</book>
<book>
	<filename>smoktunovskii_innokentii/smoktunovskii_innokentii_byt.fb2.zip</filename>
	<title>Смоктуновский Иннокентий. Быть</title>
</book>
<book>
	<filename>smolett_helen/smolett_helen_pohishenie_stroptivoi.fb2.zip</filename>
	<title>Смолетт Хелен. Похищение строптивой</title>
</book>
<book>
	<filename>smoll_bertris/smoll_bertris_adora.fb2.zip</filename>
	<title>Смолл Бертрис. Адора</title>
</book>
<book>
	<filename>smoll_bertris/smoll_bertris_bleiz_uindhem.fb2.zip</filename>
	<title>Смолл Бертрис. Блейз Уиндхем</title>
</book>
<book>
	<filename>smoll_bertris/smoll_bertris_carica_palmiry.fb2.zip</filename>
	<title>Смолл Бертрис. Царица Пальмиры</title>
</book>
<book>
	<filename>smoll_bertris/smoll_bertris_chertovka.fb2.zip</filename>
	<title>Смолл Бертрис. Чертовка</title>
</book>
<book>
	<filename>smoll_bertris/smoll_bertris_dikarka_zhasmin.fb2.zip</filename>
	<title>Смолл Бертрис. Дикарка Жасмин</title>
</book>
<book>
	<filename>smoll_bertris/smoll_bertris_dorogaya_zhasmin.fb2.zip</filename>
	<title>Смолл Бертрис. Дорогая Жасмин</title>
</book>
<book>
	<filename>smoll_bertris/smoll_bertris_filippa.fb2.zip</filename>
	<title>Смолл Бертрис. Филиппа</title>
</book>
<book>
	<filename>smoll_bertris/smoll_bertris_garem.fb2.zip</filename>
	<title>Смолл Бертрис. Гарем</title>
</book>
<book>
	<filename>smoll_bertris/smoll_bertris_koldunya_moya.fb2.zip</filename>
	<title>Смолл Бертрис. Колдунья моя</title>
</book>
<book>
	<filename>smoll_bertris/smoll_bertris_lyubov_bessmertna.fb2.zip</filename>
	<title>Смолл Бертрис. Любовь бессмертна</title>
</book>
<book>
	<filename>smoll_bertris/smoll_bertris_lyubov_dikaya_i_prekrasnaya.fb2.zip</filename>
	<title>Смолл Бертрис. Любовь дикая и прекрасная</title>
</book>
<book>
	<filename>smoll_bertris/smoll_bertris_lyubov_i_opasnost.fb2.zip</filename>
	<title>Смолл Бертрис. Любовь и опасность</title>
</book>
<book>
	<filename>smoll_bertris/smoll_bertris_lyubov_na_vse_vremena.fb2.zip</filename>
	<title>Смолл Бертрис. Любовь на все времена</title>
</book>
<book>
	<filename>smoll_bertris/smoll_bertris_moe_serdce.fb2.zip</filename>
	<title>Смолл Бертрис. Мое сердце</title>
</book>
<book>
	<filename>smoll_bertris/smoll_bertris_neotrazimaya_gercoginya.fb2.zip</filename>
	<title>Смолл Бертрис. Неотразимая герцогиня</title>
</book>
<book>
	<filename>smoll_bertris/smoll_bertris_nepokornaya.fb2.zip</filename>
	<title>Смолл Бертрис. Непокорная</title>
</book>
<book>
	<filename>smoll_bertris/smoll_bertris_nevolnica_lyubvi.fb2.zip</filename>
	<title>Смолл Бертрис. Невольница любви</title>
</book>
<book>
	<filename>smoll_bertris/smoll_bertris_nezhnaya_osada.fb2.zip</filename>
	<title>Смолл Бертрис. Нежная осада</title>
</book>
<book>
	<filename>smoll_bertris/smoll_bertris_novaya_lyubov_rozamundy.fb2.zip</filename>
	<title>Смолл Бертрис. Новая любовь Розамунды</title>
</book>
<book>
	<filename>smoll_bertris/smoll_bertris_obresti_lyubimogo.fb2.zip</filename>
	<title>Смолл Бертрис. Обрести любимого</title>
</book>
<book>
	<filename>smoll_bertris/smoll_bertris_okoldovannaya.fb2.zip</filename>
	<title>Смолл Бертрис. Околдованная</title>
</book>
<book>
	<filename>smoll_bertris/smoll_bertris_pamyat_lyubvi.fb2.zip</filename>
	<title>Смолл Бертрис. Память любви</title>
</book>
<book>
	<filename>smoll_bertris/smoll_bertris_plennica_sudby.fb2.zip</filename>
	<title>Смолл Бертрис. Пленница судьбы</title>
</book>
<book>
	<filename>smoll_bertris/smoll_bertris_plutovki.fb2.zip</filename>
	<title>Смолл Бертрис. Плутовки</title>
</book>
<book>
	<filename>smoll_bertris/smoll_bertris_po_veleniyu_korolya.fb2.zip</filename>
	<title>Смолл Бертрис. По велению короля</title>
</book>
<book>
	<filename>smoll_bertris/smoll_bertris_probuzhdenie.fb2.zip</filename>
	<title>Смолл Бертрис. Пробуждение</title>
</book>
<book>
	<filename>smoll_bertris/smoll_bertris_rabynya_strasti.fb2.zip</filename>
	<title>Смолл Бертрис. Рабыня страсти</title>
</book>
<book>
	<filename>smoll_bertris/smoll_bertris_raduga_zavtrashnego_dnya.fb2.zip</filename>
	<title>Смолл Бертрис. Радуга завтрашнего дня</title>
</book>
<book>
	<filename>smoll_bertris/smoll_bertris_rozamunda_lyubovnica_korolya.fb2.zip</filename>
	<title>Смолл Бертрис. Розамунда, любовница короля</title>
</book>
<book>
	<filename>smoll_bertris/smoll_bertris_sama_nevinnost.fb2.zip</filename>
	<title>Смолл Бертрис. Сама невинность</title>
</book>
<book>
	<filename>smoll_bertris/smoll_bertris_skai_omalli.fb2.zip</filename>
	<title>Смолл Бертрис. Скай О`Малли</title>
</book>
<book>
	<filename>smoll_bertris/smoll_bertris_snova_lyubit.fb2.zip</filename>
	<title>Смолл Бертрис. Снова любить</title>
</book>
<book>
	<filename>smoll_bertris/smoll_bertris_ukroshenie_ledi_lyusindy.fb2.zip</filename>
	<title>Смолл Бертрис. Укрощение леди Люсинды</title>
</book>
<book>
	<filename>smoll_bertris/smoll_bertris_vnezapnye_naslazhdeniya.fb2.zip</filename>
	<title>Смолл Бертрис. Внезапные наслаждения</title>
</book>
<book>
	<filename>smoll_bertris/smoll_bertris_v_obyatiyah_vetra.fb2.zip</filename>
	<title>Смолл Бертрис. В объятиях ветра</title>
</book>
<book>
	<filename>smoll_bertris/smoll_bertris_voron.fb2.zip</filename>
	<title>Смолл Бертрис. Ворон</title>
</book>
<book>
	<filename>smoll_bertris/smoll_bertris_vozlyublennaya.fb2.zip</filename>
	<title>Смолл Бертрис. Возлюбленная</title>
</book>
<book>
	<filename>smoll_bertris/smoll_bertris_vozrast_lyubvi.fb2.zip</filename>
	<title>Смолл Бертрис. Возраст любви</title>
</book>
<book>
	<filename>smoll_bertris/smoll_bertris_vse_radosti_zavtra.fb2.zip</filename>
	<title>Смолл Бертрис. Все радости — завтра</title>
</book>
<book>
	<filename>smoll_bertris/smoll_bertris_vspomni_menya_lyubov.fb2.zip</filename>
	<title>Смолл Бертрис. Вспомни меня, любовь</title>
</book>
<book>
	<filename>smoll_bertris/smoll_bertris_yekstaz.fb2.zip</filename>
	<title>Смолл Бертрис. Экстаз</title>
</book>
<book>
	<filename>smoll_bertris/smoll_bertris_zapretnye_naslazhdeniya.fb2.zip</filename>
	<title>Смолл Бертрис. Запретные наслаждения</title>
</book>
<book>
	<filename>smoll_bertris/smoll_bertris_zlyuchka.fb2.zip</filename>
	<title>Смолл Бертрис. Злючка</title>
</book>

</books>
