﻿<?xml version="1.0" encoding="UTF-8" ?>
<books>
<book>
	<filename>spinrad_norman/spinrad_norman_ditya_razuma.fb2.zip</filename>
	<title>Спинрад Норман Ричард. Дитя разума</title>
</book>
<book>
	<filename>spinrad_norman/spinrad_norman_krepost_sol.fb2.zip</filename>
	<title>Спинрад Норман Ричард. Крепость Сол</title>
</book>
<book>
	<filename>spinrad_norman/spinrad_norman_poslednii_triumf_zolotoi_ordy.fb2.zip</filename>
	<title>Спинрад Норман. Последний триумф Золотой Орды</title>
</book>
<book>
	<filename>spinrad_norman/spinrad_norman_princip_sinhronnosti.fb2.zip</filename>
	<title>Спинрад Норман. Принцип синхронности</title>
</book>
<book>
	<filename>spinrad_norman/spinrad_norman_russkaya_vesna.fb2.zip</filename>
	<title>Спинрад Норман Ричард. Русская весна</title>
</book>
<book>
	<filename>spinrad_norman/spinrad_norman_shvatka.fb2.zip</filename>
	<title>Спинрад Норман. Схватка</title>
</book>
<book>
	<filename>spinrad_norman/spinrad_norman_sornyak_vremeni.fb2.zip</filename>
	<title>Спинрад Норман. Сорняк времени</title>
</book>
<book>
	<filename>spir_flora/spir_flora_durman_lyubvi.fb2.zip</filename>
	<title>Спир Флора. Дурман любви</title>
</book>
<book>
	<filename>spir_flora/spir_flora_gimn_rozhdestva.fb2.zip</filename>
	<title>Спир Флора. Гимн Рождества</title>
</book>
<book>
	<filename>spir_flora/spir_flora_lyubov_i_chest.fb2.zip</filename>
	<title>Спир Флора. Любовь и честь</title>
</book>
<book>
	<filename>spiridonov_nikolai/spiridonov_nikolai_samovnushenie_dvizhenie_son_zdorove.fb2.zip</filename>
	<title>Спиридонов Николай Иванович. Самовнушение, движение, сон, здоровье</title>
</book>
<book>
	<filename>spivak_dmitrii/spivak_dmitrii_kak_stat_poliglotom.fb2.zip</filename>
	<title>Спивак Дмитрий Леонидович. Как стать полиглотом</title>
</book>
<book>
	<filename>spreht_robert/spreht_robert_edinstvennyi_sposob.fb2.zip</filename>
	<title>Спрехт Роберт. Единственный способ</title>
</book>
<book>
	<filename>spyenser_kyetrin/spyenser_kyetrin_moi_nezhnyi_cvetok.fb2.zip</filename>
	<title>Спэнсер Кэтрин. Мой нежный цветок</title>
</book>
<book>
	<filename>spyenser_kyetrin/spyenser_kyetrin_na_yazyke_lyubvi.fb2.zip</filename>
	<title>Спэнсер Кэтрин. На языке любви</title>
</book>
<book>
	<filename>spyenser_kyetrin/spyenser_kyetrin_prichuda_princessy.fb2.zip</filename>
	<title>Спэнсер Кэтрин. Причуда принцессы</title>
</book>
<book>
	<filename>spyenser_kyetrin/spyenser_kyetrin_sineglazaya_kassi.fb2.zip</filename>
	<title>Спэнсер Кэтрин. Синеглазая Касси</title>
</book>
<book>
	<filename>spyenser_kyetrin/spyenser_kyetrin_sokrovishe_po_imeni_nyanya.fb2.zip</filename>
	<title>Спэнсер Кэтрин. Сокровище по имени няня</title>
</book>
<book>
	<filename>spyenser_kyetrin/spyenser_kyetrin_veronskie_lyubovniki.fb2.zip</filename>
	<title>Спэнсер Кэтрин. Веронские любовники</title>
</book>
<book>
	<filename>spyenser_kyetrin/spyenser_kyetrin_v_golubyh_kanadskih_vodah.fb2.zip</filename>
	<title>Спэнсер Кэтрин. В голубых канадских водах</title>
</book>
<book>
	<filename>spyenser_kyetrin/spyenser_kyetrin_zhenih_s_pridanym.fb2.zip</filename>
	<title>Спэнсер Кэтрин. Жених с приданым</title>
</book>
<book>
	<filename>srednevekovaya_literatura_/srednevekovaya_literatura__flamenka.fb2.zip</filename>
	<title>Средневековая литература. Фламенка</title>
</book>
<book>
	<filename>srednevekovaya_literatura_/srednevekovaya_literatura__istoriya_hitrogo_pluta_lisa_reinarda.fb2.zip</filename>
	<title>Средневековая литература. История хитрого плута, лиса Рейнарда</title>
</book>
<book>
	<filename>srednevekovaya_literatura_/srednevekovaya_literatura__isye_monogatari.fb2.zip</filename>
	<title>Средневековая литература. Исэ моногатари</title>
</book>
<book>
	<filename>srednevekovaya_literatura_/srednevekovaya_literatura__kudruna.fb2.zip</filename>
	<title>Средневековая литература. Кудруна</title>
</book>
<book>
	<filename>srednevekovaya_literatura_/srednevekovaya_literatura__pesn_o_rolande.fb2.zip</filename>
	<title>Средневековая литература. Песнь о Роланде</title>
</book>
<book>
	<filename>srednevekovaya_literatura_/srednevekovaya_literatura__povest_o_prekrasnoi_otikubo.fb2.zip</filename>
	<title>Средневековая литература. Повесть о прекрасной Отикубо</title>
</book>
<book>
	<filename>srednevekovaya_literatura_/srednevekovaya_literatura__povest_o_starike_takyetori_takyetorimonogatari.fb2.zip</filename>
	<title>Средневековая литература. Повесть о старике Такэтори (Такэтори-моногатари)</title>
</book>
<book>
	<filename>srednevekovaya_literatura_/srednevekovaya_literatura__tristan_i_izolda.fb2.zip</filename>
	<title>Средневековая литература. Тристан и Изольда</title>
</book>
<book>
	<filename>sssr_vnutrennii/sssr_vnutrennii_2005_god_nekotorye_itogi_i_perspektivy.fb2.zip</filename>
	<title>СССР Внутренний Предиктор. 2005 год: некоторые итоги и перспективы</title>
</book>
<book>
	<filename>sssr_vnutrennii/sssr_vnutrennii_analiticheskaya_zapiska_o_sobytiyah_vo_francii_osenyu_2005_goda.fb2.zip</filename>
	<title>СССР Внутренний Предиктор. Аналитическая записка о событиях во Франции осенью 2005 года</title>
</book>
<book>
	<filename>sssr_vnutrennii/sssr_vnutrennii_bolshevizm_v_bogoderzhavii_edinstvennoe_lekarstvo_ot_fashizma.fb2.zip</filename>
	<title>СССР Внутренний Предиктор. Большевизм в Богодержавии — единственное лекарство от фашизма</title>
</book>
<book>
	<filename>sssr_vnutrennii/sssr_vnutrennii_budushee_nastupaet_seichas.fb2.zip</filename>
	<title>СССР Внутренний Предиктор. Будущее наступает сейчас…</title>
</book>
<book>
	<filename>sssr_vnutrennii/sssr_vnutrennii_budushee_sozdayom_vse_my_vopros_kakoe.fb2.zip</filename>
	<title>СССР Внутренний Предиктор. Будущее создаём ВСЕ МЫ: вопрос — какое?</title>
</book>
<book>
	<filename>sssr_vnutrennii/sssr_vnutrennii_da_pritechem_i_my_ko_svetu.fb2.zip</filename>
	<title>СССР Внутренний Предиктор. Да притечем и мы ко свету…</title>
</book>
<book>
	<filename>sssr_vnutrennii/sssr_vnutrennii_delo_bylo_v_pedzhente.fb2.zip</filename>
	<title>СССР Внутренний Предиктор. Дело было в Педженте</title>
</book>
<book>
	<filename>sssr_vnutrennii/sssr_vnutrennii_delo_trockogo_pod_znamenem_stalina_novyi_produkt_politicheskoi_himii.fb2.zip</filename>
	<title>СССР Внутренний Предиктор. Дело Троцкого под знаменем Сталина — новый продукт «политической химии»</title>
</book>
<book>
	<filename>sssr_vnutrennii/sssr_vnutrennii_dialektika_i_ateizm_dve_suti_nesovmestny.fb2.zip</filename>
	<title>СССР Внутренний Предиктор. Диалектика и атеизм: две сути несовместны</title>
</book>
<book>
	<filename>sssr_vnutrennii/sssr_vnutrennii_domik_v_kolomne.fb2.zip</filename>
	<title>СССР Внутренний Предиктор. Домик в Коломне</title>
</book>
<book>
	<filename>sssr_vnutrennii/sssr_vnutrennii_dostatochno_obshaya_teoriya_upravleniya.fb2.zip</filename>
	<title>СССР Внутренний Предиктор. Достаточно общая теория управления</title>
</book>
<book>
	<filename>sssr_vnutrennii/sssr_vnutrennii_eshyo_raz_o_psihtrockizme.fb2.zip</filename>
	<title>СССР Внутренний Предиктор. Ещё раз о психтроцкизме…</title>
</book>
<book>
	<filename>sssr_vnutrennii/sssr_vnutrennii_evraziistvo_i_rossiya_sovremennost_i_perspektivy.fb2.zip</filename>
	<title>СССР Внутренний Предиктор. Евразийство и Россия: современность и перспективы</title>
</book>
<book>
	<filename>sssr_vnutrennii/sssr_vnutrennii_fashizm_idyot_voinoyu_na_fashizm_kto_poslal.fb2.zip</filename>
	<title>СССР Внутренний Предиктор. Фашизм идёт войною на фашизм: — Кто послал?</title>
</book>
<book>
	<filename>sssr_vnutrennii/sssr_vnutrennii_ford_i_stalin_o_tom_kak_zhit_pochelovecheski.fb2.zip</filename>
	<title>СССР Внутренний Предиктор. Форд и Сталин: О том, как жить по-человечески</title>
</book>
<book>
	<filename>sssr_vnutrennii/sssr_vnutrennii_gde_zhe_centr_vlasti.fb2.zip</filename>
	<title>СССР Внутренний Предиктор. Где же центр власти?</title>
</book>
<book>
	<filename>sssr_vnutrennii/sssr_vnutrennii_globalnaya_potrebnost_nashih_dnei_debyurokratizaciya_vlasti_i_biznesa_i_izkorenenie_parazitizma_menshinstva_na_trude_i_zhizni_bolshinstva.fb2.zip</filename>
	<title>СССр Внутренний Предиктор. Глобальная потребность наших дней — дебюрократизация власти и бизнеса и изкоренение паразитизма меньшинства на труде и жизни большинства</title>
</book>
<book>
	<filename>sssr_vnutrennii/sssr_vnutrennii_gryzhu_yekonomiki_sleduet_vyrezat.fb2.zip</filename>
	<title>СССР Внутренний Предиктор. “Грыжу” экономики следует “вырезать”</title>
</book>
<book>
	<filename>sssr_vnutrennii/sssr_vnutrennii_i_budete_iskat_komu_by_prodatsya_no_ne_budet_na_vas_pokupayushego.fb2.zip</filename>
	<title>СССР Внутренний Предиктор. И будете искать, кому бы продаться, но не будет на вас покупающего...</title>
</book>
<book>
	<filename>sssr_vnutrennii/sssr_vnutrennii_intellektualnaya_poziciya1.fb2.zip</filename>
	<title>СССР Внутренний Предиктор. Интеллектуальная позиция-1</title>
</book>
<book>
	<filename>sssr_vnutrennii/sssr_vnutrennii_intellektualnaya_poziciya2.fb2.zip</filename>
	<title>СССР Внутренний Предиктор. Интеллектуальная позиция-2</title>
</book>
<book>
	<filename>sssr_vnutrennii/sssr_vnutrennii_istoricheskaya_nauka_i_chelovekoobshestvovedenie_vzaimosvyazi.fb2.zip</filename>
	<title>СССР Внутренний Предиткор. Историческая наука и человеко-общество-ведение: взаимосвязи</title>
</book>
<book>
	<filename>sssr_vnutrennii/sssr_vnutrennii_iudin_greh_hh_sezda.fb2.zip</filename>
	<title>СССР Внутренний Предиктор. Иудин грех ХХ съезда</title>
</book>
<book>
	<filename>sssr_vnutrennii/sssr_vnutrennii_k_bogoderzhaviyu.fb2.zip</filename>
	<title>СССР Внутренний Предиктор. К Богодержавию…</title>
</book>
<book>
	<filename>sssr_vnutrennii/sssr_vnutrennii_k_ponimaniyu_makroyekonomiki_gosudarstva_i_mira.fb2.zip</filename>
	<title>СССР Внутренний Предиктор. К пониманию макроэкономики государства и мира</title>
</book>
<book>
	<filename>sssr_vnutrennii/sssr_vnutrennii_kultura_administrativnoi_deyatelnosti.fb2.zip</filename>
	<title>СССР Внутренний Предиктор. Культура административной деятельности</title>
</book>
<book>
	<filename>sssr_vnutrennii/sssr_vnutrennii_k_voprosu_ob_istorii_haraktere_i_perspektivah_profsoyuznogo_dvizheniya_v_rossii.fb2.zip</filename>
	<title>СССР Внутренний Предиктор. К вопросу об истории, характере и перспективах профсоюзного движения в России</title>
</book>
<book>
	<filename>sssr_vnutrennii/sssr_vnutrennii_liberalizm_vrag_svobody.fb2.zip</filename>
	<title>СССР Внутренний Предиктор. Либерализм — враг свободы</title>
</book>
<book>
	<filename>sssr_vnutrennii/sssr_vnutrennii_lyubov_k_mudrosti_ot_proshlogo_k_budushemu.fb2.zip</filename>
	<title>СССР Внутренний Предиктор. Любовь к мудрости: от прошлого к будущему</title>
</book>
<book>
	<filename>sssr_vnutrennii/sssr_vnutrennii_master_i_margarita_gimn_demonizmu_libo_evangelie_bezzavetnoi_very.fb2.zip</filename>
	<title>СССР Внутренний Предиктор. “Мастер и Маргарита”: гимн демонизму? либо Евангелие беззаветной веры</title>
</book>
<book>
	<filename>sssr_vnutrennii/sssr_vnutrennii_master_i_margarita_roman_mbulgakova_i_yekranizaciya_vbortko.fb2.zip</filename>
	<title>СССР Внутренний Предиктор. “Мастер и Маргарита”: роман М.Булгакова и экранизация В.Бортко</title>
</book>
<book>
	<filename>sssr_vnutrennii/sssr_vnutrennii_matrica_matrice_rozn.fb2.zip</filename>
	<title>СССР Внутренний Предиктор. Матрица “Матрице” — рознь</title>
</book>
<book>
	<filename>sssr_vnutrennii/sssr_vnutrennii_mednyi_vsadnik_yeto_vam_ne_mednyi_zmii.fb2.zip</filename>
	<title>СССР Внутренний Предиктор. Медный всадник — Это ВАМ не Медный змий...</title>
</book>
<book>
	<filename>sssr_vnutrennii/sssr_vnutrennii_mnogoregionalnyi_blok_libo_mezhregionalnyi_konglomerat_vybor_budushego_libo_vozvrat_v_proshloe.fb2.zip</filename>
	<title>СССР Внутренний Предиктор. Многорегиональный блок либо межрегиональный конгломерат? — выбор будущего либо возврат в прошлое</title>
</book>
<book>
	<filename>sssr_vnutrennii/sssr_vnutrennii_nam_nuzhna_inaya_shkola1.fb2.zip</filename>
	<title>СССР Внутренний Предиктор. Нам нужна иная школа-1</title>
</book>
<book>
	<filename>sssr_vnutrennii/sssr_vnutrennii_nam_nuzhna_inaya_shkola2.fb2.zip</filename>
	<title>СССР Внутренний Предиктор. Нам нужна иная школа-2</title>
</book>
<book>
	<filename>sssr_vnutrennii/sssr_vnutrennii_ob_imitacionnoprovokacionnoi_deyatelnosti.fb2.zip</filename>
	<title>СССР Внутренний Предиктор. Об имитационно-провокационной деятельности</title>
</book>
<book>
	<filename>sssr_vnutrennii/sssr_vnutrennii_ob_iskorenenii_globalnoi_ugrozy_mezhdunarodnogo_terrorizma.fb2.zip</filename>
	<title>СССР Внутренний Предиктор. Об искоренении глобальной угрозы «международного терроризма»</title>
</book>
<book>
	<filename>sssr_vnutrennii/sssr_vnutrennii_ob_opasnyh_tendenciyah_v_deyatelnosti_konceptualnoi_partii_edinenie.fb2.zip</filename>
	<title>СССР Внутренний Предиктор. Об опасных тенденциях в деятельности Концептуальной партии “Единение”</title>
</book>
<book>
	<filename>sssr_vnutrennii/sssr_vnutrennii_obshestvo_gosudarstvennost_i_semya.fb2.zip</filename>
	<title>СССР Внутренний Предиктор. Общество: государственность и семья</title>
</book>
<book>
	<filename>sssr_vnutrennii/sssr_vnutrennii_o_dedovshine_antikommunizme_i_kommunizme_po_sushestvu_i_bez_yemocii.fb2.zip</filename>
	<title>СССР Внутренний Предиктор. О «дедовщине», антикоммунизме и коммунизме по существу и без эмоций</title>
</book>
<book>
	<filename>sssr_vnutrennii/sssr_vnutrennii_odna_konfliktologiya_i_drugaya_kakaya_dlya_vas_blago.fb2.zip</filename>
	<title>СССР Внутренний Предиктор. Одна конфликтология и другая: какая для Вас — благо?</title>
</book>
<book>
	<filename>sssr_vnutrennii/sssr_vnutrennii_o_garantii_prav_cheloveka.fb2.zip</filename>
	<title>СССР Внутренний Предиктор. О гарантии прав человека</title>
</book>
<book>
	<filename>sssr_vnutrennii/sssr_vnutrennii_oglyanis_vo_gneve.fb2.zip</filename>
	<title>СССР Внутренний Предиктор. Оглянись во гневе...</title>
</book>
<book>
	<filename>sssr_vnutrennii/sssr_vnutrennii_o_lichnostnoi_kulture_obsheniya.fb2.zip</filename>
	<title>СССР Внутренний Предиктор. О личностной культуре общения</title>
</book>
<book>
	<filename>sssr_vnutrennii/sssr_vnutrennii_o_mehanizme_vlasti_mifov_nad_istorikopoliticheskoi_realnostyu.fb2.zip</filename>
	<title>СССР Внутренний Предиктор. О механизме власти мифов над историко-политической реальностью</title>
</book>
<book>
	<filename>sssr_vnutrennii/sssr_vnutrennii_o_perspektivah_partii_i_nepartii_v_razvitii_na_osnove_kob.fb2.zip</filename>
	<title>СССР Внутренний Предиктор. О перспективах партии и «не-партии» в развитии на основе КОБ</title>
</book>
<book>
	<filename>sssr_vnutrennii/sssr_vnutrennii_o_prichinah_mezhdunarodnogo_terrorizma_nishie_duhom_ne_blazhenye_no_opasno_blazhnye.fb2.zip</filename>
	<title>СССР Внутренний Предиктор. О причинах «международного терроризма»: нищие духом — не блаженые, но опасно блажные</title>
</book>
<book>
	<filename>sssr_vnutrennii/sssr_vnutrennii_o_rasovyh_doktrinah_nesostoyatelny_no_pravdopodobny.fb2.zip</filename>
	<title>СССР Внутренний Предиктор. О расовых доктринах: несостоятельны, но правдоподобны</title>
</book>
<book>
	<filename>sssr_vnutrennii/sssr_vnutrennii_osnovopolagayushie_principy_obshestvennopoleznoi_yekonomicheskoi_politki_gosudarstva.fb2.zip</filename>
	<title>СССР Внутренний Предиктор. Основополагающие принципы общественно-полезной экономической политки государства</title>
</book>
<book>
	<filename>sssr_vnutrennii/sssr_vnutrennii_ot_chelovekoobraziya_k_chelovechnosti.fb2.zip</filename>
	<title>СССР Внутренний Предиктор. От человекообразия к человечности</title>
</book>
<book>
	<filename>sssr_vnutrennii/sssr_vnutrennii_o_tekushem_momente_no10_2002g.fb2.zip</filename>
	<title>СССР Внутренний Предиктор. О текущем моменте №10, 2002г.</title>
</book>
<book>
	<filename>sssr_vnutrennii/sssr_vnutrennii_o_tekushem_momente_no1022_2003g.fb2.zip</filename>
	<title>СССР Внутренний Предиктор. О текущем моменте №10(22), 2003г.</title>
</book>
<book>
	<filename>sssr_vnutrennii/sssr_vnutrennii_o_tekushem_momente_no1034_2004g.fb2.zip</filename>
	<title>СССР Внутренний Предиктор. О текущем моменте №10(34), 2004г.</title>
</book>
<book>
	<filename>sssr_vnutrennii/sssr_vnutrennii_o_tekushem_momente_no_10_58_2006_g.fb2.zip</filename>
	<title>СССР Внутренний Предиктор. «О текущем моменте», № 10 (58), 2006 г.</title>
</book>
<book>
	<filename>sssr_vnutrennii/sssr_vnutrennii_o_tekushem_momente_no11_2002g.fb2.zip</filename>
	<title>СССР Внутренний Предиктор. О текущем моменте №11, 2002г.</title>
</book>
<book>
	<filename>sssr_vnutrennii/sssr_vnutrennii_o_tekushem_momente_no1123_2003g.fb2.zip</filename>
	<title>СССР Внутренний Предиктор. О текущем моменте №11(23), 2003г.</title>
</book>
<book>
	<filename>sssr_vnutrennii/sssr_vnutrennii_o_tekushem_momente_no_113_2003_g.fb2.zip</filename>
	<title>СССР Внутренний Предиктор. О текущем моменте» № 1(13), 2003 г.</title>
</book>
<book>
	<filename>sssr_vnutrennii/sssr_vnutrennii_o_tekushem_momente_no1135_2004g.fb2.zip</filename>
	<title>СССР Внутренний Предиктор. О текущем моменте №11(35), 2004г.</title>
</book>
<book>
	<filename>sssr_vnutrennii/sssr_vnutrennii_o_tekushem_momente_no1147.fb2.zip</filename>
	<title>СССР Внутренний Предиктор. О текущем моменте №11(47)</title>
</book>
<book>
	<filename>sssr_vnutrennii/sssr_vnutrennii_o_tekushem_momente_no12_2002g.fb2.zip</filename>
	<title>СССР Внутренний Предиктор. О текущем моменте №12, 2002г.</title>
</book>
<book>
	<filename>sssr_vnutrennii/sssr_vnutrennii_o_tekushem_momente_no1224_2003g.fb2.zip</filename>
	<title>СССР Внутренний Предиктор. О текущем моменте №12(24), 2003г.</title>
</book>
<book>
	<filename>sssr_vnutrennii/sssr_vnutrennii_o_tekushem_momente_no1236_2004g.fb2.zip</filename>
	<title>СССР Внутренний Предиктор. О текущем моменте №12(36), 2004г.</title>
</book>
<book>
	<filename>sssr_vnutrennii/sssr_vnutrennii_o_tekushem_momente_no125_2004g.fb2.zip</filename>
	<title>СССР Внутренний Предиктор. О текущем моменте №1(25), 2004г.</title>
</book>
<book>
	<filename>sssr_vnutrennii/sssr_vnutrennii_o_tekushem_momente_no214_2003g.fb2.zip</filename>
	<title>СССР Внутренний Предиткор. О текущем моменте №2(14), 2003г.</title>
</book>
<book>
	<filename>sssr_vnutrennii/sssr_vnutrennii_o_tekushem_momente_no2_2002g.fb2.zip</filename>
	<title>СССР Внутренний Предиктор. О текущем моменте №2, 2002г.</title>
</book>
<book>
	<filename>sssr_vnutrennii/sssr_vnutrennii_o_tekushem_momente_no226_2004g.fb2.zip</filename>
	<title>СССР Внутренний Предиктор. О текущем моменте №2(26), 2004г.</title>
</book>
<book>
	<filename>sssr_vnutrennii/sssr_vnutrennii_o_tekushem_momente_no238.fb2.zip</filename>
	<title>СССР Внутренний Предиктор. О текущем моменте №2(38)</title>
</book>
<book>
	<filename>sssr_vnutrennii/sssr_vnutrennii_o_tekushem_momente_no250_2006g.fb2.zip</filename>
	<title>СССР Внутренний Предиктор. О текущем моменте №2(50), 2006г.</title>
</book>
<book>
	<filename>sssr_vnutrennii/sssr_vnutrennii_o_tekushem_momente_no315_2003g.fb2.zip</filename>
	<title>СССР Внутренний Предиктор. О текущем моменте №3(15), 2003г.</title>
</book>
<book>
	<filename>sssr_vnutrennii/sssr_vnutrennii_o_tekushem_momente_no3_2002g.fb2.zip</filename>
	<title>СССР Внутренний Предиктор. О текущем моменте №3, 2002г.</title>
</book>
<book>
	<filename>sssr_vnutrennii/sssr_vnutrennii_o_tekushem_momente_no327_2004g.fb2.zip</filename>
	<title>СССР Внутренний Предиктор. О текущем моменте №3(27), 2004г.</title>
</book>
<book>
	<filename>sssr_vnutrennii/sssr_vnutrennii_o_tekushem_momente_no_351_2006_g.fb2.zip</filename>
	<title>СССР Внутренний Предиктор. «О текущем моменте», № 3(51) 2006 г.</title>
</book>
<book>
	<filename>sssr_vnutrennii/sssr_vnutrennii_o_tekushem_momente_no416_2003g.fb2.zip</filename>
	<title>СССР Внутренний Предиктор. О текущем моменте №4(16), 2003г.</title>
</book>
<book>
	<filename>sssr_vnutrennii/sssr_vnutrennii_o_tekushem_momente_no4_2002g.fb2.zip</filename>
	<title>СССР Внутренний Предиктор. О текущем моменте №4, 2002г.</title>
</book>
<book>
	<filename>sssr_vnutrennii/sssr_vnutrennii_o_tekushem_momente_no428_2004g.fb2.zip</filename>
	<title>СССР Внутренний Предиктор. О текущем моменте №4(28), 2004г.</title>
</book>
<book>
	<filename>sssr_vnutrennii/sssr_vnutrennii_o_tekushem_momente_no_4_40_2005_g.fb2.zip</filename>
	<title>СССР Внутренний Предиткор. «О текущем моменте» № 4 (40) 2005 г.</title>
</book>
<book>
	<filename>sssr_vnutrennii/sssr_vnutrennii_o_tekushem_momente_no_452_2006_g.fb2.zip</filename>
	<title>СССР Внутренний Предиктор. «О текущем моменте», № 4(52) 2006 г.</title>
</book>
<book>
	<filename>sssr_vnutrennii/sssr_vnutrennii_o_tekushem_momente_no517_2003g.fb2.zip</filename>
	<title>СССР Внутренний Предиктор. О текущем моменте №5(17), 2003г.</title>
</book>
<book>
	<filename>sssr_vnutrennii/sssr_vnutrennii_o_tekushem_momente_no5_2002g.fb2.zip</filename>
	<title>СССР Внутренний Предиктор. О текущем моменте №5, 2002г.</title>
</book>
<book>
	<filename>sssr_vnutrennii/sssr_vnutrennii_o_tekushem_momente_no529_2004g.fb2.zip</filename>
	<title>СССР Внутренний Предиктор. О текущем моменте №5(29), 2004г.</title>
</book>
<book>
	<filename>sssr_vnutrennii/sssr_vnutrennii_o_tekushem_momente_no_5_53_2006_g.fb2.zip</filename>
	<title>СССР Внутренний Предиктор. «О текущем моменте», № 5 (53), 2006 г.</title>
</book>
<book>
	<filename>sssr_vnutrennii/sssr_vnutrennii_o_tekushem_momente_no618_2003g.fb2.zip</filename>
	<title>СССР Внутренний Предиктор. О текущем моменте №6(18), 2003г.</title>
</book>
<book>
	<filename>sssr_vnutrennii/sssr_vnutrennii_o_tekushem_momente_no6_2002g.fb2.zip</filename>
	<title>СССР Внутренний Предиктор. О текущем моменте №6, 2002г.</title>
</book>
<book>
	<filename>sssr_vnutrennii/sssr_vnutrennii_o_tekushem_momente_no630_2004g.fb2.zip</filename>
	<title>СССР Внутренний Предиктор. О текущем моменте №6(30), 2004г.</title>
</book>
<book>
	<filename>sssr_vnutrennii/sssr_vnutrennii_o_tekushem_momente_no_6_54_2006_g.fb2.zip</filename>
	<title>СССР Внутренний Предиктор. «О текущем моменте», № 6 (54) 2006 г.</title>
</book>
<book>
	<filename>sssr_vnutrennii/sssr_vnutrennii_o_tekushem_momente_no719_2003g.fb2.zip</filename>
	<title>СССР Внутренний Предиктор. О текущем моменте №7(19), 2003г.</title>
</book>
<book>
	<filename>sssr_vnutrennii/sssr_vnutrennii_o_tekushem_momente_no7_2002g.fb2.zip</filename>
	<title>СССР Внутренний Предиктор. О текущем моменте №7, 2002г.</title>
</book>
<book>
	<filename>sssr_vnutrennii/sssr_vnutrennii_o_tekushem_momente_no731_2004g.fb2.zip</filename>
	<title>СССР Внутренний Предиктор. О текущем моменте №7(31), 2004г.</title>
</book>
<book>
	<filename>sssr_vnutrennii/sssr_vnutrennii_o_tekushem_momente_no_7_55_2006_g.fb2.zip</filename>
	<title>СССР Внутренний Предиктор. «О текущем моменте», № 7 (55), 2006 г.</title>
</book>
<book>
	<filename>sssr_vnutrennii/sssr_vnutrennii_o_tekushem_momente_no8_2002g.fb2.zip</filename>
	<title>СССР Внутренний Предиктор. О текущем моменте №8, 2002г.</title>
</book>
<book>
	<filename>sssr_vnutrennii/sssr_vnutrennii_o_tekushem_momente_no820_2003g.fb2.zip</filename>
	<title>СССР Внутренний Предиктор. О текущем моменте №8(20), 2003г.</title>
</book>
<book>
	<filename>sssr_vnutrennii/sssr_vnutrennii_o_tekushem_momente_no_8_32_avgust_2004_god.fb2.zip</filename>
	<title>СССР Внутренний Предиктор. «О текущем моменте» № 8 (32), август 2004 год</title>
</book>
<book>
	<filename>sssr_vnutrennii/sssr_vnutrennii_o_tekushem_momente_no_8_56_2006_g.fb2.zip</filename>
	<title>СССР Внутренний Предиктор. «О текущем моменте», № 8 (56), 2006 г.</title>
</book>
<book>
	<filename>sssr_vnutrennii/sssr_vnutrennii_o_tekushem_momente_no9_2002g.fb2.zip</filename>
	<title>СССР Внутренний Предиктор. О текущем моменте №9, 2002г.</title>
</book>
<book>
	<filename>sssr_vnutrennii/sssr_vnutrennii_o_tekushem_momente_no921_2003g.fb2.zip</filename>
	<title>СССР Внутренний Предиктор. О текущем моменте №9(21), 2003г.</title>
</book>
<book>
	<filename>sssr_vnutrennii/sssr_vnutrennii_o_tekushem_momente_no933_2004g.fb2.zip</filename>
	<title>СССР Внутренний Предиктор. О текущем моменте №9(33), 2004г.</title>
</book>
<book>
	<filename>sssr_vnutrennii/sssr_vnutrennii_o_tekushem_momente_no_9_57_2006_g.fb2.zip</filename>
	<title>СССР Внутренний Предиктор. «О текущем моменте», № 9 (57), 2006 г.</title>
</book>
<book>
	<filename>sssr_vnutrennii/sssr_vnutrennii_ot_korporativnosti_pod_pokrovom_idei_k_sobornosti_v_bogoderzhavii.fb2.zip</filename>
	<title>СССР Внутренний Предиктор. От корпоративности под покровом идей к соборности в Богодержавии</title>
</book>
<book>
	<filename>sssr_vnutrennii/sssr_vnutrennii_o_vyyavlenii_algoritma_upravleniya_rossiei_vopreki_eyo_interesam_i_o_putyah_vysvobozhdeniya_iz_nego.fb2.zip</filename>
	<title>СССР Внутренний Предиктор. О выявлении алгоритма управления Россией вопреки её интересам и о путях высвобождения из него</title>
</book>
<book>
	<filename>sssr_vnutrennii/sssr_vnutrennii_o_zadachah_na_budushee_konceptualnoi_partii_edinenie_i_bezpartiinyh_priverzhencev_koncepcii_obshestvennoi_bezopasnosti.fb2.zip</filename>
	<title>СССР Внутренний Предиктор. О задачах на будущее Концептуальной партии «Единение» и безпартийных приверженцев Концепции общественной безопасности</title>
</book>
<book>
	<filename>sssr_vnutrennii/sssr_vnutrennii_partii_v_xxi_veke_est_li_im_mesto_v_politike.fb2.zip</filename>
	<title>СССР Внутренний Предиктор. Партии в XXI веке — есть ли им место в политике?</title>
</book>
<book>
	<filename>sssr_vnutrennii/sssr_vnutrennii_pechalnoe_nasledie_atlantidy.fb2.zip</filename>
	<title>СССР Внутренний Предиктор. Печальное наследие Атлантиды</title>
</book>
<book>
	<filename>sssr_vnutrennii/sssr_vnutrennii_permanentnaya_reorganizaciya_aviapromyshlennosti_kak_sposob_unichtozheniya_grazhdanskoi_i_voennoi_aviacii_rossiiskoi_federacii.fb2.zip</filename>
	<title>СССР Внутренний Предиктор. Перманентная реорганизация авиапромышленности как способ уничтожения гражданской и военной авиации Российской Федерации</title>
</book>
<book>
	<filename>sssr_vnutrennii/sssr_vnutrennii_persony_grata_koncepcii_non_grata.fb2.zip</filename>
	<title>СССР Внутренний Предиктор. Персоны — «грата», концепции — «нон грата»</title>
</book>
<book>
	<filename>sssr_vnutrennii/sssr_vnutrennii_pochemu_yekonomicheskaya_nauka_dolzhna_stat_prikladnoi_interpretaciei_dostatochno_obshei_teorii_upravleniya.fb2.zip</filename>
	<title>СССР Внутренний Предиктор. Почему экономическая наука должна стать прикладной интерпретацией достаточно общей теории управления</title>
</book>
<book>
	<filename>sssr_vnutrennii/sssr_vnutrennii_poidite_nauchites_chto_znachit_milosti_hochu_a_ne_zhertvy.fb2.zip</filename>
	<title>СССР Внутренний Предиктор. Пойдите, научитесь, что значит: милости хочу, а не жертвы</title>
</book>
<book>
	<filename>sssr_vnutrennii/sssr_vnutrennii_poslednii_gambit.fb2.zip</filename>
	<title>СССР Внутренний Предиктор. Последний гамбит</title>
</book>
<book>
	<filename>sssr_vnutrennii/sssr_vnutrennii_posleslovie_k_tekushemu_momentu_no5_412005g.fb2.zip</filename>
	<title>СССР Внутренний Предиктор. Послесловие к «Текущему моменту №5 (41)2005г.»</title>
</book>
<book>
	<filename>sssr_vnutrennii/sssr_vnutrennii_pridi_na_pomosh_moemu_neveryu.fb2.zip</filename>
	<title>СССР Внутренний Предиктор. Приди на помощь моему неверью…</title>
</book>
<book>
	<filename>sssr_vnutrennii/sssr_vnutrennii_principy_kadrovoi_politiki_gosudarstva_antigosudarstva_obshestvennoi_iniciativy.fb2.zip</filename>
	<title>СССР Внутренний Предиктор. Принципы кадровой политики: государства, «антигосударства», общественной инициативы</title>
</book>
<book>
	<filename>sssr_vnutrennii/sssr_vnutrennii_providenie_ne_algebra.fb2.zip</filename>
	<title>СССР Внутренний Предиктор. Провидение — не “алгебра”…</title>
</book>
<book>
	<filename>sssr_vnutrennii/sssr_vnutrennii_psihtrockizm_mozhet_byt_i_pafosno_patriotichnym_a_ne_tolko_pafosno_internacionalnym.fb2.zip</filename>
	<title>СССР Внутренний Предиктор. Психтроцкизм может быть и пафосно патриотичным, а не только пафосно интернациональным</title>
</book>
<book>
	<filename>sssr_vnutrennii/sssr_vnutrennii_razgermetizaciya.fb2.zip</filename>
	<title>СССР Внутренний Предиктор. Разгерметизация</title>
</book>
<book>
	<filename>sssr_vnutrennii/sssr_vnutrennii_razmyshleniya_pri_prochtenii_scen_iz_fausta_aspushkina.fb2.zip</filename>
	<title>СССР Внутренний Предиктор. Размышления при прочтении «Сцен из Фауста» А.С.Пушкина</title>
</book>
<book>
	<filename>sssr_vnutrennii/sssr_vnutrennii_sammit_bolshoi_vosmyorki_v_strelne_i_vozmozhnosti_novoi_globalnoi_politiki.fb2.zip</filename>
	<title>СССР Внутренний Предиктор. Саммит «большой восьмёрки» в Стрельне и возможности новой глобальной политики</title>
</book>
<book>
	<filename>sssr_vnutrennii/sssr_vnutrennii_snova_carstvo_razdelivsheesya_v_samom_sebe_yeto_budet_ostavleno_v_proshlom.fb2.zip</filename>
	<title>СССР Внутренний Предиктор. Снова «царство разделившееся в самом себе»? — это будет оставлено в прошлом</title>
</book>
<book>
	<filename>sssr_vnutrennii/sssr_vnutrennii_snova_o_budushem_est_li_perspektivy_u_nyneshnei_intelligencii.fb2.zip</filename>
	<title>СССР Внутренний Предиктор. Снова о будущем: Есть ли перспективы у нынешней интеллигенции?</title>
</book>
<book>
	<filename>sssr_vnutrennii/sssr_vnutrennii_starye_scenarii_na_novyi_lad.fb2.zip</filename>
	<title>СССР Внутренний Предиктор. Старые сценарии на новый лад?</title>
</book>
<book>
	<filename>sssr_vnutrennii/sssr_vnutrennii_stat_i_byt_samimi_soboi.fb2.zip</filename>
	<title>СССР Внутренний Предиктор. Стать и быть самими собой</title>
</book>
<book>
	<filename>sssr_vnutrennii/sssr_vnutrennii_ubiistvo_sashi_i_mashi_predlog_dlya_fashizacii_rossii.fb2.zip</filename>
	<title>СССР Внутренний Предиктор. Убийство Саши и Маши — предлог для фашизации России?</title>
</book>
<book>
	<filename>sssr_vnutrennii/sssr_vnutrennii_uchebnik_vvedenie_v_obshestvoznanie_kak_vyrazhenie_profanacii_pedagogami_svoego_dolga_pered_uchenikami_i_obshestvom_ch1.fb2.zip</filename>
	<title>СССР Внутренний Предиткор. Учебник “Введение в обществознание” как выражение профанации педагогами своего долга перед учениками и обществом (ч.1)</title>
</book>
<book>
	<filename>sssr_vnutrennii/sssr_vnutrennii_uchebnik_vvedenie_v_obshestvoznanie_kak_vyrazhenie_profanacii_pedagogami_svoego_dolga_pered_uchenikami_i_obshestvom_ch2.fb2.zip</filename>
	<title>СССР Внутренний Предиктор. Учебник “Введение в обществознание” как выражение профанации педагогами своего долга перед учениками и обществом (ч.2)</title>
</book>
<book>
	<filename>sssr_vnutrennii/sssr_vnutrennii_uragan_katrina_kak_proyavitel_socialnoi_problematiki.fb2.zip</filename>
	<title>СССР Внутренний Предиктор. Ураган “Катрина” как проявитель социальной проблематики</title>
</book>
<book>
	<filename>sssr_vnutrennii/sssr_vnutrennii_vera_i_mera.fb2.zip</filename>
	<title>СССР Внутренний Предиктор. Вера и Мера</title>
</book>
<book>
	<filename>sssr_vnutrennii/sssr_vnutrennii_v_mhru_svoego_ponimaniya.fb2.zip</filename>
	<title>СССР Внутренний Предиктор. В мhру своего понимания…</title>
</book>
<book>
	<filename>sssr_vnutrennii/sssr_vnutrennii_voprosy_mitropolitu_sanktpeterburgskomu_i_ladozhskomu_ioannu_i_ierarhii_rpc.fb2.zip</filename>
	<title>СССР Внутренний Предиктор. Вопросы митрополиту Санкт-Петербургскому и Ладожскому Иоанну и иерархии РПЦ</title>
</book>
<book>
	<filename>sssr_vnutrennii/sssr_vnutrennii_vremya_nachinayu_pro_stalina_rasskaz.fb2.zip</filename>
	<title>СССР Внутренний Предиктор. Время: начинаю про Сталина рассказ</title>
</book>
<book>
	<filename>sssr_vnutrennii/sssr_vnutrennii_yazyk_nash_kak_obektivnaya_dannost_i_kak_kultura_rechi.fb2.zip</filename>
	<title>СССР Внутренний Предиктор. Язык наш: как объективная данность и как культура речи</title>
</book>
<book>
	<filename>sssr_vnutrennii/sssr_vnutrennii_zakon_o_zemle_i_ponyatie_o_zloupotrebleniyah_zakonodatelnoi_vlastyu.fb2.zip</filename>
	<title>СССР Внутренний Предиктор. «Закон о земле» и «Понятие о злоупотреблениях законодательной властью»</title>
</book>
<book>
	<filename>stacenko_natalya/stacenko_natalya_stihotvoreniya.fb2.zip</filename>
	<title>Стаценко Наталья Ивановна. Стихотворения</title>
</book>
<book>
	<filename>stadnyuk_ivan/stadnyuk_ivan_klyuchi_ot_neba.fb2.zip</filename>
	<title>Стаднюк Иван Фотиевич. Ключи от неба</title>
</book>
<book>
	<filename>stadnyuk_ivan/stadnyuk_ivan_maksim_perepelica.fb2.zip</filename>
	<title>Стаднюк Иван Фотиевич. Максим Перепелица</title>
</book>
<book>
	<filename>stadnyuk_ivan/stadnyuk_ivan_mech_nad_moskvoi.fb2.zip</filename>
	<title>Стаднюк Иван Фотиевич. Меч над Москвой</title>
</book>
<book>
	<filename>stadnyuk_ivan/stadnyuk_ivan_moskva_41.fb2.zip</filename>
	<title>Стаднюк Иван Фотиевич. Москва, 41</title>
</book>
<book>
	<filename>stadnyuk_ivan/stadnyuk_ivan_voina.fb2.zip</filename>
	<title>Стаднюк Иван Фотиевич. Война</title>
</book>
<book>
	<filename>staiger_bryed/staiger_bryed_zvezdnye_bogi_kosmicheskie_mastera_klonirovaniya.fb2.zip</filename>
	<title>Стайгер Брэд. Звездные Боги. Космические мастера клонирования</title>
</book>
<book>
	<filename>stail_kristina/stail_kristina_oboroten.fb2.zip</filename>
	<title>Стайл Кристина. Оборотень</title>
</book>
<book>
	<filename>stailz_yenn/stailz_yenn_pochuvstvui_sebya_zolushkoi.fb2.zip</filename>
	<title>Стайлз Энн. Почувствуй себя Золушкой</title>
</book>
<book>
	<filename>stain_rl/stain_rl_bumerang.fb2.zip</filename>
	<title>Стайн Р.Л. Бумеранг</title>
</book>
<book>
	<filename>stain_rl/stain_rl_suevernyi.fb2.zip</filename>
	<title>Стайн Р.Л. Суеверный</title>
</book>
<book>
	<filename>stain_robert/stain_robert_bumerang.fb2.zip</filename>
	<title>Стайн Роберт Лоуренс. Бумеранг</title>
</book>
<book>
	<filename>stain_robert/stain_robert_dobro_pozhalovat_v_mertvyi_dom.fb2.zip</filename>
	<title>Стайн Роберт Лоуренс. Добро пожаловать в мертвый дом</title>
</book>
<book>
	<filename>stain_robert/stain_robert_dom_straha.fb2.zip</filename>
	<title>Стайн Роберт Лоуренс. Дом страха</title>
</book>
<book>
	<filename>stain_robert/stain_robert_dyavolskaya_krov.fb2.zip</filename>
	<title>Стайн Роберт Лоуренс. Дьявольская кровь</title>
</book>
<book>
	<filename>stain_robert/stain_robert_dyhanie_vampira.fb2.zip</filename>
	<title>Стайн Роберт Лоуренс. Дыхание вампира</title>
</book>
<book>
	<filename>stain_robert/stain_robert_fantom_v_zritelnom_zale.fb2.zip</filename>
	<title>Стайн Роберт Лоуренс. Фантом в зрительном зале</title>
</book>
<book>
	<filename>stain_robert/stain_robert_kak_ya_nauchilsya_letat.fb2.zip</filename>
	<title>Стайн Роберт Лоуренс. Как я научился летать</title>
</book>
<book>
	<filename>stain_robert/stain_robert_legenda_dremuchego_lesa.fb2.zip</filename>
	<title>Стайн Роберт Лоуренс. Легенда Дремучего леса</title>
</book>
<book>
	<filename>stain_robert/stain_robert_luchshaya_podruga.fb2.zip</filename>
	<title>Стайн Роберт Лоуренс. Лучшая подруга</title>
</book>
<book>
	<filename>stain_robert/stain_robert_moi_drug_nevidimka.fb2.zip</filename>
	<title>Стайн Роберт Лоуренс. Мой друг – невидимка</title>
</book>
<book>
	<filename>stain_robert/stain_robert_noch_v_bashne_uzhasa.fb2.zip</filename>
	<title>Стайн Роберт Лоуренс. Ночь в башне ужаса</title>
</book>
<book>
	<filename>stain_robert/stain_robert_oboroten_iz_bolot.fb2.zip</filename>
	<title>Стайн Роберт Лоуренс. Оборотень из болот</title>
</book>
<book>
	<filename>stain_robert/stain_robert_odin_den_v_parke_uzhasov.fb2.zip</filename>
	<title>Стайн Роберт Лоуренс. Один день в парке ужасов</title>
</book>
<book>
	<filename>stain_robert/stain_robert_polnochnyi_pocelui2.fb2.zip</filename>
	<title>Стайн Роберт Лоуренс. Полночный поцелуй-2</title>
</book>
<book>
	<filename>stain_robert/stain_robert_samoe_zhutkoe_priklyuchenie.fb2.zip</filename>
	<title>Стайн Роберт Лоуренс. Самое жуткое приключение</title>
</book>
<book>
	<filename>stain_robert/stain_robert_smertelnyi_urok_muzyki.fb2.zip</filename>
	<title>Стайн Роберт Лоуренс. Смертельный урок музыки</title>
</book>
<book>
	<filename>stain_robert/stain_robert_smertelnyi_zagar.fb2.zip</filename>
	<title>Стайн Роберт Лоуренс. Смертельный загар</title>
</book>
<book>
	<filename>stain_robert/stain_robert_suevernyi.fb2.zip</filename>
	<title>Стайн Роберт Лоуренс. Суеверный</title>
</book>
<book>
	<filename>stain_robert/stain_robert_taina_korallovogo_rifa.fb2.zip</filename>
	<title>Стайн Роберт Лоуренс. Тайна кораллового рифа</title>
</book>
<book>
	<filename>stain_robert/stain_robert_taina_pishushei_mashinki.fb2.zip</filename>
	<title>Стайн Роберт Лоуренс. Тайна пишущей машинки</title>
</book>
<book>
	<filename>stain_robert/stain_robert_zagadochnaya_nahodka.fb2.zip</filename>
	<title>Стайн Роберт Лоуренс. Загадочная находка</title>
</book>
<book>
	<filename>stalin_iosif/stalin_iosif_o_velikoi_otechestvennoi_voine_sovetskogo_soyuza.fb2.zip</filename>
	<title>Сталин Иосиф Виссарионович. О Великой Отечественной Войне Советского Союза</title>
</book>
<book>
	<filename>stalin_iosif/stalin_iosif_stihi.fb2.zip</filename>
	<title>Сталин Иосиф Виссарионович. Стихи</title>
</book>
<book>
	<filename>stalin_iosif/stalin_iosif_yekonomicheskie_problemy_socializma_v_sssr.fb2.zip</filename>
	<title>Сталин Иосиф Виссарионович. Экономические проблемы социализма в СССР</title>
</book>
<book>
	<filename>stalnov_ilya/stalnov_ilya_chernaya_armada.fb2.zip</filename>
	<title>Стальнов Илья Александрович. Черная армада</title>
</book>
<book>
	<filename>stalnov_ilya/stalnov_ilya_demony_kosmosa.fb2.zip</filename>
	<title>Стальнов Илья. Демоны космоса</title>
</book>
<book>
	<filename>stalnov_ilya/stalnov_ilya_dikie.fb2.zip</filename>
	<title>Стальнов Илья. Дикие</title>
</book>
<book>
	<filename>stalnov_ilya/stalnov_ilya_gilotina_dlya_gospitalera.fb2.zip</filename>
	<title>Стальнов Илья. Гильотина для госпитальера</title>
</book>
<book>
	<filename>stalnov_ilya/stalnov_ilya_nadezhda_chelovechestva.fb2.zip</filename>
	<title>Стальнов Илья. Надежда человечества</title>
</book>
<book>
	<filename>stalnov_ilya/stalnov_ilya_na_ostrie_igly.fb2.zip</filename>
	<title>Стальнов Илья. На острие иглы</title>
</book>
<book>
	<filename>stalnov_ilya/stalnov_ilya_ne_trozhte_pamyatnik.fb2.zip</filename>
	<title>Стальнов Илья. Не трожьте памятник</title>
</book>
<book>
	<filename>stalnov_ilya/stalnov_ilya_noch_pyati_stihii.fb2.zip</filename>
	<title>Стальнов Илья. Ночь пяти стихий</title>
</book>
<book>
	<filename>stalnov_ilya/stalnov_ilya_palachi_iz_televizora.fb2.zip</filename>
	<title>Стальнов Илья. Палачи из телевизора</title>
</book>
<book>
	<filename>stalnov_ilya/stalnov_ilya_podzapravka.fb2.zip</filename>
	<title>Стальнов Илья. Подзаправка</title>
</book>
<book>
	<filename>stalnov_ilya/stalnov_ilya_poslednii_gospitaler.fb2.zip</filename>
	<title>Стальнов Илья. Последний госпитальер</title>
</book>
<book>
	<filename>stalnov_ilya/stalnov_ilya_sobachii_rai.fb2.zip</filename>
	<title>Стальнов Илья. Собачий рай</title>
</book>
<book>
	<filename>stalnov_ilya/stalnov_ilya_udar_igly.fb2.zip</filename>
	<title>Стальнов Илья. Удар иглы</title>
</book>
<book>
	<filename>stalnov_ilya/stalnov_ilya_yeksperimenty_yeksperimenty.fb2.zip</filename>
	<title>Стальнов Илья. Эксперименты. Эксперименты…</title>
</book>
<book>
	<filename>stalnov_ilya/stalnov_ilya_yemissar_chernoi_armady.fb2.zip</filename>
	<title>Стальнов Илья Александрович. Эмиссар Черной Армады</title>
</book>
<book>
	<filename>stalnov_ilya/stalnov_ilya_zakryt_dver.fb2.zip</filename>
	<title>Стальнов Илья. Закрыть дверь…</title>
</book>
<book>
	<filename>stambulov_v/stambulov_v_namyk_kemal.fb2.zip</filename>
	<title>Стамбулов В. Намык Кемаль</title>
</book>
<book>
	<filename>stambulyan_e/stambulyan_e_112_stranic_pro_parizh.fb2.zip</filename>
	<title>Стамбулян Е. Р. 112 страниц про ПАРИЖ</title>
</book>
<book>
	<filename>stampas_oktavian/stampas_oktavian_citadel.fb2.zip</filename>
	<title>Стампас Октавиан. Цитадель</title>
</book>
<book>
	<filename>stampas_oktavian/stampas_oktavian_drevo_zhizora.fb2.zip</filename>
	<title>Стампас Октавиан. Древо Жизора</title>
</book>
<book>
	<filename>stampas_oktavian/stampas_oktavian_proklyatie.fb2.zip</filename>
	<title>Стампас Октавиан. Проклятие</title>
</book>
<book>
	<filename>stampas_oktavian/stampas_oktavian_rycar_hrista.fb2.zip</filename>
	<title>Стампас Октавиан. Рыцарь Христа</title>
</book>
<book>
	<filename>stampas_oktavian/stampas_oktavian_sem_svitkov_iz_ras_alhaga_ili_yenciklopediya_zagovorov.fb2.zip</filename>
	<title>Стампас Октавиан. Семь свитков из Рас Альхага, или Энциклопедия заговоров</title>
</book>
<book>
	<filename>stampas_oktavian/stampas_oktavian_velikii_magistr.fb2.zip</filename>
	<title>Стампас Октавиан. Великий магистр</title>
</book>
<book>
	<filename>stangerup_helle/stangerup_helle_yepitafiya_krasnoi_shapochke.fb2.zip</filename>
	<title>Стангеруп Хелле. Эпитафия Красной Шапочке</title>
</book>
<book>
	<filename>stanku_zahariya/stanku_zahariya_bosoi.fb2.zip</filename>
	<title>Станку Захария. Босой</title>
</book>
<book>
	<filename>stanoevich_branimir/stanoevich_branimir_ustashskii_ministr_smerti.fb2.zip</filename>
	<title>Станоевич Бранимир. Усташский министр смерти</title>
</book>
<book>
	<filename>stanyukovich_konstantin/stanyukovich_konstantin_amerikanskaya_duyel.fb2.zip</filename>
	<title>Станюкович Константин Михайлович. Американская дуэль</title>
</book>
<book>
	<filename>stanyukovich_konstantin/stanyukovich_konstantin_beglec.fb2.zip</filename>
	<title>Станюкович Константин Михайлович. Беглец</title>
</book>
<book>
	<filename>stanyukovich_konstantin/stanyukovich_konstantin_bereg_i_more.fb2.zip</filename>
	<title>Станюкович Константин Михайлович. «Берег» и море</title>
</book>
<book>
	<filename>stanyukovich_konstantin/stanyukovich_konstantin_bespokoinyi_admiral.fb2.zip</filename>
	<title>Станюкович Константин Михайлович. Беспокойный адмирал</title>
</book>
<book>
	<filename>stanyukovich_konstantin/stanyukovich_konstantin_besshabashnyi.fb2.zip</filename>
	<title>Станюкович Константин Михайлович. «Бесшабашный»</title>
</book>
<book>
	<filename>stanyukovich_konstantin/stanyukovich_konstantin_blagotvoritelnaya_komediya.fb2.zip</filename>
	<title>Станюкович Константин Михайлович. Благотворительная комедия</title>
</book>
<book>
	<filename>stanyukovich_konstantin/stanyukovich_konstantin_blestyashii_kapitan.fb2.zip</filename>
	<title>Станюкович Константин Михайлович. Блестящий капитан</title>
</book>
<book>
	<filename>stanyukovich_konstantin/stanyukovich_konstantin_chelovek_za_bortom.fb2.zip</filename>
	<title>Станюкович Константин Михайлович. «Человек за бортом!»</title>
</book>
<book>
	<filename>stanyukovich_konstantin/stanyukovich_konstantin_chervonnyi_valet.fb2.zip</filename>
	<title>Станюкович Константин Михайлович. Червонный валет</title>
</book>
<book>
	<filename>stanyukovich_konstantin/stanyukovich_konstantin_dobryi.fb2.zip</filename>
	<title>Станюкович Константин Михайлович. Добрый</title>
</book>
<book>
	<filename>stanyukovich_konstantin/stanyukovich_konstantin_dozhdalsya.fb2.zip</filename>
	<title>Станюкович Константин Михайлович. Дождался</title>
</book>
<book>
	<filename>stanyukovich_konstantin/stanyukovich_konstantin_duyel_v_okeane.fb2.zip</filename>
	<title>Станюкович Константин Михайлович. Дуэль в океане</title>
</book>
<book>
	<filename>stanyukovich_konstantin/stanyukovich_konstantin_dva_brata.fb2.zip</filename>
	<title>Станюкович Константин Михайлович. Два брата</title>
</book>
<book>
	<filename>stanyukovich_konstantin/stanyukovich_konstantin_dyadenka_protas_ivanovich.fb2.zip</filename>
	<title>Станюкович Константин Михайлович. Дяденька Протас Иванович</title>
</book>
<book>
	<filename>stanyukovich_konstantin/stanyukovich_konstantin_elka_dlya_vzroslyh.fb2.zip</filename>
	<title>Станюкович Константин Михайлович. Елка для взрослых</title>
</book>
<book>
	<filename>stanyukovich_konstantin/stanyukovich_konstantin_elka.fb2.zip</filename>
	<title>Станюкович Константин Михайлович. Елка</title>
</book>
<book>
	<filename>stanyukovich_konstantin/stanyukovich_konstantin_formennaya_baba.fb2.zip</filename>
	<title>Станюкович Константин Михайлович. Форменная баба</title>
</book>
<book>
	<filename>stanyukovich_konstantin/stanyukovich_konstantin_gibel_yastreba.fb2.zip</filename>
	<title>Станюкович Константин Михайлович. Гибель «Ястреба»</title>
</book>
<book>
	<filename>stanyukovich_konstantin/stanyukovich_konstantin_glavnoe_ne_volnovatsya.fb2.zip</filename>
	<title>Станюкович Константин Михайлович. «Главное: не волноваться»</title>
</book>
<book>
	<filename>stanyukovich_konstantin/stanyukovich_konstantin_glupaya_prichina.fb2.zip</filename>
	<title>Станюкович Константин Михайлович. «Глупая» причина</title>
</book>
<book>
	<filename>stanyukovich_konstantin/stanyukovich_konstantin_gospodin_s_nastroeniem.fb2.zip</filename>
	<title>Станюкович Константин Михайлович. Господин с «Настроением»</title>
</book>
<book>
	<filename>stanyukovich_konstantin/stanyukovich_konstantin_isaika.fb2.zip</filename>
	<title>Станюкович Константин Михайлович. Исайка</title>
</book>
<book>
	<filename>stanyukovich_konstantin/stanyukovich_konstantin_isporchennyi_den.fb2.zip</filename>
	<title>Станюкович Константин Михайлович. Испорченный день</title>
</book>
<book>
	<filename>stanyukovich_konstantin/stanyukovich_konstantin_istinno_russkii_chelovek.fb2.zip</filename>
	<title>Станюкович Константин Михайлович. Истинно русский человек</title>
</book>
<book>
	<filename>stanyukovich_konstantin/stanyukovich_konstantin_istoriya_odnoi_zhizni.fb2.zip</filename>
	<title>Станюкович Константин Михайлович. История одной жизни</title>
</book>
<book>
	<filename>stanyukovich_konstantin/stanyukovich_konstantin_izza_pustyakov.fb2.zip</filename>
	<title>Станюкович Константин Михайлович. Из-за пустяков</title>
</book>
<book>
	<filename>stanyukovich_konstantin/stanyukovich_konstantin_kirillych.fb2.zip</filename>
	<title>Станюкович Константин Михайлович. Кириллыч</title>
</book>
<book>
	<filename>stanyukovich_konstantin/stanyukovich_konstantin_kratkii_morskoi_slovar.fb2.zip</filename>
	<title>Станюкович Константин Михайлович. Краткий морской словарь</title>
</book>
<book>
	<filename>stanyukovich_konstantin/stanyukovich_konstantin_kucyi.fb2.zip</filename>
	<title>Станюкович Константин Михайлович. Куцый</title>
</book>
<book>
	<filename>stanyukovich_konstantin/stanyukovich_konstantin_kuda_uiti.fb2.zip</filename>
	<title>Станюкович Константин Михайлович. Куда уйти?</title>
</book>
<book>
	<filename>stanyukovich_konstantin/stanyukovich_konstantin_ledyanoi_shtorm.fb2.zip</filename>
	<title>Станюкович Константин Михайлович. Ледяной шторм</title>
</book>
<book>
	<filename>stanyukovich_konstantin/stanyukovich_konstantin_maksimka.fb2.zip</filename>
	<title>Станюкович Константин Михайлович. Максимка</title>
</book>
<book>
	<filename>stanyukovich_konstantin/stanyukovich_konstantin_matrosik.fb2.zip</filename>
	<title>Станюкович Константин Михайлович. Матросик</title>
</book>
<book>
	<filename>stanyukovich_konstantin/stanyukovich_konstantin_matroska.fb2.zip</filename>
	<title>Станюкович Константин Михайлович. Матроска</title>
</book>
<book>
	<filename>stanyukovich_konstantin/stanyukovich_konstantin_matrosskii_linch.fb2.zip</filename>
	<title>Станюкович Константин Михайлович. Матросский линч</title>
</book>
<book>
	<filename>stanyukovich_konstantin/stanyukovich_konstantin_mezhdu_svoimi.fb2.zip</filename>
	<title>Станюкович Константин Михайлович. Между своими</title>
</book>
<book>
	<filename>stanyukovich_konstantin/stanyukovich_konstantin_missis_dzhilda.fb2.zip</filename>
	<title>Станюкович Константин Михайлович. Миссис Джильда</title>
</book>
<book>
	<filename>stanyukovich_konstantin/stanyukovich_konstantin_mrachnyi_shturman.fb2.zip</filename>
	<title>Станюкович Константин Михайлович. Мрачный штурман</title>
</book>
<book>
	<filename>stanyukovich_konstantin/stanyukovich_konstantin_munka.fb2.zip</filename>
	<title>Станюкович Константин Михайлович. Мунька</title>
</book>
<book>
	<filename>stanyukovich_konstantin/stanyukovich_konstantin_na_chaike.fb2.zip</filename>
	<title>Станюкович Константин Михайлович. На «Чайке»</title>
</book>
<book>
	<filename>stanyukovich_konstantin/stanyukovich_konstantin_na_drugoi_gals.fb2.zip</filename>
	<title>Станюкович Константин Михайлович. На другой галс</title>
</book>
<book>
	<filename>stanyukovich_konstantin/stanyukovich_konstantin_na_kamenyah.fb2.zip</filename>
	<title>Станюкович Константин Михайлович. На каменьях</title>
</book>
<book>
	<filename>stanyukovich_konstantin/stanyukovich_konstantin_na_uroke.fb2.zip</filename>
	<title>Станюкович Константин Михайлович. На уроке</title>
</book>
<book>
	<filename>stanyukovich_konstantin/stanyukovich_konstantin_neponyatyi_signal.fb2.zip</filename>
	<title>Станюкович Константин Михайлович. Непонятый сигнал</title>
</book>
<book>
	<filename>stanyukovich_konstantin/stanyukovich_konstantin_nyanka.fb2.zip</filename>
	<title>Станюкович Константин Михайлович. Нянька</title>
</book>
<book>
	<filename>stanyukovich_konstantin/stanyukovich_konstantin_oba_horoshi.fb2.zip</filename>
	<title>Станюкович Константин Михайлович. Оба хороши</title>
</book>
<book>
	<filename>stanyukovich_konstantin/stanyukovich_konstantin_oborot.fb2.zip</filename>
	<title>Станюкович Константин Михайлович. Оборот</title>
</book>
<book>
	<filename>stanyukovich_konstantin/stanyukovich_konstantin_o_chem_mechtal_michman.fb2.zip</filename>
	<title>Станюкович Константин Михайлович. О чем мечтал мичман</title>
</book>
<book>
	<filename>stanyukovich_konstantin/stanyukovich_konstantin_odno_mgnovene.fb2.zip</filename>
	<title>Станюкович Константин Михайлович. Одно мгновенье</title>
</book>
<book>
	<filename>stanyukovich_konstantin/stanyukovich_konstantin_originalnaya_para.fb2.zip</filename>
	<title>Станюкович Константин Михайлович. Оригинальная пара</title>
</book>
<book>
	<filename>stanyukovich_konstantin/stanyukovich_konstantin_ot_bresta_do_madery.fb2.zip</filename>
	<title>Станюкович Константин Михайлович. От Бреста до Мадеры</title>
</book>
<book>
	<filename>stanyukovich_konstantin/stanyukovich_konstantin_otchayannyi.fb2.zip</filename>
	<title>Станюкович Константин Михайлович. «Отчаянный»</title>
</book>
<book>
	<filename>stanyukovich_konstantin/stanyukovich_konstantin_otmena_telesnyh_nakazanii.fb2.zip</filename>
	<title>Станюкович Константин Михайлович. Отмена телесных наказаний</title>
</book>
<book>
	<filename>stanyukovich_konstantin/stanyukovich_konstantin_otplata.fb2.zip</filename>
	<title>Станюкович Константин Михайлович. Отплата</title>
</book>
<book>
	<filename>stanyukovich_konstantin/stanyukovich_konstantin_pari.fb2.zip</filename>
	<title>Станюкович Константин Михайлович. Пари</title>
</book>
<book>
	<filename>stanyukovich_konstantin/stanyukovich_konstantin_passazhirka.fb2.zip</filename>
	<title>Станюкович Константин Михайлович. Пассажирка</title>
</book>
<book>
	<filename>stanyukovich_konstantin/stanyukovich_konstantin_pervogodok.fb2.zip</filename>
	<title>Станюкович Константин Михайлович. Первогодок</title>
</book>
<book>
	<filename>stanyukovich_konstantin/stanyukovich_konstantin_peterburgskie_karery.fb2.zip</filename>
	<title>Станюкович Константин Михайлович. Петербургские карьеры</title>
</book>
<book>
	<filename>stanyukovich_konstantin/stanyukovich_konstantin_pobeg.fb2.zip</filename>
	<title>Станюкович Константин Михайлович. Побег</title>
</book>
<book>
	<filename>stanyukovich_konstantin/stanyukovich_konstantin_pohozhdeniya_odnogo_blagonamerennogo_molodogo_cheloveka_rasskazannye_im_samim.fb2.zip</filename>
	<title>Станюкович Константин Михайлович. Похождения одного благонамеренного молодого человека, рассказанные им самим</title>
</book>
<book>
	<filename>stanyukovich_konstantin/stanyukovich_konstantin_pohozhdeniya_odnogo_matrosa.fb2.zip</filename>
	<title>Станюкович Константин Михайлович. Похождения одного матроса</title>
</book>
<book>
	<filename>stanyukovich_konstantin/stanyukovich_konstantin_reshenie.fb2.zip</filename>
	<title>Станюкович Константин Михайлович. Решение</title>
</book>
<book>
	<filename>stanyukovich_konstantin/stanyukovich_konstantin_rozhdestvenskaya_noch.fb2.zip</filename>
	<title>Станюкович Константин Михайлович. Рождественская ночь</title>
</book>
<book>
	<filename>stanyukovich_konstantin/stanyukovich_konstantin_serzh_ptichkin.fb2.zip</filename>
	<title>Станюкович Константин Михайлович. Серж Птичкин</title>
</book>
<book>
	<filename>stanyukovich_konstantin/stanyukovich_konstantin_sevastopolskii_malchik.fb2.zip</filename>
	<title>Станюкович Константин Михайлович. Севастопольский мальчик</title>
</book>
<book>
	<filename>stanyukovich_konstantin/stanyukovich_konstantin_shutka.fb2.zip</filename>
	<title>Станюкович Константин Михайлович. Шутка</title>
</book>
<book>
	<filename>stanyukovich_konstantin/stanyukovich_konstantin_slovar_morskih_terminov_vstrechayushihsya_v_rasskazah.fb2.zip</filename>
	<title>Станюкович Константин Михайлович. Словарь морских терминов, встречающихся в рассказах</title>
</book>
<book>
	<filename>stanyukovich_konstantin/stanyukovich_konstantin_smotr.fb2.zip</filename>
	<title>Станюкович Константин Михайлович. Смотр</title>
</book>
<book>
	<filename>stanyukovich_konstantin/stanyukovich_konstantin_sobaka.fb2.zip</filename>
	<title>Станюкович Константин Михайлович. Собака</title>
</book>
<book>
	<filename>stanyukovich_konstantin/stanyukovich_konstantin_sobytie.fb2.zip</filename>
	<title>Станюкович Константин Михайлович. Событие</title>
</book>
<book>
	<filename>stanyukovich_konstantin/stanyukovich_konstantin_stradalec.fb2.zip</filename>
	<title>Станюкович Константин Михайлович. Страдалец</title>
</book>
<book>
	<filename>stanyukovich_konstantin/stanyukovich_konstantin_svadebnoe_puteshestvie.fb2.zip</filename>
	<title>Станюкович Константин Михайлович. Свадебное путешествие</title>
</book>
<book>
	<filename>stanyukovich_konstantin/stanyukovich_konstantin_tanechka.fb2.zip</filename>
	<title>Станюкович Константин Михайлович. Танечка</title>
</book>
<book>
	<filename>stanyukovich_konstantin/stanyukovich_konstantin_toska.fb2.zip</filename>
	<title>Станюкович Константин Михайлович. Тоска</title>
</book>
<book>
	<filename>stanyukovich_konstantin/stanyukovich_konstantin_tovarishi.fb2.zip</filename>
	<title>Станюкович Константин Михайлович. Товарищи</title>
</book>
<book>
	<filename>stanyukovich_konstantin/stanyukovich_konstantin_tyazhelyi_son.fb2.zip</filename>
	<title>Станюкович Константин Михайлович. Тяжелый сон</title>
</book>
<book>
	<filename>stanyukovich_konstantin/stanyukovich_konstantin_uzhasnaya_bolezn.fb2.zip</filename>
	<title>Станюкович Константин Михайлович. Ужасная болезнь</title>
</book>
<book>
	<filename>stanyukovich_konstantin/stanyukovich_konstantin_vasilii_ivanovich.fb2.zip</filename>
	<title>Станюкович Константин Михайлович. Василий Иванович</title>
</book>
<book>
	<filename>stanyukovich_konstantin/stanyukovich_konstantin_vaska.fb2.zip</filename>
	<title>Станюкович Константин Михайлович. Васька</title>
</book>
<book>
	<filename>stanyukovich_konstantin/stanyukovich_konstantin_v_dalekie_kraya.fb2.zip</filename>
	<title>Станюкович Константин Михайлович. В далекие края</title>
</book>
<book>
	<filename>stanyukovich_konstantin/stanyukovich_konstantin_vestovoi_egorov.fb2.zip</filename>
	<title>Станюкович Константин Михайлович. Вестовой Егоров</title>
</book>
<book>
	<filename>stanyukovich_konstantin/stanyukovich_konstantin_vokrug_sveta_na_korshune.fb2.zip</filename>
	<title>Станюкович Константин Михайлович. Вокруг света на «Коршуне»</title>
</book>
<book>
	<filename>stanyukovich_konstantin/stanyukovich_konstantin_volk.fb2.zip</filename>
	<title>Станюкович Константин Михайлович. Волк</title>
</book>
<book>
	<filename>stanyukovich_konstantin/stanyukovich_konstantin_v_tropikah.fb2.zip</filename>
	<title>Станюкович Константин Михайлович. В тропиках</title>
</book>
<book>
	<filename>stanyukovich_konstantin/stanyukovich_konstantin_vy_ne_nuzhny.fb2.zip</filename>
	<title>Станюкович Константин Михайлович. «Вы не нужны»</title>
</book>
<book>
	<filename>stanyukovich_konstantin/stanyukovich_konstantin_zagadochnyi_passazhir.fb2.zip</filename>
	<title>Станюкович Константин Михайлович. Загадочный пассажир</title>
</book>
<book>
	<filename>stanyukovich_konstantin/stanyukovich_konstantin_za_shchuplenkogo.fb2.zip</filename>
	<title>Станюкович Константин Михайлович. За Щупленького</title>
</book>
<book>
	<filename>stanyukovich_konstantin/stanyukovich_konstantin_za_shuplenkogo.fb2.zip</filename>
	<title>Станюкович Константин Михайлович. За Щупленького</title>
</book>
<book>
	<filename>stanyukovich_konstantin/stanyukovich_konstantin_zhenitba_pinegina.fb2.zip</filename>
	<title>Станюкович Константин Михайлович. Женитьба Пинегина</title>
</book>
<book>
	<filename>stanyukovich_konstantin/stanyukovich_konstantin_zhrecy.fb2.zip</filename>
	<title>Станюкович Константин Михайлович. Жрецы</title>
</book>
<book>
	<filename>stardzhon_teodor/stardzhon_teodor_raketa_myausa.fb2.zip</filename>
	<title>Старджон Теодор. Ракета Мяуса</title>
</book>
<book>
	<filename>stardzhon_teodor/stardzhon_teodor_zhivaya_skulptura.fb2.zip</filename>
	<title>Старджон Теодор Гамильтон. Живая скульптура</title>
</book>
<book>
	<filename>starickii_mihailo/starickii_mihailo_za_dvoma_zaicyami.fb2.zip</filename>
	<title>Старицький Михайло Петрович. За двома зайцями</title>
</book>
<book>
	<filename>starikov_nikolai/starikov_nikolai_kto_dobil_rossiyu_mify_i_pravda_o_grazhdanskoi_voine.fb2.zip</filename>
	<title>Стариков Николай. Кто добил Россию? Мифы и правда о Гражданской войне.</title>
</book>
<book>
	<filename>starikov_nikolai/starikov_nikolai_kto_ubil_rossiiskuyu_imperiyu.fb2.zip</filename>
	<title>Стариков Николай. Кто убил Российскую Империю?</title>
</book>
<book>
	<filename>starikov_nikolai/starikov_nikolai_predannaya_rossiya_nashi_soyuzniki_ot_borisa_godunova_do_nikolaya_ii.fb2.zip</filename>
	<title>Стариков Николай. Преданная Россия. Наши «союзники» от Бориса Годунова до Николая II</title>
</book>
<book>
	<filename>stark_dzherald/stark_dzherald_konan_i_chest_imperii.fb2.zip</filename>
	<title>Старк Джеральд. Конан и честь империи</title>
</book>
<book>
	<filename>stark_dzherald/stark_dzherald_put_geroev.fb2.zip</filename>
	<title>Старк Джеральд. Путь героев</title>
</book>
<book>
	<filename>stark_richard/stark_richard_afera_s_redkimi_monetami.fb2.zip</filename>
	<title>Старк Ричард. Афера с редкими монетами</title>
</book>
<book>
	<filename>stark_richard/stark_richard_avantyura.fb2.zip</filename>
	<title>Старк Ричард. Авантюра</title>
</book>
<book>
	<filename>stark_richard/stark_richard_chelovek_izmenivshii_lico.fb2.zip</filename>
	<title>Старк Ричард. Человек, изменивший лицо</title>
</book>
<book>
	<filename>stark_richard/stark_richard_damochka_chto_nado.fb2.zip</filename>
	<title>Старк Ричард. Дамочка, что надо</title>
</book>
<book>
	<filename>stark_richard/stark_richard_den_na_den_ne_prihoditsya.fb2.zip</filename>
	<title>Старк Ричард. День на день не приходится</title>
</book>
<book>
	<filename>stark_richard/stark_richard_drozd.fb2.zip</filename>
	<title>Старк Ричард. Дрозд</title>
</book>
<book>
	<filename>stark_richard/stark_richard_grabiteli.fb2.zip</filename>
	<title>Старк Ричард. Грабители</title>
</book>
<book>
	<filename>stark_richard/stark_richard_ispoved_na_yelektricheskom_stule.fb2.zip</filename>
	<title>Старк Ричард. Исповедь на электрическом стуле</title>
</book>
<book>
	<filename>stark_richard/stark_richard_limony_nikogda_ne_lgut.fb2.zip</filename>
	<title>Старк Ричард. Лимоны никогда не лгут</title>
</book>
<book>
	<filename>stark_richard/stark_richard_luna_myasnika.fb2.zip</filename>
	<title>Старк Ричард. Луна мясника</title>
</book>
<book>
	<filename>stark_richard/stark_richard_mafiya.fb2.zip</filename>
	<title>Старк Ричард. Мафия</title>
</book>
<book>
	<filename>stark_richard/stark_richard_ograblenie.fb2.zip</filename>
	<title>Старк Ричард. Ограбление</title>
</book>
<book>
	<filename>stark_richard/stark_richard_ograblenie_zelenogo_orla.fb2.zip</filename>
	<title>Старк Ричард. Ограбление «Зеленого Орла»</title>
</book>
<book>
	<filename>stark_richard/stark_richard_ohotnik.fb2.zip</filename>
	<title>Старк Ричард. Охотник</title>
</book>
<book>
	<filename>stark_richard/stark_richard_parker_i_diletant.fb2.zip</filename>
	<title>Старк Ричард. Паркер и дилетант</title>
</book>
<book>
	<filename>stark_richard/stark_richard_plakalshik.fb2.zip</filename>
	<title>Старк Ричард. Плакальщик</title>
</book>
<book>
	<filename>stark_richard/stark_richard_pohishenie_chernogo_lda.fb2.zip</filename>
	<title>Старк Ричард. Похищение черного льда</title>
</book>
<book>
	<filename>stark_richard/stark_richard_pohishenie_kislogo_limona.fb2.zip</filename>
	<title>Старк Ричард. Похищение кислого лимона</title>
</book>
<book>
	<filename>stark_richard/stark_richard_rokovoi_rubezh.fb2.zip</filename>
	<title>Старк Ричард. Роковой рубеж</title>
</book>
<book>
	<filename>stark_richard/stark_richard_srazhenie.fb2.zip</filename>
	<title>Старк Ричард. Сражение</title>
</book>
<book>
	<filename>stark_richard/stark_richard_v_zloveshei_tishi_sagamora.fb2.zip</filename>
	<title>Старк Ричард. В зловещей тиши Сагамора</title>
</book>
<book>
	<filename>stark_richard/stark_richard_zhertvennyi_licedei.fb2.zip</filename>
	<title>Старк Ричард. Жертвенный лицедей</title>
</book>
<book>
	<filename>stark_ulf/stark_ulf_chudaki_i_zanudy.fb2.zip</filename>
	<title>Старк Ульф. Чудаки и зануды</title>
</book>
<book>
	<filename>stark_ulf/stark_ulf_siksten.fb2.zip</filename>
	<title>Старк Ульф. Сикстен</title>
</book>
<book>
	<filename>stark_ulf/stark_ulf_umeesh_li_ty_svistet_ijohanna.fb2.zip</filename>
	<title>Старк Ульф. Умеешь ли ты свистеть, Йоханна?</title>
</book>
<book>
	<filename>starling_boris/starling_boris_messiya.fb2.zip</filename>
	<title>Старлинг Борис. Мессия</title>
</book>
<book>
	<filename>starling_boris/starling_boris_shtorm.fb2.zip</filename>
	<title>Старлинг Борис. Шторм</title>
</book>
<book>
	<filename>staronemeckii_yepos_/staronemeckii_yepos__pesn_o_nibelungah.fb2.zip</filename>
	<title>Старонемецкий эпос. Песнь о Нибелунгах</title>
</book>
<book>
	<filename>starostin_andrei/starostin_andrei_flagman_futbola.fb2.zip</filename>
	<title>Старостин Андрей Петрович. Флагман футбола</title>
</book>
<book>
	<filename>starostin_andrei/starostin_andrei_povest_o_futbole.fb2.zip</filename>
	<title>Старостин Андрей Петрович. Повесть о футболе</title>
</book>
<book>
	<filename>starostin_andrei/starostin_andrei_vstrechi_na_futbolnoi_orbite.fb2.zip</filename>
	<title>Старостин Андрей Петрович. Встречи на футбольной орбите</title>
</book>
<book>
	<filename>starr_doroti/starr_doroti_sozdana_dlya_greha.fb2.zip</filename>
	<title>Старр Дороти. Создана для греха</title>
</book>
<book>
	<filename>starzl_romen/starzl_romen_mikrovselennaya.fb2.zip</filename>
	<title>Старзл Ромен Фредерик. Микро-Вселенная</title>
</book>
<book>
	<filename>stashef_kristofer/stashef_kristofer_alhimik_i_koldunya.fb2.zip</filename>
	<title>Сташеф Кристофер. Алхимик и колдунья</title>
</book>
<book>
	<filename>stashef_kristofer/stashef_kristofer_charodei_ponevole.fb2.zip</filename>
	<title>Сташеф Кристофер. Чародей поневоле</title>
</book>
<book>
	<filename>stashef_kristofer/stashef_kristofer_charodei_raskovannyi.fb2.zip</filename>
	<title>Сташеф Кристофер. Чародей раскованный</title>
</book>
<book>
	<filename>stashef_kristofer/stashef_kristofer_charodei_v_skitaniyah.fb2.zip</filename>
	<title>Сташеф Кристофер. Чародей в скитаниях</title>
</book>
<book>
	<filename>stashef_kristofer/stashef_kristofer_charodei_v_yarosti.fb2.zip</filename>
	<title>Сташеф Кристофер. Чародей в ярости</title>
</book>
<book>
	<filename>stashef_kristofer/stashef_kristofer_ledi_vedma.fb2.zip</filename>
	<title>Сташеф Кристофер. Леди ведьма</title>
</book>
<book>
	<filename>stashef_kristofer/stashef_kristofer_magcelitel.fb2.zip</filename>
	<title>Сташеф Кристофер. Маг-целитель</title>
</book>
<book>
	<filename>stashef_kristofer/stashef_kristofer_mag_i_koshka.fb2.zip</filename>
	<title>Сташеф Кристофер. Маг и кошка</title>
</book>
<book>
	<filename>stashef_kristofer/stashef_kristofer_magkrestonosec.fb2.zip</filename>
	<title>Сташеф Кристофер. Маг-крестоносец</title>
</book>
<book>
	<filename>stashef_kristofer/stashef_kristofer_magmenestrel.fb2.zip</filename>
	<title>Сташеф Кристофер. Маг-менестрель</title>
</book>
<book>
	<filename>stashef_kristofer/stashef_kristofer_mag_pri_dvore_ee_velichestva.fb2.zip</filename>
	<title>Сташеф Кристофер. Маг при дворе Ее Величества</title>
</book>
<book>
	<filename>stashef_kristofer/stashef_kristofer_mag_s_privideniyami.fb2.zip</filename>
	<title>Сташеф Кристофер. Маг с привидениями</title>
</book>
<book>
	<filename>stashef_kristofer/stashef_kristofer_mag_svyazannyi_klyatvoi.fb2.zip</filename>
	<title>Сташеф Кристофер. Маг, связанный клятвой</title>
</book>
<book>
	<filename>stashef_kristofer/stashef_kristofer_moi_syn_mag.fb2.zip</filename>
	<title>Сташеф Кристофер. Мой сын маг</title>
</book>
<book>
	<filename>stashef_kristofer/stashef_kristofer_mudrec.fb2.zip</filename>
	<title>Сташеф Кристофер. Мудрец</title>
</book>
<book>
	<filename>stashef_kristofer/stashef_kristofer_naparnik_charodeya.fb2.zip</filename>
	<title>Сташеф Кристофер. Напарник чародея</title>
</book>
<book>
	<filename>stashef_kristofer/stashef_kristofer_propal_charodei.fb2.zip</filename>
	<title>Сташеф Кристофер. Пропал чародей</title>
</book>
<book>
	<filename>stashef_kristofer/stashef_kristofer_rasplata.fb2.zip</filename>
	<title>Сташеф Кристофер. Расплата</title>
</book>
<book>
	<filename>stashef_kristofer/stashef_kristofer_rycar_rtut.fb2.zip</filename>
	<title>Сташеф Кристофер. Рыцарь Ртуть</title>
</book>
<book>
	<filename>stashef_kristofer/stashef_kristofer_skorost_ubeganiya.fb2.zip</filename>
	<title>Сташеф Кристофер. Скорость убегания</title>
</book>
<book>
	<filename>stashef_kristofer/stashef_kristofer_volshebnik_i_uzurpator.fb2.zip</filename>
	<title>Сташеф Кристофер. Волшебник и узурпатор</title>
</book>
<book>
	<filename>stashef_kristofer/stashef_kristofer_volshebnik_na_voine.fb2.zip</filename>
	<title>Сташеф Кристофер. Волшебник на войне</title>
</book>
<book>
	<filename>stashef_kristofer/stashef_kristofer_volshebnik_ne_v_svoem_ume.fb2.zip</filename>
	<title>Сташеф Кристофер. Волшебник не в своем уме</title>
</book>
<book>
	<filename>stashef_kristofer/stashef_kristofer_volshebnik_v_bedlame.fb2.zip</filename>
	<title>Сташеф Кристофер. Волшебник в Бедламе</title>
</book>
<book>
	<filename>stashef_kristofer/stashef_kristofer_volshebnik_v_haose.fb2.zip</filename>
	<title>Сташеф Кристофер. Волшебник в Хаосе</title>
</book>
<book>
	<filename>stashef_kristofer/stashef_kristofer_volshebnik_v_midgarde.fb2.zip</filename>
	<title>Сташеф Кристофер. Волшебник в Мидгарде</title>
</book>
<book>
	<filename>stashef_kristofer/stashef_kristofer_volshebnik_v_mire.fb2.zip</filename>
	<title>Сташеф Кристофер. Волшебник в мире</title>
</book>
<book>
	<filename>stashef_kristofer/stashef_kristofer_v_otsutstvie_charodeya.fb2.zip</filename>
	<title>Сташеф Кристофер. В отсутствие чародея</title>
</book>
<book>
	<filename>stashef_kristofer/stashef_kristofer_vozvrashenie_korolya_kobolda.fb2.zip</filename>
	<title>Сташеф Кристофер. Возвращение короля Коболда</title>
</book>
<book>
	<filename>stashef_kristofer/stashef_kristofer_zacharovannyi_knizhnik.fb2.zip</filename>
	<title>Сташеф Кристофер. Зачарованный книжник</title>
</book>
<book>
	<filename>stashef_kristofer/stashef_kristofer_zdes_vodyatsya_chudovisha.fb2.zip</filename>
	<title>Сташеф Кристофер. Здесь водятся чудовища</title>
</book>

</books>
