﻿<?xml version="1.0" encoding="UTF-8" ?>
<books>

<book>
	<filename>shulc_dzheims/shulc_dzheims_apok_zazyvatel_bizonov.fb2.zip</filename>
	<title>Шульц Джеймс. Апок, зазыватель бизонов</title>
</book>
<book>
	<filename>shulc_dzheims/shulc_dzheims_bizoni_cherepa_na_gore_vozhdei.fb2.zip</filename>
	<title>Шульц Джеймс Уиллард. Бизоньи черепа на Горе Вождей</title>
</book>
<book>
	<filename>shulc_dzheims/shulc_dzheims_golodnaya_zima.fb2.zip</filename>
	<title>Шульц Джеймс Уиллард. Голодная зима</title>
</book>
<book>
	<filename>shulc_dzheims/shulc_dzheims_lovec_orlov.fb2.zip</filename>
	<title>Шульц Джеймс Уиллард. Ловец орлов</title>
</book>
<book>
	<filename>shulc_dzheims/shulc_dzheims_moya_zhizn_sredi_indeicev.fb2.zip</filename>
	<title>Шульц Джеймс Уиллард. Моя жизнь среди индейцев</title>
</book>
<book>
	<filename>shulc_dzheims/shulc_dzheims_nevesta_dlya_utrennei_zvezdy.fb2.zip</filename>
	<title>Шульц Джеймс Уиллард. Невеста для Утренней Звезды</title>
</book>
<book>
	<filename>shulc_dzheims/shulc_dzheims_opasnaya_tropa.fb2.zip</filename>
	<title>Шульц Джеймс Уиллард. Опасная тропа</title>
</book>
<book>
	<filename>shulc_dzheims/shulc_dzheims_oshibka_odinokogo_bizona.fb2.zip</filename>
	<title>Шульц Джеймс Уиллард. Ошибка Одинокого Бизона</title>
</book>
<book>
	<filename>shulc_dzheims/shulc_dzheims_pobednaya_pesnya.fb2.zip</filename>
	<title>Шульц Джеймс Уиллард. Победная песня</title>
</book>
<book>
	<filename>shulc_dzheims/shulc_dzheims_s_indeicami_v_skalistyh_gorah.fb2.zip</filename>
	<title>Шульц Джеймс Уиллард. С индейцами в Скалистых горах</title>
</book>
<book>
	<filename>shulc_dzheims/shulc_dzheims_sinopa_indeiskii_malchik.fb2.zip</filename>
	<title>Шульц Джеймс Уиллард. Синопа, индейский мальчик</title>
</book>
<book>
	<filename>shulc_dzheims/shulc_dzheims_syn_plemeni_navahov.fb2.zip</filename>
	<title>Шульц Джеймс Уиллард. Сын племени навахов</title>
</book>
<book>
	<filename>shulce_ingo/shulce_ingo_simple_storys.fb2.zip</filename>
	<title>Шульце Инго. Simple Storys</title>
</book>
<book>
	<filename>shulc_shyeron/shulc_shyeron_ledi_i_ee_rycar.fb2.zip</filename>
	<title>Шульц Шэрон. Леди и ее рыцарь</title>
</book>
<book>
	<filename>shulga_stanislav/shulga_stanislav_dispetcher_ataki.fb2.zip</filename>
	<title>Шульга Станислав. Диспетчер атаки</title>
</book>
<book>
	<filename>shulga_stanislav/shulga_stanislav_mednyi_gvozd.fb2.zip</filename>
	<title>Шульга Станислав. Медный гвоздь</title>
</book>
<book>
	<filename>shulyatabib_vladimir/shulyatabib_vladimir_ty_ploho_ubil_ego_dok.fb2.zip</filename>
	<title>Шуля-табиб Владимир. Ты плохо убил его, док</title>
</book>
<book>
	<filename>shumaher_toni/shumaher_toni_svistok.fb2.zip</filename>
	<title>Шумахер Тони. Свисток</title>
</book>
<book>
	<filename>shumilov_aleksandr/shumilov_aleksandr_tri_zagadki_arktiki.fb2.zip</filename>
	<title>Шумилов Александр Васильевич. Три загадки Арктики</title>
</book>
<book>
	<filename>shumilova_olga/shumilova_olga_monety_na_tvoei_ladoni.fb2.zip</filename>
	<title>Шумилова Ольга. Монеты на твоей ладони</title>
</book>
<book>
	<filename>shumilov_pavel/shumilov_pavel_adam_i_eva_2.fb2.zip</filename>
	<title>Шумилов Павел. Адам и Ева – 2</title>
</book>
<book>
	<filename>shumilov_pavel/shumilov_pavel_davno_zabytaya_planeta.fb2.zip</filename>
	<title>Шумилов Павел. Давно забытая планета</title>
</book>
<book>
	<filename>shumilov_pavel/shumilov_pavel_dolg_pered_vidom.fb2.zip</filename>
	<title>Шумилов Павел. Долг перед видом</title>
</book>
<book>
	<filename>shumilov_pavel/shumilov_pavel_dolzhny_lyubit.fb2.zip</filename>
	<title>Шумилов Павел. Должны любить</title>
</book>
<book>
	<filename>shumilov_pavel/shumilov_pavel_drakon_zamka_kongov.fb2.zip</filename>
	<title>Шумилов Павел. Дракон замка Конгов</title>
</book>
<book>
	<filename>shumilov_pavel/shumilov_pavel_idi_poimai_svoyu_zvezdu.fb2.zip</filename>
	<title>Шумилов Павел. Иди, поймай свою звезду</title>
</book>
<book>
	<filename>shumilov_pavel/shumilov_pavel_karavan_mertvecov.fb2.zip</filename>
	<title>Шумилов Павел. Караван мертвецов</title>
</book>
<book>
	<filename>shumilov_pavel/shumilov_pavel_koshkin_dom.fb2.zip</filename>
	<title>Шумилов Павел. Кошкин дом</title>
</book>
<book>
	<filename>shumilov_pavel/shumilov_pavel_k_voprosu_o_dolgoi_zhizni.fb2.zip</filename>
	<title>Шумилов Павел. К вопросу о долгой жизни</title>
</book>
<book>
	<filename>shumilov_pavel/shumilov_pavel_k_voprosu_o_prirode_semeinogo_schastya.fb2.zip</filename>
	<title>Шумилов Павел. К вопросу о природе семейного счастья</title>
</book>
<book>
	<filename>shumilov_pavel/shumilov_pavel_k_voprosu_o_ravenstve_polov.fb2.zip</filename>
	<title>Шумилов Павел. К вопросу о равенстве полов</title>
</book>
<book>
	<filename>shumilov_pavel/shumilov_pavel_k_voprosu_o_smysle_zhizni.fb2.zip</filename>
	<title>Шумилов Павел. К вопросу о смысле жизни</title>
</book>
<book>
	<filename>shumilov_pavel/shumilov_pavel_lyubit_ne_lyubit.fb2.zip</filename>
	<title>Шумилов Павел. Любит – не любит</title>
</book>
<book>
	<filename>shumilov_pavel/shumilov_pavel_masterlomaster.fb2.zip</filename>
	<title>Шумилов Павел. Мастер-Ломастер</title>
</book>
<book>
	<filename>shumilov_pavel/shumilov_pavel_oskolki_yedema.fb2.zip</filename>
	<title>Шумилов Павел. Осколки Эдема</title>
</book>
<book>
	<filename>shumilov_pavel/shumilov_pavel_perevedi_menya_cherez_maidan.fb2.zip</filename>
	<title>Шумилов Павел. Переведи меня через майдан</title>
</book>
<book>
	<filename>shumilov_pavel/shumilov_pavel_poslednii_povelitel.fb2.zip</filename>
	<title>Шумилов Павел. Последний Повелитель</title>
</book>
<book>
	<filename>shumilov_pavel/shumilov_pavel_procent_sootvetstviya.fb2.zip</filename>
	<title>Шумилов Павел. Процент соответствия</title>
</book>
<book>
	<filename>shumilov_pavel/shumilov_pavel_slovo_o_drakone_odinokii_drakon.fb2.zip</filename>
	<title>Шумилов Павел. Слово о Драконе (Одинокий Дракон)</title>
</book>
<book>
	<filename>shumilov_pavel/shumilov_pavel_stat_drakonom.fb2.zip</filename>
	<title>Шумилов Павел. Стать Драконом</title>
</book>
<book>
	<filename>shumilov_pavel/shumilov_pavel_yember_chuzhaya_igra.fb2.zip</filename>
	<title>Шумилов Павел. Эмбер. Чужая игра</title>
</book>
<book>
	<filename>shumil_pavel/shumil_pavel_adam_i_eva_2.fb2.zip</filename>
	<title>Шумил Павел. Адам и Ева — 2</title>
</book>
<book>
	<filename>shumil_pavel/shumil_pavel_davno_zabytaya_planeta.fb2.zip</filename>
	<title>Шумил Павел. Давно забытая планета</title>
</book>
<book>
	<filename>shumil_pavel/shumil_pavel_dolg_pered_vidom.fb2.zip</filename>
	<title>Шумил Павел. Долг перед видом</title>
</book>
<book>
	<filename>shumil_pavel/shumil_pavel_dolzhny_lyubit.fb2.zip</filename>
	<title>Шумил Павел. Должны любить</title>
</book>
<book>
	<filename>shumil_pavel/shumil_pavel_drakon_zamka_kongov.fb2.zip</filename>
	<title>Шумил Павел. Дракон замка Конгов</title>
</book>
<book>
	<filename>shumil_pavel/shumil_pavel_idi_poimai_svoyu_zvezdu.fb2.zip</filename>
	<title>Шумил Павел. Иди, поймай свою звезду</title>
</book>
<book>
	<filename>shumil_pavel/shumil_pavel_karavan_mertvecov.fb2.zip</filename>
	<title>Шумил Павел. Караван мертвецов</title>
</book>
<book>
	<filename>shumil_pavel/shumil_pavel_koshkin_dom.fb2.zip</filename>
	<title>Шумил Павел. Кошкин дом</title>
</book>
<book>
	<filename>shumil_pavel/shumil_pavel_k_voprosu_o_prirode_semeinogo_schastya.fb2.zip</filename>
	<title>Шумил Павел. К вопросу о природе семейного счастья</title>
</book>
<book>
	<filename>shumil_pavel/shumil_pavel_k_voprosu_o_ravenstve_polov.fb2.zip</filename>
	<title>Шумил Павел. К вопросу о равенстве полов</title>
</book>
<book>
	<filename>shumil_pavel/shumil_pavel_k_voprosu_o_smysle_zhizni.fb2.zip</filename>
	<title>Шумил Павел. К вопросу о смысле жизни</title>
</book>
<book>
	<filename>shumil_pavel/shumil_pavel_lyubit_ne_lyubit.fb2.zip</filename>
	<title>Шумил Павел. Любит — не любит</title>
</book>
<book>
	<filename>shumil_pavel/shumil_pavel_masterlomaster.fb2.zip</filename>
	<title>Шумил Павел. Мастер-Ломастер</title>
</book>
<book>
	<filename>shumil_pavel/shumil_pavel_oskolki_yedema.fb2.zip</filename>
	<title>Шумил Павел. Осколки Эдема</title>
</book>
<book>
	<filename>shumil_pavel/shumil_pavel_perevedi_menya_cherez_maidan.fb2.zip</filename>
	<title>Шумил Павел. Переведи меня через майдан</title>
</book>
<book>
	<filename>shumil_pavel/shumil_pavel_poslednii_povelitel.fb2.zip</filename>
	<title>Шумил Павел. Последний Повелитель</title>
</book>
<book>
	<filename>shumil_pavel/shumil_pavel_procent_sootvetstviya.fb2.zip</filename>
	<title>Шумил Павел. Процент соответствия</title>
</book>
<book>
	<filename>shumil_pavel/shumil_pavel_slovo_o_drakone_odinokii_drakon.fb2.zip</filename>
	<title>Шумил Павел. Слово о Драконе (Одинокий Дракон)</title>
</book>
<book>
	<filename>shumil_pavel/shumil_pavel_stat_drakonom.fb2.zip</filename>
	<title>Шумил Павел. Стать Драконом</title>
</book>
<book>
	<filename>shumil_pavel/shumil_pavel_yember_chuzhaya_igra.fb2.zip</filename>
	<title>Шумил Павел. Эмбер. Чужая игра</title>
</book>
<book>
	<filename>shunchao_chzhyen/shunchao_chzhyen_put_mastera_cigun_podvizhnichestvo_velikogo_dao_istoriya_zhizni_uchitelya_van_lipina_otshelnika_v_miru.fb2.zip</filename>
	<title>Шуньчао Чжэн. Путь мастера цигун. Подвижничество Великого Дао. История жизни учителя Ван Липина, отшельника в миру</title>
</book>
<book>
	<filename>shuneiko_ivan/shuneiko_ivan_pilotiruemye_polety_na_lunu.fb2.zip</filename>
	<title>Шунейко Иван Иванович. Пилотируемые полеты на Луну</title>
</book>
<book>
	<filename>shuppe_irina/shuppe_irina_legenda.fb2.zip</filename>
	<title>Шуппе Ирина. Легенда</title>
</book>
<book>
	<filename>shuppe_irina/shuppe_irina_nochnoi_lebed.fb2.zip</filename>
	<title>Шуппе Ирина. Ночной лебедь</title>
</book>
<book>
	<filename>shuppe_irina/shuppe_irina_prigovor_mest.fb2.zip</filename>
	<title>Шуппе Ирина. Приговор — месть</title>
</book>
<book>
	<filename>shusharin_igor/shusharin_igor_yekipazh.fb2.zip</filename>
	<title>Шушарин Игорь. Экипаж</title>
</book>
<book>
	<filename>shusmit_kyetlin/shusmit_kyetlin_nastoyashaya_ledi.fb2.zip</filename>
	<title>Шусмит Кэтлин. Настоящая леди</title>
</book>
<book>
	<filename>shutov_yurii/shutov_yurii_anatolii_sobchak_tainy_hozhdeniya_vo_vlast.fb2.zip</filename>
	<title>Шутов Юрий. Анатолий Собчак: тайны хождения во власть</title>
</book>
<book>
	<filename>shuvalova_evgeniya/shuvalova_evgeniya_infekcionnye_bolezni.fb2.zip</filename>
	<title>Шувалова Евгения Петровна. Инфекционные болезни</title>
</book>
<book>
	<filename>shvaicer_darell/shvaicer_darell_maska_charodeya.fb2.zip</filename>
	<title>Швайцер Дарелл. Маска чародея</title>
</book>
<book>
	<filename>shvarcenegger_arnold/shvarcenegger_arnold_avtobiografiya.fb2.zip</filename>
	<title>Шварценеггер Арнольд. Автобиография</title>
</book>
<book>
	<filename>shvarcenegger_arnold/shvarcenegger_arnold_sovety_chempiona.fb2.zip</filename>
	<title>Шварценеггер Арнольд. Советы чемпиона</title>
</book>
<book>
	<filename>shvarc_evgenii/shvarc_evgenii_drakon.fb2.zip</filename>
	<title>Шварц Евгений Львович. Дракон</title>
</book>
<book>
	<filename>shvarc_evgenii/shvarc_evgenii_obyknovennoe_chudo.fb2.zip</filename>
	<title>Шварц Евгений. Обыкновенное чудо</title>
</book>
<book>
	<filename>shvarc_syuzan/shvarc_syuzan_serebryanaya_snezhinka.fb2.zip</filename>
	<title>Шварц Сюзан. Серебряная Снежинка</title>
</book>
<book>
	<filename>shvec_dmitrii/shvec_dmitrii_sluga_korony.fb2.zip</filename>
	<title>Швец Дмитрий. Слуга короны</title>
</book>
<book>
	<filename>shvec_gennadii/shvec_gennadii_ya_begu_marafon.fb2.zip</filename>
	<title>Швец Геннадий Васильевич. Я бегу марафон</title>
</book>
<book>
	<filename>shvecov_k/shvecov_k_domashnii_yelektrik.fb2.zip</filename>
	<title>Швецов К. Л. Домашний электрик</title>
</book>
<book>
	<filename>shvedov_sergei/shvedov_sergei_chernyi_koldun.fb2.zip</filename>
	<title>Шведов Сергей. Черный колдун</title>
</book>
<book>
	<filename>shvedov_sergei/shvedov_sergei_istrebitel_drakonov.fb2.zip</filename>
	<title>Шведов Сергей. Истребитель драконов</title>
</book>
<book>
	<filename>shvedov_sergei/shvedov_sergei_mechenye.fb2.zip</filename>
	<title>Шведов Сергей. Меченые</title>
</book>
<book>
	<filename>shvedov_sergei/shvedov_sergei_orakul.fb2.zip</filename>
	<title>Шведов Сергей. Оракул</title>
</book>
<book>
	<filename>shvedov_sergei/shvedov_sergei_ostrov_buyan.fb2.zip</filename>
	<title>Шведов Сергей. Остров Буян</title>
</book>
<book>
	<filename>shvedov_sergei/shvedov_sergei_shatun.fb2.zip</filename>
	<title>Шведов Сергей. Шатун</title>
</book>
<book>
	<filename>shvedov_sergei/shvedov_sergei_tainy_ostrova_buyana.fb2.zip</filename>
	<title>Шведов Сергей. Тайны острова Буяна</title>
</book>
<book>
	<filename>shvedov_sergei/shvedov_sergei_vozvrashenie_orakula.fb2.zip</filename>
	<title>Шведов Сергей. Возвращение оракула</title>
</book>
<book>
	<filename>shye_lao/shye_lao_zapiski_o_koshachem_gorode.fb2.zip</filename>
	<title>Шэ Лао. Записки о Кошачьем городе</title>
</book>
<book>
	<filename>shyenyan_/shyenyan__poyeziya_prosvetleniya_poyemy_drevnih_chanskih_masterov.fb2.zip</filename>
	<title>Шэн-янь. Поэзия просветления. Поэмы древних чаньских мастеров</title>
</book>
<book>
	<filename>shyovall_mai/shyovall_mai_chelovek_kotoryi_isparilsya.fb2.zip</filename>
	<title>Шёвалль Май. Человек, который «испарился»</title>
</book>
<book>
	<filename>shyovall_mai/shyovall_mai_chelovek_na_balkone.fb2.zip</filename>
	<title>Шёвалль Май. Человек на балконе</title>
</book>
<book>
	<filename>shyovall_mai/shyovall_mai_ischeznuvshaya_pozharnaya_mashina.fb2.zip</filename>
	<title>Шёвалль Май. Исчезнувшая пожарная машина</title>
</book>
<book>
	<filename>shyovall_mai/shyovall_mai_naemnye_ubiicy.fb2.zip</filename>
	<title>Шёвалль Май. Наемные убийцы</title>
</book>
<book>
	<filename>shyovall_mai/shyovall_mai_negodyai_iz_seflyo.fb2.zip</filename>
	<title>Шёвалль Май. Негодяй из Сефлё</title>
</book>
<book>
	<filename>shyovall_mai/shyovall_mai_podozrevaetsya_v_ubiistve.fb2.zip</filename>
	<title>Шёвалль Май. Подозревается в убийстве</title>
</book>
<book>
	<filename>shyovall_mai/shyovall_mai_policiya_policiya_kartofelnoe_pyure.fb2.zip</filename>
	<title>Шёвалль Май. Полиция, полиция, картофельное пюре!</title>
</book>
<book>
	<filename>shyovall_mai/shyovall_mai_rozanna.fb2.zip</filename>
	<title>Шёвалль Май. Розанна</title>
</book>
<book>
	<filename>shyovall_mai/shyovall_mai_smeyushiisya_policeiskii.fb2.zip</filename>
	<title>Шёвалль Май. Смеющийся полицейский</title>
</book>
<book>
	<filename>shyovall_mai/shyovall_mai_terroristy.fb2.zip</filename>
	<title>Шёвалль Май. Террористы</title>
</book>
<book>
	<filename>shyovall_mai/shyovall_mai_ubiica_policeiskogo.fb2.zip</filename>
	<title>Шёвалль Май. Убийца полицейского</title>
</book>
<book>
	<filename>shyovall_mai/shyovall_mai_zapertaya_komnata.fb2.zip</filename>
	<title>Шёвалль Май. Запертая комната</title>
</book>
<book>
	<filename>shyut_nevil/shyut_nevil_krysolov.fb2.zip</filename>
	<title>Шют Невил. Крысолов</title>
</book>
<book>
	<filename>shyut_nevil/shyut_nevil_na_beregu.fb2.zip</filename>
	<title>Шют Невил. На берегу</title>
</book>

</books>
