<?xml version="1.0" encoding="UTF-8" ?>
<books>
<book>
	<filename>caculin_ivan/caculin_ivan_atomnaya_krepost.fb2.zip</filename>
	<title>Цацулин Иван К. Атомная крепость</title>
</book>
<book>
	<filename>cao_syuyecin/cao_syuyecin_son_v_krasnom_tereme_t_1_gl_i_xl.fb2.zip</filename>
	<title>Цао Сюэцинь. Сон в красном тереме. Т. 1. Гл. I — XL.</title>
</book>
<book>
	<filename>cao_syuyecin/cao_syuyecin_son_v_krasnom_tereme_t_2_gl_xli_lxxx.fb2.zip</filename>
	<title>Цао Сюэцинь. Сон в красном тереме. Т. 2. Гл. XLI — LXXX.</title>
</book>
<book>
	<filename>cao_syuyecin/cao_syuyecin_son_v_krasnom_tereme_t_3_gl_lxxxi_shh.fb2.zip</filename>
	<title>Цао Сюэцинь. Сон в красном тереме. Т. 3. Гл. LXXXI — СХХ.</title>
</book>
<book>
	<filename>careva_irina/careva_irina_istorii_kotoryh_ne_moglo_byt.fb2.zip</filename>
	<title>Царева Ирина. Истории, которых не могло быть</title>
</book>
<book>
	<filename>careva_irina/careva_irina_nepoznannoe_otvergnutoe_ili_sokrytoe.fb2.zip</filename>
	<title>Царева Ирина. Непознанное, отвергнутое или сокрытое</title>
</book>
<book>
	<filename>careva_masha/careva_masha_blondinka_i_bryunetka_v_poiskah_priklyuchenii.fb2.zip</filename>
	<title>Царева Маша. Блондинка и брюнетка в поисках приключений</title>
</book>

<book>
	<filename>cebakovskii_sergei/cebakovskii_sergei_uravnenie_s_nlo.fb2.zip</filename>
	<title>Цебаковский Сергей Яковлевич. Уравнение с НЛО</title>
</book>
<book>
	<filename>ceich_ursula/ceich_ursula_govoryashii_s_vetrom.fb2.zip</filename>
	<title>Цейч Урсула. Говорящий с ветром</title>
</book>
<book>
	<filename>ceich_ursula/ceich_ursula_nasledniki_tmy.fb2.zip</filename>
	<title>Цейч Урсула. Наследники Тьмы</title>
</book>
<book>
	<filename>ceich_ursula/ceich_ursula_shturm_sheikura.fb2.zip</filename>
	<title>Цейч Урсула. Штурм Шейкура</title>
</book>
<book>
	<filename>cels_/cels__pravdivoe_slovo.fb2.zip</filename>
	<title>Цельс. Правдивое слово</title>
</book>
<book>
	<filename>cenev_vit/cenev_vit_protokoly_kolduna_stomenova_chast_i.fb2.zip</filename>
	<title>Ценев Вит. Протоколы колдуна Стоменова часть I</title>
</book>
<book>
	<filename>cenev_vit/cenev_vit_protokoly_kolduna_stomenova_chast_ii.fb2.zip</filename>
	<title>Ценев Вит. Протоколы колдуна Стоменова часть II</title>
</book>
<book>
	<filename>cenev_vit/cenev_vit_yazyk_politicheskih_telodvizhenii.fb2.zip</filename>
	<title>Ценев Вит. Язык политических телодвижений</title>
</book>
<book>
	<filename>cezar_gai_yulii/cezar_gai_yulii_zapiski_o_gallskoi_voine.fb2.zip</filename>
	<title>Цезарь Гай Юлий. Записки о галльской войне</title>
</book>
<book>
	<filename>cezar_gai_yulii/cezar_gai_yulii_zapiski_yuliya_cezarya_i_ego_prodolzhatelei.fb2.zip</filename>
	<title>Цезарь Гай Юлий. Записки Юлия Цезаря и его продолжателей</title>
</book>

<book>
	<filename>cizer_benno/cizer_benno_doroga_na_stalingrad_vospominaniya_nemeckogo_pehotinca_19411943.fb2.zip</filename>
	<title>Цизер Бенно. Дорога на Сталинград. Воспоминания немецкого пехотинца. 1941-1943.</title>
</book>

<book>
	<filename>coi_marianna/coi_marianna_tochka_otschyota.fb2.zip</filename>
	<title>Цой Марианна. Точка отсчёта</title>
</book>

<book>
	<filename>curakova_fani/curakova_fani_ubiistvo_po_zakazu_klienta.fb2.zip</filename>
	<title>Цуракова Фани. Убийство по заказу клиента</title>
</book>
<book>
	<filename>cveig_stefan/cveig_stefan_amerigo_povest_ob_odnoi_istoricheskoi_oshibke.fb2.zip</filename>
	<title>Цвейг Стефан. Америго. Повесть об одной исторической ошибке</title>
</book>
<book>
	<filename>cveig_stefan/cveig_stefan_amok.fb2.zip</filename>
	<title>Цвейг Стефан. Амок</title>
</book>
<book>
	<filename>cveig_stefan/cveig_stefan_balzak.fb2.zip</filename>
	<title>Цвейг Стефан. Бальзак</title>
</book>
<book>
	<filename>cveig_stefan/cveig_stefan_kristina.fb2.zip</filename>
	<title>Цвейг Стефан. Кристина</title>
</book>
<book>
	<filename>cveig_stefan/cveig_stefan_magellan_chelovek_i_ego_deyanie.fb2.zip</filename>
	<title>Цвейг Стефан. Магеллан. Человек и его деяние</title>
</book>
<book>
	<filename>cveig_stefan/cveig_stefan_mariya_styuart.fb2.zip</filename>
	<title>Цвейг Стефан. Мария Стюарт</title>
</book>
<book>
	<filename>cveig_stefan/cveig_stefan_neterpenie_serdca.fb2.zip</filename>
	<title>Цвейг Стефан. Нетерпение сердца</title>
</book>
<book>
	<filename>cveig_stefan/cveig_stefan_shahmatnaya_novella.fb2.zip</filename>
	<title>Цвейг Стефан. Шахматная новелла</title>
</book>
<book>
	<filename>cveig_stefan/cveig_stefan_sovest_protiv_nasiliya_kastellio_protiv_kalvina.fb2.zip</filename>
	<title>Цвейг Стефан. Совесть против насилия: Кастеллио против Кальвина</title>
</book>
<book>
	<filename>cveig_stefan/cveig_stefan_zhguchaya_taina.fb2.zip</filename>
	<title>Цвейг Стефан. Жгучая тайна</title>
</book>
<book>
	<filename>cveig_stefan/cveig_stefan_zhozef_fushe.fb2.zip</filename>
	<title>Цвейг Стефан. Жозеф Фуше</title>
</book>
<book>
	<filename>cvek_yenn/cvek_yenn_zhena_lovelasa.fb2.zip</filename>
	<title>Цвек Энн Маршалл. Жена ловеласа</title>
</book>
<book>
	<filename>cvetkova_galina/cvetkova_galina_sneg_na_sireni.fb2.zip</filename>
	<title>Цветкова Галина. Снег на сирени</title>
</book>
<book>
	<filename>cvetkov_sergei/cvetkov_sergei_karl_xii_poslednii_viking_16821718.fb2.zip</filename>
	<title>Цветков Сергей Эдуардович. Карл XII. Последний викинг. 1682-1718</title>
</book>
<book>
	<filename>cvetkov_sergei/cvetkov_sergei_uzniki_bastilii.fb2.zip</filename>
	<title>Цветков Сергей Эдуардович. Узники Бастилии</title>
</book>
<book>
	<filename>cvetkov_sergei/cvetkov_sergei_uzniki_tauyera.fb2.zip</filename>
	<title>Цветков Сергей Эдуардович. Узники Тауэра</title>
</book>
<book>
	<filename>cvetkov_sergei/cvetkov_sergei_velikoe_neizvestnoe.fb2.zip</filename>
	<title>Цветков Сергей. Великое неизвестное</title>
</book>
<book>
	<filename>cvetkov_yernest/cvetkov_yernest_dose_na_cheloveka.fb2.zip</filename>
	<title>Цветков Эрнест Анатольевич. Досье на человека</title>
</book>
<book>
	<filename>cvetkov_yernest/cvetkov_yernest_v_poiskah_utrachennogo_ya.fb2.zip</filename>
	<title>Цветков Эрнест Анатольевич. В поисках утраченного «Я»</title>
</book>
<book>
	<filename>cvetov_v/cvetov_v_pyatnadcatyi_kamen_sada_reandzi.fb2.zip</filename>
	<title>Цветов В. Я. Пятнадцатый камень сада Реандзи</title>
</book>
<book>
	<filename>cvik_mihayel/cvik_mihayel_besstrashnye.fb2.zip</filename>
	<title>Цвик Михаэль. Бесстрашные</title>
</book>
<book>
	<filename>cybulevskii_b/cybulevskii_b_tegeran_yalta_potsdam.fb2.zip</filename>
	<title>Цыбулевский Б. Л. Тегеран – Ялта – Потсдам</title>
</book>
<book>
	<filename>cygankov_yernest/cygankov_yernest_upravlenie_avtomobilem_v_kriticheskih_situaciyah.fb2.zip</filename>
	<title>Цыганков Эрнест Сергеевич. Управление автомобилем в критических ситуациях</title>
</book>
<book>
	<filename>cyganok_irina/cyganok_irina_nesbyvsheesya_prorochestvo.fb2.zip</filename>
	<title>Цыганок Ирина. Несбывшееся пророчество</title>
</book>
<book>
	<filename>cyganok_irina/cyganok_irina_pechat_smerti.fb2.zip</filename>
	<title>Цыганок Ирина. Печать смерти</title>
</book>
<book>
	<filename>cyganok_irina/cyganok_irina_slabaya_vedma.fb2.zip</filename>
	<title>Цыганок Ирина. Слабая ведьма</title>
</book>
<book>
	<filename>cypkin_leonid/cypkin_leonid_leto_v_badene.fb2.zip</filename>
	<title>Цыпкин Леонид. Лето в Бадене</title>
</book>
<book>
	<filename>cyvina_irina/cyvina_irina_evgenii_evstigneev_narodnyi_artist.fb2.zip</filename>
	<title>Цывина Ирина. Евгений Евстигнеев – народный артист</title>
</book>
<book>
	<filename>czyan_guancy_/czyan_guancy__na_reke_yalunczyan.fb2.zip</filename>
	<title>Цзян Гуан-цы. На реке Ялунцзян</title>
</book>
<book>
	<filename>czyun_cai/czyun_cai_virus.fb2.zip</filename>
	<title>Цзюнь Цай. Вирус</title>
</book>


</books>
