<?xml version="1.0" encoding="UTF-8" ?>
<books>

<book>
	<filename>yacenko_v/yacenko_v_v_gorah_pamira.fb2.zip</filename>
	<title> Яценко В. С. В горах Памира</title>
</book>
<book>
	<filename>yacenko_vladimir/yacenko_vladimir_neshtatnaya_situaciya.fb2.zip</filename>
	<title> Яценко Владимир. Нештатная ситуация</title>
</book>
<book>
	<filename>yaffe_dzhozef/yaffe_dzhozef_up_down_reklama_zhizn_posle_smerti.fb2.zip</filename>
	<title> Яффе Джозеф. Up @ Down. Реклама: жизнь после смерти</title>
</book>
<book>
	<filename>yahontova_marianna/yahontova_marianna_korabli_idut_na_bastiony.fb2.zip</filename>
	<title> Яхонтова Марианна Сергеевна. Корабли идут на бастионы</title>
</book>
<book>
	<filename>yakimov_o/yakimov_o_dorozhnotransportnye_proisshestviya_chasto_zadavaemye_voprosy_obrazcy_dokumentov.fb2.zip</filename>
	<title> Якимов О. Ю. Дорожно-транспортные происшествия часто задаваемые вопросы, образцы документов</title>
</book>
<book>
	<filename>yakimov_sergei/yakimov_sergei_missiya_chuzhaka2.fb2.zip</filename>
	<title> Якимов Сергей. Миссия чужака–2</title>
</book>
<book>
	<filename>yakimov_sergei/yakimov_sergei_missiya_chuzhaka.fb2.zip</filename>
	<title> Якимов Сергей. Миссия чужака</title>
</book>
<book>
	<filename>yakimov_sergei/yakimov_sergei_sataninskii_dar.fb2.zip</filename>
	<title> Якимов Сергей. Сатанинский дар</title>
</book>
<book>
	<filename>yakoreva_a/yakoreva_a_cenoobrazovanie.fb2.zip</filename>
	<title> Якорева А. С. Ценообразование</title>
</book>
<book>
	<filename>yakovleva_a/yakovleva_a_propedevtika_vnutrennih_boleznei.fb2.zip</filename>
	<title> Яковлева А. Ю. Пропедевтика внутренних болезней</title>
</book>
<book>
	<filename>yakovleva_a/yakovleva_a_propedevtika_vnutrennih_boleznei_konspekt_lekcii.fb2.zip</filename>
	<title> Яковлева А. Ю. Пропедевтика внутренних болезней: конспект лекций</title>
</book>
<book>
	<filename>yakovleva_angelina/yakovleva_angelina_yekonomicheskaya_statistika_shpargalka.fb2.zip</filename>
	<title> Яковлева Ангелина Витальевна. Экономическая статистика. Шпаргалка</title>
</book>
<book>
	<filename>yakovleva_marina/yakovleva_marina_grazhdanstvo_registraciya.fb2.zip</filename>
	<title> Яковлева Марина Юрьевна. Гражданство. Регистрация</title>
</book>
<book>
	<filename>yakubenko_nina/yakubenko_nina_shpargalka_po_informacionnomu_pravu.fb2.zip</filename>
	<title> Якубенко Нина Олеговна. Шпаргалка по информационному праву</title>
</book>
<book>
	<filename>yakubovskaya_kseniya/yakubovskaya_kseniya_300_vkusneishih_blyud_za_pyat_minut.fb2.zip</filename>
	<title> Якубовская Ксения Сергеевна. 300 вкуснейших блюд за пять минут!</title>
</book>
<book>
	<filename>yakubovskaya_kseniya/yakubovskaya_kseniya_6000_super_sms.fb2.zip</filename>
	<title> Якубовская Ксения Сергеевна. 6000 супер SMS</title>
</book>
<book>
	<filename>yakubovskaya_kseniya/yakubovskaya_kseniya_blyuda_iz_baklazhanov_i_kabachkov.fb2.zip</filename>
	<title> Якубовская Ксения Сергеевна. Блюда из баклажанов и кабачков</title>
</book>
<book>
	<filename>yakunina_veta/yakunina_veta_lets_go_to_goa.fb2.zip</filename>
	<title> Якунина Вета. Let's go to Гоа</title>
</book>
<book>
	<filename>yamskoi_nikolai/yamskoi_nikolai_kto_bral_reihstag_geroi_po_umolchaniyu.fb2.zip</filename>
	<title> Ямской Николай Петрович. Кто брал Рейхстаг. Герои по умолчанию...</title>
</book>
<book>
	<filename>yanchuk_i/yanchuk_i_chyornaya_kniga_kapitalizma.fb2.zip</filename>
	<title> Янчук И. И. Чёрная книга капитализма</title>
</book>
<book>
	<filename>yang_robert/yang_robert_boginya_v_granite.fb2.zip</filename>
	<title> Янг Роберт Франклин. Богиня в граните</title>
</book>
<book>
	<filename>yang_robert/yang_robert_u_shatrov_kidarskih.fb2.zip</filename>
	<title> Янг Роберт Франклин. У шатров Кидарских</title>
</book>
<book>
	<filename>yang_robert/yang_robert_veter_bogov.fb2.zip</filename>
	<title> Янг Роберт Франклин. Ветер богов</title>
</book>
<book>
	<filename>yankovskii_dmitrii/yankovskii_dmitrii_golos_bulata.fb2.zip</filename>
	<title> Янковский Дмитрий Валентинович. Голос булата</title>
</book>
<book>
	<filename>yankovskii_dmitrii/yankovskii_dmitrii_igra_okonchena.fb2.zip</filename>
	<title> Янковский Дмитрий Валентинович. Игра окончена</title>
</book>
<book>
	<filename>yankovskii_dmitrii/yankovskii_dmitrii_ognennyi_shtorm.fb2.zip</filename>
	<title> Янковский Дмитрий Валентинович. Огненный шторм</title>
</book>
<book>
	<filename>yankovskii_dmitrii/yankovskii_dmitrii_pravilnyi_vybor.fb2.zip</filename>
	<title> Янковский Дмитрий Валентинович. Правильный выбор</title>
</book>
<book>
	<filename>yankovskii_dmitrii/yankovskii_dmitrii_stepen_svobody.fb2.zip</filename>
	<title> Янковский Дмитрий Валентинович. Степень свободы</title>
</book>
<book>
	<filename>yankovskii_dmitrii/yankovskii_dmitrii_vlastelin_veroyatnosti.fb2.zip</filename>
	<title> Янковский Дмитрий Валентинович. Властелин вероятности</title>
</book>
<book>
	<filename>yankovskii_dmitrii/yankovskii_dmitrii_yepicentr_udachi.fb2.zip</filename>
	<title> Янковский Дмитрий Валентинович. Эпицентр удачи</title>
</book>
<book>
	<filename>yankovskii_dmitrii/yankovskii_dmitrii_zhestkii_start.fb2.zip</filename>
	<title> Янковский Дмитрий Валентинович. Жесткий старт</title>
</book>
<book>
	<filename>yankovskii_dmitrii/yankovskii_dmitrii_znak_puti.fb2.zip</filename>
	<title> Янковский Дмитрий Валентинович. Знак Пути</title>
</book>
<book>
	<filename>yanovskaya_olga/yanovskaya_olga_milost_bogov.fb2.zip</filename>
	<title> Яновская Ольга. Милость богов</title>
</book>
<book>
	<filename>yanshevskii_andrei/yanshevskii_andrei_yenciklopediya_sovremennoi_rybalki_lovlya_ryby_poplavochnoi_udochkoi.fb2.zip</filename>
	<title> Яншевский Андрей Владимирович. Энциклопедия современной рыбалки. Ловля рыбы поплавочной удочкой</title>
</book>
<book>
	<filename>yanushko_elena/yanushko_elena_igry_s_autichnym_rebenkom.fb2.zip</filename>
	<title> Янушко Елена. Игры с аутичным ребенком</title>
</book>
<book>
	<filename>yanushko_elena/yanushko_elena_pomogite_malyshu_zagovorit_razvitie_rechi_detei_153_let.fb2.zip</filename>
	<title> Янушко Елена. Помогите малышу заговорить! Развитие речи детей 1,5-3 лет</title>
</book>
<book>
	<filename>yan_vasilii/yan_vasilii_chingishan.fb2.zip</filename>
	<title> Ян Василий. Чингисхан</title>
</book>
<book>
	<filename>yan_vasilii/yan_vasilii_chto_luchshe.fb2.zip</filename>
	<title> Ян Василий. Что лучше?</title>
</book>
<book>
	<filename>yan_vasilii/yan_vasilii_golubaya_soika_zaratustry.fb2.zip</filename>
	<title> Ян Василий. Голубая сойка Заратустры</title>
</book>
<book>
	<filename>yan_vasilii/yan_vasilii_molotoboicy.fb2.zip</filename>
	<title> Ян Василий. Молотобойцы</title>
</book>
<book>
	<filename>yan_vasilii/yan_vasilii_ovidii_v_izgnanii.fb2.zip</filename>
	<title> Ян Василий. Овидий в изгнании</title>
</book>
<book>
	<filename>yan_vasilii/yan_vasilii_partizanskaya_vyderzhka_ili_valenki_letom.fb2.zip</filename>
	<title> Ян Василий. Партизанская выдержка, или Валенки летом</title>
</book>
<book>
	<filename>yan_vasilii/yan_vasilii_plavilshiki_vandzha.fb2.zip</filename>
	<title> Ян Василий. Плавильщики Ванджа</title>
</book>
<book>
	<filename>yan_vasilii/yan_vasilii_skomoroshya_poteha.fb2.zip</filename>
	<title> Ян Василий. Скоморошья потеха</title>
</book>
<book>
	<filename>yan_vasilii/yan_vasilii_tryum_i_paluba.fb2.zip</filename>
	<title> Ян Василий. Трюм и палуба</title>
</book>
<book>
	<filename>yan_vasilii/yan_vasilii_v_orlinom_gnezde_starca_gory.fb2.zip</filename>
	<title> Ян Василий. В орлином гнезде «Старца горы»</title>
</book>
<book>
	<filename>yan_vasilii/yan_vasilii_vozvrashenie_mechty.fb2.zip</filename>
	<title> Ян Василий. Возвращение мечты</title>
</book>
<book>
	<filename>yan_vasilii/yan_vasilii_v_peskah_karakuma.fb2.zip</filename>
	<title> Ян Василий. В песках Каракума</title>
</book>
<book>
	<filename>yan_vasilii/yan_vasilii_zagadka_ozera_karanor.fb2.zip</filename>
	<title> Ян Василий. Загадка озера Кара-Нор</title>
</book>
<book>
	<filename>yarev_andrei/yarev_andrei_cvetom_sveta.fb2.zip</filename>
	<title> Ярев Андрей. Цветом света</title>
</book>
<book>
	<filename>yaroslavcev_s/yaroslavcev_s_dyavol_sredi_lyudei.fb2.zip</filename>
	<title> Ярославцев С. Дьявол среди людей</title>
</book>
<book>
	<filename>yaroslavcev_s/yaroslavcev_s_podrobnosti_zhizni_nikity_voroncova.fb2.zip</filename>
	<title> Ярославцев С. Подробности жизни Никиты Воронцова</title>
</book>
<book>
	<filename>yaroslavcev_s/yaroslavcev_s_yekspediciya_v_preispodnyuyu.fb2.zip</filename>
	<title> Ярославцев С. Экспедиция в преисподнюю</title>
</book>
<book>
	<filename>yasinskii_andzhei/yasinskii_andzhei_nik.fb2.zip</filename>
	<title> Ясинский Анджей. Ник</title>
</book>

</books>
