<?xml version="1.0" encoding="UTF-8" ?>
<books>

<book>
	<filename>zabokov_mihail/zabokov_mihail_besedka_puteshestvie_perekoshennogo_dualista.fb2.zip</filename>
	<title> Забоков Михаил. Беседка. Путешествие перекошенного дуалиста</title>
</book>
<book>
	<filename>zagornyi_anatolii/zagornyi_anatolii_kamennaya_grud.fb2.zip</filename>
	<title> Загорный Анатолий Гаврилович. Каменная грудь</title>
</book>
<book>
	<filename>zagorodnikov_s/zagorodnikov_s_finansovyi_menedzhment_shpargalka.fb2.zip</filename>
	<title> Загородников С. В. Финансовый менеджмент. Шпаргалка</title>
</book>
<book>
	<filename>zaharenko_olga/zaharenko_olga_gimnastika_dlya_sosudov.fb2.zip</filename>
	<title> Захаренко Ольга Викторовна. Гимнастика для сосудов</title>
</book>
<book>
	<filename>zaharenko_olga/zaharenko_olga_luchshie_cyganskie_gadaniya.fb2.zip</filename>
	<title> Захаренко Ольга Викторовна. Лучшие цыганские гадания</title>
</book>
<book>
	<filename>zaharin_v/zaharin_v_nematerialnye_aktivy_buhgalterskii_i_nalogovyi_uchet.fb2.zip</filename>
	<title> Захарьин В. Р. Нематериальные активы: бухгалтерский и налоговый учет</title>
</book>
<book>
	<filename>zaharin_v/zaharin_v_raschety_s_podotchetnymi_licami_buhgalterskii_uchet_i_nalogooblozhenie.fb2.zip</filename>
	<title> Захарьин В. Р. Расчеты с подотчетными лицами: бухгалтерский учет и налогообложение.</title>
</book>
<book>
	<filename>zaharova_natalya/zaharova_natalya_tematicheskoe_i_pourochnoe_planirovanie_po_biologii_7_klass.fb2.zip</filename>
	<title> Захарова Наталья Юрьевна. Тематическое и поурочное планирование по биологии. 7 класс</title>
</book>
<book>
	<filename>zaharov_denis/zaharov_denis_udarivshii_boga.fb2.zip</filename>
	<title> Захаров Денис. Ударивший Бога</title>
</book>
<book>
	<filename>zaharov_roman/zaharov_roman_dyhanie_drakona.fb2.zip</filename>
	<title> Захаров Роман. Дыхание дракона</title>
</book>
<book>
	<filename>zaharov_roman/zaharov_roman_magicheskii_zhezl.fb2.zip</filename>
	<title> Захаров Роман. Магический жезл</title>
</book>
<book>
	<filename>zaharov_roman/zaharov_roman_pohishennyi_naslednik.fb2.zip</filename>
	<title> Захаров Роман. Похищенный наследник</title>
</book>
<book>
	<filename>zaharov_roman/zaharov_roman_probuzhdenie_vulkana.fb2.zip</filename>
	<title> Захаров Роман. Пробуждение вулкана</title>
</book>
<book>
	<filename>zaharov_roman/zaharov_roman_taina_dzhunglei.fb2.zip</filename>
	<title> Захаров Роман. Тайна джунглей</title>
</book>
<book>
	<filename>zaharov_vladimir/zaharov_vladimir_noveishaya_yenciklopediya_personalnogo_kompyutera_2008.fb2.zip</filename>
	<title> Захаров Владимир. Новейшая энциклопедия персонального компьютера 2008</title>
</book>
<book>
	<filename>zaharov_vladimir/zaharov_vladimir_noveishii_samouchitel_raboty_na_personalnom_kompyutere.fb2.zip</filename>
	<title> Захаров Владимир. Новейший самоучитель работы на персональном компьютере</title>
</book>
<book>
	<filename>zahermazoh_leopold/zahermazoh_leopold_amur_s_kapralskoi_trostyu.fb2.zip</filename>
	<title> Захер-Мазох Леопольд фон. Амур с капральской тростью</title>
</book>
<book>
	<filename>zahermazoh_leopold/zahermazoh_leopold_asma.fb2.zip</filename>
	<title> Захер-Мазох Леопольд фон. Асма</title>
</book>
<book>
	<filename>zahermazoh_leopold/zahermazoh_leopold_damskaya_duyel.fb2.zip</filename>
	<title> Захер-Мазох Леопольд фон. Дамская дуэль</title>
</book>
<book>
	<filename>zahermazoh_leopold/zahermazoh_leopold_didro_v_peterburge.fb2.zip</filename>
	<title> Захер-Мазох Леопольд фон. Дидро в Петербурге</title>
</book>
<book>
	<filename>zahermazoh_leopold/zahermazoh_leopold_doch_petra_velikogo.fb2.zip</filename>
	<title> Захер-Мазох Леопольд фон. Дочь Петра Великого</title>
</book>
<book>
	<filename>zahermazoh_leopold/zahermazoh_leopold_elizaveta_i_fridrih_velikii.fb2.zip</filename>
	<title> Захер-Мазох Леопольд фон. Елизавета и Фридрих Великий</title>
</book>
<book>
	<filename>zahermazoh_leopold/zahermazoh_leopold_gubitelnica_dush.fb2.zip</filename>
	<title> Захер-Мазох Леопольд фон. Губительница душ</title>
</book>
<book>
	<filename>zahermazoh_leopold/zahermazoh_leopold_iskusstvo_stat_lyubimym.fb2.zip</filename>
	<title> Захер-Мазох Леопольд фон. Искусство стать любимым</title>
</book>
<book>
	<filename>zahermazoh_leopold/zahermazoh_leopold_nemilost_lyuboi_cenoi.fb2.zip</filename>
	<title> Захер-Мазох Леопольд фон. Немилость любой ценой</title>
</book>
<book>
	<filename>zahermazoh_leopold/zahermazoh_leopold_neron_v_krinoline.fb2.zip</filename>
	<title> Захер-Мазох Леопольд фон. Нерон в кринолине</title>
</book>
<book>
	<filename>zahermazoh_leopold/zahermazoh_leopold_podrugi.fb2.zip</filename>
	<title> Захер-Мазох Леопольд фон. Подруги</title>
</book>
<book>
	<filename>zahermazoh_leopold/zahermazoh_leopold_ryzhie_volosy.fb2.zip</filename>
	<title> Захер-Мазох Леопольд фон. Рыжие волосы</title>
</book>
<book>
	<filename>zahermazoh_leopold/zahermazoh_leopold_tainy_gornostaya.fb2.zip</filename>
	<title> Захер-Мазох Леопольд фон. Тайны горностая</title>
</book>
<book>
	<filename>zahermazoh_leopold/zahermazoh_leopold_teodora.fb2.zip</filename>
	<title> Захер-Мазох Леопольд фон. Теодора</title>
</book>
<book>
	<filename>zahermazoh_leopold/zahermazoh_leopold_tolko_mertvye_bolshe_ne_vozvrashayutsya.fb2.zip</filename>
	<title> Захер-Мазох Леопольд фон. Только мертвые больше не возвращаются</title>
</book>
<book>
	<filename>zahermazoh_leopold/zahermazoh_leopold_venera_i_adonis.fb2.zip</filename>
	<title> Захер-Мазох Леопольд фон. Венера и Адонис</title>
</book>
<book>
	<filename>zahermazoh_leopold/zahermazoh_leopold_vlasta.fb2.zip</filename>
	<title> Захер-Мазох Леопольд фон. Власта</title>
</book>
<book>
	<filename>zahermazoh_leopold/zahermazoh_leopold_vtoraya_molodost.fb2.zip</filename>
	<title> Захер-Мазох Леопольд фон. Вторая молодость</title>
</book>
<book>
	<filename>zahermazoh_leopold/zahermazoh_leopold_zhenshina_na_storozhevom_postu.fb2.zip</filename>
	<title> Захер-Мазох Леопольд фон. Женщина на сторожевом посту</title>
</book>
<book>
	<filename>zahermazoh_leopold/zahermazoh_leopold_zhenshinasirena.fb2.zip</filename>
	<title> Захер-Мазох Леопольд фон. Женщина-сирена</title>
</book>
<book>
	<filename>zahermazoh_leopold/zahermazoh_leopold_zhivaya_skamya.fb2.zip</filename>
	<title> Захер-Мазох Леопольд фон. Живая скамья</title>
</book>
<book>
	<filename>zaiceva_irina/zaiceva_irina_bolshaya_kniga_testov_uznai_sebya_i_svoih_blizkih.fb2.zip</filename>
	<title> Зайцева Ирина Александровна. Большая книга тестов. Узнай себя и своих близких</title>
</book>
<book>
	<filename>zaiceva_irina/zaiceva_irina_dressiruem_sobaku.fb2.zip</filename>
	<title> Зайцева Ирина Александровна. Дрессируем собаку</title>
</book>
<book>
	<filename>zaiceva_irina/zaiceva_irina_fitnes_protiv_ozhireniya.fb2.zip</filename>
	<title> Зайцева Ирина Александровна. Фитнес против ожирения</title>
</book>
<book>
	<filename>zaiceva_irina/zaiceva_irina_gadaem_na_rozhdestvo_luchshie_gadaniya.fb2.zip</filename>
	<title> Зайцева Ирина Александровна. Гадаем на Рождество. Лучшие гадания</title>
</book>
<book>
	<filename>zaiceva_irina/zaiceva_irina_hiromantiya_lyubov_schaste_bogatstvo_na_vashei_ruke_gadanie_na_vse_vremena.fb2.zip</filename>
	<title> Зайцева Ирина Александровна. Хиромантия – любовь, счастье, богатство на вашей руке. Гадание на все времена</title>
</book>
<book>
	<filename>zaiceva_irina/zaiceva_irina_kak_navsegda_izbavitsya_ot_boli_v_sustavah.fb2.zip</filename>
	<title> Зайцева Ирина Александровна. Как навсегда избавиться от боли в суставах</title>
</book>
<book>
	<filename>zaiceva_irina/zaiceva_irina_mangal_kazan_barbekyu.fb2.zip</filename>
	<title> Зайцева Ирина Александровна. Мангал, казан, барбекю</title>
</book>
<book>
	<filename>zaiceva_irina/zaiceva_irina_mangal_kazan_barbekyu_vkusneishie_blyuda_muzhskimi_rukami.fb2.zip</filename>
	<title> Зайцева Ирина Александровна. Мангал, казан, барбекю. Вкуснейшие блюда мужскими руками</title>
</book>
<book>
	<filename>zaiceva_irina/zaiceva_irina_medicina_kotoraya_vas_razoryaet.fb2.zip</filename>
	<title> Зайцева Ирина Александровна. Медицина, которая вас разоряет</title>
</book>
<book>
	<filename>zaiceva_irina/zaiceva_irina_nedvizhimost_kotoraya_vas_razoryaet.fb2.zip</filename>
	<title> Зайцева Ирина Александровна. Недвижимость, которая вас разоряет</title>
</book>
<book>
	<filename>zaiceva_irina/zaiceva_irina_ozherelovye_i_drugie_kolchatye_popugai.fb2.zip</filename>
	<title> Зайцева Ирина Александровна. Ожереловые и другие кольчатые попугаи</title>
</book>
<book>
	<filename>zaiceva_irina/zaiceva_irina_perekis_vodoroda_v_lechenii_i_ochishenii_organizma.fb2.zip</filename>
	<title> Зайцева Ирина Александровна. Перекись водорода в лечении и очищении организма</title>
</book>
<book>
	<filename>zaiceva_irina/zaiceva_irina_priobretaem_i_prodaem_dachu.fb2.zip</filename>
	<title> Зайцева Ирина Александровна. Приобретаем и продаем дачу</title>
</book>
<book>
	<filename>zaiceva_irina/zaiceva_irina_priobretaem_i_prodaem_mashinu.fb2.zip</filename>
	<title> Зайцева Ирина Александровна. Приобретаем и продаем машину</title>
</book>
<book>
	<filename>zaiceva_irina/zaiceva_irina_sekretnye_rezultaty_opytov_klonirovaniya_skolko_ih_sredi_nas.fb2.zip</filename>
	<title> Зайцева Ирина Александровна. Секретные результаты опытов клонирования. Сколько их среди нас?</title>
</book>
<book>
	<filename>zaiceva_irina/zaiceva_irina_vse_o_domashnem_hlebe_luchshie_recepty.fb2.zip</filename>
	<title> Зайцева Ирина Александровна. Все о домашнем хлебе. Лучшие рецепты</title>
</book>
<book>
	<filename>zaicev_aleksei/zaicev_aleksei_anfisa.fb2.zip</filename>
	<title> Зайцев Алексей. Анфиса</title>
</book>
<book>
	<filename>zaicev_aleksei/zaicev_aleksei_bananovaya_istoriya.fb2.zip</filename>
	<title> Зайцев Алексей. Банановая история</title>
</book>
<book>
	<filename>zaicev_aleksei/zaicev_aleksei_bessonnica.fb2.zip</filename>
	<title> Зайцев Алексей. Бессонница</title>
</book>
<book>
	<filename>zaicev_aleksei/zaicev_aleksei_boloto.fb2.zip</filename>
	<title> Зайцев Алексей. Болото</title>
</book>
<book>
	<filename>zaicev_aleksei/zaicev_aleksei_bormochushie_zhenshiny.fb2.zip</filename>
	<title> Зайцев Алексей. Бормочущие женщины</title>
</book>
<book>
	<filename>zaicev_aleksei/zaicev_aleksei_boyazn_noskov.fb2.zip</filename>
	<title> Зайцев Алексей. Боязнь носков</title>
</book>
<book>
	<filename>zaicev_aleksei/zaicev_aleksei_chelovek_s_zontom.fb2.zip</filename>
	<title> Зайцев Алексей. Человек с зонтом</title>
</book>
<book>
	<filename>zaicev_aleksei/zaicev_aleksei_chernyi_yashik.fb2.zip</filename>
	<title> Зайцев Алексей. Черный ящик</title>
</book>
<book>
	<filename>zaicev_aleksei/zaicev_aleksei_domik_knizhnogo_chervya.fb2.zip</filename>
	<title> Зайцев Алексей. Домик книжного червя</title>
</book>
<book>
	<filename>zaicev_aleksei/zaicev_aleksei_dom_plachushih_angelov.fb2.zip</filename>
	<title> Зайцев Алексей. Дом плачущих ангелов</title>
</book>
<book>
	<filename>zaicev_aleksei/zaicev_aleksei_dve_dorogi.fb2.zip</filename>
	<title> Зайцев Алексей. Две дороги</title>
</book>
<book>
	<filename>zaicev_aleksei/zaicev_aleksei_fantaziya.fb2.zip</filename>
	<title> Зайцев Алексей. Фантазия</title>
</book>
<book>
	<filename>zaicev_aleksei/zaicev_aleksei_francuzskii_pocelui.fb2.zip</filename>
	<title> Зайцев Алексей. Французский поцелуй</title>
</book>
<book>
	<filename>zaicev_aleksei/zaicev_aleksei_garpii.fb2.zip</filename>
	<title> Зайцев Алексей. Гарпии</title>
</book>
<book>
	<filename>zaicev_aleksei/zaicev_aleksei_guby.fb2.zip</filename>
	<title> Зайцев Алексей. Губы</title>
</book>
<book>
	<filename>zaicev_aleksei/zaicev_aleksei_harakiri_dlya_vozlyublennoi.fb2.zip</filename>
	<title> Зайцев Алексей. Харакири для возлюбленной</title>
</book>
<book>
	<filename>zaicev_aleksei/zaicev_aleksei_igry_vremeni.fb2.zip</filename>
	<title> Зайцев Алексей. Игры времени</title>
</book>
<book>
	<filename>zaicev_aleksei/zaicev_aleksei_inyan.fb2.zip</filename>
	<title> Зайцев Алексей. Инь-Ян</title>
</book>
<book>
	<filename>zaicev_aleksei/zaicev_aleksei_ischeznovenie_arfy.fb2.zip</filename>
	<title> Зайцев Алексей. Исчезновение арфы</title>
</book>
<book>
	<filename>zaicev_aleksei/zaicev_aleksei_istina.fb2.zip</filename>
	<title> Зайцев Алексей. Истина</title>
</book>
<book>
	<filename>zaicev_aleksei/zaicev_aleksei_istinnaya_vozlyublennaya.fb2.zip</filename>
	<title> Зайцев Алексей. Истинная возлюбленная</title>
</book>
<book>
	<filename>zaicev_aleksei/zaicev_aleksei_istoriya_princa_luzera.fb2.zip</filename>
	<title> Зайцев Алексей. История принца Лузера</title>
</book>
<book>
	<filename>zaicev_aleksei/zaicev_aleksei_istoriya_vashei_bolezni.fb2.zip</filename>
	<title> Зайцев Алексей. История вашей болезни</title>
</book>
<book>
	<filename>zaicev_aleksei/zaicev_aleksei_karabkatsya_k_svetu.fb2.zip</filename>
	<title> Зайцев Алексей. Карабкаться к свету</title>
</book>
<book>
	<filename>zaicev_aleksei/zaicev_aleksei_katenka.fb2.zip</filename>
	<title> Зайцев Алексей. Катенька</title>
</book>
<book>
	<filename>zaicev_aleksei/zaicev_aleksei_knizhnye_chervi_i_karlos_kastaneda.fb2.zip</filename>
	<title> Зайцев Алексей. Книжные черви и Карлос Кастанеда</title>
</book>
<book>
	<filename>zaicev_aleksei/zaicev_aleksei_koren_mandragory.fb2.zip</filename>
	<title> Зайцев Алексей. Корень мандрагоры</title>
</book>
<book>
	<filename>zaicev_aleksei/zaicev_aleksei_kozhanye_shtany.fb2.zip</filename>
	<title> Зайцев Алексей. Кожаные штаны</title>
</book>
<book>
	<filename>zaicev_aleksei/zaicev_aleksei_krabovoe_svidanie_s_koketkoi.fb2.zip</filename>
	<title> Зайцев Алексей. Крабовое свидание с кокеткой</title>
</book>
<book>
	<filename>zaicev_aleksei/zaicev_aleksei_krab_za_shtorami.fb2.zip</filename>
	<title> Зайцев Алексей. Краб за шторами</title>
</book>
<book>
	<filename>zaicev_aleksei/zaicev_aleksei_krovavyi_meri.fb2.zip</filename>
	<title> Зайцев Алексей. Кровавый Мери</title>
</book>
<book>
	<filename>zaicev_aleksei/zaicev_aleksei_krysy.fb2.zip</filename>
	<title> Зайцев Алексей. Крысы</title>
</book>
<book>
	<filename>zaicev_aleksei/zaicev_aleksei_lapa_drakona.fb2.zip</filename>
	<title> Зайцев Алексей. Лапа дракона</title>
</book>
<book>
	<filename>zaicev_aleksei/zaicev_aleksei_lico.fb2.zip</filename>
	<title> Зайцев Алексей. Лицо</title>
</book>
<book>
	<filename>zaicev_aleksei/zaicev_aleksei_mertvaya_babochka.fb2.zip</filename>
	<title> Зайцев Алексей. Мертвая бабочка</title>
</book>
<book>
	<filename>zaicev_aleksei/zaicev_aleksei_mirrerium.fb2.zip</filename>
	<title> Зайцев Алексей. Миррериум</title>
</book>
<book>
	<filename>zaicev_aleksei/zaicev_aleksei_monastyrskie_myshi.fb2.zip</filename>
	<title> Зайцев Алексей. Монастырские мыши</title>
</book>
<book>
	<filename>zaicev_aleksei/zaicev_aleksei_ne_dozhdavshis.fb2.zip</filename>
	<title> Зайцев Алексей. Не дождавшись</title>
</book>
<book>
	<filename>zaicev_aleksei/zaicev_aleksei_neokonchennye_romany.fb2.zip</filename>
	<title> Зайцев Алексей. Неоконченные романы</title>
</book>
<book>
	<filename>zaicev_aleksei/zaicev_aleksei_nevesta.fb2.zip</filename>
	<title> Зайцев Алексей. Невеста</title>
</book>
<book>
	<filename>zaicev_aleksei/zaicev_aleksei_nezhnost.fb2.zip</filename>
	<title> Зайцев Алексей. Нежность</title>
</book>
<book>
	<filename>zaicev_aleksei/zaicev_aleksei_nozh.fb2.zip</filename>
	<title> Зайцев Алексей. Нож</title>
</book>
<book>
	<filename>zaicev_aleksei/zaicev_aleksei_orlinoe_pero.fb2.zip</filename>
	<title> Зайцев Алексей. Орлиное перо</title>
</book>
<book>
	<filename>zaicev_aleksei/zaicev_aleksei_osen.fb2.zip</filename>
	<title> Зайцев Алексей. Осень</title>
</book>
<book>
	<filename>zaicev_aleksei/zaicev_aleksei_over.fb2.zip</filename>
	<title> Зайцев Алексей. Over</title>
</book>
<book>
	<filename>zaicev_aleksei/zaicev_aleksei_pchela.fb2.zip</filename>
	<title> Зайцев Алексей. Пчела</title>
</book>
<book>
	<filename>zaicev_aleksei/zaicev_aleksei_pesochnye_chasy.fb2.zip</filename>
	<title> Зайцев Алексей. Песочные часы</title>
</book>
<book>
	<filename>zaicev_aleksei/zaicev_aleksei_pisatel_i_sem_krugov_ada.fb2.zip</filename>
	<title> Зайцев Алексей. Писатель и семь кругов ада</title>
</book>
<book>
	<filename>zaicev_aleksei/zaicev_aleksei_pisma_grafa_de_la_fer.fb2.zip</filename>
	<title> Зайцев Алексей. Письма графа Де ла Фер</title>
</book>
<book>
	<filename>zaicev_aleksei/zaicev_aleksei_piyavki.fb2.zip</filename>
	<title> Зайцев Алексей. Пиявки</title>
</book>
<book>
	<filename>zaicev_aleksei/zaicev_aleksei_pokidaya_moi_mir.fb2.zip</filename>
	<title> Зайцев Алексей. Покидая мой мир</title>
</book>
<book>
	<filename>zaicev_aleksei/zaicev_aleksei_pro_feyu.fb2.zip</filename>
	<title> Зайцев Алексей. Про фею</title>
</book>
<book>
	<filename>zaicev_aleksei/zaicev_aleksei_pryamo_v_grud.fb2.zip</filename>
	<title> Зайцев Алексей. Прямо в грудь</title>
</book>
<book>
	<filename>zaicev_aleksei/zaicev_aleksei_rabota_knizhnogo_hirurga.fb2.zip</filename>
	<title> Зайцев Алексей. Работа книжного хирурга</title>
</book>
<book>
	<filename>zaicev_aleksei/zaicev_aleksei_raki.fb2.zip</filename>
	<title> Зайцев Алексей. Раки</title>
</book>
<book>
	<filename>zaicev_aleksei/zaicev_aleksei_sdelka.fb2.zip</filename>
	<title> Зайцев Алексей. Сделка</title>
</book>
<book>
	<filename>zaicev_aleksei/zaicev_aleksei_sem_palcev.fb2.zip</filename>
	<title> Зайцев Алексей. Семь пальцев</title>
</book>
<book>
	<filename>zaicev_aleksei/zaicev_aleksei_shum.fb2.zip</filename>
	<title> Зайцев Алексей. Шум</title>
</book>
<book>
	<filename>zaicev_aleksei/zaicev_aleksei_skoraya_pomosh.fb2.zip</filename>
	<title> Зайцев Алексей. «Скорая помощь»</title>
</book>
<book>
	<filename>zaicev_aleksei/zaicev_aleksei_snegoviki.fb2.zip</filename>
	<title> Зайцев Алексей. Снеговики</title>
</book>
<book>
	<filename>zaicev_aleksei/zaicev_aleksei_son.fb2.zip</filename>
	<title> Зайцев Алексей. Сон</title>
</book>
<book>
	<filename>zaicev_aleksei/zaicev_aleksei_s_pervogo_vzglyada.fb2.zip</filename>
	<title> Зайцев Алексей. С первого взгляда</title>
</book>
<book>
	<filename>zaicev_aleksei/zaicev_aleksei_spyashaya_krasavica.fb2.zip</filename>
	<title> Зайцев Алексей. Спящая Красавица</title>
</book>
<book>
	<filename>zaicev_aleksei/zaicev_aleksei_staraya_el.fb2.zip</filename>
	<title> Зайцев Алексей. Старая ель</title>
</book>
<book>
	<filename>zaicev_aleksei/zaicev_aleksei_steklyannaya_dver.fb2.zip</filename>
	<title> Зайцев Алексей. Стеклянная дверь</title>
</book>
<book>
	<filename>zaicev_aleksei/zaicev_aleksei_tma.fb2.zip</filename>
	<title> Зайцев Алексей. Тьма</title>
</book>
<book>
	<filename>zaicev_aleksei/zaicev_aleksei_tot_kto_ubil_kennedi.fb2.zip</filename>
	<title> Зайцев Алексей. Тот, кто убил Кеннеди</title>
</book>
<book>
	<filename>zaicev_aleksei/zaicev_aleksei_tuman.fb2.zip</filename>
	<title> Зайцев Алексей. Туман</title>
</book>
<book>
	<filename>zaicev_aleksei/zaicev_aleksei_ukradennoe_serdce.fb2.zip</filename>
	<title> Зайцев Алексей. Украденное сердце</title>
</book>
<book>
	<filename>zaicev_aleksei/zaicev_aleksei_vasilisk.fb2.zip</filename>
	<title> Зайцев Алексей. Василиск</title>
</book>
<book>
	<filename>zaicev_aleksei/zaicev_aleksei_velosipedisty.fb2.zip</filename>
	<title> Зайцев Алексей. Велосипедисты</title>
</book>
<book>
	<filename>zaicev_aleksei/zaicev_aleksei_volshebnyi_kompas.fb2.zip</filename>
	<title> Зайцев Алексей. Волшебный компас</title>
</book>
<book>
	<filename>zaicev_aleksei/zaicev_aleksei_v_pravyi_visok.fb2.zip</filename>
	<title> Зайцев Алексей. В правый висок</title>
</book>
<book>
	<filename>zaicev_aleksei/zaicev_aleksei_vsya_pravda_o_gamlete.fb2.zip</filename>
	<title> Зайцев Алексей. Вся правда о Гамлете</title>
</book>
<book>
	<filename>zaicev_aleksei/zaicev_aleksei_yeto_byl_ne_son.fb2.zip</filename>
	<title> Зайцев Алексей. Это был не сон</title>
</book>
<book>
	<filename>zaicev_aleksei/zaicev_aleksei_zabroshennyi_dom.fb2.zip</filename>
	<title> Зайцев Алексей. Заброшенный дом</title>
</book>
<book>
	<filename>zaicev_aleksei/zaicev_aleksei_zapisi_lanselota.fb2.zip</filename>
	<title> Зайцев Алексей. Записи Ланселота</title>
</book>
<book>
	<filename>zaicev_aleksei/zaicev_aleksei_zapiski_na_chernyh_kamnyah.fb2.zip</filename>
	<title> Зайцев Алексей. Записки на черных камнях</title>
</book>
<book>
	<filename>zaicev_aleksei/zaicev_aleksei_zhivoi_kashtan.fb2.zip</filename>
	<title> Зайцев Алексей. Живой каштан</title>
</book>
<book>
	<filename>zaicev_aleksei/zaicev_aleksei_zleishii_vrag.fb2.zip</filename>
	<title> Зайцев Алексей. Злейший враг</title>
</book>
<book>
	<filename>zaiceva_olga/zaiceva_olga_dekorativnye_cvety_iz_tkani_bumagi_kozhi_prakticheskoe_rukovodstvo.fb2.zip</filename>
	<title> Зайцева Ольга Вячеславовна. Декоративные цветы из ткани, бумаги, кожи: Практическое руководство</title>
</book>
<book>
	<filename>zaiceva_olga/zaiceva_olga_loskutnoe_shite_prakticheskoe_rukovodstvo.fb2.zip</filename>
	<title> Зайцева Ольга Вячеславовна. Лоскутное шитье: Практическое руководство</title>
</book>
<book>
	<filename>zaicev_mihail/zaicev_mihail_ayelita.fb2.zip</filename>
	<title> Зайцев Михаил Георгиевич. А-Элита</title>
</book>
<book>
	<filename>zaicev_mihail/zaicev_mihail_rys_v_kapkane.fb2.zip</filename>
	<title> Зайцев Михаил Георгиевич. Рысь в капкане</title>
</book>
<book>
	<filename>zaicev_mihail/zaicev_mihail_zheleznaya_zhaba.fb2.zip</filename>
	<title> Зайцев Михаил Георгиевич. Железная жаба</title>
</book>
<book>
	<filename>zaicev_sergei/zaicev_sergei_doroga_domoi.fb2.zip</filename>
	<title> Зайцев Сергей Григорьевич. Дорога домой</title>
</book>
<book>
	<filename>zaicev_sergei/zaicev_sergei_kuyenkyei.fb2.zip</filename>
	<title> Зайцев Сергей Григорьевич. Куэнкэй</title>
</book>
<book>
	<filename>zaicev_sergei/zaicev_sergei_neproshenyi_gost.fb2.zip</filename>
	<title> Зайцев Сергей Григорьевич. Непрошеный гость</title>
</book>
<book>
	<filename>zaicev_sergei/zaicev_sergei_prizraki_pustoshi.fb2.zip</filename>
	<title> Зайцев Сергей Григорьевич. Призраки Пустоши</title>
</book>
<book>
	<filename>zaicev_sergei/zaicev_sergei_udachnaya_nahodka.fb2.zip</filename>
	<title> Зайцев Сергей Григорьевич. Удачная находка</title>
</book>
<book>
	<filename>zaicev_sergei/zaicev_sergei_vozvrashenie_k_istoku.fb2.zip</filename>
	<title> Зайцев Сергей Григорьевич. Возвращение к истоку</title>
</book>
<book>
	<filename>zaicev_viktor/zaicev_viktor_bliny_blinchiki_oladi_i_oladushki.fb2.zip</filename>
	<title> Зайцев Виктор Борисович. Блины, блинчики, оладьи и оладушки</title>
</book>
<book>
	<filename>zaicev_viktor/zaicev_viktor_lechenie_molochnym_gribom.fb2.zip</filename>
	<title> Зайцев Виктор Борисович. Лечение молочным грибом</title>
</book>
<book>
	<filename>zaicev_viktor/zaicev_viktor_novogodnie_rozygryshi_i_prikoly.fb2.zip</filename>
	<title> Зайцев Виктор Борисович. Новогодние розыгрыши и приколы</title>
</book>
<book>
	<filename>zaicev_viktor/zaicev_viktor_novogodnie_sms.fb2.zip</filename>
	<title> Зайцев Виктор Борисович. Новогодние SMS</title>
</book>
<book>
	<filename>zaicev_viktor/zaicev_viktor_novogodnie_tosty_i_pozdravleniya.fb2.zip</filename>
	<title> Зайцев Виктор Борисович. Новогодние тосты и поздравления</title>
</book>
<book>
	<filename>zaicev_viktor/zaicev_viktor_novogodnyaya_korporativnaya_vecherinka.fb2.zip</filename>
	<title> Зайцев Виктор Борисович. Новогодняя корпоративная вечеринка</title>
</book>
<book>
	<filename>zaicev_viktor/zaicev_viktor_pelmeni_i_manty_chebureki_i_belyashi.fb2.zip</filename>
	<title> Зайцев Виктор Борисович. Пельмени и манты, чебуреки и беляши</title>
</book>
<book>
	<filename>zaicev_viktor/zaicev_viktor_pelmeni_i_manty_chebureki_i_belyashi_luchshie_recepty.fb2.zip</filename>
	<title> Зайцев Виктор Борисович. Пельмени и манты, чебуреки и беляши. Лучшие рецепты</title>
</book>
<book>
	<filename>zaicev_viktor/zaicev_viktor_salaty_k_novogodnemu_stolu.fb2.zip</filename>
	<title> Зайцев Виктор Богданович. Салаты к новогоднему столу</title>
</book>
<book>
	<filename>zaicev_viktor/zaicev_viktor_sovremennyi_domashnii_medicinskii_spravochnik_profilaktika_lechenie_yekstrennaya_pomosh.fb2.zip</filename>
	<title> Зайцев Виктор Борисович. Современный домашний медицинский справочник. Профилактика, лечение, экстренная помощь</title>
</book>
<book>
	<filename>zaicev_viktor/zaicev_viktor_tochno_vovremya_15minutnye_kulinarnye_recepty_v_usloviyah_ostroi_nehvatki_vremeni.fb2.zip</filename>
	<title> Зайцев Виктор Борисович. Точно вовремя. 15-минутные кулинарные рецепты в условиях острой нехватки времени</title>
</book>
<book>
	<filename>zaicev_viktor/zaicev_viktor_velikolepnaya_kniga_zakusok_ot_derevenskogo_zastolya_do_svetskogo_priema.fb2.zip</filename>
	<title> Зайцев Виктор Борисович. Великолепная книга закусок. От деревенского застолья до светского приема</title>
</book>
<book>
	<filename>zaionchkovskii_oleg/zaionchkovskii_oleg_schaste_vozmozhno_roman_nashego_vremeni.fb2.zip</filename>
	<title> Зайончковский Олег Викторович. Счастье возможно: роман нашего времени</title>
</book>
<book>
	<filename>zakrevskaya_olesya/zakrevskaya_olesya_sposoby_obespecheniya_obyazatelstv_po_dogovoram_sudebnaya_praktika_po_sporam_za_neispolnenie_obyazatelstv.fb2.zip</filename>
	<title> Закревская Олеся Викторовна. Способы обеспечения обязательств по договорам. Судебная практика по спорам за неисполнение обязательств</title>
</book>
<book>
	<filename>zalcman_myerian/zalcman_myerian_novyi_muzhchina_marketing_glazami_zhenshin.fb2.zip</filename>
	<title> Зальцман Мэриан. Новый мужчина: маркетинг глазами женщин</title>
</book>
<book>
	<filename>zalesskii_konstantin/zalesskii_konstantin_krigsmarine_voennomorskoi_flot_tretego_reiha.fb2.zip</filename>
	<title> Залесский Константин. Кригсмарине. Военно-морской флот Третьего рейха</title>
</book>
<book>
	<filename>zamlelova_svetlana/zamlelova_svetlana_abramka.fb2.zip</filename>
	<title> Замлелова Светлана. Абрамка</title>
</book>
<book>
	<filename>zamlelova_svetlana/zamlelova_svetlana_anamnez.fb2.zip</filename>
	<title> Замлелова Светлана. Анамнез</title>
</book>
<book>
	<filename>zamlelova_svetlana/zamlelova_svetlana_bednaya_rodstvennica.fb2.zip</filename>
	<title> Замлелова Светлана. Бедная родственница</title>
</book>
<book>
	<filename>zamlelova_svetlana/zamlelova_svetlana_bezzabotnye.fb2.zip</filename>
	<title> Замлелова Светлана. Беззаботные</title>
</book>
<book>
	<filename>zamlelova_svetlana/zamlelova_svetlana_bludnye_deti.fb2.zip</filename>
	<title> Замлелова Светлана. Блудные дети</title>
</book>
<book>
	<filename>zamlelova_svetlana/zamlelova_svetlana_brodyaga.fb2.zip</filename>
	<title> Замлелова Светлана. Бродяга</title>
</book>
<book>
	<filename>zamlelova_svetlana/zamlelova_svetlana_fedka.fb2.zip</filename>
	<title> Замлелова Светлана. Федька</title>
</book>
<book>
	<filename>zamlelova_svetlana/zamlelova_svetlana_gnostiki_i_farisei.fb2.zip</filename>
	<title> Замлелова Светлана. Гностики и фарисеи</title>
</book>
<book>
	<filename>zamlelova_svetlana/zamlelova_svetlana_kolco.fb2.zip</filename>
	<title> Замлелова Светлана. Кольцо</title>
</book>
<book>
	<filename>zamlelova_svetlana/zamlelova_svetlana_kovarnaya_lyuska.fb2.zip</filename>
	<title> Замлелова Светлана. Коварная Люська</title>
</book>
<book>
	<filename>zamlelova_svetlana/zamlelova_svetlana_krasnyi_den_kalendarya.fb2.zip</filename>
	<title> Замлелова Светлана. Красный день календаря</title>
</book>
<book>
	<filename>zamlelova_svetlana/zamlelova_svetlana_kvartira.fb2.zip</filename>
	<title> Замлелова Светлана. Квартира</title>
</book>
<book>
	<filename>zamlelova_svetlana/zamlelova_svetlana_lugin_i_besy.fb2.zip</filename>
	<title> Замлелова Светлана. Лугин и бесы</title>
</book>
<book>
	<filename>zamlelova_svetlana/zamlelova_svetlana_moskovskie_tipy.fb2.zip</filename>
	<title> Замлелова Светлана. Московские типы</title>
</book>
<book>
	<filename>zamlelova_svetlana/zamlelova_svetlana_musya.fb2.zip</filename>
	<title> Замлелова Светлана. Муся</title>
</book>
<book>
	<filename>zamlelova_svetlana/zamlelova_svetlana_odna.fb2.zip</filename>
	<title> Замлелова Светлана. Одна</title>
</book>
<book>
	<filename>zamlelova_svetlana/zamlelova_svetlana_pavlusha.fb2.zip</filename>
	<title> Замлелова Светлана. Павлуша</title>
</book>
<book>
	<filename>zamlelova_svetlana/zamlelova_svetlana_petrovna.fb2.zip</filename>
	<title> Замлелова Светлана. Петровна</title>
</book>
<book>
	<filename>zamlelova_svetlana/zamlelova_svetlana_pravda.fb2.zip</filename>
	<title> Замлелова Светлана. Правда</title>
</book>
<book>
	<filename>zamlelova_svetlana/zamlelova_svetlana_ptichka.fb2.zip</filename>
	<title> Замлелова Светлана. Птичка</title>
</book>
<book>
	<filename>zamlelova_svetlana/zamlelova_svetlana_rasskaz_gostya_stolicy.fb2.zip</filename>
	<title> Замлелова Светлана. Рассказ гостя столицы</title>
</book>
<book>
	<filename>zamlelova_svetlana/zamlelova_svetlana_rasskaz_s_prodolzheniem.fb2.zip</filename>
	<title> Замлелова Светлана. Рассказ с продолжением</title>
</book>
<book>
	<filename>zamlelova_svetlana/zamlelova_svetlana_razocharovanie.fb2.zip</filename>
	<title> Замлелова Светлана. Разочарование</title>
</book>
<book>
	<filename>zamlelova_svetlana/zamlelova_svetlana_semeinaya_drama.fb2.zip</filename>
	<title> Замлелова Светлана. Семейная драма</title>
</book>
<book>
	<filename>zamlelova_svetlana/zamlelova_svetlana_skvernoe_proisshestvie.fb2.zip</filename>
	<title> Замлелова Светлана. Скверное происшествие</title>
</book>
<book>
	<filename>zamlelova_svetlana/zamlelova_svetlana_sluchai_v_bane.fb2.zip</filename>
	<title> Замлелова Светлана. Случай в бане</title>
</book>
<book>
	<filename>zamlelova_svetlana/zamlelova_svetlana_sluchai_v_petrovske.fb2.zip</filename>
	<title> Замлелова Светлана. Случай в Петровске</title>
</book>
<book>
	<filename>zamlelova_svetlana/zamlelova_svetlana_suhareva_bashnya.fb2.zip</filename>
	<title> Замлелова Светлана. Сухарева башня</title>
</book>
<book>
	<filename>zamlelova_svetlana/zamlelova_svetlana_sumasshedshii.fb2.zip</filename>
	<title> Замлелова Светлана. Сумасшедший</title>
</book>
<book>
	<filename>zamlelova_svetlana/zamlelova_svetlana_svadba.fb2.zip</filename>
	<title> Замлелова Светлана. Свадьба</title>
</book>
<book>
	<filename>zamlelova_svetlana/zamlelova_svetlana_tvar.fb2.zip</filename>
	<title> Замлелова Светлана. Тварь</title>
</book>
<book>
	<filename>zamlelova_svetlana/zamlelova_svetlana_v_suzdal.fb2.zip</filename>
	<title> Замлелова Светлана. В Суздаль!</title>
</book>
<book>
	<filename>zamlelova_svetlana/zamlelova_svetlana_yemigrantka.fb2.zip</filename>
	<title> Замлелова Светлана. Эмигрантка</title>
</book>
<book>
	<filename>zamlelova_svetlana/zamlelova_svetlana_zanaveski.fb2.zip</filename>
	<title> Замлелова Светлана. Занавески</title>
</book>
<book>
	<filename>zamlelova_svetlana/zamlelova_svetlana_zimnyaya_byl.fb2.zip</filename>
	<title> Замлелова Светлана. Зимняя быль</title>
</book>
<book>
	<filename>zamyatkin_nikolai/zamyatkin_nikolai_vas_nevozmozhno_nauchit_inostrannomu_yazyku.fb2.zip</filename>
	<title> Замяткин Николай Федорович. Вас невозможно научить иностранному языку</title>
</book>
<book>
	<filename>zapashnyi_yedgar/zapashnyi_yedgar_kak_my_dressiruem_sobak.fb2.zip</filename>
	<title> Запашный Эдгар. Как мы дрессируем собак</title>
</book>
<book>
	<filename>zapevalin_oleg/zapevalin_oleg_tosty_zamorochki.fb2.zip</filename>
	<title> Запевалин Олег. Тосты – заморочки</title>
</book>
<book>
	<filename>zapivalin_oleg/zapivalin_oleg_kavkazskie_tosty.fb2.zip</filename>
	<title> Запивалин Олег. Кавказские тосты</title>
</book>
<book>
	<filename>zaslavskii_aleksandr/zaslavskii_aleksandr_iskusstvo_flirta_i_obolsheniya.fb2.zip</filename>
	<title> Заславский Александр. Искусство флирта и обольщения</title>
</book>
<book>
	<filename>zaslavskii_ilya/zaslavskii_ilya_delo_truba_bakutbilisidzheihan_i_kazahstanskii_vybor_na_kaspii.fb2.zip</filename>
	<title> Заславский Илья. Дело труба. Баку-Тбилиси-Джейхан и казахстанский выбор на Каспии</title>
</book>
<book>
	<filename>zavgorodnii_boris/zavgorodnii_boris_ros_kvadratnaya_iznachalnaya.fb2.zip</filename>
	<title> Завгородний Борис Александрович. Рось квадратная, изначальная</title>
</book>
<book>
	<filename>zavrazhnyh_maksim/zavrazhnyh_maksim_agrarnoe_pravo.fb2.zip</filename>
	<title> Завражных Максим Львович. Аграрное право</title>
</book>
<book>
	<filename>zavrazhnyh_maksim/zavrazhnyh_maksim_agrarnoe_pravo_konspekt_lekcii.fb2.zip</filename>
	<title> Завражных Максим Львович. Аграрное право: конспект лекций</title>
</book>
<book>
	<filename>zefirov_mihail/zefirov_mihail_teni_nad_zapolyarem_deistviya_lyuftvaffe_protiv_sovetskogo_severnogo_flota_i_soyuznyh_konvoev.fb2.zip</filename>
	<title> Зефиров Михаил Вадимович. Тени над Заполярьем: Действия Люфтваффе против советского Северного флота и союзных конвоев</title>
</book>
<book>
	<filename>zefirov_mihail/zefirov_mihail_vse_dlya_fronta_kak_na_samom_dele_kovalas_pobeda.fb2.zip</filename>
	<title> Зефиров Михаил Вадимович. Все для фронта? Как на самом деле ковалась победа</title>
</book>
<book>
	<filename>zelenec_varvara/zelenec_varvara_varvara_i_hozyaiki_pohyoly.fb2.zip</filename>
	<title> Зеленец Варвара. Варвара и хозяйки Похъёлы</title>
</book>
<book>
	<filename>zelenec_varvara/zelenec_varvara_varvara_i_zolotaya_baba.fb2.zip</filename>
	<title> Зеленец Варвара. Варвара и Золотая Баба</title>
</book>
<book>
	<filename>zelenec_varvara/zelenec_varvara_zlaya_vedma_varvara.fb2.zip</filename>
	<title> Зеленец Варвара. Злая ведьма Варвара</title>
</book>
<book>
	<filename>zelenkina_svetlana/zelenkina_svetlana_massazh_pri_migreni.fb2.zip</filename>
	<title> Зеленкина Светлана Владимировна. Массаж при мигрени</title>
</book>
<book>
	<filename>zelenkina_svetlana/zelenkina_svetlana_prudy_fontany_kaskady_vodoemy.fb2.zip</filename>
	<title> Зеленкина Светлана Владимировна. Пруды, фонтаны, каскады, водоемы</title>
</book>
<book>
	<filename>zelenogorskii_valerii/zelenogorskii_valerii_anatomiya_lyubvi_ili_zhenshiny_glazami_cheloveka.fb2.zip</filename>
	<title> Зеленогорский Валерий. «Анатомия» любви, или Женщины глазами человека</title>
</book>
<book>
	<filename>zelenogorskii_valerii/zelenogorskii_valerii_o_lyubvi_sbornik.fb2.zip</filename>
	<title> Зеленогорский Валерий. О любви (сборник)</title>
</book>
<book>
	<filename>zelenogorskii_valerii/zelenogorskii_valerii_v_lesu_bylo_nakureno_yepizod_1.fb2.zip</filename>
	<title> Зеленогорский Валерий. В лесу было накурено… Эпизод 1</title>
</book>
<book>
	<filename>zelenogorskii_valerii/zelenogorskii_valerii_v_lesu_bylo_nakureno_yepizod_2.fb2.zip</filename>
	<title> Зеленогорский Валерий. В лесу было накурено… Эпизод 2</title>
</book>
<book>
	<filename>zelenogorskii_valerii/zelenogorskii_valerii_v_lesu_bylo_nakureno_yepizod_3.fb2.zip</filename>
	<title> Зеленогорский Валерий. В лесу было накурено… Эпизод 3</title>
</book>
<book>
	<filename>zelenogorskii_valerii/zelenogorskii_valerii_v_lesu_bylo_nakureno_yepizod_4.fb2.zip</filename>
	<title> Зеленогорский Валерий. В лесу было накурено… Эпизод 4</title>
</book>
<book>
	<filename>zemlyanoi_andrei/zemlyanoi_andrei_odin_na_million.fb2.zip</filename>
	<title> Земляной Андрей. Один на миллион</title>
</book>
<book>
	<filename>zemlyanoi_andrei/zemlyanoi_andrei_proekt_oboroten.fb2.zip</filename>
	<title> Земляной Андрей. Проект «Оборотень»</title>
</book>
<book>
	<filename>zemlyanoi_andrei/zemlyanoi_andrei_uspet_do_radugi.fb2.zip</filename>
	<title> Земляной Андрей. Успеть до радуги</title>
</book>
<book>
	<filename>zemlyanskaya_margarita/zemlyanskaya_margarita_9_druzei_zhenshiny.fb2.zip</filename>
	<title> Землянская Маргарита. 9 друзей женщины</title>
</book>
<book>
	<filename>zemlyanskaya_margarita/zemlyanskaya_margarita_kak_spasti_vzaimootnosheniya.fb2.zip</filename>
	<title> Землянская Маргарита. Как спасти взаимоотношения</title>
</book>
<book>
	<filename>zemlyanskaya_margarita/zemlyanskaya_margarita_muzhchina_i_zhenshina_pravda_i_mify_o_vzaimootnosheniyah_lyubov_seks_deti_rabota.fb2.zip</filename>
	<title> Землянская Маргарита. Мужчина и женщина: правда и мифы о взаимоотношениях. Любовь. Секс. Дети. Работа</title>
</book>
<book>
	<filename>zemlyanskaya_margarita/zemlyanskaya_margarita_prakticheskaya_psihologiya_dlya_malchikov.fb2.zip</filename>
	<title> Землянская Маргарита. Практическая психология для мальчиков</title>
</book>
<book>
	<filename>zevelova_elena/zevelova_elena_tainik_velikogo_knyazya.fb2.zip</filename>
	<title> Зевелова Елена. Тайник Великого князя</title>
</book>

</books>
