<?xml version="1.0"?>
<?xml-stylesheet type="text/xsl" href="iis_z_content.get?iname=answer-form-column.xsl&pmode=details"?>
<xroot showempty="0">
	<xdata>
		<x_page_duration value="0.00"/>
		<ext_blocks_stage/>
	</xdata>
	<aux>
		<auxitem name="log_id">3594653</auxitem>
		<auxitem name="inst_id"/>
		<auxitem name="more_records">0</auxitem>
		<auxitem name="call_type">n</auxitem>
		<auxitem name="a_layout"/>
		<auxitem name="external_system_off">0</auxitem>
		<auxitem name="ext_block_count">0</auxitem>
		<auxitem name="ext_block_waited">0</auxitem>
		<auxitem name="form_id">126777</auxitem>
		<auxitem name="zngin2lz_version">1,2,5,2</auxitem>
		<auxitem name="username">TEST_RL</auxitem>
		<auxitem name="userid">190</auxitem>
		<auxitem name="count_only_threshold">30</auxitem>
		<auxitem name="instance"/>
		<auxitem name="web_admin">1</auxitem>
		<auxitem name="analytic_role">1</auxitem>
		<auxitem name="transform">client</auxitem>
		<auxitem name="log_priority">1</auxitem>
		<auxitem name="tree_records_limit">10</auxitem>
		<auxitem name="records_count">0</auxitem>
		<auxitem name="request_id">482555</auxitem>
		<auxitem name="page_no">1</auxitem>
		<auxitem id="records_per_page" name="records_per_page">12</auxitem>
		<auxitem name="answer_mode">answer</auxitem>
		<auxitem name="fieldcells">2</auxitem>
		<auxitem name="listonly">0</auxitem>
		<auxitem name="show_list">1</auxitem>
		<auxitem name="show_details">1</auxitem>
		<auxitem name="records_limit">1000</auxitem>
		<auxitem name="record_no">0</auxitem>
		<auxitem name="records_per_obj">5</auxitem>
		<auxitem name="start_record"/>
		<auxitem name="request_time">12.11.2015 15:19:19</auxitem>
		<auxitem name="request_duration">1.94</auxitem>
		<auxitem name="request_condition">&lt;rc&gt;
&lt;b n="Žurnāls [pieprasījums]"&gt;
&lt;f n="Datums"&gt;12.11.2015&lt;/f&gt;
&lt;f n="Pieprasījuma veids"&gt;WEB MEKLĒŠANA&lt;/f&gt;
&lt;f n="Rezultāts"&gt;VISI&lt;/f&gt;
&lt;/b&gt;
&lt;/rc&gt;
</auxitem>
		<auxitem name="page_duration">0</auxitem>
		<auxitem name="presetid"/>
		<auxitem name="bpresetid"/>
		<auxitem name="overwrite_detail_max_rec">0</auxitem>
		<auxitem name="list_count">0</auxitem>
		<auxitem name="records_list"/>
		<auxitem name="store_page_xml">0</auxitem>
		<auxitem name="use_object_audit">1</auxitem>
		<auxitem name="lf">126777:0</auxitem>
		<auxitem name="date">12.11.2015</auxitem>
		<auxitem name="time">15:19:25</auxitem>
		<auxitem name="userfio">TEST TEST</auxitem>
		<auxitem name="viewed">0</auxitem>
		<auxitem name="adv_list">0</auxitem>
		<auxitem name="call_showme">1</auxitem>
		<auxitem name="tree_view">0</auxitem>
		<auxitem name="u_job">TEST AMATS</auxitem>
		<auxitem name="u_email">oli@ic.iem.gov.lv</auxitem>
		<auxitem name="u_contact">TEST TALR</auxitem>
		<auxitem name="u_department">IEM INFORMĀCIJAS CENTRS (IC)</auxitem>
	</aux>
	<service>
		<info name="queue_status" value="1"/>
	</service>
	<in_params>
		<fld id="z_126779_126783_left">12.11.2015</fld>
		<fld id="z_126779_126785">z</fld>
		<fld id="x_z_126779_126785">WEB MEKLĒŠANA</fld>
		<fld id="x_z_126779_126797">Visi</fld>
		<fld id="z_126811_126811">0</fld>
		<fld id="x_126811_expando_count">3</fld>
	</in_params>
	<forms_nav>
		<frm form_itself="1" frame="0"/>
	</forms_nav>
	<displayaux>
		<auxitem fixed="1" name="records_count" text="Atrasti ieraksti">0</auxitem>
		<auxitem fixed="1" name="pageno_vs_total" text="Lappuse">1/1</auxitem>
		<auxitem fixed="1" name="records_list" text="Atlasītie ieraksti"/>
		<auxitem fixed="1" name="block_preset" text="Atlasītie bloki"/>
		<auxitem name="records_per_page" text="Ieraksti lappusē">12</auxitem>
		<auxitem name="records_limit" text="Maks. ierakstu skaits">1000</auxitem>
		<auxitem fixed="1" name="request_time" text="Datums">12.11.2015 15:19:19</auxitem>
		<auxitem fixed="1" name="user_name" text="Lietotājs">TEST TEST</auxitem>
		<auxitem name="request_duration" text="Pieprasījuma izpildes laiks">1.94 secundes</auxitem>
		<auxitem name="request_condition" print="1" text="Pieprasījuma nosacījumi"/>
		<auxitem name="page_duration" text="Lappuses formēšanas laiks"/>
		<auxitem name="result_duration" text="Atbildes formēšanas laiks">1.03 secundes</auxitem>
	</displayaux>
	<rcond>
		<rc>
			<b n="Žurnāls [pieprasījums]">
				<f n="Datums">12.11.2015</f>
				<f n="Pieprasījuma veids">WEB MEKLĒŠANA</f>
				<f n="Rezultāts">VISI</f>
			</b>
		</rc>
	</rcond>
	<xdisplay cdate="12.11.2015 15:17:08">
		<xform id="126777" lower_param="1" name="journal_r_std" pos="" title="Žurnāls [pieprasījums]">
			<xrow id="1" type="block-form">
				<xblock id="126779" name="jr_main" pos="4" query_sort="request_id">
					<xref name="view_result"/>
					<xrow id="2" type="ordinary1">
						<xgroup id="126781" name="r_date_grp" pos="2" processed="0" type="range">
							<xfield id="126783" name="r_date" pos="3" required="1" textbefore="Datums" visible="1"/>
						</xgroup>
						<xfield id="126785" name="request_type" pos="3" required="1" textbefore="Pieprasījuma veids" visible="1"/>
						<xfield checkall="1" def_visi="1" id="126787" name="task" pos="4" textbefore="Uzdevums" visible="1"/>
					</xrow>
					<xrow id="3" type="br">
						<xfield id="126789" name="r_user" pos="6" textbefore="Lietotājs" visible="1"/>
						<xfield id="126791" name="r_iestade" pos="7" textbefore="Iestāde" visible="1"/>
						<xfield id="126793" name="ip_addr" pos="8" textbefore="IP Adrese" visible="1"/>
					</xrow>
					<xrow id="4" type="br">
						<xfield id="126795" name="r_time" pos="10" textbefore="Laiks" visible="1"/>
					</xrow>
					<xrow id="5" type="br">
						<xfield id="126807" name="records_count" pos="13" textbefore="Ierakstu atrasts" visible="1"/>
						<xfield id="126809" name="request_duration" pos="14" textbefore="Izpildes laiks" visible="1"/>
					</xrow>
					<xrow id="6" type="block-nobr">
						<xblock id="126811" multigroup="3" name="b_cond" pos="15" title="Nosacījums">
							<xrow id="7" type="ordinary1">
								<xfield apply_xsl="1" context="1" id="126814" name="condition" pos="3" showlen="50" textbefore="Nosacījums" upper="1" visible="1" xml_data="1"/>
							</xrow>
						</xblock>
					</xrow>
					<xrow id="8" info="field" type="ordinary2">
						<xfield dbget="iis_w_tools.sel_ruser_info(r_user)" id="126817" name="r_user_info" pos="16" textbefore="Lietotāja info" virt="1" visible="1"/>
						<xfield id="126942" name="request_id" pos="19"/>
						<xfield id="126943" name="task_id" pos="20"/>
						<xfield id="126944" name="log_id" pos="21"/>
						<xfield id="126945" name="more_records" pos="22"/>
						<xfield id="126946" name="req_type" pos="23"/>
						<xfield id="126952" name="plugin" pos="24"/>
					</xrow>
				</xblock>
			</xrow>
		</xform>
		<xreference>
			<xref name="view_result" text="View result" trg_form="result://">
				<xfield src="z_126779_126952" trg="plugin"/>
				<xfield src="z_126779_126942" trg="request_id"/>
				<xfield src="z_126779_126946" trg="req_type"/>
				<xfield src="z_126779_126789" trg="r_user"/>
				<xfield src="z_126779_126807" trg="records_count"/>
				<xfield src="z_126779_126943" trg="task_id"/>
				<xfield src="z_126779_126944" trg="log_id"/>
				<xfield src="z_126779_126945" trg="more_records"/>
			</xref>
		</xreference>
	</xdisplay>
</xroot>
