<?xml version="1.0"?>
<?xml-stylesheet type="text/xsl" href="iis_z_content.get?iname=answer-form-column.xsl&pmode=details"?>
<xroot showempty="0">
	<xdisplay>
		<xform id="340629" name="web_kat" pos="" title="Uzskaišu kategorijas">
			<xrow id="1" type="block-form">
				<xblock id="401089" name="pers_kat" navigable="1" pos="3" r_separator="#hr" ref="kat_to_kat_pers" title="Personas pamatdati">
					<xrow id="2" type="ordinary1">
						<xfield id="401093" name="meklesana" pos="6" textbefore="Meklēšana" visible="1"/>
						<xfield id="401095" name="status_kod" pos="7" textbefore="Statuss" visible="1"/>
					</xrow>
					<xrow id="3" type="block-nobr">
						<xblock id="401097" name="pers_fio1" pos="8">
							<xrow id="7" info="block" type="ordinary2">
								<xblock id="401111" name="pers_dati1" pos="2">
									<xrow id="8" type="ordinary1">
										<xfield cnv_case_r="U" cnv_mode="S" cnv_type="400" id="401115" name="pkod1" pos="3" textbefore="Personas kods"/>
										<xfield id="401117" name="v_pkod" pos="4" textbefore="Personas kods" virt="1" visible="1">
											<xfunction exec="post-query" id="401119" name="show_pkod" pos="4" type="join">
												<xfunction field="z_401111_401115" id="401120" length="6" name="pkod_1_substr" pos="3" position="1" type="substr"/>
												<xparam id="401124" name="p2" pos="4" type="value">-</xparam>
												<xfunction field="z_401111_401115" id="401125" name="pkod_2_substr" pos="5" position="7" type="substr"/>
											</xfunction>
											<xfstyle ftype="answer" id="401128" mode="style" name="bb" pos="5" scope="value">
												<xfsother id="401129" name="fs" pos="4">font-weight:bold;</xfsother>
											</xfstyle>
										</xfield>
									</xrow>
									<xrow id="9" type="br">
										<xfield id="401130" name="fam1" pos="6" showlen="25" textbefore="Uzvārds" visible="1">
											<xfstyle ftype="answer" id="401133" mode="style" name="bb" pos="6" scope="value">
												<xfsother id="401134" name="fs" pos="4">font-weight:bold;</xfsother>
											</xfstyle>
										</xfield>
										<xfield id="401135" name="imj1" pos="7" showlen="20" textbefore="Vārds" visible="1">
											<xfstyle ftype="answer" id="401138" mode="style" name="bb" pos="6" scope="value">
												<xfsother id="401139" name="fs" pos="4">font-weight:bold;</xfsother>
											</xfstyle>
										</xfield>
									</xrow>
									<xrow id="10" type="br">
										<xfield id="401140" name="otch1" pos="9" showlen="30" textbefore="Tēva vārds" visible="1"/>
										<xgroup id="401143" name="gr_dz_e" pos="10" type="range">
											<xgroup d_format="dd.mm.gggg" format="124" id="401144" name="dz_e" pos="2" textbefore="Dzimšanas datums" type="date">
												<xfield id="401147" name="dz_dd" pos="4" visible="1"/>
												<xfield id="401148" name="dz_mm" pos="5" visible="1"/>
												<xfield id="401149" name="dz_gggg" pos="6" visible="1"/>
											</xgroup>
										</xgroup>
									</xrow>
								</xblock>
							</xrow>
							<xrow id="11" info="block" type="ordinary2">
								<xblock id="401150" name="pol" pos="3">
									<xrow id="12" type="ordinary1">
										<xfield id="401151" name="dzimums" pos="1" textbefore="Dzimums" visible="1"/>
									</xrow>
								</xblock>
							</xrow>
							<xrow id="13" info="block" type="ordinary2">
								<xblock id="401153" name="pers_dati_arch1" numbered="1" pos="4" r_separator="#hr" tab_rows="1" title="Vecie personas dati">
									<xrow id="14" type="ordinary1">
										<xfield cnv_case_r="U" cnv_mode="S" cnv_type="400" id="401157" name="pkod1" pos="6" textbefore="Personas kods"/>
										<xfield id="401159" name="v_pkod" pos="7" textbefore="Personas kods" virt="1" visible="1">
											<xfunction exec="post-query" id="401161" name="show_pkod" pos="4" type="join">
												<xfunction field="z_401153_401157" id="401162" length="6" name="pkod_1_substr" pos="3" position="1" type="substr"/>
												<xparam id="401166" name="p2" pos="4" type="value">-</xparam>
												<xfunction field="z_401153_401157" id="401167" name="pkod_2_substr" pos="5" position="7" type="substr"/>
											</xfunction>
										</xfield>
										<xfield id="401170" name="fam1" pos="8" showlen="25" textbefore="Uzvārds" visible="1"/>
										<xfield id="401173" name="imj1" pos="9" showlen="20" textbefore="Vārds" visible="1"/>
										<xfield id="401176" name="imj2" pos="10" textbefore="Vārds 2" visible="1"/>
									</xrow>
									<xrow id="15" type="br">
										<xfield id="401178" name="otch1" pos="12" showlen="30" textbefore="Tēva vārds" visible="1"/>
									</xrow>
									<xrow id="16" type="br">
										<xgroup d_format="dd.mm.gggg" format="124" id="401181" name="dza" pos="14" textbefore="Dzimšanas datums" type="date">
											<xfield id="401183" name="dz_dd" pos="3" visible="1"/>
											<xfield id="401184" name="dz_mm" pos="4" visible="1"/>
											<xfield id="401185" name="dz_gggg" pos="5" visible="1"/>
										</xgroup>
									</xrow>
								</xblock>
							</xrow>
						</xblock>
					</xrow>
					<xrow id="17" info="field" type="ordinary2">
						<xfield id="401186" name="valsts" pos="9" textbefore="Valstiskā piederība" visible="1"/>
					</xrow>
					<xrow id="18" type="br">
						<xfield id="401188" name="pilson" pos="11" textbefore="Valstiskās piederības veids" visible="1"/>
					</xrow>
					<xrow id="19" type="br">
						<xgroup id="401190" name="mirs_dat_gr" pos="13" type="range">
							<xfield id="401191" name="mirs_dat" pos="2" textbefore="Miršanas datums" visible="1"/>
						</xgroup>
						<xfield id="401193" name="ser_num" pos="14" textbefore="Miršanas apliecības Nr." visible="1"/>
					</xrow>
					<xrow id="20" type="block-nobr">
						<xblock id="401195" name="adr_pers5" navigable="1" numbered="1" pos="15" r_separator="#hr" sort="nvl(archive_stat,0)" tab_rows="1" title="Personas reģistrētā adrese">
							<xrow id="21" type="ordinary1">
								<xfield id="401201" name="archive_stat" pos="9" textbefore="Statuss"/>
								<xfield id="401203" name="s_adr_tip_kod" pos="10" textbefore="Adreses veids" visible="1"/>
							</xrow>
							<xrow id="22" type="block-nobr">
								<xblock id="401205" name="dz_adr" pos="11">
									<xrow id="23" type="ordinary1">
										<xfield id="401206" name="valsts" pos="1" textbefore="Valsts" visible="1"/>
										<xfield id="401208" name="rajons" pos="2" textbefore="Novads" visible="1"/>
									</xrow>
									<xrow id="24" type="br">
										<xfield id="401210" name="pilseta" pos="4" textbefore="Pilsēta/Pagasts" visible="1"/>
										<xfield id="401212" name="ciems" pos="5" textbefore="Ciems" visible="1"/>
									</xrow>
									<xrow id="25" type="br">
										<xfield id="401214" name="maja_text" pos="7" textbefore="Viensēta" visible="1"/>
									</xrow>
									<xrow id="26" type="br">
										<xfield id="401216" name="iela" pos="9" textbefore="Iela" visible="1"/>
										<xfield id="401218" name="iela_text" pos="10" textbefore="Iela teksts" visible="1"/>
									</xrow>
									<xrow id="27" type="br">
										<xfield abbr="m." id="401220" name="maja" pos="12" showlen="8" textbefore="Māja" visible="1"/>
										<xfield abbr="k." id="401224" name="korpus" pos="13" textbefore="Korpuss" visible="1"/>
										<xfield abbr="dz." id="401227" name="dziv" pos="14" showlen="8" textbefore="Dzīvoklis" visible="1"/>
									</xrow>
									<xrow id="28" type="br">
										<xfield id="401231" name="telefon" pos="16" textbefore="Tālrunis" visible="1"/>
									</xrow>
									<xrow id="29" type="br">
										<xfield id="401233" name="adr_text" pos="18" showlen="70" textbefore="Adrese (teksts)" visible="1"/>
									</xrow>
									<xrow id="30" type="br">
										<xfield id="401236" name="adr_id" pos="20"/>
									</xrow>
								</xblock>
							</xrow>
							<xrow id="31" info="field" type="ordinary2">
								<xfield id="401237" name="adr_id" pos="12"/>
							</xrow>
						</xblock>
					</xrow>
					<xrow id="32" info="block" type="ordinary2">
						<xblock id="401238" name="kat" navigable="1" pos="16" r_separator="#hr" title="Uzskaišu kategorijas">
							<xrow id="33" type="ordinary1">
								<xfield id="401244" name="archive_stat" pos="6" queryfunc="1" textbefore="Statuss" visible="1">
									<xfstyle ftype="answer" id="401250" mode="style" name="a_style" pos="6" scope="value">
										<xfsother id="401251" name="fsother" pos="4">color:green;font-weight:bold;</xfsother>
									</xfstyle>
								</xfield>
								<xfield id="401252" name="uzsk_kat_kod" pos="7" textbefore="Kategorija" visible="1"/>
								<xgroup id="401254" name="datums_no_gr" pos="8" type="range">
									<xfield id="401255" name="datums_no" pos="2" textbefore="Uzskaitē ņemšanas/Lēmuma datums" visible="1"/>
								</xgroup>
								<xfield id="403947" name="datums_lidz" pos="9" textbefore="Uzskaitē ņemšanas/Lēmuma datums līdz" visible="1"/>
								<xfield id="401258" name="kl_num" pos="10" textbefore="Uzskaites/Lietas numurs" visible="1"/>
								<xfield id="401260" name="iestade_kod" pos="11" textbefore="Reģistrācijas/Lēmumpieņēmēj iestāde" visible="1"/>
								<xfield id="403930" name="valsts_kod" pos="12" textbefore="Ārvalsts" visible="1"/>
								<xfield id="401263" name="sast_uzv1" pos="14" showlen="25" textbefore="Uzvārds" visible="1"/>
								<xfield id="401266" name="sast_var1" pos="15" showlen="20" textbefore="Vārds" visible="1"/>
								<xfield id="401269" name="sast_amats1" pos="16" showlen="25" textbefore="Amats" visible="1"/>
								<xfield id="401272" name="sast_kontakt1" pos="17" showlen="25" textbefore="Kontaktinf." visible="1"/>
								<xfield id="401276" name="uzv" pos="19" showlen="25" textbefore="Uzvārds" visible="1"/>
								<xfield id="401279" name="var" pos="20" showlen="20" textbefore="Vārds" visible="1"/>
								<xfield id="401282" name="amats" pos="21" showlen="25" textbefore="Amats" visible="1"/>
								<xfield id="401285" name="kontakt" pos="22" showlen="25" textbefore="Kontaktinf." visible="1"/>
								<xgroup id="401288" name="partr_date_gr" pos="24" type="range">
									<xfield id="401289" name="partr_date" pos="2" textbefore="Noņemts no uzskaites pirms termiņa" visible="1"/>
								</xgroup>
								<xfield id="401291" name="partr_iestade_kod" pos="25" textbefore="Noņemšanas iestāde" visible="1"/>
								<xfield id="403932" name="partr_valsts_kod" pos="26" textbefore="Ārvalsts" visible="1"/>
								<xfield defvalue="^#

" id="401293" name="uzsk_kat_id" pos="28">^#

</xfield>
							</xrow>
							<xrow id="34" type="block-nobr">
								<xblock id="401294" name="kat_mat" pos="29">
									<xrow id="35" type="ordinary1">
										<xfield cnv_case_r="U" cnv_mode="S" cnv_type="14" id="401295" name="numurs" pos="1" textbefore="Krimināllieta" visible="1"/>
										<xgroup id="401297" name="datums_ieros_gr" pos="2" type="range">
											<xfield id="401298" name="datums_ieros" pos="2" textbefore="Lietas datums" visible="1"/>
										</xgroup>
									</xrow>
									<xrow id="36" type="br">
										<xgroup dotted="1" id="401300" name="reg_dat" pos="4" textbefore="Lietas datums (gggg.mm)" type="set">
											<xfield id="401302" maxlen="4" name="reg_gg" pos="4" showlen="4" visible="1"/>
											<xfield id="401305" maxlen="2" name="reg_mm" pos="5" showlen="2" visible="1"/>
										</xgroup>
										<xfield id="401308" name="iestade_kod" pos="5" textbefore="Iestāde k/l" visible="1"/>
									</xrow>
								</xblock>
							</xrow>
							<xrow id="37" info="block" type="ordinary2">
								<xblock id="401310" name="s_pant_uzsk_kat" pos="30">
									<xrow id="38" type="ordinary1">
										<xblock id="401312" name="pant" pos="2">
											<xrow id="39" type="ordinary1">
												<xfield id="401313" name="pant_veid_kod" pos="1" textbefore="Kodeksa veids" visible="1"/>
												<xgroup dotted="1" id="401315" name="pant_zime_dala_apdala" pos="2" textbefore="Pants, zīme, daļa, punkts" type="set">
													<xfield id="401317" name="pants" pos="4" visible="1"/>
													<xfield id="401318" name="zime" pos="5" visible="1"/>
													<xfield id="401319" name="dala" pos="6" visible="1"/>
													<xfield id="401320" name="apaks_dala" pos="7" visible="1"/>
												</xgroup>
											</xrow>
										</xblock>
									</xrow>
									<xrow id="40" info="field" type="ordinary2">
										<xfield id="401321" name="pant_id" pos="3"/>
									</xrow>
								</xblock>
							</xrow>
							<xrow id="41" info="block" type="ordinary2">
								<xblock id="401322" name="adr_nav" pos="31" title="Ierobežojumi/Uzliktie pienākumi un aizliegumi">
									<xrow id="42" type="ordinary1">
										<xfield id="401327" name="a_adr_nav" pos="3" textbefore="Persona ir bez noteiktas dzīves vietas" visible="1">
											<xfunction exec="post-query" id="401329" name="decode_adr_nav" pos="5" type="decode">
												<xparam id="401330" name="p1" pos="3" type="value">1</xparam>
												<xparam id="401331" name="p2" pos="4" type="value">JĀ</xparam>
											</xfunction>
										</xfield>
										<xfield id="401332" name="uzsk_kat_id" pos="4"/>
										<xfield id="401333" name="piezimes" pos="5" showlen="60" textbefore="Piezīmes/ierobežojumi" visible="1"/>
									</xrow>
								</xblock>
							</xrow>
							<xrow id="43" info="block" type="ordinary2">
								<xblock id="401336" name="adr_ogranich" navigable="1" numbered="1" pos="32" r_separator="#hr" sort="nvl(archive_stat,0)" tab_rows="1" title="Adrese/ierobežojumi">
									<xrow id="44" type="ordinary1">
										<xfield id="401342" name="archive_stat" pos="9" textbefore="Statuss" visible="1"/>
									</xrow>
									<xrow id="45" type="block-nobr">
										<xblock id="401344" name="dz_adr_ogranich" pos="10">
											<xrow id="46" type="ordinary1">
												<xfield id="401345" name="valsts" pos="1" textbefore="Valsts" visible="0"/>
												<xfield id="401347" name="rajons" pos="2" textbefore="Novads" visible="1"/>
											</xrow>
											<xrow id="47" type="br">
												<xfield id="401349" name="pilseta" pos="4" textbefore="Pilsēta/Pagasts" visible="1"/>
												<xfield id="401351" name="ciems" pos="5" textbefore="Ciems" visible="1"/>
											</xrow>
											<xrow id="48" type="br">
												<xfield id="401353" name="maja_text" pos="7" textbefore="Viensēta" visible="1"/>
											</xrow>
											<xrow id="49" type="br">
												<xfield id="401355" name="iela" pos="9" textbefore="Iela" visible="1"/>
												<xfield id="401357" name="iela_text" pos="10" textbefore="Iela teksts" visible="1"/>
											</xrow>
											<xrow id="50" type="br">
												<xfield id="401359" name="maja" pos="12" showlen="8" textbefore="Māja" visible="1"/>
												<xfield id="401362" name="korpus" pos="13" textbefore="Korpuss" visible="1"/>
												<xfield id="401364" name="dziv" pos="14" showlen="8" textbefore="Dzīvoklis" visible="1"/>
											</xrow>
											<xrow id="51" type="br">
												<xfield id="401367" name="telefon" pos="16" textbefore="Tālrunis" visible="1"/>
											</xrow>
											<xrow id="52" type="br">
												<xfield id="401369" name="adr_text" pos="18" showlen="70" textbefore="Adrese (teksts)" visible="1"/>
											</xrow>
											<xrow id="53" type="br">
												<xfield id="401372" name="adr_id" pos="20"/>
											</xrow>
										</xblock>
									</xrow>
									<xrow id="54" info="field" type="ordinary2">
										<xfield id="401373" name="adr_id" pos="11"/>
									</xrow>
								</xblock>
							</xrow>
							<xrow id="55" info="block" type="ordinary2">
								<xblock id="401374" name="svj_pers" navigable="1" pos="33" r_separator="#hr" title="Saistītā persona">
									<xrow id="56" type="ordinary1">
										<xfield id="401377" name="s_pers_pers_id" pos="4"/>
									</xrow>
									<xrow id="57" type="block-nobr">
										<xblock id="401454" name="pers_sv" pos="7">
											<xrow id="58" type="ordinary1">
												<xfield id="401380" name="pers_id" pos="2"/>
												<xfield id="401381" name="meklesana" pos="3" textbefore="Meklēšana"/>
											</xrow>
										</xblock>
									</xrow>
									<xrow id="59" info="field" type="ordinary2">
										<xfield id="401457" name="s_p_p_kat" pos="10"/>
									</xrow>
									<xrow id="60" type="block-nobr">
										<xblock id="401383" name="pers_dati_sv" pos="11">
											<xrow id="61" type="ordinary1">
												<xfield id="401385" name="pers_dati_id" pos="2"/>
												<xfield id="401386" name="pkod_uznkod" pos="3" textbefore="Pers.kods" visible="1"/>
												<xfield id="401388" name="uzv_nosauk" pos="4" showlen="25" textbefore="Uzvārds" visible="1"/>
												<xfield id="401391" name="var" pos="5" showlen="20" textbefore="Vārds" visible="1"/>
												<xgroup id="401394" name="dz_range" pos="6" type="range">
													<xgroup d_format="dd.mm.gggg" format="124" id="401395" name="dz" pos="2" textbefore="Dzimšanas datums" type="date">
														<xfield id="401397" maxlen="2" name="dz_dd" pos="4" showlen="2" visible="1"/>
														<xfield id="401398" maxlen="2" name="dz_mm" pos="5" showlen="2" visible="1"/>
														<xfield id="401399" maxlen="4" name="dz_gggg" pos="6" showlen="4" visible="1"/>
													</xgroup>
												</xgroup>
											</xrow>
										</xblock>
									</xrow>
									<xrow id="62" info="block" type="ordinary2">
										<xblock id="401400" name="s_pers_adr2" navigable="1" numbered="1" pos="12" r_separator="#hr" sort="nvl(archive_stat,0)" tab_rows="1" title="Saistītās personas mājokļa adrese">
											<xrow id="63" type="ordinary1">
												<xfield id="401405" name="s_adr_tip_kod" pos="8" textbefore="Adreses veids" visible="1"/>
											</xrow>
											<xrow id="64" type="block-nobr">
												<xblock id="401407" name="adr_sv" pos="9">
													<xrow id="65" type="ordinary1">
														<xfield id="401408" name="valsts" pos="1" textbefore="Valsts" visible="1"/>
														<xfield id="401410" name="rajons" pos="2" textbefore="Novads" visible="1"/>
													</xrow>
													<xrow id="66" type="br">
														<xfield id="401412" name="pilseta" pos="4" textbefore="Pilsēta/Pagasts" visible="1"/>
														<xfield id="401414" name="ciems" pos="5" textbefore="Ciems" visible="1"/>
													</xrow>
													<xrow id="67" type="br">
														<xfield id="401416" name="maja_text" pos="7" textbefore="Viensēta" visible="1"/>
													</xrow>
													<xrow id="68" type="br">
														<xfield id="401418" name="iela" pos="9" textbefore="Iela" visible="1"/>
														<xfield id="401420" name="iela_text" pos="10" textbefore="Iela teksts" visible="1"/>
													</xrow>
													<xrow id="69" type="br">
														<xfield abbr="m." id="401422" name="maja" pos="12" showlen="8" textbefore="Māja" visible="1"/>
														<xfield abbr="k." id="401426" name="korpus" pos="13" textbefore="Korpuss" visible="1"/>
														<xfield abbr="dz." id="401429" name="dziv" pos="14" showlen="8" textbefore="Dzīvoklis" visible="1"/>
													</xrow>
													<xrow id="70" type="br">
														<xfield id="401433" name="telefon" pos="16" textbefore="Tālrunis" visible="1"/>
													</xrow>
													<xrow id="71" type="br">
														<xfield id="401435" name="adr_text" pos="18" showlen="70" textbefore="Adrese (teksts)" visible="1"/>
													</xrow>
													<xrow id="72" type="br">
														<xfield id="401438" name="adr_id" pos="20"/>
													</xrow>
												</xblock>
											</xrow>
											<xrow id="73" info="field" type="ordinary2">
												<xfield id="401439" name="adr_id" pos="10"/>
											</xrow>
										</xblock>
									</xrow>
								</xblock>
							</xrow>
							<xrow id="74" info="block" type="ordinary2">
								<xblock id="401440" name="uzsk_kat_darb" navigable="1" pos="34" sort="datums desc" tab_rows="1" title="Darbības / statuss">
									<xrow id="75" type="ordinary1">
										<xfield id="401445" name="datums" pos="6" textbefore="Ievades datums" visible="1"/>
										<xfield id="401447" name="veid_kod" pos="7" textbefore="Veids" visible="1"/>
										<xfield id="401449" name="piezimes" pos="8" textbefore="Pamatojums" visible="1"/>
									</xrow>
								</xblock>
							</xrow>
						</xblock>
					</xrow>
					<xrow id="76" info="field" type="ordinary2">
						<xfield id="401451" name="pers_id" pos="17"/>
						<xfield id="401452" name="v_arch_req" pos="18" req_param=":kat.arx" virt="1"/>
					</xrow>
				</xblock>
			</xrow>
		</xform>
		<xreference>
			<xref name="kat_to_kat_pers" text="skatīt ierakstu" trg_form="340908">
				<xfield src="z_401089_401451" trg="z_340910_340913"/>
				<xfield src="z_401089_401452" trg="z_340970_340973"/>
			</xref>
		</xreference>
	</xdisplay>
	<xscripts/>
	<xlist2>
		<block name="pers_kat" id="401089">
			<column title="Personas pamatdati">
				<field name="meklesana" path="pers_kat/meklesana" id="401093"/>
				<field name="status_kod" path="pers_kat/status_kod" id="401095"/>
				<field name="valsts" path="pers_kat/valsts" id="401186"/>
				<field name="pilson" path="pers_kat/pilson" id="401188"/>
				<field name="mirs_dat" path="pers_kat/mirs_dat" id="401191"/>
				<field name="ser_num" path="pers_kat/ser_num" id="401193"/>
				<block path="401097/401111">
					<field name="v_pkod" path="pers_kat/pers_fio1/pers_dati1/v_pkod" id="401117"/>
					<field name="fam1" path="pers_kat/pers_fio1/pers_dati1/fam1" id="401130"/>
					<field name="imj1" path="pers_kat/pers_fio1/pers_dati1/imj1" id="401135"/>
					<field name="otch1" path="pers_kat/pers_fio1/pers_dati1/otch1" id="401140"/>
					<group name="dz_e" path="pers_kat/pers_fio1/pers_dati1/dz_e" id="401144"/>
				</block>
				<block path="401097/401150">
					<field name="dzimums" path="pers_kat/pers_fio1/pol/dzimums" id="401151"/>
				</block>
			</column>
			<block name="pers_fio1" id="401097">
				<block name="pers_dati_arch1" id="401153">
					<column title="Vecie personas dati">
						<field name="v_pkod" path="pers_kat/pers_fio1/pers_dati_arch1/v_pkod" id="401159"/>
						<field name="fam1" path="pers_kat/pers_fio1/pers_dati_arch1/fam1" id="401170"/>
						<field name="imj1" path="pers_kat/pers_fio1/pers_dati_arch1/imj1" id="401173"/>
						<field name="imj2" path="pers_kat/pers_fio1/pers_dati_arch1/imj2" id="401176"/>
						<field name="otch1" path="pers_kat/pers_fio1/pers_dati_arch1/otch1" id="401178"/>
						<group name="dza" path="pers_kat/pers_fio1/pers_dati_arch1/dza" id="401181"/>
					</column>
				</block>
			</block>
			<block name="adr_pers5" id="401195">
				<column title="Personas reģistrētā adrese">
					<field name="s_adr_tip_kod" path="pers_kat/adr_pers5/s_adr_tip_kod" id="401203"/>
					<block path="401205">
						<field name="valsts" path="pers_kat/adr_pers5/dz_adr/valsts" id="401206"/>
						<field name="rajons" path="pers_kat/adr_pers5/dz_adr/rajons" id="401208"/>
						<field name="pilseta" path="pers_kat/adr_pers5/dz_adr/pilseta" id="401210"/>
						<field name="ciems" path="pers_kat/adr_pers5/dz_adr/ciems" id="401212"/>
						<field name="maja_text" path="pers_kat/adr_pers5/dz_adr/maja_text" id="401214"/>
						<field name="iela" path="pers_kat/adr_pers5/dz_adr/iela" id="401216"/>
						<field name="iela_text" path="pers_kat/adr_pers5/dz_adr/iela_text" id="401218"/>
						<field name="maja" path="pers_kat/adr_pers5/dz_adr/maja" id="401220"/>
						<field name="korpus" path="pers_kat/adr_pers5/dz_adr/korpus" id="401224"/>
						<field name="dziv" path="pers_kat/adr_pers5/dz_adr/dziv" id="401227"/>
						<field name="telefon" path="pers_kat/adr_pers5/dz_adr/telefon" id="401231"/>
						<field name="adr_text" path="pers_kat/adr_pers5/dz_adr/adr_text" id="401233"/>
					</block>
				</column>
			</block>
			<block name="kat" id="401238">
				<column title="Uzskaišu kategorijas">
					<field name="archive_stat" path="pers_kat/kat/archive_stat" id="401244"/>
					<field name="uzsk_kat_kod" path="pers_kat/kat/uzsk_kat_kod" id="401252"/>
					<field name="datums_no" path="pers_kat/kat/datums_no" id="401255"/>
					<field name="datums_lidz" path="pers_kat/kat/datums_lidz" id="403947"/>
					<field name="kl_num" path="pers_kat/kat/kl_num" id="401258"/>
					<field name="iestade_kod" path="pers_kat/kat/iestade_kod" id="401260"/>
					<field name="valsts_kod" path="pers_kat/kat/valsts_kod" id="403930"/>
					<field name="sast_uzv1" path="pers_kat/kat/sast_uzv1" id="401263"/>
					<field name="sast_var1" path="pers_kat/kat/sast_var1" id="401266"/>
					<field name="sast_amats1" path="pers_kat/kat/sast_amats1" id="401269"/>
					<field name="sast_kontakt1" path="pers_kat/kat/sast_kontakt1" id="401272"/>
					<field name="uzv" path="pers_kat/kat/uzv" id="401276"/>
					<field name="var" path="pers_kat/kat/var" id="401279"/>
					<field name="amats" path="pers_kat/kat/amats" id="401282"/>
					<field name="kontakt" path="pers_kat/kat/kontakt" id="401285"/>
					<field name="partr_date" path="pers_kat/kat/partr_date" id="401289"/>
					<field name="partr_iestade_kod" path="pers_kat/kat/partr_iestade_kod" id="401291"/>
					<field name="partr_valsts_kod" path="pers_kat/kat/partr_valsts_kod" id="403932"/>
					<block path="401294">
						<field name="numurs" path="pers_kat/kat/kat_mat/numurs" id="401295"/>
						<field name="datums_ieros" path="pers_kat/kat/kat_mat/datums_ieros" id="401298"/>
						<group name="reg_dat" path="pers_kat/kat/kat_mat/reg_dat" id="401300"/>
						<field name="iestade_kod" path="pers_kat/kat/kat_mat/iestade_kod" id="401308"/>
					</block>
					<block path="401310/401312">
						<field name="pant_veid_kod" path="pers_kat/kat/s_pant_uzsk_kat/pant/pant_veid_kod" id="401313"/>
						<group name="pant_zime_dala_apdala" path="pers_kat/kat/s_pant_uzsk_kat/pant/pant_zime_dala_apdala" id="401315"/>
					</block>
				</column>
				<block name="adr_nav" id="401322">
					<column title="Ierobežojumi/Uzliktie pienākumi un aizliegumi">
						<field name="a_adr_nav" path="pers_kat/kat/adr_nav/a_adr_nav" id="401327"/>
						<field name="piezimes" path="pers_kat/kat/adr_nav/piezimes" id="401333"/>
					</column>
				</block>
				<block name="adr_ogranich" id="401336">
					<column title="Adrese/ierobežojumi">
						<field name="archive_stat" path="pers_kat/kat/adr_ogranich/archive_stat" id="401342"/>
						<block path="401344">
							<field name="rajons" path="pers_kat/kat/adr_ogranich/dz_adr_ogranich/rajons" id="401347"/>
							<field name="pilseta" path="pers_kat/kat/adr_ogranich/dz_adr_ogranich/pilseta" id="401349"/>
							<field name="ciems" path="pers_kat/kat/adr_ogranich/dz_adr_ogranich/ciems" id="401351"/>
							<field name="maja_text" path="pers_kat/kat/adr_ogranich/dz_adr_ogranich/maja_text" id="401353"/>
							<field name="iela" path="pers_kat/kat/adr_ogranich/dz_adr_ogranich/iela" id="401355"/>
							<field name="iela_text" path="pers_kat/kat/adr_ogranich/dz_adr_ogranich/iela_text" id="401357"/>
							<field name="maja" path="pers_kat/kat/adr_ogranich/dz_adr_ogranich/maja" id="401359"/>
							<field name="korpus" path="pers_kat/kat/adr_ogranich/dz_adr_ogranich/korpus" id="401362"/>
							<field name="dziv" path="pers_kat/kat/adr_ogranich/dz_adr_ogranich/dziv" id="401364"/>
							<field name="telefon" path="pers_kat/kat/adr_ogranich/dz_adr_ogranich/telefon" id="401367"/>
							<field name="adr_text" path="pers_kat/kat/adr_ogranich/dz_adr_ogranich/adr_text" id="401369"/>
						</block>
					</column>
				</block>
				<block name="svj_pers" id="401374">
					<block name="pers_dati_sv" id="401383">
						<column title="Saistītā persona">
							<field name="pkod_uznkod" path="pers_kat/kat/svj_pers/pers_dati_sv/pkod_uznkod" id="401386"/>
							<field name="uzv_nosauk" path="pers_kat/kat/svj_pers/pers_dati_sv/uzv_nosauk" id="401388"/>
							<field name="var" path="pers_kat/kat/svj_pers/pers_dati_sv/var" id="401391"/>
							<group name="dz" path="pers_kat/kat/svj_pers/pers_dati_sv/dz" id="401395"/>
						</column>
					</block>
					<block name="s_pers_adr2" id="401400">
						<column title="Saistitas personas majokla adrese">
							<field name="s_adr_tip_kod" path="pers_kat/kat/svj_pers/s_pers_adr2/s_adr_tip_kod" id="401405"/>
							<block path="401407">
								<field name="valsts" path="pers_kat/kat/svj_pers/s_pers_adr2/adr_sv/valsts" id="401408"/>
								<field name="rajons" path="pers_kat/kat/svj_pers/s_pers_adr2/adr_sv/rajons" id="401410"/>
								<field name="pilseta" path="pers_kat/kat/svj_pers/s_pers_adr2/adr_sv/pilseta" id="401412"/>
								<field name="ciems" path="pers_kat/kat/svj_pers/s_pers_adr2/adr_sv/ciems" id="401414"/>
								<field name="maja_text" path="pers_kat/kat/svj_pers/s_pers_adr2/adr_sv/maja_text" id="401416"/>
								<field name="iela" path="pers_kat/kat/svj_pers/s_pers_adr2/adr_sv/iela" id="401418"/>
								<field name="iela_text" path="pers_kat/kat/svj_pers/s_pers_adr2/adr_sv/iela_text" id="401420"/>
								<field name="maja" path="pers_kat/kat/svj_pers/s_pers_adr2/adr_sv/maja" id="401422"/>
								<field name="korpus" path="pers_kat/kat/svj_pers/s_pers_adr2/adr_sv/korpus" id="401426"/>
								<field name="dziv" path="pers_kat/kat/svj_pers/s_pers_adr2/adr_sv/dziv" id="401429"/>
								<field name="telefon" path="pers_kat/kat/svj_pers/s_pers_adr2/adr_sv/telefon" id="401433"/>
								<field name="adr_text" path="pers_kat/kat/svj_pers/s_pers_adr2/adr_sv/adr_text" id="401435"/>
							</block>
						</column>
					</block>
				</block>
				<block name="uzsk_kat_darb" id="401440">
					<column title="Darbības / statuss">
						<field name="datums" path="pers_kat/kat/uzsk_kat_darb/datums" id="401445"/>
						<field name="veid_kod" path="pers_kat/kat/uzsk_kat_darb/veid_kod" id="401447"/>
						<field name="piezimes" path="pers_kat/kat/uzsk_kat_darb/piezimes" id="401449"/>
					</column>
				</block>
			</block>
		</block>
	</xlist2>
	<xpresetlist>
		<xrecord>
			<xfield name="presetid">1715</xfield>
			<xfield name="preset_name">test2</xfield>
			<xfield name="preset_type">user</xfield>
		</xrecord>
		<xrecord>
			<xfield name="presetid">1718</xfield>
			<xfield name="preset_name">test_fio</xfield>
			<xfield name="preset_type">user</xfield>
		</xrecord>
		<xrecord>
			<xfield name="presetid">1719</xfield>
			<xfield name="preset_name">test_personal_code</xfield>
			<xfield name="preset_type">user</xfield>
		</xrecord>
		<xrecord>
			<xfield name="presetid">1720</xfield>
			<xfield name="preset_name">test_status</xfield>
			<xfield name="preset_type">user</xfield>
		</xrecord>
		<xrecord>
			<xfield name="presetid">1733</xfield>
			<xfield name="preset_name">test9</xfield>
			<xfield name="preset_type">user</xfield>
		</xrecord>
		<xrecord>
			<xfield name="presetid">1734</xfield>
			<xfield name="preset_name">test8</xfield>
			<xfield name="preset_type">user</xfield>
		</xrecord>
		<xrecord>
			<xfield name="presetid">1735</xfield>
			<xfield name="preset_name">test7</xfield>
			<xfield name="preset_type">user</xfield>
		</xrecord>
		<xrecord>
			<xfield name="presetid">1736</xfield>
			<xfield name="preset_name">test6</xfield>
			<xfield name="preset_type">user</xfield>
		</xrecord>
		<xrecord>
			<xfield name="presetid">1737</xfield>
			<xfield name="preset_name">test5</xfield>
			<xfield name="preset_type">user</xfield>
		</xrecord>
		<xrecord>
			<xfield name="presetid">1755</xfield>
			<xfield name="preset_name">test1</xfield>
			<xfield name="preset_type">user</xfield>
		</xrecord>
		<xrecord>
			<xfield name="presetid">1759</xfield>
			<xfield name="preset_name">test1_columns</xfield>
			<xfield name="preset_type">user</xfield>
		</xrecord>
		<xrecord>
			<xfield name="presetid">1774</xfield>
			<xfield name="preset_name">test4</xfield>
			<xfield name="preset_type">user</xfield>
		</xrecord>
		<xrecord>
			<xfield name="presetid">1775</xfield>
			<xfield name="preset_name">test_limit_message</xfield>
			<xfield name="preset_type">user</xfield>
		</xrecord>
		<xrecord>
			<xfield name="presetid">1815</xfield>
			<xfield name="preset_name">test11</xfield>
			<xfield name="preset_type">user</xfield>
		</xrecord>
		<xrecord>
			<xfield name="presetid">1817</xfield>
			<xfield name="preset_name">test13</xfield>
			<xfield name="preset_type">user</xfield>
			<xfield name="selected">1</xfield>
		</xrecord>
		<xrecord>
			<xfield name="presetid">1833</xfield>
			<xfield name="preset_name">test12</xfield>
			<xfield name="preset_type">user</xfield>
		</xrecord>
		<xrecord>
			<xfield name="presetid">1853</xfield>
			<xfield name="preset_name">test14</xfield>
			<xfield name="preset_type">user</xfield>
		</xrecord>
		<xrecord>
			<xfield name="presetid">1854</xfield>
			<xfield name="preset_name">test15</xfield>
			<xfield name="preset_type">user</xfield>
		</xrecord>
		<xrecord>
			<xfield name="presetid">1856</xfield>
			<xfield name="preset_name">test3</xfield>
			<xfield name="preset_type">user</xfield>
		</xrecord>
		<xrecord>
			<xfield name="presetid">1897</xfield>
			<xfield name="preset_name">test21</xfield>
			<xfield name="preset_type">user</xfield>
		</xrecord>
		<xrecord>
			<xfield name="presetid">1899</xfield>
			<xfield name="preset_name">test22</xfield>
			<xfield name="preset_type">user</xfield>
		</xrecord>
		<xrecord>
			<xfield name="presetid">1900</xfield>
			<xfield name="preset_name">test23</xfield>
			<xfield name="preset_type">user</xfield>
		</xrecord>
		<xrecord>
			<xfield name="presetid">1901</xfield>
			<xfield name="preset_name">test24</xfield>
			<xfield name="preset_type">user</xfield>
		</xrecord>
		<xrecord>
			<xfield name="presetid">1902</xfield>
			<xfield name="preset_name">test25</xfield>
			<xfield name="preset_type">user</xfield>
		</xrecord>
		<xrecord>
			<xfield name="presetid">1903</xfield>
			<xfield name="preset_name">test26</xfield>
			<xfield name="preset_type">user</xfield>
		</xrecord>
		<xrecord>
			<xfield name="presetid">1904</xfield>
			<xfield name="preset_name">test27</xfield>
			<xfield name="preset_type">user</xfield>
		</xrecord>
		<xrecord>
			<xfield name="presetid">1905</xfield>
			<xfield name="preset_name">test28</xfield>
			<xfield name="preset_type">user</xfield>
		</xrecord>
		<xrecord>
			<xfield name="presetid">1906</xfield>
			<xfield name="preset_name">test29</xfield>
			<xfield name="preset_type">user</xfield>
		</xrecord>
		<xrecord>
			<xfield name="presetid">1907</xfield>
			<xfield name="preset_name">test30</xfield>
			<xfield name="preset_type">user</xfield>
		</xrecord>
		<xrecord>
			<xfield name="presetid">1908</xfield>
			<xfield name="preset_name">test31</xfield>
			<xfield name="preset_type">user</xfield>
		</xrecord>
		<xrecord>
			<xfield name="presetid">1910</xfield>
			<xfield name="preset_name">test32</xfield>
			<xfield name="preset_type">user</xfield>
		</xrecord>
	</xpresetlist>
	<xdata>
		<xb id="340629">
			<xbr id="0">
				<xrecord number="1">
					<xb id="401089">
						<xbr id="1">
							<xf id="401451">287286</xf>
							<xb id="401195">
								<xbr id="2">
									<xf id="401201">0</xf>
									<xf id="401203">PIERAKSTA ADRESE</xf>
									<xf id="401237">264853</xf>
									<xb id="401205">
										<xbr id="3">
											<xf id="401206">LATVIJAS REPUBLIKA</xf>
											<xf id="401208">DOBELES RAJONS</xf>
											<xf id="401210">TĒRVETES PAGASTS</xf>
											<xf id="401214">LAPSAS</xf>
											<xf id="401236">264853</xf>
										</xbr>
									</xb>
								</xbr>
								<xbr id="4">
									<xf id="401201">0</xf>
									<xf id="401203">FAKTISKĀ ADRESE</xf>
									<xf id="401237">262021</xf>
									<xb id="401205">
										<xbr id="5">
											<xf id="401220">1</xf>
											<xf id="401233">4</xf>
											<xf id="401236">262021</xf>
										</xbr>
									</xb>
								</xbr>
								<xbr id="6">
									<xf id="401201">0</xf>
									<xf id="401203">FAKTISKĀ ADRESE</xf>
									<xf id="401237">273031</xf>
									<xb id="401205">
										<xbr id="7">
											<xf id="401233">4</xf>
											<xf id="401236">273031</xf>
										</xbr>
									</xb>
								</xbr>
								<xbr id="8">
									<xf id="401201">0</xf>
									<xf id="401203">FAKTISKĀ ADRESE</xf>
									<xf id="401237">291391</xf>
									<xb id="401205">
										<xbr id="9">
											<xf id="401206">LATVIJAS REPUBLIKA</xf>
											<xf id="401208">ABRENES RAJONS</xf>
											<xf id="401210">ABRENE</xf>
											<xf id="401214">BB</xf>
											<xf id="401216">RĪGAS</xf>
											<xf id="401218">IELA 2</xf>
											<xf id="401224">2</xf>
											<xf id="401236">291391</xf>
										</xbr>
									</xb>
								</xbr>
								<xbr id="10">
									<xf id="401201">0</xf>
									<xf id="401203">DARBA VIETA</xf>
									<xf id="401237">285511</xf>
									<xb id="401205">
										<xbr id="11">
											<xf id="401206">LATVIJAS REPUBLIKA</xf>
											<xf id="401208">DAUGAVPILS RAJONS</xf>
											<xf id="401216">ATMODAS</xf>
											<xf id="401220">1</xf>
											<xf id="401233">KRUST1 ADR</xf>
											<xf id="401236">285511</xf>
										</xbr>
									</xb>
								</xbr>
								<xbr_limit cond_whole="pers_id = 287286" count="7" remain="2">
									<drv name="drv:dz_adr.rajons">-440000</drv>
									<drv name="drv:dz_adr.pilseta"/>
									<drv name="drv:dz_adr_ogranich.rajons"/>
									<drv name="drv:dz_adr_ogranich.pilseta"/>
									<drv name="drv:adr_sv.rajons"/>
									<drv name="drv:adr_sv.pilseta"/>
								</xbr_limit>
							</xb>
							<xb id="401238">
								<xbr id="12">
									<xf id="401244">Aktuālā</xf>
									<xf id="401252">NODOTS POLICIJAS UZRAUDZĪBĀ</xf>
									<xf id="401255">28.02.2011</xf>
									<xf id="401260">IEM INFORMĀCIJAS CENTRS (IC)</xf>
									<xf id="401276">DDD</xf>
									<xf id="401279">TEST</xf>
									<xf id="401282">TEST AMATS</xf>
									<xf id="401285">TEST TALR</xf>
									<xf id="401293">1023841</xf>
									<xb id="401294">
										<xbr id="13">
											<xf id="401295">11001000110</xf>
											<xf id="401298">07.01.2010</xf>
											<xf id="401302">2010</xf>
											<xf id="401305">1</xf>
											<xf id="401308">AIZKRAUKLES RAJONA PROKURATŪRA</xf>
										</xbr>
									</xb>
									<xb id="401310">
										<xbr id="14">
											<xf id="401321">789</xf>
											<xb id="401312">
												<xbr id="15">
													<xf id="401313">KRIMINĀLKODEKSS spēkā no 1991.gada</xf>
													<xf id="401317">100</xf>
													<xf id="401318">0</xf>
													<xf id="401319">0</xf>
													<xf id="401320">0</xf>
												</xbr>
											</xb>
										</xbr>
									</xb>
									<xb id="401322">
										<xbr id="16">
											<xf id="401327">1</xf>
											<xf id="401332">1023841</xf>
											<xf id="401333">d2dddddddddddddddddddddd
ddddddddddddddddddddddddddddddddddddd
ffffffffffffffffffffffffffffffffffffffffff</xf>
										</xbr>
									</xb>
									<xb id="401336">
										<xbr id="17">
											<xf id="401342">AKTĪVA</xf>
											<xf id="401373">284671</xf>
											<xb id="401344">
												<xbr id="18">
													<xf id="401345">LATVIJAS REPUBLIKA</xf>
													<xf id="401347">AIZKRAUKLES RAJONS</xf>
													<xf id="401349">AIVIEKSTES PAGASTS</xf>
													<xf id="401359">2</xf>
													<xf id="401362">2</xf>
													<xf id="401372">284671</xf>
												</xbr>
											</xb>
										</xbr>
										<xbr id="19">
											<xf id="401342">ARHĪVA</xf>
											<xf id="401373">284541</xf>
											<xb id="401344">
												<xbr id="20">
													<xf id="401345">LATVIJAS REPUBLIKA</xf>
													<xf id="401347">-424700</xf>
													<xf id="401349">DRABEŠU PAGASTS</xf>
													<xf id="401372">284541</xf>
												</xbr>
											</xb>
										</xbr>
									</xb>
								</xbr>
								<xbr id="21">
									<xf id="401244">Aktuālā</xf>
									<xf id="401252">NODOTS POLICIJAS UZRAUDZĪBĀ</xf>
									<xf id="401255">01.11.2004</xf>
									<xf id="403947">31.12.2004</xf>
									<xf id="401260">IEM INFORMĀCIJAS CENTRS (IC)</xf>
									<xf id="401289">20.12.2004</xf>
									<xf id="401291">IEKŠLIETU MINISTRIJA</xf>
									<xf id="401293">1017371</xf>
									<xb id="401322">
										<xbr id="22">
											<xf id="401332">1017371</xf>
										</xbr>
									</xb>
								</xbr>
								<xbr id="23">
									<xf id="401244">Aktuālā</xf>
									<xf id="401252">ATBILDĪGS PAR IEROČIEM</xf>
									<xf id="401255">05.10.2012</xf>
									<xf id="403947">05.10.2013</xf>
									<xf id="401260">VP KURZEMES RP KRIMINĀLPOLICIJAS BIROJS (KRP KRIMPB)</xf>
									<xf id="401276">TEST</xf>
									<xf id="401279">TEST</xf>
									<xf id="401282">TEST AMATS</xf>
									<xf id="401285">TEST TALR</xf>
									<xf id="401293">1025841</xf>
									<xb id="401322">
										<xbr id="24">
											<xf id="401332">1025841</xf>
										</xbr>
									</xb>
								</xbr>
								<xbr id="25">
									<xf id="401244">Aktuālā</xf>
									<xf id="401252">IZBRAUK. RĪK.LABPR.KĀRTĀ</xf>
									<xf id="401255">23.10.2012</xf>
									<xf id="403947">23.10.2012</xf>
									<xf id="401260">VALSTS POLICIJA (VP)</xf>
									<xf id="401276">TEST</xf>
									<xf id="401279">TEST</xf>
									<xf id="401282">TEST AMATS</xf>
									<xf id="401285">TEST TALR</xf>
									<xf id="401293">1026971</xf>
									<xb id="401322">
										<xbr id="26">
											<xf id="401332">1026971</xf>
										</xbr>
									</xb>
								</xbr>
								<xbr id="27">
									<xf id="401244">Aktuālā</xf>
									<xf id="401252">IZBRAUK. RĪK.LABPR.KĀRTĀ</xf>
									<xf id="401255">24.10.2012</xf>
									<xf id="403947">26.10.2012</xf>
									<xf id="401260">VP KURZEMES RP KĀRTĪBAS POLICIJAS BIROJS (KRP KĀRTPB)</xf>
									<xf id="401276">TEST</xf>
									<xf id="401279">TEST</xf>
									<xf id="401282">TEST AMATS</xf>
									<xf id="401285">TEST TALR</xf>
									<xf id="401293">1027161</xf>
									<xb id="401322">
										<xbr id="28">
											<xf id="401332">1027161</xf>
										</xbr>
									</xb>
								</xbr>
								<xbr_limit cond_whole="pers_id = 287286" count="6" remain="1">
									<drv name="drv:dz_adr.rajons">-440000</drv>
									<drv name="drv:dz_adr.pilseta"/>
									<drv name="drv:dz_adr_ogranich.rajons">-424700</drv>
									<drv name="drv:dz_adr_ogranich.pilseta">-424746</drv>
									<drv name="drv:adr_sv.rajons"/>
									<drv name="drv:adr_sv.pilseta"/>
								</xbr_limit>
							</xb>
							<xb id="401097">
								<xbr id="29">
									<xb id="401111">
										<xbr id="30">
											<xf id="401115">09064212215</xf>
											<xf id="401130">ANCĀNE</xf>
											<xf id="401135">RUTA</xf>
											<xf id="401140">JĀNIS</xf>
											<xf id="401147">9</xf>
											<xf id="401148">6</xf>
											<xf id="401149">1942</xf>
										</xbr>
									</xb>
									<xb id="401153">
										<xbr id="31">
											<xf id="401157">09064212215</xf>
											<xf id="401170">TEST</xf>
											<xf id="401173">MARIJA</xf>
											<xf id="401183">9</xf>
											<xf id="401184">2</xf>
											<xf id="401185">1942</xf>
										</xbr>
										<xbr id="32">
											<xf id="401157">09064212215</xf>
											<xf id="401170">ANCĀNE</xf>
											<xf id="401173">RITA</xf>
											<xf id="401183">9</xf>
											<xf id="401184">6</xf>
											<xf id="401185">1942</xf>
										</xbr>
									</xb>
								</xbr>
							</xb>
						</xbr>
					</xb>
				</xrecord>
				<xrecord number="2">
					<xb id="401089">
						<xbr id="34">
							<xf id="401095">MIRIS</xf>
							<xf id="401186">LATVIJAS REPUBLIKA</xf>
							<xf id="401191">22.03.2014</xf>
							<xf id="401451">291801</xf>
							<xb id="401195">
								<xbr id="35">
									<xf id="401201">0</xf>
									<xf id="401203">REĢISTRĒTĀ ADRESE</xf>
									<xf id="401237">290941</xf>
									<xb id="401205">
										<xbr id="36">
											<xf id="401206">LATVIJAS REPUBLIKA</xf>
											<xf id="401208">JAUNJELGAVAS NOVADS</xf>
											<xf id="401210">JAUNJELGAVA</xf>
											<xf id="401216">JELGAVAS</xf>
											<xf id="401220">26</xf>
											<xf id="401227">1</xf>
											<xf id="401236">290941</xf>
										</xbr>
									</xb>
								</xbr>
								<xbr id="37">
									<xf id="401201">0</xf>
									<xf id="401203">FAKTISKĀ ADRESE</xf>
									<xf id="401237">290941</xf>
									<xb id="401205">
										<xbr id="38">
											<xf id="401206">LATVIJAS REPUBLIKA</xf>
											<xf id="401208">JAUNJELGAVAS NOVADS</xf>
											<xf id="401210">JAUNJELGAVA</xf>
											<xf id="401216">JELGAVAS</xf>
											<xf id="401220">26</xf>
											<xf id="401227">1</xf>
											<xf id="401236">290941</xf>
										</xbr>
									</xb>
								</xbr>
								<xbr id="39">
									<xf id="401201">1</xf>
									<xf id="401203">REĢISTRĒTĀ ADRESE</xf>
									<xf id="401237">267891</xf>
									<xb id="401205">
										<xbr id="40">
											<xf id="401206">LATVIJAS REPUBLIKA</xf>
											<xf id="401208">RĪGAS RAJONS</xf>
											<xf id="401210">OLAINE</xf>
											<xf id="401216">ZEIFERTA</xf>
											<xf id="401220">16</xf>
											<xf id="401227">76</xf>
											<xf id="401236">267891</xf>
										</xbr>
									</xb>
								</xbr>
								<xbr id="41">
									<xf id="401201">1</xf>
									<xf id="401203">REĢISTRĒTĀ ADRESE</xf>
									<xf id="401237">291391</xf>
									<xb id="401205">
										<xbr id="42">
											<xf id="401206">LATVIJAS REPUBLIKA</xf>
											<xf id="401208">ABRENES RAJONS</xf>
											<xf id="401210">ABRENE</xf>
											<xf id="401214">BB</xf>
											<xf id="401216">RĪGAS</xf>
											<xf id="401218">IELA 2</xf>
											<xf id="401224">2</xf>
											<xf id="401236">291391</xf>
										</xbr>
									</xb>
								</xbr>
							</xb>
							<xb id="401238">
								<xbr id="43">
									<xf id="401244">Aktuālā</xf>
									<xf id="401252">MĀJAS ARESTS</xf>
									<xf id="401255">12.06.2007</xf>
									<xf id="401260">VALSTS ROBEŽSARDZE</xf>
									<xf id="401293">1018781</xf>
									<xb id="401322">
										<xbr id="44">
											<xf id="401332">1018781</xf>
										</xbr>
									</xb>
								</xbr>
							</xb>
							<xb id="401097">
								<xbr id="45">
									<xb id="401111">
										<xbr id="46">
											<xf id="401115">10040112357</xf>
											<xf id="401130">TIMOFEJEVAS</xf>
											<xf id="401135">DARJAS</xf>
										</xbr>
									</xb>
									<xb id="401150">
										<xbr id="47"/>
									</xb>
									<xb id="401153">
										<xbr id="48">
											<xf id="401157">10040112357</xf>
											<xf id="401170">JEGOROVA</xf>
											<xf id="401173">DARJA</xf>
											<xf id="401183">10</xf>
											<xf id="401184">4</xf>
											<xf id="401185">1901</xf>
										</xbr>
										<xbr id="49">
											<xf id="401157">10040112357</xf>
											<xf id="401170">TIMOFEJEVA</xf>
											<xf id="401173">DARJA</xf>
										</xbr>
										<xbr id="50">
											<xf id="401157">10040112357</xf>
											<xf id="401170">TEST</xf>
											<xf id="401173">DARJAS</xf>
										</xbr>
										<xbr id="51">
											<xf id="401157">10040112357</xf>
											<xf id="401170">TIMOFEJEVAS</xf>
											<xf id="401173">DARJAS</xf>
										</xbr>
									</xb>
								</xbr>
							</xb>
						</xbr>
					</xb>
				</xrecord>
				<xrecord number="3">
					<xb id="401089">
						<xbr id="53">
							<xf id="401093">MEKLĒŠANĀ</xf>
							<xf id="401186">PANAMAS REPUBLIKA</xf>
							<xf id="401188">ĀRVALSTNIEKS (CITAS VALSTS PILSONIS/PAVALSTNIEKS)</xf>
							<xf id="401451">356931</xf>
							<xb id="401195">
								<xbr id="54">
									<xf id="401201">0</xf>
									<xf id="401203">FAKTISKĀ ADRESE</xf>
									<xf id="401237">410171</xf>
									<xb id="401205">
										<xbr id="55">
											<xf id="401206">LATVIJAS REPUBLIKA</xf>
											<xf id="401210">RĪGA</xf>
											<xf id="401212">LATGALES PRIEKŠPILSĒTA</xf>
											<xf id="401216">RUMBULAS</xf>
											<xf id="401220">11</xf>
											<xf id="401227">43</xf>
											<xf id="401236">410171</xf>
										</xbr>
									</xb>
								</xbr>
								<xbr id="56">
									<xf id="401201">0</xf>
									<xf id="401203">FAKTISKĀ ADRESE</xf>
									<xf id="401237">366241</xf>
									<xb id="401205">
										<xbr id="57">
											<xf id="401206">LATVIJAS REPUBLIKA</xf>
											<xf id="401210">RĪGA</xf>
											<xf id="401216">ACĀLIJU</xf>
											<xf id="401220">1</xf>
											<xf id="401236">366241</xf>
										</xbr>
									</xb>
								</xbr>
							</xb>
							<xb id="401238">
								<xbr id="58">
									<xf id="401244">Aktuālā</xf>
									<xf id="401252">ĀRVALSTS APLIECĪBA PAR AIZSARDZĪBAS PASĀKUMIEM</xf>
									<xf id="401255">19.01.2015</xf>
									<xf id="401258">23423423</xf>
									<xf id="401260">CITAS VALSTS TIESA</xf>
									<xf id="403930">BEĻĢIJAS KARALISTE</xf>
									<xf id="401276">TEST</xf>
									<xf id="401279">TEST</xf>
									<xf id="401282">TEST AMATS</xf>
									<xf id="401285">TEST TALR</xf>
									<xf id="401293">1042791</xf>
									<xb id="401322">
										<xbr id="59">
											<xf id="401332">1042791</xf>
											<xf id="401333">dasssssssssssssssssss</xf>
										</xbr>
									</xb>
									<xb id="401374">
										<xbr id="60">
											<xf id="401377">205361</xf>
											<xf id="401457">1042791</xf>
											<xb id="401454">
												<xbr id="61">
													<xf id="401380">288400</xf>
													<xf id="401381">MEKLĒŠANĀ</xf>
												</xbr>
											</xb>
											<xb id="401383">
												<xbr id="62">
													<xf id="401385">286228</xf>
													<xf id="401386">27066411428</xf>
													<xf id="401388">ANTONOVS</xf>
													<xf id="401391">IGORS</xf>
													<xf id="401397">27</xf>
													<xf id="401398">6</xf>
													<xf id="401399">1994</xf>
												</xbr>
											</xb>
											<xb id="401400">
												<xbr id="63">
													<xf id="401405">MĀJOKĻA ADRESE</xf>
													<xf id="401439">397491</xf>
													<xb id="401407">
														<xbr id="64">
															<xf id="401408">LATVIJAS REPUBLIKA</xf>
															<xf id="401412">RĒZEKNE</xf>
															<xf id="401418">PULKVEŽA BRIEŽA</xf>
															<xf id="401422">3A</xf>
															<xf id="401429">80</xf>
															<xf id="401438">397491</xf>
														</xbr>
													</xb>
												</xbr>
											</xb>
										</xbr>
									</xb>
								</xbr>
							</xb>
							<xb id="401097">
								<xbr id="65">
									<xb id="401111">
										<xbr id="66">
											<xf id="401130">TEST</xf>
											<xf id="401135">VK</xf>
											<xf id="401147">1</xf>
											<xf id="401148">1</xf>
											<xf id="401149">1970</xf>
										</xbr>
									</xb>
									<xb id="401150">
										<xbr id="67"/>
									</xb>
								</xbr>
							</xb>
						</xbr>
					</xb>
				</xrecord>
			</xbr>
		</xb>
		<x_page_duration value="0.89"/>
		<ext_blocks_stage/>
	</xdata>
	<aux>
		<auxitem name="log_id">3497095</auxitem>
		<auxitem name="inst_id"/>
		<auxitem name="more_records">0</auxitem>
		<auxitem name="call_type">n</auxitem>
		<auxitem name="a_layout"/>
		<auxitem name="external_system_off">0</auxitem>
		<auxitem name="ext_block_count">0</auxitem>
		<auxitem name="ext_block_waited">0</auxitem>
		<auxitem name="form_id">340629</auxitem>
		<auxitem name="zngin2lz_version">1,2,5,2</auxitem>
		<auxitem name="username">TEST_RL</auxitem>
		<auxitem name="userid">190</auxitem>
		<auxitem name="count_only_threshold">30</auxitem>
		<auxitem name="instance"/>
		<auxitem name="web_admin">1</auxitem>
		<auxitem name="transform">client</auxitem>
		<auxitem name="log_priority">1</auxitem>
		<auxitem name="tree_records_limit">10</auxitem>
		<auxitem name="records_count">3</auxitem>
		<auxitem name="request_id">460963</auxitem>
		<auxitem name="page_no">1</auxitem>
		<auxitem id="records_per_page" name="records_per_page">12</auxitem>
		<auxitem name="answer_mode">answer</auxitem>
		<auxitem name="fieldcells">2</auxitem>
		<auxitem name="listonly">0</auxitem>
		<auxitem name="show_list">1</auxitem>
		<auxitem name="show_details">1</auxitem>
		<auxitem name="records_limit">1000</auxitem>
		<auxitem name="record_no">0</auxitem>
		<auxitem name="records_per_obj">5</auxitem>
		<auxitem name="start_record"/>
		<auxitem name="request_time">17.09.2015 16:04:05</auxitem>
		<auxitem name="request_duration">0.67</auxitem>
		<auxitem name="request_condition"><rc>
<b n="Uzskaišu kategorijas">
<b n="Personas pamatdati">
<f n="Uzvārds">TEST</f>
</b>
</b>
</rc>
</auxitem>
		<auxitem name="page_duration">0</auxitem>
		<auxitem name="presetid">1817</auxitem>
		<auxitem name="bpresetid"/>
		<auxitem name="overwrite_detail_max_rec">0</auxitem>
		<auxitem name="list_count">31</auxitem>
		<auxitem name="records_list"/>
		<auxitem name="store_page_xml">0</auxitem>
		<auxitem name="use_object_audit">1</auxitem>
		<auxitem name="lf">340629:0</auxitem>
		<auxitem name="date">17.09.2015</auxitem>
		<auxitem name="time">16:04:08</auxitem>
		<auxitem name="userfio">TEST TEST</auxitem>
		<auxitem name="viewed">0</auxitem>
		<auxitem name="adv_list">0</auxitem>
		<auxitem name="call_showme">1</auxitem>
		<auxitem name="tree_view">0</auxitem>
		<auxitem name="u_job">TEST AMATS</auxitem>
		<auxitem name="u_email">oli@ic.iem.gov.lv</auxitem>
		<auxitem name="u_contact">TEST TALR</auxitem>
		<auxitem name="u_department">IEM INFORMĀCIJAS CENTRS (IC)</auxitem>
	</aux>
	<service><info name="queue_status" value="1"/></service>
	<in_params>
		<fld id="z_401098_401099">test</fld>
		<fld id="z_401111_401143">1</fld>
		<fld id="z_401089_401190">1</fld>
		<fld id="z_401238_401293">^#</fld>
		<fld id="z_401238_401241">nvl(archive_stat,'0')='0'</fld>
		<fld id="x_z_401238_401241">nvl(archive_stat,'0')='0'</fld>
		<fld id="z_401238_401254">1</fld>
		<fld id="z_401238_401288">1</fld>
		<fld id="z_401294_401297">1</fld>
		<fld id="z_401383_401394">1</fld>
	</in_params>
	<forms_nav>
		<frm form_itself="1" frame="0"/>
	</forms_nav>
	<displayaux>
		<auxitem fixed="1" name="records_count" text="Atrasti ieraksti">3</auxitem>
		<auxitem fixed="1" name="pageno_vs_total" text="Lappuse">1/1</auxitem>
		<auxitem fixed="1" name="records_list" text="Atlasītie ieraksti"/>
		<auxitem fixed="1" name="block_preset" text="Atlasītie bloki"/>
		<auxitem name="records_per_page" text="Ieraksti lappusē">12</auxitem>
		<auxitem name="records_limit" text="Maks. ierakstu skaits">1000</auxitem>
		<auxitem fixed="1" name="request_time" text="Datums">17.09.2015 16:04:05</auxitem>
		<auxitem fixed="1" name="user_name" text="Lietotājs">TEST TEST</auxitem>
		<auxitem name="request_duration" text="Pieprasījuma izpildes laiks">0.67 secundes</auxitem>
		<auxitem name="request_condition" print="1" text="Pieprasījuma nosacījumi"/>
		<auxitem name="page_duration" text="Lappuses formēšanas laiks"/>
		<auxitem name="result_duration" text="Atbildes formēšanas laiks">1.09 secundes</auxitem>
	</displayaux>
	<rcond><rc>
			<b n="Uzskaišu kategorijas">
				<b n="Personas pamatdati">
					<f n="Uzvārds">TEST</f>
				</b>
			</b>
		</rc>
	</rcond>
</xroot>
