<?xml version="1.0"?>
<?xml-stylesheet type="text/xsl" href="iis_z_content.get?iname=answer-form-column.xsl&amp;pmode=details"?>
<xroot showempty="0">
	<xdisplay>
		<xform id="250121" name="s$person" title="Person">
			<xrow id="1" type="block-form">
				<xblock id="250123" name="person" pos="2" title="Person data">
					<xrow id="2" type="ordinary1">
						<xfield id="250125" name="pers_id" pos="2" textbefore="Person ID" visible="1"/>
					</xrow>
					<xrow id="3" type="block-nobr">
						<xblock id="250127" name="pers_name" pos="3">
							<xrow id="4" type="ordinary1">
								<xfield id="250129" name="lastname" pos="2" showlen="25" textbefore="Lastname" visible="1"/>
								<xfield id="250132" name="firstname" pos="3" showlen="20" textbefore="Firstname" visible="1">
									<xfstyle ftype="answer" id="250135" mode="style" name="answ_style" pos="6" scope="value">
										<xfsother id="250136" name="fsother" pos="4">font-weight:bold;</xfsother>
									</xfstyle>
								</xfield>
								<xgroup d_format="dd.mm.gggg" format="124" id="250137" name="birthdate" pos="4" textbefore="Birthdate" type="date">
									<xfield id="250140" name="dd" pos="4" visible="1"/>
									<xfield id="250141" name="mm" pos="5" visible="1"/>
									<xfield id="250142" name="yyyy" pos="6" visible="1"/>
								</xgroup>
							</xrow>
						</xblock>
					</xrow>
					<xrow id="5" info="field" type="ordinary2">
						<xfield id="250143" name="citizenship" pos="4" textbefore="Citizenship" visible="1"/>
					</xrow>
					<xrow id="6" type="block-nobr">
						<xblock id="250145" name="pers_adr" navigable="1" pos="5" r_separator="#hr" title="Address">
							<xrow id="7" type="ordinary1">
								<xfield id="250148" name="s_adr_tip_kod" pos="5" textbefore="Address type" visible="1"/>
							</xrow>
							<xrow id="8" type="block-nobr">
								<xblock id="250150" name="address" pos="6" title="Address">
									<xrow id="9" type="ordinary1">
										<xfield id="250152" name="city" pos="2" textbefore="City" visible="1"/>
										<xfield id="250154" name="street" pos="3" textbefore="Street" visible="1"/>
										<xfield id="250156" name="building" pos="4" showlen="8" textbefore="Building" visible="1"/>
										<xfield id="250159" name="apart" pos="5" showlen="8" textbefore="Apartment" visible="1"/>
									</xrow>
								</xblock>
							</xrow>
						</xblock>
					</xrow>
					<xrow id="10" info="block" type="ordinary2">
						<xblock id="250162" name="fk" navigable="1" numbered="1" pos="6" r_separator="#hr" tab_rows="1" title="Photo">
							<xrow id="11" type="ordinary1">
								<xfield id="250166" name="set_type" pos="7" textbefore="Set type"/>
								<xfield id="250168" name="set_date" pos="8" textbefore="Date" visible="1"/>
							</xrow>
							<xrow id="12" type="block-nobr">
								<xblock id="250170" name="fb" navigable="1" pos="9" r_separator="#hr">
									<xrow id="13" type="ordinary1">
										<xfield id="250171" name="fb_date" pos="3" textbefore="Date" visible="1"/>
										<xfield id="250173" name="foto_type" pos="4" textbefore="Photo type" visible="1"/>
										<xfield id="250175" name="notes" pos="5" showlen="60" textbefore="Notes" visible="1"/>
										<xfield data_type="B" display="inline" id="250178" mime_type="image/jpeg" name="foto" pos="6" visible="1"/>
									</xrow>
								</xblock>
							</xrow>
						</xblock>
					</xrow>
				</xblock>
			</xrow>
		</xform>
	</xdisplay>
	<xlist2>
		<block name="person" id="250123">
			<block name="pers_name" id="250127">
				<column title="Firstname">
					<field name="firstname" path="person/pers_name/firstname" id="250132"/>
				</column>
				<column title="Lastname">
					<field name="lastname" path="person/pers_name/lastname" id="250129"/>
				</column>
				<column title="Birthdate">
					<group name="birthdate" path="person/pers_name/birthdate" id="250137"/>
				</column>
			</block>
			<block name="pers_adr" id="250145">
				<block name="address" id="250150">
					<column title="Address">
						<field name="city" path="person/pers_adr/address/city" id="250152"/>
						<field name="street" path="person/pers_adr/address/street" id="250154"/>
					</column>
					<column title="Building">
						<field name="building" path="person/pers_adr/address/building" id="250156"/>
					</column>
					<column title="Apartment">
						<field name="apart" path="person/pers_adr/address/apart" id="250159"/>
					</column>
				</block>
			</block>
			<block name="fk" id="250162">
				<block name="fb" id="250170">
					<column title="Photo">
						<field name="foto" path="person/fk/fb/foto" id="250178"/>
					</column>
					<column title="Notes">
						<field name="notes" path="person/fk/fb/notes" id="250175"/>
					</column>
				</block>
			</block>
		</block>
	</xlist2>
	<xdata>
		<xb id="250121">
			<xbr id="0">
				<xrecord number="1">
					<xb id="250123">
						<xbr id="1">
							<xf id="250125">287286</xf>
							<xb id="250127">
								<xbr id="2">
									<xf id="250129">Smith</xf>
									<xf id="250132">John</xf>
									<xf id="250140">1</xf>
									<xf id="250141">1</xf>
									<xf id="250142">1973</xf>
								</xbr>
							</xb>
							<xb id="250145">
								<xbr id="15">
									<xf id="250148">Home address</xf>
									<xb id="250150">
										<xbr id="16">
											<xf id="250152">Novosobirsk</xf>
											<xf id="250154">Lenina</xf>
											<xf id="250156">1</xf>
											<xf id="250159">2</xf>
										</xbr>
									</xb>
								</xbr>
								<xbr id="16">
									<xf id="250148">Work address</xf>
									<xb id="250150">
										<xbr id="16">
											<xf id="250152">Berdsk</xf>
											<xf id="250154">Kommunisticheskaya</xf>
											<xf id="250156">31</xf>
											<xf id="250159">12</xf>
										</xbr>
									</xb>
								</xbr>
								<xbr id="16">
									<xf id="250148">another address 1</xf>
									<xb id="250150">
										<xbr id="16">
											<xf id="250152">NY</xf>
											<xf id="250154">5th avenu</xf>
											<xf id="250156">4532</xf>
											<xf id="250159">98</xf>
										</xbr>
									</xb>
								</xbr>
								<xbr id="16">
									<xf id="250148">another address 2</xf>
									<xb id="250150">
										<xbr id="16">
											<xf id="250152">Barcelona</xf>
											<xf id="250154">La Rambla</xf>
											<xf id="250156">231</xf>
											<xf id="250159">88</xf>
										</xbr>
									</xb>
								</xbr>
							</xb>
							<xb id="250162">
								<xbr id="23">
									<xf id="250168">12.01.2010</xf>
									<xb id="250170">
										<xbr id="24">
											<xf id="250171">10.05.2011</xf>
											<xf id="250173">Photo type 1</xf>
											<xf id="250178" mime="1">img/smith_1.jpg</xf>
										</xbr>
										<xbr id="25">
											<xf id="250171">10.05.2011</xf>
											<xf id="250173">Photo type 2</xf>
											<xf id="250178" mime="1">img/smith_2.jpg</xf>
										</xbr>
									</xb>
								</xbr>
								<xbr id="29">
									<xf id="250168">01.02.2008</xf>
									<xb id="250170">
										<xbr id="30">
											<xf id="250173">Photo type 3</xf>
											<xf id="250175">Some notes</xf>
											<xf id="250178" mime="1">img/smith_3.jpg</xf>
										</xbr>
									</xb>
								</xbr>
							</xb>
						</xbr>
					</xb>
				</xrecord>
				<xrecord number="2">
					<xb id="250123">
						<xbr id="1">
							<xf id="250125">287286</xf>
							<xb id="250127">
								<xbr id="2">
									<xf id="250129">Connor</xf>
									<xf id="250132">Sarah</xf>
									<xf id="250140">2</xf>
									<xf id="250141">2</xf>
									<xf id="250142">1975</xf>
								</xbr>
							</xb>
							<xb id="250145">
								<xbr id="15">
									<xf id="250148">Home address</xf>
									<xb id="250150">
										<xbr id="16">
											<xf id="250152">Moscow</xf>
											<xf id="250154">Leninskiy pr.</xf>
											<xf id="250156">132</xf>
											<xf id="250159">45</xf>
										</xbr>
									</xb>
								</xbr>
								<xbr id="16">
									<xf id="250148">Work address</xf>
									<xb id="250150">
										<xbr id="16">
											<xf id="250152">Moscow</xf>
											<xf id="250154">Lubyanka</xf>
											<xf id="250156">1</xf>
											<xf id="250159">2</xf>
										</xbr>
									</xb>
								</xbr>
								<xbr id="16">
									<xf id="250148">another address 1</xf>
									<xb id="250150">
										<xbr id="16">
											<xf id="250152">LA</xf>
											<xf id="250154">Franklin st.</xf>
											<xf id="250156">2312</xf>
											<xf id="250159">77</xf>
										</xbr>
									</xb>
								</xbr>
								<xbr id="16">
									<xf id="250148">another address 2</xf>
									<xb id="250150">
										<xbr id="16">
											<xf id="250152">Lissboa</xf>
											<xf id="250154">Conquire</xf>
											<xf id="250156">56</xf>
											<xf id="250159">234</xf>
										</xbr>
									</xb>
								</xbr>
							</xb>
							<xb id="250162">
								<xbr id="23">
									<xf id="250168">13.02.2011</xf>
									<xb id="250170">
										<xbr id="24">
											<xf id="250171">10.05.2011</xf>
											<xf id="250173">Photo type 8</xf>
											<xf id="250178" mime="1">img/connor_1.jpg</xf>
										</xbr>
										<xbr id="25">
											<xf id="250171">11.06.2008</xf>
											<xf id="250173">Photo type 3</xf>
											<xf id="250178" mime="1">img/connor_2.jpg</xf>
										</xbr>
									</xb>
								</xbr>
							</xb>
						</xbr>
					</xb>
				</xrecord>
			</xbr>
		</xb>
		<x_page_duration value="0.06"/>
		<ext_blocks_stage/>
	</xdata>
</xroot>
