<?xml version="1.0"?>
<?xml-stylesheet type="text/xsl" href="iis_z_content.get?iname=answer-form-column.xsl&pmode=details"?>
<xroot showempty="0">
	<xdisplay>
		<xform id="41548" name="web_visp_info" pos="" processing="online" title="Vispārējā informācija">
			<xrow id="1" type="block-form">
				<xblock id="41550" name="pers_e" pos="2" r_separator="#hr" title="Personas pamatdati">
					<xrow id="2" type="ordinary1">
						<xfield id="41553" name="pers_id" pos="4" visible="0"/>
						<xfield id="41556" name="pers_meklesana" pos="6" textbefore="Meklēšana" visible="1"/>
						<xfield id="41558" name="status_kod" pos="7" textbefore="Statuss" visible="1"/>
					</xrow>
					<xrow id="3" type="block-nobr">
						<xblock id="41560" name="pers_fio_e" pos="8">
							<xrow id="4" type="ordinary1">
								<xblock id="41561" name="pers_dati_e" pos="1">
									<xrow id="5" type="ordinary1">
										<xfield cnv_case_r="U" cnv_mode="S" cnv_type="400" id="41565" name="pkod2" pos="3" textbefore="kkk"/>
										<xfield id="41567" name="v_pkod" pos="4" textbefore="Personas kods" virt="1" visible="1">
											<xfunction exec="post-query" id="41569" name="show_pkod" pos="4" type="join">
												<xfunction field="z_41561_41565" id="41570" length="6" name="pkod_1_substr" pos="3" position="1" type="substr"/>
												<xparam id="41574" name="p2" pos="4" type="value">-</xparam>
												<xfunction field="z_41561_41565" id="41575" name="pkod_2_substr" pos="5" position="7" type="substr"/>
											</xfunction>
										</xfield>
									</xrow>
									<xrow id="6" type="br">
										<xfield id="41578" name="fam1" pos="6" showlen="25" textbefore="Uzvārds" visible="1"/>
										<xfield id="41581" name="imj1" pos="7" showlen="20" textbefore="Vārds" visible="1"/>
										<xfield id="41584" name="imj2" pos="8" textbefore="Vārds 2" visible="0"/>
									</xrow>
									<xrow id="7" type="br">
										<xfield id="41586" name="otch1" pos="10" showlen="30" textbefore="Tēva vārds" visible="1"/>
									</xrow>
									<xrow id="8" type="br">
										<xgroup id="41589" name="gr_dz_e" pos="12" type="range">
											<xgroup d_format="dd.mm.gggg" format="124" id="41590" name="dz_e" pos="2" textbefore="Dzimšanas datums" type="date">
												<xfield id="41592" name="dz_dd" pos="4" visible="1"/>
												<xfield id="41593" name="dz_mm" pos="5" visible="1"/>
												<xfield id="41594" name="dz_gggg" pos="6" visible="1"/>
											</xgroup>
										</xgroup>
									</xrow>
								</xblock>
							</xrow>
						</xblock>
					</xrow>
					<xrow id="14" info="block" type="ordinary2">
						<xblock id="41613" link="1" name="iis_w_tools.visp_info" numbered="1" pipelined="1" pos="10" rec_unlim="1" ref="to_task_name" tab_rows="1" title="Uzdevums">
							<xrow id="15" type="ordinary1">
								<xfield id="41617" name="pers_id" pos="6"/>
								<xfield id="41618" name="obj_name" pos="7" textbefore="Objekts" visible="1"/>
								<xfield id="41620" name="info" pos="8" textbefore="Informācija" visible="1"/>
								<xfield id="41622" name="status" pos="9" textbefore="Statuss" visible="1"/>
								<xfield id="41624" name="task_name" pos="10"/>
							</xrow>
						</xblock>
					</xrow>
				</xblock>
			</xrow>
			<xrow id="16" info="ref" type="ordinary2"/>
		</xform>
		<xreference>
			<xref ext="1" name="to_task_name" text="Pāriet uz uzdevumu" trg_form="func://iis_w_tools.load_form">
				<xfield src="z_41613_41617" trg="p_pers_id"/>
				<xfield src="z_41613_41624" trg="p_task_name"/>
			</xref>
		</xreference>
	</xdisplay>
	<xscripts/>
	<xlist2>
		<block name="pers_e" id="41550">
			<block name="pers_fio_e" id="41560">
				<block name="pers_dati_e" id="41561">
					<column title="Persona">
						<field name="v_pkod" path="pers_e/pers_fio_e/pers_dati_e/v_pkod" id="41567"/>
						<field name="fam1" path="pers_e/pers_fio_e/pers_dati_e/fam1" id="41578"/>
						<field name="imj1" path="pers_e/pers_fio_e/pers_dati_e/imj1" id="41581"/>
						<group name="dz_e" path="pers_e/pers_fio_e/pers_dati_e/dz_e" id="41590"/>
					</column>
				</block>
			</block>
			<block name="iis_w_tools.visp_info" id="41613">
				<column title="Uzdevums">
					<field name="obj_name" path="pers_e/iis_w_tools.visp_info/obj_name" id="41618"/>
					<field name="info" path="pers_e/iis_w_tools.visp_info/info" id="41620"/>
					<field name="status" path="pers_e/iis_w_tools.visp_info/status" id="41622"/>
				</column>
			</block>
		</block>
	</xlist2>
	<xpresetlist>
		<xrecord>
			<xfield name="presetid">1873</xfield>
			<xfield name="preset_name">saraksts</xfield>
			<xfield name="preset_type">default</xfield>
		</xrecord>
		<xrecord>
			<xfield name="presetid">1876</xfield>
			<xfield name="preset_name">t1</xfield>
			<xfield name="preset_type">user</xfield>
			<xfield name="selected">1</xfield>
		</xrecord>
	</xpresetlist>
	<xdata>
		<xb id="41548">
			<xbr id="0">
				<xrecord number="1">
					<xb id="41550">
						<xbr id="1">
							<xf id="41553">297111</xf>
							<xf id="41556">1</xf>
							<xb id="41613">
								<xbr id="2">
									<xf id="41617">297111</xf>
									<xf id="41618">UZDEVUMS</xf>
									<xf id="41620">Elektroniskais notikumu žurnāls / ENZ Iev.03.06.2011 16:32:42/IIS_OWNER Izm.22.11.2013 10:24:26/IIS_OWNER Arh.03.06.2011 16:58:25/IIS_OWNER</xf>
									<xf id="41622">0</xf>
									<xf id="41624">ENZ</xf>
								</xbr>
								<xbr id="3">
									<xf id="41617">297111</xf>
									<xf id="41618">UZDEVUMS</xf>
									<xf id="41620">Administratīvie pārkāpumi / ADM Iev.03.10.2013 17:09:14/IIS_OWNER Izm.27.11.2014 14:06:46/IIS_OWNER Arh.01.11.2013 14:18:11/NPAIS3</xf>
									<xf id="41622">0</xf>
									<xf id="41624">FLT</xf>
								</xbr>
								<xbr id="4">
									<xf id="41617">297111</xf>
									<xf id="41618">UZDEVUMS</xf>
									<xf id="41620">Fototēka / FOT Iev.25.12.2012 14:01:37/IIS_OWNER Izm.05.11.2013 12:45:56/NPAIS3</xf>
									<xf id="41622">0</xf>
									<xf id="41624">FOT</xf>
								</xbr>
								<xbr id="5">
									<xf id="41617">297111</xf>
									<xf id="41618">UZDEVUMS</xf>
									<xf id="41620">Personu apraksts / KNT Iev.05.11.2013 10:07:07/IIS_OWNER Izm.09.10.2014 16:28:59/IIS_OWNER</xf>
									<xf id="41622">0</xf>
									<xf id="41624">KNT</xf>
								</xbr>
								<xbr id="6">
									<xf id="41617">297111</xf>
									<xf id="41618">UZDEVUMS</xf>
									<xf id="41620">N.N.I.P. / OIK Iev.25.02.2011 16:43:09/IIS_OWNER Izm.29.05.2015 11:50:06/IIS_OWNER Arh.25.12.2012 13:59:04/IIS_OWNER</xf>
									<xf id="41622">0</xf>
									<xf id="41624">OIK</xf>
								</xbr>
								<xbr id="7">
									<xf id="41617">297111</xf>
									<xf id="41618">UZDEVUMS</xf>
									<xf id="41620">Personu meklēšana / PEM Iev.03.10.2013 16:22:15/IIS_OWNER Izm.31.08.2015 11:39:32/IIS_OWNER</xf>
									<xf id="41622">0</xf>
									<xf id="41624">PEM</xf>
								</xbr>
								<xbr id="8">
									<xf id="41617">297111</xf>
									<xf id="41618">UZDEVUMS</xf>
									<xf id="41620">Noziedzīgie nodarījumi / KS Iev.03.03.2015 10:03:05/TEST_AVM</xf>
									<xf id="41622">0</xf>
									<xf id="41624">STAT</xf>
								</xbr>
								<xbr id="9">
									<xf id="41617">297111</xf>
									<xf id="41618">UZDEVUMS</xf>
									<xf id="41620">login Iev.19.10.2013 11:00:49/IIS_OWNER Izm.25.10.2013 14:11:43/IIS_OWNER</xf>
									<xf id="41622">0</xf>
									<xf id="41624">login</xf>
								</xbr>
								<xbr id="10">
									<xf id="41617">297111</xf>
									<xf id="41618">UZSKAITES KATEGORIJAS (KNT)</xf>
									<xf id="41620">KONTINGENTS (no 21.05.2014)</xf>
									<xf id="41622">0</xf>
								</xbr>
								<xbr id="11">
									<xf id="41617">297111</xf>
									<xf id="41618">KS IEVADĪTS</xf>
									<xf id="41620">Izdarījuši noziedzīgu nodarījumu (KS3)</xf>
									<xf id="41622">0</xf>
								</xbr>
							</xb>
							<xb id="41560">
								<xbr id="12">
									<xb id="41561">
										<xbr id="14">
											<xf id="41565">88888888888</xf>
											<xf id="41578">TEST1</xf>
											<xf id="41581">TEST</xf>
										</xbr>
									</xb>
								</xbr>
							</xb>
						</xbr>
					</xb>
				</xrecord>
				<xrecord number="2">
					<xb id="41550">
						<xbr id="15">
							<xf id="41553">338181</xf>
							<xf id="41556">2</xf>
							<xf id="41558">1</xf>
							<xb id="41613">
								<xbr id="16">
									<xf id="41617">338181</xf>
									<xf id="41618">UZDEVUMS</xf>
									<xf id="41620">Autopārvadājumu kontroles uzskaites sistēmas / AKUS Iev.17.12.2013 12:48:46/AKUS1 Izm.15.01.2015 10:39:19/TEST_SB</xf>
									<xf id="41622">0</xf>
									<xf id="41624">AKUS</xf>
								</xbr>
								<xbr id="17">
									<xf id="41617">338181</xf>
									<xf id="41618">UZDEVUMS</xf>
									<xf id="41620">Transportlīdzekļu meklēšana / AMT Iev.05.12.2013 13:21:09/IIS_OWNER</xf>
									<xf id="41622">0</xf>
									<xf id="41624">AMT</xf>
								</xbr>
								<xbr id="18">
									<xf id="41617">338181</xf>
									<xf id="41618">UZDEVUMS</xf>
									<xf id="41620">Ceļu policijas Reģistrs / CPR Iev.22.11.2013 10:49:23/IIS_OWNER Izm.28.08.2014 15:49:14/AKUS1</xf>
									<xf id="41622">0</xf>
									<xf id="41624">CPR</xf>
								</xbr>
								<xbr id="19">
									<xf id="41617">338181</xf>
									<xf id="41618">UZDEVUMS</xf>
									<xf id="41620">Diskrēta novērošana / DN Iev.08.11.2013 11:50:58/NPAIS3 Izm.16.05.2014 11:39:29/IIS_OWNER Arh.16.05.2014 12:22:36/IIS_OWNER</xf>
									<xf id="41622">1</xf>
									<xf id="41624">DN</xf>
								</xbr>
								<xbr id="20">
									<xf id="41617">338181</xf>
									<xf id="41618">UZDEVUMS</xf>
									<xf id="41620">Elektroniskais notikumu žurnāls / ENZ Iev.26.08.2013 17:32:30/IIS_OWNER Izm.28.02.2014 10:44:42/IIS_OWNER</xf>
									<xf id="41622">0</xf>
									<xf id="41624">ENZ</xf>
								</xbr>
								<xbr id="21">
									<xf id="41617">338181</xf>
									<xf id="41618">UZDEVUMS</xf>
									<xf id="41620">Elektroniskais notikumu žurnāls / Aizturētie Iev.26.08.2013 17:32:30/IIS_OWNER Izm.28.02.2014 10:44:42/IIS_OWNER</xf>
									<xf id="41622">0</xf>
									<xf id="41624">ENZ_A</xf>
								</xbr>
								<xbr id="22">
									<xf id="41617">338181</xf>
									<xf id="41618">UZDEVUMS</xf>
									<xf id="41620">Administratīvie pārkāpumi / ADM Iev.26.08.2013 14:54:35/IIS_OWNER Izm.01.10.2014 10:18:30/IIS_OWNER Arh.05.03.2014 12:16:22/TEST_VKM</xf>
									<xf id="41622">0</xf>
									<xf id="41624">FLT</xf>
								</xbr>
								<xbr id="23">
									<xf id="41617">338181</xf>
									<xf id="41618">UZDEVUMS</xf>
									<xf id="41620">Ieroči / IER Iev.01.11.2013 14:39:34/IIS_OWNER Izm.01.11.2013 15:06:04/IIS_OWNER Arh.16.10.2015 10:09:55/IIS_OWNER</xf>
									<xf id="41622">1</xf>
									<xf id="41624">IER</xf>
								</xbr>
								<xbr id="24">
									<xf id="41617">338181</xf>
									<xf id="41618">UZDEVUMS</xf>
									<xf id="41620">Personu apraksts / KNT Iev.05.11.2013 09:18:38/IIS_OWNER Izm.30.09.2015 14:42:04/IIS_OWNER</xf>
									<xf id="41622">0</xf>
									<xf id="41624">KNT</xf>
								</xbr>
								<xbr id="25">
									<xf id="41617">338181</xf>
									<xf id="41618">UZDEVUMS</xf>
									<xf id="41620">Mantu meklēšana / MNT Iev.17.03.2014 19:11:50/IIS_OWNER Izm.10.06.2014 16:34:11/IIS_OWNER</xf>
									<xf id="41622">0</xf>
									<xf id="41624">MNT</xf>
								</xbr>
								<xbr id="26">
									<xf id="41617">338181</xf>
									<xf id="41618">UZDEVUMS</xf>
									<xf id="41620">Nepilngadīgo personu atbalsta informācijas sistēma / NPAIS Iev.19.02.2015 10:00:50 Arh.19.02.2015 10:00:50</xf>
									<xf id="41622">1</xf>
									<xf id="41624">NPAIS</xf>
								</xbr>
								<xbr id="27">
									<xf id="41617">338181</xf>
									<xf id="41618">UZDEVUMS</xf>
									<xf id="41620">N.N.I.P. / OIK Iev.22.10.2013 12:25:10/IIS_OWNER Izm.09.04.2015 12:07:11/IC001</xf>
									<xf id="41622">0</xf>
									<xf id="41624">OIK</xf>
								</xbr>
								<xbr id="28">
									<xf id="41617">338181</xf>
									<xf id="41618">UZDEVUMS</xf>
									<xf id="41620">Personu meklēšana / PEM Iev.22.11.2013 10:10:29/IIS_OWNER Izm.08.05.2014 09:17:52/IIS_OWNER Arh.21.11.2014 11:16:57/IIS_OWNER</xf>
									<xf id="41622">1</xf>
									<xf id="41624">PEM</xf>
								</xbr>
								<xbr id="29">
									<xf id="41617">338181</xf>
									<xf id="41618">UZDEVUMS</xf>
									<xf id="41620">Teroristi un Teroristiskas organizācijas / TER Iev.26.08.2013 17:31:42/IIS_OWNER Izm.19.02.2015 09:26:06/IIS_OWNER</xf>
									<xf id="41622">0</xf>
									<xf id="41624">TER</xf>
								</xbr>
								<xbr id="30">
									<xf id="41617">338181</xf>
									<xf id="41618">UZSKAITES KATEGORIJAS (KNT)</xf>
									<xf id="41620">KONTINGENTS (no 28.02.2014), AGRĀK SODĪTS</xf>
									<xf id="41622">0</xf>
								</xbr>
							</xb>
							<xb id="41560">
								<xbr id="31">
									<xb id="41561">
										<xbr id="33">
											<xf id="41565">88888888888</xf>
											<xf id="41578">TEST1</xf>
											<xf id="41581">TEST</xf>
											<xf id="41592">1</xf>
											<xf id="41593">1</xf>
											<xf id="41594">2012</xf>
										</xbr>
									</xb>
								</xbr>
							</xb>
						</xbr>
					</xb>
				</xrecord>
			</xbr>
		</xb>
		<x_page_duration value="2.03"/>
		<ext_blocks_stage/>
	</xdata>
	<aux>
		<auxitem name="log_id">3631119</auxitem>
		<auxitem name="inst_id"/>
		<auxitem name="more_records">0</auxitem>
		<auxitem name="call_type">n</auxitem>
		<auxitem name="a_layout"/>
		<auxitem name="external_system_off">0</auxitem>
		<auxitem name="ext_block_count"/>
		<auxitem name="ext_block_waited"/>
		<auxitem name="form_id">41548</auxitem>
		<auxitem name="zngin2lz_version">1,2,5,2</auxitem>
		<auxitem name="username">TEST_RL</auxitem>
		<auxitem name="userid">190</auxitem>
		<auxitem name="count_only_threshold">30</auxitem>
		<auxitem name="instance"/>
		<auxitem name="web_admin">1</auxitem>
		<auxitem name="analytic_role">1</auxitem>
		<auxitem name="transform">client</auxitem>
		<auxitem name="log_priority">1</auxitem>
		<auxitem name="tree_records_limit">10</auxitem>
		<auxitem name="records_count">2</auxitem>
		<auxitem name="request_id">489274</auxitem>
		<auxitem name="page_no">1</auxitem>
		<auxitem id="records_per_page" name="records_per_page">12</auxitem>
		<auxitem name="answer_mode">answer</auxitem>
		<auxitem name="fieldcells">2</auxitem>
		<auxitem name="listonly">0</auxitem>
		<auxitem name="show_list">1</auxitem>
		<auxitem name="show_details">1</auxitem>
		<auxitem name="records_limit">1000</auxitem>
		<auxitem name="record_no">0</auxitem>
		<auxitem name="records_per_obj">5</auxitem>
		<auxitem name="start_record"/>
		<auxitem name="request_time">04.12.2015 09:46:22</auxitem>
		<auxitem name="request_duration">0.49</auxitem>
		<auxitem name="request_condition"><rc>
<b n="Vispārējā informācija">
<b n="Personas pamatdati">
<f n="Personas kods">88888888888</f>
<f n="Uzvārds">TEST1</f>
<f n="Vārds">TEST</f>
</b>
</b>
</rc>
</auxitem>
		<auxitem name="page_duration">2.03</auxitem>
		<auxitem name="presetid">1876</auxitem>
		<auxitem name="bpresetid"/>
		<auxitem name="overwrite_detail_max_rec">0</auxitem>
		<auxitem name="list_count">2</auxitem>
		<auxitem name="records_list"/>
		<auxitem name="store_page_xml">0</auxitem>
		<auxitem name="use_object_audit">1</auxitem>
		<auxitem name="lf">41548:0</auxitem>
		<auxitem name="date">04.12.2015</auxitem>
		<auxitem name="time">09:46:25</auxitem>
		<auxitem name="userfio">TEST TEST</auxitem>
		<auxitem name="viewed">0</auxitem>
		<auxitem name="adv_list">0</auxitem>
		<auxitem name="call_showme">1</auxitem>
		<auxitem name="tree_view">0</auxitem>
		<auxitem name="u_job">TEST AMATS</auxitem>
		<auxitem name="u_email">oli@ic.iem.gov.lv</auxitem>
		<auxitem name="u_contact">TEST TALR</auxitem>
		<auxitem name="u_department">IEM INFORMĀCIJAS CENTRS (IC)</auxitem>
	</aux>
	<service><info name="queue_status" value="1"/></service>
	<in_params>
		<fld id="z_41561_41563" name=":pers_dati_e.pkod1">88888888888</fld>
		<fld id="z_41595_41596" name=":pers_v_e.fam_v1">test1</fld>
		<fld id="z_41595_41600" name=":pers_v_e.imj_v1">test</fld>
	</in_params>
	<forms_nav>
		<frm form_itself="1" frame="0"/>
	</forms_nav>
	<displayaux>
		<auxitem fixed="1" name="records_count" text="Atrasti ieraksti">2</auxitem>
		<auxitem fixed="1" name="pageno_vs_total" text="Lappuse">1/1</auxitem>
		<auxitem fixed="1" name="records_list" text="Atlasītie ieraksti"/>
		<auxitem fixed="1" name="block_preset" text="Atlasītie bloki"/>
		<auxitem name="records_per_page" text="Ieraksti lappusē">12</auxitem>
		<auxitem name="records_limit" text="Maks. ierakstu skaits">1000</auxitem>
		<auxitem fixed="1" name="request_time" text="Datums">04.12.2015 09:46:22</auxitem>
		<auxitem fixed="1" name="user_name" text="Lietotājs">TEST TEST</auxitem>
		<auxitem name="request_duration" text="Pieprasījuma izpildes laiks">0.49 secundes</auxitem>
		<auxitem name="request_condition" print="1" text="Pieprasījuma nosacījumi"/>
		<auxitem name="page_duration" text="Lappuses formēšanas laiks"/>
		<auxitem name="result_duration" text="Atbildes formēšanas laiks">1.16 secundes</auxitem>
	</displayaux>
	<rcond><rc>
			<b n="Vispārējā informācija">
				<b n="Personas pamatdati">
					<f n="Personas kods">88888888888</f>
					<f n="Uzvārds">TEST1</f>
					<f n="Vārds">TEST</f>
				</b>
			</b>
		</rc>
	</rcond>
</xroot>
