<?xml version="1.0" encoding="UTF-8" ?>
<books>

<book>
	<filename>abarinovakozhuhova_elizaveta/abarinovakozhuhova_elizaveta_car_myshei.fb2.zip</filename>
	<title>Абаринова-Кожухова Елизавета. Царь мышей</title>
</book>
<book>
	<filename>abarinovakozhuhova_elizaveta/abarinovakozhuhova_elizaveta_dver_v_preispodnyuyu.fb2.zip</filename>
	<title>Абаринова-Кожухова Елизавета. Дверь в преисподнюю</title>
</book>
<book>
	<filename>abarinovakozhuhova_elizaveta/abarinovakozhuhova_elizaveta_holm_demonov.fb2.zip</filename>
	<title>Абаринова-Кожухова Елизавета. Холм демонов</title>
</book>
<book>
	<filename>abarinovakozhuhova_elizaveta/abarinovakozhuhova_elizaveta_iskusstvo_nastupat_na_shvabru.fb2.zip</filename>
	<title>Абаринова-Кожухова Елизавета. Искусство наступать на швабру</title>
</book>
<book>
	<filename>abarinovakozhuhova_elizaveta/abarinovakozhuhova_elizaveta_poyeticheskii_pobeg.fb2.zip</filename>
	<title>Абаринова-Кожухова Елизавета. Поэтический побег</title>
</book>
<book>
	<filename>abasheli_aleksandr/abasheli_aleksandr_zhenshina_v_zerkale.fb2.zip</filename>
	<title>Абашели Александр. Женщина в зеркале</title>
</book>
<book>
	<filename>abashidze_grigol/abashidze_grigol_dolgaya_noch.fb2.zip</filename>
	<title>Абашидзе Григол. Долгая ночь</title>
</book>
<book>
	<filename>abashidze_grigol/abashidze_grigol_lasharela.fb2.zip</filename>
	<title>Абашидзе Григол. Лашарела</title>
</book>
<book>
	<filename>abbaszade_gusein/abbaszade_gusein_general.fb2.zip</filename>
	<title>Аббасзаде Гусейн. Генерал</title>
</book>
<book>
	<filename>abbaszade_gusein/abbaszade_gusein_toi_pobednoi_vesnoi.fb2.zip</filename>
	<title>Аббасзаде Гусейн. Той победной весной</title>
</book>
<book>
	<filename>abbi_linn/abbi_linn_mednyi_gambit.fb2.zip</filename>
	<title>Абби Линн. Медный гамбит</title>
</book>
<book>
	<filename>abbi_linn/abbi_linn_mirohodec.fb2.zip</filename>
	<title>Абби Линн. Мироходец</title>
</book>
<book>
	<filename>abbi_linn/abbi_linn_teni_kinovari.fb2.zip</filename>
	<title>Абби Линн. Тени Киновари</title>
</book>
<book>
	<filename>abbi_linn/abbi_linn_vzlet_i_padenie_korolyadrakona.fb2.zip</filename>
	<title>Абби Линн. Взлет и Падение Короля-Дракона</title>
</book>
<book>
	<filename>abdulaeva_sahiba/abdulaeva_sahiba_gospodstvo_zhenshin.fb2.zip</filename>
	<title>Абдулаева Сахиба. Господство женщин</title>
</book>
<book>
	<filename>abdulaeva_sahiba/abdulaeva_sahiba_kak_my_izobreli_fotosintezator.fb2.zip</filename>
	<title>Абдулаева Сахиба. Как мы изобрели фотосинтезатор</title>
</book>
<book>
	<filename>abdulaeva_sahiba/abdulaeva_sahiba_mediumy.fb2.zip</filename>
	<title>Абдулаева Сахиба. Медиумы</title>
</book>
<book>
	<filename>abdulaev_yerkebek/abdulaev_yerkebek_pozyvnoi_kobra_zapiski_razvedchika_specialnogo_naznacheniya.fb2.zip</filename>
	<title>Абдулаев Эркебек. Позывной – «Кобра» (Записки разведчика специального назначения)</title>
</book>
<book>
	<filename>abdullaev_chingiz/abdullaev_chingiz_alternativa_dlya_durakov.fb2.zip</filename>
	<title>Абдуллаев Чингиз. Альтернатива для дураков</title>
</book>
<book>
	<filename>abdullaev_chingiz/abdullaev_chingiz_alternativa_dlya_greshnikov.fb2.zip</filename>
	<title>Абдуллаев Чингиз. Альтернатива для грешников</title>
</book>
<book>
	<filename>abdullaev_chingiz/abdullaev_chingiz_angliiskii_bulvar.fb2.zip</filename>
	<title>Абдуллаев Чингиз. Английский бульвар</title>
</book>
<book>
	<filename>abdullaev_chingiz/abdullaev_chingiz_bremya_idolov.fb2.zip</filename>
	<title>Абдуллаев Чингиз. Бремя идолов</title>
</book>
<book>
	<filename>abdullaev_chingiz/abdullaev_chingiz_cena_beschestya.fb2.zip</filename>
	<title>Абдуллаев Чингиз Акифович. Цена бесчестья</title>
</book>
<book>
	<filename>abdullaev_chingiz/abdullaev_chingiz_den_gneva.fb2.zip</filename>
	<title>Абдуллаев Чингиз. День гнева</title>
</book>
<book>
	<filename>abdullaev_chingiz/abdullaev_chingiz_den_luny.fb2.zip</filename>
	<title>Абдуллаев Чингиз. День луны</title>
</book>
<book>
	<filename>abdullaev_chingiz/abdullaev_chingiz_golubye_angely.fb2.zip</filename>
	<title>Абдуллаев Чингиз. Голубые ангелы</title>
</book>
<book>
	<filename>abdullaev_chingiz/abdullaev_chingiz_granpri_dlya_ubiicy.fb2.zip</filename>
	<title>Абдуллаев Чингиз. «Гран-При» для убийцы</title>
</book>
<book>
	<filename>abdullaev_chingiz/abdullaev_chingiz_idealnaya_mishen.fb2.zip</filename>
	<title>Абдуллаев Чингиз. Идеальная мишень</title>
</book>
<book>
	<filename>abdullaev_chingiz/abdullaev_chingiz_instinkt_zhenshiny.fb2.zip</filename>
	<title>Абдуллаев Чингиз. Инстинкт женщины</title>
</book>
<book>
	<filename>abdullaev_chingiz/abdullaev_chingiz_i_vozmi_moyu_bol.fb2.zip</filename>
	<title>Абдуллаев Чингиз. И возьми мою боль</title>
</book>
<book>
	<filename>abdullaev_chingiz/abdullaev_chingiz_izmena_v_imeni_tvoem.fb2.zip</filename>
	<title>Абдуллаев Чингиз. Измена в имени твоем</title>
</book>
<book>
	<filename>abdullaev_chingiz/abdullaev_chingiz_kamni_poslednei_steny.fb2.zip</filename>
	<title>Абдуллаев Чингиз. Камни последней стены</title>
</book>
<book>
	<filename>abdullaev_chingiz/abdullaev_chingiz_liniya_alligatora.fb2.zip</filename>
	<title>Абдуллаев Чингиз. Линия аллигатора</title>
</book>
<book>
	<filename>abdullaev_chingiz/abdullaev_chingiz_luchshe_byt_svyatym.fb2.zip</filename>
	<title>Абдуллаев Чингиз. Лучше быть святым</title>
</book>
<book>
	<filename>abdullaev_chingiz/abdullaev_chingiz_mest_zhenshiny.fb2.zip</filename>
	<title>Абдуллаев Чингиз. Месть женщины</title>
</book>
<book>
	<filename>abdullaev_chingiz/abdullaev_chingiz_moyo_prekrasnoe_alibi.fb2.zip</filename>
	<title>Абдуллаев Чингиз. Моё прекрасное алиби</title>
</book>
<book>
	<filename>abdullaev_chingiz/abdullaev_chingiz_mrak_pod_solncem.fb2.zip</filename>
	<title>Абдуллаев Чингиз. Мрак под солнцем</title>
</book>
<book>
	<filename>abdullaev_chingiz/abdullaev_chingiz_na_storone_boga.fb2.zip</filename>
	<title>Абдуллаев Чингиз. На стороне бога</title>
</book>
<book>
	<filename>abdullaev_chingiz/abdullaev_chingiz_obretenie_ada.fb2.zip</filename>
	<title>Абдуллаев Чингиз. Обретение ада</title>
</book>
<book>
	<filename>abdullaev_chingiz/abdullaev_chingiz_ochevidnaya_metamorfoza.fb2.zip</filename>
	<title>Абдуллаев Чингиз. Очевидная метаморфоза</title>
</book>
<book>
	<filename>abdullaev_chingiz/abdullaev_chingiz_ohota_na_cheloveka.fb2.zip</filename>
	<title>Абдуллаев Чингиз. Охота на человека</title>
</book>
<book>
	<filename>abdullaev_chingiz/abdullaev_chingiz_okean_nenavisti.fb2.zip</filename>
	<title>Абдуллаев Чингиз. Океан ненависти</title>
</book>
<book>
	<filename>abdullaev_chingiz/abdullaev_chingiz_oprokinutaya_realnost.fb2.zip</filename>
	<title>Абдуллаев Чингиз. Опрокинутая реальность</title>
</book>
<book>
	<filename>abdullaev_chingiz/abdullaev_chingiz_otvetnyi_udar.fb2.zip</filename>
	<title>Абдуллаев Чингиз. Ответный удар</title>
</book>
<book>
	<filename>abdullaev_chingiz/abdullaev_chingiz_pepel_nadezhdy.fb2.zip</filename>
	<title>Абдуллаев Чингиз. Пепел надежды</title>
</book>
<book>
	<filename>abdullaev_chingiz/abdullaev_chingiz_plata_haronu.fb2.zip</filename>
	<title>Абдуллаев Чингиз. Плата Харону</title>
</book>
<book>
	<filename>abdullaev_chingiz/abdullaev_chingiz_pochti_neveroyatnoe_ubiistvo.fb2.zip</filename>
	<title>Абдуллаев Чингиз. Почти невероятное убийство</title>
</book>
<book>
	<filename>abdullaev_chingiz/abdullaev_chingiz_poslednii_sinklit.fb2.zip</filename>
	<title>Абдуллаев Чингиз. Последний синклит</title>
</book>
<book>
	<filename>abdullaev_chingiz/abdullaev_chingiz_pravila_logiki.fb2.zip</filename>
	<title>Абдуллаев Чингиз. Правила логики</title>
</book>
<book>
	<filename>abdullaev_chingiz/abdullaev_chingiz_pravilo_professionalov.fb2.zip</filename>
	<title>Абдуллаев Чингиз. Правило профессионалов</title>
</book>
<book>
	<filename>abdullaev_chingiz/abdullaev_chingiz_proiti_chistilishe.fb2.zip</filename>
	<title>Абдуллаев Чингиз. Пройти чистилище</title>
</book>
<book>
	<filename>abdullaev_chingiz/abdullaev_chingiz_put_voina.fb2.zip</filename>
	<title>Абдуллаев Чингиз. Путь воина</title>
</book>
<book>
	<filename>abdullaev_chingiz/abdullaev_chingiz_rai_obrechennyh.fb2.zip</filename>
	<title>Абдуллаев Чингиз. Рай обреченных</title>
</book>
<book>
	<filename>abdullaev_chingiz/abdullaev_chingiz_randevu_s_valtasarom.fb2.zip</filename>
	<title>Абдуллаев Чингиз. Рандеву с Валтасаром</title>
</book>
<book>
	<filename>abdullaev_chingiz/abdullaev_chingiz_rassudok_manyaka.fb2.zip</filename>
	<title>Абдуллаев Чингиз. Рассудок маньяка</title>
</book>
<book>
	<filename>abdullaev_chingiz/abdullaev_chingiz_samoe_nadyozhnoe.fb2.zip</filename>
	<title>Абдуллаев Чингиз. Самое надёжное</title>
</book>
<book>
	<filename>abdullaev_chingiz/abdullaev_chingiz_simvoly_raspada.fb2.zip</filename>
	<title>Абдуллаев Чингиз. Символы распада</title>
</book>
<book>
	<filename>abdullaev_chingiz/abdullaev_chingiz_skolko_stoit_milliard.fb2.zip</filename>
	<title>Абдуллаев Чингиз. Сколько стоит миллиард</title>
</book>
<book>
	<filename>abdullaev_chingiz/abdullaev_chingiz_smert_na_holme_montemario.fb2.zip</filename>
	<title>Абдуллаев Чингиз. Смерть на холме Монте-Марио</title>
</book>
<book>
	<filename>abdullaev_chingiz/abdullaev_chingiz_sotvori_sebe_mir.fb2.zip</filename>
	<title>Абдуллаев Чингиз. Сотвори себе мир</title>
</book>
<book>
	<filename>abdullaev_chingiz/abdullaev_chingiz_sovest_negodyaev.fb2.zip</filename>
	<title>Абдуллаев Чингиз. Совесть негодяев</title>
</book>
<book>
	<filename>abdullaev_chingiz/abdullaev_chingiz_srok_prigovorennyh.fb2.zip</filename>
	<title>Абдуллаев Чингиз. Срок приговоренных</title>
</book>
<book>
	<filename>abdullaev_chingiz/abdullaev_chingiz_standart_vozmezdiya.fb2.zip</filename>
	<title>Абдуллаев Чингиз. Стандарт возмездия</title>
</book>
<book>
	<filename>abdullaev_chingiz/abdullaev_chingiz_stil_podleca.fb2.zip</filename>
	<title>Абдуллаев Чингиз. Стиль подлеца</title>
</book>
<book>
	<filename>abdullaev_chingiz/abdullaev_chingiz_ten_iroda.fb2.zip</filename>
	<title>Абдуллаев Чингиз. Тень Ирода</title>
</book>
<book>
	<filename>abdullaev_chingiz/abdullaev_chingiz_tonnel_prizrakov.fb2.zip</filename>
	<title>Абдуллаев Чингиз. Тоннель призраков</title>
</book>
<book>
	<filename>abdullaev_chingiz/abdullaev_chingiz_tri_cveta_krovi.fb2.zip</filename>
	<title>Абдуллаев Чингиз. Три цвета крови</title>
</book>
<book>
	<filename>abdullaev_chingiz/abdullaev_chingiz_uiti_i_ne_vernutsya.fb2.zip</filename>
	<title>Абдуллаев Чингиз. Уйти и не вернуться</title>
</book>
<book>
	<filename>abdullaev_chingiz/abdullaev_chingiz_uprazdnennyi_ritual.fb2.zip</filename>
	<title>Абдуллаев Чингиз. Упраздненный ритуал</title>
</book>
<book>
	<filename>abdullaev_chingiz/abdullaev_chingiz_v_ozhidanii_apokalipsisa.fb2.zip</filename>
	<title>Абдуллаев Чингиз. В ожидании апокалипсиса</title>
</book>
<book>
	<filename>abdullaev_chingiz/abdullaev_chingiz_vsegda_vcherashnee_zavtra.fb2.zip</filename>
	<title>Абдуллаев Чингиз. Всегда вчерашнее завтра</title>
</book>
<book>
	<filename>abdullaev_chingiz/abdullaev_chingiz_zakon_negodyaev.fb2.zip</filename>
	<title>Абдуллаев Чингиз. Закон негодяев</title>
</book>
<book>
	<filename>abekassis_yeliett/abekassis_yeliett_sokrovishe_hrama.fb2.zip</filename>
	<title>Абекассис Элиетт. Сокровище храма</title>
</book>
<book>
	<filename>abelyar_per/abelyar_per_dialog_mezhdu_filosofom_iudeem_i_hristianinom.fb2.zip</filename>
	<title>Абеляр Пьер. Диалог между философом, иудеем и христианином</title>
</book>
<book>
	<filename>abelyar_per/abelyar_per_istoriya_moih_bedstvii.fb2.zip</filename>
	<title>Абеляр Пьер. История моих бедствий</title>
</book>
<book>
	<filename>abelyar_taisha/abelyar_taisha_magicheskii_perehod_put_zhenshinyvoina.fb2.zip</filename>
	<title>Абеляр Тайша. Магический переход. Путь женщины-воина</title>
</book>
<book>
	<filename>abelyashev_dmitrii/abelyashev_dmitrii_pastyr_vselennoi.fb2.zip</filename>
	<title>Абеляшев Дмитрий. Пастырь Вселенной</title>
</book>
<book>
	<filename>abidzhan_anvar/abidzhan_anvar_alamazon_i_ego_pehota.fb2.zip</filename>
	<title>Абиджан Анвар. Аламазон и его пехота</title>
</book>
<book>
	<filename>abnett_dyen/abnett_dyen_ordo_ksenos.fb2.zip</filename>
	<title>Абнетт Дэн. Ордо Ксенос</title>
</book>
<book>
	<filename>abnett_dyen/abnett_dyen_ordo_malleus.fb2.zip</filename>
	<title>Абнетт Дэн. Ордо Маллеус</title>
</book>
<book>
	<filename>abramov_aleksandr/abramov_aleksandr_bal.fb2.zip</filename>
	<title>Абрамов Александр Иванович. Бал</title>
</book>
<book>
	<filename>abramov_aleksandr/abramov_aleksandr_belye_nachinayut.fb2.zip</filename>
	<title>Абрамов Александр Иванович. Белые начинают…</title>
</book>
<book>
	<filename>abramov_aleksandr/abramov_aleksandr_gamma_vremen.fb2.zip</filename>
	<title>Абрамов Александр Иванович. Гамма времен</title>
</book>
<book>
	<filename>abramov_aleksandr/abramov_aleksandr_hozhdenie_za_tri_mira.fb2.zip</filename>
	<title>Абрамов Александр Иванович. Хождение за три мира</title>
</book>
<book>
	<filename>abramov_aleksandr/abramov_aleksandr_komnata_dlya_gostei.fb2.zip</filename>
	<title>Абрамов Александр Иванович. Комната для гостей</title>
</book>
<book>
	<filename>abramov_aleksandr/abramov_aleksandr_muzhestvo_v_nasledstvo.fb2.zip</filename>
	<title>Абрамов Александр Семенович. Мужество в наследство</title>
</book>
<book>
	<filename>abramov_aleksandr/abramov_aleksandr_novyi_aladdin.fb2.zip</filename>
	<title>Абрамов Александр Иванович. Новый Аладдин</title>
</book>
<book>
	<filename>abramov_aleksandr/abramov_aleksandr_poslednyaya_tochka.fb2.zip</filename>
	<title>Абрамов Александр Иванович. Последняя точка</title>
</book>
<book>
	<filename>abramov_aleksandr/abramov_aleksandr_princ_iz_sedmoi_formacii.fb2.zip</filename>
	<title>Абрамов Александр Иванович. Принц из седьмой формации</title>
</book>
<book>
	<filename>abramov_aleksandr/abramov_aleksandr_rai_bez_pamyati.fb2.zip</filename>
	<title>Абрамов Александр Иванович. Рай без памяти</title>
</book>
<book>
	<filename>abramov_aleksandr/abramov_aleksandr_selesta_7000.fb2.zip</filename>
	<title>Абрамов Александр. Селеста 7000</title>
</book>
<book>
	<filename>abramov_aleksandr/abramov_aleksandr_serebryanyi_variant.fb2.zip</filename>
	<title>Абрамов Александр Иванович. Серебряный вариант</title>
</book>
<book>
	<filename>abramov_aleksandr/abramov_aleksandr_spokoinoi_nochi.fb2.zip</filename>
	<title>Абрамов Александр Иванович. Спокойной ночи!</title>
</book>
<book>
	<filename>abramov_aleksandr/abramov_aleksandr_ten_imperatora.fb2.zip</filename>
	<title>Абрамов Александр Иванович. Тень императора</title>
</book>
<book>
	<filename>abramov_aleksandr/abramov_aleksandr_vsadniki_niotkuda.fb2.zip</filename>
	<title>Абрамов Александр Иванович. Всадники ниоткуда</title>
</book>
<book>
	<filename>abramov_aleksandr/abramov_aleksandr_vsadniki_niotkuda_s_illyustraciyami.fb2.zip</filename>
	<title>Абрамов Александр Иванович. Всадники ниоткуда (с иллюстрациями)</title>
</book>
<book>
	<filename>abramov_aleksandr/abramov_aleksandr_vse_dozvoleno.fb2.zip</filename>
	<title>Абрамов Александр. Все дозволено</title>
</book>
<book>
	<filename>abramov_aleksei/abramov_aleksei_pravda_i_vymysly_o_kremlevskom_nekropole_i_mavzolee.fb2.zip</filename>
	<title>Абрамов Алексей. Правда и вымыслы о кремлевском некрополе и Мавзолее</title>
</book>
<book>
	<filename>abramov_artem/abramov_artem_ubei_strah_marafonec.fb2.zip</filename>
	<title>Абрамов Артем Сергеевич. Убей страх: Марафонец</title>
</book>
<book>
	<filename>abramov_fedor/abramov_fedor_alka.fb2.zip</filename>
	<title>Абрамов Федор Александрович. Алька</title>
</book>
<book>
	<filename>abramov_fedor/abramov_fedor_babilei_sbornik_rasskazov.fb2.zip</filename>
	<title>Абрамов Федор Александрович. Бабилей. Сборник рассказов</title>
</book>
<book>
	<filename>abramov_fedor/abramov_fedor_bezotcovshina.fb2.zip</filename>
	<title>Абрамов Федор Александрович. Безотцовщина</title>
</book>
<book>
	<filename>abramov_fedor/abramov_fedor_bratya_i_sestry.fb2.zip</filename>
	<title>Абрамов Федор Александрович. Братья и сестры</title>
</book>
<book>
	<filename>abramov_fedor/abramov_fedor_derevyannye_koni.fb2.zip</filename>
	<title>Абрамов Федор Александрович. Деревянные кони</title>
</book>
<book>
	<filename>abramov_fedor/abramov_fedor_dom.fb2.zip</filename>
	<title>Абрамов Федор Александрович. Дом</title>
</book>
<book>
	<filename>abramov_fedor/abramov_fedor_dve_zimy_i_tri_leta.fb2.zip</filename>
	<title>Абрамов Федор Александрович. Две зимы и три лета</title>
</book>
<book>
	<filename>abramov_fedor/abramov_fedor_mamoniha.fb2.zip</filename>
	<title>Абрамов Федор Александрович. Мамониха</title>
</book>
<book>
	<filename>abramov_fedor/abramov_fedor_pelageya.fb2.zip</filename>
	<title>Абрамов Федор Александрович. Пелагея</title>
</book>
<book>
	<filename>abramov_fedor/abramov_fedor_putipereputya.fb2.zip</filename>
	<title>Абрамов Федор Александрович. Пути-перепутья</title>
</book>
<book>
	<filename>abramov_fedor/abramov_fedor_vokrug_da_okolo.fb2.zip</filename>
	<title>Абрамов Федор Александрович. Вокруг да около</title>
</book>
<book>
	<filename>abramov_fedor/abramov_fedor_zhilabyla_semuzhka.fb2.zip</filename>
	<title>Абрамов Федор Александрович. Жила-была семужка</title>
</book>
<book>
	<filename>abramovich_isai/abramovich_isai_kniga_vospominanii.fb2.zip</filename>
	<title>Абрамович Исай Львович. Книга воспоминаний</title>
</book>
<book>
	<filename>abramovich_isai/abramovich_isai_vzglyady.fb2.zip</filename>
	<title>Абрамович Исай Львович. Взгляды</title>
</book>
<book>
	<filename>abramovich_mark/abramovich_mark_iisus_evrei_iz_galilei.fb2.zip</filename>
	<title>Абрамович Марк. Иисус, еврей из Галилеи</title>
</book>
<book>
	<filename>abramov_mihail/abramov_mihail_shotlandskaya_filosofiya_veka_prosvesheniya.fb2.zip</filename>
	<title>Абрамов Михаил Александрович. Шотландская философия века Просвещения</title>
</book>
<book>
	<filename>abramov_petr/abramov_petr_basmach.fb2.zip</filename>
	<title>Абрамов Петр. Басмач</title>
</book>
<book>
	<filename>abramov_petr/abramov_petr_docha.fb2.zip</filename>
	<title>Абрамов Петр. Доча</title>
</book>
<book>
	<filename>abramov_petr/abramov_petr_mezhdu_dvuh_ognei.fb2.zip</filename>
	<title>Абрамов Петр. Между двух огней</title>
</book>
<book>
	<filename>abramov_petr/abramov_petr_muzhskoe_vospitanie.fb2.zip</filename>
	<title>Абрамов Петр. Мужское воспитание</title>
</book>
<book>
	<filename>abramov_petr/abramov_petr_rekordsmen.fb2.zip</filename>
	<title>Абрамов Петр. Рекордсмен</title>
</book>
<book>
	<filename>abramov_petr/abramov_petr_vendetta.fb2.zip</filename>
	<title>Абрамов Петр. Вендетта</title>
</book>
<book>
	<filename>abramov_petr/abramov_petr_vypendrezhniki.fb2.zip</filename>
	<title>Абрамов Петр. Выпендрежники</title>
</book>
<book>
	<filename>abramov_sergei/abramov_sergei_chelovek_kotoryi_ne_mog_tvorit_chudesa.fb2.zip</filename>
	<title>Абрамов Сергей Александрович. Человек, который не мог творить чудеса</title>
</book>
<book>
	<filename>abramov_sergei/abramov_sergei_chelovek_so_zvezdy.fb2.zip</filename>
	<title>Абрамов Сергей. Человек со звезды</title>
</book>
<book>
	<filename>abramov_sergei/abramov_sergei_dva_uzla_na_polotence.fb2.zip</filename>
	<title>Абрамов Сергей Александрович. Два узла на полотенце</title>
</book>
<book>
	<filename>abramov_sergei/abramov_sergei_dvoe_pod_odnim_zontom.fb2.zip</filename>
	<title>Абрамов Сергей Александрович. Двое под одним зонтом</title>
</book>
<book>
	<filename>abramov_sergei/abramov_sergei_gamma_vremen.fb2.zip</filename>
	<title>Абрамов Сергей Александрович. Гамма времен</title>
</book>
<book>
	<filename>abramov_sergei/abramov_sergei_grazhdane_vozdushnaya_trevoga.fb2.zip</filename>
	<title>Абрамов Сергей Александрович. «Граждане, воздушная тревога!»</title>
</book>
<book>
	<filename>abramov_sergei/abramov_sergei_hozhdenie_za_tri_mira.fb2.zip</filename>
	<title>Абрамов Сергей Александрович. Хождение за три мира</title>
</book>
<book>
	<filename>abramov_sergei/abramov_sergei_kak_horosho_byt_generalom.fb2.zip</filename>
	<title>Абрамов Сергей Александрович. Как хорошо быть генералом</title>
</book>
<book>
	<filename>abramov_sergei/abramov_sergei_kanatohodcy.fb2.zip</filename>
	<title>Абрамов Сергей. Канатоходцы</title>
</book>
<book>
	<filename>abramov_sergei/abramov_sergei_komnata_dlya_gostei.fb2.zip</filename>
	<title>Абрамов Сергей Александрович. Комната для гостей</title>
</book>
<book>
	<filename>abramov_sergei/abramov_sergei_letnaya_pogoda.fb2.zip</filename>
	<title>Абрамов Сергей Александрович. Летная погода</title>
</book>
<book>
	<filename>abramov_sergei/abramov_sergei_neformashki.fb2.zip</filename>
	<title>Абрамов Сергей Александрович. Неформашки</title>
</book>
<book>
	<filename>abramov_sergei/abramov_sergei_novoe_plate_korolya.fb2.zip</filename>
	<title>Абрамов Сергей Александрович. Новое платье короля</title>
</book>
<book>
	<filename>abramov_sergei/abramov_sergei_novyi_aladdin.fb2.zip</filename>
	<title>Абрамов Сергей Александрович. Новый Аладдин</title>
</book>
<book>
	<filename>abramov_sergei/abramov_sergei_opoznai_zhivogo.fb2.zip</filename>
	<title>Абрамов Сергей Александрович. Опознай живого</title>
</book>
<book>
	<filename>abramov_sergei/abramov_sergei_potomu_chto_potomu.fb2.zip</filename>
	<title>Абрамов Сергей Александрович. Потому что потому</title>
</book>
<book>
	<filename>abramov_sergei/abramov_sergei_priklyucheniya_na_lesnoi_ulice.fb2.zip</filename>
	<title>Абрамов Сергей. Приключения на Лесной улице</title>
</book>
<book>
	<filename>abramov_sergei/abramov_sergei_princ_iz_sedmoi_formacii.fb2.zip</filename>
	<title>Абрамов Сергей Александрович. Принц из седьмой формации</title>
</book>
<book>
	<filename>abramov_sergei/abramov_sergei_rai_bez_pamyati.fb2.zip</filename>
	<title>Абрамов Сергей Александрович. Рай без памяти</title>
</book>
<book>
	<filename>abramov_sergei/abramov_sergei_ryad_volshebnyh_izmenenii_milogo_lica.fb2.zip</filename>
	<title>Абрамов Сергей Александрович. Ряд волшебных изменений милого лица</title>
</book>
<book>
	<filename>abramov_sergei/abramov_sergei_ryzhii_krasnyi_i_chelovek_opasnyi.fb2.zip</filename>
	<title>Абрамов Сергей Александрович. Рыжий, Красный и человек опасный</title>
</book>
<book>
	<filename>abramov_sergei/abramov_sergei_selesta_7000.fb2.zip</filename>
	<title>Абрамов Сергей Александрович. Селеста 7000</title>
</book>
<book>
	<filename>abramov_sergei/abramov_sergei_serebryanyi_variant.fb2.zip</filename>
	<title>Абрамов Сергей Александрович. Серебряный вариант</title>
</book>
<book>
	<filename>abramov_sergei/abramov_sergei_slozhi_tak.fb2.zip</filename>
	<title>Абрамов Сергей Александрович. Сложи так</title>
</book>
<book>
	<filename>abramov_sergei/abramov_sergei_spokoinoi_nochi.fb2.zip</filename>
	<title>Абрамов Сергей Александрович. Спокойной ночи!</title>
</book>
<book>
	<filename>abramov_sergei/abramov_sergei_stena.fb2.zip</filename>
	<title>Абрамов Сергей Александрович. Стена</title>
</book>
<book>
	<filename>abramov_sergei/abramov_sergei_stopkran.fb2.zip</filename>
	<title>Абрамов Сергей Александрович. Стоп-кран</title>
</book>
<book>
	<filename>abramov_sergei/abramov_sergei_strannik.fb2.zip</filename>
	<title>Абрамов Сергей Александрович. Странник</title>
</book>
<book>
	<filename>abramov_sergei/abramov_sergei_ten_imperatora.fb2.zip</filename>
	<title>Абрамов Сергей Александрович. Тень императора</title>
</book>
<book>
	<filename>abramov_sergei/abramov_sergei_tihii_angel_proletel.fb2.zip</filename>
	<title>Абрамов Сергей Александрович. Тихий ангел пролетел</title>
</book>
<book>
	<filename>abramov_sergei/abramov_sergei_trebuetsya_chudo.fb2.zip</filename>
	<title>Абрамов Сергей Александрович. Требуется чудо</title>
</book>
<book>
	<filename>abramov_sergei/abramov_sergei_vedmin_stolb.fb2.zip</filename>
	<title>Абрамов Сергей Александрович. Ведьмин столб</title>
</book>
<book>
	<filename>abramov_sergei/abramov_sergei_v_lesu_prifrontovom.fb2.zip</filename>
	<title>Абрамов Сергей. В лесу прифронтовом</title>
</book>
<book>
	<filename>abramov_sergei/abramov_sergei_volchok_dlya_gullivera.fb2.zip</filename>
	<title>Абрамов Сергей. Волчок для Гулливера</title>
</book>
<book>
	<filename>abramov_sergei/abramov_sergei_vremya_ego_uchenikov.fb2.zip</filename>
	<title>Абрамов Сергей. Время его учеников</title>
</book>
<book>
	<filename>abramov_sergei/abramov_sergei_vsadniki_niotkuda.fb2.zip</filename>
	<title>Абрамов Сергей Александрович. Всадники ниоткуда</title>
</book>
<book>
	<filename>abramov_sergei/abramov_sergei_vsadniki_niotkuda_s_illyustraciyami.fb2.zip</filename>
	<title>Абрамов Сергей Александрович. Всадники ниоткуда (с иллюстрациями)</title>
</book>
<book>
	<filename>abramov_sergei/abramov_sergei_vse_dozvoleno.fb2.zip</filename>
	<title>Абрамов Сергей Александрович. Все дозволено</title>
</book>
<book>
	<filename>abramov_sergei/abramov_sergei_vyshe_radugi.fb2.zip</filename>
	<title>Абрамов Сергей Александрович. Выше Радуги</title>
</book>
<book>
	<filename>abramov_ya/abramov_ya_g_m_stenli_ego_zhizn_puteshestviya_i_geograficheskie_otkrytiya.fb2.zip</filename>
	<title>Абрамов Я. М. Г. М. Стенли, его жизнь, путешествия и географические открытия</title>
</book>
<book>
	<filename>abrams_duglas/abrams_duglas_daosskie_sekrety_lyubvi_kotorye_sleduet_znat_kazhdomu_muzhchine.fb2.zip</filename>
	<title>Абрамс Дуглас. Даосские секреты любви, которые следует знать каждому мужчине</title>
</book>
<book>
	<filename>abubakar_ahmedhan/abubakar_ahmedhan_taina_rukopisnogo_korana.fb2.zip</filename>
	<title>Абу-Бакар Ахмедхан. Тайна рукописного корана</title>
</book>
<book>
	<filename>abvalov_vasilii/abvalov_vasilii_akcent_sudby.fb2.zip</filename>
	<title>Абвалов Василий. Акцент судьбы</title>
</book>
<book>
	<filename>abye_kobo_/abye_kobo__chelovekyashik.fb2.zip</filename>
	<title>Абэ Кобо. Человек-ящик</title>
</book>
<book>
	<filename>abye_kobo_/abye_kobo__chetvertyi_lednikovyi_period.fb2.zip</filename>
	<title>Абэ Кобо. Четвертый ледниковый период</title>
</book>
<book>
	<filename>abye_kobo_/abye_kobo__chuzhoe_lico.fb2.zip</filename>
	<title>Абэ Кобо. Чужое лицо</title>
</book>
<book>
	<filename>abye_kobo_/abye_kobo__detskaya.fb2.zip</filename>
	<title>Абэ Кобо. Детская</title>
</book>
<book>
	<filename>abye_kobo_/abye_kobo__krepost.fb2.zip</filename>
	<title>Абэ Кобо. Крепость</title>
</book>
<book>
	<filename>abye_kobo_/abye_kobo__ohota_na_rabov.fb2.zip</filename>
	<title>Абэ Кобо. Охота на рабов</title>
</book>
<book>
	<filename>abye_kobo_/abye_kobo__prizraki_sredi_nas.fb2.zip</filename>
	<title>Абэ Кобо. Призраки среди нас</title>
</book>
<book>
	<filename>abye_kobo_/abye_kobo__proval_vremeni.fb2.zip</filename>
	<title>Абэ Кобо. Провал времени</title>
</book>
<book>
	<filename>abye_kobo_/abye_kobo__sozhzhennaya_karta.fb2.zip</filename>
	<title>Абэ Кобо. Сожженная карта</title>
</book>
<book>
	<filename>abye_kobo_/abye_kobo__tainoe_svidanie.fb2.zip</filename>
	<title>Абэ Кобо. Тайное свидание</title>
</book>
<book>
	<filename>abye_kobo_/abye_kobo__totaloskop.fb2.zip</filename>
	<title>Абэ Кобо. Тоталоскоп</title>
</book>
<book>
	<filename>abye_kobo_/abye_kobo__vtorzhenie.fb2.zip</filename>
	<title>Абэ Кобо. Вторжение</title>
</book>
<book>
	<filename>abye_kobo_/abye_kobo__zhenshina_v_peskah.fb2.zip</filename>
	<title>Абэ Кобо. Женщина в песках</title>
</book>
<book>
	<filename>abye_kobo/abye_kobo_chelovekyashik.fb2.zip</filename>
	<title>Абэ Кобо. Человек-ящик</title>
</book>
<book>
	<filename>abye_kobo/abye_kobo_chetvertyi_lednikovyi_period.fb2.zip</filename>
	<title>Абэ Кобо. Четвертый ледниковый период</title>
</book>
<book>
	<filename>abye_kobo/abye_kobo_chuzhoe_lico.fb2.zip</filename>
	<title>Абэ Кобо. Чужое лицо</title>
</book>
<book>
	<filename>abye_kobo/abye_kobo_sozhzhennaya_karta.fb2.zip</filename>
	<title>Абэ Кобо. Сожженная карта</title>
</book>
<book>
	<filename>abye_kobo/abye_kobo_tainoe_svidanie.fb2.zip</filename>
	<title>Абэ Кобо. Тайное свидание</title>
</book>
<book>
	<filename>abye_kobo/abye_kobo_totaloskop.fb2.zip</filename>
	<title>Абэ Кобо. Тоталоскоп</title>
</book>
<book>
	<filename>abye_kobo/abye_kobo_zhenshina_v_peskah.fb2.zip</filename>
	<title>Абэ Кобо. Женщина в песках</title>
</book>
<book>
	<filename>abye_tomodzi/abye_tomodzi_belaya_roza.fb2.zip</filename>
	<title>Абэ Томодзи. Белая роза</title>
</book>
<book>
	<filename>achebe_chinua/achebe_chinua_chelovek_iz_naroda.fb2.zip</filename>
	<title>Ачебе Чинуа. Человек из народа</title>
</book>
<book>
	<filename>adamackii_igor/adamackii_igor_uteshitel.fb2.zip</filename>
	<title>Адамацкий Игорь. Утешитель</title>
</book>
<book>
	<filename>adamov_arkadii/adamov_arkadii_chernaya_mol.fb2.zip</filename>
	<title>Адамов Аркадий Георгиевич. Черная моль</title>
</book>
<book>
	<filename>adamov_arkadii/adamov_arkadii_delo_pestryh.fb2.zip</filename>
	<title>Адамов Аркадий Григорьевич. Дело «Пестрых»</title>
</book>
<book>
	<filename>adamov_arkadii/adamov_arkadii_idet_rozysk.fb2.zip</filename>
	<title>Адамов Аркадий Григорьевич. Идет розыск</title>
</book>
<book>
	<filename>adamov_arkadii/adamov_arkadii_idet_rozysk_polnyi_variant.fb2.zip</filename>
	<title>Адамов Аркадий Григорьевич. Идет розыск [Полный вариант]</title>
</book>
<book>
	<filename>adamov_arkadii/adamov_arkadii_idet_rozysk_zhurnalnyi_variant.fb2.zip</filename>
	<title>Адамов Аркадий Григорьевич. Идет розыск (журнальный вариант)</title>
</book>
<book>
	<filename>adamov_arkadii/adamov_arkadii_krugi_po_vode.fb2.zip</filename>
	<title>Адамов Аркадий Григорьевич. Круги по воде</title>
</book>
<book>
	<filename>adamov_arkadii/adamov_arkadii_lichnyi_dosmotr.fb2.zip</filename>
	<title>Адамов Аркадий Григорьевич. Личный досмотр</title>
</book>
<book>
	<filename>adamov_arkadii/adamov_arkadii_na_svobodnoe_mesto.fb2.zip</filename>
	<title>Адамов Аркадий Григорьевич. На свободное место</title>
</book>
<book>
	<filename>adamov_arkadii/adamov_arkadii_petlya.fb2.zip</filename>
	<title>Адамов Аркадий Григорьевич. Петля</title>
</book>
<book>
	<filename>adamov_arkadii/adamov_arkadii_razgovor_na_beregu.fb2.zip</filename>
	<title>Адамов Аркадий Григорьевич. Разговор на берегу</title>
</book>
<book>
	<filename>adamov_arkadii/adamov_arkadii_sled_lisicy.fb2.zip</filename>
	<title>Адамов Аркадий Григорьевич. «След лисицы»</title>
</book>
<book>
	<filename>adamov_arkadii/adamov_arkadii_so_mnogimi_neizvestnymi.fb2.zip</filename>
	<title>Адамов Аркадий Григорьевич. …Со многими неизвестными</title>
</book>
<book>
	<filename>adamov_arkadii/adamov_arkadii_ugol_beloi_steny.fb2.zip</filename>
	<title>Адамов Аркадий Григорьевич. Угол белой стены</title>
</book>
<book>
	<filename>adamov_arkadii/adamov_arkadii_zlym_vetrom.fb2.zip</filename>
	<title>Адамов Аркадий Григорьевич. Злым ветром</title>
</book>
<book>
	<filename>adamov_grigorii/adamov_grigorii_izgnanie_vladyki.fb2.zip</filename>
	<title>Адамов Григорий Борисович. Изгнание владыки</title>
</book>
<book>
	<filename>adamov_grigorii/adamov_grigorii_korablekrushenie_na_angare.fb2.zip</filename>
	<title>Адамов Григорий Борисович. Кораблекрушение на Ангаре</title>
</book>
<book>
	<filename>adamov_grigorii/adamov_grigorii_pobediteli_nedr.fb2.zip</filename>
	<title>Адамов Григорий Борисович. Победители недр</title>
</book>
<book>
	<filename>adamov_grigorii/adamov_grigorii_puti_budushego.fb2.zip</filename>
	<title>Адамов Григорий Борисович. Пути будущего</title>
</book>
<book>
	<filename>adamov_grigorii/adamov_grigorii_taina_dvuh_okeanov.fb2.zip</filename>
	<title>Адамов Григорий. Тайна двух океанов</title>
</book>
<book>
	<filename>adamov_grigorii/adamov_grigorii_tajemnicya_dvoh_okeaniv.fb2.zip</filename>
	<title>Адамов Григорий Борисович. Таємниця двох океанів</title>
</book>
<book>
	<filename>adamov_grigorii/adamov_grigorii_tayemnicya_dvoh_okeaniv.fb2.zip</filename>
	<title>Адамов Григорий. Таємниця двох океанів</title>
</book>
<book>
	<filename>adamov_grigorii/adamov_grigorii_zavoevanie_nedr.fb2.zip</filename>
	<title>Адамов Григорий Борисович. Завоевание недр</title>
</book>

</books>
