<?xml version="1.0" encoding="UTF-8" ?>
<books>

	<book>
		<filename>anisimov_sergei/anisimov_sergei_pervyi_udar_sbornik.fb2.zip</filename>
		<title> Анисимов Сергей. Первый удар (сборник)</title>
	</book>
	<book>
		<filename>annastefaniya_/annastefaniya__taina_nagovorov_i_nastroev_sestry_stefanii_potaennye_slova_sveta_i_slova_sily.fb2.zip</filename>
		<title> Анна-Стефания. Тайна наговоров и настроев сестры Стефании. Потаенные слова света и слова силы</title>
	</book>
	<book>
		<filename>annenskii_aleksandr/annenskii_aleksandr_nashi_v_gorode_zanimatelnye_i_pouchitelnye_baiki_o_nashih_za_granicei.fb2.zip</filename>
		<title> Анненский Александр. Nаши в городе. Занимательные и поучительные байки о наших за границей</title>
	</book>
	<book>
		<filename>anohina_n/anohina_n_istoriya_psihologii_shpargalka.fb2.zip</filename>
		<title> Анохина Н. В. История психологии. Шпаргалка</title>
	</book>
	<book>
		<filename>anohina_n/anohina_n_obshaya_i_klinicheskaya_immunologiya.fb2.zip</filename>
		<title> Анохина Н. В. Общая и клиническая иммунология</title>
	</book>
	<book>
		<filename>anohina_n/anohina_n_obshaya_i_klinicheskaya_immunologiya_konspekt_lekcii.fb2.zip</filename>
		<title> Анохина Н. В. Общая и клиническая иммунология: конспект лекций</title>
	</book>
	<book>
		<filename>anohina_yu/anohina_yu_kak_privlech_vnimanie_muzhchiny.fb2.zip</filename>
		<title> Анохина Ю. С. Как привлечь внимание мужчины</title>
	</book>
	<book>
		<filename>anohina_yu/anohina_yu_samaya_zolotaya_svadba.fb2.zip</filename>
		<title> Анохина Ю. С. Самая золотая свадьба</title>
	</book>
	<book>
		<filename>anohin_sergei/anohin_sergei_amki.fb2.zip</filename>
		<title> Анохин Сергей. $амки</title>
	</book>
	<book>
		<filename>antonova_anna/antonova_anna_bal_pod_palmami.fb2.zip</filename>
		<title> Антонова Анна Евгеньевна. Бал под пальмами</title>
	</book>
	<book>
		<filename>antonova_anna/antonova_anna_blyuz_nochnogo_dozhdya.fb2.zip</filename>
		<title> Антонова Анна Евгеньевна. Блюз ночного дождя</title>
	</book>
	<book>
		<filename>antonova_anna/antonova_anna_gadanie_na_snezhinke.fb2.zip</filename>
		<title> Антонова Анна Евгеньевна. Гадание на снежинке</title>
	</book>
	<book>
		<filename>antonova_anna/antonova_anna_keks_na_plyazhe.fb2.zip</filename>
		<title> Антонова Анна Евгеньевна. Кекс на пляже</title>
	</book>
	<book>
		<filename>antonova_anna/antonova_anna_leto_na_merkurii.fb2.zip</filename>
		<title> Антонова Анна Евгеньевна. Лето на Меркурии</title>
	</book>
	<book>
		<filename>antonova_anna/antonova_anna_pismo_zvezdnomu_malchiku.fb2.zip</filename>
		<title> Антонова Анна Евгеньевна. Письмо звездному мальчику</title>
	</book>
	<book>
		<filename>antonova_anna/antonova_anna_vstrecha_v_zazerkale.fb2.zip</filename>
		<title> Антонова Анна Евгеньевна. Встреча в Зазеркалье</title>
	</book>
	<book>
		<filename>antonova_lyudmila/antonova_lyudmila_1000_luchshih_smsrozygryshei.fb2.zip</filename>
		<title> Антонова Людмила Викторовна. 1000 лучших sms-розыгрышей</title>
	</book>
	<book>
		<filename>antonova_lyudmila/antonova_lyudmila_1000_luchshih_smstostov_i_pozdravlenii.fb2.zip</filename>
		<title> Антонова Людмила Викторовна. 1000 лучших sms-тостов и поздравлений</title>
	</book>
	<book>
		<filename>antonova_lyudmila/antonova_lyudmila_1000_prikolnyh_smsok_dlya_molodyh_vesyolyh_i_vlyublennyh.fb2.zip</filename>
		<title> Антонова Людмила Викторовна. 1000 прикольных SMS-ок для молодых, весёлых и… влюбленных</title>
	</book>
	<book>
		<filename>antonova_lyudmila/antonova_lyudmila_fitnes_i_vashe_zdorove.fb2.zip</filename>
		<title> Антонова Людмила Викторовна. Фитнес и ваше здоровье</title>
	</book>
	<book>
		<filename>antonova_lyudmila/antonova_lyudmila_kak_lechit_vashu_sobaku.fb2.zip</filename>
		<title> Антонова Людмила Викторовна. Как лечить вашу собаку</title>
	</book>
	<book>
		<filename>antonova_lyudmila/antonova_lyudmila_ochishenie_organizma.fb2.zip</filename>
		<title> Антонова Людмила Викторовна. Очищение организма</title>
	</book>
	<book>
		<filename>antonova_lyudmila/antonova_lyudmila_uhod_za_domashnimi_koshkami.fb2.zip</filename>
		<title> Антонова Людмила Викторовна. Уход за домашними кошками</title>
	</book>
	<book>
		<filename>antonova_lyudmila/antonova_lyudmila_zolotoi_us_celebnye_nastoiki_kremy_otvary.fb2.zip</filename>
		<title> Антонова Людмила Викторовна. Золотой ус. Целебные настойки, кремы, отвары</title>
	</book>
	<book>
		<filename>antonova_lyudmila/antonova_lyudmila_zolotoi_us_iscelyayushie_recepty.fb2.zip</filename>
		<title> Антонова Людмила Викторовна. Золотой ус. Исцеляющие рецепты</title>
	</book>
	<book>
		<filename>antonova_lyudmila/antonova_lyudmila_zvezdochka_neizvestnye_celitelnye_svoistva_starogo_znakomogo.fb2.zip</filename>
		<title> Антонова Людмила Викторовна. «Звездочка». Неизвестные целительные свойства старого знакомого</title>
	</book>
	<book>
		<filename>antonova_olga/antonova_olga_angel_prinosyashii_udachu.fb2.zip</filename>
		<title> Антонова Ольга. Ангел, приносящий удачу</title>
	</book>
	<book>
		<filename>antonova_olga/antonova_olga_vozrastnaya_anatomiya_i_fiziologiya.fb2.zip</filename>
		<title> Антонова Ольга Александровна. Возрастная анатомия и физиология</title>
	</book>
	<book>
		<filename>anuchkin_aleksandr/anuchkin_aleksandr_zolotoi_zapas.fb2.zip</filename>
		<title> Анучкин Александр. Золотой запас</title>
	</book>
	<book>
		<filename>apdaik_dzhon/apdaik_dzhon_incest.fb2.zip</filename>
		<title> Апдайк Джон. Инцест</title>
	</book>
	<book>
		<filename>appe_francheska/appe_francheska_vvedenie_v_psihologicheskuyu_teoriyu_autizma.fb2.zip</filename>
		<title> Аппе Франческа. Введение в психологическую теорию аутизма</title>
	</book>
	<book>
		<filename>apreleva_natasha/apreleva_natasha_postoronnim_v.fb2.zip</filename>
		<title> Апрелева Наташа. Посторонним В.</title>
	</book>
	<book>
		<filename>apuhtin_aleksei/apuhtin_aleksei_mezhdu_smertyu_i_zhiznyu.fb2.zip</filename>
		<title> Апухтин Алексей Николаевич. Между смертью и жизнью</title>
	</book>
	<book>
		<filename>arabov_yurii/arabov_yurii_chudo.fb2.zip</filename>
		<title> Арабов Юрий. Чудо</title>
	</book>
	<book>
		<filename>arbatova_mariya/arbatova_mariya_degustaciya_indii.fb2.zip</filename>
		<title> Арбатова Мария. Дегустация Индии</title>
	</book>
	<book>
		<filename>arbatova_mariya/arbatova_mariya_menya_zovut_zhenshina.fb2.zip</filename>
		<title> Арбатова Мария. Меня зовут женщина</title>
	</book>
	<book>
		<filename>arbatova_mariya/arbatova_mariya_menya_zovut_zhenshina_sbornik.fb2.zip</filename>
		<title> Арбатова Мария. Меня зовут женщина (сборник)</title>
	</book>
	<book>
		<filename>arbatova_mariya/arbatova_mariya_mobilnye_svyazi_sbornik.fb2.zip</filename>
		<title> Арбатова Мария. Мобильные связи (сборник)</title>
	</book>
	<book>
		<filename>arbatova_mariya/arbatova_mariya_semiletka_poiska.fb2.zip</filename>
		<title> Арбатова Мария. Семилетка поиска</title>
	</book>
	<book>
		<filename>arbatova_mariya/arbatova_mariya_vizit_nestaroi_damy.fb2.zip</filename>
		<title> Арбатова Мария. Визит нестарой дамы</title>
	</book>
	<book>
		<filename>arhipova_elena/arhipova_elena_logopedicheskii_massazh_pri_dizartrii.fb2.zip</filename>
		<title> Архипова Елена Филипповна. Логопедический массаж при дизартрии</title>
	</book>
	<book>
		<filename>arilin_roman/arilin_roman_voina_in.fb2.zip</filename>
		<title> Арилин Роман. Война Инь</title>
	</book>
	<book>
		<filename>arkadevaberlin_n/arkadevaberlin_n_lechenie_sobak.fb2.zip</filename>
		<title> Аркадьева-Берлин Н. Г. Лечение собак</title>
	</book>
	<book>
		<filename>arkadev_p/arkadev_p_kak_ya_vylechil_bolezni_glaz_unikalnye_sovety_originalnye_metodiki.fb2.zip</filename>
		<title> Аркадьев П. В. Как я вылечил болезни глаз. Уникальные советы, оригинальные методики</title>
	</book>
	<book>
		<filename>arkadev_p/arkadev_p_kak_ya_vylechil_bolezni_kozhi.fb2.zip</filename>
		<title> Аркадьев П. В. Как я вылечил болезни кожи</title>
	</book>
	<book>
		<filename>arkadev_p/arkadev_p_kak_ya_vylechil_bolezni_pecheni_unikalnye_sovety_originalnye_metodiki.fb2.zip</filename>
		<title> Аркадьев П. В. Как я вылечил болезни печени. Уникальные советы, оригинальные методики</title>
	</book>
	<book>
		<filename>arkadev_p/arkadev_p_kak_ya_vylechil_bolezni_pochek_unikalnye_sovety_originalnye_metodiki.fb2.zip</filename>
		<title> Аркадьев П. В. Как я вылечил болезни почек. Уникальные советы, оригинальные методики</title>
	</book>
	<book>
		<filename>arkadev_p/arkadev_p_kak_ya_vylechil_bolezni_serdca_i_sosudov.fb2.zip</filename>
		<title> Аркадьев П. В. Как я вылечил болезни сердца и сосудов</title>
	</book>
	<book>
		<filename>arkadev_p/arkadev_p_kak_ya_vylechil_bolezni_zheludochnokishechnogo_trakta.fb2.zip</filename>
		<title> Аркадьев П. В. Как я вылечил болезни желудочно-кишечного тракта</title>
	</book>
	<book>
		<filename>arkadev_p/arkadev_p_kak_ya_vylechil_bolezni_zubov_i_polosti_rta_unikalnye_sovety_originalnye_metodiki.fb2.zip</filename>
		<title> Аркадьев П. В. Как я вылечил болезни зубов и полости рта. Уникальные советы, оригинальные методики</title>
	</book>
	<book>
		<filename>aromatov_ruslan/aromatov_ruslan_obektnyi_podhod.fb2.zip</filename>
		<title> Ароматов Руслан. Объектный подход</title>
	</book>
	<book>
		<filename>aromatov_ruslan/aromatov_ruslan_tochka_sborki.fb2.zip</filename>
		<title> Ароматов Руслан. Точка сборки</title>
	</book>
	<book>
		<filename>arsanev_aleksandr/arsanev_aleksandr_burya_v_padekale.fb2.zip</filename>
		<title> Арсаньев Александр. Буря в Па-де-Кале</title>
	</book>
	<book>
		<filename>arsanev_aleksandr/arsanev_aleksandr_infernalnaya_mistifikaciya.fb2.zip</filename>
		<title> Арсаньев Александр. Инфернальная мистификация</title>
	</book>
	<book>
		<filename>arsanev_aleksandr/arsanev_aleksandr_pervoe_delo_karozinyh.fb2.zip</filename>
		<title> Арсаньев Александр. Первое дело Карозиных</title>
	</book>
	<book>
		<filename>arsanev_aleksandr/arsanev_aleksandr_pohishenie.fb2.zip</filename>
		<title> Арсаньев Александр. Похищение</title>
	</book>
	<book>
		<filename>arsanev_aleksandr/arsanev_aleksandr_trete_delo_karozinyh.fb2.zip</filename>
		<title> Арсаньев Александр. Третье дело Карозиных</title>
	</book>
	<book>
		<filename>arsanev_aleksandr/arsanev_aleksandr_ubiistvo_na_duyeli.fb2.zip</filename>
		<title> Арсаньев Александр. Убийство на дуэли</title>
	</book>
	<book>
		<filename>arsanev_aleksandr/arsanev_aleksandr_vtoroe_delo_karozinyh.fb2.zip</filename>
		<title> Арсаньев Александр. Второе дело Карозиных</title>
	</book>
	<book>
		<filename>arseneva_elena/arseneva_elena_akademiya_obolsheniya.fb2.zip</filename>
		<title> Арсеньева Елена. Академия обольщения</title>
	</book>
	<book>
		<filename>arseneva_elena/arseneva_elena_amazonka_nadezhda_durova.fb2.zip</filename>
		<title> Арсеньева Елена. Амазонка (Надежда Дурова)</title>
	</book>
	<book>
		<filename>arseneva_elena/arseneva_elena_amazonki_i_vechnyi_pokoi_isaak_levitan_sofya_kuvshinnikova.fb2.zip</filename>
		<title> Арсеньева Елена. Амазонки и вечный покой (Исаак Левитан – Софья Кувшинникова)</title>
	</book>
	<book>
		<filename>arseneva_elena/arseneva_elena_avantyura_kotoroi_ne_bylo_natalya_lopuhina.fb2.zip</filename>
		<title> Арсеньева Елена. Авантюра, которой не было (Наталья Лопухина)</title>
	</book>
	<book>
		<filename>arseneva_elena/arseneva_elena_babochki_kreza.fb2.zip</filename>
		<title> Арсеньева Елена. Бабочки Креза</title>
	</book>
	<book>
		<filename>arseneva_elena/arseneva_elena_bednaya_nina_ili_kurtizanka_iz_lyubvi_k_lyudyam_iskusstva_nina_petrovskaya.fb2.zip</filename>
		<title> Арсеньева Елена. Бедная нина, или Куртизанка из любви к людям искусства (Нина Петровская)</title>
	</book>
	<book>
		<filename>arseneva_elena/arseneva_elena_belaya_dama_fransuaza_de_shatobrian_korol_francisk_i_zhan_de_laval_de_shatobrian_franciya.fb2.zip</filename>
		<title> Арсеньева Елена. Белая дама (Франсуаза де Шатобриан – король Франциск I – Жан де Лаваль де Шатобриан. Франция)</title>
	</book>
	<book>
		<filename>arseneva_elena/arseneva_elena_belaya_golubka_i_kamennaya_baba_irina_i_marya_godunovy.fb2.zip</filename>
		<title> Арсеньева Елена. Белая голубка и каменная баба (Ирина и Марья Годуновы)</title>
	</book>
	<book>
		<filename>arseneva_elena/arseneva_elena_besposhadnaya_koroleva_kristina_shvedskaya.fb2.zip</filename>
		<title> Арсеньева Елена. Беспощадная королева (Кристина Шведская)</title>
	</book>
	<book>
		<filename>arseneva_elena/arseneva_elena_bilet.fb2.zip</filename>
		<title> Арсеньева Елена. Билет</title>
	</book>
	<book>
		<filename>arseneva_elena/arseneva_elena_blistatelna_poluvozdushna_matilda_kshesinskaya_imperator_nikolai_ii.fb2.zip</filename>
		<title> Арсеньева Елена. Блистательна, полувоздушна... (Матильда Кшесинская – император Николай II)</title>
	</book>
	<book>
		<filename>arseneva_elena/arseneva_elena_boriska_prelukavyi_boris_godunov_rossiya.fb2.zip</filename>
		<title> Арсеньева Елена. Бориска Прелукавый (Борис Годунов, Россия)</title>
	</book>
	<book>
		<filename>arseneva_elena/arseneva_elena_carica_bez_trona.fb2.zip</filename>
		<title> Арсеньева Елена. Царица без трона</title>
	</book>
	<book>
		<filename>arseneva_elena/arseneva_elena_carstvennaya_bludnica.fb2.zip</filename>
		<title> Арсеньева Елена. Царственная блудница</title>
	</book>
	<book>
		<filename>arseneva_elena/arseneva_elena_cerkov_na_vysokom_beregu_aleksandr_menshikov_rossiya.fb2.zip</filename>
		<title> Арсеньева Елена. Церковь на высоком берегу (Александр Меншиков, Россия)</title>
	</book>
	<book>
		<filename>arseneva_elena/arseneva_elena_charovnica_dlya_muzha.fb2.zip</filename>
		<title> Арсеньева Елена. Чаровница для мужа</title>
	</book>
	<book>
		<filename>arseneva_elena/arseneva_elena_chas_igrivyh_besov.fb2.zip</filename>
		<title> Арсеньева Елена. Час игривых бесов</title>
	</book>
	<book>
		<filename>arseneva_elena/arseneva_elena_chernaya_shkatulka_imperatrica_elizaveta_alekseevna_aleksei_ohotnikov.fb2.zip</filename>
		<title> Арсеньева Елена. Черная шкатулка (императрица Елизавета Алексеевна – Алексей Охотников)</title>
	</book>
	<book>
		<filename>arseneva_elena/arseneva_elena_chernaya_zhemchuzhina.fb2.zip</filename>
		<title> Арсеньева Елена. Черная жемчужина</title>
	</book>
	<book>
		<filename>arseneva_elena/arseneva_elena_chernye_glaza_vasilii_surikov_elizaveta_share.fb2.zip</filename>
		<title> Арсеньева Елена. Черные глаза (Василий Суриков – Елизавета Шаре)</title>
	</book>
	<book>
		<filename>arseneva_elena/arseneva_elena_dama_iz_gorodka_nadezhda_tyeffi.fb2.zip</filename>
		<title> Арсеньева Елена. Дама из городка (Надежда Тэффи)</title>
	</book>
	<book>
		<filename>arseneva_elena/arseneva_elena_damochka_s_fantaziei.fb2.zip</filename>
		<title> Арсеньева Елена. Дамочка с фантазией</title>
	</book>
	<book>
		<filename>arseneva_elena/arseneva_elena_dengi_yeto_samoe_samoe_sofya_blyufshtein_rossiya.fb2.zip</filename>
		<title> Арсеньева Елена. Деньги – это самое... самое... (Софья Блюфштейн, Россия)</title>
	</book>
	<book>
		<filename>arseneva_elena/arseneva_elena_dever_i_nevestka_carica_praskovya_fedorovna.fb2.zip</filename>
		<title> Арсеньева Елена. Деверь и невестка (Царица Прасковья Федоровна)</title>
	</book>
	<book>
		<filename>arseneva_elena/arseneva_elena_dorogu_krylatomu_yerosu_aleksandra_kollontai.fb2.zip</filename>
		<title> Арсеньева Елена. Дорогу крылатому Эросу! (Александра Коллонтай)</title>
	</book>
	<book>
		<filename>arseneva_elena/arseneva_elena_drug_naroda_da_zhanpol_marat_franciya.fb2.zip</filename>
		<title> Арсеньева Елена. Друг народа... Да? (Жан-Поль Марат, Франция)</title>
	</book>
	<book>
		<filename>arseneva_elena/arseneva_elena_druzhka_gosudarev_andrei_kurbskii.fb2.zip</filename>
		<title> Арсеньева Елена. Дружка государев (Андрей Курбский)</title>
	</book>
	<book>
		<filename>arseneva_elena/arseneva_elena_duyel_na_brachnom_lozhe.fb2.zip</filename>
		<title> Арсеньева Елена. Дуэль на брачном ложе</title>
	</book>
	<book>
		<filename>arseneva_elena/arseneva_elena_dve_lyubovnicy_greshnogo_svyatogo_grekinya_yeirena_i_rogneda_knyaz_vladimir_krestitel.fb2.zip</filename>
		<title> Арсеньева Елена. Две любовницы грешного святого («грекиня» Эйрена и Рогнеда – князь Владимир Креститель)</title>
	</book>
	<book>
		<filename>arseneva_elena/arseneva_elena_fialki_dlya_prekrasnoi_aktrisy_adrienna_lekuvrer_moris_de_saks_gercoginya_de_buion_franciya.fb2.zip</filename>
		<title> Арсеньева Елена. Фиалки для прекрасной актрисы (Адриенна Лекуврер – Морис де Сакс – герцогиня де Буйон. Франция)</title>
	</book>
	<book>
		<filename>arseneva_elena/arseneva_elena_francuzskii_pocelui_imperatrica_elizaveta_petrovna.fb2.zip</filename>
		<title> Арсеньева Елена. Французский поцелуй (Императрица Елизавета Петровна)</title>
	</book>
	<book>
		<filename>arseneva_elena/arseneva_elena_garem_ivana_groznogo.fb2.zip</filename>
		<title> Арсеньева Елена. Гарем Ивана Грозного</title>
	</book>
	<book>
		<filename>arseneva_elena/arseneva_elena_gerkules_i_kantaridy_imperatrica_ekaterina_velikaya_aleksandr_lanskoi.fb2.zip</filename>
		<title> Арсеньева Елена. Геркулес и Кантариды (императрица Екатерина Великая – Александр Ланской)</title>
	</book>
	<book>
		<filename>arseneva_elena/arseneva_elena_god_dlinoyu_v_zhizn.fb2.zip</filename>
		<title> Арсеньева Елена. Год длиною в жизнь</title>
	</book>
	<book>
		<filename>arseneva_elena/arseneva_elena_gori_venchalnaya_svecha.fb2.zip</filename>
		<title> Арсеньева Елена. Гори, венчальная свеча</title>
	</book>
	<book>
		<filename>arseneva_elena/arseneva_elena_gosudareva_nevesta.fb2.zip</filename>
		<title> Арсеньева Елена. Государева невеста</title>
	</book>
	<book>
		<filename>arseneva_elena/arseneva_elena_govoryat_chto_sofya_blyuvshtein_sonka_zolotaya_ruchka.fb2.zip</filename>
		<title> Арсеньева Елена. Говорят, что… (Софья Блювштейн (Сонька Золотая Ручка))</title>
	</book>
	<book>
		<filename>arseneva_elena/arseneva_elena_himera_svetskogo_videniya_mata_hari_gollandiya.fb2.zip</filename>
		<title> Арсеньева Елена. Химера светского видения (Мата Хари, Голландия)</title>
	</book>
	<book>
		<filename>arseneva_elena/arseneva_elena_ideal_fantazii_ekaterina_dashkova.fb2.zip</filename>
		<title> Арсеньева Елена. Идеал фантазии (Екатерина Дашкова)</title>
	</book>
	<book>
		<filename>arseneva_elena/arseneva_elena_imidzh_staroi_devy.fb2.zip</filename>
		<title> Арсеньева Елена. Имидж старой девы</title>
	</book>
	<book>
		<filename>arseneva_elena/arseneva_elena_istoriya_v_nazidanie_vlyublennym_yeloiza_i_abelyar_franciya.fb2.zip</filename>
		<title> Арсеньева Елена. История в назидание влюбленным (Элоиза и Абеляр, Франция)</title>
	</book>
	<book>
		<filename>arseneva_elena/arseneva_elena_kleimo_krasoty.fb2.zip</filename>
		<title> Арсеньева Елена. Клеймо красоты</title>
	</book>
	<book>
		<filename>arseneva_elena/arseneva_elena_knyaz_serdca_moego.fb2.zip</filename>
		<title> Арсеньева Елена. Князь сердца моего</title>
	</book>
	<book>
		<filename>arseneva_elena/arseneva_elena_kolca_saturna_sofya_kovalevskaya.fb2.zip</filename>
		<title> Арсеньева Елена. Кольца Сатурна (Софья Ковалевская)</title>
	</book>
	<book>
		<filename>arseneva_elena/arseneva_elena_kol_lyubit_tak_korolevu_robert_dadli_graf_lester_angliya.fb2.zip</filename>
		<title> Арсеньева Елена. Коль любить, так королеву! (Роберт Дадли, граф Лестер, Англия)</title>
	</book>
	<book>
		<filename>arseneva_elena/arseneva_elena_kompromat_na_kardinala.fb2.zip</filename>
		<title> Арсеньева Елена. Компромат на кардинала</title>
	</book>
	<book>
		<filename>arseneva_elena/arseneva_elena_koster_neistovoi_lyubvi_marina_cvetaeva.fb2.zip</filename>
		<title> Арсеньева Елена. Костер неистовой любви (Марина Цветаева)</title>
	</book>
	<book>
		<filename>arseneva_elena/arseneva_elena_krasa_garema.fb2.zip</filename>
		<title> Арсеньева Елена. Краса гарема</title>
	</book>
	<book>
		<filename>arseneva_elena/arseneva_elena_krasavica_i_chudovishe_ioanna_grudzinskaya_velikii_knyaz_konstantin.fb2.zip</filename>
		<title> Арсеньева Елена. Красавица и Чудовище (Иоанна Грудзинская – великий князь Константин)</title>
	</book>
	<book>
		<filename>arseneva_elena/arseneva_elena_krasota_poludnya_karl_bryullov_yuliya_samoilova.fb2.zip</filename>
		<title> Арсеньева Елена. Красота полудня (Карл Брюллов – Юлия Самойлова)</title>
	</book>
	<book>
		<filename>arseneva_elena/arseneva_elena_krivoe_zerkalo_lyubvi_sofya_perovskaya.fb2.zip</filename>
		<title> Арсеньева Елена. Кривое зеркало любви (Софья Перовская)</title>
	</book>
	<book>
		<filename>arseneva_elena/arseneva_elena_krutoi_myen_i_zheleznaya_ledi.fb2.zip</filename>
		<title> Арсеньева Елена. Крутой мэн и железная леди</title>
	</book>
	<book>
		<filename>arseneva_elena/arseneva_elena_kusochek_dlya_korolya_zhannaantuanetta_puasson_de_pompadur_franciya.fb2.zip</filename>
		<title> Арсеньева Елена. Кусочек для короля (Жанна-Антуанетта Пуассон де Помпадур, Франция)</title>
	</book>
	<book>
		<filename>arseneva_elena/arseneva_elena_lastochka_uletela_lidiya_bazanova.fb2.zip</filename>
		<title> Арсеньева Елена. Ласточка улетела (Лидия Базанова)</title>
	</book>
	<book>
		<filename>arseneva_elena/arseneva_elena_legkoi_dorogi.fb2.zip</filename>
		<title> Арсеньева Елена. Легкой дороги</title>
	</book>
	<book>
		<filename>arseneva_elena/arseneva_elena_lisichkisestrichki_lilya_brik_i_yelza_triole.fb2.zip</filename>
		<title> Арсеньева Елена. Лисички-сестрички (Лиля Брик и Эльза Триоле)</title>
	</book>
	<book>
		<filename>arseneva_elena/arseneva_elena_lyubeznaya_sestrica_velikaya_knyazhna_ekaterina_pavlovna.fb2.zip</filename>
		<title> Арсеньева Елена. Любезная сестрица (Великая княжна Екатерина Павловна)</title>
	</book>
	<book>
		<filename>arseneva_elena/arseneva_elena_lyubimaya_devushka_znaharya.fb2.zip</filename>
		<title> Арсеньева Елена. Любимая девушка знахаря</title>
	</book>
	<book>
		<filename>arseneva_elena/arseneva_elena_lyublyu_bolshe_vseh_bolshe_vseh_nenavizhu_anna_kozel_saksoniya.fb2.zip</filename>
		<title> Арсеньева Елена. Люблю больше всех – больше всех ненавижу (Анна Козель, Саксония)</title>
	</book>
	<book>
		<filename>arseneva_elena/arseneva_elena_lyubovnye_chary.fb2.zip</filename>
		<title> Арсеньева Елена. Любовные чары</title>
	</book>
	<book>
		<filename>arseneva_elena/arseneva_elena_lyubovnyi_roman_ee_zhizni_natalya_dolgorukaya.fb2.zip</filename>
		<title> Арсеньева Елена. Любовный роман ее жизни (Наталья Долгорукая)</title>
	</book>
	<book>
		<filename>arseneva_elena/arseneva_elena_lyubyashie_bratcy_mariyaantuanetta_franciya.fb2.zip</filename>
		<title> Арсеньева Елена. Любящие братцы (Мария-Антуанетта, Франция)</title>
	</book>
	<book>
		<filename>arseneva_elena/arseneva_elena_mimoletnoe_siyanie_marina_mnishek.fb2.zip</filename>
		<title> Арсеньева Елена. Мимолетное сияние (Марина Мнишек)</title>
	</book>
	<book>
		<filename>arseneva_elena/arseneva_elena_moda_na_umnyh_zhen.fb2.zip</filename>
		<title> Арсеньева Елена. Мода на умных жен</title>
	</book>
	<book>
		<filename>arseneva_elena/arseneva_elena_morskaya_volchica_olga_golubovskaya.fb2.zip</filename>
		<title> Арсеньева Елена. Морская волчица (Ольга Голубовская)</title>
	</book>
	<book>
		<filename>arseneva_elena/arseneva_elena_most_brilliantovyh_grez.fb2.zip</filename>
		<title> Арсеньева Елена. Мост бриллиантовых грез</title>
	</book>
	<book>
		<filename>arseneva_elena/arseneva_elena_myshyak_za_vashe_zdorove.fb2.zip</filename>
		<title> Арсеньева Елена. Мышьяк за ваше здоровье</title>
	</book>
	<book>
		<filename>arseneva_elena/arseneva_elena_narciss_dlya_princessy_anna_leopoldovna_moris_linar.fb2.zip</filename>
		<title> Арсеньева Елена. Нарцисс для принцессы (Анна Леопольдовна – Морис Линар)</title>
	</book>
	<book>
		<filename>arseneva_elena/arseneva_elena_nedostizhimaya_korona_marina_mnishek_polsha_rossiya.fb2.zip</filename>
		<title> Арсеньева Елена. Недостижимая корона (Марина Мнишек, Польша – Россия)</title>
	</book>
	<book>
		<filename>arseneva_elena/arseneva_elena_nelyubimaya_favoritka_ekaterina_dolgorukaya_imperator_petr_ii.fb2.zip</filename>
		<title> Арсеньева Елена. Нелюбимая фаворитка (Екатерина Долгорукая – император Петр II)</title>
	</book>
	<book>
		<filename>arseneva_elena/arseneva_elena_nesbyvshayasya_vesna.fb2.zip</filename>
		<title> Арсеньева Елена. Несбывшаяся весна</title>
	</book>
	<book>
		<filename>arseneva_elena/arseneva_elena_ni_za_chto_i_nikogda_moisei_ugrin_rossiya.fb2.zip</filename>
		<title> Арсеньева Елена. Ни за что и никогда (Моисей Угрин, Россия)</title>
	</book>
	<book>
		<filename>arseneva_elena/arseneva_elena_nozhka_terpsihory_ili_kurtizanka_v_silu_obstoyatelstv_evdokiya_istomina.fb2.zip</filename>
		<title> Арсеньева Елена. Ножка терпсихоры, или Куртизанка в силу обстоятельств (Евдокия Истомина)</title>
	</book>
	<book>
		<filename>arseneva_elena/arseneva_elena_obitateli_raznyh_planet_pablo_pikasso_olga_hohlova.fb2.zip</filename>
		<title> Арсеньева Елена. Обитатели разных планет (Пабло Пикассо – Ольга Хохлова)</title>
	</book>
	<book>
		<filename>arseneva_elena/arseneva_elena_obmanutaya_snami_evdokiya_rostopchina.fb2.zip</filename>
		<title> Арсеньева Елена. Обманутая снами (Евдокия Ростопчина)</title>
	</book>
	<book>
		<filename>arseneva_elena/arseneva_elena_obnazhennaya_tma.fb2.zip</filename>
		<title> Арсеньева Елена. Обнаженная тьма</title>
	</book>
	<book>
		<filename>arseneva_elena/arseneva_elena_obrechennaya_stradat_carica_evdokiya_lopuhina_rossiya.fb2.zip</filename>
		<title> Арсеньева Елена. Обреченная страдать (Царица Евдокия Лопухина, Россия)</title>
	</book>
	<book>
		<filename>arseneva_elena/arseneva_elena_obruchenie_na_chertovom_mostu.fb2.zip</filename>
		<title> Арсеньева Елена. Обручение на чертовом мосту</title>
	</book>
	<book>
		<filename>arseneva_elena/arseneva_elena_obvorozhitelnaya_markiza_marimadlen_de_brenvile_franciya.fb2.zip</filename>
		<title> Арсеньева Елена. Обворожительная маркиза (Мари-Мадлен де Бренвилье, Франция)</title>
	</book>
	<book>
		<filename>arseneva_elena/arseneva_elena_obvorozhitelnyi_kavaler_dzhordzh_villers_gercog_byekingem_anna_avstriiskaya_kardinal_de_rishele_angliya_franciya.fb2.zip</filename>
		<title> Арсеньева Елена. Обворожительный кавалер (Джордж Вилльерс, герцог Бэкингем – Анна Австрийская – кардинал де Ришелье. Англия – Франция)</title>
	</book>
	<book>
		<filename>arseneva_elena/arseneva_elena_ohota_na_krasavic.fb2.zip</filename>
		<title> Арсеньева Елена. Охота на красавиц</title>
	</book>
	<book>
		<filename>arseneva_elena/arseneva_elena_opalnaya_krasavica.fb2.zip</filename>
		<title> Арсеньева Елена. Опальная красавица</title>
	</book>
	<book>
		<filename>arseneva_elena/arseneva_elena_osen_na_krayu.fb2.zip</filename>
		<title> Арсеньева Елена. Осень на краю</title>
	</book>
	<book>
		<filename>arseneva_elena/arseneva_elena_ot_lyubvi_sumasshedshaya_olga_zherebcova.fb2.zip</filename>
		<title> Арсеньева Елена. От любви сумасшедшая (Ольга Жеребцова)</title>
	</book>
	<book>
		<filename>arseneva_elena/arseneva_elena_otrada_serdca_moego_anastasiya_minkina.fb2.zip</filename>
		<title> Арсеньева Елена. Отрада сердца моего (Анастасия Минкина)</title>
	</book>
	<book>
		<filename>arseneva_elena/arseneva_elena_otrava_dlya_serdec.fb2.zip</filename>
		<title> Арсеньева Елена. Отрава для сердец</title>
	</book>
	<book>
		<filename>arseneva_elena/arseneva_elena_otrazhenie_v_mutnoi_vode.fb2.zip</filename>
		<title> Арсеньева Елена. Отражение в мутной воде</title>
	</book>
	<book>
		<filename>arseneva_elena/arseneva_elena_pani_carica.fb2.zip</filename>
		<title> Арсеньева Елена. Пани царица</title>
	</book>
	<book>
		<filename>arseneva_elena/arseneva_elena_parizhru.fb2.zip</filename>
		<title> Арсеньева Елена. Париж.ru</title>
	</book>
	<book>
		<filename>arseneva_elena/arseneva_elena_persten_korolevy_robert_devero_graf_yesseks_koroleva_elizaveta_angliya.fb2.zip</filename>
		<title> Арсеньева Елена. Перстень королевы (Роберт Деверо, граф Эссекс – королева Елизавета. Англия)</title>
	</book>
	<book>
		<filename>arseneva_elena/arseneva_elena_peterburgskaya_kukla_ili_dama_ptic_olga_sudeikinaglebova.fb2.zip</filename>
		<title> Арсеньева Елена. Петербургская кукла, или Дама птиц (Ольга Судейкина-Глебова)</title>
	</book>
	<book>
		<filename>arseneva_elena/arseneva_elena_piastry_piastry_genri_morgan_angliya.fb2.zip</filename>
		<title> Арсеньева Елена. Пиастры, пиастры! (Генри Морган, Англия)</title>
	</book>
	<book>
		<filename>arseneva_elena/arseneva_elena_pocelovavshii_yeti_guby_avrora_shernval.fb2.zip</filename>
		<title> Арсеньева Елена. Поцеловавший эти губы (Аврора Шернваль)</title>
	</book>
	<book>
		<filename>arseneva_elena/arseneva_elena_pocelui_s_dalnim_pricelom.fb2.zip</filename>
		<title> Арсеньева Елена. Поцелуй с дальним прицелом</title>
	</book>
	<book>
		<filename>arseneva_elena/arseneva_elena_polunochnyi_lihach.fb2.zip</filename>
		<title> Арсеньева Елена. Полуночный лихач</title>
	</book>
	<book>
		<filename>arseneva_elena/arseneva_elena_poluulybkapoluplach_fedor_rokotov_aleksandra_struiskaya.fb2.zip</filename>
		<title> Арсеньева Елена. Полуулыбка-полуплач (Федор Рокотов – Александра Струйская)</title>
	</book>
	<book>
		<filename>arseneva_elena/arseneva_elena_pomogi_drugim_umeret.fb2.zip</filename>
		<title> Арсеньева Елена. Помоги другим умереть</title>
	</book>
	<book>
		<filename>arseneva_elena/arseneva_elena_poslednee_leto.fb2.zip</filename>
		<title> Арсеньева Елена. Последнее лето</title>
	</book>
	<book>
		<filename>arseneva_elena/arseneva_elena_poslednii_koshmar_zloveshei_krasavicy_aleksandr_pushkin_idaliya_poletika_aleksandra_goncharova_rossiya.fb2.zip</filename>
		<title> Арсеньева Елена. Последний кошмар «зловещей красавицы» (Александр Пушкин – Идалия Полетика – Александра Гончарова. Россия)</title>
	</book>
	<book>
		<filename>arseneva_elena/arseneva_elena_poslednyaya_zhenskaya_glupost.fb2.zip</filename>
		<title> Арсеньева Елена. Последняя женская глупость</title>
	</book>
	<book>
		<filename>arseneva_elena/arseneva_elena_povelitel_razbityh_serdec.fb2.zip</filename>
		<title> Арсеньева Елена. Повелитель разбитых сердец</title>
	</book>
	<book>
		<filename>arseneva_elena/arseneva_elena_poverzhennyi_geroi_samson_izrail.fb2.zip</filename>
		<title> Арсеньева Елена. Поверженный герой (Самсон, Израиль)</title>
	</book>
	<book>
		<filename>arseneva_elena/arseneva_elena_pravda_vo_imya_lzhi.fb2.zip</filename>
		<title> Арсеньева Елена. Правда во имя лжи</title>
	</book>
	<book>
		<filename>arseneva_elena/arseneva_elena_prekrasna_i_ochen_opasna.fb2.zip</filename>
		<title> Арсеньева Елена. Прекрасна и очень опасна</title>
	</book>
	<book>
		<filename>arseneva_elena/arseneva_elena_prichudy_bogov.fb2.zip</filename>
		<title> Арсеньева Елена. Причуды богов</title>
	</book>
	<book>
		<filename>arseneva_elena/arseneva_elena_prichudy_salomei_ili_roman_odnoi_kartiny_valentin_serov_ida_rubinshtein.fb2.zip</filename>
		<title> Арсеньева Елена. Причуды Саломеи, или Роман одной картины (Валентин Серов – Ида Рубинштейн)</title>
	</book>
	<book>
		<filename>arseneva_elena/arseneva_elena_proklyatie_giacintov.fb2.zip</filename>
		<title> Арсеньева Елена. Проклятие Гиацинтов</title>
	</book>
	<book>
		<filename>arseneva_elena/arseneva_elena_putevodnaya_zvezda_ili_kurtizanka_po_dolgu_sluzhby_praskovya_bryus.fb2.zip</filename>
		<title> Арсеньева Елена. Путеводная звезда, или Куртизанка по долгу службы (Прасковья Брюс)</title>
	</book>
	<book>
		<filename>arseneva_elena/arseneva_elena_razbitoe_serdce_iyulya.fb2.zip</filename>
		<title> Арсеньева Елена. Разбитое сердце июля</title>
	</book>
	<book>
		<filename>arseneva_elena/arseneva_elena_recept_ekateriny_medichi.fb2.zip</filename>
		<title> Арсеньева Елена. Рецепт Екатерины Медичи</title>
	</book>
	<book>
		<filename>arseneva_elena/arseneva_elena_repeticiya_konca_sveta.fb2.zip</filename>
		<title> Арсеньева Елена. Репетиция конца света</title>
	</book>
	<book>
		<filename>arseneva_elena/arseneva_elena_rokovaya_dama_tref.fb2.zip</filename>
		<title> Арсеньева Елена. Роковая дама треф</title>
	</book>
	<book>
		<filename>arseneva_elena/arseneva_elena_rokovaya_lyubov_ninon_de_lanklo_franciya.fb2.zip</filename>
		<title> Арсеньева Елена. Роковая любовь (Нинон де Ланкло, Франция)</title>
	</book>
	<book>
		<filename>arseneva_elena/arseneva_elena_rokovoe_imya_ekaterina_dolgorukaya_imperator_aleksandr_ii.fb2.zip</filename>
		<title> Арсеньева Елена. Роковое имя (Екатерина Долгорукая – император Александр II)</title>
	</book>
	<book>
		<filename>arseneva_elena/arseneva_elena_rokovoe_zele.fb2.zip</filename>
		<title> Арсеньева Елена. Роковое зелье</title>
	</book>
	<book>
		<filename>arseneva_elena/arseneva_elena_russkie_kurtizanki.fb2.zip</filename>
		<title> Арсеньева Елена. Русские куртизанки</title>
	</book>
	<book>
		<filename>arseneva_elena/arseneva_elena_russkie_muzy_dlya_francuza_ili_kurtizanki_po_nature_lidiya_nesselrode_nadezhda_naryshkina.fb2.zip</filename>
		<title> Арсеньева Елена. Русские музы для француза, или Куртизанки по натуре (Лидия Нессельроде, Надежда Нарышкина)</title>
	</book>
	<book>
		<filename>arseneva_elena/arseneva_elena_sbyvsheesya_proklyate_mihail_skopinshuiskii_rossiya.fb2.zip</filename>
		<title> Арсеньева Елена. Сбывшееся проклятье (Михаил Скопин-Шуйский, Россия)</title>
	</book>
	<book>
		<filename>arseneva_elena/arseneva_elena_sestra_bratu_svoemu_sofya_alekseevna_rossiya.fb2.zip</filename>
		<title> Арсеньева Елена. Сестра брату своему (Софья Алексеевна, Россия)</title>
	</book>
	<book>
		<filename>arseneva_elena/arseneva_elena_silfida_vedma_satanessa_zinaida_gippius.fb2.zip</filename>
		<title> Арсеньева Елена. Сильфида, ведьма, сатанесса (Зинаида Гиппиус)</title>
	</book>
	<book>
		<filename>arseneva_elena/arseneva_elena_skvoz_ledyanuyu_mglu_zoya_voskresenskayarybkina.fb2.zip</filename>
		<title> Арсеньева Елена. Сквозь ледяную мглу (Зоя Воскресенская-Рыбкина)</title>
	</book>
	<book>
		<filename>arseneva_elena/arseneva_elena_sokol_yasnyi_elena_glinskaya_knyaz_ivan_obolenskii.fb2.zip</filename>
		<title> Арсеньева Елена. Сокол ясный (Елена Глинская – князь Иван Оболенский)</title>
	</book>
	<book>
		<filename>arseneva_elena/arseneva_elena_strana_zolota_yernando_kortes_ispaniya.fb2.zip</filename>
		<title> Арсеньева Елена. Страна золота (Эрнандо Кортес, Испания)</title>
	</book>
	<book>
		<filename>arseneva_elena/arseneva_elena_strashnaya_skazka.fb2.zip</filename>
		<title> Арсеньева Елена. Страшная сказка</title>
	</book>
	<book>
		<filename>arseneva_elena/arseneva_elena_strastimordasti_darya_saltykova.fb2.zip</filename>
		<title> Арсеньева Елена. Страсти-мордасти (Дарья Салтыкова)</title>
	</book>
	<book>
		<filename>arseneva_elena/arseneva_elena_strast_skvoz_vremya.fb2.zip</filename>
		<title> Арсеньева Елена. Страсть сквозь время</title>
	</book>
	<book>
		<filename>arseneva_elena/arseneva_elena_stupaite_carstvovat_gosudar_aleksandr_pervyi_rossiya.fb2.zip</filename>
		<title> Арсеньева Елена. «Ступайте царствовать, государь!» (Александр Первый, Россия)</title>
	</book>
	<book>
		<filename>arseneva_elena/arseneva_elena_syshica_nachala_veka.fb2.zip</filename>
		<title> Арсеньева Елена. Сыщица начала века</title>
	</book>
	<book>
		<filename>arseneva_elena/arseneva_elena_ta_chto_poet_v_solovinom_sadu_lyubov_andreevadelmas_aleksandr_blok.fb2.zip</filename>
		<title> Арсеньева Елена. Та, что поет в соловьином саду (Любовь Андреева-Дельмас – Александр Блок)</title>
	</book>
	<book>
		<filename>arseneva_elena/arseneva_elena_tainoe_venchanie.fb2.zip</filename>
		<title> Арсеньева Елена. Тайное венчание</title>
	</book>
	<book>
		<filename>arseneva_elena/arseneva_elena_tainoe_venchanie_nikolai_lvov_mariya_dyakova.fb2.zip</filename>
		<title> Арсеньева Елена. Тайное венчание (Николай Львов – Мария Дьякова)</title>
	</book>
	<book>
		<filename>arseneva_elena/arseneva_elena_tainy_carya_midasa_midas_frigiya.fb2.zip</filename>
		<title> Арсеньева Елена. Тайны царя Мидаса (Мидас, Фригия)</title>
	</book>
	<book>
		<filename>arseneva_elena/arseneva_elena_tainyi_greh_imperatricy.fb2.zip</filename>
		<title> Арсеньева Елена. Тайный грех императрицы</title>
	</book>
	<book>
		<filename>arseneva_elena/arseneva_elena_telo_tvoe_kosy_tvoi_kseniya_godunova_rossiya.fb2.zip</filename>
		<title> Арсеньева Елена. «Тело твое, косы твои…» (Ксения Годунова, Россия)</title>
	</book>
	<book>
		<filename>arseneva_elena/arseneva_elena_termoyadernaya_gala_salvador_dali_elena_dyakonova.fb2.zip</filename>
		<title> Арсеньева Елена. Термоядерная Гала (Сальвадор Дали – Елена Дьяконова)</title>
	</book>
	<book>
		<filename>arseneva_elena/arseneva_elena_tiranpodkabluchnik_imperator_pavel_i_i_ego_favoritki.fb2.zip</filename>
		<title> Арсеньева Елена. Тиран-подкаблучник (император Павел I и его фаворитки)</title>
	</book>
	<book>
		<filename>arseneva_elena/arseneva_elena_toskanskii_princ_i_kanatnaya_plyasunya_amedeo_modilyani_anna_ahmatova.fb2.zip</filename>
		<title> Арсеньева Елена. Тосканский принц и канатная плясунья (Амедео Модильяни – Анна Ахматова)</title>
	</book>
	<book>
		<filename>arseneva_elena/arseneva_elena_tot_samyi_graf_ta_samaya_grafinya_luiklermon_byussi_dambuaz_franciya.fb2.zip</filename>
		<title> Арсеньева Елена. Тот самый граф, та самая графиня (Луи-Клермон Бюсси д’Амбуаз. Франция)</title>
	</book>
	<book>
		<filename>arseneva_elena/arseneva_elena_trubka_skripka_i_lyubovnica_elizaveta_voroncova_imperator_petr_iii.fb2.zip</filename>
		<title> Арсеньева Елена. Трубка, скрипка и любовница (Елизавета Воронцова – император Петр III)</title>
	</book>
	<book>
		<filename>arseneva_elena/arseneva_elena_ty_vse_zhe_moi_karolina_pavlova.fb2.zip</filename>
		<title> Арсеньева Елена. «Ты все же мой!» (Каролина Павлова)</title>
	</book>
	<book>
		<filename>arseneva_elena/arseneva_elena_vasilisa_prekrasnaya_vasilisa_melenteva_car_ivan_groznyi.fb2.zip</filename>
		<title> Арсеньева Елена. Василиса Прекрасная (Василиса Мелентьева – царь Иван Грозный)</title>
	</book>
	<book>
		<filename>arseneva_elena/arseneva_elena_vedma_iz_yablonevogo_sada.fb2.zip</filename>
		<title> Арсеньева Елена. Ведьма из яблоневого сада</title>
	</book>
	<book>
		<filename>arseneva_elena/arseneva_elena_velikaya_revnost_velikoi_zhenshiny_ekaterina_ii_aleksandr_dmitrievmamonov_darya_shcherbatova_rossiya.fb2.zip</filename>
		<title> Арсеньева Елена. Великая ревность великой женщины (Екатерина II – Александр Дмитриев-Мамонов – Дарья Щербатова. Россия)</title>
	</book>
	<book>
		<filename>arseneva_elena/arseneva_elena_venecianskaya_bludnica.fb2.zip</filename>
		<title> Арсеньева Елена. Венецианская блудница</title>
	</book>
	<book>
		<filename>arseneva_elena/arseneva_elena_veselaya_smert_revnost_porusski.fb2.zip</filename>
		<title> Арсеньева Елена. «Веселая» смерть (Ревность по-русски)</title>
	</book>
	<book>
		<filename>arseneva_elena/arseneva_elena_veshie_sny_imperatrica_ekaterina_i.fb2.zip</filename>
		<title> Арсеньева Елена. Вещие сны (Императрица Екатерина I)</title>
	</book>
	<book>
		<filename>arseneva_elena/arseneva_elena_viking_i_zlatovlaska_iz_gardariki_elizaveta_yaroslavovna_i_garald_gardrad.fb2.zip</filename>
		<title> Арсеньева Елена. Викинг и Златовласка из Гардарики (Елизавета Ярославовна и Гаральд Гардрад)</title>
	</book>
	<book>
		<filename>arseneva_elena/arseneva_elena_vivat_elisavet_imperatrica_elizaveta_petrovna_aleksei_shubin.fb2.zip</filename>
		<title> Арсеньева Елена. Виват, Елисавет! (императрица Елизавета Петровна – Алексей Шубин)</title>
	</book>
	<book>
		<filename>arseneva_elena/arseneva_elena_vozlyublennye_usta_mariya_gamilton_petr_i_rossiya.fb2.zip</filename>
		<title> Арсеньева Елена. Возлюбленные уста (Мария Гамильтон – Петр I. Россия)</title>
	</book>
	<book>
		<filename>arseneva_elena/arseneva_elena_v_pylu_lyubovnogo_ugara.fb2.zip</filename>
		<title> Арсеньева Елена. В пылу любовного угара</title>
	</book>
	<book>
		<filename>arseneva_elena/arseneva_elena_yadovitaya_orhideya_si_taihou_cysi_kitai.fb2.zip</filename>
		<title> Арсеньева Елена. Ядовитая орхидея (Си Тайхоу (Цыси), Китай)</title>
	</book>
	<book>
		<filename>arseneva_elena/arseneva_elena_yad_vozhdeleniya.fb2.zip</filename>
		<title> Арсеньева Елена. Яд вожделения</title>
	</book>
	<book>
		<filename>arseneva_elena/arseneva_elena_zabytyi_imperator_mariyaluiza_napoleon.fb2.zip</filename>
		<title> Арсеньева Елена. Забытый император (Мария-Луиза – Наполеон)</title>
	</book>
	<book>
		<filename>arseneva_elena/arseneva_elena_zamuzh_za_russkogo_millionera_matilda_i_anatolii_demidovy_rossiya.fb2.zip</filename>
		<title> Арсеньева Елена. Замуж за русского миллионера… (Матильда и Анатолий Демидовы, Россия)</title>
	</book>
	<book>
		<filename>arseneva_elena/arseneva_elena_zhemchuzhina_strasti_margarita_navarrskaya_franciya.fb2.zip</filename>
		<title> Арсеньева Елена. Жемчужина страсти (Маргарита Наваррская, Франция)</title>
	</book>
	<book>
		<filename>arseneva_elena/arseneva_elena_zhenshina_ne_v_ego_vkuse_anri_matiss_lidiya_delektorskaya.fb2.zip</filename>
		<title> Арсеньева Елена. Женщина не в его вкусе (Анри Матисс – Лидия Делекторская)</title>
	</book>
	<book>
		<filename>arseneva_elena/arseneva_elena_zheny_groznogo_carya_garem_ivana_groznogo.fb2.zip</filename>
		<title> Арсеньева Елена. Жены грозного царя [=Гарем Ивана Грозного]</title>
	</book>
	<book>
		<filename>arseneva_elena/arseneva_elena_zima_v_rayu.fb2.zip</filename>
		<title> Арсеньева Елена. Зима в раю</title>
	</book>
	<book>
		<filename>arseneva_elena/arseneva_elena_zlaya_zhena_andrei_bogolyubskii.fb2.zip</filename>
		<title> Арсеньева Елена. Злая жена (Андрей Боголюбский)</title>
	</book>
	<book>
		<filename>arseneva_elena/arseneva_elena_zloi_i_prelestnyi_charodii_ivan_mazepa_ukraina.fb2.zip</filename>
		<title> Арсеньева Елена. «Злой и прелестный чародiй» (Иван Мазепа, Украина)</title>
	</book>
	<book>
		<filename>arseneva_elena/arseneva_elena_zvezda_na_soderzhanii.fb2.zip</filename>
		<title> Арсеньева Елена. Звезда на содержании</title>
	</book>

</books>
