<?xml version="1.0" encoding="UTF-8" ?>
<books>
<book>
	<filename>akunin_boris/akunin_boris_almaznaya_kolesnica_tom_1.fb2.zip</filename>
	<title>Акунин Борис. Алмазная колесница. Том 1</title>
</book>
<book>
	<filename>akunin_boris/akunin_boris_almaznaya_kolesnica_tom_2.fb2.zip</filename>
	<title>Акунин Борис. Алмазная колесница. Том 2</title>
</book>
<book>
	<filename>akunin_boris/akunin_boris_altyntolobas.fb2.zip</filename>
	<title>Акунин Борис. Алтын-Толобас</title>
</book>
<book>
	<filename>akunin_boris/akunin_boris_azazel.fb2.zip</filename>
	<title>Акунин Борис. Азазель</title>
</book>
<book>
	<filename>akunin_boris/akunin_boris_chaika.fb2.zip</filename>
	<title>Акунин Борис. Чайка</title>
</book>
<book>
	<filename>akunin_boris/akunin_boris_dary_limuziny.fb2.zip</filename>
	<title>Акунин Борис. Дары Лимузины</title>
</book>
<book>
	<filename>akunin_boris/akunin_boris_detskaya_kniga.fb2.zip</filename>
	<title>Акунин Борис. Детская книга</title>
</book>
<book>
	<filename>akunin_boris/akunin_boris_fantastika.fb2.zip</filename>
	<title>Акунин Борис. Фантастика</title>
</book>
<book>
	<filename>akunin_boris/akunin_boris_f_m_tom_1.fb2.zip</filename>
	<title>Акунин Борис. Ф. М. Том 1</title>
</book>
<book>
	<filename>akunin_boris/akunin_boris_f_m_tom_2.fb2.zip</filename>
	<title>Акунин Борис. Ф. М. Том 2</title>
</book>
<book>
	<filename>akunin_boris/akunin_boris_in_i_yan.fb2.zip</filename>
	<title>Акунин Борис. Инь и Ян</title>
</book>
<book>
	<filename>akunin_boris/akunin_boris_kladbishenskie_istorii.fb2.zip</filename>
	<title>Акунин Борис. Кладбищенские истории</title>
</book>
<book>
	<filename>akunin_boris/akunin_boris_koronaciya_ili_poslednii_iz_romanov.fb2.zip</filename>
	<title>Акунин Борис. Коронация, или Последний из романов</title>
</book>
<book>
	<filename>akunin_boris/akunin_boris_kvest.fb2.zip</filename>
	<title>Акунин Борис. Квест</title>
</book>
<book>
	<filename>akunin_boris/akunin_boris_leviafan.fb2.zip</filename>
	<title>Акунин Борис. Левиафан</title>
</book>
<book>
	<filename>akunin_boris/akunin_boris_lyubovnica_smerti.fb2.zip</filename>
	<title>Акунин Борис. Любовница смерти</title>
</book>
<book>
	<filename>akunin_boris/akunin_boris_lyubovnik_smerti.fb2.zip</filename>
	<title>Акунин Борис. Любовник смерти</title>
</book>
<book>
	<filename>akunin_boris/akunin_boris_nefritovye_chetki.fb2.zip</filename>
	<title>Акунин Борис. Нефритовые четки</title>
</book>
<book>
	<filename>akunin_boris/akunin_boris_nevolnik_chesti.fb2.zip</filename>
	<title>Акунин Борис. Невольник чести</title>
</book>
<book>
	<filename>akunin_boris/akunin_boris_osobye_porucheniya_dekorator.fb2.zip</filename>
	<title>Акунин Борис. Особые поручения: Декоратор</title>
</book>
<book>
	<filename>akunin_boris/akunin_boris_osobye_porucheniya_pikovyi_valet.fb2.zip</filename>
	<title>Акунин Борис. Особые поручения: Пиковый валет</title>
</book>
<book>
	<filename>akunin_boris/akunin_boris_pelagiya_i_belyi_buldog.fb2.zip</filename>
	<title>Акунин Борис. Пелагия и белый бульдог</title>
</book>
<book>
	<filename>akunin_boris/akunin_boris_pelagiya_i_chyornyi_monah.fb2.zip</filename>
	<title>Акунин Борис. Пелагия и чёрный монах</title>
</book>
<book>
	<filename>akunin_boris/akunin_boris_pelagiya_i_krasnyi_petuh.fb2.zip</filename>
	<title>Акунин Борис. Пелагия и красный петух</title>
</book>
<book>
	<filename>akunin_boris/akunin_boris_problema_2000.fb2.zip</filename>
	<title>Акунин Борис. Проблема 2000</title>
</book>
<book>
	<filename>akunin_boris/akunin_boris_pstd.fb2.zip</filename>
	<title>Акунин Борис. PSTD</title>
</book>
<book>
	<filename>akunin_boris/akunin_boris_shpionskii_roman.fb2.zip</filename>
	<title>Акунин Борис. Шпионский роман</title>
</book>
<book>
	<filename>akunin_boris/akunin_boris_smert_ahillesa.fb2.zip</filename>
	<title>Акунин Борис. Смерть Ахиллеса</title>
</book>
<book>
	<filename>akunin_boris/akunin_boris_spasitel_otechestva.fb2.zip</filename>
	<title>Акунин Борис. Спаситель отечества</title>
</book>
<book>
	<filename>akunin_boris/akunin_boris_statskii_sovetnik.fb2.zip</filename>
	<title>Акунин Борис. Статский советник</title>
</book>
<book>
	<filename>akunin_boris/akunin_boris_strast_i_dolg.fb2.zip</filename>
	<title>Акунин Борис. Страсть и долг</title>
</book>
<book>
	<filename>akunin_boris/akunin_boris_tefal_ty_dumaesh_o_nas.fb2.zip</filename>
	<title>Акунин Борис. Тефаль, ты думаешь о нас</title>
</book>
<book>
	<filename>akunin_boris/akunin_boris_tureckii_gambit.fb2.zip</filename>
	<title>Акунин Борис. Турецкий гамбит</title>
</book>
<book>
	<filename>akunin_boris/akunin_boris_vneklassnoe_chtenie_tom_1.fb2.zip</filename>
	<title>Акунин Борис. Внеклассное чтение. Том 1</title>
</book>
<book>
	<filename>akunin_boris/akunin_boris_vneklassnoe_chtenie_tom_2.fb2.zip</filename>
	<title>Акунин Борис. Внеклассное чтение. Том 2</title>
</book>
<book>
	<filename>akunin_boris/akunin_boris_vostok_i_zapad.fb2.zip</filename>
	<title>Акунин Борис. Восток и Запад</title>
</book>
<book>
	<filename>akunin_boris/akunin_boris_zerkalo_senzhermena.fb2.zip</filename>
	<title>Акунин Борис. Зеркало Сен-Жермена</title>
</book>
<book>
	<filename>akutagava_ryunoskye/akutagava_ryunoskye_ababababa.fb2.zip</filename>
	<title>Акутагава Рюноскэ. А-ба-ба-ба-ба</title>
</book>
<book>
	<filename>akutagava_ryunoskye/akutagava_ryunoskye_ad_odinochestva.fb2.zip</filename>
	<title>Акутагава Рюноскэ. Ад одиночества</title>
</book>
<book>
	<filename>akutagava_ryunoskye/akutagava_ryunoskye_chistota_otomi.fb2.zip</filename>
	<title>Акутагава Рюноскэ. Чистота о-Томи</title>
</book>
<book>
	<filename>akutagava_ryunoskye/akutagava_ryunoskye_chudesa_magii.fb2.zip</filename>
	<title>Акутагава Рюноскэ. Чудеса магии</title>
</book>
<book>
	<filename>akutagava_ryunoskye/akutagava_ryunoskye_desyatiienovaya_bumazhka.fb2.zip</filename>
	<title>Акутагава Рюноскэ. Десятииеновая бумажка</title>
</book>
<book>
	<filename>akutagava_ryunoskye/akutagava_ryunoskye_dzyuriano_kitiskye.fb2.zip</filename>
	<title>Акутагава Рюноскэ. Дзюриано Китискэ</title>
</book>
<book>
	<filename>akutagava_ryunoskye/akutagava_ryunoskye_general.fb2.zip</filename>
	<title>Акутагава Рюноскэ. Генерал</title>
</book>
<book>
	<filename>akutagava_ryunoskye/akutagava_ryunoskye_holod.fb2.zip</filename>
	<title>Акутагава Рюноскэ. Холод</title>
</book>
<book>
	<filename>akutagava_ryunoskye/akutagava_ryunoskye_iz_knigi_sobranie_haiku_tekodo.fb2.zip</filename>
	<title>Акутагава Рюноскэ. Из книги «Собрание хайку Текодо»</title>
</book>
<book>
	<filename>akutagava_ryunoskye/akutagava_ryunoskye_iz_slov_pigmeya.fb2.zip</filename>
	<title>Акутагава Рюноскэ. Из «Слов пигмея»</title>
</book>
<book>
	<filename>akutagava_ryunoskye/akutagava_ryunoskye_iz_zametok_tekodo.fb2.zip</filename>
	<title>Акутагава Рюноскэ. Из заметок «Текодо»</title>
</book>
<book>
	<filename>akutagava_ryunoskye/akutagava_ryunoskye_iz_zametok_v_svyazi_s_velikim_zemletryaseniem.fb2.zip</filename>
	<title>Акутагава Рюноскэ. Из заметок «В связи с великим землетрясением»</title>
</book>
<book>
	<filename>akutagava_ryunoskye/akutagava_ryunoskye_iz_zapisok_yasukiti.fb2.zip</filename>
	<title>Акутагава Рюноскэ. Из записок Ясукити</title>
</book>
<book>
	<filename>akutagava_ryunoskye/akutagava_ryunoskye_kak_veril_bisyei.fb2.zip</filename>
	<title>Акутагава Рюноскэ. Как верил Бисэй</title>
</book>
<book>
	<filename>akutagava_ryunoskye/akutagava_ryunoskye_kom_zemli.fb2.zip</filename>
	<title>Акутагава Рюноскэ. Ком земли</title>
</book>
<book>
	<filename>akutagava_ryunoskye/akutagava_ryunoskye_kyesa_i_morito.fb2.zip</filename>
	<title>Акутагава Рюноскэ. Кэса и Морито</title>
</book>
<book>
	<filename>akutagava_ryunoskye/akutagava_ryunoskye_loshadinye_nogi.fb2.zip</filename>
	<title>Акутагава Рюноскэ. Лошадиные ноги</title>
</book>
<book>
	<filename>akutagava_ryunoskye/akutagava_ryunoskye_luk.fb2.zip</filename>
	<title>Акутагава Рюноскэ. Лук</title>
</book>
<book>
	<filename>akutagava_ryunoskye/akutagava_ryunoskye_mandariny.fb2.zip</filename>
	<title>Акутагава Рюноскэ. Мандарины</title>
</book>
<book>
	<filename>akutagava_ryunoskye/akutagava_ryunoskye_maska_hettoko.fb2.zip</filename>
	<title>Акутагава Рюноскэ. Маска Хеттоко</title>
</book>
<book>
	<filename>akutagava_ryunoskye/akutagava_ryunoskye_mensura_zoili.fb2.zip</filename>
	<title>Акутагава Рюноскэ. Mensura Zoili</title>
</book>
<book>
	<filename>akutagava_ryunoskye/akutagava_ryunoskye_muki_ada.fb2.zip</filename>
	<title>Акутагава Рюноскэ. Муки ада</title>
</book>
<book>
	<filename>akutagava_ryunoskye/akutagava_ryunoskye_nankinskii_hristos.fb2.zip</filename>
	<title>Акутагава Рюноскэ. Нанкинский Христос</title>
</book>
<book>
	<filename>akutagava_ryunoskye/akutagava_ryunoskye_nosovoi_platok.fb2.zip</filename>
	<title>Акутагава Рюноскэ. Носовой платок</title>
</book>
<book>
	<filename>akutagava_ryunoskye/akutagava_ryunoskye_obezyana.fb2.zip</filename>
	<title>Акутагава Рюноскэ. Обезьяна</title>
</book>
<book>
	<filename>akutagava_ryunoskye/akutagava_ryunoskye_ogin.fb2.zip</filename>
	<title>Акутагава Рюноскэ. О-Гин</title>
</book>
<book>
	<filename>akutagava_ryunoskye/akutagava_ryunoskye_oricu_i_ee_deti.fb2.zip</filename>
	<title>Акутагава Рюноскэ. О-Рицу и ее дети</title>
</book>
<book>
	<filename>akutagava_ryunoskye/akutagava_ryunoskye_o_sebe_v_te_gody.fb2.zip</filename>
	<title>Акутагава Рюноскэ. О себе в те годы</title>
</book>
<book>
	<filename>akutagava_ryunoskye/akutagava_ryunoskye_podkidysh.fb2.zip</filename>
	<title>Акутагава Рюноскэ. Подкидыш</title>
</book>
<book>
	<filename>akutagava_ryunoskye/akutagava_ryunoskye_povest_ob_otplate_za_dobro.fb2.zip</filename>
	<title>Акутагава Рюноскэ. Повесть об отплате за добро</title>
</book>
<book>
	<filename>akutagava_ryunoskye/akutagava_ryunoskye_rasskaz_o_tom_kak_otvalilas_golova.fb2.zip</filename>
	<title>Акутагава Рюноскэ. Рассказ о том, как отвалилась голова</title>
</book>
<book>
	<filename>akutagava_ryunoskye/akutagava_ryunoskye_schaste.fb2.zip</filename>
	<title>Акутагава Рюноскэ. Счастье</title>
</book>
<book>
	<filename>akutagava_ryunoskye/akutagava_ryunoskye_slova_pigmeya.fb2.zip</filename>
	<title>Акутагава Рюноскэ. Слова пигмея</title>
</book>
<book>
	<filename>akutagava_ryunoskye/akutagava_ryunoskye_snezhok.fb2.zip</filename>
	<title>Акутагава Рюноскэ. Снежок</title>
</book>
<book>
	<filename>akutagava_ryunoskye/akutagava_ryunoskye_somnenie.fb2.zip</filename>
	<title>Акутагава Рюноскэ. Сомнение</title>
</book>
<book>
	<filename>akutagava_ryunoskye/akutagava_ryunoskye_srazhenie_obezyany_s_krabom.fb2.zip</filename>
	<title>Акутагава Рюноскэ. Сражение обезьяны с крабом</title>
</book>
<book>
	<filename>akutagava_ryunoskye/akutagava_ryunoskye_susonoono_mikoto_na_sklone_let.fb2.zip</filename>
	<title>Акутагава Рюноскэ. Сусоноо-но микото на склоне лет</title>
</book>
<book>
	<filename>akutagava_ryunoskye/akutagava_ryunoskye_svyatoi.fb2.zip</filename>
	<title>Акутагава Рюноскэ. Святой</title>
</book>
<book>
	<filename>akutagava_ryunoskye/akutagava_ryunoskye_tabak_i_dyavol.fb2.zip</filename>
	<title>Акутагава Рюноскэ. Табак и дьявол</title>
</book>
<book>
	<filename>akutagava_ryunoskye/akutagava_ryunoskye_tri_okna.fb2.zip</filename>
	<title>Акутагава Рюноскэ. Три окна</title>
</book>
<book>
	<filename>akutagava_ryunoskye/akutagava_ryunoskye_usmeshka_bogov.fb2.zip</filename>
	<title>Акутагава Рюноскэ. Усмешка богов</title>
</book>
<book>
	<filename>akutagava_ryunoskye/akutagava_ryunoskye_vagonetka.fb2.zip</filename>
	<title>Акутагава Рюноскэ. Вагонетка</title>
</book>
<book>
	<filename>akutagava_ryunoskye/akutagava_ryunoskye_v_chashe.fb2.zip</filename>
	<title>Акутагава Рюноскэ. В чаще</title>
</book>
<book>
	<filename>akutagava_ryunoskye/akutagava_ryunoskye_vorota_rasemon.fb2.zip</filename>
	<title>Акутагава Рюноскэ. Ворота Расемон</title>
</book>
<book>
	<filename>akutagava_ryunoskye/akutagava_ryunoskye_vshi.fb2.zip</filename>
	<title>Акутагава Рюноскэ. Вши</title>
</book>
<book>
	<filename>akutagava_ryunoskye/akutagava_ryunoskye_v_strane_vodyanyh.fb2.zip</filename>
	<title>Акутагава Рюноскэ. В стране водяных</title>
</book>
<book>
	<filename>akutagava_ryunoskye/akutagava_ryunoskye_zaveshanie.fb2.zip</filename>
	<title>Акутагава Рюноскэ. Завещание</title>
</book>
<book>
	<filename>akutagava_ryunoskye/akutagava_ryunoskye_zhizn_idiota.fb2.zip</filename>
	<title>Акутагава Рюноскэ. Жизнь идиота</title>
</book>
<book>
	<filename>akutagava_ryunoskye/akutagava_ryunoskye_zubchatye_kolyosa.fb2.zip</filename>
	<title>Акутагава Рюноскэ. Зубчатые колёса</title>
</book>
<book>
	<filename>akvilonov_e/akvilonov_e_iudeiskii_vopros.fb2.zip</filename>
	<title>Аквилонов Е. Иудейский вопрос</title>
</book>
<book>
	<filename>albano_piter/albano_piter_ataka_sedmogo_avianosca.fb2.zip</filename>
	<title>Альбано Питер. Атака седьмого авианосца</title>
</book>
<book>
	<filename>albano_piter/albano_piter_ispytanie_sedmogo_avianosca.fb2.zip</filename>
	<title>Альбано Питер. Испытание седьмого авианосца</title>
</book>
<book>
	<filename>albano_piter/albano_piter_poisk_sedmogo_avianosca.fb2.zip</filename>
	<title>Альбано Питер. Поиск седьмого авианосца</title>
</book>
<book>
	<filename>albano_piter/albano_piter_sedmoi_avianosec.fb2.zip</filename>
	<title>Альбано Питер. Седьмой авианосец</title>
</book>
<book>
	<filename>albano_piter/albano_piter_vozvrashenie_sedmogo_avianosca.fb2.zip</filename>
	<title>Альбано Питер. Возвращение седьмого авианосца</title>
</book>
<book>
	<filename>albertacci_ralf/albertacci_ralf_zalozhnik_1.fb2.zip</filename>
	<title>Альбертацци Ральф. Заложник №1</title>
</book>
<book>
	<filename>al_daniil/al_daniil_doroga_na_strelnu.fb2.zip</filename>
	<title>Аль Даниил Натанович. Дорога на Стрельну</title>
</book>
<book>
	<filename>aldani_lino/aldani_lino_korok.fb2.zip</filename>
	<title>Альдани Лино. Корок</title>
</book>
<book>
	<filename>aldani_lino/aldani_lino_kosmicheskii_karnaval.fb2.zip</filename>
	<title>Альдани Лино. Космический карнавал</title>
</book>
<book>
	<filename>aldani_lino/aldani_lino_luna_dvadcati_ruk.fb2.zip</filename>
	<title>Альдани Лино. Луна двадцати рук</title>
</book>
<book>
	<filename>aldani_lino/aldani_lino_onirofilm.fb2.zip</filename>
	<title>Альдани Лино. Онирофильм</title>
</book>
<book>
	<filename>aldani_lino/aldani_lino_povalnoe_bezumie.fb2.zip</filename>
	<title>Альдани Лино. Повальное безумие</title>
</book>
<book>
	<filename>aldani_lino/aldani_lino_prikazy_ne_obsuzhdayutsya.fb2.zip</filename>
	<title>Альдани Лино. Приказы не обсуждаются</title>
</book>
<book>
	<filename>aldani_lino/aldani_lino_rybykoty_dlya_venery.fb2.zip</filename>
	<title>Альдани Лино. Рыбы-коты для Венеры</title>
</book>
<book>
	<filename>aldanov_mark/aldanov_mark_astrolog.fb2.zip</filename>
	<title>Алданов Марк Александрович. Астролог</title>
</book>
<book>
	<filename>aldanov_mark/aldanov_mark_begstvo.fb2.zip</filename>
	<title>Алданов Марк Александрович. Бегство</title>
</book>
<book>
	<filename>aldanov_mark/aldanov_mark_belvederskii_tors.fb2.zip</filename>
	<title>Алданов Марк Александрович. Бельведерский торс</title>
</book>
<book>
	<filename>aldanov_mark/aldanov_mark_chertov_most.fb2.zip</filename>
	<title>Алданов Марк Александрович. Чертов мост</title>
</book>
<book>
	<filename>aldanov_mark/aldanov_mark_devyatoe_termidora.fb2.zip</filename>
	<title>Алданов Марк Александрович. Девятое Термидора</title>
</book>
<book>
	<filename>aldanov_mark/aldanov_mark_istoki.fb2.zip</filename>
	<title>Алданов Марк Александрович. Истоки</title>
</book>
<book>
	<filename>aldanov_mark/aldanov_mark_klyuch.fb2.zip</filename>
	<title>Алданов Марк Александрович. Ключ</title>
</book>
<book>
	<filename>aldanov_mark/aldanov_mark_mir_posle_gitlera_iz_zapisnyh_knizhek.fb2.zip</filename>
	<title>Алданов Марк Александрович. Мир после Гитлера. Из записных книжек</title>
</book>
<book>
	<filename>aldanov_mark/aldanov_mark_mogila_voina.fb2.zip</filename>
	<title>Алданов Марк Александрович. Могила воина</title>
</book>
<book>
	<filename>aldanov_mark/aldanov_mark_peshera.fb2.zip</filename>
	<title>Алданов Марк Александрович. Пещера</title>
</book>
<book>
	<filename>aldanov_mark/aldanov_mark_punshevaya_vodka.fb2.zip</filename>
	<title>Алданов Марк Александрович. Пуншевая водка</title>
</book>
<book>
	<filename>aldanov_mark/aldanov_mark_samoubiistvo.fb2.zip</filename>
	<title>Алданов Марк Александрович. Самоубийство</title>
</book>
<book>
	<filename>aldanov_mark/aldanov_mark_svyataya_elena_malenkii_ostrov.fb2.zip</filename>
	<title>Алданов Марк Александрович. Святая Елена, маленький остров</title>
</book>
<book>
	<filename>aldanov_mark/aldanov_mark_uinston_cherchill.fb2.zip</filename>
	<title>Алданов Марк Александрович. Уинстон Черчилль</title>
</book>
<book>
	<filename>aldanov_mark/aldanov_mark_zagovor.fb2.zip</filename>
	<title>Алданов Марк Александрович. Заговор</title>
</book>
<book>
	<filename>aldanov_mark/aldanov_mark_zhivi_kak_hochesh.fb2.zip</filename>
	<title>Алданов Марк Александрович. Живи как хочешь</title>
</book>
<book>
	<filename>alder_hyerri/alder_hyerri_nlp_sovremennye_psihotehnologii.fb2.zip</filename>
	<title>Алдер Хэрри. НЛП. Современные психотехнологии</title>
</book>
<book>
	<filename>aldred_siril/aldred_siril_egiptyane_velikie_stroiteli_piramid.fb2.zip</filename>
	<title>Альдред Сирил. Египтяне. Великие строители пирамид</title>
</book>
<book>
	<filename>alehin_leonid/alehin_leonid_net1_tochka_vhoda.fb2.zip</filename>
	<title>Алехин Леонид. NET-1. Точка входа</title>
</book>
<book>
	<filename>alehin_leonid/alehin_leonid_nochnoe_ograblenie.fb2.zip</filename>
	<title>Алехин Леонид. Ночное ограбление</title>
</book>
<book>
	<filename>alehin_leonid/alehin_leonid_nochnoi_yekspress.fb2.zip</filename>
	<title>Алехин Леонид. Ночной экспресс</title>
</book>
<book>
	<filename>alehin_leonid/alehin_leonid_ona.fb2.zip</filename>
	<title>Алехин Леонид. Она</title>
</book>
<book>
	<filename>alehin_leonid/alehin_leonid_padshie_angely_multiversuma.fb2.zip</filename>
	<title>Алехин Леонид. Падшие ангелы Мультиверсума</title>
</book>
<book>
	<filename>alehin_leonid/alehin_leonid_pobeg_kramera.fb2.zip</filename>
	<title>Алехин Леонид. Побег Крамера</title>
</book>
<book>
	<filename>alehin_leonid/alehin_leonid_skazka_na_noch.fb2.zip</filename>
	<title>Алехин Леонид. Сказка на ночь</title>
</book>
<book>
	<filename>aleihem_sholom/aleihem_sholom_bluzhdayushie_zvezdy.fb2.zip</filename>
	<title>Алейхем Шолом. Блуждающие звезды</title>
</book>
<book>
	<filename>aleinikov_kirill/aleinikov_kirill_istoriya_oborotnya.fb2.zip</filename>
	<title>Алейников Кирилл. История оборотня</title>
</book>
<book>
	<filename>aleinikov_kirill/aleinikov_kirill_poznavshii_krov.fb2.zip</filename>
	<title>Алейников Кирилл. Познавший Кровь</title>
</book>
<book>
	<filename>aleksander_lloid/aleksander_lloid_kniga_treh.fb2.zip</filename>
	<title>Александер Ллойд. Книга Трех</title>
</book>
<book>
	<filename>aleksander_myeg/aleksander_myeg_ditya_lyubvi.fb2.zip</filename>
	<title>Александер Мэг. Дитя любви</title>
</book>
<book>
	<filename>aleksander_patrik/aleksander_patrik_smert_ranenogo_zverya_s_tonkoi_kozhei.fb2.zip</filename>
	<title>Александер Патрик. Смерть раненого зверя с тонкой кожей</title>
</book>
<book>
	<filename>aleksander_patrik/aleksander_patrik_smert_zverya_s_tonkoi_kozhei.fb2.zip</filename>
	<title>Александер Патрик. Смерть зверя с тонкой кожей</title>
</book>
<book>
	<filename>aleksander_viktoriya/aleksander_viktoriya_brachnyi_kontrakt.fb2.zip</filename>
	<title>Александер Виктория. Брачный контракт</title>
</book>
<book>
	<filename>aleksander_viktoriya/aleksander_viktoriya_da_budet_lyubov.fb2.zip</filename>
	<title>Александер Виктория. Да будет любовь!</title>
</book>
<book>
	<filename>aleksander_viktoriya/aleksander_viktoriya_idealnaya_zhena.fb2.zip</filename>
	<title>Александер Виктория. Идеальная жена</title>
</book>
<book>
	<filename>aleksander_viktoriya/aleksander_viktoriya_kogda_my_vstretimsya_vnov.fb2.zip</filename>
	<title>Александер Виктория. Когда мы встретимся вновь</title>
</book>
<book>
	<filename>aleksander_viktoriya/aleksander_viktoriya_lovushka_dlya_dzhentlmena.fb2.zip</filename>
	<title>Александер Виктория. Ловушка для джентльмена</title>
</book>
<book>
	<filename>aleksander_viktoriya/aleksander_viktoriya_milaya_greshnica.fb2.zip</filename>
	<title>Александер Виктория. Милая грешница</title>
</book>
<book>
	<filename>aleksander_viktoriya/aleksander_viktoriya_nevesta_princa.fb2.zip</filename>
	<title>Александер Виктория. Невеста принца</title>
</book>
<book>
	<filename>aleksander_viktoriya/aleksander_viktoriya_riskovannoe_pari.fb2.zip</filename>
	<title>Александер Виктория. Рискованное пари</title>
</book>
<book>
	<filename>aleksander_viktoriya/aleksander_viktoriya_skandalnaya_strast.fb2.zip</filename>
	<title>Александер Виктория. Скандальная страсть</title>
</book>
<book>
	<filename>aleksander_viktoriya/aleksander_viktoriya_spisok_zhenihov.fb2.zip</filename>
	<title>Александер Виктория. Список женихов</title>
</book>
<book>
	<filename>aleksander_viktoriya/aleksander_viktoriya_taina_devstvennicy.fb2.zip</filename>
	<title>Александер Виктория. Тайна девственницы</title>
</book>
<book>
	<filename>aleksander_viktoriya/aleksander_viktoriya_vizit_syera_nikolasa.fb2.zip</filename>
	<title>Александер Виктория. Визит сэра Николаса</title>
</book>
<book>
	<filename>aleksander_viktoriya/aleksander_viktoriya_zhelanie_ledi.fb2.zip</filename>
	<title>Александер Виктория. Желание леди</title>
</book>
<book>
	<filename>aleksander_viktoriya/aleksander_viktoriya_zhenshina_ego_mechty.fb2.zip</filename>
	<title>Александер Виктория. Женщина его мечты</title>
</book>
<book>
	<filename>aleksandrov_aleksandr/aleksandrov_aleksandr_data_rozhdeniya_klyuch_k_ponimaniyu_cheloveka.fb2.zip</filename>
	<title>Александров Александр Федорович. Дата рождения — ключ к пониманию человека</title>
</book>
<book>
	<filename>aleksandrova_natalya/aleksandrova_natalya_ad_da_vinchi.fb2.zip</filename>
	<title>Александрова Наталья. Ад да Винчи</title>
</book>
<book>
	<filename>aleksandrova_natalya/aleksandrova_natalya_assiriiskoe_nasledstvo.fb2.zip</filename>
	<title>Александрова Наталья. Ассирийское наследство</title>
</book>
<book>
	<filename>aleksandrova_natalya/aleksandrova_natalya_bandity_baksy_i_ya.fb2.zip</filename>
	<title>Александрова Наталья. Бандиты, баксы и я</title>
</book>
<book>
	<filename>aleksandrova_natalya/aleksandrova_natalya_bassein_v_gareme.fb2.zip</filename>
	<title>Александрова Наталья. Бассейн в гареме</title>
</book>
<book>
	<filename>aleksandrova_natalya/aleksandrova_natalya_batumskii_svyaznoi.fb2.zip</filename>
	<title>Александрова Наталья. Батумский связной</title>
</book>
<book>
	<filename>aleksandrova_natalya/aleksandrova_natalya_blondinka_na_zavtrak.fb2.zip</filename>
	<title>Александрова Наталья. Блондинка на завтрак</title>
</book>
<book>
	<filename>aleksandrova_natalya/aleksandrova_natalya_chemodan_s_vidom_na_kariby.fb2.zip</filename>
	<title>Александрова Наталья. Чемодан с видом на Карибы</title>
</book>
<book>
	<filename>aleksandrova_natalya/aleksandrova_natalya_chernoe_rozhdestvo.fb2.zip</filename>
	<title>Александрова Наталья. Черное Рождество</title>
</book>
<book>
	<filename>aleksandrova_natalya/aleksandrova_natalya_desyat_medvezhat.fb2.zip</filename>
	<title>Александрова Наталья. Десять медвежат</title>
</book>
<book>
	<filename>aleksandrova_natalya/aleksandrova_natalya_dve_damy_na_gvineiskoi_diete.fb2.zip</filename>
	<title>Александрова Наталья. Две дамы на гвинейской диете</title>
</book>
<book>
	<filename>aleksandrova_natalya/aleksandrova_natalya_dve_damy_s_popugaem.fb2.zip</filename>
	<title>Александрова Наталья. Две дамы с попугаем</title>
</book>
<book>
	<filename>aleksandrova_natalya/aleksandrova_natalya_edinstvennyi_svidetel.fb2.zip</filename>
	<title>Александрова Наталья. Единственный свидетель</title>
</book>
<book>
	<filename>aleksandrova_natalya/aleksandrova_natalya_glaz_nochi.fb2.zip</filename>
	<title>Александрова Наталья. Глаз ночи</title>
</book>
<book>
	<filename>aleksandrova_natalya/aleksandrova_natalya_kapkan_dlya_princessy.fb2.zip</filename>
	<title>Александрова Наталья. Капкан для принцессы</title>
</book>
<book>
	<filename>aleksandrova_natalya/aleksandrova_natalya_kompleks_sinei_borody.fb2.zip</filename>
	<title>Александрова Наталья. Комплекс Синей Бороды</title>
</book>
<book>
	<filename>aleksandrova_natalya/aleksandrova_natalya_kot_osobogo_naznacheniya.fb2.zip</filename>
	<title>Александрова Наталья. Кот особого назначения</title>
</book>
<book>
	<filename>aleksandrova_natalya/aleksandrova_natalya_kot_v_meshke.fb2.zip</filename>
	<title>Александрова Наталья. Кот в мешке</title>
</book>
<book>
	<filename>aleksandrova_natalya/aleksandrova_natalya_kovarstvo_i_svekrov.fb2.zip</filename>
	<title>Александрова Наталья. Коварство и свекровь</title>
</book>
<book>
	<filename>aleksandrova_natalya/aleksandrova_natalya_logovo_skorpiona.fb2.zip</filename>
	<title>Александрова Наталья. Логово скорпиона</title>
</book>
<book>
	<filename>aleksandrova_natalya/aleksandrova_natalya_lyubovnica_teni.fb2.zip</filename>
	<title>Александрова Наталья. Любовница тени</title>
</book>
<book>
	<filename>aleksandrova_natalya/aleksandrova_natalya_makiyazh_dlya_gadyuki.fb2.zip</filename>
	<title>Александрова Наталья. Макияж для гадюки</title>
</book>
<book>
	<filename>aleksandrova_natalya/aleksandrova_natalya_mamochka_v_zakone.fb2.zip</filename>
	<title>Александрова Наталья. Мамочка в законе</title>
</book>
<book>
	<filename>aleksandrova_natalya/aleksandrova_natalya_mest_podayut_holodnoi.fb2.zip</filename>
	<title>Александрова Наталья. Месть подают холодной</title>
</book>
<book>
	<filename>aleksandrova_natalya/aleksandrova_natalya_mikstura_dlya_terminatora.fb2.zip</filename>
	<title>Александрова Наталья. Микстура для терминатора</title>
</book>
<book>
	<filename>aleksandrova_natalya/aleksandrova_natalya_molchanie_kurochki_ryaby.fb2.zip</filename>
	<title>Александрова Наталья. Молчание Курочки Рябы</title>
</book>
<book>
	<filename>aleksandrova_natalya/aleksandrova_natalya_myshelovka_na_tri_persony.fb2.zip</filename>
	<title>Александрова Наталья. Мышеловка на три персоны</title>
</book>
<book>
	<filename>aleksandrova_natalya/aleksandrova_natalya_nastoyashaya_zhizn.fb2.zip</filename>
	<title>Александрова Наталья. Настоящая жизнь</title>
</book>
<book>
	<filename>aleksandrova_natalya/aleksandrova_natalya_ne_vse_koshki_sery.fb2.zip</filename>
	<title>Александрова Наталья. Не все кошки серы</title>
</book>
<book>
	<filename>aleksandrova_natalya/aleksandrova_natalya_ohota_na_gazetnuyu_utku.fb2.zip</filename>
	<title>Александрова Наталья. Охота на газетную утку</title>
</book>
<book>
	<filename>aleksandrova_natalya/aleksandrova_natalya_ohota_na_gienu.fb2.zip</filename>
	<title>Александрова Наталья. Охота на гиену</title>
</book>
<book>
	<filename>aleksandrova_natalya/aleksandrova_natalya_ohotnik_za_golovami.fb2.zip</filename>
	<title>Александрова Наталья. Охотник за головами</title>
</book>
<book>
	<filename>aleksandrova_natalya/aleksandrova_natalya_osheinik_dlya_nevesty.fb2.zip</filename>
	<title>Александрова Наталья. Ошейник для невесты</title>
</book>
<book>
	<filename>aleksandrova_natalya/aleksandrova_natalya_persten_kaliostro.fb2.zip</filename>
	<title>Александрова Наталья. Перстень Калиостро</title>
</book>
<book>
	<filename>aleksandrova_natalya/aleksandrova_natalya_popugai_v_pidzhake_ot_versache.fb2.zip</filename>
	<title>Александрова Наталья. Попугай в пиджаке от «Версаче»</title>
</book>
<book>
	<filename>aleksandrova_natalya/aleksandrova_natalya_porvannaya_struna.fb2.zip</filename>
	<title>Александрова Наталья. Порванная струна</title>
</book>
<book>
	<filename>aleksandrova_natalya/aleksandrova_natalya_ragu_iz_lyubimogo_dyadyushki.fb2.zip</filename>
	<title>Александрова Наталья. Рагу из любимого дядюшки</title>
</book>
<book>
	<filename>aleksandrova_natalya/aleksandrova_natalya_rozy_dlya_killera.fb2.zip</filename>
	<title>Александрова Наталья. Розы для киллера</title>
</book>
<book>
	<filename>aleksandrova_natalya/aleksandrova_natalya_ruki_vverh_ya_vasha_tetya.fb2.zip</filename>
	<title>Александрова Наталья. Руки вверх, я ваша тетя!</title>
</book>
<book>
	<filename>aleksandrova_natalya/aleksandrova_natalya_rybkin_zontik.fb2.zip</filename>
	<title>Александрова Наталья. Рыбкин зонтик</title>
</book>
<book>
	<filename>aleksandrova_natalya/aleksandrova_natalya_sestra_moya_smert.fb2.zip</filename>
	<title>Александрова Наталья. Сестра моя — смерть</title>
</book>
<book>
	<filename>aleksandrova_natalya/aleksandrova_natalya_shashlyk_iz_treh_porosyat.fb2.zip</filename>
	<title>Александрова Наталья. Шашлык из трех поросят</title>
</book>
<book>
	<filename>aleksandrova_natalya/aleksandrova_natalya_shpionskie_strasti.fb2.zip</filename>
	<title>Александрова Наталья. Шпионские страсти</title>
</book>
<book>
	<filename>aleksandrova_natalya/aleksandrova_natalya_snezhnaya_koroleva.fb2.zip</filename>
	<title>Александрова Наталья. Снежная Королева</title>
</book>
<book>
	<filename>aleksandrova_natalya/aleksandrova_natalya_sobachya_radost.fb2.zip</filename>
	<title>Александрова Наталья. Собачья радость</title>
</book>
<book>
	<filename>aleksandrova_natalya/aleksandrova_natalya_sokolinaya_ohota.fb2.zip</filename>
	<title>Александрова Наталья. Соколиная охота</title>
</book>
<book>
	<filename>aleksandrova_natalya/aleksandrova_natalya_suvenir_dlya_oligarha.fb2.zip</filename>
	<title>Александрова Наталья. Сувенир для олигарха</title>
</book>
<book>
	<filename>aleksandrova_natalya/aleksandrova_natalya_taina_nochnogo_dozora.fb2.zip</filename>
	<title>Александрова Наталья. Тайна «Ночного дозора»</title>
</book>
<book>
	<filename>aleksandrova_natalya/aleksandrova_natalya_tarantul_na_kanikulah.fb2.zip</filename>
	<title>Александрова Наталья. Тарантул на каникулах</title>
</book>
<book>
	<filename>aleksandrova_natalya/aleksandrova_natalya_teatr_tenei.fb2.zip</filename>
	<title>Александрова Наталья. Театр теней</title>
</book>
<book>
	<filename>aleksandrova_natalya/aleksandrova_natalya_tesha_v_podarok.fb2.zip</filename>
	<title>Александрова Наталья. Теща в подарок</title>
</book>
<book>
	<filename>aleksandrova_natalya/aleksandrova_natalya_trenazher_dlya_treh_gracii.fb2.zip</filename>
	<title>Александрова Наталья. Тренажер для трех граций</title>
</book>
<book>
	<filename>aleksandrova_natalya/aleksandrova_natalya_tri_angela_po_vyzovu.fb2.zip</filename>
	<title>Александрова Наталья. Три ангела по вызову</title>
</book>
<book>
	<filename>aleksandrova_natalya/aleksandrova_natalya_tri_muzha_i_rotveiler.fb2.zip</filename>
	<title>Александрова Наталья. Три мужа и ротвейлер</title>
</book>
<book>
	<filename>aleksandrova_natalya/aleksandrova_natalya_troe_v_lifte_ne_schitaya_sobaki.fb2.zip</filename>
	<title>Александрова Наталья. Трое в лифте, не считая собаки</title>
</book>
<book>
	<filename>aleksandrova_natalya/aleksandrova_natalya_troinye_nepriyatnosti.fb2.zip</filename>
	<title>Александрова Наталья. Тройные неприятности</title>
</book>
<book>
	<filename>aleksandrova_natalya/aleksandrova_natalya_ubei_menya_nezhno.fb2.zip</filename>
	<title>Александрова Наталья. Убей меня нежно</title>
</book>
<book>
	<filename>aleksandrova_natalya/aleksandrova_natalya_ubiistvo_naprokat.fb2.zip</filename>
	<title>Александрова Наталья. Убийство напрокат</title>
</book>
<book>
	<filename>aleksandrova_natalya/aleksandrova_natalya_ubiistvo_na_troih.fb2.zip</filename>
	<title>Александрова Наталья. Убийство на троих</title>
</book>
<book>
	<filename>aleksandrova_natalya/aleksandrova_natalya_ukradennoe_voskresene.fb2.zip</filename>
	<title>Александрова Наталья. Украденное воскресенье</title>
</book>
<book>
	<filename>aleksandrova_natalya/aleksandrova_natalya_vizit_ochumeloi_damy.fb2.zip</filename>
	<title>Александрова Наталья. Визит очумелой дамы</title>
</book>
<book>
	<filename>aleksandrova_natalya/aleksandrova_natalya_vstavnaya_chelyust_grafa_drakuly.fb2.zip</filename>
	<title>Александрова Наталья. Вставная челюсть графа Дракулы</title>
</book>
<book>
	<filename>aleksandrova_natalya/aleksandrova_natalya_vystrel_v_proshloe.fb2.zip</filename>
	<title>Александрова Наталья. Выстрел в прошлое</title>
</book>
<book>
	<filename>aleksandrova_natalya/aleksandrova_natalya_zabor_iz_volshebnyh_palochek.fb2.zip</filename>
	<title>Александрова Наталья. Забор из волшебных палочек</title>
</book>
<book>
	<filename>aleksandrova_natalya/aleksandrova_natalya_zmeinyi_pocelui.fb2.zip</filename>
	<title>Александрова Наталья. Змеиный поцелуй</title>
</book>
<book>
	<filename>aleksandrova_natalya/aleksandrova_natalya_zolushka_v_bikini.fb2.zip</filename>
	<title>Александрова Наталья. Золушка в бикини</title>
</book>


</books>
