<?xml version="1.0" encoding="UTF-8" ?>
<books>
<book>
	<filename>altov_genrih/altov_genrih_ballada_o_zvezdah.fb2.zip</filename>
	<title>Альтов Генрих. Баллада о звездах</title>
</book>
<book>
	<filename>altov_genrih/altov_genrih_bogatyrskaya_simfoniya.fb2.zip</filename>
	<title>Альтов Генрих Саулович. Богатырская симфония</title>
</book>
<book>
	<filename>altov_genrih/altov_genrih_devyat_minut.fb2.zip</filename>
	<title>Альтов Генрих Саулович. Девять минут</title>
</book>
<book>
	<filename>altov_genrih/altov_genrih_generalnyi_konstruktor.fb2.zip</filename>
	<title>Альтов Генрих Саулович. Генеральный конструктор</title>
</book>
<book>
	<filename>altov_genrih/altov_genrih_klinika_sapsan.fb2.zip</filename>
	<title>Альтов Генрих Саулович. Клиника «Сапсан»</title>
</book>
<book>
	<filename>altov_genrih/altov_genrih_legendy_o_zvezdnyh_kapitanah.fb2.zip</filename>
	<title>Альтов Генрих Саулович. Легенды о звездных капитанах</title>
</book>
<book>
	<filename>altov_genrih/altov_genrih_mozhet_li_mashina_myslit.fb2.zip</filename>
	<title>Альтов Генрих Саулович. Может ли машина мыслить?</title>
</book>
<book>
	<filename>altov_genrih/altov_genrih_opalyayushii_razum.fb2.zip</filename>
	<title>Альтов Генрих Саулович. Опаляющий разум</title>
</book>
<book>
	<filename>altov_genrih/altov_genrih_poligon_zvezdnaya_reka.fb2.zip</filename>
	<title>Альтов Генрих Саулович. Полигон «Звездная река»</title>
</book>
<book>
	<filename>altov_semen/altov_semen_224_izbrannye_stranicy.fb2.zip</filename>
	<title>Альтов Семен. 224 избранные страницы</title>
</book>
<book>
	<filename>altov_semen/altov_semen_iz_knigi_karusel.fb2.zip</filename>
	<title>Альтов Семен. Из книги «Карусель»</title>
</book>
<book>
	<filename>altov_semen/altov_semen_iz_knigi_nabrat_vysotu.fb2.zip</filename>
	<title>Альтов Семен. Из книги «Набрать высоту»</title>
</book>
<book>
	<filename>altov_semen/altov_semen_iz_knigi_shans.fb2.zip</filename>
	<title>Альтов Семен. Из книги «Шанс»</title>
</book>
<book>
	<filename>altov_semen/altov_semen_iz_neopublikovannogo.fb2.zip</filename>
	<title>Альтов Семен. Из неопубликованного</title>
</book>
<book>
	<filename>alvares_alberto/alvares_alberto_dikaya_roza.fb2.zip</filename>
	<title>Альварес Альберто. Дикая роза</title>
</book>
<book>
	<filename>alvares_anna/alvares_anna_dikaya_roza.fb2.zip</filename>
	<title>Альварес Анна. Дикая Роза</title>
</book>
<book>
	<filename>alyoshko_aleksei/alyoshko_aleksei_zoloto_burgundii.fb2.zip</filename>
	<title>Алёшко Алексей Алексеевич. Золото Бургундии</title>
</book>
<book>
	<filename>amadu_zhorzhi/amadu_zhorzhi_beskrainie_zemli.fb2.zip</filename>
	<title>Амаду Жоржи. Бескрайние земли</title>
</book>
<book>
	<filename>amadu_zhorzhi/amadu_zhorzhi_chudo_v_piranyase.fb2.zip</filename>
	<title>Амаду Жоржи. Чудо в Пираньясе</title>
</book>
<book>
	<filename>amadu_zhorzhi/amadu_zhorzhi_dona_flor_i_ee_dva_muzha.fb2.zip</filename>
	<title>Амаду Жоржи. Дона Флор и ее два мужа</title>
</book>
<book>
	<filename>amadu_zhorzhi/amadu_zhorzhi_kapitany_peska.fb2.zip</filename>
	<title>Амаду Жоржи. Капитаны песка</title>
</book>
<book>
	<filename>amadu_zhorzhi/amadu_zhorzhi_lavka_chudes.fb2.zip</filename>
	<title>Амаду Жоржи. Лавка чудес</title>
</book>
<book>
	<filename>amadu_zhorzhi/amadu_zhorzhi_mertvoe_more.fb2.zip</filename>
	<title>Амаду Жоржи. Мертвое море</title>
</book>
<book>
	<filename>amadu_zhorzhi/amadu_zhorzhi_pastyri_nochi.fb2.zip</filename>
	<title>Амаду Жоржи. Пастыри ночи</title>
</book>
<book>
	<filename>amadu_zhorzhi/amadu_zhorzhi_podpole_svobody.fb2.zip</filename>
	<title>Амаду Жоржи. Подполье свободы</title>
</book>
<book>
	<filename>amadu_zhorzhi/amadu_zhorzhi_polosatyi_kot_i_lastochka_sinya.fb2.zip</filename>
	<title>Амаду Жоржи. Полосатый кот и ласточка Синья</title>
</book>
<book>
	<filename>amadu_zhorzhi/amadu_zhorzhi_tereza_batista_sladkii_med_i_otvaga.fb2.zip</filename>
	<title>Амаду Жоржи. Тереза Батиста, Сладкий Мед и Отвага</title>
</book>
<book>
	<filename>amadu_zhorzhi/amadu_zhorzhi_tereza_batista_ustavshaya_voevat.fb2.zip</filename>
	<title>Амаду Жоржи. Тереза Батиста, уставшая воевать</title>
</book>
<book>
	<filename>amadu_zhorzhi/amadu_zhorzhi_voennyi_mundir_mundir_akademicheskii_i_nochnaya_rubashka.fb2.zip</filename>
	<title>Амаду Жоржи. Военный мундир, мундир академический и ночная рубашка</title>
</book>
<book>
	<filename>amadu_zhorzhi/amadu_zhorzhi_zhubiaba.fb2.zip</filename>
	<title>Амаду Жоржи. Жубиаба</title>
</book>
<book>
	<filename>amalrik_andrei/amalrik_andrei_rasputin.fb2.zip</filename>
	<title>Амальрик Андрей. Распутин</title>
</book>
<book>
	<filename>amatuni_petronii/amatuni_petronii_esli_b_zagovoril_sfinks.fb2.zip</filename>
	<title>Аматуни Петроний Гай. Если б заговорил сфинкс...</title>
</book>
<book>
	<filename>amatuni_petronii/amatuni_petronii_gayana.fb2.zip</filename>
	<title>Аматуни Петроний Гай. Гаяна</title>
</book>
<book>
	<filename>ambler_yerik/ambler_yerik_maska_dimitriosa.fb2.zip</filename>
	<title>Амблер Эрик. Маска Димитриоса</title>
</book>
<book>
	<filename>ambrouz_dyevid/ambrouz_dyevid_sueverie.fb2.zip</filename>
	<title>Амброуз Дэвид. Суеверие</title>
</book>
<book>
	<filename>ambroz_stiven/ambroz_stiven_den_d_6_iyunya_1944_g.fb2.zip</filename>
	<title>Амброз Стивен. День «Д». 6 июня 1944 г.</title>
</book>
<book>
	<filename>amfiteatrov_aleksandr/amfiteatrov_aleksandr_belyi_ohotnik.fb2.zip</filename>
	<title>Амфитеатров Александр. Белый охотник</title>
</book>
<book>
	<filename>amfiteatrov_aleksandr/amfiteatrov_aleksandr_kazn.fb2.zip</filename>
	<title>Амфитеатров Александр. Казнь</title>
</book>
<book>
	<filename>amfiteatrov_aleksandr/amfiteatrov_aleksandr_poputchik.fb2.zip</filename>
	<title>Амфитеатров Александр. Попутчик</title>
</book>
<book>
	<filename>amileva_yuliya/amileva_yuliya_betatester_perepletenie_realnostei.fb2.zip</filename>
	<title>Амилева Юлия. Бета-тестер. Переплетение реальностей</title>
</book>
<book>
	<filename>amiryedzhibi_chabua/amiryedzhibi_chabua_data_tutashhia.fb2.zip</filename>
	<title>Амирэджиби Чабуа. Дата Туташхиа</title>
</book>
<book>
	<filename>ammaniti_nikkolo/ammaniti_nikkolo_ya_ne_boyus.fb2.zip</filename>
	<title>Амманити Никколо. Я не боюсь</title>
</book>
<book>
	<filename>amnuyel_pavel/amnuyel_pavel_sud.fb2.zip</filename>
	<title>Амнуэль Павел. Суд</title>
</book>
<book>
	<filename>amnuyel_pavel_pesah/amnuyel_pavel_pesah_chto_tam_za_dveryu.fb2.zip</filename>
	<title>Амнуэль Павел (Песах) Рафаэлович. Что там, за дверью?</title>
</book>
<book>
	<filename>amnuyel_pavel_pesah/amnuyel_pavel_pesah_ispytanie.fb2.zip</filename>
	<title>Амнуэль Павел (Песах) Рафаэлович. Испытание</title>
</book>
<book>
	<filename>amnuyel_pavel_pesah/amnuyel_pavel_pesah_i_zatonula_lodka.fb2.zip</filename>
	<title>Амнуэль Павел (Песах) Рафаэлович. И затонула лодка...</title>
</book>
<book>
	<filename>amnuyel_pavel_pesah/amnuyel_pavel_pesah_luch_tmy_nad_sedmoi_chastyu_sveta.fb2.zip</filename>
	<title>Амнуэль Павел (Песах) Рафаэлович. Луч тьмы над седьмой частью света</title>
</book>
<book>
	<filename>amnuyel_pavel_pesah/amnuyel_pavel_pesah_magicheskii_kristall_fantazii.fb2.zip</filename>
	<title>Амнуэль Павел (Песах) Рафаэлович. Магический кристалл фантазии</title>
</book>
<book>
	<filename>amnuyel_pavel_pesah/amnuyel_pavel_pesah_pamyatnik.fb2.zip</filename>
	<title>Амнуэль Павел (Песах) Рафаэлович. Памятник</title>
</book>
<book>
	<filename>amnuyel_pavel_pesah/amnuyel_pavel_pesah_rasskazy_o_serzhante_berkoviche.fb2.zip</filename>
	<title>Амнуэль Павел (Песах) Рафаэлович. Рассказы о сержанте Берковиче</title>
</book>
<book>
	<filename>amnuyel_pavel_pesah/amnuyel_pavel_pesah_strannye_priklyucheniya_iony_sheketa_chast_1.fb2.zip</filename>
	<title>Амнуэль Павел (Песах) Рафаэлович. Странные приключения Ионы Шекета. Часть 1</title>
</book>
<book>
	<filename>amnuyel_pavel_pesah/amnuyel_pavel_pesah_strannye_priklyucheniya_iony_sheketa_chast_2.fb2.zip</filename>
	<title>Амнуэль Павел (Песах) Рафаэлович. Странные приключения Ионы Шекета. Часть 2</title>
</book>
<book>
	<filename>amnuyel_pavel_pesah/amnuyel_pavel_pesah_tolko_odin_start.fb2.zip</filename>
	<title>Амнуэль Павел (Песах) Рафаэлович. Только один старт</title>
</book>
<book>
	<filename>amnuyel_pavel_pesah/amnuyel_pavel_pesah_vremya_slomannyh_velosipedov.fb2.zip</filename>
	<title>Амнуэль Павел (Песах) Рафаэлович. Время сломанных велосипедов</title>
</book>
<book>
	<filename>amnuyel_pavel_pesah/amnuyel_pavel_pesah_yeti_slavnye_shestidesyatye.fb2.zip</filename>
	<title>Амнуэль Павел (Песах) Рафаэлович. Эти славные шестидесятые</title>
</book>
<book>
	<filename>amnuyel_pesah/amnuyel_pesah_a_bog_edin.fb2.zip</filename>
	<title>Амнуэль Песах. А бог един...</title>
</book>
<book>
	<filename>amnuyel_pesah/amnuyel_pesah_avraam_syn_davida.fb2.zip</filename>
	<title>Амнуэль Песах. Авраам, сын Давида</title>
</book>
<book>
	<filename>amnuyel_pesah/amnuyel_pesah_bomba_zamedlennogo_deistviya.fb2.zip</filename>
	<title>Амнуэль Песах. Бомба замедленного действия</title>
</book>
<book>
	<filename>amnuyel_pesah/amnuyel_pesah_chelovek_kotoryi_spas_iisusa.fb2.zip</filename>
	<title>Амнуэль Песах. Человек, который спас Иисуса</title>
</book>
<book>
	<filename>amnuyel_pesah/amnuyel_pesah_chisto_evreiskoe_ubiistvo.fb2.zip</filename>
	<title>Амнуэль Песах. Чисто еврейское убийство</title>
</book>
<book>
	<filename>amnuyel_pesah/amnuyel_pesah_chto_tam_za_dveryu.fb2.zip</filename>
	<title>Амнуэль Песах. Что там, за дверью?</title>
</book>
<book>
	<filename>amnuyel_pesah/amnuyel_pesah_cianid_poturecki.fb2.zip</filename>
	<title>Амнуэль Песах. Цианид по-турецки</title>
</book>
<book>
	<filename>amnuyel_pesah/amnuyel_pesah_da_ili_net.fb2.zip</filename>
	<title>Амнуэль Песах. Да или нет</title>
</book>
<book>
	<filename>amnuyel_pesah/amnuyel_pesah_den_poslednii_den_pervyi.fb2.zip</filename>
	<title>Амнуэль Песах. День последний — день первый</title>
</book>
<book>
	<filename>amnuyel_pesah/amnuyel_pesah_devyatyi_den_tvoreniya.fb2.zip</filename>
	<title>Амнуэль Песах. Девятый день творения</title>
</book>
<book>
	<filename>amnuyel_pesah/amnuyel_pesah_doiti_do_shhema.fb2.zip</filename>
	<title>Амнуэль Песах. Дойти до Шхема</title>
</book>
<book>
	<filename>amnuyel_pesah/amnuyel_pesah_dvadcat_milliardov_let_spustya.fb2.zip</filename>
	<title>Амнуэль Песах. Двадцать миллиардов лет спустя</title>
</book>
<book>
	<filename>amnuyel_pesah/amnuyel_pesah_gadanie_na_kofeinoi_gushe.fb2.zip</filename>
	<title>Амнуэль Песах. Гадание на кофейной гуще</title>
</book>
<book>
	<filename>amnuyel_pesah/amnuyel_pesah_idu_po_trasse.fb2.zip</filename>
	<title>Амнуэль Песах. Иду по трассе</title>
</book>
<book>
	<filename>amnuyel_pesah/amnuyel_pesah_ispytanie.fb2.zip</filename>
	<title>Амнуэль Песах. Испытание</title>
</book>
<book>
	<filename>amnuyel_pesah/amnuyel_pesah_i_uslyshal_golos.fb2.zip</filename>
	<title>Амнуэль Песах. И услышал голос</title>
</book>
<book>
	<filename>amnuyel_pesah/amnuyel_pesah_i_zatonula_lodka.fb2.zip</filename>
	<title>Амнуэль Песах. И затонула лодка...</title>
</book>
<book>
	<filename>amnuyel_pesah/amnuyel_pesah_iz_vseh_vremen_i_stran.fb2.zip</filename>
	<title>Амнуэль Песах. Из всех времен и стран...</title>
</book>
<book>
	<filename>amnuyel_pesah/amnuyel_pesah_kabbalist.fb2.zip</filename>
	<title>Амнуэль Песах. Каббалист</title>
</book>
<book>
	<filename>amnuyel_pesah/amnuyel_pesah_kapli_zvezdnogo_sveta.fb2.zip</filename>
	<title>Амнуэль Песах. Капли звездного света</title>
</book>
<book>
	<filename>amnuyel_pesah/amnuyel_pesah_klub_ubiic.fb2.zip</filename>
	<title>Амнуэль Песах. Клуб убийц</title>
</book>
<book>
	<filename>amnuyel_pesah/amnuyel_pesah_kompyuternye_igry_dlya_detei_srednego_vozrasta.fb2.zip</filename>
	<title>Амнуэль Песах. Компьютерные игры для детей среднего возраста</title>
</book>
<book>
	<filename>amnuyel_pesah/amnuyel_pesah_kosmicheskaya_odisseya_aleksa_krepsa.fb2.zip</filename>
	<title>Амнуэль Песах. Космическая одиссея Алекса Крепса</title>
</book>
<book>
	<filename>amnuyel_pesah/amnuyel_pesah_kozni_geopatogena.fb2.zip</filename>
	<title>Амнуэль Песах. Козни геопатогена</title>
</book>
<book>
	<filename>amnuyel_pesah/amnuyel_pesah_krutizna.fb2.zip</filename>
	<title>Амнуэль Песах. Крутизна</title>
</book>
<book>
	<filename>amnuyel_pesah/amnuyel_pesah_letyashii_orel.fb2.zip</filename>
	<title>Амнуэль Песах. Летящий орел</title>
</book>
<book>
	<filename>amnuyel_pesah/amnuyel_pesah_lish_razumnye_svobodny.fb2.zip</filename>
	<title>Амнуэль Песах. Лишь разумные свободны</title>
</book>
<book>
	<filename>amnuyel_pesah/amnuyel_pesah_luch_tmy_nad_sedmoi_chastyu_sveta.fb2.zip</filename>
	<title>Амнуэль Песах. Луч тьмы над седьмой частью света</title>
</book>
<book>
	<filename>amnuyel_pesah/amnuyel_pesah_lyudi_koda.fb2.zip</filename>
	<title>Амнуэль Песах. Люди Кода</title>
</book>
<book>
	<filename>amnuyel_pesah/amnuyel_pesah_magicheskii_kristall_fantazii.fb2.zip</filename>
	<title>Амнуэль Песах. Магический кристалл фантазии</title>
</book>
<book>
	<filename>amnuyel_pesah/amnuyel_pesah_mark_iz_roda_davida.fb2.zip</filename>
	<title>Амнуэль Песах. Марк из рода Давида</title>
</book>
<book>
	<filename>amnuyel_pesah/amnuyel_pesah_metronom.fb2.zip</filename>
	<title>Амнуэль Песах. Метроном</title>
</book>
<book>
	<filename>amnuyel_pesah/amnuyel_pesah_mir_zerkalo.fb2.zip</filename>
	<title>Амнуэль Песах. Мир — зеркало</title>
</book>
<book>
	<filename>amnuyel_pesah/amnuyel_pesah_na_sleduyushii_god_v_ierusalime.fb2.zip</filename>
	<title>Амнуэль Песах. На следующий год — в Иерусалиме</title>
</book>
<book>
	<filename>amnuyel_pesah/amnuyel_pesah_nazovite_ego_moshe.fb2.zip</filename>
	<title>Амнуэль Песах. Назовите его Моше</title>
</book>
<book>
	<filename>amnuyel_pesah/amnuyel_pesah_nevinoven.fb2.zip</filename>
	<title>Амнуэль Песах. Невиновен</title>
</book>
<book>
	<filename>amnuyel_pesah/amnuyel_pesah_oshibka_velikogo_magistra.fb2.zip</filename>
	<title>Амнуэль Песах. Ошибка великого магистра</title>
</book>
<book>
	<filename>amnuyel_pesah/amnuyel_pesah_pamyatnik.fb2.zip</filename>
	<title>Амнуэль Песах. Памятник</title>
</book>
<book>
	<filename>amnuyel_pesah/amnuyel_pesah_perehod.fb2.zip</filename>
	<title>Амнуэль Песах. Переход</title>
</book>
<book>
	<filename>amnuyel_pesah/amnuyel_pesah_pisma_ottuda.fb2.zip</filename>
	<title>Амнуэль Песах. Письма оттуда</title>
</book>
<book>
	<filename>amnuyel_pesah/amnuyel_pesah_po_delam_ego.fb2.zip</filename>
	<title>Амнуэль Песах. По делам его...</title>
</book>
<book>
	<filename>amnuyel_pesah/amnuyel_pesah_pohishennye.fb2.zip</filename>
	<title>Амнуэль Песах. Похищенные</title>
</book>
<book>
	<filename>amnuyel_pesah/amnuyel_pesah_porazhenie.fb2.zip</filename>
	<title>Амнуэль Песах. Поражение</title>
</book>
<book>
	<filename>amnuyel_pesah/amnuyel_pesah_posol.fb2.zip</filename>
	<title>Амнуэль Песах. Посол</title>
</book>
<book>
	<filename>amnuyel_pesah/amnuyel_pesah_potomok_imperatora.fb2.zip</filename>
	<title>Амнуэль Песах. Потомок императора</title>
</book>
<book>
	<filename>amnuyel_pesah/amnuyel_pesah_preodolenie.fb2.zip</filename>
	<title>Амнуэль Песах. Преодоление</title>
</book>
<book>
	<filename>amnuyel_pesah/amnuyel_pesah_puaro_i_mashina_vremeni.fb2.zip</filename>
	<title>Амнуэль Песах. Пуаро и машина времени</title>
</book>
<book>
	<filename>amnuyel_pesah/amnuyel_pesah_pyataya_sura_iriny_leshinskoi.fb2.zip</filename>
	<title>Амнуэль Песах. Пятая сура Ирины Лещинской</title>
</book>
<book>
	<filename>amnuyel_pesah/amnuyel_pesah_rasskazy_o_serzhante_berkoviche.fb2.zip</filename>
	<title>Амнуэль Песах. Рассказы о сержанте Берковиче</title>
</book>
<book>
	<filename>amnuyel_pesah/amnuyel_pesah_rim_v_chetyrnadcat_chasov.fb2.zip</filename>
	<title>Амнуэль Песах. Рим в четырнадцать часов</title>
</book>
<book>
	<filename>amnuyel_pesah/amnuyel_pesah_rossiiskaya_fantastika_poisk_prednaznacheniya.fb2.zip</filename>
	<title>Амнуэль Песах. Российская фантастика: поиск предназначения</title>
</book>
<book>
	<filename>amnuyel_pesah/amnuyel_pesah_rossiiskoizrailskaya_voina_2029_goda.fb2.zip</filename>
	<title>Амнуэль Песах. Российско-израильская война 2029 года</title>
</book>
<book>
	<filename>amnuyel_pesah/amnuyel_pesah_segodnya_zavtra_i_vsegda.fb2.zip</filename>
	<title>Амнуэль Песах. Сегодня, завтра и всегда</title>
</book>
<book>
	<filename>amnuyel_pesah/amnuyel_pesah_shestaya_zhizn_tomu_nazad.fb2.zip</filename>
	<title>Амнуэль Песах. Шестая жизнь тому назад</title>
</book>
<book>
	<filename>amnuyel_pesah/amnuyel_pesah_shestaya_zhizn_tomu_vpered.fb2.zip</filename>
	<title>Амнуэль Песах. Шестая жизнь тому вперед</title>
</book>
<book>
	<filename>amnuyel_pesah/amnuyel_pesah_slishkom_mnogo_iisusov.fb2.zip</filename>
	<title>Амнуэль Песах. Слишком много Иисусов</title>
</book>
<book>
	<filename>amnuyel_pesah/amnuyel_pesah_smesitel_istorii.fb2.zip</filename>
	<title>Амнуэль Песах. Смеситель истории</title>
</book>
<book>
	<filename>amnuyel_pesah/amnuyel_pesah_strannik.fb2.zip</filename>
	<title>Амнуэль Песах. Странник</title>
</book>
<book>
	<filename>amnuyel_pesah/amnuyel_pesah_strannye_priklyucheniya_iony_sheketa_chast_1.fb2.zip</filename>
	<title>Амнуэль Песах. Странные приключения Ионы Шекета. Часть 1</title>
</book>
<book>
	<filename>amnuyel_pesah/amnuyel_pesah_strannye_priklyucheniya_iony_sheketa_chast_2.fb2.zip</filename>
	<title>Амнуэль Песах. Странные приключения Ионы Шекета. Часть 2</title>
</book>
<book>
	<filename>amnuyel_pesah/amnuyel_pesah_strannye_priklyucheniya_iony_sheketa_chast_3.fb2.zip</filename>
	<title>Амнуэль Песах. Странные приключения Ионы Шекета. Часть 3</title>
</book>
<book>
	<filename>amnuyel_pesah/amnuyel_pesah_strannye_priklyucheniya_iony_sheketa_chast_4.fb2.zip</filename>
	<title>Амнуэль Песах. Странные приключения Ионы Шекета. Часть 4</title>
</book>
<book>
	<filename>amnuyel_pesah/amnuyel_pesah_strelba_iz_luka.fb2.zip</filename>
	<title>Амнуэль Песах. Стрельба из лука</title>
</book>
<book>
	<filename>amnuyel_pesah/amnuyel_pesah_takie_raznye_mertvecy.fb2.zip</filename>
	<title>Амнуэль Песах. Такие разные мертвецы</title>
</book>
<book>
	<filename>amnuyel_pesah/amnuyel_pesah_tolko_odin_start.fb2.zip</filename>
	<title>Амнуэль Песах. Только один старт</title>
</book>
<book>
	<filename>amnuyel_pesah/amnuyel_pesah_trivselennaya.fb2.zip</filename>
	<title>Амнуэль Песах. Тривселенная</title>
</book>
<book>
	<filename>amnuyel_pesah/amnuyel_pesah_tuda_i_obratno.fb2.zip</filename>
	<title>Амнуэль Песах. Туда и обратно</title>
</book>
<book>
	<filename>amnuyel_pesah/amnuyel_pesah_tyazhkoe_bremya_absorbcii.fb2.zip</filename>
	<title>Амнуэль Песах. Тяжкое бремя абсорбции</title>
</book>
<book>
	<filename>amnuyel_pesah/amnuyel_pesah_ubiica_v_belom_halate.fb2.zip</filename>
	<title>Амнуэль Песах. Убийца в белом халате</title>
</book>
<book>
	<filename>amnuyel_pesah/amnuyel_pesah_udar_nevidimki.fb2.zip</filename>
	<title>Амнуэль Песах. Удар невидимки</title>
</book>
<book>
	<filename>amnuyel_pesah/amnuyel_pesah_vashe_zdorove_gospoda.fb2.zip</filename>
	<title>Амнуэль Песах. Ваше здоровье, господа!</title>
</book>
<book>
	<filename>amnuyel_pesah/amnuyel_pesah_vpered_i_nazad.fb2.zip</filename>
	<title>Амнуэль Песах. Вперед и назад</title>
</book>
<book>
	<filename>amnuyel_pesah/amnuyel_pesah_vpered_v_proshloe.fb2.zip</filename>
	<title>Амнуэль Песах. Вперед, в прошлое!</title>
</book>
<book>
	<filename>amnuyel_pesah/amnuyel_pesah_vremya_slomannyh_velosipedov.fb2.zip</filename>
	<title>Амнуэль Песах. Время сломанных велосипедов</title>
</book>
<book>
	<filename>amnuyel_pesah/amnuyel_pesah_vse_zakony_vselennoi.fb2.zip</filename>
	<title>Амнуэль Песах. Все законы Вселенной</title>
</book>
<book>
	<filename>amnuyel_pesah/amnuyel_pesah_vybory.fb2.zip</filename>
	<title>Амнуэль Песах. Выборы</title>
</book>
<book>
	<filename>amnuyel_pesah/amnuyel_pesah_vyshe_tuch_vyshe_gor_vyshe_neba.fb2.zip</filename>
	<title>Амнуэль Песах. Выше туч, выше гор, выше неба...</title>
</book>
<book>
	<filename>amnuyel_pesah/amnuyel_pesah_vysshaya_mera.fb2.zip</filename>
	<title>Амнуэль Песах. Высшая мера</title>
</book>
<book>
	<filename>amnuyel_pesah/amnuyel_pesah_vzryv.fb2.zip</filename>
	<title>Амнуэль Песах. Взрыв</title>
</book>
<book>
	<filename>amnuyel_pesah/amnuyel_pesah_yeti_slavnye_shestidesyatye.fb2.zip</filename>
	<title>Амнуэль Песах. Эти славные шестидесятые</title>
</book>
<book>
	<filename>amnuyel_pesah/amnuyel_pesah_zveno_v_cepi.fb2.zip</filename>
	<title>Амнуэль Песах. Звено в цепи</title>
</book>
<book>
	<filename>amnuyel_pesah/amnuyel_pesah_zvezdnye_voiny_efima_zlatkina.fb2.zip</filename>
	<title>Амнуэль Песах. Звездные войны Ефима Златкина</title>
</book>
<book>
	<filename>amosov_nikolai/amosov_nikolai_mysli_i_serdce.fb2.zip</filename>
	<title>Амосов Николай Михайлович. Мысли и сердце</title>
</book>
<book>
	<filename>amstrong_lindsei/amstrong_lindsei_v_setyah_strasti.fb2.zip</filename>
	<title>Амстронг Линдсей. В сетях страсти</title>
</book>
<book>
	<filename>amstrong_vera/amstrong_vera_vozvrashenie_v_lyubov.fb2.zip</filename>
	<title>Амстронг Вера. Возвращение в любовь</title>
</book>
<book>
	<filename>amundsen_rual/amundsen_rual_moya_zhizn.fb2.zip</filename>
	<title>Амундсен Руал. Моя жизнь</title>
</book>
<book>
	<filename>amundsen_rual/amundsen_rual_yuzhnyi_polyus.fb2.zip</filename>
	<title>Амундсен Руал. Южный полюс</title>
</book>
<book>
	<filename>ananev_aleksei/ananev_aleksei_supy.fb2.zip</filename>
	<title>Ананьев Алексей Ананьевич. Супы</title>
</book>
<book>
	<filename>ananev_anatolii/ananev_anatolii_malyi_zaslon.fb2.zip</filename>
	<title>Ананьев Анатолий Андреевич. Малый заслон</title>
</book>
<book>
	<filename>ananev_anatolii/ananev_anatolii_tanki_idut_rombom.fb2.zip</filename>
	<title>Ананьев Анатолий Андреевич. Танки идут ромбом</title>
</book>
<book>
	<filename>ananev_gennadii/ananev_gennadii_knyaz_vorotynskii.fb2.zip</filename>
	<title>Ананьев Геннадий. Князь Воротынский</title>
</book>
<book>
	<filename>ananyan_vahtang/ananyan_vahtang_na_beregu_sevana.fb2.zip</filename>
	<title>Ананян Вахтанг Степанович. На берегу Севана</title>
</book>
<book>
	<filename>anashkin_dmitrii/anashkin_dmitrii_chitatel_myslei.fb2.zip</filename>
	<title>Анашкин Дмитрий Владимирович. Читатель мыслей</title>
</book>
<book>
	<filename>ancharov_mihail/ancharov_mihail_sodasolnce.fb2.zip</filename>
	<title>Анчаров Михаил. Сода-Солнце</title>
</book>
<book>
	<filename>andahazi_federiko/andahazi_federiko_anatom.fb2.zip</filename>
	<title>Андахази Федерико. Анатом</title>
</book>
<book>
	<filename>andahazi_federiko/andahazi_federiko_flamandskii_sekret.fb2.zip</filename>
	<title>Андахази Федерико. Фламандский секрет</title>
</book>
<book>
	<filename>andahazi_federiko/andahazi_federiko_miloserdnye.fb2.zip</filename>
	<title>Андахази Федерико. Милосердные</title>
</book>
<book>
	<filename>andahazi_federiko/andahazi_federiko_tancuyushii_s_tenyu.fb2.zip</filename>
	<title>Андахази Федерико. Танцующий с тенью</title>
</book>
<book>
	<filename>andersen_blyein/andersen_blyein_rokovoi_pocelui.fb2.zip</filename>
	<title>Андерсен Блэйн. Роковой поцелуй</title>
</book>
<book>
	<filename>andersen_blyein/andersen_blyein_v_sladostnom_plenu.fb2.zip</filename>
	<title>Андерсен Блэйн. В сладостном плену</title>
</book>
<book>
	<filename>andersen_gans_hristian/andersen_gans_hristian_dikie_lebedi.fb2.zip</filename>
	<title>Андерсен Ганс Христиан. Дикие лебеди</title>
</book>
<book>
	<filename>andersen_gans_hristian/andersen_gans_hristian_dyuimovochka.fb2.zip</filename>
	<title>Андерсен Ганс Христиан. Дюймовочка</title>
</book>
<book>
	<filename>andersen_gans_hristian/andersen_gans_hristian_ognivo.fb2.zip</filename>
	<title>Андерсен Ганс Христиан. Огниво</title>
</book>
<book>
	<filename>andersen_gans_hristian/andersen_gans_hristian_princessa_na_goroshine.fb2.zip</filename>
	<title>Андерсен Ганс Христиан. Принцесса на горошине</title>
</book>
<book>
	<filename>andersen_gans_hristian/andersen_gans_hristian_snegovik.fb2.zip</filename>
	<title>Андерсен Ганс Христиан. Снеговик</title>
</book>
<book>
	<filename>andersen_gans_hristian/andersen_gans_hristian_snezhnaya_koroleva.fb2.zip</filename>
	<title>Андерсен Ганс Христиан. Снежная королева</title>
</book>
<book>
	<filename>andersen_gans_hristian/andersen_gans_hristian_snezhnaya_koroleva_s_illyustraciyami.fb2.zip</filename>
	<title>Андерсен Ганс Христиан. Снежная королева (с иллюстрациями)</title>
</book>
<book>
	<filename>andersen_gans_hristian/andersen_gans_hristian_solovei.fb2.zip</filename>
	<title>Андерсен Ганс Христиан. Соловей</title>
</book>
<book>
	<filename>andersen_gans_hristian/andersen_gans_hristian_stoikii_olovyannyi_soldatik.fb2.zip</filename>
	<title>Андерсен Ганс Христиан. Стойкий оловянный солдатик</title>
</book>
<book>
	<filename>andersen_gans_hristian/andersen_gans_hristian_svinopas.fb2.zip</filename>
	<title>Андерсен Ганс Христиан. Свинопас</title>
</book>
<book>
	<filename>andersen_gans_hristian/andersen_gans_hristian_ulitka_i_rozy.fb2.zip</filename>
	<title>Андерсен Ганс Христиан. Улитка и розы</title>
</book>
<book>
	<filename>andersen_gans_hristian/andersen_gans_hristian_yolka.fb2.zip</filename>
	<title>Андерсен Ганс Христиан. Ёлка</title>
</book>
<book>
	<filename>andersen_hristofer/andersen_hristofer_madonna_neavtorizirovannaya_biografiya.fb2.zip</filename>
	<title>Андерсен Христофер. Мадонна — неавторизированная биография</title>
</book>
<book>
	<filename>andersen_linda/andersen_linda_odinokoe_serdce.fb2.zip</filename>
	<title>Андерсен Линда. Одинокое сердце</title>
</book>
<book>
	<filename>andersen_lora/andersen_lora_alrishad.fb2.zip</filename>
	<title>Андерсен Лора. Аль-Ришад</title>
</book>
<book>
	<filename>andersen_lora/andersen_lora_zemlya.fb2.zip</filename>
	<title>Андерсен Лора. Земля</title>
</book>
<book>
	<filename>anderson_anita/anderson_anita_pikasso_v_pridachu.fb2.zip</filename>
	<title>Андерсон Анита. Пикассо в придачу</title>
</book>
<book>
	<filename>anderson_chester/anderson_chester_desyat_let_do_strashnogo_suda.fb2.zip</filename>
	<title>Андерсон Честер. Десять лет до страшного суда</title>
</book>
<book>
	<filename>anderson_gyeivin/anderson_gyeivin_kyeshls.fb2.zip</filename>
	<title>Андерсон Гэйвин. Кэшлс</title>
</book>
<book>
	<filename>anderson_karen/anderson_karen_devyat_korolev.fb2.zip</filename>
	<title>Андерсон Карен. Девять королев</title>
</book>
<book>
	<filename>anderson_kevin/anderson_kevin_antitela.fb2.zip</filename>
	<title>Андерсон Кевин. Антитела</title>
</book>
<book>
	<filename>anderson_kevin/anderson_kevin_baiki_iz_dvorca_dzhabby_hatta1_chelovek_so_svoim_monstrom_istoriya_smotritelya_rankora.fb2.zip</filename>
	<title>Андерсон Кевин. Байки из дворца Джаббы Хатта-1: Человек со своим монстром (История смотрителя ранкора)</title>
</book>
<book>
	<filename>anderson_kevin/anderson_kevin_bitva_za_korrin.fb2.zip</filename>
	<title>Андерсон Кевин Дж. Битва за Коррин</title>
</book>
<book>
	<filename>anderson_kevin/anderson_kevin_dyuna_batlerianskii_dzhihad.fb2.zip</filename>
	<title>Андерсон Кевин Дж. Дюна. Батлерианский джихад</title>
</book>
<book>
	<filename>anderson_kevin/anderson_kevin_dyuna_dom_atreidesov.fb2.zip</filename>
	<title>Андерсон Кевин Дж. Дюна: Дом Атрейдесов</title>
</book>
<book>
	<filename>anderson_kevin/anderson_kevin_dyuna_dom_harkonnenov.fb2.zip</filename>
	<title>Андерсон Кевин Дж. Дюна: Дом Харконненов</title>
</book>
<book>
	<filename>anderson_kevin/anderson_kevin_dyuna_dom_korrino.fb2.zip</filename>
	<title>Андерсон Кевин Дж. Дюна: Дом Коррино</title>
</book>
<book>
	<filename>anderson_kevin/anderson_kevin_igra_nachinaetsya.fb2.zip</filename>
	<title>Андерсон Кевин. Игра начинается</title>
</book>
<book>
	<filename>anderson_kevin/anderson_kevin_igra_okonchena.fb2.zip</filename>
	<title>Андерсон Кевин. Игра окончена</title>
</book>
<book>
	<filename>anderson_kevin/anderson_kevin_krestovyi_pohod_mashin.fb2.zip</filename>
	<title>Андерсон Кевин Дж. Крестовый поход машин</title>
</book>
<book>
	<filename>anderson_kevin/anderson_kevin_mek_dlya_bitya.fb2.zip</filename>
	<title>Андерсон Кевин Дж. Мек для битья</title>
</book>
<book>
	<filename>anderson_kevin/anderson_kevin_molodye_rycaridzhedai1_nasledniki_sily.fb2.zip</filename>
	<title>Андерсон Кевин. Молодые рыцари-джедаи-1: Наследники силы</title>
</book>
<book>
	<filename>anderson_kevin/anderson_kevin_molodye_rycaridzhedai2_akademiya_teni.fb2.zip</filename>
	<title>Андерсон Кевин. Молодые рыцари-джедаи-2: Академия Тени</title>
</book>
<book>
	<filename>anderson_kevin/anderson_kevin_ohota_za_harkonnenami.fb2.zip</filename>
	<title>Андерсон Кевин Дж. Охота за Харконненами</title>
</book>
<book>
	<filename>anderson_kevin/anderson_kevin_otvetnyi_hod.fb2.zip</filename>
	<title>Андерсон Кевин. Ответный ход</title>
</book>
<book>
	<filename>anderson_kevin/anderson_kevin_ruiny.fb2.zip</filename>
	<title>Андерсон Кевин. Руины</title>
</book>
<book>
	<filename>anderson_kevin/anderson_kevin_shkola_dzhedaev1_v_poiskah_sily.fb2.zip</filename>
	<title>Андерсон Кевин. Школа Джедаев-1: В поисках силы</title>
</book>
<book>
	<filename>anderson_kevin/anderson_kevin_shkola_dzhedaev2_temnyi_podmastere.fb2.zip</filename>
	<title>Андерсон Кевин. Школа Джедаев-2: Темный подмастерье</title>
</book>
<book>
	<filename>anderson_kevin/anderson_kevin_shkola_dzhedaev3_rycari_sily.fb2.zip</filename>
	<title>Андерсон Кевин. Школа Джедаев-3: Рыцари Силы</title>
</book>
<book>
	<filename>anderson_kevin/anderson_kevin_skrytaya_imperiya.fb2.zip</filename>
	<title>Андерсон Кевин Дж. Скрытая Империя</title>
</book>
<book>
	<filename>anderson_kevin/anderson_kevin_star_wars_mech_tmy.fb2.zip</filename>
	<title>Андерсон Кевин Дж. Star Wars: Меч тьмы</title>
</book>
<book>
	<filename>anderson_kevin/anderson_kevin_yepicentr.fb2.zip</filename>
	<title>Андерсон Кевин. Эпицентр</title>
</book>
<book>
	<filename>anderson_kevin/anderson_kevin_zvezdnyi_les.fb2.zip</filename>
	<title>Андерсон Кевин Дж. Звездный лес</title>
</book>
<book>
	<filename>anderson_kyerolain/anderson_kyerolain_otel_s_syurprizom.fb2.zip</filename>
	<title>Андерсон Кэролайн. Отель с сюрпризом</title>
</book>
<book>
	<filename>anderson_kyetrin/anderson_kyetrin_aromat_roz.fb2.zip</filename>
	<title>Андерсон Кэтрин. Аромат роз</title>
</book>
<book>
	<filename>anderson_kyetrin/anderson_kyetrin_dikoe_serdce.fb2.zip</filename>
	<title>Андерсон Кэтрин. Дикое сердце</title>
</book>
<book>
	<filename>anderson_kyetrin/anderson_kyetrin_na_veki_vechnye.fb2.zip</filename>
	<title>Андерсон Кэтрин. На веки вечные</title>
</book>
<book>
	<filename>anderson_kyetrin/anderson_kyetrin_nechayannyi_brak.fb2.zip</filename>
	<title>Андерсон Кэтрин. Нечаянный брак</title>
</book>
<book>
	<filename>anderson_kyetrin/anderson_kyetrin_podruga_volka.fb2.zip</filename>
	<title>Андерсон Кэтрин. Подруга волка</title>
</book>
<book>
	<filename>anderson_kyetrin/anderson_kyetrin_talisman.fb2.zip</filename>
	<title>Андерсон Кэтрин. Талисман</title>
</book>


</books>
