<?xml version="1.0" encoding="UTF-8" ?>
<books>

<book>
	<filename>baanter_albert/baanter_albert_maska_smerti.fb2.zip</filename>
	<title>Баантьер Альберт Корнелис. Маска смерти</title>
</book>
<book>
	<filename>babayan_sergei/babayan_sergei_chelovek_kotoryi_ubil.fb2.zip</filename>
	<title>Бабаян Сергей Геннадьевич. Человек, который убил</title>
</book>
<book>
	<filename>babayan_sergei/babayan_sergei_kuchuklambat.fb2.zip</filename>
	<title>Бабаян Сергей Геннадьевич. Кучук-Ламбат</title>
</book>
<book>
	<filename>babayan_sergei/babayan_sergei_mea_culpa.fb2.zip</filename>
	<title>Бабаян Сергей Геннадьевич. Mea culpa</title>
</book>
<book>
	<filename>babayan_sergei/babayan_sergei_odinochnaya_komandirovka.fb2.zip</filename>
	<title>Бабаян Сергей Геннадьевич. Одиночная командировка</title>
</book>
<book>
	<filename>babayan_sergei/babayan_sergei_petrovich.fb2.zip</filename>
	<title>Бабаян Сергей Геннадьевич. Петрович</title>
</book>
<book>
	<filename>babayan_sergei/babayan_sergei_sto_semdesyat_tretii.fb2.zip</filename>
	<title>Бабаян Сергей Геннадьевич. Сто семьдесят третий</title>
</book>
<book>
	<filename>babayan_sergei/babayan_sergei_svadba.fb2.zip</filename>
	<title>Бабаян Сергей Геннадьевич. Свадьба</title>
</book>
<book>
	<filename>babayan_sergei/babayan_sergei_yelektron_neischerpaem.fb2.zip</filename>
	<title>Бабаян Сергей Геннадьевич. Электрон неисчерпаем</title>
</book>
<book>
	<filename>babchenko_arkadii/babchenko_arkadii_alhanyurt.fb2.zip</filename>
	<title>Бабченко Аркадий. Алхан-Юрт</title>
</book>
<book>
	<filename>babchenko_arkadii/babchenko_arkadii_argun.fb2.zip</filename>
	<title>Бабченко Аркадий. Аргун</title>
</book>
<book>
	<filename>babchenko_arkadii/babchenko_arkadii_desyat_serii_o_voine.fb2.zip</filename>
	<title>Бабченко Аркадий. Десять серий о войне</title>
</book>
<book>
	<filename>babchenko_arkadii/babchenko_arkadii_voennopolevoi_obman.fb2.zip</filename>
	<title>Бабченко Аркадий. Военно-полевой обман</title>
</book>
<book>
	<filename>babchenko_arkadii/babchenko_arkadii_vzletka.fb2.zip</filename>
	<title>Бабченко Аркадий. Взлетка</title>
</book>
<book>
	<filename>babel_isaak/babel_isaak_konarmiya.fb2.zip</filename>
	<title>Бабель Исаак Эммануилович. Конармия</title>
</book>
<book>
	<filename>babel_isaak/babel_isaak_odesskie_rasskazy.fb2.zip</filename>
	<title>Бабель Исаак Эммануилович. Одесские рассказы</title>
</book>
<book>
	<filename>babkin_boris/babkin_boris_hochesh_vyzhit_ubei.fb2.zip</filename>
	<title>Бабкин Борис Николаевич. Хочешь выжить — убей!</title>
</book>
<book>
	<filename>babkin_boris/babkin_boris_krov_na_zolote.fb2.zip</filename>
	<title>Бабкин Борис Николаевич. Кровь на золоте</title>
</book>
<book>
	<filename>babkin_boris/babkin_boris_my_ne_mafiya_my_huzhe.fb2.zip</filename>
	<title>Бабкин Борис Николаевич. Мы не мафия, мы хуже</title>
</book>
<book>
	<filename>babkin_boris/babkin_boris_naemnik.fb2.zip</filename>
	<title>Бабкин Борис Николаевич. Наемник</title>
</book>
<book>
	<filename>babkin_mihail/babkin_mihail_ahtimag.fb2.zip</filename>
	<title>Бабкин Михаил. Ахтимаг</title>
</book>
<book>
	<filename>babkin_mihail/babkin_mihail_chary_staroi_vedmy.fb2.zip</filename>
	<title>Бабкин Михаил. Чары старой ведьмы</title>
</book>
<book>
	<filename>babkin_mihail/babkin_mihail_drakon_staroi_vedmy.fb2.zip</filename>
	<title>Бабкин Михаил. Дракон старой ведьмы</title>
</book>
<book>
	<filename>babkin_mihail/babkin_mihail_gonec.fb2.zip</filename>
	<title>Бабкин Михаил. Гонец</title>
</book>
<book>
	<filename>babkin_mihail/babkin_mihail_hitnik.fb2.zip</filename>
	<title>Бабкин Михаил. Хитник</title>
</book>
<book>
	<filename>babkin_mihail/babkin_mihail_posoh_staroi_vedmy.fb2.zip</filename>
	<title>Бабкин Михаил. Посох старой ведьмы</title>
</book>
<book>
	<filename>babkin_mihail/babkin_mihail_proklyate_staroi_vedmy.fb2.zip</filename>
	<title>Бабкин Михаил. Проклятье старой ведьмы</title>
</book>
<book>
	<filename>babkin_mihail/babkin_mihail_slimper.fb2.zip</filename>
	<title>Бабкин Михаил. Слимпер</title>
</book>
<book>
	<filename>babkin_mihail/babkin_mihail_slimperiya.fb2.zip</filename>
	<title>Бабкин Михаил. Слимперия</title>
</book>
<book>
	<filename>babkin_mihail/babkin_mihail_slimp.fb2.zip</filename>
	<title>БАБКИН Михаил. Слимп</title>
</book>
<book>
	<filename>babkin_mihail/babkin_mihail_zerkalo_staroi_vedmy.fb2.zip</filename>
	<title>Бабкин Михаил. Зеркало старой ведьмы</title>
</book>
<book>
	<filename>babula_volodimir/babula_volodimir_signali_z_vsesvitu.fb2.zip</filename>
	<title>Бабула Володимир. Сигнали з Всесвіту</title>
</book>
<book>
	<filename>babushkin_mihail/babushkin_mihail_zapiski_letchika_msbabushkina_18931938.fb2.zip</filename>
	<title>Бабушкин Михаил Сергеевич. Записки летчика М.С.Бабушкина. 1893-1938</title>
</book>
<book>
	<filename>bacherikov_gennadii/bacherikov_gennadii_zabytyi_vals.fb2.zip</filename>
	<title>Бачериков Геннадий Иванович. Забытый вальс</title>
</book>
<book>
	<filename>bachilo_aleksandr/bachilo_aleksandr_dom_na_holme.fb2.zip</filename>
	<title>Бачило Александр Геннадьевич. Дом на холме</title>
</book>
<book>
	<filename>bachilo_aleksandr/bachilo_aleksandr_nezamenimyi_vor.fb2.zip</filename>
	<title>Бачило Александр. Незаменимый вор</title>
</book>
<book>
	<filename>bachilo_aleksandr/bachilo_aleksandr_plenniki_chernogo_meteorita.fb2.zip</filename>
	<title>Бачило Александр. Пленники черного метеорита</title>
</book>
<book>
	<filename>bachilo_aleksandr/bachilo_aleksandr_pomoch_mozhno_zhivym.fb2.zip</filename>
	<title>Бачило Александр. Помочь можно живым</title>
</book>
<book>
	<filename>ba_czin_/ba_czin__dozhd.fb2.zip</filename>
	<title>Ба Цзинь. Дождь</title>
</book>
<book>
	<filename>ba_czin_/ba_czin__serdce_raba.fb2.zip</filename>
	<title>Ба Цзинь. Сердце раба</title>
</book>
<book>
	<filename>badigin_konstantin/badigin_konstantin_chuzhie_parusa.fb2.zip</filename>
	<title>Бадигин Константин. Чужие паруса</title>
</book>
<book>
	<filename>badigin_konstantin/badigin_konstantin_klyuchi_ot_zakoldovannogo_zamka.fb2.zip</filename>
	<title>Бадигин Константин Сергеевич. Ключи от заколдованного замка</title>
</book>
<book>
	<filename>badigin_konstantin/badigin_konstantin_kolco_velikogo_magistra.fb2.zip</filename>
	<title>Бадигин Константин Сергеевич. Кольцо великого магистра</title>
</book>
<book>
	<filename>badigin_konstantin/badigin_konstantin_korablekrushenie_u_ostrova_nadezhdy.fb2.zip</filename>
	<title>Бадигин Константин Сергеевич. Кораблекрушение у острова Надежды</title>
</book>
<book>
	<filename>badigin_konstantin/badigin_konstantin_korsary_ivana_groznogo.fb2.zip</filename>
	<title>Бадигин Константин Сергеевич. Корсары Ивана Грозного</title>
</book>
<book>
	<filename>badigin_konstantin/badigin_konstantin_na_morskih_dorogah.fb2.zip</filename>
	<title>Бадигин Константин Сергеевич. На морских дорогах</title>
</book>
<book>
	<filename>badigin_konstantin/badigin_konstantin_na_zatonuvshem_korable.fb2.zip</filename>
	<title>Бадигин Константин Сергеевич. На затонувшем корабле</title>
</book>
<book>
	<filename>badigin_konstantin/badigin_konstantin_pokoriteli_studenyh_morei.fb2.zip</filename>
	<title>Бадигин Константин. Покорители студеных морей</title>
</book>
<book>
	<filename>badigin_konstantin/badigin_konstantin_put_na_grumant.fb2.zip</filename>
	<title>Бадигин Константин. Путь на Грумант</title>
</book>
<book>
	<filename>badigin_konstantin/badigin_konstantin_sekret_gosudarstvennoi_vazhnosti.fb2.zip</filename>
	<title>Бадигин Константин. Секрет государственной важности</title>
</book>
<book>
	<filename>badin_andrei/badin_andrei_labirint_smerti.fb2.zip</filename>
	<title>Бадин Андрей. Лабиринт смерти</title>
</book>
<book>
	<filename>badin_andrei/badin_andrei_nikto_ne_vernetsya_zhivym.fb2.zip</filename>
	<title>Бадин Андрей. Никто не вернется живым</title>
</book>
<book>
	<filename>badz_mark/badz_mark_baiki_iz_dvorca_dzhabby_hatta5_budem_nadeyatsya_istoriya_viphida.fb2.zip</filename>
	<title>Бадз Марк. Байки из дворца Джаббы Хатта-5: Будем надеяться (История випхида)</title>
</book>
<book>
	<filename>baffett_uorren/baffett_uorren_yesse_ob_investiciyah_korporativnyh_finansah_i_upravlenii_kompaniyami.fb2.zip</filename>
	<title>Баффетт Уоррен. Эссе об инвестициях, корпоративных финансах и управлении компаниями</title>
</book>
<book>
	<filename>baffin_lindsei/baffin_lindsei_tainaya_zhenitba.fb2.zip</filename>
	<title>Баффин Линдсей. Тайная женитьба</title>
</book>
<book>
	<filename>bagazova_alina/bagazova_alina_vedma.fb2.zip</filename>
	<title>Багазова Алина. Ведьма</title>
</book>
<book>
	<filename>bagderina_svetlana/bagderina_svetlana_ivancarevich_i_svolk.fb2.zip</filename>
	<title>Багдерина Светлана. Иван-Царевич и С.Волк</title>
</book>
<book>
	<filename>bagirov_yeduard/bagirov_yeduard_gastarbaiter.fb2.zip</filename>
	<title>Багиров Эдуард Исмаилович. Гастарбайтер</title>
</book>
<book>
	<filename>bagirzade_aleksei/bagirzade_aleksei_bitlz_navsegda.fb2.zip</filename>
	<title>Багир-заде Алексей Нураддинович. «Битлз» – навсегда!</title>
</book>
<book>
	<filename>bagramyan_ivan/bagramyan_ivan_tak_nachinalas_voina.fb2.zip</filename>
	<title>Баграмян Иван Христофорович. Так начиналась война</title>
</book>
<book>
	<filename>bagrat_lyudmila/bagrat_lyudmila_zlo.fb2.zip</filename>
	<title>Баграт Людмила. Зло</title>
</book>
<book>
	<filename>bagryak_pavel/bagryak_pavel_firma_priklyuchenii.fb2.zip</filename>
	<title>Багряк Павел. «Фирма приключений»</title>
</book>
<book>
	<filename>bagryak_pavel/bagryak_pavel_pyat_prezidentov.fb2.zip</filename>
	<title>Багряк Павел. Пять президентов</title>
</book>
<book>
	<filename>bagryak_pavel/bagryak_pavel_sinie_lyudi.fb2.zip</filename>
	<title>Багряк Павел. Синие люди</title>
</book>
<book>
	<filename>bahchanyan_vagrich/bahchanyan_vagrich_muh_uima_hudozhestva_ne_hlebom_edinym_menyukollazh.fb2.zip</filename>
	<title>Бахчанян Вагрич. Мух уйма (Художества). Не хлебом единым (Меню-коллаж)</title>
</book>
<book>
	<filename>bahrevskii_leonid/bahrevskii_leonid_izbrannik.fb2.zip</filename>
	<title>Бахревский Леонид. Избранник</title>
</book>
<book>
	<filename>bahrevskii_leonid/bahrevskii_leonid_pele.fb2.zip</filename>
	<title>Бахревский Леонид. Пеле</title>
</book>
<book>
	<filename>bahrevskii_vladislav/bahrevskii_vladislav_agei.fb2.zip</filename>
	<title>Бахревский Владислав Анатольевич. Агей</title>
</book>
<book>
	<filename>bahrevskii_vladislav/bahrevskii_vladislav_dom_s_zhaboi.fb2.zip</filename>
	<title>Бахревский Владислав Анатольевич. Дом с жабой</title>
</book>
<book>
	<filename>bahrevskii_vladislav/bahrevskii_vladislav_dvorec_zolushki.fb2.zip</filename>
	<title>Бахревский Владислав Анатольевич. Дворец Золушки</title>
</book>
<book>
	<filename>bahrevskii_vladislav/bahrevskii_vladislav_dyadyushka_shoroh_i_shurshavy.fb2.zip</filename>
	<title>Бахревский Владислав Анатольевич. Дядюшка Шорох и шуршавы</title>
</book>
<book>
	<filename>bahrevskii_vladislav/bahrevskii_vladislav_kot_v_sapogah_s_sekretami.fb2.zip</filename>
	<title>Бахревский Владислав Анатольевич. Кот в сапогах с секретами</title>
</book>
<book>
	<filename>bahrevskii_vladislav/bahrevskii_vladislav_lekarstvo_ot_semidesyati_semi_boleznei.fb2.zip</filename>
	<title>Бахревский Владислав Анатольевич. Лекарство от семидесяти семи болезней</title>
</book>
<book>
	<filename>bahrevskii_vladislav/bahrevskii_vladislav_normalnaya_temperatura.fb2.zip</filename>
	<title>Бахревский Владислав Анатольевич. Нормальная температура</title>
</book>
<book>
	<filename>bahrevskii_vladislav/bahrevskii_vladislav_pervoklassnik_mitya_i_krolik_ushkinamakushke.fb2.zip</filename>
	<title>Бахревский Владислав Анатольевич. Первоклассник Митя и кролик Ушки-на-Макушке</title>
</book>
<book>
	<filename>bahrevskii_vladislav/bahrevskii_vladislav_sobaka_na_kartofelnom_pole.fb2.zip</filename>
	<title>Бахревский Владислав Анатольевич. Собака на картофельном поле</title>
</book>
<book>
	<filename>bahrevskii_vladislav/bahrevskii_vladislav_stroenie_pera.fb2.zip</filename>
	<title>Бахревский Владислав Анатольевич. Строение пера</title>
</book>
<book>
	<filename>bahrevskii_vladislav/bahrevskii_vladislav_tihaya_plaksa.fb2.zip</filename>
	<title>Бахревский Владислав Анатольевич. Тихая плакса</title>
</book>
<book>
	<filename>bahrevskii_vladislav/bahrevskii_vladislav_viktor_vasnecov.fb2.zip</filename>
	<title>Бахревский Владислав Анатольевич. Виктор Васнецов</title>
</book>
<book>
	<filename>bahrevskii_vladislav/bahrevskii_vladislav_zheludi.fb2.zip</filename>
	<title>Бахревский Владислав Анатольевич. Желуди</title>
</book>
<book>
	<filename>bahrevskii_vladislav/bahrevskii_vladislav_zhuravlik.fb2.zip</filename>
	<title>Бахревский Владислав Анатольевич. Журавлик</title>
</book>
<book>
	<filename>bah_richard/bah_richard_begstvo_ot_bezopasnosti.fb2.zip</filename>
	<title>Бах Ричард. Бегство от безопасности</title>
</book>
<book>
	<filename>bah_richard/bah_richard_biplan.fb2.zip</filename>
	<title>Бах Ричард. Биплан</title>
</book>
<book>
	<filename>bah_richard/bah_richard_chaika_po_imeni_dzhonatan_livingston.fb2.zip</filename>
	<title>Бах Ричард. Чайка по имени Джонатан Ливингстон</title>
</book>
<book>
	<filename>bah_richard/bah_richard_chuzhoi_na_zemle.fb2.zip</filename>
	<title>Бах Ричард. Чужой на Земле</title>
</book>
<book>
	<filename>bah_richard/bah_richard_edinstvennaya.fb2.zip</filename>
	<title>Бах Ричард. Единственная</title>
</book>
<book>
	<filename>bah_richard/bah_richard_horkispasateli_na_more.fb2.zip</filename>
	<title>Бах Ричард. Хорьки-спасатели на море</title>
</book>
<book>
	<filename>bah_richard/bah_richard_horki_v_podnebese.fb2.zip</filename>
	<title>Бах Ричард. Хорьки в поднебесье</title>
</book>
<book>
	<filename>bah_richard/bah_richard_illyuzii.fb2.zip</filename>
	<title>Бах Ричард. Иллюзии</title>
</book>
<book>
	<filename>bah_richard/bah_richard_illyuzii_ili_priklyucheniya_vynuzhdennogo_messii.fb2.zip</filename>
	<title>Бах Ричард. Иллюзии, или Приключения вынужденного Мессии</title>
</book>
<book>
	<filename>bah_richard/bah_richard_karmannyi_spravochnik_messii.fb2.zip</filename>
	<title>Бах Ричард. Карманный справочник Мессии</title>
</book>
<book>
	<filename>bah_richard/bah_richard_most_cherez_vechnost.fb2.zip</filename>
	<title>Бах Ричард. Мост через вечность</title>
</book>
<book>
	<filename>bah_richard/bah_richard_nichto_ne_sluchaino.fb2.zip</filename>
	<title>Бах Ричард. Ничто не случайно</title>
</book>
<book>
	<filename>bah_richard/bah_richard_za_predelami_razuma_otkrytie_sondersviksen.fb2.zip</filename>
	<title>Бах Ричард. За пределами разума: Открытие Сондерс-Виксен</title>
</book>

</books>

