<?xml version="1.0" encoding="UTF-8" ?>
<books>

<book>
	<filename>bryedli_shelli/bryedli_shelli_ego_blagorodnaya_nevesta.fb2.zip</filename>
	<title>Брэдли Шелли. Его благородная невеста</title>
</book>
<book>
	<filename>bryedli_shelli/bryedli_shelli_ego_nepokornaya_nevesta.fb2.zip</filename>
	<title>Брэдли Шелли. Его непокорная невеста</title>
</book>
<book>
	<filename>bryedli_shelli/bryedli_shelli_odna_noch.fb2.zip</filename>
	<title>Брэдли Шелли. Одна ночь</title>
</book>
<book>
	<filename>bryedli_shelli/bryedli_shelli_rozhdestvenskoe_obeshanie.fb2.zip</filename>
	<title>Брэдли Шелли. Рождественское обещание</title>
</book>
<book>
	<filename>bryedli_shelli/bryedli_shelli_svoenravnaya_nevesta.fb2.zip</filename>
	<title>Брэдли Шелли. Своенравная невеста</title>
</book>
<book>
	<filename>bryedli_shelli/bryedli_shelli_tolko_soblazn.fb2.zip</filename>
	<title>Брэдли Шелли. Только соблазн</title>
</book>
<book>
	<filename>bryedli_shelli/bryedli_shelli_v_plenu_lyubvi.fb2.zip</filename>
	<title>Брэдли Шелли. В плену любви</title>
</book>
<book>
	<filename>bryedli_shelli/bryedli_shelli_zapretnoe_vlechenie.fb2.zip</filename>
	<title>Брэдли Шелли. Запретное влечение</title>
</book>
<book>
	<filename>bryedshou_dzhillian/bryedshou_dzhillian_naslednik_kleopatry.fb2.zip</filename>
	<title>Брэдшоу Джиллиан. Наследник Клеопатры</title>
</book>
<book>
	<filename>bryedshou_dzhillian/bryedshou_dzhillian_serdce_rycarya.fb2.zip</filename>
	<title>Брэдшоу Джиллиан. Сердце рыцаря</title>
</book>
<book>
	<filename>bryedshou_yemili/bryedshou_yemili_nochnaya_tancovshica.fb2.zip</filename>
	<title>Брэдшоу Эмили. Ночная танцовщица</title>
</book>
<book>
	<filename>bryegg_pol/bryegg_pol_chudo_golodaniya.fb2.zip</filename>
	<title>Брэгг Поль. Чудо голодания</title>
</book>
<book>
	<filename>bryegg_pol/bryegg_pol_shokiruyushaya_pravda_o_vode_i_soli.fb2.zip</filename>
	<title>Брэгг Поль. Шокирующая правда о воде и соли</title>
</book>
<book>
	<filename>bryegg_pol/bryegg_pol_sol_zdorovya_v_kisloi_kapuste_bez_soli.fb2.zip</filename>
	<title>Брэгг Поль. Соль здоровья – в кислой капусте без соли!</title>
</book>
<book>
	<filename>bryeidi_karen/bryeidi_karen_takoi_prekrasnyi_zhestokii_mir.fb2.zip</filename>
	<title>Брэйди Карен. Такой прекрасный, жестокий мир</title>
</book>
<book>
	<filename>bryekett_li/bryekett_li_bolshoi_pryzhok.fb2.zip</filename>
	<title>Брэкетт Ли Дуглас. Большой прыжок</title>
</book>
<book>
	<filename>bryekett_li/bryekett_li_chuzhie_lyudi.fb2.zip</filename>
	<title>Брэкетт Ли Дуглас. Чужие люди</title>
</book>
<book>
	<filename>bryekett_li/bryekett_li_citadel_utrachennyh_let.fb2.zip</filename>
	<title>Брэкетт Ли Дуглас. Цитадель утраченных лет</title>
</book>
<book>
	<filename>bryekett_li/bryekett_li_dolgoe_zavtra.fb2.zip</filename>
	<title>Брэкетт Ли Дуглас. Долгое завтра</title>
</book>
<book>
	<filename>bryekett_li/bryekett_li_dragocennost_basa.fb2.zip</filename>
	<title>Брэкетт Ли Дуглас. Драгоценность Баса</title>
</book>
<book>
	<filename>bryekett_li/bryekett_li_ischeznovenie_venerian.fb2.zip</filename>
	<title>Брэкетт Ли Дуглас. Исчезновение венериан</title>
</book>
<book>
	<filename>bryekett_li/bryekett_li_lyudi_talismana.fb2.zip</filename>
	<title>Брэкетт Ли Дуглас. Люди талисмана</title>
</book>
<book>
	<filename>bryekett_li/bryekett_li_marsianskii_gladiator.fb2.zip</filename>
	<title>Брэкетт Ли Дуглас. Марсианский гладиатор</title>
</book>
<book>
	<filename>bryekett_li/bryekett_li_nelyudi.fb2.zip</filename>
	<title>Брэкетт Ли Дуглас. Не-люди</title>
</book>
<book>
	<filename>bryekett_li/bryekett_li_ozero_ushedshih_naveki.fb2.zip</filename>
	<title>Брэкетт Ли Дуглас. Озеро ушедших навеки</title>
</book>
<book>
	<filename>bryekett_li/bryekett_li_prishestvie_zemlyan.fb2.zip</filename>
	<title>Брэкетт Ли Дуглас. Пришествие землян</title>
</book>
<book>
	<filename>bryekett_li/bryekett_li_puti_nemezidy.fb2.zip</filename>
	<title>Брэкетт Ли Дуглас. Пути Немезиды</title>
</book>
<book>
	<filename>bryekett_li/bryekett_li_shennech_poslednii.fb2.zip</filename>
	<title>Брэкетт Ли Дуглас. Шеннеч - последний</title>
</book>
<book>
	<filename>bryekett_li/bryekett_li_taina_sinharata_per_melnikova_a.fb2.zip</filename>
	<title>Брэкетт Ли Дуглас. Тайна Синхарата (пер. Мельникова А.)</title>
</book>
<book>
	<filename>bryekett_li/bryekett_li_tancovshica_s_ganimeda.fb2.zip</filename>
	<title>Брэкетт Ли Дуглас. Танцовщица с Ганимеда</title>
</book>
<book>
	<filename>bryekett_li/bryekett_li_tviner.fb2.zip</filename>
	<title>Брэкетт Ли Дуглас. Твинер</title>
</book>
<book>
	<filename>bryekett_li/bryekett_li_venerianskaya_koldunya.fb2.zip</filename>
	<title>Брэкетт Ли Дуглас. Венерианская колдунья</title>
</book>
<book>
	<filename>bryekett_li/bryekett_li_vse_cveta_radugi.fb2.zip</filename>
	<title>Брэкетт Ли Дуглас. Все цвета радуги</title>
</book>
<book>
	<filename>bryekett_li/bryekett_li_vual_astellara.fb2.zip</filename>
	<title>Брэкетт Ли Дуглас. Вуаль Астеллара</title>
</book>
<book>
	<filename>bryekett_li/bryekett_li_zhenshina_s_altaira.fb2.zip</filename>
	<title>Брэкетт Ли Дуглас. Женщина с Альтаира</title>
</book>
<book>
	<filename>bryend_maks/bryend_maks_bandit_s_chernyh_gor.fb2.zip</filename>
	<title>Брэнд Макс. Бандит с Черных Гор</title>
</book>
<book>
	<filename>bryend_maks/bryend_maks_blednolicyi_shaman.fb2.zip</filename>
	<title>Брэнд Макс. Бледнолицый шаман</title>
</book>
<book>
	<filename>bryend_maks/bryend_maks_chuzhak.fb2.zip</filename>
	<title>Брэнд Макс. Чужак</title>
</book>
<book>
	<filename>bryend_maks/bryend_maks_dolina_schastya.fb2.zip</filename>
	<title>Брэнд Макс. Долина Счастья</title>
</book>
<book>
	<filename>bryend_maks/bryend_maks_dorogoi_mesti.fb2.zip</filename>
	<title>Брэнд Макс. Дорогой мести</title>
</book>
<book>
	<filename>bryend_maks/bryend_maks_dzhingo.fb2.zip</filename>
	<title>Брэнд Макс. Джинго</title>
</book>
<book>
	<filename>bryend_maks/bryend_maks_dzhon_kipyashii_kotelok.fb2.zip</filename>
	<title>Брэнд Макс. Джон Кипящий Котелок</title>
</book>
<book>
	<filename>bryend_maks/bryend_maks_igrok.fb2.zip</filename>
	<title>Брэнд Макс. Игрок</title>
</book>
<book>
	<filename>bryend_maks/bryend_maks_korol_podnebesya.fb2.zip</filename>
	<title>Брэнд Макс. Король поднебесья</title>
</book>
<book>
	<filename>bryend_maks/bryend_maks_longhornskie_raspri.fb2.zip</filename>
	<title>Брэнд Макс. Лонгхорнские распри</title>
</book>
<book>
	<filename>bryend_maks/bryend_maks_mchashiesya_mustangi.fb2.zip</filename>
	<title>Брэнд Макс. Мчащиеся мустанги</title>
</book>
<book>
	<filename>bryend_maks/bryend_maks_mest_fermera.fb2.zip</filename>
	<title>Брэнд Макс. Месть фермера</title>
</book>
<book>
	<filename>bryend_maks/bryend_maks_naemnik.fb2.zip</filename>
	<title>Брэнд Макс. Наемник</title>
</book>
<book>
	<filename>bryend_maks/bryend_maks_neulovimyi_bandit.fb2.zip</filename>
	<title>Брэнд Макс. Неуловимый бандит</title>
</book>
<book>
	<filename>bryend_maks/bryend_maks_nochnoi_vsadnik.fb2.zip</filename>
	<title>Брэнд Макс. Ночной всадник</title>
</book>
<book>
	<filename>bryend_maks/bryend_maks_novichok.fb2.zip</filename>
	<title>Брэнд Макс. Новичок</title>
</book>
<book>
	<filename>bryend_maks/bryend_maks_odinochka_dzhek.fb2.zip</filename>
	<title>Брэнд Макс. Одиночка — Джек</title>
</book>
<book>
	<filename>bryend_maks/bryend_maks_opasnaya_igra.fb2.zip</filename>
	<title>Брэнд Макс. Опасная игра</title>
</book>
<book>
	<filename>bryend_maks/bryend_maks_ostatsya_v_zhivyh.fb2.zip</filename>
	<title>Брэнд Макс. Остаться в живых</title>
</book>
<book>
	<filename>bryend_maks/bryend_maks_paren_s_granicy.fb2.zip</filename>
	<title>Брэнд Макс. Парень с границы</title>
</book>
<book>
	<filename>bryend_maks/bryend_maks_pesn_hlysta.fb2.zip</filename>
	<title>Брэнд Макс. Песнь хлыста</title>
</book>
<book>
	<filename>bryend_maks/bryend_maks_pogranichnye_strelki.fb2.zip</filename>
	<title>Брэнд Макс. Пограничные стрелки</title>
</book>
<book>
	<filename>bryend_maks/bryend_maks_poyushie_revolvery.fb2.zip</filename>
	<title>Брэнд Макс. Поющие револьверы</title>
</book>
<book>
	<filename>bryend_maks/bryend_maks_sem_trop_pitera_kuinsa.fb2.zip</filename>
	<title>Брэнд Макс. Семь троп Питера Куинса</title>
</book>
<book>
	<filename>bryend_maks/bryend_maks_sled_v_ushele_timbyel.fb2.zip</filename>
	<title>Брэнд Макс. След в ущелье Тимбэл</title>
</book>
<book>
	<filename>bryend_maks/bryend_maks_smertelnaya_pogonya.fb2.zip</filename>
	<title>Брэнд Макс. Смертельная погоня</title>
</book>
<book>
	<filename>bryend_maks/bryend_maks_tropa_dzheksona.fb2.zip</filename>
	<title>Брэнд Макс. Тропа Джексона</title>
</book>
<book>
	<filename>bryend_maks/bryend_maks_tropoi_druzhby.fb2.zip</filename>
	<title>Брэнд Макс. Тропой дружбы</title>
</book>
<book>
	<filename>bryend_maks/bryend_maks_ulybka_sorvigolovy.fb2.zip</filename>
	<title>Брэнд Макс. Улыбка сорвиголовы</title>
</book>
<book>
	<filename>bryend_maks/bryend_maks_vne_zakona.fb2.zip</filename>
	<title>Брэнд Макс. Вне закона</title>
</book>
<book>
	<filename>bryend_maks/bryend_maks_vozmutitel_spokoistviya.fb2.zip</filename>
	<title>Брэнд Макс. Возмутитель спокойствия</title>
</book>
<book>
	<filename>bryend_maks/bryend_maks_vozvrashenie_destri.fb2.zip</filename>
	<title>Брэнд Макс. Возвращение Дестри</title>
</book>
<book>
	<filename>bryend_maks/bryend_maks_vsadniki_ravnin.fb2.zip</filename>
	<title>Брэнд Макс. Всадники равнин</title>
</book>
<book>
	<filename>bryend_maks/bryend_maks_zolotaya_molniya.fb2.zip</filename>
	<title>Брэнд Макс. Золотая молния</title>
</book>
<book>
	<filename>bryendon_dzhei/bryendon_dzhei_kogda_bessilen_zakon.fb2.zip</filename>
	<title>Брэндон Джей. Когда бессилен закон</title>
</book>
<book>
	<filename>bryendon_dzhei/bryendon_dzhei_volk_v_ovechem_stade.fb2.zip</filename>
	<title>Брэндон Джей. Волк в овечьем стаде</title>
</book>
<book>
	<filename>bryendvain_rebekka/bryendvain_rebekka_more_lyubvi.fb2.zip</filename>
	<title>Брэндвайн Ребекка. Море любви</title>
</book>
<book>
	<filename>bryendvain_rebekka/bryendvain_rebekka_roza_vostorga.fb2.zip</filename>
	<title>Брэндвайн Ребекка. Роза восторга</title>
</book>
<book>
	<filename>bryenson_richard/bryenson_richard_teryaya_nevinnost_avtobiografiya.fb2.zip</filename>
	<title>Брэнсон Ричард. Теряя невинность. Автобиография</title>
</book>
<book>
	<filename>bryentli_peidzh/bryentli_peidzh_probuzhdenie_serdca.fb2.zip</filename>
	<title>Брэнтли Пейдж. Пробуждение сердца</title>
</book>
<book>
	<filename>bryentli_peidzh/bryentli_peidzh_uznik_moego_serdca.fb2.zip</filename>
	<title>Брэнтли Пейдж. Узник моего сердца</title>
</book>
<book>
	<filename>bryll_yernest/bryll_yernest_tetka.fb2.zip</filename>
	<title>Брылль Эрнест. Тетка</title>
</book>
<book>
	<filename>bryuer_dzhil/bryuer_dzhil_a_teper_proshai.fb2.zip</filename>
	<title>Брюер Джил. А теперь — прощай!</title>
</book>
<book>
	<filename>bryuer_dzhil/bryuer_dzhil_krasnyi_sharf.fb2.zip</filename>
	<title>Брюер Джил. Красный шарф</title>
</book>
<book>
	<filename>bryuer_stiv/bryuer_stiv_puli.fb2.zip</filename>
	<title>Брюер Стив. Пули</title>
</book>
<book>
	<filename>bryukner_paskal/bryukner_paskal_pohititeli_krasoty.fb2.zip</filename>
	<title>Брюкнер Паскаль. Похитители красоты</title>
</book>
<book>
	<filename>bryusford_marta/bryusford_marta_grezy_nayavu.fb2.zip</filename>
	<title>Брюсфорд Марта. Грезы наяву</title>
</book>
<book>
	<filename>bryusov_valerii/bryusov_valerii_ognennyi_angel.fb2.zip</filename>
	<title>Брюсов Валерий Яковлевич. Огненный ангел</title>
</book>
<book>
	<filename>bryusov_valerii/bryusov_valerii_yupiter_poverzhennyi.fb2.zip</filename>
	<title>Брюсов Валерий Яковлевич. Юпитер поверженный</title>
</book>
<book>
	<filename>bryussolo_serzh/bryussolo_serzh_den_sinei_sobaki.fb2.zip</filename>
	<title>Брюссоло Серж. День синей собаки</title>
</book>
<book>
	<filename>bryussolo_serzh/bryussolo_serzh_dom_shepotov.fb2.zip</filename>
	<title>Брюссоло Серж. Дом шепотов</title>
</book>
<book>
	<filename>bryussolo_serzh/bryussolo_serzh_indeiskaya_komnata.fb2.zip</filename>
	<title>Брюссоло Серж. Индейская комната</title>
</book>
<book>
	<filename>bryussolo_serzh/bryussolo_serzh_labirint_faraona.fb2.zip</filename>
	<title>Брюссоло Серж. Лабиринт фараона</title>
</book>
<book>
	<filename>bryussolo_serzh/bryussolo_serzh_na_poroge_nochi.fb2.zip</filename>
	<title>Брюссоло Серж. На пороге ночи</title>
</book>
<book>
	<filename>bryussolo_serzh/bryussolo_serzh_nochnaya_neznakomka.fb2.zip</filename>
	<title>Брюссоло Серж. Ночная незнакомка</title>
</book>
<book>
	<filename>bryussolo_serzh/bryussolo_serzh_pechalnye_pesni_siren.fb2.zip</filename>
	<title>Брюссоло Серж. Печальные песни сирен</title>
</book>
<book>
	<filename>bryussolo_serzh/bryussolo_serzh_zamok_otravitelei.fb2.zip</filename>
	<title>Брюссоло Серж. Замок отравителей</title>
</book>
<book>
	<filename>bryussolo_serzh/bryussolo_serzh_zimnyaya_zhatva.fb2.zip</filename>
	<title>Брюссоло Серж. Зимняя жатва</title>
</book>
<book>
	<filename>bryus_viktoriya/bryus_viktoriya_lyubovnik_iz_proshlogo.fb2.zip</filename>
	<title>Брюс Виктория. Любовник из прошлого</title>
</book>
<book>
	<filename>bryus_zhan/bryus_zhan_monstry_holiloha.fb2.zip</filename>
	<title>Брюс Жан. Монстры Холи-Лоха</title>
</book>
<book>
	<filename>bryus_zhan/bryus_zhan_oss_117_sovershenno_sekretno.fb2.zip</filename>
	<title>Брюс Жан. ОСС 117. Совершенно секретно</title>
</book>
<book>
	<filename>bryus_zhan/bryus_zhan_pod_strahom_smerti.fb2.zip</filename>
	<title>Брюс Жан. Под страхом смерти</title>
</book>
<book>
	<filename>bryus_zhan/bryus_zhan_pyat_parnei_dlya_singapura.fb2.zip</filename>
	<title>Брюс Жан. Пять парней для «Сингапура»</title>
</book>
<book>
	<filename>bryus_zhan/bryus_zhan_rozhdestvo_dlya_shpiona.fb2.zip</filename>
	<title>Брюс Жан. Рождество для шпиона</title>
</book>
<book>
	<filename>bryus_zhan/bryus_zhan_trevozhnoe_ozhidanie.fb2.zip</filename>
	<title>Брюс Жан. Тревожное ожидание</title>
</book>
<book>
	<filename>bryus_zhan/bryus_zhan_v_neitralnoi_strane.fb2.zip</filename>
	<title>Брюс Жан. В нейтральной стране</title>
</book>
<book>
	<filename>bryus_zhan/bryus_zhan_yetim_zaimetsya_oss_117.fb2.zip</filename>
	<title>Брюс Жан. Этим займется ОСС 117</title>
</book>
<book>
	<filename>bryus_zhozefina/bryus_zhozefina_ubiistvo_v_lissabone.fb2.zip</filename>
	<title>Брюс Жозефина. Убийство в Лиссабоне</title>
</book>
<book>
	<filename>bryuyer_dzhin/bryuyer_dzhin_planeta_kapyeks.fb2.zip</filename>
	<title>Брюэр Джин. Планета Ка-Пэкс</title>
</book>
<book>
	<filename>bualonarsezhak_/bualonarsezhak__cheloveksharada.fb2.zip</filename>
	<title>Буало-Нарсежак. Человек-шарада</title>
</book>
<book>
	<filename>bualonarsezhak_/bualonarsezhak__durnoi_glaz.fb2.zip</filename>
	<title>Буало-Нарсежак. Дурной глаз</title>
</book>
<book>
	<filename>bualonarsezhak_/bualonarsezhak__inzhener_slishkom_lyubil_cifry.fb2.zip</filename>
	<title>Буало-Нарсежак. Инженер слишком любил цифры</title>
</book>
<book>
	<filename>bualonarsezhak_/bualonarsezhak__kivok_fortuny.fb2.zip</filename>
	<title>Буало-Нарсежак. Кивок Фортуны</title>
</book>
<book>
	<filename>bualonarsezhak_/bualonarsezhak__morskie_vorota.fb2.zip</filename>
	<title>Буало-Нарсежак. Морские ворота</title>
</book>
<book>
	<filename>bualonarsezhak_/bualonarsezhak__nedorazumenie_tragediya_oshibok.fb2.zip</filename>
	<title>Буало-Нарсежак. Недоразумение (Трагедия ошибок)</title>
</book>
<book>
	<filename>bualonarsezhak_/bualonarsezhak__ochertya_serdce.fb2.zip</filename>
	<title>Буало-Нарсежак. Очертя сердце</title>
</book>
<book>
	<filename>bualonarsezhak_/bualonarsezhak__poslednii_tryuk_kaskadera.fb2.zip</filename>
	<title>Буало-Нарсежак. Последний трюк каскадера</title>
</book>
<book>
	<filename>bualonarsezhak_/bualonarsezhak__smert_skazala_mozhet_byt.fb2.zip</filename>
	<title>Буало-Нарсежак. Смерть сказала: может быть</title>
</book>
<book>
	<filename>bualonarsezhak_/bualonarsezhak__taina_cheloveka_s_kinzhalom.fb2.zip</filename>
	<title>Буало-Нарсежак. Тайна человека с кинжалом</title>
</book>
<book>
	<filename>bualonarsezhak_/bualonarsezhak__taina_loshadiprizraka.fb2.zip</filename>
	<title>Буало-Нарсежак. Тайна Лошади-Призрака</title>
</book>
<book>
	<filename>bualonarsezhak_/bualonarsezhak__ta_kotoroi_ne_stalo.fb2.zip</filename>
	<title>Буало-Нарсежак. Та, которой не стало</title>
</book>
<book>
	<filename>bualonarsezhak_/bualonarsezhak__vdovcy.fb2.zip</filename>
	<title>Буало-Нарсежак. Вдовцы</title>
</book>
<book>
	<filename>bualonarsezhak_/bualonarsezhak__volchicy.fb2.zip</filename>
	<title>Буало-Нарсежак. Волчицы</title>
</book>
<book>
	<filename>bualonarsezhak_/bualonarsezhak__v_zakoldovannom_lesu.fb2.zip</filename>
	<title>Буало-Нарсежак. В заколдованном лесу</title>
</book>
<book>
	<filename>bualonarsezhak_/bualonarsezhak__zaklyatie.fb2.zip</filename>
	<title>Буало-Нарсежак. Заклятие</title>
</book>
<book>
	<filename>bualonarsezhak_/bualonarsezhak__zhizn_vdrebezgi.fb2.zip</filename>
	<title>Буало-Нарсежак. Жизнь вдребезги</title>
</book>
<book>
	<filename>bubukin_valentin/bubukin_valentin_vechnozelenoe_pole_zhizni.fb2.zip</filename>
	<title>Бубукин Валентин Борисович. Вечнозеленое поле жизни</title>
</book>
<book>
	<filename>buccati_dino/buccati_dino_bomba.fb2.zip</filename>
	<title>Буццати Дино. Бомба</title>
</book>
<book>
	<filename>buccati_dino/buccati_dino_bumazhnyi_sharik.fb2.zip</filename>
	<title>Буццати Дино. Бумажный шарик</title>
</book>
<book>
	<filename>buccati_dino/buccati_dino_druzya.fb2.zip</filename>
	<title>Буццати Дино. Друзья</title>
</book>
<book>
	<filename>buccati_dino/buccati_dino_hudozhestvennyi_kritik.fb2.zip</filename>
	<title>Буццати Дино. Художественный критик</title>
</book>
<book>
	<filename>buccati_dino/buccati_dino_iskushenie_svyatogo_antoniya.fb2.zip</filename>
	<title>Буццати Дино. Искушение Святого Антония</title>
</book>
<book>
	<filename>buccati_dino/buccati_dino_kak_ubili_drakona.fb2.zip</filename>
	<title>Буццати Дино. Как убили дракона</title>
</book>
<book>
	<filename>buccati_dino/buccati_dino_kaplya.fb2.zip</filename>
	<title>Буццати Дино. Капля</title>
</book>
<book>
	<filename>buccati_dino/buccati_dino_kurerskii_poezd.fb2.zip</filename>
	<title>Буццати Дино. Курьерский поезд</title>
</book>
<book>
	<filename>buccati_dino/buccati_dino_nochnaya_bataliya_na_venecianskoi_biennale.fb2.zip</filename>
	<title>Буццати Дино. Ночная баталия на Венецианской биеннале</title>
</book>
<book>
	<filename>buccati_dino/buccati_dino_oborotni_s_via_sesostri.fb2.zip</filename>
	<title>Буццати Дино. Оборотни с виа Сесостри</title>
</book>
<book>
	<filename>buccati_dino/buccati_dino_panika_v_la_skala.fb2.zip</filename>
	<title>Буццати Дино. Паника в «Ла Скала»</title>
</book>
<book>
	<filename>buccati_dino/buccati_dino_problema_stoyanok.fb2.zip</filename>
	<title>Буццати Дино. Проблема стоянок</title>
</book>
<book>
	<filename>buccati_dino/buccati_dino_sem_goncov.fb2.zip</filename>
	<title>Буццати Дино. Семь гонцов</title>
</book>
<book>
	<filename>buccati_dino/buccati_dino_slishkom_mnogo_rozhdestva.fb2.zip</filename>
	<title>Буццати Дино. Слишком много Рождества</title>
</book>
<book>
	<filename>buccati_dino/buccati_dino_sobaka_otshelnika.fb2.zip</filename>
	<title>Буццати Дино. Собака отшельника</title>
</book>
<book>
	<filename>buccati_dino/buccati_dino_steny_anagora.fb2.zip</filename>
	<title>Буццати Дино. Стены Анагора</title>
</book>
<book>
	<filename>buccati_dino/buccati_dino_svidanie_s_yeinshteinom.fb2.zip</filename>
	<title>Буццати Дино. Свидание с Эйнштейном</title>
</book>
<book>
	<filename>buccati_dino/buccati_dino_tatarskaya_pustynya.fb2.zip</filename>
	<title>Буццати Дино. Татарская пустыня</title>
</book>
<book>
	<filename>buccati_dino/buccati_dino_tshetnye_mery_predostorozhnosti.fb2.zip</filename>
	<title>Буццати Дино. Тщетные меры предосторожности</title>
</book>
<book>
	<filename>buccati_dino/buccati_dino_velichie_cheloveka.fb2.zip</filename>
	<title>Буццати Дино. Величие человека</title>
</book>
<book>
	<filename>buccati_dino/buccati_dino_vliyanie_zvezd.fb2.zip</filename>
	<title>Буццати Дино. Влияние звезд</title>
</book>
<book>
	<filename>buccati_dino/buccati_dino_volshebstvo_prirody.fb2.zip</filename>
	<title>Буццати Дино. Волшебство природы</title>
</book>
<book>
	<filename>buccati_dino/buccati_dino_zapret.fb2.zip</filename>
	<title>Буццати Дино. Запрет</title>
</book>
<book>
	<filename>buccati_dino/buccati_dino_zavistlivyi_muzykant.fb2.zip</filename>
	<title>Буццати Дино. Завистливый музыкант</title>
</book>
<book>
	<filename>buccati_dino/buccati_dino_zimnyaya_noch_v_filadelfii.fb2.zip</filename>
	<title>Буццати Дино. Зимняя ночь в Филадельфии</title>
</book>
<book>
	<filename>budanova_v/budanova_v_velikoe_pereselenie_narodov.fb2.zip</filename>
	<title>Буданова В. П. Великое переселение народов</title>
</book>
<book>
	<filename>budarov_andrei/budarov_andrei_zdravstvui_dedushka_moroz.fb2.zip</filename>
	<title>Бударов Андрей. Здравствуй, дедушка Мороз!..</title>
</book>
<book>
	<filename>budur_nataliya/budur_nataliya_tigry_morya_vvedenie_v_vikingologiyu.fb2.zip</filename>
	<title>Будур Наталия. Тигры моря. Введение в викингологию</title>
</book>
<book>
	<filename>budzhold_lois/budzhold_lois_barrayar.fb2.zip</filename>
	<title>Буджолд Лоис Макмастер. Барраяр</title>
</book>
<book>
	<filename>budzhold_lois/budzhold_lois_barter.fb2.zip</filename>
	<title>Буджолд Лоис Макмастер. Бартер</title>
</book>
<book>
	<filename>budzhold_lois/budzhold_lois_bratya_po_oruzhiyu.fb2.zip</filename>
	<title>Буджолд Лоис Макмастер. Братья по оружию</title>
</book>
<book>
	<filename>budzhold_lois/budzhold_lois_cetaganda.fb2.zip</filename>
	<title>Буджолд Лоис Макмастер. Цетаганда</title>
</book>
<book>
	<filename>budzhold_lois/budzhold_lois_diplomaticheskii_immunitet.fb2.zip</filename>
	<title>Буджолд Лоис Макмастер. Дипломатический иммунитет</title>
</book>
<book>
	<filename>budzhold_lois/budzhold_lois_garazhnaya_rasprodazha.fb2.zip</filename>
	<title>Буджолд Лоис Макмастер. Гаражная распродажа</title>
</book>
<book>
	<filename>budzhold_lois/budzhold_lois_granicy_beskonechnosti.fb2.zip</filename>
	<title>Буджолд Лоис Макмастер. Границы бесконечности</title>
</book>
<book>
	<filename>budzhold_lois/budzhold_lois_grazhdanskaya_kampaniya.fb2.zip</filename>
	<title>Буджолд Лоис Макмастер. Гражданская кампания</title>
</book>
<book>
	<filename>budzhold_lois/budzhold_lois_igra_forov.fb2.zip</filename>
	<title>Буджолд Лоис Макмастер. Игра форов</title>
</book>
<book>
	<filename>budzhold_lois/budzhold_lois_kolca_duhov.fb2.zip</filename>
	<title>Буджолд Лоис Макмастер. Кольца духов</title>
</book>
<book>
	<filename>budzhold_lois/budzhold_lois_komarra.fb2.zip</filename>
	<title>Буджолд Лоис Макмастер. Комарра</title>
</book>
<book>
	<filename>budzhold_lois/budzhold_lois_oskolki_chesti.fb2.zip</filename>
	<title>Буджолд Лоис Макмастер. Осколки чести</title>
</book>
<book>
	<filename>budzhold_lois/budzhold_lois_paladin_dush.fb2.zip</filename>
	<title>Буджолд Лоис МакМастер. Паладин душ</title>
</book>
<book>
	<filename>budzhold_lois/budzhold_lois_pamyat.fb2.zip</filename>
	<title>Буджолд Лоис Макмастер. Память</title>
</book>
<book>
	<filename>budzhold_lois/budzhold_lois_pletelshica_snov.fb2.zip</filename>
	<title>Буджолд Лоис Макмастер. Плетельщица снов</title>
</book>
<book>
	<filename>budzhold_lois/budzhold_lois_podarki_k_zimneprazniku.fb2.zip</filename>
	<title>Буджолд Лоис Макмастер. Подарки к Зимнепразнику</title>
</book>
<book>
	<filename>budzhold_lois/budzhold_lois_proklyatie_shaliona.fb2.zip</filename>
	<title>Буджолд Лоис МакМастер. Проклятие Шалиона</title>
</book>
<book>
	<filename>budzhold_lois/budzhold_lois_svyashennaya_ohota.fb2.zip</filename>
	<title>Буджолд Лоис Макмастер. Священная охота</title>
</book>
<book>
	<filename>budzhold_lois/budzhold_lois_tanec_otrazhenii.fb2.zip</filename>
	<title>Буджолд Лоис Макмастер. Танец отражений</title>
</book>
<book>
	<filename>budzhold_lois/budzhold_lois_uchenik_voina.fb2.zip</filename>
	<title>Буджолд Лоис Макмастер. Ученик воина</title>
</book>
<book>
	<filename>budzhold_lois/budzhold_lois_v_svobodnom_padenii.fb2.zip</filename>
	<title>Буджолд Лоис Макмастер. В свободном падении</title>
</book>
<book>
	<filename>budzhold_lois/budzhold_lois_vsya_dyryavaya_pravda.fb2.zip</filename>
	<title>Буджолд Лоис Макмастер. Вся дырявая правда</title>
</book>
<book>
	<filename>budzhold_lois/budzhold_lois_yetan_s_planety_yeitos.fb2.zip</filename>
	<title>Буджолд Лоис Макмастер. Этан с планеты Эйтос</title>
</book>
<book>
	<filename>buff_volfgang/buff_volfgang_pod_leningradom_voennyi_dnevnik.fb2.zip</filename>
	<title>Буфф Вольфганг. Под Ленинградом. Военный дневник</title>
</book>
<book>
	<filename>buford_bill/buford_bill_angliiskaya_bolezn.fb2.zip</filename>
	<title>Буфорд Билл. Английская болезнь</title>
</book>
<book>
	<filename>buganov_viktor/buganov_viktor_pugachev.fb2.zip</filename>
	<title>Буганов Виктор. Пугачев</title>
</book>
<book>
	<filename>buharin_nikolai/buharin_nikolai_k_postanovke_problem_teorii_istoricheskogo_materializma.fb2.zip</filename>
	<title>Бухарин Николай Иванович. К постановке проблем теории исторического материализма</title>
</book>
<book>
	<filename>buharin_nikolai/buharin_nikolai_lenin_kak_marksist.fb2.zip</filename>
	<title>Бухарин Николай Иванович. Ленин как марксист</title>
</book>
<book>
	<filename>buharin_nikolai/buharin_nikolai_novyi_kurs_yekonomicheskoi_politiki.fb2.zip</filename>
	<title>Бухарин Николай Иванович. Новый курс экономической политики</title>
</book>
<book>
	<filename>buharin_nikolai/buharin_nikolai_zheleznaya_kogorta_revolyucii.fb2.zip</filename>
	<title>Бухарин Николай Иванович. Железная когорта революции</title>
</book>
<book>
	<filename>buhhaim_lotargyunter/buhhaim_lotargyunter_podlodka_lodka.fb2.zip</filename>
	<title>Буххайм Лотар-Гюнтер. Подлодка [Лодка]</title>
</book>
<book>
	<filename>buhov_arkadii/buhov_arkadii_zhuki_na_bulavkah.fb2.zip</filename>
	<title>Бухов Аркадий. Жуки на булавках</title>
</book>
<book>
	<filename>bujold_lois/bujold_lois_barrayar_na_ispanskom.fb2.zip</filename>
	<title>Bujold Lois McMaster. Barrayar (на испанском)</title>
</book>
<book>
	<filename>bujold_lois/bujold_lois_cetaganda_na_ispanskom.fb2.zip</filename>
	<title>Bujold Lois McMaster. Cetaganda (на испанском)</title>
</book>
<book>
	<filename>bujold_lois/bujold_lois_komarr.fb2.zip</filename>
	<title>Bujold Lois McMaster. Komarr</title>
</book>
<book>
	<filename>bukovski_charlz/bukovski_charlz_pochtamt.fb2.zip</filename>
	<title>Буковски Чарльз. Почтамт</title>
</book>
<book>
	<filename>bukovski_charlz/bukovski_charlz_zhenshiny.fb2.zip</filename>
	<title>Буковски Чарльз. Женщины</title>
</book>
<book>
	<filename>buksha_kseniya/buksha_kseniya_inside_out_naiznanku.fb2.zip</filename>
	<title>Букша Ксения. Inside Out (Наизнанку)</title>
</book>
<book>
	<filename>bulat_vladimir/bulat_vladimir_lish_by_ne_bylo_voiny.fb2.zip</filename>
	<title>Булат Владимир. Лишь бы не было войны</title>
</book>
<book>
	<filename>bulgakova_irina/bulgakova_irina_chernyi_zavet.fb2.zip</filename>
	<title>Булгакова Ирина. Черный завет</title>
</book>

</books>

