<?xml version="1.0" encoding="UTF-8" ?>
<books>

<book>
	<filename>butmi_n/butmi_n_kaballa_eresi_i_tainye_obshestva.fb2.zip</filename>
	<title>Бутми Н. Л. Кабалла, ереси и тайные общества</title>
</book>
<book>
	<filename>butorin_andrei/butorin_andrei_naslednica_prestola.fb2.zip</filename>
	<title>Буторин Андрей. Наследница престола</title>
</book>
<book>
	<filename>butorin_andrei/butorin_andrei_za_kraem_zemli_i_neba.fb2.zip</filename>
	<title>Буторин Андрей. За краем земли и неба</title>
</book>
<book>
	<filename>but_pat/but_pat_beverlihillz.fb2.zip</filename>
	<title>Бут Пат. Беверли-Хиллз</title>
</book>
<book>
	<filename>but_pat/but_pat_bud_moim_muzhem.fb2.zip</filename>
	<title>Бут Пат. Будь моим мужем</title>
</book>
<book>
	<filename>but_pat/but_pat_malibu.fb2.zip</filename>
	<title>Бут Пат. Малибу</title>
</book>
<book>
	<filename>but_pat/but_pat_palmbich.fb2.zip</filename>
	<title>Бут Пат. Палм-бич</title>
</book>
<book>
	<filename>but_pat/but_pat_sestry.fb2.zip</filename>
	<title>Бут Пат. Сестры</title>
</book>
<book>
	<filename>butyakov_leonid/butyakov_leonid_vladigor.fb2.zip</filename>
	<title>Бутяков Леонид. Владигор</title>
</book>
<book>
	<filename>butyrskii_fedor/butyrskii_fedor_chernyi_tribunal.fb2.zip</filename>
	<title>Бутырский Федор. Черный трибунал</title>
</book>
<book>
	<filename>buyanov_nikolai/buyanov_nikolai_klyatva_na_meche.fb2.zip</filename>
	<title>Буянов Николай. Клятва на мече</title>
</book>
<book>
	<filename>buyanov_nikolai/buyanov_nikolai_medium.fb2.zip</filename>
	<title>Буянов Николай. Медиум</title>
</book>
<book>
	<filename>buyanov_nikolai/buyanov_nikolai_oprokinutyi_kupol.fb2.zip</filename>
	<title>Буянов Николай. Опрокинутый купол</title>
</book>
<book>
	<filename>buzina_oles/buzina_oles_tainaya_istoriya_ukrainyrusi.fb2.zip</filename>
	<title>Бузина Олесь. Тайная история Украины–Руси</title>
</book>
<book>
	<filename>buzina_oles/buzina_oles_vurdalak_taras_shevchenko.fb2.zip</filename>
	<title>Бузина Олесь. Вурдалак Тарас Шевченко</title>
</book>
<book>
	<filename>buzinovskie_olga_i_sergei/buzinovskie_olga_i_sergei_taina_volanda.fb2.zip</filename>
	<title>Бузиновские Ольга и Сергей. Тайна Воланда</title>
</book>
<book>
	<filename>buzinov_viktor/buzinov_viktor_desyat_progulok_po_vasilevskomu.fb2.zip</filename>
	<title>Бузинов Виктор Михайлович. Десять прогулок по Васильевскому</title>
</book>
<book>
	<filename>byalko_anna/byalko_anna_blondinka_za_rulem.fb2.zip</filename>
	<title>Бялко Анна. Блондинка за рулем</title>
</book>
<book>
	<filename>byalko_anna/byalko_anna_ginekologicheskaya_proza.fb2.zip</filename>
	<title>Бялко Анна. Гинекологическая проза</title>
</book>
<book>
	<filename>byalko_anna/byalko_anna_na_toi_nedele_kupit_sapogi_spasti_stranu_vyiti_zamuzh.fb2.zip</filename>
	<title>Бялко Анна. На той неделе: купить сапоги, спасти страну, выйти замуж</title>
</book>
<book>
	<filename>byalko_anna/byalko_anna_obman.fb2.zip</filename>
	<title>Бялко Анна. Обман</title>
</book>
<book>
	<filename>byanchin_helen/byanchin_helen_film_dlya_lyubimogo.fb2.zip</filename>
	<title>Бьянчин Хелен. Фильм для любимого</title>
</book>
<book>
	<filename>byanchin_helen/byanchin_helen_goluboglazaya_kassandra.fb2.zip</filename>
	<title>Бьянчин Хелен. Голубоглазая Кассандра</title>
</book>
<book>
	<filename>byanchin_helen/byanchin_helen_ispytanie_dlya_muzha.fb2.zip</filename>
	<title>Бьянчин Хелен. Испытание для мужа</title>
</book>
<book>
	<filename>byanchin_helen/byanchin_helen_kak_v_skazke.fb2.zip</filename>
	<title>Бьянчин Хелен. Как в сказке</title>
</book>
<book>
	<filename>byanchin_helen/byanchin_helen_moi_vlastelin.fb2.zip</filename>
	<title>Бьянчин Хелен. Мой властелин</title>
</book>
<book>
	<filename>byanchin_helen/byanchin_helen_ne_pytaisya_skryt_lyubov.fb2.zip</filename>
	<title>Бьянчин Хелен. Не пытайся скрыть любовь</title>
</book>
<book>
	<filename>byanchin_helen/byanchin_helen_ognennyi_vihr.fb2.zip</filename>
	<title>Бьянчин Хелен. Огненный вихрь</title>
</book>
<book>
	<filename>byanchin_helen/byanchin_helen_s_lyubovyu_ne_sporyat.fb2.zip</filename>
	<title>Бьянчин Хелен. С любовью не спорят</title>
</book>
<book>
	<filename>byanchin_helen/byanchin_helen_tysyacha_soblaznov.fb2.zip</filename>
	<title>Бьянчин Хелен. Тысяча соблазнов</title>
</book>
<book>
	<filename>byanchin_helen/byanchin_helen_ty_vsya_moya_zhizn.fb2.zip</filename>
	<title>Бьянчин Хелен. Ты – вся моя жизнь</title>
</book>
<book>
	<filename>byanchin_helen/byanchin_helen_ya_znayu_my_nuzhny_drug_drugu.fb2.zip</filename>
	<title>Бьянчин Хелен. Я знаю: мы нужны друг другу</title>
</book>
<book>
	<filename>bychkova_elena/bychkova_elena_cnezhnyi_tigr.fb2.zip</filename>
	<title>Бычкова Елена. Cнежный тигр</title>
</book>
<book>
	<filename>bychkova_elena/bychkova_elena_rubin_karashyehra.fb2.zip</filename>
	<title>Бычкова Елена. Рубин Карашэхра</title>
</book>
<book>
	<filename>bychkova_elena/bychkova_elena_zalozhniki_sveta.fb2.zip</filename>
	<title>Бычкова Елена. Заложники Света</title>
</book>
<book>
	<filename>bychkov_viktor/bychkov_viktor_yestetika.fb2.zip</filename>
	<title>Бычков Виктор Васильевич. Эстетика</title>
</book>
<book>
	<filename>byegli_desmond/byegli_desmond_beg_vslepuyu.fb2.zip</filename>
	<title>Бэгли Десмонд. Бег вслепую</title>
</book>
<book>
	<filename>byegli_desmond/byegli_desmond_kanatohodec.fb2.zip</filename>
	<title>Бэгли Десмонд. Канатоходец</title>
</book>
<book>
	<filename>byegli_desmond/byegli_desmond_opolzen.fb2.zip</filename>
	<title>Бэгли Десмонд. Оползень</title>
</book>
<book>
	<filename>byegli_desmond/byegli_desmond_pari_dlya_prostakov.fb2.zip</filename>
	<title>Бэгли Десмонд. Пари для простаков</title>
</book>
<book>
	<filename>byegli_desmond/byegli_desmond_pismo_vivero.fb2.zip</filename>
	<title>Бэгли Десмонд. Письмо Виверо</title>
</book>
<book>
	<filename>byegli_desmond/byegli_desmond_tigr_snegov.fb2.zip</filename>
	<title>Бэгли Десмонд. Тигр снегов</title>
</book>
<book>
	<filename>byegli_desmond/byegli_desmond_uragan_uaietta.fb2.zip</filename>
	<title>Бэгли Десмонд. Ураган Уайетта</title>
</book>
<book>
	<filename>byegli_desmond/byegli_desmond_vysokaya_citadel.fb2.zip</filename>
	<title>Бэгли Десмонд. Высокая цитадель</title>
</book>
<book>
	<filename>byegli_desmond/byegli_desmond_zapadnya_svobody.fb2.zip</filename>
	<title>Бэгли Десмонд. Западня свободы</title>
</book>
<book>
	<filename>byegli_desmond/byegli_desmond_zolotoi_kil.fb2.zip</filename>
	<title>Бэгли Десмонд. Золотой киль</title>
</book>
<book>
	<filename>byegli_dyesmond/byegli_dyesmond_zolotoi_kil.fb2.zip</filename>
	<title>Бэгли Дэсмонд. Золотой киль</title>
</book>
<book>
	<filename>byegshou_luiza/byegshou_luiza_ditya_ponedelnika.fb2.zip</filename>
	<title>Бэгшоу Луиза. Дитя понедельника</title>
</book>
<book>
	<filename>byegshou_luiza/byegshou_luiza_fabrika_grez.fb2.zip</filename>
	<title>Бэгшоу Луиза. Фабрика грез</title>
</book>
<book>
	<filename>byegshou_luiza/byegshou_luiza_vysokie_maki.fb2.zip</filename>
	<title>Бэгшоу Луиза. Высокие маки</title>
</book>
<book>
	<filename>byeguyell_stella/byeguyell_stella_na_perekrestke_sudby.fb2.zip</filename>
	<title>Бэгуэлл Стелла. На перекрестке судьбы</title>
</book>
<book>
	<filename>byeguyell_stella/byeguyell_stella_pobezhdennye_lyubovyu.fb2.zip</filename>
	<title>Бэгуэлл Стелла. Побежденные любовью</title>
</book>
<book>
	<filename>byeguyell_stella/byeguyell_stella_tainoe_stanovitsya_yavnym.fb2.zip</filename>
	<title>Бэгуэлл Стелла. Тайное становится явным</title>
</book>
<book>
	<filename>byeili_yelizabet/byeili_yelizabet_mozaika_vospominanii.fb2.zip</filename>
	<title>Бэйли Элизабет. Мозаика воспоминаний</title>
</book>
<book>
	<filename>byeili_yelizabet/byeili_yelizabet_radi_druzhby.fb2.zip</filename>
	<title>Бэйли Элизабет. Ради дружбы</title>
</book>
<book>
	<filename>byeili_yelizabet/byeili_yelizabet_tainstvennyi_graf.fb2.zip</filename>
	<title>Бэйли Элизабет. Таинственный граф</title>
</book>
<book>
	<filename>byeilz_donni/byeilz_donni_professionalnye_priemy_vozhdeniya_krossovogo_motocikla_i_yenduro.fb2.zip</filename>
	<title>Бэйлз Донни. Профессиональные приемы вождения кроссового мотоцикла и эндуро</title>
</book>
<book>
	<filename>byeis_ronda/byeis_ronda_kto_by_mog_podumat.fb2.zip</filename>
	<title>Бэйс Ронда. Кто бы мог подумать</title>
</book>
<book>
	<filename>byekker_r_skott/byekker_r_skott_slugi_temnogo_vlastelina.fb2.zip</filename>
	<title>Бэккер Р. Скотт. Слуги Темного Властелина</title>
</book>
<book>
	<filename>byekker_r_skott/byekker_r_skott_voin_krovavyh_vremen.fb2.zip</filename>
	<title>Бэккер Р. Скотт. Воин кровавых времен</title>
</book>
<book>
	<filename>byelou_myeri/byelou_myeri_besputnyi_povesa.fb2.zip</filename>
	<title>Бэлоу Мэри. Беспутный повеса</title>
</book>
<book>
	<filename>byelou_myeri/byelou_myeri_besserdechnyi.fb2.zip</filename>
	<title>Бэлоу Мэри. Бессердечный</title>
</book>
<book>
	<filename>byelou_myeri/byelou_myeri_bolshe_chem_lyubovnica.fb2.zip</filename>
	<title>Бэлоу Мэри. Больше, чем любовница</title>
</book>
<book>
	<filename>byelou_myeri/byelou_myeri_fiktivnaya_pomolvka.fb2.zip</filename>
	<title>Бэлоу Мэри. Фиктивная помолвка</title>
</book>
<book>
	<filename>byelou_myeri/byelou_myeri_idealnyi_brak.fb2.zip</filename>
	<title>Бэлоу Мэри. Идеальный брак</title>
</book>
<book>
	<filename>byelou_myeri/byelou_myeri_iskusnaya_v_lyubvi.fb2.zip</filename>
	<title>Бэлоу Мэри. Искусная в любви</title>
</book>
<book>
	<filename>byelou_myeri/byelou_myeri_ledi_s_chernym_zontikom.fb2.zip</filename>
	<title>Бэлоу Мэри. Леди с черным зонтиком</title>
</book>
<book>
	<filename>byelou_myeri/byelou_myeri_lyubovnaya_sonata.fb2.zip</filename>
	<title>Бэлоу Мэри. Любовная соната</title>
</book>
<book>
	<filename>byelou_myeri/byelou_myeri_lyubyashee_serdce.fb2.zip</filename>
	<title>Бэлоу Мэри. Любящее сердце</title>
</book>
<book>
	<filename>byelou_myeri/byelou_myeri_melodiya_dushi.fb2.zip</filename>
	<title>Бэлоу Мэри. Мелодия души</title>
</book>
<book>
	<filename>byelou_myeri/byelou_myeri_nadmennaya_krasavica.fb2.zip</filename>
	<title>Бэлоу Мэри. Надменная красавица</title>
</book>
<book>
	<filename>byelou_myeri/byelou_myeri_nakonec_prishla_lyubov.fb2.zip</filename>
	<title>Бэлоу Мэри. Наконец пришла любовь</title>
</book>
<book>
	<filename>byelou_myeri/byelou_myeri_naperekor_sudbe.fb2.zip</filename>
	<title>Бэлоу Мэри. Наперекор судьбе</title>
</book>
<book>
	<filename>byelou_myeri/byelou_myeri_nastoyashaya_lyubov.fb2.zip</filename>
	<title>Бэлоу Мэри. Настоящая любовь</title>
</book>
<book>
	<filename>byelou_myeri/byelou_myeri_nemnogo_greshnyi.fb2.zip</filename>
	<title>Бэлоу Мэри. Немного грешный</title>
</book>
<book>
	<filename>byelou_myeri/byelou_myeri_nemnogo_opasnyi.fb2.zip</filename>
	<title>Бэлоу Мэри. Немного опасный</title>
</book>
<book>
	<filename>byelou_myeri/byelou_myeri_nemnogo_porochnyi.fb2.zip</filename>
	<title>Бэлоу Мэри. Немного порочный</title>
</book>
<book>
	<filename>byelou_myeri/byelou_myeri_nemnogo_skandalnyi.fb2.zip</filename>
	<title>Бэлоу Мэри. Немного скандальный</title>
</book>
<book>
	<filename>byelou_myeri/byelou_myeri_nemnogo_soblaznennaya.fb2.zip</filename>
	<title>Бэлоу Мэри. Немного соблазненная</title>
</book>
<book>
	<filename>byelou_myeri/byelou_myeri_nemnogo_volshebstva.fb2.zip</filename>
	<title>Бэлоу Мэри. Немного волшебства</title>
</book>
<book>
	<filename>byelou_myeri/byelou_myeri_nemnogo_zhenatyi.fb2.zip</filename>
	<title>Бэлоу Мэри. Немного женатый</title>
</book>
<book>
	<filename>byelou_myeri/byelou_myeri_neotrazimyi.fb2.zip</filename>
	<title>Бэлоу Мэри. Неотразимый</title>
</book>
<book>
	<filename>byelou_myeri/byelou_myeri_ne_ustoyat_pered_soblaznom.fb2.zip</filename>
	<title>Бэлоу Мэри. Не устоять перед соблазном</title>
</book>
<book>
	<filename>byelou_myeri/byelou_myeri_nevesta_lorda_kyeryu.fb2.zip</filename>
	<title>Бэлоу Мэри. Невеста лорда Кэрью</title>
</book>
<book>
	<filename>byelou_myeri/byelou_myeri_nezabyvaemoe_leto.fb2.zip</filename>
	<title>Бэлоу Мэри. Незабываемое лето</title>
</book>
<book>
	<filename>byelou_myeri/byelou_myeri_noch_dlya_lyubvi.fb2.zip</filename>
	<title>Бэлоу Мэри. Ночь для любви</title>
</book>
<book>
	<filename>byelou_myeri/byelou_myeri_obeshanie_vesny.fb2.zip</filename>
	<title>Бэлоу Мэри. Обещание весны</title>
</book>
<book>
	<filename>byelou_myeri/byelou_myeri_podari_mne_vse_rassvety.fb2.zip</filename>
	<title>Бэлоу Мэри. Подари мне все рассветы</title>
</book>
<book>
	<filename>byelou_myeri/byelou_myeri_pohititel_snov.fb2.zip</filename>
	<title>Бэлоу Мэри. Похититель снов</title>
</book>
<book>
	<filename>byelou_myeri/byelou_myeri_pover_svoemu_serdcu.fb2.zip</filename>
	<title>Бэлоу Мэри. Поверь своему сердцу</title>
</book>
<book>
	<filename>byelou_myeri/byelou_myeri_prosti_lyubimaya.fb2.zip</filename>
	<title>Бэлоу Мэри. Прости, любимая</title>
</book>
<book>
	<filename>byelou_myeri/byelou_myeri_prosto_nezabyvaemaya.fb2.zip</filename>
	<title>Бэлоу Мэри. Просто незабываемая</title>
</book>
<book>
	<filename>byelou_myeri/byelou_myeri_prosto_sovershenstvo.fb2.zip</filename>
	<title>Бэлоу Мэри. Просто совершенство</title>
</book>
<book>
	<filename>byelou_myeri/byelou_myeri_prosto_volshebstvo.fb2.zip</filename>
	<title>Бэлоу Мэри. Просто волшебство</title>
</book>
<book>
	<filename>byelou_myeri/byelou_myeri_rasputnik.fb2.zip</filename>
	<title>Бэлоу Мэри. Распутник</title>
</book>
<book>
	<filename>byelou_myeri/byelou_myeri_rozhdestvenskoe_obeshanie.fb2.zip</filename>
	<title>Бэлоу Мэри. Рождественское обещание</title>
</book>
<book>
	<filename>byelou_myeri/byelou_myeri_schastlivyi_syurpriz.fb2.zip</filename>
	<title>Бэлоу Мэри. Счастливый сюрприз</title>
</book>
<book>
	<filename>byelou_myeri/byelou_myeri_seti_lyubvi.fb2.zip</filename>
	<title>Бэлоу Мэри. Сети любви</title>
</book>
<book>
	<filename>byelou_myeri/byelou_myeri_seti_soblazna.fb2.zip</filename>
	<title>Бэлоу Мэри. Сети соблазна</title>
</book>
<book>
	<filename>byelou_myeri/byelou_myeri_shlyapka_s_peryami.fb2.zip</filename>
	<title>Бэлоу Мэри. Шляпка с перьями</title>
</book>
<book>
	<filename>byelou_myeri/byelou_myeri_smyatenie_chuvstv.fb2.zip</filename>
	<title>Бэлоу Мэри. Смятение чувств</title>
</book>
<book>
	<filename>byelou_myeri/byelou_myeri_snachala_svadba.fb2.zip</filename>
	<title>Бэлоу Мэри. Сначала свадьба</title>
</book>
<book>
	<filename>byelou_myeri/byelou_myeri_snezhnyi_angel.fb2.zip</filename>
	<title>Бэлоу Мэри. Снежный ангел</title>
</book>
<book>
	<filename>byelou_myeri/byelou_myeri_soblaznitelnyi_angel.fb2.zip</filename>
	<title>Бэлоу Мэри. Соблазнительный ангел</title>
</book>
<book>
	<filename>byelou_myeri/byelou_myeri_svet_pervoi_lyubvi.fb2.zip</filename>
	<title>Бэлоу Мэри. Свет первой любви</title>
</book>
<book>
	<filename>byelou_myeri/byelou_myeri_syurpriz_na_rozhdestvo.fb2.zip</filename>
	<title>Бэлоу Мэри. Сюрприз на Рождество</title>
</book>
<book>
	<filename>byelou_myeri/byelou_myeri_tainaya_zhemchuzhina.fb2.zip</filename>
	<title>Бэлоу Мэри. Тайная жемчужина</title>
</book>
<book>
	<filename>byelou_myeri/byelou_myeri_uhazhivaya_za_dzhuliei.fb2.zip</filename>
	<title>Бэлоу Мэри. Ухаживая за Джулией</title>
</book>
<book>
	<filename>byelou_myeri/byelou_myeri_veryu_v_lyubov.fb2.zip</filename>
	<title>Бэлоу Мэри. Верю в любовь</title>
</book>
<book>
	<filename>byelou_myeri/byelou_myeri_volshebnaya_noch.fb2.zip</filename>
	<title>Бэлоу Мэри. Волшебная ночь</title>
</book>
<book>
	<filename>byelou_myeri/byelou_myeri_zagadochnaya_ledi.fb2.zip</filename>
	<title>Бэлоу Мэри. Загадочная леди</title>
</book>
<book>
	<filename>byelou_myeri/byelou_myeri_zhena_na_vremya.fb2.zip</filename>
	<title>Бэлоу Мэри. Жена на время</title>
</book>
<book>
	<filename>byelou_myeri/byelou_myeri_znamenitaya_geroinya.fb2.zip</filename>
	<title>Бэлоу Мэри. Знаменитая героиня</title>
</book>
<book>
	<filename>byelou_myeri/byelou_myeri_zolotaya_set.fb2.zip</filename>
	<title>Бэлоу Мэри. Золотая сеть</title>
</book>
<book>
	<filename>byenis_viktor/byenis_viktor_krovavaya_luna.fb2.zip</filename>
	<title>Бэнис Виктор Дж. Кровавая луна</title>
</book>
<book>
	<filename>byenis_viktor/byenis_viktor_teni.fb2.zip</filename>
	<title>Бэнис Виктор Дж. Тени</title>
</book>
<book>
	<filename>byenk_melissa/byenk_melissa_rukovodstvo_dlya_devushek_po_ohote_i_rybnoi_lovle.fb2.zip</filename>
	<title>Бэнк Мелисса. Руководство для девушек по охоте и рыбной ловле</title>
</book>
<book>
	<filename>byenks_iyen/byenks_iyen_biznes.fb2.zip</filename>
	<title>Бэнкс Иэн. Бизнес</title>
</book>
<book>
	<filename>byenks_iyen/byenks_iyen_most.fb2.zip</filename>
	<title>Бэнкс Иэн. Мост</title>
</book>
<book>
	<filename>byenks_iyen/byenks_iyen_osinaya_fabrika.fb2.zip</filename>
	<title>Бэнкс Иэн. Осиная фабрика</title>
</book>
<book>
	<filename>byenks_iyen/byenks_iyen_pesn_kamnya.fb2.zip</filename>
	<title>Бэнкс Иэн. Песнь камня</title>
</book>
<book>
	<filename>byenks_iyen/byenks_iyen_ulica_otchayaniya.fb2.zip</filename>
	<title>Бэнкс Иэн. Улица отчаяния</title>
</book>
<book>
	<filename>byenks_iyen/byenks_iyen_voronya_doroga.fb2.zip</filename>
	<title>Бэнкс Иэн. Воронья дорога</title>
</book>
<book>
	<filename>byenks_iyen/byenks_iyen_vspomni_o_flebe.fb2.zip</filename>
	<title>Бэнкс Иэн. Вспомни о Флебе</title>
</book>
<book>
	<filename>byenks_iyen/byenks_iyen_vybor_oruzhiya.fb2.zip</filename>
	<title>Бэнкс Иэн. Выбор оружия</title>
</book>
<book>
	<filename>byenks_la/byenks_la_minon.fb2.zip</filename>
	<title>Бэнкс Л.А. Миньон</title>
</book>
<book>
	<filename>byenks_lianna/byenks_lianna_bolshe_chem_lyubovnica.fb2.zip</filename>
	<title>Бэнкс Лианна. Больше, чем любовница</title>
</book>
<book>
	<filename>byenks_lianna/byenks_lianna_cvetochnyi_perepoloh.fb2.zip</filename>
	<title>Бэнкс Лианна. Цветочный переполох</title>
</book>
<book>
	<filename>byenks_lianna/byenks_lianna_zolotoe_serdce.fb2.zip</filename>
	<title>Бэнкс Лианна. Золотое сердце</title>
</book>
<book>
	<filename>byennet_marsi/byennet_marsi_bes_poputal.fb2.zip</filename>
	<title>Бэннет Марси. Бес попутал</title>
</book>
<book>
	<filename>byennet_marsi/byennet_marsi_moi_muzhchina.fb2.zip</filename>
	<title>Бэннет Марси. Мой мужчина</title>
</book>
<book>
	<filename>byennet_marsi/byennet_marsi_negasimoe_plamya.fb2.zip</filename>
	<title>Бэннет Марси. Негасимое пламя</title>
</book>
<book>
	<filename>byennet_marsi/byennet_marsi_opalnaya_strast.fb2.zip</filename>
	<title>Бэннет Марси. Опальная страсть</title>
</book>
<book>
	<filename>byennet_marsi/byennet_marsi_schaste_naidet_tebya.fb2.zip</filename>
	<title>Бэннет Марси. Счастье найдет тебя</title>
</book>
<book>
	<filename>byennet_marsi/byennet_marsi_strast_i_nezhnost.fb2.zip</filename>
	<title>Бэннет Марси. Страсть и нежность</title>
</book>
<book>
	<filename>byennet_marsi/byennet_marsi_venchalnaya_svecha.fb2.zip</filename>
	<title>Бэннет Марси. Венчальная свеча</title>
</book>
<book>
	<filename>byenvill_dzhon/byenvill_dzhon_uliki.fb2.zip</filename>
	<title>Бэнвилл Джон. Улики</title>
</book>
<book>
	<filename>byenvill_dzhon/byenvill_dzhon_zatmenie.fb2.zip</filename>
	<title>Бэнвилл Джон. Затмение</title>
</book>
<book>
	<filename>byerbor_yenn/byerbor_yenn_kuzina_dzhein.fb2.zip</filename>
	<title>Бэрбор Энн. Кузина Джейн</title>
</book>
<book>
	<filename>byerbor_yenn/byerbor_yenn_shag_vo_vremeni.fb2.zip</filename>
	<title>Бэрбор Энн. Шаг во времени</title>
</book>
<book>
	<filename>byerbor_yenn/byerbor_yenn_vernut_proshloe.fb2.zip</filename>
	<title>Бэрбор Энн. Вернуть прошлое</title>
</book>
<book>
	<filename>byerbor_yenn/byerbor_yenn_vozvrashenie_lorda_glenreivena.fb2.zip</filename>
	<title>Бэрбор Энн. Возвращение лорда Гленрейвена</title>
</book>
<book>
	<filename>byerd_yelison/byerd_yelison_kamen_zvezd.fb2.zip</filename>
	<title>Бэрд Элисон. Камень звезд</title>
</book>
<book>
	<filename>byerd_zhaklin/byerd_zhaklin_devushka_s_zelenymi_glazami.fb2.zip</filename>
	<title>Бэрд Жаклин. Девушка с зелеными глазами</title>
</book>
<book>
	<filename>byerd_zhaklin/byerd_zhaklin_lyubi_menya.fb2.zip</filename>
	<title>Бэрд Жаклин. Люби меня!</title>
</book>
<book>
	<filename>byerd_zhaklin/byerd_zhaklin_moi_italyanec.fb2.zip</filename>
	<title>Бэрд Жаклин. Мой итальянец</title>
</book>
<book>
	<filename>byerd_zhaklin/byerd_zhaklin_na_vseh_parusah.fb2.zip</filename>
	<title>Бэрд Жаклин. На всех парусах</title>
</book>
<book>
	<filename>byerd_zhaklin/byerd_zhaklin_nepristoinoe_predlozhenie.fb2.zip</filename>
	<title>Бэрд Жаклин. Непристойное предложение</title>
</book>
<book>
	<filename>byerd_zhaklin/byerd_zhaklin_nesgovorchivaya_nevesta.fb2.zip</filename>
	<title>Бэрд Жаклин. Несговорчивая невеста</title>
</book>
<book>
	<filename>byerd_zhaklin/byerd_zhaklin_pohititelnica_almazov.fb2.zip</filename>
	<title>Бэрд Жаклин. Похитительница алмазов</title>
</book>
<book>
	<filename>byerd_zhaklin/byerd_zhaklin_porochnaya_strast.fb2.zip</filename>
	<title>Бэрд Жаклин. Порочная страсть</title>
</book>
<book>
	<filename>byerd_zhaklin/byerd_zhaklin_steklyannaya_orhideya.fb2.zip</filename>
	<title>Бэрд Жаклин. Стеклянная орхидея</title>
</book>
<book>
	<filename>byerd_zhaklin/byerd_zhaklin_strast_s_povinnoi.fb2.zip</filename>
	<title>Бэрд Жаклин. Страсть с повинной</title>
</book>
<book>
	<filename>byerd_zhaklin/byerd_zhaklin_u_tebya_net_vyhoda_dorogaya.fb2.zip</filename>
	<title>Бэрд Жаклин. У тебя нет выхода, дорогая</title>
</book>
<book>
	<filename>byerd_zhaklin/byerd_zhaklin_yuvelirnaya_rabota.fb2.zip</filename>
	<title>Бэрд Жаклин. Ювелирная работа</title>
</book>
<book>
	<filename>byern_dzhuliya/byern_dzhuliya_nevesta_reivensdena.fb2.zip</filename>
	<title>Бэрн Джулия. Невеста Рейвенсдена</title>
</book>
<book>
	<filename>byerron_leona/byerron_leona_strastnoe_vlechenie.fb2.zip</filename>
	<title>Бэррон Леона. Страстное влечение</title>
</book>
<book>
	<filename>byesso_adrienna/byesso_adrienna_povtornyi_brak.fb2.zip</filename>
	<title>Бэссо Адриенна. Повторный брак</title>
</book>
<book>
	<filename>byesso_adrienna/byesso_adrienna_v_setyah_lyubvi.fb2.zip</filename>
	<title>Бэссо Адриенна. В сетях любви</title>
</book>
<book>
	<filename>bykov_aleksandr/bykov_aleksandr_stylyi_veter.fb2.zip</filename>
	<title>Быков Александр. Стылый ветер</title>
</book>
<book>
	<filename>bykov_aleksandr/bykov_aleksandr_yepoha_kulikovskoi_bitvy.fb2.zip</filename>
	<title>Быков Александр Владимирович. Эпоха Куликовской битвы</title>
</book>
<book>
	<filename>bykov_dmitrii/bykov_dmitrii_kak_putin_stal_prezidentom_ssha_novye_russkie_skazki.fb2.zip</filename>
	<title>Быков Дмитрий Львович. Как Путин стал президентом США: новые русские сказки</title>
</book>
<book>
	<filename>bykov_dmitrii/bykov_dmitrii_opravdanie.fb2.zip</filename>
	<title>Быков Дмитрий. Оправдание</title>
</book>
<book>
	<filename>bykov_dmitrii/bykov_dmitrii_orfografiya.fb2.zip</filename>
	<title>Быков Дмитрий. Орфография</title>
</book>
<book>
	<filename>bykov_dmitrii/bykov_dmitrii_yevakuator.fb2.zip</filename>
	<title>Быков Дмитрий. Эвакуатор</title>
</book>
<book>
	<filename>bykov_dmitrii/bykov_dmitrii_zhd.fb2.zip</filename>
	<title>Быков Дмитрий. ЖД</title>
</book>
<book>
	<filename>bykov_vasil/bykov_vasil_alpiiskaya_ballada.fb2.zip</filename>
	<title>Быков Василь. Альпийская баллада</title>
</book>
<book>
	<filename>bykov_vasil/bykov_vasil_bednye_lyudi.fb2.zip</filename>
	<title>Быков Василь. Бедные люди</title>
</book>
<book>
	<filename>bykov_vasil/bykov_vasil_boloto.fb2.zip</filename>
	<title>Быков Василь. Болото</title>
</book>
<book>
	<filename>bykov_vasil/bykov_vasil_dozhit_do_rassveta.fb2.zip</filename>
	<title>Быков Василь. Дожить до рассвета</title>
</book>
<book>
	<filename>bykov_vasil/bykov_vasil_ego_batalon.fb2.zip</filename>
	<title>Быков Василь. Его батальон</title>
</book>
<book>
	<filename>bykov_vasil/bykov_vasil_frontovaya_stranica.fb2.zip</filename>
	<title>Быков Василь. Фронтовая страница</title>
</book>
<book>
	<filename>bykov_vasil/bykov_vasil_karer.fb2.zip</filename>
	<title>Быков Василь. Карьер</title>
</book>
<book>
	<filename>bykov_vasil/bykov_vasil_katastrofa.fb2.zip</filename>
	<title>Быков Василь. Катастрофа</title>
</book>
<book>
	<filename>bykov_vasil/bykov_vasil_katyusha.fb2.zip</filename>
	<title>Быков Василь. «Катюша»</title>
</book>
<book>
	<filename>bykov_vasil/bykov_vasil_kolokola_hatyni.fb2.zip</filename>
	<title>Быков Василь. Колокола Хатыни</title>
</book>
<book>
	<filename>bykov_vasil/bykov_vasil_korotkaya_pesnya.fb2.zip</filename>
	<title>Быков Василь. Короткая песня</title>
</book>
<book>
	<filename>bykov_vasil/bykov_vasil_kruglyanskii_most.fb2.zip</filename>
	<title>Быков Василь. Круглянский мост</title>
</book>
<book>
	<filename>bykov_vasil/bykov_vasil_krutoi_bereg_reki.fb2.zip</filename>
	<title>Быков Василь. Крутой берег реки</title>
</book>
<book>
	<filename>bykov_vasil/bykov_vasil_malenkii_krasnyi_cvetochek.fb2.zip</filename>
	<title>Быков Василь. Маленький красный цветочек</title>
</book>
<book>
	<filename>bykov_vasil/bykov_vasil_na_bolotnoi_stezhke.fb2.zip</filename>
	<title>Быков Василь. На болотной стежке</title>
</book>
<book>
	<filename>bykov_vasil/bykov_vasil_narodnye_mstiteli.fb2.zip</filename>
	<title>Быков Василь. Народные мстители</title>
</book>
<book>
	<filename>bykov_vasil/bykov_vasil_obelisk.fb2.zip</filename>
	<title>Быков Василь. Обелиск</title>
</book>
<book>
	<filename>bykov_vasil/bykov_vasil_odna_noch.fb2.zip</filename>
	<title>Быков Василь. Одна ночь</title>
</book>
<book>
	<filename>bykov_vasil/bykov_vasil_pashalnoe_yaichko.fb2.zip</filename>
	<title>Быков Василь. Пасхальное яичко</title>
</book>
<book>
	<filename>bykov_vasil/bykov_vasil_poiti_i_ne_vernutsya.fb2.zip</filename>
	<title>Быков Василь. Пойти и не вернуться</title>
</book>
<book>
	<filename>bykov_vasil/bykov_vasil_politruk_kolomiec.fb2.zip</filename>
	<title>Быков Василь. Политрук Коломиец</title>
</book>
<book>
	<filename>bykov_vasil/bykov_vasil_polkovodec.fb2.zip</filename>
	<title>Быков Василь. Полководец</title>
</book>
<book>
	<filename>bykov_vasil/bykov_vasil_publicistika.fb2.zip</filename>
	<title>Быков Василь. Публицистика</title>
</book>
<book>
	<filename>bykov_vasil/bykov_vasil_sotnikov.fb2.zip</filename>
	<title>Быков Василь. Сотников</title>
</book>
<book>
	<filename>bykov_vasil/bykov_vasil_svoyaki.fb2.zip</filename>
	<title>Быков Василь. Свояки</title>
</book>
<book>
	<filename>bykov_vasil/bykov_vasil_tretya_raketa.fb2.zip</filename>
	<title>Быков Василь. Третья ракета</title>
</book>
<book>
	<filename>bykov_vasil/bykov_vasil_truba.fb2.zip</filename>
	<title>Быков Василь. Труба</title>
</book>
<book>
	<filename>bykov_vasil/bykov_vasil_utro_vechera_mudrenee.fb2.zip</filename>
	<title>Быков Василь. Утро вечера мудренее</title>
</book>
<book>
	<filename>bykov_vasil/bykov_vasil_volchya_staya.fb2.zip</filename>
	<title>Быков Василь. Волчья стая</title>
</book>
<book>
	<filename>bykov_vasil/bykov_vasil_v_tumane.fb2.zip</filename>
	<title>Быков Василь. В тумане</title>
</book>
<book>
	<filename>bykov_vasil/bykov_vasil_yestafeta.fb2.zip</filename>
	<title>Быков Василь. Эстафета</title>
</book>
<book>
	<filename>bykov_vasil/bykov_vasil_zapadnya.fb2.zip</filename>
	<title>Быков Василь. Западня</title>
</book>
<book>
	<filename>bykov_vasil/bykov_vasil_zenitchica.fb2.zip</filename>
	<title>Быков Василь. Зенитчица</title>
</book>
<book>
	<filename>bykov_vasil/bykov_vasil_zheltyi_pesochek.fb2.zip</filename>
	<title>Быков Василь. Желтый песочек</title>
</book>
<book>
	<filename>bykov_vasil/bykov_vasil_zhuravlinyi_krik.fb2.zip</filename>
	<title>Быков Василь. Журавлиный крик</title>
</book>
<book>
	<filename>bykov_vasil/bykov_vasil_znak_bedy.fb2.zip</filename>
	<title>Быков Василь. Знак беды</title>
</book>
<book>
	<filename>bykov_vasilii/bykov_vasilii_alpiiskaya_ballada.fb2.zip</filename>
	<title>Быков Василий Владимирович. Альпийская баллада</title>
</book>
<book>
	<filename>bykov_vasilii/bykov_vasilii_boloto.fb2.zip</filename>
	<title>Быков Василий Владимирович. Болото</title>
</book>
<book>
	<filename>bykov_vasilii/bykov_vasilii_frontovaya_stranica.fb2.zip</filename>
	<title>Быков Василий Владимирович. Фронтовая страница</title>
</book>
<book>
	<filename>bykov_vasilii/bykov_vasilii_krutoi_bereg_reki.fb2.zip</filename>
	<title>Быков Василий Владимирович. Крутой берег реки</title>
</book>
<book>
	<filename>bykov_vasilii/bykov_vasilii_na_bolotnoi_stezhke.fb2.zip</filename>
	<title>Быков Василий Владимирович. На болотной стежке</title>
</book>
<book>
	<filename>bykov_vasilii/bykov_vasilii_odna_noch.fb2.zip</filename>
	<title>Быков Василий Владимирович. Одна ночь</title>
</book>
<book>
	<filename>bykov_vasilii/bykov_vasilii_publicistika.fb2.zip</filename>
	<title>Быков Василий Владимирович. Публицистика</title>
</book>
<book>
	<filename>bykov_vasilii/bykov_vasilii_svoyaki.fb2.zip</filename>
	<title>Быков Василий Владимирович. Свояки</title>
</book>
<book>
	<filename>bykov_vasilii/bykov_vasilii_tretya_raketa.fb2.zip</filename>
	<title>Быков Василий Владимирович. Третья ракета</title>
</book>
<book>
	<filename>bykov_vasilii/bykov_vasilii_utro_vechera_mudrenee.fb2.zip</filename>
	<title>Быков Василий Владимирович. Утро вечера мудренее</title>
</book>
<book>
	<filename>bykov_vasilii/bykov_vasilii_volchya_staya.fb2.zip</filename>
	<title>Быков Василий Владимирович. Волчья стая</title>
</book>
<book>
	<filename>bykov_vasilii/bykov_vasilii_yestafeta.fb2.zip</filename>
	<title>Быков Василий Владимирович. Эстафета</title>
</book>
<book>
	<filename>bykov_vasilii/bykov_vasilii_zapadnya.fb2.zip</filename>
	<title>Быков Василий Владимирович. Западня</title>
</book>

</books>

