<?xml version="1.0" encoding="UTF-8" ?>
<books>
<book>
	<filename>beknel_reksana/beknel_reksana_brak_po_lyubvi.fb2.zip</filename>
	<title>Бекнел Рексана. Брак по любви</title>
</book>
<book>
	<filename>beknel_reksana/beknel_reksana_cvetok_strasti.fb2.zip</filename>
	<title>Бекнел Рексана. Цветок страсти</title>
</book>
<book>
	<filename>beknel_reksana/beknel_reksana_moi_galantnyi_vrag.fb2.zip</filename>
	<title>Бекнел Рексана. Мой галантный враг</title>
</book>
<book>
	<filename>beknel_reksana/beknel_reksana_neporochnaya_greshnica.fb2.zip</filename>
	<title>Бекнел Рексана. Непорочная грешница</title>
</book>
<book>
	<filename>beknel_reksana/beknel_reksana_nochnaya_golubka.fb2.zip</filename>
	<title>Бекнел Рексана. Ночная голубка</title>
</book>
<book>
	<filename>beknel_reksana/beknel_reksana_opasnosti_lyubvi.fb2.zip</filename>
	<title>Бекнел Рексана. Опасности любви</title>
</book>
<book>
	<filename>beknel_reksana/beknel_reksana_roza_chernogo_mecha.fb2.zip</filename>
	<title>Бекнел Рексана. Роза Черного Меча</title>
</book>
<book>
	<filename>beknel_reksana/beknel_reksana_ukradennaya_lyubov.fb2.zip</filename>
	<title>Бекнел Рексана. Украденная любовь</title>
</book>
<book>
	<filename>beknel_reksana/beknel_reksana_valliiskaya_koldunya.fb2.zip</filename>
	<title>Бекнел Рексана. Валлийская колдунья</title>
</book>
<book>
	<filename>beknel_reksana/beknel_reksana_vspyshka_molnii.fb2.zip</filename>
	<title>Бекнел Рексана. Вспышка молнии</title>
</book>
<book>
	<filename>beknel_reksanna/beknel_reksanna_brak_po_lyubvi.fb2.zip</filename>
	<title>Бекнел Рексанна. Брак по любви</title>
</book>
<book>
	<filename>beknel_reksanna/beknel_reksanna_moi_galantnyi_vrag.fb2.zip</filename>
	<title>Бекнел Рексанна. Мой галантный враг</title>
</book>
<book>
	<filename>beknel_reksanna/beknel_reksanna_neporochnaya_greshnica.fb2.zip</filename>
	<title>Бекнел Рексанна. Непорочная грешница</title>
</book>
<book>
	<filename>beknel_reksanna/beknel_reksanna_nochnaya_golubka.fb2.zip</filename>
	<title>Бекнел Рексанна. Ночная голубка</title>
</book>
<book>
	<filename>beknel_reksanna/beknel_reksanna_roza_chernogo_mecha.fb2.zip</filename>
	<title>Бекнел Рексанна. Роза Черного Меча</title>
</book>
<book>
	<filename>beknel_reksanna/beknel_reksanna_ukradennaya_lyubov.fb2.zip</filename>
	<title>Бекнел Рексанна. Украденная любовь</title>
</book>
<book>
	<filename>beknel_reksanna/beknel_reksanna_valliiskaya_koldunya.fb2.zip</filename>
	<title>Бекнел Рексанна. Валлийская колдунья</title>
</book>
<book>
	<filename>beknel_reksanna/beknel_reksanna_vspyshka_molnii.fb2.zip</filename>
	<title>Бекнел Рексанна. Вспышка молнии</title>
</book>
<book>
	<filename>bektasheva_yuliya/bektasheva_yuliya_glaza_demonicy.fb2.zip</filename>
	<title>Бекташева Юлия. Глаза демоницы</title>
</book>
<book>
	<filename>bektasheva_yuliya/bektasheva_yuliya_vremya_vybirat.fb2.zip</filename>
	<title>Бекташева Юлия. Время выбирать</title>
</book>
<book>
	<filename>bekvit_garri/bekvit_garri_prodavaya_nezrimoe.fb2.zip</filename>
	<title>Беквит Гарри. Продавая незримое</title>
</book>
<book>
	<filename>beladi_laslo/beladi_laslo_stalin.fb2.zip</filename>
	<title>Белади Ласло. Сталин</title>
</book>
<book>
	<filename>belakovskii_oleg/belakovskii_oleg_yeti_nastoyashie_parni.fb2.zip</filename>
	<title>Белаковский Олег Маркович. Эти настоящие парни</title>
</book>
<book>
	<filename>belash_aleksandr/belash_aleksandr_golovastik.fb2.zip</filename>
	<title>Белаш Александр. Головастик</title>
</book>
<book>
	<filename>belash_aleksandr/belash_aleksandr_kapitan_udacha.fb2.zip</filename>
	<title>Белаш Александр Маркович. Капитан Удача</title>
</book>
<book>
	<filename>belash_aleksandr/belash_aleksandr_kibervozhd.fb2.zip</filename>
	<title>Белаш Александр. Кибер-вождь</title>
</book>
<book>
	<filename>belash_aleksandr/belash_aleksandr_krasnye_karliki.fb2.zip</filename>
	<title>Белаш Александр Маркович. Красные карлики</title>
</book>
<book>
	<filename>belash_aleksandr/belash_aleksandr_milyi_vanya.fb2.zip</filename>
	<title>Белаш Александр. Милый Ваня!</title>
</book>
<book>
	<filename>belash_aleksandr/belash_aleksandr_oborotni_kosmosa.fb2.zip</filename>
	<title>Белаш Александр Маркович. Оборотни космоса</title>
</book>
<book>
	<filename>belash_aleksandr/belash_aleksandr_obryad.fb2.zip</filename>
	<title>Белаш Александр. Обряд</title>
</book>
<book>
	<filename>belash_aleksandr/belash_aleksandr_ogon_povsyudu.fb2.zip</filename>
	<title>Белаш Александр Маpкович. Огонь повсюду</title>
</book>
<book>
	<filename>belash_aleksandr/belash_aleksandr_ohota_na_belogo_olenya.fb2.zip</filename>
	<title>Белаш Александр. Охота на Белого Оленя</title>
</book>
<book>
	<filename>belash_aleksandr/belash_aleksandr_pesn_o_grotti.fb2.zip</filename>
	<title>Белаш Александр. Песнь о Гротти</title>
</book>
<book>
	<filename>belash_aleksandr/belash_aleksandr_poklonenie.fb2.zip</filename>
	<title>Белаш Александр. Поклонение</title>
</book>
<book>
	<filename>belash_aleksandr/belash_aleksandr_polet.fb2.zip</filename>
	<title>Белаш Александр. Полет</title>
</book>
<book>
	<filename>belash_aleksandr/belash_aleksandr_polet_yaica_cherez_dolinu.fb2.zip</filename>
	<title>Белаш Александр. Полет яйца через долину</title>
</book>
<book>
	<filename>belash_aleksandr/belash_aleksandr_portal.fb2.zip</filename>
	<title>Белаш Александр Маркович. Портал</title>
</book>
<book>
	<filename>belash_aleksandr/belash_aleksandr_robotymstiteli.fb2.zip</filename>
	<title>Белаш Александр. Роботы-мстители</title>
</book>
<book>
	<filename>belash_aleksandr/belash_aleksandr_voina_kukol.fb2.zip</filename>
	<title>Белаш Александр. Война кукол</title>
</book>
<book>
	<filename>belash_aleksandr/belash_aleksandr_voiny_syoguna_na_polyah_srazhenii.fb2.zip</filename>
	<title>Белаш Александр. Воины Сёгуна на полях сражений</title>
</book>
<book>
	<filename>belash_aleksandr/belash_aleksandr_vozvpashenie.fb2.zip</filename>
	<title>Белаш Александр. Возвpащение</title>
</book>
<book>
	<filename>belash_aleksandr/belash_aleksandr_vozvrashenie.fb2.zip</filename>
	<title>Белаш Александр Маркович. Возвращение</title>
</book>
<book>
	<filename>belash_aleksandr/belash_aleksandr_yeskort.fb2.zip</filename>
	<title>Белаш Александр. Эскорт</title>
</book>
<book>
	<filename>belash_aleksandr/belash_aleksandr_zakon_belogo_cheloveka.fb2.zip</filename>
	<title>Белаш Александр. Закон белого человека</title>
</book>
<book>
	<filename>belash_lyudmila/belash_lyudmila_kapitan_udacha.fb2.zip</filename>
	<title>Белаш Людмила. Капитан Удача</title>
</book>
<book>
	<filename>belash_lyudmila/belash_lyudmila_oborotni_kosmosa.fb2.zip</filename>
	<title>Белаш Людмила. Оборотни космоса</title>
</book>
<book>
	<filename>beleckaya_ekaterina/beleckaya_ekaterina_lovushka_dlya_syefes.fb2.zip</filename>
	<title>Белецкая Екатерина. Ловушка для Сэфес</title>
</book>
<book>
	<filename>beleckaya_ekaterina/beleckaya_ekaterina_narushiteli.fb2.zip</filename>
	<title>Белецкая Екатерина. Нарушители</title>
</book>
<book>
	<filename>belenkii_moisei/belenkii_moisei_spinoza.fb2.zip</filename>
	<title>Беленький Моисей Соломонович. Спиноза</title>
</book>
<book>
	<filename>belenkin_dmitrii/belenkin_dmitrii_sila_silnyh.fb2.zip</filename>
	<title>Беленкин Дмитрий. Сила сильных</title>
</book>
<book>
	<filename>belgarion_beren/belgarion_beren_teni_sumerek.fb2.zip</filename>
	<title>Белгарион Берен. Тени сумерек</title>
</book>
<book>
	<filename>belikov_s/belikov_s_britogolovye.fb2.zip</filename>
	<title>Беликов С. В. Бритоголовые</title>
</book>
<book>
	<filename>belkin_aron/belkin_aron_tretii_pol.fb2.zip</filename>
	<title>Белкин Арон Исаакович. Третий пол</title>
</book>
<book>
	<filename>belkin_sergei/belkin_sergei_beglecshou.fb2.zip</filename>
	<title>Белкин Сергей Николаевич. Беглец-Шоу</title>
</book>
<book>
	<filename>belkovskii_stanislav/belkovskii_stanislav_imperiya_vladimira_putina.fb2.zip</filename>
	<title>Белковский Станислав. Империя Владимира Путина</title>
</book>
<book>
	<filename>bellami_kyetrin/bellami_kyetrin_igry_professionalov.fb2.zip</filename>
	<title>Беллами Кэтрин. Игры профессионалов</title>
</book>
<book>
	<filename>bellami_kyetrin/bellami_kyetrin_leto_sekretov.fb2.zip</filename>
	<title>Беллами Кэтрин. Лето секретов</title>
</book>
<book>
	<filename>bellami_kyetrin/bellami_kyetrin_propavshee_kolco.fb2.zip</filename>
	<title>Беллами Кэтрин. Пропавшее кольцо</title>
</book>
<book>
	<filename>bellami_kyetrin/bellami_kyetrin_smeshannaya_para.fb2.zip</filename>
	<title>Беллами Кэтрин. Смешанная пара</title>
</book>
<book>
	<filename>bell_dzhozefina/bell_dzhozefina_legkaya_dobycha.fb2.zip</filename>
	<title>Белл Джозефина. Легкая добыча</title>
</book>
<book>
	<filename>bellendzher_rouz/bellendzher_rouz_voskresshaya_lyubov.fb2.zip</filename>
	<title>Белленджер Роуз. Воскресшая любовь</title>
</book>
<book>
	<filename>bellou_iren/bellou_iren_poimi_sebya.fb2.zip</filename>
	<title>Беллоу Ирен. Пойми себя</title>
</book>
<book>
	<filename>bellou_iren/bellou_iren_rozhdenie_lyubvi.fb2.zip</filename>
	<title>Беллоу Ирен. Рождение любви</title>
</book>
<book>
	<filename>bellou_iren/bellou_iren_zapretam_vopreki.fb2.zip</filename>
	<title>Беллоу Ирен. Запретам вопреки</title>
</book>
<book>
	<filename>bellou_sol/bellou_sol_dar_gumboldta.fb2.zip</filename>
	<title>Беллоу Сол. Дар Гумбольдта</title>
</book>
<book>
	<filename>bellou_sol/bellou_sol_gercog.fb2.zip</filename>
	<title>Беллоу Сол. Герцог</title>
</book>
<book>
	<filename>bellou_sol/bellou_sol_henderson_korol_dozhdya.fb2.zip</filename>
	<title>Беллоу Сол. Хендерсон, король дождя</title>
</book>
<book>
	<filename>bellou_sol/bellou_sol_memuary_mosbi.fb2.zip</filename>
	<title>Беллоу Сол. Мемуары Мосби</title>
</book>
<book>
	<filename>bellou_sol/bellou_sol_mezhdu_nebom_i_zemlei.fb2.zip</filename>
	<title>Беллоу Сол. Между небом и землей</title>
</book>
<book>
	<filename>bellou_sol/bellou_sol_na_pamyat_obo_mne.fb2.zip</filename>
	<title>Беллоу Сол. На память обо мне</title>
</book>
<book>
	<filename>bellou_sol/bellou_sol_planeta_mistera_syemmlera.fb2.zip</filename>
	<title>Беллоу Сол. Планета мистера Сэммлера</title>
</book>
<book>
	<filename>bellou_sol/bellou_sol_rodstvenniki.fb2.zip</filename>
	<title>Беллоу Сол. Родственники</title>
</book>
<book>
	<filename>bellou_sol/bellou_sol_serebryanoe_blyudo.fb2.zip</filename>
	<title>Беллоу Сол. Серебряное блюдо</title>
</book>
<book>
	<filename>bellou_sol/bellou_sol_v_svyazi_s_bellarozoi.fb2.zip</filename>
	<title>Беллоу Сол. В связи с Белларозой</title>
</book>
<book>
	<filename>bell_shein/bell_shein_baiki_iz_dvorca_dzhabby_hatta11_den_nepriyatnostei_istoriya_biba_fortuny.fb2.zip</filename>
	<title>Белл Шейн. Байки из дворца Джаббы Хатта-11: День неприятностей (История Биба Фортуны)</title>
</book>
<book>
	<filename>bell_zhadrien/bell_zhadrien_ad_999.fb2.zip</filename>
	<title>Белл Жадриен. A.D. 999</title>
</book>
<book>
	<filename>belmond_s/belmond_s_dovolno_miloe_nasledstvo.fb2.zip</filename>
	<title>Белмонд С. А. Довольно милое наследство</title>
</book>
<book>
	<filename>belo_adolf/belo_adolf_dve_zhenshiny.fb2.zip</filename>
	<title>Бело Адольф. Две женщины</title>
</book>
<book>
	<filename>belobrov_vladimir/belobrov_vladimir_amerikanskaya_tragediya_v_rossii.fb2.zip</filename>
	<title>Белобров Владимир Сергеевич. Американская трагедия в России</title>
</book>
<book>
	<filename>belobrov_vladimir/belobrov_vladimir_arap_petra_velikogo2.fb2.zip</filename>
	<title>Белобров Владимир. Арап Петра Великого-2</title>
</book>
<book>
	<filename>belobrov_vladimir/belobrov_vladimir_beseda_s_ushami.fb2.zip</filename>
	<title>Белобров Владимир. Беседа с ушами</title>
</book>
<book>
	<filename>belobrov_vladimir/belobrov_vladimir_gruz_vkzh65.fb2.zip</filename>
	<title>Белобров Владимир. Груз ВКЖ-65</title>
</book>
<book>
	<filename>belobrov_vladimir/belobrov_vladimir_kino.fb2.zip</filename>
	<title>Белобров Владимир. Кино</title>
</book>
<book>
	<filename>belobrov_vladimir/belobrov_vladimir_korol_obezyan_tropicheskaya_komediya.fb2.zip</filename>
	<title>Белобров Владимир Сергеевич. Король обезьян, тропическая комедия</title>
</book>
<book>
	<filename>belobrov_vladimir/belobrov_vladimir_krasnyi_buben.fb2.zip</filename>
	<title>Белобров Владимир. Красный бубен</title>
</book>
<book>
	<filename>belobrov_vladimir/belobrov_vladimir_krovavaya_noch_v_pionerskom_lagere.fb2.zip</filename>
	<title>Белобров Владимир. Кровавая ночь в пионерском лагере</title>
</book>
<book>
	<filename>belobrov_vladimir/belobrov_vladimir_muha_ili_lavrentii_zaicev_v_komandirovke.fb2.zip</filename>
	<title>Белобров Владимир. Муха или Лаврентий Зайцев в командировке</title>
</book>
<book>
	<filename>belobrov_vladimir/belobrov_vladimir_mumu_vozvrashaetsya_iz_ada.fb2.zip</filename>
	<title>Белобров Владимир. Му-му возвращается из ада</title>
</book>
<book>
	<filename>belobrov_vladimir/belobrov_vladimir_nastuplenie_korolei.fb2.zip</filename>
	<title>Белобров Владимир. Наступление королей</title>
</book>
<book>
	<filename>belocerkovskii_s/belocerkovskii_s_im_ne_hvatilo_dvuh_sekund_poslednii_polet_yu_gagarina_i_v_seregina.fb2.zip</filename>
	<title>Белоцерковский С. Им не хватило двух секунд… Последний полет Ю. Гагарина и В. Серегина</title>
</book>
<book>
	<filename>belogorov_aleksandr/belogorov_aleksandr_yavlenie_lyucifuga.fb2.zip</filename>
	<title>Белогоров Александр. Явление Люцифуга</title>
</book>
<book>
	<filename>belohvostov_denis/belohvostov_denis_bulavki_i_babochki.fb2.zip</filename>
	<title>Белохвостов Денис. Булавки и бабочки</title>
</book>
<book>
	<filename>belohvostov_denis/belohvostov_denis_don_kihot_s_yadernym_chemodanchikom.fb2.zip</filename>
	<title>Белохвостов Денис. Дон Кихот с ядерным чемоданчиком</title>
</book>
<book>
	<filename>belohvostov_denis/belohvostov_denis_obshaya_teoriya_dominant.fb2.zip</filename>
	<title>Белохвостов Денис. Общая теория Доминант</title>
</book>
<book>
	<filename>belohvostov_denis/belohvostov_denis_s_nami_kto.fb2.zip</filename>
	<title>Белохвостов Денис. С нами... КТО?!</title>
</book>
<book>
	<filename>belokon_kuzma/belokon_kuzma_v_pylayushem_nebe.fb2.zip</filename>
	<title>Белоконь Кузьма Филимонович. В пылающем небе</title>
</book>
<book>
	<filename>belorus_vadim/belorus_vadim_sultan.fb2.zip</filename>
	<title>Белорус Вадим. Султан</title>
</book>
<book>
	<filename>beloshnikov_sergei/beloshnikov_sergei_lovkach_i_hippoza.fb2.zip</filename>
	<title>Белошников Сергей. Ловкач и Хиппоза</title>
</book>
<book>
	<filename>beloshnikov_sergei/beloshnikov_sergei_palach.fb2.zip</filename>
	<title>Белошников Сергей. Палач</title>
</book>
<book>
	<filename>beloshnikov_sergei/beloshnikov_sergei_polnolunie.fb2.zip</filename>
	<title>Белошников Сергей. Полнолуние</title>
</book>
<book>
	<filename>belousov_roman/belousov_roman_tainy_znamenityh_piratov_ili_sunduk_mertveca.fb2.zip</filename>
	<title>Белоусов Роман. Тайны знаменитых пиратов, или «Сундук мертвеца»</title>
</book>
<book>
	<filename>belov_aleksandr/belov_aleksandr_bitva_za_mast.fb2.zip</filename>
	<title>Белов Александр. Битва За Масть</title>
</book>
<book>
	<filename>belov_aleksandr/belov_aleksandr_boi_bez_pravil.fb2.zip</filename>
	<title>Белов Александр. Бои Без Правил</title>
</book>
<book>
	<filename>belov_aleksandr/belov_aleksandr_poslednii_vystrel.fb2.zip</filename>
	<title>Белов Александр. Последний Выстрел</title>
</book>
<book>
	<filename>belov_aleksandr/belov_aleksandr_predannyi_vrag.fb2.zip</filename>
	<title>Белов Александр. Преданный Враг</title>
</book>
<book>
	<filename>belov_aleksandr_konstantinovich/belov_aleksandr_konstantinovich_arkona.fb2.zip</filename>
	<title>Белов Александр Константинович. Аркона</title>
</book>
<book>
	<filename>belov_aleksandr_konstantinovich/belov_aleksandr_konstantinovich_grivna_svyatovita.fb2.zip</filename>
	<title>Белов Александр Константинович. Гривна Святовита</title>
</book>
<book>
	<filename>belov_aleksandr_konstantinovich/belov_aleksandr_konstantinovich_muzhskie_rasskazy.fb2.zip</filename>
	<title>Белов Александр Константинович. Мужские рассказы</title>
</book>
<book>
	<filename>belov_aleksandr_konstantinovich/belov_aleksandr_konstantinovich_velikii_pohod.fb2.zip</filename>
	<title>Белов Александр Константинович. Великий поход</title>
</book>
<book>
	<filename>belova_olga/belova_olga_o_zhidah_i_zhidovskoi_vere_v_narodnyh_predstavleniyah_vostochnyh_slavyan.fb2.zip</filename>
	<title>Белова Ольга. О «жидах» и «жидовской вере» в народных представлениях восточных славян</title>
</book>
<book>
	<filename>belov_nikolaus/belov_nikolaus_ya_byl_adyutantom_gitlera.fb2.zip</filename>
	<title>Белов Николаус Фон. Я был адъютантом Гитлера</title>
</book>
<book>
	<filename>belov_robert/belov_robert_ya_brosayu_oruzhie.fb2.zip</filename>
	<title>Белов Роберт Петрович. Я бросаю оружие</title>
</book>
<book>
	<filename>belov_ruslan/belov_ruslan_bitva_v_puti_ili_draka_s_posledstviyami.fb2.zip</filename>
	<title>Белов Руслан. Битва в пути или драка с последствиями</title>
</book>
<book>
	<filename>belov_ruslan/belov_ruslan_cherepaha_lera.fb2.zip</filename>
	<title>Белов Руслан. Черепаха Лера</title>
</book>
<book>
	<filename>belov_ruslan/belov_ruslan_chernyi_krys.fb2.zip</filename>
	<title>Белов Руслан. Черный крыс</title>
</book>
<book>
	<filename>belov_ruslan/belov_ruslan_cvety_zla.fb2.zip</filename>
	<title>Белов Руслан. Цветы зла</title>
</book>
<book>
	<filename>belov_ruslan/belov_ruslan_dva_brata.fb2.zip</filename>
	<title>Белов Руслан. Два брата</title>
</book>
<book>
	<filename>belov_ruslan/belov_ruslan_gadskaya_ruletka.fb2.zip</filename>
	<title>Белов Руслан. Гадская рулетка</title>
</book>
<book>
	<filename>belov_ruslan/belov_ruslan_gvozdichka_i_kamen.fb2.zip</filename>
	<title>Белов Руслан. Гвоздичка и камень</title>
</book>
<book>
	<filename>belov_ruslan/belov_ruslan_hirurg_i_ona_matrica.fb2.zip</filename>
	<title>Белов Руслан. Хирург и Она. Матрица?</title>
</book>
<book>
	<filename>belov_ruslan/belov_ruslan_igla_v_yaice_vasha.fb2.zip</filename>
	<title>Белов Руслан. Игла в яйце. Ваша.</title>
</book>
<book>
	<filename>belov_ruslan/belov_ruslan_iskusstvennoe_dyhanie.fb2.zip</filename>
	<title>Белов Руслан. Искусственное дыхание</title>
</book>
<book>
	<filename>belov_ruslan/belov_ruslan_i_vyrosli_palmy_i_otkrylsya_kolodec.fb2.zip</filename>
	<title>Белов Руслан. И выросли пальмы, и открылся колодец...</title>
</book>
<book>
	<filename>belov_ruslan/belov_ruslan_kak_ya_takim_stal_ili_shizoyepiyekzistenciya.fb2.zip</filename>
	<title>Белов Руслан. Как я таким стал, или Шизоэпиэкзистенция</title>
</book>
<book>
	<filename>belov_ruslan/belov_ruslan_karandash_iskusstvo.fb2.zip</filename>
	<title>Белов Руслан. Карандаш «Искусство»</title>
</book>
<book>
	<filename>belov_ruslan/belov_ruslan_klub_manyakov.fb2.zip</filename>
	<title>Белов Руслан. Клуб маньяков</title>
</book>
<book>
	<filename>belov_ruslan/belov_ruslan_kol_buddy.fb2.zip</filename>
	<title>Белов Руслан Альбертович. Кол Будды</title>
</book>
<book>
	<filename>belov_ruslan/belov_ruslan_konec_klita.fb2.zip</filename>
	<title>Белов Руслан. Конец Клита</title>
</book>
<book>
	<filename>belov_ruslan/belov_ruslan_kost.fb2.zip</filename>
	<title>Белов Руслан Альбертович. Кость</title>
</book>
<book>
	<filename>belov_ruslan/belov_ruslan_kot_v_sapogah.fb2.zip</filename>
	<title>Белов Руслан. Кот в сапогах</title>
</book>
<book>
	<filename>belov_ruslan/belov_ruslan_kot_v_sapogah_modificirovannyi.fb2.zip</filename>
	<title>Белов Руслан. Кот в сапогах, модифицированный</title>
</book>
<book>
	<filename>belov_ruslan/belov_ruslan_krainyaya_maza.fb2.zip</filename>
	<title>Белов Руслан. Крайняя маза</title>
</book>
<book>
	<filename>belov_ruslan/belov_ruslan_krylya_lyubvi.fb2.zip</filename>
	<title>Белов Руслан. Крылья любви</title>
</book>
<book>
	<filename>belov_ruslan/belov_ruslan_larisa.fb2.zip</filename>
	<title>Белов Руслан. Лариса</title>
</book>
<book>
	<filename>belov_ruslan/belov_ruslan_lis_kobra_i_korshun.fb2.zip</filename>
	<title>Белов Руслан. Лис, кобра и коршун</title>
</book>
<book>
	<filename>belov_ruslan/belov_ruslan_luchshe_rabotat.fb2.zip</filename>
	<title>Белов Руслан. Лучше работать</title>
</book>
<book>
	<filename>belov_ruslan/belov_ruslan_lyubov_zla.fb2.zip</filename>
	<title>Белов Руслан. Любовь зла</title>
</book>
<book>
	<filename>belov_ruslan/belov_ruslan_miss_g.fb2.zip</filename>
	<title>Белов Руслан. Miss G.</title>
</book>
<book>
	<filename>belov_ruslan/belov_ruslan_muha_v_rozovom_almaze.fb2.zip</filename>
	<title>Белов Руслан. Муха в розовом алмазе</title>
</book>
<book>
	<filename>belov_ruslan/belov_ruslan_nauchnoissledovatelskaya_istoriya.fb2.zip</filename>
	<title>Белов Руслан. Научно-исследовательская история</title>
</book>
<book>
	<filename>belov_ruslan/belov_ruslan_noch_na_lysoi_gore.fb2.zip</filename>
	<title>Белов Руслан. Ночь на Лысой горе</title>
</book>
<book>
	<filename>belov_ruslan/belov_ruslan_ochko_sygralo.fb2.zip</filename>
	<title>Белов Руслан. Очко сыграло</title>
</book>
<book>
	<filename>belov_ruslan/belov_ruslan_on_vybiral_istoriyu.fb2.zip</filename>
	<title>Белов Руслан. Он выбирал историю</title>
</book>
<book>
	<filename>belov_ruslan/belov_ruslan_piteinye_istorii.fb2.zip</filename>
	<title>Белов Руслан. Питейные истории</title>
</book>
<book>
	<filename>belov_ruslan/belov_ruslan_podelom_ili_realnyi_sluchai.fb2.zip</filename>
	<title>Белов Руслан Альбертович. Поделом или Реальный случай</title>
</book>
<book>
	<filename>belov_ruslan/belov_ruslan_pustynya_bessilna.fb2.zip</filename>
	<title>Белов Руслан. Пустыня бессильна</title>
</book>
<book>
	<filename>belov_ruslan/belov_ruslan_reinkarnaciya_naoborot.fb2.zip</filename>
	<title>Белов Руслан. Реинкарнация наоборот</title>
</book>
<book>
	<filename>belov_ruslan/belov_ruslan_risuyushaya_na_skalah_podobno_solncu_risuyushemu_den.fb2.zip</filename>
	<title>Белов Руслан. Рисующая На Скалах Подобно Солнцу Рисующему День</title>
</book>
<book>
	<filename>belov_ruslan/belov_ruslan_rokovaya_zhenshina.fb2.zip</filename>
	<title>Белов Руслан. Роковая женщина</title>
</book>
<book>
	<filename>belov_ruslan/belov_ruslan_ruslik_i_suslik.fb2.zip</filename>
	<title>Белов Руслан. Руслик и Суслик</title>
</book>
<book>
	<filename>belov_ruslan/belov_ruslan_semnadcat_ulitok.fb2.zip</filename>
	<title>Белов Руслан. Семнадцать улиток</title>
</book>
<book>
	<filename>belov_ruslan/belov_ruslan_serdce_dyavola_2.fb2.zip</filename>
	<title>Белов Руслан. Сердце Дьявола 2</title>
</book>
<book>
	<filename>belov_ruslan/belov_ruslan_serdce_dyavola.fb2.zip</filename>
	<title>Белов Руслан. Сердце Дьявола</title>
</book>
<book>
	<filename>belov_ruslan/belov_ruslan_smert_za_hrebtom.fb2.zip</filename>
	<title>Белов Руслан. Смерть за хребтом</title>
</book>
<book>
	<filename>belov_ruslan/belov_ruslan_sumasshedshaya_shahta.fb2.zip</filename>
	<title>Белов Руслан. Сумасшедшая шахта</title>
</book>
<book>
	<filename>belov_ruslan/belov_ruslan_tak_dogovorilsya_zaratustra.fb2.zip</filename>
	<title>Белов Руслан. Так договорился Заратустра…</title>
</book>
<book>
	<filename>belov_ruslan/belov_ruslan_teni_ischezayut_v_polnoch.fb2.zip</filename>
	<title>Белов Руслан. Тени исчезают в полночь</title>
</book>
<book>
	<filename>belov_ruslan/belov_ruslan_tri_grani_greha.fb2.zip</filename>
	<title>Белов Руслан Альбертович. Три грани греха</title>
</book>
<book>
	<filename>belov_ruslan/belov_ruslan_vernye_lelincy.fb2.zip</filename>
	<title>Белов Руслан. Верные лелинцы</title>
</book>
<book>
	<filename>belov_ruslan/belov_ruslan_vishnya_v_cvetu.fb2.zip</filename>
	<title>Белов Руслан. Вишня в цвету</title>
</book>
<book>
	<filename>belov_ruslan/belov_ruslan_xy.fb2.zip</filename>
	<title>Белов Руслан. XY</title>
</book>
<book>
	<filename>belov_ruslan/belov_ruslan_ya_manyak.fb2.zip</filename>
	<title>Белов Руслан. Я – маньяк?!!</title>
</book>
<book>
	<filename>belov_ruslan/belov_ruslan_ya_prishel.fb2.zip</filename>
	<title>Белов Руслан. Я пришел...</title>
</book>
<book>
	<filename>belov_ruslan/belov_ruslan_yekstremalnyi_seks.fb2.zip</filename>
	<title>Белов Руслан. Экстремальный секс</title>
</book>
<book>
	<filename>belov_ruslan/belov_ruslan_yeto_u_nih_po_muzhskoi_linii.fb2.zip</filename>
	<title>Белов Руслан. Это у них по мужской линии...</title>
</book>
<book>
	<filename>belov_ruslan/belov_ruslan_zoloto_makedonskogo.fb2.zip</filename>
	<title>Белов Руслан Альбертович. Золото Македонского</title>
</book>
<book>
	<filename>belov_selidor_aleksandr/belov_selidor_aleksandr_arkona.fb2.zip</filename>
	<title>Белов (Селидор) Александр Константинович. Аркона</title>
</book>
<book>
	<filename>belov_selidor_aleksandr/belov_selidor_aleksandr_boi_s_rodrigesom.fb2.zip</filename>
	<title>Белов (Селидор) Александр Константинович. Бой с Родригесом</title>
</book>
<book>
	<filename>belov_selidor_aleksandr/belov_selidor_aleksandr_grivna_svyatovita.fb2.zip</filename>
	<title>Белов (Селидор) Александр Константинович. Гривна Святовита</title>
</book>
<book>
	<filename>belov_selidor_aleksandr/belov_selidor_aleksandr_iskusstvo_ataki.fb2.zip</filename>
	<title>Белов (Селидор) Александр Константинович. Искусство атаки</title>
</book>
<book>
	<filename>belov_selidor_aleksandr/belov_selidor_aleksandr_russkii_kulak_ili_kak_bilis_nashi_predki.fb2.zip</filename>
	<title>Белов (Селидор) Александр Константинович. Русский кулак, или как бились наши предки</title>
</book>
<book>
	<filename>belov_selidor_aleksandr/belov_selidor_aleksandr_slavyanogorickaya_borba_iznachalie.fb2.zip</filename>
	<title>Белов (Селидор) Александр Константинович. Славяно-горицкая борьба. Изначалие.</title>
</book>
<book>
	<filename>belov_selidor_aleksandr/belov_selidor_aleksandr_velikii_pohod.fb2.zip</filename>
	<title>Белов (Селидор) Александр Константинович. Великий поход</title>
</book>
<book>
	<filename>belov_selidor_aleksandr/belov_selidor_aleksandr_volya_i_sila_varvara_stati.fb2.zip</filename>
	<title>Белов (Селидор) Александр Константинович. Воля и сила варвара. Статьи</title>
</book>
<book>
	<filename>belov_vasilii/belov_vasilii_danya.fb2.zip</filename>
	<title>Белов Василий Иванович. Даня</title>
</book>
<book>
	<filename>belov_vasilii/belov_vasilii_eshyo_pro_malku.fb2.zip</filename>
	<title>Белов Василий Иванович. Ещё про Мальку</title>
</book>
<book>
	<filename>belov_vasilii/belov_vasilii_malka_provinilas.fb2.zip</filename>
	<title>Белов Василий Иванович. Малька провинилась</title>
</book>
<book>
	<filename>belov_volf/belov_volf_belfeddor.fb2.zip</filename>
	<title>Белов Вольф. Бельфеддор</title>
</book>
<book>
	<filename>belov_yurii/belov_yurii_chetvertyi_vektor_triady.fb2.zip</filename>
	<title>Белов Юрий. Четвертый вектор триады</title>
</book>
<book>
	<filename>belozercev_dmitrii/belozercev_dmitrii_mify_iz_budushego.fb2.zip</filename>
	<title>Белозерцев Дмитрий. Мифы из будущего</title>
</book>
<book>
	<filename>belozerov_anton/belozerov_anton_imperiya_povelitelei.fb2.zip</filename>
	<title>Белозеров Антон. Империя Повелителей</title>
</book>
<book>
	<filename>belozerov_anton/belozerov_anton_prirozhdennye_razvedchiki.fb2.zip</filename>
	<title>Белозеров Антон. Прирожденные разведчики</title>
</book>
<book>
	<filename>belozerov_anton/belozerov_anton_stupeni_piramidy.fb2.zip</filename>
	<title>Белозеров Антон. Ступени пирамиды</title>
</book>
<book>
	<filename>belozerov_anton/belozerov_anton_totalnoe_vtorzhenie.fb2.zip</filename>
	<title>Белозеров Антон. Тотальное вторжение</title>
</book>
<book>
	<filename>belozerov_mihail/belozerov_mihail_samurai_iz_kioto.fb2.zip</filename>
	<title>Белозеров Михаил. Самурай из Киото</title>
</book>
<book>
	<filename>belyaev_aleksandr/belyaev_aleksandr_amba.fb2.zip</filename>
	<title>Беляев Александр Романович. Амба</title>
</book>
<book>
	<filename>belyaev_aleksandr/belyaev_aleksandr_anatomicheskii_zhenih.fb2.zip</filename>
	<title>Беляев Александр Романович. Анатомический жених</title>
</book>
<book>
	<filename>belyaev_aleksandr/belyaev_aleksandr_ariyel.fb2.zip</filename>
	<title>Беляев Александр Романович. Ариэль</title>
</book>
<book>
	<filename>belyaev_aleksandr/belyaev_aleksandr_belyi_dikar.fb2.zip</filename>
	<title>Беляев Александр Романович. Белый дикарь</title>
</book>
<book>
	<filename>belyaev_aleksandr/belyaev_aleksandr_borba_v_yefire.fb2.zip</filename>
	<title>Беляев Александр Романович. Борьба в эфире</title>
</book>
<book>
	<filename>belyaev_aleksandr/belyaev_aleksandr_chelovekamfibiya.fb2.zip</filename>
	<title>Беляев Александр Романович. Человек-амфибия</title>
</book>
<book>
	<filename>belyaev_aleksandr/belyaev_aleksandr_chelovek_kotoryi_ne_spit.fb2.zip</filename>
	<title>Беляев Александр Романович. Человек, который не спит</title>
</book>
<book>
	<filename>belyaev_aleksandr/belyaev_aleksandr_chelovek_nashedshii_svoe_lico.fb2.zip</filename>
	<title>Беляев Александр Романович. Человек, нашедший свое лицо</title>
</book>
<book>
	<filename>belyaev_aleksandr/belyaev_aleksandr_chertova_melnica.fb2.zip</filename>
	<title>Беляев Александр Романович. Чертова мельница</title>
</book>
<book>
	<filename>belyaev_aleksandr/belyaev_aleksandr_chudesnoe_oko.fb2.zip</filename>
	<title>Беляев Александр Романович. Чудесное око</title>
</book>
<book>
	<filename>belyaev_aleksandr/belyaev_aleksandr_derzhi_na_zapad.fb2.zip</filename>
	<title>Беляев Александр Романович. Держи на запад!</title>
</book>
<book>
	<filename>belyaev_aleksandr/belyaev_aleksandr_golova_professora_douyelya.fb2.zip</filename>
	<title>Беляев Александр. Голова профессора Доуэля</title>
</book>
<book>
	<filename>belyaev_aleksandr/belyaev_aleksandr_hoititoiti.fb2.zip</filename>
	<title>Беляев Александр Романович. Хойти-Тойти</title>
</book>
<book>
	<filename>belyaev_aleksandr/belyaev_aleksandr_instinkt_predkov.fb2.zip</filename>
	<title>Беляев Александр Романович. Инстинкт предков</title>
</book>
<book>
	<filename>belyaev_aleksandr/belyaev_aleksandr_koversamolet.fb2.zip</filename>
	<title>Беляев Александр Романович. Ковер-самолет</title>
</book>
<book>
	<filename>belyaev_aleksandr/belyaev_aleksandr_laboratoriya_dublvye.fb2.zip</filename>
	<title>Беляев Александр Романович. Лаборатория Дубльвэ</title>
</book>
<book>
	<filename>belyaev_aleksandr/belyaev_aleksandr_mertvaya_golova.fb2.zip</filename>
	<title>Беляев Александр Романович. Мертвая голова</title>
</book>
<book>
	<filename>belyaev_aleksandr/belyaev_aleksandr_mister_smeh.fb2.zip</filename>
	<title>Беляев Александр Романович. Мистер Смех</title>
</book>
<book>
	<filename>belyaev_aleksandr/belyaev_aleksandr_netlennyi_mir.fb2.zip</filename>
	<title>Беляев Александр Романович. Нетленный мир</title>
</book>
<book>
	<filename>belyaev_aleksandr/belyaev_aleksandr_nevidimyi_svet.fb2.zip</filename>
	<title>Беляев Александр Романович. Невидимый свет</title>
</book>
<book>
	<filename>belyaev_aleksandr/belyaev_aleksandr_ni_zhizn_ni_smert.fb2.zip</filename>
	<title>Беляев Александр Романович. Ни жизнь, ни смерть</title>
</book>
<book>
	<filename>belyaev_aleksandr/belyaev_aleksandr_ohota_na_bolshuyu_medvedicu.fb2.zip</filename>
	<title>Беляев Александр Романович. Охота на большую медведицу</title>
</book>
<book>
	<filename>belyaev_aleksandr/belyaev_aleksandr_orden_respubliki.fb2.zip</filename>
	<title>Беляев Александр Романович. Орден республики</title>
</book>
<book>
	<filename>belyaev_aleksandr/belyaev_aleksandr_ostrov_pogibshih_korablei.fb2.zip</filename>
	<title>Беляев Александр. Остров погибших кораблей</title>
</book>
<book>
	<filename>belyaev_aleksandr/belyaev_aleksandr_podvodnye_zemledelcy.fb2.zip</filename>
	<title>Беляев Александр. Подводные земледельцы</title>
</book>
<book>
	<filename>belyaev_aleksandr/belyaev_aleksandr_poslednii_chelovek_iz_atlantidy.fb2.zip</filename>
	<title>Беляев Александр Романович. Последний человек из Атлантиды</title>
</book>
<book>
	<filename>belyaev_aleksandr/belyaev_aleksandr_prodavec_vozduha.fb2.zip</filename>
	<title>Беляев Александр. Продавец воздуха</title>
</book>
<book>
	<filename>belyaev_aleksandr/belyaev_aleksandr_pryzhok_v_nichto.fb2.zip</filename>
	<title>Беляев Александр Романович. Прыжок в ничто</title>
</book>
<book>
	<filename>belyaev_aleksandr/belyaev_aleksandr_sezam_otkroisya.fb2.zip</filename>
	<title>Беляев Александр Романович. Сезам, откройся!!!</title>
</book>
<book>
	<filename>belyaev_aleksandr/belyaev_aleksandr_shtorm.fb2.zip</filename>
	<title>Беляев Александр Романович. Шторм</title>
</book>
<book>
	<filename>belyaev_aleksandr/belyaev_aleksandr_slepoi_polet.fb2.zip</filename>
	<title>Беляев Александр Романович. Слепой полет</title>
</book>
<book>
	<filename>belyaev_aleksandr/belyaev_aleksandr_svetoprestavlenie.fb2.zip</filename>
	<title>Беляев Александр Романович. Светопреставление</title>
</book>
<book>
	<filename>belyaev_aleksandr/belyaev_aleksandr_vcbid.fb2.zip</filename>
	<title>Беляев Александр Романович. ВЦБИД</title>
</book>
<book>
	<filename>belyaev_aleksandr/belyaev_aleksandr_vechnyi_hleb.fb2.zip</filename>
	<title>Беляев Александр Романович. Вечный хлеб</title>
</book>
<book>
	<filename>belyaev_aleksandr/belyaev_aleksandr_vlastelin_mira.fb2.zip</filename>
	<title>Беляев Александр Романович. Властелин Мира</title>
</book>
<book>
	<filename>belyaev_aleksandr/belyaev_aleksandr_v_trube.fb2.zip</filename>
	<title>Беляев Александр Романович. В трубе</title>
</book>
<book>
	<filename>belyaev_aleksandr/belyaev_aleksandr_zamok_vedm.fb2.zip</filename>
	<title>Беляев Александр Романович. Замок ведьм</title>
</book>
<book>
	<filename>belyaev_aleksandr/belyaev_aleksandr_zaochnyi_inzhener.fb2.zip</filename>
	<title>Беляев Александр Романович. Заочный инженер</title>
</book>
<book>
	<filename>belyaev_aleksandr/belyaev_aleksandr_zemlya_gorit.fb2.zip</filename>
	<title>Беляев Александр Романович. Земля горит</title>
</book>
<book>
	<filename>belyaev_aleksandr/belyaev_aleksandr_zolotaya_gora.fb2.zip</filename>
	<title>Беляев Александр Романович. Золотая гора</title>
</book>
<book>
	<filename>belyaev_aleksandr/belyaev_aleksandr_zvezda_kyec.fb2.zip</filename>
	<title>Беляев Александр Романович. Звезда КЭЦ</title>
</book>

</books>

