<?xml version="1.0" encoding="UTF-8" ?>
<books>
<book>
	<filename>bicherstou_garriet/bicherstou_garriet_hizhina_dyadi_toma.fb2.zip</filename>
	<title>Бичер-Стоу Гарриет. Хижина дяди Тома</title>
</book>
<book>
	<filename>bich_reks/bich_reks_hishniki_alyaski.fb2.zip</filename>
	<title>Бич Рекс. Хищники Аляски</title>
</book>
<book>
	<filename>biddl_kordeliya/biddl_kordeliya_veter_peremen.fb2.zip</filename>
	<title>Биддл Корделия. Ветер перемен</title>
</book>
<book>
	<filename>biggers_dzhon/biggers_dzhon_dom_bez_klyucha.fb2.zip</filename>
	<title>Биггерс Джон. Дом без ключа</title>
</book>
<book>
	<filename>biggers_yerl/biggers_yerl_charli_chan_idet_po_sledu.fb2.zip</filename>
	<title>Биггерс Эрл Дерр. Чарли Чан идет по следу</title>
</book>
<book>
	<filename>biggers_yerl/biggers_yerl_chernyi_verblyud.fb2.zip</filename>
	<title>Биггерс Эрл Дерр. Черный верблюд</title>
</book>
<book>
	<filename>biggers_yerl/biggers_yerl_kitaiskii_popugai.fb2.zip</filename>
	<title>Биггерс Эрл Дерр. Китайский попугай</title>
</book>
<book>
	<filename>biggers_yerl/biggers_yerl_po_tu_storonu_zanavesa.fb2.zip</filename>
	<title>Биггерс Эрл Дерр. По ту сторону занавеса</title>
</book>
<book>
	<filename>biggl_lloid/biggl_lloid_muzykodel.fb2.zip</filename>
	<title>Биггл Ллойд. Музыкодел</title>
</book>
<book>
	<filename>biggl_lloid/biggl_lloid_nasledstvo_kvalsforda.fb2.zip</filename>
	<title>Биггл Ллойд. Наследство Квалсфорда</title>
</book>
<book>
	<filename>biggl_lloid/biggl_lloid_zagovor_glendovera.fb2.zip</filename>
	<title>Биггл Ллойд. Заговор Глендовера</title>
</book>
<book>
	<filename>biggz_sheril/biggz_sheril_derzkie_serdca.fb2.zip</filename>
	<title>Биггз Шерил. Дерзкие сердца</title>
</book>
<book>
	<filename>biggz_sheril/biggz_sheril_obmanutye_serdca.fb2.zip</filename>
	<title>Биггз Шерил. Обманутые сердца</title>
</book>
<book>
	<filename>biggz_sheril/biggz_sheril_otverzhennye_serdca.fb2.zip</filename>
	<title>Биггз Шерил. Отверженные сердца</title>
</book>
<book>
	<filename>bigl_piter/bigl_piter_arhaicheskie_razvlecheniya.fb2.zip</filename>
	<title>Бигл Питер Сойер. Архаические развлечения</title>
</book>
<book>
	<filename>bigl_piter/bigl_piter_lila_oboroten.fb2.zip</filename>
	<title>Бигл Питер Сойер. Лила, оборотень</title>
</book>
<book>
	<filename>bigl_piter/bigl_piter_milosti_prosim_ledi_smert.fb2.zip</filename>
	<title>Бигл Питер Сойер. Милости просим, леди Смерть!</title>
</book>
<book>
	<filename>bigl_piter/bigl_piter_pesnya_traktirshika.fb2.zip</filename>
	<title>Бигл Питер Сойер. Песня трактирщика</title>
</book>
<book>
	<filename>bigl_piter/bigl_piter_poslednii_edinorog.fb2.zip</filename>
	<title>Бигл Питер Сойер. Последний единорог</title>
</book>
<book>
	<filename>bigl_piter/bigl_piter_prihodite_ledi_smert.fb2.zip</filename>
	<title>Бигл Питер Сойер. Приходите, леди Смерть</title>
</book>
<book>
	<filename>bigl_piter/bigl_piter_sonata_edinoroga.fb2.zip</filename>
	<title>Бигл Питер С. Соната Единорога</title>
</book>
<book>
	<filename>bii_korina/bii_korina_rasskazy_v_duhe_barokko.fb2.zip</filename>
	<title>Бий Корина. Рассказы в духе барокко</title>
</book>
<book>
	<filename>bik_ilza/bik_ilza_battlecorps_proliferation_series1_otryv.fb2.zip</filename>
	<title>Бик Ильза Джей. BattleCorps «Proliferation Series»-1: Отрыв</title>
</book>
<book>
	<filename>biksbi_dzherom/biksbi_dzherom_my_zhivem_horosho.fb2.zip</filename>
	<title>Биксби Джером. Мы живем хорошо!</title>
</book>
<book>
	<filename>bilenkin_dmitrii/bilenkin_dmitrii_bremya_chelovecheskoe.fb2.zip</filename>
	<title>Биленкин Дмитрий. Бремя человеческое</title>
</book>
<book>
	<filename>bilenkin_dmitrii/bilenkin_dmitrii_chara.fb2.zip</filename>
	<title>Биленкин Дмитрий. Чара</title>
</book>
<book>
	<filename>bilenkin_dmitrii/bilenkin_dmitrii_chelovek_kotoryi_prisutstvoval.fb2.zip</filename>
	<title>Биленкин Дмитрий. Человек, который присутствовал</title>
</book>
<book>
	<filename>bilenkin_dmitrii/bilenkin_dmitrii_chetvertaya_proizvodnaya_nebo_v_almazah.fb2.zip</filename>
	<title>Биленкин Дмитрий. Четвертая производная [Небо в алмазах]</title>
</book>
<book>
	<filename>bilenkin_dmitrii/bilenkin_dmitrii_chuzhie_glaza.fb2.zip</filename>
	<title>Биленкин Дмитрий. Чужие глаза</title>
</book>
<book>
	<filename>bilenkin_dmitrii/bilenkin_dmitrii_chyornyi_velikan.fb2.zip</filename>
	<title>Биленкин Дмитрий. Чёрный великан</title>
</book>
<book>
	<filename>bilenkin_dmitrii/bilenkin_dmitrii_davlenie_zhizni.fb2.zip</filename>
	<title>Биленкин Дмитрий. Давление жизни</title>
</book>
<book>
	<filename>bilenkin_dmitrii/bilenkin_dmitrii_desant_na_merkurii.fb2.zip</filename>
	<title>Биленкин Дмитрий. Десант на Меркурий</title>
</book>
<book>
	<filename>bilenkin_dmitrii/bilenkin_dmitrii_dognat_orla.fb2.zip</filename>
	<title>Биленкин Дмитрий. Догнать орла</title>
</book>
<book>
	<filename>bilenkin_dmitrii/bilenkin_dmitrii_dolgoe_ozhidanie.fb2.zip</filename>
	<title>Биленкин Дмитрий. Долгое ожидание</title>
</book>
<book>
	<filename>bilenkin_dmitrii/bilenkin_dmitrii_doroga_bez_vozvrata.fb2.zip</filename>
	<title>Биленкин Дмитрий. Дорога без возврата</title>
</book>
<book>
	<filename>bilenkin_dmitrii/bilenkin_dmitrii_ego_mars.fb2.zip</filename>
	<title>Биленкин Дмитрий. Его Марс</title>
</book>
<book>
	<filename>bilenkin_dmitrii/bilenkin_dmitrii_filosofiya_imeni_ten_sovershenstva.fb2.zip</filename>
	<title>Биленкин Дмитрий. Философия имени [Тень совершенства]</title>
</book>
<book>
	<filename>bilenkin_dmitrii/bilenkin_dmitrii_genialnyi_dom.fb2.zip</filename>
	<title>Биленкин Дмитрий. Гениальный дом</title>
</book>
<book>
	<filename>bilenkin_dmitrii/bilenkin_dmitrii_golos_v_hrame.fb2.zip</filename>
	<title>Биленкин Дмитрий. Голос в храме</title>
</book>
<book>
	<filename>bilenkin_dmitrii/bilenkin_dmitrii_goluboi_yantar.fb2.zip</filename>
	<title>Биленкин Дмитрий. Голубой янтарь</title>
</book>
<book>
	<filename>bilenkin_dmitrii/bilenkin_dmitrii_gorod_i_volk.fb2.zip</filename>
	<title>Биленкин Дмитрий. Город и волк</title>
</book>
<book>
	<filename>bilenkin_dmitrii/bilenkin_dmitrii_hudozhnik.fb2.zip</filename>
	<title>Биленкин Дмитрий. Художник</title>
</book>
<book>
	<filename>bilenkin_dmitrii/bilenkin_dmitrii_isklyuchenie_iz_pravil.fb2.zip</filename>
	<title>Биленкин Дмитрий. Исключение из правил</title>
</book>
<book>
	<filename>bilenkin_dmitrii/bilenkin_dmitrii_i_vse_takoe_prochee.fb2.zip</filename>
	<title>Биленкин Дмитрий. И все такое прочее…</title>
</book>
<book>
	<filename>bilenkin_dmitrii/bilenkin_dmitrii_kak_na_pozhare.fb2.zip</filename>
	<title>Биленкин Дмитрий. Как на пожаре</title>
</book>
<book>
	<filename>bilenkin_dmitrii/bilenkin_dmitrii_kem_ty_stanesh.fb2.zip</filename>
	<title>биленкин Дмитрий. Кем ты станешь?</title>
</book>
<book>
	<filename>bilenkin_dmitrii/bilenkin_dmitrii_koechto_inache.fb2.zip</filename>
	<title>Биленкин Дмитрий. Кое-что иначе</title>
</book>
<book>
	<filename>bilenkin_dmitrii/bilenkin_dmitrii_konec_zakona_zatmenie_na_rassvete.fb2.zip</filename>
	<title>Биленкин Дмитрий. Конец закона [Затмение на рассвете]</title>
</book>
<book>
	<filename>bilenkin_dmitrii/bilenkin_dmitrii_kosmicheskii_bog.fb2.zip</filename>
	<title>Биленкин Дмитрий. Космический бог</title>
</book>
<book>
	<filename>bilenkin_dmitrii/bilenkin_dmitrii_lico_v_tolpe.fb2.zip</filename>
	<title>Биленкин Дмитрий. Лицо в толпе</title>
</book>
<book>
	<filename>bilenkin_dmitrii/bilenkin_dmitrii_marsianskii_priboi.fb2.zip</filename>
	<title>Биленкин Дмитрий Александрович. Марсианский прибой</title>
</book>
<book>
	<filename>bilenkin_dmitrii/bilenkin_dmitrii_mera_predostorozhnosti.fb2.zip</filename>
	<title>Биленкин Дмитрий. Мера предосторожности</title>
</book>
<book>
	<filename>bilenkin_dmitrii/bilenkin_dmitrii_mgnovenie_chuda.fb2.zip</filename>
	<title>Биленкин Дмитрий. Мгновение чуда</title>
</book>
<book>
	<filename>bilenkin_dmitrii/bilenkin_dmitrii_misha_kuvakin_i_ego_monstry.fb2.zip</filename>
	<title>Биленкин Дмитрий. Миша Кувакин и его монстры</title>
</book>
<book>
	<filename>bilenkin_dmitrii/bilenkin_dmitrii_more_vseh_rek.fb2.zip</filename>
	<title>Биленкин Дмитрий. Море всех рек</title>
</book>
<book>
	<filename>bilenkin_dmitrii/bilenkin_dmitrii_nad_solncem.fb2.zip</filename>
	<title>Биленкин Дмитрий. Над солнцем</title>
</book>
<book>
	<filename>bilenkin_dmitrii/bilenkin_dmitrii_na_pylnoi_tropinke.fb2.zip</filename>
	<title>Биленкин Дмитрий. На пыльной тропинке</title>
</book>
<book>
	<filename>bilenkin_dmitrii/bilenkin_dmitrii_ne_budte_mistikom.fb2.zip</filename>
	<title>Биленкин Дмитрий. Не будьте мистиком!</title>
</book>
<book>
	<filename>bilenkin_dmitrii/bilenkin_dmitrii_nedotroga.fb2.zip</filename>
	<title>Биленкин Дмитрий. Недотрога</title>
</book>
<book>
	<filename>bilenkin_dmitrii/bilenkin_dmitrii_nichego_krome_lda.fb2.zip</filename>
	<title>Биленкин Дмитрий. Ничего, кроме льда</title>
</book>
<book>
	<filename>bilenkin_dmitrii/bilenkin_dmitrii_obyknovennaya_mineralnaya_voda.fb2.zip</filename>
	<title>Биленкин Дмитрий. Обыкновенная минеральная вода</title>
</book>
<book>
	<filename>bilenkin_dmitrii/bilenkin_dmitrii_odnazhdy_nochyu.fb2.zip</filename>
	<title>Биленкин Дмитрий. Однажды ночью</title>
</book>
<book>
	<filename>bilenkin_dmitrii/bilenkin_dmitrii_opasnost_spokoistviya.fb2.zip</filename>
	<title>Биленкин Дмитрий. Опасность спокойствия</title>
</book>
<book>
	<filename>bilenkin_dmitrii/bilenkin_dmitrii_operaciya_na_sovesti.fb2.zip</filename>
	<title>Биленкин Дмитрий. Операция на совести</title>
</book>
<book>
	<filename>bilenkin_dmitrii/bilenkin_dmitrii_peresechenie_puti.fb2.zip</filename>
	<title>Биленкин Дмитрий. Пересечение пути</title>
</book>
<book>
	<filename>bilenkin_dmitrii/bilenkin_dmitrii_poslednyaya_taina_zemli.fb2.zip</filename>
	<title>Биленкин Дмитрий. Последняя тайна земли</title>
</book>
<book>
	<filename>bilenkin_dmitrii/bilenkin_dmitrii_praktika_voobrazheniya.fb2.zip</filename>
	<title>Биленкин Дмитрий. Практика воображения</title>
</book>
<book>
	<filename>bilenkin_dmitrii/bilenkin_dmitrii_prazdnik_neba.fb2.zip</filename>
	<title>Биленкин Дмитрий. Праздник неба</title>
</book>
<book>
	<filename>bilenkin_dmitrii/bilenkin_dmitrii_preimushestvo_shiroty.fb2.zip</filename>
	<title>Биленкин Дмитрий. Преимущество широты</title>
</book>
<book>
	<filename>bilenkin_dmitrii/bilenkin_dmitrii_prilezhnyi_malchik_i_nevidimka.fb2.zip</filename>
	<title>Биленкин Дмитрий. Прилежный мальчик и невидимка</title>
</book>
<book>
	<filename>bilenkin_dmitrii/bilenkin_dmitrii_princip_neopredelyonnosti.fb2.zip</filename>
	<title>Биленкин Дмитрий. Принцип неопределённости</title>
</book>
<book>
	<filename>bilenkin_dmitrii/bilenkin_dmitrii_proba_lichnosti.fb2.zip</filename>
	<title>Биленкин Дмитрий. Проба личности</title>
</book>
<book>
	<filename>bilenkin_dmitrii/bilenkin_dmitrii_problema_podarka.fb2.zip</filename>
	<title>Биленкин Дмитрий. Проблема подарка</title>
</book>
<book>
	<filename>bilenkin_dmitrii/bilenkin_dmitrii_progulka_vchetverom.fb2.zip</filename>
	<title>Биленкин Дмитрий. Прогулка вчетвером</title>
</book>
<book>
	<filename>bilenkin_dmitrii/bilenkin_dmitrii_proverka_na_razumnost.fb2.zip</filename>
	<title>Биленкин Дмитрий. Проверка на разумность</title>
</book>
<book>
	<filename>bilenkin_dmitrii/bilenkin_dmitrii_pustaya_kniga.fb2.zip</filename>
	<title>Биленкин Дмитрий. Пустая книга</title>
</book>
<book>
	<filename>bilenkin_dmitrii/bilenkin_dmitrii_pustynya_zhizni.fb2.zip</filename>
	<title>Биленкин Дмитрий. Пустыня жизни</title>
</book>
<book>
	<filename>bilenkin_dmitrii/bilenkin_dmitrii_put_abogina.fb2.zip</filename>
	<title>Биленкин Дмитрий. Путь Абогина</title>
</book>
<book>
	<filename>bilenkin_dmitrii/bilenkin_dmitrii_remont_yelektronov.fb2.zip</filename>
	<title>Биленкин Дмитрий. “Ремонт электронов”</title>
</book>
<book>
	<filename>bilenkin_dmitrii/bilenkin_dmitrii_shel_chelovek_po_griby_a_shel_chelovek_po_griby.fb2.zip</filename>
	<title>Биленкин Дмитрий. Шел человек по грибы [А шел человек по грибы]</title>
</book>
<book>
	<filename>bilenkin_dmitrii/bilenkin_dmitrii_sila_silnyh.fb2.zip</filename>
	<title>Биленкин Дмитрий. Сила сильных</title>
</book>
<book>
	<filename>bilenkin_dmitrii/bilenkin_dmitrii_slomalsya_yeskuder.fb2.zip</filename>
	<title>Биленкин Дмитрий. Сломался эскудер</title>
</book>
<book>
	<filename>bilenkin_dmitrii/bilenkin_dmitrii_sluchai_na_ganimede.fb2.zip</filename>
	<title>Биленкин Дмитрий. Случай на Ганимеде</title>
</book>
<book>
	<filename>bilenkin_dmitrii/bilenkin_dmitrii_sluchai_na_ome.fb2.zip</filename>
	<title>Биленкин Дмитрий. Случай на Оме</title>
</book>
<book>
	<filename>bilenkin_dmitrii/bilenkin_dmitrii_snega_olimpa.fb2.zip</filename>
	<title>Биленкин Дмитрий. Снега Олимпа</title>
</book>
<book>
	<filename>bilenkin_dmitrii/bilenkin_dmitrii_sokrovisha_neriany.fb2.zip</filename>
	<title>Биленкин Дмитрий. Сокровища Нерианы</title>
</book>
<book>
	<filename>bilenkin_dmitrii/bilenkin_dmitrii_sozdan_chtoby_letat.fb2.zip</filename>
	<title>Биленкин Дмитрий. Создан, чтобы летать</title>
</book>
<book>
	<filename>bilenkin_dmitrii/bilenkin_dmitrii_stroitel_vozdushnyh_zamkov.fb2.zip</filename>
	<title>Биленкин Дмитрий. Строитель воздушных замков</title>
</book>
<book>
	<filename>bilenkin_dmitrii/bilenkin_dmitrii_sushestvuet_li_chelovek.fb2.zip</filename>
	<title>Биленкин Дмитрий. Существует ли человек?</title>
</book>
<book>
	<filename>bilenkin_dmitrii/bilenkin_dmitrii_tihii_zvon_kolokolchika.fb2.zip</filename>
	<title>Биленкин Дмитрий. Тихий звон колокольчика</title>
</book>
<book>
	<filename>bilenkin_dmitrii/bilenkin_dmitrii_tochka_zreniya.fb2.zip</filename>
	<title>Биленкин Дмитрий. Точка зрения</title>
</book>
<book>
	<filename>bilenkin_dmitrii/bilenkin_dmitrii_uchenik_charodeev.fb2.zip</filename>
	<title>Биленкин Дмитрий. Ученик чародеев</title>
</book>
<book>
	<filename>bilenkin_dmitrii/bilenkin_dmitrii_uhodyashih_prosti.fb2.zip</filename>
	<title>Биленкин Дмитрий. Уходящих — прости</title>
</book>
<book>
	<filename>bilenkin_dmitrii/bilenkin_dmitrii_urok_otnositelnosti.fb2.zip</filename>
	<title>Биленкин Дмитрий. Урок относительности</title>
</book>
<book>
	<filename>bilenkin_dmitrii/bilenkin_dmitrii_uzy_boli.fb2.zip</filename>
	<title>Биленкин Дмитрий. Узы боли</title>
</book>
<book>
	<filename>bilenkin_dmitrii/bilenkin_dmitrii_vo_vseh_vselennyh_vo_vseh_galaktikah.fb2.zip</filename>
	<title>Биленкин Дмитрий. Во всех вселенных [Во всех галактиках]</title>
</book>
<book>
	<filename>bilenkin_dmitrii/bilenkin_dmitrii_vremya_smenyayushihsya_lic.fb2.zip</filename>
	<title>Биленкин Дмитрий. Время сменяющихся лиц</title>
</book>
<book>
	<filename>bilenkin_dmitrii/bilenkin_dmitrii_vse_obrazy_mira.fb2.zip</filename>
	<title>Биленкин Дмитрий. Все образы мира</title>
</book>
<book>
	<filename>bilenkin_dmitrii/bilenkin_dmitrii_zachem.fb2.zip</filename>
	<title>Биленкин Дмитрий. Зачем?</title>
</book>
<book>
	<filename>bilenkin_dmitrii/bilenkin_dmitrii_zagadka_veka.fb2.zip</filename>
	<title>Биленкин Дмитрий. Загадка века</title>
</book>
<book>
	<filename>bilenkin_dmitrii/bilenkin_dmitrii_zapret.fb2.zip</filename>
	<title>Биленкин Дмитрий. Запрет</title>
</book>
<book>
	<filename>bilenkin_dmitrii/bilenkin_dmitrii_zazhgi_svet_v_dome_svoyom.fb2.zip</filename>
	<title>Биленкин Дмитрий. Зажги свет в доме своём</title>
</book>
<book>
	<filename>bilenkin_dmitrii/bilenkin_dmitrii_zdes_vodyatsya_provoloki.fb2.zip</filename>
	<title>Биленкин Дмитрий. “Здесь водятся проволоки…”</title>
</book>
<book>
	<filename>bilenkin_dmitrii/bilenkin_dmitrii_znamenie.fb2.zip</filename>
	<title>Биленкин Дмитрий. Знамение</title>
</book>
<book>
	<filename>bilenkin_dmitrii/bilenkin_dmitrii_zvyozdnyi_akvarium.fb2.zip</filename>
	<title>Биленкин Дмитрий. Звёздный аквариум</title>
</book>
<book>
	<filename>bill_alfred/bill_alfred_nevesta_oborotnya.fb2.zip</filename>
	<title>Билл Альфред. Невеста оборотня</title>
</book>
<book>
	<filename>billbelocerkovskii_vladimir/billbelocerkovskii_vladimir_bismark_i_negr.fb2.zip</filename>
	<title>Билль-Белоцерковский Владимир Наумович. Бисмарк и негр</title>
</book>
<book>
	<filename>billbelocerkovskii_vladimir/billbelocerkovskii_vladimir_dikii_reis.fb2.zip</filename>
	<title>Билль-Белоцерковский Владимир Наумович. Дикий рейс</title>
</book>
<book>
	<filename>billbelocerkovskii_vladimir/billbelocerkovskii_vladimir_horoshii_urok.fb2.zip</filename>
	<title>Билль-Белоцерковский Владимир Наумович. Хороший урок</title>
</book>
<book>
	<filename>billbelocerkovskii_vladimir/billbelocerkovskii_vladimir_monotonnost.fb2.zip</filename>
	<title>Билль-Белоцерковский Владимир Наумович. Монотонность</title>
</book>
<book>
	<filename>billbelocerkovskii_vladimir/billbelocerkovskii_vladimir_poshechina.fb2.zip</filename>
	<title>Билль-Белоцерковский Владимир Наумович. Пощечина</title>
</book>
<book>
	<filename>billbelocerkovskii_vladimir/billbelocerkovskii_vladimir_prostoi_pacient.fb2.zip</filename>
	<title>Билль-Белоцерковский Владимир Наумович. Простой пациент</title>
</book>
<book>
	<filename>billbelocerkovskii_vladimir/billbelocerkovskii_vladimir_pyat_dollarov.fb2.zip</filename>
	<title>Билль-Белоцерковский Владимир Наумович. Пять долларов</title>
</book>
<book>
	<filename>billbelocerkovskii_vladimir/billbelocerkovskii_vladimir_staryi_chili.fb2.zip</filename>
	<title>Билль-Белоцерковский Владимир Наумович. Старый Чили</title>
</book>
<book>
	<filename>billbelocerkovskii_vladimir/billbelocerkovskii_vladimir_tri_bifshteksa_s_prilozheniem.fb2.zip</filename>
	<title>Билль-Белоцерковский Владимир Наумович. Три бифштекса с приложением</title>
</book>
<book>
	<filename>billbelocerkovskii_vladimir/billbelocerkovskii_vladimir_v_dzhunglyah_parizha.fb2.zip</filename>
	<title>Билль-Белоцерковский Владимир Наумович. В джунглях Парижа</title>
</book>
<book>
	<filename>bills_ryendall/bills_ryendall_osnovateli_klanov_i_ishod.fb2.zip</filename>
	<title>Биллс Рэндалл Н. Основатели кланов I: Исход</title>
</book>
<book>
	<filename>bills_ryendall/bills_ryendall_put_slavy.fb2.zip</filename>
	<title>Биллс Рэндалл Н. Путь славы</title>
</book>
<book>
	<filename>bilton_pol/bilton_pol_yeti_strannye_shveicarcy.fb2.zip</filename>
	<title>Билтон Пол. Эти странные швейцарцы</title>
</book>
<book>
	<filename>binghem_laiza/binghem_laiza_bengalskie_rubiny.fb2.zip</filename>
	<title>Бингхем Лайза. Бенгальские рубины</title>
</book>
<book>
	<filename>bing_yun/bing_yun_bullimar.fb2.zip</filename>
	<title>Бинг Юн. Буллимар</title>
</book>
<book>
	<filename>bing_yun/bing_yun_riestofer_yusef.fb2.zip</filename>
	<title>Бинг Юн. Риестофер Юсеф</title>
</book>
<book>
	<filename>binz_archi/binz_archi_baster_ko_mne.fb2.zip</filename>
	<title>Бинз Арчи. Бастер, ко мне!</title>
</book>
<book>
	<filename>bioi_kasares_adolfo/bioi_kasares_adolfo_ad_porcos.fb2.zip</filename>
	<title>Биой Касарес Адольфо. Ad porcos</title>
</book>
<book>
	<filename>bioi_kasares_adolfo/bioi_kasares_adolfo_bolshoi_serafim.fb2.zip</filename>
	<title>Биой Касарес Адольфо. Большой серафим</title>
</book>
<book>
	<filename>bioi_kasares_adolfo/bioi_kasares_adolfo_delo_zhizni.fb2.zip</filename>
	<title>Биой Касарес Адольфо. Дело жизни</title>
</book>
<book>
	<filename>bioi_kasares_adolfo/bioi_kasares_adolfo_dnevnik_voiny_so_svinyami.fb2.zip</filename>
	<title>Биой Касарес Адольфо. Дневник войны со свиньями</title>
</book>
<book>
	<filename>bioi_kasares_adolfo/bioi_kasares_adolfo_kak_ryt_mogilu.fb2.zip</filename>
	<title>Биой Касарес Адольфо. Как рыть могилу</title>
</book>
<book>
	<filename>bioi_kasares_adolfo/bioi_kasares_adolfo_lica_istiny.fb2.zip</filename>
	<title>Биой Касарес Адольфо. Лица истины</title>
</book>
<book>
	<filename>bioi_kasares_adolfo/bioi_kasares_adolfo_passazhirka_pervogo_klassa.fb2.zip</filename>
	<title>Биой Касарес Адольфо. Пассажирка первого класса</title>
</book>
<book>
	<filename>bioi_kasares_adolfo/bioi_kasares_adolfo_pauki_i_muhi.fb2.zip</filename>
	<title>Биой Касарес Адольфо. Пауки и мухи</title>
</book>
<book>
	<filename>bioi_kasares_adolfo/bioi_kasares_adolfo_poslepoludennyi_otdyh_favna.fb2.zip</filename>
	<title>Биой Касарес Адольфо. Послеполуденный отдых фавна</title>
</book>
<book>
	<filename>bioi_kasares_adolfo/bioi_kasares_adolfo_priznaniya_volka.fb2.zip</filename>
	<title>Биой Касарес Адольфо. Признания волка</title>
</book>
<book>
	<filename>bioi_kasares_adolfo/bioi_kasares_adolfo_proigrannaya_voina.fb2.zip</filename>
	<title>Биой Касарес Адольфо. Проигранная война</title>
</book>
<book>
	<filename>bioi_kasares_adolfo/bioi_kasares_adolfo_vstrecha.fb2.zip</filename>
	<title>Биой Касарес Адольфо. Встреча</title>
</book>
<book>
	<filename>bioi_kasares_adolfo/bioi_kasares_adolfo_vysshii_dar.fb2.zip</filename>
	<title>Биой Касарес Адольфо. Высший дар</title>
</book>
<book>
	<filename>birger_aleksei/birger_aleksei_taina_neudachnogo_vystrela.fb2.zip</filename>
	<title>Биргер Алексей. Тайна неудачного выстрела</title>
</book>
<book>
	<filename>birger_aleksei/birger_aleksei_taina_utoplennoi_ramy.fb2.zip</filename>
	<title>Биргер Алексей. Тайна утопленной рамы</title>
</book>
<book>
	<filename>birger_aleksei/birger_aleksei_taina_vzorvannogo_monastyrya.fb2.zip</filename>
	<title>Биргер Алексей. Тайна взорванного монастыря</title>
</book>
<book>
	<filename>bir_greg/bir_greg_akademiya_i_haos.fb2.zip</filename>
	<title>Бир Грег. Академия и хаос</title>
</book>
<book>
	<filename>bir_greg/bir_greg_bozhii_molot.fb2.zip</filename>
	<title>Бир Грег. Божий молот</title>
</book>
<book>
	<filename>bir_greg/bir_greg_horal_zabveniya.fb2.zip</filename>
	<title>Бир Грег. Хорал забвения</title>
</book>
<book>
	<filename>bir_greg/bir_greg_muzyka_zvuchashaya_v_krovi.fb2.zip</filename>
	<title>Бир Грег. Музыка, звучащая в крови</title>
</book>
<book>
	<filename>bir_greg/bir_greg_nakovalnya_zvezd.fb2.zip</filename>
	<title>Бир Грег. Наковальня звезд</title>
</book>
<book>
	<filename>bir_greg/bir_greg_planetabrodyaga.fb2.zip</filename>
	<title>Бир Грег. Планета-бродяга</title>
</book>
<book>
	<filename>bir_greg/bir_greg_smertelnaya_shvatka.fb2.zip</filename>
	<title>Бир Грег. Смертельная схватка</title>
</book>
<book>
	<filename>bir_greg/bir_greg_star_wars_planetabrodyaga.fb2.zip</filename>
	<title>Бир Грег. Star Wars: Планета-бродяга</title>
</book>
<book>
	<filename>bir_greg/bir_greg_yeon.fb2.zip</filename>
	<title>Бир Грег. Эон</title>
</book>
<book>
	<filename>bir_greg/bir_greg_za_nebesnoi_rekoi.fb2.zip</filename>
	<title>Бир Грег. За небесной рекой</title>
</book>
<book>
	<filename>birkhoizeroyeri_sibill/birkhoizeroyeri_sibill_mat_arhetipicheskii_obraz_v_volshebnoi_skazke.fb2.zip</filename>
	<title>Биркхойзер-Оэри Сибилл. Мать. Архетипический образ в волшебной сказке</title>
</book>
<book>
	<filename>birman_dzhon/birman_dzhon_pravednik_istoriya_o_raule_vallenberge_propavshem_geroe_holokosta.fb2.zip</filename>
	<title>Бирман Джон. Праведник. История о Рауле Валленберге, пропавшем герое Холокоста</title>
</book>
<book>
	<filename>birn_biverli/birn_biverli_neugasimyi_ogon.fb2.zip</filename>
	<title>Бирн Биверли. Неугасимый огонь</title>
</book>
<book>
	<filename>birn_biverli/birn_biverli_ognennye_pticy.fb2.zip</filename>
	<title>Бирн Биверли. Огненные птицы</title>
</book>
<book>
	<filename>birn_biverli/birn_biverli_plamya_vozmezdiya.fb2.zip</filename>
	<title>Бирн Биверли. Пламя возмездия</title>
</book>
<book>
	<filename>birn_dzhuliya/birn_dzhuliya_plennica_vikinga.fb2.zip</filename>
	<title>Бирн Джулия. Пленница викинга</title>
</book>
<book>
	<filename>birn_dzhuliya/birn_dzhuliya_volshebstvo_lyubvi.fb2.zip</filename>
	<title>Бирн Джулия. Волшебство любви</title>
</book>
<book>
	<filename>birn_robert/birn_robert_neboskreb.fb2.zip</filename>
	<title>Бирн Роберт. Небоскреб</title>
</book>
<book>
	<filename>birn_robert/birn_robert_plotina.fb2.zip</filename>
	<title>Бирн Роберт. Плотина</title>
</book>
<book>
	<filename>birn_robert/birn_robert_poezd_smerti.fb2.zip</filename>
	<title>Бирн Роберт. Поезд смерти</title>
</book>
<book>
	<filename>birns_maikl/birns_maikl_svyataya_taina.fb2.zip</filename>
	<title>Бирнс Майкл. Святая тайна</title>
</book>
<book>
	<filename>birs_ambroz/birs_ambroz_proklyataya_tvar.fb2.zip</filename>
	<title>Бирс Амброз. Проклятая тварь</title>
</book>
<book>
	<filename>birs_dzhein/birs_dzhein_vstrecha_na_balu.fb2.zip</filename>
	<title>Бирс Джейн. Встреча на балу</title>
</book>
<book>
	<filename>biryukov_aleksandr/biryukov_aleksandr_cheloveksalamandra.fb2.zip</filename>
	<title>Бирюков Александр. Человек-саламандра</title>
</book>
<book>
	<filename>biryulin_gavriil/biryulin_gavriil_more_i_zvezdy.fb2.zip</filename>
	<title>Бирюлин Гавриил Михайлович. Море и звезды</title>
</book>
<book>
	<filename>bishof_dyevid/bishof_dyevid_doskaprizrak.fb2.zip</filename>
	<title>Бишоф Дэвид. Доска-призрак</title>
</book>
<book>
	<filename>bishof_dyevid/bishof_dyevid_edinorogovyi_gambit.fb2.zip</filename>
	<title>Бишоф Дэвид. Единороговый гамбит</title>
</book>
<book>
	<filename>bishof_dyevid/bishof_dyevid_genocid.fb2.zip</filename>
	<title>Бишоф Дэвид. Геноцид</title>
</book>
<book>
	<filename>bishof_dyevid/bishof_dyevid_nedetskie_igry.fb2.zip</filename>
	<title>Бишоф Дэвид. Недетские игры</title>
</book>
<book>
	<filename>bishof_dyevid/bishof_dyevid_planeta_ohotnikov.fb2.zip</filename>
	<title>Бишоф Дэвид. Планета Охотников</title>
</book>
<book>
	<filename>bishof_dyevid/bishof_dyevid_rokovye_kosti.fb2.zip</filename>
	<title>Бишоф Дэвид. Роковые кости</title>
</book>
<book>
	<filename>bishop_sheila/bishop_sheila_devica_na_vydane.fb2.zip</filename>
	<title>Бишоп Шейла. Девица на выданье</title>
</book>
<book>
	<filename>bishop_sheila/bishop_sheila_kuzina_korolevy.fb2.zip</filename>
	<title>Бишоп Шейла. Кузина королевы</title>
</book>
<book>
	<filename>bishop_sheila/bishop_sheila_nevesty_i_kurtizanki.fb2.zip</filename>
	<title>Бишоп Шейла. Невесты и куртизанки</title>
</book>
<book>
	<filename>bishop_sheila/bishop_sheila_s_pervogo_vzglyada.fb2.zip</filename>
	<title>Бишоп Шейла. С первого взгляда</title>
</book>
<book>
	<filename>bishop_syu/bishop_syu_kak_delat_vse_posvoemu.fb2.zip</filename>
	<title>Бишоп Сью. Как делать все по-своему</title>
</book>
<book>
	<filename>bishop_zeliya/bishop_zeliya_lokon_meduzy.fb2.zip</filename>
	<title>Бишоп Зелия. Локон Медузы</title>
</book>
<book>
	<filename>bisson_terri/bisson_terri_oni_sdelany_iz_myasa.fb2.zip</filename>
	<title>Биссон Терри. Они сделаны из мяса</title>
</book>
<book>
	<filename>bisson_terri/bisson_terri_staryovshik.fb2.zip</filename>
	<title>Биссон Терри. Старьёвщик</title>
</book>
<book>
	<filename>bisson_terri/bisson_terri_svyatoi_leibovic_i_dikaya_loshad.fb2.zip</filename>
	<title>Биссон Терри. Святой Лейбовиц и Дикая Лошадь</title>
</book>
<book>
	<filename>bitner_rozanna/bitner_rozanna_dyhanie_strasti.fb2.zip</filename>
	<title>Битнер Розанна. Дыхание страсти</title>
</book>
<book>
	<filename>bitner_rozanna/bitner_rozanna_nezhnoe_predatelstvo.fb2.zip</filename>
	<title>Битнер Розанна. Нежное предательство</title>
</book>
<book>
	<filename>bitner_rozanna/bitner_rozanna_pust_serdce_skazhet.fb2.zip</filename>
	<title>Битнер Розанна. Пусть сердце скажет</title>
</book>
<book>
	<filename>bitner_rozanna/bitner_rozanna_rassvet_sudby.fb2.zip</filename>
	<title>Битнер Розанна. Рассвет судьбы</title>
</book>
<book>
	<filename>bitner_rozanna/bitner_rozanna_zemlya_bushuyushih_strastei.fb2.zip</filename>
	<title>Битнер Розанна. Земля бушующих страстей</title>
</book>
<book>
	<filename>bitov_andrei/bitov_andrei_file_na_grani_fola.fb2.zip</filename>
	<title>Битов Андрей Георгиевич. File на грани фола</title>
</book>
<book>
	<filename>bitsi_dzhek/bitsi_dzhek_glubokii_shram.fb2.zip</filename>
	<title>Битси Джек. Глубокий шрам</title>
</book>
<book>
	<filename>biven_hloya/biven_hloya_neozhidannoe_priglashenie.fb2.zip</filename>
	<title>Бивен Хлоя. Неожиданное приглашение</title>
</book>
<book>
	<filename>biven_hloya/biven_hloya_snezhnyi_mirazh.fb2.zip</filename>
	<title>Бивен Хлоя. Снежный мираж</title>
</book>
<book>
	<filename>biven_hloya/biven_hloya_snova_vmeste.fb2.zip</filename>
	<title>Бивен Хлоя. Снова вместе</title>
</book>
<book>
	<filename>biven_hloya/biven_hloya_vmeste_navsegda.fb2.zip</filename>
	<title>Бивен Хлоя. Вместе навсегда</title>
</book>
<book>
	<filename>bivor_yentoni/bivor_yentoni_stalingrad.fb2.zip</filename>
	<title>Бивор Энтони. Сталинград</title>
</book>
<book>
	<filename>bivor_yentoni/bivor_yentoni_v_interesah_gosudarstva.fb2.zip</filename>
	<title>Бивор Энтони. В интересах государства</title>
</book>
<book>
	<filename>blait_mirra/blait_mirra_poslanec_nebes.fb2.zip</filename>
	<title>Блайт Мирра. Посланец небес</title>
</book>
<book>
	<filename>blaiton_yenid/blaiton_yenid_polnaya_pobeda_sekretnoi_semerki_taina_staroi_peshery.fb2.zip</filename>
	<title>Блайтон Энид. Полная победа «Секретной семерки» (Тайна старой пещеры)</title>
</book>
<book>
	<filename>blaiton_yenid/blaiton_yenid_priklyucheniya_sekretnoi_semerki.fb2.zip</filename>
	<title>Блайтон Энид. Приключения «Секретной семерки»</title>
</book>
<book>
	<filename>blaiton_yenid/blaiton_yenid_sekretnaya_semerka.fb2.zip</filename>
	<title>Блайтон Энид. Секретная семерка</title>
</book>
<book>
	<filename>blaiton_yenid/blaiton_yenid_sekretnaya_semerka_idet_po_sledu_taina_pustogo_doma.fb2.zip</filename>
	<title>Блайтон Энид. «Секретная семерка» идет по следу (Тайна пустого дома)</title>
</book>
<book>
	<filename>blaiton_yenid/blaiton_yenid_sekretnaya_semerka_ustraivaet_feierverk.fb2.zip</filename>
	<title>Блайтон Энид. «Секретная семерка» устраивает фейерверк</title>
</book>
<book>
	<filename>blaiton_yenid/blaiton_yenid_staraya_dobraya_sekretnaya_semerka_taina_podzornoi_truby.fb2.zip</filename>
	<title>Блайтон Энид. Старая добрая «Секретная семерка» (Тайна подзорной трубы)</title>
</book>
<book>
	<filename>blaiton_yenid/blaiton_yenid_taina_brodyachego_cirka.fb2.zip</filename>
	<title>Блайтон Энид. Тайна бродячего цирка</title>
</book>
<book>
	<filename>blaiton_yenid/blaiton_yenid_taina_cheloveka_so_shramom.fb2.zip</filename>
	<title>Блайтон Энид. Тайна человека со шрамом</title>
</book>
<book>
	<filename>blaiton_yenid/blaiton_yenid_taina_cyganskogo_tabora.fb2.zip</filename>
	<title>Блайтон Энид. Тайна цыганского табора</title>
</book>
<book>
	<filename>blaiton_yenid/blaiton_yenid_taina_doliny_sokrovish.fb2.zip</filename>
	<title>Блайтон Энид. Тайна долины сокровищ</title>
</book>
<book>
	<filename>blaiton_yenid/blaiton_yenid_taina_dragocennyh_kamnei.fb2.zip</filename>
	<title>Блайтон Энид. Тайна драгоценных камней</title>
</book>
<book>
	<filename>blaiton_yenid/blaiton_yenid_taina_goluboi_laguny.fb2.zip</filename>
	<title>Блайтон Энид. Тайна голубой лагуны</title>
</book>
<book>
	<filename>blaiton_yenid/blaiton_yenid_taina_holma_billikok.fb2.zip</filename>
	<title>Блайтон Энид. Тайна холма Билликок</title>
</book>
<book>
	<filename>blaiton_yenid/blaiton_yenid_taina_ischeznuvshego_princa.fb2.zip</filename>
	<title>Блайтон Энид. Тайна исчезнувшего принца</title>
</book>
<book>
	<filename>blaiton_yenid/blaiton_yenid_taina_kota_iz_pantomimy.fb2.zip</filename>
	<title>Блайтон Энид. Тайна кота из пантомимы</title>
</book>
<book>
	<filename>blaiton_yenid/blaiton_yenid_taina_kottedzha_omella.fb2.zip</filename>
	<title>Блайтон Энид. Тайна коттеджа ''Омелла''</title>
</book>
<book>
	<filename>blaiton_yenid/blaiton_yenid_taina_kottedzha_talliho.fb2.zip</filename>
	<title>Блайтон Энид. Тайна коттеджа ''Талли-Хо''</title>
</book>
<book>
	<filename>blaiton_yenid/blaiton_yenid_taina_lesnogo_doma.fb2.zip</filename>
	<title>Блайтон Энид. Тайна лесного дома</title>
</book>
<book>
	<filename>blaiton_yenid/blaiton_yenid_taina_mertvogo_ostrova.fb2.zip</filename>
	<title>Блайтон Энид. Тайна мертвого острова</title>
</book>
<book>
	<filename>blaiton_yenid/blaiton_yenid_taina_mrachnogo_ozera.fb2.zip</filename>
	<title>Блайтон Энид. Тайна мрачного озера</title>
</book>
<book>
	<filename>blaiton_yenid/blaiton_yenid_taina_orlinogo_gnezda.fb2.zip</filename>
	<title>Блайтон Энид. Тайна орлиного гнезда</title>
</book>
<book>
	<filename>blaiton_yenid/blaiton_yenid_taina_ostrova_sokrovish.fb2.zip</filename>
	<title>Блайтон Энид. Тайна острова сокровищ</title>
</book>
<book>
	<filename>blaiton_yenid/blaiton_yenid_taina_podbroshennyh_pisem.fb2.zip</filename>
	<title>Блайтон Энид. Тайна подброшенных писем</title>
</book>
<book>
	<filename>blaiton_yenid/blaiton_yenid_taina_podvodnoi_peshery.fb2.zip</filename>
	<title>Блайтон Энид. Тайна подводной пещеры</title>
</book>
<book>
	<filename>blaiton_yenid/blaiton_yenid_taina_podzemnogo_koridora.fb2.zip</filename>
	<title>Блайтон Энид. Тайна подземного коридора</title>
</book>
<book>
	<filename>blaiton_yenid/blaiton_yenid_taina_podzemnogo_korolevstva.fb2.zip</filename>
	<title>Блайтон Энид. Тайна подземного королевства</title>
</book>
<book>
	<filename>blaiton_yenid/blaiton_yenid_taina_poezdaprizraka.fb2.zip</filename>
	<title>Блайтон Энид. Тайна поезда-призрака</title>
</book>
<book>
	<filename>blaiton_yenid/blaiton_yenid_taina_pribrezhnyh_skal.fb2.zip</filename>
	<title>Блайтон Энид. Тайна прибрежных скал</title>
</book>
<book>
	<filename>blaiton_yenid/blaiton_yenid_taina_propavshego_ozherelya.fb2.zip</filename>
	<title>Блайтон Энид. Тайна пропавшего ожерелья</title>
</book>
<book>
	<filename>blaiton_yenid/blaiton_yenid_taina_propavshei_koshki.fb2.zip</filename>
	<title>Блайтон Энид. Тайна пропавшей кошки</title>
</book>
<book>
	<filename>blaiton_yenid/blaiton_yenid_taina_razrushennogo_zamka.fb2.zip</filename>
	<title>Блайтон Энид. Тайна разрушенного замка</title>
</book>
<book>
	<filename>blaiton_yenid/blaiton_yenid_taina_ryzhego_pohititelya.fb2.zip</filename>
	<title>Блайтон Энид. Тайна рыжего похитителя</title>
</book>
<book>
	<filename>blaiton_yenid/blaiton_yenid_taina_sekretnoi_komnaty.fb2.zip</filename>
	<title>Блайтон Энид. Тайна секретной комнаты</title>
</book>
<book>
	<filename>blaiton_yenid/blaiton_yenid_taina_sekretnoi_laboratorii.fb2.zip</filename>
	<title>Блайтон Энид. Тайна секретной лаборатории</title>
</book>
<book>
	<filename>blaiton_yenid/blaiton_yenid_taina_serebristogo_limuzina.fb2.zip</filename>
	<title>Блайтон Энид. Тайна серебристого лимузина</title>
</book>
<book>
	<filename>blaiton_yenid/blaiton_yenid_taina_sgorevshego_kottedzha.fb2.zip</filename>
	<title>Блайтон Энид. Тайна сгоревшего коттеджа</title>
</book>
<book>
	<filename>blaiton_yenid/blaiton_yenid_taina_sovinogo_holma.fb2.zip</filename>
	<title>Блайтон Энид. Тайна совиного холма</title>
</book>
<book>
	<filename>blaiton_yenid/blaiton_yenid_taina_starinnoi_bashni.fb2.zip</filename>
	<title>Блайтон Энид. Тайна старинной башни</title>
</book>
<book>
	<filename>blaiton_yenid/blaiton_yenid_taina_starogo_podzemelya.fb2.zip</filename>
	<title>Блайтон Энид. Тайна старого подземелья</title>
</book>
<book>
	<filename>blaiton_yenid/blaiton_yenid_taina_staroi_kreposti.fb2.zip</filename>
	<title>Блайтон Энид. Тайна старой крепости</title>
</book>
<book>
	<filename>blaiton_yenid/blaiton_yenid_taina_strannogo_svertka.fb2.zip</filename>
	<title>Блайтон Энид. Тайна странного свертка</title>
</book>
<book>
	<filename>blaiton_yenid/blaiton_yenid_taina_svetyasheisya_gory.fb2.zip</filename>
	<title>Блайтон Энид. Тайна светящейся горы</title>
</book>
<book>
	<filename>blaiton_yenid/blaiton_yenid_taina_vershiny_kontrabandista.fb2.zip</filename>
	<title>Блайтон Энид. Тайна «Вершины Контрабандиста»</title>
</book>
<book>
	<filename>blaiton_yenid/blaiton_yenid_taina_voranevidimki.fb2.zip</filename>
	<title>Блайтон Энид. Тайна вора-невидимки</title>
</book>
<book>
	<filename>blaiton_yenid/blaiton_yenid_taina_zagadochnyh_poslanii.fb2.zip</filename>
	<title>Блайтон Энид. Тайна загадочных посланий</title>
</book>
<book>
	<filename>blaiton_yenid/blaiton_yenid_taina_zaputannogo_sleda.fb2.zip</filename>
	<title>Блайтон Энид. Тайна запутанного следа</title>
</book>
<book>
	<filename>blaiton_yenid/blaiton_yenid_taina_zolotyh_chasov.fb2.zip</filename>
	<title>Блайтон Энид. Тайна золотых часов</title>
</book>
<book>
	<filename>blaiton_yenid/blaiton_yenid_taina_zolotyh_statui.fb2.zip</filename>
	<title>Блайтон Энид. Тайна золотых статуй</title>
</book>
<book>
	<filename>blaiton_yenid/blaiton_yenid_tainy_sekretnoi_semerki.fb2.zip</filename>
	<title>Блайтон Энид. Тайны «Секретной семерки»</title>
</book>
<book>
	<filename>blaiton_yenid/blaiton_yenid_tak_derzhat_sekretnaya_semerka_taina_ukradennyh_psov.fb2.zip</filename>
	<title>Блайтон Энид. Так держать, «Секретная семерка»! (Тайна украденных псов)</title>
</book>
<book>
	<filename>blaiton_yenid/blaiton_yenid_trizhdy_ura_sekretnoi_semerke_taina_kashtanovoi_roshi.fb2.zip</filename>
	<title>Блайтон Энид. Трижды «Ура» «Секретной семерке»! (Тайна каштановой рощи)</title>
</book>
<book>
	<filename>blaiton_yenid/blaiton_yenid_udachi_sekretnaya_semerka.fb2.zip</filename>
	<title>Блайтон Энид. Удачи, «Секретная семерка»!</title>
</book>
<book>
	<filename>blaiton_yenid/blaiton_yenid_uspeh_sekretnoi_semerki.fb2.zip</filename>
	<title>Блайтон Энид. Успех «Секретной семерки»</title>
</book>
<book>
	<filename>blaiton_yenid/blaiton_yenid_zagadka_dlya_sekretnoi_semerki_taina_propavshei_skripki_taina_ogorodnogo_pugala.fb2.zip</filename>
	<title>Блайтон Энид. Загадка для «Секретной семерки» (Тайна пропавшей скрипки, Тайна огородного пугала)</title>
</book>
<book>
	<filename>blaiton_yenid/blaiton_yenid_zagadka_magicheskih_chisel.fb2.zip</filename>
	<title>Блайтон Энид. Загадка магических чисел</title>
</book>
<book>
	<filename>blaiton_yenid/blaiton_yenid_zagadka_morskoi_peshery.fb2.zip</filename>
	<title>Блайтон Энид. Загадка морской пещеры</title>
</book>
<book>
	<filename>blaiton_yenid/blaiton_yenid_zagadka_propavshego_ruchya.fb2.zip</filename>
	<title>Блайтон Энид. Загадка пропавшего ручья</title>
</book>
<book>
	<filename>blaiton_yenid/blaiton_yenid_zheltaya_kniga_fei.fb2.zip</filename>
	<title>Блайтон Энид. Желтая Книга фей</title>
</book>

</books>

