<?xml version="1.0" encoding="UTF-8" ?>
<books>

<book>
	<filename>caldwell_ian/caldwell_ian_the_rule_of_four.fb2.zip</filename>
	<title>Caldwell Ian. The Rule of Four</title>
</book>

<book>
	<filename>carolus_iv_/carolus_iv__vita_caroli.fb2.zip</filename>
	<title>Carolus iv. Vita Caroli</title>
</book>
<book>
	<filename>carroll_lewis/carroll_lewis_alices_adventures_in_wonderland.fb2.zip</filename>
	<title>Carroll Lewis. Alice's adventures in Wonderland</title>
</book>
<book>
	<filename>carroll_lewis/carroll_lewis_the_hunting_of_the_snark.fb2.zip</filename>
	<title>Carroll Lewis. The hunting of the Snark</title>
</book>
<book>
	<filename>child_lee/child_lee_die_trying.fb2.zip</filename>
	<title>Child Lee. Die Trying</title>
</book>
<book>
	<filename>child_lee/child_lee_echo_burning.fb2.zip</filename>
	<title>Child Lee. Echo Burning</title>
</book>
<book>
	<filename>child_lee/child_lee_running_blind.fb2.zip</filename>
	<title>Child Lee. Running Blind</title>
</book>
<book>
	<filename>child_lee/child_lee_tripwire.fb2.zip</filename>
	<title>Child Lee. Tripwire</title>
</book>
<book>
	<filename>clarke_arthur/clarke_arthur_sunstorm.fb2.zip</filename>
	<title>Clarke Arthur Charles. Sunstorm</title>
</book>
<book>
	<filename>clarke_arthur/clarke_arthur_the_star.fb2.zip</filename>
	<title>Clarke Arthur Charles. The Star</title>
</book>
<book>
	<filename>clarke_arthur/clarke_arthur_times_eye.fb2.zip</filename>
	<title>Clarke Arthur Charles. Time’s Eye</title>
</book>

<book>
	<filename>connelly_micael/connelly_micael_the_last_coyote.fb2.zip</filename>
	<title>Connelly Micael. The Last Coyote</title>
</book>
<book>
	<filename>cornwell_bernard/cornwell_bernard_sharpes_tiger.fb2.zip</filename>
	<title>Cornwell Bernard. Sharpe's Tiger</title>
</book>
<book>
	<filename>cornwell_bernard/cornwell_bernard_sharpes_triumph.fb2.zip</filename>
	<title>Cornwell Bernard. Sharpe's Triumph</title>
</book>

</books>
