<?xml version="1.0" encoding="UTF-8" ?>
<books>
<book>
	<filename>cherrit_robert/cherrit_robert_naslednik_drakona.fb2.zip</filename>
	<title>Черрит Роберт. Наследник дракона</title>
</book>
<book>
	<filename>cherrit_robert/cherrit_robert_volchya_staya.fb2.zip</filename>
	<title>Черрит Роберт. Волчья стая</title>
</book>
<book>
	<filename>cherrit_robert/cherrit_robert_volki_na_granice.fb2.zip</filename>
	<title>Черрит Роберт. Волки на границе</title>
</book>
<book>
	<filename>chertanov_maksim/chertanov_maksim_kaznit_nelzya_pomilovat.fb2.zip</filename>
	<title>Чертанов Максим. Казнить нельзя помиловать</title>
</book>
<book>
	<filename>chertok_boris/chertok_boris_rakety_i_lyudi.fb2.zip</filename>
	<title>Черток Борис Евсеевич. Ракеты и люди</title>
</book>
<book>
	<filename>chertok_boris/chertok_boris_rakety_i_lyudi_filipodlipkityuratam.fb2.zip</filename>
	<title>Черток Борис Евсеевич. Ракеты и люди. Фили-Подлипки-Тюратам</title>
</book>
<book>
	<filename>chertok_boris/chertok_boris_rakety_i_lyudi_goryachie_dni_holodnoi_voiny.fb2.zip</filename>
	<title>Черток Борис Евсеевич. Ракеты и люди. Горячие дни холодной войны</title>
</book>
<book>
	<filename>chertok_boris/chertok_boris_rakety_i_lyudi_lunnaya_gonka.fb2.zip</filename>
	<title>Черток Борис Евсеевич. Ракеты и люди. Лунная гонка</title>
</book>
<book>
	<filename>chertoprud_sergei/chertoprud_sergei_nauchnotehnicheskaya_razvedka_ot_lenina_do_gorbacheva.fb2.zip</filename>
	<title>Чертопруд Сергей. Научно-техническая разведка от Ленина до Горбачева</title>
</book>
<book>
	<filename>chervinskaya_nataliya/chervinskaya_nataliya_zapozdalye_puteshestviya.fb2.zip</filename>
	<title>Червинская Наталия. Запоздалые путешествия</title>
</book>
<book>
	<filename>cheshko_fedor/cheshko_fedor_arhangely_i_ko.fb2.zip</filename>
	<title>Чешко Федор. Архангелы и Ко</title>
</book>
<book>
	<filename>cheshko_fedor/cheshko_fedor_lihoi_hmel.fb2.zip</filename>
	<title>Чешко Федор Федорович. Лихой хмель</title>
</book>
<book>
	<filename>cheshko_fedor/cheshko_fedor_na_beregah_tumana.fb2.zip</filename>
	<title>Чешко Федор. На берегах тумана</title>
</book>
<book>
	<filename>cheshko_fedor/cheshko_fedor_poslannik_bezdonnoi_mgly.fb2.zip</filename>
	<title>Чешко Федор Федорович. Посланник Бездонной Мглы</title>
</book>
<book>
	<filename>cheshko_fedor/cheshko_fedor_rzhavoe_zarevo.fb2.zip</filename>
	<title>Чешко Федор. Ржавое зарево</title>
</book>
<book>
	<filename>cheshko_fedor/cheshko_fedor_tarakani_bega.fb2.zip</filename>
	<title>Чешко Федор. Тараканьи бега</title>
</book>
<book>
	<filename>cheshko_fedor/cheshko_fedor_urman.fb2.zip</filename>
	<title>Чешко Федор. Урман</title>
</book>
<book>
	<filename>cheshko_fedor/cheshko_fedor_virtuoz_boevoi_stali.fb2.zip</filename>
	<title>Чешко Федор Федорович. Виртуоз боевой стали</title>
</book>
<book>
	<filename>cheshko_fedor/cheshko_fedor_vityaz_zheleznyi_biven.fb2.zip</filename>
	<title>Чешко Федор Федорович. Витязь Железный Бивень</title>
</book>
<book>
	<filename>cheshko_fedor/cheshko_fedor_v_kanun_ragnardi.fb2.zip</filename>
	<title>Чешко Федор. В канун Рагнарди</title>
</book>
<book>
	<filename>chesterton_gilbert/chesterton_gilbert_alaya_luna_meru.fb2.zip</filename>
	<title>Честертон Гилберт Кийт. Алая луна Меру</title>
</book>
<book>
	<filename>chesterton_gilbert/chesterton_gilbert_alibi_aktrisy.fb2.zip</filename>
	<title>Честертон Гилберт Кийт. Алиби актрисы</title>
</book>
<book>
	<filename>chesterton_gilbert/chesterton_gilbert_belaya_vorona.fb2.zip</filename>
	<title>Честертон Гилберт Кийт. «Белая ворона»</title>
</book>
<book>
	<filename>chesterton_gilbert/chesterton_gilbert_besslavnoe_krushenie_odnoi_blestyashei_reputacii.fb2.zip</filename>
	<title>Честертон Гилберт Кит. Бесславное крушение одной блестящей репутации</title>
</book>
<book>
	<filename>chesterton_gilbert/chesterton_gilbert_bezdonnyi_kolodec.fb2.zip</filename>
	<title>Честертон Гилберт Кийт. Бездонный колодец</title>
</book>
<book>
	<filename>chesterton_gilbert/chesterton_gilbert_bog_gongov.fb2.zip</filename>
	<title>Честертон Гилберт Кийт. Бог гонгов</title>
</book>
<book>
	<filename>chesterton_gilbert/chesterton_gilbert_chelovek_kotoryi_byl_chetvergom.fb2.zip</filename>
	<title>Честертон Гилберт Кийт. Человек, который был Четвергом</title>
</book>
<book>
	<filename>chesterton_gilbert/chesterton_gilbert_chelovek_o_dvuh_borodah.fb2.zip</filename>
	<title>Честертон Гилберт Кийт. Человек о двух бородах</title>
</book>
<book>
	<filename>chesterton_gilbert/chesterton_gilbert_chelovek_s_kotorym_nelzya_govorit.fb2.zip</filename>
	<title>Честертон Гилберт Кит. Человек, с которым нельзя говорить</title>
</book>
<book>
	<filename>chesterton_gilbert/chesterton_gilbert_chelovek_v_proulke.fb2.zip</filename>
	<title>Честертон Гилберт Кийт. Человек в проулке</title>
</book>
<book>
	<filename>chesterton_gilbert/chesterton_gilbert_chest_izrayelya_gau.fb2.zip</filename>
	<title>Честертон Гилберт Кийт. Честь Израэля Гау</title>
</book>
<book>
	<filename>chesterton_gilbert/chesterton_gilbert_chestnyi_sharlatan.fb2.zip</filename>
	<title>Честертон Гилберт Кий. Честный шарлатан</title>
</book>
<book>
	<filename>chesterton_gilbert/chesterton_gilbert_chudo_polumesyaca.fb2.zip</filename>
	<title>Честертон Гилберт Кийт. Чудо «Полумесяца»</title>
</book>
<book>
	<filename>chesterton_gilbert/chesterton_gilbert_derevyannyi_mech.fb2.zip</filename>
	<title>Честертон Гилберт Кит. Деревянный меч</title>
</book>
<book>
	<filename>chesterton_gilbert/chesterton_gilbert_dusha_shkolnika.fb2.zip</filename>
	<title>Честертон Гилберт Кийт. Душа школьника</title>
</book>
<book>
	<filename>chesterton_gilbert/chesterton_gilbert_grehi_grafa_saradina.fb2.zip</filename>
	<title>Честертон Гилберт Кит. Грехи графа Сарадина</title>
</book>
<book>
	<filename>chesterton_gilbert/chesterton_gilbert_hodulnaya_istoriya.fb2.zip</filename>
	<title>Честертон Гилберт Кит. Ходульная история</title>
</book>
<book>
	<filename>chesterton_gilbert/chesterton_gilbert_hudshee_prestuplenie_v_mire.fb2.zip</filename>
	<title>Честертон Гилберт Кийт. Худшее преступление в мире</title>
</book>
<book>
	<filename>chesterton_gilbert/chesterton_gilbert_ischeznovenie_mistera_vodri.fb2.zip</filename>
	<title>Честертон Гилберт Кийт. Исчезновение мистера Водри</title>
</book>
<book>
	<filename>chesterton_gilbert/chesterton_gilbert_kogda_doktora_soglashayutsya.fb2.zip</filename>
	<title>Честертон Гилберт Кит. Когда доктора соглашаются</title>
</book>
<book>
	<filename>chesterton_gilbert/chesterton_gilbert_konec_pendragonov.fb2.zip</filename>
	<title>Честертон Гилберт Кийт. Конец Пендрагонов</title>
</book>
<book>
	<filename>chesterton_gilbert/chesterton_gilbert_krah_odnoi_svetskoi_karery.fb2.zip</filename>
	<title>Честертон Гилберт Кийт. Крах одной светской карьеры</title>
</book>
<book>
	<filename>chesterton_gilbert/chesterton_gilbert_krylatyi_kinzhal.fb2.zip</filename>
	<title>Честертон Гилберт Кийт. Крылатый кинжал</title>
</book>
<book>
	<filename>chesterton_gilbert/chesterton_gilbert_letuchie_zvezdy.fb2.zip</filename>
	<title>Честертон Гилберт Кийт. Летучие звезды</title>
</book>
<book>
	<filename>chesterton_gilbert/chesterton_gilbert_lico_na_misheni.fb2.zip</filename>
	<title>Честертон Гилберт Кит. Лицо на мишени</title>
</book>
<book>
	<filename>chesterton_gilbert/chesterton_gilbert_lilovyi_parik.fb2.zip</filename>
	<title>Честертон Гилберт Кийт. Лиловый парик</title>
</book>
<book>
	<filename>chesterton_gilbert/chesterton_gilbert_mest_statui.fb2.zip</filename>
	<title>Честертон Гилберт Кит. Месть статуи</title>
</book>
<book>
	<filename>chesterton_gilbert/chesterton_gilbert_molot_gospoden.fb2.zip</filename>
	<title>Честертон Гилберт Кит. Молот Господень</title>
</book>
<book>
	<filename>chesterton_gilbert/chesterton_gilbert_napoleon_nottinghilskii.fb2.zip</filename>
	<title>Честертон Гилберт Кийт. Наполеон Ноттингхильский</title>
</book>
<book>
	<filename>chesterton_gilbert/chesterton_gilbert_nebesnaya_strela.fb2.zip</filename>
	<title>Честертон Гилберт Кийт. Небесная стрела</title>
</book>
<book>
	<filename>chesterton_gilbert/chesterton_gilbert_neobyasnimoe_povedenie_professora_chyedda.fb2.zip</filename>
	<title>Честертон Гилберт Кит. Необъяснимое поведение профессора Чэдда</title>
</book>
<book>
	<filename>chesterton_gilbert/chesterton_gilbert_neobychnaya_sdelka_zhilishnogo_agenta.fb2.zip</filename>
	<title>Честертон Гилберт Кит. Необычная сделка жилищного агента</title>
</book>
<book>
	<filename>chesterton_gilbert/chesterton_gilbert_nerazreshimaya_zagadka.fb2.zip</filename>
	<title>Честертон Гилберт Кит. Неразрешимая загадка</title>
</book>
<book>
	<filename>chesterton_gilbert/chesterton_gilbert_neulovimyi_princ.fb2.zip</filename>
	<title>Честертон Гилберт Кит. Неуловимый принц</title>
</book>
<book>
	<filename>chesterton_gilbert/chesterton_gilbert_nevernyi_kontur.fb2.zip</filename>
	<title>Честертон Гилберт Кийт. Неверный контур</title>
</book>
<book>
	<filename>chesterton_gilbert/chesterton_gilbert_nevidimka.fb2.zip</filename>
	<title>Честертон Гилберт Кийт. Невидимка</title>
</book>
<book>
	<filename>chesterton_gilbert/chesterton_gilbert_oko_apollona.fb2.zip</filename>
	<title>Честертон Гилберт Кит. Око Аполлона</title>
</book>
<book>
	<filename>chesterton_gilbert/chesterton_gilbert_ortodoksiya.fb2.zip</filename>
	<title>Честертон Гилберт Кийт. Ортодоксия</title>
</book>
<book>
	<filename>chesterton_gilbert/chesterton_gilbert_oshibka_mashiny.fb2.zip</filename>
	<title>Честертон Гилберт Кийт. Ошибка машины</title>
</book>
<book>
	<filename>chesterton_gilbert/chesterton_gilbert_ostrie_bulavki.fb2.zip</filename>
	<title>Честертон Гилберт Кит. Острие булавки</title>
</book>
<book>
	<filename>chesterton_gilbert/chesterton_gilbert_otsutstvie_mistera_kana.fb2.zip</filename>
	<title>Честертон Гилберт Кийт. Отсутствие мистера Кана</title>
</book>
<book>
	<filename>chesterton_gilbert/chesterton_gilbert_pereletnyi_kabak.fb2.zip</filename>
	<title>Честертон Гилберт Кийт. Перелетный кабак</title>
</book>
<book>
	<filename>chesterton_gilbert/chesterton_gilbert_persten_prelyubodeev.fb2.zip</filename>
	<title>Честертон Гилберт Кит. Перстень прелюбодеев</title>
</book>
<book>
	<filename>chesterton_gilbert/chesterton_gilbert_pesnya_letuchei_ryby.fb2.zip</filename>
	<title>Честертон Гилберт Кийт. Песня летучей рыбы</title>
</book>
<book>
	<filename>chesterton_gilbert/chesterton_gilbert_poedinok_doktora_hirsha.fb2.zip</filename>
	<title>Честертон Гилберт Кийт. Поединок доктора Хирша</title>
</book>
<book>
	<filename>chesterton_gilbert/chesterton_gilbert_pondprostofilya.fb2.zip</filename>
	<title>Честертон Гилберт Кит. Понд-простофиля</title>
</book>
<book>
	<filename>chesterton_gilbert/chesterton_gilbert_poslednii_plakalshik.fb2.zip</filename>
	<title>Честертон Гилберт Кийт. Последний плакальщик</title>
</book>
<book>
	<filename>chesterton_gilbert/chesterton_gilbert_potryasayushie_priklyucheniya_maiora_brauna.fb2.zip</filename>
	<title>Честертон Гилберт Кит. Потрясающие приключения майора Брауна</title>
</book>
<book>
	<filename>chesterton_gilbert/chesterton_gilbert_poyet_i_bezumcy.fb2.zip</filename>
	<title>Честертон Гилберт Кит. Поэт и безумцы</title>
</book>
<book>
	<filename>chesterton_gilbert/chesterton_gilbert_predannyi_predatel.fb2.zip</filename>
	<title>Честертон Гилберт Кийт. Преданный предатель</title>
</book>
<book>
	<filename>chesterton_gilbert/chesterton_gilbert_presledovanie_sinego_cheloveka.fb2.zip</filename>
	<title>Честертон Гилберт Кит. Преследование Синего человека</title>
</book>
<book>
	<filename>chesterton_gilbert/chesterton_gilbert_prestuplenie_kapitana_gyehegena.fb2.zip</filename>
	<title>Честертон Гилберт Кит. Преступление капитана Гэхегена</title>
</book>
<book>
	<filename>chesterton_gilbert/chesterton_gilbert_prestuplenie_kommunista.fb2.zip</filename>
	<title>Честертон Гилберт Кит. Преступление коммуниста</title>
</book>
<book>
	<filename>chesterton_gilbert/chesterton_gilbert_prizrak_gideona_uaiza.fb2.zip</filename>
	<title>Честертон Гилберт Кийт. Призрак Гидеона Уайза</title>
</book>
<book>
	<filename>chesterton_gilbert/chesterton_gilbert_profil_cezarya.fb2.zip</filename>
	<title>Честертон Гилберт Кийт. Профиль Цезаря</title>
</book>
<book>
	<filename>chesterton_gilbert/chesterton_gilbert_proklyataya_kniga.fb2.zip</filename>
	<title>Честертон Гилберт Кит. Проклятая книга</title>
</book>
<book>
	<filename>chesterton_gilbert/chesterton_gilbert_proklyatie_zolotogo_kresta.fb2.zip</filename>
	<title>Честертон Гилберт Кийт. Проклятие золотого креста</title>
</book>
<book>
	<filename>chesterton_gilbert/chesterton_gilbert_prolog.fb2.zip</filename>
	<title>Честертон Гилберт Кийт. Пролог</title>
</book>
<book>
	<filename>chesterton_gilbert/chesterton_gilbert_razboinichii_rai.fb2.zip</filename>
	<title>Честертон Гилберт Кийт. Разбойничий рай</title>
</book>
<book>
	<filename>chesterton_gilbert/chesterton_gilbert_salat_polkovnika_kryeya.fb2.zip</filename>
	<title>Честертон Гилберт Кийт. Салат полковника Крэя</title>
</book>
<book>
	<filename>chesterton_gilbert/chesterton_gilbert_sapfirovyi_krest.fb2.zip</filename>
	<title>Честертон Гилберт Кийт. Сапфировый крест</title>
</book>
<book>
	<filename>chesterton_gilbert/chesterton_gilbert_selskii_vampir.fb2.zip</filename>
	<title>Честертон Гилберт Кит. Сельский вампир</title>
</book>
<book>
	<filename>chesterton_gilbert/chesterton_gilbert_shar_i_krest.fb2.zip</filename>
	<title>Честертон Гилберт Кийт. Шар и крест</title>
</book>
<book>
	<filename>chesterton_gilbert/chesterton_gilbert_skandalnoe_proisshestvie_s_otcom_braunom.fb2.zip</filename>
	<title>Честертон Гилберт Кит. Скандальное происшествие с отцом Брауном</title>
</book>
<book>
	<filename>chesterton_gilbert/chesterton_gilbert_slomannaya_shpaga.fb2.zip</filename>
	<title>Честертон Гилберт Кийт. Сломанная шпага</title>
</book>
<book>
	<filename>chesterton_gilbert/chesterton_gilbert_strannoe_prestuplenie_dzhona_boulnoiza.fb2.zip</filename>
	<title>Честертон Гилберт Кийт. Странное преступление Джона Боулнойза</title>
</book>
<book>
	<filename>chesterton_gilbert/chesterton_gilbert_strannoe_zatvornichestvo_staroi_damy.fb2.zip</filename>
	<title>Честертон Гилберт Кит. Странное затворничество старой дамы</title>
</book>
<book>
	<filename>chesterton_gilbert/chesterton_gilbert_strannye_shagi.fb2.zip</filename>
	<title>Честертон Гилберт Кийт. Странные шаги</title>
</book>
<book>
	<filename>chesterton_gilbert/chesterton_gilbert_strashnyi_smysl_odnogo_vizita.fb2.zip</filename>
	<title>Честертон Гилберт Кит. Страшный смысл одного визита</title>
</book>
<book>
	<filename>chesterton_gilbert/chesterton_gilbert_svyatoi_foma_akvinskii.fb2.zip</filename>
	<title>Честертон Гилберт Кийт. Святой Фома Аквинский</title>
</book>
<book>
	<filename>chesterton_gilbert/chesterton_gilbert_svyatoi_francisk_assizskii.fb2.zip</filename>
	<title>Честертон Гилберт Кийт. Святой Франциск Ассизский</title>
</book>
<book>
	<filename>chesterton_gilbert/chesterton_gilbert_taina_flambo.fb2.zip</filename>
	<title>Честертон Гилберт Кийт. Тайна Фламбо</title>
</book>
<book>
	<filename>chesterton_gilbert/chesterton_gilbert_taina_otca_brauna.fb2.zip</filename>
	<title>Честертон Гилберт Кийт. Тайна отца Брауна</title>
</book>
<book>
	<filename>chesterton_gilbert/chesterton_gilbert_taina_sada.fb2.zip</filename>
	<title>Честертон Гилберт Кийт. Тайна сада</title>
</book>
<book>
	<filename>chesterton_gilbert/chesterton_gilbert_tri_orudiya_smerti.fb2.zip</filename>
	<title>Честертон Гилберт Кийт. Три орудия смерти</title>
</book>
<book>
	<filename>chesterton_gilbert/chesterton_gilbert_tri_vsadnika_iz_apokalipsisa.fb2.zip</filename>
	<title>Честертон Гилберт Кит. Три всадника из «Апокалипсиса»</title>
</book>
<book>
	<filename>chesterton_gilbert/chesterton_gilbert_ubiistvo_na_skoruyu_ruku.fb2.zip</filename>
	<title>Честертон Гилберт Кит. Убийство на скорую руку</title>
</book>
<book>
	<filename>chesterton_gilbert/chesterton_gilbert_udivitelnoe_ubezhishe.fb2.zip</filename>
	<title>Честертон Гилберт Кит. Удивительное убежище</title>
</book>
<book>
	<filename>chesterton_gilbert/chesterton_gilbert_umerennyi_ubiica.fb2.zip</filename>
	<title>Честертон Гилберт Кийт. Умеренный убийца</title>
</book>
<book>
	<filename>chesterton_gilbert/chesterton_gilbert_uzhasnyi_trubadur.fb2.zip</filename>
	<title>Честертон Гилберт Кит. Ужасный трубадур</title>
</book>
<book>
	<filename>chesterton_gilbert/chesterton_gilbert_vechnyi_chelovek.fb2.zip</filename>
	<title>Честертон Гилберт Кийт. Вечный Человек</title>
</book>
<book>
	<filename>chesterton_gilbert/chesterton_gilbert_veshaya_sobaka.fb2.zip</filename>
	<title>Честертон Гилберт Кийт. Вещая собака</title>
</book>
<book>
	<filename>chesterton_gilbert/chesterton_gilbert_volkov_laz.fb2.zip</filename>
	<title>Честертон Гилберт Кит. Волков лаз</title>
</book>
<book>
	<filename>chesterton_gilbert/chesterton_gilbert_volshebnaya_skazka_otca_brauna.fb2.zip</filename>
	<title>Честертон Гилберт Кийт. Волшебная сказка отца Брауна</title>
</book>
<book>
	<filename>chesterton_gilbert/chesterton_gilbert_voskresenie_otca_brauna.fb2.zip</filename>
	<title>Честертон Гилберт Кийт. Воскресение отца Брауна</title>
</book>
<book>
	<filename>chesterton_gilbert/chesterton_gilbert_vostorzhennyi_vor.fb2.zip</filename>
	<title>Честертон Гилберт Кит. Восторженный вор</title>
</book>
<book>
	<filename>chesterton_gilbert/chesterton_gilbert_vozvrashenie_don_kihota.fb2.zip</filename>
	<title>Честертон Гилберт Кийт. Возвращение Дон Кихота</title>
</book>
<book>
	<filename>chesterton_gilbert/chesterton_gilbert_yepilog.fb2.zip</filename>
	<title>Честертон Гилберт Кийт. Эпилог</title>
</book>
<book>
	<filename>chesterton_gilbert/chesterton_gilbert_yesse.fb2.zip</filename>
	<title>Честертон Гилберт Кийт. Эссе</title>
</book>
<book>
	<filename>chesterton_gilbert/chesterton_gilbert_zelenyi_chelovek.fb2.zip</filename>
	<title>Честертон Гилберт Кит. Зеленый человек</title>
</book>
<book>
	<filename>chesterton_gilbert/chesterton_gilbert_zerkalo_sudi.fb2.zip</filename>
	<title>Честертон Гилберт Кийт. Зеркало судьи</title>
</book>
<book>
	<filename>chesterton_gilbert/chesterton_gilbert_zhivchelovek.fb2.zip</filename>
	<title>Честертон Гилберт Кийт. Жив-человек</title>
</book>
<book>
	<filename>chesterton_gilbert/chesterton_gilbert_zloi_rok_semi_darnuyei.fb2.zip</filename>
	<title>Честертон Гилберт Кийт. Злой рок семьи Дарнуэй</title>
</book>
<book>
	<filename>chestyein_sandra/chestyein_sandra_serebryanaya_mechta.fb2.zip</filename>
	<title>Честэйн Сандра. Серебряная мечта</title>
</book>
<book>
	<filename>chetvindheies_ronald/chetvindheies_ronald_labirint.fb2.zip</filename>
	<title>Четвинд-Хейес Рональд. Лабиринт</title>
</book>
<book>
	<filename>chevalier_tracy/chevalier_tracy_girl_with_a_pearl_earring.fb2.zip</filename>
	<title>Chevalier Tracy. Girl with a Pearl Earring</title>
</book>
<book>
	<filename>chevychelov_dmitrii/chevychelov_dmitrii_ostrov_na_karte_ne_oboznachen.fb2.zip</filename>
	<title>Чевычелов Дмитрий Иванович. Остров на карте не обозначен</title>
</book>
<book>
	<filename>chhartishvili_grigorii/chhartishvili_grigorii_kladbishenskie_istorii.fb2.zip</filename>
	<title>Чхартишвили Григорий Шалвович. Кладбищенские истории</title>
</book>
<book>
	<filename>chhartishvili_grigorii/chhartishvili_grigorii_no_net_vostoka_i_zapada_net_o_novom_androgine_v_mirovoi_literature.fb2.zip</filename>
	<title>Чхартишвили Григорий Шалвович. Но нет Востока и Запада нет (о новом андрогине в мировой литературе)</title>
</book>
<book>
	<filename>chhartishvili_grigorii/chhartishvili_grigorii_pisatel_i_samoubiistvo.fb2.zip</filename>
	<title>Чхартишвили Григорий. Писатель и самоубийство</title>
</book>
<book>
	<filename>chhartishvili_grigorii/chhartishvili_grigorii_yaponec_natura_i_kultura.fb2.zip</filename>
	<title>Чхартишвили Григорий Шалвович. Японец: натура и культура</title>
</book>
<book>
	<filename>chhartishvili_grigorii/chhartishvili_grigorii_zhizn_i_smert_yukio_misimy_ili_kak_unichtozhit_hram.fb2.zip</filename>
	<title>Чхартишвили Григорий Шалвович. Жизнь и смерть Юкио Мисимы, или Как уничтожить храм</title>
</book>
<book>
	<filename>chia_mantyek/chia_mantyek_shest_iscelyayushih_zvukov.fb2.zip</filename>
	<title>Чиа Мантэк. Шесть исцеляющих звуков</title>
</book>
<book>
	<filename>chia_mantyek/chia_mantyek_vnutrennyaya_ulybka.fb2.zip</filename>
	<title>Чиа Мантэк. Внутренняя Улыбка</title>
</book>
<book>
	<filename>chiang_ted/chiang_ted_hell_is_the_absence_of_god.fb2.zip</filename>
	<title>Chiang Ted. Hell Is the Absence of God</title>
</book>
<book>
	<filename>chibotaru_mihail/chibotaru_mihail_vstrecha_po_tu_storonu_smerti.fb2.zip</filename>
	<title>Чиботару Михаил Г. Встреча по ту сторону смерти</title>
</book>
<book>
	<filename>chichilin_igor/chichilin_igor_perepoloh_v_galakticheskoi_policii.fb2.zip</filename>
	<title>Чичилин Игорь. Переполох в галактической полиции</title>
</book>
<book>
	<filename>chichilin_igor/chichilin_igor_perepoloh_v_nebesnyh_chertogah.fb2.zip</filename>
	<title>Чичилин Игорь. Переполох в Небесных Чертогах</title>
</book>
<book>
	<filename>chichin_sergei/chichin_sergei_gnev_generala_panka.fb2.zip</filename>
	<title>Чичин Сергей. Гнев генерала Панка</title>
</book>
<book>
	<filename>chichin_sergei/chichin_sergei_hundertauyer.fb2.zip</filename>
	<title>Чичин Сергей. Хундертауэр</title>
</book>
<book>
	<filename>chichkov_boris/chichkov_boris_taina_svyashennogo_kolodca.fb2.zip</filename>
	<title>Чичков Борис. Тайна священного колодца</title>
</book>
<book>
	<filename>chigirinskaya_olga/chigirinskaya_olga_serdce_mecha.fb2.zip</filename>
	<title>Чигиринская Ольга Александровна. Сердце меча</title>
</book>
<book>
	<filename>chigirinskaya_olga/chigirinskaya_olga_vashe_blagorodie.fb2.zip</filename>
	<title>Чигиринская Ольга Александровна. Ваше благородие</title>
</book>
<book>
	<filename>chigrinov_ivan/chigrinov_ivan_opravdanie_krovi.fb2.zip</filename>
	<title>Чигринов Иван. Оправдание крови</title>
</book>
<book>
	<filename>chigrinov_ivan/chigrinov_ivan_plach_perepelki.fb2.zip</filename>
	<title>Чигринов Иван. Плач перепелки</title>
</book>
<book>
	<filename>chigrinov_ivan/chigrinov_ivan_svoi_i_chuzhie.fb2.zip</filename>
	<title>Чигринов Иван. Свои и чужие</title>
</book>
<book>
	<filename>chik_meivis/chik_meivis_intimnaya_zhizn_moei_tetushki.fb2.zip</filename>
	<title>Чик Мейвис. Интимная жизнь моей тетушки</title>
</book>
<book>
	<filename>chik_meivis/chik_meivis_lyubovnik_tetushki_margaret.fb2.zip</filename>
	<title>Чик Мейвис. Любовник тетушки Маргарет</title>
</book>
<book>
	<filename>chilaya_sergei/chilaya_sergei_vivarii.fb2.zip</filename>
	<title>Чилая Сергей. Виварий</title>
</book>

<book>
	<filename>chinchin_skott/chinchin_skott_dolina_tenei.fb2.zip</filename>
	<title>Чинчин Скотт. Долина теней</title>
</book>
<book>
	<filename>chinchin_skott/chinchin_skott_tantras.fb2.zip</filename>
	<title>Чинчин Скотт. Тантрас</title>
</book>
<book>
	<filename>chinven_chao/chinven_chao_schaste.fb2.zip</filename>
	<title>Чин-Вень Чао. Счастье</title>
</book>
<book>
	<filename>chiotta_bet/chiotta_bet_nevezuchaya.fb2.zip</filename>
	<title>Чиотта Бет. Невезучая</title>
</book>
<book>
	<filename>chiotta_bet/chiotta_bet_ocharovannaya.fb2.zip</filename>
	<title>Чиотта Бет. Очарованная</title>
</book>
<book>
	<filename>chirkova_marina/chirkova_marina_chasti_schastya.fb2.zip</filename>
	<title>Чиркова Марина. Части счастья</title>
</book>
<book>
	<filename>chirkov_viktor/chirkov_viktor_planeta_legendy.fb2.zip</filename>
	<title>Чирков Виктор Николаевич. Планета легенды</title>
</book>
<book>
	<filename>chirkov_viktor/chirkov_viktor_tri_sfery_ada.fb2.zip</filename>
	<title>Чирков Виктор Николаевич. Три сферы ада</title>
</book>
<book>
	<filename>chirkov_viktor/chirkov_viktor_zamok_na_styke_mirov.fb2.zip</filename>
	<title>Чирков Виктор Николаевич. Замок на стыке миров</title>
</book>
<book>
	<filename>chirkov_yurii/chirkov_yurii_a_bylo_vse_tak.fb2.zip</filename>
	<title>Чирков Юрий Иванович. А было все так…</title>
</book>
<book>
	<filename>chistov_dmitrii/chistov_dmitrii_vremya_kolesnic.fb2.zip</filename>
	<title>Чистов Дмитрий. Время колесниц</title>
</book>
<book>
	<filename>chistyakov_kirill/chistyakov_kirill_faza_urana.fb2.zip</filename>
	<title>Чистяков Кирилл. Фаза Урана</title>
</book>
<book>
	<filename>chistyakov_nikolai/chistyakov_nikolai_po_zakonu_i_sovesti.fb2.zip</filename>
	<title>Чистяков Николай Федорович. По закону и совести</title>
</book>
<book>
	<filename>chivilihin_vladimir/chivilihin_vladimir_pamyat_kniga_pervaya.fb2.zip</filename>
	<title>Чивилихин Владимир Алексеевич. Память (Книга первая)</title>
</book>
<book>
	<filename>chivilihin_vladimir/chivilihin_vladimir_pamyat_kniga_vtoraya.fb2.zip</filename>
	<title>Чивилихин Владимир. Память (Книга вторая)</title>
</book>
<book>
	<filename>chivilihin_vladimir/chivilihin_vladimir_serebryanye_relsy_sbornik.fb2.zip</filename>
	<title>Чивилихин Владимир Алексеевич. Серебряные рельсы (сборник)</title>
</book>
<book>
	<filename>chizh_anton/chizh_anton_bozhestvennyi_yad.fb2.zip</filename>
	<title>Чижъ Антон. Божественный яд</title>
</book>
<book>
	<filename>chlenov_anatolii/chlenov_anatolii_po_sledam_dobryni.fb2.zip</filename>
	<title>Членов Анатолий Маркович. По следам Добрыни</title>
</book>
<book>
	<filename>choporov_dmitrii/choporov_dmitrii_vertuhainaya_ritualnost_ili_novye_priklyucheniya_vinnipuha_i_vseh_vseh_vseh.fb2.zip</filename>
	<title>Чопоров Дмитрий. Вертухайная ритуальность или новые приключения Винни-пуха и всех, всех, всех…</title>
</book>
<book>
	<filename>choporov_vladislav/choporov_vladislav_perevody_pesy_poyemy.fb2.zip</filename>
	<title>Чопоров Владислав. Переводы, пьесы, поэмы</title>
</book>
<book>
	<filename>chopra_dipak/chopra_dipak_kak_preodolet_vrednye_privychki_duhovnyi_put_k_resheniyu_problemy.fb2.zip</filename>
	<title>Чопра Дипак. Как преодолеть вредные привычки. Духовный путь к решению проблемы</title>
</book>
<book>
	<filename>chopra_dipak/chopra_dipak_sem_duhovnyh_zakonov_uspeha.fb2.zip</filename>
	<title>Чопра Дипак. Семь духовных законов успеха</title>
</book>
<book>
	<filename>choser_dzheffri/choser_dzheffri_kenterberiiskie_rasskazy.fb2.zip</filename>
	<title>Чосер Джеффри. Кентерберийские рассказы</title>
</book>
<book>
	<filename>chtvrtek_vaclav/chtvrtek_vaclav_troe_nas_i_pyos_iz_petipas.fb2.zip</filename>
	<title>Чтвртек Вацлав. Трое нас и пёс из Петипас</title>
</book>
<book>
	<filename>chubaha_igor/chubaha_igor_cepnye_psy_panteonov.fb2.zip</filename>
	<title>Чубаха Игорь. Цепные псы пантеонов</title>
</book>
<book>
	<filename>chubaha_igor/chubaha_igor_taina_chernogo_morya.fb2.zip</filename>
	<title>Чубаха Игорь. Тайна Черного моря</title>
</book>
<book>
	<filename>chubaryan_sasha/chubaryan_sasha_polnyi_root.fb2.zip</filename>
	<title>Чубарьян Саша. Полный root</title>
</book>
<book>
	<filename>chu_chinnin/chu_chinnin_delai_menshe_dostigai_bolshego_sekrety_maga_dozhdya.fb2.zip</filename>
	<title>Чу Чин-нинь. Делай меньше, достигай большего. Секреты Мага Дождя</title>
</book>
<book>
	<filename>chudakova_katya/chudakova_katya_belosnezhka_i_sem_klonov.fb2.zip</filename>
	<title>Чудакова Катя. Белоснежка и семь клонов</title>
</book>
<book>
	<filename>chudakova_mariyetta/chudakova_mariyetta_mirnye_dosugi_inspektora_krafta.fb2.zip</filename>
	<title>Чудакова Мариэтта. Мирные досуги инспектора Крафта</title>
</book>
<book>
	<filename>chudakova_mariyetta/chudakova_mariyetta_prostranstvo_zhizni.fb2.zip</filename>
	<title>Чудакова Мариэтта. Пространство жизни</title>
</book>
<book>
	<filename>chudakova_mariyetta/chudakova_mariyetta_tihii_starik.fb2.zip</filename>
	<title>Чудакова Мариэтта. Тихий старик</title>
</book>
<book>
	<filename>chudakov_s/chudakov_s_atlantida_atlanty_praatlanty.fb2.zip</filename>
	<title>Чудаков С. Н. Атлантида, атланты, праатланты</title>
</book>
<book>
	<filename>chudinova_elena/chudinova_elena_belosnezhka.fb2.zip</filename>
	<title>Чудинова Елена. Белоснежка</title>
</book>
<book>
	<filename>chudinova_elena/chudinova_elena_derzhatel_znaka.fb2.zip</filename>
	<title>Чудинова Елена. Держатель знака</title>
</book>
<book>
	<filename>chudinova_elena/chudinova_elena_larec.fb2.zip</filename>
	<title>Чудинова Елена. Ларец</title>
</book>
<book>
	<filename>chudinova_elena/chudinova_elena_legendy_armenii.fb2.zip</filename>
	<title>Чудинова Елена. Легенды Армении</title>
</book>
<book>
	<filename>chudinova_elena/chudinova_elena_mechet_parizhskoi_bogomateri.fb2.zip</filename>
	<title>Чудинова Елена. Мечеть Парижской Богоматери</title>
</book>
<book>
	<filename>chudinova_elena/chudinova_elena_nefert.fb2.zip</filename>
	<title>Чудинова Елена. Неферт</title>
</book>
<book>
	<filename>chudinova_elena/chudinova_elena_robin_gud.fb2.zip</filename>
	<title>Чудинова Елена. Робин Гуд</title>
</book>
<book>
	<filename>chudnov_gavriil/chudnov_gavriil_konstruktor_s_i_mosin.fb2.zip</filename>
	<title>Чуднов Гавриил. Конструктор С. И. Мосин</title>
</book>
<book>
	<filename>chuev_feliks/chuev_feliks_ilyushin.fb2.zip</filename>
	<title>Чуев Феликс Иванович. Ильюшин</title>
</book>
<book>
	<filename>chuev_feliks/chuev_feliks_sto_sorok_besed_s_molotovym.fb2.zip</filename>
	<title>Чуев Феликс Иванович. Сто сорок бесед с Молотовым</title>
</book>
<book>
	<filename>chuhrai_grigorii/chuhrai_grigorii_moe_kino.fb2.zip</filename>
	<title>Чухрай Григорий Наумович. Мое кино</title>
</book>
<book>
	<filename>chukovskii_kornei/chukovskii_kornei_aibolit.fb2.zip</filename>
	<title>Чуковский Корней Иванович. Айболит</title>
</book>
<book>
	<filename>chukovskii_kornei/chukovskii_kornei_doktor_aibolit_s_illyustraciyami.fb2.zip</filename>
	<title>Чуковский Корней Иванович. Доктор Айболит (с иллюстрациями)</title>
</book>
<book>
	<filename>chukovskii_kornei/chukovskii_kornei_kradenoe_solnce.fb2.zip</filename>
	<title>Чуковский Корней Иванович. Краденое солнце</title>
</book>
<book>
	<filename>chukovskii_kornei/chukovskii_kornei_krokodil.fb2.zip</filename>
	<title>Чуковский Корней Иванович. Крокодил</title>
</book>
<book>
	<filename>chukovskii_kornei/chukovskii_kornei_zhivoi_kak_zhizn.fb2.zip</filename>
	<title>Чуковский Корней Иванович. Живой как жизнь</title>
</book>
<book>
	<filename>chukovskii_nikolai/chukovskii_nikolai_kapitan_kruzenshtern.fb2.zip</filename>
	<title>Чуковский Николай Корнеевич. Капитан Крузенштерн</title>
</book>
<book>
	<filename>chukovskii_nikolai/chukovskii_nikolai_voditeli_fregatov.fb2.zip</filename>
	<title>Чуковский Николай Корнеевич. Водители фрегатов</title>
</book>
<book>
	<filename>chukreev_vancetti/chukreev_vancetti_orudiya_v_chehlah.fb2.zip</filename>
	<title>Чукреев Ванцетти Иванович. Орудия в чехлах</title>
</book>
<book>
	<filename>chulaki_mihail/chulaki_mihail_bolshoi_futbol_gospoden.fb2.zip</filename>
	<title>Чулаки Михаил. Большой футбол Господень</title>
</book>
<book>
	<filename>chumanov_aleksandr/chumanov_aleksandr_ivan_rodil_devchonku.fb2.zip</filename>
	<title>Чуманов Александр. Иван родил девчонку</title>
</book>
<book>
	<filename>chupak_sindi/chupak_sindi_devushki_v_period_odinochestva.fb2.zip</filename>
	<title>Чупак Синди. Девушки в период одиночества</title>
</book>
<book>
	<filename>chutko_igor/chutko_igor_krasnye_samolety.fb2.zip</filename>
	<title>Чутко Игорь Эммануилович. Красные самолеты</title>
</book>
<book>
	<filename>chvanov_vladimir/chvanov_vladimir_krazha.fb2.zip</filename>
	<title>Чванов Владимир Ф. Кража</title>
</book>
<book>
	<filename>chvanov_vladimir/chvanov_vladimir_sensacii_ne_budet.fb2.zip</filename>
	<title>Чванов Владимир Ф. Сенсаций не будет</title>
</book>
<book>
	<filename>chvanov_vladimir/chvanov_vladimir_tihaya_satana.fb2.zip</filename>
	<title>Чванов Владимир Ф. Тихая сатана</title>
</book>
<book>
	<filename>chyen_master/chyen_master_lyubimaya_martyshka_doma_tan.fb2.zip</filename>
	<title>Чэнь Мастер. Любимая мартышка дома Тан</title>
</book>
<book>
	<filename>chyen_master/chyen_master_lyubimyi_yastreb_doma_abbasa.fb2.zip</filename>
	<title>Чэнь Мастер. Любимый ястреб дома Аббаса</title>
</book>
<book>
	<filename>chyenyen_u/chyenyen_u_puteshestvie_na_zapad_tom_1.fb2.zip</filename>
	<title>Чэн-энь У. Путешествие на Запад. Том 1</title>
</book>
<book>
	<filename>chyenyen_u/chyenyen_u_puteshestvie_na_zapad_tom_2.fb2.zip</filename>
	<title>Чэн-энь У. Путешествие на Запад. Том 2</title>
</book>
<book>
	<filename>chyenyen_u/chyenyen_u_puteshestvie_na_zapad_tom_3.fb2.zip</filename>
	<title>Чэн-энь У. Путешествие на Запад. Том 3</title>
</book>
<book>
	<filename>chyenyen_u/chyenyen_u_puteshestvie_na_zapad_tom_4.fb2.zip</filename>
	<title>Чэн-энь У. Путешествие на Запад. Том 4</title>
</book>
<book>
	<filename>chyornyi_igor/chyornyi_igor_burgundskoe_vino_milanskaya_stal_brabantskie_kruzheva.fb2.zip</filename>
	<title>Чёрный Игорь. Бургундское вино, миланская сталь, брабантские кружева...</title>
</book>
<book>
	<filename>chyort_ilya/chyort_ilya_provodnik.fb2.zip</filename>
	<title>Чёрт Илья. Проводник</title>
</book>
<book>
	<filename>chyort_ilya/chyort_ilya_skazka_o_prygune_i_skolzyashem.fb2.zip</filename>
	<title>Чёрт Илья. Сказка о Прыгуне и Скользящем</title>
</book>
<book>
	<filename>chyort_ilya/chyort_ilya_tori.fb2.zip</filename>
	<title>Чёрт Илья. Тори</title>
</book>
<book>
	<filename>chzhan_tyani_/chzhan_tyani__doroga.fb2.zip</filename>
	<title>Чжан Тянь-и. Дорога</title>
</book>
<book>
	<filename>chzhan_tyani_/chzhan_tyani__mogushestvo_bodisatvy.fb2.zip</filename>
	<title>Чжан Тянь-и. Могущество Бодисатвы</title>
</book>
<book>
	<filename>chzhan_tyani_/chzhan_tyani__nenavist.fb2.zip</filename>
	<title>Чжан Тянь-и. Ненависть</title>
</book>
<book>
	<filename>chzhan_tyani_/chzhan_tyani__usatyi_byei.fb2.zip</filename>
	<title>Чжан Тянь-и. Усатый Бэй</title>
</book>
<book>
	<filename>chzhuanczy_/chzhuanczy__chzhuanczy_perevod_ld_pozdneevoi.fb2.zip</filename>
	<title>Чжуан-цзы. Чжуанцзы (перевод Л.Д. Позднеевой)</title>
</book>
<book>
	<filename>chzhuanczy_/chzhuanczy__chzhuanczy_perevod_vv_malyavina.fb2.zip</filename>
	<title>Чжуан-цзы. Чжуан-цзы (перевод В.В. Малявина)</title>
</book>

</books>
