<?xml version="1.0" encoding="UTF-8" ?>
<books>
<book>
	<filename>dzheims_skotni/dzheims_skotni_bescennyi_dar.fb2.zip</filename>
	<title>Джеймс Скотни С. Бесценный дар</title>
</book>
<book>
	<filename>dzheims_stefani/dzheims_stefani_barhatnoe_prikosnovenie.fb2.zip</filename>
	<title>Джеймс Стефани. Бархатное прикосновение</title>
</book>
<book>
	<filename>dzheims_stefani/dzheims_stefani_vstrecha_v_gorah.fb2.zip</filename>
	<title>Джеймс Стефани. Встреча в горах</title>
</book>
<book>
	<filename>dzheims_yeloiza/dzheims_yeloiza_bezumnaya_pogonya.fb2.zip</filename>
	<title>Джеймс Элоиза. Безумная погоня</title>
</book>
<book>
	<filename>dzheims_yeloiza/dzheims_yeloiza_izyashnaya_mest.fb2.zip</filename>
	<title>Джеймс Элоиза. Изящная месть</title>
</book>
<book>
	<filename>dzheims_yeloiza/dzheims_yeloiza_mnogo_shuma_izza_nevesty.fb2.zip</filename>
	<title>Джеймс Элоиза. Много шума из-за невесты</title>
</book>
<book>
	<filename>dzheims_yeloiza/dzheims_yeloiza_noch_gercogini.fb2.zip</filename>
	<title>Джеймс Элоиза. Ночь герцогини</title>
</book>
<book>
	<filename>dzheims_yeloiza/dzheims_yeloiza_plenitelnye_naslazhdeniya.fb2.zip</filename>
	<title>Джеймс Элоиза. Пленительные наслаждения</title>
</book>
<book>
	<filename>dzheims_yeloiza/dzheims_yeloiza_poglupevshii_ot_lyubvi.fb2.zip</filename>
	<title>Джеймс Элоиза. Поглупевший от любви</title>
</book>
<book>
	<filename>dzheims_yeloiza/dzheims_yeloiza_polnochnye_naslazhdeniya.fb2.zip</filename>
	<title>Джеймс Элоиза. Полночные наслаждения</title>
</book>
<book>
	<filename>dzheims_yeloiza/dzheims_yeloiza_roman_na_rozhdestvo.fb2.zip</filename>
	<title>Джеймс Элоиза. Роман на Рождество</title>
</book>
<book>
	<filename>dzheims_yeloiza/dzheims_yeloiza_suprug_dlya_ledi.fb2.zip</filename>
	<title>Джеймс Элоиза. Супруг для леди</title>
</book>
<book>
	<filename>dzheims_yeloiza/dzheims_yeloiza_ukroshenie_gercoga.fb2.zip</filename>
	<title>Джеймс Элоиза. Укрощение герцога</title>
</book>
<book>
	<filename>dzheims_yeloiza/dzheims_yeloiza_vkus_blazhenstva.fb2.zip</filename>
	<title>Джеймс Элоиза. Вкус блаженства</title>
</book>
<book>
	<filename>dzheims_yeloiza/dzheims_yeloiza_vlyublennaya_gercoginya.fb2.zip</filename>
	<title>Джеймс Элоиза. Влюбленная герцогиня</title>
</book>
<book>
	<filename>dzheims_yeloiza/dzheims_yeloiza_vo_vlasti_naslazhdeniya.fb2.zip</filename>
	<title>Джеймс Элоиза. Во власти наслаждения</title>
</book>
<book>
	<filename>dzheims_yeloiza/dzheims_yeloiza_zhazhda_lyubvi.fb2.zip</filename>
	<title>Джеймс Элоиза. Жажда любви</title>
</book>
<book>
	<filename>dzheimsyenger_kelli/dzheimsyenger_kelli_a_ty_ulovila_flyuidy.fb2.zip</filename>
	<title>Джеймс-Энгер Келли. А ты уловила флюиды?</title>
</book>
<book>
	<filename>dzheison_styuart/dzheison_styuart_bomba_mgnovennogo_deistviya.fb2.zip</filename>
	<title>Джейсон Стюарт. Бомба мгновенного действия</title>
</book>
<book>
	<filename>dzhekson_brenda/dzhekson_brenda_lyubov_dvuhletnei_vyderzhki.fb2.zip</filename>
	<title>Джексон Бренда. Любовь двухлетней выдержки</title>
</book>
<book>
	<filename>dzhekson_brenda/dzhekson_brenda_ukrotit_mustanga.fb2.zip</filename>
	<title>Джексон Бренда. Укротить мустанга</title>
</book>
<book>
	<filename>dzhekson_dzhina/dzhekson_dzhina_pust_ne_konchaetsya_lyubov.fb2.zip</filename>
	<title>Джексон Джина. Пусть не кончается любовь</title>
</book>
<book>
	<filename>dzhekson_laiza/dzhekson_laiza_zavtra_utrom.fb2.zip</filename>
	<title>Джексон Лайза. Завтра утром</title>
</book>
<book>
	<filename>dzhekson_liza/dzhekson_liza_bludnaya_doch.fb2.zip</filename>
	<title>Джексон Лиза. Блудная дочь</title>
</book>
<book>
	<filename>dzhekson_liza/dzhekson_liza_esli_by_znat.fb2.zip</filename>
	<title>Джексон Лиза. Если бы знать</title>
</book>
<book>
	<filename>dzhekson_liza/dzhekson_liza_rasplata.fb2.zip</filename>
	<title>Джексон Лиза. Расплата</title>
</book>
<book>
	<filename>dzhekson_liza/dzhekson_liza_samozvanka_sokrovisha.fb2.zip</filename>
	<title>Джексон Лиза. Самозванка (Сокровища)</title>
</book>
<book>
	<filename>dzhekson_liza/dzhekson_liza_srochno_trebuetsya_nevesta.fb2.zip</filename>
	<title>Джексон Лиза. Срочно требуется невеста</title>
</book>
<book>
	<filename>dzhekson_liza/dzhekson_liza_stan_moei_edinstvennoi.fb2.zip</filename>
	<title>Джексон Лиза. Стань моей единственной</title>
</book>
<book>
	<filename>dzhekson_liza/dzhekson_liza_ten_somneniya.fb2.zip</filename>
	<title>Джексон Лиза. Тень сомнения</title>
</book>
<book>
	<filename>dzhekson_liza/dzhekson_liza_zavtra_utrom.fb2.zip</filename>
	<title>Джексон Лиза. Завтра утром</title>
</book>
<book>
	<filename>dzhekson_liza/dzhekson_liza_zvonok_s_togo_sveta.fb2.zip</filename>
	<title>Джексон Лиза. Звонок с того света</title>
</book>
<book>
	<filename>dzhekson_melani/dzhekson_melani_krasavica.fb2.zip</filename>
	<title>Джексон Мелани. Красавица</title>
</book>
<book>
	<filename>dzhekson_melani/dzhekson_melani_povelitel.fb2.zip</filename>
	<title>Джексон Мелани. Повелитель</title>
</book>
<book>
	<filename>dzhellis_roberta/dzhellis_roberta_angliiskaya_naslednica.fb2.zip</filename>
	<title>Джеллис Роберта. Английская наследница</title>
</book>
<book>
	<filename>dzhellis_roberta/dzhellis_roberta_byk_iz_morya.fb2.zip</filename>
	<title>Джеллис Роберта. Бык из моря</title>
</book>
<book>
	<filename>dzhellis_roberta/dzhellis_roberta_drakon_i_roza.fb2.zip</filename>
	<title>Джеллис Роберта. Дракон и роза</title>
</book>
<book>
	<filename>dzhellis_roberta/dzhellis_roberta_gobeleny_grez.fb2.zip</filename>
	<title>Джеллис Роберта. Гобелены грез</title>
</book>
<book>
	<filename>dzhellis_roberta/dzhellis_roberta_kanatnaya_plyasunya.fb2.zip</filename>
	<title>Джеллис Роберта. Канатная плясунья</title>
</book>
<book>
	<filename>dzhellis_roberta/dzhellis_roberta_kashtanovyi_omut.fb2.zip</filename>
	<title>Джеллис Роберта. Каштановый омут</title>
</book>
<book>
	<filename>dzhellis_roberta/dzhellis_roberta_kovarnyi_zagovor.fb2.zip</filename>
	<title>Джеллис Роберта. Коварный заговор</title>
</book>
<book>
	<filename>dzhellis_roberta/dzhellis_roberta_krovnye_uzy.fb2.zip</filename>
	<title>Джеллис Роберта. Кровные узы</title>
</book>
<book>
	<filename>dzhellis_roberta/dzhellis_roberta_mech_i_lebed.fb2.zip</filename>
	<title>Джеллис Роберта. Меч и лебедь</title>
</book>
<book>
	<filename>dzhellis_roberta/dzhellis_roberta_nezhnyi_plen.fb2.zip</filename>
	<title>Джеллис Роберта. Нежный плен</title>
</book>
<book>
	<filename>dzhellis_roberta/dzhellis_roberta_pesn_sireny.fb2.zip</filename>
	<title>Джеллис Роберта. Песнь сирены</title>
</book>
<book>
	<filename>dzhellis_roberta/dzhellis_roberta_plamya_zimy.fb2.zip</filename>
	<title>Джеллис Роберта. Пламя зимы</title>
</book>
<book>
	<filename>dzhellis_roberta/dzhellis_roberta_rouzlind_hmelnaya_mechta.fb2.zip</filename>
	<title>Джеллис Роберта. Роузлинд (Хмельная мечта)</title>
</book>
<book>
	<filename>dzhellis_roberta/dzhellis_roberta_rycarskaya_chest.fb2.zip</filename>
	<title>Джеллис Роберта. Рыцарская честь</title>
</book>
<book>
	<filename>dzhellis_roberta/dzhellis_roberta_serebryanoe_zerkalo.fb2.zip</filename>
	<title>Джеллис Роберта. Серебряное зеркало</title>
</book>
<book>
	<filename>dzhellis_roberta/dzhellis_roberta_sladkaya_mest.fb2.zip</filename>
	<title>Джеллис Роберта. Сладкая месть</title>
</book>
<book>
	<filename>dzhellis_roberta/dzhellis_roberta_vereskovyi_rai.fb2.zip</filename>
	<title>Джеллис Роберта. Вересковый рай</title>
</book>
<book>
	<filename>dzhems_dzhordzh/dzhems_dzhordzh_bratya_po_oruzhiyu_ili_vozvrashenie_iz_krestovyh_pohodov.fb2.zip</filename>
	<title>Джемс Джордж Рейнсфорд. Братья по оружию или Возвращение из крестовых походов</title>
</book>
<book>
	<filename>dzhenkins_dzheffri/dzhenkins_dzheffri_bereg_skeletov.fb2.zip</filename>
	<title>Дженкинс Джеффри. Берег Скелетов</title>
</book>
<book>
	<filename>dzhenkins_yemi/dzhenkins_yemi_medovyi_mesyac.fb2.zip</filename>
	<title>Дженкинс Эми. Медовый месяц</title>
</book>
<book>
	<filename>dzhennings_gyeri/dzhennings_gyeri_actek_groza_nadvigaetsya.fb2.zip</filename>
	<title>Дженнингс Гэри. Ацтек. Гроза надвигается</title>
</book>
<book>
	<filename>dzhenni_zoe/dzhenni_zoe_komnata_iz_cvetochnoi_pylcy.fb2.zip</filename>
	<title>Дженни Зое. Комната из цветочной пыльцы</title>
</book>
<book>
	<filename>dzhenni_zoe/dzhenni_zoe_zov_morskoi_rakoviny.fb2.zip</filename>
	<title>Дженни Зое. Зов морской раковины</title>
</book>
<book>
	<filename>dzhensen_kyetrin/dzhensen_kyetrin_solnechnaya_devushka.fb2.zip</filename>
	<title>Дженсен Кэтрин. Солнечная девушка</title>
</book>
<book>
	<filename>dzhensen_trish/dzhensen_trish_bez_uma_ot_tebya.fb2.zip</filename>
	<title>Дженсен Триш. Без ума от тебя</title>
</book>
<book>
	<filename>dzhensen_trish/dzhensen_trish_blondinka_na_chas.fb2.zip</filename>
	<title>Дженсен Триш. Блондинка на час</title>
</book>
<book>
	<filename>dzhensen_trish/dzhensen_trish_protiv_ego_voli.fb2.zip</filename>
	<title>Дженсен Триш. Против его воли</title>
</book>
<book>
	<filename>dzhentl_myeri/dzhentl_myeri_drevnii_svet.fb2.zip</filename>
	<title>Джентл Мэри. Древний свет</title>
</book>
<book>
	<filename>dzhentl_myeri/dzhentl_myeri_otryad.fb2.zip</filename>
	<title>Джентл Мэри. Отряд</title>
</book>
<book>
	<filename>dzhentl_myeri/dzhentl_myeri_propavshaya_rukopis.fb2.zip</filename>
	<title>Джентл Мэри. Пропавшая рукопись</title>
</book>
<book>
	<filename>dzhentl_myeri/dzhentl_myeri_tom_ii_otryad.fb2.zip</filename>
	<title>Джентл Мэри. Том II: Отряд</title>
</book>
<book>
	<filename>dzhentl_myeri/dzhentl_myeri_tom_i_propavshaya_rukopis.fb2.zip</filename>
	<title>Джентл Мэри. Том I: Пропавшая рукопись</title>
</book>
<book>
	<filename>dzhentl_myeri/dzhentl_myeri_zolotye_kolduny.fb2.zip</filename>
	<title>Джентл Мэри. Золотые колдуны</title>
</book>
<book>
	<filename>dzhepson_yedgar/dzhepson_yedgar_arsen_lyupen_blagorodnyi_grabitel.fb2.zip</filename>
	<title>Джепсон Эдгар. Арсен Люпен — благородный грабитель</title>
</book>
<book>
	<filename>dzherard_sindi/dzherard_sindi_sliyanie_dush.fb2.zip</filename>
	<title>Джерард Синди. Слияние душ</title>
</book>
<book>
	<filename>dzherard_sindi/dzherard_sindi_ulybka_yelli.fb2.zip</filename>
	<title>Джерард Синди. Улыбка Элли</title>
</book>
<book>
	<filename>dzherom_dzherom/dzherom_dzherom_chelovek_kotoryi_ne_veril_v_schaste.fb2.zip</filename>
	<title>Джером Джером Клапка. Человек, который не верил в счастье</title>
</book>
<book>
	<filename>dzherom_dzherom/dzherom_dzherom_kak_my_pisali_roman.fb2.zip</filename>
	<title>Джером Джером Клапка. Как мы писали роман</title>
</book>
<book>
	<filename>dzherom_dzherom/dzherom_dzherom_mir_sceny.fb2.zip</filename>
	<title>Джером Джером Клапка. Мир сцены</title>
</book>
<book>
	<filename>dzherom_dzherom/dzherom_dzherom_missis_korner_rasplachivaetsya.fb2.zip</filename>
	<title>Джером Джером Клапка. Миссис Корнер расплачивается</title>
</book>
<book>
	<filename>dzherom_dzherom/dzherom_dzherom_padenie_tomasagenpi.fb2.zip</filename>
	<title>Джером Джером Клапка. Падение Томаса-Генpи</title>
</book>
<book>
	<filename>dzherom_dzherom/dzherom_dzherom_pamyati_dzhona_ingerfilda_i_zheny_ego_anny.fb2.zip</filename>
	<title>Джером Джером Клапка. Памяти Джона Ингерфильда и жены его Анны</title>
</book>
<book>
	<filename>dzherom_dzherom/dzherom_dzherom_three_men_on_the_bummel.fb2.zip</filename>
	<title>Джером Джером Клапка. Three Men on the Bummel</title>
</book>
<book>
	<filename>dzherom_dzherom/dzherom_dzherom_troe_na_chetyreh_kolesah.fb2.zip</filename>
	<title>Джером Джером Клапка. Трое на четырех колесах</title>
</book>
<book>
	<filename>dzherom_dzherom/dzherom_dzherom_troe_na_progulke.fb2.zip</filename>
	<title>Джером Джером Клапка. Трое на прогулке</title>
</book>
<book>
	<filename>dzherom_dzherom/dzherom_dzherom_troe_v_lodke_ne_schitaya_sobaki.fb2.zip</filename>
	<title>Джером Джером Клапка. Трое в лодке, не считая собаки</title>
</book>
<book>
	<filename>dzhessap_daiana/dzhessap_daiana_pyos_kotoryi_govoril_s_bogami.fb2.zip</filename>
	<title>Джессап Дайана. Пёс, который говорил с богами</title>
</book>
<book>
	<filename>dzheter_k/dzheter_k_voiny_ohotnikov_za_golovami1_mandalopskii_dospeh.fb2.zip</filename>
	<title>Джетер К. В. Войны охотников за головами-1: Мандалоpский доспех</title>
</book>
<book>
	<filename>dzheter_k/dzheter_k_voiny_ohotnikov_za_golovami2_korabl_nevolnikov.fb2.zip</filename>
	<title>Джетер К. В. Войны охотников за головами-2: Корабль невольников</title>
</book>
<book>
	<filename>dzhevinskii_andzhei/dzhevinskii_andzhei_vosmoi_den_tvoreniya.fb2.zip</filename>
	<title>Джевинский Анджей. Восьмой день творения</title>
</book>
<book>
	<filename>dzhibran_halil/dzhibran_halil_prorok.fb2.zip</filename>
	<title>Джибран Халиль. Пророк</title>
</book>
<book>
	<filename>dzhin_lorra/dzhin_lorra_ubiistvo_na_vulkane.fb2.zip</filename>
	<title>Джин Лорра. Убийство на Вулкане</title>
</book>
<book>
	<filename>dzhirardi_robert/dzhirardi_robert_doch_pirata.fb2.zip</filename>
	<title>Джирарди Роберт. Дочь пирата</title>
</book>
<book>
	<filename>dzhirardi_robert/dzhirardi_robert_nepravilnyi_doil.fb2.zip</filename>
	<title>Джирарди Роберт. Неправильный Дойл</title>
</book>
<book>
	<filename>dzhir_skott/dzhir_skott_plenniki_genellana_tom_i.fb2.zip</filename>
	<title>Джир Скотт Г. Пленники Генеллана (том I)</title>
</book>
<book>
	<filename>dzhir_skott/dzhir_skott_plenniki_genellana_tom_ii.fb2.zip</filename>
	<title>Джир Скотт Г. Пленники Генеллана (том II)</title>
</book>
<book>
	<filename>dzhoanidis_pol/dzhoanidis_pol_bibliya_seksa.fb2.zip</filename>
	<title>Джоанидис Пол. Библия секса</title>
</book>
<book>
	<filename>dzhoansen_airis/dzhoansen_airis_avantyuristka.fb2.zip</filename>
	<title>Джоансен Айрис. Авантюристка</title>
</book>
<book>
	<filename>dzhoansen_airis/dzhoansen_airis_bronzovyi_yastreb.fb2.zip</filename>
	<title>Джоансен Айрис. Бронзовый ястреб</title>
</book>
<book>
	<filename>dzhoansen_airis/dzhoansen_airis_chernyi_robert_taina_korolevy.fb2.zip</filename>
	<title>Джоансен Айрис. Черный Роберт (Тайна королевы)</title>
</book>
<book>
	<filename>dzhoansen_airis/dzhoansen_airis_do_konca_vremen.fb2.zip</filename>
	<title>Джоансен Айрис. До конца времен</title>
</book>
<book>
	<filename>dzhoansen_airis/dzhoansen_airis_doroga_domoi.fb2.zip</filename>
	<title>Джоансен Айрис. Дорога домой</title>
</book>
<book>
	<filename>dzhoansen_airis/dzhoansen_airis_dyhanie_buri.fb2.zip</filename>
	<title>Джоансен Айрис. Дыхание бури</title>
</book>
<book>
	<filename>dzhoansen_airis/dzhoansen_airis_dyhanie_pustyni_nakazanie_lyubovyu.fb2.zip</filename>
	<title>Джоансен Айрис. Дыхание пустыни (Наказание любовью)</title>
</book>
<book>
	<filename>dzhoansen_airis/dzhoansen_airis_edinstvennyi_muzhchina.fb2.zip</filename>
	<title>Джоансен Айрис. Единственный мужчина</title>
</book>
<book>
	<filename>dzhoansen_airis/dzhoansen_airis_feya_radugi.fb2.zip</filename>
	<title>Джоансен Айрис. Фея радуги</title>
</book>
<book>
	<filename>dzhoansen_airis/dzhoansen_airis_gadkii_utenok.fb2.zip</filename>
	<title>Джоансен Айрис. Гадкий утенок</title>
</book>
<book>
	<filename>dzhoansen_airis/dzhoansen_airis_gorkii_vkus_vremeni.fb2.zip</filename>
	<title>Джоансен Айрис. Горький вкус времени</title>
</book>
<book>
	<filename>dzhoansen_airis/dzhoansen_airis_greshnyi_dzhek_darsi.fb2.zip</filename>
	<title>Джоансен Айрис. Грешный Джек Дарси</title>
</book>
<book>
	<filename>dzhoansen_airis/dzhoansen_airis_i_togda_ty_umresh.fb2.zip</filename>
	<title>Джоансен Айрис. И тогда ты умрешь</title>
</book>
<book>
	<filename>dzhoansen_airis/dzhoansen_airis_koroleva_lda.fb2.zip</filename>
	<title>Джоансен Айрис. Королева льда</title>
</book>
<book>
	<filename>dzhoansen_airis/dzhoansen_airis_kosnis_gorizonta.fb2.zip</filename>
	<title>Джоансен Айрис. Коснись горизонта</title>
</book>
<book>
	<filename>dzhoansen_airis/dzhoansen_airis_letnyaya_ulybka.fb2.zip</filename>
	<title>Джоансен Айрис. Летняя улыбка</title>
</book>
<book>
	<filename>dzhoansen_airis/dzhoansen_airis_lik_beschestya.fb2.zip</filename>
	<title>Джоансен Айрис. Лик бесчестья</title>
</book>
<book>
	<filename>dzhoansen_airis/dzhoansen_airis_lyubov_i_vozmezdie.fb2.zip</filename>
	<title>Джоансен Айрис. Любовь и возмездие</title>
</book>
<book>
	<filename>dzhoansen_airis/dzhoansen_airis_lyubov_i_vozmezdie_moi_nezhnyi_vrag.fb2.zip</filename>
	<title>Джоансен Айрис. Любовь и возмездие (Мой нежный враг)</title>
</book>
<book>
	<filename>dzhoansen_airis/dzhoansen_airis_melodiya_lyubvi.fb2.zip</filename>
	<title>Джоансен Айрис. Мелодия любви</title>
</book>
<book>
	<filename>dzhoansen_airis/dzhoansen_airis_million_za_vystrel.fb2.zip</filename>
	<title>Джоансен Айрис. Миллион за выстрел</title>
</book>
<book>
	<filename>dzhoansen_airis/dzhoansen_airis_moi_vozlyublennyi_negodyai.fb2.zip</filename>
	<title>Джоансен Айрис. Мой возлюбленный негодяй</title>
</book>
<book>
	<filename>dzhoansen_airis/dzhoansen_airis_moya_golubka.fb2.zip</filename>
	<title>Джоансен Айрис. Моя голубка</title>
</book>
<book>
	<filename>dzhoansen_airis/dzhoansen_airis_nikogda_ne_pozdno.fb2.zip</filename>
	<title>Джоансен Айрис. Никогда не поздно</title>
</book>
<book>
	<filename>dzhoansen_airis/dzhoansen_airis_odin_tvoi_vzglyad.fb2.zip</filename>
	<title>Джоансен Айрис. Один твой взгляд</title>
</book>
<book>
	<filename>dzhoansen_airis/dzhoansen_airis_ostrov_pervoi_lyubvi.fb2.zip</filename>
	<title>Джоансен Айрис. Остров первой любви</title>
</book>
<book>
	<filename>dzhoansen_airis/dzhoansen_airis_peshka_v_chuzhoi_igre.fb2.zip</filename>
	<title>Джоансен Айрис. Пешка в чужой игре</title>
</book>
<book>
	<filename>dzhoansen_airis/dzhoansen_airis_polnochnyi_voin_hranitelnica_sokrovish.fb2.zip</filename>
	<title>Джоансен Айрис. Полночный воин (Хранительница сокровищ)</title>
</book>
<book>
	<filename>dzhoansen_airis/dzhoansen_airis_posle_polunochi_muzhskie_zabavy.fb2.zip</filename>
	<title>Джоансен Айрис. После полуночи (Мужские забавы)</title>
</book>
<book>
	<filename>dzhoansen_airis/dzhoansen_airis_predskazanie_cyganki.fb2.zip</filename>
	<title>Джоансен Айрис. Предсказание цыганки</title>
</book>
<book>
	<filename>dzhoansen_airis/dzhoansen_airis_priruchit_edinoroga_strannoe_predlozhenie.fb2.zip</filename>
	<title>Джоансен Айрис. Приручить единорога (Странное предложение)</title>
</book>
<book>
	<filename>dzhoansen_airis/dzhoansen_airis_putevodnaya_zvezda.fb2.zip</filename>
	<title>Джоансен Айрис. Путеводная звезда</title>
</book>
<book>
	<filename>dzhoansen_airis/dzhoansen_airis_pyanyashii_vkus_zhizni_silnee_vremeni.fb2.zip</filename>
	<title>Джоансен Айрис. Пьянящий вкус жизни (Сильнее времени)</title>
</book>
<book>
	<filename>dzhoansen_airis/dzhoansen_airis_ryzhevolosaya_tancovshica.fb2.zip</filename>
	<title>Джоансен Айрис. Рыжеволосая танцовщица</title>
</book>
<book>
	<filename>dzhoansen_airis/dzhoansen_airis_sezon_lyubvi.fb2.zip</filename>
	<title>Джоансен Айрис. Сезон любви</title>
</book>
<book>
	<filename>dzhoansen_airis/dzhoansen_airis_sinii_barhat.fb2.zip</filename>
	<title>Джоансен Айрис. Синий Бархат</title>
</book>
<book>
	<filename>dzhoansen_airis/dzhoansen_airis_smertelnaya_igra.fb2.zip</filename>
	<title>Джоансен Айрис. Смертельная игра</title>
</book>
<book>
	<filename>dzhoansen_airis/dzhoansen_airis_stihiya_strasti.fb2.zip</filename>
	<title>Джоансен Айрис. Стихия страсти</title>
</book>
<book>
	<filename>dzhoansen_airis/dzhoansen_airis_taina_antichnyh_svitkov.fb2.zip</filename>
	<title>Джоансен Айрис. Тайна античных свитков</title>
</book>
<book>
	<filename>dzhoansen_airis/dzhoansen_airis_tainstvennyi_sad.fb2.zip</filename>
	<title>Джоансен Айрис. Таинственный сад</title>
</book>
<book>
	<filename>dzhoansen_airis/dzhoansen_airis_takoi_chuzhoi_takoi_zhelannyi.fb2.zip</filename>
	<title>Джоансен Айрис. Такой чужой, такой желанный</title>
</book>
<book>
	<filename>dzhoansen_airis/dzhoansen_airis_terpkii_vkus_strasti.fb2.zip</filename>
	<title>Джоансен Айрис. Терпкий вкус страсти</title>
</book>
<book>
	<filename>dzhoansen_airis/dzhoansen_airis_terpkii_vkus_strasti_silnee_strasti.fb2.zip</filename>
	<title>Джоансен Айрис. Терпкий вкус страсти (Сильнее страсти)</title>
</book>
<book>
	<filename>dzhoansen_airis/dzhoansen_airis_tupik.fb2.zip</filename>
	<title>Джоансен Айрис. Тупик</title>
</book>
<book>
	<filename>dzhoansen_airis/dzhoansen_airis_ty_u_menya_odna.fb2.zip</filename>
	<title>Джоансен Айрис. Ты у меня одна</title>
</book>
<book>
	<filename>dzhoansen_airis/dzhoansen_airis_ukroshenie_stroptivogo.fb2.zip</filename>
	<title>Джоансен Айрис. Укрощение строптивого</title>
</book>
<book>
	<filename>dzhoansen_airis/dzhoansen_airis_vse_krome_krasnyh_roz.fb2.zip</filename>
	<title>Джоансен Айрис. Все, кроме красных роз</title>
</book>
<book>
	<filename>dzhoansen_airis/dzhoansen_airis_v_sladostnom_bredu.fb2.zip</filename>
	<title>Джоансен Айрис. В сладостном бреду</title>
</book>
<book>
	<filename>dzhoansen_airis/dzhoansen_airis_zamok_na_peske.fb2.zip</filename>
	<title>Джоансен Айрис. Замок на песке</title>
</book>
<book>
	<filename>dzhoansen_airis/dzhoansen_airis_zhazhda_zolota.fb2.zip</filename>
	<title>Джоансен Айрис. Жажда золота</title>
</book>
<book>
	<filename>dzhoansen_airis/dzhoansen_airis_zhenshina_na_zakaz.fb2.zip</filename>
	<title>Джоансен Айрис. Женщина на заказ</title>
</book>
<book>
	<filename>dzhoansen_airis/dzhoansen_airis_zhestokii_i_nezhnyi.fb2.zip</filename>
	<title>Джоансен Айрис. Жестокий и нежный</title>
</book>
<book>
	<filename>dzhoansen_airis/dzhoansen_airis_zhivaya_mishen.fb2.zip</filename>
	<title>Джоансен Айрис. Живая мишень</title>
</book>
<book>
	<filename>dzhoansen_airis/dzhoansen_airis_zimnyaya_nevesta.fb2.zip</filename>
	<title>Джоансен Айрис. Зимняя невеста</title>
</book>
<book>
	<filename>dzhoansen_airis/dzhoansen_airis_zolotaya_valkiriya.fb2.zip</filename>
	<title>Джоансен Айрис. Золотая валькирия</title>
</book>
<book>
	<filename>dzhoansen_airis/dzhoansen_airis_zolotoi_vihr.fb2.zip</filename>
	<title>Джоансен Айрис. Золотой вихрь</title>
</book>
<book>
	<filename>dzhoansen_airis/dzhoansen_airis_zvezdochka_svetlaya.fb2.zip</filename>
	<title>Джоансен Айрис. Звездочка светлая</title>
</book>
<book>
	<filename>dzhohadze_igor/dzhohadze_igor_kriminalnaya_hronika_chelovechestva.fb2.zip</filename>
	<title>Джохадзе Игорь Давидович. Криминальная хроника человечества</title>
</book>
<book>
	<filename>dzhohanson_inid/dzhohanson_inid_durnushka.fb2.zip</filename>
	<title>Джохансон Инид. Дурнушка</title>
</book>
<book>
	<filename>dzhohanson_inid/dzhohanson_inid_magiya_pervoi_lyubvi.fb2.zip</filename>
	<title>Джохансон Инид. Магия первой любви</title>
</book>
<book>
	<filename>dzhohanson_inid/dzhohanson_inid_ne_boisya_skazat_lyublyu.fb2.zip</filename>
	<title>Джохансон Инид. Не бойся сказать «люблю»</title>
</book>
<book>
	<filename>dzhohanson_inid/dzhohanson_inid_nezhnyi_lyubovnik.fb2.zip</filename>
	<title>Джохансон Инид. Нежный любовник</title>
</book>
<book>
	<filename>dzhohanson_inid/dzhohanson_inid_strast_i_gnev.fb2.zip</filename>
	<title>Джохансон Инид. Страсть и гнев</title>
</book>
<book>
	<filename>dzhohanson_inid/dzhohanson_inid_svoya_nosha.fb2.zip</filename>
	<title>Джохансон Инид. Своя ноша</title>
</book>
<book>
	<filename>dzhoi_dyeira/dzhoi_dyeira_zvezdnyi_rycar.fb2.zip</filename>
	<title>Джой Дэйра. Звездный рыцарь</title>
</book>
<book>
	<filename>dzhois_brenda/dzhois_brenda_chudo.fb2.zip</filename>
	<title>Джойс Бренда. Чудо</title>
</book>
<book>
	<filename>dzhois_brenda/dzhois_brenda_fioletovoe_plamya.fb2.zip</filename>
	<title>Джойс Бренда. Фиолетовое пламя</title>
</book>
<book>
	<filename>dzhois_brenda/dzhois_brenda_igra.fb2.zip</filename>
	<title>Джойс Бренда. Игра</title>
</book>
<book>
	<filename>dzhois_brenda/dzhois_brenda_lyubit_i_pomnit.fb2.zip</filename>
	<title>Джойс Бренда. Любить и помнить</title>
</book>
<book>
	<filename>dzhois_brenda/dzhois_brenda_lyubovniki_i_lzhecy.fb2.zip</filename>
	<title>Джойс Бренда. Любовники и лжецы</title>
</book>
<book>
	<filename>dzhois_brenda/dzhois_brenda_mechty_ne_umrut.fb2.zip</filename>
	<title>Джойс Бренда. Мечты не умрут</title>
</book>
<book>
	<filename>dzhois_brenda/dzhois_brenda_naslednica_strasti.fb2.zip</filename>
	<title>Джойс Бренда. Наследница страсти</title>
</book>
<book>
	<filename>dzhois_brenda/dzhois_brenda_neukrotimoe_serdce.fb2.zip</filename>
	<title>Джойс Бренда. Неукротимое сердце</title>
</book>
<book>
	<filename>dzhois_brenda/dzhois_brenda_obeshanie_rozy.fb2.zip</filename>
	<title>Джойс Бренда. Обещание розы</title>
</book>
<book>
	<filename>dzhois_brenda/dzhois_brenda_opasnoe_vlechenie.fb2.zip</filename>
	<title>Джойс Бренда. Опасное влечение</title>
</book>
<book>
	<filename>dzhois_brenda/dzhois_brenda_plamennyi_vihr.fb2.zip</filename>
	<title>Джойс Бренда. Пламенный вихрь</title>
</book>
<book>
	<filename>dzhois_brenda/dzhois_brenda_plamya_nevinnosti.fb2.zip</filename>
	<title>Джойс Бренда. Пламя невинности</title>
</book>
<book>
	<filename>dzhois_brenda/dzhois_brenda_plennica.fb2.zip</filename>
	<title>Джойс Бренда. Пленница</title>
</book>
<book>
	<filename>dzhois_brenda/dzhois_brenda_podari_mne_mechtu.fb2.zip</filename>
	<title>Джойс Бренда. Подари мне мечту</title>
</book>
<book>
	<filename>dzhois_brenda/dzhois_brenda_proshai_nevinnost.fb2.zip</filename>
	<title>Джойс Бренда. Прощай, невинность!</title>
</book>
<book>
	<filename>dzhois_brenda/dzhois_brenda_samozvanka.fb2.zip</filename>
	<title>Джойс Бренда. Самозванка</title>
</book>
<book>
	<filename>dzhois_brenda/dzhois_brenda_skandalnaya_lyubov.fb2.zip</filename>
	<title>Джойс Бренда. Скандальная любовь</title>
</book>
<book>
	<filename>dzhois_brenda/dzhois_brenda_skandalnyi_brak.fb2.zip</filename>
	<title>Джойс Бренда. Скандальный брак</title>
</book>
<book>
	<filename>dzhois_brenda/dzhois_brenda_sopernik.fb2.zip</filename>
	<title>Джойс Бренда. Соперник</title>
</book>
<book>
	<filename>dzhois_brenda/dzhois_brenda_sred_bela_dnya.fb2.zip</filename>
	<title>Джойс Бренда. Средь бела дня</title>
</book>
<book>
	<filename>dzhois_brenda/dzhois_brenda_taina_keit.fb2.zip</filename>
	<title>Джойс Бренда. Тайна Кейт</title>
</book>
<book>
	<filename>dzhois_brenda/dzhois_brenda_temnyi_ogon.fb2.zip</filename>
	<title>Джойс Бренда. Темный огонь</title>
</book>
<book>
	<filename>dzhois_brenda/dzhois_brenda_velikolepie.fb2.zip</filename>
	<title>Джойс Бренда. Великолепие</title>
</book>
<book>
	<filename>dzhois_brenda/dzhois_brenda_zavoevatel.fb2.zip</filename>
	<title>Джойс Бренда. Завоеватель</title>
</book>
<book>
	<filename>dzhois_dzheims/dzhois_dzheims_araviya.fb2.zip</filename>
	<title>Джойс Джеймс. Аравия</title>
</book>
<book>
	<filename>dzhois_dzheims/dzhois_dzheims_dva_rycarya.fb2.zip</filename>
	<title>Джойс Джеймс. Два рыцаря</title>
</book>
<book>
	<filename>dzhois_dzheims/dzhois_dzheims_dzhakomo_dzhois.fb2.zip</filename>
	<title>Джойс Джеймс. Джакомо Джойс</title>
</book>
<book>
	<filename>dzhois_dzheims/dzhois_dzheims_lichiny.fb2.zip</filename>
	<title>Джойс Джеймс. Личины</title>
</book>
<book>
	<filename>dzhois_dzheims/dzhois_dzheims_mat.fb2.zip</filename>
	<title>Джойс Джеймс. Мать</title>
</book>
<book>
	<filename>dzhois_dzheims/dzhois_dzheims_mertvye.fb2.zip</filename>
	<title>Джойс Джеймс. Мертвые</title>
</book>
<book>
	<filename>dzhois_dzheims/dzhois_dzheims_milost_bozhiya.fb2.zip</filename>
	<title>Джойс Джеймс. Милость божия</title>
</book>
<book>
	<filename>dzhois_dzheims/dzhois_dzheims_neschastnyi_sluchai.fb2.zip</filename>
	<title>Джойс Джеймс. Несчастный случай</title>
</book>
<book>
	<filename>dzhois_dzheims/dzhois_dzheims_oblachko.fb2.zip</filename>
	<title>Джойс Джеймс. Облачко</title>
</book>
<book>
	<filename>dzhois_dzheims/dzhois_dzheims_pansion.fb2.zip</filename>
	<title>Джойс Джеймс. Пансион</title>
</book>
<book>
	<filename>dzhois_dzheims/dzhois_dzheims_portret_hudozhnika_v_yunosti.fb2.zip</filename>
	<title>Джойс Джеймс. Портрет художника в юности</title>
</book>
<book>
	<filename>dzhois_dzheims/dzhois_dzheims_posle_gonok.fb2.zip</filename>
	<title>Джойс Джеймс. После гонок</title>
</book>
<book>
	<filename>dzhois_dzheims/dzhois_dzheims_sestry.fb2.zip</filename>
	<title>Джойс Джеймс. Сестры</title>
</book>
<book>
	<filename>dzhois_dzheims/dzhois_dzheims_uliss.fb2.zip</filename>
	<title>Джойс Джеймс. Улисс</title>
</book>
<book>
	<filename>dzhois_dzheims/dzhois_dzheims_v_den_plyusha.fb2.zip</filename>
	<title>Джойс Джеймс. В день плюща</title>
</book>
<book>
	<filename>dzhois_dzheims/dzhois_dzheims_vstrecha.fb2.zip</filename>
	<title>Джойс Джеймс. Встреча</title>
</book>
<book>
	<filename>dzhois_dzheims/dzhois_dzheims_yevelin.fb2.zip</filename>
	<title>Джойс Джеймс. Эвелин</title>
</book>
<book>
	<filename>dzhois_dzheims/dzhois_dzheims_zemlya.fb2.zip</filename>
	<title>Джойс Джеймс. Земля</title>
</book>
<book>
	<filename>dzhois_dzhon/dzhois_dzhon_faily_faraonov.fb2.zip</filename>
	<title>Джойс Джон. Файлы фараонов</title>
</book>
<book>
	<filename>dzhois_dzhon/dzhois_dzhon_vopros_vremeni.fb2.zip</filename>
	<title>Джойс Джон. Вопрос времени</title>
</book>
<book>
	<filename>dzhois_gryem/dzhois_gryem_dom_utrachennyh_grez.fb2.zip</filename>
	<title>Джойс Грэм. Дом Утраченных Грез</title>
</book>
<book>
	<filename>dzhois_gryem/dzhois_gryem_kurenie_maka.fb2.zip</filename>
	<title>Джойс Грэм. Курение мака</title>
</book>
<book>
	<filename>dzhois_gryem/dzhois_gryem_pravda_zhizni.fb2.zip</filename>
	<title>Джойс Грэм. Правда жизни</title>
</book>
<book>
	<filename>dzhois_gryem/dzhois_gryem_skoro_budet_burya.fb2.zip</filename>
	<title>Джойс Грэм. Скоро будет буря</title>
</book>
<book>
	<filename>dzhois_gryem/dzhois_gryem_zubnaya_feya.fb2.zip</filename>
	<title>Джойс Грэм. Зубная фея</title>
</book>
<book>
	<filename>dzhois_lidiya/dzhois_lidiya_golosa_nochi.fb2.zip</filename>
	<title>Джойс Лидия. Голоса ночи</title>
</book>
<book>
	<filename>dzhois_lidiya/dzhois_lidiya_iskushenie_nochi.fb2.zip</filename>
	<title>Джойс Лидия. Искушение ночи</title>
</book>
<book>
	<filename>dzhois_lidiya/dzhois_lidiya_muzyka_nochi.fb2.zip</filename>
	<title>Джойс Лидия. Музыка ночи</title>
</book>
<book>
	<filename>dzhois_lidiya/dzhois_lidiya_shepot_nochi.fb2.zip</filename>
	<title>Джойс Лидия. Шепот ночи</title>
</book>
<book>
	<filename>dzhois_lidiya/dzhois_lidiya_teni_v_nochi.fb2.zip</filename>
	<title>Джойс Лидия. Тени в ночи</title>
</book>
<book>
	<filename>dzhois_myeri/dzhois_myeri_strast_za_kadrom.fb2.zip</filename>
	<title>Джойс Мэри. Страсть за кадром</title>
</book>
<book>
	<filename>dzhons_allan/dzhons_allan_operaciya_pervoe_svidanie.fb2.zip</filename>
	<title>Джонс Аллан Ф. Операция «Первое свидание»</title>
</book>
<book>
	<filename>dzhons_allan/dzhons_allan_reportazh_o_vredine.fb2.zip</filename>
	<title>Джонс Аллан Фревин. Репортаж о вредине</title>
</book>
<book>
	<filename>dzhons_allan/dzhons_allan_vlyublennaya_poklonnica.fb2.zip</filename>
	<title>Джонс Аллан Ф. Влюбленная поклонница</title>
</book>
<book>
	<filename>dzhons_belinda/dzhons_belinda_letim_v_lasvegas.fb2.zip</filename>
	<title>Джонс Белинда. Летим в Лас-Вегас!</title>
</book>
<book>
	<filename>dzhons_belinda/dzhons_belinda_v_poiskah_horoshih_parnei.fb2.zip</filename>
	<title>Джонс Белинда. В поисках хороших парней</title>
</book>
<book>
	<filename>dzhons_debora/dzhons_debora_maltiiskaya_zvezda.fb2.zip</filename>
	<title>Джонс Дебора. Мальтийская звезда</title>
</book>
<book>
	<filename>dzhons_debora/dzhons_debora_pod_nebom_italii.fb2.zip</filename>
	<title>Джонс Дебора. Под небом Италии</title>
</book>
<book>
	<filename>dzhons_diana/dzhons_diana_devyat_zhiznei_kristofera_chanta.fb2.zip</filename>
	<title>Джонс Диана Уинн. Девять жизней Кристофера Чанта</title>
</book>
<book>
	<filename>dzhons_diana/dzhons_diana_doroga_vetrov.fb2.zip</filename>
	<title>Джонс Диана Уинн. Дорога ветров</title>
</book>
<book>
	<filename>dzhons_diana/dzhons_diana_god_grifona.fb2.zip</filename>
	<title>Джонс Диана Уинн. Год грифона</title>
</book>
<book>
	<filename>dzhons_diana/dzhons_diana_hodyachii_zamok.fb2.zip</filename>
	<title>Джонс Диана Уинн. Ходячий замок</title>
</book>
<book>
	<filename>dzhons_diana/dzhons_diana_syn_menestrelya.fb2.zip</filename>
	<title>Джонс Диана Винни. Сын менестреля</title>
</book>
<book>
	<filename>dzhons_diana/dzhons_diana_temnyi_vlastelin_derkholma.fb2.zip</filename>
	<title>Джонс Диана Винни. Темный Властелин Деркхольма</title>
</book>
<book>
	<filename>dzhons_diana/dzhons_diana_vedmina_nedelya.fb2.zip</filename>
	<title>Джонс Диана Уинн. Ведьмина неделя</title>
</book>
<book>
	<filename>dzhons_diana/dzhons_diana_vihri_volshebstva.fb2.zip</filename>
	<title>Джонс Диана Уинн. Вихри волшебства</title>
</book>
<book>
	<filename>dzhons_diana/dzhons_diana_volshebniki_iz_kaprony.fb2.zip</filename>
	<title>Джонс Диана Уинн. Волшебники из Капроны</title>
</book>
<book>
	<filename>dzhons_diana/dzhons_diana_vozdushnyi_zamok.fb2.zip</filename>
	<title>Джонс Диана Уинн. Воздушный замок</title>
</book>
<book>
	<filename>dzhons_diana/dzhons_diana_zagovor_merlina.fb2.zip</filename>
	<title>Джонс Диана Уинн. Заговор мерлина</title>
</book>
<book>
	<filename>dzhons_diana/dzhons_diana_zakoldovannaya_zhizn.fb2.zip</filename>
	<title>Джонс Диана Уинн. Заколдованная жизнь</title>
</book>
<book>
	<filename>dzhons_diana/dzhons_diana_zub_uilkinsa.fb2.zip</filename>
	<title>Джонс Диана Уинн. Зуб Уилкинса</title>
</book>

</books>

