<?xml version="1.0" encoding="UTF-8" ?>
<books>
<book>
	<filename>deiton_len/deiton_len_berlinskie_pohorony.fb2.zip</filename>
	<title>Дейтон Лен. Берлинские похороны</title>
</book>
<book>
	<filename>deiton_len/deiton_len_bombardirovshik.fb2.zip</filename>
	<title>Дейтон Лен. Бомбардировщик</title>
</book>
<book>
	<filename>deiton_len/deiton_len_loshad_pod_vodoi_krovavyi_krug.fb2.zip</filename>
	<title>Дейтон Лен. Лошадь под водой (Кровавый круг)</title>
</book>
<book>
	<filename>deiton_len/deiton_len_mozg_stoimostyu_v_milliard_dollarov.fb2.zip</filename>
	<title>Дейтон Лен. Мозг стоимостью в миллиард долларов</title>
</book>
<book>
	<filename>de_kamp_laion/de_kamp_laion_aristotel_i_oruzhie.fb2.zip</filename>
	<title>де Камп Лайон Спрэг. Аристотель и оружие</title>
</book>
<book>
	<filename>de_kamp_laion/de_kamp_laion_bashnya_goblinov.fb2.zip</filename>
	<title>де Камп Лайон Спрэг. Башня Гоблинов</title>
</book>
<book>
	<filename>de_kamp_laion/de_kamp_laion_bashnya_zanida.fb2.zip</filename>
	<title>де Камп Лайон Спрэг. Башня Занида</title>
</book>
<book>
	<filename>de_kamp_laion/de_kamp_laion_chasy_iraza.fb2.zip</filename>
	<title>де Камп Лайон Спрэг. Часы Ираза</title>
</book>
<book>
	<filename>de_kamp_laion/de_kamp_laion_chernye_slezy.fb2.zip</filename>
	<title>де Камп Лайон Спрэг. Черные слезы</title>
</book>
<book>
	<filename>de_kamp_laion/de_kamp_laion_da_ne_opustitsya_tma.fb2.zip</filename>
	<title>де Камп Лайон Спрэг. Да не опустится тьма</title>
</book>
<book>
	<filename>de_kamp_laion/de_kamp_laion_demon_kotoryi_oshibalsya.fb2.zip</filename>
	<title>де Камп Лайон Спрэг. Демон, который ошибался</title>
</book>
<book>
	<filename>de_kamp_laion/de_kamp_laion_gorod_cherepov.fb2.zip</filename>
	<title>де Камп Лайон Спрэг. Город черепов</title>
</book>
<book>
	<filename>de_kamp_laion/de_kamp_laion_hyperpilositis.fb2.zip</filename>
	<title>де Камп Лайон Спрэг. Hyperpilositis</title>
</book>
<book>
	<filename>de_kamp_laion/de_kamp_laion_kolco_tritona.fb2.zip</filename>
	<title>де Камп Лайон Спрэг. Кольцо Тритона</title>
</book>
<book>
	<filename>de_kamp_laion/de_kamp_laion_koroleva_zamby.fb2.zip</filename>
	<title>де Камп Лайон Спрэг. Королева Замбы</title>
</book>
<book>
	<filename>de_kamp_laion/de_kamp_laion_korona_kobry.fb2.zip</filename>
	<title>де Камп Лайон Спрэг. Корона Кобры</title>
</book>
<book>
	<filename>de_kamp_laion/de_kamp_laion_korona_ksilara.fb2.zip</filename>
	<title>де Камп Лайон Спрэг. Корона Ксилара</title>
</book>
<book>
	<filename>de_kamp_laion/de_kamp_laion_logovo_ledyanogo_chervya.fb2.zip</filename>
	<title>де Камп Лайон Спрэг. Логово ледяного червя</title>
</book>
<book>
	<filename>de_kamp_laion/de_kamp_laion_matematika_volshebstva.fb2.zip</filename>
	<title>де Камп Лайон Спрэг. Математика волшебства</title>
</book>
<book>
	<filename>de_kamp_laion/de_kamp_laion_otvergnutaya_princessa.fb2.zip</filename>
	<title>де Камп Лайон Спрэг. Отвергнутая принцесса</title>
</book>
<book>
	<filename>de_kamp_laion/de_kamp_laion_proklyate_monolita.fb2.zip</filename>
	<title>де Камп Лайон Спрэг. Проклятье монолита</title>
</book>
<book>
	<filename>de_kamp_laion/de_kamp_laion_revushaya_truba.fb2.zip</filename>
	<title>де Камп Лайон Спрэг. Ревущая труба</title>
</book>
<book>
	<filename>de_kamp_laion/de_kamp_laion_sozdateli_kontinentov.fb2.zip</filename>
	<title>де Камп Лайон Спрэг. Создатели континентов</title>
</book>
<book>
	<filename>de_kamp_laion/de_kamp_laion_s_ruzhem_na_dinozavra.fb2.zip</filename>
	<title>де Камп Лайон Спрэг. С ружьем на динозавра</title>
</book>
<book>
	<filename>de_kamp_laion/de_kamp_laion_stena_zmei.fb2.zip</filename>
	<title>де Камп Лайон Спрэг. Стена змей</title>
</book>
<book>
	<filename>de_kamp_laion/de_kamp_laion_strely_gerkulesa.fb2.zip</filename>
	<title>де Камп Лайон Спрэг. Стрелы Геркулеса</title>
</book>
<book>
	<filename>de_kamp_laion/de_kamp_laion_takaya_rabota.fb2.zip</filename>
	<title>де Камп Лайон Спрэг. Такая работа...</title>
</book>
<book>
	<filename>de_kamp_laion/de_kamp_laion_uvazhaemyi_varvar.fb2.zip</filename>
	<title>де Камп Лайон Спрэг. Уважаемый варвар</title>
</book>
<book>
	<filename>de_kamp_laion/de_kamp_laion_vechnyi_dvigatel.fb2.zip</filename>
	<title>де Камп Лайон Спрэг. Вечный двигатель</title>
</book>
<book>
	<filename>de_kamp_laion/de_kamp_laion_voinstvennaya_rasa.fb2.zip</filename>
	<title>де Камп Лайон Спрэг. Воинственная раса</title>
</book>
<book>
	<filename>de_kamp_laion/de_kamp_laion_volshebnik_zelyonyh_holmov.fb2.zip</filename>
	<title>де Камп Лайон Спрэг. Волшебник зелёных холмов</title>
</book>
<book>
	<filename>de_kamp_laion/de_kamp_laion_yekzaltirovannyi.fb2.zip</filename>
	<title>де Камп Лайон Спрэг. Экзальтированный</title>
</book>
<book>
	<filename>de_kamp_laion/de_kamp_laion_zamok_uzhasa.fb2.zip</filename>
	<title>де Камп Лайон Спрэг. Замок ужаса</title>
</book>
<book>
	<filename>de_kamp_laion/de_kamp_laion_zheleznyi_zamok.fb2.zip</filename>
	<title>де Камп Лайон Спрэг. Железный замок</title>
</book>
<book>
	<filename>de_kamp_laion/de_kamp_laion_zhivoe_iskopaemoe.fb2.zip</filename>
	<title>де Камп Лайон Спрэг. Живое ископаемое</title>
</book>
<book>
	<filename>de_kandido_keit/de_kandido_keit_tiberiumnye_voiny.fb2.zip</filename>
	<title>де Кандидо Кейт. Тибериумные войны</title>
</book>
<book>
	<filename>de_kar_gi/de_kar_gi_chudovishe.fb2.zip</filename>
	<title>Де Кар Ги. Чудовище</title>
</book>
<book>
	<filename>de_kar_gi/de_kar_gi_devushki_dlya_utehi.fb2.zip</filename>
	<title>Де Кар Ги. Девушки для утехи</title>
</book>
<book>
	<filename>de_kar_gi/de_kar_gi_zov_lyubvi.fb2.zip</filename>
	<title>Де Кар Ги. Зов любви</title>
</book>
<book>
	<filename>dekarg_per/dekarg_per_rembrandt.fb2.zip</filename>
	<title>Декарг Пьер. Рембрандт</title>
</book>
<book>
	<filename>de_kevedo_fransisko/de_kevedo_fransisko_izbrannoe.fb2.zip</filename>
	<title>де Кеведо Франсиско. Избранное</title>
</book>
<book>
	<filename>dekker_ines/dekker_ines_hozyaika_doma.fb2.zip</filename>
	<title>Деккер Инес. Хозяйка дома</title>
</book>
<book>
	<filename>de_koster_sharl/de_koster_sharl_legenda_ob_ulenshpigele.fb2.zip</filename>
	<title>де Костер Шарль. Легенда об Уленшпигеле</title>
</book>
<book>
	<filename>de_kreshenco_lyuchano/de_kreshenco_lyuchano_elena_lyubov_moya_elena.fb2.zip</filename>
	<title>Де Крешенцо Лючано. Елена, любовь моя, Елена!</title>
</book>
<book>
	<filename>dekster_kolin/dekster_kolin_put_skvoz_les.fb2.zip</filename>
	<title>Декстер Колин. Путь сквозь лес</title>
</book>
<book>
	<filename>de_kuatye_anhel/de_kuatye_anhel_dnevnik_sumasshedshego_chetvertaya_skrizhal_zaveta.fb2.zip</filename>
	<title>де Куатьэ Анхель. Дневник сумасшедшего (четвертая скрижаль завета)</title>
</book>
<book>
	<filename>de_kuatye_anhel/de_kuatye_anhel_idi_i_smotri.fb2.zip</filename>
	<title>де Куатьэ Анхель. Иди и смотри</title>
</book>
<book>
	<filename>de_kuatye_anhel/de_kuatye_anhel_ispoved_lyucifera_shestaya_skrizhal_zaveta.fb2.zip</filename>
	<title>де Куатьэ Анхель. Исповедь Люцифера (шестая скрижаль завета)</title>
</book>
<book>
	<filename>de_kuatye_anhel/de_kuatye_anhel_malenkaya_princessa_pyataya_skrizhal_zaveta.fb2.zip</filename>
	<title>де Куатьэ Анхель. Маленькая принцесса (пятая скрижаль завета)</title>
</book>
<book>
	<filename>de_kuatye_anhel/de_kuatye_anhel_ob_anhele_de_kuatye.fb2.zip</filename>
	<title>де Куатьэ Анхель. Об Анхеле де Куатьэ</title>
</book>
<book>
	<filename>de_kuatye_anhel/de_kuatye_anhel_poedinok_so_smertyu.fb2.zip</filename>
	<title>де Куатьэ Анхель. Поединок со смертью</title>
</book>
<book>
	<filename>de_kuatye_anhel/de_kuatye_anhel_shimnik.fb2.zip</filename>
	<title>де Куатьэ Анхель. Схимник</title>
</book>
<book>
	<filename>de_kuatye_anhel/de_kuatye_anhel_smeyushiisya_hristos.fb2.zip</filename>
	<title>де Куатьэ Анхель. Смеющийся Христос</title>
</book>
<book>
	<filename>de_kuatye_anhel/de_kuatye_anhel_uchitel_tancev_tretya_skrizhal_zaveta.fb2.zip</filename>
	<title>де Куатьэ Анхель. Учитель танцев (третья скрижаль завета)</title>
</book>
<book>
	<filename>de_kuatye_anhel/de_kuatye_anhel_vavilonskaya_bludnica.fb2.zip</filename>
	<title>де Куатьэ Анхель. Вавилонская блудница</title>
</book>
<book>
	<filename>de_kuatye_anhel/de_kuatye_anhel_vozmi_s_soboi_plet_vtoraya_skrizhal_zaveta.fb2.zip</filename>
	<title>де Куатьэ Анхель. Возьми с собой плеть (вторая скрижаль завета)</title>
</book>
<book>
	<filename>de_kuatye_anhel/de_kuatye_anhel_vsadniki_tmy.fb2.zip</filename>
	<title>де Куатьэ Анхель. Всадники тьмы</title>
</book>
<book>
	<filename>de_kuatye_anhel/de_kuatye_anhel_vsyu_zhizn_ty_zhdala_pervaya_skrizhal_zaveta.fb2.zip</filename>
	<title>де Куатьэ Анхель. Всю жизнь ты ждала (первая скрижаль завета)</title>
</book>
<book>
	<filename>de_kuatye_anhel/de_kuatye_anhel_zolotoe_sechenie_sedmaya_skrizhal_zaveta.fb2.zip</filename>
	<title>де Куатьэ Анхель. Золотое сечение (седьмая скрижаль завета)</title>
</book>
<book>
	<filename>delail_anna/delail_anna_esli_lyubish.fb2.zip</filename>
	<title>Делайл Анна. Если любишь</title>
</book>
<book>
	<filename>delail_anna/delail_anna_gordaya_plennica.fb2.zip</filename>
	<title>Делайл Анна. Гордая пленница</title>
</book>
<book>
	<filename>delail_anna/delail_anna_v_tvoei_vlasti.fb2.zip</filename>
	<title>Делайл Анна. В твоей власти</title>
</book>
<book>
	<filename>delakort_shona/delakort_shona_aukcion_holostyakov.fb2.zip</filename>
	<title>Делакорт Шона. Аукцион холостяков</title>
</book>
<book>
	<filename>delakort_shona/delakort_shona_razdeli_so_mnoi_zhizn.fb2.zip</filename>
	<title>Делакорт Шона. Раздели со мной жизнь</title>
</book>
<book>
	<filename>delakort_shona/delakort_shona_zapret_na_lyubov.fb2.zip</filename>
	<title>Делакорт Шона. Запрет на любовь</title>
</book>
<book>
	<filename>delakort_shonna/delakort_shonna_aukcion_holostyakov.fb2.zip</filename>
	<title>Делакорт Шонна. Аукцион холостяков</title>
</book>
<book>
	<filename>delakort_shonna/delakort_shonna_razdeli_so_mnoi_zhizn.fb2.zip</filename>
	<title>Делакорт Шонна. Раздели со мной жизнь</title>
</book>
<book>
	<filename>delakort_shonna/delakort_shonna_rozhdestvenskaya_byl.fb2.zip</filename>
	<title>Делакорт Шонна. Рождественская быль</title>
</book>
<book>
	<filename>delakort_shonna/delakort_shonna_zapret_na_lyubov.fb2.zip</filename>
	<title>Делакорт Шонна. Запрет на любовь</title>
</book>
<book>
	<filename>de_la_krua_fransua/de_la_krua_fransua_francuzskaya_literaturnaya_skazka_xvii_xviii_vv.fb2.zip</filename>
	<title>де Ла Круа Франсуа Пети. Французская литературная сказка XVII – XVIII вв.</title>
</book>
<book>
	<filename>delakrua_klyer/delakrua_klyer_zhelanie_miledi.fb2.zip</filename>
	<title>Делакруа Клэр. Желание миледи</title>
</book>
<book>
	<filename>de_landa_diyego/de_landa_diyego_soobshenie_o_delah_v_yukatane.fb2.zip</filename>
	<title>де Ланда Диэго. Сообщение о делах в Юкатане</title>
</book>
<book>
	<filename>delansi_yelizabet/delansi_yelizabet_nechayannaya_lyubov.fb2.zip</filename>
	<title>Деланси Элизабет. Нечаянная любовь</title>
</book>
<book>
	<filename>delansi_yelizabet/delansi_yelizabet_nezhnoe_prikosnovenie.fb2.zip</filename>
	<title>Деланси Элизабет. Нежное прикосновение</title>
</book>
<book>
	<filename>delansi_yelizabet/delansi_yelizabet_prednachertano_sudboi.fb2.zip</filename>
	<title>Деланси Элизабет. Предначертано судьбой</title>
</book>
<book>
	<filename>de_la_rami_mari/de_la_rami_mari_nello_i_patrash.fb2.zip</filename>
	<title>де ла Рами Мари Луиз. Нелло и Патраш</title>
</book>
<book>
	<filename>delaryu_zhak/delaryu_zhak_istoriya_gestapo.fb2.zip</filename>
	<title>Деларю Жак. История гестапо</title>
</book>
<book>
	<filename>delderfild_ronald/delderfild_ronald_priklyucheniya_bena_ganna.fb2.zip</filename>
	<title>Делдерфилд Рональд Фредерик. Приключения Бена Ганна</title>
</book>
<book>
	<filename>delerm_filipp/delerm_filipp_pervyi_glotok_piva.fb2.zip</filename>
	<title>Делерм Филипп. Первый глоток пива...</title>
</book>
<book>
	<filename>delgado_myei/delgado_myei_aisberg_strasti.fb2.zip</filename>
	<title>Дельгадо Мэй. Айсберг страсти</title>
</book>
<book>
	<filename>delibes_migel/delibes_migel_eretik.fb2.zip</filename>
	<title>Делибес Мигель. Еретик</title>
</book>
<book>
	<filename>delibes_migel/delibes_migel_klad.fb2.zip</filename>
	<title>Делибес Мигель. Клад</title>
</book>
<book>
	<filename>delibes_migel/delibes_migel_pisma_shestidesyatiletnego_zhiznelyubca.fb2.zip</filename>
	<title>Делибес Мигель. Письма шестидесятилетнего жизнелюбца</title>
</book>
<book>
	<filename>de_liladan_ogyust/de_liladan_ogyust_koroleva_izabo.fb2.zip</filename>
	<title>де Лиль-Адан Огюст Вилье. Королева Изабо</title>
</book>
<book>
	<filename>delillo_don/delillo_don_belyi_shum.fb2.zip</filename>
	<title>Делилло Дон. Белый шум</title>
</book>
<book>
	<filename>delinski_barbara/delinski_barbara_blizkaya_zhenshina.fb2.zip</filename>
	<title>Делински Барбара. Близкая женщина</title>
</book>
<book>
	<filename>delinski_barbara/delinski_barbara_kogda_prihodit_beda.fb2.zip</filename>
	<title>Делински Барбара. Когда приходит беда</title>
</book>
<book>
	<filename>delinski_barbara/delinski_barbara_nad_bezdnoi.fb2.zip</filename>
	<title>Делински Барбара. Над бездной</title>
</book>
<book>
	<filename>delinski_barbara/delinski_barbara_povorot_sudby.fb2.zip</filename>
	<title>Делински Барбара. Поворот судьбы</title>
</book>
<book>
	<filename>delinski_barbara/delinski_barbara_sladkoe_vino_lyubvi.fb2.zip</filename>
	<title>Делински Барбара. Сладкое вино любви</title>
</book>
<book>
	<filename>delinski_barbara/delinski_barbara_strasti_chelsi_kein.fb2.zip</filename>
	<title>Делински Барбара. Страсти Челси Кейн</title>
</book>
<book>
	<filename>delinski_barbara/delinski_barbara_uhazhivaniya_na_skoruyu_ruku.fb2.zip</filename>
	<title>Делински Барбара. Ухаживания на скорую руку</title>
</book>
<book>
	<filename>delinski_barbara/delinski_barbara_zagadka_neokonchennoi_rukopisi.fb2.zip</filename>
	<title>Делински Барбара. Загадка неоконченной рукописи</title>
</book>
<book>
	<filename>de_lint_charlz/de_lint_charlz_dzhek_pobeditel_velikanov.fb2.zip</filename>
	<title>де Линт Чарльз. Джек Победитель Великанов</title>
</book>
<book>
	<filename>de_lint_charlz/de_lint_charlz_gorodskie_legendy.fb2.zip</filename>
	<title>Де Линт Чарльз. Городские легенды</title>
</book>
<book>
	<filename>de_lint_charlz/de_lint_charlz_lezvie_sna.fb2.zip</filename>
	<title>Де Линт Чарльз. Лезвие сна</title>
</book>
<book>
	<filename>de_lint_charlz/de_lint_charlz_lunnoe_serdce.fb2.zip</filename>
	<title>Де Линт Чарльз. Лунное сердце</title>
</book>
<book>
	<filename>de_lint_charlz/de_lint_charlz_malenkaya_strana.fb2.zip</filename>
	<title>де Линт Чарльз. Маленькая страна</title>
</book>
<book>
	<filename>de_lint_charlz/de_lint_charlz_otvedai_lunnogo_sveta.fb2.zip</filename>
	<title>де Линт Чарльз. Отведай лунного света</title>
</book>
<book>
	<filename>de_lint_charlz/de_lint_charlz_pokinutye_nebesa.fb2.zip</filename>
	<title>де Линт Чарльз. Покинутые небеса</title>
</book>
<book>
	<filename>de_lint_charlz/de_lint_charlz_strana_grez.fb2.zip</filename>
	<title>де Линт Чарльз. Страна грез</title>
</book>
<book>
	<filename>de_lint_charlz/de_lint_charlz_volchya_ten.fb2.zip</filename>
	<title>де Линт Чарльз. Волчья тень</title>
</book>
<book>
	<filename>de_lint_charlz/de_lint_charlz_zagadka_poyushih_kamnei.fb2.zip</filename>
	<title>де Линт Чарльз. Загадка поющих камней</title>
</book>
<book>
	<filename>de_lint_charlz/de_lint_charlz_zelyonaya_mantiya.fb2.zip</filename>
	<title>де Линт Чарльз. Зелёная мантия</title>
</book>
<book>
	<filename>dell_belinda/dell_belinda_tancuya_na_svoem_serdce.fb2.zip</filename>
	<title>Делл Белинда. Танцуя на своем сердце</title>
</book>
<book>
	<filename>dell_maikl/dell_maikl_ot_dell_bez_posrednikov_strategii_kotorye_sovershili_revolyuciyu_v_kompyuternoi_industrii.fb2.zip</filename>
	<title>Делл Майкл. От DELL без посредников. Стратегии, которые совершили революцию в компьютерной индустрии</title>
</book>
<book>
	<filename>de_lorent_hanspeter/de_lorent_hanspeter_neglasnaya_karera.fb2.zip</filename>
	<title>де Лорент Ханс-Петер. Негласная карьера</title>
</book>
<book>
	<filename>de_lorka_fryenk/de_lorka_fryenk_krovavaya_obitel.fb2.zip</filename>
	<title>де Лорка Фрэнк. Кровавая обитель</title>
</book>
<book>
	<filename>delvig_antonina/delvig_antonina_koldovskoi_sapfir.fb2.zip</filename>
	<title>Дельвиг Антонина. Колдовской сапфир</title>
</book>
<book>
	<filename>delvig_polina/delvig_polina_chisto_semeinoe_delo.fb2.zip</filename>
	<title>Дельвиг Полина. Чисто семейное дело</title>
</book>
<book>
	<filename>delvig_polina/delvig_polina_son_v_ruku.fb2.zip</filename>
	<title>Дельвиг Полина. Сон в руку</title>
</book>
<book>
	<filename>delvig_polina/delvig_polina_tupikovoe_zveno.fb2.zip</filename>
	<title>Дельвиг Полина. Тупиковое звено</title>
</book>
<book>
	<filename>delyuka_maikl/delyuka_maikl_freddi_mertv.fb2.zip</filename>
	<title>Делюка Майкл. Фредди мертв</title>
</book>
<book>
	<filename>demarko_tom/demarko_tom_chelovecheskii_faktor_uspeshnye_proekty_i_komandy.fb2.zip</filename>
	<title>Демарко Том. Человеческий фактор: успешные проекты и команды</title>
</book>
<book>
	<filename>demarko_tom/demarko_tom_deadline_roman_ob_upravlenii_proektami.fb2.zip</filename>
	<title>ДеМарко Том. Deadline. Роман об управлении проектами</title>
</book>
<book>
	<filename>demarko_tom/demarko_tom_valsiruya_s_medvedyami.fb2.zip</filename>
	<title>ДеМарко Том. Вальсируя с медведями</title>
</book>
<book>
	<filename>dembskii_evgenii/dembskii_evgenii_bludnyi_brat.fb2.zip</filename>
	<title>Дембский Евгений. Блудный брат</title>
</book>
<book>
	<filename>dembskii_evgenii/dembskii_evgenii_flyeshbyek2_ili_ograblennyi_mir.fb2.zip</filename>
	<title>Дембский Евгений. Флэшбэк-2, или Ограбленный мир</title>
</book>
<book>
	<filename>dembskii_evgenii/dembskii_evgenii_flyeshbyek.fb2.zip</filename>
	<title>Дембский Евгений. Флэшбэк</title>
</book>
<book>
	<filename>dembskii_evgenii/dembskii_evgenii_ta_storona_mira.fb2.zip</filename>
	<title>Дембский Евгений. Та сторона мира</title>
</book>
<book>
	<filename>dembskii_evgenii/dembskii_evgenii_ta_storona_vremeni.fb2.zip</filename>
	<title>Дембский Евгений. Та сторона времени</title>
</book>
<book>
	<filename>dembskii_evgenii/dembskii_evgenii_vlastiteli_nochi.fb2.zip</filename>
	<title>Дембский Евгений. Властители ночи</title>
</book>
<book>
	<filename>dembskii_evgenii/dembskii_evgenii_volya_drakona.fb2.zip</filename>
	<title>Дембский Евгений. Воля дракона</title>
</book>
<book>
	<filename>demidov_igor/demidov_igor_dumy_o_pravoslavii.fb2.zip</filename>
	<title>Демидов Игорь Платонович. Думы о православии</title>
</book>
<book>
	<filename>demille_nelson/demille_nelson_spencerville.fb2.zip</filename>
	<title>DeMille Nelson. Spencerville</title>
</book>
<book>
	<filename>demill_nelson/demill_nelson_bez_prava_na_poshadu_shkola_obayaniya.fb2.zip</filename>
	<title>Демилль Нельсон. Без права на пощаду (Школа обаяния)</title>
</book>
<book>
	<filename>demill_nelson/demill_nelson_doch_generala.fb2.zip</filename>
	<title>Демилль Нельсон. Дочь генерала</title>
</book>
<book>
	<filename>demill_nelson/demill_nelson_igra_lva.fb2.zip</filename>
	<title>Демилль Нельсон. Игра Льва</title>
</book>
<book>
	<filename>demill_nelson/demill_nelson_odisseya_talbota.fb2.zip</filename>
	<title>Демилль Нельсон. Одиссея Талбота</title>
</book>
<book>
	<filename>demill_nelson/demill_nelson_pri_rekah_vavilonskih.fb2.zip</filename>
	<title>Демилль Нельсон. При реках Вавилонских</title>
</book>
<book>
	<filename>demill_nelson/demill_nelson_slovo_chesti.fb2.zip</filename>
	<title>Демилль Нельсон. Слово чести</title>
</book>
<book>
	<filename>demill_nelson/demill_nelson_sobor.fb2.zip</filename>
	<title>Демилль Нельсон. Собор</title>
</book>
<book>
	<filename>demill_nelson/demill_nelson_spenservill_kniga_1.fb2.zip</filename>
	<title>Демилль Нельсон. Спенсервилль. Книга 1</title>
</book>
<book>
	<filename>demill_nelson/demill_nelson_spenservill_kniga_2.fb2.zip</filename>
	<title>Демилль Нельсон. Спенсервилль. Книга 2</title>
</book>
<book>
	<filename>demill_nelson/demill_nelson_tainy_ostrova_plam.fb2.zip</filename>
	<title>Демилль Нельсон. Тайны острова Плам</title>
</book>
<book>
	<filename>demill_nelson/demill_nelson_v_nikuda.fb2.zip</filename>
	<title>Демилль Нельсон. В никуда</title>
</book>
<book>
	<filename>demill_nelson/demill_nelson_zolotoi_bereg.fb2.zip</filename>
	<title>Демилль Нельсон. Золотой берег</title>
</book>
<book>
	<filename>demin_mihail/demin_mihail_i_pyat_butylok_vodki.fb2.zip</filename>
	<title>Демин Михаил. …И пять бутылок водки</title>
</book>
<book>
	<filename>demin_mihail/demin_mihail_tainy_sibirskih_almazov.fb2.zip</filename>
	<title>Демин Михаил. Тайны сибирских алмазов</title>
</book>
<book>
	<filename>demochka_vitalii/demochka_vitalii_strogii_rezhim.fb2.zip</filename>
	<title>Демочка Виталий. Строгий режим</title>
</book>
<book>
	<filename>dempf_peter/dempf_peter_taina_ieronima_bosha.fb2.zip</filename>
	<title>Демпф Петер. Тайна Иеронима Босха</title>
</book>
<book>
	<filename>demyanov_v/demyanov_v_katamaran_v_ryukzake.fb2.zip</filename>
	<title>Демьянов В. П. Катамаран в рюкзаке</title>
</book>
<book>
	<filename>demyut_mishel/demyut_mishel_afrodita_2080.fb2.zip</filename>
	<title>Демют Мишель. Афродита (2080)</title>
</book>
<book>
	<filename>demyut_mishel/demyut_mishel_chuzhoe_leto.fb2.zip</filename>
	<title>Демют Мишель. Чужое лето</title>
</book>
<book>
	<filename>demyut_mishel/demyut_mishel_noktyurn_dlya_demonov.fb2.zip</filename>
	<title>Демют Мишель. Ноктюрн для демонов</title>
</book>
<book>
	<filename>demyut_mishel/demyut_mishel_osedlavshie_svet.fb2.zip</filename>
	<title>Демют Мишель. Оседлавшие свет</title>
</book>
<book>
	<filename>demyut_mishel/demyut_mishel_vdal_k_zvezdam_2030.fb2.zip</filename>
	<title>Демют Мишель. Вдаль, к звездам (2030)</title>
</book>
<book>
	<filename>demyut_mishel/demyut_mishel_votchina_izmennika_2063.fb2.zip</filename>
	<title>Демют Мишель. Вотчина изменника (2063)</title>
</book>
<book>
	<filename>denberi_airis/denberi_airis_leto_v_italii.fb2.zip</filename>
	<title>Денбери Айрис. Лето в Италии</title>
</book>
<book>
	<filename>denbi_dzhulz/denbi_dzhulz_bulyzhnik_pod_serdcem.fb2.zip</filename>
	<title>Денби Джулз. Булыжник под сердцем</title>
</book>
<book>
	<filename>den_dominik/den_dominik_isporchennaya_zhenshina.fb2.zip</filename>
	<title>Дьен Доминик. Испорченная женщина</title>
</book>
<book>
	<filename>denenberg_barri/denenberg_barri_rannim_voskresnym_utrom_pyorlharbor_1941.fb2.zip</filename>
	<title>Дененберг Барри. Ранним воскресным утром. Пёрл-Харбор. 1941</title>
</book>
<book>
	<filename>de_nerval_zherar/de_nerval_zherar_istoriya_halifa_hakima.fb2.zip</filename>
	<title>де Нерваль Жерар. История халифа Хакимa</title>
</book>
<book>
	<filename>de_nerval_zherar/de_nerval_zherar_istoriya_o_carice_utra_i_o_suleimane_povelitele_duhov.fb2.zip</filename>
	<title>де Нерваль Жерар. История о царице утра и о Сулеймане, повелителе духов</title>
</book>
<book>
	<filename>de_nerval_zherar/de_nerval_zherar_korol_shutov.fb2.zip</filename>
	<title>де Нерваль Жерар. Король шутов</title>
</book>
<book>
	<filename>de_nerval_zherar/de_nerval_zherar_sonata_dyavola.fb2.zip</filename>
	<title>де Нерваль Жерар. Соната Дьявола</title>
</book>
<book>
	<filename>de_nerval_zherar/de_nerval_zherar_zelenoe_chudovishe.fb2.zip</filename>
	<title>де Нерваль Жерар. Зеленое чудовище</title>
</book>
<book>
	<filename>de_nerval_zherar/de_nerval_zherar_zhak_kazot.fb2.zip</filename>
	<title>де Нерваль Жерар. Жак Казот</title>
</book>
<book>
	<filename>denezhkina_irina/denezhkina_irina_dai_mne.fb2.zip</filename>
	<title>Денежкина Ирина. Дай Мне!</title>
</book>
<book>
	<filename>denezhkina_irina/denezhkina_irina_distanirovannoe_chuvstvo.fb2.zip</filename>
	<title>Денежкина Ирина. Дистанированное чувство</title>
</book>
<book>
	<filename>denezhkina_irina/denezhkina_irina_lyoharotveiler.fb2.zip</filename>
	<title>Денежкина Ирина. Лёха-ротвейлер</title>
</book>
<book>
	<filename>denezhkina_irina/denezhkina_irina_moya_prekrasnaya_yenn.fb2.zip</filename>
	<title>Денежкина Ирина. Моя прекрасная Энн</title>
</book>
<book>
	<filename>denezhkina_irina/denezhkina_irina_nacbest.fb2.zip</filename>
	<title>Денежкина Ирина. НацбесТ</title>
</book>
<book>
	<filename>denezhkina_irina/denezhkina_irina_postskriptum.fb2.zip</filename>
	<title>Денежкина Ирина. Постскриптум</title>
</book>
<book>
	<filename>denezhkina_irina/denezhkina_irina_shnur.fb2.zip</filename>
	<title>Денежкина Ирина. Шнур</title>
</book>
<book>
	<filename>denezhkina_irina/denezhkina_irina_smert_v_chate.fb2.zip</filename>
	<title>Денежкина Ирина. Смерть в чате</title>
</book>
<book>
	<filename>denezhkina_irina/denezhkina_irina_song_for_lovers.fb2.zip</filename>
	<title>Денежкина Ирина. Song for lovers</title>
</book>
<book>
	<filename>denezhkina_irina/denezhkina_irina_ty_i_ya.fb2.zip</filename>
	<title>Денежкина Ирина. Ты и я</title>
</book>
<book>
	<filename>denezhkina_irina/denezhkina_irina_valerochka.fb2.zip</filename>
	<title>Денежкина Ирина. Валерочка</title>
</book>
<book>
	<filename>denezhkina_irina/denezhkina_irina_vasya.fb2.zip</filename>
	<title>Денежкина Ирина. Вася</title>
</book>
<book>
	<filename>denic_karl/denic_karl_nemeckie_podvodnye_lodki_vo_vtoroi_mirovoi_voine.fb2.zip</filename>
	<title>Дениц Карл. Немецкие подводные лодки во второй мировой войне</title>
</book>
<book>
	<filename>denikin_anton/denikin_anton_beloe_dvizhenie_i_borba_dobrovolcheskoi_armii.fb2.zip</filename>
	<title>Деникин Антон Иванович. Белое движение и борьба Добровольческой армии</title>
</book>
<book>
	<filename>denikin_anton/denikin_anton_borba_generala_kornilova_avgust_1917_g_aprel_1918_g.fb2.zip</filename>
	<title>Деникин Антон Иванович. Борьба генерала Корнилова. Август 1917 г. – апрель 1918 г.</title>
</book>
<book>
	<filename>denikin_anton/denikin_anton_krushenie_vlasti_i_armii_fevralsentyabr_1917_g.fb2.zip</filename>
	<title>Деникин Антон Иванович. Крушение власти и армии. (Февраль-сентябрь 1917 г.)</title>
</book>
<book>
	<filename>denikin_anton/denikin_anton_put_russkogo_oficera.fb2.zip</filename>
	<title>Деникин Антон Иванович. Путь русского офицера</title>
</book>
<book>
	<filename>denikin_anton/denikin_anton_vooruzhennye_sily_yuga_rossii_oktyabr_1918_g_yanvar_1919_g.fb2.zip</filename>
	<title>Деникин Антон Иванович. Вооруженные силы Юга России. Октябрь 1918 г. – Январь 1919 г.</title>
</book>
<book>
	<filename>denikin_anton/denikin_anton_vooruzhennye_sily_yuga_rossii_yanvar_1919_g_mart_1920_g.fb2.zip</filename>
	<title>Деникин Антон Иванович. Вооруженные силы Юга России. Январь 1919 г. – март 1920 г.</title>
</book>
<book>
	<filename>denison_dzhanel/denison_dzhanel_bogach_bez_centa_v_karmane.fb2.zip</filename>
	<title>Денисон Джанель. Богач без цента в кармане</title>
</book>
<book>
	<filename>denison_dzhanel/denison_dzhanel_prosto_ulybnis.fb2.zip</filename>
	<title>Денисон Джанель. Просто улыбнись!</title>
</book>
<book>
	<filename>denison_dzhanel/denison_dzhanel_tigrica_ili_kotenok.fb2.zip</filename>
	<title>Денисон Джанель. Тигрица или котенок?</title>
</book>
<book>
	<filename>denison_dzhanel/denison_dzhanel_ustoyat_nevozmozhno.fb2.zip</filename>
	<title>Денисон Джанель. Устоять невозможно</title>
</book>
<book>
	<filename>denisova_olga/denisova_olga_berendei.fb2.zip</filename>
	<title>Денисова Ольга. Берендей</title>
</book>
<book>
	<filename>denisova_olga/denisova_olga_chernyi_cvetok.fb2.zip</filename>
	<title>Денисова Ольга. Черный цветок</title>
</book>
<book>
	<filename>denisova_olga/denisova_olga_odinokii_putnik.fb2.zip</filename>
	<title>Денисова Ольга. Одинокий путник</title>
</book>
<book>
	<filename>denisova_olga/denisova_olga_pridorozhnaya_trava.fb2.zip</filename>
	<title>Денисова Ольга. Придорожная трава</title>
</book>
<book>
	<filename>denisova_olga/denisova_olga_uchitel.fb2.zip</filename>
	<title>Денисова Ольга. Учитель</title>
</book>
<book>
	<filename>denisova_olga/denisova_olga_vechnyi_kolokol.fb2.zip</filename>
	<title>Денисова Ольга. Вечный колокол</title>
</book>
<book>
	<filename>denisova_olga/denisova_olga_za_kalinov_most.fb2.zip</filename>
	<title>Денисова Ольга. За Калинов мост</title>
</book>
<book>
	<filename>denisov_valerii/denisov_valerii_po_klichke_bokser_hronika_vremen_kulta_lichnosti.fb2.zip</filename>
	<title>Денисов Валерий. По кличке «Боксер»: Хроника времен культа личности</title>
</book>
<book>
	<filename>denning_troi/denning_troi_alyi_legion.fb2.zip</filename>
	<title>Деннинг Трой. Алый легион</title>
</book>
<book>
	<filename>denning_troi/denning_troi_bezumnyi_bog.fb2.zip</filename>
	<title>Деннинг Трой. Безумный бог</title>
</book>
<book>
	<filename>denning_troi/denning_troi_charodeika.fb2.zip</filename>
	<title>Деннинг Трой. Чародейка</title>
</book>
<book>
	<filename>denning_troi/denning_troi_duh_tatuina.fb2.zip</filename>
	<title>Деннинг Трой. Дух Татуина</title>
</book>
<book>
	<filename>denning_troi/denning_troi_glubokovode.fb2.zip</filename>
	<title>Деннинг Трой. Глубоководье</title>
</book>
<book>
	<filename>denning_troi/denning_troi_lazorevyi_shtorm.fb2.zip</filename>
	<title>Деннинг Трой. Лазоревый шторм</title>
</book>
<book>
	<filename>denning_troi/denning_troi_novyi_orden_dzhedaev_zvezda_za_zvezdoi.fb2.zip</filename>
	<title>Деннинг Трой. Новый Орден Джедаев: Звезда за звездой</title>
</book>
<book>
	<filename>denning_troi/denning_troi_obsidianovyi_orakul.fb2.zip</filename>
	<title>Деннинг Трой. Обсидиановый оракул</title>
</book>
<book>
	<filename>denning_troi/denning_troi_ohota_na_drakona.fb2.zip</filename>
	<title>Деннинг Трой. Охота на Дракона</title>
</book>
<book>
	<filename>denning_troi/denning_troi_vyzdorovlenie.fb2.zip</filename>
	<title>Деннинг Трой. Выздоровление</title>
</book>
<book>
	<filename>dennis_helen/dennis_helen_lyubov_v_nasledstvo.fb2.zip</filename>
	<title>Деннис Хелен. Любовь в наследство</title>
</book>
<book>
	<filename>denoski_kyeti/denoski_kyeti_bud_moei_edinstvennoi.fb2.zip</filename>
	<title>Деноски Кэти. Будь моей единственной</title>
</book>
<book>
	<filename>denoski_kyeti/denoski_kyeti_vsyo_za_mechtu.fb2.zip</filename>
	<title>Деноски Кэти. Всё – за мечту</title>
</book>
<book>
	<filename>de_ramon_natali/de_ramon_natali_aromat_schastya.fb2.zip</filename>
	<title>де Рамон Натали. Аромат счастья</title>
</book>
<book>
	<filename>de_ramon_natali/de_ramon_natali_chervonnyi_korol.fb2.zip</filename>
	<title>де Рамон Натали. Червонный король</title>
</book>
<book>
	<filename>de_ramon_natali/de_ramon_natali_za_pervogo_vstrechnogo.fb2.zip</filename>
	<title>де Рамон Натали. За первого встречного?</title>
</book>
<book>
	<filename>derek_kartun/derek_kartun_besy_v_parizhe.fb2.zip</filename>
	<title>Дерек Картун. Бесы в Париже</title>
</book>
<book>
	<filename>de_rene_anri/de_rene_anri_greshnica.fb2.zip</filename>
	<title>де Ренье Анри. Грешница</title>
</book>
<book>
	<filename>de_rene_anri/de_rene_anri_markiz_damerker_rasskazy.fb2.zip</filename>
	<title>де Ренье Анри. Маркиз д'Амеркер. Рассказы</title>
</book>
<book>
	<filename>de_rene_anri/de_rene_anri_po_prihoti_korolya.fb2.zip</filename>
	<title>де Ренье Анри. По прихоти короля</title>
</book>
<book>
	<filename>de_rene_anri/de_rene_anri_yeskapada.fb2.zip</filename>
	<title>де Ренье Анри. Эскапада</title>
</book>
<book>
	<filename>deresh_lyubko/deresh_lyubko_kult.fb2.zip</filename>
	<title>Дереш Любко. Культ</title>
</book>
<book>
	<filename>deresh_lyubko/deresh_lyubko_pokloninnya_yashirci.fb2.zip</filename>
	<title>Дереш Любко. Поклоніння ящірці</title>
</book>
<book>
	<filename>deresh_lyubko/deresh_lyubko_tereza_ta_parabola.fb2.zip</filename>
	<title>Дереш Любко. Тереза та парабола</title>
</book>
<book>
	<filename>deresh_lyubko/deresh_lyubko_trohi_pitmi.fb2.zip</filename>
	<title>Дереш Любко. Трохи пітьми</title>
</book>
<book>
	<filename>derieva_regina/derieva_regina_pridurkov_vsyudu_hvataet.fb2.zip</filename>
	<title>Дериева Регина. Придурков всюду хватает</title>
</book>
<book>
	<filename>derlet_ogyest/derlet_ogyest_edinstvennyi_naslednik.fb2.zip</filename>
	<title>Дерлет Огэст. Единственный наследник</title>
</book>
<book>
	<filename>derlet_ogyest/derlet_ogyest_lampa_adhazreda.fb2.zip</filename>
	<title>Дерлет Огэст. Лампа Адь-Хазреда</title>
</book>
<book>
	<filename>derlet_ogyest/derlet_ogyest_prishelec_iz_kosmosa.fb2.zip</filename>
	<title>Дерлет Огэст. Пришелец из космоса</title>
</book>
<book>
	<filename>derlet_ogyest/derlet_ogyest_tayashiisya_u_poroga.fb2.zip</filename>
	<title>Дерлет Огэст Уильям. Таящийся у порога</title>
</book>
<book>
	<filename>derlet_ogyest/derlet_ogyest_vozvrashenie_k_predkam.fb2.zip</filename>
	<title>Дерлет Огэст. Возвращение к предкам</title>
</book>
<book>
	<filename>deryabin_aleksandr/deryabin_aleksandr_grazhdanskaya_voina_v_rossii_19171922_krasnaya_armiya.fb2.zip</filename>
	<title>Дерябин Александр. Гражданская война в России 1917-1922. Красная Армия</title>
</book>

</books>

