<?xml version="1.0" encoding="UTF-8" ?>
<books>
<book>
	<filename>dikki_kristofer/dikki_kristofer_krov_nevinnyh.fb2.zip</filename>
	<title>Дикки Кристофер. Кровь невинных</title>
</book>
<book>
	<filename>dikrid_grentli/dikrid_grentli_rody_bez_straha.fb2.zip</filename>
	<title>Дик-Рид Грентли. Роды без страха</title>
</book>
<book>
	<filename>dikson_franklin/dikson_franklin_taina_domika_na_utyose.fb2.zip</filename>
	<title>Диксон Франклин У. Тайна домика на утёсе</title>
</book>
<book>
	<filename>dikson_franklin/dikson_franklin_taina_forta_s_privideniyami.fb2.zip</filename>
	<title>Диксон Франклин У. Тайна форта с привидениями</title>
</book>
<book>
	<filename>dikson_franklin/dikson_franklin_taina_kitaiskoi_dzhonki.fb2.zip</filename>
	<title>Диксон Франклин У. Тайна китайской джонки</title>
</book>
<book>
	<filename>dikson_franklin/dikson_franklin_taina_komnaty_bez_pola.fb2.zip</filename>
	<title>Диксон Франклин У. Тайна комнаты без пола</title>
</book>
<book>
	<filename>dikson_franklin/dikson_franklin_taina_letayushego_yekspressa.fb2.zip</filename>
	<title>Диксон Франклин У. Тайна летающего экспресса</title>
</book>
<book>
	<filename>dikson_franklin/dikson_franklin_taina_spiralnogo_mosta.fb2.zip</filename>
	<title>Диксон Франклин У. Тайна спирального моста</title>
</book>
<book>
	<filename>dikson_franklin/dikson_franklin_taina_staroi_melnicy.fb2.zip</filename>
	<title>Диксон Франклин У. Тайна старой мельницы</title>
</book>
<book>
	<filename>dikson_gordon/dikson_gordon_absolyutnaya_yenciklopediya_tom_1.fb2.zip</filename>
	<title>Диксон Гордон. Абсолютная Энциклопедия. Том 1</title>
</book>
<book>
	<filename>dikson_gordon/dikson_gordon_absolyutnaya_yenciklopediya_tom_2.fb2.zip</filename>
	<title>Диксон Гордон. Абсолютная Энциклопедия. Том 2</title>
</book>
<book>
	<filename>dikson_gordon/dikson_gordon_amanda_morgan.fb2.zip</filename>
	<title>Диксон Гордон. Аманда Морган</title>
</book>
<book>
	<filename>dikson_gordon/dikson_gordon_bratya.fb2.zip</filename>
	<title>Диксон Гордон. Братья</title>
</book>
<book>
	<filename>dikson_gordon/dikson_gordon_chelovek_po_pochte_posylka_iz_kosmosa.fb2.zip</filename>
	<title>Диксон Гордон. Человек по почте (Посылка из космоса)</title>
</book>
<book>
	<filename>dikson_gordon/dikson_gordon_chernyi_charli.fb2.zip</filename>
	<title>Диксон Гордон. Черный Чарли</title>
</book>
<book>
	<filename>dikson_gordon/dikson_gordon_drakon_i_dzhinn.fb2.zip</filename>
	<title>Диксон Гордон. Дракон и Джинн</title>
</book>
<book>
	<filename>dikson_gordon/dikson_gordon_drakon_i_dzhordzh.fb2.zip</filename>
	<title>Диксон Гордон Руперт. Дракон и Джордж</title>
</book>
<book>
	<filename>dikson_gordon/dikson_gordon_drakon_i_korol_podzemya.fb2.zip</filename>
	<title>Диксон Гордон. Дракон и Король Подземья</title>
</book>
<book>
	<filename>dikson_gordon/dikson_gordon_drakon_na_granice.fb2.zip</filename>
	<title>Диксон Гордон Руперт. Дракон на границе</title>
</book>
<book>
	<filename>dikson_gordon/dikson_gordon_drakon_na_voine.fb2.zip</filename>
	<title>Диксон Гордон Руперт. Дракон на войне</title>
</book>
<book>
	<filename>dikson_gordon/dikson_gordon_drakon_yerl_i_troll.fb2.zip</filename>
	<title>Диксон Гордон Руперт. Дракон, эрл и тролль</title>
</book>
<book>
	<filename>dikson_gordon/dikson_gordon_gildiya.fb2.zip</filename>
	<title>Диксон Гордон. Гильдия</title>
</book>
<book>
	<filename>dikson_gordon/dikson_gordon_inoi_put.fb2.zip</filename>
	<title>Диксон Гордон Руперт. Иной путь</title>
</book>
<book>
	<filename>dikson_gordon/dikson_gordon_inye.fb2.zip</filename>
	<title>Диксон Гордон. Иные</title>
</book>
<book>
	<filename>dikson_gordon/dikson_gordon_koren_kvadratnyi_iz_butylki_shampanskogo.fb2.zip</filename>
	<title>Диксон Гордон. Корень квадратный из бутылки шампанского</title>
</book>
<book>
	<filename>dikson_gordon/dikson_gordon_kosmicheskaya_lapa.fb2.zip</filename>
	<title>Диксон Гордон. Космическая Лапа</title>
</book>
<book>
	<filename>dikson_gordon/dikson_gordon_lalangamena.fb2.zip</filename>
	<title>Диксон Гордон. Лалангамена</title>
</book>
<book>
	<filename>dikson_gordon/dikson_gordon_luna_lyubov_tishina_tihoe_penie.fb2.zip</filename>
	<title>Диксон Гордон. Луна, любовь, тишина, тихое пение...</title>
</book>
<book>
	<filename>dikson_gordon/dikson_gordon_lyubi_menya_lyubi.fb2.zip</filename>
	<title>Диксон Гордон. Люби меня, люби</title>
</book>
<book>
	<filename>dikson_gordon/dikson_gordon_massa_prichera.fb2.zip</filename>
	<title>Диксон Гордон. Масса Причера</title>
</book>
<book>
	<filename>dikson_gordon/dikson_gordon_mister_supstoun.fb2.zip</filename>
	<title>Диксон Гордон. Мистер Супстоун</title>
</book>
<book>
	<filename>dikson_gordon/dikson_gordon_molodoi_bleiz.fb2.zip</filename>
	<title>Диксон Гордон. Молодой Блейз</title>
</book>
<book>
	<filename>dikson_gordon/dikson_gordon_nekromant_nekromanser_net_mesta_cheloveku.fb2.zip</filename>
	<title>Диксон Гордон. Некромант (Некромансер; Нет места человеку)</title>
</book>
<book>
	<filename>dikson_gordon/dikson_gordon_nezvanyi_gost.fb2.zip</filename>
	<title>Диксон Гордон. Незваный гость</title>
</book>
<book>
	<filename>dikson_gordon/dikson_gordon_opasnost_chelovek.fb2.zip</filename>
	<title>Диксон Гордон. Опасность — человек!</title>
</book>
<book>
	<filename>dikson_gordon/dikson_gordon_poteryannyi.fb2.zip</filename>
	<title>Диксон Гордон. Потерянный</title>
</book>
<book>
	<filename>dikson_gordon/dikson_gordon_pozhalui_yeto_nespravedlivo.fb2.zip</filename>
	<title>Диксон Гордон. Пожалуй, это несправедливо</title>
</book>
<book>
	<filename>dikson_gordon/dikson_gordon_prirozhdennyi_polkovodec_dorsai_geneticheskii_general.fb2.zip</filename>
	<title>Диксон Гордон. Прирожденный полководец (Дорсай!; Генетический генерал)</title>
</book>
<book>
	<filename>dikson_gordon/dikson_gordon_rozhdestvenskii_podarok.fb2.zip</filename>
	<title>Диксон Гордон. Рождественский подарок</title>
</book>
<book>
	<filename>dikson_gordon/dikson_gordon_rycardrakon.fb2.zip</filename>
	<title>Диксон Гордон Руперт. Рыцарь-дракон</title>
</book>
<book>
	<filename>dikson_gordon/dikson_gordon_salmanasar.fb2.zip</filename>
	<title>Диксон Гордон. Салманасар</title>
</book>
<book>
	<filename>dikson_gordon/dikson_gordon_shtorm_vremeni.fb2.zip</filename>
	<title>Диксон Гордон. Шторм времени</title>
</book>
<book>
	<filename>dikson_gordon/dikson_gordon_soldat_ne_sprashivai.fb2.zip</filename>
	<title>Диксон Гордон. Солдат, не спрашивай</title>
</book>
<book>
	<filename>dikson_gordon/dikson_gordon_spasatelnaya_operaciya.fb2.zip</filename>
	<title>Диксон Гордон. Спасательная операция</title>
</book>
<book>
	<filename>dikson_gordon/dikson_gordon_strannye_kolonisty.fb2.zip</filename>
	<title>Диксон Гордон. Странные колонисты</title>
</book>
<book>
	<filename>dikson_gordon/dikson_gordon_taktika_oshibok.fb2.zip</filename>
	<title>Диксон Гордон. Тактика ошибок</title>
</book>
<book>
	<filename>dikson_gordon/dikson_gordon_vechnyi_chelovek.fb2.zip</filename>
	<title>Диксон Гордон. Вечный человек</title>
</book>
<book>
	<filename>dikson_gordon/dikson_gordon_voin.fb2.zip</filename>
	<title>Диксон Гордон. Воин</title>
</book>
<book>
	<filename>dikson_gordon/dikson_gordon_zovite_ego_gospodin.fb2.zip</filename>
	<title>Диксон Гордон. Зовите его «Господин»</title>
</book>
<book>
	<filename>dikson_helen/dikson_helen_zaveshanie_somervillya.fb2.zip</filename>
	<title>Диксон Хелен. Завещание Сомервилля</title>
</book>
<book>
	<filename>diks_shein/diks_shein_eretik_sily1_ostatok.fb2.zip</filename>
	<title>Дикс Шейн. Еретик Силы-1: Остаток</title>
</book>
<book>
	<filename>dildina_svetlana/dildina_svetlana_pesnya_cvetov_akonita.fb2.zip</filename>
	<title>Дильдина Светлана. Песня цветов аконита</title>
</book>
<book>
	<filename>dileini_dzhozef/dileini_dzhozef_proklyatie_vedmaka.fb2.zip</filename>
	<title>Дилейни Джозеф. Проклятие Ведьмака</title>
</book>
<book>
	<filename>dileini_dzhozef/dileini_dzhozef_uchenik_vedmaka.fb2.zip</filename>
	<title>Дилейни Джозеф. Ученик Ведьмака</title>
</book>
<book>
	<filename>dillard_maikl/dillard_maikl_poslednii_rubezh.fb2.zip</filename>
	<title>Диллард Майкл. Последний Рубеж</title>
</book>
<book>
	<filename>dillard_maikl/dillard_maikl_yemissar.fb2.zip</filename>
	<title>Диллард Майкл. Эмиссар</title>
</book>
<book>
	<filename>dillon_yeilis/dillon_yeilis_loshadinyi_ostrov.fb2.zip</filename>
	<title>Диллон Эйлис. Лошадиный остров</title>
</book>
<book>
	<filename>dil_myeri/dil_myeri_hrupkaya_krasota.fb2.zip</filename>
	<title>Дил Мэри Линн. Хрупкая красота</title>
</book>
<book>
	<filename>dilov_lyuben/dilov_lyuben_dvoinaya_zvezda.fb2.zip</filename>
	<title>Дилов Любен. Двойная звезда</title>
</book>
<book>
	<filename>dilov_lyuben/dilov_lyuben_nezavershennyi_roman_studentki.fb2.zip</filename>
	<title>Дилов Любен. Незавершенный роман студентки</title>
</book>
<book>
	<filename>dilov_lyuben/dilov_lyuben_novogodnyaya_tragediya.fb2.zip</filename>
	<title>Дилов Любен. Новогодняя трагедия</title>
</book>
<book>
	<filename>dilov_lyuben/dilov_lyuben_vpered_chelovechestvo.fb2.zip</filename>
	<title>Дилов Любен. Вперед, человечество!</title>
</book>
<book>
	<filename>dilov_lyuben/dilov_lyuben_zhestokii_yeksperiment.fb2.zip</filename>
	<title>Дилов Любен. Жестокий эксперимент</title>
</book>
<book>
	<filename>dilov_lyuben/dilov_lyuben_zvezdnye_priklyucheniya_numi_i_niki_kniga_1.fb2.zip</filename>
	<title>Дилов Любен. Звездные приключения Нуми и Ники. Книга 1</title>
</book>
<book>
	<filename>dilov_lyuben/dilov_lyuben_zvezdnye_priklyucheniya_numi_i_niki_kniga_2.fb2.zip</filename>
	<title>Дилов Любен. Звездные приключения Нуми и Ники. Книга 2</title>
</book>
<book>
	<filename>dilts_robert/dilts_robert_strategii_geniev_tom_2_albert_yeinshtein.fb2.zip</filename>
	<title>Дилтс Роберт. Стратегии гениев. Том 2. Альберт Эйнштейн</title>
</book>
<book>
	<filename>dilyeni_syemyuel/dilyeni_syemyuel_dragocennosti_yeptora.fb2.zip</filename>
	<title>Дилэни Сэмюель. Драгоценности Эптора</title>
</book>
<book>
	<filename>dilyeni_syemyuel/dilyeni_syemyuel_homo_astrum.fb2.zip</filename>
	<title>Дилэни Сэмюель. Хомо Аструм</title>
</book>
<book>
	<filename>dilyeni_syemyuel/dilyeni_syemyuel_imperskaya_zvezda.fb2.zip</filename>
	<title>Дилэни Сэмюель. Имперская Звезда</title>
</book>
<book>
	<filename>dilyeni_syemyuel/dilyeni_syemyuel_nova.fb2.zip</filename>
	<title>Дилэни Сэмюель. Нова</title>
</book>
<book>
	<filename>dilyeni_syemyuel/dilyeni_syemyuel_padenie_bashen.fb2.zip</filename>
	<title>Дилэни Сэмюель. Падение Башен</title>
</book>
<book>
	<filename>dilyeni_syemyuel/dilyeni_syemyuel_peresechenie_yeinshteina.fb2.zip</filename>
	<title>Дилэни Сэмюель. Пересечение Эйнштейна</title>
</book>
<book>
	<filename>dilyeni_syemyuel/dilyeni_syemyuel_vavilon17.fb2.zip</filename>
	<title>Дилэни Сэмюель. Вавилон-17</title>
</book>
<book>
	<filename>dilyeni_syemyuel/dilyeni_syemyuel_vremya_tochno_nitka_samocvetov.fb2.zip</filename>
	<title>Дилэни Сэмюель. Время, точно нитка самоцветов</title>
</book>
<book>
	<filename>dilyeni_syemyuyel/dilyeni_syemyuyel_dragocennosti_yeptora.fb2.zip</filename>
	<title>Дилэни Сэмюэль. Драгоценности Эптора</title>
</book>
<book>
	<filename>dilyeni_syemyuyel/dilyeni_syemyuyel_homo_astrum.fb2.zip</filename>
	<title>Дилэни Сэмюэль. Хомо Аструм</title>
</book>
<book>
	<filename>dilyeni_syemyuyel/dilyeni_syemyuyel_imperskaya_zvezda.fb2.zip</filename>
	<title>Дилэни Сэмюэль. Имперская Звезда</title>
</book>
<book>
	<filename>dilyeni_syemyuyel/dilyeni_syemyuyel_padenie_bashen.fb2.zip</filename>
	<title>Дилэни Сэмюэль. Падение башен</title>
</book>
<book>
	<filename>dilyeni_syemyuyel/dilyeni_syemyuyel_peresechenie_yeinshteina.fb2.zip</filename>
	<title>Дилэни Сэмюэль. Пересечение Эйнштейна</title>
</book>
<book>
	<filename>dilyeni_syemyuyel/dilyeni_syemyuyel_vavilon17.fb2.zip</filename>
	<title>Дилэни Сэмюэль. Вавилон-17</title>
</book>
<book>
	<filename>dilyeni_syemyuyel/dilyeni_syemyuyel_vremya_tochno_nitka_samocvetov.fb2.zip</filename>
	<title>Дилэни Сэмюэль. Время, точно нитка самоцветов</title>
</book>
<book>
	<filename>dimova_nadezhda/dimova_nadezhda_vanga_taina_dara_bolgarskoi_kassandry.fb2.zip</filename>
	<title>Димова Надежда. Ванга. Тайна дара болгарской Кассандры</title>
</book>
<book>
	<filename>dimova_nadezhda/dimova_nadezhda_volf_messing_drama_zhizni_velikogo_gipnotizera.fb2.zip</filename>
	<title>Димова Надежда. Вольф Мессинг. Драма жизни великого гипнотизера</title>
</book>
<book>
	<filename>dimov_dimitr/dimov_dimitr_anatom_da_kosta.fb2.zip</filename>
	<title>Димов Димитр. Анатом Да Коста</title>
</book>
<book>
	<filename>dimov_dimitr/dimov_dimitr_dushnaya_noch_v_sevile.fb2.zip</filename>
	<title>Димов Димитр. Душная ночь в Севилье</title>
</book>
<book>
	<filename>dimov_dimitr/dimov_dimitr_iyulskaya_zima.fb2.zip</filename>
	<title>Димов Димитр. Июльская зима</title>
</book>
<book>
	<filename>dimov_dimitr/dimov_dimitr_karnaval.fb2.zip</filename>
	<title>Димов Димитр. Карнавал</title>
</book>
<book>
	<filename>dimov_dimitr/dimov_dimitr_opustoshennaya_ispaniya.fb2.zip</filename>
	<title>Димов Димитр. Опустошенная Испания</title>
</book>
<book>
	<filename>dimov_dimitr/dimov_dimitr_osuzhdennye_dushi.fb2.zip</filename>
	<title>Димов Димитр. Осужденные души</title>
</book>
<book>
	<filename>dimov_dimitr/dimov_dimitr_poruchik_benc.fb2.zip</filename>
	<title>Димов Димитр. Поручик Бенц</title>
</book>
<book>
	<filename>dimov_dimitr/dimov_dimitr_sevastopol_1913_god.fb2.zip</filename>
	<title>Димов Димитр. Севастополь. 1913 год</title>
</book>
<book>
	<filename>dimov_dimitr/dimov_dimitr_tabak.fb2.zip</filename>
	<title>Димов Димитр. Табак</title>
</book>
<book>
	<filename>dimov_dimitr/dimov_dimitr_vinovnyi.fb2.zip</filename>
	<title>Димов Димитр. Виновный</title>
</book>
<book>
	<filename>dimov_dimitr/dimov_dimitr_zhenshiny_s_proshlym.fb2.zip</filename>
	<title>Димов Димитр. Женщины с прошлым</title>
</book>
<book>
	<filename>dimov_maksim/dimov_maksim_tron.fb2.zip</filename>
	<title>Димов Максим. Трон</title>
</book>
<book>
	<filename>dinallo_greg/dinallo_greg_fiasko.fb2.zip</filename>
	<title>Диналло Грег. Фиаско</title>
</book>
<book>
	<filename>dinec_vladimir/dinec_vladimir_america_latina_ili_povest_o_pervoi_lyubvi.fb2.zip</filename>
	<title>Динец Владимир. America Latina, или повесть о первой любви</title>
</book>
<book>
	<filename>dinec_vladimir/dinec_vladimir_aziya_na_halyavu.fb2.zip</filename>
	<title>Динец Владимир. Азия на халяву</title>
</book>
<book>
	<filename>dinec_vladimir/dinec_vladimir_oteli_bez_zvezd.fb2.zip</filename>
	<title>Динец Владимир. Отели без звезд</title>
</book>
<book>
	<filename>dinec_vladimir/dinec_vladimir_tropoyu_dikogo_osla.fb2.zip</filename>
	<title>Динец Владимир. Тропою дикого осла</title>
</book>
<book>
	<filename>dinec_vladimir/dinec_vladimir_veter_v_trave.fb2.zip</filename>
	<title>Динец Владимир. Ветер в траве</title>
</book>
<book>
	<filename>dinec_vladimir/dinec_vladimir_zima_na_razlome.fb2.zip</filename>
	<title>Динец Владимир. Зима на разломе</title>
</book>
<book>
	<filename>dinguyell_dzhois/dinguyell_dzhois_tysyacha_svechei.fb2.zip</filename>
	<title>Дингуэлл Джойс. Тысяча свечей</title>
</book>
<book>
	<filename>din_lin_/din_lin__myenkye.fb2.zip</filename>
	<title>Дин Лин. Мэн-кэ</title>
</book>
<book>
	<filename>din_yelissa/din_yelissa_nadezhdy_i_radosti.fb2.zip</filename>
	<title>Дин Элисса. Надежды и радости</title>
</book>
<book>
	<filename>dirbi_helen/dirbi_helen_yeti_strannye_datchane.fb2.zip</filename>
	<title>Дирби Хелен. Эти странные датчане</title>
</book>
<book>
	<filename>dish_tomas/dish_tomas_334.fb2.zip</filename>
	<title>Диш Томас Майкл. 334</title>
</book>
<book>
	<filename>dish_tomas/dish_tomas_genocid.fb2.zip</filename>
	<title>Диш Томас Майкл. Геноцид</title>
</book>
<book>
	<filename>dish_tomas/dish_tomas_yeho_ploti_moei.fb2.zip</filename>
	<title>Диш Томас. Эхо плоти моей</title>
</book>
<book>
	<filename>ditc_uilyam/ditc_uilyam_gruz_dlya_angela.fb2.zip</filename>
	<title>Дитц Уильям. Груз для ангела</title>
</book>
<book>
	<filename>ditc_uilyam/ditc_uilyam_komandir_zvezdnoi_sistemy.fb2.zip</filename>
	<title>Дитц Уильям. Командир звездной системы</title>
</book>
<book>
	<filename>ditc_uilyam/ditc_uilyam_nagrada_chuzhakov.fb2.zip</filename>
	<title>Дитц Уильям. Награда чужаков</title>
</book>
<book>
	<filename>ditc_uilyam/ditc_uilyam_nagrada_makkeida.fb2.zip</filename>
	<title>Дитц Уильям. Награда Мак-Кейда</title>
</book>
<book>
	<filename>ditc_uilyam/ditc_uilyam_planeta_svobody.fb2.zip</filename>
	<title>Дитц Уильям. Планета свободы</title>
</book>
<book>
	<filename>ditc_uilyam/ditc_uilyam_planetatyurma.fb2.zip</filename>
	<title>Дитц Уильям. Планета-тюрьма</title>
</book>
<book>
	<filename>ditc_uilyam/ditc_uilyam_pogonya_za_prizrakom.fb2.zip</filename>
	<title>Дитц Уильям. Погоня за призраком</title>
</book>
<book>
	<filename>ditc_uilyam/ditc_uilyam_shvatka_s_ilronnom.fb2.zip</filename>
	<title>Дитц Уильям. Схватка с Иль-Ронном</title>
</book>
<book>
	<filename>ditc_uilyam/ditc_uilyam_telohranitel.fb2.zip</filename>
	<title>Дитц Уильям. Телохранитель</title>
</book>
<book>
	<filename>ditc_uilyam/ditc_uilyam_tolko_krovyu.fb2.zip</filename>
	<title>Дитц Уильям. Только кровью</title>
</book>
<book>
	<filename>ditrih_marlen/ditrih_marlen_razmyshleniya.fb2.zip</filename>
	<title>Дитрих Марлен. Размышления</title>
</book>
<book>
	<filename>ditrih_uilyam/ditrih_uilyam_piramidy_napoleona.fb2.zip</filename>
	<title>Дитрих Уильям. Пирамиды Наполеона</title>
</book>
<book>
	<filename>ditrih_uilyam/ditrih_uilyam_rozettskii_klyuch.fb2.zip</filename>
	<title>Дитрих Уильям. Розеттский ключ</title>
</book>
<book>
	<filename>divain_tiya/divain_tiya_igra_naslazhdeniya.fb2.zip</filename>
	<title>Дивайн Тия. Игра наслаждения</title>
</book>
<book>
	<filename>divain_tiya/divain_tiya_neskromnye_zhelaniya.fb2.zip</filename>
	<title>Дивайн Тия. Нескромные желания</title>
</book>
<book>
	<filename>divain_tiya/divain_tiya_reka_blazhenstva.fb2.zip</filename>
	<title>Дивайн Тия. Река блаженства</title>
</book>
<book>
	<filename>divain_tiya/divain_tiya_tainye_zhelaniya.fb2.zip</filename>
	<title>Дивайн Тия. Тайные желания</title>
</book>
<book>
	<filename>divain_tiya/divain_tiya_uroki_lyubvi.fb2.zip</filename>
	<title>Дивайн Тия. Уроки любви</title>
</book>
<book>
	<filename>divain_tiya/divain_tiya_vlastitel_dushi_i_tela.fb2.zip</filename>
	<title>Дивайн Тия. Властитель души и тела</title>
</book>
<book>
	<filename>divain_tiya/divain_tiya_zhazhda_naslazhdenii.fb2.zip</filename>
	<title>Дивайн тия. Жажда наслаждений</title>
</book>
<book>
	<filename>divain_tiya/divain_tiya_zhelannaya.fb2.zip</filename>
	<title>Дивайн Тия. Желанная</title>
</book>
<book>
	<filename>diver_dzheffri/diver_dzheffri_adskaya_kuhnya.fb2.zip</filename>
	<title>Дивер Джеффри. Адская кухня</title>
</book>
<book>
	<filename>diver_dzheffri/diver_dzheffri_goluboe_nigde.fb2.zip</filename>
	<title>Дивер Джеффри. Голубое Нигде</title>
</book>
<book>
	<filename>diver_dzheffri/diver_dzheffri_ischeznuvshii.fb2.zip</filename>
	<title>Дивер Джеффри. Исчезнувший</title>
</book>
<book>
	<filename>diver_dzheffri/diver_dzheffri_kamennaya_obezyana.fb2.zip</filename>
	<title>Дивер Джеффри. Каменная обезьяна</title>
</book>
<book>
	<filename>diver_dzheffri/diver_dzheffri_pustoi_stul.fb2.zip</filename>
	<title>Дивер Джеффри. Пустой стул</title>
</book>
<book>
	<filename>diver_dzheffri/diver_dzheffri_sobiratel_kostei.fb2.zip</filename>
	<title>Дивер Джеффри. Собиратель костей</title>
</book>
<book>
	<filename>diver_dzheffri/diver_dzheffri_tancor_u_groba.fb2.zip</filename>
	<title>Дивер Джеффри. Танцор у гроба</title>
</book>
<book>
	<filename>divov_oleg/divov_oleg_bratya_po_razumu.fb2.zip</filename>
	<title>Дивов Олег. Братья по разуму</title>
</book>
<book>
	<filename>divov_oleg/divov_oleg_drugie_deistviya.fb2.zip</filename>
	<title>Дивов Олег. Другие Действия</title>
</book>
<book>
	<filename>divov_oleg/divov_oleg_hrabr.fb2.zip</filename>
	<title>Дивов Олег. Храбр</title>
</book>
<book>
	<filename>divov_oleg/divov_oleg_k10.fb2.zip</filename>
	<title>Дивов Олег. К-10</title>
</book>
<book>
	<filename>divov_oleg/divov_oleg_luchshii_yekipazh_solnechnoi.fb2.zip</filename>
	<title>Дивов Олег. Лучший экипаж Солнечной</title>
</book>
<book>
	<filename>divov_oleg/divov_oleg_master_sobak.fb2.zip</filename>
	<title>Дивов Олег. Мастер собак</title>
</book>
<book>
	<filename>divov_oleg/divov_oleg_mir_bez_geroev.fb2.zip</filename>
	<title>Дивов Олег. Мир без героев</title>
</book>
<book>
	<filename>divov_oleg/divov_oleg_muzyka_russkoi_ameriki.fb2.zip</filename>
	<title>Дивов Олег. Музыка русской Америки</title>
</book>
<book>
	<filename>divov_oleg/divov_oleg_my_idyom_na_kyurasao.fb2.zip</filename>
	<title>Дивов Олег Игоревич. Мы идём на Кюрасао</title>
</book>
<book>
	<filename>divov_oleg/divov_oleg_myshkikoshki.fb2.zip</filename>
	<title>Дивов Олег. Мышки-кошки</title>
</book>
<book>
	<filename>divov_oleg/divov_oleg_nash_geshtalt_v_tumane_svetit.fb2.zip</filename>
	<title>Дивов Олег. Наш гештальт в тумане светит</title>
</book>
<book>
	<filename>divov_oleg/divov_oleg_nochnoi_smotryashii.fb2.zip</filename>
	<title>Дивов Олег. Ночной смотрящий</title>
</book>
<book>
	<filename>divov_oleg/divov_oleg_paranoik_nikanor.fb2.zip</filename>
	<title>Дивов Олег. Параноик Никанор</title>
</book>
<book>
	<filename>divov_oleg/divov_oleg_predatel.fb2.zip</filename>
	<title>Дивов Олег. Предатель</title>
</book>
<book>
	<filename>divov_oleg/divov_oleg_sabotazhnik.fb2.zip</filename>
	<title>Дивов Олег. Саботажник</title>
</book>
<book>
	<filename>divov_oleg/divov_oleg_stalnoe_serdce.fb2.zip</filename>
	<title>Дивов Олег. Стальное сердце</title>
</book>
<book>
	<filename>divov_oleg/divov_oleg_tolkovanie_snovidenii.fb2.zip</filename>
	<title>Дивов Олег. Толкование сновидений</title>
</book>
<book>
	<filename>divov_oleg/divov_oleg_u_billi_est_hrenovina.fb2.zip</filename>
	<title>Дивов Олег. У Билли есть хреновина</title>
</book>
<book>
	<filename>divov_oleg/divov_oleg_vrednaya_professiya.fb2.zip</filename>
	<title>Дивов Олег. Вредная профессия</title>
</book>
<book>
	<filename>divov_oleg/divov_oleg_vrednyi_sovet_molodomu_boicu.fb2.zip</filename>
	<title>Дивов Олег. Вредный совет молодому бойцу</title>
</book>
<book>
	<filename>divov_oleg/divov_oleg_vybrakovka.fb2.zip</filename>
	<title>Дивов Олег. Выбраковка</title>
</book>
<book>
	<filename>divov_oleg/divov_oleg_yepoha_velikih_soblaznov.fb2.zip</filename>
	<title>Дивов Олег. Эпоха великих соблазнов</title>
</book>
<book>
	<filename>divov_oleg/divov_oleg_zakon_frontira.fb2.zip</filename>
	<title>Дивов Олег. Закон фронтира</title>
</book>
<book>
	<filename>divov_oleg/divov_oleg_zakon_loma_dlya_zamknutoi_cepi.fb2.zip</filename>
	<title>Дивов Олег. Закон лома для замкнутой цепи</title>
</book>
<book>
	<filename>dmitriev_aleksandr/dmitriev_aleksandr_pod_opaloi_na_bolshoi.fb2.zip</filename>
	<title>Дмитриев Александр Николаевич. Под Опалой, на Большой</title>
</book>
<book>
	<filename>dmitriev_aleksei/dmitriev_aleksei_kosmozemnye_svyazi_i_nlo.fb2.zip</filename>
	<title>Дмитриев Алексей Николаевич. Космоземные связи и НЛО</title>
</book>
<book>
	<filename>dmitrieva_svetlana/dmitrieva_svetlana_rassadnik_dobra.fb2.zip</filename>
	<title>Дмитриева Светлана. Рассадник добра</title>
</book>
<book>
	<filename>dmitriev_yurii/dmitriev_yurii_chemu_verit_chto_proverit.fb2.zip</filename>
	<title>Дмитриев Юрий. Чему верить, что проверить?</title>
</book>
<book>
	<filename>dmitriev_yurii/dmitriev_yurii_dunai.fb2.zip</filename>
	<title>Дмитриев Юрий. Дунай</title>
</book>
<book>
	<filename>dneprov_anatolii/dneprov_anatolii_glinyanyi_bog.fb2.zip</filename>
	<title>Днепров Анатолий. Глиняный бог</title>
</book>
<book>
	<filename>dneprov_anatolii/dneprov_anatolii_kraby_idut_po_ostrovu.fb2.zip</filename>
	<title>Днепров Анатолий. Крабы идут по острову</title>
</book>
<book>
	<filename>dneprov_anatolii/dneprov_anatolii_sbornik_rasskazov.fb2.zip</filename>
	<title>Днепров Анатолий. Сборник рассказов</title>
</book>
<book>
	<filename>dneprov_anatolii/dneprov_anatolii_suyema.fb2.zip</filename>
	<title>Днепров Анатолий Петрович. Суэма</title>
</book>
<book>
	<filename>dneprov_anatolii/dneprov_anatolii_uravneniya_maksvella.fb2.zip</filename>
	<title>Днепров Анатолий. Уравнения Максвелла</title>
</book>
<book>
	<filename>dnistrovii_anatolii/dnistrovii_anatolii_misto_upovilnenoi_dii.fb2.zip</filename>
	<title>Дністровий Анатолій. Місто уповільненої дії</title>
</book>
<book>
	<filename>dobbs_maikl/dobbs_maikl_kartochnyi_domik.fb2.zip</filename>
	<title>Доббс Майкл. Карточный домик</title>
</book>
<book>
	<filename>dobbs_maikl/dobbs_maikl_prikosnovenie_nevinnyh.fb2.zip</filename>
	<title>Доббс Майкл. Прикосновение невинных</title>
</book>
<book>
	<filename>dobbs_maikl/dobbs_maikl_zaiti_s_korolya.fb2.zip</filename>
	<title>Доббс Майкл. Зайти с короля</title>
</book>
<book>
	<filename>dobryakov_vladimir/dobryakov_vladimir_chas_sovy.fb2.zip</filename>
	<title>Добряков Владимир. Час совы</title>
</book>
<book>
	<filename>dobryakov_vladimir/dobryakov_vladimir_hronoagent.fb2.zip</filename>
	<title>Добряков Владимир. Хроноагент</title>
</book>
<book>
	<filename>dobryakov_vladimir/dobryakov_vladimir_hronoagenty_za_rabotoi.fb2.zip</filename>
	<title>Добряков Владимир. Хроноагенты за работой</title>
</book>
<book>
	<filename>dobryakov_vladimir/dobryakov_vladimir_sumerechnye_miry.fb2.zip</filename>
	<title>Добряков Владимир. Сумеречные миры</title>
</book>
<book>
	<filename>dobryi_oleg/dobryi_oleg_zhizn_vaski_ili_vrata_poznaniya.fb2.zip</filename>
	<title>Добрый Олег. Жизнь Васьки, Или ''Врата Познания''</title>
</book>
<book>
	<filename>dobryi_roman/dobryi_roman_genii_russkogo_syska_id_putilin.fb2.zip</filename>
	<title>Добрый Роман. Гений русского сыска И.Д. Путилин</title>
</book>
<book>
	<filename>docenko_viktor/docenko_viktor_biografiya_otca_beshenogo.fb2.zip</filename>
	<title>Доценко Виктор. Биография отца Бешеного</title>
</book>
<book>
	<filename>docenko_viktor/docenko_viktor_bliznec_beshenogo.fb2.zip</filename>
	<title>Доценко Виктор Николаевич. Близнец Бешеного</title>
</book>
<book>
	<filename>docenko_viktor/docenko_viktor_chernyi_tribunal.fb2.zip</filename>
	<title>Доценко Виктор Николаевич. Черный трибунал</title>
</book>
<book>
	<filename>docenko_viktor/docenko_viktor_komanda_beshenogo.fb2.zip</filename>
	<title>Доценко Виктор. Команда Бешеного</title>
</book>
<book>
	<filename>docenko_viktor/docenko_viktor_kremlevskoe_delo_beshenogo.fb2.zip</filename>
	<title>Доценко Виктор. Кремлевское дело Бешеного</title>
</book>
<book>
	<filename>docenko_viktor/docenko_viktor_lyubov_beshenogo.fb2.zip</filename>
	<title>Доценко Виктор. Любовь Бешеного</title>
</book>
<book>
	<filename>docenko_viktor/docenko_viktor_mest_beshenogo.fb2.zip</filename>
	<title>Доценко Виктор. Месть Бешеного</title>
</book>
<book>
	<filename>docenko_viktor/docenko_viktor_nagrada_beshenogo.fb2.zip</filename>
	<title>Доценко Виктор. Награда Бешеного</title>
</book>
<book>
	<filename>docenko_viktor/docenko_viktor_obratis_k_beshenomu.fb2.zip</filename>
	<title>Доценко Виктор. Обратись к Бешеному</title>
</book>
<book>
	<filename>docenko_viktor/docenko_viktor_ohota_beshenogo.fb2.zip</filename>
	<title>Доценко Виктор. Охота Бешеного</title>
</book>
<book>
	<filename>docenko_viktor/docenko_viktor_ostrov_beshenogo.fb2.zip</filename>
	<title>Доценко Виктор. Остров Бешеного</title>
</book>
<book>
	<filename>docenko_viktor/docenko_viktor_pravosudie_beshenogo.fb2.zip</filename>
	<title>Доценко Виктор. Правосудие Бешеного</title>
</book>
<book>
	<filename>docenko_viktor/docenko_viktor_prigovor_beshenogo.fb2.zip</filename>
	<title>Доценко Виктор. Приговор Бешеного</title>
</book>
<book>
	<filename>docenko_viktor/docenko_viktor_sled_beshenogo.fb2.zip</filename>
	<title>Доценко Виктор. След Бешеного</title>
</book>
<book>
	<filename>docenko_viktor/docenko_viktor_srok_dlya_beshenogo.fb2.zip</filename>
	<title>Доценко Виктор. Срок для Бешеного</title>
</book>
<book>
	<filename>docenko_viktor/docenko_viktor_terror_beshenogo.fb2.zip</filename>
	<title>Доценко Виктор. Террор Бешеного</title>
</book>
<book>
	<filename>docenko_viktor/docenko_viktor_tridcatogo_unichtozhit.fb2.zip</filename>
	<title>Доценко Виктор. Тридцатого уничтожить!</title>
</book>
<book>
	<filename>docenko_viktor/docenko_viktor_voina_beshenogo.fb2.zip</filename>
	<title>Доценко Виктор. Война Бешеного</title>
</book>
<book>
	<filename>docenko_viktor/docenko_viktor_vozvrashenie_beshenogo.fb2.zip</filename>
	<title>Доценко Виктор. Возвращение Бешеного</title>
</book>
<book>
	<filename>docenko_viktor/docenko_viktor_zoloto_beshenogo.fb2.zip</filename>
	<title>Доценко Виктор. Золото Бешеного</title>
</book>
<book>
	<filename>doctorow_cory/doctorow_cory_down_and_out_in_the_magic_kingdom.fb2.zip</filename>
	<title>Doctorow Cory. Down and Out in the Magic Kingdom</title>
</book>
<book>
	<filename>doctorow_cory/doctorow_cory_eastern_standard_tribe.fb2.zip</filename>
	<title>Doctorow Cory. Eastern Standard Tribe</title>
</book>
<book>
	<filename>dodd_kristina/dodd_kristina_beda_na_vysokih_kablukah.fb2.zip</filename>
	<title>Додд Кристина. Беда на высоких каблуках</title>
</book>
<book>
	<filename>dodd_kristina/dodd_kristina_bosonogaya_princessa.fb2.zip</filename>
	<title>Додд Кристина. Босоногая принцесса</title>
</book>
<book>
	<filename>dodd_kristina/dodd_kristina_drevnee_proklyatie_greshnyi_i_vlyublennyi.fb2.zip</filename>
	<title>Додд Кристина. Древнее проклятие (Грешный и влюбленный)</title>
</book>
<book>
	<filename>dodd_kristina/dodd_kristina_dvoinoe_iskushenie.fb2.zip</filename>
	<title>Додд Кристина. Двойное искушение</title>
</book>
<book>
	<filename>dodd_kristina/dodd_kristina_moi_milyi_pobeditel.fb2.zip</filename>
	<title>Додд Кристина. Мой милый победитель</title>
</book>
<book>
	<filename>dodd_kristina/dodd_kristina_moi_vernyi_rycar.fb2.zip</filename>
	<title>Додд Кристина. Мой верный рыцарь</title>
</book>
<book>
	<filename>dodd_kristina/dodd_kristina_naperekor_vsem.fb2.zip</filename>
	<title>Додд Кристина. Наперекор всем</title>
</book>
<book>
	<filename>dodd_kristina/dodd_kristina_nastoyashaya_ledi.fb2.zip</filename>
	<title>Додд Кристина. Настоящая леди</title>
</book>
<book>
	<filename>dodd_kristina/dodd_kristina_nepokornaya_nevesta.fb2.zip</filename>
	<title>Додд Кристина. Непокорная невеста</title>
</book>
<book>
	<filename>dodd_kristina/dodd_kristina_odin_prekrasnyi_vecher.fb2.zip</filename>
	<title>Додд Кристина. Один прекрасный вечер</title>
</book>
<book>
	<filename>dodd_kristina/dodd_kristina_pervyi_lyubovnik_anglii.fb2.zip</filename>
	<title>Додд Кристина. Первый любовник Англии</title>
</book>
<book>
	<filename>dodd_kristina/dodd_kristina_pod_shotlandskim_pledom.fb2.zip</filename>
	<title>Додд Кристина. Под шотландским пледом</title>
</book>
<book>
	<filename>dodd_kristina/dodd_kristina_princ_pohishaet_nevestu.fb2.zip</filename>
	<title>Додд Кристина. Принц похищает невесту</title>
</book>
<book>
	<filename>dodd_kristina/dodd_kristina_rokovoi_bal.fb2.zip</filename>
	<title>Додд Кристина. Роковой бал</title>
</book>
<book>
	<filename>dodd_kristina/dodd_kristina_rycar_nadezhdy.fb2.zip</filename>
	<title>Додд Кристина. Рыцарь надежды</title>
</book>
<book>
	<filename>dodd_kristina/dodd_kristina_svecha_v_okne.fb2.zip</filename>
	<title>Додд Кристина. Свеча в окне</title>
</book>
<book>
	<filename>dodd_kristina/dodd_kristina_temnoe_proshloe.fb2.zip</filename>
	<title>Додд Кристина. Темное прошлое</title>
</book>
<book>
	<filename>dode_alfons/dode_alfons_tartaren_iz_taraskona.fb2.zip</filename>
	<title>Доде Альфонс. Тартарен из Тараскона</title>
</book>
<book>
	<filename>dogerti_berli/dogerti_berli_zdravstvui_nikto.fb2.zip</filename>
	<title>Догерти Берли. Здравствуй, Никто</title>
</book>
<book>
	<filename>doich_devid/doich_devid_struktura_realnosti.fb2.zip</filename>
	<title>Дойч Девид. Структура реальности</title>
</book>
<book>
	<filename>doil_amanda/doil_amanda_ver_mne.fb2.zip</filename>
	<title>Дойл Аманда. Верь мне!</title>
</book>
<book>
	<filename>doil_artur/doil_artur_alaya_zvezda.fb2.zip</filename>
	<title>Дойл Артур Конан. Алая звезда</title>
</book>
<book>
	<filename>doil_artur/doil_artur_aloe_kolco.fb2.zip</filename>
	<title>Дойл Артур Конан. Алое кольцо</title>
</book>
<book>
	<filename>doil_artur/doil_artur_angloburskaya_voina_18991902.fb2.zip</filename>
	<title>Дойл Артур Конан. Англо-Бурская война (1899—1902)</title>
</book>
<book>
	<filename>doil_artur/doil_artur_arhiv_sherloka_holmsa_i.fb2.zip</filename>
	<title>Дойл Артур Конан. Архив Шерлока Холмса (и)</title>
</book>
<book>
	<filename>doil_artur/doil_artur_b_24.fb2.zip</filename>
	<title>Дойл Артур Конан. Б. 24</title>
</book>
<book>
	<filename>doil_artur/doil_artur_belyi_otryad.fb2.zip</filename>
	<title>Дойл Артур Конан. Белый отряд</title>
</book>
<book>
	<filename>doil_artur/doil_artur_berillovaya_diadema.fb2.zip</filename>
	<title>Дойл Артур Конан. Берилловая диадема</title>
</book>
<book>
	<filename>doil_artur/doil_artur_blyumendaikskii_kanon.fb2.zip</filename>
	<title>Дойл Артур Конан. Блюмендайкский каньон</title>
</book>
<book>
	<filename>doil_artur/doil_artur_chelovek_na_chetverenkah.fb2.zip</filename>
	<title>Дойл Артур Конан. Человек на четвереньках</title>
</book>
<book>
	<filename>doil_artur/doil_artur_chelovek_s_belym_licom.fb2.zip</filename>
	<title>Дойл Артур Конан. Человек с белым лицом</title>
</book>
<book>
	<filename>doil_artur/doil_artur_chelovek_s_rassechennoi_guboi.fb2.zip</filename>
	<title>Дойл Артур Конан. Человек с рассеченной губой</title>
</book>
<book>
	<filename>doil_artur/doil_artur_chernyi_piter.fb2.zip</filename>
	<title>Дойл Артур Конан. Черный Питер</title>
</book>
<book>
	<filename>doil_artur/doil_artur_chertezhi_bryusapartingtona.fb2.zip</filename>
	<title>Дойл Артур Конан. Чертежи Брюса-Партингтона</title>
</book>
<book>
	<filename>doil_artur/doil_artur_delo_neobychnoi_kvartirantki.fb2.zip</filename>
	<title>Дойл Артур Конан. Дело необычной квартирантки</title>
</book>
<book>
	<filename>doil_artur/doil_artur_doktor_krabbe_obzavoditsya_pacientami.fb2.zip</filename>
	<title>Дойл Артур Конан. Доктор Краббе обзаводится пациентами</title>
</book>
<book>
	<filename>doil_artur/doil_artur_dolina_uzhasa.fb2.zip</filename>
	<title>Дойл Артур Конан. Долина ужаса</title>
</book>
<book>
	<filename>doil_artur/doil_artur_dolina_uzhasa_i.fb2.zip</filename>
	<title>Дойл Артур Конан. Долина ужаса (и)</title>
</book>
<book>
	<filename>doil_artur/doil_artur_duyel_na_scene.fb2.zip</filename>
	<title>Дойл Артур Конан. Дуэль на сцене</title>
</book>
<book>
	<filename>doil_artur/doil_artur_duyet_so_sluchainym_horom.fb2.zip</filename>
	<title>Дойл Артур Конан. Дуэт со случайным хором</title>
</book>
<book>
	<filename>doil_artur/doil_artur_dvigatel_braunaperikorda.fb2.zip</filename>
	<title>Дойл Артур Конан. Двигатель Брауна-Перикорда</title>
</book>
<book>
	<filename>doil_artur/doil_artur_dyavolova_noga.fb2.zip</filename>
	<title>Дойл Артур Конан. Дьяволова нога</title>
</book>
<book>
	<filename>doil_artur/doil_artur_ego_pervaya_operaciya.fb2.zip</filename>
	<title>Дойл Артур Конан. Его первая операция</title>
</book>
<book>
	<filename>doil_artur/doil_artur_ego_proshalnyi_poklon.fb2.zip</filename>
	<title>Дойл Артур Конан. Его прощальный поклон</title>
</book>
<book>
	<filename>doil_artur/doil_artur_ego_proshalnyi_poklon_i.fb2.zip</filename>
	<title>Дойл Артур Конан. Его прощальный поклон (и)</title>
</book>
<book>
	<filename>doil_artur/doil_artur_fiasko_v_los_amigos.fb2.zip</filename>
	<title>Дойл Артур Конан. Фиаско в Лос Амигос</title>
</book>
<book>
	<filename>doil_artur/doil_artur_gloriya_skott.fb2.zip</filename>
	<title>Дойл Артур Конан. ''Глория Скотт''</title>
</book>
<book>
	<filename>doil_artur/doil_artur_gorbun.fb2.zip</filename>
	<title>Дойл Артур Конан. Горбун</title>
</book>
<book>
	<filename>doil_artur/doil_artur_gostinica_so_strannostyami.fb2.zip</filename>
	<title>Дойл Артур Конан. Гостиница со странностями</title>
</book>
<book>
	<filename>doil_artur/doil_artur_hirurg_s_gasterovskih_bolot.fb2.zip</filename>
	<title>Дойл Артур Конан. Хирург с Гастеровских болот</title>
</book>
<book>
	<filename>doil_artur/doil_artur_ischeznovenie_ledi_frensis_karfyeks.fb2.zip</filename>
	<title>Дойл Артур Конан. Исчезновение леди Френсис Карфэкс</title>
</book>
<book>
	<filename>doil_artur/doil_artur_ischeznuvshii_yekstrennyi_poezd.fb2.zip</filename>
	<title>Дойл Артур Конан. Исчезнувший экстренный поезд</title>
</book>
<book>
	<filename>doil_artur/doil_artur_istoriya_navesnogo_spidigyu.fb2.zip</filename>
	<title>Дойл Артур Конан. История «навесного Спидигью»</title>
</book>
<book>
	<filename>doil_artur/doil_artur_izgnanniki.fb2.zip</filename>
	<title>Дойл Артур Конан. Изгнанники</title>
</book>
<book>
	<filename>doil_artur/doil_artur_iz_praktiki.fb2.zip</filename>
	<title>Дойл Артур Конан. Из практики</title>
</book>
<book>
	<filename>doil_artur/doil_artur_kak_gubernator_sentkitta_vernulsya_na_rodinu.fb2.zip</filename>
	<title>Дойл Артур Конан. Как губернатор Сент-Китта вернулся на родину</title>
</book>
<book>
	<filename>doil_artur/doil_artur_kak_kapitan_sharki_i_stiven_kryeddok_perehitrili_drug_druga.fb2.zip</filename>
	<title>Дойл Артур Конан. Как капитан Шарки и Стивен Крэддок перехитрили друг друга</title>
</book>
<book>
	<filename>doil_artur/doil_artur_kak_kopli_byenks_prikonchil_kapitana_sharki.fb2.zip</filename>
	<title>Дойл Артур Конан. Как Копли Бэнкс прикончил капитана Шарки</title>
</book>
<book>
	<filename>doil_artur/doil_artur_kak_sinor_lambert_pokinul_scenu.fb2.zip</filename>
	<title>Дойл Артур Конан. Как синьор Ламберт покинул сцену</title>
</book>
<book>
	<filename>doil_artur/doil_artur_kamen_mazarini.fb2.zip</filename>
	<title>Дойл Артур Конан. Камень Мазарини</title>
</book>
<book>
	<filename>doil_artur/doil_artur_kartonnaya_korobka.fb2.zip</filename>
	<title>Дойл Артур Конан. Картонная коробка</title>
</book>
<book>
	<filename>doil_artur/doil_artur_kogda_zemlya_vskriknula_i.fb2.zip</filename>
	<title>Дойл Артур Конан. Когда Земля вскрикнула (и)</title>
</book>
<book>
	<filename>doil_artur/doil_artur_kolchenogii_bakaleishik.fb2.zip</filename>
	<title>Дойл Артур Конан. Колченогий бакалейщик</title>
</book>
<book>
	<filename>doil_artur/doil_artur_kolco_tota.fb2.zip</filename>
	<title>Дойл Артур Конан. Кольцо Тота</title>
</book>
<book>
	<filename>doil_artur/doil_artur_konec_charlza_ogastesa_milvertona.fb2.zip</filename>
	<title>Дойл Артур Конан. Конец Чарльза Огастеса Милвертона</title>
</book>
<book>
	<filename>doil_artur/doil_artur_krepostnaya_pevica.fb2.zip</filename>
	<title>Дойл Артур Конан. Крепостная певица</title>
</book>
<book>
	<filename>doil_artur/doil_artur_kvadratnyi_yashichek.fb2.zip</filename>
	<title>Дойл Артур Конан. Квадратный ящичек</title>
</book>
<book>
	<filename>doil_artur/doil_artur_la_265ashundo_de_la_baskerviloj.fb2.zip</filename>
	<title>Дойл Артур Конан. La &amp;#265;ashundo de la Baskerviloj</title>
</book>
<book>
	<filename>doil_artur/doil_artur_literaturnaya_mozaika.fb2.zip</filename>
	<title>Дойл Артур Конан. Литературная мозаика</title>
</book>
<book>
	<filename>doil_artur/doil_artur_lvinaya_griva.fb2.zip</filename>
	<title>Дойл Артур Конан. Львиная грива</title>
</book>
<book>
	<filename>doil_artur/doil_artur_lyubyashee_serdce.fb2.zip</filename>
	<title>Дойл Артур Конан. Любящее сердце</title>
</book>
<book>
	<filename>doil_artur/doil_artur_mednye_buki.fb2.zip</filename>
	<title>Дойл Артур Конан. ''Медные буки''</title>
</book>
<book>
	<filename>doil_artur/doil_artur_mest_lorda_syennoksa.fb2.zip</filename>
	<title>Дойл Артур Конан. Месть лорда Сэннокса</title>
</book>
<book>
	<filename>doil_artur/doil_artur_morskoi_dogovor.fb2.zip</filename>
	<title>Дойл Артур Конан. Морской договор</title>
</book>
<book>
	<filename>doil_artur/doil_artur_moskatelshik_na_pokoe.fb2.zip</filename>
	<title>Дойл Артур Конан. Москательщик на покое</title>
</book>
<book>
	<filename>doil_artur/doil_artur_nashestvie_gunnov.fb2.zip</filename>
	<title>Дойл Артур Конан. Нашествие гуннов</title>
</book>
<book>
	<filename>doil_artur/doil_artur_nashi_stavki_na_derbi.fb2.zip</filename>
	<title>Дойл Артур Конан. Наши ставки на дерби</title>
</book>
<book>
	<filename>doil_artur/doil_artur_neobychainyi_yeksperiment_v_kainplatce.fb2.zip</filename>
	<title>Дойл Артур Конан. Необычайный эксперимент в Кайнплатце</title>
</book>
<book>
	<filename>doil_artur/doil_artur_neudachnoe_nachalo.fb2.zip</filename>
	<title>Дойл Артур Конан. Неудачное начало</title>
</book>
<book>
	<filename>doil_artur/doil_artur_odinokaya_velosipedistka.fb2.zip</filename>
	<title>Дойл Артур Конан. Одинокая велосипедистка</title>
</book>
<book>
	<filename>doil_artur/doil_artur_opechatannaya_komnata.fb2.zip</filename>
	<title>Дойл Артур Конан. Опечатанная комната</title>
</book>
<book>
	<filename>doil_artur/doil_artur_oshibka_kapitana_sharki.fb2.zip</filename>
	<title>Дойл Артур Конан. Ошибка капитана Шарки</title>
</book>
<book>
	<filename>doil_artur/doil_artur_otstal_ot_zhizni.fb2.zip</filename>
	<title>Дойл Артур Конан. Отстал от жизни</title>
</book>
<book>
	<filename>doil_artur/doil_artur_padenie_lorda_byerrimora.fb2.zip</filename>
	<title>Дойл Артур Конан. Падение лорда Бэрримора</title>
</book>
<book>
	<filename>doil_artur/doil_artur_palec_inzhenera.fb2.zip</filename>
	<title>Дойл Артур Конан. Палец инженера</title>
</book>
<book>
	<filename>doil_artur/doil_artur_pastor_ushelya_dzhekmana.fb2.zip</filename>
	<title>Дойл Артур Конан. Пастор ущелья Джекмана</title>
</book>
<book>
	<filename>doil_artur/doil_artur_pensne_v_zolotoi_oprave.fb2.zip</filename>
	<title>Дойл Артур Конан. Пенсне в золотой оправе</title>
</book>
<book>
	<filename>doil_artur/doil_artur_pered_kaminom.fb2.zip</filename>
	<title>Дойл Артур Конан. Перед камином</title>
</book>
<book>
	<filename>doil_artur/doil_artur_pervoaprelskaya_shutka.fb2.zip</filename>
	<title>Дойл Артур Конан. Первоапрельская шутка</title>
</book>
<book>
	<filename>doil_artur/doil_artur_pisma_starka_monro.fb2.zip</filename>
	<title>Дойл Артур Конан. Письма Старка Монро</title>
</book>
<book>
	<filename>doil_artur/doil_artur_plutovskie_kosti.fb2.zip</filename>
	<title>Дойл Артур Конан. Плутовские кости</title>
</book>
<book>
	<filename>doil_artur/doil_artur_podryadchik_iz_norvuda.fb2.zip</filename>
	<title>Дойл Артур Конан. Подрядчик из Норвуда</title>
</book>
<book>
	<filename>doil_artur/doil_artur_podvigi_brigadira_zherara.fb2.zip</filename>
	<title>Дойл Артур Конан. Подвиги бригадира Жерара</title>
</book>
<book>
	<filename>doil_artur/doil_artur_polosatyi_sunduk.fb2.zip</filename>
	<title>Дойл Артур Конан. Полосатый сундук</title>
</book>
<book>
	<filename>doil_artur/doil_artur_postoyannyi_pacient.fb2.zip</filename>
	<title>Дойл Артур Конан. Постоянный пациент</title>
</book>
<book>
	<filename>doil_artur/doil_artur_predislovie_avtora.fb2.zip</filename>
	<title>Дойл Артур Конан. Предисловие автора</title>
</book>
<book>
	<filename>doil_artur/doil_artur_pribytie_pervogo_korablya.fb2.zip</filename>
	<title>Дойл Артур Конан. Прибытие первого корабля</title>
</book>
<book>
	<filename>doil_artur/doil_artur_priklyucheniya_klerka.fb2.zip</filename>
	<title>Дойл Артур Конан. Приключения клерка</title>
</book>
<book>
	<filename>doil_artur/doil_artur_priklyucheniya_miheya_klarka.fb2.zip</filename>
	<title>Дойл Артур Конан. Приключения Михея Кларка</title>
</book>
<book>
	<filename>doil_artur/doil_artur_priklyucheniya_sherloka_holmsa.fb2.zip</filename>
	<title>Дойл Артур Конан. Приключения Шерлока Холмса</title>
</book>
<book>
	<filename>doil_artur/doil_artur_probel_v_zhizni_dzhona_hyoksforda.fb2.zip</filename>
	<title>Дойл Артур Конан. Пробел в жизни Джона Хёксфорда</title>
</book>
<book>
	<filename>doil_artur/doil_artur_proisshestvie_na_ville_tri_konka.fb2.zip</filename>
	<title>Дойл Артур Конан. Происшествие на вилле ''Три конька''</title>
</book>
<book>
	<filename>doil_artur/doil_artur_proklyatie_evy.fb2.zip</filename>
	<title>Дойл Артур Конан. Проклятие Евы</title>
</book>
<book>
	<filename>doil_artur/doil_artur_propavshii_regbist.fb2.zip</filename>
	<title>Дойл Артур Конан. Пропавший регбист</title>
</book>
<book>
	<filename>doil_artur/doil_artur_publicistika_18841900_gg.fb2.zip</filename>
	<title>Дойл Артур Конан. Публицистика 1884—1900 гг</title>
</book>
<book>
	<filename>doil_artur/doil_artur_pustoi_dom.fb2.zip</filename>
	<title>Дойл Артур Конан. Пустой дом</title>
</book>
<book>
	<filename>doil_artur/doil_artur_pyat_zernyshek_apelsina.fb2.zip</filename>
	<title>Дойл Артур Конан. Пять зернышек апельсина</title>
</book>
<book>
	<filename>doil_artur/doil_artur_rasskaz_amerikanca.fb2.zip</filename>
	<title>Дойл Артур Конан. Рассказ американца</title>
</book>
<book>
	<filename>doil_artur/doil_artur_reigetskie_skvairy.fb2.zip</filename>
	<title>Дойл Артур Конан. Рейгетские сквайры</title>
</book>
<book>
	<filename>doil_artur/doil_artur_serebryanyi.fb2.zip</filename>
	<title>Дойл Артур Конан. Серебряный</title>
</book>
<book>
	<filename>doil_artur/doil_artur_sherlok_holms_pri_smerti.fb2.zip</filename>
	<title>Дойл Артур Конан. Шерлок Холмс при смерти</title>
</book>
<book>
	<filename>doil_artur/doil_artur_shkolnyi_uchitel.fb2.zip</filename>
	<title>Дойл Артур Конан. Школьный учитель</title>
</book>
<book>
	<filename>doil_artur/doil_artur_silnee_smerti.fb2.zip</filename>
	<title>Дойл Артур Конан. Сильнее смерти</title>
</book>
<book>
	<filename>doil_artur/doil_artur_skandal_v_bogemii.fb2.zip</filename>
	<title>Дойл Артур Конан. Скандал в Богемии</title>
</book>
<book>
	<filename>doil_artur/doil_artur_skvoz_pelenu.fb2.zip</filename>
	<title>Дойл Артур Конан. Сквозь пелену</title>
</book>
<book>
	<filename>doil_artur/doil_artur_sluchai_ledi_syennoks.fb2.zip</filename>
	<title>Дойл Артур Конан. Случай леди Сэннокс</title>
</book>
<book>
	<filename>doil_artur/doil_artur_sluchai_s_perevodchikom.fb2.zip</filename>
	<title>Дойл Артур Конан. Случай с переводчиком</title>
</book>
<book>
	<filename>doil_artur/doil_artur_sluchai_v_internate.fb2.zip</filename>
	<title>Дойл Артур Конан. Случай в интернате</title>
</book>
<book>
	<filename>doil_artur/doil_artur_sobaka_baskervilei.fb2.zip</filename>
	<title>Дойл Артур Конан. Собака Баскервилей</title>
</book>
<book>
	<filename>doil_artur/doil_artur_sobaka_baskervilei_i.fb2.zip</filename>
	<title>Дойл Артур Конан. Собака Баскервилей (и)</title>
</book>
<book>
	<filename>doil_artur/doil_artur_soobshenie_hebekuka_dzhefsona.fb2.zip</filename>
	<title>Дойл Артур Конан. Сообщение Хебекука Джефсона</title>
</book>
<book>
	<filename>doil_artur/doil_artur_soprikosnovenie.fb2.zip</filename>
	<title>Дойл Артур Конан. Соприкосновение</title>
</book>
<book>
	<filename>doil_artur/doil_artur_soshel_s_distancii.fb2.zip</filename>
	<title>Дойл Артур Конан. Сошел с дистанции</title>
</book>
<book>
	<filename>doil_artur/doil_artur_sostyazanie.fb2.zip</filename>
	<title>Дойл Артур Конан. Состязание</title>
</book>
<book>
	<filename>doil_artur/doil_artur_ssora.fb2.zip</filename>
	<title>Дойл Артур Конан. Ссора</title>
</book>
<book>
	<filename>doil_artur/doil_artur_suhoputnyi_pirat_nasyshennyi_chas.fb2.zip</filename>
	<title>Дойл Артур Конан. Сухопутный пират (Насыщенный час)</title>
</book>
<book>
	<filename>doil_artur/doil_artur_svyatotatec.fb2.zip</filename>
	<title>Дойл Артур Конан. Святотатец</title>
</book>
<book>
	<filename>doil_artur/doil_artur_syer_naidzhel_loring.fb2.zip</filename>
	<title>Дойл Артур Конан. Сэр Найджел Лоринг</title>
</book>
<book>
	<filename>doil_artur/doil_artur_taina_boskomskoi_doliny.fb2.zip</filename>
	<title>Дойл Артур Конан. Тайна Боскомской долины</title>
</book>
<book>
	<filename>doil_artur/doil_artur_taina_chernogo_chemodana.fb2.zip</filename>
	<title>Дойл Артур Конан. Тайна черного чемодана</title>
</book>
<book>
	<filename>doil_artur/doil_artur_taina_doliny_syesassa.fb2.zip</filename>
	<title>Дойл Артур Конан. Тайна долины Сэсасса</title>
</book>
<book>
	<filename>doil_artur/doil_artur_taina_kolverlikorta.fb2.zip</filename>
	<title>Дойл Артур Конан. Тайна Колверли-Корта</title>
</book>
<book>
	<filename>doil_artur/doil_artur_taina_osobnyaka_na_daffodilterras.fb2.zip</filename>
	<title>Дойл Артур Конан. Тайна особняка на Даффодил-Террас</title>
</book>
<book>
	<filename>doil_artur/doil_artur_taina_staroi_shtolni.fb2.zip</filename>
	<title>Дойл Артур Конан. Тайна старой штольни</title>
</book>
<book>
	<filename>doil_artur/doil_artur_taina_zamka_gorsorpgryeindzh.fb2.zip</filename>
	<title>Дойл Артур Конан. Тайна замка Горсорп-Грэйндж</title>
</book>
<book>
	<filename>doil_artur/doil_artur_taina_zamka_svyeilkliff.fb2.zip</filename>
	<title>Дойл Артур Конан. Тайна замка Свэйлклифф</title>
</book>
<book>
	<filename>doil_artur/doil_artur_taina_zolotogo_priiska.fb2.zip</filename>
	<title>Дойл Артур Конан. Тайна золотого прииска</title>
</book>
<book>
	<filename>doil_artur/doil_artur_the_case_book_of_sherlock_holmes.fb2.zip</filename>
	<title>Дойл Артур Конан. The Case Book of Sherlock Holmes</title>
</book>
<book>
	<filename>doil_artur/doil_artur_the_hound_of_the_baskervilles.fb2.zip</filename>
	<title>Дойл Артур Конан. The Hound of the Baskervilles</title>
</book>
<book>
	<filename>doil_artur/doil_artur_the_memoirs_of_sherlock_holmes.fb2.zip</filename>
	<title>Дойл Артур Конан. The Memoirs of Sherlock Holmes</title>
</book>
<book>
	<filename>doil_artur/doil_artur_the_poison_belt.fb2.zip</filename>
	<title>Дойл Артур Конан. The Poison Belt</title>
</book>
<book>
	<filename>doil_artur/doil_artur_the_sign_of_four.fb2.zip</filename>
	<title>Дойл Артур Конан. The Sign of Four</title>
</book>
<book>
	<filename>doil_artur/doil_artur_the_white_company.fb2.zip</filename>
	<title>Дойл Артур Конан. The White Company</title>
</book>
<book>
	<filename>doil_artur/doil_artur_torgovyi_dom_gerdlston.fb2.zip</filename>
	<title>Дойл Артур Конан. Торговый дом Гердлстон</title>
</book>
<book>
	<filename>doil_artur/doil_artur_tri_garrideba.fb2.zip</filename>
	<title>Дойл Артур Конан. Три Гарридеба</title>
</book>
<book>
	<filename>doil_artur/doil_artur_tri_studenta.fb2.zip</filename>
	<title>Дойл Артур Конан. Три студента</title>
</book>
<book>
	<filename>doil_artur/doil_artur_ubiica_moi_priyatel.fb2.zip</filename>
	<title>Дойл Артур Конан. Убийца, мой приятель</title>
</book>
<book>
	<filename>doil_artur/doil_artur_ubiistvo_v_yebbigreindzh.fb2.zip</filename>
	<title>Дойл Артур Конан. Убийство в Эбби-Грейндж</title>
</book>
<book>
	<filename>doil_artur/doil_artur_uspehi_diplomatii.fb2.zip</filename>
	<title>Дойл Артур Конан. Успехи дипломатии</title>
</book>
<book>
	<filename>doil_artur/doil_artur_ustanovlenie_lichnosti.fb2.zip</filename>
	<title>Дойл Артур Конан. Установление личности</title>
</book>
<book>
	<filename>doil_artur/doil_artur_uzhas_rassheliny_golubogo_dzhona.fb2.zip</filename>
	<title>Дойл Артур Конан. Ужас расщелины Голубого Джона</title>
</book>
<book>
	<filename>doil_artur/doil_artur_uzhas_vysot.fb2.zip</filename>
	<title>Дойл Артур Конан. Ужас высот</title>
</book>
<book>
	<filename>doil_artur/doil_artur_vampir_v_sussekse.fb2.zip</filename>
	<title>Дойл Артур Конан. Вампир в Суссексе</title>
</book>
<book>
	<filename>doil_artur/doil_artur_velikan_maksimin.fb2.zip</filename>
	<title>Дойл Артур Конан. Великан Максимин</title>
</book>
<book>
	<filename>doil_artur/doil_artur_veteran_1815_goda.fb2.zip</filename>
	<title>Дойл Артур Конан. Ветеран 1815 года</title>
</book>
<book>
	<filename>doil_artur/doil_artur_vozvrashenie_na_rodinu.fb2.zip</filename>
	<title>Дойл Артур Конан. Возвращение на родину</title>
</book>
<book>
	<filename>doil_artur/doil_artur_vozvrashenie_sherloka_holmsa.fb2.zip</filename>
	<title>Дойл Артур Конан. Возвращение Шерлока Холмса</title>
</book>
<book>
	<filename>doil_artur/doil_artur_vtoroe_pyatno.fb2.zip</filename>
	<title>Дойл Артур Конан. Второе пятно</title>
</book>
<book>
	<filename>doil_artur/doil_artur_yepigon_dzhordzha_borrou.fb2.zip</filename>
	<title>Дойл Артур Конан. Эпигон Джорджа Борроу</title>
</book>
<book>
	<filename>doil_artur/doil_artur_zagadka_pomestya_shoskomb.fb2.zip</filename>
	<title>Дойл Артур Конан. Загадка поместья Шоскомб</title>
</book>
<book>
	<filename>doil_artur/doil_artur_zagadka_torskogo_mosta.fb2.zip</filename>
	<title>Дойл Артур Конан. Загадка Торского моста</title>
</book>
<book>
	<filename>doil_artur/doil_artur_za_gorodom.fb2.zip</filename>
	<title>Дойл Артур Конан. За городом</title>
</book>
<book>
	<filename>doil_artur/doil_artur_za_grehi_otcov.fb2.zip</filename>
	<title>Дойл Артур Конан. За грехи отцов</title>
</book>
<book>
	<filename>doil_artur/doil_artur_zapechatannaya_komnata.fb2.zip</filename>
	<title>Дойл Артур Конан. Запечатанная комната</title>
</book>
<book>
	<filename>doil_artur/doil_artur_zhena_fiziologa.fb2.zip</filename>
	<title>Дойл Артур Конан. Жена физиолога</title>
</book>
<book>
	<filename>doil_artur/doil_artur_zhenitba_brigadira.fb2.zip</filename>
	<title>Дойл Артур Конан. Женитьба бригадира</title>
</book>
<book>
	<filename>doil_artur/doil_artur_zhenshina_vrach.fb2.zip</filename>
	<title>Дойл Артур Конан. Женщина — врач</title>
</book>
<book>
	<filename>doil_artur/doil_artur_znak_chetyreh.fb2.zip</filename>
	<title>Дойл Артур Конан. Знак четырех</title>
</book>
<book>
	<filename>doil_artur/doil_artur_znak_chetyreh_i.fb2.zip</filename>
	<title>Дойл Артур Конан. Знак четырех (и)</title>
</book>
<book>
	<filename>doil_artur/doil_artur_znatnyi_klient.fb2.zip</filename>
	<title>Дойл Артур Конан. Знатный клиент</title>
</book>

</books>

