<?xml version="1.0" encoding="UTF-8" ?>
<books>
<book>
	<filename>gurova_anna/gurova_anna_drakon_melovogo_perioda.fb2.zip</filename>
	<title>Гурова Анна. Дракон мелового периода</title>
</book>
<book>
	<filename>gurova_anna/gurova_anna_knyaz_tishiny.fb2.zip</filename>
	<title>Гурова Анна. Князь Тишины</title>
</book>
<book>
	<filename>gurova_anna/gurova_anna_malyshka_i_karlsson.fb2.zip</filename>
	<title>Гурова Анна. Малышка и Карлссон</title>
</book>
<book>
	<filename>gurova_anna/gurova_anna_moi_drug_bessmertnyi.fb2.zip</filename>
	<title>Гурова Анна. Мой друг бессмертный</title>
</book>
<book>
	<filename>gurov_aleksandr/gurov_aleksandr_professionalnaya_prestupnost.fb2.zip</filename>
	<title>Гуров Александр. Профессиональная преступность</title>
</book>
<book>
	<filename>gurov_s/gurov_s_boec_i_otdelenie_na_pohode.fb2.zip</filename>
	<title>Гуров С. Боец и отделение на походе</title>
</book>
<book>
	<filename>gurskii_lev/gurskii_lev_igra_v_gestapo.fb2.zip</filename>
	<title>Гурский Лев. Игра в гестапо</title>
</book>
<book>
	<filename>gurskii_lev/gurskii_lev_opasnost.fb2.zip</filename>
	<title>Гурский Лев. Опасность</title>
</book>
<book>
	<filename>gurskii_lev/gurskii_lev_peremena_mest.fb2.zip</filename>
	<title>Гурский Лев. Перемена мест</title>
</book>
<book>
	<filename>gurskii_lev/gurskii_lev_postavte_na_chernoe.fb2.zip</filename>
	<title>Гурский Лев. Поставьте на черное</title>
</book>
<book>
	<filename>gurskii_lev/gurskii_lev_ubit_prezidenta.fb2.zip</filename>
	<title>Гурский Лев. Убить президента</title>
</book>
<book>
	<filename>gurunc_leonid/gurunc_leonid_ballada_o_vernosti.fb2.zip</filename>
	<title>Гурунц Леонид. Баллада о верности</title>
</book>
<book>
	<filename>gusev_d/gusev_d_ushi_mashut_oslom.fb2.zip</filename>
	<title>Гусев Д. Г. Уши машут ослом</title>
</book>
<book>
	<filename>gusev_evgenii/gusev_evgenii_nevrologiya_i_neirohirurgiya.fb2.zip</filename>
	<title>Гусев Евгений Иванович. Неврология и нейрохирургия</title>
</book>
<book>
	<filename>gusev_maksim/gusev_maksim_hroniki_laboratorii.fb2.zip</filename>
	<title>Гусев Максим. Хроники лаборатории</title>
</book>
<book>
	<filename>gusev_valerii/gusev_valerii_davite_ih_davite.fb2.zip</filename>
	<title>Гусев Валерий. Давите их, давите</title>
</book>
<book>
	<filename>gusev_valerii/gusev_valerii_ne_strelyai_pervym.fb2.zip</filename>
	<title>Гусев Валерий. Не стреляй первым</title>
</book>
<book>
	<filename>gusev_valerii/gusev_valerii_privet_ot_teti_moti.fb2.zip</filename>
	<title>Гусев Валерий. Привет от тети Моти</title>
</book>
<book>
	<filename>gusev_valerii/gusev_valerii_rozygrysh_s_letalnym_ishodom.fb2.zip</filename>
	<title>Гусев Валерий. Розыгрыш с летальным исходом</title>
</book>
<book>
	<filename>gusev_valerii/gusev_valerii_vmyatina.fb2.zip</filename>
	<title>Гусев Валерий. Вмятина</title>
</book>
<book>
	<filename>gusev_valerii/gusev_valerii_volnyi_strelok.fb2.zip</filename>
	<title>Гусев Валерий. Вольный стрелок</title>
</book>
<book>
	<filename>gusev_vladimir/gusev_vladimir_ohotnik_na_virusov.fb2.zip</filename>
	<title>Гусев Владимир. Охотник на вирусов</title>
</book>
<book>
	<filename>gushina_darya/gushina_darya_ditya_magii.fb2.zip</filename>
	<title>Гущина Дарья. Дитя магии</title>
</book>
<book>
	<filename>gushina_darya/gushina_darya_slovo_pavshego.fb2.zip</filename>
	<title>Гущина Дарья. Слово павшего</title>
</book>
<book>
	<filename>gushina_liliya/gushina_liliya_muzhchina_i_metody_ego_dressirovki.fb2.zip</filename>
	<title>Гущина Лилия. Мужчина и методы его дрессировки</title>
</book>
<book>
	<filename>gushin_anatolii/gushin_anatolii_cena_gostainy_devyat_zhiznei.fb2.zip</filename>
	<title>Гущин Анатолий. Цена гостайны — девять жизней</title>
</book>
<book>
	<filename>guskova_tatyana/guskova_tatyana_yantarnyi_edinorog.fb2.zip</filename>
	<title>Гуськова Татьяна. Янтарный единорог</title>
</book>
<book>
	<filename>guyerra_tonino/guyerra_tonino_istorii_tysyachnogo_goda_ili_priklyucheniya_tysyachemuha_pochatka_i_nedoroda.fb2.zip</filename>
	<title>Гуэрра Тонино. Истории тысячного года, или Приключения Тысячемуха, Початка и Недорода</title>
</book>
<book>
	<filename>guyerra_tonino/guyerra_tonino_teplyi_dozhd.fb2.zip</filename>
	<title>Гуэрра Тонино. Теплый дождь</title>
</book>
<book>
	<filename>guz_leonid/guz_leonid_dorozhnotransportnye_proisshestviya.fb2.zip</filename>
	<title>Гузь Леонид Евдокимович. Дорожно-транспортные происшествия</title>
</book>
<book>
	<filename>gyebldon_diana/gyebldon_diana_barabany_oseni_o_derzkii_novyi_mir.fb2.zip</filename>
	<title>Гэблдон Диана. Барабаны осени. О, дерзкий новый мир!</title>
</book>
<book>
	<filename>gyebldon_diana/gyebldon_diana_barabany_oseni_udachnyi_hod.fb2.zip</filename>
	<title>Гэблдон Диана. Барабаны осени. Удачный ход</title>
</book>
<book>
	<filename>gyebldon_diana/gyebldon_diana_chuzhestranka.fb2.zip</filename>
	<title>Гэблдон Диана. Чужестранка</title>
</book>
<book>
	<filename>gyebldon_diana/gyebldon_diana_chuzhestranka_kniga_1.fb2.zip</filename>
	<title>Гэблдон Диана. Чужестранка Книга 1</title>
</book>
<book>
	<filename>gyebldon_diana/gyebldon_diana_chuzhezemec_zapah_sery.fb2.zip</filename>
	<title>Гэблдон Диана. Чужеземец. Запах серы</title>
</book>
<book>
	<filename>gyebldon_diana/gyebldon_diana_strekoza_v_yantare_kniga_1.fb2.zip</filename>
	<title>Гэблдон Диана. Стрекоза в янтаре. Книга 1</title>
</book>
<book>
	<filename>gyebldon_diana/gyebldon_diana_strekoza_v_yantare_kniga_2.fb2.zip</filename>
	<title>Гэблдон Диана. Стрекоза в янтаре. Книга 2</title>
</book>
<book>
	<filename>gyebori_myetyu/gyebori_myetyu_serdce_feniksa.fb2.zip</filename>
	<title>Гэбори Мэтью. Сердце Феникса</title>
</book>
<book>
	<filename>gyebori_myetyu/gyebori_myetyu_temnye_tropy.fb2.zip</filename>
	<title>Гэбори Мэтью. Темные тропы</title>
</book>
<book>
	<filename>gyebriel_sara/gyebriel_sara_doversya_sedcu.fb2.zip</filename>
	<title>Гэбриел Сара. Доверься седцу</title>
</book>
<book>
	<filename>gyebriel_sara/gyebriel_sara_pohishenie_sofi.fb2.zip</filename>
	<title>Гэбриел Сара. Похищение Софи</title>
</book>
<book>
	<filename>gyedis_pyeggi/gyedis_pyeggi_ne_igraite_so_mnoi.fb2.zip</filename>
	<title>Гэдис Пэгги. Не играйте со мной</title>
</book>
<book>
	<filename>gyefni_patriciya/gyefni_patriciya_begstvo_iz_yedema.fb2.zip</filename>
	<title>Гэфни Патриция. Бегство из Эдема</title>
</book>
<book>
	<filename>gyefni_patriciya/gyefni_patriciya_dostoin_lyubvi.fb2.zip</filename>
	<title>Гэфни Патриция. Достоин любви?</title>
</book>
<book>
	<filename>gyefni_patriciya/gyefni_patriciya_ledi_udacha.fb2.zip</filename>
	<title>Гэфни Патриция. Леди Удача</title>
</book>
<book>
	<filename>gyefni_patriciya/gyefni_patriciya_lili_tom_1.fb2.zip</filename>
	<title>Гэфни Патриция. Лили (Том 1)</title>
</book>
<book>
	<filename>gyefni_patriciya/gyefni_patriciya_lili_tom_2.fb2.zip</filename>
	<title>Гэфни Патриция. Лили (Том 2)</title>
</book>
<book>
	<filename>gyefni_patriciya/gyefni_patriciya_lyubit_i_berech_greshniki_v_rayu.fb2.zip</filename>
	<title>Гэфни Патриция. Любить и беречь (Грешники в раю)</title>
</book>
<book>
	<filename>gyefni_patriciya/gyefni_patriciya_odinokii_volk.fb2.zip</filename>
	<title>Гэфни Патриция. Одинокий волк</title>
</book>
<book>
	<filename>gyefni_patriciya/gyefni_patriciya_prekrasnaya_obmanshica.fb2.zip</filename>
	<title>Гэфни Патриция. Прекрасная обманщица</title>
</book>
<book>
	<filename>gyefni_patriciya/gyefni_patriciya_rokovoe_shodstvo.fb2.zip</filename>
	<title>Гэфни Патриция. Роковое сходство</title>
</book>
<book>
	<filename>gyefni_patriciya/gyefni_patriciya_serdce_negodyaya.fb2.zip</filename>
	<title>Гэфни Патриция. Сердце негодяя</title>
</book>
<book>
	<filename>gyefni_patriciya/gyefni_patriciya_tainyi_lyubovnik.fb2.zip</filename>
	<title>Гэфни Патриция. Тайный любовник</title>
</book>
<book>
	<filename>gyefni_patriciya/gyefni_patriciya_vlyublennye_moshenniki.fb2.zip</filename>
	<title>Гэфни Патриция. Влюбленные мошенники</title>
</book>
<book>
	<filename>gyeil_bob/gyeil_bob_nazad_v_budushee.fb2.zip</filename>
	<title>Гэйл Боб. Назад в будущее</title>
</book>
<book>
	<filename>gyelliko_pol/gyelliko_pol_dzhenni.fb2.zip</filename>
	<title>Гэллико Пол. Дженни</title>
</book>
<book>
	<filename>gyelliko_pol/gyelliko_pol_tomasina.fb2.zip</filename>
	<title>Гэллико Пол. Томасина</title>
</book>
<book>
	<filename>gyemilton_mellisent/gyemilton_mellisent_derzkoe_obolshenie.fb2.zip</filename>
	<title>Гэмильтон Меллисент. Дерзкое обольщение</title>
</book>
<book>
	<filename>gyenem_lorens/gyenem_lorens_plutonievaya_blondinka.fb2.zip</filename>
	<title>Гэнем Лоренс. Плутониевая блондинка</title>
</book>
<book>
	<filename>gyenka_tyoryo/gyenka_tyoryo_dva_flaga_nad_ostrovom.fb2.zip</filename>
	<title>Гэнка Тёрё. Два флага над островом</title>
</book>
<book>
	<filename>gyeri_nyensi/gyeri_nyensi_slishkom_mnogo_podozrevaemyh.fb2.zip</filename>
	<title>Гэри Нэнси. Слишком много подозреваемых</title>
</book>
<book>
	<filename>gyeskin_kyetrin/gyeskin_kyetrin_sara_dein.fb2.zip</filename>
	<title>Гэскин Кэтрин. Сара Дейн</title>
</book>
<book>
	<filename>gyugo_viktor/gyugo_viktor_byugzhargal.fb2.zip</filename>
	<title>Гюго Виктор. Бюг-Жаргаль</title>
</book>
<book>
	<filename>gyugo_viktor/gyugo_viktor_chelovek_kotoryi_smeetsya.fb2.zip</filename>
	<title>Гюго Виктор. Человек, который смеется</title>
</book>
<book>
	<filename>gyugo_viktor/gyugo_viktor_gavrosh.fb2.zip</filename>
	<title>Гюго Виктор. Гаврош</title>
</book>
<book>
	<filename>gyugo_viktor/gyugo_viktor_klod_gyo.fb2.zip</filename>
	<title>Гюго Виктор Мари. Клод Гё</title>
</book>
<book>
	<filename>gyugo_viktor/gyugo_viktor_klod_gyo_per_atolstoi.fb2.zip</filename>
	<title>Гюго Виктор. Клод Гё (пер. А.Толстой)</title>
</book>
<book>
	<filename>gyugo_viktor/gyugo_viktor_klod_gyo_per_azeldovich.fb2.zip</filename>
	<title>Гюго Виктор. Клод Гё (пер. А.Зельдович)</title>
</book>
<book>
	<filename>gyugo_viktor/gyugo_viktor_lukreciya_bordzha.fb2.zip</filename>
	<title>Гюго Виктор. Лукреция Борджа</title>
</book>
<book>
	<filename>gyugo_viktor/gyugo_viktor_otverzhennye_tom_i.fb2.zip</filename>
	<title>Гюго Виктор. Отверженные. Том I</title>
</book>
<book>
	<filename>gyugo_viktor/gyugo_viktor_otverzhennye_tom_ii.fb2.zip</filename>
	<title>Гюго Виктор. Отверженные. Том II</title>
</book>
<book>
	<filename>gyugo_viktor/gyugo_viktor_otverzhennye_tom_iii.fb2.zip</filename>
	<title>Гюго Виктор. Отверженные. Том III</title>
</book>
<book>
	<filename>gyugo_viktor/gyugo_viktor_poslednii_den_prigovorennogo_k_smerti.fb2.zip</filename>
	<title>Гюго Виктор. Последний день приговоренного к смерти</title>
</book>
<book>
	<filename>gyugo_viktor/gyugo_viktor_sobor_parizhskoi_bogomateri.fb2.zip</filename>
	<title>Гюго Виктор. Собор Парижской Богоматери</title>
</book>
<book>
	<filename>gyugo_viktor/gyugo_viktor_truzheniki_morya.fb2.zip</filename>
	<title>Гюго Виктор. Труженики Моря</title>
</book>
<book>
	<filename>gyuntekin_reshad/gyuntekin_reshad_ptichka_pevchaya.fb2.zip</filename>
	<title>Гюнтекин Решад Нури. Птичка певчая</title>
</book>

</books>

