<?xml version="1.0" encoding="UTF-8" ?>
<books>
<book>
	<filename>gorbunov_aleksandr/gorbunov_aleksandr_boris_arkadev.fb2.zip</filename>
	<title>Горбунов Александр Аркадьевич. Борис Аркадьев</title>
</book>
<book>
	<filename>gorbunov_evgenii/gorbunov_evgenii_shvatka_s_chernym_drakonom.fb2.zip</filename>
	<title>Горбунов Евгений. Схватка с черным драконом</title>
</book>
<book>
	<filename>gorbunov_evgenii/gorbunov_evgenii_shvatka_s_chernym_drakonom_tainaya_voina_na_dalnem_vostoke.fb2.zip</filename>
	<title>Горбунов Евгений Александрович. Схватка с черным драконом. Тайная война на Дальнем Востоке</title>
</book>
<book>
	<filename>gorbunov_ivan/gorbunov_ivan_general_dityatin.fb2.zip</filename>
	<title>Горбунов Иван Федорович. Генерал Дитятин</title>
</book>
<book>
	<filename>gorbunov_ivan/gorbunov_ivan_ocherki_o_staroi_moskve.fb2.zip</filename>
	<title>Горбунов Иван Федорович. Очерки о старой Москве</title>
</book>
<book>
	<filename>gorbunov_ivan/gorbunov_ivan_sceny_iz_narodnogo_byta.fb2.zip</filename>
	<title>Горбунов Иван Федорович. Сцены из народного быта</title>
</book>
<book>
	<filename>gorbunov_ivan/gorbunov_ivan_vospominaniya.fb2.zip</filename>
	<title>Горбунов Иван Федорович. Воспоминания</title>
</book>
<book>
	<filename>gorbylev_aleksei/gorbylev_aleksei_put_nevidimyh_podlinnaya_istoriya_nindzyucu.fb2.zip</filename>
	<title>Горбылев Алексей. Путь невидимых. Подлинная история нин-дзюцу</title>
</book>
<book>
	<filename>gorchakov_ovidii/gorchakov_ovidii_yan_berzin_komandarm_gru.fb2.zip</filename>
	<title>Горчаков Овидий Карлович. Ян Берзин — командарм ГРУ</title>
</book>
<book>
	<filename>gorchev_dmitrii/gorchev_dmitrii_plan_spaseniya.fb2.zip</filename>
	<title>Горчев Дмитрий. План спасения</title>
</book>
<book>
	<filename>gordashevskii_pyotr/gordashevskii_pyotr_ih_bylo_chetvero.fb2.zip</filename>
	<title>Гордашевский Пётр Феофилактович. Их было четверо</title>
</book>
<book>
	<filename>gorder_inger/gorder_inger_lyudi_na_derevyah.fb2.zip</filename>
	<title>Гордер Ингер Маргрете. Люди на деревьях</title>
</book>
<book>
	<filename>gorder_yustein/gorder_yustein_apelsinovaya_devushka.fb2.zip</filename>
	<title>Гордер Юстейн. Апельсиновая девушка</title>
</book>
<book>
	<filename>gorder_yustein/gorder_yustein_doch_cirkacha.fb2.zip</filename>
	<title>Гордер Юстейн. Дочь циркача</title>
</book>
<book>
	<filename>gorder_yustein/gorder_yustein_mir_sofii.fb2.zip</filename>
	<title>Гордер Юстейн. Мир Софии</title>
</book>
<book>
	<filename>gordievskii_oleg/gordievskii_oleg_kgb.fb2.zip</filename>
	<title>Гордиевский Олег. КГБ</title>
</book>
<book>
	<filename>gordimer_nadin/gordimer_nadin_konechnaya_stanciya.fb2.zip</filename>
	<title>Гордимер Надин. Конечная станция</title>
</book>
<book>
	<filename>gordimer_nadin/gordimer_nadin_perepiska.fb2.zip</filename>
	<title>Гордимер Надин. Переписка</title>
</book>
<book>
	<filename>gordimer_nadin/gordimer_nadin_prestupleniya_sovesti.fb2.zip</filename>
	<title>Гордимер Надин. Преступления совести</title>
</book>
<book>
	<filename>gordimer_nadin/gordimer_nadin_tam_chtoto_est.fb2.zip</filename>
	<title>Гордимер Надин. Там что-то есть</title>
</book>
<book>
	<filename>gordimer_nadin/gordimer_nadin_vsyakoe_barahlo.fb2.zip</filename>
	<title>Гордимер Надин. Всякое барахло</title>
</book>
<book>
	<filename>gordon_alan/gordon_alan_shut_i_imperator.fb2.zip</filename>
	<title>Гордон Алан. Шут и император</title>
</book>
<book>
	<filename>gordon_alan/gordon_alan_trinadcataya_noch.fb2.zip</filename>
	<title>Гордон Алан. Тринадцатая ночь</title>
</book>
<book>
	<filename>gordon_aleksandr/gordon_aleksandr_dialogi_aprel_2003_g.fb2.zip</filename>
	<title>Гордон Александр. Диалоги (апрель 2003 г.)</title>
</book>
<book>
	<filename>gordon_aleksandr/gordon_aleksandr_dialogi_avgust_2003_g.fb2.zip</filename>
	<title>Гордон Александр. Диалоги (август 2003 г.)</title>
</book>
<book>
	<filename>gordon_aleksandr/gordon_aleksandr_dialogi_dekabr_2003_g.fb2.zip</filename>
	<title>Гордон Александр. Диалоги (декабрь 2003 г.)</title>
</book>
<book>
	<filename>gordon_aleksandr/gordon_aleksandr_dialogi_iyul_2003_g.fb2.zip</filename>
	<title>Гордон Александр. Диалоги (июль 2003 г.)</title>
</book>
<book>
	<filename>gordon_aleksandr/gordon_aleksandr_dialogi_iyun_2003_g.fb2.zip</filename>
	<title>Гордон Александр. Диалоги (июнь 2003 г.)</title>
</book>
<book>
	<filename>gordon_aleksandr/gordon_aleksandr_dialogi_mai_2003_g.fb2.zip</filename>
	<title>Гордон Александр. Диалоги (май 2003 г.)</title>
</book>
<book>
	<filename>gordon_aleksandr/gordon_aleksandr_dialogi_mart_2003_g.fb2.zip</filename>
	<title>Гордон Александр. Диалоги (март 2003 г.)</title>
</book>
<book>
	<filename>gordon_aleksandr/gordon_aleksandr_dialogi_noyabr_2003_g.fb2.zip</filename>
	<title>Гордон Александр. Диалоги (ноябрь 2003 г.)</title>
</book>
<book>
	<filename>gordon_aleksandr/gordon_aleksandr_dialogi_oktyabr_2003_g.fb2.zip</filename>
	<title>Гордон Александр. Диалоги (октябрь 2003 г.)</title>
</book>
<book>
	<filename>gordon_aleksandr/gordon_aleksandr_dialogi_sentyabr_2003_g.fb2.zip</filename>
	<title>Гордон Александр. Диалоги (сентябрь 2003 г.)</title>
</book>
<book>
	<filename>gordon_katya/gordon_katya_konchenye.fb2.zip</filename>
	<title>Гордон Катя. Конченые</title>
</book>
<book>
	<filename>gordon_lyusi/gordon_lyusi_iscelyayushee_chuvstvo.fb2.zip</filename>
	<title>Гордон Люси. Исцеляющее чувство</title>
</book>
<book>
	<filename>gordon_lyusi/gordon_lyusi_moi_pylkii_graf.fb2.zip</filename>
	<title>Гордон Люси. Мой пылкий граф</title>
</book>
<book>
	<filename>gordon_lyusi/gordon_lyusi_prigovor_lyubvi.fb2.zip</filename>
	<title>Гордон Люси. Приговор любви</title>
</book>
<book>
	<filename>gordon_lyusi/gordon_lyusi_risk_vslepuyu.fb2.zip</filename>
	<title>Гордон Люси. Риск вслепую</title>
</book>
<book>
	<filename>gordon_lyusi/gordon_lyusi_vozvrashenie_k_synu.fb2.zip</filename>
	<title>Гордон Люси. Возвращение к сыну</title>
</book>
<book>
	<filename>gordon_lyusi/gordon_lyusi_yetot_nesnosnyi_luka.fb2.zip</filename>
	<title>Гордон Люси. Этот несносный Лука</title>
</book>
<book>
	<filename>gordon_lyusi/gordon_lyusi_zimnyaya_skazka_v_venecii.fb2.zip</filename>
	<title>Гордон Люси. Зимняя сказка в Венеции</title>
</book>
<book>
	<filename>gordon_mildred/gordon_mildred_tainstvennyi_kot_idet_na_delo.fb2.zip</filename>
	<title>Гордон Милдред. Таинственный кот идет на дело</title>
</book>
<book>
	<filename>gorelik_elena/gorelik_elena_ne_zhenskoe_delo.fb2.zip</filename>
	<title>Горелик Елена. Не женское дело</title>
</book>
<book>
	<filename>gorelikova_alla/gorelikova_alla_korund_i_salamandra.fb2.zip</filename>
	<title>Гореликова Алла. Корунд и саламандра</title>
</book>
<book>
	<filename>gorelikova_alla/gorelikova_alla_polukrovka.fb2.zip</filename>
	<title>Гореликова Алла. Полукровка</title>
</book>
<book>
	<filename>gorelikova_alla/gorelikova_alla_serebryanyi_volk.fb2.zip</filename>
	<title>Гореликова Алла. Серебряный волк</title>
</book>
<book>
	<filename>gorenshtein_fridrih/gorenshtein_fridrih_iskuplenie.fb2.zip</filename>
	<title>Горенштейн Фридрих. Искупление</title>
</book>
<book>
	<filename>gorenshtein_fridrih/gorenshtein_fridrih_mesto.fb2.zip</filename>
	<title>Горенштейн Фридрих. Место</title>
</book>
<book>
	<filename>gorenshtein_fridrih/gorenshtein_fridrih_psalom.fb2.zip</filename>
	<title>Горенштейн Фридрих. Псалом</title>
</book>
<book>
	<filename>gores_dzho/gores_dzho_vremya_hishnikov.fb2.zip</filename>
	<title>Горес Джо. Время хищников</title>
</book>
<book>
	<filename>gores_dzho/gores_dzho_zamurovannyi_trup.fb2.zip</filename>
	<title>Горес Джо. Замурованный труп</title>
</book>
<book>
	<filename>gorev_aleksandr/gorev_aleksandr_neru.fb2.zip</filename>
	<title>Горев Александр Васильевич. Неру</title>
</book>
<book>
	<filename>gor_gennadii/gor_gennadii_dokuchlivyi_sobesednik.fb2.zip</filename>
	<title>Гор Геннадий Самойлович. Докучливый собеседник</title>
</book>
<book>
	<filename>gor_gennadii/gor_gennadii_geometricheskii_les.fb2.zip</filename>
	<title>Гор Геннадий Самойлович. Геометрический лес</title>
</book>
<book>
	<filename>gor_gennadii/gor_gennadii_gosti_s_uazy.fb2.zip</filename>
	<title>Гор Геннадий Самойлович. Гости с Уазы</title>
</book>
<book>
	<filename>gor_gennadii/gor_gennadii_imya.fb2.zip</filename>
	<title>Гор Геннадий Самойлович. Имя</title>
</book>
<book>
	<filename>gor_gennadii/gor_gennadii_malchik.fb2.zip</filename>
	<title>Гор Геннадий. Мальчик</title>
</book>
<book>
	<filename>gor_gennadii/gor_gennadii_risunok_darotkana.fb2.zip</filename>
	<title>Гор Геннадий Самойлович. Рисунок Дароткана</title>
</book>
<book>
	<filename>gor_gennadii/gor_gennadii_sinee_okno_feokrita.fb2.zip</filename>
	<title>Гор Геннадий Самойлович. Синее окно Феокрита</title>
</book>
<book>
	<filename>gor_gennadii/gor_gennadii_yelektronnyi_melmot.fb2.zip</filename>
	<title>Гор Геннадий. Электронный Мельмот</title>
</book>
<book>
	<filename>gorin_grigorii/gorin_grigorii_bryuki_tovarisha_sinicyna.fb2.zip</filename>
	<title>Горин Григорий Израилевич. Брюки товарища Синицына</title>
</book>
<book>
	<filename>gorin_grigorii/gorin_grigorii_chem_otkryvaetsya_pivo.fb2.zip</filename>
	<title>Горин Григорий Израилевич. Чем открывается пиво?..</title>
</book>
<book>
	<filename>gorin_grigorii/gorin_grigorii_chtoto_sinee_v_polosochku.fb2.zip</filename>
	<title>Горин Григорий Израилевич. Что-то синее в полосочку</title>
</book>
<book>
	<filename>gorin_grigorii/gorin_grigorii_chuma_na_oba_vashi_doma.fb2.zip</filename>
	<title>Горин Григорий Израилевич. ...Чума на оба ваши дома!</title>
</book>
<book>
	<filename>gorin_grigorii/gorin_grigorii_fantomasy.fb2.zip</filename>
	<title>Горин Григорий Израилевич. Фантомасы</title>
</book>
<book>
	<filename>gorin_grigorii/gorin_grigorii_formula_lyubvi.fb2.zip</filename>
	<title>Горин Григорий Израилевич. Формула любви</title>
</book>
<book>
	<filename>gorin_grigorii/gorin_grigorii_hochu_harcho.fb2.zip</filename>
	<title>Горин Григорий Израилевич. Хочу харчо!</title>
</book>
<book>
	<filename>gorin_grigorii/gorin_grigorii_horoshee_vospitanie.fb2.zip</filename>
	<title>Горин Григорий Израилевич. Хорошее воспитание</title>
</book>
<book>
	<filename>gorin_grigorii/gorin_grigorii_izmena.fb2.zip</filename>
	<title>Горин Григорий Израилевич. Измена</title>
</book>
<book>
	<filename>gorin_grigorii/gorin_grigorii_kakaya_naglost.fb2.zip</filename>
	<title>Горин Григорий Израилевич. Какая наглость!</title>
</book>
<book>
	<filename>gorin_grigorii/gorin_grigorii_kogda_gorit_dusha.fb2.zip</filename>
	<title>Горин Григорий Израилевич. Когда горит душа</title>
</book>
<book>
	<filename>gorin_grigorii/gorin_grigorii_k_voprosu_o_derzhavine.fb2.zip</filename>
	<title>Горин Григорий Израилевич. К вопросу о Державине</title>
</book>
<book>
	<filename>gorin_grigorii/gorin_grigorii_mysli_grazhdanina_kravcova.fb2.zip</filename>
	<title>Горин Григорий Израилевич. Мысли гражданина Кравцова</title>
</book>
<book>
	<filename>gorin_grigorii/gorin_grigorii_novyi_obychai.fb2.zip</filename>
	<title>Горин Григорий Израилевич. Новый обычай</title>
</book>
<book>
	<filename>gorin_grigorii/gorin_grigorii_obnazhennyi_kurencov.fb2.zip</filename>
	<title>Горин Григорий Израилевич. Обнаженный Куренцов</title>
</book>
<book>
	<filename>gorin_grigorii/gorin_grigorii_ostanovite_potapova.fb2.zip</filename>
	<title>Горин Григорий Израилевич. Остановите Потапова</title>
</book>
<book>
	<filename>gorin_grigorii/gorin_grigorii_pisma_grazhdanina_kravcova.fb2.zip</filename>
	<title>Горин Григорий Израилевич. Письма гражданина Кравцова</title>
</book>
<book>
	<filename>gorin_grigorii/gorin_grigorii_pochem_dengi.fb2.zip</filename>
	<title>Горин Григорий Израилевич. Почем деньги?</title>
</book>
<book>
	<filename>gorin_grigorii/gorin_grigorii_pochemu_povyazka_na_noge.fb2.zip</filename>
	<title>Горин Григорий Израилевич. Почему повязка на ноге?</title>
</book>
<book>
	<filename>gorin_grigorii/gorin_grigorii_protekciya.fb2.zip</filename>
	<title>Горин Григорий Израилевич. Протекция</title>
</book>
<book>
	<filename>gorin_grigorii/gorin_grigorii_rasskaz_o_tom_chego_net.fb2.zip</filename>
	<title>Горин Григорий Израилевич. Рассказ о том, чего нет</title>
</book>
<book>
	<filename>gorin_grigorii/gorin_grigorii_sauna.fb2.zip</filename>
	<title>Горин Григорий Израилевич. Сауна</title>
</book>
<book>
	<filename>gorin_grigorii/gorin_grigorii_skazka_pro_sobaku_kotoraya_prozhila_trista_let.fb2.zip</filename>
	<title>Горин Григорий Израилевич. Сказка про собаку, которая прожила триста лет</title>
</book>
<book>
	<filename>gorin_grigorii/gorin_grigorii_skrytoi_kameroi.fb2.zip</filename>
	<title>Горин Григорий Израилевич. Скрытой камерой</title>
</book>
<book>
	<filename>gorin_grigorii/gorin_grigorii_sluchai_na_fabrike_6.fb2.zip</filename>
	<title>Горин Григорий Израилевич. Случай на фабрике № 6</title>
</book>
<book>
	<filename>gorin_grigorii/gorin_grigorii_s_prazdnichkom.fb2.zip</filename>
	<title>Горин Григорий Израилевич. С праздничком!</title>
</book>
<book>
	<filename>gorin_grigorii/gorin_grigorii_tigr.fb2.zip</filename>
	<title>Горин Григорий Израилевич. Тигр</title>
</book>
<book>
	<filename>gorin_grigorii/gorin_grigorii_tolko_dlya_vas.fb2.zip</filename>
	<title>Горин Григорий Израилевич. Только для вас!</title>
</book>
<book>
	<filename>gorin_grigorii/gorin_grigorii_ubiica.fb2.zip</filename>
	<title>Горин Григорий Израилевич. Убийца</title>
</book>
<book>
	<filename>gorin_grigorii/gorin_grigorii_voskresnye_progulki.fb2.zip</filename>
	<title>Горин Григорий Израилевич. Воскресные прогулки</title>
</book>
<book>
	<filename>gorin_grigorii/gorin_grigorii_vstrecha_s_izvestnym_pisatelem_burko.fb2.zip</filename>
	<title>Горин Григорий Израилевич. Встреча с известным писателем Бурко</title>
</book>
<book>
	<filename>gorin_grigorii/gorin_grigorii_vy_mne_ne_doveryaete.fb2.zip</filename>
	<title>Горин Григорий Израилевич. Вы мне не доверяете?</title>
</book>
<book>
	<filename>gorin_grigorii/gorin_grigorii_yozhik.fb2.zip</filename>
	<title>Горин Григорий Израилевич. Ёжик</title>
</book>
<book>
	<filename>gorin_sergei/gorin_sergei_a_vy_probovali_gipnoz.fb2.zip</filename>
	<title>Горин Сергей. А вы пробовали гипноз?</title>
</book>
<book>
	<filename>gorin_sergei/gorin_sergei_soblaznenie.fb2.zip</filename>
	<title>Горин Сергей. Соблазнение</title>
</book>
<book>
	<filename>gorishnyaya_yuliya/gorishnyaya_yuliya_slepoi_boec.fb2.zip</filename>
	<title>Горишняя Юлия. Слепой боец</title>
</book>
<book>
	<filename>gorkavyi_nik/gorkavyi_nik_astrovityanka.fb2.zip</filename>
	<title>Горькавый Ник. Астровитянка</title>
</book>
<book>
	<filename>gorkii_maksim/gorkii_maksim_artist.fb2.zip</filename>
	<title>Горький Максим. Артист</title>
</book>
<book>
	<filename>gorkii_maksim/gorkii_maksim_babushka_akulina.fb2.zip</filename>
	<title>Горький Максим. Бабушка Акулина</title>
</book>
<book>
	<filename>gorkii_maksim/gorkii_maksim_biografiya.fb2.zip</filename>
	<title>Горький Максим. Биограф[ия]</title>
</book>
<book>
	<filename>gorkii_maksim/gorkii_maksim_chasy_otdyha_uchitelya_korzhika.fb2.zip</filename>
	<title>Горький Максим. Часы отдыха учителя Коржика</title>
</book>
<book>
	<filename>gorkii_maksim/gorkii_maksim_chelkash.fb2.zip</filename>
	<title>Горький Максим. Челкаш</title>
</book>
<book>
	<filename>gorkii_maksim/gorkii_maksim_chitatel.fb2.zip</filename>
	<title>Горький Максим. Читатель</title>
</book>
<book>
	<filename>gorkii_maksim/gorkii_maksim_ded_arhip_i_lyonka.fb2.zip</filename>
	<title>Горький Максим. Дед Архип и Лёнька</title>
</book>
<book>
	<filename>gorkii_maksim/gorkii_maksim_delo_s_zastyozhkami.fb2.zip</filename>
	<title>Горький Максим. Дело с застёжками</title>
</book>
<book>
	<filename>gorkii_maksim/gorkii_maksim_delyozh.fb2.zip</filename>
	<title>Горький Максим. Делёж</title>
</book>
<book>
	<filename>gorkii_maksim/gorkii_maksim_devushka_i_smert.fb2.zip</filename>
	<title>Горький Максим. Девушка и смерть</title>
</book>
<book>
	<filename>gorkii_maksim/gorkii_maksim_dva_bosyaka.fb2.zip</filename>
	<title>Горький Максим. Два босяка</title>
</book>
<book>
	<filename>gorkii_maksim/gorkii_maksim_emelyan_pilyai.fb2.zip</filename>
	<title>Горький Максим. Емельян Пиляй</title>
</book>
<book>
	<filename>gorkii_maksim/gorkii_maksim_goremyka_pavel.fb2.zip</filename>
	<title>Горький Максим. Горемыка Павел</title>
</book>
<book>
	<filename>gorkii_maksim/gorkii_maksim_gost.fb2.zip</filename>
	<title>Горький Максим. Гость</title>
</book>
<book>
	<filename>gorkii_maksim/gorkii_maksim_grivennik.fb2.zip</filename>
	<title>Горький Максим. Гривенник</title>
</book>
<book>
	<filename>gorkii_maksim/gorkii_maksim_grustnaya_istoriya.fb2.zip</filename>
	<title>Горький Максим. Грустная история</title>
</book>
<book>
	<filename>gorkii_maksim/gorkii_maksim_han_i_ego_syn.fb2.zip</filename>
	<title>Горький Максим. Хан и его сын</title>
</book>
<book>
	<filename>gorkii_maksim/gorkii_maksim_isklyuchitelnyi_fakt.fb2.zip</filename>
	<title>Горький Максим. Исключительный факт</title>
</book>
<book>
	<filename>gorkii_maksim/gorkii_maksim_izlozhenie_faktov_i_dum_ot_vzaimodeistviya_kotoryh_otsohli_luchshie_kuski_moego_serdca.fb2.zip</filename>
	<title>Горький Максим. Изложение фактов и дум, от взаимодействия которых отсохли лучшие куски моего сердца</title>
</book>
<book>
	<filename>gorkii_maksim/gorkii_maksim_izvozchik.fb2.zip</filename>
	<title>Горький Максим. Извозчик</title>
</book>
<book>
	<filename>gorkii_maksim/gorkii_maksim_kak_poimali_semagu.fb2.zip</filename>
	<title>Горький Максим. Как поймали Семагу</title>
</book>
<book>
	<filename>gorkii_maksim/gorkii_maksim_kolokol.fb2.zip</filename>
	<title>Горький Максим. Колокол</title>
</book>
<book>
	<filename>gorkii_maksim/gorkii_maksim_kolyusha.fb2.zip</filename>
	<title>Горький Максим. Колюша</title>
</book>
<book>
	<filename>gorkii_maksim/gorkii_maksim_maalenkaya.fb2.zip</filename>
	<title>Горький Максим. Ма-аленькая!</title>
</book>
<book>
	<filename>gorkii_maksim/gorkii_maksim_makar_chudra.fb2.zip</filename>
	<title>Горький Максим. Макар Чудра</title>
</book>
<book>
	<filename>gorkii_maksim/gorkii_maksim_mat.fb2.zip</filename>
	<title>Горький Максим. Мать</title>
</book>
<book>
	<filename>gorkii_maksim/gorkii_maksim_meshane.fb2.zip</filename>
	<title>Горький Максим. Мещане</title>
</book>
<book>
	<filename>gorkii_maksim/gorkii_maksim_mest_paralleli.fb2.zip</filename>
	<title>Горький Максим. Месть. Параллели</title>
</book>
<book>
	<filename>gorkii_maksim/gorkii_maksim_moi_sputnik.fb2.zip</filename>
	<title>Горький Максим. Мой спутник</title>
</book>
<book>
	<filename>gorkii_maksim/gorkii_maksim_na_dne.fb2.zip</filename>
	<title>Горький Максим. На дне</title>
</book>
<book>
	<filename>gorkii_maksim/gorkii_maksim_na_plotah.fb2.zip</filename>
	<title>Горький Максим. На плотах</title>
</book>
<book>
	<filename>gorkii_maksim/gorkii_maksim_na_soli.fb2.zip</filename>
	<title>Горький Максим. На соли</title>
</book>
<book>
	<filename>gorkii_maksim/gorkii_maksim_nepriyatnost.fb2.zip</filename>
	<title>Горький Максим. Неприятность</title>
</book>
<book>
	<filename>gorkii_maksim/gorkii_maksim_neskolko_dnei_v_roli_redaktora_provincialnoi_gazety.fb2.zip</filename>
	<title>Горький Максим. Несколько дней в роли редактора провинциальной газеты</title>
</book>
<book>
	<filename>gorkii_maksim/gorkii_maksim_neskolko_isporchennyh_minut.fb2.zip</filename>
	<title>Горький Максим. Несколько испорченных минут</title>
</book>
<book>
	<filename>gorkii_maksim/gorkii_maksim_nishenka.fb2.zip</filename>
	<title>Горький Максим. Нищенка</title>
</book>
<book>
	<filename>gorkii_maksim/gorkii_maksim_ob_odnom_poyete.fb2.zip</filename>
	<title>Горький Максим. Об одном поэте</title>
</book>
<book>
	<filename>gorkii_maksim/gorkii_maksim_o_chizhe_kotoryi_lgal_i_o_dyatle_lyubitele_istiny.fb2.zip</filename>
	<title>Горький Максим. О чиже, который лгал, и о дятле – любителе истины</title>
</book>
<book>
	<filename>gorkii_maksim/gorkii_maksim_odinokii.fb2.zip</filename>
	<title>Горький Максим. Одинокий</title>
</book>
<book>
	<filename>gorkii_maksim/gorkii_maksim_odnazhdy_osenyu.fb2.zip</filename>
	<title>Горький Максим. Однажды осенью</title>
</book>
<book>
	<filename>gorkii_maksim/gorkii_maksim_o_malchike_i_devochke_kotorye_ne_zamyorzli.fb2.zip</filename>
	<title>Горький Максим. О мальчике и девочке, которые не замёрзли</title>
</book>
<book>
	<filename>gorkii_maksim/gorkii_maksim_o_malenkoi_fee_i_molodom_chabane.fb2.zip</filename>
	<title>Горький Максим. О маленькой фее и молодом чабане.</title>
</book>
<book>
	<filename>gorkii_maksim/gorkii_maksim_oshibka.fb2.zip</filename>
	<title>Горький Максим. Ошибка</title>
</book>
<book>
	<filename>gorkii_maksim/gorkii_maksim_otkrytie.fb2.zip</filename>
	<title>Горький Максим. Открытие</title>
</book>
<book>
	<filename>gorkii_maksim/gorkii_maksim_otomstil.fb2.zip</filename>
	<title>Горький Максим. Отомстил</title>
</book>
<book>
	<filename>gorkii_maksim/gorkii_maksim_pervyi_debyut.fb2.zip</filename>
	<title>Горький Максим. Первый дебют</title>
</book>
<book>
	<filename>gorkii_maksim/gorkii_maksim_pesnya_o_burevestnike.fb2.zip</filename>
	<title>Горький Максим. Песня о буревестнике</title>
</book>
<book>
	<filename>gorkii_maksim/gorkii_maksim_pesnya_o_sokole.fb2.zip</filename>
	<title>Горький Максим. Песня о Соколе</title>
</book>
<book>
	<filename>gorkii_maksim/gorkii_maksim_pochtalon.fb2.zip</filename>
	<title>Горький Максим. Почтальон</title>
</book>
<book>
	<filename>gorkii_maksim/gorkii_maksim_proshai.fb2.zip</filename>
	<title>Горький Максим. Прощай!</title>
</book>
<book>
	<filename>gorkii_maksim/gorkii_maksim_razgovor_po_dushe.fb2.zip</filename>
	<title>Горький Максим. Разговор по душе</title>
</book>
<book>
	<filename>gorkii_maksim/gorkii_maksim_skazki_ob_italii.fb2.zip</filename>
	<title>Горький Максим. Сказки об Италии</title>
</book>
<book>
	<filename>gorkii_maksim/gorkii_maksim_staruha_izergil.fb2.zip</filename>
	<title>Горький Максим. Старуха Изергиль</title>
</book>
<book>
	<filename>gorkii_maksim/gorkii_maksim_staryi_god.fb2.zip</filename>
	<title>Горький Максим. Старый год</title>
</book>
<book>
	<filename>gorkii_maksim/gorkii_maksim_svadba.fb2.zip</filename>
	<title>Горький Максим. Свадьба</title>
</book>
<book>
	<filename>gorkii_maksim/gorkii_maksim_toska.fb2.zip</filename>
	<title>Горький Максим. Тоска</title>
</book>
<book>
	<filename>gorkii_maksim/gorkii_maksim_tovarishi.fb2.zip</filename>
	<title>Горький Максим. Товарищи</title>
</book>
<book>
	<filename>gorkii_maksim/gorkii_maksim_tronulo.fb2.zip</filename>
	<title>Горький Максим. Тронуло</title>
</book>
<book>
	<filename>gorkii_maksim/gorkii_maksim_trubochist.fb2.zip</filename>
	<title>Горький Максим. Трубочист</title>
</book>
<book>
	<filename>gorkii_maksim/gorkii_maksim_ubezhal.fb2.zip</filename>
	<title>Горький Максим. Убежал</title>
</book>
<book>
	<filename>gorkii_maksim/gorkii_maksim_v_chernomore.fb2.zip</filename>
	<title>Горький Максим. В Черноморье</title>
</book>
<book>
	<filename>gorkii_maksim/gorkii_maksim_vor.fb2.zip</filename>
	<title>Горький Максим. Вор</title>
</book>
<book>
	<filename>gorkii_maksim/gorkii_maksim_vyvod.fb2.zip</filename>
	<title>Горький Максим. Вывод</title>
</book>
<book>
	<filename>gorkii_maksim/gorkii_maksim_zhenshina_s_golubymi_glazami.fb2.zip</filename>
	<title>Горький Максим. Женщина с голубыми глазами</title>
</book>
<book>
	<filename>gorlo_anatolii/gorlo_anatolii_ave_cezar.fb2.zip</filename>
	<title>Горло Анатолий Иванович. Аве, Цезарь</title>
</book>
<book>
	<filename>gorlo_anatolii/gorlo_anatolii_bolshaya_rakovina.fb2.zip</filename>
	<title>Горло Анатолий Иванович. Большая раковина</title>
</book>
<book>
	<filename>gorlo_anatolii/gorlo_anatolii_buket_srednevekovya.fb2.zip</filename>
	<title>Горло Анатолий Иванович. Букет средневековья</title>
</book>
<book>
	<filename>gorlo_anatolii/gorlo_anatolii_delfiiskii_sindrom.fb2.zip</filename>
	<title>Горло Анатолий Иванович. Дельфийский синдром</title>
</book>
<book>
	<filename>gorlo_anatolii/gorlo_anatolii_hram_dionisa.fb2.zip</filename>
	<title>Горло Анатолий Иванович. Храм Диониса</title>
</book>
<book>
	<filename>gorlo_anatolii/gorlo_anatolii_let_za_trista_do_bratev_lyumer.fb2.zip</filename>
	<title>Горло Анатолий Иванович. Лет за триста до братьев Люмьер</title>
</book>
<book>
	<filename>gorlo_anatolii/gorlo_anatolii_schastlivyi_konec_sveta.fb2.zip</filename>
	<title>Горло Анатолий Иванович. Счастливый конец света</title>
</book>
<book>
	<filename>gorlo_anatolii/gorlo_anatolii_zelenye_listya.fb2.zip</filename>
	<title>Горло Анатолий Иванович. Зеленые листья</title>
</book>
<book>
	<filename>gorman_bet/gorman_bet_lyubov_v_sanfrancisko.fb2.zip</filename>
	<title>Горман Бет. Любовь в Сан-Франциско</title>
</book>
<book>
	<filename>gorodov_vladimir/gorodov_vladimir_krug_devyatiroga.fb2.zip</filename>
	<title>Городов Владимир. Круг Девятирога</title>
</book>
<book>
	<filename>gorpozhaks_grivadii/gorpozhaks_grivadii_dzhin_grin_neprikasaemyi.fb2.zip</filename>
	<title>Горпожакс Гривадий. Джин Грин — Неприкасаемый</title>
</book>
<book>
	<filename>gorshkov_valerii/gorshkov_valerii_chernaya_metka.fb2.zip</filename>
	<title>Горшков Валерий. Черная метка</title>
</book>
<book>
	<filename>gorshkov_valerii/gorshkov_valerii_disketa_mertvogo_generala.fb2.zip</filename>
	<title>Горшков Валерий. Дискета мертвого генерала</title>
</book>
<book>
	<filename>gorshkov_valerii/gorshkov_valerii_dvoinik.fb2.zip</filename>
	<title>Горшков Валерий. Двойник</title>
</book>
<book>
	<filename>gorshkov_valerii/gorshkov_valerii_fraera.fb2.zip</filename>
	<title>Горшков Валерий. Фраера</title>
</book>
<book>
	<filename>gorshkov_valerii/gorshkov_valerii_hishniki.fb2.zip</filename>
	<title>Горшков Валерий. Хищники</title>
</book>
<book>
	<filename>gorshkov_valerii/gorshkov_valerii_kobra.fb2.zip</filename>
	<title>Горшков Валерий Сергеевич. Кобра</title>
</book>
<book>
	<filename>gorshkov_valerii/gorshkov_valerii_kontrolnyi_vystrel.fb2.zip</filename>
	<title>Горшков Валерий. Контрольный выстрел</title>
</book>
<book>
	<filename>gorshkov_valerii/gorshkov_valerii_reanimator.fb2.zip</filename>
	<title>Горшков Валерий. Реаниматор</title>
</book>
<book>
	<filename>gorshkov_valerii/gorshkov_valerii_tyurma_osobogo_naznacheniya.fb2.zip</filename>
	<title>Горшков Валерий. Тюрьма особого назначения</title>
</book>
<book>
	<filename>gorulev_nikolai/gorulev_nikolai_proshaite_lyubimye.fb2.zip</filename>
	<title>Горулев Николай. Прощайте, любимые</title>
</book>
<book>
	<filename>gor_vasilii/gor_vasilii_ponyat_proroka.fb2.zip</filename>
	<title>Горъ Василий. Понять пророка</title>
</book>
<book>
	<filename>gor_vasilii/gor_vasilii_prorochestvo.fb2.zip</filename>
	<title>Горъ Василий. Пророчество</title>
</book>
<book>
	<filename>gor_vasilii/gor_vasilii_vrag_moego_vraga.fb2.zip</filename>
	<title>Горъ Василий. Враг моего врага</title>
</book>
<book>
	<filename>goryainov_evgenii/goryainov_evgenii_o_boge_neprotivorechivaya_teoriya_boga.fb2.zip</filename>
	<title>Горяинов Евгений Владимирович. О боге. Непротиворечивая теория бога</title>
</book>
<book>
	<filename>goryanov_leonid/goryanov_leonid_ozhivshie_legendy.fb2.zip</filename>
	<title>Горянов Леонид Борисович. Ожившие легенды</title>
</book>
<book>
	<filename>goryunov_andrei/goryunov_andrei_kontakt_pervoi_stepeni_tyazhesti.fb2.zip</filename>
	<title>Горюнов Андрей. Контакт первой степени тяжести</title>
</book>
<book>
	<filename>goryunov_andrei/goryunov_andrei_na_puti_ordy.fb2.zip</filename>
	<title>Горюнов Андрей. На пути Орды</title>
</book>
<book>
	<filename>goryunov_andrei/goryunov_andrei_varyazhskii_desant.fb2.zip</filename>
	<title>Горюнов Андрей. Варяжский десант</title>
</book>
<book>
	<filename>gorz_dzhozef/gorz_dzhozef_podyom_zatonuvshih_korablei.fb2.zip</filename>
	<title>Горз Джозеф. Подъём затонувших кораблей</title>
</book>
<book>
	<filename>gote_teofil/gote_teofil_kapitan_frakass.fb2.zip</filename>
	<title>Готье Теофиль. Капитан Фракасс</title>
</book>
<book>
	<filename>goto_myeisyei/goto_myeisyei_muzhchina_kotoryi_vozvratilsya_domoi.fb2.zip</filename>
	<title>Гото Мэйсэй. Мужчина, который возвратился домой</title>
</book>
<book>
	<filename>goudzh_yelizabet/goudzh_yelizabet_gentianskii_holm.fb2.zip</filename>
	<title>Гоудж Элизабет. Гентианский холм</title>
</book>
<book>
	<filename>goudzh_yelizabet/goudzh_yelizabet_malenkaya_belaya_loshadka_v_serebryanom_svete_luny.fb2.zip</filename>
	<title>Гоудж Элизабет. Маленькая белая лошадка в серебряном свете луны</title>
</book>
<book>
	<filename>gouf_lourens/gouf_lourens_akvarium_s_zolotymi_rybkami.fb2.zip</filename>
	<title>Гоуф Лоуренс. Аквариум с золотыми рыбками</title>
</book>
<book>
	<filename>gouf_lourens/gouf_lourens_svobodnoe_padenie.fb2.zip</filename>
	<title>Гоуф Лоуренс. Свободное падение</title>
</book>
<book>
	<filename>govard_robert/govard_robert_almarik.fb2.zip</filename>
	<title>Говард Роберт Ирвин. Альмарик</title>
</book>
<book>
	<filename>govard_robert/govard_robert_altar_i_skorpion.fb2.zip</filename>
	<title>Говард Роберт. Алтарь и скорпион</title>
</book>
<book>
	<filename>govard_robert/govard_robert_alye_kogti.fb2.zip</filename>
	<title>Говард Роберт Эрвин. Алые когти</title>
</book>
<book>
	<filename>govard_robert/govard_robert_bagryanaya_citadel.fb2.zip</filename>
	<title>Говард Роберт Эрвин. Багряная цитадель</title>
</book>
<book>
	<filename>govard_robert/govard_robert_bagryanyi_zhrec.fb2.zip</filename>
	<title>Говард Роберт Эрвин. Багряный жрец</title>
</book>
<book>
	<filename>govard_robert/govard_robert_barabany_tombalku.fb2.zip</filename>
	<title>Говард Роберт Эрвин. Барабаны Томбалку</title>
</book>
<book>
	<filename>govard_robert/govard_robert_bashnya_slona.fb2.zip</filename>
	<title>Говард Роберт Эрвин. Башня слона</title>
</book>
<book>
	<filename>govard_robert/govard_robert_bassein_chernyh_dyavolov.fb2.zip</filename>
	<title>Говард Роберт Эрвин. Бассейн черных дьяволов</title>
</book>
<book>
	<filename>govard_robert/govard_robert_begstvo_iz_atlantidy.fb2.zip</filename>
	<title>Говард Роберт. Бегство из Атлантиды</title>
</book>
<book>
	<filename>govard_robert/govard_robert_beyond_the_black_river.fb2.zip</filename>
	<title>Говард Роберт Ирвин. Beyond the Black River</title>
</book>
<book>
	<filename>govard_robert/govard_robert_bogi_byelsagota.fb2.zip</filename>
	<title>Говард Роберт. Боги Бэл-Сагота</title>
</book>
<book>
	<filename>govard_robert/govard_robert_bogi_severa.fb2.zip</filename>
	<title>Говард Роберт Ирвин. Боги Севера</title>
</book>
<book>
	<filename>govard_robert/govard_robert_bog_zapyatnannyi_krovyu_okrovavlennyi_bog.fb2.zip</filename>
	<title>Говард Роберт Эрвин. Бог, запятнанный кровью («Окровавленный Бог»)</title>
</book>
<book>
	<filename>govard_robert/govard_robert_boi_bez_pravil.fb2.zip</filename>
	<title>Говард Роберт Ирвин. Бой без правил</title>
</book>
<book>
	<filename>govard_robert/govard_robert_brekenridzh_yelkins_i_nalogi.fb2.zip</filename>
	<title>Говард Роберт. Брекенридж Элкинс и налоги</title>
</book>
<book>
	<filename>govard_robert/govard_robert_carstvo_tenei.fb2.zip</filename>
	<title>Говард Роберт. Царство теней</title>
</book>
<book>
	<filename>govard_robert/govard_robert_cherepa_sredi_zvyozd.fb2.zip</filename>
	<title>Говард Роберт. Черепа среди звёзд</title>
</book>
<book>
	<filename>govard_robert/govard_robert_cherep_molchaniya.fb2.zip</filename>
	<title>Говард Роберт. Череп молчания</title>
</book>
<book>
	<filename>govard_robert/govard_robert_chernaya_bezdna_neokonchennoe.fb2.zip</filename>
	<title>Говард Роберт. Черная бездна [неоконченное]</title>
</book>
<book>
	<filename>govard_robert/govard_robert_chernyi_chelovek.fb2.zip</filename>
	<title>Говард Роберт. Черный человек</title>
</book>
<book>
	<filename>govard_robert/govard_robert_chernyi_kamen.fb2.zip</filename>
	<title>Говард Роберт Ирвин. Черный камень</title>
</book>
<book>
	<filename>govard_robert/govard_robert_chernyi_kanaan.fb2.zip</filename>
	<title>Говард Роберт Ирвин. Черный Канаан</title>
</book>
<book>
	<filename>govard_robert/govard_robert_chernyi_koloss.fb2.zip</filename>
	<title>Говард Роберт Эрвин. Черный Колосс</title>
</book>
<book>
	<filename>govard_robert/govard_robert_chervi_zemli.fb2.zip</filename>
	<title>Говард Роберт. Черви Земли</title>
</book>
<book>
	<filename>govard_robert/govard_robert_chest_korablya.fb2.zip</filename>
	<title>Говард Роберт Ирвин. Честь корабля</title>
</book>
<book>
	<filename>govard_robert/govard_robert_delenda_est.fb2.zip</filename>
	<title>Говард Роберт Ирвин. DELENDA EST</title>
</book>
<book>
	<filename>govard_robert/govard_robert_desnica_sudby.fb2.zip</filename>
	<title>Говард Роберт. Десница судьбы</title>
</book>
<book>
	<filename>govard_robert/govard_robert_deti_ashshura.fb2.zip</filename>
	<title>Говард Роберт. Дети Ашшура</title>
</book>
<book>
	<filename>govard_robert/govard_robert_deti_tmy.fb2.zip</filename>
	<title>Говард Роберт Ирвин. Дети тьмы</title>
</book>
<book>
	<filename>govard_robert/govard_robert_doch_ledyanogo_giganta.fb2.zip</filename>
	<title>Говард Роберт Эрвин. Дочь ледяного гиганта</title>
</book>
<book>
	<filename>govard_robert/govard_robert_dolina_chervya.fb2.zip</filename>
	<title>Говард Роберт. Долина червя</title>
</book>
<book>
	<filename>govard_robert/govard_robert_dolina_propavshih_zhenshin.fb2.zip</filename>
	<title>Говард Роберт Эрвин. Долина пропавших женщин</title>
</book>
<book>
	<filename>govard_robert/govard_robert_dolina_sginuvshih.fb2.zip</filename>
	<title>Говард Роберт Ирвин. Долина сгинувших</title>
</book>
<book>
	<filename>govard_robert/govard_robert_dom_okruzhennyi_dubami.fb2.zip</filename>
	<title>Говард Роберт Ирвин. Дом, окруженный дубами</title>
</book>
<book>
	<filename>govard_robert/govard_robert_dom_yereibu.fb2.zip</filename>
	<title>Говард Роберт Ирвин. Дом Эрейбу</title>
</book>
<book>
	<filename>govard_robert/govard_robert_doroga_boyemunda.fb2.zip</filename>
	<title>Говард Роберт Ирвин. Дорога Боэмунда</title>
</book>
<book>
	<filename>govard_robert/govard_robert_doroga_orlov.fb2.zip</filename>
	<title>Говард Роберт Эрвин. Дорога орлов</title>
</book>
<book>
	<filename>govard_robert/govard_robert_doroga_v_azrayel.fb2.zip</filename>
	<title>Говард Роберт Ирвин. Дорога в Азраэль</title>
</book>
<book>
	<filename>govard_robert/govard_robert_dvoe_protiv_tira.fb2.zip</filename>
	<title>Говард Роберт Ирвин. Двое против Тира</title>
</book>
<book>
	<filename>govard_robert/govard_robert_dyavol_iz_zheleza.fb2.zip</filename>
	<title>Говард Роберт Эрвин. Дьявол из железа</title>
</book>
<book>
	<filename>govard_robert/govard_robert_dzhentlmen_s_medvezhei_rechki.fb2.zip</filename>
	<title>Говард Роберт. Джентльмен с Медвежьей Речки</title>
</book>
<book>
	<filename>govard_robert/govard_robert_feniks_na_meche.fb2.zip</filename>
	<title>Говард Роберт Эрвин. Феникс на мече</title>
</book>
<book>
	<filename>govard_robert/govard_robert_fessaliicy.fb2.zip</filename>
	<title>Говард Роберт Ирвин. Фессалийцы</title>
</book>
<book>
	<filename>govard_robert/govard_robert_general_stalnoi_kulak.fb2.zip</filename>
	<title>Говард Роберт Ирвин. Генерал Стальной Кулак</title>
</book>
<book>
	<filename>govard_robert/govard_robert_giboreiskaya_yepoha.fb2.zip</filename>
	<title>Говард Роберт. Гиборейская эпоха</title>
</book>
<book>
	<filename>govard_robert/govard_robert_giena_senekozy.fb2.zip</filename>
	<title>Говард Роберт Ирвин. Гиена Сенекозы</title>
</book>
<book>
	<filename>govard_robert/govard_robert_golos_yellila.fb2.zip</filename>
	<title>Говард Роберт Ирвин. Голос Эль-Лила</title>
</book>
<book>
	<filename>govard_robert/govard_robert_golubi_preispodnei.fb2.zip</filename>
	<title>Говард Роберт. Голуби преисподней</title>
</book>
<book>
	<filename>govard_robert/govard_robert_gonchie_smerti.fb2.zip</filename>
	<title>Говард Роберт Ирвин. Гончие смерти</title>
</book>
<book>
	<filename>govard_robert/govard_robert_grohot_trub.fb2.zip</filename>
	<title>Говард Роберт Ирвин. Грохот труб</title>
</book>
<book>
	<filename>govard_robert/govard_robert_holmy_smerti.fb2.zip</filename>
	<title>Говард Роберт. Холмы смерти</title>
</book>
<book>
	<filename>govard_robert/govard_robert_hozyain_sudby.fb2.zip</filename>
	<title>Говард Роберт Ирвин. Хозяин судьбы</title>
</book>
<book>
	<filename>govard_robert/govard_robert_ispanskoe_zoloto.fb2.zip</filename>
	<title>Говард Роберт Ирвин. Испанское золото</title>
</book>
<book>
	<filename>govard_robert/govard_robert_jewels_of_gwahlur.fb2.zip</filename>
	<title>Говард Роберт Ирвин. Jewels of Gwahlur</title>
</book>
<book>
	<filename>govard_robert/govard_robert_kairn_na_myse.fb2.zip</filename>
	<title>Говард Роберт Ирвин. Каирн на мысе</title>
</book>
<book>
	<filename>govard_robert/govard_robert_kamennoe_serdce.fb2.zip</filename>
	<title>Говард Роберт. Каменное сердце</title>
</book>
<book>
	<filename>govard_robert/govard_robert_kellikoldun.fb2.zip</filename>
	<title>Говард Роберт Ирвин. Келли-Колдун</title>
</book>
<book>
	<filename>govard_robert/govard_robert_kinzhaly_dzhezma.fb2.zip</filename>
	<title>Говард Роберт Эрвин. Кинжалы Джезма</title>
</book>
<book>
	<filename>govard_robert/govard_robert_kitaiskie_zabavy.fb2.zip</filename>
	<title>Говард Роберт Ирвин. Китайские забавы</title>
</book>
<book>
	<filename>govard_robert/govard_robert_klinki_bratstva.fb2.zip</filename>
	<title>Говард Роберт. Клинки братства</title>
</book>
<book>
	<filename>govard_robert/govard_robert_klinki_dlya_francii.fb2.zip</filename>
	<title>Говард Роберт Ирвин. Клинки для Франции</title>
</book>
<book>
	<filename>govard_robert/govard_robert_kogda_voshodit_polnaya_luna.fb2.zip</filename>
	<title>Говард Роберт Ирвин. Когда восходит полная луна</title>
</book>
<book>
	<filename>govard_robert/govard_robert_koldun_i_voin_neokonchennoe.fb2.zip</filename>
	<title>Говард Роберт. Колдун и воин [неоконченное]</title>
</book>
<book>
	<filename>govard_robert/govard_robert_konan_varvar_iz_kimmerii.fb2.zip</filename>
	<title>Говард Роберт Ирвин. Конан, варвар из Киммерии</title>
</book>
<book>
	<filename>govard_robert/govard_robert_kordova_kovboev_ne_zhaluet.fb2.zip</filename>
	<title>Говард Роберт. Кордова ковбоев не жалует</title>
</book>
<book>
	<filename>govard_robert/govard_robert_koroleva_chernogo_poberezhya.fb2.zip</filename>
	<title>Говард Роберт Эрвин. Королева черного побережья</title>
</book>
<book>
	<filename>govard_robert/govard_robert_korolevskaya_sluzhba.fb2.zip</filename>
	<title>Говард Роберт Ирвин. Королевская служба</title>
</book>
<book>
	<filename>govard_robert/govard_robert_koroli_nochi.fb2.zip</filename>
	<title>Говард Роберт. Короли Ночи</title>
</book>
<book>
	<filename>govard_robert/govard_robert_koshka_delkardy.fb2.zip</filename>
	<title>Говард Роберт. Кошка Делькарды</title>
</book>
<book>
	<filename>govard_robert/govard_robert_krai_gde_zahodit_solnce.fb2.zip</filename>
	<title>Говард Роберт Ирвин. Край, где заходит солнце</title>
</book>
<book>
	<filename>govard_robert/govard_robert_krov_bogov.fb2.zip</filename>
	<title>Говард Роберт Ирвин. Кровь богов</title>
</book>
<book>
	<filename>govard_robert/govard_robert_kuda_ushel_sedoi_bog.fb2.zip</filename>
	<title>Говард Роберт. Куда ушел Седой Бог</title>
</book>
<book>
	<filename>govard_robert/govard_robert_kulachnyi_boec.fb2.zip</filename>
	<title>Говард Роберт Ирвин. Кулачный боец</title>
</book>
<book>
	<filename>govard_robert/govard_robert_kupidon_protiv_polluksa.fb2.zip</filename>
	<title>Говард Роберт Ирвин. Купидон против Поллукса</title>
</book>
<book>
	<filename>govard_robert/govard_robert_lal_singh_rycar_vostoka.fb2.zip</filename>
	<title>Говард Роберт Ирвин. Лал Сингх, рыцарь Востока</title>
</book>
<book>
	<filename>govard_robert/govard_robert_lihie_dela_v_krasnom_kuguare.fb2.zip</filename>
	<title>Говард Роберт. Лихие дела в Красном Кугуаре</title>
</book>
<book>
	<filename>govard_robert/govard_robert_luna_cherepov.fb2.zip</filename>
	<title>Говард Роберт. Луна черепов</title>
</book>
<book>
	<filename>govard_robert/govard_robert_luna_zambibve.fb2.zip</filename>
	<title>Говард Роберт Ирвин. Луна Замбибве</title>
</book>
<book>
	<filename>govard_robert/govard_robert_lyudi_chernogo_kruga.fb2.zip</filename>
	<title>Говард Роберт Эрвин. Люди черного круга</title>
</book>
<book>
	<filename>govard_robert/govard_robert_mechi_krasnogo_bratstva.fb2.zip</filename>
	<title>Говард Роберт. Мечи Красного Братства</title>
</book>
<book>
	<filename>govard_robert/govard_robert_mechi_purpurnogo_carstva.fb2.zip</filename>
	<title>Говард Роберт. Мечи Пурпурного Царства</title>
</book>
<book>
	<filename>govard_robert/govard_robert_mechi_severnogo_morya.fb2.zip</filename>
	<title>Говард Роберт. Мечи Северного моря</title>
</book>
<book>
	<filename>govard_robert/govard_robert_mertvye_pomnyat.fb2.zip</filename>
	<title>Говард Роберт Ирвин. Мертвые помнят</title>
</book>
<book>
	<filename>govard_robert/govard_robert_merzkoe_svyatilishe.fb2.zip</filename>
	<title>Говард Роберт. Мерзкое святилище</title>
</book>
<book>
	<filename>govard_robert/govard_robert_mest_chernogo_vulmi.fb2.zip</filename>
	<title>Говард Роберт. Месть Черного Вулми</title>
</book>
<book>
	<filename>govard_robert/govard_robert_mirnyi_strannik.fb2.zip</filename>
	<title>Говард Роберт. Мирный странник</title>
</book>
<book>
	<filename>govard_robert/govard_robert_moryak_kostigan_i_svami.fb2.zip</filename>
	<title>Говард Роберт Ирвин. Моряк Костиган и Свами</title>
</book>
<book>
	<filename>govard_robert/govard_robert_narod_teni.fb2.zip</filename>
	<title>Говард Роберт Ирвин. Народ тени</title>
</book>
<book>
	<filename>govard_robert/govard_robert_neht_samerkend.fb2.zip</filename>
	<title>Говард Роберт Ирвин. Нехт Самеркенд</title>
</book>
<book>
	<filename>govard_robert/govard_robert_ne_roi_mne_mogilu.fb2.zip</filename>
	<title>Говард Роберт Ирвин. Не рой мне могилу</title>
</book>
<book>
	<filename>govard_robert/govard_robert_noch_bitvy.fb2.zip</filename>
	<title>Говард Роберт Ирвин. Ночь битвы</title>
</book>
<book>
	<filename>govard_robert/govard_robert_nochnye_teni_zambuly.fb2.zip</filename>
	<title>Говард Роберт Эрвин. Ночные тени Замбулы</title>
</book>
<book>
	<filename>govard_robert/govard_robert_noch_volka.fb2.zip</filename>
	<title>Говард Роберт Эрвин. Ночь волка</title>
</book>
<book>
	<filename>govard_robert/govard_robert_nozh_pulya_i_petlya.fb2.zip</filename>
	<title>Говард Роберт Ирвин. Нож, пуля и петля</title>
</book>
<book>
	<filename>govard_robert/govard_robert_obitateli_chernogo_poberezhya.fb2.zip</filename>
	<title>Говард Роберт Ирвин. Обитатели Черного побережья</title>
</book>
<book>
	<filename>govard_robert/govard_robert_ostrov_smerti.fb2.zip</filename>
	<title>Говард Роберт Ирвин. Остров смерти</title>
</book>
<book>
	<filename>govard_robert/govard_robert_ot_lyubvi_k_barbare_allen.fb2.zip</filename>
	<title>Говард Роберт Ирвин. От любви к Барбаре Аллен</title>
</book>
<book>
	<filename>govard_robert/govard_robert_ozhivshee_predanie.fb2.zip</filename>
	<title>Говард Роберт. Ожившее предание</title>
</book>
<book>
	<filename>govard_robert/govard_robert_perestuk_kostei.fb2.zip</filename>
	<title>Говард Роберт. Перестук костей</title>
</book>
<book>
	<filename>govard_robert/govard_robert_plamya_ashurbanipala.fb2.zip</filename>
	<title>Говард Роберт Ирвин. Пламя Ашурбанипала</title>
</book>
<book>
	<filename>govard_robert/govard_robert_pod_pologom_krovavyh_tenei.fb2.zip</filename>
	<title>Говард Роберт. Под пологом кровавых теней</title>
</book>
<book>
	<filename>govard_robert/govard_robert_podruga_smerti.fb2.zip</filename>
	<title>Говард Роберт Ирвин. Подруга смерти</title>
</book>
<book>
	<filename>govard_robert/govard_robert_pogibel_dyeimoda.fb2.zip</filename>
	<title>Говард Роберт Ирвин. Погибель Дэймода</title>
</book>
<book>
	<filename>govard_robert/govard_robert_poka_klubilsya_dym.fb2.zip</filename>
	<title>Говард Роберт. Пока клубился дым</title>
</book>
<book>
	<filename>govard_robert/govard_robert_polzushaya_ten.fb2.zip</filename>
	<title>Говард Роберт Эрвин. Ползущая тень</title>
</book>
<book>
	<filename>govard_robert/govard_robert_po_pravilam_akuly.fb2.zip</filename>
	<title>Говард Роберт Ирвин. По правилам Акулы</title>
</book>
<book>
	<filename>govard_robert/govard_robert_poslednyaya_pesn_kazonetto.fb2.zip</filename>
	<title>Говард Роберт Ирвин. Последняя песнь Казонетто</title>
</book>
<book>
	<filename>govard_robert/govard_robert_povelitel_kolca.fb2.zip</filename>
	<title>Говард Роберт Ирвин. Повелитель кольца</title>
</book>
<book>
	<filename>govard_robert/govard_robert_povelitel_samarkanda.fb2.zip</filename>
	<title>Говард Роберт Ирвин. Повелитель Самарканда</title>
</book>
<book>
	<filename>govard_robert/govard_robert_poyavlenie_yel_boraka.fb2.zip</filename>
	<title>Говард Роберт Ирвин. Появление Эль Борака</title>
</book>
<book>
	<filename>govard_robert/govard_robert_predrassvetnye_vsadniki_neokonchennoe.fb2.zip</filename>
	<title>Говард Роберт. Предрассветные всадники [неоконченное]</title>
</book>
<book>
	<filename>govard_robert/govard_robert_prishelec_iz_tmy.fb2.zip</filename>
	<title>Говард Роберт Ирвин. Пришелец из Тьмы</title>
</book>
<book>
	<filename>govard_robert/govard_robert_proklyatie_zolotogo_cherepa.fb2.zip</filename>
	<title>Говард Роберт. Проклятие золотого черепа</title>
</book>
<book>
	<filename>govard_robert/govard_robert_rasskaz_hoda_hana.fb2.zip</filename>
	<title>Говард Роберт Ирвин. Рассказ Хода Хана</title>
</book>
<book>
	<filename>govard_robert/govard_robert_rasskaz_o_kolce_radzhi.fb2.zip</filename>
	<title>Говард Роберт Ирвин. Рассказ о кольце раджи</title>
</book>
<book>
	<filename>govard_robert/govard_robert_razbitye_kulaki.fb2.zip</filename>
	<title>Говард Роберт Ирвин. Разбитые кулаки</title>
</book>
<book>
	<filename>govard_robert/govard_robert_razmyshleniya_slaboumnogo.fb2.zip</filename>
	<title>Говард Роберт Ирвин. Размышления слабоумного</title>
</book>
<book>
	<filename>govard_robert/govard_robert_red_nails.fb2.zip</filename>
	<title>Говард Роберт Ирвин. Red Nails</title>
</book>
<book>
	<filename>govard_robert/govard_robert_rozhdayushie_grom.fb2.zip</filename>
	<title>Говард Роберт Ирвин. Рождающие гром</title>
</book>
<book>
	<filename>govard_robert/govard_robert_ruka_nergala.fb2.zip</filename>
	<title>Говард Роберт Эрвин. Рука Нергала</title>
</book>
<book>
	<filename>govard_robert/govard_robert_rylo_vo_tme.fb2.zip</filename>
	<title>Говард Роберт Эрвин. Рыло во тьме</title>
</book>
<book>
	<filename>govard_robert/govard_robert_sad_uzhasa.fb2.zip</filename>
	<title>Говард Роберт Ирвин. Сад ужаса</title>
</book>
<book>
	<filename>govard_robert/govard_robert_serdce_starogo_garfilda.fb2.zip</filename>
	<title>Говард Роберт Ирвин. Сердце старого Гарфилда</title>
</book>
<book>
	<filename>govard_robert/govard_robert_serenada_zhevanogo_uha.fb2.zip</filename>
	<title>Говард Роберт. Серенада Жеваного Уха</title>
</book>
<book>
	<filename>govard_robert/govard_robert_shestvuyushii_iz_valgally.fb2.zip</filename>
	<title>Говард Роберт. Шествующий из Валгаллы</title>
</book>
<book>
	<filename>govard_robert/govard_robert_sim_toporom_ya_budu_pravit.fb2.zip</filename>
	<title>Говард Роберт. Сим топором я буду править!</title>
</book>
<book>
	<filename>govard_robert/govard_robert_sled_gunna.fb2.zip</filename>
	<title>Говард Роберт Ирвин. След гунна</title>
</book>
<book>
	<filename>govard_robert/govard_robert_sokrovisha_tranikosa.fb2.zip</filename>
	<title>Говард Роберт Эрвин. Сокровища Траникоса</title>
</book>
<book>
	<filename>govard_robert/govard_robert_strana_kinzhalov.fb2.zip</filename>
	<title>Говард Роберт Ирвин. Страна кинжалов</title>
</book>
<book>
	<filename>govard_robert/govard_robert_syn_belogo_volka.fb2.zip</filename>
	<title>Говард Роберт Ирвин. Сын белого волка</title>
</book>
<book>
	<filename>govard_robert/govard_robert_teni_v_lunnom_svete.fb2.zip</filename>
	<title>Говард Роберт Эрвин. Тени в лунном свете</title>
</book>
<book>
	<filename>govard_robert/govard_robert_ten_valgary.fb2.zip</filename>
	<title>Говард Роберт Ирвин. Тень Вальгары</title>
</book>
<book>
	<filename>govard_robert/govard_robert_ten_zverya.fb2.zip</filename>
	<title>Говард Роберт Ирвин. Тень Зверя</title>
</book>
<book>
	<filename>govard_robert/govard_robert_tigry_morei.fb2.zip</filename>
	<title>Говард Роберт. Тигры морей</title>
</book>
<book>
	<filename>govard_robert/govard_robert_tvar_na_kryshe.fb2.zip</filename>
	<title>Говард Роберт Ирвин. Тварь на крыше</title>
</book>
<book>
	<filename>govard_robert/govard_robert_tvoi_shkolnye_dni.fb2.zip</filename>
	<title>Говард Роберт Ирвин. Твои школьные дни</title>
</book>
<book>
	<filename>govard_robert/govard_robert_udar_gonga.fb2.zip</filename>
	<title>Говард Роберт. Удар гонга</title>
</book>
<book>
	<filename>govard_robert/govard_robert_uzhas_iz_kurgana.fb2.zip</filename>
	<title>Говард Роберт Ирвин. Ужас из кургана</title>
</book>
<book>
	<filename>govard_robert/govard_robert_uzhas_piramidy.fb2.zip</filename>
	<title>Говард Роберт. Ужас пирамиды</title>
</book>
<book>
	<filename>govard_robert/govard_robert_valuziya_sbornik_stihov.fb2.zip</filename>
	<title>Говард Роберт. Валузия (сборник стихов)</title>
</book>
<book>
	<filename>govard_robert/govard_robert_velikodushie_nastoyashego_muzhchiny.fb2.zip</filename>
	<title>Говард Роберт Ирвин. Великодушие настоящего мужчины</title>
</book>
<book>
	<filename>govard_robert/govard_robert_verootstupniki.fb2.zip</filename>
	<title>Говард Роберт Ирвин. Вероотступники</title>
</book>
<book>
	<filename>govard_robert/govard_robert_vikingi_v_boicovskih_perchatkah.fb2.zip</filename>
	<title>Говард Роберт Ирвин. Викинги в бойцовских перчатках</title>
</book>
<book>
	<filename>govard_robert/govard_robert_v_lesu_villefyer.fb2.zip</filename>
	<title>Говард Роберт Ирвин. В лесу Виллефэр</title>
</book>
<book>
	<filename>govard_robert/govard_robert_voin_snegov.fb2.zip</filename>
	<title>Говард Роберт. Воин снегов</title>
</book>
<book>
	<filename>govard_robert/govard_robert_voitelnica.fb2.zip</filename>
	<title>Говард Роберт Ирвин. Воительница</title>
</book>
<book>
	<filename>govard_robert/govard_robert_volki_po_tu_storonu_granicy.fb2.zip</filename>
	<title>Говард Роберт Эрвин. Волки по ту сторону границы</title>
</book>
<book>
	<filename>govard_robert/govard_robert_vrata_imperii.fb2.zip</filename>
	<title>Говард Роберт Ирвин. Врата империи</title>
</book>
<book>
	<filename>govard_robert/govard_robert_v_zale_mertvecov.fb2.zip</filename>
	<title>Говард Роберт Эрвин. В зале мертвецов</title>
</book>
<book>
	<filename>govard_robert/govard_robert_yastreb_basti.fb2.zip</filename>
	<title>Говард Роберт. Ястреб Басти</title>
</book>
<book>
	<filename>govard_robert/govard_robert_yastreby_nad_egiptom.fb2.zip</filename>
	<title>Говард Роберт Ирвин. Ястребы над Египтом</title>
</book>
<book>
	<filename>govard_robert/govard_robert_yastreby_nad_shemom.fb2.zip</filename>
	<title>Говард Роберт Эрвин. Ястребы над Шемом</title>
</book>
<book>
	<filename>govard_robert/govard_robert_yazychnik.fb2.zip</filename>
	<title>Говард Роберт Ирвин. Язычник</title>
</book>
<book>
	<filename>govard_robert/govard_robert_yeksperiment_dzhona_starka.fb2.zip</filename>
	<title>Говард Роберт Ирвин. Эксперимент Джона Старка</title>
</book>
<book>
	<filename>govard_robert/govard_robert_yelkinsy_ne_sdayutsya.fb2.zip</filename>
	<title>Говард Роберт. Элкинсы не сдаются</title>
</book>
<book>
	<filename>govard_robert/govard_robert_za_chernoi_rekoi.fb2.zip</filename>
	<title>Говард Роберт Эрвин. За черной рекой</title>
</book>
<book>
	<filename>govard_robert/govard_robert_zamok_dyavola.fb2.zip</filename>
	<title>Говард Роберт. Замок дьявола</title>
</book>
<book>
	<filename>govard_robert/govard_robert_zerkala_tuzun_tuna.fb2.zip</filename>
	<title>Говард Роберт. Зеркала Тузун Туна</title>
</book>
<book>
	<filename>govard_robert/govard_robert_zheleznyi_voin.fb2.zip</filename>
	<title>Говард Роберт Ирвин. Железный воин</title>
</book>
<book>
	<filename>govard_robert/govard_robert_zhivushie_pod_usypalnicami.fb2.zip</filename>
	<title>Говард Роберт Ирвин. Живущие под усыпальницами</title>
</book>
<book>
	<filename>govard_robert/govard_robert_zmeya_iz_nochnogo_koshmara.fb2.zip</filename>
	<title>Говард Роберт Ирвин. Змея из ночного кошмара</title>
</book>
<book>
	<filename>govard_robert/govard_robert_znak_vedmy.fb2.zip</filename>
	<title>Говард Роберт Эрвин. Знак ведьмы</title>
</book>
<book>
	<filename>govard_robert/govard_robert_zoloto_pustyni.fb2.zip</filename>
	<title>Говард Роберт Ирвин. Золото пустыни</title>
</book>
<book>
	<filename>govard_robert/govard_robert_zver_iz_bezdny.fb2.zip</filename>
	<title>Говард Роберт Ирвин. Зверь из бездны</title>
</book>

</books>

