<?xml version="1.0" encoding="UTF-8" ?>
<books>

<book>
	<filename>govorov_aleksandr/govorov_aleksandr_poslednie_karolingi.fb2.zip</filename>
	<title>Говоров Александр. Последние Каролинги</title>
</book>
<book>
	<filename>govorov_aleksandr/govorov_aleksandr_sanktpeterburgskie_kunstkamery.fb2.zip</filename>
	<title>Говоров Александр Алексеевич. Санктпетербургские кунсткамеры</title>
</book>
<book>
	<filename>govorov_aleksandr/govorov_aleksandr_vizantiiskaya_tma.fb2.zip</filename>
	<title>Говоров Александр. Византийская тьма</title>
</book>
<book>
	<filename>govorov_aleksandr/govorov_aleksandr_zhizn_i_dela_vasiliya_kiprianova_carskogo_bibliotekariusa_sceny_iz_moskovskoi_zhizni_1716_goda.fb2.zip</filename>
	<title>Говоров Александр Алексеевич. Жизнь и дела Василия Киприанова, царского библиотекариуса: Сцены из московской жизни 1716 года</title>
</book>
<book>
	<filename>grabb_dzheff/grabb_dzheff_krestovyi_pohod_liberti.fb2.zip</filename>
	<title>Грабб Джефф. Крестовый поход Либерти</title>
</book>
<book>
	<filename>grabb_dzheff/grabb_dzheff_poslednii_strazh.fb2.zip</filename>
	<title>Грабб Джефф. Последний Страж</title>
</book>
<book>
	<filename>grabb_dzheff/grabb_dzheff_voina_bratev.fb2.zip</filename>
	<title>Грабб Джефф. Война Братьев</title>
</book>
<book>
	<filename>grachev_andrei/grachev_andrei_gorbachev.fb2.zip</filename>
	<title>Грачев Андрей. Горбачев</title>
</book>
<book>
	<filename>grackii_vyacheslav/grackii_vyacheslav_citadel.fb2.zip</filename>
	<title>Грацкий Вячеслав. Цитадель</title>
</book>
<book>
	<filename>grackii_vyacheslav/grackii_vyacheslav_razlom.fb2.zip</filename>
	<title>Грацкий Вячеслав. Разлом</title>
</book>
<book>
	<filename>grackii_vyacheslav/grackii_vyacheslav_sedmoi.fb2.zip</filename>
	<title>Грацкий Вячеслав. Седьмой</title>
</book>
<book>
	<filename>grackii_vyacheslav/grackii_vyacheslav_serdce_angela.fb2.zip</filename>
	<title>Грацкий Вячеслав. Сердце ангела</title>
</book>
<book>
	<filename>grackii_vyacheslav/grackii_vyacheslav_zagovor_drevnih.fb2.zip</filename>
	<title>Грацкий Вячеслав. Заговор Древних</title>
</book>
<book>
	<filename>gradinar_dmitrii/gradinar_dmitrii_chuzhoe_oruzhie.fb2.zip</filename>
	<title>Градинар Дмитрий. Чужое оружие</title>
</book>
<book>
	<filename>gradinar_dmitrii/gradinar_dmitrii_raspravlyaya_krylya.fb2.zip</filename>
	<title>Градинар Дмитрий. Расправляя крылья</title>
</book>
<book>
	<filename>gradinar_dmitrii/gradinar_dmitrii_seryi_priliv.fb2.zip</filename>
	<title>Градинар Дмитрий. Серый прилив</title>
</book>
<book>
	<filename>grafton_syu/grafton_syu_a_znachit_alibi.fb2.zip</filename>
	<title>Графтон Сью. "А" — значит алиби</title>
</book>
<book>
	<filename>grafton_syu/grafton_syu_k_znachit_kara.fb2.zip</filename>
	<title>Графтон Сью. «К» – значит кара</title>
</book>
<book>
	<filename>grafton_syu/grafton_syu_n_znachit_nevinoven.fb2.zip</filename>
	<title>Графтон Сью. «Н» – значит невиновен</title>
</book>
<book>
	<filename>grafton_syu/grafton_syu_u_znachit_ubiica.fb2.zip</filename>
	<title>Графтон Сью. «У» – значит убийца</title>
</book>
<book>
	<filename>graf_yurgen/graf_yurgen_mif_o_holokoste.fb2.zip</filename>
	<title>Граф Юрген. Миф о Холокосте</title>
</book>
<book>
	<filename>graf_yurgen/graf_yurgen_velikaya_lozh_xx_veka.fb2.zip</filename>
	<title>Граф Юрген. Великая ложь XX века</title>
</book>
<book>
	<filename>graf_yurgen/graf_yurgen_velikaya_lozh_xx_veka_s_dopolnitelnymi_illyustraciyami.fb2.zip</filename>
	<title>Граф Юрген. Великая ложь XX века (с дополнительными иллюстрациями)</title>
</book>
<book>
	<filename>graham_paul/graham_paul_hackers_and_painters_big_ideas_from_the_computer_age.fb2.zip</filename>
	<title>Graham Paul. Hackers and Painters: Big Ideas from the Computer Age</title>
</book>
<book>
	<filename>grais_dzhuliya/grais_dzhuliya_dikie_rozy.fb2.zip</filename>
	<title>Грайс Джулия. Дикие розы</title>
</book>
<book>
	<filename>grais_dzhuliya/grais_dzhuliya_izumrudnoe_plamya.fb2.zip</filename>
	<title>Грайс Джулия. Изумрудное пламя</title>
</book>
<book>
	<filename>grais_dzhuliya/grais_dzhuliya_lyubovnyi_ogon.fb2.zip</filename>
	<title>Грайс Джулия. Любовный огонь</title>
</book>
<book>
	<filename>grais_dzhuliya/grais_dzhuliya_nezhnye_obyatiya.fb2.zip</filename>
	<title>Грайс Джулия. Нежные объятия</title>
</book>
<book>
	<filename>grais_dzhuliya/grais_dzhuliya_svet_tvoih_glaz.fb2.zip</filename>
	<title>Грайс Джулия. Свет твоих глаз</title>
</book>
<book>
	<filename>grais_dzhuliya/grais_dzhuliya_voshititelnye_nochi.fb2.zip</filename>
	<title>Грайс Джулия. Восхитительные ночи</title>
</book>
<book>
	<filename>grai_tatyana/grai_tatyana_chuzhie_sny.fb2.zip</filename>
	<title>Грай Татьяна. Чужие сны</title>
</book>
<book>
	<filename>grai_tatyana/grai_tatyana_sait_faraona.fb2.zip</filename>
	<title>Грай Татьяна. Сайт фараона</title>
</book>
<book>
	<filename>grai_tatyana/grai_tatyana_tahiona.fb2.zip</filename>
	<title>Грай Татьяна. Тахиона</title>
</book>
<book>
	<filename>gramshi_antonio/gramshi_antonio_iskusstvo_i_politika.fb2.zip</filename>
	<title>Грамши Антонио. Искусство и политика</title>
</book>
<book>
	<filename>gramshi_antonio/gramshi_antonio_tyuremnye_tetradi_izbrannoe.fb2.zip</filename>
	<title>Грамши Антонио. Тюремные Тетради (избранное)</title>
</book>
<book>
	<filename>granin_daniil/granin_daniil_chuzhoi_dnevnik.fb2.zip</filename>
	<title>Гранин Даниил. Чужой дневник</title>
</book>
<book>
	<filename>granin_daniil/granin_daniil_dom_na_fontanke.fb2.zip</filename>
	<title>Гранин Даниил. Дом на Фонтанке</title>
</book>
<book>
	<filename>granin_daniil/granin_daniil_dozhd_v_chuzhom_gorode.fb2.zip</filename>
	<title>Гранин Даниил. Дождь в чужом городе</title>
</book>
<book>
	<filename>granin_daniil/granin_daniil_eshe_zameten_sled.fb2.zip</filename>
	<title>Гранин Даниил. Еще заметен след</title>
</book>
<book>
	<filename>granin_daniil/granin_daniil_idu_na_grozu.fb2.zip</filename>
	<title>Гранин Даниил. Иду на грозу</title>
</book>
<book>
	<filename>granin_daniil/granin_daniil_kartina.fb2.zip</filename>
	<title>Гранин Даниил. Картина</title>
</book>
<book>
	<filename>granin_daniil/granin_daniil_klavdiya_vilor.fb2.zip</filename>
	<title>Гранин Даниил. Клавдия Вилор</title>
</book>
<book>
	<filename>granin_daniil/granin_daniil_molodaya_voina.fb2.zip</filename>
	<title>Гранин Даниил. Молодая война</title>
</book>
<book>
	<filename>granin_daniil/granin_daniil_nash_kombat.fb2.zip</filename>
	<title>Гранин Даниил. Наш комбат</title>
</book>
<book>
	<filename>granin_daniil/granin_daniil_plennye.fb2.zip</filename>
	<title>Гранин Даниил. Пленные</title>
</book>
<book>
	<filename>granin_daniil/granin_daniil_prekrasnaya_uta.fb2.zip</filename>
	<title>Гранин Даниил. Прекрасная Ута</title>
</book>
<book>
	<filename>granin_daniil/granin_daniil_ty_vzveshen_na_vesah.fb2.zip</filename>
	<title>Гранин Даниил. Ты взвешен на весах...</title>
</book>
<book>
	<filename>granin_daniil/granin_daniil_yeta_strannaya_zhizn.fb2.zip</filename>
	<title>Гранин Даниил. Эта странная жизнь</title>
</book>
<book>
	<filename>granin_daniil/granin_daniil_zapretnaya_glava.fb2.zip</filename>
	<title>Гранин Даниил. Запретная глава</title>
</book>
<book>
	<filename>granin_daniil/granin_daniil_zubr.fb2.zip</filename>
	<title>Гранин Даниил. Зубр</title>
</book>
<book>
	<filename>granstrem_ye/granstrem_ye_dva_geroya.fb2.zip</filename>
	<title>Гранстрем Э. Два героя</title>
</book>
<book>
	<filename>grant_anna/grant_anna_ogon_zhelaniya.fb2.zip</filename>
	<title>Грант Анна. Огонь желания</title>
</book>
<book>
	<filename>grant_charlz/grant_charlz_gobliny.fb2.zip</filename>
	<title>Грант Чарльз. Гоблины</title>
</book>
<book>
	<filename>grant_charlz/grant_charlz_krovavyi_veter.fb2.zip</filename>
	<title>Грант Чарльз. Кровавый ветер</title>
</book>
<book>
	<filename>grant_laura/grant_laura_izumrudnoe_plamya.fb2.zip</filename>
	<title>Грант Лаура. Изумрудное пламя</title>
</book>
<book>
	<filename>grant_laura/grant_laura_venec_zhelanii.fb2.zip</filename>
	<title>Грант Лаура. Венец желаний</title>
</book>
<book>
	<filename>grant_linda/grant_linda_vse_eshe_zdes.fb2.zip</filename>
	<title>Грант Линда. Все еще здесь</title>
</book>
<book>
	<filename>grant_maikl/grant_maikl_irod_velikii_dvulikii_pravitel_iudei.fb2.zip</filename>
	<title>Грант Майкл. Ирод Великий. Двуликий правитель Иудеи</title>
</book>
<book>
	<filename>grant_maikl/grant_maikl_kleopatra_poslednyaya_iz_ptolemeev.fb2.zip</filename>
	<title>Грант Майкл. Клеопатра. Последняя Из Птолемеев</title>
</book>
<book>
	<filename>grant_maikl/grant_maikl_neron_vladyka_zemnogo_ada.fb2.zip</filename>
	<title>Грант Майкл. Нерон. Владыка Земного Ада</title>
</book>
<book>
	<filename>grant_vanessa/grant_vanessa_rokovoe_pari.fb2.zip</filename>
	<title>Грант Ванесса. Роковое пари</title>
</book>
<book>
	<filename>granzhe_zhankristof/granzhe_zhankristof_bratstvo_kamnya.fb2.zip</filename>
	<title>Гранже Жан-Кристоф. Братство камня</title>
</book>
<book>
	<filename>granzhe_zhankristof/granzhe_zhankristof_chernaya_liniya.fb2.zip</filename>
	<title>Гранже Жан-Кристоф. Черная линия</title>
</book>
<book>
	<filename>granzhe_zhankristof/granzhe_zhankristof_imperiya_volkov.fb2.zip</filename>
	<title>Гранже Жан-Кристоф. Империя волков</title>
</book>
<book>
	<filename>granzhe_zhankristof/granzhe_zhankristof_polet_aistov.fb2.zip</filename>
	<title>Гранже Жан-Кристоф. Полет аистов</title>
</book>
<book>
	<filename>granzhe_zhankristof/granzhe_zhankristof_prisyagnuvshie_tme.fb2.zip</filename>
	<title>Гранже Жан-Кристоф. Присягнувшие тьме</title>
</book>
<book>
	<filename>granzhe_zhankristof/granzhe_zhankristof_purpurnye_reki.fb2.zip</filename>
	<title>Гранже Жан-Кристоф. Пурпурные реки</title>
</book>
<book>
	<filename>grasian_baltasar/grasian_baltasar_karmannyi_orakul.fb2.zip</filename>
	<title>Грасиан Бальтасар. Карманный оракул</title>
</book>
<book>
	<filename>grasian_baltasar/grasian_baltasar_kritikon.fb2.zip</filename>
	<title>Грасиан Бальтасар. Критикон</title>
</book>
<book>
	<filename>grass_gyunter/grass_gyunter_moe_stoletie.fb2.zip</filename>
	<title>Грасс Гюнтер. Мое столетие</title>
</book>
<book>
	<filename>grass_gyunter/grass_gyunter_pod_mestnym_narkozom.fb2.zip</filename>
	<title>Грасс Гюнтер. Под местным наркозом</title>
</book>
<book>
	<filename>grass_gyunter/grass_gyunter_sobachi_gody.fb2.zip</filename>
	<title>Грасс Гюнтер. Собачьи годы</title>
</book>
<book>
	<filename>grass_gyunter/grass_gyunter_traektoriya_kraba.fb2.zip</filename>
	<title>Грасс Гюнтер. Траектория краба</title>
</book>
<book>
	<filename>grasso_patriciya/grasso_patriciya_chuzhestranka_v_gareme.fb2.zip</filename>
	<title>Грассо Патриция. Чужестранка в гареме</title>
</book>
<book>
	<filename>grasso_patriciya/grasso_patriciya_fialki_na_snegu.fb2.zip</filename>
	<title>Грассо Патриция. Фиалки на снегу</title>
</book>
<book>
	<filename>grasso_patriciya/grasso_patriciya_garem.fb2.zip</filename>
	<title>Грассо Патриция. Гарем</title>
</book>
<book>
	<filename>grasso_patriciya/grasso_patriciya_gorec_i_ledi.fb2.zip</filename>
	<title>Грассо Патриция. Горец и леди</title>
</book>
<book>
	<filename>grasso_patriciya/grasso_patriciya_irlandskaya_roza.fb2.zip</filename>
	<title>Грассо Патриция. Ирландская роза</title>
</book>
<book>
	<filename>grasso_patriciya/grasso_patriciya_moi_milyi_angel.fb2.zip</filename>
	<title>Грассо Патриция. Мой милый ангел</title>
</book>
<book>
	<filename>grasso_patriciya/grasso_patriciya_obolshenie_angela.fb2.zip</filename>
	<title>Грассо Патриция. Обольщение ангела</title>
</book>
<book>
	<filename>grasso_patriciya/grasso_patriciya_obolshenie_angela_serdce_angela.fb2.zip</filename>
	<title>Грассо Патриция. Обольщение ангела (Сердце ангела)</title>
</book>
<book>
	<filename>grasso_patriciya/grasso_patriciya_vo_vlasti_soblazna.fb2.zip</filename>
	<title>Грассо Патриция. Во власти соблазна</title>
</book>
<book>
	<filename>grasso_patriciya/grasso_patriciya_vygodnyi_zhenih.fb2.zip</filename>
	<title>Грассо Патриция. Выгодный жених</title>
</book>
<book>
	<filename>grasso_patriciya/grasso_patriciya_zhelanie_moego_serdca.fb2.zip</filename>
	<title>Грассо Патриция. Желание моего сердца</title>
</book>
<book>
	<filename>grasso_patriciya/grasso_patriciya_zhelanie_moego_serdca_sokrovennoe_zhelanie.fb2.zip</filename>
	<title>Грассо Патриция. Желание моего сердца (Сокровенное желание)</title>
</book>
<book>
	<filename>gravickii_aleksei/gravickii_aleksei_otdat_dushu.fb2.zip</filename>
	<title>Гравицкий Алексей. Отдать душу</title>
</book>
<book>
	<filename>graziunas_diana/graziunas_diana_istreblenie_hishnikov.fb2.zip</filename>
	<title>Гразиунас Диана. Истребление хищников</title>
</book>
<book>
	<filename>grebenshikov_boris/grebenshikov_boris_ivan_i_danilo.fb2.zip</filename>
	<title>Гребенщиков Борис. Иван и Данило</title>
</book>
<book>
	<filename>gregg_yelizabet/gregg_yelizabet_angel_mesti.fb2.zip</filename>
	<title>Грегг Элизабет. Ангел мести</title>
</book>
<book>
	<filename>gregg_yelizabet/gregg_yelizabet_lunnye_grezy.fb2.zip</filename>
	<title>Грегг Элизабет. Лунные грезы</title>
</book>
<book>
	<filename>gregg_yelizabet/gregg_yelizabet_opasnyi_maskarad.fb2.zip</filename>
	<title>Грегг Элизабет. Опасный маскарад</title>
</book>
<book>
	<filename>gregori_dzhil/gregori_dzhil_doch_volshebnika.fb2.zip</filename>
	<title>Грегори Джил. Дочь волшебника</title>
</book>
<book>
	<filename>gregori_dzhil/gregori_dzhil_dolgo_i_schastlivo.fb2.zip</filename>
	<title>Грегори Джил. Долго и счастливо</title>
</book>
<book>
	<filename>gregori_dzhil/gregori_dzhil_holodnaya_noch_pylkii_vlyublennyi.fb2.zip</filename>
	<title>Грегори Джил. Холодная ночь, пылкий влюбленный</title>
</book>
<book>
	<filename>gregori_dzhil/gregori_dzhil_imenno_v_yetot_raz.fb2.zip</filename>
	<title>Грегори Джил. Именно в этот раз</title>
</book>
<book>
	<filename>gregori_dzhil/gregori_dzhil_k_dalnim_beregam.fb2.zip</filename>
	<title>Грегори Джил. К дальним берегам</title>
</book>
<book>
	<filename>gregori_dzhil/gregori_dzhil_kogda_serdce_manit.fb2.zip</filename>
	<title>Грегори Джил. Когда сердце манит</title>
</book>
<book>
	<filename>gregori_dzhil/gregori_dzhil_lunnoe_navazhdenie.fb2.zip</filename>
	<title>Грегори Джил. Лунное наваждение</title>
</book>
<book>
	<filename>gregori_dzhil/gregori_dzhil_lyubimaya.fb2.zip</filename>
	<title>Грегори Джил. Любимая</title>
</book>
<book>
	<filename>gregori_dzhil/gregori_dzhil_margaritki_na_vetru.fb2.zip</filename>
	<title>Грегори Джил. Маргаритки на ветру</title>
</book>
<book>
	<filename>gregori_dzhil/gregori_dzhil_moya_dolgozhdannaya_lyubov.fb2.zip</filename>
	<title>Грегори Джил. Моя долгожданная любовь</title>
</book>
<book>
	<filename>gregori_dzhil/gregori_dzhil_nepokornoe_serdce.fb2.zip</filename>
	<title>Грегори Джил. Непокорное сердце</title>
</book>
<book>
	<filename>gregori_dzhil/gregori_dzhil_otvazhnyi_geroi_nezhnye_pocelui.fb2.zip</filename>
	<title>Грегори Джил. Отважный герой, нежные поцелуи</title>
</book>
<book>
	<filename>gregori_dzhil/gregori_dzhil_pobeshai_mne_rassvet.fb2.zip</filename>
	<title>Грегори Джил. Побещай мне рассвет</title>
</book>
<book>
	<filename>gregori_dzhil/gregori_dzhil_poimat_upavshuyu_zvezdu.fb2.zip</filename>
	<title>Грегори Джил. Поймать упавшую звезду</title>
</book>
<book>
	<filename>gregori_dzhil/gregori_dzhil_roza_i_mech.fb2.zip</filename>
	<title>Грегори Джил. Роза и Меч</title>
</book>
<book>
	<filename>gregori_dzhil/gregori_dzhil_sladkaya_muka_lyubvi.fb2.zip</filename>
	<title>Грегори Джил. Сладкая мука любви</title>
</book>
<book>
	<filename>gregori_dzhil/gregori_dzhil_ukroshennaya_strast.fb2.zip</filename>
	<title>Грегори Джил. Укрощенная страсть</title>
</book>
<book>
	<filename>gregori_dzhil/gregori_dzhil_v_ozhidanii_schastya.fb2.zip</filename>
	<title>Грегори Джил. В ожидании счастья</title>
</book>
<book>
	<filename>gregori_dzhil/gregori_dzhil_vsegda_ty.fb2.zip</filename>
	<title>Грегори Джил. Всегда ты</title>
</book>
<book>
	<filename>gregori_filippa/gregori_filippa_privilegirovannoe_ditya.fb2.zip</filename>
	<title>Грегори Филиппа. Привилегированное дитя</title>
</book>
<book>
	<filename>gregori_filippa/gregori_filippa_vaidekr.fb2.zip</filename>
	<title>Грегори Филиппа. Вайдекр</title>
</book>
<book>
	<filename>gregori_kei/gregori_kei_muzhchina_naprokat.fb2.zip</filename>
	<title>Грегори Кей. Мужчина напрокат</title>
</book>
<book>
	<filename>grei_alasder/grei_alasder_bednyeneschastnye.fb2.zip</filename>
	<title>Грей Аласдер. Бедные-несчастные</title>
</book>
<book>
	<filename>grei_alasder/grei_alasder_poblizhe_k_mashinistu.fb2.zip</filename>
	<title>Грей Аласдер. Поближе к машинисту</title>
</book>
<book>
	<filename>grei_alasder/grei_alasder_pyat_pisem_iz_vostochnoi_imperii.fb2.zip</filename>
	<title>Грей Аласдер. Пять Писем из восточной империи</title>
</book>
<book>
	<filename>grei_ameliya/grei_ameliya_kapelka_skandala.fb2.zip</filename>
	<title>Грей Амелия. Капелька скандала</title>
</book>
<book>
	<filename>grei_ameliya/grei_ameliya_namek_na_soblaznenie.fb2.zip</filename>
	<title>Грей Амелия. Намек на соблазнение</title>
</book>
<book>
	<filename>grei_ameliya/grei_ameliya_nedotroga.fb2.zip</filename>
	<title>Грей Амелия. Недотрога</title>
</book>
<book>
	<filename>greidi_dzheims/greidi_dzheims_grom.fb2.zip</filename>
	<title>Грейди Джеймс. Гром</title>
</book>
<book>
	<filename>greidi_dzheims/greidi_dzheims_reka_tmy.fb2.zip</filename>
	<title>Грейди Джеймс. Река тьмы</title>
</book>
<book>
	<filename>greidi_dzheims/greidi_dzheims_shest_dnei_kondora.fb2.zip</filename>
	<title>Грейди Джеймс. Шесть дней Кондора</title>
</book>
<book>
	<filename>grei_dolli/grei_dolli_dozhdis_priliva.fb2.zip</filename>
	<title>Грей Долли. Дождись прилива</title>
</book>
<book>
	<filename>grei_dolli/grei_dolli_grezy_lyubvi.fb2.zip</filename>
	<title>Грей Долли. Грезы любви</title>
</book>
<book>
	<filename>grei_dolli/grei_dolli_lyubov_po_zaveshaniyu.fb2.zip</filename>
	<title>Грей Долли. Любовь по завещанию</title>
</book>
<book>
	<filename>grei_dolli/grei_dolli_net_zhizni_bez_tebya.fb2.zip</filename>
	<title>Грей Долли. Нет жизни без тебя</title>
</book>
<book>
	<filename>grei_dolli/grei_dolli_sokrovisha_stounberri.fb2.zip</filename>
	<title>Грей Долли. Сокровища Стоунберри</title>
</book>
<book>
	<filename>greig_olga/greig_olga_sekretnaya_antarktida_ili_russkaya_razvedka_na_yuzhnom_polyuse.fb2.zip</filename>
	<title>Грейгъ Ольга Ивановна. Секретная Антарктида, или Русская разведка на Южном Полюсе</title>
</book>
<book>
	<filename>grei_hyerri/grei_hyerri_odnazhdy_v_amerike.fb2.zip</filename>
	<title>Грей Хэрри. Однажды в Америке</title>
</book>
<book>
	<filename>grei_kaila/grei_kaila_chary_plennicy.fb2.zip</filename>
	<title>Грей Кайла. Чары пленницы</title>
</book>
<book>
	<filename>grei_kaila/grei_kaila_obzhigayushii_pocelui.fb2.zip</filename>
	<title>Грей Кайла. Обжигающий поцелуй</title>
</book>
<book>
	<filename>grei_len/grei_len_klassnyi_voditel.fb2.zip</filename>
	<title>Грей Лен. Классный водитель</title>
</book>
<book>
	<filename>greil_kyetrin/greil_kyetrin_istinnaya_ledi.fb2.zip</filename>
	<title>Грейл Кэтрин. Истинная леди</title>
</book>
<book>
	<filename>grei_maikl/grei_maikl_komnata_uzhasov_2.fb2.zip</filename>
	<title>Грей Майкл. Комната ужасов – 2</title>
</book>
<book>
	<filename>grei_maikl/grei_maikl_komnata_uzhasov.fb2.zip</filename>
	<title>Грей Майкл. Комната ужасов</title>
</book>
<book>
	<filename>grei_maikl/grei_maikl_niti_smerti.fb2.zip</filename>
	<title>Грей Майкл. Нити смерти</title>
</book>
<book>
	<filename>greisi_anna/greisi_anna_bespechnyi_povesa.fb2.zip</filename>
	<title>Грейси Анна. Беспечный повеса</title>
</book>
<book>
	<filename>greisi_anna/greisi_anna_idealnyi_pocelui.fb2.zip</filename>
	<title>Грейси Анна. Идеальный поцелуй</title>
</book>
<book>
	<filename>greisi_anna/greisi_anna_spasennaya_reputaciya.fb2.zip</filename>
	<title>Грейси Анна. Спасенная репутация</title>
</book>
<book>
	<filename>greis_kyerol/greis_kyerol_naslednica_goryachih_klyuchei.fb2.zip</filename>
	<title>Грейс Кэрол. Наследница Горячих Ключей</title>
</book>
<book>
	<filename>greis_kyerol/greis_kyerol_nikakogo_riska.fb2.zip</filename>
	<title>Грейс Кэрол. Никакого риска!</title>
</book>
<book>
	<filename>greis_kyerol/greis_kyerol_v_obyatiyah_bossa.fb2.zip</filename>
	<title>Грейс Кэрол. В объятиях босса</title>
</book>
<book>
	<filename>greis_kyerol/greis_kyerol_yablochnyi_bal.fb2.zip</filename>
	<title>Грейс Кэрол. Яблочный бал</title>
</book>
<book>
	<filename>greis_syuzen/greis_syuzen_ledisudba.fb2.zip</filename>
	<title>Грейс Сьюзен. Леди-судьба</title>
</book>
<book>
	<filename>greis_syuzen/greis_syuzen_nevesta_iz_kalkutty.fb2.zip</filename>
	<title>Грейс Сьюзен. Невеста из Калькутты</title>
</book>
<book>
	<filename>greis_syuzen/greis_syuzen_prokaznica.fb2.zip</filename>
	<title>Грейс Сьюзен. Проказница</title>
</book>
<book>
	<filename>grei_syuzanna/grei_syuzanna_volshebstvo_gor.fb2.zip</filename>
	<title>Грей Сюзанна. Волшебство гор</title>
</book>
<book>
	<filename>grei_yebbi/grei_yebbi_obayatelnyi_angel.fb2.zip</filename>
	<title>Грей Эбби. Обаятельный ангел</title>
</book>
<book>
	<filename>grei_yebbi/grei_yebbi_v_yetot_raz_navsegda.fb2.zip</filename>
	<title>Грей Эбби. В этот раз – навсегда</title>
</book>
<book>
	<filename>grei_zein/grei_zein_klan_arizony.fb2.zip</filename>
	<title>Грей Зейн. Клан Аризоны</title>
</book>
<book>
	<filename>grei_zein/grei_zein_ohotnik_za_kauchukom.fb2.zip</filename>
	<title>Грей Зейн. Охотник за каучуком</title>
</book>
<book>
	<filename>grei_zein/grei_zein_pogranichnyi_legion_dr_perevod.fb2.zip</filename>
	<title>Грей Зейн. Пограничный легион (др. перевод)</title>
</book>
<book>
	<filename>grei_zein/grei_zein_pogranichnyi_legion.fb2.zip</filename>
	<title>Грeй Зейн. Пограничный легион</title>
</book>
<book>
	<filename>grei_zein/grei_zein_tehasskii_reindzher.fb2.zip</filename>
	<title>Грей Зейн. Техасский рейнджер</title>
</book>
<book>
	<filename>grei_zein/grei_zein_velikii_rab.fb2.zip</filename>
	<title>Грей Зейн. Великий раб</title>
</book>
<book>
	<filename>grei_zein/grei_zein_v_preriyah_tehasa.fb2.zip</filename>
	<title>Грей Зейн. В прериях Техаса</title>
</book>
<book>
	<filename>grei_zein/grei_zein_yakvi.fb2.zip</filename>
	<title>Грей Зейн. Якви</title>
</book>
<book>
	<filename>grekova_i/grekova_i_hozyaika_gostinicy.fb2.zip</filename>
	<title>Грекова И. Хозяйка гостиницы</title>
</book>
<book>
	<filename>grekova_i/grekova_i_kafedra.fb2.zip</filename>
	<title>Грекова И. Кафедра</title>
</book>
<book>
	<filename>grekova_irina/grekova_irina_kafedra.fb2.zip</filename>
	<title>Грекова Ирина. Кафедра</title>
</book>
<book>
	<filename>grekov_i/grekov_i_i_stolyar_i_plotnik.fb2.zip</filename>
	<title>Греков И. Д. И столяр, и плотник</title>
</book>
<book>
	<filename>gressman_tomas/gressman_tomas_moment_istiny.fb2.zip</filename>
	<title>Грессман Томас. Момент истины</title>
</book>
<book>
	<filename>gressman_tomas/gressman_tomas_sumerki_klanov3_ohotniki.fb2.zip</filename>
	<title>Грессман Томас. Сумерки Кланов-3: Охотники</title>
</book>
<book>
	<filename>gressman_tomas/gressman_tomas_sumerki_klanov6_teni_voiny.fb2.zip</filename>
	<title>Грессман Томас. Сумерки Кланов-6: Тени войны</title>
</book>
<book>
	<filename>gressmen_tomas/gressmen_tomas_moment_istiny.fb2.zip</filename>
	<title>Грессмен Томас. Момент истины</title>
</book>
<book>
	<filename>gressmen_tomas/gressmen_tomas_sumerki_klanov3_ohotniki.fb2.zip</filename>
	<title>Грессмен Томас. Сумерки Кланов-3: Охотники</title>
</book>
<book>
	<filename>gressmen_tomas/gressmen_tomas_sumerki_klanov6_teni_voiny.fb2.zip</filename>
	<title>Грессмен Томас. Сумерки Кланов-6: Тени войны</title>
</book>
<book>
	<filename>gretcki_uolter/gretcki_uolter_uyein_gretcki.fb2.zip</filename>
	<title>Гретцки Уолтер. Уэйн Гретцки</title>
</book>
<book>
	<filename>gribanov_boris/gribanov_boris_elizaveta_i_koroleva_anglii.fb2.zip</filename>
	<title>Грибанов Борис Тимофеевич. Елизавета I, королева Англии</title>
</book>
<book>
	<filename>griboedov_a/griboedov_a_gore_ot_uma.fb2.zip</filename>
	<title>Грибоедов А. С. Горе от ума</title>
</book>
<book>
	<filename>griboedov_aleksandr/griboedov_aleksandr_gore_ot_uma.fb2.zip</filename>
	<title>Грибоедов Александр Сергеевич. Горе от ума</title>
</book>
<book>
	<filename>gribov_dmitrii/gribov_dmitrii_voina_v_igre_divide_and_conquer.fb2.zip</filename>
	<title>Грибов Дмитрий Петрович. Война в игре Divide and Conquer</title>
</book>
<book>
	<filename>griffin_polin/griffin_polin_nadezhda_sokola.fb2.zip</filename>
	<title>Гриффин Полин. Надежда Сокола</title>
</book>
<book>
	<filename>griffin_polin/griffin_polin_podcherknuto_zvezdami.fb2.zip</filename>
	<title>Гриффин Полин. Подчеркнуто звездами</title>
</book>
<book>
	<filename>griffit_roslin/griffit_roslin_koldunya.fb2.zip</filename>
	<title>Гриффит Рослин. Колдунья</title>
</book>
<book>
	<filename>griffit_roslin/griffit_roslin_pticelov.fb2.zip</filename>
	<title>Гриффит Рослин. Птицелов</title>
</book>
<book>
	<filename>griffits_yella/griffits_yella_neizvestnyi_partner.fb2.zip</filename>
	<title>Гриффитс Элла. Неизвестный партнер</title>
</book>
<book>
	<filename>grig_kristin/grig_kristin_bokal_shampanskogo.fb2.zip</filename>
	<title>Григ Кристин. Бокал шампанского</title>
</book>
<book>
	<filename>grig_kristin/grig_kristin_brachnyi_ultimatum.fb2.zip</filename>
	<title>Григ Кристин. Брачный ультиматум</title>
</book>
<book>
	<filename>grig_kristin/grig_kristin_edinstvennyi_otvet.fb2.zip</filename>
	<title>Григ Кристин. Единственный ответ</title>
</book>
<book>
	<filename>grig_kristin/grig_kristin_feeriya_strasti.fb2.zip</filename>
	<title>Григ Кристин. Феерия страсти</title>
</book>
<book>
	<filename>grig_kristin/grig_kristin_naiti_sebya.fb2.zip</filename>
	<title>Григ Кристин. Найти себя</title>
</book>
<book>
	<filename>grig_kristin/grig_kristin_opravdannyi_risk_okovy_schastya.fb2.zip</filename>
	<title>Григ Кристин. Оправданный риск [Оковы счастья]</title>
</book>
<book>
	<filename>grig_kristin/grig_kristin_radi_nashei_lyubvi.fb2.zip</filename>
	<title>Григ Кристин. Ради нашей любви</title>
</book>
<book>
	<filename>grig_kristin/grig_kristin_revnivyi_opekun.fb2.zip</filename>
	<title>Григ Кристин. Ревнивый опекун</title>
</book>
<book>
	<filename>grig_kristin/grig_kristin_sblizhenie_planet.fb2.zip</filename>
	<title>Григ Кристин. Сближение планет</title>
</book>
<book>
	<filename>grig_kristin/grig_kristin_serdce_vne_igry.fb2.zip</filename>
	<title>Григ Кристин. Сердце вне игры</title>
</book>
<book>
	<filename>grig_kristin/grig_kristin_ty_moe_tvorenie.fb2.zip</filename>
	<title>Григ Кристин. Ты мое творение</title>
</book>
<book>
	<filename>grig_kristin/grig_kristin_ty_tolko_moi.fb2.zip</filename>
	<title>Григ Кристин. Ты только мой...</title>
</book>
<book>
	<filename>grig_kristin/grig_kristin_vino_lyubvi.fb2.zip</filename>
	<title>Григ Кристин. Вино любви</title>
</book>
<book>
	<filename>grig_kristin/grig_kristin_zhenskaya_sushnost.fb2.zip</filename>
	<title>Григ Кристин. Женская сущность</title>
</book>
<book>
	<filename>grigorenko_petr/grigorenko_petr_v_podpole_mozhno_vstretit_tolko_krys.fb2.zip</filename>
	<title>Григоренко Петр. В подполье можно встретить только крыс…</title>
</book>
<book>
	<filename>grigoreva_olga/grigoreva_olga_berserk.fb2.zip</filename>
	<title>Григорьева Ольга. Берсерк</title>
</book>
<book>
	<filename>grigoreva_olga/grigoreva_olga_koldun.fb2.zip</filename>
	<title>Григорьева Ольга. Колдун</title>
</book>
<book>
	<filename>grigoreva_olga/grigoreva_olga_ladoga.fb2.zip</filename>
	<title>Григорьева Ольга. Ладога</title>
</book>
<book>
	<filename>grigoreva_olga/grigoreva_olga_naidena.fb2.zip</filename>
	<title>Григорьева Ольга. Найдена</title>
</book>
<book>
	<filename>grigoreva_olga/grigoreva_olga_staya.fb2.zip</filename>
	<title>Григорьева Ольга. Стая</title>
</book>
<book>
	<filename>grigoreva_tatyana/grigoreva_tatyana_yaponskaya_hudozhestvennaya_tradiciya.fb2.zip</filename>
	<title>Григорьева Татьяна Петровна. Японская художественная традиция</title>
</book>
<book>
	<filename>grigorev_boris/grigorev_boris_skandinaviya_s_chernogo_hoda_zapiski_razvedchika_ot_sereznogo_do_kureznogo.fb2.zip</filename>
	<title>Григорьев Борис Николаевич. Скандинавия с черного хода. Записки разведчика: от серьезного до курьезного</title>
</book>
<book>
	<filename>grigorev_oleg/grigorev_oleg_huliganskie_stihi.fb2.zip</filename>
	<title>Григорьев Олег. Хулиганские стихи</title>
</book>
<book>
	<filename>grigorovich_dmitrii/grigorovich_dmitrii_antongoremyka.fb2.zip</filename>
	<title>Григорович Дмитрий Васильевич. Антон-Горемыка</title>
</book>
<book>
	<filename>grigorovich_dmitrii/grigorovich_dmitrii_bobyl.fb2.zip</filename>
	<title>Григорович Дмитрий Васильевич. Бобыль</title>
</book>
<book>
	<filename>grigorovich_dmitrii/grigorovich_dmitrii_guttaperchevyi_malchik.fb2.zip</filename>
	<title>Григорович Дмитрий Васильевич. Гуттаперчевый мальчик</title>
</book>
<book>
	<filename>grigorovich_dmitrii/grigorovich_dmitrii_karerist.fb2.zip</filename>
	<title>Григорович Дмитрий Васильевич. Карьерист</title>
</book>
<book>
	<filename>grigorovich_dmitrii/grigorovich_dmitrii_koshka_i_myshka.fb2.zip</filename>
	<title>Григорович Дмитрий Васильевич. Кошка и мышка</title>
</book>
<book>
	<filename>grigorovich_dmitrii/grigorovich_dmitrii_pahar.fb2.zip</filename>
	<title>Григорович Дмитрий Васильевич. Пахарь</title>
</book>
<book>
	<filename>grigorovich_dmitrii/grigorovich_dmitrii_peterburgskie_sharmanshiki.fb2.zip</filename>
	<title>Григорович Дмитрий Васильевич. Петербургские шарманщики</title>
</book>
<book>
	<filename>grilei_andre/grilei_andre_poslednyaya_planeta.fb2.zip</filename>
	<title>Грилей Андре. Последняя планета</title>
</book>
<book>
	<filename>grimal_per/grimal_per_seneka.fb2.zip</filename>
	<title>Грималь Пьер. Сенека</title>
</book>
<book>
	<filename>grimich_marina/grimich_marina_varfolomijeva_nich.fb2.zip</filename>
	<title>Гримич Марина. Варфоломієва ніч</title>
</book>
<book>
	<filename>grimm_bratya/grimm_bratya_babushka_metelica.fb2.zip</filename>
	<title>Гримм братья. Бабушка Метелица</title>
</book>
<book>
	<filename>grimm_bratya/grimm_bratya_bremenskie_muzykanty.fb2.zip</filename>
	<title>Гримм братья. Бременские музыканты</title>
</book>
<book>
	<filename>grimm_bratya/grimm_bratya_gorshochek_kashi.fb2.zip</filename>
	<title>Гримм братья. Горшочек каши</title>
</book>
<book>
	<filename>grimm_bratya/grimm_bratya_hrabryi_portnoi.fb2.zip</filename>
	<title>Гримм братья. Храбрый портной</title>
</book>
<book>
	<filename>grimm_bratya/grimm_bratya_lisa_i_gusi.fb2.zip</filename>
	<title>Гримм братья. Лиса и гуси</title>
</book>
<book>
	<filename>grimm_bratya/grimm_bratya_malenkie_chelovechki.fb2.zip</filename>
	<title>Гримм братья. Маленькие человечки</title>
</book>
<book>
	<filename>grimm_bratya/grimm_bratya_molodoi_velikan.fb2.zip</filename>
	<title>Гримм братья. Молодой великан</title>
</book>
<book>
	<filename>grimm_bratya/grimm_bratya_solominka_ugol_i_bob.fb2.zip</filename>
	<title>Гримм братья. Соломинка, уголь и боб</title>
</book>
<book>
	<filename>grimm_bratya/grimm_bratya_zayac_i_yozh.fb2.zip</filename>
	<title>Гримм братья. Заяц и ёж</title>
</book>
<book>
	<filename>grimmelsgauzen_gans_yakob/grimmelsgauzen_gans_yakob_simplicissimus.fb2.zip</filename>
	<title>Гриммельсгаузен Ганс Якоб Кристоф. Симплициссимус</title>
</book>
<book>
	<filename>grimm_the_brothers/grimm_the_brothers_grimms_fairy_tales.fb2.zip</filename>
	<title>Grimm The Brothers. Grimms' Fairy Tales</title>
</book>
<book>
	<filename>grimm_yakob/grimm_yakob_babushka_metelica.fb2.zip</filename>
	<title>Гримм Якоб и Вильгельм. Бабушка Метелица</title>
</book>
<book>
	<filename>grimm_yakob/grimm_yakob_babushka_vyuga.fb2.zip</filename>
	<title>Гримм Якоб и Вильгельм. Бабушка Вьюга</title>
</book>
<book>
	<filename>grimm_yakob/grimm_yakob_belaya_zmeya.fb2.zip</filename>
	<title>Гримм Якоб и Вильгельм. Белая змея</title>
</book>
<book>
	<filename>grimm_yakob/grimm_yakob_belosnezhka_i_krasnozorka.fb2.zip</filename>
	<title>Гримм Якоб и Вильгельм. Белоснежка и Краснозорька</title>
</book>
<book>
	<filename>grimm_yakob/grimm_yakob_belosnezhka_i_sem_gnomov.fb2.zip</filename>
	<title>Гримм Якоб и Вильгельм. Белоснежка и семь гномов</title>
</book>
<book>
	<filename>grimm_yakob/grimm_yakob_bremenskie_muzykanty.fb2.zip</filename>
	<title>Гримм Якоб и Вильгельм. Бременские музыканты</title>
</book>
<book>
	<filename>grimm_yakob/grimm_yakob_druzhba_koshki_i_myshki.fb2.zip</filename>
	<title>Гримм Якоб и Вильгельм. Дружба кошки и мышки</title>
</book>
<book>
	<filename>grimm_yakob/grimm_yakob_gorshochek_kashi.fb2.zip</filename>
	<title>Гримм Якоб и Вильгельм. Горшочек каши</title>
</book>
<book>
	<filename>grimm_yakob/grimm_yakob_grimms_fairy_tales.fb2.zip</filename>
	<title>Гримм Якоб и Вильгельм. Grimms' Fairy Tales</title>
</book>
<book>
	<filename>grimm_yakob/grimm_yakob_hrabryi_portnoi.fb2.zip</filename>
	<title>Гримм Якоб и Вильгельм. Храбрый портной</title>
</book>
<book>
	<filename>grimm_yakob/grimm_yakob_korol_drozdoborod.fb2.zip</filename>
	<title>Гримм Якоб и Вильгельм. Король Дроздобород</title>
</book>
<book>
	<filename>grimm_yakob/grimm_yakob_korollyagushonok_ili_zheleznyi_genrih.fb2.zip</filename>
	<title>Гримм Якоб и Вильгельм. Король-лягушонок или Железный Генрих</title>
</book>
<book>
	<filename>grimm_yakob/grimm_yakob_korolyok.fb2.zip</filename>
	<title>Гримм Якоб и Вильгельм. Королёк</title>
</book>
<book>
	<filename>grimm_yakob/grimm_yakob_lenivyi_geinc.fb2.zip</filename>
	<title>Гримм Якоб и Вильгельм. Ленивый Гейнц</title>
</book>
<book>
	<filename>grimm_yakob/grimm_yakob_lisa_i_gusi.fb2.zip</filename>
	<title>Гримм Якоб и Вильгельм. Лиса и гуси</title>
</book>
<book>
	<filename>grimm_yakob/grimm_yakob_lis_i_gospozha_kuma.fb2.zip</filename>
	<title>Гримм Якоб и Вильгельм. Лис и госпожа кума</title>
</book>
<book>
	<filename>grimm_yakob/grimm_yakob_lis_i_koshka.fb2.zip</filename>
	<title>Гримм Якоб и Вильгельм. Лис и кошка</title>
</book>
<book>
	<filename>grimm_yakob/grimm_yakob_lis_i_loshad.fb2.zip</filename>
	<title>Гримм Якоб и Вильгельм. Лис и лошадь</title>
</book>
<book>
	<filename>grimm_yakob/grimm_yakob_malchikspalchik.fb2.zip</filename>
	<title>Гримм Якоб и Вильгельм. Мальчик-с-пальчик</title>
</book>
<book>
	<filename>grimm_yakob/grimm_yakob_malenkie_chelovechki.fb2.zip</filename>
	<title>Гримм Якоб и Вильгельм. Маленькие человечки</title>
</book>
<book>
	<filename>grimm_yakob/grimm_yakob_molodoi_velikan.fb2.zip</filename>
	<title>Гримм Якоб и Вильгельм. Молодой великан</title>
</book>
<book>
	<filename>grimm_yakob/grimm_yakob_pyos_i_vorobei.fb2.zip</filename>
	<title>Гримм Якоб и Вильгельм. Пёс и воробей</title>
</book>
<book>
	<filename>grimm_yakob/grimm_yakob_semero_hrabrecov.fb2.zip</filename>
	<title>Гримм Якоб и Вильгельм. Семеро храбрецов</title>
</book>
<book>
	<filename>grimm_yakob/grimm_yakob_skazki.fb2.zip</filename>
	<title>Гримм Якоб и Вильгельм. Сказки</title>
</book>
<book>
	<filename>grimm_yakob/grimm_yakob_solominka_ugol_i_bob.fb2.zip</filename>
	<title>Гримм Якоб и Вильгельм. Соломинка, уголь и боб</title>
</book>
<book>
	<filename>grimm_yakob/grimm_yakob_sova.fb2.zip</filename>
	<title>Гримм Якоб и Вильгельм. Сова</title>
</book>
<book>
	<filename>grimm_yakob/grimm_yakob_svadba_gospozhi_lisicy.fb2.zip</filename>
	<title>Гримм Якоб и Вильгельм. Свадьба госпожи лисицы</title>
</book>
<book>
	<filename>grimm_yakob/grimm_yakob_tri_brata.fb2.zip</filename>
	<title>Гримм Якоб и Вильгельм. Три брата</title>
</book>
<book>
	<filename>grimm_yakob/grimm_yakob_tri_schastlivca.fb2.zip</filename>
	<title>Гримм Якоб и Вильгельм. Три счастливца</title>
</book>
<book>
	<filename>grimm_yakob/grimm_yakob_umnaya_yelza.fb2.zip</filename>
	<title>Гримм Якоб и Вильгельм. Умная Эльза</title>
</book>
<book>
	<filename>grimm_yakob/grimm_yakob_volk_i_lis.fb2.zip</filename>
	<title>Гримм Якоб и Вильгельм. Волк и лис</title>
</book>
<book>
	<filename>grimm_yakob/grimm_yakob_volk_i_semero_kozlyat.fb2.zip</filename>
	<title>Гримм Якоб и Вильгельм. Волк и семеро козлят</title>
</book>
<book>
	<filename>grimm_yakob/grimm_yakob_yazyk_zverei.fb2.zip</filename>
	<title>Гримм Якоб и Вильгельм. Язык зверей</title>
</book>
<book>
	<filename>grimm_yakob/grimm_yakob_zayac_i_yozh.fb2.zip</filename>
	<title>Гримм Якоб и Вильгельм. Заяц и ёж</title>
</book>

</books>

