<?xml version="1.0" encoding="UTF-8" ?>
<books>
<book>
	<filename>grin_aleksandr/grin_aleksandr_alye_parusa.fb2.zip</filename>
	<title>Грин Александр Степанович. Алые паруса</title>
</book>
<book>
	<filename>grin_aleksandr/grin_aleksandr_apelsiny.fb2.zip</filename>
	<title>Грин Александр Степанович. Апельсины</title>
</book>
<book>
	<filename>grin_aleksandr/grin_aleksandr_barhatnaya_portera.fb2.zip</filename>
	<title>Грин Александр Степанович. Бархатная портьера</title>
</book>
<book>
	<filename>grin_aleksandr/grin_aleksandr_barka_na_zelenom_kanale.fb2.zip</filename>
	<title>Грин Александр Степанович. Барка на Зеленом канале</title>
</book>
<book>
	<filename>grin_aleksandr/grin_aleksandr_batalist_shuan.fb2.zip</filename>
	<title>Грин Александр Степанович. Баталист Шуан</title>
</book>
<book>
	<filename>grin_aleksandr/grin_aleksandr_begushaya_po_volnam.fb2.zip</filename>
	<title>Грин Александр. Бегущая по волнам</title>
</book>
<book>
	<filename>grin_aleksandr/grin_aleksandr_belyi_ogon.fb2.zip</filename>
	<title>Грин Александр Степанович. Белый огонь</title>
</book>
<book>
	<filename>grin_aleksandr/grin_aleksandr_belyi_shar.fb2.zip</filename>
	<title>Грин Александр Степанович. Белый шар</title>
</book>
<book>
	<filename>grin_aleksandr/grin_aleksandr_beznogii.fb2.zip</filename>
	<title>Грин Александр Степанович. Безногий</title>
</book>
<book>
	<filename>grin_aleksandr/grin_aleksandr_blistayushii_mir.fb2.zip</filename>
	<title>Грин Александр Степанович. Блистающий мир</title>
</book>
<book>
	<filename>grin_aleksandr/grin_aleksandr_bochka_presnoi_vody.fb2.zip</filename>
	<title>Грин Александр. Бочка пресной воды</title>
</book>
<book>
	<filename>grin_aleksandr/grin_aleksandr_borba_so_smertyu.fb2.zip</filename>
	<title>Грин Александр Степанович. Борьба со смертью</title>
</book>
<book>
	<filename>grin_aleksandr/grin_aleksandr_brak_avgusta_yesborna.fb2.zip</filename>
	<title>Грин Александр Степанович. Брак Августа Эсборна</title>
</book>
<book>
	<filename>grin_aleksandr/grin_aleksandr_brodyaga_i_nachalnik_tyurmy.fb2.zip</filename>
	<title>Грин Александр Степанович. Бродяга и начальник тюрьмы</title>
</book>
<book>
	<filename>grin_aleksandr/grin_aleksandr_chelovek_kotoryi_plachet.fb2.zip</filename>
	<title>Грин Александр Степанович. Человек, который плачет</title>
</book>
<book>
	<filename>grin_aleksandr/grin_aleksandr_chelovek_s_chelovekom.fb2.zip</filename>
	<title>Грин Александр. Человек с человеком</title>
</book>
<book>
	<filename>grin_aleksandr/grin_aleksandr_chetvertyi_za_vseh.fb2.zip</filename>
	<title>Грин Александр Степанович. Четвертый за всех</title>
</book>
<book>
	<filename>grin_aleksandr/grin_aleksandr_chetyrnadcat_futov.fb2.zip</filename>
	<title>Грин Александр Степанович. Четырнадцать футов</title>
</book>
<book>
	<filename>grin_aleksandr/grin_aleksandr_chuzhaya_vina.fb2.zip</filename>
	<title>Грин Александр Степанович. Чужая вина</title>
</book>
<book>
	<filename>grin_aleksandr/grin_aleksandr_ciklon_v_ravnine_dozhdei.fb2.zip</filename>
	<title>Грин Александр Степанович. Циклон в Равнине Дождей</title>
</book>
<book>
	<filename>grin_aleksandr/grin_aleksandr_dalekii_put.fb2.zip</filename>
	<title>Грин Александр Степанович. Далекий путь</title>
</book>
<book>
	<filename>grin_aleksandr/grin_aleksandr_dikaya_melnica.fb2.zip</filename>
	<title>Грин Александр Степанович. Дикая мельница</title>
</book>
<book>
	<filename>grin_aleksandr/grin_aleksandr_doroga_nikuda.fb2.zip</filename>
	<title>Грин Александр. Дорога никуда</title>
</book>
<book>
	<filename>grin_aleksandr/grin_aleksandr_doroga_v_nikuda.fb2.zip</filename>
	<title>Грин Александр Степанович. Дорога в никуда</title>
</book>
<book>
	<filename>grin_aleksandr/grin_aleksandr_dva_obeshaniya.fb2.zip</filename>
	<title>Грин Александр Степанович. Два обещания</title>
</book>
<book>
	<filename>grin_aleksandr/grin_aleksandr_dyavol_oranzhevyh_vod.fb2.zip</filename>
	<title>Грин Александр Степанович. Дьявол Оранжевых Вод</title>
</book>
<book>
	<filename>grin_aleksandr/grin_aleksandr_dzhessi_i_morgiana.fb2.zip</filename>
	<title>Грин Александр Степанович. Джесси и Моргиана</title>
</book>
<book>
	<filename>grin_aleksandr/grin_aleksandr_eroshka.fb2.zip</filename>
	<title>Грин Александр Степанович. Ерошка</title>
</book>
<book>
	<filename>grin_aleksandr/grin_aleksandr_gatt_vitt_i_redott.fb2.zip</filename>
	<title>Грин Александр Степанович. Гатт, Витт и Редотт</title>
</book>
<book>
	<filename>grin_aleksandr/grin_aleksandr_genialnyi_igrok.fb2.zip</filename>
	<title>Грин Александр Степанович. Гениальный игрок</title>
</book>
<book>
	<filename>grin_aleksandr/grin_aleksandr_gladiatory.fb2.zip</filename>
	<title>Грин Александр Степанович. Гладиаторы</title>
</book>
<book>
	<filename>grin_aleksandr/grin_aleksandr_gluhaya_tropa.fb2.zip</filename>
	<title>Грин Александр Степанович. Глухая тропа</title>
</book>
<book>
	<filename>grin_aleksandr/grin_aleksandr_gnev_otca.fb2.zip</filename>
	<title>Грин Александр Степанович. Гнев отца</title>
</book>
<book>
	<filename>grin_aleksandr/grin_aleksandr_golos_sireny.fb2.zip</filename>
	<title>Грин Александр Степанович. Голос сирены</title>
</book>
<book>
	<filename>grin_aleksandr/grin_aleksandr_gost.fb2.zip</filename>
	<title>Грин Александр Степанович. Гость</title>
</book>
<book>
	<filename>grin_aleksandr/grin_aleksandr_granka_i_ego_syn.fb2.zip</filename>
	<title>Грин Александр Степанович. Гранька и его сын</title>
</book>
<book>
	<filename>grin_aleksandr/grin_aleksandr_igrushka.fb2.zip</filename>
	<title>Грин Александр Степанович. Игрушка</title>
</book>
<book>
	<filename>grin_aleksandr/grin_aleksandr_igrushki.fb2.zip</filename>
	<title>Грин Александр Степанович. Игрушки</title>
</book>
<book>
	<filename>grin_aleksandr/grin_aleksandr_imenie_honsa.fb2.zip</filename>
	<title>Грин Александр Степанович. Имение Хонса</title>
</book>
<book>
	<filename>grin_aleksandr/grin_aleksandr_iskatel_priklyuchenii.fb2.zip</filename>
	<title>Грин Александр Степанович. Искатель приключений</title>
</book>
<book>
	<filename>grin_aleksandr/grin_aleksandr_istoriya_odnogo_ubiistva.fb2.zip</filename>
	<title>Грин Александр Степанович. История одного убийства</title>
</book>
<book>
	<filename>grin_aleksandr/grin_aleksandr_istoriya_taurena.fb2.zip</filename>
	<title>Грин Александр Степанович. История Таурена</title>
</book>
<book>
	<filename>grin_aleksandr/grin_aleksandr_istrebitel.fb2.zip</filename>
	<title>Грин Александр Степанович. Истребитель</title>
</book>
<book>
	<filename>grin_aleksandr/grin_aleksandr_iva.fb2.zip</filename>
	<title>Грин Александр Степанович. Ива</title>
</book>
<book>
	<filename>grin_aleksandr/grin_aleksandr_izmena.fb2.zip</filename>
	<title>Грин Александр Степанович. Измена</title>
</book>
<book>
	<filename>grin_aleksandr/grin_aleksandr_kak_by_tam_ni_bylo.fb2.zip</filename>
	<title>Грин Александр Степанович. Как бы там ни было</title>
</book>
<book>
	<filename>grin_aleksandr/grin_aleksandr_kak_ya_umiral_na_yekrane.fb2.zip</filename>
	<title>Грин Александр Степанович. Как я умирал на экране</title>
</book>
<book>
	<filename>grin_aleksandr/grin_aleksandr_kanat.fb2.zip</filename>
	<title>Грин Александр Степанович. Канат</title>
</book>
<book>
	<filename>grin_aleksandr/grin_aleksandr_kapitan_dyuk.fb2.zip</filename>
	<title>Грин Александр Степанович. Капитан Дюк</title>
</book>
<book>
	<filename>grin_aleksandr/grin_aleksandr_karantin.fb2.zip</filename>
	<title>Грин Александр Степанович. Карантин</title>
</book>
<book>
	<filename>grin_aleksandr/grin_aleksandr_kirpich_i_muzyka.fb2.zip</filename>
	<title>Грин Александр Степанович. Кирпич и музыка</title>
</book>
<book>
	<filename>grin_aleksandr/grin_aleksandr_klubnyi_arap.fb2.zip</filename>
	<title>Грин Александр Степанович. Клубный арап</title>
</book>
<book>
	<filename>grin_aleksandr/grin_aleksandr_koloniya_lanfier.fb2.zip</filename>
	<title>Грин Александр Степанович. Колония Ланфиер</title>
</book>
<book>
	<filename>grin_aleksandr/grin_aleksandr_komendant_porta.fb2.zip</filename>
	<title>Грин Александр Степанович. Комендант порта</title>
</book>
<book>
	<filename>grin_aleksandr/grin_aleksandr_korabli_v_lisse.fb2.zip</filename>
	<title>Грин Александр Степанович. Корабли в Лиссе</title>
</book>
<book>
	<filename>grin_aleksandr/grin_aleksandr_koshmar.fb2.zip</filename>
	<title>Грин Александр Степанович. Кошмар</title>
</book>
<book>
	<filename>grin_aleksandr/grin_aleksandr_kseniya_turpanova.fb2.zip</filename>
	<title>Грин Александр Степанович. Ксения Турпанова</title>
</book>
<book>
	<filename>grin_aleksandr/grin_aleksandr_lebed.fb2.zip</filename>
	<title>Грин Александр Степанович. Лебедь</title>
</book>
<book>
	<filename>grin_aleksandr/grin_aleksandr_legenda_o_fergyusone.fb2.zip</filename>
	<title>Грин Александр Степанович. Легенда о Фергюсоне</title>
</book>
<book>
	<filename>grin_aleksandr/grin_aleksandr_lesnaya_drama.fb2.zip</filename>
	<title>Грин Александр Степанович. Лесная драма</title>
</book>
<book>
	<filename>grin_aleksandr/grin_aleksandr_lichnyi_priem.fb2.zip</filename>
	<title>Грин Александр Степанович. Личный прием</title>
</book>
<book>
	<filename>grin_aleksandr/grin_aleksandr_loshadinaya_golova.fb2.zip</filename>
	<title>Грин Александр Степанович. Лошадиная голова</title>
</book>
<book>
	<filename>grin_aleksandr/grin_aleksandr_lunnyi_svet.fb2.zip</filename>
	<title>Грин Александр Степанович. Лунный свет</title>
</book>
<book>
	<filename>grin_aleksandr/grin_aleksandr_luzha_borodatoi_svini.fb2.zip</filename>
	<title>Грин Александр Степанович. Лужа бородатой свиньи</title>
</book>
<book>
	<filename>grin_aleksandr/grin_aleksandr_lvinyi_udar.fb2.zip</filename>
	<title>Грин Александр Степанович. Львиный удар</title>
</book>
<book>
	<filename>grin_aleksandr/grin_aleksandr_lyubimyi.fb2.zip</filename>
	<title>Грин Александр Степанович. Любимый</title>
</book>
<book>
	<filename>grin_aleksandr/grin_aleksandr_malenkii_komitet.fb2.zip</filename>
	<title>Грин Александр Степанович. Маленький комитет</title>
</book>
<book>
	<filename>grin_aleksandr/grin_aleksandr_malenkii_zagovor.fb2.zip</filename>
	<title>Грин Александр Степанович. Маленький заговор</title>
</book>
<book>
	<filename>grin_aleksandr/grin_aleksandr_malinnik_yakobsona.fb2.zip</filename>
	<title>Грин Александр Степанович. Малинник Якобсона</title>
</book>
<book>
	<filename>grin_aleksandr/grin_aleksandr_marat.fb2.zip</filename>
	<title>Грин Александр Степанович. Марат</title>
</book>
<book>
	<filename>grin_aleksandr/grin_aleksandr_mat_v_tri_hoda.fb2.zip</filename>
	<title>Грин Александр Степанович. Мат в три хода</title>
</book>
<book>
	<filename>grin_aleksandr/grin_aleksandr_mertvye_za_zhivyh.fb2.zip</filename>
	<title>Грин Александр Степанович. Мертвые за живых</title>
</book>
<book>
	<filename>grin_aleksandr/grin_aleksandr_na_dosuge.fb2.zip</filename>
	<title>Грин Александр Степанович. На досуге</title>
</book>
<book>
	<filename>grin_aleksandr/grin_aleksandr_naivnyi_tussaletto.fb2.zip</filename>
	<title>Грин Александр Степанович. Наивный Туссалетто</title>
</book>
<book>
	<filename>grin_aleksandr/grin_aleksandr_nakazanie.fb2.zip</filename>
	<title>Грин Александр Степанович. Наказание</title>
</book>
<book>
	<filename>grin_aleksandr/grin_aleksandr_na_oblachnom_beregu.fb2.zip</filename>
	<title>Грин Александр Степанович. На облачном берегу</title>
</book>
<book>
	<filename>grin_aleksandr/grin_aleksandr_na_sklone_holmov.fb2.zip</filename>
	<title>Грин Александр Степанович. На склоне холмов</title>
</book>
<book>
	<filename>grin_aleksandr/grin_aleksandr_nasledstvo_pikmika.fb2.zip</filename>
	<title>Грин Александр Степанович. Наследство Пик-Мика</title>
</book>
<book>
	<filename>grin_aleksandr/grin_aleksandr_nochleg.fb2.zip</filename>
	<title>Грин Александр Степанович. Ночлег</title>
</book>
<book>
	<filename>grin_aleksandr/grin_aleksandr_nochyu_i_dnem.fb2.zip</filename>
	<title>Грин Александр Степанович. Ночью и днем</title>
</book>
<book>
	<filename>grin_aleksandr/grin_aleksandr_novogodnii_prazdnik_otca_i_malenkoi_docheri.fb2.zip</filename>
	<title>Грин Александр Степанович. Новогодний праздник отца и маленькой дочери</title>
</book>
<book>
	<filename>grin_aleksandr/grin_aleksandr_novyi_cirk.fb2.zip</filename>
	<title>Грин Александр Степанович. Новый цирк</title>
</book>
<book>
	<filename>grin_aleksandr/grin_aleksandr_nozh_i_karandash.fb2.zip</filename>
	<title>Грин Александр. Нож и карандаш</title>
</book>
<book>
	<filename>grin_aleksandr/grin_aleksandr_nyanka_glenau.fb2.zip</filename>
	<title>Грин Александр Степанович. Нянька Гленау</title>
</book>
<book>
	<filename>grin_aleksandr/grin_aleksandr_obezyana.fb2.zip</filename>
	<title>Грин Александр Степанович. Обезьяна</title>
</book>
<book>
	<filename>grin_aleksandr/grin_aleksandr_ognennaya_voda.fb2.zip</filename>
	<title>Грин Александр Степанович. Огненная вода</title>
</book>
<book>
	<filename>grin_aleksandr/grin_aleksandr_ogon_i_voda.fb2.zip</filename>
	<title>Грин Александр Степанович. Огонь и вода</title>
</book>
<book>
	<filename>grin_aleksandr/grin_aleksandr_ohota_na_huligana.fb2.zip</filename>
	<title>Грин Александр Степанович. Охота на хулигана</title>
</book>
<book>
	<filename>grin_aleksandr/grin_aleksandr_okno_v_lesu.fb2.zip</filename>
	<title>Грин Александр Степанович. Окно в лесу</title>
</book>
<book>
	<filename>grin_aleksandr/grin_aleksandr_ona.fb2.zip</filename>
	<title>Грин Александр Степанович. «Она»</title>
</book>
<book>
	<filename>grin_aleksandr/grin_aleksandr_ostrov_reno.fb2.zip</filename>
	<title>Грин Александр Степанович. Остров Рено</title>
</book>
<book>
	<filename>grin_aleksandr/grin_aleksandr_otravlennyi_ostrov.fb2.zip</filename>
	<title>Грин Александр Степанович. Отравленный остров</title>
</book>
<book>
	<filename>grin_aleksandr/grin_aleksandr_pari.fb2.zip</filename>
	<title>Грин Александр Степанович. Пари</title>
</book>
<book>
	<filename>grin_aleksandr/grin_aleksandr_passazhir_pyzhikov.fb2.zip</filename>
	<title>Грин Александр Степанович. Пассажир Пыжиков</title>
</book>
<book>
	<filename>grin_aleksandr/grin_aleksandr_per_i_surinye.fb2.zip</filename>
	<title>Грин Александр Степанович. Пьер и Суринэ</title>
</book>
<book>
	<filename>grin_aleksandr/grin_aleksandr_plemya_siurg.fb2.zip</filename>
	<title>Грин Александр Степанович. Племя Сиург</title>
</book>
<book>
	<filename>grin_aleksandr/grin_aleksandr_pobeditel.fb2.zip</filename>
	<title>Грин Александр Степанович. Победитель</title>
</book>
<book>
	<filename>grin_aleksandr/grin_aleksandr_podzemnoe.fb2.zip</filename>
	<title>Грин Александр Степанович. Подземное</title>
</book>
<book>
	<filename>grin_aleksandr/grin_aleksandr_poedinok_predvoditelei.fb2.zip</filename>
	<title>Грин Александр Степанович. Поединок предводителей</title>
</book>
<book>
	<filename>grin_aleksandr/grin_aleksandr_pokayannaya_rukopis.fb2.zip</filename>
	<title>Грин Александр Степанович. Покаянная рукопись</title>
</book>
<book>
	<filename>grin_aleksandr/grin_aleksandr_povest_okonchennaya_blagodarya_pule.fb2.zip</filename>
	<title>Грин Александр. Повесть, оконченная благодаря пуле</title>
</book>
<book>
	<filename>grin_aleksandr/grin_aleksandr_po_zakonu.fb2.zip</filename>
	<title>Грин Александр Степанович. По закону</title>
</book>
<book>
	<filename>grin_aleksandr/grin_aleksandr_pozornyi_stolb.fb2.zip</filename>
	<title>Грин Александр Степанович. Позорный столб</title>
</book>
<book>
	<filename>grin_aleksandr/grin_aleksandr_prikaz_po_armii.fb2.zip</filename>
	<title>Грин Александр Степанович. Приказ по армии</title>
</book>
<book>
	<filename>grin_aleksandr/grin_aleksandr_priklyucheniya_gincha.fb2.zip</filename>
	<title>Грин Александр Степанович. Приключения Гинча</title>
</book>
<book>
	<filename>grin_aleksandr/grin_aleksandr_prodavec_schastya.fb2.zip</filename>
	<title>Грин Александр Степанович. Продавец счастья</title>
</book>
<book>
	<filename>grin_aleksandr/grin_aleksandr_prodolzhenie_sleduet.fb2.zip</filename>
	<title>Грин Александр Степанович. «Продолжение следует»</title>
</book>
<book>
	<filename>grin_aleksandr/grin_aleksandr_prohodnoi_dvor.fb2.zip</filename>
	<title>Грин Александр Степанович. Проходной двор</title>
</book>
<book>
	<filename>grin_aleksandr/grin_aleksandr_proisshestvie_v_kvartire_gzhi_seriz.fb2.zip</filename>
	<title>Грин Александр Степанович. Происшествие в квартире г-жи Сериз</title>
</book>
<book>
	<filename>grin_aleksandr/grin_aleksandr_proisshestvie_v_ulice_psa.fb2.zip</filename>
	<title>Грин Александр Степанович. Происшествие в улице Пса</title>
</book>
<book>
	<filename>grin_aleksandr/grin_aleksandr_propavshee_solnce.fb2.zip</filename>
	<title>Грин Александр Степанович. Пропавшее солнце</title>
</book>
<book>
	<filename>grin_aleksandr/grin_aleksandr_ptica_kambu.fb2.zip</filename>
	<title>Грин Александр Степанович. Птица Кам-Бу</title>
</book>
<book>
	<filename>grin_aleksandr/grin_aleksandr_puteshestvennik_uyfyuyeoi.fb2.zip</filename>
	<title>Грин Александр Степанович. Путешественник Уы-Фью-Эой</title>
</book>
<book>
	<filename>grin_aleksandr/grin_aleksandr_put.fb2.zip</filename>
	<title>Грин Александр Степанович. Путь</title>
</book>
<book>
	<filename>grin_aleksandr/grin_aleksandr_rai.fb2.zip</filename>
	<title>Грин Александр Степанович. Рай</title>
</book>
<book>
	<filename>grin_aleksandr/grin_aleksandr_rasskaz_birka.fb2.zip</filename>
	<title>Грин Александр Степанович. Рассказ Бирка</title>
</book>
<book>
	<filename>grin_aleksandr/grin_aleksandr_redkii_fotograficheskii_apparat.fb2.zip</filename>
	<title>Грин Александр Степанович. Редкий фотографический аппарат</title>
</book>
<book>
	<filename>grin_aleksandr/grin_aleksandr_reka.fb2.zip</filename>
	<title>Грин Александр Степанович. Река</title>
</book>
<book>
	<filename>grin_aleksandr/grin_aleksandr_rene.fb2.zip</filename>
	<title>Грин Александр Степанович. Рене</title>
</book>
<book>
	<filename>grin_aleksandr/grin_aleksandr_ruka.fb2.zip</filename>
	<title>Грин Александр Степанович. Рука</title>
</book>
<book>
	<filename>grin_aleksandr/grin_aleksandr_serdce_pustyni.fb2.zip</filename>
	<title>Грин Александр Степанович. Сердце пустыни</title>
</book>
<book>
	<filename>grin_aleksandr/grin_aleksandr_seryi_avtomobil.fb2.zip</filename>
	<title>Грин Александр. Серый автомобиль</title>
</book>
<book>
	<filename>grin_aleksandr/grin_aleksandr_shest_spichek.fb2.zip</filename>
	<title>Грин Александр Степанович. Шесть спичек</title>
</book>
<book>
	<filename>grin_aleksandr/grin_aleksandr_shturman_chetyreh_vetrov.fb2.zip</filename>
	<title>Грин Александр Степанович. Штурман «Четырех ветров»</title>
</book>
<book>
	<filename>grin_aleksandr/grin_aleksandr_sila_nepostizhimogo.fb2.zip</filename>
	<title>Грин Александр Степанович. Сила непостижимого</title>
</book>
<book>
	<filename>grin_aleksandr/grin_aleksandr_sinii_kaskad_telluri.fb2.zip</filename>
	<title>Грин Александр Степанович. Синий каскад Теллури</title>
</book>
<book>
	<filename>grin_aleksandr/grin_aleksandr_sistema_mnemoniki_atleya.fb2.zip</filename>
	<title>Грин Александр Степанович. Система мнемоники Атлея</title>
</book>
<book>
	<filename>grin_aleksandr/grin_aleksandr_slabost_daniyelya_hortona.fb2.zip</filename>
	<title>Грин Александр Степанович. Слабость Даниэля Хортона</title>
</book>
<book>
	<filename>grin_aleksandr/grin_aleksandr_sladkii_yad_goroda.fb2.zip</filename>
	<title>Грин Александр Степанович. Сладкий яд города</title>
</book>
<book>
	<filename>grin_aleksandr/grin_aleksandr_slepoi_dei_kanet.fb2.zip</filename>
	<title>Грин Александр Степанович. Слепой Дей Канет</title>
</book>
<book>
	<filename>grin_aleksandr/grin_aleksandr_slon_i_moska.fb2.zip</filename>
	<title>Грин Александр Степанович. Слон и Моська</title>
</book>
<book>
	<filename>grin_aleksandr/grin_aleksandr_slovoohotlivyi_domovoi.fb2.zip</filename>
	<title>Грин Александр Степанович. Словоохотливый домовой</title>
</book>
<book>
	<filename>grin_aleksandr/grin_aleksandr_sluchai.fb2.zip</filename>
	<title>Грин Александр Степанович. Случай</title>
</book>
<book>
	<filename>grin_aleksandr/grin_aleksandr_smert_romelinka.fb2.zip</filename>
	<title>Грин Александр Степанович. Смерть Ромелинка</title>
</book>
<book>
	<filename>grin_aleksandr/grin_aleksandr_sostyazanie_v_lisse.fb2.zip</filename>
	<title>Грин Александр Степанович. Состязание в Лиссе</title>
</book>
<book>
	<filename>grin_aleksandr/grin_aleksandr_sozdanie_aspera.fb2.zip</filename>
	<title>Грин Александр Степанович. Создание Аспера</title>
</book>
<book>
	<filename>grin_aleksandr/grin_aleksandr_sto_verst_po_reke.fb2.zip</filename>
	<title>Грин Александр Степанович. Сто верст по реке</title>
</book>
<book>
	<filename>grin_aleksandr/grin_aleksandr_sudba_vzyataya_za_roga.fb2.zip</filename>
	<title>Грин Александр Степанович. Судьба, взятая за рога</title>
</book>
<book>
	<filename>grin_aleksandr/grin_aleksandr_tabu.fb2.zip</filename>
	<title>Грин Александр Степанович. Табу</title>
</book>
<book>
	<filename>grin_aleksandr/grin_aleksandr_taina_lesa.fb2.zip</filename>
	<title>Грин Александр Степанович. Тайна леса</title>
</book>
<book>
	<filename>grin_aleksandr/grin_aleksandr_tainstvennaya_plastinka.fb2.zip</filename>
	<title>Грин Александр Степанович. Таинственная пластинка</title>
</book>
<book>
	<filename>grin_aleksandr/grin_aleksandr_telegrafist_iz_medyanskogo_bora.fb2.zip</filename>
	<title>Грин Александр Степанович. Телеграфист из Медянского бора</title>
</book>
<book>
	<filename>grin_aleksandr/grin_aleksandr_tihie_budni.fb2.zip</filename>
	<title>Грин Александр Степанович. Тихие будни</title>
</book>
<book>
	<filename>grin_aleksandr/grin_aleksandr_tragediya_ploskogorya_suan.fb2.zip</filename>
	<title>Грин Александр Степанович. Трагедия плоскогорья Суан</title>
</book>
<book>
	<filename>grin_aleksandr/grin_aleksandr_tretii_yetazh.fb2.zip</filename>
	<title>Грин Александр Степанович. Третий этаж</title>
</book>
<book>
	<filename>grin_aleksandr/grin_aleksandr_tri_pohozhdeniya_yehmy.fb2.zip</filename>
	<title>Грин Александр Степанович. Три похождения Эхмы</title>
</book>
<book>
	<filename>grin_aleksandr/grin_aleksandr_tryum_i_paluba.fb2.zip</filename>
	<title>Грин Александр Степанович. Трюм и палуба</title>
</book>
<book>
	<filename>grin_aleksandr/grin_aleksandr_tyazhelyi_vozduh.fb2.zip</filename>
	<title>Грин Александр Степанович. Тяжелый воздух</title>
</book>
<book>
	<filename>grin_aleksandr/grin_aleksandr_ubiistvo_v_kunstfishe.fb2.zip</filename>
	<title>Грин Александр Степанович. Убийство в Кунст-Фише</title>
</book>
<book>
	<filename>grin_aleksandr/grin_aleksandr_ubiistvo_v_rybnoi_lavke.fb2.zip</filename>
	<title>Грин Александр Степанович. Убийство в рыбной лавке</title>
</book>
<book>
	<filename>grin_aleksandr/grin_aleksandr_uchenik_charodeya.fb2.zip</filename>
	<title>Грин Александр Степанович. Ученик чародея</title>
</book>
<book>
	<filename>grin_aleksandr/grin_aleksandr_uzhasnoe_zrenie.fb2.zip</filename>
	<title>Грин Александр Степанович. Ужасное зрение</title>
</book>
<book>
	<filename>grin_aleksandr/grin_aleksandr_veselyi_poputchik.fb2.zip</filename>
	<title>Грин Александр Степанович. Веселый попутчик</title>
</book>
<book>
	<filename>grin_aleksandr/grin_aleksandr_vetka_omely.fb2.zip</filename>
	<title>Грин Александр Степанович. Ветка омелы</title>
</book>
<book>
	<filename>grin_aleksandr/grin_aleksandr_v_italiyu.fb2.zip</filename>
	<title>Грин Александр Степанович. В Италию</title>
</book>
<book>
	<filename>grin_aleksandr/grin_aleksandr_vokrug_sveta.fb2.zip</filename>
	<title>Грин Александр Степанович. Вокруг света</title>
</book>
<book>
	<filename>grin_aleksandr/grin_aleksandr_volshebnoe_bezobrazie.fb2.zip</filename>
	<title>Грин Александр Степанович. Волшебное безобразие</title>
</book>
<book>
	<filename>grin_aleksandr/grin_aleksandr_vor_v_lesu.fb2.zip</filename>
	<title>Грин Александр Степанович. Вор в лесу</title>
</book>
<book>
	<filename>grin_aleksandr/grin_aleksandr_vozdushnyi_korabl.fb2.zip</filename>
	<title>Грин Александр Степанович. Воздушный корабль</title>
</book>
<book>
	<filename>grin_aleksandr/grin_aleksandr_vozvrashenie_chaiki.fb2.zip</filename>
	<title>Грин Александр Степанович. Возвращение «Чайки»</title>
</book>
<book>
	<filename>grin_aleksandr/grin_aleksandr_vozvrashenie.fb2.zip</filename>
	<title>Грин Александр Степанович. Возвращение</title>
</book>
<book>
	<filename>grin_aleksandr/grin_aleksandr_vozvrashennyi_ad.fb2.zip</filename>
	<title>Грин Александр Степанович. Возвращенный ад</title>
</book>
<book>
	<filename>grin_aleksandr/grin_aleksandr_vpered_i_nazad.fb2.zip</filename>
	<title>Грин Александр Степанович. Вперед и назад</title>
</book>
<book>
	<filename>grin_aleksandr/grin_aleksandr_vragi.fb2.zip</filename>
	<title>Грин Александр Степанович. Враги</title>
</book>
<book>
	<filename>grin_aleksandr/grin_aleksandr_vsadnik_bez_golovy.fb2.zip</filename>
	<title>Грин Александр Степанович. Всадник без головы</title>
</book>
<book>
	<filename>grin_aleksandr/grin_aleksandr_v_snegu.fb2.zip</filename>
	<title>Грин Александр Степанович. В снегу</title>
</book>
<book>
	<filename>grin_aleksandr/grin_aleksandr_vstrechi_i_priklyucheniya.fb2.zip</filename>
	<title>Грин Александр Степанович. Встречи и приключения</title>
</book>
<book>
	<filename>grin_aleksandr/grin_aleksandr_yelda_i_angotyeya.fb2.zip</filename>
	<title>Грин Александр Степанович. Элда и Анготэя</title>
</book>
<book>
	<filename>grin_aleksandr/grin_aleksandr_yepizod_pri_vzyatii_forta_ciklop.fb2.zip</filename>
	<title>Грин Александр Степанович. Эпизод при взятии форта «Циклоп»</title>
</book>
<book>
	<filename>grin_aleksandr/grin_aleksandr_zabytoe.fb2.zip</filename>
	<title>Грин Александр Степанович. Забытое</title>
</book>
<book>
	<filename>grin_aleksandr/grin_aleksandr_zagadka_predvidennoi_smerti.fb2.zip</filename>
	<title>Грин Александр Степанович. Загадка предвиденной смерти</title>
</book>
<book>
	<filename>grin_aleksandr/grin_aleksandr_zakolochennyi_dom.fb2.zip</filename>
	<title>Грин Александр Степанович. Заколоченный дом</title>
</book>
<book>
	<filename>grin_aleksandr/grin_aleksandr_zemlya_i_voda.fb2.zip</filename>
	<title>Грин Александр Степанович. Земля и вода</title>
</book>
<book>
	<filename>grin_aleksandr/grin_aleksandr_zhizneopisaniya_velikih_lyudei.fb2.zip</filename>
	<title>Грин Александр Степанович. Жизнеописания великих людей</title>
</book>
<book>
	<filename>grin_aleksandr/grin_aleksandr_zhizn_gnora.fb2.zip</filename>
	<title>Грин Александр Степанович. Жизнь Гнора</title>
</book>
<book>
	<filename>grin_aleksandr/grin_aleksandr_zimnyaya_skazka.fb2.zip</filename>
	<title>Грин Александр Степанович. Зимняя сказка</title>
</book>
<book>
	<filename>grin_aleksandr/grin_aleksandr_zmeya.fb2.zip</filename>
	<title>Грин Александр Степанович. Змея</title>
</book>
<book>
	<filename>grin_aleksandr/grin_aleksandr_zolotaya_cep.fb2.zip</filename>
	<title>Грин Александр Степанович. Золотая цепь</title>
</book>
<book>
	<filename>grin_aleksandr/grin_aleksandr_zolotoi_prud.fb2.zip</filename>
	<title>Грин Александр Степанович. Золотой пруд</title>
</book>
<book>
	<filename>grin_aleksandr/grin_aleksandr_zoloto_i_shahtery.fb2.zip</filename>
	<title>Грин Александр Степанович. Золото и шахтеры</title>
</book>
<book>
	<filename>grin_aleksandr/grin_aleksandr_zurbaganskii_strelok.fb2.zip</filename>
	<title>Грин Александр Степанович. Зурбаганский стрелок</title>
</book>
<book>
	<filename>grin_braian/grin_braian_yelegantnaya_vselennaya_superstruny_skrytye_razmernosti_i_poiski_okonchatelnoi_teorii.fb2.zip</filename>
	<title>Грин Брайан. Элегантная вселенная (суперструны, скрытые размерности и поиски окончательной теории)</title>
</book>
<book>
	<filename>grinder_dzhon/grinder_dzhon_cherepahi_do_samogo_niza_predposylki_lichnoi_genialnosti.fb2.zip</filename>
	<title>Гриндер Джон. Черепахи до самого низа. Предпосылки личной гениальности</title>
</book>
<book>
	<filename>grinder_maikl/grinder_maikl_ispravlenie_shkolnogo_konveiera.fb2.zip</filename>
	<title>Гриндер Майкл. Исправление школьного конвейера</title>
</book>
<book>
	<filename>grin_dzhein/grin_dzhein_dzhemaima.fb2.zip</filename>
	<title>Грин Джейн. Джемайма</title>
</book>
<book>
	<filename>grin_dzhein/grin_dzhein_hochu_rebenka.fb2.zip</filename>
	<title>Грин Джейн. Хочу ребенка!</title>
</book>
<book>
	<filename>grin_dzhennifer/grin_dzhennifer_dusha_i_telo.fb2.zip</filename>
	<title>Грин Дженнифер. Душа и тело</title>
</book>
<book>
	<filename>grin_dzhennifer/grin_dzhennifer_obyknovennyi_no_lyubimyi.fb2.zip</filename>
	<title>Грин Дженнифер. Обыкновенный, но любимый</title>
</book>
<book>
	<filename>grin_dzhordzh/grin_dzhordzh_prisyazhnyi_zasedatel.fb2.zip</filename>
	<title>Грин Джордж Д. Присяжный заседатель</title>
</book>
<book>
	<filename>grin_greis/grin_greis_letnyaya_rapsodiya.fb2.zip</filename>
	<title>Грин Грейс. Летняя рапсодия</title>
</book>
<book>
	<filename>grin_greis/grin_greis_nezhelannaya_lyubov.fb2.zip</filename>
	<title>Грин Грейс. Нежеланная любовь</title>
</book>
<book>
	<filename>grin_greis/grin_greis_obeshanie_zhenitsya.fb2.zip</filename>
	<title>Грин Грейс. Обещание жениться</title>
</book>
<book>
	<filename>grin_greis/grin_greis_sohranit_svyaz_s_proshlym.fb2.zip</filename>
	<title>Грин Грейс. Сохранить связь с прошлым</title>
</book>
<book>
	<filename>grin_gryem/grin_gryem_braitonskii_ledenec.fb2.zip</filename>
	<title>Грин Грэм. Брайтонский леденец</title>
</book>
<book>
	<filename>grin_gryem/grin_gryem_chelovecheskii_faktor.fb2.zip</filename>
	<title>Грин Грэм. Человеческий фактор</title>
</book>
<book>
	<filename>grin_gryem/grin_gryem_doktor_fisher_iz_zhenevy_ili_uzhin_s_bomboi.fb2.zip</filename>
	<title>Грин Грэм. Доктор Фишер из Женевы, или Ужин с бомбой</title>
</book>
<book>
	<filename>grin_gryem/grin_gryem_kapitan_i_vrag.fb2.zip</filename>
	<title>Грин Грэм. Капитан и Враг</title>
</book>
<book>
	<filename>grin_gryem/grin_gryem_komedianty.fb2.zip</filename>
	<title>Грин Грэм. Комедианты</title>
</book>
<book>
	<filename>grin_gryem/grin_gryem_konec_odnogo_romana.fb2.zip</filename>
	<title>Грин Грэм. Конец одного романа</title>
</book>
<book>
	<filename>grin_gryem/grin_gryem_menya_sozdala_angliya.fb2.zip</filename>
	<title>Грин Грэм. Меня создала Англия</title>
</book>
<book>
	<filename>grin_gryem/grin_gryem_mertvaya_hvatka.fb2.zip</filename>
	<title>Грин Грэм. Мертвая хватка</title>
</book>
<book>
	<filename>grin_gryem/grin_gryem_monsenor_kihot.fb2.zip</filename>
	<title>Грин Грэм. Монсеньор Кихот</title>
</book>
<book>
	<filename>grin_gryem/grin_gryem_naemnyi_ubiica.fb2.zip</filename>
	<title>Грин Грэм. Наемный убийца</title>
</book>
<book>
	<filename>grin_gryem/grin_gryem_nash_chelovek_v_gavane.fb2.zip</filename>
	<title>Грин Грэм. Наш человек в Гаване</title>
</book>
<book>
	<filename>grin_gryem/grin_gryem_parovozik.fb2.zip</filename>
	<title>Грин Грэм. Паровозик</title>
</book>
<book>
	<filename>grin_gryem/grin_gryem_pochetnyi_konsul.fb2.zip</filename>
	<title>Грин Грэм. Почетный консул</title>
</book>
<book>
	<filename>grin_gryem/grin_gryem_puteshestviya_s_tetushkoi.fb2.zip</filename>
	<title>Грин Грэм. Путешествия с тетушкой</title>
</book>
<book>
	<filename>grin_gryem/grin_gryem_sila_i_slava.fb2.zip</filename>
	<title>Грин Грэм. Сила и слава</title>
</book>
<book>
	<filename>grin_gryem/grin_gryem_sut_dela.fb2.zip</filename>
	<title>Грин Грэм. Суть дела</title>
</book>
<book>
	<filename>grin_gryem/grin_gryem_tihii_amerikanec.fb2.zip</filename>
	<title>Грин Грэм. Тихий американец</title>
</book>
<book>
	<filename>grin_gryem/grin_gryem_vedomstvo_straha.fb2.zip</filename>
	<title>Грин Грэм. Ведомство страха</title>
</book>
<book>
	<filename>grin_gryem/grin_gryem_vyigrysh.fb2.zip</filename>
	<title>Грин Грэм. Выигрыш</title>
</book>
<book>
	<filename>grin_keit/grin_keit_padayushaya_zvezda.fb2.zip</filename>
	<title>Грин Кейт. Падающая звезда</title>
</book>
<book>
	<filename>grinkov_vladimir/grinkov_vladimir_ya_telohranitel.fb2.zip</filename>
	<title>Гриньков Владимир Васильевич. Я – телохранитель</title>
</book>
<book>
	<filename>grinlyend_kolin/grinlyend_kolin_vernut_izobilie.fb2.zip</filename>
	<title>Гринлэнд Колин. Вернуть изобилие</title>
</book>
<book>
	<filename>grin_mariya/grin_mariya_ohota_na_lis.fb2.zip</filename>
	<title>Грин Мария. Охота на лис</title>
</book>
<book>
	<filename>grin_mariya/grin_mariya_rubiny_blyekhersta.fb2.zip</filename>
	<title>Грин Мария. Рубины Блэкхерста</title>
</book>
<book>
	<filename>grin_myeri/grin_myeri_pocelui_lyubovnika.fb2.zip</filename>
	<title>Грин Мэри. Поцелуй любовника</title>
</book>
<book>
	<filename>grin_myeri/grin_myeri_pocelui_neznakomca.fb2.zip</filename>
	<title>Грин Мэри. Поцелуй незнакомца</title>
</book>
<book>
	<filename>grin_myeri/grin_myeri_pocelui_razboinika.fb2.zip</filename>
	<title>Грин Мэри. Поцелуй разбойника</title>
</book>
<book>
	<filename>grin_myeri/grin_myeri_voron_i_golubka.fb2.zip</filename>
	<title>Грин Мэри. Ворон и голубка</title>
</book>
<book>
	<filename>grin_riza/grin_riza_devyat_mesyacev_iz_zhizni.fb2.zip</filename>
	<title>Грин Риза. Девять месяцев из жизни</title>
</book>

</books>

