<?xml version="1.0" encoding="UTF-8" ?>
<books>

<book>
	<filename>haeckaya_elena/haeckaya_elena_anna_i_ee_muzyka.fb2.zip</filename>
	<title> Хаецкая Елена Владимировна. Анна и ее музыка</title>
</book>
<book>
	<filename>haeckaya_elena/haeckaya_elena_bertran_iz_langedoka.fb2.zip</filename>
	<title> Хаецкая Елена Владимировна. Бертран из Лангедока</title>
</book>
<book>
	<filename>haeckaya_elena/haeckaya_elena_bezhat_sredi_vnezapnogo_tumana.fb2.zip</filename>
	<title> Хаецкая Елена Владимировна. Бежать среди внезапного тумана</title>
</book>
<book>
	<filename>haeckaya_elena/haeckaya_elena_carstvo_nebesnoe.fb2.zip</filename>
	<title> Хаецкая Елена Владимировна. Царство небесное</title>
</book>
<book>
	<filename>haeckaya_elena/haeckaya_elena_chelovek_po_imeni_beda.fb2.zip</filename>
	<title> Хаецкая Елена Владимировна. Человек по имени Беда</title>
</book>
<book>
	<filename>haeckaya_elena/haeckaya_elena_cvetochnica.fb2.zip</filename>
	<title> Хаецкая Елена Владимировна. Цветочница</title>
</book>
<book>
	<filename>haeckaya_elena/haeckaya_elena_dama_tuluza.fb2.zip</filename>
	<title> Хаецкая Елена Владимировна. Дама Тулуза</title>
</book>
<book>
	<filename>haeckaya_elena/haeckaya_elena_devochki_iz_kolodca.fb2.zip</filename>
	<title> Хаецкая Елена Владимировна. Девочки из колодца</title>
</book>
<book>
	<filename>haeckaya_elena/haeckaya_elena_diyanka_rycarskii_pes.fb2.zip</filename>
	<title> Хаецкая Елена Владимировна. Диянка – рыцарский пес</title>
</book>
<book>
	<filename>haeckaya_elena/haeckaya_elena_dobrye_lyudi_i_zloi_pes.fb2.zip</filename>
	<title> Хаецкая Елена Владимировна. Добрые люди и злой пес</title>
</book>
<book>
	<filename>haeckaya_elena/haeckaya_elena_dym_rodnogo_ochaga.fb2.zip</filename>
	<title> Хаецкая Елена Владимировна. Дым родного очага</title>
</book>
<book>
	<filename>haeckaya_elena/haeckaya_elena_ezhevika_svyataya_obitel.fb2.zip</filename>
	<title> Хаецкая Елена Владимировна. Ежевика, святая обитель</title>
</book>
<book>
	<filename>haeckaya_elena/haeckaya_elena_golodnyi_grek_ili_stranstviya_feodula.fb2.zip</filename>
	<title> Хаецкая Елена Владимировна. Голодный грек, или Странствия Феодула</title>
</book>
<book>
	<filename>haeckaya_elena/haeckaya_elena_grezy_lyubvi.fb2.zip</filename>
	<title> Хаецкая Елена Владимировна. Грезы любви</title>
</book>
<book>
	<filename>haeckaya_elena/haeckaya_elena_gulyaki_staryh_vremen.fb2.zip</filename>
	<title> Хаецкая Елена Владимировна. Гуляки старых времен</title>
</book>
<book>
	<filename>haeckaya_elena/haeckaya_elena_haldor_iz_svetlogo_goroda.fb2.zip</filename>
	<title> Хаецкая Елена Владимировна. Хальдор из Светлого города</title>
</book>
<book>
	<filename>haeckaya_elena/haeckaya_elena_helot_iz_langedoka.fb2.zip</filename>
	<title> Хаецкая Елена Владимировна. Хелот из Лангедока</title>
</book>
<book>
	<filename>haeckaya_elena/haeckaya_elena_idalgo.fb2.zip</filename>
	<title> Хаецкая Елена Владимировна. Идальго</title>
</book>
<book>
	<filename>haeckaya_elena/haeckaya_elena_kosmicheskaya_tetushka.fb2.zip</filename>
	<title> Хаецкая Елена Владимировна. Космическая тетушка</title>
</book>
<book>
	<filename>haeckaya_elena/haeckaya_elena_letayushaya_tyekla.fb2.zip</filename>
	<title> Хаецкая Елена Владимировна. Летающая Тэкла</title>
</book>
<book>
	<filename>haeckaya_elena/haeckaya_elena_mirra_i_dyavol.fb2.zip</filename>
	<title> Хаецкая Елена Владимировна. Мирра и дьявол</title>
</book>
<book>
	<filename>haeckaya_elena/haeckaya_elena_monristy_polnaya_versiya.fb2.zip</filename>
	<title> Хаецкая Елена Владимировна. Монристы (полная версия)</title>
</book>
<book>
	<filename>haeckaya_elena/haeckaya_elena_moric_i_yelza.fb2.zip</filename>
	<title> Хаецкая Елена Владимировна. Мориц и Эльза</title>
</book>
<book>
	<filename>haeckaya_elena/haeckaya_elena_mrakobes.fb2.zip</filename>
	<title> Хаецкая Елена Владимировна. Мракобес</title>
</book>
<book>
	<filename>haeckaya_elena/haeckaya_elena_neschastnyi_skitalec.fb2.zip</filename>
	<title> Хаецкая Елена Владимировна. Несчастный скиталец</title>
</book>
<book>
	<filename>haeckaya_elena/haeckaya_elena_nevidimye_karliki_chasovnoi_gory.fb2.zip</filename>
	<title> Хаецкая Елена Владимировна. Невидимые карлики Часовной горы</title>
</book>
<book>
	<filename>haeckaya_elena/haeckaya_elena_nevidimye_karliki_chasovoi_gory.fb2.zip</filename>
	<title> Хаецкая Елена Владимировна. Невидимые карлики Часовой горы</title>
</book>
<book>
	<filename>haeckaya_elena/haeckaya_elena_pop_i_prishelcy.fb2.zip</filename>
	<title> Хаецкая Елена Владимировна. Поп и пришельцы</title>
</book>
<book>
	<filename>haeckaya_elena/haeckaya_elena_prah.fb2.zip</filename>
	<title> Хаецкая Елена Владимировна. Прах</title>
</book>
<book>
	<filename>haeckaya_elena/haeckaya_elena_prishelcy_i_edinorogi_gorodskie_legendy.fb2.zip</filename>
	<title> Хаецкая Елена Владимировна. Пришельцы и единороги (Городские легенды)</title>
</book>
<book>
	<filename>haeckaya_elena/haeckaya_elena_prizraki_narodnogo_doma.fb2.zip</filename>
	<title> Хаецкая Елена Владимировна. Призраки Народного дома</title>
</book>
<book>
	<filename>haeckaya_elena/haeckaya_elena_propovednik_kotoryi_nikogda_ne_videl_boga.fb2.zip</filename>
	<title> Хаецкая Елена Владимировна. Проповедник, который никогда не видел Бога</title>
</book>
<book>
	<filename>haeckaya_elena/haeckaya_elena_semero_pravednyh_v_rayu_hozyaina.fb2.zip</filename>
	<title> Хаецкая Елена Владимировна. Семеро праведных в раю хозяина</title>
</book>
<book>
	<filename>haeckaya_elena/haeckaya_elena_sentimentalnaya_progulka.fb2.zip</filename>
	<title> Хаецкая Елена Владимировна. Сентиментальная прогулка</title>
</book>
<book>
	<filename>haeckaya_elena/haeckaya_elena_simonotstupnik.fb2.zip</filename>
	<title> Хаецкая Елена Владимировна. Симон-отступник</title>
</book>
<book>
	<filename>haeckaya_elena/haeckaya_elena_sinie_strekozy_vavilona.fb2.zip</filename>
	<title> Хаецкая Елена Владимировна. Синие стрекозы Вавилона</title>
</book>
<book>
	<filename>haeckaya_elena/haeckaya_elena_sokrovisha_matildy.fb2.zip</filename>
	<title> Хаецкая Елена Владимировна. Сокровища Матильды</title>
</book>
<book>
	<filename>haeckaya_elena/haeckaya_elena_srochnyi_fraht.fb2.zip</filename>
	<title> Хаецкая Елена Владимировна. Срочный фрахт</title>
</book>
<book>
	<filename>haeckaya_elena/haeckaya_elena_sudya_nepodkupnyi.fb2.zip</filename>
	<title> Хаецкая Елена Владимировна. Судья неподкупный</title>
</book>
<book>
	<filename>haeckaya_elena/haeckaya_elena_svyashennyi_pohod.fb2.zip</filename>
	<title> Хаецкая Елена Владимировна. Священный поход</title>
</book>
<book>
	<filename>haeckaya_elena/haeckaya_elena_trolli_v_gorode.fb2.zip</filename>
	<title> Хаецкая Елена Владимировна. Тролли в городе</title>
</book>
<book>
	<filename>haeckaya_elena/haeckaya_elena_ulfila.fb2.zip</filename>
	<title> Хаецкая Елена Владимировна. Ульфила</title>
</book>
<book>
	<filename>haeckaya_elena/haeckaya_elena_varshava_i_zhenshina.fb2.zip</filename>
	<title> Хаецкая Елена Владимировна. Варшава и женщина</title>
</book>
<book>
	<filename>haeckaya_elena/haeckaya_elena_vavilonskie_hroniki.fb2.zip</filename>
	<title> Хаецкая Елена Владимировна. Вавилонские хроники</title>
</book>
<book>
	<filename>haeckaya_elena/haeckaya_elena_vozvrashenie_v_ahen.fb2.zip</filename>
	<title> Хаецкая Елена Владимировна. Возвращение в Ахен</title>
</book>
<book>
	<filename>haeckaya_elena/haeckaya_elena_za_sinei_rekoi.fb2.zip</filename>
	<title> Хаецкая Елена Владимировна. За Синей рекой</title>
</book>
<book>
	<filename>haeckaya_elena/haeckaya_elena_zateryannye_v_strane_chuzhoi.fb2.zip</filename>
	<title> Хаецкая Елена Владимировна. Затерянные в стране чужой</title>
</book>
<book>
	<filename>haeckaya_elena/haeckaya_elena_zavoevateli.fb2.zip</filename>
	<title> Хаецкая Елена Владимировна. Завоеватели</title>
</book>
<book>
	<filename>haeckaya_elena/haeckaya_elena_zdes_byl_baranov.fb2.zip</filename>
	<title> Хаецкая Елена Владимировна. Здесь был Баранов</title>
</book>
<book>
	<filename>haeckaya_elena/haeckaya_elena_zhizn_i_smert_arnauta_katalana.fb2.zip</filename>
	<title> Хаецкая Елена Владимировна. Жизнь и смерть Арнаута Каталана</title>
</book>
<book>
	<filename>haeckaya_elena/haeckaya_elena_zimnii_hudozhnik.fb2.zip</filename>
	<title> Хаецкая Елена Владимировна. Зимний художник</title>
</book>
<book>
	<filename>haimlih_ulrih/haimlih_ulrih_igraem_vmeste_integrativnye_igrovye_processy_v_obychnom_detskom_sadu.fb2.zip</filename>
	<title> Хаймлих Ульрих. Играем вместе: интегративные игровые процессы в обычном детском саду</title>
</book>
<book>
	<filename>hainlain_robert/hainlain_robert_dorogi_dolzhny_katitsya.fb2.zip</filename>
	<title> Хайнлайн Роберт Энсон. Дороги должны катиться</title>
</book>
<book>
	<filename>hainlain_robert/hainlain_robert_tunnel_v_nebe.fb2.zip</filename>
	<title> Хайнлайн Роберт Энсон. Туннель в небе</title>
</book>
<book>
	<filename>hainlain_robert/hainlain_robert_zvezdnyi_zver_per_okolesnikov.fb2.zip</filename>
	<title> Хайнлайн Роберт Энсон. Звездный зверь (пер. О.Колесников)</title>
</book>
<book>
	<filename>haiyam_omar/haiyam_omar_rubai_luchshie_perevody.fb2.zip</filename>
	<title> Хайям Омар. Рубаи: лучшие переводы</title>
</book>
<book>
	<filename>hakamada_irina/hakamada_irina_sex_v_bolshoi_politike.fb2.zip</filename>
	<title> Хакамада Ирина. Sex в большой политике</title>
</book>
<book>
	<filename>hakimova_yelya/hakimova_yelya_komnata_straha.fb2.zip</filename>
	<title> Хакимова Эля. Комната страха</title>
</book>
<book>
	<filename>haladdin_ibragimli/haladdin_ibragimli_azerbaidzhancy_gruzii.fb2.zip</filename>
	<title> Халаддин Ибрагимли. Азербайджанцы Грузии</title>
</book>
<book>
	<filename>halin_konstantin/halin_konstantin_shpargalka_po_istorii_politicheskih_i_pravovyh_uchenii.fb2.zip</filename>
	<title> Халин Константин Евгеньевич. Шпаргалка по истории политических и правовых учений</title>
</book>
<book>
	<filename>hamicaeva_yuliya/hamicaeva_yuliya_nasledstvennoe_pravo_konspekt_lekcii.fb2.zip</filename>
	<title> Хамицаева Юлия. Наследственное право: конспект лекций</title>
</book>
<book>
	<filename>hamidova_violetta/hamidova_violetta_chudotvornye_pravoslavnye_ikony.fb2.zip</filename>
	<title> Хамидова Виолетта Романовна. Чудотворные православные иконы</title>
</book>
<book>
	<filename>hamidova_violetta/hamidova_violetta_diabet_preduprezhdenie_diagnostika_i_lechenie_tradicionnymi_i_netradicionnymi_metodami.fb2.zip</filename>
	<title> Хамидова Виолетта Романовна. Диабет. Предупреждение, диагностика и лечение традиционными и нетрадиционными методами</title>
</book>
<book>
	<filename>hamidova_violetta/hamidova_violetta_gipnoticheskie_manipulyacii_manipulyacii_podsoznaniya.fb2.zip</filename>
	<title> Хамидова Виолетта Романовна. Гипнотические манипуляции. Манипуляции подсознания</title>
</book>
<book>
	<filename>hamidova_violetta/hamidova_violetta_seksualnye_sny_rasshifrovka_i_tolkovanie_yeroticheskih_snovidenii.fb2.zip</filename>
	<title> Хамидова Виолетта Романовна. Сексуальные сны. Расшифровка и толкование эротических сновидений</title>
</book>
<book>
	<filename>hamidova_violetta/hamidova_violetta_sila_podsoznaniya_prakticheskii_kurs.fb2.zip</filename>
	<title> Хамидова Виолетта Романовна. Сила подсознания. Практический курс</title>
</book>
<book>
	<filename>hamidova_violetta/hamidova_violetta_sonnik_dlya_vlyublennyh.fb2.zip</filename>
	<title> Хамидова Виолетта Романовна. Сонник для влюбленных</title>
</book>
<book>
	<filename>hamidova_violetta/hamidova_violetta_vyazhem_krasivye_veshi_dlya_detei.fb2.zip</filename>
	<title> Хамидова Виолетта Романовна. Вяжем красивые вещи для детей</title>
</book>
<book>
	<filename>hamidova_violetta/hamidova_violetta_zhenskaya_intuiciya_kak_razvit_i_usovershenstvovat_nezrimyi_dar.fb2.zip</filename>
	<title> Хамидова Виолетта Романовна. Женская интуиция. Как развить и усовершенствовать незримый дар</title>
</book>
<book>
	<filename>hanga_elena/hanga_elena_trete_prorochestvo.fb2.zip</filename>
	<title> Ханга Елена. Третье пророчество</title>
</book>
<book>
	<filename>hannikov_aleksandr/hannikov_aleksandr_islam.fb2.zip</filename>
	<title> Ханников Александр Александрович. Ислам</title>
</book>
<book>
	<filename>hannikov_aleksandr/hannikov_aleksandr_mir_samocvetov_i_dragocennyh_kamnei.fb2.zip</filename>
	<title> Ханников Александр Александрович. Мир самоцветов и драгоценных камней</title>
</book>
<book>
	<filename>hannikov_aleksandr/hannikov_aleksandr_vostochnyi_massazh.fb2.zip</filename>
	<title> Ханников Александр Александрович. Восточный массаж</title>
</book>
<book>
	<filename>hannikov_aleksandr/hannikov_aleksandr_yenciklopediya_nachinayushego_voditelya.fb2.zip</filename>
	<title> Ханников Александр Александрович. Энциклопедия начинающего водителя</title>
</book>
<book>
	<filename>hannikov_aleksandr/hannikov_aleksandr_zhenshine_za_rulem.fb2.zip</filename>
	<title> Ханников Александр Александрович. Женщине за рулем</title>
</book>
<book>
	<filename>harchuk_yurii/harchuk_yurii_animaloterapiya_domashnie_zhivotnye_i_nashe_zdorove.fb2.zip</filename>
	<title> Харчук Юрий. Анималотерапия. Домашние животные и наше здоровье</title>
</book>
<book>
	<filename>harchuk_yurii/harchuk_yurii_ferma_na_domu.fb2.zip</filename>
	<title> Харчук Юрий. Ферма на дому</title>
</book>
<book>
	<filename>harchuk_yurii/harchuk_yurii_golubi_ot_a_do_ya.fb2.zip</filename>
	<title> Харчук Юрий. Голуби от А до Я</title>
</book>
<book>
	<filename>harchuk_yurii/harchuk_yurii_med_i_produkty_pchelovodstva.fb2.zip</filename>
	<title> Харчук Юрий. Мед и продукты пчеловодства</title>
</book>
<book>
	<filename>harchuk_yurii/harchuk_yurii_myasnye_golubi_i_domashnee_golubevodstvo.fb2.zip</filename>
	<title> Харчук Юрий. Мясные голуби и домашнее голубеводство</title>
</book>
<book>
	<filename>harchuk_yurii/harchuk_yurii_ozarenie_istoriya_probuzhdennogo.fb2.zip</filename>
	<title> Харчук Юрий. Озарение: история Пробужденного</title>
</book>
<book>
	<filename>harchuk_yurii/harchuk_yurii_popugai_ot_a_do_ya.fb2.zip</filename>
	<title> Харчук Юрий. Попугаи от А до Я</title>
</book>
<book>
	<filename>harchuk_yurii/harchuk_yurii_razvedenie_domashnei_pticy_na_ferme_i_priusadebnom_uchastke.fb2.zip</filename>
	<title> Харчук Юрий. Разведение домашней птицы на ферме и приусадебном участке</title>
</book>
<book>
	<filename>harchuk_yurii/harchuk_yurii_razvedenie_i_soderzhanie_perepelov.fb2.zip</filename>
	<title> Харчук Юрий. Разведение и содержание перепелов</title>
</book>
<book>
	<filename>harchuk_yurii/harchuk_yurii_razvedenie_i_soderzhanie_volnistyh_popugaichikov.fb2.zip</filename>
	<title> Харчук Юрий. Разведение и содержание волнистых попугайчиков</title>
</book>
<book>
	<filename>harchuk_yurii/harchuk_yurii_razvedenie_koshek_i_sobak_sovety_professionalov.fb2.zip</filename>
	<title> Харчук Юрий. Разведение кошек и собак. Советы профессионалов</title>
</book>
<book>
	<filename>harchuk_yurii/harchuk_yurii_razvedenie_rakov.fb2.zip</filename>
	<title> Харчук Юрий. Разведение раков</title>
</book>
<book>
	<filename>harchuk_yurii/harchuk_yurii_razvedenie_ryby_rakov_i_domashnei_pticy.fb2.zip</filename>
	<title> Харчук Юрий. Разведение рыбы, раков и домашней птицы</title>
</book>
<book>
	<filename>harchuk_yurii/harchuk_yurii_sovremennyi_spravochnik_fermera_i_sadovoda.fb2.zip</filename>
	<title> Харчук Юрий. Современный справочник фермера и садовода</title>
</book>
<book>
	<filename>harchuk_yurii/harchuk_yurii_spravochnik_po_domashnemu_golubevodstvu.fb2.zip</filename>
	<title> Харчук Юрий. Справочник по домашнему голубеводству</title>
</book>
<book>
	<filename>harchuk_yurii/harchuk_yurii_spravochnik_po_domashnemu_pchelovodstvu.fb2.zip</filename>
	<title> Харчук Юрий. Справочник по домашнему пчеловодству</title>
</book>
<book>
	<filename>harchuk_yurii/harchuk_yurii_spravochnik_po_domashnemu_zhivotnovodstvu.fb2.zip</filename>
	<title> Харчук Юрий. Справочник по домашнему животноводству</title>
</book>
<book>
	<filename>harchuk_yurii/harchuk_yurii_spravochnik_sovremennogo_fermera_pticevodstvo_zhivotnovodstvo_konevodstvo.fb2.zip</filename>
	<title> Харчук Юрий. Справочник современного фермера. Птицеводство, животноводство, коневодство</title>
</book>
<book>
	<filename>harchuk_yurii/harchuk_yurii_steviya_bozhestvennyi_rostok.fb2.zip</filename>
	<title> Харчук Юрий. Стевия – божественный росток</title>
</book>
<book>
	<filename>harchuk_yurii/harchuk_yurii_zverki_shinshilly_soderzhanie_i_razvedenie.fb2.zip</filename>
	<title> Харчук Юрий. Зверьки Шиншиллы. Содержание и разведение</title>
</book>
<book>
	<filename>heiton_pola/heiton_pola_tvoe_schaste_ryadom.fb2.zip</filename>
	<title> Хейтон Пола. Твое счастье рядом</title>
</book>
<book>
	<filename>higgins_dzhek/higgins_dzhek_v_adu_mesta_net.fb2.zip</filename>
	<title> Хиггинс Джек. В аду места нет</title>
</book>
<book>
	<filename>higgins_dzhek/higgins_dzhek_za_chas_do_polunochi_per_maksima_dronova.fb2.zip</filename>
	<title> Хиггинс Джек. За час до полуночи (пер. Максима Дронова)</title>
</book>
<book>
	<filename>higir_boris/higir_boris_psihologicheskii_analiz_v_bolshom_futbole.fb2.zip</filename>
	<title> Хигир Борис Юрьевич. Психологический анализ в большом футболе</title>
</book>
<book>
	<filename>hilko_marina/hilko_marina_vozrastnaya_psihologiya_konspekt_lekcii.fb2.zip</filename>
	<title> Хилько Марина. Возрастная психология: конспект лекций</title>
</book>
<book>
	<filename>hill_duglas/hill_duglas_den_zvezdnogo_vetra.fb2.zip</filename>
	<title> Хилл Дуглас. День Звездного Ветра</title>
</book>
<book>
	<filename>hill_duglas/hill_duglas_ohotnik.fb2.zip</filename>
	<title> Хилл Дуглас. Охотник</title>
</book>
<book>
	<filename>hill_duglas/hill_duglas_planeta_voennogo_diktatora.fb2.zip</filename>
	<title> Хилл Дуглас. Планета военного диктатора</title>
</book>
<book>
	<filename>hill_duglas/hill_duglas_ruka_smerti.fb2.zip</filename>
	<title> Хилл Дуглас. Рука Смерти</title>
</book>
<book>
	<filename>hill_duglas/hill_duglas_voennyi_diktator_galaktiki.fb2.zip</filename>
	<title> Хилл Дуглас. Военный диктатор Галактики</title>
</book>
<book>
	<filename>hill_duglas/hill_duglas_zavarushka_na_fraksilii.fb2.zip</filename>
	<title> Хилл Дуглас. Заварушка на Фраксилии</title>
</book>
<book>
	<filename>hlebnikova_lyudmila/hlebnikova_lyudmila_chernaya_krov.fb2.zip</filename>
	<title> Хлебникова Людмила. Черная кровь</title>
</book>
<book>
	<filename>hlebnikova_lyudmila/hlebnikova_lyudmila_naslazhdenie_smertyu.fb2.zip</filename>
	<title> Хлебникова Людмила. Наслаждение смертью</title>
</book>
<book>
	<filename>hlebnikova_lyudmila/hlebnikova_lyudmila_otravlennaya_lyubov.fb2.zip</filename>
	<title> Хлебникова Людмила. Отравленная любовь</title>
</book>
<book>
	<filename>hlebnikova_lyudmila/hlebnikova_lyudmila_podpis_ravnocenna_smerti.fb2.zip</filename>
	<title> Хлебникова Людмила. Подпись равноценна смерти</title>
</book>
<book>
	<filename>hlebnikova_lyudmila/hlebnikova_lyudmila_zolotye_ruki.fb2.zip</filename>
	<title> Хлебникова Людмила. Золотые руки</title>
</book>
<book>
	<filename>hlobystin_andrei/hlobystin_andrei_bespokoiniki_goroda_pitera.fb2.zip</filename>
	<title> Хлобыстин Андрей. Беспокойники города Питера</title>
</book>
<book>
	<filename>hmara_gregor/hmara_gregor_massazh.fb2.zip</filename>
	<title> Хмара Грегор. Массаж</title>
</book>
<book>
	<filename>hmelevskaya_ioanna/hmelevskaya_ioanna_babskii_motiv.fb2.zip</filename>
	<title> Хмелевская Иоанна. Бабский мотив</title>
</book>
<book>
	<filename>hmelnickaya_olga/hmelnickaya_olga_33_schastya.fb2.zip</filename>
	<title> Хмельницкая Ольга. 33 счастья</title>
</book>
<book>
	<filename>hmelnickaya_olga/hmelnickaya_olga_ideal_na_vitrine.fb2.zip</filename>
	<title> Хмельницкая Ольга. Идеал на витрине</title>
</book>
<book>
	<filename>hmelnickaya_olga/hmelnickaya_olga_iz_butika_s_lyubovyu.fb2.zip</filename>
	<title> Хмельницкая Ольга. Из бутика с любовью</title>
</book>
<book>
	<filename>hmelnickaya_olga/hmelnickaya_olga_sanatornokurortnyi_manyak.fb2.zip</filename>
	<title> Хмельницкая Ольга. Санаторно-курортный маньяк</title>
</book>
<book>
	<filename>hmelnickaya_olga/hmelnickaya_olga_schaste_na_vysokih_kablukah.fb2.zip</filename>
	<title> Хмельницкая Ольга. Счастье на высоких каблуках</title>
</book>
<book>
	<filename>hmelnickaya_olga/hmelnickaya_olga_sezam_zakroisya.fb2.zip</filename>
	<title> Хмельницкая Ольга. Сезам, закройся!</title>
</book>
<book>
	<filename>hmelnickaya_olga/hmelnickaya_olga_shpion_v_kostyume_evy.fb2.zip</filename>
	<title> Хмельницкая Ольга. Шпион в костюме Евы</title>
</book>
<book>
	<filename>hmelnickaya_olga/hmelnickaya_olga_temnoe_proshloe_prekrasnogo_princa.fb2.zip</filename>
	<title> Хмельницкая Ольга. Темное прошлое прекрасного принца</title>
</book>
<book>
	<filename>hmelnickaya_olga/hmelnickaya_olga_vse_bez_uma_ot_evy.fb2.zip</filename>
	<title> Хмельницкая Ольга. Все без ума от Евы</title>
</book>
<book>
	<filename>hodus_aleksandr/hodus_aleksandr_kniga_perevoploshenii_kem_vy_byli_v_proshloi_zhizni.fb2.zip</filename>
	<title> Ходус Александр. Книга перевоплощений. Кем Вы были в прошлой жизни?</title>
</book>
<book>
	<filename>hogart_aureliya/hogart_aureliya_solnechnyi_veter.fb2.zip</filename>
	<title> Хогарт Аурелия. Солнечный ветер</title>
</book>
<book>
	<filename>hogart_aureliya/hogart_aureliya_voidi_v_moe_serdce.fb2.zip</filename>
	<title> Хогарт Аурелия. Войди в мое сердце</title>
</book>
<book>
	<filename>hogart_aureliya/hogart_aureliya_vozdushnee_poceluya.fb2.zip</filename>
	<title> Хогарт Аурелия. Воздушнее поцелуя</title>
</book>
<book>
	<filename>hogart_aureliya/hogart_aureliya_v_poiskah_nezhnosti.fb2.zip</filename>
	<title> Хогарт Аурелия. В поисках нежности</title>
</book>
<book>
	<filename>holc_renate/holc_renate_pomosh_detyam_s_cerebralnym_paralichom.fb2.zip</filename>
	<title> Хольц Ренате. Помощь детям с церебральным параличом</title>
</book>
<book>
	<filename>holdeman_dzho/holdeman_dzho_da_vspomnyatsya_moi_grehi.fb2.zip</filename>
	<title> Холдеман Джо. Да вспомнятся мои грехи</title>
</book>
<book>
	<filename>holina_arina/holina_arina_abonement_na_ubiistvo.fb2.zip</filename>
	<title> Холина Арина. Абонемент на убийство</title>
</book>
<book>
	<filename>holina_arina/holina_arina_dorogoi_ya_stala_vedmoi_v_yetu_pyatnicu.fb2.zip</filename>
	<title> Холина Арина. Дорогой, я стала ведьмой в эту пятницу!</title>
</book>
<book>
	<filename>holina_arina/holina_arina_dyavol_za_pravym_plechom.fb2.zip</filename>
	<title> Холина Арина. Дьявол за правым плечом</title>
</book>
<book>
	<filename>holina_arina/holina_arina_galereya_muzhskih_porokov.fb2.zip</filename>
	<title> Холина Арина. Галерея мужских пороков</title>
</book>
<book>
	<filename>holina_arina/holina_arina_hroniki_ambicioznoi_bryunetki.fb2.zip</filename>
	<title> Холина Арина. Хроники амбициозной брюнетки</title>
</book>
<book>
	<filename>holina_arina/holina_arina_kogda_bog_byl_zhenshinoi.fb2.zip</filename>
	<title> Холина Арина. Когда Бог был женщиной</title>
</book>
<book>
	<filename>holina_arina/holina_arina_magiya_na_kazhdyi_den.fb2.zip</filename>
	<title> Холина Арина. Магия на каждый день</title>
</book>
<book>
	<filename>holina_arina/holina_arina_nastolnaya_kniga_serdceedki.fb2.zip</filename>
	<title> Холина Арина. Настольная книга сердцеедки</title>
</book>
<book>
	<filename>holina_arina/holina_arina_ne_v_siskah_schaste_ili_vsya_pravda_o_zolushke.fb2.zip</filename>
	<title> Холина Арина. Не в сиськах счастье, или Вся правда о Золушке</title>
</book>
<book>
	<filename>holina_arina/holina_arina_uvidimsya_v_adu.fb2.zip</filename>
	<title> Холина Арина. Увидимся в аду</title>
</book>
<book>
	<filename>holina_arina/holina_arina_zakony_vysshego_obshestva.fb2.zip</filename>
	<title> Холина Арина. Законы высшего общества</title>
</book>
<book>
	<filename>holm_dzhon/holm_dzhon_imperator_i_molot.fb2.zip</filename>
	<title> Холм Джон. Император и Молот</title>
</book>
<book>
	<filename>holm_dzhon/holm_dzhon_korol_i_imperator.fb2.zip</filename>
	<title> Холм Джон. Король и Император</title>
</book>
<book>
	<filename>holm_dzhon/holm_dzhon_krest_i_korol.fb2.zip</filename>
	<title> Холм Джон. Крест и король</title>
</book>
<book>
	<filename>holm_dzhon/holm_dzhon_molot_i_krest.fb2.zip</filename>
	<title> Холм Джон. Молот и крест</title>
</book>
<book>
	<filename>holmogorov_mihail/holmogorov_mihail_vtorostepennaya_sut_veshei.fb2.zip</filename>
	<title> Холмогоров Михаил. Второстепенная суть вещей</title>
</book>
<book>
	<filename>homski_oksana/homski_oksana_dietnyi_yeksklyuziv.fb2.zip</filename>
	<title> Хомски Оксана. Диетный эксклюзив</title>
</book>
<book>
	<filename>homski_oksana/homski_oksana_glamur_porublevski.fb2.zip</filename>
	<title> Хомски Оксана. Гламур по-рублевски</title>
</book>
<book>
	<filename>homski_oksana/homski_oksana_krasota_porublevski.fb2.zip</filename>
	<title> Хомски Оксана. Красота по-рублевски</title>
</book>
<book>
	<filename>homski_oksana/homski_oksana_seksualnost_porublevski.fb2.zip</filename>
	<title> Хомски Оксана. Сексуальность по-рублевски</title>
</book>
<book>
	<filename>homski_oksana/homski_oksana_velnes_porublevski.fb2.zip</filename>
	<title> Хомски Оксана. Велнес по-рублевски</title>
</book>
<book>
	<filename>homski_oksana/homski_oksana_zolotaya_kollekciya_velnesreceptov.fb2.zip</filename>
	<title> Хомски Оксана. Золотая коллекция велнес-рецептов</title>
</book>
<book>
	<filename>hort_aleksandr/hort_aleksandr_lyubov_orlova.fb2.zip</filename>
	<title> Хорт Александр. Любовь Орлова</title>
</book>
<book>
	<filename>hovrina_marina/hovrina_marina_shpargalka_po_notariatu.fb2.zip</filename>
	<title> Ховрина Марина Викторовна. Шпаргалка по нотариату</title>
</book>
<book>
	<filename>hrappa_vadim/hrappa_vadim_ot_adamova_yabloka_do_yabloka_razdora_proishozhdenie_slov_i_vyrazhenii.fb2.zip</filename>
	<title> Храппа Вадим. От адамова яблока до яблока раздора. Происхождение слов и выражений</title>
</book>
<book>
	<filename>hruckii_yeduard/hruckii_yeduard_teni_kafe_domino.fb2.zip</filename>
	<title> Хруцкий Эдуард Анатольевич. Тени кафе «Домино»</title>
</book>
<book>
	<filename>hruckii_yeduard/hruckii_yeduard_teni_v_pereulke.fb2.zip</filename>
	<title> Хруцкий Эдуард Анатольевич. Тени в переулке</title>
</book>
<book>
	<filename>hrustaleva_irina/hrustaleva_irina_buduar_madam_holms.fb2.zip</filename>
	<title> Хрусталева Ирина. Будуар мадам Холмс</title>
</book>
<book>
	<filename>hrustaleva_irina/hrustaleva_irina_didzhei_sarafannogo_radio.fb2.zip</filename>
	<title> Хрусталева Ирина. Диджей сарафанного радио</title>
</book>
<book>
	<filename>hrustaleva_irina/hrustaleva_irina_dulsineya_tambovskaya.fb2.zip</filename>
	<title> Хрусталева Ирина. Дульсинея Тамбовская</title>
</book>
<book>
	<filename>hrustaleva_irina/hrustaleva_irina_gardemarin_v_yubke.fb2.zip</filename>
	<title> Хрусталева Ирина. Гардемарин в юбке</title>
</book>
<book>
	<filename>hrustaleva_irina/hrustaleva_irina_glotochek_svezhenkogo_yada.fb2.zip</filename>
	<title> Хрусталева Ирина. Глоточек свеженького яда</title>
</book>
<book>
	<filename>hrustaleva_irina/hrustaleva_irina_guvernantka_v_nabedrennoi_povyazke.fb2.zip</filename>
	<title> Хрусталева Ирина. Гувернантка в набедренной повязке</title>
</book>
<book>
	<filename>hrustaleva_irina/hrustaleva_irina_kollekciya_damskih_soblaznov.fb2.zip</filename>
	<title> Хрусталева Ирина. Коллекция дамских соблазнов</title>
</book>
<book>
	<filename>hrustaleva_irina/hrustaleva_irina_kto_v_dome_hozyaika.fb2.zip</filename>
	<title> Хрусталева Ирина. Кто в доме хозяйка?</title>
</book>
<book>
	<filename>hrustaleva_irina/hrustaleva_irina_letuchee_nedorazumenie.fb2.zip</filename>
	<title> Хрусталева Ирина. Летучее недоразумение</title>
</book>
<book>
	<filename>hrustaleva_irina/hrustaleva_irina_levak_ukreplyaet_brak.fb2.zip</filename>
	<title> Хрусталева Ирина. Левак укрепляет брак</title>
</book>
<book>
	<filename>hrustaleva_irina/hrustaleva_irina_muzh_i_zhena_odna_satana.fb2.zip</filename>
	<title> Хрусталева Ирина. Муж и жена – одна сатана</title>
</book>
<book>
	<filename>hrustaleva_irina/hrustaleva_irina_ne_pervyi_raz_zamuzhem.fb2.zip</filename>
	<title> Хрусталева Ирина. Не первый раз замужем</title>
</book>
<book>
	<filename>hrustaleva_irina/hrustaleva_irina_ne_rodis_puglivoi.fb2.zip</filename>
	<title> Хрусталева Ирина. Не родись пугливой</title>
</book>
<book>
	<filename>hrustaleva_irina/hrustaleva_irina_novogodnyaya_baika_iz_sklepa.fb2.zip</filename>
	<title> Хрусталева Ирина. Новогодняя байка из склепа</title>
</book>
<book>
	<filename>hrustaleva_irina/hrustaleva_irina_oblom_nechayanno_nagryanet.fb2.zip</filename>
	<title> Хрусталева Ирина. Облом нечаянно нагрянет</title>
</book>
<book>
	<filename>hrustaleva_irina/hrustaleva_irina_ogneopasnaya_krasotka.fb2.zip</filename>
	<title> Хрусталева Ирина. Огнеопасная красотка</title>
</book>
<book>
	<filename>hrustaleva_irina/hrustaleva_irina_ostorozhno_blondinka.fb2.zip</filename>
	<title> Хрусталева Ирина. Осторожно: блондинка!</title>
</book>
<book>
	<filename>hrustaleva_irina/hrustaleva_irina_palma_s_mandarinami.fb2.zip</filename>
	<title> Хрусталева Ирина. Пальма с мандаринами</title>
</book>
<book>
	<filename>hrustaleva_irina/hrustaleva_irina_pohozhdeniya_shustrogo_pokoinika.fb2.zip</filename>
	<title> Хрусталева Ирина. Похождения шустрого покойника</title>
</book>
<book>
	<filename>hrustaleva_irina/hrustaleva_irina_razvod_i_veshi_popolam.fb2.zip</filename>
	<title> Хрусталева Ирина. Развод и вещи пополам</title>
</book>
<book>
	<filename>hrustaleva_irina/hrustaleva_irina_sedmaya_voda_na_konyake.fb2.zip</filename>
	<title> Хрусталева Ирина. Седьмая вода на коньяке</title>
</book>
<book>
	<filename>hrustaleva_irina/hrustaleva_irina_s_legkim_navarom.fb2.zip</filename>
	<title> Хрусталева Ирина. С легким наваром</title>
</book>
<book>
	<filename>hrustaleva_irina/hrustaleva_irina_svet_moi_zerkalce_skazhi.fb2.zip</filename>
	<title> Хрусталева Ирина. Свет мой зеркальце, скажи…</title>
</book>
<book>
	<filename>hrustaleva_irina/hrustaleva_irina_tretya_svadba_korolya.fb2.zip</filename>
	<title> Хрусталева Ирина. Третья свадьба короля</title>
</book>
<book>
	<filename>hrustaleva_irina/hrustaleva_irina_v_posteli_s_mushketerom.fb2.zip</filename>
	<title> Хрусталева Ирина. В постели с мушкетером</title>
</book>
<book>
	<filename>hrustaleva_irina/hrustaleva_irina_yeliksir_ot_gluposti.fb2.zip</filename>
	<title> Хрусталева Ирина. Эликсир от глупости</title>
</book>
<book>
	<filename>hrustaleva_irina/hrustaleva_irina_zhenskii_monastyr_otdyhaet.fb2.zip</filename>
	<title> Хрусталева Ирина. Женский монастырь отдыхает</title>
</book>
<book>
	<filename>hrustalev_igor/hrustalev_igor_delec_platit_nalichnymi.fb2.zip</filename>
	<title> Хрусталев Игорь. Делец платит наличными</title>
</book>
<book>
	<filename>hrustalev_igor/hrustalev_igor_delec_vklyuchaetsya_v_igru.fb2.zip</filename>
	<title> Хрусталев Игорь. Делец включается в игру</title>
</book>
<book>
	<filename>hutornaya_elena/hutornaya_elena_ya_radost.fb2.zip</filename>
	<title> Хуторная Елена. Я – радость</title>
</book>
<book>
	<filename>hvorostuhina_svetlana/hvorostuhina_svetlana_letnee_vyazanie_modnaya_kollekciya.fb2.zip</filename>
	<title> Хворостухина Светлана Александровна. Летнее вязание. Модная коллекция</title>
</book>
<book>
	<filename>hvorostuhina_svetlana/hvorostuhina_svetlana_modnye_modeli_bryuk_bridzhei_i_shortikov_na_lyubuyu_figuru.fb2.zip</filename>
	<title> Хворостухина Светлана Александровна. Модные модели брюк, бриджей и шортиков на любую фигуру</title>
</book>
<book>
	<filename>hvorostuhina_svetlana/hvorostuhina_svetlana_morskie_srazheniya.fb2.zip</filename>
	<title> Хворостухина Светлана Александровна. Морские сражения</title>
</book>
<book>
	<filename>hvorostuhina_svetlana/hvorostuhina_svetlana_prazdniki_v_detskom_sadu.fb2.zip</filename>
	<title> Хворостухина Светлана Александровна. Праздники в детском саду</title>
</book>
<book>
	<filename>hvorostuhina_svetlana/hvorostuhina_svetlana_rekordy_v_mire_zhivotnyh.fb2.zip</filename>
	<title> Хворостухина Светлана Александровна. Рекорды в мире животных</title>
</book>
<book>
	<filename>hvorostuhina_svetlana/hvorostuhina_svetlana_rukodelie_dlya_devochek.fb2.zip</filename>
	<title> Хворостухина Светлана Александровна. Рукоделие для девочек</title>
</book>
<book>
	<filename>hvorostuhina_svetlana/hvorostuhina_svetlana_sekrety_yaponskoi_kuhni.fb2.zip</filename>
	<title> Хворостухина Светлана Александровна. Секреты японской кухни</title>
</book>
<book>
	<filename>hvorostuhina_svetlana/hvorostuhina_svetlana_shedevry_gaudi.fb2.zip</filename>
	<title> Хворостухина Светлана Александровна. Шедевры Гауди</title>
</book>
<book>
	<filename>hvorostuhina_svetlana/hvorostuhina_svetlana_stilnaya_bizhuteriya_svoimi_rukami_busy_braslety_sergi_poyasa_obodki_i_zakolki.fb2.zip</filename>
	<title> Хворостухина Светлана Александровна. Стильная бижутерия своими руками. Бусы, браслеты, серьги, пояса, ободки и заколки</title>
</book>
<book>
	<filename>hvorostuhina_svetlana/hvorostuhina_svetlana_stroim_dom.fb2.zip</filename>
	<title> Хворостухина Светлана Александровна. Строим дом</title>
</book>
<book>
	<filename>hvorostuhina_svetlana/hvorostuhina_svetlana_vyazanye_modnye_aksessuary_sumochki_remni_perchatki_sharfy.fb2.zip</filename>
	<title> Хворостухина Светлана Александровна. Вязаные модные аксессуары. Сумочки, ремни, перчатки, шарфы</title>
</book>
<book>
	<filename>hyembli_barbara/hyembli_barbara_puteshestvie_v_stranu_smerti.fb2.zip</filename>
	<title> Хэмбли Барбара. Путешествие в страну смерти</title>
</book>


</books>

