<?xml version="1.0" encoding="UTF-8" ?>
<books>

<book>
	<filename>ibbotson_eva/ibbotson_eva_miss_vedma.fb2.zip</filename>
	<title>Ибботсон Ева. Мисс Ведьма</title>
</book>
<book>
	<filename>ibbotson_eva/ibbotson_eva_taina_zamka_kary.fb2.zip</filename>
	<title>Ибботсон Ева. Тайна замка Кары</title>
</book>
<book>
	<filename>ibnfadlan_ahmed/ibnfadlan_ahmed_zapiska_o_puteshestvii_na_volgu.fb2.zip</filename>
	<title>Ибн-Фадлан Ахмед. «Записка» о путешествии на Волгу</title>
</book>
<book>
	<filename>ibn_munkyz_usama/ibn_munkyz_usama_kniga_nazidaniya.fb2.zip</filename>
	<title>Ибн мункыз Усама. Книга назидания</title>
</book>
<book>
	<filename>ibn_sina_abu_ali/ibn_sina_abu_ali_izbrannoe.fb2.zip</filename>
	<title>ибн Сина Абу Али. Избранное</title>
</book>
<book>
	<filename>ibn_sina_abu_ali/ibn_sina_abu_ali_kanon_vrachebnoi_nauki.fb2.zip</filename>
	<title>ибн Сина Абу Али. Канон врачебной науки</title>
</book>
<book>
	<filename>ibragimbekov_magsud/ibragimbekov_magsud_kto_poedet_v_truskavec.fb2.zip</filename>
	<title>Ибрагимбеков Магсуд. Кто поедет в Трускавец</title>
</book>
<book>
	<filename>ibragimbekov_rustam/ibragimbekov_rustam_beloe_solnce_pustyni.fb2.zip</filename>
	<title>Ибрагимбеков Рустам. Белое солнце пустыни</title>
</book>
<book>
	<filename>ibsen_genrik/ibsen_genrik_dikaya_utka.fb2.zip</filename>
	<title>Ибсен Генрик. Дикая утка</title>
</book>
<book>
	<filename>ibsen_genrik/ibsen_genrik_kukolnyi_dom.fb2.zip</filename>
	<title>Ибсен Генрик. Кукольный дом</title>
</book>
<book>
	<filename>ibsen_genrik/ibsen_genrik_privideniya.fb2.zip</filename>
	<title>Ибсен Генрик. Привидения</title>
</book>
<book>
	<filename>ibsen_genrik/ibsen_genrik_vrag_naroda.fb2.zip</filename>
	<title>Ибсен Генрик. Враг народа</title>
</book>
<book>
	<filename>ibuka_masaru/ibuka_masaru_posle_tryoh_uzhe_pozdno.fb2.zip</filename>
	<title>Ибука Масару. После трёх уже поздно</title>
</book>
<book>
	<filename>ibusye_masudzi/ibusye_masudzi_avtobus.fb2.zip</filename>
	<title>Ибусэ Масудзи. Автобус</title>
</book>
<book>
	<filename>iden_doroti/iden_doroti_agnec_na_zaklanie.fb2.zip</filename>
	<title>Иден Дороти. Агнец на заклание</title>
</book>
<book>
	<filename>iden_doroti/iden_doroti_angelskii_oblik.fb2.zip</filename>
	<title>Иден Дороти. Ангельский облик</title>
</book>
<book>
	<filename>iden_doroti/iden_doroti_bolshe_ne_vlyublyaisya.fb2.zip</filename>
	<title>Иден Дороти. Больше не влюбляйся!</title>
</book>
<book>
	<filename>iden_doroti/iden_doroti_govori_mne_o_lyubvi.fb2.zip</filename>
	<title>Иден Дороти. Говори мне о любви</title>
</book>
<book>
	<filename>iden_doroti/iden_doroti_kukla_na_kachelyah.fb2.zip</filename>
	<title>Иден Дороти. Кукла на качелях</title>
</book>
<book>
	<filename>iden_doroti/iden_doroti_mozhno_i_ne_lyubit.fb2.zip</filename>
	<title>Иден Дороти. Можно и не любить</title>
</book>
<book>
	<filename>iden_doroti/iden_doroti_taina_ierihonskoi_rozy.fb2.zip</filename>
	<title>Иден Дороти. Тайна Иерихонской розы</title>
</book>
<book>
	<filename>iden_doroti/iden_doroti_temnye_vody.fb2.zip</filename>
	<title>Иден Дороти. Темные воды</title>
</book>
<book>
	<filename>iden_doroti/iden_doroti_vino_zhelanii.fb2.zip</filename>
	<title>Иден Дороти. Вино желаний</title>
</book>
<book>
	<filename>iden_doroti/iden_doroti_v_poiskah_villy.fb2.zip</filename>
	<title>Иден Дороти. В поисках Виллы</title>
</book>
<book>
	<filename>idiatullin_shamil/idiatullin_shamil_tatarskii_udar.fb2.zip</filename>
	<title>Идиатуллин Шамиль. Татарский удар</title>
</book>
<book>
	<filename>iehoshua_avraam/iehoshua_avraam_lyubovnik.fb2.zip</filename>
	<title>Иехошуа Авраам. Любовник</title>
</book>
<book>
	<filename>iellin_linda/iellin_linda_takaya_milaya_para.fb2.zip</filename>
	<title>Йеллин Линда. Такая милая пара</title>
</book>
<book>
	<filename>iensen_iohannes/iensen_iohannes_ane_i_ee_korova.fb2.zip</filename>
	<title>Йенсен Йоханнес Вильгельм. Ане и ее корова</title>
</book>
<book>
	<filename>iensen_iohannes/iensen_iohannes_derevyannye_bashmaki_pomeshika.fb2.zip</filename>
	<title>Йенсен Йоханнес Вильгельм. Деревянные башмаки помещика</title>
</book>
<book>
	<filename>iensen_iohannes/iensen_iohannes_gospodin_iesper.fb2.zip</filename>
	<title>Йенсен Йоханнес Вильгельм. Господин Йеспер</title>
</book>
<book>
	<filename>iensen_iohannes/iensen_iohannes_hristofor_kolumb.fb2.zip</filename>
	<title>Йенсен Йоханнес Вильгельм. Христофор Колумб</title>
</book>
<book>
	<filename>iensen_iohannes/iensen_iohannes_hutor_pereselenca.fb2.zip</filename>
	<title>Йенсен Йоханнес Вильгельм. Хутор переселенца</title>
</book>
<book>
	<filename>iensen_iohannes/iensen_iohannes_iens.fb2.zip</filename>
	<title>Йенсен Йоханнес Вильгельм. Йенс</title>
</book>
<book>
	<filename>iensen_iohannes/iensen_iohannes_iomfru.fb2.zip</filename>
	<title>Йенсен Йоханнес Вильгельм. Йомфру</title>
</book>
<book>
	<filename>iensen_iohannes/iensen_iohannes_lednik.fb2.zip</filename>
	<title>Йенсен Йоханнес Вильгельм. Ледник</title>
</book>
<book>
	<filename>iensen_iohannes/iensen_iohannes_lezheboki.fb2.zip</filename>
	<title>Йенсен Йоханнес Вильгельм. Лежебоки</title>
</book>
<book>
	<filename>iensen_iohannes/iensen_iohannes_nornegest.fb2.zip</filename>
	<title>Йенсен Йоханнес Вильгельм. Норне-Гест</title>
</book>
<book>
	<filename>iensen_iohannes/iensen_iohannes_pohod_kimvrov.fb2.zip</filename>
	<title>Йенсен Йоханнес Вильгельм. Поход кимвров</title>
</book>
<book>
	<filename>iensen_iohannes/iensen_iohannes_rozhdestvenskii_pokoi.fb2.zip</filename>
	<title>Йенсен Йоханнес Вильгельм. Рождественский покой</title>
</book>
<book>
	<filename>iensen_iohannes/iensen_iohannes_rozhdestvenskii_vecher_mortena.fb2.zip</filename>
	<title>Йенсен Йоханнес Вильгельм. Рождественский вечер Мортена</title>
</book>
<book>
	<filename>iensen_iohannes/iensen_iohannes_sesil.fb2.zip</filename>
	<title>Йенсен Йоханнес Вильгельм. Сесиль</title>
</book>
<book>
	<filename>iensen_iohannes/iensen_iohannes_tihoe_prozyabanie.fb2.zip</filename>
	<title>Йенсен Йоханнес Вильгельм. Тихое прозябание</title>
</book>
<book>
	<filename>iensen_iohannes/iensen_iohannes_tomas_iz_spanggora.fb2.zip</filename>
	<title>Йенсен Йоханнес Вильгельм. Томас из Спанггора</title>
</book>
<book>
	<filename>iensen_iohannes/iensen_iohannes_vo_mrake.fb2.zip</filename>
	<title>Йенсен Йоханнес Вильгельм. Во мраке</title>
</book>
<book>
	<filename>iensen_iohannes/iensen_iohannes_zolotoiskatel.fb2.zip</filename>
	<title>Йенсен Йоханнес Вильгельм. Золотоискатель</title>
</book>
<book>
	<filename>ieor_bat/ieor_bat_zimmi_hristiane_i_evrei_pod_vlastyu_islama.fb2.zip</filename>
	<title>Йеор Бат. «Зимми»: христиане и евреи под властью ислама</title>
</book>
<book>
	<filename>iepp_lourens/iepp_lourens_vlastelin_prizrakov.fb2.zip</filename>
	<title>Йепп Лоуренс. Властелин Призраков</title>
</book>
<book>
	<filename>ierbi_fryenk/ierbi_fryenk_gibel_rusalki.fb2.zip</filename>
	<title>Йерби Фрэнк. Гибель «Русалки»</title>
</book>
<book>
	<filename>ierbi_fryenk/ierbi_fryenk_izgnannik_iz_sparty.fb2.zip</filename>
	<title>Йерби Фрэнк. Изгнанник из Спарты</title>
</book>
<book>
	<filename>ierbi_fryenk/ierbi_fryenk_sataninskii_smeh.fb2.zip</filename>
	<title>Йерби Фрэнк. Сатанинский смех</title>
</book>
<book>
	<filename>ierbi_fryenk/ierbi_fryenk_zolotoi_yastreb.fb2.zip</filename>
	<title>Йерби Фрэнк. Золотой ястреб</title>
</book>
<book>
	<filename>ietf_/ietf__rfc_1918_raspredelenie_adresov_v_chastnyh_ipsetyah.fb2.zip</filename>
	<title>IETF. RFC 1918. Распределение адресов в частных IP-сетях</title>
</book>
<book>
	<filename>ievlev_gennadii/ievlev_gennadii_civilizacii.fb2.zip</filename>
	<title>Иевлев Геннадий. Цивилизации</title>
</book>
<book>
	<filename>ievlev_gennadii/ievlev_gennadii_seraya_mgla.fb2.zip</filename>
	<title>Иевлев Геннадий. Серая мгла</title>
</book>
<book>
	<filename>igan_deniza/igan_deniza_greshnaya_zhenshina.fb2.zip</filename>
	<title>Иган Дениза. Грешная женщина</title>
</book>
<book>
	<filename>igan_greg/igan_greg_karantin.fb2.zip</filename>
	<title>Иган Грег. Карантин</title>
</book>
<book>
	<filename>igl_sara/igl_sara_ledi_vozmezdie.fb2.zip</filename>
	<title>Игл Сара. Леди Возмездие</title>
</book>
<book>
	<filename>ignatev_oleg/ignatev_oleg_tiradentis.fb2.zip</filename>
	<title>Игнатьев Олег Константинович. Тирадентис</title>
</book>
<book>
	<filename>ignatiya_monahinya/ignatiya_monahinya_starchestvo_na_rusi.fb2.zip</filename>
	<title>Игнатия Монахиня. Старчество на Руси</title>
</book>
<book>
	<filename>ignatova_natalya/ignatova_natalya_chuzhaya_voina.fb2.zip</filename>
	<title>Игнатова Наталья. Чужая война</title>
</book>
<book>
	<filename>ignatova_natalya/ignatova_natalya_deva_i_zmei.fb2.zip</filename>
	<title>Игнатова Наталья. Дева и Змей</title>
</book>
<book>
	<filename>ignatova_natalya/ignatova_natalya_ohotnik_za_smertyu.fb2.zip</filename>
	<title>Игнатова Наталья. Охотник за смертью</title>
</book>
<book>
	<filename>ignatova_natalya/ignatova_natalya_poslednee_nebo.fb2.zip</filename>
	<title>Игнатова Наталья. Последнее небо</title>
</book>
<book>
	<filename>ignatova_natalya/ignatova_natalya_pyl_nebes.fb2.zip</filename>
	<title>Игнатова Наталья Владимировна. Пыль небес</title>
</book>
<book>
	<filename>ignatova_natalya/ignatova_natalya_skazka_o_lyubvi.fb2.zip</filename>
	<title>Игнатова Наталья. Сказка о любви</title>
</book>
<book>
	<filename>ignatova_natalya/ignatova_natalya_volchya_vernost.fb2.zip</filename>
	<title>Игнатова Наталья Владимировна. Волчья верность</title>
</book>
<book>
	<filename>ignatova_natalya/ignatova_natalya_vragov_vybirai_sam.fb2.zip</filename>
	<title>Игнатова Наталья. Врагов выбирай сам</title>
</book>
<book>
	<filename>ignatova_natalya/ignatova_natalya_zmeeborec.fb2.zip</filename>
	<title>Игнатова Наталья. Змееборец</title>
</book>
<book>
	<filename>ignatova_natalya/ignatova_natalya_zmeya_v_teni_orla.fb2.zip</filename>
	<title>Игнатова Наталья. Змея в тени орла</title>
</book>
<book>
	<filename>ignatov_konstantin/ignatov_konstantin_kreshenie_kiberudarom.fb2.zip</filename>
	<title>Игнатов Константин. Крещение киберударом</title>
</book>
<book>
	<filename>ignatov_konstantin/ignatov_konstantin_rasplavlennyi_zhemchug_galaktiki.fb2.zip</filename>
	<title>Игнатов Константин. Расплавленный жемчуг Галактики</title>
</book>
<book>
	<filename>igonichev_sergei/igonichev_sergei_poslednii_vedmak.fb2.zip</filename>
	<title>Игоничев Сергей Николаевич. Последний ведьмак</title>
</book>
<book>
	<filename>igonichev_sergei/igonichev_sergei_skif.fb2.zip</filename>
	<title>Игоничев Сергей Николаевич. Скиф</title>
</book>
<book>
	<filename>igraeva_olga/igraeva_olga_dve_damy_i_korol.fb2.zip</filename>
	<title>Играева Ольга. Две дамы и король</title>
</book>
<book>
	<filename>ijeits_uilyam/ijeits_uilyam_keltskii_yelement_v_literature.fb2.zip</filename>
	<title>Йейтс Уильям Батлер. Кельтский элемент в литературе</title>
</book>
<book>
	<filename>ijeits_uilyam/ijeits_uilyam_roza_alhimii.fb2.zip</filename>
	<title>Йейтс Уильям Батлер. Роза алхимии</title>
</book>
<book>
	<filename>ijeits_uilyam/ijeits_uilyam_zvezdnyi_edinorog_pesy.fb2.zip</filename>
	<title>Йейтс Уильям Батлер. Звездный единорог. Пьесы</title>
</book>
<book>
	<filename>ijenach_nik/ijenach_nik_tehnika_sportivnoi_ezdy.fb2.zip</filename>
	<title>Йенач Ник. Техника спортивной езды</title>
</book>
<book>
	<filename>ijeor_bat/ijeor_bat_zimmi_hristiane_i_evrei_pod_vlastyu_islama.fb2.zip</filename>
	<title>Йеор Бат. «ЗИММИ»: ХРИСТИАНЕ И ЕВРЕИ ПОД ВЛАСТЬЮ ИСЛАМА</title>
</book>
<book>
	<filename>ijerbi_fryenk/ijerbi_fryenk_gibel_rusalki.fb2.zip</filename>
	<title>Йерби Фрэнк. Гибель «Русалки»</title>
</book>
<book>
	<filename>ijerbi_fryenk/ijerbi_fryenk_sataninskii_smeh.fb2.zip</filename>
	<title>Йерби Фрэнк. Сатанинский смех</title>
</book>
<book>
	<filename>ijerbi_fryenk/ijerbi_fryenk_zolotoi_yastreb.fb2.zip</filename>
	<title>Йерби Фрэнк. Золотой ястреб</title>
</book>
<book>
	<filename>ijohansen_roi/ijohansen_roi_detektor_lzhi.fb2.zip</filename>
	<title>Йохансен Рой. Детектор лжи</title>
</book>
<book>
	<filename>ijokai_mor/ijokai_mor_synovya_cheloveka_s_kamennym_serdcem.fb2.zip</filename>
	<title>Йокаи Мор. Сыновья человека с каменным сердцем</title>
</book>
<book>
	<filename>ijokai_mor/ijokai_mor_vengerskii_nabob.fb2.zip</filename>
	<title>Йокаи Мор. Венгерский набоб</title>
</book>
<book>
	<filename>ijolen_dzhein/ijolen_dzhein_karty_pechali.fb2.zip</filename>
	<title>Йолен Джейн. Карты печали</title>
</book>
<book>
	<filename>ijolen_dzhein/ijolen_dzhein_knigi_velikoi_alty.fb2.zip</filename>
	<title>Йолен Джейн. Книги Великой Альты</title>
</book>
<book>
	<filename>ijonen_vilgelm/ijonen_vilgelm_nochnye_yeskadrili_lyuftvaffe_zapiski_nemeckogo_letchika.fb2.zip</filename>
	<title>Йонен Вильгельм. Ночные эскадрильи люфтваффе. Записки немецкого летчика</title>
</book>
<book>
	<filename>ijordon_yedvard/ijordon_yedvard_put_kamikadze_smertelnyi_marsh.fb2.zip</filename>
	<title>Йордон Эдвард. Путь камикадзе [Смертельный марш]</title>
</book>
<book>
	<filename>ijosifova_brigita/ijosifova_brigita_dekabristy.fb2.zip</filename>
	<title>Йосифова Бригита. Декабристы</title>
</book>
<book>
	<filename>ijovicye_vlad/ijovicye_vlad_dmitrii_kantemir.fb2.zip</filename>
	<title>Йовицэ Влад. Дмитрий Кантемир</title>
</book>
<book>
	<filename>ilchenko_yurii/ilchenko_yurii_terminator_iii.fb2.zip</filename>
	<title>Ильченко Юрий. Терминатор III</title>
</book>
<book>
	<filename>ilf_ilya/ilf_ilya_1001_den_ili_novaya_shaherezada.fb2.zip</filename>
	<title>Ильф Илья. 1001 день, или Новая Шахерезада</title>
</book>
<book>
	<filename>ilf_ilya/ilf_ilya_bronirovannoe_mesto.fb2.zip</filename>
	<title>Ильф Илья. Бронированное место</title>
</book>
<book>
	<filename>ilf_ilya/ilf_ilya_chudesnye_gosti.fb2.zip</filename>
	<title>Ильф Илья. Чудесные гости</title>
</book>
<book>
	<filename>ilf_ilya/ilf_ilya_dobrodushnyi_kuryatnikov.fb2.zip</filename>
	<title>Ильф Илья. Добродушный Курятников</title>
</book>
<book>
	<filename>ilf_ilya/ilf_ilya_dvenadcat_stulev.fb2.zip</filename>
	<title>Ильф Илья. Двенадцать стульев</title>
</book>
<book>
	<filename>ilf_ilya/ilf_ilya_dvenadcat_stulev_polnyi_variant_s_kommentariyami.fb2.zip</filename>
	<title>Ильф Илья. Двенадцать стульев (полный вариант, с комментариями)</title>
</book>
<book>
	<filename>ilf_ilya/ilf_ilya_feletony_stati_rechi.fb2.zip</filename>
	<title>Ильф Илья. Фельетоны, статьи, речи</title>
</book>
<book>
	<filename>ilf_ilya/ilf_ilya_intrigi.fb2.zip</filename>
	<title>Ильф Илья. Интриги</title>
</book>
<book>
	<filename>ilf_ilya/ilf_ilya_kloop.fb2.zip</filename>
	<title>Ильф Илья. КЛООП</title>
</book>
<book>
	<filename>ilf_ilya/ilf_ilya_kolumb_prichalivaet_k_beregu.fb2.zip</filename>
	<title>Ильф Илья. Колумб причаливает к берегу</title>
</book>
<book>
	<filename>ilf_ilya/ilf_ilya_lentyai.fb2.zip</filename>
	<title>Ильф Илья. Лентяй</title>
</book>
<book>
	<filename>ilf_ilya/ilf_ilya_neobyknovennye_istorii_iz_zhizni_goroda_kolokolamska.fb2.zip</filename>
	<title>Ильф Илья. Необыкновенные истории из жизни города Колоколамска</title>
</book>
<book>
	<filename>ilf_ilya/ilf_ilya_odnoyetazhnaya_amerika.fb2.zip</filename>
	<title>Ильф Илья. Одноэтажная Америка</title>
</book>
<book>
	<filename>ilf_ilya/ilf_ilya_pod_kupolom_cirka.fb2.zip</filename>
	<title>Ильф Илья. Под куполом цирка</title>
</book>
<book>
	<filename>ilf_ilya/ilf_ilya_poslednyaya_vstrecha.fb2.zip</filename>
	<title>Ильф Илья. Последняя встреча</title>
</book>
<book>
	<filename>ilf_ilya/ilf_ilya_putevye_zametki.fb2.zip</filename>
	<title>Ильф Илья. Путевые заметки</title>
</book>
<book>
	<filename>ilf_ilya/ilf_ilya_rasskazy_ocherki_feletony.fb2.zip</filename>
	<title>Ильф Илья. Рассказы, очерки, фельетоны</title>
</book>
<book>
	<filename>ilf_ilya/ilf_ilya_razgovory_za_chainym_stolom.fb2.zip</filename>
	<title>Ильф Илья. Разговоры за чайным столом</title>
</book>
<book>
	<filename>ilf_ilya/ilf_ilya_raznostoronnii_chelovek.fb2.zip</filename>
	<title>Ильф Илья. Разносторонний человек</title>
</book>
<book>
	<filename>ilf_ilya/ilf_ilya_scenarii_zvukovogo_kinofilma.fb2.zip</filename>
	<title>Ильф Илья. Сценарий звукового кинофильма</title>
</book>
<book>
	<filename>ilf_ilya/ilf_ilya_schastlivyi_otec.fb2.zip</filename>
	<title>Ильф Илья. Счастливый отец</title>
</book>
<book>
	<filename>ilf_ilya/ilf_ilya_shirokii_razmah.fb2.zip</filename>
	<title>Ильф Илья. Широкий размах</title>
</book>
<book>
	<filename>ilf_ilya/ilf_ilya_sobachii_holod.fb2.zip</filename>
	<title>Ильф Илья. Собачий холод</title>
</book>
<book>
	<filename>ilf_ilya/ilf_ilya_svetlaya_lichnost.fb2.zip</filename>
	<title>Ильф Илья. Светлая личность</title>
</book>
<book>
	<filename>ilf_ilya/ilf_ilya_zapisnye_knizhki_19251937.fb2.zip</filename>
	<title>Ильф Илья. Записные книжки (1925—1937)</title>
</book>
<book>
	<filename>ilf_ilya/ilf_ilya_zdes_nagruzhayut_korabl.fb2.zip</filename>
	<title>Ильф Илья. Здесь нагружают корабль</title>
</book>
<book>
	<filename>ilf_ilya/ilf_ilya_zolotoi_telenok_illyustracii_kukryniksy.fb2.zip</filename>
	<title>Ильф Илья. Золотой теленок (Иллюстрации Кукрыниксы)</title>
</book>
<book>
	<filename>ilichev_andrei/ilichev_andrei_prakticheskoe_posobie_po_ohote_na_muzhchin.fb2.zip</filename>
	<title>Ильичев Андрей. Практическое пособие по охоте на мужчин</title>
</book>
<book>
	<filename>ilina_elena/ilina_elena_chetvertaya_vysota.fb2.zip</filename>
	<title>Ильина Елена И. Четвертая высота</title>
</book>
<book>
	<filename>ilina_larisa/ilina_larisa_vrednost_ne_porok.fb2.zip</filename>
	<title>Ильина Лариса. Вредность не порок</title>
</book>
<book>
	<filename>ilin_aleksandr/ilin_aleksandr_gennadii_zyuganov_pravda_o_vozhde.fb2.zip</filename>
	<title>Ильин Александр Алексеевич. Геннадий Зюганов: «Правда» о вожде</title>
</book>
<book>
	<filename>ilina_nataliya/ilina_nataliya_a_voda_vse_techet.fb2.zip</filename>
	<title>Ильина Наталия Иосифовна. А вода все течет...</title>
</book>
<book>
	<filename>ilina_nataliya/ilina_nataliya_avtomobilnyi_triptih.fb2.zip</filename>
	<title>Ильина Наталия Иосифовна. Автомобильный триптих</title>
</book>
<book>
	<filename>ilina_nataliya/ilina_nataliya_belogorskaya_krepost.fb2.zip</filename>
	<title>Ильина Наталия Иосифовна. Белогорская крепость</title>
</book>
<book>
	<filename>ilina_nataliya/ilina_nataliya_bunt_babushek_ili_papa_na_kuhne.fb2.zip</filename>
	<title>Ильина Наталия Иосифовна. Бунт бабушек, или папа на кухне</title>
</book>
<book>
	<filename>ilina_nataliya/ilina_nataliya_den_rozhdenya.fb2.zip</filename>
	<title>Ильина Наталия Иосифовна. День рожденья</title>
</book>
<book>
	<filename>ilina_nataliya/ilina_nataliya_fifa_i_akademik.fb2.zip</filename>
	<title>Ильина Наталия Иосифовна. Фифа и академик</title>
</book>
<book>
	<filename>ilina_nataliya/ilina_nataliya_kandidat_otobrazitelnyh_nauk.fb2.zip</filename>
	<title>Ильина Наталия Иосифовна. Кандидат отобразительных наук</title>
</book>
<book>
	<filename>ilina_nataliya/ilina_nataliya_kletki_dlya_gerasima_zapiski_molodoi_uchitelnicy.fb2.zip</filename>
	<title>Ильина Наталия Иосифовна. Клетки для Герасима. Записки молодой учительницы</title>
</book>
<book>
	<filename>ilina_nataliya/ilina_nataliya_klimat_buhty_sidimi.fb2.zip</filename>
	<title>Ильина Наталия Иосифовна. Климат бухты Сидими</title>
</book>
<book>
	<filename>ilina_nataliya/ilina_nataliya_kto_zhe_meshaet.fb2.zip</filename>
	<title>Ильина Наталия Иосифовна. Кто же мешает?</title>
</book>
<book>
	<filename>ilina_nataliya/ilina_nataliya_k_voprosu_o_sprose.fb2.zip</filename>
	<title>Ильина Наталия Иосифовна. К вопросу о спросе</title>
</book>
<book>
	<filename>ilina_nataliya/ilina_nataliya_my_lyubim_kritiku.fb2.zip</filename>
	<title>Ильина Наталия Иосифовна. Мы любим критику</title>
</book>
<book>
	<filename>ilina_nataliya/ilina_nataliya_nadenka_brat_eldyrin_na_menya_palto.fb2.zip</filename>
	<title>Ильина Наталия Иосифовна. Надень-ка, брат Елдырин, на меня пальто...</title>
</book>
<book>
	<filename>ilina_nataliya/ilina_nataliya_nechto_o_nekondicii.fb2.zip</filename>
	<title>Ильина Наталия Иосифовна. Нечто о некондиции</title>
</book>
<book>
	<filename>ilina_nataliya/ilina_nataliya_ne_nado_ovacii.fb2.zip</filename>
	<title>Ильина Наталия Иосифовна. Не надо оваций!</title>
</book>
<book>
	<filename>ilina_nataliya/ilina_nataliya_novogodnyaya_anketa.fb2.zip</filename>
	<title>Ильина Наталия Иосифовна. Новогодняя анкета</title>
</book>
<book>
	<filename>ilina_nataliya/ilina_nataliya_pogashenie_s_nadryvom.fb2.zip</filename>
	<title>Ильина Наталия Иосифовна. Погашение с надрывом</title>
</book>
<book>
	<filename>ilina_nataliya/ilina_nataliya_pogovorim_o_zhanrah.fb2.zip</filename>
	<title>Ильина Наталия Иосифовна. Поговорим о жанрах</title>
</book>
<book>
	<filename>ilina_nataliya/ilina_nataliya_poslednii_reis.fb2.zip</filename>
	<title>Ильина Наталия. Последний рейс</title>
</book>
<book>
	<filename>ilina_nataliya/ilina_nataliya_rasstegivaya_vatnik.fb2.zip</filename>
	<title>Ильина Наталия Иосифовна. Расстегивая ватник</title>
</book>
<book>
	<filename>ilina_nataliya/ilina_nataliya_reshenie_i_pretvorenie.fb2.zip</filename>
	<title>Ильина Наталия Иосифовна. Решение и претворение</title>
</book>
<book>
	<filename>ilina_nataliya/ilina_nataliya_strashnee_pistoleta.fb2.zip</filename>
	<title>Ильина Наталия Иосифовна. Страшнее пистолета</title>
</book>
<book>
	<filename>ilina_nataliya/ilina_nataliya_svetyashiesya_tablo.fb2.zip</filename>
	<title>Ильина Наталия Иосифовна. Светящиеся табло</title>
</book>
<book>
	<filename>ilina_nataliya/ilina_nataliya_svoyu_leptu_vnesli.fb2.zip</filename>
	<title>Ильина Наталия Иосифовна. Свою лепту внесли...</title>
</book>
<book>
	<filename>ilina_nataliya/ilina_nataliya_tut_vse_napisano.fb2.zip</filename>
	<title>Ильина Наталия. Тут все написано...</title>
</book>
<book>
	<filename>ilin_andrei/ilin_andrei_boec_nevidimogo_fronta.fb2.zip</filename>
	<title>Ильин Андрей. Боец невидимого фронта</title>
</book>
<book>
	<filename>ilin_andrei/ilin_andrei_bomba_dlya_bratvy.fb2.zip</filename>
	<title>Ильин Андрей. Бомба для братвы</title>
</book>
<book>
	<filename>ilin_andrei/ilin_andrei_devyat_negrityat.fb2.zip</filename>
	<title>Ильин Андрей. Девять негритят</title>
</book>
<book>
	<filename>ilin_andrei/ilin_andrei_diversiya.fb2.zip</filename>
	<title>Ильин Андрей. Диверсия</title>
</book>
<book>
	<filename>ilin_andrei/ilin_andrei_doiti_do_gorizonta.fb2.zip</filename>
	<title>Ильин Андрей. Дойти до горизонта</title>
</book>
<book>
	<filename>ilin_andrei/ilin_andrei_do_poslednei_kapli.fb2.zip</filename>
	<title>Ильин Андрей. До последней капли</title>
</book>
<book>
	<filename>ilin_andrei/ilin_andrei_gospoda_oficery.fb2.zip</filename>
	<title>Ильин Андрей. Господа офицеры</title>
</book>
<book>
	<filename>ilin_andrei/ilin_andrei_gosudarevy_lyudi.fb2.zip</filename>
	<title>Ильин Андрей. Государевы люди</title>
</book>
<book>
	<filename>ilin_andrei/ilin_andrei_igra_na_vylet.fb2.zip</filename>
	<title>Ильин Андрей. Игра на вылет</title>
</book>
<book>
	<filename>ilin_andrei/ilin_andrei_istoriya_vysoty_6725.fb2.zip</filename>
	<title>Ильин Андрей Александрович. История высоты № 6725</title>
</book>
<book>
	<filename>ilin_andrei/ilin_andrei_istoriya_vysoty_no_6725.fb2.zip</filename>
	<title>Ильин Андрей. История высоты № 6725</title>
</book>
<book>
	<filename>ilin_andrei/ilin_andrei_kartonnyi_voin.fb2.zip</filename>
	<title>Ильин Андрей. Картонный воин</title>
</book>
<book>
	<filename>ilin_andrei/ilin_andrei_killer_iz_shkafa.fb2.zip</filename>
	<title>Ильин Андрей. Киллер из шкафа</title>
</book>
<book>
	<filename>ilin_andrei/ilin_andrei_kozyrnoi_strelok.fb2.zip</filename>
	<title>Ильин Андрей. Козырной стрелок</title>
</book>
<book>
	<filename>ilin_andrei/ilin_andrei_kriminalnyi_otdel.fb2.zip</filename>
	<title>Ильин Андрей. Криминальный отдел</title>
</book>
<book>
	<filename>ilin_andrei/ilin_andrei_lovushka_dlya_geroev.fb2.zip</filename>
	<title>Ильин Андрей. Ловушка для героев</title>
</book>
<book>
	<filename>ilin_andrei/ilin_andrei_maska_rezidenta.fb2.zip</filename>
	<title>Ильин Андрей. Маска резидента</title>
</book>
<book>
	<filename>ilin_andrei/ilin_andrei_master_sysknogo_dela.fb2.zip</filename>
	<title>Ильин Андрей. Мастер сыскного дела</title>
</book>
<book>
	<filename>ilin_andrei/ilin_andrei_missiya_vypolnima.fb2.zip</filename>
	<title>Ильин Андрей. Миссия выполнима</title>
</book>
<book>
	<filename>ilin_andrei/ilin_andrei_my_iz_kontory.fb2.zip</filename>
	<title>Ильин Андрей. Мы из Конторы</title>
</book>
<book>
	<filename>ilin_andrei/ilin_andrei_nastoyashii_polkovnik.fb2.zip</filename>
	<title>Ильин Андрей. Настоящий полковник</title>
</book>
<book>
	<filename>ilin_andrei/ilin_andrei_obet_molchaniya.fb2.zip</filename>
	<title>Ильин Андрей. Обет молчания</title>
</book>
<book>
	<filename>ilin_andrei/ilin_andrei_odna_satana.fb2.zip</filename>
	<title>Ильин Андрей. Одна сатана</title>
</book>
<book>
	<filename>ilin_andrei/ilin_andrei_revizor_007.fb2.zip</filename>
	<title>Ильин Андрей. Ревизор 007</title>
</book>
<book>
	<filename>ilin_andrei/ilin_andrei_shkola_vyzhivaniya_pri_avariyah_i_stihiinyh_bedstviyah.fb2.zip</filename>
	<title>Ильин Андрей. Школа выживания при авариях и стихийных бедствиях</title>
</book>
<book>
	<filename>ilin_andrei/ilin_andrei_shkola_vyzhivaniya_v_prirodnyh_usloviyah.fb2.zip</filename>
	<title>Ильин Андрей. Школа выживания в природных условиях</title>
</book>
<book>
	<filename>ilin_andrei/ilin_andrei_shkola_vyzhivaniya_v_usloviyah_yekonomicheskogo_krizisa.fb2.zip</filename>
	<title>Ильин Андрей. Школа выживания в условиях экономического кризиса</title>
</book>
<book>
	<filename>ilin_andrei/ilin_andrei_shpion_federalnogo_znacheniya.fb2.zip</filename>
	<title>Ильин Андрей. Шпион федерального значения</title>
</book>
<book>
	<filename>ilin_andrei/ilin_andrei_slovo_dvoryanina.fb2.zip</filename>
	<title>Ильин Андрей. Слово дворянина</title>
</book>
<book>
	<filename>ilin_andrei/ilin_andrei_ten_kontory.fb2.zip</filename>
	<title>Ильин Андрей. Тень Конторы</title>
</book>
<book>
	<filename>ilin_andrei/ilin_andrei_tretya_terroristicheskaya.fb2.zip</filename>
	<title>Ильин Андрей. Третья террористическая</title>
</book>
<book>
	<filename>ilin_andrei/ilin_andrei_universalnyi_soldatik.fb2.zip</filename>
	<title>Ильин Андрей. Универсальный солдатик</title>
</book>
<book>
	<filename>ilin_andrei/ilin_andrei_zakonnik.fb2.zip</filename>
	<title>Ильин Андрей. Законник</title>
</book>
<book>
	<filename>ilin_andrei/ilin_andrei_zlye_stvoly.fb2.zip</filename>
	<title>Ильин Андрей. Злые стволы</title>
</book>
<book>
	<filename>ilina_svetlana/ilina_svetlana_zhizn_v_lyubvi.fb2.zip</filename>
	<title>Ильина Светлана. Жизнь в любви</title>
</book>
<book>
	<filename>ilin_fedor/ilin_fedor_dolina_novoi_zhizni.fb2.zip</filename>
	<title>Ильин Федор Николаевич. Долина Новой жизни</title>
</book>
<book>
	<filename>ilin_ivan/ilin_ivan_o_rossii_tri_rechi.fb2.zip</filename>
	<title>Ильин Иван Александрович. О России. Три речи.</title>
</book>
<book>
	<filename>ilinskii_mihail/ilinskii_mihail_indokitai_pepel_chetyreh_voin_19391979_gg.fb2.zip</filename>
	<title>Ильинский Михаил Михайлович. Индокитай: Пепел четырех войн (1939-1979 гг.)</title>
</book>
<book>
	<filename>ilin_vladimir/ilin_vladimir_edinstvennyi_vyhod.fb2.zip</filename>
	<title>Ильин Владимир. Единственный выход</title>
</book>
<book>
	<filename>ilin_vladimir/ilin_vladimir_ego_borba.fb2.zip</filename>
	<title>Ильин Владимир. Его борьба</title>
</book>
<book>
	<filename>ilin_vladimir/ilin_vladimir_kub_so_stertymi_granyami.fb2.zip</filename>
	<title>Ильин Владимир. Куб со стертыми гранями</title>
</book>
<book>
	<filename>ilin_vladimir/ilin_vladimir_lyudi_feniks.fb2.zip</filename>
	<title>Ильин Владимир. Люди феникс</title>
</book>
<book>
	<filename>ilin_vladimir/ilin_vladimir_mladshie_bliznecy.fb2.zip</filename>
	<title>Ильин Владимир. Младшие близнецы</title>
</book>
<book>
	<filename>ilin_vladimir/ilin_vladimir_nelzya_idti_za_gorizont.fb2.zip</filename>
	<title>Ильин Владимир. Нельзя идти за горизонт</title>
</book>
<book>
	<filename>ilin_vladimir/ilin_vladimir_poslednyaya_dver_poslednego_vagona.fb2.zip</filename>
	<title>Ильин Владимир. Последняя дверь последнего вагона</title>
</book>
<book>
	<filename>ilin_vladimir/ilin_vladimir_pozhelaite_mne_neudachi.fb2.zip</filename>
	<title>Ильин Владимир. Пожелайте мне неудачи</title>
</book>
<book>
	<filename>ilin_vladimir/ilin_vladimir_pravo_sobstvennosti.fb2.zip</filename>
	<title>Ильин Владимир. Право собственности</title>
</book>
<book>
	<filename>ilin_vladimir/ilin_vladimir_profilaktika.fb2.zip</filename>
	<title>Ильин Владимир. Профилактика</title>
</book>
<book>
	<filename>ilin_vladimir/ilin_vladimir_set_dlya_igrushek.fb2.zip</filename>
	<title>Ильин Владимир. Сеть для игрушек</title>
</book>
<book>
	<filename>ilin_vladimir/ilin_vladimir_sny_zamedlennogo_deistviya.fb2.zip</filename>
	<title>Ильин Владимир. Сны замедленного действия</title>
</book>
<book>
	<filename>ilin_vladimir/ilin_vladimir_zhiznenno_vazhnyi_organ.fb2.zip</filename>
	<title>Ильин Владимир. Жизненно важный орган</title>
</book>
<book>
	<filename>ilyanen_aleksandr/ilyanen_aleksandr_doroga_v_u.fb2.zip</filename>
	<title>Ильянен Александр. Дорога в У.</title>
</book>
<book>
	<filename>ilyasov_yavdat/ilyasov_yavdat_bashnya_molchaniya.fb2.zip</filename>
	<title>Ильясов Явдат Хасанович. Башня молчания</title>
</book>
<book>
	<filename>imakaev_vladimir/imakaev_vladimir_tainy_proshlogo.fb2.zip</filename>
	<title>Имакаев Владимир. Тайны прошлого</title>
</book>
<book>
	<filename>imermanis_anatol/imermanis_anatol_kvartira_bez_nomera.fb2.zip</filename>
	<title>Имерманис Анатоль. Квартира без номера</title>
</book>
<book>
	<filename>imermanis_anatol/imermanis_anatol_smert_pod_zontom.fb2.zip</filename>
	<title>Имерманис Анатоль. Смерть под зонтом</title>
</book>
<book>
	<filename>imermanis_anatol/imermanis_anatol_tovarish_mauzer.fb2.zip</filename>
	<title>Имерманис Анатоль. Товарищ маузер</title>
</book>
<book>
	<filename>imranov_andrei/imranov_andrei_kamennoe_yeho.fb2.zip</filename>
	<title>Имранов Андрей. Каменное эхо</title>
</book>
<book>
	<filename>imranov_andrei/imranov_andrei_realnost_gdeto_ryadom.fb2.zip</filename>
	<title>Имранов Андрей. Реальность где-то рядом</title>
</book>
<book>
	<filename>imranov_andrei/imranov_andrei_voshod_nad_shalmari.fb2.zip</filename>
	<title>Имранов Андрей. Восход над Шалмари</title>
</book>
<book>
	<filename>imsheneckii_vyacheslav/imsheneckii_vyacheslav_podmena.fb2.zip</filename>
	<title>Имшенецкий Вячеслав Андреевич. Подмена</title>
</book>
<book>
	<filename>imsheneckii_vyacheslav/imsheneckii_vyacheslav_sekret_labirinta_gaussa.fb2.zip</filename>
	<title>Имшенецкий Вячеслав Андреевич. Секрет лабиринта Гаусса</title>
</book>
<book>
	<filename>imsheneckii_vyacheslav/imsheneckii_vyacheslav_tainik_komissara.fb2.zip</filename>
	<title>Имшенецкий Вячеслав Андреевич. Тайник комиссара</title>
</book>
<book>
	<filename>inadzava_dzyunko/inadzava_dzyunko_den_tancuyushego_vetra.fb2.zip</filename>
	<title>Инадзава Дзюнко. День танцующего ветра</title>
</book>
<book>
	<filename>indii_narod/indii_narod_narodnye_povesti_indii_rasskazy_yuzhnoi_indii.fb2.zip</filename>
	<title>Индии Народ Южной. Народные повести Индии, рассказы Южной Индии</title>
</book>
<book>
	<filename>indychenko_slava/indychenko_slava_sovremennaya_snast_lyubitelyurybolovu.fb2.zip</filename>
	<title>Индыченко Слава Пантелеевич. Современная снасть: Любителю-рыболову</title>
</book>
<book>
	<filename>infantev_porfirii/infantev_porfirii_na_drugoi_planete.fb2.zip</filename>
	<title>Инфантьев Порфирий Павлович. На другой планете</title>
</book>
<book>
	<filename>inglvud_linda/inglvud_linda_iskatel_priklyuchenii.fb2.zip</filename>
	<title>Инглвуд Линда. Искатель приключений</title>
</book>
<book>
	<filename>inglvud_linda/inglvud_linda_schastlivyi_dozhd.fb2.zip</filename>
	<title>Инглвуд Линда. Счастливый дождь</title>
</book>
<book>
	<filename>inglvud_linda/inglvud_linda_simvol_lyubvi.fb2.zip</filename>
	<title>Инглвуд Линда. Символ любви</title>
</book>
<book>
	<filename>ingo_martin/ingo_martin_operaciya_myeiflauyer.fb2.zip</filename>
	<title>Инго Мартин. Операция «Мэйфлауэр»</title>
</book>
<book>
	<filename>ingram_pamela/ingram_pamela_arkan_dlya_holostogo_bossa.fb2.zip</filename>
	<title>Инграм Памела. Аркан для холостого босса</title>
</book>
<book>
	<filename>ingrid_charlz/ingrid_charlz_lazertaunskii_blyuz.fb2.zip</filename>
	<title>Ингрид Чарльз. Лазертаунский блюз</title>
</book>
<book>
	<filename>ingrid_charlz/ingrid_charlz_na_puti_k_voine.fb2.zip</filename>
	<title>Ингрид Чарльз. На пути к войне</title>
</book>
<book>
	<filename>ingrid_charlz/ingrid_charlz_nebesnyi_hitparad.fb2.zip</filename>
	<title>Ингрид Чарльз. Небесный Хит-Парад</title>
</book>
<book>
	<filename>ingrid_charlz/ingrid_charlz_nesushii_peremeny.fb2.zip</filename>
	<title>Ингрид Чарльз. Несущий перемены</title>
</book>
<book>
	<filename>ingrid_charlz/ingrid_charlz_otvetnyi_udar.fb2.zip</filename>
	<title>Ингрид Чарльз. Ответный удар</title>
</book>
<book>
	<filename>ingrid_charlz/ingrid_charlz_pilot_haosa.fb2.zip</filename>
	<title>Ингрид Чарльз. Пилот Хаоса</title>
</book>
<book>
	<filename>ingrid_charlz/ingrid_charlz_poslednii_rycar.fb2.zip</filename>
	<title>Ингрид Чарльз. Последний рыцарь</title>
</book>
<book>
	<filename>ingrid_charlz/ingrid_charlz_salyut_chuzhaka.fb2.zip</filename>
	<title>Ингрид Чарльз. Салют Чужака</title>
</book>
<book>
	<filename>ingrid_charlz/ingrid_charlz_vyzov_prinyat.fb2.zip</filename>
	<title>Ингрид Чарльз. Вызов принят</title>
</book>
<book>
	<filename>ingstadt_helge/ingstadt_helge_po_sledam_leiva_schastlivogo.fb2.zip</filename>
	<title>Ингстадт Хельге. По следам Лейва Счастливого</title>
</book>
<book>
	<filename>innes_hyemmond/innes_hyemmond_belyi_yug.fb2.zip</filename>
	<title>Иннес Хэммонд. Белый юг</title>
</book>
<book>
	<filename>innes_hyemmond/innes_hyemmond_konkistadory_istoriya_ispanskih_zavoevanii_xvxvi_vekov.fb2.zip</filename>
	<title>Иннес Хэммонд. Конкистадоры. История испанских завоеваний XV–XVI веков</title>
</book>
<book>
	<filename>innes_hyemmond/innes_hyemmond_skala_myeddona.fb2.zip</filename>
	<title>Иннес Хэммонд. Скала Мэддона</title>
</book>
<book>
	<filename>inouye_takyesi/inouye_takyesi_sokrovennoe_zhelanie.fb2.zip</filename>
	<title>Иноуэ Такэси. Сокровенное желание</title>
</book>
<book>
	<filename>inouye_yasusi/inouye_yasusi_volnistyi_popugaichik.fb2.zip</filename>
	<title>Иноуэ Ясуси. Волнистый попугайчик</title>
</book>
<book>
	<filename>inrait_dzhozef/inrait_dzhozef_sinano_potoplenie_yaponskogo_sekretnogo_superavianosca.fb2.zip</filename>
	<title>Инрайт Джозеф. «Синано» – потопление японского секретного суперавианосца.</title>
</book>
<book>
	<filename>institoris_genrih/institoris_genrih_molot_vedm.fb2.zip</filename>
	<title>Инститорис Генрих. Молот ведьм</title>
</book>
<book>
	<filename>iohansen_roi/iohansen_roi_detektor_lzhi.fb2.zip</filename>
	<title>Йохансен Рой. Детектор лжи</title>
</book>
<book>
	<filename>iolen_dzhein/iolen_dzhein_karty_pechali.fb2.zip</filename>
	<title>Йолен Джейн. Карты печали</title>
</book>
<book>
	<filename>iolen_dzhein/iolen_dzhein_knigi_velikoi_alty.fb2.zip</filename>
	<title>Йолен Джейн. Книги Великой Альты</title>
</book>
<book>
	<filename>ionina_nadezhda/ionina_nadezhda_100_velikih_gorodov_mira.fb2.zip</filename>
	<title>Ионина Надежда. 100 великих городов мира</title>
</book>
<book>
	<filename>iordon_yedvard/iordon_yedvard_put_kamikadze_smertelnyi_marsh.fb2.zip</filename>
	<title>Йордон Эдвард. Путь камикадзе [Смертельный марш]</title>
</book>
<book>
	<filename>iosifova_brigita/iosifova_brigita_dekabristy.fb2.zip</filename>
	<title>Йосифова Бригита. Декабристы</title>
</book>
<book>
	<filename>iosifovich_poltorak/iosifovich_poltorak_nyurnbergskii_yepilog.fb2.zip</filename>
	<title>Иосифович Полторак Аркадий. Нюрнбергский эпилог</title>
</book>
<book>
	<filename>iovicye_vlad/iovicye_vlad_dmitrii_kantemir.fb2.zip</filename>
	<title>Йовицэ Влад. Дмитрий Кантемир</title>
</book>
<book>
	<filename>ipatova_nataliya/ipatova_nataliya_angel_po_kontraktu.fb2.zip</filename>
	<title>Ипатова Наталия. Ангел по контракту</title>
</book>
<book>
	<filename>ipatova_nataliya/ipatova_nataliya_bolshoe_drakone_priklyuchenie.fb2.zip</filename>
	<title>Ипатова Наталия. Большое драконье приключение</title>
</book>
<book>
	<filename>ipatova_nataliya/ipatova_nataliya_bylinkazhizn.fb2.zip</filename>
	<title>Ипатова Наталия. Былинка-жизнь</title>
</book>
<book>
	<filename>ipatova_nataliya/ipatova_nataliya_dolgi_krasnoi_vedmy.fb2.zip</filename>
	<title>Ипатова Наталия. Долги Красной Ведьмы</title>
</book>
<book>
	<filename>ipatova_nataliya/ipatova_nataliya_imperskii_graal.fb2.zip</filename>
	<title>Ипатова Наталия Борисовна. Имперский Грааль</title>
</book>
<book>
	<filename>ipatova_nataliya/ipatova_nataliya_korolbeda_i_krasnaya_vedma.fb2.zip</filename>
	<title>Ипатова Наталия. Король-Беда и Красная Ведьма</title>
</book>
<book>
	<filename>ipatova_nataliya/ipatova_nataliya_korol_zabavlyaetsya.fb2.zip</filename>
	<title>Ипатова Наталия. Король забавляется</title>
</book>
<book>
	<filename>ipatova_nataliya/ipatova_nataliya_krasnyi_lis.fb2.zip</filename>
	<title>Ипатова Наталия. Красный лис</title>
</book>
<book>
	<filename>ipatova_nataliya/ipatova_nataliya_ledi_dekabrya.fb2.zip</filename>
	<title>Ипатова Наталия. Леди декабря</title>
</book>
<book>
	<filename>ipatova_nataliya/ipatova_nataliya_nasledstvo_imperii.fb2.zip</filename>
	<title>Ипатова Наталия. Наследство Империи</title>
</book>
<book>
	<filename>ipatova_nataliya/ipatova_nataliya_priklyuchenie_prodolzhaetsya.fb2.zip</filename>
	<title>Ипатова Наталия. Приключение продолжается</title>
</book>
<book>
	<filename>ipatova_nataliya/ipatova_nataliya_vinterfild.fb2.zip</filename>
	<title>Ипатова Наталия. Винтерфилд</title>
</book>
<book>
	<filename>ipatova_nataliya/ipatova_nataliya_vrata_valgally.fb2.zip</filename>
	<title>Ипатова Наталия. Врата Валгаллы</title>
</book>
<book>
	<filename>irlandskie_sagi_/irlandskie_sagi__bitva_pri_mag_tuired.fb2.zip</filename>
	<title>Ирландские саги. Битва при Маг Туиред</title>
</book>
<book>
	<filename>irlandskie_sagi_/irlandskie_sagi__svatovstvo_k_yetain.fb2.zip</filename>
	<title>Ирландские саги. Сватовство к Этайн</title>
</book>
<book>
	<filename>iroshnikov_yu/iroshnikov_yu_pereplet_i_restavraciya_knig.fb2.zip</filename>
	<title>Ирошников Ю. П. Переплет и реставрация книг</title>
</book>
<book>
	<filename>irtenev_igor/irtenev_igor_sbornik_stihotvorenii.fb2.zip</filename>
	<title>Иртеньев Игорь. Сборник стихотворений</title>
</book>
<book>
	<filename>irtenina_natalya/irtenina_natalya_mech_konstantina.fb2.zip</filename>
	<title>Иртенина Наталья. Меч Константина</title>
</book>
<book>
	<filename>irvin_aleksandr/irvin_aleksandr_filosofiya_istorii.fb2.zip</filename>
	<title>Ирвин Александр. Философия истории</title>
</book>
<book>
	<filename>irving_dzhon/irving_dzhon_chelovek_vody.fb2.zip</filename>
	<title>Ирвинг Джон. Человек воды</title>
</book>
<book>
	<filename>irving_dzhon/irving_dzhon_chetvertaya_ruka.fb2.zip</filename>
	<title>Ирвинг Джон. Четвертая рука</title>
</book>
<book>
	<filename>irving_dzhon/irving_dzhon_mir_glazami_garpa.fb2.zip</filename>
	<title>Ирвинг Джон. Мир глазами Гарпа</title>
</book>
<book>
	<filename>irving_dzhon/irving_dzhon_otel_nyugyempshir.fb2.zip</filename>
	<title>Ирвинг Джон. Отель «Нью-Гэмпшир»</title>
</book>
<book>
	<filename>irving_dzhon/irving_dzhon_pokuda_ya_tebya_ne_obretu.fb2.zip</filename>
	<title>Ирвинг Джон. Покуда я тебя не обрету</title>
</book>
<book>
	<filename>irving_dzhon/irving_dzhon_pravila_doma_sidra.fb2.zip</filename>
	<title>Ирвинг Джон. Правила Дома сидра</title>
</book>
<book>
	<filename>irving_dzhon/irving_dzhon_semeinaya_zhizn_vesom_v_158_funtov.fb2.zip</filename>
	<title>Ирвинг Джон. Семейная жизнь весом в 158 фунтов</title>
</book>
<book>
	<filename>irving_dzhon/irving_dzhon_syn_cirka.fb2.zip</filename>
	<title>Ирвинг Джон. Сын цирка</title>
</book>
<book>
	<filename>irving_klifford/irving_klifford_korol_doliny.fb2.zip</filename>
	<title>Ирвинг Клиффорд. Король долины</title>
</book>
<book>
	<filename>irving_klifford/irving_klifford_mistifikaciya.fb2.zip</filename>
	<title>Ирвинг Клиффорд. Мистификация</title>
</book>
<book>
	<filename>irving_klifford/irving_klifford_sledstvie_zashity.fb2.zip</filename>
	<title>Ирвинг Клиффорд. Следствие защиты</title>
</book>
<book>
	<filename>irving_vashington/irving_vashington_algambra.fb2.zip</filename>
	<title>Ирвинг Вашингтон. Альгамбра</title>
</book>
<book>
	<filename>irving_vashington/irving_vashington_filip_iz_pokanoketa.fb2.zip</filename>
	<title>Ирвинг Вашингтон. Филип из Поканокета</title>
</book>
<book>
	<filename>irving_vashington/irving_vashington_istoriya_nyuijorka.fb2.zip</filename>
	<title>Ирвинг Вашингтон. История Нью-Йорка</title>
</book>
<book>
	<filename>irving_vashington/irving_vashington_kladoiskateli.fb2.zip</filename>
	<title>Ирвинг Вашингтон. Кладоискатели</title>
</book>
<book>
	<filename>irving_vashington/irving_vashington_legenda_o_nasledstve_mavra.fb2.zip</filename>
	<title>Ирвинг Вашингтон. Легенда о наследстве мавра</title>
</book>
<book>
	<filename>irving_vashington/irving_vashington_rasskazy.fb2.zip</filename>
	<title>Ирвинг Вашингтон. Рассказы</title>
</book>
<book>
	<filename>irving_vashington/irving_vashington_rip_van_vinkl.fb2.zip</filename>
	<title>Ирвинг Вашингтон. Рип ван Винкль</title>
</book>
<book>
	<filename>irving_vashington/irving_vashington_the_legend_of_sleepy_hollow.fb2.zip</filename>
	<title>Ирвинг Вашингтон. The Legend of Sleepy Hollow</title>
</book>
<book>
	<filename>irving_washington/irving_washington_the_legend_of_sleepy_hollow.fb2.zip</filename>
	<title>Irving Washington. The Legend of Sleepy Hollow</title>
</book>
<book>
	<filename>irvin_robert/irvin_robert_arabskii_koshmar.fb2.zip</filename>
	<title>Ирвин Роберт. Арабский кошмар</title>
</book>
<book>
	<filename>irvin_robert/irvin_robert_plot_molitvennyh_podushek.fb2.zip</filename>
	<title>Ирвин Роберт. Плоть молитвенных подушек</title>
</book>
<book>
	<filename>irvin_yan/irvin_yan_bashnya_nad_propastyu.fb2.zip</filename>
	<title>Ирвин Ян. Башня над пропастью</title>
</book>
<book>
	<filename>irvin_yan/irvin_yan_geomant.fb2.zip</filename>
	<title>Ирвин Ян. Геомант</title>
</book>
<book>
	<filename>irvin_yan/irvin_yan_temnaya_luna.fb2.zip</filename>
	<title>Ирвин Ян. Темная луна</title>
</book>
<book>
	<filename>irvin_yan/irvin_yan_ten_v_zerkale.fb2.zip</filename>
	<title>Ирвин Ян. Тень в зеркале</title>
</book>
<book>
	<filename>irvin_yan/irvin_yan_vrata_treh_mirov.fb2.zip</filename>
	<title>Ирвин Ян. Врата трех миров</title>
</book>
<book>
	<filename>isaev_aleksei/isaev_aleksei_antisuvorov_bolshaya_lozh_malenkogo_chelovechka.fb2.zip</filename>
	<title>Исаев Алексей Валериевич. Антисуворов. Большая ложь маленького человечка</title>
</book>
<book>
	<filename>isaev_aleksei/isaev_aleksei_desyat_mifov_vtoroi_mirovoi.fb2.zip</filename>
	<title>Исаев Алексей Валериевич. Десять мифов Второй мировой</title>
</book>
<book>
	<filename>isaev_aleksei/isaev_aleksei_kotly_41go_istoriya_vov_kotoruyu_my_ne_znali.fb2.zip</filename>
	<title>Исаев Алексей Валерьевич. Котлы 41-го. История ВОВ, которую мы не знали</title>
</book>
<book>
	<filename>isaev_igor/isaev_igor_koshmar_na_ceise.fb2.zip</filename>
	<title>Исаев Игорь. Кошмар на Цейсе</title>
</book>
<book>
	<filename>isaev_igor/isaev_igor_sud_delo_pravoe.fb2.zip</filename>
	<title>Исаев Игорь. Суд — дело правое</title>
</book>
<book>
	<filename>isaev_igor/isaev_igor_zvezdnaya_citadel.fb2.zip</filename>
	<title>Исаев Игорь. Звездная цитадель</title>
</book>
<book>
	<filename>isakov_dmitrii/isakov_dmitrii_akulu_eshe_ne_seli.fb2.zip</filename>
	<title>Исаков Дмитрий. Акулу еще не съели!</title>
</book>
<book>
	<filename>isakov_dmitrii/isakov_dmitrii_akulu_hotyat_sest.fb2.zip</filename>
	<title>Исаков Дмитрий. Акулу хотят съесть!</title>
</book>
<book>
	<filename>isakov_dmitrii/isakov_dmitrii_dublikator_dzhona_haggarda.fb2.zip</filename>
	<title>Исаков Дмитрий. Дубликатор Джона Хаггарда</title>
</book>
<book>
	<filename>isakov_dmitrii/isakov_dmitrii_murzik.fb2.zip</filename>
	<title>Исаков Дмитрий. Мурзик</title>
</book>
<book>
	<filename>isakov_dmitrii/isakov_dmitrii_puteshestvie_v_mir_tolkiena.fb2.zip</filename>
	<title>Исаков Дмитрий. Путешествие в мир Толкиена</title>
</book>
<book>
	<filename>isarova_larisa/isarova_larisa_blyudaskorospelki.fb2.zip</filename>
	<title>Исарова Лариса. Блюда-скороспелки</title>
</book>
<book>
	<filename>isemini_viktor/isemini_viktor_laura.fb2.zip</filename>
	<title>Исьемини Виктор. Лаура</title>
</book>
<book>
	<filename>isemini_viktor/isemini_viktor_lvy_i_drakony.fb2.zip</filename>
	<title>Исьемини Виктор. Львы и Драконы</title>
</book>
<book>
	<filename>isemini_viktor/isemini_viktor_menyala.fb2.zip</filename>
	<title>Исьемини Виктор. Меняла</title>
</book>
<book>
	<filename>isemini_viktor/isemini_viktor_pod_znamenem_vorobya.fb2.zip</filename>
	<title>Исьемини Виктор. Под знаменем Воробья</title>
</book>
<book>
	<filename>isemini_viktor/isemini_viktor_strannye_priklyucheniya_ingvi_korolyademona_iz_harkova.fb2.zip</filename>
	<title>Исьемини Виктор. Странные приключения Ингви, короля-демона из Харькова</title>
</book>
<book>
	<filename>isemini_viktor/isemini_viktor_vse_skazki_mira.fb2.zip</filename>
	<title>Исьемини Виктор. Все сказки мира</title>
</book>
<book>
	<filename>isemini_viktor/isemini_viktor_za_gorizontom.fb2.zip</filename>
	<title>Исьемини Виктор. За горизонтом</title>
</book>
<book>
	<filename>ishenko_evgenii/ishenko_evgenii_v_poiskah_istiny.fb2.zip</filename>
	<title>Ищенко Евгений Петрович. В поисках истины</title>
</book>
<book>
	<filename>ishimova_aleksandra/ishimova_aleksandra_istoriya_rossii_v_rasskazah_dlya_detei_tom_1.fb2.zip</filename>
	<title>Ишимова Александра Осиповна. История России в рассказах для детей (том 1)</title>
</book>
<book>
	<filename>isiguro_kadzuo/isiguro_kadzuo_bezuteshnye.fb2.zip</filename>
	<title>Исигуро Кадзуо. Безутешные</title>
</book>
<book>
	<filename>isiguro_kadzuo/isiguro_kadzuo_ne_otpuskai_menya.fb2.zip</filename>
	<title>Исигуро Кадзуо. Не отпускай меня</title>
</book>
<book>
	<filename>isiguro_kadzuo/isiguro_kadzuo_ostatok_dnya.fb2.zip</filename>
	<title>Исигуро Кадзуо. Остаток дня</title>
</book>
<book>
	<filename>isihara_fudzio/isihara_fudzio_planeta_illyuzii.fb2.zip</filename>
	<title>Исихара Фудзио. Планета иллюзий</title>
</book>
<book>
	<filename>isikava_tacudzo/isikava_tacudzo_svoe_lico.fb2.zip</filename>
	<title>Исикава Тацудзо. Свое лицо</title>
</book>
<book>
	<filename>iskander_fazil/iskander_fazil_anglichanin_s_zhenoi_i_rebenkom.fb2.zip</filename>
	<title>Искандер Фазиль. Англичанин с женой и ребенком</title>
</book>
<book>
	<filename>iskander_fazil/iskander_fazil_antip_uehal_v_kazantip.fb2.zip</filename>
	<title>Искандер Фазиль. Антип уехал в Казантип</title>
</book>
<book>
	<filename>iskander_fazil/iskander_fazil_avtoritet.fb2.zip</filename>
	<title>Искандер Фазиль. Авторитет</title>
</book>
<book>
	<filename>iskander_fazil/iskander_fazil_bahus_i_bah.fb2.zip</filename>
	<title>Искандер Фазиль. Бахус и Бах</title>
</book>
<book>
	<filename>iskander_fazil/iskander_fazil_bednyi_demagog.fb2.zip</filename>
	<title>Искандер Фазиль. Бедный демагог</title>
</book>
<book>
	<filename>iskander_fazil/iskander_fazil_chik_chtit_obychai.fb2.zip</filename>
	<title>Искандер Фазиль. Чик чтит обычаи</title>
</book>
<book>
	<filename>iskander_fazil/iskander_fazil_chik_i_belaya_kurica.fb2.zip</filename>
	<title>Искандер Фазиль. Чик и белая курица</title>
</book>
<book>
	<filename>iskander_fazil/iskander_fazil_den_pisatelya.fb2.zip</filename>
	<title>Искандер Фазиль. День писателя</title>
</book>
<book>
	<filename>iskander_fazil/iskander_fazil_dolzhniki.fb2.zip</filename>
	<title>Искандер Фазиль. Должники</title>
</book>
<book>
	<filename>iskander_fazil/iskander_fazil_dom_v_pereulke.fb2.zip</filename>
	<title>Искандер Фазиль. Дом в переулке</title>
</book>
<book>
	<filename>iskander_fazil/iskander_fazil_dumayushii_o_rossii_i_amerikanec.fb2.zip</filename>
	<title>Искандер Фазиль. Думающий о России и американец</title>
</book>
<book>
	<filename>iskander_fazil/iskander_fazil_dyadya_sandro_i_rab_hazarat.fb2.zip</filename>
	<title>Искандер Фазиль. Дядя Сандро и раб Хазарат</title>
</book>
<book>
	<filename>iskander_fazil/iskander_fazil_gigant.fb2.zip</filename>
	<title>Искандер Фазиль. Гигант</title>
</book>
<book>
	<filename>iskander_fazil/iskander_fazil_gnilaya_intelligenciya_i_aferizmy.fb2.zip</filename>
	<title>Искандер Фазиль. Гнилая интеллигенция и аферизмы</title>
</book>
<book>
	<filename>iskander_fazil/iskander_fazil_harlampo_i_despina.fb2.zip</filename>
	<title>Искандер Фазиль. Харлампо и Деспина</title>
</book>
<book>
	<filename>iskander_fazil/iskander_fazil_kozy_i_shekspir.fb2.zip</filename>
	<title>Искандер Фазиль. Козы и Шекспир</title>
</book>
<book>
	<filename>iskander_fazil/iskander_fazil_kroliki_i_udavy.fb2.zip</filename>
	<title>Искандер Фазиль. Кролики и удавы</title>
</book>
<book>
	<filename>iskander_fazil/iskander_fazil_kurortnaya_idilliya.fb2.zip</filename>
	<title>Искандер Фазиль. Курортная идиллия</title>
</book>
<book>
	<filename>iskander_fazil/iskander_fazil_lastochkino_gnezdo_rasskazy.fb2.zip</filename>
	<title>Искандер Фазиль. Ласточкино гнездо. Рассказы</title>
</book>
<book>
	<filename>iskander_fazil/iskander_fazil_lov_foreli_v_verhovyah_kodora.fb2.zip</filename>
	<title>Искандер Фазиль. Лов форели в верховьях Кодора</title>
</book>
<book>
	<filename>iskander_fazil/iskander_fazil_lyudi_i_gusenicy.fb2.zip</filename>
	<title>Искандер Фазиль. Люди и гусеницы</title>
</book>
<book>
	<filename>iskander_fazil/iskander_fazil_malchik_i_voina.fb2.zip</filename>
	<title>Искандер Фазиль. Мальчик и война</title>
</book>
<book>
	<filename>iskander_fazil/iskander_fazil_malchikrybolov.fb2.zip</filename>
	<title>Искандер Фазиль. Мальчик-рыболов</title>
</book>
<book>
	<filename>iskander_fazil/iskander_fazil_mavzolei.fb2.zip</filename>
	<title>Искандер Фазиль. Мавзолей</title>
</book>
<book>
	<filename>iskander_fazil/iskander_fazil_miloserdie.fb2.zip</filename>
	<title>Искандер Фазиль. Милосердие</title>
</book>
<book>
	<filename>iskander_fazil/iskander_fazil_mimoza_na_severe.fb2.zip</filename>
	<title>Искандер Фазиль. Мимоза на севере</title>
</book>
<book>
	<filename>iskander_fazil/iskander_fazil_moi_dyadya_samyh_chestnyh_pravil.fb2.zip</filename>
	<title>Искандер Фазиль. Мой дядя самых честных правил</title>
</book>
<book>
	<filename>iskander_fazil/iskander_fazil_moi_kumir.fb2.zip</filename>
	<title>Искандер Фазиль. Мой кумир</title>
</book>
<book>
	<filename>iskander_fazil/iskander_fazil_molodoi_arhitektor_i_krasotka.fb2.zip</filename>
	<title>Искандер Фазиль. Молодой архитектор и красотка</title>
</book>
<book>
	<filename>iskander_fazil/iskander_fazil_more_obayaniya.fb2.zip</filename>
	<title>Искандер Фазиль. Море обаяния</title>
</book>
<book>
	<filename>iskander_fazil/iskander_fazil_morskoi_skorpion.fb2.zip</filename>
	<title>Искандер Фазиль. Морской скорпион</title>
</book>
<book>
	<filename>iskander_fazil/iskander_fazil_moya_miliciya_menya_berezhet.fb2.zip</filename>
	<title>Искандер Фазиль. Моя милиция меня бережет</title>
</book>
<book>
	<filename>iskander_fazil/iskander_fazil_muki_sovesti_ili_baiskaya_krovat.fb2.zip</filename>
	<title>Искандер Фазиль. Муки совести, или Байская кровать</title>
</book>
<book>
	<filename>iskander_fazil/iskander_fazil_na_dache.fb2.zip</filename>
	<title>Искандер Фазиль. На даче</title>
</book>
<book>
	<filename>iskander_fazil/iskander_fazil_nezvanyi_gost.fb2.zip</filename>
	<title>Искандер Фазиль. Незваный гость</title>
</book>
<book>
	<filename>iskander_fazil/iskander_fazil_nochnoi_vagon.fb2.zip</filename>
	<title>Искандер Фазиль. Ночной вагон</title>
</book>
<book>
	<filename>iskander_fazil/iskander_fazil_oladi_tridcat_sedmogo_goda.fb2.zip</filename>
	<title>Искандер Фазиль. Оладьи тридцать седьмого года</title>
</book>
<book>
	<filename>iskander_fazil/iskander_fazil_o_moi_pokrovitel.fb2.zip</filename>
	<title>Искандер Фазиль. О, мой покровитель!</title>
</book>
<book>
	<filename>iskander_fazil/iskander_fazil_palach.fb2.zip</filename>
	<title>Искандер Фазиль. Палач</title>
</book>
<book>
	<filename>iskander_fazil/iskander_fazil_pastuh_i_kosulya.fb2.zip</filename>
	<title>Искандер Фазиль. Пастух и косуля</title>
</book>
<book>
	<filename>iskander_fazil/iskander_fazil_plamennyi_mechtatel_i_tiran.fb2.zip</filename>
	<title>Искандер Фазиль. Пламенный мечтатель и тиран</title>
</book>
<book>
	<filename>iskander_fazil/iskander_fazil_poputchiki.fb2.zip</filename>
	<title>Искандер Фазиль Абдулович. Попутчики</title>
</book>
<book>
	<filename>iskander_fazil/iskander_fazil_poyet.fb2.zip</filename>
	<title>Искандер Фазиль. Поэт</title>
</book>
<book>
	<filename>iskander_fazil/iskander_fazil_privychka_navodit_poryadok.fb2.zip</filename>
	<title>Искандер Фазиль. Привычка наводить порядок</title>
</book>
<book>
	<filename>iskander_fazil/iskander_fazil_put_iz_varyag_v_greki.fb2.zip</filename>
	<title>Искандер Фазиль. Путь из варяг в греки</title>
</book>
<book>
	<filename>iskander_fazil/iskander_fazil_rasskazy_o_chike.fb2.zip</filename>
	<title>Искандер Фазиль. Рассказы о Чике</title>
</book>
<book>
	<filename>iskander_fazil/iskander_fazil_sandro_iz_chegema_kniga_1.fb2.zip</filename>
	<title>Искандер Фазиль. Сандро из Чегема. Книга 1</title>
</book>
<book>
	<filename>iskander_fazil/iskander_fazil_sandro_iz_chegema_kniga_2.fb2.zip</filename>
	<title>Искандер Фазиль. Сандро из Чегема. Книга 2</title>
</book>
<book>
	<filename>iskander_fazil/iskander_fazil_sandro_iz_chegema_kniga_3.fb2.zip</filename>
	<title>Искандер Фазиль. Сандро из Чегема. Книга 3</title>
</book>
<book>
	<filename>iskander_fazil/iskander_fazil_shkolnyi_vals_ili_yenergiya_styda.fb2.zip</filename>
	<title>Искандер Фазиль. Школьный вальс, или Энергия стыда</title>
</book>
<book>
	<filename>iskander_fazil/iskander_fazil_skorb.fb2.zip</filename>
	<title>Искандер Фазиль. Скорбь</title>
</book>
<book>
	<filename>iskander_fazil/iskander_fazil_slovo.fb2.zip</filename>
	<title>Искандер Фазиль. Слово</title>
</book>
<book>
	<filename>iskander_fazil/iskander_fazil_sluchai_v_gorah.fb2.zip</filename>
	<title>Искандер Фазиль. Случай в горах</title>
</book>
<book>
	<filename>iskander_fazil/iskander_fazil_sofichka.fb2.zip</filename>
	<title>Искандер Фазиль. Софичка</title>
</book>
<book>
	<filename>iskander_fazil/iskander_fazil_son.fb2.zip</filename>
	<title>Искандер Фазиль. Сон</title>
</book>
<book>
	<filename>iskander_fazil/iskander_fazil_son_o_boge_i_dyavole.fb2.zip</filename>
	<title>Искандер Фазиль. Сон о боге и дьяволе</title>
</book>
<book>
	<filename>iskander_fazil/iskander_fazil_sozvezdie_kozlotura.fb2.zip</filename>
	<title>Искандер Фазиль Абдулович. Созвездие Козлотура</title>
</book>
<book>
	<filename>iskander_fazil/iskander_fazil_stoyanka_cheloveka.fb2.zip</filename>
	<title>Искандер Фазиль. Стоянка человека</title>
</book>
<book>
	<filename>iskander_fazil/iskander_fazil_svetofor.fb2.zip</filename>
	<title>Искандер Фазиль. Светофор</title>
</book>
<book>
	<filename>iskander_fazil/iskander_fazil_svyatoe_ozero.fb2.zip</filename>
	<title>Искандер Фазиль. Святое озеро</title>
</book>
<book>
	<filename>iskander_fazil/iskander_fazil_syuzhet_sushestvovaniya.fb2.zip</filename>
	<title>Искандер Фазиль. Сюжет существования</title>
</book>
<book>
	<filename>iskander_fazil/iskander_fazil_teremteremok.fb2.zip</filename>
	<title>Искандер Фазиль. Терем-теремок</title>
</book>
<book>
	<filename>iskander_fazil/iskander_fazil_ubivayushii.fb2.zip</filename>
	<title>Искандер Фазиль. Убивающий</title>
</book>
<book>
	<filename>iskander_fazil/iskander_fazil_u_goryashego_ochaga.fb2.zip</filename>
	<title>Искандер Фазиль. У горящего очага</title>
</book>
<book>
	<filename>iskander_fazil/iskander_fazil_upal_s_dereva_udachno_vstryahnul_mozgi_i_poumnel.fb2.zip</filename>
	<title>Искандер Фазиль. Упал с дерева, удачно встряхнул мозги и поумнел</title>
</book>
<book>
	<filename>iskander_fazil/iskander_fazil_utraty.fb2.zip</filename>
	<title>Искандер Фазиль. Утраты</title>
</book>
<book>
	<filename>iskander_fazil/iskander_fazil_veselyi_ubiica.fb2.zip</filename>
	<title>Искандер Фазиль. Веселый убийца</title>
</book>
<book>
	<filename>iskander_fazil/iskander_fazil_vlyublennaya_parochka.fb2.zip</filename>
	<title>Искандер Фазиль. Влюбленная парочка</title>
</book>
<book>
	<filename>iskander_fazil/iskander_fazil_v_parizhskom_magazine.fb2.zip</filename>
	<title>Искандер Фазиль. В парижском магазине</title>
</book>
<book>
	<filename>iskander_fazil/iskander_fazil_vzglyad.fb2.zip</filename>
	<title>Искандер Фазиль. Взгляд</title>
</book>
<book>
	<filename>iskander_fazil/iskander_fazil_yesse_i_publicistika.fb2.zip</filename>
	<title>Искандер Фазиль. Эссе и публицистика</title>
</book>
<book>
	<filename>iskander_fazil/iskander_fazil_zhenshina_so_svechoi_i_opushennymi_glazami.fb2.zip</filename>
	<title>Искандер Фазиль. Женщина со свечой и опущенными глазами</title>
</book>
<book>
	<filename>iskander_fazil/iskander_fazil_zhil_starik_so_svoeyu_starushkoi.fb2.zip</filename>
	<title>Искандер Фазиль. Жил старик со своею старушкой</title>
</book>
<book>
	<filename>iskander_fazil/iskander_fazil_zoloto_vilgelma.fb2.zip</filename>
	<title>Искандер Фазиль. Золото Вильгельма</title>
</book>
<book>
	<filename>island_bert/island_bert_1_v_chikago.fb2.zip</filename>
	<title>Исланд Берт. №1 в Чикаго</title>
</book>
<book>
	<filename>island_bert/island_bert_no1_v_chikago.fb2.zip</filename>
	<title>Исланд Берт. №1 в Чикаго</title>
</book>
<book>
	<filename>islandskie_sagi_/islandskie_sagi__saga_ob_yegile.fb2.zip</filename>
	<title>Исландские саги. Сага об Эгиле</title>
</book>
<book>
	<filename>islandskie_sagi_/islandskie_sagi__saga_o_gunnlauge_zmeinom_yazyke.fb2.zip</filename>
	<title>Исландские саги. Сага о Гуннлауге Змеином Языке</title>
</book>
<book>
	<filename>islandskie_sagi_/islandskie_sagi__saga_o_lyudyah_iz_laksdalya.fb2.zip</filename>
	<title>Исландские саги. Сага о людях из Лаксдаля</title>
</book>
<book>
	<filename>islandskie_sagi_/islandskie_sagi__saga_o_nyale.fb2.zip</filename>
	<title>Исландские саги. Сага о Ньяле</title>
</book>
<book>
	<filename>isler_alan/isler_alan_princ_vestyendskii.fb2.zip</filename>
	<title>Ислер Алан. Принц Вест-Эндский</title>
</book>
<book>
	<filename>istarhov_vladimir/istarhov_vladimir_udar_russkih_bogov.fb2.zip</filename>
	<title>Истархов Владимир Алексеевич. Удар Русских Богов</title>
</book>
<book>
	<filename>isterhaus_dzho/isterhaus_dzho_osnovnoi_instinkt.fb2.zip</filename>
	<title>Истерхаус Джо. Основной инстинкт</title>
</book>
<book>
	<filename>isterman_dyeniel/isterman_dyeniel_devyatyi_budda.fb2.zip</filename>
	<title>Истерман Дэниел. Девятый Будда</title>
</book>
<book>
	<filename>isterman_dyeniel/isterman_dyeniel_imya_zverya.fb2.zip</filename>
	<title>Истерман Дэниел. Имя Зверя</title>
</book>
<book>
	<filename>isterman_dyeniel/isterman_dyeniel_noch_sedmoi_tmy.fb2.zip</filename>
	<title>Истерман Дэниел. Ночь Седьмой тьмы</title>
</book>
<book>
	<filename>istomina_darya/istomina_darya_ledibomzh.fb2.zip</filename>
	<title>Истомина Дарья. Леди-бомж</title>
</book>
<book>
	<filename>istomina_darya/istomina_darya_lediboss.fb2.zip</filename>
	<title>Истомина Дарья. Леди-босс</title>
</book>
<book>
	<filename>istomina_darya/istomina_darya_torgovka.fb2.zip</filename>
	<title>Истомина Дарья. Торговка</title>
</book>
<book>
	<filename>istvud_natali/istvud_natali_devushka_iz_vysshego_obshestva.fb2.zip</filename>
	<title>Иствуд Натали. Девушка из высшего общества</title>
</book>
<book>
	<filename>ito_syei/ito_syei_krasivaya.fb2.zip</filename>
	<title>Ито Сэй. Красивая</title>
</book>
<book>
	<filename>itten_iohannes/itten_iohannes_iskusstvo_cveta.fb2.zip</filename>
	<title>Иттен Иоханнес. Искусство цвета</title>
</book>
<book>
	<filename>ivanko_sergei/ivanko_sergei_fenimor_kuper.fb2.zip</filename>
	<title>Иванько Сергей Сергеевич. Фенимор Купер</title>
</book>
<book>
	<filename>ivanov_albert/ivanov_albert_piraty_neizvestnogo_morya.fb2.zip</filename>
	<title>Иванов Альберт Анатольевич. Пираты Неизвестного моря</title>
</book>
<book>
	<filename>ivanov_aleksandr/ivanov_aleksandr_plody_vdohnoveniya.fb2.zip</filename>
	<title>Иванов Александр Александрович. Плоды вдохновения</title>
</book>
<book>
	<filename>ivanov_aleksei/ivanov_aleksei_geograf_globus_propil.fb2.zip</filename>
	<title>Иванов Алексей Викторович. Географ глобус пропил</title>
</book>
<book>
	<filename>ivanov_aleksei/ivanov_aleksei_korabli_i_galaktika.fb2.zip</filename>
	<title>Иванов Алексей. Корабли и Галактика</title>
</book>
<book>
	<filename>ivanov_aleksei/ivanov_aleksei_obshaganakrovi.fb2.zip</filename>
	<title>Иванов Алексей. Общага-на-Крови</title>
</book>
<book>
	<filename>ivanov_aleksei/ivanov_aleksei_ohota_na_bolshuyu_medvedicu.fb2.zip</filename>
	<title>Иванов Алексей Викторович. Охота на большую медведицу</title>
</book>
<book>
	<filename>ivanov_aleksei/ivanov_aleksei_serdce_parmy.fb2.zip</filename>
	<title>Иванов Алексей Викторович. Сердце Пармы</title>
</book>
<book>
	<filename>ivanov_aleksei/ivanov_aleksei_zoloto_bunta_ili_vniz_po_reke_tesnin.fb2.zip</filename>
	<title>Иванов Алексей Викторович. Золото бунта, или Вниз по реке теснин</title>
</book>
<book>
	<filename>ivanov_aleksei_nikolaevich/ivanov_aleksei_nikolaevich_zakaznye_prestupleniya_ubiistva_krazhi_grabezhi.fb2.zip</filename>
	<title>Иванов Алексей Николаевич. Заказные преступления: убийства, кражи, грабежи</title>
</book>
<book>
	<filename>ivanov_anatolii/ivanov_anatolii_alkiny_pesni.fb2.zip</filename>
	<title>Иванов Анатолий. Алкины песни</title>
</book>
<book>
	<filename>ivanov_anatolii/ivanov_anatolii_pechal_polei_povesti.fb2.zip</filename>
	<title>Иванов Анатолий. Печаль полей (Повести)</title>
</book>
<book>
	<filename>ivanov_anatolii/ivanov_anatolii_povitel.fb2.zip</filename>
	<title>Иванов Анатолий. Повитель</title>
</book>
<book>
	<filename>ivanov_anatolii/ivanov_anatolii_teni_ischezayut_v_polden.fb2.zip</filename>
	<title>Иванов Анатолий. Тени исчезают в полдень</title>
</book>
<book>
	<filename>ivanov_anatolii/ivanov_anatolii_vechnyi_zov_tom_i.fb2.zip</filename>
	<title>Иванов Анатолий. Вечный зов. Том I</title>
</book>
<book>
	<filename>ivanov_anatolii/ivanov_anatolii_vechnyi_zov_tom_ii.fb2.zip</filename>
	<title>Иванов Анатолий. Вечный зов. Том II</title>
</book>
<book>
	<filename>ivanov_anatolii_leonidovich/ivanov_anatolii_leonidovich_skorost_manevr_ogon.fb2.zip</filename>
	<title>Иванов Анатолий Леонидович. Скорость, маневр, огонь</title>
</book>
<book>
	<filename>ivanov_andrei/ivanov_andrei_chernyi_korol.fb2.zip</filename>
	<title>Иванов Андрей. Черный король</title>
</book>
<book>
	<filename>ivanov_andrei/ivanov_andrei_poslednyaya_zagadka.fb2.zip</filename>
	<title>Иванов Андрей. Последняя загадка</title>
</book>
<book>
	<filename>ivanov_andrei/ivanov_andrei_razboi_na_fontanke.fb2.zip</filename>
	<title>Иванов Андрей. Разбой на Фонтанке</title>
</book>
<book>
	<filename>ivanov_andrei/ivanov_andrei_svadebnyi_podarok.fb2.zip</filename>
	<title>Иванов Андрей. Свадебный подарок</title>
</book>
<book>
	<filename>ivanov_andrei/ivanov_andrei_tainy_egipetskoi_yekspedicii_napoleona.fb2.zip</filename>
	<title>Иванов Андрей Юрьевич. Тайны египетской экспедиции Наполеона</title>
</book>
<book>
	<filename>ivanov_andrei/ivanov_andrei_tovarish_po_partii.fb2.zip</filename>
	<title>Иванов Андрей. Товарищ по партии</title>
</book>
<book>
	<filename>ivanov_anton/ivanov_anton_taina_propavshego_akademika.fb2.zip</filename>
	<title>Иванов Антон. Тайна пропавшего академика</title>
</book>
<book>
	<filename>ivanova_veronika/ivanova_veronika_bereg_haosa.fb2.zip</filename>
	<title>Иванова Вероника Евгеньевна. Берег Хаоса</title>
</book>
<book>
	<filename>ivanova_veronika/ivanova_veronika_i_mayatnik_kachnulsya.fb2.zip</filename>
	<title>Иванова Вероника. И маятник качнулся…</title>
</book>
<book>
	<filename>ivanova_veronika/ivanova_veronika_na_polputi_k_sebe.fb2.zip</filename>
	<title>Иванова Вероника. На полпути к себе</title>
</book>
<book>
	<filename>ivanova_veronika/ivanova_veronika_pautina_dolga.fb2.zip</filename>
	<title>Иванова Вероника Евгеньевна. Паутина долга</title>
</book>
<book>
	<filename>ivanova_veronika/ivanova_veronika_pravo_uchit_povtorenie_proidennogo.fb2.zip</filename>
	<title>Иванова Вероника. Право учить. Повторение пройденного</title>
</book>
<book>
	<filename>ivanova_veronika/ivanova_veronika_svoboda_uiti_svoboda_ostatsya.fb2.zip</filename>
	<title>Иванова Вероника. Свобода уйти, свобода остаться</title>
</book>
<book>
	<filename>ivanova_veronika/ivanova_veronika_vernutsya_i_vernut.fb2.zip</filename>
	<title>Иванова Вероника. Вернуться и вернуть</title>
</book>
<book>
	<filename>ivanova_viktoriya/ivanova_viktoriya_malenkih_vse_obidet_norovyat.fb2.zip</filename>
	<title>Иванова Виктория. Маленьких все обидеть норовят!</title>
</book>
<book>
	<filename>ivanova_viktoriya/ivanova_viktoriya_tyazhelo_byt_mladshim.fb2.zip</filename>
	<title>Иванова Виктория. Тяжело быть младшим…</title>
</book>
<book>
	<filename>ivanov_boris/ivanov_boris_absolyutnaya_garantiya.fb2.zip</filename>
	<title>Иванов Борис. Абсолютная гарантия</title>
</book>
<book>
	<filename>ivanov_boris/ivanov_boris_agent_tartara.fb2.zip</filename>
	<title>Иванов Борис. Агент Тартара</title>
</book>
<book>
	<filename>ivanov_boris/ivanov_boris_bog_gnomov.fb2.zip</filename>
	<title>Иванов Борис. Бог гномов</title>
</book>
<book>
	<filename>ivanov_boris/ivanov_boris_diaspora.fb2.zip</filename>
	<title>Иванов Борис. Диаспора</title>
</book>
<book>
	<filename>ivanov_boris/ivanov_boris_dobrye_lyudi_s_miruary.fb2.zip</filename>
	<title>Иванов Борис. Добрые люди с Мируары</title>
</book>
<book>
	<filename>ivanov_boris/ivanov_boris_dushi_ryzhih.fb2.zip</filename>
	<title>Иванов Борис. Души Рыжих</title>
</book>
<book>
	<filename>ivanov_boris/ivanov_boris_dzheitest.fb2.zip</filename>
	<title>Иванов Борис. Джейтест</title>
</book>
<book>
	<filename>ivanov_boris/ivanov_boris_dzhoker_i_palach.fb2.zip</filename>
	<title>Иванов Борис. Джокер и Палач</title>
</book>
<book>
	<filename>ivanov_boris/ivanov_boris_future_imperfect.fb2.zip</filename>
	<title>Иванов Борис. Future Imperfect</title>
</book>
<book>
	<filename>ivanov_boris/ivanov_boris_idiotskaya_shutka.fb2.zip</filename>
	<title>Иванов Борис. Идиотская шутка</title>
</book>
<book>
	<filename>ivanov_boris/ivanov_boris_likvidaciya_posledstvii.fb2.zip</filename>
	<title>Иванов Борис. Ликвидация последствий</title>
</book>
<book>
	<filename>ivanov_boris/ivanov_boris_noch_psa.fb2.zip</filename>
	<title>Иванов Борис. Ночь Пса</title>
</book>
<book>
	<filename>ivanov_boris/ivanov_boris_obitel_monstrov.fb2.zip</filename>
	<title>Иванов Борис. Обитель монстров</title>
</book>
<book>
	<filename>ivanov_boris/ivanov_boris_pered_nachalom_istorii_zametki_pishushego_sf.fb2.zip</filename>
	<title>Иванов Борис. Перед началом истории (Заметки пишущего SF)</title>
</book>
<book>
	<filename>ivanov_boris/ivanov_boris_poslednii_vagon_v_rai.fb2.zip</filename>
	<title>Иванов Борис. Последний вагон в рай</title>
</book>
<book>
	<filename>ivanov_boris/ivanov_boris_puteshestvie_beloi_myshi_o_bolnyh_i_neschastnyh.fb2.zip</filename>
	<title>Иванов Борис. Путешествие белой мыши (о больных и несчастных)</title>
</book>
<book>
	<filename>ivanov_boris/ivanov_boris_reportazh.fb2.zip</filename>
	<title>Иванов Борис. Репортаж</title>
</book>
<book>
	<filename>ivanov_boris/ivanov_boris_skrizhal_durnoi_vesti.fb2.zip</filename>
	<title>Иванов Борис. Скрижаль Дурной Вести</title>
</book>
<book>
	<filename>ivanov_boris/ivanov_boris_sluchai_kontrabandy.fb2.zip</filename>
	<title>Иванов Борис. Случай контрабанды</title>
</book>
<book>
	<filename>ivanov_boris/ivanov_boris_sluchai_obratnoi_svyazi.fb2.zip</filename>
	<title>Иванов Борис. Случай обратной связи</title>
</book>
<book>
	<filename>ivanov_boris/ivanov_boris_strawberry_fields_forever.fb2.zip</filename>
	<title>Иванов Борис. Strawberry Fields Forever</title>
</book>
<book>
	<filename>ivanov_boris/ivanov_boris_tamara_i_zlaya_dzhessika.fb2.zip</filename>
	<title>Иванов Борис. Тамара и злая Джессика</title>
</book>
<book>
	<filename>ivanov_boris/ivanov_boris_tridcat_chetvertyi_mir.fb2.zip</filename>
	<title>Иванов Борис. Тридцать четвертый мир</title>
</book>
<book>
	<filename>ivanov_boris/ivanov_boris_trinadcatyi_dozh_yebissail.fb2.zip</filename>
	<title>Иванов Борис. Тринадцатый Дож Эбисс-Айл</title>
</book>
<book>
	<filename>ivanov_boris/ivanov_boris_uchastnik_poiskov.fb2.zip</filename>
	<title>Иванов Борис. Участник поисков</title>
</book>
<book>
	<filename>ivanov_boris/ivanov_boris_zakony_ischeznoveniya.fb2.zip</filename>
	<title>Иванов Борис. Законы исчезновения</title>
</book>
<book>
	<filename>ivanov_boris/ivanov_boris_zapiski_poslannogo_na_fig.fb2.zip</filename>
	<title>Иванов Борис. Записки посланного на фиг</title>
</book>
<book>
	<filename>ivanov_boris/ivanov_boris_znak_lukavogo.fb2.zip</filename>
	<title>Иванов Борис. Знак Лукавого</title>
</book>
<book>
	<filename>ivanov_boris/ivanov_boris_zoloto_yelfov.fb2.zip</filename>
	<title>Иванов Борис. Золото эльфов</title>
</book>
<book>
	<filename>ivanov_egor/ivanov_egor_negromkii_vystrel.fb2.zip</filename>
	<title>Иванов Егор. Негромкий выстрел</title>
</book>
<book>
	<filename>ivanov_egor/ivanov_egor_vmeste_s_rossiei.fb2.zip</filename>
	<title>Иванов Егор. Вместе с Россией</title>
</book>
<book>
	<filename>ivanovich_dzhanet/ivanovich_dzhanet_delai_kak_ya.fb2.zip</filename>
	<title>Иванович Джанет. Делай, как я!</title>
</book>
<book>
	<filename>ivanovich_dzhanet/ivanovich_dzhanet_goryachaya_shesterka.fb2.zip</filename>
	<title>Иванович Джанет. Горячая шестерка</title>
</book>
<book>
	<filename>ivanovich_yurii/ivanovich_yurii_doroga_mezhdu_zvezd.fb2.zip</filename>
	<title>Иванович Юрий. Дорога между звезд</title>
</book>
<book>
	<filename>ivanovich_yurii/ivanovich_yurii_mest_kolduna.fb2.zip</filename>
	<title>Иванович Юрий. Месть колдуна</title>
</book>
<book>
	<filename>ivanovich_yurii/ivanovich_yurii_na_drevnei_zemle.fb2.zip</filename>
	<title>Иванович Юрий. На древней земле</title>
</book>
<book>
	<filename>ivanovich_yurii/ivanovich_yurii_na_rodnom_oiltone.fb2.zip</filename>
	<title>Иванович Юрий. На родном Оилтоне</title>
</book>
<book>
	<filename>ivanovich_yurii/ivanovich_yurii_nevmenyaemyi_koldun.fb2.zip</filename>
	<title>Иванович Юрий. Невменяемый колдун</title>
</book>
<book>
	<filename>ivanovich_yurii/ivanovich_yurii_poldnya_do_rasplaty.fb2.zip</filename>
	<title>Иванович Юрий. Полдня до расплаты</title>
</book>
<book>
	<filename>ivanovich_yurii/ivanovich_yurii_torzhestvo_spravedlivosti.fb2.zip</filename>
	<title>Иванович Юрий. Торжество справедливости</title>
</book>
<book>
	<filename>ivanovich_yurii/ivanovich_yurii_unikumy_vselennoi.fb2.zip</filename>
	<title>Иванович Юрий. Уникумы Вселенной</title>
</book>
<book>
	<filename>ivanovich_yurii/ivanovich_yurii_zhemchuzhnyi_orden.fb2.zip</filename>
	<title>Иванович Юрий. Жемчужный орден</title>
</book>
<book>
	<filename>ivanov_ivan/ivanov_ivan_anafema_hronika_gosudarstvennogo_perevorota.fb2.zip</filename>
	<title>Иванов Иван. Анафема: хроника государственного переворота</title>
</book>
<book>
	<filename>ivanovmilyuhin_yurii/ivanovmilyuhin_yurii_razboinichii_trakt.fb2.zip</filename>
	<title>Иванов-Милюхин Юрий. Разбойничий тракт</title>
</book>
<book>
	<filename>ivanov_nikolai/ivanov_nikolai_bxod_v_plen_besplatnyi_ili_rasstrelyat_v_noyabre.fb2.zip</filename>
	<title>Иванов Николай. Bxoд в плен бесплатный, или Расстрелять в ноябре</title>
</book>
<book>
	<filename>ivanov_nikolai/ivanov_nikolai_chernye_berety.fb2.zip</filename>
	<title>Иванов Николай. Черные береты</title>
</book>
<book>
	<filename>ivanov_nikolai/ivanov_nikolai_chistilshiki.fb2.zip</filename>
	<title>Иванов Николай. Чистильщики</title>
</book>
<book>
	<filename>ivanov_nikolai/ivanov_nikolai_departament_nalogovoi_policii.fb2.zip</filename>
	<title>Иванов Николай. Департамент налоговой полиции</title>
</book>
<book>
	<filename>ivanov_nikolai/ivanov_nikolai_kremlevskoe_delo.fb2.zip</filename>
	<title>Иванов Николай Владимирович. Кремлевское дело</title>
</book>
<book>
	<filename>ivanov_nikolai/ivanov_nikolai_operaciyu_shtorm_nachat_ranshe.fb2.zip</filename>
	<title>Иванов Николай. Операцию «Шторм» начать раньше…</title>
</book>
<book>
	<filename>ivanov_nikolai/ivanov_nikolai_specnaz_kotoryi_ne_vernetsya.fb2.zip</filename>
	<title>Иванов Николай. Спецназ, который не вернется</title>
</book>
<book>
	<filename>ivanov_nikolai/ivanov_nikolai_vhod_v_plen_besplatnyi_ili_rasstrelyat_v_noyabre.fb2.zip</filename>
	<title>Иванов Николай Федорович. Вхoд в плен бесплатный, или Расстрелять в ноябре</title>
</book>
<book>
	<filename>ivanov_oleg/ivanov_oleg_kozhnye_i_venericheskie_bolezni.fb2.zip</filename>
	<title>Иванов Олег Леонидович. Кожные и венерические болезни</title>
</book>
<book>
	<filename>ivanov_robert/ivanov_robert_franklin.fb2.zip</filename>
	<title>Иванов Роберт Федорович. Франклин</title>
</book>
<book>
	<filename>ivanov_robert/ivanov_robert_general_v_belom_dome.fb2.zip</filename>
	<title>Иванов Роберт Федорович. Генерал в Белом доме</title>
</book>
<book>
	<filename>ivanov_sergei/ivanov_sergei_dvoe.fb2.zip</filename>
	<title>Иванов Сергей Григорьевич. Двое</title>
</book>
<book>
	<filename>ivanov_sergei/ivanov_sergei_inoe_korolevstvo.fb2.zip</filename>
	<title>Иванов Сергей Григорьевич. Иное королевство</title>
</book>
<book>
	<filename>ivanov_sergei/ivanov_sergei_kentavr_na_raspute.fb2.zip</filename>
	<title>Иванов Сергей Григорьевич. Кентавр на распутье</title>
</book>
<book>
	<filename>ivanov_sergei/ivanov_sergei_krylya_gremyashie.fb2.zip</filename>
	<title>Иванов Сергей Григорьевич. Крылья гремящие</title>
</book>
<book>
	<filename>ivanov_sergei/ivanov_sergei_mertvyi_razliv.fb2.zip</filename>
	<title>Иванов Сергей Григорьевич. Мертвый разлив</title>
</book>
<book>
	<filename>ivanov_sergei/ivanov_sergei_mirotvorcy.fb2.zip</filename>
	<title>Иванов Сергей Григорьевич. Миро-Творцы</title>
</book>
<book>
	<filename>ivanov_sergei/ivanov_sergei_obhodnoi_put_geroya.fb2.zip</filename>
	<title>Иванов Сергей Григорьевич. Обходной путь героя</title>
</book>
<book>
	<filename>ivanov_sergei/ivanov_sergei_oborotnaya_storona_boga.fb2.zip</filename>
	<title>Иванов Сергей Григорьевич. Оборотная сторона Бога</title>
</book>
<book>
	<filename>ivanov_sergei/ivanov_sergei_poka_stoit_les.fb2.zip</filename>
	<title>Иванов Сергей Григорьевич. Пока стоит лес</title>
</book>
<book>
	<filename>ivanov_sergei/ivanov_sergei_propashie_dushi.fb2.zip</filename>
	<title>Иванов Сергей Григорьевич. Пропащие Души</title>
</book>
<book>
	<filename>ivanov_sergei/ivanov_sergei_sezon_ohoty_na_vedm.fb2.zip</filename>
	<title>Иванов Сергей Григорьевич. Сезон охоты на ведьм</title>
</book>
<book>
	<filename>ivanov_sergei/ivanov_sergei_sila_otchuzhdeniya.fb2.zip</filename>
	<title>Иванов Сергей Григорьевич. Сила отчуждения</title>
</book>
<book>
	<filename>ivanov_sergei/ivanov_sergei_soyuz_odinochek.fb2.zip</filename>
	<title>Иванов Сергей Григорьевич. Союз одиночек</title>
</book>
<book>
	<filename>ivanov_sergei/ivanov_sergei_tesen_mir.fb2.zip</filename>
	<title>Иванов Сергей Григорьевич. Тесен мир</title>
</book>
<book>
	<filename>ivanov_sergei/ivanov_sergei_vetry_imperii.fb2.zip</filename>
	<title>Иванов Сергей Григорьевич. Ветры империи</title>
</book>
<book>
	<filename>ivanov_sergei/ivanov_sergei_zheleznyi_zver.fb2.zip</filename>
	<title>Иванов Сергей Григорьевич. Железный зверь</title>
</book>
<book>
	<filename>ivanov_sergei_mihailovich/ivanov_sergei_mihailovich_utro_vechera_mudrenee.fb2.zip</filename>
	<title>Иванов Сергей Михайлович. Утро вечера мудренее</title>
</book>
<book>
	<filename>ivanov_valentin/ivanov_valentin_povesti_drevnih_let.fb2.zip</filename>
	<title>Иванов Валентин. Повести древних лет</title>
</book>
<book>
	<filename>ivanov_valentin/ivanov_valentin_rus_iznachalnaya_tom_1.fb2.zip</filename>
	<title>Иванов Валентин. Русь изначальная. Том 1</title>
</book>
<book>
	<filename>ivanov_valentin/ivanov_valentin_rus_iznachalnaya_tom_2.fb2.zip</filename>
	<title>Иванов Валентин. Русь изначальная. Том 2</title>
</book>
<book>
	<filename>ivanov_valentin/ivanov_valentin_rus_velikaya.fb2.zip</filename>
	<title>Иванов Валентин. Русь Великая</title>
</book>
<book>
	<filename>ivanov_valentin/ivanov_valentin_yenergiya_podvlastna_nam.fb2.zip</filename>
	<title>Иванов Валентин Дмитриевич. Энергия подвластна нам</title>
</book>
<book>
	<filename>ivanov_vsevolod/ivanov_vsevolod_chudesnye_pohozhdeniya_portnogo_fokina.fb2.zip</filename>
	<title>Иванов Всеволод Вячеславович. Чудесные похождения портного Фокина</title>
</book>
<book>
	<filename>ivanov_vsevolod/ivanov_vsevolod_sizif_syn_yeola.fb2.zip</filename>
	<title>Иванов Всеволод. Сизиф, сын Эола</title>
</book>
<book>
	<filename>ivanov_vsevolod/ivanov_vsevolod_u.fb2.zip</filename>
	<title>Иванов Всеволод Вячеславович. У</title>
</book>
<book>
	<filename>ivanov_vsevolod/ivanov_vsevolod_vozvrashenie_buddy.fb2.zip</filename>
	<title>Иванов Всеволод Вячеславович. Возвращение Будды</title>
</book>
<book>
	<filename>ivanov_yu/ivanov_yu_chelovek_i_ego_dusha_zhizn_v_fizicheskom_tele_i_astralnom_mire.fb2.zip</filename>
	<title>Иванов Ю. М. Человек и его душа. Жизнь в физическом теле и астральном мире</title>
</book>
<book>
	<filename>ivanov_yurii/ivanov_yurii_atlanticheskii_reis.fb2.zip</filename>
	<title>Иванов Юрий Николаевич. Атлантический рейс</title>
</book>
<book>
	<filename>ivasaki_fernando/ivasaki_fernando_kniga_neschastnoi_lyubvi.fb2.zip</filename>
	<title>Ивасаки Фернандо. Книга несчастной любви</title>
</book>
<book>
	<filename>ivashenko_valerii/ivashenko_valerii_chernyi_yarl.fb2.zip</filename>
	<title>Иващенко Валерий. Черный Ярл</title>
</book>
<book>
	<filename>ivashenko_valerii/ivashenko_valerii_deti_haosa.fb2.zip</filename>
	<title>Иващенко Валерий. Дети Хаоса</title>
</book>
<book>
	<filename>ivashenko_valerii/ivashenko_valerii_edinstvennyi_voin_korolevy.fb2.zip</filename>
	<title>Иващенко Валерий. Единственный воин Королевы</title>
</book>
<book>
	<filename>ivashenko_valerii/ivashenko_valerii_voin_i_mag.fb2.zip</filename>
	<title>Иващенко Валерий. Воин и маг</title>
</book>
<book>
	<filename>ivaski_mineko/ivaski_mineko_nastoyashie_memuary_geishi.fb2.zip</filename>
	<title>Иваски Минеко. Настоящие мемуары гейши</title>
</book>
<book>
	<filename>ivenin_vladimir/ivenin_vladimir_detektiv_iz_sela_bubnovyi_tuz.fb2.zip</filename>
	<title>Ивенин Владимир. Детектив из села Бубновый Туз</title>
</book>
<book>
	<filename>ivenin_vladimir/ivenin_vladimir_fantasticheskoe_priklyuchenie_doyarki_nyurki_i_korovy_shurki.fb2.zip</filename>
	<title>Ивенин Владимир. Фантастическое приключение доярки Нюрки и коровы Шурки</title>
</book>
<book>
	<filename>ivenin_vladimir/ivenin_vladimir_greshniki.fb2.zip</filename>
	<title>Ивенин Владимир. Грешники</title>
</book>
<book>
	<filename>iver_zhak/iver_zhak_novye_zabavy_i_veselye_razgovory.fb2.zip</filename>
	<title>Ивер Жак. Новые забавы и веселые разговоры</title>
</book>
<book>
	<filename>ivin_aleksandr/ivin_aleksandr_logika.fb2.zip</filename>
	<title>Ивин Александр Архипович. Логика</title>
</book>
<book>
	<filename>ivnev_ryurik/ivnev_ryurik_bogema.fb2.zip</filename>
	<title>Ивнев Рюрик. Богема</title>
</book>
<book>
	<filename>ivushkina_olga/ivushkina_olga_recepty_na_kazhdyi_den.fb2.zip</filename>
	<title>Ивушкина Ольга. Рецепты на каждый день</title>
</book>
<book>
	<filename>ivushkina_olga/ivushkina_olga_vkusnye_blyuda_na_skoruyu_ruku.fb2.zip</filename>
	<title>Ивушкина Ольга. Вкусные блюда на скорую руку</title>
</book>
<book>
	<filename>izrayelson_syuzen/izrayelson_syuzen_sindrom_myerilin_monro.fb2.zip</filename>
	<title>Израэльсон Сьюзен. Синдром Мэрилин Монро</title>
</book>
<book>
	<filename>izyumova_evgeniya/izyumova_evgeniya_ded_terentii_i_drugie_rasskazy.fb2.zip</filename>
	<title>Изюмова Евгения. Дед Терентий и другие рассказы</title>
</book>
<book>
	<filename>izyumskii_boris/izyumskii_boris_begstvo_v_sokolinyi_bor.fb2.zip</filename>
	<title>Изюмский Борис Васильевич. Бегство в Соколиный бор</title>
</book>
<book>
	<filename>izyumskii_boris/izyumskii_boris_grad_za_lukomorem.fb2.zip</filename>
	<title>Изюмский Борис Васильевич. Град за лукоморьем</title>
</book>
<book>
	<filename>izyumskii_boris/izyumskii_boris_hanskii_yarlyk.fb2.zip</filename>
	<title>Изюмский Борис. Ханский ярлык</title>
</book>
<book>
	<filename>izyumskii_boris/izyumskii_boris_izbrannoe.fb2.zip</filename>
	<title>Изюмский Борис Васильевич. Избранное</title>
</book>
<book>
	<filename>izyumskii_boris/izyumskii_boris_solyanoi_shlyah.fb2.zip</filename>
	<title>Изюмский Борис Васильевич. Соляной шлях</title>
</book>
<book>
	<filename>izyumskii_boris/izyumskii_boris_timofei_s_holopei_ulicy.fb2.zip</filename>
	<title>Изюмский Борис Васильевич. Тимофей с Холопьей улицы</title>
</book>




</books>
