<?xml version="1.0" encoding="UTF-8" ?>
<books>

<book>
	<filename>jerome_jerome/jerome_jerome_three_men_on_the_bummel.fb2.zip</filename>
	<title>Jerome Jerome Klapka. Three Men on the Bummel</title>
</book>
<book>
	<filename>jeshkiljev_volodimir/jeshkiljev_volodimir_pafos.fb2.zip</filename>
	<title>Єшкілєв Володимир. Пафос</title>
</book>
<book>
	<filename>jones_edward/jones_edward_the_known_world.fb2.zip</filename>
	<title>Jones Edward P. The Known World</title>
</book>
<book>
	<filename>joyce_james/joyce_james_after_the_race.fb2.zip</filename>
	<title>Joyce James. After The Race</title>
</book>
<book>
	<filename>joyce_james/joyce_james_a_little_cloud.fb2.zip</filename>
	<title>Joyce James. A Little Cloud</title>
</book>
<book>
	<filename>joyce_james/joyce_james_a_mother.fb2.zip</filename>
	<title>Joyce James. A Mother</title>
</book>
<book>
	<filename>joyce_james/joyce_james_an_encounter.fb2.zip</filename>
	<title>Joyce James. An Encounter</title>
</book>
<book>
	<filename>joyce_james/joyce_james_a_painful_case.fb2.zip</filename>
	<title>Joyce James. A Painful Case</title>
</book>
<book>
	<filename>joyce_james/joyce_james_a_portrait_of_the_artist_as_a_young_man.fb2.zip</filename>
	<title>Joyce James. A Portrait of the Artist as a Young Man</title>
</book>
<book>
	<filename>joyce_james/joyce_james_araby.fb2.zip</filename>
	<title>Joyce James. Araby</title>
</book>
<book>
	<filename>joyce_james/joyce_james_clay.fb2.zip</filename>
	<title>Joyce James. Clay</title>
</book>
<book>
	<filename>joyce_james/joyce_james_counterparts.fb2.zip</filename>
	<title>Joyce James. Counterparts</title>
</book>
<book>
	<filename>joyce_james/joyce_james_eveline.fb2.zip</filename>
	<title>Joyce James. Eveline</title>
</book>
<book>
	<filename>joyce_james/joyce_james_grace.fb2.zip</filename>
	<title>Joyce James. Grace</title>
</book>
<book>
	<filename>joyce_james/joyce_james_ivy_day_in_the_committee_room.fb2.zip</filename>
	<title>Joyce James. Ivy Day In The Committee Room</title>
</book>
<book>
	<filename>joyce_james/joyce_james_the_boarding_house.fb2.zip</filename>
	<title>Joyce James. The Boarding House</title>
</book>
<book>
	<filename>joyce_james/joyce_james_the_dead.fb2.zip</filename>
	<title>Joyce James. The Dead</title>
</book>
<book>
	<filename>joyce_james/joyce_james_the_sisters.fb2.zip</filename>
	<title>Joyce James. The Sisters</title>
</book>
<book>
	<filename>joyce_james/joyce_james_two_gallants.fb2.zip</filename>
	<title>Joyce James. Two Gallants</title>
</book>


</books>
