﻿<?xml version="1.0" encoding="UTF-8" ?>
<books>

<book>
	<filename>kudryashev_a/kudryashev_a_nauchnaya_istina_i_nravstvennost.fb2.zip</filename>
	<title>Кудряшев А. Научная истина и нравственность</title>
</book>
<book>
	<filename>kudryashov_kirill/kudryashov_kirill_voiny_arktara.fb2.zip</filename>
	<title>Кудряшов Кирилл. Воины Арктара</title>
</book>
<book>
	<filename>kudryavcev_leonid/kudryavcev_leonid_agent_zvezdnogo_korpusa.fb2.zip</filename>
	<title>Кудрявцев Леонид. Агент Звездного корпуса</title>
</book>
<book>
	<filename>kudryavcev_leonid/kudryavcev_leonid_apparat_illyuzii.fb2.zip</filename>
	<title>Кудрявцев Леонид. Аппарат иллюзий</title>
</book>
<book>
	<filename>kudryavcev_leonid/kudryavcev_leonid_bessmertnye.fb2.zip</filename>
	<title>Кудрявцев Леонид. Бессмертные</title>
</book>
<book>
	<filename>kudryavcev_leonid/kudryavcev_leonid_centurion_inoplanetnogo_kvartala.fb2.zip</filename>
	<title>Кудрявцев Леонид Викторович. Центурион инопланетного квартала</title>
</book>
<book>
	<filename>kudryavcev_leonid/kudryavcev_leonid_chernaya_stena.fb2.zip</filename>
	<title>Кудрявцев Леонид Викторович. Черная стена</title>
</book>
<book>
	<filename>kudryavcev_leonid/kudryavcev_leonid_den_bez_smerti.fb2.zip</filename>
	<title>Кудрявцев Леонид Викторович. День без смерти</title>
</book>
<book>
	<filename>kudryavcev_leonid/kudryavcev_leonid_dolg_centuriona.fb2.zip</filename>
	<title>Кудрявцев Леонид. Долг центуриона</title>
</book>
<book>
	<filename>kudryavcev_leonid/kudryavcev_leonid_dolina_magov.fb2.zip</filename>
	<title>Кудрявцев Леонид. Долина магов</title>
</book>
<book>
	<filename>kudryavcev_leonid/kudryavcev_leonid_doroga_maga.fb2.zip</filename>
	<title>Кудрявцев Леонид. Дорога мага</title>
</book>
<book>
	<filename>kudryavcev_leonid/kudryavcev_leonid_doroga_mirov.fb2.zip</filename>
	<title>Кудрявцев Леонид Викторович. Дорога миров</title>
</book>
<book>
	<filename>kudryavcev_leonid/kudryavcev_leonid_dva_solnca.fb2.zip</filename>
	<title>Кудрявцев Леонид Викторович. Два солнца</title>
</book>
<book>
	<filename>kudryavcev_leonid/kudryavcev_leonid_dve_tverdyni.fb2.zip</filename>
	<title>Кудрявцев Леонид Викторович. Две твердыни</title>
</book>
<book>
	<filename>kudryavcev_leonid/kudryavcev_leonid_eretik.fb2.zip</filename>
	<title>Кудрявцев Леонид. Еретик</title>
</book>
<book>
	<filename>kudryavcev_leonid/kudryavcev_leonid_fioletovyi_mir.fb2.zip</filename>
	<title>Кудрявцев Леонид Викторович. Фиолетовый мир</title>
</book>
<book>
	<filename>kudryavcev_leonid/kudryavcev_leonid_fyentizmy.fb2.zip</filename>
	<title>Кудрявцев Леонид Викторович. Фэнтизмы</title>
</book>
<book>
	<filename>kudryavcev_leonid/kudryavcev_leonid_inspektor_snov.fb2.zip</filename>
	<title>Кудрявцев Леонид. Инспектор снов</title>
</book>
<book>
	<filename>kudryavcev_leonid/kudryavcev_leonid_karusel_pushkina.fb2.zip</filename>
	<title>Кудрявцев Леонид Викторович. Карусель Пушкина</title>
</book>
<book>
	<filename>kudryavcev_leonid/kudryavcev_leonid_klyatva_krysinogo_korolya.fb2.zip</filename>
	<title>Кудрявцев Леонид. Клятва крысиного короля</title>
</book>
<book>
	<filename>kudryavcev_leonid/kudryavcev_leonid_labirint_snov.fb2.zip</filename>
	<title>Кудрявцев Леонид Викторович. Лабиринт снов</title>
</book>
<book>
	<filename>kudryavcev_leonid/kudryavcev_leonid_lyagushka.fb2.zip</filename>
	<title>Кудрявцев Леонид. Лягушка</title>
</book>
<book>
	<filename>kudryavcev_leonid/kudryavcev_leonid_metamorfozy.fb2.zip</filename>
	<title>Кудрявцев Леонид. Метаморфозы</title>
</book>
<book>
	<filename>kudryavcev_leonid/kudryavcev_leonid_mir_krylev.fb2.zip</filename>
	<title>Кудрявцев Леонид Викторович. Мир крыльев</title>
</book>
<book>
	<filename>kudryavcev_leonid/kudryavcev_leonid_nenuzhnye_veshi.fb2.zip</filename>
	<title>Кудрявцев Леонид Викторович. Ненужные вещи</title>
</book>
<book>
	<filename>kudryavcev_leonid/kudryavcev_leonid_novichok.fb2.zip</filename>
	<title>Кудрявцев Леонид. Новичок</title>
</book>
<book>
	<filename>kudryavcev_leonid/kudryavcev_leonid_ohota_na_kvaka.fb2.zip</filename>
	<title>Кудрявцев Леонид Викторович. Охота на Квака</title>
</book>
<book>
	<filename>kudryavcev_leonid/kudryavcev_leonid_ohotnik_na_magov.fb2.zip</filename>
	<title>Кудрявцев Леонид Викторович. Охотник на магов</title>
</book>
<book>
	<filename>kudryavcev_leonid/kudryavcev_leonid_ostanovka_v_puti.fb2.zip</filename>
	<title>Кудрявцев Леонид. Остановка в пути</title>
</book>
<book>
	<filename>kudryavcev_leonid/kudryavcev_leonid_ozero.fb2.zip</filename>
	<title>Кудрявцев Леонид Викторович. Озеро</title>
</book>
<book>
	<filename>kudryavcev_leonid/kudryavcev_leonid_pretendent.fb2.zip</filename>
	<title>Кудрявцев Леонид. Претендент</title>
</book>
<book>
	<filename>kudryavcev_leonid/kudryavcev_leonid_probuzhdenie.fb2.zip</filename>
	<title>Кудрявцев Леонид. Пробуждение</title>
</book>
<book>
	<filename>kudryavcev_leonid/kudryavcev_leonid_putevoditel_po_mirucepi.fb2.zip</filename>
	<title>Кудрявцев Леонид Викторович. Путеводитель по миру-цепи</title>
</book>
<book>
	<filename>kudryavcev_leonid/kudryavcev_leonid_seryi_mag.fb2.zip</filename>
	<title>Кудрявцев Леонид. Серый маг</title>
</book>
<book>
	<filename>kudryavcev_leonid/kudryavcev_leonid_sobiratel_informacii.fb2.zip</filename>
	<title>Кудрявцев Леонид. Собиратель информации</title>
</book>
<book>
	<filename>kudryavcev_leonid/kudryavcev_leonid_ten_maga.fb2.zip</filename>
	<title>Кудрявцев Леонид. Тень мага</title>
</book>
<book>
	<filename>kudryavcev_leonid/kudryavcev_leonid_ubit_geroya.fb2.zip</filename>
	<title>Кудрявцев Леонид. Убить героя</title>
</book>
<book>
	<filename>kudryavcev_leonid/kudryavcev_leonid_velikaya_udacha.fb2.zip</filename>
	<title>Кудрявцев Леонид Викторович. Великая удача</title>
</book>
<book>
	<filename>kudryavcev_leonid/kudryavcev_leonid_vernyi_sposob.fb2.zip</filename>
	<title>Кудрявцев Леонид. Верный способ</title>
</book>
<book>
	<filename>kudryavcev_leonid/kudryavcev_leonid_vtorzhenie.fb2.zip</filename>
	<title>Кудрявцев Леонид Викторович. Вторжение</title>
</book>
<book>
	<filename>kudryavcev_leonid/kudryavcev_leonid_vyigrysh.fb2.zip</filename>
	<title>Кудрявцев Леонид. Выигрыш</title>
</book>
<book>
	<filename>kudryavcev_leonid/kudryavcev_leonid_vysshee_masterstvo.fb2.zip</filename>
	<title>Кудрявцев Леонид. Высшее мастерство</title>
</book>
<book>
	<filename>kudryavcev_leonid/kudryavcev_leonid_yemissar_uhodyashego_sna.fb2.zip</filename>
	<title>Кудрявцев Леонид Викторович. Эмиссар уходящего сна</title>
</book>
<book>
	<filename>kudryavcev_leonid/kudryavcev_leonid_zakon_oborotnya.fb2.zip</filename>
	<title>Кудрявцев Леонид. Закон оборотня</title>
</book>
<book>
	<filename>kudryavcev_leonid/kudryavcev_leonid_zashitnyi_mehanizm.fb2.zip</filename>
	<title>Кудрявцев Леонид. Защитный механизм</title>
</book>
<book>
	<filename>kuin_dzhuliya/kuin_dzhuliya_blistatelnyi_markiz.fb2.zip</filename>
	<title>Куин Джулия. Блистательный маркиз</title>
</book>
<book>
	<filename>kuin_dzhuliya/kuin_dzhuliya_gde_vlastvuet_lyubov.fb2.zip</filename>
	<title>Куин Джулия. Где властвует любовь</title>
</book>
<book>
	<filename>kuin_dzhuliya/kuin_dzhuliya_gercog_i_ya.fb2.zip</filename>
	<title>Куин Джулия. Герцог и я</title>
</book>
<book>
	<filename>kuin_dzhuliya/kuin_dzhuliya_gretnagrin.fb2.zip</filename>
	<title>Куин Джулия. Гретна-Грин</title>
</book>
<book>
	<filename>kuin_dzhuliya/kuin_dzhuliya_kogda_on_byl_porochnym.fb2.zip</filename>
	<title>Куин Джулия. Когда он был порочным</title>
</book>
<book>
	<filename>kuin_dzhuliya/kuin_dzhuliya_krasavica_i_gercog.fb2.zip</filename>
	<title>Куин Джулия. Красавица и герцог</title>
</book>
<book>
	<filename>kuin_dzhuliya/kuin_dzhuliya_na_puti_k_svadbe.fb2.zip</filename>
	<title>Куин Джулия. На пути к свадьбе</title>
</book>
<book>
	<filename>kuin_dzhuliya/kuin_dzhuliya_plutovka.fb2.zip</filename>
	<title>Куин Джулия. Плутовка</title>
</book>
<book>
	<filename>kuin_dzhuliya/kuin_dzhuliya_podari_mne_lunu.fb2.zip</filename>
	<title>Куин Джулия. Подари мне луну</title>
</book>
<book>
	<filename>kuin_dzhuliya/kuin_dzhuliya_polnochnyi_vals.fb2.zip</filename>
	<title>Куин Джулия. Полночный вальс</title>
</book>
<book>
	<filename>kuin_dzhuliya/kuin_dzhuliya_predlozhenie_dzhentlmena.fb2.zip</filename>
	<title>Куин Джулия. Предложение джентльмена</title>
</book>
<book>
	<filename>kuin_dzhuliya/kuin_dzhuliya_romanticheskaya_istoriya_mistera_bridzhertona.fb2.zip</filename>
	<title>Куин Джулия. Романтическая история мистера Бриджертона</title>
</book>
<book>
	<filename>kuin_dzhuliya/kuin_dzhuliya_syeru_filippu_s_lyubovyu.fb2.zip</filename>
	<title>Куин Джулия. Сэру Филиппу, с любовью</title>
</book>
<book>
	<filename>kuin_dzhuliya/kuin_dzhuliya_velikolepno.fb2.zip</filename>
	<title>Куин Джулия. Великолепно!</title>
</book>
<book>
	<filename>kuin_dzhuliya/kuin_dzhuliya_vikont_kotoryi_lyubil_menya.fb2.zip</filename>
	<title>Куин Джулия. Виконт, который любил меня</title>
</book>
<book>
	<filename>kuin_dzhuliya/kuin_dzhuliya_v_pogone_za_naslednicei.fb2.zip</filename>
	<title>Куин Джулия. В погоне за наследницей</title>
</book>
<book>
	<filename>kuin_dzhuliya/kuin_dzhuliya_vse_v_ego_pocelue.fb2.zip</filename>
	<title>Куин Джулия. Все в его поцелуе</title>
</book>
<book>
	<filename>kuin_dzhuliya/kuin_dzhuliya_yarche_solnca.fb2.zip</filename>
	<title>Куин Джулия. Ярче солнца</title>
</book>
<book>
	<filename>kuin_pola/kuin_pola_lordobolstitel.fb2.zip</filename>
	<title>Куин Пола. Лорд-обольститель</title>
</book>
<book>
	<filename>kuin_pola/kuin_pola_rycar_moego_serdca.fb2.zip</filename>
	<title>Куин Пола. Рыцарь моего сердца</title>
</book>
<book>
	<filename>kuinsli_tori/kuinsli_tori_obman_vo_imya_lyubvi.fb2.zip</filename>
	<title>Куинсли Тори. Обман во имя любви</title>
</book>
<book>
	<filename>kuin_yelleri/kuin_yelleri_chernyi_penni.fb2.zip</filename>
	<title>Куин Эллери. Черный Пенни</title>
</book>
<book>
	<filename>kuin_yelleri/kuin_yelleri_licom_k_licu.fb2.zip</filename>
	<title>Куин Эллери. Лицом к лицу</title>
</book>
<book>
	<filename>kuin_yelleri/kuin_yelleri_neizvestnaya_rukopis_doktora_uotsona.fb2.zip</filename>
	<title>Куин Эллери. Неизвестная рукопись Доктора Уотсона</title>
</book>
<book>
	<filename>kuin_yelleri/kuin_yelleri_poteryavshii_plachet.fb2.zip</filename>
	<title>Куин Эллери. Потерявший плачет</title>
</book>
<book>
	<filename>kuin_yelleri/kuin_yelleri_priklyucheniya_na_bezumnom_chaepitii.fb2.zip</filename>
	<title>Куин Эллери. Приключения на безумном чаепитии</title>
</book>
<book>
	<filename>kuin_yelleri/kuin_yelleri_sanatorii_smerti.fb2.zip</filename>
	<title>Куин Эллери. Санаторий смерти</title>
</book>
<book>
	<filename>kuin_yelleri/kuin_yelleri_tainstvennyi_cilindr.fb2.zip</filename>
	<title>Куин Эллери. Таинственный цилиндр</title>
</book>
<book>
	<filename>kuin_yelleri/kuin_yelleri_zhilabyla_staruha.fb2.zip</filename>
	<title>Куин Эллери. Жила-была старуха</title>
</book>
<book>
	<filename>kukarkin_evgenii/kukarkin_evgenii_vzryv.fb2.zip</filename>
	<title>Кукаркин Евгений. Взрыв</title>
</book>
<book>
	<filename>kukarkin_evgenii/kukarkin_evgenii_yeto_nasha_voina.fb2.zip</filename>
	<title>Кукаркин Евгений. Это наша война</title>
</book>
<book>
	<filename>kuk_glen/kuk_glen_bashnya_straha.fb2.zip</filename>
	<title>Кук Глен. Башня страха</title>
</book>
<book>
	<filename>kuk_glen/kuk_glen_belaya_roza.fb2.zip</filename>
	<title>Кук Глен. Белая Роза</title>
</book>
<book>
	<filename>kuk_glen/kuk_glen_bez_poshady.fb2.zip</filename>
	<title>Кук Глен. Без пощады</title>
</book>
<book>
	<filename>kuk_glen/kuk_glen_chernyi_otryad.fb2.zip</filename>
	<title>Кук Глен. Черный отряд</title>
</book>
<book>
	<filename>kuk_glen/kuk_glen_ditya_tmy.fb2.zip</filename>
	<title>Кук Глен. Дитя тьмы</title>
</book>
<book>
	<filename>kuk_glen/kuk_glen_drakon_ne_spit_nikogda.fb2.zip</filename>
	<title>Кук Глен Чарльз. Дракон не спит никогда</title>
</book>
<book>
	<filename>kuk_glen/kuk_glen_holodnye_mednye_slezy.fb2.zip</filename>
	<title>Кук Глен. Холодные медные слезы</title>
</book>
<book>
	<filename>kuk_glen/kuk_glen_igra_tenei.fb2.zip</filename>
	<title>Кук Глен. Игра теней</title>
</book>
<book>
	<filename>kuk_glen/kuk_glen_koldun.fb2.zip</filename>
	<title>Кук Глен. Колдун</title>
</book>
<book>
	<filename>kuk_glen/kuk_glen_lovcy_zvyozd.fb2.zip</filename>
	<title>Кук Глен. Ловцы звёзд</title>
</book>
<book>
	<filename>kuk_glen/kuk_glen_nastuplenie_tmy.fb2.zip</filename>
	<title>Кук Глен. Наступление тьмы</title>
</book>
<book>
	<filename>kuk_glen/kuk_glen_nochi_krovavogo_zheleza.fb2.zip</filename>
	<title>Кук Глен Чарльз. Ночи кровавого железа</title>
</book>
<book>
	<filename>kuk_glen/kuk_glen_obrekayushaya.fb2.zip</filename>
	<title>Кук Глен. Обрекающая</title>
</book>
<book>
	<filename>kuk_glen/kuk_glen_ogon_v_ego_ladonyah.fb2.zip</filename>
	<title>Кук Глен. Огонь в его ладонях</title>
</book>
<book>
	<filename>kuk_glen/kuk_glen_poslednii_obryad.fb2.zip</filename>
	<title>Кук Глен. Последний обряд</title>
</book>
<book>
	<filename>kuk_glen/kuk_glen_reid.fb2.zip</filename>
	<title>Кук Глен Чарльз. Рейд</title>
</book>
<book>
	<filename>kuk_glen/kuk_glen_sedaya_olovyannaya_pechal.fb2.zip</filename>
	<title>Кук Глен Чарльз. Седая оловянная печаль</title>
</book>
<book>
	<filename>kuk_glen/kuk_glen_serebryanyi_klin.fb2.zip</filename>
	<title>Кук Глен. Серебряный клин</title>
</book>
<book>
	<filename>kuk_glen/kuk_glen_sladkozvuchnyi_serebryanyi_blyuz.fb2.zip</filename>
	<title>Кук Глен. Сладкозвучный серебряный блюз</title>
</book>
<book>
	<filename>kuk_glen/kuk_glen_smertelnaya_rtutnaya_lozh.fb2.zip</filename>
	<title>Кук Глен. Смертельная ртутная ложь</title>
</book>
<book>
	<filename>kuk_glen/kuk_glen_soldaty_zhivut.fb2.zip</filename>
	<title>Кук Глен. Солдаты живут</title>
</book>
<book>
	<filename>kuk_glen/kuk_glen_stalnye_sny.fb2.zip</filename>
	<title>Кук Глен. Стальные сны</title>
</book>
<book>
	<filename>kuk_glen/kuk_glen_surovye_vremena.fb2.zip</filename>
	<title>Кук Глен. Суровые времена</title>
</book>
<book>
	<filename>kuk_glen/kuk_glen_tenevaya_liniya.fb2.zip</filename>
	<title>Кук Глен. Теневая линия</title>
</book>
<book>
	<filename>kuk_glen/kuk_glen_teni_sgushayutsya.fb2.zip</filename>
	<title>Кук Глен. Тени сгущаются</title>
</book>
<book>
	<filename>kuk_glen/kuk_glen_tma.fb2.zip</filename>
	<title>Кук Глен. Тьма</title>
</book>
<book>
	<filename>kuk_glen/kuk_glen_tma_vseh_nochei.fb2.zip</filename>
	<title>Кук Глен. Тьма всех ночей</title>
</book>
<book>
	<filename>kuk_glen/kuk_glen_vody_spyat.fb2.zip</filename>
	<title>Кук Глен. Воды спят</title>
</book>
<book>
	<filename>kuk_glen/kuk_glen_zhalkie_svincovye_bozhki.fb2.zip</filename>
	<title>Кук Глен. Жалкие свинцовые божки</title>
</book>
<book>
	<filename>kuk_glen/kuk_glen_zhar_sumrachnoi_stali.fb2.zip</filename>
	<title>Кук Глен. Жар сумрачной стали</title>
</book>
<book>
	<filename>kuk_glen/kuk_glen_zhatva_vostochnogo_vetra.fb2.zip</filename>
	<title>Кук Глен. Жатва восточного ветра</title>
</book>
<book>
	<filename>kuk_glen/kuk_glen_zlaya_sudba.fb2.zip</filename>
	<title>Кук Глен. Злая судьба</title>
</book>
<book>
	<filename>kuk_glen/kuk_glen_zlobnye_chugunnye_nebesa.fb2.zip</filename>
	<title>Кук Глен. Злобные чугунные небеса</title>
</book>
<book>
	<filename>kuk_glen/kuk_glen_zloveshie_latunnye_teni.fb2.zip</filename>
	<title>Кук Глен Чарльз. Зловещие латунные тени</title>
</book>
<book>
	<filename>kuk_glen/kuk_glen_zolotye_serdca_s_chervotochinkoi.fb2.zip</filename>
	<title>Кук Глен. Золотые сердца с червоточинкой</title>
</book>
<book>
	<filename>kuk_glen/kuk_glen_zvyozdnyi_rubezh.fb2.zip</filename>
	<title>Кук Глен. Звёздный рубеж</title>
</book>
<book>
	<filename>kuk_kler/kuk_kler_letnee_priklyuchenie.fb2.zip</filename>
	<title>Кук Клер. Летнее приключение</title>
</book>
<book>
	<filename>kuk_kristina/kuk_kristina_bez_vuali.fb2.zip</filename>
	<title>Кук Кристина. Без вуали</title>
</book>
<book>
	<filename>kuk_kristina/kuk_kristina_neodolimoe_vlechenie.fb2.zip</filename>
	<title>Кук Кристина. Неодолимое влечение</title>
</book>
<book>
	<filename>kuk_kristina/kuk_kristina_nepokornaya_zhena.fb2.zip</filename>
	<title>Кук Кристина. Непокорная жена</title>
</book>
<book>
	<filename>kuk_kristina/kuk_kristina_zhenitba_povesy.fb2.zip</filename>
	<title>Кук Кристина. Женитьба повесы</title>
</book>
<book>
	<filename>kuk_linda/kuk_linda_nochnye_kostry.fb2.zip</filename>
	<title>Кук Линда. Ночные костры</title>
</book>
<book>
	<filename>kuk_linda/kuk_linda_serebryanyi_veter.fb2.zip</filename>
	<title>Кук Линда. Серебряный ветер</title>
</book>
<book>
	<filename>kuk_linda/kuk_linda_vsled_za_lunoi.fb2.zip</filename>
	<title>Кук Линда. Вслед за луной</title>
</book>
<book>
	<filename>kuk_robin/kuk_robin_gran_riska.fb2.zip</filename>
	<title>Кук Робин. Грань риска</title>
</book>
<book>
	<filename>kuk_robin/kuk_robin_hromosoma6.fb2.zip</filename>
	<title>Кук Робин. Хромосома-6</title>
</book>
<book>
	<filename>kuk_robin/kuk_robin_koma.fb2.zip</filename>
	<title>Кук Робин. Кома</title>
</book>
<book>
	<filename>kuk_robin/kuk_robin_mozg.fb2.zip</filename>
	<title>Кук Робин. Мозг</title>
</book>
<book>
	<filename>kuk_robin/kuk_robin_mutant.fb2.zip</filename>
	<title>Кук Робин. Мутант</title>
</book>
<book>
	<filename>kuk_robin/kuk_robin_zaraza.fb2.zip</filename>
	<title>Кук Робин. Зараза</title>
</book>
<book>
	<filename>kukson_kyetrin/kukson_kyetrin_bolotnyi_tigr.fb2.zip</filename>
	<title>Куксон Кэтрин. Болотный Тигр</title>
</book>
<book>
	<filename>kukson_kyetrin/kukson_kyetrin_bremya_odezhd.fb2.zip</filename>
	<title>Куксон Кэтрин. Бремя одежд</title>
</book>
<book>
	<filename>kukson_kyetrin/kukson_kyetrin_dama_sleva.fb2.zip</filename>
	<title>Куксон Кэтрин. Дама слева</title>
</book>
<book>
	<filename>kukson_kyetrin/kukson_kyetrin_god_devstvennikov.fb2.zip</filename>
	<title>Куксон Кэтрин. Год девственников</title>
</book>
<book>
	<filename>kukson_kyetrin/kukson_kyetrin_kyeti_malholland_tom_1.fb2.zip</filename>
	<title>Куксон Кэтрин. Кэти Малхолланд. Том 1</title>
</book>
<book>
	<filename>kukson_kyetrin/kukson_kyetrin_kyeti_malholland_tom_2.fb2.zip</filename>
	<title>Куксон Кэтрин. Кэти Малхолланд. Том 2</title>
</book>
<book>
	<filename>kukson_kyetrin/kukson_kyetrin_plate_iz_chernogo_barhata.fb2.zip</filename>
	<title>Куксон Кэтрин. Платье из черного бархата</title>
</book>
<book>
	<filename>kukson_kyetrin/kukson_kyetrin_steklyannaya_madonna.fb2.zip</filename>
	<title>Куксон Кэтрин. Стеклянная мадонна</title>
</book>
<book>
	<filename>kuk_yeilin/kuk_yeilin_predskazanie.fb2.zip</filename>
	<title>Кук Эйлин. Предсказание</title>
</book>
<book>
	<filename>kulagin_oleg/kulagin_oleg_dipskleroz.fb2.zip</filename>
	<title>Кулагин Олег. Дип-склероз</title>
</book>
<book>
	<filename>kulagin_oleg/kulagin_oleg_moskovskii_labirint.fb2.zip</filename>
	<title>Кулагин Олег. Московский лабиринт</title>
</book>
<book>
	<filename>kulagin_oleg/kulagin_oleg_zvezdy_v_karmane.fb2.zip</filename>
	<title>Кулагин Олег. Звезды в кармане</title>
</book>
<book>
	<filename>kulakov_feliks/kulakov_feliks_kak_ya_ohranyal_tretyakovku.fb2.zip</filename>
	<title>Кулаков Феликс. Как я охранял Третьяковку</title>
</book>
<book>
	<filename>kulakov_oleg/kulakov_oleg_nuker_tamerlana.fb2.zip</filename>
	<title>Кулаков Олег. Нукер Тамерлана</title>
</book>
<book>
	<filename>kulakovskii_aleksei/kulakovskii_aleksei_rasstaemsya_nenadolgo.fb2.zip</filename>
	<title>Кулаковский Алексей Николаевич. Расстаемся ненадолго</title>
</book>
<book>
	<filename>kuleshov_aleksandr/kuleshov_aleksandr_sysknoe_agentstvo.fb2.zip</filename>
	<title>Кулешов Александр Петрович. Сыскное агентство</title>
</book>
<book>
	<filename>kulesh_pyotr/kulesh_pyotr_syd_barrett_bvedenie_v_barrettologiyu.fb2.zip</filename>
	<title>Кулеш Пётр. Syd Barrett. Bведение в Барреттологию.</title>
</book>
<book>
	<filename>kul_gans/kul_gans_germanskii_generalnyi_shtab.fb2.zip</filename>
	<title>Куль Ганс. Германский генеральный штаб</title>
</book>
<book>
	<filename>kulidzh_syuzan/kulidzh_syuzan_chto_keiti_delala.fb2.zip</filename>
	<title>Кулидж Сьюзан. Что Кейти делала</title>
</book>
<book>
	<filename>kulikova_galina/kulikova_galina_bananovoe_ubiistvo.fb2.zip</filename>
	<title>Куликова Галина. Банановое убийство</title>
</book>
<book>
	<filename>kulikova_galina/kulikova_galina_bessmertie_optom_i_v_roznicu.fb2.zip</filename>
	<title>Куликова Галина. Бессмертие оптом и в розницу</title>
</book>
<book>
	<filename>kulikova_galina/kulikova_galina_blondinka_za_levym_uglom.fb2.zip</filename>
	<title>Куликова Галина. Блондинка за левым углом</title>
</book>
<book>
	<filename>kulikova_galina/kulikova_galina_bryunetka_v_kletku.fb2.zip</filename>
	<title>Куликова Галина. Брюнетка в клетку</title>
</book>
<book>
	<filename>kulikova_galina/kulikova_galina_dyrka_ot_bublika.fb2.zip</filename>
	<title>Куликова Галина. Дырка от бублика</title>
</book>
<book>
	<filename>kulikova_galina/kulikova_galina_fantom_ruchnoi_sborki.fb2.zip</filename>
	<title>Куликова Галина. Фантом ручной сборки</title>
</book>
<book>
	<filename>kulikova_galina/kulikova_galina_garem_pokoinikov.fb2.zip</filename>
	<title>Куликова Галина. Гарем покойников</title>
</book>
<book>
	<filename>kulikova_galina/kulikova_galina_klubnichnoe_ubiistvo.fb2.zip</filename>
	<title>Куликова Галина. Клубничное убийство</title>
</book>
<book>
	<filename>kulikova_galina/kulikova_galina_krasivym_zhit_ne_zapretish.fb2.zip</filename>
	<title>Куликова Галина. Красивым жить не запретишь</title>
</book>
<book>
	<filename>kulikova_galina/kulikova_galina_ledi_iz_nerzhaveiki.fb2.zip</filename>
	<title>Куликова Галина. Леди из нержавейки</title>
</book>
<book>
	<filename>kulikova_galina/kulikova_galina_muha_na_kryuchke.fb2.zip</filename>
	<title>Куликова Галина. Муха на крючке</title>
</book>
<book>
	<filename>kulikova_galina/kulikova_galina_nagie_namereniya.fb2.zip</filename>
	<title>Куликова Галина. Нагие намерения</title>
</book>
<book>
	<filename>kulikova_galina/kulikova_galina_nevesta_iz_korobki.fb2.zip</filename>
	<title>Куликова Галина. Невеста из коробки</title>
</book>
<book>
	<filename>kulikova_galina/kulikova_galina_nezemnoe_telo.fb2.zip</filename>
	<title>Куликова Галина. Неземное тело</title>
</book>
<book>
	<filename>kulikova_galina/kulikova_galina_pakosti_v_kredit.fb2.zip</filename>
	<title>Куликова Галина. Пакости в кредит</title>
</book>
<book>
	<filename>kulikova_galina/kulikova_galina_pensne_dlya_slepoi_kuricy.fb2.zip</filename>
	<title>Куликова Галина. Пенсне для слепой курицы</title>
</book>
<book>
	<filename>kulikova_galina/kulikova_galina_pohozhdeniya_solomennoi_vdovy.fb2.zip</filename>
	<title>Куликова Галина. Похождения соломенной вдовы</title>
</book>
<book>
	<filename>kulikova_galina/kulikova_galina_pravila_vozhdeniya_za_nos.fb2.zip</filename>
	<title>Куликова Галина. Правила вождения за нос</title>
</book>
<book>
	<filename>kulikova_galina/kulikova_galina_recept_dorogogo_udovolstviya.fb2.zip</filename>
	<title>Куликова Галина. Рецепт дорогого удовольствия</title>
</book>
<book>
	<filename>kulikova_galina/kulikova_galina_roga_v_izobilii.fb2.zip</filename>
	<title>Куликова Галина. Рога в изобилии</title>
</book>
<book>
	<filename>kulikova_galina/kulikova_galina_rukopashnaya_s_kupidonom.fb2.zip</filename>
	<title>Куликова Галина. Рукопашная с купидоном</title>
</book>
<book>
	<filename>kulikova_galina/kulikova_galina_rycar_astralnogo_obraza.fb2.zip</filename>
	<title>Куликова Галина Михайловна. Рыцарь астрального образа</title>
</book>
<book>
	<filename>kulikova_galina/kulikova_galina_sabina_na_francuzskoi_diete.fb2.zip</filename>
	<title>Куликова Галина. Сабина на французской диете</title>
</book>
<book>
	<filename>kulikova_galina/kulikova_galina_salon_medvezhih_uslug.fb2.zip</filename>
	<title>Куликова Галина. Салон медвежьих услуг</title>
</book>
<book>
	<filename>kulikova_galina/kulikova_galina_sekretarsha_na_batareikah.fb2.zip</filename>
	<title>Куликова Галина. Секретарша на батарейках</title>
</book>
<book>
	<filename>kulikova_galina/kulikova_galina_sindrom_bodlivoi_korovy.fb2.zip</filename>
	<title>Куликова Галина. Синдром бодливой коровы</title>
</book>
<book>
	<filename>kulikova_galina/kulikova_galina_sumasshedshii_domik_v_derevne.fb2.zip</filename>
	<title>Куликова Галина. Сумасшедший домик в деревне</title>
</book>
<book>
	<filename>kulikova_galina/kulikova_galina_vityaz_v_ovechei_shkure.fb2.zip</filename>
	<title>Куликова Галина. Витязь в овечьей шкуре</title>
</book>
<book>
	<filename>kulikova_galina/kulikova_galina_vudu_dlya_chainikov.fb2.zip</filename>
	<title>Куликова Галина. Вуду для «чайников»</title>
</book>
<book>
	<filename>kulikova_galina/kulikova_galina_yeros_plennyh_ne_beret.fb2.zip</filename>
	<title>Куликова Галина. Эрос пленных не берет</title>
</book>
<book>
	<filename>kulikova_galina/kulikova_galina_zakon_sohraneniya_vranya.fb2.zip</filename>
	<title>Куликова Галина. Закон сохранения вранья</title>
</book>
<book>
	<filename>kulikov_geomar/kulikov_geomar_spokoistvie_ne_vosstanovleno.fb2.zip</filename>
	<title>Куликов Геомар Георгиевич. Спокойствие не восстановлено</title>
</book>
<book>
	<filename>kulikov_geomar/kulikov_geomar_yurev_den.fb2.zip</filename>
	<title>Куликов Геомар Георгиевич. Юрьев день</title>
</book>
<book>
	<filename>kulikov_roman/kulikov_roman_delo_chesti.fb2.zip</filename>
	<title>Куликов Роман. Дело чести</title>
</book>
<book>
	<filename>kulikov_roman/kulikov_roman_igry_ushedshih.fb2.zip</filename>
	<title>Куликов Роман. Игры ушедших</title>
</book>
<book>
	<filename>kulikov_roman/kulikov_roman_na_oskolkah_chesti.fb2.zip</filename>
	<title>Куликов Роман. На осколках чести</title>
</book>
<book>
	<filename>kulikov_roman/kulikov_roman_progulka_limy.fb2.zip</filename>
	<title>Куликов Роман. Прогулка Лимы</title>
</book>
<book>
	<filename>kulikov_vladimir/kulikov_vladimir_neizvestnyi_kitai.fb2.zip</filename>
	<title>Куликов Владимир Семенович. Неизвестный Китай</title>
</book>
<book>
	<filename>kulonzh_anri/kulonzh_anri_shest_seryh_gusei.fb2.zip</filename>
	<title>Кулонж Анри. Шесть серых гусей</title>
</book>
<book>
	<filename>kumin_vyacheslav/kumin_vyacheslav_berserk.fb2.zip</filename>
	<title>Кумин Вячеслав. Берсерк</title>
</book>
<book>
	<filename>kumin_vyacheslav/kumin_vyacheslav_ishod.fb2.zip</filename>
	<title>Кумин Вячеслав. Исход</title>
</book>
<book>
	<filename>kumin_vyacheslav/kumin_vyacheslav_naemnik.fb2.zip</filename>
	<title>Кумин Вячеслав. Наемник</title>
</book>
<book>
	<filename>kumin_vyacheslav/kumin_vyacheslav_padenie_raya.fb2.zip</filename>
	<title>Кумин Вячеслав. Падение рая</title>
</book>
<book>
	<filename>kumin_vyacheslav/kumin_vyacheslav_pryzhok_feniksa.fb2.zip</filename>
	<title>Кумин Вячеслав. Прыжок Феникса</title>
</book>
<book>
	<filename>kumin_vyacheslav/kumin_vyacheslav_revansh.fb2.zip</filename>
	<title>Кумин Вячеслав. Реванш</title>
</book>
<book>
	<filename>kumin_vyacheslav/kumin_vyacheslav_vossoedinenie.fb2.zip</filename>
	<title>Кумин Вячеслав. Воссоединение</title>
</book>
<book>
	<filename>kumma_aleksandr/kumma_aleksandr_vtoraya_taina_zolotogo_klyuchika.fb2.zip</filename>
	<title>Кумма Александр Владимирович. Вторая тайна золотого ключика</title>
</book>
<book>
	<filename>kummins_yan/kummins_yan_shell_shokiruet_mir.fb2.zip</filename>
	<title>Кумминс Ян. Shell шокирует мир</title>
</book>
<book>
	<filename>kumok_yakov/kumok_yakov_karpinskii.fb2.zip</filename>
	<title>Кумок Яков Невахович. Карпинский</title>
</book>
<book>
	<filename>kunc_din/kunc_din_angelyhraniteli.fb2.zip</filename>
	<title>Кунц Дин. Ангелы-хранители</title>
</book>
<book>
	<filename>kunc_din/kunc_din_antichelovek.fb2.zip</filename>
	<title>Кунц Дин Рэй. Античеловек</title>
</book>
<book>
	<filename>kunc_din/kunc_din_bagrovaya_vedma.fb2.zip</filename>
	<title>Кунц Дин Рэй. Багровая ведьма</title>
</book>
<book>
	<filename>kunc_din/kunc_din_cheiz_pogonya.fb2.zip</filename>
	<title>Кунц Дин. Чейз (Погоня)</title>
</book>
<book>
	<filename>kunc_din/kunc_din_chelovek_straha.fb2.zip</filename>
	<title>Кунц Дин. Человек страха</title>
</book>
<book>
	<filename>kunc_din/kunc_din_chernye_reki_serdca.fb2.zip</filename>
	<title>Кунц Дин Рэй. Черные реки сердца</title>
</book>
<book>
	<filename>kunc_din/kunc_din_deti_buri.fb2.zip</filename>
	<title>Кунц Дин Рэй. Дети бури</title>
</book>
<book>
	<filename>kunc_din/kunc_din_dom_groma.fb2.zip</filename>
	<title>Кунц Дин. Дом Грома</title>
</book>
<book>
	<filename>kunc_din/kunc_din_dusha_tmy.fb2.zip</filename>
	<title>Кунц Дин. Душа тьмы</title>
</book>
<book>
	<filename>kunc_din/kunc_din_dvenadcataya_koika.fb2.zip</filename>
	<title>Кунц Дин. Двенадцатая койка</title>
</book>
<book>
	<filename>kunc_din/kunc_din_dver_v_dekabr.fb2.zip</filename>
	<title>Кунц Дин. Дверь в декабрь</title>
</book>
<book>
	<filename>kunc_din/kunc_din_edinstvennyi_vyzhivshii.fb2.zip</filename>
	<title>Кунц Дин. Единственный выживший</title>
</book>
<book>
	<filename>kunc_din/kunc_din_fantomy.fb2.zip</filename>
	<title>Кунц Дин. Фантомы</title>
</book>
<book>
	<filename>kunc_din/kunc_din_gibloe_mesto.fb2.zip</filename>
	<title>Кунц Дин. Гиблое место</title>
</book>
<book>
	<filename>kunc_din/kunc_din_golos_nochi.fb2.zip</filename>
	<title>Кунц Дин. Голос ночи</title>
</book>
<book>
	<filename>kunc_din/kunc_din_klyuchi_k_polunochi.fb2.zip</filename>
	<title>Кунц Дин. Ключи к полуночи</title>
</book>
<book>
	<filename>kunc_din/kunc_din_kukolnik.fb2.zip</filename>
	<title>Кунц Дин. Кукольник</title>
</book>
<book>
	<filename>kunc_din/kunc_din_ledyanaya_tyurma.fb2.zip</filename>
	<title>Кунц Дин. Ледяная тюрьма</title>
</book>
<book>
	<filename>kunc_din/kunc_din_ledyanoe_plamya.fb2.zip</filename>
	<title>Кунц Дин. Ледяное пламя</title>
</book>
<book>
	<filename>kunc_din/kunc_din_lico_straha.fb2.zip</filename>
	<title>Кунц Дин. Лицо страха</title>
</book>
<book>
	<filename>kunc_din/kunc_din_lico_v_zerkale.fb2.zip</filename>
	<title>Кунц Дин. Лицо в зеркале</title>
</book>
<book>
	<filename>kunc_din/kunc_din_logovo.fb2.zip</filename>
	<title>Кунц Дин Рэй. Логово</title>
</book>
<book>
	<filename>kunc_din/kunc_din_maska.fb2.zip</filename>
	<title>Кунц Дин. Маска</title>
</book>
<book>
	<filename>kunc_din/kunc_din_mister_ubiica.fb2.zip</filename>
	<title>Кунц Дин. Мистер Убийца</title>
</book>
<book>
	<filename>kunc_din/kunc_din_molniya.fb2.zip</filename>
	<title>Кунц Дин. Молния</title>
</book>
<book>
	<filename>kunc_din/kunc_din_mutanty.fb2.zip</filename>
	<title>Кунц Дин. Мутанты</title>
</book>
<book>
	<filename>kunc_din/kunc_din_myshka_za_stenkoi_skrebetsya_vsyu_noch.fb2.zip</filename>
	<title>Кунц Дин. Мышка за стенкой скребется всю ночь</title>
</book>
<book>
	<filename>kunc_din/kunc_din_nasledie_straha.fb2.zip</filename>
	<title>Кунц Дин. Наследие страха</title>
</book>
<book>
	<filename>kunc_din/kunc_din_nevedomye_dorogi_sbornik.fb2.zip</filename>
	<title>Кунц Дин Рэй. Неведомые дороги (сборник)</title>
</book>
<book>
	<filename>kunc_din/kunc_din_neznakomcy.fb2.zip</filename>
	<title>Кунц Дин. Незнакомцы</title>
</book>
<book>
	<filename>kunc_din/kunc_din_nochnoi_koshmar_vlastiteli_dush.fb2.zip</filename>
	<title>Кунц Дин. Ночной кошмар (Властители душ)</title>
</book>
<book>
	<filename>kunc_din/kunc_din_otrode_nochi_shorohi.fb2.zip</filename>
	<title>Кунц Дин. Отродье ночи (Шорохи)</title>
</book>
<book>
	<filename>kunc_din/kunc_din_pokrovitel.fb2.zip</filename>
	<title>Кунц Дин Рэй. Покровитель</title>
</book>
<book>
	<filename>kunc_din/kunc_din_polnoch.fb2.zip</filename>
	<title>Кунц Дин. Полночь</title>
</book>
<book>
	<filename>kunc_din/kunc_din_pomechennyi_smertyu.fb2.zip</filename>
	<title>Кунц Дин. Помеченный смертью</title>
</book>
<book>
	<filename>kunc_din/kunc_din_prizrachnye_ogni.fb2.zip</filename>
	<title>Кунц Дин. Призрачные огни</title>
</book>
<book>
	<filename>kunc_din/kunc_din_proval_v_pamyati.fb2.zip</filename>
	<title>Кунц Дин. Провал в памяти</title>
</book>
<book>
	<filename>kunc_din/kunc_din_put_iz_ada.fb2.zip</filename>
	<title>Кунц Дин. Путь из ада</title>
</book>
<book>
	<filename>kunc_din/kunc_din_rebenokdemon.fb2.zip</filename>
	<title>Кунц Дин Рэй. Ребенок-демон</title>
</book>
<book>
	<filename>kunc_din/kunc_din_shou_smerti_vyzov_smerti.fb2.zip</filename>
	<title>Кунц Дин. Шоу смерти [Вызов смерти]</title>
</book>
<book>
	<filename>kunc_din/kunc_din_shou_smertivyzov_smerti.fb2.zip</filename>
	<title>Кунц Дин Рэй. Шоу смерти(Вызов смерти)</title>
</book>
<book>
	<filename>kunc_din/kunc_din_skovannyi_nochyu.fb2.zip</filename>
	<title>Кунц Дин. Скованный ночью</title>
</book>
<book>
	<filename>kunc_din/kunc_din_slugi_sumerek.fb2.zip</filename>
	<title>Кунц Дин. Слуги сумерек</title>
</book>
<book>
	<filename>kunc_din/kunc_din_soshestvie_tmy.fb2.zip</filename>
	<title>Кунц Дин. Сошествие тьмы</title>
</book>
<book>
	<filename>kunc_din/kunc_din_sumerechnyi_vzglyad.fb2.zip</filename>
	<title>Кунц Дин. Сумеречный взгляд</title>
</book>
<book>
	<filename>kunc_din/kunc_din_tiktak.fb2.zip</filename>
	<title>Кунц Дин. Тик-так</title>
</book>
<book>
	<filename>kunc_din/kunc_din_videnie.fb2.zip</filename>
	<title>Кунц Дин. Видение</title>
</book>
<book>
	<filename>kunc_din/kunc_din_yasnovidyashii.fb2.zip</filename>
	<title>Кунц Дин. Ясновидящий</title>
</book>
<book>
	<filename>kunc_din/kunc_din_zhivushii_v_nochi.fb2.zip</filename>
	<title>Кунц Дин Рэй. Живущий в ночи</title>
</book>
<book>
	<filename>kunc_din/kunc_din_zimnyaya_luna_ad_v_nasledstvo.fb2.zip</filename>
	<title>Кунц Дин. Зимняя луна (Ад в наследство)</title>
</book>
<book>
	<filename>kunc_din/kunc_din_zverenysh_vestnik_smerti.fb2.zip</filename>
	<title>Кунц Дин. Звереныш (Вестник смерти)</title>
</book>
<book>
	<filename>kunc_din/kunc_din_zvezdnaya_krov.fb2.zip</filename>
	<title>Кунц Дин. Звездная кровь</title>
</book>
<book>
	<filename>kuncevich_aleksei/kuncevich_aleksei_zhazhda_spravedlivosti_izbrannyi.fb2.zip</filename>
	<title>Кунцевич Алексей. Жажда справедливости. Избранный</title>
</book>
<book>
	<filename>kundera_milan/kundera_milan_bessmertie.fb2.zip</filename>
	<title>Кундера Милан. Бессмертие</title>
</book>
<book>
	<filename>kundera_milan/kundera_milan_nespeshnost.fb2.zip</filename>
	<title>Кундера Милан. Неспешность</title>
</book>
<book>
	<filename>kundera_milan/kundera_milan_nevynosimaya_legkost_bytiya.fb2.zip</filename>
	<title>Кундера Милан. Невыносимая легкость бытия</title>
</book>
<book>
	<filename>kundera_milan/kundera_milan_shutka.fb2.zip</filename>
	<title>Кундера Милан. Шутка</title>
</book>
<book>
	<filename>kuneckaya_lyudmila/kuneckaya_lyudmila_mariya_ulyanova.fb2.zip</filename>
	<title>Кунецкая Людмила Ивановна. Мария Ульянова</title>
</book>
<book>
	<filename>kunert_gyunter/kunert_gyunter_marsianin.fb2.zip</filename>
	<title>Кунерт Гюнтер. Марсианин</title>
</book>
<book>
	<filename>kunin_konstantin/kunin_konstantin_vasko_da_gama.fb2.zip</filename>
	<title>Кунин Константин Ильич. Васко да Гама</title>
</book>
<book>
	<filename>kunin_vladimir/kunin_vladimir_cirk_cirk_cirk_rasskazy.fb2.zip</filename>
	<title>Кунин Владимир. Цирк, цирк, цирк (рассказы)</title>
</book>
<book>
	<filename>kunin_vladimir/kunin_vladimir_delovoi_duh_novogo_vremeni.fb2.zip</filename>
	<title>Кунин Владимир. Деловой дух нового времени</title>
</book>
<book>
	<filename>kunin_vladimir/kunin_vladimir_doroga_k_zvezdam.fb2.zip</filename>
	<title>Кунин Владимир Владимирович. Дорога к звездам</title>
</book>
<book>
	<filename>kunin_vladimir/kunin_vladimir_dvuhmestnoe_kupe.fb2.zip</filename>
	<title>Кунин Владимир. Двухместное купе</title>
</book>
<book>
	<filename>kunin_vladimir/kunin_vladimir_illyustracii_gyustava_dore.fb2.zip</filename>
	<title>Кунин Владимир. Иллюстрации Гюстава Доре</title>
</book>
<book>
	<filename>kunin_vladimir/kunin_vladimir_ivanov_i_rabinovich_ili_ai_gou_tu_haifa.fb2.zip</filename>
	<title>Кунин Владимир. Иванов и Рабинович, или «Ай гоу ту Хайфа!»</title>
</book>
<book>
	<filename>kunin_vladimir/kunin_vladimir_klad.fb2.zip</filename>
	<title>Кунин Владимир. Клад</title>
</book>
<book>
	<filename>kunin_vladimir/kunin_vladimir_kommunalnaya_kvartira.fb2.zip</filename>
	<title>Кунин Владимир. Коммунальная квартира</title>
</book>
<book>
	<filename>kunin_vladimir/kunin_vladimir_lombard.fb2.zip</filename>
	<title>Кунин Владимир. Ломбард</title>
</book>
<book>
	<filename>kunin_vladimir/kunin_vladimir_mika_i_alfred.fb2.zip</filename>
	<title>Кунин Владимир. Мика и Альфред</title>
</book>
<book>
	<filename>kunin_vladimir/kunin_vladimir_moi_ded_moi_otec_i_ya_sam.fb2.zip</filename>
	<title>Кунин Владимир. Мой дед, мой отец и я сам</title>
</book>
<book>
	<filename>kunin_vladimir/kunin_vladimir_noch_s_angelom.fb2.zip</filename>
	<title>Кунин Владимир. Ночь с Ангелом</title>
</book>
<book>
	<filename>kunin_vladimir/kunin_vladimir_ochen_dlinnaya_nedelya.fb2.zip</filename>
	<title>Кунин Владимир. Очень длинная неделя</title>
</book>
<book>
	<filename>kunin_vladimir/kunin_vladimir_partnery.fb2.zip</filename>
	<title>Кунин Владимир. Партнеры</title>
</book>
<book>
	<filename>kunin_vladimir/kunin_vladimir_pilot_pervogo_klassa.fb2.zip</filename>
	<title>Кунин Владимир. Пилот первого класса</title>
</book>
<book>
	<filename>kunin_vladimir/kunin_vladimir_prival.fb2.zip</filename>
	<title>Кунин Владимир. Привал</title>
</book>
<book>
	<filename>kunin_vladimir/kunin_vladimir_puteshestvie_na_tot_svet.fb2.zip</filename>
	<title>Кунин Владимир. Путешествие на тот свет</title>
</book>
<book>
	<filename>kunin_vladimir/kunin_vladimir_russkie_na_marienplac.fb2.zip</filename>
	<title>Кунин Владимир Владимирович. Русские на Мариенплац</title>
</book>
<book>
	<filename>kunin_vladimir/kunin_vladimir_shalash.fb2.zip</filename>
	<title>Кунин Владимир. Шалаш</title>
</book>
<book>
	<filename>kunin_vladimir/kunin_vladimir_skolko_stoit_slovo_pravdy.fb2.zip</filename>
	<title>Кунин Владимир Владимирович. Сколько стоит слово правды?</title>
</book>
<book>
	<filename>kunin_vladimir/kunin_vladimir_sochi_vse_dni_i_nochi.fb2.zip</filename>
	<title>Кунин Владимир. Сочи — все дни и ночи...</title>
</book>
<book>
	<filename>kunin_vladimir/kunin_vladimir_soshedshie_s_nebes.fb2.zip</filename>
	<title>Кунин Владимир. Сошедшие с небес</title>
</book>
<book>
	<filename>kunin_vladimir/kunin_vladimir_starshina.fb2.zip</filename>
	<title>Кунин Владимир. Старшина</title>
</book>
<book>
	<filename>kunin_vladimir/kunin_vladimir_svolochi.fb2.zip</filename>
	<title>Кунин Владимир. Сволочи</title>
</book>
<book>
	<filename>kunin_vladimir/kunin_vladimir_tolchek_vosem_ballov.fb2.zip</filename>
	<title>Кунин Владимир Владимирович. Толчек восемь баллов</title>
</book>
<book>
	<filename>kunin_vladimir/kunin_vladimir_tolchok_vosem_ballov.fb2.zip</filename>
	<title>Кунин Владимир Владимирович. Толчок восемь баллов</title>
</book>
<book>
	<filename>kunin_vladimir/kunin_vladimir_troe_na_shosse.fb2.zip</filename>
	<title>Кунин Владимир. Трое на шоссе</title>
</book>
<book>
	<filename>kunin_vladimir/kunin_vladimir_ty_mne_tolko_pishi.fb2.zip</filename>
	<title>Кунин Владимир. Ты мне только пиши…</title>
</book>
<book>
	<filename>kunin_vladimir/kunin_vladimir_vozduhoplavatel.fb2.zip</filename>
	<title>Кунин Владимир. Воздухоплаватель</title>
</book>
<book>
	<filename>kunin_vladimir/kunin_vladimir_v_ozhidanii_mitinga.fb2.zip</filename>
	<title>Кунин Владимир. В ожидании митинга...</title>
</book>
<book>
	<filename>kunin_vladimir/kunin_vladimir_vozvrashenie_iz_raya.fb2.zip</filename>
	<title>Кунин Владимир. Возвращение из рая</title>
</book>
<book>
	<filename>kunin_vladimir/kunin_vladimir_yeto_bylo_nedavno_yeto_bylo_davno.fb2.zip</filename>
	<title>Кунин Владимир. Это было недавно, это было давно...</title>
</book>
<book>
	<filename>kun_nikolai/kun_nikolai_legendy_i_mify_drevnei_grecii.fb2.zip</filename>
	<title>Кун Николай Альбертович. Легенды и мифы Древней Греции</title>
</book>
<book>
	<filename>kunts_stiven/kunts_stiven_operaciya_minotavr.fb2.zip</filename>
	<title>Кунтс Стивен. Операция «Минотавр»</title>
</book>
<book>
	<filename>kunts_stiven/kunts_stiven_v_zapadne.fb2.zip</filename>
	<title>Кунтс Стивен. В западне</title>
</book>
<book>
	<filename>kuonnezina_vyeshi/kuonnezina_vyeshi_rasskazy_opustevshei_hizhiny.fb2.zip</filename>
	<title>Куоннезина Вэши. Рассказы опустевшей хижины</title>
</book>
<book>
	<filename>kuonnezina_vyeshi/kuonnezina_vyeshi_sadzho_i_ee_bobry.fb2.zip</filename>
	<title>Куоннезина Вэши. Саджо и ее бобры</title>
</book>


</books>