﻿<?xml version="1.0" encoding="UTF-8" ?>
<books>

<book>
	<filename>karelshtein_dora/karelshtein_dora_durochka.fb2.zip</filename>
	<title>Карельштейн Дора Львовна. Дурочка</title>
</book>
<book>
	<filename>karetnikov_roman/karetnikov_roman_chyornyi_digger.fb2.zip</filename>
	<title>Каретников Роман. Чёрный диггер</title>
</book>
<book>
	<filename>kargalov_vadim/kargalov_vadim_svyatoslav.fb2.zip</filename>
	<title>Каргалов Вадим. Святослав</title>
</book>
<book>
	<filename>karinti_fridesh/karinti_fridesh_pisma_v_kosmos.fb2.zip</filename>
	<title>Каринти Фридеш. Письма в космос</title>
</book>
<book>
	<filename>karinti_fridesh/karinti_fridesh_syn_svoego_veka.fb2.zip</filename>
	<title>Каринти Фридеш. Сын своего века</title>
</book>
<book>
	<filename>karlail_liz/karlail_liz_dobrodetelnaya_zhenshina.fb2.zip</filename>
	<title>Карлайл Лиз. Добродетельная женщина</title>
</book>
<book>
	<filename>karlail_liz/karlail_liz_dva_malenkih_obmana.fb2.zip</filename>
	<title>Карлайл Лиз. Два маленьких обмана</title>
</book>
<book>
	<filename>karlail_liz/karlail_liz_krasivaya_kak_noch.fb2.zip</filename>
	<title>Карлайл Лиз. Красивая, как ночь</title>
</book>
<book>
	<filename>karlail_liz/karlail_liz_ledi_i_avantyurist.fb2.zip</filename>
	<title>Карлайл Лиз. Леди и авантюрист</title>
</book>
<book>
	<filename>karlail_liz/karlail_liz_nikogda_ne_lgi_ledi.fb2.zip</filename>
	<title>Карлайл Лиз. Никогда не лги леди</title>
</book>
<book>
	<filename>karlail_liz/karlail_liz_nikogda_ne_obmanyvai_gercoga.fb2.zip</filename>
	<title>Карлайл Лиз. Никогда не обманывай герцога</title>
</book>
<book>
	<filename>karlail_liz/karlail_liz_nikogda_ne_vlyublyaisya_v_povesu.fb2.zip</filename>
	<title>Карлайл Лиз. Никогда не влюбляйся в повесу</title>
</book>
<book>
	<filename>karlail_liz/karlail_liz_noch_s_dyavolom.fb2.zip</filename>
	<title>Карлайл Лиз. Ночь с дьяволом</title>
</book>
<book>
	<filename>karlail_liz/karlail_liz_odin_malenkii_greh.fb2.zip</filename>
	<title>Карлайл Лиз. Один маленький грех</title>
</book>
<book>
	<filename>karlail_liz/karlail_liz_soblaznit_dyavola.fb2.zip</filename>
	<title>Карлайл Лиз. Соблазнить дьявола</title>
</book>
<book>
	<filename>karlail_liz/karlail_liz_soblazn_na_vsyu_noch.fb2.zip</filename>
	<title>Карлайл Лиз. Соблазн на всю ночь</title>
</book>
<book>
	<filename>karlail_liz/karlail_liz_tri_malenkih_sekreta.fb2.zip</filename>
	<title>Карлайл Лиз. Три маленьких секрета</title>
</book>
<book>
	<filename>karlail_liz/karlail_liz_ukroshennyi_dyavol.fb2.zip</filename>
	<title>Карлайл Лиз. Укрощенный дьявол</title>
</book>
<book>
	<filename>karlail_liz/karlail_liz_uslysh_golos_serdca.fb2.zip</filename>
	<title>Карлайл Лиз. Услышь голос сердца</title>
</book>
<book>
	<filename>karlail_liz/karlail_liz_ver_tolko_serdcu.fb2.zip</filename>
	<title>Карлайл Лиз. Верь только сердцу</title>
</book>
<book>
	<filename>karle_libera/karle_libera_taina_altamare.fb2.zip</filename>
	<title>Карлье Либера. Тайна «Альтамаре»</title>
</book>
<book>
	<filename>karlin_salli/karlin_salli_nevesta_iz_provincii.fb2.zip</filename>
	<title>Карлин Салли. Невеста из провинции</title>
</book>
<book>
	<filename>karlin_salli/karlin_salli_svadebnyi_podarok.fb2.zip</filename>
	<title>Карлин Салли. Свадебный подарок</title>
</book>
<book>
	<filename>karlin_salli/karlin_salli_yeto_ne_vasha_doch.fb2.zip</filename>
	<title>Карлин Салли. Это не ваша дочь</title>
</book>
<book>
	<filename>karlou_dzhois/karlou_dzhois_bescennoe_sokrovishe.fb2.zip</filename>
	<title>Карлоу Джойс. Бесценное сокровище</title>
</book>
<book>
	<filename>karlov_boris/karlov_boris_novye_priklyucheniya_neznaiki_ostrov_goluboi_zvezdy.fb2.zip</filename>
	<title>Карлов Борис. Новые приключения Незнайки: Остров Голубой Звезды</title>
</book>
<book>
	<filename>karlov_boris/karlov_boris_novye_priklyucheniya_neznaiki_snova_na_lune.fb2.zip</filename>
	<title>Карлов Борис. Новые приключения Незнайки: Снова на Луне</title>
</book>
<book>
	<filename>karlov_boris/karlov_boris_priklyucheniya_murzilki.fb2.zip</filename>
	<title>Карлов Борис. Приключения Мурзилки</title>
</book>
<book>
	<filename>karlton_garold/karlton_garold_yarlyki.fb2.zip</filename>
	<title>Карлтон Гарольд. Ярлыки</title>
</book>
<book>
	<filename>karlton_garold/karlton_garold_zhertva.fb2.zip</filename>
	<title>Карлтон Гарольд. Жертва</title>
</book>
<book>
	<filename>karlus_manuyel/karlus_manuyel_vo_imya_lyubvi_iskuplenie.fb2.zip</filename>
	<title>Карлус Мануэл. Во имя любви: Искупление</title>
</book>
<book>
	<filename>karlus_manuyel/karlus_manuyel_vo_imya_lyubvi_vozmezdie.fb2.zip</filename>
	<title>Карлус Мануэл. Во имя любви: Возмездие</title>
</book>
<book>
	<filename>karlus_manuyel/karlus_manuyel_vo_imya_lyubvi_zhertvoprinoshenie.fb2.zip</filename>
	<title>Карлус Мануэл. Во имя любви: Жертвоприношение</title>
</book>
<book>
	<filename>karmaikl_si/karmaikl_si_sladostnoe_porazhenie.fb2.zip</filename>
	<title>Кармайкл Си Джей. Сладостное поражение</title>
</book>
<book>
	<filename>karmaikl_yemili/karmaikl_yemili_cvetok_prerii.fb2.zip</filename>
	<title>Кармайкл Эмили. Цветок Прерий</title>
</book>
<book>
	<filename>karmen_lazar/karmen_lazar_chelovek_v_sornom_yashike.fb2.zip</filename>
	<title>Кармен Лазарь. Человек в сорном ящике</title>
</book>
<book>
	<filename>karmen_lazar/karmen_lazar_cvetok.fb2.zip</filename>
	<title>Кармен Лазарь. Цветок</title>
</book>
<book>
	<filename>karmen_lazar/karmen_lazar_deti_naberezhnoi.fb2.zip</filename>
	<title>Кармен Лазарь. Дети набережной</title>
</book>
<book>
	<filename>karmen_lazar/karmen_lazar_dorogie_aplodismenty.fb2.zip</filename>
	<title>Кармен Лазарь. Дорогие аплодисменты</title>
</book>
<book>
	<filename>karmen_lazar/karmen_lazar_dunka.fb2.zip</filename>
	<title>Кармен Лазарь. Дунька</title>
</book>
<book>
	<filename>karmen_lazar/karmen_lazar_malenkii_chelovechek.fb2.zip</filename>
	<title>Кармен Лазарь. Маленький человечек</title>
</book>
<book>
	<filename>karmen_lazar/karmen_lazar_mama.fb2.zip</filename>
	<title>Кармен Лазарь. Мама!</title>
</book>
<book>
	<filename>karmen_lazar/karmen_lazar_murzik.fb2.zip</filename>
	<title>Кармен Лазарь. Мурзик</title>
</book>
<book>
	<filename>karmen_lazar/karmen_lazar_osen_v_portu.fb2.zip</filename>
	<title>Кармен Лазарь. Осень в порту</title>
</book>
<book>
	<filename>karmen_lazar/karmen_lazar_pavshii_v_boyu.fb2.zip</filename>
	<title>Кармен Лазарь. Павший в бою</title>
</book>
<book>
	<filename>karmen_lazar/karmen_lazar_pod_rozhdestvo.fb2.zip</filename>
	<title>Кармен Лазарь. &lt;Под рождество&gt;</title>
</book>
<book>
	<filename>karmen_lazar/karmen_lazar_portovye_vorobi.fb2.zip</filename>
	<title>Кармен Лазарь. Портовые воробьи</title>
</book>
<book>
	<filename>karmen_lazar/karmen_lazar_pozdno.fb2.zip</filename>
	<title>Кармен Лазарь. Поздно</title>
</book>
<book>
	<filename>karmen_lazar/karmen_lazar_pronka.fb2.zip</filename>
	<title>Кармен Лазарь. Пронька</title>
</book>
<book>
	<filename>karmen_lazar/karmen_lazar_razmenyali.fb2.zip</filename>
	<title>Кармен Лазарь. Разменяли</title>
</book>
<book>
	<filename>karmen_lazar/karmen_lazar_reka_vskrylas.fb2.zip</filename>
	<title>Кармен Лазарь. Река вскрылась</title>
</book>
<book>
	<filename>karmen_lazar/karmen_lazar_shariki.fb2.zip</filename>
	<title>Кармен Лазарь. Шарики</title>
</book>
<book>
	<filename>karmen_lazar/karmen_lazar_sorochka_ugolshika.fb2.zip</filename>
	<title>Кармен Лазарь. Сорочка угольщика</title>
</book>
<book>
	<filename>karmen_lazar/karmen_lazar_s_privolnyh_stepei.fb2.zip</filename>
	<title>Кармен Лазарь. С привольных степей</title>
</book>
<book>
	<filename>karmen_lazar/karmen_lazar_syn_kolodca.fb2.zip</filename>
	<title>Кармен Лазарь. Сын колодца</title>
</book>
<book>
	<filename>karmen_lazar/karmen_lazar_syn_moi.fb2.zip</filename>
	<title>Кармен Лазарь. Сын мой</title>
</book>
<book>
	<filename>karmen_lazar/karmen_lazar_u_menya_na_pleche.fb2.zip</filename>
	<title>Кармен Лазарь. У меня на плече</title>
</book>
<book>
	<filename>karmen_lazar/karmen_lazar_voskresnyi_ochazhok.fb2.zip</filename>
	<title>Кармен Лазарь. Воскресный очажок</title>
</book>
<book>
	<filename>karmen_lazar/karmen_lazar_v_saharnom_vagone.fb2.zip</filename>
	<title>Кармен Лазарь. В «сахарном» вагоне</title>
</book>
<book>
	<filename>karmen_lazar/karmen_lazar_za_chto.fb2.zip</filename>
	<title>Кармен Лазарь. За что?!</title>
</book>
<book>
	<filename>karmen_lazar/karmen_lazar_zhertva_kotla.fb2.zip</filename>
	<title>Кармен Лазарь. Жертва котла</title>
</book>
<book>
	<filename>karnegi_deil/karnegi_deil_kak_perestat_bespokoitsya_i_nachat_zhit.fb2.zip</filename>
	<title>Карнеги Дейл. Как перестать беспокоиться и начать жить</title>
</book>
<book>
	<filename>karnegi_deil/karnegi_deil_kak_priobretat_druzei_i_okazyvat_vliyanie_na_lyudei.fb2.zip</filename>
	<title>Карнеги Дейл. Как приобретать друзей и оказывать влияние на людей</title>
</book>
<book>
	<filename>karnegi_deil/karnegi_deil_kak_vyrabatyvat_uverennost_v_sebe_i_vliyat_na_lyudei_vystupaya_publichno.fb2.zip</filename>
	<title>Карнеги Дейл. Как вырабатывать уверенность в себе и влиять на людей, выступая публично</title>
</book>
<book>
	<filename>karnegi_doroti/karnegi_doroti_kak_pomoch_muzhu_preuspet_v_dele.fb2.zip</filename>
	<title>Карнеги Дороти. Как помочь мужу преуспеть в деле</title>
</book>
<book>
	<filename>karnegi_sasha/karnegi_sasha_znamya_lyubvi.fb2.zip</filename>
	<title>Карнеги Саша. Знамя любви</title>
</book>
<book>
	<filename>karnovich_evgenii/karnovich_evgenii_lyubov_i_korona.fb2.zip</filename>
	<title>Карнович Евгений Петрович. Любовь и корона</title>
</book>
<book>
	<filename>karnovich_evgenii/karnovich_evgenii_maltiiskie_rycari_v_rossii.fb2.zip</filename>
	<title>Карнович Евгений Петрович. Мальтийские рыцари в России</title>
</book>
<book>
	<filename>karnovich_evgenii/karnovich_evgenii_na_vysote_i_na_dole_carevna_sofya_alekseevna.fb2.zip</filename>
	<title>Карнович Евгений Петрович. На высоте и на доле: Царевна Софья Алексеевна</title>
</book>
<book>
	<filename>karnovich_evgenii/karnovich_evgenii_pridvornoe_kruzhevo.fb2.zip</filename>
	<title>Карнович Евгений Петрович. Придворное кружево</title>
</book>
<book>
	<filename>karpa_irena/karpa_irena_50_hvilin_travi.fb2.zip</filename>
	<title>Карпа Ірена. 50 хвилин трави</title>
</book>
<book>
	<filename>karpa_irena/karpa_irena_bitches_get_everything.fb2.zip</filename>
	<title>Карпа Ирена. Bitches Get Everything</title>
</book>
<book>
	<filename>karpa_irena/karpa_irena_froid_bi_plakav.fb2.zip</filename>
	<title>Карпа Ирена. Фройд би плакав</title>
</book>
<book>
	<filename>karpa_irena/karpa_irena_perlamutrove_porno.fb2.zip</filename>
	<title>Карпа Ірена. Перламутрове порно</title>
</book>
<book>
	<filename>karpec_vi/karpec_vi_rus_miroveeva_opyt_ispravleniya_imen.fb2.zip</filename>
	<title>Карпец В.И. Русь Мiровеева (опыт «исправления имен»)</title>
</book>
<book>
	<filename>karpenko_dmitrii/karpenko_dmitrii_akvariumistika_yeto_dolzhen_znat_kazhdyi.fb2.zip</filename>
	<title>Карпенко Дмитрий. Аквариумистика. Это должен знать каждый</title>
</book>
<book>
	<filename>karpenter_aleho/karpenter_aleho_arfa_i_ten.fb2.zip</filename>
	<title>Карпентьер Алехо. Арфа и тень</title>
</book>
<book>
	<filename>karpenter_aleho/karpenter_aleho_carstvo_zemnoe.fb2.zip</filename>
	<title>Карпентьер Алехо. Царство земное</title>
</book>
<book>
	<filename>karpenter_aleho/karpenter_aleho_koncert_barokko.fb2.zip</filename>
	<title>Карпентьер Алехо. Концерт барокко</title>
</book>
<book>
	<filename>karpenter_aleho/karpenter_aleho_vek_prosvesheniya.fb2.zip</filename>
	<title>Карпентьер Алехо. Век просвещения</title>
</book>
<book>
	<filename>karpenter_amanda/karpenter_amanda_odinokoe_serdce.fb2.zip</filename>
	<title>Карпентер Аманда. Одинокое сердце</title>
</book>
<book>
	<filename>karpenter_leonard/karpenter_leonard_konan_i_oskverniteli_praha.fb2.zip</filename>
	<title>Карпентер Леонард. Конан и осквернители праха</title>
</book>
<book>
	<filename>karpenter_leonard/karpenter_leonard_v_strane_chernogo_lotosa.fb2.zip</filename>
	<title>Карпентер Леонард. В стране Черного Лотоса</title>
</book>
<book>
	<filename>karpenter_tereza/karpenter_tereza_yeta_nesnosnaya_nyanya.fb2.zip</filename>
	<title>Карпентер Тереза. Эта несносная няня</title>
</book>
<book>
	<filename>karpi_fabio/karpi_fabio_sobaki_ierusalima.fb2.zip</filename>
	<title>Карпи Фабио. Собаки Иерусалима</title>
</book>
<book>
	<filename>karpov_vladimir/karpov_vladimir_generalissimus_kniga_1.fb2.zip</filename>
	<title>Карпов Владимир Васильевич. Генералиссимус. Книга 1</title>
</book>
<book>
	<filename>karpov_vladimir/karpov_vladimir_generalissimus_kniga_2.fb2.zip</filename>
	<title>Карпов Владимир Васильевич. Генералиссимус. Книга 2</title>
</book>
<book>
	<filename>karpov_vladimir/karpov_vladimir_marshal_zhukov_ego_soratniki_i_protivniki_v_gody_voiny_i_mira_kniga_i.fb2.zip</filename>
	<title>Карпов Владимир Васильевич. Маршал Жуков, его соратники и противники в годы войны и мира. Книга I</title>
</book>
<book>
	<filename>karpov_vladimir/karpov_vladimir_polkovodec.fb2.zip</filename>
	<title>Карпов Владимир Васильевич. Полководец</title>
</book>
<book>
	<filename>karpov_vladimir/karpov_vladimir_sudba_razvedchika.fb2.zip</filename>
	<title>Карпов Владимир Васильевич. Судьба разведчика</title>
</book>
<book>
	<filename>karpov_vladimir/karpov_vladimir_vzyat_zhivym.fb2.zip</filename>
	<title>Карпов Владимир Васильевич. Взять живым!</title>
</book>
<book>
	<filename>karpushenko_sergei/karpushenko_sergei_beglecy.fb2.zip</filename>
	<title>Карпущенко Сергей. Беглецы</title>
</book>
<book>
	<filename>karpushin_v/karpushin_v_lovlya_ryby_rukami.fb2.zip</filename>
	<title>Карпушин В. Ловля рыбы руками</title>
</book>


</books>
