﻿<?xml version="1.0" encoding="UTF-8" ?>
<books>

<book>
	<filename>king_syuzen/king_syuzen_cyganskoe_gadanie.fb2.zip</filename>
	<title>Кинг Сьюзен. Цыганское гадание</title>
</book>
<book>
	<filename>king_syuzen/king_syuzen_korol_charodeev.fb2.zip</filename>
	<title>Кинг Сьюзен. Король чародеев</title>
</book>
<book>
	<filename>king_syuzen/king_syuzen_oko_vorona.fb2.zip</filename>
	<title>Кинг Сьюзен. Око ворона</title>
</book>
<book>
	<filename>king_syuzen/king_syuzen_pronzennoe_serdce.fb2.zip</filename>
	<title>Кинг Сьюзен. Пронзенное сердце</title>
</book>
<book>
	<filename>king_syuzen/king_syuzen_prorochestvo_chernoi_isabel.fb2.zip</filename>
	<title>Кинг Сьюзен. Пророчество Черной Исабель</title>
</book>
<book>
	<filename>king_syuzen/king_syuzen_zaklyatie_vorona.fb2.zip</filename>
	<title>Кинг Сьюзен. Заклятие ворона</title>
</book>
<book>
	<filename>king_uilyam/king_uilyam_kogot_ragnara.fb2.zip</filename>
	<title>Кинг Уильям. Коготь Рагнара</title>
</book>
<book>
	<filename>king_uilyam/king_uilyam_kosmicheskii_volk.fb2.zip</filename>
	<title>Кинг Уильям. Космический волк</title>
</book>
<book>
	<filename>king_uilyam/king_uilyam_seryi_ohotnik.fb2.zip</filename>
	<title>Кинг Уильям. Серый Охотник</title>
</book>
<book>
	<filename>king_uilyam/king_uilyam_volchii_klinok.fb2.zip</filename>
	<title>Кинг Уильям. Волчий Клинок</title>
</book>
<book>
	<filename>king_valeri/king_valeri_kapriznaya_vdova.fb2.zip</filename>
	<title>Кинг Валери. Капризная вдова</title>
</book>
<book>
	<filename>king_valeri/king_valeri_lyubovnoe_sostyazanie.fb2.zip</filename>
	<title>Кинг Валери. Любовное состязание</title>
</book>
<book>
	<filename>king_valeri/king_valeri_maskarad_povesy.fb2.zip</filename>
	<title>Кинг Валери. Маскарад повесы</title>
</book>
<book>
	<filename>king_valeri/king_valeri_neulovimaya_nevesta.fb2.zip</filename>
	<title>Кинг Валери. Неуловимая невеста</title>
</book>
<book>
	<filename>king_valeri/king_valeri_opasnoe_pari.fb2.zip</filename>
	<title>Кинг Валери. Опасное пари</title>
</book>
<book>
	<filename>king_valeri/king_valeri_plenennye_serdca.fb2.zip</filename>
	<title>Кинг Валери. Плененные сердца</title>
</book>
<book>
	<filename>king_valeri/king_valeri_pokorivshie_sudbu.fb2.zip</filename>
	<title>Кинг Валери. Покорившие судьбу</title>
</book>
<book>
	<filename>king_valeri/king_valeri_prelestnica.fb2.zip</filename>
	<title>Кинг Валери. Прелестница</title>
</book>
<book>
	<filename>king_valeri/king_valeri_prikosnovenie_kupidona.fb2.zip</filename>
	<title>Кинг Валери. Прикосновение Купидона</title>
</book>
<book>
	<filename>king_valeri/king_valeri_prodelki_kupidona.fb2.zip</filename>
	<title>Кинг Валери. Проделки Купидона</title>
</book>
<book>
	<filename>king_valeri/king_valeri_strast_po_raschetu_stroptivaya_ledi.fb2.zip</filename>
	<title>Кинг Валери. Страсть по расчету (Строптивая леди)</title>
</book>
<book>
	<filename>king_valeri/king_valeri_svadba_na_rozhdestvo.fb2.zip</filename>
	<title>Кинг Валери. Свадьба на Рождество</title>
</book>
<book>
	<filename>king_valeri/king_valeri_vinetka_vlyublennyi_povesa.fb2.zip</filename>
	<title>Кинг Валери. Виньетка (Влюбленный повеса)</title>
</book>
<book>
	<filename>king_valeri/king_valeri_yarmarka_nevest.fb2.zip</filename>
	<title>Кинг Валери. Ярмарка невест</title>
</book>
<book>
	<filename>king_yemiliya/king_yemiliya_chisto_angliiskie_vechera.fb2.zip</filename>
	<title>Кинг Эмилия. Чисто английские вечера</title>
</book>
<book>
	<filename>kinkyeid_kyetrin/kinkyeid_kyetrin_v_poiskah_lyubvi.fb2.zip</filename>
	<title>Кинкэйд Кэтрин. В поисках любви</title>
</book>
<book>
	<filename>kin_kyerolain/kin_kyerolain_taina_99_stupenek.fb2.zip</filename>
	<title>Кин Кэролайн. Тайна 99 ступенек</title>
</book>
<book>
	<filename>kin_kyerolain/kin_kyerolain_taina_letnego_domika.fb2.zip</filename>
	<title>Кин Кэролайн. Тайна летнего домика</title>
</book>
<book>
	<filename>kin_kyerolain/kin_kyerolain_taina_obezyanei_golovolomki.fb2.zip</filename>
	<title>Кин Кэролайн. Тайна обезьяньей головоломки</title>
</book>
<book>
	<filename>kin_kyerolain/kin_kyerolain_taina_sapfira_s_paukom.fb2.zip</filename>
	<title>Кин Кэролайн. Тайна сапфира с пауком</title>
</book>
<book>
	<filename>kin_kyerolain/kin_kyerolain_taina_zagadochnoi_lestnicy.fb2.zip</filename>
	<title>Кин Кэролайн. Тайна загадочной лестницы</title>
</book>
<book>
	<filename>kinn_ekaterina/kinn_ekaterina_samoe_tihoe_vremya_goroda.fb2.zip</filename>
	<title>Кинн Екатерина. Самое Тихое Время Города</title>
</book>
<book>
	<filename>kinosita_mokutaro/kinosita_mokutaro_krasilnya_idzumiya.fb2.zip</filename>
	<title>Киносита Мокутаро. Красильня Идзумия</title>
</book>
<book>
	<filename>kinseil_laura/kinseil_laura_blagorodnyi_razboinik.fb2.zip</filename>
	<title>Кинсейл Лаура. Благородный разбойник</title>
</book>
<book>
	<filename>kinseil_laura/kinseil_laura_cvety_iz_buri.fb2.zip</filename>
	<title>Кинсейл Лаура. Цветы из бури</title>
</book>
<book>
	<filename>kinseil_laura/kinseil_laura_gospozha_moego_serdca.fb2.zip</filename>
	<title>Кинсейл Лаура. Госпожа моего сердца</title>
</book>
<book>
	<filename>kinseil_laura/kinseil_laura_letnyaya_luna.fb2.zip</filename>
	<title>Кинсейл Лаура. Летняя луна</title>
</book>
<book>
	<filename>kinseil_laura/kinseil_laura_letyashaya_na_plamya.fb2.zip</filename>
	<title>Кинсейл Лаура. Летящая на пламя</title>
</book>
<book>
	<filename>kinseil_laura/kinseil_laura_moi_milyi_drug.fb2.zip</filename>
	<title>Кинсейл Лаура. Мой милый друг</title>
</book>
<book>
	<filename>kinseil_laura/kinseil_laura_ohotnik_za_mechtoi.fb2.zip</filename>
	<title>Кинсейл Лаура. Охотник за мечтой</title>
</book>
<book>
	<filename>kinseil_laura/kinseil_laura_princ_polunochi.fb2.zip</filename>
	<title>Кинсейл Лаура. Принц полуночи</title>
</book>
<book>
	<filename>kinseil_laura/kinseil_laura_robkaya_magiya.fb2.zip</filename>
	<title>Кинсейл Лаура. Робкая магия</title>
</book>
<book>
	<filename>kinseil_laura/kinseil_laura_vlyublennyi_opekun.fb2.zip</filename>
	<title>Кинсейл Лаура. Влюбленный опекун</title>
</book>
<book>
	<filename>kinseil_laura/kinseil_laura_zvezda_i_ten.fb2.zip</filename>
	<title>Кинсейл Лаура. Звезда и тень</title>
</book>
<book>
	<filename>kinsella_sofi/kinsella_sofi_boginya_na_kuhne.fb2.zip</filename>
	<title>Кинселла Софи. Богиня на кухне</title>
</book>
<book>
	<filename>kinsella_sofi/kinsella_sofi_shopogolik_i_brachnye_uzy.fb2.zip</filename>
	<title>Кинселла Софи. Шопоголик и брачные узы</title>
</book>
<book>
	<filename>kinsella_sofi/kinsella_sofi_shopogolik_i_byebi.fb2.zip</filename>
	<title>Кинселла Софи. Шопоголик и бэби</title>
</book>
<book>
	<filename>kinsella_sofi/kinsella_sofi_shopogolik_i_sestra.fb2.zip</filename>
	<title>Кинселла Софи. Шопоголик и сестра</title>
</book>
<book>
	<filename>kinsella_sofi/kinsella_sofi_shopogolik_na_manhyettene.fb2.zip</filename>
	<title>Кинселла Софи. Шопоголик на Манхэттене</title>
</book>
<book>
	<filename>kinsella_sofi/kinsella_sofi_tainyi_mir_shopogolika.fb2.zip</filename>
	<title>Кинселла Софи. Тайный мир шопоголика</title>
</book>
<book>
	<filename>kinsella_sofi/kinsella_sofi_ty_umeesh_hranit_sekrety.fb2.zip</filename>
	<title>Кинселла Софи. Ты умеешь хранить секреты?</title>
</book>
<book>
	<filename>kinsella_sophie/kinsella_sophie_can_you_keep_a_secret.fb2.zip</filename>
	<title>Kinsella Sophie. Can You Keep A Secret?</title>
</book>
<book>
	<filename>kinshou_yeva/kinshou_yeva_odna_vo_vsei_vselennoi.fb2.zip</filename>
	<title>Киншоу Эва. Одна во всей вселенной</title>
</book>
<book>
	<filename>kin_viktor/kin_viktor_po_tu_storonu.fb2.zip</filename>
	<title>Кин Виктор Павлович. По ту сторону</title>
</book>
<book>
	<filename>kinyar_paskal/kinyar_paskal_albucii.fb2.zip</filename>
	<title>Киньяр Паскаль. Альбуций</title>
</book>
<book>
	<filename>kinyar_paskal/kinyar_paskal_villa_amaliya.fb2.zip</filename>
	<title>Киньяр Паскаль. Вилла «Амалия»</title>
</book>
<book>
	<filename>kinyar_paskal/kinyar_paskal_vse_utra_mira.fb2.zip</filename>
	<title>Киньяр Паскаль. Все утра мира</title>
</book>
<book>
	<filename>kinzhalov_rostislav/kinzhalov_rostislav_bogi_zhdut_zhertv.fb2.zip</filename>
	<title>Кинжалов Ростислав Васильевич. Боги ждут жертв</title>
</book>
<book>
	<filename>kinzhalov_rostislav/kinzhalov_rostislav_orly_tenochtitlana.fb2.zip</filename>
	<title>Кинжалов Ростислав Васильевич. Орлы Теночтитлана</title>
</book>
<book>
	<filename>kinzhalov_rostislav/kinzhalov_rostislav_padenie_tenochtitlana.fb2.zip</filename>
	<title>Кинжалов Ростислав Васильевич. Падение Теночтитлана</title>
</book>
<book>
	<filename>kinzhalov_rostislav/kinzhalov_rostislav_tonancin_i_madonna_de_guadalupe.fb2.zip</filename>
	<title>Кинжалов Ростислав Васильевич. Тонанцин и Мадонна де Гуадалупе</title>
</book>
<book>
	<filename>kinzhalov_rostislav/kinzhalov_rostislav_zhenshina_i_vlast_v_mesoamerike_donya_marina.fb2.zip</filename>
	<title>Кинжалов Ростислав Васильевич. Женщина и власть в Месоамерике. Донья Марина</title>
</book>
<book>
	<filename>kipling_redyard/kipling_redyard_indiiskie_rasskazy.fb2.zip</filename>
	<title>Киплинг Редьярд Джозеф. Индийские рассказы</title>
</book>
<book>
	<filename>kipling_redyard/kipling_redyard_istoriya_badalii_herodsfut.fb2.zip</filename>
	<title>Киплинг Редьярд Джозеф. История Бадалии Херодсфут</title>
</book>
<book>
	<filename>kipling_redyard/kipling_redyard_istoriya_gedsbaya.fb2.zip</filename>
	<title>Киплинг Редьярд Джозеф. История Гедсбая</title>
</book>
<book>
	<filename>kipling_redyard/kipling_redyard_kim.fb2.zip</filename>
	<title>Киплинг Редьярд Джозеф. Ким</title>
</book>
<book>
	<filename>kipling_redyard/kipling_redyard_kniga_dzhunglei.fb2.zip</filename>
	<title>Киплинг Редьярд Джозеф. Книга джунглей</title>
</book>
<book>
	<filename>kipling_redyard/kipling_redyard_lispet.fb2.zip</filename>
	<title>Киплинг Редьярд Джозеф. Лиспет</title>
</book>
<book>
	<filename>kipling_redyard/kipling_redyard_malenkii_torba.fb2.zip</filename>
	<title>Киплинг Редьярд Джозеф. Маленький Торба</title>
</book>
<book>
	<filename>kipling_redyard/kipling_redyard_maugli.fb2.zip</filename>
	<title>Киплинг Редьярд Джозеф. Маугли</title>
</book>
<book>
	<filename>kipling_redyard/kipling_redyard_mest_dangary.fb2.zip</filename>
	<title>Киплинг Редьярд Джозеф. Месть Дангары</title>
</book>
<book>
	<filename>kipling_redyard/kipling_redyard_naulaka_istoriya_o_zapade_i_vostoke.fb2.zip</filename>
	<title>Киплинг Редьярд Джозеф. Наулака: История о Западе и Востоке</title>
</book>
<book>
	<filename>kipling_redyard/kipling_redyard_otvazhnye_moreplavateli_otvazhnye_kapitany.fb2.zip</filename>
	<title>Киплинг Редьярд Джозеф. Отважные мореплаватели [Отважные капитаны]</title>
</book>
<book>
	<filename>kipling_redyard/kipling_redyard_rikshaprizrak.fb2.zip</filename>
	<title>Киплинг Редьярд Джозеф. Рикша-призрак</title>
</book>
<book>
	<filename>kipling_redyard/kipling_redyard_samaya_udivitelnaya_povest_v_mire_i_drugie_rasskazy.fb2.zip</filename>
	<title>Киплинг Редьярд Джозеф. Самая удивительная повесть в мире и другие рассказы</title>
</book>
<book>
	<filename>kipling_redyard/kipling_redyard_skazki_i_legendy.fb2.zip</filename>
	<title>Киплинг Редьярд Джозеф. Сказки и легенды</title>
</book>
<book>
	<filename>kipling_redyard/kipling_redyard_skazki_staroi_anglii.fb2.zip</filename>
	<title>Киплинг Редьярд Джозеф. Сказки Старой Англии</title>
</book>
<book>
	<filename>kipling_redyard/kipling_redyard_stihotvoreniya.fb2.zip</filename>
	<title>Киплинг Редьярд. Стихотворения</title>
</book>
<book>
	<filename>kipling_redyard/kipling_redyard_strely_amura.fb2.zip</filename>
	<title>Киплинг Редьярд Джозеф. Стрелы амура</title>
</book>
<book>
	<filename>kipling_redyard/kipling_redyard_svet_pogas.fb2.zip</filename>
	<title>Киплинг Редьярд Джозеф. Свет погас</title>
</book>
<book>
	<filename>kipling_redyard/kipling_redyard_tri_soldata.fb2.zip</filename>
	<title>Киплинг Редьярд Джозеф. Три солдата</title>
</book>
<book>
	<filename>kipling_redyard/kipling_redyard_trudy_dnya.fb2.zip</filename>
	<title>Киплинг Редьярд Джозеф. Труды дня</title>
</book>
<book>
	<filename>kipling_redyard/kipling_redyard_vash_pokornyi_sluga_pyos_buts.fb2.zip</filename>
	<title>Киплинг Редьярд. Ваш покорный слуга пёс Бутс</title>
</book>
<book>
	<filename>kipling_redyard/kipling_redyard_v_gornoi_indii.fb2.zip</filename>
	<title>Киплинг Редьярд Джозеф. В горной Индии</title>
</book>
<book>
	<filename>kipling_redyard/kipling_redyard_v_kratere.fb2.zip</filename>
	<title>Киплинг Редьярд Джозеф. В кратере</title>
</book>
<book>
	<filename>kipling_redyard/kipling_redyard_vtoraya_kniga_dzhunglei.fb2.zip</filename>
	<title>Киплинг Редьярд Джозеф. Вторая книга джунглей</title>
</book>
<book>
	<filename>kipling_redyard/kipling_redyard_za_chertoi.fb2.zip</filename>
	<title>Киплинг Редьярд Джозеф. За чертой</title>
</book>
<book>
	<filename>kiricye_konstantin/kiricye_konstantin_belaya_chaika_ili_krasnyi_skorpion.fb2.zip</filename>
	<title>Кирицэ Константин. «Белая чайка» или «Красный скорпион»</title>
</book>
<book>
	<filename>kirienko_sergei/kirienko_sergei_guly.fb2.zip</filename>
	<title>Кириенко Сергей. Гулы</title>
</book>
<book>
	<filename>kirii_ivan/kirii_ivan_golodna_vesna.fb2.zip</filename>
	<title>Кирій Іван Іванович. Голодна весна</title>
</book>
<book>
	<filename>kirkegor_ole/kirkegor_ole_ottonosorog.fb2.zip</filename>
	<title>Киркегор Оле Лунн. Отто-носорог</title>
</book>
<book>
	<filename>kirkland_marta/kirkland_marta_rubinovoe_ozherele.fb2.zip</filename>
	<title>Киркланд Марта. Рубиновое ожерелье</title>
</book>
<book>
	<filename>kirkland_marta/kirkland_marta_svadebnyi_sezon.fb2.zip</filename>
	<title>Киркланд Марта. Свадебный сезон</title>
</book>
<book>
	<filename>kirni_pol/kirni_pol_znak_morya.fb2.zip</filename>
	<title>Кирни Пол. Знак Моря</title>
</book>
<book>
	<filename>kirnosov_aleksei/kirnosov_aleksei_strana_mudrecov.fb2.zip</filename>
	<title>Кирносов Алексей. Страна Мудрецов</title>
</book>
<book>
	<filename>kiroga_orasio/kiroga_orasio_korablisamoubiicy.fb2.zip</filename>
	<title>Кирога Орасио. Корабли-самоубийцы</title>
</book>
<book>
	<filename>kiroga_orasio/kiroga_orasio_skazki_selvy_anakonda.fb2.zip</filename>
	<title>Кирога Орасио. Сказки сельвы. Анаконда</title>
</book>
<book>
	<filename>kirpichev_vadim/kirpichev_vadim_vechnik.fb2.zip</filename>
	<title>Кирпичев Вадим. Вечник</title>
</book>
<book>
	<filename>kirst_gans/kirst_gans_fabrika_oficerov.fb2.zip</filename>
	<title>Кирст Ганс Гельмут. Фабрика офицеров</title>
</book>
<book>
	<filename>kiryeili_mari/kiryeili_mari_v_plenu_tenei.fb2.zip</filename>
	<title>Кирэйли Мари. В плену теней</title>
</book>
<book>
	<filename>kiryunin_aleksandr/kiryunin_aleksandr_yetyud_o_krysinom_smehe.fb2.zip</filename>
	<title>Кирюнин Александр. Этюд о Крысином Смехе</title>
</book>
<book>
	<filename>kiryunin_aleksandr/kiryunin_aleksandr_yetyud_o_krysinom_smehe_opublikovannyi_variant.fb2.zip</filename>
	<title>Кирюнин Александр. Этюд о крысином смехе (опубликованный вариант)</title>
</book>
<book>
	<filename>kirzhaeva_alla/kirzhaeva_alla_otkroveniya_materi_o_rodah_i_ne_tolko_o_nih.fb2.zip</filename>
	<title>Киржаева Алла Васильевна. Откровения матери о родах, и не только о них</title>
</book>
<book>
	<filename>kiselev_a/kiselev_a_polkovodcy_i_voenachalniki_velikoi_otechestvennoi.fb2.zip</filename>
	<title>Киселев А. Н. Полководцы и военачальники Великой отечественной</title>
</book>
<book>
	<filename>kiselev_nikolai/kiselev_nikolai_nochnoi_vizit.fb2.zip</filename>
	<title>Киселев Николай Алексеевич. Ночной визит</title>
</book>
<book>
	<filename>kiselev_sostavitel_a/kiselev_sostavitel_a_polkovodcy_i_voenachalniki_velikoi_otechestvennoi.fb2.zip</filename>
	<title>Киселев (Составитель) А. Н. Полководцы и военачальники Великой отечественной</title>
</book>
<book>
	<filename>kiselyov_vladimir/kiselyov_vladimir_atomnoe_preduprezhdenie.fb2.zip</filename>
	<title>Киселёв Владимир Леонтьевич. Атомное предупреждение</title>
</book>
<book>
	<filename>kiselyov_vladimir/kiselyov_vladimir_bez_straha_i_upreka.fb2.zip</filename>
	<title>Киселёв Владимир Леонтьевич. Без страха и упрека</title>
</book>
<book>
	<filename>kiselyov_vladimir/kiselyov_vladimir_duyel.fb2.zip</filename>
	<title>Киселёв Владимир Леонтьевич. Дуэль</title>
</book>
<book>
	<filename>kiselyov_vladimir/kiselyov_vladimir_dva_nazvaniya.fb2.zip</filename>
	<title>Киселёв Владимир Леонтьевич. Два названия</title>
</book>
<book>
	<filename>kiselyov_vladimir/kiselyov_vladimir_evropeiskii_sonnik.fb2.zip</filename>
	<title>Киселёв Владимир Леонтьевич. Европейский сонник</title>
</book>
<book>
	<filename>kiselyov_vladimir/kiselyov_vladimir_garmonicheskie_kvadriki.fb2.zip</filename>
	<title>Киселёв Владимир Леонтьевич. Гармонические квадрики</title>
</book>
<book>
	<filename>kiselyov_vladimir/kiselyov_vladimir_govorit_serezha_karasev.fb2.zip</filename>
	<title>Киселёв Владимир Леонтьевич. Говорит Сережа Карасев</title>
</book>
<book>
	<filename>kiselyov_vladimir/kiselyov_vladimir_malenkie_abstrakcii.fb2.zip</filename>
	<title>Киселёв Владимир Леонтьевич. Маленькие абстракции</title>
</book>
<book>
	<filename>kiselyov_vladimir/kiselyov_vladimir_plagiat.fb2.zip</filename>
	<title>Киселёв Владимир Леонтьевич. Плагиат</title>
</book>
<book>
	<filename>kiselyov_vladimir/kiselyov_vladimir_shpion.fb2.zip</filename>
	<title>Киселёв Владимир Леонтьевич. Шпион</title>
</book>
<book>
	<filename>kiselyov_vladimir/kiselyov_vladimir_vremena_i_nravy.fb2.zip</filename>
	<title>Киселёв Владимир Леонтьевич. Времена и нравы</title>
</book>
<book>
	<filename>kiselyov_vladimir/kiselyov_vladimir_ya_svarshik.fb2.zip</filename>
	<title>Киселёв Владимир Леонтьевич. Я – сварщик</title>
</book>
<book>
	<filename>kistler_dzhuli/kistler_dzhuli_vkus_ego_poceluya.fb2.zip</filename>
	<title>Кистлер Джули. Вкус его поцелуя</title>
</book>
<book>
	<filename>kitaev_leonid/kitaev_leonid_yekologiya_mladenchestva_pervyi_god.fb2.zip</filename>
	<title>Китаев Леонид. Экология младенчества. Первый год</title>
</book>
<book>
	<filename>kitaigorodskii_aleksandr/kitaigorodskii_aleksandr_fizika_moya_professiya.fb2.zip</filename>
	<title>Китайгородский Александр Исаакович. Физика – моя профессия</title>
</book>
<book>
	<filename>kitaigorodskii_aleksandr/kitaigorodskii_aleksandr_kak_izmeryayutsya_rasstoyaniya_mezhdu_atomami_v_kristallah.fb2.zip</filename>
	<title>Китайгородский Александр Исаакович. Как измеряются расстояния между атомами в кристаллах</title>
</book>
<book>
	<filename>kitaigorodskii_aleksandr/kitaigorodskii_aleksandr_kristally.fb2.zip</filename>
	<title>Китайгородский Александр Исаакович. Кристаллы</title>
</book>
<book>
	<filename>kitaigorodskii_aleksandr/kitaigorodskii_aleksandr_modeli_molekul.fb2.zip</filename>
	<title>Китайгородский Александр Исаакович. Модели молекул</title>
</book>
<book>
	<filename>kitaigorodskii_aleksandr/kitaigorodskii_aleksandr_neveroyatno_ne_fakt.fb2.zip</filename>
	<title>Китайгородский Александр Исаакович. Невероятно – не факт</title>
</book>
<book>
	<filename>kitaigorodskii_aleksandr/kitaigorodskii_aleksandr_novyi_yetap_v_razvitii_fiziki_rentgenovskih_luchei.fb2.zip</filename>
	<title>Китайгородский Александр Исаакович. Новый этап в развитии физики рентгеновских лучей</title>
</book>
<book>
	<filename>kitaigorodskii_aleksandr/kitaigorodskii_aleksandr_predislovie_k_russkomu_izdaniyu_knigi_parapsihologiya_chhyenzel.fb2.zip</filename>
	<title>Китайгородский Александр Исаакович. Предисловие к русскому изданию книги «Парапсихология» (Ч.Хэнзел)</title>
</book>
<book>
	<filename>kitaigorodskii_aleksandr/kitaigorodskii_aleksandr_problema_2.fb2.zip</filename>
	<title>Китайгородский Александр Исаакович. Проблема № 2</title>
</book>
<book>
	<filename>kitaigorodskii_aleksandr/kitaigorodskii_aleksandr_reniksa.fb2.zip</filename>
	<title>Китайгородский Александр. Реникса</title>
</book>
<book>
	<filename>kitaigorodskii_aleksandr/kitaigorodskii_aleksandr_yekstrapyatna_na_rentgenogrammah.fb2.zip</filename>
	<title>Китайгородский Александр Исаакович. Экстрапятна на рентгенограммах</title>
</book>
<book>
	<filename>kitakata_kenzo/kitakata_kenzo_pepel.fb2.zip</filename>
	<title>Китаката Кензо. Пепел</title>
</book>
<book>
	<filename>kitakata_kenzo/kitakata_kenzo_zimnii_son.fb2.zip</filename>
	<title>Китаката Кензо. Зимний сон</title>
</book>
<book>
	<filename>kita_morio/kita_morio_zheltyi_korabl.fb2.zip</filename>
	<title>Кита Морио. Желтый корабль</title>
</book>
<book>
	<filename>kitanovich_branko/kitanovich_branko_chelovek_kotoryi_ne_znal_straha.fb2.zip</filename>
	<title>Китанович Бранко. Человек, который не знал страха</title>
</book>
<book>
	<filename>kits_dzhonaton/kits_dzhonaton_patologiya_lzhi.fb2.zip</filename>
	<title>Китс Джонатон. Патология лжи</title>
</book>
<book>
	<filename>kivinov_andrei/kivinov_andrei_akula.fb2.zip</filename>
	<title>Кивинов Андрей. Акула</title>
</book>
<book>
	<filename>kivinov_andrei/kivinov_andrei_akula_otstrel_vorov.fb2.zip</filename>
	<title>Кивинов Андрей. Акула. Отстрел воров</title>
</book>
<book>
	<filename>kivinov_andrei/kivinov_andrei_avtokop.fb2.zip</filename>
	<title>Кивинов Андрей. Автокоп</title>
</book>
<book>
	<filename>kivinov_andrei/kivinov_andrei_blyuz_osennego_vechera.fb2.zip</filename>
	<title>Кивинов Андрей. Блюз осеннего вечера</title>
</book>
<book>
	<filename>kivinov_andrei/kivinov_andrei_bol_nesterpimaya_bol.fb2.zip</filename>
	<title>Кивинов Андрей. Боль. Нестерпимая боль</title>
</book>
<book>
	<filename>kivinov_andrei/kivinov_andrei_bratstvo_po_oruzhiyu.fb2.zip</filename>
	<title>Кивинов Андрей. Братство по оружию</title>
</book>
<book>
	<filename>kivinov_andrei/kivinov_andrei_celuyu_larin.fb2.zip</filename>
	<title>Кивинов Андрей. Целую. Ларин</title>
</book>
<book>
	<filename>kivinov_andrei/kivinov_andrei_cena_porazheniya.fb2.zip</filename>
	<title>Кивинов Андрей. Цена поражения</title>
</book>
<book>
	<filename>kivinov_andrei/kivinov_andrei_charuyushie_sny.fb2.zip</filename>
	<title>Кивинов Андрей. Чарующие сны</title>
</book>
<book>
	<filename>kivinov_andrei/kivinov_andrei_dubler.fb2.zip</filename>
	<title>Кивинов Андрей. Дублер</title>
</book>
<book>
	<filename>kivinov_andrei/kivinov_andrei_dvoinoi_ugar_ili_ohota_na_paviana.fb2.zip</filename>
	<title>Кивинов Андрей. Двойной угар, или Охота на павиана</title>
</book>
<book>
	<filename>kivinov_andrei/kivinov_andrei_feierverk.fb2.zip</filename>
	<title>Кивинов Андрей. Фейерверк</title>
</book>
<book>
	<filename>kivinov_andrei/kivinov_andrei_inferno.fb2.zip</filename>
	<title>Кивинов Андрей. Инферно</title>
</book>
<book>
	<filename>kivinov_andrei/kivinov_andrei_intervyu.fb2.zip</filename>
	<title>Кивинов Андрей. Интервью</title>
</book>
<book>
	<filename>kivinov_andrei/kivinov_andrei_ispanskii_bashmachok.fb2.zip</filename>
	<title>Кивинов Андрей. Испанский башмачок</title>
</book>
<book>
	<filename>kivinov_andrei/kivinov_andrei_karamel2.fb2.zip</filename>
	<title>Кивинов Андрей. Карамель-2</title>
</book>
<book>
	<filename>kivinov_andrei/kivinov_andrei_karamel.fb2.zip</filename>
	<title>Кивинов Андрей. Карамель</title>
</book>
<book>
	<filename>kivinov_andrei/kivinov_andrei_karamel_iii.fb2.zip</filename>
	<title>Кивинов Андрей. Карамель — III</title>
</book>
<book>
	<filename>kivinov_andrei/kivinov_andrei_killer_navsegda.fb2.zip</filename>
	<title>Кивинов Андрей. Киллер навсегда</title>
</book>
<book>
	<filename>kivinov_andrei/kivinov_andrei_klyukva_v_shokolade.fb2.zip</filename>
	<title>Кивинов Андрей. Клюква в шоколаде</title>
</book>
<book>
	<filename>kivinov_andrei/kivinov_andrei_koma_vor_dolzhen_sidet.fb2.zip</filename>
	<title>Кивинов Андрей. Кома (Вор должен сидеть)</title>
</book>
<book>
	<filename>kivinov_andrei/kivinov_andrei_kontrolnyi_vyzov.fb2.zip</filename>
	<title>Кивинов Андрей. Контрольный вызов</title>
</book>
<book>
	<filename>kivinov_andrei/kivinov_andrei_koshachii_kogot.fb2.zip</filename>
	<title>Кивинов Андрей. Кошачий коготь</title>
</book>
<book>
	<filename>kivinov_andrei/kivinov_andrei_koshmar_na_ulice_stachek.fb2.zip</filename>
	<title>Кивинов Андрей. Кошмар на улице Стачек</title>
</book>
<book>
	<filename>kivinov_andrei/kivinov_andrei_kukolka.fb2.zip</filename>
	<title>Кивинов Андрей. Куколка</title>
</book>
<book>
	<filename>kivinov_andrei/kivinov_andrei_lichnoe_delo.fb2.zip</filename>
	<title>Кивинов Андрей. Личное дело</title>
</book>
<book>
	<filename>kivinov_andrei/kivinov_andrei_lyalyafa.fb2.zip</filename>
	<title>Кивинов Андрей. Ля-ля-фа</title>
</book>
<book>
	<filename>kivinov_andrei/kivinov_andrei_ment_obrechennyi.fb2.zip</filename>
	<title>Кивинов Андрей. Мент обреченный</title>
</book>
<book>
	<filename>kivinov_andrei/kivinov_andrei_missiya_vypolnima.fb2.zip</filename>
	<title>Кивинов Андрей. Миссия выполнима</title>
</book>
<book>
	<filename>kivinov_andrei/kivinov_andrei_obnesennye_vetrom.fb2.zip</filename>
	<title>Кивинов Андрей. Обнесенные «Ветром»</title>
</book>
<book>
	<filename>kivinov_andrei/kivinov_andrei_ohota_na_krys.fb2.zip</filename>
	<title>Кивинов Андрей. Охота на крыс</title>
</book>
<book>
	<filename>kivinov_andrei/kivinov_andrei_ohota_na_sanitara.fb2.zip</filename>
	<title>Кивинов Андрей. Охота на Санитара</title>
</book>
<book>
	<filename>kivinov_andrei/kivinov_andrei_otsutstvie_dokazatelstv.fb2.zip</filename>
	<title>Кивинов Андрей. Отсутствие доказательств</title>
</book>
<book>
	<filename>kivinov_andrei/kivinov_andrei_peterburgskii_prezent.fb2.zip</filename>
	<title>Кивинов Андрей. Петербургский презент</title>
</book>
<book>
	<filename>kivinov_andrei/kivinov_andrei_polnoe_blyudce_sekretov.fb2.zip</filename>
	<title>Кивинов Андрей. Полное блюдце секретов</title>
</book>
<book>
	<filename>kivinov_andrei/kivinov_andrei_popkorn.fb2.zip</filename>
	<title>Кивинов Андрей. Поп-корн</title>
</book>
<book>
	<filename>kivinov_andrei/kivinov_andrei_poputchiki.fb2.zip</filename>
	<title>Кивинов Андрей. Попутчики</title>
</book>
<book>
	<filename>kivinov_andrei/kivinov_andrei_prodavec_slov.fb2.zip</filename>
	<title>Кивинов Андрей. Продавец слов</title>
</book>
<book>
	<filename>kivinov_andrei/kivinov_andrei_proshe_prostogo.fb2.zip</filename>
	<title>Кивинов Андрей. Проще простого</title>
</book>
<book>
	<filename>kivinov_andrei/kivinov_andrei_pryamye_uliki.fb2.zip</filename>
	<title>Кивинов Андрей. Прямые улики</title>
</book>
<book>
	<filename>kivinov_andrei/kivinov_andrei_psevdonim_dlya_geroya.fb2.zip</filename>
	<title>Кивинов Андрей. Псевдоним для героя</title>
</book>
<book>
	<filename>kivinov_andrei/kivinov_andrei_raz_plyunut.fb2.zip</filename>
	<title>Кивинов Андрей. Раз плюнуть</title>
</book>
<book>
	<filename>kivinov_andrei/kivinov_andrei_rikoshet.fb2.zip</filename>
	<title>Кивинов Андрей. Рикошет</title>
</book>
<book>
	<filename>kivinov_andrei/kivinov_andrei_rokirovka.fb2.zip</filename>
	<title>Кивинов Андрей. Рокировка</title>
</book>
<book>
	<filename>kivinov_andrei/kivinov_andrei_rol_vtorogo_plana.fb2.zip</filename>
	<title>Кивинов Андрей. Роль второго плана</title>
</book>
<book>
	<filename>kivinov_andrei/kivinov_andrei_sdelano_iz_othodov.fb2.zip</filename>
	<title>Кивинов Андрей. Сделано из отходов</title>
</book>
<book>
	<filename>kivinov_andrei/kivinov_andrei_sled_bumeranga.fb2.zip</filename>
	<title>Кивинов Андрей. След бумеранга</title>
</book>
<book>
	<filename>kivinov_andrei/kivinov_andrei_smert_pod_traktorom.fb2.zip</filename>
	<title>Кивинов Андрей. Смерть под трактором</title>
</book>
<book>
	<filename>kivinov_andrei/kivinov_andrei_smyagchayushee_obstoyatelstvo.fb2.zip</filename>
	<title>Кивинов Андрей. Смягчающее обстоятельство</title>
</book>
<book>
	<filename>kivinov_andrei/kivinov_andrei_strahovochnyi_variant.fb2.zip</filename>
	<title>Кивинов Андрей. Страховочный вариант</title>
</book>
<book>
	<filename>kivinov_andrei/kivinov_andrei_syurpriz.fb2.zip</filename>
	<title>Кивинов Андрей. Сюрприз</title>
</book>
<book>
	<filename>kivinov_andrei/kivinov_andrei_tancy_na_ldu.fb2.zip</filename>
	<title>Кивинов Андрей. Танцы на льду</title>
</book>
<book>
	<filename>kivinov_andrei/kivinov_andrei_ugol_otrazheniya.fb2.zip</filename>
	<title>Кивинов Андрей. Угол отражения</title>
</book>
<book>
	<filename>kivinov_andrei/kivinov_andrei_umirat_podano.fb2.zip</filename>
	<title>Кивинов Андрей. Умирать подано</title>
</book>
<book>
	<filename>kivinov_andrei/kivinov_andrei_vizit_dzhentlmenov.fb2.zip</filename>
	<title>Кивинов Андрей. Визит джентльменов</title>
</book>
<book>
	<filename>kivinov_andrei/kivinov_andrei_vtorzhenie_v_chastnuyu_zhizn.fb2.zip</filename>
	<title>Кивинов Андрей. Вторжение в частную жизнь</title>
</book>
<book>
	<filename>kivinov_andrei/kivinov_andrei_vybor_oruzhiya.fb2.zip</filename>
	<title>Кивинов Андрей. Выбор оружия</title>
</book>
<book>
	<filename>kivinov_andrei/kivinov_andrei_vysokoe_napryazhenie.fb2.zip</filename>
	<title>Кивинов Андрей. Высокое напряжение</title>
</book>
<book>
	<filename>kiz_dyeniel/kiz_dyeniel_bezumnyi_maro.fb2.zip</filename>
	<title>Киз Дэниел. Безумный Маро</title>
</book>
<book>
	<filename>kiz_dyeniel/kiz_dyeniel_cvety_dlya_yeldzhernona.fb2.zip</filename>
	<title>Киз Дэниел. Цветы для Элджернона</title>
</book>
<book>
	<filename>kiz_dyeniel/kiz_dyeniel_cvety_dlya_yeldzhernona_rasskaz.fb2.zip</filename>
	<title>Киз Дэниел. Цветы для Элджернона (рассказ)</title>
</book>
<book>
	<filename>kiz_dyeniel/kiz_dyeniel_mnozhestvennye_umy_billi_milligana.fb2.zip</filename>
	<title>Киз Дэниел. Множественные умы Билли Миллигана</title>
</book>
<book>
	<filename>kiz_gregori/kiz_gregori_deti_velikoi_reki.fb2.zip</filename>
	<title>Киз Грегори. Дети Великой Реки</title>
</book>
<book>
	<filename>kiz_gregori/kiz_gregori_duhi_velikoi_reki.fb2.zip</filename>
	<title>Киз Грегори. Духи Великой Реки</title>
</book>
<book>
	<filename>kiz_gregori/kiz_gregori_ischislenie_angelov.fb2.zip</filename>
	<title>Киз Грегори. Исчисление ангелов</title>
</book>
<book>
	<filename>kiz_gregori/kiz_gregori_krovavyi_rycar.fb2.zip</filename>
	<title>Киз Грегори. Кровавый рыцарь</title>
</book>
<book>
	<filename>kiz_gregori/kiz_gregori_mertvyi_princ.fb2.zip</filename>
	<title>Киз Грегори. Мертвый принц</title>
</book>
<book>
	<filename>kiz_gregori/kiz_gregori_pushka_nyutona.fb2.zip</filename>
	<title>Киз Грегори. Пушка Ньютона</title>
</book>
<book>
	<filename>kiz_gregori/kiz_gregori_ternovyi_korol.fb2.zip</filename>
	<title>Киз Грегори. Терновый Король</title>
</book>
<book>
	<filename>kizi_ken/kizi_ken_demon_maksvella.fb2.zip</filename>
	<title>Кизи Кен. Демон Максвелла</title>
</book>
<book>
	<filename>kizi_ken/kizi_ken_nad_kukushkinym_gnezdom.fb2.zip</filename>
	<title>Кизи Кен. Над кукушкиным гнездом</title>
</book>
<book>
	<filename>kizi_ken/kizi_ken_otto_krovavyi.fb2.zip</filename>
	<title>Кизи Кен. Отто кровавый</title>
</book>
<book>
	<filename>kizi_ken/kizi_ken_pesnya_moryaka.fb2.zip</filename>
	<title>Кизи Кен. Песня моряка</title>
</book>
<book>
	<filename>kizi_ken/kizi_ken_poroyu_nesterpimo_hochetsya.fb2.zip</filename>
	<title>Кизи Кен. Порою нестерпимо хочется...</title>
</book>
<book>
	<filename>kizi_ken/kizi_ken_veselye_prokazniki_vstrechayutsya_s_dzhimom_krou.fb2.zip</filename>
	<title>Кизи Кен. Веселые проказники встречаются с Джимом Кроу</title>
</book>
<book>
	<filename>kizis_diana/kizis_diana_ishu_klassnogo_parnya.fb2.zip</filename>
	<title>Кизис Диана. Ищу классного парня</title>
</book>
<book>
	<filename>kizis_diana/kizis_diana_poslednii_shtrih.fb2.zip</filename>
	<title>Кизис Диана. Последний штрих</title>
</book>
<book>
	<filename>klain_otis/klain_otis_chuzhie_grehi.fb2.zip</filename>
	<title>Клайн Отис Эделберт. Чужие грехи</title>
</book>
<book>
	<filename>klain_otis/klain_otis_izgoi_marsa.fb2.zip</filename>
	<title>Клайн Отис Эделберт. Изгои Марса</title>
</book>
<book>
	<filename>klain_otis/klain_otis_myeiza_princessa_luny.fb2.zip</filename>
	<title>Клайн Отис Эделберт. Мэйза, принцесса Луны</title>
</book>
<book>
	<filename>klain_otis/klain_otis_opasnaya_planeta.fb2.zip</filename>
	<title>Клайн Отис Эделберт. Опасная планета</title>
</book>
<book>
	<filename>klain_otis/klain_otis_opasnyi_port.fb2.zip</filename>
	<title>Клайн Отис Эделберт. Опасный порт</title>
</book>
<book>
	<filename>klain_otis/klain_otis_voin_marsa.fb2.zip</filename>
	<title>Клайн Отис Эделберт. Воин Марса</title>
</book>
<book>
	<filename>klaman_kurt/klaman_kurt_v_dikom_reise.fb2.zip</filename>
	<title>Кламан Курт. В диком рейсе</title>
</book>
<book>
	<filename>klark_artur/klark_artur_2001_kosmicheskaya_odisseya.fb2.zip</filename>
	<title>Кларк Артур Чарльз. 2001: Космическая Одиссея</title>
</book>
<book>
	<filename>klark_artur/klark_artur_2010_odisseya2.fb2.zip</filename>
	<title>Кларк Артур. 2010: ОДИССЕЯ-2</title>
</book>
<book>
	<filename>klark_artur/klark_artur_2010_odisseya_dva.fb2.zip</filename>
	<title>Кларк Артур Чарльз. 2010: Одиссея Два</title>
</book>
<book>
	<filename>klark_artur/klark_artur_2061_odisseya_tri.fb2.zip</filename>
	<title>Кларк Артур. 2061: Одиссея три</title>
</book>
<book>
	<filename>klark_artur/klark_artur_3001_poslednyaya_odisseya.fb2.zip</filename>
	<title>Кларк Артур Чарльз. 3001: Последняя Одиссея</title>
</book>
<book>
	<filename>klark_artur/klark_artur_absolyutnaya_melodiya.fb2.zip</filename>
	<title>Кларк Артур. Абсолютная мелодия</title>
</book>
<book>
	<filename>klark_artur/klark_artur_absolyutnoe_prevoshodstvo.fb2.zip</filename>
	<title>Кларк Артур. Абсолютное превосходство</title>
</book>
<book>
	<filename>klark_artur/klark_artur_beglec.fb2.zip</filename>
	<title>Кларк Артур Чарльз. Беглец</title>
</book>
<book>
	<filename>klark_artur/klark_artur_bezzhalostnoe_nebo.fb2.zip</filename>
	<title>Кларк Артур. Безжалостное небо</title>
</book>
<book>
	<filename>klark_artur/klark_artur_bolshaya_glubina.fb2.zip</filename>
	<title>Кларк Артур. Большая глубина</title>
</book>
<book>
	<filename>klark_artur/klark_artur_chasovoi.fb2.zip</filename>
	<title>Кларк Артур. Часовой</title>
</book>
<book>
	<filename>klark_artur/klark_artur_chelovek_kotoryi_vspahal_more.fb2.zip</filename>
	<title>Кларк Артур. Человек, который вспахал море</title>
</book>
<book>
	<filename>klark_artur/klark_artur_chto_vzletaet_vverh.fb2.zip</filename>
	<title>Кларк Артур. Что взлетает вверх...</title>
</book>
<book>
	<filename>klark_artur/klark_artur_da_budet_svet.fb2.zip</filename>
	<title>Кларк Артур. Да будет свет!</title>
</book>
<book>
	<filename>klark_artur/klark_artur_defenestraciya_yermintrudy_inch.fb2.zip</filename>
	<title>Кларк Артур. Дефенестрация Эрминтруды Инч</title>
</book>
<book>
	<filename>klark_artur/klark_artur_devyat_milliardov_imen.fb2.zip</filename>
	<title>Кларк Артур Чарльз. Девять миллиардов имен</title>
</book>
<book>
	<filename>klark_artur/klark_artur_doklad_o_tretei_planete.fb2.zip</filename>
	<title>Кларк Артур Чарльз. Доклад о третьей планете</title>
</book>
<book>
	<filename>klark_artur/klark_artur_do_yedema.fb2.zip</filename>
	<title>Кларк Артур. До Эдема</title>
</book>
<book>
	<filename>klark_artur/klark_artur_dvizhushaya_sila.fb2.zip</filename>
	<title>Кларк Артур. Движущая сила</title>
</book>
<book>
	<filename>klark_artur/klark_artur_dvoe_v_kosmose.fb2.zip</filename>
	<title>Кларк Артур Чарльз. Двое в космосе</title>
</book>
<book>
	<filename>klark_artur/klark_artur_fontany_raya.fb2.zip</filename>
	<title>Кларк Артур. Фонтаны рая</title>
</book>
<book>
	<filename>klark_artur/klark_artur_gonka_vooruzhenii.fb2.zip</filename>
	<title>Кларк Артур. Гонка вооружений</title>
</book>
<book>
	<filename>klark_artur/klark_artur_gorod_i_zvezdy.fb2.zip</filename>
	<title>Кларк Артур. Город и звезды</title>
</book>
<book>
	<filename>klark_artur/klark_artur_holodnaya_voina.fb2.zip</filename>
	<title>Кларк Артур. Холодная война</title>
</book>
<book>
	<filename>klark_artur/klark_artur_i_esli_ya_zemlya_tebya_zabudu.fb2.zip</filename>
	<title>Кларк Артур. «И если я, Земля, тебя забуду...»</title>
</book>
<book>
	<filename>klark_artur/klark_artur_izgnanie_navechno_nemezida.fb2.zip</filename>
	<title>Кларк Артур Чарльз. Изгнание навечно (= Немезида)</title>
</book>
<book>
	<filename>klark_artur/klark_artur_iz_kontrrazvedki.fb2.zip</filename>
	<title>Кларк Артур. Из контрразведки</title>
</book>
<book>
	<filename>klark_artur/klark_artur_iz_solnechnogo_chreva.fb2.zip</filename>
	<title>Кларк Артур. Из солнечного чрева</title>
</book>
<book>
	<filename>klark_artur/klark_artur_kakoe_bylo_udovolstvie.fb2.zip</filename>
	<title>Кларк Артур. «Какое было удовольствие...»</title>
</book>
<book>
	<filename>klark_artur/klark_artur_kasseta_bessmertiya.fb2.zip</filename>
	<title>Кларк Артур. Кассета бессмертия</title>
</book>
<book>
	<filename>klark_artur/klark_artur_kogda_yavilis_tvermy.fb2.zip</filename>
	<title>Кларк Артур. Когда явились твермы...</title>
</book>
<book>
	<filename>klark_artur/klark_artur_kolybel_na_orbite.fb2.zip</filename>
	<title>Кларк Артур. Колыбель на орбите</title>
</book>
<book>
	<filename>klark_artur/klark_artur_konec_detstva.fb2.zip</filename>
	<title>Кларк Артур. Конец детства</title>
</book>
<book>
	<filename>klark_artur/klark_artur_kosmicheskaya_odisseya_2001_goda.fb2.zip</filename>
	<title>Кларк Артур. Космическая одиссея 2001 года</title>
</book>
<book>
	<filename>klark_artur/klark_artur_kosmicheskaya_svoboda.fb2.zip</filename>
	<title>Кларк Артур Чарльз. Космическая свобода</title>
</book>
<book>
	<filename>klark_artur/klark_artur_kosmicheskii_kazanova.fb2.zip</filename>
	<title>Кларк Артур. Космический Казанова</title>
</book>
<book>
	<filename>klark_artur/klark_artur_kriticheskaya_massa.fb2.zip</filename>
	<title>Кларк Артур. Критическая масса</title>
</book>
<book>
	<filename>klark_artur/klark_artur_kto_tam.fb2.zip</filename>
	<title>Кларк Артур. Кто там?</title>
</book>
<book>
	<filename>klark_artur/klark_artur_leto_na_ikare.fb2.zip</filename>
	<title>Кларк Артур. Лето на Икаре</title>
</book>
<book>
	<filename>klark_artur/klark_artur_lev_komarry.fb2.zip</filename>
	<title>Кларк Артур. Лев Комарры</title>
</book>
<book>
	<filename>klark_artur/klark_artur_luch_vozmezdiya.fb2.zip</filename>
	<title>Кларк Артур. Луч возмездия</title>
</book>
<book>
	<filename>klark_artur/klark_artur_lunnaya_pyl.fb2.zip</filename>
	<title>Кларк Артур. Лунная пыль</title>
</book>
<book>
	<filename>klark_artur/klark_artur_mimoletnost.fb2.zip</filename>
	<title>Кларк Артур. Мимолетность</title>
</book>
<book>
	<filename>klark_artur/klark_artur_molot_gospoden.fb2.zip</filename>
	<title>Кларк Артур. Молот господень</title>
</book>
<book>
	<filename>klark_artur/klark_artur_nasledstvo.fb2.zip</filename>
	<title>Кларк Артур. Наследство</title>
</book>
<book>
	<filename>klark_artur/klark_artur_ne_vse_chto_blestit.fb2.zip</filename>
	<title>Кларк Артур Чарльз. Не все, что блестит</title>
</book>
<book>
	<filename>klark_artur/klark_artur_oderzhimye.fb2.zip</filename>
	<title>Кларк Артур. Одержимые</title>
</book>
<book>
	<filename>klark_artur/klark_artur_ohota_na_krupnuyu_dich.fb2.zip</filename>
	<title>Кларк Артур. Охота на крупную дичь</title>
</book>
<book>
	<filename>klark_artur/klark_artur_oh_uzh_yeti_tuzemcy.fb2.zip</filename>
	<title>Кларк Артур. Ох уж эти туземцы!</title>
</book>
<book>
	<filename>klark_artur/klark_artur_oko_vremeni.fb2.zip</filename>
	<title>Кларк Артур. Око времени</title>
</book>
<book>
	<filename>klark_artur/klark_artur_ostrov_delfinov.fb2.zip</filename>
	<title>Кларк Артур. Остров дельфинов</title>
</book>
<book>
	<filename>klark_artur/klark_artur_pacifist.fb2.zip</filename>
	<title>Кларк Артур. Пацифист</title>
</book>
<book>
	<filename>klark_artur/klark_artur_patentnaya_zayavka.fb2.zip</filename>
	<title>Кларк Артур. Патентная заявка</title>
</book>
<book>
	<filename>klark_artur/klark_artur_pernatyi_drug.fb2.zip</filename>
	<title>Кларк Артур Чарльз. Пернатый друг</title>
</book>
<book>
	<filename>klark_artur/klark_artur_peski_marsa.fb2.zip</filename>
	<title>Кларк Артур. Пески Марса</title>
</book>
<book>
	<filename>klark_artur/klark_artur_pesni_dalekoi_zemli.fb2.zip</filename>
	<title>Кларк Артур. Песни далекой Земли</title>
</book>
<book>
	<filename>klark_artur/klark_artur_pozhaluista_tishe.fb2.zip</filename>
	<title>Кларк Артур. Пожалуйста, тише!</title>
</book>
<book>
	<filename>klark_artur/klark_artur_prestuplenie_na_marse_neuvyazka_so_vremenem.fb2.zip</filename>
	<title>Кларк Артур Чарльз. Преступление на Марсе [Неувязка со временем]</title>
</book>
<book>
	<filename>klark_artur/klark_artur_prevoshodstvo.fb2.zip</filename>
	<title>Кларк Артур. Превосходство</title>
</book>
<book>
	<filename>klark_artur/klark_artur_puteshestvie_po_provodam.fb2.zip</filename>
	<title>Кларк Артур Чарльз. Путешествие по проводам</title>
</book>
<book>
	<filename>klark_artur/klark_artur_rama_ii.fb2.zip</filename>
	<title>Кларк Артур. Рама II</title>
</book>
<book>
	<filename>klark_artur/klark_artur_rama_yavlennyi.fb2.zip</filename>
	<title>Кларк Артур. Рама Явленный</title>
</book>
<book>
	<filename>klark_artur/klark_artur_reklamnaya_kampaniya.fb2.zip</filename>
	<title>Кларк Артур. Рекламная кампания</title>
</book>
<book>
	<filename>klark_artur/klark_artur_robin_gud_chlen_korolevskogo_obshestva.fb2.zip</filename>
	<title>Кларк Артур. Робин Гуд, член королевского общества</title>
</book>
<book>
	<filename>klark_artur/klark_artur_sad_ramy.fb2.zip</filename>
	<title>Кларк Артур. Сад Рамы</title>
</book>
<book>
	<filename>klark_artur/klark_artur_sdelaite_glubokii_vdoh.fb2.zip</filename>
	<title>Кларк Артур Чарльз. Сделайте глубокий вдох</title>
</book>
<book>
	<filename>klark_artur/klark_artur_s_kometoi.fb2.zip</filename>
	<title>Кларк Артур. С кометой</title>
</book>
<book>
	<filename>klark_artur/klark_artur_sledite_za_kosmosom.fb2.zip</filename>
	<title>Кларк Артур. Следите за космосом</title>
</book>
<book>
	<filename>klark_artur/klark_artur_smert_i_senator.fb2.zip</filename>
	<title>Кларк Артур. Смерть и сенатор</title>
</book>
<book>
	<filename>klark_artur/klark_artur_solnechnaya_burya.fb2.zip</filename>
	<title>Кларк Артур Чарльз. Солнечная буря</title>
</book>
<book>
	<filename>klark_artur/klark_artur_solnechnyi_veter.fb2.zip</filename>
	<title>Кларк Артур. Солнечный ветер</title>
</book>
<book>
	<filename>klark_artur/klark_artur_sosedi.fb2.zip</filename>
	<title>Кларк Артур. Соседи</title>
</book>
<book>
	<filename>klark_artur/klark_artur_sozvezdie_psa.fb2.zip</filename>
	<title>Кларк Артур. Созвездие Пса</title>
</book>
<book>
	<filename>klark_artur/klark_artur_spasatelnyi_otryad.fb2.zip</filename>
	<title>Кларк Артур. Спасательный отряд</title>
</book>
<book>
	<filename>klark_artur/klark_artur_specialnyi_gruz.fb2.zip</filename>
	<title>Кларк Артур Чарльз. Специальный груз</title>
</book>
<book>
	<filename>klark_artur/klark_artur_spyashii_krasavec.fb2.zip</filename>
	<title>Кларк Артур. Спящий красавец</title>
</book>
<book>
	<filename>klark_artur/klark_artur_startovaya_liniya.fb2.zip</filename>
	<title>Кларк Артур. Стартовая линия</title>
</book>
<book>
	<filename>klark_artur/klark_artur_stena_mraka.fb2.zip</filename>
	<title>Кларк Артур Чарльз. Стена мрака</title>
</book>
<book>
	<filename>klark_artur/klark_artur_strela_vremeni.fb2.zip</filename>
	<title>Кларк Артур. Стрела времени</title>
</book>
<book>
	<filename>klark_artur/klark_artur_stroptivaya_orhideya.fb2.zip</filename>
	<title>Кларк Артур. Строптивая орхидея</title>
</book>
<book>
	<filename>klark_artur/klark_artur_svidanie_s_ramoi.fb2.zip</filename>
	<title>Кларк Артур. Свидание с Рамой</title>
</book>
<book>
	<filename>klark_artur/klark_artur_tehnicheskaya_oshibka.fb2.zip</filename>
	<title>Кларк Артур. Техническая ошибка</title>
</book>
<book>
	<filename>klark_artur/klark_artur_tishe_pozhaluista.fb2.zip</filename>
	<title>Кларк Артур. Тише, пожалуйста</title>
</book>
<book>
	<filename>klark_artur/klark_artur_ves_yetot_blesk.fb2.zip</filename>
	<title>Кларк Артур. Весь этот блеск</title>
</book>
<book>
	<filename>klark_artur/klark_artur_vopros_prebyvaniya.fb2.zip</filename>
	<title>Кларк Артур. Вопрос пребывания</title>
</book>
<book>
	<filename>klark_artur/klark_artur_vossoedinenie.fb2.zip</filename>
	<title>Кларк Артур. Воссоединение</title>
</book>
<book>
	<filename>klark_artur/klark_artur_vse_vremya_mira.fb2.zip</filename>
	<title>Кларк Артур. Все время мира</title>
</book>
<book>
	<filename>klark_artur/klark_artur_vstrecha_s_meduzoi.fb2.zip</filename>
	<title>Кларк Артур. Встреча с медузой</title>
</book>
<book>
	<filename>klark_artur/klark_artur_vtoroi_malmstrem.fb2.zip</filename>
	<title>Кларк Артур Чарльз. Второй Мальмстрем</title>
</book>
<book>
	<filename>klark_artur/klark_artur_yekspediciya_na_zemlyu_urok_istorii.fb2.zip</filename>
	<title>Кларк Артур Чарльз. Экспедиция на Землю (= Урок истории)</title>
</book>
<book>
	<filename>klark_artur/klark_artur_yupiter_pyat.fb2.zip</filename>
	<title>Кларк Артур. Юпитер Пять</title>
</book>
<book>
	<filename>klark_artur/klark_artur_zabytyi_vrag.fb2.zip</filename>
	<title>Кларк Артур Чарльз. Забытый враг</title>
</book>
<book>
	<filename>klark_artur/klark_artur_zavtra_ne_nastupit.fb2.zip</filename>
	<title>Кларк Артур. Завтра не наступит</title>
</book>
<book>
	<filename>klark_artur/klark_artur_zazvonil_telefon.fb2.zip</filename>
	<title>Кларк Артур. Зазвонил телефон...</title>
</book>
<book>
	<filename>klark_artur/klark_artur_zelenye_palcy.fb2.zip</filename>
	<title>Кларк Артур. Зеленые пальцы</title>
</book>
<book>
	<filename>klark_artur/klark_artur_zemnoi_svet.fb2.zip</filename>
	<title>Кларк Артур. Земной свет</title>
</book>
<book>
	<filename>klark_artur/klark_artur_zov_zvezd.fb2.zip</filename>
	<title>Кларк Артур Чарльз. Зов звезд</title>
</book>
<book>
	<filename>klark_artur/klark_artur_zvezda.fb2.zip</filename>
	<title>Кларк Артур. Звезда</title>
</book>
<book>
	<filename>klark_kyerol/klark_kyerol_paluba.fb2.zip</filename>
	<title>Кларк Кэрол Хиггинс. Палуба</title>
</book>
<book>
	<filename>klark_luiza/klark_luiza_lyubovnaya_petlya.fb2.zip</filename>
	<title>Кларк Луиза. Любовная петля</title>
</book>
<book>
	<filename>klark_markus/klark_markus_osuzhden_pozhiznenno.fb2.zip</filename>
	<title>Кларк Маркус. Осужден пожизненно</title>
</book>
<book>
	<filename>klark_myeri/klark_myeri_deti_ne_vernutsya.fb2.zip</filename>
	<title>Кларк Мэри Хиггинс. Дети не вернутся</title>
</book>
<book>
	<filename>klark_myeri/klark_myeri_i_kolybel_upadet.fb2.zip</filename>
	<title>Кларк Мэри Хиггинс. И колыбель упадет</title>
</book>
<book>
	<filename>klark_myeri/klark_myeri_lyubit_muzyku_lyubit_tancevat.fb2.zip</filename>
	<title>Кларк Мэри Хиггинс. Любит музыку, любит танцевать</title>
</book>
<book>
	<filename>klark_myeri/klark_myeri_moe_vremya_nochnaya_pora.fb2.zip</filename>
	<title>Кларк Мэри Хиггинс. Мое время — ночная пора</title>
</book>
<book>
	<filename>klark_myeri/klark_myeri_molchalivaya_noch.fb2.zip</filename>
	<title>Кларк Мэри Хиггинс. Молчаливая ночь</title>
</book>
<book>
	<filename>klark_myeri/klark_myeri_my_eshe_vstretimsya_s_toboi.fb2.zip</filename>
	<title>Кларк Мэри Хиггинс. Мы еще встретимся с тобой</title>
</book>
<book>
	<filename>klark_myeri/klark_myeri_na_ulice_gde_ty_zhivyosh.fb2.zip</filename>
	<title>Кларк Мэри Хиггинс. На улице, где ты живёшь</title>
</book>
<book>
	<filename>klark_myeri/klark_myeri_net_mesta_luchshe_doma.fb2.zip</filename>
	<title>Кларк Мэри Хиггинс. Нет места лучше дома</title>
</book>
<book>
	<filename>klark_myeri/klark_myeri_papina_dochka.fb2.zip</filename>
	<title>Кларк Мэри Хиггинс. Папина дочка</title>
</book>
<book>
	<filename>klark_myeri/klark_myeri_pepel_rozy.fb2.zip</filename>
	<title>Кларк Мэри Хиггинс. Пепел розы</title>
</book>
<book>
	<filename>klark_myeri/klark_myeri_pritvoris_chto_ne_vidish_ee.fb2.zip</filename>
	<title>Кларк Мэри Хиггинс. Притворись, что не видишь ее</title>
</book>
<book>
	<filename>klark_myeri/klark_myeri_progulka_po_gorodu.fb2.zip</filename>
	<title>Кларк Мэри Хиггинс. Прогулка по городу</title>
</book>
<book>
	<filename>klark_myeri/klark_myeri_soglyadatai.fb2.zip</filename>
	<title>Кларк Мэри Хиггинс. Соглядатай</title>
</book>
<book>
	<filename>klark_myeri/klark_myeri_s_teh_por_kak_usnula_moya_krasavica.fb2.zip</filename>
	<title>Кларк Мэри Хиггинс. С тех пор, как уснула моя красавица</title>
</book>
<book>
	<filename>klark_myeri/klark_myeri_ty_mne_prinadlezhish.fb2.zip</filename>
	<title>Кларк Мэри Хиггинс. Ты мне принадлежишь</title>
</book>
<book>
	<filename>klark_myeri/klark_myeri_ty_obratilas_v_lunnyi_svet.fb2.zip</filename>
	<title>Кларк Мэри Хиггинс. Ты обратилась в лунный свет</title>
</book>
<book>
	<filename>klark_myeri/klark_myeri_vzglyad_v_temnote.fb2.zip</filename>
	<title>Кларк Мэри Хиггинс. Взгляд в темноте</title>
</book>
<book>
	<filename>klark_myeri/klark_myeri_ya_budu_prosto_nablyudat_za_toboi.fb2.zip</filename>
	<title>Кларк Мэри Хиггинс. Я буду просто наблюдать за тобой</title>
</book>
<book>
	<filename>klark_saimon/klark_saimon_car_krov.fb2.zip</filename>
	<title>Кларк Саймон. Царь Кровь</title>
</book>
<book>
	<filename>klark_saimon/klark_saimon_izgoi.fb2.zip</filename>
	<title>Кларк Саймон. Изгои</title>
</book>
<book>
	<filename>klark_saimon/klark_saimon_krovavaya_kupel.fb2.zip</filename>
	<title>Кларк Саймон. Кровавая купель</title>
</book>
<book>
	<filename>klark_saimon/klark_saimon_noch_triffidov.fb2.zip</filename>
	<title>Кларк Саймон. Ночь триффидов</title>
</book>
<book>
	<filename>klark_saimon/klark_saimon_prigvozhdennoe_serdce.fb2.zip</filename>
	<title>Кларк Саймон. Пригвожденное сердце</title>
</book>
<book>
	<filename>klark_saimon/klark_saimon_tma_sgushaetsya.fb2.zip</filename>
	<title>Кларк Саймон. Тьма сгущается</title>
</book>
<book>
	<filename>klark_saimon/klark_saimon_vampirrova_pobeda.fb2.zip</filename>
	<title>Кларк Саймон. Вампиррова победа</title>
</book>
<book>
	<filename>klark_saimon/klark_saimon_zateryavshiesya_vo_vremeni.fb2.zip</filename>
	<title>Кларк Саймон. Затерявшиеся во времени</title>
</book>
<book>
	<filename>klarkson_dzhon/klarkson_dzhon_tolko_odin_zakon.fb2.zip</filename>
	<title>Кларксон Джон. Только один закон</title>
</book>
<book>
	<filename>klarkson_uinsli/klarkson_uinsli_ronaldo_dvadcatiodnoletnii_genii_i_90_minut_kotorye_potryasli_mir.fb2.zip</filename>
	<title>Кларксон Уинсли. Рональдо! Двадцатиоднолетний гений и 90 минут, которые потрясли мир</title>
</book>
<book>
	<filename>klark_syuzanna/klark_syuzanna_damy_iz_greisade_i_drugie_istorii.fb2.zip</filename>
	<title>Кларк Сюзанна. Дамы из Грейс-Адье и другие истории</title>
</book>
<book>
	<filename>klark_syuzanna/klark_syuzanna_dzhonatan_strendzh_i_mister_norrell.fb2.zip</filename>
	<title>Кларк Сюзанна. Джонатан Стрендж и мистер Норрелл</title>
</book>
<book>
	<filename>klark_yelizabet/klark_yelizabet_soblaznitelnaya_lgunya.fb2.zip</filename>
	<title>Кларк Элизабет. Соблазнительная лгунья</title>
</book>
<book>
	<filename>klarmon_kris/klarmon_kris_pervyi_polet.fb2.zip</filename>
	<title>Клармон Крис. Первый полет</title>
</book>
<book>
	<filename>klarov_yurii/klarov_yurii_chernyi_treugolnik_dilogiya.fb2.zip</filename>
	<title>Кларов Юрий Михайлович. Черный треугольник. Дилогия</title>
</book>
<book>
	<filename>klarov_yurii/klarov_yurii_pechat_i_kolokol.fb2.zip</filename>
	<title>Кларов Юрий Михайлович. Печать и колокол</title>
</book>
<book>
	<filename>klaude_ditrih/klaude_ditrih_istoriya_vestgotov.fb2.zip</filename>
	<title>Клауде Дитрих. История вестготов</title>
</book>
<book>
	<filename>klavel_bernar/klavel_bernar_pora_volkov.fb2.zip</filename>
	<title>Клавель Бернар. Пора волков</title>
</book>
<book>
	<filename>klavell_dzheims/klavell_dzheims_korol_krys.fb2.zip</filename>
	<title>Клавелл Джеймс. Король крыс</title>
</book>
<book>
	<filename>klavell_dzheims/klavell_dzheims_segun.fb2.zip</filename>
	<title>Клавелл Джеймс. Сегун</title>
</book>
<book>
	<filename>klavell_dzheims/klavell_dzheims_taipyen.fb2.zip</filename>
	<title>Клавелл Джеймс. Тай-Пэн</title>
</book>
<book>
	<filename>klein_zherar/klein_zherar_ad_est_ad.fb2.zip</filename>
	<title>Клейн Жерар. Ад есть ад</title>
</book>
<book>
	<filename>klein_zherar/klein_zherar_bogi_voiny.fb2.zip</filename>
	<title>Клейн Жерар. Боги войны</title>
</book>
<book>
	<filename>klein_zherar/klein_zherar_chernaya_magiya.fb2.zip</filename>
	<title>Клейн Жерар. Черная магия</title>
</book>
<book>
	<filename>klein_zherar/klein_zherar_civilizaciya_v_2190_godu.fb2.zip</filename>
	<title>Клейн Жерар. Цивилизация в 2190 году</title>
</book>
<book>
	<filename>klein_zherar/klein_zherar_goroda.fb2.zip</filename>
	<title>Клейн Жерар. Города</title>
</book>
<book>
	<filename>klein_zherar/klein_zherar_iona.fb2.zip</filename>
	<title>Клейн Жерар. Иона</title>
</book>
<book>
	<filename>klein_zherar/klein_zherar_nepokornoe_vremya.fb2.zip</filename>
	<title>Клейн Жерар. Непокорное время</title>
</book>
<book>
	<filename>klein_zherar/klein_zherar_planeta_semi_masok.fb2.zip</filename>
	<title>Клейн Жерар. Планета семи масок</title>
</book>
<book>
	<filename>klein_zherar/klein_zherar_pokinutye.fb2.zip</filename>
	<title>Клейн Жерар. Покинутые</title>
</book>
<book>
	<filename>klein_zherar/klein_zherar_preduprezhdenie_direktoram_zooparkov.fb2.zip</filename>
	<title>Клейн Жерар. Предупреждение директорам зоопарков</title>
</book>
<book>
	<filename>klein_zherar/klein_zherar_samye_uvazhaemye_professii_zemli.fb2.zip</filename>
	<title>Клейн Жерар. Самые уважаемые профессии Земли...</title>
</book>
<book>
	<filename>klein_zherar/klein_zherar_vremya_ne_pahnet.fb2.zip</filename>
	<title>Клейн Жерар. Время не пахнет</title>
</book>
<book>
	<filename>klein_zherar/klein_zherar_zvezdnyi_gambit.fb2.zip</filename>
	<title>Клейн Жерар. Звездный гамбит</title>
</book>
<book>
	<filename>kleipas_liza/kleipas_liza_angel_severa.fb2.zip</filename>
	<title>Клейпас Лиза. Ангел Севера</title>
</book>
<book>
	<filename>kleipas_liza/kleipas_liza_dyavol_zimoi.fb2.zip</filename>
	<title>Клейпас Лиза. Дьявол зимой</title>
</book>
<book>
	<filename>kleipas_liza/kleipas_liza_gde_nachinayutsya_mechty.fb2.zip</filename>
	<title>Клейпас Лиза. Где начинаются мечты</title>
</book>
<book>
	<filename>kleipas_liza/kleipas_liza_geroi_snov.fb2.zip</filename>
	<title>Клейпас Лиза. Герой снов</title>
</book>
<book>
	<filename>kleipas_liza/kleipas_liza_i_snova_magiya.fb2.zip</filename>
	<title>Клейпас Лиза. И снова магия</title>
</book>
<book>
	<filename>kleipas_liza/kleipas_liza_i_vot_prishel_ty.fb2.zip</filename>
	<title>Клейпас Лиза. И вот пришел ты</title>
</book>
<book>
	<filename>kleipas_liza/kleipas_liza_i_vot_prishel_ty_i_poyavilsya_ty.fb2.zip</filename>
	<title>Клейпас Лиза. И вот пришел ты (И появился ты)</title>
</book>
<book>
	<filename>kleipas_liza/kleipas_liza_kuda_zavodit_strast.fb2.zip</filename>
	<title>Клейпас Лиза. Куда заводит страсть</title>
</book>
<book>
	<filename>kleipas_liza/kleipas_liza_lyubovnik_ledi_sofii.fb2.zip</filename>
	<title>Клейпас Лиза. Любовник леди Софии</title>
</book>
<book>
	<filename>kleipas_liza/kleipas_liza_moi_vernyi_strazh.fb2.zip</filename>
	<title>Клейпас Лиза. Мой верный страж</title>
</book>
<book>
	<filename>kleipas_liza/kleipas_liza_moya_do_polunochi.fb2.zip</filename>
	<title>Клейпас Лиза. Моя до полуночи</title>
</book>
<book>
	<filename>kleipas_liza/kleipas_liza_muzhchina_na_odnu_noch.fb2.zip</filename>
	<title>Клейпас Лиза. Мужчина на одну ночь</title>
</book>
<book>
	<filename>kleipas_liza/kleipas_liza_nam_ne_zhit_drug_bez_druga.fb2.zip</filename>
	<title>Клейпас Лиза. Нам не жить друг без друга</title>
</book>
<book>
	<filename>kleipas_liza/kleipas_liza_neznakomec_v_moih_obyatiyah.fb2.zip</filename>
	<title>Клейпас Лиза. Незнакомец в моих объятиях</title>
</book>
<book>
	<filename>kleipas_liza/kleipas_liza_obeshaniya.fb2.zip</filename>
	<title>Клейпас Лиза. Обещания</title>
</book>
<book>
	<filename>kleipas_liza/kleipas_liza_obolsti_menya_na_rassvete.fb2.zip</filename>
	<title>Клейпас Лиза. Обольсти меня на рассвете</title>
</book>
<book>
	<filename>kleipas_liza/kleipas_liza_obyatiya_neznakomca.fb2.zip</filename>
	<title>Клейпас Лиза. Объятия незнакомца</title>
</book>
<book>
	<filename>kleipas_liza/kleipas_liza_otkrovennye_priznaniya.fb2.zip</filename>
	<title>Клейпас Лиза. Откровенные признания</title>
</book>
<book>
	<filename>kleipas_liza/kleipas_liza_potomu_chto_ty_moya.fb2.zip</filename>
	<title>Клейпас Лиза. Потому что ты моя</title>
</book>
<book>
	<filename>kleipas_liza/kleipas_liza_pridi_ko_mne_lyubov.fb2.zip</filename>
	<title>Клейпас Лиза. Приди ко мне, любовь</title>
</book>
<book>
	<filename>kleipas_liza/kleipas_liza_sladkii_papochka.fb2.zip</filename>
	<title>Клейпас Лиза. Сладкий папочка</title>
</book>
<book>
	<filename>kleipas_liza/kleipas_liza_s_toboi_navsegda.fb2.zip</filename>
	<title>Клейпас Лиза. С тобой навсегда</title>
</book>
<book>
	<filename>kleipas_liza/kleipas_liza_tainy_letnei_nochi.fb2.zip</filename>
	<title>Клейпас Лиза. Тайны летней ночи</title>
</book>
<book>
	<filename>kleipas_liza/kleipas_liza_vesennii_skandal.fb2.zip</filename>
	<title>Клейпас Лиза. Весенний скандал</title>
</book>
<book>
	<filename>kleipas_liza/kleipas_liza_v_mechtah_o_tebe.fb2.zip</filename>
	<title>Клейпас Лиза. В мечтах о тебе</title>
</book>
<book>
	<filename>kleipas_liza/kleipas_liza_ya_ishu_tebya.fb2.zip</filename>
	<title>Клейпас Лиза. Я ищу тебя</title>
</book>
<book>
	<filename>kleipas_liza/kleipas_liza_yeto_sluchilos_osenyu.fb2.zip</filename>
	<title>Клейпас Лиза. Это случилось осенью</title>
</book>
<book>
	<filename>kleist_genrih/kleist_genrih_markiza_do.fb2.zip</filename>
	<title>Клейст Генрих фон. Маркиза д'О</title>
</book>
<book>
	<filename>kleist_genrih/kleist_genrih_mihayel_kolhaas.fb2.zip</filename>
	<title>Клейст Генрих фон. Михаэль Кольхаас</title>
</book>
<book>
	<filename>kleiton_donna/kleiton_donna_bolshoi_sekret_myetti.fb2.zip</filename>
	<title>Клейтон Донна. Большой секрет Мэтти</title>
</book>
<book>
	<filename>kleiton_donna/kleiton_donna_luchshaya_podruga.fb2.zip</filename>
	<title>Клейтон Донна. Лучшая подруга</title>
</book>
<book>
	<filename>kleiton_donna/kleiton_donna_zhizn_prekrasna.fb2.zip</filename>
	<title>Клейтон Донна. Жизнь прекрасна</title>
</book>
<book>
	<filename>klemens_dzheims/klemens_dzheims_burya_vedmy.fb2.zip</filename>
	<title>Клеменс Джеймс. Буря ведьмы</title>
</book>
<book>
	<filename>klemens_dzheims/klemens_dzheims_vedmin_ogon.fb2.zip</filename>
	<title>Клеменс Джеймс. Ведьмин огонь</title>
</book>
<book>
	<filename>klemens_dzheims/klemens_dzheims_voina_vedmy.fb2.zip</filename>
	<title>Клеменс Джеймс. Война ведьмы</title>
</book>
<book>
	<filename>klement_hol/klement_hol_igla.fb2.zip</filename>
	<title>Клемент Хол. Игла</title>
</book>
<book>
	<filename>klement_hol/klement_hol_obitateli_vselennoi.fb2.zip</filename>
	<title>Клемент Хол. Обитатели вселенной</title>
</book>
<book>
	<filename>klement_hol/klement_hol_ognennyi_cikl.fb2.zip</filename>
	<title>Клемент Хол. Огненный цикл</title>
</book>
<book>
	<filename>klement_hol/klement_hol_poyas_asteroidov.fb2.zip</filename>
	<title>Клемент Хол. Пояс астероидов</title>
</book>
<book>
	<filename>klement_hol/klement_hol_u_kriticheskoi_tochki.fb2.zip</filename>
	<title>Клемент Хол. У критической точки</title>
</book>
<book>
	<filename>klement_hol/klement_hol_yekspediciya_tyagotenie.fb2.zip</filename>
	<title>Клемент Хол. Экспедиция «Тяготение»</title>
</book>
<book>
	<filename>klementis_francheska/klementis_francheska_shutki_v_storonu.fb2.zip</filename>
	<title>Клементис Франческа. Шутки в сторону!</title>
</book>
<book>
	<filename>klement_sintiya/klement_sintiya_schastlivoe_nedorazumenie.fb2.zip</filename>
	<title>Клемент Синтия. Счастливое недоразумение</title>
</book>
<book>
	<filename>klemperer_viktor/klemperer_viktor_lti_yazyk_tretego_reiha_zapisnaya_knizhka_filologa.fb2.zip</filename>
	<title>Клемперер Виктор. LTI. Язык третьего рейха. Записная книжка филолога</title>
</book>
<book>
	<filename>klepov_vasilii/klepov_vasilii_chetvero_iz_rossii.fb2.zip</filename>
	<title>Клепов Василий Степанович. Четверо из России</title>
</book>
<book>
	<filename>klepov_vasilii/klepov_vasilii_taina_zolotoi_doliny.fb2.zip</filename>
	<title>Клепов Василий Степанович. Тайна Золотой Долины</title>
</book>
<book>
	<filename>kleron_kirill/kleron_kirill_vampiry_v_moskve.fb2.zip</filename>
	<title>Клерон Кирилл. Вампиры в Москве</title>
</book>
<book>
	<filename>kleshenko_anatolii/kleshenko_anatolii_bez_vystrela.fb2.zip</filename>
	<title>Клещенко Анатолий Дмитриевич. Без выстрела</title>
</book>
<book>
	<filename>klier_dzh/klier_dzh_rossiya_sobiraet_svoih_evreev.fb2.zip</filename>
	<title>Клиер Дж. Д. Россия собирает своих евреев</title>
</book>


</books>
