﻿<?xml version="1.0" encoding="UTF-8" ?>
<books>

<book>
	<filename>konant_syuzan/konant_syuzan_pes_kotoryi_porval_povodok.fb2.zip</filename>
	<title>Конант Сьюзан. Пес, который порвал поводок</title>
</book>
<book>
	<filename>konarev_n/konarev_n_zheleznodorozhniki_v_velikoi_otechestvennoi_voine_19411945.fb2.zip</filename>
	<title>Конарев Н. С. Железнодорожники в Великой Отечественной войне 1941–1945</title>
</book>
<book>
	<filename>konarev_sergei/konarev_sergei_balaustion.fb2.zip</filename>
	<title>Конарев Сергей. Балаустион</title>
</book>
<book>
	<filename>konarev_sergei/konarev_sergei_korolevskoe_slovo.fb2.zip</filename>
	<title>Конарев Сергей. Королевское слово</title>
</book>
<book>
	<filename>konarev_sergei/konarev_sergei_smert_i_angel.fb2.zip</filename>
	<title>Конарев Сергей. Смерть и ангел</title>
</book>
<book>
	<filename>konarev_sergei/konarev_sergei_svoboda.fb2.zip</filename>
	<title>Конарев Сергей. Свобода</title>
</book>
<book>
	<filename>konchalovskii_andrei/konchalovskii_andrei_vozvyshayushii_obman.fb2.zip</filename>
	<title>Кончаловский Андрей Сергеевич. Возвышающий обман</title>
</book>
<book>
	<filename>kondaurova_elena/kondaurova_elena_hranitelnica.fb2.zip</filename>
	<title>Кондаурова Елена. Хранительница</title>
</book>
<book>
	<filename>konde_alfredo/konde_alfredo_chelovekvolk.fb2.zip</filename>
	<title>Конде Альфредо. Человек-волк</title>
</book>
<book>
	<filename>konde_alfredo/konde_alfredo_grifon.fb2.zip</filename>
	<title>Конде Альфредо. Грифон</title>
</book>
<book>
	<filename>kondon_richard/kondon_richard_arigato.fb2.zip</filename>
	<title>Кондон Ричард. Аригато</title>
</book>
<book>
	<filename>kondrashova_larisa/kondrashova_larisa_formula_nevernosti.fb2.zip</filename>
	<title>Кондрашова Лариса. Формула неверности</title>
</book>
<book>
	<filename>kondrashova_larisa/kondrashova_larisa_primanka_dlya_dvoih.fb2.zip</filename>
	<title>Кондрашова Лариса. Приманка для двоих</title>
</book>
<book>
	<filename>kondrashova_larisa/kondrashova_larisa_zamuzh_ne_napast.fb2.zip</filename>
	<title>Кондрашова Лариса. Замуж не напасть</title>
</book>
<book>
	<filename>kondrashov_v/kondrashov_v_vse_o_gipnoze.fb2.zip</filename>
	<title>Кондрашов В. В. Все о гипнозе</title>
</book>
<book>
	<filename>kondratev_yurii/kondratev_yurii_groznyi_neskolko_dnei.fb2.zip</filename>
	<title>Кондратьев Юрий. Грозный. Несколько дней...</title>
</book>
<book>
	<filename>kondratev_yurii/kondratev_yurii_pismo_iz_groznogo.fb2.zip</filename>
	<title>Кондратьев Юрий. Письмо из Грозного</title>
</book>
<book>
	<filename>kondratov_aleksandr/kondratov_aleksandr_atlantidy_ishite_na_shelfe.fb2.zip</filename>
	<title>Кондратов Александр Михайлович. Атлантиды ищите на шельфе</title>
</book>
<book>
	<filename>kondratov_yeduard/kondratov_yeduard_po_bagrovoi_trope_v_yeldorado.fb2.zip</filename>
	<title>Кондратов Эдуард. По багровой тропе в Эльдорадо</title>
</book>
<book>
	<filename>kondratov_yeduard/kondratov_yeduard_ptica_voiny.fb2.zip</filename>
	<title>Кондратов Эдуард. Птица войны</title>
</book>
<book>
	<filename>kondyreva_evgeniya/kondyreva_evgeniya_drakon_cherta.fb2.zip</filename>
	<title>Кондырева Евгения. Дракон. Черта</title>
</book>
<book>
	<filename>koneckii_viktor/koneckii_viktor_arkticheskaya_komarinskaya.fb2.zip</filename>
	<title>Конецкий Виктор Викторович. Арктическая «Комаринская»</title>
</book>
<book>
	<filename>koneckii_viktor/koneckii_viktor_artist.fb2.zip</filename>
	<title>Конецкий Виктор Викторович. Артист</title>
</book>
<book>
	<filename>koneckii_viktor/koneckii_viktor_edinstvo_i_borba_protivopolozhnostei_v_fome_fomiche_fomicheve.fb2.zip</filename>
	<title>Конецкий Виктор. Единство и борьба противоположностей в Фоме Фомиче Фомичеве</title>
</book>
<book>
	<filename>koneckii_viktor/koneckii_viktor_foma_fomich_v_institute_krasoty.fb2.zip</filename>
	<title>Конецкий Виктор. Фома Фомич в институте красоты</title>
</book>
<book>
	<filename>koneckii_viktor/koneckii_viktor_kak_ya_pervyi_raz_komandoval_korablem.fb2.zip</filename>
	<title>Конецкий Виктор. Как я первый раз командовал кораблем</title>
</book>
<book>
	<filename>koneckii_viktor/koneckii_viktor_koshmarnaya_istoriya_s_moim_byustom.fb2.zip</filename>
	<title>Конецкий Виктор. Кошмарная история с моим бюстом</title>
</book>
<book>
	<filename>koneckii_viktor/koneckii_viktor_leti_korabl.fb2.zip</filename>
	<title>Конецкий Виктор Викторович. Лети, корабль!</title>
</book>
<book>
	<filename>koneckii_viktor/koneckii_viktor_nachalo_konca_komedii_povesti_i_rasskazy.fb2.zip</filename>
	<title>Конецкий Виктор Викторович. Начало конца комедии (повести и рассказы)</title>
</book>
<book>
	<filename>koneckii_viktor/koneckii_viktor_nash_kok_vasya.fb2.zip</filename>
	<title>Конецкий Виктор. Наш кок Вася</title>
</book>
<book>
	<filename>koneckii_viktor/koneckii_viktor_nekotorym_obrazom_drama.fb2.zip</filename>
	<title>Конецкий Виктор Викторович. Некоторым образом драма</title>
</book>
<book>
	<filename>koneckii_viktor/koneckii_viktor_neobyknovennaya_arktika.fb2.zip</filename>
	<title>Конецкий Виктор. Необыкновенная Арктика</title>
</book>
<book>
	<filename>koneckii_viktor/koneckii_viktor_neskolko_sovetov_avtoram_putevoi_prozy.fb2.zip</filename>
	<title>Конецкий Виктор Викторович. Несколько советов авторам путевой прозы</title>
</book>
<book>
	<filename>koneckii_viktor/koneckii_viktor_nevezuchii_alfons.fb2.zip</filename>
	<title>Конецкий Виктор. Невезучий Альфонс</title>
</book>
<book>
	<filename>koneckii_viktor/koneckii_viktor_nevezuchii_alfons_sbornik_rasskazov.fb2.zip</filename>
	<title>Конецкий Виктор Викторович. Невезучий Альфонс (сборник рассказов)</title>
</book>
<book>
	<filename>koneckii_viktor/koneckii_viktor_ogurec_navyrez.fb2.zip</filename>
	<title>Конецкий Виктор. Огурец навырез</title>
</book>
<book>
	<filename>koneckii_viktor/koneckii_viktor_petka_dzhek_i_malchishki.fb2.zip</filename>
	<title>Конецкий Виктор Викторович. Петька, Джек и мальчишки</title>
</book>
<book>
	<filename>koneckii_viktor/koneckii_viktor_petr_ivanovich_nitochkin_k_voprosu_o_kvazidurakah.fb2.zip</filename>
	<title>Конецкий Виктор Викторович. Петр Иванович Ниточкин к вопросу о квазидураках</title>
</book>
<book>
	<filename>koneckii_viktor/koneckii_viktor_petr_nitochkin_k_voprosu_o_matrosskom_kovarstve.fb2.zip</filename>
	<title>Конецкий Виктор Викторович. Петр Ниточкин к вопросу о матросском коварстве</title>
</book>
<book>
	<filename>koneckii_viktor/koneckii_viktor_petr_nitochkin_k_voprosu_o_psihicheskoi_nesovmestimosti.fb2.zip</filename>
	<title>Конецкий Виктор Викторович. Петр Ниточкин к вопросу о психической несовместимости</title>
</book>
<book>
	<filename>koneckii_viktor/koneckii_viktor_poslednii_reis.fb2.zip</filename>
	<title>Конецкий Виктор Викторович. Последний рейс</title>
</book>
<book>
	<filename>koneckii_viktor/koneckii_viktor_poslednyaya_noch_bandita.fb2.zip</filename>
	<title>Конецкий Виктор Викторович. Последняя ночь Бандита</title>
</book>
<book>
	<filename>koneckii_viktor/koneckii_viktor_povsednevnost_i_nekotorye_isklyucheniya_iz_nee.fb2.zip</filename>
	<title>Конецкий Виктор Викторович. Повседневность и некоторые исключения из нее</title>
</book>
<book>
	<filename>koneckii_viktor/koneckii_viktor_scenaristy_i_rezhissery_v_more.fb2.zip</filename>
	<title>Конецкий Виктор Викторович. Сценаристы и режиссеры в море</title>
</book>
<book>
	<filename>koneckii_viktor/koneckii_viktor_shalovlivyi_gidrograf_i_yuzhak_v_peveke.fb2.zip</filename>
	<title>Конецкий Виктор. Шаловливый гидрограф и южак в Певеке</title>
</book>
<book>
	<filename>koneckii_viktor/koneckii_viktor_stolknovenie_v_prolive_aktivpass.fb2.zip</filename>
	<title>Конецкий Виктор. Столкновение в проливе Актив-Пасс</title>
</book>
<book>
	<filename>koneckii_viktor/koneckii_viktor_vcherashnie_zaboty_putevye_dnevniki.fb2.zip</filename>
	<title>Конецкий Виктор Викторович. Вчерашние заботы (путевые дневники)</title>
</book>
<book>
	<filename>koneckii_viktor/koneckii_viktor_za_dobroi_nadezhdoi.fb2.zip</filename>
	<title>Конецкий Виктор. За доброй надеждой</title>
</book>
<book>
	<filename>koneckii_viktor/koneckii_viktor_zavtrashnie_zaboty.fb2.zip</filename>
	<title>Конецкий Виктор. Завтрашние заботы</title>
</book>
<book>
	<filename>konfucii_/konfucii__lun_yui.fb2.zip</filename>
	<title>Конфуций. Лунь юй</title>
</book>
<book>
	<filename>koni_anatolii/koni_anatolii_k_istorii_nashei_borby_s_pyanstvom.fb2.zip</filename>
	<title>Кони Анатолий Федорович. К истории нашей борьбы с пьянством</title>
</book>
<book>
	<filename>koni_anatolii/koni_anatolii_vospominaniya_o_chehove.fb2.zip</filename>
	<title>Кони Анатолий Федорович. Воспоминания о Чехове</title>
</book>
<book>
	<filename>konichev_konstantin/konichev_konstantin_iz_moei_kopilki.fb2.zip</filename>
	<title>Коничев Константин Иванович. Из моей копилки</title>
</book>
<book>
	<filename>konichev_konstantin/konichev_konstantin_iz_zhizni_vzyatoe.fb2.zip</filename>
	<title>Коничев Константин Иванович. Из жизни взятое</title>
</book>
<book>
	<filename>konichev_konstantin/konichev_konstantin_petr_pervyi_na_severe.fb2.zip</filename>
	<title>Коничев Константин Иванович. Петр Первый на Севере</title>
</book>
<book>
	<filename>konichev_konstantin/konichev_konstantin_povest_o_voronihine.fb2.zip</filename>
	<title>Коничев Константин Иванович. Повесть о Воронихине</title>
</book>
<book>
	<filename>konichev_konstantin/konichev_konstantin_russkii_samorodok_povest_o_sytine.fb2.zip</filename>
	<title>Коничев Константин Иванович. Русский самородок. Повесть о Сытине</title>
</book>
<book>
	<filename>konichev_konstantin/konichev_konstantin_za_rodinu.fb2.zip</filename>
	<title>Коничев Константин Иванович. За Родину</title>
</book>
<book>
	<filename>konichev_konstantin/konichev_konstantin_zemlyak_lomonosova_povest_o_fedote_shubine.fb2.zip</filename>
	<title>Коничев Константин Иванович. Земляк Ломоносова. Повесть о Федоте Шубине</title>
</book>
<book>
	<filename>konkvest_robert/konkvest_robert_zhatva_skorbi.fb2.zip</filename>
	<title>Конквест Роберт. Жатва скорби</title>
</book>
<book>
	<filename>konnelli_maikl/konnelli_maikl_cementnaya_blondinka_pravo_na_vystrel.fb2.zip</filename>
	<title>Коннелли Майкл. Цементная блондинка (Право на выстрел)</title>
</book>
<book>
	<filename>konnelli_maikl/konnelli_maikl_chernoe_yeho.fb2.zip</filename>
	<title>Коннелли Майкл. Черное эхо</title>
</book>
<book>
	<filename>konnelli_maikl/konnelli_maikl_chernyi_led.fb2.zip</filename>
	<title>Коннелли Майкл. Черный лед</title>
</book>
<book>
	<filename>konnelli_maikl/konnelli_maikl_gorod_kostei.fb2.zip</filename>
	<title>Коннелли Майкл. Город костей</title>
</book>
<book>
	<filename>konnelli_maikl/konnelli_maikl_i_angelov_polet.fb2.zip</filename>
	<title>Коннелли Майкл. И ангелов полет</title>
</book>
<book>
	<filename>konnelli_maikl/konnelli_maikl_luna_bez_kursa.fb2.zip</filename>
	<title>Коннелли Майкл. Луна без курса</title>
</book>
<book>
	<filename>konnelli_maikl/konnelli_maikl_po_scenariyu_mafii.fb2.zip</filename>
	<title>Коннелли Майкл. По сценарию мафии</title>
</book>
<book>
	<filename>konnelli_maikl/konnelli_maikl_poslednii_koiot.fb2.zip</filename>
	<title>Коннелли Майкл. Последний койот</title>
</book>
<book>
	<filename>konnelli_maikl/konnelli_maikl_potaennyi_svet.fb2.zip</filename>
	<title>Коннелли Майкл. Потаенный свет</title>
</book>
<book>
	<filename>konnelli_maikl/konnelli_maikl_poyet.fb2.zip</filename>
	<title>Коннелли Майкл. Поэт</title>
</book>
<book>
	<filename>konnelli_maikl/konnelli_maikl_tesnina.fb2.zip</filename>
	<title>Коннелли Майкл. Теснина</title>
</book>
<book>
	<filename>konnelli_maikl/konnelli_maikl_tma_chernee_nochi.fb2.zip</filename>
	<title>Коннелли Майкл. Тьма чернее ночи</title>
</book>
<book>
	<filename>konnelli_maikl/konnelli_maikl_v_pogone_za_udachei.fb2.zip</filename>
	<title>Коннелли Майкл. В погоне за удачей</title>
</book>
<book>
	<filename>konnelli_maikl/konnelli_maikl_zabytoe_delo.fb2.zip</filename>
	<title>Коннелли Майкл. Забытое дело</title>
</book>
<book>
	<filename>konnell_vivian/konnell_vivian_zolotoi_son.fb2.zip</filename>
	<title>Коннелл Вивиан. Золотой сон</title>
</book>
<book>
	<filename>konnel_syuzen/konnel_syuzen_slavnaya_devochka.fb2.zip</filename>
	<title>Коннел Сьюзен. Славная девочка</title>
</book>
<book>
	<filename>konn_fibi/konn_fibi_uragan_strasti.fb2.zip</filename>
	<title>Конн Фиби. Ураган страсти</title>
</book>
<book>
	<filename>konn_fibi/konn_fibi_v_plenu_zhelanii.fb2.zip</filename>
	<title>Конн Фиби. В плену желаний</title>
</book>
<book>
	<filename>konnolli_dzh/konnolli_dzh_sloenyi_tort.fb2.zip</filename>
	<title>Коннолли Дж. Дж. Слоеный торт</title>
</book>
<book>
	<filename>konnolli_dzhon/konnolli_dzhon_belaya_doroga.fb2.zip</filename>
	<title>Коннолли Джон. Белая дорога</title>
</book>
<book>
	<filename>konnolli_dzhon/konnolli_dzhon_chernyi_angel.fb2.zip</filename>
	<title>Коннолли Джон. Черный Ангел</title>
</book>
<book>
	<filename>konnolli_dzhon/konnolli_dzhon_plohie_lyudi.fb2.zip</filename>
	<title>Коннолли Джон. Плохие люди</title>
</book>
<book>
	<filename>konnolli_dzhon/konnolli_dzhon_poroda_ubiic.fb2.zip</filename>
	<title>Коннолли Джон. Порода убийц</title>
</book>
<book>
	<filename>konnolli_dzhon/konnolli_dzhon_temnaya_loshina.fb2.zip</filename>
	<title>Коннолли Джон. Темная лощина</title>
</book>
<book>
	<filename>konnolli_dzhon/konnolli_dzhon_vse_mertvye_obretut_pokoi.fb2.zip</filename>
	<title>Коннолли Джон. Все мертвые обретут покой</title>
</book>
<book>
	<filename>konobeev_yurii/konobeev_yurii_fiziki_prodolzhayut_shutit.fb2.zip</filename>
	<title>Конобеев Юрий. Физики продолжают шутить</title>
</book>
<book>
	<filename>kononenko_maksim/kononenko_maksim_the_da_vinci_code_istina.fb2.zip</filename>
	<title>Кононенко Максим. The Da Vinci Code. Истина</title>
</book>
<book>
	<filename>kononov_mihail/kononov_mihail_golaya_pionerka.fb2.zip</filename>
	<title>Кононов Михаил. Голая пионерка</title>
</book>
<book>
	<filename>konopnickaya_mariya/konopnickaya_mariya_o_gnomah_i_sirotke_maryse.fb2.zip</filename>
	<title>Конопницкая Мария. О гномах и сиротке Марысе</title>
</book>
<book>
	<filename>konovalov_grigorii/konovalov_grigorii_istoki_kniga_pervaya.fb2.zip</filename>
	<title>Коновалов Григорий Иванович. Истоки. Книга первая</title>
</book>
<book>
	<filename>konovalov_grigorii/konovalov_grigorii_istoki_kniga_vtoraya.fb2.zip</filename>
	<title>Коновалов Григорий Иванович. Истоки. Книга вторая</title>
</book>
<book>
	<filename>konovalov_sergei/konovalov_sergei_yenergiya_sotvoreniya.fb2.zip</filename>
	<title>Коновалов Сергей. Энергия Сотворения</title>
</book>
<book>
	<filename>konrad_dzhozef/konrad_dzhozef_avanpost_progressa.fb2.zip</filename>
	<title>Конрад Джозеф. Аванпост прогресса</title>
</book>
<book>
	<filename>konrad_dzhozef/konrad_dzhozef_lord_dzhim.fb2.zip</filename>
	<title>Конрад Джозеф. Лорд Джим</title>
</book>
<book>
	<filename>konrad_dzhozef/konrad_dzhozef_serdce_tmy.fb2.zip</filename>
	<title>Конрад Джозеф. Сердце тьмы</title>
</book>
<book>
	<filename>konrad_linda/konrad_linda_melodiya_strasti.fb2.zip</filename>
	<title>Конрад Линда. Мелодия страсти</title>
</book>
<book>
	<filename>konrad_linda/konrad_linda_v_medlennom_tance.fb2.zip</filename>
	<title>Конрад Линда. В медленном танце</title>
</book>
<book>
	<filename>konran_shirli/konran_shirli_dikie.fb2.zip</filename>
	<title>Конран Ширли. Дикие</title>
</book>
<book>
	<filename>konran_shirli/konran_shirli_krovnoe_rodstvo_kniga_pervaya.fb2.zip</filename>
	<title>Конран Ширли. Кровное родство. Книга первая</title>
</book>
<book>
	<filename>konran_shirli/konran_shirli_krovnoe_rodstvo_kniga_vtoraya.fb2.zip</filename>
	<title>Конран Ширли. Кровное родство. Книга вторая</title>
</book>
<book>
	<filename>konran_shirli/konran_shirli_kruzhevo2.fb2.zip</filename>
	<title>Конран Ширли. Кружево-2</title>
</book>
<book>
	<filename>konran_shirli/konran_shirli_kruzhevo.fb2.zip</filename>
	<title>Конран Ширли. Кружево</title>
</book>
<book>
	<filename>konran_shirli/konran_shirli_mest_mimi_kvin.fb2.zip</filename>
	<title>Конран Ширли. Месть Мими Квин</title>
</book>
<book>
	<filename>konran_shirli/konran_shirli_muzhya_i_lyubovniki.fb2.zip</filename>
	<title>Конран Ширли. Мужья и любовники</title>
</book>
<book>
	<filename>konran_shirli/konran_shirli_ostrov_amazonok.fb2.zip</filename>
	<title>Конран Ширли. Остров амазонок</title>
</book>
<book>
	<filename>konran_shirli/konran_shirli_tigrinye_glaza.fb2.zip</filename>
	<title>Конран Ширли. Тигриные глаза</title>
</book>
<book>
	<filename>konrat_dzh/konrat_dzh_viski_s_limonom.fb2.zip</filename>
	<title>Конрат Дж. А. Виски с лимоном</title>
</book>
<book>
	<filename>konstantinov_andrei/konstantinov_andrei_advokat.fb2.zip</filename>
	<title>Константинов Андрей. Адвокат</title>
</book>
<book>
	<filename>konstantinov_andrei/konstantinov_andrei_arestant.fb2.zip</filename>
	<title>Константинов Андрей. Арестант</title>
</book>
<book>
	<filename>konstantinov_andrei/konstantinov_andrei_avtorskoe_predislovie.fb2.zip</filename>
	<title>Константинов Андрей. Авторское предисловие</title>
</book>
<book>
	<filename>konstantinov_andrei/konstantinov_andrei_baiki_sluzhivyh_lyudei.fb2.zip</filename>
	<title>Константинов Андрей. Байки служивых людей</title>
</book>
<book>
	<filename>konstantinov_andrei/konstantinov_andrei_banditskii_peterburg.fb2.zip</filename>
	<title>Константинов Андрей. Бандитский Петербург</title>
</book>
<book>
	<filename>konstantinov_andrei/konstantinov_andrei_delo_o_beglom_michmane.fb2.zip</filename>
	<title>Константинов Андрей. Дело о беглом мичмане</title>
</book>
<book>
	<filename>konstantinov_andrei/konstantinov_andrei_delo_o_beloi_strele.fb2.zip</filename>
	<title>Константинов Андрей. Дело о «Белой стреле»</title>
</book>
<book>
	<filename>konstantinov_andrei/konstantinov_andrei_delo_ob_imperatorskom_pingvine.fb2.zip</filename>
	<title>Константинов Андрей. Дело об императорском пингвине</title>
</book>
<book>
	<filename>konstantinov_andrei/konstantinov_andrei_delo_ob_ischeznovenii_v_taicah.fb2.zip</filename>
	<title>Константинов Андрей. Дело об исчезновении в Тайцах</title>
</book>
<book>
	<filename>konstantinov_andrei/konstantinov_andrei_delo_ob_obizhennyh_zhurnalistah.fb2.zip</filename>
	<title>Константинов Андрей. Дело об обиженных журналистах</title>
</book>
<book>
	<filename>konstantinov_andrei/konstantinov_andrei_delo_ob_otravlenii_v_bufete.fb2.zip</filename>
	<title>Константинов Андрей. Дело об отравлении в буфете</title>
</book>
<book>
	<filename>konstantinov_andrei/konstantinov_andrei_delo_o_brilliantovoi_zaponke.fb2.zip</filename>
	<title>Константинов Андрей. Дело о бриллиантовой запонке</title>
</book>
<book>
	<filename>konstantinov_andrei/konstantinov_andrei_delo_ob_uranovom_konteinere_2.fb2.zip</filename>
	<title>Константинов Андрей. Дело об урановом контейнере — 2</title>
</book>
<book>
	<filename>konstantinov_andrei/konstantinov_andrei_delo_ob_uranovom_konteinere.fb2.zip</filename>
	<title>Константинов Андрей. Дело об урановом контейнере</title>
</book>
<book>
	<filename>konstantinov_andrei/konstantinov_andrei_delo_ob_utonuvshei_kassete.fb2.zip</filename>
	<title>Константинов Андрей. Дело об утонувшей кассете</title>
</book>
<book>
	<filename>konstantinov_andrei/konstantinov_andrei_delo_o_chechenskom_lyubovnike.fb2.zip</filename>
	<title>Константинов Андрей. Дело о чеченском любовнике</title>
</book>
<book>
	<filename>konstantinov_andrei/konstantinov_andrei_delo_o_chernoi_pustyni.fb2.zip</filename>
	<title>Константинов Андрей. Дело о «Черной Пустыни»</title>
</book>
<book>
	<filename>konstantinov_andrei/konstantinov_andrei_delo_o_duyeli_na_rassvete.fb2.zip</filename>
	<title>Константинов Андрей. Дело о дуэли на рассвете</title>
</book>
<book>
	<filename>konstantinov_andrei/konstantinov_andrei_delo_o_dvuh_raspiskah.fb2.zip</filename>
	<title>Константинов Андрей. Дело о двух расписках</title>
</book>
<book>
	<filename>konstantinov_andrei/konstantinov_andrei_delo_o_dvuh_uhazherah.fb2.zip</filename>
	<title>Константинов Андрей. Дело о двух ухажерах</title>
</book>
<book>
	<filename>konstantinov_andrei/konstantinov_andrei_delo_o_glinyanyh_buddah.fb2.zip</filename>
	<title>Константинов Андрей. Дело о глиняных Буддах</title>
</book>
<book>
	<filename>konstantinov_andrei/konstantinov_andrei_delo_o_grobokopatelyah.fb2.zip</filename>
	<title>Константинов Андрей. Дело о «гробокопателях»</title>
</book>
<book>
	<filename>konstantinov_andrei/konstantinov_andrei_delo_o_hurgadskih_lyubovnikah.fb2.zip</filename>
	<title>Константинов Андрей. Дело о хургадских любовниках</title>
</book>
<book>
	<filename>konstantinov_andrei/konstantinov_andrei_delo_o_kartine_pikasso.fb2.zip</filename>
	<title>Константинов Андрей. Дело о картине Пикассо</title>
</book>
<book>
	<filename>konstantinov_andrei/konstantinov_andrei_delo_o_krasnom_dome.fb2.zip</filename>
	<title>Константинов Андрей. Дело о «Красном доме»</title>
</book>
<book>
	<filename>konstantinov_andrei/konstantinov_andrei_delo_o_krasnom_orle.fb2.zip</filename>
	<title>Константинов Андрей. Дело о «красном орле»</title>
</book>
<book>
	<filename>konstantinov_andrei/konstantinov_andrei_delo_o_krovavoi_myeri.fb2.zip</filename>
	<title>Константинов Андрей. Дело о кровавой Мэри</title>
</book>
<book>
	<filename>konstantinov_andrei/konstantinov_andrei_delo_o_kupanii_v_zalive.fb2.zip</filename>
	<title>Константинов Андрей. Дело о купании в заливе</title>
</book>
<book>
	<filename>konstantinov_andrei/konstantinov_andrei_delo_o_lopnuvshih_agentstvah.fb2.zip</filename>
	<title>Константинов Андрей. Дело о лопнувших агентствах</title>
</book>
<book>
	<filename>konstantinov_andrei/konstantinov_andrei_delo_o_marsianskoi_tigrice.fb2.zip</filename>
	<title>Константинов Андрей. Дело о марсианской тигрице</title>
</book>
<book>
	<filename>konstantinov_andrei/konstantinov_andrei_delo_o_nespravedlivom_prigovore.fb2.zip</filename>
	<title>Константинов Андрей. Дело о несправедливом приговоре</title>
</book>
<book>
	<filename>konstantinov_andrei/konstantinov_andrei_delo_o_pohishennyh_mladencah.fb2.zip</filename>
	<title>Константинов Андрей. Дело о похищенных младенцах</title>
</book>
<book>
	<filename>konstantinov_andrei/konstantinov_andrei_delo_o_pozhare_v_redakcii.fb2.zip</filename>
	<title>Константинов Андрей. Дело о пожаре в редакции</title>
</book>
<book>
	<filename>konstantinov_andrei/konstantinov_andrei_delo_o_prokurorshe_v_posteli.fb2.zip</filename>
	<title>Константинов Андрей. Дело о прокурорше в постели</title>
</book>
<book>
	<filename>konstantinov_andrei/konstantinov_andrei_delo_o_propavshei_rossii.fb2.zip</filename>
	<title>Константинов Андрей. Дело о пропавшей России</title>
</book>
<book>
	<filename>konstantinov_andrei/konstantinov_andrei_delo_o_propavshem_biznesmene.fb2.zip</filename>
	<title>Константинов Андрей. Дело о пропавшем бизнесмене</title>
</book>
<book>
	<filename>konstantinov_andrei/konstantinov_andrei_delo_o_propavshih_bryukah.fb2.zip</filename>
	<title>Константинов Андрей. Дело о пропавших брюках</title>
</book>
<book>
	<filename>konstantinov_andrei/konstantinov_andrei_delo_o_sladkogolosoi_kantate.fb2.zip</filename>
	<title>Константинов Андрей. Дело о сладкоголосой «Кантате»</title>
</book>
<book>
	<filename>konstantinov_andrei/konstantinov_andrei_delo_o_spasenii_telezvezdy.fb2.zip</filename>
	<title>Константинов Андрей. Дело о спасении телезвезды</title>
</book>
<book>
	<filename>konstantinov_andrei/konstantinov_andrei_delo_o_tihom_hutore.fb2.zip</filename>
	<title>Константинов Андрей. Дело о «Тихом хуторе»</title>
</book>
<book>
	<filename>konstantinov_andrei/konstantinov_andrei_delo_o_voskresshem_mertvece.fb2.zip</filename>
	<title>Константинов Андрей. Дело о воскресшем мертвеце</title>
</book>
<book>
	<filename>konstantinov_andrei/konstantinov_andrei_delo_o_vrazheskom_shtabe.fb2.zip</filename>
	<title>Константинов Андрей. Дело о вражеском штабе</title>
</book>
<book>
	<filename>konstantinov_andrei/konstantinov_andrei_delo_o_vzbesivshemsya_vrache.fb2.zip</filename>
	<title>Константинов Андрей. Дело о взбесившемся враче</title>
</book>
<book>
	<filename>konstantinov_andrei/konstantinov_andrei_delo_o_zaikayushemsya_trockiste.fb2.zip</filename>
	<title>Константинов Андрей. Дело о заикающемся троцкисте</title>
</book>
<book>
	<filename>konstantinov_andrei/konstantinov_andrei_delo_o_zhenshinevamp.fb2.zip</filename>
	<title>Константинов Андрей. Дело о женщине-вамп</title>
</book>
<book>
	<filename>konstantinov_andrei/konstantinov_andrei_delo_professora_zaslonova.fb2.zip</filename>
	<title>Константинов Андрей. Дело профессора Заслонова</title>
</book>
<book>
	<filename>konstantinov_andrei/konstantinov_andrei_izmennik.fb2.zip</filename>
	<title>Константинов Андрей. Изменник</title>
</book>
<book>
	<filename>konstantinov_andrei/konstantinov_andrei_korrumpirovannyi_peterburg.fb2.zip</filename>
	<title>Константинов Андрей. Коррумпированный Петербург</title>
</book>
<book>
	<filename>konstantinov_andrei/konstantinov_andrei_ment.fb2.zip</filename>
	<title>Константинов Андрей. Мент</title>
</book>
<book>
	<filename>konstantinov_andrei/konstantinov_andrei_musorshik.fb2.zip</filename>
	<title>Константинов Андрей. Мусорщик</title>
</book>
<book>
	<filename>konstantinov_andrei/konstantinov_andrei_muzhchina_dlya_ani.fb2.zip</filename>
	<title>Константинов Андрей. Мужчина для Ани</title>
</book>
<book>
	<filename>konstantinov_andrei/konstantinov_andrei_ptica_feniks.fb2.zip</filename>
	<title>Константинов Андрей. Птица феникс</title>
</book>
<book>
	<filename>konstantinov_andrei/konstantinov_andrei_rassledovatel_predlozhenie_krymskogo_premera.fb2.zip</filename>
	<title>Константинов Андрей. Расследователь: Предложение крымского премьера</title>
</book>
<book>
	<filename>konstantinov_andrei/konstantinov_andrei_rota.fb2.zip</filename>
	<title>Константинов Андрей. Рота</title>
</book>
<book>
	<filename>konstantinov_andrei/konstantinov_andrei_sochinitel.fb2.zip</filename>
	<title>Константинов Андрей. Сочинитель</title>
</book>
<book>
	<filename>konstantinov_andrei/konstantinov_andrei_specialist.fb2.zip</filename>
	<title>Константинов Андрей. Специалист</title>
</book>
<book>
	<filename>konstantinov_andrei/konstantinov_andrei_sudya_advokat2.fb2.zip</filename>
	<title>Константинов Андрей. Судья (Адвокат-2)</title>
</book>
<book>
	<filename>konstantinov_andrei/konstantinov_andrei_travlya_lisy.fb2.zip</filename>
	<title>Константинов Андрей. Травля лисы</title>
</book>
<book>
	<filename>konstantinov_andrei/konstantinov_andrei_tulskii_tokarev_tom_1.fb2.zip</filename>
	<title>Константинов Андрей. Тульский – Токарев (Том 1)</title>
</book>
<book>
	<filename>konstantinov_andrei/konstantinov_andrei_tulskii_tokarev_tom_2.fb2.zip</filename>
	<title>Константинов Андрей. Тульский – Токарев (Том 2)</title>
</book>
<book>
	<filename>konstantinov_andrei/konstantinov_andrei_ultimatum_gubernatoru_peterburga.fb2.zip</filename>
	<title>Константинов Андрей. Ультиматум губернатору Петербурга</title>
</book>
<book>
	<filename>konstantinov_andrei/konstantinov_andrei_umelcy.fb2.zip</filename>
	<title>Константинов Андрей. Умельцы</title>
</book>
<book>
	<filename>konstantinov_andrei/konstantinov_andrei_vnedrenie.fb2.zip</filename>
	<title>Константинов Андрей Дмитриевич. Внедрение</title>
</book>
<book>
	<filename>konstantinov_andrei/konstantinov_andrei_vor_zhurnalist2.fb2.zip</filename>
	<title>Константинов Андрей. Вор (Журналист-2)</title>
</book>
<book>
	<filename>konstantinov_andrei/konstantinov_andrei_vydumshik_sochinitel2.fb2.zip</filename>
	<title>Константинов Андрей. Выдумщик (Сочинитель-2)</title>
</book>
<book>
	<filename>konstantinov_andrei/konstantinov_andrei_zhurnalist.fb2.zip</filename>
	<title>Константинов Андрей. Журналист</title>
</book>
<book>
	<filename>konstantinov_evgenii/konstantinov_evgenii_fakultet_rybolovnoi_magii.fb2.zip</filename>
	<title>Константинов Евгений. Факультет рыболовной магии</title>
</book>
<book>
	<filename>konstantinov_evgenii/konstantinov_evgenii_kak_ya_igrayu.fb2.zip</filename>
	<title>Константинов Евгений. Как я играю!</title>
</book>
<book>
	<filename>konstantinov_petr/konstantinov_petr_sinii_ametist.fb2.zip</filename>
	<title>Константинов Петр. Синий аметист</title>
</book>
<book>
	<filename>konstantinov_vladimir/konstantinov_vladimir_strah.fb2.zip</filename>
	<title>Константинов Владимир. Страх</title>
</book>
<book>
	<filename>konstantinov_vladimir/konstantinov_vladimir_zhertva_mistifikacii.fb2.zip</filename>
	<title>Константинов Владимир. Жертва мистификации</title>
</book>
<book>
	<filename>konstantinov_vladimir/konstantinov_vladimir_zhestokie_igry.fb2.zip</filename>
	<title>Константинов Владимир. Жестокие игры</title>
</book>
<book>
	<filename>konti_zhanper/konti_zhanper_sudzuki_v_volchem_logove.fb2.zip</filename>
	<title>Конти Жан-Пьер. Судзуки в волчьем логове</title>
</book>
<book>
	<filename>kontrovskii_vladimir/kontrovskii_vladimir_dorogami_mirov.fb2.zip</filename>
	<title>Контровский Владимир. Дорогами Миров</title>
</book>
<book>
	<filename>kontrovskii_vladimir/kontrovskii_vladimir_gorkii_privkus_vlasti.fb2.zip</filename>
	<title>Контровский Владимир Ильич. Горький привкус власти</title>
</book>
<book>
	<filename>kontrovskii_vladimir/kontrovskii_vladimir_koleso_sansary.fb2.zip</filename>
	<title>Контровский Владимир Ильич. Колесо Сансары</title>
</book>
<book>
	<filename>kontrovskii_vladimir/kontrovskii_vladimir_krik_iz_budushego.fb2.zip</filename>
	<title>Контровский Владимир. Крик из будущего</title>
</book>
<book>
	<filename>kontrovskii_vladimir/kontrovskii_vladimir_poslednii_alhimik.fb2.zip</filename>
	<title>Контровский Владимир. Последний алхимик</title>
</book>
<book>
	<filename>kontrovskii_vladimir/kontrovskii_vladimir_poslednii_iz_blednolicyh.fb2.zip</filename>
	<title>Контровский Владимир. Последний из бледнолицых</title>
</book>
<book>
	<filename>kontrovskii_vladimir/kontrovskii_vladimir_poslednii_kazak.fb2.zip</filename>
	<title>Контровский Владимир Ильич. Последний казак</title>
</book>
<book>
	<filename>kontrovskii_vladimir/kontrovskii_vladimir_poslednii_oficer.fb2.zip</filename>
	<title>Контровский Владимир Ильич. Последний офицер</title>
</book>
<book>
	<filename>kontrovskii_vladimir/kontrovskii_vladimir_poslednii_orgazm_yelfiiskogo_korolya.fb2.zip</filename>
	<title>Контровский Владимир Ильич. Последний оргазм эльфийского короля</title>
</book>
<book>
	<filename>kontrovskii_vladimir/kontrovskii_vladimir_strazh_zvezdnyh_dorog.fb2.zip</filename>
	<title>Контровский Владимир Ильич. Страж звездных дорог</title>
</book>
<book>
	<filename>kontrovskii_vladimir/kontrovskii_vladimir_utrobnyi_ryk_drakona.fb2.zip</filename>
	<title>Контровский Владимир Ильич. Утробный рык Дракона</title>
</book>
<book>
	<filename>kontrovskii_vladimir/kontrovskii_vladimir_vkradchivyi_shepot_demona.fb2.zip</filename>
	<title>Контровский Владимир Ильич. Вкрадчивый шепот Демона</title>
</book>
<book>
	<filename>konvei_lorna/konvei_lorna_yeto_ne_son.fb2.zip</filename>
	<title>Конвей Лорна. Это не сон</title>
</book>
<book>
	<filename>konvic_dzheffri/konvic_dzheffri_strazh2.fb2.zip</filename>
	<title>Конвиц Джеффри. Страж-2</title>
</book>
<book>
	<filename>konvic_dzheffri/konvic_dzheffri_strazh.fb2.zip</filename>
	<title>Конвиц Джеффри. Страж</title>
</book>
<book>
	<filename>konvickii_tadeush/konvickii_tadeush_chtivo.fb2.zip</filename>
	<title>Конвицкий Тадеуш. Чтиво</title>
</book>
<book>
	<filename>konvickii_tadeush/konvickii_tadeush_hronika_lyubovnyh_proisshestvii.fb2.zip</filename>
	<title>Конвицкий Тадеуш. Хроника любовных происшествий</title>
</book>
<book>
	<filename>konvickii_tadeush/konvickii_tadeush_zverochelovekomorok.fb2.zip</filename>
	<title>Конвицкий Тадеуш. Зверочеловекоморок</title>
</book>
<book>
	<filename>konyaev_nikolai/konyaev_nikolai_vlasov_dva_lica_generala.fb2.zip</filename>
	<title>Коняев Николай. Власов. Два лица генерала</title>
</book>
<book>
	<filename>konyushevskii_vladislav/konyushevskii_vladislav_popytka_vozvrata.fb2.zip</filename>
	<title>Конюшевский Владислав. Попытка возврата</title>
</book>
<book>
	<filename>konyushevskii_vladislav/konyushevskii_vladislav_vse_zavisit_ot_nas.fb2.zip</filename>
	<title>Конюшевский Владислав. Все зависит от нас</title>
</book>
<book>
	<filename>konzalik_hainc/konzalik_hainc_chelovekzemletryasenie.fb2.zip</filename>
	<title>Конзалик Хайнц. Человек-землетрясение</title>
</book>
<book>
	<filename>konzalik_hainc/konzalik_hainc_operaciya_delfin.fb2.zip</filename>
	<title>Конзалик Хайнц. Операция «Дельфин»</title>
</book>
<book>
	<filename>konzalik_hainc/konzalik_hainc_smert_i_lyubov_v_gonkonge.fb2.zip</filename>
	<title>Конзалик Хайнц. Смерть и любовь в Гонконге</title>
</book>
<book>
	<filename>kopeiko_vera/kopeiko_vera_okolcovannaya_ptica.fb2.zip</filename>
	<title>Копейко Вера. Окольцованная птица</title>
</book>
<book>
	<filename>kopeiko_vera/kopeiko_vera_test_na_lyubov.fb2.zip</filename>
	<title>Копейко Вера. Тест на любовь</title>
</book>
<book>
	<filename>kopelev_d/kopelev_d_zolotaya_yepoha_morskogo_razboya.fb2.zip</filename>
	<title>Копелев Д. Н. Золотая эпоха морского разбоя</title>
</book>
<book>
	<filename>kopelev_lev/kopelev_lev_breht.fb2.zip</filename>
	<title>Копелев Лев Зиновьевич. Брехт</title>
</book>
<book>
	<filename>kopelev_lev/kopelev_lev_hranit_vechno.fb2.zip</filename>
	<title>Копелев Лев Зиновьевич. Хранить вечно</title>
</book>
<book>
	<filename>koplyend_pyetti/koplyend_pyetti_doroga_v_yedem.fb2.zip</filename>
	<title>Коплэнд Пэтти. Дорога в Эдем</title>
</book>
<book>
	<filename>kopper_byezil/kopper_byezil_doktor_portos.fb2.zip</filename>
	<title>Коппер Бэзил. Доктор Портос</title>
</book>
<book>
	<filename>kopylova_polina/kopylova_polina_bessmertnyi_diptih.fb2.zip</filename>
	<title>Копылова Полина. Бессмертный диптих</title>
</book>
<book>
	<filename>kopylova_polina/kopylova_polina_letopisi_svyatyh_zemel.fb2.zip</filename>
	<title>Копылова Полина. Летописи Святых земель</title>
</book>
<book>
	<filename>kopylova_polina/kopylova_polina_podvig_razvedchika.fb2.zip</filename>
	<title>Копылова Полина. Подвиг разведчика</title>
</book>
<book>
	<filename>kopylova_polina/kopylova_polina_roma_iv.fb2.zip</filename>
	<title>Копылова Полина. Roma IV</title>
</book>
<book>
	<filename>kopylova_polina/kopylova_polina_svyataya_chuzhaya_suzhenaya_plennica_tampliera.fb2.zip</filename>
	<title>Копылова Полина. Святая, чужая, суженая [Пленница тамплиера]</title>
</book>
<book>
	<filename>kopylova_polina/kopylova_polina_virago.fb2.zip</filename>
	<title>Копылова Полина. Virago</title>
</book>
<book>
	<filename>korablev_evgenii/korablev_evgenii_chetvero_i_krak.fb2.zip</filename>
	<title>Кораблев Евгений. Четверо и Крак</title>
</book>
<book>
	<filename>korablev_evgenii/korablev_evgenii_sozercatel_skal.fb2.zip</filename>
	<title>Кораблев Евгений. Созерцатель скал</title>
</book>
<book>
	<filename>korablev_evgenii/korablev_evgenii_u_pyati_ruchev.fb2.zip</filename>
	<title>Кораблев Евгений. У Пяти ручьев</title>
</book>
<book>
	<filename>korablinov_vladimir/korablinov_vladimir_alye_vsadniki.fb2.zip</filename>
	<title>Кораблинов Владимир Александрович. Алые всадники</title>
</book>
<book>
	<filename>korablinov_vladimir/korablinov_vladimir_azorskie_ostrova.fb2.zip</filename>
	<title>Кораблинов Владимир Александрович. Азорские острова</title>
</book>
<book>
	<filename>korablinov_vladimir/korablinov_vladimir_chertovickie_rasskazy.fb2.zip</filename>
	<title>Кораблинов Владимир Александрович. Чертовицкие рассказы</title>
</book>
<book>
	<filename>korablinov_vladimir/korablinov_vladimir_dom_veselogo_charodeya.fb2.zip</filename>
	<title>Кораблинов Владимир Александрович. Дом веселого чародея</title>
</book>
<book>
	<filename>korablinov_vladimir/korablinov_vladimir_gerasim_krivusha.fb2.zip</filename>
	<title>Кораблинов Владимир Александрович. Герасим Кривуша</title>
</book>
<book>
	<filename>korablinov_vladimir/korablinov_vladimir_holodnye_zori.fb2.zip</filename>
	<title>Кораблинов Владимир Александрович. Холодные зори</title>
</book>
<book>
	<filename>korablinov_vladimir/korablinov_vladimir_kolco_hudozhnika_valiadi.fb2.zip</filename>
	<title>Кораблинов Владимир Александрович. Кольцо художника Валиади</title>
</book>
<book>
	<filename>korablinov_vladimir/korablinov_vladimir_mariupolskaya_komediya.fb2.zip</filename>
	<title>Кораблинов Владимир Александрович. Мариупольская комедия</title>
</book>
<book>
	<filename>korablinov_vladimir/korablinov_vladimir_poezdka_v_derevnyu.fb2.zip</filename>
	<title>Кораблинов Владимир Александрович. Поездка в деревню</title>
</book>
<book>
	<filename>korablinov_vladimir/korablinov_vladimir_prozrenie_apollona.fb2.zip</filename>
	<title>Кораблинов Владимир Александрович. Прозрение Аполлона</title>
</book>
<book>
	<filename>korablinov_vladimir/korablinov_vladimir_stolbishenskii_genii.fb2.zip</filename>
	<title>Кораблинов Владимир Александрович. Столбищенский гений</title>
</book>
<book>
	<filename>korablinov_vladimir/korablinov_vladimir_voronezhskie_korabli.fb2.zip</filename>
	<title>Кораблинов Владимир Александрович. Воронежские корабли</title>
</book>
<book>
	<filename>korablinov_vladimir/korablinov_vladimir_zhizn_kolcova.fb2.zip</filename>
	<title>Кораблинов Владимир Александрович. Жизнь Кольцова</title>
</book>
<book>
	<filename>korablinov_vladimir/korablinov_vladimir_zhizn_nikitina.fb2.zip</filename>
	<title>Кораблинов Владимир Александрович. Жизнь Никитина</title>
</book>
<book>
	<filename>korablinov_vladimir/korablinov_vladimir_zimnii_den.fb2.zip</filename>
	<title>Кораблинов Владимир Александрович. Зимний день</title>
</book>
<book>
	<filename>korchagin_vladimir/korchagin_vladimir_taina_reki_zlyh_duhov.fb2.zip</filename>
	<title>Корчагин Владимир. Тайна реки злых духов</title>
</book>
<book>
	<filename>korchak_yanush/korchak_yanush_korol_matiush_na_neobitaemom_ostrove.fb2.zip</filename>
	<title>Корчак Януш. Король Матиуш на необитаемом острове</title>
</book>
<book>
	<filename>korchak_yanush/korchak_yanush_korol_matiush_pervyi.fb2.zip</filename>
	<title>Корчак Януш. Король Матиуш Первый</title>
</book>
<book>
	<filename>korda_maikl/korda_maikl_bessmertnye.fb2.zip</filename>
	<title>Корда Майкл. Бессмертные</title>
</book>
<book>
	<filename>korda_maikl/korda_maikl_idealnaya_para.fb2.zip</filename>
	<title>Корда Майкл. Идеальная пара</title>
</book>
<book>
	<filename>kord_barri/kord_barri_tehasec.fb2.zip</filename>
	<title>Корд Барри. Техасец</title>
</book>
<book>
	<filename>kordell_aleksandr/kordell_aleksandr_mechty_prekrasnyh_dam.fb2.zip</filename>
	<title>Корделл Александр. Мечты прекрасных дам</title>
</book>
<book>
	<filename>kordoner_mari/kordoner_mari_opasnaya_ledi.fb2.zip</filename>
	<title>Кордоньер Мари. Опасная леди</title>
</book>
<book>
	<filename>kordoner_mari/kordoner_mari_serebryanyi_ogon.fb2.zip</filename>
	<title>Кордоньер Мари. Серебряный огонь</title>
</book>
<book>
	<filename>koreckii_danil/koreckii_danil_akciya_prikrytiya.fb2.zip</filename>
	<title>Корецкий Данил. Акция прикрытия</title>
</book>
<book>
	<filename>koreckii_danil/koreckii_danil_antikiller2.fb2.zip</filename>
	<title>Корецкий Данил. Антикиллер-2</title>
</book>
<book>
	<filename>koreckii_danil/koreckii_danil_antikiller.fb2.zip</filename>
	<title>Корецкий Данил. Антикиллер</title>
</book>
<book>
	<filename>koreckii_danil/koreckii_danil_atomnyi_poezd.fb2.zip</filename>
	<title>Корецкий Данил. Атомный поезд</title>
</book>
<book>
	<filename>koreckii_danil/koreckii_danil_kod_vozvrasheniya.fb2.zip</filename>
	<title>Корецкий Данил. Код возвращения</title>
</book>
<book>
	<filename>koreckii_danil/koreckii_danil_logika_vybora.fb2.zip</filename>
	<title>Корецкий Данил. Логика выбора</title>
</book>
<book>
	<filename>koreckii_danil/koreckii_danil_operativnyi_psevdonim.fb2.zip</filename>
	<title>Корецкий Данил. Оперативный псевдоним</title>
</book>
<book>
	<filename>koreckii_danil/koreckii_danil_osnovnaya_operaciya.fb2.zip</filename>
	<title>Корецкий Данил. Основная операция</title>
</book>
<book>
	<filename>koreckii_danil/koreckii_danil_parfyum_v_andorre.fb2.zip</filename>
	<title>Корецкий Данил. Парфюм в Андорре</title>
</book>
<book>
	<filename>koreckii_danil/koreckii_danil_peshka_v_bolshoi_igre.fb2.zip</filename>
	<title>Корецкий Данил. Пешка в большой игре</title>
</book>
<book>
	<filename>koreckii_danil/koreckii_danil_podstavnaya_figura.fb2.zip</filename>
	<title>Корецкий Данил. Подставная фигура</title>
</book>
<book>
	<filename>koreckii_danil/koreckii_danil_princip_karate.fb2.zip</filename>
	<title>Корецкий Данил. Принцип карате</title>
</book>
<book>
	<filename>koreckii_danil/koreckii_danil_privesti_v_ispolnenie.fb2.zip</filename>
	<title>Корецкий Данил. Привести в исполнение</title>
</book>
<book>
	<filename>koreckii_danil/koreckii_danil_raspisnoi.fb2.zip</filename>
	<title>Корецкий Данил. Расписной</title>
</book>
<book>
	<filename>koreckii_danil/koreckii_danil_roknroll_pod_kremlem.fb2.zip</filename>
	<title>Корецкий Данил Аркадьевич. Рок-н-ролл под Кремлем</title>
</book>
<book>
	<filename>koreckii_danil/koreckii_danil_sekretnye_porucheniya.fb2.zip</filename>
	<title>Корецкий Данил. Секретные поручения</title>
</book>
<book>
	<filename>koreckii_danil/koreckii_danil_smyagchayushie_obstoyatelstva.fb2.zip</filename>
	<title>Корецкий Данил. Смягчающие обстоятельства</title>
</book>
<book>
	<filename>koreckii_danil/koreckii_danil_svoi_krug.fb2.zip</filename>
	<title>Корецкий Данил. Свой круг</title>
</book>
<book>
	<filename>koreckii_danil/koreckii_danil_tatuirovannaya_kozha.fb2.zip</filename>
	<title>Корецкий Данил. Татуированная кожа</title>
</book>
<book>
	<filename>koreckii_danil/koreckii_danil_vedetsya_rozysk.fb2.zip</filename>
	<title>Корецкий Данил. Ведется розыск</title>
</book>
<book>
	<filename>koreckii_danil/koreckii_danil_vopreki_zakonu.fb2.zip</filename>
	<title>Корецкий Данил. Вопреки закону</title>
</book>
<book>
	<filename>koreckii_danil/koreckii_danil_zaderzhanie.fb2.zip</filename>
	<title>Корецкий Данил. Задержание</title>
</book>
<book>
	<filename>korelli_mariya/korelli_mariya_vampir_graf_drakula.fb2.zip</filename>
	<title>Корелли Мария. Вампир — граф Дракула</title>
</book>
<book>
	<filename>korelli_mariya/korelli_mariya_varavva.fb2.zip</filename>
	<title>Корелли Мария. Варавва</title>
</book>
<book>
	<filename>korepanov_aleksei/korepanov_aleksei_bez_maski.fb2.zip</filename>
	<title>Корепанов Алексей. Без маски</title>
</book>
<book>
	<filename>korepanov_aleksei/korepanov_aleksei_esli_ne_zvali.fb2.zip</filename>
	<title>Корепанов Алексей. Если не звали</title>
</book>
<book>
	<filename>korepanov_aleksei/korepanov_aleksei_krugi_raya.fb2.zip</filename>
	<title>Корепанов Алексей. Круги рая</title>
</book>
<book>
	<filename>korepanov_aleksei/korepanov_aleksei_naiti_yedem.fb2.zip</filename>
	<title>Корепанов Алексей. Найти Эдем</title>
</book>
<book>
	<filename>korepanov_aleksei/korepanov_aleksei_na_siyayushih_vershinah.fb2.zip</filename>
	<title>Корепанов Алексей. На сияющих вершинах</title>
</book>
<book>
	<filename>korepanov_aleksei/korepanov_aleksei_razdumya_atlanta.fb2.zip</filename>
	<title>Корепанов Алексей. Раздумья Атланта</title>
</book>
<book>
	<filename>korepanov_aleksei/korepanov_aleksei_stanciya_solyaris.fb2.zip</filename>
	<title>Корепанов Алексей. Станция Солярис</title>
</book>
<book>
	<filename>korepanov_aleksei/korepanov_aleksei_teni_marsa.fb2.zip</filename>
	<title>Корепанов Алексей. Тени Марса</title>
</book>
<book>
	<filename>korepanov_aleksei/korepanov_aleksei_usnuvshii_princ.fb2.zip</filename>
	<title>Корепанов Алексей. Уснувший принц</title>
</book>
<book>
	<filename>korepanov_aleksei/korepanov_aleksei_vino_askanty.fb2.zip</filename>
	<title>Корепанов Алексей. Вино Асканты</title>
</book>
<book>
	<filename>korepanov_aleksei/korepanov_aleksei_zakoldovannyi_ostrov.fb2.zip</filename>
	<title>Корепанов Алексей. Заколдованный остров</title>
</book>
<book>
	<filename>koretnyuk_yurko/koretnyuk_yurko_stotridcyatitrohhvilinnii_bog.fb2.zip</filename>
	<title>Коретнюк Юрко. Стотридцятитрьоххвилинний бог</title>
</book>
<book>
	<filename>korinec_yurii/korinec_yurii_privet_ot_vernera.fb2.zip</filename>
	<title>Коринец Юрий Иосифович. Привет от Вернера</title>
</book>
<book>
	<filename>kormilicyn_sergei/kormilicyn_sergei_tainy_run_nasledniki_odina.fb2.zip</filename>
	<title>Кормилицын Сергей. Тайны рун. Наследники Одина</title>
</book>
<book>
	<filename>kornblat_siril/kornblat_siril_chernyi_chemodanchik.fb2.zip</filename>
	<title>Корнблат Сирил М. Черный чемоданчик</title>
</book>
<book>
	<filename>korneev_roman/korneev_roman_vremya_zhizni.fb2.zip</filename>
	<title>Корнеев Роман. Время жизни</title>
</book>
<book>
	<filename>kornev_pavel/kornev_pavel_led.fb2.zip</filename>
	<title>Корнев Павел. Лед</title>
</book>
<book>
	<filename>kornev_pavel/kornev_pavel_nozh_i_topor_chetvert_pervaya_razboinik.fb2.zip</filename>
	<title>Корнев Павел. Нож и топор Четверть первая Разбойник</title>
</book>
<book>
	<filename>kornev_pavel/kornev_pavel_povyazannyi_krovyu.fb2.zip</filename>
	<title>Корнев Павел. Повязанный кровью</title>
</book>
<book>
	<filename>kornev_pavel/kornev_pavel_skolzkii.fb2.zip</filename>
	<title>Корнев Павел. Скользкий</title>
</book>
<book>
	<filename>kornfild_dzhek/kornfild_dzhek_put_s_serdcem.fb2.zip</filename>
	<title>Корнфилд Джек. Путь с сердцем</title>
</book>
<book>
	<filename>kornfild_dzhek/kornfild_dzhek_sovremennye_buddiiskie_mastera.fb2.zip</filename>
	<title>Корнфилд Джек. Современные буддийские мастера</title>
</book>
<book>
	<filename>kornienko_georgii/kornienko_georgii_holodnaya_voina_svidetelstvo_ee_uchastnika.fb2.zip</filename>
	<title>Корниенко Георгий Маркович. Холодная война. Свидетельство ее участника</title>
</book>
<book>
	<filename>kornik_nikola/kornik_nikola_sovershenstvo_tam_gde_lyubov.fb2.zip</filename>
	<title>Корник Никола. Совершенство там, где любовь</title>
</book>
<book>
	<filename>kornik_nikola/kornik_nikola_talisman_dlya_grafa.fb2.zip</filename>
	<title>Корник Никола. Талисман для графа</title>
</book>
<book>
	<filename>kornilova_natalya/kornilova_natalya_chyornaya_fata.fb2.zip</filename>
	<title>Корнилова Наталья Геннадьевна. Чёрная фата</title>
</book>
<book>
	<filename>kornilova_natalya/kornilova_natalya_dusha_v_rassrochku.fb2.zip</filename>
	<title>Корнилова Наталья Геннадьевна. Душа в рассрочку</title>
</book>
<book>
	<filename>kornilova_natalya/kornilova_natalya_instinkt_zverya.fb2.zip</filename>
	<title>Корнилова Наталья Геннадьевна. Инстинкт зверя</title>
</book>
<book>
	<filename>kornilova_natalya/kornilova_natalya_yarost_i_strast.fb2.zip</filename>
	<title>Корнилова Наталья Геннадьевна. Ярость и страсть</title>
</book>
<book>
	<filename>kornilova_natalya/kornilova_natalya_za_mig_do_udara.fb2.zip</filename>
	<title>Корнилова Наталья Геннадьевна. За миг до удара</title>
</book>
<book>
	<filename>kornilova_natalya/kornilova_natalya_zolotaya_lihoradka.fb2.zip</filename>
	<title>Корнилова Наталья Геннадьевна. Золотая лихорадка</title>
</book>
<book>
	<filename>kornilov_anton/kornilov_anton_kost_voiny.fb2.zip</filename>
	<title>Корнилов Антон. Кость Войны</title>
</book>
<book>
	<filename>kornish_n/kornish_n_russkaya_armiya_19141918_gg.fb2.zip</filename>
	<title>Корниш Н. Русская армия 1914-1918 гг.</title>
</book>
<book>
	<filename>kornuyell_bernard/kornuyell_bernard_arlekin.fb2.zip</filename>
	<title>Корнуэлл Бернард. Арлекин</title>
</book>
<book>
	<filename>kornuyell_bernard/kornuyell_bernard_eretik.fb2.zip</filename>
	<title>Корнуэлл Бернард. Еретик</title>
</book>
<book>
	<filename>kornuyell_bernard/kornuyell_bernard_korol_zimy.fb2.zip</filename>
	<title>Корнуэлл Бернард. Король зимы</title>
</book>
<book>
	<filename>kornuyell_bernard/kornuyell_bernard_orel_sharpa.fb2.zip</filename>
	<title>Корнуэлл Бернард. Орел Шарпа</title>
</book>
<book>
	<filename>kornuyell_bernard/kornuyell_bernard_skitalec.fb2.zip</filename>
	<title>Корнуэлл Бернард. Скиталец</title>
</book>
<book>
	<filename>kornuyell_bernard/kornuyell_bernard_strelki_sharpa.fb2.zip</filename>
	<title>Корнуэлл Бернард. Стрелки Шарпа</title>
</book>
<book>
	<filename>kornuyell_bernard/kornuyell_bernard_svincovyi_shtorm.fb2.zip</filename>
	<title>Корнуэлл Бернард. Свинцовый шторм</title>
</book>
<book>
	<filename>kornuyell_patriciya/kornuyell_patriciya_chernaya_metka.fb2.zip</filename>
	<title>Корнуэлл Патриция. Черная метка</title>
</book>
<book>
	<filename>kornuyell_patriciya/kornuyell_patriciya_dzhek_potroshitel.fb2.zip</filename>
	<title>Корнуэлл Патриция. Джек Потрошитель</title>
</book>
<book>
	<filename>kornuyell_patriciya/kornuyell_patriciya_myasnaya_muha.fb2.zip</filename>
	<title>Корнуэлл Патриция. Мясная муха</title>
</book>
<book>
	<filename>kornuyell_patriciya/kornuyell_patriciya_poslednyaya_instanciya.fb2.zip</filename>
	<title>Корнуэлл Патриция. Последняя инстанция</title>
</book>
<book>
	<filename>kornuyell_patriciya/kornuyell_patriciya_sled_oborotnya.fb2.zip</filename>
	<title>Корнуэлл Патриция. След Оборотня</title>
</book>
<book>
	<filename>kornuyell_patriciya/kornuyell_patriciya_tochka_otscheta.fb2.zip</filename>
	<title>Корнуэлл Патриция. Точка отсчета</title>
</book>
<book>
	<filename>kornuyell_patriciya/kornuyell_patriciya_v_obyatiyah_smerti.fb2.zip</filename>
	<title>Корнуэлл Патриция. В объятиях смерти</title>
</book>
<book>
	<filename>kornuyell_patriciya/kornuyell_patriciya_vse_chto_ostaetsya.fb2.zip</filename>
	<title>Корнуэлл Патриция. Все, что остается</title>
</book>
<book>
	<filename>kornuyell_patriciya/kornuyell_patriciya_vskrytie_pokazalo.fb2.zip</filename>
	<title>Корнуэлл Патриция. Вскрытие показало...</title>
</book>
<book>
	<filename>kornuyell_patriciya/kornuyell_patriciya_zhestokoe_i_strannoe.fb2.zip</filename>
	<title>Корнуэлл Патриция. Жестокое и странное</title>
</book>
<book>
	<filename>kornyuhina_ekaterina/kornyuhina_ekaterina_dubll.fb2.zip</filename>
	<title>Корнюхина Екатерина. Дубль-Л</title>
</book>
<book>
	<filename>korolenko_vladimir/korolenko_vladimir_adyutant_ego_prevoshoditelstva.fb2.zip</filename>
	<title>Короленко Владимир. Адъютант его превосходительства</title>
</book>
<book>
	<filename>korolenko_vladimir/korolenko_vladimir_atdavan.fb2.zip</filename>
	<title>Короленко Владимир. Ат-Даван</title>
</book>
<book>
	<filename>korolenko_vladimir/korolenko_vladimir_bratya_mendel.fb2.zip</filename>
	<title>Короленко Владимир. Братья Мендель</title>
</book>
<book>
	<filename>korolenko_vladimir/korolenko_vladimir_deti_podzemelya.fb2.zip</filename>
	<title>Короленко Владимир. Дети подземелья</title>
</book>
<book>
	<filename>korolenko_vladimir/korolenko_vladimir_marusina_zaimka.fb2.zip</filename>
	<title>Короленко Владимир. Марусина заимка</title>
</book>
<book>
	<filename>korolenko_vladimir/korolenko_vladimir_slepoi_muzykant.fb2.zip</filename>
	<title>Короленко Владимир. Слепой музыкант</title>
</book>
<book>
	<filename>korolenko_vladimir/korolenko_vladimir_sudnyi_den.fb2.zip</filename>
	<title>Короленко Владимир. Судный день</title>
</book>
<book>
	<filename>korolenko_vladimir/korolenko_vladimir_v_oblachnyi_den.fb2.zip</filename>
	<title>Короленко Владимир. В облачный день</title>
</book>
<book>
	<filename>koroleva_anna/koroleva_anna_kvadrat_2543.fb2.zip</filename>
	<title>Королева Анна Валентиновна. Квадрат 2543</title>
</book>
<book>
	<filename>koroleva_masha/koroleva_masha_zhigolo_ili_100_muzhchin_dlya_bezuprechnoi_blondinki.fb2.zip</filename>
	<title>Королева Маша. Жиголо, или 100 мужчин для безупречной блондинки</title>
</book>
<book>
	<filename>koroleva_nadezhda/koroleva_nadezhda_drugaya_sobaka.fb2.zip</filename>
	<title>Королева Надежда. Другая собака</title>
</book>
<book>
	<filename>korolev_anatolii/korolev_anatolii_ohota_na_yasnovidca.fb2.zip</filename>
	<title>Королев Анатолий. Охота на ясновидца</title>
</book>
<book>
	<filename>korolkov_yurii/korolkov_yurii_kio_ku_micu_sovershenno_sekretno_pri_opasnosti_szhech.fb2.zip</filename>
	<title>Корольков Юрий Михайлович. Кио ку мицу! Совершенно секретно — при опасности сжечь!</title>
</book>
<book>
	<filename>korolkov_yurii/korolkov_yurii_operaciya_fort.fb2.zip</filename>
	<title>Корольков Юрий Михайлович. Операция «Форт»</title>
</book>
<book>
	<filename>korolkov_yurii/korolkov_yurii_tainy_voiny.fb2.zip</filename>
	<title>Корольков Юрий Михайлович. Тайны войны</title>
</book>
<book>
	<filename>korol_yurii/korol_yurii_naslednik_demonoborca.fb2.zip</filename>
	<title>Король Юрий. Наследник демоноборца</title>
</book>
<book>
	<filename>korosteleva_anna/korosteleva_anna_shkola_v_karmartene.fb2.zip</filename>
	<title>Коростелева Анна. Школа в Кармартене</title>
</book>
<book>
	<filename>korostelev_dmitrii/korostelev_dmitrii_pravo_na_zhizn.fb2.zip</filename>
	<title>Коростелев Дмитрий. Право на жизнь</title>
</book>
<book>
	<filename>korostylev_vadim/korostylev_vadim_koroleva_zubnaya_shchetka.fb2.zip</filename>
	<title>Коростылев Вадим. Королева Зубная Щетка</title>
</book>
<book>
	<filename>korostylev_vadim/korostylev_vadim_koroleva_zubnaya_shetka.fb2.zip</filename>
	<title>Коростылев Вадим. Королева Зубная Щетка</title>
</book>
<book>
	<filename>koroteev_nikolai/koroteev_nikolai_nevidimyi_svet.fb2.zip</filename>
	<title>Коротеев Николай Иванович. Невидимый свет</title>
</book>
<book>
	<filename>korotkevich_vladimir/korotkevich_vladimir_chernyi_zamok_olshanskii.fb2.zip</filename>
	<title>Короткевич Владимир. Черный замок Ольшанский</title>
</book>
<book>
	<filename>korotkevich_vladimir/korotkevich_vladimir_cyganskii_korol.fb2.zip</filename>
	<title>Короткевич Владимир Семенович. Цыганский король</title>
</book>
<book>
	<filename>korotkevich_vladimir/korotkevich_vladimir_dikaya_ohota_korolya_staha.fb2.zip</filename>
	<title>Короткевич Владимир. Дикая охота короля Стаха</title>
</book>
<book>
	<filename>korotkevich_vladimir/korotkevich_vladimir_hristos_prizemlilsya_v_grodno_evangelie_ot_iudy.fb2.zip</filename>
	<title>Короткевич Владимир. Христос приземлился в Гродно. Евангелие от Иуды</title>
</book>
<book>
	<filename>korotkevich_vladimir/korotkevich_vladimir_oruzhie.fb2.zip</filename>
	<title>Короткевич Владимир Семенович. Оружие</title>
</book>
<book>
	<filename>korotkevich_vladimir/korotkevich_vladimir_sedaya_legenda.fb2.zip</filename>
	<title>Короткевич Владимир. Седая легенда</title>
</book>
<book>
	<filename>korotkih_evgenii/korotkih_evgenii_chernyi_teatr_liliputov.fb2.zip</filename>
	<title>Коротких Евгений Васильевич. Черный театр лилипутов</title>
</book>
<book>
	<filename>korovina_elena/korovina_elena_versalskaya_greshnica.fb2.zip</filename>
	<title>Коровина Елена. Версальская грешница</title>
</book>
<book>
	<filename>korovin_sergei/korovin_sergei_sinyaya_kniga_alkogolika.fb2.zip</filename>
	<title>Коровин Сергей. Синяя книга алкоголика</title>
</book>
<book>
	<filename>korshak_yurii/korshak_yurii_staryi_staryi_futbol.fb2.zip</filename>
	<title>Коршак Юрий Федорович. Старый, старый футбол</title>
</book>
<book>
	<filename>korshunov_evgenii/korshunov_evgenii_groza_nad_lagunoi.fb2.zip</filename>
	<title>Коршунов Евгений Анатольевич. Гроза над лагуной</title>
</book>
<book>
	<filename>korshunov_evgenii/korshunov_evgenii_i_pridet_bolshoi_dozhd.fb2.zip</filename>
	<title>Коршунов Евгений. И придет большой дождь…</title>
</book>
<book>
	<filename>korshunov_evgenii/korshunov_evgenii_naemniki.fb2.zip</filename>
	<title>Коршунов Евгений. Наемники</title>
</book>
<book>
	<filename>korshunov_evgenii/korshunov_evgenii_operaciya_hameleon.fb2.zip</filename>
	<title>Коршунов Евгений. Операция «Хамелеон»</title>
</book>
<book>
	<filename>korshunov_evgenii/korshunov_evgenii_pod_belym_krestom_luzitanii.fb2.zip</filename>
	<title>Коршунов Евгений Анатольевич. Под белым крестом Лузитании</title>
</book>
<book>
	<filename>korshunov_evgenii/korshunov_evgenii_rassvet_v_debryah_busha.fb2.zip</filename>
	<title>Коршунов Евгений Анатольевич. Рассвет в дебрях буша</title>
</book>
<book>
	<filename>korshunov_mihail/korshunov_mihail_poslednyaya_ohota.fb2.zip</filename>
	<title>Коршунов Михаил. Последняя охота</title>
</book>


</books>
