<?xml version="1.0" encoding="UTF-8" ?>
<books>
<book>
	<filename>laberzh_stiven/laberzh_stiven_osoznannoe_snovidenie.fb2.zip</filename>
	<title>Лаберж Стивен. Осознанное сновидение</title>
</book>
<book>
	<filename>lacis_vilis/lacis_vilis_k_novomu_beregu.fb2.zip</filename>
	<title>Лацис Вилис Тенисович. К новому берегу</title>
</book>
<book>
	<filename>lacis_vilis/lacis_vilis_poteryannaya_rodina.fb2.zip</filename>
	<title>Лацис Вилис Тенисович. Потерянная родина</title>
</book>
<book>
	<filename>ladinskii_antonin/ladinskii_antonin_anna_yaroslavna_koroleva_francii.fb2.zip</filename>
	<title>Ладинский Антонин. Анна Ярославна — королева Франции</title>
</book>
<book>
	<filename>ladinskii_antonin/ladinskii_antonin_kogda_pal_hersones.fb2.zip</filename>
	<title>Ладинский Антонин. Когда пал Херсонес</title>
</book>
<book>
	<filename>ladinskii_antonin/ladinskii_antonin_poslednii_put_vladimira_monomaha.fb2.zip</filename>
	<title>Ладинский Антонин. Последний путь Владимира Мономаха</title>
</book>
<book>
	<filename>ladinskii_antonin/ladinskii_antonin_v_dni_karakally.fb2.zip</filename>
	<title>Ладинский Антонин. В дни Каракаллы</title>
</book>
<book>
	<filename>ladlyem_robert/ladlyem_robert_bliznecysoperniki.fb2.zip</filename>
	<title>Ладлэм Роберт. Близнецы-соперники</title>
</book>
<book>
	<filename>ladlyem_robert/ladlyem_robert_bumaga_myetloka.fb2.zip</filename>
	<title>Ладлэм Роберт. Бумага Мэтлока</title>
</book>
<book>
	<filename>ladlyem_robert/ladlyem_robert_direktiva_dzhyensona.fb2.zip</filename>
	<title>Ладлэм Роберт. Директива Джэнсона</title>
</book>
<book>
	<filename>ladlyem_robert/ladlyem_robert_dom_lyucifera.fb2.zip</filename>
	<title>Ладлэм Роберт. Дом Люцифера</title>
</book>
<book>
	<filename>ladlyem_robert/ladlyem_robert_doroga_v_gandolfo.fb2.zip</filename>
	<title>Ладлэм Роберт. Дорога в Гандольфо</title>
</book>
<book>
	<filename>ladlyem_robert/ladlyem_robert_doroga_v_omahu.fb2.zip</filename>
	<title>Ладлэм Роберт. Дорога в Омаху</title>
</book>
<book>
	<filename>ladlyem_robert/ladlyem_robert_identifikaciya_borna.fb2.zip</filename>
	<title>Ладлэм Роберт. Идентификация Борна</title>
</book>
<book>
	<filename>ladlyem_robert/ladlyem_robert_illyuzii_skorpionov.fb2.zip</filename>
	<title>Ладлэм Роберт. Иллюзии «Скорпионов»</title>
</book>
<book>
	<filename>ladlyem_robert/ladlyem_robert_kodeks_altmana.fb2.zip</filename>
	<title>Ладлэм Роберт. Кодекс «Альтмана»</title>
</book>
<book>
	<filename>ladlyem_robert/ladlyem_robert_krug_matareze.fb2.zip</filename>
	<title>Ладлэм Роберт. Круг Матарезе</title>
</book>
<book>
	<filename>ladlyem_robert/ladlyem_robert_moskovskii_vektor.fb2.zip</filename>
	<title>Ладлэм Роберт. Московский вектор</title>
</book>
<book>
	<filename>ladlyem_robert/ladlyem_robert_mozaika_parsifalya.fb2.zip</filename>
	<title>Ладлэм Роберт. Мозаика Парсифаля</title>
</book>
<book>
	<filename>ladlyem_robert/ladlyem_robert_na_povestke_dnya_ikar.fb2.zip</filename>
	<title>Ладлэм Роберт. На повестке дня — Икар</title>
</book>
<book>
	<filename>ladlyem_robert/ladlyem_robert_nasledie_skarlatti.fb2.zip</filename>
	<title>Ладлэм Роберт. Наследие Скарлатти</title>
</book>
<book>
	<filename>ladlyem_robert/ladlyem_robert_parizhskii_variant.fb2.zip</filename>
	<title>Ладлэм Роберт. Парижский вариант</title>
</book>
<book>
	<filename>ladlyem_robert/ladlyem_robert_patrulnye_apokalipsisa.fb2.zip</filename>
	<title>Ладлэм Роберт. Патрульные апокалипсиса</title>
</book>
<book>
	<filename>ladlyem_robert/ladlyem_robert_preduprezhdenie_yemblera.fb2.zip</filename>
	<title>Ладлэм Роберт. Предупреждение Эмблера</title>
</book>
<book>
	<filename>ladlyem_robert/ladlyem_robert_prevoshodstvo_borna.fb2.zip</filename>
	<title>Ладлэм Роберт. Превосходство Борна</title>
</book>
<book>
	<filename>ladlyem_robert/ladlyem_robert_protokol_sigma.fb2.zip</filename>
	<title>Ладлэм Роберт. Протокол «Сигма»</title>
</book>
<book>
	<filename>ladlyem_robert/ladlyem_robert_rukopis_chenselora.fb2.zip</filename>
	<title>Ладлэм Роберт. Рукопись Ченселора</title>
</book>
<book>
	<filename>ladlyem_robert/ladlyem_robert_sdelka_rainemana.fb2.zip</filename>
	<title>Ладлэм Роберт. Сделка Райнемана</title>
</book>
<book>
	<filename>ladlyem_robert/ladlyem_robert_trivein.fb2.zip</filename>
	<title>Ладлэм Роберт. Тривейн</title>
</book>
<book>
	<filename>ladlyem_robert/ladlyem_robert_uikyend_ostermana.fb2.zip</filename>
	<title>Ладлэм Роберт. Уик-энд Остермана</title>
</book>
<book>
	<filename>ladlyem_robert/ladlyem_robert_ulovka_prometeya.fb2.zip</filename>
	<title>Ладлэм Роберт. Уловка Прометея</title>
</book>
<book>
	<filename>ladlyem_robert/ladlyem_robert_ultimatum_borna.fb2.zip</filename>
	<title>Ладлэм Роберт. Ультиматум Борна</title>
</book>
<book>
	<filename>ladlyem_robert/ladlyem_robert_ultimatum_borna_per_p_v_rubcov.fb2.zip</filename>
	<title>Ладлэм Роберт. Ультиматум Борна (пер. П. В. Рубцов)</title>
</book>
<book>
	<filename>ladlyem_robert/ladlyem_robert_zagovor_akvitanii.fb2.zip</filename>
	<title>Ладлэм Роберт. Заговор Аквитании</title>
</book>
<book>
	<filename>ladlyem_robert/ladlyem_robert_zagovor_akvitaniya.fb2.zip</filename>
	<title>Ладлэм Роберт. Заговор «Аквитания»</title>
</book>
<book>
	<filename>ladlyem_robert/ladlyem_robert_zagovor_kassandry.fb2.zip</filename>
	<title>Ладлэм Роберт. Заговор Кассандры</title>
</book>
<book>
	<filename>ladlyem_robert/ladlyem_robert_zavet_holkrofta.fb2.zip</filename>
	<title>Ладлэм Роберт. Завет Холкрофта</title>
</book>
<book>
	<filename>ladlyem_robert/ladlyem_robert_zelenaya_ugroza.fb2.zip</filename>
	<title>Ладлэм Роберт. Зеленая угроза</title>
</book>
<book>
	<filename>ladlyem_robert/ladlyem_robert_zov_halidona.fb2.zip</filename>
	<title>Ладлэм Роберт. Зов Халидона</title>
</book>
<book>
	<filename>laduset_yedmon/laduset_yedmon_zheleznaya_maska.fb2.zip</filename>
	<title>Ладусет Эдмон. Железная маска</title>
</book>
<book>
	<filename>ladynina_e/ladynina_e_lechenie_travami.fb2.zip</filename>
	<title>Ладынина Е. А. Лечение травами</title>
</book>
<book>
	<filename>lafoi_lesli/lafoi_lesli_besstrashnaya_ledi.fb2.zip</filename>
	<title>Лафой Лесли. Бесстрашная леди</title>
</book>
<book>
	<filename>lafoi_lesli/lafoi_lesli_kovarnaya_obolstitelnica.fb2.zip</filename>
	<title>Лафой Лесли. Коварная обольстительница</title>
</book>
<book>
	<filename>lafoi_lesli/lafoi_lesli_nevesta_markiza.fb2.zip</filename>
	<title>Лафой Лесли. Невеста маркиза</title>
</book>
<book>
	<filename>lafoi_lesli/lafoi_lesli_nochnaya_ledi.fb2.zip</filename>
	<title>Лафой Лесли. Ночная леди</title>
</book>
<book>
	<filename>lafoi_lesli/lafoi_lesli_pari_s_dyavolom.fb2.zip</filename>
	<title>Лафой Лесли. Пари с дьяволом</title>
</book>
<book>
	<filename>lafoi_lesli/lafoi_lesli_put_k_serdcu.fb2.zip</filename>
	<title>Лафой Лесли. Путь к сердцу</title>
</book>
<book>
	<filename>lafoi_lesli/lafoi_lesli_zhenitsya_po_zaveshaniyu.fb2.zip</filename>
	<title>Лафой Лесли. Жениться по завещанию</title>
</book>
<book>
	<filename>lagerkvist_per/lagerkvist_per_a_lift_spuskalsya_v_preispodnyuyu.fb2.zip</filename>
	<title>Лагерквист Пер. А лифт спускался в преисподнюю</title>
</book>
<book>
	<filename>lagerkvist_per/lagerkvist_per_bloshinyi_rynok.fb2.zip</filename>
	<title>Лагерквист Пер. Блошиный рынок</title>
</book>
<book>
	<filename>lagerkvist_per/lagerkvist_per_brat_ishet_brata.fb2.zip</filename>
	<title>Лагерквист Пер. Брат ищет брата</title>
</book>
<book>
	<filename>lagerkvist_per/lagerkvist_per_karlik.fb2.zip</filename>
	<title>Лагерквист Пер. Карлик</title>
</book>
<book>
	<filename>lagerkvist_per/lagerkvist_per_letopisec.fb2.zip</filename>
	<title>Лагерквист Пер. Летописец</title>
</book>
<book>
	<filename>lagerkvist_per/lagerkvist_per_lyubov_i_smert.fb2.zip</filename>
	<title>Лагерквист Пер. Любовь и смерть</title>
</book>
<book>
	<filename>lagerkvist_per/lagerkvist_per_mariamna.fb2.zip</filename>
	<title>Лагерквист Пер. Мариамна</title>
</book>
<book>
	<filename>lagerkvist_per/lagerkvist_per_moris_fleri.fb2.zip</filename>
	<title>Лагерквист Пер. Морис Флери</title>
</book>
<book>
	<filename>lagerkvist_per/lagerkvist_per_osvobozhdennyi_chelovek.fb2.zip</filename>
	<title>Лагерквист Пер. Освобожденный человек</title>
</book>
<book>
	<filename>lagerkvist_per/lagerkvist_per_otec_i_ya.fb2.zip</filename>
	<title>Лагерквист Пер. Отец и я</title>
</book>
<book>
	<filename>lagerkvist_per/lagerkvist_per_palach.fb2.zip</filename>
	<title>Лагерквист Пер. Палач</title>
</book>
<book>
	<filename>lagerkvist_per/lagerkvist_per_priklyuchenie.fb2.zip</filename>
	<title>Лагерквист Пер. Приключение</title>
</book>
<book>
	<filename>lagerkvist_per/lagerkvist_per_princessa_i_korolevstvo_vpridachu.fb2.zip</filename>
	<title>Лагерквист Пер. Принцесса и королевство впридачу</title>
</book>
<book>
	<filename>lagerkvist_per/lagerkvist_per_rai.fb2.zip</filename>
	<title>Лагерквист Пер. Рай</title>
</book>
<book>
	<filename>lagerkvist_per/lagerkvist_per_sivilla.fb2.zip</filename>
	<title>Лагерквист Пер. Сивилла</title>
</book>
<book>
	<filename>lagerkvist_per/lagerkvist_per_smert_geroya.fb2.zip</filename>
	<title>Лагерквист Пер. Смерть героя</title>
</book>
<book>
	<filename>lagerkvist_per/lagerkvist_per_svadba.fb2.zip</filename>
	<title>Лагерквист Пер. Свадьба</title>
</book>
<book>
	<filename>lagerkvist_per/lagerkvist_per_svyashennye_kosti.fb2.zip</filename>
	<title>Лагерквист Пер. Священные кости</title>
</book>
<book>
	<filename>lagerkvist_per/lagerkvist_per_trebovatelnyi_gost.fb2.zip</filename>
	<title>Лагерквист Пер. Требовательный гость</title>
</book>
<book>
	<filename>lagerkvist_per/lagerkvist_per_varavva.fb2.zip</filename>
	<title>Лагерквист Пер. Варавва</title>
</book>
<book>
	<filename>lagerkvist_per/lagerkvist_per_v_podvale.fb2.zip</filename>
	<title>Лагерквист Пер. В подвале</title>
</book>
<book>
	<filename>lagerkvist_per/lagerkvist_per_yuhan_spasitel.fb2.zip</filename>
	<title>Лагерквист Пер. Юхан Спаситель</title>
</book>
<book>
	<filename>lagerkvist_per/lagerkvist_per_zloi_angel.fb2.zip</filename>
	<title>Лагерквист Пер. Злой ангел</title>
</book>
<book>
	<filename>lagerlef_selma/lagerlef_selma_cherstin_starshaya_i_cherstin_menshaya.fb2.zip</filename>
	<title>Лагерлеф Сельма Оттилия-Ловиса. Черстин Старшая и Черстин Меньшая</title>
</book>
<book>
	<filename>lagerlef_selma/lagerlef_selma_chudesnaya_svecha.fb2.zip</filename>
	<title>Лагерлеф Сельма. Чудесная свеча</title>
</book>
<book>
	<filename>lagerlef_selma/lagerlef_selma_chudesnoe_puteshestvie_nilsa_s_dikimi_gusyami.fb2.zip</filename>
	<title>Лагерлеф Сельма. Чудесное путешествие Нильса с дикими гусями</title>
</book>
<book>
	<filename>lagerlef_selma/lagerlef_selma_legendy_o_hriste.fb2.zip</filename>
	<title>Лагерлеф Сельма. Легенды о Христе</title>
</book>
<book>
	<filename>lagerlef_selma/lagerlef_selma_podmenysh.fb2.zip</filename>
	<title>Лагерлеф Сельма Оттилия-Ловиса. Подменыш</title>
</book>
<book>
	<filename>lagin_lazar/lagin_lazar_ataviya_proksima.fb2.zip</filename>
	<title>Лагин Лазарь Иосифович. Атавия Проксима</title>
</book>
<book>
	<filename>lagin_lazar/lagin_lazar_goluboi_chelovek.fb2.zip</filename>
	<title>Лагин Лазарь Иосифович. Голубой человек</title>
</book>
<book>
	<filename>lagin_lazar/lagin_lazar_maior_vell_yendyu.fb2.zip</filename>
	<title>Лагин Лазарь Иосифович. Майор Велл Эндъю</title>
</book>
<book>
	<filename>lagin_lazar/lagin_lazar_nepristroennye_stroki.fb2.zip</filename>
	<title>Лагин Лазарь Иосифович. Непристроенные строки</title>
</book>
<book>
	<filename>lagin_lazar/lagin_lazar_obidnye_skazki.fb2.zip</filename>
	<title>Лагин Лазарь Иосифович. Обидные сказки</title>
</book>
<book>
	<filename>lagin_lazar/lagin_lazar_patent_av.fb2.zip</filename>
	<title>Лагин Лазарь. Патент АВ</title>
</book>
<book>
	<filename>lagin_lazar/lagin_lazar_sedennyi_arhipelag.fb2.zip</filename>
	<title>Лагин Лазарь Иосифович. Съеденный архипелаг</title>
</book>
<book>
	<filename>lagin_lazar/lagin_lazar_starik_hottabych.fb2.zip</filename>
	<title>Лагин Лазарь. Старик Хоттабыч</title>
</book>
<book>
	<filename>lagin_lazar/lagin_lazar_yeliksir_satany.fb2.zip</filename>
	<title>Лагин Лазарь Иосифович. Эликсир сатаны</title>
</book>
<book>
	<filename>lagutina_elena/lagutina_elena_hranyashie_teplo.fb2.zip</filename>
	<title>Лагутина Елена. Хранящие тепло</title>
</book>
<book>
	<filename>lagzdinsh_viktor/lagzdinsh_viktor_noch_na_hutore_mezhazhi.fb2.zip</filename>
	<title>Лагздиньш Виктор. Ночь на хуторе Межажи</title>
</book>
<book>
	<filename>lahai_tim/lahai_tim_vavilon_vosstavshii.fb2.zip</filename>
	<title>Лахай Тим. Вавилон восставший</title>
</book>
<book>
	<filename>laik_aleksandr/laik_aleksandr_sinii_kak_more.fb2.zip</filename>
	<title>Лайк Александр. Синий, как море</title>
</book>
<book>
	<filename>lail_gyevin/lail_gyevin_iznanka_neba.fb2.zip</filename>
	<title>Лайл Гэвин. Изнанка неба</title>
</book>
<book>
	<filename>lail_gyevin/lail_gyevin_rovno_v_polnoch.fb2.zip</filename>
	<title>Лайл Гэвин. Ровно в полночь</title>
</book>
<book>
	<filename>lail_gyevin/lail_gyevin_scenarii_shvatki.fb2.zip</filename>
	<title>Лайл Гэвин. Сценарий схватки</title>
</book>
<book>
	<filename>lail_gyevin/lail_gyevin_s_mertvyh_ne_sprosish.fb2.zip</filename>
	<title>Лайл Гэвин. С мертвых не спросишь</title>
</book>
<book>
	<filename>lail_gyevin/lail_gyevin_venera_s_pistoletom.fb2.zip</filename>
	<title>Лайл Гэвин. Венера с пистолетом</title>
</book>
<book>
	<filename>lail_gyevin/lail_gyevin_vesma_opasnaya_igra.fb2.zip</filename>
	<title>Лайл Гэвин. Весьма опасная игра</title>
</book>
<book>
	<filename>lail_holli/lail_holli_diplomatiya_volkov.fb2.zip</filename>
	<title>Лайл Холли. Дипломатия Волков</title>
</book>
<book>
	<filename>lail_holli/lail_holli_mest_drakonov.fb2.zip</filename>
	<title>Лайл Холли. Месть Драконов</title>
</book>
<book>
	<filename>lail_holli/lail_holli_otvaga_sokolov.fb2.zip</filename>
	<title>Лайл Холли. Отвага Соколов</title>
</book>
<book>
	<filename>lail_holli/lail_holli_podstrekatel.fb2.zip</filename>
	<title>Лайл Холли. Подстрекатель</title>
</book>
<book>
	<filename>laimford_nora/laimford_nora_dym_bez_ognya.fb2.zip</filename>
	<title>Лаймфорд Нора. Дым без огня</title>
</book>
<book>
	<filename>laimon_richard/laimon_richard_deva.fb2.zip</filename>
	<title>Лаймон Ричард. Дева</title>
</book>
<book>
	<filename>laimon_richard/laimon_richard_doroga_v_noch.fb2.zip</filename>
	<title>Лаймон Ричард. Дорога в ночь</title>
</book>
<book>
	<filename>laimon_richard/laimon_richard_igry_v_voskreshenie.fb2.zip</filename>
	<title>Лаймон Ричард. Игры в воскрешение</title>
</book>
<book>
	<filename>laimon_richard/laimon_richard_noch_bez_konca.fb2.zip</filename>
	<title>Лаймон Ричард. Ночь без конца</title>
</book>
<book>
	<filename>laimon_richard/laimon_richard_ostrov.fb2.zip</filename>
	<title>Лаймон Ричард. Остров</title>
</book>
<book>
	<filename>laimon_richard/laimon_richard_podval.fb2.zip</filename>
	<title>Лаймон Ричард. Подвал</title>
</book>
<book>
	<filename>laimon_richard/laimon_richard_povedai_nam_tma.fb2.zip</filename>
	<title>Лаймон Ричард. Поведай нам, тьма</title>
</book>
<book>
	<filename>laimon_richard/laimon_richard_vanna.fb2.zip</filename>
	<title>Лаймон Ричард. Ванна</title>
</book>
<book>
	<filename>laimon_richard/laimon_richard_vo_tme.fb2.zip</filename>
	<title>Лаймон Ричард. Во тьме</title>
</book>
<book>
	<filename>laimon_richard/laimon_richard_zapruda_dinkera.fb2.zip</filename>
	<title>Лаймон Ричард. Запруда Динкера</title>
</book>
<book>
	<filename>laions_delfina/laions_delfina_prizrak_poteryannogo_ozera.fb2.zip</filename>
	<title>Лайонс Дельфина К. Призрак потерянного озера</title>
</book>
<book>
	<filename>laionz_vaiolett/laionz_vaiolett_bud_moim_muzhem.fb2.zip</filename>
	<title>Лайонз Вайолетт. Будь моим мужем</title>
</book>
<book>
	<filename>laionz_vaiolett/laionz_vaiolett_dar_nebes.fb2.zip</filename>
	<title>Лайонз Вайолетт. Дар небес</title>
</book>
<book>
	<filename>laionz_vaiolett/laionz_vaiolett_kogda_padayut_zvezdy.fb2.zip</filename>
	<title>Лайонз Вайолетт. Когда падают звезды...</title>
</book>
<book>
	<filename>laionz_vaiolett/laionz_vaiolett_lyubvi_zybuchie_peski.fb2.zip</filename>
	<title>Лайонз Вайолетт. Любви зыбучие пески</title>
</book>
<book>
	<filename>laionz_vaiolett/laionz_vaiolett_nezhnost.fb2.zip</filename>
	<title>Лайонз Вайолетт. Нежность</title>
</book>
<book>
	<filename>laionz_vaiolett/laionz_vaiolett_oda_lyubvi.fb2.zip</filename>
	<title>Лайонз Вайолетт. Ода любви</title>
</book>
<book>
	<filename>laionz_vaiolett/laionz_vaiolett_razvlechenie.fb2.zip</filename>
	<title>Лайонз Вайолетт. Развлечение</title>
</book>
<book>
	<filename>laionz_vaiolett/laionz_vaiolett_rodstvennye_dushi.fb2.zip</filename>
	<title>Лайонз Вайолетт. Родственные души</title>
</book>
<book>
	<filename>laionz_vaiolett/laionz_vaiolett_siciliiskie_strasti.fb2.zip</filename>
	<title>Лайонз Вайолетт. Сицилийские страсти</title>
</book>
<book>
	<filename>laionz_vaiolett/laionz_vaiolett_vse_ravno_lyublyu.fb2.zip</filename>
	<title>Лайонз Вайолетт. Все равно люблю</title>
</book>
<book>
	<filename>laionz_vaiolett/laionz_vaiolett_vspomnit_o_budushem.fb2.zip</filename>
	<title>Лайонз Вайолетт. Вспомнить о будущем</title>
</book>
<book>
	<filename>laionz_vaiolett/laionz_vaiolett_zhertva_pari.fb2.zip</filename>
	<title>Лайонз Вайолетт. Жертва пари</title>
</book>
<book>
	<filename>laitman_mihayel/laitman_mihayel_10_lekcii_o_kabbale.fb2.zip</filename>
	<title>Лайтман Михаэль. 10 лекций о Каббале</title>
</book>
<book>
	<filename>laitman_mihayel/laitman_mihayel_bogoizbrannost_v_dvuh_tomah_tom_1.fb2.zip</filename>
	<title>Лайтман Михаэль. Богоизбранность. В двух томах. Том 1</title>
</book>
<book>
	<filename>laitman_mihayel/laitman_mihayel_broshyury_16_i_vypusk_4_rossiiskoe_filosofskoe_obshestvo_ran.fb2.zip</filename>
	<title>Лайтман Михаэль. Брошюры 1-6 и Выпуск №4 Российское Философское общество РАН</title>
</book>
<book>
	<filename>laitman_mihayel/laitman_mihayel_broshyury_16_i_vypusk_no4_rossiiskoe_filosofskoe_obshestvo_ran.fb2.zip</filename>
	<title>Лайтман Михаэль. Брошюры 1-6 и Выпуск №4 Российское Философское общество РАН</title>
</book>
<book>
	<filename>laitman_mihayel/laitman_mihayel_kabbala_besedy_s_nachinayushimi.fb2.zip</filename>
	<title>Лайтман Михаэль. Каббала. Беседы с начинающими</title>
</book>
<book>
	<filename>laitman_mihayel/laitman_mihayel_kabbala_v_kontekste_istorii_i_sovremennosti.fb2.zip</filename>
	<title>Лайтман Михаэль. Каббала в контексте истории и современности</title>
</book>
<book>
	<filename>laitman_mihayel/laitman_mihayel_kniga_10_plody_mudrosti_staroe_izdanie.fb2.zip</filename>
	<title>Лайтман Михаэль. Книга 10. Плоды мудрости (старое издание)</title>
</book>
<book>
	<filename>laitman_mihayel/laitman_mihayel_kniga_11_voprosy_i_otvety_stati_lekcii_besedy_staroe_izdanie.fb2.zip</filename>
	<title>Лайтман Михаэль. Книга 11. Вопросы и ответы, статьи, лекции, беседы (старое издание)</title>
</book>
<book>
	<filename>laitman_mihayel/laitman_mihayel_kniga_12_raskrytie_tvorca_staroe_izdanie.fb2.zip</filename>
	<title>Лайтман Михаэль. Книга 12. Раскрытие Творца (старое издание)</title>
</book>
<book>
	<filename>laitman_mihayel/laitman_mihayel_kniga_14_lestnica_v_nebo_staroe_izdanie.fb2.zip</filename>
	<title>Лайтман Михаэль. Книга 14. Лестница в небо (старое издание)</title>
</book>
<book>
	<filename>laitman_mihayel/laitman_mihayel_kniga_15_nauka_kabbala_staroe_izdanie.fb2.zip</filename>
	<title>Лайтман Михаэль. Книга 15. Наука Каббала (старое издание)</title>
</book>
<book>
	<filename>laitman_mihayel/laitman_mihayel_kniga_16_kabbalisticheskii_forum_staroe_izdanie.fb2.zip</filename>
	<title>Лайтман Михаэль. Книга 16. Каббалистический форум (старое издание)</title>
</book>
<book>
	<filename>laitman_mihayel/laitman_mihayel_kniga_19_pretvorenie_idei_staroe_izdanie.fb2.zip</filename>
	<title>Лайтман Михаэль. Книга 19. Претворение Идеи (старое издание)</title>
</book>
<book>
	<filename>laitman_mihayel/laitman_mihayel_kniga_1_kabbala_osnovnye_polozheniya_staroe_izdanie_1993.fb2.zip</filename>
	<title>Лайтман Михаэль. Книга 1. Каббала. Основные положения (старое издание 1993)</title>
</book>
<book>
	<filename>laitman_mihayel/laitman_mihayel_kniga_21_kabbala_voprosy_i_otvety_forum2001_staroe_izdanie.fb2.zip</filename>
	<title>Лайтман Михаэль. Книга 21. Каббала. Вопросы и ответы. Форум-2001 (старое издание).</title>
</book>
<book>
	<filename>laitman_mihayel/laitman_mihayel_kniga_22_yazyk_duhovnyh_mirov_staroe_izdanie.fb2.zip</filename>
	<title>Лайтман Михаэль. Книга 22. Язык духовных миров (старое издание)</title>
</book>
<book>
	<filename>laitman_mihayel/laitman_mihayel_kniga_2_shema_mirozdaniya_staroe_izdanie.fb2.zip</filename>
	<title>Лайтман Михаэль. Книга 2. Схема мироздания (старое издание)</title>
</book>
<book>
	<filename>laitman_mihayel/laitman_mihayel_kniga_4_postizhenie_vysshih_mirov.fb2.zip</filename>
	<title>Лайтман Михаэль. Книга 4. Постижение высших миров</title>
</book>
<book>
	<filename>laitman_mihayel/laitman_mihayel_kniga_4_postizhenie_vysshih_mirov_otredaktirovannoe_izdanie.fb2.zip</filename>
	<title>Лайтман Михаэль. Книга 4. Постижение высших миров (отредактированное издание)</title>
</book>
<book>
	<filename>laitman_mihayel/laitman_mihayel_kniga_6_predislovie_k_talmud_yesyer_asfirot_staroe_izdanie.fb2.zip</filename>
	<title>Лайтман Михаэль. Книга 6. Предисловие к талмуд Эсэр аСфирот (старое издание)</title>
</book>
<book>
	<filename>laitman_mihayel/laitman_mihayel_kniga_7_stati_rava_baruh_shalom_alevi_ashlaga_staroe_izdanie.fb2.zip</filename>
	<title>Лайтман Михаэль. Книга 7. Статьи рава Барух Шалом Алеви Ашлага (старое издание)</title>
</book>
<book>
	<filename>laitman_mihayel/laitman_mihayel_kniga_zoar.fb2.zip</filename>
	<title>Лайтман Михаэль. Книга ЗОАР</title>
</book>
<book>
	<filename>laitman_mihayel/laitman_mihayel_osvobozhdenie.fb2.zip</filename>
	<title>Лайтман Михаэль. Освобождение</title>
</book>
<book>
	<filename>laitman_mihayel/laitman_mihayel_razvitie_dushi.fb2.zip</filename>
	<title>Лайтман Михаэль. Развитие Души</title>
</book>
<book>
	<filename>laitman_mihayel/laitman_mihayel_sozdanie_mirovoi_dushi.fb2.zip</filename>
	<title>Лайтман Михаэль. Создание мировой души</title>
</book>
<book>
	<filename>laitman_mihayel/laitman_mihayel_sut_nauki_kabbala_tom_1.fb2.zip</filename>
	<title>Лайтман Михаэль. Суть науки Каббала. Том 1.</title>
</book>
<book>
	<filename>laitman_mihayel/laitman_mihayel_sut_nauki_kabbala_tom_2pervonachalnyi_proekt_prodolzheniya.fb2.zip</filename>
	<title>Лайтман Михаэль. Суть науки Каббала. Том 2(первоначальный проект продолжения)</title>
</book>
<book>
	<filename>laitman_mihayel/laitman_mihayel_voprosy_i_otvety_intervyu_i_besedy_uchenogokabbalista_rava_mlaitmana_s_zhurnalistami.fb2.zip</filename>
	<title>Лайтман Михаэль. Вопросы и ответы, интервью и беседы ученого-каббалиста рава М.Лайтмана с журналистами</title>
</book>
<book>
	<filename>laitman_mihayel/laitman_mihayel_zarozhdenie_obshestva_budushego.fb2.zip</filename>
	<title>Лайтман Михаэль. Зарождение общества будущего</title>
</book>
<book>
	<filename>lakein_alan/lakein_alan_iskusstvo_uspevat.fb2.zip</filename>
	<title>Лакейн Алан. Искусство успевать</title>
</book>
<book>
	<filename>lakin_konstantin/lakin_konstantin_rasskazy.fb2.zip</filename>
	<title>Лакин Константин. Рассказы</title>
</book>
<book>
	<filename>laklo_shoderlo/laklo_shoderlo_opasnye_svyazi.fb2.zip</filename>
	<title>Лакло Шодерло де. Опасные связи</title>
</book>
<book>
	<filename>lambert_sidni/lambert_sidni_lozh_i_lyubov.fb2.zip</filename>
	<title>Ламберт Сидни. Ложь и любовь</title>
</book>
<book>
	<filename>lambru_piter/lambru_piter_samogipnoz.fb2.zip</filename>
	<title>Ламбру Питер Т. Самогипноз</title>
</book>
<book>
	<filename>lamli_braian/lamli_braian_besposhadnaya_voina.fb2.zip</filename>
	<title>Ламли Брайан. Беспощадная война</title>
</book>
<book>
	<filename>lamli_braian/lamli_braian_demogorgon.fb2.zip</filename>
	<title>Ламли Брайан. Демогоргон</title>
</book>
<book>
	<filename>lamli_braian/lamli_braian_dom_dverei.fb2.zip</filename>
	<title>Ламли Брайан. Дом дверей</title>
</book>
<book>
	<filename>lamli_braian/lamli_braian_dom_dverei_vtoroi_vizit.fb2.zip</filename>
	<title>Ламли Брайан. Дом Дверей: Второй визит</title>
</book>
<book>
	<filename>lamli_braian/lamli_braian_golos_mertvyh.fb2.zip</filename>
	<title>Ламли Брайан. Голос мертвых</title>
</book>
<book>
	<filename>lamli_braian/lamli_braian_istochnik.fb2.zip</filename>
	<title>Ламли Брайан. Источник</title>
</book>
<book>
	<filename>lamli_braian/lamli_braian_iz_glubiny.fb2.zip</filename>
	<title>Ламли Брайан. Из глубины</title>
</book>
<book>
	<filename>lamli_braian/lamli_braian_nekros.fb2.zip</filename>
	<title>Ламли Брайан. Некрос</title>
</book>
<book>
	<filename>lamli_braian/lamli_braian_nekroskop.fb2.zip</filename>
	<title>Ламли Брайан. Некроскоп</title>
</book>
<book>
	<filename>lamli_braian/lamli_braian_psihomeh.fb2.zip</filename>
	<title>Ламли Брайан. Психомех</title>
</book>
<book>
	<filename>lamli_braian/lamli_braian_puteshestvie_v_mir_snov.fb2.zip</filename>
	<title>Ламли Брайан. Путешествие в Мир Снов</title>
</book>
<book>
	<filename>lamli_braian/lamli_braian_tvar_vnutri_tebya.fb2.zip</filename>
	<title>Ламли Брайан. Тварь внутри тебя</title>
</book>
<book>
	<filename>lamli_braian/lamli_braian_vamfiri.fb2.zip</filename>
	<title>Ламли Брайан. Вамфири</title>
</book>
<book>
	<filename>lamli_braian/lamli_braian_voin_drevnego_mira.fb2.zip</filename>
	<title>Ламли Брайан. Воин древнего мира</title>
</book>
<book>
	<filename>lamli_braian/lamli_braian_vozvrashenie_titusa_krou.fb2.zip</filename>
	<title>Ламли Брайан. Возвращение Титуса Кроу</title>
</book>
<book>
	<filename>lampit_dina/lampit_dina_uskolzayushie_teni.fb2.zip</filename>
	<title>Лампит Дина. Ускользающие тени</title>
</book>
<book>
	<filename>lampitt_dina/lampitt_dina_izgnanie.fb2.zip</filename>
	<title>Лампитт Дина. Изгнание</title>
</book>
<book>
	<filename>lampitt_dina/lampitt_dina_serebryanyi_lebed.fb2.zip</filename>
	<title>Лампитт Дина. Серебряный лебедь</title>
</book>
<book>
	<filename>lampitt_dina/lampitt_dina_uskolzayushie_teni.fb2.zip</filename>
	<title>Лампитт Дина. Ускользающие тени</title>
</book>
<book>
	<filename>lampitt_dina/lampitt_dina_usnut_i_tolko.fb2.zip</filename>
	<title>Лампитт Дина. Уснуть и только</title>
</book>
<book>
	<filename>lamure_rober/lamure_rober_supnica.fb2.zip</filename>
	<title>Ламуре Робер. Супница</title>
</book>
<book>
	<filename>lamur_luis/lamur_luis_bakskin_ran.fb2.zip</filename>
	<title>Ламур Луис. Бакскин Ран</title>
</book>
<book>
	<filename>lamur_luis/lamur_luis_bendigo_shefter.fb2.zip</filename>
	<title>Ламур Луис. Бендиго Шефтер</title>
</book>
<book>
	<filename>lamur_luis/lamur_luis_brionn.fb2.zip</filename>
	<title>Ламур Луис. Брионн</title>
</book>
<book>
	<filename>lamur_luis/lamur_luis_bystryi_i_mertvyi.fb2.zip</filename>
	<title>Ламур Луис. Быстрый и мертвый</title>
</book>
<book>
	<filename>lamur_luis/lamur_luis_chelovek_iz_skibberina.fb2.zip</filename>
	<title>Ламур Луис. Человек из Скибберина</title>
</book>
<book>
	<filename>lamur_luis/lamur_luis_chelovek_po_imeni_rabl_nun.fb2.zip</filename>
	<title>Ламур Луис. Человек по имени Рабл Нун</title>
</book>
<book>
	<filename>lamur_luis/lamur_luis_chelovek_po_prozvishu_kilok.fb2.zip</filename>
	<title>Ламур Луис. Человек по прозвищу Ки-Лок</title>
</book>
<book>
	<filename>lamur_luis/lamur_luis_chelovek_s_razrushennyh_holmov.fb2.zip</filename>
	<title>Ламур Луис. Человек с разрушенных холмов</title>
</book>
<book>
	<filename>lamur_luis/lamur_luis_chelovek_zakona.fb2.zip</filename>
	<title>Ламур Луис. Человек закона</title>
</book>
<book>
	<filename>lamur_luis/lamur_luis_cherez_pustynyu.fb2.zip</filename>
	<title>Ламур Луис. Через пустыню</title>
</book>
<book>
	<filename>lamur_luis/lamur_luis_chertova_gora.fb2.zip</filename>
	<title>Ламур Луис. Чертова гора</title>
</book>
<book>
	<filename>lamur_luis/lamur_luis_chik_boudri_tehasskii_reindzher.fb2.zip</filename>
	<title>Ламур Луис. Чик Боудри — техасский рейнджер</title>
</book>
<book>
	<filename>lamur_luis/lamur_luis_chyensi.fb2.zip</filename>
	<title>Ламур Луис. Чэнси</title>
</book>
<book>
	<filename>lamur_luis/lamur_luis_dolina_solnca.fb2.zip</filename>
	<title>Ламур Луис. Долина Солнца</title>
</book>
<book>
	<filename>lamur_luis/lamur_luis_doroga_na_sever.fb2.zip</filename>
	<title>Ламур Луис. Дорога на север</title>
</book>
<book>
	<filename>lamur_luis/lamur_luis_doroga_na_skvosprings.fb2.zip</filename>
	<title>Ламур Луис. Дорога на Скво-Спрингс</title>
</book>
<book>
	<filename>lamur_luis/lamur_luis_dva_rasskaza.fb2.zip</filename>
	<title>Ламур Луис. Два рассказа</title>
</book>
<book>
	<filename>lamur_luis/lamur_luis_dyavol_s_revolverom.fb2.zip</filename>
	<title>Ламур Луис. Дьявол с револьвером</title>
</book>
<book>
	<filename>lamur_luis/lamur_luis_dzhubal_syekett.fb2.zip</filename>
	<title>Ламур Луис. Джубал Сэкетт</title>
</book>
<book>
	<filename>lamur_luis/lamur_luis_fallon.fb2.zip</filename>
	<title>Ламур Луис. Фаллон</title>
</book>
<book>
	<filename>lamur_luis/lamur_luis_flint.fb2.zip</filename>
	<title>Ламур Луис. Флинт</title>
</book>
<book>
	<filename>lamur_luis/lamur_luis_gallouyei_moi_brat.fb2.zip</filename>
	<title>Ламур Луис. Галлоуэй, мой брат</title>
</book>
<book>
	<filename>lamur_luis/lamur_luis_ganfaiter.fb2.zip</filename>
	<title>Ламур Луис. Ганфайтер</title>
</book>
<book>
	<filename>lamur_luis/lamur_luis_gora_sokrovish.fb2.zip</filename>
	<title>Ламур Луис. Гора сокровищ</title>
</book>
<book>
	<filename>lamur_luis/lamur_luis_goryashie_holmy.fb2.zip</filename>
	<title>Ламур Луис. Горящие холмы</title>
</book>
<book>
	<filename>lamur_luis/lamur_luis_hopalong_prihodit_na_pomosh.fb2.zip</filename>
	<title>Ламур Луис. Хопалонг приходит на помощь</title>
</book>
<book>
	<filename>lamur_luis/lamur_luis_kak_byl_pokoren_zapad.fb2.zip</filename>
	<title>Ламур Луис. Как был покорен Запад</title>
</book>
<book>
	<filename>lamur_luis/lamur_luis_kaliforniicy.fb2.zip</filename>
	<title>Ламур Луис. Калифорнийцы</title>
</book>
<book>
	<filename>lamur_luis/lamur_luis_kallagen.fb2.zip</filename>
	<title>Ламур Луис. Каллаген</title>
</book>
<book>
	<filename>lamur_luis/lamur_luis_k_dalekim_golubym_goram.fb2.zip</filename>
	<title>Ламур Луис. К далеким голубым горам</title>
</book>
<book>
	<filename>lamur_luis/lamur_luis_kilkenni.fb2.zip</filename>
	<title>Ламур Луис. Килкенни</title>
</book>
<book>
	<filename>lamur_luis/lamur_luis_killou.fb2.zip</filename>
	<title>Ламур Луис. Киллоу</title>
</book>
<book>
	<filename>lamur_luis/lamur_luis_kilroun.fb2.zip</filename>
	<title>Ламур Луис. Килроун</title>
</book>
<book>
	<filename>lamur_luis/lamur_luis_kleimo_syekettov.fb2.zip</filename>
	<title>Ламур Луис. Клеймо Сэкеттов</title>
</book>
<book>
	<filename>lamur_luis/lamur_luis_kogda_govorit_oruzhie.fb2.zip</filename>
	<title>Ламур Луис. Когда говорит оружие</title>
</book>
<book>
	<filename>lamur_luis/lamur_luis_konager.fb2.zip</filename>
	<title>Ламур Луис. Конагер</title>
</book>
<book>
	<filename>lamur_luis/lamur_luis_krepkie_parni.fb2.zip</filename>
	<title>Ламур Луис. Крепкие парни</title>
</book>
<book>
	<filename>lamur_luis/lamur_luis_krovavoe_zoloto.fb2.zip</filename>
	<title>Ламур Луис. Кровавое золото</title>
</book>
<book>
	<filename>lamur_luis/lamur_luis_kyetlou.fb2.zip</filename>
	<title>Ламур Луис. Кэтлоу</title>
</book>
<book>
	<filename>lamur_luis/lamur_luis_lando.fb2.zip</filename>
	<title>Ламур Луис. Ландо</title>
</book>
<book>
	<filename>lamur_luis/lamur_luis_lihie_lyudi_zapadnyh_dorog.fb2.zip</filename>
	<title>Ламур Луис. Лихие люди западных дорог</title>
</book>
<book>
	<filename>lamur_luis/lamur_luis_mailo_tyelon.fb2.zip</filename>
	<title>Ламур Луис. Майло Тэлон</title>
</book>
<book>
	<filename>lamur_luis/lamur_luis_matagorda.fb2.zip</filename>
	<title>Ламур Луис. Матагорда</title>
</book>
<book>
	<filename>lamur_luis/lamur_luis_mustang.fb2.zip</filename>
	<title>Ламур Луис. Мустанг</title>
</book>
<book>
	<filename>lamur_luis/lamur_luis_muzhchina_bez_problem.fb2.zip</filename>
	<title>Ламур Луис. Мужчина без проблем</title>
</book>
<book>
	<filename>lamur_luis/lamur_luis_na_beregu_sladkoi_reki.fb2.zip</filename>
	<title>Ламур Луис. На берегу Сладкой реки</title>
</book>
<book>
	<filename>lamur_luis/lamur_luis_nenavist_v_nasledstvo.fb2.zip</filename>
	<title>Ламур Луис. Ненависть в наследство</title>
</book>
<book>
	<filename>lamur_luis/lamur_luis_odinochka.fb2.zip</filename>
	<title>Ламур Луис. Одиночка</title>
</book>
<book>
	<filename>lamur_luis/lamur_luis_odinokie_bogi.fb2.zip</filename>
	<title>Ламур Луис. Одинокие боги</title>
</book>
<book>
	<filename>lamur_luis/lamur_luis_odinokie_muzhchiny.fb2.zip</filename>
	<title>Ламур Луис. Одинокие мужчины</title>
</book>
<book>
	<filename>lamur_luis/lamur_luis_odni_v_gorah.fb2.zip</filename>
	<title>Ламур Луис. Одни в горах</title>
</book>
<book>
	<filename>lamur_luis/lamur_luis_oruzhie_lesov.fb2.zip</filename>
	<title>Ламур Луис. Оружие лесов</title>
</book>
<book>
	<filename>lamur_luis/lamur_luis_perestrelka_na_rancho.fb2.zip</filename>
	<title>Ламур Луис. Перестрелка на ранчо</title>
</book>
<book>
	<filename>lamur_luis/lamur_luis_poezdka_za_nasledstvom.fb2.zip</filename>
	<title>Ламур Луис. Поездка за наследством</title>
</book>
<book>
	<filename>lamur_luis/lamur_luis_pohodnyi_baraban.fb2.zip</filename>
	<title>Ламур Луис. Походный барабан</title>
</book>
<book>
	<filename>lamur_luis/lamur_luis_poslednii_boi_u_istochnikov_papago.fb2.zip</filename>
	<title>Ламур Луис. Последний бой у источников Папаго</title>
</book>
<book>
	<filename>lamur_luis/lamur_luis_poslednyaya_stychka_u_ielloubat.fb2.zip</filename>
	<title>Ламур Луис. Последняя стычка у Йеллоу-Бат</title>
</book>
<book>
	<filename>lamur_luis/lamur_luis_poslednyaya_stychka_u_ijelloubat.fb2.zip</filename>
	<title>Ламур Луис. Последняя стычка у Йеллоу-Бат</title>
</book>
<book>
	<filename>lamur_luis/lamur_luis_prinosyashie_rassvet.fb2.zip</filename>
	<title>Ламур Луис. Приносящие рассвет</title>
</book>
<book>
	<filename>lamur_luis/lamur_luis_proezzhii.fb2.zip</filename>
	<title>Ламур Луис. Проезжий</title>
</book>
<book>
	<filename>lamur_luis/lamur_luis_pustaya_zemlya.fb2.zip</filename>
	<title>Ламур Луис. Пустая земля</title>
</book>
<book>
	<filename>lamur_luis/lamur_luis_put_k_semi_sosnam.fb2.zip</filename>
	<title>Ламур Луис. Путь к Семи Соснам</title>
</book>
<book>
	<filename>lamur_luis/lamur_luis_put_voina.fb2.zip</filename>
	<title>Ламур Луис. Путь воина</title>
</book>
<book>
	<filename>lamur_luis/lamur_luis_radigan.fb2.zip</filename>
	<title>Ламур Луис. Радиган</title>
</book>
<book>
	<filename>lamur_luis/lamur_luis_rashititeli_priiska.fb2.zip</filename>
	<title>Ламур Луис. Расхитители прииска</title>
</book>
<book>
	<filename>lamur_luis/lamur_luis_razvedchik.fb2.zip</filename>
	<title>Ламур Луис. Разведчик</title>
</book>
<book>
	<filename>lamur_luis/lamur_luis_ruchei_poveshennoi_zhenshiny.fb2.zip</filename>
	<title>Ламур Луис. Ручей повешенной женщины</title>
</book>
<book>
	<filename>lamur_luis/lamur_luis_schaste_reili.fb2.zip</filename>
	<title>Ламур Луис. Счастье Рейли</title>
</book>
<book>
	<filename>lamur_luis/lamur_luis_serebryanyi_kanon.fb2.zip</filename>
	<title>Ламур Луис. Серебряный каньон</title>
</book>
<book>
	<filename>lamur_luis/lamur_luis_shalako.fb2.zip</filename>
	<title>Ламур Луис. Шалако</title>
</book>
<book>
	<filename>lamur_luis/lamur_luis_sitka.fb2.zip</filename>
	<title>Ламур Луис. Ситка</title>
</book>
<book>
	<filename>lamur_luis/lamur_luis_skvoz_perekrestnyi_ogon.fb2.zip</filename>
	<title>Ламур Луис. Сквозь перекрестный огонь</title>
</book>
<book>
	<filename>lamur_luis/lamur_luis_sled_kaiova.fb2.zip</filename>
	<title>Ламур Луис. След Кайова</title>
</book>
<book>
	<filename>lamur_luis/lamur_luis_sol_zemli.fb2.zip</filename>
	<title>Ламур Луис. Соль земли</title>
</book>
<book>
	<filename>lamur_luis/lamur_luis_s_poputnym_vetrom.fb2.zip</filename>
	<title>Ламур Луис. С попутным ветром</title>
</book>
<book>
	<filename>lamur_luis/lamur_luis_syekett.fb2.zip</filename>
	<title>Ламур Луис. Сэкетт</title>
</book>
<book>
	<filename>lamur_luis/lamur_luis_syn_prestupnika.fb2.zip</filename>
	<title>Ламур Луис. Сын преступника</title>
</book>
<book>
	<filename>lamur_luis/lamur_luis_taggart.fb2.zip</filename>
	<title>Ламур Луис. Таггарт</title>
</book>
<book>
	<filename>lamur_luis/lamur_luis_taina_slomannogo_revolvera.fb2.zip</filename>
	<title>Ламур Луис. Тайна сломанного револьвера</title>
</book>
<book>
	<filename>lamur_luis/lamur_luis_taker.fb2.zip</filename>
	<title>Ламур Луис. Такер</title>
</book>
<book>
	<filename>lamur_luis/lamur_luis_tam_gde_kolyshetsya_vysokaya_trava.fb2.zip</filename>
	<title>Ламур Луис. Там, где колышется высокая трава</title>
</book>
<book>
	<filename>lamur_luis/lamur_luis_tam_na_suhoi_storone.fb2.zip</filename>
	<title>Ламур Луис. Там, на сухой стороне</title>
</book>
<book>
	<filename>lamur_luis/lamur_luis_techenie_na_zapad.fb2.zip</filename>
	<title>Ламур Луис. Течение на запад</title>
</book>
<book>
	<filename>lamur_luis/lamur_luis_temnyi_kanon.fb2.zip</filename>
	<title>Ламур Луис. Темный каньон</title>
</book>
<book>
	<filename>lamur_luis/lamur_luis_tropa_cheroki.fb2.zip</filename>
	<title>Ламур Луис. Тропа чероки</title>
</book>
<book>
	<filename>lamur_luis/lamur_luis_tropoi_ispytanii.fb2.zip</filename>
	<title>Ламур Луис. Тропой испытаний</title>
</book>
<book>
	<filename>lamur_luis/lamur_luis_verhom_po_temnoi_trope.fb2.zip</filename>
	<title>Ламур Луис. Верхом по Темной Тропе</title>
</book>
<book>
	<filename>lamur_luis/lamur_luis_veroi_i_pravdoi.fb2.zip</filename>
	<title>Ламур Луис. Верой и правдой</title>
</book>
<book>
	<filename>lamur_luis/lamur_luis_vintovka_fergyusona.fb2.zip</filename>
	<title>Ламур Луис. Винтовка Фергюсона</title>
</book>
<book>
	<filename>lamur_luis/lamur_luis_vniz_po_sklonam_holmov.fb2.zip</filename>
	<title>Ламур Луис. Вниз по склонам холмов</title>
</book>
<book>
	<filename>lamur_luis/lamur_luis_voina_v_kedrovoi_doline.fb2.zip</filename>
	<title>Ламур Луис. Война в Кедровой долине</title>
</book>
<book>
	<filename>lamur_luis/lamur_luis_vsadniki_teni.fb2.zip</filename>
	<title>Ламур Луис. Всадники тени</title>
</book>
<book>
	<filename>lamur_luis/lamur_luis_vsadniki_vysokih_skal.fb2.zip</filename>
	<title>Ламур Луис. Всадники высоких скал</title>
</book>
<book>
	<filename>lamur_luis/lamur_luis_vsadnik_zateryannogo_ruchya.fb2.zip</filename>
	<title>Ламур Луис. Всадник затерянного ручья</title>
</book>
<book>
	<filename>lamur_luis/lamur_luis_vysokii_neznakomec.fb2.zip</filename>
	<title>Ламур Луис. Высокий незнакомец</title>
</book>
<book>
	<filename>lamur_luis/lamur_luis_vystrelit_pervym.fb2.zip</filename>
	<title>Ламур Луис. Выстрелить первым...</title>
</book>
<book>
	<filename>lamur_luis/lamur_luis_yuta_blain.fb2.zip</filename>
	<title>Ламур Луис. Юта Блайн</title>
</book>
<book>
	<filename>lamur_luis/lamur_luis_zemlya_syekettov.fb2.zip</filename>
	<title>Ламур Луис. Земля Сэкеттов</title>
</book>
<book>
	<filename>lamur_luis/lamur_luis_zheleznyi_marshal.fb2.zip</filename>
	<title>Ламур Луис. Железный маршал</title>
</book>
<book>
	<filename>lamur_luis/lamur_luis_zhila_komstoka.fb2.zip</filename>
	<title>Ламур Луис. Жила Комстока</title>
</book>
<book>
	<filename>lamur_luis/lamur_luis_zolotaya_lovushka.fb2.zip</filename>
	<title>Ламур Луис. Золотая ловушка</title>
</book>
<book>
	<filename>lamur_luis/lamur_luis_zov_zapadnyh_rek.fb2.zip</filename>
	<title>Ламур Луис. Зов западных рек</title>
</book>

</books>

