<?xml version="1.0" encoding="UTF-8" ?>
<books>
<book>
	<filename>lukmanov_fagim/lukmanov_fagim_plenniki_podzemnogo_tainika.fb2.zip</filename>
	<title>Лукманов Фагим Шарипович. Пленники подземного тайника</title>
</book>
<book>
	<filename>luknickii_pavel/luknickii_pavel_leningrad_deistvuet_kniga_1.fb2.zip</filename>
	<title>Лукницкий Павел Николаевич. Ленинград действует. Книга 1</title>
</book>
<book>
	<filename>luknickii_pavel/luknickii_pavel_leningrad_deistvuet_kniga_2.fb2.zip</filename>
	<title>Лукницкий Павел Николаевич. Ленинград действует. Книга 2</title>
</book>
<book>
	<filename>luknickii_sergei/luknickii_sergei_yeto_moya_sobaka.fb2.zip</filename>
	<title>Лукницкий Сергей. Это моя собака</title>
</book>
<book>
	<filename>lukodyanov_isai/lukodyanov_isai_alatyrkamen.fb2.zip</filename>
	<title>Лукодьянов Исай. Алатырь-камень</title>
</book>
<book>
	<filename>lukodyanov_isai/lukodyanov_isai_chernyi_stolb.fb2.zip</filename>
	<title>Лукодьянов Исай. Черный столб</title>
</book>
<book>
	<filename>lukodyanov_isai/lukodyanov_isai_formula_nevozmozhnogo.fb2.zip</filename>
	<title>Лукодьянов Исай. Формула невозможного</title>
</book>
<book>
	<filename>lukodyanov_isai/lukodyanov_isai_na_perekrestkah_vremeni.fb2.zip</filename>
	<title>Лукодьянов Исай. На перекрестках времени</title>
</book>
<book>
	<filename>lukodyanov_isai/lukodyanov_isai_nezakonnaya_planeta.fb2.zip</filename>
	<title>Лукодьянов Исай. Незаконная планета</title>
</book>
<book>
	<filename>lukodyanov_isai/lukodyanov_isai_ochen_dalekii_tartess.fb2.zip</filename>
	<title>Лукодьянов Исай. Очень далекий Тартесс</title>
</book>
<book>
	<filename>lukodyanov_isai/lukodyanov_isai_plesk_zvezdnyh_morei.fb2.zip</filename>
	<title>Лукодьянов Исай. Плеск звездных морей</title>
</book>
<book>
	<filename>lukodyanov_isai/lukodyanov_isai_povest_ob_okeane_i_korolevskom_kuhare.fb2.zip</filename>
	<title>Лукодьянов Исай. Повесть об океане и королевском кухаре</title>
</book>
<book>
	<filename>lukodyanov_isai/lukodyanov_isai_troe_v_gorah.fb2.zip</filename>
	<title>Лукодьянов Исай. Трое в горах</title>
</book>
<book>
	<filename>lukodyanov_isai/lukodyanov_isai_yekipazh_mekonga.fb2.zip</filename>
	<title>Лукодьянов Исай. Экипаж «Меконга»</title>
</book>
<book>
	<filename>lukyanenko_sergei/lukyanenko_sergei_apostoly_instrumenta.fb2.zip</filename>
	<title>Лукьяненко Сергей. Апостолы инструмента</title>
</book>
<book>
	<filename>lukyanenko_sergei/lukyanenko_sergei_atomnyi_son.fb2.zip</filename>
	<title>Лукьяненко Сергей. Атомный сон</title>
</book>
<book>
	<filename>lukyanenko_sergei/lukyanenko_sergei_bez_paniki.fb2.zip</filename>
	<title>Лукьяненко Сергей. Без паники!</title>
</book>
<book>
	<filename>lukyanenko_sergei/lukyanenko_sergei_blizitsya_utro.fb2.zip</filename>
	<title>Лукьяненко Сергей. Близится утро</title>
</book>
<book>
	<filename>lukyanenko_sergei/lukyanenko_sergei_car_carevich_korol_korolevich.fb2.zip</filename>
	<title>Лукьяненко Сергей. Царь, царевич, король, королевич...</title>
</book>
<book>
	<filename>lukyanenko_sergei/lukyanenko_sergei_chernovik.fb2.zip</filename>
	<title>Лукьяненко Сергей. Черновик</title>
</book>
<book>
	<filename>lukyanenko_sergei/lukyanenko_sergei_devochka_s_kitaiskimi_zazhigalkami.fb2.zip</filename>
	<title>Лукьяненко Сергей. Девочка с китайскими зажигалками</title>
</book>
<book>
	<filename>lukyanenko_sergei/lukyanenko_sergei_dnevnoi_dozor.fb2.zip</filename>
	<title>Лукьяненко Сергей. Дневной дозор</title>
</book>
<book>
	<filename>lukyanenko_sergei/lukyanenko_sergei_doktor_lem_i_nanotehi.fb2.zip</filename>
	<title>Лукьяненко Сергей. Доктор Лем и нанотехи</title>
</book>
<book>
	<filename>lukyanenko_sergei/lukyanenko_sergei_donyrnut_do_zvezd.fb2.zip</filename>
	<title>Лукьяненко Сергей. Донырнуть до звезд</title>
</book>
<book>
	<filename>lukyanenko_sergei/lukyanenko_sergei_esli_by_ya_pisal_krasnuyu_shapochku.fb2.zip</filename>
	<title>Лукьяненко Сергей. Если бы я писал «Красную Шапочку»</title>
</book>
<book>
	<filename>lukyanenko_sergei/lukyanenko_sergei_esli_vy_svyazhetes_pryamo_seichas.fb2.zip</filename>
	<title>Лукьяненко Сергей. Если вы свяжетесь прямо сейчас...</title>
</book>
<book>
	<filename>lukyanenko_sergei/lukyanenko_sergei_falshivye_zerkala.fb2.zip</filename>
	<title>Лукьяненко Сергей Васильевич. Фальшивые зеркала</title>
</book>
<book>
	<filename>lukyanenko_sergei/lukyanenko_sergei_fugu_v_mundire.fb2.zip</filename>
	<title>Лукьяненко Сергей. Фугу в мундире</title>
</book>
<book>
	<filename>lukyanenko_sergei/lukyanenko_sergei_gadzhet.fb2.zip</filename>
	<title>Лукьяненко Сергей. Гаджет</title>
</book>
<book>
	<filename>lukyanenko_sergei/lukyanenko_sergei_genom.fb2.zip</filename>
	<title>Лукьяненко Сергей. Геном</title>
</book>
<book>
	<filename>lukyanenko_sergei/lukyanenko_sergei_holodnye_berega.fb2.zip</filename>
	<title>Лукьяненко Сергей. Холодные берега</title>
</book>
<book>
	<filename>lukyanenko_sergei/lukyanenko_sergei_hozhdenie_v_kino.fb2.zip</filename>
	<title>Лукьяненко Сергей. Хождение в Кино</title>
</book>
<book>
	<filename>lukyanenko_sergei/lukyanenko_sergei_hozyain_dorog.fb2.zip</filename>
	<title>Лукьяненко Сергей. Хозяин дорог</title>
</book>
<book>
	<filename>lukyanenko_sergei/lukyanenko_sergei_imperatory_illyuzii.fb2.zip</filename>
	<title>Лукьяненко Сергей. Императоры Иллюзий</title>
</book>
<book>
	<filename>lukyanenko_sergei/lukyanenko_sergei_kaleki.fb2.zip</filename>
	<title>Лукьяненко Сергей. Калеки</title>
</book>
<book>
	<filename>lukyanenko_sergei/lukyanenko_sergei_konec_legendy.fb2.zip</filename>
	<title>Лукьяненко Сергей. Конец легенды</title>
</book>
<book>
	<filename>lukyanenko_sergei/lukyanenko_sergei_kredo.fb2.zip</filename>
	<title>Лукьяненко Сергей. Кредо</title>
</book>
<book>
	<filename>lukyanenko_sergei/lukyanenko_sergei_krovavaya_orgiya_v_marsianskom_adu.fb2.zip</filename>
	<title>Лукьяненко Сергей. Кровавая оргия в марсианском аду</title>
</book>
<book>
	<filename>lukyanenko_sergei/lukyanenko_sergei_kupi_kota.fb2.zip</filename>
	<title>Лукьяненко Сергей. Купи кота</title>
</book>
<book>
	<filename>lukyanenko_sergei/lukyanenko_sergei_labirint_otrazhenii.fb2.zip</filename>
	<title>Лукьяненко Сергей Васильевич. Лабиринт отражений</title>
</book>
<book>
	<filename>lukyanenko_sergei/lukyanenko_sergei_liniya_grez.fb2.zip</filename>
	<title>Лукьяненко Сергей. Линия Грез</title>
</book>
<book>
	<filename>lukyanenko_sergei/lukyanenko_sergei_malchik_i_tma.fb2.zip</filename>
	<title>Лукьяненко Сергей. Мальчик и тьма</title>
</book>
<book>
	<filename>lukyanenko_sergei/lukyanenko_sergei_my_ne_raby.fb2.zip</filename>
	<title>Лукьяненко Сергей. Мы не рабы</title>
</book>
<book>
	<filename>lukyanenko_sergei/lukyanenko_sergei_nanoskazochka.fb2.zip</filename>
	<title>Лукьяненко Сергей. Наносказочка</title>
</book>
<book>
	<filename>lukyanenko_sergei/lukyanenko_sergei_nechego_delit.fb2.zip</filename>
	<title>Лукьяненко Сергей. Нечего делить</title>
</book>
<book>
	<filename>lukyanenko_sergei/lukyanenko_sergei_nedelya_neudach.fb2.zip</filename>
	<title>Лукьяненко Сергей. Неделя неудач</title>
</book>
<book>
	<filename>lukyanenko_sergei/lukyanenko_sergei_neobyazatelnye_yepilog_i_primechaniya.fb2.zip</filename>
	<title>Лукьяненко Сергей. Необязательные эпилог и примечания</title>
</book>
<book>
	<filename>lukyanenko_sergei/lukyanenko_sergei_ne_speshu.fb2.zip</filename>
	<title>Лукьяненко Сергей. Не спешу</title>
</book>
<book>
	<filename>lukyanenko_sergei/lukyanenko_sergei_ne_vremya_dlya_drakonov.fb2.zip</filename>
	<title>Лукьяненко Сергей. Не время для драконов</title>
</book>
<book>
	<filename>lukyanenko_sergei/lukyanenko_sergei_nochnoi_dozor.fb2.zip</filename>
	<title>Лукьяненко Сергей. Ночной дозор</title>
</book>
<book>
	<filename>lukyanenko_sergei/lukyanenko_sergei_novaya_novaya_skazka.fb2.zip</filename>
	<title>Лукьяненко Сергей. Новая, новая сказка...</title>
</book>
<book>
	<filename>lukyanenko_sergei/lukyanenko_sergei_novyi_roman_remarka.fb2.zip</filename>
	<title>Лукьяненко Сергей. Новый роман «Ремарка»</title>
</book>
<book>
	<filename>lukyanenko_sergei/lukyanenko_sergei_osennie_vizity.fb2.zip</filename>
	<title>Лукьяненко Сергей. Осенние визиты</title>
</book>
<book>
	<filename>lukyanenko_sergei/lukyanenko_sergei_ostrov_rus.fb2.zip</filename>
	<title>Лукьяненко Сергей. Остров Русь</title>
</book>
<book>
	<filename>lukyanenko_sergei/lukyanenko_sergei_ot_golubya_k_gerkulesu.fb2.zip</filename>
	<title>Лукьяненко Сергей. От Голубя – к Геркулесу</title>
</book>
<book>
	<filename>lukyanenko_sergei/lukyanenko_sergei_periodicheskaya_trizna.fb2.zip</filename>
	<title>Лукьяненко Сергей. Периодическая тризна</title>
</book>
<book>
	<filename>lukyanenko_sergei/lukyanenko_sergei_planeta_kotoroi_net.fb2.zip</filename>
	<title>Лукьяненко Сергей. Планета, которой нет</title>
</book>
<book>
	<filename>lukyanenko_sergei/lukyanenko_sergei_pletelshica_snov.fb2.zip</filename>
	<title>Лукьяненко Сергей. Плетельщица Снов</title>
</book>
<book>
	<filename>lukyanenko_sergei/lukyanenko_sergei_poezd_v_teplyi_krai.fb2.zip</filename>
	<title>Лукьяненко Сергей. Поезд в теплый край</title>
</book>
<book>
	<filename>lukyanenko_sergei/lukyanenko_sergei_poslednii_dozor.fb2.zip</filename>
	<title>Лукьяненко Сергей. Последний дозор</title>
</book>
<book>
	<filename>lukyanenko_sergei/lukyanenko_sergei_poslednyaya_noch_kolduna.fb2.zip</filename>
	<title>Лукьяненко Сергей. Последняя ночь колдуна</title>
</book>
<book>
	<filename>lukyanenko_sergei/lukyanenko_sergei_princessa_stoit_smerti.fb2.zip</filename>
	<title>Лукьяненко Сергей. Принцесса стоит смерти</title>
</book>
<book>
	<filename>lukyanenko_sergei/lukyanenko_sergei_pristan_zheltyh_korablei.fb2.zip</filename>
	<title>Лукьяненко Сергей. Пристань желтых кораблей</title>
</book>
<book>
	<filename>lukyanenko_sergei/lukyanenko_sergei_provernut_nazad.fb2.zip</filename>
	<title>Лукьяненко Сергей. Провернуть назад!</title>
</book>
<book>
	<filename>lukyanenko_sergei/lukyanenko_sergei_provodnik_otsyuda.fb2.zip</filename>
	<title>Лукьяненко Сергей Васильевич. Проводник отсюда</title>
</book>
<book>
	<filename>lukyanenko_sergei/lukyanenko_sergei_prozrachnye_vitrazhi.fb2.zip</filename>
	<title>Лукьяненко Сергей Васильевич. Прозрачные витражи</title>
</book>
<book>
	<filename>lukyanenko_sergei/lukyanenko_sergei_rycari_soroka_ostrovov.fb2.zip</filename>
	<title>Лукьяненко Сергей Васильевич. Рыцари сорока островов</title>
</book>
<book>
	<filename>lukyanenko_sergei/lukyanenko_sergei_sami_my_ne_mestnye.fb2.zip</filename>
	<title>Лукьяненко Сергей. Сами мы не местные</title>
</book>
<book>
	<filename>lukyanenko_sergei/lukyanenko_sergei_spektr.fb2.zip</filename>
	<title>Лукьяненко Сергей Васильевич. Спектр</title>
</book>
<book>
	<filename>lukyanenko_sergei/lukyanenko_sergei_steklyannoe_more.fb2.zip</filename>
	<title>Лукьяненко Сергей. Стеклянное море</title>
</book>
<book>
	<filename>lukyanenko_sergei/lukyanenko_sergei_stroika_veka.fb2.zip</filename>
	<title>Лукьяненко Сергей. Стройка века</title>
</book>
<book>
	<filename>lukyanenko_sergei/lukyanenko_sergei_suhimi_iz_vody.fb2.zip</filename>
	<title>Лукьяненко Сергей. Сухими из воды</title>
</book>
<book>
	<filename>lukyanenko_sergei/lukyanenko_sergei_sumerechnyi_dozor.fb2.zip</filename>
	<title>Лукьяненко Сергей. Сумеречный дозор</title>
</book>
<book>
	<filename>lukyanenko_sergei/lukyanenko_sergei_tancy_na_snegu.fb2.zip</filename>
	<title>Лукьяненко Сергей. Танцы на снегу</title>
</book>
<book>
	<filename>lukyanenko_sergei/lukyanenko_sergei_teni_snov.fb2.zip</filename>
	<title>Лукьяненко Сергей. Тени Снов</title>
</book>
<book>
	<filename>lukyanenko_sergei/lukyanenko_sergei_trinadcatyi_gorod.fb2.zip</filename>
	<title>Лукьяненко Сергей. Тринадцатый город</title>
</book>
<book>
	<filename>lukyanenko_sergei/lukyanenko_sergei_vechernyaya_beseda_s_gospodinom_osobym_poslom.fb2.zip</filename>
	<title>Лукьяненко Сергей. Вечерняя беседа с господином особым послом</title>
</book>
<book>
	<filename>lukyanenko_sergei/lukyanenko_sergei_voiny_soroka_ostrovov_chast_pervaya.fb2.zip</filename>
	<title>Лукьяненко Сергей. Войны Сорока Островов (Часть первая)</title>
</book>
<book>
	<filename>lukyanenko_sergei/lukyanenko_sergei_vosmoi_cvet_radugi.fb2.zip</filename>
	<title>Лукьяненко Сергей. Восьмой цвет радуги</title>
</book>
<book>
	<filename>lukyanenko_sergei/lukyanenko_sergei_vostochnaya_ballada_o_doblestnom_mente.fb2.zip</filename>
	<title>Лукьяненко Сергей. Восточная баллада о доблестном менте</title>
</book>
<book>
	<filename>lukyanenko_sergei/lukyanenko_sergei_vyparennye_syuzhety.fb2.zip</filename>
	<title>Лукьяненко Сергей. Выпаренные сюжеты</title>
</book>
<book>
	<filename>lukyanenko_sergei/lukyanenko_sergei_yevolyuciya_nauchnogo_mirovozzreniya_na_primerah_iz_populyarnoi_literatury.fb2.zip</filename>
	<title>Лукьяненко Сергей. Эволюция научного мировоззрения на примерах из популярной литературы</title>
</book>
<book>
	<filename>lukyanenko_sergei/lukyanenko_sergei_zapah_svobody.fb2.zip</filename>
	<title>Лукьяненко Сергей. Запах свободы</title>
</book>
<book>
	<filename>lukyanenko_sergei/lukyanenko_sergei_zvyodnaya_ten.fb2.zip</filename>
	<title>Лукьяненко Сергей. Звёдная тень</title>
</book>
<book>
	<filename>lukyanenko_sergei/lukyanenko_sergei_zvyozdy_holodnye_igrushki.fb2.zip</filename>
	<title>Лукьяненко Сергей. Звёзды – холодные игрушки</title>
</book>
<book>
	<filename>lukyanova_natalya/lukyanova_natalya_via_orden_edinoroga.fb2.zip</filename>
	<title>Лукьянова Наталья. ВИА «Орден Единорога»</title>
</book>
<book>
	<filename>lukyanov_lev/lukyanov_lev_vpered_k_obezyane.fb2.zip</filename>
	<title>Лукьянов Лев. Вперед к обезьяне!</title>
</book>
<book>
	<filename>lundstryom_yevert/lundstryom_yevert_operaciya_otche_nash.fb2.zip</filename>
	<title>Лундстрём Эверт. Операция «Отче наш»</title>
</book>
<book>
	<filename>lunin_artem/lunin_artem_vremya_zhestokih_chudes.fb2.zip</filename>
	<title>Лунин Артем. Время жестоких чудес</title>
</book>
<book>
	<filename>lunina_tatyana/lunina_tatyana_kogda_zabudesh_pozvoni.fb2.zip</filename>
	<title>Лунина Татьяна. Когда забудешь, позвони</title>
</book>
<book>
	<filename>lus_anita/lus_anita_dzhentlmeny_predpochitayut_blondinok.fb2.zip</filename>
	<title>Лус Анита. Джентльмены предпочитают блондинок</title>
</book>
<book>
	<filename>lus_anita/lus_anita_no_zhenyatsya_dzhentlmeny_na_bryunetkah.fb2.zip</filename>
	<title>Лус Анита. Но женятся джентльмены на брюнетках</title>
</book>
<book>
	<filename>lu_sin_/lu_sin__blesk.fb2.zip</filename>
	<title>Лу Синь. Блеск</title>
</book>
<book>
	<filename>lu_sin_/lu_sin__byloe.fb2.zip</filename>
	<title>Лу Синь. Былое</title>
</book>
<book>
	<filename>lu_sin_/lu_sin__derevenskoe_predstavlenie.fb2.zip</filename>
	<title>Лу Синь. Деревенское представление</title>
</book>
<book>
	<filename>lu_sin_/lu_sin__kroliki_i_koshka.fb2.zip</filename>
	<title>Лу Синь. Кролики и кошка</title>
</book>
<book>
	<filename>lu_sin_/lu_sin__kun_iczi.fb2.zip</filename>
	<title>Лу Синь. Кун И-цзи</title>
</book>
<book>
	<filename>lu_sin_/lu_sin__malenkoe_puteshestvie.fb2.zip</filename>
	<title>Лу Синь. Маленькое путешествие</title>
</book>
<book>
	<filename>lu_sin_/lu_sin__podlinnaya_istoriya_akyu.fb2.zip</filename>
	<title>Лу Синь. Подлинная история А-кью</title>
</book>
<book>
	<filename>lu_sin_/lu_sin__prazdnik_leta.fb2.zip</filename>
	<title>Лу Синь. Праздник лета</title>
</book>
<book>
	<filename>lu_sin_/lu_sin__predislovie_avtora_k_russkomu_perevodu_podlinnoi_istorii_akyu.fb2.zip</filename>
	<title>Лу Синь. Предисловие автора к русскому переводу «Подлинной истории А-кью»</title>
</book>
<book>
	<filename>lu_sin_/lu_sin__predislovie_k_sborniku_klich.fb2.zip</filename>
	<title>Лу Синь. Предисловие к сборнику «Клич»</title>
</book>
<book>
	<filename>lu_sin_/lu_sin__rasskaz_o_volosah.fb2.zip</filename>
	<title>Лу Синь. Рассказ о волосах</title>
</book>
<book>
	<filename>lu_sin_/lu_sin__rodina.fb2.zip</filename>
	<title>Лу Синь. Родина</title>
</book>
<book>
	<filename>lu_sin_/lu_sin__snadobe.fb2.zip</filename>
	<title>Лу Синь. Снадобье</title>
</book>
<book>
	<filename>lu_sin_/lu_sin__utinaya_komediya.fb2.zip</filename>
	<title>Лу Синь. Утиная комедия</title>
</book>
<book>
	<filename>lu_sin_/lu_sin__volnenie.fb2.zip</filename>
	<title>Лу Синь. Волнение</title>
</book>
<book>
	<filename>lu_sin_/lu_sin__zapiski_sumasshedshego.fb2.zip</filename>
	<title>Лу Синь. Записки сумасшедшего</title>
</book>
<book>
	<filename>lu_sin_/lu_sin__zavtra.fb2.zip</filename>
	<title>Лу Синь. Завтра</title>
</book>
<book>
	<filename>luskach_rudolf/luskach_rudolf_zaveshanie_taezhnogo_ohotnika.fb2.zip</filename>
	<title>Лускач Рудольф Рудольфович. Завещание таежного охотника</title>
</book>
<book>
	<filename>luts_oskar/luts_oskar_budni.fb2.zip</filename>
	<title>Лутс Оскар. Будни</title>
</book>
<book>
	<filename>luts_oskar/luts_oskar_leto.fb2.zip</filename>
	<title>Лутс Оскар. Лето</title>
</book>
<book>
	<filename>luts_oskar/luts_oskar_osen.fb2.zip</filename>
	<title>Лутс Оскар. Осень</title>
</book>
<book>
	<filename>luts_oskar/luts_oskar_svadba_tootsa.fb2.zip</filename>
	<title>Лутс Оскар. Свадьба Тоотса</title>
</book>
<book>
	<filename>luts_oskar/luts_oskar_vesna.fb2.zip</filename>
	<title>Лутс Оскар. Весна</title>
</book>
<book>
	<filename>lu_yerlend/lu_yerlend_doppler.fb2.zip</filename>
	<title>Лу Эрленд. Допплер</title>
</book>
<book>
	<filename>lu_yerlend/lu_yerlend_kurt_i_ryba.fb2.zip</filename>
	<title>Лу Эрленд. Курт и рыба</title>
</book>
<book>
	<filename>lu_yerlend/lu_yerlend_kurt_parit_mozgi.fb2.zip</filename>
	<title>Лу Эрленд. Курт парит мозги</title>
</book>
<book>
	<filename>lu_yerlend/lu_yerlend_kurt_quo_vadis.fb2.zip</filename>
	<title>Лу Эрленд. Курт, quo vadis?</title>
</book>
<book>
	<filename>lu_yerlend/lu_yerlend_kurt_zvereet.fb2.zip</filename>
	<title>Лу Эрленд. Курт звереет</title>
</book>
<book>
	<filename>lu_yerlend/lu_yerlend_luchshaya_strana_v_mire.fb2.zip</filename>
	<title>Лу Эрленд. Лучшая страна в мире</title>
</book>
<book>
	<filename>lu_yerlend/lu_yerlend_naivno_super.fb2.zip</filename>
	<title>Лу Эрленд. Наивно. Супер</title>
</book>
<book>
	<filename>lu_yerlend/lu_yerlend_vo_vlasti_zhenshiny.fb2.zip</filename>
	<title>Лу Эрленд. Во власти женщины</title>
</book>
<book>
	<filename>lvovich_boris/lvovich_boris_akterskaya_kurilka.fb2.zip</filename>
	<title>Львович Борис. Актерская курилка</title>
</book>
<book>
	<filename>lvovich_boris/lvovich_boris_teatr_akterskoi_baiki.fb2.zip</filename>
	<title>Львович Борис. Театр актерской байки</title>
</book>
<book>
	<filename>lyah_andrei/lyah_andrei_istinnaya_istoriya_dyuny.fb2.zip</filename>
	<title>Лях Андрей. Истинная история Дюны</title>
</book>
<book>
	<filename>lyah_andrei/lyah_andrei_rekviem_po_pilotu.fb2.zip</filename>
	<title>Лях Андрей. Реквием по пилоту</title>
</book>
<book>
	<filename>lyah_andrei/lyah_andrei_v_napravlenii_okna.fb2.zip</filename>
	<title>Лях Андрей. В направлении Окна</title>
</book>
<book>
	<filename>lyalenkov_vladimir/lyalenkov_vladimir_znamenitaya_tankovaya.fb2.zip</filename>
	<title>Ляленков Владимир. Знаменитая танковая</title>
</book>
<book>
	<filename>lyalko_viktor/lyalko_viktor_traktat_o_zhenskoi_samooborone_prakticheskoe_posobie.fb2.zip</filename>
	<title>Лялько Виктор Владимирович. Трактат о женской самообороне. Практическое пособие</title>
</book>
<book>
	<filename>lyashenko_leonid/lyashenko_leonid_aleksandr_ii_ili_istoriya_treh_odinochestv.fb2.zip</filename>
	<title>Ляшенко Леонид Михайлович. Александр II, или История трех одиночеств</title>
</book>
<book>
	<filename>lyash_otto/lyash_otto_tak_pal_kenigsberg.fb2.zip</filename>
	<title>Ляш Отто Фон. Так пал Кенигсберг</title>
</book>
<book>
	<filename>lyefferti_robert/lyefferti_robert_sem_dnei_uzhasa.fb2.zip</filename>
	<title>Лэфферти Роберт А. Семь дней ужаса</title>
</book>
<book>
	<filename>lyeiden_dzhenis/lyeiden_dzhenis_nechayannaya_strast.fb2.zip</filename>
	<title>Лэйден Дженис. Нечаянная страсть</title>
</book>
<book>
	<filename>lyein_dzheremi/lyein_dzheremi_kogti.fb2.zip</filename>
	<title>Лэйн Джереми. Когти</title>
</book>
<book>
	<filename>lyei_patrisiya/lyei_patrisiya_dilemma_miss_blam.fb2.zip</filename>
	<title>Лэй Патрисия. Дилемма мисс Блам</title>
</book>
<book>
	<filename>lyeiton_yedit/lyeiton_yedit_gordoe_serdce.fb2.zip</filename>
	<title>Лэйтон Эдит. Гордое сердце</title>
</book>
<book>
	<filename>lyeiton_yedit/lyeiton_yedit_kak_soblaznit_nevestu.fb2.zip</filename>
	<title>Лэйтон Эдит. Как соблазнить невесту</title>
</book>
<book>
	<filename>lyeiton_yedit/lyeiton_yedit_klad.fb2.zip</filename>
	<title>Лэйтон Эдит. Клад</title>
</book>
<book>
	<filename>lyeiton_yedit/lyeiton_yedit_postoi_lyubimaya.fb2.zip</filename>
	<title>Лэйтон Эдит. Постой, любимая</title>
</book>
<book>
	<filename>lyeiton_yedit/lyeiton_yedit_sdelka_s_dyavolom.fb2.zip</filename>
	<title>Лэйтон Эдит. Сделка с дьяволом</title>
</book>
<book>
	<filename>lyeiton_yedit/lyeiton_yedit_velikosvetskii_perepoloh.fb2.zip</filename>
	<title>Лэйтон Эдит. Великосветский переполох</title>
</book>
<book>
	<filename>lyeiton_yedit/lyeiton_yedit_vozvrashenie_grafa.fb2.zip</filename>
	<title>Лэйтон Эдит. Возвращение графа</title>
</book>
<book>
	<filename>lyeiton_yedit/lyeiton_yedit_vse_reshaet_sluchai.fb2.zip</filename>
	<title>Лэйтон Эдит. Все решает случай</title>
</book>
<book>
	<filename>lyeiton_yedit/lyeiton_yedit_znatnyi_povesa.fb2.zip</filename>
	<title>Лэйтон Эдит. Знатный повеса</title>
</book>
<book>
	<filename>lyeiton_yedit/lyeiton_yedit_zvezdnaya_noch.fb2.zip</filename>
	<title>Лэйтон Эдит. Звездная ночь</title>
</book>
<book>
	<filename>lyeki_mersedes/lyeki_mersedes_mastera_fyentezi_2005_sbornik.fb2.zip</filename>
	<title>Лэки Мерседес. Мастера фэнтези 2005 (сборник)</title>
</book>
<book>
	<filename>lyeki_mersedes/lyeki_mersedes_polet_k_svobode.fb2.zip</filename>
	<title>Лэки Мерседес. Полет к свободе</title>
</book>
<book>
	<filename>lyeki_mersedes/lyeki_mersedes_polet_strely.fb2.zip</filename>
	<title>Лэки Мерседес. Полет стрелы</title>
</book>
<book>
	<filename>lyeki_mersedes/lyeki_mersedes_roza_ognya.fb2.zip</filename>
	<title>Лэки Мерседес. Роза огня</title>
</book>
<book>
	<filename>lyeki_mersedes/lyeki_mersedes_slomannaya_strela.fb2.zip</filename>
	<title>Лэки Мерседес. Сломанная стрела</title>
</book>
<book>
	<filename>lyeki_mersedes/lyeki_mersedes_strely_korolevy.fb2.zip</filename>
	<title>Лэки Мерседес. Стрелы королевы</title>
</book>
<book>
	<filename>lyem_arnetta/lyem_arnetta_gerold_korolya_shotlandii.fb2.zip</filename>
	<title>Лэм Арнетта. Герольд короля Шотландии</title>
</book>
<book>
	<filename>lyem_arnetta/lyem_arnetta_stroptivaya_nevesta.fb2.zip</filename>
	<title>Лэм Арнетта. Строптивая невеста</title>
</book>
<book>
	<filename>lyemb_garold/lyemb_garold_kir_velikii_pervyi_monarh.fb2.zip</filename>
	<title>Лэмб Гарольд. Кир Великий. Первый монарх</title>
</book>
<book>
	<filename>lyemb_garold/lyemb_garold_suleiman_sultan_vostoka.fb2.zip</filename>
	<title>Лэмб Гарольд. Сулейман. Султан Востока</title>
</book>
<book>
	<filename>lyemb_garold/lyemb_garold_tamerlan_pravitel_i_polkovodec.fb2.zip</filename>
	<title>Лэмб Гарольд. Тамерлан. Правитель и полководец</title>
</book>
<book>
	<filename>lyempmen_karolin/lyempmen_karolin_ne_upusti_radugu.fb2.zip</filename>
	<title>Лэмпмен Каролин. Не упусти радугу</title>
</book>
<book>
	<filename>lyempmen_karolin/lyempmen_karolin_ot_schastya_ne_ubezhish.fb2.zip</filename>
	<title>Лэмпмен Каролин. От счастья не убежишь</title>
</book>
<book>
	<filename>lyem_sharlotta/lyem_sharlotta_ego_nagrada.fb2.zip</filename>
	<title>Лэм Шарлотта. Его награда</title>
</book>
<book>
	<filename>lyem_sharlotta/lyem_sharlotta_kreshendo.fb2.zip</filename>
	<title>Лэм Шарлотта. Крещендо</title>
</book>
<book>
	<filename>lyem_sharlotta/lyem_sharlotta_lyubov_feministki.fb2.zip</filename>
	<title>Лэм Шарлотта. Любовь феминистки</title>
</book>
<book>
	<filename>lyem_sharlotta/lyem_sharlotta_lyubovnaya_lihoradka.fb2.zip</filename>
	<title>Лэм Шарлотта. Любовная лихорадка</title>
</book>
<book>
	<filename>lyem_sharlotta/lyem_sharlotta_navazhdenie.fb2.zip</filename>
	<title>Лэм Шарлотта. Наваждение</title>
</book>
<book>
	<filename>lyem_sharlotta/lyem_sharlotta_ogon_v_krovi.fb2.zip</filename>
	<title>Лэм Шарлотта. Огонь в крови</title>
</book>
<book>
	<filename>lyem_sharlotta/lyem_sharlotta_soblaznitel_v_delovom_kostyume.fb2.zip</filename>
	<title>Лэм Шарлотта. Соблазнитель в деловом костюме</title>
</book>
<book>
	<filename>lyem_sharlotta/lyem_sharlotta_strastnyi_lyubovnik.fb2.zip</filename>
	<title>Лэм Шарлотта. Страстный любовник</title>
</book>
<book>
	<filename>lyem_sharlotta/lyem_sharlotta_volshebnyi_svet.fb2.zip</filename>
	<title>Лэм Шарлотта. Волшебный свет</title>
</book>
<book>
	<filename>lyem_sharlotta/lyem_sharlotta_zhizn_za_lyubov.fb2.zip</filename>
	<title>Лэм Шарлотта. Жизнь за любовь</title>
</book>
<book>
	<filename>lyendei_uilyam/lyendei_uilyam_mishnflyets.fb2.zip</filename>
	<title>Лэндей Уильям. Мишн-Флэтс</title>
</book>
<book>
	<filename>lyendis_dzhil/lyendis_dzhil_mechtatelnica.fb2.zip</filename>
	<title>Лэндис Джил Мари. Мечтательница</title>
</book>
<book>
	<filename>lyendis_dzhil/lyendis_dzhil_poka_ne_nastupit_zavtra_lyubovnyi_venok.fb2.zip</filename>
	<title>Лэндис Джил Мари. Пока не наступит завтра (Любовный венок)</title>
</book>
<book>
	<filename>lyendis_dzhil/lyendis_dzhil_polevoi_cvetok.fb2.zip</filename>
	<title>Лэндис Джил Мари. Полевой цветок</title>
</book>
<book>
	<filename>lyendis_dzhil/lyendis_dzhil_poslednii_shans.fb2.zip</filename>
	<title>Лэндис Джил Мари. Последний шанс</title>
</book>
<book>
	<filename>lyendis_dzhil/lyendis_dzhil_predanno_i_verno.fb2.zip</filename>
	<title>Лэндис Джил Мари. Преданно и верно</title>
</book>
<book>
	<filename>lyendis_dzhil/lyendis_dzhil_prekrasnaya_mechta.fb2.zip</filename>
	<title>Лэндис Джил Мари. Прекрасная мечта</title>
</book>
<book>
	<filename>lyendis_dzhil/lyendis_dzhil_pridi_vesna.fb2.zip</filename>
	<title>Лэндис Джил Мари. Приди, весна</title>
</book>
<book>
	<filename>lyendis_dzhil/lyendis_dzhil_tolko_odnazhdy.fb2.zip</filename>
	<title>Лэндис Джил Мари. Только однажды</title>
</book>
<book>
	<filename>lyendon_dzhuliya/lyendon_dzhuliya_bezzhalostnyi_obolstitel.fb2.zip</filename>
	<title>Лэндон Джулия. Безжалостный обольститель</title>
</book>
<book>
	<filename>lyendon_dzhuliya/lyendon_dzhuliya_greshnyi_angel.fb2.zip</filename>
	<title>Лэндон Джулия. Грешный ангел</title>
</book>
<book>
	<filename>lyendon_dzhuliya/lyendon_dzhuliya_kak_vyzhit_na_svadbe.fb2.zip</filename>
	<title>Лэндон Джулия. Как выжить на свадьбе</title>
</book>
<book>
	<filename>lyendon_dzhuliya/lyendon_dzhuliya_lyubov_dyavola.fb2.zip</filename>
	<title>Лэндон Джулия. Любовь дьявола</title>
</book>
<book>
	<filename>lyendon_dzhuliya/lyendon_dzhuliya_opasnyi_dzhentlmen.fb2.zip</filename>
	<title>Лэндон Джулия. Опасный джентльмен</title>
</book>
<book>
	<filename>lyendon_dzhuliya/lyendon_dzhuliya_prekrasnyi_neznakomec.fb2.zip</filename>
	<title>Лэндон Джулия. Прекрасный незнакомец</title>
</book>
<book>
	<filename>lyendon_dzhuliya/lyendon_dzhuliya_vlyubitsya_v_zvezdu.fb2.zip</filename>
	<title>Лэндон Джулия. Влюбиться в звезду</title>
</book>
<book>
	<filename>lyendon_keit/lyendon_keit_yeto_sluchilos_v_polnoch.fb2.zip</filename>
	<title>Лэндон Кейт. Это случилось в полночь</title>
</book>
<book>
	<filename>lyeng_adel/lyeng_adel_priznaniya_bessovestnoi_kareristki.fb2.zip</filename>
	<title>Лэнг Адель. Признания бессовестной карьеристки</title>
</book>
<book>
	<filename>lyengan_rut/lyengan_rut_gercoginyasamozvanka.fb2.zip</filename>
	<title>Лэнган Рут. Герцогиня-самозванка</title>
</book>
<book>
	<filename>lyengan_rut/lyengan_rut_spasennyi_rai.fb2.zip</filename>
	<title>Лэнган Рут. Спасенный рай</title>
</book>
<book>
	<filename>lyengan_rut/lyengan_rut_vladychica_morei.fb2.zip</filename>
	<title>Лэнган Рут. Владычица морей</title>
</book>
<book>
	<filename>lyengan_rut/lyengan_rut_zalozhniki_strasti.fb2.zip</filename>
	<title>Лэнган Рут. Заложники страсти</title>
</book>
<book>
	<filename>lyengton_dzhoanna/lyengton_dzhoanna_akvatoriya_lyubvi.fb2.zip</filename>
	<title>Лэнгтон Джоанна. Акватория любви</title>
</book>
<book>
	<filename>lyengton_dzhoanna/lyengton_dzhoanna_begushaya_ot_lyubvi.fb2.zip</filename>
	<title>Лэнгтон Джоанна. Бегущая от любви</title>
</book>
<book>
	<filename>lyengton_dzhoanna/lyengton_dzhoanna_garmoniya_chuvstv.fb2.zip</filename>
	<title>Лэнгтон Джоанна. Гармония чувств</title>
</book>
<book>
	<filename>lyengton_dzhoanna/lyengton_dzhoanna_italyanskii_temperament.fb2.zip</filename>
	<title>Лэнгтон Джоанна. Итальянский темперамент</title>
</book>
<book>
	<filename>lyengton_dzhoanna/lyengton_dzhoanna_korotkii_brak.fb2.zip</filename>
	<title>Лэнгтон Джоанна. Короткий брак</title>
</book>
<book>
	<filename>lyengton_dzhoanna/lyengton_dzhoanna_ledyanoe_serdce.fb2.zip</filename>
	<title>Лэнгтон Джоанна. Ледяное сердце</title>
</book>
<book>
	<filename>lyengton_dzhoanna/lyengton_dzhoanna_lozh_vo_imya_lyubvi.fb2.zip</filename>
	<title>Лэнгтон Джоанна. Ложь во имя любви</title>
</book>
<book>
	<filename>lyengton_dzhoanna/lyengton_dzhoanna_mezhdu_nebom_i_zemlei.fb2.zip</filename>
	<title>Лэнгтон Джоанна. Между небом и землей</title>
</book>
<book>
	<filename>lyengton_dzhoanna/lyengton_dzhoanna_ne_takaya_kak_vse.fb2.zip</filename>
	<title>Лэнгтон Джоанна. Не такая, как все</title>
</book>
<book>
	<filename>lyengton_dzhoanna/lyengton_dzhoanna_nochnoe_stolknovenie.fb2.zip</filename>
	<title>Лэнгтон Джоанна. Ночное столкновение</title>
</book>
<book>
	<filename>lyengton_dzhoanna/lyengton_dzhoanna_obresti_sebya.fb2.zip</filename>
	<title>Лэнгтон Джоанна. Обрести себя</title>
</book>
<book>
	<filename>lyengton_dzhoanna/lyengton_dzhoanna_otbros_somneniya.fb2.zip</filename>
	<title>Лэнгтон Джоанна. Отбрось сомнения</title>
</book>
<book>
	<filename>lyengton_dzhoanna/lyengton_dzhoanna_schaste_obreteniya.fb2.zip</filename>
	<title>Лэнгтон Джоанна. Счастье обретения</title>
</book>
<book>
	<filename>lyengton_dzhoanna/lyengton_dzhoanna_shelkovye_seti.fb2.zip</filename>
	<title>Лэнгтон Джоанна. Шелковые сети</title>
</book>
<book>
	<filename>lyengton_dzhoanna/lyengton_dzhoanna_trofei_moei_lyubvi.fb2.zip</filename>
	<title>Лэнгтон Джоанна. Трофей моей любви</title>
</book>
<book>
	<filename>lyengton_dzhoanna/lyengton_dzhoanna_udachnyi_vybor.fb2.zip</filename>
	<title>Лэнгтон Джоанна. Удачный выбор</title>
</book>
<book>
	<filename>lyengton_dzhoanna/lyengton_dzhoanna_ukroshennaya_gordost.fb2.zip</filename>
	<title>Лэнгтон Джоанна. Укрощенная гордость</title>
</book>
<book>
	<filename>lyengton_dzhoanna/lyengton_dzhoanna_vozdushnye_zamki.fb2.zip</filename>
	<title>Лэнгтон Джоанна. Воздушные замки</title>
</book>
<book>
	<filename>lyengton_dzhoanna/lyengton_dzhoanna_vozvrashennaya_lyubov.fb2.zip</filename>
	<title>Лэнгтон Джоанна. Возвращенная любовь</title>
</book>
<book>
	<filename>lyengton_dzhoanna/lyengton_dzhoanna_ya_vse_nashel.fb2.zip</filename>
	<title>Лэнгтон Джоанна. Я все нашел...</title>
</book>
<book>
	<filename>lyengton_dzhoanna/lyengton_dzhoanna_zagadochnyi_brak.fb2.zip</filename>
	<title>Лэнгтон Джоанна. Загадочный брак</title>
</book>
<book>
	<filename>lyengton_dzhoanna/lyengton_dzhoanna_zharche_chem_tropiki.fb2.zip</filename>
	<title>Лэнгтон Джоанна. Жарче, чем тропики</title>
</book>
<book>
	<filename>lyengton_dzhordzhiya/lyengton_dzhordzhiya_karela_ryzhii_yastreb.fb2.zip</filename>
	<title>Лэнгтон Джорджия. Карела Рыжий Ястреб</title>
</book>
<book>
	<filename>lyenkford_dzh/lyenkford_dzh_ukradennyi_hristos.fb2.zip</filename>
	<title>Лэнкфорд Дж. Р. Украденный Христос</title>
</book>
<book>
	<filename>lyenning_salli/lyenning_salli_cel_zhizni.fb2.zip</filename>
	<title>Лэннинг Салли. Цель жизни</title>
</book>
<book>
	<filename>lyenning_salli/lyenning_salli_guvernantka.fb2.zip</filename>
	<title>Лэннинг Салли. Гувернантка</title>
</book>
<book>
	<filename>lyenning_salli/lyenning_salli_lyubovnica_ponaroshku.fb2.zip</filename>
	<title>Лэннинг Салли. Любовница понарошку</title>
</book>
<book>
	<filename>lyenning_salli/lyenning_salli_tretii_lishnii.fb2.zip</filename>
	<title>Лэннинг Салли. Третий лишний</title>
</book>
<book>
	<filename>lyensdaun_dzhudit/lyensdaun_dzhudit_prosto_ideal.fb2.zip</filename>
	<title>Лэнсдаун Джудит. Просто идеал</title>
</book>
<book>
	<filename>lyetou_roberta/lyetou_roberta_eyo_edinstvennaya_strast.fb2.zip</filename>
	<title>Лэтоу Роберта. Её единственная страсть</title>
</book>
<book>
	<filename>lyetou_roberta/lyetou_roberta_laskovyi_dozhd.fb2.zip</filename>
	<title>Лэтоу Роберта. Ласковый дождь</title>
</book>
<book>
	<filename>lyetou_roberta/lyetou_roberta_obnimi_menya.fb2.zip</filename>
	<title>Лэтоу Роберта. Обними меня</title>
</book>
<book>
	<filename>lyhvar_aleksandr/lyhvar_aleksandr_obratnaya_storona.fb2.zip</filename>
	<title>Лыхвар Александр. Обратная сторона</title>
</book>
<book>
	<filename>lyhvar_aleksandr/lyhvar_aleksandr_zapadnya.fb2.zip</filename>
	<title>Лыхвар Александр. Западня</title>
</book>
<book>
	<filename>lyonnrot_yelias/lyonnrot_yelias_kalevala.fb2.zip</filename>
	<title>Лённрот Элиас. Калевала</title>
</book>
<book>
	<filename>lysenko_vladimir/lysenko_vladimir_vokrug_sveta_na_avtomobile.fb2.zip</filename>
	<title>Лысенко Владимир. Вокруг света на автомобиле</title>
</book>
<book>
	<filename>lyubeckaya_tatyana/lyubeckaya_tatyana_kontrapunkt.fb2.zip</filename>
	<title>Любецкая Татьяна Львовна. Контрапункт</title>
</book>
<book>
	<filename>lyubimenko_ivan/lyubimenko_ivan_kak_vyzhit_v_pasti_byka_tainy_teleshou_poslednii_geroi.fb2.zip</filename>
	<title>Любименко Иван. Как выжить в Пасти Быка. Тайны телешоу «Последний герой»</title>
</book>
<book>
	<filename>lyubishev_aleksandr/lyubishev_aleksandr_takaya_dobrovolnaya_katorga.fb2.zip</filename>
	<title>Любищев Александр Александрович. «Такая добровольная каторга»</title>
</book>
<book>
	<filename>lyubovcova_m/lyubovcova_m_piramida_hufu.fb2.zip</filename>
	<title>Любовцова М. Пирамида Хуфу</title>
</book>
<book>
	<filename>lyuckanova_vesela/lyuckanova_vesela_kloningi.fb2.zip</filename>
	<title>Люцканова Весела. Клонинги</title>
</book>
<book>
	<filename>lyufanov_evgenii/lyufanov_evgenii_kniga_carstv.fb2.zip</filename>
	<title>Люфанов Евгений Дмитриевич. Книга царств</title>
</book>
<book>
	<filename>lyufanov_evgenii/lyufanov_evgenii_velikoe_sidenie.fb2.zip</filename>
	<title>Люфанов Евгений Дмитриевич. Великое сидение</title>
</book>
<book>
	<filename>lyuis_klaiv/lyuis_klaiv_balamut_predlagaet_tost.fb2.zip</filename>
	<title>Льюис Клайв Стейплз. Баламут предлагает тост</title>
</book>
<book>
	<filename>lyuis_klaiv/lyuis_klaiv_bol.fb2.zip</filename>
	<title>Льюис Клайв Стейплз. Боль</title>
</book>
<book>
	<filename>lyuis_klaiv/lyuis_klaiv_bol_utraty.fb2.zip</filename>
	<title>Льюис Клайв Стейплз. Боль утраты</title>
</book>
<book>
	<filename>lyuis_klaiv/lyuis_klaiv_chelovek_otmenyaetsya.fb2.zip</filename>
	<title>Льюис Клайв Стейплз. Человек отменяется</title>
</book>
<book>
	<filename>lyuis_klaiv/lyuis_klaiv_chto_nam_delat_s_iisusom_hristom.fb2.zip</filename>
	<title>Льюис Клайв Стейплз. Что нам делать с Иисусом Христом?</title>
</book>
<book>
	<filename>lyuis_klaiv/lyuis_klaiv_chudo.fb2.zip</filename>
	<title>Льюис Клайв Стейплз. Чудо</title>
</book>
<book>
	<filename>lyuis_klaiv/lyuis_klaiv_kak_otnositsya_k_sebe.fb2.zip</filename>
	<title>Льюис Клайв Стейплз. Как относиться к себе</title>
</book>
<book>
	<filename>lyuis_klaiv/lyuis_klaiv_kollektiv_i_misticheskoe_telo.fb2.zip</filename>
	<title>Льюис Клайв Стейплз. Коллектив и мистическое тело</title>
</book>
<book>
	<filename>lyuis_klaiv/lyuis_klaiv_kon_i_ego_malchik.fb2.zip</filename>
	<title>Льюис Клайв Стейплз. Конь и его мальчик</title>
</book>
<book>
	<filename>lyuis_klaiv/lyuis_klaiv_kon_i_ego_malchik_s_illyustraciyami.fb2.zip</filename>
	<title>Льюис Клайв Стейплз. Конь и его мальчик (с иллюстрациями)</title>
</book>
<book>
	<filename>lyuis_klaiv/lyuis_klaiv_lev_koldunya_i_platyanoi_shkaf.fb2.zip</filename>
	<title>Льюис Клайв Стейплз. Лев, колдунья и платяной шкаф</title>
</book>
<book>
	<filename>lyuis_klaiv/lyuis_klaiv_lyubov.fb2.zip</filename>
	<title>Льюис Клайв Стейплз. Любовь</title>
</book>
<book>
	<filename>lyuis_klaiv/lyuis_klaiv_merzeishaya_mosh.fb2.zip</filename>
	<title>Льюис Клайв Стейплз. Мерзейшая мощь</title>
</book>
<book>
	<filename>lyuis_klaiv/lyuis_klaiv_nacionalnoe_pokayanie.fb2.zip</filename>
	<title>Льюис Клайв Стейплз. Национальное покаяние</title>
</book>
<book>
	<filename>lyuis_klaiv/lyuis_klaiv_o_tom_kak_neestestvenna_roskosh.fb2.zip</filename>
	<title>Льюис Клайв Стейплз. О том, как неестественна роскошь</title>
</book>
<book>
	<filename>lyuis_klaiv/lyuis_klaiv_perelandra.fb2.zip</filename>
	<title>Льюис Клайв Стейплз. Переландра</title>
</book>
<book>
	<filename>lyuis_klaiv/lyuis_klaiv_pisma_balamuta.fb2.zip</filename>
	<title>Льюис Клайв Стейплз. Письма Баламута</title>
</book>
<book>
	<filename>lyuis_klaiv/lyuis_klaiv_plavanie_utrennego_putnika.fb2.zip</filename>
	<title>Льюис Клайв Стейплз. Плавание «Утреннего Путника»</title>
</book>
<book>
	<filename>lyuis_klaiv/lyuis_klaiv_plemyannik_charodeya.fb2.zip</filename>
	<title>Льюис Клайв Стейплз. Племянник чародея</title>
</book>
<book>
	<filename>lyuis_klaiv/lyuis_klaiv_pohorony_velikogo_mifa.fb2.zip</filename>
	<title>Льюис Клайв Стейплз. Похороны великого мифа</title>
</book>
<book>
	<filename>lyuis_klaiv/lyuis_klaiv_pokoritel_zari_ili_plavanie_na_krai_sveta_s_illyustraciyami.fb2.zip</filename>
	<title>Льюис Клайв Стейплз. Покоритель зари, или Плавание на край света (с иллюстрациями)</title>
</book>
<book>
	<filename>lyuis_klaiv/lyuis_klaiv_poslednyaya_bitva.fb2.zip</filename>
	<title>Льюис Клайв Стейплз. Последняя битва</title>
</book>
<book>
	<filename>lyuis_klaiv/lyuis_klaiv_pravo_na_schaste.fb2.zip</filename>
	<title>Льюис Клайв Стейплз. Право на счастье</title>
</book>
<book>
	<filename>lyuis_klaiv/lyuis_klaiv_princ_kaspian.fb2.zip</filename>
	<title>Льюис Клайв Стейплз. Принц Каспиан</title>
</book>
<book>
	<filename>lyuis_klaiv/lyuis_klaiv_princ_kaspian_s_illyustraciyami.fb2.zip</filename>
	<title>Льюис Клайв Стейплз. Принц Каспиан (с иллюстрациями)</title>
</book>
<book>
	<filename>lyuis_klaiv/lyuis_klaiv_prosto_hristianstvo.fb2.zip</filename>
	<title>Льюис Клайв Стейплз. Просто христианство</title>
</book>
<book>
	<filename>lyuis_klaiv/lyuis_klaiv_rastorzhenie_braka.fb2.zip</filename>
	<title>Льюис Клайв Стейплз. Расторжение брака</title>
</book>
<book>
	<filename>lyuis_klaiv/lyuis_klaiv_razmyshleniya_o_psalmah.fb2.zip</filename>
	<title>Льюис Клайв Стейплз. Размышления о псалмах</title>
</book>
<book>
	<filename>lyuis_klaiv/lyuis_klaiv_serebryanoe_kreslo.fb2.zip</filename>
	<title>Льюис Клайв Стейплз. Серебряное кресло</title>
</book>
<book>
	<filename>lyuis_klaiv/lyuis_klaiv_upadok_very.fb2.zip</filename>
	<title>Льюис Клайв Стейплз. Упадок веры</title>
</book>
<book>
	<filename>lyuis_klaiv/lyuis_klaiv_za_predely_bezmolvnoi_planety.fb2.zip</filename>
	<title>Льюис Клайв Стэйплз. За пределы безмолвной планеты</title>
</book>
<book>
	<filename>lyuis_maikl/lyuis_maikl_poker_lzhecov.fb2.zip</filename>
	<title>Льюис Майкл. Покер лжецов</title>
</book>
<book>
	<filename>lyuis_norman/lyuis_norman_siciliiskii_specialist.fb2.zip</filename>
	<title>Льюис Норман. Сицилийский специалист</title>
</book>
<book>
	<filename>lyuis_pola/lyuis_pola_speloe_yabloko.fb2.zip</filename>
	<title>Льюис Пола. Спелое яблоко</title>
</book>
<book>
	<filename>lyuis_richard/lyuis_richard_paukiubiicy.fb2.zip</filename>
	<title>Льюис Ричард. Пауки-убийцы</title>
</book>
<book>
	<filename>lyuis_sinkler/lyuis_sinkler_byebbit.fb2.zip</filename>
	<title>Льюис Синклер. Бэббит</title>
</book>
<book>
	<filename>lyuis_sinkler/lyuis_sinkler_ivovaya_alleya.fb2.zip</filename>
	<title>Льюис Синклер. Ивовая аллея</title>
</book>
<book>
	<filename>lyuis_sinkler/lyuis_sinkler_kingsblad_potomok_korolei.fb2.zip</filename>
	<title>Льюис Синклер. Кингсблад, потомок королей</title>
</book>
<book>
	<filename>lyuis_sinkler/lyuis_sinkler_kotenok_i_zvezdy.fb2.zip</filename>
	<title>Льюис Синклер. Котенок и звезды</title>
</book>
<book>
	<filename>lyuis_sinkler/lyuis_sinkler_motylki_v_svete_ulichnyh_fonarei.fb2.zip</filename>
	<title>Льюис Синклер. Мотыльки в свете уличных фонарей</title>
</book>
<book>
	<filename>lyuis_sinkler/lyuis_sinkler_pismo_korolevy.fb2.zip</filename>
	<title>Льюис Синклер. Письмо королевы</title>
</book>
<book>
	<filename>lyuis_sinkler/lyuis_sinkler_skorost.fb2.zip</filename>
	<title>Льюис Синклер. Скорость</title>
</book>
<book>
	<filename>lyuis_sinkler/lyuis_sinkler_yerousmit.fb2.zip</filename>
	<title>Льюис Синклер. Эроусмит</title>
</book>
<book>
	<filename>lyuis_sinkler/lyuis_sinkler_yunyi_knut_akselbrod.fb2.zip</filename>
	<title>Льюис Синклер. Юный Кнут Аксельброд</title>
</book>
<book>
	<filename>lyuis_syuzen/lyuis_syuzen_klassnaya_shtuchka.fb2.zip</filename>
	<title>Льюис Сьюзен. Классная штучка</title>
</book>
<book>
	<filename>lyuis_syuzen/lyuis_syuzen_neukrotimyi_ogon.fb2.zip</filename>
	<title>Льюис Сьюзен. Неукротимый огонь</title>
</book>
<book>
	<filename>lyuis_syuzen/lyuis_syuzen_poslednii_kurort.fb2.zip</filename>
	<title>Льюис Сьюзен. Последний курорт</title>
</book>
<book>
	<filename>lyuis_syuzen/lyuis_syuzen_tancui_poka_mozhesh.fb2.zip</filename>
	<title>Льюис Сьюзен. Танцуй, пока можешь</title>
</book>
<book>
	<filename>lyuis_syuzen/lyuis_syuzen_v_pogone_za_mechtoi.fb2.zip</filename>
	<title>Льюис Сьюзен. В погоне за мечтой</title>
</book>
<book>
	<filename>lyuk_ryeni/lyuk_ryeni_sladkii_pocelui.fb2.zip</filename>
	<title>Люк Рэни. Сладкий поцелуй</title>
</book>
<book>
	<filename>lyuksemburg_roza/lyuksemburg_roza_nasha_programma_i_politicheskaya_situaciya.fb2.zip</filename>
	<title>Люксембург Роза. Наша программа и политическая ситуация</title>
</book>
<book>
	<filename>lyul_ramon/lyul_ramon_kniga_o_rycarskom_ordene.fb2.zip</filename>
	<title>Льюль Рамон. Книга о рыцарском ордене</title>
</book>
<book>
	<filename>lyumet_sidni/lyumet_sidni_kak_delaetsya_kino.fb2.zip</filename>
	<title>Люмет Сидни. Как делается кино</title>
</book>
<book>
	<filename>lyundval_sam/lyundval_sam_mir_alisy.fb2.zip</filename>
	<title>Люндваль Сам. Мир Алисы</title>
</book>
<book>
	<filename>lyundval_sam/lyundval_sam_teni.fb2.zip</filename>
	<title>Люндваль Сам. Тени</title>
</book>
<book>
	<filename>lyusher_ashil/lyusher_ashil_francuzskoe_obshestvo_vremen_filippaavgusta.fb2.zip</filename>
	<title>Люшер Ашиль. Французское общество времен Филиппа-Августа</title>
</book>
<book>
	<filename>lyutyi_aleksei/lyutyi_aleksei_dvenadcat_podvigov_rabin_guta.fb2.zip</filename>
	<title>Лютый Алексей. Двенадцать подвигов Рабин Гута</title>
</book>
<book>
	<filename>lyutyi_aleksei/lyutyi_aleksei_hassenizatory_ogon_po_tarelkam.fb2.zip</filename>
	<title>Лютый Алексей. Х-ассенизаторы. Огонь по тарелкам!</title>
</book>
<book>
	<filename>lyutyi_aleksei/lyutyi_aleksei_hassenizatory_otvetnyi_plevok.fb2.zip</filename>
	<title>Лютый Алексей. Х-ассенизаторы. Ответный плевок</title>
</book>
<book>
	<filename>lyutyi_aleksei/lyutyi_aleksei_hassenizatory_zapreshennyi_ugar.fb2.zip</filename>
	<title>Лютый Алексей. Х-ассенизаторы. Запрещенный угар</title>
</book>
<book>
	<filename>lyutyi_aleksei/lyutyi_aleksei_na_krestiny_v_palestiny.fb2.zip</filename>
	<title>Лютый Алексей. На крестины в Палестины</title>
</book>
<book>
	<filename>lyutyi_aleksei/lyutyi_aleksei_rabin_gut.fb2.zip</filename>
	<title>Лютый Алексей. Рабин Гут</title>
</book>
<book>
	<filename>lyutyi_aleksei/lyutyi_aleksei_rabin_gut_i_budda_ne_beda.fb2.zip</filename>
	<title>Лютый Алексей. Рабин Гут. И Будда — не беда!</title>
</book>
<book>
	<filename>lyutyi_aleksei/lyutyi_aleksei_rabin_gut_sem_bed_odin_otvet.fb2.zip</filename>
	<title>Лютый Алексей. Рабин Гут. Семь бед – один ответ</title>
</book>
<book>
	<filename>lyutyi_aleksei/lyutyi_aleksei_rabin_gut_yeldorado_ne_nagrada.fb2.zip</filename>
	<title>Лютый Алексей. Рабин Гут. Эльдорадо — не награда</title>
</book>
<book>
	<filename>lyutyi_aleksei/lyutyi_aleksei_rabin_on_i_v_afrike_gut.fb2.zip</filename>
	<title>Лютый Алексей. Рабин, он и в Африке Гут</title>
</book>
<book>
	<filename>lyuvellin_syem/lyuvellin_syem_krovavyi_apelsin.fb2.zip</filename>
	<title>Льювеллин Сэм. Кровавый апельсин</title>
</book>
<book>
	<filename>lyuvellin_syem/lyuvellin_syem_krovavyi_udar.fb2.zip</filename>
	<title>Льювеллин Сэм. Кровавый удар</title>
</book>
<book>
	<filename>lyuvellin_syem/lyuvellin_syem_priliv.fb2.zip</filename>
	<title>Льювеллин Сэм. Прилив</title>
</book>
<book>
	<filename>lyuvellin_syem/lyuvellin_syem_raschet_vslepuyu.fb2.zip</filename>
	<title>Льювеллин Сэм. Расчет вслепую</title>
</book>
<book>
	<filename>lyuvellin_syem/lyuvellin_syem_trosovyi_talrep.fb2.zip</filename>
	<title>Льювеллин Сэм. Тросовый талреп</title>
</book>
<book>
	<filename>lyuvellin_syem/lyuvellin_syem_v_smertelnom_kruge.fb2.zip</filename>
	<title>Льювеллин Сэм. В смертельном круге</title>
</book>

</books>

