<?xml version="1.0" encoding="UTF-8" ?>
<books>
<book>
	<filename>lanch_lidiya/lanch_lidiya_paradoksiya_dnevnik_hishnicy.fb2.zip</filename>
	<title>Ланч Лидия. Парадоксия: дневник хищницы</title>
</book>
<book>
	<filename>landaudrobanceva_konkordiya/landaudrobanceva_konkordiya_akademik_landau_kak_my_zhili.fb2.zip</filename>
	<title>Ландау-Дробанцева Конкордия Терентьевна. Академик Ландау. Как мы жили</title>
</book>
<book>
	<filename>landis_geoffrey/landis_geoffrey_a_walk_in_the_sun.fb2.zip</filename>
	<title>Landis Geoffrey Alan. A Walk in the Sun</title>
</book>
<book>
	<filename>landis_geoffrey/landis_geoffrey_falling_onto_mars.fb2.zip</filename>
	<title>Landis Geoffrey Alan. Falling onto Mars</title>
</book>
<book>
	<filename>landram_dzhin/landram_dzhin_bich_marsel.fb2.zip</filename>
	<title>Ландрам Джин. Бич Марсель</title>
</book>
<book>
	<filename>landram_dzhin/landram_dzhin_bushnel_nolan.fb2.zip</filename>
	<title>Ландрам Джин. Бушнель Нолан</title>
</book>
<book>
	<filename>landram_dzhin/landram_dzhin_dzhobc_stiven.fb2.zip</filename>
	<title>Ландрам Джин. Джобc Стивен</title>
</book>
<book>
	<filename>landram_dzhin/landram_dzhin_dzhons_artur.fb2.zip</filename>
	<title>Ландрам Джин. Джонс Артур</title>
</book>
<book>
	<filename>landram_dzhin/landram_dzhin_geits_uilyam.fb2.zip</filename>
	<title>Ландрам Джин. Гейтс Уильям</title>
</book>
<book>
	<filename>landram_dzhin/landram_dzhin_trinadcat_muzhchin_kotorye_izmenili_mir.fb2.zip</filename>
	<title>Ландрам Джин. Тринадцать мужчин, которые изменили мир</title>
</book>
<book>
	<filename>landram_dzhin/landram_dzhin_trinadcat_zhenshin_kotorye_izmenili_mir.fb2.zip</filename>
	<title>Ландрам Джин. Тринадцать женщин, которые изменили мир</title>
</book>
<book>
	<filename>landsberger_artur/landsberger_artur_priklyuchenie_doktora_hirna.fb2.zip</filename>
	<title>Ландсбергер Артур. Приключение доктора Хирна</title>
</book>
<book>
	<filename>lane_sterling/lane_sterling_iero_ne_dayut_pokoya.fb2.zip</filename>
	<title>Ланье Стерлинг. Иеро не дают покоя</title>
</book>
<book>
	<filename>lane_sterling/lane_sterling_iero_ne_zabyt.fb2.zip</filename>
	<title>Ланье Стерлинг. Иеро не забыт</title>
</book>
<book>
	<filename>lane_sterling/lane_sterling_puteshestvie_iero.fb2.zip</filename>
	<title>Ланье Стерлинг. Путешествие Иеро</title>
</book>
<book>
	<filename>lane_sterling/lane_sterling_ugroza_s_marsa.fb2.zip</filename>
	<title>Ланье Стерлинг. Угроза с Марса</title>
</book>
<book>
	<filename>langan_rut/langan_rut_rozy_glenrossa.fb2.zip</filename>
	<title>Ланган Рут Райан. Розы Гленросса</title>
</book>
<book>
	<filename>langl_myedlen/langl_myedlen_kamilla.fb2.zip</filename>
	<title>Л`Англ Мэдлен. Камилла</title>
</book>
<book>
	<filename>lanlinskii_nasmeshnik_/lanlinskii_nasmeshnik__cvety_slivy_v_zolotoi_vaze_ili_czin_pin_myei.fb2.zip</filename>
	<title>Ланьлинский насмешник. Цветы сливы в золотой вазе, или Цзинь, Пин, Мэй</title>
</book>
<book>
	<filename>lanskaya_olga/lanskaya_olga_inzhenyu_ili_v_tihom_omute.fb2.zip</filename>
	<title>Ланская Ольга. Инженю, или В тихом омуте</title>
</book>
<book>
	<filename>lanzhelen_dzhordzh/lanzhelen_dzhordzh_muha.fb2.zip</filename>
	<title>Ланжелен Джордж. Муха</title>
</book>
<book>
	<filename>lanzheran_zhorzh/lanzheran_zhorzh_dedukciya_v_starom_kresle.fb2.zip</filename>
	<title>Ланжеран Жорж. Дедукция в старом кресле</title>
</book>
<book>
	<filename>laoczy_/laoczy__dao_dye_czin.fb2.zip</filename>
	<title>Лао-цзы. Дао Дэ Цзин</title>
</book>
<book>
	<filename>laoczy_/laoczy__dao_dye_czin_perevod_yan_hinshuna.fb2.zip</filename>
	<title>Лао-цзы. Дао Дэ Цзин (перевод Ян Хин-шуна)</title>
</book>
<book>
	<filename>lao_shye_/lao_shye__blagodetelnica.fb2.zip</filename>
	<title>Лао Шэ. Благодетельница</title>
</book>
<book>
	<filename>lao_shye_/lao_shye__razvod.fb2.zip</filename>
	<title>Лао Шэ. Развод</title>
</book>
<book>
	<filename>lao_shye_/lao_shye__riksha.fb2.zip</filename>
	<title>Лао Шэ. Рикша</title>
</book>
<book>
	<filename>lao_shye/lao_shye_chainaya.fb2.zip</filename>
	<title>Лао Шэ. Чайная</title>
</book>
<book>
	<filename>lao_shye/lao_shye_divnyi_son.fb2.zip</filename>
	<title>Лао Шэ. Дивный сон</title>
</book>
<book>
	<filename>lao_shye/lao_shye_pismo_iz_doma.fb2.zip</filename>
	<title>Лао Шэ. Письмо из дома</title>
</book>
<book>
	<filename>lao_shye/lao_shye_razyashee_kope.fb2.zip</filename>
	<title>Лао Шэ. Разящее копье</title>
</book>
<book>
	<filename>lao_shye/lao_shye_serp_luny.fb2.zip</filename>
	<title>Лао Шэ. Серп луны</title>
</book>
<book>
	<filename>lao_shye/lao_shye_solnechnyi_svet.fb2.zip</filename>
	<title>Лао Шэ. Солнечный свет</title>
</book>
<book>
	<filename>lao_shye/lao_shye_sosedi.fb2.zip</filename>
	<title>Лао Шэ. Соседи</title>
</book>
<book>
	<filename>lao_shye/lao_shye_staraya_firma.fb2.zip</filename>
	<title>Лао Шэ. Старая фирма</title>
</book>
<book>
	<filename>lao_shye/lao_shye_udachnyi_pochin.fb2.zip</filename>
	<title>Лао Шэ. Удачный почин</title>
</book>
<book>
	<filename>lao_shye/lao_shye_u_hrama_velikoi_skorbi.fb2.zip</filename>
	<title>Лао Шэ. У храма Великой Скорби</title>
</book>
<book>
	<filename>lao_shye/lao_shye_zapiski_o_koshachem_gorode.fb2.zip</filename>
	<title>Лао Шэ. Записки о Кошачьем городе</title>
</book>
<book>
	<filename>lapickii_denis/lapickii_denis_dvoe_v_nochi.fb2.zip</filename>
	<title>Лапицкий Денис Бронеславович. Двое в ночи</title>
</book>
<book>
	<filename>lapickii_denis/lapickii_denis_syn_volchego_solnca.fb2.zip</filename>
	<title>Лапицкий Денис Бронеславович. Сын Волчьего Солнца</title>
</book>
<book>
	<filename>lapickii_denis/lapickii_denis_zastava.fb2.zip</filename>
	<title>Лапицкий Денис Бронеславович. Застава</title>
</book>
<book>
	<filename>lapikura_natalya/lapikura_natalya_ischeznuvshii_poezd.fb2.zip</filename>
	<title>Лапикура Наталья Михайловна. Исчезнувший поезд</title>
</book>
<book>
	<filename>lapikura_natalya/lapikura_natalya_pokoinik_poflotski.fb2.zip</filename>
	<title>Лапикура Наталья Михайловна. Покойник «по-флотски»</title>
</book>
<book>
	<filename>lapikura_natalya/lapikura_natalya_sleduyushaya_stanciya_smert.fb2.zip</filename>
	<title>Лапикура Наталья Михайловна. Следующая станция – смерть</title>
</book>
<book>
	<filename>lapin_boris/lapin_boris_nichi_deti.fb2.zip</filename>
	<title>Лапин Борис Федорович. Ничьи дети</title>
</book>
<book>
	<filename>lapirovskoblo_mihail/lapirovskoblo_mihail_yedison.fb2.zip</filename>
	<title>Лапиров-Скобло Михаил Яковлевич. Эдисон</title>
</book>
<book>
	<filename>laplansh_zh/laplansh_zh_slovar_po_psihoanalizu.fb2.zip</filename>
	<title>Лапланш Ж. Словарь по психоанализу</title>
</book>
<book>
	<filename>lapp_daniyel/lapp_daniyel_uluchshaem_pamyat_v_lyubom_vozraste.fb2.zip</filename>
	<title>Лапп Даниэль. Улучшаем память – в любом возрасте</title>
</book>
<book>
	<filename>lapshin_grigorii/lapshin_grigorii_avtostopom_na_yelbrus.fb2.zip</filename>
	<title>Лапшин Григорий. Автостопом на Эльбрус</title>
</book>
<book>
	<filename>laptuhin_viktor/laptuhin_viktor_afrikanskii_kazak.fb2.zip</filename>
	<title>Лаптухин Виктор Владимирович. Африканский казак</title>
</book>
<book>
	<filename>laptuhin_viktor/laptuhin_viktor_tainye_fregaty.fb2.zip</filename>
	<title>Лаптухин Виктор Владимирович. Тайные фрегаты</title>
</book>
<book>
	<filename>laputin_evgenii/laputin_evgenii_studiya_sna_ili_stihi_poyaponski.fb2.zip</filename>
	<title>Лапутин Евгений Борисович. Студия сна, или Стихи по-японски</title>
</book>
<book>
	<filename>larina_arina/larina_arina_brachnyi_period_macho.fb2.zip</filename>
	<title>Ларина Арина. Брачный период мачо</title>
</book>
<book>
	<filename>larina_arina/larina_arina_kvadratnoe_koleso_fortuny.fb2.zip</filename>
	<title>Ларина Арина. Квадратное колесо фортуны</title>
</book>
<book>
	<filename>larina_arina/larina_arina_pocelui_s_razbega.fb2.zip</filename>
	<title>Ларина Арина. Поцелуй с разбега!</title>
</book>
<book>
	<filename>larina_arina/larina_arina_zhenih_yekonomklassa.fb2.zip</filename>
	<title>Ларина Арина. Жених эконом-класса</title>
</book>
<book>
	<filename>larina_elena/larina_elena_guvernantka_dlya_gubernatora_ili_istoriya_svety_chernovoi_rodivsheisya_pod_znakom_skorpiona.fb2.zip</filename>
	<title>Ларина Елена. Гувернантка для губернатора, или История Светы Черновой, родившейся под знаком Скорпиона</title>
</book>
<book>
	<filename>larionova_nataliya/larionova_nataliya_ohota_na_skyfish.fb2.zip</filename>
	<title>Ларионова Наталия. Охота на skyfish</title>
</book>
<book>
	<filename>larionova_nataliya/larionova_nataliya_shestaya_pechat.fb2.zip</filename>
	<title>Ларионова Наталия. Шестая печать</title>
</book>
<book>
	<filename>larionova_olga/larionova_olga_chakra_kentavra.fb2.zip</filename>
	<title>Ларионова Ольга. Чакра Кентавра</title>
</book>
<book>
	<filename>larionova_olga/larionova_olga_dellauyella.fb2.zip</filename>
	<title>Ларионова Ольга. Делла-Уэлла</title>
</book>
<book>
	<filename>larionova_olga/larionova_olga_dotyanut_do_okeana.fb2.zip</filename>
	<title>Ларионова Ольга. Дотянуть до океана</title>
</book>
<book>
	<filename>larionova_olga/larionova_olga_dvoinaya_familiya.fb2.zip</filename>
	<title>Ларионова Ольга. Двойная фамилия</title>
</book>
<book>
	<filename>larionova_olga/larionova_olga_evangelie_ot_kryega.fb2.zip</filename>
	<title>Ларионова Ольга. Евангелие от Крэга</title>
</book>
<book>
	<filename>larionova_olga/larionova_olga_formula_kontakta.fb2.zip</filename>
	<title>Ларионова Ольга. Формула контакта</title>
</book>
<book>
	<filename>larionova_olga/larionova_olga_gde_korolevskaya_ohota.fb2.zip</filename>
	<title>Ларионова Ольга. Где королевская охота</title>
</book>
<book>
	<filename>larionova_olga/larionova_olga_kiska.fb2.zip</filename>
	<title>Ларионова Ольга. Киска</title>
</book>
<book>
	<filename>larionova_olga/larionova_olga_kletchatyi_tapir.fb2.zip</filename>
	<title>Ларионова Ольга. Клетчатый тапир</title>
</book>
<book>
	<filename>larionova_olga/larionova_olga_labirint_dlya_trogloditov.fb2.zip</filename>
	<title>Ларионова Ольга. Лабиринт для троглодитов</title>
</book>
<book>
	<filename>larionova_olga/larionova_olga_leopard_s_vershiny_kilimandzharo.fb2.zip</filename>
	<title>Ларионова Ольга. Леопард с вершины Килиманджаро</title>
</book>
<book>
	<filename>larionova_olga/larionova_olga_lunnyi_netopyr.fb2.zip</filename>
	<title>Ларионова Ольга. Лунный нетопырь</title>
</book>
<book>
	<filename>larionova_olga/larionova_olga_shchelkunchik.fb2.zip</filename>
	<title>Ларионова Ольга. «Щелкунчик»</title>
</book>
<book>
	<filename>larionova_olga/larionova_olga_shelkunchik.fb2.zip</filename>
	<title>Ларионова Ольга. «Щелкунчик»</title>
</book>
<book>
	<filename>larionova_olga/larionova_olga_sonata_morya.fb2.zip</filename>
	<title>Ларионова Ольга. Соната моря</title>
</book>
<book>
	<filename>larionova_olga/larionova_olga_sonata_uzha.fb2.zip</filename>
	<title>Ларионова Ольга. Соната ужа</title>
</book>
<book>
	<filename>larionova_olga/larionova_olga_sonata_zvezd.fb2.zip</filename>
	<title>Ларионова Ольга. Соната звезд</title>
</book>
<book>
	<filename>larionova_olga/larionova_olga_sotvorenie_mirov.fb2.zip</filename>
	<title>Ларионова Ольга. Сотворение миров</title>
</book>
<book>
	<filename>larionova_olga/larionova_olga_u_morya_gde_krai_zemli.fb2.zip</filename>
	<title>Ларионова Ольга. У моря, где край Земли</title>
</book>
<book>
	<filename>larionova_olga/larionova_olga_vernis_za_svoim_storom.fb2.zip</filename>
	<title>Ларионова Ольга. Вернись за своим Стором</title>
</book>
<book>
	<filename>larionova_olga/larionova_olga_vybor.fb2.zip</filename>
	<title>Ларионова Ольга. Выбор</title>
</book>
<book>
	<filename>lark_glenda/lark_glenda_oskvernennaya.fb2.zip</filename>
	<title>Ларк Гленда. Оскверненная</title>
</book>
<book>
	<filename>lark_glenda/lark_glenda_ta_kotoraya_vidit.fb2.zip</filename>
	<title>Ларк Гленда. Та, которая видит</title>
</book>
<book>
	<filename>lark_glenda/lark_glenda_zapah_zla.fb2.zip</filename>
	<title>Ларк Гленда. Запах Зла</title>
</book>
<book>
	<filename>larkin_r/larkin_r_krestnaya_mat.fb2.zip</filename>
	<title>Ларкин Р. Т. Крестная мать</title>
</book>
<book>
	<filename>larni_martti/larni_martti_chetvertyi_pozvonok_ili_moshennik_ponevole.fb2.zip</filename>
	<title>Ларни Мартти. Четвертый позвонок, или Мошенник поневоле</title>
</book>
<book>
	<filename>larni_martti/larni_martti_chetvertyi_pozvonok_ili_moshennik_ponevole_i.fb2.zip</filename>
	<title>Ларни Мартти. Четвертый позвонок, или Мошенник поневоле (и)</title>
</book>
<book>
	<filename>larni_martti/larni_martti_horovod_nishih.fb2.zip</filename>
	<title>Ларни Мартти. Хоровод нищих</title>
</book>
<book>
	<filename>larni_martti/larni_martti_prekrasnaya_svinarka.fb2.zip</filename>
	<title>Ларни Мартти. Прекрасная свинарка</title>
</book>
<book>
	<filename>larni_martti/larni_martti_sokrat_v_helsinki.fb2.zip</filename>
	<title>Ларни Мартти. Сократ в Хельсинки</title>
</book>
<book>
	<filename>larri_yan/larri_yan_neobyknovennye_priklyucheniya_karika_i_vali.fb2.zip</filename>
	<title>Ларри Ян Леопольдович. Необыкновенные приключения Карика и Вали</title>
</book>
<book>
	<filename>lasika_dzh/lasika_dzh_darknet_voina_gollivuda_protiv_cifrovoi_revolyucii.fb2.zip</filename>
	<title>Ласика Дж. Д. Даркнет: Война Голливуда против цифровой революции</title>
</book>
<book>
	<filename>lasko_zhanna/lasko_zhanna_pervoe_svidanie.fb2.zip</filename>
	<title>Ласко Жанна. Первое свидание</title>
</book>
<book>
	<filename>lassila_maiyu/lassila_maiyu_voskresshii_iz_mertvyh.fb2.zip</filename>
	<title>Лассила Майю. Воскресший из мертвых</title>
</book>
<book>
	<filename>lassila_maiyu/lassila_maiyu_za_spichkami.fb2.zip</filename>
	<title>Лассила Майю. За спичками</title>
</book>
<book>
	<filename>lastbader_yerik/lastbader_yerik_belyi_nindzya.fb2.zip</filename>
	<title>Ластбадер Эрик ван. Белый ниндзя</title>
</book>
<book>
	<filename>lastbader_yerik/lastbader_yerik_chernoe_serdce.fb2.zip</filename>
	<title>Ластбадер Эрик ван. Черное сердце</title>
</book>
<book>
	<filename>lastbader_yerik/lastbader_yerik_chernyi_klinok.fb2.zip</filename>
	<title>Ластбадер Эрик ван. Черный клинок</title>
</book>
<book>
	<filename>lastbader_yerik/lastbader_yerik_czyan.fb2.zip</filename>
	<title>Ластбадер Эрик ван. Цзян</title>
</book>
<book>
	<filename>lastbader_yerik/lastbader_yerik_daisan.fb2.zip</filename>
	<title>Ластбадер Эрик. Дай-сан</title>
</book>
<book>
	<filename>lastbader_yerik/lastbader_yerik_francuzskii_pocelui.fb2.zip</filename>
	<title>Ластбадер Эрик ван. Французский поцелуй</title>
</book>
<book>
	<filename>lastbader_yerik/lastbader_yerik_glaza_angela.fb2.zip</filename>
	<title>Ластбадер Эрик ван. Глаза Ангела</title>
</book>
<book>
	<filename>lastbader_yerik/lastbader_yerik_kaisyo.fb2.zip</filename>
	<title>Ластбадер Эрик ван. Кайсё</title>
</book>
<book>
	<filename>lastbader_yerik/lastbader_yerik_kolco_pyati_drakonov.fb2.zip</filename>
	<title>Ластбадер Эрик ван. Кольцо Пяти Драконов</title>
</book>
<book>
	<filename>lastbader_yerik/lastbader_yerik_miko.fb2.zip</filename>
	<title>Ластбадер Эрик Ван. Мико</title>
</book>
<book>
	<filename>lastbader_yerik/lastbader_yerik_nindzya.fb2.zip</filename>
	<title>Ластбадер Эрик ван. Ниндзя</title>
</book>
<book>
	<filename>lastbader_yerik/lastbader_yerik_otmeli_nochi.fb2.zip</filename>
	<title>Ластбадер Эрик Ван. Отмели Ночи</title>
</book>
<book>
	<filename>lastbader_yerik/lastbader_yerik_plavuchii_gorod.fb2.zip</filename>
	<title>Ластбадер Эрик ван. Плавучий город</title>
</book>
<book>
	<filename>lastbader_yerik/lastbader_yerik_shan.fb2.zip</filename>
	<title>Ластбадер Эрик ван. Шань</title>
</book>
<book>
	<filename>lastbader_yerik/lastbader_yerik_sireny.fb2.zip</filename>
	<title>Ластбадер Эрик ван. Сирены</title>
</book>
<book>
	<filename>lastbader_yerik/lastbader_yerik_voin_opalovoi_luny.fb2.zip</filename>
	<title>Ластбадер Эрик Ван. Воин Опаловой Луны</title>
</book>
<book>
	<filename>lastbader_yerik/lastbader_yerik_voin_zakata.fb2.zip</filename>
	<title>Ластбадер Эрик Ван. Воин Заката</title>
</book>
<book>
	<filename>lastbader_yerik/lastbader_yerik_voznesenie_k_termagantam_rasskaz.fb2.zip</filename>
	<title>Ластбадер Эрик ван. Вознесение к термагантам (рассказ)</title>
</book>
<book>
	<filename>lastbader_yerik/lastbader_yerik_vozvrashenie_borna.fb2.zip</filename>
	<title>Ластбадер Эрик Ван. Возвращение Борна</title>
</book>
<book>
	<filename>lastbader_yerik/lastbader_yerik_vozvrashenie_v_temnote.fb2.zip</filename>
	<title>Ластбадер Эрик ван. Возвращение в темноте</title>
</book>
<book>
	<filename>lastbader_yerik/lastbader_yerik_vtoraya_kozha.fb2.zip</filename>
	<title>Ластбадер Эрик ван. Вторая кожа</title>
</book>
<book>
	<filename>lastbader_yerik/lastbader_yerik_zero.fb2.zip</filename>
	<title>Ластбадер Эрик ван. Зеро</title>
</book>
<book>
	<filename>latens_meri/latens_meri_zhizn_i_smert_krishnamurti.fb2.zip</filename>
	<title>Латьенс Мери. Жизнь и смерть Кришнамурти</title>
</book>
<book>
	<filename>latimer_dzhonatan/latimer_dzhonatan_ledi_iz_morga.fb2.zip</filename>
	<title>Латимер Джонатан. Леди из морга</title>
</book>
<book>
	<filename>latynina_yuliya/latynina_yuliya_bandit.fb2.zip</filename>
	<title>Латынина Юлия. Бандит</title>
</book>
<book>
	<filename>latynina_yuliya/latynina_yuliya_bomba_dlya_bankira.fb2.zip</filename>
	<title>Латынина Юлия. Бомба для банкира</title>
</book>
<book>
	<filename>latynina_yuliya/latynina_yuliya_delo_o_lazorevom_pisme.fb2.zip</filename>
	<title>Латынина Юлия. Дело о лазоревом письме</title>
</book>
<book>
	<filename>latynina_yuliya/latynina_yuliya_delo_o_propavshem_boge.fb2.zip</filename>
	<title>Латынина Юлия. Дело о пропавшем боге</title>
</book>
<book>
	<filename>latynina_yuliya/latynina_yuliya_dzhahannam_ili_do_vstrechi_v_adu.fb2.zip</filename>
	<title>Латынина Юлия Леонидовна. Джаханнам, или До встречи в Аду</title>
</book>
<book>
	<filename>latynina_yuliya/latynina_yuliya_insaider.fb2.zip</filename>
	<title>Латынина Юлия. Инсайдер</title>
</book>
<book>
	<filename>latynina_yuliya/latynina_yuliya_kolduny_i_ministry.fb2.zip</filename>
	<title>Латынина Юлия. Колдуны и министры</title>
</book>
<book>
	<filename>latynina_yuliya/latynina_yuliya_nichya.fb2.zip</filename>
	<title>Латынина Юлия. Ничья</title>
</book>
<book>
	<filename>latynina_yuliya/latynina_yuliya_niyazbek.fb2.zip</filename>
	<title>Латынина Юлия Леонидовна. Ниязбек</title>
</book>
<book>
	<filename>latynina_yuliya/latynina_yuliya_ohota_na_izyubrya.fb2.zip</filename>
	<title>Латынина Юлия. Охота на изюбря</title>
</book>
<book>
	<filename>latynina_yuliya/latynina_yuliya_povest_o_blagonravnom_myatezhnike.fb2.zip</filename>
	<title>Латынина Юлия. Повесть о благонравном мятежнике</title>
</book>
<book>
	<filename>latynina_yuliya/latynina_yuliya_povest_o_sv_graale.fb2.zip</filename>
	<title>Латынина Юлия. Повесть о Св. Граале</title>
</book>
<book>
	<filename>latynina_yuliya/latynina_yuliya_povest_o_zolotom_gosudare.fb2.zip</filename>
	<title>Латынина Юлия. Повесть о Золотом Государе</title>
</book>
<book>
	<filename>latynina_yuliya/latynina_yuliya_promzona.fb2.zip</filename>
	<title>Латынина Юлия. Промзона</title>
</book>
<book>
	<filename>latynina_yuliya/latynina_yuliya_razbor_poletov.fb2.zip</filename>
	<title>Латынина Юлия. Разбор полетов</title>
</book>
<book>
	<filename>latynina_yuliya/latynina_yuliya_sarancha.fb2.zip</filename>
	<title>Латынина Юлия. Саранча</title>
</book>
<book>
	<filename>latynina_yuliya/latynina_yuliya_sto_polei.fb2.zip</filename>
	<title>Латынина Юлия. Сто полей</title>
</book>
<book>
	<filename>latynina_yuliya/latynina_yuliya_tolko_golubi_letayut_besplatno.fb2.zip</filename>
	<title>Латынина Юлия. Только голуби летают бесплатно</title>
</book>
<book>
	<filename>latynina_yuliya/latynina_yuliya_zdravstvuite_ya_vasha_krysha_ili_novyi_aladdin.fb2.zip</filename>
	<title>Латынина Юлия. Здравствуйте, я ваша «крыша» или Новый Аладдин</title>
</book>
<book>
	<filename>latynina_yuliya/latynina_yuliya_zemlya_voiny.fb2.zip</filename>
	<title>Латынина Юлия Леонидовна. Земля войны</title>
</book>
<book>
	<filename>laucyus_yaronimas/laucyus_yaronimas_voina_planet.fb2.zip</filename>
	<title>Лауцюс Яронимас. Война планет</title>
</book>
<book>
	<filename>lauder_dzheims/lauder_dzheims_rycar_chernoi_rozy.fb2.zip</filename>
	<title>Лаудер Джеймс. Рыцарь черной розы</title>
</book>
<book>
	<filename>laumer_kit/laumer_kit_bronzovyi_bog.fb2.zip</filename>
	<title>Лаумер Кит. Бронзовый бог</title>
</book>
<book>
	<filename>laumer_kit/laumer_kit_chernyi_den_dlya_parazitov.fb2.zip</filename>
	<title>Лаумер Кит. Черный день для паразитов</title>
</book>
<book>
	<filename>laumer_kit/laumer_kit_chuma.fb2.zip</filename>
	<title>Лаумер Кит. Чума</title>
</book>
<book>
	<filename>laumer_kit/laumer_kit_den_pteranodona.fb2.zip</filename>
	<title>Лаумер Кит. День птеранодона</title>
</book>
<book>
	<filename>laumer_kit/laumer_kit_dinohromnyi.fb2.zip</filename>
	<title>Лаумер Кит. Динохромный</title>
</book>
<book>
	<filename>laumer_kit/laumer_kit_drugoe_nebo.fb2.zip</filename>
	<title>Лаумер Кит. Другое небо</title>
</book>
<book>
	<filename>laumer_kit/laumer_kit_gigantskii_ubiica.fb2.zip</filename>
	<title>Лаумер Кит. Гигантский убийца</title>
</book>
<book>
	<filename>laumer_kit/laumer_kit_i_stat_geroem.fb2.zip</filename>
	<title>Лаумер Кит. И стать героем</title>
</book>
<book>
	<filename>laumer_kit/laumer_kit_korol_goroda.fb2.zip</filename>
	<title>Лаумер Кит. Король города</title>
</book>
<book>
	<filename>laumer_kit/laumer_kit_kosmicheskii_shuler.fb2.zip</filename>
	<title>Лаумер Кит. Космический шулер</title>
</book>
<book>
	<filename>laumer_kit/laumer_kit_les_na_nebesi.fb2.zip</filename>
	<title>Лаумер Кит. Лес на небеси</title>
</book>
<book>
	<filename>laumer_kit/laumer_kit_lovushka_vremeni.fb2.zip</filename>
	<title>Лаумер Кит. Ловушка времени</title>
</book>
<book>
	<filename>laumer_kit/laumer_kit_mashina_vremeni_shutit.fb2.zip</filename>
	<title>Лаумер Кит. Машина времени шутит</title>
</book>
<book>
	<filename>laumer_kit/laumer_kit_mirnyi_posrednik.fb2.zip</filename>
	<title>Лаумер Кит. Мирный посредник</title>
</book>
<book>
	<filename>laumer_kit/laumer_kit_mirotvorcy.fb2.zip</filename>
	<title>Лаумер Кит. Миротворцы</title>
</book>
<book>
	<filename>laumer_kit/laumer_kit_miry_imperiuma.fb2.zip</filename>
	<title>Лаумер Кит. Миры Империума</title>
</book>
<book>
	<filename>laumer_kit/laumer_kit_musornoe_vtorzhenie.fb2.zip</filename>
	<title>Лаумер Кит. Мусорное вторжение</title>
</book>
<book>
	<filename>laumer_kit/laumer_kit_naznachenie_v_nikuda.fb2.zip</filename>
	<title>Лаумер Кит. Назначение в никуда</title>
</book>
<book>
	<filename>laumer_kit/laumer_kit_nitochka_pamyati.fb2.zip</filename>
	<title>Лаумер Кит. Ниточка памяти</title>
</book>
<book>
	<filename>laumer_kit/laumer_kit_noch_illyuzii.fb2.zip</filename>
	<title>Лаумер Кит. Ночь иллюзий</title>
</book>
<book>
	<filename>laumer_kit/laumer_kit_obman_ili_dogovor.fb2.zip</filename>
	<title>Лаумер Кит. Обман или договор</title>
</book>
<book>
	<filename>laumer_kit/laumer_kit_obratnaya_storona_vremeni.fb2.zip</filename>
	<title>Лаумер Кит. Обратная сторона времени</title>
</book>
<book>
	<filename>laumer_kit/laumer_kit_otstuplenie_ne_prekupaetsya.fb2.zip</filename>
	<title>Лаумер Кит. Отступление не прекупается</title>
</book>
<book>
	<filename>laumer_kit/laumer_kit_pamyatnaya_zapiska.fb2.zip</filename>
	<title>Лаумер Кит. Памятная записка</title>
</book>
<book>
	<filename>laumer_kit/laumer_kit_planeta_katastrof.fb2.zip</filename>
	<title>Лаумер Кит. Планета катастроф</title>
</book>
<book>
	<filename>laumer_kit/laumer_kit_pohititeli_vo_vremeni.fb2.zip</filename>
	<title>Лаумер Кит. Похитители во времени</title>
</book>
<book>
	<filename>laumer_kit/laumer_kit_pohititel_tel.fb2.zip</filename>
	<title>Лаумер Кит. Похититель тел</title>
</book>
<book>
	<filename>laumer_kit/laumer_kit_poka_grom_ne_gryanul.fb2.zip</filename>
	<title>Лаумер Кит. Пока гром не грянул</title>
</book>
<book>
	<filename>laumer_kit/laumer_kit_posredniki.fb2.zip</filename>
	<title>Лаумер Кит. Посредники</title>
</book>
<book>
	<filename>laumer_kit/laumer_kit_protokol.fb2.zip</filename>
	<title>Лаумер Кит. Протокол</title>
</book>
<book>
	<filename>laumer_kit/laumer_kit_provedenie_ne_est_prestuplenie.fb2.zip</filename>
	<title>Лаумер Кит. Про-ведение не есть пре-ступление</title>
</book>
<book>
	<filename>laumer_kit/laumer_kit_proverka_na_prochnost.fb2.zip</filename>
	<title>Лаумер Кит. Проверка на прочность</title>
</book>
<book>
	<filename>laumer_kit/laumer_kit_razrushiteli_planet.fb2.zip</filename>
	<title>Лаумер Кит. Разрушители планет</title>
</book>
<book>
	<filename>laumer_kit/laumer_kit_relikt_voiny.fb2.zip</filename>
	<title>Лаумер Кит. Реликт войны</title>
</book>
<book>
	<filename>laumer_kit/laumer_kit_retif_i_militaristy_fragment.fb2.zip</filename>
	<title>Лаумер Кит. Ретиф и милитаристы (фрагмент)</title>
</book>
<book>
	<filename>laumer_kit/laumer_kit_sled_pamyati.fb2.zip</filename>
	<title>Лаумер Кит. След памяти</title>
</book>
<book>
	<filename>laumer_kit/laumer_kit_sokrovisha_zvezd.fb2.zip</filename>
	<title>Лаумер Кит. Сокровища звезд</title>
</book>
<book>
	<filename>laumer_kit/laumer_kit_tehnicheskoe_prevoshodstvo.fb2.zip</filename>
	<title>Лаумер Кит. Техническое превосходство</title>
</book>
<book>
	<filename>laumer_kit/laumer_kit_ukrotitel_vremeni.fb2.zip</filename>
	<title>Лаумер Кит. Укротитель времени</title>
</book>
<book>
	<filename>laumer_kit/laumer_kit_vakansiya.fb2.zip</filename>
	<title>Лаумер Кит. Вакансия</title>
</book>
<book>
	<filename>laumer_kit/laumer_kit_vnutrennee_delo.fb2.zip</filename>
	<title>Лаумер Кит. Внутреннее дело</title>
</book>
<book>
	<filename>laumer_kit/laumer_kit_v_ocheredi.fb2.zip</filename>
	<title>Лаумер Кит. В очереди</title>
</book>
<book>
	<filename>laumer_kit/laumer_kit_vybory_i_bandity.fb2.zip</filename>
	<title>Лаумер Кит. Выборы и бандиты</title>
</book>
<book>
	<filename>laumer_kit/laumer_kit_vykup_za_retifa.fb2.zip</filename>
	<title>Лаумер Кит. Выкуп за Ретифа</title>
</book>
<book>
	<filename>laumer_kit/laumer_kit_yedem_dzhadsona.fb2.zip</filename>
	<title>Лаумер Кит. Эдем Джадсона</title>
</book>
<book>
	<filename>laumer_kit/laumer_kit_zakrytyi_gorod.fb2.zip</filename>
	<title>Лаумер Кит. Закрытый город</title>
</book>
<book>
	<filename>laumer_kit/laumer_kit_zapechatannye_instrukcii.fb2.zip</filename>
	<title>Лаумер Кит. Запечатанные инструкции</title>
</book>
<book>
	<filename>laumer_kit/laumer_kit_zemnaya_krov.fb2.zip</filename>
	<title>Лаумер Кит. Земная кровь</title>
</book>
<book>
	<filename>laumer_kit/laumer_kit_zheltaya_zona.fb2.zip</filename>
	<title>Лаумер Кит. Желтая зона</title>
</book>
<book>
	<filename>laumer_kit/laumer_kit_zhilbyl_velikan.fb2.zip</filename>
	<title>Лаумер Кит. Жил-был великан</title>
</book>
<book>
	<filename>lau_miller/lau_miller_chernyi_tan.fb2.zip</filename>
	<title>Лау Миллер. Черный тан</title>
</book>
<book>
	<filename>lau_miller/lau_miller_pevec_predanii.fb2.zip</filename>
	<title>Лау Миллер. Певец Преданий</title>
</book>
<book>
	<filename>lau_miller/lau_miller_talisker.fb2.zip</filename>
	<title>Лау Миллер. Талискер</title>
</book>
<book>
	<filename>laundes_leil/laundes_leil_kak_govorit_s_kem_ugodno_i_o_chem_ugodno_navyki_uspeshnogo_obsheniya_i_tehnologii_yeffektivnyh_kommunikacii.fb2.zip</filename>
	<title>Лаундес Лейл. Как говорить с кем угодно и о чем угодно. Навыки успешного общения и технологии эффективных коммуникаций</title>
</book>
<book>
	<filename>laundes_leil/laundes_leil_sss_skrytye_seksualnye_signaly.fb2.zip</filename>
	<title>Лаундес Лейл. С.С.С. (Скрытые сексуальные сигналы)</title>
</book>
<book>
	<filename>laurenskoop_a/laurenskoop_a_glavnyi_svidetel_koshka.fb2.zip</filename>
	<title>Лауренс-Кооп А. Главный свидетель – кошка</title>
</book>
<book>
	<filename>laurinchyukas_albertas/laurinchyukas_albertas_cvet_nenavisti.fb2.zip</filename>
	<title>Лауринчюкас Альбертас Казевич. Цвет ненависти</title>
</book>
<book>
	<filename>laurinchyukas_albertas/laurinchyukas_albertas_mgnovenie_istiny.fb2.zip</filename>
	<title>Лауринчюкас Альбертас Казевич. Мгновение истины</title>
</book>
<book>
	<filename>laurinchyukas_albertas/laurinchyukas_albertas_poslednyaya_prosba.fb2.zip</filename>
	<title>Лауринчюкас Альбертас Казевич. Последняя просьба</title>
</book>
<book>
	<filename>laurinchyukas_albertas/laurinchyukas_albertas_srednyaya_amerikanka.fb2.zip</filename>
	<title>Лауринчюкас Альбертас Казевич. Средняя американка</title>
</book>
<book>
	<filename>laushkin_aleksei/laushkin_aleksei_lozh_novyh_hronologii_kak_voyuyut_s_hristianstvom_a_t_fomenko_i_ego_edinomyshlenniki.fb2.zip</filename>
	<title>Лаушкин Алексей Владимирович. Ложь «новых хронологий». Как воюют с христианством А. Т. Фоменко и его единомышленники</title>
</book>
<book>
	<filename>lav_dzhon/lav_dzhon_mcdonalds_o_chem_molchit_bigmak.fb2.zip</filename>
	<title>Лав Джон Ф. McDonald's. О чем молчит БИГМАК?</title>
</book>
<book>
	<filename>lavender_virdzhiniya/lavender_virdzhiniya_klyatva_vernosti.fb2.zip</filename>
	<title>Лавендер Вирджиния. Клятва верности</title>
</book>
<book>
	<filename>lavkraft_govard/lavkraft_govard_alhimik.fb2.zip</filename>
	<title>Лавкрафт Говард Филлипс. Алхимик</title>
</book>
<book>
	<filename>lavkraft_govard/lavkraft_govard_artur_dzhermin.fb2.zip</filename>
	<title>Лавкрафт Говард Филлипс. Артур Джермин</title>
</book>
<book>
	<filename>lavkraft_govard/lavkraft_govard_astrophobos.fb2.zip</filename>
	<title>Лавкрафт Говард Филлипс. ASTROPHOBOS</title>
</book>
<book>
	<filename>lavkraft_govard/lavkraft_govard_azatot.fb2.zip</filename>
	<title>Лавкрафт Говард Филлипс. Азатот</title>
</book>
<book>
	<filename>lavkraft_govard/lavkraft_govard_belyi_korabl.fb2.zip</filename>
	<title>Лавкрафт Говард. Белый корабль</title>
</book>
<book>
	<filename>lavkraft_govard/lavkraft_govard_bezymyannyi_gorod.fb2.zip</filename>
	<title>Лавкрафт Говард Филлипс. Безымянный город</title>
</book>
<book>
	<filename>lavkraft_govard/lavkraft_govard_chuzhoi.fb2.zip</filename>
	<title>Лавкрафт Говард Филлипс. Чужой</title>
</book>
<book>
	<filename>lavkraft_govard/lavkraft_govard_dagon.fb2.zip</filename>
	<title>Лавкрафт Говард. Дагон</title>
</book>
<book>
	<filename>lavkraft_govard/lavkraft_govard_den_uyentvorta.fb2.zip</filename>
	<title>Лавкрафт Говард Филлипс. День Уэнтворта</title>
</book>
<book>
	<filename>lavkraft_govard/lavkraft_govard_derevo.fb2.zip</filename>
	<title>Лавкрафт Говард Филлипс. Дерево</title>
</book>
<book>
	<filename>lavkraft_govard/lavkraft_govard_derevo_na_holme.fb2.zip</filename>
	<title>Лавкрафт Говард Филлипс. Дерево на холме</title>
</book>
<book>
	<filename>lavkraft_govard/lavkraft_govard_dreams_in_the_witchhouse.fb2.zip</filename>
	<title>Лавкрафт Говард Филлипс. Dreams in the WitchHouse</title>
</book>
<book>
	<filename>lavkraft_govard/lavkraft_govard_drugie_bogi.fb2.zip</filename>
	<title>Лавкрафт Говард Филлипс. Другие боги</title>
</book>
<book>
	<filename>lavkraft_govard/lavkraft_govard_edinstvennyi_naslednik.fb2.zip</filename>
	<title>Лавкрафт Говард Филлипс. Единственный наследник</title>
</book>
<book>
	<filename>lavkraft_govard/lavkraft_govard_festival.fb2.zip</filename>
	<title>Лавкрафт Говард Филлипс. FESTIVAL</title>
</book>
<book>
	<filename>lavkraft_govard/lavkraft_govard_gerbert_uyest_reanimator.fb2.zip</filename>
	<title>Лавкрафт Говард Филлипс. Герберт Уэст — реаниматор</title>
</book>
<book>
	<filename>lavkraft_govard/lavkraft_govard_gipnos.fb2.zip</filename>
	<title>Лавкрафт Говард Филлипс. Гипнос</title>
</book>
<book>
	<filename>lavkraft_govard/lavkraft_govard_griby_s_yuggota.fb2.zip</filename>
	<title>Лавкрафт Говард Филлипс. Грибы с Юггота</title>
</book>
<book>
	<filename>lavkraft_govard/lavkraft_govard_haos_nastupayushii.fb2.zip</filename>
	<title>Лавкрафт Говард Филлипс. Хаос наступающий</title>
</book>
<book>
	<filename>lavkraft_govard/lavkraft_govard_holod.fb2.zip</filename>
	<title>Лавкрафт Говард Филлипс. Холод</title>
</book>
<book>
	<filename>lavkraft_govard/lavkraft_govard_hram.fb2.zip</filename>
	<title>Лавкрафт Говард Филлипс. Храм</title>
</book>
<book>
	<filename>lavkraft_govard/lavkraft_govard_hrebty_bezumiya.fb2.zip</filename>
	<title>Лавкрафт Говард Филлипс. Хребты Безумия</title>
</book>
<book>
	<filename>lavkraft_govard/lavkraft_govard_iranon.fb2.zip</filename>
	<title>Лавкрафт Говард Филлипс. Иранон</title>
</book>
<book>
	<filename>lavkraft_govard/lavkraft_govard_iz_glubin_mirozdaniya.fb2.zip</filename>
	<title>Лавкрафт Говард Филлипс. Из глубин мироздания</title>
</book>
<book>
	<filename>lavkraft_govard/lavkraft_govard_karayushii_rok_nad_sarnatom.fb2.zip</filename>
	<title>Лавкрафт Говард Филлипс. Карающий рок над Сарнатом</title>
</book>
<book>
	<filename>lavkraft_govard/lavkraft_govard_kniga.fb2.zip</filename>
	<title>Лавкрафт Говард Филлипс. Книга</title>
</book>
<book>
	<filename>lavkraft_govard/lavkraft_govard_koshki.fb2.zip</filename>
	<title>Лавкрафт Говард Филлипс. Кошки</title>
</book>
<book>
	<filename>lavkraft_govard/lavkraft_govard_koshmar_v_redhuke.fb2.zip</filename>
	<title>Лавкрафт Говард Филлипс. Кошмар в Ред-Хуке</title>
</book>
<book>
	<filename>lavkraft_govard/lavkraft_govard_krylataya_smert.fb2.zip</filename>
	<title>Лавкрафт Говард Филлипс. Крылатая смерть</title>
</book>
<book>
	<filename>lavkraft_govard/lavkraft_govard_krysy_v_stenah.fb2.zip</filename>
	<title>Лавкрафт Говард Филлипс. Крысы в стенах</title>
</book>
<book>
	<filename>lavkraft_govard/lavkraft_govard_lampa_adhazreda.fb2.zip</filename>
	<title>Лавкрафт Говард Филлипс. Лампа Адь-Хазреда</title>
</book>
<book>
	<filename>lavkraft_govard/lavkraft_govard_les.fb2.zip</filename>
	<title>Лавкрафт Говард Филлипс. Лес</title>
</book>
<book>
	<filename>lavkraft_govard/lavkraft_govard_lokon_meduzy.fb2.zip</filename>
	<title>Лавкрафт Говард Филлипс. Локон Медузы</title>
</book>
<book>
	<filename>lavkraft_govard/lavkraft_govard_lovushka.fb2.zip</filename>
	<title>Лавкрафт Говард Филлипс. Ловушка</title>
</book>
<book>
	<filename>lavkraft_govard/lavkraft_govard_lunnoe_boloto.fb2.zip</filename>
	<title>Лавкрафт Говард Филлипс. Лунное болото</title>
</book>
<book>
	<filename>lavkraft_govard/lavkraft_govard_model_dlya_pikmyena_fotografiya_s_natury.fb2.zip</filename>
	<title>Лавкрафт Говард Филлипс. Модель для Пикмэна (Фотография с натуры)</title>
</book>
<book>
	<filename>lavkraft_govard/lavkraft_govard_muzyka_yeriha_canna.fb2.zip</filename>
	<title>Лавкрафт Говард Филлипс. Музыка Эриха Цанна</title>
</book>
<book>
	<filename>lavkraft_govard/lavkraft_govard_na_chtenie_knigi_chudes_lorda_danseni.fb2.zip</filename>
	<title>Лавкрафт Говард Филлипс. На чтение «Книги Чудес» лорда Дансени</title>
</book>
<book>
	<filename>lavkraft_govard/lavkraft_govard_nasledstvo_pibodi.fb2.zip</filename>
	<title>Лавкрафт Говард Филлипс. Наследство Пибоди</title>
</book>
<book>
	<filename>lavkraft_govard/lavkraft_govard_nechto_v_lunnom_svete.fb2.zip</filename>
	<title>Лавкрафт Говард Филлипс. Нечто в лунном свете</title>
</book>
<book>
	<filename>lavkraft_govard/lavkraft_govard_neimenuemoe.fb2.zip</filename>
	<title>Лавкрафт. Говард Филлипс. Неименуемое</title>
</book>
<book>
	<filename>lavkraft_govard/lavkraft_govard_nochnoe_bratstvo.fb2.zip</filename>
	<title>Лавкрафт Говард Филлипс. Ночное братство</title>
</book>
<book>
	<filename>lavkraft_govard/lavkraft_govard_okno_v_mansarde.fb2.zip</filename>
	<title>Лавкрафт Говард Филлипс. Окно в мансарде</title>
</book>
<book>
	<filename>lavkraft_govard/lavkraft_govard_on.fb2.zip</filename>
	<title>Лавкрафт Говард Филлипс. Он</title>
</book>
<book>
	<filename>lavkraft_govard/lavkraft_govard_on_reading_lord_dunsanys_book_of_wonder.fb2.zip</filename>
	<title>Лавкрафт Говард Филлипс. ON READING LORD DUNSANY'S BOOK OF WONDER</title>
</book>
<book>
	<filename>lavkraft_govard/lavkraft_govard_pamyat.fb2.zip</filename>
	<title>Лавкрафт Говард Филлипс. Память</title>
</book>
<book>
	<filename>lavkraft_govard/lavkraft_govard_perevoploshenie_huana_romero.fb2.zip</filename>
	<title>Лавкрафт Говард Филлипс. Перевоплощение Хуана Ромеро</title>
</book>
<book>
	<filename>lavkraft_govard/lavkraft_govard_perezhivshii_chelovechestvo.fb2.zip</filename>
	<title>Лавкрафт Говард Филлипс. Переживший человечество</title>
</book>
<book>
	<filename>lavkraft_govard/lavkraft_govard_pes.fb2.zip</filename>
	<title>Лавкрафт Говард Филлипс. Пес</title>
</book>
<book>
	<filename>lavkraft_govard/lavkraft_govard_pogrebennyi_s_faraonami.fb2.zip</filename>
	<title>Лавкрафт Говард Филлипс. Погребенный с фараонами</title>
</book>
<book>
	<filename>lavkraft_govard/lavkraft_govard_pokazaniya_ryendolfa_kartera.fb2.zip</filename>
	<title>Лавкрафт Говард Филлипс. Показания Рэндольфа Картера</title>
</book>
<book>
	<filename>lavkraft_govard/lavkraft_govard_polyaris.fb2.zip</filename>
	<title>Лавкрафт Говард Филлипс. Полярис</title>
</book>
<book>
	<filename>lavkraft_govard/lavkraft_govard_potomok.fb2.zip</filename>
	<title>Лавкрафт Говард Филлипс. Потомок</title>
</book>
<book>
	<filename>lavkraft_govard/lavkraft_govard_prazdnik.fb2.zip</filename>
	<title>Лавкрафт Говард Филлипс. Праздник</title>
</book>
<book>
	<filename>lavkraft_govard/lavkraft_govard_prishelec_iz_kosmosa.fb2.zip</filename>
	<title>Лавкрафт Говард Филлипс. Пришелец из космоса</title>
</book>
<book>
	<filename>lavkraft_govard/lavkraft_govard_serebryanyi_klyuch.fb2.zip</filename>
	<title>Лавкрафт Говард Филлипс. Серебряный ключ</title>
</book>
<book>
	<filename>lavkraft_govard/lavkraft_govard_shepchushii_v_nochi.fb2.zip</filename>
	<title>Лавкрафт Говард Филлипс. Шепчущий в ночи</title>
</book>
<book>
	<filename>lavkraft_govard/lavkraft_govard_siyanie_izvne.fb2.zip</filename>
	<title>Лавкрафт Говард Филлипс. Сияние извне</title>
</book>
<book>
	<filename>lavkraft_govard/lavkraft_govard_skitalec_tmy.fb2.zip</filename>
	<title>Лавкрафт Говард Филлипс. Скиталец тьмы</title>
</book>
<book>
	<filename>lavkraft_govard/lavkraft_govard_sklep.fb2.zip</filename>
	<title>Лавкрафт Говард Филлипс. Склеп</title>
</book>
<book>
	<filename>lavkraft_govard/lavkraft_govard_sluchai_charlza_dekstera_varda.fb2.zip</filename>
	<title>Лавкрафт Говард Филлипс. Случай Чарльза Декстера Варда</title>
</book>
<book>
	<filename>lavkraft_govard/lavkraft_govard_sny_v_vedminom_dome.fb2.zip</filename>
	<title>Лавкрафт Говард Филлипс. Сны в ведьмином доме</title>
</book>
<book>
	<filename>lavkraft_govard/lavkraft_govard_somnambulicheskii_poisk_nevedomogo_kadata.fb2.zip</filename>
	<title>Лавкрафт Говард Филлипс. Сомнамбулический поиск неведомого Кадата</title>
</book>
<book>
	<filename>lavkraft_govard/lavkraft_govard_stihi.fb2.zip</filename>
	<title>Лавкрафт Говард Филлипс. Стихи</title>
</book>
<book>
	<filename>lavkraft_govard/lavkraft_govard_sverhestestvennyi_uzhas_v_literature.fb2.zip</filename>
	<title>Лавкрафт Говард Филлипс. Сверхъестественный ужас в литературе</title>
</book>
<book>
	<filename>lavkraft_govard/lavkraft_govard_taina_srednego_proleta.fb2.zip</filename>
	<title>Лавкрафт Говард Филлипс. Тайна среднего пролета</title>
</book>
<book>
	<filename>lavkraft_govard/lavkraft_govard_ten_nad_innsmautom.fb2.zip</filename>
	<title>Лавкрафт Говард Филлипс. Тень над Иннсмаутом</title>
</book>
<book>
	<filename>lavkraft_govard/lavkraft_govard_ten_v_mansarde.fb2.zip</filename>
	<title>Лавкрафт Говард Филлипс. Тень в мансарде</title>
</book>
<book>
	<filename>lavkraft_govard/lavkraft_govard_the_call_of_cthulhu.fb2.zip</filename>
	<title>Лавкрафт Говард Филлипс. The Call of Cthulhu</title>
</book>
<book>
	<filename>lavkraft_govard/lavkraft_govard_the_cats.fb2.zip</filename>
	<title>Лавкрафт Говард Филлипс. THE CATS</title>
</book>
<book>
	<filename>lavkraft_govard/lavkraft_govard_the_messenger.fb2.zip</filename>
	<title>Лавкрафт Говард Филлипс. THE MESSENGER</title>
</book>
<book>
	<filename>lavkraft_govard/lavkraft_govard_the_wood.fb2.zip</filename>
	<title>Лавкрафт Говард Филлипс. THE WOOD</title>
</book>
<book>
	<filename>lavkraft_govard/lavkraft_govard_tvar_na_poroge.fb2.zip</filename>
	<title>Лавкрафт Говард Филлипс. Тварь на пороге</title>
</book>
<book>
	<filename>lavkraft_govard/lavkraft_govard_ulica.fb2.zip</filename>
	<title>Лавкрафт Говард Филлипс. Улица</title>
</book>
<book>
	<filename>lavkraft_govard/lavkraft_govard_uzhas_danvicha.fb2.zip</filename>
	<title>Лавкрафт Говард Филлипс. Ужас Данвича</title>
</book>
<book>
	<filename>lavkraft_govard/lavkraft_govard_uzhas_v_muzee.fb2.zip</filename>
	<title>Лавкрафт Говард Филлипс. Ужас в музее</title>
</book>
<book>
	<filename>lavkraft_govard/lavkraft_govard_uzhasy_starogo_kladbisha.fb2.zip</filename>
	<title>Лавкрафт Говард Филлипс. Ужасы старого кладбища</title>
</book>
<book>
	<filename>lavkraft_govard/lavkraft_govard_vedmin_log.fb2.zip</filename>
	<title>Лавкрафт Говард Филлипс. Ведьмин Лог</title>
</book>
<book>
	<filename>lavkraft_govard/lavkraft_govard_vne_vremeni.fb2.zip</filename>
	<title>Лавкрафт Говард Филлипс. Вне времени</title>
</book>
<book>
	<filename>lavkraft_govard/lavkraft_govard_vozvrashenie_k_predkam.fb2.zip</filename>
	<title>Лавкрафт Говард Филлипс. Возвращение к предкам</title>
</book>
<book>
	<filename>lavkraft_govard/lavkraft_govard_vrata_serebryanogo_klyucha.fb2.zip</filename>
	<title>Лавкрафт Говард Филлипс. Врата серебряного ключа</title>
</book>
<book>
	<filename>lavkraft_govard/lavkraft_govard_v_sklepe.fb2.zip</filename>
	<title>Лавкрафт Говард Филлипс. В склепе</title>
</book>
<book>
	<filename>lavkraft_govard/lavkraft_govard_v_stenah_yeriksa.fb2.zip</filename>
	<title>Лавкрафт Говард. В стенах Эрикса</title>
</book>
<book>
	<filename>lavkraft_govard/lavkraft_govard_zabroshennyi_dom.fb2.zip</filename>
	<title>Лавкрафт Говард Филлипс. Заброшенный дом</title>
</book>
<book>
	<filename>lavkraft_govard/lavkraft_govard_zagadochnyi_dom_na_tumannom_utese.fb2.zip</filename>
	<title>Лавкрафт Говард Филлипс. Загадочный дом на туманном утесе</title>
</book>
<book>
	<filename>lavkraft_govard/lavkraft_govard_za_granyu_vremen.fb2.zip</filename>
	<title>Лавкрафт Говард Филлипс. За гранью времен</title>
</book>
<book>
	<filename>lavkraft_govard/lavkraft_govard_zapertaya_komnata.fb2.zip</filename>
	<title>Лавкрафт Говард Филлипс. Запертая комната</title>
</book>
<book>
	<filename>lavkraft_govard/lavkraft_govard_za_stenoi_sna.fb2.zip</filename>
	<title>Лавкрафт Говард Филлипс. За стеной сна</title>
</book>
<book>
	<filename>lavkraft_govard/lavkraft_govard_zataivshiisya_strah.fb2.zip</filename>
	<title>Лавкрафт Говард Филлипс. Затаившийся Страх</title>
</book>
<book>
	<filename>lavkraft_govard/lavkraft_govard_zelenyi_lug.fb2.zip</filename>
	<title>Лавкрафт Говард Филлипс. Зеленый луг</title>
</book>
<book>
	<filename>lavkraft_govard/lavkraft_govard_zloveshii_svyashennik.fb2.zip</filename>
	<title>Лавкрафт Говард Филлипс. Зловещий священник</title>
</book>
<book>
	<filename>lavkraft_govard/lavkraft_govard_zov_ktulhu.fb2.zip</filename>
	<title>Лавкрафт Говард Филлипс. Зов Ктулху</title>
</book>
<book>
	<filename>lavkraft_govard/lavkraft_govard_zver_v_podzemele.fb2.zip</filename>
	<title>Лавкрафт Говард Филлипс. Зверь в подземелье</title>
</book>
<book>
	<filename>lavkraft_govard/lavkraft_govard_zvyozdnyi_uzhas.fb2.zip</filename>
	<title>Лавкрафт Говард Филлипс. Звёздный Ужас</title>
</book>

</books>

