<?xml version="1.0" encoding="UTF-8" ?>
<books>
<book>
	<filename>lipskerov_dmitrii/lipskerov_dmitrii_sorok_let_chanchzhoye.fb2.zip</filename>
	<title>Липскеров Дмитрий. Сорок лет Чанчжоэ</title>
</book>
<book>
	<filename>li_rebekka/li_rebekka_cvetushii_veresk.fb2.zip</filename>
	<title>Ли Ребекка Хэган. Цветущий вереск</title>
</book>
<book>
	<filename>li_rebekka/li_rebekka_nepodhodyashii_muzh.fb2.zip</filename>
	<title>Ли Ребекка Хэган. Неподходящий муж</title>
</book>
<book>
	<filename>li_rebekka/li_rebekka_princessabeglyanka.fb2.zip</filename>
	<title>Ли Ребекка Хэган. Принцесса-беглянка</title>
</book>
<book>
	<filename>li_richard/li_richard_cepnye_psy_cerkvi_inkviziciya_na_sluzhbe_vatikana.fb2.zip</filename>
	<title>Ли Ричард. Цепные псы церкви. Инквизиция на службе Ватикана</title>
</book>
<book>
	<filename>li_roberta/li_roberta_dvoinaya_igra.fb2.zip</filename>
	<title>Ли Роберта. Двойная игра</title>
</book>
<book>
	<filename>li_roberta/li_roberta_lyubovnaya_duyel.fb2.zip</filename>
	<title>Ли Роберта. Любовная дуэль</title>
</book>
<book>
	<filename>li_roberta/li_roberta_moi_lyubimyi_vrag.fb2.zip</filename>
	<title>Ли Роберта. Мой любимый враг</title>
</book>
<book>
	<filename>li_roberta/li_roberta_pritvorstvo.fb2.zip</filename>
	<title>Ли Роберта. Притворство</title>
</book>
<book>
	<filename>li_roberta/li_roberta_snezhnaya_princessa.fb2.zip</filename>
	<title>Ли Роберта. Снежная принцесса</title>
</book>
<book>
	<filename>li_roberta/li_roberta_stolknovenie_harakterov.fb2.zip</filename>
	<title>Ли Роберта. Столкновение характеров</title>
</book>
<book>
	<filename>li_sharon/li_sharon_agent_peremen.fb2.zip</filename>
	<title>Ли Шарон. Агент перемен</title>
</book>
<book>
	<filename>li_sharon/li_sharon_derzayu.fb2.zip</filename>
	<title>Ли Шарон. Дерзаю</title>
</book>
<book>
	<filename>li_sharon/li_sharon_drakon_kristalla.fb2.zip</filename>
	<title>Ли Шарон. Дракон Кристалла</title>
</book>
<book>
	<filename>li_sharon/li_sharon_konflikt_chesti.fb2.zip</filename>
	<title>Ли Шарон. Конфликт чести</title>
</book>
<book>
	<filename>li_sharon/li_sharon_lovi_den.fb2.zip</filename>
	<title>Ли Шарон. Лови день</title>
</book>
<book>
	<filename>li_sharon/li_sharon_mestnyi_obychai.fb2.zip</filename>
	<title>Ли Шарон. Местный обычай</title>
</book>
<book>
	<filename>li_sharon/li_sharon_plan_b.fb2.zip</filename>
	<title>Ли Шарон. План Б</title>
</book>
<book>
	<filename>li_sharon/li_sharon_put_razvedchika.fb2.zip</filename>
	<title>Ли Шарон. Путь разведчика</title>
</book>
<book>
	<filename>li_sharon/li_sharon_soldat_kristalla.fb2.zip</filename>
	<title>Ли Шарон. Солдат Кристалла</title>
</book>
<book>
	<filename>li_sharon/li_sharon_torgovyi_balans.fb2.zip</filename>
	<title>Ли Шарон. Торговый баланс</title>
</book>
<book>
	<filename>lisichkin_vladimir/lisichkin_vladimir_voina_posle_voiny_informacionnaya_okkupaciya_prodolzhaetsya.fb2.zip</filename>
	<title>Лисичкин Владимир Александрович. Война после войны: информационная оккупация продолжается</title>
</book>
<book>
	<filename>lisovskaya_alisa/lisovskaya_alisa_bryunetka_v_chernom_dzhipe.fb2.zip</filename>
	<title>Лисовская Алиса. Брюнетка в черном джипе</title>
</book>
<book>
	<filename>liss_dyevid/liss_dyevid_zagovor_bumag.fb2.zip</filename>
	<title>Лисс Дэвид. Заговор бумаг</title>
</book>
<book>
	<filename>lister_timoti/lister_timoti_valsiruya_s_medvedyami.fb2.zip</filename>
	<title>Листер Тимоти. Вальсируя с медведями</title>
</book>
<book>
	<filename>list_ferenc/list_ferenc_f_shopen.fb2.zip</filename>
	<title>Лист Ференц. Ф. Шопен</title>
</book>
<book>
	<filename>listfild_yemili/listfild_yemili_deyaniya_lyubvi.fb2.zip</filename>
	<title>Листфилд Эмили. Деяния любви</title>
</book>
<book>
	<filename>listfild_yemili/listfild_yemili_vse_chto_nam_dorogo.fb2.zip</filename>
	<title>Листфилд Эмили. Все, что нам дорого</title>
</book>
<book>
	<filename>listik_dzho/listik_dzho_seksualnyi_perevorot_v_oushnsiti.fb2.zip</filename>
	<title>Листик Джо. Сексуальный переворот в Оушн-Сити</title>
</book>
<book>
	<filename>list_kyetrin/list_kyetrin_yetika_blstva.fb2.zip</filename>
	<title>Лист Кэтрин А. Этика бл**ства</title>
</book>
<book>
	<filename>li_tanit/li_tanit_anakir.fb2.zip</filename>
	<title>Ли Танит. Анакир</title>
</book>
<book>
	<filename>li_tanit/li_tanit_belaya_zmeya.fb2.zip</filename>
	<title>Ли Танит. Белая змея</title>
</book>
<book>
	<filename>li_tanit/li_tanit_chary_tmy.fb2.zip</filename>
	<title>Ли Танит. Чары Тьмы</title>
</book>
<book>
	<filename>li_tanit/li_tanit_chudovishe.fb2.zip</filename>
	<title>Ли Танит. Чудовище</title>
</book>
<book>
	<filename>li_tanit/li_tanit_derevo_dzhanfiya.fb2.zip</filename>
	<title>Ли Танит. Дерево Джанфия</title>
</book>
<book>
	<filename>li_tanit/li_tanit_geroinya_mira.fb2.zip</filename>
	<title>Ли Танит. Героиня мира</title>
</book>
<book>
	<filename>li_tanit/li_tanit_igroki_zimy.fb2.zip</filename>
	<title>Ли Танит. Игроки зимы</title>
</book>
<book>
	<filename>li_tanit/li_tanit_krasny_kak_krov.fb2.zip</filename>
	<title>Ли Танит. Красны как кровь</title>
</book>
<book>
	<filename>li_tanit/li_tanit_milye_mordochki_lapkicarapki.fb2.zip</filename>
	<title>Ли Танит. Милые мордочки, лапки-царапки</title>
</book>
<book>
	<filename>li_tanit/li_tanit_myau.fb2.zip</filename>
	<title>Ли Танит. Мяу</title>
</book>
<book>
	<filename>li_tanit/li_tanit_oderzhimyi_shon.fb2.zip</filename>
	<title>Ли Танит. Одержимый Шон</title>
</book>
<book>
	<filename>li_tanit/li_tanit_piratika.fb2.zip</filename>
	<title>Ли Танит. Пиратика</title>
</book>
<book>
	<filename>li_tanit/li_tanit_piratikaii_vozvrashenie_na_ostrov_popugaev.fb2.zip</filename>
	<title>Ли Танит. Пиратика-II. Возвращение на Остров Попугаев</title>
</book>
<book>
	<filename>li_tanit/li_tanit_poputchiki.fb2.zip</filename>
	<title>Ли Танит. Попутчики</title>
</book>
<book>
	<filename>li_tanit/li_tanit_posle_gilotiny.fb2.zip</filename>
	<title>Ли Танит. После гильотины</title>
</book>
<book>
	<filename>li_tanit/li_tanit_povelitel_groz.fb2.zip</filename>
	<title>Ли Танит. Повелитель гроз</title>
</book>
<book>
	<filename>li_tanit/li_tanit_sabella.fb2.zip</filename>
	<title>Ли Танит. Сабелла</title>
</book>
<book>
	<filename>li_tanit/li_tanit_ubit_mertvyh.fb2.zip</filename>
	<title>Ли Танит. Убить мертвых</title>
</book>
<book>
	<filename>li_tanit/li_tanit_vazkor_syn_vazkora.fb2.zip</filename>
	<title>Ли Танит. Вазкор, сын Вазкора</title>
</book>
<book>
	<filename>li_tanit/li_tanit_vladychica_bezumiya.fb2.zip</filename>
	<title>Ли Танит. Владычица Безумия</title>
</book>
<book>
	<filename>li_tanit/li_tanit_vladyka_illyuzii.fb2.zip</filename>
	<title>Ли Танит. Владыка Иллюзий</title>
</book>
<book>
	<filename>li_tanit/li_tanit_vladyka_nochi.fb2.zip</filename>
	<title>Ли Танит. Владыка Ночи</title>
</book>
<book>
	<filename>li_tanit/li_tanit_vladyka_smerti.fb2.zip</filename>
	<title>Ли Танит. Владыка Смерти</title>
</book>
<book>
	<filename>li_tanit/li_tanit_vosstavshaya_iz_pepla.fb2.zip</filename>
	<title>Ли Танит. Восставшая из пепла</title>
</book>
<book>
	<filename>li_tanit/li_tanit_v_poiskah_beloi_vedmy.fb2.zip</filename>
	<title>Ли Танит. В поисках Белой ведьмы</title>
</book>
<book>
	<filename>li_tanit/li_tanit_zabytyi_kolodec_mirov.fb2.zip</filename>
	<title>Ли Танит. Забытый колодец миров</title>
</book>
<book>
	<filename>li_tanit/li_tanit_zhenshinademon.fb2.zip</filename>
	<title>Ли Танит. Женщина-Демон</title>
</book>
<book>
	<filename>litnevskaya_elena/litnevskaya_elena_russkii_yazyk_kratkii_teoreticheskii_kurs.fb2.zip</filename>
	<title>Литневская Елена Ивановна. Русский язык: краткий теоретический курс</title>
</book>
<book>
	<filename>litovkin_sergei/litovkin_sergei_rasskazy.fb2.zip</filename>
	<title>Литовкин Сергей. Рассказы</title>
</book>
<book>
	<filename>littl_bentli/littl_bentli_dom.fb2.zip</filename>
	<title>Литтл Бентли. Дом</title>
</book>
<book>
	<filename>littl_bentli/littl_bentli_gospodstvo.fb2.zip</filename>
	<title>Литтл Бентли. Господство</title>
</book>
<book>
	<filename>littl_bentli/littl_bentli_idushie.fb2.zip</filename>
	<title>Литтл Бентли. Идущие</title>
</book>
<book>
	<filename>littl_bentli/littl_bentli_nezametnye.fb2.zip</filename>
	<title>Литтл Бентли. Незаметные</title>
</book>
<book>
	<filename>littl_bentli/littl_bentli_otkrovenie.fb2.zip</filename>
	<title>Литтл Бентли. Откровение</title>
</book>
<book>
	<filename>littl_bentli/littl_bentli_pochtalon.fb2.zip</filename>
	<title>Литтл Бентли. Почтальон</title>
</book>
<book>
	<filename>littl_bentli/littl_bentli_universitet.fb2.zip</filename>
	<title>Литтл Бентли. Университет</title>
</book>
<book>
	<filename>litton_dzhozi/litton_dzhozi_fontan_mechty.fb2.zip</filename>
	<title>Литтон Джози. Фонтан мечты</title>
</book>
<book>
	<filename>litton_dzhozi/litton_dzhozi_fontan_ognya.fb2.zip</filename>
	<title>Литтон Джози. Фонтан огня</title>
</book>
<book>
	<filename>litton_dzhozi/litton_dzhozi_fontan_tain.fb2.zip</filename>
	<title>Литтон Джози. Фонтан тайн</title>
</book>
<book>
	<filename>litton_dzhozi/litton_dzhozi_korolevstvo_lunnogo_sveta.fb2.zip</filename>
	<title>Литтон Джози. Королевство лунного света</title>
</book>
<book>
	<filename>litton_dzhozi/litton_dzhozi_mechtai_obo_mne.fb2.zip</filename>
	<title>Литтон Джози. Мечтай обо мне</title>
</book>
<book>
	<filename>litton_dzhozi/litton_dzhozi_ostrov_mechty.fb2.zip</filename>
	<title>Литтон Джози. Остров мечты</title>
</book>
<book>
	<filename>litton_dzhozi/litton_dzhozi_vernis_ko_mne.fb2.zip</filename>
	<title>Литтон Джози. Вернись ко мне</title>
</book>
<book>
	<filename>litton_dzhozi/litton_dzhozi_ver_v_menya.fb2.zip</filename>
	<title>Литтон Джози. Верь в меня</title>
</book>
<book>
	<filename>litton_dzhozi/litton_dzhozi_zamki_v_tumane.fb2.zip</filename>
	<title>Литтон Джози. Замки в тумане</title>
</book>
<book>
	<filename>litvak_mihail/litvak_mihail_komandovat_ili_podchinyatsya.fb2.zip</filename>
	<title>Литвак Михаил Ефимович. Командовать или подчиняться?</title>
</book>
<book>
	<filename>litvak_mihail/litvak_mihail_princip_spermatozoida.fb2.zip</filename>
	<title>Литвак Михаил Ефимович. Принцип сперматозоида</title>
</book>
<book>
	<filename>litvak_mihail/litvak_mihail_psihologicheskii_vampirizm.fb2.zip</filename>
	<title>Литвак Михаил Ефимович. Психологический вампиризм</title>
</book>
<book>
	<filename>litvak_mihail/litvak_mihail_psihologicheskoe_aikido.fb2.zip</filename>
	<title>Литвак Михаил Ефимович. Психологическое айкидо</title>
</book>
<book>
	<filename>litvinenko_aleksandr/litvinenko_aleksandr_lubyanskaya_prestupnaya_gruppirovka.fb2.zip</filename>
	<title>Литвиненко Александр. Лубянская преступная группировка</title>
</book>
<book>
	<filename>litvinova_anna/litvinova_anna_belyi_piar.fb2.zip</filename>
	<title>Литвинова Анна. Белый пиар</title>
</book>
<book>
	<filename>litvinova_anna/litvinova_anna_bystraya_i_shustraya.fb2.zip</filename>
	<title>Литвинова Анна. Быстрая и шустрая</title>
</book>
<book>
	<filename>litvinova_anna/litvinova_anna_chernobelyi_tanec.fb2.zip</filename>
	<title>Литвинова Анна. Черно-белый танец</title>
</book>
<book>
	<filename>litvinova_anna/litvinova_anna_damy_ubivayut_kavalerov.fb2.zip</filename>
	<title>Литвинова Анна. Дамы убивают кавалеров</title>
</book>
<book>
	<filename>litvinova_anna/litvinova_anna_kollekciya_strahov_pretaporte.fb2.zip</filename>
	<title>Литвинова Анна. Коллекция страхов прет-а-порте</title>
</book>
<book>
	<filename>litvinova_anna/litvinova_anna_kot_nedovinchennyi.fb2.zip</filename>
	<title>Литвинова Анна. Кот недовинченный</title>
</book>
<book>
	<filename>litvinova_anna/litvinova_anna_lyubov_schitaet_do_treh.fb2.zip</filename>
	<title>Литвинова Анна. Любовь считает до трех</title>
</book>
<book>
	<filename>litvinova_anna/litvinova_anna_million_na_tri_ne_delitsya.fb2.zip</filename>
	<title>Литвинова Анна. Миллион на три не делится</title>
</book>
<book>
	<filename>litvinova_anna/litvinova_anna_oskar_za_uboinuyu_rol.fb2.zip</filename>
	<title>Литвинова Анна. Оскар за убойную роль</title>
</book>
<book>
	<filename>litvinova_anna/litvinova_anna_oskolki_velikoi_mechty.fb2.zip</filename>
	<title>Литвинова Анна. Осколки великой мечты</title>
</book>
<book>
	<filename>litvinova_anna/litvinova_anna_otpusk_na_tot_svet.fb2.zip</filename>
	<title>Литвинова Анна. Отпуск на тот свет</title>
</book>
<book>
	<filename>litvinova_anna/litvinova_anna_parfyumer_zvonit_pervym.fb2.zip</filename>
	<title>Литвинова Анна. Парфюмер звонит первым</title>
</book>
<book>
	<filename>litvinova_anna/litvinova_anna_predmet_vozhdeleniya_no1.fb2.zip</filename>
	<title>Литвинова Анна. Предмет вожделения №1</title>
</book>
<book>
	<filename>litvinova_anna/litvinova_anna_predposlednii_geroi.fb2.zip</filename>
	<title>Литвинова Анна. Предпоследний герой</title>
</book>
<book>
	<filename>litvinova_anna/litvinova_anna_progulki_po_krayu_propasti.fb2.zip</filename>
	<title>Литвинова Анна. Прогулки по краю пропасти</title>
</book>
<book>
	<filename>litvinova_anna/litvinova_anna_proigravshii_poluchaet_vse.fb2.zip</filename>
	<title>Литвинова Анна. Проигравший получает все</title>
</book>
<book>
	<filename>litvinova_anna/litvinova_anna_recept_idealnoi_mechty.fb2.zip</filename>
	<title>Литвинова Анна. Рецепт идеальной мечты</title>
</book>
<book>
	<filename>litvinova_anna/litvinova_anna_smert_v_nasledstvo.fb2.zip</filename>
	<title>Литвинова Анна. Смерть в наследство</title>
</book>
<book>
	<filename>litvinova_anna/litvinova_anna_solnce_svetit_ne_vsem.fb2.zip</filename>
	<title>Литвинова Анна. Солнце светит не всем</title>
</book>
<book>
	<filename>litvinova_anna/litvinova_anna_transfer_na_nebo.fb2.zip</filename>
	<title>Литвинова Анна. Трансфер на небо</title>
</book>
<book>
	<filename>litvinova_anna/litvinova_anna_vse_devushki_lyubyat_brillianty.fb2.zip</filename>
	<title>Литвинова Анна. Все девушки любят бриллианты</title>
</book>
<book>
	<filename>litvinova_anna/litvinova_anna_vtoroi_raz_ne_voskresnesh.fb2.zip</filename>
	<title>Литвинова Анна. Второй раз не воскреснешь</title>
</book>
<book>
	<filename>litvinova_anna/litvinova_anna_yeksklyuzivnyi_greh.fb2.zip</filename>
	<title>Литвинова Анна. Эксклюзивный грех</title>
</book>
<book>
	<filename>litvinova_renata/litvinova_renata_obladat_i_prinadlezhat.fb2.zip</filename>
	<title>Литвинова Рената. Обладать и принадлежать</title>
</book>
<book>
	<filename>litvinov_sergei/litvinov_sergei_vse_muzhchiny_lyubyat_yeto.fb2.zip</filename>
	<title>Литвинов Сергей. Все мужчины любят это</title>
</book>
<book>
	<filename>lityem_dzhonatan/lityem_dzhonatan_sirotskii_bruklin.fb2.zip</filename>
	<title>Литэм Джонатан. Сиротский Бруклин</title>
</book>
<book>
	<filename>livadnyi_andrei/livadnyi_andrei_dusha_odinochki.fb2.zip</filename>
	<title>Ливадный Андрей. Душа «Одиночки»</title>
</book>
<book>
	<filename>livadnyi_andrei/livadnyi_andrei_forma_zhizni.fb2.zip</filename>
	<title>Ливадный Андрей. Форма жизни</title>
</book>
<book>
	<filename>livadnyi_andrei/livadnyi_andrei_kiberprostranstvo.fb2.zip</filename>
	<title>Ливадный Андрей. Киберпространство</title>
</book>
<book>
	<filename>livadnyi_andrei/livadnyi_andrei_koloniya.fb2.zip</filename>
	<title>Ливадный Андрей. Колония</title>
</book>
<book>
	<filename>livadnyi_andrei/livadnyi_andrei_myatezhnyi_procion.fb2.zip</filename>
	<title>Ливадный Андрей. Мятежный Процион</title>
</book>
<book>
	<filename>livadnyi_andrei/livadnyi_andrei_natali.fb2.zip</filename>
	<title>Ливадный Андрей. Натали</title>
</book>
<book>
	<filename>livadnyi_andrei/livadnyi_andrei_otverzhennyi.fb2.zip</filename>
	<title>Ливадный Андрей. Отверженный</title>
</book>
<book>
	<filename>livadnyi_andrei/livadnyi_andrei_predtechi_planeta_golubyh_dyavolov.fb2.zip</filename>
	<title>Ливадный Андрей. Предтечи («Планета голубых дьяволов»)</title>
</book>
<book>
	<filename>livadnyi_andrei/livadnyi_andrei_relikt.fb2.zip</filename>
	<title>Ливадный Андрей. Реликт</title>
</book>
<book>
	<filename>livadnyi_andrei/livadnyi_andrei_skoplenie_shirana.fb2.zip</filename>
	<title>Ливадный Андрей. Скопление Ширана</title>
</book>
<book>
	<filename>livadnyi_andrei/livadnyi_andrei_son_razuma.fb2.zip</filename>
	<title>Ливадный Андрей. Сон разума</title>
</book>
<book>
	<filename>livadnyi_andrei/livadnyi_andrei_vladyka_nochi.fb2.zip</filename>
	<title>Ливадный Андрей. Владыка ночи</title>
</book>
<book>
	<filename>livadnyi_andrei/livadnyi_andrei_zarya_nad_araksom.fb2.zip</filename>
	<title>Ливадный Андрей. Заря над Араксом</title>
</book>
<book>
	<filename>livanov_vasilii/livanov_vasilii_pomni_o_beloi_vorone_zapiski_sherloka_holmsa.fb2.zip</filename>
	<title>Ливанов Василий. Помни о белой вороне (Записки Шерлока Холмса)</title>
</book>
<book>
	<filename>livii_tit/livii_tit_voina_s_gannibalom.fb2.zip</filename>
	<title>Ливий Тит. Война с Ганнибалом</title>
</book>
<book>
	<filename>li_viktoriya/li_viktoriya_dozhdis_polunochi.fb2.zip</filename>
	<title>Ли Виктория. Дождись полуночи</title>
</book>
<book>
	<filename>li_viktoriya/li_viktoriya_vdogonku_za_sudboi.fb2.zip</filename>
	<title>Ли Виктория. Вдогонку за судьбой</title>
</book>
<book>
	<filename>li_yedna/li_yedna_v_pautine_dnei.fb2.zip</filename>
	<title>Ли Эдна. В паутине дней</title>
</book>
<book>
	<filename>li_yeina/li_yeina_doroga_lyubvi.fb2.zip</filename>
	<title>Ли Эйна. Дорога любви</title>
</book>
<book>
	<filename>li_yeina/li_yeina_dorozhe_zolota.fb2.zip</filename>
	<title>Ли Эйна. Дороже золота</title>
</book>
<book>
	<filename>li_yeina/li_yeina_gordost_i_soblazn.fb2.zip</filename>
	<title>Ли Эйна. Гордость и соблазн</title>
</book>
<book>
	<filename>li_yeina/li_yeina_iskusitelnica.fb2.zip</filename>
	<title>Ли Эйна. Искусительница</title>
</book>
<book>
	<filename>li_yeina/li_yeina_kak_podskazhet_lyubov.fb2.zip</filename>
	<title>Ли Эйна. Как подскажет любовь</title>
</book>
<book>
	<filename>li_yeina/li_yeina_lyubovnye_hroniki_flint_makkenzi.fb2.zip</filename>
	<title>Ли Эйна. Любовные хроники: Флинт Маккензи</title>
</book>
<book>
	<filename>li_yeina/li_yeina_lyubovnye_hroniki_lyuk_makkenzi.fb2.zip</filename>
	<title>Ли Эйна. Любовные хроники: Люк Маккензи</title>
</book>
<book>
	<filename>li_yeina/li_yeina_mirom_pravit_lyubov.fb2.zip</filename>
	<title>Ли Эйна. Миром правит любовь</title>
</book>
<book>
	<filename>li_yeina/li_yeina_moi_nezhnyi_vrag.fb2.zip</filename>
	<title>Ли Эйна. Мой нежный враг</title>
</book>
<book>
	<filename>li_yeina/li_yeina_na_holmah_lyubvi.fb2.zip</filename>
	<title>Ли Эйна. На холмах любви</title>
</book>
<book>
	<filename>li_yeina/li_yeina_noch_s_vozlyublennym.fb2.zip</filename>
	<title>Ли Эйна. Ночь с возлюбленным</title>
</book>
<book>
	<filename>li_yeina/li_yeina_obretennaya_lyubov.fb2.zip</filename>
	<title>Ли Эйна. Обретенная любовь</title>
</book>
<book>
	<filename>li_yeina/li_yeina_ocharovatelnaya_neznakomka.fb2.zip</filename>
	<title>Ли Эйна. Очаровательная незнакомка</title>
</book>
<book>
	<filename>li_yeina/li_yeina_pylkaya_strast.fb2.zip</filename>
	<title>Ли Эйна. Пылкая страсть</title>
</book>
<book>
	<filename>li_yeina/li_yeina_sladostnaya_pobeda.fb2.zip</filename>
	<title>Ли Эйна. Сладостная победа</title>
</book>
<book>
	<filename>li_yeina/li_yeina_sudba_obetovannaya.fb2.zip</filename>
	<title>Ли Эйна. Судьба обетованная</title>
</book>
<book>
	<filename>li_yeina/li_yeina_svoenravnaya_krasavica.fb2.zip</filename>
	<title>Ли Эйна. Своенравная красавица</title>
</book>
<book>
	<filename>li_yeina/li_yeina_utro_nashei_lyubvi.fb2.zip</filename>
	<title>Ли Эйна. Утро нашей любви</title>
</book>
<book>
	<filename>li_yeina/li_yeina_v_put_za_lyubovyu.fb2.zip</filename>
	<title>Ли Эйна. В путь за любовью</title>
</book>
<book>
	<filename>li_yunas/li_yunas_anvyerskaya_chaika.fb2.zip</filename>
	<title>Ли Юнас. Анвэрская чайка</title>
</book>
<book>
	<filename>li_yunas/li_yunas_iju_s_morskih_ostrovov.fb2.zip</filename>
	<title>Ли Юнас. Йу с морских островов</title>
</book>
<book>
	<filename>li_yunas/li_yunas_les.fb2.zip</filename>
	<title>Ли Юнас. Лес</title>
</book>
<book>
	<filename>li_yunas/li_yunas_volshebnaya_ryba.fb2.zip</filename>
	<title>Ли Юнас. Волшебная рыба</title>
</book>
<book>
	<filename>li_yunas/li_yunas_zov_melnicy.fb2.zip</filename>
	<title>Ли Юнас. Зов мельницы</title>
</book>
<book>
	<filename>llivelin_morgan/llivelin_morgan_doch_golubyh_gor.fb2.zip</filename>
	<title>Лливелин Морган. Дочь Голубых гор</title>
</book>
<book>
	<filename>lloid_dzhozi/lloid_dzhozi_davai_vmeste.fb2.zip</filename>
	<title>Ллойд Джози. Давай вместе</title>
</book>
<book>
	<filename>lloid_tom/lloid_tom_vyzyvayushii_buryu.fb2.zip</filename>
	<title>Ллойд Том. Вызывающий бурю</title>
</book>
<book>
	<filename>lobachev_valerii/lobachev_valerii_i_pechatyu_skrepleno_puteshestvie_v_907_god.fb2.zip</filename>
	<title>Лобачев Валерий. И печатью скреплено. Путешествие в 907 год</title>
</book>
<book>
	<filename>lobanovskaya_irina/lobanovskaya_irina_anatomiya_razvoda.fb2.zip</filename>
	<title>Лобановская Ирина. Анатомия развода</title>
</book>
<book>
	<filename>lobanovskaya_irina/lobanovskaya_irina_propustite_zhenshinu_s_rebenkom.fb2.zip</filename>
	<title>Лобановская Ирина. Пропустите женщину с ребенком</title>
</book>
<book>
	<filename>lobanovskaya_irina/lobanovskaya_irina_zhenshiny_prezidenta.fb2.zip</filename>
	<title>Лобановская Ирина. Женщины президента</title>
</book>
<book>
	<filename>lobanovskii_valerii/lobanovskii_valerii_beskonechnyi_match.fb2.zip</filename>
	<title>Лобановский Валерий. Бесконечный матч</title>
</book>
<book>
	<filename>lobas_vladimir/lobas_vladimir_zhyoltye_koroli.fb2.zip</filename>
	<title>Лобас Владимир. Жёлтые короли</title>
</book>
<book>
	<filename>lobas_vladimir/lobas_vladimir_zhyoltye_koroli_zapiski_nyuiorkskogo_taksista.fb2.zip</filename>
	<title>Лобас Владимир. Жёлтые короли. Записки нью-йоркского таксиста</title>
</book>
<book>
	<filename>lobatu_monteiru/lobatu_monteiru_orden_zhyoltogo_dyatla.fb2.zip</filename>
	<title>Лобату Монтейру. Орден Жёлтого Дятла</title>
</book>
<book>
	<filename>lobodin_vladimir/lobodin_vladimir_formula_zdorovya.fb2.zip</filename>
	<title>Лободин Владимир. Формула здоровья</title>
</book>
<book>
	<filename>lobov_vasilii/lobov_vasilii_dom_kotoryi_sumacshedshii.fb2.zip</filename>
	<title>Лобов Василий. Дом, который сумаcшедший</title>
</book>
<book>
	<filename>lodzh_dyevid/lodzh_dyevid_akademicheskii_obmen.fb2.zip</filename>
	<title>Лодж Дэвид. Академический обмен</title>
</book>
<book>
	<filename>lofts_nora/lofts_nora_cvetushaya_kak_roza.fb2.zip</filename>
	<title>Лофтс Нора. Цветущая, как роза</title>
</book>
<book>
	<filename>lofts_nora/lofts_nora_dzhentlmen_chto_nado.fb2.zip</filename>
	<title>Лофтс Нора. Джентльмен что надо</title>
</book>
<book>
	<filename>lofts_nora/lofts_nora_telec_dlya_venery.fb2.zip</filename>
	<title>Лофтс Нора. Телец для Венеры</title>
</book>
<book>
	<filename>logachev_aleksandr/logachev_aleksandr_krasnyi_terminator_doroga_kak_sudba.fb2.zip</filename>
	<title>Логачев Александр. Красный терминатор. Дорога как судьба</title>
</book>
<book>
	<filename>logachev_aleksandr/logachev_aleksandr_mechi_yamato.fb2.zip</filename>
	<title>Логачев Александр. Мечи Ямато</title>
</book>
<book>
	<filename>logachev_aleksandr/logachev_aleksandr_po_lezviyu_katany.fb2.zip</filename>
	<title>Логачев Александр. По лезвию катаны</title>
</book>
<book>
	<filename>logan_dzhek/logan_dzhek_zheleznyi_mustang.fb2.zip</filename>
	<title>Логан Джек. Железный мустанг</title>
</book>
<book>
	<filename>logan_keit/logan_keit_nochnoi_ogon.fb2.zip</filename>
	<title>Логан Кейт. Ночной огонь</title>
</book>
<book>
	<filename>logan_kimberli/logan_kimberli_iskushenie_dyavola.fb2.zip</filename>
	<title>Логан Кимберли. Искушение дьявола</title>
</book>
<book>
	<filename>logan_kimberli/logan_kimberli_pocelui_vo_mrake.fb2.zip</filename>
	<title>Логан Кимберли. Поцелуй во мраке</title>
</book>
<book>
	<filename>logan_kimberli/logan_kimberli_polunochnye_grehi.fb2.zip</filename>
	<title>Логан Кимберли. Полуночные грехи</title>
</book>
<book>
	<filename>logan_kimberli/logan_kimberli_soblaznennaya_grehom.fb2.zip</filename>
	<title>Логан Кимберли. Соблазненная грехом</title>
</book>
<book>
	<filename>logan_leandra/logan_leandra_ditya_nebes.fb2.zip</filename>
	<title>Логан Леандра. Дитя небес</title>
</book>
<book>
	<filename>logan_leandra/logan_leandra_neznakomcy_v_nochi.fb2.zip</filename>
	<title>Логан Леандра. Незнакомцы в ночи</title>
</book>
<book>
	<filename>loginov_mihail/loginov_mihail_krasnyi_terminator_doroga_kak_sudba.fb2.zip</filename>
	<title>Логинов Михаил. Красный терминатор. Дорога как судьба</title>
</book>
<book>
	<filename>loginov_mihail/loginov_mihail_pravo_na_vybor.fb2.zip</filename>
	<title>Логинов Михаил. Право на выбор</title>
</book>
<book>
	<filename>loginov_svyatoslav/loginov_svyatoslav_adept_sergeev.fb2.zip</filename>
	<title>Логинов Святослав. Адепт Сергеев</title>
</book>
<book>
	<filename>loginov_svyatoslav/loginov_svyatoslav_avtoportret.fb2.zip</filename>
	<title>Логинов Святослав. Автопортрет</title>
</book>
<book>
	<filename>loginov_svyatoslav/loginov_svyatoslav_byl_o_skazochnom_zvere.fb2.zip</filename>
	<title>Логинов Святослав. Быль о сказочном звере</title>
</book>
<book>
	<filename>loginov_svyatoslav/loginov_svyatoslav_chernaya_krov.fb2.zip</filename>
	<title>Логинов Святослав. Черная кровь</title>
</book>
<book>
	<filename>loginov_svyatoslav/loginov_svyatoslav_chernyi_smerch.fb2.zip</filename>
	<title>Логинов Святослав. Черный смерч</title>
</book>
<book>
	<filename>loginov_svyatoslav/loginov_svyatoslav_dom_u_dorogi.fb2.zip</filename>
	<title>Логинов Святослав. Дом у дороги</title>
</book>
<book>
	<filename>loginov_svyatoslav/loginov_svyatoslav_dorogoi_shirokoi.fb2.zip</filename>
	<title>Логинов Святослав. Дорогой широкой</title>
</book>
<book>
	<filename>loginov_svyatoslav/loginov_svyatoslav_drakony_polunochnyh_gor.fb2.zip</filename>
	<title>Логинов Святослав. Драконы полуночных гор</title>
</book>
<book>
	<filename>loginov_svyatoslav/loginov_svyatoslav_gans_krysolov.fb2.zip</filename>
	<title>Логинов Святослав. Ганс Крысолов</title>
</book>
<book>
	<filename>loginov_svyatoslav/loginov_svyatoslav_hozyain.fb2.zip</filename>
	<title>Логинов Святослав. Хозяин</title>
</book>
<book>
	<filename>loginov_svyatoslav/loginov_svyatoslav_imperskie_vedmy.fb2.zip</filename>
	<title>Логинов Святослав. Имперские ведьмы</title>
</book>
<book>
	<filename>loginov_svyatoslav/loginov_svyatoslav_kartezhnik.fb2.zip</filename>
	<title>Логинов Святослав. Картежник</title>
</book>
<book>
	<filename>loginov_svyatoslav/loginov_svyatoslav_kolodez.fb2.zip</filename>
	<title>Логинов Святослав. Колодезь</title>
</book>
<book>
	<filename>loginov_svyatoslav/loginov_svyatoslav_kvest.fb2.zip</filename>
	<title>Логинов Святослав. Квест</title>
</book>
<book>
	<filename>loginov_svyatoslav/loginov_svyatoslav_les_gospodina_grafa.fb2.zip</filename>
	<title>Логинов Святослав. Лес господина Графа</title>
</book>
<book>
	<filename>loginov_svyatoslav/loginov_svyatoslav_mashenka.fb2.zip</filename>
	<title>Логинов Святослав. Машенька</title>
</book>
<book>
	<filename>loginov_svyatoslav/loginov_svyatoslav_med_zhizni.fb2.zip</filename>
	<title>Логинов Святослав. Мед жизни</title>
</book>
<book>
	<filename>loginov_svyatoslav/loginov_svyatoslav_mikrokosm.fb2.zip</filename>
	<title>Логинов Святослав. Микрокосм</title>
</book>
<book>
	<filename>loginov_svyatoslav/loginov_svyatoslav_mirakl_ryadovogo_dnya.fb2.zip</filename>
	<title>Логинов Святослав. Миракль рядового дня</title>
</book>
<book>
	<filename>loginov_svyatoslav/loginov_svyatoslav_mnogorukii_bog_dalaina.fb2.zip</filename>
	<title>Логинов Святослав. Многорукий Бог Далайна</title>
</book>
<book>
	<filename>loginov_svyatoslav/loginov_svyatoslav_monstrum_magnum.fb2.zip</filename>
	<title>Логинов Святослав. Monstrum magnum</title>
</book>
<book>
	<filename>loginov_svyatoslav/loginov_svyatoslav_obereg_u_pustyh_holmov.fb2.zip</filename>
	<title>Логинов Святослав. Оберег у Пустых холмов</title>
</book>
<book>
	<filename>loginov_svyatoslav/loginov_svyatoslav_ostryi_syuzhet.fb2.zip</filename>
	<title>Логинов Святослав. Острый сюжет</title>
</book>
<book>
	<filename>loginov_svyatoslav/loginov_svyatoslav_raven_bogu.fb2.zip</filename>
	<title>Логинов Святослав. Равен богу</title>
</book>
<book>
	<filename>loginov_svyatoslav/loginov_svyatoslav_raz_dva_tri_chetyre.fb2.zip</filename>
	<title>Логинов Святослав. Раз, два, три, четыре</title>
</book>
<book>
	<filename>loginov_svyatoslav/loginov_svyatoslav_sbornik_mikro_rasskazov.fb2.zip</filename>
	<title>Логинов Святослав. Сборник микро рассказов</title>
</book>
<book>
	<filename>loginov_svyatoslav/loginov_svyatoslav_smirnyi_zhak.fb2.zip</filename>
	<title>Логинов Святослав. Смирный Жак</title>
</book>
<book>
	<filename>loginov_svyatoslav/loginov_svyatoslav_strazh_perevala.fb2.zip</filename>
	<title>Логинов Святослав. Страж Перевала</title>
</book>
<book>
	<filename>loginov_svyatoslav/loginov_svyatoslav_svet_v_okoshke.fb2.zip</filename>
	<title>Логинов Святослав. Свет в окошке</title>
</book>
<book>
	<filename>loginov_svyatoslav/loginov_svyatoslav_temnyi_glaz.fb2.zip</filename>
	<title>Логинов Святослав. Темный глаз</title>
</book>
<book>
	<filename>loginov_svyatoslav/loginov_svyatoslav_vo_imya_tvoe.fb2.zip</filename>
	<title>Логинов Святослав. Во имя твое</title>
</book>
<book>
	<filename>loginov_svyatoslav/loginov_svyatoslav_vzglyad_dolu.fb2.zip</filename>
	<title>Логинов Святослав. Взгляд долу</title>
</book>
<book>
	<filename>loginov_svyatoslav/loginov_svyatoslav_yablochko_ot_yablonki.fb2.zip</filename>
	<title>Логинов Святослав. Яблочко от яблоньки</title>
</book>
<book>
	<filename>loginov_svyatoslav/loginov_svyatoslav_ya_ne_trogayu_tebya.fb2.zip</filename>
	<title>Логинов Святослав. Я не трогаю тебя</title>
</book>
<book>
	<filename>loginov_svyatoslav/loginov_svyatoslav_zakat_na_planete_zemlya.fb2.zip</filename>
	<title>Логинов Святослав. Закат на планете Земля</title>
</book>
<book>
	<filename>loginov_svyatoslav/loginov_svyatoslav_zamoshe.fb2.zip</filename>
	<title>Логинов Святослав. Замошье</title>
</book>
<book>
	<filename>loginov_svyatoslav/loginov_svyatoslav_zemnye_puti.fb2.zip</filename>
	<title>Логинов Святослав. Земные пути</title>
</book>
<book>
	<filename>loginov_svyatoslav/loginov_svyatoslav_zheleznyi_vek.fb2.zip</filename>
	<title>Логинов Святослав. Железный век</title>
</book>
<book>
	<filename>loginov_svyatoslav/loginov_svyatoslav_zhilbyl.fb2.zip</filename>
	<title>Логинов Святослав. Жил-был…</title>
</book>
<book>
	<filename>loginov_svyatoslav/loginov_svyatoslav_zhivye_dushi.fb2.zip</filename>
	<title>Логинов Святослав. Живые души</title>
</book>
<book>
	<filename>logunov_aleksandr/logunov_aleksandr_ostavshiisya_tam.fb2.zip</filename>
	<title>Логунов Александр. Оставшийся – там</title>
</book>
<book>
	<filename>logunov_aleksandr/logunov_aleksandr_pod_sozvezdiem_oktapoda.fb2.zip</filename>
	<title>Логунов Александр. Под созвездием Октапода</title>
</book>
<book>
	<filename>lohvickaya_nadezhda/lohvickaya_nadezhda_vseobshaya_istoriya_obrabotannaya_satirikonom.fb2.zip</filename>
	<title>Лохвицкая Надежда Александровна. Всеобщая история, обработанная Сатириконом</title>
</book>

</books>

