<?xml version="1.0" encoding="UTF-8" ?>
<books>
<book>
	<filename>lokhard_dzhordzh/lokhard_dzhordzh_ad_na_dvoih.fb2.zip</filename>
	<title>Локхард Джордж. Ад на двоих</title>
</book>
<book>
	<filename>lokhard_dzhordzh/lokhard_dzhordzh_beskonechnaya_igra_2.fb2.zip</filename>
	<title>Локхард Джордж. Бесконечная игра – 2</title>
</book>
<book>
	<filename>lokhard_dzhordzh/lokhard_dzhordzh_bitva_za_budushee.fb2.zip</filename>
	<title>Локхард Джордж. Битва за будущее</title>
</book>
<book>
	<filename>lokhard_dzhordzh/lokhard_dzhordzh_chernoe_plamya.fb2.zip</filename>
	<title>Локхард Джордж. Черное Пламя</title>
</book>
<book>
	<filename>lokhard_dzhordzh/lokhard_dzhordzh_chetyre_zhizni_mistera_dzhounsa.fb2.zip</filename>
	<title>Локхард Джордж. Четыре жизни мистера Джоунса</title>
</book>
<book>
	<filename>lokhard_dzhordzh/lokhard_dzhordzh_dnevnik_supergeroya.fb2.zip</filename>
	<title>Локхард Джордж. Дневник супергероя</title>
</book>
<book>
	<filename>lokhard_dzhordzh/lokhard_dzhordzh_dobro_pozhalovat_na_zemlyu.fb2.zip</filename>
	<title>Локхард Джордж. Добро пожаловать на Землю</title>
</book>
<book>
	<filename>lokhard_dzhordzh/lokhard_dzhordzh_dolgii_oranzhevyi_den.fb2.zip</filename>
	<title>Локхард Джордж. Долгий оранжевый день</title>
</book>
<book>
	<filename>lokhard_dzhordzh/lokhard_dzhordzh_drakony_v_romashkah.fb2.zip</filename>
	<title>Локхард Джордж. Драконы в ромашках</title>
</book>
<book>
	<filename>lokhard_dzhordzh/lokhard_dzhordzh_gnev_drakona.fb2.zip</filename>
	<title>Локхард Джордж. Гнев дракона</title>
</book>
<book>
	<filename>lokhard_dzhordzh/lokhard_dzhordzh_godzilla.fb2.zip</filename>
	<title>Локхард Джордж. Годзилла</title>
</book>
<book>
	<filename>lokhard_dzhordzh/lokhard_dzhordzh_instrukciya_po_yekspluatacii.fb2.zip</filename>
	<title>Локхард Джордж. Инструкция по эксплуатации</title>
</book>
<book>
	<filename>lokhard_dzhordzh/lokhard_dzhordzh_i_stal_svet.fb2.zip</filename>
	<title>Локхард Джордж. И стал свет...</title>
</book>
<book>
	<filename>lokhard_dzhordzh/lokhard_dzhordzh_istrebitel_chudovish.fb2.zip</filename>
	<title>Локхард Джордж. Истребитель чудовищ</title>
</book>
<book>
	<filename>lokhard_dzhordzh/lokhard_dzhordzh_krasavicy_i_chudovisha.fb2.zip</filename>
	<title>Локхард Джордж. Красавицы и чудовища</title>
</book>
<book>
	<filename>lokhard_dzhordzh/lokhard_dzhordzh_krasnyi_drakon.fb2.zip</filename>
	<title>Локхард Джордж. Красный дракон</title>
</book>
<book>
	<filename>lokhard_dzhordzh/lokhard_dzhordzh_k_vostoku_ot_yedema.fb2.zip</filename>
	<title>Локхард Джордж. К Востоку от Эдема</title>
</book>
<book>
	<filename>lokhard_dzhordzh/lokhard_dzhordzh_muraveinik.fb2.zip</filename>
	<title>Локхард Джордж. Муравейник</title>
</book>
<book>
	<filename>lokhard_dzhordzh/lokhard_dzhordzh_ne_zolotoi_gorod.fb2.zip</filename>
	<title>Локхард Джордж. Не золотой город</title>
</book>
<book>
	<filename>lokhard_dzhordzh/lokhard_dzhordzh_noch_rozhdeniya.fb2.zip</filename>
	<title>Локхард Джордж. Ночь рождения</title>
</book>
<book>
	<filename>lokhard_dzhordzh/lokhard_dzhordzh_obezyannik.fb2.zip</filename>
	<title>Локхард Джордж. Обезьянник</title>
</book>
<book>
	<filename>lokhard_dzhordzh/lokhard_dzhordzh_oborvi_moi_krylya.fb2.zip</filename>
	<title>Локхард Джордж. Оборви мои крылья</title>
</book>
<book>
	<filename>lokhard_dzhordzh/lokhard_dzhordzh_odnazhdy_zimnim_utrom.fb2.zip</filename>
	<title>Локхард Джордж. Однажды зимним утром...</title>
</book>
<book>
	<filename>lokhard_dzhordzh/lokhard_dzhordzh_osnovanie_skaly.fb2.zip</filename>
	<title>Локхард Джордж. Основание скалы</title>
</book>
<book>
	<filename>lokhard_dzhordzh/lokhard_dzhordzh_pobeditel.fb2.zip</filename>
	<title>Локхард Джордж. Победитель</title>
</book>
<book>
	<filename>lokhard_dzhordzh/lokhard_dzhordzh_pokupaem_poderzhannyi_zvezdolyot.fb2.zip</filename>
	<title>Локхард Джордж. Покупаем подержанный звездолёт</title>
</book>
<book>
	<filename>lokhard_dzhordzh/lokhard_dzhordzh_proklyaty_schastem.fb2.zip</filename>
	<title>Локхард Джордж. Прокляты счастьем</title>
</book>
<book>
	<filename>lokhard_dzhordzh/lokhard_dzhordzh_raz_dva_tri_chetyre_pyat.fb2.zip</filename>
	<title>Локхард Джордж. Раз, два, три, четыре, пять...</title>
</book>
<book>
	<filename>lokhard_dzhordzh/lokhard_dzhordzh_rzhavoe_zoloto.fb2.zip</filename>
	<title>Локхард Джордж. Ржавое золото</title>
</book>
<book>
	<filename>lokhard_dzhordzh/lokhard_dzhordzh_safari.fb2.zip</filename>
	<title>Локхард Джордж. Сафари</title>
</book>
<book>
	<filename>lokhard_dzhordzh/lokhard_dzhordzh_sezon_chyornyh_dozhdei.fb2.zip</filename>
	<title>Локхард Джордж. Сезон Чёрных Дождей</title>
</book>
<book>
	<filename>lokhard_dzhordzh/lokhard_dzhordzh_shepot_sudby.fb2.zip</filename>
	<title>Локхард Джордж. Шепот судьбы</title>
</book>
<book>
	<filename>lokhard_dzhordzh/lokhard_dzhordzh_simfoniya_tmy.fb2.zip</filename>
	<title>Локхард Джордж. Симфония Тьмы</title>
</book>
<book>
	<filename>lokhard_dzhordzh/lokhard_dzhordzh_skorost_ubeganiya.fb2.zip</filename>
	<title>Локхард Джордж. Скорость убегания</title>
</book>
<book>
	<filename>lokhard_dzhordzh/lokhard_dzhordzh_slovo_16bit.fb2.zip</filename>
	<title>Локхард Джордж. Слово (16bit)</title>
</book>
<book>
	<filename>lokhard_dzhordzh/lokhard_dzhordzh_strela_damokla.fb2.zip</filename>
	<title>Локхард Джордж. Стрела Дамокла</title>
</book>
<book>
	<filename>lokhard_dzhordzh/lokhard_dzhordzh_sudnaya_noch.fb2.zip</filename>
	<title>Локхард Джордж. Судная ночь</title>
</book>
<book>
	<filename>lokhard_dzhordzh/lokhard_dzhordzh_the_dragonslayer.fb2.zip</filename>
	<title>Локхард Джордж. The Dragonslayer</title>
</book>
<book>
	<filename>lokhard_dzhordzh/lokhard_dzhordzh_u_4004_ad.fb2.zip</filename>
	<title>Локхард Джордж. U – 4004 a.d.</title>
</book>
<book>
	<filename>lokhard_dzhordzh/lokhard_dzhordzh_utopiya_13.fb2.zip</filename>
	<title>Локхард Джордж. Утопия 13</title>
</book>
<book>
	<filename>lokhard_dzhordzh/lokhard_dzhordzh_vertikalnaya_liniya.fb2.zip</filename>
	<title>Локхард Джордж. Вертикальная линия</title>
</book>
<book>
	<filename>lokhard_dzhordzh/lokhard_dzhordzh_voshod_chernogo_solnca.fb2.zip</filename>
	<title>Локхард Джордж. Восход Черного солнца</title>
</book>
<book>
	<filename>lokhard_dzhordzh/lokhard_dzhordzh_vremya_dlya_drakonov.fb2.zip</filename>
	<title>Локхард Джордж. Время для драконов</title>
</book>
<book>
	<filename>lokhard_dzhordzh/lokhard_dzhordzh_zakon_sohraneniya_zhizni.fb2.zip</filename>
	<title>Локхард Джордж. Закон сохранения жизни</title>
</book>
<book>
	<filename>lokhard_dzhordzh/lokhard_dzhordzh_zhelezobeton.fb2.zip</filename>
	<title>Локхард Джордж. Железобетон</title>
</book>
<book>
	<filename>lokhard_dzhordzh/lokhard_dzhordzh_zvezda_po_imeni_solnce.fb2.zip</filename>
	<title>Локхард Джордж. Звезда по имени Солнце</title>
</book>
<book>
	<filename>lokk_diana/lokk_diana_ispytanie_chuvstv.fb2.zip</filename>
	<title>Локк Диана. Испытание чувств</title>
</book>
<book>
	<filename>loknit_olaf_born/loknit_olaf_born_konan_i_alaya_pechat.fb2.zip</filename>
	<title>Локнит Олаф Бьорн. Конан и Алая печать</title>
</book>
<book>
	<filename>loknit_olaf_born/loknit_olaf_born_konan_i_povelitel_molnii.fb2.zip</filename>
	<title>Локнит Олаф Бьорн. Конан и повелитель молний</title>
</book>
<book>
	<filename>loknit_olaf_born/loknit_olaf_born_lvinyi_prestol.fb2.zip</filename>
	<title>Локнит Олаф Бьорн. Львиный престол</title>
</book>
<book>
	<filename>loknit_olaf_born/loknit_olaf_born_podzemnyi_ogon.fb2.zip</filename>
	<title>Локнит Олаф Бьорн. Подземный огонь</title>
</book>
<book>
	<filename>loknit_olaf_born/loknit_olaf_born_sokrovisha_nebes.fb2.zip</filename>
	<title>Локнит Олаф Бьорн. Сокровища небес</title>
</book>
<book>
	<filename>loknit_olaf_born/loknit_olaf_born_talisman_vsadnika.fb2.zip</filename>
	<title>Локнит Олаф Бьорн. Талисман всадника</title>
</book>
<book>
	<filename>loknit_olaf_born/loknit_olaf_born_tanec_pustoty.fb2.zip</filename>
	<title>Локнит Олаф Бьорн. Танец пустоты</title>
</book>
<book>
	<filename>lomachinskii_andrei/lomachinskii_andrei_avtonomnyi_appendicit.fb2.zip</filename>
	<title>Ломачинский Андрей Анатольевич. Автономный Аппендицит</title>
</book>
<book>
	<filename>lomachinskii_andrei/lomachinskii_andrei_dnk_negodnoi_krovi.fb2.zip</filename>
	<title>Ломачинский Андрей Анатольевич. ДНК Негодной Крови</title>
</book>
<book>
	<filename>lomachinskii_andrei/lomachinskii_andrei_gazogenerator.fb2.zip</filename>
	<title>Ломачинский Андрей Анатольевич. Газогенератор</title>
</book>
<book>
	<filename>lomachinskii_andrei/lomachinskii_andrei_komandirovka.fb2.zip</filename>
	<title>Ломачинский Андрей Анатольевич. Командировка</title>
</book>
<book>
	<filename>lomachinskii_andrei/lomachinskii_andrei_kriminalnye_aborty.fb2.zip</filename>
	<title>Ломачинский Андрей Анатольевич. Криминальные Аборты</title>
</book>
<book>
	<filename>lomachinskii_andrei/lomachinskii_andrei_kurezy_voennoi_mediciny_i_yekspertizy.fb2.zip</filename>
	<title>Ломачинский Андрей Анатольевич. Курьезы Военной Медицины И Экспертизы</title>
</book>
<book>
	<filename>lombar_zhan/lombar_zhan_agoniya.fb2.zip</filename>
	<title>Ломбар Жан. Агония</title>
</book>
<book>
	<filename>lombar_zhan/lombar_zhan_vizantiya.fb2.zip</filename>
	<title>Ломбар Жан. Византия</title>
</book>
<book>
	<filename>lomb_kato/lomb_kato_kak_ya_izuchayu_yazyki.fb2.zip</filename>
	<title>Ломб Като. Как я изучаю языки</title>
</book>
<book>
	<filename>lombrozo_chezare/lombrozo_chezare_genialnost_i_pomeshatelstvo_parallel_mezhdu_velikimi_lyudmi_i_pomeshannymi.fb2.zip</filename>
	<title>Ломброзо Чезаре. Гениальность и помешательство. Параллель между великими людьми и помешанными</title>
</book>
<book>
	<filename>lombrozo_chezare/lombrozo_chezare_zhenshina_prestupnica_ili_prostitutka.fb2.zip</filename>
	<title>Ломброзо Чезаре. Женщина, преступница или проститутка</title>
</book>
<book>
	<filename>lomer_kit/lomer_kit_bereg_dinozavrov.fb2.zip</filename>
	<title>Ломер Кит. Берег динозавров</title>
</book>
<book>
	<filename>lomer_kit/lomer_kit_bronzovyi_bog.fb2.zip</filename>
	<title>Ломер Кит. Бронзовый бог</title>
</book>
<book>
	<filename>lomer_kit/lomer_kit_chernyi_den_dlya_parazitov.fb2.zip</filename>
	<title>Ломер Кит. Черный день для паразитов</title>
</book>
<book>
	<filename>lomer_kit/lomer_kit_chuma.fb2.zip</filename>
	<title>Ломер Кит. Чума</title>
</book>
<book>
	<filename>lomer_kit/lomer_kit_den_pteranodona.fb2.zip</filename>
	<title>Ломер Кит. День птеранодона</title>
</book>
<book>
	<filename>lomer_kit/lomer_kit_dinohromnyi.fb2.zip</filename>
	<title>Ломер Кит. Динохромный</title>
</book>
<book>
	<filename>lomer_kit/lomer_kit_drugoe_nebo.fb2.zip</filename>
	<title>Ломер Кит. Другое небо</title>
</book>
<book>
	<filename>lomer_kit/lomer_kit_dynnyi_krizis.fb2.zip</filename>
	<title>Ломер Кит. Дынный кризис</title>
</book>
<book>
	<filename>lomer_kit/lomer_kit_gigantskii_ubiica.fb2.zip</filename>
	<title>Ломер Кит. Гигантский убийца</title>
</book>
<book>
	<filename>lomer_kit/lomer_kit_gonka_planet.fb2.zip</filename>
	<title>Ломер Кит. Гонка планет</title>
</book>
<book>
	<filename>lomer_kit/lomer_kit_i_stat_geroem.fb2.zip</filename>
	<title>Ломер Кит. И стать героем</title>
</book>
<book>
	<filename>lomer_kit/lomer_kit_korol_goroda.fb2.zip</filename>
	<title>Ломер Кит. Король города</title>
</book>
<book>
	<filename>lomer_kit/lomer_kit_kosmicheskii_shuler.fb2.zip</filename>
	<title>Ломер Кит. Космический шулер</title>
</book>
<book>
	<filename>lomer_kit/lomer_kit_les_na_nebesi.fb2.zip</filename>
	<title>Ломер Кит. Лес на небеси</title>
</book>
<book>
	<filename>lomer_kit/lomer_kit_lovushka_vremeni.fb2.zip</filename>
	<title>Ломер Кит. Ловушка времени</title>
</book>
<book>
	<filename>lomer_kit/lomer_kit_mashina_vremeni_shutit.fb2.zip</filename>
	<title>Ломер Кит. Машина времени шутит</title>
</book>
<book>
	<filename>lomer_kit/lomer_kit_mirnyi_posrednik.fb2.zip</filename>
	<title>Ломер Кит. Мирный посредник</title>
</book>
<book>
	<filename>lomer_kit/lomer_kit_mirotvorcy.fb2.zip</filename>
	<title>Ломер Кит. Миротворцы</title>
</book>
<book>
	<filename>lomer_kit/lomer_kit_miry_imperiuma.fb2.zip</filename>
	<title>Ломер Кит. Миры Империума</title>
</book>
<book>
	<filename>lomer_kit/lomer_kit_musornoe_vtorzhenie.fb2.zip</filename>
	<title>Ломер Кит. Мусорное вторжение</title>
</book>
<book>
	<filename>lomer_kit/lomer_kit_naznachenie_v_nikuda.fb2.zip</filename>
	<title>Ломер Кит. Назначение в никуда</title>
</book>
<book>
	<filename>lomer_kit/lomer_kit_nitochka_pamyati.fb2.zip</filename>
	<title>Ломер Кит. Ниточка памяти</title>
</book>
<book>
	<filename>lomer_kit/lomer_kit_noch_illyuzii.fb2.zip</filename>
	<title>Ломер Кит. Ночь иллюзий</title>
</book>
<book>
	<filename>lomer_kit/lomer_kit_obman_ili_dogovor.fb2.zip</filename>
	<title>Ломер Кит. Обман или договор</title>
</book>
<book>
	<filename>lomer_kit/lomer_kit_obratnaya_storona_vremeni.fb2.zip</filename>
	<title>Ломер Кит. Обратная сторона времени</title>
</book>
<book>
	<filename>lomer_kit/lomer_kit_otstuplenie_ne_prekupaetsya.fb2.zip</filename>
	<title>Ломер Кит. Отступление не прекупается</title>
</book>
<book>
	<filename>lomer_kit/lomer_kit_pamyatnaya_zapiska.fb2.zip</filename>
	<title>Ломер Кит. Памятная записка</title>
</book>
<book>
	<filename>lomer_kit/lomer_kit_planeta_katastrof.fb2.zip</filename>
	<title>Ломер Кит. Планета катастроф</title>
</book>
<book>
	<filename>lomer_kit/lomer_kit_pohititeli_vo_vremeni.fb2.zip</filename>
	<title>Ломер Кит. Похитители во времени</title>
</book>
<book>
	<filename>lomer_kit/lomer_kit_pohititel_tel.fb2.zip</filename>
	<title>Ломер Кит. Похититель тел</title>
</book>
<book>
	<filename>lomer_kit/lomer_kit_poka_grom_ne_gryanul.fb2.zip</filename>
	<title>Ломер Кит. Пока гром не грянул</title>
</book>
<book>
	<filename>lomer_kit/lomer_kit_posredniki.fb2.zip</filename>
	<title>Ломер Кит. Посредники</title>
</book>
<book>
	<filename>lomer_kit/lomer_kit_protokol.fb2.zip</filename>
	<title>Ломер Кит. Протокол</title>
</book>
<book>
	<filename>lomer_kit/lomer_kit_provedenie_ne_est_prestuplenie.fb2.zip</filename>
	<title>Ломер Кит. Про-ведение не есть пре-ступление</title>
</book>
<book>
	<filename>lomer_kit/lomer_kit_proverka_na_prochnost.fb2.zip</filename>
	<title>Ломер Кит. Проверка на прочность</title>
</book>
<book>
	<filename>lomer_kit/lomer_kit_razrushiteli_planet.fb2.zip</filename>
	<title>Ломер Кит. Разрушители планет</title>
</book>
<book>
	<filename>lomer_kit/lomer_kit_relikt_voiny.fb2.zip</filename>
	<title>Ломер Кит. Реликт войны</title>
</book>
<book>
	<filename>lomer_kit/lomer_kit_retif_i_militaristy_fragment.fb2.zip</filename>
	<title>Ломер Кит. Ретиф и милитаристы (фрагмент)</title>
</book>
<book>
	<filename>lomer_kit/lomer_kit_sled_pamyati.fb2.zip</filename>
	<title>Ломер Кит. След памяти</title>
</book>
<book>
	<filename>lomer_kit/lomer_kit_sokrovisha_zvezd.fb2.zip</filename>
	<title>Ломер Кит. Сокровища звезд</title>
</book>
<book>
	<filename>lomer_kit/lomer_kit_tehnicheskoe_prevoshodstvo.fb2.zip</filename>
	<title>Ломер Кит. Техническое превосходство</title>
</book>
<book>
	<filename>lomer_kit/lomer_kit_ukrotitel_vremeni.fb2.zip</filename>
	<title>Ломер Кит. Укротитель времени</title>
</book>
<book>
	<filename>lomer_kit/lomer_kit_vakansiya.fb2.zip</filename>
	<title>Ломер Кит. Вакансия</title>
</book>
<book>
	<filename>lomer_kit/lomer_kit_vnutrennee_delo.fb2.zip</filename>
	<title>Ломер Кит. Внутреннее дело</title>
</book>
<book>
	<filename>lomer_kit/lomer_kit_v_ocheredi.fb2.zip</filename>
	<title>Ломер Кит. В очереди</title>
</book>
<book>
	<filename>lomer_kit/lomer_kit_vybory_i_bandity.fb2.zip</filename>
	<title>Ломер Кит. Выборы и бандиты</title>
</book>
<book>
	<filename>lomer_kit/lomer_kit_vykup_za_retifa.fb2.zip</filename>
	<title>Ломер Кит. Выкуп за Ретифа</title>
</book>
<book>
	<filename>lomer_kit/lomer_kit_yedem_dzhadsona.fb2.zip</filename>
	<title>Ломер Кит. Эдем Джадсона</title>
</book>
<book>
	<filename>lomer_kit/lomer_kit_zakrytyi_gorod.fb2.zip</filename>
	<title>Ломер Кит. Закрытый город</title>
</book>
<book>
	<filename>lomer_kit/lomer_kit_zapechatannye_instrukcii.fb2.zip</filename>
	<title>Ломер Кит. Запечатанные инструкции</title>
</book>
<book>
	<filename>lomer_kit/lomer_kit_zemnaya_krov.fb2.zip</filename>
	<title>Ломер Кит. Земная кровь</title>
</book>
<book>
	<filename>lomer_kit/lomer_kit_zheltaya_zona.fb2.zip</filename>
	<title>Ломер Кит. Желтая зона</title>
</book>
<book>
	<filename>lomer_kit/lomer_kit_zhilbyl_velikan.fb2.zip</filename>
	<title>Ломер Кит. Жил-был великан</title>
</book>
<book>
	<filename>lomm_aleksandr/lomm_aleksandr_nochnoi_oryol.fb2.zip</filename>
	<title>Ломм Александр. Ночной орёл</title>
</book>
<book>
	<filename>london_dzhek/london_dzhek_abordazh_otbit.fb2.zip</filename>
	<title>Лондон Джек. Абордаж отбит</title>
</book>
<book>
	<filename>london_dzhek/london_dzhek_a_cho.fb2.zip</filename>
	<title>Лондон Джек. А Чо</title>
</book>
<book>
	<filename>london_dzhek/london_dzhek_adventure.fb2.zip</filename>
	<title>Лондон Джек. Adventure</title>
</book>
<book>
	<filename>london_dzhek/london_dzhek_alaya_chuma.fb2.zip</filename>
	<title>Лондон Джек. Алая чума</title>
</book>
<book>
	<filename>london_dzhek/london_dzhek_aloha_oye.fb2.zip</filename>
	<title>Лондон Джек. «Алоха Оэ»</title>
</book>
<book>
	<filename>london_dzhek/london_dzhek_atu_ih_atu.fb2.zip</filename>
	<title>Лондон Джек. Ату их, ату!</title>
</book>
<book>
	<filename>london_dzhek/london_dzhek_batar.fb2.zip</filename>
	<title>Лондон Джек. Батар</title>
</book>
<book>
	<filename>london_dzhek/london_dzhek_beloe_bezmolvie.fb2.zip</filename>
	<title>Лондон Джек. Белое безмолвие</title>
</book>
<book>
	<filename>london_dzhek/london_dzhek_belye_i_zheltye.fb2.zip</filename>
	<title>Лондон Джек. Белые и желтые</title>
</book>
<book>
	<filename>london_dzhek/london_dzhek_belyi_klyk.fb2.zip</filename>
	<title>Лондон Джек. Белый Клык</title>
</book>
<book>
	<filename>london_dzhek/london_dzhek_bercovye_kosti.fb2.zip</filename>
	<title>Лондон Джек. Берцовые кости</title>
</book>
<book>
	<filename>london_dzhek/london_dzhek_besprimernoe_nashestvie.fb2.zip</filename>
	<title>Лондон Джек. Беспримерное нашествие</title>
</book>
<book>
	<filename>london_dzhek/london_dzhek_besstyzhaya.fb2.zip</filename>
	<title>Лондон Джек. Бесстыжая</title>
</book>
<book>
	<filename>london_dzhek/london_dzhek_bezdomnye_malchishki_i_brodyachie_koty.fb2.zip</filename>
	<title>Лондон Джек. Бездомные мальчишки и бродячие коты</title>
</book>
<book>
	<filename>london_dzhek/london_dzhek_beznravstvennaya_zhenshina.fb2.zip</filename>
	<title>Лондон Джек. Безнравственная женщина</title>
</book>
<book>
	<filename>london_dzhek/london_dzhek_bezumie_dzhona_harneda.fb2.zip</filename>
	<title>Лондон Джек. Безумие Джона Харнеда</title>
</book>
<book>
	<filename>london_dzhek/london_dzhek_bludnyi_otec.fb2.zip</filename>
	<title>Лондон Джек. Блудный отец</title>
</book>
<book>
	<filename>london_dzhek/london_dzhek_bog_ego_otcov.fb2.zip</filename>
	<title>Лондон Джек. Бог его отцов</title>
</book>
<book>
	<filename>london_dzhek/london_dzhek_bolezn_odinokogo_vozhdya.fb2.zip</filename>
	<title>Лондон Джек. Болезнь одинокого вождя</title>
</book>
<book>
	<filename>london_dzhek/london_dzhek_brodyaga_i_feya.fb2.zip</filename>
	<title>Лондон Джек. Бродяга и фея</title>
</book>
<book>
	<filename>london_dzhek/london_dzhek_brodyagi_kotorye_prohodyat_nochyu.fb2.zip</filename>
	<title>Лондон Джек. Бродяги, которые проходят ночью</title>
</book>
<book>
	<filename>london_dzhek/london_dzhek_buinyi_harakter_aloziya_penkberna.fb2.zip</filename>
	<title>Лондон Джек. Буйный характер Алозия Пенкберна</title>
</book>
<book>
	<filename>london_dzhek/london_dzhek_buryi_volk.fb2.zip</filename>
	<title>Лондон Джек. Бурый волк</title>
</book>
<book>
	<filename>london_dzhek/london_dzhek_byki.fb2.zip</filename>
	<title>Лондон Джек. «Быки»</title>
</book>
<book>
	<filename>london_dzhek/london_dzhek_chelovek_so_shramom.fb2.zip</filename>
	<title>Лондон Джек. Человек со Шрамом</title>
</book>
<book>
	<filename>london_dzhek/london_dzhek_cherez_stremniny_k_klondaiku.fb2.zip</filename>
	<title>Лондон Джек. Через стремнины к Клондайку</title>
</book>
<book>
	<filename>london_dzhek/london_dzhek_cherty_literaturnogo_razvitiya.fb2.zip</filename>
	<title>Лондон Джек. Черты литературного развития</title>
</book>
<book>
	<filename>london_dzhek/london_dzhek_chto_znachit_dlya_menya_zhizn.fb2.zip</filename>
	<title>Лондон Джек. Что значит для меня жизнь</title>
</book>
<book>
	<filename>london_dzhek/london_dzhek_chun_achun.fb2.zip</filename>
	<title>Лондон Джек. Чун А-чун</title>
</book>
<book>
	<filename>london_dzhek/london_dzhek_demetrios_kontos.fb2.zip</filename>
	<title>Лондон Джек. Деметриос Контос</title>
</book>
<book>
	<filename>london_dzhek/london_dzhek_derzhi_na_zapad.fb2.zip</filename>
	<title>Лондон Джек. Держи на запад</title>
</book>
<book>
	<filename>london_dzhek/london_dzhek_derzhis.fb2.zip</filename>
	<title>Лондон Джек. Держись!</title>
</book>
<book>
	<filename>london_dzhek/london_dzhek_ditya_vody.fb2.zip</filename>
	<title>Лондон Джек. Дитя воды</title>
</book>
<book>
	<filename>london_dzhek/london_dzhek_do_adama.fb2.zip</filename>
	<title>Лондон Джек. До Адама</title>
</book>
<book>
	<filename>london_dzhek/london_dzhek_doch_severnogo_siyaniya.fb2.zip</filename>
	<title>Лондон Джек. Дочь северного сияния</title>
</book>
<book>
	<filename>london_dzhek/london_dzhek_doch_snegov.fb2.zip</filename>
	<title>Лондон Джек. Дочь снегов</title>
</book>
<book>
	<filename>london_dzhek/london_dzhek_dom_mapui.fb2.zip</filename>
	<title>Лондон Джек. Дом Мапуи</title>
</book>
<book>
	<filename>london_dzhek/london_dzhek_dve_tysyachi_brodyag.fb2.zip</filename>
	<title>Лондон Джек. Две тысячи бродяг</title>
</book>
<book>
	<filename>london_dzhek/london_dzhek_dyavoly_na_fuatino.fb2.zip</filename>
	<title>Лондон Джек. Дьяволы на Фуатино</title>
</book>
<book>
	<filename>london_dzhek/london_dzhek_dzherriostrovityanin.fb2.zip</filename>
	<title>Лондон Джек. Джерри-островитянин</title>
</book>
<book>
	<filename>london_dzhek/london_dzhek_dzhungli.fb2.zip</filename>
	<title>Лондон Джек. «Джунгли»</title>
</book>
<book>
	<filename>london_dzhek/london_dzhek_finis.fb2.zip</filename>
	<title>Лондон Джек. Finis</title>
</book>
<book>
	<filename>london_dzhek/london_dzhek_foma_gordeev.fb2.zip</filename>
	<title>Лондон Джек. «Фома Гордеев»</title>
</book>
<book>
	<filename>london_dzhek/london_dzhek_frensis_speit.fb2.zip</filename>
	<title>Лондон Джек. «Френсис Спейт»</title>
</book>
<book>
	<filename>london_dzhek/london_dzhek_gnil_zavelas_v_shtate_aidaho.fb2.zip</filename>
	<title>Лондон Джек. Гниль завелась в штате Айдахо</title>
</book>
<book>
	<filename>london_dzhek/london_dzhek_goliaf.fb2.zip</filename>
	<title>Лондон Джек. Голиаф</title>
</book>
<book>
	<filename>london_dzhek/london_dzhek_gollandskaya_doblest.fb2.zip</filename>
	<title>Лондон Джек. Голландская доблесть</title>
</book>
<book>
	<filename>london_dzhek/london_dzhek_hram_gordyni.fb2.zip</filename>
	<title>Лондон Джек. Храм гордыни</title>
</book>
<book>
	<filename>london_dzhek/london_dzhek_igra.fb2.zip</filename>
	<title>Лондон Джек. Игра</title>
</book>
<book>
	<filename>london_dzhek/london_dzhek_ih_delo_zhit.fb2.zip</filename>
	<title>Лондон Джек. Их дело — жить</title>
</book>
<book>
	<filename>london_dzhek/london_dzhek_ischeznovenie_markusa_obraiana.fb2.zip</filename>
	<title>Лондон Джек. Исчезновение Маркуса О'Брайана</title>
</book>
<book>
	<filename>london_dzhek/london_dzhek_ischeznuvshii_brakoner.fb2.zip</filename>
	<title>Лондон Джек. Исчезнувший браконьер</title>
</book>
<book>
	<filename>london_dzhek/london_dzhek_ispoved_yelis.fb2.zip</filename>
	<title>Лондон Джек. Исповедь Элис</title>
</book>
<book>
	<filename>london_dzhek/london_dzhek_ispravitelnaya_tyurma.fb2.zip</filename>
	<title>Лондон Джек. Исправительная тюрьма</title>
</book>
<book>
	<filename>london_dzhek/london_dzhek_istoriya_rasskazannaya_v_palate_dlya_slaboumnyh.fb2.zip</filename>
	<title>Лондон Джек. История, рассказанная в палате для слабоумных</title>
</book>
<book>
	<filename>london_dzhek/london_dzhek_iz_voennoi_korrespondencii.fb2.zip</filename>
	<title>Лондон Джек. Из военной корреспонденции</title>
</book>
<book>
	<filename>london_dzhek/london_dzhek_kak_argonavty_v_starinu.fb2.zip</filename>
	<title>Лондон Джек. Как аргонавты в старину...</title>
</book>
<book>
	<filename>london_dzhek/london_dzhek_kartinki.fb2.zip</filename>
	<title>Лондон Джек. Картинки</title>
</book>
<book>
	<filename>london_dzhek/london_dzhek_kish_syn_kisha.fb2.zip</filename>
	<title>Лондон Джек. Киш, сын Киша</title>
</book>
<book>
	<filename>london_dzhek/london_dzhek_klyanus_cherepahami_tasmana.fb2.zip</filename>
	<title>Лондон Джек. Клянусь черепахами Тасмана</title>
</book>
<book>
	<filename>london_dzhek/london_dzhek_kogda_bogi_smeyutsya.fb2.zip</filename>
	<title>Лондон Джек. Когда боги смеются</title>
</book>
<book>
	<filename>london_dzhek/london_dzhek_kogda_mir_byl_yunym.fb2.zip</filename>
	<title>Лондон Джек. Когда мир был юным</title>
</book>
<book>
	<filename>london_dzhek/london_dzhek_konec_skazki.fb2.zip</filename>
	<title>Лондон Джек. Конец сказки</title>
</book>
<book>
	<filename>london_dzhek/london_dzhek_korol_grekov.fb2.zip</filename>
	<title>Лондон Джек. «Король греков»</title>
</book>
<book>
	<filename>london_dzhek/london_dzhek_koster.fb2.zip</filename>
	<title>Лондон Джек. Костер</title>
</book>
<book>
	<filename>london_dzhek/london_dzhek_kosti_kahekili.fb2.zip</filename>
	<title>Лондон Джек. Кости Кахекили</title>
</book>
<book>
	<filename>london_dzhek/london_dzhek_krasnoe_bozhestvo.fb2.zip</filename>
	<title>Лондон Джек. Красное божество</title>
</book>
<book>
	<filename>london_dzhek/london_dzhek_krazha.fb2.zip</filename>
	<title>Лондон Джек. Кража</title>
</book>
<book>
	<filename>london_dzhek/london_dzhek_kris_farrington_nastoyashii_moryak.fb2.zip</filename>
	<title>Лондон Джек. Крис Фаррингтон — настоящий моряк</title>
</book>
<book>
	<filename>london_dzhek/london_dzhek_kulauprokazhennyi.fb2.zip</filename>
	<title>Лондон Джек. Кулау-прокаженный</title>
</book>
<book>
	<filename>london_dzhek/london_dzhek_kusok_myasa.fb2.zip</filename>
	<title>Лондон Джек. Кусок мяса</title>
</book>
<book>
	<filename>london_dzhek/london_dzhek_liga_starikov.fb2.zip</filename>
	<title>Лондон Джек. Лига стариков</title>
</book>
<book>
	<filename>london_dzhek/london_dzhek_lunnaya_dolina.fb2.zip</filename>
	<title>Лондон Джек. Лунная долина</title>
</book>
<book>
	<filename>london_dzhek/london_dzhek_lyubopytnyi_otryvok.fb2.zip</filename>
	<title>Лондон Джек. Любопытный отрывок</title>
</book>
<book>
	<filename>london_dzhek/london_dzhek_lyubov_k_zhizni.fb2.zip</filename>
	<title>Лондон Джек. Любовь к жизни</title>
</book>
<book>
	<filename>london_dzhek/london_dzhek_lyudi_bezdny.fb2.zip</filename>
	<title>Лондон Джек. Люди бездны</title>
</book>
<book>
	<filename>london_dzhek/london_dzhek_lyutyi_zver.fb2.zip</filename>
	<title>Лондон Джек. Лютый зверь</title>
</book>
<book>
	<filename>london_dzhek/london_dzhek_maikl_brat_dzherri.fb2.zip</filename>
	<title>Лондон Джек. Майкл, брат Джерри</title>
</book>
<book>
	<filename>london_dzhek/london_dzhek_malenkaya_hozyaika_bolshogo_doma.fb2.zip</filename>
	<title>Лондон Джек. Маленькая хозяйка Большого дома</title>
</book>
<book>
	<filename>london_dzhek/london_dzhek_malenkii_schet_suzinu_hollu.fb2.zip</filename>
	<title>Лондон Джек. Маленький счет Сузину Холлу</title>
</book>
<book>
	<filename>london_dzhek/london_dzhek_martin_iden.fb2.zip</filename>
	<title>Лондон Джек. Мартин Иден</title>
</book>
<book>
	<filename>london_dzhek/london_dzhek_mauki.fb2.zip</filename>
	<title>Лондон Джек. Мауки</title>
</book>
<book>
	<filename>london_dzhek/london_dzhek_mechenyi.fb2.zip</filename>
	<title>Лондон Джек. Меченый</title>
</book>
<book>
	<filename>london_dzhek/london_dzhek_mechta_debsa.fb2.zip</filename>
	<title>Лондон Джек. Мечта Дебса</title>
</book>
<book>
	<filename>london_dzhek/london_dzhek_meksikanec.fb2.zip</filename>
	<title>Лондон Джек. Мексиканец</title>
</book>
<book>
	<filename>london_dzhek/london_dzhek_mertvye_ne_vozvrashayutsya.fb2.zip</filename>
	<title>Лондон Джек. Мертвые не возвращаются</title>
</book>
<book>
	<filename>london_dzhek/london_dzhek_mestnyi_kolorit.fb2.zip</filename>
	<title>Лондон Джек. Местный колорит</title>
</book>
<book>
	<filename>london_dzhek/london_dzhek_mezhzvezdnyi_skitalec.fb2.zip</filename>
	<title>Лондон Джек. Межзвездный скиталец</title>
</book>
<book>
	<filename>london_dzhek/london_dzhek_morskoi_fermer.fb2.zip</filename>
	<title>Лондон Джек. Морской фермер</title>
</book>
<book>
	<filename>london_dzhek/london_dzhek_morskoi_volk.fb2.zip</filename>
	<title>Лондон Джек. Морской Волк</title>
</book>
<book>
	<filename>london_dzhek/london_dzhek_mudrost_snezhnoi_tropy.fb2.zip</filename>
	<title>Лондон Джек. Мудрость снежной тропы</title>
</book>
<book>
	<filename>london_dzhek/london_dzhek_muzhestvo_zhenshiny.fb2.zip</filename>
	<title>Лондон Джек. Мужество женщины</title>
</book>
<book>
	<filename>london_dzhek/london_dzhek_myatezh_na_yelsinore.fb2.zip</filename>
	<title>Лондон Джек. Мятеж на «Эльсиноре»</title>
</book>
<book>
	<filename>london_dzhek/london_dzhek_nabeg_na_ustrichnyh_piratov.fb2.zip</filename>
	<title>Лондон Джек. Набег на устричных пиратов</title>
</book>
<book>
	<filename>london_dzhek/london_dzhek_na_beregah_sakramento.fb2.zip</filename>
	<title>Лондон Джек. На берегах Сакраменто</title>
</book>
<book>
	<filename>london_dzhek/london_dzhek_na_cinovke_makaloa.fb2.zip</filename>
	<title>Лондон Джек. На циновке Макалоа</title>
</book>
<book>
	<filename>london_dzhek/london_dzhek_nambok_lzhec.fb2.zip</filename>
	<title>Лондон Джек. Нам-Бок — лжец</title>
</book>
<book>
	<filename>london_dzhek/london_dzhek_na_sorokovoi_mile.fb2.zip</filename>
	<title>Лондон Джек. На сороковой миле</title>
</book>
<book>
	<filename>london_dzhek/london_dzhek_neizmennost_form.fb2.zip</filename>
	<title>Лондон Джек. Неизменность форм</title>
</book>
<book>
	<filename>london_dzhek/london_dzhek_neozhidannoe.fb2.zip</filename>
	<title>Лондон Джек. Неожиданное</title>
</book>
<book>
	<filename>london_dzhek/london_dzhek_neukrotimyi_belyi_chelovek.fb2.zip</filename>
	<title>Лондон Джек. Неукротимый белый человек</title>
</book>
<book>
	<filename>london_dzhek/london_dzhek_noch_na_goboto.fb2.zip</filename>
	<title>Лондон Джек. Ночь на Гобото</title>
</book>
<book>
	<filename>london_dzhek/london_dzhek_nos_dlya_imperatora.fb2.zip</filename>
	<title>Лондон Джек. Нос для императора</title>
</book>
<book>
	<filename>london_dzhek/london_dzhek_obychai_belogo_cheloveka.fb2.zip</filename>
	<title>Лондон Джек. Обычай белого человека</title>
</book>
<book>
	<filename>london_dzhek/london_dzhek_odnodnevnaya_stoyanka.fb2.zip</filename>
	<title>Лондон Джек. Однодневная стоянка</title>
</book>
<book>
	<filename>london_dzhek/london_dzhek_on_ih_sozdal.fb2.zip</filename>
	<title>Лондон Джек. Он их создал</title>
</book>
<book>
	<filename>london_dzhek/london_dzhek_o_pisatelskoi_filosofii_zhizni.fb2.zip</filename>
	<title>Лондон Джек. О писательской философии жизни</title>
</book>
<book>
	<filename>london_dzhek/london_dzhek_osada_lankashirskoi_korolevy.fb2.zip</filename>
	<title>Лондон Джек. Осада «Ланкаширской королевы»</title>
</book>
<book>
	<filename>london_dzhek/london_dzhek_o_sebe.fb2.zip</filename>
	<title>Лондон Джек. О себе</title>
</book>
<book>
	<filename>london_dzhek/london_dzhek_oskolok_tretichnoi_yepohi.fb2.zip</filename>
	<title>Лондон Джек. Осколок третичной эпохи</title>
</book>
<book>
	<filename>london_dzhek/london_dzhek_otstupnik.fb2.zip</filename>
	<title>Лондон Джек. Отступник</title>
</book>
<book>
	<filename>london_dzhek/london_dzhek_pervobytnyi_poyet.fb2.zip</filename>
	<title>Лондон Джек. Первобытный поэт</title>
</book>
<book>
	<filename>london_dzhek/london_dzhek_perya_solnca.fb2.zip</filename>
	<title>Лондон Джек. Перья Солнца</title>
</book>
<book>
	<filename>london_dzhek/london_dzhek_planshetka.fb2.zip</filename>
	<title>Лондон Джек. Планшетка</title>
</book>
<book>
	<filename>london_dzhek/london_dzhek_pleshivyi.fb2.zip</filename>
	<title>Лондон Джек. Плешивый</title>
</book>
<book>
	<filename>london_dzhek/london_dzhek_pod_palubnym_tentom.fb2.zip</filename>
	<title>Лондон Джек. Под палубным тентом</title>
</book>
<book>
	<filename>london_dzhek/london_dzhek_polza_somneniya.fb2.zip</filename>
	<title>Лондон Джек. Польза сомнения</title>
</book>
<book>
	<filename>london_dzhek/london_dzhek_po_pravu_svyashennika.fb2.zip</filename>
	<title>Лондон Джек. По праву священника</title>
</book>
<book>
	<filename>london_dzhek/london_dzhek_poruchenie.fb2.zip</filename>
	<title>Лондон Джек. Поручение</title>
</book>
<book>
	<filename>london_dzhek/london_dzhek_poteryavshii_lico.fb2.zip</filename>
	<title>Лондон Джек. Потерявший лицо</title>
</book>
<book>
	<filename>london_dzhek/london_dzhek_potomok_makkoya.fb2.zip</filename>
	<title>Лондон Джек. Потомок Мак-Коя</title>
</book>
<book>
	<filename>london_dzhek/london_dzhek_po_tu_storonu_rva.fb2.zip</filename>
	<title>Лондон Джек. По ту сторону рва</title>
</book>
<book>
	<filename>london_dzhek/london_dzhek_priboi_kanaka.fb2.zip</filename>
	<title>Лондон Джек. Прибой Канака</title>
</book>
<book>
	<filename>london_dzhek/london_dzhek_priklyuchenie_v_vozdushnom_okeane.fb2.zip</filename>
	<title>Лондон Джек. Приключение в воздушном океане</title>
</book>
<book>
	<filename>london_dzhek/london_dzhek_princessa.fb2.zip</filename>
	<title>Лондон Джек. Принцесса</title>
</book>
<book>
	<filename>london_dzhek/london_dzhek_prishelcy_iz_solnechnoi_strany.fb2.zip</filename>
	<title>Лондон Джек. Пришельцы из Солнечной Страны</title>
</book>
<book>
	<filename>london_dzhek/london_dzhek_priznanie.fb2.zip</filename>
	<title>Лондон Джек. Признание</title>
</book>
<book>
	<filename>london_dzhek/london_dzhek_proshai_dzhek.fb2.zip</filename>
	<title>Лондон Джек. Прощай, Джек!</title>
</book>
<book>
	<filename>london_dzhek/london_dzhek_prosto_myaso.fb2.zip</filename>
	<title>Лондон Джек. «Просто мясо»</title>
</book>
<book>
	<filename>london_dzhek/london_dzhek_pryamoi_reis.fb2.zip</filename>
	<title>Лондон Джек. Прямой рейс</title>
</book>
<book>
	<filename>london_dzhek/london_dzhek_puteshestvie_na_oslepitelnom.fb2.zip</filename>
	<title>Лондон Джек. Путешествие на «Ослепительном»</title>
</book>
<book>
	<filename>london_dzhek/london_dzhek_puteshestvie_na_snarke.fb2.zip</filename>
	<title>Лондон Джек. Путешествие на «Снарке»</title>
</book>
<book>
	<filename>london_dzhek/london_dzhek_revolyuciya.fb2.zip</filename>
	<title>Лондон Джек. Революция</title>
</book>
<book>
	<filename>london_dzhek/london_dzhek_rozhdennaya_v_nochi.fb2.zip</filename>
	<title>Лондон Джек. Рожденная в Ночи</title>
</book>
<book>
	<filename>london_dzhek/london_dzhek_sbornik_rasskazov_i_povestei.fb2.zip</filename>
	<title>Лондон Джек. Сборник рассказов и повестей</title>
</book>
<book>
	<filename>london_dzhek/london_dzhek_scapali.fb2.zip</filename>
	<title>Лондон Джек. «Сцапали»</title>
</book>
<book>
	<filename>london_dzhek/london_dzhek_semper_idem.fb2.zip</filename>
	<title>Лондон Джек. Semper Idem</title>
</book>
<book>
	<filename>london_dzhek/london_dzhek_serdca_treh.fb2.zip</filename>
	<title>Лондон Джек. Сердца трех</title>
</book>
<book>
	<filename>london_dzhek/london_dzhek_severnaya_odisseya.fb2.zip</filename>
	<title>Лондон Джек. Северная Одиссея</title>
</book>
<book>
	<filename>london_dzhek/london_dzhek_sherif_kony.fb2.zip</filename>
	<title>Лондон Джек. Шериф Коны</title>
</book>
<book>
	<filename>london_dzhek/london_dzhek_shutka_porportuka.fb2.zip</filename>
	<title>Лондон Джек. Шутка Порпортука</title>
</book>
<book>
	<filename>london_dzhek/london_dzhek_shutniki_s_nyugibbona.fb2.zip</filename>
	<title>Лондон Джек. Шутники с Нью-Гиббона</title>
</book>
<book>
	<filename>london_dzhek/london_dzhek_sila_silnyh.fb2.zip</filename>
	<title>Лондон Джек. Сила сильных</title>
</book>
<book>
	<filename>london_dzhek/london_dzhek_sivashka.fb2.zip</filename>
	<title>Лондон Джек. Сивашка</title>
</book>
<book>
	<filename>london_dzhek/london_dzhek_skazanie_o_kishe.fb2.zip</filename>
	<title>Лондон Джек. Сказание о Кише</title>
</book>
<book>
	<filename>london_dzhek/london_dzhek_slezy_a_kima.fb2.zip</filename>
	<title>Лондон Джек. Слезы А Кима</title>
</book>
<book>
	<filename>london_dzhek/london_dzhek_smiritelnaya_rubashka.fb2.zip</filename>
	<title>Лондон Джек. Смирительная рубашка</title>
</book>
<book>
	<filename>london_dzhek/london_dzhek_smok_bellyu.fb2.zip</filename>
	<title>Лондон Джек. Смок Беллью</title>
</book>
<book>
	<filename>london_dzhek/london_dzhek_sprut.fb2.zip</filename>
	<title>Лондон Джек. «Спрут»</title>
</book>
<book>
	<filename>london_dzhek/london_dzhek_strashnye_solomonovy_ostrova.fb2.zip</filename>
	<title>Лондон Джек. Страшные Соломоновы острова</title>
</book>
<book>
	<filename>london_dzhek/london_dzhek_stroptivyi_yan.fb2.zip</filename>
	<title>Лондон Джек. Строптивый Ян</title>
</book>
<book>
	<filename>london_dzhek/london_dzhek_svetlokozhaya_li_van.fb2.zip</filename>
	<title>Лондон Джек. Светлокожая Ли Ван</title>
</book>
<book>
	<filename>london_dzhek/london_dzhek_syemyuyel.fb2.zip</filename>
	<title>Лондон Джек. Сэмюэль</title>
</book>
<book>
	<filename>london_dzhek/london_dzhek_syn_solnca.fb2.zip</filename>
	<title>Лондон Джек. Сын Солнца</title>
</book>
<book>
	<filename>london_dzhek/london_dzhek_syn_volka.fb2.zip</filename>
	<title>Лондон Джек. Сын Волка</title>
</book>
<book>
	<filename>london_dzhek/london_dzhek_taifun_u_beregov_yaponii.fb2.zip</filename>
	<title>Лондон Джек. Тайфун у берегов Японии</title>
</book>
<book>
	<filename>london_dzhek/london_dzhek_tam_gde_konchaetsya_raduga.fb2.zip</filename>
	<title>Лондон Джек. Там, где кончается радуга</title>
</book>
<book>
	<filename>london_dzhek/london_dzhek_tam_gde_rashodyatsya_puti.fb2.zip</filename>
	<title>Лондон Джек. Там, где расходятся пути</title>
</book>
<book>
	<filename>london_dzhek/london_dzhek_ten_i_vspyshka.fb2.zip</filename>
	<title>Лондон Джек. Тень и вспышка</title>
</book>
<book>
	<filename>london_dzhek/london_dzhek_tolko_kulaki.fb2.zip</filename>
	<title>Лондон Джек. Только кулаки</title>
</book>
<book>
	<filename>london_dzhek/london_dzhek_tropoi_lozhnyh_solnc.fb2.zip</filename>
	<title>Лондон Джек. Тропой ложных солнц</title>
</book>
<book>
	<filename>london_dzhek/london_dzhek_tysyacha_dyuzhin.fb2.zip</filename>
	<title>Лондон Джек. Тысяча дюжин</title>
</book>
<book>
	<filename>london_dzhek/london_dzhek_tysyacha_smertei.fb2.zip</filename>
	<title>Лондон Джек. Тысяча смертей</title>
</book>
<book>
	<filename>london_dzhek/london_dzhek_ubit_cheloveka.fb2.zip</filename>
	<title>Лондон Джек. Убить человека</title>
</book>
<book>
	<filename>london_dzhek/london_dzhek_ulovka_charli.fb2.zip</filename>
	<title>Лондон Джек. Уловка Чарли</title>
</book>
<book>
	<filename>london_dzhek/london_dzhek_v_buhte_ieddo.fb2.zip</filename>
	<title>Лондон Джек. В бухте Йеддо</title>
</book>
<book>
	<filename>london_dzhek/london_dzhek_v_buhte_ijeddo.fb2.zip</filename>
	<title>Лондон Джек. В бухте Йеддо</title>
</book>
<book>
	<filename>london_dzhek/london_dzhek_v_dalekom_krayu.fb2.zip</filename>
	<title>Лондон Джек. В далеком краю</title>
</book>
<book>
	<filename>london_dzhek/london_dzhek_v_debryah_severa.fb2.zip</filename>
	<title>Лондон Джек. В дебрях севера</title>
</book>
<book>
	<filename>london_dzhek/london_dzhek_velikaya_zagadka.fb2.zip</filename>
	<title>Лондон Джек. Великая загадка</title>
</book>
<book>
	<filename>london_dzhek/london_dzhek_velikii_kudesnik.fb2.zip</filename>
	<title>Лондон Джек. Великий кудесник</title>
</book>
<book>
	<filename>london_dzhek/london_dzhek_voina.fb2.zip</filename>
	<title>Лондон Джек. Война</title>
</book>
<book>
	<filename>london_dzhek/london_dzhek_vozdushnyi_shantazh.fb2.zip</filename>
	<title>Лондон Джек. Воздушный шантаж</title>
</book>
<book>
	<filename>london_dzhek/london_dzhek_vrag_vsego_mira.fb2.zip</filename>
	<title>Лондон Джек. Враг всего мира</title>
</book>
<book>
	<filename>london_dzhek/london_dzhek_vremyanezhdet.fb2.zip</filename>
	<title>Лондон Джек. Время-не-ждет</title>
</book>
<book>
	<filename>london_dzhek/london_dzhek_vstrecha_kotoruyu_trudno_zabyt.fb2.zip</filename>
	<title>Лондон Джек. Встреча, которую трудно забыть</title>
</book>
<book>
	<filename>london_dzhek/london_dzhek_white_fang.fb2.zip</filename>
	<title>Лондон Джек. White Fang</title>
</book>
<book>
	<filename>london_dzhek/london_dzhek_yazychnik.fb2.zip</filename>
	<title>Лондон Джек. Язычник</title>
</book>
<book>
	<filename>london_dzhek/london_dzhek_yeti_kosti_vstanut_snova.fb2.zip</filename>
	<title>Лондон Джек. Эти кости встанут снова</title>
</book>
<book>
	<filename>london_dzhek/london_dzhek_zakon_zhizni.fb2.zip</filename>
	<title>Лондон Джек. Закон жизни</title>
</book>
<book>
	<filename>london_dzhek/london_dzhek_za_teh_kto_v_puti.fb2.zip</filename>
	<title>Лондон Джек. За тех, кто в пути!</title>
</book>
<book>
	<filename>london_dzhek/london_dzhek_zelenyi_zmii.fb2.zip</filename>
	<title>Лондон Джек. Зеленый Змий</title>
</book>
<book>
	<filename>london_dzhek/london_dzhek_zheleznaya_pyata.fb2.zip</filename>
	<title>Лондон Джек. Железная пята</title>
</book>
<book>
	<filename>london_dzhek/london_dzhek_zheltyi_platok.fb2.zip</filename>
	<title>Лондон Джек. Желтый платок</title>
</book>
<book>
	<filename>london_dzhek/london_dzhek_zhemchug_parleya.fb2.zip</filename>
	<title>Лондон Джек. Жемчуг Парлея</title>
</book>
<book>
	<filename>london_dzhek/london_dzhek_zhena_korolya.fb2.zip</filename>
	<title>Лондон Джек. Жена короля</title>
</book>
<book>
	<filename>london_dzhek/london_dzhek_zhenskoe_prezrenie.fb2.zip</filename>
	<title>Лондон Джек. Женское презрение</title>
</book>
<book>
	<filename>london_dzhek/london_dzhek_zolotaya_zorka.fb2.zip</filename>
	<title>Лондон Джек. Золотая Зорька</title>
</book>
<book>
	<filename>london_dzhek/london_dzhek_zolotoe_dno.fb2.zip</filename>
	<title>Лондон Джек. Золотое дно</title>
</book>
<book>
	<filename>london_dzhek/london_dzhek_zolotoi_kanon.fb2.zip</filename>
	<title>Лондон Джек. Золотой каньон</title>
</book>
<book>
	<filename>london_dzhek/london_dzhek_zolotoi_mak.fb2.zip</filename>
	<title>Лондон Джек. Золотой мак</title>
</book>
<book>
	<filename>london_dzhek/london_dzhek_zov_predkov.fb2.zip</filename>
	<title>Лондон Джек. Зов предков</title>
</book>
<book>
	<filename>london_dzhek/london_dzhek_zub_kashalota.fb2.zip</filename>
	<title>Лондон Джек. Зуб кашалота</title>
</book>
<book>
	<filename>london_dzhek/london_dzhek_zvezdnyi_skitalec.fb2.zip</filename>
	<title>Лондон Джек. Звездный скиталец</title>
</book>
<book>
	<filename>london_jack/london_jack_adventure.fb2.zip</filename>
	<title>London Jack. Adventure</title>
</book>
<book>
	<filename>london_jack/london_jack_white_fang.fb2.zip</filename>
	<title>London Jack. White Fang</title>
</book>

</books>

