<?xml version="1.0" encoding="UTF-8" ?>
<books>
<book>
	<filename>london_keit/london_keit_kandidat_v_zhenihi.fb2.zip</filename>
	<title>Лондон Кейт. Кандидат в женихи</title>
</book>
<book>
	<filename>london_keit/london_keit_legendy_skalistyh_gor.fb2.zip</filename>
	<title>Лондон Кейт. Легенды Скалистых гор</title>
</book>
<book>
	<filename>london_keit/london_keit_lyubit_tak_lyubit.fb2.zip</filename>
	<title>Лондон Кейт. Любить так любить!</title>
</book>
<book>
	<filename>london_keit/london_keit_srednevekovyi_varvar.fb2.zip</filename>
	<title>Лондон Кейт. Средневековый варвар</title>
</book>
<book>
	<filename>lonei_dryu/lonei_dryu_yeti_strannye_ispancy.fb2.zip</filename>
	<title>Лоней Дрю. Эти странные испанцы</title>
</book>
<book>
	<filename>long_dzheff/long_dzheff_preispodnyaya.fb2.zip</filename>
	<title>Лонг Джефф. Преисподняя</title>
</book>
<book>
	<filename>long_dzheff/long_dzheff_stena.fb2.zip</filename>
	<title>Лонг Джефф. Стена</title>
</book>
<book>
	<filename>long_dzheims/long_dzheims_osnovnoe_sobytie.fb2.zip</filename>
	<title>Лонг Джеймс. Основное событие</title>
</book>
<book>
	<filename>long_dzheims/long_dzheims_spisok_poter.fb2.zip</filename>
	<title>Лонг Джеймс. Список потерь</title>
</book>
<book>
	<filename>long_dzhuliya/long_dzhuliya_krasavica_i_shpion.fb2.zip</filename>
	<title>Лонг Джулия Энн. Красавица и шпион</title>
</book>
<book>
	<filename>long_dzhuliya/long_dzhuliya_opasnye_udovolstviya.fb2.zip</filename>
	<title>Лонг Джулия Энн. Опасные удовольствия</title>
</book>
<book>
	<filename>long_dzhuliya/long_dzhuliya_soblazn_i_strast.fb2.zip</filename>
	<title>Лонг Джулия Энн. Соблазн и страсть</title>
</book>
<book>
	<filename>long_dzhuliya/long_dzhuliya_tanec_strasti.fb2.zip</filename>
	<title>Лонг Джулия Энн. Танец страсти</title>
</book>
<book>
	<filename>longfello_genri/longfello_genri_pesn_o_gaiavate.fb2.zip</filename>
	<title>Лонгфелло Генри. Песнь о Гайавате</title>
</book>
<book>
	<filename>longfello_genri/longfello_genri_the_song_of_hiawatha.fb2.zip</filename>
	<title>Лонгфелло Генри. The Song of Hiawatha</title>
</book>
<book>
	<filename>longfellow_henry/longfellow_henry_the_song_of_hiawatha.fb2.zip</filename>
	<title>Longfellow Henry Wadsworth. The Song of Hiawatha</title>
</book>
<book>
	<filename>longford_linsdei/longford_linsdei_pocelui_malysh_i_nevesta_pod_rozhdestvo.fb2.zip</filename>
	<title>Лонгфорд Линсдей. Поцелуй, малыш и невеста под Рождество</title>
</book>
<book>
	<filename>longier_barri/longier_barri_bozhestvennaya_shkatulka.fb2.zip</filename>
	<title>Лонгиер Барри. Божественная шкатулка</title>
</book>
<book>
	<filename>longier_barri/longier_barri_gorod_barabu.fb2.zip</filename>
	<title>Лонгиер Барри. Город Барабу</title>
</book>
<book>
	<filename>longier_barri/longier_barri_mircirk.fb2.zip</filename>
	<title>Лонгиер Барри. Мир-Цирк</title>
</book>
<book>
	<filename>longier_barri/longier_barri_pesn_slona.fb2.zip</filename>
	<title>Лонгиер Барри. Песнь слона</title>
</book>
<book>
	<filename>longier_barri/longier_barri_vrag_moi_avtorskii_sbornik.fb2.zip</filename>
	<title>Лонгиер Барри. Враг мой (Авторский сборник)</title>
</book>
<book>
	<filename>lopatin_nikolai/lopatin_nikolai_sekrety_uspeha_zapiski_rybolova.fb2.zip</filename>
	<title>Лопатин Николай Борисович. Секреты успеха (Записки рыболова)</title>
</book>
<book>
	<filename>lopatin_vladimir/lopatin_vladimir_russkii_orfograficheskii_slovar_an.fb2.zip</filename>
	<title>Лопатин Владимир Владимирович. Русский орфографический словарь [А-Н]</title>
</book>
<book>
	<filename>lopatin_vladimir/lopatin_vladimir_russkii_orfograficheskii_slovar.fb2.zip</filename>
	<title>Лопатин Владимир Владимирович. Русский орфографический словарь</title>
</book>
<book>
	<filename>lopatin_vladimir/lopatin_vladimir_russkii_orfograficheskii_slovar_oya.fb2.zip</filename>
	<title>Лопатин Владимир Владимирович. Русский орфографический словарь [О-Я]</title>
</book>
<book>
	<filename>lopatnikov_sergei/lopatnikov_sergei_zelenaya_krona_s_chernymi_kornyami.fb2.zip</filename>
	<title>Лопатников Сергей. Зеленая крона с черными корнями</title>
</book>
<book>
	<filename>lopis_rohelio/lopis_rohelio_skazochnik.fb2.zip</filename>
	<title>Льопис Рохелио. Сказочник</title>
</book>
<book>
	<filename>lord_dzheffri/lord_dzheffri_attila.fb2.zip</filename>
	<title>Лорд Джеффри. Аттила</title>
</book>
<book>
	<filename>lord_dzheffri/lord_dzheffri_bronzovyi_topor.fb2.zip</filename>
	<title>Лорд Джеффри. Бронзовый топор</title>
</book>
<book>
	<filename>lord_dzheffri/lord_dzheffri_chudovishe_labirinta.fb2.zip</filename>
	<title>Лорд Джеффри. Чудовище Лабиринта</title>
</book>
<book>
	<filename>lord_dzheffri/lord_dzheffri_dopros_tretei_stepeni.fb2.zip</filename>
	<title>Лорд Джеффри. Допрос третьей степени</title>
</book>
<book>
	<filename>lord_dzheffri/lord_dzheffri_dozhd.fb2.zip</filename>
	<title>Лорд Джеффри. Дождь</title>
</book>
<book>
	<filename>lord_dzheffri/lord_dzheffri_kain.fb2.zip</filename>
	<title>Лорд Джеффри. Каин</title>
</book>
<book>
	<filename>lord_dzheffri/lord_dzheffri_kolokola_kirtana.fb2.zip</filename>
	<title>Лорд Джеффри. Колокола Киртана</title>
</book>
<book>
	<filename>lord_dzheffri/lord_dzheffri_kornuollskii_krovosos.fb2.zip</filename>
	<title>Лорд Джеффри. Корнуолльский кровосос</title>
</book>
<book>
	<filename>lord_dzheffri/lord_dzheffri_krovavye_luny_alby.fb2.zip</filename>
	<title>Лорд Джеффри. Кровавые луны Альбы</title>
</book>
<book>
	<filename>lord_dzheffri/lord_dzheffri_krysy_i_angely.fb2.zip</filename>
	<title>Лорд Джеффри. Крысы и ангелы</title>
</book>
<book>
	<filename>lord_dzheffri/lord_dzheffri_lotosy_yuga.fb2.zip</filename>
	<title>Лорд Джеффри. Лотосы Юга</title>
</book>
<book>
	<filename>lord_dzheffri/lord_dzheffri_nasledstvo_bar_rigona.fb2.zip</filename>
	<title>Лорд Джеффри. Наследство Бар Ригона</title>
</book>
<book>
	<filename>lord_dzheffri/lord_dzheffri_nebesa_targala.fb2.zip</filename>
	<title>Лорд Джеффри. Небеса Таргала</title>
</book>
<book>
	<filename>lord_dzheffri/lord_dzheffri_nefritovaya_strana.fb2.zip</filename>
	<title>Лорд Джеффри. Нефритовая страна</title>
</book>
<book>
	<filename>lord_dzheffri/lord_dzheffri_odna_dusha_dva_tela.fb2.zip</filename>
	<title>Лорд Джеффри. Одна душа, два тела</title>
</book>
<book>
	<filename>lord_dzheffri/lord_dzheffri_okeany_aidena.fb2.zip</filename>
	<title>Лорд Джеффри. Океаны Айдена</title>
</book>
<book>
	<filename>lord_dzheffri/lord_dzheffri_operaciya_nemo.fb2.zip</filename>
	<title>Лорд Джеффри. Операция «Немо»</title>
</book>
<book>
	<filename>lord_dzheffri/lord_dzheffri_osvoboditel_dzheddov.fb2.zip</filename>
	<title>Лорд Джеффри. Освободитель Джеддов</title>
</book>
<book>
	<filename>lord_dzheffri/lord_dzheffri_peshera.fb2.zip</filename>
	<title>Лорд Джеффри. Пещера</title>
</book>
<book>
	<filename>lord_dzheffri/lord_dzheffri_pogibshii_mir.fb2.zip</filename>
	<title>Лорд Джеффри. Погибший Мир</title>
</book>
<book>
	<filename>lord_dzheffri/lord_dzheffri_priklyuchenie_v_blossom_hillz.fb2.zip</filename>
	<title>Лорд Джеффри. Приключение в Блоссом Хиллз</title>
</book>
<book>
	<filename>lord_dzheffri/lord_dzheffri_prishelec_iz_velikoi_pustoty.fb2.zip</filename>
	<title>Лорд Джеффри. Пришелец из Великой Пустоты</title>
</book>
<book>
	<filename>lord_dzheffri/lord_dzheffri_pustocvety_meotidy.fb2.zip</filename>
	<title>Лорд Джеффри. Пустоцветы Меотиды</title>
</book>
<book>
	<filename>lord_dzheffri/lord_dzheffri_rab_sarmy.fb2.zip</filename>
	<title>Лорд Джеффри. Раб Сармы</title>
</book>
<book>
	<filename>lord_dzheffri/lord_dzheffri_richard_bleid_i_sinyaya_gusenica.fb2.zip</filename>
	<title>Лорд Джеффри. Ричард Блейд и синяя гусеница</title>
</book>
<book>
	<filename>lord_dzheffri/lord_dzheffri_ristalisha_tallaha.fb2.zip</filename>
	<title>Лорд Джеффри. Ристалища Таллаха</title>
</book>
<book>
	<filename>lord_dzheffri/lord_dzheffri_shpion_ee_velichestva.fb2.zip</filename>
	<title>Лорд Джеффри. Шпион ее Величества</title>
</book>
<book>
	<filename>lord_dzheffri/lord_dzheffri_siyayushii_polden_urenira.fb2.zip</filename>
	<title>Лорд Джеффри. Сияющий полдень Уренира</title>
</book>
<book>
	<filename>lord_dzheffri/lord_dzheffri_snega_bergliona.fb2.zip</filename>
	<title>Лорд Джеффри. Снега Берглиона</title>
</book>
<book>
	<filename>lord_dzheffri/lord_dzheffri_sny_richarda_bleida.fb2.zip</filename>
	<title>Лорд Джеффри. Сны Ричарда Блейда</title>
</book>
<book>
	<filename>lord_dzheffri/lord_dzheffri_sokrovishe_tarna.fb2.zip</filename>
	<title>Лорд Джеффри. Сокровище Тарна</title>
</book>
<book>
	<filename>lord_dzheffri/lord_dzheffri_teleportator_leiton_inkorporeited.fb2.zip</filename>
	<title>Лорд Джеффри. Телепортатор «Лейтон Инкорпорейтед»</title>
</book>
<book>
	<filename>lord_dzheffri/lord_dzheffri_vampir_na_pleche.fb2.zip</filename>
	<title>Лорд Джеффри. Вампир на плече</title>
</book>
<book>
	<filename>lord_dzheffri/lord_dzheffri_vedmy_iglstaza.fb2.zip</filename>
	<title>Лорд Джеффри. Ведьмы Иглстаза</title>
</book>
<book>
	<filename>lord_dzheffri/lord_dzheffri_vetry_katraza.fb2.zip</filename>
	<title>Лорд Джеффри. Ветры Катраза</title>
</book>
<book>
	<filename>lord_dzheffri/lord_dzheffri_volosatye_iz_urkhi.fb2.zip</filename>
	<title>Лорд Джеффри. Волосатые из Уркхи</title>
</book>
<book>
	<filename>lord_dzheffri/lord_dzheffri_zazerkale.fb2.zip</filename>
	<title>Лорд Джеффри. Зазеркалье</title>
</book>
<book>
	<filename>lord_dzheffri/lord_dzheffri_zhemchug_karhaima.fb2.zip</filename>
	<title>Лорд Джеффри. Жемчуг Кархайма</title>
</book>
<book>
	<filename>lord_shirli/lord_shirli_lica.fb2.zip</filename>
	<title>Лорд Ширли. Лица</title>
</book>
<book>
	<filename>lord_uolter/lord_uolter_poslednyaya_noch_titanika_hronika_gibeli.fb2.zip</filename>
	<title>Лорд Уолтер. Последняя ночь «Титаника». (Хроника гибели)</title>
</book>
<book>
	<filename>lord_yelizabet/lord_yelizabet_pohishennye_gody.fb2.zip</filename>
	<title>Лорд Элизабет. Похищенные годы</title>
</book>
<book>
	<filename>lorel_liza/lorel_liza_nevesta_princa.fb2.zip</filename>
	<title>Лорел Лиза Кей. Невеста принца</title>
</book>
<book>
	<filename>lorel_liza/lorel_liza_risknut_i_pobedit.fb2.zip</filename>
	<title>Лорел Лиза Кей. Рискнуть – и победить!</title>
</book>
<book>
	<filename>lorel_liza/lorel_liza_skazochnyi_papa.fb2.zip</filename>
	<title>Лорел Лиза Кей. Сказочный папа</title>
</book>
<book>
	<filename>lorenc_aleksandra/lorenc_aleksandra_ohota_na_klarissu.fb2.zip</filename>
	<title>Лоренц Александра фон. Охота на Клариссу</title>
</book>
<book>
	<filename>lorenc_konrad/lorenc_konrad_agressiya.fb2.zip</filename>
	<title>Лоренц Конрад. Агрессия</title>
</book>
<book>
	<filename>lorenc_konrad/lorenc_konrad_chelovek_nahodit_druga.fb2.zip</filename>
	<title>Лоренц Конрад. Человек находит друга</title>
</book>
<book>
	<filename>lorenc_konrad/lorenc_konrad_kolco_carya_solomona.fb2.zip</filename>
	<title>Лоренц Конрад З. Кольцо царя Соломона</title>
</book>
<book>
	<filename>lorenc_konrad/lorenc_konrad_vosem_smertnyh_grehov_civilizovannogo_chelovechestva.fb2.zip</filename>
	<title>Лоренц Конрад. Восемь смертных грехов цивилизованного человечества</title>
</book>
<book>
	<filename>lorens_kim/lorens_kim_do_lyubvi_odin_shag.fb2.zip</filename>
	<title>Лоренс Ким. До любви один шаг</title>
</book>
<book>
	<filename>lorens_kim/lorens_kim_izvestnost_lyubvi_ne_pomeha.fb2.zip</filename>
	<title>Лоренс Ким. Известность любви не помеха</title>
</book>
<book>
	<filename>lorens_kim/lorens_kim_prazdnik_dlya_dvoih.fb2.zip</filename>
	<title>Лоренс Ким. Праздник для двоих</title>
</book>
<book>
	<filename>lorens_terri/lorens_terri_malenkoe_dorozhnoe_priklyuchenie.fb2.zip</filename>
	<title>Лоренс Терри. Маленькое дорожное приключение</title>
</book>
<book>
	<filename>lorens_terri/lorens_terri_tolko_dlya_vlyublennyh.fb2.zip</filename>
	<title>Лоренс Терри. Только для влюбленных</title>
</book>
<book>
	<filename>lorens_yelis/lorens_yelis_yetot_proklyatyi_kompyuter.fb2.zip</filename>
	<title>Лоренс Элис. Этот проклятый компьютер</title>
</book>
<book>
	<filename>lori_andre/lori_andre_atlantida.fb2.zip</filename>
	<title>Лори Андре. Атлантида</title>
</book>
<book>
	<filename>lori_andre/lori_andre_cherez_okean.fb2.zip</filename>
	<title>Лори Андрe. Через океан</title>
</book>
<book>
	<filename>lori_andre/lori_andre_dunaiskii_locman.fb2.zip</filename>
	<title>Лори Андре. Дунайский лоцман</title>
</book>
<book>
	<filename>lori_andre/lori_andre_iskateli_zolota.fb2.zip</filename>
	<title>Лори Андре. Искатели золота</title>
</book>
<book>
	<filename>lori_andre/lori_andre_izgnanniki_zemli.fb2.zip</filename>
	<title>Лори Андре. Изгнанники Земли</title>
</book>
<book>
	<filename>lori_andre/lori_andre_kapitan_trafalgar.fb2.zip</filename>
	<title>Лори Андре. Капитан Трафальгар</title>
</book>
<book>
	<filename>lori_andre/lori_andre_lazurnyi_gigant.fb2.zip</filename>
	<title>Лори Андре. Лазурный гигант</title>
</book>
<book>
	<filename>lori_andre/lori_andre_naslednik_robinzona.fb2.zip</filename>
	<title>Лори Андре. Наследник Робинзона</title>
</book>
<book>
	<filename>lori_andre/lori_andre_pyatsot_millionov_begumy.fb2.zip</filename>
	<title>Лори Андре. Пятьсот миллионов бегумы</title>
</book>
<book>
	<filename>lori_andre/lori_andre_radamehskii_karlik.fb2.zip</filename>
	<title>Лори Андре. Радамехский карлик</title>
</book>
<book>
	<filename>lori_andre/lori_andre_rubin_velikogo_lamy.fb2.zip</filename>
	<title>Лори Андре. Рубин Великого Ламы</title>
</book>
<book>
	<filename>lori_andre/lori_andre_taina_maga.fb2.zip</filename>
	<title>Лори Андре. Тайна Мага</title>
</book>
<book>
	<filename>loriga_ryei/loriga_ryei_pistolet_moego_brata_upavshie_s_nebes.fb2.zip</filename>
	<title>Лорига Рэй. Пистолет моего брата. (Упавшие с небес)</title>
</book>
<book>
	<filename>loriga_ryei/loriga_ryei_tokio_nas_bolshe_ne_lyubit.fb2.zip</filename>
	<title>Лорига Рэй. Токио нас больше не любит</title>
</book>
<book>
	<filename>lori_hyu/lori_hyu_torgovec_pushkami.fb2.zip</filename>
	<title>Лори Хью. Торговец пушками</title>
</book>
<book>
	<filename>loring_yemili/loring_yemili_mechty_sbyvayutsya.fb2.zip</filename>
	<title>Лоринг Эмили. Мечты сбываются…</title>
</book>
<book>
	<filename>loring_yemili/loring_yemili_opasnaya_pomolvka.fb2.zip</filename>
	<title>Лоринг Эмили. Опасная помолвка</title>
</book>
<book>
	<filename>loring_yemili/loring_yemili_stremitelnyi_potok.fb2.zip</filename>
	<title>Лоринг Эмили. Стремительный поток</title>
</book>
<book>
	<filename>lorin_yemi/lorin_yemi_nochnoi_ohotnik.fb2.zip</filename>
	<title>Лорин Эми. Ночной Охотник</title>
</book>
<book>
	<filename>lorin_yemi/lorin_yemi_sila_i_soblazn.fb2.zip</filename>
	<title>Лорин Эми. Сила и соблазн</title>
</book>
<book>
	<filename>lorin_yemmi/lorin_yemmi_obresti_navek.fb2.zip</filename>
	<title>Лорин Эмми. Обрести навек</title>
</book>
<book>
	<filename>lorin_yemmi/lorin_yemmi_poteryat_i_naiti.fb2.zip</filename>
	<title>Лорин Эмми. Потерять и найти</title>
</book>
<book>
	<filename>losada_izabel/losada_izabel_v_poiskah_sovershenstva.fb2.zip</filename>
	<title>Лосада Изабель. В поисках Совершенства</title>
</book>
<book>
	<filename>losa_mario/losa_mario_dedushka.fb2.zip</filename>
	<title>Льоса Марио Варгас. Дедушка</title>
</book>
<book>
	<filename>losa_mario/losa_mario_gorod_i_psy.fb2.zip</filename>
	<title>Льоса Марио Варгас. Город и псы</title>
</book>
<book>
	<filename>losa_mario/losa_mario_kapitan_pantaleon_i_rota_dobryh_uslug.fb2.zip</filename>
	<title>Льоса Марио Варгас. Капитан Панталеон и Рота Добрых услуг</title>
</book>
<book>
	<filename>losa_mario/losa_mario_kto_ubil_palomino_molero.fb2.zip</filename>
	<title>Льоса Марио Варгас. Кто убил Паломино Молеро?</title>
</book>
<book>
	<filename>losa_mario/losa_mario_lituma_v_andah.fb2.zip</filename>
	<title>Льоса Марио Варгас. Литума в Андах</title>
</book>
<book>
	<filename>losa_mario/losa_mario_nechestivec_ili_prazdnik_kozla.fb2.zip</filename>
	<title>Льоса Марио Варгас. Нечестивец, или Праздник Козла</title>
</book>
<book>
	<filename>losa_mario/losa_mario_poedinok.fb2.zip</filename>
	<title>Льоса Марио Варгас. Поединок</title>
</book>
<book>
	<filename>losa_mario/losa_mario_pohozhdeniya_skvernoi_devchonki.fb2.zip</filename>
	<title>Льоса Марио Варгас. Похождения скверной девчонки</title>
</book>
<book>
	<filename>losa_mario/losa_mario_pohvalnoe_slovo_machehe.fb2.zip</filename>
	<title>Льоса Марио Варгас. Похвальное слово мачехе</title>
</book>
<book>
	<filename>losa_mario/losa_mario_razgovor_v_sobore.fb2.zip</filename>
	<title>Льоса Марио Варгас. Разговор в «Соборе»</title>
</book>
<book>
	<filename>losa_mario/losa_mario_shchenki.fb2.zip</filename>
	<title>Льоса Марио Варгас. Щенки</title>
</book>
<book>
	<filename>losa_mario/losa_mario_shenki.fb2.zip</filename>
	<title>Льоса Марио Варгас. Щенки</title>
</book>
<book>
	<filename>losa_mario/losa_mario_tetradi_dona_rigoberto.fb2.zip</filename>
	<title>Льоса Марио Варгас. Тетради дона Ригоберто</title>
</book>
<book>
	<filename>losa_mario/losa_mario_tetushka_huliya_i_pisaka.fb2.zip</filename>
	<title>Льоса Марио Варгас. Тетушка Хулия и писака</title>
</book>
<book>
	<filename>losa_mario/losa_mario_voina_konca_sveta.fb2.zip</filename>
	<title>Льоса Марио Варгас. Война конца света</title>
</book>
<book>
	<filename>losa_mario/losa_mario_zelenyi_dom.fb2.zip</filename>
	<title>Льоса Марио Варгас. Зеленый Дом</title>
</book>
<book>
	<filename>losev_aleksei/losev_aleksei_dialektika_mifa.fb2.zip</filename>
	<title>Лосев Алексей Федорович. Диалектика мифа</title>
</book>
<book>
	<filename>losev_pavel/losev_pavel_na_beregu_velikoi_reki.fb2.zip</filename>
	<title>Лосев Павел Федорович. На берегу великой реки</title>
</book>
<book>
	<filename>losev_vladimir/losev_vladimir_igrushka_bogov.fb2.zip</filename>
	<title>Лосев Владимир. Игрушка богов</title>
</book>
<book>
	<filename>losev_vladimir/losev_vladimir_odinokii_volk.fb2.zip</filename>
	<title>Лосев Владимир. Одинокий волк</title>
</book>
<book>
	<filename>losev_vladimir/losev_vladimir_ohotnik_za_demonami.fb2.zip</filename>
	<title>Лосев Владимир. Охотник за демонами</title>
</book>
<book>
	<filename>losev_vladimir/losev_vladimir_strazh_portalov.fb2.zip</filename>
	<title>Лосев Владимир. Страж порталов</title>
</book>
<book>
	<filename>losev_vladimir/losev_vladimir_voi_oborotnya.fb2.zip</filename>
	<title>Лосев Владимир. Вой оборотня</title>
</book>
<book>
	<filename>losev_vladimir/losev_vladimir_zashitnik_demonov.fb2.zip</filename>
	<title>Лосев Владимир. Защитник демонов</title>
</book>
<book>
	<filename>losev_vladimir/losev_vladimir_zvezdnyi_razvedchik.fb2.zip</filename>
	<title>Лосев Владимир. Звездный разведчик</title>
</book>
<book>
	<filename>losev_vladimir/losev_vladimir_zvezdy_vo_mrake.fb2.zip</filename>
	<title>Лосев Владимир. Звезды во мраке</title>
</book>
<book>
	<filename>loshic_yurii/loshic_yurii_dmitrii_donskoi.fb2.zip</filename>
	<title>Лощиц Юрий Михайлович. Дмитрий Донской</title>
</book>
<book>
	<filename>loskutov_aleksandr/loskutov_aleksandr_geimer.fb2.zip</filename>
	<title>Лоскутов Александр. Геймер</title>
</book>
<book>
	<filename>loskutov_aleksandr/loskutov_aleksandr_kolca_veroyatnosti.fb2.zip</filename>
	<title>Лоскутов Александр. Кольца вероятности</title>
</book>
<book>
	<filename>loskutov_aleksandr/loskutov_aleksandr_megabait.fb2.zip</filename>
	<title>Лоскутов Александр. Мегабайт</title>
</book>
<book>
	<filename>loskutov_aleksandr/loskutov_aleksandr_venec_tvoreniya.fb2.zip</filename>
	<title>Лоскутов Александр. Венец творения</title>
</book>
<book>
	<filename>loskutov_aleksandr/loskutov_aleksandr_vysshaya_cennost.fb2.zip</filename>
	<title>Лоскутов Александр. Высшая ценность</title>
</book>
<book>
	<filename>lota_vladimir/lota_vladimir_alta_protiv_barbarossy.fb2.zip</filename>
	<title>Лота Владимир. «Альта» против «Барбароссы»</title>
</book>
<book>
	<filename>loti_per/loti_per_aziade.fb2.zip</filename>
	<title>Лоти Пьер. Азиаде</title>
</book>
<book>
	<filename>loti_per/loti_per_gospozha_hrizantema.fb2.zip</filename>
	<title>Лоти Пьер. Госпожа Хризантема</title>
</book>
<book>
	<filename>loti_per/loti_per_islandskii_rybak.fb2.zip</filename>
	<title>Лоти Пьер. Исландский рыбак</title>
</book>
<book>
	<filename>loti_per/loti_per_ramuncho.fb2.zip</filename>
	<title>Лоти Пьер. Рамунчо</title>
</book>
<book>
	<filename>loti_per/loti_per_roman_odnogo_spagi.fb2.zip</filename>
	<title>Лоти Пьер. Роман одного спаги</title>
</book>
<book>
	<filename>loti_per/loti_per_zhenitba_loti.fb2.zip</filename>
	<title>Лоти Пьер. Женитьба Лоти</title>
</book>
<book>
	<filename>lotosh_evgenii/lotosh_evgenii_oshibki_i_shtampy_v_fantastike.fb2.zip</filename>
	<title>Лотош Евгений. Ошибки и штампы в фантастике</title>
</book>
<book>
	<filename>lotreamon_/lotreamon__pesni_maldorora.fb2.zip</filename>
	<title>Лотреамон. Песни Мальдорора</title>
</book>
<book>
	<filename>louder_dzheims/louder_dzheims_princ_lzhi.fb2.zip</filename>
	<title>Лоудер Джеймс. Принц Лжи</title>
</book>
<book>
	<filename>lou_dzhenet/lou_dzhenet_govorit_bill_geits.fb2.zip</filename>
	<title>Лоу Дженет. Говорит Билл Гейтс</title>
</book>
<book>
	<filename>lourens_dyevid/lourens_dyevid_lyubovnik_ledi_chatterli.fb2.zip</filename>
	<title>Лоуренс Дэвид Герберт. Любовник леди Чаттерли</title>
</book>
<book>
	<filename>lourens_dyevid/lourens_dyevid_synovya_i_lyubovniki.fb2.zip</filename>
	<title>Лоуренс Дэвид Герберт. Сыновья и любовники</title>
</book>
<book>
	<filename>lourens_ijen/lourens_ijen_kontrabandisty.fb2.zip</filename>
	<title>Лоуренс Йен. Контрабандисты</title>
</book>
<book>
	<filename>lourens_kyeti/lourens_kyeti_moi_milyi_angel.fb2.zip</filename>
	<title>Лоуренс Кэти. Мой милый ангел</title>
</book>
<book>
	<filename>lourens_stefani/lourens_stefani_chest_dzhentlmena.fb2.zip</filename>
	<title>Лоуренс Стефани. Честь джентльмена</title>
</book>
<book>
	<filename>lourens_stefani/lourens_stefani_do_bezumiya.fb2.zip</filename>
	<title>Лоуренс Стефани. До безумия</title>
</book>
<book>
	<filename>lourens_stefani/lourens_stefani_edinstvennaya.fb2.zip</filename>
	<title>Лоуренс Стефани. Единственная</title>
</book>
<book>
	<filename>lourens_stefani/lourens_stefani_idealnaya_nevesta.fb2.zip</filename>
	<title>Лоуренс Стефани. Идеальная невеста</title>
</book>
<book>
	<filename>lourens_stefani/lourens_stefani_idealnyi_lyubovnik.fb2.zip</filename>
	<title>Лоуренс Стефани. Идеальный любовник</title>
</book>
<book>
	<filename>lourens_stefani/lourens_stefani_izbrannica.fb2.zip</filename>
	<title>Лоуренс Стефани. Избранница</title>
</book>
<book>
	<filename>lourens_stefani/lourens_stefani_kak_uznat_princa.fb2.zip</filename>
	<title>Лоуренс Стефани. Как узнать принца?</title>
</book>
<book>
	<filename>lourens_stefani/lourens_stefani_klyatva_povesy.fb2.zip</filename>
	<title>Лоуренс Стефани. Клятва повесы</title>
</book>
<book>
	<filename>lourens_stefani/lourens_stefani_kontrabandistka.fb2.zip</filename>
	<title>Лоуренс Стефани. Контрабандистка</title>
</book>
<book>
	<filename>lourens_stefani/lourens_stefani_kuda_vedet_serdce.fb2.zip</filename>
	<title>Лоуренс Стефани. Куда ведет сердце</title>
</book>
<book>
	<filename>lourens_stefani/lourens_stefani_nelegkaya_pobeda.fb2.zip</filename>
	<title>Лоуренс Стефани. Нелегкая победа</title>
</book>
<book>
	<filename>lourens_stefani/lourens_stefani_nevesta_dyavola.fb2.zip</filename>
	<title>Лоуренс Стефани. Невеста дьявола</title>
</book>
<book>
	<filename>lourens_stefani/lourens_stefani_nezhdannaya_lyubov.fb2.zip</filename>
	<title>Лоуренс Стефани. Нежданная любовь</title>
</book>
<book>
	<filename>lourens_stefani/lourens_stefani_obeshanie_poceluya.fb2.zip</filename>
	<title>Лоуренс Стефани. Обещание поцелуя</title>
</book>
<book>
	<filename>lourens_stefani/lourens_stefani_odnazhdy_nochyu.fb2.zip</filename>
	<title>Лоуренс Стефани. Однажды ночью</title>
</book>
<book>
	<filename>lourens_stefani/lourens_stefani_pravda_o_lyubvi.fb2.zip</filename>
	<title>Лоуренс Стефани. Правда о любви</title>
</book>
<book>
	<filename>lourens_stefani/lourens_stefani_predlozhenie_povesy.fb2.zip</filename>
	<title>Лоуренс Стефани. Предложение повесы</title>
</book>
<book>
	<filename>lourens_stefani/lourens_stefani_priznanie_povesy.fb2.zip</filename>
	<title>Лоуренс Стефани. Признание повесы</title>
</book>
<book>
	<filename>lourens_stefani/lourens_stefani_roza_v_cvetu.fb2.zip</filename>
	<title>Лоуренс Стефани. Роза в цвету</title>
</book>
<book>
	<filename>lourens_stefani/lourens_stefani_skolko_stoit_lyubov.fb2.zip</filename>
	<title>Лоуренс Стефани. Сколько стоит любовь?</title>
</book>
<book>
	<filename>lourens_stefani/lourens_stefani_soblaznitelnica.fb2.zip</filename>
	<title>Лоуренс Стефани. Соблазнительница</title>
</book>
<book>
	<filename>lourens_stefani/lourens_stefani_svoevolnaya_krasavica.fb2.zip</filename>
	<title>Лоуренс Стефани. Своевольная красавица</title>
</book>
<book>
	<filename>lourens_stefani/lourens_stefani_tainaya_lyubov.fb2.zip</filename>
	<title>Лоуренс Стефани. Тайная любовь</title>
</book>
<book>
	<filename>lourens_stefani/lourens_stefani_vkus_nevinnosti.fb2.zip</filename>
	<title>Лоуренс Стефани. Вкус невинности</title>
</book>
<book>
	<filename>lourens_stefani/lourens_stefani_vse_o_lyubvi.fb2.zip</filename>
	<title>Лоуренс Стефани. Все о любви</title>
</book>
<book>
	<filename>lourens_stefani/lourens_stefani_vse_o_strasti.fb2.zip</filename>
	<title>Лоуренс Стефани. Все о страсти</title>
</book>
<book>
	<filename>lourens_stefani/lourens_stefani_za_sinei_pticei.fb2.zip</filename>
	<title>Лоуренс Стефани. За синей птицей</title>
</book>
<book>
	<filename>lourens_tomas_yedvard/lourens_tomas_yedvard_sem_stolpov_mudrosti.fb2.zip</filename>
	<title>Лоуренс Томас эдвард. Семь столпов мудрости</title>
</book>
<book>
	<filename>lou_syuzen/lou_syuzen_serdechnye_tainy.fb2.zip</filename>
	<title>Лоу Сьюзен Кей. Сердечные тайны</title>
</book>
<book>
	<filename>louyell_rouz/louyell_rouz_i_ona_ustupila.fb2.zip</filename>
	<title>Лоуэлл Роуз. И она уступила...</title>
</book>
<book>
	<filename>louyell_yelizabet/louyell_yelizabet_derzkii_lyubovnik.fb2.zip</filename>
	<title>Лоуэлл Элизабет. Дерзкий любовник</title>
</book>
<book>
	<filename>louyell_yelizabet/louyell_yelizabet_do_kraya_zemli.fb2.zip</filename>
	<title>Лоуэлл Элизабет. До края земли</title>
</book>
<book>
	<filename>louyell_yelizabet/louyell_yelizabet_dozhd_v_pustyne.fb2.zip</filename>
	<title>Лоуэлл Элизабет. Дождь в пустыне</title>
</book>
<book>
	<filename>louyell_yelizabet/louyell_yelizabet_idealnaya_zhenshina.fb2.zip</filename>
	<title>Лоуэлл Элизабет. Идеальная женщина</title>
</book>
<book>
	<filename>louyell_yelizabet/louyell_yelizabet_nefritovyi_ostrov.fb2.zip</filename>
	<title>Лоуэлл Элизабет. Нефритовый остров</title>
</book>
<book>
	<filename>louyell_yelizabet/louyell_yelizabet_neukroshennaya.fb2.zip</filename>
	<title>Лоуэлл Элизабет. Неукрощенная</title>
</book>
<book>
	<filename>louyell_yelizabet/louyell_yelizabet_nezabudka.fb2.zip</filename>
	<title>Лоуэлл Элизабет. Незабудка</title>
</book>
<book>
	<filename>louyell_yelizabet/louyell_yelizabet_ocharovannaya.fb2.zip</filename>
	<title>Лоуэлл Элизабет. Очарованная</title>
</book>
<book>
	<filename>louyell_yelizabet/louyell_yelizabet_osennii_lyubovnik.fb2.zip</filename>
	<title>Лоуэлл Элизабет. Осенний любовник</title>
</book>
<book>
	<filename>louyell_yelizabet/louyell_yelizabet_rubinovoe_kolco.fb2.zip</filename>
	<title>Лоуэлл Элизабет. Рубиновое кольцо</title>
</book>
<book>
	<filename>louyell_yelizabet/louyell_yelizabet_serdce_moe.fb2.zip</filename>
	<title>Лоуэлл Элизабет. Сердце мое</title>
</book>
<book>
	<filename>louyell_yelizabet/louyell_yelizabet_tolko_lyubov.fb2.zip</filename>
	<title>Лоуэлл Элизабет. Только любовь</title>
</book>
<book>
	<filename>louyell_yelizabet/louyell_yelizabet_tolko_moya.fb2.zip</filename>
	<title>Лоуэлл Элизабет. Только моя</title>
</book>
<book>
	<filename>louyell_yelizabet/louyell_yelizabet_tolko_on.fb2.zip</filename>
	<title>Лоуэлл Элизабет. Только он</title>
</book>
<book>
	<filename>louyell_yelizabet/louyell_yelizabet_tolko_ty.fb2.zip</filename>
	<title>Лоуэлл Элизабет. Только ты</title>
</book>
<book>
	<filename>louyell_yelizabet/louyell_yelizabet_vspomni_leto.fb2.zip</filename>
	<title>Лоуэлл Элизабет. Вспомни лето</title>
</book>
<book>
	<filename>louyell_yelizabet/louyell_yelizabet_yantarnyi_plyazh.fb2.zip</filename>
	<title>Лоуэлл Элизабет. Янтарный пляж</title>
</book>
<book>
	<filename>louyell_yelizabet/louyell_yelizabet_zakoldovannaya.fb2.zip</filename>
	<title>Лоуэлл Элизабет. Заколдованная</title>
</book>
<book>
	<filename>louyell_yelizabet/louyell_yelizabet_zhemchuzhnaya_buhta.fb2.zip</filename>
	<title>Лоуэлл Элизабет. Жемчужная бухта</title>
</book>
<book>
	<filename>louyell_yelizabet/louyell_yelizabet_zimnii_ogon.fb2.zip</filename>
	<title>Лоуэлл Элизабет. Зимний огонь</title>
</book>
<book>
	<filename>louyem_dina/louyem_dina_utoli_moyu_pechal.fb2.zip</filename>
	<title>Лоуэм Дина. Утоли мою печаль</title>
</book>
<book>
	<filename>louyen_aleksandr/louyen_aleksandr_lyubov_i_orgazm.fb2.zip</filename>
	<title>Лоуэн Александр. Любовь и оргазм</title>
</book>
<book>
	<filename>lovecraft_howard/lovecraft_howard_dreams_in_the_witchhouse.fb2.zip</filename>
	<title>Lovecraft Howard Philips. Dreams in the WitchHouse</title>
</book>
<book>
	<filename>lovecraft_howard/lovecraft_howard_the_call_of_cthulhu.fb2.zip</filename>
	<title>Lovecraft Howard Phillips. The Call of Cthulhu</title>
</book>
<book>
	<filename>lovleis_myerlin/lovleis_myerlin_lyubov_kapitana_feniksa.fb2.zip</filename>
	<title>Ловлейс Мэрлин. Любовь капитана «Феникса»</title>
</book>
<book>
	<filename>loza_dmitrii/loza_dmitrii_tankist_na_inomarke_pobedili_germaniyu_razbili_yaponiyu.fb2.zip</filename>
	<title>Лоза Дмитрий Федорович. Танкист на «иномарке». Победили Германию, разбили Японию</title>
</book>
<book>
	<filename>lubchenkov_yurii/lubchenkov_yurii_100_velikih_aristokratov.fb2.zip</filename>
	<title>Лубченков Юрий Николаевич. 100 великих аристократов</title>
</book>
<book>
	<filename>lucheno_dzheims/lucheno_dzheims_dart_mol1_diversant.fb2.zip</filename>
	<title>Лучено Джеймс. Дарт Мол-1: Диверсант</title>
</book>
<book>
	<filename>lucheno_dzheims/lucheno_dzheims_novyi_orden_dzhedaev_edinaya_sila.fb2.zip</filename>
	<title>Лучено Джеймс. Новый Орден Джедаев: Единая Сила</title>
</book>
<book>
	<filename>lucheno_dzheims/lucheno_dzheims_pod_pokrovom_lzhi.fb2.zip</filename>
	<title>Лучено Джеймс. Под покровом лжи</title>
</book>
<book>
	<filename>lucheno_dzheims/lucheno_dzheims_poslanniki_haosa1_proverka_na_prochnost.fb2.zip</filename>
	<title>Лучено Джеймс. Посланники хаоса-1: Проверка на прочность</title>
</book>
<book>
	<filename>lucheno_dzheims/lucheno_dzheims_poslanniki_haosa2_sumerki_dzhedaev.fb2.zip</filename>
	<title>Лучено Джеймс. Посланники Хаоса-2: Сумерки Джедаев</title>
</book>
<book>
	<filename>lucheno_dzheims/lucheno_dzheims_povelitel_tmy_vozvyshenie_darta_veidera.fb2.zip</filename>
	<title>Лучено Джеймс. Повелитель тьмы: Возвышение Дарта Вейдера</title>
</book>
<book>
	<filename>luganceva_tatyana/luganceva_tatyana_belosnezhka_i_sem_trupov.fb2.zip</filename>
	<title>Луганцева Татьяна. Белоснежка и семь трупов</title>
</book>
<book>
	<filename>luganceva_tatyana/luganceva_tatyana_korolevstvo_tresnuvshih_zerkal.fb2.zip</filename>
	<title>Луганцева Татьяна. Королевство треснувших зеркал</title>
</book>
<book>
	<filename>luganceva_tatyana/luganceva_tatyana_zapchasti_dlya_nevesty.fb2.zip</filename>
	<title>Луганцева Татьяна. Запчасти для невесты</title>
</book>
<book>
	<filename>luganceva_tatyana/luganceva_tatyana_zhenshinacunami.fb2.zip</filename>
	<title>Луганцева Татьяна. Женщина-цунами</title>
</book>
<book>
	<filename>luganceva_tatyana/luganceva_tatyana_zub_darenogo_konya.fb2.zip</filename>
	<title>Луганцева Татьяна. Зуб дареного коня</title>
</book>
<book>
	<filename>lugones_leopoldo/lugones_leopoldo_abderskie_koni.fb2.zip</filename>
	<title>Лугонес Леопольдо. Абдерские кони</title>
</book>
<book>
	<filename>lugones_leopoldo/lugones_leopoldo_dva_velikih_lunatika_ili_polnoe_neshodstvo_vzglyadov.fb2.zip</filename>
	<title>Лугонес Леопольдо. Два великих лунатика, или Полное несходство взглядов</title>
</book>
<book>
	<filename>lugones_leopoldo/lugones_leopoldo_solyanaya_figura.fb2.zip</filename>
	<title>Лугонес Леопольдо. Соляная фигура</title>
</book>
<book>
	<filename>lugones_leopoldo/lugones_leopoldo_viola_acherontia.fb2.zip</filename>
	<title>Лугонес Леопольдо. Viola acherontia</title>
</book>
<book>
	<filename>lukas_dzhenni/lukas_dzhenni_mshenie_ili_lyubov.fb2.zip</filename>
	<title>Лукас Дженни. Мщение или любовь?</title>
</book>
<book>
	<filename>lukas_dzhenni/lukas_dzhenni_v_yepicentre_lyubvi.fb2.zip</filename>
	<title>Лукас Дженни. В эпицентре любви</title>
</book>
<book>
	<filename>lukas_dzhordzh/lukas_dzhordzh_yepizod_iv_novaya_nadezhda.fb2.zip</filename>
	<title>Лукас Джордж. Эпизод IV: Новая Надежда</title>
</book>
<book>
	<filename>luke_fransisko/luke_fransisko_luna_doktora_fausta.fb2.zip</filename>
	<title>Луке Франсиско Эррера. Луна доктора Фауста</title>
</book>
<book>
	<filename>lukina_lyubov/lukina_lyubov_kogda_otstupayut_angely.fb2.zip</filename>
	<title>Лукина Любовь. Когда отступают ангелы</title>
</book>
<book>
	<filename>lukin_evgenii/lukin_evgenii_alaya_aura_protopartorga.fb2.zip</filename>
	<title>Лукин Евгений. Алая аура протопарторга</title>
</book>
<book>
	<filename>lukin_evgenii/lukin_evgenii_ameba.fb2.zip</filename>
	<title>Лукин Евгений. Амеба</title>
</book>
<book>
	<filename>lukin_evgenii/lukin_evgenii_bytie_nashe_dyrchatoe.fb2.zip</filename>
	<title>Лукин Евгений Юрьевич. Бытие наше дырчатое</title>
</book>
<book>
	<filename>lukin_evgenii/lukin_evgenii_chush_sobachya.fb2.zip</filename>
	<title>Лукин Евгений. Чушь собачья</title>
</book>
<book>
	<filename>lukin_evgenii/lukin_evgenii_katali_my_vashe_solnce.fb2.zip</filename>
	<title>Лукин Евгений. Катали мы ваше солнце</title>
</book>
<book>
	<filename>lukin_evgenii/lukin_evgenii_missionery.fb2.zip</filename>
	<title>Лукин Евгений. Миссионеры</title>
</book>
<book>
	<filename>lukin_evgenii/lukin_evgenii_portret_kudesnika_v_yunosti.fb2.zip</filename>
	<title>Лукин Евгений. Портрет кудесника в юности</title>
</book>
<book>
	<filename>lukin_evgenii/lukin_evgenii_razboinichya_zlaya_luna.fb2.zip</filename>
	<title>Лукин Евгений. Разбойничья злая луна</title>
</book>
<book>
	<filename>lukin_evgenii/lukin_evgenii_razdolbai_kosmosa_ili_genii_kuvaldy.fb2.zip</filename>
	<title>Лукин Евгений. Раздолбаи космоса, или Гений кувалды</title>
</book>
<book>
	<filename>lukin_evgenii/lukin_evgenii_rycari_kuvaldy.fb2.zip</filename>
	<title>Лукин Евгений. Рыцари кувалды</title>
</book>
<book>
	<filename>lukin_evgenii/lukin_evgenii_slepye_povodyri.fb2.zip</filename>
	<title>Лукин Евгений. Слепые поводыри</title>
</book>
<book>
	<filename>lukin_evgenii/lukin_evgenii_stal_razyashaya.fb2.zip</filename>
	<title>Лукин Евгений. Сталь разящая</title>
</book>
<book>
	<filename>lukin_evgenii/lukin_evgenii_ulica_prociona.fb2.zip</filename>
	<title>Лукин Евгений. Улица Проциона</title>
</book>
<book>
	<filename>lukin_evgenii/lukin_evgenii_vrane_vedushee_k_pravde.fb2.zip</filename>
	<title>Лукин Евгений. Вранье, ведущее к правде</title>
</book>
<book>
	<filename>lukin_evgenii/lukin_evgenii_zona_spravedlivosti.fb2.zip</filename>
	<title>Лукин Евгений. Зона Справедливости</title>
</book>

</books>

