<?xml version="1.0" encoding="UTF-8" ?>
<books>

<book>
	<author>ночь Т и о</author>
	<title>Рассказ про Ала Ад-Дина и волшебный светильник</title>
	<filename>TALES/1001NIGHT/ad-din.txt</filename>
</book>
<book>
	<author>Аксаков С Т</author>
	<title>Аленький цветочек</title>
	<filename>TALES/alenkij.txt</filename>
</book>
<book>
	<author>Андерсен Г Х</author>
	<title>Сказки</title>
	<filename>TALES/ANDERSEN/skazki.txt</filename>
</book>
<book>
	<author></author>
	<title>Лучшие сказки мира</title>
	<filename>TALES/besttales.txt</filename>
</book>
<book>
	<author>Боровков К</author>
	<title>Первая История про Юлю Первую</title>
	<filename>TALES/BOROVKOV/julia.txt</filename>
</book>
<book>
	<author>Е Д</author>
	<title>Побежденный Карабас</title>
	<filename>TALES/buratino2.txt</filename>
</book>
<book>
	<author>Кумма А, Рунге  С</author>
	<title>Вторая тайна золотого ключика</title>
	<filename>TALES/buratino3.txt</filename>
</book>
<book>
	<author>Чопич Б</author>
	<title>Приключения кота Тоши</title>
	<filename>TALES/CHOPICH/tosha.txt</filename>
</book>
<book>
	<author>Гераскина Л</author>
	<title>В стране невыученных уроков</title>
	<filename>TALES/geraskina.txt</filename>
</book>
<book>
	<author>Гнедина Г</author>
	<title>Последний день туготронов</title>
	<filename>TALES/gnedina.txt</filename>
</book>
<book>
	<author>Гримм Б</author>
	<title>Бременские музыканты</title>
	<filename>TALES/GRIMM/bremen.txt</filename>
</book>
<book>
	<author>Кемоклидзе Г</author>
	<title>Немец</title>
	<filename>TALES/KEMOKLIDZE/nemec.txt</filename>
</book>
<book>
	<author>Кемоклидзе Г</author>
	<title>В стране Пустоделии</title>
	<filename>TALES/KEMOKLIDZE/pustodelia.txt</filename>
</book>
<book>
	<author>Куклин Л</author>
	<title>Операция "снег"</title>
	<filename>TALES/KUKLIN/sneg.txt</filename>
</book>
<book>
	<author>Первик А</author>
	<title>Чаромора</title>
	<filename>TALES/PERWIK/charomora.txt</filename>
</book>
<book>
	<author>Коллоди К</author>
	<title>Приключения Пиноккио</title>
	<filename>TALES/pinokkio.txt</filename>
</book>
<book>
	<author>Прокофьева С</author>
	<title>Пока бьют часы</title>
	<filename>TALES/PROKOFXEWA/prokof1.txt</filename>
</book>
<book>
	<author>Прокофьева С</author>
	<title>Остров Капитанов</title>
	<filename>TALES/PROKOFXEWA/prokof2.txt</filename>
</book>
<book>
	<author>Якубенко А</author>
	<title>Волшебные Перья Арарахиса</title>
	<filename>TALES/qkubenko.txt</filename>
</book>
<book>
	<author>Романченко О И</author>
	<title>Галина сказка</title>
	<filename>TALES/ROMANCHENKO/galya.txt</filename>
</book>
<book>
	<author>Рубан Н</author>
	<title>Бирюлевские чудеса</title>
	<filename>TALES/RUBAN/biryuli.txt</filename>
</book>
<book>
	<author>Сапожников Л</author>
	<title>Митя Метелкин в Стране синих роз</title>
	<filename>TALES/SAPOZHNIKOV/metelkin.txt</filename>
</book>
<book>
	<author></author>
	<title>Детские стишки, песенки, колыбельные, скороговорки</title>
	<filename>TALES/stishki.txt</filename>
</book>
<book>
	<author></author>
	<title>The bad-natured land baron's wife</title>
	<filename>TALES/TALESENGTRANS/barynya.txt</filename>
</book>
<book>
	<author>Вяземский Ю П</author>
	<title>Про девочку Настю и злую Невидимку</title>
	<filename>TALES/WYAZEMSKIJ/nastya.txt</filename>
</book>
<book>
	<author>Тюхтяевы И и Л</author>
	<title>Зоки и Бада. Пособие для детей по воспитанию родителей</title>
	<filename>TALES/zokibada.txt</filename>
</book>
<book>
	<author></author>
	<title>RFC1180 Семейство протоколов TCP/IP в переводе Брежнева и Смелянского</title>
	<filename>TCPBOOK/tcp1.txt</filename>
</book>
<book>
	<author>1 П</author>
	<title> Путеводитель по RFC</title>
	<filename>TCPBOOK/tcp2.txt</filename>
</book>
<book>
	<author>Журден Р</author>
	<title>Справочник программиста на персональном компьютере фирмы IBM</title>
	<filename>TECHBOOKS/JURDAIN/jourdain.txt</filename>
</book>
<book>
	<author>Леонтьев Б</author>
	<title>Хакеры, взломщики и другие информационные убийцы</title>
	<filename>TECHBOOKS/LEONTIEV/hakery.txt</filename>
</book>
<book>
	<author>Леонтьев Б</author>
	<title>Тонкости, хитрости и секреты Internet</title>
	<filename>TECHBOOKS/LEONTIEV/internet.txt</filename>
</book>
<book>
	<author>Леонтьев Б</author>
	<title>Ваш незаменимый деловой партнер Lotus Organizer для Windows 98</title>
	<filename>TECHBOOKS/LEONTIEV/lotus_organizer.txt</filename>
</book>
<book>
	<author>Леонтьев Б</author>
	<title>Web-дизайн: Тонкости, хитрости и секреты</title>
	<filename>TECHBOOKS/LEONTIEV/web-design.txt</filename>
</book>
<book>
	<author></author>
	<title>Руководство по модемам US Robotics 14.400 и 28.800</title>
	<filename>TECHBOOKS/MODEM/sportser.txt</filename>
</book>
<book>
	<author>Леонтьев Б</author>
	<title>Простая локальная сеть на базе NetGear</title>
	<filename>TECHBOOKS/netgear.txt</filename>
</book>
<book>
	<author>Леонтьев Б</author>
	<title>QuarkXPress 3.32 для Windows 95</title>
	<filename>TECHBOOKS/quark.txt</filename>
</book>
<book>
	<author>Молочков В</author>
	<title>Soft for MS DOS: Методичка по редактору ФОТОН</title>
	<filename>TECHBOOKS/TEC/softfordos.txt</filename>
</book>
<book>
	<author>Леонтьев Б</author>
	<title>Операционная система Microsoft Windows 98 для начинающих и не только</title>
	<filename>TECHBOOKS/windows98leo.txt</filename>
</book>
<book>
	<author>Фроянова П р И Я</author>
	<title>История России от древнейших времен до начала XX в.</title>
	<filename>TEXTBOOKS/history.txt</filename>
</book>
<book>
	<author>Сусов И П</author>
	<title>История языкознания</title>
	<filename>TEXTBOOKS/yazykoznanie.txt</filename>
</book>
<book>
	<author>Тильман К</author>
	<title>Нумерология планет</title>
	<filename>TILMAN/aminer.txt</filename>
</book>
<book>
	<author>Тильман К</author>
	<title>Грань желания</title>
	<filename>TILMAN/granx.txt</filename>
</book>
<book>
	<author>Тильман К</author>
	<title>Вторая попытка. Книга первая. Управление случайностями</title>
	<filename>TILMAN/tilman1.txt</filename>
</book>
<book>
	<author>Тильман К</author>
	<title>Вторая попытка. Книга вторая. Что снится вампирам</title>
	<filename>TILMAN/tilman2.txt</filename>
</book>
<book>
	<author>Тильман К</author>
	<title>Вторая попытка. Книга третья. Пятое время года</title>
	<filename>TILMAN/tilman3.txt</filename>
</book>
<book>
	<author>Жуковы Б и Н</author>
	<title>Экскурсия</title>
	<filename>TOLKIEN/ALSO/zhukowy.txt</filename>
</book>
<book>
	<author></author>
	<title></title>
	<filename>TOLKIEN/arda/2.txt</filename>
</book>
<book>
	<author>Лэйвлан И</author>
	<title>Назгульский путч</title>
	<filename>TOLKIEN/arda/ash-nazg.txt</filename>
</book>
<book>
	<author></author>
	<title></title>
	<filename>TOLKIEN/arda/bolonka.txt</filename>
</book>
<book>
	<author></author>
	<title>Илриниснэй Лэйвлан</title>
	<filename>TOLKIEN/arda/bonlost.txt</filename>
</book>
<book>
	<author></author>
	<title></title>
	<filename>TOLKIEN/arda/budda.txt</filename>
</book>
<book>
	<author>Лэйвлан И</author>
	<title>Вишневый Лориэн</title>
	<filename>TOLKIEN/arda/chirmo.txt</filename>
</book>
<book>
	<author></author>
	<title></title>
	<filename>TOLKIEN/arda/darkring.txt</filename>
</book>
<book>
	<author></author>
	<title>                           </title>
	<filename>TOLKIEN/arda/elrond.txt</filename>
</book>
<book>
	<author></author>
	<title></title>
	<filename>TOLKIEN/arda/freestal.txt</filename>
</book>
<book>
	<author></author>
	<title></title>
	<filename>TOLKIEN/arda/galadrie.txt</filename>
</book>
<book>
	<author>Валар  М е н в с п б с Е и</author>
	<filename>TOLKIEN/arda-history/arda.txt</filename>
</book>
<book>
	<author></author>
	<title>БЕРЕН   И   ЛЮТИЕН</title>
	<filename>TOLKIEN/arda-history/beren.txt</filename>
</book>
<book>
	<author></author>
	<title>О  ДРАКОНАХ</title>
	<filename>TOLKIEN/arda-history/dragon.txt</filename>
</book>
<book>
	<title>                                "У врат Валимара Мелькор пал к ногам
</title>
	<filename>TOLKIEN/arda-history/feanor.txt</filename>
</book>
<book>
	<title>     Финве был прославлен среди Эльдар, и потомки Финве считали себя среди
</title>
	<filename>TOLKIEN/arda-history/fingolfi.txt</filename>
</book>
<book>
	<title>COMMENT (для стыковки частей): начато с середины девятой страницы рукописи
</title>
	<filename>TOLKIEN/arda-history/lostfour.txt</filename>
</book>
<book>
	<title>Перебили всех, кроме Маэглина. В нем
</title>
	<filename>TOLKIEN/arda-history/maeglin.txt</filename>
</book>

<book>
	<title>     ...Имен не осталось.
</title>
	<filename>TOLKIEN/arda-history/mayar.txt</filename>
</book>
<book>
	<title>Мудрым
</title>
	<filename>TOLKIEN/arda-history/n1.txt</filename>
</book>
<book>
	<title>                               О ДУХЕ ЮГА
</title>
	<filename>TOLKIEN/arda-history/n3.txt</filename>
</book>
<book>
	<title>     Они так нежно и изысканно звенят, эти маленькие колокольчики в
</title>
	<filename>TOLKIEN/arda-history/n7.txt</filename>
</book>
<book>
	<title>     Звали ее Исилхэрин, и была она в родстве с королевским домом
</title>
	<filename>TOLKIEN/arda-history/n9.txt</filename>
</book>
<book>
	<title>     Он шел, и все бежали перед ликом его, и воплощение Гнева Единого,
</title>
	<filename>TOLKIEN/arda-history/namo.txt</filename>
</book>
<book>
	<title>     - Hикогда не подyмал бы, Мастер, что ты выберешься из домy в такое
</title>
	<filename>TOLKIEN/arda-history/of-dark.txt</filename>
</book>
<book>
	<title>     Тысячy раз он спрашивал себя - зачем, зачем он пришел сюда, на это
</title>
	<filename>TOLKIEN/arda-history/pir.txt</filename>
</book>
<book>
	<title>                             КОЛЬЦО САРУМАНА
</title>
	<filename>TOLKIEN/arda-history/saruman.txt</filename>
</book>
<book>
	<title>     "Когда разрушена была крепость в Тангородрим и пал Моргот, вновь
</title>
	<filename>TOLKIEN/arda-history/sauron.txt</filename>
</book>
<book>
	<title>                                Оборотень
</title>
	<filename>TOLKIEN/arda-history/thessa.txt</filename>
</book>
<book>
	<title>                               ВОЙНА ГНЕВА
</title>
	<filename>TOLKIEN/arda-history/war.txt</filename>
</book>
<book>
	<author></author>
	<title>Саурону Новосибирскому появящается:                        </title>
	<filename>TOLKIEN/arda/larik.txt</filename>
</book>
<book>
	<author></author>
	<title>ВСЯКИЕ  ХРОНИКИ  АРДЫ  И НЕ ТОЛЬКО> </title>
	<filename>TOLKIEN/arda/lim.txt</filename>
</book>
<book>
	<author></author>
	<title>Илри Лэйвлан Гвуатгот</title>
	<filename>TOLKIEN/arda/mitr-r-r.txt</filename>
</book>
<book>
	<author></author>
	<title></title>
	<filename>TOLKIEN/arda/p1.txt</filename>
</book>
<book>
	<author>муз</author>
	<title>БГ, сл. А.К. и И.Л.</title>
	<filename>TOLKIEN/arda/pilot.txt</filename>
</book>
<book>
	<author></author>
	<title></title>
	<filename>TOLKIEN/arda/sonet.txt</filename>
</book>
<book>
	<author></author>
	<title></title>
	<filename>TOLKIEN/arda/spreeg-b.txt</filename>
</book>
<book>
	<author></author>
	<title></title>
	<filename>TOLKIEN/arda/talisman.txt</filename>
</book>
<book>
	<author></author>
	<title></title>
	<filename>TOLKIEN/arda/tollkink.txt</filename>
</book>
<book>
	<author></author>
	<title>ЧЕРНАЯ ХРОНИКА АРДЫ (Black Silmarillion)</title>
	<filename>TOLKIEN/black-silmarillion.txt</filename>
</book>
<book>
	<author>Полежаева Ю</author>
	<title>Эльфийский синдром</title>
	<filename>TOLKIEN/dex.txt</filename>
</book>
<book>
	<title>dagaew-2.txt</title>
	<filename>TOLKIEN/doroga/dagaew-2.txt</filename>
</book>
<book>
	<title>pridorsk.txt</title>
	<filename>TOLKIEN/doroga/pridorsk.txt</filename>
</book>
<book>
	<title>pticpech.txt</title>
	<filename>TOLKIEN/doroga/pticpech.txt</filename>
</book>
<book>
	<title>qsneb.txt</title>
	<filename>TOLKIEN/doroga/qsneb.txt</filename>
</book>
<book>
	<author></author>
	<title>              Цикл сказаний "Бесконечная дорога"</title>
	<filename>TOLKIEN/doroga/r0-0plan.txt</filename>
</book>
<book>
	<author></author>
	<title>Цикл сказаний "Бесконечная дорога"</title>
	<filename>TOLKIEN/endless.txt</filename>
</book>
<book>
	<author>Толкиен Д Р Р</author>
	<title>О волшебной сказке (неоконч)</title>
	<filename>TOLKIEN/fairyt.txt</filename>
</book>
<book>
	<author></author>
	<title>                       Фермер Джайлс из Хэма,</title>
	<filename>TOLKIEN/gilse.txt</filename>
</book>
<book>
	<author>Толкиен Р Р</author>
	<title>Хоббит или туда и обратно</title>
	<filename>TOLKIEN/hobbit.txt</filename>
</book>
<book>
	<author></author>
	<title>                            Дж.Р.Р.Толкиен</title>
	<filename>TOLKIEN/hobb-sng.txt</filename>
</book>
<book>
	<author>Толкиен Д Р Р</author>
	<title>Хранители (книга вторая)</title>
	<filename>TOLKIEN/hranit2.txt</filename>
</book>
<book>
	<author>Толкиен Д Р Р</author>
	<title>Хранители (книга первая)</title>
	<filename>TOLKIEN/hranit.txt</filename>
</book>
<book>
	<author></author>
	<title>Биография Дж.Р.Р.Толкиена</title>
	<filename>TOLKIEN/jrrt-bio.txt</filename>
</book>
<book>
	<author>Толкиен Д Р Р</author>
	<title>Возвращение короля (книга пятая)</title>
	<filename>TOLKIEN/kingret5.txt</filename>
</book>
<book>
	<author>Толкиен Д Р Р</author>
	<title>Возвращение короля (книга шестая)</title>
	<filename>TOLKIEN/kingret6.txt</filename>
</book>
<book>
	<author>Барановский В</author>
	<title>Лэйхоквэнта</title>
	<filename>TOLKIEN/lejhokwenta.txt</filename>
</book>
<book>
	<author>Рогов К</author>
	<title>Взхоббит против тьмы.</title>
	<filename>TOLKIEN/LIKETOLKIEN/rogow.txt</filename>
</book>
<book>
	<author></author>
	<title>A Concise Listing of Tolkien Books</title>
	<filename>TOLKIEN/list.txt</filename>
</book>
<book>
	<author>Thooker M</author>
	<title>Э-издания переводов "Властелина колец" Дж. Р.Р. Толкиена</title>
	<filename>TOLKIEN/lorfirst.txt</filename>
</book>
<book>
	<author></author>
	<title>"Morgoth's Ring", Vol.X "The History of Middle-earth"</title>
	<filename>TOLKIEN/morgoth.txt</filename>
</book>
<book>
	<author>Румянцев В</author>
	<title>Утро в Альквалонде</title>
	<filename>TOLKIEN/morning.txt</filename>
</book>
<book>
	<author></author>
	<title>Правила ХИ-93,94</title>
	<filename>TOLKIEN/prawila_hi.txt</filename>
</book>
<book>
	<author>Толкиен Д Р Р</author>
	<title>Приложения и комментарии к "Властелину колец"</title>
	<filename>TOLKIEN/prilozh.txt</filename>
</book>
<book>
	<author>Илвариэ А</author>
	<title>Повесть о Рангольде Прошедшем Сквозь Время</title>
	<filename>TOLKIEN/rangold.txt</filename>
</book>
<book>
	<author></author>
	<title>(151)   Mon 19 Jul 93  1:21</title>
	<filename>TOLKIEN/rhi-93.txt</filename>
</book>
<book>
	<author>Толкиен Д Р Р</author>
	<title> Сильмариллион</title>
	<filename>TOLKIEN/silxmar.txt</filename>
</book>
<book>
	<author></author>
	<title>О   К О Л Ь Ц А Х   В Л А С Т И   И</title>
	<filename>TOLKIEN/s_last.txt</filename>
</book>
<book>
	<author>Толкиен Д Р Р</author>
	<title>Кузнец из Большого Вуттона</title>
	<filename>TOLKIEN/smithwut.txt</filename>
</book>
<book>
	<author></author>
	<title>         П Р И Л О Ж Е Н И Е  1</title>
	<filename>TOLKIEN/s_post.txt</filename>
</book>
<book>
	<author></author>
	<title>Толкиен - русская библиография</title>
	<filename>TOLKIEN/tolkien-bibl.txt</filename>
</book>
<book>
	<author>Толкиена О п</author>
	<title>Бэггинс, Сумникс и Торбинс</title>
	<filename>TOLKIEN/trans.txt</filename>
</book>
<book>
	<author>Толкиен Д Р Р</author>
	<title>Дерево и лист</title>
	<filename>TOLKIEN/treeleaf.txt</filename>
</book>
<book>
	<author>Толкиен Д Р Р</author>
	<title>Две башни (книга третья)</title>
	<filename>TOLKIEN/twotow3.txt</filename>
</book>
<book>
	<author>Толкиен Д Р Р</author>
	<title>Две башни (книга четвертая)</title>
	<filename>TOLKIEN/twotow4.txt</filename>
</book>
<book>
	<author></author>
	<title>Отрывки из книги Ехидны белого пламени</title>
	<filename>TOLKIEN/whitfair.txt</filename>
</book>
<book>
	<author>Румянцев В</author>
	<title>Взхоббит, или Путь в никуда</title>
	<filename>TOLKIEN/wzhobbit.txt</filename>
</book>
<book>
	<author>Толстой А</author>
	<title>Аэлита</title>
	<filename>TOLSTOJA/aelita.txt</filename>
</book>
<book>
	<author>Толстой А</author>
	<title>Золотой ключик, или приключения Буратино</title>
	<filename>TOLSTOJA/buratino.txt</filename>
</book>
<book>
	<author>Толстой А</author>
	<title>Прожорливый башмак</title>
	<filename>TOLSTOJA/skazki.txt</filename>
</book>
<book>
	<author>Толстой А</author>
	<title>Семь дней, в которые был ограблен мир</title>
	<filename>TOLSTOJA/tolsa002.txt</filename>
</book>
<book>
	<author>Треверс П</author>
	<title>Мэри Поппинс с Вишневой улицы</title>
	<filename>TREWERS/poppins.txt</filename>
</book>
<book>
	<author>Трифонов Ю</author>
	<title>Предварительные итоги</title>
	<filename>TRIFONOW/itogi.txt</filename>
</book>
<book>
	<author>Трифонов Ю</author>
	<title>Обмен</title>
	<filename>TRIFONOW/obmen.txt</filename>
</book>
<book>
	<author>Троцкий Л Д</author>
	<title>Преданная революция: Что такое СССР и куда он идет?</title>
	<filename>TROCKIJ/trockij1.txt</filename>
</book>
<book>
	<author></author>
	<title>AMI BIOS: руководство по выживанию</title>
	<filename>TXT/amibios.txt</filename>
</book>
<book>
	<author></author>
	<title>Браузеры, которые мы выбираем</title>
	<filename>TXT/browsers.txt</filename>
</book>
<book>
	<author>Богатырев А</author>
	<title>Вождение автомобиля</title>
	<filename>TXT/car1.txt</filename>
</book>
<book>
	<author>Балабан Л</author>
	<title>Я съел собаку на записи AUDIO CD</title>
	<filename>TXT/cdr-balaban1.txt</filename>
</book>
<book>
	<author>Балабан Л</author>
	<title>Практическое руководство по записи AUDIO CD</title>
	<filename>TXT/cdr-balaban2.txt</filename>
</book>
<book>
	<author>Topper</author>
	<title>Качество CD-R дисков</title>
	<filename>TXT/cdr-quality.txt</filename>
</book>
<book>
	<author></author>
	<title>CD-Writing HOWTO в переводе Максима Дзюманенко</title>
	<filename>TXT/cdwritinghowtorus.txt</filename>
</book>
<book>
	<author></author>
	<title></title>
	<filename>TXT/comp_ug.txt</filename>
</book>
<book>
	<author></author>
	<title>Спутник потребителя г.Саратов No ?? за 199? год</title>
	<filename>TXT/customer.txt</filename>
</book>
<book>
	<author></author>
	<title>Структура файла базы данных DBF-формата</title>
	<filename>TXT/dbf.txt</filename>
</book>
<book>
	<author>Завалишин Д</author>
	<title>Диффузия (FIDO&amp;Internet)</title>
	<filename>TXT/diffuzia.txt</filename>
</book>
<book>
	<author>Петровская Г</author>
	<title>Как оформить необходимые для защиты диссертации документы</title>
	<filename>TXT/disser.txt</filename>
</book>
<book>
	<author>Нортон Д А</author>
	<title>Драйверы устройств в системе WINDOWS</title>
	<filename>TXT/driv_wnd.txt</filename>
</book>
<book>
	<author></author>
	<title>FAQ: Frequently Asked Questions about Sun NVRAM, IDPROM, hostid</title>
	<filename>TXT/faqsunnvram.txt</filename>
</book>
<book>
	<author>FAQ U U</author>
	<title>Часто задаваемые вопросы</title>
	<filename>TXT/faqusrob.txt</filename>
</book>
<book>
	<author>Sergiu I</author>
	<title>Simplification of prove of Fermat theorem</title>
	<filename>TXT/fermat.txt</filename>
</book>
<book>
	<author>4  У F                    В</author>
	<title>06</title>
	<filename>TXT/fidonet.txt</filename>
</book>
<book>
	<author>Джеймсон С</author>
	<title>Французский Иностранный Легион</title>
	<filename>TXT/franclegionrus.txt</filename>
</book>
<book>
	<author></author>
	<title>Франтишка переведена из реанимации в обычное отделение 53-й (11 may 1999)</title>
	<filename>TXT/gak97.txt</filename>
</book>
<book>
	<author></author>
	<title>Музыкальные пристрастия моих посетителей</title>
	<filename>TXT/hitparad.txt</filename>
</book>
<book>
	<author></author>
	<title>Посещабельность lib.ru</title>
	<filename>TXT/hosts-usage.txt</filename>
</book>
<book>
	<author></author>
	<title>Инструкция для благодетелей и текстодателей</title>
	<filename>TXT/incoming.txt</filename>
</book>
<book>
	<author></author>
	<title>Несколько комментариев о кредитках...</title>
	<filename>TXT/kartochki.txt</filename>
</book>
<book>
	<author></author>
	<title>То: хермес1.ецон.уни-хамбург.де!БАТЕН@пулсар.ац.мск.су</title>
	<filename>TXT/kompsov.txt</filename>
</book>
<book>
	<author>Коржаков А</author>
	<title>Борис Ельцин: от рассвета до заката</title>
	<filename>TXT/korg.txt</filename>
</book>
<book>
	<author>Кедров С, Малых  Н</author>
	<title>Лантастик 6.0</title>
	<filename>TXT/lantastik.txt</filename>
</book>
<book>
	<author></author>
	<title>Руководство для новых поинтов FIDONET</title>
	<filename>TXT/newpoint.txt</filename>
</book>
<book>
	<author></author>
	<title>FIDONET policy</title>
	<filename>TXT/policy.txt</filename>
</book>
<book>
	<author></author>
	<title>Сообщения об ошибках во время выполнения POST</title>
	<filename>TXT/post.txt</filename>
</book>
<book>
	<author></author>
	<title>Наиболее потребляемые файлы на зеркале relline</title>
	<filename>TXT/ras-usage.txt</filename>
</book>
<book>
	<author></author>
	<title>Компьютеры красной сборки</title>
	<filename>TXT/red_wave.txt</filename>
</book>
<book>
	<author></author>
	<title>     Приводится в редакции, принятой ВС РФ во втором чтении</title>
	<filename>TXT/rfcopyrigtht.txt</filename>
</book>
<book>
	<author>Толмацкий Д</author>
	<title>Российская наука на пути из реанимации в морг</title>
	<filename>TXT/ruscience.txt</filename>
</book>
<book>
	<author></author>
	<title></title>
	<filename>TXT/ru_unix.txt</filename>
</book>
<book>
	<author>AUI/UTP П Т д Б, Hardbiting  w</author>
	<title>17 янв 96</title>
	<filename>TXT/s3.txt</filename>
</book>
<book>
	<author>1991 </author>
	<title>Класс "В" (тот же, что и у Гриши Мошкина)</title>
	<filename>TXT/school57.txt</filename>
</book>
<book>
	<author>Кондратьев И</author>
	<title>Чтобы память была крепче</title>
	<filename>TXT/sdram.txt</filename>
</book>
<book>
	<author></author>
	<title>О маркировке штрихкодом</title>
	<filename>TXT/shtrihkod.txt</filename>
</book>
<book>
	<author>анархиста П к</author>
	<title>Трактаты о</title>
	<filename>TXT/traktaty.txt</filename>
</book>
<book>
	<author></author>
	<title>Художественные объединения и творческие союзы</title>
	<filename>TXT/tworch.txt</filename>
</book>
<book>
	<author></author>
	<title> 50 штатов США </title>
	<filename>TXT/usastates.txt</filename>
</book>
<book>
	<author></author>
	<title>Н.В.Рухляда, А.П.Уточкин, Ю.Г.Доронин, В.А.Парамонов, Н.В.Ремез. Комбинированные поражения на Военно-Морском Флоте</title>
	<filename>TXT/wmf.txt</filename>
</book>
<book>
	<author>Тюрин А</author>
	<title>Тринадцать уколов</title>
	<filename>TYURIN/13pricks.txt</filename>
</book>
<book>
	<author>Тюрин А</author>
	<title>Вооруженное восстание животных</title>
	<filename>TYURIN/annew.txt</filename>
</book>
<book>
	<author></author>
	<title>Краткие аннотации на книги Александра Тюрина</title>
	<filename>TYURIN/annotac.txt</filename>
</book>
<book>
	<author>Тюрин А</author>
	<title>Меч космонавта</title>
	<filename>TYURIN/astsword.txt</filename>
</book>
<book>
	<author>Тюрин А</author>
	<title>Подъем Атлантиды, война "грязных" ног и завоевание холода (заметки об "истории" двадцать первого века)</title>
	<filename>TYURIN/atlantida.txt</filename>
</book>
<book>
	<author>Тюрин А</author>
	<title>Топор гуманиста</title>
	<filename>TYURIN/axhumani.txt</filename>
</book>
<book>
	<author>Тюрин А</author>
	<title>Большой пробой</title>
	<filename>TYURIN/big_hole.txt</filename>
</book>
<book>
	<author>Тюрин А</author>
	<title>Яйцо Чингисхана или Вася-василиск</title>
	<filename>TYURIN/chineggs.txt</filename>
</book>
<book>
	<author>Тюрин А</author>
	<title>Царства сотника Сенцова</title>
	<filename>TYURIN/empires.txt</filename>
</book>
<book>
	<author>Тюрин А</author>
	<title>В кругу друзей</title>
	<filename>TYURIN/friends.txt</filename>
</book>
<book>
	<author>Тюрин А</author>
	<title>Фюрер Нижнего Мира или сапоги Верховного Инки</title>
	<filename>TYURIN/furer.txt</filename>
</book>
<book>
	<author>Тюрин А, Щеголев  А</author>
	<title>Индиана Джонс против Третьего рейха</title>
	<filename>TYURIN/indiana.txt</filename>
</book>
<book>
	<author>Тюрин А</author>
	<title>Конечная остановка: Меркурий</title>
	<filename>TYURIN/laststop.txt</filename>
</book>
<book>
	<author>Тюрин А</author>
	<title>Сознание лейтенанта в лотосе, или медитация времен третьей мировой</title>
	<filename>TYURIN/lotos.txt</filename>
</book>
<book>
	<author>Тюрин А</author>
	<title>Боятся ли компьютеры адского пламени?</title>
	<filename>TYURIN/mgdr.txt</filename>
</book>
<book>
	<author>Тюрин А, Щеголев  А</author>
	<title>Сеть</title>
	<filename>TYURIN/net.txt</filename>
</book>
<book>
	<author>Тюрин А</author>
	<title>Пролог цикла "Падение с Земли"</title>
	<filename>TYURIN/prologue.txt</filename>
</book>
<book>
	<author>Тюрин А</author>
	<title>Полное выздоровление</title>
	<filename>TYURIN/recover.txt</filename>
</book>
<book>
	<author>Тюрин А</author>
	<title>Дорога на Буян</title>
	<filename>TYURIN/road_buj.txt</filename>
</book>
<book>
	<author>Тюрин А</author>
	<title>Убойный сюжет</title>
	<filename>TYURIN/slausubj.txt</filename>
</book>
<book>
	<author>Тюрин А</author>
	<title>Подвиг разведчика</title>
	<filename>TYURIN/spy_feat.txt</filename>
</book>
<book>
	<author>Тюрин А</author>
	<title>Каменный век</title>
	<filename>TYURIN/stoneage.txt</filename>
</book>
<book>
	<author>Тюрин А</author>
	<title>Сверхнедочеловек или история подопытных</title>
	<filename>TYURIN/superman.txt</filename>
</book>
<book>
	<author>Тюрин А</author>
	<title>История одного десанта</title>
	<filename>TYURIN/troops.txt</filename>
</book>
<book>
	<author>Тюрин А</author>
	<title>Волшебная лампа Генсека, или последнее чудо-оружие Страны Советов</title>
	<filename>TYURIN/weapon.txt</filename>
</book>

</books>

