<?xml version="1.0" encoding="UTF-8" ?>
<books>

<book>
	<author>Андреев Д</author>
	<title>У демонов возмездия</title>
	<filename>DANDREEW/demony.txt</filename>
</book>
<book>
	<author>Андреев Д</author>
	<title>Голоса веков</title>
	<filename>DANDREEW/stihi.txt</filename>
</book>
<book>
	<author>Камп Л С д</author>
	<title>Башня Занида</title>
	<filename>DECAMP/bzg.txt</filename>
</book>
<book>
	<author>Камп Л С д, Картер  Л</author>
	<title>Благородный узник</title>
	<filename>DECAMP/conan174.txt</filename>
</book>
<book>
	<author>Камп Л С д</author>
	<title>Да не опустится тьма</title>
	<filename>DECAMP/darkness.txt</filename>
</book>
<book>
	<author>Кемп Л С д</author>
	<title>Экзальтированный</title>
	<filename>DECAMP/de_camp3.txt</filename>
</book>
<book>
	<author>Камп Л С д</author>
	<title>Воинственная раса</title>
	<filename>DECAMP/de_camp4.txt</filename>
</book>
<book>
	<author>Камп Л С д, Прэтт  Ф</author>
	<title>Ревущая труба</title>
	<filename>DECAMP/diplom1.txt</filename>
</book>
<book>
	<author>Камп Л С д, Прэтт  Ф</author>
	<title>Математика волшебства</title>
	<filename>DECAMP/diplom2.txt</filename>
</book>
<book>
	<author>Камп Л С д, Прэтт  Ф</author>
	<title>Железный замок</title>
	<filename>DECAMP/diplom3.txt</filename>
</book>
<book>
	<author>Камп С Д, Прэтт  Ф</author>
	<title>Теперь еще и слоны...</title>
	<filename>DECAMP/elefants.txt</filename>
</book>
<book>
	<author>Камп Л С д</author>
	<title>Такая работа...</title>
	<filename>DECAMP/employmn.txt</filename>
</book>
<book>
	<author>Камп С Д</author>
	<title>Конан-воин</title>
	<filename>DECAMP/konanwoin.txt</filename>
</book>
<book>
	<author>Демин В</author>
	<title>Гиперборея-98</title>
	<filename>DEMIN/giperborea98.txt</filename>
</book>
<book>
	<author>Демин В</author>
	<title>Гиперборея - праматерь мировой культуры</title>
	<filename>DEMIN/giperborea.txt</filename>
</book>
<book>
	<author>Демин В</author>
	<title>Тайны вселенной</title>
	<filename>DEMIN/tajnws.txt</filename>
</book>
<book>
	<author>Демин В</author>
	<title>Тайны русского народа</title>
	<filename>DEMIN/tajny.txt</filename>
</book>
<book>
	<author>Демин В</author>
	<title>Варяги -- последние пассионарии севера</title>
	<filename>DEMIN/varyagi.txt</filename>
</book>
<book>
	<author></author>
	<title>Мнения читателей о дизайне библиотеки</title>
	<filename>DESIGN/mneniq.txt</filename>
</book>
<book>
	<author></author>
	<title> Subject: Bibliotekovi disain ...</title>
	<filename>DESIGN/XAM/readme.txt</filename>
</book>
<book>
	<author>Айриш У</author>
	<title>Окно во двор</title>
	<filename>DETEKTIWY/AJRISH/windows.txt</filename>
</book>
<book>
	<author>Чэндлер Р</author>
	<title>Глубокий сон</title>
	<filename>DETEKTIWY/CHANDLER/lowsleep.txt</filename>
</book>
<book>
	<author>Чандлер Р</author>
	<title>Детектив Марлоу</title>
	<filename>DETEKTIWY/CHANDLER/marlou_x.txt</filename>
</book>
<book>
	<author>Чандлер Р</author>
	<title>Невадский газ</title>
	<filename>DETEKTIWY/CHANDLER/nevadagas.txt</filename>
</book>
<book>
	<author>Чандлер Р</author>
	<title>В горах не бывает преступлений</title>
	<filename>DETEKTIWY/CHANDLER/vgorahne.txt</filename>
</book>
<book>
	<author>Честертон Г К</author>
	<title>Проклятая книга</title>
	<filename>DETEKTIWY/CHESTERTON/book.txt</filename>
</book>
<book>
	<author>Честертон Г К</author>
	<title>Потрясающие приключения майора Брауна</title>
	<filename>DETEKTIWY/CHESTERTON/brawn.txt</filename>
</book>
<book>
	<author>Честертон Г К</author>
	<title>Неведение отца Брауна</title>
	<filename>DETEKTIWY/CHESTERTON/chest1.txt</filename>
</book>
<book>
	<author>Честертон Г К</author>
	<title>Браун</title>
	<filename>DETEKTIWY/CHESTERTON/chest2.txt</filename>
</book>
<book>
	<author>Честертон Г К</author>
	<title>Перелетный кабак</title>
	<filename>DETEKTIWY/CHESTERTON/kabak.txt</filename>
</book>
<book>
	<author>Кристи А</author>
	<title>Десять негритят</title>
	<filename>DETEKTIWY/CHRISTIE/9piccans.txt</filename>
</book>
<book>
	<author>Кристи А</author>
	<title>10 новелл</title>
	<filename>DETEKTIWY/CHRISTIE/Christie_n.txt</filename>
</book>
<book>
	<author>Кристи А</author>
	<title>Смерть в облаках</title>
	<filename>DETEKTIWY/CHRISTIE/clouds.txt</filename>
</book>
<book>
	<author>Кристи А</author>
	<title>Коттедж "Соловей"</title>
	<filename>DETEKTIWY/CHRISTIE/cottage.txt</filename>
</book>
<book>
	<author>Кристи А</author>
	<title>Скрюченный домишко</title>
	<filename>DETEKTIWY/CHRISTIE/domishko.txt</filename>
</book>
<book>
	<author>Кристи А</author>
	<title>Загадка Эндхауза</title>
	<filename>DETEKTIWY/CHRISTIE/endhouse.txt</filename>
</book>
<book>
	<author>Кристи А</author>
	<title>Зло под солнцем</title>
	<filename>DETEKTIWY/CHRISTIE/evil_sun.txt</filename>
</book>
<book>
	<author>Кристи А</author>
	<title>Убийство на балу Победы</title>
	<filename>DETEKTIWY/CHRISTIE/kill.txt</filename>
</book>
<book>
	<author>Кристи А</author>
	<title>Рассказы</title>
	<filename>DETEKTIWY/CHRISTIE/rasskazy.txt</filename>
</book>
<book>
	<author>Кристи А</author>
	<title>Черная смородина</title>
	<filename>DETEKTIWY/CHRISTIE/smorodin.txt</filename>
</book>
<book>
	<author>Кристи А</author>
	<title>Восточный экспресс</title>
	<filename>DETEKTIWY/CHRISTIE/vexpress.txt</filename>
</book>
<book>
	<author>Мерфи У, Сэпир  Р</author>
	<title>Доллары мистера Гордонса</title>
	<filename>DETEKTIWY/DESTROER/dest02.txt</filename>
</book>
<book>
	<author>Мерфи У, Сэпир  Р</author>
	<title>Священный ужас</title>
	<filename>DETEKTIWY/DESTROER/dest03.txt</filename>
</book>
<book>
	<author>Мерфи У, Сэпир  Р</author>
	<title>Корабль смерти</title>
	<filename>DETEKTIWY/DESTROER/dest04.txt</filename>
</book>
<book>
	<author>Мерфи У, Сэпир  Р</author>
	<title>Черная кровь</title>
	<filename>DETEKTIWY/DESTROER/dest05.txt</filename>
</book>
<book>
	<author>Мерфи У, Сэпир  Р</author>
	<title>Гены - убийцы</title>
	<filename>DETEKTIWY/DESTROER/dest06.txt</filename>
</book>
<book>
	<author>Мерфи У, Сэпир  Р</author>
	<title>У последней черты</title>
	<filename>DETEKTIWY/DESTROER/dest07.txt</filename>
</book>
<book>
	<author>Мерфи У, Сэпир  Р</author>
	<title>Империя террора</title>
	<filename>DETEKTIWY/DESTROER/dest08.txt</filename>
</book>
<book>
	<author>Мерфи У, Сэпир  Р</author>
	<title>Жизнь или смерть</title>
	<filename>DETEKTIWY/DESTROER/dest09.txt</filename>
</book>
<book>
	<author>Мерфи У, Сэпир  Р</author>
	<title>Потрошитель мозгов</title>
	<filename>DETEKTIWY/DESTROER/dest10.txt</filename>
</book>
<book>
	<author>Мерфи У, Сэпир  Р</author>
	<title>Тропа войны</title>
	<filename>DETEKTIWY/DESTROER/dest11.txt</filename>
</book>
<book>
	<author>Мэрфи У, Сэпир  Р</author>
	<title>Вторжение по сценарию (Дестроер-79)</title>
	<filename>DETEKTIWY/DESTROER/destroer79.txt</filename>
</book>
<book>
	<author>Мэрфи У, Сэпир  Р</author>
	<title>Щит убийцы</title>
	<filename>DETEKTIWY/DESTROER/destroy.txt</filename>
</book>
<book>
	<author>Мерфи У, Сэпир  Р</author>
	<title>Узы крови</title>
	<filename>DETEKTIWY/DESTROER/webblood.txt</filename>
</book>
<book>
	<author>Эллин С</author>
	<title>Самая лучшая бутылка</title>
	<filename>DETEKTIWY/ELLIN/ellin17.txt</filename>
</book>
<book>
	<author>Эллин С</author>
	<title>Нумизматы</title>
	<filename>DETEKTIWY/ELLIN/ellin18.txt</filename>
</book>
<book>
	<author>Эллин С</author>
	<title>Выройте себе могилу</title>
	<filename>DETEKTIWY/ELLIN/ellin19.txt</filename>
</book>
<book>
	<author>Флеминг Я</author>
	<title>Осьминожка</title>
	<filename>DETEKTIWY/FLEMING/3_bond.txt</filename>
</book>
<book>
	<author>Флеминг Я</author>
	<title>Через снайперский прицел</title>
	<filename>DETEKTIWY/FLEMING/bond1.txt</filename>
</book>
<book>
	<author>Флеминг Я</author>
	<title>Достояние леди</title>
	<filename>DETEKTIWY/FLEMING/bond2.txt</filename>
</book>
<book>
	<author>Флеминг Я</author>
	<title>Операция "Гром"</title>
	<filename>DETEKTIWY/FLEMING/grom.txt</filename>
</book>
<book>
	<author>Флеминг Я</author>
	<title>Казино "Руаяль"</title>
	<filename>DETEKTIWY/FLEMING/kasinoruajl.txt</filename>
</book>
<book>
	<author>Флеминг Я</author>
	<title>Мунрейкер</title>
	<filename>DETEKTIWY/FLEMING/munrejker.txt</filename>
</book>
<book>
	<author>Флеминг Я</author>
	<title>Раритет Гильдебранда</title>
	<filename>DETEKTIWY/FLEMING/raritetg.txt</filename>
</book>
<book>
	<author>Форсайт Ф</author>
	<title>Псы войны</title>
	<filename>DETEKTIWY/FORSAJT/war_dogs.txt</filename>
</book>
<book>
	<author>Гейцман П</author>
	<title>Смертоносный груз "Гильдеборг"</title>
	<filename>DETEKTIWY/GEJCMAN/gilderbogr.txt</filename>
</book>
<book>
	<author>Хантер С</author>
	<title>Снайпер</title>
	<filename>DETEKTIWY/HANTER/sniper.txt</filename>
</book>
<book>
	<author>Хэммет Д</author>
	<title>Дело Гейтвудов</title>
	<filename>DETEKTIWY/HEMMET/gejtwud.txt</filename>
</book>
<book>
	<author>Хэммет Д</author>
	<title>Рассказы</title>
	<filename>DETEKTIWY/HEMMET/hemmetrassk1.txt</filename>
</book>
<book>
	<author>Хэммет Д</author>
	<title>Десятый ключ к разгадке</title>
	<filename>DETEKTIWY/HEMMET/tenthkey.txt</filename>
</book>
<book>
	<author>Хэммет Д</author>
	<title>Дом на турецкой улице</title>
	<filename>DETEKTIWY/HEMMET/turhome.txt</filename>
</book>
<book>
	<author>Хиггинс Д</author>
	<title>Штормовое предупреждение</title>
	<filename>DETEKTIWY/HIGGINS/shtorm.txt</filename>
</book>
<book>
	<author>Хмелевска И</author>
	<title>Все красное</title>
	<filename>DETEKTIWY/HMELEVSKA/all_red.txt</filename>
</book>
<book>
	<author>Хмелевска И</author>
	<title>Колодцы  предков</title>
	<filename>DETEKTIWY/HMELEVSKA/ancwells.txt</filename>
</book>
<book>
	<author>Хмелевска И</author>
	<title>Что сказал покойник</title>
	<filename>DETEKTIWY/HMELEVSKA/diedtalk.txt</filename>
</book>
<book>
	<author>Хмелевская И</author>
	<title>Как выжить с мужчиной</title>
	<filename>DETEKTIWY/HMELEVSKA/muzhchina.txt</filename>
</book>
<book>
	<author>Хмелевская И</author>
	<title>Роман века</title>
	<filename>DETEKTIWY/HMELEVSKA/romance2.txt</filename>
</book>
<book>
	<author>Хмелевска И</author>
	<title>Роман века</title>
	<filename>DETEKTIWY/HMELEVSKA/romance.txt</filename>
</book>
<book>
	<author>Хмелевска И</author>
	<title>Мы все под подозрением</title>
	<filename>DETEKTIWY/HMELEVSKA/suspicio.txt</filename>
</book>
<book>
	<author>Хмелевская И</author>
	<title>Как выжить с современной женщиной</title>
	<filename>DETEKTIWY/HMELEVSKA/zhenshina.txt</filename>
</book>
<book>
	<author>Кламан К</author>
	<title>В диком рейсе</title>
	<filename>DETEKTIWY/KLAMAN/rejs.txt</filename>
</book>
<book>
	<author>Браун Л Д</author>
	<title>Кот, который проходил сквозь стены</title>
	<filename>DETEKTIWY/kot.txt</filename>
</book>
<book>
	<author>Крайтон М</author>
	<title>Восходящее солнце</title>
	<filename>DETEKTIWY/KRAJTON/sun.txt</filename>
</book>
<book>
	<author>Кук Р</author>
	<title>Мозг</title>
	<filename>DETEKTIWY/KUK/mozg.txt</filename>
</book>
<book>
	<author>Леблан М</author>
	<title>Черная жемчужина</title>
	<filename>DETEKTIWY/LEBLAN/al3.txt</filename>
</book>
<book>
	<author>Леблан М</author>
	<title>Шерлок Холмс приходит поздно</title>
	<filename>DETEKTIWY/LEBLAN/al4.txt</filename>
</book>
<book>
	<author>Леблан М</author>
	<title>Солнечные зайчики</title>
	<filename>DETEKTIWY/LEBLAN/al5.txt</filename>
</book>
<book>
	<author>Леблан М</author>
	<title>Адская ловушка</title>
	<filename>DETEKTIWY/LEBLAN/al6.txt</filename>
</book>
<book>
	<author>Леблан М</author>
	<title>Красный шарф</title>
	<filename>DETEKTIWY/LEBLAN/al7.txt</filename>
</book>
<book>
	<author>Леблан М</author>
	<title>Арест Арсена Люпэна</title>
	<filename>DETEKTIWY/LEBLAN/story.txt</filename>
</book>
<book>
	<author>Леблан М</author>
	<title>Арсен Люпэн в тюрьме</title>
	<filename>DETEKTIWY/LEBLAN/turma.txt</filename>
</book>
<book>
	<author>Маклин Э</author>
	<title>Ущелье разбитых надежд</title>
	<filename>DETEKTIWY/MAKLIN/canyon.txt</filename>
</book>
<book>
	<author>Маклин Э</author>
	<title>Цирк</title>
	<filename>DETEKTIWY/MAKLIN/circus.txt</filename>
</book>
<book>
	<author>Маклин Э</author>
	<title>Дьявольский микроб</title>
	<filename>DETEKTIWY/MAKLIN/devgerm.txt</filename>
</book>
<book>
	<author>Маклин А</author>
	<title>Страх открывает все двери</title>
	<filename>DETEKTIWY/MAKLIN/fear.txt</filename>
</book>
<book>
	<author>Алистер М</author>
	<title>Золотое рандеву</title>
	<filename>DETEKTIWY/MAKLIN/goldrd.txt</filename>
</book>
<book>
	<author>Маклин А</author>
	<title>Кукла на цепи</title>
	<filename>DETEKTIWY/MAKLIN/kukla.txt</filename>
</book>
<book>
	<author>Маклин А</author>
	<title>Пушки острова Наварон</title>
	<filename>DETEKTIWY/MAKLIN/navaron.txt</filename>
</book>
<book>
	<author>Маклин А</author>
	<title>Когда пробьет восемь склянок</title>
	<filename>DETEKTIWY/MAKLIN/sklyanki.txt</filename>
</book>
<book>
	<author>Маклин А</author>
	<title>10 баллов с острова Наварон</title>
	<filename>DETEKTIWY/MAKLIN/tenballs.txt</filename>
</book>
<book>
	<author>Маклин А</author>
	<title>Полярная станция "Зебра"</title>
	<filename>DETEKTIWY/MAKLIN/zebra.txt</filename>
</book>
<book>
	<author>Марш Н</author>
	<title>Ру-ру</title>
	<filename>DETEKTIWY/MARSH/ruru.txt</filename>
</book>
<book>
	<author>Нарсежак Б</author>
	<title>Последний трюк каскадера</title>
	<filename>DETEKTIWY/NASERZHAK/kaskader.txt</filename>
</book>
<book>
	<author>Нарсежак Б</author>
	<title>В заколдованном лесу</title>
	<filename>DETEKTIWY/NASERZHAK/zakoldov.txt</filename>
</book>
<book>
	<author>Сан-Антонио</author>
	<title>Стандинг или правила хорошего тона</title>
	<filename>DETEKTIWY/SANANTONIO/standing.txt</filename>
</book>
<book>
	<author>Шелдон С</author>
	<title>Гнев ангелов</title>
	<filename>DETEKTIWY/SHELDON/gnew.txt</filename>
</book>
<book>
	<author>Шелдон С</author>
	<title>Лицо без маски</title>
	<filename>DETEKTIWY/SHELDON/maska.txt</filename>
</book>
<book>
	<author>Шелдон С</author>
	<title>Мельницы богов</title>
	<filename>DETEKTIWY/SHELDON/melnica.txt</filename>
</book>
<book>
	<author>Шелдон С</author>
	<title>Незнакомец в зеркале</title>
	<filename>DETEKTIWY/SHELDON/neznakomec.txt</filename>
</book>
<book>
	<author>Шелдон С</author>
	<title>Пески времени</title>
	<filename>DETEKTIWY/SHELDON/peski.txt</filename>
</book>
<book>
	<author>Шелдон С</author>
	<title>Оборотная сторона полуночи</title>
	<filename>DETEKTIWY/SHELDON/polunoch.txt</filename>
</book>
<book>
	<author>Шелдон С</author>
	<title>Конец света</title>
	<filename>DETEKTIWY/SHELDON/swet.txt</filename>
</book>
<book>
	<author>Шелдон С</author>
	<title>Узы крови</title>
	<filename>DETEKTIWY/SHELDON/uzy.txt</filename>
</book>
<book>
	<author>Шелдон С</author>
	<title>Полночные воспоминания</title>
	<filename>DETEKTIWY/SHELDON/wospominania.txt</filename>
</book>
<book>
	<author>Шелдон С</author>
	<title>Если завтра наступит</title>
	<filename>DETEKTIWY/SHELDON/zawtra.txt</filename>
</book>
<book>
	<author>Сименон Ж</author>
	<title>Бедняков не убивают...</title>
	<filename>DETEKTIWY/SIMENON/bednyakov.txt</filename>
</book>
<book>
	<author>Сименон Ж</author>
	<title>Маленький портной и шляпник</title>
	<filename>DETEKTIWY/SIMENON/portnojshlp.txt</filename>
</book>
<book>
	<author>Стаут Р</author>
	<title>В лучших семействах</title>
	<filename>DETEKTIWY/STAUT/best_fam.txt</filename>
</book>
<book>
	<author></author>
	<title>Библиография: Рекс Стаут - Rex Stout (1896-1975)</title>
	<filename>DETEKTIWY/STAUT/bibliography.txt</filename>
</book>
<book>
	<author>Стаут Р</author>
	<title>Слишком много поваров</title>
	<filename>DETEKTIWY/STAUT/cooks.txt</filename>
</book>
<book>
	<author>Стаут Р</author>
	<title>С прискорбием извещаем</title>
	<filename>DETEKTIWY/STAUT/cordinally.txt</filename>
</book>
<book>
	<author>Стаут Р</author>
	<title>Смерть содержанки</title>
	<filename>DETEKTIWY/STAUT/deathdox.txt</filename>
</book>
<book>
	<author>Стаут Р</author>
	<title>"Всех, кроме пса, в полицию..."</title>
	<filename>DETEKTIWY/STAUT/dog.txt</filename>
</book>
<book>
	<author>Стаут Р</author>
	<title>Приглашение к убийству</title>
	<filename>DETEKTIWY/STAUT/invimurd.txt</filename>
</book>
<book>
	<author>Стаут Р</author>
	<title>Не позднее полуночи</title>
	<filename>DETEKTIWY/STAUT/midnight.txt</filename>
</book>
<book>
	<author>Стаут Р</author>
	<title>Охота за матерью</title>
	<filename>DETEKTIWY/STAUT/ohota.txt</filename>
</book>
<book>
	<author>Стаут Р</author>
	<title>Праздничный пикник</title>
	<filename>DETEKTIWY/STAUT/picnic.txt</filename>
</book>
<book>
	<author>Стаут Р</author>
	<title>И быть подлецом</title>
	<filename>DETEKTIWY/STAUT/podlec.txt</filename>
</book>
<book>
	<author>Стаут Р</author>
	<title>Слишком много клиентов</title>
	<filename>DETEKTIWY/STAUT/too_many.txt</filename>
</book>
<book>
	<author>Стаут Р</author>
	<title>Вместо улики</title>
	<filename>DETEKTIWY/STAUT/ulika.txt</filename>
</book>
<book>
	<author>Стаут Р</author>
	<title>Требуется мужчина</title>
	<filename>DETEKTIWY/STAUT/wantmale.txt</filename>
</book>
<book>
	<author>Стаут Р</author>
	<title>Уотсон был женщиной</title>
	<filename>DETEKTIWY/STAUT/wats_wom.txt</filename>
</book>
<book>
	<author>Стаут Р</author>
	<title>Слишком много женщин</title>
	<filename>DETEKTIWY/STAUT/womans.txt</filename>
</book>
<book>
	<author>Стаут Р</author>
	<title>Звонок в дверь</title>
	<filename>DETEKTIWY/STAUT/zwonok.txt</filename>
</book>
<book>
	<author>Тэй Д</author>
	<title>Мисс Пим расставляет точки</title>
	<filename>DETEKTIWY/tej.txt</filename>
</book>
<book>
	<author>Уэстлейк Д</author>
	<title>Дурак умер, да здравствует дурак!</title>
	<filename>DETEKTIWY/UESTLEJK/durak.txt</filename>
</book>
<book>
	<author>Уэстлейк Д, Старк  Р</author>
	<title>Жертвенный лицедей</title>
	<filename>DETEKTIWY/UESTLEJK/licedej.txt</filename>
</book>
<book>
	<author>Уэстлейк Д</author>
	<title>Дайте усопшему уснуть</title>
	<filename>DETEKTIWY/UESTLEJK/usopshij.txt</filename>
</book>
<book>
	<author>Жапризо С</author>
	<title>Бег зайца через поля</title>
	<filename>DETEKTIWY/ZHAPRIZO/beg.txt</filename>
</book>
<book>
	<author>Жапризо С</author>
	<title>Прощай, друг</title>
	<filename>DETEKTIWY/ZHAPRIZO/proshay.txt</filename>
</book>
<book>
	<author>Жапризо С</author>
	<title>Ловушка для Золушки</title>
	<filename>DETEKTIWY/ZHAPRIZO/zolushka.txt</filename>
</book>
<book>
	<author>Вега Л Д</author>
	<title>Учитель танцев</title>
	<filename>DEVEGA/vega1.txt</filename>
</book>
<book>
	<author>Вега Л Д</author>
	<title>Собака на сене</title>
	<filename>DEVEGA/vega2.txt</filename>
</book>
<book>
	<author>Климович Л И</author>
	<title>Книга о Коране</title>
	<filename>DIALEKTIKA/b_kor.txt</filename>
</book>
<book>
	<author>Феденко П</author>
	<title>Новая "История КПСС"</title>
	<filename>DIALEKTIKA/historykpss.txt</filename>
</book>
<book>
	<author>Цзэдун М</author>
	<title>Народы всего мира, сплачивайтесь...</title>
	<filename>DIALEKTIKA/MAO/amer.txt</filename>
</book>
<book>
	<author></author>
	<title>Передовая "Жэньминь жибао": Народная армия непобедима</title>
	<filename>DIALEKTIKA/MAO/army.txt</filename>
</book>
<book>
	<author></author>
	<title>Сообщение ЦК КПК (16 мая 1966 года)</title>
	<filename>DIALEKTIKA/MAO/histor.txt</filename>
</book>
<book>
	<author>Цзэ-Дун М</author>
	<title>Против либерализма</title>
	<filename>DIALEKTIKA/MAO/liber.txt</filename>
</book>
<book>
	<author></author>
	<title>Цитатник Мао Цзе-Дуна</title>
	<filename>DIALEKTIKA/MAO/mao.txt</filename>
</book>
<book>
	<author></author>
	<title>Постановление КПК О ВЕЛИКОЙ ПРОЛЕТАРСКОЙ КУЛЬТУРНОЙ РЕВОЛЮЦИИ</title>
	<filename>DIALEKTIKA/MAO/revol1.txt</filename>
</book>
<book>
	<author>Цзэ-Дун М</author>
	<title>Довести революцию до конца</title>
	<filename>DIALEKTIKA/MAO/revol.txt</filename>
</book>
<book>
	<author></author>
	<title>Товарищ Мао Цзэ-Дун о том, что империализм и все реакционеры - бумажные тигры</title>
	<filename>DIALEKTIKA/MAO/tiger.txt</filename>
</book>
<book>
	<author>Аронович К И</author>
	<title>Книга о Библии</title>
	<filename>DIALEKTIKA/obiblii.txt</filename>
</book>
<book>
	<author>Гагонин С, Гагонин  А</author>
	<title>Психотехника рукопашной схватки</title>
	<filename>DO/GAPONIN/psihotehnika.txt</filename>
</book>
<book>
	<author>Мусаси М</author>
	<title>Книга Пяти Колец</title>
	<filename>DO/m6m.txt</filename>
</book>
<book>
	<author>Довлатов С</author>
	<title>Ариэль</title>
	<filename>DOWLATOW/ariel.txt</filename>
</book>
<book>
	<author>Арьев А</author>
	<title>Наша маленькая жизнь (вступление к собранию сочинений Довлатова)</title>
	<filename>DOWLATOW/arxew.txt</filename>
</book>
<book>
	<author>Довлатов С</author>
	<title>Чемодан</title>
	<filename>DOWLATOW/chemodan.txt</filename>
</book>
<book>
	<author>Довлатов С</author>
	<title>Дальше</title>
	<filename>DOWLATOW/dalxshe.txt</filename>
</book>
<book>
	<author>Довлатов С</author>
	<title>Соло на ундервуде</title>
	<filename>DOWLATOW/dowlatow.txt</filename>
</book>
<book>
	<author>Довлатов С</author>
	<title>Игрушка</title>
	<filename>DOWLATOW/igrushka.txt</filename>
</book>
<book>
	<author>Довлатов С</author>
	<title>Иностранка</title>
	<filename>DOWLATOW/inostranka.txt</filename>
</book>
<book>
	<author>Довлатов С</author>
	<title>Компромисс</title>
	<filename>DOWLATOW/kompromiss.txt</filename>
</book>
<book>
	<author>Довлатов С</author>
	<title>Литература продолжается</title>
	<filename>DOWLATOW/literatura.txt</filename>
</book>
<book>
	<author>Довлатов С</author>
	<title>Наши</title>
	<filename>DOWLATOW/nashi.txt</filename>
</book>
<book>
	<author>Довлатов С</author>
	<title>Жизнь коротка</title>
	<filename>DOWLATOW/ogonek.txt</filename>
</book>
<book>
	<author>Довлатов С</author>
	<title>Ремесло</title>
	<filename>DOWLATOW/remeslo.txt</filename>
</book>
<book>
	<author>Довлатов С</author>
	<title>Виноград</title>
	<filename>DOWLATOW/winograd.txt</filename>
</book>
<book>
	<author>Довлатов С</author>
	<title>Встретились, поговорили</title>
	<filename>DOWLATOW/wstretilisx.txt</filename>
</book>
<book>
	<author>Довлатов С</author>
	<title>Заповедник</title>
	<filename>DOWLATOW/zapowednik.txt</filename>
</book>
<book>
	<author>Довлатов С</author>
	<title>Зона</title>
	<filename>DOWLATOW/zona.txt</filename>
</book>
<book>
	<author></author>
	<title>Список вебмастеров, желающих зеркалировать библиотеку</title>
	<filename>DOWNLOAD/mirroradm.txt</filename>
</book>
<book>
	<author></author>
	<title>Инструкции по организации мирроринга библиотеки</title>
	<filename>DOWNLOAD/mirroring.txt</filename>
</book>
<book>
	<author></author>
	<title>&amp;dDВведение в системное администрирование UNIX&amp;d@</title>
	<filename>DOWNLOAD/unixhelp.txt</filename>
</book>
<book>
	<author>Atomic</author>
	<title>Женская Психология - пособие практикующего</title>
	<filename>DPEOPLE/atomic.txt</filename>
</book>
<book>
	<author></author>
	<title>Руководство по обеспечению безопасности личности и предпринимательства</title>
	<filename>DPEOPLE/bezopasn.txt</filename>
</book>
<book>
	<author></author>
	<title>Как подготовить успешный бизнес-план</title>
	<filename>DPEOPLE/biznesplan.txt</filename>
</book>
<book>
	<author></author>
	<title>Словарь характеристик</title>
	<filename>DPEOPLE/charact.txt</filename>
</book>
<book>
	<author>М</author>
	<title>Рафел Н. Рафел. Как завоевать клиента</title>
	<filename>DPEOPLE/client.txt</filename>
</book>
<book>
	<author>ClueTrain</author>
	<title>Manifesto (95 тезисов о рекламе в сети)</title>
	<filename>DPEOPLE/cluetrain.txt</filename>
</book>
<book>
	<author>Хойер В</author>
	<title>Как делать бизнес в Европе</title>
	<filename>DPEOPLE/eurbus.txt</filename>
</book>
<book>
	<author>Флемминг Ф</author>
	<title>Преобразующие диалоги</title>
	<filename>DPEOPLE/FLEMMING/dialogi.txt</filename>
</book>
<book>
	<author>Энтони Р</author>
	<title>Расширенная формула тотального успеха (фрагмент)</title>
	<filename>DPEOPLE/formula2.txt</filename>
</book>
<book>
	<author></author>
	<title>Формула успеха</title>
	<filename>DPEOPLE/formula.txt</filename>
</book>
<book>
	<author>Богатырев А</author>
	<title>Как вести дела в хорошем стиле</title>
	<filename>DPEOPLE/good.txt</filename>
</book>
<book>
	<author>Горин С</author>
	<title>А вы пробовали гипноз?</title>
	<filename>DPEOPLE/gorin.txt</filename>
</book>
<book>
	<author>Кволс-Ридлер К и Б</author>
	<title>Пойми себя и других</title>
	<filename>DPEOPLE/kvols.txt</filename>
</book>
<book>
	<author>Неизвестен А</author>
	<title>Для тех, кто считает, что надо жить, а не выглядеть живым</title>
	<filename>DPEOPLE/letter.txt</filename>
</book>
<book>
	<author>Ронин Р</author>
	<title>Своя разведка</title>
	<filename>DPEOPLE/m_razw.txt</filename>
</book>
<book>
	<author>Прайор К</author>
	<title>Нe рычите на собаку!</title>
	<filename>DPEOPLE/nerychite.txt</filename>
</book>
<book>
	<author>Такер Н</author>
	<title>Как избежать одиночества</title>
	<filename>DPEOPLE/N_tucker.txt</filename>
</book>
<book>
	<author>Peoples D</author>
	<title>Продажи снизу вверх</title>
	<filename>DPEOPLE/sailing.txt</filename>
</book>
<book>
	<author>Сэйдж Д А С</author>
	<title>Человек без возраста</title>
	<filename>DPEOPLE/sejdzh.txt</filename>
</book>
<book>
	<author>Тарас А Е</author>
	<title>Безопасность бизнесмена и бизнеса</title>
	<filename>DPEOPLE/taras.txt</filename>
</book>
<book>
	<author>Вайнингер О</author>
	<title>Пол и характер</title>
	<filename>DPEOPLE/wajninger.txt</filename>
</book>
<book>
	<author>Уэйс М, Хикмэн  Т</author>
	<title>Драконы осенних сумерек</title>
	<filename>DRAGONLANCE/chronic1.txt</filename>
</book>
<book>
	<author>Уэйс М, хикмэн  т</author>
	<title>Драконы зимней ночи</title>
	<filename>DRAGONLANCE/chronic2.txt</filename>
</book>
<book>
	<author>Уэйс М, Хикмэн  Т</author>
	<title>Драконы весеннего рассвета</title>
	<filename>DRAGONLANCE/chronic3.txt</filename>
</book>
<book>
	<author>Thompson P B, Carter  T R</author>
	<title>Darkness and Light</title>
	<filename>DRAGONLANCE/d_l.txt</filename>
</book>
<book>
	<author>Kirchoff M, Niles  D</author>
	<title>Flint, the King</title>
	<filename>DRAGONLANCE/flint.txt</filename>
</book>
<book>
	<author>Parkinson D</author>
	<title>The Gates of Thorbardin</title>
	<filename>DRAGONLANCE/gates.txt</filename>
</book>
<book>
	<author>Kirchoff M</author>
	<title>Kendermore</title>
	<filename>DRAGONLANCE/kenderm.txt</filename>
</book>
<book>
	<author>Weis M, Hickman  T</author>
	<title>Time of the Twins</title>
	<filename>DRAGONLANCE/t_twins.txt</filename>
</book>
<book>
	<author>Думбадзе Н</author>
	<title>Я, Бабушка, Илико и Илларион</title>
	<filename>DUMBADZE/iliko.txt</filename>
</book>
<book>
	<author>Думбадзе Н</author>
	<title>Солнце</title>
	<filename>DUMBADZE/sun.txt</filename>
</book>
<book>
	<author>Джойс Д</author>
	<title>Джакомо Джойс</title>
	<filename>DVOJS/dvakomo.txt</filename>
</book>
<book>
	<author>Джойс Д</author>
	<title>Улисс (фрагмент.Часть II, эпизод 12)</title>
	<filename>DVOJS/ullis.txt</filename>
</book>
<book>
	<author>Дяченко М и С</author>
	<title>Горелая башня</title>
	<filename>DYACHENKO/burntown.txt</filename>
</book>
<book>
	<author>Дяченко М и С</author>
	<title>Сказка о золотом петушке</title>
	<filename>DYACHENKO/dyach06.txt</filename>
</book>

</books>

