<?xml version="1.0" encoding="UTF-8" ?>
<books>
<book>
	<author></author>
	<title>Уважаемый Читатель.</title>
	<filename>LABIRINT/readme.txt</filename>
</book>
<book>
	<author>Лагин Л</author>
	<title>Старик Хоттабыч</title>
	<filename>LAGIN/hottab.txt</filename>
</book>
<book>
	<author>Ломер К</author>
	<title>Проверка на прочность</title>
	<filename>LAUMER/big_shaw.txt</filename>
</book>
<book>
	<author>Ломер К</author>
	<title>Берег динозавров</title>
	<filename>LAUMER/dinosaur.txt</filename>
</book>
<book>
	<author>Ломер К</author>
	<title>Выборы и бандиты</title>
	<filename>LAUMER/elector.txt</filename>
</book>
<book>
	<author>Ломер К</author>
	<title>Закрытый город</title>
	<filename>LAUMER/forbidde.txt</filename>
</book>
<book>
	<author>Ломер К</author>
	<title>Жил-был великан</title>
	<filename>LAUMER/giant.txt</filename>
</book>
<book>
	<author>Ломер К</author>
	<title>Гигантский убийца</title>
	<filename>LAUMER/gigantic.txt</filename>
</book>
<book>
	<author>Ломер К</author>
	<title>Внутреннее дело</title>
	<filename>LAUMER/homework.txt</filename>
</book>
<book>
	<author>Ломер К</author>
	<title>Миры Империума</title>
	<filename>LAUMER/imperi_1.txt</filename>
</book>
<book>
	<author>Ломер К</author>
	<title>Обратная сторона времени</title>
	<filename>LAUMER/imperi_2.txt</filename>
</book>
<book>
	<author>Ломер К</author>
	<title>Запечатанные инструкции</title>
	<filename>LAUMER/instruct.txt</filename>
</book>
<book>
	<author>Ломер К</author>
	<title>Про-ведение не есть пре-ступление</title>
	<filename>LAUMER/no_crime.txt</filename>
</book>
<book>
	<author>Ломер К</author>
	<title>Миротворцы</title>
	<filename>LAUMER/peacemak.txt</filename>
</book>
<book>
	<author>Ломер К</author>
	<title>Чума</title>
	<filename>LAUMER/plague.txt</filename>
</book>
<book>
	<author>Ломер К</author>
	<title>Планета катастроф</title>
	<filename>LAUMER/plcatast.txt</filename>
</book>
<book>
	<author>Ломер К, Диксон  Г</author>
	<title>Гонка планет</title>
	<filename>LAUMER/plnetrun.txt</filename>
</book>
<book>
	<author>Ломер К</author>
	<title>Протокол</title>
	<filename>LAUMER/protocol.txt</filename>
</book>
<book>
	<author>Лoумер К</author>
	<title>Миротворцы</title>
	<filename>LAUMER/retief_1.txt</filename>
</book>
<book>
	<author>Лоумер К</author>
	<title>Бандиты и мандаты</title>
	<filename>LAUMER/retief_2.txt</filename>
</book>
<book>
	<author>Лоумер К</author>
	<title>Механическое превосходство</title>
	<filename>LAUMER/retief_3.txt</filename>
</book>
<book>
	<author>Лоумер К</author>
	<title>Оступление не прекупается</title>
	<filename>LAUMER/retief_4.txt</filename>
</book>
<book>
	<author>Ломер К</author>
	<title>Техническое превосходство</title>
	<filename>LAUMER/superior.txt</filename>
</book>
<book>
	<author>Лазарчук А</author>
	<title>Copyright notification</title>
	<filename>LAZARCHUK/allright.txt</filename>
</book>
<book>
	<author></author>
	<title>Библиография Андрея Лазарчука</title>
	<filename>LAZARCHUK/bibliography.txt</filename>
</book>
<book>
	<author>Лазарчук А</author>
	<title>Станция назначения</title>
	<filename>LAZARCHUK/destin.txt</filename>
</book>
<book>
	<author>Лазарчук А</author>
	<title>Иное небо</title>
	<filename>LAZARCHUK/inoenebo.txt</filename>
</book>
<book>
	<author>Лазарчук А</author>
	<title>Мумия</title>
	<filename>LAZARCHUK/lazar2.txt</filename>
</book>
<book>
	<author>Лазарчук А</author>
	<title>Священный месяц Ринь</title>
	<filename>LAZARCHUK/lazar.txt</filename>
</book>
<book>
	<author>Лазарчук А</author>
	<title>Copyright notification</title>
	<filename>LAZARCHUK/leto1.txt</filename>
</book>
<book>
	<author>Лазарчук А</author>
	<title>Copyright notification</title>
	<filename>LAZARCHUK/leto2.txt</filename>
</book>
<book>
	<author>Лазарчук А</author>
	<title>Тепло и свет</title>
	<filename>LAZARCHUK/light.txt</filename>
</book>
<book>
	<author>Лазарчук А, Успенский  М</author>
	<title>Copyright notification</title>
	<filename>LAZARCHUK/look.txt</filename>
</book>
<book>
	<author>Лазарчук А</author>
	<title>Раз в тысячу лет</title>
	<filename>LAZARCHUK/millen.txt</filename>
</book>
<book>
	<author>Лазарчук А</author>
	<title>Солдаты Вавилона</title>
	<filename>LAZARCHUK/soldaty.txt</filename>
</book>
<book>
	<author>Лазарчук А</author>
	<title>Copyright notification</title>
	<filename>LAZARCHUK/tamvdali.txt</filename>
</book>
<book>
	<author>Лазарчук А</author>
	<title>Copyright notification</title>
	<filename>LAZARCHUK/trankv.txt</filename>
</book>
<book>
	<author>Успенский М, Лазарчук  А</author>
	<title>Желтая подводная лодка "Комсомолец Мордовии"</title>
	<filename>LAZARCHUK/yellows.txt</filename>
</book>
<book>
	<author>Лазаревич А</author>
	<title>Сеть "Нанотех"</title>
	<filename>LAZAREWICH/nanoteh.txt</filename>
</book>
<book>
	<author>Лазаревич А</author>
	<title>2019 год: Повелитель Марса (Червь-2)</title>
	<filename>LAZAREWICH/worm2.txt</filename>
</book>
<book>
	<author>Лазаревич А</author>
	<title>1992 год: Князь тьмы (Червь-1)</title>
	<filename>LAZAREWICH/worm.txt</filename>
</book>
<book>
	<author>гуин У Л</author>
	<title>Девять жизней</title>
	<filename>LEGUIN/9_lives.txt</filename>
</book>
<book>
	<author>Гуин У К Л</author>
	<title>Рукопись, найденная в муравейнике</title>
	<filename>LEGUIN/acacia.txt</filename>
</book>
<book>
	<author>Гуин У Л</author>
	<title>Апрель в Париже</title>
	<filename>LEGUIN/april.txt</filename>
</book>
<book>
	<author>Гуин У Л</author>
	<title>Белый осел</title>
	<filename>LEGUIN/belyjos.txt</filename>
</book>
<book>
	<author></author>
	<title>Библиография Урсулы Ле Гуин</title>
	<filename>LEGUIN/bibliography.txt</filename>
</book>
<book>
	<author>Гуин У Л</author>
	<title>Шкатулка с темнотой</title>
	<filename>LEGUIN/casket.txt</filename>
</book>
<book>
	<author>Гуин У Л</author>
	<title>Четыре пути к прощению</title>
	<filename>LEGUIN/chetyreputi.txt</filename>
</book>
<book>
	<author>Гуин У Л</author>
	<title>Обездоленный </title>
	<filename>LEGUIN/disposs.txt</filename>
</book>
<book>
	<author>Гуин У Л</author>
	<title>Волшебник земноморья</title>
	<filename>LEGUIN/eartsea1.txt</filename>
</book>
<book>
	<author>Гуин У Л</author>
	<title>Гробница Атуана</title>
	<filename>LEGUIN/eartsea2.txt</filename>
</book>
<book>
	<author>Гуин У Л</author>
	<title>На последнем берегу</title>
	<filename>LEGUIN/eartsea3.txt</filename>
</book>
<book>
	<author>Гуин У Л</author>
	<title>Техану. Последняя книга Земноморья</title>
	<filename>LEGUIN/eartsea4.txt</filename>
</book>
<book>
	<author>Гуин У Л</author>
	<title>Мастера</title>
	<filename>LEGUIN/experts.txt</filename>
</book>
<book>
	<author>Гуин У Л</author>
	<title>Город иллюзий</title>
	<filename>LEGUIN/gorodillyuzij.txt</filename>
</book>
<book>
	<author>Гуин У Л</author>
	<title>Похититель сокровищ</title>
	<filename>LEGUIN/guin.txt</filename>
</book>
<book>
	<author>Гуин У К Л</author>
	<title>Арфа Гвилан</title>
	<filename>LEGUIN/gwilan.txt</filename>
</book>
<book>
	<author>Гуин У Л</author>
	<title>Обширней и медлительней империй</title>
	<filename>LEGUIN/imperia.txt</filename>
</book>
<book>
	<author>Гуин У Л</author>
	<title>История "Шобиков"</title>
	<filename>LEGUIN/istoriashobikow.txt</filename>
</book>
<book>
	<author>Гуин У Л</author>
	<title>Левая рука Тьмы</title>
	<filename>LEGUIN/left.txt</filename>
</book>
<book>
	<author>Гуин У Л</author>
	<title>Правило имен</title>
	<filename>LEGUIN/namerule.txt</filename>
</book>
<book>
	<author>гуин У Л</author>
	<title>Ожерелье</title>
	<filename>LEGUIN/overelje.txt</filename>
</book>
<book>
	<author>Гуин У К Л</author>
	<title>Феникс</title>
	<filename>LEGUIN/phoenix.txt</filename>
</book>
<book>
	<author>Гуин У Л</author>
	<title>Планета изгнания</title>
	<filename>LEGUIN/planetaizgnania.txt</filename>
</book>
<book>
	<author>Гуин У Л</author>
	<title>Планета Роканнона</title>
	<filename>LEGUIN/rokannon.txt</filename>
</book>
<book>
	<author>Гуин У Л</author>
	<title>Еще одна история, или рыбак из Внутриморья</title>
	<filename>LEGUIN/rybakizwnutrimoriya.txt</filename>
</book>
<book>
	<author>Гуин У Л</author>
	<title>Правило имен (фрагмент)</title>
	<filename>LEGUIN/sealand.txt</filename>
</book>
<book>
	<author>Гуин У Л</author>
	<title>Слово для леса и мира - одно</title>
	<filename>LEGUIN/slowodlyalesa.txt</filename>
</book>
<book>
	<author>Гуин У Л</author>
	<title>Звезды под ногами</title>
	<filename>LEGUIN/starbell.txt</filename>
</book>
<book>
	<author>Гуин У Л</author>
	<title>Танцуя Ганам</title>
	<filename>LEGUIN/tancuya.txt</filename>
</book>
<book>
	<author>Гуин У Л</author>
	<title>Курган</title>
	<filename>LEGUIN/ursula02.txt</filename>
</book>
<book>
	<author>Гуин У Л</author>
	<title>Слово Освобождения.</title>
	<filename>LEGUIN/ursula03.txt</filename>
</book>
<book>
	<author>Гуин У К Л</author>
	<title>Рассказ жены</title>
	<filename>LEGUIN/wife.txt</filename>
</book>
<book>
	<author>Гуин У Л</author>
	<title>Одержавший победу</title>
	<filename>LEGUIN/withvictory.txt</filename>
</book>
<book>
	<author>Гуин У Л</author>
	<title>За день до революции</title>
	<filename>LEGUIN/zadendorewol.txt</filename>
</book>
<book>
	<author>Гуин У Л</author>
	<title>Освобождающее заклятие</title>
	<filename>LEGUIN/zakljatie.txt</filename>
</book>
<book>
	<author>Гуин У Л</author>
	<title>Король планеты Зима</title>
	<filename>LEGUIN/zima.txt</filename>
</book>
<book>
	<author>Лем С</author>
	<title>Альбатрос</title>
	<filename>LEM/albatros.txt</filename>
</book>
<book>
	<author>Лем С</author>
	<title>Автоинтервью</title>
	<filename>LEM/autointerview.txt</filename>
</book>
<book>
	<author>Лем С</author>
	<title>Проказы короля Балериона</title>
	<filename>LEM/balerion.txt</filename>
</book>
<book>
	<author>Лем С</author>
	<title>Корпорация "БЫТИЕ"</title>
	<filename>LEM/being_inc.txt</filename>
</book>
<book>
	<author>Лем С</author>
	<title>О книге Бенедикта Коуски "Предисловие к автобиографии"</title>
	<filename>LEM/benedikt.txt</filename>
</book>
<book>
	<author>Лем С</author>
	<title>Кибериада (оглавление)</title>
	<filename>LEM/cyb-index.txt</filename>
</book>
<book>
	<author>Лем С</author>
	<title>Из воспоминаний Ийона Тихого: II. Открытие профессора Декантора</title>
	<filename>LEM/dekantor.txt</filename>
</book>
<book>
	<author>Лем С</author>
	<title>Бессмертная душа</title>
	<filename>LEM/dusha.txt</filename>
</book>
<book>
	<author>Лем С</author>
	<title>Эдем</title>
	<filename>LEM/eden.txt</filename>
</book>
<book>
	<author>Лем С</author>
	<title>Друг</title>
	<filename>LEM/friend.txt</filename>
</book>
<book>
	<author>Лем С</author>
	<title>Футурологический конгресс</title>
	<filename>LEM/futuro.txt</filename>
</book>
<book>
	<author>Лем С</author>
	<title>Дознание</title>
	<filename>LEM/inquest.txt</filename>
</book>
<book>
	<author>Лем С</author>
	<title>Вторжение с Альдебарана</title>
	<filename>LEM/intruder.txt</filename>
</book>
<book>
	<author>Лем С</author>
	<title>Из воспоминаний Ийона Тихого: I. Странные ящики профессора Конкорана</title>
	<filename>LEM/korkoran.txt</filename>
</book>
<book>
	<author>Лем С</author>
	<title>Три электрыцаря</title>
	<filename>LEM/lem031.txt</filename>
</book>
<book>
	<author>Лем С</author>
	<title>Урановые уши</title>
	<filename>LEM/lem032.txt</filename>
</book>
<book>
	<author>Лем С</author>
	<title>Как Эрг Самовозбудитель Бледнотника победил</title>
	<filename>LEM/lem033a.txt</filename>
</book>
<book>
	<author>Лем С</author>
	<title>Как Эрг Самовозбудитель бледнотика одолел</title>
	<filename>LEM/lem033.txt</filename>
</book>
<book>
	<author>Лем С</author>
	<title>Сокровища короля Бискаляра</title>
	<filename>LEM/lem034.txt</filename>
</book>
<book>
	<author>Лем С</author>
	<title>Советники короля Гидропса</title>
	<filename>LEM/lem039.txt</filename>
</book>
<book>
	<author>Лем С</author>
	<title>Кибериада. Крепкая взбучка</title>
	<filename>LEM/lem_045.txt</filename>
</book>
<book>
	<author>Лем С</author>
	<title>Путешествие первое А, или Электрувер Трурля</title>
	<filename>LEM/lem047.txt</filename>
</book>
<book>
	<author>Лем С</author>
	<title>Путешествие второе, или какую услугу оказали Трурль и Клапауций царю Жестокусу</title>
	<filename>LEM/lem048.txt</filename>
</book>
<book>
	<author>Лем С</author>
	<title>Звездные дневники Ийона Тихого. Путешествие восьмое</title>
	<filename>LEM/lemit08.txt</filename>
</book>
<book>
	<author>Лем С</author>
	<title>Звездные дневники Ийона Тихого. Путешествие одиннадцатое</title>
	<filename>LEM/lemit11.txt</filename>
</book>
<book>
	<author>Лем С</author>
	<title>Звездные дневники Ийона Тихого. Путешествие двенадцатое</title>
	<filename>LEM/lemit12.txt</filename>
</book>
<book>
	<author>Лем С</author>
	<title>Звездные дневники Ийона Тихого. Путешествие тринадцатое</title>
	<filename>LEM/lemit13.txt</filename>
</book>
<book>
	<author>Лем С</author>
	<title>Звездные дневники Ийона Тихого. Путешествие четырнадцатое</title>
	<filename>LEM/lemit14.txt</filename>
</book>
<book>
	<author>Лем С</author>
	<title>Звездные дневники Ийона Тихого. Путешествие восемнадцатое</title>
	<filename>LEM/lemit18.txt</filename>
</book>
<book>
	<author>Лем С</author>
	<title>Звездные дневники Ийона Тихого. Путешествие двадцатое</title>
	<filename>LEM/lemit20.txt</filename>
</book>
<book>
	<author>Лем С</author>
	<title>Звездные дневники Ийона Тихого. Путешествие двадцать первое</title>
	<filename>LEM/lemit21.txt</filename>
</book>
<book>
	<author>Лем С</author>
	<title>Звездные дневники Ийона Тихого. Путешествие двадцать второе</title>
	<filename>LEM/lemit22.txt</filename>
</book>
<book>
	<author>Лем С</author>
	<title>Звездные дневники Ийона Тихого. Путешествие двадцать третье</title>
	<filename>LEM/lemit23.txt</filename>
</book>
<book>
	<author>Лем С</author>
	<title>Звездные дневники Ийона Тихого. Путешествие двадцать четвертое</title>
	<filename>LEM/lemit24.txt</filename>
</book>
<book>
	<author>Лем С</author>
	<title>Звездные дневники Ийона Тихого. Путешествие двадцать пятое</title>
	<filename>LEM/lemit25.txt</filename>
</book>
<book>
	<author>Лем С</author>
	<title>Звездные дневники Ийона Тихого. Путешествие двадцать восьмое</title>
	<filename>LEM/lemit28.txt</filename>
</book>
<book>
	<author>Лем С</author>
	<title>Звездные дневники Ийона Тихого. Путешествие седьмое [147 вихрей]</title>
	<filename>LEM/lemit7.txt</filename>
</book>
<book>
	<author>Лем С</author>
	<title>Звездные дневники Ийона Тихого. О выгодности дракона</title>
	<filename>LEM/lemitdr.txt</filename>
</book>
<book>
	<author>Лем С</author>
	<title>Звездные дневники Ийона Тихого. Информационная заметка</title>
	<filename>LEM/lemitinf.txt</filename>
</book>
<book>
	<author>Лем С</author>
	<title>Звездные дневники Ийона Тихого. Предисловия</title>
	<filename>LEM/lemitpr.txt</filename>
</book>
<book>
	<author>Лем С</author>
	<title>Кибериада. Как уцелела Вселенная</title>
	<filename>LEM/lem_s043.txt</filename>
</book>
<book>
	<author>Лем С</author>
	<title>Кибериада. Машина Трурля</title>
	<filename>LEM/lem_s044.txt</filename>
</book>
<book>
	<author>Лем С</author>
	<title>Семь Путешествий Трурля и Клапауция. Путешествие первое, или ловушка Гарганциана</title>
	<filename>LEM/lem_s046.txt</filename>
</book>
<book>
	<author>Лем С</author>
	<title>Формула Лимфатера</title>
	<filename>LEM/limfater.txt</filename>
</book>
<book>
	<author>Лем С</author>
	<title>Лолита, или Ставрогин и Беатриче</title>
	<filename>LEM/lolita.txt</filename>
</book>
<book>
	<author>Лем С</author>
	<title>Маска</title>
	<filename>LEM/maska.txt</filename>
</book>
<book>
	<author>Лем С</author>
	<title>Мир на земле</title>
	<filename>LEM/mir.txt</filename>
</book>
<book>
	<author>Лем С</author>
	<title>Из воспоминаний Ийона Тихого: IV. Мольтерис</title>
	<filename>LEM/molteris.txt</filename>
</book>
<book>
	<author>Лем С</author>
	<title>Непобедимый</title>
	<filename>LEM/nepobed.txt</filename>
</book>
<book>
	<author>Евстигнеев В</author>
	<title>Как курдль сепульку наставлял</title>
	<filename>LEM/no-lem.txt</filename>
</book>
<book>
	<author>Лем С</author>
	<title>Одиноки ли мы во вселенной?</title>
	<filename>LEM/odin.txt</filename>
</book>
<book>
	<author>Лем С</author>
	<title>Осмотр на месте</title>
	<filename>LEM/osmotr.txt</filename>
</book>
<book>
	<author>Лем С</author>
	<title>О сверхчувственном познании.</title>
	<filename>LEM/para.txt</filename>
</book>
<book>
	<author>Лем С</author>
	<title>Патруль</title>
	<filename>LEM/patrol.txt</filename>
</book>
<book>
	<author>Лем С</author>
	<title>Перикалипсис Иоахима Ферзенгельда</title>
	<filename>LEM/perekali.txt</filename>
</book>
<book>
	<author>Лем С</author>
	<title>Рассказ Пиркса</title>
	<filename>LEM/pirxtale.txt</filename>
</book>
<book>
	<author>Лем С</author>
	<title>Условный рефлекс</title>
	<filename>LEM/reflex.txt</filename>
</book>
<book>
	<author>Лем С</author>
	<title>Повторение</title>
	<filename>LEM/repeat.txt</filename>
</book>
<book>
	<author>Лем С</author>
	<title>Дневник, найденный в ванне</title>
	<filename>LEM/rukopis.txt</filename>
</book>
<book>
	<author>Лем С</author>
	<title>Сексотрясение</title>
	<filename>LEM/seksotr.txt</filename>
</book>
<book>
	<author>Лем С</author>
	<title>Охота на Сэтавра</title>
	<filename>LEM/setavr.txt</filename>
</book>
<book>
	<author>Лем C</author>
	<title>Следствие</title>
	<filename>LEM/sledstwie.txt</filename>
</book>
<book>
	<author>Лем С</author>
	<title>Собысчас</title>
	<filename>LEM/sobischa.txt</filename>
</book>
<book>
	<author>Лем С</author>
	<title>Солярис</title>
	<filename>LEM/solaris.txt</filename>
</book>
<book>
	<author>Лем С</author>
	<title>Сумма технологии</title>
	<filename>LEM/summa.txt</filename>
</book>
<book>
	<author>Лем С</author>
	<title>Терминус</title>
	<filename>LEM/terminus.txt</filename>
</book>
<book>
	<author>Лем С</author>
	<title>Испытание</title>
	<filename>LEM/test.txt</filename>
</book>
<book>
	<author>Лем С</author>
	<title>Конец света в восемь часов</title>
	<filename>LEM/theend.txt</filename>
</book>
<book>
	<author>Лем С</author>
	<title>Два молодых человека</title>
	<filename>LEM/twoman.txt</filename>
</book>
<book>
	<author>Лем С</author>
	<title>О "неопознаннных летающих объектах".</title>
	<filename>LEM/ufo.txt</filename>
</book>
<book>
	<author>Лем С</author>
	<title>Несчастный случай</title>
	<filename>LEM/unfortun.txt</filename>
</book>
<book>
	<author>Лем С</author>
	<title>Из воспоминаний Ийона Тихого: III. Профессор Зазул</title>
	<filename>LEM/zazul.txt</filename>
</book>
<book>
	<author>Леонов Л</author>
	<title>Барсуки</title>
	<filename>LEONOWL/barsuki.txt</filename>
</book>
<book>
	<author>Трауберг Н</author>
	<title>Несколько слов о Клайве С.Льюисе</title>
	<filename>LEWISCL/aboutlewis2.txt</filename>
</book>
<book>
	<author></author>
	<title>Я.Кротов: Клайв С.Льюис</title>
	<filename>LEWISCL/aboutlewis.txt</filename>
</book>
<book>
	<author>Льюис К</author>
	<title>Серебряное кресло</title>
	<filename>LEWISCL/chair.txt</filename>
</book>
<book>
	<author>Льюис К</author>
	<title>Плавание "Утреннего путника"</title>
	<filename>LEWISCL/dawntrea.txt</filename>
</book>
<book>
	<author>Льюис К</author>
	<title>Мерзейшая мощь</title>
	<filename>LEWISCL/histreng.txt</filename>
</book>
<book>
	<author>Льюис К С</author>
	<title>Просто христианство</title>
	<filename>LEWISCL/mere.txt</filename>
</book>
<book>
	<author>Льюис К</author>
	<title>Племянник чародея</title>
	<filename>LEWISCL/nephew.txt</filename>
</book>
<book>
	<author>Льюис К</author>
	<title>Переландра</title>
	<filename>LEWISCL/pereland.txt</filename>
</book>
<book>
	<author>Льюис К</author>
	<title>За пределы безмолвной планеты</title>
	<filename>LEWISCL/planeta.txt</filename>
</book>
<book>
	<author>Льюис К С</author>
	<title>Письма баламута</title>
	<filename>LEWISCL/screwtape.txt</filename>
</book>
<book>
	<author>Линдгрен А</author>
	<title>Калле Блюмквист - сыщик</title>
	<filename>LINDGREN/blumkvis.txt</filename>
</book>
<book>
	<author>Линдгрен А</author>
	<title>Мы все из Бюллербю</title>
	<filename>LINDGREN/bullerbu.txt</filename>
</book>
<book>
	<author>Линдгрен А</author>
	<title>Приключения Эмиля из Лeннеберги</title>
	<filename>LINDGREN/emil1.txt</filename>
</book>
<book>
	<author>Линдгрен А</author>
	<title>Эмиль из Леннеберги</title>
	<filename>LINDGREN/emil.txt</filename>
</book>
<book>
	<author>Линдгрен А</author>
	<title>Малыш и Карлсон</title>
	<filename>LINDGREN/malysh.txt</filename>
</book>
<book>
	<author>Линдгрен А</author>
	<title>Мио, мой Мио!</title>
	<filename>LINDGREN/miomio.txt</filename>
</book>
<book>
	<author>Линдгрен А</author>
	<title>Пиппи Длинныйчулок</title>
	<filename>LINDGREN/peppi.txt</filename>
</book>
<book>
	<author>Линдгрен А</author>
	<title>Рони, дочь разбойника</title>
	<filename>LINDGREN/ronya.txt</filename>
</book>
<book>
	<author>Рэймонд Э С</author>
	<title>Собор и Базар</title>
	<filename>LINUXGUIDE/bazar.txt</filename>
</book>
<book>
	<author>Быков А</author>
	<title>Системное администрирование IBM AIX version 4.x</title>
	<filename>LINUXGUIDE/bykovaix/aix4.txt</filename>
</book>
<book>
	<author>Рубин А</author>
	<title>Интернет-cервер под Linux</title>
	<filename>LINUXGUIDE/internetlinux.txt</filename>
</book>
<book>
	<author>Кузнецов С</author>
	<title>Механизмы межпроцессных взаимодействий в операционной системе Unix</title>
	<filename>LINUXGUIDE/ipc-programming.txt</filename>
</book>
<book>
	<author>linux К я</author>
	<title>Перевод на русский А.Костарев</title>
	<filename>LINUXGUIDE/linuxcon.txt</filename>
</book>
<book>
	<author>Вислобоков В</author>
	<title>FAQ для Debian Linux</title>
	<filename>LINUXGUIDE/linux_debian_faq.txt</filename>
</book>
<book>
	<author></author>
	<title>Small FAQ по настройке fido mail под Linux (и не только)</title>
	<filename>LINUXGUIDE/linuxfidofaq.txt</filename>
</book>
<book>
	<author></author>
	<title>FAQ конференции FIDO.RU.Linux</title>
	<filename>LINUXGUIDE/linux_ru_faq.txt</filename>
</book>
<book>
	<author>Николаев И</author>
	<title>Настройка монитора в Xfree86</title>
	<filename>LINUXGUIDE/linux_x11faq.txt</filename>
</book>
<book>
	<author>Сейдж Р</author>
	<title>Приемы профессиональной работы в UNIX</title>
	<filename>LINUXGUIDE/profunix.txt</filename>
</book>
<book>
	<author></author>
	<title>Дистрибутивы Linux: RedHat vs Slackware vs Caldera</title>
	<filename>LINUXGUIDE/redhat.txt</filename>
</book>
<book>
	<author></author>
	<title>Things need to be fixed after installing Linux</title>
	<filename>LINUXGUIDE/slackset.txt</filename>
</book>
<book>
	<author>Собченко Е</author>
	<title>Unix: ppp, slip, vi</title>
	<filename>LINUXGUIDE/sobchenko/ppp.txt</filename>
</book>
<book>
	<author>Танаев А</author>
	<title>Программирование сокетов</title>
	<filename>LINUXGUIDE/sockets.txt</filename>
</book>
<book>
	<author>Водолазкий В</author>
	<title>Путь к LINUX</title>
	<filename>LINUXGUIDE/vodol.txt</filename>
</book>
<book>
	<author>Чехов А П</author>
	<title>Рассказы</title>
	<filename>LITRA/CHEHOW/maska.txt</filename>
</book>
<book>
	<author>Давыдов Д В</author>
	<title>Гусарская исповедь</title>
	<filename>LITRA/DAWYDOW/gusar.txt</filename>
</book>
<book>
	<author>Давыдов Д В</author>
	<title>Стихи</title>
	<filename>LITRA/DAWYDOW/stihi.txt</filename>
</book>
<book>
	<author>Достоевский Ф М</author>
	<title>Бобок</title>
	<filename>LITRA/DOSTOEWSKIJ/bobok.txt</filename>
</book>
<book>
	<author>Достоевский Ф М</author>
	<title>Сон смешного человека</title>
	<filename>LITRA/DOSTOEWSKIJ/son.txt</filename>
</book>
<book>
	<author>Фонвизин Д И</author>
	<title>Бригадир</title>
	<filename>LITRA/FONWIZIN/brigadir.txt</filename>
</book>
<book>
	<author>Фонвизин Д И</author>
	<title>Всеобщая придворная грамматика</title>
	<filename>LITRA/FONWIZIN/gramma.txt</filename>
</book>
<book>
	<author>Фонвизин Д И</author>
	<title>Недоросль</title>
	<filename>LITRA/FONWIZIN/nedorosl.txt</filename>
</book>
<book>
	<author>Куприн А</author>
	<title>Синяя звезда</title>
	<filename>LITRA/KUPRIN/bluestar.txt</filename>
</book>
<book>
	<author>Куприн А</author>
	<title>Гамбринус</title>
	<filename>LITRA/KUPRIN/gambrinus.txt</filename>
</book>
<book>
	<author>Куприн А</author>
	<title>Колесо времени</title>
	<filename>LITRA/KUPRIN/koleso.txt</filename>
</book>
<book>
	<author>Лермонтов М Ю</author>
	<title>Стихотворения</title>
	<filename>LITRA/LERMONTOW/l1.txt</filename>
</book>
<book>
	<author>Лесков Н</author>
	<title>Очарованный странник</title>
	<filename>LITRA/LESKOW/stranger.txt</filename>
</book>
<book>
	<author></author>
	<title>Русская классическая поэзия</title>
	<filename>LITRA/POEZIA/stihi.txt</filename>
</book>
<book>
	<author>Погорельский А</author>
	<title>Черная курица, или Подземные жители</title>
	<filename>LITRA/POGORELSKIJ/kurica.txt</filename>
</book>
<book>
	<author>Прутков К</author>
	<title>Плоды раздумья</title>
	<filename>LITRA/PRUTKOW/plody.txt</filename>
</book>
<book>
	<author>Пушкин А С</author>
	<title>Сказка о попе и о работнике его Балде</title>
	<filename>LITRA/PUSHKIN/balda.txt</filename>
</book>
<book>
	<author>Пушкин А С</author>
	<title>Повести покойного Ивана Петровича Белкина</title>
	<filename>LITRA/PUSHKIN/belkin.txt</filename>
</book>
<book>
	<author>Пушкин А С</author>
	<title>Сказка о мертвой царевне и о семи богатырях</title>
	<filename>LITRA/PUSHKIN/carewna.txt</filename>
</book>
<book>
	<author>Пушкин А С</author>
	<title>Дубровский</title>
	<filename>LITRA/PUSHKIN/dubrowskij.txt</filename>
</book>
<book>
	<author></author>
	<title>Alexander Pushkin in English translation</title>
	<filename>LITRA/PUSHKIN/ENGLISH/kneller01.txt</filename>
</book>
<book>
	<author>Пушкин А С</author>
	<title>Моцарт и Сальери</title>
	<filename>LITRA/PUSHKIN/mocart.txt</filename>
</book>
<book>
	<author>Пушкин А С</author>
	<title>Сказка о царе Салтане</title>
	<filename>LITRA/PUSHKIN/saltan.txt</filename>
</book>
<book>
	<author>Пушкин А С</author>
	<title>Несколько стихотворений</title>
	<filename>LITRA/PUSHKIN/stihi.txt</filename>
</book>
<book>
	<author>Пушкин А С</author>
	<title>Жених</title>
	<filename>LITRA/PUSHKIN/zhenih.txt</filename>
</book>
<book>
	<author>Салтыков-Щедрин М Е</author>
	<title>История одного города</title>
	<filename>LITRA/SALTYKOWSHEDRIN/istoria.txt</filename>
</book>
<book>
	<author>Салтыков-Щедрин М Е</author>
	<title>Либерал</title>
	<filename>LITRA/SALTYKOWSHEDRIN/liberal.txt</filename>
</book>
<book>
	<author>Толстой Л</author>
	<title>Детство</title>
	<filename>LITRA/TOLSTOJ/detstwo.txt</filename>
</book>
<book>
	<author>Толстой Л</author>
	<title>Суеверие государства</title>
	<filename>LITRA/TOLSTOJ/gosudarstwo.txt</filename>
</book>
<book>
	<author>Толстой Л Н</author>
	<title>Хаджи-Мурат</title>
	<filename>LITRA/TOLSTOJ/hadjimurat.txt</filename>
</book>
<book>
	<author>Толстой Л</author>
	<title>Отрочество</title>
	<filename>LITRA/TOLSTOJ/otrochestwo.txt</filename>
</book>
<book>
	<author>Толстой Л</author>
	<title>Сказки</title>
	<filename>LITRA/TOLSTOJ/skazki.txt</filename>
</book>
<book>
	<author>Толстой Л</author>
	<title>Публицистика</title>
	<filename>LITRA/TOLSTOJ/wozzwanie.txt</filename>
</book>
<book>
	<author>Тютчев Ф</author>
	<title>Стихи</title>
	<filename>LITRA/TUTCHEW/stihi.txt</filename>
</book>
<book>
	<author>Тынянов Ю</author>
	<title>Подпоручик Киже</title>
	<filename>LITRA/TYNYANOW/kizhe.txt</filename>
</book>
<book>
	<author>Жуковский В А</author>
	<title>Война мышей и лягушек</title>
	<filename>LITRA/ZHUKOWSKIJ/mouse.txt</filename>
</book>
<book>
	<author>Логинов С</author>
	<title>Аналитик</title>
	<filename>LOGINOW/analitik.txt</filename>
</book>
<book>
	<author>Логинов С</author>
	<title>Квартира</title>
	<filename>LOGINOW/appart.txt</filename>
</book>
<book>
	<author>Логинов С</author>
	<title>Сказочки для деточек</title>
	<filename>LOGINOW/babytale.txt</filename>
</book>
<book>
	<author>Логинов С</author>
	<title>Уроки биологии</title>
	<filename>LOGINOW/basni.txt</filename>
</book>
<book>
	<author></author>
	<title>Библиография Святослава Логинова</title>
	<filename>LOGINOW/bibliografy.txt</filename>
</book>
<book>
	<author>Логинов С, Перумов  Н</author>
	<title>Чeрная кровь</title>
	<filename>LOGINOW/blak.txt</filename>
</book>
<book>
	<author>Логинов С</author>
	<title>Придет весна</title>
	<filename>LOGINOW/blokada.txt</filename>
</book>
<book>
	<author>Логинов С</author>
	<title>Случайность</title>
	<filename>LOGINOW/casus.txt</filename>
</book>
<book>
	<author>Логинов С</author>
	<title>Многорукий бог Далайна</title>
	<filename>LOGINOW/ilbach.txt</filename>
</book>
<book>
	<author>Логинов С</author>
	<title>Адепт Сергеев</title>
	<filename>LOGINOW/login01.txt</filename>
</book>
<book>
	<author>Логинов С</author>
	<title>Автопортрет</title>
	<filename>LOGINOW/login02.txt</filename>
</book>
<book>
	<author>Логинов С</author>
	<title>Цирюльник</title>
	<filename>LOGINOW/login03.txt</filename>
</book>
<book>
	<author>Логинов С</author>
	<title>Шишак</title>
	<filename>LOGINOW/login04.txt</filename>
</book>
<book>
	<author>Логинов С</author>
	<title>Железный век</title>
	<filename>LOGINOW/login05.txt</filename>
</book>
<book>
	<author>Логинов С</author>
	<title>Ганс крысолов</title>
	<filename>LOGINOW/login06.txt</filename>
</book>
<book>
	<author>Логинов С</author>
	<title>Habilis</title>
	<filename>LOGINOW/login07.txt</filename>
</book>
<book>
	<author>Логинов С</author>
	<title>Дом у дороги</title>
	<filename>LOGINOW/login08.txt</filename>
</book>
<book>
	<author>Логинов С</author>
	<title>Коммуналка</title>
	<filename>LOGINOW/login09.txt</filename>
</book>
<book>
	<author>Логинов С</author>
	<title>Жил-был...</title>
	<filename>LOGINOW/login10.txt</filename>
</book>
<book>
	<author>Логинов С</author>
	<title>Смирный Жак</title>
	<filename>LOGINOW/login11.txt</filename>
</book>
<book>
	<author>Логинов С</author>
	<title>Машенька</title>
	<filename>LOGINOW/login12.txt</filename>
</book>
<book>
	<author>Логинов С</author>
	<title>Хозяин</title>
	<filename>LOGINOW/login13.txt</filename>
</book>
<book>
	<author>Логинов С</author>
	<title>Мед жизни</title>
	<filename>LOGINOW/login14.txt</filename>
</book>
<book>
	<author>Логинов С</author>
	<title>Микрокосм</title>
	<filename>LOGINOW/login15.txt</filename>
</book>
<book>
	<author>Логинов С</author>
	<title>Миракль рядового дня</title>
	<filename>LOGINOW/login16.txt</filename>
</book>
<book>
	<author>Логинов С</author>
	<title>Monstrum Magnum</title>
	<filename>LOGINOW/login17.txt</filename>
</book>
<book>
	<author>Логинов С</author>
	<title>Часы</title>
	<filename>LOGINOW/login18.txt</filename>
</book>
<book>
	<author>Логинов С</author>
	<title>Соленые огурчики</title>
	<filename>LOGINOW/login19.txt</filename>
</book>
<book>
	<author>Логинов С</author>
	<title>Яблочко от яблоньки</title>
	<filename>LOGINOW/login20.txt</filename>
</book>
<book>
	<author>Логинов С</author>
	<title>Равен богу</title>
	<filename>LOGINOW/login21.txt</filename>
</book>
<book>
	<author>Логинов С</author>
	<title>Рычало</title>
	<filename>LOGINOW/login22.txt</filename>
</book>
<book>
	<author>Логинов С</author>
	<title>Темный глаз</title>
	<filename>LOGINOW/login23.txt</filename>
</book>
<book>
	<author>Логинов С</author>
	<title>Во имя твое</title>
	<filename>LOGINOW/login24.txt</filename>
</book>
<book>
	<author>Логинов С</author>
	<title>Быль о сказочном звере</title>
	<filename>LOGINOW/login25.txt</filename>
</book>
<book>
	<author>Логинов С</author>
	<title>Страж перевала</title>
	<filename>LOGINOW/login26.txt</filename>
</book>
<book>
	<author>Логинов С</author>
	<title>Забота</title>
	<filename>LOGINOW/login27.txt</filename>
</book>
<book>
	<author>Логинов С</author>
	<title>Успею</title>
	<filename>LOGINOW/login28.txt</filename>
</book>
<book>
	<author>Логинов С</author>
	<title>Закат на планете Земля</title>
	<filename>LOGINOW/login29.txt</filename>
</book>
<book>
	<author>Логинов С</author>
	<title>Замошье</title>
	<filename>LOGINOW/login30.txt</filename>
</book>
<book>
	<author>Логинов С</author>
	<title>Драконы полуночных гор</title>
	<filename>LOGINOW/logins73.txt</filename>
</book>
<book>
	<author>Логинов С</author>
	<title>Драгоценнее многих</title>
	<filename>LOGINOW/madic.txt</filename>
</book>
<book>
	<author>Логинов С</author>
	<title>Металлург</title>
	<filename>LOGINOW/metalurg.txt</filename>
</book>
<book>
	<author>Логинов С</author>
	<title>Микрорассказы</title>
	<filename>LOGINOW/micro.txt</filename>
</book>
<book>
	<author>Логинов С</author>
	<title>Нобелевская премия</title>
	<filename>LOGINOW/nobel.txt</filename>
</book>
<book>
	<author>Логинов С</author>
	<title>Я не трогаю тебя</title>
	<filename>LOGINOW/nottouch.txt</filename>
</book>
<book>
	<author>Логинов С</author>
	<title>Оберег у Пустых холмов</title>
	<filename>LOGINOW/obereg.txt</filename>
</book>
<book>
	<author>Логинов С</author>
	<title>Исцелися сам</title>
	<filename>LOGINOW/patin.txt</filename>
</book>
<book>
	<author>Логинов С</author>
	<title>Предтеча</title>
	<filename>LOGINOW/predt.txt</filename>
</book>
<book>
	<author>Логинов С</author>
	<title>Квест</title>
	<filename>LOGINOW/quest.txt</filename>
</book>
<book>
	<author>Логинов С</author>
	<title>О графах и графоманах или Почему я не люблю Льва Толстого</title>
	<filename>LOGINOW/tolstoy.txt</filename>
</book>
<book>
	<author>Лондон Д</author>
	<title>До Адама</title>
	<filename>LONDON/adam.txt</filename>
</book>
<book>
	<author>Лондон Д</author>
	<title>"Алоха Оэ"</title>
	<filename>LONDON/aloha_oe.txt</filename>
</book>
<book>
	<author>Лондон Д</author>
	<title>Ату их, ату!</title>
	<filename>LONDON/atu.txt</filename>
</book>
<book>
	<author>London J</author>
	<title>Batard</title>
	<filename>LONDON/bbtard.txt</filename>
</book>
<book>
	<author>Батурин С</author>
	<title>Биография: Джек Лондон (1876--1916)</title>
	<filename>LONDON/biography.txt</filename>
</book>
<book>
	<author>London J</author>
	<title>The Call of the Wild</title>
	<filename>LONDON/callw10.txt</filename>
</book>
<book>
	<author>Лондон Д</author>
	<title>Чун А-чун</title>
	<filename>LONDON/chun.txt</filename>
</book>
<book>
	<author>Лондон Д</author>
	<title>Мужество женщины</title>
	<filename>LONDON/courage.txt</filename>
</book>
<book>
	<author>Лондон Д</author>
	<title>Обычай белого человека</title>
	<filename>LONDON/custom.txt</filename>
</book>
<book>
	<author>Лондон Д</author>
	<title>Дочь северного сияния</title>
	<filename>LONDON/daughter.txt</filename>
</book>
<book>
	<author>Лондон Д</author>
	<title>Потомок Мак-Коя</title>
	<filename>LONDON/descenda.txt</filename>
</book>
<book>
	<author>Лондон Д</author>
	<title>Дьяволы на Фуатино</title>
	<filename>LONDON/devils.txt</filename>
</book>
<book>
	<author>Лондон Д</author>
	<title>Там, где расходятся пути</title>
	<filename>LONDON/diff_way.txt</filename>
</book>
<book>
	<author>Лондон Д</author>
	<title>Лунная долина</title>
	<filename>LONDON/dolina.txt</filename>
</book>
<book>
	<author>Лондон Д</author>
	<title>Прощай, Джек!</title>
	<filename>LONDON/farewell.txt</filename>
</book>
<book>
	<author>London J</author>
	<title>To build a fire</title>
	<filename>LONDON/fire.txt</filename>
</book>
<book>
	<author>London J</author>
	<title>The God of his fathers</title>
	<filename>LONDON/godfather.txt</filename>
</book>
<book>
	<author>Лондон Д</author>
	<title>"Король греков"</title>
	<filename>LONDON/greeking.txt</filename>
</book>
<book>
	<author>Лондон Д</author>
	<title>Тайфун у берегов Японии</title>
	<filename>LONDON/hrabr0.txt</filename>
</book>
<book>
	<author>Лондон Д</author>
	<title>Абордаж отбит</title>
	<filename>LONDON/hrabr1.txt</filename>
</book>
<book>
	<author>Лондон Д</author>
	<title>В бухте Йеддо</title>
	<filename>LONDON/hrabr2.txt</filename>
</book>
<book>
	<author>Лондон Д</author>
	<title>Для храбрости</title>
	<filename>LONDON/hrabr3.txt</filename>
</book>
<book>
	<author>Лондон Д</author>
	<title>Исчезнувший браконьер</title>
	<filename>LONDON/hrabr4.txt</filename>
</book>
<book>
	<author>Лондон Д</author>
	<title>Их дело -- жить</title>
	<filename>LONDON/hrabr5.txt</filename>
</book>
<book>
	<author>Лондон Д</author>
	<title>Крис Фаррингтон -- настоящий моряк</title>
	<filename>LONDON/hrabr6.txt</filename>
</book>
<book>
	<author>Лондон Д</author>
	<title>На берегах Сакраменто</title>
	<filename>LONDON/hrabr7.txt</filename>
</book>
<book>
	<author>Лондон Д</author>
	<title>Плешивый</title>
	<filename>LONDON/hrabr8.txt</filename>
</book>
<book>
	<author>Лондон Д</author>
	<title>Приключение в воздушном океане</title>
	<filename>LONDON/hrabr9.txt</filename>
</book>
<book>
	<author>Лондон Д</author>
	<title>Мартин Иден</title>
	<filename>LONDON/iden.txt</filename>
</book>
<book>
	<author>London J</author>
	<title>John Barleycorn</title>
	<filename>LONDON/jbarl10.txt</filename>
</book>
<book>
	<author>Лондон Д</author>
	<title>Шутники с Нью-Гиббона</title>
	<filename>LONDON/jokers.txt</filename>
</book>
<book>
	<author>Лондон Д</author>
	<title>Желтый платок</title>
	<filename>LONDON/kerchief.txt</filename>
</book>
<book>
	<author>Лондон Д</author>
	<title>Киш, сын Киша</title>
	<filename>LONDON/kish_son.txt</filename>
</book>
<book>
	<author>Лондон Д</author>
	<title>Сказание о Кише</title>
	<filename>LONDON/kishstor.txt</filename>
</book>
<book>
	<author>Лондон Д</author>
	<title>Деметриос Контос</title>
	<filename>LONDON/kontos.txt</filename>
</book>
<book>
	<author>Лондон Д</author>
	<title>Лига стариков</title>
	<filename>LONDON/league.txt</filename>
</book>
<book>
	<author>Лондон Д</author>
	<title>Кулау-прокаженный</title>
	<filename>LONDON/leprosy.txt</filename>
</book>
<book>
	<author>Лондон Д</author>
	<title>Нам-бок - лжец</title>
	<filename>LONDON/liar.txt</filename>
</book>
<book>
	<author>Лондон Д</author>
	<title>Любовь к жизни</title>
	<filename>LONDON/lifelove.txt</filename>
</book>
<book>
	<author>Лондон Д</author>
	<title>Закон жизни</title>
	<filename>LONDON/life_low.txt</filename>
</book>
<book>
	<author>Лондон Д</author>
	<title>Светлокожая Ли Ван</title>
	<filename>LONDON/lighskin.txt</filename>
</book>
<book>
	<author>Лондон Д</author>
	<title>Морской Волк</title>
	<filename>LONDON/london01.txt</filename>
</book>
<book>
	<author>Лондон Д</author>
	<title>Время-не-ждет</title>
	<filename>LONDON/london02.txt</filename>
</book>
<book>
	<author>Лондон Д</author>
	<title>Белый Клык</title>
	<filename>LONDON/london03.txt</filename>
</book>
<book>
	<author>Лондон Д</author>
	<title>Зов предков</title>
	<filename>LONDON/london04.txt</filename>
</book>
<book>
	<author>Лондон Д</author>
	<title>Маленькая хозяйка Большого дома</title>
	<filename>LONDON/london05.txt</filename>
</book>
<book>
	<author>Лондон Д</author>
	<title>Сердца трех</title>
	<filename>LONDON/london06.txt</filename>
</book>
<book>
	<author>London J</author>
	<title>Before Adam</title>
	<filename>LONDON/london07.txt</filename>
</book>
<book>
	<author>Лондон Д</author>
	<title>Кусок мяса</title>
	<filename>LONDON/meat.txt</filename>
</book>
<book>
	<author>Лондон Д</author>
	<title>Мексиканец</title>
	<filename>LONDON/mexican.txt</filename>
</book>
<book>
	<author>Лондон Д</author>
	<title>Мауки</title>
	<filename>LONDON/mouki.txt</filename>
</book>
<book>
	<author>Лондон Д</author>
	<title>Дом Мапуи</title>
	<filename>LONDON/muphouse.txt</filename>
</book>
<book>
	<author>Лондон Д</author>
	<title>Ночь на Гобото</title>
	<filename>LONDON/night.txt</filename>
</book>
<book>
	<author>Лондон Д</author>
	<title>Северная одиссея</title>
	<filename>LONDON/odissey.txt</filename>
</book>
<book>
	<author>Лондон Д</author>
	<title>На сороковой миле</title>
	<filename>LONDON/on40mile.txt</filename>
</book>
<book>
	<author>Лондон Д</author>
	<title>Однодневная стоянка</title>
	<filename>LONDON/one-day.txt</filename>
</book>
<book>
	<author>Лондон Д</author>
	<title>Язычник</title>
	<filename>LONDON/pagan.txt</filename>
</book>
<book>
	<author>Лондон Д</author>
	<title>Жемчуг Парлея</title>
	<filename>LONDON/pearls.txt</filename>
</book>
<book>
	<author>Лондон Д</author>
	<title>Набег на устричных пиратов</title>
	<filename>LONDON/raid.txt</filename>
</book>
<book>
	<author>Лондон Д</author>
	<title>Шериф Коны</title>
	<filename>LONDON/sheriff.txt</filename>
</book>
<book>
	<author>Лондон Д</author>
	<title>Болезнь одинокого вождя</title>
	<filename>LONDON/sickness.txt</filename>
</book>
<book>
	<author>Лондон Д</author>
	<title>Осада "Ланкаширской королевы"</title>
	<filename>LONDON/siege.txt</filename>
</book>
<book>
	<author>Лондон Д</author>
	<title>Белое безмолвие</title>
	<filename>LONDON/silence.txt</filename>
</book>
<book>
	<author>Лондон Д</author>
	<title>Маленький счет Сузину Холлу</title>
	<filename>LONDON/sm_count.txt</filename>
</book>
<book>
	<author>Лондон Д</author>
	<title>Смок Беллью</title>
	<filename>LONDON/smoke.txt</filename>
</book>
<book>
	<author>Лондон Д</author>
	<title>Дочь снегов</title>
	<filename>LONDON/sneg.txt</filename>
</book>
<book>
	<author>Суинберн</author>
	<title>Сад Прозерпины</title>
	<filename>LONDON/suinbern.txt</filename>
</book>
<book>
	<author>Лондон Д</author>
	<title>Пришельцы из солнечной страны</title>
	<filename>LONDON/sunarriv.txt</filename>
</book>
<book>
	<author>Лондон Д</author>
	<title>Перья солнца</title>
	<filename>LONDON/sunplume.txt</filename>
</book>
<book>
	<author>Лондон Д</author>
	<title>Сын солнца</title>
	<filename>LONDON/sun_son.txt</filename>
</book>
<book>
	<author>Лондон Д</author>
	<title>Храм гордыни</title>
	<filename>LONDON/temple.txt</filename>
</book>
<book>
	<author>Лондон Д</author>
	<title>Страшные Соломоновы острова</title>
	<filename>LONDON/terrible.txt</filename>
</book>
<book>
	<author>Лондон Д</author>
	<title>В дебрях севера</title>
	<filename>LONDON/thicket.txt</filename>
</book>
<book>
	<author>Лондон Д</author>
	<title>Зуб кашалота</title>
	<filename>LONDON/tooth.txt</filename>
</book>
<book>
	<author>Лондон Д</author>
	<title>Уловка Чарли</title>
	<filename>LONDON/trick.txt</filename>
</book>
<book>
	<author>Лондон Д</author>
	<title>Буйный характер Алозия Пенкберна</title>
	<filename>LONDON/unbridle.txt</filename>
</book>
<book>
	<author>Лондон Д</author>
	<title>Неукротимый белый человек</title>
	<filename>LONDON/whiteman.txt</filename>
</book>
<book>
	<author>Лондон Д</author>
	<title>Белые и желтые</title>
	<filename>LONDON/whit_yel.txt</filename>
</book>
<book>
	<author>Лондон Д</author>
	<title>За тех, кто в пути!</title>
	<filename>LONDON/whoinway.txt</filename>
</book>
<book>
	<author>Лондон Д</author>
	<title>Мудрость снежной тропы</title>
	<filename>LONDON/wisdom.txt</filename>
</book>
<book>
	<author>Лондон Д</author>
	<title>Великий кудесник</title>
	<filename>LONDON/wizard.txt</filename>
</book>
<book>
	<author>Лукин Е</author>
	<title>Амеба</title>
	<filename>LUKINY/ameba.txt</filename>
</book>
<book>
	<author>Лукина Л, Лукин  Е</author>
	<title>Когда отступают ангелы</title>
	<filename>LUKINY/angels.txt</filename>
</book>
<book>
	<author>Лукин Е</author>
	<title>Там, за Ахероном</title>
	<filename>LUKINY/asheron.txt</filename>
</book>
<book>
	<author>Лукин Е</author>
	<title>Конец Ледникового периода</title>
	<filename>LUKINY/cave04.txt</filename>
</book>
<book>
	<author>Лукин Е</author>
	<title>Приснившийся.</title>
	<filename>LUKINY/dream.txt</filename>
</book>
<book>
	<author>Лукин Е</author>
	<title>Delirium tremens (страсти по Николаю)</title>
	<filename>LUKINY/dtremens.txt</filename>
</book>
<book>
	<author>Лукин Е</author>
	<title>Я - твой племянник, Родина!</title>
	<filename>LUKINY/lukin.txt</filename>
</book>
<book>
	<author>Лукин Е</author>
	<title>Памятка интуристу</title>
	<filename>LUKINY/madsci.txt</filename>
</book>
<book>
	<author>Лукина Л, Лукин  Е</author>
	<title>Миссионеры</title>
	<filename>LUKINY/missione.txt</filename>
</book>
<book>
	<author>Лукин Е</author>
	<title>В Стране Заходящего Солнца.</title>
	<filename>LUKINY/narco.txt</filename>
</book>
<book>
	<author>Лукина Л, Лукин  Е</author>
	<title>Не верь глазам своим</title>
	<filename>LUKINY/ne_ver.txt</filename>
</book>
<book>
	<author>Лукин Е</author>
	<title>Песнь о Вещем Олеге</title>
	<filename>LUKINY/oleg.txt</filename>
</book>
<book>
	<author>Лукина Л, Лукин  Е</author>
	<title>А Все остальное -- не в счет</title>
	<filename>LUKINY/ostalnoe.txt</filename>
</book>
<book>
	<author>Лукина Л, Лукин  Е</author>
	<title>Летним вечером в подворотне</title>
	<filename>LUKINY/podvorot.txt</filename>
</book>
<book>
	<author>Лукина Л, Лукин  Е</author>
	<title>Пробуждение</title>
	<filename>LUKINY/probuzhd.txt</filename>
</book>
<book>
	<author></author>
	<title></title>
	<filename>LUKINY/rasskazy/accident.txt</filename>
</book>
<book>
	<author></author>
	<title></title>
	<filename>LUKINY/rasskazy/analcase.txt</filename>
</book>
<book>
	<author></author>
	<title></title>
	<filename>LUKINY/rasskazy/askcesar.txt</filename>
</book>
<book>
	<author></author>
	<title></title>
	<filename>LUKINY/rasskazy/authretr.txt</filename>
</book>
<book>
	<author></author>
	<title></title>
	<filename>LUKINY/rasskazy/badhabit.txt</filename>
</book>
<book>
	<author></author>
	<title></title>
	<filename>LUKINY/rasskazy/cave_1.txt</filename>
</book>
<book>
	<author></author>
	<title></title>
	<filename>LUKINY/rasskazy/cave_2.txt</filename>
</book>
<book>
	<author></author>
	<title></title>
	<filename>LUKINY/rasskazy/cave_3.txt</filename>
</book>
<book>
	<author></author>
	<title></title>
	<filename>LUKINY/rasskazy/cherche.txt</filename>
</book>
<book>
	<author></author>
	<title></title>
	<filename>LUKINY/rasskazy/crrack.txt</filename>
</book>
<book>
	<author></author>
	<title></title>
	<filename>LUKINY/rasskazy/face.txt</filename>
</book>
<book>
	<author></author>
	<title></title>
	<filename>LUKINY/rasskazy/fourteen.txt</filename>
</book>
<book>
	<author></author>
	<title></title>
	<filename>LUKINY/rasskazy/genetmem.txt</filename>
</book>
<book>
	<author></author>
	<title></title>
	<filename>LUKINY/rasskazy/infoflow.txt</filename>
</book>
<book>
	<author></author>
	<title></title>
	<filename>LUKINY/rasskazy/knight.txt</filename>
</book>
<book>
	<author></author>
	<title></title>
	<filename>LUKINY/rasskazy/landfoot.txt</filename>
</book>
<book>
	<author></author>
	<title></title>
	<filename>LUKINY/rasskazy/monlogue.txt</filename>
</book>
<book>
	<author></author>
	<title></title>
	<filename>LUKINY/rasskazy/noon_xx.txt</filename>
</book>
<book>
	<author></author>
	<title></title>
	<filename>LUKINY/rasskazy/nostalgi.txt</filename>
</book>
<book>
	<author></author>
	<title></title>
	<filename>LUKINY/rasskazy/rescuer.txt</filename>
</book>
<book>
	<author></author>
	<title></title>
	<filename>LUKINY/rasskazy/to_avoid.txt</filename>
</book>
<book>
	<author>Лукина Л, Лукин  Е</author>
	<title>Пятеро в лодке, не считая Седьмых</title>
	<filename>LUKINY/sedm.txt</filename>
</book>
<book>
	<author>Лукина Л, Лукин  Е</author>
	<title>Сталь разящая</title>
	<filename>LUKINY/steel.txt</filename>
</book>
<book>
	<author>Лукина Л, Лукин  Е</author>
	<title>Строительный</title>
	<filename>LUKINY/stroit.txt</filename>
</book>
<book>
	<author>Лукина Л, Лукин  Е</author>
	<title>Разрешите доложить!</title>
	<filename>LUKINY/tale.txt</filename>
</book>
<book>
	<author>Лукина Л, Лукин  Е</author>
	<title>Тупапау, или сказка о злой жене</title>
	<filename>LUKINY/tupapau.txt</filename>
</book>
<book>
	<author>Лукина Л, Лукин  Е</author>
	<title>Пусть видят</title>
	<filename>LUKINY/vidyat.txt</filename>
</book>
<book>
	<author>Лукина Л, Лукин  Е</author>
	<title>Вторжение</title>
	<filename>LUKINY/vtor.txt</filename>
</book>
<book>
	<author>Лукьяненко С</author>
	<title>Тринадцатый город</title>
	<filename>LUKXQN/13thtown.txt</filename>
</book>
<book>
	<author>Лукьяненко С</author>
	<title>Способность спустить курок</title>
	<filename>LUKXQN/ability.txt</filename>
</book>
<book>
	<author>Лукьяненко С</author>
	<title>Атомный сон</title>
	<filename>LUKXQN/at_dream.txt</filename>
</book>
<book>
	<author>Лукьяненко С</author>
	<title>Осенние визиты</title>
	<filename>LUKXQN/Autumn_Visits.txt</filename>
</book>
<book>
	<author>Лукьяненко С</author>
	<title>Капитан</title>
	<filename>LUKXQN/captain.txt</filename>
</book>
<book>
	<author>Лукьяненко С</author>
	<title>Категория "Зет"</title>
	<filename>LUKXQN/categ_z.txt</filename>
</book>
<book>
	<author>Лукьяненко С</author>
	<title>Совпадение</title>
	<filename>LUKXQN/coincidn.txt</filename>
</book>
<book>
	<author>Васильев В, Лукьяненко  С</author>
	<title>Дневной дозор (фрагмент)</title>
	<filename>LUKXQN/dd.txt</filename>
</book>
<book>
	<author>Артагорт</author>
	<title>Дайвер: История глубины</title>
	<filename>LUKXQN/diver.txt</filename>
</book>
<book>
	<author>Лукьяненко С</author>
	<title>Линия грез</title>
	<filename>LUKXQN/Dreamline.txt</filename>
</book>
<book>
	<author>Лукьяненко С</author>
	<title>Ласковые мечты полуночи</title>
	<filename>LUKXQN/dream.txt</filename>
</book>
<book>
	<author>Лукьяненко С</author>
	<title>Дюралевое небо (фрагменты)</title>
	<filename>LUKXQN/duralw.txt</filename>
</book>
<book>
	<author>Лукьяненко С</author>
	<title>Именем Земли</title>
	<filename>LUKXQN/eartname.txt</filename>
</book>
<book>
	<author>Лукьяненко С</author>
	<title>Императоры Иллюзий</title>
	<filename>LUKXQN/Emperors_of_Illusions.txt</filename>
</book>
<book>
	<author>Лукьяненко С</author>
	<title>Профессионал</title>
	<filename>LUKXQN/expert.txt</filename>
</book>
<book>
	<author>Лукьяненко С</author>
	<title>За лесом, где подлый враг ...</title>
	<filename>LUKXQN/forest.txt</filename>
</book>
<book>
	<author>Лукьяненко С</author>
	<title>Рыцари сорока островов</title>
	<filename>LUKXQN/Forty_Isles.txt</filename>
</book>
<book>
	<author>Лукьяненко С</author>
	<title>Очень важный груз</title>
	<filename>LUKXQN/freight.txt</filename>
</book>
<book>
	<author>Лукьяненко С</author>
	<title>Фугу в мундире</title>
	<filename>LUKXQN/fugu.txt</filename>
</book>
<book>
	<author>Лукьяненко С</author>
	<title>История болезни или Игры, которые играют в Людей</title>
	<filename>LUKXQN/game.txt</filename>
</book>
<book>
	<author>Лукьяненко С</author>
	<title>Стеклянное море</title>
	<filename>LUKXQN/Glass_Sea.txt</filename>
</book>
<book>
	<author>Лукьяненко С</author>
	<title>Проводник отсюда</title>
	<filename>LUKXQN/guide.txt</filename>
</book>
<book>
	<author>Буркин Ю, Лукьяненко  С</author>
	<title>Царь, царевич, король, королевич...</title>
	<filename>LUKXQN/king.txt</filename>
</book>
<book>
	<author>Lukjanenko S</author>
	<title>Labyrinth of reflections</title>
	<filename>LUKXQN/labirintengl.txt</filename>
</book>
<book>
	<author>Лукьяненко С</author>
	<title>Лабиринт отражений</title>
	<filename>LUKXQN/labirint.txt</filename>
</book>
<book>
	<author>Лукьяненко С</author>
	<title>Дорога на Веллесберг</title>
	<filename>LUKXQN/lknkdrgn.txt</filename>
</book>
<book>
	<author>Лукьяненко С</author>
	<title>Мальчик и тьма</title>
	<filename>LUKXQN/lknkmlck.txt</filename>
</book>
<book>
	<author>Лукьяненко С</author>
	<title>Мой папа -- антибиотик</title>
	<filename>LUKXQN/lknkmpnt.txt</filename>
</book>
<book>
	<author>Лукьяненко С</author>
	<title>Восточная баллада о доблестном менте</title>
	<filename>LUKXQN/lknkvstc.txt</filename>
</book>
<book>
	<author>Лукьяненко С</author>
	<title>Звездная тень</title>
	<filename>LUKXQN/lknkzvz2.txt</filename>
</book>
<book>
	<author>Лукьяненко С</author>
	<title>Спираль времени</title>
	<filename>LUKXQN/lukian47.txt</filename>
</book>
<book>
	<author>Лукьяненко С</author>
	<title>Чужая боль</title>
	<filename>LUKXQN/lukian49.txt</filename>
</book>
<book>
	<author></author>
	<title>Об авторе: Сергей Лукьяненко</title>
	<filename>LUKXQN/lukvat.txt</filename>
</book>
<book>
	<author>Лукьяненко С</author>
	<title>Мужской разговор</title>
	<filename>LUKXQN/maletalk.txt</filename>
</book>
<book>
	<author>Буркин Ю, Лукьяненко  С</author>
	<title>Сегодня, мама!</title>
	<filename>LUKXQN/mama_now.txt</filename>
</book>
<book>
	<author>Лукьяненко С</author>
	<title>Человек, который многого не умел</title>
	<filename>LUKXQN/man.txt</filename>
</book>
<book>
	<author>Лукьяненко С</author>
	<title>Фальшивые зеркала</title>
	<filename>LUKXQN/mirrors.txt</filename>
</book>
<book>
	<author>Лукьяненко С</author>
	<title>Планета, которой нет</title>
	<filename>LUKXQN/Neverplanet.txt</filename>
</book>
<book>
	<author>Лукьяненко С</author>
	<title>"Л" значит: люди</title>
	<filename>LUKXQN/people.txt</filename>
</book>
<book>
	<author>Буркин Ю, Лукьяненко  С</author>
	<title>Необязательные эпилог и примечания (к 3 совместным романам)</title>
	<filename>LUKXQN/pojasn.txt</filename>
</book>
<book>
	<author>Лукьяненко С</author>
	<title>Вечерняя беседа с господином особым послом</title>
	<filename>LUKXQN/posol.txt</filename>
</book>
<book>
	<author>Лукьяненко С</author>
	<title>Принцесса стоит смерти</title>
	<filename>LUKXQN/Princess.txt</filename>
</book>
<book>
	<author>Лукьяненко С</author>
	<title>Почти весна</title>
	<filename>LUKXQN/pv.txt</filename>
</book>
<book>
	<author>Лукьяненко С</author>
	<title>Восьмой цвет радуги</title>
	<filename>LUKXQN/rainbow.txt</filename>
</book>
<book>
	<author>Лукьяненко С</author>
	<title>Хозяин дорог</title>
	<filename>LUKXQN/r_master.txt</filename>
</book>
<book>
	<author>Буркин Ю, Лукьяненко  С</author>
	<title>Остров Русь</title>
	<filename>LUKXQN/russ.txt</filename>
</book>
<book>
	<author>Лукьяненко С</author>
	<title>Слуга</title>
	<filename>LUKXQN/slave.txt</filename>
</book>
<book>
	<author>Лукьяненко С</author>
	<title>Звезды - холодные игрушки</title>
	<filename>LUKXQN/star.txt</filename>
</book>
<book>
	<author>Лукьяненко С</author>
	<title>Приключения Стора</title>
	<filename>LUKXQN/stor.txt</filename>
</book>
<book>
	<author>Лукьяненко С</author>
	<title>Запах свободы</title>
	<filename>LUKXQN/svoboda.txt</filename>
</book>
<book>
	<author>Лукьяненко С</author>
	<title>Тени снов</title>
	<filename>LUKXQN/tenisnov.txt</filename>
</book>
<book>
	<author>Лукьяненко С</author>
	<title>Дверь во тьму</title>
	<filename>LUKXQN/The_Door_into_Dark.txt</filename>
</book>
<book>
	<author>Лукьяненко С</author>
	<title>Поезд в Теплый край</title>
	<filename>LUKXQN/train.txt</filename>
</book>
<book>
	<author>Лукьяненко С</author>
	<title>Ушибленные одиночеством</title>
	<filename>LUKXQN/ushib.txt</filename>
</book>
<book>
	<author>Лукьяненко С</author>
	<title>Визит</title>
	<filename>LUKXQN/visit.txt</filename>
</book>
<book>
	<author>Лукьяненко С</author>
	<title>Неделя неудач</title>
	<filename>LUKXQN/week.txt</filename>
</book>
<book>
	<author>Лукьяненко С</author>
	<title>Пристань желтых кораблей</title>
	<filename>LUKXQN/yellpier.txt</filename>
</book>

</books>

