<?xml version="1.0" encoding="UTF-8" ?>
<books>

<book>
	<filename>myeinof_arnold/myeinof_arnold_telegramma_s_neba.fb2.zip</filename>
	<title>Мэйноф Арнольд. Телеграмма с неба</title>
</book>
<book>
	<filename>myeison_devid/myeison_devid_cherep_kolduna.fb2.zip</filename>
	<title>Мэйсон Девид. Череп колдуна</title>
</book>
<book>
	<filename>myeitlend_dzhoanna/myeitlend_dzhoanna_moi_lyubimyi_angel.fb2.zip</filename>
	<title>Мэйтленд Джоанна. Мой любимый ангел</title>
</book>
<book>
	<filename>myeitlend_dzhoanna/myeitlend_dzhoanna_otchayannaya_dzhemi.fb2.zip</filename>
	<title>Мэйтленд Джоанна. Отчаянная Джеми</title>
</book>
<book>
	<filename>myekomber_debbi/myekomber_debbi_my_sdelaem_vas_schastlivymi.fb2.zip</filename>
	<title>Мэкомбер Дебби. Мы сделаем вас счастливыми</title>
</book>
<book>
	<filename>myekomber_debbi/myekomber_debbi_na_poroge_lyubvi.fb2.zip</filename>
	<title>Мэкомбер Дебби. На пороге любви</title>
</book>
<book>
	<filename>myekomber_debbi/myekomber_debbi_nora.fb2.zip</filename>
	<title>Мэкомбер Дебби. Нора</title>
</book>
<book>
	<filename>myekomber_debbi/myekomber_debbi_tvoi_suzhenyi.fb2.zip</filename>
	<title>Мэкомбер Дебби. Твой суженый</title>
</book>
<book>
	<filename>myekomber_debbi/myekomber_debbi_znoinye_dni_v_zapolyare.fb2.zip</filename>
	<title>Мэкомбер Дебби. Знойные дни в Заполярье</title>
</book>
<book>
	<filename>myelin_geil/myelin_geil_lyubov_i_dolg.fb2.zip</filename>
	<title>Мэлин Гейл. Любовь и долг</title>
</book>
<book>
	<filename>myellori_anna/myellori_anna_graf_ee_grez.fb2.zip</filename>
	<title>Мэллори Анна. Граф ее грез</title>
</book>
<book>
	<filename>myellori_anna/myellori_anna_maskarad_dlya_markiza.fb2.zip</filename>
	<title>Мэллори Анна. Маскарад для маркиза</title>
</book>
<book>
	<filename>myellori_tyess/myellori_tyess_chudesnaya_relikviya.fb2.zip</filename>
	<title>Мэллори Тэсс. Чудесная реликвия</title>
</book>
<book>
	<filename>myelori_tomas/myelori_tomas_smert_artura.fb2.zip</filename>
	<title>Мэлори Томас. Смерть Артура</title>
</book>
<book>
	<filename>myenbi_kris/myenbi_kris_klub_odinokih_serdec.fb2.zip</filename>
	<title>Мэнби Крис. Клуб Одиноких Сердец</title>
</book>
<book>
	<filename>myenbi_kris/myenbi_kris_mest_moya_sladka.fb2.zip</filename>
	<title>Мэнби Крис. Месть моя сладка</title>
</book>
<book>
	<filename>myenlun_fyen/myenlun_fyen_razveyannye_chary.fb2.zip</filename>
	<title>Мэнлун Фэн. Развеянные чары</title>
</book>
<book>
	<filename>myenning_dzhessika/myenning_dzhessika_sopernicy.fb2.zip</filename>
	<title>Мэннинг Джессика. Соперницы</title>
</book>
<book>
	<filename>myenning_mark/myenning_mark_durnaya_mudrost.fb2.zip</filename>
	<title>Мэннинг Марк. Дурная мудрость</title>
</book>
<book>
	<filename>myensfild_kyetrin/myensfild_kyetrin_aktrisa.fb2.zip</filename>
	<title>Мэнсфилд Кэтрин. Актриса</title>
</book>
<book>
	<filename>myensfild_kyetrin/myensfild_kyetrin_chashka_chayu.fb2.zip</filename>
	<title>Мэнсфилд Кэтрин. Чашка чаю</title>
</book>
<book>
	<filename>myenson_maikl/myenson_maikl_konan_i_grot_daiomy.fb2.zip</filename>
	<title>Мэнсон Майкл. Конан и грот Дайомы</title>
</book>
<book>
	<filename>myenson_maikl/myenson_maikl_ristalisha_habby.fb2.zip</filename>
	<title>Мэнсон Майкл. Ристалища Хаббы</title>
</book>
<book>
	<filename>myerdok_airis/myerdok_airis_dikaya_roza.fb2.zip</filename>
	<title>Мэрдок Айрис. Дикая роза</title>
</book>
<book>
	<filename>myerfi_pyet/myerfi_pyet_gorod_neskolko_let_spustya.fb2.zip</filename>
	<title>Мэрфи Пэт. Город несколько лет спустя</title>
</book>
<book>
	<filename>myerfi_pyet/myerfi_pyet_norbit_ili_tuda_i_obratno.fb2.zip</filename>
	<title>Мэрфи Пэт. Норбит, или Туда и обратно</title>
</book>
<book>
	<filename>myerimont_lesli/myerimont_lesli_dom_sbyvshihsya_grez.fb2.zip</filename>
	<title>Мэримонт Лесли. Дом сбывшихся грез</title>
</book>
<book>
	<filename>myerimont_lesli/myerimont_lesli_goryachii_paren.fb2.zip</filename>
	<title>Мэримонт Лесли. Горячий парень</title>
</book>
<book>
	<filename>myerimont_lesli/myerimont_lesli_kogda_skazat_da.fb2.zip</filename>
	<title>Мэримонт Лесли. Когда сказать да</title>
</book>
<book>
	<filename>myerimont_lesli/myerimont_lesli_robkoe_dyhanie.fb2.zip</filename>
	<title>Мэримонт Лесли. Робкое дыхание</title>
</book>
<book>
	<filename>myerimont_lesli/myerimont_lesli_uroki_strasti.fb2.zip</filename>
	<title>Мэримонт Лесли. Уроки страсти</title>
</book>
<book>
	<filename>myeson_frensis/myeson_frensis_korol_abordazha.fb2.zip</filename>
	<title>Мэсон Френсис ван Викк. Король абордажа</title>
</book>
<book>
	<filename>myeson_frensis/myeson_frensis_zolotoi_admiral.fb2.zip</filename>
	<title>Мэсон Френсис ван Викк. Золотой адмирал</title>
</book>
<book>
	<filename>myessi_dorin/myessi_dorin_yenciklopediya_seksa_otkroveniya_obo_vsem_seks_i_vy.fb2.zip</filename>
	<title>Мэсси Дорин Э. «Энциклопедия секса»: Откровения обо всем: Секс и вы</title>
</book>
<book>
	<filename>myeter_yenn/myeter_yenn_chuvstvo_viny.fb2.zip</filename>
	<title>Мэтер Энн. Чувство вины</title>
</book>
<book>
	<filename>myeter_yenn/myeter_yenn_dvoe_vo_dvore.fb2.zip</filename>
	<title>Мэтер Энн. Двое во дворе</title>
</book>
<book>
	<filename>myeter_yenn/myeter_yenn_hozyain_zamka_falkonz_hed.fb2.zip</filename>
	<title>Мэтер Энн. Хозяин замка «Фалькон`з Хед»</title>
</book>
<book>
	<filename>myeter_yenn/myeter_yenn_imenie_akonit.fb2.zip</filename>
	<title>Мэтер Энн. Имение Аконит</title>
</book>
<book>
	<filename>myeter_yenn/myeter_yenn_leopard_na_snegu.fb2.zip</filename>
	<title>Мэтер Энн. Леопард на снегу</title>
</book>
<book>
	<filename>myeter_yenn/myeter_yenn_lovushka_iudy.fb2.zip</filename>
	<title>Мэтер Энн. Ловушка Иуды</title>
</book>
<book>
	<filename>myeter_yenn/myeter_yenn_lyubov_mezhdu_strok.fb2.zip</filename>
	<title>Мэтер Энн. Любовь между строк</title>
</book>
<book>
	<filename>myeter_yenn/myeter_yenn_lyubov_na_izumrudnom_rife.fb2.zip</filename>
	<title>Мэтер Энн. Любовь на Изумрудном рифе</title>
</book>
<book>
	<filename>myeter_yenn/myeter_yenn_nadmennyi_gercog.fb2.zip</filename>
	<title>Мэтер Энн. Надменный герцог</title>
</book>
<book>
	<filename>myeter_yenn/myeter_yenn_naidi_svoyu_sudbu.fb2.zip</filename>
	<title>Мэтер Энн. Найди свою судьбу</title>
</book>
<book>
	<filename>myeter_yenn/myeter_yenn_naslazhdenie_i_bol.fb2.zip</filename>
	<title>Мэтер Энн. Наслаждение и боль</title>
</book>
<book>
	<filename>myeter_yenn/myeter_yenn_opasnaya_rapsodiya.fb2.zip</filename>
	<title>Мэтер Энн. Опасная рапсодия</title>
</book>
<book>
	<filename>myeter_yenn/myeter_yenn_piknik_poitalyanski.fb2.zip</filename>
	<title>Мэтер Энн. Пикник по-итальянски</title>
</book>
<book>
	<filename>myeter_yenn/myeter_yenn_prelyudiya_k_ocharovaniyu.fb2.zip</filename>
	<title>Мэтер Энн. Прелюдия к очарованию</title>
</book>
<book>
	<filename>myeter_yenn/myeter_yenn_propavshaya_kinozvezda.fb2.zip</filename>
	<title>Мэтер Энн. Пропавшая кинозвезда</title>
</book>
<book>
	<filename>myeter_yenn/myeter_yenn_rebenok_dzheka_riordana.fb2.zip</filename>
	<title>Мэтер Энн. Ребенок Джека Риордана</title>
</book>
<book>
	<filename>myeter_yenn/myeter_yenn_ryadom_s_adamom.fb2.zip</filename>
	<title>Мэтер Энн. Рядом с Адамом</title>
</book>
<book>
	<filename>myeter_yenn/myeter_yenn_sladkaya_mest.fb2.zip</filename>
	<title>Мэтер Энн. Сладкая месть</title>
</book>
<book>
	<filename>myeter_yenn/myeter_yenn_tainstvennyi_venecianec.fb2.zip</filename>
	<title>Мэтер Энн. Таинственный венецианец</title>
</book>
<book>
	<filename>myeter_yenn/myeter_yenn_tango_s_tigrom.fb2.zip</filename>
	<title>Мэтер Энн. Танго с тигром</title>
</book>
<book>
	<filename>myeter_yenn/myeter_yenn_v_mercanii_svechei.fb2.zip</filename>
	<title>Мэтер Энн. В мерцании свечей</title>
</book>
<book>
	<filename>myeter_yenn/myeter_yenn_vozvrashenie_na_ostrov_lyubvi.fb2.zip</filename>
	<title>Мэтер Энн. Возвращение на остров любви</title>
</book>
<book>
	<filename>myeter_yenn/myeter_yenn_zhenih_iz_belavista.fb2.zip</filename>
	<title>Мэтер Энн. Жених из Бела-Виста</title>
</book>
<book>
	<filename>myetis_dzholi/myetis_dzholi_korol_morya.fb2.zip</filename>
	<title>Мэтис Джоли. Король моря</title>
</book>
<book>
	<filename>myetson_richard/myetson_richard_vampir.fb2.zip</filename>
	<title>Мэтсон Ричард Кристиан. Вампир</title>
</book>
<book>
	<filename>myettyumen_fillis/myettyumen_fillis_prekrasnaya_rusalka.fb2.zip</filename>
	<title>Мэттьюмен Филлис. Прекрасная русалка</title>
</book>
<book>
	<filename>myettyus_vanessa/myettyus_vanessa_lyubov_kak_nenavist.fb2.zip</filename>
	<title>Мэттьюс Ванесса. Любовь как ненависть</title>
</book>
<book>
	<filename>myetyus_dzhein/myetyus_dzhein_neznakomec_iz_proshlogo.fb2.zip</filename>
	<title>Мэтьюс Джейн. Незнакомец из прошлого</title>
</book>
<book>
	<filename>myetyuz_kleiton/myetyuz_kleiton_gonkong.fb2.zip</filename>
	<title>Мэтьюз Клейтон. Гонконг</title>
</book>
<book>
	<filename>myetyuz_kleiton/myetyuz_kleiton_lasvegas.fb2.zip</filename>
	<title>Мэтьюз Клейтон. Лас-Вегас</title>
</book>
<book>
	<filename>myetyuz_kleiton/myetyuz_kleiton_novyi_orlean.fb2.zip</filename>
	<title>Мэтьюз Клейтон. Новый Орлеан</title>
</book>
<book>
	<filename>myetyuz_kleiton/myetyuz_kleiton_tolko_dlya_muzhchin.fb2.zip</filename>
	<title>Мэтьюз Клейтон. Только для мужчин</title>
</book>
<book>
	<filename>myetyuz_patriciya/myetyuz_patriciya_bezumnoe_obeshanie.fb2.zip</filename>
	<title>Мэтьюз Патриция. Безумное обещание</title>
</book>
<book>
	<filename>myetyuz_patriciya/myetyuz_patriciya_blazhenstvo_strasti.fb2.zip</filename>
	<title>Мэтьюз Патриция. Блаженство страсти</title>
</book>
<book>
	<filename>myetyuz_patriciya/myetyuz_patriciya_mechty_sbyvayutsya.fb2.zip</filename>
	<title>Мэтьюз Патриция. Мечты сбываются</title>
</book>
<book>
	<filename>myetyuz_patriciya/myetyuz_patriciya_mstitelnoe_serdce.fb2.zip</filename>
	<title>Мэтьюз Патриция. Мстительное сердце</title>
</book>
<book>
	<filename>myetyuz_patriciya/myetyuz_patriciya_navstrechu_schastyu.fb2.zip</filename>
	<title>Мэтьюз Патриция. Навстречу счастью</title>
</book>
<book>
	<filename>myetyuz_patriciya/myetyuz_patriciya_oazis.fb2.zip</filename>
	<title>Мэтьюз Патриция. Оазис</title>
</book>
<book>
	<filename>myetyuz_patriciya/myetyuz_patriciya_prekrasnaya_muka_lyubvi.fb2.zip</filename>
	<title>Мэтьюз Патриция. Прекрасная мука любви</title>
</book>
<book>
	<filename>myetyuz_patriciya/myetyuz_patriciya_pylayushii_rassvet.fb2.zip</filename>
	<title>Мэтьюз Патриция. Пылающий рассвет</title>
</book>
<book>
	<filename>myetyuz_patriciya/myetyuz_patriciya_sapfir.fb2.zip</filename>
	<title>Мэтьюз Патриция. Сапфир</title>
</book>
<book>
	<filename>myetyuz_patriciya/myetyuz_patriciya_serdce_yazychnicy.fb2.zip</filename>
	<title>Мэтьюз Патриция. Сердце язычницы</title>
</book>
<book>
	<filename>myetyuz_patriciya/myetyuz_patriciya_tancovshica_grez.fb2.zip</filename>
	<title>Мэтьюз Патриция. Танцовщица грез</title>
</book>
<book>
	<filename>myetyuz_patriciya/myetyuz_patriciya_trudnyi_vybor.fb2.zip</filename>
	<title>Мэтьюз Патриция. Трудный выбор</title>
</book>
<book>
	<filename>myetyuz_patriciya/myetyuz_patriciya_ukrotit_bespokoinoe_serdce.fb2.zip</filename>
	<title>Мэтьюз Патриция. Укротить беспокойное сердце</title>
</book>
<book>
	<filename>myetyuz_patriciya/myetyuz_patriciya_vlyublennyi_igrok.fb2.zip</filename>
	<title>Мэтьюз Патриция. Влюбленный игрок</title>
</book>
<book>
	<filename>myetyuz_patriciya/myetyuz_patriciya_volny_lyubvi.fb2.zip</filename>
	<title>Мэтьюз Патриция. Волны любви</title>
</book>
<book>
	<filename>myetyuz_patriciya/myetyuz_patriciya_volshebnaya_sila_lyubvi.fb2.zip</filename>
	<title>Мэтьюз Патриция. Волшебная сила любви</title>
</book>
<book>
	<filename>myetyuz_patriciya/myetyuz_patriciya_volshebnyi_mig.fb2.zip</filename>
	<title>Мэтьюз Патриция. Волшебный миг</title>
</book>
<book>
	<filename>myetyuz_patriciya/myetyuz_patriciya_zolotaya_sudba.fb2.zip</filename>
	<title>Мэтьюз Патриция. Золотая судьба</title>
</book>
<book>
	<filename>myordok_melinda/myordok_melinda_armageddon_u_vesty.fb2.zip</filename>
	<title>Мёрдок Мелинда С. Армагеддон у Весты</title>
</book>
<book>
	<filename>myordok_melinda/myordok_melinda_molot_marsa.fb2.zip</filename>
	<title>Мёрдок Мелинда С. Молот Марса</title>
</book>
<book>
	<filename>myordok_melinda/myordok_melinda_vosstanie_2456_goda.fb2.zip</filename>
	<title>Мёрдок Мелинда С. Восстание 2456 года</title>
</book>
<book>
	<filename>myslin_ilya/myslin_ilya_progulka_romantika.fb2.zip</filename>
	<title>Мыслин Илья. Прогулка романтика</title>
</book>
<book>
	<filename>myuller_v/myuller_v_pirat_korolevy_elizavety.fb2.zip</filename>
	<title>Мюллер В. К. Пират королевы Елизаветы</title>
</book>
<book>
	<filename>myurzhe_anri/myurzhe_anri_sceny_iz_zhizni_bogemy.fb2.zip</filename>
	<title>Мюрже Анри. Сцены из жизни богемы</title>
</book>
<book>
	<filename>myutcelburg_adolf/myutcelburg_adolf_vlastelin_mira.fb2.zip</filename>
	<title>Мютцельбург Адольф. Властелин мира</title>
</book>
<book>
	<filename>mzareulov_konstantin/mzareulov_konstantin_demony_graalya.fb2.zip</filename>
	<title>Мзареулов Константин. Демоны Грааля</title>
</book>
<book>
	<filename>mzareulov_konstantin/mzareulov_konstantin_fantastika_obshii_kurs.fb2.zip</filename>
	<title>Мзареулов Константин. Фантастика. Общий курс</title>
</book>
<book>
	<filename>mzareulov_konstantin/mzareulov_konstantin_horek_v_myshelovke.fb2.zip</filename>
	<title>Мзареулов Константин. Хорек в мышеловке</title>
</book>
<book>
	<filename>mzareulov_konstantin/mzareulov_konstantin_izgnanniki_nirvany.fb2.zip</filename>
	<title>Мзареулов Константин. Изгнанники Нирваны</title>
</book>
<book>
	<filename>mzareulov_konstantin/mzareulov_konstantin_kapitan_bagrovoi_tmy.fb2.zip</filename>
	<title>Мзареулов Константин. Капитан Багровой Тьмы</title>
</book>
<book>
	<filename>mzareulov_konstantin/mzareulov_konstantin_klyki_vselennoi.fb2.zip</filename>
	<title>Мзареулов Константин. Клыки вселенной</title>
</book>
<book>
	<filename>mzareulov_konstantin/mzareulov_konstantin_kozyrnoi_korol.fb2.zip</filename>
	<title>Мзареулов Константин. Козырной король</title>
</book>
<book>
	<filename>mzareulov_konstantin/mzareulov_konstantin_pervaya_v_novom_veke.fb2.zip</filename>
	<title>Мзареулов Константин. Первая в новом веке</title>
</book>
<book>
	<filename>mzareulov_konstantin/mzareulov_konstantin_vozvrashenie_v_polnoch.fb2.zip</filename>
	<title>Мзареулов Константин. Возвращение в Полночь</title>
</book>
<book>
	<filename>mzareulov_konstantin/mzareulov_konstantin_yekstremalnye_uslugi.fb2.zip</filename>
	<title>Мзареулов Константин. Экстремальные услуги</title>
</book>
<book>
	<filename>mzareulov_konstantin/mzareulov_konstantin_zacharovannyi_mir.fb2.zip</filename>
	<title>Мзареулов Константин. Зачарованный мир</title>
</book>
<book>
	<filename>mzareulov_konstantin/mzareulov_konstantin_zvezdnye_korsary.fb2.zip</filename>
	<title>Мзареулов Константин. Звездные корсары</title>
</book>
<book>
	<filename>mzareulov_konstantin/mzareulov_konstantin_zvyozdnyi_labirint_2.fb2.zip</filename>
	<title>Мзареулов Константин. Звёздный лабиринт — 2</title>
</book>
<book>
	<filename>mzareulov_konstantin/mzareulov_konstantin_zvyozdnyi_labirint.fb2.zip</filename>
	<title>Мзареулов Константин. Звёздный лабиринт</title>
</book>

</books>

