<?xml version="1.0" encoding="UTF-8" ?>
<books>

<book>
	<filename>maiskii_ivan/maiskii_ivan_blizkodaleko.fb2.zip</filename>
	<title>Майский Иван Михайлович. Близко-далеко</title>
</book>
<book>
	<filename>maiskii_ivan/maiskii_ivan_ispanskie_tetradi.fb2.zip</filename>
	<title>Майский Иван Михайлович. Испанские тетради</title>
</book>
<book>
	<filename>maisner_hansotto/maisner_hansotto_kto_vy_doktor_zorge.fb2.zip</filename>
	<title>Майснер Ханс-Отто. Кто Вы, доктор Зорге</title>
</book>
<book>
	<filename>maizinger_rolf/maizinger_rolf_sekret_risovalshika.fb2.zip</filename>
	<title>Майзингер Рольф. Секрет рисовальщика</title>
</book>
<book>
	<filename>makalister_hyeder/makalister_hyeder_muzyka_lyubvi.fb2.zip</filename>
	<title>Макалистер Хэдер. Музыка любви</title>
</book>
<book>
	<filename>makalister_hyeder/makalister_hyeder_trebuetsya_zhenih.fb2.zip</filename>
	<title>Макалистер Хэдер. Требуется жених</title>
</book>
<book>
	<filename>makalister_keiti/makalister_keiti_blagie_namereniya.fb2.zip</filename>
	<title>Макалистер Кейти. Благие намерения</title>
</book>
<book>
	<filename>makalister_keiti/makalister_keiti_seks_i_odinokii_vampir.fb2.zip</filename>
	<title>Макалистер Кейти. Секс и одинокий вампир</title>
</book>
<book>
	<filename>makalister_keiti/makalister_keiti_seks_lozh_i_vampiry.fb2.zip</filename>
	<title>Макалистер Кейти. Секс, ложь и вампиры</title>
</book>
<book>
	<filename>makalister_yenn/makalister_yenn_snova_vmeste.fb2.zip</filename>
	<title>Макалистер Энн. Снова вместе</title>
</book>
<book>
	<filename>makalister_yenn/makalister_yenn_v_kolce_tvoih_ruk.fb2.zip</filename>
	<title>Макалистер Энн. В кольце твоих рук</title>
</book>
<book>
	<filename>makalister_yenn/makalister_yenn_v_nyuijork_za_priklyucheniem.fb2.zip</filename>
	<title>Макалистер Энн. В Нью-Йорк за приключением</title>
</book>
<book>
	<filename>makallister_bryus/makallister_bryus_brat.fb2.zip</filename>
	<title>Макаллистер Брюс. Брат</title>
</book>
<book>
	<filename>makallister_patriciya/makallister_patriciya_gornyi_angel.fb2.zip</filename>
	<title>Макаллистер Патриция. Горный ангел</title>
</book>
<book>
	<filename>makanin_vladimir/makanin_vladimir_alla_marchenko_zapah_svoei_tropy.fb2.zip</filename>
	<title>Маканин Владимир. Алла Марченко. Запах своей тропы</title>
</book>
<book>
	<filename>makanin_vladimir/makanin_vladimir_andegraund_ili_geroi_nashego_vremeni.fb2.zip</filename>
	<title>Маканин Владимир Семенович. Андеграунд, или Герой нашего времени</title>
</book>
<book>
	<filename>makanin_vladimir/makanin_vladimir_antilider.fb2.zip</filename>
	<title>Маканин Владимир. Антилидер</title>
</book>
<book>
	<filename>makanin_vladimir/makanin_vladimir_bez_politiki.fb2.zip</filename>
	<title>Маканин Владимир Семенович. Без политики</title>
</book>
<book>
	<filename>makanin_vladimir/makanin_vladimir_borzhomi.fb2.zip</filename>
	<title>Маканин Владимир Семенович. Боржоми</title>
</book>
<book>
	<filename>makanin_vladimir/makanin_vladimir_bukva_a.fb2.zip</filename>
	<title>Маканин Владимир Семенович. Буква «А»</title>
</book>
<book>
	<filename>makanin_vladimir/makanin_vladimir_dolgozhiteli.fb2.zip</filename>
	<title>Маканин Владимир Семенович. Долгожители</title>
</book>
<book>
	<filename>makanin_vladimir/makanin_vladimir_gde_shodilos_nebo_s_holmami.fb2.zip</filename>
	<title>Маканин Владимир Семенович. Где сходилось небо с холмами</title>
</book>
<book>
	<filename>makanin_vladimir/makanin_vladimir_golosa.fb2.zip</filename>
	<title>Маканин Владимир. Голоса</title>
</book>
<book>
	<filename>makanin_vladimir/makanin_vladimir_goluboe_i_krasnoe.fb2.zip</filename>
	<title>Маканин Владимир Семенович. Голубое и красное</title>
</book>
<book>
	<filename>makanin_vladimir/makanin_vladimir_grazhdanin_ubegayushii.fb2.zip</filename>
	<title>Маканин Владимир. Гражданин убегающий</title>
</book>
<book>
	<filename>makanin_vladimir/makanin_vladimir_kavkazskii_plennyi.fb2.zip</filename>
	<title>Маканин Владимир Семенович. Кавказский пленный</title>
</book>
<book>
	<filename>makanin_vladimir/makanin_vladimir_klyucharev_i_alimushkin.fb2.zip</filename>
	<title>Маканин Владимир Семенович. Ключарев и Алимушкин</title>
</book>
<book>
	<filename>makanin_vladimir/makanin_vladimir_kosa_poka_rosa.fb2.zip</filename>
	<title>Маканин Владимир Семенович. Коса — пока роса</title>
</book>
<book>
	<filename>makanin_vladimir/makanin_vladimir_kvazi.fb2.zip</filename>
	<title>Маканин Владимир Семенович. Квази</title>
</book>
<book>
	<filename>makanin_vladimir/makanin_vladimir_laz.fb2.zip</filename>
	<title>Маканин Владимир Семенович. Лаз</title>
</book>
<book>
	<filename>makanin_vladimir/makanin_vladimir_mogli_li_demokraty_napisat_gimn.fb2.zip</filename>
	<title>Маканин Владимир Семенович. Могли ли демократы написать гимн...</title>
</book>
<book>
	<filename>makanin_vladimir/makanin_vladimir_neadekvaten.fb2.zip</filename>
	<title>Маканин Владимир Семенович. Неадекватен</title>
</book>
<book>
	<filename>makanin_vladimir/makanin_vladimir_odin_i_odna.fb2.zip</filename>
	<title>Маканин Владимир. Один и одна</title>
</book>
<book>
	<filename>makanin_vladimir/makanin_vladimir_odnodnevnaya_voina.fb2.zip</filename>
	<title>Маканин Владимир Семенович. Однодневная война</title>
</book>
<book>
	<filename>makanin_vladimir/makanin_vladimir_otdushina.fb2.zip</filename>
	<title>Маканин Владимир. Отдушина</title>
</book>
<book>
	<filename>makanin_vladimir/makanin_vladimir_otstavshii.fb2.zip</filename>
	<title>Маканин Владимир. Отставший</title>
</book>
<book>
	<filename>makanin_vladimir/makanin_vladimir_povest_o_starom_poselke.fb2.zip</filename>
	<title>Маканин Владимир Семенович. Повесть о Старом Поселке</title>
</book>
<book>
	<filename>makanin_vladimir/makanin_vladimir_predtecha.fb2.zip</filename>
	<title>Маканин Владимир. Предтеча</title>
</book>
<book>
	<filename>makanin_vladimir/makanin_vladimir_prostaya_istina.fb2.zip</filename>
	<title>Маканин Владимир Семенович. Простая истина</title>
</book>
<book>
	<filename>makanin_vladimir/makanin_vladimir_rakurs_odna_iz_vozmozhnyh_tochek_zreniya_na_nyneshnii_russkii_roman.fb2.zip</filename>
	<title>Маканин Владимир Семенович. Ракурс. Одна из возможных точек зрения на нынешний русский роман</title>
</book>
<book>
	<filename>makanin_vladimir/makanin_vladimir_stol_pokrytyi_suknom_i_s_grafinom_poseredine.fb2.zip</filename>
	<title>Маканин Владимир Семенович. Стол, покрытый сукном и с графином посередине</title>
</book>
<book>
	<filename>makanin_vladimir/makanin_vladimir_udavshiisya_rasskaz_o_lyubvi.fb2.zip</filename>
	<title>Маканин Владимир Семенович. Удавшийся рассказ о любви</title>
</book>
<book>
	<filename>makanin_vladimir/makanin_vladimir_utrata.fb2.zip</filename>
	<title>Маканин Владимир. Утрата</title>
</book>
<book>
	<filename>makanin_vladimir/makanin_vladimir_za_kogo_progolosuet_malenkii_chelovek.fb2.zip</filename>
	<title>Маканин Владимир Семенович. За кого проголосует маленький человек</title>
</book>
<book>
	<filename>makapp_kolin/makapp_kolin_kolonist.fb2.zip</filename>
	<title>Мак-Апп Колин. Колонист</title>
</book>
<book>
	<filename>makapp_kolin/makapp_kolin_taina_bessolnechnogo_mira.fb2.zip</filename>
	<title>Мак-Апп Колин. Тайна бессолнечного мира</title>
</book>
<book>
	<filename>makapp_kolin/makapp_kolin_zabyt_o_zemle.fb2.zip</filename>
	<title>Мак-Апп Колин. Забыть о Земле</title>
</book>
<book>
	<filename>makarenko_anton/makarenko_anton_flagi_na_bashnyah.fb2.zip</filename>
	<title>Макаренко Антон Семенович. Флаги на башнях</title>
</book>
<book>
	<filename>makarenko_anton/makarenko_anton_pedagogicheskaya_poyema.fb2.zip</filename>
	<title>Макаренко Антон Семенович. Педагогическая поэма</title>
</book>
<book>
	<filename>makarenkov_maksim/makarenkov_maksim_angely_krovi.fb2.zip</filename>
	<title>Макаренков Максим. Ангелы крови</title>
</book>
<book>
	<filename>makarevich_andrei/makarevich_andrei_sam_ovca.fb2.zip</filename>
	<title>Макаревич Андрей. Сам овца</title>
</book>
<book>
	<filename>makarevich_andrei/makarevich_andrei_zanimatelnaya_narkologiya.fb2.zip</filename>
	<title>Макаревич Андрей. Занимательная наркология</title>
</book>
<book>
	<filename>makarova_lyudmila/makarova_lyudmila_drugoe_utro.fb2.zip</filename>
	<title>Макарова Людмила. Другое утро</title>
</book>
<book>
	<filename>makarova_natalya/makarova_natalya_tainye_obshestva_i_sekty_kultovye_ubiicy_masony_religioznye_soyuzy_i_ordena_satanisty_i_fanatiki.fb2.zip</filename>
	<title>Макарова Наталья Ивановна. Тайные общества и секты: культовые убийцы, масоны, религиозные союзы и ордена, сатанисты и фанатики</title>
</book>
<book>
	<filename>makarov_n/makarov_n_ognennaya_rus.fb2.zip</filename>
	<title>Макаров Н. К. Огненная Русь</title>
</book>
<book>
	<filename>makarov_nikolai/makarov_nikolai_psihologicheskaya_samopodgotovka_k_rukopashnomu_boyu.fb2.zip</filename>
	<title>Макаров Николай Александрович. Психологическая самоподготовка к рукопашному бою</title>
</book>
<book>
	<filename>makarov_oleg/makarov_oleg_vratar.fb2.zip</filename>
	<title>Макаров Олег Александрович. Вратарь</title>
</book>
<book>
	<filename>makartur_maksin/makartur_maksin_vremya_budushee.fb2.zip</filename>
	<title>МакАртур Максин. Время будущее</title>
</book>
<book>
	<filename>makartur_maksin/makartur_maksin_vremya_proshedshee.fb2.zip</filename>
	<title>МакАртур Максин. Время прошедшее</title>
</book>
<book>
	<filename>makbein_lori/makbein_lori_bezumstvo_lyubvi.fb2.zip</filename>
	<title>Макбейн Лори. Безумство любви</title>
</book>
<book>
	<filename>makbein_lori/makbein_lori_dyavolskoe_zhelanie.fb2.zip</filename>
	<title>Макбейн Лори. Дьявольское желание</title>
</book>
<book>
	<filename>makbein_lori/makbein_lori_i_nikakaya_sila_v_mire.fb2.zip</filename>
	<title>Макбейн Лори. И никакая сила в мире...</title>
</book>
<book>
	<filename>makbein_lori/makbein_lori_kogda_siyanie_nishodit.fb2.zip</filename>
	<title>Макбейн Лори. Когда сияние нисходит</title>
</book>
<book>
	<filename>makbein_lori/makbein_lori_naidi_menya_lyubimyi.fb2.zip</filename>
	<title>Макбейн Лори. Найди меня, любимый</title>
</book>
<book>
	<filename>makbein_lori/makbein_lori_parus_lyubvi.fb2.zip</filename>
	<title>Макбейн Лори. Парус любви</title>
</book>
<book>
	<filename>makbein_lori/makbein_lori_tma_pered_rassvetom.fb2.zip</filename>
	<title>Макбейн Лори. Тьма перед рассветом</title>
</book>
<book>
	<filename>makbein_lori/makbein_lori_zolotye_slezy.fb2.zip</filename>
	<title>Макбейн Лори. Золотые слезы</title>
</book>
<book>
	<filename>makbein_skott/makbein_skott_srebreniki_iudy.fb2.zip</filename>
	<title>Макбейн Скотт. Сребреники Иуды</title>
</book>
<book>
	<filename>makbein_yed/makbein_yed_beglec.fb2.zip</filename>
	<title>Макбейн Эд. Беглец</title>
</book>
<book>
	<filename>makbein_yed/makbein_yed_budni.fb2.zip</filename>
	<title>Макбейн Эд. Будни</title>
</book>
<book>
	<filename>makbein_yed/makbein_yed_chasovye_svobody.fb2.zip</filename>
	<title>Макбейн Эд. Часовые свободы</title>
</book>
<book>
	<filename>makbein_yed/makbein_yed_delo_po_obvineniyu.fb2.zip</filename>
	<title>Макбейн Эд. Дело по обвинению</title>
</book>
<book>
	<filename>makbein_yed/makbein_yed_delo_principa.fb2.zip</filename>
	<title>Макбейн Эд. Дело принципа</title>
</book>
<book>
	<filename>makbein_yed/makbein_yed_desyat_plyus_odin.fb2.zip</filename>
	<title>Макбейн Эд. Десять плюс один</title>
</book>
<book>
	<filename>makbein_yed/makbein_yed_deti_dzhunglei.fb2.zip</filename>
	<title>Макбейн Эд. Дети джунглей</title>
</book>
<book>
	<filename>makbein_yed/makbein_yed_dityaubiica.fb2.zip</filename>
	<title>Макбейн Эд. Дитя-убийца</title>
</book>
<book>
	<filename>makbein_yed/makbein_yed_dobryi_i_mertvyi.fb2.zip</filename>
	<title>Макбейн Эд. Добрый и мертвый</title>
</book>
<book>
	<filename>makbein_yed/makbein_yed_do_samoi_smerti.fb2.zip</filename>
	<title>Макбейн Эд. До самой смерти...</title>
</book>
<book>
	<filename>makbein_yed/makbein_yed_golova_loshadi.fb2.zip</filename>
	<title>Макбейн Эд. Голова лошади</title>
</book>
<book>
	<filename>makbein_yed/makbein_yed_golovolomka.fb2.zip</filename>
	<title>Макбейн Эд. Головоломка</title>
</book>
<book>
	<filename>makbein_yed/makbein_yed_grabitel.fb2.zip</filename>
	<title>Макбейн Эд. Грабитель</title>
</book>
<book>
	<filename>makbein_yed/makbein_yed_hohmach.fb2.zip</filename>
	<title>Макбейн Эд. Хохмач</title>
</book>
<book>
	<filename>makbein_yed/makbein_yed_kolybelnaya.fb2.zip</filename>
	<title>Макбейн Эд. Колыбельная</title>
</book>
<book>
	<filename>makbein_yed/makbein_yed_korolevskaya_gvardiya.fb2.zip</filename>
	<title>Макбейн Эд. Королевская гвардия</title>
</book>
<book>
	<filename>makbein_yed/makbein_yed_kozel_otpusheniya.fb2.zip</filename>
	<title>Макбейн Эд. Козел отпущения</title>
</book>
<book>
	<filename>makbein_yed/makbein_yed_krasavica_i_chudovishe.fb2.zip</filename>
	<title>Макбейн Эд. Красавица и чудовище</title>
</book>
<book>
	<filename>makbein_yed/makbein_yed_kukla.fb2.zip</filename>
	<title>Макбейн Эд. Кукла</title>
</book>
<book>
	<filename>makbein_yed/makbein_yed_kukolka.fb2.zip</filename>
	<title>Макбейн Эд. Куколка</title>
</book>
<book>
	<filename>makbein_yed/makbein_yed_ledi_ledi_yeto_ya.fb2.zip</filename>
	<title>Макбейн Эд. Леди, леди, это я!</title>
</book>
<book>
	<filename>makbein_yed/makbein_yed_legavye.fb2.zip</filename>
	<title>Макбейн Эд. Легавые</title>
</book>
<book>
	<filename>makbein_yed/makbein_yed_lyod.fb2.zip</filename>
	<title>Макбейн Эд. Лёд</title>
</book>
<book>
	<filename>makbein_yed/makbein_yed_malenkii_plut_i_nyanya.fb2.zip</filename>
	<title>Макбейн Эд. Маленький плут и няня</title>
</book>
<book>
	<filename>makbein_yed/makbein_yed_malenkoe_ubiistvo.fb2.zip</filename>
	<title>Макбейн Эд. «Маленькое» убийство</title>
</book>
<book>
	<filename>makbein_yed/makbein_yed_mertvye_ne_grezyat.fb2.zip</filename>
	<title>Макбейн Эд. Мертвые не грезят</title>
</book>
<book>
	<filename>makbein_yed/makbein_yed_moshennik.fb2.zip</filename>
	<title>Макбейн Эд. Мошенник</title>
</book>
<book>
	<filename>makbein_yed/makbein_yed_moya_smert.fb2.zip</filename>
	<title>Макбейн Эд. Моя смерть</title>
</book>
<book>
	<filename>makbein_yed/makbein_yed_na_glazah_u_soroka_millionov.fb2.zip</filename>
	<title>Макбейн Эд. На глазах у сорока миллионов</title>
</book>
<book>
	<filename>makbein_yed/makbein_yed_nenavidyashii_policeiskih.fb2.zip</filename>
	<title>Макбейн Эд. Ненавидящий полицейских</title>
</book>
<book>
	<filename>makbein_yed/makbein_yed_nochnye_koshmary.fb2.zip</filename>
	<title>Макбейн Эд. Ночные кошмары</title>
</book>
<book>
	<filename>makbein_yed/makbein_yed_oni_dolzhny_umerert.fb2.zip</filename>
	<title>Макбейн Эд. Они должны умерерть</title>
</book>
<book>
	<filename>makbein_yed/makbein_yed_otrava.fb2.zip</filename>
	<title>Макбейн Эд. Отрава</title>
</book>
<book>
	<filename>makbein_yed/makbein_yed_ozorstvo.fb2.zip</filename>
	<title>Макбейн Эд. Озорство</title>
</book>
<book>
	<filename>makbein_yed/makbein_yed_padayushii_angel.fb2.zip</filename>
	<title>Макбейн Эд. Падающий ангел</title>
</book>
<book>
	<filename>makbein_yed/makbein_yed_plata_za_ubiistvo.fb2.zip</filename>
	<title>Макбейн Эд. Плата за убийство</title>
</book>
<book>
	<filename>makbein_yed/makbein_yed_pocelui.fb2.zip</filename>
	<title>Макбейн Эд. Поцелуй</title>
</book>
<book>
	<filename>makbein_yed/makbein_yed_pokushenie_na_ledi.fb2.zip</filename>
	<title>Макбейн Эд. Покушение на леди</title>
</book>
<book>
	<filename>makbein_yed/makbein_yed_porochnyi_krug.fb2.zip</filename>
	<title>Макбейн Эд. Порочный круг</title>
</book>
<book>
	<filename>makbein_yed/makbein_yed_poslushaem_za_gluhogo.fb2.zip</filename>
	<title>Макбейн Эд. Послушаем за Глухого</title>
</book>
<book>
	<filename>makbein_yed/makbein_yed_posmotret_kak_on_umret.fb2.zip</filename>
	<title>Макбейн Эд. Посмотреть, как он умрет</title>
</book>
<book>
	<filename>makbein_yed/makbein_yed_predrassvetnyi_chas_sbornik.fb2.zip</filename>
	<title>Макбейн Эд. Предрассветный час (сборник)</title>
</book>
<book>
	<filename>makbein_yed/makbein_yed_presledovatel.fb2.zip</filename>
	<title>Макбейн Эд. Преследователь</title>
</book>
<book>
	<filename>makbein_yed/makbein_yed_prestupnaya_svyaz.fb2.zip</filename>
	<title>Макбейн Эд. Преступная связь</title>
</book>
<book>
	<filename>makbein_yed/makbein_yed_protyani_rebyatam_ruku.fb2.zip</filename>
	<title>Макбейн Эд. Протяни ребятам руку</title>
</book>
<book>
	<filename>makbein_yed/makbein_yed_rumpelshtilchen.fb2.zip</filename>
	<title>Макбейн Эд. Румпельштильцхен</title>
</book>
<book>
	<filename>makbein_yed/makbein_yed_ruzhe.fb2.zip</filename>
	<title>Макбейн Эд. Ружье</title>
</book>
<book>
	<filename>makbein_yed/makbein_yed_slomat_stenu.fb2.zip</filename>
	<title>Макбейн Эд. Сломать стену</title>
</book>
<book>
	<filename>makbein_yed/makbein_yed_smert_po_hodu_pesy.fb2.zip</filename>
	<title>Макбейн Эд. Смерть по ходу пьесы</title>
</book>
<book>
	<filename>makbein_yed/makbein_yed_sposob_ubiistva.fb2.zip</filename>
	<title>Макбейн Эд. Способ убийства</title>
</book>
<book>
	<filename>makbein_yed/makbein_yed_syedi_posle_smerti.fb2.zip</filename>
	<title>Макбейн Эд. Сэди после смерти</title>
</book>
<book>
	<filename>makbein_yed/makbein_yed_takova_lyubov.fb2.zip</filename>
	<title>Макбейн Эд. Такова любовь</title>
</book>
<book>
	<filename>makbein_yed/makbein_yed_tolkach.fb2.zip</filename>
	<title>Макбейн Эд. Толкач</title>
</book>
<book>
	<filename>makbein_yed/makbein_yed_topor.fb2.zip</filename>
	<title>Макбейн Эд. Топор</title>
</book>
<book>
	<filename>makbein_yed/makbein_yed_tot_kotoryi_kolebletsya.fb2.zip</filename>
	<title>Макбейн Эд. Тот, который колеблется</title>
</book>
<book>
	<filename>makbein_yed/makbein_yed_tvoya_ochered.fb2.zip</filename>
	<title>Макбейн Эд. Твоя очередь!</title>
</book>
<book>
	<filename>makbein_yed/makbein_yed_udar_molnii.fb2.zip</filename>
	<title>Макбейн Эд. Удар молнии</title>
</book>
<book>
	<filename>makbein_yed/makbein_yed_umri_s_yetim.fb2.zip</filename>
	<title>Макбейн Эд. Умри с этим</title>
</book>
<book>
	<filename>makbein_yed/makbein_yed_valentinov_den.fb2.zip</filename>
	<title>Макбейн Эд. Валентинов день</title>
</book>
<book>
	<filename>makbein_yed/makbein_yed_vdovy.fb2.zip</filename>
	<title>Макбейн Эд. Вдовы</title>
</book>
<book>
	<filename>makbein_yed/makbein_yed_vechernya.fb2.zip</filename>
	<title>Макбейн Эд. Вечерня</title>
</book>
<book>
	<filename>makbein_yed/makbein_yed_v_lyuboe_vremya_mogu_brosit.fb2.zip</filename>
	<title>Макбейн Эд. В любое время могу бросить...</title>
</book>
<book>
	<filename>makbein_yed/makbein_yed_vybor_ubiicy.fb2.zip</filename>
	<title>Макбейн Эд. Выбор убийцы</title>
</book>
<book>
	<filename>makbein_yed/makbein_yed_vykup.fb2.zip</filename>
	<title>Макбейн Эд. Выкуп</title>
</book>
<book>
	<filename>makbein_yed/makbein_yed_yepidemiya.fb2.zip</filename>
	<title>Макбейн Эд. Эпидемия</title>
</book>
<book>
	<filename>makbein_yed/makbein_yed_zhara.fb2.zip</filename>
	<title>Макбейн Эд. Жара</title>
</book>
<book>
	<filename>makbein_yed/makbein_yed_zlatovlaska.fb2.zip</filename>
	<title>Макбейн Эд. Златовласка</title>
</book>
<book>
	<filename>makbraid_dzhul/makbraid_dzhul_zakoldovannaya_lyubov.fb2.zip</filename>
	<title>Макбрайд Джул. Заколдованная любовь</title>
</book>
<book>
	<filename>makbraid_myeri/makbraid_myeri_struny_serdca.fb2.zip</filename>
	<title>Макбрайд Мэри. Струны сердца</title>
</book>
<book>
	<filename>makdaniel_silviya/makdaniel_silviya_magiya_zvezd.fb2.zip</filename>
	<title>Макданиел Сильвия. Магия звезд</title>
</book>
<book>
	<filename>makdermid_vyel/makdermid_vyel_bolshoi_otkat.fb2.zip</filename>
	<title>Макдермид Вэл. Большой откат</title>
</book>
<book>
	<filename>makdermid_vyel/makdermid_vyel_ohota_za_tenyami.fb2.zip</filename>
	<title>Макдермид Вэл. Охота за тенями</title>
</book>
<book>
	<filename>makdermid_vyel/makdermid_vyel_pesni_siren.fb2.zip</filename>
	<title>Макдермид Вэл. Песни сирен</title>
</book>
<book>
	<filename>makdermid_vyel/makdermid_vyel_reportazh_ob_ubiistve.fb2.zip</filename>
	<title>Макдермид Вэл. Репортаж об убийстве</title>
</book>
<book>
	<filename>makdermid_vyel/makdermid_vyel_tugaya_struna.fb2.zip</filename>
	<title>Макдермид Вэл. Тугая струна</title>
</book>
<book>
	<filename>makdermid_vyel/makdermid_vyel_ubiistvennyi_ritm.fb2.zip</filename>
	<title>Макдермид Вэл. Убийственный ритм</title>
</book>
<book>
	<filename>makdevit_dzhek/makdevit_dzhek_bereg_beskonechnosti.fb2.zip</filename>
	<title>Макдевит Джек. Берег бесконечности</title>
</book>
<book>
	<filename>makdevit_dzhek/makdevit_dzhek_dvigateli_boga.fb2.zip</filename>
	<title>Макдевит Джек. Двигатели Бога</title>
</book>
<book>
	<filename>makdevit_dzhek/makdevit_dzhek_omega.fb2.zip</filename>
	<title>Макдевит Джек. Омега</title>
</book>
<book>
	<filename>makdevit_dzhek/makdevit_dzhek_voennyi_talant.fb2.zip</filename>
	<title>Макдевит Джек. Военный талант</title>
</book>
<book>
	<filename>makdevit_dzhek/makdevit_dzhek_zvezdnyi_portal.fb2.zip</filename>
	<title>Макдевит Джек. Звездный Портал</title>
</book>
<book>
	<filename>makdonah_martin/makdonah_martin_chelovekpodushka.fb2.zip</filename>
	<title>Макдонах Мартин. Человек-подушка</title>
</book>
<book>
	<filename>makdonah_martin/makdonah_martin_koroleva_krasoty.fb2.zip</filename>
	<title>Макдонах Мартин. Королева красоты</title>
</book>
<book>
	<filename>makdonah_martin/makdonah_martin_leitenant_s_ostrova_inishmor.fb2.zip</filename>
	<title>Макдонах Мартин. Лейтенант с острова Инишмор</title>
</book>
<book>
	<filename>makdonah_martin/makdonah_martin_sirotlivyi_zapad.fb2.zip</filename>
	<title>Макдонах Мартин. Сиротливый запад</title>
</book>
<book>
	<filename>makdonald_dzhon/makdonald_dzhon_bal_v_nebesah.fb2.zip</filename>
	<title>Макдональд Джон Д. Бал в небесах</title>
</book>
<book>
	<filename>makdonald_dzhon/makdonald_dzhon_biryuzovaya_trizna.fb2.zip</filename>
	<title>Макдональд Джон Д. Бирюзовая тризна</title>
</book>
<book>
	<filename>makdonald_dzhon/makdonald_dzhon_blednoseraya_shkura_vinovatogo.fb2.zip</filename>
	<title>Макдональд Джон Д. Бледно-серая шкура виноватого</title>
</book>
<book>
	<filename>makdonald_dzhon/makdonald_dzhon_blednoseraya_shkura_vinovnogo.fb2.zip</filename>
	<title>Макдональд Джон Д. Бледно-серая шкура виновного</title>
</book>
<book>
	<filename>makdonald_dzhon/makdonald_dzhon_devushka_zolotye_chasy_i_vse_ostalnoe.fb2.zip</filename>
	<title>Макдональд Джон Д. Девушка, золотые часы и все остальное</title>
</book>
<book>
	<filename>makdonald_dzhon/makdonald_dzhon_iskushenie.fb2.zip</filename>
	<title>Макдональд Джон Д. Искушение</title>
</book>
<book>
	<filename>makdonald_dzhon/makdonald_dzhon_konec_tmy_kapkan_na_volchyu_stayu.fb2.zip</filename>
	<title>Макдональд Джон Д. Конец тьмы (Капкан на 'Волчью стаю')</title>
</book>
<book>
	<filename>makdonald_dzhon/makdonald_dzhon_legkaya_nazhiva.fb2.zip</filename>
	<title>Макдональд Джон Д. Легкая нажива</title>
</book>
<book>
	<filename>makdonald_dzhon/makdonald_dzhon_menya_ostavili_v_zhivyh.fb2.zip</filename>
	<title>Макдональд Джон Д. Меня оставили в живых</title>
</book>
<book>
	<filename>makdonald_dzhon/makdonald_dzhon_mest_v_korichnevoi_bumage.fb2.zip</filename>
	<title>Макдональд Джон Д. Месть в коричневой бумаге</title>
</book>
<book>
	<filename>makdonald_dzhon/makdonald_dzhon_mys_ctraha.fb2.zip</filename>
	<title>Макдональд Джон Д. Мыс cтраха</title>
</book>
<book>
	<filename>makdonald_dzhon/makdonald_dzhon_mys_straha.fb2.zip</filename>
	<title>Макдональд Джон Д. Мыс страха</title>
</book>
<book>
	<filename>makdonald_dzhon/makdonald_dzhon_neonovye_dzhungli.fb2.zip</filename>
	<title>Макдональд Джон Д. Неоновые джунгли</title>
</book>
<book>
	<filename>makdonald_dzhon/makdonald_dzhon_ne_sudi_menya.fb2.zip</filename>
	<title>Макдональд Джон Д. Не суди меня</title>
</book>
<book>
	<filename>makdonald_dzhon/makdonald_dzhon_obrechennye.fb2.zip</filename>
	<title>Макдональд Джон Д. Обреченные</title>
</book>
<book>
	<filename>makdonald_dzhon/makdonald_dzhon_oranzhevyi_dlya_savana.fb2.zip</filename>
	<title>Макдональд Джон Д. Оранжевый для савана</title>
</book>
<book>
	<filename>makdonald_dzhon/makdonald_dzhon_ostavshiisya_v_zhivyh_menya_ostavili_v_zhivyh.fb2.zip</filename>
	<title>Макдональд Джон Д. Оставшийся в живых [Меня оставили в живых]</title>
</book>
<book>
	<filename>makdonald_dzhon/makdonald_dzhon_pulya_dlya_zolushki.fb2.zip</filename>
	<title>Макдональд Джон Д. Пуля для Золушки</title>
</book>
<book>
	<filename>makdonald_dzhon/makdonald_dzhon_rasstavanie_v_golubom.fb2.zip</filename>
	<title>Макдональд Джон Д. Расставание в голубом</title>
</book>
<book>
	<filename>makdonald_dzhon/makdonald_dzhon_shustraya_ryzhaya_lisica.fb2.zip</filename>
	<title>Макдональд Джон Д. Шустрая рыжая лисица</title>
</book>
<book>
	<filename>makdonald_dzhon/makdonald_dzhon_sled_tigra.fb2.zip</filename>
	<title>Макдональд Джон Д. След тигра</title>
</book>
<book>
	<filename>makdonald_dzhon/makdonald_dzhon_smertelnyi_blesk_zolota.fb2.zip</filename>
	<title>Макдональд Джон Д. Смертельный блеск золота</title>
</book>
<book>
	<filename>makdonald_dzhon/makdonald_dzhon_smert_v_purpurnom_krayu.fb2.zip</filename>
	<title>Макдональд Джон Д. Смерть в пурпурном краю</title>
</book>
<book>
	<filename>makdonald_dzhon/makdonald_dzhon_utoplennica.fb2.zip</filename>
	<title>Макдональд Джон Д. Утопленница</title>
</book>
<book>
	<filename>makdonald_dzhon/makdonald_dzhon_uzhin_so_smertelnym_ishodom.fb2.zip</filename>
	<title>Макдональд Джон Д. Ужин со смертельным исходом</title>
</book>
<book>
	<filename>makdonald_dzhon/makdonald_dzhon_vino_grez.fb2.zip</filename>
	<title>Макдональд Джон. Вино грез</title>
</book>
<book>
	<filename>makdonald_dzhon/makdonald_dzhon_v_plenu_podozrenii.fb2.zip</filename>
	<title>Макдональд Джон Д. В плену подозрений</title>
</book>
<book>
	<filename>makdonald_dzhordzh/makdonald_dzhordzh_lilit.fb2.zip</filename>
	<title>МакДональд Джордж. Лилит</title>
</book>
<book>
	<filename>makdonald_gregori/makdonald_gregori_eshe_fletch.fb2.zip</filename>
	<title>Макдональд Грегори. Еще Флетч?</title>
</book>
<book>
	<filename>makdonald_gregori/makdonald_gregori_fletch.fb2.zip</filename>
	<title>Макдональд Грегори. Флетч</title>
</book>
<book>
	<filename>makdonald_gregori/makdonald_gregori_fletch_i_moksi.fb2.zip</filename>
	<title>Макдональд Грегори. Флетч и Мокси</title>
</book>
<book>
	<filename>makdonald_gregori/makdonald_gregori_fletch_i_vdova_bredli.fb2.zip</filename>
	<title>Макдональд Грегори. Флетч и вдова Бредли</title>
</book>
<book>
	<filename>makdonald_gregori/makdonald_gregori_fletch_v_zazerkale.fb2.zip</filename>
	<title>Макдональд Грегори. Флетч в Зазеркалье</title>
</book>
<book>
	<filename>makdonald_gregori/makdonald_gregori_karnaval_fletcha.fb2.zip</filename>
	<title>Макдональд Грегори. Карнавал Флетча</title>
</book>
<book>
	<filename>makdonald_gregori/makdonald_gregori_pervoe_delo_fletcha.fb2.zip</filename>
	<title>Макдональд Грегори. Первое дело Флетча</title>
</book>
<book>
	<filename>makdonald_gregori/makdonald_gregori_soznavaites_fletch.fb2.zip</filename>
	<title>Макдональд Грегори. Сознавайтесь, Флетч!</title>
</book>
<book>
	<filename>makdonald_gregori/makdonald_gregori_syn_fletcha.fb2.zip</filename>
	<title>Макдональд Грегори. Сын Флетча</title>
</book>
<book>
	<filename>makdonald_gregori/makdonald_gregori_vybor_fletcha.fb2.zip</filename>
	<title>Макдональд Грегори. Выбор Флетча</title>
</book>
<book>
	<filename>makdonald_gregori/makdonald_gregori_zhrebii_fletcha.fb2.zip</filename>
	<title>Макдональд Грегори. Жребий Флетча</title>
</book>
<book>
	<filename>makdonald_ijen/makdonald_ijen_istoriya_tendeleo.fb2.zip</filename>
	<title>Макдональд Йен. История Тенделео</title>
</book>
<book>
	<filename>makdonald_ijen/makdonald_ijen_kamen_nozhnicy_bumaga.fb2.zip</filename>
	<title>Макдональд Йен. Камень, ножницы, бумага</title>
</book>
<book>
	<filename>makdonald_ijen/makdonald_ijen_noch_vseh_mertvecov.fb2.zip</filename>
	<title>Макдональд Йен. Ночь всех мертвецов</title>
</book>
<book>
	<filename>makdonald_ijen/makdonald_ijen_reka_bogov.fb2.zip</filename>
	<title>Макдональд Йен. Река Богов</title>
</book>
<book>
	<filename>makdonald_ross/makdonald_ross_beda_idet_po_sledu.fb2.zip</filename>
	<title>Макдональд Росс. Беда идет по следу</title>
</book>
<book>
	<filename>makdonald_ross/makdonald_ross_beda_presleduet_menya.fb2.zip</filename>
	<title>Макдональд Росс. Беда преследует меня</title>
</book>
<book>
	<filename>makdonald_ross/makdonald_ross_borodataya_ledi.fb2.zip</filename>
	<title>Макдональд Росс. Бородатая леди</title>
</book>
<book>
	<filename>makdonald_ross/makdonald_ross_chelovek_izpod_zemli.fb2.zip</filename>
	<title>Макдональд Росс. Человек из-под земли</title>
</book>
<book>
	<filename>makdonald_ross/makdonald_ross_chernye_dengi.fb2.zip</filename>
	<title>Макдональд Росс. Черные деньги</title>
</book>
<book>
	<filename>makdonald_ross/makdonald_ross_delo_fergyusona.fb2.zip</filename>
	<title>Макдональд Росс. Дело Фергюсона</title>
</book>
<book>
	<filename>makdonald_ross/makdonald_ross_delo_gyeltona.fb2.zip</filename>
	<title>Макдональд Росс. Дело Гэлтона</title>
</book>
<book>
	<filename>makdonald_ross/makdonald_ross_delo_uicherli.fb2.zip</filename>
	<title>Макдональд Росс. Дело Уичерли</title>
</book>
<book>
	<filename>makdonald_ross/makdonald_ross_drugaya_storona_dollara.fb2.zip</filename>
	<title>Макдональд Росс. Другая сторона доллара</title>
</book>
<book>
	<filename>makdonald_ross/makdonald_ross_durnaya_privychka.fb2.zip</filename>
	<title>Макдональд Росс. Дурная привычка</title>
</book>
<book>
	<filename>makdonald_ross/makdonald_ross_goluboi_molotochek.fb2.zip</filename>
	<title>Макдональд Росс. Голубой молоточек</title>
</book>
<book>
	<filename>makdonald_ross/makdonald_ross_holod_smerti.fb2.zip</filename>
	<title>Макдональд Росс. Холод смерти</title>
</book>
<book>
	<filename>makdonald_ross/makdonald_ross_ishite_zhenshinu.fb2.zip</filename>
	<title>Макдональд Росс. Ищите женщину</title>
</book>
<book>
	<filename>makdonald_ross/makdonald_ross_korrumpirovannyi_gorod.fb2.zip</filename>
	<title>Макдональд Росс. Коррумпированный город</title>
</book>
<book>
	<filename>makdonald_ross/makdonald_ross_krovavyi_sled_na_peske.fb2.zip</filename>
	<title>Макдональд Росс. Кровавый след на песке</title>
</book>
<book>
	<filename>makdonald_ross/makdonald_ross_naiti_zhertvu.fb2.zip</filename>
	<title>Макдональд Росс. Найти жертву</title>
</book>
<book>
	<filename>makdonald_ross/makdonald_ross_nasmeshlivyi_lik_smerti.fb2.zip</filename>
	<title>Макдональд Росс. Насмешливый лик Смерти</title>
</book>
<book>
	<filename>makdonald_ross/makdonald_ross_ne_budi_liho_poka_ono_tiho.fb2.zip</filename>
	<title>Макдональд Росс. Не буди лихо пока оно тихо</title>
</book>
<book>
	<filename>makdonald_ross/makdonald_ross_neukrotimyi_vrag.fb2.zip</filename>
	<title>Макдональд Росс. Неукротимый враг</title>
</book>
<book>
	<filename>makdonald_ross/makdonald_ross_obrekayu_na_smert.fb2.zip</filename>
	<title>Макдональд Росс. Обрекаю на смерть</title>
</book>
<book>
	<filename>makdonald_ross/makdonald_ross_omut.fb2.zip</filename>
	<title>Макдональд Росс. Омут</title>
</book>
<book>
	<filename>makdonald_ross/makdonald_ross_oslepitelnyi_oskal.fb2.zip</filename>
	<title>Макдональд Росс. Ослепительный оскал</title>
</book>
<book>
	<filename>makdonald_ross/makdonald_ross_polosatyi_katafalk.fb2.zip</filename>
	<title>Макдональд Росс. Полосатый катафалк</title>
</book>
<book>
	<filename>makdonald_ross/makdonald_ross_propavshaya_devushka.fb2.zip</filename>
	<title>Макдональд Росс. Пропавшая девушка</title>
</book>
<book>
	<filename>makdonald_ross/makdonald_ross_proshalnyi_vzglyad.fb2.zip</filename>
	<title>Макдональд Росс. Прощальный взгляд</title>
</book>
<book>
	<filename>makdonald_ross/makdonald_ross_pustaya_zateya.fb2.zip</filename>
	<title>Макдональд Росс. Пустая затея</title>
</book>
<book>
	<filename>makdonald_ross/makdonald_ross_samoubiistvo.fb2.zip</filename>
	<title>Макдональд Росс. Самоубийство</title>
</book>
<book>
	<filename>makdonald_ross/makdonald_ross_smert_na_vybor.fb2.zip</filename>
	<title>Макдональд Росс. Смерть на выбор</title>
</book>
<book>
	<filename>makdonald_ross/makdonald_ross_spyashaya_krasavica.fb2.zip</filename>
	<title>Макдональд Росс. Спящая красавица</title>
</book>
<book>
	<filename>makdonald_ross/makdonald_ross_tri_dorogi.fb2.zip</filename>
	<title>Макдональд Росс. Три дороги</title>
</book>
<book>
	<filename>makdonald_ross/makdonald_ross_vse_my_bednye_bozhi_tvari.fb2.zip</filename>
	<title>Макдональд Росс. Все мы бедные Божьи твари</title>
</book>
<book>
	<filename>makdonald_ross/makdonald_ross_vstretimsya_v_morge_ispytanie_zlom.fb2.zip</filename>
	<title>Макдональд Росс. Встретимся в морге (Испытание злом)</title>
</book>
<book>
	<filename>makdonald_ross/makdonald_ross_zhivaya_mishen.fb2.zip</filename>
	<title>Макдональд Росс. Живая мишень</title>
</book>
<book>
	<filename>makdonald_ross/makdonald_ross_zolotistaya_blondinka.fb2.zip</filename>
	<title>Макдональд Росс. Золотистая блондинка</title>
</book>

</books>

