<?xml version="1.0" encoding="UTF-8" ?>
<books>
<book>
	<filename>mak_doroti/mak_doroti_pritvorshica_vdova.fb2.zip</filename>
	<title>Мак Дороти. Притворщица Вдова</title>
</book>
<book>
	<filename>mak_doroti/mak_doroti_vremennaya_pomolvka.fb2.zip</filename>
	<title>Мак Дороти. Временная помолвка</title>
</book>
<book>
	<filename>makeev_aleksei/makeev_aleksei_grossmeister_syska.fb2.zip</filename>
	<title>Макеев Алексей. Гроссмейстер сыска</title>
</book>
<book>
	<filename>makeev_aleksei/makeev_aleksei_kapitan_piratskogo_briga.fb2.zip</filename>
	<title>Макеев Алексей. Капитан пиратского брига</title>
</book>
<book>
	<filename>makeev_aleksei/makeev_aleksei_koldovskaya_lyubov.fb2.zip</filename>
	<title>Макеев Алексей. Колдовская любовь</title>
</book>
<book>
	<filename>makeev_aleksei/makeev_aleksei_kremlevskii_tuz.fb2.zip</filename>
	<title>Макеев Алексей. Кремлевский туз</title>
</book>
<book>
	<filename>makeev_aleksei/makeev_aleksei_lekarstvo_ot_zhizni.fb2.zip</filename>
	<title>Макеев Алексей. Лекарство от жизни</title>
</book>
<book>
	<filename>makeev_aleksei/makeev_aleksei_lichnoe_delo_syshika.fb2.zip</filename>
	<title>Макеев Алексей. Личное дело сыщика</title>
</book>
<book>
	<filename>makeev_aleksei/makeev_aleksei_materyi_ment.fb2.zip</filename>
	<title>Макеев Алексей. Матерый мент</title>
</book>
<book>
	<filename>makeev_aleksei/makeev_aleksei_medvezhii_ugol.fb2.zip</filename>
	<title>Макеев Алексей. Медвежий угол</title>
</book>
<book>
	<filename>makeev_aleksei/makeev_aleksei_melochi_syska.fb2.zip</filename>
	<title>Макеев Алексей. Мелочи сыска</title>
</book>
<book>
	<filename>makeev_aleksei/makeev_aleksei_mentovskaya_krysha.fb2.zip</filename>
	<title>Макеев Алексей. Ментовская крыша</title>
</book>
<book>
	<filename>makeev_aleksei/makeev_aleksei_muzhskoe_delo.fb2.zip</filename>
	<title>Макеев Алексей. Мужское дело</title>
</book>
<book>
	<filename>makeev_aleksei/makeev_aleksei_nezakonchennoe_delo.fb2.zip</filename>
	<title>Макеев Алексей. Незаконченное дело</title>
</book>
<book>
	<filename>makeev_aleksei/makeev_aleksei_osobo_vazhnoe_delo.fb2.zip</filename>
	<title>Макеев Алексей. Особо важное дело</title>
</book>
<book>
	<filename>makeev_aleksei/makeev_aleksei_pervaya_mishen.fb2.zip</filename>
	<title>Макеев Алексей. Первая мишень</title>
</book>
<book>
	<filename>makeev_aleksei/makeev_aleksei_plata_za_vsedozvolennost.fb2.zip</filename>
	<title>Макеев Алексей. Плата за вседозволенность</title>
</book>
<book>
	<filename>makeev_aleksei/makeev_aleksei_polkovniki_iz_mura.fb2.zip</filename>
	<title>Макеев Алексей. Полковники из МУРа</title>
</book>
<book>
	<filename>makeev_aleksei/makeev_aleksei_pominki_po_noyabryu.fb2.zip</filename>
	<title>Макеев Алексей. Поминки по ноябрю</title>
</book>
<book>
	<filename>makeev_aleksei/makeev_aleksei_poteryannyi_rodstvennik.fb2.zip</filename>
	<title>Макеев Алексей. Потерянный родственник</title>
</book>
<book>
	<filename>makeev_aleksei/makeev_aleksei_ruki_vverh_general.fb2.zip</filename>
	<title>Макеев Алексей. Руки вверх, генерал!</title>
</book>
<book>
	<filename>makeev_aleksei/makeev_aleksei_teatr_odnogo_ubiicy.fb2.zip</filename>
	<title>Макеев Алексей. Театр одного убийцы</title>
</book>
<book>
	<filename>makeev_aleksei/makeev_aleksei_yeho_defolta.fb2.zip</filename>
	<title>Макеев Алексей. Эхо дефолта</title>
</book>
<book>
	<filename>makfazer_nelli/makfazer_nelli_slezy_ognya.fb2.zip</filename>
	<title>Макфазер Нелли. Слезы огня</title>
</book>
<book>
	<filename>makfazer_nelli/makfazer_nelli_zaklyate_luny.fb2.zip</filename>
	<title>Макфазер Нелли. Заклятье луны</title>
</book>
<book>
	<filename>makgil_gordon/makgil_gordon_omen_armageddon_2000.fb2.zip</filename>
	<title>Макгил Гордон. Омен. Армагеддон 2000</title>
</book>
<book>
	<filename>makgil_gordon/makgil_gordon_omen_konec_chernoi_zvezdy.fb2.zip</filename>
	<title>Макгил Гордон. Омен. Конец Черной звезды</title>
</book>
<book>
	<filename>makgil_gordon/makgil_gordon_poslednyaya_bitva.fb2.zip</filename>
	<title>Макгил Гордон. Последняя битва</title>
</book>
<book>
	<filename>makgillivrei_debora/makgillivrei_debora_myatezhnyi_rycar.fb2.zip</filename>
	<title>Макгилливрей Дебора. Мятежный рыцарь</title>
</book>
<book>
	<filename>makgillivrei_debora/makgillivrei_debora_v_ee_posteli.fb2.zip</filename>
	<title>Макгилливрей Дебора. В ее постели</title>
</book>
<book>
	<filename>makginnes_myeri/makginnes_myeri_sotki_mne_mechtu.fb2.zip</filename>
	<title>Макгиннес Мэри. Сотки мне мечту</title>
</book>
<book>
	<filename>makgoldrik_myei/makgoldrik_myei_buntarka.fb2.zip</filename>
	<title>Макголдрик Мэй. Бунтарка</title>
</book>
<book>
	<filename>makgoldrik_myei/makgoldrik_myei_kolco_s_izumrudom.fb2.zip</filename>
	<title>Макголдрик Мэй. Кольцо с изумрудом</title>
</book>
<book>
	<filename>makgoldrik_myei/makgoldrik_myei_korolevabeglyanka.fb2.zip</filename>
	<title>Макголдрик Мэй. Королева-беглянка</title>
</book>
<book>
	<filename>makgoldrik_myei/makgoldrik_myei_nevernyi_zhenih.fb2.zip</filename>
	<title>Макголдрик Мэй. Неверный жених</title>
</book>
<book>
	<filename>makgoldrik_myei/makgoldrik_myei_obeshanie.fb2.zip</filename>
	<title>Макголдрик Мэй. Обещание</title>
</book>
<book>
	<filename>makgoldrik_myei/makgoldrik_myei_obretennaya_mechta.fb2.zip</filename>
	<title>Макголдрик Мэй. Обретенная мечта</title>
</book>
<book>
	<filename>makgoldrik_myei/makgoldrik_myei_plamya.fb2.zip</filename>
	<title>Макголдрик Мэй. Пламя</title>
</book>
<book>
	<filename>makgoldrik_myei/makgoldrik_myei_pylkie_mechty.fb2.zip</filename>
	<title>Макголдрик Мэй. Пылкие мечты</title>
</book>
<book>
	<filename>makgoldrik_myei/makgoldrik_myei_s_toboi_moi_mechty.fb2.zip</filename>
	<title>Макголдрик Мэй. С тобой мои мечты</title>
</book>
<book>
	<filename>makgregor_dunkan/makgregor_dunkan_sedmaya_nevesta.fb2.zip</filename>
	<title>Мак-Грегор Дункан. Седьмая невеста</title>
</book>
<book>
	<filename>makgregor_kinli/makgregor_kinli_korolevskii_rycar.fb2.zip</filename>
	<title>Макгрегор Кинли. Королевский рыцарь</title>
</book>
<book>
	<filename>makgregor_kinli/makgregor_kinli_nepokornaya_krasavica.fb2.zip</filename>
	<title>Макгрегор Кинли. Непокорная красавица</title>
</book>
<book>
	<filename>makgregor_kinli/makgregor_kinli_nezhnaya_podruga.fb2.zip</filename>
	<title>Макгрегор Кинли. Нежная подруга</title>
</book>
<book>
	<filename>makgregor_kinli/makgregor_kinli_pirat_moei_mechty.fb2.zip</filename>
	<title>Макгрегор Кинли. Пират моей мечты</title>
</book>
<book>
	<filename>makgregor_kinli/makgregor_kinli_po_prikazu_korolya.fb2.zip</filename>
	<title>Макгрегор Кинли. По приказу короля</title>
</book>
<book>
	<filename>makgregor_kinli/makgregor_kinli_ukroshenie_gorca.fb2.zip</filename>
	<title>Макгрегор Кинли. Укрощение горца</title>
</book>
<book>
	<filename>makgregor_kinli/makgregor_kinli_vozvrashenie_voina.fb2.zip</filename>
	<title>Макгрегор Кинли. Возвращение воина</title>
</book>
<book>
	<filename>makgregor_yevan/makgregor_yevan_vokrug_sveta_na_motociklah.fb2.zip</filename>
	<title>МакГрегор Эван. Вокруг света на мотоциклах</title>
</book>
<book>
	<filename>makgyerri_valeri/makgyerri_valeri_sumochka.fb2.zip</filename>
	<title>Макгэрри Валери. Сумочка</title>
</book>
<book>
	<filename>makiavelli_nikolo/makiavelli_nikolo_gosudar.fb2.zip</filename>
	<title>Макиавелли Николо. Государь</title>
</book>
<book>
	<filename>makiavelli_nikolo/makiavelli_nikolo_opisanie_togo_kak_izbavilsya_gercog_valentino_ot_vitellocco_vitelli.fb2.zip</filename>
	<title>Макиавелли Николо. Описание того, как избавился герцог Валентино от Вителлоццо Вителли...</title>
</book>
<book>
	<filename>makiavelli_nikolo/makiavelli_nikolo_o_tom_kak_nadlezhit_postupat_s_vosstavshimi_zhitelyami_valdikyany.fb2.zip</filename>
	<title>Макиавелли Николо. О том, как надлежит поступать с восставшими жителями Вальдикьяны</title>
</book>
<book>
	<filename>makiavelli_nikolo/makiavelli_nikolo_rassuzhdeniya_o_pervoi_dekade_tita_liviya.fb2.zip</filename>
	<title>Макиавелли Николо. Рассуждения о первой декаде Тита Ливия</title>
</book>
<book>
	<filename>makiavelli_nikolo/makiavelli_nikolo_sochineniya.fb2.zip</filename>
	<title>Макиавелли Николо. Сочинения</title>
</book>
<book>
	<filename>makiavelli_nikolo/makiavelli_nikolo_zhizn_kastruchcho_kastrakani_iz_lukki.fb2.zip</filename>
	<title>Макиавелли Николо. Жизнь Каструччо Кастракани из Лукки</title>
</book>
<book>
	<filename>makiavelli_nikolo/makiavelli_nikolo_zolotoi_osel.fb2.zip</filename>
	<title>Макиавелли Николо. Золотой осел</title>
</book>
<book>
	<filename>makinnes_kolin/makinnes_kolin_absolyutnye_novichki.fb2.zip</filename>
	<title>Макиннес Колин. Абсолютные новички</title>
</book>
<book>
	<filename>makintair_f_gvinplein/makintair_f_gvinplein_vzryvnoe_delce.fb2.zip</filename>
	<title>Макинтайр Ф. Гвинплейн. Взрывное дельце</title>
</book>
<book>
	<filename>makintair_houp/makintair_houp_kak_soblaznit_prizraka.fb2.zip</filename>
	<title>Макинтайр Хоуп. Как соблазнить призрака</title>
</book>
<book>
	<filename>makintair_vonda/makintair_vonda_gnev_kana.fb2.zip</filename>
	<title>Макинтайр Вонда. Гнев Кана</title>
</book>
<book>
	<filename>makintair_vonda/makintair_vonda_hrustalnaya_zvezda.fb2.zip</filename>
	<title>Макинтайр Вонда. Хрустальная Звезда</title>
</book>
<book>
	<filename>makintair_vonda/makintair_vonda_v_poiskah_spoka.fb2.zip</filename>
	<title>Макинтайр Вонда Н. В Поисках Спока</title>
</book>
<book>
	<filename>makintair_vonda/makintair_vonda_yeffekt_yentropii.fb2.zip</filename>
	<title>Макинтайр Вонда Н. Эффект энтропии</title>
</book>
<book>
	<filename>makintosh_dzh_t/makintosh_dzh_t_pereselenie.fb2.zip</filename>
	<title>Макинтош Дж. Т. Переселение</title>
</book>
<book>
	<filename>makintosh_dzh_t/makintosh_dzh_t_shest_vorot_na_svobodu.fb2.zip</filename>
	<title>Макинтош Дж. Т. Шесть ворот на свободу</title>
</book>
<book>
	<filename>makintosh_dzh_t/makintosh_dzh_t_vremya_peremen.fb2.zip</filename>
	<title>Макинтош Дж. Т. Время перемен</title>
</book>
<book>
	<filename>makintosh_fiona/makintosh_fiona_dar_mirren.fb2.zip</filename>
	<title>Макинтош Фиона. Дар Миррен</title>
</book>
<book>
	<filename>makintosh_fiona/makintosh_fiona_mest.fb2.zip</filename>
	<title>Макинтош Фиона. Месть</title>
</book>
<book>
	<filename>makintosh_fiona/makintosh_fiona_predatelstvo.fb2.zip</filename>
	<title>Макинтош Фиона. Предательство</title>
</book>
<book>
	<filename>makkafferti_barbara/makkafferti_barbara_gvozd_v_pyatke.fb2.zip</filename>
	<title>Маккафферти Барбара Тейлор. Гвоздь в пятке</title>
</book>
<book>
	<filename>makkafferti_barbara/makkafferti_barbara_vzeroshennye_perya.fb2.zip</filename>
	<title>Маккафферти Барбара Тейлор. Взъерошенные перья</title>
</book>
<book>
	<filename>makkalers_karson/makkalers_karson_ballada_o_gorestnom_kabachke.fb2.zip</filename>
	<title>Маккалерс Карсон. Баллада о горестном кабачке</title>
</book>
<book>
	<filename>makkalers_karson/makkalers_karson_serdce_odinokii_ohotnik.fb2.zip</filename>
	<title>Маккалерс Карсон. Сердце – одинокий охотник</title>
</book>
<book>
	<filename>makkalou_kolin/makkalou_kolin_ledi_iz_missalongi.fb2.zip</filename>
	<title>Маккалоу Колин. Леди из Миссалонги</title>
</book>
<book>
	<filename>makkalou_kolin/makkalou_kolin_neprilichnaya_strast.fb2.zip</filename>
	<title>Маккалоу Колин. Неприличная страсть</title>
</book>
<book>
	<filename>makkalou_kolin/makkalou_kolin_pervyi_chelovek_v_rime_tom_1.fb2.zip</filename>
	<title>Маккалоу Колин. Первый человек в Риме. Том 1</title>
</book>
<book>
	<filename>makkalou_kolin/makkalou_kolin_pervyi_chelovek_v_rime_tom_2.fb2.zip</filename>
	<title>Маккалоу Колин. Первый человек в Риме. Том 2</title>
</book>
<book>
	<filename>makkalou_kolin/makkalou_kolin_poyushie_v_ternovnike.fb2.zip</filename>
	<title>Маккалоу Колин. Поющие в терновнике</title>
</book>
<book>
	<filename>makkalou_kolin/makkalou_kolin_simvol_very_tretego_tysyacheletiya.fb2.zip</filename>
	<title>Маккалоу Колин. Символ веры третьего тысячелетия</title>
</book>
<book>
	<filename>makkalou_kolin/makkalou_kolin_tim.fb2.zip</filename>
	<title>Маккалоу Колин. Тим</title>
</book>
<book>
	<filename>makkalou_kolin/makkalou_kolin_travyanoi_venok_tom_1.fb2.zip</filename>
	<title>Маккалоу Колин. Травяной венок. Том 1</title>
</book>
<book>
	<filename>makkalou_kolin/makkalou_kolin_travyanoi_venok_tom_2.fb2.zip</filename>
	<title>Маккалоу Колин. Травяной венок. Том 2</title>
</book>
<book>
	<filename>makkammon_robert/makkammon_robert_bulavka.fb2.zip</filename>
	<title>Маккаммон Роберт. Булавка</title>
</book>
<book>
	<filename>makkammon_robert/makkammon_robert_chas_volka.fb2.zip</filename>
	<title>Маккаммон Роберт. Час волка</title>
</book>
<book>
	<filename>makkammon_robert/makkammon_robert_chiko.fb2.zip</filename>
	<title>Маккаммон Роберт. Чико</title>
</book>
<book>
	<filename>makkammon_robert/makkammon_robert_chtoto_proishodit.fb2.zip</filename>
	<title>Маккаммон Роберт. Что-то происходит</title>
</book>
<book>
	<filename>makkammon_robert/makkammon_robert_golos_nochnoi_pticy.fb2.zip</filename>
	<title>Маккаммон Роберт. Голос ночной птицы</title>
</book>
<book>
	<filename>makkammon_robert/makkammon_robert_gorod_gibeli.fb2.zip</filename>
	<title>Маккаммон Роберт. Город гибели</title>
</book>
<book>
	<filename>makkammon_robert/makkammon_robert_greh_bessmertiya.fb2.zip</filename>
	<title>Маккаммон Роберт. Грех бессмертия</title>
</book>
<book>
	<filename>makkammon_robert/makkammon_robert_grim.fb2.zip</filename>
	<title>Маккаммон Роберт. Грим</title>
</book>
<book>
	<filename>makkammon_robert/makkammon_robert_kletka_zheltorotika.fb2.zip</filename>
	<title>Маккаммон Роберт. Клетка желторотика</title>
</book>
<book>
	<filename>makkammon_robert/makkammon_robert_korabl_nochi.fb2.zip</filename>
	<title>Маккаммон Роберт. Корабль ночи</title>
</book>
<book>
	<filename>makkammon_robert/makkammon_robert_krasnyi_dom.fb2.zip</filename>
	<title>Маккаммон Роберт. Красный дом</title>
</book>
<book>
	<filename>makkammon_robert/makkammon_robert_kusaka.fb2.zip</filename>
	<title>Маккаммон Роберт. Кусака</title>
</book>
<book>
	<filename>makkammon_robert/makkammon_robert_moe.fb2.zip</filename>
	<title>Маккаммон Роберт. Мое!</title>
</book>
<book>
	<filename>makkammon_robert/makkammon_robert_morozhnik.fb2.zip</filename>
	<title>Маккаммон Роберт. Морожник</title>
</book>
<book>
	<filename>makkammon_robert/makkammon_robert_na_puti_k_yugu.fb2.zip</filename>
	<title>Маккаммон Роберт. На пути к югу</title>
</book>
<book>
	<filename>makkammon_robert/makkammon_robert_neispovedimyi_put.fb2.zip</filename>
	<title>Маккаммон Роберт. Неисповедимый путь</title>
</book>
<book>
	<filename>makkammon_robert/makkammon_robert_nochnye_plastuny.fb2.zip</filename>
	<title>Маккаммон Роберт. Ночные пластуны</title>
</book>
<book>
	<filename>makkammon_robert/makkammon_robert_noch_prizyvaet_zelenogo_sokola.fb2.zip</filename>
	<title>Маккаммон Роберт. Ночь призывает зеленого сокола</title>
</book>
<book>
	<filename>makkammon_robert/makkammon_robert_oni_zhazhdut.fb2.zip</filename>
	<title>Маккаммон Роберт. Они жаждут</title>
</book>
<book>
	<filename>makkammon_robert/makkammon_robert_on_postuchitsya_v_vashu_dver.fb2.zip</filename>
	<title>Маккаммон Роберт. Он постучится в вашу дверь</title>
</book>
<book>
	<filename>makkammon_robert/makkammon_robert_osinoe_leto.fb2.zip</filename>
	<title>Маккаммон Роберт. Осиное лето</title>
</book>
<book>
	<filename>makkammon_robert/makkammon_robert_pesnya_svon.fb2.zip</filename>
	<title>Маккаммон Роберт. Песня Свон</title>
</book>
<book>
	<filename>makkammon_robert/makkammon_robert_shtuchka.fb2.zip</filename>
	<title>Маккаммон Роберт. Штучка</title>
</book>
<book>
	<filename>makkammon_robert/makkammon_robert_sinii_mir.fb2.zip</filename>
	<title>Маккаммон Роберт. Синий мир</title>
</book>
<book>
	<filename>makkammon_robert/makkammon_robert_uchast_yesherov.fb2.zip</filename>
	<title>Маккаммон Роберт. Участь Эшеров</title>
</book>
<book>
	<filename>makkammon_robert/makkammon_robert_vaal.fb2.zip</filename>
	<title>Маккаммон Роберт. Ваал</title>
</book>
<book>
	<filename>makkammon_robert/makkammon_robert_zhizn_malchishki.fb2.zip</filename>
	<title>Маккаммон Роберт. Жизнь мальчишки</title>
</book>
<book>
	<filename>makkarti_kormak/makkarti_kormak_koni_koni.fb2.zip</filename>
	<title>Маккарти Кормак. Кони, кони…</title>
</book>
<book>
	<filename>makkarti_monika/makkarti_monika_gorecizgnannik.fb2.zip</filename>
	<title>Маккарти Моника. Горец-изгнанник</title>
</book>
<book>
	<filename>makkarti_monika/makkarti_monika_neukroshennyi.fb2.zip</filename>
	<title>Маккарти Моника. Неукрощенный</title>
</book>
<book>
	<filename>makkarti_monika/makkarti_monika_pocelui_vraga.fb2.zip</filename>
	<title>Маккарти Моника. Поцелуй врага</title>
</book>
<book>
	<filename>makkarti_monika/makkarti_monika_serdce_ne_lzhet.fb2.zip</filename>
	<title>Маккарти Моника. Сердце не лжет</title>
</book>
<book>
	<filename>makkarti_monika/makkarti_monika_vlastnyi_zov_strasti.fb2.zip</filename>
	<title>Маккарти Моника. Властный зов страсти</title>
</book>
<book>
	<filename>makkarti_monika/makkarti_monika_v_ogne_strasti.fb2.zip</filename>
	<title>Маккарти Моника. В огне страсти</title>
</book>
<book>
	<filename>makkarti_syuzanna/makkarti_syuzanna_chary_afrodity.fb2.zip</filename>
	<title>Маккарти Сюзанна. Чары Афродиты</title>
</book>
<book>
	<filename>makkarti_yerin/makkarti_yerin_muzhskoi_vzglyad.fb2.zip</filename>
	<title>Маккарти Эрин. Мужской взгляд</title>
</book>
<book>
	<filename>makkarti_yerin/makkarti_yerin_tvoi_sladkie_guby.fb2.zip</filename>
	<title>Маккарти Эрин. Твои сладкие губы</title>
</book>
<book>
	<filename>makkefri_yenn/makkefri_yenn_barabany_perna.fb2.zip</filename>
	<title>Маккефри Энн. Барабаны Перна</title>
</book>
<book>
	<filename>makkefri_yenn/makkefri_yenn_belyi_drakon.fb2.zip</filename>
	<title>Маккефри Энн. Белый дракон</title>
</book>
<book>
	<filename>makkefri_yenn/makkefri_yenn_delfiny_perna.fb2.zip</filename>
	<title>Маккефри Энн. Дельфины Перна</title>
</book>
<book>
	<filename>makkefri_yenn/makkefri_yenn_dyeimiya.fb2.zip</filename>
	<title>Маккефри Энн. Дэймия</title>
</book>
<book>
	<filename>makkefri_yenn/makkefri_yenn_glaz_drakona.fb2.zip</filename>
	<title>Маккефри Энн. Глаз дракона</title>
</book>
<book>
	<filename>makkefri_yenn/makkefri_yenn_istoriya_nerilki.fb2.zip</filename>
	<title>Маккефри Энн. История Нерилки</title>
</book>
<book>
	<filename>makkefri_yenn/makkefri_yenn_lovushka_dlya_piratov_ili_ozhivshaya_planeta.fb2.zip</filename>
	<title>Маккефри Энн. Ловушка для пиратов, или Ожившая планета</title>
</book>
<book>
	<filename>makkefri_yenn/makkefri_yenn_maior_zapasa.fb2.zip</filename>
	<title>Маккефри Энн. Майор запаса</title>
</book>
<book>
	<filename>makkefri_yenn/makkefri_yenn_mir_akorny.fb2.zip</filename>
	<title>Маккефри Энн. Мир Акорны</title>
</book>
<book>
	<filename>makkefri_yenn/makkefri_yenn_morita_povelitelnica_drakonov.fb2.zip</filename>
	<title>Маккефри Энн. Морита — повелительница драконов</title>
</book>
<book>
	<filename>makkefri_yenn/makkefri_yenn_narod_akorny.fb2.zip</filename>
	<title>Маккефри Энн. Народ Акорны</title>
</book>
<book>
	<filename>makkefri_yenn/makkefri_yenn_naslednica_edinorogov.fb2.zip</filename>
	<title>Маккефри Энн. Наследница Единорогов</title>
</book>
<book>
	<filename>makkefri_yenn/makkefri_yenn_otshepency_perna.fb2.zip</filename>
	<title>Маккефри Энн. Отщепенцы Перна</title>
</book>
<book>
	<filename>makkefri_yenn/makkefri_yenn_pesni_perna.fb2.zip</filename>
	<title>Маккефри Энн. Песни Перна</title>
</book>
<book>
	<filename>makkefri_yenn/makkefri_yenn_pevica_perna.fb2.zip</filename>
	<title>Маккефри Энн. Певица Перна</title>
</book>
<book>
	<filename>makkefri_yenn/makkefri_yenn_planeta_dinozavrov_i.fb2.zip</filename>
	<title>Маккeфри Энн. Планета динозавров I</title>
</book>
<book>
	<filename>makkefri_yenn/makkefri_yenn_planeta_dinozavrov_ii.fb2.zip</filename>
	<title>Маккефри Энн. Планета динозавров II</title>
</book>
<book>
	<filename>makkefri_yenn/makkefri_yenn_planeta_pod_sledstviem.fb2.zip</filename>
	<title>Маккефри Энн. Планета под следствием</title>
</book>
<book>
	<filename>makkefri_yenn/makkefri_yenn_poiski_akorny.fb2.zip</filename>
	<title>Маккефри Энн. Поиски Акорны</title>
</book>
<book>
	<filename>makkefri_yenn/makkefri_yenn_polet_drakona.fb2.zip</filename>
	<title>Маккефри Энн. Полет дракона</title>
</book>
<book>
	<filename>makkefri_yenn/makkefri_yenn_polyot_drakona.fb2.zip</filename>
	<title>Маккефри Энн. Полёт дракона</title>
</book>
<book>
	<filename>makkefri_yenn/makkefri_yenn_rovena.fb2.zip</filename>
	<title>Маккефри Энн. Ровена</title>
</book>
<book>
	<filename>makkefri_yenn/makkefri_yenn_sassinak.fb2.zip</filename>
	<title>Маккефри Энн. Сассинак</title>
</book>
<book>
	<filename>makkefri_yenn/makkefri_yenn_skorohody_perna.fb2.zip</filename>
	<title>Маккефри Энн. Скороходы Перна</title>
</book>
<book>
	<filename>makkefri_yenn/makkefri_yenn_stranstviya_drakona.fb2.zip</filename>
	<title>Маккефри Энн. Странствия дракона</title>
</book>
<book>
	<filename>makkefri_yenn/makkefri_yenn_vse_veiry_perna.fb2.zip</filename>
	<title>Маккефри Энн. Все вейры Перна</title>
</book>
<book>
	<filename>makkefri_yenn/makkefri_yenn_zarya_drakonov.fb2.zip</filename>
	<title>Маккефри Энн. Заря драконов</title>
</book>
<book>
	<filename>makkeid_morin/makkeid_morin_gordost_i_greh.fb2.zip</filename>
	<title>Маккейд Морин. Гордость и грех</title>
</book>
<book>
	<filename>makkena_shennon/makkena_shennon_ne_luchshee_vremya_dlya_lyubvi.fb2.zip</filename>
	<title>Маккена Шеннон. Не лучшее время для любви</title>
</book>
<book>
	<filename>makkena_shennon/makkena_shennon_stoya_v_teni.fb2.zip</filename>
	<title>Маккена Шеннон. Стоя в тени</title>
</book>
<book>
	<filename>makkena_shennon/makkena_shennon_tvoi_navsegda.fb2.zip</filename>
	<title>Маккена Шеннон. Твой навсегда</title>
</book>
<book>
	<filename>makkena_shennon/makkena_shennon_za_zakrytoi_dveryu.fb2.zip</filename>
	<title>Маккена Шеннон. За закрытой дверью</title>
</book>
<book>
	<filename>makkena_shennon/makkena_shennon_zharkaya_noch.fb2.zip</filename>
	<title>Маккена Шеннон. Жаркая ночь</title>
</book>
<book>
	<filename>makkenna_dzhulet/makkenna_dzhulet_igra_vorovki.fb2.zip</filename>
	<title>МакКенна Джульет Энн. Игра воровки</title>
</book>
<book>
	<filename>makkenna_dzhulet/makkenna_dzhulet_klyatva_voina.fb2.zip</filename>
	<title>МакКенна Джульет Энн. Клятва воина</title>
</book>
<book>
	<filename>makkenna_dzhulet/makkenna_dzhulet_udacha_igroka.fb2.zip</filename>
	<title>МакКенна Джульет Энн. Удача игрока</title>
</book>
<book>
	<filename>makkenna_terens/makkenna_terens_pisha_bogov.fb2.zip</filename>
	<title>Маккенна Теренс. Пища богов</title>
</book>
<book>
	<filename>makkenzi_mirna/makkenzi_mirna_korolevskii_shans.fb2.zip</filename>
	<title>Маккензи Мирна. Королевский шанс</title>
</book>
<book>
	<filename>makkenzi_mirna/makkenzi_mirna_perepoloh_v_slounzkouv.fb2.zip</filename>
	<title>Маккензи Мирна. Переполох в Слоунз-Коув</title>
</book>
<book>
	<filename>makkenzi_ryechel/makkenzi_ryechel_a_ya_prava.fb2.zip</filename>
	<title>Маккензи Рэчел. А я права</title>
</book>
<book>
	<filename>makkenzi_salli/makkenzi_salli_greshnyi_markiz.fb2.zip</filename>
	<title>Маккензи Салли. Грешный маркиз</title>
</book>
<book>
	<filename>makkenzi_salli/makkenzi_salli_neotrazimyi_graf.fb2.zip</filename>
	<title>Маккензи Салли. Неотразимый граф</title>
</book>
<book>
	<filename>makkenzi_salli/makkenzi_salli_slishkom_krasiva_dlya_zheny.fb2.zip</filename>
	<title>Маккензи Салли. Слишком красива для жены</title>
</book>
<book>
	<filename>makkenzi_salli/makkenzi_salli_znakomstvo_s_gercogom.fb2.zip</filename>
	<title>Маккензи Салли. Знакомство с герцогом</title>
</book>
<book>
	<filename>makkerrigan_sara/makkerrigan_sara_devavoitelnica.fb2.zip</filename>
	<title>Маккерриган Сара. Дева-воительница</title>
</book>
<book>
	<filename>makkerrigan_sara/makkerrigan_sara_nagrada_rycarya.fb2.zip</filename>
	<title>Маккерриган Сара. Награда рыцаря</title>
</book>
<book>
	<filename>makkillip_patriciya/makkillip_patriciya_arfist_na_vetru.fb2.zip</filename>
	<title>МакКиллип Патриция. Арфист на ветру</title>
</book>
<book>
	<filename>makkillip_patriciya/makkillip_patriciya_master_zagadok.fb2.zip</filename>
	<title>МакКиллип Патриция. Мастер Загадок</title>
</book>
<book>
	<filename>makkillip_patriciya/makkillip_patriciya_naslednica_morya_i_ognya.fb2.zip</filename>
	<title>МакКиллип Патриция. Наследница моря и огня</title>
</book>
<book>
	<filename>makkini_migan/makkini_migan_kak_prelestna_roza.fb2.zip</filename>
	<title>Маккини Миган. Как прелестна роза</title>
</book>
<book>
	<filename>makkini_migan/makkini_migan_padshii_angel.fb2.zip</filename>
	<title>Маккини Миган. Падший ангел</title>
</book>
<book>
	<filename>makkinli_robin/makkinli_robin_solnechnyi_svet.fb2.zip</filename>
	<title>Маккинли Робин. Солнечный свет</title>
</book>
<book>
	<filename>makkinli_tamara/makkinli_tamara_gostya_iz_tmy.fb2.zip</filename>
	<title>Маккинли Тамара. Гостья из тьмы</title>
</book>
<book>
	<filename>makkinni_megan/makkinni_megan_chasy_lyubvi.fb2.zip</filename>
	<title>Маккинни Меган. Часы любви</title>
</book>
<book>
	<filename>makkinti_yedrian/makkinti_yedrian_mig_i_net_menya.fb2.zip</filename>
	<title>Маккинти Эдриан. Миг – и нет меня</title>
</book>
<book>
	<filename>makkoi_horas/makkoi_horas_luchshe_by_ya_ostalsya_doma.fb2.zip</filename>
	<title>Маккой Хорас. Лучше бы я остался дома</title>
</book>
<book>
	<filename>makkoi_horas/makkoi_horas_skazhi_budushemu_proshai.fb2.zip</filename>
	<title>Маккой Хорас. Скажи будущему – прощай</title>
</book>
<book>
	<filename>makkoi_horas/makkoi_horas_v_savane_net_karmanov.fb2.zip</filename>
	<title>Маккой Хорас. В саване нет карманов</title>
</book>
<book>
	<filename>makkoi_horas/makkoi_horas_zagnannyh_loshadei_pristrelivayut_ne_pravda_li.fb2.zip</filename>
	<title>Маккой Хорас. Загнанных лошадей пристреливают, не правда ли?</title>
</book>
<book>
	<filename>makkol_dina/makkol_dina_zapretnaya_strast.fb2.zip</filename>
	<title>Маккол Дина. Запретная страсть</title>
</book>
<book>
	<filename>makkollum_maikl/makkollum_maikl_pryzhok_v_antares.fb2.zip</filename>
	<title>Макколлум Майкл. Прыжок в Антарес</title>
</book>
<book>
	<filename>makkollum_maikl/makkollum_maikl_voshod_antaresa.fb2.zip</filename>
	<title>Макколлум Майкл. Восход Антареса</title>
</book>
<book>
	<filename>makkol_myeri/makkol_myeri_kogda_taina_raskroetsya.fb2.zip</filename>
	<title>Маккол Мэри Рид. Когда тайна раскроется</title>
</book>
<book>
	<filename>makkol_myeri/makkol_myeri_ledi_v_alom.fb2.zip</filename>
	<title>Маккол Мэри Рид. Леди в алом</title>
</book>
<book>
	<filename>makkol_myeri/makkol_myeri_prevyshe_soblazna.fb2.zip</filename>
	<title>Маккол Мэри Рид. Превыше соблазна</title>
</book>
<book>
	<filename>makkolsmit_aleksandr/makkolsmit_aleksandr_druzya_lyubovniki_shokolad.fb2.zip</filename>
	<title>Маккол-Смит Александр. Друзья, любовники, шоколад</title>
</book>
<book>
	<filename>makkomas_myeri/makkomas_myeri_miloe_ditya.fb2.zip</filename>
	<title>Маккомас Мэри Кей. Милое дитя</title>
</book>
<book>
	<filename>makkomas_myeri/makkomas_myeri_pocelui_na_bis.fb2.zip</filename>
	<title>Маккомас Мэри Кей. Поцелуй на бис</title>
</book>
<book>
	<filename>makkonchi_linn/makkonchi_linn_cirk_povelitelya_zverei.fb2.zip</filename>
	<title>Маккончи Линн. Цирк повелителя зверей</title>
</book>
<book>
	<filename>makkonchi_linn/makkonchi_linn_kovcheg_povelitelya_zverei.fb2.zip</filename>
	<title>Маккончи Линн. Ковчег повелителя зверей</title>
</book>
<book>
	<filename>makkormak_yerik/makkormak_yerik_letuchii_gollandec.fb2.zip</filename>
	<title>Маккормак Эрик. Летучий голландец</title>
</book>
<book>
	<filename>makkormak_yerik/makkormak_yerik_misterium.fb2.zip</filename>
	<title>Маккормак Эрик. Мистериум</title>
</book>
<book>
	<filename>makkormak_yerik/makkormak_yerik_motel_paradiz.fb2.zip</filename>
	<title>Маккормак Эрик. Мотель «Парадиз»</title>
</book>
<book>
	<filename>makkormak_yerik/makkormak_yerik_pervaya_truba_k_boyu_protiv_chudovishnogo_stroya_zhenshin.fb2.zip</filename>
	<title>Маккормак Эрик. Первая труба к бою против чудовищного строя женщин</title>
</book>
<book>
	<filename>makkormik_garold/makkormik_garold_teni_v_more.fb2.zip</filename>
	<title>Мак-Кормик Гарольд. Тени в море</title>
</book>
<book>
	<filename>makkrei_cheienn/makkrei_cheienn_ona_vybiraet_lyubov.fb2.zip</filename>
	<title>Маккрей Чейенн. Она выбирает любовь</title>
</book>
<book>
	<filename>makkrossan_loren/makkrossan_loren_angel_v_yefire.fb2.zip</filename>
	<title>Маккроссан Лорен. Ангел в эфире</title>
</book>
<book>
	<filename>makkrossan_loren/makkrossan_loren_na_krylyah_udachi.fb2.zip</filename>
	<title>Маккроссан Лорен. На крыльях удачи</title>
</book>
<book>
	<filename>makkyellyei_dzhonston/makkyellyei_dzhonston_znak_zorro.fb2.zip</filename>
	<title>Мак-Кэллэй Джонстон. Знак Зорро</title>
</book>
<book>
	<filename>maklein_dzhuliana/maklein_dzhuliana_blestyashaya_partiya.fb2.zip</filename>
	<title>Маклейн Джулиана. Блестящая партия</title>
</book>
<book>
	<filename>maklein_dzhuliana/maklein_dzhuliana_grehovnaya_svyaz.fb2.zip</filename>
	<title>Маклейн Джулиана. Греховная связь</title>
</book>
<book>
	<filename>maklein_dzhuliana/maklein_dzhuliana_moi_geroi.fb2.zip</filename>
	<title>Маклейн Джулиана. Мой герой</title>
</book>
<book>
	<filename>maklein_dzhuliana/maklein_dzhuliana_prelyudiya_lyubvi.fb2.zip</filename>
	<title>Маклейн Джулиана. Прелюдия любви</title>
</book>
<book>
	<filename>maklein_dzhuliana/maklein_dzhuliana_skandalnaya_slava.fb2.zip</filename>
	<title>Маклейн Джулиана. Скандальная слава</title>
</book>
<book>
	<filename>makleod_s/makleod_s_priklyucheniya_ledi_gvendolin.fb2.zip</filename>
	<title>Маклеод С. М. Приключения леди Гвендолин</title>
</book>
<book>
	<filename>makleron_laiza/makleron_laiza_noch_v_venecii.fb2.zip</filename>
	<title>Маклерон Лайза. Ночь в Венеции</title>
</book>
<book>
	<filename>maklin_alister/maklin_alister_10_ballov_s_ostrova_navaron.fb2.zip</filename>
	<title>Маклин Алистер. 10 баллов с острова Наварон</title>
</book>
<book>
	<filename>maklin_alister/maklin_alister_chernyi_krestonosec.fb2.zip</filename>
	<title>Маклин Алистер. Черный крестоносец</title>
</book>
<book>
	<filename>maklin_alister/maklin_alister_cirk.fb2.zip</filename>
	<title>Маклин Алистер. Цирк</title>
</book>
<book>
	<filename>maklin_alister/maklin_alister_doroga_pylnoi_smerti.fb2.zip</filename>
	<title>Маклин Алистер. Дорога пыльной смерти</title>
</book>
<book>
	<filename>maklin_alister/maklin_alister_dva_dnya_i_tri_nochi.fb2.zip</filename>
	<title>Маклин Алистер. Два дня и три ночи</title>
</book>
<book>
	<filename>maklin_alister/maklin_alister_dyavolskii_mikrob.fb2.zip</filename>
	<title>Маклин Алистер. Дьявольский микроб</title>
</book>
<book>
	<filename>maklin_alister/maklin_alister_kapitan_kuk_istoriya_geograficheskih_otkrytii.fb2.zip</filename>
	<title>Маклин Алистер. Капитан Кук. История географических открытий...</title>
</book>
<book>
	<filename>maklin_alister/maklin_alister_karavan_v_vakkares.fb2.zip</filename>
	<title>Маклин Алистер. Караван в Ваккарес</title>
</book>
<book>
	<filename>maklin_alister/maklin_alister_kogda_bet_vosem_sklyanok.fb2.zip</filename>
	<title>Маклин Алистер. Когда бьет восемь склянок</title>
</book>
<book>
	<filename>maklin_alister/maklin_alister_kreiser_ee_velichestva_uliss.fb2.zip</filename>
	<title>Маклин Алистер. Крейсер Ее Величества «Улисс»</title>
</book>
<book>
	<filename>maklin_alister/maklin_alister_kreiser_ego_velichestva_uliss.fb2.zip</filename>
	<title>Маклин Алистер. Крейсер Его Величества «Улисс»</title>
</book>
<book>
	<filename>maklin_alister/maklin_alister_kuda_zaletayut_orly.fb2.zip</filename>
	<title>Маклин Алистер. Куда залетают орлы</title>
</book>
<book>
	<filename>maklin_alister/maklin_alister_kukla_na_cepi.fb2.zip</filename>
	<title>Маклин Алистер. Кукла на цепи</title>
</book>
<book>
	<filename>maklin_alister/maklin_alister_k_yugu_ot_yavy.fb2.zip</filename>
	<title>Маклин Алистер. К югу от Явы</title>
</book>
<book>
	<filename>maklin_alister/maklin_alister_nochi_net_konca.fb2.zip</filename>
	<title>Маклин Алистер. Ночи нет конца</title>
</book>
<book>
	<filename>maklin_alister/maklin_alister_ostrov_medvezhii.fb2.zip</filename>
	<title>Маклин Алистер. Остров Медвежий</title>
</book>
<book>
	<filename>maklin_alister/maklin_alister_partizany.fb2.zip</filename>
	<title>Маклин Алистер. Партизаны</title>
</book>
<book>
	<filename>maklin_alister/maklin_alister_polyarnaya_stanciya_zebra.fb2.zip</filename>
	<title>Маклин Алистер. Полярная станция “Зебра”</title>
</book>
<book>
	<filename>maklin_alister/maklin_alister_poslednyaya_granica.fb2.zip</filename>
	<title>Маклин Алистер. Последняя граница</title>
</book>
<book>
	<filename>maklin_alister/maklin_alister_proshai_kaliforniya.fb2.zip</filename>
	<title>Маклин Алистер. Прощай, Калифорния!</title>
</book>
<book>
	<filename>maklin_alister/maklin_alister_pushki_ostrova_navaron.fb2.zip</filename>
	<title>Маклин Алистер. Пушки Острова Наварон</title>
</book>
<book>
	<filename>maklin_alister/maklin_alister_reka_smerti.fb2.zip</filename>
	<title>Маклин Алистер. Река Смерти</title>
</book>
<book>
	<filename>maklin_alister/maklin_alister_sanandreas.fb2.zip</filename>
	<title>Маклин Алистер. Сан-Андреас</title>
</book>
<book>
	<filename>maklin_alister/maklin_alister_santorin.fb2.zip</filename>
	<title>Маклин Алистер. Санторин</title>
</book>
<book>
	<filename>maklin_alister/maklin_alister_shlyuz.fb2.zip</filename>
	<title>Маклин Алистер. Шлюз</title>
</book>
<book>
	<filename>maklin_alister/maklin_alister_strah_yeto_klyuch.fb2.zip</filename>
	<title>Маклин Алистер. Страх — это ключ</title>
</book>
<book>
	<filename>maklin_alister/maklin_alister_ushele_razbityh_serdec.fb2.zip</filename>
	<title>Маклин Алистер. Ущелье Разбитых Сердец</title>
</book>
<book>
	<filename>maklin_alister/maklin_alister_zolotoe_randevu.fb2.zip</filename>
	<title>Маклин Алистер. Золотое рандеву</title>
</book>
<book>
	<filename>maklin_alister/maklin_alister_zolotye_vorota.fb2.zip</filename>
	<title>Маклин Алистер. Золотые Ворота</title>
</book>

</books>

