<?xml version="1.0" encoding="UTF-8" ?>
<books>

<book>
	<filename>maklin_charlz/maklin_charlz_strazh.fb2.zip</filename>
	<title>Маклин Чарлз. Страж</title>
</book>
<book>
	<filename>maklish_archibald/maklish_archibald_padenie_goroda.fb2.zip</filename>
	<title>Маклиш Арчибалд. Падение города</title>
</book>
<book>
	<filename>makl_marisa/makl_marisa_dnevnik_styuardessy.fb2.zip</filename>
	<title>Макл Мариса. Дневник стюардессы</title>
</book>
<book>
	<filename>maklohlin_yemma/maklohlin_yemma_dnevniki_nyani.fb2.zip</filename>
	<title>Маклохлин Эмма. Дневники няни</title>
</book>
<book>
	<filename>makmaon_barbara/makmaon_barbara_blagoslovi_moyu_lyubov.fb2.zip</filename>
	<title>Макмаон Барбара. Благослови мою любовь</title>
</book>
<book>
	<filename>makmaon_barbara/makmaon_barbara_dolgozhdannoe_chudo.fb2.zip</filename>
	<title>Макмаон Барбара. Долгожданное чудо</title>
</book>
<book>
	<filename>makmaon_barbara/makmaon_barbara_fantaziya_lyubvi.fb2.zip</filename>
	<title>Макмаон Барбара. Фантазия любви</title>
</book>
<book>
	<filename>makmaon_barbara/makmaon_barbara_lyubovnyi_recept_babushki.fb2.zip</filename>
	<title>Макмаон Барбара. Любовный рецепт бабушки</title>
</book>
<book>
	<filename>makmaon_barbara/makmaon_barbara_na_konkurse_nevest.fb2.zip</filename>
	<title>Макмаон Барбара. На конкурсе невест</title>
</book>
<book>
	<filename>makmaon_barbara/makmaon_barbara_odnazhdy_v_dozhdlivyi_vecher.fb2.zip</filename>
	<title>Макмаон Барбара. Однажды в дождливый вечер</title>
</book>
<book>
	<filename>makmaon_barbara/makmaon_barbara_persidskaya_zhemchuzhina.fb2.zip</filename>
	<title>Макмаон Барбара. Персидская жемчужина</title>
</book>
<book>
	<filename>makmaon_barbara/makmaon_barbara_pod_parusom_nadezhdy.fb2.zip</filename>
	<title>Макмаон Барбара. Под парусом надежды</title>
</book>
<book>
	<filename>makmaon_barbara/makmaon_barbara_tri_samye_schastlivye_nedeli.fb2.zip</filename>
	<title>Макмаон Барбара. Три самые счастливые недели</title>
</book>
<book>
	<filename>makmaon_barbara/makmaon_barbara_uragan_po_imeni_rafayel.fb2.zip</filename>
	<title>Макмаон Барбара. Ураган по имени Рафаэль</title>
</book>
<book>
	<filename>makmaon_barbara/makmaon_barbara_zapri_dver_v_proshloe.fb2.zip</filename>
	<title>Макмаон Барбара. Запри дверь в прошлое</title>
</book>
<book>
	<filename>makmertri_larri/makmertri_larri_gorod_strasti.fb2.zip</filename>
	<title>Макмертри Ларри. Город страсти</title>
</book>
<book>
	<filename>makmertri_larri/makmertri_larri_laskovye_imena.fb2.zip</filename>
	<title>Макмертри Ларри. Ласковые имена</title>
</book>
<book>
	<filename>makmullen_shon/makmullen_shon_puteshestvie_lunnoi_teni.fb2.zip</filename>
	<title>Макмуллен Шон. Путешествие «Лунной тени»</title>
</book>
<book>
	<filename>makmurtri_lyerri/makmurtri_lyerri_chyato_lyubimaya.fb2.zip</filename>
	<title>Макмуртри Лэрри. Чья-то любимая</title>
</book>
<book>
	<filename>makmurtri_lyerri/makmurtri_lyerri_odinokii_golub.fb2.zip</filename>
	<title>Макмуртри Лэрри. Одинокий голубь</title>
</book>
<book>
	<filename>makmurtri_lyerri/makmurtri_lyerri_pustynya_smerti.fb2.zip</filename>
	<title>Макмуртри Лэрри. Пустыня смерти</title>
</book>
<book>
	<filename>maknamara_kristofer/maknamara_kristofer_gorec_i.fb2.zip</filename>
	<title>Макнамара Кристофер Лоуренс. Горец I</title>
</book>
<book>
	<filename>maknamara_kristofer/maknamara_kristofer_gorec_ii.fb2.zip</filename>
	<title>Макнамара Кристофер Лоуренс. Горец II</title>
</book>
<book>
	<filename>maknamara_kristofer/maknamara_kristofer_gorec_iii.fb2.zip</filename>
	<title>Макнамара Кристофер Лоуренс. Горец III</title>
</book>
<book>
	<filename>maknamara_kristofer/maknamara_kristofer_gorec_iv.fb2.zip</filename>
	<title>Макнамара Кристофер Лоуренс. Горец IV</title>
</book>
<book>
	<filename>makneil_alister/makneil_alister_krasnaya_opasnost.fb2.zip</filename>
	<title>Макнейл Алистер. Красная опасность</title>
</book>
<book>
	<filename>makneil_alister/makneil_alister_nochnoi_dozor.fb2.zip</filename>
	<title>Макнейл Алистер. Ночной дозор</title>
</book>
<book>
	<filename>makneil_yelizabet/makneil_yelizabet_9_12_nedel.fb2.zip</filename>
	<title>Макнейл Элизабет. 9 1/2 недель</title>
</book>
<book>
	<filename>maknill_gryem/maknill_gryem_chernoe_solnce.fb2.zip</filename>
	<title>Макнилл Грэм. Черное солнце</title>
</book>
<book>
	<filename>maknill_gryem/maknill_gryem_nesushii_noch.fb2.zip</filename>
	<title>Макнилл Грэм. Несущий Ночь</title>
</book>
<book>
	<filename>maknill_gryem/maknill_gryem_posol.fb2.zip</filename>
	<title>Макнилл Грэм. Посол</title>
</book>
<book>
	<filename>maknill_gryem/maknill_gryem_voiny_ultramara.fb2.zip</filename>
	<title>Макнилл Грэм. Воины Ультрамара</title>
</book>
<book>
	<filename>maknill_gryem/maknill_gryem_zuby_ursuna.fb2.zip</filename>
	<title>Макнилл Грэм. Зубы Урсуна</title>
</book>
<book>
	<filename>maknis_luis/maknis_luis_temnaya_bashnya.fb2.zip</filename>
	<title>Макнис Луис Фредерик. Темная Башня</title>
</book>
<book>
	<filename>maknot_dzhudit/maknot_dzhudit_bitva_zhelanii.fb2.zip</filename>
	<title>Макнот Джудит. Битва желаний</title>
</book>
<book>
	<filename>maknot_dzhudit/maknot_dzhudit_blagoslovenie_nebes.fb2.zip</filename>
	<title>Макнот Джудит. Благословение небес</title>
</book>
<book>
	<filename>maknot_dzhudit/maknot_dzhudit_chto_ya_bez_tebya.fb2.zip</filename>
	<title>Макнот Джудит. Что я без тебя...</title>
</book>
<book>
	<filename>maknot_dzhudit/maknot_dzhudit_chudo_s_zamuzhestvom_dzhuliany.fb2.zip</filename>
	<title>Макнот Джудит. Чудо с замужеством Джулианы</title>
</book>
<book>
	<filename>maknot_dzhudit/maknot_dzhudit_eshe_odno_mgnovenie_ili_kazhdyi_tvoi_vzdoh.fb2.zip</filename>
	<title>Макнот Джудит. Еще одно мгновение, или Каждый твой вздох</title>
</book>
<book>
	<filename>maknot_dzhudit/maknot_dzhudit_iskusstvo_fotografa.fb2.zip</filename>
	<title>Макнот Джудит. Искусство фотографа</title>
</book>
<book>
	<filename>maknot_dzhudit/maknot_dzhudit_kazhdyi_tvoi_vzdoh.fb2.zip</filename>
	<title>Макнот Джудит. Каждый твой вздох</title>
</book>
<book>
	<filename>maknot_dzhudit/maknot_dzhudit_korolevstvo_grez.fb2.zip</filename>
	<title>Макнот Джудит. Королевство грез</title>
</book>
<book>
	<filename>maknot_dzhudit/maknot_dzhudit_nakonecto_vmeste.fb2.zip</filename>
	<title>Макнот Джудит. Наконец-то вместе</title>
</book>
<book>
	<filename>maknot_dzhudit/maknot_dzhudit_nechto_chudesnoe.fb2.zip</filename>
	<title>Макнот Джудит. Нечто чудесное</title>
</book>
<book>
	<filename>maknot_dzhudit/maknot_dzhudit_nochnye_shorohi.fb2.zip</filename>
	<title>Макнот Джудит. Ночные шорохи</title>
</book>
<book>
	<filename>maknot_dzhudit/maknot_dzhudit_pomnish_li_ty.fb2.zip</filename>
	<title>Макнот Джудит. Помнишь ли ты...</title>
</book>
<book>
	<filename>maknot_dzhudit/maknot_dzhudit_rai_tom_1.fb2.zip</filename>
	<title>Макнот Джудит. Рай. Том 1</title>
</book>
<book>
	<filename>maknot_dzhudit/maknot_dzhudit_rai_tom_2.fb2.zip</filename>
	<title>Макнот Джудит. Рай. Том 2</title>
</book>
<book>
	<filename>maknot_dzhudit/maknot_dzhudit_raz_i_navsegda.fb2.zip</filename>
	<title>Макнот Джудит. Раз и навсегда</title>
</book>
<book>
	<filename>maknot_dzhudit/maknot_dzhudit_samo_sovershenstvo_tom_1.fb2.zip</filename>
	<title>Макнот Джудит. Само совершенство. Том 1</title>
</book>
<book>
	<filename>maknot_dzhudit/maknot_dzhudit_samo_sovershenstvo_tom_2.fb2.zip</filename>
	<title>Макнот Джудит. Само совершенство. Том 2</title>
</book>
<book>
	<filename>maknot_dzhudit/maknot_dzhudit_triumf_nezhnosti.fb2.zip</filename>
	<title>Макнот Джудит. Триумф нежности</title>
</book>
<book>
	<filename>maknot_dzhudit/maknot_dzhudit_uitni_lyubimaya_tom_1.fb2.zip</filename>
	<title>Макнот Джудит. Уитни, любимая. Том 1</title>
</book>
<book>
	<filename>maknot_dzhudit/maknot_dzhudit_uitni_lyubimaya_tom_2.fb2.zip</filename>
	<title>Макнот Джудит. Уитни, любимая. Том 2</title>
</book>
<book>
	<filename>maknot_dzhudit/maknot_dzhudit_ukroshenie_lyubovyu_ili_uitni.fb2.zip</filename>
	<title>Макнот Джудит. Укрощение любовью, или Уитни</title>
</book>
<book>
	<filename>makorlan_per/makorlan_per_na_bortu_utrennei_zvezdy.fb2.zip</filename>
	<title>Мак-Орлан Пьер. На борту «Утренней звезды»</title>
</book>
<book>
	<filename>makouli_pol/makouli_pol_ditya_reki.fb2.zip</filename>
	<title>Макоули Пол. Дитя реки</title>
</book>
<book>
	<filename>makouli_pol/makouli_pol_korabl_drevnih.fb2.zip</filename>
	<title>Макоули Пол. Корабль древних</title>
</book>
<book>
	<filename>makouli_pol/makouli_pol_pryamikom_v_ad.fb2.zip</filename>
	<title>Макоули Пол. Прямиком в ад</title>
</book>
<book>
	<filename>makrobert_styuart/makrobert_styuart_dumai_bodibilding_bez_steroidov.fb2.zip</filename>
	<title>МакРоберт Стюарт. Думай! Бодибилдинг без стероидов!</title>
</book>
<book>
	<filename>makrobert_styuart/makrobert_styuart_ruki_titana.fb2.zip</filename>
	<title>МакРоберт Стюарт. Руки Титана</title>
</book>
<book>
	<filename>mak_ryei_melinda/mak_ryei_melinda_korol_vorov.fb2.zip</filename>
	<title>Мак Рэй Мелинда. Король воров</title>
</book>
<book>
	<filename>maksimenko_ninel/maksimenko_ninel_na_planete_ispolnivshihsya_zhelanii.fb2.zip</filename>
	<title>Максименко Нинель. На Планете Исполнившихся Желаний</title>
</book>
<book>
	<filename>maksimov_a/maksimov_a_rossiiskaya_prestupnost_kto_est_kto.fb2.zip</filename>
	<title>Максимов А. А. Российская преступность. Кто есть кто?</title>
</book>
<book>
	<filename>maksimov_albert/maksimov_albert_rus_kotoraya_byla.fb2.zip</filename>
	<title>Максимов Альберт. Русь, которая была</title>
</book>
<book>
	<filename>maksimov_mihail/maksimov_mihail_ocherk_o_serebre.fb2.zip</filename>
	<title>Максимов Михаил Маркович. Очерк о серебре</title>
</book>
<book>
	<filename>maksimov_zahar/maksimov_zahar_ostrov_ego_velichestva.fb2.zip</filename>
	<title>Максимов Захар. Остров «Его величества»</title>
</book>
<book>
	<filename>maksimushkin_andrei/maksimushkin_andrei_belyi_revansh.fb2.zip</filename>
	<title>Максимушкин Андрей. Белый реванш</title>
</book>
<book>
	<filename>maksimushkin_andrei/maksimushkin_andrei_krasnyi_revansh.fb2.zip</filename>
	<title>Максимушкин Андрей. Красный реванш</title>
</book>
<book>
	<filename>maksimushkin_andrei/maksimushkin_andrei_ogranichennyi_konflikt.fb2.zip</filename>
	<title>Максимушкин Андрей. Ограниченный конфликт</title>
</book>
<book>
	<filename>maksvell_kyeti/maksvell_kyeti_iskushenie_ledi.fb2.zip</filename>
	<title>Максвелл Кэти. Искушение леди</title>
</book>
<book>
	<filename>maksvell_kyeti/maksvell_kyeti_lyubovnaya_lihoradka.fb2.zip</filename>
	<title>Максвелл Кэти. Любовная лихорадка</title>
</book>
<book>
	<filename>maksvell_kyeti/maksvell_kyeti_obretennyi_rai.fb2.zip</filename>
	<title>Максвелл Кэти. Обретенный рай</title>
</book>
<book>
	<filename>maksvell_kyeti/maksvell_kyeti_skandalnyi_brak.fb2.zip</filename>
	<title>Максвелл Кэти. Скандальный брак</title>
</book>
<book>
	<filename>maksvell_kyeti/maksvell_kyeti_tvoya_navsegda.fb2.zip</filename>
	<title>Максвелл Кэти. Твоя навсегда</title>
</book>
<book>
	<filename>maksvell_yenn/maksvell_yenn_almaznyi_tigr.fb2.zip</filename>
	<title>Максвелл Энн. Алмазный тигр</title>
</book>
<book>
	<filename>maksvell_yenn/maksvell_yenn_nefritovyi_ostrov.fb2.zip</filename>
	<title>Максвелл Энн. Нефритовый остров</title>
</book>
<book>
	<filename>maksvell_yenn/maksvell_yenn_nezabudka.fb2.zip</filename>
	<title>Максвелл Энн. Незабудка</title>
</book>
<book>
	<filename>maksvell_yenn/maksvell_yenn_osennii_lyubovnik.fb2.zip</filename>
	<title>Максвелл Энн. Осенний любовник</title>
</book>
<book>
	<filename>maksvell_yenn/maksvell_yenn_rubinovoe_kolco.fb2.zip</filename>
	<title>Максвелл Энн. Рубиновое кольцо</title>
</book>
<book>
	<filename>maksvell_yenn/maksvell_yenn_rubinovyi_syurpriz.fb2.zip</filename>
	<title>Максвелл Энн. Рубиновый сюрприз</title>
</book>
<book>
	<filename>maksvell_yenn/maksvell_yenn_tainye_sestry.fb2.zip</filename>
	<title>Максвелл Энн. Тайные сестры</title>
</book>
<book>
	<filename>maksvell_yenn/maksvell_yenn_ten_i_shelk.fb2.zip</filename>
	<title>Максвелл Энн. Тень и шелк</title>
</book>
<book>
	<filename>maksvell_yenn/maksvell_yenn_tolko_lyubov.fb2.zip</filename>
	<title>Максвелл Энн. Только любовь</title>
</book>
<book>
	<filename>maksvell_yenn/maksvell_yenn_tolko_moya.fb2.zip</filename>
	<title>Максвелл Энн. Только моя</title>
</book>
<book>
	<filename>maksvell_yenn/maksvell_yenn_tolko_on.fb2.zip</filename>
	<title>Максвелл Энн. Только он</title>
</book>
<book>
	<filename>maksvell_yenn/maksvell_yenn_tolko_ty.fb2.zip</filename>
	<title>Максвелл Энн. Только ты</title>
</book>
<book>
	<filename>maksvell_yenn/maksvell_yenn_yantarnyi_plyazh.fb2.zip</filename>
	<title>Максвелл Энн. Янтарный пляж</title>
</book>
<book>
	<filename>maksvell_yenn/maksvell_yenn_zhemchuzhnaya_buhta.fb2.zip</filename>
	<title>Максвелл Энн. Жемчужная бухта</title>
</book>
<book>
	<filename>maksvell_yenn/maksvell_yenn_zimnii_ogon.fb2.zip</filename>
	<title>Максвелл Энн. Зимний огонь</title>
</book>
<book>
	<filename>maktavish_don/maktavish_don_skandalnaya_duyel.fb2.zip</filename>
	<title>Мактавиш Дон. Скандальная дуэль</title>
</book>
<book>
	<filename>makuilyams_dzhudit/makuilyams_dzhudit_bolshe_chem_strast.fb2.zip</filename>
	<title>Мак-Уильямс Джудит. Больше, чем страсть</title>
</book>
<book>
	<filename>makuilyams_dzhudit/makuilyams_dzhudit_kak_pomoch_pape.fb2.zip</filename>
	<title>Макуильямс Джудит. Как помочь папе</title>
</book>
<book>
	<filename>makushinskii_kornel/makushinskii_kornel_pan_nitochka.fb2.zip</filename>
	<title>Макушинский Корнель. Пан Ниточка</title>
</book>
<book>
	<filename>makushkin_oleg/makushkin_oleg_illyuzion.fb2.zip</filename>
	<title>Макушкин Олег. Иллюзион</title>
</book>
<book>
	<filename>makushkin_oleg/makushkin_oleg_kristallicheskaya_reshetka.fb2.zip</filename>
	<title>Макушкин Олег. Кристаллическая решетка</title>
</book>
<book>
	<filename>makushkin_oleg/makushkin_oleg_revolyucioner.fb2.zip</filename>
	<title>Макушкин Олег. Революционер</title>
</book>
<book>
	<filename>makvilyams_nyensi/makvilyams_nyensi_psihoanaliticheskaya_diagnostika_ponimanie_struktury_lichnosti_v_klinicheskom_processe.fb2.zip</filename>
	<title>Мак-вильямс Нэнси. Психоаналитическая диагностика: Понимание структуры личности в клиническом процессе</title>
</book>
<book>
	<filename>makyuen_iyen/makyuen_iyen_amsterdam.fb2.zip</filename>
	<title>Макьюен Иэн. Амстердам</title>
</book>
<book>
	<filename>makyuen_iyen/makyuen_iyen_nevinnyi_ili_osobye_otnosheniya.fb2.zip</filename>
	<title>Макьюен Иэн. Невинный, или Особые отношения</title>
</book>
<book>
	<filename>makyuyen_iyen/makyuyen_iyen_amsterdam.fb2.zip</filename>
	<title>Макьюэн Иэн. Амстердам</title>
</book>
<book>
	<filename>makyuyen_iyen/makyuyen_iyen_ditya_vo_vremeni.fb2.zip</filename>
	<title>Макьюэн Иэн. Дитя во времени</title>
</book>
<book>
	<filename>makyuyen_iyen/makyuyen_iyen_iskuplenie.fb2.zip</filename>
	<title>Макьюэн Иэн. Искупление</title>
</book>
<book>
	<filename>makyuyen_iyen/makyuyen_iyen_nevinnyi_ili_osobye_otnosheniya.fb2.zip</filename>
	<title>Макьюэн Иэн. Невинный, или Особые отношения</title>
</book>
<book>
	<filename>makyuyen_iyen/makyuyen_iyen_nevynosimaya_lyubov.fb2.zip</filename>
	<title>Макьюэн Иэн. Невыносимая любовь</title>
</book>
<book>
	<filename>makyuyen_iyen/makyuyen_iyen_stopkadr.fb2.zip</filename>
	<title>Макьюэн Иэн. Stop-кадр!</title>
</book>
<book>
	<filename>malahov_andrei/malahov_andrei_moi_lyubimye_blondinki.fb2.zip</filename>
	<title>Малахов Андрей. Мои любимые блондинки</title>
</book>
<book>
	<filename>malahov_gennadii/malahov_gennadii_ochishenie_organizma_i_zdorove.fb2.zip</filename>
	<title>Малахов Геннадий Петрович. Очищение организма и здоровье</title>
</book>
<book>
	<filename>malahov_gennadii/malahov_gennadii_samolechebnik_xxi_veka.fb2.zip</filename>
	<title>Малахов Геннадий Петрович. Самолечебник XXI века</title>
</book>
<book>
	<filename>malahov_gennadii/malahov_gennadii_zhizn_bez_parazitov.fb2.zip</filename>
	<title>Малахов Геннадий Петрович. Жизнь без паразитов</title>
</book>
<book>
	<filename>malahovskii_kim/malahovskii_kim_trizhdy_vokrug_sveta.fb2.zip</filename>
	<title>Малаховский Ким Владимирович. Трижды вокруг света</title>
</book>
<book>
	<filename>malaparte_kurcio/malaparte_kurcio_tehnika_gosudarstvennogo_perevorota.fb2.zip</filename>
	<title>Малапарте Курцио. Техника государственного переворота</title>
</book>
<book>
	<filename>malc_albert/malc_albert_chelovek_na_doroge.fb2.zip</filename>
	<title>Мальц Альберт. Человек на дороге</title>
</book>
<book>
	<filename>malc_albert/malc_albert_igra.fb2.zip</filename>
	<title>Мальц Альберт. Игра</title>
</book>
<book>
	<filename>malc_albert/malc_albert_pismo_s_fermy.fb2.zip</filename>
	<title>Мальц Альберт. Письмо с фермы</title>
</book>
<book>
	<filename>malc_albert/malc_albert_proshai.fb2.zip</filename>
	<title>Мальц Альберт. Прощай</title>
</book>
<book>
	<filename>malc_albert/malc_albert_samyi_schastlivyi_chelovek_na_svete.fb2.zip</filename>
	<title>Мальц Альберт. Самый счастливый человек на свете</title>
</book>
<book>
	<filename>malc_albert/malc_albert_takova_zhizn.fb2.zip</filename>
	<title>Мальц Альберт. Такова жизнь</title>
</book>
<book>
	<filename>malcev_stanislav/malcev_stanislav_priklyucheniya_dvuh_druzei.fb2.zip</filename>
	<title>Мальцев Станислав Владимирович. Приключения двух друзей</title>
</book>
<book>
	<filename>malek_dorin/malek_dorin_u_altarya_lyubvi.fb2.zip</filename>
	<title>Малек Дорин Оуэнс. У алтаря любви</title>
</book>
<book>
	<filename>malek_dorin/malek_dorin_vlyublennaya_plennica.fb2.zip</filename>
	<title>Малек Дорин Оуэнс. Влюбленная пленница</title>
</book>
<book>
	<filename>malek_dorin/malek_dorin_zhemchuzhina_garema.fb2.zip</filename>
	<title>Малек Дорин Оуэнс. Жемчужина гарема</title>
</book>
<book>
	<filename>male_leo/male_leo_kilometry_savanov.fb2.zip</filename>
	<title>Мале Лео. Километры саванов</title>
</book>
<book>
	<filename>male_leo/male_leo_korrida_na_eliseiskih_polyah.fb2.zip</filename>
	<title>Мале Лео. Коррида на Елисейских Полях</title>
</book>
<book>
	<filename>male_leo/male_leo_smert_rostovshika.fb2.zip</filename>
	<title>Мале Лео. Смерть ростовщика</title>
</book>
<book>
	<filename>male_leo/male_leo_tainy_odnogo_parizhskogo_bulvara.fb2.zip</filename>
	<title>Мале Лео. Тайны одного Парижского бульвара</title>
</book>
<book>
	<filename>male_leo/male_leo_za_luvrom_rozhdaetsya_solnce.fb2.zip</filename>
	<title>Мале Лео. За Лувром рождается солнце</title>
</book>
<book>
	<filename>malerba_luidzhi/malerba_luidzhi_grecheskii_ogon.fb2.zip</filename>
	<title>Малерба Луиджи. Греческий огонь</title>
</book>
<book>
	<filename>malerba_luidzhi/malerba_luidzhi_itaka_navsegda.fb2.zip</filename>
	<title>Малерба Луиджи. Итака навсегда</title>
</book>
<book>
	<filename>malerba_luidzhi/malerba_luidzhi_moccikoni.fb2.zip</filename>
	<title>Малерба Луиджи. Моццикони</title>
</book>
<book>
	<filename>malerba_luidzhi/malerba_luidzhi_zmeya.fb2.zip</filename>
	<title>Малерба Луиджи. Змея</title>
</book>
<book>
	<filename>maleze_kristian/maleze_kristian_dyadyushka_fistus_ili_sekretnye_agenty_iz_volshebnoi_strany.fb2.zip</filename>
	<title>Малезье Кристиан. Дядюшка Фистус, или Секретные агенты из Волшебной страны</title>
</book>
<book>
	<filename>malhanova_inna/malhanova_inna_shkola_dlya_trudnyh_roditelei_kazhdyi_mozhet_stat_pedagogom.fb2.zip</filename>
	<title>Мальханова Инна Анатольевна. Школа для трудных родителей: Каждый может стать педагогом</title>
</book>
<book>
	<filename>malickii_sergei/malickii_sergei_kameshek_v_zhernovah.fb2.zip</filename>
	<title>Малицкий Сергей. Камешек в жерновах</title>
</book>
<book>
	<filename>malickii_sergei/malickii_sergei_otschet_tenei.fb2.zip</filename>
	<title>Малицкий Сергей. Отсчет теней</title>
</book>
<book>
	<filename>malickii_sergei/malickii_sergei_vozvrashenie_alatelya.fb2.zip</filename>
	<title>Малицкий Сергей. Возвращение Алателя</title>
</book>
<book>
	<filename>malik_vladimir/malik_vladimir_chyornyi_vsadnik.fb2.zip</filename>
	<title>Малик Владимир Кириллович. Чёрный всадник</title>
</book>
<book>
	<filename>malik_vladimir/malik_vladimir_firman_sultana.fb2.zip</filename>
	<title>Малик Владимир Кириллович. Фирман султана</title>
</book>
<book>
	<filename>malik_vladimir/malik_vladimir_posol_urusshaitana_nevolnik.fb2.zip</filename>
	<title>Малик Владимир Кириллович. Посол Урус-Шайтана [Невольник]</title>
</book>
<book>
	<filename>malik_vladimir/malik_vladimir_shyolkovyi_shnurok.fb2.zip</filename>
	<title>Малик Владимир Кириллович. Шёлковый шнурок</title>
</book>
<book>
	<filename>malinin_evgenii/malinin_evgenii_bratstvo_konca.fb2.zip</filename>
	<title>Малинин Евгений. Братство Конца</title>
</book>
<book>
	<filename>malinin_evgenii/malinin_evgenii_drakone_gore.fb2.zip</filename>
	<title>Малинин Евгений. Драконье горе</title>
</book>
<book>
	<filename>malinin_evgenii/malinin_evgenii_drakonya_alchnost.fb2.zip</filename>
	<title>Малинин Евгений. Драконья алчность</title>
</book>
<book>
	<filename>malinin_evgenii/malinin_evgenii_drakonya_alchnost_ili_delo_almaznogo_fonda.fb2.zip</filename>
	<title>Малинин Евгений. Драконья алчность, или Дело Алмазного Фонда</title>
</book>
<book>
	<filename>malinin_evgenii/malinin_evgenii_drakonya_lyubov_ili_delo_polumertvoi_carevny.fb2.zip</filename>
	<title>Малинин Евгений. Драконья любовь, или Дело полумертвой царевны</title>
</book>
<book>
	<filename>malinin_evgenii/malinin_evgenii_drakonya_nenavist_ili_delo_vrachei.fb2.zip</filename>
	<title>Малинин Евгений. Драконья ненависть, или Дело врачей</title>
</book>
<book>
	<filename>malinin_evgenii/malinin_evgenii_mag.fb2.zip</filename>
	<title>Малинин Евгений. Маг</title>
</book>
<book>
	<filename>malinin_evgenii/malinin_evgenii_magistr.fb2.zip</filename>
	<title>Малинин Евгений. Магистр</title>
</book>
<book>
	<filename>malinin_evgenii/malinin_evgenii_myatezh.fb2.zip</filename>
	<title>Малинин Евгений. Мятеж</title>
</book>
<book>
	<filename>malinin_evgenii/malinin_evgenii_razdelennyi_mir.fb2.zip</filename>
	<title>Малинин Евгений. Разделенный Мир</title>
</book>
<book>
	<filename>malinin_evgenii/malinin_evgenii_shut_korolevy_kiny.fb2.zip</filename>
	<title>Малинин Евгений. Шут королевы Кины</title>
</book>
<book>
	<filename>malinin_evgenii/malinin_evgenii_uchenik.fb2.zip</filename>
	<title>Малинин Евгений. Ученик</title>
</book>
<book>
	<filename>malkov_pavel/malkov_pavel_zapiski_komendanta_kremlya.fb2.zip</filename>
	<title>Мальков Павел Дмитриевич. Записки коменданта Кремля</title>
</book>
<book>
	<filename>malkov_semen/malkov_semen_golubaya_krov.fb2.zip</filename>
	<title>Малков Семен. Голубая кровь</title>
</book>
<book>
	<filename>malkov_semen/malkov_semen_rasplata.fb2.zip</filename>
	<title>Малков Семен. Расплата</title>
</book>
<book>
	<filename>malkov_semen/malkov_semen_shantazh.fb2.zip</filename>
	<title>Малков Семен. Шантаж</title>
</book>
<book>
	<filename>malkov_semen/malkov_semen_zolotaya_kletka.fb2.zip</filename>
	<title>Малков Семен. Золотая клетка</title>
</book>
<book>
	<filename>mallen_patriciya/mallen_patriciya_poveliteli_kamnei.fb2.zip</filename>
	<title>Маллен Патриция. Повелители камней</title>
</book>
<book>
	<filename>mallett_dyeril/mallett_dyeril_baiki_iz_dvorca_dzhabby_hatta15_lishennyi_dara_rechi_istoriya_bubo.fb2.zip</filename>
	<title>Маллетт Дэрил. Байки из дворца Джаббы Хатта-15: Лишенный дара речи (История Бубо)</title>
</book>
<book>
	<filename>mallinz_debra/mallinz_debra_dve_nedeli_s_neznakomcem.fb2.zip</filename>
	<title>Маллинз Дебра. Две недели с незнакомцем</title>
</book>
<book>
	<filename>mallinz_debra/mallinz_debra_lyubovnica_pirata.fb2.zip</filename>
	<title>Маллинз Дебра. Любовница пирата</title>
</book>
<book>
	<filename>mallinz_debra/mallinz_debra_noch_nakanune_svadby.fb2.zip</filename>
	<title>Маллинз Дебра. Ночь накануне свадьбы</title>
</book>
<book>
	<filename>mallinz_debra/mallinz_debra_plenitelnyi_obman.fb2.zip</filename>
	<title>Маллинз Дебра. Пленительный обман</title>
</book>
<book>
	<filename>mallinz_debra/mallinz_debra_po_zakonu_strasti.fb2.zip</filename>
	<title>Маллинз Дебра. По закону страсти</title>
</book>
<book>
	<filename>mallinz_debra/mallinz_debra_tri_nochi.fb2.zip</filename>
	<title>Маллинз Дебра. Три ночи</title>
</book>
<book>
	<filename>mallinz_debra/mallinz_debra_tvoe_prikosnovenie.fb2.zip</filename>
	<title>Маллинз Дебра. Твое прикосновение</title>
</book>
<book>
	<filename>mallinz_debra/mallinz_debra_v_tvoei_bezrazdelnoi_vlasti.fb2.zip</filename>
	<title>Маллинз Дебра. В твоей безраздельной власти</title>
</book>
<book>
	<filename>malmuzi_luchano/malmuzi_luchano_neandertalskii_malchik_v_shkole_i_doma.fb2.zip</filename>
	<title>Мальмузи Лучано. Неандертальский мальчик в школе и дома</title>
</book>
<book>
	<filename>malo_gektor/malo_gektor_bez_semi.fb2.zip</filename>
	<title>Мало Гектор. Без семьи</title>
</book>
<book>
	<filename>malov_vladimir/malov_vladimir_100_velikih_futbolistov.fb2.zip</filename>
	<title>Малов Владимир. 100 великих футболистов</title>
</book>
<book>
	<filename>malov_vladimir/malov_vladimir_carskie_knigi.fb2.zip</filename>
	<title>Малов Владимир. Царские книги</title>
</book>
<book>
	<filename>malov_vladimir/malov_vladimir_devyatnadcat_mest_v_mashine_vremeni.fb2.zip</filename>
	<title>Малов Владимир. Девятнадцать мест в машине времени</title>
</book>
<book>
	<filename>malov_vladimir/malov_vladimir_ochen_tainstvennyi_ostrov.fb2.zip</filename>
	<title>Малов Владимир. Очень таинственный остров</title>
</book>
<book>
	<filename>malov_vladimir/malov_vladimir_rycari.fb2.zip</filename>
	<title>Малов Владимир. Рыцари</title>
</book>
<book>
	<filename>malov_vladimir/malov_vladimir_tot_kto_vernetsya.fb2.zip</filename>
	<title>Малов Владимир. Тот, кто вернется!</title>
</book>
<book>
	<filename>malro_andre/malro_andre_korolevskaya_doroga.fb2.zip</filename>
	<title>Мальро Андре. Королевская дорога</title>
</book>
<book>
	<filename>malro_andre/malro_andre_zavoevateli.fb2.zip</filename>
	<title>Мальро Андре. Завоеватели</title>
</book>
<book>
	<filename>malsid_mark/malsid_mark_google_proryv_v_duhe_vremeni.fb2.zip</filename>
	<title>Малсид Марк. Google. Прорыв в духе времени</title>
</book>
<book>
	<filename>malysheva_anna/malysheva_anna_imya_smert.fb2.zip</filename>
	<title>Малышева Анна. Имя – Смерть</title>
</book>
<book>
	<filename>malysheva_anna/malysheva_anna_inogda_polezno_imet_plohuyu_pamyat.fb2.zip</filename>
	<title>Малышева Анна. Иногда полезно иметь плохую память</title>
</book>
<book>
	<filename>malysheva_anna/malysheva_anna_kazhdyi_lyubit_kak_umeet.fb2.zip</filename>
	<title>Малышева Анна. Каждый любит как умеет</title>
</book>
<book>
	<filename>malysheva_anna/malysheva_anna_kogda_otstupat_nekuda_derutsya_nasmert.fb2.zip</filename>
	<title>Малышева Анна. Когда отступать некуда, дерутся насмерть</title>
</book>
<book>
	<filename>malysheva_anna/malysheva_anna_kto_pridet_menya_ubit.fb2.zip</filename>
	<title>Малышева Анна. Кто придет меня убить?</title>
</book>
<book>
	<filename>malysheva_anna/malysheva_anna_lico_v_teni.fb2.zip</filename>
	<title>Малышева Анна. Лицо в тени</title>
</book>
<book>
	<filename>malysheva_anna/malysheva_anna_nezhnoe_dyhanie_smerti.fb2.zip</filename>
	<title>Малышева Анна Витальевна. Нежное дыхание смерти</title>
</book>
<book>
	<filename>malysheva_anna/malysheva_anna_nikogda_ne_zagovarivaite_s_neizvestnymi.fb2.zip</filename>
	<title>Малышева Анна. Никогда не заговаривайте с неизвестными</title>
</book>
<book>
	<filename>malysheva_anna/malysheva_anna_noch_opasna.fb2.zip</filename>
	<title>Малышева Анна. Ночь опасна</title>
</book>
<book>
	<filename>malysheva_anna/malysheva_anna_otravlennaya_zhizn.fb2.zip</filename>
	<title>Малышева Анна. Отравленная жизнь</title>
</book>
<book>
	<filename>malysheva_anna/malysheva_anna_passazhir_bez_bagazha.fb2.zip</filename>
	<title>Малышева Анна. Пассажир без багажа</title>
</book>
<book>
	<filename>malysheva_anna/malysheva_anna_razbitye_maski.fb2.zip</filename>
	<title>Малышева Анна. Разбитые маски</title>
</book>
<book>
	<filename>malysheva_anna/malysheva_anna_strah_pered_strahom.fb2.zip</filename>
	<title>Малышева Анна. Страх перед страхом</title>
</book>
<book>
	<filename>malysheva_anna/malysheva_anna_striptiz_pered_smertyu.fb2.zip</filename>
	<title>Малышева Анна. Стриптиз перед смертью</title>
</book>
<book>
	<filename>malysheva_anna/malysheva_anna_tambur.fb2.zip</filename>
	<title>Малышева Анна. Тамбур</title>
</book>
<book>
	<filename>malysheva_anna/malysheva_anna_vkus_ubiistva.fb2.zip</filename>
	<title>Малышева Анна. Вкус убийства</title>
</book>
<book>
	<filename>malysheva_anna/malysheva_anna_zachem_tebe_alibi.fb2.zip</filename>
	<title>Малышева Анна. Зачем тебе алиби…</title>
</book>
<book>
	<filename>malysheva_anna/malysheva_anna_zapadnya.fb2.zip</filename>
	<title>Малышева Анна. Западня</title>
</book>
<book>
	<filename>malysheva_anna/malysheva_anna_zapasnoi_vyhod.fb2.zip</filename>
	<title>Малышева Анна. Запасной выход</title>
</book>
<book>
	<filename>malysheva_elena/malysheva_elena_sobaka_na_kachelyah.fb2.zip</filename>
	<title>Малышева Елена. Собака на качелях</title>
</book>
<book>
	<filename>mamaev_saifulla/mamaev_saifulla_bliznecy_tom_1.fb2.zip</filename>
	<title>Мамаев Сайфулла. Близнецы. Том 1</title>
</book>
<book>
	<filename>mamaev_saifulla/mamaev_saifulla_bliznecy_tom_2.fb2.zip</filename>
	<title>Мамаев Сайфулла. Близнецы. Том 2</title>
</book>
<book>
	<filename>mamaev_saifulla/mamaev_saifulla_golos_ryka.fb2.zip</filename>
	<title>Мамаев Сайфулла. Голос Рыка</title>
</book>
<book>
	<filename>mamaev_saifulla/mamaev_saifulla_ledyanaya_ptica.fb2.zip</filename>
	<title>Мамаев Сайфулла. Ледяная птица</title>
</book>
<book>
	<filename>mamaev_saifulla/mamaev_saifulla_restavrator.fb2.zip</filename>
	<title>Мамаев Сайфулла. Реставратор</title>
</book>
<book>
	<filename>mamardashvili_merab/mamardashvili_merab_dyavol_igraet_nami_kogda_my_ne_myslim_tochno.fb2.zip</filename>
	<title>Мамардашвили Мераб. Дьявол играет нами, когда мы не мыслим точно</title>
</book>
<book>
	<filename>mamardashvili_merab/mamardashvili_merab_kantianskie_variacii.fb2.zip</filename>
	<title>Мамардашвили Мераб. Кантианские вариации</title>
</book>
<book>
	<filename>mamardashvili_merab/mamardashvili_merab_kartezianskie_razmyshleniya.fb2.zip</filename>
	<title>Мамардашвили Мераб. Картезианские размышления</title>
</book>
<book>
	<filename>mamardashvili_merab/mamardashvili_merab_psihologicheskaya_topologiya_puti.fb2.zip</filename>
	<title>Мамардашвили Мераб. Психологическая топология пути</title>
</book>
<book>
	<filename>maminsibiryak_dmitrii/maminsibiryak_dmitrii_akbozat.fb2.zip</filename>
	<title>Мамин-Сибиряк Дмитрий Наркисович. Ак-Бозат</title>
</book>
<book>
	<filename>maminsibiryak_dmitrii/maminsibiryak_dmitrii_alyonushkiny_skazki.fb2.zip</filename>
	<title>Мамин-Сибиряк Дмитрий Наркисович. Алёнушкины сказки</title>
</book>
<book>
	<filename>maminsibiryak_dmitrii/maminsibiryak_dmitrii_balaburda.fb2.zip</filename>
	<title>Мамин-Сибиряк Дмитрий Наркисович. Балабурда</title>
</book>
<book>
	<filename>maminsibiryak_dmitrii/maminsibiryak_dmitrii_boicy.fb2.zip</filename>
	<title>Мамин-Сибиряк Дмитрий Наркисович. Бойцы</title>
</book>
<book>
	<filename>maminsibiryak_dmitrii/maminsibiryak_dmitrii_bratya_gordeevy.fb2.zip</filename>
	<title>Мамин-Сибиряк Дмитрий Наркисович. Братья Гордеевы</title>
</book>
<book>
	<filename>maminsibiryak_dmitrii/maminsibiryak_dmitrii_cherty_iz_zhizni_pepko.fb2.zip</filename>
	<title>Мамин-Сибиряк Дмитрий Наркисович. Черты из жизни Пепко</title>
</book>
<book>
	<filename>maminsibiryak_dmitrii/maminsibiryak_dmitrii_durnoi_tovarish.fb2.zip</filename>
	<title>Мамин-Сибиряк Дмитрий Наркисович. Дурной товарищ</title>
</book>
<book>
	<filename>maminsibiryak_dmitrii/maminsibiryak_dmitrii_emelyaohotnik.fb2.zip</filename>
	<title>Мамин-Сибиряк Дмитрий Наркисович. Емеля-охотник</title>
</book>
<book>
	<filename>maminsibiryak_dmitrii/maminsibiryak_dmitrii_hleb.fb2.zip</filename>
	<title>Мамин-Сибиряк Дмитрий Наркисович. Хлеб</title>
</book>
<book>
	<filename>maminsibiryak_dmitrii/maminsibiryak_dmitrii_klad.fb2.zip</filename>
	<title>Мамин-Сибиряк Дмитрий Наркисович. Клад</title>
</book>
<book>
	<filename>maminsibiryak_dmitrii/maminsibiryak_dmitrii_kormilec.fb2.zip</filename>
	<title>Мамин-Сибиряк Дмитрий Наркисович. Кормилец</title>
</book>
<book>
	<filename>maminsibiryak_dmitrii/maminsibiryak_dmitrii_krupichataya.fb2.zip</filename>
	<title>Мамин-Сибиряк Дмитрий Наркисович. Крупичатая</title>
</book>
<book>
	<filename>maminsibiryak_dmitrii/maminsibiryak_dmitrii_lesnaya_skazka.fb2.zip</filename>
	<title>Мамин-Сибиряк Дмитрий Наркисович. Лесная сказка</title>
</book>
<book>
	<filename>maminsibiryak_dmitrii/maminsibiryak_dmitrii_malinovye_gory.fb2.zip</filename>
	<title>Мамин-Сибиряк Дмитрий Наркисович. Малиновые горы</title>
</book>
<book>
	<filename>maminsibiryak_dmitrii/maminsibiryak_dmitrii_medvedko.fb2.zip</filename>
	<title>Мамин-Сибиряк Дмитрий Наркисович. Meдведко</title>
</book>
<book>
	<filename>maminsibiryak_dmitrii/maminsibiryak_dmitrii_na_puti.fb2.zip</filename>
	<title>Мамин-Сибиряк Дмитрий Наркисович. На пути</title>
</book>
<book>
	<filename>maminsibiryak_dmitrii/maminsibiryak_dmitrii_na_reke_chusovoi.fb2.zip</filename>
	<title>Мамин-Сибиряк Дмитрий Наркисович. На реке Чусовой</title>
</book>
<book>
	<filename>maminsibiryak_dmitrii/maminsibiryak_dmitrii_ohoniny_brovi.fb2.zip</filename>
	<title>Мамин-Сибиряк Дмитрий Наркисович. Охонины брови</title>
</book>
<book>
	<filename>maminsibiryak_dmitrii/maminsibiryak_dmitrii_okolo_nodi.fb2.zip</filename>
	<title>Мамин-Сибиряк Дмитрий Наркисович. Около нодьи</title>
</book>
<book>
	<filename>maminsibiryak_dmitrii/maminsibiryak_dmitrii_ozornik.fb2.zip</filename>
	<title>Мамин-Сибиряк Дмитрий Наркисович. Озорник</title>
</book>
<book>
	<filename>maminsibiryak_dmitrii/maminsibiryak_dmitrii_pir_goroi.fb2.zip</filename>
	<title>Мамин-Сибиряк Дмитрий Наркисович. Пир горой</title>
</book>
<book>
	<filename>maminsibiryak_dmitrii/maminsibiryak_dmitrii_pod_domnoi.fb2.zip</filename>
	<title>Мамин-Сибиряк Дмитрий Наркисович. Под домной</title>
</book>
<book>
	<filename>maminsibiryak_dmitrii/maminsibiryak_dmitrii_podsnezhnik.fb2.zip</filename>
	<title>Мамин-Сибиряк Дмитрий Наркисович. Подснежник</title>
</book>
<book>
	<filename>maminsibiryak_dmitrii/maminsibiryak_dmitrii_pod_zemlei.fb2.zip</filename>
	<title>Мамин-Сибиряк Дмитрий Наркисович. Под землей</title>
</book>
<book>
	<filename>maminsibiryak_dmitrii/maminsibiryak_dmitrii_postoiko.fb2.zip</filename>
	<title>Мамин-Сибиряк Дмитрий Наркисович. Постойко</title>
</book>
<book>
	<filename>maminsibiryak_dmitrii/maminsibiryak_dmitrii_priemysh.fb2.zip</filename>
	<title>Мамин-Сибиряк Дмитрий Наркисович. Приемыш</title>
</book>
<book>
	<filename>maminsibiryak_dmitrii/maminsibiryak_dmitrii_privalovskie_milliony.fb2.zip</filename>
	<title>Мамин-Сибиряк Дмитрий Наркисович. Приваловские миллионы</title>
</book>
<book>
	<filename>maminsibiryak_dmitrii/maminsibiryak_dmitrii_seraya_sheika.fb2.zip</filename>
	<title>Мамин-Сибиряк Дмитрий Наркисович. Серая Шейка</title>
</book>
<book>
	<filename>maminsibiryak_dmitrii/maminsibiryak_dmitrii_s_golodu.fb2.zip</filename>
	<title>Мамин-Сибиряк Дмитрий Наркисович. С голоду</title>
</book>
<book>
	<filename>maminsibiryak_dmitrii/maminsibiryak_dmitrii_tri_konca.fb2.zip</filename>
	<title>Мамин-Сибиряк Дмитрий Наркисович. Три конца</title>
</book>
<book>
	<filename>maminsibiryak_dmitrii/maminsibiryak_dmitrii_upryamyi_kozel.fb2.zip</filename>
	<title>Мамин-Сибиряк Дмитрий Наркисович. Упрямый козел</title>
</book>
<book>
	<filename>maminsibiryak_dmitrii/maminsibiryak_dmitrii_v_bolote.fb2.zip</filename>
	<title>Мамин-Сибиряк Дмитрий Наркисович. В болоте</title>
</book>
<book>
	<filename>maminsibiryak_dmitrii/maminsibiryak_dmitrii_vernyi_rab.fb2.zip</filename>
	<title>Мамин-Сибиряк Дмитрий Наркисович. Верный раб</title>
</book>
<book>
	<filename>maminsibiryak_dmitrii/maminsibiryak_dmitrii_vertel.fb2.zip</filename>
	<title>Мамин-Сибиряк Дмитрий Наркисович. Вертел</title>
</book>
<book>
	<filename>maminsibiryak_dmitrii/maminsibiryak_dmitrii_v_glushi.fb2.zip</filename>
	<title>Мамин-Сибиряк Дмитрий Наркисович. В глуши</title>
</book>
<book>
	<filename>maminsibiryak_dmitrii/maminsibiryak_dmitrii_v_gorah.fb2.zip</filename>
	<title>Мамин-Сибиряк Дмитрий Наркисович. В горах</title>
</book>
<book>
	<filename>maminsibiryak_dmitrii/maminsibiryak_dmitrii_v_hudyh_dushah.fb2.zip</filename>
	<title>Мамин-Сибиряк Дмитрий Наркисович. “в худых душах...”</title>
</book>
<book>
	<filename>maminsibiryak_dmitrii/maminsibiryak_dmitrii_v_kamennom_kolodce.fb2.zip</filename>
	<title>Мамин-Сибиряк Дмитрий Наркисович. В каменном колодце</title>
</book>
<book>
	<filename>maminsibiryak_dmitrii/maminsibiryak_dmitrii_volnyi_chelovek_yashka.fb2.zip</filename>
	<title>Мамин-Сибиряк Дмитрий Наркисович. Вольный человек Яшка</title>
</book>
<book>
	<filename>maminsibiryak_dmitrii/maminsibiryak_dmitrii_volshebnik.fb2.zip</filename>
	<title>Мамин-Сибиряк Дмитрий Наркисович. Волшебник</title>
</book>
<book>
	<filename>maminsibiryak_dmitrii/maminsibiryak_dmitrii_v_uchene.fb2.zip</filename>
	<title>Мамин-Сибиряк Дмитрий Наркисович. В ученье</title>
</book>
<book>
	<filename>maminsibiryak_dmitrii/maminsibiryak_dmitrii_zelenaya_voina.fb2.zip</filename>
	<title>Мамин-Сибиряк Дмитрий Наркисович. Зеленая война</title>
</book>
<book>
	<filename>maminsibiryak_dmitrii/maminsibiryak_dmitrii_zimove_na_studenoi.fb2.zip</filename>
	<title>Мамин-Сибиряк Дмитрий Наркисович. Зимовье на Студеной</title>
</book>
<book>
	<filename>maminsibiryak_dmitrii/maminsibiryak_dmitrii_zolotaya_noch.fb2.zip</filename>
	<title>Мамин-Сибиряк Дмитрий Наркисович. Золотая ночь</title>
</book>
<book>
	<filename>maminsibiryak_dmitrii/maminsibiryak_dmitrii_zoloto.fb2.zip</filename>
	<title>Мамин-Сибиряк Дмитрий Наркисович. Золото</title>
</book>
<book>
	<filename>maminsibiryak_dmitrii/maminsibiryak_dmitrii_zolotuha.fb2.zip</filename>
	<title>Мамин-Сибиряк Дмитрий Наркисович. Золотуха</title>
</book>

</books>

