<?xml version="1.0" encoding="UTF-8" ?>
<books>
<book>
	<filename>marshak_samuil/marshak_samuil_detki_v_kletke.fb2.zip</filename>
	<title>Маршак Самуил Яковлевич. Детки в клетке</title>
</book>
<book>
	<filename>marshak_samuil/marshak_samuil_vot_kakoi_rasseyannyi.fb2.zip</filename>
	<title>Маршак Самуил Яковлевич. Вот какой рассеянный</title>
</book>
<book>
	<filename>marshak_sandra/marshak_sandra_treugolnik.fb2.zip</filename>
	<title>Маршак Сандра. Треугольник</title>
</book>
<book>
	<filename>marshall_maikl/marshall_maikl_solomennye_lyudi.fb2.zip</filename>
	<title>Маршалл Майкл. Соломенные люди</title>
</book>
<book>
	<filename>marshall_paola/marshall_paola_angliiskii_podsnezhnik.fb2.zip</filename>
	<title>Маршалл Паола. Английский подснежник</title>
</book>
<book>
	<filename>marshall_paola/marshall_paola_korolevskoe_predlozhenie.fb2.zip</filename>
	<title>Маршалл Паола. Королевское предложение</title>
</book>
<book>
	<filename>marshall_paola/marshall_paola_moi_lyubimyi_princ.fb2.zip</filename>
	<title>Маршалл Паола. Мой любимый принц</title>
</book>
<book>
	<filename>marshall_paola/marshall_paola_na_altar_lyubvi.fb2.zip</filename>
	<title>Маршалл Паола. На алтарь любви</title>
</book>
<book>
	<filename>marshall_paola/marshall_paola_sekretnaya_missiya.fb2.zip</filename>
	<title>Маршалл Паола. Секретная миссия</title>
</book>
<book>
	<filename>marshall_paola/marshall_paola_velikosvetskie_igry.fb2.zip</filename>
	<title>Маршалл Паола. Великосветские игры</title>
</book>
<book>
	<filename>marshall_paola/marshall_paola_yemma_i_graf.fb2.zip</filename>
	<title>Маршалл Паола. Эмма и граф</title>
</book>
<book>
	<filename>marshall_paola/marshall_paola_zhemchuzhina_sidneya.fb2.zip</filename>
	<title>Маршалл Паола. Жемчужина Сиднея</title>
</book>
<book>
	<filename>marshall_yedison/marshall_yedison_viking.fb2.zip</filename>
	<title>Маршалл Эдисон. Викинг</title>
</book>
<book>
	<filename>marshall_yedrian/marshall_yedrian_milyi_davai_pozhenimsya.fb2.zip</filename>
	<title>Маршалл Эдриан. Милый, давай поженимся</title>
</book>
<book>
	<filename>marsh_naio/marsh_naio_chernee_chyornogo.fb2.zip</filename>
	<title>Марш Найо. Чернее чёрного</title>
</book>
<book>
	<filename>marsh_naio/marsh_naio_igra_v_ubiistvo.fb2.zip</filename>
	<title>Марш Найо. Игра в убийство</title>
</book>
<book>
	<filename>marsh_naio/marsh_naio_istochnik_soblaznov.fb2.zip</filename>
	<title>Марш Найо. Источник соблазнов</title>
</book>
<book>
	<filename>marsh_naio/marsh_naio_mayestro_vy_ubiica.fb2.zip</filename>
	<title>Марш Найо. Маэстро, вы убийца!</title>
</book>
<book>
	<filename>marsh_naio/marsh_naio_na_kazhdom_shagu_konstebli.fb2.zip</filename>
	<title>Марш Найо. На каждом шагу констебли</title>
</book>
<book>
	<filename>marsh_naio/marsh_naio_obmanchivyi_blesk_mishury.fb2.zip</filename>
	<title>Марш Найо. Обманчивый блеск мишуры</title>
</book>
<book>
	<filename>marsh_naio/marsh_naio_ruru.fb2.zip</filename>
	<title>Марш Найо. Ру-ру</title>
</book>
<book>
	<filename>marsh_naio/marsh_naio_smert_v_teatre_delfin.fb2.zip</filename>
	<title>Марш Найо. Смерть в театре «Дельфин»</title>
</book>
<book>
	<filename>marsh_naio/marsh_naio_uvertyura_k_smerti.fb2.zip</filename>
	<title>Марш Найо. Увертюра к смерти</title>
</book>
<book>
	<filename>marsh_naio/marsh_naio_zaklyate_drevnih_maori.fb2.zip</filename>
	<title>Марш Найо. Заклятье древних Маори</title>
</book>
<book>
	<filename>marsh_naio/marsh_naio_zanaves_opuskaetsya.fb2.zip</filename>
	<title>Марш Найо. Занавес опускается</title>
</book>
<book>
	<filename>marsh_nikola/marsh_nikola_staromodnaya_lyubov.fb2.zip</filename>
	<title>Марш Никола. Старомодная любовь</title>
</book>
<book>
	<filename>marsh_yellen/marsh_yellen_begstvo_ot_grez.fb2.zip</filename>
	<title>Марш Эллен Таннер. Бегство от грез</title>
</book>
<book>
	<filename>marsh_yellen/marsh_yellen_gordyachka.fb2.zip</filename>
	<title>Марш Эллен Таннер. Гордячка</title>
</book>
<book>
	<filename>marsh_yellen/marsh_yellen_ocharovannaya_nevesta.fb2.zip</filename>
	<title>Марш Эллен Таннер. Очарованная невеста</title>
</book>
<book>
	<filename>marsh_yellen/marsh_yellen_ocharovannyi_princ.fb2.zip</filename>
	<title>Марш Эллен Таннер. Очарованный принц</title>
</book>
<book>
	<filename>marsh_yellen/marsh_yellen_podari_mne_rai.fb2.zip</filename>
	<title>Марш Эллен Таннер. Подари мне рай</title>
</book>
<book>
	<filename>marsh_yellen/marsh_yellen_pozhnesh_buryu.fb2.zip</filename>
	<title>Марш Эллен Таннер. Пожнешь бурю</title>
</book>
<book>
	<filename>marsh_yellen/marsh_yellen_ukroshenie_stroptivyh.fb2.zip</filename>
	<title>Марш Эллен Таннер. Укрощение строптивых</title>
</book>
<book>
	<filename>marsh_yellen/marsh_yellen_upryamica.fb2.zip</filename>
	<title>Марш Эллен Таннер. Упрямица</title>
</book>
<book>
	<filename>marsh_yellen/marsh_yellen_velikolepie_shelka.fb2.zip</filename>
	<title>Марш Эллен Таннер. Великолепие шелка</title>
</book>
<book>
	<filename>marsh_yellen/marsh_yellen_zagadochnyi_suprug.fb2.zip</filename>
	<title>Марш Эллен Таннер. Загадочный супруг</title>
</book>
<book>
	<filename>marso_felisen/marso_felisen_yaico.fb2.zip</filename>
	<title>Марсо Фелисьен. Яйцо</title>
</book>
<book>
	<filename>martella_morin/martella_morin_devushka_hochet_poveselitsya.fb2.zip</filename>
	<title>Мартелла Морин. Девушка хочет повеселиться</title>
</book>
<book>
	<filename>martel_yann/martel_yann_zhizn_pi.fb2.zip</filename>
	<title>Мартел Янн. Жизнь Пи</title>
</book>
<book>
	<filename>marten_zhaklin/marten_zhaklin_pocelui_menya_katriona.fb2.zip</filename>
	<title>Мартен Жаклин. Поцелуй меня, Катриона</title>
</book>
<book>
	<filename>marten_zhaklin/marten_zhaklin_sorvat_rozu.fb2.zip</filename>
	<title>Мартен Жаклин. Сорвать розу</title>
</book>
<book>
	<filename>martin_debora/martin_debora_kreolskaya_nevesta.fb2.zip</filename>
	<title>Мартин Дебора. Креольская невеста</title>
</book>
<book>
	<filename>martin_debora/martin_debora_kreolskie_nochi.fb2.zip</filename>
	<title>Мартин Дебора. Креольские ночи</title>
</book>
<book>
	<filename>martin_debora/martin_debora_ledi_tumanov.fb2.zip</filename>
	<title>Мартин Дебора. Леди туманов</title>
</book>
<book>
	<filename>martin_debora/martin_debora_lunnoe_ocharovanie.fb2.zip</filename>
	<title>Мартин Дебора. Лунное очарование</title>
</book>
<book>
	<filename>martin_debora/martin_debora_opasnyi_iskusitel.fb2.zip</filename>
	<title>Мартин Дебора. Опасный искуситель</title>
</book>
<book>
	<filename>martin_debora/martin_debora_piratskaya_princessa.fb2.zip</filename>
	<title>Мартин Дебора. Пиратская принцесса</title>
</book>
<book>
	<filename>martin_debora/martin_debora_serebryanyi_lebed.fb2.zip</filename>
	<title>Мартин Дебора. Серебряный лебедь</title>
</book>
<book>
	<filename>martin_debora/martin_debora_sorvannaya_vual_lyubov_sryvaet_maski.fb2.zip</filename>
	<title>Мартин Дебора. Сорванная вуаль (Любовь срывает маски)</title>
</book>
<book>
	<filename>martin_debora/martin_debora_v_plenu_somnenii.fb2.zip</filename>
	<title>Мартин Дебора. В плену сомнений</title>
</book>
<book>
	<filename>martin_dzhordzh/martin_dzhordzh_bashnya_pepla.fb2.zip</filename>
	<title>Мартин Джордж. Башня Пепла</title>
</book>
<book>
	<filename>martin_dzhordzh/martin_dzhordzh_bitva_korolei_kniga_1.fb2.zip</filename>
	<title>Мартин Джордж. Битва королей. Книга 1</title>
</book>
<book>
	<filename>martin_dzhordzh/martin_dzhordzh_bitva_korolei_kniga_2.fb2.zip</filename>
	<title>Мартин Джордж. Битва королей. Книга 2</title>
</book>
<book>
	<filename>martin_dzhordzh/martin_dzhordzh_bitva_korolei_kniga_i.fb2.zip</filename>
	<title>Мартин Джордж. Битва королей. Книга I</title>
</book>
<book>
	<filename>martin_dzhordzh/martin_dzhordzh_bitva_korolei_kniga_ii.fb2.zip</filename>
	<title>Мартин Джордж. Битва королей. Книга II</title>
</book>
<book>
	<filename>martin_dzhordzh/martin_dzhordzh_burya_mechei_kniga_1.fb2.zip</filename>
	<title>Мартин Джордж. Буря мечей. Книга 1</title>
</book>
<book>
	<filename>martin_dzhordzh/martin_dzhordzh_burya_mechei_kniga_2.fb2.zip</filename>
	<title>Мартин Джордж. Буря мечей. Книга 2</title>
</book>
<book>
	<filename>martin_dzhordzh/martin_dzhordzh_burya_mechei_kniga_i.fb2.zip</filename>
	<title>Мартин Джордж. Буря мечей. Книга I</title>
</book>
<book>
	<filename>martin_dzhordzh/martin_dzhordzh_burya_mechei_kniga_ii.fb2.zip</filename>
	<title>Мартин Джордж. Буря мечей. Книга II</title>
</book>
<book>
	<filename>martin_dzhordzh/martin_dzhordzh_chumnaya_zvezda.fb2.zip</filename>
	<title>Мартин Джордж. Чумная звезда</title>
</book>
<book>
	<filename>martin_dzhordzh/martin_dzhordzh_dikie_karty.fb2.zip</filename>
	<title>Мартин Джордж. Дикие карты</title>
</book>
<book>
	<filename>martin_dzhordzh/martin_dzhordzh_gavan_vetrov.fb2.zip</filename>
	<title>Мартин Джордж. Гавань ветров</title>
</book>
<book>
	<filename>martin_dzhordzh/martin_dzhordzh_gryozy_fevra.fb2.zip</filename>
	<title>Мартин Джордж. Грёзы Февра</title>
</book>
<book>
	<filename>martin_dzhordzh/martin_dzhordzh_hleba_i_ryby.fb2.zip</filename>
	<title>Мартин Джордж. Хлеба и рыбы</title>
</book>
<book>
	<filename>martin_dzhordzh/martin_dzhordzh_hraniteli.fb2.zip</filename>
	<title>Мартин Джордж. Хранители</title>
</book>
<book>
	<filename>martin_dzhordzh/martin_dzhordzh_i_beregis_dvunogogo_krov_prolit.fb2.zip</filename>
	<title>Мартин Джордж. «…И берегись двуногого кровь пролить»</title>
</book>
<book>
	<filename>martin_dzhordzh/martin_dzhordzh_igra_prestolov_kniga_1.fb2.zip</filename>
	<title>Мартин Джордж. Игра престолов. Книга 1</title>
</book>
<book>
	<filename>martin_dzhordzh/martin_dzhordzh_igra_prestolov_kniga_2.fb2.zip</filename>
	<title>Мартин Джордж. Игра престолов. Книга 2</title>
</book>
<book>
	<filename>martin_dzhordzh/martin_dzhordzh_igra_prestolov_kniga_i.fb2.zip</filename>
	<title>Мартин Джордж. Игра престолов. Книга I</title>
</book>
<book>
	<filename>martin_dzhordzh/martin_dzhordzh_igra_prestolov_kniga_ii.fb2.zip</filename>
	<title>Мартин Джордж. Игра престолов. Книга II</title>
</book>
<book>
	<filename>martin_dzhordzh/martin_dzhordzh_kamennyi_gorod.fb2.zip</filename>
	<title>Мартин Джордж. Каменный город</title>
</book>
<book>
	<filename>martin_dzhordzh/martin_dzhordzh_korolipustynniki.fb2.zip</filename>
	<title>Мартин Джордж. Короли-пустынники</title>
</book>
<book>
	<filename>martin_dzhordzh/martin_dzhordzh_kozyrnye_tuzy.fb2.zip</filename>
	<title>Мартин Джордж. Козырные тузы</title>
</book>
<book>
	<filename>martin_dzhordzh/martin_dzhordzh_letyashie_skvoz_noch.fb2.zip</filename>
	<title>Мартин Джордж. Летящие сквозь ночь</title>
</book>
<book>
	<filename>martin_dzhordzh/martin_dzhordzh_lish_za_odno_vchera.fb2.zip</filename>
	<title>Мартин Джордж. «…Лишь за одно вчера»</title>
</book>
<book>
	<filename>martin_dzhordzh/martin_dzhordzh_manna_nebesnaya.fb2.zip</filename>
	<title>Мартин Джордж. Манна небесная</title>
</book>
<book>
	<filename>martin_dzhordzh/martin_dzhordzh_mezhevoi_rycar.fb2.zip</filename>
	<title>Мартин Джордж. Межевой рыцарь</title>
</book>
<book>
	<filename>martin_dzhordzh/martin_dzhordzh_mistfal_prihodit_utrom.fb2.zip</filename>
	<title>Мартин Джордж. Мистфаль приходит утром</title>
</book>
<book>
	<filename>martin_dzhordzh/martin_dzhordzh_odinokie_pesni_larena_dora.fb2.zip</filename>
	<title>Мартин Джордж. Одинокие песни Ларена Дора</title>
</book>
<book>
	<filename>martin_dzhordzh/martin_dzhordzh_pesn_o_lii.fb2.zip</filename>
	<title>Мартин Джордж. Песнь о Лии</title>
</book>
<book>
	<filename>martin_dzhordzh/martin_dzhordzh_pir_dlya_voronov.fb2.zip</filename>
	<title>Мартин Джордж. Пир для Воронов</title>
</book>
<book>
	<filename>martin_dzhordzh/martin_dzhordzh_pir_dlya_voronov_per_citadel_detei_sveta.fb2.zip</filename>
	<title>Мартин Джордж. Пир для Воронов (пер. Цитадель Детей Света)</title>
</book>
<book>
	<filename>martin_dzhordzh/martin_dzhordzh_pir_stervyatnikov.fb2.zip</filename>
	<title>Мартин Джордж. Пир стервятников</title>
</book>
<book>
	<filename>martin_dzhordzh/martin_dzhordzh_pora_zakryvatsya.fb2.zip</filename>
	<title>Мартин Джордж. Пора закрываться</title>
</book>
<book>
	<filename>martin_dzhordzh/martin_dzhordzh_portrety_ego_detei.fb2.zip</filename>
	<title>Мартин Джордж. Портреты его детей</title>
</book>
<book>
	<filename>martin_dzhordzh/martin_dzhordzh_povtornaya_pomosh.fb2.zip</filename>
	<title>Мартин Джордж. Повторная помощь</title>
</book>
<book>
	<filename>martin_dzhordzh/martin_dzhordzh_put_kresta_i_drakona.fb2.zip</filename>
	<title>Мартин Джордж. Путь креста и дракона</title>
</book>
<book>
	<filename>martin_dzhordzh/martin_dzhordzh_ryvok_k_zvezdnomu_svetu.fb2.zip</filename>
	<title>Мартин Джордж. Рывок к звездному свету</title>
</book>
<book>
	<filename>martin_dzhordzh/martin_dzhordzh_steklyannyi_cvetok.fb2.zip</filename>
	<title>Мартин Джордж. Стеклянный цветок</title>
</book>
<book>
	<filename>martin_dzhordzh/martin_dzhordzh_tupikovyi_variant.fb2.zip</filename>
	<title>Мартин Джордж. Тупиковый вариант</title>
</book>
<book>
	<filename>martin_dzhordzh/martin_dzhordzh_umirayushii_svet.fb2.zip</filename>
	<title>Мартин Джордж. Умирающий свет</title>
</book>
<book>
	<filename>martin_dzhordzh/martin_dzhordzh_vtoroi_rod_odinochestva.fb2.zip</filename>
	<title>Мартин Джордж. Второй род одиночества</title>
</book>
<book>
	<filename>martin_dzhordzh/martin_dzhordzh_zlocvety.fb2.zip</filename>
	<title>Мартин Джордж. Злоцветы</title>
</book>
<book>
	<filename>martin_dzhordzh/martin_dzhordzh_zovite_ego_moiseem.fb2.zip</filename>
	<title>Мартин Джордж. Зовите его Моисеем</title>
</book>
<book>
	<filename>martin_dzhordzh/martin_dzhordzh_zver_dlya_norna.fb2.zip</filename>
	<title>Мартин Джордж. Зверь для Норна</title>
</book>
<book>
	<filename>martines_gilermo/martines_gilermo_nezametnye_ubiistva.fb2.zip</filename>
	<title>Мартинес Гильермо. Незаметные убийства</title>
</book>
<book>
	<filename>martines_lauro/martines_lauro_loredana.fb2.zip</filename>
	<title>Мартинес Лауро. Лоредана</title>
</book>
<book>
	<filename>martines_tomas/martines_tomas_svyataya_yevita.fb2.zip</filename>
	<title>Мартинес Томас Элой. Святая Эвита</title>
</book>
<book>
	<filename>martin_george/martin_george_a_clash_of_kings.fb2.zip</filename>
	<title>Martin George. A Clash of Kings</title>
</book>
<book>
	<filename>martin_george/martin_george_a_feast_for_crows.fb2.zip</filename>
	<title>Martin George R. R. A Feast for Crows</title>
</book>
<book>
	<filename>martin_george/martin_george_a_game_of_thrones.fb2.zip</filename>
	<title>Martin George. A game of thrones</title>
</book>
<book>
	<filename>martin_george/martin_george_a_storm_of_swords.fb2.zip</filename>
	<title>Martin George. A Storm of Swords</title>
</book>
<book>
	<filename>martin_george/martin_george_the_hedge_knight.fb2.zip</filename>
	<title>Martin George R. R. The Hedge Knight</title>
</book>
<book>
	<filename>martin_kyet/martin_kyet_besserdechnyi.fb2.zip</filename>
	<title>Мартин Кэт. Бессердечный</title>
</book>
<book>
	<filename>martin_kyet/martin_kyet_blagorodnoe_serdce.fb2.zip</filename>
	<title>Мартин Кэт. Благородное сердце</title>
</book>
<book>
	<filename>martin_kyet/martin_kyet_chudesnoe_puteshestvie.fb2.zip</filename>
	<title>Мартин Кэт. Чудесное путешествие</title>
</book>
<book>
	<filename>martin_kyet/martin_kyet_cyganskii_baron.fb2.zip</filename>
	<title>Мартин Кэт. Цыганский барон</title>
</book>
<book>
	<filename>martin_kyet/martin_kyet_derzkii_vyzov.fb2.zip</filename>
	<title>Мартин Кэт. Дерзкий вызов</title>
</book>
<book>
	<filename>martin_kyet/martin_kyet_divnyi_angel.fb2.zip</filename>
	<title>Мартин Кэт. Дивный ангел</title>
</book>
<book>
	<filename>martin_kyet/martin_kyet_goryachee_serdce.fb2.zip</filename>
	<title>Мартин Кэт. Горячее сердце</title>
</book>
<book>
	<filename>martin_kyet/martin_kyet_greshnye_obeshaniya.fb2.zip</filename>
	<title>Мартин Кэт. Грешные обещания</title>
</book>
<book>
	<filename>martin_kyet/martin_kyet_hrabroe_serdce.fb2.zip</filename>
	<title>Мартин Кэт. Храброе сердце</title>
</book>
<book>
	<filename>martin_kyet/martin_kyet_kreolskaya_chest.fb2.zip</filename>
	<title>Мартин Кэт. Креольская честь</title>
</book>
<book>
	<filename>martin_kyet/martin_kyet_ni_o_chem_ne_zhaleya.fb2.zip</filename>
	<title>Мартин Кэт. Ни о чем не жалея</title>
</book>
<book>
	<filename>martin_kyet/martin_kyet_opasnye_strasti.fb2.zip</filename>
	<title>Мартин Кэт. Опасные страсти</title>
</book>
<book>
	<filename>martin_kyet/martin_kyet_ostrov_lyubvi.fb2.zip</filename>
	<title>Мартин Кэт. Остров любви</title>
</book>
<book>
	<filename>martin_kyet/martin_kyet_ozherele_dlya_vozlyublennoi.fb2.zip</filename>
	<title>Мартин Кэт. Ожерелье для возлюбленной</title>
</book>
<book>
	<filename>martin_kyet/martin_kyet_ozherele_dyavola.fb2.zip</filename>
	<title>Мартин Кэт. Ожерелье дьявола</title>
</book>
<book>
	<filename>martin_kyet/martin_kyet_ozherele_nevesty.fb2.zip</filename>
	<title>Мартин Кэт. Ожерелье невесты</title>
</book>
<book>
	<filename>martin_kyet/martin_kyet_polnochnyi_vsadnik.fb2.zip</filename>
	<title>Мартин Кэт. Полночный всадник</title>
</book>
<book>
	<filename>martin_kyet/martin_kyet_po_veleniyu_serdca.fb2.zip</filename>
	<title>Мартин Кэт. По велению сердца</title>
</book>
<book>
	<filename>martin_kyet/martin_kyet_shelk_i_stal.fb2.zip</filename>
	<title>Мартин Кэт. Шелк и сталь</title>
</book>
<book>
	<filename>martin_kyet/martin_kyet_sladkaya_mest.fb2.zip</filename>
	<title>Мартин Кэт. Сладкая месть</title>
</book>
<book>
	<filename>martin_kyet/martin_kyet_sprosi_svoe_serdce_duyel_serdec.fb2.zip</filename>
	<title>Мартин Кэт. Спроси свое сердце [Дуэль сердец]</title>
</book>
<book>
	<filename>martin_kyet/martin_kyet_ukradennaya_nevinnost.fb2.zip</filename>
	<title>Мартин Кэт. Украденная невинность</title>
</book>
<book>
	<filename>martin_kyet/martin_kyet_v_ogne_zhelaniya.fb2.zip</filename>
	<title>Мартин Кэт. В огне желания</title>
</book>
<book>
	<filename>martin_kyet/martin_kyet_zhar_serdec.fb2.zip</filename>
	<title>Мартин Кэт. Жар сердец</title>
</book>
<book>
	<filename>martin_kyet/martin_kyet_zoloto_vlyublennyh.fb2.zip</filename>
	<title>Мартин Кэт. Золото влюбленных</title>
</book>
<book>
	<filename>martin_les/martin_les_molodoi_indiana_dzhons_i_potainoi_gorod.fb2.zip</filename>
	<title>Мартин Лес. Молодой Индиана Джонс и потайной город</title>
</book>
<book>
	<filename>martin_lora/martin_lora_priglashenie_na_bal.fb2.zip</filename>
	<title>Мартин Лора. Приглашение на бал</title>
</book>
<book>
	<filename>martin_mishel/martin_mishel_stavka_na_temnuyu_loshadku.fb2.zip</filename>
	<title>Мартин Мишель. Ставка на темную лошадку</title>
</book>
<book>
	<filename>martin_mishel/martin_mishel_ukradennye_mgnoveniya.fb2.zip</filename>
	<title>Мартин Мишель. Украденные мгновения</title>
</book>
<book>
	<filename>martin_mishel/martin_mishel_ukradennye_serdca.fb2.zip</filename>
	<title>Мартин Мишель. Украденные сердца</title>
</book>
<book>
	<filename>martin_nyensi/martin_nyensi_legko_li_stat_fotomodelyu.fb2.zip</filename>
	<title>Мартин Нэнси. Легко ли стать фотомоделью?</title>
</book>
<book>
	<filename>martin_sergei/martin_sergei_rycari_galaktiki.fb2.zip</filename>
	<title>Мартин Сергей. Рыцари Галактики</title>
</book>
<book>
	<filename>martin_tom/martin_tom_krylo_lyucifera.fb2.zip</filename>
	<title>Мартин Том. Крыло Люцифера</title>
</book>
<book>
	<filename>martin_tomas/martin_tomas_delo_chesti.fb2.zip</filename>
	<title>Мартин Томас. Дело чести</title>
</book>
<book>
	<filename>martin_tomas/martin_tomas_oboyudoostryi_mech.fb2.zip</filename>
	<title>Мартин Томас. Обоюдоострый меч</title>
</book>
<book>
	<filename>martin_tomas/martin_tomas_prizyv_k_oruzhiyu.fb2.zip</filename>
	<title>Мартин Томас. Призыв к оружию</title>
</book>
<book>
	<filename>mart_mihail/mart_mihail_agoniya_straha.fb2.zip</filename>
	<title>Март Михаил. Агония страха</title>
</book>
<book>
	<filename>mart_mihail/mart_mihail_bezdomnyi_mrak.fb2.zip</filename>
	<title>Март Михаил. Бездомный мрак</title>
</book>
<book>
	<filename>mart_mihail/mart_mihail_dvulikoe_zerkalo.fb2.zip</filename>
	<title>Март Михаил. Двуликое зеркало</title>
</book>
<book>
	<filename>mart_mihail/mart_mihail_moroz_po_kozhe.fb2.zip</filename>
	<title>Март Михаил. Мороз по коже</title>
</book>
<book>
	<filename>mart_mihail/mart_mihail_pogasheno_krovyu.fb2.zip</filename>
	<title>Март Михаил. Погашено кровью</title>
</book>
<book>
	<filename>mart_mihail/mart_mihail_pokorezhennoe_yeho.fb2.zip</filename>
	<title>Март Михаил. Покореженное эхо</title>
</book>
<book>
	<filename>mart_mihail/mart_mihail_rokovoe_soglashenie.fb2.zip</filename>
	<title>Март Михаил. Роковое соглашение</title>
</book>
<book>
	<filename>mart_mihail/mart_mihail_teatr_mertvecov.fb2.zip</filename>
	<title>Март Михаил. Театр мертвецов</title>
</book>
<book>
	<filename>mart_mihail/mart_mihail_tem_tyazhelee_budet_padenie.fb2.zip</filename>
	<title>Март Михаил. Тем тяжелее будет падение</title>
</book>
<book>
	<filename>mart_mihail/mart_mihail_zmeinaya_yama.fb2.zip</filename>
	<title>Март Михаил. Змеиная яма</title>
</book>
<book>
	<filename>marton_sandra/marton_sandra_alisa_v_strane_lyubvi.fb2.zip</filename>
	<title>Мартон Сандра. Алиса в стране любви</title>
</book>
<book>
	<filename>marton_sandra/marton_sandra_dama_v_krasnom.fb2.zip</filename>
	<title>Мартон Сандра. Дама в красном</title>
</book>
<book>
	<filename>marton_sandra/marton_sandra_dve_nedeli_do_schastya.fb2.zip</filename>
	<title>Мартон Сандра. Две недели до счастья</title>
</book>
<book>
	<filename>marton_sandra/marton_sandra_idealnaya_zhena.fb2.zip</filename>
	<title>Мартон Сандра. Идеальная жена</title>
</book>
<book>
	<filename>marton_sandra/marton_sandra_kak_vse_nachalos.fb2.zip</filename>
	<title>Мартон Сандра. Как все началось...</title>
</book>
<book>
	<filename>marton_sandra/marton_sandra_korol_yespady.fb2.zip</filename>
	<title>Мартон Сандра. Король «Эспады»</title>
</book>
<book>
	<filename>marton_sandra/marton_sandra_korsikanskii_gambit.fb2.zip</filename>
	<title>Мартон Сандра. Корсиканский гамбит</title>
</book>
<book>
	<filename>marton_sandra/marton_sandra_krasivaya_bogataya_i_nesnosnaya.fb2.zip</filename>
	<title>Мартон Сандра. Красивая, богатая и несносная</title>
</book>
<book>
	<filename>marton_sandra/marton_sandra_krasota_samyi_veskii_argument.fb2.zip</filename>
	<title>Мартон Сандра. Красота – самый веский аргумент</title>
</book>
<book>
	<filename>marton_sandra/marton_sandra_mest_koula_kamerona.fb2.zip</filename>
	<title>Мартон Сандра. Месть Коула Камерона</title>
</book>
<book>
	<filename>marton_sandra/marton_sandra_nevesta_skazala_net.fb2.zip</filename>
	<title>Мартон Сандра. Невеста сказала «нет»</title>
</book>
<book>
	<filename>marton_sandra/marton_sandra_obnazhennaya_v_ego_obyatiyah.fb2.zip</filename>
	<title>Мартон Сандра. Обнаженная в его объятиях</title>
</book>
<book>
	<filename>marton_sandra/marton_sandra_okovy_schastya.fb2.zip</filename>
	<title>Мартон Сандра. Оковы счастья</title>
</book>
<book>
	<filename>marton_sandra/marton_sandra_ostrov_pantery.fb2.zip</filename>
	<title>Мартон Сандра. Остров Пантеры</title>
</book>
<book>
	<filename>marton_sandra/marton_sandra_plennica_pustyni.fb2.zip</filename>
	<title>Мартон Сандра. Пленница пустыни</title>
</book>
<book>
	<filename>marton_sandra/marton_sandra_poka_ya_s_toboi.fb2.zip</filename>
	<title>Мартон Сандра. Пока я с тобой</title>
</book>
<book>
	<filename>marton_sandra/marton_sandra_radi_schastya_docheri.fb2.zip</filename>
	<title>Мартон Сандра. Ради счастья дочери</title>
</book>
<book>
	<filename>marton_sandra/marton_sandra_rokovaya_vesna.fb2.zip</filename>
	<title>Мартон Сандра. Роковая весна</title>
</book>
<book>
	<filename>marton_sandra/marton_sandra_svezhest_tvoih_gub.fb2.zip</filename>
	<title>Мартон Сандра. Свежесть твоих губ</title>
</book>
<book>
	<filename>marton_sandra/marton_sandra_v_to_davno_minuvshee_leto.fb2.zip</filename>
	<title>Мартон Сандра. В то давно минувшее лето...</title>
</book>
<book>
	<filename>martyanov_andrei/martyanov_andrei_beovulf.fb2.zip</filename>
	<title>Мартьянов Андрей. Беовульф</title>
</book>
<book>
	<filename>martyanov_andrei/martyanov_andrei_bolshaya_ohota.fb2.zip</filename>
	<title>Мартьянов Андрей. Большая охота</title>
</book>
<book>
	<filename>martyanov_andrei/martyanov_andrei_chernyi_gorizont.fb2.zip</filename>
	<title>Мартьянов Андрей. Черный горизонт</title>
</book>
<book>
	<filename>martyanov_andrei/martyanov_andrei_chuzhie_operaciya_ryugen.fb2.zip</filename>
	<title>Мартьянов Андрей. Чужие: Операция «Рюген»</title>
</book>
<book>
	<filename>martyanov_andrei/martyanov_andrei_chuzhie_russkii_desant.fb2.zip</filename>
	<title>Мартьянов Андрей. Чужие: Русский десант</title>
</book>
<book>
	<filename>martyanov_andrei/martyanov_andrei_konkistadory_germesa.fb2.zip</filename>
	<title>Мартьянов Андрей. Конкистадоры Гермеса</title>
</book>
<book>
	<filename>martyanov_andrei/martyanov_andrei_nizvergateli_legend.fb2.zip</filename>
	<title>Мартьянов Андрей. Низвергатели легенд</title>
</book>
<book>
	<filename>martyanov_andrei/martyanov_andrei_roman_s_haosom.fb2.zip</filename>
	<title>Мартьянов Андрей. Роман с Хаосом</title>
</book>
<book>
	<filename>martyanov_andrei/martyanov_andrei_stoya_na_krayu.fb2.zip</filename>
	<title>Мартьянов Андрей. Стоя на краю</title>
</book>
<book>
	<filename>martyanov_andrei/martyanov_andrei_tvorcy_apokrifov.fb2.zip</filename>
	<title>Мартьянов Андрей. Творцы Апокрифов</title>
</book>
<book>
	<filename>martyanov_andrei/martyanov_andrei_vestniki_vremen.fb2.zip</filename>
	<title>Мартьянов Андрей. Вестники Времен</title>
</book>
<book>
	<filename>martyanov_andrei/martyanov_andrei_voiti_v_bezdnu.fb2.zip</filename>
	<title>Мартьянов Андрей. Войти в бездну</title>
</book>
<book>
	<filename>martyanov_andrei/martyanov_andrei_vremya_vestnikov.fb2.zip</filename>
	<title>Мартьянов Андрей. Время вестников</title>
</book>
<book>
	<filename>martyanov_andrei/martyanov_andrei_zakony_zabluzhdenii.fb2.zip</filename>
	<title>Мартьянов Андрей. Законы заблуждений</title>
</book>
<book>
	<filename>martyanov_andrei/martyanov_andrei_zvezda_zapada.fb2.zip</filename>
	<title>Мартьянов Андрей. Звезда Запада</title>
</book>
<book>
	<filename>martynenko_vsevolod/martynenko_vsevolod_beloe_solnce_pointera.fb2.zip</filename>
	<title>Мартыненко Всеволод. Белое солнце Пойнтера</title>
</book>
<book>
	<filename>martynenko_vsevolod/martynenko_vsevolod_letopis_odnoi_civilizacii.fb2.zip</filename>
	<title>Мартыненко Всеволод Юрьевич. Летопись одной цивилизации</title>
</book>
<book>
	<filename>martynenko_vsevolod/martynenko_vsevolod_pointer_v_goru_ne_poidet.fb2.zip</filename>
	<title>Мартыненко Всеволод Юрьевич. Пойнтер в гору не пойдет</title>
</book>
<book>
	<filename>martynenko_vsevolod/martynenko_vsevolod_sobachii_glaz.fb2.zip</filename>
	<title>Мартыненко Всеволод. Собачий Глаз</title>
</book>
<book>
	<filename>martynov_aleksei/martynov_aleksei_pesn_legiona.fb2.zip</filename>
	<title>Мартынов Алексей. Песнь Легиона</title>
</book>
<book>
	<filename>martynov_aleksei/martynov_aleksei_tihie_shagi_v_temnote.fb2.zip</filename>
	<title>Мартынов Алексей. Тихие шаги в темноте</title>
</book>
<book>
	<filename>martynov_aleksei/martynov_aleksei_vzyvaya_iz_bezdny.fb2.zip</filename>
	<title>Мартынов Алексей. Взывая из бездны</title>
</book>
<book>
	<filename>martynov_georgii/martynov_georgii_gianyeya.fb2.zip</filename>
	<title>Мартынов Георгий Сергеевич. Гианэя</title>
</book>
<book>
	<filename>martynov_georgii/martynov_georgii_gost_iz_bezdny.fb2.zip</filename>
	<title>Мартынов Георгий Сергеевич. Гость из бездны</title>
</book>
<book>
	<filename>martynov_georgii/martynov_georgii_kallisto_planetnyi_gost.fb2.zip</filename>
	<title>Мартынов Георгий Сергеевич. Каллисто [Планетный гость]</title>
</book>
<book>
	<filename>martynov_georgii/martynov_georgii_kallistyane.fb2.zip</filename>
	<title>Мартынов Георгий. Каллистяне</title>
</book>
<book>
	<filename>martynov_georgii/martynov_georgii_nezrimyi_most.fb2.zip</filename>
	<title>Мартынов Георгий Сергеевич. Незримый мост</title>
</book>
<book>
	<filename>martynov_georgii/martynov_georgii_sestra_zemli.fb2.zip</filename>
	<title>Мартынов Георгий Сергеевич. Сестра Земли</title>
</book>
<book>
	<filename>martynov_georgii/martynov_georgii_sovsem_ryadom.fb2.zip</filename>
	<title>Мартынов Георгий Сергеевич. Совсем рядом</title>
</book>
<book>
	<filename>martynov_georgii/martynov_georgii_spiral_vremeni_kniga_1.fb2.zip</filename>
	<title>Мартынов Георгий Сергеевич. Спираль времени. Книга 1</title>
</book>
<book>
	<filename>martynov_georgii/martynov_georgii_spiral_vremeni_kniga_2.fb2.zip</filename>
	<title>Мартынов Георгий Сергеевич. Спираль времени. Книга 2</title>
</book>
<book>
	<filename>martynov_georgii/martynov_georgii_sto_odinnadcatyi.fb2.zip</filename>
	<title>Мартынов Георгий Сергеевич. Сто одиннадцатый</title>
</book>
<book>
	<filename>martynov_georgii/martynov_georgii_zvezdoplavateli.fb2.zip</filename>
	<title>Мартынов Георгий. Звездоплаватели</title>
</book>
<book>
	<filename>martynov_konstantin/martynov_konstantin_bryzgi_zla.fb2.zip</filename>
	<title>Мартынов Константин. Брызги зла</title>
</book>
<book>
	<filename>martynov_pavel/martynov_pavel_rasskazy.fb2.zip</filename>
	<title>Мартынов Павел Евгеньевич. Рассказы</title>
</book>
<book>
	<filename>marumoto_yosio/marumoto_yosio_svoboden_kak_ptica.fb2.zip</filename>
	<title>Марумото Ёсио. Свободен как птица</title>
</book>
<book>
	<filename>marushkin_pavel/marushkin_pavel_deti_nepogody.fb2.zip</filename>
	<title>Марушкин Павел. Дети непогоды</title>
</book>
<book>
	<filename>marushkin_pavel/marushkin_pavel_muzyka_dzhunglei.fb2.zip</filename>
	<title>Марушкин Павел. Музыка джунглей</title>
</book>
<book>
	<filename>marushkin_pavel/marushkin_pavel_staraya_kontra.fb2.zip</filename>
	<title>Марушкин Павел. Старая Контра</title>
</book>
<book>
	<filename>maruyama_kyendzi/maruyama_kyendzi_v_nebe_snova_raduga.fb2.zip</filename>
	<title>Маруяма Кэндзи. В небе снова радуга</title>
</book>
<book>
	<filename>marvel_piter/marvel_piter_piraty_elizavety_zolotoi_vek.fb2.zip</filename>
	<title>Марвел Питер. Пираты Елизаветы. Золотой век</title>
</book>
<book>
	<filename>marvel_piter/marvel_piter_v_pogone_za_prizrakom_ili_ispanskoe_nasledstvo.fb2.zip</filename>
	<title>Марвел Питер. В погоне за призраком, или Испанское наследство</title>
</book>
<book>
	<filename>maryagin_leonid/maryagin_leonid_iznanka_yekrana.fb2.zip</filename>
	<title>Марягин Леонид. Изнанка экрана</title>
</book>
<book>
	<filename>marysaev_evgenii/marysaev_evgenii_pirat.fb2.zip</filename>
	<title>Марысаев Евгений Клеоникович. Пират</title>
</book>
<book>
	<filename>marysaev_evgenii/marysaev_evgenii_povest_o_beloi_medvedice.fb2.zip</filename>
	<title>Марысаев Евгений Клеоникович. Повесть о белой медведице</title>
</book>
<book>
	<filename>maryshev_vladimir/maryshev_vladimir_izbrannye.fb2.zip</filename>
	<title>Марышев Владимир. Избранные</title>
</book>
<book>
	<filename>maryshev_vladimir/maryshev_vladimir_konec_yepohi.fb2.zip</filename>
	<title>Марышев Владимир. Конец эпохи</title>
</book>
<book>
	<filename>maryshev_vladimir/maryshev_vladimir_polet_valkirii.fb2.zip</filename>
	<title>Марышев Владимир. Полет валькирий</title>
</book>
<book>
	<filename>masadzi_ivakura/masadzi_ivakura_zolotaya_rybka.fb2.zip</filename>
	<title>Масадзи Ивакура. Золотая рыбка</title>
</book>

</books>

