<?xml version="1.0" encoding="UTF-8" ?>
<books>

<book>
	<filename>4pda_kollektiv/4pda_kollektiv_zhurnal_4pda.fb2.zip</filename>
	<title>4PDA Коллектив Форума. Журнал 4PDA</title>
</book>
<book>
	<filename>4pda_kollektiv/4pda_kollektiv_zhurnal_4pda_no1_2007_g.fb2.zip</filename>
	<title>4PDA Коллектив Форума. Журнал «4pda» №1 2007 г.</title>
</book>
<book>
	<filename>4pda_kollektiv/4pda_kollektiv_zhurnal_4pda_no2_2006_g.fb2.zip</filename>
	<title>4PDA Коллектив Форума. Журнал «4pda» №2 2006 г.</title>
</book>
<book>
	<filename>4pda_kollektiv/4pda_kollektiv_zhurnal_4pda_no3_2006_g.fb2.zip</filename>
	<title>4pda Коллектив Форума. Журнал «4pda» №3 2006 г.</title>
</book>

</books>
