﻿<?xml version="1.0" encoding="UTF-8" ?>
<books>

<book>
	<filename>silver_sasha/silver_sasha_menya_zovut_bender.fb2.zip</filename>
	<title>Сильвер Саша. Меня зовут «Бендер»</title>
</book>
<book>
	<filename>_silvestr/_silvestr_domostroi.fb2.zip</filename>
	<title>Сильвестр. Домострой</title>
</book>
<book>
	<filename>simada_masahiko/simada_masahiko_car_armadill_per_g_chhartishvili.fb2.zip</filename>
	<title>Симада Масахико. Царь Армадилл (пер. Г. Чхартишвили)</title>
</book>
<book>
	<filename>simada_masahiko/simada_masahiko_hozyain_komety.fb2.zip</filename>
	<title>Симада Масахико. Хозяин кометы</title>
</book>
<book>
	<filename>simada_masahiko/simada_masahiko_krasivye_dushi.fb2.zip</filename>
	<title>Симада Масахико. Красивые души</title>
</book>
<book>
	<filename>simada_masahiko/simada_masahiko_lyubov_na_iturupe.fb2.zip</filename>
	<title>Симада Масахико. Любовь на Итурупе</title>
</book>
<book>
	<filename>simada_masahiko/simada_masahiko_plyvushaya_zhenshina_tonushii_muzhchina.fb2.zip</filename>
	<title>Симада Масахико. Плывущая женщина, тонущий мужчина</title>
</book>
<book>
	<filename>simashko_moris/simashko_moris_guga.fb2.zip</filename>
	<title>Симашко Морис Давидович. Гу-га</title>
</book>
<book>
	<filename>simenon_zhorzh/simenon_zhorzh_a_felisito_zdes.fb2.zip</filename>
	<title>Сименон Жорж. А Фелиси-то здесь!</title>
</book>
<book>
	<filename>simenon_zhorzh/simenon_zhorzh_bar_liberti.fb2.zip</filename>
	<title>Сименон Жорж. Бар Либерти</title>
</book>
<book>
	<filename>simenon_zhorzh/simenon_zhorzh_barzha_s_dvumya_poveshennymi.fb2.zip</filename>
	<title>Сименон Жорж. Баржа с двумя повешенными</title>
</book>
<book>
	<filename>simenon_zhorzh/simenon_zhorzh_bednyakov_ne_ubivayut.fb2.zip</filename>
	<title>Сименон Жорж. Бедняков не убивают…</title>
</book>
<book>
	<filename>simenon_zhorzh/simenon_zhorzh_beglyi.fb2.zip</filename>
	<title>Сименон Жорж. Беглый</title>
</book>
<book>
	<filename>simenon_zhorzh/simenon_zhorzh_begstvo_gna_monda.fb2.zip</filename>
	<title>Сименон Жорж. Бегство г-на Монда</title>
</book>
<book>
	<filename>simenon_zhorzh/simenon_zhorzh_bratya_riko.fb2.zip</filename>
	<title>Сименон Жорж. Братья Рико</title>
</book>
<book>
	<filename>simenon_zhorzh/simenon_zhorzh_burgomistr_goroda_verne.fb2.zip</filename>
	<title>Сименон Жорж. Бургомистр города Верне</title>
</book>
<book>
	<filename>simenon_zhorzh/simenon_zhorzh_burya_nad_lamanshem.fb2.zip</filename>
	<title>Сименон Жорж. Буря над Ла-Маншем</title>
</book>
<book>
	<filename>simenon_zhorzh/simenon_zhorzh_cena_golovy.fb2.zip</filename>
	<title>Сименон Жорж. Цена головы</title>
</book>
<book>
	<filename>simenon_zhorzh/simenon_zhorzh_chelovek_iz_londona.fb2.zip</filename>
	<title>Сименон Жорж. Человек из Лондона</title>
</book>
<book>
	<filename>simenon_zhorzh/simenon_zhorzh_chelovek_na_ulice.fb2.zip</filename>
	<title>Сименон Жорж. Человек на улице</title>
</book>
<book>
	<filename>simenon_zhorzh/simenon_zhorzh_chernyi_shar.fb2.zip</filename>
	<title>Сименон Жорж. Черный шар</title>
</book>
<book>
	<filename>simenon_zhorzh/simenon_zhorzh_chetyre_dnya_bednogo_cheloveka.fb2.zip</filename>
	<title>Сименон Жорж. Четыре дня бедного человека</title>
</book>
<book>
	<filename>simenon_zhorzh/simenon_zhorzh_dama_iz_baie.fb2.zip</filename>
	<title>Сименон Жорж. Дама из Байе</title>
</book>
<book>
	<filename>simenon_zhorzh/simenon_zhorzh_delo_fersho.fb2.zip</filename>
	<title>Сименон Жорж. «Дело Фершо»</title>
</book>
<book>
	<filename>simenon_zhorzh/simenon_zhorzh_delo_senfiakra.fb2.zip</filename>
	<title>Сименон Жорж. Дело Сен-Фиакра</title>
</book>
<book>
	<filename>simenon_zhorzh/simenon_zhorzh_dom_sudi.fb2.zip</filename>
	<title>Сименон Жорж. Дом судьи</title>
</book>
<book>
	<filename>simenon_zhorzh/simenon_zhorzh_do_samoi_suti.fb2.zip</filename>
	<title>Сименон Жорж. До самой сути</title>
</book>
<book>
	<filename>simenon_zhorzh/simenon_zhorzh_drama_na_bulvare_bomarshe.fb2.zip</filename>
	<title>Сименон Жорж. Драма на Бульваре Бомарше</title>
</book>
<book>
	<filename>simenon_zhorzh/simenon_zhorzh_drug_detstva_megrye.fb2.zip</filename>
	<title>Сименон Жорж. Друг детства Мегрэ</title>
</book>
<book>
	<filename>simenon_zhorzh/simenon_zhorzh_dvuhgroshovyi_kabachok.fb2.zip</filename>
	<title>Сименон Жорж. Двухгрошовый кабачок</title>
</book>
<book>
	<filename>simenon_zhorzh/simenon_zhorzh_gnev_megrye.fb2.zip</filename>
	<title>Сименон Жорж. Гнев Мегрэ</title>
</book>
<book>
	<filename>simenon_zhorzh/simenon_zhorzh_gospodin_ponedelnik.fb2.zip</filename>
	<title>Сименон Жорж. Господин Понедельник</title>
</book>
<book>
	<filename>simenon_zhorzh/simenon_zhorzh_gryaz_na_snegu.fb2.zip</filename>
	<title>Сименон Жорж. Грязь на снегу</title>
</book>
<book>
	<filename>simenon_zhorzh/simenon_zhorzh_igroki_iz_grankafe.fb2.zip</filename>
	<title>Сименон Жорж. Игроки из Гран-Кафе</title>
</book>
<book>
	<filename>simenon_zhorzh/simenon_zhorzh_inspektor_kadavr.fb2.zip</filename>
	<title>Сименон Жорж. Инспектор Кадавр</title>
</book>
<book>
	<filename>simenon_zhorzh/simenon_zhorzh_ischeznovenie_odil.fb2.zip</filename>
	<title>Сименон Жорж. Исчезновение Одиль</title>
</book>
<book>
	<filename>simenon_zhorzh/simenon_zhorzh_ispovedalnya.fb2.zip</filename>
	<title>Сименон Жорж. Исповедальня</title>
</book>
<book>
	<filename>simenon_zhorzh/simenon_zhorzh_kabachok_nyufaundlendcev.fb2.zip</filename>
	<title>Сименон Жорж. Кабачок нью-фаундлендцев</title>
</book>
<book>
	<filename>simenon_zhorzh/simenon_zhorzh_kapli_stearina.fb2.zip</filename>
	<title>Сименон Жорж. Капли стеарина</title>
</book>
<book>
	<filename>simenon_zhorzh/simenon_zhorzh_kolokola_besetra.fb2.zip</filename>
	<title>Сименон Жорж. Колокола Бесетра</title>
</book>
<book>
	<filename>simenon_zhorzh/simenon_zhorzh_konovod_s_barzhi_providenie.fb2.zip</filename>
	<title>Сименон Жорж. Коновод с баржи Провидение</title>
</book>
<book>
	<filename>simenon_zhorzh/simenon_zhorzh_kot.fb2.zip</filename>
	<title>Сименон Жорж. Кот</title>
</book>
<book>
	<filename>simenon_zhorzh/simenon_zhorzh_krasnyi_svet.fb2.zip</filename>
	<title>Сименон Жорж. Красный свет</title>
</book>
<book>
	<filename>simenon_zhorzh/simenon_zhorzh_lunnyi_udar.fb2.zip</filename>
	<title>Сименон Жорж. Лунный удар</title>
</book>
<book>
	<filename>simenon_zhorzh/simenon_zhorzh_mademuazel_berta_i_eyo_lyubovnik.fb2.zip</filename>
	<title>Сименон Жорж. Мадемуазель Берта и её любовник</title>
</book>
<book>
	<filename>simenon_zhorzh/simenon_zhorzh_malampyen.fb2.zip</filename>
	<title>Сименон Жорж. Малампэн</title>
</book>
<book>
	<filename>simenon_zhorzh/simenon_zhorzh_malenkii_chelovek_iz_arhangelska.fb2.zip</filename>
	<title>Сименон Жорж. Маленький человек из Архангельска</title>
</book>
<book>
	<filename>simenon_zhorzh/simenon_zhorzh_manyak_iz_berzheraka.fb2.zip</filename>
	<title>Сименон Жорж. Маньяк из Бержерака</title>
</book>
<book>
	<filename>simenon_zhorzh/simenon_zhorzh_mari_iz_portanbessena.fb2.zip</filename>
	<title>Сименон Жорж. Мари из Порт-ан-Бессена</title>
</book>
<book>
	<filename>simenon_zhorzh/simenon_zhorzh_megrye.fb2.zip</filename>
	<title>Сименон Жорж. Мегрэ</title>
</book>
<book>
	<filename>simenon_zhorzh/simenon_zhorzh_megrye_i_brodyaga.fb2.zip</filename>
	<title>Сименон Жорж. Мегрэ и бродяга</title>
</book>
<book>
	<filename>simenon_zhorzh/simenon_zhorzh_megrye_i_chelovek_na_skameike.fb2.zip</filename>
	<title>Сименон Жорж. Мегрэ и человек на скамейке</title>
</book>
<book>
	<filename>simenon_zhorzh/simenon_zhorzh_megrye_i_delo_naura.fb2.zip</filename>
	<title>Сименон Жорж. Мегрэ и дело Наура</title>
</book>
<book>
	<filename>simenon_zhorzh/simenon_zhorzh_megrye_i_dolgovyazaya.fb2.zip</filename>
	<title>Сименон Жорж. Мегрэ и Долговязая</title>
</book>
<book>
	<filename>simenon_zhorzh/simenon_zhorzh_megrye_i_gospodin_sharl.fb2.zip</filename>
	<title>Сименон Жорж. Мегрэ и господин Шарль</title>
</book>
<book>
	<filename>simenon_zhorzh/simenon_zhorzh_megrye_i_inspektor_nedotepa.fb2.zip</filename>
	<title>Сименон Жорж. Мегрэ и инспектор Недотепа</title>
</book>
<book>
	<filename>simenon_zhorzh/simenon_zhorzh_megrye_i_lenivyi_vor.fb2.zip</filename>
	<title>Сименон Жорж. Мегрэ и ленивый вор</title>
</book>
<book>
	<filename>simenon_zhorzh/simenon_zhorzh_megrye_i_mertvec.fb2.zip</filename>
	<title>Сименон Жорж. Мегрэ и мертвец</title>
</book>
<book>
	<filename>simenon_zhorzh/simenon_zhorzh_megrye_i_odinokii_chelovek.fb2.zip</filename>
	<title>Сименон Жорж. Мегрэ и одинокий человек</title>
</book>
<book>
	<filename>simenon_zhorzh/simenon_zhorzh_megrye_i_osvedomitel.fb2.zip</filename>
	<title>Сименон Жорж. Мегрэ и осведомитель</title>
</book>
<book>
	<filename>simenon_zhorzh/simenon_zhorzh_megrye_i_poryadochnye_lyudi.fb2.zip</filename>
	<title>Сименон Жорж. Мегрэ и порядочные люди</title>
</book>
<book>
	<filename>simenon_zhorzh/simenon_zhorzh_megrye_i_prividenie.fb2.zip</filename>
	<title>Сименон Жорж. Мегрэ и привидение</title>
</book>
<book>
	<filename>simenon_zhorzh/simenon_zhorzh_megrye_ishet_golovu.fb2.zip</filename>
	<title>Сименон Жорж. Мегрэ ищет голову</title>
</book>
<book>
	<filename>simenon_zhorzh/simenon_zhorzh_megrye_i_staraya_dama.fb2.zip</filename>
	<title>Сименон Жорж. Мегрэ и старая дама</title>
</book>
<book>
	<filename>simenon_zhorzh/simenon_zhorzh_megrye_i_stariki.fb2.zip</filename>
	<title>Сименон Жорж. Мегрэ и старики</title>
</book>
<book>
	<filename>simenon_zhorzh/simenon_zhorzh_megrye_i_stroptivye_svideteli.fb2.zip</filename>
	<title>Сименон Жорж. Мегрэ и строптивые свидетели</title>
</book>
<book>
	<filename>simenon_zhorzh/simenon_zhorzh_megrye_i_subbotnii_klient.fb2.zip</filename>
	<title>Сименон Жорж. Мегрэ и субботний клиент</title>
</book>
<book>
	<filename>simenon_zhorzh/simenon_zhorzh_megrye_i_sumasshedshaya.fb2.zip</filename>
	<title>Сименон Жорж. Мегрэ и сумасшедшая</title>
</book>
<book>
	<filename>simenon_zhorzh/simenon_zhorzh_megrye_i_trup_molodoi_zhenshiny.fb2.zip</filename>
	<title>Сименон Жорж. Мегрэ и труп молодой женщины</title>
</book>
<book>
	<filename>simenon_zhorzh/simenon_zhorzh_megrye_i_ubiica.fb2.zip</filename>
	<title>Сименон Жорж. Мегрэ и убийца</title>
</book>
<book>
	<filename>simenon_zhorzh/simenon_zhorzh_megrye_i_vinotorgovec.fb2.zip</filename>
	<title>Сименон Жорж. Мегрэ и виноторговец</title>
</book>
<book>
	<filename>simenon_zhorzh/simenon_zhorzh_megrye_kolebletsya.fb2.zip</filename>
	<title>Сименон Жорж. Мегрэ колеблется</title>
</book>
<book>
	<filename>simenon_zhorzh/simenon_zhorzh_megrye_lonon_i_gangstery.fb2.zip</filename>
	<title>Сименон Жорж. Мегрэ, Лоньон и гангстеры</title>
</book>
<book>
	<filename>simenon_zhorzh/simenon_zhorzh_megrye_oshibaetsya.fb2.zip</filename>
	<title>Сименон Жорж. Мегрэ ошибается</title>
</book>
<book>
	<filename>simenon_zhorzh/simenon_zhorzh_megrye_puteshestvuet.fb2.zip</filename>
	<title>Сименон Жорж. Мегрэ путешествует</title>
</book>
<book>
	<filename>simenon_zhorzh/simenon_zhorzh_megrye_rasstavlyaet_lovushku.fb2.zip</filename>
	<title>Сименон Жорж. Мегрэ расставляет ловушку</title>
</book>
<book>
	<filename>simenon_zhorzh/simenon_zhorzh_megrye_serditsya.fb2.zip</filename>
	<title>Сименон Жорж. Мегрэ сердится</title>
</book>
<book>
	<filename>simenon_zhorzh/simenon_zhorzh_megrye_u_koronera.fb2.zip</filename>
	<title>Сименон Жорж. Мегрэ у коронера</title>
</book>
<book>
	<filename>simenon_zhorzh/simenon_zhorzh_megrye_u_ministra.fb2.zip</filename>
	<title>Сименон Жорж. Мегрэ у министра</title>
</book>
<book>
	<filename>simenon_zhorzh/simenon_zhorzh_megrye_v_meblirovannyh_komnatah.fb2.zip</filename>
	<title>Сименон Жорж. Мегрэ в меблированных комнатах</title>
</book>
<book>
	<filename>simenon_zhorzh/simenon_zhorzh_megrye_v_nyuijorke.fb2.zip</filename>
	<title>Сименон Жорж. Мегрэ в Нью-Йорке</title>
</book>
<book>
	<filename>simenon_zhorzh/simenon_zhorzh_megrye_v_pikretts.fb2.zip</filename>
	<title>Сименон Жорж. Мегрэ в «Пикреттс»</title>
</book>
<book>
	<filename>simenon_zhorzh/simenon_zhorzh_megrye_v_shkole.fb2.zip</filename>
	<title>Сименон Жорж. Мегрэ в школе</title>
</book>
<book>
	<filename>simenon_zhorzh/simenon_zhorzh_megrye_v_sude_prisyazhnyh.fb2.zip</filename>
	<title>Сименон Жорж. Мегрэ в суде присяжных</title>
</book>
<book>
	<filename>simenon_zhorzh/simenon_zhorzh_megrye_v_trevoge.fb2.zip</filename>
	<title>Сименон Жорж. Мегрэ в тревоге</title>
</book>
<book>
	<filename>simenon_zhorzh/simenon_zhorzh_megrye_v_vishi.fb2.zip</filename>
	<title>Сименон Жорж. Мегрэ в Виши</title>
</book>
<book>
	<filename>simenon_zhorzh/simenon_zhorzh_megrye_zabavlyaetsya.fb2.zip</filename>
	<title>Сименон Жорж. Мегрэ забавляется</title>
</book>
<book>
	<filename>simenon_zhorzh/simenon_zhorzh_megrye_zashishaetsya.fb2.zip</filename>
	<title>Сименон Жорж. Мегрэ защищается</title>
</book>
<book>
	<filename>simenon_zhorzh/simenon_zhorzh_moi_drug_megrye.fb2.zip</filename>
	<title>Сименон Жорж. Мой друг Мегрэ</title>
</book>
<book>
	<filename>simenon_zhorzh/simenon_zhorzh_nebyvalyi_gospodin_ouyen.fb2.zip</filename>
	<title>Сименон Жорж. Небывалый господин Оуэн</title>
</book>
<book>
	<filename>simenon_zhorzh/simenon_zhorzh_negrityanskii_kvartal.fb2.zip</filename>
	<title>Сименон Жорж. Негритянский квартал</title>
</book>
<book>
	<filename>simenon_zhorzh/simenon_zhorzh_nevinovnye.fb2.zip</filename>
	<title>Сименон Жорж. Невиновные</title>
</book>
<book>
	<filename>simenon_zhorzh/simenon_zhorzh_noch_na_perekrestke.fb2.zip</filename>
	<title>Сименон Жорж. Ночь на перекрестке</title>
</book>
<book>
	<filename>simenon_zhorzh/simenon_zhorzh_notarius_iz_shatonefa.fb2.zip</filename>
	<title>Сименон Жорж. Нотариус из Шатонефа</title>
</book>
<book>
	<filename>simenon_zhorzh/simenon_zhorzh_novyi_chelovek_v_gorode.fb2.zip</filename>
	<title>Сименон Жорж. Новый человек в городе</title>
</book>
<book>
	<filename>simenon_zhorzh/simenon_zhorzh_okno_v_dome_ruye.fb2.zip</filename>
	<title>Сименон Жорж. Окно в доме Руэ</title>
</book>
<book>
	<filename>simenon_zhorzh/simenon_zhorzh_oshibka_megrye.fb2.zip</filename>
	<title>Сименон Жорж. Ошибка Мегрэ</title>
</book>
<book>
	<filename>simenon_zhorzh/simenon_zhorzh_otkrytoe_okno.fb2.zip</filename>
	<title>Сименон Жорж. Открытое окно</title>
</book>
<book>
	<filename>simenon_zhorzh/simenon_zhorzh_otpusk_megrye.fb2.zip</filename>
	<title>Сименон Жорж. Отпуск Мегрэ</title>
</book>
<book>
	<filename>simenon_zhorzh/simenon_zhorzh_passazhir_polyarnoi_lilii.fb2.zip</filename>
	<title>Сименон Жорж. Пассажир “Полярной лилии”</title>
</book>
<book>
	<filename>simenon_zhorzh/simenon_zhorzh_pereezd.fb2.zip</filename>
	<title>Сименон Жорж. Переезд</title>
</book>
<book>
	<filename>simenon_zhorzh/simenon_zhorzh_pervoe_delo_megrye.fb2.zip</filename>
	<title>Сименон Жорж. Первое дело Мегрэ</title>
</book>
<book>
	<filename>simenon_zhorzh/simenon_zhorzh_peters_latysh.fb2.zip</filename>
	<title>Сименон Жорж. Петерс Латыш</title>
</book>
<book>
	<filename>simenon_zhorzh/simenon_zhorzh_pismo_sledovatelyu.fb2.zip</filename>
	<title>Сименон Жорж. Письмо следователю</title>
</book>
<book>
	<filename>simenon_zhorzh/simenon_zhorzh_plyushevyi_mishka.fb2.zip</filename>
	<title>Сименон Жорж. Плюшевый мишка</title>
</book>
<book>
	<filename>simenon_zhorzh/simenon_zhorzh_podpis_pikpyus.fb2.zip</filename>
	<title>Сименон Жорж. Подпись “Пикпюс”</title>
</book>
<book>
	<filename>simenon_zhorzh/simenon_zhorzh_pokazaniya_malchika_iz_cerkovnogo_hora.fb2.zip</filename>
	<title>Сименон Жорж. Показания мальчика из церковного хора</title>
</book>
<book>
	<filename>simenon_zhorzh/simenon_zhorzh_poklonnik_madam_megrye.fb2.zip</filename>
	<title>Сименон Жорж. Поклонник мадам Мегрэ</title>
</book>
<book>
	<filename>simenon_zhorzh/simenon_zhorzh_pokoinyi_gospodin_galle.fb2.zip</filename>
	<title>Сименон Жорж. Покойный господин Галле</title>
</book>
<book>
	<filename>simenon_zhorzh/simenon_zhorzh_pomolvka_mse_gira.fb2.zip</filename>
	<title>Сименон Жорж. Помолвка мсье Гира</title>
</book>
<book>
	<filename>simenon_zhorzh/simenon_zhorzh_port_tumanov.fb2.zip</filename>
	<title>Сименон Жорж. Порт туманов</title>
</book>
<book>
	<filename>simenon_zhorzh/simenon_zhorzh_prestuplenie_v_gollandii.fb2.zip</filename>
	<title>Сименон Жорж. Преступление в Голландии</title>
</book>
<book>
	<filename>simenon_zhorzh/simenon_zhorzh_priyatelnica_madam_megrye.fb2.zip</filename>
	<title>Сименон Жорж. Приятельница мадам Мегрэ</title>
</book>
<book>
	<filename>simenon_zhorzh/simenon_zhorzh_priyut_utoplennikov.fb2.zip</filename>
	<title>Сименон Жорж. “Приют утопленников”</title>
</book>
<book>
	<filename>simenon_zhorzh/simenon_zhorzh_priznaniya_megrye.fb2.zip</filename>
	<title>Сименон Жорж. Признания Мегрэ</title>
</book>
<book>
	<filename>simenon_zhorzh/simenon_zhorzh_promah_megrye.fb2.zip</filename>
	<title>Сименон Жорж. Промах Мегрэ</title>
</book>
<book>
	<filename>simenon_zhorzh/simenon_zhorzh_rancho_kobyla_poteryalas.fb2.zip</filename>
	<title>Сименон Жорж. Ранчо “Кобыла потерялась”</title>
</book>
<book>
	<filename>simenon_zhorzh/simenon_zhorzh_revolver_megrye.fb2.zip</filename>
	<title>Сименон Жорж. Револьвер Мегрэ</title>
</book>
<book>
	<filename>simenon_zhorzh/simenon_zhorzh_ruka.fb2.zip</filename>
	<title>Сименон Жорж. Рука</title>
</book>
<book>
	<filename>simenon_zhorzh/simenon_zhorzh_samyi_upryamyi_klient_v_mire.fb2.zip</filename>
	<title>Сименон Жорж. Самый упрямый клиент в мире</title>
</book>
<book>
	<filename>simenon_zhorzh/simenon_zhorzh_semeistvo_pitar.fb2.zip</filename>
	<title>Сименон Жорж. Семейство Питар</title>
</book>
<book>
	<filename>simenon_zhorzh/simenon_zhorzh_sesil_umerla.fb2.zip</filename>
	<title>Сименон Жорж. Сесиль умерла</title>
</book>
<book>
	<filename>simenon_zhorzh/simenon_zhorzh_severnaya_zvezda.fb2.zip</filename>
	<title>Сименон Жорж. Северная звезда</title>
</book>
<book>
	<filename>simenon_zhorzh/simenon_zhorzh_shlyuz_1.fb2.zip</filename>
	<title>Сименон Жорж. Шлюз № 1</title>
</book>
<book>
	<filename>simenon_zhorzh/simenon_zhorzh_shlyuz_no_1.fb2.zip</filename>
	<title>Сименон Жорж. Шлюз № 1</title>
</book>
<book>
	<filename>simenon_zhorzh/simenon_zhorzh_smert_belly.fb2.zip</filename>
	<title>Сименон Жорж. Смерть Беллы</title>
</book>
<book>
	<filename>simenon_zhorzh/simenon_zhorzh_smertnaya_kazn.fb2.zip</filename>
	<title>Сименон Жорж. Смертная казнь</title>
</book>
<book>
	<filename>simenon_zhorzh/simenon_zhorzh_somneniya_megrye.fb2.zip</filename>
	<title>Сименон Жорж. Сомнения Мегрэ</title>
</book>
<book>
	<filename>simenon_zhorzh/simenon_zhorzh_stanubiica.fb2.zip</filename>
	<title>Сименон Жорж. Стан-убийца</title>
</book>
<book>
	<filename>simenon_zhorzh/simenon_zhorzh_striptiz.fb2.zip</filename>
	<title>Сименон Жорж. Стриптиз</title>
</book>
<book>
	<filename>simenon_zhorzh/simenon_zhorzh_sudba_semi_malu.fb2.zip</filename>
	<title>Сименон Жорж. Судьба семьи Малу</title>
</book>
<book>
	<filename>simenon_zhorzh/simenon_zhorzh_sud_prisyazhnyh.fb2.zip</filename>
	<title>Сименон Жорж. Суд присяжных</title>
</book>
<book>
	<filename>simenon_zhorzh/simenon_zhorzh_tancovshica_veseloi_melnicy.fb2.zip</filename>
	<title>Сименон Жорж. Танцовщица “Веселой Мельницы”</title>
</book>
<book>
	<filename>simenon_zhorzh/simenon_zhorzh_ten_na_shtore.fb2.zip</filename>
	<title>Сименон Жорж. Тень на шторе</title>
</book>
<book>
	<filename>simenon_zhorzh/simenon_zhorzh_terpenie_megrye.fb2.zip</filename>
	<title>Сименон Жорж. Терпение Мегрэ</title>
</book>
<book>
	<filename>simenon_zhorzh/simenon_zhorzh_tetya_zhanna.fb2.zip</filename>
	<title>Сименон Жорж. Тетя Жанна</title>
</book>
<book>
	<filename>simenon_zhorzh/simenon_zhorzh_torgi_pri_svechah.fb2.zip</filename>
	<title>Сименон Жорж. Торги при свечах</title>
</book>
<book>
	<filename>simenon_zhorzh/simenon_zhorzh_tri_komnaty_na_manhattane.fb2.zip</filename>
	<title>Сименон Жорж. Три комнаты на Манхаттане</title>
</book>
<book>
	<filename>simenon_zhorzh/simenon_zhorzh_trubka_megrye.fb2.zip</filename>
	<title>Сименон Жорж. Трубка Мегрэ</title>
</book>
<book>
	<filename>simenon_zhorzh/simenon_zhorzh_u_flamandcev.fb2.zip</filename>
	<title>Сименон Жорж. У фламандцев</title>
</book>
<book>
	<filename>simenon_zhorzh/simenon_zhorzh_ulica_pigal.fb2.zip</filename>
	<title>Сименон Жорж. Улица Пигаль</title>
</book>
<book>
	<filename>simenon_zhorzh/simenon_zhorzh_v_dome_naprotiv.fb2.zip</filename>
	<title>Сименон Жорж. В доме напротив</title>
</book>
<book>
	<filename>simenon_zhorzh/simenon_zhorzh_viselnik_iz_senfolena.fb2.zip</filename>
	<title>Сименон Жорж. Висельник из Сен-Фольена</title>
</book>
<book>
	<filename>simenon_zhorzh/simenon_zhorzh_vor_komissara_megrye.fb2.zip</filename>
	<title>Сименон Жорж. Вор комиссара Мегрэ</title>
</book>
<book>
	<filename>simenon_zhorzh/simenon_zhorzh_v_podvalah_otelya_mazhestik.fb2.zip</filename>
	<title>Сименон Жорж. В подвалах отеля Мажестик</title>
</book>
<book>
	<filename>simenon_zhorzh/simenon_zhorzh_v_sluchae_bedy.fb2.zip</filename>
	<title>Сименон Жорж. В случае беды</title>
</book>
<book>
	<filename>simenon_zhorzh/simenon_zhorzh_v_tupike.fb2.zip</filename>
	<title>Сименон Жорж. В тупике</title>
</book>
<book>
	<filename>simenon_zhorzh/simenon_zhorzh_zapiski_megrye.fb2.zip</filename>
	<title>Сименон Жорж. Записки Мегрэ</title>
</book>
<book>
	<filename>simenon_zhorzh/simenon_zhorzh_zheltyi_pes.fb2.zip</filename>
	<title>Сименон Жорж. Желтый пес</title>
</book>
<book>
	<filename>simenon_zhorzh/simenon_zhorzh_zhomon_ostanovka_51_minutu.fb2.zip</filename>
	<title>Сименон Жорж. Жомон, остановка 51 минуту</title>
</book>
<book>
	<filename>simmons_dyen/simmons_dyen_britva_darvina.fb2.zip</filename>
	<title>Симмонс Дэн. Бритва Дарвина</title>
</book>
<book>
	<filename>simmons_dyen/simmons_dyen_deti_nochi.fb2.zip</filename>
	<title>Симмонс Дэн. Дети ночи</title>
</book>
<book>
	<filename>simmons_dyen/simmons_dyen_giperion.fb2.zip</filename>
	<title>Симмонс Дэн. Гиперион</title>
</book>
<book>
	<filename>simmons_dyen/simmons_dyen_goryashii_yedem.fb2.zip</filename>
	<title>Симмонс Дэн. Горящий Эдем</title>
</book>
<book>
	<filename>simmons_dyen/simmons_dyen_ilion.fb2.zip</filename>
	<title>Симмонс Дэн. Илион</title>
</book>
<book>
	<filename>simmons_dyen/simmons_dyen_kolokol_po_hyemu.fb2.zip</filename>
	<title>Симмонс Дэн. Колокол по Хэму</title>
</book>
<book>
	<filename>simmons_dyen/simmons_dyen_kruche_nekuda.fb2.zip</filename>
	<title>Симмонс Дэн. Круче некуда</title>
</book>
<book>
	<filename>simmons_dyen/simmons_dyen_leto_nochi.fb2.zip</filename>
	<title>Симмонс Дэн. Лето ночи</title>
</book>
<book>
	<filename>simmons_dyen/simmons_dyen_neglubokaya_mogila.fb2.zip</filename>
	<title>Симмонс Дэн. Неглубокая могила</title>
</book>
<book>
	<filename>simmons_dyen/simmons_dyen_olimp.fb2.zip</filename>
	<title>Симмонс Дэн. Олимп</title>
</book>
<book>
	<filename>simmons_dyen/simmons_dyen_otmorozhennyi.fb2.zip</filename>
	<title>Симмонс Дэн. Отмороженный</title>
</book>
<book>
	<filename>simmons_dyen/simmons_dyen_padenie_giperiona.fb2.zip</filename>
	<title>Симмонс Дэн. Падение Гипериона</title>
</book>
<book>
	<filename>simmons_dyen/simmons_dyen_pesn_kali.fb2.zip</filename>
	<title>Симмонс Дэн. Песнь Кали</title>
</book>
<book>
	<filename>simmons_dyen/simmons_dyen_siroty_spirali.fb2.zip</filename>
	<title>Симмонс Дэн. Сироты Спирали</title>
</book>
<book>
	<filename>simmons_dyen/simmons_dyen_uteha_padali.fb2.zip</filename>
	<title>Симмонс Дэн. Утеха падали</title>
</book>
<book>
	<filename>simmons_dyen/simmons_dyen_voshod_yendimiona.fb2.zip</filename>
	<title>Симмонс Дэн. Восход Эндимиона</title>
</book>
<book>
	<filename>simmons_dyen/simmons_dyen_yendimion.fb2.zip</filename>
	<title>Симмонс Дэн. Эндимион</title>
</book>
<book>
	<filename>simmons_linda/simmons_linda_svadebnyi_naryad.fb2.zip</filename>
	<title>Симмонс Линда. Свадебный наряд</title>
</book>
<book>
	<filename>simmons_syuzanna/simmons_syuzanna_lozhe_iz_roz.fb2.zip</filename>
	<title>Симмонс Сюзанна. Ложе из роз</title>
</book>
<book>
	<filename>simmons_syuzanna/simmons_syuzanna_nastoyashee_sokrovishe.fb2.zip</filename>
	<title>Симмонс Сюзанна. Настоящее сокровище</title>
</book>
<book>
	<filename>simmons_syuzanna/simmons_syuzanna_raiskii_ugolok.fb2.zip</filename>
	<title>Симмонс Сюзанна. Райский уголок</title>
</book>
<book>
	<filename>simmons_syuzanna/simmons_syuzanna_roza_pustyni.fb2.zip</filename>
	<title>Симмонс Сюзанна. Роза пустыни</title>
</book>
<book>
	<filename>simmons_syuzanna/simmons_syuzanna_zamanchivye_obeshaniya.fb2.zip</filename>
	<title>Симмонс Сюзанна. Заманчивые обещания</title>
</book>
<book>
	<filename>simmonz_debora/simmonz_debora_iskusitelnica_keit.fb2.zip</filename>
	<title>Симмонз Дебора. Искусительница Кейт</title>
</book>
<book>
	<filename>simmonz_debora/simmonz_debora_v_vodovorotah_zhizni.fb2.zip</filename>
	<title>Симмонз Дебора. В водоворотах жизни</title>
</book>
<book>
	<filename>simokatta_feofilakt/simokatta_feofilakt_istoriya.fb2.zip</filename>
	<title>Симокатта Феофилакт. История</title>
</book>
<book>
	<filename>simonenko_konstantin/simonenko_konstantin_neputevye_zametki_o_ssha.fb2.zip</filename>
	<title>Симоненко Константин. НеПутевые заметки о США</title>
</book>
<book>
	<filename>simonova_mariya/simonova_mariya_azartnye_igry_vysshego_poryadka.fb2.zip</filename>
	<title>Симонова Мария. Азартные игры высшего порядка</title>
</book>
<book>
	<filename>simonova_mariya/simonova_mariya_iernskie_volki.fb2.zip</filename>
	<title>Симонова Мария Геннадьевна. Йернские волки</title>
</book>
<book>
	<filename>simonova_mariya/simonova_mariya_ijernskie_volki.fb2.zip</filename>
	<title>Симонова Мария. Йернские волки</title>
</book>
<book>
	<filename>simonova_mariya/simonova_mariya_oderzhimye_bessmertiem.fb2.zip</filename>
	<title>Симонова Мария. Одержимые бессмертием</title>
</book>
<book>
	<filename>simonova_mariya/simonova_mariya_ohota_na_snaipera.fb2.zip</filename>
	<title>Симонова Мария. Охота на Снайпера</title>
</book>
<book>
	<filename>simonova_mariya/simonova_mariya_pohititeli_bessmertiya.fb2.zip</filename>
	<title>Симонова Мария. Похитители бессмертия</title>
</book>
<book>
	<filename>simonova_mariya/simonova_mariya_privychka_umirat.fb2.zip</filename>
	<title>Симонова Мария. Привычка умирать</title>
</book>
<book>
	<filename>simonova_mariya/simonova_mariya_privychka_zhit.fb2.zip</filename>
	<title>Симонова Мария. Привычка жить</title>
</book>
<book>
	<filename>simonova_mariya/simonova_mariya_professiya_smertnik.fb2.zip</filename>
	<title>Симонова Мария. Профессия – смертник</title>
</book>
<book>
	<filename>simonova_mariya/simonova_mariya_snaipery.fb2.zip</filename>
	<title>Симонова Мария. Снайперы</title>
</book>
<book>
	<filename>simonova_mariya/simonova_mariya_tretya_stihiya.fb2.zip</filename>
	<title>Симонова Мария. Третья стихия</title>
</book>
<book>
	<filename>simonova_mariya/simonova_mariya_virus_haosa.fb2.zip</filename>
	<title>Симонова Мария. Вирус хаоса</title>
</book>
<book>
	<filename>simonova_mariya/simonova_mariya_voiny_tmy.fb2.zip</filename>
	<title>Симонова Мария. Воины Тьмы</title>
</book>
<book>
	<filename>simonova_mariya/simonova_mariya_znak_izbrannika.fb2.zip</filename>
	<title>Симонова Мария. Знак Избранника</title>
</book>
<book>
	<filename>simonov_konstantin/simonov_konstantin_poslednee_leto.fb2.zip</filename>
	<title>Симонов Константин Михайлович. Последнее лето</title>
</book>
<book>
	<filename>simonov_konstantin/simonov_konstantin_soldatami_ne_rozhdayutsya.fb2.zip</filename>
	<title>Симонов Константин Михайлович. Солдатами не рождаются</title>
</book>
<book>
	<filename>simonov_konstantin/simonov_konstantin_zhivye_i_mertvye.fb2.zip</filename>
	<title>Симонов Константин. Живые и мертвые</title>
</book>
<book>
	<filename>simonyan_nikita/simonyan_nikita_futbol_tolko_li_igra.fb2.zip</filename>
	<title>Симонян Никита Павлович. Футбол – только ли игра?</title>
</book>
<book>
	<filename>simota_syeidzi/simota_syeidzi_obrazcovyi_rabotnik.fb2.zip</filename>
	<title>Симота Сэйдзи. Образцовый работник</title>
</book>
<book>
	<filename>simota_syeidzi/simota_syeidzi_prisyaga.fb2.zip</filename>
	<title>Симота Сэйдзи. Присяга</title>
</book>
<book>
	<filename>simpson_patriciya/simpson_patriciya_polunochnyi_shepot.fb2.zip</filename>
	<title>Симпсон Патриция. Полуночный шепот</title>
</book>
<book>
	<filename>simpson_patriciya/simpson_patriciya_v_omute_blazhenstva.fb2.zip</filename>
	<title>Симпсон Патриция. В омуте блаженства</title>
</book>
<book>
	<filename>sinelnikov_valerii/sinelnikov_valerii_privivka_ot_stressa_kak_stat_hozyainom_svoei_zhizni.fb2.zip</filename>
	<title>Синельников Валерий Владимирович. Прививка от стресса. Как стать хозяином своей жизни</title>
</book>
<book>
	<filename>sinelnikov_valerii/sinelnikov_valerii_sila_namereniya_kak_realizovat_svoi_mechty_i_zhelaniya.fb2.zip</filename>
	<title>Синельников Валерий Владимирович. Сила Намерения. Как реализовать свои мечты и желания</title>
</book>
<book>
	<filename>sinelnikov_valerii/sinelnikov_valerii_vozlyubi_bolezn_svoyu_kak_stat_zdorovym_poznav_radost_zhizni.fb2.zip</filename>
	<title>Синельников Валерий Владимирович. Возлюби болезнь свою. Как стать здоровым, познав радость жизни</title>
</book>
<book>
	<filename>sinelnikov_vladimir/sinelnikov_vladimir_braslet_agasfera.fb2.zip</filename>
	<title>Синельников Владимир. Браслет Агасфера</title>
</book>
<book>
	<filename>sinelnikov_vladimir/sinelnikov_vladimir_smert_na_ostrie_igly.fb2.zip</filename>
	<title>Синельников Владимир. Смерть на острие иглы</title>
</book>
<book>
	<filename>sinelnikov_vladimir/sinelnikov_vladimir_teni_mirov.fb2.zip</filename>
	<title>Синельников Владимир. Тени Миров</title>
</book>
<book>
	<filename>sinelnikov_vladimir/sinelnikov_vladimir_veer_mirov.fb2.zip</filename>
	<title>Синельников Владимир. Веер Миров</title>
</book>
<book>
	<filename>sinelnikov_vladimir/sinelnikov_vladimir_vostochnyi_kruiz.fb2.zip</filename>
	<title>Синельников Владимир. Восточный круиз</title>
</book>
<book>
	<filename>singh_nalini/singh_nalini_plennica_svobody.fb2.zip</filename>
	<title>Сингх Налини. Пленница свободы</title>
</book>
<book>
	<filename>singh_nalini/singh_nalini_serdce_geroya.fb2.zip</filename>
	<title>Сингх Налини. Сердце героя</title>
</book>
<book>
	<filename>sinicyn_oleg/sinicyn_oleg_astrovoiny.fb2.zip</filename>
	<title>Синицын Олег. Астровойны</title>
</book>
<book>
	<filename>sinicyn_oleg/sinicyn_oleg_bitva_za_smert.fb2.zip</filename>
	<title>Синицын Олег. Битва за смерть</title>
</book>
<book>
	<filename>sinicyn_oleg/sinicyn_oleg_magma.fb2.zip</filename>
	<title>Синицын Олег. Магма</title>
</book>
<book>
	<filename>sinicyn_oleg/sinicyn_oleg_skalolazka_i_kamen_sudeb.fb2.zip</filename>
	<title>Синицын Олег. Скалолазка и Камень Судеб</title>
</book>
<book>
	<filename>sinicyn_oleg/sinicyn_oleg_skalolazka_i_mirovoe_drevo.fb2.zip</filename>
	<title>Синицын Олег. Скалолазка и мировое древо</title>
</book>
<book>
	<filename>sinicyn_stanislav/sinicyn_stanislav_zhazhda_vsevlastiya.fb2.zip</filename>
	<title>Синицын Станислав. Жажда всевластия</title>
</book>
<book>
	<filename>siniti_hosi/siniti_hosi_ocharovannaya_lisoi.fb2.zip</filename>
	<title>Синьити Хоси. Очарованная лисой</title>
</book>
<book>
	<filename>siniti_hosi/siniti_hosi_tosklivaya_rabota.fb2.zip</filename>
	<title>Синьити Хоси. Тоскливая работа</title>
</book>
<book>
	<filename>sinkler_yelison/sinkler_yelison_verenica.fb2.zip</filename>
	<title>Синклер Элисон. Вереница</title>
</book>
<book>
	<filename>sinkler_yepton/sinkler_yepton_silviya.fb2.zip</filename>
	<title>Синклер Эптон Билл. Сильвия</title>
</book>
<book>
	<filename>sinkler_yepton/sinkler_yepton_zamuzhestvo_silvii.fb2.zip</filename>
	<title>Синклер Эптон Билл. Замужество Сильвии</title>
</book>
<book>
	<filename>sinuye_zhilber/sinuye_zhilber_dni_i_nochi.fb2.zip</filename>
	<title>Синуэ Жильбер. Дни и ночи</title>
</book>
<book>
	<filename>sinuye_zhilber/sinuye_zhilber_malchik_iz_bryugge.fb2.zip</filename>
	<title>Синуэ Жильбер. Мальчик из Брюгге</title>
</book>
<book>
	<filename>sinuye_zhilber/sinuye_zhilber_porfira_i_oliva.fb2.zip</filename>
	<title>Синуэ Жильбер. Порфира и олива</title>
</book>
<book>
	<filename>sinuye_zhilber/sinuye_zhilber_sapfirovaya_skrizhal.fb2.zip</filename>
	<title>Синуэ Жильбер. Сапфировая скрижаль</title>
</book>
<book>
	<filename>sinyakin_sergei/sinyakin_sergei_buzuluckie_igry.fb2.zip</filename>
	<title>Синякин Сергей. Бузулуцкие игры</title>
</book>
<book>
	<filename>sinyakin_sergei/sinyakin_sergei_krasnyi_rassvet.fb2.zip</filename>
	<title>Синякин Сергей. Красный рассвет</title>
</book>
<book>
	<filename>sinyakin_sergei/sinyakin_sergei_lebedi_kassidy.fb2.zip</filename>
	<title>Синякин Сергей. Лебеди Кассиды</title>
</book>
<book>
	<filename>sinyakin_sergei/sinyakin_sergei_monah_na_krayu_zemli.fb2.zip</filename>
	<title>Синякин Сергей. Монах на краю земли</title>
</book>
<book>
	<filename>sinyakin_sergei/sinyakin_sergei_operaciya_prikrytiya.fb2.zip</filename>
	<title>Синякин Сергей. Операция прикрытия</title>
</book>
<book>
	<filename>sinyakin_sergei/sinyakin_sergei_reinkarnator.fb2.zip</filename>
	<title>Синякин Сергей. Реинкарнатор</title>
</book>
<book>
	<filename>sinyakin_sergei/sinyakin_sergei_rezervaciya.fb2.zip</filename>
	<title>Синякин Сергей. Резервация</title>
</book>
<book>
	<filename>sinyakin_sergei/sinyakin_sergei_vokrug_sveta_s_killerami_za_spinoi.fb2.zip</filename>
	<title>Синякин Сергей. Вокруг света с киллерами за спиной</title>
</book>
<book>
	<filename>sinyak_per/sinyak_per_zhemchug_pered_svinyami.fb2.zip</filename>
	<title>Синьяк Пьер. Жемчуг перед свиньями</title>
</book>
<book>
	<filename>siratori_kyendzi/siratori_kyendzi_krov_yelektricheskaya.fb2.zip</filename>
	<title>Сиратори Кэндзи. Кровь электрическая</title>
</book>
<book>
	<filename>sirlz_hyenk/sirlz_hyenk_chelyusti2.fb2.zip</filename>
	<title>Сирлз Хэнк. Челюсти-2</title>
</book>
<book>
	<filename>sirotkin_vladlen/sirotkin_vladlen_zarubezhnye_klondaiki_rossii.fb2.zip</filename>
	<title>Сироткин Владлен. Зарубежные клондайки России</title>
</book>
<book>
	<filename>sisin_vadim/sisin_vadim_spravochnik_voditelya.fb2.zip</filename>
	<title>Сисин Вадим. Справочник водителя</title>
</book>
<book>
	<filename>sisman_robin/sisman_robin_osobye_otnosheniya.fb2.zip</filename>
	<title>Сисман Робин. Особые отношения</title>
</book>
<book>
	<filename>sisman_robin/sisman_robin_prosto_druzya.fb2.zip</filename>
	<title>Сисман Робин. Просто друзья</title>
</book>
<book>
	<filename>sisnev_vissarion/sisnev_vissarion_zapiski_vikvikskogo_kluba_s_illyustraciyami.fb2.zip</filename>
	<title>Сиснев Виссарион Иванович. Записки Виквикского клуба (с иллюстрациями)</title>
</book>
<book>
	<filename>sita_derd/sita_derd_chastnoe_rassledovanie.fb2.zip</filename>
	<title>Сита Дьердь. Частное расследование</title>
</book>
<book>
	<filename>sitchin_zahariya/sitchin_zahariya_armageddon_otkladyvaetsya.fb2.zip</filename>
	<title>Ситчин Захария. Армагеддон откладывается</title>
</book>
<book>
	<filename>sitchin_zahariya/sitchin_zahariya_bozhestvo_12i_planety.fb2.zip</filename>
	<title>Ситчин Захария. Божество 12-й планеты</title>
</book>
<book>
	<filename>sitchin_zahariya/sitchin_zahariya_dvenadcataya_planeta.fb2.zip</filename>
	<title>Ситчин Захария. Двенадцатая планета</title>
</book>
<book>
	<filename>sitchin_zahariya/sitchin_zahariya_kosmicheskii_kod.fb2.zip</filename>
	<title>Ситчин Захария. Космический код</title>
</book>
<book>
	<filename>sitchin_zahariya/sitchin_zahariya_lestnica_v_nebo_v_poiskah_bessmertiya.fb2.zip</filename>
	<title>Ситчин Захария. Лестница в небо. В поисках бессмертия</title>
</book>
<book>
	<filename>sitchin_zahariya/sitchin_zahariya_poteryannye_carstva.fb2.zip</filename>
	<title>Ситчин Захария. Потерянные царства</title>
</book>
<book>
	<filename>sitchin_zahariya/sitchin_zahariya_voiny_bogov_i_lyudei.fb2.zip</filename>
	<title>Ситчин Захария. Войны богов и людей</title>
</book>
<book>
	<filename>sitel_anatolii/sitel_anatolii_solo_dlya_pozvonochnika.fb2.zip</filename>
	<title>Ситель Анатолий. Соло для позвоночника</title>
</book>
<book>
	<filename>sitnikov_konstantin/sitnikov_konstantin_kak_medved_s_komarom_borolsya.fb2.zip</filename>
	<title>Ситников Константин. Как медведь с комаром боролся</title>
</book>
<book>
	<filename>siver_kirsten/siver_kirsten_saga_o_gudrid.fb2.zip</filename>
	<title>Сивер Кирстен А. Сага о Гудрид</title>
</book>
<book>
	<filename>sivilbraun_syu/sivilbraun_syu_nezhdannaya_strast.fb2.zip</filename>
	<title>Сивил-Браун Сью. Нежданная страсть</title>
</book>
<book>
	<filename>sivinskih_aleksandr/sivinskih_aleksandr_imya_nam_legion.fb2.zip</filename>
	<title>Сивинских Александр. Имя нам — легион</title>
</book>
<book>
	<filename>sivinskih_aleksandr/sivinskih_aleksandr_prohodyashii_skvoz_steny.fb2.zip</filename>
	<title>Сивинских Александр. Проходящий сквозь стены</title>
</book>
<book>
	<filename>sivinskih_aleksandr/sivinskih_aleksandr_u_vsyakoi_zverushki.fb2.zip</filename>
	<title>Сивинских Александр. У всякой зверушки</title>
</book>
<book>
	<filename>sizhi_dye/sizhi_dye_balzak_i_portniha_kitayanochka.fb2.zip</filename>
	<title>Сижи Дэ. Бальзак и портниха китаяночка</title>
</book>
<book>
	<filename>skachkov_vladimir/skachkov_vladimir_drakony_ne_umirayut.fb2.zip</filename>
	<title>Скачков Владимир. Драконы не умирают!</title>
</book>
<book>
	<filename>skachkov_vladimir/skachkov_vladimir_serebryanyi_drakon.fb2.zip</filename>
	<title>Скачков Владимир. Серебряный дракон</title>
</book>
<book>
	<filename>skai_kristina/skai_kristina_chernaya_roza.fb2.zip</filename>
	<title>Скай Кристина. Черная роза</title>
</book>
<book>
	<filename>skai_kristina/skai_kristina_i_pridet_noch.fb2.zip</filename>
	<title>Скай Кристина. И придет ночь</title>
</book>
<book>
	<filename>skai_kristina/skai_kristina_i_pridet_rassvet.fb2.zip</filename>
	<title>Скай Кристина. И придет рассвет</title>
</book>
<book>
	<filename>skai_kristina/skai_kristina_milaya_plennica.fb2.zip</filename>
	<title>Скай Кристина. Милая пленница</title>
</book>
<book>
	<filename>skai_kristina/skai_kristina_rubin.fb2.zip</filename>
	<title>Скай Кристина. Рубин</title>
</book>
<book>
	<filename>skai_rik/skai_rik_freddi_merkyuri.fb2.zip</filename>
	<title>Скай Рик. Фредди Меркьюри</title>
</book>
<book>
	<filename>skalandis_ant/skalandis_ant_kataliz.fb2.zip</filename>
	<title>Скаландис Ант. Катализ</title>
</book>
<book>
	<filename>skalandis_ant/skalandis_ant_ohota_na_yelfa.fb2.zip</filename>
	<title>Скаландис Ант. Охота на эльфа</title>
</book>
<book>
	<filename>skalandis_ant/skalandis_ant_sprosi_u_yasenya.fb2.zip</filename>
	<title>Скаландис Ант. Спроси у Ясеня</title>
</book>
<book>
	<filename>skalandis_ant/skalandis_ant_tochka_singulyarnosti.fb2.zip</filename>
	<title>Скаландис Ант. Точка сингулярности</title>
</book>
<book>
	<filename>skalandis_ant/skalandis_ant_zagovor_posvyashennyh.fb2.zip</filename>
	<title>Скаландис Ант. Заговор посвященных</title>
</book>
<book>
	<filename>skalci_dzhon/skalci_dzhon_brigady_prizrakov.fb2.zip</filename>
	<title>Скальци Джон. Бригады призраков</title>
</book>
<book>
	<filename>skalci_dzhon/skalci_dzhon_obrechennye_na_pobedu.fb2.zip</filename>
	<title>Скальци Джон. Обреченные на победу</title>
</book>
<book>
	<filename>skandinavskie_sagi_/skandinavskie_sagi__saga_o_gisli.fb2.zip</filename>
	<title>Скандинавские саги. Сага о Гисли</title>
</book>
<book>
	<filename>skandinavskie_sagi_/skandinavskie_sagi__saga_o_sverrire.fb2.zip</filename>
	<title>Скандинавские саги. Сага о Сверрире</title>
</book>
<book>
	<filename>skatov_nikolai/skatov_nikolai_kolcov.fb2.zip</filename>
	<title>Скатов Николай Николаевич. Кольцов</title>
</book>
<book>
	<filename>skidnevskaya_irina/skidnevskaya_irina_almazy_selona.fb2.zip</filename>
	<title>Скидневская Ирина. Алмазы Селона</title>
</book>
<book>
	<filename>skidnevskaya_irina/skidnevskaya_irina_igry_pokorolevski.fb2.zip</filename>
	<title>Скидневская Ирина. Игры по-королевски</title>
</book>
<book>
	<filename>skidnevskaya_irina/skidnevskaya_irina_zvezdnye_malchiki.fb2.zip</filename>
	<title>Скидневская Ирина. Звездные мальчики</title>
</book>
<book>
	<filename>skinner_gloriya/skinner_gloriya_svet_zvezdy.fb2.zip</filename>
	<title>Скиннер Глория Дейл. Свет звезды</title>
</book>
<book>
	<filename>skiryuk_dmitrii/skiryuk_dmitrii_drakonovy_sny.fb2.zip</filename>
	<title>Скирюк Дмитрий. Драконовы сны</title>
</book>
<book>
	<filename>skiryuk_dmitrii/skiryuk_dmitrii_kukushka.fb2.zip</filename>
	<title>Скирюк Дмитрий. Кукушка</title>
</book>
<book>
	<filename>skiryuk_dmitrii/skiryuk_dmitrii_osennii_lis.fb2.zip</filename>
	<title>Скирюк Дмитрий. Осенний Лис</title>
</book>
<book>
	<filename>skiryuk_dmitrii/skiryuk_dmitrii_park_permskogo_perioda.fb2.zip</filename>
	<title>Скирюк Дмитрий. Парк Пермского периода</title>
</book>
<book>
	<filename>skiryuk_dmitrii/skiryuk_dmitrii_runy_sudby.fb2.zip</filename>
	<title>Скирюк Дмитрий. Руны судьбы</title>
</book>
<book>
	<filename>sklyarenko_semen/sklyarenko_semen_svyatoslav.fb2.zip</filename>
	<title>Скляренко Семен Дмитриевич. Святослав</title>
</book>
<book>
	<filename>sklyarenko_semen/sklyarenko_semen_vladimir.fb2.zip</filename>
	<title>Скляренко Семен Дмитриевич. Владимир</title>
</book>
<book>
	<filename>sklyar_moasir/sklyar_moasir_kentavr_v_sadu.fb2.zip</filename>
	<title>Скляр Моасир. Кентавр в саду</title>
</book>
<book>
	<filename>skobelev_yeduard/skobelev_yeduard_filippych.fb2.zip</filename>
	<title>Скобелев Эдуард Мартинович. Филиппыч</title>
</book>
<book>
	<filename>skobelev_yeduard/skobelev_yeduard_katastrofa.fb2.zip</filename>
	<title>Скобелев Эдуард Мартинович. Катастрофа</title>
</book>
<book>
	<filename>skobelev_yeduard/skobelev_yeduard_neobyknovennye_priklyucheniya_arbuzika_i_bebeshki.fb2.zip</filename>
	<title>Скобелев Эдуард Мартинович. Необыкновенные приключения Арбузика и Бебешки</title>
</book>
<book>
	<filename>skobelev_yeduard/skobelev_yeduard_nevinnuyu_dushu_otnyat.fb2.zip</filename>
	<title>Скобелев Эдуард Мартинович. Невинную душу отнять</title>
</book>
<book>
	<filename>skobelev_yeduard/skobelev_yeduard_nikolka_i_balagan.fb2.zip</filename>
	<title>Скобелев Эдуард Мартинович. Николка и балаган</title>
</book>
<book>
	<filename>skobelev_yeduard/skobelev_yeduard_pacany_kupili_ostrov.fb2.zip</filename>
	<title>Скобелев Эдуард Мартинович. Пацаны купили остров</title>
</book>
<book>
	<filename>skobelev_yeduard/skobelev_yeduard_vlastelin_vremeni.fb2.zip</filename>
	<title>Скобелев Эдуард Мартинович. Властелин времени</title>
</book>
<book>
	<filename>skomorohov_nikolai/skomorohov_nikolai_boem_zhivet_istrebitel.fb2.zip</filename>
	<title>Скоморохов Николай Михайлович. Боем живет истребитель</title>
</book>
<book>
	<filename>skorceni_otto/skorceni_otto_sekretnye_zadaniya_rsha.fb2.zip</filename>
	<title>Скорцени Отто. Секретные задания РСХА</title>
</book>
<book>
	<filename>skorodumova_albina/skorodumova_albina_francuzskaya_melodiya_russkii_motiv.fb2.zip</filename>
	<title>Скородумова Альбина. Французская мелодия, русский мотив</title>
</book>
<book>
	<filename>skorohodov_gleb/skorohodov_gleb_alla_i_rozhdestvo.fb2.zip</filename>
	<title>Скороходов Глеб. Алла и Рождество</title>
</book>
<book>
	<filename>skott_aleksandriya/skott_aleksandriya_vo_vlasti_tvoih_glaz.fb2.zip</filename>
	<title>Скотт Александрия. Во власти твоих глаз</title>
</book>
<book>
	<filename>skott_amanda/skott_amanda_kod_maiya_2012.fb2.zip</filename>
	<title>Скотт Аманда. Код Майя: 2012</title>
</book>
<book>
	<filename>skott_amanda/skott_amanda_lovushka_dlya_grafa.fb2.zip</filename>
	<title>Скотт Аманда. Ловушка для графа</title>
</book>
<book>
	<filename>skott_amanda/skott_amanda_lyubov_rycarya.fb2.zip</filename>
	<title>Скотт Аманда. Любовь рыцаря</title>
</book>
<book>
	<filename>skott_amanda/skott_amanda_opasnye_illyuzii.fb2.zip</filename>
	<title>Скотт Аманда. Опасные иллюзии</title>
</book>
<book>
	<filename>skott_amanda/skott_amanda_sumerechnaya_roza.fb2.zip</filename>
	<title>Скотт Аманда. Сумеречная роза</title>
</book>
<book>
	<filename>skott_amanda/skott_amanda_vlastitel_ostrovov.fb2.zip</filename>
	<title>Скотт Аманда. Властитель островов</title>
</book>
<book>
	<filename>skott_dzhastin/skott_dzhastin_buistvo.fb2.zip</filename>
	<title>Скотт Джастин. Буйство</title>
</book>
<book>
	<filename>skott_dzhastin/skott_dzhastin_mest.fb2.zip</filename>
	<title>Скотт Джастин. Месть</title>
</book>
<book>
	<filename>skott_ficdzherald_fryensis/skott_ficdzherald_fryensis_dolgoe_ozhidanie.fb2.zip</filename>
	<title>Скотт Фицджеральд Фрэнсис. Долгое ожидание</title>
</book>
<book>
	<filename>skott_ficdzherald_fryensis/skott_ficdzherald_fryensis_pervoe_maya.fb2.zip</filename>
	<title>Скотт Фицджеральд Фрэнсис. Первое мая</title>
</book>
<book>
	<filename>skott_ficdzherald_fryensis/skott_ficdzherald_fryensis_poslednii_magnat.fb2.zip</filename>
	<title>Скотт Фицджеральд Фрэнсис. Последний магнат</title>
</book>
<book>
	<filename>skott_ficdzherald_fryensis/skott_ficdzherald_fryensis_po_yetu_storonu_raya.fb2.zip</filename>
	<title>Скотт Фицджеральд Фрэнсис. По эту сторону рая</title>
</book>
<book>
	<filename>skott_ficdzherald_fryensis/skott_ficdzherald_fryensis_rasskazy.fb2.zip</filename>
	<title>Скотт Фицджеральд Фрэнсис. Рассказы</title>
</book>
<book>
	<filename>skott_ficdzherald_fryensis/skott_ficdzherald_fryensis_trudnyi_bolnoi.fb2.zip</filename>
	<title>Скотт Фицджеральд Фрэнсис. Трудный больной</title>
</book>
<book>
	<filename>skott_ficdzherald_fryensis/skott_ficdzherald_fryensis_velikii_gyetsbi.fb2.zip</filename>
	<title>Скотт Фицджеральд Фрэнсис. Великий Гэтсби</title>
</book>
<book>
	<filename>skott_maikl/skott_maikl_svyatyni.fb2.zip</filename>
	<title>Скотт Майкл. Святыни</title>
</book>
<book>
	<filename>skott_martin/skott_martin_fraks_i_charodei.fb2.zip</filename>
	<title>Скотт Мартин. Фракс и чародеи</title>
</book>
<book>
	<filename>skott_martin/skott_martin_fraks_i_gonki_kolesnic.fb2.zip</filename>
	<title>Скотт Мартин. Фракс и гонки колесниц</title>
</book>
<book>
	<filename>skott_martin/skott_martin_fraks_i_monahivoiny.fb2.zip</filename>
	<title>Скотт Мартин. Фракс и монахи-воины</title>
</book>
<book>
	<filename>skott_martin/skott_martin_fraks_i_plyaska_smerti.fb2.zip</filename>
	<title>Скотт Мартин. Фракс и пляска смерти</title>
</book>
<book>
	<filename>skott_martin/skott_martin_fraks_i_yelfiiskie_ostrova.fb2.zip</filename>
	<title>Скотт Мартин. Фракс и Эльфийские острова</title>
</book>
<book>
	<filename>skott_martin/skott_martin_frakslovkach.fb2.zip</filename>
	<title>Скотт Мартин. Фракс-ловкач</title>
</book>
<book>
	<filename>skott_martin/skott_martin_fraks_na_voine.fb2.zip</filename>
	<title>Скотт Мартин. Фракс на войне</title>
</book>
<book>
	<filename>skott_martin/skott_martin_fraks_v_osade.fb2.zip</filename>
	<title>Скотт Мартин. Фракс в осаде</title>
</book>
<book>
	<filename>skott_tereza/skott_tereza_obruchennaya_s_mechtoi.fb2.zip</filename>
	<title>Скотт Тереза. Обрученная с мечтой</title>
</book>
<book>
	<filename>skott_valter/skott_valter_abbat.fb2.zip</filename>
	<title>Скотт Вальтер. Аббат</title>
</book>
<book>
	<filename>skott_valter/skott_valter_aivengo.fb2.zip</filename>
	<title>Скотт Вальтер. Айвенго</title>
</book>
<book>
	<filename>skott_valter/skott_valter_antikvarii.fb2.zip</filename>
	<title>Скотт Вальтер. Антикварий</title>
</book>
<book>
	<filename>skott_valter/skott_valter_chernyi_karlik.fb2.zip</filename>
	<title>Скотт Вальтер. Черный карлик</title>
</book>
<book>
	<filename>skott_valter/skott_valter_deva_ozera.fb2.zip</filename>
	<title>Скотт Вальтер. Дева озера</title>
</book>
<book>
	<filename>skott_valter/skott_valter_dva_gurtovshika.fb2.zip</filename>
	<title>Скотт Вальтер. Два гуртовщика</title>
</book>
<book>
	<filename>skott_valter/skott_valter_gai_myennering_ili_astrolog.fb2.zip</filename>
	<title>Скотт Вальтер. Гай Мэннеринг, или Астролог</title>
</book>
<book>
	<filename>skott_valter/skott_valter_graf_robert_parizhskii.fb2.zip</filename>
	<title>Скотт Вальтер. Граф Роберт Парижский</title>
</book>
<book>
	<filename>skott_valter/skott_valter_kenilvort.fb2.zip</filename>
	<title>Скотт Вальтер. Кенилворт</title>
</book>
<book>
	<filename>skott_valter/skott_valter_komnata_s_gobelenami.fb2.zip</filename>
	<title>Скотт Вальтер. Комната с гобеленами</title>
</book>
<book>
	<filename>skott_valter/skott_valter_kventin_dorvard.fb2.zip</filename>
	<title>Скотт Вальтер. Квентин Дорвард</title>
</book>
<book>
	<filename>skott_valter/skott_valter_lammermurskaya_nevesta.fb2.zip</filename>
	<title>Скотт Вальтер. Ламмермурская невеста</title>
</book>
<book>
	<filename>skott_valter/skott_valter_legenda_o_montroze.fb2.zip</filename>
	<title>Скотт Вальтер. Легенда о Монтрозе</title>
</book>
<book>
	<filename>skott_valter/skott_valter_monastyr.fb2.zip</filename>
	<title>Скотт Вальтер. Монастырь</title>
</book>
<book>
	<filename>skott_valter/skott_valter_pertskaya_krasavica_ili_valentinov_den.fb2.zip</filename>
	<title>Скотт Вальтер. Пертская красавица, или Валентинов день</title>
</book>
<book>
	<filename>skott_valter/skott_valter_peveril_pik.fb2.zip</filename>
	<title>Скотт Вальтер. Певерил Пик</title>
</book>
<book>
	<filename>skott_valter/skott_valter_pirat.fb2.zip</filename>
	<title>Скотт Вальтер. Пират</title>
</book>
<book>
	<filename>skott_valter/skott_valter_priklyucheniya_naidzhela.fb2.zip</filename>
	<title>Скотт Вальтер. Приключения Найджела</title>
</book>
<book>
	<filename>skott_valter/skott_valter_puritane.fb2.zip</filename>
	<title>Скотт Вальтер. Пуритане</title>
</book>
<book>
	<filename>skott_valter/skott_valter_rob_roi.fb2.zip</filename>
	<title>Скотт Вальтер. Роб Рой</title>
</book>
<book>
	<filename>skott_valter/skott_valter_sentronanskie_vody.fb2.zip</filename>
	<title>Скотт Вальтер. Сент-Ронанские воды</title>
</book>
<book>
	<filename>skott_valter/skott_valter_talisman.fb2.zip</filename>
	<title>Скотт Вальтер. Талисман</title>
</book>
<book>
	<filename>skott_valter/skott_valter_uyeverli_ili_shestdesyat_let_nazad.fb2.zip</filename>
	<title>Скотт Вальтер. Уэверли, или шестьдесят лет назад</title>
</book>
<book>
	<filename>skott_valter/skott_valter_vdova_gorca.fb2.zip</filename>
	<title>Скотт Вальтер. Вдова горца</title>
</book>
<book>
	<filename>skott_valter/skott_valter_vudstok_ili_kavaler.fb2.zip</filename>
	<title>Скотт Вальтер. Вудсток, или Кавалер</title>
</book>
<book>
	<filename>skott_valter/skott_valter_yedinburgskaya_temnica.fb2.zip</filename>
	<title>Скотт Вальтер. Эдинбургская темница</title>
</book>
<book>
	<filename>skott_valter/skott_valter_zerkalo_tetushki_margaret.fb2.zip</filename>
	<title>Скотт Вальтер. Зеркало тетушки Маргарет</title>
</book>
<book>
	<filename>skrebickii_georgii/skrebickii_georgii_dzhek.fb2.zip</filename>
	<title>Скребицкий Георгий. Джек</title>
</book>
<book>
	<filename>skrebickii_georgii/skrebickii_georgii_hitraya_ptica.fb2.zip</filename>
	<title>Скребицкий Георгий. Хитрая птица</title>
</book>
<book>
	<filename>skrib_yezhen/skrib_yezhen_stakan_vody_ili_prichiny_i_sledstviya.fb2.zip</filename>
	<title>Скриб Эжен. Стакан воды, или Причины и следствия</title>
</book>
<book>
	<filename>skrickii_nikolai/skrickii_nikolai_100_velikih_admiralov.fb2.zip</filename>
	<title>Скрицкий Николай В. 100 великих адмиралов</title>
</book>
<book>
	<filename>skripal_sergei/skripal_sergei_rasskazy.fb2.zip</filename>
	<title>Скрипаль Сергей Владимирович. Рассказы</title>
</book>
<book>
	<filename>skripkin_yurii/skripkin_yurii_infekcii_peredavaemye_polovym_putem.fb2.zip</filename>
	<title>Скрипкин Юрий Константинович. Инфекции, передаваемые половым путем</title>
</book>
<book>
	<filename>skripko_evgeniya/skripko_evgeniya_druzya_i_roditeli.fb2.zip</filename>
	<title>Скрипко Евгения Семеновна. Друзья и родители</title>
</book>
<book>
	<filename>skripnik_sergei/skripnik_sergei_smert_v_rassrochku.fb2.zip</filename>
	<title>Скрипник Сергей. Смерть в рассрочку</title>
</book>
<book>
	<filename>skryabina_elena/skryabina_elena_gody_skitanii_iz_dnevnika_odnoi_leningradki.fb2.zip</filename>
	<title>Скрябина Елена Александровна. Годы скитаний: Из дневника одной ленинградки</title>
</book>
<book>
	<filename>skryagin_lev/skryagin_lev_morskie_uzly.fb2.zip</filename>
	<title>Скрягин Лев Николаевич. Морские узлы</title>
</book>
<book>
	<filename>skryagin_lev/skryagin_lev_tainy_morskih_katastrof.fb2.zip</filename>
	<title>Скрягин Лев Николаевич. Тайны Морских Катастроф</title>
</book>
<book>
	<filename>skrynnikov_ruslan/skrynnikov_ruslan_fragmenty_iz_knigi_istoriya_rossiiskaya_ixxvii_vv.fb2.zip</filename>
	<title>Скрынников Руслан. Фрагменты из книги "История Российская. IX-XVII вв.</title>
</book>
<book>
	<filename>skrynnikov_ruslan/skrynnikov_ruslan_ivan_groznyi.fb2.zip</filename>
	<title>Скрынников Руслан. Иван Грозный</title>
</book>
<book>
	<filename>skrynnikov_ruslan/skrynnikov_ruslan_tretii_rim.fb2.zip</filename>
	<title>Скрынников Руслан. Третий Рим</title>
</book>
<book>
	<filename>skuler_kyendes/skuler_kyendes_esli_by_yunost_znala.fb2.zip</filename>
	<title>Скулер Кэндес. Если бы юность знала...</title>
</book>
<book>
	<filename>skuratov_o/skuratov_o_preferans_istoriya_strategiya_taktika.fb2.zip</filename>
	<title>Скуратов О. С. Преферанс. История, стратегия, тактика</title>
</book>
<book>
	<filename>skutin_aleksandr/skutin_aleksandr_samye_strashnye_voiska.fb2.zip</filename>
	<title>Скутин Александр. Самые страшные войска</title>
</book>
<book>
	<filename>skvorcova_elena/skvorcova_elena_akvarium_dlya_sushenoi_vobly.fb2.zip</filename>
	<title>Скворцова Елена. Аквариум для сушеной воблы</title>
</book>
<book>
	<filename>skyerrou_saimon/skyerrou_saimon_rimskii_orel.fb2.zip</filename>
	<title>Скэрроу Саймон. Римский орел</title>
</book>
<book>
	<filename>slabyi_zdenek/slabyi_zdenek_tri_banana_ili_pyotr_na_skazochnoi_planete.fb2.zip</filename>
	<title>Слабый Зденек. Три банана, или Пётр на сказочной планете</title>
</book>
<book>
	<filename>slapovskii_aleksei/slapovskii_aleksei_antiabsurd_ili_kniga_dlya_teh_kto_ne_lyubit_chitat.fb2.zip</filename>
	<title>Слаповский Алексей. Антиабсурд, или Книга для тех, кто не любит читать</title>
</book>
<book>
	<filename>slapovskii_aleksei/slapovskii_aleksei_den_deneg.fb2.zip</filename>
	<title>Слаповский Алексей. День денег</title>
</book>
<book>
	<filename>slapovskii_aleksei/slapovskii_aleksei_gibel_gitarista.fb2.zip</filename>
	<title>Слаповский Алексей. Гибель гитариста</title>
</book>
<book>
	<filename>slapovskii_aleksei/slapovskii_aleksei_n_zadeev_ne_voina_a_mir_nastoyashaya_hronika.fb2.zip</filename>
	<title>Слаповский Алексей. Н. Задеев. Не война, а мир, настоящая хроника</title>
</book>
<book>
	<filename>slapovskii_aleksei/slapovskii_aleksei_oni.fb2.zip</filename>
	<title>Слаповский Алексей. Они</title>
</book>
<book>
	<filename>slapovskii_aleksei/slapovskii_aleksei_ono.fb2.zip</filename>
	<title>Слаповский Алексей. Оно</title>
</book>
<book>
	<filename>slapovskii_aleksei/slapovskii_aleksei_pervoe_vtoroe_prishestvie.fb2.zip</filename>
	<title>Слаповский Алексей. Первое второе пришествие</title>
</book>
<book>
	<filename>slapovskii_aleksei/slapovskii_aleksei_veshii_son.fb2.zip</filename>
	<title>Слаповский Алексей. Вещий сон</title>
</book>
<book>
	<filename>slapovskii_aleksei/slapovskii_aleksei_viselnik.fb2.zip</filename>
	<title>Слаповский Алексей. Висельник</title>
</book>
<book>
	<filename>slapovskii_aleksei/slapovskii_aleksei_voina_balbesov_hronika.fb2.zip</filename>
	<title>Слаповский Алексей. Война балбесов, хроника</title>
</book>
<book>
	<filename>slapovskii_aleksei/slapovskii_aleksei_ya_ne_ya.fb2.zip</filename>
	<title>Слаповский Алексей. Я — не Я</title>
</book>
<book>
	<filename>slavchev_svetoslav/slavchev_svetoslav_delo_vagon_22051.fb2.zip</filename>
	<title>Славчев Светослав. Дело «Вагон №22051»</title>
</book>
<book>
	<filename>slavina_olga/slavina_olga_skolko_vesit_schaste.fb2.zip</filename>
	<title>Славина Ольга. Сколько весит счастье</title>
</book>
<book>
	<filename>slavin_lev/slavin_lev_andrei_platonov.fb2.zip</filename>
	<title>Славин Лев Исаевич. Андрей Платонов</title>
</book>
<book>
	<filename>slavin_lev/slavin_lev_ardennskie_strasti.fb2.zip</filename>
	<title>Славин Лев Исаевич. Арденнские страсти</title>
</book>
<book>
	<filename>slavin_lev/slavin_lev_armeniya_armeniya.fb2.zip</filename>
	<title>Славин Лев Исаевич. Армения! Армения!</title>
</book>
<book>
	<filename>slavin_lev/slavin_lev_bagrickii.fb2.zip</filename>
	<title>Славин Лев Исаевич. Багрицкий</title>
</book>
<book>
	<filename>slavin_lev/slavin_lev_cherty_iz_zhizni_mihaila_svetlova.fb2.zip</filename>
	<title>Славин Лев Исаевич. Черты из жизни Михаила Светлова</title>
</book>
<book>
	<filename>slavin_lev/slavin_lev_delo_po_kartamyshevom.fb2.zip</filename>
	<title>Славин Лев Исаевич. Дело по Картамышевом</title>
</book>
<book>
	<filename>slavin_lev/slavin_lev_dva_boica.fb2.zip</filename>
	<title>Славин Лев Исаевич. Два бойца</title>
</book>
<book>
	<filename>slavin_lev/slavin_lev_ferment_dolgovechnosti.fb2.zip</filename>
	<title>Славин Лев Исаевич. Фермент долговечности</title>
</book>
<book>
	<filename>slavin_lev/slavin_lev_gamburg_amerika_liniya.fb2.zip</filename>
	<title>Славин Лев Исаевич. Гамбург – Америка линия</title>
</book>
<book>
	<filename>slavin_lev/slavin_lev_ilf_i_petrov.fb2.zip</filename>
	<title>Славин Лев Исаевич. Ильф и Петров</title>
</book>
<book>
	<filename>slavin_lev/slavin_lev_intervenciya.fb2.zip</filename>
	<title>Славин Лев Исаевич. Интервенция</title>
</book>
<book>
	<filename>slavin_lev/slavin_lev_kafe_kanava.fb2.zip</filename>
	<title>Славин Лев Исаевич. Кафе «Канава»</title>
</book>
<book>
	<filename>slavin_lev/slavin_lev_karmelina.fb2.zip</filename>
	<title>Славин Лев Исаевич. Кармелина</title>
</book>
<book>
	<filename>slavin_lev/slavin_lev_madonna_pridorozhnaya.fb2.zip</filename>
	<title>Славин Лев Исаевич. Мадонна Придорожная</title>
</book>
<book>
	<filename>slavin_lev/slavin_lev_moi_olesha.fb2.zip</filename>
	<title>Славин Лев Исаевич. Мой Олеша</title>
</book>
<book>
	<filename>slavin_lev/slavin_lev_naslednik.fb2.zip</filename>
	<title>Славин Лев Исаевич. Наследник</title>
</book>
<book>
	<filename>slavin_lev/slavin_lev_neugodnaya_zhertva.fb2.zip</filename>
	<title>Славин Лев Исаевич. Неугодная жертва</title>
</book>
<book>
	<filename>slavin_lev/slavin_lev_o_lapine_i_hacrevine.fb2.zip</filename>
	<title>Славин Лев Исаевич. О Лапине и Хацревине</title>
</book>
<book>
	<filename>slavin_lev/slavin_lev_poezdka_v_cerbst.fb2.zip</filename>
	<title>Славин Лев Исаевич. Поездка в Цербст</title>
</book>
<book>
	<filename>slavin_lev/slavin_lev_poslednie_dni_fashistskoi_imperii.fb2.zip</filename>
	<title>Славин Лев Исаевич. Последние дни фашистской империи</title>
</book>
<book>
	<filename>slavin_lev/slavin_lev_po_tu_storonu_holma.fb2.zip</filename>
	<title>Славин Лев Исаевич. По ту сторону холма</title>
</book>
<book>
	<filename>slavin_lev/slavin_lev_predvestie_istiny.fb2.zip</filename>
	<title>Славин Лев Исаевич. Предвестие истины</title>
</book>
<book>
	<filename>slavin_lev/slavin_lev_roman_s_bashnei.fb2.zip</filename>
	<title>Славин Лев Исаевич. Роман с башней</title>
</book>
<book>
	<filename>slavin_lev/slavin_lev_uralec.fb2.zip</filename>
	<title>Славин Лев Исаевич. Уралец</title>
</book>
<book>
	<filename>slavin_lev/slavin_lev_voshisheniya_vsevoloda_ivanova.fb2.zip</filename>
	<title>Славин Лев Исаевич. Восхищения Всеволода Иванова</title>
</book>
<book>
	<filename>slavin_stanislav/slavin_stanislav_sekretnoe_oruzhie_tretego_reiha.fb2.zip</filename>
	<title>Славин Станислав Николаевич. Секретное оружие третьего рейха</title>
</book>
<book>
	<filename>slavnaya_svetlana/slavnaya_svetlana_mafiozi_iz_garema.fb2.zip</filename>
	<title>Славная Светлана. Мафиози из гарема</title>
</book>
<book>
	<filename>slavnaya_svetlana/slavnaya_svetlana_tri_devicy_pod_oknom.fb2.zip</filename>
	<title>Славная Светлана. Три девицы под окном...</title>
</book>
<book>
	<filename>slavnaya_svetlana/slavnaya_svetlana_v_debryah_kamasutry.fb2.zip</filename>
	<title>Славная Светлана. В дебрях Камасутры</title>
</book>
<book>
	<filename>slavnikova_olga/slavnikova_olga_bessmertnyi.fb2.zip</filename>
	<title>Славникова Ольга Александровна. Бессмертный</title>
</book>
<book>
	<filename>slavnikova_olga/slavnikova_olga_odin_v_zerkale.fb2.zip</filename>
	<title>Славникова Ольга Александровна. Один в зеркале</title>
</book>
<book>
	<filename>slavnikova_olga/slavnikova_olga_strekoza_uvelichennaya_do_razmerov_sobaki.fb2.zip</filename>
	<title>Славникова Ольга Александровна. Стрекоза, увеличенная до размеров собаки</title>
</book>
<book>
	<filename>slavnikova_olga/slavnikova_olga_vals_s_chudovishem.fb2.zip</filename>
	<title>Славникова Ольга Александровна. Вальс с чудовищем</title>
</book>
<book>
	<filename>slavov_atanas/slavov_atanas_sny_dlya_kosmodora.fb2.zip</filename>
	<title>Славов Атанас. Сны для космодора</title>
</book>
<book>
	<filename>slavyanskii_yepos_/slavyanskii_yepos__alesha_popovich_i_ilya_muromec.fb2.zip</filename>
	<title>Славянский эпос. Алеша Попович и Илья Муромец</title>
</book>
<book>
	<filename>slavyanskii_yepos_/slavyanskii_yepos__alesha_popovich_osvobozhdaet_kiev_ot_tugarina.fb2.zip</filename>
	<title>Славянский эпос. Алеша Попович освобождает Киев от Тугарина</title>
</book>
<book>
	<filename>slavyanskii_yepos_/slavyanskii_yepos__alyosha_popovich_i_ekim_ivanovich.fb2.zip</filename>
	<title>Славянский эпос. Алёша Попович и Еким Иванович</title>
</book>
<book>
	<filename>slavyanskii_yepos_/slavyanskii_yepos__alyosha_popovich_i_sestra_petrovichei.fb2.zip</filename>
	<title>Славянский эпос. Алёша Попович и сестра Петровичей</title>
</book>
<book>
	<filename>slavyanskii_yepos_/slavyanskii_yepos__alyosha_popovich_i_tugarin.fb2.zip</filename>
	<title>Славянский эпос. Алёша Попович и Тугарин</title>
</book>
<book>
	<filename>slavyanskii_yepos_/slavyanskii_yepos__boi_ili_muromca_s_zhidovinom.fb2.zip</filename>
	<title>Славянский эпос. Бой Ильи Муромца с Жидовином</title>
</book>
<book>
	<filename>slavyanskii_yepos_/slavyanskii_yepos__dobrynya_i_marinka.fb2.zip</filename>
	<title>Славянский эпос. Добрыня и Маринка</title>
</book>
<book>
	<filename>slavyanskii_yepos_/slavyanskii_yepos__dobrynya_i_zmei.fb2.zip</filename>
	<title>Славянский эпос. Добрыня и Змей</title>
</book>
<book>
	<filename>slavyanskii_yepos_/slavyanskii_yepos__ilya_muromec_i_doch_ego.fb2.zip</filename>
	<title>Славянский эпос. Илья Муромец и дочь его</title>
</book>
<book>
	<filename>slavyanskii_yepos_/slavyanskii_yepos__ilya_muromec_i_idolishe.fb2.zip</filename>
	<title>Славянский эпос. Илья Муромец и Идолище</title>
</book>
<book>
	<filename>slavyanskii_yepos_/slavyanskii_yepos__ilya_muromec_i_kalincar.fb2.zip</filename>
	<title>Славянский эпос. Илья Муромец и Калин-царь</title>
</book>
<book>
	<filename>slavyanskii_yepos_/slavyanskii_yepos__ilya_muromec_i_solovei_razboinik.fb2.zip</filename>
	<title>Славянский эпос. Илья Муромец и Соловей Разбойник</title>
</book>
<book>
	<filename>slavyanskii_yepos_/slavyanskii_yepos__ilya_muromec_i_tatarchenok.fb2.zip</filename>
	<title>Славянский эпос. Илья Муромец и татарченок</title>
</book>
<book>
	<filename>slavyanskii_yepos_/slavyanskii_yepos__ilya_muromec_s_dobrynei_na_sokolekorable.fb2.zip</filename>
	<title>Славянский эпос. Илья Муромец с Добрыней на Соколе-корабле</title>
</book>
<book>
	<filename>slavyanskii_yepos_/slavyanskii_yepos__ilya_muromec_v_ssore_s_vladimirom.fb2.zip</filename>
	<title>Славянский эпос. Илья Муромец в ссоре с Владимиром</title>
</book>
<book>
	<filename>slavyanskii_yepos_/slavyanskii_yepos__iscelenie_ili_muromca.fb2.zip</filename>
	<title>Славянский эпос. Исцеление Ильи Муромца</title>
</book>
<book>
	<filename>slavyanskii_yepos_/slavyanskii_yepos__pogrebenie_svyatogora.fb2.zip</filename>
	<title>Славянский эпос. Погребение Святогора</title>
</book>
<book>
	<filename>slavyanskii_yepos_/slavyanskii_yepos__pticy.fb2.zip</filename>
	<title>Славянский эпос. Птицы</title>
</book>
<book>
	<filename>slavyanskii_yepos_/slavyanskii_yepos__svyatogor_i_ilya_muromec.fb2.zip</filename>
	<title>Славянский эпос. Святогор и Илья Муромец</title>
</book>
<book>
	<filename>slavyanskii_yepos_/slavyanskii_yepos__svyatogor_i_tyaga_zemnaya.fb2.zip</filename>
	<title>Славянский эпос. Святогор и тяга земная</title>
</book>
<book>
	<filename>slavyanskii_yepos_/slavyanskii_yepos__tri_poezdki_ili_muromca.fb2.zip</filename>
	<title>Славянский эпос. Три поездки Ильи Муромца</title>
</book>
<book>
	<filename>slavyanskii_yepos_/slavyanskii_yepos__vavila_i_skomorohi.fb2.zip</filename>
	<title>Славянский эпос. Вавила и скоморохи</title>
</book>
<book>
	<filename>slavyanskii_yepos_/slavyanskii_yepos__volga.fb2.zip</filename>
	<title>Славянский эпос. Вольга</title>
</book>
<book>
	<filename>slavyanskii_yepos_/slavyanskii_yepos__volga_i_mikula_selyaninovich.fb2.zip</filename>
	<title>Славянский эпос. Вольга и Микула Селянинович</title>
</book>
<book>
	<filename>slavyanskii_yepos_/slavyanskii_yepos__zhenitba_dobryni.fb2.zip</filename>
	<title>Славянский эпос. Женитьба Добрыни</title>
</book>
<book>
	<filename>sleid_dzhek/sleid_dzhek_dyavol_svyataya_i_lyessister.fb2.zip</filename>
	<title>Слейд Джек. Дьявол, святая и Лэссистер</title>
</book>
<book>
	<filename>sleid_dzhek/sleid_dzhek_ego_zhestokaya_vozlyublennaya.fb2.zip</filename>
	<title>Слейд Джек. Его жестокая возлюбленная</title>
</book>
<book>
	<filename>slepuhin_yurii/slepuhin_yurii_chastnyi_sluchai.fb2.zip</filename>
	<title>Слепухин Юрий Григорьевич. Частный случай</title>
</book>
<book>
	<filename>slepuhin_yurii/slepuhin_yurii_kimmeriiskoe_leto.fb2.zip</filename>
	<title>Слепухин Юрий Григорьевич. Киммерийское лето</title>
</book>
<book>
	<filename>slepuhin_yurii/slepuhin_yurii_nichego_krome_nadezhdy.fb2.zip</filename>
	<title>Слепухин Юрий Григорьевич. Ничего кроме надежды</title>
</book>
<book>
	<filename>slepuhin_yurii/slepuhin_yurii_perekrestok.fb2.zip</filename>
	<title>Слепухин Юрий Григорьевич. Перекресток</title>
</book>
<book>
	<filename>slepuhin_yurii/slepuhin_yurii_sladostno_i_pochetno.fb2.zip</filename>
	<title>Слепухин Юрий Григорьевич. Сладостно и почетно</title>
</book>
<book>
	<filename>slepuhin_yurii/slepuhin_yurii_tma_v_polden.fb2.zip</filename>
	<title>Слепухин Юрий Григорьевич. Тьма в полдень</title>
</book>
<book>
	<filename>slepuhin_yurii/slepuhin_yurii_yuzhnyi_krest.fb2.zip</filename>
	<title>Слепухин Юрий Григорьевич. Южный Крест</title>
</book>

</books>
