﻿<?xml version="1.0" encoding="UTF-8" ?>
<books>
<book>
	<filename>stasyuk_andzhei/stasyuk_andzhei_belyi_voron.fb2.zip</filename>
	<title>Стасюк Анджей. Белый ворон</title>
</book>
<book>
	<filename>stasyuk_andzhei/stasyuk_andzhei_devyat.fb2.zip</filename>
	<title>Стасюк Анджей. Девять</title>
</book>
<book>
	<filename>staut_reks/staut_reks_avantyuristka.fb2.zip</filename>
	<title>Стаут Рекс. Авантюристка</title>
</book>
<book>
	<filename>staut_reks/staut_reks_banalnoe_ubiistvo.fb2.zip</filename>
	<title>Стаут Рекс. Банальное убийство</title>
</book>
<book>
	<filename>staut_reks/staut_reks_bokal_shampanskogo.fb2.zip</filename>
	<title>Стаут Рекс. Бокал шампанского</title>
</book>
<book>
	<filename>staut_reks/staut_reks_cherez_moi_trup.fb2.zip</filename>
	<title>Стаут Рекс. Через мой труп</title>
</book>
<book>
	<filename>staut_reks/staut_reks_chernaya_gora.fb2.zip</filename>
	<title>Стаут Рекс. Черная гора</title>
</book>
<book>
	<filename>staut_reks/staut_reks_chernye_orhidei.fb2.zip</filename>
	<title>Стаут Рекс. Черные орхидеи</title>
</book>
<book>
	<filename>staut_reks/staut_reks_cvetov_ne_posylat.fb2.zip</filename>
	<title>Стаут Рекс. Цветов не посылать</title>
</book>
<book>
	<filename>staut_reks/staut_reks_dver_k_smerti.fb2.zip</filename>
	<title>Стаут Рекс. Дверь к смерти</title>
</book>
<book>
	<filename>staut_reks/staut_reks_esli_by_smert_spala.fb2.zip</filename>
	<title>Стаут Рекс. Если бы смерть спала</title>
</book>
<book>
	<filename>staut_reks/staut_reks_eyo_zapretnyi_rycar.fb2.zip</filename>
	<title>Стаут Рекс. Её запретный рыцарь</title>
</book>
<book>
	<filename>staut_reks/staut_reks_gambit.fb2.zip</filename>
	<title>Стаут Рекс. Гамбит</title>
</book>
<book>
	<filename>staut_reks/staut_reks_gde_cezar_krovyu_istekal.fb2.zip</filename>
	<title>Стаут Рекс. Где Цезарь кровью истекал</title>
</book>
<book>
	<filename>staut_reks/staut_reks_gorkii_konec.fb2.zip</filename>
	<title>Стаут Рекс. Горький конец</title>
</book>
<book>
	<filename>staut_reks/staut_reks_gornaya_koshka.fb2.zip</filename>
	<title>Стаут Рекс. Горная кошка</title>
</book>
<book>
	<filename>staut_reks/staut_reks_i_byt_podlecom.fb2.zip</filename>
	<title>Стаут Рекс. И быть подлецом</title>
</book>
<book>
	<filename>staut_reks/staut_reks_igra_v_bary.fb2.zip</filename>
	<title>Стаут Рекс. Игра в бары</title>
</book>
<book>
	<filename>staut_reks/staut_reks_immunitet_k_ubiistvu.fb2.zip</filename>
	<title>Стаут Рекс. Иммунитет к убийству</title>
</book>
<book>
	<filename>staut_reks/staut_reks_izbavlenie_metodom_nomer_tri.fb2.zip</filename>
	<title>Стаут Рекс. Избавление методом номер три</title>
</book>
<book>
	<filename>staut_reks/staut_reks_kogda_chelovek_ubivaet.fb2.zip</filename>
	<title>Стаут Рекс. Когда человек убивает</title>
</book>
<book>
	<filename>staut_reks/staut_reks_krasnaya_shkatulka.fb2.zip</filename>
	<title>Стаут Рекс. Красная шкатулка</title>
</book>
<book>
	<filename>staut_reks/staut_reks_krasnye_niti.fb2.zip</filename>
	<title>Стаут Рекс. Красные нити</title>
</book>
<book>
	<filename>staut_reks/staut_reks_krov_skazhet.fb2.zip</filename>
	<title>Стаут Рекс. Кровь скажет</title>
</book>
<book>
	<filename>staut_reks/staut_reks_liga_perepugannyh_muzhchin.fb2.zip</filename>
	<title>Стаут Рекс. Лига перепуганных мужчин</title>
</book>
<book>
	<filename>staut_reks/staut_reks_lovushka_dlya_ubiicy.fb2.zip</filename>
	<title>Стаут Рекс. Ловушка для убийцы</title>
</book>
<book>
	<filename>staut_reks/staut_reks_malyi_i_martyshka.fb2.zip</filename>
	<title>Стаут Рекс. Малый и мартышка</title>
</book>
<book>
	<filename>staut_reks/staut_reks_maskarad_dlya_ubiistva.fb2.zip</filename>
	<title>Стаут Рекс. Маскарад для убийства</title>
</book>
<book>
	<filename>staut_reks/staut_reks_nedostatochno_mertv.fb2.zip</filename>
	<title>Стаут Рекс. Недостаточно мертв</title>
</book>
<book>
	<filename>staut_reks/staut_reks_ne_pozdnee_polunochi.fb2.zip</filename>
	<title>Стаут Рекс. Не позднее полуночи</title>
</book>
<book>
	<filename>staut_reks/staut_reks_ne_roi_drugomu_yamu.fb2.zip</filename>
	<title>Стаут Рекс. Не рой другому яму</title>
</book>
<book>
	<filename>staut_reks/staut_reks_odna_pulya_dlya_odnogo.fb2.zip</filename>
	<title>Стаут Рекс. Одна пуля — для одного</title>
</book>
<book>
	<filename>staut_reks/staut_reks_okno_smerti.fb2.zip</filename>
	<title>Стаут Рекс. Окно смерти</title>
</book>
<book>
	<filename>staut_reks/staut_reks_okonchatelnoe_reshenie.fb2.zip</filename>
	<title>Стаут Рекс. Окончательное решение</title>
</book>
<book>
	<filename>staut_reks/staut_reks_ostrie_kopya.fb2.zip</filename>
	<title>Стаут Рекс. Острие копья</title>
</book>
<book>
	<filename>staut_reks/staut_reks_otrava_vhodit_v_menyu.fb2.zip</filename>
	<title>Стаут Рекс. Отрава входит в меню</title>
</book>
<book>
	<filename>staut_reks/staut_reks_otzvuki_ubiistva.fb2.zip</filename>
	<title>Стаут Рекс. Отзвуки убийства</title>
</book>
<book>
	<filename>staut_reks/staut_reks_ozhivshii_pokoinik.fb2.zip</filename>
	<title>Стаут Рекс. Оживший покойник</title>
</book>
<book>
	<filename>staut_reks/staut_reks_pashalnyi_parad.fb2.zip</filename>
	<title>Стаут Рекс. Пасхальный парад</title>
</book>
<book>
	<filename>staut_reks/staut_reks_pistolet_s_krylyami.fb2.zip</filename>
	<title>Стаут Рекс. Пистолет с крыльями</title>
</book>
<book>
	<filename>staut_reks/staut_reks_poddelka_dlya_ubiistva.fb2.zip</filename>
	<title>Стаут Рекс. Подделка для убийства</title>
</book>
<book>
	<filename>staut_reks/staut_reks_pogonya_za_materyu.fb2.zip</filename>
	<title>Стаут Рекс. Погоня за матерью</title>
</book>
<book>
	<filename>staut_reks/staut_reks_pogonya_za_otcom.fb2.zip</filename>
	<title>Стаут Рекс. Погоня за отцом</title>
</book>
<book>
	<filename>staut_reks/staut_reks_poslednii_svidetel.fb2.zip</filename>
	<title>Стаут Рекс. Последний свидетель</title>
</book>
<book>
	<filename>staut_reks/staut_reks_povarennaya_kniga_niro_vulfa.fb2.zip</filename>
	<title>Стаут Рекс. Поваренная книга Ниро Вульфа</title>
</book>
<book>
	<filename>staut_reks/staut_reks_pozhaluista_izbavte_ot_greha.fb2.zip</filename>
	<title>Стаут Рекс. Пожалуйста, избавьте от греха</title>
</book>
<book>
	<filename>staut_reks/staut_reks_pravo_umeret.fb2.zip</filename>
	<title>Стаут Рекс. Право умереть</title>
</book>
<book>
	<filename>staut_reks/staut_reks_prazdnichnyi_piknik.fb2.zip</filename>
	<title>Стаут Рекс. Праздничный пикник</title>
</book>
<book>
	<filename>staut_reks/staut_reks_prezhde_chem_ya_umru.fb2.zip</filename>
	<title>Стаут Рекс. Прежде чем я умру</title>
</book>
<book>
	<filename>staut_reks/staut_reks_prezident_ischez.fb2.zip</filename>
	<title>Стаут Рекс. Президент исчез</title>
</book>
<book>
	<filename>staut_reks/staut_reks_priglashenie_k_ubiistvu.fb2.zip</filename>
	<title>Стаут Рекс. Приглашение к убийству</title>
</book>
<book>
	<filename>staut_reks/staut_reks_priz_dlya_princev.fb2.zip</filename>
	<title>Стаут Рекс. Приз для принцев</title>
</book>
<book>
	<filename>staut_reks/staut_reks_rasskazy.fb2.zip</filename>
	<title>Стаут Рекс. Рассказы</title>
</book>
<book>
	<filename>staut_reks/staut_reks_razbitaya_vaza.fb2.zip</filename>
	<title>Стаут Рекс. Разбитая ваза</title>
</book>
<book>
	<filename>staut_reks/staut_reks_rozhdestvenskaya_vecherinka.fb2.zip</filename>
	<title>Стаут Рекс. Рождественская вечеринка</title>
</book>
<book>
	<filename>staut_reks/staut_reks_ruka_v_perchatke.fb2.zip</filename>
	<title>Стаут Рекс. Рука в перчатке</title>
</book>
<book>
	<filename>staut_reks/staut_reks_semeinoe_delo.fb2.zip</filename>
	<title>Стаут Рекс. Семейное дело</title>
</book>
<book>
	<filename>staut_reks/staut_reks_skverno_dlya_dela.fb2.zip</filename>
	<title>Стаут Рекс. Скверно для дела</title>
</book>
<book>
	<filename>staut_reks/staut_reks_slishkom_mnogo_klientov.fb2.zip</filename>
	<title>Стаут Рекс. Слишком много клиентов</title>
</book>
<book>
	<filename>staut_reks/staut_reks_slishkom_mnogo_povarov.fb2.zip</filename>
	<title>Стаут Рекс. Слишком много поваров</title>
</book>
<book>
	<filename>staut_reks/staut_reks_slishkom_mnogo_syshikov.fb2.zip</filename>
	<title>Стаут Рекс. Слишком много сыщиков</title>
</book>
<book>
	<filename>staut_reks/staut_reks_slishkom_mnogo_zhenshin.fb2.zip</filename>
	<title>Стаут Рекс. Слишком много женщин</title>
</book>
<book>
	<filename>staut_reks/staut_reks_smert_demona.fb2.zip</filename>
	<title>Стаут Рекс. Смерть демона</title>
</book>
<book>
	<filename>staut_reks/staut_reks_smertelnaya_lovushka.fb2.zip</filename>
	<title>Стаут Рекс. Смертельная ловушка</title>
</book>
<book>
	<filename>staut_reks/staut_reks_smertelnyi_dubl.fb2.zip</filename>
	<title>Стаут Рекс. Смертельный дубль</title>
</book>
<book>
	<filename>staut_reks/staut_reks_smert_hlysha.fb2.zip</filename>
	<title>Стаут Рекс. Смерть хлыща</title>
</book>
<book>
	<filename>staut_reks/staut_reks_smert_soderzhanki.fb2.zip</filename>
	<title>Стаут Рекс. Смерть содержанки</title>
</book>
<book>
	<filename>staut_reks/staut_reks_smert_tam_eshe_ne_pobyvala.fb2.zip</filename>
	<title>Стаут Рекс. Смерть там еще не побывала</title>
</book>
<book>
	<filename>staut_reks/staut_reks_snova_ubivat.fb2.zip</filename>
	<title>Стаут Рекс. Снова убивать</title>
</book>
<book>
	<filename>staut_reks/staut_reks_sochinyaite_sami.fb2.zip</filename>
	<title>Стаут Рекс. Сочиняйте сами</title>
</book>
<book>
	<filename>staut_reks/staut_reks_s_priskorbiem_izveshaem.fb2.zip</filename>
	<title>Стаут Рекс. С прискорбием извещаем</title>
</book>
<book>
	<filename>staut_reks/staut_reks_trebuetsya_muzhchina.fb2.zip</filename>
	<title>Стаут Рекс. Требуется мужчина</title>
</book>
<book>
	<filename>staut_reks/staut_reks_ubei_seichas_zaplatish_potom.fb2.zip</filename>
	<title>Стаут Рекс. Убей сейчас — заплатишь потом</title>
</book>
<book>
	<filename>staut_reks/staut_reks_ubiistvo_izza_knigi.fb2.zip</filename>
	<title>Стаут Рекс. Убийство из-за книги</title>
</book>
<book>
	<filename>staut_reks/staut_reks_ubiistvo_na_rodeo.fb2.zip</filename>
	<title>Стаут Рекс. Убийство на родео</title>
</book>
<book>
	<filename>staut_reks/staut_reks_ubiistvo_ne_shutka.fb2.zip</filename>
	<title>Стаут Рекс. Убийство — не шутка</title>
</book>
<book>
	<filename>staut_reks/staut_reks_ubiistvo_policeiskogo.fb2.zip</filename>
	<title>Стаут Рекс. Убийство полицейского</title>
</book>
<book>
	<filename>staut_reks/staut_reks_ubit_zlo.fb2.zip</filename>
	<title>Стаут Рекс. Убить зло</title>
</book>
<book>
	<filename>staut_reks/staut_reks_umolknuvshii_orator.fb2.zip</filename>
	<title>Стаут Рекс. Умолкнувший оратор</title>
</book>
<book>
	<filename>staut_reks/staut_reks_velikaya_legenda.fb2.zip</filename>
	<title>Стаут Рекс. Великая легенда</title>
</book>
<book>
	<filename>staut_reks/staut_reks_v_luchshih_semeistvah.fb2.zip</filename>
	<title>Стаут Рекс. В лучших семействах</title>
</book>
<book>
	<filename>staut_reks/staut_reks_vmesto_uliki.fb2.zip</filename>
	<title>Стаут Рекс. Вместо улики</title>
</book>
<book>
	<filename>staut_reks/staut_reks_vseh_krome_psa_v_policiyu.fb2.zip</filename>
	<title>Стаут Рекс. «Всех, кроме пса, в полицию...»</title>
</book>
<book>
	<filename>staut_reks/staut_reks_vtoroe_priznanie.fb2.zip</filename>
	<title>Стаут Рекс. Второе признание</title>
</book>
<book>
	<filename>staut_reks/staut_reks_vtorzhenie_v_osobnyak.fb2.zip</filename>
	<title>Стаут Рекс. Вторжение в особняк</title>
</book>
<book>
	<filename>staut_reks/staut_reks_vyshel_mesyac_iz_tumana.fb2.zip</filename>
	<title>Стаут Рекс. Вышел месяц из тумана</title>
</book>
<book>
	<filename>staut_reks/staut_reks_yeto_vas_ne_ubet.fb2.zip</filename>
	<title>Стаут Рекс. Это вас не убьет</title>
</book>
<book>
	<filename>staut_reks/staut_reks_zaveshanie.fb2.zip</filename>
	<title>Стаут Рекс. Завещание</title>
</book>
<book>
	<filename>staut_reks/staut_reks_znak_zero.fb2.zip</filename>
	<title>Стаут Рекс. Знак зеро</title>
</book>
<book>
	<filename>staut_reks/staut_reks_znayut_otvet_orhidei.fb2.zip</filename>
	<title>Стаут Рекс. Знают ответ орхидеи</title>
</book>
<book>
	<filename>staut_reks/staut_reks_zolotye_pauki.fb2.zip</filename>
	<title>Стаут Рекс. Золотые пауки</title>
</book>
<book>
	<filename>staut_reks/staut_reks_zvonok_v_dver.fb2.zip</filename>
	<title>Стаут Рекс. Звонок в дверь</title>
</book>
<book>
	<filename>stavinskii_ezhi/stavinskii_ezhi_pingvin.fb2.zip</filename>
	<title>Ставинский Ежи. Пингвин</title>
</book>
<book>
	<filename>stavrogin_stepan/stavrogin_stepan_rycari_ada.fb2.zip</filename>
	<title>Ставрогин Степан. Рыцари ада</title>
</book>
<book>
	<filename>steblinkamenskii_ivan/steblinkamenskii_ivan_proishozhdenie_poyezii_skaldov.fb2.zip</filename>
	<title>Стеблин-Каменский Иван Михайлович. Происхождение поэзии скальдов</title>
</book>
<book>
	<filename>steblov_evgenii/steblov_evgenii_protiv_kogo_druzhite.fb2.zip</filename>
	<title>Стеблов Евгений. Против кого дружите?</title>
</book>
<book>
	<filename>steeman_stanislasandre/steeman_stanislasandre_poslednii_iz_shesterki.fb2.zip</filename>
	<title>Стееман Станислас-Андре. Последний из шестерки</title>
</book>
<book>
	<filename>stefanik_vasil/stefanik_vasil_odnaodineshenka.fb2.zip</filename>
	<title>Стефаник Василь. Одна–одинешенька</title>
</book>
<book>
	<filename>stefanik_vasil/stefanik_vasil_porcha.fb2.zip</filename>
	<title>Стефаник Василь. Порча</title>
</book>
<book>
	<filename>stefanik_vasil/stefanik_vasil_semya_lesya.fb2.zip</filename>
	<title>Стефаник Василь. Семья Леся</title>
</book>
<book>
	<filename>steffen_sandra/steffen_sandra_neugomonnaya_dzhozi.fb2.zip</filename>
	<title>Стеффен Сандра. Неугомонная Джози</title>
</book>
<book>
	<filename>steffen_sandra/steffen_sandra_vesna_ne_obmanet.fb2.zip</filename>
	<title>Стеффен Сандра. Весна не обманет</title>
</book>
<book>
	<filename>steiga_miermilis/steiga_miermilis_poslednyaya_indulgenciya.fb2.zip</filename>
	<title>Стейга Миермилис. Последняя индульгенция</title>
</book>
<book>
	<filename>steinbek_dzhon/steinbek_dzhon_blagostnyi_chetverg.fb2.zip</filename>
	<title>Стейнбек Джон. Благостный четверг</title>
</book>
<book>
	<filename>steinbek_dzhon/steinbek_dzhon_grozdya_gneva.fb2.zip</filename>
	<title>Стейнбек Джон. Гроздья гнева</title>
</book>
<book>
	<filename>steinbek_dzhon/steinbek_dzhon_konservnyi_ryad.fb2.zip</filename>
	<title>Стейнбек Джон Эрнст. Консервный ряд</title>
</book>
<book>
	<filename>steinbek_dzhon/steinbek_dzhon_kvartal_tortilyaflyet.fb2.zip</filename>
	<title>Стейнбек Джон. Квартал Тортилья-флэт</title>
</book>
<book>
	<filename>steinbek_dzhon/steinbek_dzhon_k_vostoku_ot_yedema.fb2.zip</filename>
	<title>Стейнбек Джон. К востоку от Эдема</title>
</book>
<book>
	<filename>steinbek_dzhon/steinbek_dzhon_obeshanie.fb2.zip</filename>
	<title>Стейнбек Джон. Обещание</title>
</book>
<book>
	<filename>steinbek_dzhon/steinbek_dzhon_o_myshah_i_lyudyah.fb2.zip</filename>
	<title>Стейнбек Джон. О мышах и людях</title>
</book>
<book>
	<filename>steinbek_dzhon/steinbek_dzhon_podarok.fb2.zip</filename>
	<title>Стейнбек Джон. Подарок</title>
</book>
<book>
	<filename>steinbek_dzhon/steinbek_dzhon_puteshestvie_s_charli_v_poiskah_ameriki.fb2.zip</filename>
	<title>Стейнбек Джон. Путешествие с Чарли в поисках Америки</title>
</book>
<book>
	<filename>steinbek_dzhon/steinbek_dzhon_raiskie_pastbisha.fb2.zip</filename>
	<title>Стейнбек Джон. Райские пастбища</title>
</book>
<book>
	<filename>steinbek_dzhon/steinbek_dzhon_velikie_gory.fb2.zip</filename>
	<title>Стейнбек Джон. Великие горы</title>
</book>
<book>
	<filename>steinbek_dzhon/steinbek_dzhon_vozhak.fb2.zip</filename>
	<title>Стейнбек Джон. Вожак</title>
</book>
<book>
	<filename>steinbek_dzhon/steinbek_dzhon_zabludivshiisya_avtobus.fb2.zip</filename>
	<title>Стейнбек Джон. Заблудившийся автобус</title>
</book>
<book>
	<filename>steinbek_dzhon/steinbek_dzhon_zhemchuzhina.fb2.zip</filename>
	<title>Стейнбек Джон. Жемчужина</title>
</book>
<book>
	<filename>steinbek_dzhon/steinbek_dzhon_zima_trevogi_nashei.fb2.zip</filename>
	<title>Стейнбек Джон. Зима тревоги нашей</title>
</book>
<book>
	<filename>steinbek_dzhon/steinbek_dzhon_zolotaya_chasha.fb2.zip</filename>
	<title>Стейнбек Джон. Золотая чаша</title>
</book>
<book>
	<filename>stein_sol/stein_sol_fokusnik.fb2.zip</filename>
	<title>Стейн Сол. Фокусник</title>
</book>
<book>
	<filename>steklach_voitek/steklach_voitek_kak_ubit_zolotogo_solovya.fb2.zip</filename>
	<title>Стеклач Войтек. Как убить золотого соловья</title>
</book>
<book>
	<filename>stendal_/stendal__krasnoe_i_chernoe.fb2.zip</filename>
	<title>Стендаль. Красное и черное</title>
</book>
<book>
	<filename>stendal_/stendal__parmskaya_obitel.fb2.zip</filename>
	<title>Стендаль. Пармская обитель</title>
</book>
<book>
	<filename>stenkin_georgii/stenkin_georgii_shkola_kak_yeto_bylo_chast_i.fb2.zip</filename>
	<title>Стенкин Георгий. Школа, как это было... Часть I</title>
</book>
<book>
	<filename>stenkin_georgii/stenkin_georgii_shkola_kak_yeto_bylo_chast_ii.fb2.zip</filename>
	<title>Стенкин Георгий. Школа, как это было... Часть II</title>
</book>
<book>
	<filename>stenyui_rober/stenyui_rober_sokrovisha_nepobedimoi_armady.fb2.zip</filename>
	<title>Стенюи Робер. Сокровища непобедимой Армады</title>
</book>
<book>
	<filename>stepanenko_andrei/stepanenko_andrei_izbrannik.fb2.zip</filename>
	<title>Степаненко Андрей. Избранник</title>
</book>
<book>
	<filename>stepanov_aleksandr/stepanov_aleksandr_portartur_tom_1.fb2.zip</filename>
	<title>Степанов Александр. Порт-Артур. Том 1</title>
</book>
<book>
	<filename>stepanov_aleksandr/stepanov_aleksandr_portartur_tom_2.fb2.zip</filename>
	<title>Степанов Александр. Порт-Артур. Том 2</title>
</book>
<book>
	<filename>stepanov_aleksandr/stepanov_aleksandr_semya_zvonarevyh.fb2.zip</filename>
	<title>Степанов Александр Николаевич. Семья Звонаревых</title>
</book>
<book>
	<filename>stepanov_anatolii/stepanov_anatolii_na_uglu_u_patriarshih.fb2.zip</filename>
	<title>Степанов Анатолий Яковлевич. На углу, у Патриарших...</title>
</book>
<book>
	<filename>stepanov_anatolii/stepanov_anatolii_usnuvshii_passazhir.fb2.zip</filename>
	<title>Степанов Анатолий Яковлевич. Уснувший пассажир</title>
</book>
<book>
	<filename>stepanova_tatyana/stepanova_tatyana_29_otravlennyh_princev.fb2.zip</filename>
	<title>Степанова Татьяна. 29 отравленных принцев</title>
</book>
<book>
	<filename>stepanova_tatyana/stepanova_tatyana_damoklov_mech_nad_zvezdnym_tronom.fb2.zip</filename>
	<title>Степанова Татьяна. Дамоклов меч над звездным троном</title>
</book>
<book>
	<filename>stepanova_tatyana/stepanova_tatyana_flerdoranzh_aromat_traura.fb2.zip</filename>
	<title>Степанова Татьяна. Флердоранж — аромат траура</title>
</book>
<book>
	<filename>stepanova_tatyana/stepanova_tatyana_goticheskaya_kollekciya.fb2.zip</filename>
	<title>Степанова Татьяна. Готическая коллекция</title>
</book>
<book>
	<filename>stepanova_tatyana/stepanova_tatyana_klyuch_ot_mirazha.fb2.zip</filename>
	<title>Степанова Татьяна. Ключ от миража</title>
</book>
<book>
	<filename>stepanova_tatyana/stepanova_tatyana_molchanie_sfinksa.fb2.zip</filename>
	<title>Степанова Татьяна. Молчание сфинкса</title>
</book>
<book>
	<filename>stepanova_tatyana/stepanova_tatyana_na_randevu_s_tenyu.fb2.zip</filename>
	<title>Степанова Татьяна. На рандеву с тенью</title>
</book>
<book>
	<filename>stepanova_tatyana/stepanova_tatyana_proshai_vizantiya.fb2.zip</filename>
	<title>Степанова Татьяна. Прощай, Византия!</title>
</book>
<book>
	<filename>stepanova_tatyana/stepanova_tatyana_proshanie_s_koshmarom.fb2.zip</filename>
	<title>Степанова Татьяна. Прощание с кошмаром</title>
</book>
<book>
	<filename>stepanova_tatyana/stepanova_tatyana_reiting_temnogo_bozhestva.fb2.zip</filename>
	<title>Степанова Татьяна. Рейтинг темного божества</title>
</book>
<book>
	<filename>stepanova_tatyana/stepanova_tatyana_rodeo_dlya_prekrasnyh_dam.fb2.zip</filename>
	<title>Степанова Татьяна. Родео для прекрасных дам</title>
</book>
<book>
	<filename>stepanova_tatyana/stepanova_tatyana_temnyi_instinkt.fb2.zip</filename>
	<title>Степанова Татьяна. Темный инстинкт</title>
</book>
<book>
	<filename>stepanova_tatyana/stepanova_tatyana_ulybka_himery.fb2.zip</filename>
	<title>Степанова Татьяна. Улыбка химеры</title>
</book>
<book>
	<filename>stepanova_tatyana/stepanova_tatyana_venchanie_so_strahom.fb2.zip</filename>
	<title>Степанова Татьяна. Венчание со страхом</title>
</book>
<book>
	<filename>stepanova_tatyana/stepanova_tatyana_v_moei_ruke_gibel.fb2.zip</filename>
	<title>Степанова Татьяна. В моей руке — гибель</title>
</book>
<book>
	<filename>stepanova_tatyana/stepanova_tatyana_vrata_nochi.fb2.zip</filename>
	<title>Степанова Татьяна. Врата ночи</title>
</book>
<book>
	<filename>stepanova_tatyana/stepanova_tatyana_vse_ottenki_chernogo.fb2.zip</filename>
	<title>Степанова Татьяна. Все оттенки черного</title>
</book>
<book>
	<filename>stepanova_tatyana/stepanova_tatyana_zerkalo_dlya_nevidimki.fb2.zip</filename>
	<title>Степанова Татьяна. Зеркало для невидимки</title>
</book>
<book>
	<filename>stepanova_tatyana/stepanova_tatyana_zvezda_na_odnu_rol.fb2.zip</filename>
	<title>Степанова Татьяна. Звезда на одну роль</title>
</book>
<book>
	<filename>stepanov_nikolai/stepanov_nikolai_arlangur.fb2.zip</filename>
	<title>Степанов Николай. Арлангур</title>
</book>
<book>
	<filename>stepanov_nikolai/stepanov_nikolai_legko.fb2.zip</filename>
	<title>Степанов Николай. Легко!</title>
</book>
<book>
	<filename>stepanov_nikolai/stepanov_nikolai_magistr.fb2.zip</filename>
	<title>Степанов Николай. Магистр</title>
</book>
<book>
	<filename>stepanov_nikolai/stepanov_nikolai_magistry_pyatogo_znaka.fb2.zip</filename>
	<title>Степанов Николай. Магистры пятого знака</title>
</book>
<book>
	<filename>stepanov_nikolai/stepanov_nikolai_pod_znakom_dargo.fb2.zip</filename>
	<title>Степанов Николай. Под знаком Дарго</title>
</book>
<book>
	<filename>stepanov_nikolai/stepanov_nikolai_sila_izgoev.fb2.zip</filename>
	<title>Степанов Николай. Сила изгоев</title>
</book>
<book>
	<filename>stepanov_nikolai/stepanov_nikolai_tancor.fb2.zip</filename>
	<title>Степанов Николай. Танцор</title>
</book>
<book>
	<filename>stepanov_nikolai/stepanov_nikolai_ten_ognya.fb2.zip</filename>
	<title>Степанов Николай. Тень огня</title>
</book>
<book>
	<filename>stepanov_nikolai/stepanov_nikolai_vozvrashenie_tancora.fb2.zip</filename>
	<title>Степанов Николай. Возвращение Танцора</title>
</book>
<book>
	<filename>stepanov_sergei/stepanov_sergei_novye_priklyucheniya_cheburashki.fb2.zip</filename>
	<title>Степанов Сергей Владимирович. Новые приключения Чебурашки</title>
</book>
<book>
	<filename>stepanov_sergei/stepanov_sergei_zabludivshiisya_revolyucioner.fb2.zip</filename>
	<title>Степанов Сергей Владимирович. Заблудившийся революционер</title>
</book>
<book>
	<filename>stepanovskaya_irina/stepanovskaya_irina_bokovaya_vetv.fb2.zip</filename>
	<title>Степановская Ирина. Боковая ветвь</title>
</book>
<book>
	<filename>stepanovskaya_irina/stepanovskaya_irina_iz_peterburga_v_moskvu.fb2.zip</filename>
	<title>Степановская Ирина. Из Петербурга в Москву</title>
</book>
<book>
	<filename>stepanovskaya_irina/stepanovskaya_irina_kaleka.fb2.zip</filename>
	<title>Степановская Ирина. Калека</title>
</book>
<book>
	<filename>stepanovskaya_irina/stepanovskaya_irina_yekzoticheskie_pticy.fb2.zip</filename>
	<title>Степановская Ирина. Экзотические птицы</title>
</book>
<book>
	<filename>stepanovskaya_irina/stepanovskaya_irina_yeta_sterva.fb2.zip</filename>
	<title>Степановская Ирина. Эта стерва</title>
</book>
<book>
	<filename>stepanychev_viktor/stepanychev_viktor_master_boya.fb2.zip</filename>
	<title>Степанычев Виктор. Мастер боя</title>
</book>
<book>
	<filename>stepanychev_viktor/stepanychev_viktor_po_prozvishu_viking.fb2.zip</filename>
	<title>Степанычев Виктор. По прозвищу Викинг</title>
</book>
<book>
	<filename>stepanychev_viktor/stepanychev_viktor_puli_nad_selvoi.fb2.zip</filename>
	<title>Степанычев Виктор. Пули над сельвой</title>
</book>
<book>
	<filename>stepanychev_viktor/stepanychev_viktor_terminator_iz_glubinki.fb2.zip</filename>
	<title>Степанычев Виктор. Терминатор из глубинки</title>
</book>
<book>
	<filename>stepnoi_arkadii/stepnoi_arkadii_put_beznadezhnogo.fb2.zip</filename>
	<title>Степной Аркадий. Путь безнадежного</title>
</book>
<book>
	<filename>stepnoi_arkadii/stepnoi_arkadii_veroi_i_pravdoi.fb2.zip</filename>
	<title>Степной Аркадий. Верой и правдой</title>
</book>
<book>
	<filename>stepnova_olga/stepnova_olga_moya_shokoladnaya_bebi.fb2.zip</filename>
	<title>Степнова Ольга. Моя шоколадная беби</title>
</book>
<book>
	<filename>sterhov_andrei/sterhov_andrei_byt_drakonom.fb2.zip</filename>
	<title>Стерхов Андрей. Быть драконом</title>
</book>
<book>
	<filename>sterhov_andrei/sterhov_andrei_poslednii_rubezh.fb2.zip</filename>
	<title>Стерхов Андрей. Последний рубеж</title>
</book>
<book>
	<filename>sterling_bryus/sterling_bryus_bich_nebesnyi.fb2.zip</filename>
	<title>Стерлинг Брюс. Бич небесный</title>
</book>
<book>
	<filename>sterling_bryus/sterling_bryus_budushee_uzhe_nachalos_chto_zhdet_kazhdogo_iz_nas_v_xxi_veke.fb2.zip</filename>
	<title>Стерлинг Брюс. Будущее уже началось: Что ждет каждого из нас в XXI веке?</title>
</book>
<book>
	<filename>sterling_bryus/sterling_bryus_carica_cikad.fb2.zip</filename>
	<title>Стерлинг Брюс. Царица цикад</title>
</book>
<book>
	<filename>sterling_bryus/sterling_bryus_dori_byengs.fb2.zip</filename>
	<title>Стерлинг Брюс. Дори Бэнгс</title>
</book>
<book>
	<filename>sterling_bryus/sterling_bryus_dzhim_i_airin.fb2.zip</filename>
	<title>Стерлинг Брюс. Джим и Айрин</title>
</book>
<book>
	<filename>sterling_bryus/sterling_bryus_glubinnye_techeniya.fb2.zip</filename>
	<title>Стерлинг Брюс. Глубинные течения</title>
</book>
<book>
	<filename>sterling_bryus/sterling_bryus_glubinnye_techeniya_okean_involyucii.fb2.zip</filename>
	<title>Стерлинг Брюс. Глубинные течения [Океан инволюции]</title>
</book>
<book>
	<filename>sterling_bryus/sterling_bryus_glubokii_yeddi.fb2.zip</filename>
	<title>Стерлинг Брюс. Глубокий Эдди</title>
</book>
<book>
	<filename>sterling_bryus/sterling_bryus_malenkii_volshebnyi_magazinchik.fb2.zip</filename>
	<title>Стерлинг Брюс. Маленький волшебный магазинчик</title>
</book>
<book>
	<filename>sterling_bryus/sterling_bryus_manekineko.fb2.zip</filename>
	<title>Стерлинг Брюс. Манеки-Неко</title>
</book>
<book>
	<filename>sterling_bryus/sterling_bryus_nash_neironnyi_chernobyl.fb2.zip</filename>
	<title>Стерлинг Брюс. Наш нейронный Чернобыль</title>
</book>
<book>
	<filename>sterling_bryus/sterling_bryus_pauchinaya_roza.fb2.zip</filename>
	<title>Стерлинг Брюс. Паучиная Роза</title>
</book>
<book>
	<filename>sterling_bryus/sterling_bryus_poslednii_shakalchik.fb2.zip</filename>
	<title>Стерлинг Брюс. Последний Шакальчик</title>
</book>
<book>
	<filename>sterling_bryus/sterling_bryus_pulya_nachinennaya_gumanizmom.fb2.zip</filename>
	<title>Стерлинг Брюс. Пуля, начиненная гуманизмом</title>
</book>
<book>
	<filename>sterling_bryus/sterling_bryus_raspad.fb2.zip</filename>
	<title>Стерлинг Брюс. Распад</title>
</book>
<book>
	<filename>sterling_bryus/sterling_bryus_roi.fb2.zip</filename>
	<title>Стерлинг Брюс. Рой</title>
</book>
<book>
	<filename>sterling_bryus/sterling_bryus_shizmatrica.fb2.zip</filename>
	<title>Стерлинг Брюс. Схизматрица</title>
</book>
<book>
	<filename>sterling_bryus/sterling_bryus_svyashennaya_korova.fb2.zip</filename>
	<title>Стерлинг Брюс. Священная Корова</title>
</book>
<book>
	<filename>sterling_bryus/sterling_bryus_svyashennyi_ogon.fb2.zip</filename>
	<title>Стерлинг Брюс. Священный огонь</title>
</book>
<book>
	<filename>sterling_bryus/sterling_bryus_taklamakan.fb2.zip</filename>
	<title>Стерлинг Брюс. Такламакан</title>
</book>
<book>
	<filename>sterling_bryus/sterling_bryus_uzhin_v_odogaste.fb2.zip</filename>
	<title>Стерлинг Брюс. Ужин в Одогасте</title>
</book>
<book>
	<filename>sterling_bryus/sterling_bryus_velosipednyi_master.fb2.zip</filename>
	<title>Стерлинг Брюс. Велосипедный Мастер</title>
</book>
<book>
	<filename>sterling_bryus/sterling_bryus_zeitgeist.fb2.zip</filename>
	<title>Стерлинг Брюс. Zeitgeist</title>
</book>
<book>
	<filename>sterling_bryus/sterling_bryus_zenitnyi_ugol.fb2.zip</filename>
	<title>Стерлинг Брюс. Зенитный угол</title>
</book>
<book>
	<filename>sterling_bryus/sterling_bryus_zhirnyi_puzyr_udachi.fb2.zip</filename>
	<title>Стерлинг Брюс. Жирный Пузырь Удачи</title>
</book>
<book>
	<filename>sternin_grigorii/sternin_grigorii_mne_tebya_zakazali.fb2.zip</filename>
	<title>Стернин Григорий. Мне тебя заказали</title>
</book>
<book>
	<filename>sternin_grigorii/sternin_grigorii_vyshel_killer_iz_tumana.fb2.zip</filename>
	<title>Стернин Григорий. Вышел киллер из тумана</title>
</book>
<book>
	<filename>stern_lorens/stern_lorens_sentimentalnoe_puteshestvie_po_francii_i_italii.fb2.zip</filename>
	<title>Стерн Лоренс. Сентиментальное путешествие по Франции и Италии</title>
</book>
<book>
	<filename>stern_lorens/stern_lorens_zhizn_i_mneniya_tristrama_shendi_dzhentlmena.fb2.zip</filename>
	<title>Стерн Лоренс. Жизнь и мнения Тристрама Шенди, джентльмена</title>
</book>
<book>
	<filename>stevenson_robert/stevenson_robert_the_black_arrow.fb2.zip</filename>
	<title>Stevenson Robert Louis. The Black Arrow</title>
</book>
<book>
	<filename>stevenson_robert/stevenson_robert_treasure_island.fb2.zip</filename>
	<title>Stevenson Robert Louis. Treasure island</title>
</book>
<book>
	<filename>stihov_sbornik/stihov_sbornik_ispanskaya_klassicheskaya_yepigramma.fb2.zip</filename>
	<title>стихов Сборник. Испанская классическая эпиграмма</title>
</book>
<book>
	<filename>stil_bob/stil_bob_hrebet_poslednego_ruzhya.fb2.zip</filename>
	<title>Стил Боб. Хребет Последнего Ружья</title>
</book>
<book>
	<filename>stil_daniyela/stil_daniyela_bettina.fb2.zip</filename>
	<title>Стил Даниэла. Беттина</title>
</book>
<book>
	<filename>stil_daniyela/stil_daniyela_bezmolvnaya_chest.fb2.zip</filename>
	<title>Стил Даниэла. Безмолвная честь</title>
</book>
<book>
	<filename>stil_daniyela/stil_daniyela_blagoslovenie.fb2.zip</filename>
	<title>Стил Даниэла. Благословение</title>
</book>
<book>
	<filename>stil_daniyela/stil_daniyela_bolshei_lyubvi_ne_byvaet.fb2.zip</filename>
	<title>Стил Даниэла. Большей любви не бывает</title>
</book>
<book>
	<filename>stil_daniyela/stil_daniyela_chto_bylo_chto_budet.fb2.zip</filename>
	<title>Стил Даниэла. Что было, что будет...</title>
</book>
<book>
	<filename>stil_daniyela/stil_daniyela_dar.fb2.zip</filename>
	<title>Стил Даниэла. Дар</title>
</book>
<book>
	<filename>stil_daniyela/stil_daniyela_doroga_sudby.fb2.zip</filename>
	<title>Стил Даниэла. Дорога судьбы</title>
</book>
<book>
	<filename>stil_daniyela/stil_daniyela_dragocennosti.fb2.zip</filename>
	<title>Стил Даниэла. Драгоценности</title>
</book>
<book>
	<filename>stil_daniyela/stil_daniyela_francuzskie_kanikuly.fb2.zip</filename>
	<title>Стил Даниэла. Французские каникулы</title>
</book>
<book>
	<filename>stil_daniyela/stil_daniyela_golos_serdca.fb2.zip</filename>
	<title>Стил Даниэла. Голос сердца</title>
</book>
<book>
	<filename>stil_daniyela/stil_daniyela_gorkii_med.fb2.zip</filename>
	<title>Стил Даниэла. Горький мед</title>
</book>
<book>
	<filename>stil_daniyela/stil_daniyela_hochu_oskar.fb2.zip</filename>
	<title>Стил Даниэла. Хочу «Оскар»!</title>
</book>
<book>
	<filename>stil_daniyela/stil_daniyela_igra_v_svidaniya.fb2.zip</filename>
	<title>Стил Даниэла. Игра в свидания</title>
</book>
<book>
	<filename>stil_daniyela/stil_daniyela_izgnannaya_iz_raya.fb2.zip</filename>
	<title>Стил Даниэла. Изгнанная из рая</title>
</book>
<book>
	<filename>stil_daniyela/stil_daniyela_kak_dve_kapli_vody.fb2.zip</filename>
	<title>Стил Даниэла. Как две капли воды</title>
</book>
<book>
	<filename>stil_daniyela/stil_daniyela_kaleidoskop.fb2.zip</filename>
	<title>Стил Даниэла. Калейдоскоп</title>
</book>
<book>
	<filename>stil_daniyela/stil_daniyela_klub_holostyakov.fb2.zip</filename>
	<title>Стил Даниэла. Клуб холостяков</title>
</book>
<book>
	<filename>stil_daniyela/stil_daniyela_kolco.fb2.zip</filename>
	<title>Стил Даниэла. Кольцо</title>
</book>
<book>
	<filename>stil_daniyela/stil_daniyela_koleso_sudby.fb2.zip</filename>
	<title>Стил Даниэла. Колесо судьбы</title>
</book>
<book>
	<filename>stil_daniyela/stil_daniyela_konec_leta.fb2.zip</filename>
	<title>Стил Даниэла. Конец лета</title>
</book>
<book>
	<filename>stil_daniyela/stil_daniyela_krylya.fb2.zip</filename>
	<title>Стил Даниэла. Крылья</title>
</book>
<book>
	<filename>stil_daniyela/stil_daniyela_nachat_snachala.fb2.zip</filename>
	<title>Стил Даниэла. Начать сначала</title>
</book>
<book>
	<filename>stil_daniyela/stil_daniyela_navazhdenie.fb2.zip</filename>
	<title>Стил Даниэла. Наваждение</title>
</book>
<book>
	<filename>stil_daniyela/stil_daniyela_neozhidannyi_roman.fb2.zip</filename>
	<title>Стил Даниэла. Неожиданный роман</title>
</book>
<book>
	<filename>stil_daniyela/stil_daniyela_nevozmozhno.fb2.zip</filename>
	<title>Стил Даниэла. НеВозможно</title>
</book>
<book>
	<filename>stil_daniyela/stil_daniyela_ni_o_chem_ne_zhaleyu.fb2.zip</filename>
	<title>Стил Даниэла. Ни о чем не жалею</title>
</book>
<book>
	<filename>stil_daniyela/stil_daniyela_obeshanie.fb2.zip</filename>
	<title>Стил Даниэла. Обещание</title>
</book>
<book>
	<filename>stil_daniyela/stil_daniyela_obeshanie_strasti.fb2.zip</filename>
	<title>Стил Даниэла. Обещание страсти</title>
</book>
<book>
	<filename>stil_daniyela/stil_daniyela_otnyne_i_vovek.fb2.zip</filename>
	<title>Стил Даниэла. Отныне и вовек</title>
</book>
<book>
	<filename>stil_daniyela/stil_daniyela_peremeny.fb2.zip</filename>
	<title>Стил Даниэла. Перемены</title>
</book>
<book>
	<filename>stil_daniyela/stil_daniyela_perepute.fb2.zip</filename>
	<title>Стил Даниэла. Перепутье</title>
</book>
<book>
	<filename>stil_daniyela/stil_daniyela_pocelui.fb2.zip</filename>
	<title>Стил Даниэла. Поцелуй</title>
</book>
<book>
	<filename>stil_daniyela/stil_daniyela_pohishennyi.fb2.zip</filename>
	<title>Стил Даниэла. Похищенный</title>
</book>
<book>
	<filename>stil_daniyela/stil_daniyela_polet_dlinoyu_v_zhizn.fb2.zip</filename>
	<title>Стил Даниэла. Полет длиною в жизнь</title>
</book>
<book>
	<filename>stil_daniyela/stil_daniyela_potryasayushaya_krasota.fb2.zip</filename>
	<title>Стил Даниэла. Потрясающая красота</title>
</book>
<book>
	<filename>stil_daniyela/stil_daniyela_povoroty_sudby.fb2.zip</filename>
	<title>Стил Даниэла. Повороты судьбы</title>
</book>
<book>
	<filename>stil_daniyela/stil_daniyela_prekrasnaya_neznakomka.fb2.zip</filename>
	<title>Стил Даниэла. Прекрасная незнакомка</title>
</book>
<book>
	<filename>stil_daniyela/stil_daniyela_prizrak_tainy.fb2.zip</filename>
	<title>Стил Даниэла. Призрак тайны</title>
</book>
<book>
	<filename>stil_daniyela/stil_daniyela_puteshestvie.fb2.zip</filename>
	<title>Стил Даниэла. Путешествие</title>
</book>
<book>
	<filename>stil_daniyela/stil_daniyela_pyat_dnei_v_parizhe.fb2.zip</filename>
	<title>Стил Даниэла. Пять дней в Париже</title>
</book>
<book>
	<filename>stil_daniyela/stil_daniyela_rancho.fb2.zip</filename>
	<title>Стил Даниэла. Ранчо</title>
</book>
<book>
	<filename>stil_daniyela/stil_daniyela_schaste.fb2.zip</filename>
	<title>Стил Даниэла. Счастье</title>
</book>
<book>
	<filename>stil_daniyela/stil_daniyela_sekrety.fb2.zip</filename>
	<title>Стил Даниэла. Секреты</title>
</book>
<book>
	<filename>stil_daniyela/stil_daniyela_semeinyi_albom.fb2.zip</filename>
	<title>Стил Даниэла. Семейный альбом</title>
</book>
<book>
	<filename>stil_daniyela/stil_daniyela_sezon_strasti.fb2.zip</filename>
	<title>Стил Даниэла. Сезон страсти</title>
</book>
<book>
	<filename>stil_daniyela/stil_daniyela_smyatenie.fb2.zip</filename>
	<title>Стил Даниэла. Смятение</title>
</book>
<book>
	<filename>stil_daniyela/stil_daniyela_starye_pisma.fb2.zip</filename>
	<title>Стил Даниэла. Старые письма</title>
</book>
<book>
	<filename>stil_daniyela/stil_daniyela_tihaya_gavan.fb2.zip</filename>
	<title>Стил Даниэла. Тихая гавань</title>
</book>
<book>
	<filename>stil_daniyela/stil_daniyela_tolko_raz_v_zhizni.fb2.zip</filename>
	<title>Стил Даниэла. Только раз в жизни</title>
</book>
<book>
	<filename>stil_daniyela/stil_daniyela_udar_molnii.fb2.zip</filename>
	<title>Стил Даниэла. Удар молнии</title>
</book>
<book>
	<filename>stil_daniyela/stil_daniyela_versalskaya_istoriya.fb2.zip</filename>
	<title>Стил Даниэла. Версальская история</title>
</book>
<book>
	<filename>stil_daniyela/stil_daniyela_vospominaniya.fb2.zip</filename>
	<title>Стил Даниэла. Воспоминания</title>
</book>
<book>
	<filename>stil_daniyela/stil_daniyela_vozvrashenie.fb2.zip</filename>
	<title>Стил Даниэла. Возвращение</title>
</book>
<book>
	<filename>stil_daniyela/stil_daniyela_vse_tolko_horoshee.fb2.zip</filename>
	<title>Стил Даниэла. Все только хорошее</title>
</book>
<book>
	<filename>stil_daniyela/stil_daniyela_vtoraya_popytka.fb2.zip</filename>
	<title>Стил Даниэла. Вторая попытка</title>
</book>
<book>
	<filename>stil_daniyela/stil_daniyela_vykup.fb2.zip</filename>
	<title>Стил Даниэла. Выкуп</title>
</book>
<book>
	<filename>stil_daniyela/stil_daniyela_zapretnaya_lyubov.fb2.zip</filename>
	<title>Стил Даниэла. Запретная любовь</title>
</book>
<book>
	<filename>stil_daniyela/stil_daniyela_zhazhda_stranstvii.fb2.zip</filename>
	<title>Стил Даниэла. Жажда странствий</title>
</book>
<book>
	<filename>stil_daniyela/stil_daniyela_zhit_dalshe.fb2.zip</filename>
	<title>Стил Даниэла. Жить дальше</title>
</book>
<book>
	<filename>stil_daniyela/stil_daniyela_zloi_umysel.fb2.zip</filename>
	<title>Стил Даниэла. Злой умысел</title>
</book>
<book>
	<filename>stil_daniyela/stil_daniyela_zoya.fb2.zip</filename>
	<title>Стил Даниэла. Зоя</title>
</book>
<book>
	<filename>stil_daniyela/stil_daniyela_zvezda.fb2.zip</filename>
	<title>Стил Даниэла. Звезда</title>
</book>
<book>
	<filename>stil_dzhessika/stil_dzhessika_idealnyi_sosed.fb2.zip</filename>
	<title>Стил Джессика. Идеальный сосед</title>
</book>
<book>
	<filename>stil_dzhessika/stil_dzhessika_podhodyashii_muzh.fb2.zip</filename>
	<title>Стил Джессика. Подходящий муж</title>
</book>
<book>
	<filename>stil_dzhessika/stil_dzhessika_pravdivyi_lzhec.fb2.zip</filename>
	<title>Стил Джессика. Правдивый лжец</title>
</book>
<book>
	<filename>stil_dzhessika/stil_dzhessika_priglashaetsya_zhena.fb2.zip</filename>
	<title>Стил Джессика. Приглашается жена</title>
</book>
<book>
	<filename>stil_dzhessika/stil_dzhessika_risk_horoshee_delo.fb2.zip</filename>
	<title>Стил Джессика. Риск – хорошее дело!</title>
</book>
<book>
	<filename>stil_dzhessika/stil_dzhessika_uiti_ili_ostatsya.fb2.zip</filename>
	<title>Стил Джессика. Уйти или остаться?</title>
</book>
<book>
	<filename>stil_dzhessika/stil_dzhessika_velenie_serdca.fb2.zip</filename>
	<title>Стил Джессика. Веление сердца</title>
</book>
<book>
	<filename>stil_dzhessika/stil_dzhessika_vengerskaya_rapsodiya.fb2.zip</filename>
	<title>Стил Джессика. Венгерская рапсодия</title>
</book>
<book>
	<filename>stil_dzhudit/stil_dzhudit_pocelui_angela.fb2.zip</filename>
	<title>Стил Джудит. Поцелуй ангела</title>
</book>
<book>
	<filename>stil_terri/stil_terri_monstry_i_volshebnye_palochki.fb2.zip</filename>
	<title>Стил Терри Ли. Монстры и волшебные палочки</title>
</book>
<book>
	<filename>stiman_stanislasandrye/stiman_stanislasandrye_shestero_obrechennyh.fb2.zip</filename>
	<title>Стиман Станислас-Андрэ. Шестеро обреченных</title>
</book>
<book>
	<filename>stinbou_luyella/stinbou_luyella_starinnaya_legenda.fb2.zip</filename>
	<title>Стинбоу Луэлла. Старинная легенда</title>
</book>
<book>
	<filename>stingli_daiana/stingli_daiana_ves_v_moei_lyubvi.fb2.zip</filename>
	<title>Стингли Дайана. Весь в моей любви</title>
</book>
<book>
	<filename>stingl_miloslav/stingl_miloslav_chernye_ostrova.fb2.zip</filename>
	<title>Стингл Милослав. Черные острова</title>
</book>
<book>
	<filename>stingl_miloslav/stingl_miloslav_ocharovannye_gavaii.fb2.zip</filename>
	<title>Стингл Милослав. Очарованные Гавайи</title>
</book>
<book>
	<filename>stingl_miloslav/stingl_miloslav_po_neznakomoi_mikronezii.fb2.zip</filename>
	<title>Стингл Милослав. По незнакомой Микронезии</title>
</book>
<book>
	<filename>stingl_miloslav/stingl_miloslav_poslednii_rai.fb2.zip</filename>
	<title>Стингл Милослав. Последний рай</title>
</book>
<book>
	<filename>stirling_stiven/stirling_stiven_kaper.fb2.zip</filename>
	<title>Стирлинг Стивен Майкл. Капер</title>
</book>
<book>
	<filename>stirling_stiven/stirling_stiven_nezavisimyi_otryad.fb2.zip</filename>
	<title>Стирлинг Стивен Майкл. Независимый отряд</title>
</book>
<book>
	<filename>stirling_stiven/stirling_stiven_voshozhdenie.fb2.zip</filename>
	<title>Стирлинг Стивен Майкл. Восхождение</title>
</book>
<book>
	<filename>stivens_dzhon/stivens_dzhon_soznavanie_issleduem_yekperementiruem_uprazhnyaemsya.fb2.zip</filename>
	<title>Стивенс Джон. Сознавание: исследуем, экперементируем, упражняемся</title>
</book>
<book>
	<filename>stivens_dzhoz/stivens_dzhoz_sekrety_shamanizma.fb2.zip</filename>
	<title>Стивенс Джоз. Секреты шаманизма</title>
</book>
<book>
	<filename>stivenson_nil/stivenson_nil_almaznyi_vek_ili_bukvar_dlya_blagorodnyh_devic.fb2.zip</filename>
	<title>Стивенсон Нил. Алмазный век, или Букварь для благородных девиц</title>
</book>
<book>
	<filename>stivenson_nil/stivenson_nil_cryptonomicon.fb2.zip</filename>
	<title>Стивенсон Нил. Cryptonomicon</title>
</book>
<book>
	<filename>stivenson_nil/stivenson_nil_diamond_age.fb2.zip</filename>
	<title>Стивенсон Нил. Diamond Age</title>
</book>
<book>
	<filename>stivenson_nil/stivenson_nil_korol_brodyag.fb2.zip</filename>
	<title>Стивенсон Нил. Король бродяг</title>
</book>
<book>
	<filename>stivenson_nil/stivenson_nil_kriptonomikon_chast_1.fb2.zip</filename>
	<title>Стивенсон Нил. Криптономикон, часть 1</title>
</book>
<book>
	<filename>stivenson_nil/stivenson_nil_kriptonomikon_chast_2.fb2.zip</filename>
	<title>Стивенсон Нил. Криптономикон, часть 2</title>
</book>
<book>
	<filename>stivenson_nil/stivenson_nil_lavina.fb2.zip</filename>
	<title>Стивенсон Нил. Лавина</title>
</book>
<book>
	<filename>stivenson_nil/stivenson_nil_rtut.fb2.zip</filename>
	<title>Стивенсон Нил. Ртуть</title>
</book>
<book>
	<filename>stivenson_nil/stivenson_nil_the_big_u.fb2.zip</filename>
	<title>Стивенсон Нил. The Big U</title>
</book>
<book>
	<filename>stivenson_nil/stivenson_nil_zodiak.fb2.zip</filename>
	<title>Стивенсон Нил. Зодиак</title>
</book>
<book>
	<filename>stivenson_robert/stivenson_robert_ballady.fb2.zip</filename>
	<title>Стивенсон Роберт Луис. Баллады</title>
</book>
<book>
	<filename>stivenson_robert/stivenson_robert_bereg_faleza.fb2.zip</filename>
	<title>Стивенсон Роберт Луис. Берег Фалеза</title>
</book>
<book>
	<filename>stivenson_robert/stivenson_robert_chernaya_strela.fb2.zip</filename>
	<title>Стивенсон Роберт Луис. Черная стрела</title>
</book>
<book>
	<filename>stivenson_robert/stivenson_robert_detskii_cvetnik_stihov.fb2.zip</filename>
	<title>Стивенсон Роберт Луис. Детский цветник стихов</title>
</book>
<book>
	<filename>stivenson_robert/stivenson_robert_dom_na_dyunah.fb2.zip</filename>
	<title>Стивенсон Роберт Луис. Дом на дюнах</title>
</book>
<book>
	<filename>stivenson_robert/stivenson_robert_dver_sira_de_maletrua.fb2.zip</filename>
	<title>Стивенсон Роберт Льюис. Дверь сира де Малетруа</title>
</book>
<book>
	<filename>stivenson_robert/stivenson_robert_istoriya_odnoi_lzhi.fb2.zip</filename>
	<title>Стивенсон Роберт. История одной лжи</title>
</book>
<book>
	<filename>stivenson_robert/stivenson_robert_kak_voznik_vladetel_ballantrye.fb2.zip</filename>
	<title>Стивенсон Роберт Луис. Как возник «Владетель Баллантрэ»</title>
</book>
<book>
	<filename>stivenson_robert/stivenson_robert_katriona.fb2.zip</filename>
	<title>Стивенсон Роберт Луис. Катриона</title>
</book>
<book>
	<filename>stivenson_robert/stivenson_robert_klub_samoubiic_almaz_radzhi.fb2.zip</filename>
	<title>Стивенсон Роберт Луис. Клуб самоубийц Алмаз Раджи</title>
</book>
<book>
	<filename>stivenson_robert/stivenson_robert_knigi_okazavshie_na_menya_vliyanie.fb2.zip</filename>
	<title>Стивенсон Роберт Луис. Книги, оказавшие на меня влияние</title>
</book>
<book>
	<filename>stivenson_robert/stivenson_robert_markheim.fb2.zip</filename>
	<title>Стивенсон Роберт Луис. Маркхейм</title>
</book>
<book>
	<filename>stivenson_robert/stivenson_robert_nochleg_fransua_viiona.fb2.zip</filename>
	<title>Стивенсон Роберт Луис. Ночлег Франсуа Вийона</title>
</book>
<book>
	<filename>stivenson_robert/stivenson_robert_nravstvennaya_storona_literaturnoi_professii.fb2.zip</filename>
	<title>Стивенсон Роберт Луис. Нравственная сторона литературной профессии</title>
</book>
<book>
	<filename>stivenson_robert/stivenson_robert_okayannaya_dzhenet.fb2.zip</filename>
	<title>Стивенсон Роберт Луис. Окаянная Дженет</title>
</book>
<book>
	<filename>stivenson_robert/stivenson_robert_olalla.fb2.zip</filename>
	<title>Стивенсон Роберт Луис. Олалла</title>
</book>
<book>
	<filename>stivenson_robert/stivenson_robert_ostrov_golosov.fb2.zip</filename>
	<title>Стивенсон Роберт Льюис. Остров Голосов</title>
</book>
<book>
	<filename>stivenson_robert/stivenson_robert_ostrov_sokrovish.fb2.zip</filename>
	<title>Стивенсон Роберт Льюис. Остров сокровищ</title>
</book>
<book>
	<filename>stivenson_robert/stivenson_robert_podlesok.fb2.zip</filename>
	<title>Стивенсон Роберт Луис. Подлесок</title>
</book>
<book>
	<filename>stivenson_robert/stivenson_robert_pohishennyi_ili_priklyucheniya_dyevida_byelfura.fb2.zip</filename>
	<title>Стивенсон Роберт Луис. Похищенный или приключения Дэвида Бэлфура</title>
</book>
<book>
	<filename>stivenson_robert/stivenson_robert_pohititel_trupov.fb2.zip</filename>
	<title>Стивенсон Роберт Льюис. Похититель трупов</title>
</book>
<book>
	<filename>stivenson_robert/stivenson_robert_poterpevshie_korablekrushenie.fb2.zip</filename>
	<title>Стивенсон Роберт Луис. Потерпевшие кораблекрушение</title>
</book>
<book>
	<filename>stivenson_robert/stivenson_robert_princ_otto.fb2.zip</filename>
	<title>Стивенсон Роберт Луис. Принц Отто</title>
</book>
<book>
	<filename>stivenson_robert/stivenson_robert_providenie_i_gitara.fb2.zip</filename>
	<title>Стивенсон Роберт Льюис. Провидение и гитара</title>
</book>
<book>
	<filename>stivenson_robert/stivenson_robert_puteshestvie_vglub_strany.fb2.zip</filename>
	<title>Стивенсон Роберт Луис. Путешествие вглубь страны</title>
</book>
<book>
	<filename>stivenson_robert/stivenson_robert_sataninskaya_butylka.fb2.zip</filename>
	<title>Стивенсон Роберт Луис. Сатанинская бутылка</title>
</book>
<book>
	<filename>stivenson_robert/stivenson_robert_sent_iv.fb2.zip</filename>
	<title>Стивенсон Роберт Луис. Сент Ив</title>
</book>
<book>
	<filename>stivenson_robert/stivenson_robert_strannaya_istoriya_doktora_dzhekila_i_mistera_haida.fb2.zip</filename>
	<title>Стивенсон Роберт Луис. Странная история доктора Джекила и мистера Хайда</title>
</book>
<book>
	<filename>stivenson_robert/stivenson_robert_the_black_arrow.fb2.zip</filename>
	<title>Стивенсон Роберт Луис. The Black Arrow</title>
</book>
<book>
	<filename>stivenson_robert/stivenson_robert_treasure_island.fb2.zip</filename>
	<title>Стивенсон Роберт Луис. Treasure island</title>
</book>
<book>
	<filename>stivenson_robert/stivenson_robert_uir_germiston.fb2.zip</filename>
	<title>Стивенсон Роберт Луис. Уир Гермистон</title>
</book>
<book>
	<filename>stivenson_robert/stivenson_robert_veselye_molodcy.fb2.zip</filename>
	<title>Стивенсон Роберт Луис. Веселые молодцы</title>
</book>
<book>
	<filename>stivenson_robert/stivenson_robert_villi_s_melnicy.fb2.zip</filename>
	<title>Стивенсон Роберт Льюис. Вилли с мельницы</title>
</book>
<book>
	<filename>stivenson_robert/stivenson_robert_vladetel_ballantrye.fb2.zip</filename>
	<title>Стивенсон Роберт Луис. Владетель Баллантрэ</title>
</book>
<book>
	<filename>stivenson_robert/stivenson_robert_volshebnaya_butylka.fb2.zip</filename>
	<title>Стивенсон Роберт Луис. Волшебная бутылка</title>
</book>
<book>
	<filename>stivenson_robert/stivenson_robert_vospominaniya_i_portrety.fb2.zip</filename>
	<title>Стивенсон Роберт Луис. Воспоминания и портреты</title>
</book>
<book>
	<filename>stivenson_robert/stivenson_robert_vospominaniya_o_samom_sebe.fb2.zip</filename>
	<title>Стивенсон Роберт Луис. Воспоминания о самом себе</title>
</book>
<book>
	<filename>stivenson_robert/stivenson_robert_v_yuzhnyh_moryah.fb2.zip</filename>
	<title>Стивенсон Роберт Луис. В южных морях</title>
</book>
<book>
	<filename>stivenson_robert/stivenson_robert_v_zashitu_nezavisimosti_burov.fb2.zip</filename>
	<title>Стивенсон Роберт Луис. В защиту независимости буров</title>
</book>
<book>
	<filename>stivenson_robert/stivenson_robert_yetyudy_o_moih_obshih_znakomyh.fb2.zip</filename>
	<title>Стивенсон Роберт Луис. Этюды о моих общих знакомых</title>
</book>
<book>
	<filename>stivenson_robert/stivenson_robert_zhizn_na_samoa.fb2.zip</filename>
	<title>Стивенсон Роберт Льюис. Жизнь на Самоа</title>
</book>
<book>
	<filename>stivens_syuzen/stivens_syuzen_chetyre_kolca_dlya_nevesty.fb2.zip</filename>
	<title>Стивенс Сьюзен. Четыре кольца для невесты</title>
</book>
<book>
	<filename>stivens_syuzen/stivens_syuzen_na_usloviyah_lyubvi.fb2.zip</filename>
	<title>Стивенс Сьюзен. На условиях любви</title>
</book>
<book>
	<filename>stivens_syuzen/stivens_syuzen_noch_bezumstv.fb2.zip</filename>
	<title>Стивенс Сьюзен. Ночь безумств</title>
</book>
<book>
	<filename>stivens_syuzen/stivens_syuzen_skripachka_i_millioner.fb2.zip</filename>
	<title>Стивенс Сьюзен. Скрипачка и миллионер</title>
</book>
<book>
	<filename>stivens_syuzen/stivens_syuzen_soblaznenie_poitalyanski.fb2.zip</filename>
	<title>Стивенс Сьюзен. Соблазнение по-итальянски</title>
</book>
<book>
	<filename>stivens_syuzen/stivens_syuzen_zapah_sandala.fb2.zip</filename>
	<title>Стивенс Сьюзен. Запах сандала</title>
</book>
<book>
	<filename>stivens_yetel/stivens_yetel_prekrasnaya_plennica.fb2.zip</filename>
	<title>Стивенс Этель. Прекрасная пленница</title>
</book>

</books>
