<?xml version="1.0" encoding="UTF-8" ?>
<books>

<book>
	<filename>careva_masha/careva_masha_blondinki_predpochitayut_dzhentlmenov_ili_glupa_odinoka_opasna.fb2.zip</filename>
	<title> Царева Маша. Блондинки предпочитают джентльменов, или Глупа, одинока, опасна</title>
</book>
<book>
	<filename>careva_masha/careva_masha_devushka_s_golodnymi_glazami.fb2.zip</filename>
	<title> Царева Маша. Девушка с голодными глазами</title>
</book>
<book>
	<filename>careva_masha/careva_masha_koechto_ob_odinokih_devushkah_legkih_dengah_i_vualehvostyh_sumchatyh_homyakah.fb2.zip</filename>
	<title> Царева Маша. Кое-что об одиноких девушках, легких деньгах и вуалехвостых сумчатых хомяках</title>
</book>
<book>
	<filename>careva_masha/careva_masha_malenkaya_bolshaya_devochka.fb2.zip</filename>
	<title> Царева Маша. Маленькая большая девочка</title>
</book>
<book>
	<filename>careva_masha/careva_masha_moskovskii_bestiarii_boltovnya_bryunetki.fb2.zip</filename>
	<title> Царева Маша. Московский бестиарий. Болтовня брюнетки</title>
</book>
<book>
	<filename>careva_masha/careva_masha_moskva_silikonovaya.fb2.zip</filename>
	<title> Царева Маша. Москва силиконовая</title>
</book>
<book>
	<filename>careva_masha/careva_masha_nebo_parashyut_yunosha.fb2.zip</filename>
	<title> Царева Маша. Небо. Парашют. Юноша</title>
</book>
<book>
	<filename>careva_masha/careva_masha_nenavizhu_hochu_ili_koechto_o_macho.fb2.zip</filename>
	<title> Царева Маша. Ненавижу? Хочу! Или кое-что о мачо</title>
</book>
<book>
	<filename>careva_masha/careva_masha_nesladkaya_zhizn.fb2.zip</filename>
	<title> Царева Маша. Несладкая жизнь</title>
</book>
<book>
	<filename>careva_masha/careva_masha_novogodnyaya_istoriya.fb2.zip</filename>
	<title> Царева Маша. Новогодняя история</title>
</book>
<book>
	<filename>careva_masha/careva_masha_poshutil.fb2.zip</filename>
	<title> Царева Маша. Пошутил</title>
</book>
<book>
	<filename>careva_masha/careva_masha_sidim_kurim.fb2.zip</filename>
	<title> Царева Маша. Сидим, курим…</title>
</book>
<book>
	<filename>careva_masha/careva_masha_silikonovye_gory.fb2.zip</filename>
	<title> Царева Маша. Силиконовые горы</title>
</book>
<book>
	<filename>careva_masha/careva_masha_simpatichnaya_moskvichka_zhelaet_poznakomitsya.fb2.zip</filename>
	<title> Царева Маша. Симпатичная москвичка желает познакомиться</title>
</book>
<book>
	<filename>careva_masha/careva_masha_svadba_na_vybor_ili_zhenihi_v_assortimente.fb2.zip</filename>
	<title> Царева Маша. Свадьба на выбор, или Женихи в ассортименте</title>
</book>
<book>
	<filename>careva_masha/careva_masha_vyiti_zamuzh_za_millionera_ili_ne_hochu_zhit_v_pereperdishevo.fb2.zip</filename>
	<title> Царева Маша. Выйти замуж за миллионера, или Не хочу жить в Перепердищево</title>
</book>
<book>
	<filename>careva_masha/careva_masha_yeto_podium_detka_saga_o_moskovskih_kukolkah.fb2.zip</filename>
	<title> Царева Маша. Это подиум, детка! Сага о московских куколках</title>
</book>
<book>
	<filename>careva_masha/careva_masha_zhigolo_dlya_blondinki.fb2.zip</filename>
	<title> Царева Маша. Жиголо для блондинки</title>
</book>
<book>
	<filename>celuiko_valentina/celuiko_valentina_byt_vmeste_nelzya_rasstavatsya_kak_spasti_otnosheniya.fb2.zip</filename>
	<title> Целуйко Валентина. Быть вместе нельзя расставаться. Как спасти отношения</title>
</book>
<book>
	<filename>celuiko_valentina/celuiko_valentina_supruzheskaya_perestrelka_s_uletalnym_ishodom_kak_spasti_otnosheniya_i_stoit_li_yeto_delat.fb2.zip</filename>
	<title> Целуйко Валентина. Супружеская перестрелка с улетальным исходом. Как спасти отношения и стоит ли это делать</title>
</book>



<book>
	<filename>ciporuha_mihail/ciporuha_mihail_pod_chernym_flagom_hroniki_piratstva_i_korsarstva.fb2.zip</filename>
	<title> Ципоруха Михаил Исаакович. Под черным флагом. Хроники пиратства и корсарства</title>
</book>


<book>
	<filename>cvetkova_a/cvetkova_a_informatika_i_informacionnye_tehnologii.fb2.zip</filename>
	<title> Цветкова А. В. Информатика и информационные технологии</title>
</book>
<book>
	<filename>cvetkova_a/cvetkova_a_informatika_i_informacionnye_tehnologii_konspekt_lekcii.fb2.zip</filename>
	<title> Цветкова А. В. Информатика и информационные технологии: конспект лекций</title>
</book>
<book>
	<filename>cvetkova_g/cvetkova_g_my_zhdem_rebenka_kniga_dlya_budushih_roditelei.fb2.zip</filename>
	<title> Цветкова Г. В. Мы ждем ребенка. Книга для будущих родителей</title>
</book>
<book>
	<filename>cvetkova_natalya/cvetkova_natalya_kak_vyiti_zamuzh_za_28_dnei_fabrika_schastlivyh_zolushek.fb2.zip</filename>
	<title> Цветкова Наталья Витальевна. Как выйти замуж за 28 дней. Фабрика счастливых Золушек</title>
</book>
<book>
	<filename>cvetkova_natalya/cvetkova_natalya_kniga_pozdravlenii.fb2.zip</filename>
	<title> Цветкова Наталья. Книга поздравлений</title>
</book>

<book>
	<filename>cyganok_antonina/cyganok_antonina_razvitie_bazovyh_poznavatelnyh_funkcii_s_pomoshyu_adaptivnoigrovyh_zanyatii.fb2.zip</filename>
	<title> Цыганок Антонина Андреевна. Развитие базовых познавательных функций с помощью адаптивно-игровых занятий</title>
</book>

</books>
