<?xml version="1.0" encoding="UTF-8" ?>
<books>

<book>
	<filename>uaild_oskar/uaild_oskar_oskar_uaild_aforizmy.fb2.zip</filename>
	<title> Уайльд Оскар. Оскар Уайльд. Афоризмы</title>
</book>
<book>
	<filename>uait_vanessa/uait_vanessa_pechal_i_radost.fb2.zip</filename>
	<title> Уайт Ванесса. Печаль и радость</title>
</book>
<book>
	<filename>uait_vanessa/uait_vanessa_perepletenie_sudeb.fb2.zip</filename>
	<title> Уайт Ванесса. Переплетение судеб</title>
</book>
<book>
	<filename>uborevich_vladimir/uborevich_vladimir_14_pisem_elene_sergeevne_bulgakovoi.fb2.zip</filename>
	<title> Уборевич Владимир. 14 писем Елене Сергеевне Булгаковой</title>
</book>
<book>
	<filename>uborevich_vladimira/uborevich_vladimira_14_pisem_elene_sergeevne_bulgakovoi.fb2.zip</filename>
	<title> Уборевич Владимира. 14 писем Елене Сергеевне Булгаковой</title>
</book>
<book>
	<filename>udovichenko_diana/udovichenko_diana_imperskii_yastreb.fb2.zip</filename>
	<title> Удовиченко Диана. Имперский ястреб</title>
</book>
<book>
	<filename>udovichenko_diana/udovichenko_diana_vrag_imperii.fb2.zip</filename>
	<title> Удовиченко Диана. Враг империи</title>
</book>
<book>
	<filename>ugolnikov_k/ugolnikov_k_amerikanskii_buldog.fb2.zip</filename>
	<title> Угольников К. В. Американский бульдог</title>
</book>
<book>
	<filename>ugryumov_vladimir/ugryumov_vladimir_boec_moskovskii_voyazh.fb2.zip</filename>
	<title> Угрюмов Владимир. Боец. Московский вояж</title>
</book>
<book>
	<filename>ugryumov_vladimir/ugryumov_vladimir_boec_oborotni.fb2.zip</filename>
	<title> Угрюмов Владимир. Боец. Оборотни</title>
</book>
<book>
	<filename>uhanova_irina/uhanova_irina_griby_rossii.fb2.zip</filename>
	<title> Уханова Ирина Александровна. Грибы России</title>
</book>
<book>
	<filename>uilson_kara/uilson_kara_perekrestok_sudby.fb2.zip</filename>
	<title> Уилсон Кара. Перекресток судьбы</title>
</book>
<book>
	<filename>ulanov_andrei/ulanov_andrei_den_revolvera.fb2.zip</filename>
	<title> Уланов Андрей. День револьвера</title>
</book>
<book>
	<filename>ulanov_andrei/ulanov_andrei_krysolov.fb2.zip</filename>
	<title> Уланов Андрей. Крысолов</title>
</book>
<book>
	<filename>ulanov_andrei/ulanov_andrei_noch_dlya_rybalki.fb2.zip</filename>
	<title> Уланов Андрей. Ночь для рыбалки</title>
</book>
<book>
	<filename>ulanov_andrei/ulanov_andrei_plyus_na_minus.fb2.zip</filename>
	<title> Уланов Андрей. Плюс на минус</title>
</book>
<book>
	<filename>ulanov_andrei/ulanov_andrei_vneshnost_obmanchiva.fb2.zip</filename>
	<title> Уланов Андрей. Внешность обманчива</title>
</book>
<book>
	<filename>ulanov_andrei/ulanov_andrei_zapiski_iz_obgoreloi_tetradki.fb2.zip</filename>
	<title> Уланов Андрей. Записки из обгорелой тетрадки</title>
</book>
<book>
	<filename>ulickaya_lyudmila/ulickaya_lyudmila_bednaya_schastlivaya_kolyvanova.fb2.zip</filename>
	<title> Улицкая Людмила Евгеньевна. Бедная счастливая Колыванова</title>
</book>
<book>
	<filename>ulickaya_lyudmila/ulickaya_lyudmila_bednye_rodstvenniki.fb2.zip</filename>
	<title> Улицкая Людмила Евгеньевна. Бедные родственники</title>
</book>
<book>
	<filename>ulickaya_lyudmila/ulickaya_lyudmila_bolshaya_dama_s_malenkoi_sobachkoi.fb2.zip</filename>
	<title> Улицкая Людмила Евгеньевна. Большая дама с маленькой собачкой</title>
</book>
<book>
	<filename>ulickaya_lyudmila/ulickaya_lyudmila_brat_yurochka.fb2.zip</filename>
	<title> Улицкая Людмила Евгеньевна. Брат Юрочка</title>
</book>
<book>
	<filename>ulickaya_lyudmila/ulickaya_lyudmila_bronka.fb2.zip</filename>
	<title> Улицкая Людмила Евгеньевна. Бронька</title>
</book>
<book>
	<filename>ulickaya_lyudmila/ulickaya_lyudmila_bumazhnaya_pobeda.fb2.zip</filename>
	<title> Улицкая Людмила Евгеньевна. Бумажная победа</title>
</book>
<book>
	<filename>ulickaya_lyudmila/ulickaya_lyudmila_chuzhie_deti.fb2.zip</filename>
	<title> Улицкая Людмила Евгеньевна. Чужие дети</title>
</book>
<book>
	<filename>ulickaya_lyudmila/ulickaya_lyudmila_cyuyurih.fb2.zip</filename>
	<title> Улицкая Людмила Евгеньевна. Цю-юрихь</title>
</book>
<book>
	<filename>ulickaya_lyudmila/ulickaya_lyudmila_dalmatinec.fb2.zip</filename>
	<title> Улицкая Людмила Евгеньевна. Далматинец</title>
</book>
<book>
	<filename>ulickaya_lyudmila/ulickaya_lyudmila_dar_nerukotvornyi.fb2.zip</filename>
	<title> Улицкая Людмила Евгеньевна. Дар нерукотворный</title>
</book>
<book>
	<filename>ulickaya_lyudmila/ulickaya_lyudmila_dedsheptun.fb2.zip</filename>
	<title> Улицкая Людмила Евгеньевна. Дед-шептун</title>
</book>
<book>
	<filename>ulickaya_lyudmila/ulickaya_lyudmila_dezertir.fb2.zip</filename>
	<title> Улицкая Людмила Евгеньевна. Дезертир</title>
</book>
<book>
	<filename>ulickaya_lyudmila/ulickaya_lyudmila_diana.fb2.zip</filename>
	<title> Улицкая Людмила Евгеньевна. Диана</title>
</book>
<book>
	<filename>ulickaya_lyudmila/ulickaya_lyudmila_doch_buhary.fb2.zip</filename>
	<title> Улицкая Людмила Евгеньевна. Дочь Бухары</title>
</book>
<book>
	<filename>ulickaya_lyudmila/ulickaya_lyudmila_dorozhnyi_angel.fb2.zip</filename>
	<title> Улицкая Людмила Евгеньевна. Дорожный ангел</title>
</book>
<book>
	<filename>ulickaya_lyudmila/ulickaya_lyudmila_finist_yasnyi_sokol.fb2.zip</filename>
	<title> Улицкая Людмила Евгеньевна. Финист Ясный Сокол</title>
</book>
<book>
	<filename>ulickaya_lyudmila/ulickaya_lyudmila_francisk_assizskii_dva_v_odnom.fb2.zip</filename>
	<title> Улицкая Людмила Евгеньевна. Франциск Ассизский: два в одном</title>
</book>
<book>
	<filename>ulickaya_lyudmila/ulickaya_lyudmila_frukt_gollandskii.fb2.zip</filename>
	<title> Улицкая Людмила Евгеньевна. Фрукт голландский</title>
</book>
<book>
	<filename>ulickaya_lyudmila/ulickaya_lyudmila_genelesumochnica.fb2.zip</filename>
	<title> Улицкая Людмила Евгеньевна. Генеле-сумочница</title>
</book>
<book>
	<filename>ulickaya_lyudmila/ulickaya_lyudmila_golubchik.fb2.zip</filename>
	<title> Улицкая Людмила Евгеньевна. Голубчик</title>
</book>
<book>
	<filename>ulickaya_lyudmila/ulickaya_lyudmila_gudautskie_grushi.fb2.zip</filename>
	<title> Улицкая Людмила Евгеньевна. Гудаутские груши</title>
</book>
<book>
	<filename>ulickaya_lyudmila/ulickaya_lyudmila_gulya.fb2.zip</filename>
	<title> Улицкая Людмила Евгеньевна. Гуля</title>
</book>
<book>
	<filename>ulickaya_lyudmila/ulickaya_lyudmila_gvozdi.fb2.zip</filename>
	<title> Улицкая Людмила Евгеньевна. Гвозди</title>
</book>
<book>
	<filename>ulickaya_lyudmila/ulickaya_lyudmila_iskusstvo_zhit.fb2.zip</filename>
	<title> Улицкая Людмила Евгеньевна. Искусство жить</title>
</book>
<book>
	<filename>ulickaya_lyudmila/ulickaya_lyudmila_istorii_pro_zverei_i_lyudei_sbornik.fb2.zip</filename>
	<title> Улицкая Людмила Евгеньевна. Истории про зверей и людей (сборник)</title>
</book>
<book>
	<filename>ulickaya_lyudmila/ulickaya_lyudmila_istoriya_o_starike_kulebyakine_plaksivoi_kobyle_mile_i_zherebenke_ravkine.fb2.zip</filename>
	<title> Улицкая Людмила Евгеньевна. История о старике Кулебякине, плаксивой кобыле Миле и жеребенке Равкине</title>
</book>
<book>
	<filename>ulickaya_lyudmila/ulickaya_lyudmila_istoriya_pro_kota_ignasiya_trubochista_fedyu_i_odinokuyu_mysh.fb2.zip</filename>
	<title> Улицкая Людмила Евгеньевна. История про кота Игнасия, трубочиста Федю и Одинокую Мышь</title>
</book>
<book>
	<filename>ulickaya_lyudmila/ulickaya_lyudmila_istoriya_pro_vorobya_antverpena_kota_miheeva_stoletnika_vasyu_i_sorokonozhku_mariyu_semenovnu_s_semei.fb2.zip</filename>
	<title> Улицкая Людмила Евгеньевна. История про воробья Антверпена, кота Михеева, столетника Васю и сороконожку Марию Семеновну с семьей</title>
</book>
<book>
	<filename>ulickaya_lyudmila/ulickaya_lyudmila_i_umerli_v_odin_den.fb2.zip</filename>
	<title> Улицкая Людмила Евгеньевна. ...И умерли в один день</title>
</book>
<book>
	<filename>ulickaya_lyudmila/ulickaya_lyudmila_kapustnoe_chudo.fb2.zip</filename>
	<title> Улицкая Людмила Евгеньевна. Капустное чудо</title>
</book>
<book>
	<filename>ulickaya_lyudmila/ulickaya_lyudmila_karpaty_uzhgorod.fb2.zip</filename>
	<title> Улицкая Людмила Евгеньевна. Карпаты, Ужгород</title>
</book>
<book>
	<filename>ulickaya_lyudmila/ulickaya_lyudmila_kimono.fb2.zip</filename>
	<title> Улицкая Людмила Евгеньевна. Кимоно</title>
</book>
<book>
	<filename>ulickaya_lyudmila/ulickaya_lyudmila_konec_syuzheta.fb2.zip</filename>
	<title> Улицкая Людмила Евгеньевна. Конец сюжета</title>
</book>
<book>
	<filename>ulickaya_lyudmila/ulickaya_lyudmila_koridornaya_sistema.fb2.zip</filename>
	<title> Улицкая Людмила Евгеньевна. Коридорная система</title>
</book>
<book>
	<filename>ulickaya_lyudmila/ulickaya_lyudmila_korotkoe_zamykanie.fb2.zip</filename>
	<title> Улицкая Людмила Евгеньевна. Короткое замыкание</title>
</book>
<book>
	<filename>ulickaya_lyudmila/ulickaya_lyudmila_korovya_noga.fb2.zip</filename>
	<title> Улицкая Людмила Евгеньевна. Коровья нога</title>
</book>
<book>
	<filename>ulickaya_lyudmila/ulickaya_lyudmila_koshka_bolshoi_krasoty.fb2.zip</filename>
	<title> Улицкая Людмила Евгеньевна. Кошка большой красоты</title>
</book>
<book>
	<filename>ulickaya_lyudmila/ulickaya_lyudmila_lyalin_dom.fb2.zip</filename>
	<title> Улицкая Людмила Евгеньевна. Лялин дом</title>
</book>
<book>
	<filename>ulickaya_lyudmila/ulickaya_lyudmila_lyudi_nashego_carya.fb2.zip</filename>
	<title> Улицкая Людмила Евгеньевна. Люди нашего царя</title>
</book>
<book>
	<filename>ulickaya_lyudmila/ulickaya_lyudmila_lyudi_nashego_carya_sbornik.fb2.zip</filename>
	<title> Улицкая Людмила Евгеньевна. Люди нашего царя (сборник)</title>
</book>
<book>
	<filename>ulickaya_lyudmila/ulickaya_lyudmila_menazh_a_trua.fb2.zip</filename>
	<title> Улицкая Людмила Евгеньевна. Менаж а труа</title>
</book>
<book>
	<filename>ulickaya_lyudmila/ulickaya_lyudmila_moi_lyubimyi_arab.fb2.zip</filename>
	<title> Улицкая Людмила Евгеньевна. Мой любимый араб</title>
</book>
<book>
	<filename>ulickaya_lyudmila/ulickaya_lyudmila_moi_vnuk_veniamin.fb2.zip</filename>
	<title> Улицкая Людмила Евгеньевна. Мой внук Вениамин</title>
</book>
<book>
	<filename>ulickaya_lyudmila/ulickaya_lyudmila_moskvapodrezkovo_1992.fb2.zip</filename>
	<title> Улицкая Людмила Евгеньевна. Москва-Подрезково. 1992</title>
</book>
<book>
	<filename>ulickaya_lyudmila/ulickaya_lyudmila_narod_izbrannyi.fb2.zip</filename>
	<title> Улицкая Людмила Евгеньевна. Народ избранный</title>
</book>
<book>
	<filename>ulickaya_lyudmila/ulickaya_lyudmila_obshii_vagon.fb2.zip</filename>
	<title> Улицкая Людмила Евгеньевна. Общий вагон</title>
</book>
<book>
	<filename>ulickaya_lyudmila/ulickaya_lyudmila_o_manon.fb2.zip</filename>
	<title> Улицкая Людмила Евгеньевна. О, Манон!</title>
</book>
<book>
	<filename>ulickaya_lyudmila/ulickaya_lyudmila_oni_zhili_dolgo.fb2.zip</filename>
	<title> Улицкая Людмила Евгеньевна. Они жили долго</title>
</book>
<book>
	<filename>ulickaya_lyudmila/ulickaya_lyudmila_orlovysokolovy.fb2.zip</filename>
	<title> Улицкая Людмила Евгеньевна. Орловы-Соколовы</title>
</book>
<book>
	<filename>ulickaya_lyudmila/ulickaya_lyudmila_perlovyi_sup.fb2.zip</filename>
	<title> Улицкая Людмила Евгеньевна. Перловый суп</title>
</book>
<book>
	<filename>ulickaya_lyudmila/ulickaya_lyudmila_pevchaya_masha.fb2.zip</filename>
	<title> Улицкая Людмила Евгеньевна. Певчая Маша</title>
</book>
<book>
	<filename>ulickaya_lyudmila/ulickaya_lyudmila_pikovaya_dama.fb2.zip</filename>
	<title> Улицкая Людмила Евгеньевна. Пиковая Дама</title>
</book>
<book>
	<filename>ulickaya_lyudmila/ulickaya_lyudmila_pisatelskaya_doch.fb2.zip</filename>
	<title> Улицкая Людмила Евгеньевна. Писательская дочь</title>
</book>
<book>
	<filename>ulickaya_lyudmila/ulickaya_lyudmila_podkidysh.fb2.zip</filename>
	<title> Улицкая Людмила Евгеньевна. Подкидыш</title>
</book>
<book>
	<filename>ulickaya_lyudmila/ulickaya_lyudmila_poslednee.fb2.zip</filename>
	<title> Улицкая Людмила Евгеньевна. Последнее</title>
</book>
<book>
	<filename>ulickaya_lyudmila/ulickaya_lyudmila_poslednyaya_nedelya.fb2.zip</filename>
	<title> Улицкая Людмила Евгеньевна. Последняя неделя</title>
</book>
<book>
	<filename>ulickaya_lyudmila/ulickaya_lyudmila_pristavnaya_lestnica.fb2.zip</filename>
	<title> Улицкая Людмила Евгеньевна. Приставная лестница</title>
</book>
<book>
	<filename>ulickaya_lyudmila/ulickaya_lyudmila_put_osla.fb2.zip</filename>
	<title> Улицкая Людмила Евгеньевна. Путь осла</title>
</book>
<book>
	<filename>ulickaya_lyudmila/ulickaya_lyudmila_rasskazy_avtorskii_sbornik.fb2.zip</filename>
	<title> Улицкая Людмила Евгеньевна. Рассказы (авторский сборник)</title>
</book>
<book>
	<filename>ulickaya_lyudmila/ulickaya_lyudmila_russkoe_varene.fb2.zip</filename>
	<title> Улицкая Людмила Евгеньевна. Русское варенье</title>
</book>
<book>
	<filename>ulickaya_lyudmila/ulickaya_lyudmila_schastlivye.fb2.zip</filename>
	<title> Улицкая Людмила Евгеньевна. Счастливые</title>
</book>
<book>
	<filename>ulickaya_lyudmila/ulickaya_lyudmila_schastlivyi_sluchai.fb2.zip</filename>
	<title> Улицкая Людмила Евгеньевна. Счастливый случай</title>
</book>
<book>
	<filename>ulickaya_lyudmila/ulickaya_lyudmila_semero_svyatyh_iz_derevni_bryuho.fb2.zip</filename>
	<title> Улицкая Людмила Евгеньевна. Семеро святых из деревни Брюхо</title>
</book>
<book>
	<filename>ulickaya_lyudmila/ulickaya_lyudmila_starshii_syn.fb2.zip</filename>
	<title> Улицкая Людмила Евгеньевна. Старший сын</title>
</book>
<book>
	<filename>ulickaya_lyudmila/ulickaya_lyudmila_strashnaya_dorozhnaya_istoriya.fb2.zip</filename>
	<title> Улицкая Людмила Евгеньевна. Страшная дорожная история</title>
</book>
<book>
	<filename>ulickaya_lyudmila/ulickaya_lyudmila_syn_blagorodnyh_roditelei.fb2.zip</filename>
	<title> Улицкая Людмила Евгеньевна. Сын благородных родителей</title>
</book>
<book>
	<filename>ulickaya_lyudmila/ulickaya_lyudmila_tak_napisano.fb2.zip</filename>
	<title> Улицкая Людмила Евгеньевна. Так написано</title>
</book>
<book>
	<filename>ulickaya_lyudmila/ulickaya_lyudmila_telo_krasavicy.fb2.zip</filename>
	<title> Улицкая Людмила Евгеньевна. Тело красавицы</title>
</book>
<book>
	<filename>ulickaya_lyudmila/ulickaya_lyudmila_tom.fb2.zip</filename>
	<title> Улицкая Людмила Евгеньевна. Том</title>
</book>
<book>
	<filename>ulickaya_lyudmila/ulickaya_lyudmila_ustanovlenie_otcovstva.fb2.zip</filename>
	<title> Улицкая Людмила Евгеньевна. Установление отцовства</title>
</book>
<book>
	<filename>ulickaya_lyudmila/ulickaya_lyudmila_utka.fb2.zip</filename>
	<title> Улицкая Людмила Евгеньевна. Утка</title>
</book>
<book>
	<filename>ulickaya_lyudmila/ulickaya_lyudmila_velikii_uchitel.fb2.zip</filename>
	<title> Улицкая Людмила Евгеньевна. Великий учитель</title>
</book>
<book>
	<filename>ulickaya_lyudmila/ulickaya_lyudmila_vetryanaya_ospa.fb2.zip</filename>
	<title> Улицкая Людмила Евгеньевна. Ветряная оспа</title>
</book>
<book>
	<filename>ulickaya_lyudmila/ulickaya_lyudmila_voskovaya_utochka.fb2.zip</filename>
	<title> Улицкая Людмила Евгеньевна. Восковая уточка</title>
</book>
<book>
	<filename>ulickaya_lyudmila/ulickaya_lyudmila_vtoroe_lico.fb2.zip</filename>
	<title> Улицкая Людмила Евгеньевна. Второе лицо</title>
</book>
<book>
	<filename>ulickaya_lyudmila/ulickaya_lyudmila_vtorogo_marta_togo_zhe_goda.fb2.zip</filename>
	<title> Улицкая Людмила Евгеньевна. Второго марта того же года</title>
</book>
<book>
	<filename>ulickaya_lyudmila/ulickaya_lyudmila_yavlenie_prirody.fb2.zip</filename>
	<title> Улицкая Людмила Евгеньевна. Явление природы</title>
</book>
<book>
	<filename>ulickaya_lyudmila/ulickaya_lyudmila_za_chto_i_dlya_chego.fb2.zip</filename>
	<title> Улицкая Людмила Евгеньевна. За что и для чего</title>
</book>
<book>
	<filename>ulickaya_lyudmila/ulickaya_lyudmila_zatychka.fb2.zip</filename>
	<title> Улицкая Людмила Евгеньевна. Затычка</title>
</book>
<book>
	<filename>ulickaya_lyudmila/ulickaya_lyudmila_zhenshiny_russkih_selenii.fb2.zip</filename>
	<title> Улицкая Людмила Евгеньевна. Женщины русских селений</title>
</book>
<book>
	<filename>ulyanova_irina/ulyanova_irina_lechenie_vodkoi_i_samogonom.fb2.zip</filename>
	<title> Ульянова Ирина Ильинична. Лечение водкой и самогоном</title>
</book>
<book>
	<filename>ulyanova_irina/ulyanova_irina_razdelnoe_pitanie_pravilnyi_vybor.fb2.zip</filename>
	<title> Ульянова Ирина Ильинична. Раздельное питание. Правильный выбор</title>
</book>
<book>
	<filename>ulyanova_irina/ulyanova_irina_seksualnoe_zdorove_muzhchiny_i_zhenshiny_yeffektivnye_metody_lecheniya_i_profilaktika_zabolevanii.fb2.zip</filename>
	<title> Ульянова Ирина Ильинична. Сексуальное здоровье мужчины и женщины. Эффективные методы лечения и профилактика заболеваний</title>
</book>
<book>
	<filename>ulyanova_irina/ulyanova_irina_shungit_volshebnyi_kamen_zdorovya.fb2.zip</filename>
	<title> Ульянова Ирина Ильинична. Шунгит – волшебный камень здоровья</title>
</book>
<book>
	<filename>ulyanova_irina/ulyanova_irina_zalivnye_blyuda_holodec.fb2.zip</filename>
	<title> Ульянова Ирина Ильинична. Заливные блюда. Холодец</title>
</book>
<book>
	<filename>ulyanova_lidiya/ulyanova_lidiya_ubiistvo_devushku_ne_krasit.fb2.zip</filename>
	<title> Ульянова Лидия. Убийство девушку не красит</title>
</book>
<book>
	<filename>ulybina_yuliya/ulybina_yuliya_derevyaceliteli.fb2.zip</filename>
	<title> Улыбина Юлия Николаевна. Деревья-целители</title>
</book>
<book>
	<filename>ulybina_yuliya/ulybina_yuliya_dieta_na_kefire_i_prostokvashe.fb2.zip</filename>
	<title> Улыбина Юлия Николаевна. Диета на кефире и простокваше</title>
</book>
<book>
	<filename>ulybina_yuliya/ulybina_yuliya_kak_kontrolirovat_svoi_yemocii.fb2.zip</filename>
	<title> Улыбина Юлия Николаевна. Как контролировать свои эмоции</title>
</book>
<book>
	<filename>ulybina_yuliya/ulybina_yuliya_lyubov_i_vashe_zdorove.fb2.zip</filename>
	<title> Улыбина Юлия Николаевна. Любовь и ваше здоровье</title>
</book>
<book>
	<filename>ulybina_yuliya/ulybina_yuliya_lyubov_kotoraya_vas_razoryaet.fb2.zip</filename>
	<title> Улыбина Юлия Николаевна. Любовь, которая вас разоряет</title>
</book>
<book>
	<filename>ulybina_yuliya/ulybina_yuliya_pitanie_i_dieta_dlya_macho.fb2.zip</filename>
	<title> Улыбина Юлия Николаевна. Питание и диета для мачо</title>
</book>
<book>
	<filename>ulybina_yuliya/ulybina_yuliya_universalnyi_semeinyi_sonnik.fb2.zip</filename>
	<title> Улыбина Юлия Николаевна. Универсальный семейный сонник</title>
</book>
<book>
	<filename>ulybina_yuliya/ulybina_yuliya_zolotoi_us_lechebnoe_pitanie.fb2.zip</filename>
	<title> Улыбина Юлия Николаевна. Золотой ус. Лечебное питание</title>
</book>
<book>
	<filename>ulybina_yuliya/ulybina_yuliya_zolotoi_us_lechenie_i_profilaktika_prostudnyh_zabolevanii.fb2.zip</filename>
	<title> Улыбина Юлия Николаевна. Золотой ус. Лечение и профилактика простудных заболеваний</title>
</book>
<book>
	<filename>uoker_norman/uoker_norman_lechenie_sokami.fb2.zip</filename>
	<title> Уокер Норман. Лечение соками</title>
</book>
<book>
	<filename>uoldo_yedvard/uoldo_yedvard_raketa_myausa.fb2.zip</filename>
	<title> Уолдо Эдвард Гамильтон. Ракета Мяуса</title>
</book>
<book>
	<filename>uolles_kris/uolles_kris_celitelnye_travy_dlya_zhenskogo_zdorovya.fb2.zip</filename>
	<title> Уоллес Крис. Целительные травы для женского здоровья</title>
</book>
<book>
	<filename>uolton_brais/uolton_brais_zhenshina_kotoraya_hotela_zhit.fb2.zip</filename>
	<title> Уолтон Брайс. Женщина, которая хотела жить</title>
</book>
<book>
	<filename>usacheva_elena/usacheva_elena_bliznecy_v_poiskah_polovinki.fb2.zip</filename>
	<title> Усачева Елена Александровна. Близнецы. В поисках половинки</title>
</book>
<book>
	<filename>usacheva_elena/usacheva_elena_bolshaya_kniga_priklyuchenii_dlya_malenkih_princess_sbornik.fb2.zip</filename>
	<title> Усачева Елена Александровна. Большая книга приключений для маленьких принцесс (сборник)</title>
</book>
<book>
	<filename>usacheva_elena/usacheva_elena_bolshaya_kniga_uzhasov_2.fb2.zip</filename>
	<title> Усачева Елена Александровна. Большая книга ужасов – 2</title>
</book>
<book>
	<filename>usacheva_elena/usacheva_elena_bolshaya_kniga_uzhasov2.fb2.zip</filename>
	<title> Усачева Елена Александровна. Большая книга ужасов-2</title>
</book>
<book>
	<filename>usacheva_elena/usacheva_elena_den_ispolneniya_zhelanii.fb2.zip</filename>
	<title> Усачева Елена Александровна. День исполнения желаний</title>
</book>
<book>
	<filename>usacheva_elena/usacheva_elena_dlya_stilnyh_devchonok_i_ne_tolko_nastolnaya_kniga_po_zhizni.fb2.zip</filename>
	<title> Усачева Елена Александровна. Для стильных девчонок и... не только. Настольная книга по жизни</title>
</book>
<book>
	<filename>usacheva_elena/usacheva_elena_kak_ustroit_supervecherinku.fb2.zip</filename>
	<title> Усачева Елена Александровна. Как устроить супервечеринку!</title>
</book>
<book>
	<filename>usacheva_elena/usacheva_elena_kanikuly_lyubvi.fb2.zip</filename>
	<title> Усачева Елена Александровна. Каникулы любви</title>
</book>
<book>
	<filename>usacheva_elena/usacheva_elena_kozerog_serdce_ledyanoi_princessy.fb2.zip</filename>
	<title> Усачева Елена Александровна. Козерог. Сердце ледяной принцессы</title>
</book>
<book>
	<filename>usacheva_elena/usacheva_elena_lekarstvo_ot_illyuzii.fb2.zip</filename>
	<title> Усачева Елена Александровна. Лекарство от иллюзий</title>
</book>
<book>
	<filename>usacheva_elena/usacheva_elena_leto_moih_nadezhd.fb2.zip</filename>
	<title> Усачева Елена Александровна. Лето моих надежд</title>
</book>
<book>
	<filename>usacheva_elena/usacheva_elena_moi_luchshii_roman.fb2.zip</filename>
	<title> Усачева Елена Александровна. Мой лучший роман</title>
</book>
<book>
	<filename>usacheva_elena/usacheva_elena_ne_vremya_dlya_shutok.fb2.zip</filename>
	<title> Усачева Елена Александровна. Не время для шуток</title>
</book>
<book>
	<filename>usacheva_elena/usacheva_elena_noch_otkrytyh_dverei.fb2.zip</filename>
	<title> Усачева Елена Александровна. Ночь открытых дверей</title>
</book>
<book>
	<filename>usacheva_elena/usacheva_elena_princessa_na_belom_kone.fb2.zip</filename>
	<title> Усачева Елена Александровна. Принцесса на белом коне</title>
</book>
<book>
	<filename>usacheva_elena/usacheva_elena_prizrak_ivana_groznogo.fb2.zip</filename>
	<title> Усачева Елена Александровна. Призрак Ивана Грозного</title>
</book>
<book>
	<filename>usacheva_elena/usacheva_elena_proklyatie_volchei_buhty.fb2.zip</filename>
	<title> Усачева Елена Александровна. Проклятие Волчьей бухты</title>
</book>
<book>
	<filename>usacheva_elena/usacheva_elena_pyatnica_game_over.fb2.zip</filename>
	<title> Усачева Елена Александровна. Пятница – game over</title>
</book>
<book>
	<filename>usacheva_elena/usacheva_elena_rycar_na_konkah.fb2.zip</filename>
	<title> Усачева Елена Александровна. Рыцарь на коньках</title>
</book>
<book>
	<filename>usacheva_elena/usacheva_elena_shkatulka_s_nepriyatnostyami.fb2.zip</filename>
	<title> Усачева Елена Александровна. Шкатулка с неприятностями</title>
</book>
<book>
	<filename>usacheva_elena/usacheva_elena_tri_zhelaniya_dlya_zolotoi_rybki.fb2.zip</filename>
	<title> Усачева Елена Александровна. Три желания для золотой рыбки</title>
</book>
<book>
	<filename>usacheva_elena/usacheva_elena_virus_lyubvi.fb2.zip</filename>
	<title> Усачева Елена Александровна. Вирус любви</title>
</book>
<book>
	<filename>usacheva_elena/usacheva_elena_vlechenie.fb2.zip</filename>
	<title> Усачева Елена Александровна. Влечение</title>
</book>
<book>
	<filename>usacheva_elena/usacheva_elena_vsadniki_proklyatogo_lesa.fb2.zip</filename>
	<title> Усачева Елена Александровна. Всадники проклятого леса</title>
</book>
<book>
	<filename>usacheva_elena/usacheva_elena_zakon_populyarnosti.fb2.zip</filename>
	<title> Усачева Елена Александровна. Закон популярности</title>
</book>
<book>
	<filename>usacheva_m/usacheva_m_orfografiya_uchebnometodicheskoe_posobie_po_russkomu_yazyku.fb2.zip</filename>
	<title> Усачева М. П. Орфография. Учебно-методическое пособие по русскому языку</title>
</book>
<book>
	<filename>usacheva_m/usacheva_m_punktuaciya.fb2.zip</filename>
	<title> Усачева М. П. Пунктуация</title>
</book>
<book>
	<filename>usacheva_m/usacheva_m_stilistika_i_kultura_rechi_uchebnoe_posobie_po_russkomu_yazyku.fb2.zip</filename>
	<title> Усачева М. П. Стилистика и культура речи: учебное пособие по русскому языку</title>
</book>
<book>
	<filename>usov_anatolii/usov_anatolii_roman_s_polinoi.fb2.zip</filename>
	<title> Усов Анатолий. Роман с Полиной</title>
</book>
<book>
	<filename>uspenskii_boris/uspenskii_boris_krestnoe_znamenie_i_sakralnoe_prostranstvo_pochemu_pravoslavnye_krestyatsya_sprava_nalevo_a_katoliki_sleva_napravo.fb2.zip</filename>
	<title> Успенский Борис Андреевич. Крестное знамение и сакральное пространство: Почему православные крестятся справа налево, а католики – слева направо</title>
</book>
<book>
	<filename>uspenskii_mihail/uspenskii_mihail_bolezn.fb2.zip</filename>
	<title> Успенский Михаил Глебович. Болезнь</title>
</book>
<book>
	<filename>uspenskii_mihail/uspenskii_mihail_chugunnyi_vsadnik.fb2.zip</filename>
	<title> Успенский Михаил Глебович. Чугунный Всадник</title>
</book>
<book>
	<filename>uspenskii_mihail/uspenskii_mihail_deficit_vtorogo_sorta.fb2.zip</filename>
	<title> Успенский Михаил Глебович. Дефицит второго сорта</title>
</book>
<book>
	<filename>uspenskii_mihail/uspenskii_mihail_dorogoi_tovarish_korol.fb2.zip</filename>
	<title> Успенский Михаил Глебович. Дорогой товарищ король</title>
</book>
<book>
	<filename>uspenskii_mihail/uspenskii_mihail_durnoi_glaz.fb2.zip</filename>
	<title> Успенский Михаил Глебович. Дурной глаз</title>
</book>
<book>
	<filename>uspenskii_mihail/uspenskii_mihail_iskushenie.fb2.zip</filename>
	<title> Успенский Михаил Глебович. Искушение</title>
</book>
<book>
	<filename>uspenskii_mihail/uspenskii_mihail_krasnye_pomidory.fb2.zip</filename>
	<title> Успенский Михаил Глебович. Красные помидоры</title>
</book>
<book>
	<filename>uspenskii_mihail/uspenskii_mihail_legenda_kryma.fb2.zip</filename>
	<title> Успенский Михаил Глебович. Легенда Крыма</title>
</book>
<book>
	<filename>uspenskii_mihail/uspenskii_mihail_lyubovnyi_napitok.fb2.zip</filename>
	<title> Успенский Михаил Глебович. Любовный напиток</title>
</book>
<book>
	<filename>uspenskii_mihail/uspenskii_mihail_nechestnaya_devushka.fb2.zip</filename>
	<title> Успенский Михаил Глебович. Нечестная девушка</title>
</book>
<book>
	<filename>uspenskii_mihail/uspenskii_mihail_nerasskazannyi_son.fb2.zip</filename>
	<title> Успенский Михаил Глебович. Нерассказанный сон</title>
</book>
<book>
	<filename>uspenskii_mihail/uspenskii_mihail_portret.fb2.zip</filename>
	<title> Успенский Михаил Глебович. Портрет</title>
</book>
<book>
	<filename>uspenskii_mihail/uspenskii_mihail_prevrashenie_ii.fb2.zip</filename>
	<title> Успенский Михаил Глебович. Превращение II</title>
</book>
<book>
	<filename>uspenskii_mihail/uspenskii_mihail_pro_shishmareva_da_gapeeva.fb2.zip</filename>
	<title> Успенский Михаил Глебович. Про Шишмарева да Гапеева</title>
</book>
<book>
	<filename>uspenskii_mihail/uspenskii_mihail_raiskaya_mashina.fb2.zip</filename>
	<title> Успенский Михаил Глебович. Райская машина</title>
</book>
<book>
	<filename>uspenskii_mihail/uspenskii_mihail_razmnozhenie_dokumentov.fb2.zip</filename>
	<title> Успенский Михаил Глебович. Размножение документов</title>
</book>
<book>
	<filename>uspenskii_mihail/uspenskii_mihail_ruka_v_ministerstve.fb2.zip</filename>
	<title> Успенский Михаил Глебович. Рука в министерстве</title>
</book>
<book>
	<filename>uspenskii_mihail/uspenskii_mihail_sem_razgovorov_v_atlantide.fb2.zip</filename>
	<title> Успенский Михаил Глебович. Семь разговоров в Атлантиде</title>
</book>
<book>
	<filename>uspenskii_mihail/uspenskii_mihail_shagi_komandora.fb2.zip</filename>
	<title> Успенский Михаил Глебович. Шаги командора</title>
</book>
<book>
	<filename>uspenskii_mihail/uspenskii_mihail_s_novoi_storony.fb2.zip</filename>
	<title> Успенский Михаил Глебович. С новой стороны</title>
</book>
<book>
	<filename>uspenskii_mihail/uspenskii_mihail_sol_ii.fb2.zip</filename>
	<title> Успенский Михаил Глебович. Соль II</title>
</book>
<book>
	<filename>uspenskii_mihail/uspenskii_mihail_solovi_poyut_zalivayutsya.fb2.zip</filename>
	<title> Успенский Михаил Глебович. Соловьи поют, заливаются</title>
</book>
<book>
	<filename>uspenskii_mihail/uspenskii_mihail_tri_holma_ohranyayushie_krai_sveta.fb2.zip</filename>
	<title> Успенский Михаил Глебович. Три холма, охраняющие край света</title>
</book>
<book>
	<filename>uspenskii_mihail/uspenskii_mihail_v_noch_s_pyatogo_na_desyatoe.fb2.zip</filename>
	<title> Успенский Михаил Глебович. В ночь с пятого на десятое</title>
</book>
<book>
	<filename>uspenskii_mihail/uspenskii_mihail_zhelanie_slavy.fb2.zip</filename>
	<title> Успенский Михаил Глебович. Желание славы</title>
</book>
<book>
	<filename>uspenskii_mihail/uspenskii_mihail_zoloto.fb2.zip</filename>
	<title> Успенский Михаил Глебович. Золото</title>
</book>
<book>
	<filename>uspenskii_yeduard/uspenskii_yeduard_skazochnye_povesti_i_stihi.fb2.zip</filename>
	<title> Успенский Эдуард Николаевич. Сказочные повести и стихи</title>
</book>
<book>
	<filename>uspenskii_yeduard/uspenskii_yeduard_sledstvie_vedut_kolobki.fb2.zip</filename>
	<title> Успенский Эдуард Николаевич. Следствие ведут колобки</title>
</book>
<book>
	<filename>uspenskii_yeduard/uspenskii_yeduard_stihi_i_skazki.fb2.zip</filename>
	<title> Успенский Эдуард Николаевич. Стихи и сказки</title>
</book>
<book>
	<filename>ustelimova_svetlana/ustelimova_svetlana_landshaftnyi_dizain.fb2.zip</filename>
	<title> Устелимова Светлана Владимировна. Ландшафтный дизайн</title>
</book>
<book>
	<filename>ustelimova_svetlana/ustelimova_svetlana_massazh_pri_gipertonii_i_gipotonii.fb2.zip</filename>
	<title> Устелимова Светлана Борисовна. Массаж при гипертонии и гипотонии</title>
</book>
<book>
	<filename>ustelimova_svetlana/ustelimova_svetlana_massazh_pri_zabolevaniyah_opornodvigatelnogo_apparata.fb2.zip</filename>
	<title> Устелимова Светлана Борисовна. Массаж при заболеваниях опорно-двигательного аппарата</title>
</book>
<book>
	<filename>ustimenko_tatyana/ustimenko_tatyana_doch_gospodnya.fb2.zip</filename>
	<title> Устименко Татьяна. Дочь Господня</title>
</book>
<book>
	<filename>ustinova_tatyana/ustinova_tatyana_angel_proletel.fb2.zip</filename>
	<title> Устинова Татьяна Витальевна. Ангел пролетел</title>
</book>
<book>
	<filename>ustinova_tatyana/ustinova_tatyana_chasy_s_sekretom.fb2.zip</filename>
	<title> Устинова Татьяна Витальевна. Часы с секретом</title>
</book>
<book>
	<filename>ustinova_tatyana/ustinova_tatyana_nikogda_ya_ne_byl_na_bosfore.fb2.zip</filename>
	<title> Устинова Татьяна Витальевна. Никогда я не был на Босфоре</title>
</book>
<book>
	<filename>ustinova_tatyana/ustinova_tatyana_ot_pervogo_do_poslednego_slova.fb2.zip</filename>
	<title> Устинова Татьяна Витальевна. От первого до последнего слова</title>
</book>
<book>
	<filename>ustinova_tatyana/ustinova_tatyana_u_menya_zazvonil_telefon.fb2.zip</filename>
	<title> Устинова Татьяна Витальевна. У меня зазвонил телефон</title>
</book>
<book>
	<filename>ustinova_tatyana/ustinova_tatyana_vot_tak_istoriya.fb2.zip</filename>
	<title> Устинова Татьяна Витальевна. Вот так история</title>
</book>
<book>
	<filename>ustinova_tatyana/ustinova_tatyana_zhizn_po_sluham_odna.fb2.zip</filename>
	<title> Устинова Татьяна Витальевна. Жизнь, по слухам, одна!</title>
</book>
<book>
	<filename>usvyatova_darya/usvyatova_darya_zagovory_donskoi_celitelnicy_na_dengi_zolotye_slovesa_hranitelei_kazachego_spasa.fb2.zip</filename>
	<title> Усвятова Дарья. Заговоры донской целительницы на деньги. Золотые словеса хранителей Казачьего Спаса</title>
</book>
<book>
	<filename>usvyatova_darya/usvyatova_darya_zagovory_donskoi_celitelnicy_na_izbavlenie_ot_boleznei_na_dengi_i_blagopoluchie_tainoe_znanie_kazachego_dona.fb2.zip</filename>
	<title> Усвятова Дарья. Заговоры донской целительницы на избавление от болезней, на деньги и благополучие. Тайное знание Казачьего Дона</title>
</book>
<book>
	<filename>usvyatova_darya/usvyatova_darya_zagovory_donskoi_celitelnicy_na_udachu_zashitu_ot_nevzgod_porchi_i_sglaza.fb2.zip</filename>
	<title> Усвятова Дарья. Заговоры донской целительницы на удачу, защиту от невзгод, порчи и сглаза</title>
</book>
<book>
	<filename>utkina_svetlana/utkina_svetlana_vosstanovlenie_buhgalterskogo_ucheta_ili_kak_reanimirovat_firmu.fb2.zip</filename>
	<title> Уткина Светлана Анатольевна. Восстановление бухгалтерского учета, или Как «реанимировать» фирму</title>
</book>
<book>
	<filename>utolin_konstantin/utolin_konstantin_voina_in.fb2.zip</filename>
	<title> Утолин Константин. Война Инь</title>
</book>
<book>
	<filename>uvarova_larisa/uvarova_larisa_buket_kaktusov.fb2.zip</filename>
	<title> Уварова Лариса. Букет кактусов</title>
</book>


</books>

