<?xml version="1.0" encoding="UTF-8"?>
<?xml-stylesheet type="text/xsl" href="../xsl/2query-form-column.xsl"?>
<xroot>
<xform id="340629" name="web_kat" pos="" title="Uzskaišu kategorijas">
<xrow type="block-form">
<xblock id="401089" name="pers_kat" navigable="1" pos="3" r_separator="#hr" title="Personas pamatdati">
<xrow type="ordinary1">
<xblock id="401097" name="pers_fio1" pos="8">
<xrow type="ordinary1">
<xblock id="401098" name="pers_v1" pos="1">
<xrow type="ordinary1">
<xfield cnv_case_r="U" cnv_mode="S" cnv_type="1" id="401099" maxlen="250" name="fam_v1" pos="1" showlen="25" textbefore="Uzvārds" visible="1"/>
<xfield cnv_case_r="U" cnv_mode="S" cnv_type="1" id="401103" maxlen="250" name="imj_v1" pos="2" showlen="20" textbefore="Vārds" visible="1"/>
</xrow>
<xrow type="br">
<xfield cnv_case_r="U" cnv_mode="S" cnv_type="1" id="401107" maxlen="250" name="otch_v1" pos="4" showlen="30" textbefore="Tēva vārds" visible="1"/>
</xrow>
</xblock>
</xrow>
<xrow info="block" type="ordinary2">
<xblock id="401111" name="pers_dati1" pos="2">
<xrow type="ordinary1">
<xfield cnv_case_r="U" cnv_mode="S" cnv_type="400" id="401113" maxlen="11" name="pkod2" pos="2" showlen="11" textbefore="Personas kods" visible="1"/>
</xrow>
<xrow type="br">
<xgroup id="401143" name="gr_dz_e" pos="10" type="range">
<xgroup d_format="dd.mm.gggg" format="124" id="401144" name="dz_e" pos="2" textbefore="Dzimšanas datums" type="date">
<xfield id="401147" maxlen="2" name="dz_dd" pos="4" rangepos="left" showlen="2" visible="1"/>
<xfield id="401148" maxlen="2" name="dz_mm" pos="5" rangepos="left" showlen="2" visible="1"/>
<xfield id="401149" maxlen="4" name="dz_gggg" pos="6" rangepos="left" showlen="4" visible="1"/>
</xgroup>
<xgroup d_format="dd.mm.gggg" format="124" id="401144" name="dz_e" pos="2" textbefore="Dzimšanas datums" type="date">
<xfield id="401147" maxlen="2" name="dz_dd" pos="4" rangepos="right" showlen="2" visible="1"/>
<xfield id="401148" maxlen="2" name="dz_mm" pos="5" rangepos="right" showlen="2" visible="1"/>
<xfield id="401149" maxlen="4" name="dz_gggg" pos="6" rangepos="right" showlen="4" visible="1"/>
</xgroup>
</xgroup>
</xrow>
</xblock>
</xrow>
<xrow info="block" type="ordinary2">
<xblock id="401150" name="pol" pos="3">
<xrow type="ordinary1">
<xfield id="401151" klass_type="1" list_type="1" maxlen="" name="dzimums" pos="1" showlen="20" spr="SL_KLASS_25" textbefore="Dzimums" visible="1"/>
</xrow>
</xblock>
</xrow>
</xblock>
</xrow>
<xrow info="field" type="ordinary2">
<xfield id="401186" klass_type="1" list_type="1" maxlen="" name="valsts" pos="9" showlen="20" spr="VALSTS_" textbefore="Valstiskā piederība" visible="1"/>
</xrow>
<xrow type="br">
<xfield id="401188" klass_type="1" list_type="1" maxlen="" name="pilson" pos="11" showlen="20" spr="SL_KLASS_72" textbefore="Valstiskās piederības veids" visible="1"/>
</xrow>
<xrow type="br">
<xgroup id="401190" name="mirs_dat_gr" pos="13" type="range">
<xfield d_format="dd.mm.gggg" format="124" id="401191" maxlen="10" name="mirs_dat" pos="2" rangepos="left" showlen="10" textbefore="Miršanas datums" visible="1" vld_type="d"/>
<xfield d_format="dd.mm.gggg" format="124" id="401191" maxlen="10" name="mirs_dat" pos="2" rangepos="right" showlen="10" textbefore="Miršanas datums" visible="1" vld_type="d"/>
</xgroup>
<xfield id="401193" maxlen="25" name="ser_num" pos="14" showlen="25" textbefore="Miršanas apliecības Nr." visible="1"/>
</xrow>
<xrow type="block-nobr">
<xblock id="401195" name="adr_pers5" navigable="1" numbered="1" pos="15" r_separator="#hr" sort="nvl(archive_stat,0)" tab_rows="1" title="Personas reģistrētā adrese">
<xrow type="ordinary1">
<xfield id="401201" maxlen="1" name="archive_stat" pos="9" showlen="1" textbefore="Statuss"/>
</xrow>
<xrow type="block-nobr">
<xblock id="401205" name="dz_adr" pos="11">
<xrow type="ordinary1">
<xfield id="401206" klass_type="1" list_type="1" maxlen="" name="valsts" pos="1" showlen="20" spr="VALSTS_" textbefore="Valsts" visible="1"/>
<xfield id="401208" klass_type="1" list_type="1" maxlen="" name="rajons" pos="2" showlen="20" spr="REG_NEW_" textbefore="Novads" visible="1"/>
</xrow>
<xrow type="br">
<xfield fill_1_mode="1" id="401210" klass_type="2" list_type="1" maxlen="" name="pilseta" pos="4" showlen="20" spr="CITY_NEW_" textbefore="Pilsēta/Pagasts" visible="1">
<mf src="z_401205_401208" type="field"/>
</xfield>
<xfield id="401212" klass_type="6" list_type="1" maxlen="" name="ciems" pos="5" showlen="20" spr="VILL_NEW_" textbefore="Ciems" visible="1">
<mf src="z_401205_401208" type="field"/>
<mf src="z_401205_401210" type="field"/>
</xfield>
</xrow>
<xrow type="br">
<xfield id="401214" maxlen="50" name="maja_text" pos="7" showlen="50" textbefore="Viensēta" visible="1"/>
</xrow>
<xrow type="br">
<xfield id="401216" klass_type="6" list_type="1" maxlen="" name="iela" pos="9" showlen="20" spr="STREET1_NEW_" textbefore="Iela" visible="1">
<mf src="z_401205_401210" type="field"/>
<mf src="z_401205_401212" type="field"/>
</xfield>
</xrow>
<xrow type="br">
<xfield abbr="m." id="401220" maxlen="11" name="maja" pos="12" showlen="8" textbefore="Māja" visible="1"/>
<xfield abbr="k." id="401224" maxlen="8" name="korpus" pos="13" showlen="8" textbefore="Korpuss" visible="1"/>
<xfield abbr="dz." id="401227" maxlen="11" name="dziv" pos="14" showlen="8" textbefore="Dzīvoklis" visible="1"/>
</xrow>
</xblock>
</xrow>
</xblock>
</xrow>
<xrow info="block" type="ordinary2">
<xblock id="401238" name="kat" navigable="1" pos="16" r_separator="#hr" title="Uzskaišu kategorijas">
<xrow type="ordinary1">
<xfield check="1" exact="3" id="401241" maxlen="" name="arx" pos="5" showlen="20" textbefore="IIS Arhīvs" u_value="nvl(archive_stat,'0')='0'" visible="1"/>
<xfield id="401252" klass_type="1" list_type="1" maxlen="" name="uzsk_kat_kod" pos="7" showlen="20" spr="SL_KLASS_73" textbefore="Kategorija" visible="1"/>
<xgroup id="401254" name="datums_no_gr" pos="8" type="range">
<xfield d_format="dd.mm.gggg" format="124" id="401255" maxlen="10" name="datums_no" pos="2" rangepos="left" showlen="10" textbefore="Uzskaitē ņemšanas/Lēmuma datums" visible="1" vld_type="d"/>
<xfield d_format="dd.mm.gggg" format="124" id="401255" maxlen="10" name="datums_no" pos="2" rangepos="right" showlen="10" textbefore="Uzskaitē ņemšanas/Lēmuma datums" visible="1" vld_type="d"/>
</xgroup>
<xfield id="401258" maxlen="30" name="kl_num" pos="10" showlen="30" textbefore="Uzskaites/Lietas numurs" visible="1"/>
<xfield id="401260" klass_type="3" list_type="0" maxlen="" name="iestade_kod" pos="11" showlen="20" spr="SL_KLASS_iestade" textbefore="Reģistrācijas/Lēmumpieņēmēj iestāde" visible="1"/>
<xfield id="403930" klass_type="1" list_type="1" maxlen="" name="valsts_kod" pos="12" showlen="20" spr="VALSTS_" textbefore="Ārvalsts" visible="1"/>
</xrow>
<xrow>
<xsep>Uzskaites lietu/Lēmumu sagatavoja</xsep>
</xrow>
<xrow type="aftersep">
<xfield id="401263" maxlen="34" name="sast_uzv1" pos="14" showlen="25" textbefore="Uzvārds" visible="1"/>
<xfield id="401266" maxlen="34" name="sast_var1" pos="15" showlen="20" textbefore="Vārds" visible="1"/>
<xfield id="401269" maxlen="100" name="sast_amats1" pos="16" showlen="25" textbefore="Amats" visible="1"/>
<xfield id="401272" maxlen="100" name="sast_kontakt1" pos="17" showlen="25" textbefore="Kontaktinf." visible="1"/>
</xrow>
<xrow>
<xsep>Atbildīgā amatpersona</xsep>
</xrow>
<xrow type="aftersep">
<xfield id="401276" maxlen="34" name="uzv" pos="19" showlen="25" textbefore="Uzvārds" visible="1"/>
<xfield id="401279" maxlen="34" name="var" pos="20" showlen="20" textbefore="Vārds" visible="1"/>
<xfield id="401282" maxlen="100" name="amats" pos="21" showlen="25" textbefore="Amats" visible="1"/>
<xfield id="401285" maxlen="100" name="kontakt" pos="22" showlen="25" textbefore="Kontaktinf." visible="1"/>
</xrow>
<xrow>
<xsep/>
</xrow>
<xrow type="aftersep">
<xgroup id="401288" name="partr_date_gr" pos="24" type="range">
<xfield d_format="dd.mm.gggg" format="124" id="401289" maxlen="10" name="partr_date" pos="2" rangepos="left" showlen="10" textbefore="Noņemts no uzskaites pirms termiņa" visible="1" vld_type="d"/>
<xfield d_format="dd.mm.gggg" format="124" id="401289" maxlen="10" name="partr_date" pos="2" rangepos="right" showlen="10" textbefore="Noņemts no uzskaites pirms termiņa" visible="1" vld_type="d"/>
</xgroup>
<xfield id="401291" klass_type="3" list_type="0" maxlen="" name="partr_iestade_kod" pos="25" showlen="20" spr="SL_KLASS_iestade" textbefore="Noņemšanas iestāde" visible="1"/>
<xfield id="403932" klass_type="1" list_type="1" maxlen="" name="partr_valsts_kod" pos="26" showlen="20" spr="VALSTS_" textbefore="Ārvalsts" visible="1"/>
</xrow>
<xrow>
<xsep/>
</xrow>
<xrow type="aftersep">
<xfield defvalue="^#  " id="401293" maxlen="" name="uzsk_kat_id" pos="28" showlen="20">^#</xfield>
</xrow>
<xrow type="block-nobr">
<xblock id="401294" name="kat_mat" pos="29">
<xrow type="ordinary1">
<xfield cnv_case_r="U" cnv_mode="S" cnv_type="14" id="401295" maxlen="20" name="numurs" pos="1" showlen="20" textbefore="Krimināllieta" visible="1"/>
<xgroup id="401297" name="datums_ieros_gr" pos="2" type="range">
<xfield d_format="dd.mm.gggg" format="124" id="401298" maxlen="10" name="datums_ieros" pos="2" rangepos="left" showlen="10" textbefore="Lietas datums" visible="1" vld_type="d"/>
<xfield d_format="dd.mm.gggg" format="124" id="401298" maxlen="10" name="datums_ieros" pos="2" rangepos="right" showlen="10" textbefore="Lietas datums" visible="1" vld_type="d"/>
</xgroup>
</xrow>
<xrow type="br">
<xgroup dotted="1" id="401300" name="reg_dat" pos="4" textbefore="Lietas datums (gggg.mm)" type="set">
<xfield id="401302" maxlen="4" name="reg_gg" pos="4" showlen="4" visible="1" vld_type="n"/>
<xfield id="401305" maxlen="2" name="reg_mm" pos="5" showlen="2" visible="1" vld_type="n"/>
</xgroup>
<xfield id="401308" klass_type="3" list_type="0" maxlen="" name="iestade_kod" pos="5" showlen="20" spr="SL_KLASS_iestade" textbefore="Iestāde k/l" visible="1"/>
</xrow>
</xblock>
</xrow>
<xrow info="block" type="ordinary2">
<xblock id="401310" name="s_pant_uzsk_kat" pos="30">
<xrow type="ordinary1">
<xblock id="401312" name="pant" pos="2">
<xrow type="ordinary1">
<xfield id="401313" klass_type="1" list_type="1" maxlen="" name="pant_veid_kod" pos="1" showlen="20" spr="SL_KLASS_71" textbefore="Kodeksa veids" visible="1"/>
<xgroup dotted="1" id="401315" name="pant_zime_dala_apdala" pos="2" textbefore="Pants, zīme, daļa, punkts" type="set">
<xfield id="401317" maxlen="5" name="pants" pos="4" showlen="5" visible="1"/>
<xfield id="401318" maxlen="5" name="zime" pos="5" showlen="5" visible="1"/>
<xfield id="401319" maxlen="5" name="dala" pos="6" showlen="5" visible="1"/>
<xfield id="401320" maxlen="5" name="apaks_dala" pos="7" showlen="5" visible="1"/>
</xgroup>
</xrow>
</xblock>
</xrow>
</xblock>
</xrow>
<xrow info="block" type="ordinary2">
<xblock id="401322" name="adr_nav" pos="31" title="Ierobežojumi/Uzliktie pienākumi un aizliegumi">
<xrow type="ordinary1">
<xfield c_value="adr_nav='1'" check="1" id="401324" maxlen="" name="q_adr_nav" pos="2" showlen="20" textbefore="Persona ir bez noteiktas dzīves vietas" visible="1"/>
<xfield id="401332" maxlen="" name="uzsk_kat_id" pos="4" showlen="20"/>
<xfield id="401333" maxlen="1000" name="piezimes" pos="5" showlen="60" textbefore="Piezīmes/ierobežojumi" visible="1"/>
</xrow>
</xblock>
</xrow>
<xrow info="block" type="ordinary2">
<xblock id="401336" name="adr_ogranich" navigable="1" numbered="1" pos="32" r_separator="#hr" sort="nvl(archive_stat,0)" tab_rows="1" title="Adrese/ierobežojumi">
<xrow type="ordinary1">
<xblock id="401344" name="dz_adr_ogranich" pos="10">
<xrow type="ordinary1">
<xfield id="401345" klass_type="1" list_type="1" maxlen="" name="valsts" pos="1" showlen="20" spr="VALSTS_" textbefore="Valsts" visible="0"/>
<xfield id="401347" klass_type="1" list_type="1" maxlen="" name="rajons" pos="2" showlen="20" spr="REG_NEW_" textbefore="Novads" visible="1"/>
</xrow>
<xrow type="br">
<xfield fill_1_mode="1" id="401349" klass_type="2" list_type="1" maxlen="" name="pilseta" pos="4" showlen="20" spr="CITY_NEW_" textbefore="Pilsēta/Pagasts" visible="1">
<mf src="z_401344_401347" type="field"/>
</xfield>
<xfield id="401351" klass_type="6" list_type="1" maxlen="" name="ciems" pos="5" showlen="20" spr="VILL_NEW_" textbefore="Ciems" visible="1">
<mf src="z_401344_401347" type="field"/>
<mf src="z_401344_401349" type="field"/>
</xfield>
</xrow>
<xrow type="br">
<xfield id="401353" maxlen="50" name="maja_text" pos="7" showlen="50" textbefore="Viensēta" visible="1"/>
</xrow>
<xrow type="br">
<xfield id="401355" klass_type="6" list_type="1" maxlen="" name="iela" pos="9" showlen="20" spr="STREET1_NEW_" textbefore="Iela" visible="1">
<mf src="z_401344_401349" type="field"/>
<mf src="z_401344_401351" type="field"/>
</xfield>
</xrow>
<xrow type="br">
<xfield id="401359" maxlen="11" name="maja" pos="12" showlen="8" textbefore="Māja" visible="1"/>
<xfield id="401362" maxlen="8" name="korpus" pos="13" showlen="8" textbefore="Korpuss" visible="1"/>
<xfield id="401364" maxlen="11" name="dziv" pos="14" showlen="8" textbefore="Dzīvoklis" visible="1"/>
</xrow>
</xblock>
</xrow>
</xblock>
</xrow>
<xrow info="block" type="ordinary2">
<xblock id="401374" name="svj_pers" navigable="1" pos="33" r_separator="#hr" title="Saistītā persona">
<xrow type="ordinary1">
<xfield id="401377" maxlen="" name="s_pers_pers_id" pos="4" showlen="20"/>
</xrow>
<xrow type="block-nobr">
<xblock id="401454" name="pers_sv" pos="7">
<xrow type="ordinary1">
<xfield id="401380" maxlen="" name="pers_id" pos="2" showlen="20" vld_type="n"/>
<xfield id="401381" klass_type="1" list_type="1" maxlen="" name="meklesana" pos="3" showlen="20" spr="SL_KLASS_900" textbefore="Meklēšana"/>
</xrow>
</xblock>
</xrow>
<xrow info="field" type="ordinary2">
<xfield id="401457" maxlen="" name="s_p_p_kat" pos="10" showlen="20" vld_type="n"/>
</xrow>
<xrow type="block-nobr">
<xblock id="401383" name="pers_dati_sv" pos="11">
<xrow type="ordinary1">
<xfield id="401385" maxlen="" name="pers_dati_id" pos="2" showlen="20" vld_type="n"/>
<xfield id="401386" maxlen="20" name="pkod_uznkod" pos="3" showlen="20" textbefore="Pers.kods" visible="1"/>
<xfield id="401388" maxlen="200" name="uzv_nosauk" pos="4" showlen="25" textbefore="Uzvārds" visible="1"/>
<xfield id="401391" maxlen="50" name="var" pos="5" showlen="20" textbefore="Vārds" visible="1"/>
<xgroup id="401394" name="dz_range" pos="6" type="range">
<xgroup d_format="dd.mm.gggg" format="124" id="401395" name="dz" pos="2" textbefore="Dzimšanas datums" type="date">
<xfield id="401397" maxlen="2" name="dz_dd" pos="4" rangepos="left" showlen="2" visible="1" vld_type="n"/>
<xfield id="401398" maxlen="2" name="dz_mm" pos="5" rangepos="left" showlen="2" visible="1" vld_type="n"/>
<xfield id="401399" maxlen="4" name="dz_gggg" pos="6" rangepos="left" showlen="4" visible="1" vld_type="n"/>
</xgroup>
<xgroup d_format="dd.mm.gggg" format="124" id="401395" name="dz" pos="2" textbefore="Dzimšanas datums" type="date">
<xfield id="401397" maxlen="2" name="dz_dd" pos="4" rangepos="right" showlen="2" visible="1" vld_type="n"/>
<xfield id="401398" maxlen="2" name="dz_mm" pos="5" rangepos="right" showlen="2" visible="1" vld_type="n"/>
<xfield id="401399" maxlen="4" name="dz_gggg" pos="6" rangepos="right" showlen="4" visible="1" vld_type="n"/>
</xgroup>
</xgroup>
</xrow>
</xblock>
</xrow>
<xrow info="block" type="ordinary2">
<xblock id="401400" name="s_pers_adr2" navigable="1" numbered="1" pos="12" r_separator="#hr" sort="nvl(archive_stat,0)" tab_rows="1" title="Saistītās personas mājokļa adrese">
<xrow type="ordinary1">
<xblock id="401407" name="adr_sv" pos="9">
<xrow type="ordinary1">
<xfield id="401410" klass_type="1" list_type="1" maxlen="" name="rajons" pos="2" showlen="20" spr="REG_NEW_" textbefore="Novads" visible="1"/>
</xrow>
<xrow type="br">
<xfield fill_1_mode="1" id="401412" klass_type="2" list_type="1" maxlen="" name="pilseta" pos="4" showlen="20" spr="CITY_NEW_" textbefore="Pilsēta/Pagasts" visible="1">
<mf src="z_401407_401410" type="field"/>
</xfield>
<xfield id="401414" klass_type="6" list_type="1" maxlen="" name="ciems" pos="5" showlen="20" spr="VILL_NEW_" textbefore="Ciems" visible="1">
<mf src="z_401407_401410" type="field"/>
<mf src="z_401407_401412" type="field"/>
</xfield>
</xrow>
<xrow type="br">
<xfield id="401416" maxlen="50" name="maja_text" pos="7" showlen="50" textbefore="Viensēta" visible="1"/>
</xrow>
<xrow type="br">
<xfield id="401418" klass_type="6" list_type="1" maxlen="" name="iela" pos="9" showlen="20" spr="STREET1_NEW_" textbefore="Iela" visible="1">
<mf src="z_401407_401412" type="field"/>
<mf src="z_401407_401414" type="field"/>
</xfield>
</xrow>
<xrow type="br">
<xfield abbr="m." id="401422" maxlen="11" name="maja" pos="12" showlen="8" textbefore="Māja" visible="1"/>
<xfield abbr="k." id="401426" maxlen="8" name="korpus" pos="13" showlen="8" textbefore="Korpuss" visible="1"/>
<xfield abbr="dz." id="401429" maxlen="11" name="dziv" pos="14" showlen="8" textbefore="Dzīvoklis" visible="1"/>
</xrow>
</xblock>
</xrow>
</xblock>
</xrow>
</xblock>
</xrow>
<xrow info="block" type="ordinary2">
<xblock id="401440" name="uzsk_kat_darb" navigable="1" pos="34" sort="datums desc" tab_rows="1" title="Darbības / statuss">
<xrow type="ordinary1">
<xfield d_format="dd.mm.gggg" format="124" id="401445" maxlen="10" name="datums" pos="6" showlen="10" textbefore="Ievades datums" visible="1" vld_type="d"/>
<xfield id="401447" klass_type="2" list_type="1" maxlen="" name="veid_kod" pos="7" showlen="20" spr="SL_KLASS_95" textbefore="Veids" visible="1"/>
<xfield id="401449" maxlen="100" name="piezimes" pos="8" showlen="100" textbefore="Pamatojums" visible="1"/>
</xrow>
</xblock>
</xrow>
</xblock>
</xrow>
<xrow info="field" type="ordinary2">
<xfield id="401451" maxlen="" name="pers_id" pos="17" showlen="20" vld_type="n"/>
</xrow>
</xblock>
</xrow>
</xform>

<xscripts>
<xscript name="cspr.js"/>
<xscript name="initspr.js"/>
</xscripts>

<xsprs>
<xspr id="SL_KLASS_25"/>
<xspr id="VALSTS_"/>
<xspr id="SL_KLASS_72"/>
<xspr id="REG_NEW_"/>
<xspr id="CITY_NEW_"/>
<xspr id="VILL_NEW_"/>
<xspr id="STREET1_NEW_"/>
<xspr id="SL_KLASS_73"/>
<xspr id="SL_KLASS_iestade"/>
<xspr id="SL_KLASS_71"/>
<xspr id="SL_KLASS_900"/>
<xspr id="SL_KLASS_95"/>
</xsprs>
<xlus/>
<aux>
<auxitem name="log_priority">1</auxitem>
<auxitem name="log_id">3740668</auxitem>
<auxitem name="spr_load_threshold">50</auxitem>
<auxitem name="transform">client</auxitem>
<auxitem name="username">TEST_RL</auxitem>
<auxitem name="userid">190</auxitem>
<auxitem name="form_id">340629</auxitem>
<auxitem name="web_admin">1</auxitem>
<auxitem name="tree_records_limit">10</auxitem>
<auxitem name="show_list">1</auxitem>
<auxitem name="show_details">1</auxitem>
<auxitem id="records_per_page" name="records_per_page">12</auxitem>
<auxitem name="records_limit">1000</auxitem>
<auxitem name="count_only">0</auxitem>
<auxitem name="count_only_threshold">30</auxitem>
<auxitem name="force_online_request">0</auxitem>
<auxitem name="allow_multi_query">0</auxitem>
</aux>
<service><info name="queue_status" value="1"/></service>

</xroot>
