<?xml version="1.0" encoding="UTF-8"?>
<?xml-stylesheet type="text/xsl" href="../xsl/2query-form-column.xsl"?>
<xroot>
<xform id="41548" name="web_visp_info" pos="" processing="online" title="Vispārējā informācija">
<xrow type="block-form">
<xblock id="41550" name="pers_e" pos="2" r_separator="#hr" title="Personas pamatdati">
<xrow type="ordinary1">
<xfield id="41553" maxlen="" name="pers_id" pos="4" showlen="20" visible="0" vld_type="n"/>
<xfield check="1" checked="1" id="41554" maxlen="" name="s_arch" pos="5" showlen="20" textafter="Meklēšana arhīvā" visible="1"/>
</xrow>
<xrow type="block-nobr">
<xblock id="41560" name="pers_fio_e" pos="8">
<xrow type="ordinary1">
<xblock id="41561" name="pers_dati_e" pos="1">
<xrow type="ordinary1">
<xfield cnv_case_r="U" cnv_mode="S" cnv_type="400" id="41563" maxlen="11" name="pkod1" pos="2" showlen="11" textbefore="Personas kods" visible="1"/>
</xrow>
<xrow type="br">
<xgroup id="41589" name="gr_dz_e" pos="12" type="range">
<xgroup d_format="dd.mm.gggg" format="124" id="41590" name="dz_e" pos="2" textbefore="Dzimšanas datums" type="date">
<xfield id="41592" maxlen="2" name="dz_dd" pos="4" rangepos="left" showlen="2" visible="1"/>
<xfield id="41593" maxlen="2" name="dz_mm" pos="5" rangepos="left" showlen="2" visible="1"/>
<xfield id="41594" maxlen="4" name="dz_gggg" pos="6" rangepos="left" showlen="4" visible="1"/>
</xgroup>
<xgroup d_format="dd.mm.gggg" format="124" id="41590" name="dz_e" pos="2" textbefore="Dzimšanas datums" type="date">
<xfield id="41592" maxlen="2" name="dz_dd" pos="4" rangepos="right" showlen="2" visible="1"/>
<xfield id="41593" maxlen="2" name="dz_mm" pos="5" rangepos="right" showlen="2" visible="1"/>
<xfield id="41594" maxlen="4" name="dz_gggg" pos="6" rangepos="right" showlen="4" visible="1"/>
</xgroup>
</xgroup>
</xrow>
</xblock>
</xrow>
<xrow info="block" type="ordinary2">
<xblock id="41595" name="pers_v_e" pos="2">
<xrow type="ordinary1">
<xfield cnv_case_r="U" cnv_mode="S" cnv_type="1" context="2" id="41596" maxlen="250" name="fam_v1" pos="1" showlen="25" textbefore="Uzvārds" visible="1"/>
<xfield cnv_case_r="U" cnv_mode="S" cnv_type="1" context="2" id="41600" maxlen="250" name="imj_v1" pos="2" showlen="20" textbefore="Vārds" visible="1"/>
</xrow>
<xrow type="br">
<xfield cnv_case_r="U" cnv_mode="S" cnv_type="1" id="41604" maxlen="250" name="otch_v1" pos="4" showlen="30" textbefore="Tēva vārds" visible="1"/>
</xrow>
</xblock>
</xrow>
</xblock>
</xrow>
<xrow info="block" type="ordinary2">
<xblock id="41608" name="pers_task" pos="9">
<xrow type="ordinary1">
<xgroup id="41610" name="ins_date" pos="2" type="range">
<xfield d_format="dd.mm.gggg" format="124" id="41611" maxlen="10" name="ins_date" pos="2" rangepos="left" showlen="10" textbefore="Ievades datums" visible="1" vld_type="d"/>
<xfield d_format="dd.mm.gggg" format="124" id="41611" maxlen="10" name="ins_date" pos="2" rangepos="right" showlen="10" textbefore="Ievades datums" visible="1" vld_type="d"/>
</xgroup>
</xrow>
</xblock>
</xrow>
<xrow info="block" type="ordinary2">
<xblock id="41613" link="1" name="iis_w_tools.visp_info" numbered="1" pipelined="1" pos="10" rec_unlim="1" tab_rows="1" title="Uzdevums">
<xrow type="ordinary1">
<xfield id="41617" maxlen="" name="pers_id" pos="6" showlen="20" vld_type="n"/>
<xfield id="41624" maxlen="30" name="task_name" pos="10" showlen="30"/>
</xrow>
</xblock>
</xrow>
</xblock>
</xrow>
<xrow info="ref" type="ordinary2"/>
</xform>
<xscripts/>
<xformref/>
<xlus/>
<aux>
<auxitem name="log_priority">1</auxitem>
<auxitem name="log_id">3730390</auxitem>
<auxitem name="spr_load_threshold">50</auxitem>
<auxitem name="transform">client</auxitem>
<auxitem name="username">TEST_RL</auxitem>
<auxitem name="userid">190</auxitem>
<auxitem name="form_id">41548</auxitem>
<auxitem name="web_admin">1</auxitem>
<auxitem name="tree_records_limit">10</auxitem>
<auxitem name="show_list">1</auxitem>
<auxitem name="show_details">1</auxitem>
<auxitem id="records_per_page" name="records_per_page">12</auxitem>
<auxitem name="records_limit">1000</auxitem>
<auxitem name="count_only">0</auxitem>
<auxitem name="count_only_threshold">30</auxitem>
<auxitem name="force_online_request">0</auxitem>
<auxitem name="allow_multi_query">0</auxitem>
</aux>
<service><info name="queue_status" value="1"/></service>

</xroot>
