<?xml version="1.0" encoding="UTF-8"?>
<CSExecuteStandardQuery xmlns="http://www.europa.eu/schengen/sis/xsd/v1/csmessages" xmlns:sisalertdt="http://www.europa.eu/schengen/sis/xsd/v1/types/alert" xmlns:sisdt="http://www.europa.eu/schengen/sis/xsd/v1/types/common" xmlns:xsi="http://www.w3.org/2001/XMLSchema-instance" xsi:schemaLocation="http://www.europa.eu/schengen/sis/xsd/v1/csmessages">
	<Header>
		<sisdt:MessageID>00000000000000000</sisdt:MessageID>
		<sisdt:LogicalSessionID>00000000000000000</sisdt:LogicalSessionID>
		<sisdt:DateTime>1800-01-01T00:00:00x000+00:00</sisdt:DateTime>
		<sisdt:EndUserID>A</sisdt:EndUserID>
		<sisdt:User>0000.00</sisdt:User>
		<sisdt:UserRole>0000.00</sisdt:UserRole>
		<sisdt:SystemID>A</sisdt:SystemID>
		<sisdt:Contract>0000.00</sisdt:Contract>
		<sisdt:Operation>0000.00</sisdt:Operation>
	</Header>
	<Response>
		<RCI>
			<sisdt:ReturnCode>0001.00</sisdt:ReturnCode>
		</RCI>
		<HitList>
			<sisalertdt:HitCounts>1</sisalertdt:HitCounts>
			<sisalertdt:HitCandidates>
				<sisalertdt:HitCandidate>
					<sisalertdt:MetaData>
						<sisalertdt:SchengenID>
							<sisdt:RequestingUser>0000.00</sisdt:RequestingUser>
							<sisdt:NationalIDNumber>
								<sisdt:IdNumber>A</sisdt:IdNumber>
								<sisdt:AliasNumber>0000</sisdt:AliasNumber>
							</sisdt:NationalIDNumber>
							<sisdt:RecordType>0000.00</sisdt:RecordType>
						</sisalertdt:SchengenID>
						<sisalertdt:ReasonForRequest>0000.00</sisalertdt:ReasonForRequest>
						<sisalertdt:ActionToBeTaken>0000.00</sisalertdt:ActionToBeTaken>
						<sisalertdt:ExpiryDate>18000101</sisalertdt:ExpiryDate>
						<sisalertdt:IssuingAuthority>A</sisalertdt:IssuingAuthority>
						<sisalertdt:DecisionReference>A</sisalertdt:DecisionReference>
						<sisalertdt:InputDate>1800-01-01T00:00:00x000+00:00</sisalertdt:InputDate>
						<sisalertdt:LastModificationDate>1800-01-01T00:00:00x000+00:00</sisalertdt:LastModificationDate>
					</sisalertdt:MetaData>
					<sisalertdt:Person>
						<sisalertdt:Core>
							<sisalertdt:IdentificationMark1>0000.00</sisalertdt:IdentificationMark1>
							<sisalertdt:IdentificationMark2>0000.00</sisalertdt:IdentificationMark2>
							<sisalertdt:Build>0000.00</sisalertdt:Build>
							<sisalertdt:FaceShape>0000.00</sisalertdt:FaceShape>
							<sisalertdt:EyeColour>0000.00</sisalertdt:EyeColour>
							<sisalertdt:EyeType>0000.00</sisalertdt:EyeType>
							<sisalertdt:SkinColour>0000.00</sisalertdt:SkinColour>
							<sisalertdt:Nose>0000.00</sisalertdt:Nose>
							<sisalertdt:Ear>0000.00</sisalertdt:Ear>
							<sisalertdt:Chin>0000.00</sisalertdt:Chin>
							<sisalertdt:Teeth>0000.00</sisalertdt:Teeth>
							<sisalertdt:Gait>0000.00</sisalertdt:Gait>
							<sisalertdt:PersonRelatedRemarks>
								<sisalertdt:PersonRelatedRemark>0000.00</sisalertdt:PersonRelatedRemark>
							</sisalertdt:PersonRelatedRemarks>
							<sisalertdt:Complexions>
								<sisalertdt:Complexion>0000.00</sisalertdt:Complexion>
							</sisalertdt:Complexions>
							<sisalertdt:Identities>
								<sisalertdt:Identity>
									<sisalertdt:IdentityCategory>0000.00</sisalertdt:IdentityCategory>
									<sisalertdt:DateOfBirth>18000000</sisalertdt:DateOfBirth>
									<sisalertdt:MainRecord>true</sisalertdt:MainRecord>
									<sisalertdt:FacialHair>0000.00</sisalertdt:FacialHair>
									<sisalertdt:HairColour>0000.00</sisalertdt:HairColour>
									<sisalertdt:HairStyle>0000.00</sisalertdt:HairStyle>
									<sisalertdt:AliasNumber>0000</sisalertdt:AliasNumber>
									<sisalertdt:Gender>0000.00</sisalertdt:Gender>
									<sisalertdt:PlaceOfBirth>
										<sisalertdt:OriginalValue precision="0000.00">A</sisalertdt:OriginalValue>
										<sisalertdt:TransformedValues>
											<sisalertdt:TransformedValue>A</sisalertdt:TransformedValue>
										</sisalertdt:TransformedValues>
									</sisalertdt:PlaceOfBirth>
									<sisalertdt:Nationalities>
										<sisalertdt:Nationality>0000.00</sisalertdt:Nationality>
									</sisalertdt:Nationalities>
									<sisalertdt:TypesOfOffences>
										<sisalertdt:TypeOfOffence>0000.00</sisalertdt:TypeOfOffence>
									</sisalertdt:TypesOfOffences>
									<sisalertdt:FamilyNames>
										<sisalertdt:OriginalValue precision="0000.00">String</sisalertdt:OriginalValue>
										<sisalertdt:TransformedValues>
											<sisalertdt:TransformedValue>String</sisalertdt:TransformedValue>
										</sisalertdt:TransformedValues>
									</sisalertdt:FamilyNames>
									<sisalertdt:FirstNames>
										<sisalertdt:OriginalValue precision="0000.00">String</sisalertdt:OriginalValue>
										<sisalertdt:TransformedValues>
											<sisalertdt:TransformedValue>String</sisalertdt:TransformedValue>
										</sisalertdt:TransformedValues>
									</sisalertdt:FirstNames>
									<sisalertdt:NameAtBirth>
										<sisalertdt:OriginalValue precision="0000.00">A</sisalertdt:OriginalValue>
										<sisalertdt:TransformedValues>
											<sisalertdt:TransformedValue>A</sisalertdt:TransformedValue>
										</sisalertdt:TransformedValues>
									</sisalertdt:NameAtBirth>
									<sisalertdt:PreviouslyUsedNames>
										<sisalertdt:OriginalValue precision="0000.00">A</sisalertdt:OriginalValue>
										<sisalertdt:TransformedValues>
											<sisalertdt:TransformedValue>A</sisalertdt:TransformedValue>
										</sisalertdt:TransformedValues>
									</sisalertdt:PreviouslyUsedNames>
									<sisalertdt:IdentityID>2147483647</sisalertdt:IdentityID>
									<sisalertdt:MisusedIdentity>
										<sisalertdt:AlertInformation>A</sisalertdt:AlertInformation>
										<sisalertdt:IdentificationMark>0000.00</sisalertdt:IdentificationMark>
										<sisalertdt:DateOfBirth>18000000</sisalertdt:DateOfBirth>
										
										<sisalertdt:MisusedIdentityDocuments>
											<sisalertdt:MisusedIdentityDocument>
												<sisalertdt:DocumentIssuedDate>18000000</sisalertdt:DocumentIssuedDate>
												<sisalertdt:DocumentNumbers>
													<sisalertdt:DocumentNumber>
														<sisalertdt:OriginalValue precision="0000.00">aaa</sisalertdt:OriginalValue>
														<sisalertdt:TransformedValues>
															<sisalertdt:TransformedValue>aaa</sisalertdt:TransformedValue>
														</sisalertdt:TransformedValues>
													</sisalertdt:DocumentNumber>
												</sisalertdt:DocumentNumbers>
												<sisalertdt:DocumentIssuingAuthority>A</sisalertdt:DocumentIssuingAuthority>
											</sisalertdt:MisusedIdentityDocument>
										</sisalertdt:MisusedIdentityDocuments>
										
										<sisalertdt:Aliases>
											<sisalertdt:Alias>
												<sisalertdt:OriginalValue precision="0000.00">A</sisalertdt:OriginalValue>
												<sisalertdt:TransformedValues>
													<sisalertdt:TransformedValue>A</sisalertdt:TransformedValue>
												</sisalertdt:TransformedValues>
											</sisalertdt:Alias>
										</sisalertdt:Aliases>
										<sisalertdt:FamilyNames>
											<sisalertdt:OriginalValue precision="0000.00">A</sisalertdt:OriginalValue>
											<sisalertdt:TransformedValues>
												<sisalertdt:TransformedValue>A</sisalertdt:TransformedValue>
											</sisalertdt:TransformedValues>
										</sisalertdt:FamilyNames>
										<sisalertdt:FirstNames>
											<sisalertdt:OriginalValue precision="0000.00">A</sisalertdt:OriginalValue>
											<sisalertdt:TransformedValues>
												<sisalertdt:TransformedValue>A</sisalertdt:TransformedValue>
											</sisalertdt:TransformedValues>
										</sisalertdt:FirstNames>
										<sisalertdt:NameAtBirth>
											<sisalertdt:OriginalValue precision="0000.00">A</sisalertdt:OriginalValue>
											<sisalertdt:TransformedValues>
												<sisalertdt:TransformedValue>A</sisalertdt:TransformedValue>
											</sisalertdt:TransformedValues>
										</sisalertdt:NameAtBirth>
										<sisalertdt:PreviouslyUsedNames>
											<sisalertdt:OriginalValue precision="0000.00">A</sisalertdt:OriginalValue>
											<sisalertdt:TransformedValues>
												<sisalertdt:TransformedValue>A</sisalertdt:TransformedValue>
											</sisalertdt:TransformedValues>
										</sisalertdt:PreviouslyUsedNames>
										<sisalertdt:Binaries>
											<sisalertdt:Pictures>
												<sisalertdt:Picture>
													<sisalertdt:BinaryID>2147483647</sisalertdt:BinaryID>
													<sisalertdt:NationalReference>A</sisalertdt:NationalReference>
													<sisalertdt:MetaData>
														<sisalertdt:PictureType>0000.00</sisalertdt:PictureType>
														<sisalertdt:FileSize>2147483647</sisalertdt:FileSize>
														<sisalertdt:FileType>0000.00</sisalertdt:FileType>
														<sisalertdt:Resolution>2147483647</sisalertdt:Resolution>
														<sisalertdt:DatePictureTaken>18000000</sisalertdt:DatePictureTaken>
														<sisalertdt:MostRelevant>true</sisalertdt:MostRelevant>
														<sisalertdt:QualityForAutomation>0000.00</sisalertdt:QualityForAutomation>
														<sisalertdt:PlacePictureTaken>
															<sisalertdt:OriginalValue precision="0000.00">A</sisalertdt:OriginalValue>
															<sisalertdt:TransformedValues>
																<sisalertdt:TransformedValue>A</sisalertdt:TransformedValue>
															</sisalertdt:TransformedValues>
														</sisalertdt:PlacePictureTaken>
														<sisalertdt:QualityForUser>0000.00</sisalertdt:QualityForUser>
														<sisalertdt:AboutIdentificationMark>0000.00</sisalertdt:AboutIdentificationMark>
													</sisalertdt:MetaData>
												</sisalertdt:Picture>
											</sisalertdt:Pictures>
											<sisalertdt:Fingerprints>
												<sisalertdt:Fingerprint>
													<sisalertdt:BinaryID>2147483647</sisalertdt:BinaryID>
													<sisalertdt:NationalReference>A</sisalertdt:NationalReference>
													<sisalertdt:MetaData>
														<sisalertdt:PictureType>0000.00</sisalertdt:PictureType>
														<sisalertdt:FileSize>2147483647</sisalertdt:FileSize>
														<sisalertdt:FileType>0000.00</sisalertdt:FileType>
														<sisalertdt:Resolution>2147483647</sisalertdt:Resolution>
														<sisalertdt:DatePictureTaken>18000000</sisalertdt:DatePictureTaken>
														<sisalertdt:MostRelevant>true</sisalertdt:MostRelevant>
														<sisalertdt:QualityForAutomation>0000.00</sisalertdt:QualityForAutomation>
														<sisalertdt:PlacePictureTaken>
															<sisalertdt:OriginalValue precision="0000.00">A</sisalertdt:OriginalValue>
															<sisalertdt:TransformedValues>
																<sisalertdt:TransformedValue>A</sisalertdt:TransformedValue>
															</sisalertdt:TransformedValues>
														</sisalertdt:PlacePictureTaken>
														<sisalertdt:DateOfAcceptance>18000101</sisalertdt:DateOfAcceptance>
													</sisalertdt:MetaData>
												</sisalertdt:Fingerprint>
											</sisalertdt:Fingerprints>
										</sisalertdt:Binaries>
									</sisalertdt:MisusedIdentity>
								</sisalertdt:Identity>
							</sisalertdt:Identities>
						</sisalertdt:Core>
						<sisalertdt:Pictures>
							<sisalertdt:Picture>
								<sisalertdt:BinaryID>2147483647</sisalertdt:BinaryID>
								<sisalertdt:NationalReference>A</sisalertdt:NationalReference>
								<sisalertdt:MetaData>
									<sisalertdt:PictureType>0000.00</sisalertdt:PictureType>
									<sisalertdt:FileSize>2147483647</sisalertdt:FileSize>
									<sisalertdt:FileType>0000.00</sisalertdt:FileType>
									<sisalertdt:Resolution>2147483647</sisalertdt:Resolution>
									<sisalertdt:DatePictureTaken>18000000</sisalertdt:DatePictureTaken>
									<sisalertdt:MostRelevant>true</sisalertdt:MostRelevant>
									<sisalertdt:QualityForAutomation>0000.00</sisalertdt:QualityForAutomation>
									<sisalertdt:PlacePictureTaken>
										<sisalertdt:OriginalValue precision="0000.00">A</sisalertdt:OriginalValue>
										<sisalertdt:TransformedValues>
											<sisalertdt:TransformedValue>A</sisalertdt:TransformedValue>
										</sisalertdt:TransformedValues>
									</sisalertdt:PlacePictureTaken>
									<sisalertdt:QualityForUser>0000.00</sisalertdt:QualityForUser>
									<sisalertdt:AboutIdentificationMark>0000.00</sisalertdt:AboutIdentificationMark>
								</sisalertdt:MetaData>
							</sisalertdt:Picture>
						</sisalertdt:Pictures>
						<sisalertdt:Fingerprints>
							<sisalertdt:Fingerprint>
								<sisalertdt:BinaryID>2147483647</sisalertdt:BinaryID>
								<sisalertdt:NationalReference>A</sisalertdt:NationalReference>
								<sisalertdt:MetaData>
									<sisalertdt:PictureType>0000.00</sisalertdt:PictureType>
									<sisalertdt:FileSize>2147483647</sisalertdt:FileSize>
									<sisalertdt:FileType>0000.00</sisalertdt:FileType>
									<sisalertdt:Resolution>2147483647</sisalertdt:Resolution>
									<sisalertdt:DatePictureTaken>18000000</sisalertdt:DatePictureTaken>
									<sisalertdt:MostRelevant>true</sisalertdt:MostRelevant>
									<sisalertdt:QualityForAutomation>0000.00</sisalertdt:QualityForAutomation>
									<sisalertdt:PlacePictureTaken>
										<sisalertdt:OriginalValue precision="0000.00">A</sisalertdt:OriginalValue>
										<sisalertdt:TransformedValues>
											<sisalertdt:TransformedValue>A</sisalertdt:TransformedValue>
										</sisalertdt:TransformedValues>
									</sisalertdt:PlacePictureTaken>
									<sisalertdt:DateOfAcceptance>18000101</sisalertdt:DateOfAcceptance>
								</sisalertdt:MetaData>
							</sisalertdt:Fingerprint>
						</sisalertdt:Fingerprints>
						<sisalertdt:EAWs>
							<sisalertdt:EAW>
								<sisalertdt:EAWID>2147483647</sisalertdt:EAWID>
								<sisalertdt:ScannedDocument>
									<sisalertdt:BinaryID>2147483647</sisalertdt:BinaryID>
									<sisalertdt:NationalReference>A</sisalertdt:NationalReference>
									<sisalertdt:MetaData>
										<sisalertdt:PictureType>0000.00</sisalertdt:PictureType>
										<sisalertdt:FileSize>2147483647</sisalertdt:FileSize>
										<sisalertdt:FileType>0000.00</sisalertdt:FileType>
										<sisalertdt:Resolution>2147483647</sisalertdt:Resolution>
										<sisalertdt:DatePictureTaken>18000000</sisalertdt:DatePictureTaken>
										<sisalertdt:PlacePictureTaken>
											<sisalertdt:OriginalValue precision="0000.00">A</sisalertdt:OriginalValue>
											<sisalertdt:TransformedValues>
												<sisalertdt:TransformedValue>A</sisalertdt:TransformedValue>
											</sisalertdt:TransformedValues>
										</sisalertdt:PlacePictureTaken>
									</sisalertdt:MetaData>
								</sisalertdt:ScannedDocument>
							</sisalertdt:EAW>
						</sisalertdt:EAWs>
					</sisalertdt:Person>
					<sisalertdt:Links>
						<sisalertdt:Link>
							<sisalertdt:LinkID>2147483647</sisalertdt:LinkID>
							<sisalertdt:LinkNationalReference>A</sisalertdt:LinkNationalReference>
							<sisalertdt:LinkedAlerts>
								<sisalertdt:SchengenID>
									<sisdt:RequestingUser>0000.00</sisdt:RequestingUser>
									<sisdt:NationalIDNumber>
										<sisdt:IdNumber>A</sisdt:IdNumber>
										<sisdt:AliasNumber>0000</sisdt:AliasNumber>
									</sisdt:NationalIDNumber>
									<sisdt:RecordType>0000.00</sisdt:RecordType>
								</sisalertdt:SchengenID>
								<sisalertdt:SchengenID>
									<sisdt:RequestingUser>0000.00</sisdt:RequestingUser>
									<sisdt:NationalIDNumber>
										<sisdt:IdNumber>A</sisdt:IdNumber>
										<sisdt:AliasNumber>0000</sisdt:AliasNumber>
									</sisdt:NationalIDNumber>
									<sisdt:RecordType>0000.00</sisdt:RecordType>
								</sisalertdt:SchengenID>
							</sisalertdt:LinkedAlerts>
							<sisalertdt:InputDate>1800-01-01T00:00:00x000+00:00</sisalertdt:InputDate>
							<sisalertdt:LastModificationDate>1800-01-01T00:00:00x000+00:00</sisalertdt:LastModificationDate>
						</sisalertdt:Link>
					</sisalertdt:Links>
					<sisalertdt:Flag>
						<sisalertdt:RequestingCountry>0000.00</sisalertdt:RequestingCountry>
						<sisalertdt:AlternativeActionToBeTaken>0000.00</sisalertdt:AlternativeActionToBeTaken>
					</sisalertdt:Flag>
					<sisalertdt:Rank>0.0</sisalertdt:Rank>
				</sisalertdt:HitCandidate>
			</sisalertdt:HitCandidates>
		</HitList>
	</Response>
</CSExecuteStandardQuery>