<?xml version="1.0" encoding="UTF-8" ?>
<books>
<book>
	<filename>aleksandrova_tatyana/aleksandrova_tatyana_domovenok_kuzka.fb2.zip</filename>
	<title>Александрова Татьяна. Домовенок Кузька</title>
</book>
<book>
	<filename>aleksandrova_tatyana/aleksandrova_tatyana_druzya_zimnie_druzya_letnie.fb2.zip</filename>
	<title>Александрова Татьяна. Друзья зимние, друзья летние</title>
</book>
<book>
	<filename>aleksandrova_tatyana/aleksandrova_tatyana_kuzka_u_babyyagi.fb2.zip</filename>
	<title>Александрова Татьяна. Кузька у Бабы-Яги</title>
</book>
<book>
	<filename>aleksandrova_tatyana/aleksandrova_tatyana_kuzka_v_lesu.fb2.zip</filename>
	<title>Александрова Татьяна. Кузька в лесу</title>
</book>
<book>
	<filename>aleksandrova_tatyana/aleksandrova_tatyana_kuzka_v_novom_dome.fb2.zip</filename>
	<title>Александрова Татьяна. Кузька в новом доме</title>
</book>
<book>
	<filename>aleksandrova_yemiliya/aleksandrova_yemiliya_chernaya_maska_iz_aldzhebry.fb2.zip</filename>
	<title>Александрова Эмилия Борисовна. Черная маска из Аль-Джебры</title>
</book>
<book>
	<filename>aleksandrova_yemiliya/aleksandrova_yemiliya_stol_nahodok_uteryannyh_chisel.fb2.zip</filename>
	<title>Александрова Эмилия Борисовна. Стол находок утерянных чисел</title>
</book>
<book>
	<filename>aleksandrova_zinaida/aleksandrova_zinaida_gibel_chapaeva.fb2.zip</filename>
	<title>Александрова Зинаида Николаевна. Гибель Чапаева</title>
</book>
<book>
	<filename>aleksandrovich_sergei/aleksandrovich_sergei_plyvi_korablik.fb2.zip</filename>
	<title>Александрович Сергей Владимирович. Плыви, кораблик!</title>
</book>
<book>
	<filename>aleksandrovskii_g/aleksandrovskii_g_stoit_li_zaglyadyvat_v_shel.fb2.zip</filename>
	<title>Александровский Г. Стоит ли заглядывать в «щель»?</title>
</book>
<book>
	<filename>aleksandr_pol/aleksandr_pol_uvidet_london_i_umeret_pohishenie.fb2.zip</filename>
	<title>Александр Поль. Увидеть Лондон и умереть (Похищение)</title>
</book>
<book>
	<filename>alekseenko_vladimir/alekseenko_vladimir__para_bellum.fb2.zip</filename>
	<title>Алексеенко Владимир Иванович. … Para bellum!</title>
</book>
<book>
	<filename>alekseev_evgenii/alekseev_evgenii_chto_gde_kogda.fb2.zip</filename>
	<title>Алексеев Евгений Венедиктович. Что? Где? Когда?</title>
</book>
<book>
	<filename>alekseev_gleb/alekseev_gleb_dunkino_schaste.fb2.zip</filename>
	<title>Алексеев Глеб Васильевич. Дунькино счастье</title>
</book>
<book>
	<filename>alekseev_gleb/alekseev_gleb_mariya_gamilton.fb2.zip</filename>
	<title>Алексеев Глеб Васильевич. Мария Гамильтон</title>
</book>
<book>
	<filename>alekseev_gleb/alekseev_gleb_podzemnaya_moskva.fb2.zip</filename>
	<title>Алексеев Глеб Васильевич. Подземная Москва</title>
</book>
<book>
	<filename>alekseev_ivan/alekseev_ivan_priklyucheniya_ilya.fb2.zip</filename>
	<title>Алексеев Иван. Приключения Иля</title>
</book>
<book>
	<filename>alekseev_ivan/alekseev_ivan_zamorskii_rubezh.fb2.zip</filename>
	<title>Алексеев Иван. Заморский рубеж</title>
</book>
<book>
	<filename>alekseev_ivan/alekseev_ivan_zapadnya_dlya_leshih.fb2.zip</filename>
	<title>Алексеев Иван. Западня для леших</title>
</book>
<book>
	<filename>alekseev_ivan/alekseev_ivan_zasechnaya_cherta.fb2.zip</filename>
	<title>Алексеев Иван. Засечная черта</title>
</book>
<book>
	<filename>alekseev_kirill/alekseev_kirill_pozhiratel_muh.fb2.zip</filename>
	<title>Алексеев Кирилл. Пожиратель мух</title>
</book>
<book>
	<filename>alekseev_mihail/alekseev_mihail_drachuny.fb2.zip</filename>
	<title>Алексеев Михаил Николаевич. Драчуны</title>
</book>
<book>
	<filename>alekseev_mihail/alekseev_mihail_karyuha.fb2.zip</filename>
	<title>Алексеев Михаил Николаевич. Карюха</title>
</book>
<book>
	<filename>alekseev_mihail/alekseev_mihail_mishkino_detstvo.fb2.zip</filename>
	<title>Алексеев Михаил Николаевич. Мишкино детство</title>
</book>
<book>
	<filename>alekseev_mihail/alekseev_mihail_vishnevyi_omut.fb2.zip</filename>
	<title>Алексеев Михаил Николаевич. Вишневый омут</title>
</book>
<book>
	<filename>alekseev_mihail/alekseev_mihail_vishnyovyi_omut.fb2.zip</filename>
	<title>Алексеев Михаил Николаевич. Вишнёвый омут</title>
</book>
<book>
	<filename>alekseev_nikolai/alekseev_nikolai_ispytanie.fb2.zip</filename>
	<title>Алексеев Николай Иванович. Испытание</title>
</book>
<book>
	<filename>alekseev_nikolai/alekseev_nikolai_po_zovu_serdca.fb2.zip</filename>
	<title>Алексеев Николай Иванович. По зову сердца</title>
</book>
<book>
	<filename>alekseev_oleg/alekseev_oleg_ratnye_luga.fb2.zip</filename>
	<title>Алексеев Олег Алексеевич. Ратные луга</title>
</book>
<book>
	<filename>alekseev_petr/alekseev_petr_socialnaya_filosofiya_uchebnoe_posobie.fb2.zip</filename>
	<title>Алексеев Петр Васильевич. Социальная философия: Учебное пособие</title>
</book>
<book>
	<filename>alekseev_sergei/alekseev_sergei_az_boga_vedayu.fb2.zip</filename>
	<title>Алексеев Сергей. Аз Бога Ведаю!</title>
</book>
<book>
	<filename>alekseev_sergei/alekseev_sergei_dulsineya_tungusskaya.fb2.zip</filename>
	<title>Алексеев Сергей. Дульсинея Тунгусская</title>
</book>
<book>
	<filename>alekseev_sergei/alekseev_sergei_hlebozory.fb2.zip</filename>
	<title>Алексеев Сергей. Хлебозоры</title>
</book>
<book>
	<filename>alekseev_sergei/alekseev_sergei_hozyain_bolota.fb2.zip</filename>
	<title>Алексеев Сергей. Хозяин болота</title>
</book>
<book>
	<filename>alekseev_sergei/alekseev_sergei_kogda_bogi_spyat.fb2.zip</filename>
	<title>Алексеев Сергей. Когда боги спят</title>
</book>
<book>
	<filename>alekseev_sergei/alekseev_sergei_kolco_princessy.fb2.zip</filename>
	<title>Алексеев Сергей. Кольцо «Принцессы»</title>
</book>
<book>
	<filename>alekseev_sergei/alekseev_sergei_kramola_kniga_1.fb2.zip</filename>
	<title>Алексеев Сергей. Крамола. Книга 1</title>
</book>
<book>
	<filename>alekseev_sergei/alekseev_sergei_kramola_kniga_2.fb2.zip</filename>
	<title>Алексеев Сергей. Крамола. Книга 2</title>
</book>
<book>
	<filename>alekseev_sergei/alekseev_sergei_magicheskii_kristall.fb2.zip</filename>
	<title>Алексеев Сергей. Магический кристалл</title>
</book>
<book>
	<filename>alekseev_sergei/alekseev_sergei_materik.fb2.zip</filename>
	<title>Алексеев Сергей. Материк</title>
</book>
<book>
	<filename>alekseev_sergei/alekseev_sergei_molchanie_piramid.fb2.zip</filename>
	<title>Алексеев Сергей Трофимович. Молчание пирамид</title>
</book>
<book>
	<filename>alekseev_sergei/alekseev_sergei_ne_pole_pereiti.fb2.zip</filename>
	<title>Алексеев Сергей. Не поле перейти</title>
</book>
<book>
	<filename>alekseev_sergei/alekseev_sergei_pokayanie_prorokov.fb2.zip</filename>
	<title>Алексеев Сергей. Покаяние пророков</title>
</book>
<book>
	<filename>alekseev_sergei/alekseev_sergei_prishelcy_dolina_smerti.fb2.zip</filename>
	<title>Алексеев Сергей. Пришельцы (Долина смерти)</title>
</book>
<book>
	<filename>alekseev_sergei/alekseev_sergei_rodina_bogov.fb2.zip</filename>
	<title>Алексеев Сергей. Родина Богов</title>
</book>
<book>
	<filename>alekseev_sergei/alekseev_sergei_roi.fb2.zip</filename>
	<title>Алексеев Сергей Трофимович. Рой</title>
</book>
<book>
	<filename>alekseev_sergei/alekseev_sergei_skorbyashaya_vdova.fb2.zip</filename>
	<title>Алексеев Сергей. Скорбящая вдова</title>
</book>
<book>
	<filename>alekseev_sergei/alekseev_sergei_slovo.fb2.zip</filename>
	<title>Алексеев Сергей Трофимович. Слово</title>
</book>
<book>
	<filename>alekseev_sergei/alekseev_sergei_sokrovisha_valkirii_hranitel_sily.fb2.zip</filename>
	<title>Алексеев Сергей. Сокровища Валькирии. Хранитель Силы</title>
</book>
<book>
	<filename>alekseev_sergei/alekseev_sergei_sokrovisha_valkirii_pravda_i_vymysel.fb2.zip</filename>
	<title>Алексеев Сергей. Сокровища Валькирии. Правда и вымысел</title>
</book>
<book>
	<filename>alekseev_sergei/alekseev_sergei_sokrovisha_valkirii_stoyashii_u_solnca.fb2.zip</filename>
	<title>Алексеев Сергей. Сокровища Валькирии. Стоящий у Солнца</title>
</book>
<book>
	<filename>alekseev_sergei/alekseev_sergei_sokrovisha_valkirii_straga_severa.fb2.zip</filename>
	<title>Алексеев Сергей. Сокровища Валькирии. Страга Севера</title>
</book>
<book>
	<filename>alekseev_sergei/alekseev_sergei_sokrovisha_valkirii_zemlya_siyayushei_vlasti.fb2.zip</filename>
	<title>Алексеев Сергей. Сокровища Валькирии. Земля сияющей власти</title>
</book>
<book>
	<filename>alekseev_sergei/alekseev_sergei_sokrovisha_valkirii_zvezdnye_rany.fb2.zip</filename>
	<title>Алексеев Сергей. Сокровища Валькирии. Звездные раны</title>
</book>
<book>
	<filename>alekseev_sergei/alekseev_sergei_udar_molnii.fb2.zip</filename>
	<title>Алексеев Сергей. Удар «Молнии»</title>
</book>
<book>
	<filename>alekseev_sergei/alekseev_sergei_utoli_moya_pechali.fb2.zip</filename>
	<title>Алексеев Сергей. Утоли моя печали</title>
</book>
<book>
	<filename>alekseev_sergei/alekseev_sergei_uzel.fb2.zip</filename>
	<title>Алексеев Сергей. Узел</title>
</book>
<book>
	<filename>alekseev_sergei/alekseev_sergei_volchya_hvatka2.fb2.zip</filename>
	<title>Алексеев Сергей Трофимович. Волчья хватка-2</title>
</book>
<book>
	<filename>alekseev_sergei/alekseev_sergei_volchya_hvatka.fb2.zip</filename>
	<title>Алексеев Сергей. Волчья хватка</title>
</book>
<book>
	<filename>alekseev_sergei/alekseev_sergei_vozvrashenie_kaina_serdcevina.fb2.zip</filename>
	<title>Алексеев Сергей Трофимович. Возвращение Каина (Сердцевина)</title>
</book>
<book>
	<filename>alekseev_sergei/alekseev_sergei_zolotoi_kapitan_rastrata.fb2.zip</filename>
	<title>Алексеев Сергей. Золотой капитан (Растрата)</title>
</book>
<book>
	<filename>alekseev_valerii/alekseev_valerii_ostrov_garantii.fb2.zip</filename>
	<title>Алексеев Валерий Алексеевич. Остров гарантии</title>
</book>
<book>
	<filename>alekseev_valerii/alekseev_valerii_proekt_ac.fb2.zip</filename>
	<title>Алексеев Валерий Алексеевич. Проект «АЦ»</title>
</book>
<book>
	<filename>alekseev_vyacheslav/alekseev_vyacheslav_literatura_i_internet_ili_kto_bolee_materifilologii_cenen.fb2.zip</filename>
	<title>Алексеев Вячеслав. Литература и Интернет, или Кто более матери-филологии ценен</title>
</book>
<book>
	<filename>alekseev_vyacheslav/alekseev_vyacheslav_yekspediciya.fb2.zip</filename>
	<title>Алексеев Вячеслав. Экспедиция</title>
</book>
<book>
	<filename>aleksievich_svetlana/aleksievich_svetlana_chernobylskaya_molitva_hronika_budushego.fb2.zip</filename>
	<title>Алексиевич Светлана. Чернобыльская молитва (хроника будущего)</title>
</book>
<book>
	<filename>aleksievich_svetlana/aleksievich_svetlana_cinkovye_malchiki.fb2.zip</filename>
	<title>Алексиевич Светлана Александровна. Цинковые мальчики</title>
</book>
<book>
	<filename>aleksievich_svetlana/aleksievich_svetlana_poslednie_svideteli_solo_dlya_detskogo_golosa.fb2.zip</filename>
	<title>Алексиевич Светлана Александровна. Последние свидетели. Соло для детского голоса</title>
</book>
<book>
	<filename>aleksievich_svetlana/aleksievich_svetlana_u_voiny_ne_zhenskoe_lico.fb2.zip</filename>
	<title>Алексиевич Светлана. У войны — не женское лицо…</title>
</book>
<book>
	<filename>aleksin_anatolii/aleksin_anatolii_aktrisa.fb2.zip</filename>
	<title>Алексин Анатолий Георгиевич. Актриса</title>
</book>
<book>
	<filename>aleksin_anatolii/aleksin_anatolii_a_tem_vremenem_gdeto.fb2.zip</filename>
	<title>Алексин Анатолий. А тем временем где-то</title>
</book>
<book>
	<filename>aleksin_anatolii/aleksin_anatolii_bezumnaya_evdokiya.fb2.zip</filename>
	<title>Алексин Анатолий. Безумная Евдокия</title>
</book>
<book>
	<filename>aleksin_anatolii/aleksin_anatolii_diagnoz.fb2.zip</filename>
	<title>Алексин Анатолий Георгиевич. Диагноз</title>
</book>
<book>
	<filename>aleksin_anatolii/aleksin_anatolii_dnevnik_zheniha.fb2.zip</filename>
	<title>Алексин Анатолий. Дневник жениха</title>
</book>
<book>
	<filename>aleksin_anatolii/aleksin_anatolii_domashnee_sochinenie.fb2.zip</filename>
	<title>Алексин Анатолий Георгиевич. Домашнее сочинение</title>
</book>
<book>
	<filename>aleksin_anatolii/aleksin_anatolii_domashnii_sovet.fb2.zip</filename>
	<title>Алексин Анатолий. Домашний совет</title>
</book>
<book>
	<filename>aleksin_anatolii/aleksin_anatolii_govorit_sedmoi_yetazh.fb2.zip</filename>
	<title>Алексин Анатолий. Говорит седьмой этаж</title>
</book>
<book>
	<filename>aleksin_anatolii/aleksin_anatolii_ivashov.fb2.zip</filename>
	<title>Алексин Анатолий. Ивашов</title>
</book>
<book>
	<filename>aleksin_anatolii/aleksin_anatolii_karetu_mne_karetu.fb2.zip</filename>
	<title>Алексин Анатолий Георгиевич. «Карету мне, карету!»</title>
</book>
<book>
	<filename>aleksin_anatolii/aleksin_anatolii_kolya_pishet_ole_olya_pishet_kole.fb2.zip</filename>
	<title>Алексин Анатолий Георгиевич. Коля пишет Оле, Оля пишет Коле</title>
</book>
<book>
	<filename>aleksin_anatolii/aleksin_anatolii_moi_brat_igraet_na_klarnete.fb2.zip</filename>
	<title>Алексин Анатолий. Мой брат играет на кларнете</title>
</book>
<book>
	<filename>aleksin_anatolii/aleksin_anatolii_neobychainye_pohozhdeniya_sevy_kotlova.fb2.zip</filename>
	<title>Алексин Анатолий. Необычайные похождения Севы Котлова</title>
</book>
<book>
	<filename>aleksin_anatolii/aleksin_anatolii_nepravda.fb2.zip</filename>
	<title>Алексин Анатолий Георгиевич. Неправда</title>
</book>
<book>
	<filename>aleksin_anatolii/aleksin_anatolii_ochen_strashnaya_istoriya.fb2.zip</filename>
	<title>Алексин Анатолий. Очень страшная история</title>
</book>
<book>
	<filename>aleksin_anatolii/aleksin_anatolii_okei.fb2.zip</filename>
	<title>Алексин Анатолий Георгиевич. «О'кей!»</title>
</book>
<book>
	<filename>aleksin_anatolii/aleksin_anatolii_otec_i_deti.fb2.zip</filename>
	<title>Алексин Анатолий Георгиевич. Отец и дети</title>
</book>
<book>
	<filename>aleksin_anatolii/aleksin_anatolii_podumaesh_pticy.fb2.zip</filename>
	<title>Алексин Анатолий Георгиевич. «Подумаешь, птицы!..»</title>
</book>
<book>
	<filename>aleksin_anatolii/aleksin_anatolii_pozdnii_rebenok.fb2.zip</filename>
	<title>Алексин Анатолий. Поздний ребенок</title>
</book>
<book>
	<filename>aleksin_anatolii/aleksin_anatolii_razdel_imushestva.fb2.zip</filename>
	<title>Алексин Анатолий. Раздел имущества</title>
</book>
<book>
	<filename>aleksin_anatolii/aleksin_anatolii_sasha_i_shura.fb2.zip</filename>
	<title>Алексин Анатолий. Саша и Шура</title>
</book>
<book>
	<filename>aleksin_anatolii/aleksin_anatolii_serdechnaya_nedostatochnost.fb2.zip</filename>
	<title>Алексин Анатолий. Сердечная недостаточность</title>
</book>
<book>
	<filename>aleksin_anatolii/aleksin_anatolii_smeshilka.fb2.zip</filename>
	<title>Алексин Анатолий Георгиевич. Смешилка</title>
</book>
<book>
	<filename>aleksin_anatolii/aleksin_anatolii_tretii_v_pyatom_ryadu.fb2.zip</filename>
	<title>Алексин Анатолий. Третий в пятом ряду</title>
</book>
<book>
	<filename>aleksin_anatolii/aleksin_anatolii_ty_menya_slyshish.fb2.zip</filename>
	<title>Алексин Анатолий Георгиевич. Ты меня слышишь?</title>
</book>
<book>
	<filename>aleksin_anatolii/aleksin_anatolii_zvonite_i_priezzhaite.fb2.zip</filename>
	<title>Алексин Анатолий. Звоните и приезжайте</title>
</book>
<book>
	<filename>alende_isabel/alende_isabel_zorro_rozhdenie_legendy.fb2.zip</filename>
	<title>Альенде Исабель. Зорро. Рождение легенды</title>
</book>
<book>
	<filename>alen_dyevid/alen_dyevid_getting_things_done.fb2.zip</filename>
	<title>Ален Дэвид. Getting Things Done</title>
</book>
<book>
	<filename>alenfurne_/alenfurne__bolshoi_moln.fb2.zip</filename>
	<title>Ален-Фурнье. Большой Мольн</title>
</book>
<book>
	<filename>alenkar_zhoze/alenkar_zhoze_guarani.fb2.zip</filename>
	<title>Аленкар Жозе де. Гуарани</title>
</book>
<book>
	<filename>aleshina_svetlana/aleshina_svetlana_alibi_s_gulkin_nos.fb2.zip</filename>
	<title>Алешина Светлана. Алиби с гулькин нос</title>
</book>
<book>
	<filename>aleshina_svetlana/aleshina_svetlana_a_ya_leplyu_gorbatogo.fb2.zip</filename>
	<title>Алешина Светлана. А я леплю горбатого</title>
</book>
<book>
	<filename>aleshina_svetlana/aleshina_svetlana_beg_vperedi_parovoza.fb2.zip</filename>
	<title>Алешина Светлана. Бег впереди паровоза</title>
</book>
<book>
	<filename>aleshina_svetlana/aleshina_svetlana_deshevle_tolko_darom.fb2.zip</filename>
	<title>Алешина Светлана. Дешевле только даром</title>
</book>
<book>
	<filename>aleshina_svetlana/aleshina_svetlana_dyavolskii_plan.fb2.zip</filename>
	<title>Алешина Светлана. Дьявольский план</title>
</book>
<book>
	<filename>aleshina_svetlana/aleshina_svetlana_furshet_s_tragicheskim_finalom.fb2.zip</filename>
	<title>Алешина Светлана. Фуршет с трагическим финалом</title>
</book>
<book>
	<filename>aleshina_svetlana/aleshina_svetlana_lyubopytstvo_ne_porok.fb2.zip</filename>
	<title>Алешина Светлана. Любопытство не порок</title>
</book>
<book>
	<filename>aleshina_svetlana/aleshina_svetlana_lyubovnik_v_otstavke.fb2.zip</filename>
	<title>Алешина Светлана. Любовник в отставке</title>
</book>
<book>
	<filename>aleshina_svetlana/aleshina_svetlana_lyubov_zla.fb2.zip</filename>
	<title>Алешина Светлана. Любовь зла</title>
</book>
<book>
	<filename>aleshina_svetlana/aleshina_svetlana_narochno_ne_pridumaesh.fb2.zip</filename>
	<title>Алешина Светлана. Нарочно не придумаешь</title>
</book>
<book>
	<filename>aleshina_svetlana/aleshina_svetlana_ne_lyublyu_poddavki.fb2.zip</filename>
	<title>Алешина Светлана. Не люблю поддавки</title>
</book>
<book>
	<filename>aleshina_svetlana/aleshina_svetlana_predel_zla.fb2.zip</filename>
	<title>Алешина Светлана. Предел зла</title>
</book>
<book>
	<filename>aleshina_svetlana/aleshina_svetlana_prestuplenie_bez_nakazaniya.fb2.zip</filename>
	<title>Алешина Светлана. Преступление без наказания</title>
</book>
<book>
	<filename>aleshina_svetlana/aleshina_svetlana_reportazh_bez_mesta_sobytii.fb2.zip</filename>
	<title>Алешина Светлана. Репортаж без места событий</title>
</book>
<book>
	<filename>aleshina_svetlana/aleshina_svetlana_sinii_drakon.fb2.zip</filename>
	<title>Алешина Светлана. Синий дракон</title>
</book>
<book>
	<filename>aleshina_svetlana/aleshina_svetlana_sladkie_razborki.fb2.zip</filename>
	<title>Алешина Светлана. Сладкие разборки</title>
</book>
<book>
	<filename>aleshina_svetlana/aleshina_svetlana_sredstvo_ot_skuki.fb2.zip</filename>
	<title>Алешина Светлана. Средство от скуки</title>
</book>
<book>
	<filename>aleshina_svetlana/aleshina_svetlana_ten_na_pleten.fb2.zip</filename>
	<title>Алешина Светлана. Тень на плетень</title>
</book>
<book>
	<filename>aleshina_svetlana/aleshina_svetlana_zhdi_nepriyatnostei.fb2.zip</filename>
	<title>Алешина Светлана. Жди неприятностей</title>
</book>
<book>
	<filename>aleshina_yuliya/aleshina_yuliya_individualnoe_i_semeinoe_psihologicheskoe_konsultirovanie.fb2.zip</filename>
	<title>Алешина Юлия. Индивидуальное и семейное психологическое консультирование</title>
</book>
<book>
	<filename>aleshin_pavel/aleshin_pavel_albert_shesternev.fb2.zip</filename>
	<title>Алешин Павел Николаевич. Альберт Шестернев</title>
</book>
<book>
	<filename>aleshkin_petr/aleshkin_petr_otkrovenie_egora_anohina.fb2.zip</filename>
	<title>Алешкин Петр. Откровение Егора Анохина</title>
</book>
<book>
	<filename>aleshkovskii_yuz/aleshkovskii_yuz_chainki.fb2.zip</filename>
	<title>Алешковский Юз. Чаинки</title>
</book>
<book>
	<filename>aleshkovskii_yuz/aleshkovskii_yuz_karusel.fb2.zip</filename>
	<title>Алешковский Юз. Карусель</title>
</book>
<book>
	<filename>aleshkovskii_yuz/aleshkovskii_yuz_kenguru.fb2.zip</filename>
	<title>Алешковский Юз. Кенгуру</title>
</book>
<book>
	<filename>aleshkovskii_yuz/aleshkovskii_yuz_kysh_i_ya_v_krymu.fb2.zip</filename>
	<title>Алешковский Юз. Кыш и я в Крыму</title>
</book>
<book>
	<filename>aleshkovskii_yuz/aleshkovskii_yuz_maskirovka_istoriya_odnoi_bolezni.fb2.zip</filename>
	<title>Алешковский Юз. Маскировка (История одной болезни)</title>
</book>
<book>
	<filename>aleshkovskii_yuz/aleshkovskii_yuz_ruka.fb2.zip</filename>
	<title>Алешковский Юз. Рука</title>
</book>
<book>
	<filename>aleskerov_samir/aleskerov_samir_velikii_paradoks_ili_dva_pocherka_v_korane.fb2.zip</filename>
	<title>Алескеров Самир. Великий парадокс, или Два почерка в Коране</title>
</book>
<book>
	<filename>alferova_marianna/alferova_marianna_bogi_slepnut.fb2.zip</filename>
	<title>Алферова Марианна. Боги слепнут</title>
</book>
<book>
	<filename>alferova_marianna/alferova_marianna_dar_zemle.fb2.zip</filename>
	<title>Алферова Марианна. Дар – Земле</title>
</book>
<book>
	<filename>alferova_marianna/alferova_marianna_grobnicy_nemertei.fb2.zip</filename>
	<title>Алферова Марианна Владимировна. Гробницы Немертеи</title>
</book>
<book>
	<filename>alferova_marianna/alferova_marianna_hrustalnyi_labirint.fb2.zip</filename>
	<title>Алферова Марианна Владимировна. Хрустальный лабиринт</title>
</book>
<book>
	<filename>alferova_marianna/alferova_marianna_mechta_imperii.fb2.zip</filename>
	<title>Алферова Марианна. Мечта империи</title>
</book>
<book>
	<filename>alferova_marianna/alferova_marianna_peizazh_s_ostrovom_nevo.fb2.zip</filename>
	<title>Алферова Марианна. Пейзаж с островом Нево</title>
</book>
<book>
	<filename>alferova_marianna/alferova_marianna_reshetka.fb2.zip</filename>
	<title>Алферова Марианна. Решетка</title>
</book>
<book>
	<filename>alferova_marianna/alferova_marianna_salon_dlya_robota.fb2.zip</filename>
	<title>Алферова Марианна. Салон для робота</title>
</book>
<book>
	<filename>alferova_marianna/alferova_marianna_sled_na_vode.fb2.zip</filename>
	<title>Алферова Марианна Владимировна. След на воде</title>
</book>
<book>
	<filename>alferova_marianna/alferova_marianna_taina_nereidy.fb2.zip</filename>
	<title>Алферова Марианна. Тайна «Нереиды»</title>
</book>
<book>
	<filename>alferova_marianna/alferova_marianna_zhenshina_s_divanchikom.fb2.zip</filename>
	<title>Алферова Марианна. Женщина с диванчиком</title>
</book>
<book>
	<filename>alfimov_aleksandr/alfimov_aleksandr_kitaiskie_palochki_vremeni.fb2.zip</filename>
	<title>Алфимов Александр. Китайские палочки времени</title>
</book>
<book>
	<filename>aligeri_dante/aligeri_dante_bozhestvennaya_komediya.fb2.zip</filename>
	<title>Алигьери Данте. Божественная комедия</title>
</book>
<book>
	<filename>aligeri_dante/aligeri_dante_bozhestvennaya_komediya_ill_dore.fb2.zip</filename>
	<title>Алигьери Данте. Божественная комедия (илл. Доре)</title>
</book>
<book>
	<filename>aligeri_dante/aligeri_dante_sochineniya.fb2.zip</filename>
	<title>Алигьери Данте. Сочинения</title>
</book>
<book>
	<filename>alimbaev_shokan/alimbaev_shokan_bebe_v_probirke.fb2.zip</filename>
	<title>Алимбаев Шокан. Бебе в пробирке</title>
</book>
<book>
	<filename>alimbaev_shokan/alimbaev_shokan_formula_genialnosti.fb2.zip</filename>
	<title>Алимбаев Шокан. Формула гениальности</title>
</book>
<book>
	<filename>alimov_igor/alimov_igor_ne_tam_prosnulsya.fb2.zip</filename>
	<title>Алимов Игорь. Не там проснулся</title>
</book>
<book>
	<filename>alimov_igor/alimov_igor_sobaki_v_kosmose_podlinnaya_istoriya_pchelki_i_mushki.fb2.zip</filename>
	<title>Алимов Игорь. Собаки в космосе: Подлинная история Пчелки и Мушки</title>
</book>
<book>
	<filename>alister_deniza/alister_deniza_ogonek_v_nochi.fb2.zip</filename>
	<title>Алистер Дениза. Огонек в ночи</title>
</book>
<book>
	<filename>aliverdiev_andrei/aliverdiev_andrei_babayaga.fb2.zip</filename>
	<title>Аливердиев Андрей. Баба-Яга</title>
</book>
<book>
	<filename>aliverdiev_andrei/aliverdiev_andrei_koldun.fb2.zip</filename>
	<title>Аливердиев Андрей. Колдун</title>
</book>
<book>
	<filename>aliverdiev_andrei/aliverdiev_andrei_pismo.fb2.zip</filename>
	<title>Аливердиев Андрей. Письмо</title>
</book>
<book>
	<filename>aliverdiev_andrei/aliverdiev_andrei_prohodyashie_skvoz.fb2.zip</filename>
	<title>Аливердиев Андрей. Проходящие сквозь</title>
</book>
<book>
	<filename>aliverdiev_andrei/aliverdiev_andrei_skitalec.fb2.zip</filename>
	<title>Аливердиев Андрей. Скиталец</title>
</book>
<book>
	<filename>aliverdiev_andrei/aliverdiev_andrei_soprotivlyayushiesya.fb2.zip</filename>
	<title>Аливердиев Андрей. Сопротивляющиеся</title>
</book>
<book>
	<filename>alkaddafi_muammar/alkaddafi_muammar_zelenaya_kniga.fb2.zip</filename>
	<title>Аль-Каддафи Муаммар. Зеленая книга</title>
</book>
<book>
	<filename>alkaev_oleg/alkaev_oleg_rasstrelnaya_komanda.fb2.zip</filename>
	<title>Алкаев Олег. Расстрельная команда</title>
</book>
<book>
	<filename>alkin_yurii/alkin_yurii_cena_poznaniya.fb2.zip</filename>
	<title>Алкин Юрий. Цена познания</title>
</book>
<book>
	<filename>allan_yemma/allan_yemma_grubaya_torgovlya.fb2.zip</filename>
	<title>Аллан Эмма. Грубая торговля</title>
</book>
<book>
	<filename>allan_yemma/allan_yemma_kozyrnye_damy.fb2.zip</filename>
	<title>Аллан Эмма. Козырные дамы</title>
</book>
<book>
	<filename>allan_yemma/allan_yemma_princip_udovolstviya.fb2.zip</filename>
	<title>Аллан Эмма. Принцип удовольствия</title>
</book>
<book>
	<filename>allan_yemma/allan_yemma_v_poiskah_naslazhdenii.fb2.zip</filename>
	<title>Аллан Эмма. В поисках наслаждений</title>
</book>
<book>
	<filename>allan_zhanna/allan_zhanna_chudesa_vstrechayutsya.fb2.zip</filename>
	<title>Аллан Жанна. Чудеса встречаются</title>
</book>
<book>
	<filename>allan_zhanna/allan_zhanna_preodolei_sebya.fb2.zip</filename>
	<title>Аллан Жанна. Преодолей себя</title>
</book>
<book>
	<filename>allen_dina/allen_dina_pervobytnyi_instinkt.fb2.zip</filename>
	<title>Аллен Дина. Первобытный инстинкт</title>
</book>
<book>
	<filename>allen_dina/allen_dina_sgoret_dotla.fb2.zip</filename>
	<title>Аллен Дина. Сгореть дотла</title>
</book>
<book>
	<filename>allen_dyenis/allen_dyenis_ego_silnye_ruki.fb2.zip</filename>
	<title>Аллен Дэнис. Его сильные руки</title>
</book>
<book>
	<filename>allen_dyenis/allen_dyenis_nastoyashii_dzhentlmen.fb2.zip</filename>
	<title>Аллен Дэнис. Настоящий джентльмен</title>
</book>
<book>
	<filename>allen_dyenis/allen_dyenis_pomni_menya.fb2.zip</filename>
	<title>Аллен Дэнис. Помни меня</title>
</book>
<book>
	<filename>allen_dyenis/allen_dyenis_vlyublennye_soperniki.fb2.zip</filename>
	<title>Аллен Дэнис. Влюбленные соперники</title>
</book>
<book>
	<filename>allen_gervi/allen_gervi_yedgar_po.fb2.zip</filename>
	<title>Аллен Герви. Эдгар По</title>
</book>
<book>
	<filename>allen_iogannes/allen_iogannes_odnazhdy_zharkim_letom.fb2.zip</filename>
	<title>Аллен Иоганнес. Однажды жарким летом</title>
</book>
<book>
	<filename>allen_marsel/allen_marsel_mest_fantomasa.fb2.zip</filename>
	<title>Аллен Марсель. Месть Фантомаса</title>
</book>
<book>
	<filename>allen_rodzher/allen_rodzher_fakel_chesti.fb2.zip</filename>
	<title>Аллен Роджер Макбрайд. Факел чести</title>
</book>
<book>
	<filename>allen_rodzher/allen_rodzher_inferno.fb2.zip</filename>
	<title>Аллен Роджер Макбрайд. Инферно</title>
</book>
<book>
	<filename>allen_rodzher/allen_rodzher_kaliban.fb2.zip</filename>
	<title>Аллен Роджер Макбрайд. Калибан</title>
</book>
<book>
	<filename>allen_rodzher/allen_rodzher_kolco_harona.fb2.zip</filename>
	<title>Аллен Роджер Макбрайд. Кольцо Харона</title>
</book>
<book>
	<filename>allen_rodzher/allen_rodzher_korellianskaya_trilogiya1_zapadnya.fb2.zip</filename>
	<title>Аллен Роджер Макбрайд. Кореллианская трилогия-1: Западня</title>
</book>
<book>
	<filename>allen_rodzher/allen_rodzher_korellianskaya_trilogiya2_smertelnaya_shvatka.fb2.zip</filename>
	<title>Аллен Роджер Макбрайд. Кореллианская трилогия-2: Смертельная схватка</title>
</book>
<book>
	<filename>allen_rodzher/allen_rodzher_korellianskaya_trilogiya3_polet_nad_bezdnoi.fb2.zip</filename>
	<title>Аллен Роджер Макбрайд. Кореллианская трилогия-3: Полет над бездной</title>
</book>
<book>
	<filename>allen_rodzher/allen_rodzher_polet_nad_bezdnoi.fb2.zip</filename>
	<title>Аллен Роджер Макбрайд. Полет над бездной</title>
</book>
<book>
	<filename>allen_rodzher/allen_rodzher_razbitaya_sfera.fb2.zip</filename>
	<title>Аллен Роджер Макбрайд. Разбитая Сфера</title>
</book>
<book>
	<filename>allen_rodzher/allen_rodzher_smertelnaya_shvatka.fb2.zip</filename>
	<title>Аллен Роджер Макбрайд. Смертельная схватка</title>
</book>
<book>
	<filename>allen_rodzher/allen_rodzher_valgalla.fb2.zip</filename>
	<title>Аллен Роджер Макбрайд. Валгалла</title>
</book>
<book>
	<filename>allen_rodzher/allen_rodzher_vlast_moshennikov.fb2.zip</filename>
	<title>Аллен Роджер Макбрайд. Власть мошенников</title>
</book>
<book>
	<filename>allen_rodzher/allen_rodzher_zapadnya.fb2.zip</filename>
	<title>Аллен Роджер Макбрайд. Западня</title>
</book>
<book>
	<filename>allen_sara/allen_sara_sadovye_chary.fb2.zip</filename>
	<title>Аллен Сара Эдисон. Садовые чары</title>
</book>
<book>
	<filename>allen_stivi/allen_stivi_obshestvennoe_poricanie.fb2.zip</filename>
	<title>Аллен Стиви. Общественное порицание</title>
</book>
<book>
	<filename>allen_tom/allen_tom_teni_v_more.fb2.zip</filename>
	<title>Аллен Том. Тени в море</title>
</book>
<book>
	<filename>allen_vudi/allen_vudi_smert_otkryvaet_karty.fb2.zip</filename>
	<title>Аллен Вуди. Смерть открывает карты</title>
</book>
<book>
	<filename>allen_vudi/allen_vudi_zapiski_gorodskogo_nevrotika.fb2.zip</filename>
	<title>Аллен Вуди. Записки городского невротика</title>
</book>
<book>
	<filename>allilueva_svetlana/allilueva_svetlana_20_pisem_k_drugu.fb2.zip</filename>
	<title>Аллилуева Светлана Иосифовна. 20 писем к другу</title>
</book>
<book>
	<filename>allilueva_svetlana/allilueva_svetlana_dvadcat_pisem_k_drugu.fb2.zip</filename>
	<title>Аллилуева Светлана Иосифовна. Двадцать писем к другу</title>
</book>
<book>
	<filename>allilueva_svetlana/allilueva_svetlana_tolko_odin_god.fb2.zip</filename>
	<title>Аллилуева Светлана Иосифовна. Только один год</title>
</book>
<book>
	<filename>allinghyem_mardzheri/allinghyem_mardzheri_prestuplenie_v_blyek_dadli.fb2.zip</filename>
	<title>Аллингхэм Марджери. Преступление в Блэк Дадли</title>
</book>
<book>
	<filename>allinghyem_mardzheri/allinghyem_mardzheri_rabota_dlya_grobovshika.fb2.zip</filename>
	<title>Аллингхэм Марджери. Работа для гробовщика</title>
</book>
<book>
	<filename>allor_ira/allor_ira_devyatoe_kolco_ili_pestraya_kniga_ardy.fb2.zip</filename>
	<title>Аллор Ира. Девятое кольцо, или Пестрая книга Арды</title>
</book>
<book>
	<filename>alman_braian/alman_braian_samogipnoz.fb2.zip</filename>
	<title>Алман Брайан М. Самогипноз</title>
</book>
<book>
	<filename>almazov_boris/almazov_boris_lyagushonok.fb2.zip</filename>
	<title>Алмазов Борис Александрович. Лягушонок</title>
</book>
<book>
	<filename>almazov_v/almazov_v_suka_ty_pozornaya.fb2.zip</filename>
	<title>Алмазов В. К. Сука ты позорная</title>
</book>
<book>
	<filename>almera_doktor/almera_doktor_markiz_de_sad.fb2.zip</filename>
	<title>Альмера Доктор. Маркиз де Сад</title>
</book>
<book>
	<filename>almodovar_pedro/almodovar_pedro_bez_lyubvi_zhizn_ne_zovetsya_zhiznyu.fb2.zip</filename>
	<title>Альмодовар Педро. Без любви жизнь не зовется жизнью</title>
</book>
<book>
	<filename>almodovar_pedro/almodovar_pedro_dvizhenie_vpered.fb2.zip</filename>
	<title>Альмодовар Педро. Движение вперед</title>
</book>
<book>
	<filename>almodovar_pedro/almodovar_pedro_horoshee_nachalo.fb2.zip</filename>
	<title>Альмодовар Педро. Хорошее начало</title>
</book>
<book>
	<filename>almodovar_pedro/almodovar_pedro_kak_dobitsya_mirovoi_slavy_v_kinematografe.fb2.zip</filename>
	<title>Альмодовар Педро. Как добиться мировой славы в кинематографе</title>
</book>
<book>
	<filename>almodovar_pedro/almodovar_pedro_karta.fb2.zip</filename>
	<title>Альмодовар Педро. Карта</title>
</book>
<book>
	<filename>almodovar_pedro/almodovar_pedro_mody_i_nravy_devyanostyh.fb2.zip</filename>
	<title>Альмодовар Педро. Моды и нравы девяностых</title>
</book>
<book>
	<filename>almodovar_pedro/almodovar_pedro_patti_difusa_i_drugie_teksty.fb2.zip</filename>
	<title>Альмодовар Педро. Патти Дифуса и другие тексты</title>
</book>
<book>
	<filename>almodovar_pedro/almodovar_pedro_priehat_v_madrid.fb2.zip</filename>
	<title>Альмодовар Педро. Приехать в Мадрид</title>
</book>
<book>
	<filename>almodovar_pedro/almodovar_pedro_rozhdenie_dada_1978.fb2.zip</filename>
	<title>Альмодовар Педро. Рождение Дада (1978)</title>
</book>
<book>
	<filename>almodovar_pedro/almodovar_pedro_samointervyu1984.fb2.zip</filename>
	<title>Альмодовар Педро. Самоинтервью-1984</title>
</book>
<book>
	<filename>almodovar_pedro/almodovar_pedro_skarpett_ohara_nastoyashaya_urozhenka_lamanchi.fb2.zip</filename>
	<title>Альмодовар Педро. Скарпетт О'Хара, настоящая уроженка Ла-Манчи</title>
</book>
<book>
	<filename>almodovar_pedro/almodovar_pedro_ugly_i_otzvuki.fb2.zip</filename>
	<title>Альмодовар Педро. Углы и отзвуки</title>
</book>
<book>
	<filename>almodovar_pedro/almodovar_pedro_zapiski_na_vetru.fb2.zip</filename>
	<title>Альмодовар Педро. Записьки на ветру</title>
</book>
<book>
	<filename>almuntahab_/almuntahab__tafsir_alkoran.fb2.zip</filename>
	<title>Аль-Мунтахаб. Тафсир Аль-Коран</title>
</book>
<book>
	<filename>alpatov_mihail/alpatov_mihail_vadimka.fb2.zip</filename>
	<title>Алпатов Михаил Антонович. Вадимка</title>
</book>
<book>
	<filename>alshevskii_aleksandr/alshevskii_aleksandr_kniga_o_sakye.fb2.zip</filename>
	<title>Альшевский Александр Сергеевич. Книга о сакэ</title>
</book>
<book>
	<filename>alteri_alan/alteri_alan_chelovek_so_storony.fb2.zip</filename>
	<title>Алтьери Алан Д. Человек со стороны</title>
</book>
<book>
	<filename>alter_pol/alter_pol_cvety_satany.fb2.zip</filename>
	<title>Альтер Поль. Цветы Сатаны</title>
</book>


</books>
