<?xml version="1.0" encoding="UTF-8" ?>
<books>

<book>
	<filename>anderson_lin/anderson_lin_breden.fb2.zip</filename>
	<title>Андерсон Лин. Бредень</title>
</book>
<book>
	<filename>anderson_natali/anderson_natali_cvety_sudby.fb2.zip</filename>
	<title>Андерсон Натали. Цветы судьбы</title>
</book>
<book>
	<filename>anderson_patrik/anderson_patrik_lyubovnica_prezidenta.fb2.zip</filename>
	<title>Андерсон Патрик. Любовница президента</title>
</book>
<book>
	<filename>anderson_pol/anderson_pol_agent_terranskoi_imperii.fb2.zip</filename>
	<title>Андерсон Пол Уильям. Агент Терранской Империи</title>
</book>
<book>
	<filename>anderson_pol/anderson_pol_avatara.fb2.zip</filename>
	<title>Андерсон Пол. Аватара</title>
</book>
<book>
	<filename>anderson_pol/anderson_pol_beskonechnaya_igra.fb2.zip</filename>
	<title>Андерсон Пол Уильям. Бесконечная игра</title>
</book>
<book>
	<filename>anderson_pol/anderson_pol_beskrylyi.fb2.zip</filename>
	<title>Андерсон Пол. Бескрылый</title>
</book>
<book>
	<filename>anderson_pol/anderson_pol_burya_v_letnyuyu_noch.fb2.zip</filename>
	<title>Андерсон Пол. Буря в летнюю ночь</title>
</book>
<book>
	<filename>anderson_pol/anderson_pol_byt_carem.fb2.zip</filename>
	<title>Андерсон Пол Уильям. Быть царем</title>
</book>
<book>
	<filename>anderson_pol/anderson_pol_byt_trusom.fb2.zip</filename>
	<title>Андерсон Пол Уильям. Быть трусом</title>
</book>
<book>
	<filename>anderson_pol/anderson_pol_carica_vetrov_i_tmy.fb2.zip</filename>
	<title>Андерсон Пол Уильям. Царица ветров и тьмы</title>
</book>
<book>
	<filename>anderson_pol/anderson_pol_cheln_na_million_let.fb2.zip</filename>
	<title>Андерсон Пол. Челн на миллион лет</title>
</book>
<book>
	<filename>anderson_pol/anderson_pol_chelovek_kotoryi_prishel_slishkom_rano.fb2.zip</filename>
	<title>Андерсон Пол Уильям. Человек, который пришел слишком рано</title>
</book>
<book>
	<filename>anderson_pol/anderson_pol_chertogi_myerfi.fb2.zip</filename>
	<title>Андерсон Пол Уильям. Чертоги Мэрфи</title>
</book>
<book>
	<filename>anderson_pol/anderson_pol_chetyrezhdy_eva.fb2.zip</filename>
	<title>Андерсон Пол Уильям. Четырежды Ева</title>
</book>
<book>
	<filename>anderson_pol/anderson_pol_chuvstva_inkorporeited.fb2.zip</filename>
	<title>Андерсон Пол Уильям. Чувства, Инкорпорейтед</title>
</book>
<book>
	<filename>anderson_pol/anderson_pol_chuvstvitelnyi_chelovek.fb2.zip</filename>
	<title>Андерсон Пол Уильям. Чувствительный человек</title>
</book>
<book>
	<filename>anderson_pol/anderson_pol_dahut_doch_korolya.fb2.zip</filename>
	<title>Андерсон Пол Уильям. Дахут, дочь короля</title>
</book>
<book>
	<filename>anderson_pol/anderson_pol_dalekie_vospominaniya.fb2.zip</filename>
	<title>Андерсон Пол Уильям. Далекие воспоминания</title>
</book>
<book>
	<filename>anderson_pol/anderson_pol_demon_ostrova_skatteri.fb2.zip</filename>
	<title>Андерсон Пол Уильям. Демон острова Скаттери</title>
</book>
<book>
	<filename>anderson_pol/anderson_pol_den_kogda_oni_vozvratilis.fb2.zip</filename>
	<title>Андерсон Пол Уильям. День, когда они возвратились</title>
</book>
<book>
	<filename>anderson_pol/anderson_pol_den_prichastiya.fb2.zip</filename>
	<title>Андерсон Пол Уильям. День причастия</title>
</book>
<book>
	<filename>anderson_pol/anderson_pol_deti_morskogo_carya.fb2.zip</filename>
	<title>Андерсон Пол. Дети Морского Царя</title>
</book>
<book>
	<filename>anderson_pol/anderson_pol_devyat_korolev.fb2.zip</filename>
	<title>Андерсон Пол Уильям. Девять королев</title>
</book>
<book>
	<filename>anderson_pol/anderson_pol_dolgaya_doroga_domoi_dolgii_put_domoi_u_nih_net_mira.fb2.zip</filename>
	<title>Андерсон Пол. Долгая дорога домой [Долгий путь домой, У них нет мира]</title>
</book>
<book>
	<filename>anderson_pol/anderson_pol_dolgaya_loroga_domoi.fb2.zip</filename>
	<title>Андерсон Пол. Долгая лорога домой</title>
</book>
<book>
	<filename>anderson_pol/anderson_pol_dostoinye_soperniki.fb2.zip</filename>
	<title>Андерсон Пол Уильям. Достойные соперники</title>
</book>
<book>
	<filename>anderson_pol/anderson_pol_duyel_na_marse.fb2.zip</filename>
	<title>Андерсон Пол Уильям. Дуэль на Марсе</title>
</book>
<book>
	<filename>anderson_pol/anderson_pol_eutopiya.fb2.zip</filename>
	<title>Андерсон Пол Уильям. Еутопия</title>
</book>
<book>
	<filename>anderson_pol/anderson_pol_flyendri_s_terry.fb2.zip</filename>
	<title>Андерсон Пол Уильям. Флэндри с Терры</title>
</book>
<book>
	<filename>anderson_pol/anderson_pol_forpost_imperii.fb2.zip</filename>
	<title>Андерсон Пол. Форпост Империи</title>
</book>
<book>
	<filename>anderson_pol/anderson_pol_gallskie_vedmy.fb2.zip</filename>
	<title>Андерсон Пол Уильям. Галльские ведьмы</title>
</book>
<book>
	<filename>anderson_pol/anderson_pol_geroicheskaya_lichnost.fb2.zip</filename>
	<title>Андерсон Пол. Героическая личность</title>
</book>
<book>
	<filename>anderson_pol/anderson_pol_getto.fb2.zip</filename>
	<title>Андерсон Пол Уильям. Гетто</title>
</book>
<book>
	<filename>anderson_pol/anderson_pol_gosudarstvennaya_izmena.fb2.zip</filename>
	<title>Андерсон Пол Уильям. Государственная измена</title>
</book>
<book>
	<filename>anderson_pol/anderson_pol_isav.fb2.zip</filename>
	<title>Андерсон Пол Уильям. Исав</title>
</book>
<book>
	<filename>anderson_pol/anderson_pol_kladovaya_vekov.fb2.zip</filename>
	<title>Андерсон Пол Уильям. Кладовая веков</title>
</book>
<book>
	<filename>anderson_pol/anderson_pol_kokon.fb2.zip</filename>
	<title>Андерсон Пол. Кокон</title>
</book>
<book>
	<filename>anderson_pol/anderson_pol_konec_puti.fb2.zip</filename>
	<title>Андерсон Пол Уильям. Конец пути</title>
</book>
<book>
	<filename>anderson_pol/anderson_pol_koridory_vremeni.fb2.zip</filename>
	<title>Андерсон Пол. Коридоры времени</title>
</book>
<book>
	<filename>anderson_pol/anderson_pol_koroli_na_zaklanie.fb2.zip</filename>
	<title>Андерсон Пол Уильям. Короли на заклание</title>
</book>
<book>
	<filename>anderson_pol/anderson_pol_koyefficient_pribyli.fb2.zip</filename>
	<title>Андерсон Пол Уильям. Коэффициент прибыли</title>
</book>
<book>
	<filename>anderson_pol/anderson_pol_krestonoscy_kosmosa.fb2.zip</filename>
	<title>Андерсон Пол. Крестоносцы космоса</title>
</book>
<book>
	<filename>anderson_pol/anderson_pol_krestovyi_pohod_v_nebesa.fb2.zip</filename>
	<title>Андерсон Пол Уильям. Крестовый поход в небеса</title>
</book>
<book>
	<filename>anderson_pol/anderson_pol_krylya_pobedy.fb2.zip</filename>
	<title>Андерсон Пол Уильям. Крылья победы</title>
</book>
<book>
	<filename>anderson_pol/anderson_pol_lakomyi_kusok.fb2.zip</filename>
	<title>Андерсон Пол Уильям. Лакомый кусок</title>
</book>
<book>
	<filename>anderson_pol/anderson_pol_litaniya.fb2.zip</filename>
	<title>Андерсон Пол Уильям. Литания</title>
</book>
<book>
	<filename>anderson_pol/anderson_pol_lyudi_neba.fb2.zip</filename>
	<title>Андерсон Пол Уильям. Люди неба</title>
</book>
<book>
	<filename>anderson_pol/anderson_pol_lyudi_vetra.fb2.zip</filename>
	<title>Андерсон Пол. Люди ветра</title>
</book>
<book>
	<filename>anderson_pol/anderson_pol_maroder.fb2.zip</filename>
	<title>Андерсон Пол Уильям. Мародер</title>
</book>
<book>
	<filename>anderson_pol/anderson_pol_melkaya_podrobnost.fb2.zip</filename>
	<title>Андерсон Пол. Мелкая подробность</title>
</book>
<book>
	<filename>anderson_pol/anderson_pol_michman_flyendri.fb2.zip</filename>
	<title>Андерсон Пол Уильям. Мичман Флэндри</title>
</book>
<book>
	<filename>anderson_pol/anderson_pol_mir_bez_zvezd.fb2.zip</filename>
	<title>Андерсон Пол Уильям. Мир без звезд</title>
</book>
<book>
	<filename>anderson_pol/anderson_pol_musorshiki_luny.fb2.zip</filename>
	<title>Андерсон Пол Уильям. Мусорщики Луны</title>
</book>
<book>
	<filename>anderson_pol/anderson_pol_myatezhnye_miry.fb2.zip</filename>
	<title>Андерсон Пол Уильям. Мятежные миры</title>
</book>
<book>
	<filename>anderson_pol/anderson_pol_my_vybiraem_zvezdy.fb2.zip</filename>
	<title>Андерсон Пол Уильям. Мы выбираем звезды</title>
</book>
<book>
	<filename>anderson_pol/anderson_pol_nam_pozhalui_pora_idti.fb2.zip</filename>
	<title>Андерсон Пол Уильям. Нам, пожалуй, пора идти</title>
</book>
<book>
	<filename>anderson_pol/anderson_pol_nastanet_vremya.fb2.zip</filename>
	<title>Андерсон Пол Уильям. Настанет время</title>
</book>
<book>
	<filename>anderson_pol/anderson_pol_nelimitirovannaya_orbita.fb2.zip</filename>
	<title>Андерсон Пол. Нелимитированная орбита</title>
</book>
<book>
	<filename>anderson_pol/anderson_pol_net_mira_s_korolyami.fb2.zip</filename>
	<title>Андерсон Пол Уильям. Нет мира с королями</title>
</book>
<book>
	<filename>anderson_pol/anderson_pol_nevidimoe_solnce.fb2.zip</filename>
	<title>Андерсон Пол Уильям. Невидимое солнце</title>
</book>
<book>
	<filename>anderson_pol/anderson_pol_nochnoe_lico.fb2.zip</filename>
	<title>Андерсон Пол Уильям. Ночное лицо</title>
</book>
<book>
	<filename>anderson_pol/anderson_pol_obitel_mraka.fb2.zip</filename>
	<title>Андерсон Пол Уильям. Обитель мрака</title>
</book>
<book>
	<filename>anderson_pol/anderson_pol_operaciya_haos.fb2.zip</filename>
	<title>Андерсон Пол. Операция «Хаос»</title>
</book>
<book>
	<filename>anderson_pol/anderson_pol_operaciya_luna.fb2.zip</filename>
	<title>Андерсон Пол. Операция «Луна»</title>
</book>
<book>
	<filename>anderson_pol/anderson_pol_orion_vzoidet.fb2.zip</filename>
	<title>Андерсон Пол. Орион взойдет</title>
</book>
<book>
	<filename>anderson_pol/anderson_pol_pamyat.fb2.zip</filename>
	<title>Андерсон Пол Уильям. Память</title>
</book>
<book>
	<filename>anderson_pol/anderson_pol_patrul_vremeni.fb2.zip</filename>
	<title>Андерсон Пол Уильям. Патруль времени</title>
</book>
<book>
	<filename>anderson_pol/anderson_pol_pegii_gippogrif.fb2.zip</filename>
	<title>Андерсон Пол Уильям. Пегий гиппогриф</title>
</book>
<book>
	<filename>anderson_pol/anderson_pol_pevec.fb2.zip</filename>
	<title>Андерсон Пол Уильям. Певец</title>
</book>
<book>
	<filename>anderson_pol/anderson_pol_planeta_s_kotoroi_ne_vozvrashayutsya.fb2.zip</filename>
	<title>Андерсон Пол. Планета, с которой не возвращаются</title>
</book>
<book>
	<filename>anderson_pol/anderson_pol_polet_v_navsegda.fb2.zip</filename>
	<title>Андерсон Пол. Полет в навсегда</title>
</book>
<book>
	<filename>anderson_pol/anderson_pol_poslednee_chudovishe.fb2.zip</filename>
	<title>Андерсон Пол Уильям. Последнее чудовище</title>
</book>
<book>
	<filename>anderson_pol/anderson_pol_poslednie_iz_mogikan.fb2.zip</filename>
	<title>Андерсон Пол Уильям. Последние из могикан</title>
</book>
<book>
	<filename>anderson_pol/anderson_pol_posle_sudnogo_dnya.fb2.zip</filename>
	<title>Андерсон Пол Уильям. После судного дня</title>
</book>
<book>
	<filename>anderson_pol/anderson_pol_povorotnyi_punkt.fb2.zip</filename>
	<title>Андерсон Пол Уильям. Поворотный пункт</title>
</book>
<book>
	<filename>anderson_pol/anderson_pol_pravo_pervorodstva.fb2.zip</filename>
	<title>Андерсон Пол Уильям. Право первородства</title>
</book>
<book>
	<filename>anderson_pol/anderson_pol_problema_stradaniya.fb2.zip</filename>
	<title>Андерсон пол Уильям. Проблема страдания</title>
</book>
<book>
	<filename>anderson_pol/anderson_pol_putevodnaya_zvezda.fb2.zip</filename>
	<title>Андерсон Пол. Путеводная звезда</title>
</book>
<book>
	<filename>anderson_pol/anderson_pol_rol_chelovechiny.fb2.zip</filename>
	<title>Андерсон Пол Уильям. Роль человечины</title>
</book>
<book>
	<filename>anderson_pol/anderson_pol_ruka_pomoshi.fb2.zip</filename>
	<title>Андерсон Пол Уильям. Рука помощи</title>
</book>
<book>
	<filename>anderson_pol/anderson_pol_saga_o_hrolfe_zherdinke.fb2.zip</filename>
	<title>Андерсон Пол Уильям. Сага о Хрольфе Жердинке</title>
</book>
<book>
	<filename>anderson_pol/anderson_pol_samodelnaya_raketa.fb2.zip</filename>
	<title>Андерсон Пол Уильям. Самодельная ракета</title>
</book>
<book>
	<filename>anderson_pol/anderson_pol_samoe_dolgoe_plavanie.fb2.zip</filename>
	<title>Андерсон Пол Уильям. Самое долгое плавание</title>
</book>
<book>
	<filename>anderson_pol/anderson_pol_samyi_bystryi_sposob_stat_yetnologom.fb2.zip</filename>
	<title>Андерсон Пол Уильям. Самый быстрый способ стать этнологом</title>
</book>
<book>
	<filename>anderson_pol/anderson_pol_sataninskie_igry.fb2.zip</filename>
	<title>Андерсон Пол. Сатанинские игры</title>
</book>
<book>
	<filename>anderson_pol/anderson_pol_sdvig_vo_vremeni.fb2.zip</filename>
	<title>Андерсон Пол Уильям. Сдвиг во времени</title>
</book>
<book>
	<filename>anderson_pol/anderson_pol_sekira_sveta.fb2.zip</filename>
	<title>Андерсон Пол. Секира света</title>
</book>
<book>
	<filename>anderson_pol/anderson_pol_sestra_zemli.fb2.zip</filename>
	<title>Андерсон Пол Уильям. Сестра Земли</title>
</book>
<book>
	<filename>anderson_pol/anderson_pol_sezon_prosheniya.fb2.zip</filename>
	<title>Андерсон Пол Уильям. Сезон прощения</title>
</book>
<book>
	<filename>anderson_pol/anderson_pol_shchit.fb2.zip</filename>
	<title>Андерсон Пол. Щит</title>
</book>
<book>
	<filename>anderson_pol/anderson_pol_shchit_vremen.fb2.zip</filename>
	<title>Андерсон Пол Уильям. Щит времен</title>
</book>
<book>
	<filename>anderson_pol/anderson_pol_sherif_kanona_galch.fb2.zip</filename>
	<title>Андерсон Пол Уильям. Шериф Каньона Галч</title>
</book>
<book>
	<filename>anderson_pol/anderson_pol_shit.fb2.zip</filename>
	<title>Андерсон Пол Уильям. Щит</title>
</book>
<book>
	<filename>anderson_pol/anderson_pol_shit_vremen.fb2.zip</filename>
	<title>Андерсон Пол Уильям. Щит времен</title>
</book>
<book>
	<filename>anderson_pol/anderson_pol_slomannyi_mech.fb2.zip</filename>
	<title>Андерсон Пол. Сломанный меч</title>
</book>
<book>
	<filename>anderson_pol/anderson_pol_sokrovisha_marsianskoi_korony.fb2.zip</filename>
	<title>Андерсон Пол Уильям. Сокровища марсианской короны</title>
</book>
<book>
	<filename>anderson_pol/anderson_pol_spasenie_na_avalone.fb2.zip</filename>
	<title>Андерсон Пол. Спасение на Авалоне</title>
</book>
<book>
	<filename>anderson_pol/anderson_pol_sumerechnyi_mir.fb2.zip</filename>
	<title>Андерсон Пол Уильям. Сумеречный мир</title>
</book>
<book>
	<filename>anderson_pol/anderson_pol_svet.fb2.zip</filename>
	<title>Андерсон Пол Уильям. Свет</title>
</book>
<book>
	<filename>anderson_pol/anderson_pol_tancovshica_iz_atlantidy.fb2.zip</filename>
	<title>Андерсон Пол Уильям. Танцовщица из Атлантиды</title>
</book>
<book>
	<filename>anderson_pol/anderson_pol_tau_nol.fb2.zip</filename>
	<title>Андерсон Пол. Тау ноль</title>
</book>
<book>
	<filename>anderson_pol/anderson_pol_tormoz.fb2.zip</filename>
	<title>Андерсон Пол Уильям. Тормоз</title>
</book>
<book>
	<filename>anderson_pol/anderson_pol_treugolnoe_koleso.fb2.zip</filename>
	<title>Андерсон Пол Уильям. Треугольное колесо</title>
</book>
<book>
	<filename>anderson_pol/anderson_pol_tri_serdca_i_tri_lva.fb2.zip</filename>
	<title>Андерсон Пол. Три сердца и три льва</title>
</book>
<book>
	<filename>anderson_pol/anderson_pol_ubit_marsianina.fb2.zip</filename>
	<title>Андерсон Пол Уильям. Убить марсианина</title>
</book>
<book>
	<filename>anderson_pol/anderson_pol_ushelec.fb2.zip</filename>
	<title>Андерсон Пол. Ушелец</title>
</book>
<book>
	<filename>anderson_pol/anderson_pol_vlastelin_tysyachi_solnc.fb2.zip</filename>
	<title>Андерсон Пол Уильям. Властелин тысячи солнц</title>
</book>
<book>
	<filename>anderson_pol/anderson_pol_voina_dvuh_mirov.fb2.zip</filename>
	<title>Андерсон Пол Уильям. Война двух миров</title>
</book>
<book>
	<filename>anderson_pol/anderson_pol_voina_krylatyh_lyudei.fb2.zip</filename>
	<title>Андерсон Пол Уильям. Война крылатых людей</title>
</book>
<book>
	<filename>anderson_pol/anderson_pol_voinstvennyi_belyi_korol.fb2.zip</filename>
	<title>Андерсон Пол Уильям. Воинственный белый король</title>
</book>
<book>
	<filename>anderson_pol/anderson_pol_volna_mozga.fb2.zip</filename>
	<title>Андерсон Пол Уильям. Волна мозга</title>
</book>
<book>
	<filename>anderson_pol/anderson_pol_vozmutiteli_spokoistviya.fb2.zip</filename>
	<title>Андерсон Пол Уильям. Возмутители спокойствия</title>
</book>
<book>
	<filename>anderson_pol/anderson_pol_vrazhdebnye_zvezdy.fb2.zip</filename>
	<title>Андерсон Пол. Враждебные звезды</title>
</book>
<book>
	<filename>anderson_pol/anderson_pol_vremya_ognya.fb2.zip</filename>
	<title>Андерсон Пол. Время Огня</title>
</book>
<book>
	<filename>anderson_pol/anderson_pol_vse_krugi_ada.fb2.zip</filename>
	<title>Андерсон Пол Уильям. Все круги ада</title>
</book>
<book>
	<filename>anderson_pol/anderson_pol_vypolnennoe_zadanie.fb2.zip</filename>
	<title>Андерсон Пол Уильям. Выполненное задание</title>
</book>
<book>
	<filename>anderson_pol/anderson_pol_yepilog.fb2.zip</filename>
	<title>Андерсон Пол Уильям. Эпилог</title>
</book>
<book>
	<filename>anderson_pol/anderson_pol_zaderzhka_v_razvitii.fb2.zip</filename>
	<title>Андерсон Пол Уильям. Задержка в развитии</title>
</book>
<book>
	<filename>anderson_pol/anderson_pol_zavoevat_tri_mira.fb2.zip</filename>
	<title>Андерсон Пол. Завоевать три мира</title>
</book>
<book>
	<filename>anderson_pol/anderson_pol_zelenaya_ruka.fb2.zip</filename>
	<title>Андерсон Пол Уильям. Зеленая рука</title>
</book>
<book>
	<filename>anderson_pol/anderson_pol_zemlyanin_poberegis.fb2.zip</filename>
	<title>Андерсон Пол Уильям. Землянин, поберегись!</title>
</book>
<book>
	<filename>anderson_pol/anderson_pol_zovite_menya_dzho.fb2.zip</filename>
	<title>Андерсон Пол Уильям. Зовите меня Джо</title>
</book>
<book>
	<filename>anderson_pol/anderson_pol_zvezdnyi_lis.fb2.zip</filename>
	<title>Андерсон Пол. Звездный лис</title>
</book>
<book>
	<filename>anderson_pol/anderson_pol_zvezdnyi_torgovec.fb2.zip</filename>
	<title>Андерсон Пол Уильям. Звездный торговец</title>
</book>
<book>
	<filename>anderson_pol/anderson_pol_zvezdnyi_tuman.fb2.zip</filename>
	<title>Андерсон Пол Уильям. Звездный туман</title>
</book>
<book>
	<filename>anderson_sheril/anderson_sheril_rokovye_shpilki.fb2.zip</filename>
	<title>Андерсон Шерил. Роковые шпильки</title>
</book>
<book>
	<filename>anderson_syuzen/anderson_syuzen_bud_moei_malyshka.fb2.zip</filename>
	<title>Андерсон Сьюзен. Будь моей, малышка</title>
</book>
<book>
	<filename>anderson_syuzen/anderson_syuzen_byebi_ya_tvoi.fb2.zip</filename>
	<title>Андерсон Сьюзен. Бэби, я твой</title>
</book>
<book>
	<filename>anderson_syuzen/anderson_syuzen_goryachie_i_nervnye.fb2.zip</filename>
	<title>Андерсон Сьюзен. Горячие и нервные</title>
</book>
<book>
	<filename>anderson_syuzen/anderson_syuzen_ne_uhodi_lyubimaya.fb2.zip</filename>
	<title>Андерсон Сьюзен. Не уходи, любимая</title>
</book>
<book>
	<filename>anderson_syuzen/anderson_syuzen_skrytoi_kameroi.fb2.zip</filename>
	<title>Андерсон Сьюзен. Скрытой камерой</title>
</book>
<book>
	<filename>anderson_syuzen/anderson_syuzen_tanec_tenei.fb2.zip</filename>
	<title>Андерсон Сьюзен. Танец теней</title>
</book>
<book>
	<filename>anderson_syuzen/anderson_syuzen_vverh_tormashkami.fb2.zip</filename>
	<title>Андерсон Сьюзен. Вверх тормашками</title>
</book>
<book>
	<filename>andersson_din/andersson_din_pesn_krovi.fb2.zip</filename>
	<title>Андерссон Дин. Песнь Крови</title>
</book>
<book>
	<filename>andersson_din/andersson_din_zhazhda_mesti.fb2.zip</filename>
	<title>Андерссон Дин. Жажда мести</title>
</book>
<book>
	<filename>andreev_a/andreev_a_istoriya_kryma.fb2.zip</filename>
	<title>Андреев А. Р. История Крыма</title>
</book>
<book>
	<filename>andreeva_iskra/andreeva_iskra_shopengauyer.fb2.zip</filename>
	<title>Андреева Искра Степановна. Шопенгауэр</title>
</book>
<book>
	<filename>andreev_aleksandr/andreev_aleksandr_istoriya_kryma.fb2.zip</filename>
	<title>Андреев Александр Р. История Крыма</title>
</book>
<book>
	<filename>andreev_aleksei/andreev_aleksei_ohota_na_krys.fb2.zip</filename>
	<title>Андреев Алексей. Охота на Крыс</title>
</book>
<book>
	<filename>andreev_aleksei/andreev_aleksei_put_k_perevalu.fb2.zip</filename>
	<title>Андреев Алексей. Путь к Перевалу</title>
</book>
<book>
	<filename>andreeva_natalya/andreeva_natalya_probka.fb2.zip</filename>
	<title>Андреева Наталья Вячеславовна. Пробка</title>
</book>
<book>
	<filename>andreeva_natalya/andreeva_natalya_solo_dlya_pistoleta_s_orkestrom.fb2.zip</filename>
	<title>Андреева Наталья. Соло для пистолета с оркестром</title>
</book>
<book>
	<filename>andreev_anatolii/andreev_anatolii_zvezdy_poslednii_luch.fb2.zip</filename>
	<title>Андреев Анатолий. Звезды последний луч</title>
</book>
<book>
	<filename>andreeva_yuliya/andreeva_yuliya_dvoinik_zhanny_de_ark.fb2.zip</filename>
	<title>Андреева Юлия. Двойник Жанны де Арк</title>
</book>
<book>
	<filename>andreeva_yuliya/andreeva_yuliya_feniks.fb2.zip</filename>
	<title>Андреева Юлия. Феникс</title>
</book>
<book>
	<filename>andreeva_yuliya/andreeva_yuliya_geimer.fb2.zip</filename>
	<title>Андреева Юлия. Геймер</title>
</book>
<book>
	<filename>andreeva_yuliya/andreeva_yuliya_poslednii_rycar_tuluzy.fb2.zip</filename>
	<title>Андреева Юлия. Последний рыцарь Тулузы</title>
</book>
<book>
	<filename>andreeva_yuliya/andreeva_yuliya_rycar_graalya.fb2.zip</filename>
	<title>Андреева Юлия. Рыцарь Грааля</title>
</book>
<book>
	<filename>andreev_igor/andreev_igor_proryv.fb2.zip</filename>
	<title>Андреев Игорь. Прорыв</title>
</book>
<book>
	<filename>andreev_kirill/andreev_kirill_tri_zhizni_zhyulya_verna.fb2.zip</filename>
	<title>Андреев Кирилл Константинович. Три жизни Жюля Верна</title>
</book>
<book>
	<filename>andreev_leonid/andreev_leonid_anatyema.fb2.zip</filename>
	<title>Андреев Леонид Николаевич. Анатэма</title>
</book>
<book>
	<filename>andreev_leonid/andreev_leonid_anfisa.fb2.zip</filename>
	<title>Андреев Леонид Николаевич. Анфиса</title>
</book>
<book>
	<filename>andreev_leonid/andreev_leonid_angelochek.fb2.zip</filename>
	<title>Андреев Леонид Николаевич. Ангелочек</title>
</book>
<book>
	<filename>andreev_leonid/andreev_leonid_bargamot_i_garaska.fb2.zip</filename>
	<title>Андреев Леонид Николаевич. Баргамот и Гараська</title>
</book>
<book>
	<filename>andreev_leonid/andreev_leonid_bentovit.fb2.zip</filename>
	<title>Андреев Леонид Николаевич. Бен-Товит</title>
</book>
<book>
	<filename>andreev_leonid/andreev_leonid_bezdna.fb2.zip</filename>
	<title>Андреев Леонид Николаевич. Бездна</title>
</book>
<book>
	<filename>andreev_leonid/andreev_leonid_bolshoi_shlem.fb2.zip</filename>
	<title>Андреев Леонид Николаевич. Большой шлем</title>
</book>
<book>
	<filename>andreev_leonid/andreev_leonid_car_golod.fb2.zip</filename>
	<title>Андреев Леонид Николаевич. Царь голод</title>
</book>
<book>
	<filename>andreev_leonid/andreev_leonid_chto_videla_galka.fb2.zip</filename>
	<title>Андреев Леонид Николаевич. Что видела галка</title>
</book>
<book>
	<filename>andreev_leonid/andreev_leonid_chyornye_maski.fb2.zip</filename>
	<title>Андреев Леонид Николаевич. Чёрные маски</title>
</book>
<book>
	<filename>andreev_leonid/andreev_leonid_cvetok_pod_nogoyu.fb2.zip</filename>
	<title>Андреев Леонид Николаевич. Цветок под ногою</title>
</book>
<book>
	<filename>andreev_leonid/andreev_leonid_den_gneva.fb2.zip</filename>
	<title>Андреев Леонид Николаевич. День гнева</title>
</book>
<book>
	<filename>andreev_leonid/andreev_leonid_dnevnik_satany.fb2.zip</filename>
	<title>Андреев Леонид Николаевич. Дневник Сатаны</title>
</book>
<book>
	<filename>andreev_leonid/andreev_leonid_drug.fb2.zip</filename>
	<title>Андреев Леонид Николаевич. Друг</title>
</book>
<book>
	<filename>andreev_leonid/andreev_leonid_dva_pisma.fb2.zip</filename>
	<title>Андреев Леонид Николаевич. Два письма</title>
</book>
<book>
	<filename>andreev_leonid/andreev_leonid_ekaterina_ivanovna.fb2.zip</filename>
	<title>Андреев Леонид Николаевич. Екатерина Ивановна</title>
</book>
<book>
	<filename>andreev_leonid/andreev_leonid_eleazar.fb2.zip</filename>
	<title>Андреев Леонид Николаевич. Елеазар</title>
</book>
<book>
	<filename>andreev_leonid/andreev_leonid_gaudeamus.fb2.zip</filename>
	<title>Андреев Леонид Николаевич. «Gaudeamus»</title>
</book>
<book>
	<filename>andreev_leonid/andreev_leonid_gorod.fb2.zip</filename>
	<title>Андреев Леонид Николаевич. Город</title>
</book>
<book>
	<filename>andreev_leonid/andreev_leonid_gostinec.fb2.zip</filename>
	<title>Андреев Леонид Николаевич. Гостинец</title>
</book>
<book>
	<filename>andreev_leonid/andreev_leonid_gubernator.fb2.zip</filename>
	<title>Андреев Леонид Николаевич. Губернатор</title>
</book>
<book>
	<filename>andreev_leonid/andreev_leonid_hristiane.fb2.zip</filename>
	<title>Андреев Леонид Николаевич. Христиане</title>
</book>
<book>
	<filename>andreev_leonid/andreev_leonid_igo_voiny.fb2.zip</filename>
	<title>Андреев Леонид Николаевич. Иго войны</title>
</book>
<book>
	<filename>andreev_leonid/andreev_leonid_inostranec.fb2.zip</filename>
	<title>Андреев Леонид Николаевич. Иностранец</title>
</book>
<book>
	<filename>andreev_leonid/andreev_leonid_ipatov.fb2.zip</filename>
	<title>Андреев Леонид Николаевич. Ипатов</title>
</book>
<book>
	<filename>andreev_leonid/andreev_leonid_iuda_iskariot.fb2.zip</filename>
	<title>Андреев Леонид Николаевич. Иуда Искариот</title>
</book>
<book>
	<filename>andreev_leonid/andreev_leonid_ivan_ivanovich.fb2.zip</filename>
	<title>Андреев Леонид Николаевич. Иван Иванович</title>
</book>
<book>
	<filename>andreev_leonid/andreev_leonid_iz_rasskaza_kotoryi_nikogda_ne_budet_okonchen.fb2.zip</filename>
	<title>Андреев Леонид Николаевич. Из рассказа, который никогда не будет окончен</title>
</book>
<book>
	<filename>andreev_leonid/andreev_leonid_iz_zhizni_shtabskapitana_kablukova.fb2.zip</filename>
	<title>Андреев Леонид Николаевич. Из жизни штабс-капитана Каблукова</title>
</book>
<book>
	<filename>andreev_leonid/andreev_leonid_kniga.fb2.zip</filename>
	<title>Андреев Леонид Николаевич. Книга</title>
</book>
<book>
	<filename>andreev_leonid/andreev_leonid_krasnyi_smeh.fb2.zip</filename>
	<title>Андреев Леонид Николаевич. Красный смех</title>
</book>
<book>
	<filename>andreev_leonid/andreev_leonid_kusaka.fb2.zip</filename>
	<title>Андреев Леонид Николаевич. Кусака</title>
</book>
<book>
	<filename>andreev_leonid/andreev_leonid_k_zvyozdam.fb2.zip</filename>
	<title>Андреев Леонид Николаевич. К звёздам</title>
</book>
<book>
	<filename>andreev_leonid/andreev_leonid_lozh.fb2.zip</filename>
	<title>Андреев Леонид Николаевич. Ложь</title>
</book>
<book>
	<filename>andreev_leonid/andreev_leonid_marseleza.fb2.zip</filename>
	<title>Андреев Леонид Николаевич. Марсельеза</title>
</book>
<book>
	<filename>andreev_leonid/andreev_leonid_melkom.fb2.zip</filename>
	<title>Андреев Леонид Николаевич. Мельком</title>
</book>
<book>
	<filename>andreev_leonid/andreev_leonid_moi_anekdoty.fb2.zip</filename>
	<title>Андреев Леонид Николаевич. Мои анекдоты</title>
</book>
<book>
	<filename>andreev_leonid/andreev_leonid_moi_zapiski.fb2.zip</filename>
	<title>Андреев Леонид Николаевич. Мои записки</title>
</book>
<book>
	<filename>andreev_leonid/andreev_leonid_molchanie.fb2.zip</filename>
	<title>Андреев Леонид Николаевич. Молчание</title>
</book>
<book>
	<filename>andreev_leonid/andreev_leonid_molodezh.fb2.zip</filename>
	<title>Андреев Леонид Николаевич. Молодежь</title>
</book>
<book>
	<filename>andreev_leonid/andreev_leonid_mysl.fb2.zip</filename>
	<title>Андреев Леонид Николаевич. Мысль</title>
</book>
<book>
	<filename>andreev_leonid/andreev_leonid_nabat.fb2.zip</filename>
	<title>Андреев Леонид Николаевич. Набат</title>
</book>
<book>
	<filename>andreev_leonid/andreev_leonid_na_reke.fb2.zip</filename>
	<title>Андреев Леонид Николаевич. На реке</title>
</book>
<book>
	<filename>andreev_leonid/andreev_leonid_na_stancii.fb2.zip</filename>
	<title>Андреев Леонид Николаевич. На станции</title>
</book>
<book>
	<filename>andreev_leonid/andreev_leonid_net_prosheniya.fb2.zip</filename>
	<title>Андреев Леонид Николаевич. Нет прощения</title>
</book>
<book>
	<filename>andreev_leonid/andreev_leonid_nochnoi_razgovor.fb2.zip</filename>
	<title>Андреев Леонид Николаевич. Ночной разговор</title>
</book>
<book>
	<filename>andreev_leonid/andreev_leonid_okean.fb2.zip</filename>
	<title>Андреев Леонид Николаевич. Океан</title>
</book>
<book>
	<filename>andreev_leonid/andreev_leonid_on.fb2.zip</filename>
	<title>Андреев Леонид Николаевич. Он</title>
</book>
<book>
	<filename>andreev_leonid/andreev_leonid_originalnyi_chelovek.fb2.zip</filename>
	<title>Андреев Леонид Николаевич. Оригинальный человек</title>
</book>
<book>
	<filename>andreev_leonid/andreev_leonid_osly.fb2.zip</filename>
	<title>Андреев Леонид Николаевич. Ослы</title>
</book>
<book>
	<filename>andreev_leonid/andreev_leonid_pervyi_gonorar.fb2.zip</filename>
	<title>Андреев Леонид Николаевич. Первый гонорар</title>
</book>
<book>
	<filename>andreev_leonid/andreev_leonid_petka_na_dache.fb2.zip</filename>
	<title>Андреев Леонид Николаевич. Петька на даче</title>
</book>
<book>
	<filename>andreev_leonid/andreev_leonid_pokoi.fb2.zip</filename>
	<title>Андреев Леонид Николаевич. Покой</title>
</book>
<book>
	<filename>andreev_leonid/andreev_leonid_pravila_dobra.fb2.zip</filename>
	<title>Андреев Леонид Николаевич. Правила добра</title>
</book>
<book>
	<filename>andreev_leonid/andreev_leonid_prazdnik.fb2.zip</filename>
	<title>Андреев Леонид Николаевич. Праздник</title>
</book>
<book>
	<filename>andreev_leonid/andreev_leonid_predstoyala_krazha.fb2.zip</filename>
	<title>Андреев Леонид Николаевич. Предстояла кража</title>
</book>
<book>
	<filename>andreev_leonid/andreev_leonid_prekrasna_zhizn_dlya_voskresshih.fb2.zip</filename>
	<title>Андреев Леонид Николаевич. Прекрасна жизнь для воскресших</title>
</book>
<book>
	<filename>andreev_leonid/andreev_leonid_prizraki.fb2.zip</filename>
	<title>Андреев Леонид Николаевич. Призраки</title>
</book>
<book>
	<filename>andreev_leonid/andreev_leonid_professor_storicyn.fb2.zip</filename>
	<title>Андреев Леонид Николаевич. Профессор Сторицын</title>
</book>
<book>
	<filename>andreev_leonid/andreev_leonid_proklyatie_zverya.fb2.zip</filename>
	<title>Андреев Леонид Николаевич. Проклятие зверя</title>
</book>
<book>
	<filename>andreev_leonid/andreev_leonid_rasskaz_o_semi_poveshennyh.fb2.zip</filename>
	<title>Андреев Леонид Николаевич. Рассказ о семи повешенных</title>
</book>
<book>
	<filename>andreev_leonid/andreev_leonid_rasskaz_o_sergee_petroviche.fb2.zip</filename>
	<title>Андреев Леонид Николаевич. Рассказ о Сергее Петровиче</title>
</book>
<book>
	<filename>andreev_leonid/andreev_leonid_rasskaz_zmei_o_tom_kak_u_nee_poyavilis_zuby.fb2.zip</filename>
	<title>Андреев Леонид Николаевич. Рассказ змеи о том, как у нее появились зубы</title>
</book>
<book>
	<filename>andreev_leonid/andreev_leonid_rekviem.fb2.zip</filename>
	<title>Андреев Леонид Николаевич. Реквием</title>
</book>
<book>
	<filename>andreev_leonid/andreev_leonid_samson_v_okovah.fb2.zip</filename>
	<title>Андреев Леонид Николаевич. Самсон в оковах</title>
</book>
<book>
	<filename>andreev_leonid/andreev_leonid_sashka_zhigulyov.fb2.zip</filename>
	<title>Андреев Леонид Николаевич. Сашка Жигулёв</title>
</book>
<book>
	<filename>andreev_leonid/andreev_leonid_savva_ignis_sanat.fb2.zip</filename>
	<title>Андреев Леонид Николаевич. Савва (Ignis sanat)</title>
</book>
<book>
	<filename>andreev_leonid/andreev_leonid_shest_rasskazov.fb2.zip</filename>
	<title>Андреев Леонид Николаевич. Шесть рассказов</title>
</book>
<book>
	<filename>andreev_leonid/andreev_leonid_skazochki_ne_sovsem_dlya_detei.fb2.zip</filename>
	<title>Андреев Леонид Николаевич. Сказочки не совсем для детей</title>
</book>
<book>
	<filename>andreev_leonid/andreev_leonid_sluchai.fb2.zip</filename>
	<title>Андреев Леонид Николаевич. Случай</title>
</book>
<book>
	<filename>andreev_leonid/andreev_leonid_smeh.fb2.zip</filename>
	<title>Андреев Леонид Николаевич. Смех</title>
</book>
<book>
	<filename>andreev_leonid/andreev_leonid_stena.fb2.zip</filename>
	<title>Андреев Леонид Николаевич. Стена</title>
</book>
<book>
	<filename>andreev_leonid/andreev_leonid_syn_chelovecheskii.fb2.zip</filename>
	<title>Андреев Леонид Николаевич. Сын человеческий</title>
</book>
<book>
	<filename>andreev_leonid/andreev_leonid_tma.fb2.zip</filename>
	<title>Андреев Леонид Николаевич. Тьма</title>
</book>
<book>
	<filename>andreev_leonid/andreev_leonid_tot_kto_poluchaet_poshechiny.fb2.zip</filename>
	<title>Андреев Леонид Николаевич. Тот, кто получает пощечины</title>
</book>
<book>
	<filename>andreev_leonid/andreev_leonid_valya.fb2.zip</filename>
	<title>Андреев Леонид Николаевич. Валя</title>
</book>
<book>
	<filename>andreev_leonid/andreev_leonid_velikan.fb2.zip</filename>
	<title>Андреев Леонид Николаевич. Великан</title>
</book>
<book>
	<filename>andreev_leonid/andreev_leonid_vesennie_obeshaniya.fb2.zip</filename>
	<title>Андреев Леонид Николаевич. Весенние обещания</title>
</book>
<book>
	<filename>andreev_leonid/andreev_leonid_vesnoi.fb2.zip</filename>
	<title>Андреев Леонид Николаевич. Весной</title>
</book>
<book>
	<filename>andreev_leonid/andreev_leonid_vor.fb2.zip</filename>
	<title>Андреев Леонид Николаевич. Вор</title>
</book>
<book>
	<filename>andreev_leonid/andreev_leonid_v_podvale.fb2.zip</filename>
	<title>Андреев Леонид Николаевич. В подвале</title>
</book>
<book>
	<filename>andreev_leonid/andreev_leonid_v_saburove.fb2.zip</filename>
	<title>Андреев Леонид Николаевич. В Сабурове</title>
</book>
<book>
	<filename>andreev_leonid/andreev_leonid_v_temnuyu_dal.fb2.zip</filename>
	<title>Андреев Леонид Николаевич. В темную даль</title>
</book>
<book>
	<filename>andreev_leonid/andreev_leonid_v_tumane.fb2.zip</filename>
	<title>Андреев Леонид Николаевич. В тумане</title>
</book>
<book>
	<filename>andreev_leonid/andreev_leonid_zashita.fb2.zip</filename>
	<title>Андреев Леонид Николаевич. Защита</title>
</book>
<book>
	<filename>andreev_leonid/andreev_leonid_zhilibyli.fb2.zip</filename>
	<title>Андреев Леонид Николаевич. Жили-были</title>
</book>
<book>
	<filename>andreev_leonid/andreev_leonid_zhizn_cheloveka.fb2.zip</filename>
	<title>Андреев Леонид Николаевич. Жизнь Человека</title>
</book>
<book>
	<filename>andreev_leonid/andreev_leonid_zhizn_vasiliya_fiveiskogo.fb2.zip</filename>
	<title>Андреев Леонид Николаевич. Жизнь Василия Фивейского</title>
</book>

</books>
