<?xml version="1.0" encoding="UTF-8" ?>
<books>
<book>
	<filename>archer_dzheffri/archer_dzheffri_ni_pensom_bolshe_ni_pensom_menshe.fb2.zip</filename>
	<title>Арчер Джеффри. Ни пенсом больше, ни пенсом меньше</title>
</book>
<book>
	<filename>archer_dzheffri/archer_dzheffri_odinnadcataya_zapoved.fb2.zip</filename>
	<title>Арчер Джеффри. Одиннадцатая заповедь</title>
</book>
<book>
	<filename>archer_dzheffri/archer_dzheffri_vorovskaya_chest.fb2.zip</filename>
	<title>Арчер Джеффри. Воровская честь</title>
</book>
<book>
	<filename>archer_dzhein/archer_dzhein_atlas_i_serebro.fb2.zip</filename>
	<title>Арчер Джейн. Атлас и серебро</title>
</book>
<book>
	<filename>archer_dzhein/archer_dzhein_luna_dlya_vlyublennyh.fb2.zip</filename>
	<title>Арчер Джейн. Луна для влюбленных</title>
</book>
<book>
	<filename>archer_dzhein/archer_dzhein_myatezhnyi_vostorg.fb2.zip</filename>
	<title>Арчер Джейн. Мятежный восторг</title>
</book>
<book>
	<filename>archer_dzhein/archer_dzhein_odin_shag_do_lyubvi.fb2.zip</filename>
	<title>Арчер Джейн. Один шаг до любви</title>
</book>
<book>
	<filename>archer_dzhein/archer_dzhein_plenitelnye_mechty.fb2.zip</filename>
	<title>Арчер Джейн. Пленительные мечты</title>
</book>
<book>
	<filename>archer_dzhein/archer_dzhein_rodniki_lyubvi.fb2.zip</filename>
	<title>Арчер Джейн. Родники любви</title>
</book>
<book>
	<filename>archer_dzhein/archer_dzhein_shelkovye_shpory.fb2.zip</filename>
	<title>Арчер Джейн. Шелковые шпоры</title>
</book>
<book>
	<filename>archer_dzhein/archer_dzhein_sladostnaya_pytka.fb2.zip</filename>
	<title>Арчер Джейн. Сладостная пытка</title>
</book>
<book>
	<filename>archer_dzhein/archer_dzhein_tainoe_uvlechenie_plenitelnye_mechty.fb2.zip</filename>
	<title>Арчер Джейн. Тайное увлечение (Пленительные мечты)</title>
</book>
<book>
	<filename>archer_dzhein/archer_dzhein_tainoe_zhelanie.fb2.zip</filename>
	<title>Арчер Джейн. Тайное желание</title>
</book>
<book>
	<filename>archer_dzhein/archer_dzhein_vesennie_sny.fb2.zip</filename>
	<title>Арчер Джейн. Весенние сны</title>
</book>
<book>
	<filename>archer_natan/archer_natan_betonnye_dzhungli.fb2.zip</filename>
	<title>Арчер Натан. Бетонные джунгли</title>
</book>
<book>
	<filename>archer_natan/archer_natan_holodnaya_voina.fb2.zip</filename>
	<title>Арчер Натан. Холодная война</title>
</book>
<book>
	<filename>archer_vadim/archer_vadim_altari_kelady.fb2.zip</filename>
	<title>Арчер Вадим. Алтари Келады</title>
</book>
<book>
	<filename>archer_vadim/archer_vadim_altar_vasiliska.fb2.zip</filename>
	<title>Арчер Вадим. Алтарь Василиска</title>
</book>
<book>
	<filename>archer_vadim/archer_vadim_chistyi_ogon.fb2.zip</filename>
	<title>Арчер Вадим. Чистый огонь</title>
</book>
<book>
	<filename>archer_vadim/archer_vadim_hram_salamandry.fb2.zip</filename>
	<title>Арчер Вадим. Храм Саламандры</title>
</book>
<book>
	<filename>archer_vadim/archer_vadim_kolca_detei_aule.fb2.zip</filename>
	<title>Арчер Вадим. Кольца детей Ауле</title>
</book>
<book>
	<filename>archer_vadim/archer_vadim_ledyanaya_arfa_gangaridov.fb2.zip</filename>
	<title>Арчер Вадим. Ледяная арфа гангаридов</title>
</book>
<book>
	<filename>archer_vadim/archer_vadim_ostrova_mezhdumirya.fb2.zip</filename>
	<title>Арчер Вадим. Острова междумирья</title>
</book>
<book>
	<filename>archer_vadim/archer_vadim_vybravshii_bezdnu.fb2.zip</filename>
	<title>Арчер Вадим. Выбравший бездну</title>
</book>
<book>
	<filename>arcybashev_mihail/arcybashev_mihail_sanin.fb2.zip</filename>
	<title>Арцыбашев Михаил Петрович. Санин</title>
</book>
<book>
	<filename>arcybashev_mihail/arcybashev_mihail_u_poslednei_cherty.fb2.zip</filename>
	<title>Арцыбашев Михаил Петрович. У последней черты</title>
</book>
<book>
	<filename>ardamatskii_vasilii/ardamatskii_vasilii_leningradskaya_zima.fb2.zip</filename>
	<title>Ардаматский Василий Иванович. Ленинградская зима</title>
</book>
<book>
	<filename>ardamatskii_vasilii/ardamatskii_vasilii_opasnyi_marshrut.fb2.zip</filename>
	<title>Ардаматский Василий Иванович. Опасный маршрут</title>
</book>
<book>
	<filename>ardamatskii_vasilii/ardamatskii_vasilii_otvetnaya_operaciya.fb2.zip</filename>
	<title>Ардаматский Василий Иванович. Ответная операция</title>
</book>
<book>
	<filename>ardamatskii_vasilii/ardamatskii_vasilii_ya_1117.fb2.zip</filename>
	<title>Ардаматский Василий Иванович. «Я 11-17»</title>
</book>
<book>
	<filename>arden_natali/arden_natali_znak_rozy.fb2.zip</filename>
	<title>Арден Натали. Знак розы</title>
</book>
<book>
	<filename>arden_tom/arden_tom_korol_i_koroleva_mechei.fb2.zip</filename>
	<title>Арден Том. Король и Королева Мечей</title>
</book>
<book>
	<filename>arden_tom/arden_tom_sultan_luny_i_zvezd.fb2.zip</filename>
	<title>Арден Том. Султан Луны и Звезд</title>
</book>
<book>
	<filename>arden_tom/arden_tom_tanec_arlekina.fb2.zip</filename>
	<title>Арден Том. Танец Арлекина</title>
</book>
<book>
	<filename>arden_uilyam/arden_uilyam_taina_bagrovogo_pirata_taina_purpurnogo_pirata.fb2.zip</filename>
	<title>Арден Уильям. Тайна багрового пирата. [Тайна пурпурного пирата]</title>
</book>
<book>
	<filename>arden_uilyam/arden_uilyam_taina_doliny_stonov_taina_stonushei_peshery.fb2.zip</filename>
	<title>Арден Уильям. Тайна Долины стонов [Тайна стонущей пещеры]</title>
</book>
<book>
	<filename>arden_uilyam/arden_uilyam_taina_hohochushei_teni.fb2.zip</filename>
	<title>Арден Уильям. Тайна хохочущей тени</title>
</book>
<book>
	<filename>arden_uilyam/arden_uilyam_taina_loshadi_bez_golovy.fb2.zip</filename>
	<title>Арден Уильям. Тайна лошади без головы</title>
</book>
<book>
	<filename>arden_uilyam/arden_uilyam_taina_mertveca.fb2.zip</filename>
	<title>Арден Уильям. Тайна мертвеца</title>
</book>
<book>
	<filename>arden_uilyam/arden_uilyam_taina_odnoglazogo_kota_sekret_odnoglazogo_kota_taina_gorbatogo_kota.fb2.zip</filename>
	<title>Арден Уильям. Тайна одноглазого кота. [Секрет одноглазого кота; Тайна горбатого кота]</title>
</book>
<book>
	<filename>arden_uilyam/arden_uilyam_taina_ozera_prizrakov.fb2.zip</filename>
	<title>Арден Уильям. Тайна озера призраков</title>
</book>
<book>
	<filename>arden_uilyam/arden_uilyam_taina_plyashushego_dyavola_taina_tancuyushego_dyavola.fb2.zip</filename>
	<title>Арден Уильям. Тайна пляшущего дьявола [Тайна танцующего дьявола]</title>
</book>
<book>
	<filename>arden_uilyam/arden_uilyam_taina_razbityh_stekol.fb2.zip</filename>
	<title>Арден Уильям. Тайна разбитых стекол</title>
</book>
<book>
	<filename>arden_uilyam/arden_uilyam_taina_zigzaga.fb2.zip</filename>
	<title>Арден Уильям. Тайна зигзага</title>
</book>
<book>
	<filename>ardzhan_guru/ardzhan_guru_utrennyaya_molitva_sikhov.fb2.zip</filename>
	<title>Арджан Гуру. Утренняя молитва сикхов</title>
</book>
<book>
	<filename>ardzhilli_marchello/ardzhilli_marchello_desyat_gorodov.fb2.zip</filename>
	<title>Арджилли Марчелло. Десять городов</title>
</book>
<book>
	<filename>arenev_vladimir/arenev_vladimir_edinstvennaya_doroga.fb2.zip</filename>
	<title>Аренев Владимир. Единственная дорога</title>
</book>
<book>
	<filename>arenev_vladimir/arenev_vladimir_karandash_s_polustertoi_nadpisyu.fb2.zip</filename>
	<title>Аренев Владимир. Карандаш с полустертой надписью</title>
</book>
<book>
	<filename>arenev_vladimir/arenev_vladimir_krugi_na_zemle.fb2.zip</filename>
	<title>Аренев Владимир. Круги на Земле</title>
</book>
<book>
	<filename>arenev_vladimir/arenev_vladimir_monetka_na_udachu.fb2.zip</filename>
	<title>Аренев Владимир. Монетка на удачу</title>
</book>
<book>
	<filename>arenev_vladimir/arenev_vladimir_na_priezzhih_gladiatorov.fb2.zip</filename>
	<title>Аренев Владимир. На приезжих гладиаторов</title>
</book>
<book>
	<filename>arenev_vladimir/arenev_vladimir_nemoi_uchitel.fb2.zip</filename>
	<title>Аренев Владимир. Немой учитель</title>
</book>
<book>
	<filename>arenev_vladimir/arenev_vladimir_ohota_na_geroya.fb2.zip</filename>
	<title>Аренев Владимир. Охота на героя</title>
</book>
<book>
	<filename>arenev_vladimir/arenev_vladimir_otchayanie_drakonov.fb2.zip</filename>
	<title>Аренев Владимир. Отчаяние драконов</title>
</book>
<book>
	<filename>arenev_vladimir/arenev_vladimir_palomnichestvo_zhonglera.fb2.zip</filename>
	<title>Аренев Владимир. Паломничество жонглера</title>
</book>
<book>
	<filename>arenev_vladimir/arenev_vladimir_pod_nebom_golubym.fb2.zip</filename>
	<title>Аренев Владимир. Под небом голубым</title>
</book>
<book>
	<filename>arenev_vladimir/arenev_vladimir_pravila_igry.fb2.zip</filename>
	<title>Аренев Владимир. Правила игры</title>
</book>
<book>
	<filename>arenev_vladimir/arenev_vladimir_razgovor_pered_obedom.fb2.zip</filename>
	<title>Аренев Владимир. Разговор перед обедом</title>
</book>
<book>
	<filename>arenev_vladimir/arenev_vladimir_siyanie_kamennogo_cvetka.fb2.zip</filename>
	<title>Аренев Владимир. Сияние каменного цветка</title>
</book>
<book>
	<filename>arenev_vladimir/arenev_vladimir_stanciya_myagkih_igrushek.fb2.zip</filename>
	<title>Аренев Владимир. Станция мягких игрушек</title>
</book>
<book>
	<filename>arenev_vladimir/arenev_vladimir_veter_ne_lzhet.fb2.zip</filename>
	<title>Аренев Владимир. Ветер не лжет</title>
</book>
<book>
	<filename>arenev_vladimir/arenev_vladimir_vosstat_ili_smiritsya_ili.fb2.zip</filename>
	<title>Аренев Владимир. «Восстать, или смириться, или…»</title>
</book>
<book>
	<filename>arenev_vladimir/arenev_vladimir_vozvrashenie.fb2.zip</filename>
	<title>Аренев Владимир. Возвращение</title>
</book>
<book>
	<filename>arenev_vladimir/arenev_vladimir_vremya_peremen.fb2.zip</filename>
	<title>Аренев Владимир. Время перемен</title>
</book>
<book>
	<filename>arenev_vladimir/arenev_vladimir_vsya_nasha_zhizn.fb2.zip</filename>
	<title>Аренев Владимир. Вся наша жизнь</title>
</book>
<book>
	<filename>arenev_vladimir/arenev_vladimir_zamechatelnoe_prevrashenie.fb2.zip</filename>
	<title>Аренев Владимир. Замечательное превращение</title>
</book>
<book>
	<filename>argivyanin_fales/argivyanin_fales_misteriya_hrista.fb2.zip</filename>
	<title>Аргивянин Фалес. Мистерия Христа</title>
</book>
<book>
	<filename>argov_sherri/argov_sherri_hochu_byt_stervoi_posobie_dlya_nastoyashih_zhenshin.fb2.zip</filename>
	<title>Аргов Шерри. Хочу быть стервой! Пособие для настоящих женщин</title>
</book>
<book>
	<filename>arhengolc_iogann/arhengolc_iogann_istoriya_semiletnei_voiny.fb2.zip</filename>
	<title>Архенгольц Иоганн Вильгельм фон. История семилетней войны</title>
</book>
<book>
	<filename>arias_huan/arias_huan_paulo_koyelo_ispoved_palomnika.fb2.zip</filename>
	<title>Ариас Хуан. Пауло Коэльо. Исповедь паломника</title>
</book>
<book>
	<filename>arinbasarova_natalya/arinbasarova_natalya_lunnye_dorogi.fb2.zip</filename>
	<title>Аринбасарова Наталья Утевлевна. Лунные дороги</title>
</book>
<book>
	<filename>arisima_takyeo/arisima_takyeo_zhenshina.fb2.zip</filename>
	<title>Арисима Такэо. Женщина</title>
</book>
<book>
	<filename>aristotel_/aristotel__afinskaya_politiya.fb2.zip</filename>
	<title>Аристотель. Афинская полития</title>
</book>
<book>
	<filename>aristotel_/aristotel__kategorii.fb2.zip</filename>
	<title>Аристотель. Категории</title>
</book>
<book>
	<filename>arkanov_arkadii/arkanov_arkadii_rukopisi_ne_vozvrashayutsya.fb2.zip</filename>
	<title>Арканов Аркадий Михайлович. Рукописи не возвращаются</title>
</book>
<book>
	<filename>arlan_marsel/arlan_marsel_zeli_v_pustyne.fb2.zip</filename>
	<title>Арлан Марсель. Зели в пустыне</title>
</book>
<book>
	<filename>arlazorov_mihail/arlazorov_mihail_artem_mikoyan.fb2.zip</filename>
	<title>Арлазоров Михаил Саулович. Артем Микоян</title>
</book>
<book>
	<filename>arlazorov_mihail/arlazorov_mihail_front_idet_cherez_kb_zhizn_aviacionnogo_konstruktora_rasskazannaya_ego_druzyami_kollegami_sotrudnikami.fb2.zip</filename>
	<title>Арлазоров Михаил Саулович. Фронт идет через КБ: Жизнь авиационного конструктора, рассказанная его друзьями, коллегами, сотрудниками</title>
</book>
<book>
	<filename>arlend_leona/arlend_leona_lyubov_vsegda_risk.fb2.zip</filename>
	<title>Арленд Леона. Любовь всегда риск</title>
</book>
<book>
	<filename>armstrong_dzhuletta/armstrong_dzhuletta_bezmyatezhnoe_more.fb2.zip</filename>
	<title>Армстронг Джульетта. Безмятежное море</title>
</book>
<book>
	<filename>armstrong_kelli/armstrong_kelli_deshevaya_magiya.fb2.zip</filename>
	<title>Армстронг Келли. Дешевая магия</title>
</book>
<book>
	<filename>armstrong_kelli/armstrong_kelli_industrialnaya_magiya.fb2.zip</filename>
	<title>Армстронг Келли. Индустриальная магия</title>
</book>
<book>
	<filename>armstrong_kelli/armstrong_kelli_prizrak.fb2.zip</filename>
	<title>Армстронг Келли. Призрак</title>
</book>
<book>
	<filename>armstrong_lindsei/armstrong_lindsei_boginya_lyubvi.fb2.zip</filename>
	<title>Армстронг Линдсей. Богиня любви</title>
</book>
<book>
	<filename>armstrong_lindsei/armstrong_lindsei_ponyat_drug_druga.fb2.zip</filename>
	<title>Армстронг Линдсей. Понять друг друга</title>
</book>
<book>
	<filename>armstrong_lindsei/armstrong_lindsei_potomu_chto_lyublyu.fb2.zip</filename>
	<title>Армстронг Линдсей. Потому что люблю</title>
</book>
<book>
	<filename>armstrong_lindsei/armstrong_lindsei_v_setyah_strasti.fb2.zip</filename>
	<title>Армстронг Линдсей. В сетях страсти</title>
</book>
<book>
	<filename>arnason_yelinor/arnason_yelinor_kolco_mechei.fb2.zip</filename>
	<title>Арнасон Элинор. Кольцо мечей</title>
</book>
<book>
	<filename>arnason_yelinor/arnason_yelinor_vlyublennye.fb2.zip</filename>
	<title>Арнасон Элинор. Влюбленные</title>
</book>
<book>
	<filename>arnold_margo/arnold_margo_padshii_angel.fb2.zip</filename>
	<title>Арнольд Марго. Падший ангел</title>
</book>
<book>
	<filename>arno_maks/arno_maks_neobhodimo_ischeznut.fb2.zip</filename>
	<title>Арно Макс. Необходимо исчезнуть</title>
</book>
<book>
	<filename>arno_maks/arno_maks_provokaciya.fb2.zip</filename>
	<title>Арно Макс. Провокация</title>
</book>
<book>
	<filename>arno_sergei/arno_sergei_dorogi_k_praotcam.fb2.zip</filename>
	<title>Арно Сергей. Дороги к праотцам</title>
</book>
<book>
	<filename>arno_sergei/arno_sergei_kvadrat_dlya_pokoinikov.fb2.zip</filename>
	<title>Арно Сергей. Квадрат для покойников</title>
</book>
<book>
	<filename>arno_sergei/arno_sergei_pravo_na_zhizn.fb2.zip</filename>
	<title>Арно Сергей. Право на жизнь</title>
</book>
<book>
	<filename>arno_sergei/arno_sergei_zhivodernya.fb2.zip</filename>
	<title>Арно Сергей. Живодерня</title>
</book>
<book>
	<filename>arnoti_kristin/arnoti_kristin_u_kazhdogo_svoi_rai.fb2.zip</filename>
	<title>Арноти Кристин. У каждого свой рай</title>
</book>
<book>
	<filename>arno_zhorzh/arno_zhorzh_plata_za_strah.fb2.zip</filename>
	<title>Арно Жорж. Плата за страх</title>
</book>
<book>
	<filename>arsanev_aleksandr/arsanev_aleksandr_francuzskii_sezon_katenki_arsanevoi.fb2.zip</filename>
	<title>Арсаньев Александр. Французский сезон Катеньки Арсаньевой</title>
</book>
<book>
	<filename>arsanev_aleksandr/arsanev_aleksandr_ierusalimskii_kovcheg.fb2.zip</filename>
	<title>Арсаньев Александр. Иерусалимский ковчег</title>
</book>
<book>
	<filename>arsanev_aleksandr/arsanev_aleksandr_kazna_napoleona.fb2.zip</filename>
	<title>Арсаньев Александр. Казна Наполеона</title>
</book>
<book>
	<filename>arsanev_aleksandr/arsanev_aleksandr_prodolzhenie_puteshestviya.fb2.zip</filename>
	<title>Арсаньев Александр. Продолжение путешествия</title>
</book>
<book>
	<filename>arsanev_aleksandr/arsanev_aleksandr_rozhdestvenskii_podarok.fb2.zip</filename>
	<title>Арсаньев Александр. Рождественский подарок</title>
</book>
<book>
	<filename>arsanev_aleksandr/arsanev_aleksandr_tainy_arhiva_grafini_a.fb2.zip</filename>
	<title>Арсаньев Александр. Тайны архива графини А.</title>
</book>
<book>
	<filename>arsan_yemmanuyel/arsan_yemmanuyel_chastnye_uroki.fb2.zip</filename>
	<title>Арсан Эммануэль. Частные уроки</title>
</book>
<book>
	<filename>arsan_yemmanuyel/arsan_yemmanuyel_deti_yemmanuyel.fb2.zip</filename>
	<title>Арсан Эммануэль. Дети Эммануэль</title>
</book>
<book>
	<filename>arsan_yemmanuyel/arsan_yemmanuyel_vanessa.fb2.zip</filename>
	<title>Арсан Эммануэль. Ванесса</title>
</book>
<book>
	<filename>arsan_yemmanuyel/arsan_yemmanuyel_yemmanuyel.fb2.zip</filename>
	<title>Арсан Эммануэль. Эммануэль</title>
</book>
<book>
	<filename>arsan_yemmanuyel/arsan_yemmanuyel_yerosfera.fb2.zip</filename>
	<title>Арсан Эммануэль. Эросфера</title>
</book>
<book>
	<filename>arseneva_elena/arseneva_elena_bangalyubanga_lyubov_belozerskaya_mihail_bulgakov.fb2.zip</filename>
	<title>Арсеньева Елена. Банга-Любанга (Любовь Белозерская — Михаил Булгаков)</title>
</book>
<book>
	<filename>arseneva_elena/arseneva_elena_bereg_ocharovannyi_elizaveta_kuzminakaravaeva_mat_mariya.fb2.zip</filename>
	<title>Арсеньева Елена. Берег очарованный (Елизавета Кузьмина-Караваева, мать Мария)</title>
</book>
<book>
	<filename>arseneva_elena/arseneva_elena_beshenaya_cherkeshenka_mariya_temryukovna_i_ivan_iv_groznyi.fb2.zip</filename>
	<title>Арсеньева Елена. Бешеная черкешенка (Мария Темрюковна и Иван IV Грозный)</title>
</book>
<book>
	<filename>arseneva_elena/arseneva_elena_bezumnoe_tango.fb2.zip</filename>
	<title>Арсеньева Елена. Безумное танго</title>
</book>
<book>
	<filename>arseneva_elena/arseneva_elena_braki_sovershayutsya_na_nebesah.fb2.zip</filename>
	<title>Арсеньева Елена. Браки совершаются на небесах</title>
</book>
<book>
	<filename>arseneva_elena/arseneva_elena_damanevidimka_anna_de_palme.fb2.zip</filename>
	<title>Арсеньева Елена. Дама-невидимка (Анна де Пальме)</title>
</book>
<book>
	<filename>arseneva_elena/arseneva_elena_devushka_s_akkordeonom_knyazhna_mariya_vasilchikova.fb2.zip</filename>
	<title>Арсеньева Елена. Девушка с аккордеоном (Княжна Мария Васильчикова)</title>
</book>
<book>
	<filename>arseneva_elena/arseneva_elena_esli_krast_to_million.fb2.zip</filename>
	<title>Арсеньева Елена. Если красть, то миллион</title>
</book>
<book>
	<filename>arseneva_elena/arseneva_elena_furioznaya_yemansipantka_apollinariya_suslova_fedor_dostoevskii.fb2.zip</filename>
	<title>Арсеньева Елена. Фуриозная эмансипантка (Аполлинария Суслова — Федор Достоевский)</title>
</book>
<book>
	<filename>arseneva_elena/arseneva_elena_gorod_greshnyh_zhelanii.fb2.zip</filename>
	<title>Арсеньева Елена. Город грешных желаний</title>
</book>
<book>
	<filename>arseneva_elena/arseneva_elena_gospodin_kitmir_velikaya_knyaginya_mariya_pavlovna.fb2.zip</filename>
	<title>Арсеньева Елена. Господин Китмир (Великая княгиня Мария Павловна)</title>
</book>
<book>
	<filename>arseneva_elena/arseneva_elena_gosudareva_ohota.fb2.zip</filename>
	<title>Арсеньева Елена. Государева охота</title>
</book>
<book>
	<filename>arseneva_elena/arseneva_elena_imya_svoe_pravitelnica_sofya_alekseevna.fb2.zip</filename>
	<title>Арсеньева Елена. Имя свое (Правительница Софья Алексеевна)</title>
</book>
<book>
	<filename>arseneva_elena/arseneva_elena_knyaginya_nichegoneznayu_knyaginya_veraviki_obolenskaya.fb2.zip</filename>
	<title>Арсеньева Елена. Княгиня Ничего-Не-Знаю (Княгиня Вера-Вики Оболенская)</title>
</book>
<book>
	<filename>arseneva_elena/arseneva_elena_korolya_igraet_svita.fb2.zip</filename>
	<title>Арсеньева Елена. Короля играет свита</title>
</book>
<book>
	<filename>arseneva_elena/arseneva_elena_koshmar_vo_sne_i_nayavu.fb2.zip</filename>
	<title>Арсеньева Елена. Кошмар во сне и наяву</title>
</book>
<book>
	<filename>arseneva_elena/arseneva_elena_kurazh_elena_kuzmina.fb2.zip</filename>
	<title>Арсеньева Елена. Кураж (Елена Кузьмина)</title>
</book>
<book>
	<filename>arseneva_elena/arseneva_elena_lukavaya_zhizn_nadezhda_plevickaya.fb2.zip</filename>
	<title>Арсеньева Елена. Лукавая жизнь (Надежда Плевицкая)</title>
</book>
<book>
	<filename>arseneva_elena/arseneva_elena_lyubovnik_bogini.fb2.zip</filename>
	<title>Арсеньева Елена. Любовник богини</title>
</book>
<book>
	<filename>arseneva_elena/arseneva_elena_lzhivaya_inokinya_marya_nagaya_inokinya_marfa.fb2.zip</filename>
	<title>Арсеньева Елена. Лживая инокиня (Марья Нагая — инокиня Марфа)</title>
</book>
<book>
	<filename>arseneva_elena/arseneva_elena_malenkaya_balerina_antonina_nesterovskaya_knyaginya_romanovskayastrelnickaya.fb2.zip</filename>
	<title>Арсеньева Елена. Маленькая балерина (Антонина Нестеровская, княгиня Романовская-Стрельницкая)</title>
</book>
<book>
	<filename>arseneva_elena/arseneva_elena_malvina_s_krasnym_bantom_mariya_andreeva.fb2.zip</filename>
	<title>Арсеньева Елена. Мальвина с красным бантом (Мария Андреева)</title>
</book>
<book>
	<filename>arseneva_elena/arseneva_elena_mednaya_venera_agrafena_zakrevskaya_evgenii_boratynskii_aleksandr_pushkin.fb2.zip</filename>
	<title>Арсеньева Елена. Медная Венера (Аграфена Закревская — Евгений Боратынский — Александр Пушкин)</title>
</book>
<book>
	<filename>arseneva_elena/arseneva_elena_moya_podruga_mest.fb2.zip</filename>
	<title>Арсеньева Елена. Моя подруга – месть</title>
</book>
<book>
	<filename>arseneva_elena/arseneva_elena_muza_mesti_ekaterina_sushkova_mihail_lermontov.fb2.zip</filename>
	<title>Арсеньева Елена. Муза мести (Екатерина Сушкова — Михаил Лермонтов)</title>
</book>
<book>
	<filename>arseneva_elena/arseneva_elena_na_vse_chetyre_storony.fb2.zip</filename>
	<title>Арсеньева Елена. На все четыре стороны</title>
</book>
<book>
	<filename>arseneva_elena/arseneva_elena_nevesta_dvuh_imperatorov_dagmarmariya_fedorovna_nikolai_aleksandrovich_i_aleksandr_iii.fb2.zip</filename>
	<title>Арсеньева Елена. Невеста двух императоров (Дагмар-Мария Федоровна, Николай Александрович и Александр III)</title>
</book>
<book>
	<filename>arseneva_elena/arseneva_elena_nevesta_imperatora.fb2.zip</filename>
	<title>Арсеньева Елена. Невеста императора</title>
</book>
<book>
	<filename>arseneva_elena/arseneva_elena_noch_na_vspahannom_pole_knyaginya_olga.fb2.zip</filename>
	<title>Арсеньева Елена. Ночь на вспаханном поле (Княгиня Ольга)</title>
</book>
<book>
	<filename>arseneva_elena/arseneva_elena_ozherele_razdora_sofya_paleolog_i_velikii_knyaz_ivan_iii.fb2.zip</filename>
	<title>Арсеньева Елена. Ожерелье раздора (Софья Палеолог и великий князь Иван III)</title>
</book>
<book>
	<filename>arseneva_elena/arseneva_elena_pautina_lyubvi_tatyana_kuzminskaya_lev_tolstoi.fb2.zip</filename>
	<title>Арсеньева Елена. Паутина любви (Татьяна Кузьминская — Лев Толстой)</title>
</book>
<book>
	<filename>arseneva_elena/arseneva_elena_pervaya_i_poslednyaya_carica_anastasiya_romanovna_zaharina.fb2.zip</filename>
	<title>Арсеньева Елена. Первая и последняя (Царица Анастасия Романовна Захарьина)</title>
</book>
<book>
	<filename>arseneva_elena/arseneva_elena_poslednee_tango_v_odesse_vera_holodnaya.fb2.zip</filename>
	<title>Арсеньева Елена. Последнее танго в Одессе (Вера Холодная)</title>
</book>
<book>
	<filename>arseneva_elena/arseneva_elena_prekrasnaya_slavyanka_anna_yaroslavovna_i_korol_genrih_i_francuzskii.fb2.zip</filename>
	<title>Арсеньева Елена. Прекрасная славянка (Анна Ярославовна и король Генрих I Французский)</title>
</book>
<book>
	<filename>arseneva_elena/arseneva_elena_proklyataya_cyganka_polina_viardo_ivan_turgenev.fb2.zip</filename>
	<title>Арсеньева Елена. Проклятая цыганка (Полина Виардо — Иван Тургенев)</title>
</book>
<book>
	<filename>arseneva_elena/arseneva_elena_proshalnyi_pocelui_amaliya_kryudener_fedor_tyutchev.fb2.zip</filename>
	<title>Арсеньева Елена. Прощальный поцелуй (Амалия Крюденер — Федор Тютчев)</title>
</book>
<book>
	<filename>arseneva_elena/arseneva_elena_razvratnica_i_zagovorshica_vpridachu_vilgelminanatalya_alekseevna_i_pavel_i.fb2.zip</filename>
	<title>Арсеньева Елена. Развратница и заговорщица впридачу! (Вильгельмина-Наталья Алексеевна и Павел I)</title>
</book>
<book>
	<filename>arseneva_elena/arseneva_elena_roman_v_stihah_i_pismah_o_nevozmozhnom_schaste_mariya_protasova_vasilii_zhukovskii.fb2.zip</filename>
	<title>Арсеньева Елена. Роман в стихах и письмах о невозможном счастье (Мария Протасова — Василий Жуковский)</title>
</book>
<book>
	<filename>arseneva_elena/arseneva_elena_russkaya_melpomena_ekaterina_semenova.fb2.zip</filename>
	<title>Арсеньева Елена. Русская Мельпомена (Екатерина Семенова)</title>
</book>
<book>
	<filename>arseneva_elena/arseneva_elena_salamandra_aisedora_dunkan.fb2.zip</filename>
	<title>Арсеньева Елена. Саламандра (Айседора Дункан)</title>
</book>
<book>
	<filename>arseneva_elena/arseneva_elena_samozvanka_zhena_samozvanca_marina_mnishek_i_lzhedmitrii_i.fb2.zip</filename>
	<title>Арсеньева Елена. Самозванка, жена Самозванца (Марина Мнишек и Лжедмитрий I)</title>
</book>
<book>
	<filename>arseneva_elena/arseneva_elena_serdce_tigra_mura_zakrevskayabenkendorfbudberg.fb2.zip</filename>
	<title>Арсеньева Елена. Сердце тигра (Мура Закревская-Бенкендорф-Будберг)</title>
</book>
<book>
	<filename>arseneva_elena/arseneva_elena_serdechko_moe_anna_mons.fb2.zip</filename>
	<title>Арсеньева Елена. Сердечко мое (Анна Монс)</title>
</book>
<book>
	<filename>arseneva_elena/arseneva_elena_shpionka_kotoraya_lyubila_princa_darya_liven.fb2.zip</filename>
	<title>Арсеньева Елена. Шпионка, которая любила принца (Дарья Ливен)</title>
</book>
<book>
	<filename>arseneva_elena/arseneva_elena_strashnoe_gadanie.fb2.zip</filename>
	<title>Арсеньева Елена. Страшное гадание</title>
</book>
<book>
	<filename>arseneva_elena/arseneva_elena_taina_lebedya_anna_pavlova.fb2.zip</filename>
	<title>Арсеньева Елена. Тайна лебедя (Анна Павлова)</title>
</book>
<book>
	<filename>arseneva_elena/arseneva_elena_tanec_na_zerkale_tamara_karsavina.fb2.zip</filename>
	<title>Арсеньева Елена. Танец на зеркале (Тамара Карсавина)</title>
</book>
<book>
	<filename>arseneva_elena/arseneva_elena_tihaya_ten_luizaelizaveta_alekseevna_i_aleksandr_i.fb2.zip</filename>
	<title>Арсеньева Елена. Тихая тень (Луиза-Елизавета Алексеевна и Александр I)</title>
</book>
<book>
	<filename>arseneva_elena/arseneva_elena_tolstaya_nan_imperatrica_anna_ioannovna.fb2.zip</filename>
	<title>Арсеньева Елена. Толстая Нан (Императрица Анна Иоанновна)</title>
</book>
<book>
	<filename>arseneva_elena/arseneva_elena_tvoi_vrag_vo_tme.fb2.zip</filename>
	<title>Арсеньева Елена. Твой враг во тьме</title>
</book>
<book>
	<filename>arseneva_elena/arseneva_elena_tysyacha_i_odna_noch_knyazhna_tarakanova.fb2.zip</filename>
	<title>Арсеньева Елена. Тысяча и одна ночь (Княжна Тараканова)</title>
</book>
<book>
	<filename>arseneva_elena/arseneva_elena_viking_i_zlatovlaska_iz_gardariki_elizaveta_yaroslavovna_i_garold_gardrad.fb2.zip</filename>
	<title>Арсеньева Елена. Викинг и Златовласка из Гардарики (Елизавета Ярославовна и Гарольд Гардрад)</title>
</book>
<book>
	<filename>arseneva_elena/arseneva_elena_voshishennoe_ditya_varvara_asenkova.fb2.zip</filename>
	<title>Арсеньева Елена. Восхищенное дитя (Варвара Асенкова)</title>
</book>
<book>
	<filename>arseneva_elena/arseneva_elena_vozlyublennaya_kazanovy.fb2.zip</filename>
	<title>Арсеньева Елена. Возлюбленная Казановы</title>
</book>
<book>
	<filename>arseneva_elena/arseneva_elena_vozvrashenie_v_nikuda_nina_krivosheina.fb2.zip</filename>
	<title>Арсеньева Елена. Возвращение в никуда (Нина Кривошеина)</title>
</book>
<book>
	<filename>arseneva_elena/arseneva_elena_zagovor_mezhdu_spalnei_i_kazarmoi_elizaveta_petrovna.fb2.zip</filename>
	<title>Арсеньева Елена. Заговор между спальней и казармой (Елизавета Петровна)</title>
</book>
<book>
	<filename>arseneva_elena/arseneva_elena_zhertva_vechernyaya_evpraksiya_vsevolodovna_i_imperator_genrih_iv.fb2.zip</filename>
	<title>Арсеньева Елена. Жертва вечерняя (Евпраксия Всеволодовна и император Генрих IV)</title>
</book>
<book>
	<filename>arseneva_elena/arseneva_elena_zolotaya_kletka_dlya_malenkoi_ptichki_sharlottaaleksandra_fedorovna_i_nikolai_i.fb2.zip</filename>
	<title>Арсеньева Елена. Золотая клетка для маленькой птички (Шарлотта-Александра Федоровна и Николай I)</title>
</book>
<book>
	<filename>arseneva_elena/arseneva_elena_zolushka_zhdet_princa_sofyaekaterina_ii_alekseevna_i_petr_iii.fb2.zip</filename>
	<title>Арсеньева Елена. Золушка ждет принца (Софья-Екатерина II Алексеевна и Петр III)</title>
</book>
<book>
	<filename>arseneva_elena/arseneva_elena_zvezda_pigalya_mariya_glebovasemenova.fb2.zip</filename>
	<title>Арсеньева Елена. Звезда Пигаля (Мария Глебова—Семенова)</title>
</book>
<book>
	<filename>arsenev_d/arsenev_d_zachumlennyi_korabl.fb2.zip</filename>
	<title>Арсеньев Д. Зачумленный корабль</title>
</book>
<book>
	<filename>arsenev_vladimir/arsenev_vladimir_dersu_uzala.fb2.zip</filename>
	<title>Арсеньев Владимир Клавдиевич. Дерсу Узала</title>
</book>
<book>
	<filename>arsenev_vladimir/arsenev_vladimir_po_ussuriiskomu_krayu.fb2.zip</filename>
	<title>Арсеньев Владимир Клавдиевич. По Уссурийскому краю</title>
</book>
<book>
	<filename>arsenev_vladimir/arsenev_vladimir_skvoz_taigu.fb2.zip</filename>
	<title>Арсеньев Владимир Клавдиевич. Сквозь тайгу</title>
</book>
<book>
	<filename>arsentev_ivan/arsentev_ivan_surovyi_vozduh.fb2.zip</filename>
	<title>Арсентьев Иван Арсентьевич. Суровый воздух</title>
</book>
<book>
	<filename>artamonova_elena/artamonova_elena_legenda_o_velikom_izverge.fb2.zip</filename>
	<title>Артамонова Елена. Легенда о «великом изверге»</title>
</book>
<book>
	<filename>artamonova_elena/artamonova_elena_moi_drug_vampir.fb2.zip</filename>
	<title>Артамонова Елена. Мой друг – вампир</title>
</book>
<book>
	<filename>artamonov_vadim/artamonov_vadim_hroniki_diversionnogo_podrazdeleniya.fb2.zip</filename>
	<title>Артамонов Вадим. Хроники диверсионного подразделения</title>
</book>
<book>
	<filename>artamonov_vadim/artamonov_vadim_hroniki_diversionnogo_podrazdeleniya_ii.fb2.zip</filename>
	<title>Артамонов Вадим. Хроники диверсионного подразделения II</title>
</book>
<book>
	<filename>artemeva_larisa/artemeva_larisa_pod_senyu_uchitelya.fb2.zip</filename>
	<title>Артемьева Лариса. Под сенью учителя</title>
</book>
<book>
	<filename>artemev_ilya/artemev_ilya_okno_v_pustotu.fb2.zip</filename>
	<title>Артемьев Илья. Окно в пустоту</title>
</book>
<book>
	<filename>artemev_ilya/artemev_ilya_uddiyana_ili_put_iskusstva.fb2.zip</filename>
	<title>Артемьев Илья. Уддияна или путь искусства</title>
</book>
<book>
	<filename>artur_bloh/artur_bloh_myerfologiya.fb2.zip</filename>
	<title>Артур Блох. Мэрфология</title>
</book>
<book>
	<filename>artur_robert/artur_robert_koleso_vremeni.fb2.zip</filename>
	<title>Артур Роберт. Колесо времени</title>
</book>
<book>
	<filename>artur_robert/artur_robert_kolokolchik_iz_rozovogo_hrustalya.fb2.zip</filename>
	<title>Артур Роберт. Колокольчик из розового хрусталя</title>
</book>
<book>
	<filename>artur_robert/artur_robert_taina_govoryashego_cherepa.fb2.zip</filename>
	<title>Артур Роберт. Тайна говорящего черепа</title>
</book>
<book>
	<filename>artur_robert/artur_robert_taina_krichashego_budilnika.fb2.zip</filename>
	<title>Артур Роберт. Тайна кричащего будильника</title>
</book>
<book>
	<filename>artur_robert/artur_robert_taina_ognennogo_glaza.fb2.zip</filename>
	<title>Артур Роберт. Тайна Огненного Глаза</title>
</book>
<book>
	<filename>artur_robert/artur_robert_taina_ostrova_skeletov.fb2.zip</filename>
	<title>Артур Роберт. Тайна острова Скелетов</title>
</book>
<book>
	<filename>artur_robert/artur_robert_taina_popugayazaiki.fb2.zip</filename>
	<title>Артур Роберт. Тайна попугая-заики</title>
</book>
<book>
	<filename>artur_robert/artur_robert_taina_propavshego_sokrovisha.fb2.zip</filename>
	<title>Артур Роберт. Тайна пропавшего сокровища</title>
</book>
<book>
	<filename>artur_robert/artur_robert_taina_serebryanogo_pauka.fb2.zip</filename>
	<title>Артур Роберт. Тайна Серебряного Паука</title>
</book>
<book>
	<filename>artur_robert/artur_robert_taina_shepchushei_mumii.fb2.zip</filename>
	<title>Артур Роберт. Тайна шепчущей мумии</title>
</book>
<book>
	<filename>artur_robert/artur_robert_taina_zamkauzhasov.fb2.zip</filename>
	<title>Артур Роберт. Тайна замка-ужасов</title>
</book>
<book>
	<filename>artur_robert/artur_robert_taina_zelenogo_prizraka.fb2.zip</filename>
	<title>Артур Роберт. Тайна зеленого призрака</title>
</book>
<book>
	<filename>aru_gabriyel/aru_gabriyel_laura_i_zhaki.fb2.zip</filename>
	<title>Ару Габриэль. Лаура и Жаки</title>
</book>
<book>
	<filename>arutyunov_akim/arutyunov_akim_dose_lenina_bez_retushi_dokumenty_fakty_svidetelstva.fb2.zip</filename>
	<title>Арутюнов Аким. Досье Ленина без ретуши. Документы. Факты. Свидетельства.</title>
</book>
<book>
	<filename>asadov_yeduard/asadov_yeduard_izbrannoe.fb2.zip</filename>
	<title>Асадов Эдуард Аркадьевич. Избранное</title>
</book>
<book>
	<filename>asbersen_peter/asbersen_peter_iz_roda_huldry.fb2.zip</filename>
	<title>Асбьерсен Петер Кристен. Из рода Хульдры</title>
</book>
<book>
	<filename>asbersen_peter/asbersen_peter_korolevskie_zaicy.fb2.zip</filename>
	<title>Асбьерсен Петер Кристен. Королевские зайцы</title>
</book>
<book>
	<filename>asbersen_peter/asbersen_peter_korol_s_gory_yekeberg.fb2.zip</filename>
	<title>Асбьерсен Петер Кристен. Король с горы Экеберг</title>
</book>
<book>
	<filename>asbersen_peter/asbersen_peter_princessa_s_hrustalnoi_gory.fb2.zip</filename>
	<title>Асбьерсен Петер Кристен. Принцесса с хрустальной горы</title>
</book>
<book>
	<filename>asbersen_peter/asbersen_peter_rasskazy_berty_tuppenhauk.fb2.zip</filename>
	<title>Асбьерсен Петер Кристен. Рассказы Берты Туппенхаук</title>
</book>
<book>
	<filename>asbersen_peter/asbersen_peter_shkiper_i_chert_po_prozvishu_staryi_yerik.fb2.zip</filename>
	<title>Асбьерсен Петер Кристен. Шкипер и черт по прозвищу Старый Эрик</title>
</book>
<book>
	<filename>asbersen_peter/asbersen_peter_vecher_v_sosedskoi_usadbe.fb2.zip</filename>
	<title>Асбьерсен Петер Кристен. Вечер в соседской усадьбе</title>
</book>
<book>
	<filename>asbersen_peter/asbersen_peter_vorony_utresta.fb2.zip</filename>
	<title>Асбьерсен Петер Кристен. Вороны Ут-Реста</title>
</book>
<book>
	<filename>ashar_amede/ashar_amede_belroz.fb2.zip</filename>
	<title>Ашар Амеде. Бель-Роз</title>
</book>
<book>
	<filename>ashar_amede/ashar_amede_doblestnaya_shpaga_ili_protiv_vseh_vopreki_vsemu.fb2.zip</filename>
	<title>Ашар Амеде. Доблестная шпага, или Против всех, вопреки всему</title>
</book>
<book>
	<filename>ashar_amede/ashar_amede_korolevskaya_ohota.fb2.zip</filename>
	<title>Ашар Амеде. Королевская охота</title>
</book>
<book>
	<filename>ashar_amede/ashar_amede_plash_i_shpaga.fb2.zip</filename>
	<title>Ашар Амеде. Плащ и шпага</title>
</book>
<book>
	<filename>ashar_amede/ashar_amede_zolotoe_runo.fb2.zip</filename>
	<title>Ашар Амеде. Золотое руно</title>
</book>
<book>
	<filename>ashar_marsel/ashar_marsel_dura.fb2.zip</filename>
	<title>Ашар Марсель. Дура</title>
</book>
<book>
	<filename>ashar_marsel/ashar_marsel_rohlya.fb2.zip</filename>
	<title>Ашар Марсель. Рохля</title>
</book>


</books>
