<?xml version="1.0" encoding="UTF-8" ?>
<books>

<book>
	<filename>blaiton_yenid/blaiton_yenid_znamenityi_utenok_tim.fb2.zip</filename>
	<title>Блайтон Энид. Знаменитый утенок Тим</title>
</book>
<book>
	<filename>blavatskaya_elena/blavatskaya_elena_durbar_v_lahore.fb2.zip</filename>
	<title>Блаватская Елена Петровна. Дурбар в Лахоре</title>
</book>
<book>
	<filename>blavatskaya_elena/blavatskaya_elena_klyuch_k_teosofii.fb2.zip</filename>
	<title>Блаватская Елена Петровна. Ключ к теософии</title>
</book>
<book>
	<filename>blavatskaya_elena/blavatskaya_elena_koshmarnye_rasskazy.fb2.zip</filename>
	<title>Блаватская Елена Петровна. Кошмарные рассказы</title>
</book>
<book>
	<filename>blavatskaya_elena/blavatskaya_elena_pisma_iz_pesher_i_debrei_indostana.fb2.zip</filename>
	<title>Блаватская Елена Петровна. Письма из пещер и дебрей Индостана</title>
</book>
<book>
	<filename>blavatskaya_elena/blavatskaya_elena_tainaya_doktrina_tom_i.fb2.zip</filename>
	<title>Блаватская Елена Петровна. Тайная доктрина. Том I</title>
</book>
<book>
	<filename>blavatskaya_elena/blavatskaya_elena_tainaya_doktrina_tom_ii.fb2.zip</filename>
	<title>Блаватская Елена Петровна. Тайная доктрина. Том II</title>
</book>
<book>
	<filename>blavatskaya_elena/blavatskaya_elena_zagadochnye_plemena_na_golubyh_gorah.fb2.zip</filename>
	<title>Блаватская Елена Петровна. Загадочные племена на «Голубых горах»</title>
</book>
<book>
	<filename>blegen_karl/blegen_karl_troya_i_troyancy_bogi_i_geroi_gorodaprizraka.fb2.zip</filename>
	<title>Блеген Карл. Троя и троянцы. Боги и герои города-призрака</title>
</book>
<book>
	<filename>bleik_darsi/bleik_darsi_teoriya_i_praktika.fb2.zip</filename>
	<title>Блейк Дарси. Теория и практика</title>
</book>
<book>
	<filename>bleik_dzhennifer/bleik_dzhennifer_aromat_raya.fb2.zip</filename>
	<title>Блейк Дженнифер. Аромат рая</title>
</book>
<book>
	<filename>bleik_dzhennifer/bleik_dzhennifer_besstydnica.fb2.zip</filename>
	<title>Блейк Дженнифер. Бесстыдница</title>
</book>
<book>
	<filename>bleik_dzhennifer/bleik_dzhennifer_cyganskii_baron.fb2.zip</filename>
	<title>Блейк Дженнифер. Цыганский барон</title>
</book>
<book>
	<filename>bleik_dzhennifer/bleik_dzhennifer_derzkie_mechty.fb2.zip</filename>
	<title>Блейк Дженнифер. Дерзкие мечты</title>
</book>
<book>
	<filename>bleik_dzhennifer/bleik_dzhennifer_gnev_i_radost.fb2.zip</filename>
	<title>Блейк Дженнифер. Гнев и радость</title>
</book>
<book>
	<filename>bleik_dzhennifer/bleik_dzhennifer_ispanskaya_serenada.fb2.zip</filename>
	<title>Блейк Дженнифер. Испанская серенада</title>
</book>
<book>
	<filename>bleik_dzhennifer/bleik_dzhennifer_lesnoi_rycar.fb2.zip</filename>
	<title>Блейк Дженнифер. Лесной рыцарь</title>
</book>
<book>
	<filename>bleik_dzhennifer/bleik_dzhennifer_lyubov_i_dym.fb2.zip</filename>
	<title>Блейк Дженнифер. Любовь и дым</title>
</book>
<book>
	<filename>bleik_dzhennifer/bleik_dzhennifer_obnimai_i_vlastvui_chernoe_kruzhevo.fb2.zip</filename>
	<title>Блейк Дженнифер. Обнимай и властвуй [Черное кружево]</title>
</book>
<book>
	<filename>bleik_dzhennifer/bleik_dzhennifer_obolshenie_pokorolevski.fb2.zip</filename>
	<title>Блейк Дженнифер. Обольщение по-королевски</title>
</book>
<book>
	<filename>bleik_dzhennifer/bleik_dzhennifer_polnochnyi_vals.fb2.zip</filename>
	<title>Блейк Дженнифер. Полночный вальс</title>
</book>
<book>
	<filename>bleik_dzhennifer/bleik_dzhennifer_porochnyi_angel.fb2.zip</filename>
	<title>Блейк Дженнифер. Порочный ангел</title>
</book>
<book>
	<filename>bleik_dzhennifer/bleik_dzhennifer_rokovoi_shtorm.fb2.zip</filename>
	<title>Блейк Дженнифер. Роковой шторм</title>
</book>
<book>
	<filename>bleik_dzhennifer/bleik_dzhennifer_strela_v_serdce.fb2.zip</filename>
	<title>Блейк Дженнифер. Стрела в сердце</title>
</book>
<book>
	<filename>bleik_dzhennifer/bleik_dzhennifer_tigrica.fb2.zip</filename>
	<title>Блейк Дженнифер. Тигрица</title>
</book>
<book>
	<filename>bleik_dzhennifer/bleik_dzhennifer_ukradennye_nochi.fb2.zip</filename>
	<title>Блейк Дженнифер. Украденные ночи</title>
</book>
<book>
	<filename>bleik_dzhennifer/bleik_dzhennifer_uznik_strasti.fb2.zip</filename>
	<title>Блейк Дженнифер. Узник страсти</title>
</book>
<book>
	<filename>bleik_dzhennifer/bleik_dzhennifer_yuzhnaya_strast_chernaya_maska.fb2.zip</filename>
	<title>Блейк Дженнифер. Южная страсть [Черная маска]</title>
</book>
<book>
	<filename>bleik_dzhennifer/bleik_dzhennifer_yuzhnaya_strast.fb2.zip</filename>
	<title>Блейк Дженнифер. Южная страсть</title>
</book>
<book>
	<filename>bleik_dzhennifer/bleik_dzhennifer_zakon_mesti.fb2.zip</filename>
	<title>Блейк Дженнифер. Закон мести</title>
</book>
<book>
	<filename>bleik_dzhennifer/bleik_dzhennifer_zapretnye_mechty_ocharovanie_zolota.fb2.zip</filename>
	<title>Блейк Дженнифер. Запретные мечты [Очарование золота]</title>
</book>
<book>
	<filename>bleik_dzhennifer/bleik_dzhennifer_zov_serdca.fb2.zip</filename>
	<title>Блейк Дженнифер. Зов сердца</title>
</book>
<book>
	<filename>bleik_dzhordzh/bleik_dzhordzh_inogo_vybora_net.fb2.zip</filename>
	<title>Блейк Джордж. Иного выбора нет</title>
</book>
<book>
	<filename>bleik_maikl/bleik_maikl_tancy_s_volkami.fb2.zip</filename>
	<title>Блейк Майкл. Танцы с волками</title>
</book>
<book>
	<filename>bleik_nikolas/bleik_nikolas_delo_merzkogo_snegovika.fb2.zip</filename>
	<title>Блейк Николас. Дело мерзкого снеговика</title>
</book>
<book>
	<filename>bleik_nikolas/bleik_nikolas_golova_puteshestvennika.fb2.zip</filename>
	<title>Блейк Николас. Голова Путешественника</title>
</book>
<book>
	<filename>bleik_nikolas/bleik_nikolas_lichnaya_rana.fb2.zip</filename>
	<title>Блейк Николас. Личная рана</title>
</book>
<book>
	<filename>bleik_nikolas/bleik_nikolas_ubiistvo_na_pivovarne.fb2.zip</filename>
	<title>Блейк Николас. Убийство на пивоварне</title>
</book>
<book>
	<filename>bleiksli_sandra/bleiksli_sandra_ob_intellekte.fb2.zip</filename>
	<title>Блейксли Сандра. Об интеллекте</title>
</book>
<book>
	<filename>bleik_uilyam/bleik_uilyam_brakosochetanie_raya_i_ada.fb2.zip</filename>
	<title>Блейк Уильям. Бракосочетание Рая и Ада</title>
</book>
<book>
	<filename>bleik_yan/bleik_yan_yegeiskaya_kompaniya.fb2.zip</filename>
	<title>Блейк Ян. Эгейская компания</title>
</book>
<book>
	<filename>bleik_yelli/bleik_yelli_tost_za_kyeri_granta.fb2.zip</filename>
	<title>Блейк Элли. Тост за Кэри Гранта</title>
</book>
<book>
	<filename>blein_diana/blein_diana_spletenie_sudeb.fb2.zip</filename>
	<title>Блейн Диана. Сплетение судеб</title>
</book>
<book>
	<filename>bleini_myeri/bleini_myeri_pocelui_vozlyublennogo.fb2.zip</filename>
	<title>Блейни Мэри. Поцелуй возлюбленного</title>
</book>
<book>
	<filename>bleini_myeri/bleini_myeri_tvoi_pylkii_pocelui.fb2.zip</filename>
	<title>Блейни Мэри. Твой пылкий поцелуй</title>
</book>
<book>
	<filename>blein_sara/blein_sara_kak_zhenit_markiza.fb2.zip</filename>
	<title>Блейн Сара. Как женить маркиза</title>
</book>
<book>
	<filename>blend_margot/blend_margot_madam_marrakesh.fb2.zip</filename>
	<title>Бленд Маргот. Мадам Марракеш</title>
</book>
<book>
	<filename>blie_bertran/blie_bertran_valsiruyushie_ili_pohozhdeniya_chudakov.fb2.zip</filename>
	<title>Блие Бертран. Вальсирующие, или Похождения чудаков</title>
</book>
<book>
	<filename>blikst_dyevid/blikst_dyevid_koroli_verony.fb2.zip</filename>
	<title>Бликст Дэвид. Короли Вероны</title>
</book>
<book>
	<filename>blinkou_nikolas/blinkou_nikolas_kislotniki.fb2.zip</filename>
	<title>Блинкоу Николас. Кислотники</title>
</book>
<book>
	<filename>blinkou_nikolas/blinkou_nikolas_narkosvyashennik.fb2.zip</filename>
	<title>Блинкоу Николас. Наркосвященник</title>
</book>
<book>
	<filename>blish_dzheims/blish_dzheims_triumf_vremeni.fb2.zip</filename>
	<title>Блиш Джеймс Бенджамин. Триумф времени</title>
</book>
<book>
	<filename>blish_dzheims/blish_dzheims_vernis_domoi_zemlyanin.fb2.zip</filename>
	<title>Блиш Джеймс Бенджамин. Вернись домой, Землянин</title>
</book>
<book>
	<filename>blish_dzheims/blish_dzheims_zaseyannye_zvezdy.fb2.zip</filename>
	<title>Блиш Джеймс. Засеянные звезды</title>
</book>
<book>
	<filename>blish_dzheims/blish_dzheims_zhizn_radi_zvezd.fb2.zip</filename>
	<title>Блиш Джеймс Бенджамин. Жизнь ради звезд</title>
</book>
<book>
	<filename>blish_dzheims/blish_dzheims_zvezdy_v_ih_rukah.fb2.zip</filename>
	<title>Блиш Джеймс Бенджамин. Звезды в их руках</title>
</book>
<book>
	<filename>bliznecov_dimitrii/bliznecov_dimitrii_blagorodnaya_rabota.fb2.zip</filename>
	<title>Близнецов Димитрий. Благородная работа</title>
</book>
<book>
	<filename>bliznecov_dimitrii/bliznecov_dimitrii_bolshaya_igra.fb2.zip</filename>
	<title>Близнецов Димитрий. Большая игра</title>
</book>
<book>
	<filename>bliznecov_dimitrii/bliznecov_dimitrii_dni_oruzhiya.fb2.zip</filename>
	<title>Близнецов Димитрий. Дни оружия</title>
</book>
<book>
	<filename>bliznecov_dimitrii/bliznecov_dimitrii_opasnoe_predpriyatie.fb2.zip</filename>
	<title>Близнецов Димитрий. Опасное предприятие</title>
</book>
<book>
	<filename>bliznecov_dimitrii/bliznecov_dimitrii_proklyatoe_sozvezdie.fb2.zip</filename>
	<title>Близнецов Димитрий. Проклятое созвездие</title>
</book>
<book>
	<filename>bliznecov_dimitrii/bliznecov_dimitrii_zoloto_pod_nogami.fb2.zip</filename>
	<title>Близнецов Димитрий. Золото под ногами</title>
</book>
<book>
	<filename>bliznecov_dimitrii/bliznecov_dimitrii_zvezdnyi_stiplchez.fb2.zip</filename>
	<title>Близнецов Димитрий. Звездный стипль-чез</title>
</book>
<book>
	<filename>bliznyuk_semen/bliznyuk_semen_kostry_nochnyh_karpat.fb2.zip</filename>
	<title>Близнюк Семен. Костры ночных Карпат</title>
</book>
<book>
	<filename>bliznyuk_semen/bliznyuk_semen_v_labirinte_zamershego_goroda.fb2.zip</filename>
	<title>Близнюк Семен. В лабиринте замершего города</title>
</book>
<book>
	<filename>bloh_artur/bloh_artur_merfologiya.fb2.zip</filename>
	<title>Блох Артур. Мерфология</title>
</book>
<book>
	<filename>bloh_artur/bloh_artur_myerfologiya.fb2.zip</filename>
	<title>Блох Артур. Мэрфология</title>
</book>
<book>
	<filename>blohin_oleg/blohin_oleg_pravo_na_gol.fb2.zip</filename>
	<title>Блохин Олег Владимирович. Право на гол</title>
</book>
<book>
	<filename>bloh_robert/bloh_robert_amerikanskaya_gotika.fb2.zip</filename>
	<title>Блох Роберт Альберт. Американская готика</title>
</book>
<book>
	<filename>bloh_robert/bloh_robert_chelovek_kotoryi_krichal_volk.fb2.zip</filename>
	<title>Блох Роберт Альберт. Человек, который кричал: «Волк!»</title>
</book>
<book>
	<filename>bloh_robert/bloh_robert_chestnoe_slovo.fb2.zip</filename>
	<title>Блох Роберт Альберт. Честное слово</title>
</book>
<book>
	<filename>bloh_robert/bloh_robert_chto_uvidish_to_poluchish.fb2.zip</filename>
	<title>Блох Роберт Альберт. Что увидишь – то получишь</title>
</book>
<book>
	<filename>bloh_robert/bloh_robert_cvetochnoe_podnoshenie.fb2.zip</filename>
	<title>Блох Роберт Альберт. Цветочное подношение</title>
</book>
<book>
	<filename>bloh_robert/bloh_robert_enoh.fb2.zip</filename>
	<title>Блох Роберт Альберт. Енох</title>
</book>
<book>
	<filename>bloh_robert/bloh_robert_glas_vopiyushego.fb2.zip</filename>
	<title>Блох Роберт Альберт. Глас вопиющего</title>
</book>
<book>
	<filename>bloh_robert/bloh_robert_golodnyi_dom.fb2.zip</filename>
	<title>Блох Роберт Альберт. Голодный дом</title>
</book>
<book>
	<filename>bloh_robert/bloh_robert_i_domovoi_utashit_vas.fb2.zip</filename>
	<title>Блох Роберт Альберт. И домовой утащит вас</title>
</book>
<book>
	<filename>bloh_robert/bloh_robert_kladbishenskii_uzhas.fb2.zip</filename>
	<title>Блох Роберт Альберт. Кладбищенский ужас</title>
</book>
<book>
	<filename>bloh_robert/bloh_robert_koshmar_nomer_chetyre.fb2.zip</filename>
	<title>Блох Роберт Альберт. Кошмар номер четыре</title>
</book>
<book>
	<filename>bloh_robert/bloh_robert_kukolka.fb2.zip</filename>
	<title>Блох Роберт Альберт. Куколка</title>
</book>
<book>
	<filename>bloh_robert/bloh_robert_lovushka.fb2.zip</filename>
	<title>Блох Роберт. Ловушка</title>
</book>
<book>
	<filename>bloh_robert/bloh_robert_lyublyu_blondinok.fb2.zip</filename>
	<title>Блох Роберт Альберт. Люблю блондинок</title>
</book>
<book>
	<filename>bloh_robert/bloh_robert_mater_zmei.fb2.zip</filename>
	<title>Блох Роберт Альберт. Матерь змей</title>
</book>
<book>
	<filename>bloh_robert/bloh_robert_navek_vash_potroshitel.fb2.zip</filename>
	<title>Блох Роберт Альберт. Навек ваш, Потрошитель</title>
</book>
<book>
	<filename>bloh_robert/bloh_robert_otnyne_i_vo_veki_vekov.fb2.zip</filename>
	<title>Блох Роберт Альберт. Отныне и во веки веков</title>
</book>
<book>
	<filename>bloh_robert/bloh_robert_plash.fb2.zip</filename>
	<title>Блох Роберт Альберт. Плащ</title>
</book>
<book>
	<filename>bloh_robert/bloh_robert_poezd_v_ad.fb2.zip</filename>
	<title>Блох Роберт Альберт. Поезд в ад</title>
</book>
<book>
	<filename>bloh_robert/bloh_robert_prekrasnoe_prekrasnoi.fb2.zip</filename>
	<title>Блох Роберт Альберт. Прекрасное – прекрасной</title>
</book>
<book>
	<filename>bloh_robert/bloh_robert_psihopat.fb2.zip</filename>
	<title>Блох Роберт Альберт. Психопат</title>
</book>
<book>
	<filename>bloh_robert/bloh_robert_raspiska_na_goluboi_kvitancii.fb2.zip</filename>
	<title>Блох Роберт Альберт. Расписка на голубой квитанции</title>
</book>
<book>
	<filename>bloh_robert/bloh_robert_spyashaya_krasavica.fb2.zip</filename>
	<title>Блох Роберт Альберт. Спящая красавица</title>
</book>
<book>
	<filename>bloh_robert/bloh_robert_tainstvennyi_ostrov_doktora_norka.fb2.zip</filename>
	<title>Блох Роберт Альберт. Таинственный остров доктора Норка</title>
</book>
<book>
	<filename>bloh_robert/bloh_robert_ten_manyaka.fb2.zip</filename>
	<title>Блох Роберт Альберт. Тень маньяка</title>
</book>
<book>
	<filename>bloh_robert/bloh_robert_uchenik_charodeya.fb2.zip</filename>
	<title>Блох Роберт Альберт. Ученик чародея</title>
</book>
<book>
	<filename>bloh_robert/bloh_robert_vdali_ot_vseh.fb2.zip</filename>
	<title>Блох Роберт Альберт. Вдали от всех</title>
</book>
<book>
	<filename>bloh_robert/bloh_robert_velzevul.fb2.zip</filename>
	<title>Блох Роберт Альберт. Вельзевул</title>
</book>
<book>
	<filename>bloh_robert/bloh_robert_vengerskaya_rapsodiya.fb2.zip</filename>
	<title>Блох Роберт Альберт. Венгерская рапсодия</title>
</book>
<book>
	<filename>bloh_robert/bloh_robert_volk_v_ovcharne.fb2.zip</filename>
	<title>Блох Роберт. Волк в овчарне</title>
</book>
<book>
	<filename>bloh_robert/bloh_robert_zhivoi_mertvec.fb2.zip</filename>
	<title>Блох Роберт Альберт. Живой мертвец</title>
</book>
<book>
	<filename>bloh_robert/bloh_robert_zvezdnyi_brodyaga.fb2.zip</filename>
	<title>Блох Роберт Альберт. Звездный бродяга</title>
</book>
<book>
	<filename>blok_aleksandr/blok_aleksandr_poslednie_dni_imperatorskoi_vlasti.fb2.zip</filename>
	<title>Блок Александр Александрович. Последние дни императорской власти</title>
</book>
<book>
	<filename>blok_aleksandr/blok_aleksandr_sbornik_stihov.fb2.zip</filename>
	<title>Блок Александр Александрович. Сборник стихов</title>
</book>
<book>
	<filename>blok_aleksandr/blok_aleksandr_stihotvoreniya.fb2.zip</filename>
	<title>Блок Александр Александрович. Стихотворения</title>
</book>
<book>
	<filename>blok_lourens/blok_lourens_alternativa_yerengrafa.fb2.zip</filename>
	<title>Блок Лоуренс. Альтернатива Эренграфа</title>
</book>
<book>
	<filename>blok_lourens/blok_lourens_a_vam_by_yeto_ponravilos.fb2.zip</filename>
	<title>Блок Лоуренс. А вам бы это понравилось?</title>
</book>
<book>
	<filename>blok_lourens/blok_lourens_bilet_na_pogost.fb2.zip</filename>
	<title>Блок Лоуренс. Билет на погост</title>
</book>
<book>
	<filename>blok_lourens/blok_lourens_brosok_v_evropu.fb2.zip</filename>
	<title>Блок Лоуренс. Бросок в Европу</title>
</book>
<book>
	<filename>blok_lourens/blok_lourens_debet_i_kredit.fb2.zip</filename>
	<title>Блок Лоуренс. Дебет и кредит</title>
</book>
<book>
	<filename>blok_lourens/blok_lourens_dlya_dushi.fb2.zip</filename>
	<title>Блок Лоуренс. Для души</title>
</book>
<book>
	<filename>blok_lourens/blok_lourens_dzhentlmenskoe_soglashenie.fb2.zip</filename>
	<title>Блок Лоуренс. Джентльменское соглашение</title>
</book>
<book>
	<filename>blok_lourens/blok_lourens_geroi_po_vyzovu.fb2.zip</filename>
	<title>Блок Лоуренс. Герой по вызову</title>
</book>
<book>
	<filename>blok_lourens/blok_lourens_kak_daleko_vse_mozhet_zaiti.fb2.zip</filename>
	<title>Блок Лоуренс. Как далеко все может зайти</title>
</book>
<book>
	<filename>blok_lourens/blok_lourens_kamen_s_dushi.fb2.zip</filename>
	<title>Блок Лоуренс. Камень с души</title>
</book>
<book>
	<filename>blok_lourens/blok_lourens_klivlend_v_moih_snah.fb2.zip</filename>
	<title>Блок Лоуренс. Кливленд в моих снах</title>
</book>
<book>
	<filename>blok_lourens/blok_lourens_kogda_umret_yetot_chelovek.fb2.zip</filename>
	<title>Блок Лоуренс. Когда умрет этот человек</title>
</book>
<book>
	<filename>blok_lourens/blok_lourens_kogda_zakroetsya_svyashennyi_nash_kabak.fb2.zip</filename>
	<title>Блок Лоуренс. Когда закроется священный наш кабак</title>
</book>
<book>
	<filename>blok_lourens/blok_lourens_kontrakt_s_nagruzkoi.fb2.zip</filename>
	<title>Блок Лоуренс. Контракт «с нагрузкой»</title>
</book>
<book>
	<filename>blok_lourens/blok_lourens_lekarstvo_yerengrafa.fb2.zip</filename>
	<title>Блок Лоуренс. Лекарство Эренграфа</title>
</book>
<book>
	<filename>blok_lourens/blok_lourens_malenkie_nezhnye_ruchonki.fb2.zip</filename>
	<title>Блок Лоуренс. Маленькие нежные ручонки</title>
</book>
<book>
	<filename>blok_lourens/blok_lourens_muzhskoe_delo.fb2.zip</filename>
	<title>Блок Лоуренс. Мужское дело</title>
</book>
<book>
	<filename>blok_lourens/blok_lourens_na_ostrie.fb2.zip</filename>
	<title>Блок Лоуренс. На острие</title>
</book>
<book>
	<filename>blok_lourens/blok_lourens_nezvanye_gosti.fb2.zip</filename>
	<title>Блок Лоуренс. Незваные гости</title>
</book>
<book>
	<filename>blok_lourens/blok_lourens_otzyvaetsya_na_klichku_soldat.fb2.zip</filename>
	<title>Блок Лоуренс. Отзывается на кличку солдат</title>
</book>
<book>
	<filename>blok_lourens/blok_lourens_pasport_v_poryadke.fb2.zip</filename>
	<title>Блок Лоуренс. Паспорт в порядке</title>
</book>
<book>
	<filename>blok_lourens/blok_lourens_plohaya_noch_dlya_grabitelei.fb2.zip</filename>
	<title>Блок Лоуренс. Плохая ночь для грабителей</title>
</book>
<book>
	<filename>blok_lourens/blok_lourens_plyaska_na_boine.fb2.zip</filename>
	<title>Блок Лоуренс. Пляска на бойне</title>
</book>
<book>
	<filename>blok_lourens/blok_lourens_polnyi_bak.fb2.zip</filename>
	<title>Блок Лоуренс. Полный бак</title>
</book>
<book>
	<filename>blok_lourens/blok_lourens_posle_pervoi_smerti.fb2.zip</filename>
	<title>Блок Лоуренс. После первой смерти</title>
</book>
<book>
	<filename>blok_lourens/blok_lourens_professionaly.fb2.zip</filename>
	<title>Блок Лоуренс. Профессионалы</title>
</book>
<book>
	<filename>blok_lourens/blok_lourens_progulka_sredi_mogil.fb2.zip</filename>
	<title>Блок Лоуренс. Прогулка среди могил</title>
</book>
<book>
	<filename>blok_lourens/blok_lourens_shag_k_svobode.fb2.zip</filename>
	<title>Блок Лоуренс. Шаг к свободе</title>
</book>
<book>
	<filename>blok_lourens/blok_lourens_shpion_v_tigrovoi_shkure.fb2.zip</filename>
	<title>Блок Лоуренс. Шпион в тигровой шкуре</title>
</book>
<book>
	<filename>blok_lourens/blok_lourens_smena_obstanovki_luchshii_otdyh.fb2.zip</filename>
	<title>Блок Лоуренс. Смена обстановки – лучший отдых</title>
</book>
<book>
	<filename>blok_lourens/blok_lourens_smertelnyi_medovyi_mesyac.fb2.zip</filename>
	<title>Блок Лоуренс. Смертельный медовый месяц</title>
</book>
<book>
	<filename>blok_lourens/blok_lourens_suvenir_na_pamyat.fb2.zip</filename>
	<title>Блок Лоуренс. Сувенир на память</title>
</book>
<book>
	<filename>blok_lourens/blok_lourens_takie_lyudi_opasny.fb2.zip</filename>
	<title>Блок Лоуренс. Такие люди опасны</title>
</book>
<book>
	<filename>blok_lourens/blok_lourens_troe_v_bokovoi_luze.fb2.zip</filename>
	<title>Блок Лоуренс. Трое в «Боковой лузе»</title>
</book>
<book>
	<filename>blok_lourens/blok_lourens_tysyacha_dollarov_za_slovo.fb2.zip</filename>
	<title>Блок Лоуренс. Тысяча долларов за слово</title>
</book>
<book>
	<filename>blok_lourens/blok_lourens_vosem_millionov_sposobov_umeret.fb2.zip</filename>
	<title>Блок Лоуренс. Восемь миллионов способов умереть</title>
</book>
<book>
	<filename>blok_lourens/blok_lourens_v_pogone_za_zolotom_izmira.fb2.zip</filename>
	<title>Блок Лоуренс. В погоне за золотом Измира</title>
</book>
<book>
	<filename>blok_lourens/blok_lourens_v_posteli_s_medvedem.fb2.zip</filename>
	<title>Блок Лоуренс. В постели с медведем</title>
</book>
<book>
	<filename>blok_lourens/blok_lourens_vzlomshiki_narod_bez_pretenzii.fb2.zip</filename>
	<title>Блок Лоуренс. Взломщики — народ без претензий</title>
</book>
<book>
	<filename>blok_lourens/blok_lourens_vzlomshik_kotoryi_citiroval_kiplinga.fb2.zip</filename>
	<title>Блок Лоуренс. Взломщик, который цитировал Киплинга</title>
</book>
<book>
	<filename>blok_lourens/blok_lourens_vzlomshik_kotoryi_izuchal_spinozu.fb2.zip</filename>
	<title>Блок Лоуренс. Взломщик, который изучал Спинозу</title>
</book>
<book>
	<filename>blok_lourens/blok_lourens_vzlomshik_kotoryi_upal_na_yelvisa.fb2.zip</filename>
	<title>Блок Лоуренс. Взломщик, который «упал» на Элвиса</title>
</book>
<book>
	<filename>blok_lourens/blok_lourens_vzlomshik_v_shkafu.fb2.zip</filename>
	<title>Блок Лоуренс. Взломщик в шкафу</title>
</book>
<book>
	<filename>blok_lourens/blok_lourens_zashita_yerengrafa.fb2.zip</filename>
	<title>Блок Лоуренс. Защита Эренграфа</title>
</book>
<book>
	<filename>blok_lourens/blok_lourens_zhazhda_smerti.fb2.zip</filename>
	<title>Блок Лоуренс. Жажда смерти</title>
</book>
<book>
	<filename>blok_lourens/blok_lourens_zhelanie_umeret.fb2.zip</filename>
	<title>Блок Лоуренс. Желание умереть</title>
</book>
<book>
	<filename>blok_nyensi/blok_nyensi_pirat.fb2.zip</filename>
	<title>Блок Нэнси. Пират</title>
</book>
<book>
	<filename>blok_pol/blok_pol_nizhe_neba.fb2.zip</filename>
	<title>Блок Пол. Ниже неба</title>
</book>
<book>
	<filename>blok_valeri/blok_valeri_rozhdestvo_nastupaet_vse_ranshe.fb2.zip</filename>
	<title>Блок Валери. Рождество наступает все раньше</title>
</book>
<book>
	<filename>blok_zhanrishar/blok_zhanrishar__i_kompaniya.fb2.zip</filename>
	<title>Блок Жан-Ришар. … и компания</title>
</book>
<book>
	<filename>blon_zhorzh/blon_zhorzh_atlanticheskii_okean.fb2.zip</filename>
	<title>Блон Жорж. Атлантический океан</title>
</book>
<book>
	<filename>blon_zhorzh/blon_zhorzh_flibusterskoe_more.fb2.zip</filename>
	<title>Блон Жорж. Флибустьерское море</title>
</book>
<book>
	<filename>blon_zhorzh/blon_zhorzh_indiiskii_okean.fb2.zip</filename>
	<title>Блон Жорж. Индийский океан</title>
</book>
<book>
	<filename>blon_zhorzh/blon_zhorzh_polyarnye_morya.fb2.zip</filename>
	<title>Блон Жорж. Полярные моря</title>
</book>
<book>
	<filename>blon_zhorzh/blon_zhorzh_sredizemnoe_more.fb2.zip</filename>
	<title>Блон Жорж. Средиземное море</title>
</book>
<book>
	<filename>blon_zhorzh/blon_zhorzh_tihii_okean.fb2.zip</filename>
	<title>Блон Жорж. Тихий океан</title>
</book>
<book>
	<filename>blum_dzhudi/blum_dzhudi_ty_zdes_bog_yeto_ya_margaret.fb2.zip</filename>
	<title>Блум Джуди. Ты здесь. Бог? Это я, Маргарет</title>
</book>
<book>
	<filename>blum_eva/blum_eva_v_novoi_roli.fb2.zip</filename>
	<title>Блум Ева. В новой роли</title>
</book>
<book>
	<filename>blumlein_maikl/blumlein_maikl_po_zhivomu.fb2.zip</filename>
	<title>Блумлейн Майкл. По живому</title>
</book>
<book>
	<filename>blum_uilyam/blum_uilyam_kenterberiiskaya_skazochka.fb2.zip</filename>
	<title>Блум Уильям. Кентерберийская сказочка</title>
</book>
<book>
	<filename>blyahin_pavel/blyahin_pavel_krasnye_dyavolyata.fb2.zip</filename>
	<title>Бляхин Павел Андреевич. Красные дьяволята</title>
</book>
<book>
	<filename>blyeik_stefani/blyeik_stefani_grehovnye_pocelui.fb2.zip</filename>
	<title>Блэйк Стефани. Греховные поцелуи</title>
</book>
<book>
	<filename>blyeik_stefani/blyeik_stefani_grehovnye_pomysly.fb2.zip</filename>
	<title>Блэйк Стефани. Греховные помыслы</title>
</book>
<book>
	<filename>blyeik_stefani/blyeik_stefani_obzhigayushii_ogon_strasti.fb2.zip</filename>
	<title>Блэйк Стефани. Обжигающий огонь страсти</title>
</book>
<book>
	<filename>blyeik_stefani/blyeik_stefani_ognennye_cvety.fb2.zip</filename>
	<title>Блэйк Стефани. Огненные цветы</title>
</book>
<book>
	<filename>blyeik_stefani/blyeik_stefani_po_vole_sudby.fb2.zip</filename>
	<title>Блэйк Стефани. По воле судьбы</title>
</book>
<book>
	<filename>blyeik_stefani/blyeik_stefani_pozhar_serdca.fb2.zip</filename>
	<title>Блэйк Стефани. Пожар сердца</title>
</book>
<book>
	<filename>blyeik_stefani/blyeik_stefani_tainye_grehi.fb2.zip</filename>
	<title>Блэйк Стефани. Тайные грехи</title>
</book>
<book>
	<filename>blyeik_stefani/blyeik_stefani_velikolepnaya_strast.fb2.zip</filename>
	<title>Блэйк Стефани. Великолепная страсть</title>
</book>
<book>
	<filename>blyeik_stefani/blyeik_stefani_zhivu_toboi_odnoi.fb2.zip</filename>
	<title>Блэйк Стефани. Живу тобой одной</title>
</book>
<book>
	<filename>blyeilok_dzheims/blyeilok_dzheims_bumazhnye_drakony.fb2.zip</filename>
	<title>Блэйлок Джеймс. Бумажные драконы</title>
</book>
<book>
	<filename>blyeilok_dzheims/blyeilok_dzheims_bumazhnyi_graal.fb2.zip</filename>
	<title>Блэйлок Джеймс. Бумажный грааль</title>
</book>
<book>
	<filename>blyeilok_dzheims/blyeilok_dzheims_chelovek_kotoryi_veril_v_sebya.fb2.zip</filename>
	<title>Блэйлок Джеймс. Человек, который верил в себя</title>
</book>
<book>
	<filename>blyeilok_dzheims/blyeilok_dzheims_ischezayushii_gnom.fb2.zip</filename>
	<title>Блэйлок Джеймс. Исчезающий гном</title>
</book>
<book>
	<filename>blyeilok_dzheims/blyeilok_dzheims_kamennyi_velikan.fb2.zip</filename>
	<title>Блэйлок Джеймс. Каменный великан</title>
</book>
<book>
	<filename>blyeilok_dzheims/blyeilok_dzheims_podzemnyi_leviafan.fb2.zip</filename>
	<title>Блэйлок Джеймс. Подземный левиафан</title>
</book>
<book>
	<filename>blyeilok_dzheims/blyeilok_dzheims_voina_mirov.fb2.zip</filename>
	<title>Блэйлок Джеймс. Война миров</title>
</book>
<book>
	<filename>blyeilok_dzheims/blyeilok_dzheims_yelfiiskii_korabl.fb2.zip</filename>
	<title>Блэйлок Джеймс. Эльфийский корабль</title>
</book>
<book>
	<filename>blyek_garri/blyek_garri_poslednyaya_purga_oskara.fb2.zip</filename>
	<title>Блэк Гарри. Последняя пурга Оскара</title>
</book>
<book>
	<filename>blyek_holli/blyek_holli_otvazhnaya.fb2.zip</filename>
	<title>Блэк Холли. Отважная</title>
</book>
<book>
	<filename>blyek_holli/blyek_holli_spaidervik_hroniki.fb2.zip</filename>
	<title>Блэк Холли. Спайдервик. Хроники</title>
</book>
<book>
	<filename>blyek_holli/blyek_holli_zacharovannaya.fb2.zip</filename>
	<title>Блэк Холли. Зачарованная</title>
</book>
<book>
	<filename>blyek_kempbell/blyek_kempbell_indiana_dzhons_i_iskateli_poteryannogo_kovchega.fb2.zip</filename>
	<title>Блэк Кемпбелл. Индиана Джонс и искатели потерянного ковчега</title>
</book>
<book>
	<filename>blyer_syendi/blyer_syendi_neznakomec_v_kilte.fb2.zip</filename>
	<title>Блэр Сэнди. Незнакомец в килте</title>
</book>
<book>
	<filename>blyetti_uilyam/blyetti_uilyam_gdeto_tam.fb2.zip</filename>
	<title>Блэтти Уильям Питер. Где-то там</title>
</book>
<book>
	<filename>blyetti_uilyam/blyetti_uilyam_izgonyayushii_dyavola.fb2.zip</filename>
	<title>Блэтти Уильям Питер. Изгоняющий дьявола</title>
</book>
<book>
	<filename>blyetti_uilyam/blyetti_uilyam_legion.fb2.zip</filename>
	<title>Блэтти Уильям Питер. Легион</title>
</book>
<book>
	<filename>blyum_detlef/blyum_detlef_taina_pridvornogo_shuta.fb2.zip</filename>
	<title>Блюм Детлеф. Тайна придворного шута</title>
</book>
<book>
	<filename>bobak_boris/bobak_boris_rasskazy.fb2.zip</filename>
	<title>Бобак Борис. Рассказы</title>
</book>
<book>
	<filename>bobev_petr/bobev_petr_opaly_nefertiti.fb2.zip</filename>
	<title>Бобев Петр. Опалы Нефертити</title>
</book>
<book>
	<filename>bobrova_irina/bobrova_irina_gulchatai_zakroi_lichiko.fb2.zip</filename>
	<title>Боброва Ирина. Гульчатай, закрой личико!</title>
</book>
<book>
	<filename>bobrova_irina/bobrova_irina_nashe_velichestvo_zmei_gorynych.fb2.zip</filename>
	<title>Боброва Ирина. Наше величество Змей Горыныч</title>
</book>
<book>
	<filename>bobrov_gleb/bobrov_gleb_peschanyi_pohod.fb2.zip</filename>
	<title>Бобров Глеб Леонидович. Песчаный поход</title>
</book>
<book>
	<filename>bobrov_gleb/bobrov_gleb_yepoha_mertvorozhdennyh.fb2.zip</filename>
	<title>Бобров Глеб Леонидович. Эпоха мертворожденных</title>
</book>
<book>
	<filename>bobrov_k/bobrov_k_pamyatka_razvedchiku_po_maskirovke.fb2.zip</filename>
	<title>Бобров К. В. Памятка разведчику по маскировке</title>
</book>
<book>
	<filename>bocharova_tatyana/bocharova_tatyana_solo_dlya_vlyublennyh_pevica.fb2.zip</filename>
	<title>Бочарова Татьяна. Соло для влюбленных. Певица</title>
</book>
<book>
	<filename>bodelsen_anders/bodelsen_anders_zadumai_chislo.fb2.zip</filename>
	<title>Бодельсен Андерс. Задумай число</title>
</book>
<book>
	<filename>boden_nina/boden_nina_doch_kolduni.fb2.zip</filename>
	<title>Боден Нина. Дочь колдуньи</title>
</book>
<book>
	<filename>bodler_sharl/bodler_sharl_cvety_zla.fb2.zip</filename>
	<title>Бодлер Шарль. Цветы зла</title>
</book>
<book>
	<filename>bodler_sharl/bodler_sharl_poyema_gashisha.fb2.zip</filename>
	<title>Бодлер Шарль. Поэма гашиша</title>
</book>
<book>
	<filename>bodler_sharl/bodler_sharl_vino_i_gashish_kak_sredstva_dlya_rasshireniya_chelovecheskoi_lichnosti.fb2.zip</filename>
	<title>Бодлер Шарль. Вино и гашиш как средства для расширения человеческой личности</title>
</book>
<book>
	<filename>bodrihin_nikolai/bodrihin_nikolai_sovetskie_asy_ocherki_o_sovetskih_letchikah.fb2.zip</filename>
	<title>Бодрихин Николай Георгиевич. Советские асы. Очерки о советских летчиках</title>
</book>
<book>
	<filename>bodriiar_zhan/bodriiar_zhan_v_teni_molchalivogo_bolshinstva_ili_konec_socialnogo.fb2.zip</filename>
	<title>Бодрийар Жан. В тени молчаливого большинства, или конец социального</title>
</book>
<book>
	<filename>bodriiar_zhan/bodriiar_zhan_zabyt_fuko.fb2.zip</filename>
	<title>Бодрийар Жан. Забыть Фуко</title>
</book>
<book>
	<filename>bodriiyar_zhan/bodriiyar_zhan_sistema_veshei.fb2.zip</filename>
	<title>Бодрийяр Жан. Система вещей</title>
</book>
<book>
	<filename>bodrov_sergei/bodrov_sergei_svyaznoi.fb2.zip</filename>
	<title>Бодров Сергей. Связной</title>
</book>
<book>
	<filename>bodrov_vitalii/bodrov_vitalii_krov_titanov.fb2.zip</filename>
	<title>Бодров Виталий. Кровь Титанов</title>
</book>
<book>
	<filename>bodyen_nina/bodyen_nina_kyerri_v_dni_voiny.fb2.zip</filename>
	<title>Бодэн Нина. Кэрри в дни войны</title>
</book>
<book>
	<filename>bogachev_filipp/bogachev_filipp_sekrety_ulichnyh_znakomstv.fb2.zip</filename>
	<title>Богачев Филипп. Секреты уличных знакомств</title>
</book>
<book>
	<filename>bogachev_filipp/bogachev_filipp_yeffektivnoe_soblaznenie_na_200.fb2.zip</filename>
	<title>Богачев Филипп Олегович. Эффективное соблазнение на 200%</title>
</book>
<book>
	<filename>bogachyov_filipp/bogachyov_filipp_russkaya_model_yeffektivnogo_soblazneniya.fb2.zip</filename>
	<title>Богачёв Филипп. Русская модель эффективного соблазнения</title>
</book>
<book>
	<filename>bogatyreva_elena/bogatyreva_elena_ispytanie.fb2.zip</filename>
	<title>Богатырева Елена. Испытание</title>
</book>

</books>

