<?xml version="1.0" encoding="UTF-8" ?>
<books>
<book>
	<filename>danser_lyeisi/danser_lyeisi_my_tak_ne_dogovarivalis.fb2.zip</filename>
	<title>Дансер Лэйси. Мы так не договаривались</title>
</book>
<book>
	<filename>danser_lyeisi/danser_lyeisi_oplachennye_dolgi.fb2.zip</filename>
	<title>Дансер Лэйси. Оплаченные долги</title>
</book>
<book>
	<filename>danser_lyeisi/danser_lyeisi_oplachennye_dolgi_kapriznaya_upryamaya.fb2.zip</filename>
	<title>Дансер Лэйси. Оплаченные долги (Капризная, упрямая)</title>
</book>
<book>
	<filename>danser_lyeisi/danser_lyeisi_polet_lastochki.fb2.zip</filename>
	<title>Дансер Лэйси. Полет ласточки</title>
</book>
<book>
	<filename>danser_lyeisi/danser_lyeisi_pyatero_i_byebi.fb2.zip</filename>
	<title>Дансер Лэйси. Пятеро и бэби</title>
</book>
<book>
	<filename>danser_lyeisi/danser_lyeisi_rycar_dlya_princessy.fb2.zip</filename>
	<title>Дансер Лэйси. Рыцарь для принцессы</title>
</book>
<book>
	<filename>danser_lyeisi/danser_lyeisi_svet_i_teni.fb2.zip</filename>
	<title>Дансер Лэйси. Свет и тени</title>
</book>
<book>
	<filename>danser_lyeisi/danser_lyeisi_v_pogone_za_mirazhami.fb2.zip</filename>
	<title>Дансер Лэйси. В погоне за миражами</title>
</book>
<book>
	<filename>danston_stiven/danston_stiven_kto_yeta_silviya.fb2.zip</filename>
	<title>Данстон Стивен. Кто эта Сильвия?</title>
</book>
<book>
	<filename>dante_aligeri_/dante_aligeri__sochineniya.fb2.zip</filename>
	<title>Данте Алигьери. Сочинения</title>
</book>
<book>
	<filename>dantek_moris/dantek_moris_krasnaya_sirena.fb2.zip</filename>
	<title>Дантек Морис. Красная сирена</title>
</book>
<book>
	<filename>danvill_dzhois/danvill_dzhois_ferma_grinfingers.fb2.zip</filename>
	<title>Данвилл Джойс. Ферма Гринфингерс</title>
</book>
<book>
	<filename>danvill_dzhois/danvill_dzhois_hozyaika_yedamlenda.fb2.zip</filename>
	<title>Данвилл Джойс. Хозяйка Эдамленда</title>
</book>
<book>
	<filename>danvill_dzhois/danvill_dzhois_otkrytie_sezona.fb2.zip</filename>
	<title>Данвилл Джойс. Открытие сезона</title>
</book>
<book>
	<filename>danvill_dzhois/danvill_dzhois_ponimayushii_vzglyad.fb2.zip</filename>
	<title>Данвилл Джойс. Понимающий взгляд</title>
</book>
<book>
	<filename>danvill_dzhois/danvill_dzhois_tri_princa.fb2.zip</filename>
	<title>Данвилл Джойс. Три принца</title>
</book>
<book>
	<filename>dar_frederik/dar_frederik_chelovek_s_ulicy.fb2.zip</filename>
	<title>Дар Фредерик. Человек с улицы</title>
</book>
<book>
	<filename>dar_frederik/dar_frederik_glaza_chtoby_plakat.fb2.zip</filename>
	<title>Дар Фредерик. Глаза, чтобы плакать</title>
</book>
<book>
	<filename>dar_frederik/dar_frederik_gruzovoi_lift.fb2.zip</filename>
	<title>Дар Фредерик. Грузовой лифт</title>
</book>
<book>
	<filename>dar_frederik/dar_frederik_hleb_mogilshikov.fb2.zip</filename>
	<title>Дар Фредерик. Хлеб могильщиков</title>
</book>
<book>
	<filename>dar_frederik/dar_frederik_i_zaplakal_palach.fb2.zip</filename>
	<title>Дар Фредерик. И заплакал палач...</title>
</book>
<book>
	<filename>dar_frederik/dar_frederik_lyubovnik_na_dvoih.fb2.zip</filename>
	<title>Дар Фредерик. Любовник на двоих</title>
</book>
<book>
	<filename>dar_frederik/dar_frederik_osvobodite_nas_ot_zla.fb2.zip</filename>
	<title>Дар Фредерик. Освободите нас от зла</title>
</book>
<book>
	<filename>dar_frederik/dar_frederik_po_moei_mogile_ktoto_hodil.fb2.zip</filename>
	<title>Дар Фредерик. По моей могиле кто-то ходил</title>
</book>
<book>
	<filename>dar_frederik/dar_frederik_smert_o_kotoroi_ty_rasskazal.fb2.zip</filename>
	<title>Дар Фредерик. Смерть, о которой ты рассказал</title>
</book>
<book>
	<filename>dar_frederik/dar_frederik_s_moeito_rozhei.fb2.zip</filename>
	<title>Дар Фредерик. С моей-то рожей</title>
</book>
<book>
	<filename>darii_i_/darii_i__behistunskaya_nadpis.fb2.zip</filename>
	<title>Дарий I. Бехистунская надпись</title>
</book>
<book>
	<filename>dario_ruben/dario_ruben_gluhoi_satir.fb2.zip</filename>
	<title>Дарио Рубен. Глухой сатир</title>
</book>
<book>
	<filename>dario_ruben/dario_ruben_pokryvalo_korolevy_myeb.fb2.zip</filename>
	<title>Дарио Рубен. Покрывало королевы Мэб</title>
</book>
<book>
	<filename>dario_ruben/dario_ruben_rozhdenie_kapusty.fb2.zip</filename>
	<title>Дарио Рубен. Рождение капусты</title>
</book>
<book>
	<filename>dario_ruben/dario_ruben_tainstvennaya_smert_brata_pedro.fb2.zip</filename>
	<title>Дарио Рубен. Таинственная смерть брата Педро</title>
</book>
<book>
	<filename>darkevich_vladislav/darkevich_vladislav_argonavty_srednevekovya.fb2.zip</filename>
	<title>Даркевич Владислав Петрович. Аргонавты Средневековья</title>
</book>
<book>
	<filename>darlton_klark/darlton_klark_bessmertie.fb2.zip</filename>
	<title>Дарлтон Кларк. Бессмертие</title>
</book>
<book>
	<filename>darlton_klark/darlton_klark_korpus_mutantov.fb2.zip</filename>
	<title>Дарлтон Кларк. Корпус мутантов</title>
</book>
<book>
	<filename>darlton_klark/darlton_klark_oruzhie_zabveniya.fb2.zip</filename>
	<title>Дарлтон Кларк. Оружие забвения</title>
</book>
<book>
	<filename>darlton_klark/darlton_klark_planeta_lerks3.fb2.zip</filename>
	<title>Дарлтон Кларк. Планета Леркс-3</title>
</book>
<book>
	<filename>darlton_klark/darlton_klark_tretya_vlast.fb2.zip</filename>
	<title>Дарлтон Кларк. Третья власть</title>
</book>
<book>
	<filename>darlton_klark/darlton_klark_voinstvuyushaya_andromeda.fb2.zip</filename>
	<title>Дарлтон Кларк. Воинствующая Андромеда</title>
</book>
<book>
	<filename>darrell_dzheki/darrell_dzheki_zveri_v_moei_posteli.fb2.zip</filename>
	<title>Даррелл Джеки. Звери в моей постели</title>
</book>
<book>
	<filename>darrell_dzherald/darrell_dzherald_aiai_i_ya.fb2.zip</filename>
	<title>Даррелл Джеральд. Ай-ай и я</title>
</book>
<book>
	<filename>darrell_dzherald/darrell_dzherald_file_iz_paltusa.fb2.zip</filename>
	<title>Даррелл Джеральд. Филе из палтуса</title>
</book>
<book>
	<filename>darrell_dzherald/darrell_dzherald_file_iz_paltusa_s_illyustraciyami.fb2.zip</filename>
	<title>Даррелл Джеральд. Филе из палтуса (с иллюстрациями)</title>
</book>
<book>
	<filename>darrell_dzherald/darrell_dzherald_gonchie_bafuta.fb2.zip</filename>
	<title>Даррелл Джеральд. Гончие Бафута</title>
</book>
<book>
	<filename>darrell_dzherald/darrell_dzherald_govoryashii_svertok.fb2.zip</filename>
	<title>Даррелл Джеральд. Говорящий сверток</title>
</book>
<book>
	<filename>darrell_dzherald/darrell_dzherald_govoryashii_svertok_s_illyustraciyami.fb2.zip</filename>
	<title>Даррелл Джеральд. Говорящий сверток (с иллюстрациями)</title>
</book>
<book>
	<filename>darrell_dzherald/darrell_dzherald_kovcheg_na_ostrove.fb2.zip</filename>
	<title>Даррелл Джеральд. Ковчег на острове</title>
</book>
<book>
	<filename>darrell_dzherald/darrell_dzherald_moya_semya_i_drugie_zveri.fb2.zip</filename>
	<title>Даррелл Джеральд. Моя семья и другие звери</title>
</book>
<book>
	<filename>darrell_dzherald/darrell_dzherald_myasnoi_rulet_vstrechi_s_zhivotnymi.fb2.zip</filename>
	<title>Даррелл Джеральд. Мясной рулет. Встречи с животными</title>
</book>
<book>
	<filename>darrell_dzherald/darrell_dzherald_naturalist_na_mushke_ili_gruppovoi_portret_s_prirodoi.fb2.zip</filename>
	<title>Даррелл Джеральд. Натуралист на мушке, или групповой портрет с природой</title>
</book>
<book>
	<filename>darrell_dzherald/darrell_dzherald_novyi_noi.fb2.zip</filename>
	<title>Даррелл Джеральд. Новый Ной</title>
</book>
<book>
	<filename>darrell_dzherald/darrell_dzherald_oslokrady.fb2.zip</filename>
	<title>Даррелл Джеральд. Ослокрады</title>
</book>
<book>
	<filename>darrell_dzherald/darrell_dzherald_oslokrady_s_illyustraciyami.fb2.zip</filename>
	<title>Даррелл Джеральд. Ослокрады (с иллюстрациями)</title>
</book>
<book>
	<filename>darrell_dzherald/darrell_dzherald_peregruzhennyi_kovcheg.fb2.zip</filename>
	<title>Даррелл Джеральд. Перегруженный ковчег</title>
</book>
<book>
	<filename>darrell_dzherald/darrell_dzherald_piknik_i_prochie_bezobraziya.fb2.zip</filename>
	<title>Даррелл Джеральд. Пикник и прочие безобразия</title>
</book>
<book>
	<filename>darrell_dzherald/darrell_dzherald_pod_pologom_pyanogo_lesa.fb2.zip</filename>
	<title>Даррелл Джеральд. Под пологом пьяного леса</title>
</book>
<book>
	<filename>darrell_dzherald/darrell_dzherald_poimaite_mne_kolobusa.fb2.zip</filename>
	<title>Даррелл Джеральд. Поймайте мне колобуса</title>
</book>
<book>
	<filename>darrell_dzherald/darrell_dzherald_poimaite_mne_kolobusa_s_illyustraciyami.fb2.zip</filename>
	<title>Даррелл Джеральд. Поймайте мне колобуса (с иллюстрациями)</title>
</book>
<book>
	<filename>darrell_dzherald/darrell_dzherald_pomestezverinec.fb2.zip</filename>
	<title>Даррелл Джеральд. Поместье-зверинец</title>
</book>
<book>
	<filename>darrell_dzherald/darrell_dzherald_pticy_zveri_i_rodstvenniki.fb2.zip</filename>
	<title>Даррелл Джеральд. Птицы, звери и родственники</title>
</book>
<book>
	<filename>darrell_dzherald/darrell_dzherald_put_kengurenka.fb2.zip</filename>
	<title>Даррелл Джеральд. Путь кенгуренка</title>
</book>
<book>
	<filename>darrell_dzherald/darrell_dzherald_rozi_moya_rodnya_s_illyustraciyami.fb2.zip</filename>
	<title>Даррелл Джеральд. Рози – моя родня (с иллюстрациями)</title>
</book>
<book>
	<filename>darrell_dzherald/darrell_dzherald_sad_bogov.fb2.zip</filename>
	<title>Даррелл Джеральд. Сад богов</title>
</book>
<book>
	<filename>darrell_dzherald/darrell_dzherald_tri_bileta_do_yedvencher.fb2.zip</filename>
	<title>Даррелл Джеральд. Три билета до Эдвенчер</title>
</book>
<book>
	<filename>darrell_dzherald/darrell_dzherald_yubilei_kovchega.fb2.zip</filename>
	<title>Даррелл Джеральд. Юбилей ковчега</title>
</book>
<book>
	<filename>darrell_dzherald/darrell_dzherald_zemlya_shorohov.fb2.zip</filename>
	<title>Даррелл Джеральд. Земля шорохов</title>
</book>
<book>
	<filename>darrell_dzherald/darrell_dzherald_zolotye_krylany_i_rozovye_golubi.fb2.zip</filename>
	<title>Даррелл Джеральд. Золотые крыланы и розовые голуби</title>
</book>
<book>
	<filename>darrell_dzherald/darrell_dzherald_zoopark_v_moem_bagazhe.fb2.zip</filename>
	<title>Даррелл Джеральд. Зоопарк в моем багаже</title>
</book>
<book>
	<filename>darrell_dzherald/darrell_dzherald_zveri_v_moei_zhizni.fb2.zip</filename>
	<title>Даррелл Джеральд. Звери в моей жизни</title>
</book>
<book>
	<filename>darrel_lorens/darrel_lorens_baltazar.fb2.zip</filename>
	<title>Даррел Лоренс. Бальтазар</title>
</book>
<book>
	<filename>darrel_lorens/darrel_lorens_bunt_afrodity_tunc.fb2.zip</filename>
	<title>Даррел Лоренс. Бунт Афродиты. Tunc</title>
</book>
<book>
	<filename>darrel_lorens/darrel_lorens_klea.fb2.zip</filename>
	<title>Даррел Лоренс. Клеа</title>
</book>
<book>
	<filename>darrel_lorens/darrel_lorens_mauntoliv.fb2.zip</filename>
	<title>Даррел Лоренс. Маунтолив</title>
</book>
<book>
	<filename>darrel_lorens/darrel_lorens_zhyustin.fb2.zip</filename>
	<title>Даррел Лоренс. Жюстин</title>
</book>
<book>
	<filename>darsi_klyer/darsi_klyer_dzhordzhina.fb2.zip</filename>
	<title>Дарси Клэр. Джорджина</title>
</book>
<book>
	<filename>darsi_lilian/darsi_lilian_zolushka_dlya_millionera.fb2.zip</filename>
	<title>Дарси Лилиан. Золушка для миллионера</title>
</book>
<book>
	<filename>darsi_yemma/darsi_yemma_doversya_sudbe.fb2.zip</filename>
	<title>Дарси Эмма. Доверься судьбе</title>
</book>
<book>
	<filename>darsi_yemma/darsi_yemma_dver_v_zazerkale.fb2.zip</filename>
	<title>Дарси Эмма. Дверь в Зазеркалье</title>
</book>
<book>
	<filename>darsi_yemma/darsi_yemma_koroleva_podiuma.fb2.zip</filename>
	<title>Дарси Эмма. Королева подиума</title>
</book>
<book>
	<filename>darsi_yemma/darsi_yemma_lovushka_dlya_bossa.fb2.zip</filename>
	<title>Дарси Эмма. Ловушка для босса</title>
</book>
<book>
	<filename>darsi_yemma/darsi_yemma_lyubov_opasnaya_kak_poroh.fb2.zip</filename>
	<title>Дарси Эмма. Любовь опасная, как порох</title>
</book>
<book>
	<filename>darsi_yemma/darsi_yemma_moya_skazochnaya_ptica.fb2.zip</filename>
	<title>Дарси Эмма. Моя сказочная птица</title>
</book>
<book>
	<filename>darsi_yemma/darsi_yemma_natali.fb2.zip</filename>
	<title>Дарси Эмма. Натали</title>
</book>
<book>
	<filename>darsi_yemma/darsi_yemma_nesladkaya_mest.fb2.zip</filename>
	<title>Дарси Эмма. Несладкая месть</title>
</book>
<book>
	<filename>darsi_yemma/darsi_yemma_pesnya_malinovki.fb2.zip</filename>
	<title>Дарси Эмма. Песня малиновки</title>
</book>
<book>
	<filename>darsi_yemma/darsi_yemma_povelitelnica_grez.fb2.zip</filename>
	<title>Дарси Эмма. Повелительница грез</title>
</book>
<book>
	<filename>darsi_yemma/darsi_yemma_rebenok_leo.fb2.zip</filename>
	<title>Дарси Эмма. Ребенок Лео</title>
</book>
<book>
	<filename>darsi_yemma/darsi_yemma_sliyanie_dvuh_okeanov.fb2.zip</filename>
	<title>Дарси Эмма. Слияние двух океанов</title>
</book>
<book>
	<filename>darsi_yemma/darsi_yemma_soblaznit_vraga.fb2.zip</filename>
	<title>Дарси Эмма. Соблазнить врага</title>
</book>
<book>
	<filename>darsi_yemma/darsi_yemma_sovsem_drugaya_zhizn.fb2.zip</filename>
	<title>Дарси Эмма. Совсем другая жизнь</title>
</book>
<book>
	<filename>darsi_yemma/darsi_yemma_svadba_vo_spasenie.fb2.zip</filename>
	<title>Дарси Эмма. Свадьба во спасение</title>
</book>
<book>
	<filename>darsi_yemma/darsi_yemma_ugolok_raya.fb2.zip</filename>
	<title>Дарси Эмма. Уголок рая</title>
</book>
<book>
	<filename>darsi_yemma/darsi_yemma_vtoroi_medovyi_mesyac.fb2.zip</filename>
	<title>Дарси Эмма. Второй медовый месяц</title>
</book>
<book>
	<filename>darsi_yemma/darsi_yemma_vybor_richarda_seimura.fb2.zip</filename>
	<title>Дарси Эмма. Выбор Ричарда Сеймура</title>
</book>
<book>
	<filename>darsi_yemma/darsi_yemma_zhenshina_v_serom_kostyume.fb2.zip</filename>
	<title>Дарси Эмма. Женщина в сером костюме</title>
</book>
<book>
	<filename>darttornton_sesiliya/darttornton_sesiliya_bitva_vechnoi_nochi.fb2.zip</filename>
	<title>Дарт-Торнтон Сесилия. Битва вечной ночи</title>
</book>
<book>
	<filename>darttornton_sesiliya/darttornton_sesiliya_ledi_pechalei.fb2.zip</filename>
	<title>Дарт-Торнтон Сесилия. Леди Печалей</title>
</book>
<book>
	<filename>darttornton_sesiliya/darttornton_sesiliya_zaklyatie_nemoty.fb2.zip</filename>
	<title>Дарт-Торнтон Сесилия. Заклятие немоты</title>
</book>
<book>
	<filename>darvin_charlz/darvin_charlz_proishozhdenie_vidov.fb2.zip</filename>
	<title>Дарвин Чарльз. Происхождение видов</title>
</book>
<book>
	<filename>darvin_yemma/darvin_yemma_matematika_lyubvi.fb2.zip</filename>
	<title>Дарвин Эмма. Математика любви</title>
</book>
<book>
	<filename>darya_koppola/darya_koppola_dnevnik_medsestry.fb2.zip</filename>
	<title>Дарья Коппола. Дневник медсестры</title>
</book>
<book>
	<filename>dasgupta_rana/dasgupta_rana_tokio_ne_prinimaet.fb2.zip</filename>
	<title>Дасгупта Рана. Токио не принимает</title>
</book>
<book>
	<filename>dashkiev_nikolai/dashkiev_nikolai_vlastelin_mira.fb2.zip</filename>
	<title>Дашкиев Николай Александрович. «Властелин мира»</title>
</book>
<book>
	<filename>dashkov_andrei/dashkov_andrei_blednyi_vsadnik_chernyi_valet.fb2.zip</filename>
	<title>Дашков Андрей. Бледный всадник, Черный Валет</title>
</book>
<book>
	<filename>dashkov_andrei/dashkov_andrei_drakon.fb2.zip</filename>
	<title>Дашков Андрей. Дракон</title>
</book>
<book>
	<filename>dashkov_andrei/dashkov_andrei_glaz_uragana.fb2.zip</filename>
	<title>Дашков Андрей. Глаз урагана</title>
</book>
<book>
	<filename>dashkov_andrei/dashkov_andrei_obezobrazhennyi.fb2.zip</filename>
	<title>Дашков Андрей. Обезображенный</title>
</book>
<book>
	<filename>dashkov_andrei/dashkov_andrei_obmanutyi.fb2.zip</filename>
	<title>Дашков Андрей. Обманутый</title>
</book>
<book>
	<filename>dashkov_andrei/dashkov_andrei_otstupnik.fb2.zip</filename>
	<title>Дашков Андрей. Отступник</title>
</book>
<book>
	<filename>dashkov_andrei/dashkov_andrei_poslednie_dni.fb2.zip</filename>
	<title>Дашков Андрей. Последние дни</title>
</book>
<book>
	<filename>dashkov_andrei/dashkov_andrei_sluga_oborotnei.fb2.zip</filename>
	<title>Дашков Андрей. Слуга оборотней</title>
</book>
<book>
	<filename>dashkov_andrei/dashkov_andrei_sobiratel_kostei.fb2.zip</filename>
	<title>Дашков Андрей. Собиратель костей</title>
</book>
<book>
	<filename>dashkov_andrei/dashkov_andrei_umri_ili_ischezni.fb2.zip</filename>
	<title>Дашков Андрей. Умри или исчезни!</title>
</book>
<book>
	<filename>dashkov_andrei/dashkov_andrei_voiny_nekromantov.fb2.zip</filename>
	<title>Дашков Андрей. Войны некромантов</title>
</book>
<book>
	<filename>dashkov_andrei/dashkov_andrei_zmeenysh.fb2.zip</filename>
	<title>Дашков Андрей. Змееныш</title>
</book>
<book>
	<filename>dashkov_andrei/dashkov_andrei_zvezda_ada.fb2.zip</filename>
	<title>Дашков Андрей. Звезда Ада</title>
</book>
<book>
	<filename>dashkova_polina/dashkova_polina_chuvstvo_realnosti_tom_1.fb2.zip</filename>
	<title>Дашкова Полина. Чувство реальности. Том 1</title>
</book>
<book>
	<filename>dashkova_polina/dashkova_polina_chuvstvo_realnosti_tom_2.fb2.zip</filename>
	<title>Дашкова Полина. Чувство реальности. Том 2</title>
</book>
<book>
	<filename>dashkova_polina/dashkova_polina_heruvim.fb2.zip</filename>
	<title>Дашкова Полина. Херувим</title>
</book>
<book>
	<filename>dashkova_polina/dashkova_polina_istochnik_schastya.fb2.zip</filename>
	<title>Дашкова Полина Викторовна. Источник счастья</title>
</book>
<book>
	<filename>dashkova_polina/dashkova_polina_krov_nerozhdennyh.fb2.zip</filename>
	<title>Дашкова Полина. Кровь нерожденных</title>
</book>
<book>
	<filename>dashkova_polina/dashkova_polina_legkie_shagi_bezumiya.fb2.zip</filename>
	<title>Дашкова Полина. Легкие шаги безумия</title>
</book>
<book>
	<filename>dashkova_polina/dashkova_polina_mesto_pod_solncem.fb2.zip</filename>
	<title>Дашкова Полина. Место под солнцем</title>
</book>
<book>
	<filename>dashkova_polina/dashkova_polina_nikto_ne_zaplachet.fb2.zip</filename>
	<title>Дашкова Полина. Никто не заплачет</title>
</book>
<book>
	<filename>dashkova_polina/dashkova_polina_obraz_vraga.fb2.zip</filename>
	<title>Дашкова Полина. Образ врага</title>
</book>
<book>
	<filename>dashkova_polina/dashkova_polina_pitomnik.fb2.zip</filename>
	<title>Дашкова Полина. Питомник</title>
</book>
<book>
	<filename>dashkova_polina/dashkova_polina_priz.fb2.zip</filename>
	<title>Дашкова Полина. Приз</title>
</book>
<book>
	<filename>dashkova_polina/dashkova_polina_prodazhnye_tvari.fb2.zip</filename>
	<title>Дашкова Полина. Продажные твари</title>
</book>
<book>
	<filename>dashkova_polina/dashkova_polina_vechnaya_noch.fb2.zip</filename>
	<title>Дашкова Полина Викторовна. Вечная ночь</title>
</book>
<book>
	<filename>dashkova_polina/dashkova_polina_yefirnoe_vremya.fb2.zip</filename>
	<title>Дашкова Полина. Эфирное время</title>
</book>
<book>
	<filename>dashkova_polina/dashkova_polina_zolotoi_pesok.fb2.zip</filename>
	<title>Дашкова Полина. Золотой песок</title>
</book>
<book>
	<filename>daun_bryein/daun_bryein_kod_onegina.fb2.zip</filename>
	<title>Даун Брэйн. Код Онегина</title>
</book>
<book>
	<filename>davydov_isai/davydov_isai_ya_vernus_cherez_tysyachu_let.fb2.zip</filename>
	<title>Давыдов Исай. Я вернусь через тысячу лет</title>
</book>
<book>
	<filename>davydov_pavel/davydov_pavel_yetyud_o_krysinom_smehe.fb2.zip</filename>
	<title>Давыдов Павел. Этюд о Крысином Смехе</title>
</book>
<book>
	<filename>davydov_pavel/davydov_pavel_yetyud_o_krysinom_smehe_opublikovannyi_variant.fb2.zip</filename>
	<title>Давыдов Павел. Этюд о крысином смехе (опубликованный вариант)</title>
</book>
<book>
	<filename>davydov_sergei/davydov_sergei_milashka.fb2.zip</filename>
	<title>Давыдов Сергей Александрович. Милашка</title>
</book>
<book>
	<filename>davydov_vadim/davydov_vadim_god_drakona.fb2.zip</filename>
	<title>Давыдов Вадим. Год Дракона</title>
</book>
<book>
	<filename>davydov_vadim/davydov_vadim_nasledniki_po_pryamoi_kniga_pervaya.fb2.zip</filename>
	<title>Давыдов Вадим. Наследники по прямой. Книга первая</title>
</book>
<book>
	<filename>davydov_yurii/davydov_yurii_belyi_vsadnik.fb2.zip</filename>
	<title>Давыдов Юрий Владимирович. Белый всадник</title>
</book>
<book>
	<filename>davydov_yurii/davydov_yurii_bestseller.fb2.zip</filename>
	<title>Давыдов Юрий Владимирович. Бестселлер</title>
</book>
<book>
	<filename>davydov_yurii/davydov_yurii_bolshaya_putina.fb2.zip</filename>
	<title>Давыдов Юрий Владимирович. Большая путина</title>
</book>
<book>
	<filename>davydov_yurii/davydov_yurii_doktor_eliseev.fb2.zip</filename>
	<title>Давыдов Юрий Владимирович. Доктор Елисеев</title>
</book>
<book>
	<filename>davydov_yurii/davydov_yurii_gluhaya_pora_listopada.fb2.zip</filename>
	<title>Давыдов Юрий Владимирович. Глухая пора листопада</title>
</book>
<book>
	<filename>davydov_yurii/davydov_yurii_golovnin.fb2.zip</filename>
	<title>Давыдов Юрий Владимирович. Головнин</title>
</book>
<book>
	<filename>davydov_yurii/davydov_yurii_idi_polnym_vetrom.fb2.zip</filename>
	<title>Давыдов Юрий Владимирович. Иди полным ветром</title>
</book>
<book>
	<filename>davydov_yurii/davydov_yurii_kapitan_yunker_bud_on_proklyat.fb2.zip</filename>
	<title>Давыдов Юрий Владимирович. Капитан Юнкер, будь он проклят…</title>
</book>
<book>
	<filename>davydov_yurii/davydov_yurii_mart.fb2.zip</filename>
	<title>Давыдов Юрий Владимирович. Март</title>
</book>
<book>
	<filename>davydov_yurii/davydov_yurii_nahimov.fb2.zip</filename>
	<title>Давыдов Юрий Владимирович. Нахимов</title>
</book>
<book>
	<filename>davydov_yurii/davydov_yurii_na_shhune.fb2.zip</filename>
	<title>Давыдов Юрий Владимирович. На шхуне</title>
</book>
<book>
	<filename>davydov_yurii/davydov_yurii_plau_vind_ili_priklyucheniya_leitenantov.fb2.zip</filename>
	<title>Давыдов Юрий Владимирович. Плау винд, или Приключения лейтенантов</title>
</book>
<book>
	<filename>davydov_yurii/davydov_yurii_senyavin.fb2.zip</filename>
	<title>Давыдов Юрий Владимирович. Сенявин</title>
</book>
<book>
	<filename>davydov_yurii/davydov_yurii_sinie_tyulpany.fb2.zip</filename>
	<title>Давыдов Юрий Владимирович. Синие тюльпаны</title>
</book>
<book>
	<filename>davydov_yurii/davydov_yurii_smuglaya_betsi_ili_priklyucheniya_russkogo_volontera.fb2.zip</filename>
	<title>Давыдов Юрий Владимирович. Смуглая Бетси, или Приключения русского волонтера</title>
</book>
<book>
	<filename>davydov_yurii/davydov_yurii_solomennaya_storozhka_dve_svyazki_pisem.fb2.zip</filename>
	<title>Давыдов Юрий Владимирович. Соломенная Сторожка (Две связки писем)</title>
</book>
<book>
	<filename>davydov_yurii/davydov_yurii_svyataya_mariya_s_rozoi_i_tyulpanom.fb2.zip</filename>
	<title>Давыдов Юрий Владимирович. Святая Мария с розой и тюльпаном</title>
</book>
<book>
	<filename>davydov_yurii/davydov_yurii_vechera_v_kolmove_iz_zapisok_usolceva_i_pered_vzorom_tvoim.fb2.zip</filename>
	<title>Давыдов Юрий Владимирович. Вечера в Колмове. Из записок Усольцева. И перед взором твоим...</title>
</book>
<book>
	<filename>davydov_yurii/davydov_yurii_vodorazdel.fb2.zip</filename>
	<title>Давыдов Юрий Владимирович. Водораздел</title>
</book>
<book>
	<filename>davydov_yurii/davydov_yurii_zaveshayu_vam_bratya.fb2.zip</filename>
	<title>Давыдов Юрий Владимирович. Завещаю вам, братья</title>
</book>
<book>
	<filename>davydov_yurii/davydov_yurii_zemnaya_atlantida.fb2.zip</filename>
	<title>Давыдов Юрий Владимирович. Земная Атлантида</title>
</book>
<book>
	<filename>davydov_yurii/davydov_yurii_zorovavel.fb2.zip</filename>
	<title>Давыдов Юрий Владимирович. Зоровавель</title>
</book>
<book>
	<filename>davydychev_lev/davydychev_lev_druzya_moi_priyateli.fb2.zip</filename>
	<title>Давыдычев Лев Иванович. Друзья мои, приятели</title>
</book>
<book>
	<filename>davydychev_lev/davydychev_lev_dyadya_kolya_pop_popov_zhit_ne_mozhet_bez_futbola.fb2.zip</filename>
	<title>Давыдычев Лев Иванович. Дядя Коля – поп Попов – жить не может без футбола</title>
</book>
<book>
	<filename>davydychev_lev/davydychev_lev_generalleitenant_samoilov_vozvrashaetsya_v_detstvo.fb2.zip</filename>
	<title>Давыдычев Лев Иванович. Генерал-лейтенант Самойлов возвращается в детство</title>
</book>
<book>
	<filename>davydychev_lev/davydychev_lev_kapriznyi_vasya_i_poslushnyi_pyos_atos.fb2.zip</filename>
	<title>Давыдычев Лев Иванович. Капризный Вася и послушный пёс Атос</title>
</book>
<book>
	<filename>davydychev_lev/davydychev_lev_lyolishna_iz_tretego_podezda.fb2.zip</filename>
	<title>Давыдычев Лев Иванович. Лёлишна из третьего подъезда</title>
</book>
<book>
	<filename>davydychev_lev/davydychev_lev_ruki_vverh_ili_vrag_1.fb2.zip</filename>
	<title>Давыдычев Лев Иванович. Руки вверх! или Враг №1</title>
</book>
<book>
	<filename>davydychev_lev/davydychev_lev_skazki_iz_sbornika_desyat_skazochnikov_pod_odnoi_kryshei.fb2.zip</filename>
	<title>Давыдычев Лев Иванович. Сказки из сборника «Десять сказочников под одной крышей»</title>
</book>
<book>
	<filename>davydychev_lev/davydychev_lev_trudnaya_lyubov.fb2.zip</filename>
	<title>Давыдычев Лев Иванович. Трудная любовь</title>
</book>
<book>
	<filename>davydychev_lev/davydychev_lev_yeta_milaya_lyudmila.fb2.zip</filename>
	<title>Давыдычев Лев Иванович. Эта милая Людмила</title>
</book>
<book>
	<filename>davydychev_lev/davydychev_lev_zhizn_ivana_semyonova.fb2.zip</filename>
	<title>Давыдычев Лев Иванович. Жизнь Ивана Семёнова</title>
</book>
<book>
	<filename>dazelo_massimo/dazelo_massimo_yettore_feramoska_ili_turnir_v_barlette.fb2.zip</filename>
	<title>д’Азельо Массимо. Этторе Фьерамоска, или турнир в Барлетте</title>
</book>
<book>
	<filename>de_areiya_klarita/de_areiya_klarita_zhestokii_angel_2.fb2.zip</filename>
	<title>Де Арейя Кларита. Жестокий Ангел – 2</title>
</book>
<book>
	<filename>dearlav_dez/dearlav_dez_biznes_put_bill_geits10_sekretov_samogo_bogatogo_v_mire_bizneslidera.fb2.zip</filename>
	<title>Деарлав Дез. Бизнес путь: Билл Гейтс.10 секретов самого богатого в мире бизнес-лидера</title>
</book>
<book>
	<filename>de_benua_alen/de_benua_alen_zagadka_gitlera.fb2.zip</filename>
	<title>де Бенуа Ален. Загадка Гитлера</title>
</book>
<book>
	<filename>de_berner_lui/de_berner_lui_senor_vivo_i_narkobaron.fb2.zip</filename>
	<title>де Берньер Луи. Сеньор Виво и наркобарон</title>
</book>
<book>
	<filename>de_berner_lui/de_berner_lui_voina_i_prichindaly_dona_yemmanuyelya.fb2.zip</filename>
	<title>де Берньер Луи. Война и причиндалы дона Эммануэля</title>
</book>
<book>
	<filename>de_berzherak_sirano/de_berzherak_sirano_inoi_svet_ili_gosudarstva_i_imperii_luny.fb2.zip</filename>
	<title>Де Бержерак Сирано. Иной свет, или Государства и империи Луны</title>
</book>
<book>
	<filename>de_bono_yedvard/de_bono_yedvard_shest_shlyap_myshleniya.fb2.zip</filename>
	<title>де Боно Эдвард. Шесть шляп мышления</title>
</book>
<book>
	<filename>de_bre_alfred/de_bre_alfred_doch_imperatora.fb2.zip</filename>
	<title>де Бре Альфред. Дочь императора</title>
</book>
<book>
	<filename>debri_per/debri_per_kovarnaya_barbara.fb2.zip</filename>
	<title>Дебри Пьер. Коварная Барбара</title>
</book>
<book>
	<filename>de_broil_lui/de_broil_lui_revolyuciya_v_fizike.fb2.zip</filename>
	<title>де Бройль Луи. Революция в физике</title>
</book>
<book>
	<filename>de_chensi_dzhon/de_chensi_dzhon_avtostrada_zapredelnosti.fb2.zip</filename>
	<title>Де Ченси Джон. Автострада запредельности</title>
</book>
<book>
	<filename>de_chensi_dzhon/de_chensi_dzhon_dorogoi_paradoksa.fb2.zip</filename>
	<title>Де Ченси Джон. Дорогой парадокса</title>
</book>
<book>
	<filename>de_chensi_dzhon/de_chensi_dzhon_kosmicheskii_dalnoboishik.fb2.zip</filename>
	<title>Де Ченси Джон. Космический дальнобойщик</title>
</book>
<book>
	<filename>de_chensi_dzhon/de_chensi_dzhon_nevesta_zamka.fb2.zip</filename>
	<title>Де Ченси Джон. Невеста замка</title>
</book>
<book>
	<filename>de_chensi_dzhon/de_chensi_dzhon_zamok_opasnyi.fb2.zip</filename>
	<title>Де Ченси Джон. Замок Опасный</title>
</book>
<book>
	<filename>de_chensi_dzhon/de_chensi_dzhon_zamok_pohishennyi.fb2.zip</filename>
	<title>Де Ченси Джон. Замок похищенный</title>
</book>
<book>
	<filename>de_chensi_dzhon/de_chensi_dzhon_zamok_raskoldovannyi.fb2.zip</filename>
	<title>Де Ченси Джон. Замок Расколдованный</title>
</book>
<book>
	<filename>de_chensi_dzhon/de_chensi_dzhon_zamok_snovidenii.fb2.zip</filename>
	<title>Де Ченси Джон. Замок Сновидений</title>
</book>
<book>
	<filename>de_chensi_dzhon/de_chensi_dzhon_zamok_ubiistvennyi.fb2.zip</filename>
	<title>Де Ченси Джон. Замок Убийственный</title>
</book>
<book>
	<filename>de_chensi_dzhon/de_chensi_dzhon_zamok_voinstvennyi.fb2.zip</filename>
	<title>Де Ченси Джон. Замок Воинственный</title>
</book>
<book>
	<filename>de_chensi_dzhon/de_chensi_dzhon_zamok_zacharovannyi.fb2.zip</filename>
	<title>Де Ченси Джон. Замок Зачарованный</title>
</book>
<book>
	<filename>defo_daniyel/defo_daniyel_dalneishie_priklyucheniya_robinzona_kruzo.fb2.zip</filename>
	<title>Дефо Даниэль. Дальнейшие приключения Робинзона Крузо</title>
</book>
<book>
	<filename>defo_daniyel/defo_daniyel_istoriya_polkovnika_dzheka.fb2.zip</filename>
	<title>Дефо Даниэль. История полковника Джека</title>
</book>
<book>
	<filename>defo_daniyel/defo_daniyel_radosti_i_goresti_znamenitoi_moll_flenders.fb2.zip</filename>
	<title>Дефо Даниэль. Радости и горести знаменитой Молль Флендерс</title>
</book>
<book>
	<filename>defo_daniyel/defo_daniyel_robinson_crusoe.fb2.zip</filename>
	<title>Дефо Даниэль. Robinson Crusoe</title>
</book>
<book>
	<filename>defo_daniyel/defo_daniyel_robinzon_kruzo.fb2.zip</filename>
	<title>Дефо Даниэль. Робинзон Крузо</title>
</book>
<book>
	<filename>defo_daniyel/defo_daniyel_schastlivaya_kurtizanka.fb2.zip</filename>
	<title>Дефо Даниэль. Счастливая куртизанка</title>
</book>
<book>
	<filename>defo_daniyel/defo_daniyel_vseobshaya_istoriya_piratov.fb2.zip</filename>
	<title>Дефо Даниэль. Всеобщая история пиратов</title>
</book>
<book>
	<filename>defo_daniyel/defo_daniyel_zhizn_i_piratskie_priklyucheniya_slavnogo_kapitana_singltona.fb2.zip</filename>
	<title>Дефо Даниэль. Жизнь и пиратские приключения славного капитана Сингльтона</title>
</book>
<book>
	<filename>defo_daniyel/defo_daniyel_zhizn_i_udivitelnye_priklyucheniya_robinzona_kruzo.fb2.zip</filename>
	<title>Дефо Даниэль. Жизнь и удивительные приключения Робинзона Крузо</title>
</book>
<book>
	<filename>defoe_daniel/defoe_daniel_robinson_crusoe.fb2.zip</filename>
	<title>Defoe Daniel. Robinson Crusoe</title>
</book>
<book>
	<filename>defoe_daniel/defoe_daniel_robinsono_kruso.fb2.zip</filename>
	<title>Defoe Daniel. Robinsono Kruso</title>
</book>
<book>
	<filename>deford_miriam/deford_miriam_koncy_v_vodu.fb2.zip</filename>
	<title>Дефорд Мириам А. Концы в воду</title>
</book>
<book>
	<filename>defurno_marselen/defurno_marselen_povsednevnaya_zhizn_v_yepohu_zhanny_dark.fb2.zip</filename>
	<title>Дефурно Марселен. Повседневная жизнь в эпоху Жанны д'Арк</title>
</book>
<book>
	<filename>degtev_vyacheslav/degtev_vyacheslav_obereg.fb2.zip</filename>
	<title>Дегтев Вячеслав Иванович. Оберег</title>
</book>
<book>
	<filename>degtyarev_maksim/degtyarev_maksim_karliki.fb2.zip</filename>
	<title>Дегтярев Максим. Карлики</title>
</book>
<book>
	<filename>degtyarev_maksim/degtyarev_maksim_morolingi.fb2.zip</filename>
	<title>Дегтярев Максим. Моролинги</title>
</book>
<book>
	<filename>degtyarev_maksim/degtyarev_maksim_okno.fb2.zip</filename>
	<title>Дегтярев Максим. Ок-но</title>
</book>
<book>
	<filename>degtyarev_maksim/degtyarev_maksim_uslovnyi_perehod_delo_intuicionistov.fb2.zip</filename>
	<title>Дегтярев Максим. Условный переход (Дело интуиционистов)</title>
</book>
<book>
	<filename>deheim_myeri/deheim_myeri_igrushka_sudby.fb2.zip</filename>
	<title>Дехейм Мэри. Игрушка судьбы</title>
</book>
<book>
	<filename>deich_mark/deich_mark_korichnevye.fb2.zip</filename>
	<title>Дейч Марк. Коричневые</title>
</book>
<book>
	<filename>deich_richard/deich_richard_klyuchi_ot_raya.fb2.zip</filename>
	<title>Дейч Ричард. Ключи от рая</title>
</book>
<book>
	<filename>deil_dzhin/deil_dzhin_chudesa_lasvegasa.fb2.zip</filename>
	<title>Дейл Джин рут. Чудеса Лас-Вегаса</title>
</book>
<book>
	<filename>deil_dzhin/deil_dzhin_feierverk.fb2.zip</filename>
	<title>Дейл Джин Рут. Фейерверк</title>
</book>
<book>
	<filename>deil_dzhin/deil_dzhin_neukrotimye_serdca.fb2.zip</filename>
	<title>Дейл Джин Рут. Неукротимые сердца</title>
</book>
<book>
	<filename>deili_braian/deili_braian_priklyucheniya_hyena_solo1_hyen_solo_v_zvezdnom_tupike.fb2.zip</filename>
	<title>Дейли Брайан. Приключения Хэна Соло-1: Хэн Соло в звездном тупике</title>
</book>
<book>
	<filename>deili_braian/deili_braian_priklyucheniya_hyena_solo2_revansh_hyena_solo.fb2.zip</filename>
	<title>Дейли Брайан. Приключения Хэна Соло-2: Реванш Хэна Соло</title>
</book>
<book>
	<filename>deili_braian/deili_braian_priklyucheniya_hyena_solo3_hyen_solo_i_poteryannoe_nasledstvo.fb2.zip</filename>
	<title>Дейли Брайан. Приключения Хэна Соло-3: Хэн Соло и потерянное наследство</title>
</book>
<book>
	<filename>deili_dzhanet/deili_dzhanet_fiesta_v_sanantonio.fb2.zip</filename>
	<title>Дейли Джанет. Фиеста в Сан-Антонио</title>
</book>
<book>
	<filename>deili_dzhanet/deili_dzhanet_gordye_i_svobodnye.fb2.zip</filename>
	<title>Дейли Джанет. Гордые и свободные</title>
</book>
<book>
	<filename>deili_dzhanet/deili_dzhanet_igra_do_pobedy.fb2.zip</filename>
	<title>Дейли Джанет. Игра до победы</title>
</book>
<book>
	<filename>deili_dzhanet/deili_dzhanet_maskarad.fb2.zip</filename>
	<title>Дейли Джанет. Маскарад</title>
</book>
<book>
	<filename>deili_dzhanet/deili_dzhanet_master_poceluev.fb2.zip</filename>
	<title>Дейли Джанет. Мастер поцелуев</title>
</book>
<book>
	<filename>deili_dzhanet/deili_dzhanet_nasledstvo_dlya_dvoih.fb2.zip</filename>
	<title>Дейли Джанет. Наследство для двоих</title>
</book>
<book>
	<filename>deili_dzhanet/deili_dzhanet_neotrazimyi_brodyaga.fb2.zip</filename>
	<title>Дейли Джанет. Неотразимый бродяга</title>
</book>
<book>
	<filename>deili_dzhanet/deili_dzhanet_nochnoi_put.fb2.zip</filename>
	<title>Дейли Джанет. Ночной путь</title>
</book>
<book>
	<filename>deili_dzhanet/deili_dzhanet_otchayannaya_ohota.fb2.zip</filename>
	<title>Дейли Джанет. Отчаянная охота</title>
</book>
<book>
	<filename>deili_dzhanet/deili_dzhanet_pocelui_vetra.fb2.zip</filename>
	<title>Дейли Джанет. Поцелуй ветра</title>
</book>
<book>
	<filename>deili_dzhanet/deili_dzhanet_pod_senyu_vinogradnyh_loz.fb2.zip</filename>
	<title>Дейли Джанет. Под сенью виноградных лоз</title>
</book>
<book>
	<filename>deili_dzhanet/deili_dzhanet_pohishenie_pomeksikanski_pocelui_vetra.fb2.zip</filename>
	<title>Дейли Джанет. Похищение по-мексикански (Поцелуй ветра)</title>
</book>
<book>
	<filename>deili_dzhanet/deili_dzhanet_pohishenie_pomesikanski.fb2.zip</filename>
	<title>Дейли Джанет. Похищение по-месикански</title>
</book>
<book>
	<filename>deili_dzhanet/deili_dzhanet_soperniki.fb2.zip</filename>
	<title>Дейли Джанет. Соперники</title>
</book>
<book>
	<filename>deili_dzhanet/deili_dzhanet_stolichnye_kanikuly.fb2.zip</filename>
	<title>Дейли Джанет. Столичные каникулы</title>
</book>
<book>
	<filename>deili_dzhanet/deili_dzhanet_v_gore_i_v_radosti.fb2.zip</filename>
	<title>Дейли Джанет. В горе и в радости</title>
</book>
<book>
	<filename>deili_dzhanet/deili_dzhanet_ya_vse_snesu.fb2.zip</filename>
	<title>Дейли Джанет. Я все снесу</title>
</book>
<book>
	<filename>deili_dzhanet/deili_dzhanet_zolotoi_mirazh.fb2.zip</filename>
	<title>Дейли Джанет. Золотой мираж</title>
</book>
<book>
	<filename>deili_kyerroll/deili_kyerroll_rycari_raskrytoi_ladoni.fb2.zip</filename>
	<title>Дейли Кэрролл Джон. Рыцари раскрытой ладони</title>
</book>
<book>
	<filename>dein_lyusi/dein_lyusi_zhazhda_serdca.fb2.zip</filename>
	<title>Дейн Люси. Жажда сердца</title>
</book>

</books>

