<?xml version="1.0" encoding="UTF-8" ?>
<books>

<book>
	<filename>doil_uilyam/doil_uilyam_yaponki_ne_stareyut_i_ne_tolsteyut.fb2.zip</filename>
	<title>Дойл Уильям. Японки не стареют и не толстеют</title>
</book>
<book>
	<filename>doiterman_piter/doiterman_piter_sezon_ohoty.fb2.zip</filename>
	<title>Дойтерман Питер Т. Сезон охоты</title>
</book>
<book>
	<filename>dokinz_richard/dokinz_richard_est_li_chtonibud_bolee_neveroyatnoe_chem_bog.fb2.zip</filename>
	<title>Докинз Ричард. Есть ли что-нибудь более невероятное, чем Бог?</title>
</book>
<book>
	<filename>dokinz_richard/dokinz_richard_kakaya_polza_ot_religii.fb2.zip</filename>
	<title>Докинз Ричард. Какая польза от религии?</title>
</book>
<book>
	<filename>dokinz_richard/dokinz_richard_rasshirennyi_fenotip_dalnee_vliyanie_gena.fb2.zip</filename>
	<title>Докинз Ричард. Расширенный фенотип: Дальнее влияние гена</title>
</book>
<book>
	<filename>dokinz_richard/dokinz_richard_virusy_mozga.fb2.zip</filename>
	<title>Докинз Ричард. Вирусы мозга</title>
</book>
<book>
	<filename>dokinz_richard/dokinz_richard_yegoistichnyi_gen.fb2.zip</filename>
	<title>Докинз Ричард. Эгоистичный ген</title>
</book>
<book>
	<filename>dok_smit_yedvard_yelmer/dok_smit_yedvard_yelmer_begstvo_s_planety.fb2.zip</filename>
	<title>`Док` Смит Эдвард Элмер. Бегство с планеты</title>
</book>
<book>
	<filename>dok_smit_yedvard_yelmer/dok_smit_yedvard_yelmer_bomba_zamedlennogo_deistviya.fb2.zip</filename>
	<title>`Док` Смит Эдвард Элмер. Бомба замедленного действия</title>
</book>
<book>
	<filename>dok_smit_yedvard_yelmer/dok_smit_yedvard_yelmer_deti_linzy1_seryi_lensmen.fb2.zip</filename>
	<title>`Док` Смит Эдвард Элмер. Дети Линзы-1: Серый Ленсмен</title>
</book>
<book>
	<filename>dok_smit_yedvard_yelmer/dok_smit_yedvard_yelmer_deti_linzy2_linzmeny_vtorogo_urovnya.fb2.zip</filename>
	<title>`Док` Смит Эдвард Элмер. Дети Линзы-2: Линзмены второго уровня</title>
</book>
<book>
	<filename>dok_smit_yedvard_yelmer/dok_smit_yedvard_yelmer_deti_linzy3_deti_linzy.fb2.zip</filename>
	<title>`Док` Смит Эдвард Элмер. Дети Линзы-3: Дети Линзы</title>
</book>
<book>
	<filename>dok_smit_yedvard_yelmer/dok_smit_yedvard_yelmer_krovavoe_oko_sarpediona.fb2.zip</filename>
	<title>`Док` Смит Эдвард Элмер. Кровавое око Сарпедиона</title>
</book>
<book>
	<filename>dok_smit_yedvard_yelmer/dok_smit_yedvard_yelmer_otblesk_krovavoi_zvezdy.fb2.zip</filename>
	<title>`Док` Смит Эдвард Элмер. Отблеск Кровавой звезды</title>
</book>
<book>
	<filename>dok_smit_yedvard_yelmer/dok_smit_yedvard_yelmer_pervyi_linzmen1_triplanetie_soyuz_treh_planet.fb2.zip</filename>
	<title>`Док` Смит Эдвард Элмер. Первый Линзмен-1: Трипланетие (Союз трех планет)</title>
</book>
<book>
	<filename>dok_smit_yedvard_yelmer/dok_smit_yedvard_yelmer_pervyi_linzmen2_pervyi_lensmen.fb2.zip</filename>
	<title>`Док` Смит Эдвард Элмер. Первый Линзмен-2: Первый Ленсмен</title>
</book>
<book>
	<filename>dok_smit_yedvard_yelmer/dok_smit_yedvard_yelmer_pervyi_linzmen3_galakticheskii_patrul.fb2.zip</filename>
	<title>`Док` Смит Эдвард Элмер. Первый Линзмен-3: Галактический патруль</title>
</book>
<book>
	<filename>dok_smit_yedvard_yelmer/dok_smit_yedvard_yelmer_piraty_kosmosa.fb2.zip</filename>
	<title>`Док` Смит Эдвард Элмер. Пираты космоса</title>
</book>
<book>
	<filename>dok_smit_yedvard_yelmer/dok_smit_yedvard_yelmer_v_glubinah_prostranstva.fb2.zip</filename>
	<title>`Док` Смит Эдвард Элмер. В глубинах пространства</title>
</book>
<book>
	<filename>dok_smit_yedvard_yelmer/dok_smit_yedvard_yelmer_zagovor_puritaniya.fb2.zip</filename>
	<title>`Док` Смит Эдвард Элмер. Заговор «Пуритания»</title>
</book>
<book>
	<filename>dok_smit_yedvard_yelmer/dok_smit_yedvard_yelmer_zheleznaya_nemezida.fb2.zip</filename>
	<title>`Док` Смит Эдвард Элмер. Железная Немезида</title>
</book>
<book>
	<filename>dok_smit_yedvard_yelmer/dok_smit_yedvard_yelmer_zvezdy_imperii.fb2.zip</filename>
	<title>`Док` Смит Эдвард Элмер. Звезды Империи</title>
</book>
<book>
	<filename>doktorou_kori/doktorou_kori_igra_yendy.fb2.zip</filename>
	<title>Доктороу Кори. Игра Энды</title>
</book>
<book>
	<filename>doktorou_yedgar/doktorou_yedgar_billi_batgeit.fb2.zip</filename>
	<title>Доктороу Эдгар Лоренс. Билли Батгейт</title>
</book>
<book>
	<filename>doktorou_yedgar/doktorou_yedgar_kloaka.fb2.zip</filename>
	<title>Доктороу Эдгар Лоренс. Клоака</title>
</book>
<book>
	<filename>doktorou_yedgar/doktorou_yedgar_ryegtaim.fb2.zip</filename>
	<title>Доктороу Эдгар Лоуренс. Рэгтайм</title>
</book>
<book>
	<filename>doldmihailik_yurii/doldmihailik_yurii_i_odin_v_pole_voin.fb2.zip</filename>
	<title>Дольд-Михайлик Юрий Петрович. И один в поле воин</title>
</book>
<book>
	<filename>doldmihailik_yurii/doldmihailik_yurii_u_chernyh_rycarei.fb2.zip</filename>
	<title>Дольд-Михайлик Юрий Петрович. У Черных рыцарей</title>
</book>
<book>
	<filename>dolengamostovich_tadeush/dolengamostovich_tadeush_znahar.fb2.zip</filename>
	<title>Доленга-Мостович Тадеуш. Знахарь</title>
</book>
<book>
	<filename>dolgova_elena/dolgova_elena_centurion.fb2.zip</filename>
	<title>Долгова Елена. Центурион</title>
</book>
<book>
	<filename>dolgova_elena/dolgova_elena_magi_i_moshenniki.fb2.zip</filename>
	<title>Долгова Елена. Маги и мошенники</title>
</book>
<book>
	<filename>dolgova_elena/dolgova_elena_master_mirazha.fb2.zip</filename>
	<title>Долгова Елена. Мастер Миража</title>
</book>
<book>
	<filename>dolgova_elena/dolgova_elena_sfera_maalfasa.fb2.zip</filename>
	<title>Долгова Елена. Сфера Маальфаса</title>
</book>
<book>
	<filename>dolgushin_yurii/dolgushin_yurii_gch_generator_chudes.fb2.zip</filename>
	<title>Долгушин Юрий Александрович. ГЧ [Генератор чудес]</title>
</book>
<book>
	<filename>dolingo_boris/dolingo_boris_beglecy.fb2.zip</filename>
	<title>Долинго Борис. Беглецы</title>
</book>
<book>
	<filename>dolingo_boris/dolingo_boris_drugoe_mesto_ponyat_vechnost.fb2.zip</filename>
	<title>Долинго Борис. Другое место (Понять вечность)</title>
</book>
<book>
	<filename>dolingo_boris/dolingo_boris_kruglye_grani_zemli.fb2.zip</filename>
	<title>Долинго Борис. Круглые грани земли</title>
</book>
<book>
	<filename>dolingo_boris/dolingo_boris_mir_terpa.fb2.zip</filename>
	<title>Долинго Борис. Мир Терпа</title>
</book>
<book>
	<filename>dolin_v/dolin_v_kolodcy.fb2.zip</filename>
	<title>Долин В. Н. Колодцы</title>
</book>
<book>
	<filename>dolohov_vladimir/dolohov_vladimir_kurs_nachinayushego_volshebnika.fb2.zip</filename>
	<title>Долохов Владимир Афанасьевич. Курс начинающего волшебника</title>
</book>
<book>
	<filename>dolohov_vladimir/dolohov_vladimir_sam_sebe_volshebnik.fb2.zip</filename>
	<title>Долохов Владимир Афанасьевич. Сам себе волшебник</title>
</book>
<book>
	<filename>domal_rene/domal_rene_gora_analog.fb2.zip</filename>
	<title>Домаль Рене. Гора Аналог</title>
</book>
<book>
	<filename>domashnii_kompyuter_/domashnii_kompyuter__domashnii_kompyuter_10_124_2006.fb2.zip</filename>
	<title>Домашний_компьютер. Домашний компьютер № 10 (124) 2006</title>
</book>
<book>
	<filename>domashnii_kompyuter_/domashnii_kompyuter__domashnii_kompyuter_6_120_2006.fb2.zip</filename>
	<title>Домашний_компьютер. Домашний компьютер № 6 (120) 2006</title>
</book>
<book>
	<filename>domashnii_kompyuter_/domashnii_kompyuter__domashnii_kompyuter_7_121_2006.fb2.zip</filename>
	<title>Домашний_компьютер. Домашний компьютер № 7 (121) 2006</title>
</book>
<book>
	<filename>domashnii_kompyuter_/domashnii_kompyuter__domashnii_kompyuter_8_122_2006.fb2.zip</filename>
	<title>Домашний_компьютер. Домашний компьютер № 8 (122) 2006</title>
</book>
<book>
	<filename>domashnii_kompyuter_/domashnii_kompyuter__domashnii_kompyuter_9_123_2006.fb2.zip</filename>
	<title>Домашний_компьютер. Домашний компьютер № 9 (123) 2006</title>
</book>
<book>
	<filename>domashnii_kompyuter_/domashnii_kompyuter__domashnii_kompyuter_no_10_124_2006.fb2.zip</filename>
	<title>Домашний_компьютер. Домашний компьютер № 10 (124) 2006</title>
</book>
<book>
	<filename>domashnii_kompyuter_/domashnii_kompyuter__domashnii_kompyuter_no_6_120_2006.fb2.zip</filename>
	<title>Домашний_компьютер. Домашний компьютер № 6 (120) 2006</title>
</book>
<book>
	<filename>domashnii_kompyuter_/domashnii_kompyuter__domashnii_kompyuter_no_7_121_2006.fb2.zip</filename>
	<title>Домашний_компьютер. Домашний компьютер № 7 (121) 2006</title>
</book>
<book>
	<filename>domashnii_kompyuter_/domashnii_kompyuter__domashnii_kompyuter_no_8_122_2006.fb2.zip</filename>
	<title>Домашний_компьютер. Домашний компьютер № 8 (122) 2006</title>
</book>
<book>
	<filename>domashnii_kompyuter_/domashnii_kompyuter__domashnii_kompyuter_no_9_123_2006.fb2.zip</filename>
	<title>Домашний_компьютер. Домашний компьютер № 9 (123) 2006</title>
</book>
<book>
	<filename>dombrovskii_yurii/dombrovskii_yurii_fakultet_nenuzhnyh_veshei.fb2.zip</filename>
	<title>Домбровский Юрий Осипович. Факультет ненужных вещей</title>
</book>
<book>
	<filename>dombrovskii_yurii/dombrovskii_yurii_hranitel_drevnostei.fb2.zip</filename>
	<title>Домбровский Юрий Осипович. Хранитель древностей</title>
</book>
<book>
	<filename>dommanzhe_robert/dommanzhe_robert_dressirovka_frama.fb2.zip</filename>
	<title>Домманже Роберт. Дрессировка Фрама</title>
</book>
<book>
	<filename>dommanzhe_robert/dommanzhe_robert_pisma_k_dyadyushke_klodomiru.fb2.zip</filename>
	<title>Домманже Роберт. Письма к дядюшке Клодомиру</title>
</book>
<book>
	<filename>domning_deniz/domning_deniz_raskalennaya_stuzha.fb2.zip</filename>
	<title>Домнинг Дениз. Раскаленная стужа</title>
</book>
<book>
	<filename>domning_deniz/domning_deniz_vesennyaya_strast.fb2.zip</filename>
	<title>Домнинг Дениз. Весенняя страсть</title>
</book>
<book>
	<filename>domning_dzhoan/domning_dzhoan_schaste_prihodit_v_dozhd.fb2.zip</filename>
	<title>Домнинг Джоан. Счастье приходит в дождь</title>
</book>
<book>
	<filename>donald_klyer/donald_klyer_zhenskie_chary.fb2.zip</filename>
	<title>Доналд Клэр. Женские чары</title>
</book>
<book>
	<filename>donald_robin/donald_robin_lyubovniki_ponevole.fb2.zip</filename>
	<title>Доналд Робин. Любовники поневоле</title>
</book>
<book>
	<filename>donald_robin/donald_robin_na_puti_k_vencu.fb2.zip</filename>
	<title>Доналд Робин. На пути к венцу</title>
</book>
<book>
	<filename>donald_robin/donald_robin_ostorozhno_tigr.fb2.zip</filename>
	<title>Доналд Робин. Осторожно, тигр!</title>
</book>
<book>
	<filename>donald_robin/donald_robin_ottayavshie_serdca.fb2.zip</filename>
	<title>Доналд Робин. Оттаявшие сердца</title>
</book>
<book>
	<filename>donald_robin/donald_robin_rai_na_tropicheskom_ostrove.fb2.zip</filename>
	<title>Доналд Робин. Рай на тропическом острове</title>
</book>
<book>
	<filename>donald_robin/donald_robin_slezy_v_rayu.fb2.zip</filename>
	<title>Доналд Робин. Слезы в раю</title>
</book>
<book>
	<filename>donaldson_stiven/donaldson_stiven_haos_i_poryadok_pryzhok_v_bezumie.fb2.zip</filename>
	<title>Дональдсон Стивен. Хаос и порядок. Прыжок в безумие</title>
</book>
<book>
	<filename>donaldson_stiven/donaldson_stiven_obladatel_belogo_zolota.fb2.zip</filename>
	<title>Дональдсон Стивен. Обладатель Белого Золота</title>
</book>
<book>
	<filename>donaldson_stiven/donaldson_stiven_pervoe_derevo.fb2.zip</filename>
	<title>Дональдсон Стивен Ридер. Первое дерево</title>
</book>
<book>
	<filename>donaldson_stiven/donaldson_stiven_podlinnaya_istoriya_pryzhok_v_stolknovenie.fb2.zip</filename>
	<title>Дональдсон Стивен. Подлинная история. Прыжок в столкновение.</title>
</book>
<book>
	<filename>donaldson_stiven/donaldson_stiven_poyavlenie_temnogo_i_golodnogo_boga_pryzhok_vo_vlast.fb2.zip</filename>
	<title>Дональдсон Стивен Ридер. Появление темного и голодного бога. Прыжок во власть</title>
</book>
<book>
	<filename>donaldson_stiven/donaldson_stiven_proklyatie_lorda_faula.fb2.zip</filename>
	<title>Дональдсон Стивен. Проклятие лорда Фаула</title>
</book>
<book>
	<filename>donaldson_stiven/donaldson_stiven_pryzhok_v_konflikt_pravdivaya_istoriya.fb2.zip</filename>
	<title>Дональдсон Стивен. Прыжок в конфликт. Правдивая история</title>
</book>
<book>
	<filename>donaldson_stiven/donaldson_stiven_ranenaya_strana.fb2.zip</filename>
	<title>Дональдсон Стивен. Раненая страна</title>
</book>
<book>
	<filename>donaldson_stiven/donaldson_stiven_sila_kotoraya_zashishaet.fb2.zip</filename>
	<title>Дональдсон Стивен. Сила, которая защищает</title>
</book>
<book>
	<filename>donaldson_stiven/donaldson_stiven_voina_illearta.fb2.zip</filename>
	<title>Дональдсон Стивен. Война Иллеарта</title>
</book>
<book>
	<filename>donaldson_stiven/donaldson_stiven_zapretnoe_znanie.fb2.zip</filename>
	<title>Дональдсон Стивен. Запретное знание</title>
</book>
<book>
	<filename>donaldson_stiven/donaldson_stiven_zapretnoe_znanie_pryzhok_v_mechtu.fb2.zip</filename>
	<title>Дональдсон Стивен. Запретное знание. Прыжок в мечту.</title>
</book>
<book>
	<filename>donaldson_stiven/donaldson_stiven_zerkalo_ee_snovidenii.fb2.zip</filename>
	<title>Дональдсон Стивен Ридер. Зеркало ее сновидений</title>
</book>
<book>
	<filename>donald_tomas/donald_tomas_markiz_de_sad.fb2.zip</filename>
	<title>Дональд Томас. Маркиз де Сад</title>
</book>
<book>
	<filename>doncova_darya/doncova_darya_13_neschastii_gerakla.fb2.zip</filename>
	<title>Донцова Дарья. 13 несчастий Геракла</title>
</book>
<book>
	<filename>doncova_darya/doncova_darya_alibaba_i_sorok_razboinic.fb2.zip</filename>
	<title>Донцова Дарья. Али-Баба и сорок разбойниц</title>
</book>
<book>
	<filename>doncova_darya/doncova_darya_bassein_s_krokodilami.fb2.zip</filename>
	<title>Донцова Дарья. Бассейн с крокодилами</title>
</book>
<book>
	<filename>doncova_darya/doncova_darya_benefis_martovskoi_koshki.fb2.zip</filename>
	<title>Донцова Дарья. Бенефис мартовской кошки</title>
</book>
<book>
	<filename>doncova_darya/doncova_darya_bezumnaya_kepka_monomaha.fb2.zip</filename>
	<title>Донцова Дарья. Безумная кепка Мономаха</title>
</book>
<book>
	<filename>doncova_darya/doncova_darya_bilet_na_koververtolet.fb2.zip</filename>
	<title>Донцова Дарья. Билет на ковер-вертолет</title>
</book>
<book>
	<filename>doncova_darya/doncova_darya_brilliant_mutnoi_vody.fb2.zip</filename>
	<title>Донцова Дарья. Бриллиант мутной воды</title>
</book>
<book>
	<filename>doncova_darya/doncova_darya_buket_prekrasnyh_dam.fb2.zip</filename>
	<title>Донцова Дарья. Букет прекрасных дам</title>
</book>
<book>
	<filename>doncova_darya/doncova_darya_butik_ezhovyh_rukavic.fb2.zip</filename>
	<title>Донцова Дарья. Бутик ежовых рукавиц</title>
</book>
<book>
	<filename>doncova_darya/doncova_darya_chert_iz_tabakerki.fb2.zip</filename>
	<title>Донцова Дарья. Черт из табакерки</title>
</book>
<book>
	<filename>doncova_darya/doncova_darya_chudesa_v_kastryulke.fb2.zip</filename>
	<title>Донцова Дарья. Чудеса в кастрюльке</title>
</book>
<book>
	<filename>doncova_darya/doncova_darya_chudovishe_bez_krasavicy.fb2.zip</filename>
	<title>Донцова Дарья. Чудовище без красавицы</title>
</book>
<book>
	<filename>doncova_darya/doncova_darya_dama_s_kogotkami.fb2.zip</filename>
	<title>Донцова Дарья. Дама с коготками</title>
</book>
<book>
	<filename>doncova_darya/doncova_darya_dantisty_tozhe_plachut.fb2.zip</filename>
	<title>Донцова Дарья. Дантисты тоже плачут</title>
</book>
<book>
	<filename>doncova_darya/doncova_darya_dollary_carya_goroha.fb2.zip</filename>
	<title>Донцова Дарья. Доллары царя Гороха</title>
</book>
<book>
	<filename>doncova_darya/doncova_darya_domik_tetushki_lzhi.fb2.zip</filename>
	<title>Донцова Дарья. Домик тетушки лжи</title>
</book>
<book>
	<filename>doncova_darya/doncova_darya_dose_na_kroshku_che.fb2.zip</filename>
	<title>Донцова Дарья. Досье на Крошку Че</title>
</book>
<book>
	<filename>doncova_darya/doncova_darya_dve_nevesty_na_odno_mesto.fb2.zip</filename>
	<title>Донцова Дарья. Две невесты на одно место</title>
</book>
<book>
	<filename>doncova_darya/doncova_darya_figovyi_listochek_ot_kutyur.fb2.zip</filename>
	<title>Донцова Дарья. Фиговый листочек от кутюр</title>
</book>
<book>
	<filename>doncova_darya/doncova_darya_file_iz_zolotogo_petushka.fb2.zip</filename>
	<title>Донцова Дарья. Филе из Золотого Петушка</title>
</book>
<book>
	<filename>doncova_darya/doncova_darya_fokuspokus_ot_vasilisy_uzhasnoi.fb2.zip</filename>
	<title>Донцова Дарья. Фокус-покус от Василисы Ужасной</title>
</book>
<book>
	<filename>doncova_darya/doncova_darya_gadyuka_v_sirope.fb2.zip</filename>
	<title>Донцова Дарья. Гадюка в сиропе</title>
</book>
<book>
	<filename>doncova_darya/doncova_darya_garpiya_s_propellerom.fb2.zip</filename>
	<title>Донцова Дарья. Гарпия с пропеллером</title>
</book>
<book>
	<filename>doncova_darya/doncova_darya_glavbuh_i_polcarstva_v_pridachu.fb2.zip</filename>
	<title>Донцова Дарья. Главбух и полцарства в придачу</title>
</book>
<book>
	<filename>doncova_darya/doncova_darya_hobbi_gadkogo_utenka.fb2.zip</filename>
	<title>Донцова Дарья. Хобби гадкого утенка</title>
</book>
<book>
	<filename>doncova_darya/doncova_darya_hozhdenie_pod_muhoi.fb2.zip</filename>
	<title>Донцова Дарья. Хождение под мухой</title>
</book>
<book>
	<filename>doncova_darya/doncova_darya_igra_v_zhmuriki.fb2.zip</filename>
	<title>Донцова Дарья. Игра в жмурики</title>
</book>
<book>
	<filename>doncova_darya/doncova_darya_instinkt_babyyagi.fb2.zip</filename>
	<title>Донцова Дарья. Инстинкт Бабы-Яги</title>
</book>
<book>
	<filename>doncova_darya/doncova_darya_kamasutra_dlya_mikkimausa.fb2.zip</filename>
	<title>Донцова Дарья. Камасутра для Микки-Мауса</title>
</book>
<book>
	<filename>doncova_darya/doncova_darya_kamin_dlya_snegurochki.fb2.zip</filename>
	<title>Донцова Дарья. Камин для Снегурочки</title>
</book>
<book>
	<filename>doncova_darya/doncova_darya_kankan_na_pominkah.fb2.zip</filename>
	<title>Донцова Дарья. Канкан на поминках</title>
</book>
<book>
	<filename>doncova_darya/doncova_darya_keks_v_bolshom_gorode.fb2.zip</filename>
	<title>Донцова Дарья. Кекс в большом городе</title>
</book>
<book>
	<filename>doncova_darya/doncova_darya_kompot_iz_zapretnogo_ploda.fb2.zip</filename>
	<title>Донцова Дарья. Компот из запретного плода</title>
</book>
<book>
	<filename>doncova_darya/doncova_darya_koncert_dlya_kolobka_s_orkestrom.fb2.zip</filename>
	<title>Донцова Дарья. Концерт для колобка с оркестром</title>
</book>
<book>
	<filename>doncova_darya/doncova_darya_kontrolnyi_pocelui.fb2.zip</filename>
	<title>Донцова Дарья. Контрольный поцелуй</title>
</book>
<book>
	<filename>doncova_darya/doncova_darya_kulinarnaya_kniga_lentyaiki.fb2.zip</filename>
	<title>Донцова Дарья. Кулинарная книга лентяйки</title>
</book>
<book>
	<filename>doncova_darya/doncova_darya_kvazimodo_na_shpilkah.fb2.zip</filename>
	<title>Донцова Дарья. Квазимодо на шпильках</title>
</book>
<book>
	<filename>doncova_darya/doncova_darya_lampa_razyskivaet_alladina.fb2.zip</filename>
	<title>Донцова Дарья. Лампа разыскивает Алладина</title>
</book>
<book>
	<filename>doncova_darya/doncova_darya_lyagushka_baskervilei.fb2.zip</filename>
	<title>Донцова Дарья. Лягушка Баскервилей</title>
</book>
<book>
	<filename>doncova_darya/doncova_darya_lyubimye_zabavy_papy_karlo.fb2.zip</filename>
	<title>Донцова Дарья. Любимые забавы папы Карло</title>
</book>
<book>
	<filename>doncova_darya/doncova_darya_lyubovmorkov_i_tretii_lishnii.fb2.zip</filename>
	<title>Донцова Дарья. Любовь-морковь и третий лишний</title>
</book>
<book>
	<filename>doncova_darya/doncova_darya_manikyur_dlya_pokoinika.fb2.zip</filename>
	<title>Донцова Дарья. Маникюр для покойника</title>
</book>
<book>
	<filename>doncova_darya/doncova_darya_mikstura_ot_kosoglaziya.fb2.zip</filename>
	<title>Донцова Дарья. Микстура от косоглазия</title>
</book>
<book>
	<filename>doncova_darya/doncova_darya_monstry_iz_horoshei_semi.fb2.zip</filename>
	<title>Донцова Дарья. Монстры из хорошей семьи</title>
</book>
<book>
	<filename>doncova_darya/doncova_darya_muha_v_samolete.fb2.zip</filename>
	<title>Донцова Дарья. Муха в самолете</title>
</book>
<book>
	<filename>doncova_darya/doncova_darya_naduvnaya_zhenshina_dlya_kazanovy.fb2.zip</filename>
	<title>Донцова Дарья. Надувная женщина для Казановы</title>
</book>
<book>
	<filename>doncova_darya/doncova_darya_nebo_v_rublyah.fb2.zip</filename>
	<title>Донцова Дарья. Небо в рублях</title>
</book>
<book>
	<filename>doncova_darya/doncova_darya_nesekretnye_materialy.fb2.zip</filename>
	<title>Донцова Дарья. Несекретные материалы</title>
</book>
<book>
	<filename>doncova_darya/doncova_darya_noshpa_na_troih.fb2.zip</filename>
	<title>Донцова Дарья. Но-шпа на троих</title>
</book>
<book>
	<filename>doncova_darya/doncova_darya_obed_u_lyudoeda.fb2.zip</filename>
	<title>Донцова Дарья. Обед у людоеда</title>
</book>
<book>
	<filename>doncova_darya/doncova_darya_piknik_na_ostrove_sokrovish.fb2.zip</filename>
	<title>Донцова Дарья. Пикник на острове сокровищ</title>
</book>
<book>
	<filename>doncova_darya/doncova_darya_poker_s_akuloi.fb2.zip</filename>
	<title>Донцова Дарья. Покер с акулой</title>
</book>
<book>
	<filename>doncova_darya/doncova_darya_polet_nad_gnezdom_indyushki.fb2.zip</filename>
	<title>Донцова Дарья. Полет над гнездом индюшки</title>
</book>
<book>
	<filename>doncova_darya/doncova_darya_princessa_na_kirieshkah.fb2.zip</filename>
	<title>Донцова Дарья. Принцесса на Кириешках</title>
</book>
<book>
	<filename>doncova_darya/doncova_darya_prividenie_v_krossovkah.fb2.zip</filename>
	<title>Донцова Дарья. Привидение в кроссовках</title>
</book>
<book>
	<filename>doncova_darya/doncova_darya_prognoz_gadostei_na_zavtra.fb2.zip</filename>
	<title>Донцова Дарья. Прогноз гадостей на завтра</title>
</book>
<book>
	<filename>doncova_darya/doncova_darya_romeo_s_bolshoi_dorogi.fb2.zip</filename>
	<title>Донцова Дарья. Ромео с большой дороги</title>
</book>
<book>
	<filename>doncova_darya/doncova_darya_rybka_po_imeni_zaika.fb2.zip</filename>
	<title>Донцова Дарья. Рыбка по имени Зайка</title>
</book>
<book>
	<filename>doncova_darya/doncova_darya_safari_na_cherepashku.fb2.zip</filename>
	<title>Донцова Дарья. Сафари на черепашку</title>
</book>
<book>
	<filename>doncova_darya/doncova_darya_sinii_mops_schastya.fb2.zip</filename>
	<title>Донцова Дарья. Синий мопс счастья</title>
</book>
<book>
	<filename>doncova_darya/doncova_darya_skelet_iz_probirki.fb2.zip</filename>
	<title>Донцова Дарья. Скелет из пробирки</title>
</book>
<book>
	<filename>doncova_darya/doncova_darya_sozvezdie_zhadnyh_psov.fb2.zip</filename>
	<title>Донцова Дарья. Созвездие жадных псов</title>
</book>
<book>
	<filename>doncova_darya/doncova_darya_spyat_ustalye_igrushki.fb2.zip</filename>
	<title>Донцова Дарья. Спят усталые игрушки</title>
</book>
<book>
	<filename>doncova_darya/doncova_darya_staruha_kristi_otdyhaet.fb2.zip</filename>
	<title>Донцова Дарья. Старуха Кристи — отдыхает!</title>
</book>
<book>
	<filename>doncova_darya/doncova_darya_stilist_dlya_snezhnogo_cheloveka.fb2.zip</filename>
	<title>Донцова Дарья. Стилист для снежного человека</title>
</book>
<book>
	<filename>doncova_darya/doncova_darya_svoloch_nenaglyadnaya.fb2.zip</filename>
	<title>Донцова Дарья. Сволочь ненаглядная</title>
</book>
<book>
	<filename>doncova_darya/doncova_darya_tri_meshka_hitrostei.fb2.zip</filename>
	<title>Донцова Дарья. Три мешка хитростей</title>
</book>
<book>
	<filename>doncova_darya/doncova_darya_tushkanchik_v_bigudyah.fb2.zip</filename>
	<title>Донцова Дарья. Тушканчик в бигудях</title>
</book>
<book>
	<filename>doncova_darya/doncova_darya_uha_iz_zolotoi_rybki.fb2.zip</filename>
	<title>Донцова Дарья. Уха из золотой рыбки</title>
</book>
<book>
	<filename>doncova_darya/doncova_darya_ulybka_45go_kalibra.fb2.zip</filename>
	<title>Донцова Дарья. Улыбка 45-го калибра</title>
</book>
<book>
	<filename>doncova_darya/doncova_darya_urozhai_yadovityh_yagodok.fb2.zip</filename>
	<title>Донцова Дарья. Урожай ядовитых ягодок</title>
</book>
<book>
	<filename>doncova_darya/doncova_darya_vynos_dela.fb2.zip</filename>
	<title>Донцова Дарья. Вынос дела</title>
</book>
<book>
	<filename>doncova_darya/doncova_darya_yabloko_montekristo.fb2.zip</filename>
	<title>Донцова Дарья. Яблоко Монте-Кристо</title>
</book>
<book>
	<filename>doncova_darya/doncova_darya_yekstrim_na_serom_volke.fb2.zip</filename>
	<title>Донцова Дарья. Экстрим на сером волке</title>
</book>
<book>
	<filename>doncova_darya/doncova_darya_yeta_gorkaya_sladkaya_mest.fb2.zip</filename>
	<title>Донцова Дарья. Эта горькая сладкая месть</title>
</book>
<book>
	<filename>doncova_darya/doncova_darya_zapiski_bezumnoi_optimistki.fb2.zip</filename>
	<title>Донцова Дарья. Записки безумной оптимистки</title>
</book>
<book>
	<filename>doncova_darya/doncova_darya_za_vsemi_zaicami.fb2.zip</filename>
	<title>Донцова Дарья. За всеми зайцами</title>
</book>
<book>
	<filename>doncova_darya/doncova_darya_zhaba_s_koshelkom.fb2.zip</filename>
	<title>Донцова Дарья. Жаба с кошельком</title>
</book>
<book>
	<filename>doncova_darya/doncova_darya_zhena_moego_muzha.fb2.zip</filename>
	<title>Донцова Дарья. Жена моего мужа</title>
</book>
<book>
	<filename>donderfild_r/donderfild_r_priklyucheniya_bena_ganna.fb2.zip</filename>
	<title>Дондерфилд Р. Ф. Приключения Бена Ганна</title>
</book>
<book>
	<filename>donenko_viktoriya/donenko_viktoriya_novaya_rodina.fb2.zip</filename>
	<title>Доненко Виктория. Новая родина</title>
</book>
<book>
	<filename>donenko_viktoriya/donenko_viktoriya_obman.fb2.zip</filename>
	<title>Доненко Виктория. Обман</title>
</book>
<book>
	<filename>donev_anton/donev_anton_almaznyi_dym.fb2.zip</filename>
	<title>Донев Антон. Алмазный дым</title>
</book>
<book>
	<filename>donnel_syuzan/donnel_syuzan_pokahontas.fb2.zip</filename>
	<title>Доннел Сюзан. Покахонтас</title>
</book>
<book>
	<filename>donner_florinda/donner_florinda_shabono.fb2.zip</filename>
	<title>Доннер Флоринда. Шабоно</title>
</book>
<book>
	<filename>donner_florinda/donner_florinda_son_vedmy.fb2.zip</filename>
	<title>Доннер Флоринда. Сон ведьмы</title>
</book>
<book>
	<filename>donovan_keit/donovan_keit_brak_po_zaveshaniyu.fb2.zip</filename>
	<title>Донован Кейт. Брак по завещанию</title>
</book>
<book>
	<filename>donovan_keit/donovan_keit_igra_serdec.fb2.zip</filename>
	<title>Донован Кейт. Игра сердец</title>
</book>
<book>
	<filename>donovan_keit/donovan_keit_navstrechu_lyubvi.fb2.zip</filename>
	<title>Донован Кейт. Навстречу любви</title>
</book>
<book>
	<filename>donovan_keit/donovan_keit_ohvachennye_strastyu.fb2.zip</filename>
	<title>Донован Кейт. Охваченные страстью</title>
</book>
<book>
	<filename>donovan_keit/donovan_keit_zateryannye_vo_vremeni.fb2.zip</filename>
	<title>Донован Кейт. Затерянные во времени</title>
</book>
<book>
	<filename>donovan_nikki/donovan_nikki_ocharovannyi.fb2.zip</filename>
	<title>Донован Никки. Очарованный</title>
</book>
<book>
	<filename>donovan_nikki/donovan_nikki_v_okovah_strasti.fb2.zip</filename>
	<title>Донован Никки. В оковах страсти</title>
</book>
<book>
	<filename>donovan_syuzen/donovan_syuzen_nevesta_pleiboya.fb2.zip</filename>
	<title>Донован Сьюзен. Невеста плейбоя</title>
</book>
<book>
	<filename>donovan_syuzen/donovan_syuzen_on_lyubit_lyusi.fb2.zip</filename>
	<title>Донован Сьюзен. Он любит Люси</title>
</book>
<book>
	<filename>donskoi_sergei/donskoi_sergei_matyoryi.fb2.zip</filename>
	<title>Донской Сергей Георгиевич. Матёрый</title>
</book>
<book>
	<filename>dorenko_sergei/dorenko_sergei_2008.fb2.zip</filename>
	<title>Доренко Сергей. 2008</title>
</book>
<book>
	<filename>dorenko_viktor/dorenko_viktor_zoloto_reiha.fb2.zip</filename>
	<title>Доренко Виктор. Золото Рейха</title>
</book>
<book>
	<filename>dorofeev_oleg/dorofeev_oleg_rycari_potustoronnego.fb2.zip</filename>
	<title>Дорофеев Олег. Рыцари потустороннего</title>
</book>
<book>
	<filename>doronina_anastasiya/doronina_anastasiya_odin_schastlivyi_den.fb2.zip</filename>
	<title>Доронина Анастасия. Один счастливый день</title>
</book>
<book>
	<filename>doronina_anastasiya/doronina_anastasiya_tvoi_bilet_v_lyubov.fb2.zip</filename>
	<title>Доронина Анастасия. Твой билет в любовь</title>
</book>
<book>
	<filename>doronin_alekcandr/doronin_alekcandr_biznesrazvedka.fb2.zip</filename>
	<title>Доронин Алекcандр Иванович. Бизнес-разведка</title>
</book>
<book>
	<filename>doronin_aleksandr/doronin_aleksandr_biznesrazvedka.fb2.zip</filename>
	<title>Доронин Александр Иванович. Бизнес-разведка</title>
</book>
<book>
	<filename>doronin_anatolii/doronin_anatolii_hudozhnik_konstantin_vasilev.fb2.zip</filename>
	<title>Доронин Анатолий Иванович. Художник Константин Васильев</title>
</book>
<book>
	<filename>doroshenko_nikolai/doroshenko_nikolai_kazennyi_dom.fb2.zip</filename>
	<title>Дорошенко Николай. Казенный дом</title>
</book>
<book>
	<filename>dorsei_kristina/dorsei_kristina_more_ognya.fb2.zip</filename>
	<title>Дорсей Кристина. Море огня</title>
</book>
<book>
	<filename>dorsei_kristina/dorsei_kristina_more_soblazna.fb2.zip</filename>
	<title>Дорсей Кристина. Море соблазна</title>
</book>
<book>
	<filename>dorsei_kristina/dorsei_kristina_more_zhelaniya.fb2.zip</filename>
	<title>Дорсей Кристина. Море желания</title>
</book>
<book>
	<filename>dorsei_kristina/dorsei_kristina_serdce_dikarya.fb2.zip</filename>
	<title>Дорсей Кристина. Сердце дикаря</title>
</book>
<book>
	<filename>dorsei_kristina/dorsei_kristina_serdce_pirata.fb2.zip</filename>
	<title>Дорсей Кристина. Сердце пирата</title>
</book>
<book>
	<filename>dorsei_kristina/dorsei_kristina_serdce_v_nebesah.fb2.zip</filename>
	<title>Дорсей Кристина. Сердце в небесах</title>
</book>
<book>
	<filename>dostavalov_aleksandr/dostavalov_aleksandr_po_tu_storonu.fb2.zip</filename>
	<title>Доставалов Александр Викторович. По ту сторону</title>
</book>
<book>
	<filename>dostoevskii_fedor/dostoevskii_fedor_bednye_lyudi.fb2.zip</filename>
	<title>Достоевский Федор Михайлович. Бедные люди</title>
</book>
<book>
	<filename>dostoevskii_fedor/dostoevskii_fedor_belye_nochi.fb2.zip</filename>
	<title>Достоевский Федор Михайлович. Белые ночи</title>
</book>
<book>
	<filename>dostoevskii_fedor/dostoevskii_fedor_besy.fb2.zip</filename>
	<title>Достоевский Федор Михайлович. Бесы</title>
</book>
<book>
	<filename>dostoevskii_fedor/dostoevskii_fedor_bratya_karamazovy.fb2.zip</filename>
	<title>Достоевский Федор Михайлович. Братья Карамазовы</title>
</book>
<book>
	<filename>dostoevskii_fedor/dostoevskii_fedor_chestnyi_vor.fb2.zip</filename>
	<title>Достоевский Федор Михайлович. Честный вор</title>
</book>
<book>
	<filename>dostoevskii_fedor/dostoevskii_fedor_chuzhaya_zhena_i_muzh_pod_krovatyu.fb2.zip</filename>
	<title>Достоевский Федор Михайлович. Чужая жена и муж под кроватью</title>
</book>
<book>
	<filename>dostoevskii_fedor/dostoevskii_fedor_dvoinik.fb2.zip</filename>
	<title>Достоевский Федор Михайлович. Двойник</title>
</book>
<book>
	<filename>dostoevskii_fedor/dostoevskii_fedor_dyadyushkin_son_iz_mordasovskih_letopisei.fb2.zip</filename>
	<title>Достоевский Федор Михайлович. Дядюшкин сон (Из Мордасовских летописей)</title>
</book>
<book>
	<filename>dostoevskii_fedor/dostoevskii_fedor_elka_i_svadba.fb2.zip</filename>
	<title>Достоевский Федор Михайлович. Елка и свадьба</title>
</book>
<book>
	<filename>dostoevskii_fedor/dostoevskii_fedor_gospodin_proharchin.fb2.zip</filename>
	<title>Достоевский Федор Михайлович. Господин Прохарчин</title>
</book>
<book>
	<filename>dostoevskii_fedor/dostoevskii_fedor_hozyaika.fb2.zip</filename>
	<title>Достоевский Федор Михайлович. Хозяйка</title>
</book>
<book>
	<filename>dostoevskii_fedor/dostoevskii_fedor_idiot.fb2.zip</filename>
	<title>Достоевский Федор Михайлович. Идиот</title>
</book>
<book>
	<filename>dostoevskii_fedor/dostoevskii_fedor_igrok.fb2.zip</filename>
	<title>Достоевский Федор Михайлович. Игрок</title>
</book>
<book>
	<filename>dostoevskii_fedor/dostoevskii_fedor_kak_opasno_predavatsya_chestolyubivym_snam.fb2.zip</filename>
	<title>Достоевский Федор Михайлович. Как опасно предаваться честолюбивым снам</title>
</book>
<book>
	<filename>dostoevskii_fedor/dostoevskii_fedor_krokodil.fb2.zip</filename>
	<title>Достоевский Федор Михайлович. Крокодил</title>
</book>
<book>
	<filename>dostoevskii_fedor/dostoevskii_fedor_malenkii_geroi.fb2.zip</filename>
	<title>Достоевский Федор Михайлович. Маленький герой</title>
</book>
<book>
	<filename>dostoevskii_fedor/dostoevskii_fedor_netochka_nezvanova.fb2.zip</filename>
	<title>Достоевский Федор Михайлович. Неточка Незванова</title>
</book>
<book>
	<filename>dostoevskii_fedor/dostoevskii_fedor_podrostok.fb2.zip</filename>
	<title>Достоевский Федор Михайлович. Подросток</title>
</book>
<book>
	<filename>dostoevskii_fedor/dostoevskii_fedor_polzunkov.fb2.zip</filename>
	<title>Достоевский Федор Михайлович. Ползунков</title>
</book>
<book>
	<filename>dostoevskii_fedor/dostoevskii_fedor_prestuplenie_i_nakazanie.fb2.zip</filename>
	<title>Достоевский Федор Михайлович. Преступление и наказание</title>
</book>
<book>
	<filename>dostoevskii_fedor/dostoevskii_fedor_roman_v_devyati_pismah.fb2.zip</filename>
	<title>Достоевский Федор Михайлович. Роман в девяти письмах</title>
</book>
<book>
	<filename>dostoevskii_fedor/dostoevskii_fedor_selo_stepanchikovo_i_ego_obitateli.fb2.zip</filename>
	<title>Достоевский Федор Михайлович. Село Степанчиково и его обитатели</title>
</book>
<book>
	<filename>dostoevskii_fedor/dostoevskii_fedor_skvernyi_anekdot.fb2.zip</filename>
	<title>Достоевский Федор Михайлович. Скверный анекдот</title>
</book>
<book>
	<filename>dostoevskii_fedor/dostoevskii_fedor_slaboe_serdce.fb2.zip</filename>
	<title>Достоевский Федор Михайлович. Слабое сердце</title>
</book>
<book>
	<filename>dostoevskii_fedor/dostoevskii_fedor_son_smeshnogo_cheloveka.fb2.zip</filename>
	<title>Достоевский Федор Михайлович. Сон смешного человека</title>
</book>
<book>
	<filename>dostoevskii_fedor/dostoevskii_fedor_stihotvoreniya_i_stihotvornye_nabroski_shutochnye_stihi_parodii_yepigrammy.fb2.zip</filename>
	<title>Достоевский Федор Михайлович. Стихотворения и стихотворные наброски, шуточные стихи, пародии, эпиграммы</title>
</book>
<book>
	<filename>dostoevskii_fedor/dostoevskii_fedor_t5_prestuplenie_i_nakazanie.fb2.zip</filename>
	<title>Достоевский Федор Михайлович. т.5 ПРЕСТУПЛЕНИЕ И НАКАЗАНИЕ</title>
</book>
<book>
	<filename>dostoevskii_fedor/dostoevskii_fedor_t_7_besy.fb2.zip</filename>
	<title>Достоевский Федор Михайлович. т. 7 Бесы</title>
</book>
<book>
	<filename>dostoevskii_fedor/dostoevskii_fedor_unizhennye_i_oskorblennye.fb2.zip</filename>
	<title>Достоевский Федор Михайлович. Униженные и оскорбленные</title>
</book>
<book>
	<filename>dostoevskii_fedor/dostoevskii_fedor_vechnyi_muzh.fb2.zip</filename>
	<title>Достоевский Федор Михайлович. Вечный муж</title>
</book>
<book>
	<filename>dostoevskii_fedor/dostoevskii_fedor_zapiski_iz_mertvogo_doma.fb2.zip</filename>
	<title>Достоевский Федор Михайлович. Записки из мертвого дома</title>
</book>
<book>
	<filename>dostoevskii_fedor/dostoevskii_fedor_zapiski_iz_podpolya.fb2.zip</filename>
	<title>Достоевский Федор Михайлович. Записки из подполья</title>
</book>
<book>
	<filename>dostoevskii_fedor/dostoevskii_fedor_zimnie_zametki_o_letnih_vpechatleniyah.fb2.zip</filename>
	<title>Достоевский Федор Михайлович. Зимние заметки о летних впечатлениях</title>
</book>
<book>
	<filename>douglass_keith/douglass_keith_seal_team_seven.fb2.zip</filename>
	<title>Douglass Keith. Seal Team Seven</title>
</book>
<book>
	<filename>douli_keit/douli_keit_svoboda_lyubit.fb2.zip</filename>
	<title>Доули Кейт. Свобода любить</title>
</book>
<book>
	<filename>douson_dzheff/douson_dzheff_tarantino.fb2.zip</filename>
	<title>Доусон Джефф. Тарантино</title>
</book>
<book>
	<filename>douyerti_pol/douyerti_pol_maska_ra.fb2.zip</filename>
	<title>Доуэрти Пол. Маска Ра</title>
</book>

</books>

