<?xml version="1.0" encoding="UTF-8" ?>
<books>
<book>
	<filename>dovgan_vladimir/dovgan_vladimir_opyt_predprinimatelya.fb2.zip</filename>
	<title>Довгань Владимир. Опыт предпринимателя</title>
</book>
<book>
	<filename>dovgan_vladimir/dovgan_vladimir_ya_byl_nishim_stal_bogatym_prochitai_i_ty_tozhe_smozhesh.fb2.zip</filename>
	<title>Довгань Владимир. Я был нищим — стал богатым. Прочитай, и ты тоже сможешь</title>
</book>
<book>
	<filename>dovil_kyetrin/dovil_kyetrin_glazami_lyubvi.fb2.zip</filename>
	<title>Довиль Кэтрин. Глазами любви</title>
</book>
<book>
	<filename>dovlatov_sergei/dovlatov_sergei_ariyel.fb2.zip</filename>
	<title>Довлатов Сергей. Ариэль</title>
</book>
<book>
	<filename>dovlatov_sergei/dovlatov_sergei_chemodan.fb2.zip</filename>
	<title>Довлатов Сергей. Чемодан</title>
</book>
<book>
	<filename>dovlatov_sergei/dovlatov_sergei_filial.fb2.zip</filename>
	<title>Довлатов Сергей. Филиал</title>
</book>
<book>
	<filename>dovlatov_sergei/dovlatov_sergei_igrushka.fb2.zip</filename>
	<title>Довлатов Сергей. Игрушка</title>
</book>
<book>
	<filename>dovlatov_sergei/dovlatov_sergei_inaya_zhizn.fb2.zip</filename>
	<title>Довлатов Сергей. Иная жизнь</title>
</book>
<book>
	<filename>dovlatov_sergei/dovlatov_sergei_inostranka.fb2.zip</filename>
	<title>Довлатов Сергей. Иностранка</title>
</book>
<book>
	<filename>dovlatov_sergei/dovlatov_sergei_kompromiss.fb2.zip</filename>
	<title>Довлатов Сергей. Компромисс</title>
</book>
<book>
	<filename>dovlatov_sergei/dovlatov_sergei_literatura_prodolzhaetsya.fb2.zip</filename>
	<title>Довлатов Сергей. Литература продолжается</title>
</book>
<book>
	<filename>dovlatov_sergei/dovlatov_sergei_nashi.fb2.zip</filename>
	<title>Довлатов Сергей. Наши</title>
</book>
<book>
	<filename>dovlatov_sergei/dovlatov_sergei_solo_na_ivm.fb2.zip</filename>
	<title>Довлатов Сергей. Соло на IВМ</title>
</book>
<book>
	<filename>dovlatov_sergei/dovlatov_sergei_solo_na_undervude.fb2.zip</filename>
	<title>Довлатов Сергей. Соло на ундервуде</title>
</book>
<book>
	<filename>dovlatov_sergei/dovlatov_sergei_vinograd.fb2.zip</filename>
	<title>Довлатов Сергей. Виноград</title>
</book>
<book>
	<filename>dovlatov_sergei/dovlatov_sergei_vstretilis_pogovorili.fb2.zip</filename>
	<title>Довлатов Сергей. Встретились, поговорили</title>
</book>
<book>
	<filename>dovlatov_sergei/dovlatov_sergei_zapovednik.fb2.zip</filename>
	<title>Довлатов Сергей. Заповедник</title>
</book>
<book>
	<filename>dovlatov_sergei/dovlatov_sergei_zona.fb2.zip</filename>
	<title>Довлатов Сергей. Зона</title>
</book>
<book>
	<filename>dovydovskii_kirill/dovydovskii_kirill_kayatan.fb2.zip</filename>
	<title>Довыдовский Кирилл. Каятан</title>
</book>
<book>
	<filename>doyle_arthur/doyle_arthur_beyond_the_city.fb2.zip</filename>
	<title>Doyle Arthur Conan. Beyond The City</title>
</book>
<book>
	<filename>doyle_arthur/doyle_arthur_his_last_bow.fb2.zip</filename>
	<title>Doyle Arthur Conan. His Last Bow</title>
</book>
<book>
	<filename>doyle_arthur/doyle_arthur_la_cashundo_de_la_baskerviloj.fb2.zip</filename>
	<title>Doyle Arthur Conan. La ĉashundo de la Baskerviloj</title>
</book>
<book>
	<filename>doyle_arthur/doyle_arthur_the_adventures_of_sherlock_holmes.fb2.zip</filename>
	<title>Doyle Arthur Conan. The Adventures of Sherlock Holmes</title>
</book>
<book>
	<filename>doyle_arthur/doyle_arthur_the_case_book_of_sherlock_holmes.fb2.zip</filename>
	<title>Doyle Arthur Conan. The Case Book of Sherlock Holmes</title>
</book>
<book>
	<filename>doyle_arthur/doyle_arthur_the_disintegration_machine.fb2.zip</filename>
	<title>Doyle Arthur Conan. The Disintegration Machine</title>
</book>
<book>
	<filename>doyle_arthur/doyle_arthur_the_hound_of_the_baskervilles.fb2.zip</filename>
	<title>Doyle Arthur Conan. The Hound of the Baskervilles</title>
</book>
<book>
	<filename>doyle_arthur/doyle_arthur_the_land_of_mist.fb2.zip</filename>
	<title>Doyle Arthur Conan. The Land Of Mist</title>
</book>
<book>
	<filename>doyle_arthur/doyle_arthur_the_memoirs_of_sherlock_holmes.fb2.zip</filename>
	<title>Doyle Arthur Conan. The Memoirs of Sherlock Holmes</title>
</book>
<book>
	<filename>doyle_arthur/doyle_arthur_the_parasite.fb2.zip</filename>
	<title>Doyle Arthur Conan. The Parasite</title>
</book>
<book>
	<filename>doyle_arthur/doyle_arthur_the_poison_belt.fb2.zip</filename>
	<title>Doyle Arthur Conan. The Poison Belt</title>
</book>
<book>
	<filename>doyle_arthur/doyle_arthur_the_sign_of_four.fb2.zip</filename>
	<title>Doyle Arthur Conan. The Sign of Four</title>
</book>
<book>
	<filename>doyle_arthur/doyle_arthur_the_vital_message.fb2.zip</filename>
	<title>Doyle Arthur Conan. The Vital Message</title>
</book>
<book>
	<filename>doyle_arthur/doyle_arthur_the_white_company.fb2.zip</filename>
	<title>Doyle Arthur Conan. The White Company</title>
</book>
<book>
	<filename>doyle_arthur/doyle_arthur_when_the_world_screamed.fb2.zip</filename>
	<title>Doyle Arthur Conan. When The World Screamed</title>
</book>
<book>
	<filename>drabkina_alla/drabkina_alla_zhena_po_zakazu.fb2.zip</filename>
	<title>Драбкина Алла. Жена по заказу</title>
</book>
<book>
	<filename>drabkin_artem/drabkin_artem_ya_dralsya_na_il2.fb2.zip</filename>
	<title>Драбкин Артем. Я дрался на Ил-2</title>
</book>
<book>
	<filename>drabkin_artem/drabkin_artem_ya_dralsya_na_istrebitele_prinyavshie_pervyi_udar_19411942.fb2.zip</filename>
	<title>Драбкин Артем. Я дрался на истребителе. Принявшие первый удар. 1941-1942</title>
</book>
<book>
	<filename>drabkin_artem/drabkin_artem_ya_dralsya_na_t34.fb2.zip</filename>
	<title>Драбкин Артем. Я дрался на Т-34</title>
</book>
<book>
	<filename>dragan_ilya/dragan_ilya_nikolai_krylov.fb2.zip</filename>
	<title>Драган Илья Григорьевич. Николай Крылов</title>
</book>
<book>
	<filename>dragunskii_viktor/dragunskii_viktor_deniskiny_rasskazy.fb2.zip</filename>
	<title>Драгунский Виктор. Денискины рассказы</title>
</book>
<book>
	<filename>dragunskii_viktor/dragunskii_viktor_sloniha_lyalka.fb2.zip</filename>
	<title>Драгунский Виктор Юзефович. Слониха Лялька</title>
</book>
<book>
	<filename>draizer_teodor/draizer_teodor_amerikanskaya_tragediya_kniga_1.fb2.zip</filename>
	<title>Драйзер Теодор. Американская трагедия. Книга 1</title>
</book>
<book>
	<filename>draizer_teodor/draizer_teodor_amerikanskaya_tragediya_kniga_2.fb2.zip</filename>
	<title>Драйзер Теодор. Американская трагедия. Книга 2</title>
</book>
<book>
	<filename>draizer_teodor/draizer_teodor_amerikanskaya_tragediya_kniga_3.fb2.zip</filename>
	<title>Драйзер Теодор. Американская трагедия. Книга 3</title>
</book>
<book>
	<filename>draizer_teodor/draizer_teodor_dzhenni_gerhardt.fb2.zip</filename>
	<title>Драйзер Теодор. Дженни Герхардт</title>
</book>
<book>
	<filename>draizer_teodor/draizer_teodor_finansist.fb2.zip</filename>
	<title>Драйзер Теодор. Финансист</title>
</book>
<book>
	<filename>draizer_teodor/draizer_teodor_sestra_kerri.fb2.zip</filename>
	<title>Драйзер Теодор. Сестра Керри</title>
</book>
<book>
	<filename>draizer_teodor/draizer_teodor_stoik.fb2.zip</filename>
	<title>Драйзер Теодор. Стоик</title>
</book>
<book>
	<filename>draizer_teodor/draizer_teodor_titan.fb2.zip</filename>
	<title>Драйзер Теодор. Титан</title>
</book>
<book>
	<filename>draizer_teodor/draizer_teodor_zapadnya.fb2.zip</filename>
	<title>Драйзер Теодор. Западня</title>
</book>
<book>
	<filename>draizer_teodor/draizer_teodor_zolotoi_mirazh.fb2.zip</filename>
	<title>Драйзер Теодор. Золотой мираж</title>
</book>
<book>
	<filename>drake_david/drake_david_a_grand_tour.fb2.zip</filename>
	<title>Drake David. A Grand Tour</title>
</book>
<book>
	<filename>drammond_yemma/drammond_yemma_prozrenie.fb2.zip</filename>
	<title>Драммонд Эмма. Прозрение</title>
</book>
<book>
	<filename>drammond_yemma/drammond_yemma_tancovshica.fb2.zip</filename>
	<title>Драммонд Эмма. Танцовщица</title>
</book>
<book>
	<filename>dreik_dyevid/dreik_dyevid_dostoinaya_oborona.fb2.zip</filename>
	<title>Дрейк Дэвид. Достойная оборона</title>
</book>
<book>
	<filename>dreik_dyevid/dreik_dyevid_flot.fb2.zip</filename>
	<title>Дрейк Дэвид. Флот</title>
</book>
<book>
	<filename>dreik_dyevid/dreik_dyevid_indeks_ubiistva.fb2.zip</filename>
	<title>Дрейк Дэвид. Индекс убийства</title>
</book>
<book>
	<filename>dreik_dyevid/dreik_dyevid_komandir_zvezdnoi_sistemy.fb2.zip</filename>
	<title>Дрейк Дэвид. Командир звездной системы</title>
</book>
<book>
	<filename>dreik_dyevid/dreik_dyevid_kontrataka.fb2.zip</filename>
	<title>Дрейк Дэвид. Контратака</title>
</book>
<book>
	<filename>dreik_dyevid/dreik_dyevid_koroleva_demonov.fb2.zip</filename>
	<title>Дрейк Дэвид. Королева демонов</title>
</book>
<book>
	<filename>dreik_dyevid/dreik_dyevid_krizis.fb2.zip</filename>
	<title>Дрейк Дэвид. Кризис</title>
</book>
<book>
	<filename>dreik_dyevid/dreik_dyevid_mishen.fb2.zip</filename>
	<title>Дрейк Дэвид. Мишень</title>
</book>
<book>
	<filename>dreik_dyevid/dreik_dyevid_okolnyi_put.fb2.zip</filename>
	<title>Дрейк Дэвид. Окольный путь</title>
</book>
<book>
	<filename>dreik_dyevid/dreik_dyevid_pohod.fb2.zip</filename>
	<title>Дрейк Дэвид. Поход</title>
</book>
<book>
	<filename>dreik_dyevid/dreik_dyevid_povelitel_ostrovov.fb2.zip</filename>
	<title>Дрейк Дэвид. Повелитель Островов</title>
</book>
<book>
	<filename>dreik_dyevid/dreik_dyevid_priliv_pobedy.fb2.zip</filename>
	<title>Дрейк Дэвид. Прилив победы</title>
</book>
<book>
	<filename>dreik_dyevid/dreik_dyevid_proryv.fb2.zip</filename>
	<title>Дрейк Дэвид. Прорыв</title>
</book>
<book>
	<filename>dreik_dyevid/dreik_dyevid_shchit_sudby.fb2.zip</filename>
	<title>Дрейк Дэвид. Щит судьбы</title>
</book>
<book>
	<filename>dreik_dyevid/dreik_dyevid_sluga_drakona.fb2.zip</filename>
	<title>Дрейк Дэвид. Слуга Дракона</title>
</book>
<book>
	<filename>dreik_dyevid/dreik_dyevid_soyuzniki.fb2.zip</filename>
	<title>Дрейк Дэвид. Союзники</title>
</book>
<book>
	<filename>dreik_dyevid/dreik_dyevid_udar_sudby.fb2.zip</filename>
	<title>Дрейк Дэвид. Удар судьбы</title>
</book>
<book>
	<filename>dreik_dyevid/dreik_dyevid_voina.fb2.zip</filename>
	<title>Дрейк Дэвид. Война</title>
</book>
<book>
	<filename>dreik_dyevid/dreik_dyevid_v_serdce_tmy.fb2.zip</filename>
	<title>Дрейк Дэвид. В сердце тьмы</title>
</book>
<book>
	<filename>dreik_shennon/dreik_shennon_korolevskoe_naslazhdenie.fb2.zip</filename>
	<title>Дрейк Шеннон. Королевское наслаждение</title>
</book>
<book>
	<filename>dreik_shennon/dreik_shennon_neistovaya_princessa.fb2.zip</filename>
	<title>Дрейк Шеннон. Неистовая принцесса</title>
</book>
<book>
	<filename>dreik_shennon/dreik_shennon_neistovyi_rycar.fb2.zip</filename>
	<title>Дрейк Шеннон. Неистовый рыцарь</title>
</book>
<book>
	<filename>dreik_shennon/dreik_shennon_nepovtorimaya.fb2.zip</filename>
	<title>Дрейк Шеннон. Неповторимая</title>
</book>
<book>
	<filename>dreik_shennon/dreik_shennon_nepovtorimaya_lyubov.fb2.zip</filename>
	<title>Дрейк Шеннон. Неповторимая любовь</title>
</book>
<book>
	<filename>dreik_shennon/dreik_shennon_nepovtorimyi.fb2.zip</filename>
	<title>Дрейк Шеннон. Неповторимый</title>
</book>
<book>
	<filename>dreik_shennon/dreik_shennon_noch_nashei_lyubvi.fb2.zip</filename>
	<title>Дрейк Шеннон. Ночь нашей любви</title>
</book>
<book>
	<filename>dreik_shennon/dreik_shennon_obruchennaya_s_vetrom.fb2.zip</filename>
	<title>Дрейк Шеннон. Обрученная с ветром</title>
</book>
<book>
	<filename>dreik_shennon/dreik_shennon_opalennye_serdca.fb2.zip</filename>
	<title>Дрейк Шеннон. Опаленные сердца</title>
</book>
<book>
	<filename>dreik_shennon/dreik_shennon_opasnosti_lyubvi.fb2.zip</filename>
	<title>Дрейк Шеннон. Опасности любви</title>
</book>
<book>
	<filename>dreik_shennon/dreik_shennon_opasnyi_pocelui.fb2.zip</filename>
	<title>Дрейк Шеннон. Опасный поцелуй</title>
</book>
<book>
	<filename>dreik_shennon/dreik_shennon_pridi_rassvet.fb2.zip</filename>
	<title>Дрейк Шеннон. Приди, рассвет</title>
</book>
<book>
	<filename>dreik_shennon/dreik_shennon_probuzhdenie.fb2.zip</filename>
	<title>Дрейк Шеннон. Пробуждение</title>
</book>
<book>
	<filename>dreik_shennon/dreik_shennon_rassvet_lyubvi.fb2.zip</filename>
	<title>Дрейк Шеннон. Рассвет любви</title>
</book>
<book>
	<filename>dreik_shennon/dreik_shennon_rusalka.fb2.zip</filename>
	<title>Дрейк Шеннон. Русалка</title>
</book>
<book>
	<filename>dreik_shennon/dreik_shennon_shotlandskii_lev.fb2.zip</filename>
	<title>Дрейк Шеннон. Шотландский лев</title>
</book>
<book>
	<filename>dreik_shennon/dreik_shennon_svet_lyubvi.fb2.zip</filename>
	<title>Дрейк Шеннон. Свет любви</title>
</book>
<book>
	<filename>dreik_shennon/dreik_shennon_tainstvennyi_svet_luny.fb2.zip</filename>
	<title>Дрейк Шеннон. Таинственный свет луны</title>
</book>
<book>
	<filename>dreik_shennon/dreik_shennon_tristan_i_zheneveva_sredi_roz.fb2.zip</filename>
	<title>Дрейк Шеннон. Тристан и Женевьева (Среди роз)</title>
</book>
<book>
	<filename>dreik_shennon/dreik_shennon_triumf_rycarya.fb2.zip</filename>
	<title>Дрейк Шеннон. Триумф рыцаря</title>
</book>
<book>
	<filename>dreik_shennon/dreik_shennon_v_polnochnyi_chas.fb2.zip</filename>
	<title>Дрейк Шеннон. В полночный час</title>
</book>
<book>
	<filename>dreik_shennon/dreik_shennon_vzglyad_neznakomki.fb2.zip</filename>
	<title>Дрейк Шеннон. Взгляд незнакомки</title>
</book>
<book>
	<filename>dreik_yebbi/dreik_yebbi_milye_zhenushki.fb2.zip</filename>
	<title>Дрейк Эбби. Милые женушки</title>
</book>
<book>
	<filename>dreksler_yerik/dreksler_yerik_mashiny_sozdaniya.fb2.zip</filename>
	<title>Дрекслер Эрик. Машины создания</title>
</book>
<book>
	<filename>dresner_hyel/dresner_hyel_prestuplenie_dostoinoe_menya.fb2.zip</filename>
	<title>Дреснер Хэл. Преступление, достойное меня</title>
</book>
<book>
	<filename>drew_and_ishtar_/drew_and_ishtar__metro_predystoriya.fb2.zip</filename>
	<title>Drew and Ishtar. МЕТРО. Предыстория</title>
</book>
<book>
	<filename>drobyazko_sergei/drobyazko_sergei_russkaya_osvoboditelnaya_armiya.fb2.zip</filename>
	<title>Дробязко Сергей. Русская освободительная армия</title>
</book>
<book>
	<filename>drobyazko_sergei/drobyazko_sergei_vostochnye_dobrovolcy_v_vermahte_policii_i_ss.fb2.zip</filename>
	<title>Дробязко Сергей. Восточные добровольцы в вермахте, полиции и СС</title>
</book>
<book>
	<filename>drobyazko_sergei/drobyazko_sergei_vostochnye_legiony_i_kazachi_chasti_v_vermahte.fb2.zip</filename>
	<title>Дробязко Сергей. Восточные легионы и казачьи части в Вермахте</title>
</book>
<book>
	<filename>drogovoz_igor/drogovoz_igor_angloburskaya_voina_18991902_gg.fb2.zip</filename>
	<title>Дроговоз Игорь Григорьевич. Англо-бурская война 1899—1902 гг.</title>
</book>
<book>
	<filename>dronova_kseniya/dronova_kseniya_siluyet_tancuyushei_zvezdy.fb2.zip</filename>
	<title>Дронова Ксения. Силуэт танцующей звезды</title>
</book>
<book>
	<filename>drozdov_ivan/drozdov_ivan_okkupaciya.fb2.zip</filename>
	<title>Дроздов Иван Владимирович. Оккупация</title>
</book>
<book>
	<filename>drozdov_nikolai/drozdov_nikolai_polet_bumeranga.fb2.zip</filename>
	<title>Дроздов Николай Николаевич. Полет бумеранга</title>
</book>
<book>
	<filename>druchin_igor/druchin_igor_drevnyaya_muzyka_zemli.fb2.zip</filename>
	<title>Дручин Игорь. Древняя музыка Земли</title>
</book>
<book>
	<filename>druchin_igor/druchin_igor_hrupkoe_vremya_auyeny.fb2.zip</filename>
	<title>Дручин Игорь Сергеевич. Хрупкое время Ауэны</title>
</book>
<book>
	<filename>druchin_igor/druchin_igor_labirint.fb2.zip</filename>
	<title>Дручин Игорь. Лабиринт</title>
</book>
<book>
	<filename>druchin_igor/druchin_igor_poligon_neozhidannostei.fb2.zip</filename>
	<title>Дручин Игорь. Полигон неожиданностей</title>
</book>
<book>
	<filename>druchin_igor/druchin_igor_ritm_galaktik.fb2.zip</filename>
	<title>Дручин Игорь Сергеевич. Ритм галактик</title>
</book>
<book>
	<filename>druchin_igor/druchin_igor_shorohi_prostranstva.fb2.zip</filename>
	<title>Дручин Игорь. Шорохи пространства</title>
</book>
<book>
	<filename>druchin_igor/druchin_igor_teni_lunnyh_kraterov.fb2.zip</filename>
	<title>Дручин Игорь Сергеевич. Тени лунных кратеров</title>
</book>
<book>
	<filename>drucye_ion/drucye_ion_poslednii_mesyac_oseni.fb2.zip</filename>
	<title>Друцэ Ион Пантелеевич. Последний месяц осени</title>
</book>
<book>
	<filename>drugal_sergei/drugal_sergei_nimfa_i_leitenant.fb2.zip</filename>
	<title>Другаль Сергей. Нимфа и лейтенант</title>
</book>
<book>
	<filename>drugal_sergei/drugal_sergei_obostrennoe_vospriyatie.fb2.zip</filename>
	<title>Другаль Сергей. Обостренное восприятие</title>
</book>
<book>
	<filename>drugal_sergei/drugal_sergei_sila_statistiki.fb2.zip</filename>
	<title>Другаль Сергей. Сила статистики</title>
</book>
<book>
	<filename>drugal_sergei/drugal_sergei_u_kazhdogo_dereva_svoya_ptica.fb2.zip</filename>
	<title>Другаль Сергей. У каждого дерева своя птица</title>
</book>
<book>
	<filename>drugal_sergei/drugal_sergei_vasilisk.fb2.zip</filename>
	<title>Другаль Сергей. Василиск</title>
</book>
<book>
	<filename>drugal_sergei/drugal_sergei_yazychniki.fb2.zip</filename>
	<title>Другаль Сергей. Язычники</title>
</book>
<book>
	<filename>drugal_sergei/drugal_sergei_zayac.fb2.zip</filename>
	<title>Другаль Сергей. Заяц</title>
</book>
<book>
	<filename>druker_piter/druker_piter_yeffektivnyi_upravlyayushii.fb2.zip</filename>
	<title>Друкер Питер. Эффективный управляющий</title>
</book>
<book>
	<filename>druzhinin_vladimir/druzhinin_vladimir_derzhavy_rossiiskoi_posol.fb2.zip</filename>
	<title>Дружинин Владимир. Державы Российской посол</title>
</book>
<book>
	<filename>druzhinin_vladimir/druzhinin_vladimir_dva_i_dve_semerki.fb2.zip</filename>
	<title>Дружинин Владимир Николаевич. Два и две семерки</title>
</book>
<book>
	<filename>druzhinin_vladimir/druzhinin_vladimir_kto_skazal_chto_ya_ubit.fb2.zip</filename>
	<title>Дружинин Владимир Николаевич. Кто сказал, что я убит?</title>
</book>
<book>
	<filename>druzhinin_vladimir/druzhinin_vladimir_tropa_selimhana.fb2.zip</filename>
	<title>Дружинин Владимир Николаевич. Тропа Селим-хана</title>
</book>
<book>
	<filename>druzhnikov_yurii/druzhnikov_yurii_angely_na_konchike_igly.fb2.zip</filename>
	<title>Дружников Юрий. Ангелы на кончике иглы</title>
</book>
<book>
	<filename>druzhnikov_yurii/druzhnikov_yurii_medovyi_mesyac_u_prababushki_ili_priklyucheniya_genacvale_iz_sakramento.fb2.zip</filename>
	<title>Дружников Юрий. Медовый месяц у прабабушки, или Приключения генацвале из Сакраменто</title>
</book>
<book>
	<filename>dryeger_donn/dryeger_donn_sovremennye_budzyucu_i_budo.fb2.zip</filename>
	<title>Дрэгер Донн. Современные будзюцу и будо</title>
</book>
<book>
	<filename>dryeik_ryeimond/dryeik_ryeimond_bogi_i_inoplanetyane_v_istorii.fb2.zip</filename>
	<title>Дрэйк Рэймонд. Боги и инопланетяне в истории</title>
</book>
<book>
	<filename>dryuon_moris/dryuon_moris_aleksandr_velikii_ili_kniga_o_boge.fb2.zip</filename>
	<title>Дрюон Морис. Александр Великий или Книга о Боге</title>
</book>
<book>
	<filename>dryuon_moris/dryuon_moris_francuzskaya_volchica.fb2.zip</filename>
	<title>Дрюон Морис. Французская волчица</title>
</book>
<book>
	<filename>dryuon_moris/dryuon_moris_kogda_korol_gubit_franciyu.fb2.zip</filename>
	<title>Дрюон Морис. Когда король губит Францию</title>
</book>
<book>
	<filename>dryuon_moris/dryuon_moris_liliya_i_lev.fb2.zip</filename>
	<title>Дрюон Морис. Лилия и лев</title>
</book>
<book>
	<filename>dryuon_moris/dryuon_moris_negozhe_liliyam_pryast.fb2.zip</filename>
	<title>Дрюон Морис. Негоже лилиям прясть</title>
</book>
<book>
	<filename>dryuon_moris/dryuon_moris_silnye_mira_sego.fb2.zip</filename>
	<title>Дрюон Морис. Сильные мира сего</title>
</book>
<book>
	<filename>dryuon_moris/dryuon_moris_uznica_shatogaiara.fb2.zip</filename>
	<title>Дрюон Морис. Узница Шато-Гайара</title>
</book>
<book>
	<filename>dryuon_moris/dryuon_moris_yad_i_korona.fb2.zip</filename>
	<title>Дрюон Морис. Яд и корона</title>
</book>
<book>
	<filename>dryuon_moris/dryuon_moris_zheleznyi_korol.fb2.zip</filename>
	<title>Дрюон Морис. Железный король</title>
</book>
<book>
	<filename>duarte_dzhudi/duarte_dzhudi_volshebnye_peremeny.fb2.zip</filename>
	<title>Дуарте Джуди. Волшебные перемены</title>
</book>
<book>
	<filename>dubchak_anna/dubchak_anna_dama_v_lodke.fb2.zip</filename>
	<title>Дубчак Анна. Дама в лодке</title>
</book>
<book>
	<filename>dubchak_anna/dubchak_anna_eva_i_ee_muzhchiny.fb2.zip</filename>
	<title>Дубчак Анна. Ева и ее мужчины</title>
</book>
<book>
	<filename>dubchak_anna/dubchak_anna_file_zhenshiny_v_vinnom_souse.fb2.zip</filename>
	<title>Дубчак Анна. Филе женщины в винном соусе</title>
</book>
<book>
	<filename>dubchak_anna/dubchak_anna_gde_nochuyut_prizraki.fb2.zip</filename>
	<title>Дубчак Анна. Где ночуют призраки</title>
</book>
<book>
	<filename>dubchak_anna/dubchak_anna_iraidin_pansion.fb2.zip</filename>
	<title>Дубчак Анна. Ираидин пансион</title>
</book>
<book>
	<filename>dubchak_anna/dubchak_anna_koncert.fb2.zip</filename>
	<title>Дубчак Анна. Концерт</title>
</book>
<book>
	<filename>dubchak_anna/dubchak_anna_kuklovod.fb2.zip</filename>
	<title>Дубчак Анна. Кукловод</title>
</book>
<book>
	<filename>dubchak_anna/dubchak_anna_mariya_petrovna.fb2.zip</filename>
	<title>Дубчак Анна. Мария Петровна</title>
</book>
<book>
	<filename>dubchak_anna/dubchak_anna_spyashaya_anzhel.fb2.zip</filename>
	<title>Дубчак Анна. Спящая Анжель</title>
</book>
<book>
	<filename>dubchak_anna/dubchak_anna_taina_oranzhevogo_sakvoyazha.fb2.zip</filename>
	<title>Дубчак Анна. Тайна оранжевого саквояжа</title>
</book>
<book>
	<filename>dubchak_anna/dubchak_anna_tarantella_ili_tancy_s_paukami.fb2.zip</filename>
	<title>Дубчак Анна. Тарантелла, или Танцы с пауками</title>
</book>
<book>
	<filename>dubchak_anna/dubchak_anna_zhertva_strasti_ili_roman_v_stile_porno.fb2.zip</filename>
	<title>Дубчак Анна. Жертва страсти, или Роман в стиле порно</title>
</book>
<book>
	<filename>dubinskii_ilya/dubinskii_ilya_primakov.fb2.zip</filename>
	<title>Дубинский Илья Владимирович. Примаков</title>
</book>
<book>
	<filename>dubinyanskaya_yana/dubinyanskaya_yana_final_novogodnei_pesy.fb2.zip</filename>
	<title>Дубинянская Яна. Финал новогодней пьесы</title>
</book>
<book>
	<filename>dubinyanskaya_yana/dubinyanskaya_yana_gaugrazskii_plennik.fb2.zip</filename>
	<title>Дубинянская Яна. Гаугразский пленник</title>
</book>
<book>
	<filename>dubinyanskaya_yana/dubinyanskaya_yana_kazn.fb2.zip</filename>
	<title>Дубинянская Яна. Казнь</title>
</book>
<book>
	<filename>dubinyanskaya_yana/dubinyanskaya_yana_lestnichnaya_ploshadka.fb2.zip</filename>
	<title>Дубинянская Яна. Лестничная площадка</title>
</book>
<book>
	<filename>dubinyanskaya_yana/dubinyanskaya_yana_moi_papa_idealnyi_semyanin.fb2.zip</filename>
	<title>Дубинянская Яна. Мой папа – идеальный семьянин</title>
</book>
<book>
	<filename>dubinyanskaya_yana/dubinyanskaya_yana_proekt_missuri.fb2.zip</filename>
	<title>Дубинянская Яна. Проект «Миссури»</title>
</book>
<book>
	<filename>dubinyanskaya_yana/dubinyanskaya_yana_tri_dnya_v_sirenopole.fb2.zip</filename>
	<title>Дубинянская Яна. Три дня в Сиренополе</title>
</book>
<book>
	<filename>dubinyanskaya_yana/dubinyanskaya_yana_variaciya_zhizni.fb2.zip</filename>
	<title>Дубинянская Яна. Вариация жизни</title>
</book>
<book>
	<filename>dubinyanskaya_yana/dubinyanskaya_yana_za_gorizontom_sna.fb2.zip</filename>
	<title>Дубинянская Яна. За горизонтом сна</title>
</book>
<book>
	<filename>dubov_igor/dubov_igor_rasporotyi.fb2.zip</filename>
	<title>Дубов Игорь. Распоротый</title>
</book>
<book>
	<filename>dubov_yulii/dubov_yulii_bolshaya_paika.fb2.zip</filename>
	<title>Дубов Юлий Анатольевич. Большая пайка</title>
</book>
<book>
	<filename>dubov_yulii/dubov_yulii_idistavizo.fb2.zip</filename>
	<title>Дубов Юлий. Идиставизо</title>
</book>
<book>
	<filename>dubov_yulii/dubov_yulii_menshee_zlo.fb2.zip</filename>
	<title>Дубов Юлий. Меньшее зло</title>
</book>
<book>
	<filename>dubov_yulii/dubov_yulii_teoriya_katastrof.fb2.zip</filename>
	<title>Дубов Юлий. Теория катастроф</title>
</book>
<book>
	<filename>dubov_yulii/dubov_yulii_varyagi_i_voryugi.fb2.zip</filename>
	<title>Дубов Юлий. Варяги и ворюги</title>
</book>
<book>
	<filename>dubrovin_evgenii/dubrovin_evgenii_a_sboku_propeller.fb2.zip</filename>
	<title>Дубровин Евгений Пантелеевич. А сбоку пропеллер</title>
</book>
<book>
	<filename>dubrovin_evgenii/dubrovin_evgenii_besedy_za_chaem_v_seme_pogrebennikovyh.fb2.zip</filename>
	<title>Дубровин Евгений Пантелеевич. Беседы за чаем в семье Погребенниковых</title>
</book>
<book>
	<filename>dubrovin_evgenii/dubrovin_evgenii_bessonniki.fb2.zip</filename>
	<title>Дубровин Евгений Пантелеевич. Бессонники</title>
</book>
<book>
	<filename>dubrovin_evgenii/dubrovin_evgenii_bilet_na_balkon.fb2.zip</filename>
	<title>Дубровин Евгений Пантелеевич. Билет на балкон</title>
</book>
<book>
	<filename>dubrovin_evgenii/dubrovin_evgenii_chetvert_topolya_na_plyushihe.fb2.zip</filename>
	<title>Дубровин Евгений Пантелеевич. Четверть тополя на Плющихе</title>
</book>
<book>
	<filename>dubrovin_evgenii/dubrovin_evgenii_dikie_zveri_mira.fb2.zip</filename>
	<title>Дубровин Евгений Пантелеевич. Дикие звери мира</title>
</book>
<book>
	<filename>dubrovin_evgenii/dubrovin_evgenii_divnye_peshery.fb2.zip</filename>
	<title>Дубровин Евгений Пантелеевич. Дивные пещеры</title>
</book>
<book>
	<filename>dubrovin_evgenii/dubrovin_evgenii_dvorec_padchericy.fb2.zip</filename>
	<title>Дубровин Евгений Пантелеевич. Дворец падчерицы</title>
</book>
<book>
	<filename>dubrovin_evgenii/dubrovin_evgenii_glupaya_skazka.fb2.zip</filename>
	<title>Дубровин Евгений Пантелеевич. Глупая сказка</title>
</book>
<book>
	<filename>dubrovin_evgenii/dubrovin_evgenii_gosti_stolicy.fb2.zip</filename>
	<title>Дубровин Евгений Пантелеевич. Гости столицы</title>
</book>
<book>
	<filename>dubrovin_evgenii/dubrovin_evgenii_griby_na_asfalte.fb2.zip</filename>
	<title>Дубровин Евгений. Грибы на асфальте</title>
</book>
<book>
	<filename>dubrovin_evgenii/dubrovin_evgenii_grustnyi_den_smeha.fb2.zip</filename>
	<title>Дубровин Евгений Пантелеевич. Грустный день смеха</title>
</book>
<book>
	<filename>dubrovin_evgenii/dubrovin_evgenii_hrustalnyi_dom.fb2.zip</filename>
	<title>Дубровин Евгений Пантелеевич. Хрустальный дом</title>
</book>
<book>
	<filename>dubrovin_evgenii/dubrovin_evgenii_klerofklokson_koka_koli.fb2.zip</filename>
	<title>Дубровин Евгений Пантелеевич. «Клер-оф-Клоксон» Кока Коли</title>
</book>
<book>
	<filename>dubrovin_evgenii/dubrovin_evgenii_kullan1.fb2.zip</filename>
	<title>Дубровин Евгений Пантелеевич. Куллан-1</title>
</book>
<book>
	<filename>dubrovin_evgenii/dubrovin_evgenii_kurortnoe_priklyuchenie.fb2.zip</filename>
	<title>Дубровин Евгений Пантелеевич. Курортное приключение</title>
</book>
<book>
	<filename>dubrovin_evgenii/dubrovin_evgenii_lastochka_s_dozhdem_na_krylyah.fb2.zip</filename>
	<title>Дубровин Евгений Пантелеевич. Ласточка с дождем на крыльях</title>
</book>
<book>
	<filename>dubrovin_evgenii/dubrovin_evgenii_lesnik_yura_dymov.fb2.zip</filename>
	<title>Дубровин Евгений Пантелеевич. Лесник Юра Дымов</title>
</book>
<book>
	<filename>dubrovin_evgenii/dubrovin_evgenii_marsianka.fb2.zip</filename>
	<title>Дубровин Евгений Пантелеевич. Марсианка</title>
</book>
<book>
	<filename>dubrovin_evgenii/dubrovin_evgenii_nu_dozhivi_do_ponedelnika.fb2.zip</filename>
	<title>Дубровин Евгений Пантелеевич. Ну доживи до понедельника</title>
</book>
<book>
	<filename>dubrovin_evgenii/dubrovin_evgenii_odisseya_georgiya_lukina.fb2.zip</filename>
	<title>Дубровин Евгений Пантелеевич. Одиссея Георгия Лукина</title>
</book>
<book>
	<filename>dubrovin_evgenii/dubrovin_evgenii_oranzhevaya_yelektrichka.fb2.zip</filename>
	<title>Дубровин Евгений Пантелеевич. Оранжевая электричка</title>
</book>
<book>
	<filename>dubrovin_evgenii/dubrovin_evgenii_plemyannik_gipnotizera.fb2.zip</filename>
	<title>Дубровин Евгений Пантелеевич. Племянник гипнотизера</title>
</book>
<book>
	<filename>dubrovin_evgenii/dubrovin_evgenii_santehnik_anatolii.fb2.zip</filename>
	<title>Дубровин Евгений Пантелеевич. Сантехник Анатолий</title>
</book>
<book>
	<filename>dubrovin_evgenii/dubrovin_evgenii_schastlivka.fb2.zip</filename>
	<title>Дубровин Евгений Пантелеевич. Счастливка</title>
</book>
<book>
	<filename>dubrovin_evgenii/dubrovin_evgenii_shotlandskii_bloknot.fb2.zip</filename>
	<title>Дубровин Евгений Пантелеевич. Шотландский блокнот</title>
</book>
<book>
	<filename>dubrovin_evgenii/dubrovin_evgenii_stolik_s_vidom_na_tramvai.fb2.zip</filename>
	<title>Дубровин Евгений Пантелеевич. Столик с видом на трамвай</title>
</book>
<book>
	<filename>dubrovin_evgenii/dubrovin_evgenii_v_ozhidanii_kozy.fb2.zip</filename>
	<title>Дубровин Евгений Пантелеевич. В ожидании козы</title>
</book>
<book>
	<filename>dubrovin_evgenii/dubrovin_evgenii_yeksperiment_idealnyi_chelovek.fb2.zip</filename>
	<title>Дубровин Евгений Пантелеевич. Эксперимент «Идеальный человек»</title>
</book>
<book>
	<filename>dubrovin_evgenii/dubrovin_evgenii_zatumanennaya_golova.fb2.zip</filename>
	<title>Дубровин Евгений Пантелеевич. Затуманенная голова</title>
</book>
<book>
	<filename>dubrovskii_yedgar/dubrovskii_yedgar_holodnoe_leto_53go.fb2.zip</filename>
	<title>Дубровский Эдгар. Холодное лето 53-го</title>
</book>
<book>
	<filename>duchi_dyevid/duchi_dyevid_smertelnoe_safari.fb2.zip</filename>
	<title>Дучи Дэвид. Смертельное сафари</title>
</book>
<book>
	<filename>dudincev_oleg/dudincev_oleg_ubiistvo_vremen_russkogo_renessansa.fb2.zip</filename>
	<title>Дудинцев Олег. Убийство времен русского ренессанса</title>
</book>
<book>
	<filename>dudincev_oleg/dudincev_oleg_za_bazar_otvetim.fb2.zip</filename>
	<title>Дудинцев Олег. За базар ответим</title>
</book>
<book>
	<filename>dudincev_vladimir/dudincev_vladimir_belye_odezhdy.fb2.zip</filename>
	<title>Дудинцев Владимир Дмитриевич. Белые одежды</title>
</book>
<book>
	<filename>dudincev_vladimir/dudincev_vladimir_beshenyi_malchishka.fb2.zip</filename>
	<title>Дудинцев Владимир Дмитриевич. Бешеный мальчишка</title>
</book>
<book>
	<filename>dudincev_vladimir/dudincev_vladimir_ne_hlebom_edinym.fb2.zip</filename>
	<title>Дудинцев Владимир Дмитриевич. Не хлебом единым</title>
</book>
<book>
	<filename>dudincev_vladimir/dudincev_vladimir_novogodnyaya_skazka.fb2.zip</filename>
	<title>Дудинцев Владимир Дмитриевич. Новогодняя сказка</title>
</book>
<book>
	<filename>dugin_lev/dugin_lev_severnaya_stolica.fb2.zip</filename>
	<title>Дугин Лев Исидорович. Северная столица</title>
</book>
<book>
	<filename>duglas_geil/duglas_geil_ves_put.fb2.zip</filename>
	<title>Дуглас Гейл. Весь путь</title>
</book>
<book>
	<filename>duglas_gregori/duglas_gregori_shef_gestapo_genrih_myuller_verbovochnye_besedy.fb2.zip</filename>
	<title>Дуглас Грегори. Шеф гестапо Генрих Мюллер. Вербовочные беседы</title>
</book>
<book>
	<filename>duglas_ien/duglas_ien_lik_marsa.fb2.zip</filename>
	<title>Дуглас Йен. Лик Марса</title>
</book>
<book>
	<filename>duglas_ien/duglas_ien_lunnaya_pehota.fb2.zip</filename>
	<title>Дуглас Йен. Лунная пехота</title>
</book>
<book>
	<filename>duglas_ien/duglas_ien_shvatka_za_evropu.fb2.zip</filename>
	<title>Дуглас Йен. Схватка за Европу</title>
</book>
<book>
	<filename>duglas_ijen/duglas_ijen_lik_marsa.fb2.zip</filename>
	<title>Дуглас Йен. Лик Марса</title>
</book>
<book>
	<filename>duglas_ijen/duglas_ijen_lunnaya_pehota.fb2.zip</filename>
	<title>Дуглас Йен. Лунная пехота</title>
</book>
<book>
	<filename>duglas_ijen/duglas_ijen_shvatka_za_evropu.fb2.zip</filename>
	<title>Дуглас Йен. Схватка за Европу</title>
</book>
<book>
	<filename>duglas_keit/duglas_keit_speckomanda_seal_abordazh.fb2.zip</filename>
	<title>Дуглас Кейт. Спецкоманда SEAL. Абордаж</title>
</book>
<book>
	<filename>duglas_kirk/duglas_kirk_dar.fb2.zip</filename>
	<title>Дуглас Кирк. Дар</title>
</book>
<book>
	<filename>duglas_kirk/duglas_kirk_poslednee_tango_v_brukline.fb2.zip</filename>
	<title>Дуглас Кирк. Последнее танго в Бруклине</title>
</book>
<book>
	<filename>duglas_sara/duglas_sara_boevoi_topor_iskuplenie_putnika.fb2.zip</filename>
	<title>Дуглас Сара. Боевой Топор [Искупление Путника]</title>
</book>
<book>
	<filename>duglas_sara/duglas_sara_iskuplenie_putnika.fb2.zip</filename>
	<title>Дуглас Сара. Искупление Путника</title>
</book>
<book>
	<filename>duglas_yenn/duglas_yenn_hitrost_miss_kyerolain.fb2.zip</filename>
	<title>Дуглас Энн. Хитрость мисс Кэролайн</title>
</book>
<book>
	<filename>duglas_yenn/duglas_yenn_zhazhda_strasti.fb2.zip</filename>
	<title>Дуглас Энн. Жажда страсти</title>
</book>
<book>
	<filename>duhova_kseniya/duhova_kseniya_igra_v_lyubov.fb2.zip</filename>
	<title>Духова Ксения. Игра в любовь</title>
</book>
<book>
	<filename>duhova_oksana/duhova_oksana_belaya_volchica_knyazya_menshikova.fb2.zip</filename>
	<title>Духова Оксана. Белая волчица князя Меншикова</title>
</book>
<book>
	<filename>duhova_oksana/duhova_oksana_hozyaika_taigi.fb2.zip</filename>
	<title>Духова Оксана. Хозяйка тайги</title>
</book>
<book>
	<filename>dukai_yacek/dukai_yacek_hod_generala.fb2.zip</filename>
	<title>Дукай Яцек. Ход генерала</title>
</book>
<book>
	<filename>duligan_vendi/duligan_vendi_mladshaya_sestrenka.fb2.zip</filename>
	<title>Дулиган Венди. Младшая сестренка</title>
</book>
<book>
	<filename>duligan_vendi/duligan_vendi_pochti_tvoya.fb2.zip</filename>
	<title>Дулиган Венди. Почти твоя</title>
</book>
<book>
	<filename>dulnev_boris/dulnev_boris_proverka_dokumentov_i_registracii_v_obshestvennom_meste_14_otvetov_na_samye_aktualnye_voprosy.fb2.zip</filename>
	<title>Дульнев Борис. Проверка документов и регистрации в общественном месте. 14 ответов на самые актуальные вопросы</title>
</book>
<book>
	<filename>dumbadze_nodar/dumbadze_nodar_krov.fb2.zip</filename>
	<title>Думбадзе Нодар Владимирович. Кровь</title>
</book>
<book>
	<filename>dumbadze_nodar/dumbadze_nodar_ne_boisya_mama.fb2.zip</filename>
	<title>Думбадзе Нодар. Не бойся, мама!</title>
</book>
<book>
	<filename>dumbadze_nodar/dumbadze_nodar_sobaka.fb2.zip</filename>
	<title>Думбадзе Нодар Владимирович. Собака</title>
</book>
<book>
	<filename>dumbadze_nodar/dumbadze_nodar_solnce.fb2.zip</filename>
	<title>Думбадзе Нодар Владимирович. Солнце</title>
</book>
<book>
	<filename>dumbadze_nodar/dumbadze_nodar_ya_babushka_iliko_i_illarion.fb2.zip</filename>
	<title>Думбадзе Нодар Владимирович. Я, Бабушка, Илико и Илларион</title>
</book>
<book>
	<filename>dumbadze_nodar/dumbadze_nodar_ya_vizhu_solnce.fb2.zip</filename>
	<title>Думбадзе Нодар. Я вижу солнце</title>
</book>

</books>

