<?xml version="1.0" encoding="UTF-8" ?>
<books>
<book>
	<filename>dyu_more_dafna/dyu_more_dafna_bez_vidimyh_prichin.fb2.zip</filename>
	<title>дю Морье Дафна. Без видимых причин</title>
</book>
<book>
	<filename>dyu_more_dafna/dyu_more_dafna_dolya_sekundy.fb2.zip</filename>
	<title>дю Морье Дафна. Доля секунды</title>
</book>
<book>
	<filename>dyu_more_dafna/dyu_more_dafna_dom_na_beregu.fb2.zip</filename>
	<title>дю Морье Дафна. Дом на берегу</title>
</book>
<book>
	<filename>dyu_more_dafna/dyu_more_dafna_duh_lyubvi.fb2.zip</filename>
	<title>дю Морье Дафна. Дух любви</title>
</book>
<book>
	<filename>dyu_more_dafna/dyu_more_dafna_francuzov_ruchei.fb2.zip</filename>
	<title>дю Морье Дафна. Французов ручей</title>
</book>
<book>
	<filename>dyu_more_dafna/dyu_more_dafna_general_ego_velichestva.fb2.zip</filename>
	<title>дю Морье Дафна. Генерал Его Величества</title>
</book>
<book>
	<filename>dyu_more_dafna/dyu_more_dafna_golodnaya_gora.fb2.zip</filename>
	<title>дю Морье Дафна. Голодная гора</title>
</book>
<book>
	<filename>dyu_more_dafna/dyu_more_dafna_kozel_otpusheniya.fb2.zip</filename>
	<title>дю Морье Дафна. Козел отпущения</title>
</book>
<book>
	<filename>dyu_more_dafna/dyu_more_dafna_krasavcy.fb2.zip</filename>
	<title>дю Морье Дафна. Красавцы</title>
</book>
<book>
	<filename>dyu_more_dafna/dyu_more_dafna_meri_yenn.fb2.zip</filename>
	<title>дю Морье Дафна. Мери Энн</title>
</book>
<book>
	<filename>dyu_more_dafna/dyu_more_dafna_monte_verita.fb2.zip</filename>
	<title>дю Морье Дафна. Монте Верита</title>
</book>
<book>
	<filename>dyu_more_dafna/dyu_more_dafna_moya_kuzina_reichel.fb2.zip</filename>
	<title>дю Морье Дафна. Моя кузина Рейчел</title>
</book>
<book>
	<filename>dyu_more_dafna/dyu_more_dafna_na_grani.fb2.zip</filename>
	<title>дю Морье Дафна. На грани</title>
</book>
<book>
	<filename>dyu_more_dafna/dyu_more_dafna_ne_oglyadyvaisya.fb2.zip</filename>
	<title>дю Морье Дафна. Не оглядывайся</title>
</book>
<book>
	<filename>dyu_more_dafna/dyu_more_dafna_pocelui_menya_eshe_neznakomec.fb2.zip</filename>
	<title>дю Морье Дафна. Поцелуй меня еще, незнакомец</title>
</book>
<book>
	<filename>dyu_more_dafna/dyu_more_dafna_polet_sokola.fb2.zip</filename>
	<title>дю Морье Дафна. Полет сокола</title>
</book>
<book>
	<filename>dyu_more_dafna/dyu_more_dafna_prav_britaniya.fb2.zip</filename>
	<title>дю Морье Дафна. Правь, Британия!</title>
</book>
<book>
	<filename>dyu_more_dafna/dyu_more_dafna_pticy.fb2.zip</filename>
	<title>дю Морье Дафна. Птицы</title>
</book>
<book>
	<filename>dyu_more_dafna/dyu_more_dafna_rebekka.fb2.zip</filename>
	<title>дю Морье Дафна. Ребекка</title>
</book>
<book>
	<filename>dyu_more_dafna/dyu_more_dafna_samoubiistvo_bez_vsyakih_prichin.fb2.zip</filename>
	<title>дю Морье Дафна. Самоубийство без всяких причин</title>
</book>
<book>
	<filename>dyu_more_dafna/dyu_more_dafna_sinie_linzy.fb2.zip</filename>
	<title>дю Морье Дафна. Синие линзы</title>
</book>
<book>
	<filename>dyu_more_dafna/dyu_more_dafna_stekloduvy.fb2.zip</filename>
	<title>дю Морье Дафна. Стеклодувы</title>
</book>
<book>
	<filename>dyu_more_dafna/dyu_more_dafna_traktir_yamaika.fb2.zip</filename>
	<title>дю Морье Дафна. Трактир «Ямайка»</title>
</book>
<book>
	<filename>dyu_more_dafna/dyu_more_dafna_yablonya.fb2.zip</filename>
	<title>дю Морье Дафна. Яблоня</title>
</book>
<book>
	<filename>dyumore_dafna/dyumore_dafna_general_ego_velichestva.fb2.zip</filename>
	<title>Дюморье Дафна. Генерал Его Величества</title>
</book>
<book>
	<filename>dyumore_dafna/dyumore_dafna_meri_yenn.fb2.zip</filename>
	<title>Дюморье Дафна. Мери Энн</title>
</book>
<book>
	<filename>dyumore_dafna/dyumore_dafna_moya_kuzina_reichel.fb2.zip</filename>
	<title>Дюморье Дафна. Моя кузина Рейчел</title>
</book>
<book>
	<filename>dyumore_dafna/dyumore_dafna_na_grani.fb2.zip</filename>
	<title>Дюморье Дафна. На грани</title>
</book>
<book>
	<filename>dyumore_dafna/dyumore_dafna_ne_oglyadyvaisya.fb2.zip</filename>
	<title>Дюморье Дафна. Не оглядывайся</title>
</book>
<book>
	<filename>dyumore_dafna/dyumore_dafna_prav_britaniya.fb2.zip</filename>
	<title>Дюморье Дафна. Правь, Британия!</title>
</book>
<book>
	<filename>dyumore_dafna/dyumore_dafna_rebekka.fb2.zip</filename>
	<title>Дюморье Дафна. Ребекка</title>
</book>
<book>
	<filename>dyunan_sara/dyunan_sara_na_grani.fb2.zip</filename>
	<title>Дюнан Сара. На грани</title>
</book>
<book>
	<filename>dyunan_sara/dyunan_sara_nozhom_po_serdcu.fb2.zip</filename>
	<title>Дюнан Сара. Ножом по сердцу</title>
</book>
<book>
	<filename>dyunan_sara/dyunan_sara_rodimye_pyatna.fb2.zip</filename>
	<title>Дюнан Сара. Родимые пятна</title>
</book>
<book>
	<filename>dyunan_sara/dyunan_sara_rozhdenie_venery.fb2.zip</filename>
	<title>Дюнан Сара. Рождение Венеры</title>
</book>
<book>
	<filename>dyupre_kyetrin/dyupre_kyetrin_dzhon_golsuorsi.fb2.zip</filename>
	<title>Дюпре Кэтрин. Джон Голсуорси</title>
</book>
<book>
	<filename>dyuran_meredit/dyuran_meredit_ne_otrekaisya_ot_lyubvi.fb2.zip</filename>
	<title>Дьюран Мередит. Не отрекайся от любви</title>
</book>
<book>
	<filename>dyuras_margerit/dyuras_margerit_alber_iz_kapitalya.fb2.zip</filename>
	<title>Дюрас Маргерит. Альбер из «Капиталя»</title>
</book>
<book>
	<filename>dyuras_margerit/dyuras_margerit_angliiskaya_myata.fb2.zip</filename>
	<title>Дюрас Маргерит. Английская мята</title>
</book>
<book>
	<filename>dyuras_margerit/dyuras_margerit_bol.fb2.zip</filename>
	<title>Дюрас Маргерит. Боль</title>
</book>
<book>
	<filename>dyuras_margerit/dyuras_margerit_matros_s_gibraltara.fb2.zip</filename>
	<title>Дюрас Маргерит. Матрос с Гибралтара</title>
</book>
<book>
	<filename>dyuras_margerit/dyuras_margerit_mese_x_imenuemyi_zdes_per_rabe.fb2.zip</filename>
	<title>Дюрас Маргерит. Месье X, именуемый здесь Пьер Рабье</title>
</book>
<book>
	<filename>dyuras_margerit/dyuras_margerit_shaga.fb2.zip</filename>
	<title>Дюрас Маргерит. Шага</title>
</book>
<book>
	<filename>dyurer_albreht/dyurer_albreht_dnevniki_pisma_traktaty_tom_1.fb2.zip</filename>
	<title>Дюрер Альбрехт. Дневники. Письма. Трактаты. Том 1</title>
</book>
<book>
	<filename>dyurer_albreht/dyurer_albreht_dnevniki_pisma_traktaty_tom_2.fb2.zip</filename>
	<title>Дюрер Альбрехт. Дневники. Письма. Трактаты. Том 2</title>
</book>
<book>
	<filename>dyurrenmatt_fridrih/dyurrenmatt_fridrih_avariya.fb2.zip</filename>
	<title>Дюрренматт Фридрих. Авария</title>
</book>
<book>
	<filename>dyurrenmatt_fridrih/dyurrenmatt_fridrih_dvoinik.fb2.zip</filename>
	<title>Дюрренматт Фридрих. Двойник</title>
</book>
<book>
	<filename>dyurrenmatt_fridrih/dyurrenmatt_fridrih_podozrenie.fb2.zip</filename>
	<title>Дюрренматт Фридрих. Подозрение</title>
</book>
<book>
	<filename>dyurrenmatt_fridrih/dyurrenmatt_fridrih_portret_planety.fb2.zip</filename>
	<title>Дюрренматт Фридрих. Портрет планеты</title>
</book>
<book>
	<filename>dyurrenmatt_fridrih/dyurrenmatt_fridrih_poruchenie_ili_o_nablyudenii_nablyudatelya_za_nablyudatelyami.fb2.zip</filename>
	<title>Дюрренматт Фридрих. Поручение, или О наблюдении наблюдателя за наблюдателями</title>
</book>
<book>
	<filename>dyurrenmatt_fridrih/dyurrenmatt_fridrih_sudya_i_ego_palach.fb2.zip</filename>
	<title>Дюрренматт Фридрих. Судья и его палач</title>
</book>
<book>
	<filename>dyurrenmatt_fridrih/dyurrenmatt_fridrih_tunnel.fb2.zip</filename>
	<title>Дюрренматт Фридрих. Туннель</title>
</book>
<book>
	<filename>dyurrenmatt_fridrih/dyurrenmatt_fridrih_ushele_vverhtormashki.fb2.zip</filename>
	<title>Дюрренматт Фридрих. Ущелье Вверхтормашки</title>
</book>
<book>
	<filename>dyurrenmatt_fridrih/dyurrenmatt_fridrih_vizit_staroi_damy.fb2.zip</filename>
	<title>Дюрренматт Фридрих. Визит старой дамы</title>
</book>
<book>
	<filename>dyurrenmatt_fridrih/dyurrenmatt_fridrih_zimnyaya_voina_v_tibete.fb2.zip</filename>
	<title>Дюрренматт Фридрих. Зимняя война в Тибете</title>
</book>
<book>
	<filename>dyu_terrail_ponson/dyu_terrail_ponson_dom_sumasshedshih.fb2.zip</filename>
	<title>дю Террайль Понсон. Дом Сумасшедших</title>
</book>
<book>
	<filename>dyu_terrail_ponson/dyu_terrail_ponson_drama_v_indii.fb2.zip</filename>
	<title>дю Террайль Понсон. Драма в Индии</title>
</book>
<book>
	<filename>dyu_terrail_ponson/dyu_terrail_ponson_dva_brata.fb2.zip</filename>
	<title>дю Террайль Понсон. Два брата</title>
</book>
<book>
	<filename>dyu_terrail_ponson/dyu_terrail_ponson_greshnica.fb2.zip</filename>
	<title>дю Террайль Понсон. Грешница</title>
</book>
<book>
	<filename>dyu_terrail_ponson/dyu_terrail_ponson_iskuplenie.fb2.zip</filename>
	<title>дю Террайль Понсон. Искупление</title>
</book>
<book>
	<filename>dyu_terrail_ponson/dyu_terrail_ponson_ispanka.fb2.zip</filename>
	<title>дю Террайль Понсон. Испанка</title>
</book>
<book>
	<filename>dyu_terrail_ponson/dyu_terrail_ponson_kapitan_mak.fb2.zip</filename>
	<title>дю Террайль Понсон. Капитан Мак</title>
</book>
<book>
	<filename>dyu_terrail_ponson/dyu_terrail_ponson_klub_chervonnyh_valetov.fb2.zip</filename>
	<title>дю Террайль Понсон. Клуб червонных валетов</title>
</book>
<book>
	<filename>dyu_terrail_ponson/dyu_terrail_ponson_klub_veselyh_kutil.fb2.zip</filename>
	<title>дю Террайль Понсон. Клуб веселых кутил</title>
</book>
<book>
	<filename>dyu_terrail_ponson/dyu_terrail_ponson_koroleva_barrikad.fb2.zip</filename>
	<title>дю Террайль Понсон. Королева баррикад</title>
</book>
<book>
	<filename>dyu_terrail_ponson/dyu_terrail_ponson_korolserdceed.fb2.zip</filename>
	<title>дю Террайль Понсон. Король-сердцеед</title>
</book>
<book>
	<filename>dyu_terrail_ponson/dyu_terrail_ponson_krasotkaevreika.fb2.zip</filename>
	<title>дю Террайль Понсон. Красотка-еврейка</title>
</book>
<book>
	<filename>dyu_terrail_ponson/dyu_terrail_ponson_lyubovnye_pohozhdeniya_limuzena.fb2.zip</filename>
	<title>дю Террайль Понсон. Любовные похождения Лимузена</title>
</book>
<book>
	<filename>dyu_terrail_ponson/dyu_terrail_ponson_mshenie_bakkara.fb2.zip</filename>
	<title>дю Террайль Понсон. Мщение Баккара</title>
</book>
<book>
	<filename>dyu_terrail_ponson/dyu_terrail_ponson_nyugetskie_podzemelya.fb2.zip</filename>
	<title>дю Террайль Понсон. Ньюгетские подземелья</title>
</book>
<book>
	<filename>dyu_terrail_ponson/dyu_terrail_ponson_opustoshiteli.fb2.zip</filename>
	<title>дю Террайль Понсон. Опустошители</title>
</book>
<book>
	<filename>dyu_terrail_ponson/dyu_terrail_ponson_podzemele.fb2.zip</filename>
	<title>дю Террайль Понсон. Подземелье</title>
</book>
<book>
	<filename>dyu_terrail_ponson/dyu_terrail_ponson_pohozhdeniya_chervonnogo_valeta.fb2.zip</filename>
	<title>дю Террайль Понсон. Похождения червонного валета</title>
</book>
<book>
	<filename>dyu_terrail_ponson/dyu_terrail_ponson_pohozhdeniya_valeta_tref.fb2.zip</filename>
	<title>дю Террайль Понсон. Похождения валета треф</title>
</book>
<book>
	<filename>dyu_terrail_ponson/dyu_terrail_ponson_poiski_krasavicy_nansi.fb2.zip</filename>
	<title>дю Террайль Понсон. Поиски красавицы Нанси</title>
</book>
<book>
	<filename>dyu_terrail_ponson/dyu_terrail_ponson_prekrasnaya_sadovnica.fb2.zip</filename>
	<title>дю Террайль Понсон. Прекрасная садовница</title>
</book>
<book>
	<filename>dyu_terrail_ponson/dyu_terrail_ponson_senlazar.fb2.zip</filename>
	<title>дю Террайль Понсон. Сен-Лазар</title>
</book>
<book>
	<filename>dyu_terrail_ponson/dyu_terrail_ponson_smert_dikarya.fb2.zip</filename>
	<title>дю Террайль Понсон. Смерть дикаря</title>
</book>
<book>
	<filename>dyu_terrail_ponson/dyu_terrail_ponson_sokrovishe_gugenotov.fb2.zip</filename>
	<title>дю Террайль Понсон. Сокровище гугенотов</title>
</book>
<book>
	<filename>dyu_terrail_ponson/dyu_terrail_ponson_tainstvennoe_nasledstvo.fb2.zip</filename>
	<title>дю Террайль Понсон. Таинственное наследство</title>
</book>
<book>
	<filename>dyu_terrail_ponson/dyu_terrail_ponson_tainy_parizha_tom_1.fb2.zip</filename>
	<title>дю Террайль Понсон. Тайны Парижа. Том 1</title>
</book>
<book>
	<filename>dyu_terrail_ponson/dyu_terrail_ponson_tainy_parizha_tom_2.fb2.zip</filename>
	<title>дю Террайль Понсон. Тайны Парижа. Том 2</title>
</book>
<book>
	<filename>dyu_terrail_ponson/dyu_terrail_ponson_tulonskii_ostrog.fb2.zip</filename>
	<title>дю Террайль Понсон. Тулонский острог</title>
</book>
<book>
	<filename>dyu_terrail_ponson/dyu_terrail_ponson_varfolomeevskaya_noch.fb2.zip</filename>
	<title>дю Террайль Понсон. Варфоломеевская ночь</title>
</book>
<book>
	<filename>dyu_terrail_ponson/dyu_terrail_ponson_yepilog_mest_vasilisy.fb2.zip</filename>
	<title>дю Террайль Понсон. Эпилог. Месть Василисы</title>
</book>
<book>
	<filename>dyu_terrail_ponson/dyu_terrail_ponson_zaklyataya_gostinica.fb2.zip</filename>
	<title>дю Террайль Понсон. Заклятая гостиница</title>
</book>
<book>
	<filename>dyu_terrail_ponson/dyu_terrail_ponson_zhenshinadyavol.fb2.zip</filename>
	<title>дю Террайль Понсон. Женщина-дьявол</title>
</book>
<book>
	<filename>dyu_terrail_ponson/dyu_terrail_ponson_zhivoi_mertvec.fb2.zip</filename>
	<title>дю Террайль Понсон. Живой мертвец</title>
</book>
<book>
	<filename>dyu_terrail_ponson_per_aleksis/dyu_terrail_ponson_per_aleksis_dom_sumasshedshih.fb2.zip</filename>
	<title>дю Террайль Понсон Пьер Алексис. Дом Сумасшедших</title>
</book>
<book>
	<filename>dyu_terrail_ponson_per_aleksis/dyu_terrail_ponson_per_aleksis_drama_v_indii.fb2.zip</filename>
	<title>дю Террайль Понсон Пьер Алексис. Драма в Индии</title>
</book>
<book>
	<filename>dyu_terrail_ponson_per_aleksis/dyu_terrail_ponson_per_aleksis_dva_brata.fb2.zip</filename>
	<title>дю Террайль Понсон Пьер Алексис. Два брата</title>
</book>
<book>
	<filename>dyu_terrail_ponson_per_aleksis/dyu_terrail_ponson_per_aleksis_greshnica.fb2.zip</filename>
	<title>дю Террайль Понсон Пьер Алексис. Грешница</title>
</book>
<book>
	<filename>dyu_terrail_ponson_per_aleksis/dyu_terrail_ponson_per_aleksis_iskuplenie.fb2.zip</filename>
	<title>дю Террайль Понсон Пьер Алексис. Искупление</title>
</book>
<book>
	<filename>dyu_terrail_ponson_per_aleksis/dyu_terrail_ponson_per_aleksis_ispanka.fb2.zip</filename>
	<title>дю Террайль Понсон Пьер Алексис. Испанка</title>
</book>
<book>
	<filename>dyu_terrail_ponson_per_aleksis/dyu_terrail_ponson_per_aleksis_kapitan_mak.fb2.zip</filename>
	<title>дю Террайль Понсон Пьер Алексис. Капитан Мак</title>
</book>
<book>
	<filename>dyu_terrail_ponson_per_aleksis/dyu_terrail_ponson_per_aleksis_klub_chervonnyh_valetov.fb2.zip</filename>
	<title>дю Террайль Понсон Пьер Алексис. Клуб червонных валетов</title>
</book>
<book>
	<filename>dyu_terrail_ponson_per_aleksis/dyu_terrail_ponson_per_aleksis_klub_veselyh_kutil.fb2.zip</filename>
	<title>дю Террайль Понсон Пьер Алексис. Клуб веселых кутил</title>
</book>
<book>
	<filename>dyu_terrail_ponson_per_aleksis/dyu_terrail_ponson_per_aleksis_koroleva_barrikad.fb2.zip</filename>
	<title>дю Террайль Понсон Пьер Алексис. Королева баррикад</title>
</book>
<book>
	<filename>dyu_terrail_ponson_per_aleksis/dyu_terrail_ponson_per_aleksis_korolserdceed.fb2.zip</filename>
	<title>дю Террайль Понсон Пьер Алексис. Король-сердцеед</title>
</book>
<book>
	<filename>dyu_terrail_ponson_per_aleksis/dyu_terrail_ponson_per_aleksis_krasotkaevreika.fb2.zip</filename>
	<title>дю Террайль Понсон Пьер Алексис. Красотка-еврейка</title>
</book>
<book>
	<filename>dyu_terrail_ponson_per_aleksis/dyu_terrail_ponson_per_aleksis_lyubovnye_pohozhdeniya_limuzena.fb2.zip</filename>
	<title>дю Террайль Понсон Пьер Алексис. Любовные похождения Лимузена</title>
</book>
<book>
	<filename>dyu_terrail_ponson_per_aleksis/dyu_terrail_ponson_per_aleksis_mshenie_bakkara.fb2.zip</filename>
	<title>дю Террайль Понсон Пьер Алексис. Мщение Баккара</title>
</book>
<book>
	<filename>dyu_terrail_ponson_per_aleksis/dyu_terrail_ponson_per_aleksis_nyugetskie_podzemelya.fb2.zip</filename>
	<title>дю Террайль Понсон Пьер Алексис. Ньюгетские подземелья</title>
</book>
<book>
	<filename>dyu_terrail_ponson_per_aleksis/dyu_terrail_ponson_per_aleksis_opustoshiteli.fb2.zip</filename>
	<title>дю Террайль Понсон Пьер Алексис. Опустошители</title>
</book>
<book>
	<filename>dyu_terrail_ponson_per_aleksis/dyu_terrail_ponson_per_aleksis_podzemele.fb2.zip</filename>
	<title>дю Террайль Понсон Пьер Алексис. Подземелье</title>
</book>
<book>
	<filename>dyu_terrail_ponson_per_aleksis/dyu_terrail_ponson_per_aleksis_pohozhdeniya_chervonnogo_valeta.fb2.zip</filename>
	<title>дю Террайль Понсон Пьер Алексис. Похождения червонного валета</title>
</book>
<book>
	<filename>dyu_terrail_ponson_per_aleksis/dyu_terrail_ponson_per_aleksis_pohozhdeniya_valeta_tref.fb2.zip</filename>
	<title>дю Террайль Понсон Пьер Алексис. Похождения валета треф</title>
</book>
<book>
	<filename>dyu_terrail_ponson_per_aleksis/dyu_terrail_ponson_per_aleksis_poiski_krasavicy_nansi.fb2.zip</filename>
	<title>дю Террайль Понсон Пьер Алексис. Поиски красавицы Нанси</title>
</book>
<book>
	<filename>dyu_terrail_ponson_per_aleksis/dyu_terrail_ponson_per_aleksis_prekrasnaya_sadovnica.fb2.zip</filename>
	<title>дю Террайль Понсон Пьер Алексис. Прекрасная садовница</title>
</book>
<book>
	<filename>dyu_terrail_ponson_per_aleksis/dyu_terrail_ponson_per_aleksis_senlazar.fb2.zip</filename>
	<title>дю Террайль Понсон Пьер Алексис. Сен-Лазар</title>
</book>
<book>
	<filename>dyu_terrail_ponson_per_aleksis/dyu_terrail_ponson_per_aleksis_smert_dikarya.fb2.zip</filename>
	<title>дю Террайль Понсон Пьер Алексис. Смерть дикаря</title>
</book>
<book>
	<filename>dyu_terrail_ponson_per_aleksis/dyu_terrail_ponson_per_aleksis_sokrovishe_gugenotov.fb2.zip</filename>
	<title>дю Террайль Понсон Пьер Алексис. Сокровище гугенотов</title>
</book>
<book>
	<filename>dyu_terrail_ponson_per_aleksis/dyu_terrail_ponson_per_aleksis_tainstvennoe_nasledstvo.fb2.zip</filename>
	<title>дю Террайль Понсон Пьер Алексис. Таинственное наследство</title>
</book>
<book>
	<filename>dyu_terrail_ponson_per_aleksis/dyu_terrail_ponson_per_aleksis_tainy_parizha_tom_1.fb2.zip</filename>
	<title>дю Террайль Понсон Пьер Алексис. Тайны Парижа. Том 1</title>
</book>
<book>
	<filename>dyu_terrail_ponson_per_aleksis/dyu_terrail_ponson_per_aleksis_tainy_parizha_tom_2.fb2.zip</filename>
	<title>дю Террайль Понсон Пьер Алексис. Тайны Парижа. Том 2</title>
</book>
<book>
	<filename>dyu_terrail_ponson_per_aleksis/dyu_terrail_ponson_per_aleksis_tulonskii_ostrog.fb2.zip</filename>
	<title>дю Террайль Понсон Пьер Алексис. Тулонский острог</title>
</book>
<book>
	<filename>dyu_terrail_ponson_per_aleksis/dyu_terrail_ponson_per_aleksis_varfolomeevskaya_noch.fb2.zip</filename>
	<title>дю Террайль Понсон Пьер Алексис. Варфоломеевская ночь</title>
</book>
<book>
	<filename>dyu_terrail_ponson_per_aleksis/dyu_terrail_ponson_per_aleksis_yepilog_mest_vasilisy.fb2.zip</filename>
	<title>дю Террайль Понсон Пьер Алексис. Эпилог. Месть Василисы</title>
</book>
<book>
	<filename>dyu_terrail_ponson_per_aleksis/dyu_terrail_ponson_per_aleksis_zaklyataya_gostinica.fb2.zip</filename>
	<title>дю Террайль Понсон Пьер Алексис. Заклятая гостиница</title>
</book>
<book>
	<filename>dyu_terrail_ponson_per_aleksis/dyu_terrail_ponson_per_aleksis_zhenshinadyavol.fb2.zip</filename>
	<title>дю Террайль Понсон Пьер Алексис. Женщина-дьявол</title>
</book>
<book>
	<filename>dyu_terrail_ponson_per_aleksis/dyu_terrail_ponson_per_aleksis_zhivoi_mertvec.fb2.zip</filename>
	<title>дю Террайль Понсон Пьер Алексис. Живой мертвец</title>
</book>
<book>
	<filename>dyutertr_benua/dyutertr_benua_buntarka.fb2.zip</filename>
	<title>Дютертр Бенуа. Бунтарка</title>
</book>
<book>
	<filename>dyutertr_benua/dyutertr_benua_klient_vsegda_prav.fb2.zip</filename>
	<title>Дютертр Бенуа. Клиент всегда прав?</title>
</book>
<book>
	<filename>dyuverzhe_kristian/dyuverzhe_kristian_kortes.fb2.zip</filename>
	<title>Дюверже Кристиан. Кортес</title>
</book>
<book>
	<filename>dzerzhinskii_feliks/dzerzhinskii_feliks_dnevnik_zaklyuchennogo_pisma.fb2.zip</filename>
	<title>Дзержинский Феликс Эдмундович. Дневник заключенного. Письма</title>
</book>
<book>
	<filename>dzhafarov_tagi/dzhafarov_tagi_bar_na_limbe.fb2.zip</filename>
	<title>Джафаров Таги. Бар на Лимбе</title>
</book>
<book>
	<filename>dzhafarov_tagi/dzhafarov_tagi_vsadnik.fb2.zip</filename>
	<title>Джафаров Таги. Всадник</title>
</book>
<book>
	<filename>dzhakson_t/dzhakson_t_o_skandinavskih_brakah_yaroslava_mudrogo_i_ego_potomkov.fb2.zip</filename>
	<title>Джаксон Т. Н. О скандинавских браках Ярослава Мудрого и его потомков</title>
</book>
<book>
	<filename>dzhami_abdurrahman/dzhami_abdurrahman_iz_persidskotadzhikskoi_poyezii.fb2.zip</filename>
	<title>Джами Абдуррахман. Из персидско-таджикской поэзии</title>
</book>
<book>
	<filename>dzhamp_shirli/dzhamp_shirli_algoritm_lyubvi.fb2.zip</filename>
	<title>Джамп Ширли. Алгоритм любви</title>
</book>
<book>
	<filename>dzhamp_shirli/dzhamp_shirli_chuvstva_v_zatochenii.fb2.zip</filename>
	<title>Джамп Ширли. Чувства в заточении</title>
</book>
<book>
	<filename>dzhamp_shirli/dzhamp_shirli_glavnyi_priz_lyubov.fb2.zip</filename>
	<title>Джамп Ширли. Главный приз — любовь</title>
</book>
<book>
	<filename>dzhangirov_dmitro/dzhangirov_dmitro_imidzhmeiker_iz_moskvi.fb2.zip</filename>
	<title>Джангіров Дмитро. Іміджмейкер із Москви</title>
</book>
<book>
	<filename>dzhanuyei_airis/dzhanuyei_airis_moi_lyubimyi_negodyai.fb2.zip</filename>
	<title>Джануэй Айрис. Мой любимый «негодяй»</title>
</book>
<book>
	<filename>dzheffris_sabrina/dzheffris_sabrina_lordpirat.fb2.zip</filename>
	<title>Джеффрис Сабрина. Лорд-пират</title>
</book>
<book>
	<filename>dzheffris_sabrina/dzheffris_sabrina_neprilichnaya_lyubov.fb2.zip</filename>
	<title>Джеффрис Сабрина. Неприличная любовь</title>
</book>
<book>
	<filename>dzheffris_sabrina/dzheffris_sabrina_ne_soblaznyai_povesu.fb2.zip</filename>
	<title>Джеффрис Сабрина. Не соблазняй повесу</title>
</book>
<book>
	<filename>dzheffris_sabrina/dzheffris_sabrina_ne_zaklyuchaite_sdelku_s_dyavolom.fb2.zip</filename>
	<title>Джеффрис Сабрина. Не заключайте сделку с дьяволом</title>
</book>
<book>
	<filename>dzheffris_sabrina/dzheffris_sabrina_noch_s_princem.fb2.zip</filename>
	<title>Джеффрис Сабрина. Ночь с принцем</title>
</book>
<book>
	<filename>dzheffris_sabrina/dzheffris_sabrina_opasnyi_lord.fb2.zip</filename>
	<title>Джеффрис Сабрина. Опасный лорд</title>
</book>
<book>
	<filename>dzheffris_sabrina/dzheffris_sabrina_otvergnutyi_zhenih.fb2.zip</filename>
	<title>Джеффрис Сабрина. Отвергнутый жених</title>
</book>
<book>
	<filename>dzheffris_sabrina/dzheffris_sabrina_posle_pohisheniya.fb2.zip</filename>
	<title>Джеффрис Сабрина. После похищения</title>
</book>
<book>
	<filename>dzheffris_sabrina/dzheffris_sabrina_tanec_soblazna.fb2.zip</filename>
	<title>Джеффрис Сабрина. Танец соблазна</title>
</book>
<book>
	<filename>dzheffris_sabrina/dzheffris_sabrina_v_plenu_tvoih_zhelanii.fb2.zip</filename>
	<title>Джеффрис Сабрина. В плену твоих желаний</title>
</book>
<book>
	<filename>dzheffris_sabrina/dzheffris_sabrina_v_posteli_s_princem.fb2.zip</filename>
	<title>Джеффрис Сабрина. В постели с принцем</title>
</book>
<book>
	<filename>dzheffris_sabrina/dzheffris_sabrina_zagadochnyi_vikont.fb2.zip</filename>
	<title>Джеффрис Сабрина. Загадочный виконт</title>
</book>
<book>
	<filename>dzheffris_sabrina/dzheffris_sabrina_zapretnyi_pocelui.fb2.zip</filename>
	<title>Джеффрис Сабрина. Запретный поцелуй</title>
</book>
<book>
	<filename>dzhef_rona/dzhef_rona_zakulisnye_igry.fb2.zip</filename>
	<title>Джеф Рона. Закулисные игры</title>
</book>
<book>
	<filename>dzheikob_meril/dzheikob_meril_venecianskaya_ledi.fb2.zip</filename>
	<title>Джейкоб Мерил. Венецианская леди</title>
</book>
<book>
	<filename>dzheikobs_holli/dzheikobs_holli_osobennaya_semya.fb2.zip</filename>
	<title>Джейкобс Холли. Особенная семья</title>
</book>
<book>
	<filename>dzheikobs_holli/dzheikobs_holli_zimnyaya_skazka.fb2.zip</filename>
	<title>Джейкобс Холли. Зимняя сказка</title>
</book>
<book>
	<filename>dzheikobs_melissa/dzheikobs_melissa_odinnol_v_polzu_zhenshin.fb2.zip</filename>
	<title>Джейкобс Мелисса. Один-ноль в пользу женщин</title>
</book>
<book>
	<filename>dzheikobs_u/dzheikobs_u_lapka_obezyany.fb2.zip</filename>
	<title>Джейкобс У. У. Лапка обезьяны</title>
</book>
<book>
	<filename>dzheiks_braian/dzheiks_braian_belye_lisy.fb2.zip</filename>
	<title>Джейкс Брайан. Белые лисы</title>
</book>
<book>
	<filename>dzheiks_braian/dzheiks_braian_dozornyi_otryad.fb2.zip</filename>
	<title>Джейкс Брайан. Дозорный Отряд</title>
</book>
<book>
	<filename>dzheiks_braian/dzheiks_braian_dvoe_s_letuchego_gollandca.fb2.zip</filename>
	<title>Джейкс Брайан. Двое с «Летучего голландца»</title>
</book>
<book>
	<filename>dzheiks_braian/dzheiks_braian_izgnannik.fb2.zip</filename>
	<title>Джейкс Брайан. Изгнанник</title>
</book>
<book>
	<filename>dzheiks_braian/dzheiks_braian_kolokol_dzhozefa.fb2.zip</filename>
	<title>Джейкс Брайан. Колокол Джозефа</title>
</book>
<book>
	<filename>dzheiks_braian/dzheiks_braian_legenda_o_lyuke.fb2.zip</filename>
	<title>Джейкс Брайан. Легенда о Льюке</title>
</book>
<book>
	<filename>dzheiks_braian/dzheiks_braian_martin_voitel.fb2.zip</filename>
	<title>Джейкс Брайан. Мартин Воитель</title>
</book>
<book>
	<filename>dzheiks_braian/dzheiks_braian_myeriel_iz_ryedvolla.fb2.zip</filename>
	<title>Джейкс Брайан. Мэриел из Рэдволла</title>
</book>
<book>
	<filename>dzheiks_braian/dzheiks_braian_pohod_matiasa.fb2.zip</filename>
	<title>Джейкс Брайан. Поход Матиаса</title>
</book>
<book>
	<filename>dzheiks_braian/dzheiks_braian_poslednyaya_bitva.fb2.zip</filename>
	<title>Джейкс Брайан. Последняя битва</title>
</book>
<book>
	<filename>dzheiks_braian/dzheiks_braian_salamandastron.fb2.zip</filename>
	<title>Джейкс Брайан. Саламандастрон</title>
</book>
<book>
	<filename>dzheiks_braian/dzheiks_braian_talisman_iz_ryedvolla.fb2.zip</filename>
	<title>Джейкс Брайан. Талисман из Рэдволла</title>
</book>
<book>
	<filename>dzheiks_braian/dzheiks_braian_triss_voitelnica.fb2.zip</filename>
	<title>Джейкс Брайан. Трисс Воительница</title>
</book>
<book>
	<filename>dzheiks_braian/dzheiks_braian_voina_s_kotirom.fb2.zip</filename>
	<title>Джейкс Брайан. Война с Котиром</title>
</book>
<book>
	<filename>dzheiks_braian/dzheiks_braian_voin_ryedvolla.fb2.zip</filename>
	<title>Джейкс Брайан. Воин Рэдволла</title>
</book>
<book>
	<filename>dzheiks_braian/dzheiks_braian_vozvrashenie_korablyaprizraka.fb2.zip</filename>
	<title>Джейкс Брайан. Возвращение корабля-призрака</title>
</book>
<book>
	<filename>dzheiks_braian/dzheiks_braian_zhemchug_lutry.fb2.zip</filename>
	<title>Джейкс Брайан. Жемчуг Лутры</title>
</book>
<book>
	<filename>dzheiks_dzhon/dzheiks_dzhon_gibrid.fb2.zip</filename>
	<title>Джейкс Джон. Гибрид</title>
</book>
<book>
	<filename>dzheiks_dzhon/dzheiks_dzhon_planeta_shestizaryadnogo_pistoleta.fb2.zip</filename>
	<title>Джейкс Джон. Планета шестизарядного пистолета</title>
</book>
<book>
	<filename>dzheiks_dzhon/dzheiks_dzhon_tainy_dalekoi_zvezdy.fb2.zip</filename>
	<title>Джейкс Джон. Тайны далекой звезды</title>
</book>
<book>
	<filename>dzheiks_dzhon/dzheiks_dzhon_vrata_vremeni.fb2.zip</filename>
	<title>Джейкс Джон. Врата времени</title>
</book>
<book>
	<filename>dzheiks_dzhon/dzheiks_dzhon_znak_demona.fb2.zip</filename>
	<title>Джейкс Джон. Знак демона</title>
</book>
<book>
	<filename>dzheims_anna/dzheims_anna_schastlivaya_zvezda.fb2.zip</filename>
	<title>Джеймс Анна. Счастливая звезда</title>
</book>
<book>
	<filename>dzheims_arlin/dzheims_arlin_devushka_iz_palassiti.fb2.zip</filename>
	<title>Джеймс Арлин. Девушка из Палас-Сити</title>
</book>
<book>
	<filename>dzheims_arlin/dzheims_arlin_korolevskii_maskarad.fb2.zip</filename>
	<title>Джеймс Арлин. Королевский маскарад</title>
</book>
<book>
	<filename>dzheims_arlin/dzheims_arlin_zolushka_iz_palassiti.fb2.zip</filename>
	<title>Джеймс Арлин. Золушка из Палас-Сити</title>
</book>
<book>
	<filename>dzheims_dina/dzheims_dina_lyubimyi_plut.fb2.zip</filename>
	<title>Джеймс Дина. Любимый плут</title>
</book>
<book>
	<filename>dzheims_dina/dzheims_dina_sceny_lyubvi.fb2.zip</filename>
	<title>Джеймс Дина. Сцены любви</title>
</book>
<book>
	<filename>dzheims_dina/dzheims_dina_sceny_strasti.fb2.zip</filename>
	<title>Джеймс Дина. Сцены страсти</title>
</book>
<book>
	<filename>dzheims_dzhuliya/dzheims_dzhuliya_belokuraya_greshnica.fb2.zip</filename>
	<title>Джеймс Джулия. Белокурая грешница</title>
</book>
<book>
	<filename>dzheims_dzhuliya/dzheims_dzhuliya_idealnaya_lyubovnica.fb2.zip</filename>
	<title>Джеймс Джулия. Идеальная любовница</title>
</book>
<book>
	<filename>dzheims_dzhuliya/dzheims_dzhuliya_izumrudnoe_kole.fb2.zip</filename>
	<title>Джеймс Джулия. Изумрудное колье</title>
</book>
<book>
	<filename>dzheims_dzhuliya/dzheims_dzhuliya_priyut_grez.fb2.zip</filename>
	<title>Джеймс Джулия. Приют грез</title>
</book>
<book>
	<filename>dzheims_dzhuliya/dzheims_dzhuliya_seksrabynya.fb2.zip</filename>
	<title>Джеймс Джулия. Секс-рабыня</title>
</book>
<book>
	<filename>dzheims_dzhuliya/dzheims_dzhuliya_tvoi_derzkii_vzglyad.fb2.zip</filename>
	<title>Джеймс Джулия. Твой дерзкий взгляд</title>
</book>
<book>
	<filename>dzheims_dzhuliya/dzheims_dzhuliya_zhenshina_na_odnu_noch.fb2.zip</filename>
	<title>Джеймс Джулия. Женщина на одну ночь</title>
</book>
<book>
	<filename>dzheims_filis/dzheims_filis_nezhenskoe_delo.fb2.zip</filename>
	<title>Джеймс Филис Дороти. Неженское дело</title>
</book>
<book>
	<filename>dzheims_fillis/dzheims_fillis_chernaya_bashnya.fb2.zip</filename>
	<title>Джеймс Филлис Дороти. Черная башня</title>
</book>
<book>
	<filename>dzheims_fillis/dzheims_fillis_lico_ee_zakroite.fb2.zip</filename>
	<title>Джеймс Филлис Дороти. Лицо ее закройте</title>
</book>
<book>
	<filename>dzheims_fillis/dzheims_fillis_neestestvennye_prichiny.fb2.zip</filename>
	<title>Джеймс Филлис Дороти. Неестественные причины</title>
</book>
<book>
	<filename>dzheims_fillis/dzheims_fillis_nezhenskoe_delo.fb2.zip</filename>
	<title>Джеймс Филлис Дороти. Неженское дело</title>
</book>
<book>
	<filename>dzheims_fillis/dzheims_fillis_savan_dlya_solovya.fb2.zip</filename>
	<title>Джеймс Филлис Дороти. Саван для соловья</title>
</book>
<book>
	<filename>dzheims_fillis/dzheims_fillis_smert_yekspertasvidetelya.fb2.zip</filename>
	<title>Джеймс Филлис Дороти. Смерть эксперта-свидетеля</title>
</book>
<book>
	<filename>dzheims_genri/dzheims_genri_povorot_vinta.fb2.zip</filename>
	<title>Джеймс Генри. Поворот винта</title>
</book>
<book>
	<filename>dzheims_genri/dzheims_genri_veselyi_ugolok.fb2.zip</filename>
	<title>Джеймс Генри. Веселый уголок</title>
</book>
<book>
	<filename>dzheims_genri/dzheims_genri_v_kletke.fb2.zip</filename>
	<title>Джеймс Генри. В клетке</title>
</book>
<book>
	<filename>dzheims_genri/dzheims_genri_zhenskii_portret.fb2.zip</filename>
	<title>Джеймс Генри. Женский портрет</title>
</book>
<book>
	<filename>dzheims_genri/dzheims_genri_zver_v_chashe.fb2.zip</filename>
	<title>Джеймс Генри. Зверь в чаще</title>
</book>
<book>
	<filename>dzheims_lui/dzheims_lui_yeti_strannye_avstriicy.fb2.zip</filename>
	<title>Джеймс Луи. Эти странные австрийцы</title>
</book>
<book>
	<filename>dzheims_lyeina/dzheims_lyeina_hranitel_mecha.fb2.zip</filename>
	<title>Джеймс Лэйна Дин. Хранитель меча</title>
</book>
<book>
	<filename>dzheims_lyeina/dzheims_lyeina_kniga_kamnei.fb2.zip</filename>
	<title>Джеймс Лэйна Дин. Книга камней</title>
</book>
<book>
	<filename>dzheims_lyeina/dzheims_lyeina_koldovskoi_kamen.fb2.zip</filename>
	<title>Джеймс Лэйна Дин. Колдовской камень</title>
</book>
<book>
	<filename>dzheimson_bronuin/dzheimson_bronuin_buhta_neznakomca.fb2.zip</filename>
	<title>Джеймсон Бронуин. Бухта незнакомца</title>
</book>
<book>
	<filename>dzheimson_bronuin/dzheimson_bronuin_kapriz_docheri_bossa.fb2.zip</filename>
	<title>Джеймсон Бронуин. Каприз дочери босса</title>
</book>
<book>
	<filename>dzheimson_bronuin/dzheimson_bronuin_nasledstvo_s_usloviem.fb2.zip</filename>
	<title>Джеймсон Бронуин. Наследство с условием</title>
</book>
<book>
	<filename>dzheimson_bronuin/dzheimson_bronuin_uroki_golfa_i_lyubvi.fb2.zip</filename>
	<title>Джеймсон Бронуин. Уроки гольфа и любви</title>
</book>
<book>
	<filename>dzheims_piter/dzheims_piter_ubiistvenno_prosto.fb2.zip</filename>
	<title>Джеймс Питер. Убийственно просто</title>
</book>
<book>
	<filename>dzheims_piter/dzheims_piter_ubiistvenno_zhiv.fb2.zip</filename>
	<title>Джеймс Питер. Убийственно жив</title>
</book>
<book>
	<filename>dzheims_robi/dzheims_robi_silnee_tolko_strast.fb2.zip</filename>
	<title>Джеймс Роби. Сильнее только страсть</title>
</book>
<book>
	<filename>dzheims_samanta/dzheims_samanta_ego_greshnye_puti.fb2.zip</filename>
	<title>Джеймс Саманта. Его грешные пути</title>
</book>
<book>
	<filename>dzheims_samanta/dzheims_samanta_idealnyi_geroi.fb2.zip</filename>
	<title>Джеймс Саманта. Идеальный герой</title>
</book>
<book>
	<filename>dzheims_samanta/dzheims_samanta_idealnyi_vybor.fb2.zip</filename>
	<title>Джеймс Саманта. Идеальный выбор</title>
</book>
<book>
	<filename>dzheims_samanta/dzheims_samanta_idealnyi_zhenih.fb2.zip</filename>
	<title>Джеймс Саманта. Идеальный жених</title>
</book>
<book>
	<filename>dzheims_samanta/dzheims_samanta_ispolnenie_zhelanii.fb2.zip</filename>
	<title>Джеймс Саманта. Исполнение желаний</title>
</book>
<book>
	<filename>dzheims_samanta/dzheims_samanta_izbrannica.fb2.zip</filename>
	<title>Джеймс Саманта. Избранница</title>
</book>
<book>
	<filename>dzheims_samanta/dzheims_samanta_lyubov_pod_lunoi.fb2.zip</filename>
	<title>Джеймс Саманта. Любовь под луной</title>
</book>
<book>
	<filename>dzheims_samanta/dzheims_samanta_nepokornoe_serdce.fb2.zip</filename>
	<title>Джеймс Саманта. Непокорное сердце</title>
</book>
<book>
	<filename>dzheims_samanta/dzheims_samanta_prorochestvo_lyubvi.fb2.zip</filename>
	<title>Джеймс Саманта. Пророчество любви</title>
</book>
<book>
	<filename>dzheims_samanta/dzheims_samanta_skandalnaya_nevesta.fb2.zip</filename>
	<title>Джеймс Саманта. Скандальная невеста</title>
</book>
<book>
	<filename>dzheims_samanta/dzheims_samanta_spasennyi_lyubovyu.fb2.zip</filename>
	<title>Джеймс Саманта. Спасенный любовью</title>
</book>
<book>
	<filename>dzheims_samanta/dzheims_samanta_torzhestvo_lyubvi.fb2.zip</filename>
	<title>Джеймс Саманта. Торжество любви</title>
</book>
<book>
	<filename>dzheims_samanta/dzheims_samanta_tot_pervyi_pocelui.fb2.zip</filename>
	<title>Джеймс Саманта. Тот первый поцелуй</title>
</book>
<book>
	<filename>dzheims_samanta/dzheims_samanta_vernoe_serdce.fb2.zip</filename>
	<title>Джеймс Саманта. Верное сердце</title>
</book>

</books>

