<?xml version="1.0" encoding="UTF-8" ?>
<books>


<book>
	<filename>efiminyuk_marina/efiminyuk_marina_bereginya_iansy.fb2.zip</filename>
	<title> Ефиминюк Марина Владимировна. Берегиня Иансы</title>
</book>
<book>
	<filename>efiminyuk_marina/efiminyuk_marina_pravila_zhestokih_igr.fb2.zip</filename>
	<title> Ефиминюк Марина Владимировна. Правила жестоких игр</title>
</book>
<book>
	<filename>efiminyuk_marina/efiminyuk_marina_tainy_istinnogo_mira.fb2.zip</filename>
	<title> Ефиминюк Марина Владимировна. Тайны Истинного мира</title>
</book>
<book>
	<filename>efiminyuk_marina/efiminyuk_marina_uskolzayushii_mir.fb2.zip</filename>
	<title> Ефиминюк Марина Владимировна. Ускользающий мир</title>
</book>
<book>
	<filename>efimova_svetlana/efimova_svetlana_shpargalka_po_teorii_organizacii.fb2.zip</filename>
	<title> Ефимова Светлана Александровна. Шпаргалка по теории организации</title>
</book>
<book>
	<filename>efremov_andrei/efremov_andrei_iskusstvo_uvodit_chuzhih_zhen.fb2.zip</filename>
	<title> Ефремов Андрей Петрович. Искусство уводить чужих жен</title>
</book>
<book>
	<filename>efremov_andrei/efremov_andrei_iskusstvo_uvodit_chuzhih_zhen_sbornik.fb2.zip</filename>
	<title> Ефремов Андрей Петрович. Искусство уводить чужих жен (сборник)</title>
</book>
<book>
	<filename>efremov_andrei/efremov_andrei_istoriya_o_treh_pistoletah.fb2.zip</filename>
	<title> Ефремов Андрей Петрович. История о трех пистолетах</title>
</book>
<book>
	<filename>efremov_andrei/efremov_andrei_lyubov_i_doblest_iohima_tishbeina.fb2.zip</filename>
	<title> Ефремов Андрей Петрович. Любовь и доблесть Иохима Тишбейна</title>
</book>
<book>
	<filename>efremov_andrei/efremov_andrei_neumolimaya_zhizn_barabanova.fb2.zip</filename>
	<title> Ефремов Андрей Петрович. Неумолимая жизнь Барабанова</title>
</book>
<book>
	<filename>efremov_ivan/efremov_ivan_ozero_gornyh_duhov.fb2.zip</filename>
	<title> Ефремов Иван Антонович. Озеро горных духов</title>
</book>
<book>
	<filename>efremov_ivan/efremov_ivan_puteshestvie_baurdzheda.fb2.zip</filename>
	<title> Ефремов Иван Антонович. Путешествие Баурджеда</title>
</book>
<book>
	<filename>efremov_ivan/efremov_ivan_serdce_zmei_sbornik.fb2.zip</filename>
	<title> Ефремов Иван Антонович. Сердце змеи (сборник)</title>
</book>
<book>
	<filename>egorenkov_aleksei/egorenkov_aleksei_vsem_plevat_na_yelektro.fb2.zip</filename>
	<title> Егоренков Алексей. Всем плевать на электро</title>
</book>
<book>
	<filename>egorova_elena/egorova_elena_kommercheskaya_deyatelnost.fb2.zip</filename>
	<title> Егорова Елена Николаевна. Коммерческая деятельность</title>
</book>
<book>
	<filename>egorova_elena/egorova_elena_kommercheskaya_deyatelnost_konspekt_lekcii.fb2.zip</filename>
	<title> Егорова Елена Николаевна. Коммерческая деятельность: конспект лекций</title>
</book>
<book>
	<filename>egorova_natalya/egorova_natalya_pervyi_yo.fb2.zip</filename>
	<title> Егорова Наталья. Первый «Ё»</title>
</book>
<book>
	<filename>egorov_andrei/egorov_andrei_adskii_burilshik.fb2.zip</filename>
	<title> Егоров Андрей Игоревич. Адский бурильщик</title>
</book>
<book>
	<filename>egorov_andrei/egorov_andrei_anomaliya.fb2.zip</filename>
	<title> Егоров Андрей Игоревич. Аномалия</title>
</book>
<book>
	<filename>egorov_andrei/egorov_andrei_bolshoi_vzryv.fb2.zip</filename>
	<title> Егоров Андрей Игоревич. Большой взрыв</title>
</book>
<book>
	<filename>egorov_andrei/egorov_andrei_bunt_pri_betelgeize.fb2.zip</filename>
	<title> Егоров Андрей Игоревич. Бунт при Бетельгейзе</title>
</book>
<book>
	<filename>egorov_andrei/egorov_andrei_chto_za_chert.fb2.zip</filename>
	<title> Егоров Андрей Игоревич. Что за черт</title>
</book>
<book>
	<filename>egorov_andrei/egorov_andrei_departament_pereseleniya.fb2.zip</filename>
	<title> Егоров Андрей Игоревич. Департамент переселения</title>
</book>
<book>
	<filename>egorov_andrei/egorov_andrei_dikson.fb2.zip</filename>
	<title> Егоров Андрей Игоревич. Диксон</title>
</book>
<book>
	<filename>egorov_andrei/egorov_andrei_dyuzhina_mezhgalakticheskih_merzavcev.fb2.zip</filename>
	<title> Егоров Андрей Игоревич. Дюжина межгалактических мерзавцев</title>
</book>
<book>
	<filename>egorov_andrei/egorov_andrei_hirurg.fb2.zip</filename>
	<title> Егоров Андрей Игоревич. Хирург</title>
</book>
<book>
	<filename>egorov_andrei/egorov_andrei_klaster.fb2.zip</filename>
	<title> Егоров Андрей Игоревич. Кластер</title>
</book>
<book>
	<filename>egorov_andrei/egorov_andrei_kniga_temnoi_vody.fb2.zip</filename>
	<title> Егоров Андрей Игоревич. Книга темной воды</title>
</book>
<book>
	<filename>egorov_andrei/egorov_andrei_kontakt.fb2.zip</filename>
	<title> Егоров Андрей Игоревич. Контакт</title>
</book>
<book>
	<filename>egorov_andrei/egorov_andrei_kosmicheskii_kapkan.fb2.zip</filename>
	<title> Егоров Андрей Игоревич. Космический капкан</title>
</book>
<book>
	<filename>egorov_andrei/egorov_andrei_krylya.fb2.zip</filename>
	<title> Егоров Андрей Игоревич. Крылья</title>
</book>
<book>
	<filename>egorov_andrei/egorov_andrei_legkost_bytiya.fb2.zip</filename>
	<title> Егоров Андрей Игоревич. Легкость бытия</title>
</book>
<book>
	<filename>egorov_andrei/egorov_andrei_mertvye.fb2.zip</filename>
	<title> Егоров Андрей Игоревич. Мертвые</title>
</book>
<book>
	<filename>egorov_andrei/egorov_andrei_mezhplanetnaya_banda.fb2.zip</filename>
	<title> Егоров Андрей Игоревич. Межпланетная банда</title>
</book>
<book>
	<filename>egorov_andrei/egorov_andrei_moi_personalnyi_kloun.fb2.zip</filename>
	<title> Егоров Андрей Игоревич. Мой персональный клоун</title>
</book>
<book>
	<filename>egorov_andrei/egorov_andrei_ohotnik.fb2.zip</filename>
	<title> Егоров Андрей Игоревич. Охотник</title>
</book>
<book>
	<filename>egorov_andrei/egorov_andrei_otpoved_sociopata.fb2.zip</filename>
	<title> Егоров Андрей Игоревич. Отповедь социопата</title>
</book>
<book>
	<filename>egorov_andrei/egorov_andrei_perevod.fb2.zip</filename>
	<title> Егоров Андрей Игоревич. Перевод</title>
</book>
<book>
	<filename>egorov_andrei/egorov_andrei_portal.fb2.zip</filename>
	<title> Егоров Андрей Игоревич. Портал</title>
</book>
<book>
	<filename>egorov_andrei/egorov_andrei_poteryannyi_rai.fb2.zip</filename>
	<title> Егоров Андрей Игоревич. Потерянный рай</title>
</book>
<book>
	<filename>egorov_andrei/egorov_andrei_ruchnoe_upravlenie.fb2.zip</filename>
	<title> Егоров Андрей Игоревич. Ручное управление</title>
</book>
<book>
	<filename>egorov_andrei/egorov_andrei_samyi_strashnyi_zver.fb2.zip</filename>
	<title> Егоров Андрей Игоревич. Самый страшный зверь</title>
</book>
<book>
	<filename>egorov_andrei/egorov_andrei_spasaya_chelovechestvo.fb2.zip</filename>
	<title> Егоров Андрей Игоревич. Спасая человечество</title>
</book>
<book>
	<filename>egorov_andrei/egorov_andrei_spasibo_kosmos.fb2.zip</filename>
	<title> Егоров Андрей Игоревич. Спасибо, космос!</title>
</book>
<book>
	<filename>egorov_andrei/egorov_andrei_troica.fb2.zip</filename>
	<title> Егоров Андрей Игоревич. Троица</title>
</book>
<book>
	<filename>egorov_andrei/egorov_andrei_ubit_rodnogo_dedushku.fb2.zip</filename>
	<title> Егоров Андрей Игоревич. Убить родного дедушку</title>
</book>
<book>
	<filename>egorov_andrei/egorov_andrei_vasilii_gnilov_i_ego_demony.fb2.zip</filename>
	<title> Егоров Андрей Игоревич. Василий Гнилов и его демоны</title>
</book>
<book>
	<filename>egorov_andrei/egorov_andrei_vechnyi_ment_ili_svetoch_spravedlivosti.fb2.zip</filename>
	<title> Егоров Андрей Игоревич. Вечный мент, или Светоч справедливости</title>
</book>
<book>
	<filename>egorov_andrei/egorov_andrei_vedma.fb2.zip</filename>
	<title> Егоров Андрей Игоревич. Ведьма</title>
</book>
<book>
	<filename>egorov_andrei/egorov_andrei_virus_ochisheniya.fb2.zip</filename>
	<title> Егоров Андрей Игоревич. Вирус очищения</title>
</book>
<book>
	<filename>egorov_andrei/egorov_andrei_vladik.fb2.zip</filename>
	<title> Егоров Андрей Игоревич. Владик</title>
</book>
<book>
	<filename>egorov_andrei/egorov_andrei_yacheika.fb2.zip</filename>
	<title> Егоров Андрей Игоревич. Ячейка</title>
</book>
<book>
	<filename>egorov_andrei/egorov_andrei_yerafiya.fb2.zip</filename>
	<title> Егоров Андрей Игоревич. Эрафия</title>
</book>
<book>
	<filename>egorov_andrei/egorov_andrei_zapovednik.fb2.zip</filename>
	<title> Егоров Андрей Игоревич. Заповедник</title>
</book>
<book>
	<filename>egorov_andrei/egorov_andrei_zapovednik_rasskaz.fb2.zip</filename>
	<title> Егоров Андрей Игоревич. Заповедник (рассказ)</title>
</book>
<book>
	<filename>egorov_andrei/egorov_andrei_zasluzhennoe_bessmertie.fb2.zip</filename>
	<title> Егоров Андрей Игоревич. Заслуженное бессмертие</title>
</book>
<book>
	<filename>egorova_olga/egorova_olga_lekarstvo_ot_lyubvi_lyubov.fb2.zip</filename>
	<title> Егорова Ольга. Лекарство от любви – любовь</title>
</book>
<book>
	<filename>egorova_olga/egorova_olga_lozh_vo_spasenie.fb2.zip</filename>
	<title> Егорова Ольга. Ложь во спасение</title>
</book>
<book>
	<filename>egorova_olga/egorova_olga_sindrom_dezdemony.fb2.zip</filename>
	<title> Егорова Ольга. Синдром Дездемоны</title>
</book>
<book>
	<filename>egorova_olga/egorova_olga_volchya_yagoda.fb2.zip</filename>
	<title> Егорова Ольга. Волчья ягода</title>
</book>
<book>
	<filename>egorov_oleg/egorov_oleg_devyatyi_chin.fb2.zip</filename>
	<title> Егоров Олег Александрович. Девятый чин</title>
</book>
<book>
	<filename>eliseeva_ekaterina/eliseeva_ekaterina_novye_tainy_neraspoznannyh_diagnozov_kniga_1.fb2.zip</filename>
	<title> Елисеева Екатерина. Новые тайны нераспознанных диагнозов. Книга 1</title>
</book>
<book>
	<filename>eliseeva_ekaterina/eliseeva_ekaterina_novye_tainy_neraspoznannyh_diagnozov_kniga_2.fb2.zip</filename>
	<title> Елисеева Екатерина. Новые тайны нераспознанных диагнозов. Книга 2</title>
</book>
<book>
	<filename>eliseeva_ekaterina/eliseeva_ekaterina_novye_tainy_neraspoznannyh_diagnozov_kniga_3.fb2.zip</filename>
	<title> Елисеева Екатерина. Новые тайны нераспознанных диагнозов. Книга 3</title>
</book>
<book>
	<filename>eliseeva_elena/eliseeva_elena_istoriya_yekonomicheskih_uchenii_konspkt_lekcii.fb2.zip</filename>
	<title> Елисеева Елена Леонидовна. История экономических учений: конспкт лекций</title>
</book>
<book>
	<filename>eliseev_aleksandr/eliseev_aleksandr_holecistit_chto_delat.fb2.zip</filename>
	<title> Елисеев Александр Геннадьевич. Холецистит. Что делать?</title>
</book>
<book>
	<filename>eliseev_aleksandr/eliseev_aleksandr_hronicheskii_gastrit_chto_delat.fb2.zip</filename>
	<title> Елисеев Александр Геннадьевич. Хронический гастрит. Что делать?</title>
</book>
<book>
	<filename>eliseev_aleksandr/eliseev_aleksandr_pankreatit_chto_delat.fb2.zip</filename>
	<title> Елисеев Александр Геннадьевич. Панкреатит. Что делать?</title>
</book>
<book>
	<filename>eliseev_aleksandr/eliseev_aleksandr_yazvennaya_bolezn_chto_delat.fb2.zip</filename>
	<title> Елисеев Александр Геннадьевич. Язвенная болезнь. Что делать?</title>
</book>
<book>
	<filename>eliseev_aleksandr/eliseev_aleksandr_zapory_chto_delat.fb2.zip</filename>
	<title> Елисеев Александр Геннадьевич. Запоры. Что делать?</title>
</book>
<book>
	<filename>eliseeva_olga/eliseeva_olga_novye_tainy_neraspoznannyh_diagnozov_kniga_1.fb2.zip</filename>
	<title> Елисеева Ольга. Новые тайны нераспознанных диагнозов. Книга 1</title>
</book>
<book>
	<filename>eliseev_yurii/eliseev_yurii_obshaya_gigiena.fb2.zip</filename>
	<title> Елисеев Юрий Юрьевич. Общая гигиена</title>
</book>
<book>
	<filename>elistratova_lola/elistratova_lola_bog_ishet_tebya.fb2.zip</filename>
	<title> Елистратова Лола Александровна. Бог ищет тебя</title>
</book>
<book>
	<filename>elistratova_lola/elistratova_lola_fiziologicheskaya_fantaziya_bog_ishet_tebya.fb2.zip</filename>
	<title> Елистратова Лола Александровна. Физиологическая фантазия. Бог ищет тебя</title>
</book>
<book>
	<filename>elistratova_lola/elistratova_lola_fiziologicheskaya_fantaziya.fb2.zip</filename>
	<title> Елистратова Лола Александровна. Физиологическая фантазия</title>
</book>
<book>
	<filename>elizarov_mihail/elizarov_mihail_bibliotekar.fb2.zip</filename>
	<title> Елизаров Михаил. Библиотекарь</title>
</book>
<book>
	<filename>elkina_marina/elkina_marina_zadachi_iz_uchebnika.fb2.zip</filename>
	<title> Елькина Марина Валерьевна. Задачи из учебника</title>
</book>
<book>
	<filename>elmanov_valerii/elmanov_valerii_alatyrkamen.fb2.zip</filename>
	<title> Елманов Валерий. Алатырь-камень</title>
</book>
<book>
	<filename>elmanov_valerii/elmanov_valerii_krasnye_kurgany.fb2.zip</filename>
	<title> Елманов Валерий. Красные курганы</title>
</book>
<book>
	<filename>elmanov_valerii/elmanov_valerii_ot_grozy_k_bure.fb2.zip</filename>
	<title> Елманов Валерий. От грозы к буре</title>
</book>
<book>
	<filename>elmanov_valerii/elmanov_valerii_poslednii_ryurikovich.fb2.zip</filename>
	<title> Елманов Валерий. Последний Рюрикович</title>
</book>
<book>
	<filename>elmanov_valerii/elmanov_valerii_sokol_protiv_krecheta.fb2.zip</filename>
	<title> Елманов Валерий. Сокол против кречета</title>
</book>
<book>
	<filename>elmanov_valerii/elmanov_valerii_znak_nebes.fb2.zip</filename>
	<title> Елманов Валерий. Знак небес</title>
</book>
<book>
	<filename>elochkina_marina/elochkina_marina_lunnyi_kalendar_ogorodnika_cvetovoda_originalnye_idei.fb2.zip</filename>
	<title> Елочкина Марина Вячеславовна. Лунный календарь огородника, цветовода. Оригинальные идеи</title>
</book>
<book>
	<filename>elovenko_vadim/elovenko_vadim_iver.fb2.zip</filename>
	<title> Еловенко Вадим. Иверь</title>
</book>
<book>
	<filename>emec_dmitrii/emec_dmitrii_chernayachernaya_prostynya.fb2.zip</filename>
	<title> Емец Дмитрий. Черная-черная простыня</title>
</book>
<book>
	<filename>emec_dmitrii/emec_dmitrii_chernayachernaya_prostynya_sbornik.fb2.zip</filename>
	<title> Емец Дмитрий. Черная-черная простыня (Сборник)</title>
</book>
<book>
	<filename>emec_dmitrii/emec_dmitrii_galakticheskii_zverinec.fb2.zip</filename>
	<title> Емец Дмитрий. Галактический зверинец</title>
</book>
<book>
	<filename>emec_dmitrii/emec_dmitrii_gorod_dinozavrov.fb2.zip</filename>
	<title> Емец Дмитрий. Город динозавров</title>
</book>
<book>
	<filename>emec_dmitrii/emec_dmitrii_gost_iz_sklepa.fb2.zip</filename>
	<title> Емец Дмитрий. Гость из склепа</title>
</book>
<book>
	<filename>emec_dmitrii/emec_dmitrii_inoplanetyanin_iz_butylki.fb2.zip</filename>
	<title> Емец Дмитрий. Инопланетянин из бутылки</title>
</book>
<book>
	<filename>emec_dmitrii/emec_dmitrii_karta_haosa.fb2.zip</filename>
	<title> Емец Дмитрий. Карта Хаоса</title>
</book>
<book>
	<filename>emec_dmitrii/emec_dmitrii_kolesnica_prizrakov.fb2.zip</filename>
	<title> Емец Дмитрий. Колесница призраков</title>
</book>
<book>
	<filename>emec_dmitrii/emec_dmitrii_kompyuter_zvezdnoi_imperii.fb2.zip</filename>
	<title> Емец Дмитрий. Компьютер звездной империи</title>
</book>
<book>
	<filename>emec_dmitrii/emec_dmitrii_koroleva_mutantikov.fb2.zip</filename>
	<title> Емец Дмитрий. Королева мутантиков</title>
</book>
<book>
	<filename>emec_dmitrii/emec_dmitrii_lestnica_v_yedem.fb2.zip</filename>
	<title> Емец Дмитрий. Лестница в Эдем</title>
</book>
<book>
	<filename>emec_dmitrii/emec_dmitrii_malchikvamp.fb2.zip</filename>
	<title> Емец Дмитрий. Мальчик-вамп</title>
</book>
<book>
	<filename>emec_dmitrii/emec_dmitrii_mest_kompyutera.fb2.zip</filename>
	<title> Емец Дмитрий. Месть компьютера</title>
</book>
<book>
	<filename>emec_dmitrii/emec_dmitrii_mest_mertvogo_imperatora.fb2.zip</filename>
	<title> Емец Дмитрий. Месть мертвого Императора</title>
</book>
<book>
	<filename>emec_dmitrii/emec_dmitrii_mutantiki.fb2.zip</filename>
	<title> Емец Дмитрий. Мутантики</title>
</book>
<book>
	<filename>emec_dmitrii/emec_dmitrii_nlo_pribyvaet_po_raspisaniyu.fb2.zip</filename>
	<title> Емец Дмитрий. НЛО прибывает по расписанию</title>
</book>
<book>
	<filename>emec_dmitrii/emec_dmitrii_pervyi_yeidos.fb2.zip</filename>
	<title> Емец Дмитрий. Первый эйдос</title>
</book>
<book>
	<filename>emec_dmitrii/emec_dmitrii_plenniki_lazernogo_diska.fb2.zip</filename>
	<title> Емец Дмитрий. Пленники лазерного диска</title>
</book>
<book>
	<filename>emec_dmitrii/emec_dmitrii_podarok_iz_kosmosa.fb2.zip</filename>
	<title> Емец Дмитрий. Подарок из космоса</title>
</book>
<book>
	<filename>emec_dmitrii/emec_dmitrii_prishelcy_iz_holodilnika.fb2.zip</filename>
	<title> Емец Дмитрий. Пришельцы из холодильника</title>
</book>
<book>
	<filename>emec_dmitrii/emec_dmitrii_robotsyshik.fb2.zip</filename>
	<title> Емец Дмитрий. Робот-сыщик</title>
</book>
<book>
	<filename>emec_dmitrii/emec_dmitrii_s_novym_godom_snegovik.fb2.zip</filename>
	<title> Емец Дмитрий. С Новым годом, снеговик!</title>
</book>
<book>
	<filename>emec_dmitrii/emec_dmitrii_sokrovisha_mutantikov.fb2.zip</filename>
	<title> Емец Дмитрий. Сокровища мутантиков</title>
</book>
<book>
	<filename>emec_dmitrii/emec_dmitrii_svetlye_krylya_dlya_temnogo_strazha.fb2.zip</filename>
	<title> Емец Дмитрий. Светлые крылья для темного стража</title>
</book>
<book>
	<filename>emec_dmitrii/emec_dmitrii_tanya_grotter_i_boltlivyi_sfinks.fb2.zip</filename>
	<title> Емец Дмитрий. Таня Гроттер и Болтливый сфинкс</title>
</book>
<book>
	<filename>emec_dmitrii/emec_dmitrii_tanya_grotter_i_molot_peruna.fb2.zip</filename>
	<title> Емец Дмитрий. Таня Гроттер и молот Перуна</title>
</book>
<book>
	<filename>emec_dmitrii/emec_dmitrii_tanya_grotter_i_pensne_noya.fb2.zip</filename>
	<title> Емец Дмитрий. Таня Гроттер и пенсне Ноя</title>
</book>
<book>
	<filename>emec_dmitrii/emec_dmitrii_tanya_grotter_i_polnyi_tibidohs_frazochki_citatki_i_aforizmy.fb2.zip</filename>
	<title> Емец Дмитрий. Таня Гроттер и полный Тибидохс! Фразочки, цитатки и афоризмы</title>
</book>
<book>
	<filename>emec_dmitrii/emec_dmitrii_tanya_grotter_i_posoh_volhvov.fb2.zip</filename>
	<title> Емец Дмитрий. Таня Гроттер и посох Волхвов</title>
</book>
<book>
	<filename>emec_dmitrii/emec_dmitrii_tanya_grotter_i_proklyatie_nekromaga.fb2.zip</filename>
	<title> Емец Дмитрий. Таня Гроттер и проклятие некромага</title>
</book>
<book>
	<filename>emec_dmitrii/emec_dmitrii_tanya_grotter_i_tron_drevnira.fb2.zip</filename>
	<title> Емец Дмитрий. Таня Гроттер и трон Древнира</title>
</book>
<book>
	<filename>emec_dmitrii/emec_dmitrii_yagge_i_magiya_vudu.fb2.zip</filename>
	<title> Емец Дмитрий. Ягге и магия вуду</title>
</book>
<book>
	<filename>emec_dmitrii/emec_dmitrii_yunyi_graf_drakula.fb2.zip</filename>
	<title> Емец Дмитрий. Юный граф Дракула</title>
</book>
<book>
	<filename>emec_dmitrii/emec_dmitrii_zamurovannaya_mumiya.fb2.zip</filename>
	<title> Емец Дмитрий. Замурованная мумия</title>
</book>
<book>
	<filename>emec_dmitrii/emec_dmitrii_zastupniki_zemli_russkoi.fb2.zip</filename>
	<title> Емец Дмитрий. Заступники земли русской</title>
</book>
<book>
	<filename>emelyanov_boris/emelyanov_boris_yekskursovedenie_uchebnik.fb2.zip</filename>
	<title> Емельянов Борис Васильевич. Экскурсоведение. Учебник</title>
</book>
<book>
	<filename>enikeeva_dilnara/enikeeva_dilnara_kulturologiya_konspekt_lekcii.fb2.zip</filename>
	<title> Еникеева Дильнара. Культурология: конспект лекций</title>
</book>
<book>
	<filename>epatko_margarita/epatko_margarita_put_groma.fb2.zip</filename>
	<title> Епатко Маргарита. Путь Грома</title>
</book>
<book>
	<filename>epatko_margarita/epatko_margarita_syn_vedmy.fb2.zip</filename>
	<title> Епатко Маргарита. Сын ведьмы</title>
</book>
<book>
	<filename>eremenko_andrei/eremenko_andrei_v_nachale_voiny.fb2.zip</filename>
	<title> Еременко Андрей Иванович. В начале войны</title>
</book>
<book>
	<filename>ermakova_svetlana/ermakova_svetlana_aloye_luchshie_narodnye_recepty_lecheniya_zabolevanii.fb2.zip</filename>
	<title> Ермакова Светлана Олеговна. Алоэ. Лучшие народные рецепты лечения заболеваний</title>
</book>
<book>
	<filename>ermakova_svetlana/ermakova_svetlana_bolshaya_kniga_domashnego_konservirovaniya.fb2.zip</filename>
	<title> Ермакова Светлана Олеговна. Большая книга домашнего консервирования</title>
</book>
<book>
	<filename>ermakova_svetlana/ermakova_svetlana_domashnee_konservirovanie.fb2.zip</filename>
	<title> Ермакова Светлана Олеговна. Домашнее консервирование</title>
</book>
<book>
	<filename>ermakova_svetlana/ermakova_svetlana_iscelyayushie_molitvy_k_pravoslavnym_svyatym.fb2.zip</filename>
	<title> Ермакова Светлана Олеговна. Исцеляющие молитвы к православным святым</title>
</book>
<book>
	<filename>ermakova_svetlana/ermakova_svetlana_kak_ponyat_chto_ty_emu_nravishsya_i_kak_sebya_pri_yetom_vesti_testy_dlya_devochek.fb2.zip</filename>
	<title> Ермакова Светлана Олеговна. Как понять, что ты ему нравишься, и как себя при этом вести. Тесты для девочек</title>
</book>
<book>
	<filename>ermakova_svetlana/ermakova_svetlana_luchshie_sms_shutki_prikoly_tosty_i_pozdravleniya.fb2.zip</filename>
	<title> Ермакова Светлана Олеговна. Лучшие SMS. Шутки, приколы, тосты и поздравления</title>
</book>
<book>
	<filename>ermakova_svetlana/ermakova_svetlana_massazh_golovy_i_ushnyh_rakovin_put_k_zdorovyu_i_dolgoletiyu.fb2.zip</filename>
	<title> Ермакова Светлана Олеговна. Массаж головы и ушных раковин – путь к здоровью и долголетию</title>
</book>
<book>
	<filename>ermakova_svetlana/ermakova_svetlana_mater_bozhiya_spasi_nas.fb2.zip</filename>
	<title> Ермакова Светлана Олеговна. Матерь Божия, спаси нас!</title>
</book>
<book>
	<filename>ermakova_svetlana/ermakova_svetlana_palchikovye_igry_dlya_detei_ot_goda_do_treh_let.fb2.zip</filename>
	<title> Ермакова Светлана Олеговна. Пальчиковые игры для детей от года до трех лет</title>
</book>
<book>
	<filename>ermakova_svetlana/ermakova_svetlana_rassada_na_vashem_uchastke_unikalnye_rossiiskie_tehnologii.fb2.zip</filename>
	<title> Ермакова Светлана Олеговна. Рассада на вашем участке. Уникальные российские технологии</title>
</book>
<book>
	<filename>ermakova_svetlana/ermakova_svetlana_sredneaziatskaya_ovcharka.fb2.zip</filename>
	<title> Ермакова Светлана Евгеньевна. Среднеазиатская овчарка</title>
</book>
<book>
	<filename>ermakova_svetlana/ermakova_svetlana_tadzhmahal_i_sokrovisha_indii.fb2.zip</filename>
	<title> Ермакова Светлана Евгеньевна. Тадж-Махал и сокровища Индии</title>
</book>
<book>
	<filename>ermakova_svetlana/ermakova_svetlana_vkusnye_i_raznoobraznye_kotlety_i_rulety.fb2.zip</filename>
	<title> Ермакова Светлана Олеговна. Вкусные и разнообразные котлеты и рулеты</title>
</book>
<book>
	<filename>ermakova_svetlana/ermakova_svetlana_vypechka_dlya_idealnoi_figury.fb2.zip</filename>
	<title> Ермакова Светлана Олеговна. Выпечка для идеальной фигуры</title>
</book>
<book>
	<filename>ermasova_natalya/ermasova_natalya_finansovyi_menedzhment_konspekt_lekcii.fb2.zip</filename>
	<title> Ермасова Наталья Борисовна. Финансовый менеджмент: конспект лекций</title>
</book>
<book>
	<filename>ermasova_natalya/ermasova_natalya_finansy_konspekt_lekcii.fb2.zip</filename>
	<title> Ермасова Наталья Борисовна. Финансы: конспект лекций</title>
</book>
<book>
	<filename>ermasova_natalya/ermasova_natalya_gosudarstvennye_i_municipalnye_finansy_teoriya_i_praktika_v_rossii_i_v_zarubezhnyh_stranah.fb2.zip</filename>
	<title> Ермасова Наталья Борисовна. Государственные и муниципальные финансы: теория и практика в России и в зарубежных странах</title>
</book>
<book>
	<filename>erofeeva_lyudmila/erofeeva_lyudmila_modnye_tatuirovki_so_vsego_sveta.fb2.zip</filename>
	<title> Ерофеева Людмила Георгиевна. Модные татуировки со всего света</title>
</book>
<book>
	<filename>erofeeva_vera/erofeeva_vera_obshie_osnovy_pedagogiki_konspekt_lekcii.fb2.zip</filename>
	<title> Ерофеева Вера Арсентьевна. Общие основы педагогики: конспект лекций</title>
</book>
<book>
	<filename>erofeev_viktor/erofeev_viktor_muzhchiny_tirany_i_podkabluchniki.fb2.zip</filename>
	<title> Ерофеев Виктор Владимирович. Мужчины: тираны и подкаблучники</title>
</book>
<book>
	<filename>erpylev_andrei/erpylev_andrei_gorod_kamennyh_demonov.fb2.zip</filename>
	<title> Ерпылев Андрей Юрьевич. Город каменных демонов</title>
</book>
<book>
	<filename>erpylev_andrei/erpylev_andrei_kurort_na_krayu_galaktiki.fb2.zip</filename>
	<title> Ерпылев Андрей Юрьевич. Курорт на краю Галактики</title>
</book>
<book>
	<filename>erpylev_andrei/erpylev_andrei_raskolotye_nebesa.fb2.zip</filename>
	<title> Ерпылев Андрей Юрьевич. Расколотые небеса</title>
</book>
<book>
	<filename>eryshalov_nikolai/eryshalov_nikolai_karateli_pyanogo_polya.fb2.zip</filename>
	<title> Ерышалов Николай. Каратели Пьяного Поля</title>
</book>
<book>
	<filename>eryshev_oleg/eryshev_oleg_lechenie_alkogolnoi_zavisimosti.fb2.zip</filename>
	<title> Ерышев Олег. Лечение алкогольной зависимости</title>
</book>
<book>
	<filename>eryshev_oleg/eryshev_oleg_narkomanii_proyavleniya_lechenie_profilaktika.fb2.zip</filename>
	<title> Ерышев Олег. Наркомании: проявления, лечение, профилактика</title>
</book>
<book>
	<filename>esaulov_maksim/esaulov_maksim_nedetskie_igry.fb2.zip</filename>
	<title> Есаулов Максим. Недетские игры</title>
</book>
<book>
	<filename>esaulov_maksim/esaulov_maksim_poteryavshie_solnce.fb2.zip</filename>
	<title> Есаулов Максим. Потерявшие солнце</title>
</book>
<book>
	<filename>esaulov_maksim/esaulov_maksim_starshii_oboroten_po_osobo_vazhnym_delam.fb2.zip</filename>
	<title> Есаулов Максим. Старший оборотень по особо важным делам</title>
</book>
<book>
	<filename>esenin_sergei/esenin_sergei_stihotvoreniya_poyemy.fb2.zip</filename>
	<title> Есенин Сергей Александрович. Стихотворения, поэмы</title>
</book>
<book>
	<filename>eskov_kirill/eskov_kirill_ballady_o_borerobingude.fb2.zip</filename>
	<title> Еськов Кирилл Юрьевич. Баллады о Боре-Робингуде</title>
</book>
<book>
	<filename>eskov_kirill/eskov_kirill_udivitelnaya_paleontologiya_istoriya_zemli_i_zhizni_na_nei.fb2.zip</filename>
	<title> Еськов Кирилл Юрьевич. Удивительная палеонтология. История земли и жизни на ней</title>
</book>
<book>
	<filename>etoev_aleksandr/etoev_aleksandr_budte_schastlivy_zhuki_i_piraty.fb2.zip</filename>
	<title> Етоев Александр. Будьте счастливы, жуки и пираты</title>
</book>
<book>
	<filename>etoev_aleksandr/etoev_aleksandr_chelovek_iz_pautiny.fb2.zip</filename>
	<title> Етоев Александр. Человек из паутины</title>
</book>
<book>
	<filename>etoev_aleksandr/etoev_aleksandr_chtoby_i_drugim_bylo_veselo.fb2.zip</filename>
	<title> Етоев Александр. Чтобы и другим было весело</title>
</book>
<book>
	<filename>etoev_aleksandr/etoev_aleksandr_hodili_my_pohodami.fb2.zip</filename>
	<title> Етоев Александр. Ходили мы походами</title>
</book>
<book>
	<filename>etoev_aleksandr/etoev_aleksandr_knigoedstvo.fb2.zip</filename>
	<title> Етоев Александр. Книгоедство</title>
</book>
<book>
	<filename>etoev_aleksandr/etoev_aleksandr_kuda_vpadaet_rechka_morkovka.fb2.zip</filename>
	<title> Етоев Александр. Куда впадает речка Морковка</title>
</book>
<book>
	<filename>etoev_aleksandr/etoev_aleksandr_master_parashyutnogo_sporta.fb2.zip</filename>
	<title> Етоев Александр. Мастер парашютного спорта</title>
</book>
<book>
	<filename>etoev_aleksandr/etoev_aleksandr_nechertova_dyuzhina_sbornik.fb2.zip</filename>
	<title> Етоев Александр. Нечертова дюжина (Сборник)</title>
</book>
<book>
	<filename>etoev_aleksandr/etoev_aleksandr_novogodnyaya_istoriya.fb2.zip</filename>
	<title> Етоев Александр. Новогодняя история</title>
</book>
<book>
	<filename>etoev_aleksandr/etoev_aleksandr_parashyut_vertikalnogo_vzleta.fb2.zip</filename>
	<title> Етоев Александр. Парашют вертикального взлета</title>
</book>
<book>
	<filename>etoev_aleksandr/etoev_aleksandr_planeta_lysogo_bryuneta.fb2.zip</filename>
	<title> Етоев Александр. Планета лысого брюнета</title>
</book>
<book>
	<filename>etoev_aleksandr/etoev_aleksandr_plyl_po_nebu_samoletik.fb2.zip</filename>
	<title> Етоев Александр. Плыл по небу самолетик</title>
</book>
<book>
	<filename>etoev_aleksandr/etoev_aleksandr_polosataya_zebra_v_kletochku.fb2.zip</filename>
	<title> Етоев Александр. Полосатая зебра в клеточку</title>
</book>
<book>
	<filename>etoev_aleksandr/etoev_aleksandr_pouchitelnyi_sluchai.fb2.zip</filename>
	<title> Етоев Александр. Поучительный случай</title>
</book>
<book>
	<filename>etoev_aleksandr/etoev_aleksandr_pravilo_levoi_nogi.fb2.zip</filename>
	<title> Етоев Александр. Правило левой ноги</title>
</book>
<book>
	<filename>etoev_aleksandr/etoev_aleksandr_prishelcy_s_neschastlivymi_imenami.fb2.zip</filename>
	<title> Етоев Александр. Пришельцы с несчастливыми именами</title>
</book>
<book>
	<filename>etoev_aleksandr/etoev_aleksandr_rozovyi_porosenok_v_korzine.fb2.zip</filename>
	<title> Етоев Александр. Розовый поросенок в корзине</title>
</book>
<book>
	<filename>etoev_aleksandr/etoev_aleksandr_spikosrak_kapitana_nemova.fb2.zip</filename>
	<title> Етоев Александр. Спикосрак капитана Немова</title>
</book>
<book>
	<filename>etoev_aleksandr/etoev_aleksandr_ulya_lyapina_protiv_lyali_hlyupinoi.fb2.zip</filename>
	<title> Етоев Александр. Уля Ляпина против Ляли Хлюпиной</title>
</book>
<book>
	<filename>etoev_aleksandr/etoev_aleksandr_yurik_i_bobik.fb2.zip</filename>
	<title> Етоев Александр. Юрик и Бобик</title>
</book>
<book>
	<filename>etoev_aleksandr/etoev_aleksandr_zolotye_nashi_mechty.fb2.zip</filename>
	<title> Етоев Александр. Золотые наши мечты</title>
</book>
<book>
	<filename>evseev_boris/evseev_boris_lavka_nishih_russkie_kaprichchio.fb2.zip</filename>
	<title> Евсеев Борис Тимофеевич. Лавка нищих. Русские каприччио</title>
</book>
<book>
	<filename>evstratov_valerii/evstratov_valerii_yeholoty_i_gps_navigatory.fb2.zip</filename>
	<title> Евстратов Валерий Александрович. Эхолоты и GPS навигаторы</title>
</book>
<book>
	<filename>evtushenko_aleksei/evtushenko_aleksei_byt_chelovekom.fb2.zip</filename>
	<title> Евтушенко Алексей Анатольевич. Быть человеком</title>
</book>
<book>
	<filename>evtushenko_aleksei/evtushenko_aleksei_do_vstrechi.fb2.zip</filename>
	<title> Евтушенко Алексей Анатольевич. До встречи!</title>
</book>
<book>
	<filename>evtushenko_aleksei/evtushenko_aleksei_i_nachalas_igra.fb2.zip</filename>
	<title> Евтушенко Алексей Анатольевич. И началась игра</title>
</book>
<book>
	<filename>evtushenko_aleksei/evtushenko_aleksei_izbavlenie.fb2.zip</filename>
	<title> Евтушенко Алексей Анатольевич. Избавление</title>
</book>
<book>
	<filename>evtushenko_aleksei/evtushenko_aleksei_kurer.fb2.zip</filename>
	<title> Евтушенко Алексей Анатольевич. Курьер</title>
</book>
<book>
	<filename>evtushenko_aleksei/evtushenko_aleksei_ni_dnya_bez_sensacii.fb2.zip</filename>
	<title> Евтушенко Алексей Анатольевич. Ни дня без сенсации</title>
</book>
<book>
	<filename>evtushenko_aleksei/evtushenko_aleksei_otryad4_bitva_za_nebesa.fb2.zip</filename>
	<title> Евтушенко Алексей Анатольевич. Отряд-4. Битва за небеса</title>
</book>
<book>
	<filename>evtushenko_aleksei/evtushenko_aleksei_para_pustyakov.fb2.zip</filename>
	<title> Евтушенко Алексей Анатольевич. Пара пустяков</title>
</book>
<book>
	<filename>evtushenko_aleksei/evtushenko_aleksei_pastuh.fb2.zip</filename>
	<title> Евтушенко Алексей Анатольевич. Пастух</title>
</book>
<book>
	<filename>evtushenko_aleksei/evtushenko_aleksei_problema_suvereniteta.fb2.zip</filename>
	<title> Евтушенко Алексей Анатольевич. Проблема суверенитета</title>
</book>
<book>
	<filename>evtushenko_aleksei/evtushenko_aleksei_skvoz_pelenu.fb2.zip</filename>
	<title> Евтушенко Алексей Анатольевич. Сквозь пелену</title>
</book>
<book>
	<filename>evtushenko_aleksei/evtushenko_aleksei_soldaty_vechnosti.fb2.zip</filename>
	<title> Евтушенко Алексей Анатольевич. Солдаты Вечности</title>
</book>
<book>
	<filename>evtushenko_aleksei/evtushenko_aleksei_strazha_realnosti.fb2.zip</filename>
	<title> Евтушенко Алексей Анатольевич. Стража реальности</title>
</book>
<book>
	<filename>evtushenko_aleksei/evtushenko_aleksei_tretya_tverd.fb2.zip</filename>
	<title> Евтушенко Алексей Анатольевич. Третья Твердь</title>
</book>


</books>

