<?xml version="1.0" encoding="UTF-8" ?>
<books>
<book>
	<filename>gabber_holli/gabber_holli_metodika_obolsheniya.fb2.zip</filename>
	<title>Габбер Холли. Методика обольщения</title>
</book>
<book>
	<filename>gabbe_tamara/gabbe_tamara_gorod_masterov_ili_skazka_o_dvuh_gorbunah.fb2.zip</filename>
	<title>Габбе Тамара Григорьевна. Город мастеров, или Сказка о двух горбунах</title>
</book>
<book>
	<filename>gaborio_yemil/gaborio_yemil_delo_vdovy_leruzh.fb2.zip</filename>
	<title>Габорио Эмиль. Дело вдовы Леруж</title>
</book>
<book>
	<filename>gabriyeli_kseniya/gabriyeli_kseniya_anzhelika_i_carica_moskovii.fb2.zip</filename>
	<title>Габриэли Ксения. Анжелика и царица Московии</title>
</book>
<book>
	<filename>gabriyeli_kseniya/gabriyeli_kseniya_anzhelika_i_moskovskii_zvezdochet.fb2.zip</filename>
	<title>Габриэли Ксения. Анжелика и московский звездочет</title>
</book>
<book>
	<filename>gabriyel_marius/gabriyel_marius_maska_vremeni.fb2.zip</filename>
	<title>Габриэль Мариус. Маска времени</title>
</book>
<book>
	<filename>gabriyel_marius/gabriyel_marius_pervorodnyi_greh_kniga_pervaya.fb2.zip</filename>
	<title>Габриэль Мариус. Первородный грех. Книга первая</title>
</book>
<book>
	<filename>gabriyel_marius/gabriyel_marius_pervorodnyi_greh_kniga_vtoraya.fb2.zip</filename>
	<title>Габриэль Мариус. Первородный грех. Книга вторая</title>
</book>
<book>
	<filename>gabriyel_marius/gabriyel_marius_sedmaya_luna.fb2.zip</filename>
	<title>Габриэль Мариус. Седьмая луна</title>
</book>
<book>
	<filename>gaft_valentin/gaft_valentin_ya_postepenno_poznayu.fb2.zip</filename>
	<title>Гафт Валентин Иосифович. …Я постепенно познаю…</title>
</book>
<book>
	<filename>gaft_valentin/gaft_valentin_yepigrammy.fb2.zip</filename>
	<title>Гафт Валентин Иосифович. Эпиграммы</title>
</book>
<book>
	<filename>gagarin_stanislav/gagarin_stanislav_lovushka_dlya_osminoga.fb2.zip</filename>
	<title>Гагарин Станислав Семенович. Ловушка для «Осьминога»</title>
</book>
<book>
	<filename>gagarin_stanislav/gagarin_stanislav_myasnoi_bor.fb2.zip</filename>
	<title>Гагарин Станислав Семенович. Мясной Бор</title>
</book>
<book>
	<filename>gagarin_yurii/gagarin_yurii_doroga_v_kosmos.fb2.zip</filename>
	<title>Гагарин Юрий Алексеевич. Дорога в космос</title>
</book>
<book>
	<filename>gagloev_yelberd/gagloev_yelberd_po_slovu_blistatelnogo_doma.fb2.zip</filename>
	<title>Гаглоев Эльберд. По слову Блистательного Дома</title>
</book>
<book>
	<filename>gagloev_yelberd/gagloev_yelberd_vo_slavu_blistatelnogo_doma.fb2.zip</filename>
	<title>Гаглоев Эльберд. Во славу Блистательного Дома</title>
</book>
<book>
	<filename>gaidamaka_natalya/gaidamaka_natalya_mechenaya_molniei.fb2.zip</filename>
	<title>Гайдамака Наталья. Меченая молнией</title>
</book>
<book>
	<filename>gaidar_arkadii/gaidar_arkadii_bumbarash_talisman.fb2.zip</filename>
	<title>Гайдар Аркадий. Бумбараш (Талисман)</title>
</book>
<book>
	<filename>gaidar_arkadii/gaidar_arkadii_chuk_i_gek.fb2.zip</filename>
	<title>Гайдар Аркадий. Чук и Гек</title>
</book>
<book>
	<filename>gaidar_arkadii/gaidar_arkadii_chuk_i_gek_s_illyustraciyami.fb2.zip</filename>
	<title>Гайдар Аркадий Петрович. Чук и Гек (с иллюстрациями)</title>
</book>
<book>
	<filename>gaidar_arkadii/gaidar_arkadii_golubaya_chashka.fb2.zip</filename>
	<title>Гайдар Аркадий. Голубая чашка</title>
</book>
<book>
	<filename>gaidar_arkadii/gaidar_arkadii_lesnye_bratya_davydovshina.fb2.zip</filename>
	<title>Гайдар Аркадий Петрович. Лесные братья [Давыдовщина]</title>
</book>
<book>
	<filename>gaidar_arkadii/gaidar_arkadii_shkola.fb2.zip</filename>
	<title>Гайдар Аркадий. Школа</title>
</book>
<book>
	<filename>gaidar_arkadii/gaidar_arkadii_sudba_barabanshika.fb2.zip</filename>
	<title>Гайдар Аркадий. Судьба барабанщика</title>
</book>
<book>
	<filename>gaidar_arkadii/gaidar_arkadii_timur_i_ego_komanda.fb2.zip</filename>
	<title>Гайдар Аркадий. Тимур и его команда</title>
</book>
<book>
	<filename>gaidar_egor/gaidar_egor_gibel_imperii.fb2.zip</filename>
	<title>Гайдар Егор Тимурович. Гибель империи</title>
</book>
<book>
	<filename>gaiduk_dmitrii/gaiduk_dmitrii_fallosofiya.fb2.zip</filename>
	<title>Гайдук Дмитрий. Фаллософия</title>
</book>
<book>
	<filename>gaiduk_dmitrii/gaiduk_dmitrii_rastamanskie_skazki.fb2.zip</filename>
	<title>Гайдук Дмитрий. Растаманские сказки</title>
</book>
<book>
	<filename>gaidukov_sergei/gaidukov_sergei_muzyka_v_sumerkah.fb2.zip</filename>
	<title>Гайдуков Сергей. Музыка в сумерках</title>
</book>
<book>
	<filename>gaidukov_sergei/gaidukov_sergei_nebo_v_almazah.fb2.zip</filename>
	<title>Гайдуков Сергей. Небо в алмазах</title>
</book>
<book>
	<filename>gaidukov_sergei/gaidukov_sergei_ne_speshi_umirat_v_odinochku.fb2.zip</filename>
	<title>Гайдуков Сергей. Не спеши умирать в одиночку</title>
</book>
<book>
	<filename>gaidukov_sergei/gaidukov_sergei_poslednii_svidetel.fb2.zip</filename>
	<title>Гайдуков Сергей. Последний свидетель</title>
</book>
<book>
	<filename>gaidukov_sergei/gaidukov_sergei_poslednyaya_oboima.fb2.zip</filename>
	<title>Гайдуков Сергей. Последняя обойма</title>
</book>
<book>
	<filename>gaidukov_sergei/gaidukov_sergei_samaya_sladkaya_bol.fb2.zip</filename>
	<title>Гайдуков Сергей. Самая сладкая боль</title>
</book>
<book>
	<filename>gaidukov_sergei/gaidukov_sergei_shkola_supermenov.fb2.zip</filename>
	<title>Гайдуков Сергей. Школа суперменов</title>
</book>
<book>
	<filename>gaidukov_sergei/gaidukov_sergei_velikolepnaya_pyaterka.fb2.zip</filename>
	<title>Гайдуков Сергей. Великолепная пятерка</title>
</book>
<book>
	<filename>gaidukov_sergei/gaidukov_sergei_vendetta_porusski.fb2.zip</filename>
	<title>Гайдуков Сергей. Вендетта по-русски</title>
</book>
<book>
	<filename>gaidukov_sergei/gaidukov_sergei_vzglyad_vraga.fb2.zip</filename>
	<title>Гайдуков Сергей. Взгляд врага</title>
</book>
<book>
	<filename>gaidukov_sergei/gaidukov_sergei_yadernyi_budilnik.fb2.zip</filename>
	<title>Гайдуков Сергей. Ядерный будильник</title>
</book>
<book>
	<filename>gaiman_neil/gaiman_neil_neverwhere.fb2.zip</filename>
	<title>Gaiman Neil. Neverwhere</title>
</book>
<book>
	<filename>gaivoronskaya_elena/gaivoronskaya_elena_igra_s_ognem.fb2.zip</filename>
	<title>Гайворонская Елена Михайловна. Игра с огнем</title>
</book>
<book>
	<filename>gaivoronskaya_elena/gaivoronskaya_elena_pepel_zvezd.fb2.zip</filename>
	<title>Гайворонская Елена Михайловна. Пепел звезд</title>
</book>
<book>
	<filename>gaivoronskaya_elena/gaivoronskaya_elena_tetatet.fb2.zip</filename>
	<title>Гайворонская Елена Михайловна. Тет-а-тет</title>
</book>
<book>
	<filename>gaiyar_rober/gaiyar_rober_mari_galant_kniga_1.fb2.zip</filename>
	<title>Гайяр Робер. Мари Галант. Книга 1</title>
</book>
<book>
	<filename>gaiyar_rober/gaiyar_rober_mari_galant_kniga_2.fb2.zip</filename>
	<title>Гайяр Робер. Мари Галант. Книга 2</title>
</book>
<book>
	<filename>gakkel_vsevolod/gakkel_vsevolod_akvarium_kak_sposob_uhoda_za_tennisnym_kortom.fb2.zip</filename>
	<title>Гаккель Всеволод. Аквариум как способ ухода за теннисным кортом</title>
</book>
<book>
	<filename>galahova_galina/galahova_galina_poyushii_trostnik.fb2.zip</filename>
	<title>Галахова Галина. Поющий тростник</title>
</book>
<book>
	<filename>galanina_yuliya/galanina_yuliya_da_ta_samaya_miledi.fb2.zip</filename>
	<title>Галанина Юлия Евгеньевна. Да, та самая миледи</title>
</book>
<book>
	<filename>galanina_yuliya/galanina_yuliya_ot_desyatoi_luny_do_chetvertoi.fb2.zip</filename>
	<title>Галанина Юлия Евгеньевна. От десятой луны до четвертой</title>
</book>
<book>
	<filename>galan_zhyuli/galan_zhyuli_gercoginya_i_sultan.fb2.zip</filename>
	<title>Галан Жюли. Герцогиня и султан</title>
</book>
<book>
	<filename>galan_zhyuli/galan_zhyuli_krasavica_i_pirat.fb2.zip</filename>
	<title>Галан Жюли. Красавица и пират</title>
</book>
<book>
	<filename>galan_zhyuli/galan_zhyuli_neukrotimaya_gercoginya.fb2.zip</filename>
	<title>Галан Жюли. Неукротимая герцогиня</title>
</book>
<book>
	<filename>galder_franc/galder_franc_voennyi_dnevnik.fb2.zip</filename>
	<title>Гальдер Франц. Военный дневник</title>
</book>
<book>
	<filename>galdos_benito/galdos_benito_trafalgar.fb2.zip</filename>
	<title>Гальдос Бенито Перес. Трафальгар</title>
</book>
<book>
	<filename>galego_ruben/galego_ruben_chernym_po_belomu.fb2.zip</filename>
	<title>Гальего Рубен Давид Гонсалес. Черным по белому</title>
</book>
<book>
	<filename>galegos_romulo/galegos_romulo_donya_barbara.fb2.zip</filename>
	<title>Гальегос Ромуло. Донья Барбара</title>
</book>
<book>
	<filename>galich_aleksandr/galich_aleksandr_kogda_ya_vernus_polnoe_sobranie_stihov_i_pesen.fb2.zip</filename>
	<title>Галич Александр Аркадьевич. Когда я вернусь (Полное собрание стихов и песен)</title>
</book>
<book>
	<filename>galich_aleksandr/galich_aleksandr_matrosskaya_tishina_moya_bolshaya_zemlya.fb2.zip</filename>
	<title>Галич Александр Аркадьевич. Матросская тишина (Моя большая земля)</title>
</book>
<book>
	<filename>galihin_sergei/galihin_sergei_ulybka_satany.fb2.zip</filename>
	<title>Галихин Сергей. Улыбка сатаны</title>
</book>
<book>
	<filename>galina_mariya/galina_mariya_dagor.fb2.zip</filename>
	<title>Галина Мария. Дагор</title>
</book>
<book>
	<filename>galina_mariya/galina_mariya_givi_i_shenderovich.fb2.zip</filename>
	<title>Галина Мария. Гиви и Шендерович</title>
</book>
<book>
	<filename>galina_mariya/galina_mariya_homyachki_v_yegladore.fb2.zip</filename>
	<title>Галина Мария. Хомячки в Эгладоре</title>
</book>
<book>
	<filename>galina_mariya/galina_mariya_luna_vo_vtoroi_chetverti.fb2.zip</filename>
	<title>Галина Мария. Луна во второй четверти</title>
</book>
<book>
	<filename>galina_mariya/galina_mariya_pokryvalo_dlya_avaddona.fb2.zip</filename>
	<title>Галина Мария. Покрывало для Аваддона</title>
</book>
<book>
	<filename>galina_mariya/galina_mariya_proshai_moi_angel.fb2.zip</filename>
	<title>Галина Мария. Прощай, мой ангел</title>
</book>
<book>
	<filename>galina_mariya/galina_mariya_sovsem_drugaya_storona.fb2.zip</filename>
	<title>Галина Мария. Совсем другая сторона</title>
</book>
<book>
	<filename>galina_mariya/galina_mariya_yekspediciya.fb2.zip</filename>
	<title>Галина Мария. Экспедиция</title>
</book>
<book>
	<filename>galitc_kyetlin/galitc_kyetlin_romanticheskoe_puteshestvie.fb2.zip</filename>
	<title>Галитц Кэтлин. Романтическое путешествие</title>
</book>
<book>
	<filename>galitc_kyetlin/galitc_kyetlin_v_ozhidanii_lyubvi.fb2.zip</filename>
	<title>Галитц Кэтлин. В ожидании любви</title>
</book>
<book>
	<filename>galkina_elena/galkina_elena_tainy_russkogo_kaganata.fb2.zip</filename>
	<title>Галкина Елена Сергеевна. Тайны Русского каганата</title>
</book>
<book>
	<filename>galkin_sergei/galkin_sergei_kniga_o_vine.fb2.zip</filename>
	<title>Галкин Сергей Александрович. Книга о вине</title>
</book>
<book>
	<filename>galkovskii_dmitrii/galkovskii_dmitrii_beskonechnyi_tupik.fb2.zip</filename>
	<title>Галковский Дмитрий Евгеньевич. Бесконечный тупик</title>
</book>
<book>
	<filename>gallaher_patriciya/gallaher_patriciya_iskry_pod_peplom.fb2.zip</filename>
	<title>Галлахер Патриция. Искры под пеплом</title>
</book>
<book>
	<filename>gallai_mark/gallai_mark_cherez_nevidimye_barery.fb2.zip</filename>
	<title>Галлай Марк. Через невидимые барьеры</title>
</book>
<book>
	<filename>gallai_mark/gallai_mark_ispytano_v_nebe.fb2.zip</filename>
	<title>Галлай Марк. Испытано в небе</title>
</book>
<book>
	<filename>gallai_mark/gallai_mark_pervyi_boi_my_vyigrali.fb2.zip</filename>
	<title>Галлай Марк. Первый бой мы выиграли</title>
</book>
<book>
	<filename>gallai_mark/gallai_mark_s_chelovekom_na_bortu.fb2.zip</filename>
	<title>Галлай Марк. С человеком на борту</title>
</book>
<book>
	<filename>gallai_mark/gallai_mark_vstrechi.fb2.zip</filename>
	<title>Галлай Марк. Встречи</title>
</book>
<book>
	<filename>gallai_mark/gallai_mark_ya_dumal_yeto_davno_zabyto.fb2.zip</filename>
	<title>Галлай Марк. Я думал: это давно забыто</title>
</book>
<book>
	<filename>gallai_mark/gallai_mark_zhizn_arceulova.fb2.zip</filename>
	<title>Галлай Марк. Жизнь Арцеулова</title>
</book>
<book>
	<filename>gallikan_vulkacii/gallikan_vulkacii_avtory_zhizneopisanii_avgustov.fb2.zip</filename>
	<title>Галликан Вулкаций. Авторы жизнеописаний Августов</title>
</book>
<book>
	<filename>gal_nora/gal_nora_slovo_zhivoe_i_mertvoe.fb2.zip</filename>
	<title>Галь Нора. Слово живое и мертвое</title>
</book>
<book>
	<filename>galperin_andrei/galperin_andrei_otrazhenie_pticy_v_lezvii.fb2.zip</filename>
	<title>Гальперин Андрей. Отражение птицы в лезвии</title>
</book>
<book>
	<filename>galvan_fransisko/galvan_fransisko_izumrudy_kortesa.fb2.zip</filename>
	<title>Гальван Франсиско. Изумруды Кортеса</title>
</book>
<book>
	<filename>gamarra_per/gamarra_per_mashina_onezima.fb2.zip</filename>
	<title>Гамарра Пьер. Машина Онезима</title>
</book>
<book>
	<filename>gamarra_per/gamarra_per_ubiice_gonkurovskaya_premiya.fb2.zip</filename>
	<title>Гамарра Пьер. Убийце — Гонкуровская премия</title>
</book>
<book>
	<filename>gamilton_diana/gamilton_diana_bezumnaya_strast.fb2.zip</filename>
	<title>Гамильтон Диана. Безумная страсть</title>
</book>
<book>
	<filename>gamilton_diana/gamilton_diana_brak_vo_spasenie.fb2.zip</filename>
	<title>Гамильтон Диана. Брак во спасение</title>
</book>
<book>
	<filename>gamilton_diana/gamilton_diana_doch_millionera.fb2.zip</filename>
	<title>Гамильтон Диана. Дочь миллионера</title>
</book>
<book>
	<filename>gamilton_diana/gamilton_diana_ispytanie_lyubvi.fb2.zip</filename>
	<title>Гамильтон Диана. Испытание любви</title>
</book>
<book>
	<filename>gamilton_diana/gamilton_diana_luchshaya_para_na_svete.fb2.zip</filename>
	<title>Гамильтон Диана. Лучшая пара на свете</title>
</book>
<book>
	<filename>gamilton_diana/gamilton_diana_nachnyom_snachala.fb2.zip</filename>
	<title>Гамильтон Диана. Начнём сначала</title>
</book>
<book>
	<filename>gamilton_diana/gamilton_diana_oranzhereya_schastya.fb2.zip</filename>
	<title>Гамильтон Диана. Оранжерея счастья</title>
</book>
<book>
	<filename>gamilton_diana/gamilton_diana_prestupnaya_svyaz.fb2.zip</filename>
	<title>Гамильтон Диана. Преступная связь</title>
</book>
<book>
	<filename>gamilton_diana/gamilton_diana_samozvanka.fb2.zip</filename>
	<title>Гамильтон Диана. Самозванка</title>
</book>
<book>
	<filename>gamilton_diana/gamilton_diana_sladost_obolsheniya.fb2.zip</filename>
	<title>Гамильтон Диана. Сладость обольщения</title>
</book>
<book>
	<filename>gamilton_diana/gamilton_diana_vernis_v_svoi_dom.fb2.zip</filename>
	<title>Гамильтон Диана. Вернись в свой дом</title>
</book>
<book>
	<filename>gamilton_diana/gamilton_diana_v_medovoi_lovushke.fb2.zip</filename>
	<title>Гамильтон Диана. В медовой ловушке</title>
</book>
<book>
	<filename>gamilton_donald/gamilton_donald_detonatory.fb2.zip</filename>
	<title>Гамильтон Дональд. Детонаторы</title>
</book>
<book>
	<filename>gamilton_donald/gamilton_donald_diletanty.fb2.zip</filename>
	<title>Гамильтон Дональд. Дилетанты</title>
</book>
<book>
	<filename>gamilton_donald/gamilton_donald_diversanty.fb2.zip</filename>
	<title>Гамильтон Дональд. Диверсанты</title>
</book>
<book>
	<filename>gamilton_donald/gamilton_donald_gibel_grazhdanina.fb2.zip</filename>
	<title>Гамильтон Дональд. Гибель Гражданина</title>
</book>
<book>
	<filename>gamilton_donald/gamilton_donald_gruppa_likvidacii.fb2.zip</filename>
	<title>Гамильтон Дональд. Группа ликвидации</title>
</book>
<book>
	<filename>gamilton_donald/gamilton_donald_inkvizitory.fb2.zip</filename>
	<title>Гамильтон Дональд. Инквизиторы</title>
</book>
<book>
	<filename>gamilton_donald/gamilton_donald_intrigany.fb2.zip</filename>
	<title>Гамильтон Дональд. Интриганы</title>
</book>
<book>
	<filename>gamilton_donald/gamilton_donald_karateli.fb2.zip</filename>
	<title>Гамильтон Дональд. Каратели</title>
</book>
<book>
	<filename>gamilton_donald/gamilton_donald_mstiteli.fb2.zip</filename>
	<title>Гамильтон Дональд. Мстители</title>
</book>
<book>
	<filename>gamilton_donald/gamilton_donald_na_linii_ognya.fb2.zip</filename>
	<title>Гамильтон Дональд. На линии огня</title>
</book>
<book>
	<filename>gamilton_donald/gamilton_donald_navodyashie_uzhas.fb2.zip</filename>
	<title>Гамильтон Дональд. Наводящие ужас</title>
</book>
<book>
	<filename>gamilton_donald/gamilton_donald_nesushie_grozu.fb2.zip</filename>
	<title>Гамильтон Дональд. Несущие грозу</title>
</book>
<book>
	<filename>gamilton_donald/gamilton_donald_nevidimki.fb2.zip</filename>
	<title>Гамильтон Дональд. Невидимки</title>
</book>
<book>
	<filename>gamilton_donald/gamilton_donald_nochnoi_poputchik.fb2.zip</filename>
	<title>Гамильтон Дональд. Ночной попутчик</title>
</book>
<book>
	<filename>gamilton_donald/gamilton_donald_opustoshiteli.fb2.zip</filename>
	<title>Гамильтон Дональд. Опустошители</title>
</book>
<book>
	<filename>gamilton_donald/gamilton_donald_otraviteli.fb2.zip</filename>
	<title>Гамильтон Дональд. Отравители</title>
</book>
<book>
	<filename>gamilton_donald/gamilton_donald_palachi.fb2.zip</filename>
	<title>Гамильтон Дональд. Палачи</title>
</book>
<book>
	<filename>gamilton_donald/gamilton_donald_predateli.fb2.zip</filename>
	<title>Гамильтон Дональд. Предатели</title>
</book>
<book>
	<filename>gamilton_donald/gamilton_donald_razrushiteli.fb2.zip</filename>
	<title>Гамильтон Дональд. Разрушители</title>
</book>
<book>
	<filename>gamilton_donald/gamilton_donald_seyateli_smerti.fb2.zip</filename>
	<title>Гамильтон Дональд. Сеятели смерти</title>
</book>
<book>
	<filename>gamilton_donald/gamilton_donald_shantazhisty.fb2.zip</filename>
	<title>Гамильтон Дональд. Шантажисты</title>
</book>
<book>
	<filename>gamilton_donald/gamilton_donald_sokrushiteli.fb2.zip</filename>
	<title>Гамильтон Дональд. Сокрушители</title>
</book>
<book>
	<filename>gamilton_donald/gamilton_donald_teni.fb2.zip</filename>
	<title>Гамильтон Дональд. Тени</title>
</book>
<book>
	<filename>gamilton_donald/gamilton_donald_usmiriteli.fb2.zip</filename>
	<title>Гамильтон Дональд. Усмирители</title>
</book>
<book>
	<filename>gamilton_donald/gamilton_donald_ustraniteli.fb2.zip</filename>
	<title>Гамильтон Дональд. Устранители</title>
</book>
<book>
	<filename>gamilton_donald/gamilton_donald_ustrashiteli.fb2.zip</filename>
	<title>Гамильтон Дональд. Устрашители</title>
</book>
<book>
	<filename>gamilton_donald/gamilton_donald_u_ubiic_blestyat_glaza.fb2.zip</filename>
	<title>Гамильтон Дональд. У убийц блестят глаза</title>
</book>
<book>
	<filename>gamilton_donald/gamilton_donald_zakoulok_ubiic.fb2.zip</filename>
	<title>Гамильтон Дональд. Закоулок убийц</title>
</book>
<book>
	<filename>gamilton_donald/gamilton_donald_zasada.fb2.zip</filename>
	<title>Гамильтон Дональд. Засада</title>
</book>
<book>
	<filename>gamilton_donald/gamilton_donald_zloumyshlenniki.fb2.zip</filename>
	<title>Гамильтон Дональд. Злоумышленники</title>
</book>
<book>
	<filename>gamilton_lorel/gamilton_lorel_cirk_proklyatyh.fb2.zip</filename>
	<title>Гамильтон Лорел. Цирк проклятых</title>
</book>
<book>
	<filename>gamilton_lorel/gamilton_lorel_golubaya_luna.fb2.zip</filename>
	<title>Гамильтон Лорел. Голубая луна</title>
</book>
<book>
	<filename>gamilton_lorel/gamilton_lorel_kafe_lunatikov.fb2.zip</filename>
	<title>Гамильтон Лорел. Кафе лунатиков</title>
</book>
<book>
	<filename>gamilton_lorel/gamilton_lorel_krovavye_kosti.fb2.zip</filename>
	<title>Гамильтон Лорел. Кровавые кости</title>
</book>
<book>
	<filename>gamilton_lorel/gamilton_lorel_laska_sumraka.fb2.zip</filename>
	<title>Гамильтон Лорел. Ласка сумрака</title>
</book>
<book>
	<filename>gamilton_lorel/gamilton_lorel_lazorevyi_greh.fb2.zip</filename>
	<title>Гамильтон Лорел. Лазоревый грех</title>
</book>
<book>
	<filename>gamilton_lorel/gamilton_lorel_mika.fb2.zip</filename>
	<title>Гамильтон Лорел. Мика</title>
</book>
<book>
	<filename>gamilton_lorel/gamilton_lorel_nachnyom_snachala.fb2.zip</filename>
	<title>Гамильтон Лорел. Начнём сначала</title>
</book>
<book>
	<filename>gamilton_lorel/gamilton_lorel_narciss_v_cepyah.fb2.zip</filename>
	<title>Гамильтон Лорел. Нарцисс в цепях</title>
</book>
<book>
	<filename>gamilton_lorel/gamilton_lorel_obet_kolduni.fb2.zip</filename>
	<title>Гамильтон Лорел. Обет колдуньи</title>
</book>
<book>
	<filename>gamilton_lorel/gamilton_lorel_obsidianovaya_babochka.fb2.zip</filename>
	<title>Гамильтон Лорел. Обсидиановая бабочка</title>
</book>
<book>
	<filename>gamilton_lorel/gamilton_lorel_plyaska_smerti.fb2.zip</filename>
	<title>Гамильтон Лорел. Пляска смерти</title>
</book>
<book>
	<filename>gamilton_lorel/gamilton_lorel_pocelui_mistralya.fb2.zip</filename>
	<title>Гамильтон Лорел. Поцелуй Мистраля</title>
</book>
<book>
	<filename>gamilton_lorel/gamilton_lorel_pocelui_tenei.fb2.zip</filename>
	<title>Гамильтон Лорел. Поцелуй теней</title>
</book>
<book>
	<filename>gamilton_lorel/gamilton_lorel_prikosnovenie_polunochi.fb2.zip</filename>
	<title>Гамильтон Лорел. Прикосновение полуночи</title>
</book>
<book>
	<filename>gamilton_lorel/gamilton_lorel_smertelnyi_tanec.fb2.zip</filename>
	<title>Гамильтон Лорел. Смертельный танец</title>
</book>
<book>
	<filename>gamilton_lorel/gamilton_lorel_smeyushiisya_trup.fb2.zip</filename>
	<title>Гамильтон Лорел. Смеющийся труп</title>
</book>
<book>
	<filename>gamilton_lorel/gamilton_lorel_sny_inkuba.fb2.zip</filename>
	<title>Гамильтон Лорел. Сны инкуба</title>
</book>
<book>
	<filename>gamilton_lorel/gamilton_lorel_soblaznennye_lunoi.fb2.zip</filename>
	<title>Гамильтон Лорел. Соблазненные луной</title>
</book>
<book>
	<filename>gamilton_lorel/gamilton_lorel_vsesozhzhenie.fb2.zip</filename>
	<title>Гамильтон Лорел. Всесожжение</title>
</book>
<book>
	<filename>gamilton_lorel/gamilton_lorel_zapretnyi_plod.fb2.zip</filename>
	<title>Гамильтон Лорел. Запретный плод</title>
</book>
<book>
	<filename>gamilton_lorel/gamilton_lorel_zhertva_vsesozhzheniya.fb2.zip</filename>
	<title>Гамильтон Лорел. Жертва всесожжения</title>
</book>
<book>
	<filename>gamilton_lorel/gamilton_lorel_zhertva_vsesozhzheniya_vsesozhzhenie.fb2.zip</filename>
	<title>Гамильтон Лорел. Жертва всесожжения [Всесожжение]</title>
</book>
<book>
	<filename>gamilton_piter/gamilton_piter_disfunkciya_realnosti_ugroza.fb2.zip</filename>
	<title>Гамильтон Питер Ф. Дисфункция реальности: Угроза</title>
</book>
<book>
	<filename>gamilton_piter/gamilton_piter_disfunkciya_realnosti_uvertyura.fb2.zip</filename>
	<title>Гамильтон Питер. Дисфункция реальности: Увертюра</title>
</book>
<book>
	<filename>gamilton_piter/gamilton_piter_drakon_poverzhennyi.fb2.zip</filename>
	<title>Гамильтон Питер Ф. Дракон поверженный</title>
</book>
<book>
	<filename>gamilton_piter/gamilton_piter_neitronnyi_alhimik_konflikt.fb2.zip</filename>
	<title>Гамильтон Питер Ф. Нейтронный Алхимик: Конфликт</title>
</book>
<book>
	<filename>gamilton_piter/gamilton_piter_neitronnyi_alhimik_konsolidaciya.fb2.zip</filename>
	<title>Гамильтон Питер Ф. Нейтронный Алхимик: Консолидация</title>
</book>
<book>
	<filename>gamilton_piter/gamilton_piter_obnazhennyi_bog_final.fb2.zip</filename>
	<title>Гамильтон Питер Ф. Обнаженный Бог: Финал</title>
</book>
<book>
	<filename>gamilton_piter/gamilton_piter_obnazhyonnyi_bog_fenomen.fb2.zip</filename>
	<title>Гамильтон Питер Ф. Обнажённый Бог: Феномен</title>
</book>
<book>
	<filename>gamilton_yedmond/gamilton_yedmond_arfistki_titana.fb2.zip</filename>
	<title>Гамильтон Эдмонд Мур. Арфистки Титана</title>
</book>
<book>
	<filename>gamilton_yedmond/gamilton_yedmond_beglec_so_zvezd.fb2.zip</filename>
	<title>Гамильтон Эдмонд. Беглец со звезд</title>
</book>
<book>
	<filename>gamilton_yedmond/gamilton_yedmond_bitva_za_zvezdy.fb2.zip</filename>
	<title>Гамильтон Эдмонд. Битва за звезды</title>
</book>
<book>
	<filename>gamilton_yedmond/gamilton_yedmond_charodei_s_marsa.fb2.zip</filename>
	<title>Гамильтон Эдмонд. Чародей с Марса</title>
</book>
<book>
	<filename>gamilton_yedmond/gamilton_yedmond_chelovek_kotoryi_vernulsya.fb2.zip</filename>
	<title>Гамильтон Эдмонд. Человек, который вернулся</title>
</book>
<book>
	<filename>gamilton_yedmond/gamilton_yedmond_chuzhaya_zemlya.fb2.zip</filename>
	<title>Гамильтон Эдмонд. Чужая земля</title>
</book>
<book>
	<filename>gamilton_yedmond/gamilton_yedmond_deti_solnca.fb2.zip</filename>
	<title>Гамильтон Эдмонд. Дети Солнца</title>
</book>
<book>
	<filename>gamilton_yedmond/gamilton_yedmond_ditya_vetrov.fb2.zip</filename>
	<title>Гамильтон Эдмонд. Дитя ветров</title>
</book>
<book>
	<filename>gamilton_yedmond/gamilton_yedmond_dolina_sozdaniya.fb2.zip</filename>
	<title>Гамильтон Эдмонд. Долина создания</title>
</book>
<book>
	<filename>gamilton_yedmond/gamilton_yedmond_dolina_tvoreniya.fb2.zip</filename>
	<title>Гамильтон Эдмонд Мур. Долина творения</title>
</book>
<book>
	<filename>gamilton_yedmond/gamilton_yedmond_galakticheskaya_missiya.fb2.zip</filename>
	<title>Гамильтон Эдмонд. Галактическая миссия</title>
</book>
<book>
	<filename>gamilton_yedmond/gamilton_yedmond_gorod_na_krayu_sveta.fb2.zip</filename>
	<title>Гамильтон Эдмонд. Город на краю света</title>
</book>
<book>
	<filename>gamilton_yedmond/gamilton_yedmond_hraniteli_zvezd.fb2.zip</filename>
	<title>Гамильтон Эдмонд. Хранители звезд</title>
</book>
<book>
	<filename>gamilton_yedmond/gamilton_yedmond_izgnanie.fb2.zip</filename>
	<title>Гамильтон Эдмонд. Изгнание</title>
</book>
<book>
	<filename>gamilton_yedmond/gamilton_yedmond_izgoi_luny.fb2.zip</filename>
	<title>Гамильтон Эдмонд. Изгои Луны</title>
</book>
<book>
	<filename>gamilton_yedmond/gamilton_yedmond_izvne_vselennoi.fb2.zip</filename>
	<title>Гамильтон Эдмонд. Извне Вселенной</title>
</book>
<book>
	<filename>gamilton_yedmond/gamilton_yedmond_kapitan_fyucher_prihodit_na_pomosh.fb2.zip</filename>
	<title>Гамильтон Эдмонд. Капитан Фьючер приходит на помощь</title>
</book>
<book>
	<filename>gamilton_yedmond/gamilton_yedmond_kapitan_fyucher_prinimaet_vyzov.fb2.zip</filename>
	<title>Гамильтон Эдмонд. Капитан Фьючер принимает вызов</title>
</book>
<book>
	<filename>gamilton_yedmond/gamilton_yedmond_mezhzvezdnye_starateli.fb2.zip</filename>
	<title>Гамильтон Эдмонд Мур. Межзвездные старатели</title>
</book>
<book>
	<filename>gamilton_yedmond/gamilton_yedmond_mir_zvezdnyh_volkov.fb2.zip</filename>
	<title>Гамильтон Эдмонд Мур. Мир звездных волков</title>
</book>
<book>
	<filename>gamilton_yedmond/gamilton_yedmond_moi_bednye_zheleznye_nervy.fb2.zip</filename>
	<title>Гамильтон Эдмонд. Мои бедные железные нервы</title>
</book>
<book>
	<filename>gamilton_yedmond/gamilton_yedmond_molot_valkarov.fb2.zip</filename>
	<title>Гамильтон Эдмонд Мур. Молот Валькаров</title>
</book>
<book>
	<filename>gamilton_yedmond/gamilton_yedmond_na_zakate_mira.fb2.zip</filename>
	<title>Гамильтон Эдмонд. На закате мира</title>
</book>
<book>
	<filename>gamilton_yedmond/gamilton_yedmond_neveroyatnyi_mir.fb2.zip</filename>
	<title>Гамильтон Эдмонд. Невероятный мир</title>
</book>
<book>
	<filename>gamilton_yedmond/gamilton_yedmond_ostrov_bezrassudstva.fb2.zip</filename>
	<title>Гамильтон Эдмонд. Остров безрассудства</title>
</book>
<book>
	<filename>gamilton_yedmond/gamilton_yedmond_otverzhennyi.fb2.zip</filename>
	<title>Гамильтон Эдмонд. Отверженный</title>
</book>
<book>
	<filename>gamilton_yedmond/gamilton_yedmond_ploskogore_nevidimyh_lyudei.fb2.zip</filename>
	<title>Гамильтон Эдмонд. Плоскогорье невидимых людей</title>
</book>
<book>
	<filename>gamilton_yedmond/gamilton_yedmond_rekviem.fb2.zip</filename>
	<title>Гамильтон Эдмонд. Реквием</title>
</book>
<book>
	<filename>gamilton_yedmond/gamilton_yedmond_rokovaya_zvezda.fb2.zip</filename>
	<title>Гамильтон Эдмонд. Роковая Звезда</title>
</book>
<book>
	<filename>gamilton_yedmond/gamilton_yedmond_semena_iz_kosmosa.fb2.zip</filename>
	<title>Гамильтон Эдмонд. Семена из космоса</title>
</book>
<book>
	<filename>gamilton_yedmond/gamilton_yedmond_sokrovishe_gromovoi_luny.fb2.zip</filename>
	<title>Гамильтон Эдмонд. Сокровище Громовой Луны</title>
</book>
<book>
	<filename>gamilton_yedmond/gamilton_yedmond_tainstvennyi_mir.fb2.zip</filename>
	<title>Гамильтон Эдмонд. Таинственный мир</title>
</book>
<book>
	<filename>gamilton_yedmond/gamilton_yedmond_tot_u_kogo_byli_krylya.fb2.zip</filename>
	<title>Гамильтон Эдмонд. Тот, у кого были крылья</title>
</book>
<book>
	<filename>gamilton_yedmond/gamilton_yedmond_vozvrashenie_k_zvezdam.fb2.zip</filename>
	<title>Гамильтон Эдмонд. Возвращение к звездам</title>
</book>
<book>
	<filename>gamilton_yedmond/gamilton_yedmond_yevolyuciya_doktora_pollarda.fb2.zip</filename>
	<title>Гамильтон Эдмонд. Эволюция доктора Полларда</title>
</book>
<book>
	<filename>gamilton_yedmond/gamilton_yedmond_zakrytye_miry.fb2.zip</filename>
	<title>Гамильтон Эдмонд. Закрытые миры</title>
</book>
<book>
	<filename>gamilton_yedmond/gamilton_yedmond_zvezda_zhizni.fb2.zip</filename>
	<title>Гамильтон Эдмонд. Звезда жизни</title>
</book>
<book>
	<filename>gamilton_yedmond/gamilton_yedmond_zvezdnye_koroli_bitva_imperii_poslednyaya_bitva.fb2.zip</filename>
	<title>Гамильтон Эдмонд Мур. Звездные короли [Битва Империи; Последняя битва]</title>
</book>
<book>
	<filename>gamilton_yedmond/gamilton_yedmond_zvezdnye_koroli.fb2.zip</filename>
	<title>Гамильтон Эдмонд. Звездные короли</title>
</book>
<book>
	<filename>gamilton_yedmond/gamilton_yedmond_zvezdnyi_molot.fb2.zip</filename>
	<title>Гамильтон Эдмонд. Звездный молот</title>
</book>
<book>
	<filename>gamilton_yedmond/gamilton_yedmond_zvezdnyi_poisk.fb2.zip</filename>
	<title>Гамильтон Эдмонд. Звездный поиск</title>
</book>
<book>
	<filename>gamilton_yedmond/gamilton_yedmond_zvezdnyi_volk.fb2.zip</filename>
	<title>Гамильтон Эдмонд. Звездный волк</title>
</book>
<book>
	<filename>gamov_georgii/gamov_georgii_priklyucheniya_mistera_tompkinsa.fb2.zip</filename>
	<title>Гамов Георгий. Приключения Мистера Томпкинса</title>
</book>
<book>
	<filename>gamsahurdia_konstantin/gamsahurdia_konstantin_desnica_velikogo_mastera.fb2.zip</filename>
	<title>Гамсахурдиа Константин. Десница великого мастера</title>
</book>
<book>
	<filename>gamsun_knut/gamsun_knut_deti_vremeni_deti_veka.fb2.zip</filename>
	<title>Гамсун Кнут. Дети времени (Дети века)</title>
</book>
<book>
	<filename>gamsun_knut/gamsun_knut_golod.fb2.zip</filename>
	<title>Гамсун Кнут. Голод</title>
</book>
<book>
	<filename>gamsun_knut/gamsun_knut_mestechko_segelfoss.fb2.zip</filename>
	<title>Гамсун Кнут. Местечко Сегельфосс</title>
</book>
<book>
	<filename>gamsun_knut/gamsun_knut_misterii.fb2.zip</filename>
	<title>Гамсун Кнут. Мистерии</title>
</book>
<book>
	<filename>gamsun_knut/gamsun_knut_pan.fb2.zip</filename>
	<title>Гамсун Кнут. Пан</title>
</book>
<book>
	<filename>gamsun_knut/gamsun_knut_pod_osennei_zvezdoi.fb2.zip</filename>
	<title>Гамсун Кнут. Под осенней звездой</title>
</book>
<book>
	<filename>gamsun_knut/gamsun_knut_smert_glana.fb2.zip</filename>
	<title>Гамсун Кнут. Смерть Глана</title>
</book>
<book>
	<filename>gamsun_knut/gamsun_knut_soki_zemli.fb2.zip</filename>
	<title>Гамсун Кнут. Соки земли</title>
</book>
<book>
	<filename>gamsun_knut/gamsun_knut_strannik_igraet_pod_surdinku.fb2.zip</filename>
	<title>Гамсун Кнут. Странник играет под сурдинку</title>
</book>
<book>
	<filename>gamsun_knut/gamsun_knut_viktoriya.fb2.zip</filename>
	<title>Гамсун Кнут. Виктория</title>
</book>
<book>
	<filename>gancfrid_shlomo/gancfrid_shlomo_kicur_shulhan_aruh.fb2.zip</filename>
	<title>Ганцфрид Шломо. Кицур Шулхан Арух</title>
</book>
<book>
	<filename>gandi_mohandus/gandi_mohandus_moya_vera_v_nenasilie.fb2.zip</filename>
	<title>Ганди Мохандус. Моя вера в ненасилие</title>
</book>
<book>
	<filename>gandlevskii_sergei/gandlevskii_sergei_nrzb.fb2.zip</filename>
	<title>Гандлевский Сергей. &lt;НРЗБ&gt;</title>
</book>
<book>
	<filename>gandolfi_saimon/gandolfi_saimon_zolotaya_devushka.fb2.zip</filename>
	<title>Гандольфи Саймон. Золотая девушка</title>
</book>
<book>
	<filename>gandolfi_saimon/gandolfi_saimon_zolotaya_mest.fb2.zip</filename>
	<title>Гандольфи Саймон. Золотая месть</title>
</book>
<book>
	<filename>gandolfi_saimon/gandolfi_saimon_zolotaya_pautina.fb2.zip</filename>
	<title>Гандольфи Саймон. Золотая паутина</title>
</book>
<book>
	<filename>ganichev_valerii/ganichev_valerii_ross_nepobedimyi.fb2.zip</filename>
	<title>Ганичев Валерий Николаевич. Росс непобедимый...</title>
</book>
<book>
	<filename>ganichev_valerii/ganichev_valerii_ushakov.fb2.zip</filename>
	<title>Ганичев Валерий Николаевич. Ушаков</title>
</book>
<book>
	<filename>ganina_maiya/ganina_maiya_tyapkin_i_lyosha.fb2.zip</filename>
	<title>Ганина Майя Анатольевна. Тяпкин и Лёша</title>
</book>
<book>
	<filename>gann_dzheims/gann_dzheims_bessmertnye.fb2.zip</filename>
	<title>Ганн Джеймс. Бессмертные</title>
</book>
<book>
	<filename>gann_dzheims/gann_dzheims_mirkrepost.fb2.zip</filename>
	<title>Ганн Джеймс. Мир-крепость</title>
</book>
<book>
	<filename>gann_dzheims/gann_dzheims_slushayushie.fb2.zip</filename>
	<title>Ганн Джеймс. Слушающие</title>
</book>
<book>
	<filename>gann_dzheims/gann_dzheims_vnemlyushie_nebesam.fb2.zip</filename>
	<title>Ганн Джеймс. Внемлющие небесам</title>
</book>

</books>

