<?xml version="1.0" encoding="UTF-8" ?>
<books>
<book>
	<filename>garland_alex/garland_alex_the_beach.fb2.zip</filename>
	<title>Garland Alex. The Beach</title>
</book>
<book>
	<filename>garlend_aleks/garlend_aleks_plyazh.fb2.zip</filename>
	<title>Гарленд Алекс. Пляж</title>
</book>
<book>
	<filename>garlend_hyemlin/garlend_hyemlin_staraya_gvardiya_odinokogo_volka.fb2.zip</filename>
	<title>Гарленд Хэмлин. Старая гвардия Одинокого Волка</title>
</book>
<book>
	<filename>garlok_doroti/garlok_doroti_put_v_yedem.fb2.zip</filename>
	<title>Гарлок Дороти. Путь в Эдем</title>
</book>
<book>
	<filename>garlok_doroti/garlok_doroti_reka_vechnosti.fb2.zip</filename>
	<title>Гарлок Дороти. Река вечности</title>
</book>
<book>
	<filename>garlok_doroti/garlok_doroti_rokovye_tainy.fb2.zip</filename>
	<title>Гарлок Дороти. Роковые тайны</title>
</book>
<book>
	<filename>garlok_doroti/garlok_doroti_svyataya_predannost.fb2.zip</filename>
	<title>Гарлок Дороти. Святая преданность</title>
</book>
<book>
	<filename>garlok_doroti/garlok_doroti_volshebnyi_cvetok.fb2.zip</filename>
	<title>Гарлок Дороти. Волшебный цветок</title>
</book>
<book>
	<filename>garlok_doroti/garlok_doroti_zdes_carstvuet_lyubov.fb2.zip</filename>
	<title>Гарлок Дороти. Здесь царствует любовь</title>
</book>
<book>
	<filename>garmashroffe_tatyana/garmashroffe_tatyana_golaya_koroleva.fb2.zip</filename>
	<title>Гармаш-Роффе Татьяна. Голая королева</title>
</book>
<book>
	<filename>garmashroffe_tatyana/garmashroffe_tatyana_mesto_smerti_izmenit_nelzya.fb2.zip</filename>
	<title>Гармаш-Роффе Татьяна. Место смерти изменить нельзя</title>
</book>
<book>
	<filename>garmashroffe_tatyana/garmashroffe_tatyana_shalosti_nechistoi_sily.fb2.zip</filename>
	<title>Гармаш-Роффе Татьяна. Шалости нечистой силы</title>
</book>
<book>
	<filename>garmashroffe_tatyana/garmashroffe_tatyana_shantazh_ot_versache.fb2.zip</filename>
	<title>Гармаш-Роффе Татьяна. Шантаж от Версаче</title>
</book>
<book>
	<filename>garmashroffe_tatyana/garmashroffe_tatyana_taina_moego_dvoinika.fb2.zip</filename>
	<title>Гармаш-Роффе Татьяна. Тайна моего двойника</title>
</book>
<book>
	<filename>garmashroffe_tatyana/garmashroffe_tatyana_vedma_dlya_inkvizitora.fb2.zip</filename>
	<title>Гармаш-Роффе Татьяна. Ведьма для инквизитора</title>
</book>
<book>
	<filename>garnaev_aleksandr/garnaev_aleksandr_ayerouzel2.fb2.zip</filename>
	<title>Гарнаев Александр Юрьевич. Аэроузел-2</title>
</book>
<book>
	<filename>garner_alan/garner_alan_luna_v_kanun_gomrata.fb2.zip</filename>
	<title>Гарнер Алан. Луна в канун Гомрата</title>
</book>
<book>
	<filename>garner_alan/garner_alan_volshebnyi_kamen_brizingamena.fb2.zip</filename>
	<title>Гарнер Алан. Волшебный камень Бризингамена</title>
</book>
<book>
	<filename>garnet_dzhei/garnet_dzhei_pohitit_imperatora.fb2.zip</filename>
	<title>Гарнет Джей. Похитить императора</title>
</book>
<book>
	<filename>garnett_dzhuliana/garnett_dzhuliana_klyatva_rycarya.fb2.zip</filename>
	<title>Гарнетт Джулиана. Клятва рыцаря</title>
</book>
<book>
	<filename>garnett_dzhuliana/garnett_dzhuliana_ledi_i_gorec.fb2.zip</filename>
	<title>Гарнетт Джулиана. Леди и горец</title>
</book>
<book>
	<filename>garnett_dzhuliana/garnett_dzhuliana_lyubov_na_ostrie_kinzhala.fb2.zip</filename>
	<title>Гарнетт Джулиана. Любовь на острие кинжала</title>
</book>
<book>
	<filename>garnett_dzhuliana/garnett_dzhuliana_prekrasnaya_koldunya.fb2.zip</filename>
	<title>Гарнетт Джулиана. Прекрасная колдунья</title>
</book>
<book>
	<filename>garrat_dzhuli/garrat_dzhuli_soglasie_na_brak.fb2.zip</filename>
	<title>Гаррат Джули. Согласие на брак</title>
</book>
<book>
	<filename>garret_ryendal/garret_ryendal_delo_ob_opoznanii.fb2.zip</filename>
	<title>Гаррет Рэндал. Дело об опознании</title>
</book>
<book>
	<filename>garret_ryendal/garret_ryendal_delo_o_padenii.fb2.zip</filename>
	<title>Гаррет Рэндал. Дело о падении</title>
</book>
<book>
	<filename>garret_ryendal/garret_ryendal_ipsvichskii_fial.fb2.zip</filename>
	<title>Гаррет Рэндал. Ипсвичский фиал</title>
</book>
<book>
	<filename>garret_ryendal/garret_ryendal_nerazberiha_s_vaidoi.fb2.zip</filename>
	<title>Гаррет Рэндал. Неразбериха с вайдой</title>
</book>
<book>
	<filename>garret_ryendal/garret_ryendal_shestnadcat_klyuchei.fb2.zip</filename>
	<title>Гаррет Рэндал. Шестнадцать ключей</title>
</book>
<book>
	<filename>garret_ryendal/garret_ryendal_sila_voobrazheniya.fb2.zip</filename>
	<title>Гаррет Рэндал. Сила воображения</title>
</book>
<book>
	<filename>garret_ryendal/garret_ryendal_slishkom_mnogo_volshebnikov.fb2.zip</filename>
	<title>Гаррет Рэндал. Слишком много волшебников</title>
</book>
<book>
	<filename>garret_ryendal/garret_ryendal_v_glazah_smotryashego.fb2.zip</filename>
	<title>Гаррет Рэндал. В глазах смотрящего</title>
</book>
<book>
	<filename>garret_ryendal/garret_ryendal_yekspress_na_neapol.fb2.zip</filename>
	<title>Гаррет Рэндал. Экспресс на Неаполь</title>
</book>
<book>
	<filename>garriett_dzhill/garriett_dzhill_lyubvi_ne_skazhesh_net.fb2.zip</filename>
	<title>Гарриетт Джилл. Любви не скажешь нет</title>
</book>
<book>
	<filename>garrison_dzhim/garrison_dzhim_chelovek_kotoryi_otkazalsya_ot_imeni.fb2.zip</filename>
	<title>Гаррисон Джим. Человек, который отказался от имени</title>
</book>
<book>
	<filename>garrison_dzhim/garrison_dzhim_legendy_oseni.fb2.zip</filename>
	<title>Гаррисон Джим. Легенды осени</title>
</book>
<book>
	<filename>garrison_dzhim/garrison_dzhim_mest.fb2.zip</filename>
	<title>Гаррисон Джим. Месть</title>
</book>
<book>
	<filename>garrison_dzhim/garrison_dzhim_zvezdnopolosatyi_kontrakt.fb2.zip</filename>
	<title>Гаррисон Джим. Звездно-полосатый контракт</title>
</book>
<book>
	<filename>garrison_dzhud/garrison_dzhud_krylya_straha.fb2.zip</filename>
	<title>Гаррисон Джуд. Крылья страха</title>
</book>
<book>
	<filename>garrison_garri/garrison_garri_absolyutnoe_oruzhie.fb2.zip</filename>
	<title>Гаррисон Гарри. Абсолютное оружие</title>
</book>
<book>
	<filename>garrison_garri/garrison_garri_amerikanskie_mertvyaki.fb2.zip</filename>
	<title>Гаррисон Гарри. Американские мертвяки</title>
</book>
<book>
	<filename>garrison_garri/garrison_garri_beglec.fb2.zip</filename>
	<title>Гаррисон Гарри. Беглец</title>
</book>
<book>
	<filename>garrison_garri/garrison_garri_bill_geroi_galaktiki_na_planete_butylochnyh_mozgov_na_planete_zakuporennyh_mozgov.fb2.zip</filename>
	<title>Гаррисон Гарри. Билл — герой Галактики на планете Бутылочных мозгов [на планете закупоренных мозгов]</title>
</book>
<book>
	<filename>garrison_garri/garrison_garri_bill_geroi_galaktiki_na_planete_desyati_tysyach_barov.fb2.zip</filename>
	<title>Гаррисон Гарри. Билл, герой Галактики, на планете десяти тысяч баров</title>
</book>
<book>
	<filename>garrison_garri/garrison_garri_bill_geroi_galaktiki_na_planete_robotovrabov.fb2.zip</filename>
	<title>Гаррисон Гарри. Билл, герой Галактики, на планете роботов-рабов</title>
</book>
<book>
	<filename>garrison_garri/garrison_garri_bill_geroi_galaktiki_na_planete_zombivampirov.fb2.zip</filename>
	<title>Гаррисон Гарри. Билл — герой Галактики, на планете зомби-вампиров</title>
</book>
<book>
	<filename>garrison_garri/garrison_garri_bill_geroi_galaktiki_otpravlyaetsya_v_svoi_pervyi_otpusk.fb2.zip</filename>
	<title>Гаррисон Гарри. Билл, герой Галактики, отправляется в свой первый отпуск</title>
</book>
<book>
	<filename>garrison_garri/garrison_garri_bill_geroi_gallaktiki.fb2.zip</filename>
	<title>Гаррисон Гарри. Билл — герой Галлактики</title>
</book>
<book>
	<filename>garrison_garri/garrison_garri_chuma_iz_kosmosa.fb2.zip</filename>
	<title>Гаррисон Гарри. Чума из космоса</title>
</book>
<book>
	<filename>garrison_garri/garrison_garri_chuvstvo_dolga.fb2.zip</filename>
	<title>Гаррисон Гарри. Чувство долга</title>
</book>
<book>
	<filename>garrison_garri/garrison_garri_davlenie.fb2.zip</filename>
	<title>Гаррисон Гарри. Давление</title>
</book>
<book>
	<filename>garrison_garri/garrison_garri_den_posle_konca_sveta.fb2.zip</filename>
	<title>Гаррисон Гарри Максвелл. День после конца света</title>
</book>
<book>
	<filename>garrison_garri/garrison_garri_esli.fb2.zip</filename>
	<title>Гаррисон Гарри Максвелл. Если</title>
</book>
<book>
	<filename>garrison_garri/garrison_garri_fantasticheskaya_saga.fb2.zip</filename>
	<title>Гаррисон Гарри. Фантастическая сага</title>
</book>
<book>
	<filename>garrison_garri/garrison_garri_imperator_i_molot.fb2.zip</filename>
	<title>Гаррисон Гарри. Император и Молот</title>
</book>
<book>
	<filename>garrison_garri/garrison_garri_kak_umiral_staryi_mir.fb2.zip</filename>
	<title>Гаррисон Гарри. Как умирал старый мир</title>
</book>
<book>
	<filename>garrison_garri/garrison_garri_kapitan_bork.fb2.zip</filename>
	<title>Гаррисон Гарри. Капитан Борк</title>
</book>
<book>
	<filename>garrison_garri/garrison_garri_kfaktor.fb2.zip</filename>
	<title>Гаррисон Гарри Максвелл. К-Фактор</title>
</book>
<book>
	<filename>garrison_garri/garrison_garri_kogda_bogi_kuryat_fimiam.fb2.zip</filename>
	<title>Гаррисон Гарри. Когда Боги курят фимиам</title>
</book>
<book>
	<filename>garrison_garri/garrison_garri_kolca_anakondy.fb2.zip</filename>
	<title>Гаррисон Гарри. Кольца анаконды</title>
</book>
<book>
	<filename>garrison_garri/garrison_garri_konnye_varvary.fb2.zip</filename>
	<title>Гаррисон Гарри. Конные варвары</title>
</book>
<book>
	<filename>garrison_garri/garrison_garri_korol_i_imperator.fb2.zip</filename>
	<title>Гаррисон Гарри. Король и Император</title>
</book>
<book>
	<filename>garrison_garri/garrison_garri_kosmicheskie_krysy_ddd.fb2.zip</filename>
	<title>Гаррисон Гарри Максвелл. Космические крысы ДДД</title>
</book>
<book>
	<filename>garrison_garri/garrison_garri_kosmicheskii_vrach.fb2.zip</filename>
	<title>Гаррисон Гарри. Космический врач</title>
</book>
<book>
	<filename>garrison_garri/garrison_garri_krest_i_korol.fb2.zip</filename>
	<title>Гаррисон Гарри. Крест и король</title>
</book>
<book>
	<filename>garrison_garri/garrison_garri_krysa_iz_nerzhaveyushei_stali.fb2.zip</filename>
	<title>Гаррисон Гарри. Крыса из нержавеющей стали</title>
</book>
<book>
	<filename>garrison_garri/garrison_garri_krysa_iz_nerzhaveyushei_stali_poyavlyaetsya_na_svet.fb2.zip</filename>
	<title>Гаррисон Гарри. Крыса из нержавеющей стали появляется на свет</title>
</book>
<book>
	<filename>garrison_garri/garrison_garri_krysa_iz_nerzhaveyushei_stali_prizvana_v_armiyu.fb2.zip</filename>
	<title>Гаррисон Гарри. Крыса из нержавеющей стали призвана в армию</title>
</book>
<book>
	<filename>garrison_garri/garrison_garri_krysa_iz_nerzhaveyushei_stali_spasaet_mir.fb2.zip</filename>
	<title>Гаррисон Гарри. Крыса из нержавеющей стали спасает мир</title>
</book>
<book>
	<filename>garrison_garri/garrison_garri_kvitzelenciya.fb2.zip</filename>
	<title>Гаррисон Гарри. Квитзеленция</title>
</book>
<book>
	<filename>garrison_garri/garrison_garri_linkor_v_naftaline.fb2.zip</filename>
	<title>Гаррисон Гарри. Линкор в нафталине</title>
</book>
<book>
	<filename>garrison_garri/garrison_garri_magazin_igrushek.fb2.zip</filename>
	<title>Гаррисон Гарри. Магазин игрушек</title>
</book>
<book>
	<filename>garrison_garri/garrison_garri_master_na_vse_ruki.fb2.zip</filename>
	<title>Гаррисон Гарри. Мастер на все руки</title>
</book>
<book>
	<filename>garrison_garri/garrison_garri_mest_krysy_iz_nerzhaveyushei_stali.fb2.zip</filename>
	<title>Гаррисон Гарри. Месть крысы из нержавеющей стали</title>
</book>
<book>
	<filename>garrison_garri/garrison_garri_mir_smerti_i_tvari_iz_preispodnei.fb2.zip</filename>
	<title>Гаррисон Гарри. Мир смерти и твари из преисподней</title>
</book>
<book>
	<filename>garrison_garri/garrison_garri_molot_i_krest.fb2.zip</filename>
	<title>Гаррисон Гарри. Молот и крест</title>
</book>
<book>
	<filename>garrison_garri/garrison_garri_nakonecto_pravdivaya_istoriya_frankenshteina.fb2.zip</filename>
	<title>Гаррисон Гарри. Наконец-то правдивая история Франкенштейна</title>
</book>
<book>
	<filename>garrison_garri/garrison_garri_nedrugi_po_razumu.fb2.zip</filename>
	<title>Гаррисон Гарри. Недруги по разуму</title>
</book>
<book>
	<filename>garrison_garri/garrison_garri_nemoi_milton.fb2.zip</filename>
	<title>Гаррисон Гарри. Немой Милтон</title>
</book>
<book>
	<filename>garrison_garri/garrison_garri_neukrotimaya_planeta.fb2.zip</filename>
	<title>Гаррисон Гарри. Неукротимая планета</title>
</book>
<book>
	<filename>garrison_garri/garrison_garri_ni_voiny_ni_zvukov_boya.fb2.zip</filename>
	<title>Гаррисон Гарри. Ни войны, ни звуков боя</title>
</book>
<book>
	<filename>garrison_garri/garrison_garri_odin_shag_s_zemli.fb2.zip</filename>
	<title>Гаррисон Гарри. Один шаг с земли</title>
</book>
<book>
	<filename>garrison_garri/garrison_garri_ot_kazhdogo_po_sposobnostyam.fb2.zip</filename>
	<title>Гаррисон Гарри. От каждого — по способностям</title>
</book>
<book>
	<filename>garrison_garri/garrison_garri_otverzhennyi.fb2.zip</filename>
	<title>Гаррисон Гарри. Отверженный</title>
</book>
<book>
	<filename>garrison_garri/garrison_garri_padayushaya_zvezda.fb2.zip</filename>
	<title>Гаррисон Гарри. Падающая Звезда</title>
</book>
<book>
	<filename>garrison_garri/garrison_garri_planeta_s_kotoroi_ne_vozvrashayutsya.fb2.zip</filename>
	<title>Гаррисон Гарри. Планета, с которой не возвращаются</title>
</book>
<book>
	<filename>garrison_garri/garrison_garri_plenennaya_vselennaya.fb2.zip</filename>
	<title>Гаррисон Гарри. Плененная Вселенная</title>
</book>
<book>
	<filename>garrison_garri/garrison_garri_portret_hudozhnika.fb2.zip</filename>
	<title>Гаррисон Гарри. Портрет художника</title>
</book>
<book>
	<filename>garrison_garri/garrison_garri_posle_shtorma.fb2.zip</filename>
	<title>Гаррисон Гарри. После шторма</title>
</book>
<book>
	<filename>garrison_garri/garrison_garri_prestuplenie.fb2.zip</filename>
	<title>Гаррисон Гарри. Преступление</title>
</book>
<book>
	<filename>garrison_garri/garrison_garri_pronikshii_v_skaly.fb2.zip</filename>
	<title>Гаррисон Гарри. Проникший в скалы</title>
</book>
<book>
	<filename>garrison_garri/garrison_garri_punkt_vtorzheniya_zemlya.fb2.zip</filename>
	<title>Гаррисон Гарри. Пункт вторжения: Земля</title>
</book>
<book>
	<filename>garrison_garri/garrison_garri_rabota_na_sovest.fb2.zip</filename>
	<title>Гаррисон Гарри. Работа на совесть</title>
</book>
<book>
	<filename>garrison_garri/garrison_garri_robot_kotoryi_hotel_vse_znat.fb2.zip</filename>
	<title>Гаррисон Гарри. Робот, который хотел все знать</title>
</book>
<book>
	<filename>garrison_garri/garrison_garri_samyi_velikii_ohotnik.fb2.zip</filename>
	<title>Гаррисон Гарри. Самый великий охотник</title>
</book>
<book>
	<filename>garrison_garri/garrison_garri_skorost_geparda_ryk_lva.fb2.zip</filename>
	<title>Гаррисон Гарри. Скорость гепарда, рык льва</title>
</book>
<book>
	<filename>garrison_garri/garrison_garri_sluchai_v_podzemke.fb2.zip</filename>
	<title>Гаррисон Гарри Максвелл. Случай в подземке</title>
</book>
<book>
	<filename>garrison_garri/garrison_garri_smertnye_muki_prishelca.fb2.zip</filename>
	<title>Гаррисон Гарри. Смертные муки пришельца</title>
</book>
<book>
	<filename>garrison_garri/garrison_garri_spasatelnaya_shlyupka.fb2.zip</filename>
	<title>Гаррисон Гарри. Спасательная шлюпка</title>
</book>
<book>
	<filename>garrison_garri/garrison_garri_stalnaya_krysa_na_manezhe.fb2.zip</filename>
	<title>Гаррисон Гарри. Стальная крыса на манеже</title>
</book>
<book>
	<filename>garrison_garri/garrison_garri_stalnaya_krysa_otpravlyaetsya_v_ad.fb2.zip</filename>
	<title>Гаррисон Гарри. Стальная крыса отправляется в ад</title>
</book>
<book>
	<filename>garrison_garri/garrison_garri_stalnaya_krysa_poet_blyuz.fb2.zip</filename>
	<title>Гаррисон Гарри. Стальная крыса поет блюз</title>
</book>
<book>
	<filename>garrison_garri/garrison_garri_stalnuyu_krysu_v_prezidenty.fb2.zip</filename>
	<title>Гаррисон Гарри. Стальную крысу в президенты!</title>
</book>
<book>
	<filename>garrison_garri/garrison_garri_stan_stalnoi_krysoi_knigaigra_ty_mozhesh_stat_stalnoi_krysoi.fb2.zip</filename>
	<title>Гаррисон Гарри Максвелл. Стань стальной крысой! (Книга-игра) [Ты можешь стать Стальной Крысой!]</title>
</book>
<book>
	<filename>garrison_garri/garrison_garri_svinopas.fb2.zip</filename>
	<title>Гаррисон Гарри. «Свинопас»</title>
</book>
<book>
	<filename>garrison_garri/garrison_garri_trenirovochnyi_polet.fb2.zip</filename>
	<title>Гаррисон Гарри Максвелл. Тренировочный полет</title>
</book>
<book>
	<filename>garrison_garri/garrison_garri_ty_nuzhen_stalnoi_kryse.fb2.zip</filename>
	<title>Гаррисон Гарри. Ты нужен стальной крысе</title>
</book>
<book>
	<filename>garrison_garri/garrison_garri_ucelevshaya_planeta.fb2.zip</filename>
	<title>Гаррисон Гарри. Уцелевшая планета</title>
</book>
<book>
	<filename>garrison_garri/garrison_garri_u_vodopada.fb2.zip</filename>
	<title>Гаррисон Гарри. У водопада</title>
</book>
<book>
	<filename>garrison_garri/garrison_garri_vetvistoe_drevo_yevolyucii.fb2.zip</filename>
	<title>Гаррисон Гарри. Ветвистое древо эволюции</title>
</book>
<book>
	<filename>garrison_garri/garrison_garri_v_logove_lva.fb2.zip</filename>
	<title>Гаррисон Гарри Максвелл. В логове льва</title>
</book>
<book>
	<filename>garrison_garri/garrison_garri_vozvrashenie_v_mir_smerti.fb2.zip</filename>
	<title>Гаррисон Гарри. Возвращение в мир смерти</title>
</book>
<book>
	<filename>garrison_garri/garrison_garri_vozvrashenie_v_yedem.fb2.zip</filename>
	<title>Гаррисон Гарри. Возвращение в Эдем</title>
</book>
<book>
	<filename>garrison_garri/garrison_garri_vrag_u_poroga.fb2.zip</filename>
	<title>Гаррисон Гарри Максвелл. Враг у порога</title>
</book>
<book>
	<filename>garrison_garri/garrison_garri_vremya_dlya_myatezhnika.fb2.zip</filename>
	<title>Гаррисон Гарри. Время для мятежника</title>
</book>
<book>
	<filename>garrison_garri/garrison_garri_vstrechayushaya_delegaciya.fb2.zip</filename>
	<title>Гаррисон Гарри. Встречающая делегация</title>
</book>
<book>
	<filename>garrison_garri/garrison_garri_vybor_po_tyuringu.fb2.zip</filename>
	<title>Гаррисон Гарри. Выбор по Тьюрингу</title>
</book>
<book>
	<filename>garrison_garri/garrison_garri_ya_vypolnyayu_svoyu_rabotu.fb2.zip</filename>
	<title>Гаррисон Гарри. Я выполняю свою работу</title>
</book>
<book>
	<filename>garrison_garri/garrison_garri_yeticheskii_inzhener_specialist_po_yetike_moralist.fb2.zip</filename>
	<title>Гаррисон Гарри. Этический инженер [Специалист по этике; Моралист]</title>
</book>
<book>
	<filename>garrison_garri/garrison_garri_zapad_yedema.fb2.zip</filename>
	<title>Гаррисон Гарри. Запад Эдема</title>
</book>
<book>
	<filename>garrison_garri/garrison_garri_zarya_beskonechnoi_nochi.fb2.zip</filename>
	<title>Гаррисон Гарри Максвелл. Заря бесконечной ночи</title>
</book>
<book>
	<filename>garrison_garri/garrison_garri_zhizn_hudozhnika.fb2.zip</filename>
	<title>Гаррисон Гарри Максвелл. Жизнь художника</title>
</book>
<book>
	<filename>garrison_garri/garrison_garri_zima_v_yedeme.fb2.zip</filename>
	<title>Гаррисон Гарри. Зима в Эдеме</title>
</book>
<book>
	<filename>garrison_garri/garrison_garri_zolotye_gody_stalnoi_krysy.fb2.zip</filename>
	<title>Гаррисон Гарри. Золотые годы Стальной Крысы</title>
</book>
<book>
	<filename>garrison_zoya/garrison_zoya_bolshoe_kino.fb2.zip</filename>
	<title>Гаррисон Зоя. Большое кино</title>
</book>
<book>
	<filename>garros_aleksandr/garros_aleksandr_golovolomka.fb2.zip</filename>
	<title>Гаррос Александр. [Голово]ломка</title>
</book>
<book>
	<filename>garros_aleksandr/garros_aleksandr_novaya_zhizn.fb2.zip</filename>
	<title>Гаррос Александр. Новая жизнь</title>
</book>
<book>
	<filename>garros_aleksandr/garros_aleksandr_seraya_sliz.fb2.zip</filename>
	<title>Гаррос Александр. Серая Слизь</title>
</book>
<book>
	<filename>garshin_vsevolod/garshin_vsevolod_attalea_princeps.fb2.zip</filename>
	<title>Гаршин Всеволод Михайлович. Аttalea princeps</title>
</book>
<book>
	<filename>garshin_vsevolod/garshin_vsevolod_chetyre_dnya.fb2.zip</filename>
	<title>Гаршин Всеволод Михайлович. Четыре дня</title>
</book>
<book>
	<filename>garshin_vsevolod/garshin_vsevolod_krasnyi_cvetok.fb2.zip</filename>
	<title>Гаршин Всеволод Михайлович. Красный цветок</title>
</book>
<book>
	<filename>garshin_vsevolod/garshin_vsevolod_lyagushkaputeshestvennica.fb2.zip</filename>
	<title>Гаршин Всеволод Михайлович. Лягушка-путешественница</title>
</book>
<book>
	<filename>garshin_vsevolod/garshin_vsevolod_signal.fb2.zip</filename>
	<title>Гаршин Всеволод Михайлович. Сигнал</title>
</book>
<book>
	<filename>garshin_vsevolod/garshin_vsevolod_skazka_o_zhabe_i_roze.fb2.zip</filename>
	<title>Гаршин Всеволод Михайлович. Сказка о жабе и розе</title>
</book>
<book>
	<filename>garshin_vsevolod/garshin_vsevolod_trus.fb2.zip</filename>
	<title>Гаршин Всеволод Михайлович. Трус</title>
</book>
<book>
	<filename>garsia_bob/garsia_bob_zaveshanie_sherloka_holmsa.fb2.zip</filename>
	<title>Гарсиа Боб. Завещание Шерлока Холмса</title>
</book>
<book>
	<filename>garsia_lorka_federiko/garsia_lorka_federiko_balaganchik_dona_kristobalya.fb2.zip</filename>
	<title>Гарсиа Лорка Федерико. Балаганчик дона Кристобаля</title>
</book>
<book>
	<filename>garsia_lorka_federiko/garsia_lorka_federiko_chudesnaya_bashmachnica.fb2.zip</filename>
	<title>Гарсиа Лорка Федерико. Чудесная башмачница</title>
</book>
<book>
	<filename>garsia_lorka_federiko/garsia_lorka_federiko_dom_bernardy_alby.fb2.zip</filename>
	<title>Гарсиа Лорка Федерико. Дом Бернарды Альбы</title>
</book>
<book>
	<filename>garsia_lorka_federiko/garsia_lorka_federiko_donya_rosita_devica_ili_yazyk_cvetov.fb2.zip</filename>
	<title>Гарсиа Лорка Федерико. Донья Росита, девица, или Язык цветов</title>
</book>
<book>
	<filename>garsia_lorka_federiko/garsia_lorka_federiko_ierma.fb2.zip</filename>
	<title>Гарсиа Лорка Федерико. Йерма</title>
</book>
<book>
	<filename>garsia_lorka_federiko/garsia_lorka_federiko_ijerma.fb2.zip</filename>
	<title>Гарсиа Лорка Федерико. Йерма</title>
</book>
<book>
	<filename>garsia_lorka_federiko/garsia_lorka_federiko_kogda_proidet_pyat_let.fb2.zip</filename>
	<title>Гарсиа Лорка Федерико. Когда пройдет пять лет</title>
</book>
<book>
	<filename>garsia_lorka_federiko/garsia_lorka_federiko_krovavaya_svadba.fb2.zip</filename>
	<title>Гарсиа Лорка Федерико. Кровавая свадьба</title>
</book>
<book>
	<filename>garsia_lorka_federiko/garsia_lorka_federiko_lyubov_dona_perlimplina.fb2.zip</filename>
	<title>Гарсиа Лорка Федерико. Любовь дона Перлимплина</title>
</book>
<book>
	<filename>garsia_lorka_federiko/garsia_lorka_federiko_maryana_pineda.fb2.zip</filename>
	<title>Гарсиа Лорка Федерико. Марьяна Пинеда</title>
</book>
<book>
	<filename>garsiya_yerik/garsiya_yerik_yasher2_casual_rex.fb2.zip</filename>
	<title>Гарсия Эрик. Ящер-2 [Casual Rex]</title>
</book>
<book>
	<filename>garsiya_yerik/garsiya_yerik_yasher3_hot_sweaty_rex.fb2.zip</filename>
	<title>Гарсия Эрик. Ящер-3 [Hot &amp; sweaty rex]</title>
</book>
<book>
	<filename>garsiya_yerik/garsiya_yerik_yasher_anonimus_rex.fb2.zip</filename>
	<title>Гарсия Эрик. Ящер [Anonimus Rex]</title>
</book>
<book>
	<filename>gart_bret/gart_bret_bludnyi_syn_mistera_tomsona.fb2.zip</filename>
	<title>Гарт Брет. Блудный сын мистера Томсона</title>
</book>
<book>
	<filename>gart_bret/gart_bret_braun_iz_kalaverasa.fb2.zip</filename>
	<title>Гарт Брет. Браун из Калавераса</title>
</book>
<book>
	<filename>gart_bret/gart_bret_chelovek_iz_solano.fb2.zip</filename>
	<title>Гарт Брет. Человек из Солано</title>
</book>
<book>
	<filename>gart_bret/gart_bret_chuchu.fb2.zip</filename>
	<title>Гарт Брет. Чу-Чу</title>
</book>
<book>
	<filename>gart_bret/gart_bret_dzhentlmen_iz_laporta.fb2.zip</filename>
	<title>Гарт Брет. Джентльмен из Лапорта</title>
</book>
<book>
	<filename>gart_bret/gart_bret_dzhinni.fb2.zip</filename>
	<title>Гарт Брет. Джинни</title>
</book>
<book>
	<filename>gart_bret/gart_bret_gabriel_konroi.fb2.zip</filename>
	<title>Гарт Брет. Габриель Конрой</title>
</book>
<book>
	<filename>gart_bret/gart_bret_kak_santa_klaus_prishel_v_simpsonbar.fb2.zip</filename>
	<title>Гарт Брет. Как Санта Клаус пришел в Симпсон-бар</title>
</book>
<book>
	<filename>gart_bret/gart_bret_klarens.fb2.zip</filename>
	<title>Гарт Брет. Кларенс</title>
</book>
<book>
	<filename>gart_bret/gart_bret_kompanon_tennessi.fb2.zip</filename>
	<title>Гарт Брет. Компаньон Теннесси</title>
</book>
<book>
	<filename>gart_bret/gart_bret_kressi.fb2.zip</filename>
	<title>Гарт Брет. Кресси</title>
</book>
<book>
	<filename>gart_bret/gart_bret_malysh_silvestra.fb2.zip</filename>
	<title>Гарт Брет. Малыш Сильвестра</title>
</book>
<book>
	<filename>gart_bret/gart_bret_miggls.fb2.zip</filename>
	<title>Гарт Брет. Мигглс</title>
</book>
<book>
	<filename>gart_bret/gart_bret_mliss.fb2.zip</filename>
	<title>Гарт Брет. Млисс</title>
</book>
<book>
	<filename>gart_bret/gart_bret_montefletskaya_pastoral.fb2.zip</filename>
	<title>Гарт Брет. Монте-Флетская пастораль</title>
</book>
<book>
	<filename>gart_bret/gart_bret_nash_karl.fb2.zip</filename>
	<title>Гарт Брет. «Наш Карл»</title>
</book>
<book>
	<filename>gart_bret/gart_bret_naslednica.fb2.zip</filename>
	<title>Гарт Брет. Наследница</title>
</book>
<book>
	<filename>gart_bret/gart_bret_podopechnye_miss_peggi.fb2.zip</filename>
	<title>Гарт Брет. Подопечные мисс Пегги</title>
</book>
<book>
	<filename>gart_bret/gart_bret_schaste_revushego_stana.fb2.zip</filename>
	<title>Гарт Брет. Счастье Ревущего Стана</title>
</book>
<book>
	<filename>gart_bret/gart_bret_staruha_dzhonsona.fb2.zip</filename>
	<title>Гарт Брет. «Старуха» Джонсона</title>
</book>
<book>
	<filename>gart_bret/gart_bret_stepnoi_naidenysh.fb2.zip</filename>
	<title>Гарт Брет. Степной найденыш</title>
</book>
<book>
	<filename>gart_bret/gart_bret_syuzi.fb2.zip</filename>
	<title>Гарт Брет. Сюзи</title>
</book>
<book>
	<filename>gart_bret/gart_bret_troe_brodyag_iz_trinidada.fb2.zip</filename>
	<title>Гарт Брет. Трое бродяг из Тринидада</title>
</book>
<book>
	<filename>gart_bret/gart_bret_ukradennyi_portsigar.fb2.zip</filename>
	<title>Гарт Брет. Украденный портсигар</title>
</book>
<book>
	<filename>gart_bret/gart_bret_yazychnik_van_li.fb2.zip</filename>
	<title>Гарт Брет. Язычник Вань Ли</title>
</book>
<book>
	<filename>gart_bret/gart_bret_zolotaya_kaliforniya_fryensisa_breta_garta.fb2.zip</filename>
	<title>Гарт Брет. «Золотая Калифорния» Фрэнсиса Брета Гарта</title>
</book>
<book>
	<filename>garver_samanta/garver_samanta_tainyi_shepot.fb2.zip</filename>
	<title>Гарвер Саманта. Тайный шепот</title>
</book>
<book>
	<filename>garvud_dzhuliya/garvud_dzhuliya_angel_hranitel.fb2.zip</filename>
	<title>Гарвуд Джулия. Ангел – хранитель</title>
</book>
<book>
	<filename>garvud_dzhuliya/garvud_dzhuliya_blagorodnyi_voin.fb2.zip</filename>
	<title>Гарвуд Джулия. Благородный воин</title>
</book>
<book>
	<filename>garvud_dzhuliya/garvud_dzhuliya_dar.fb2.zip</filename>
	<title>Гарвуд Джулия. Дар</title>
</book>
<book>
	<filename>garvud_dzhuliya/garvud_dzhuliya_dobryi_angel.fb2.zip</filename>
	<title>Гарвуд Джулия. Добрый ангел</title>
</book>
<book>
	<filename>garvud_dzhuliya/garvud_dzhuliya_dve_rozy.fb2.zip</filename>
	<title>Гарвуд Джулия. Две розы</title>
</book>
<book>
	<filename>garvud_dzhuliya/garvud_dzhuliya_kogda_pridet_vesna.fb2.zip</filename>
	<title>Гарвуд Джулия. Когда придет весна</title>
</book>
<book>
	<filename>garvud_dzhuliya/garvud_dzhuliya_korolevskii_podarok.fb2.zip</filename>
	<title>Гарвуд Джулия. Королевский подарок</title>
</book>
<book>
	<filename>garvud_dzhuliya/garvud_dzhuliya_lvica.fb2.zip</filename>
	<title>Гарвуд Джулия. Львица</title>
</book>
<book>
	<filename>garvud_dzhuliya/garvud_dzhuliya_muzyka_tenei.fb2.zip</filename>
	<title>Гарвуд Джулия. Музыка теней</title>
</book>
<book>
	<filename>garvud_dzhuliya/garvud_dzhuliya_myatezhnaya_strast.fb2.zip</filename>
	<title>Гарвуд Джулия. Мятежная страсть</title>
</book>
<book>
	<filename>garvud_dzhuliya/garvud_dzhuliya_novobrachnaya.fb2.zip</filename>
	<title>Гарвуд Джулия. Новобрачная</title>
</book>
<book>
	<filename>garvud_dzhuliya/garvud_dzhuliya_opasnye_zabavy.fb2.zip</filename>
	<title>Гарвуд Джулия. Опасные забавы</title>
</book>
<book>
	<filename>garvud_dzhuliya/garvud_dzhuliya_prekrasnyi_princ.fb2.zip</filename>
	<title>Гарвуд Джулия. Прекрасный принц</title>
</book>
<book>
	<filename>garvud_dzhuliya/garvud_dzhuliya_provincialnaya_devchonka.fb2.zip</filename>
	<title>Гарвуд Джулия. Провинциальная девчонка</title>
</book>
<book>
	<filename>garvud_dzhuliya/garvud_dzhuliya_riskovannaya_igra.fb2.zip</filename>
	<title>Гарвуд Джулия. Рискованная игра</title>
</book>
<book>
	<filename>garvud_dzhuliya/garvud_dzhuliya_rokovoe_sokrovishe.fb2.zip</filename>
	<title>Гарвуд Джулия. Роковое сокровище</title>
</book>
<book>
	<filename>garvud_dzhuliya/garvud_dzhuliya_skrytaya_yarost.fb2.zip</filename>
	<title>Гарвуд Джулия. Скрытая ярость</title>
</book>
<book>
	<filename>garvud_dzhuliya/garvud_dzhuliya_spisok_zhertv.fb2.zip</filename>
	<title>Гарвуд Джулия. Список жертв</title>
</book>
<book>
	<filename>garvud_dzhuliya/garvud_dzhuliya_svadba.fb2.zip</filename>
	<title>Гарвуд Джулия. Свадьба</title>
</book>
<book>
	<filename>garvud_dzhuliya/garvud_dzhuliya_taina.fb2.zip</filename>
	<title>Гарвуд Джулия. Тайна</title>
</book>
<book>
	<filename>garvud_dzhuliya/garvud_dzhuliya_tanec_tenei.fb2.zip</filename>
	<title>Гарвуд Джулия. Танец теней</title>
</book>
<book>
	<filename>garvud_dzhuliya/garvud_dzhuliya_tri_rozy.fb2.zip</filename>
	<title>Гарвуд Джулия. Три розы</title>
</book>
<book>
	<filename>garvud_dzhuliya/garvud_dzhuliya_velikolepie_chesti.fb2.zip</filename>
	<title>Гарвуд Джулия. Великолепие чести</title>
</book>
<book>
	<filename>garvud_dzhuliya/garvud_dzhuliya_zamki.fb2.zip</filename>
	<title>Гарвуд Джулия. Замки</title>
</book>
<book>
	<filename>garv_yendryu/garv_yendryu_dalnie_peski.fb2.zip</filename>
	<title>Гарв Эндрю. Дальние пески</title>
</book>
<book>
	<filename>garv_yendryu/garv_yendryu_incident_v_kukushke.fb2.zip</filename>
	<title>Гарв Эндрю. Инцидент в «Кукушке»</title>
</book>
<book>
	<filename>garv_yendryu/garv_yendryu_monahi_morya.fb2.zip</filename>
	<title>Гарв Эндрю. Монахи моря</title>
</book>
<book>
	<filename>garv_yendryu/garv_yendryu_nebo_smotrit_na_smert.fb2.zip</filename>
	<title>Гарв Эндрю. Небо смотрит на смерть</title>
</book>
<book>
	<filename>garwood_julie/garwood_julie_castles.fb2.zip</filename>
	<title>Garwood Julie. Castles</title>
</book>
<book>
	<filename>garwood_julie/garwood_julie_for_the_roses.fb2.zip</filename>
	<title>Garwood Julie. For the Roses</title>
</book>
<book>
	<filename>garwood_julie/garwood_julie_gentle_warrior.fb2.zip</filename>
	<title>Garwood Julie. Gentle Warrior</title>
</book>
<book>
	<filename>garwood_julie/garwood_julie_guardian_angel.fb2.zip</filename>
	<title>Garwood Julie. Guardian Angel</title>
</book>
<book>
	<filename>garwood_julie/garwood_julie_heartbreaker.fb2.zip</filename>
	<title>Garwood Julie. Heartbreaker</title>
</book>
<book>
	<filename>garwood_julie/garwood_julie_honors_splendour.fb2.zip</filename>
	<title>Garwood Julie. Honor's Splendour</title>
</book>
<book>
	<filename>garwood_julie/garwood_julie_killjoy.fb2.zip</filename>
	<title>Garwood Julie. Killjoy</title>
</book>
<book>
	<filename>garwood_julie/garwood_julie_mercy.fb2.zip</filename>
	<title>Garwood Julie. Mercy</title>
</book>
<book>
	<filename>garwood_julie/garwood_julie_murder_list.fb2.zip</filename>
	<title>Garwood Julie. Murder List</title>
</book>
<book>
	<filename>garwood_julie/garwood_julie_one_pink_rose_one_white_rose_one_red_rose.fb2.zip</filename>
	<title>Garwood Julie. One Pink Rose, One White Rose, One Red Rose</title>
</book>
<book>
	<filename>garwood_julie/garwood_julie_prince_charming.fb2.zip</filename>
	<title>Garwood Julie. Prince Charming</title>
</book>
<book>
	<filename>garwood_julie/garwood_julie_ransom.fb2.zip</filename>
	<title>Garwood Julie. Ransom</title>
</book>
<book>
	<filename>garwood_julie/garwood_julie_rebellious_desire.fb2.zip</filename>
	<title>Garwood Julie. Rebellious Desire</title>
</book>
<book>
	<filename>garwood_julie/garwood_julie_saving_grace.fb2.zip</filename>
	<title>Garwood Julie. Saving Grace</title>
</book>
<book>
	<filename>garwood_julie/garwood_julie_slow_burn.fb2.zip</filename>
	<title>Garwood Julie. Slow Burn</title>
</book>
<book>
	<filename>garwood_julie/garwood_julie_the_bride.fb2.zip</filename>
	<title>Garwood Julie. The Bride</title>
</book>
<book>
	<filename>garwood_julie/garwood_julie_the_gift.fb2.zip</filename>
	<title>Garwood Julie. The Gift</title>
</book>
<book>
	<filename>garwood_julie/garwood_julie_the_lions_lady.fb2.zip</filename>
	<title>Garwood Julie. The Lion's Lady</title>
</book>
<book>
	<filename>garwood_julie/garwood_julie_the_prize.fb2.zip</filename>
	<title>Garwood Julie. The Prize</title>
</book>
<book>
	<filename>garwood_julie/garwood_julie_the_secret.fb2.zip</filename>
	<title>Garwood Julie. The Secret</title>
</book>
<book>
	<filename>garwood_julie/garwood_julie_the_wedding.fb2.zip</filename>
	<title>Garwood Julie. The Wedding</title>
</book>

</books>

