<?xml version="1.0" encoding="UTF-8" ?>
<books>

<book>
	<filename>gashek_yaroslav/gashek_yaroslav_amsterdamskii_torgovec_chelovechinoi.fb2.zip</filename>
	<title>Гашек Ярослав. Амстердамский торговец человечиной</title>
</book>
<book>
	<filename>gashek_yaroslav/gashek_yaroslav_avstriiskaya_tamozhnya.fb2.zip</filename>
	<title>Гашек Ярослав. Австрийская таможня</title>
</book>
<book>
	<filename>gashek_yaroslav/gashek_yaroslav_beskorystie_druzhby.fb2.zip</filename>
	<title>Гашек Ярослав. Бескорыстие дружбы</title>
</book>
<book>
	<filename>gashek_yaroslav/gashek_yaroslav_biografiya_amerikanca.fb2.zip</filename>
	<title>Гашек Ярослав. Биография американца</title>
</book>
<book>
	<filename>gashek_yaroslav/gashek_yaroslav_blagotvoriteli.fb2.zip</filename>
	<title>Гашек Ярослав. Благотворители</title>
</book>
<book>
	<filename>gashek_yaroslav/gashek_yaroslav_bravyi_soldat_shveik_v_plenu.fb2.zip</filename>
	<title>Гашек Ярослав. Бравый солдат Швейк в плену</title>
</book>
<book>
	<filename>gashek_yaroslav/gashek_yaroslav_cyganskaya_poyeziya.fb2.zip</filename>
	<title>Гашек Ярослав. Цыганская поэзия</title>
</book>
<book>
	<filename>gashek_yaroslav/gashek_yaroslav_delo_gosudarstvennoi_vazhnosti.fb2.zip</filename>
	<title>Гашек Ярослав. Дело государственной важности</title>
</book>
<book>
	<filename>gashek_yaroslav/gashek_yaroslav_finansovyi_krizis.fb2.zip</filename>
	<title>Гашек Ярослав. Финансовый кризис</title>
</book>
<book>
	<filename>gashek_yaroslav/gashek_yaroslav_futbolnyi_match.fb2.zip</filename>
	<title>Гашек Ярослав. Футбольный матч</title>
</book>
<book>
	<filename>gashek_yaroslav/gashek_yaroslav_hvala_bogu.fb2.zip</filename>
	<title>Гашек Ярослав. Хвала богу</title>
</book>
<book>
	<filename>gashek_yaroslav/gashek_yaroslav_istoriya_porosenka_ksavera.fb2.zip</filename>
	<title>Гашек Ярослав. История поросенка Ксавера</title>
</book>
<book>
	<filename>gashek_yaroslav/gashek_yaroslav_kak_ya_torgoval_sobakami.fb2.zip</filename>
	<title>Гашек Ярослав. Как я торговал собаками</title>
</book>
<book>
	<filename>gashek_yaroslav/gashek_yaroslav_konferenciya_po_razoruzheniyu.fb2.zip</filename>
	<title>Гашек Ярослав. Конференция по разоружению</title>
</book>
<book>
	<filename>gashek_yaroslav/gashek_yaroslav_nad_ozerom_balaton.fb2.zip</filename>
	<title>Гашек Ярослав. Над озером Балатон</title>
</book>
<book>
	<filename>gashek_yaroslav/gashek_yaroslav_nasledstvo_shafraneka.fb2.zip</filename>
	<title>Гашек Ярослав. Наследство Шафранека</title>
</book>
<book>
	<filename>gashek_yaroslav/gashek_yaroslav_net_bolshe_romantiki_v_gemere.fb2.zip</filename>
	<title>Гашек Ярослав. Нет больше романтики в Гемере</title>
</book>
<book>
	<filename>gashek_yaroslav/gashek_yaroslav_pohlebka_dlya_bednyh_detei.fb2.zip</filename>
	<title>Гашек Ярослав. Похлебка для бедных детей</title>
</book>
<book>
	<filename>gashek_yaroslav/gashek_yaroslav_pohozhdeniya_bravogo_soldata_shveika.fb2.zip</filename>
	<title>Гашек Ярослав. Похождения бравого солдата Швейка</title>
</book>
<book>
	<filename>gashek_yaroslav/gashek_yaroslav_pohozhdeniya_dyuly_kakoni.fb2.zip</filename>
	<title>Гашек Ярослав. Похождения Дьюлы Какони</title>
</book>
<book>
	<filename>gashek_yaroslav/gashek_yaroslav_poiski_myatezhnikov.fb2.zip</filename>
	<title>Гашек Ярослав. Поиски мятежников</title>
</book>
<book>
	<filename>gashek_yaroslav/gashek_yaroslav_pop_i_mulla.fb2.zip</filename>
	<title>Гашек Ярослав. Поп и мулла</title>
</book>
<book>
	<filename>gashek_yaroslav/gashek_yaroslav_po_sledam_ubiicy.fb2.zip</filename>
	<title>Гашек Ярослав. По следам убийцы</title>
</book>
<book>
	<filename>gashek_yaroslav/gashek_yaroslav_posobie_neimushim_literatoram.fb2.zip</filename>
	<title>Гашек Ярослав. Пособие неимущим литераторам</title>
</book>
<book>
	<filename>gashek_yaroslav/gashek_yaroslav_povest_o_portrete_imperatora_francaiosifa.fb2.zip</filename>
	<title>Гашек Ярослав. Повесть о портрете императора Франца-Иосифа</title>
</book>
<book>
	<filename>gashek_yaroslav/gashek_yaroslav_predvybornye_vystupleniya_cygana_shavanyu.fb2.zip</filename>
	<title>Гашек Ярослав. Предвыборные выступления цыгана Шаваню</title>
</book>
<book>
	<filename>gashek_yaroslav/gashek_yaroslav_primer_iz_zhizni.fb2.zip</filename>
	<title>Гашек Ярослав. Пример из жизни</title>
</book>
<book>
	<filename>gashek_yaroslav/gashek_yaroslav_rasskazy_feletony_pamflety.fb2.zip</filename>
	<title>Гашек Ярослав. Рассказы, фельетоны, памфлеты</title>
</book>
<book>
	<filename>gashek_yaroslav/gashek_yaroslav_razgovor_s_gorzhickim_gradonachalnikom.fb2.zip</filename>
	<title>Гашек Ярослав. Разговор с Горжицким градоначальником</title>
</book>
<book>
	<filename>gashek_yaroslav/gashek_yaroslav_roditeli_i_deti.fb2.zip</filename>
	<title>Гашек Ярослав. Родители и дети</title>
</book>
<book>
	<filename>gashek_yaroslav/gashek_yaroslav_shkola_provokatorov.fb2.zip</filename>
	<title>Гашек Ярослав. Школа провокаторов</title>
</book>
<book>
	<filename>gashek_yaroslav/gashek_yaroslav_sluzhebnoe_rvenie_shtepana_briha_sborshika_poshliny_na_prazhskom_mostu.fb2.zip</filename>
	<title>Гашек Ярослав. Служебное рвение Штепана Бриха, сборщика пошлины на пражском мосту</title>
</book>
<book>
	<filename>gashek_yaroslav/gashek_yaroslav_smert_gorca.fb2.zip</filename>
	<title>Гашек Ярослав. Смерть горца</title>
</book>
<book>
	<filename>gashek_yaroslav/gashek_yaroslav_socialnye_razlichiya.fb2.zip</filename>
	<title>Гашек Ярослав. Социальные различия</title>
</book>
<book>
	<filename>gashek_yaroslav/gashek_yaroslav_spasen.fb2.zip</filename>
	<title>Гашек Ярослав. Спасен</title>
</book>
<book>
	<filename>gashek_yaroslav/gashek_yaroslav_sposob_gospodina_policmeistera.fb2.zip</filename>
	<title>Гашек Ярослав. Способ господина полицмейстера</title>
</book>
<book>
	<filename>gashek_yaroslav/gashek_yaroslav_ushi_svyatogo_martina.fb2.zip</filename>
	<title>Гашек Ярослав. Уши святого Мартина</title>
</book>
<book>
	<filename>gashek_yaroslav/gashek_yaroslav_vino_lesov_vino_zemlyanichnoe.fb2.zip</filename>
	<title>Гашек Ярослав. Вино лесов, вино земляничное</title>
</book>
<book>
	<filename>gashek_yaroslav/gashek_yaroslav_zatorskaya_kanoniya.fb2.zip</filename>
	<title>Гашек Ярослав. Заторская канония</title>
</book>
<book>
	<filename>gashek_yaroslav/gashek_yaroslav_zloklyucheniya_izbiratelya.fb2.zip</filename>
	<title>Гашек Ярослав. Злоключения избирателя</title>
</book>
<book>
	<filename>gaskell_uitni/gaskell_uitni_nastoyashaya_lyubov_i_prochee_vrane.fb2.zip</filename>
	<title>Гаскелл Уитни. Настоящая любовь и прочее вранье</title>
</book>
<book>
	<filename>gaskell_uitni/gaskell_uitni_skoro_tridcat.fb2.zip</filename>
	<title>Гаскелл Уитни. Скоро тридцать</title>
</book>
<book>
	<filename>gaskin_kyetrin/gaskin_kyetrin_zelenoglazka.fb2.zip</filename>
	<title>Гаскин Кэтрин. Зеленоглазка</title>
</book>
<book>
	<filename>gaskoin_dzhil/gaskoin_dzhil_ty_v_moei_vlasti.fb2.zip</filename>
	<title>Гаскойн Джил. Ты в моей власти</title>
</book>
<book>
	<filename>gasparov_mihail/gasparov_mihail_zanimatelnaya_greciya.fb2.zip</filename>
	<title>Гаспаров Михаил. Занимательная Греция</title>
</book>
<book>
	<filename>gastev_aleksei/gastev_aleksei_leonardo_da_vinchi.fb2.zip</filename>
	<title>Гастев Алексей Алексеевич. Леонардо да Винчи</title>
</book>
<book>
	<filename>gastings_syuzen/gastings_syuzen_venera_i_voin.fb2.zip</filename>
	<title>Гастингс Сьюзен. Венера и воин</title>
</book>
<book>
	<filename>gatto_dzhon/gatto_dzhon_fabrika_marionetok_ispoved_shkolnogo_uchitelya.fb2.zip</filename>
	<title>Гатто Джон Тэйлор. Фабрика марионеток. Исповедь школьного учителя</title>
</book>
<book>
	<filename>gauf_vilgelm/gauf_vilgelm_holodnoe_serdce.fb2.zip</filename>
	<title>Гауф Вильгельм. Холодное сердце</title>
</book>
<book>
	<filename>gauf_vilgelm/gauf_vilgelm_karlik_nos.fb2.zip</filename>
	<title>Гауф Вильгельм. Карлик Нос</title>
</book>
<book>
	<filename>gauf_vilgelm/gauf_vilgelm_skazanie_o_guldene_s_izobrazheniem_olenya.fb2.zip</filename>
	<title>Гауф Вильгельм. Сказание о гульдене с изображением оленя</title>
</book>
<book>
	<filename>gauf_vilgelm/gauf_vilgelm_skazki.fb2.zip</filename>
	<title>Гауф Вильгельм. Сказки</title>
</book>
<book>
	<filename>gauzer_genrih/gauzer_genrih_mozggigant.fb2.zip</filename>
	<title>Гаузер Генрих. Мозг-гигант</title>
</book>
<book>
	<filename>gavalda_anna/gavalda_anna_mne_by_hotelos_chtob_menya_ktonibud_gdenibud_zhdal.fb2.zip</filename>
	<title>Гавальда Анна. Мне бы хотелось, чтоб меня кто-нибудь где-нибудь ждал</title>
</book>
<book>
	<filename>gavalda_anna/gavalda_anna_prosto_vmeste.fb2.zip</filename>
	<title>Гавальда Анна. Просто вместе</title>
</book>
<book>
	<filename>gavrilov_dmitrii/gavrilov_dmitrii_nasledie_arkona.fb2.zip</filename>
	<title>Гаврилов Дмитрий. Наследие Аркона</title>
</book>
<book>
	<filename>gavrilov_dmitrii/gavrilov_dmitrii_sobachii_angel.fb2.zip</filename>
	<title>Гаврилов Дмитрий. Собачий ангел</title>
</book>
<book>
	<filename>gavryuchenkov_yurii/gavryuchenkov_yurii_kladoiskatel_i_dospehi_nacistov.fb2.zip</filename>
	<title>Гаврюченков Юрий. Кладоискатель и доспехи нацистов</title>
</book>
<book>
	<filename>gavryuchenkov_yurii/gavryuchenkov_yurii_kladoiskatel_i_sokrovishe_assabaha.fb2.zip</filename>
	<title>Гаврюченков Юрий. Кладоискатель и сокровище ас-Сабаха</title>
</book>
<book>
	<filename>gavryuchenkov_yurii/gavryuchenkov_yurii_kladoiskatel_i_zoloto_shamanov.fb2.zip</filename>
	<title>Гаврюченков Юрий. Кладоискатель и золото шаманов</title>
</book>
<book>
	<filename>gazarov_artur/gazarov_artur_universalnaya_pamyat.fb2.zip</filename>
	<title>Газаров Артур Юрьевич. Универсальная память</title>
</book>
<book>
	<filename>gebbels_ijozef/gebbels_ijozef_dnevniki_1945_goda_poslednie_zapisi.fb2.zip</filename>
	<title>Геббельс Йозеф. Дневники 1945 года. Последние записи</title>
</book>
<book>
	<filename>gebbels_iozef/gebbels_iozef_dnevniki_1945_goda_poslednie_zapisi.fb2.zip</filename>
	<title>Геббельс Йозеф. Дневники 1945 года. Последние записи</title>
</book>
<book>
	<filename>gedeon_roksana/gedeon_roksana_dni_gneva_dni_lyubvi.fb2.zip</filename>
	<title>Гедеон Роксана. Дни гнева, дни любви</title>
</book>
<book>
	<filename>gedeon_roksana/gedeon_roksana_dyhanie_zemli.fb2.zip</filename>
	<title>Гедеон Роксана. Дыхание земли</title>
</book>
<book>
	<filename>gedeon_roksana/gedeon_roksana_feya_semi_lesov.fb2.zip</filename>
	<title>Гедеон Роксана. Фея Семи Лесов</title>
</book>
<book>
	<filename>gedeon_roksana/gedeon_roksana_krai_vechnyh_tumanov.fb2.zip</filename>
	<title>Гедеон Роксана. Край вечных туманов</title>
</book>
<book>
	<filename>gedeon_roksana/gedeon_roksana_parizhskie_bulvary.fb2.zip</filename>
	<title>Гедеон Роксана. Парижские бульвары</title>
</book>
<book>
	<filename>gedeon_roksana/gedeon_roksana_valtasarov_pir.fb2.zip</filename>
	<title>Гедеон Роксана. Валтасаров пир</title>
</book>
<book>
	<filename>gedeon_roksana/gedeon_roksana_velikii_strah.fb2.zip</filename>
	<title>Гедеон Роксана. Великий страх</title>
</book>
<book>
	<filename>geermann_kristian/geermann_kristian_iz_sledstvennoi_praktiki_skotlandyarda.fb2.zip</filename>
	<title>Геерманн Кристиан. Из следственной практики Скотланд-Ярда</title>
</book>
<book>
	<filename>gegel_fridrih/gegel_fridrih_narodnaya_religiya_i_hristianstvo.fb2.zip</filename>
	<title>Гегель Фридрих Георг Вильгельм. Народная религия и христианство</title>
</book>
<book>
	<filename>geidzh_paulina/geidzh_paulina_iskushenie_bogini.fb2.zip</filename>
	<title>Гейдж Паулина. Искушение богини</title>
</book>
<book>
	<filename>geidzh_paulina/geidzh_paulina_iskushenie_faraona.fb2.zip</filename>
	<title>Гейдж Паулина. Искушение фараона</title>
</book>
<book>
	<filename>geidzh_paulina/geidzh_paulina_proklyatie_lyubvi.fb2.zip</filename>
	<title>Гейдж Паулина. Проклятие любви</title>
</book>
<book>
	<filename>geidzh_ryendi/geidzh_ryendi_101_klyuch_k_vashemu_procvetaniyu.fb2.zip</filename>
	<title>Гейдж Рэнди. 101 ключ к вашему процветанию</title>
</book>
<book>
	<filename>geidzh_ryendi/geidzh_ryendi_pochemu_vy_glupy_bolny_i_bedny.fb2.zip</filename>
	<title>Гейдж Рэнди. Почему вы глупы, больны и бедны…</title>
</book>
<book>
	<filename>geidzh_yelizabet/geidzh_yelizabet_masterskii_udar.fb2.zip</filename>
	<title>Гейдж Элизабет. Мастерский удар</title>
</book>
<book>
	<filename>geidzh_yelizabet/geidzh_yelizabet_melknul_chulok.fb2.zip</filename>
	<title>Гейдж Элизабет. Мелькнул чулок</title>
</book>
<book>
	<filename>geidzh_yelizabet/geidzh_yelizabet_tabu.fb2.zip</filename>
	<title>Гейдж Элизабет. Табу</title>
</book>
<book>
	<filename>geidzh_yelizabet/geidzh_yelizabet_yashik_pandory_knigi_1_2.fb2.zip</filename>
	<title>Гейдж Элизабет. Ящик Пандоры. Книги 1 – 2</title>
</book>
<book>
	<filename>geidzh_yelizabet/geidzh_yelizabet_yashik_pandory_knigi_3_4.fb2.zip</filename>
	<title>Гейдж Элизабет. Ящик Пандоры. Книги 3 – 4</title>
</book>
<book>
	<filename>geiko_yurii/geiko_yurii_avtolikbez.fb2.zip</filename>
	<title>Гейко Юрий Васильевич. Автоликбез</title>
</book>
<book>
	<filename>geiko_yurii/geiko_yurii_kak_za_rulem_i_vyzhit_i_udovolstvie_poluchit.fb2.zip</filename>
	<title>Гейко Юрий Васильевич. Как за рулем и выжить, и удовольствие получить</title>
</book>
<book>
	<filename>geilen_shana/geilen_shana_ohota_za_zhenihom.fb2.zip</filename>
	<title>Гейлен Шана. Охота за женихом</title>
</book>
<book>
	<filename>geil_maik/geil_maik_skoro_tridcat.fb2.zip</filename>
	<title>Гейл Майк. Скоро тридцать</title>
</book>
<book>
	<filename>geil_syuzen/geil_syuzen_odinokoe_serdce.fb2.zip</filename>
	<title>Гейл Сьюзен. Одинокое сердце</title>
</book>
<book>
	<filename>geiman_nil/geiman_nil_amerikanskie_bogi.fb2.zip</filename>
	<title>Гейман Нил. Американские боги</title>
</book>
<book>
	<filename>geiman_nil/geiman_nil_delo_soroka_semi_sorok.fb2.zip</filename>
	<title>Гейман Нил. Дело сорока семи сорок</title>
</book>
<book>
	<filename>geiman_nil/geiman_nil_deti_anansi.fb2.zip</filename>
	<title>Гейман Нил. Дети Ананси</title>
</book>
<book>
	<filename>geiman_nil/geiman_nil_dobrye_predznamenovaniya.fb2.zip</filename>
	<title>Гейман Нил. Добрые предзнаменования</title>
</book>
<book>
	<filename>geiman_nil/geiman_nil_dobrye_predznamenovaniya_per_v_verbickogo.fb2.zip</filename>
	<title>Гейман Нил. Добрые предзнаменования (пер. В. Вербицкого)</title>
</book>
<book>
	<filename>geiman_nil/geiman_nil_dym_i_zerkala.fb2.zip</filename>
	<title>Гейман Нил. Дым и зеркала</title>
</book>
<book>
	<filename>geiman_nil/geiman_nil_koralain.fb2.zip</filename>
	<title>Гейман Нил. Коралайн</title>
</book>
<book>
	<filename>geiman_nil/geiman_nil_pyatnadcat_raskrashennyh_kart_iz_kolody_vampira.fb2.zip</filename>
	<title>Гейман Нил. Пятнадцать раскрашенных карт из колоды вампира</title>
</book>
<book>
	<filename>geiman_nil/geiman_nil_specialnoe_predlozhenie.fb2.zip</filename>
	<title>Гейман Нил. Специальное предложение</title>
</book>
<book>
	<filename>geiman_nil/geiman_nil_suveniry_i_sokrovisha_istoriya_odnoi_lyubvi.fb2.zip</filename>
	<title>Гейман Нил. Сувениры и сокровища: история одной любви</title>
</book>
<book>
	<filename>geiman_nil/geiman_nil_zadvere.fb2.zip</filename>
	<title>Гейман Нил. Задверье</title>
</book>
<book>
	<filename>geiman_nil/geiman_nil_zvezdnaya_pyl.fb2.zip</filename>
	<title>Гейман Нил. Звездная пыль</title>
</book>
<book>
	<filename>geim_stefan/geim_stefan_agasfer.fb2.zip</filename>
	<title>Гейм Стефан. Агасфер</title>
</book>
<book>
	<filename>geim_stefan/geim_stefan_kniga_carya_davida.fb2.zip</filename>
	<title>Гейм Стефан. Книга царя Давида</title>
</book>
<book>
	<filename>geince_nikolai/geince_nikolai_bessilie_iskusstva.fb2.zip</filename>
	<title>Гейнце Николай Эдуардович. Бессилие искусства</title>
</book>
<book>
	<filename>geince_nikolai/geince_nikolai_doch_velikogo_petra.fb2.zip</filename>
	<title>Гейнце Николай Эдуардович. Дочь Великого Петра</title>
</book>
<book>
	<filename>geince_nikolai/geince_nikolai_ispoved.fb2.zip</filename>
	<title>Гейнце Николай Эдуардович. Исповедь</title>
</book>
<book>
	<filename>geince_nikolai/geince_nikolai_novgorodskaya_volnica.fb2.zip</filename>
	<title>Гейнце Николай Эдуардович. Новгородская вольница</title>
</book>
<book>
	<filename>geince_nikolai/geince_nikolai_pervaya_podlost.fb2.zip</filename>
	<title>Гейнце Николай Эдуардович. Первая подлость</title>
</book>
<book>
	<filename>geince_nikolai/geince_nikolai_peterburgskaya_subretka.fb2.zip</filename>
	<title>Гейнце Николай Эдуардович. Петербургская субретка</title>
</book>
<book>
	<filename>geince_nikolai/geince_nikolai_portret.fb2.zip</filename>
	<title>Гейнце Николай Эдуардович. Портрет</title>
</book>
<book>
	<filename>geince_nikolai/geince_nikolai_scena_iz_zhizni.fb2.zip</filename>
	<title>Гейнце Николай Эдуардович. Сцена из жизни</title>
</book>
<book>
	<filename>geince_nikolai/geince_nikolai_sudnye_dni_velikogo_novgoroda.fb2.zip</filename>
	<title>Гейнце Николай Эдуардович. Судные дни Великого Новгорода</title>
</book>
<book>
	<filename>geince_nikolai/geince_nikolai_v_cirke.fb2.zip</filename>
	<title>Гейнце Николай Эдуардович. В цирке</title>
</book>
<book>
	<filename>geits_bill/geits_bill_biznes_so_skorostyu_mysli.fb2.zip</filename>
	<title>Гейтс Билл. Бизнес со скоростью мысли</title>
</book>
<book>
	<filename>geits_bill/geits_bill_doroga_v_budushee.fb2.zip</filename>
	<title>Гейтс Билл. Дорога в будущее</title>
</book>
<book>
	<filename>geits_oliviya/geits_oliviya_iskuplenie_lyubovyu.fb2.zip</filename>
	<title>Гейтс Оливия. Искупление любовью</title>
</book>
<book>
	<filename>geits_oliviya/geits_oliviya_ulybka_karmen.fb2.zip</filename>
	<title>Гейтс Оливия. Улыбка Кармен</title>
</book>
<book>
	<filename>gelasimov_andrei/gelasimov_andrei_foks_malder_pohozh_na_svinyu.fb2.zip</filename>
	<title>Геласимов Андрей. Фокс Малдер похож на свинью</title>
</book>
<book>
	<filename>gelasimov_andrei/gelasimov_andrei_god_obmana.fb2.zip</filename>
	<title>Геласимов Андрей. Год обмана</title>
</book>
<book>
	<filename>gelasimov_andrei/gelasimov_andrei_zhazhda.fb2.zip</filename>
	<title>Геласимов Андрей. Жажда</title>
</book>
<book>
	<filename>geldlin_mishel/geldlin_mishel_veter_umiraet_v_polden.fb2.zip</filename>
	<title>Гельдлин Мишель. Ветер умирает в полдень</title>
</book>
<book>
	<filename>geliodor_/geliodor__yefiopika.fb2.zip</filename>
	<title>Гелиодор. Эфиопика</title>
</book>
<book>
	<filename>gemmel_dyevid/gemmel_dyevid_belyi_volk.fb2.zip</filename>
	<title>Геммел Дэвид. Белый Волк</title>
</book>
<book>
	<filename>gemmel_dyevid/gemmel_dyevid_car_kamennyh_vrat.fb2.zip</filename>
	<title>Геммел Дэвид. Царь Каменных Врат</title>
</book>
<book>
	<filename>gemmel_dyevid/gemmel_dyevid_car_prizrakov.fb2.zip</filename>
	<title>Геммел Дэвид. Царь призраков</title>
</book>
<book>
	<filename>gemmel_dyevid/gemmel_dyevid_chernaya_luna.fb2.zip</filename>
	<title>Геммел Дэвид. Черная Луна</title>
</book>
<book>
	<filename>gemmel_dyevid/gemmel_dyevid_drusslegenda.fb2.zip</filename>
	<title>Геммел Дэвид. Друсс-Легенда</title>
</book>
<book>
	<filename>gemmel_dyevid/gemmel_dyevid_krovkamen.fb2.zip</filename>
	<title>Геммел Дэвид. Кровь-камень</title>
</book>
<book>
	<filename>gemmel_dyevid/gemmel_dyevid_legenda.fb2.zip</filename>
	<title>Геммел Дэвид. Легенда</title>
</book>
<book>
	<filename>gemmel_dyevid/gemmel_dyevid_legenda_o_pobratime_smerti.fb2.zip</filename>
	<title>Геммел Дэвид. Легенда о Побратиме Смерти</title>
</book>
<book>
	<filename>gemmel_dyevid/gemmel_dyevid_mechi_dnya_i_nochi.fb2.zip</filename>
	<title>Геммел Дэвид. Мечи Дня и Ночи</title>
</book>
<book>
	<filename>gemmel_dyevid/gemmel_dyevid_nezdeshnii.fb2.zip</filename>
	<title>Геммел Дэвид. Нездешний</title>
</book>
<book>
	<filename>gemmel_dyevid/gemmel_dyevid_polunochnyi_sokol.fb2.zip</filename>
	<title>Геммел Дэвид. Полуночный Сокол</title>
</book>
<book>
	<filename>gemmel_dyevid/gemmel_dyevid_poslednii_hranitel.fb2.zip</filename>
	<title>Геммел Дэвид. Последний Хранитель</title>
</book>
<book>
	<filename>gemmel_dyevid/gemmel_dyevid_poslednii_mech_sily.fb2.zip</filename>
	<title>Геммел Дэвид. Последний Меч Силы</title>
</book>
<book>
	<filename>gemmel_dyevid/gemmel_dyevid_prizraki_gryadushego.fb2.zip</filename>
	<title>Геммел Дэвид. Призраки грядущего</title>
</book>
<book>
	<filename>gemmel_dyevid/gemmel_dyevid_rycari_temnogo_lesa.fb2.zip</filename>
	<title>Геммел Дэвид. Рыцари темного леса</title>
</book>
<book>
	<filename>gemmel_dyevid/gemmel_dyevid_serdce_vorona.fb2.zip</filename>
	<title>Геммел Дэвид. Сердце Ворона</title>
</book>
<book>
	<filename>gemmel_dyevid/gemmel_dyevid_sumerki_geroya.fb2.zip</filename>
	<title>Геммел Дэвид. Сумерки героя</title>
</book>
<book>
	<filename>gemmel_dyevid/gemmel_dyevid_velikoe_zaklyatie.fb2.zip</filename>
	<title>Геммел Дэвид. Великое заклятие</title>
</book>
<book>
	<filename>gemmel_dyevid/gemmel_dyevid_volche_logovo.fb2.zip</filename>
	<title>Геммел Дэвид. Волчье Логово</title>
</book>
<book>
	<filename>gemmel_dyevid/gemmel_dyevid_volk_sredi_tenei.fb2.zip</filename>
	<title>Геммел Дэвид. Волк среди теней</title>
</book>
<book>
	<filename>gemmel_dyevid/gemmel_dyevid_yarostnyi_klinok.fb2.zip</filename>
	<title>Геммел Дэвид. Яростный клинок</title>
</book>
<book>
	<filename>gemmel_dyevid/gemmel_dyevid_yeho_velikoi_pesni.fb2.zip</filename>
	<title>Геммел Дэвид. Эхо Великой Песни</title>
</book>
<book>
	<filename>genacino_vilgelm/genacino_vilgelm_zhenshina_kvartira_roman.fb2.zip</filename>
	<title>Генацино Вильгельм. Женщина, квартира, роман</title>
</book>
<book>
	<filename>genacino_vilgelm/genacino_vilgelm_zontik_na_yetot_den.fb2.zip</filename>
	<title>Генацино Вильгельм. Зонтик на этот день</title>
</book>
<book>
	<filename>genatulin_anatolii/genatulin_anatolii_vot_konchitsya_voina.fb2.zip</filename>
	<title>Генатулин Анатолий Юмабаевич. Вот кончится война...</title>
</book>
<book>
	<filename>genin_mihail/genin_mihail_nevechnye_mysli_yumoristicheskie_miniatyury.fb2.zip</filename>
	<title>Генин Михаил. Невечные мысли: Юмористические миниатюры</title>
</book>
<book>
	<filename>genningson_mihail/genningson_mihail_samouchitel_ezdy_na_avtomobile.fb2.zip</filename>
	<title>Геннингсон Михаил Александрович. Самоучитель езды на автомобиле</title>
</book>
<book>
	<filename>genri_o/genri_o_chya_vina.fb2.zip</filename>
	<title>Генри О. Чья вина?</title>
</book>
<book>
	<filename>genri_o/genri_o_drug_telemak.fb2.zip</filename>
	<title>Генри О. Друг – Телемак</title>
</book>
<book>
	<filename>genri_o/genri_o_ispoved_yumorista.fb2.zip</filename>
	<title>Генри О. Исповедь юмориста</title>
</book>
<book>
	<filename>genri_o/genri_o_iz_sbornika_blagorodnyi_zhulik.fb2.zip</filename>
	<title>Генри О. Из сборника «Благородный жулик»</title>
</book>
<book>
	<filename>genri_o/genri_o_iz_sbornika_chetyre_milliona.fb2.zip</filename>
	<title>Генри О. Из сборника «Четыре миллиона»</title>
</book>
<book>
	<filename>genri_o/genri_o_iz_sbornika_delovye_lyudi.fb2.zip</filename>
	<title>Генри О. Из сборника «Деловые люди»</title>
</book>
<book>
	<filename>genri_o/genri_o_iz_sbornika_dorogi_sudby.fb2.zip</filename>
	<title>Генри О. Из сборника «Дороги судьбы»</title>
</book>
<book>
	<filename>genri_o/genri_o_iz_sbornika_golos_bolshogo_goroda.fb2.zip</filename>
	<title>Генри О. Из сборника «Голос большого города»</title>
</book>
<book>
	<filename>genri_o/genri_o_iz_sbornika_goryashii_svetilnik.fb2.zip</filename>
	<title>Генри О. Из сборника «Горящий светильник»</title>
</book>
<book>
	<filename>genri_o/genri_o_iz_sbornika_kolovrashenie.fb2.zip</filename>
	<title>Генри О. Из сборника «Коловращение»</title>
</book>
<book>
	<filename>genri_o/genri_o_iz_sbornika_na_vybor.fb2.zip</filename>
	<title>Генри О. Из сборника «На выбор»</title>
</book>
<book>
	<filename>genri_o/genri_o_iz_sbornika_pod_lezhachii_kamen.fb2.zip</filename>
	<title>Генри О. Из сборника «Под лежачий камень»</title>
</book>
<book>
	<filename>genri_o/genri_o_iz_sbornika_serdce_zapada.fb2.zip</filename>
	<title>Генри О. Из сборника «Сердце запада»</title>
</book>
<book>
	<filename>genri_o/genri_o_iz_sbornika_vsego_ponemnozhku.fb2.zip</filename>
	<title>Генри О. Из сборника «Всего понемножку»</title>
</book>
<book>
	<filename>genri_o/genri_o_koroli_i_kapusta.fb2.zip</filename>
	<title>Генри О. Короли и капуста</title>
</book>
<book>
	<filename>genri_o/genri_o_poslednii_list.fb2.zip</filename>
	<title>Генри О. Последний лист</title>
</book>
<book>
	<filename>genri_o/genri_o_purpurnoe_plate.fb2.zip</filename>
	<title>Генри О. Пурпурное платье</title>
</book>
<book>
	<filename>genri_o/genri_o_russkie_sobolya.fb2.zip</filename>
	<title>Генри О. Русские соболя</title>
</book>
<book>
	<filename>genri_o/genri_o_serdce_i_krest.fb2.zip</filename>
	<title>Генри О. Сердце и крест</title>
</book>
<book>
	<filename>genri_o/genri_o_son_v_letnyuyu_sush.fb2.zip</filename>
	<title>Генри О. Сон в летнюю сушь</title>
</book>
<book>
	<filename>genri_o/genri_o_spravochnik_gimeneya.fb2.zip</filename>
	<title>Генри О. Справочник Гименея</title>
</book>
<book>
	<filename>genri_o/genri_o_vykup.fb2.zip</filename>
	<title>Генри О. Выкуп</title>
</book>
<book>
	<filename>genri_yernst/genri_yernst_cterilizaciya_cheloveka.fb2.zip</filename>
	<title>Генри Эрнст. Cтерилизация человека</title>
</book>
<book>
	<filename>genri_yernst/genri_yernst_sterilizaciya_cheloveka.fb2.zip</filename>
	<title>Генри Эрнст. Стерилизация человека</title>
</book>
<book>
	<filename>gerantidi_oleg/gerantidi_oleg_na_chuzhoi_territorii.fb2.zip</filename>
	<title>Герантиди Олег. На чужой территории</title>
</book>
<book>
	<filename>gerantidi_oleg/gerantidi_oleg_prevoshodyashimi_silami.fb2.zip</filename>
	<title>Герантиди Олег. Превосходящими силами</title>
</book>
<book>
	<filename>gerasimenko_yurii/gerasimenko_yurii_koli_vmiraje_bezsmertnii.fb2.zip</filename>
	<title>Герасименко Юрiй. Коли вмирає Безсмертний</title>
</book>
<book>
	<filename>gerasimenko_yurii/gerasimenko_yurii_koli_vmiraye_bezsmertnii.fb2.zip</filename>
	<title>Герасименко Юрiй. Коли вмирає Безсмертний</title>
</book>
<book>
	<filename>gerasimov_georgii/gerasimov_georgii_prikladnaya_filosofiya.fb2.zip</filename>
	<title>Герасимов Георгий Михайлович. Прикладная философия</title>
</book>
<book>
	<filename>gerasimov_sergei/gerasimov_sergei_kulinar.fb2.zip</filename>
	<title>Герасимов Сергей. Кулинар</title>
</book>
<book>
	<filename>gerasimov_sergei/gerasimov_sergei_polzushii_medlenno.fb2.zip</filename>
	<title>Герасимов Сергей. Ползущий Медленно</title>
</book>
<book>
	<filename>gerasimov_yu/gerasimov_yu_cherkasov.fb2.zip</filename>
	<title>Герасимов Ю. К. Черкасов</title>
</book>
<book>
	<filename>gerber_dzhina/gerber_dzhina_istoriya_pervoi_lyubvi.fb2.zip</filename>
	<title>Гербер Джина. История первой любви</title>
</book>
<book>
	<filename>gerbert_braian/gerbert_braian_dyuna_batlerianskii_dzhihad.fb2.zip</filename>
	<title>Герберт Брайан. Дюна. Батлерианский джихад</title>
</book>
<book>
	<filename>gerbert_braian/gerbert_braian_dyuna_dom_atreidesov.fb2.zip</filename>
	<title>Герберт Брайан. Дюна: Дом Атрейдесов</title>
</book>
<book>
	<filename>gerbert_braian/gerbert_braian_dyuna_dom_harkonnenov.fb2.zip</filename>
	<title>Герберт Брайан. Дюна: Дом Харконненов</title>
</book>
<book>
	<filename>gerbert_braian/gerbert_braian_dyuna_dom_korrino.fb2.zip</filename>
	<title>Герберт Брайан. Дюна: Дом Коррино</title>
</book>
<book>
	<filename>gerbert_braian/gerbert_braian_mek_dlya_bitya.fb2.zip</filename>
	<title>Герберт Брайан. Мек для битья</title>
</book>
<book>
	<filename>gerbert_braian/gerbert_braian_ohota_za_harkonnenami.fb2.zip</filename>
	<title>Герберт Брайан. Охота за Харконненами</title>
</book>
<book>
	<filename>gerbert_fryenk/gerbert_fryenk_barer_santarogi.fb2.zip</filename>
	<title>Герберт Фрэнк. Барьер Сантароги</title>
</book>
<book>
	<filename>gerbert_fryenk/gerbert_fryenk_belaya_chuma.fb2.zip</filename>
	<title>Герберт Фрэнк. Белая чума</title>
</book>
<book>
	<filename>gerbert_fryenk/gerbert_fryenk_bog_imperator_dyuny.fb2.zip</filename>
	<title>Герберт Фрэнк. Бог — император Дюны</title>
</book>
<book>
	<filename>gerbert_fryenk/gerbert_fryenk_deti_dyuny.fb2.zip</filename>
	<title>Герберт Фрэнк. Дети Дюны</title>
</book>
<book>
	<filename>gerbert_fryenk/gerbert_fryenk_dom_glav_rodov_dyuna.fb2.zip</filename>
	<title>Герберт Фрэнк. Дом глав родов: Дюна</title>
</book>
<book>
	<filename>gerbert_fryenk/gerbert_fryenk_dosadiiskii_yeksperiment.fb2.zip</filename>
	<title>Герберт Фрэнк. Досадийский эксперимент</title>
</book>
<book>
	<filename>gerbert_fryenk/gerbert_fryenk_drakon_v_more.fb2.zip</filename>
	<title>Герберт Фрэнк. Дракон в море</title>
</book>
<book>
	<filename>gerbert_fryenk/gerbert_fryenk_drakon_v_more_pod_davleniem_podlodka_xxigo_veka.fb2.zip</filename>
	<title>Герберт Фрэнк Патрик. Дракон в море ["Под давлением"; «Подлодка XXI-го века»]</title>
</book>
<book>
	<filename>gerbert_fryenk/gerbert_fryenk_dyuna.fb2.zip</filename>
	<title>Герберт Фрэнк. Дюна</title>
</book>
<book>
	<filename>gerbert_fryenk/gerbert_fryenk_eretiki_dyuny.fb2.zip</filename>
	<title>Герберт Фрэнк. Еретики Дюны</title>
</book>
<book>
	<filename>gerbert_fryenk/gerbert_fryenk_faktor_vozneseniya.fb2.zip</filename>
	<title>Герберт Фрэнк. Фактор вознесения</title>
</book>
<book>
	<filename>gerbert_fryenk/gerbert_fryenk_glaza_geizenberga.fb2.zip</filename>
	<title>Герберт Фрэнк. Глаза Гейзенберга</title>
</book>
<book>
	<filename>gerbert_fryenk/gerbert_fryenk_kapitul_dyuny.fb2.zip</filename>
	<title>Герберт Фрэнк. Капитул Дюны</title>
</book>
<book>
	<filename>gerbert_fryenk/gerbert_fryenk_lovec_dush.fb2.zip</filename>
	<title>Герберт Фрэнк. Ловец душ</title>
</book>
<book>
	<filename>gerbert_fryenk/gerbert_fryenk_messiya_dyuny.fb2.zip</filename>
	<title>Герберт Фрэнк. Мессия Дюны</title>
</book>
<book>
	<filename>gerbert_fryenk/gerbert_fryenk_nebesnye_tvorcy.fb2.zip</filename>
	<title>Герберт Фрэнк. Небесные творцы</title>
</book>
<book>
	<filename>gerbert_fryenk/gerbert_fryenk_nebesnye_tvorcy_sozdateli_nebes.fb2.zip</filename>
	<title>Герберт Фрэнк. Небесные творцы [Создатели Небес]</title>
</book>
<book>
	<filename>gerbert_fryenk/gerbert_fryenk_pod_davleniem.fb2.zip</filename>
	<title>Герберт Фрэнк. Под давлением</title>
</book>
<book>
	<filename>gerbert_fryenk/gerbert_fryenk_sozdateli_nebes.fb2.zip</filename>
	<title>Герберт Фрэнк. Создатели небес</title>
</book>
<book>
	<filename>gerbert_fryenk/gerbert_fryenk_ulei_hellstroma.fb2.zip</filename>
	<title>Герберт Фрэнк. Улей Хеллстрома</title>
</book>
<book>
	<filename>gerbert_fryenk/gerbert_fryenk_yashik_pandory.fb2.zip</filename>
	<title>Герберт Фрэнк. Ящик Пандоры</title>
</book>
<book>
	<filename>gerbert_fryenk/gerbert_fryenk_yeffekt_lazarya.fb2.zip</filename>
	<title>Герберт Фрэнк. Эффект Лазаря</title>
</book>
<book>
	<filename>gerbert_fryenk/gerbert_fryenk_zelenyi_mozg.fb2.zip</filename>
	<title>Герберт Фрэнк. Зеленый мозг</title>
</book>
<book>
	<filename>gerbert_fryenk/gerbert_fryenk_zvezda_pod_bichem.fb2.zip</filename>
	<title>Герберт Фрэнк. Звезда под бичем</title>
</book>
<book>
	<filename>gerbert_herbert_fryenk/gerbert_herbert_fryenk_bogimperator_dyuny.fb2.zip</filename>
	<title>Герберт (Херберт) Фрэнк. Бог-император Дюны</title>
</book>
<book>
	<filename>gerbert_herbert_fryenk/gerbert_herbert_fryenk_deti_dyuny.fb2.zip</filename>
	<title>Герберт (Херберт) Фрэнк. Дети Дюны</title>
</book>
<book>
	<filename>gerbert_herbert_fryenk/gerbert_herbert_fryenk_dyuna.fb2.zip</filename>
	<title>Герберт (Херберт) Фрэнк. Дюна</title>
</book>
<book>
	<filename>gerbert_herbert_fryenk/gerbert_herbert_fryenk_eretiki_dyuny.fb2.zip</filename>
	<title>Герберт (Херберт) Фрэнк. Еретики Дюны</title>
</book>
<book>
	<filename>gerbert_herbert_fryenk/gerbert_herbert_fryenk_kapitul_dyuny.fb2.zip</filename>
	<title>Герберт (Херберт) Фрэнк. Капитул Дюны</title>
</book>
<book>
	<filename>gerbert_herbert_fryenk/gerbert_herbert_fryenk_messiya_dyuny.fb2.zip</filename>
	<title>Герберт (Херберт) Фрэнк. Мессия Дюны</title>
</book>

</books>

