<?xml version="1.0" encoding="UTF-8" ?>
<books>
<book>
	<filename>gogol_nikolai/gogol_nikolai_igroki.fb2.zip</filename>
	<title>Гоголь Николай Васильевич. Игроки</title>
</book>
<book>
	<filename>gogol_nikolai/gogol_nikolai_kolyaska.fb2.zip</filename>
	<title>Гоголь Николай Васильевич. Коляска</title>
</book>
<book>
	<filename>gogol_nikolai/gogol_nikolai_lakeiskaya.fb2.zip</filename>
	<title>Гоголь Николай Васильевич. Лакейская</title>
</book>
<book>
	<filename>gogol_nikolai/gogol_nikolai_mertvye_dushi.fb2.zip</filename>
	<title>Гоголь Николай Васильевич. Мертвые души</title>
</book>
<book>
	<filename>gogol_nikolai/gogol_nikolai_nevskii_prospekt.fb2.zip</filename>
	<title>Гоголь Николай Васильевич. Невский проспект</title>
</book>
<book>
	<filename>gogol_nikolai/gogol_nikolai_nos.fb2.zip</filename>
	<title>Гоголь Николай Васильевич. Нос</title>
</book>
<book>
	<filename>gogol_nikolai/gogol_nikolai_otryvok.fb2.zip</filename>
	<title>Гоголь Николай Васильевич. Отрывок</title>
</book>
<book>
	<filename>gogol_nikolai/gogol_nikolai_perepiska_n_v_gogolya_v_dvuh_tomah.fb2.zip</filename>
	<title>Гоголь Николай Васильевич. Переписка Н. В. Гоголя. В двух томах</title>
</book>
<book>
	<filename>gogol_nikolai/gogol_nikolai_portret.fb2.zip</filename>
	<title>Гоголь Николай Васильевич. Портрет</title>
</book>
<book>
	<filename>gogol_nikolai/gogol_nikolai_povest_o_tom_kak_possorilsya_ivan_ivanovich_s_ivanom_nikiforovichem.fb2.zip</filename>
	<title>Гоголь Николай Васильевич. Повесть о том, как поссорился Иван Иванович с Иваном Никифоровичем</title>
</book>
<book>
	<filename>gogol_nikolai/gogol_nikolai_revizor.fb2.zip</filename>
	<title>Гоголь Николай Васильевич. Ревизор</title>
</book>
<book>
	<filename>gogol_nikolai/gogol_nikolai_rim.fb2.zip</filename>
	<title>Гоголь Николай Васильевич. Рим</title>
</book>
<book>
	<filename>gogol_nikolai/gogol_nikolai_russkaya_dramaturgiya_xviii_xix_vv_sbornik.fb2.zip</filename>
	<title>Гоголь Николай Васильевич. Русская драматургия XVIII – XIX вв. (Сборник)</title>
</book>
<book>
	<filename>gogol_nikolai/gogol_nikolai_shinel.fb2.zip</filename>
	<title>Гоголь Николай Васильевич. Шинель</title>
</book>
<book>
	<filename>gogol_nikolai/gogol_nikolai_starosvetskie_pomeshiki.fb2.zip</filename>
	<title>Гоголь Николай Васильевич. Старосветские помещики</title>
</book>
<book>
	<filename>gogol_nikolai/gogol_nikolai_taras_bulba.fb2.zip</filename>
	<title>Гоголь Николай Васильевич. Тарас Бульба</title>
</book>
<book>
	<filename>gogol_nikolai/gogol_nikolai_teatralnyi_razezd_posle_predstavleniya_novoi_komedii.fb2.zip</filename>
	<title>Гоголь Николай Васильевич. Театральный разъезд после представления новой комедии</title>
</book>
<book>
	<filename>gogol_nikolai/gogol_nikolai_tyazhba.fb2.zip</filename>
	<title>Гоголь Николай Васильевич. Тяжба</title>
</book>
<book>
	<filename>gogol_nikolai/gogol_nikolai_utro_delovogo_cheloveka.fb2.zip</filename>
	<title>Гоголь Николай Васильевич. Утро делового человека</title>
</book>
<book>
	<filename>gogol_nikolai/gogol_nikolai_vechera_na_hutore_bliz_dikanki.fb2.zip</filename>
	<title>Гоголь Николай Васильевич. Вечера на хуторе близ Диканьки</title>
</book>
<book>
	<filename>gogol_nikolai/gogol_nikolai_vii.fb2.zip</filename>
	<title>Гоголь Николай Васильевич. Вий</title>
</book>
<book>
	<filename>gogol_nikolai/gogol_nikolai_vybrannye_mesta_iz_perepiski_s_druzyami.fb2.zip</filename>
	<title>Гоголь Николай Васильевич. Выбранные места из переписки с друзьями</title>
</book>
<book>
	<filename>gogol_nikolai/gogol_nikolai_zapiski_sumasshedshego.fb2.zip</filename>
	<title>Гоголь Николай Васильевич. Записки сумасшедшего</title>
</book>
<book>
	<filename>gogol_nikolai/gogol_nikolai_zhenitba.fb2.zip</filename>
	<title>Гоголь Николай Васильевич. Женитьба</title>
</book>
<book>
	<filename>gog_vinsent/gog_vinsent_pisma_k_bratu_teo.fb2.zip</filename>
	<title>Гог Винсент Ван. Письма к брату Тео</title>
</book>
<book>
	<filename>golbah_polanri/golbah_polanri_zdravyi_smysl_ili_idei_estestvennye_protivopostavlennye_ideyam_sverhestestvennym.fb2.zip</filename>
	<title>Гольбах Поль-Анри Дитрих. Здравый смысл, или Идеи естественные противопоставленные идеям сверхъестественным</title>
</book>
<book>
	<filename>golceva_l/golceva_l_sadik_v_kolbe.fb2.zip</filename>
	<title>Гольцева Л. И. Садик в колбе</title>
</book>
<book>
	<filename>goldberg_bryus/goldberg_bryus_prishelcy_iz_budushego_teoriya_i_praktika_puteshestvii_vo_vremeni.fb2.zip</filename>
	<title>Голдберг Брюс. Пришельцы из Будущего: Теория и практика путешествий во времени</title>
</book>
<book>
	<filename>goldberg_lyusen/goldberg_lyusen_devochki_madam_kleo.fb2.zip</filename>
	<title>Гольдберг Люсьен. Девочки мадам Клео</title>
</book>
<book>
	<filename>goldberg_lyusen/goldberg_lyusen_skandaly.fb2.zip</filename>
	<title>Гольдберг Люсьен. Скандалы</title>
</book>
<book>
	<filename>golden_artur/golden_artur_memuary_geishi.fb2.zip</filename>
	<title>Голден Артур. Мемуары гейши</title>
</book>
<book>
	<filename>golden_kristi/golden_kristi_povelitel_klanov.fb2.zip</filename>
	<title>Голден Кристи. Повелитель кланов</title>
</book>
<book>
	<filename>golden_kristi/golden_kristi_tanec_mertvyh.fb2.zip</filename>
	<title>Голден Кристи. Танец мертвых</title>
</book>
<book>
	<filename>golden_kristi/golden_kristi_vampir_tumanov.fb2.zip</filename>
	<title>Голден Кристи. Вампир туманов</title>
</book>
<book>
	<filename>golden_kristofer/golden_kristofer_lesnaya_doroga.fb2.zip</filename>
	<title>Голден Кристофер. Лесная дорога</title>
</book>
<book>
	<filename>golden_kristofer/golden_kristofer_obmannyi_les.fb2.zip</filename>
	<title>Голден Кристофер. Обманный лес</title>
</book>
<book>
	<filename>gold_glen/gold_glen_karter_pobezhdaet_dyavola.fb2.zip</filename>
	<title>Голд Глен Дэвид. Картер побеждает дьявола</title>
</book>
<book>
	<filename>gold_goracii/gold_goracii_chego_stoyat_krylya.fb2.zip</filename>
	<title>Голд Гораций. Чего стоят крылья</title>
</book>
<book>
	<filename>gold_goracii/gold_goracii_vopros_formy.fb2.zip</filename>
	<title>Голд Гораций. Вопрос формы</title>
</book>
<book>
	<filename>golding_uilyam/golding_uilyam_bogskorpion.fb2.zip</filename>
	<title>Голдинг Уильям. Бог-скорпион</title>
</book>
<book>
	<filename>golding_uilyam/golding_uilyam_bumazhnye_lyudishki.fb2.zip</filename>
	<title>Голдинг Уильям. Бумажные людишки</title>
</book>
<book>
	<filename>golding_uilyam/golding_uilyam_chrezvychainyi_posol.fb2.zip</filename>
	<title>Голдинг Уильям. Чрезвычайный посол</title>
</book>
<book>
	<filename>golding_uilyam/golding_uilyam_dvoinoi_yazyk.fb2.zip</filename>
	<title>Голдинг Уильям. Двойной язык</title>
</book>
<book>
	<filename>golding_uilyam/golding_uilyam_hapuga_martin.fb2.zip</filename>
	<title>Голдинг Уильям. Хапуга Мартин</title>
</book>
<book>
	<filename>golding_uilyam/golding_uilyam_klonkklonk.fb2.zip</filename>
	<title>Голдинг Уильям. Клонк-клонк</title>
</book>
<book>
	<filename>golding_uilyam/golding_uilyam_nasledniki.fb2.zip</filename>
	<title>Голдинг Уильям. Наследники</title>
</book>
<book>
	<filename>golding_uilyam/golding_uilyam_piramida.fb2.zip</filename>
	<title>Голдинг Уильям. Пирамида</title>
</book>
<book>
	<filename>golding_uilyam/golding_uilyam_povelitel_muh.fb2.zip</filename>
	<title>Голдинг Уильям. Повелитель мух</title>
</book>
<book>
	<filename>golding_uilyam/golding_uilyam_ritualy_plavaniya.fb2.zip</filename>
	<title>Голдинг Уильям. Ритуалы плавания</title>
</book>
<book>
	<filename>golding_uilyam/golding_uilyam_shpil.fb2.zip</filename>
	<title>Голдинг Уильям. Шпиль</title>
</book>
<book>
	<filename>golding_uilyam/golding_uilyam_svobodnoe_padenie.fb2.zip</filename>
	<title>Голдинг Уильям. Свободное падение</title>
</book>
<book>
	<filename>golding_uilyam/golding_uilyam_zrimaya_tma.fb2.zip</filename>
	<title>Голдинг Уильям. Зримая тьма</title>
</book>
<book>
	<filename>gold_kristi/gold_kristi_nebesnyi_pocelui.fb2.zip</filename>
	<title>Голд Кристи. Небесный поцелуй</title>
</book>
<book>
	<filename>gold_kristi/gold_kristi_takaya_zhelannaya.fb2.zip</filename>
	<title>Голд Кристи. Такая желанная</title>
</book>
<book>
	<filename>goldman_albert/goldman_albert_dzhon_lennon.fb2.zip</filename>
	<title>Голдман Альберт. Джон Леннон</title>
</book>
<book>
	<filename>goldman_uilyam/goldman_uilyam_marafonec.fb2.zip</filename>
	<title>Голдман Уильям. Марафонец</title>
</book>
<book>
	<filename>goldmen_uilyam/goldmen_uilyam_delo_v_tom_chto.fb2.zip</filename>
	<title>Голдмен Уильям. Дело в том, что...</title>
</book>
<book>
	<filename>goldoni_karlo/goldoni_karlo_sluga_dvuh_hozyaev.fb2.zip</filename>
	<title>Гольдони Карло. Слуга двух хозяев</title>
</book>
<book>
	<filename>goldoni_karlo/goldoni_karlo_traktirshica.fb2.zip</filename>
	<title>Гольдони Карло. Трактирщица</title>
</book>
<book>
	<filename>goldsmit_oliviya/goldsmit_oliviya_favoritka_mesyaca.fb2.zip</filename>
	<title>Голдсмит Оливия. Фаворитка месяца</title>
</book>
<book>
	<filename>goldsmit_oliviya/goldsmit_oliviya_klub_pervyh_zhen.fb2.zip</filename>
	<title>Голдсмит Оливия. Клуб Первых Жен</title>
</book>
<book>
	<filename>goldsmit_oliviya/goldsmit_oliviya_krutoi_paren.fb2.zip</filename>
	<title>Голдсмит Оливия. Крутой парень</title>
</book>
<book>
	<filename>goldsmit_oliviya/goldsmit_oliviya_ledi_v_naruchnikah.fb2.zip</filename>
	<title>Голдсмит Оливия. Леди в наручниках</title>
</book>
<book>
	<filename>goldsmit_oliviya/goldsmit_oliviya_lovushka_dlya_muzha.fb2.zip</filename>
	<title>Голдсмит Оливия. Ловушка для мужа</title>
</book>
<book>
	<filename>goldsmit_oliviya/goldsmit_oliviya_semeinyi_striptiz.fb2.zip</filename>
	<title>Голдсмит Оливия. Семейный стриптиз</title>
</book>
<book>
	<filename>goldsmit_oliviya/goldsmit_oliviya_zagadai_zhelanie.fb2.zip</filename>
	<title>Голдсмит Оливия. Загадай желание</title>
</book>
<book>
	<filename>golenishevkutuzov_ilya/golenishevkutuzov_ilya_dante.fb2.zip</filename>
	<title>Голенищев-Кутузов Илья. Данте</title>
</book>
<book>
	<filename>golestan_yebrahim/golestan_yebrahim_dva_dereva.fb2.zip</filename>
	<title>Голестан Эбрахим. Два дерева</title>
</book>
<book>
	<filename>golestan_yebrahim/golestan_yebrahim_gorkaya_dolya.fb2.zip</filename>
	<title>Голестан Эбрахим. Горькая доля</title>
</book>
<book>
	<filename>golestan_yebrahim/golestan_yebrahim_kaleka.fb2.zip</filename>
	<title>Голестан Эбрахим. Калека</title>
</book>
<book>
	<filename>golestan_yebrahim/golestan_yebrahim_karusel.fb2.zip</filename>
	<title>Голестан Эбрахим. Карусель</title>
</book>
<book>
	<filename>golestan_yebrahim/golestan_yebrahim_lyubov_yunyh_let.fb2.zip</filename>
	<title>Голестан Эбрахим. Любовь юных лет</title>
</book>
<book>
	<filename>golestan_yebrahim/golestan_yebrahim_mertvyi_popugai_moego_soseda.fb2.zip</filename>
	<title>Голестан Эбрахим. Мертвый попугай моего соседа</title>
</book>
<book>
	<filename>golestan_yebrahim/golestan_yebrahim_my_s_synom_v_puti.fb2.zip</filename>
	<title>Голестан Эбрахим. Мы с сыном в пути</title>
</book>
<book>
	<filename>golestan_yebrahim/golestan_yebrahim_nerazluchnye_rybki.fb2.zip</filename>
	<title>Голестан Эбрахим. Неразлучные рыбки</title>
</book>
<book>
	<filename>golestan_yebrahim/golestan_yebrahim_padenie.fb2.zip</filename>
	<title>Голестан Эбрахим. Падение</title>
</book>
<book>
	<filename>golestan_yebrahim/golestan_yebrahim_taina_sokrovish_zakoldovannogo_ushelya.fb2.zip</filename>
	<title>Голестан Эбрахим. Тайна сокровищ Заколдованного ущелья</title>
</book>
<book>
	<filename>golestan_yebrahim/golestan_yebrahim_tumannaya_mgla_nad_prilivom.fb2.zip</filename>
	<title>Голестан Эбрахим. Туманная мгла над приливом</title>
</book>
<book>
	<filename>golestan_yebrahim/golestan_yebrahim_v_bare_ayeroporta.fb2.zip</filename>
	<title>Голестан Эбрахим. В баре аэропорта</title>
</book>
<book>
	<filename>golestan_yebrahim/golestan_yebrahim_zharkii_polden_mesyaca_tir.fb2.zip</filename>
	<title>Голестан Эбрахим. Жаркий полдень месяца тир</title>
</book>
<book>
	<filename>golicyn_maksim/golicyn_maksim_gladiatory_nochi.fb2.zip</filename>
	<title>Голицын Максим. Гладиаторы ночи</title>
</book>
<book>
	<filename>golicyn_maksim/golicyn_maksim_glyadyashie_iz_temnoty.fb2.zip</filename>
	<title>Голицын Максим. Глядящие из темноты</title>
</book>
<book>
	<filename>golicyn_sergei/golicyn_sergei_sorok_izyskatelei.fb2.zip</filename>
	<title>Голицын Сергей Михайлович. Сорок изыскателей</title>
</book>
<book>
	<filename>golicyn_sergei/golicyn_sergei_strashnyi_krokozavr_i_ego_deti.fb2.zip</filename>
	<title>Голицын Сергей Михайлович. Страшный Крокозавр и его дети</title>
</book>
<book>
	<filename>golicyn_sergei/golicyn_sergei_taina_starogo_radulya.fb2.zip</filename>
	<title>Голицын Сергей Михайлович. Тайна старого Радуля</title>
</book>
<book>
	<filename>golicyn_sergei/golicyn_sergei_za_berezovymi_knigami.fb2.zip</filename>
	<title>Голицын Сергей Михайлович. За березовыми книгами</title>
</book>
<book>
	<filename>golinkov_david/golinkov_david_pravda_o_vragah_naroda.fb2.zip</filename>
	<title>Голинков Давид Львович. Правда о врагах народа</title>
</book>
<book>
	<filename>golman_iosif/golman_iosif_ne_strelyaite_v_reklamista.fb2.zip</filename>
	<title>Гольман Иосиф. Не стреляйте в рекламиста</title>
</book>
<book>
	<filename>golon_ann/golon_ann_anzhelika.fb2.zip</filename>
	<title>Голон Анн. Анжелика</title>
</book>
<book>
	<filename>golon_ann/golon_ann_anzhelika_i_dyavolica.fb2.zip</filename>
	<title>Голон Анн. Анжелика и дьяволица</title>
</book>
<book>
	<filename>golon_ann/golon_ann_anzhelika_i_ee_lyubov.fb2.zip</filename>
	<title>Голон Анн. Анжелика и ее любовь</title>
</book>
<book>
	<filename>golon_ann/golon_ann_anzhelika_i_korol.fb2.zip</filename>
	<title>Голон Анн. Анжелика и король</title>
</book>
<book>
	<filename>golon_ann/golon_ann_anzhelika_i_zagovor_tenei.fb2.zip</filename>
	<title>Голон Анн. Анжелика и заговор теней</title>
</book>
<book>
	<filename>golon_ann/golon_ann_anzhelika_v_kvebeke.fb2.zip</filename>
	<title>Голон Анн. Анжелика в Квебеке</title>
</book>
<book>
	<filename>golon_ann/golon_ann_anzhelika_v_novom_svete.fb2.zip</filename>
	<title>Голон Анн. Анжелика в Новом Свете</title>
</book>
<book>
	<filename>golon_ann/golon_ann_buntuyushaya_anzhelika.fb2.zip</filename>
	<title>Голон Анн. Бунтующая Анжелика</title>
</book>
<book>
	<filename>golon_ann/golon_ann_doroga_nadezhdy.fb2.zip</filename>
	<title>Голон Анн. Дорога надежды</title>
</book>
<book>
	<filename>golon_ann/golon_ann_iskushenie_anzheliki.fb2.zip</filename>
	<title>Голон Анн. Искушение Анжелики</title>
</book>
<book>
	<filename>golon_ann/golon_ann_neukrotimaya_anzhelika.fb2.zip</filename>
	<title>Голон Анн. Неукротимая Анжелика</title>
</book>
<book>
	<filename>golon_ann/golon_ann_put_v_versal.fb2.zip</filename>
	<title>Голон Анн. Путь в Версаль</title>
</book>
<book>
	<filename>golon_ann/golon_ann_triumf_anzheliki.fb2.zip</filename>
	<title>Голон Анн. Триумф Анжелики</title>
</book>
<book>
	<filename>golon_serzh/golon_serzh_anzhelika.fb2.zip</filename>
	<title>Голон Серж. Анжелика</title>
</book>
<book>
	<filename>golon_serzh/golon_serzh_anzhelika_i_dyavolica.fb2.zip</filename>
	<title>Голон Серж. Анжелика и дьяволица</title>
</book>
<book>
	<filename>golon_serzh/golon_serzh_anzhelika_i_ee_lyubov.fb2.zip</filename>
	<title>Голон Серж. Анжелика и ее любовь</title>
</book>
<book>
	<filename>golon_serzh/golon_serzh_anzhelika_i_korol.fb2.zip</filename>
	<title>Голон Серж. Анжелика и король</title>
</book>
<book>
	<filename>golon_serzh/golon_serzh_anzhelika_i_zagovor_tenei.fb2.zip</filename>
	<title>Голон Серж. Анжелика и заговор теней</title>
</book>
<book>
	<filename>golon_serzh/golon_serzh_anzhelika_v_kvebeke.fb2.zip</filename>
	<title>Голон Серж. Анжелика в Квебеке</title>
</book>
<book>
	<filename>golon_serzh/golon_serzh_anzhelika_v_novom_svete.fb2.zip</filename>
	<title>Голон Серж. Анжелика в Новом Свете</title>
</book>
<book>
	<filename>golon_serzh/golon_serzh_buntuyushaya_anzhelika.fb2.zip</filename>
	<title>Голон Серж. Бунтующая Анжелика</title>
</book>
<book>
	<filename>golon_serzh/golon_serzh_doroga_nadezhdy.fb2.zip</filename>
	<title>Голон Серж. Дорога надежды</title>
</book>
<book>
	<filename>golon_serzh/golon_serzh_iskushenie_anzheliki.fb2.zip</filename>
	<title>Голон Серж. Искушение Анжелики</title>
</book>
<book>
	<filename>golon_serzh/golon_serzh_neukrotimaya_anzhelika.fb2.zip</filename>
	<title>Голон Серж. Неукротимая Анжелика</title>
</book>
<book>
	<filename>golon_serzh/golon_serzh_put_v_versal.fb2.zip</filename>
	<title>Голон Серж. Путь в Версаль</title>
</book>
<book>
	<filename>golon_serzh/golon_serzh_triumf_anzheliki.fb2.zip</filename>
	<title>Голон Серж. Триумф Анжелики</title>
</book>
<book>
	<filename>golosovskii_igor/golosovskii_igor_alyi_kamen.fb2.zip</filename>
	<title>Голосовский Игорь Михайлович. Алый камень</title>
</book>
<book>
	<filename>golosovskii_igor/golosovskii_igor_hochu_verit.fb2.zip</filename>
	<title>Голосовский Игорь Михайлович. Хочу верить…</title>
</book>
<book>
	<filename>golotvina_olga/golotvina_olga_predstavlenie_dlya_bogov.fb2.zip</filename>
	<title>Голотвина Ольга. Представление для богов</title>
</book>
<book>
	<filename>golotvina_olga/golotvina_olga_vstretimsya_v_silurane.fb2.zip</filename>
	<title>Голотвина Ольга. Встретимся в Силуране!</title>
</book>
<book>
	<filename>golovachev_vasilii/golovachev_vasilii_absolyutnyi_igrok.fb2.zip</filename>
	<title>Головачев Василий. Абсолютный игрок</title>
</book>
<book>
	<filename>golovachev_vasilii/golovachev_vasilii_besposhadnyi.fb2.zip</filename>
	<title>Головачев Василий. Беспощадный</title>
</book>
<book>
	<filename>golovachev_vasilii/golovachev_vasilii_bich_vremen.fb2.zip</filename>
	<title>Головачев Василий. Бич времен</title>
</book>
<book>
	<filename>golovachev_vasilii/golovachev_vasilii_boi_ne_vechen.fb2.zip</filename>
	<title>Головачев Василий. Бой не вечен</title>
</book>
<book>
	<filename>golovachev_vasilii/golovachev_vasilii_chernyi_chelovek.fb2.zip</filename>
	<title>Головачев Василий. Черный человек</title>
</book>
<book>
	<filename>golovachev_vasilii/golovachev_vasilii_garantiruyu_zhizn.fb2.zip</filename>
	<title>Головачев Василий. Гарантирую жизнь</title>
</book>
<book>
	<filename>golovachev_vasilii/golovachev_vasilii_ishod_zverya.fb2.zip</filename>
	<title>Головачев Василий. Исход зверя</title>
</book>
<book>
	<filename>golovachev_vasilii/golovachev_vasilii_istrebitel_zakona.fb2.zip</filename>
	<title>Головачев Василий. Истребитель закона</title>
</book>
<book>
	<filename>golovachev_vasilii/golovachev_vasilii_i_vozmezdie_so_mnoyu_chelovek_boya.fb2.zip</filename>
	<title>Головачев Василий. И возмездие со мною (Человек боя)</title>
</book>
<book>
	<filename>golovachev_vasilii/golovachev_vasilii_izbavitel.fb2.zip</filename>
	<title>Головачев Василий. Избавитель</title>
</book>
<book>
	<filename>golovachev_vasilii/golovachev_vasilii_izlom_zla.fb2.zip</filename>
	<title>Головачев Василий. Излом зла</title>
</book>
<book>
	<filename>golovachev_vasilii/golovachev_vasilii_kaliyuga.fb2.zip</filename>
	<title>Головачев Василий. Калиюга</title>
</book>
<book>
	<filename>golovachev_vasilii/golovachev_vasilii_kladbishe_dzhinnov.fb2.zip</filename>
	<title>Головачев Василий. Кладбище джиннов</title>
</book>
<book>
	<filename>golovachev_vasilii/golovachev_vasilii_ko_vremeni_moih_slyoz.fb2.zip</filename>
	<title>Головачев Василий. Ко времени моих слёз</title>
</book>
<book>
	<filename>golovachev_vasilii/golovachev_vasilii_kriptozoi.fb2.zip</filename>
	<title>Головачев Василий. Криптозой</title>
</book>
<book>
	<filename>golovachev_vasilii/golovachev_vasilii_logovo_zverya.fb2.zip</filename>
	<title>Головачев Василий. Логово зверя</title>
</book>
<book>
	<filename>golovachev_vasilii/golovachev_vasilii_magacitly.fb2.zip</filename>
	<title>Головачев Василий. Магацитлы</title>
</book>
<book>
	<filename>golovachev_vasilii/golovachev_vasilii_odinochka.fb2.zip</filename>
	<title>Головачев Василий. Одиночка</title>
</book>
<book>
	<filename>golovachev_vasilii/golovachev_vasilii_osobyi_kontrol.fb2.zip</filename>
	<title>Головачев Василий. Особый контроль</title>
</book>
<book>
	<filename>golovachev_vasilii/golovachev_vasilii_palach_vremen.fb2.zip</filename>
	<title>Головачев Василий. Палач времен</title>
</book>
<book>
	<filename>golovachev_vasilii/golovachev_vasilii_perehvatchik.fb2.zip</filename>
	<title>Головачев Василий. Перехватчик</title>
</book>
<book>
	<filename>golovachev_vasilii/golovachev_vasilii_pole_boya.fb2.zip</filename>
	<title>Головачев Василий. Поле боя</title>
</book>
<book>
	<filename>golovachev_vasilii/golovachev_vasilii_poslannik.fb2.zip</filename>
	<title>Головачев Василий. Посланник</title>
</book>
<book>
	<filename>golovachev_vasilii/golovachev_vasilii_priklyucheniya_denisa_molodcova.fb2.zip</filename>
	<title>Головачев Василий. Приключения Дениса Молодцова</title>
</book>
<book>
	<filename>golovachev_vasilii/golovachev_vasilii_prishestvie.fb2.zip</filename>
	<title>Головачев Василий. Пришествие</title>
</book>
<book>
	<filename>golovachev_vasilii/golovachev_vasilii_razborki_tretego_urovnya.fb2.zip</filename>
	<title>Головачев Василий. Разборки третьего уровня</title>
</book>
<book>
	<filename>golovachev_vasilii/golovachev_vasilii_regulyum.fb2.zip</filename>
	<title>Головачев Василий. Регулюм</title>
</book>
<book>
	<filename>golovachev_vasilii/golovachev_vasilii_shron.fb2.zip</filename>
	<title>Головачев Василий. Схрон</title>
</book>
<book>
	<filename>golovachev_vasilii/golovachev_vasilii_smerch.fb2.zip</filename>
	<title>Головачев Василий. Смерч</title>
</book>
<book>
	<filename>golovachev_vasilii/golovachev_vasilii_smersh2.fb2.zip</filename>
	<title>Головачев Василий. Смерш-2</title>
</book>
<book>
	<filename>golovachev_vasilii/golovachev_vasilii_solo_na_oborvannoi_strune.fb2.zip</filename>
	<title>Головачев Василий. Соло на оборванной струне</title>
</book>
<book>
	<filename>golovachev_vasilii/golovachev_vasilii_spyashii_dzhinn.fb2.zip</filename>
	<title>Головачев Василий. Спящий джинн</title>
</book>
<book>
	<filename>golovachev_vasilii/golovachev_vasilii_ukroshenie_zverya.fb2.zip</filename>
	<title>Головачев Василий. Укрощение зверя</title>
</book>
<book>
	<filename>golovachev_vasilii/golovachev_vasilii_vladyki.fb2.zip</filename>
	<title>Головачев Василий. Владыки</title>
</book>
<book>
	<filename>golovachev_vasilii/golovachev_vasilii_voina_s_dzhinnami.fb2.zip</filename>
	<title>Головачев Василий. Война с джиннами</title>
</book>
<book>
	<filename>golovachev_vasilii/golovachev_vasilii_vozvrashenie_dzhinna.fb2.zip</filename>
	<title>Головачев Василий. Возвращение джинна</title>
</book>
<book>
	<filename>golovachev_vasilii/golovachev_vasilii_vvg_ili_vlast_vremen_garmonii.fb2.zip</filename>
	<title>Головачев Василий. ВВГ, или Власть Времен Гармонии</title>
</book>
<book>
	<filename>golovachev_vasilii/golovachev_vasilii_zapovednik_smerti.fb2.zip</filename>
	<title>Головачев Василий. Заповедник смерти</title>
</book>
<book>
	<filename>golovanivskaya_mariya/golovanivskaya_mariya_protivorechie_po_suti.fb2.zip</filename>
	<title>Голованивская Мария. Противоречие по сути</title>
</book>
<book>
	<filename>golovanov_vadim/golovanov_vadim_novye_russkie_skazki.fb2.zip</filename>
	<title>Голованов Вадим. «Новые русские» сказки</title>
</book>
<book>
	<filename>golovanov_vasilii/golovanov_vasilii_nestor_mahno.fb2.zip</filename>
	<title>Голованов Василий Ярославович. Нестор Махно</title>
</book>
<book>
	<filename>golovanov_vasilii/golovanov_vasilii_ostrov.fb2.zip</filename>
	<title>Голованов Василий. Остров</title>
</book>
<book>
	<filename>golovanov_yaroslav/golovanov_yaroslav_korolev_fakty_i_mify.fb2.zip</filename>
	<title>Голованов Ярослав. Королев: факты и мифы</title>
</book>
<book>
	<filename>golovanov_yaroslav/golovanov_yaroslav_pravda_o_programme_apollo.fb2.zip</filename>
	<title>Голованов Ярослав Кириллович. Правда о программе Apollo</title>
</book>
<book>
	<filename>golovanov_yaroslav/golovanov_yaroslav_yetyudy_ob_uchenyh.fb2.zip</filename>
	<title>Голованов Ярослав. Этюды об ученых</title>
</book>
<book>
	<filename>golovin_s/golovin_s_slovar_prakticheskogo_psihologa.fb2.zip</filename>
	<title>Головин С. Ю. Словарь практического психолога</title>
</book>
<book>
	<filename>golovnin_vasilii/golovnin_vasilii_opisanie_primechatelnyh_korablekrushenii_preterpennyh_russkimi_moreplavatelyami.fb2.zip</filename>
	<title>Головнин Василий Михайлович. Описание примечательных кораблекрушений, претерпенных русскими мореплавателями</title>
</book>
<book>
	<filename>golovnin_vasilii/golovnin_vasilii_v_plenu_u_yaponcev_v_1811_1812_i_1813_godah.fb2.zip</filename>
	<title>Головнин Василий Михайлович. В плену у японцев в 1811, 1812 и 1813 годах</title>
</book>
<book>
	<filename>golsuorsi_dzhon/golsuorsi_dzhon_belaya_obezyana.fb2.zip</filename>
	<title>Голсуорси Джон. Белая обезьяна</title>
</book>
<book>
	<filename>golsuorsi_dzhon/golsuorsi_dzhon_cherez_reku.fb2.zip</filename>
	<title>Голсуорси Джон. Через реку</title>
</book>
<book>
	<filename>golsuorsi_dzhon/golsuorsi_dzhon_cvetok_v_pustyne.fb2.zip</filename>
	<title>Голсуорси Джон. Цветок в пустыне</title>
</book>
<book>
	<filename>golsuorsi_dzhon/golsuorsi_dzhon_interlyudiya_poslednee_leto_forsaita.fb2.zip</filename>
	<title>Голсуорси Джон. Интерлюдия. Последнее лето Форсайта</title>
</book>
<book>
	<filename>golsuorsi_dzhon/golsuorsi_dzhon_interlyudiya_probuzhdenie.fb2.zip</filename>
	<title>Голсуорси Джон. Интерлюдия. Пробуждение</title>
</book>
<book>
	<filename>golsuorsi_dzhon/golsuorsi_dzhon_lebedinaya_pesnya.fb2.zip</filename>
	<title>Голсуорси Джон. Лебединая песня</title>
</book>
<book>
	<filename>golsuorsi_dzhon/golsuorsi_dzhon_rvanyi_bashmak.fb2.zip</filename>
	<title>Голсуорси Джон. Рваный башмак</title>
</book>
<book>
	<filename>golsuorsi_dzhon/golsuorsi_dzhon_sdaetsya_v_naem.fb2.zip</filename>
	<title>Голсуорси Джон. Сдается в наем</title>
</book>
<book>
	<filename>golsuorsi_dzhon/golsuorsi_dzhon_serebryanaya_lozhka.fb2.zip</filename>
	<title>Голсуорси Джон. Серебряная ложка</title>
</book>
<book>
	<filename>golsuorsi_dzhon/golsuorsi_dzhon_sobstvennik.fb2.zip</filename>
	<title>Голсуорси Джон. Собственник</title>
</book>
<book>
	<filename>golsuorsi_dzhon/golsuorsi_dzhon_sovest.fb2.zip</filename>
	<title>Голсуорси Джон. Совесть</title>
</book>
<book>
	<filename>golsuorsi_dzhon/golsuorsi_dzhon_v_ozhidanii.fb2.zip</filename>
	<title>Голсуорси Джон. В ожидании</title>
</book>
<book>
	<filename>golsuorsi_dzhon/golsuorsi_dzhon_v_petle.fb2.zip</filename>
	<title>Голсуорси Джон. В петле</title>
</book>
<book>
	<filename>golubchikova_t/golubchikova_t_ne_rodis_krasivoi_triumfalnoe_vozvrashenie.fb2.zip</filename>
	<title>Голубчикова Т. А. Не родись красивой: Триумфальное возвращение</title>
</book>
<book>
	<filename>golubencev_igor/golubencev_igor_blagopriyatnye_primety_dlya_ohoty_na_kakomicli.fb2.zip</filename>
	<title>Голубенцев Игорь. Благоприятные приметы для охоты на какомицли</title>
</book>
<book>
	<filename>golubev_aleksei/golubev_aleksei_odisseya_barona_urho.fb2.zip</filename>
	<title>Голубев Алексей. Одиссея барона Урхо</title>
</book>
<book>
	<filename>golubev_anatolii/golubev_anatolii_nikto_ne_lyubit_krokodila.fb2.zip</filename>
	<title>Голубев Анатолий. Никто не любит Крокодила</title>
</book>
<book>
	<filename>golubev_anatolii/golubev_anatolii_togda_umiraet_futbol.fb2.zip</filename>
	<title>Голубев Анатолий. Тогда умирает футбол</title>
</book>
<book>
	<filename>golubev_anatolii/golubev_anatolii_ubezhat_ot_sebya.fb2.zip</filename>
	<title>Голубев Анатолий Дмитриевич. Убежать от себя</title>
</book>
<book>
	<filename>golubeva_tatyana/golubeva_tatyana_getto_dlya_angelov.fb2.zip</filename>
	<title>Голубева Татьяна. Гетто для ангелов</title>
</book>
<book>
	<filename>golubeva_tatyana/golubeva_tatyana_na_tebe_greha_ne_budet.fb2.zip</filename>
	<title>Голубева Татьяна. На тебе греха не будет...</title>
</book>
<book>
	<filename>golubev_gleb/golubev_gleb_dolina_proklyataya_allahom.fb2.zip</filename>
	<title>Голубев Глеб. Долина, проклятая Аллахом</title>
</book>
<book>
	<filename>golubev_gleb/golubev_gleb_glas_nebesnyi.fb2.zip</filename>
	<title>Голубев Глеб. Глас небесный</title>
</book>
<book>
	<filename>golubev_gleb/golubev_gleb_pod_chuzhim_imenem.fb2.zip</filename>
	<title>Голубев Глеб. Под чужим именем</title>
</book>
<book>
	<filename>golubev_gleb/golubev_gleb_pytlivyi_strannik.fb2.zip</filename>
	<title>Голубев Глеб. Пытливый странник</title>
</book>
<book>
	<filename>golubev_gleb/golubev_gleb_rodnaya_strana.fb2.zip</filename>
	<title>Голубев Глеб. Родная страна</title>
</book>
<book>
	<filename>golubev_gleb/golubev_gleb_sledstvie_skvoz_veka.fb2.zip</filename>
	<title>Голубев Глеб. Следствие сквозь века</title>
</book>
<book>
	<filename>golubev_gleb/golubev_gleb_sled_zolotogo_olenya.fb2.zip</filename>
	<title>Голубев Глеб. След Золотого Оленя</title>
</book>
<book>
	<filename>golubev_igor/golubev_igor_sobachya_ploshadka.fb2.zip</filename>
	<title>Голубев Игорь. Собачья площадка</title>
</book>
<book>
	<filename>golubickii_sergei/golubickii_sergei_kak_zovut_vashego_boga_velikie_afery_xx_veka.fb2.zip</filename>
	<title>Голубицкий Сергей. Как зовут вашего бога? Великие аферы XX века.</title>
</book>
<book>
	<filename>golubickii_sergei/golubickii_sergei_taktilnaya_saga.fb2.zip</filename>
	<title>Голубицкий Сергей. Тактильная сага</title>
</book>
<book>
	<filename>golubov_sergei/golubov_sergei_kogda_kreposti_ne_sdayutsya.fb2.zip</filename>
	<title>Голубов Сергей Николаевич. Когда крепости не сдаются</title>
</book>
<book>
	<filename>golubov_sergei/golubov_sergei_snimem_tovarishi_shapki.fb2.zip</filename>
	<title>Голубов Сергей Николаевич. Снимем, товарищи, шапки!</title>
</book>
<book>
	<filename>golzen_tomas/golzen_tomas_yeti_strannye_datchane.fb2.zip</filename>
	<title>Гользен Томас. Эти странные датчане</title>
</book>
<book>
	<filename>gombrovich_vitold/gombrovich_vitold_ferdidurka.fb2.zip</filename>
	<title>Гомбрович Витольд. Фердидурка</title>
</book>
<book>
	<filename>gombrovich_vitold/gombrovich_vitold_kosmos.fb2.zip</filename>
	<title>Гомбрович Витольд. Космос</title>
</book>
<book>
	<filename>gombrovich_vitold/gombrovich_vitold_pornografiya.fb2.zip</filename>
	<title>Гомбрович Витольд. Порнография</title>
</book>
<book>
	<filename>gomer_/gomer__iliada_odisseya.fb2.zip</filename>
	<title>Гомер. Илиада. Одиссея</title>
</book>
<book>
	<filename>gomer_/gomer__odisseya_per_va_zhukovskogo.fb2.zip</filename>
	<title>Гомер. Одиссея (пер. В.А. Жуковского)</title>
</book>
<book>
	<filename>gomer_/gomer__odisseya_per_vvveresaeva.fb2.zip</filename>
	<title>Гомер. Одиссея (пер. В.В.Вересаева)</title>
</book>
<book>
	<filename>gomin_les/gomin_les_golgofa.fb2.zip</filename>
	<title>Гомин Лесь. Голгофа</title>
</book>
<book>
	<filename>gomonai_elena/gomonai_elena_velotur_po_gornomu_krymu_peshernye_goroda.fb2.zip</filename>
	<title>Гомонай Елена. Велотур по горному Крыму «Пещерные города»</title>
</book>
<book>
	<filename>goncharov_aleksandr/goncharov_aleksandr_obereg.fb2.zip</filename>
	<title>Гончаров Александр Михайлович. Оберег</title>
</book>
<book>
	<filename>goncharov_ivan/goncharov_ivan_milon_terzanii_kriticheskii_yetyud.fb2.zip</filename>
	<title>Гончаров Иван Александрович. Мильон терзаний (критический этюд)</title>
</book>
<book>
	<filename>goncharov_ivan/goncharov_ivan_oblomov.fb2.zip</filename>
	<title>Гончаров Иван Александрович. Обломов</title>
</book>
<book>
	<filename>goncharov_ivan/goncharov_ivan_obryv.fb2.zip</filename>
	<title>Гончаров Иван Александрович. Обрыв</title>
</book>
<book>
	<filename>goncharov_ivan/goncharov_ivan_obyknovennaya_istoriya.fb2.zip</filename>
	<title>Гончаров Иван Александрович. Обыкновенная история</title>
</book>
<book>
	<filename>goncharov_oleg/goncharov_oleg_boyarin.fb2.zip</filename>
	<title>Гончаров Олег. Боярин</title>
</book>
<book>
	<filename>goncharov_oleg/goncharov_oleg_knyazhich.fb2.zip</filename>
	<title>Гончаров Олег. Княжич</title>
</book>
<book>
	<filename>goncharov_oleg/goncharov_oleg_polonyanin.fb2.zip</filename>
	<title>Гончаров Олег. Полонянин</title>
</book>
<book>
	<filename>goncharov_viktor/goncharov_viktor_zapiski_naemnika.fb2.zip</filename>
	<title>Гончаров Виктор. Записки наемника</title>
</book>
<book>
	<filename>goncharov_yurii/goncharov_yurii_bardadym_korol_chernoi_masti.fb2.zip</filename>
	<title>Гончаров Юрий Даниилович. Бардадым – король черной масти</title>
</book>
<book>
	<filename>goncharov_yurii/goncharov_yurii_bolshoi_marsh_sbornik.fb2.zip</filename>
	<title>Гончаров Юрий Даниилович. Большой марш (сборник)</title>
</book>
<book>
	<filename>goncharov_yurii/goncharov_yurii_celuyu_vashi_ruki.fb2.zip</filename>
	<title>Гончаров Юрий Даниилович. Целую ваши руки</title>
</book>
<book>
	<filename>goncharov_yurii/goncharov_yurii_nuzhnyi_chelovek.fb2.zip</filename>
	<title>Гончаров Юрий Даниилович. Нужный человек</title>
</book>
<book>
	<filename>goncharov_yurii/goncharov_yurii_poslednyaya_zhatva.fb2.zip</filename>
	<title>Гончаров Юрий Даниилович. Последняя жатва</title>
</book>
<book>
	<filename>goncharov_yurii/goncharov_yurii_teper_bezymyannye_neudacha.fb2.zip</filename>
	<title>Гончаров Юрий Даниилович. Теперь – безымянные... (Неудача)</title>
</book>
<book>
	<filename>goncharov_yurii/goncharov_yurii_u_cherty.fb2.zip</filename>
	<title>Гончаров Юрий Даниилович. У черты</title>
</book>
<book>
	<filename>goncharov_yurii/goncharov_yurii_v_sorok_pervom.fb2.zip</filename>
	<title>Гончаров Юрий Даниилович. В сорок первом</title>
</book>
<book>
	<filename>gonik_vladimir/gonik_vladimir_preispodnyaya.fb2.zip</filename>
	<title>Гоник Владимир. Преисподняя</title>
</book>
<book>
	<filename>goodkind_terry/goodkind_terry_chainfire_sword_of_truth_9.fb2.zip</filename>
	<title>Goodkind Terry. Chainfire (Sword of Truth — 9)</title>
</book>
<book>
	<filename>goralik_linor/goralik_linor_martin_ne_plachet.fb2.zip</filename>
	<title>Горалик Линор. Мартин не плачет</title>
</book>
<book>
	<filename>goralik_linor/goralik_linor_net.fb2.zip</filename>
	<title>Горалик Линор. Нет</title>
</book>
<book>
	<filename>gorbacheva_natalya/gorbacheva_natalya_lyubov_kak_lyubov_lobovy_rodovoe_gnezdo.fb2.zip</filename>
	<title>Горбачева Наталья. Любовь как любовь. Лобовы. Родовое гнездо</title>
</book>
<book>
	<filename>gorbachev_mihail/gorbachev_mihail_kak_yeto_bylo_obedinenie_germanii.fb2.zip</filename>
	<title>Горбачев Михаил Сергеевич. Как это было: Объединение Германии</title>
</book>
<book>
	<filename>gorbachev_nikolai/gorbachev_nikolai_zvezdnoe_tyagotenie.fb2.zip</filename>
	<title>Горбачев Николай. Звездное тяготение</title>
</book>
<book>
	<filename>gorbachev_vladimir/gorbachev_vladimir_temnye_prostranstva.fb2.zip</filename>
	<title>Горбачев Владимир. Темные пространства</title>
</book>
<book>
	<filename>gorbachev_vladimir/gorbachev_vladimir_torzhestvo_pobezhdennogo.fb2.zip</filename>
	<title>Горбачев Владимир. Торжество побежденного</title>
</book>
<book>
	<filename>gorbenko_lyudmila/gorbenko_lyudmila_dzhinn_iz_podzemki.fb2.zip</filename>
	<title>Горбенко Людмила. Джинн из подземки</title>
</book>
<book>
	<filename>gorbenko_lyudmila/gorbenko_lyudmila_magnovobranec.fb2.zip</filename>
	<title>Горбенко Людмила. Маг-новобранец</title>
</book>
<book>
	<filename>gorbovskii_aleksandr/gorbovskii_aleksandr_tshetnost.fb2.zip</filename>
	<title>Горбовский Александр. Тщетность</title>
</book>
<book>
	<filename>gorbovskii_aleksandr/gorbovskii_aleksandr_zagadki_drevneishei_istorii.fb2.zip</filename>
	<title>Горбовский Александр. Загадки древнейшей истории</title>
</book>
<book>
	<filename>gorbovskii_aleksandr/gorbovskii_aleksandr_zakrytye_stranicy_istorii.fb2.zip</filename>
	<title>Горбовский Александр. Закрытые страницы истории</title>
</book>

</books>

