<?xml version="1.0" encoding="UTF-8" ?>
<books>

<book>
	<filename>ievlev_pavel/ievlev_pavel_pakgauz.fb2.zip</filename>
	<title> Иевлев Павел. Пакгауз</title>
</book>
<book>
	<filename>igan_greg/igan_greg_vo_tmu.fb2.zip</filename>
	<title> Иган Грег. Во тьму</title>
</book>
<book>
	<filename>ignateva_galina/ignateva_galina_istoriya_yekonomicheskih_uchenii_konspekt_lekcii.fb2.zip</filename>
	<title> Игнатьева Галина. История экономических учений: конспект лекций</title>
</book>
<book>
	<filename>ignatev_sergei/ignatev_sergei_igry_na_krov.fb2.zip</filename>
	<title> Игнатьев Сергей. Игры на кровь</title>
</book>
<book>
	<filename>ignatev_sergei/ignatev_sergei_snezhnyi_vampir.fb2.zip</filename>
	<title> Игнатьев Сергей. Снежный вампир</title>
</book>
<book>
	<filename>ignatova_mariya/ignatova_mariya_17_predmetov_kotorye_prinesut_v_dom_dengi_zdorove_i_lad_v_seme_i_zashitu_ot_lyuboi_bedy.fb2.zip</filename>
	<title> Игнатова Мария. 17 предметов, которые принесут в дом деньги, здоровье и лад в семье и защиту от любой беды</title>
</book>
<book>
	<filename>ignatova_mariya/ignatova_mariya_anastasiya_lesnaya_kulinariya.fb2.zip</filename>
	<title> Игнатова Мария. Анастасия. Лесная кулинария</title>
</book>
<book>
	<filename>ignatova_mariya/ignatova_mariya_anastasiya_vremya_vstrechi_vesna.fb2.zip</filename>
	<title> Игнатова Мария. Анастасия. Время встречи – весна!</title>
</book>
<book>
	<filename>ignatushin_aleksei/ignatushin_aleksei_psy_steregushie_mir.fb2.zip</filename>
	<title> Игнатушин Алексей. Псы, стерегущие мир</title>
</book>
<book>
	<filename>igolkina_inna/igolkina_inna_rukovodstvo_nachinayushego_schastlivchika_ili_vakcina_protiv_leni.fb2.zip</filename>
	<title> Иголкина Инна Николаевна. Руководство начинающего счастливчика, или Вакцина против лени</title>
</book>
<book>
	<filename>ijork_andrea/ijork_andrea_schastlivyi_brak.fb2.zip</filename>
	<title> Йорк Андреа. Счастливый брак</title>
</book>
<book>
	<filename>ilichevskii_aleksandr/ilichevskii_aleksandr_dom_v_meshere.fb2.zip</filename>
	<title> Иличевский Александр. Дом в Мещере</title>
</book>
<book>
	<filename>ilichevskii_aleksandr/ilichevskii_aleksandr_matiss.fb2.zip</filename>
	<title> Иличевский Александр Викторович. Матисс</title>
</book>
<book>
	<filename>ilichevskii_aleksandr/ilichevskii_aleksandr_mister_neft_drug.fb2.zip</filename>
	<title> Иличевский Александр. Мистер Нефть, друг</title>
</book>
<book>
	<filename>ilichevskii_aleksandr/ilichevskii_aleksandr_pers.fb2.zip</filename>
	<title> Иличевский Александр Викторович. Перс</title>
</book>
<book>
	<filename>ilin_a/ilin_a_akusherstvo_i_ginekologiya_konspekt_lekcii.fb2.zip</filename>
	<title> Ильин А. А. Акушерство и гинекология: конспект лекций</title>
</book>
<book>
	<filename>ilina_varvara/ilina_varvara_shpargalka_po_konkurencii.fb2.zip</filename>
	<title> Ильина Варвара Н. Шпаргалка по конкуренции</title>
</book>
<book>
	<filename>ilin_m/ilin_m_kuzovnye_raboty_rihtovka_svarka_pokraska_antikorroziinaya_obrabotka.fb2.zip</filename>
	<title> Ильин М. С. Кузовные работы: Рихтовка, сварка, покраска, антикоррозийная обработка</title>
</book>
<book>
	<filename>ilinskii_igor/ilinskii_igor_sam_o_sebe.fb2.zip</filename>
	<title> Ильинский Игорь Владимирович. Сам о себе</title>
</book>
<book>
	<filename>ilin_vadim/ilin_vadim_tainy_smerti_velikih_lyudei.fb2.zip</filename>
	<title> Ильин Вадим. Тайны смерти великих людей</title>
</book>
<book>
	<filename>illichevskii_aleksandr/illichevskii_aleksandr_matiss.fb2.zip</filename>
	<title> Илличевский Александр. Матисс</title>
</book>
<book>
	<filename>ilvovskii_sergei/ilvovskii_sergei_shest_shestyh.fb2.zip</filename>
	<title> Ильвовский Сергей. Шесть шестых</title>
</book>
<book>
	<filename>imanov_ismail/imanov_ismail_ne_znayu_ne_pomnyu.fb2.zip</filename>
	<title> Иманов Исмаил. Не знаю, не помню</title>
</book>
<book>
	<filename>iofina_irina/iofina_irina_koshki_reksy.fb2.zip</filename>
	<title> Иофина Ирина Олеговна. Кошки – рексы</title>
</book>
<book>
	<filename>iofina_irina/iofina_irina_krysy.fb2.zip</filename>
	<title> Иофина Ирина Олеговна. Крысы</title>
</book>
<book>
	<filename>iofina_irina/iofina_irina_sbor_i_hranenie_urozhaya.fb2.zip</filename>
	<title> Иофина Ирина Олеговна. Сбор и хранение урожая</title>
</book>
<book>
	<filename>iofina_irina/iofina_irina_siamskie_koshki.fb2.zip</filename>
	<title> Иофина Ирина Олеговна. Сиамские кошки</title>
</book>
<book>
	<filename>iofina_irina/iofina_irina_vash_kotenok.fb2.zip</filename>
	<title> Иофина Ирина Олеговна. Ваш котенок</title>
</book>
<book>
	<filename>ionina_nadezhda/ionina_nadezhda_100_velikih_katastrof.fb2.zip</filename>
	<title> Ионина Надежда Алексеевна. 100 великих катастроф</title>
</book>
<book>
	<filename>ionina_nadezhda/ionina_nadezhda_100_velikih_nagrad.fb2.zip</filename>
	<title> Ионина Надежда Алексеевна. 100 великих наград</title>
</book>
<book>
	<filename>ionina_nadezhda/ionina_nadezhda_100_velikih_sokrovish.fb2.zip</filename>
	<title> Ионина Надежда Алексеевна. 100 великих сокровищ</title>
</book>
<book>
	<filename>irtenina_natalya/irtenina_natalya_aut.fb2.zip</filename>
	<title> Иртенина Наталья. Аут</title>
</book>
<book>
	<filename>irtenina_natalya/irtenina_natalya_gulyat_po_vode.fb2.zip</filename>
	<title> Иртенина Наталья. Гулять по воде</title>
</book>
<book>
	<filename>irtenina_natalya/irtenina_natalya_imperativ_budushego_ili_kak_nam_obustroit_pravoslavnyi_literaturnyi_masskult_na_primere_fantastiki.fb2.zip</filename>
	<title> Иртенина Наталья. Императив будущего, или Как нам обустроить православный литературный масскульт (на примере фантастики)</title>
</book>
<book>
	<filename>irtenina_natalya/irtenina_natalya_mezh_zybyu_i_zvezdoyu_dve_bespredelnosti_fi_tyutcheva.fb2.zip</filename>
	<title> Иртенина Наталья. «Меж зыбью и звездою» («Две беспредельности» Ф.И. Тютчева)</title>
</book>
<book>
	<filename>irtenina_natalya/irtenina_natalya_raby_ne_my_manifest_karamzinskogo_kluba.fb2.zip</filename>
	<title> Иртенина Наталья. Рабы не мы (Манифест «Карамзинского клуба»)</title>
</book>
<book>
	<filename>irtenina_natalya/irtenina_natalya_rakursy.fb2.zip</filename>
	<title> Иртенина Наталья. Ракурсы</title>
</book>
<book>
	<filename>irtenina_natalya/irtenina_natalya_skrip.fb2.zip</filename>
	<title> Иртенина Наталья. Скрип</title>
</book>
<book>
	<filename>irtenina_natalya/irtenina_natalya_svyatost_kak_nacionalnaya_ideya_ioann_kronshtadskii.fb2.zip</filename>
	<title> Иртенина Наталья. Святость как национальная идея. Иоанн Кронштадский</title>
</book>
<book>
	<filename>irtenina_natalya/irtenina_natalya_tradiciya_i_uskolzayushie_smysly_bytiya.fb2.zip</filename>
	<title> Иртенина Наталья. Традиция и ускользающие смыслы бытия</title>
</book>
<book>
	<filename>irtenina_natalya/irtenina_natalya_trudno_byt_besom.fb2.zip</filename>
	<title> Иртенина Наталья. Трудно быть бесом</title>
</book>
<book>
	<filename>irtenina_natalya/irtenina_natalya_ustavshee_vremya.fb2.zip</filename>
	<title> Иртенина Наталья. Уставшее время</title>
</book>
<book>
	<filename>irtenina_natalya/irtenina_natalya_volchii_gon.fb2.zip</filename>
	<title> Иртенина Наталья. Волчий гон</title>
</book>
<book>
	<filename>irtenina_natalya/irtenina_natalya_ya_yeto_ty.fb2.zip</filename>
	<title> Иртенина Наталья. Я – это ты</title>
</book>
<book>
	<filename>irtenina_natalya/irtenina_natalya_zastenok.fb2.zip</filename>
	<title> Иртенина Наталья. Застенок</title>
</book>
<book>
	<filename>irtenina_natalya/irtenina_natalya_zhelezyaka_i_balamut.fb2.zip</filename>
	<title> Иртенина Наталья. Железяка и Баламут</title>
</book>
<book>
	<filename>irtenina_natalya/irtenina_natalya_zov_labirinta.fb2.zip</filename>
	<title> Иртенина Наталья. Зов лабиринта</title>
</book>
<book>
	<filename>irving_vashington/irving_vashington_zhizn_magometa.fb2.zip</filename>
	<title> Ирвинг Вашингтон. Жизнь Магомета</title>
</book>
<book>
	<filename>isaeva_elena/isaeva_elena_anticellyulitnaya_gimnastika_rovnaya_gladkaya_kozha_za_1_mesyac.fb2.zip</filename>
	<title> Исаева Елена Львовна. Антицеллюлитная гимнастика. Ровная гладкая кожа за 1 месяц</title>
</book>
<book>
	<filename>isaeva_elena/isaeva_elena_borshi_supy_bulony.fb2.zip</filename>
	<title> Исаева Елена Львовна. Борщи, супы, бульоны</title>
</book>
<book>
	<filename>isaeva_elena/isaeva_elena_detskii_massazh_poyetapnoe_rukovodstvo.fb2.zip</filename>
	<title> Исаева Елена Львовна. Детский массаж. Поэтапное руководство</title>
</book>
<book>
	<filename>isaeva_elena/isaeva_elena_hiromantiya_rasshifrovka_koda_cheloveka_po_ego_ruke.fb2.zip</filename>
	<title> Исаева Елена Львовна. Хиромантия. Расшифровка кода человека по его руке</title>
</book>
<book>
	<filename>isaeva_elena/isaeva_elena_kulinarnaya_kniga_pravoslavnyh_postov_i_prazdnikov.fb2.zip</filename>
	<title> Исаева Елена Львовна. Кулинарная книга православных постов и праздников</title>
</book>
<book>
	<filename>isaeva_elena/isaeva_elena_lekarstvo_ot_skorbi_i_uteshenie_v_unynii_molitvy_i_oberegi.fb2.zip</filename>
	<title> Исаева Елена Львовна. Лекарство от скорби и утешение в унынии. Молитвы и обереги</title>
</book>
<book>
	<filename>isaeva_elena/isaeva_elena_luchshie_psihologicheskie_testy_dlya_veseloi_kompanii.fb2.zip</filename>
	<title> Исаева Елена Львовна. Лучшие психологические тесты для веселой компании</title>
</book>
<book>
	<filename>isaeva_elena/isaeva_elena_luchshie_psihologicheskie_testy_lyubit_ne_lyubit.fb2.zip</filename>
	<title> Исаева Елена Львовна. Лучшие психологические тесты. Любит – не любит</title>
</book>
<book>
	<filename>isaeva_elena/isaeva_elena_molochnaya_kuhnya_poleznoe_pitanie_bez_hlopot.fb2.zip</filename>
	<title> Исаева Елена Львовна. Молочная кухня. Полезное питание без хлопот!</title>
</book>
<book>
	<filename>isaeva_elena/isaeva_elena_muzhskie_bolezni_preduprezhdenie_diagnostika_i_lechenie_tradicionnymi_i_netradicionnymi_metodami.fb2.zip</filename>
	<title> Исаева Елена Львовна. Мужские болезни. Предупреждение, диагностика и лечение традиционными и нетрадиционными методами</title>
</book>
<book>
	<filename>isaeva_elena/isaeva_elena_narodnye_sredstva_v_borbe_s_bessonnicei.fb2.zip</filename>
	<title> Исаева Елена Львовна. Народные средства в борьбе с бессонницей</title>
</book>
<book>
	<filename>isaeva_elena/isaeva_elena_narodnye_sredstva_v_borbe_s_golovnoi_bolyu.fb2.zip</filename>
	<title> Исаева Елена Львовна. Народные средства в борьбе с головной болью</title>
</book>
<book>
	<filename>isaeva_elena/isaeva_elena_narodnye_sredstva_v_borbe_s_lishnim_vesom.fb2.zip</filename>
	<title> Исаева Елена Львовна. Народные средства в борьбе с лишним весом</title>
</book>
<book>
	<filename>isaeva_elena/isaeva_elena_nevidimaya_gimnastika_dlya_teh_kto_sledit_za_svoei_figuroi_gimnastika_v_ofise_lifte_na_plyazhe_po_doroge_na_rabotu.fb2.zip</filename>
	<title> Исаева Елена Львовна. Невидимая гимнастика для тех, кто следит за своей фигурой. Гимнастика в офисе, лифте, на пляже, по дороге на работу</title>
</book>
<book>
	<filename>isaeva_elena/isaeva_elena_pishevye_otravleniya_vosstanovlenie_organizma_narodnymi_sredstvami.fb2.zip</filename>
	<title> Исаева Елена Львовна. Пищевые отравления. Восстановление организма народными средствами</title>
</book>
<book>
	<filename>isaeva_elena/isaeva_elena_prakticheskaya_grafologiya_kak_uznat_harakter_po_pocherku.fb2.zip</filename>
	<title> Исаева Елена Львовна. Практическая графология: как узнать характер по почерку</title>
</book>
<book>
	<filename>isaeva_elena/isaeva_elena_pravoslavnaya_yenciklopediya.fb2.zip</filename>
	<title> Исаева Елена Львовна. Православная энциклопедия</title>
</book>
<book>
	<filename>isaeva_elena/isaeva_elena_pravoslavnye_prazdniki.fb2.zip</filename>
	<title> Исаева Елена Львовна. Православные праздники</title>
</book>
<book>
	<filename>isaeva_elena/isaeva_elena_sem_smertnyh_grehov_nakazanie_i_pokayanie.fb2.zip</filename>
	<title> Исаева Елена Львовна. Семь смертных грехов. Наказание и покаяние</title>
</book>
<book>
	<filename>isaeva_elena/isaeva_elena_taina_imeni_klyuch_k_sudbe_cheloveka_zhenskie_imena.fb2.zip</filename>
	<title> Исаева Елена Львовна. Тайна имени – ключ к судьбе человека. Женские имена</title>
</book>
<book>
	<filename>isaeva_elena/isaeva_elena_vse_vidy_i_sposoby_gadanii.fb2.zip</filename>
	<title> Исаева Елена Львовна. Все виды и способы гаданий</title>
</book>
<book>
	<filename>isaev_aleksei_mihailovich/isaev_aleksei_mihailovich_neudachnik_prevratnosti_sudby.fb2.zip</filename>
	<title> Исаев Алексей Михайлович. Неудачник: превратности судьбы</title>
</book>
<book>
	<filename>isaeva_viktoriya/isaeva_viktoriya_gde_i_kak_poznakomitsya_s_muzhchinoi_vashei_mechty_49_prostyh_pravil.fb2.zip</filename>
	<title> Исаева Виктория Сергеевна. Где и как познакомиться с мужчиной вашей мечты? 49 простых правил</title>
</book>
<book>
	<filename>isaeva_viktoriya/isaeva_viktoriya_kak_dogovoritsya_v_posteli_49_prostyh_pravil.fb2.zip</filename>
	<title> Исаева Виктория Сергеевна. Как договориться в постели? 49 простых правил</title>
</book>
<book>
	<filename>isaeva_viktoriya/isaeva_viktoriya_kak_hudet_bez_diet_49_prostyh_pravil.fb2.zip</filename>
	<title> Исаева Виктория Сергеевна. Как худеть без диет? 49 простых правил</title>
</book>
<book>
	<filename>isaeva_viktoriya/isaeva_viktoriya_kak_nauchitsya_zashishat_svoi_interesy_49_prostyh_pravil.fb2.zip</filename>
	<title> Исаева Виктория Сергеевна. Как научиться защищать свои интересы? 49 простых правил</title>
</book>
<book>
	<filename>isaeva_viktoriya/isaeva_viktoriya_kak_perezhit_rasstavanie_s_lyubimym_49_prostyh_pravil.fb2.zip</filename>
	<title> Исаева Виктория Сергеевна. Как пережить расставание с любимым? 49 простых правил</title>
</book>
<book>
	<filename>isaeva_viktoriya/isaeva_viktoriya_kak_ponyat_est_li_u_vashei_pary_budushee_49_prostyh_pravil.fb2.zip</filename>
	<title> Исаева Виктория Сергеевна. Как понять, есть ли у вашей пары будущее? 49 простых правил</title>
</book>
<book>
	<filename>isaeva_viktoriya/isaeva_viktoriya_kak_prevratit_lyubimogo_v_muzhchinu_vashei_mechty_49_prostyh_pravil.fb2.zip</filename>
	<title> Исаева Виктория Сергеевна. Как превратить любимого в мужчину вашей мечты? 49 простых правил</title>
</book>
<book>
	<filename>isaeva_viktoriya/isaeva_viktoriya_kak_rasstatsya_pohoroshemu_49_prostyh_pravil.fb2.zip</filename>
	<title> Исаева Виктория Сергеевна. Как расстаться по-хорошему? 49 простых правил</title>
</book>
<book>
	<filename>isaeva_viktoriya/isaeva_viktoriya_kak_riskovat_i_vyigryvat_v_lyubvi_v_karere_po_zhizni_49_prostyh_pravil.fb2.zip</filename>
	<title> Исаева Виктория Сергеевна. Как рисковать и выигрывать. В любви, в карьере, по жизни? 49 простых правил</title>
</book>
<book>
	<filename>isaeva_viktoriya/isaeva_viktoriya_krizis_vremya_delat_kareru.fb2.zip</filename>
	<title> Исаева Виктория Сергеевна. Кризис – время делать карьеру</title>
</book>
<book>
	<filename>isaev_dmitrii/isaev_dmitrii_tri_vozrasta_seksualnosti.fb2.zip</filename>
	<title> Исаев Дмитрий. Три возраста сексуальности</title>
</book>
<book>
	<filename>isaicheva_elena/isaicheva_elena_shpargalka_po_rimskomu_pravu.fb2.zip</filename>
	<title> Исайчева Елена Андреевна. Шпаргалка по римскому праву</title>
</book>
<book>
	<filename>ishen_/ishen__ijoga_dlya_nachinayushih.fb2.zip</filename>
	<title> И-Шен. Йога для начинающих</title>
</book>
<book>
	<filename>ishen_/ishen__ioga_dlya_nachinayushih.fb2.zip</filename>
	<title> И-Шен. Йога для начинающих</title>
</book>
<book>
	<filename>ispolatov_aleksei/ispolatov_aleksei_1000_luchshih_igr_konkursov_zabav_dlya_detskoi_kompanii.fb2.zip</filename>
	<title> Исполатов Алексей Николаевич. 1000 лучших игр, конкурсов, забав для детской компании</title>
</book>
<book>
	<filename>ispolatov_aleksei/ispolatov_aleksei_1000_zamechatelnyh_idei_novyi_god_v_detskoi_kompanii.fb2.zip</filename>
	<title> Исполатов Алексей Николаевич. 1000 замечательных идей. Новый год в детской компании</title>
</book>
<book>
	<filename>istomin_sergei/istomin_sergei_ya_poznayu_mir_istoriya_russkih_carei.fb2.zip</filename>
	<title> Истомин Сергей Витальевич. Я познаю мир. История русских царей</title>
</book>
<book>
	<filename>ivakin_valerii/ivakin_valerii_grazhdanskoe_pravo_osobennaya_chast_konspekt_lekcii.fb2.zip</filename>
	<title> Ивакин Валерий Николаевич. Гражданское право. Особенная часть: конспект лекций</title>
</book>
<book>
	<filename>ivakin_valerii/ivakin_valerii_zhilishnoe_pravo_konspekt_lekcii.fb2.zip</filename>
	<title> Ивакин Валерий Николаевич. Жилищное право: конспект лекций</title>
</book>
<book>
	<filename>ivanov_a/ivanov_a_akusherstvo_i_ginekologiya.fb2.zip</filename>
	<title> Иванов А. И. Акушерство и гинекология</title>
</book>
<book>
	<filename>ivanova_elena/ivanova_elena_kontrol_i_reviziya.fb2.zip</filename>
	<title> Иванова Елена Леонидовна. Контроль и ревизия</title>
</book>
<book>
	<filename>ivanova_elena/ivanova_elena_kontrol_i_reviziya_konspekt_lekcii.fb2.zip</filename>
	<title> Иванова Елена Леонидовна. Контроль и ревизия: конспект лекций</title>
</book>
<book>
	<filename>ivanov_albert/ivanov_albert_staraya_nemeckaya_skazka_ili_igra_v_voinu.fb2.zip</filename>
	<title> Иванов Альберт Анатольевич. Старая немецкая сказка, или Игра в войну</title>
</book>
<book>
	<filename>ivanov_aleksandr/ivanov_aleksandr_kak_vylechitsya_ot_raznyh_boleznei_rydayushee_dyhanie_dyhanie_strelnikovoi_dyhanie_iogov.fb2.zip</filename>
	<title> Иванов Александр. Как вылечиться от разных болезней. Рыдающее дыхание. Дыхание Стрельниковой. Дыхание йогов</title>
</book>
<book>
	<filename>ivanov_aleksei/ivanov_aleksei_tyanshi_zolotye_recepty_isceleniya.fb2.zip</filename>
	<title> Иванов Алексей Владимирович. Тянь-ши: Золотые рецепты исцеления</title>
</book>
<book>
	<filename>ivanov_aleksei/ivanov_aleksei_zolotoi_us_i_drugie_prirodnye_celiteli.fb2.zip</filename>
	<title> Иванов Алексей Владимирович. Золотой ус и другие природные целители</title>
</book>
<book>
	<filename>ivanova_n/ivanova_n_celitelnaya_sila_palmovogo_masla.fb2.zip</filename>
	<title> Иванова Н. Н. Целительная сила пальмового масла</title>
</book>
<book>
	<filename>ivanova_n/ivanova_n_zelenaya_dieta.fb2.zip</filename>
	<title> Иванова Н. Н. Зеленая диета</title>
</book>
<book>
	<filename>ivanova_n/ivanova_n_zolotye_recepty_ochisheniya.fb2.zip</filename>
	<title> Иванова Н. Н. Золотые рецепты очищения</title>
</book>
<book>
	<filename>ivanova_natalya/ivanova_natalya_borba_s_vreditelyami.fb2.zip</filename>
	<title> Иванова Наталья Владимировна. Борьба с вредителями</title>
</book>
<book>
	<filename>ivanova_natalya/ivanova_natalya_dekorativnye_prudy_i_vodoemy.fb2.zip</filename>
	<title> Иванова Наталья Владимировна. Декоративные пруды и водоемы</title>
</book>
<book>
	<filename>ivanova_natalya/ivanova_natalya_detskaya_komnata.fb2.zip</filename>
	<title> Иванова Наталья Владимировна. Детская комната</title>
</book>
<book>
	<filename>ivanova_natalya/ivanova_natalya_planirovka_uchastka.fb2.zip</filename>
	<title> Иванова Наталья Владимировна. Планировка участка</title>
</book>
<book>
	<filename>ivanova_natalya/ivanova_natalya_sekrety_moei_mamy_yenciklopediya_vzroslyh_tain_dlya_devochek.fb2.zip</filename>
	<title> Иванова Наталья Сергеевна. Секреты моей мамы. Энциклопедия взрослых тайн для девочек</title>
</book>
<book>
	<filename>ivanova_natalya/ivanova_natalya_supruzheskie_izmeny.fb2.zip</filename>
	<title> Иванова Наталья Владимировна. Супружеские измены</title>
</book>
<book>
	<filename>ivanova_natalya/ivanova_natalya_vash_malysh_uhod_za_rebenkom_ot_rozhdeniya_do_goda.fb2.zip</filename>
	<title> Иванова Наталья Владимировна. Ваш малыш. Уход за ребенком от рождения до года</title>
</book>
<book>
	<filename>ivanova_t/ivanova_t_geografiya_9_klass_bilety_i_otvety_dlya_bystroi_podgotovki_k_ustnomu_yekzamenu.fb2.zip</filename>
	<title> Иванова Т. В. География. 9 класс. Билеты и ответы для быстрой подготовки к устному экзамену</title>
</book>
<book>
	<filename>ivanova_vera/ivanova_vera_fleshka_dlya_zvezdy.fb2.zip</filename>
	<title> Иванова Вера. Флешка для звезды</title>
</book>
<book>
	<filename>ivanova_vera/ivanova_vera_formula_pobedy.fb2.zip</filename>
	<title> Иванова Вера. Формула победы</title>
</book>
<book>
	<filename>ivanova_vera/ivanova_vera_kak_skleit_razbitoe_serdce.fb2.zip</filename>
	<title> Иванова Вера. Как склеить разбитое сердце?</title>
</book>
<book>
	<filename>ivanova_vera/ivanova_vera_kto_poedet_v_singapur.fb2.zip</filename>
	<title> Иванова Вера. Кто поедет в Сингапур?</title>
</book>
<book>
	<filename>ivanova_vera/ivanova_vera_potancui_so_mnoi.fb2.zip</filename>
	<title> Иванова Вера. Потанцуй со мной!</title>
</book>
<book>
	<filename>ivanova_vera/ivanova_vera_valentinka_s_sekretom.fb2.zip</filename>
	<title> Иванова Вера. Валентинка с секретом</title>
</book>
<book>
	<filename>ivanova_vera/ivanova_vera_vesennii_podarok_dlya_devochek_luchshie_romany_o_lyubvi_sbornik.fb2.zip</filename>
	<title> Иванова Вера. Весенний подарок для девочек. Лучшие романы о любви (сборник)</title>
</book>
<book>
	<filename>ivanova_vera/ivanova_vera_vesennii_podarok_luchshie_romany_o_lyubvi_dlya_devochek_sbornik.fb2.zip</filename>
	<title> Иванова Вера. Весенний подарок. Лучшие романы о любви для девочек (сборник)</title>
</book>
<book>
	<filename>ivanova_vera/ivanova_vera_zasekrechennoe_schaste.fb2.zip</filename>
	<title> Иванова Вера. Засекреченное счастье</title>
</book>
<book>
	<filename>ivanovich_yurii/ivanovich_yurii_aleksei_spravedlivyi.fb2.zip</filename>
	<title> Иванович Юрий. Алексей Справедливый</title>
</book>
<book>
	<filename>ivanovich_yurii/ivanovich_yurii_alkoimmitator.fb2.zip</filename>
	<title> Иванович Юрий. Алкоиммитатор</title>
</book>
<book>
	<filename>ivanovich_yurii/ivanovich_yurii_beg_po_pesku.fb2.zip</filename>
	<title> Иванович Юрий. Бег по песку</title>
</book>
<book>
	<filename>ivanovich_yurii/ivanovich_yurii_chelovek_kotoryi_umel_slushat.fb2.zip</filename>
	<title> Иванович Юрий. Человек, который умел слушать</title>
</book>
<book>
	<filename>ivanovich_yurii/ivanovich_yurii_chudo_dlya_zemli.fb2.zip</filename>
	<title> Иванович Юрий. Чудо для Земли</title>
</book>
<book>
	<filename>ivanovich_yurii/ivanovich_yurii_doch_povelitelnica_zari.fb2.zip</filename>
	<title> Иванович Юрий. Дочь – повелительница Зари</title>
</book>
<book>
	<filename>ivanovich_yurii/ivanovich_yurii_fantasmagoriya_prednaznacheniya.fb2.zip</filename>
	<title> Иванович Юрий. Фантасмагория предназначения</title>
</book>
<book>
	<filename>ivanovich_yurii/ivanovich_yurii_hohochushii_shilimbo.fb2.zip</filename>
	<title> Иванович Юрий. Хохочущий Шилимбо</title>
</book>
<book>
	<filename>ivanovich_yurii/ivanovich_yurii_imperiya_illyuzii.fb2.zip</filename>
	<title> Иванович Юрий. Империя иллюзий</title>
</book>
<book>
	<filename>ivanovich_yurii/ivanovich_yurii_i_vo_vchera_ne_vozvratitsya.fb2.zip</filename>
	<title> Иванович Юрий. И во вчера не возвратиться!</title>
</book>
<book>
	<filename>ivanovich_yurii/ivanovich_yurii_mariyaizabel.fb2.zip</filename>
	<title> Иванович Юрий. Мария-Изабель</title>
</book>
<book>
	<filename>ivanovich_yurii/ivanovich_yurii_nevmenyaemyi_drakon.fb2.zip</filename>
	<title> Иванович Юрий. Невменяемый дракон</title>
</book>
<book>
	<filename>ivanovich_yurii/ivanovich_yurii_nevmenyaemyi_skitalec.fb2.zip</filename>
	<title> Иванович Юрий. Невменяемый скиталец</title>
</book>
<book>
	<filename>ivanovich_yurii/ivanovich_yurii_oskal_fortuny.fb2.zip</filename>
	<title> Иванович Юрий. Оскал фортуны</title>
</book>
<book>
	<filename>ivanovich_yurii/ivanovich_yurii_rai_i_ad_zemli.fb2.zip</filename>
	<title> Иванович Юрий. Рай и ад Земли</title>
</book>
<book>
	<filename>ivanovich_yurii/ivanovich_yurii_raz_v_zhizni.fb2.zip</filename>
	<title> Иванович Юрий. Раз в жизни</title>
</book>
<book>
	<filename>ivanovich_yurii/ivanovich_yurii_skazka_lozh_da_v_nei.fb2.zip</filename>
	<title> Иванович Юрий. Сказка ложь, да в ней...</title>
</book>
<book>
	<filename>ivanovich_yurii/ivanovich_yurii_solyonyi_ogurec.fb2.zip</filename>
	<title> Иванович Юрий. Солёный огурец</title>
</book>
<book>
	<filename>ivanovich_yurii/ivanovich_yurii_unikumy_vselennoi2.fb2.zip</filename>
	<title> Иванович Юрий. Уникумы Вселенной–2</title>
</book>
<book>
	<filename>ivanovich_yurii/ivanovich_yurii_voina_nevmenyaemogo.fb2.zip</filename>
	<title> Иванович Юрий. Война Невменяемого</title>
</book>
<book>
	<filename>ivanov_kirill/ivanov_kirill_reivolyuciya_kak_yeto_bylo_na_samom_dele.fb2.zip</filename>
	<title> Иванов Кирилл. Рейволюция. Как это было на самом деле</title>
</book>
<book>
	<filename>ivanovkramskoi_g/ivanovkramskoi_g_macho_v_bolshom_gorode.fb2.zip</filename>
	<title> Иванов-Крамской Г. В. Мачо в большом городе</title>
</book>
<book>
	<filename>ivanov_sergei/ivanov_sergei_alibi.fb2.zip</filename>
	<title> Иванов Сергей Григорьевич. Алиби</title>
</book>
<book>
	<filename>ivanov_sergei/ivanov_sergei_pohititeli_tenei.fb2.zip</filename>
	<title> Иванов Сергей Григорьевич. Похитители теней</title>
</book>
<book>
	<filename>ivanov_viktor/ivanov_viktor_samouchitel_po_vozhdeniyu_avtomobilya.fb2.zip</filename>
	<title> Иванов Виктор Николаевич. Самоучитель по вождению автомобиля</title>
</book>
<book>
	<filename>ivanov_yurii/ivanov_yurii_ijoga_99_klassicheskih_asan_daruyushih_ozdorovlenie.fb2.zip</filename>
	<title> Иванов Юрий Михайлович. Йога. 99 классических асан, дарующих оздоровление</title>
</book>
<book>
	<filename>ivanov_yurii/ivanov_yurii_pravoslavie.fb2.zip</filename>
	<title> Иванов Юрий Николаевич. Православие</title>
</book>
<book>
	<filename>ivanov_yurii/ivanov_yurii_remont_i_izmenenie_dizaina_kvartiry.fb2.zip</filename>
	<title> Иванов Юрий Николаевич. Ремонт и изменение дизайна квартиры</title>
</book>
<book>
	<filename>ivanov_yurii/ivanov_yurii_zakony_polnocennogo_zdorovya.fb2.zip</filename>
	<title> Иванов Юрий Михайлович. Законы полноценного здоровья</title>
</book>
<book>
	<filename>ivanyuk_andrei/ivanyuk_andrei_reabilitaciya_posle_perelomov_i_travm.fb2.zip</filename>
	<title> Иванюк Андрей Сергеевич. Реабилитация после переломов и травм</title>
</book>
<book>
	<filename>ivleva_lyudmila/ivleva_lyudmila_blyuda_dlya_piknika.fb2.zip</filename>
	<title> Ивлева Людмила Андреевна. Блюда для пикника</title>
</book>
<book>
	<filename>ivleva_lyudmila/ivleva_lyudmila_idealnaya_sistema_pitaniya_dlya_lyudei_s_malopodvizhnym_obrazom_zhizni.fb2.zip</filename>
	<title> Ивлева Людмила. Идеальная система питания для людей с малоподвижным образом жизни</title>
</book>
<book>
	<filename>ivleva_lyudmila/ivleva_lyudmila_klassicheskie_pervye_blyuda.fb2.zip</filename>
	<title> Ивлева Людмила Андреевна. Классические первые блюда</title>
</book>
<book>
	<filename>ivleva_valeriya/ivleva_valeriya_cellyulit_ne_problema.fb2.zip</filename>
	<title> Ивлева Валерия Владимировна. Целлюлит? Не проблема!</title>
</book>
<book>
	<filename>ivleva_valeriya/ivleva_valeriya_nastolnaya_kniga_rossiiskogo_karerista.fb2.zip</filename>
	<title> Ивлева Валерия Владимировна. Настольная книга российского карьериста</title>
</book>
<book>
	<filename>ivleva_valeriya/ivleva_valeriya_putevoditel_po_ozdorovitelnym_metodikam_dlya_zhenshin.fb2.zip</filename>
	<title> Ивлева Валерия Владимировна. Путеводитель по оздоровительным методикам для женщин</title>
</book>
<book>
	<filename>ivleva_valeriya/ivleva_valeriya_semeinaya_psihologiya.fb2.zip</filename>
	<title> Ивлева Валерия Владимировна. Семейная психология</title>
</book>
<book>
	<filename>ivolgina_darya/ivolgina_darya_stepnaya_doroga.fb2.zip</filename>
	<title> Иволгина Дарья. Степная дорога</title>
</book>
<book>
	<filename>izmailova_irina/izmailova_irina_carstvo_nebesnoe.fb2.zip</filename>
	<title> Измайлова Ирина. Царство небесное</title>
</book>
<book>
	<filename>izotova_margarita/izotova_margarita_innovacii_v_sociokulturnom_servise_i_turizme.fb2.zip</filename>
	<title> Изотова Маргарита. Инновации в социокультурном сервисе и туризме</title>
</book>
<book>
	<filename>izrael_shel/izrael_shel_razgovor_dorozhe_deneg_kak_bloging_menyaet_obshenie_biznesa_i_potrebitelei.fb2.zip</filename>
	<title> Израел Шел. Разговор дороже денег. Как блогинг меняет общение бизнеса и потребителей</title>
</book>


</books>

