<?xml version="1.0" encoding="UTF-8" ?>
<books>


<book>
	<filename>pc_magazinere_/pc_magazinere__zhurnal_pc_magazinere_012008.fb2.zip</filename>
	<title> Magazine/RE PC. Журнал PC Magazine/RE №01/2008</title>
</book>
<book>
	<filename>pc_magazinere_/pc_magazinere__zhurnal_pc_magazinere_012009.fb2.zip</filename>
	<title> Magazine/RE PC. Журнал PC Magazine/RE №01/2009</title>
</book>
<book>
	<filename>pc_magazinere_/pc_magazinere__zhurnal_pc_magazinere_022008.fb2.zip</filename>
	<title> Magazine/RE PC. Журнал PC Magazine/RE №02/2008</title>
</book>
<book>
	<filename>pc_magazinere_/pc_magazinere__zhurnal_pc_magazinere_022009.fb2.zip</filename>
	<title> Magazine/RE PC. Журнал PC Magazine/RE №02/2009</title>
</book>
<book>
	<filename>pc_magazinere_/pc_magazinere__zhurnal_pc_magazinere_032008.fb2.zip</filename>
	<title> Magazine/RE PC. Журнал PC Magazine/RE №03/2008</title>
</book>
<book>
	<filename>pc_magazinere_/pc_magazinere__zhurnal_pc_magazinere_032009.fb2.zip</filename>
	<title> Magazine/RE PC. Журнал PC Magazine/RE №03/2009</title>
</book>
<book>
	<filename>pc_magazinere_/pc_magazinere__zhurnal_pc_magazinere_042008.fb2.zip</filename>
	<title> Magazine/RE PC. Журнал PC Magazine/RE №04/2008</title>
</book>
<book>
	<filename>pc_magazinere_/pc_magazinere__zhurnal_pc_magazinere_052008.fb2.zip</filename>
	<title> Magazine/RE PC. Журнал PC Magazine/RE №05/2008</title>
</book>
<book>
	<filename>pc_magazinere_/pc_magazinere__zhurnal_pc_magazinere_052009.fb2.zip</filename>
	<title> Magazine/RE PC. Журнал PC Magazine/RE №05/2009</title>
</book>
<book>
	<filename>pc_magazinere_/pc_magazinere__zhurnal_pc_magazinere_062008.fb2.zip</filename>
	<title> Magazine/RE PC. Журнал PC Magazine/RE №06/2008</title>
</book>
<book>
	<filename>pc_magazinere_/pc_magazinere__zhurnal_pc_magazinere_062009.fb2.zip</filename>
	<title> Magazine/RE PC. Журнал PC Magazine/RE №06/2009</title>
</book>
<book>
	<filename>pc_magazinere_/pc_magazinere__zhurnal_pc_magazinere_072008.fb2.zip</filename>
	<title> Magazine/RE PC. Журнал PC Magazine/RE №07/2008</title>
</book>
<book>
	<filename>pc_magazinere_/pc_magazinere__zhurnal_pc_magazinere_072009.fb2.zip</filename>
	<title> Magazine/RE PC. Журнал PC Magazine/RE №07/2009</title>
</book>
<book>
	<filename>pc_magazinere_/pc_magazinere__zhurnal_pc_magazinere_082008.fb2.zip</filename>
	<title> Magazine/RE PC. Журнал PC Magazine/RE №08/2008</title>
</book>
<book>
	<filename>pc_magazinere_/pc_magazinere__zhurnal_pc_magazinere_082009.fb2.zip</filename>
	<title> Magazine/RE PC. Журнал PC Magazine/RE №08/2009</title>
</book>
<book>
	<filename>pc_magazinere_/pc_magazinere__zhurnal_pc_magazinere_092008.fb2.zip</filename>
	<title> Magazine/RE PC. Журнал PC Magazine/RE №09/2008</title>
</book>
<book>
	<filename>pc_magazinere_/pc_magazinere__zhurnal_pc_magazinere_092009.fb2.zip</filename>
	<title> Magazine/RE PC. Журнал PC Magazine/RE №09/2009</title>
</book>
<book>
	<filename>pc_magazinere_/pc_magazinere__zhurnal_pc_magazinere_102008.fb2.zip</filename>
	<title> Magazine/RE PC. Журнал PC Magazine/RE №10/2008</title>
</book>
<book>
	<filename>pc_magazinere_/pc_magazinere__zhurnal_pc_magazinere_102009.fb2.zip</filename>
	<title> Magazine/RE PC. Журнал PC Magazine/RE №10/2009</title>
</book>
<book>
	<filename>pc_magazinere_/pc_magazinere__zhurnal_pc_magazinere_112008.fb2.zip</filename>
	<title> Magazine/RE PC. Журнал PC Magazine/RE №11/2008</title>
</book>
<book>
	<filename>pc_magazinere_/pc_magazinere__zhurnal_pc_magazinere_112009.fb2.zip</filename>
	<title> Magazine/RE PC. Журнал PC Magazine/RE №11/2009</title>
</book>
<book>
	<filename>pc_magazinere_/pc_magazinere__zhurnal_pc_magazinere_122008.fb2.zip</filename>
	<title> Magazine/RE PC. Журнал PC Magazine/RE №12/2008</title>
</book>
<book>
	<filename>pc_magazinere_/pc_magazinere__zhurnal_pc_magazinere_122009.fb2.zip</filename>
	<title> Magazine/RE PC. Журнал PC Magazine/RE №12/2009</title>
</book>


</books>

