﻿<?xml version="1.0" encoding="UTF-8" ?>
<books>

<book>
	<filename>kaaberbol_lene/kaaberbol_lene_dina_chudesnyi_dar.fb2.zip</filename>
	<title>Каабербол Лене. Дина. Чудесный дар</title>
</book>
<book>
	<filename>kaaberbol_lene/kaaberbol_lene_koldovskaya_muzyka.fb2.zip</filename>
	<title>Каабербол Лене. Колдовская музыка</title>
</book>
<book>
	<filename>kaaberbol_lene/kaaberbol_lene_ognennoe_ozero.fb2.zip</filename>
	<title>Каабербол Лене. Огненное озеро</title>
</book>
<book>
	<filename>kaaberbol_lene/kaaberbol_lene_opasnoe_nasledstvo.fb2.zip</filename>
	<title>Каабербол Лене. Опасное наследство</title>
</book>
<book>
	<filename>kaaberbol_lene/kaaberbol_lene_serdce_salamandry.fb2.zip</filename>
	<title>Каабербол Лене. Сердце саламандры</title>
</book>
<book>
	<filename>kaaberbol_lene/kaaberbol_lene_zelenaya_magiya.fb2.zip</filename>
	<title>Каабербол Лене. Зеленая магия</title>
</book>
<book>
	<filename>kaaberbol_lene/kaaberbol_lene_zhestokaya_imperatrica.fb2.zip</filename>
	<title>Каабербол Лене. Жестокая Императрица</title>
</book>
<book>
	<filename>kabakov_aleksandr/kabakov_aleksandr_moskovskie_skazki.fb2.zip</filename>
	<title>Кабаков Александр. Московские сказки</title>
</book>
<book>
	<filename>kabakov_aleksandr/kabakov_aleksandr_nevozvrashenec.fb2.zip</filename>
	<title>Кабаков Александр. Невозвращенец</title>
</book>
<book>
	<filename>kabakov_aleksandr/kabakov_aleksandr_poslednii_geroi.fb2.zip</filename>
	<title>Кабаков Александр. Последний герой</title>
</book>
<book>
	<filename>kabakov_aleksandr/kabakov_aleksandr_sochinitel.fb2.zip</filename>
	<title>Кабаков Александр. Сочинитель</title>
</book>
<book>
	<filename>kabakov_aleksandr/kabakov_aleksandr_vse_popravimo_hroniki_chastnoi_zhizni.fb2.zip</filename>
	<title>Кабаков Александр Абрамович. Все поправимо: хроники частной жизни</title>
</book>
<book>
	<filename>kabanova_n/kabanova_n_o_car_kolokole_bubencah_valdaiskih_kolokolchikah_o_bile_i_erihonskih_trubah.fb2.zip</filename>
	<title>Кабанова Н. И. О царь– колоколе, бубенцах, валдайских колокольчиках, о биле и ерихонских трубах</title>
</book>
<book>
	<filename>kaberov_igor/kaberov_igor_v_pricele_svastika.fb2.zip</filename>
	<title>Каберов Игорь Александрович. В прицеле свастика</title>
</book>
<book>
	<filename>kac_dzhon/kac_dzhon_god_sobaki_dvenadcat_mesyacev_chetyre_sobaki_i_ya.fb2.zip</filename>
	<title>Кац Джон. Год собаки. Двенадцать месяцев, четыре собаки и я</title>
</book>
<book>
	<filename>kachanovskii_aloiz/kachanovskii_aloiz_tri_trupa_i_fioletovyi_kot_ili_roskoshnyi_denek.fb2.zip</filename>
	<title>Качановский Алоиз. Три трупа и фиолетовый кот, или роскошный денек</title>
</book>
<book>
	<filename>kachirkova_yeva/kachirkova_yeva_predskazanie_proshlogo.fb2.zip</filename>
	<title>Качиркова Эва. Предсказание прошлого</title>
</book>
<book>
	<filename>kacura_aleksandr/kacura_aleksandr_volshebnaya_relikviya.fb2.zip</filename>
	<title>Кацура Александр. Волшебная реликвия</title>
</book>
<book>
	<filename>kadigan_pat/kadigan_pat_vstrecha.fb2.zip</filename>
	<title>Кадиган Пат. Встреча</title>
</book>
<book>
	<filename>kadochnikov_aleksei/kadochnikov_aleksei_psihologicheskaya_podgotovka_k_rukopashnomu_boyu.fb2.zip</filename>
	<title>Кадочников Алексей Алексеевич. Психологическая подготовка к рукопашному бою</title>
</book>
<book>
	<filename>kadu_renye/kadu_renye_atlantida_pod_vodoi.fb2.zip</filename>
	<title>Каду Ренэ. Атлантида под водой</title>
</book>
<book>
	<filename>kadzi_sahoko/kadzi_sahoko_yeti_strannye_yaponcy.fb2.zip</filename>
	<title>Кадзи Сахоко. Эти странные японцы</title>
</book>
<book>
	<filename>kafka_franc/kafka_franc_aforizmy.fb2.zip</filename>
	<title>Кафка Франц. Афоризмы</title>
</book>
<book>
	<filename>kafka_franc/kafka_franc_amerika_propavshii_bez_vesti.fb2.zip</filename>
	<title>Кафка Франц. Америка (Пропавший без вести)</title>
</book>
<book>
	<filename>kafka_franc/kafka_franc_ayeroplany_v_breshii.fb2.zip</filename>
	<title>Кафка Франц. Аэропланы в Брешии</title>
</book>
<book>
	<filename>kafka_franc/kafka_franc_basenka.fb2.zip</filename>
	<title>Кафка Франц. Басенка</title>
</book>
<book>
	<filename>kafka_franc/kafka_franc_blyumfeld_staryi_holostyak.fb2.zip</filename>
	<title>Кафка Франц. Блюмфельд, старый холостяк</title>
</book>
<book>
	<filename>kafka_franc/kafka_franc_bolshoi_shum.fb2.zip</filename>
	<title>Кафка Франц. Большой шум</title>
</book>
<book>
	<filename>kafka_franc/kafka_franc_bratoubiistvo.fb2.zip</filename>
	<title>Кафка Франц. Братоубийство</title>
</book>
<book>
	<filename>kafka_franc/kafka_franc_das_prozess.fb2.zip</filename>
	<title>Кафка Франц. Das Prozess</title>
</book>
<book>
	<filename>kafka_franc/kafka_franc_das_urteil.fb2.zip</filename>
	<title>Кафка Франц. Das Urteil</title>
</book>
<book>
	<filename>kafka_franc/kafka_franc_derevya.fb2.zip</filename>
	<title>Кафка Франц. Деревья</title>
</book>
<book>
	<filename>kafka_franc/kafka_franc_deti_na_doroge.fb2.zip</filename>
	<title>Кафка Франц. Дети на дороге</title>
</book>
<book>
	<filename>kafka_franc/kafka_franc_die_verwandlung.fb2.zip</filename>
	<title>Кафка Франц. Die Verwandlung</title>
</book>
<book>
	<filename>kafka_franc/kafka_franc_dnevniki.fb2.zip</filename>
	<title>Кафка Франц. Дневники</title>
</book>
<book>
	<filename>kafka_franc/kafka_franc_doroga_domoi.fb2.zip</filename>
	<title>Кафка Франц. Дорога домой</title>
</book>
<book>
	<filename>kafka_franc/kafka_franc_gibrid.fb2.zip</filename>
	<title>Кафка Франц. Гибрид</title>
</book>
<book>
	<filename>kafka_franc/kafka_franc_gigantskii_krot.fb2.zip</filename>
	<title>Кафка Франц. Гигантский крот</title>
</book>
<book>
	<filename>kafka_franc/kafka_franc_golodar.fb2.zip</filename>
	<title>Кафка Франц. Голодарь</title>
</book>
<book>
	<filename>kafka_franc/kafka_franc_gore_holostyaka.fb2.zip</filename>
	<title>Кафка Франц. Горе холостяка</title>
</book>
<book>
	<filename>kafka_franc/kafka_franc_gorodskoi_gerb.fb2.zip</filename>
	<title>Кафка Франц. Городской герб</title>
</book>
<book>
	<filename>kafka_franc/kafka_franc_imperatorskoe_poslanie.fb2.zip</filename>
	<title>Кафка Франц. Императорское послание</title>
</book>
<book>
	<filename>kafka_franc/kafka_franc_iskusstvo_golodaniya.fb2.zip</filename>
	<title>Кафка Франц. Искусство голодания</title>
</book>
<book>
	<filename>kafka_franc/kafka_franc_issledovaniya_odnoi_sobaki.fb2.zip</filename>
	<title>Кафка Франц. Исследования одной собаки</title>
</book>
<book>
	<filename>kafka_franc/kafka_franc_kak_stroilas_kitaiskaya_stena.fb2.zip</filename>
	<title>Кафка Франц. Как строилась китайская стена</title>
</book>
<book>
	<filename>kafka_franc/kafka_franc_kommentarii_ne_nadeisya.fb2.zip</filename>
	<title>Кафка Франц. Комментарий (не надейся!)</title>
</book>
<book>
	<filename>kafka_franc/kafka_franc_korshun.fb2.zip</filename>
	<title>Кафка Франц. Коршун</title>
</book>
<book>
	<filename>kafka_franc/kafka_franc_kupec.fb2.zip</filename>
	<title>Кафка Франц. Купец</title>
</book>
<book>
	<filename>kafka_franc/kafka_franc_k_voprosu_o_zakonah.fb2.zip</filename>
	<title>Кафка Франц. К вопросу о законах</title>
</book>
<book>
	<filename>kafka_franc/kafka_franc_malenkaya_zhenshina.fb2.zip</filename>
	<title>Кафка Франц. Маленькая женщина</title>
</book>
<book>
	<filename>kafka_franc/kafka_franc_molchanie_siren.fb2.zip</filename>
	<title>Кафка Франц. Молчание сирен</title>
</book>
<book>
	<filename>kafka_franc/kafka_franc_most.fb2.zip</filename>
	<title>Кафка Франц. Мост</title>
</book>
<book>
	<filename>kafka_franc/kafka_franc_nabor_rekrutov.fb2.zip</filename>
	<title>Кафка Франц. Набор рекрутов</title>
</book>
<book>
	<filename>kafka_franc/kafka_franc_na_cherdake.fb2.zip</filename>
	<title>Кафка Франц. На чердаке</title>
</book>
<book>
	<filename>kafka_franc/kafka_franc_naezdnikam_k_razmyshleniyu.fb2.zip</filename>
	<title>Кафка Франц. Наездникам к размышлению</title>
</book>
<book>
	<filename>kafka_franc/kafka_franc_na_galeree.fb2.zip</filename>
	<title>Кафка Франц. На галерее</title>
</book>
<book>
	<filename>kafka_franc/kafka_franc_nochyu.fb2.zip</filename>
	<title>Кафка Франц. Ночью</title>
</book>
<book>
	<filename>kafka_franc/kafka_franc_nora.fb2.zip</filename>
	<title>Кафка Франц. Нора</title>
</book>
<book>
	<filename>kafka_franc/kafka_franc_novye_lampy.fb2.zip</filename>
	<title>Кафка Франц. Новые лампы</title>
</book>
<book>
	<filename>kafka_franc/kafka_franc_novyi_advokat.fb2.zip</filename>
	<title>Кафка Франц. Новый адвокат</title>
</book>
<book>
	<filename>kafka_franc/kafka_franc_obyknovennaya_istoriya.fb2.zip</filename>
	<title>Кафка Франц. Обыкновенная история</title>
</book>
<book>
	<filename>kafka_franc/kafka_franc_odinnadcat_synovei.fb2.zip</filename>
	<title>Кафка Франц. Одиннадцать сыновей</title>
</book>
<book>
	<filename>kafka_franc/kafka_franc_ohotnik_grakh.fb2.zip</filename>
	<title>Кафка Франц. Охотник Гракх</title>
</book>
<book>
	<filename>kafka_franc/kafka_franc_okno_na_ulicu.fb2.zip</filename>
	<title>Кафка Франц. Окно на улицу</title>
</book>
<book>
	<filename>kafka_franc/kafka_franc_opisanie_odnoi_borby.fb2.zip</filename>
	<title>Кафка Франц. Описание одной борьбы</title>
</book>
<book>
	<filename>kafka_franc/kafka_franc_o_pritchah.fb2.zip</filename>
	<title>Кафка Франц. О притчах</title>
</book>
<book>
	<filename>kafka_franc/kafka_franc_otchet_dlya_akademii.fb2.zip</filename>
	<title>Кафка Франц. Отчет для Академии</title>
</book>
<book>
	<filename>kafka_franc/kafka_franc_otezd.fb2.zip</filename>
	<title>Кафка Франц. Отъезд</title>
</book>
<book>
	<filename>kafka_franc/kafka_franc_otkaz.fb2.zip</filename>
	<title>Кафка Франц. Отказ</title>
</book>
<book>
	<filename>kafka_franc/kafka_franc_otklonennoe_hodataistvo.fb2.zip</filename>
	<title>Кафка Франц. Отклоненное ходатайство</title>
</book>
<book>
	<filename>kafka_franc/kafka_franc_passazhir.fb2.zip</filename>
	<title>Кафка Франц. Пассажир</title>
</book>
<book>
	<filename>kafka_franc/kafka_franc_pered_zakonom.fb2.zip</filename>
	<title>Кафка Франц. Перед законом</title>
</book>
<book>
	<filename>kafka_franc/kafka_franc_pervoe_gore.fb2.zip</filename>
	<title>Кафка Франц. Первое горе</title>
</book>
<book>
	<filename>kafka_franc/kafka_franc_pevica_zhozefina_ili_myshinyi_narod.fb2.zip</filename>
	<title>Кафка Франц. Певица Жозефина или Мышиный народ</title>
</book>
<book>
	<filename>kafka_franc/kafka_franc_pisma_k_felicii.fb2.zip</filename>
	<title>Кафка Франц. Письма к Фелиции</title>
</book>
<book>
	<filename>kafka_franc/kafka_franc_pisma_k_milene.fb2.zip</filename>
	<title>Кафка Франц. Письма к Милене</title>
</book>
<book>
	<filename>kafka_franc/kafka_franc_pismo_otcu.fb2.zip</filename>
	<title>Кафка Франц. Письмо отцу</title>
</book>
<book>
	<filename>kafka_franc/kafka_franc_platya.fb2.zip</filename>
	<title>Кафка Франц. Платья</title>
</book>
<book>
	<filename>kafka_franc/kafka_franc_poseidon.fb2.zip</filename>
	<title>Кафка Франц. Посейдон</title>
</book>
<book>
	<filename>kafka_franc/kafka_franc_poseshenie_rudnika.fb2.zip</filename>
	<title>Кафка Франц. Посещение рудника</title>
</book>
<book>
	<filename>kafka_franc/kafka_franc_pravda_o_sancho_panse.fb2.zip</filename>
	<title>Кафка Франц. Правда о Санчо Пансе</title>
</book>
<book>
	<filename>kafka_franc/kafka_franc_prevrashenie.fb2.zip</filename>
	<title>Кафка Франц. Превращение</title>
</book>
<book>
	<filename>kafka_franc/kafka_franc_prigovor.fb2.zip</filename>
	<title>Кафка Франц. Приговор</title>
</book>
<book>
	<filename>kafka_franc/kafka_franc_probegayushie_mimo.fb2.zip</filename>
	<title>Кафка Франц. Пробегающие мимо</title>
</book>
<book>
	<filename>kafka_franc/kafka_franc_process.fb2.zip</filename>
	<title>Кафка Франц. Процесс</title>
</book>
<book>
	<filename>kafka_franc/kafka_franc_progulka_v_gory.fb2.zip</filename>
	<title>Кафка Франц. Прогулка в горы</title>
</book>
<book>
	<filename>kafka_franc/kafka_franc_prometei.fb2.zip</filename>
	<title>Кафка Франц. Прометей</title>
</book>
<book>
	<filename>kafka_franc/kafka_franc_rasseyanno_glyadya_v_okno.fb2.zip</filename>
	<title>Кафка Франц. Рассеянно глядя в окно</title>
</book>
<book>
	<filename>kafka_franc/kafka_franc_razgovor_s_pyanym.fb2.zip</filename>
	<title>Кафка Франц. Разговор с пьяным</title>
</book>
<book>
	<filename>kafka_franc/kafka_franc_razoblachennyi_prohodimec.fb2.zip</filename>
	<title>Кафка Франц. Разоблаченный проходимец</title>
</book>
<book>
	<filename>kafka_franc/kafka_franc_resheniya.fb2.zip</filename>
	<title>Кафка Франц. Решения</title>
</book>
<book>
	<filename>kafka_franc/kafka_franc_rulevoi.fb2.zip</filename>
	<title>Кафка Франц. Рулевой</title>
</book>
<book>
	<filename>kafka_franc/kafka_franc_selskii_vrach.fb2.zip</filename>
	<title>Кафка Франц. Сельский врач</title>
</book>
<book>
	<filename>kafka_franc/kafka_franc_shakaly_i_araby.fb2.zip</filename>
	<title>Кафка Франц. Шакалы и арабы</title>
</book>
<book>
	<filename>kafka_franc/kafka_franc_sodruzhestvo.fb2.zip</filename>
	<title>Кафка Франц. Содружество</title>
</book>
<book>
	<filename>kafka_franc/kafka_franc_sodruzhestvo_podlecov.fb2.zip</filename>
	<title>Кафка Франц. Содружество подлецов</title>
</book>
<book>
	<filename>kafka_franc/kafka_franc_son.fb2.zip</filename>
	<title>Кафка Франц. Сон</title>
</book>
<book>
	<filename>kafka_franc/kafka_franc_sosed.fb2.zip</filename>
	<title>Кафка Франц. Сосед</title>
</book>
<book>
	<filename>kafka_franc/kafka_franc_sosednyaya_derevnya.fb2.zip</filename>
	<title>Кафка Франц. Соседняя деревня</title>
</book>
<book>
	<filename>kafka_franc/kafka_franc_starinnaya_zapis.fb2.zip</filename>
	<title>Кафка Франц. Старинная запись</title>
</book>
<book>
	<filename>kafka_franc/kafka_franc_stuk_v_vorota.fb2.zip</filename>
	<title>Кафка Франц. Стук в ворота</title>
</book>
<book>
	<filename>kafka_franc/kafka_franc_supruzheskaya_cheta.fb2.zip</filename>
	<title>Кафка Франц. Супружеская чета</title>
</book>
<book>
	<filename>kafka_franc/kafka_franc_svadebnye_prigotovleniya_v_derevne.fb2.zip</filename>
	<title>Кафка Франц. Свадебные приготовления в деревне</title>
</book>
<book>
	<filename>kafka_franc/kafka_franc_toska.fb2.zip</filename>
	<title>Кафка Франц. Тоска</title>
</book>
<book>
	<filename>kafka_franc/kafka_franc_verhom_na_vedre.fb2.zip</filename>
	<title>Кафка Франц. Верхом на ведре</title>
</book>
<book>
	<filename>kafka_franc/kafka_franc_v_ispravitelnoi_kolonii.fb2.zip</filename>
	<title>Кафка Франц. В исправительной колонии</title>
</book>
<book>
	<filename>kafka_franc/kafka_franc_v_nashei_sinagoge.fb2.zip</filename>
	<title>Кафка Франц. В нашей синагоге</title>
</book>
<book>
	<filename>kafka_franc/kafka_franc_vnezapnaya_progulka.fb2.zip</filename>
	<title>Кафка Франц. Внезапная прогулка</title>
</book>
<book>
	<filename>kafka_franc/kafka_franc_volchok.fb2.zip</filename>
	<title>Кафка Франц. Волчок</title>
</book>
<book>
	<filename>kafka_franc/kafka_franc_vozvrashenie_domoi.fb2.zip</filename>
	<title>Кафка Франц. Возвращение домой</title>
</book>
<book>
	<filename>kafka_franc/kafka_franc_vozzvanie.fb2.zip</filename>
	<title>Кафка Франц. Воззвание</title>
</book>
<book>
	<filename>kafka_franc/kafka_franc_v_poselenii_osuzhdennyh.fb2.zip</filename>
	<title>Кафка Франц. В поселении осужденных</title>
</book>
<book>
	<filename>kafka_franc/kafka_franc_yekzamen.fb2.zip</filename>
	<title>Кафка Франц. Экзамен</title>
</book>
<book>
	<filename>kafka_franc/kafka_franc_zaboty_glavy_semeistva.fb2.zip</filename>
	<title>Кафка Франц. Заботы главы семейства</title>
</book>
<book>
	<filename>kafka_franc/kafka_franc_zamok.fb2.zip</filename>
	<title>Кафка Франц. Замок</title>
</book>
<book>
	<filename>kafka_franc/kafka_franc_zashitniki.fb2.zip</filename>
	<title>Кафка Франц. Защитники</title>
</book>
<book>
	<filename>kafka_franc/kafka_franc_zhelanie_stat_indeicem.fb2.zip</filename>
	<title>Кафка Франц. Желание стать индейцем</title>
</book>
<book>
	<filename>kafka_franc/kafka_franc_zheleznodorozhnye_passazhiry.fb2.zip</filename>
	<title>Кафка Франц. Железнодорожные пассажиры</title>
</book>
<book>
	<filename>kagan_dzhenet/kagan_dzhenet_pesn_uhury.fb2.zip</filename>
	<title>Каган Дженет. Песнь Ухуры</title>
</book>
<book>
	<filename>kagan_dzhenet/kagan_dzhenet_revolyuciya_shelkunchikov.fb2.zip</filename>
	<title>Каган Дженет. Революция щелкунчиков</title>
</book>
<book>
	<filename>kaganov_leonid/kaganov_leonid_do_rassveta.fb2.zip</filename>
	<title>Каганов Леонид. До рассвета</title>
</book>
<book>
	<filename>kaganov_leonid/kaganov_leonid_harizma.fb2.zip</filename>
	<title>Каганов Леонид Александрович. Харизма</title>
</book>
<book>
	<filename>kaganov_leonid/kaganov_leonid_homka.fb2.zip</filename>
	<title>Каганов Леонид. Хомка</title>
</book>
<book>
	<filename>kaganov_leonid/kaganov_leonid_itak_hominoidy.fb2.zip</filename>
	<title>Каганов Леонид. Итак, Хоминоиды</title>
</book>
<book>
	<filename>kaganov_leonid/kaganov_leonid_komanda_d.fb2.zip</filename>
	<title>Каганов Леонид. Команда Д</title>
</book>
<book>
	<filename>kaganov_leonid/kaganov_leonid_kommutaciya.fb2.zip</filename>
	<title>Каганов Леонид. Коммутация</title>
</book>
<book>
	<filename>kaganov_leonid/kaganov_leonid_maslo.fb2.zip</filename>
	<title>Каганов Леонид. Масло</title>
</book>
<book>
	<filename>kaganov_leonid/kaganov_leonid_ms_vii.fb2.zip</filename>
	<title>Каганов Леонид. MS Вий</title>
</book>
<book>
	<filename>kaganov_leonid/kaganov_leonid_nezhilec.fb2.zip</filename>
	<title>Каганов Леонид Александрович. Нежилец</title>
</book>
<book>
	<filename>kaganov_leonid/kaganov_leonid_pismo_otca_serafimiya.fb2.zip</filename>
	<title>Каганов Леонид Александрович. Письмо отца Серафимия</title>
</book>
<book>
	<filename>kaganov_leonid/kaganov_leonid_rekviem.fb2.zip</filename>
	<title>Каганов Леонид Александрович. Реквием</title>
</book>
<book>
	<filename>kaganov_leonid/kaganov_leonid_rosryba.fb2.zip</filename>
	<title>Каганов Леонид. Росрыба</title>
</book>
<book>
	<filename>kaganov_leonid/kaganov_leonid_skazki_narodov_mira.fb2.zip</filename>
	<title>Каганов Леонид. Сказки народов мира</title>
</book>
<book>
	<filename>kagan_styuart/kagan_styuart_kremlevskii_volk.fb2.zip</filename>
	<title>Каган Стюарт. Кремлевский волк</title>
</book>
<book>
	<filename>kagarlickii_mihail/kagarlickii_mihail_chuzhoi_cvet.fb2.zip</filename>
	<title>Кагарлицкий Михаил. Чужой цвет</title>
</book>
<book>
	<filename>kaidalova_evgeniya/kaidalova_evgeniya_kolybelnaya_dlya_varezhki.fb2.zip</filename>
	<title>Кайдалова Евгения. Колыбельная для Варежки</title>
</book>
<book>
	<filename>kaie_myeri/kaie_myeri_dom_tenei.fb2.zip</filename>
	<title>Кайе Мэри Маргарет. Дом теней</title>
</book>
<book>
	<filename>kaiko_takyesi/kaiko_takyesi_nagrada_soldatu.fb2.zip</filename>
	<title>Кайко Такэси. Награда солдату</title>
</book>
<book>
	<filename>kaiko_takyesi/kaiko_takyesi_sharik_rassypalsya.fb2.zip</filename>
	<title>Кайко Такэси. Шарик рассыпался</title>
</book>
<book>
	<filename>kail_dunkan/kail_dunkan_chernyi_kamelot.fb2.zip</filename>
	<title>Кайл Дункан. Черный Камелот</title>
</book>
<book>
	<filename>kail_dunkan/kail_dunkan_komissar_ego_velichestva.fb2.zip</filename>
	<title>Кайл Дункан. Комиссар Его Величества</title>
</book>
<book>
	<filename>kail_dunkan/kail_dunkan_milyi_muravei.fb2.zip</filename>
	<title>Кайл Дункан. Милый муравей</title>
</book>
<book>
	<filename>kail_dunkan/kail_dunkan_potainoi_hod.fb2.zip</filename>
	<title>Кайл Дункан. Потайной ход</title>
</book>
<book>
	<filename>kail_kristin/kail_kristin_sokrovisha_montesumy.fb2.zip</filename>
	<title>Кайл Кристин. Сокровища Монтесумы</title>
</book>
<book>
	<filename>kail_kristin/kail_kristin_voinlyubovnik.fb2.zip</filename>
	<title>Кайл Кристин. Воин-любовник</title>
</book>
<book>
	<filename>kaizer_dzhenis/kaizer_dzhenis_lozh_vo_imya_lyubvi.fb2.zip</filename>
	<title>Кайзер Дженис. Ложь во имя любви</title>
</book>
<book>
	<filename>kaizer_dzhenis/kaizer_dzhenis_ty_moya_sudba.fb2.zip</filename>
	<title>Кайзер Дженис. Ты — моя судьба</title>
</book>
<book>
	<filename>kaiz_myerian/kaiz_myerian_ne_goryui.fb2.zip</filename>
	<title>Кайз Мэриан. Не горюй!</title>
</book>
<book>
	<filename>kaiz_myerian/kaiz_myerian_ne_uchite_menya_zhit.fb2.zip</filename>
	<title>Кайз Мэриан. Не учите меня жить!</title>
</book>
<book>
	<filename>kaiz_myerian/kaiz_myerian_sushi_dlya_nachinayushih.fb2.zip</filename>
	<title>Кайз Мэриан. Суши для начинающих</title>
</book>
<book>
	<filename>kaiz_myerian/kaiz_myerian_zamri_umri_voskresni.fb2.zip</filename>
	<title>Кайз Мэриан. Замри, умри, воскресни</title>
</book>
<book>
	<filename>kalaich_dragosh/kalaich_dragosh_simvolika_dollara.fb2.zip</filename>
	<title>Калаич Драгош. Символика доллара</title>
</book>
<book>
	<filename>kalamata_micho/kalamata_micho_pod_vlastyu_pugala.fb2.zip</filename>
	<title>Каламата Мичо. Под властью пугала</title>
</book>
<book>
	<filename>kalashnikov_isai/kalashnikov_isai_gonimye.fb2.zip</filename>
	<title>Калашников Исай Калистратович. Гонимые</title>
</book>
<book>
	<filename>kalashnikov_isai/kalashnikov_isai_goniteli.fb2.zip</filename>
	<title>Калашников Исай Калистратович. Гонители</title>
</book>
<book>
	<filename>kalashnikov_maksim/kalashnikov_maksim_bitva_za_nebesa.fb2.zip</filename>
	<title>Калашников Максим. Битва за небеса</title>
</book>
<book>
	<filename>kalashnikov_maksim/kalashnikov_maksim_genocid_russkogo_naroda.fb2.zip</filename>
	<title>Калашников Максим. Геноцид русского народа</title>
</book>
<book>
	<filename>kalashnikov_maksim/kalashnikov_maksim_gnev_orka.fb2.zip</filename>
	<title>Калашников Максим. Гнев орка</title>
</book>
<book>
	<filename>kalashnikov_maksim/kalashnikov_maksim_osedlai_molniyu.fb2.zip</filename>
	<title>Калашников Максим. Оседлай молнию!</title>
</book>
<book>
	<filename>kalashnikov_maksim/kalashnikov_maksim_slomannyi_mech_imperii.fb2.zip</filename>
	<title>Калашников Максим. Сломанный меч Империи</title>
</book>
<book>
	<filename>kalashnikov_maksim/kalashnikov_maksim_tretii_proekt_specnaz_vsevyshnego.fb2.zip</filename>
	<title>Калашников Максим. Третий проект. Спецназ Всевышнего</title>
</book>
<book>
	<filename>kalashnikov_maksim/kalashnikov_maksim_vpered_v_sssr2.fb2.zip</filename>
	<title>Калашников Максим. Вперед, в СССР-2!</title>
</book>
<book>
	<filename>kaledin_sergei/kaledin_sergei_koridor.fb2.zip</filename>
	<title>Каледин Сергей. Коридор</title>
</book>
<book>
	<filename>kaledin_sergei/kaledin_sergei_kuku.fb2.zip</filename>
	<title>Каледин Сергей. Ку-ку</title>
</book>
<book>
	<filename>kaledin_sergei/kaledin_sergei_pop_i_rabotnik.fb2.zip</filename>
	<title>Каледин Сергей. Поп и работник</title>
</book>
<book>
	<filename>kaledin_sergei/kaledin_sergei_smirennoe_kladbishe.fb2.zip</filename>
	<title>Каледин Сергей. Смиренное кладбище</title>
</book>
<book>
	<filename>kaledin_sergei/kaledin_sergei_stroibat.fb2.zip</filename>
	<title>Каледин Сергей. Стройбат</title>
</book>
<book>
	<filename>kaledin_sergei/kaledin_sergei_tahana_merkazit_glavnyi_avtovokzal.fb2.zip</filename>
	<title>Каледин Сергей. Тахана мерказит [Главный автовокзал]</title>
</book>
<book>
	<filename>kalef_noyel/kalef_noyel_lift_na_yeshafot.fb2.zip</filename>
	<title>Калеф Ноэль. Лифт На Эшафот</title>
</book>
<book>
	<filename>kalganov_andrei/kalganov_andrei_rodina_slonov.fb2.zip</filename>
	<title>Калганов Андрей. Родина слонов</title>
</book>
<book>
	<filename>kalganov_andrei/kalganov_andrei_veter_s_itilya.fb2.zip</filename>
	<title>Калганов Андрей. Ветер с Итиля</title>
</book>
<book>
	<filename>kalina_sasha/kalina_sasha_lilit.fb2.zip</filename>
	<title>Калина Саша. Лилит</title>
</book>
<book>
	<filename>kalinauskas_igor/kalinauskas_igor_duhovnoe_soobshestvo.fb2.zip</filename>
	<title>Калинаускас Игорь. Духовное сообщество</title>
</book>
<book>
	<filename>kalinauskas_igor/kalinauskas_igor_horosho_sidim.fb2.zip</filename>
	<title>Калинаускас Игорь. Хорошо сидим!</title>
</book>
<book>
	<filename>kalinauskas_igor/kalinauskas_igor_igry_v_kotorye_igraet_ya.fb2.zip</filename>
	<title>Калинаускас Игорь. Игры, в которые играет Я</title>
</book>
<book>
	<filename>kalinauskas_igor/kalinauskas_igor_naedine_s_mirom.fb2.zip</filename>
	<title>Калинаускас Игорь. Наедине с Миром</title>
</book>
<book>
	<filename>kalinauskas_igor/kalinauskas_igor_zhit_nado.fb2.zip</filename>
	<title>Калинаускас Игорь. Жить надо!</title>
</book>
<book>
	<filename>kalinin_a/kalinin_a_kubiktainik.fb2.zip</filename>
	<title>Калинин А. Т. Кубик-тайник</title>
</book>
<book>
	<filename>kalinina_darya/kalinina_darya_agent_semeinoi_bezopasnosti.fb2.zip</filename>
	<title>Калинина Дарья. Агент семейной безопасности</title>
</book>
<book>
	<filename>kalinina_darya/kalinina_darya_baran_i_novye_vorota.fb2.zip</filename>
	<title>Калинина Дарья. Баран и новые ворота</title>
</book>
<book>
	<filename>kalinina_darya/kalinina_darya_celyi_vagon_nevest.fb2.zip</filename>
	<title>Калинина Дарья. Целый вагон невест</title>
</book>
<book>
	<filename>kalinina_darya/kalinina_darya_ciklop_v_korsete.fb2.zip</filename>
	<title>Калинина Дарья. Циклоп в корсете</title>
</book>
<book>
	<filename>kalinina_darya/kalinina_darya_delai_vse_naoborot.fb2.zip</filename>
	<title>Калинина Дарья. Делай все наоборот</title>
</book>
<book>
	<filename>kalinina_darya/kalinina_darya_derzhi_hvost_pistoletom.fb2.zip</filename>
	<title>Калинина Дарья. Держи хвост пистолетом</title>
</book>
<book>
	<filename>kalinina_darya/kalinina_darya_detonator_dlya_seksbomby.fb2.zip</filename>
	<title>Калинина Дарья. Детонатор для секс-бомбы</title>
</book>
<book>
	<filename>kalinina_darya/kalinina_darya_dulya_s_makom.fb2.zip</filename>
	<title>Калинина Дарья. Дуля с маком</title>
</book>
<book>
	<filename>kalinina_darya/kalinina_darya_izbushka_na_kozih_nozhkah.fb2.zip</filename>
	<title>Калинина Дарья. Избушка на козьих ножках</title>
</book>
<book>
	<filename>kalinina_darya/kalinina_darya_krazha_s_oblomom.fb2.zip</filename>
	<title>Калинина Дарья. Кража с обломом</title>
</book>
<book>
	<filename>kalinina_darya/kalinina_darya_ledi_byetmen.fb2.zip</filename>
	<title>Калинина Дарья. Леди Бэтмен</title>
</book>
<book>
	<filename>kalinina_darya/kalinina_darya_lyubovnik_dlya_kurochki_ryaby.fb2.zip</filename>
	<title>Калинина Дарья. Любовник для Курочки Рябы</title>
</book>
<book>
	<filename>kalinina_darya/kalinina_darya_meksikanskie_strasti.fb2.zip</filename>
	<title>Калинина Дарья. Мексиканские страсти</title>
</book>
<book>
	<filename>kalinina_darya/kalinina_darya_mest_v_azhurnyh_chulkah.fb2.zip</filename>
	<title>Калинина Дарья. Месть в ажурных чулках</title>
</book>
<book>
	<filename>kalinina_darya/kalinina_darya_mnogo_shuma_i_nichego.fb2.zip</filename>
	<title>Калинина Дарья. Много шума и... ничего</title>
</book>
<book>
	<filename>kalinina_darya/kalinina_darya_perchik_na_desert.fb2.zip</filename>
	<title>Калинина Дарья. Перчик на десерт</title>
</book>
<book>
	<filename>kalinina_darya/kalinina_darya_piknik_na_lysoi_gore.fb2.zip</filename>
	<title>Калинина Дарья. Пикник на Лысой горе</title>
</book>
<book>
	<filename>kalinina_darya/kalinina_darya_pravila_zharkogo_seksa.fb2.zip</filename>
	<title>Калинина Дарья. Правила жаркого секса</title>
</book>
<book>
	<filename>kalinina_darya/kalinina_darya_pyanaya_ustrica.fb2.zip</filename>
	<title>Калинина Дарья. Пьяная устрица</title>
</book>
<book>
	<filename>kalinina_darya/kalinina_darya_samba_s_zelenymi_chelovechkami.fb2.zip</filename>
	<title>Калинина Дарья. Самба с зелеными человечками</title>
</book>
<book>
	<filename>kalinina_darya/kalinina_darya_sem_neproshenyh_gostei.fb2.zip</filename>
	<title>Калинина Дарья. Семь непрошеных гостей</title>
</book>
<book>
	<filename>kalinina_darya/kalinina_darya_sglaz_porche_ne_pomeha.fb2.zip</filename>
	<title>Калинина Дарья. Сглаз порче — не помеха</title>
</book>
<book>
	<filename>kalinina_darya/kalinina_darya_shalovlivyi_dedushka.fb2.zip</filename>
	<title>Калинина Дарья. Шаловливый дедушка</title>
</book>
<book>
	<filename>kalinina_darya/kalinina_darya_shustroe_rebro_adama.fb2.zip</filename>
	<title>Калинина Дарья. Шустрое ребро Адама</title>
</book>
<book>
	<filename>kalinina_darya/kalinina_darya_shutki_staryh_dev.fb2.zip</filename>
	<title>Калинина Дарья. Шутки старых дев</title>
</book>
<book>
	<filename>kalinina_darya/kalinina_darya_svinya_v_apelsinah.fb2.zip</filename>
	<title>Калинина Дарья. Свинья в апельсинах</title>
</book>
<book>
	<filename>kalinina_darya/kalinina_darya_tigr_vo_frake.fb2.zip</filename>
	<title>Калинина Дарья. Тигр во фраке</title>
</book>
<book>
	<filename>kalinina_darya/kalinina_darya_velikosvetskii_shodnyak.fb2.zip</filename>
	<title>Калинина Дарья. Великосветский сходняк</title>
</book>
<book>
	<filename>kalinina_darya/kalinina_darya_zhadina_platit_dvazhdy.fb2.zip</filename>
	<title>Калинина Дарья. Жадина платит дважды</title>
</book>
<book>
	<filename>kalinina_darya/kalinina_darya_zontik_dlya_delfina.fb2.zip</filename>
	<title>Калинина Дарья. Зонтик для дельфина</title>
</book>
<book>
	<filename>kalinina_darya/kalinina_darya_zvezdnaya_pyl_na_kablukah.fb2.zip</filename>
	<title>Калинина Дарья. Звездная пыль на каблуках</title>
</book>
<book>
	<filename>kalinina_natalya/kalinina_natalya_lyublyu_tolko_tebya.fb2.zip</filename>
	<title>Калинина Наталья Анатольевна. Люблю только тебя</title>
</book>
<book>
	<filename>kalinina_natalya/kalinina_natalya_nektar_kradenoi_chereshni.fb2.zip</filename>
	<title>Калинина Наталья Дмитриевна. Нектар краденой черешни</title>
</book>
<book>
	<filename>kalinin_anatolii/kalinin_anatolii_bratya.fb2.zip</filename>
	<title>Калинин Анатолий Вениаминович. Братья</title>
</book>
<book>
	<filename>kalinin_anatolii/kalinin_anatolii_zapretnaya_zona.fb2.zip</filename>
	<title>Калинин Анатолий Вениаминович. Запретная зона</title>
</book>
<book>
	<filename>kallahyen_stiven/kallahyen_stiven_v_dreife_semdesyat_shest_dnei_v_plenu_u_morya.fb2.zip</filename>
	<title>Каллахэн Стивен. В дрейфе: Семьдесят шесть дней в плену у моря</title>
</book>
<book>
	<filename>kallen_geil/kallen_geil_ne_drazni_gercoga.fb2.zip</filename>
	<title>Каллен Гейл. Не дразни герцога</title>
</book>
<book>
	<filename>kalma_anna/kalma_anna_chernaya_salli.fb2.zip</filename>
	<title>Кальма Анна Иосифовна. Черная Салли</title>
</book>
<book>
	<filename>kalma_anna/kalma_anna_deti_gorchichnogo_raya.fb2.zip</filename>
	<title>Кальма Анна Иосифовна. Дети горчичного рая</title>
</book>
<book>
	<filename>kalmykov_yurii/kalmykov_yurii_povesitsya_v_rayu.fb2.zip</filename>
	<title>Калмыков Юрий. Повеситься в раю</title>
</book>
<book>
	<filename>kalmykov_yurii/kalmykov_yurii_samopoznanie_shuta.fb2.zip</filename>
	<title>Калмыков Юрий. Самопознание шута</title>
</book>
<book>
	<filename>kalogridis_dzhinn/kalogridis_dzhinn_deti_vampira.fb2.zip</filename>
	<title>Калогридис Джинн. Дети вампира</title>
</book>
<book>
	<filename>kalogridis_dzhinn/kalogridis_dzhinn_dogovor_s_vampirom.fb2.zip</filename>
	<title>Калогридис Джинн. Договор с вампиром</title>
</book>
<book>
	<filename>kalogridis_dzhinn/kalogridis_dzhinn_knyaz_vampirov.fb2.zip</filename>
	<title>Калогридис Джинн. Князь вампиров</title>
</book>
<book>
	<filename>kalogridis_dzhinn/kalogridis_dzhinn_nevesta_bordzha.fb2.zip</filename>
	<title>Калогридис Джинн. Невеста Борджа</title>
</book>
<book>
	<filename>kalogridis_dzhinn/kalogridis_dzhinn_ognennye_vremena.fb2.zip</filename>
	<title>Калогридис Джинн. Огненные времена</title>
</book>
<book>
	<filename>kalogridis_dzhinn/kalogridis_dzhinn_ya_mona_liza.fb2.zip</filename>
	<title>Калогридис Джинн. Я, Мона Лиза</title>
</book>
<book>
	<filename>kalugin_aleksei/kalugin_aleksei_da_zdravstvuet_rezervaciya.fb2.zip</filename>
	<title>Калугин Алексей. Да Здравствует Резервация!</title>
</book>
<book>
	<filename>kalugin_aleksei/kalugin_aleksei_dva_shaga_do_gorizonta.fb2.zip</filename>
	<title>Калугин Алексей. Два шага до горизонта</title>
</book>
<book>
	<filename>kalugin_aleksei/kalugin_aleksei_genocid.fb2.zip</filename>
	<title>Калугин Алексей. Геноцид</title>
</book>
<book>
	<filename>kalugin_aleksei/kalugin_aleksei_i_chert_s_nami.fb2.zip</filename>
	<title>КАЛУГИН Алексей. И черт с нами</title>
</book>
<book>
	<filename>kalugin_aleksei/kalugin_aleksei_igra_v_realnost.fb2.zip</filename>
	<title>Калугин Алексей. Игра в реальность</title>
</book>
<book>
	<filename>kalugin_aleksei/kalugin_aleksei_labirint.fb2.zip</filename>
	<title>Калугин Алексей. Лабиринт</title>
</book>
<book>
	<filename>kalugin_aleksei/kalugin_aleksei_mir_bez_solnca.fb2.zip</filename>
	<title>Калугин Алексей. Мир без Солнца</title>
</book>
<book>
	<filename>kalugin_aleksei/kalugin_aleksei_myatezh_obrechyonnyh.fb2.zip</filename>
	<title>Калугин Алексей. Мятеж обречённых</title>
</book>
<book>
	<filename>kalugin_aleksei/kalugin_aleksei_ne_tak_strashen_chert.fb2.zip</filename>
	<title>Калугин Алексей. Не так страшен черт</title>
</book>
<book>
	<filename>kalugin_aleksei/kalugin_aleksei_oskolki_realnosti.fb2.zip</filename>
	<title>Калугин Алексей. Осколки реальности</title>
</book>
<book>
	<filename>kalugin_aleksei/kalugin_aleksei_patrul_vyzyvali.fb2.zip</filename>
	<title>Калугин Алексей. Патруль вызывали?</title>
</book>
<book>
	<filename>kalugin_aleksei/kalugin_aleksei_podmenyonnyi.fb2.zip</filename>
	<title>Калугин Алексей. Подменённый</title>
</book>
<book>
	<filename>kalugin_aleksei/kalugin_aleksei_polet_motylka.fb2.zip</filename>
	<title>Калугин Алексей. Полет мотылька</title>
</book>
<book>
	<filename>kalugin_aleksei/kalugin_aleksei_razorvannoe_vremya.fb2.zip</filename>
	<title>Калугин Алексей. Разорванное время</title>
</book>
<book>
	<filename>kalugin_aleksei/kalugin_aleksei_rezervaciya.fb2.zip</filename>
	<title>Калугин Алексей. Резервация</title>
</book>
<book>
	<filename>kalugin_aleksei/kalugin_aleksei_snezhnaya_slepota.fb2.zip</filename>
	<title>Калугин Алексей Александрович. Снежная слепота</title>
</book>
<book>
	<filename>kalugin_aleksei/kalugin_aleksei_specialist_po_vyzhivaniyu.fb2.zip</filename>
	<title>Калугин Алексей. Специалист по выживанию</title>
</book>
<book>
	<filename>kalugin_aleksei/kalugin_aleksei_tam_gorod_krys.fb2.zip</filename>
	<title>Калугин Алексей. Там (Город крыс)</title>
</book>
<book>
	<filename>kalugin_aleksei/kalugin_aleksei_temnye_otrazheniya.fb2.zip</filename>
	<title>Калугин Алексей. Темные отражения</title>
</book>
<book>
	<filename>kalugin_aleksei/kalugin_aleksei_vestnik_smerti.fb2.zip</filename>
	<title>Калугин Алексей. Вестник смерти</title>
</book>
<book>
	<filename>kalugin_aleksei/kalugin_aleksei_vremya_nazad.fb2.zip</filename>
	<title>Калугин Алексей Александрович. Время — назад!</title>
</book>
<book>
	<filename>kalugin_aleksei/kalugin_aleksei_vse_pod_kontrolem.fb2.zip</filename>
	<title>Калугин Алексей. Все под контролем</title>
</book>
<book>
	<filename>kalugin_aleksei/kalugin_aleksei_zabyt_rezervaciyu.fb2.zip</filename>
	<title>Калугин Алексей. Забыть резервацию</title>
</book>
<book>
	<filename>kalugin_roman/kalugin_roman_zakony_vydayushihsya_lyudei.fb2.zip</filename>
	<title>Калугин Роман. Законы выдающихся людей</title>
</book>
<book>
	<filename>kalvino_italo/kalvino_italo_esli_odnazhdy_zimnei_nochyu_putnik.fb2.zip</filename>
	<title>Кальвино Итало. Если однажды зимней ночью путник</title>
</book>
<book>
	<filename>kalvino_italo/kalvino_italo_kosmikomicheskie_istorii.fb2.zip</filename>
	<title>Кальвино Итало. Космикомические истории</title>
</book>
<book>
	<filename>kalvino_italo/kalvino_italo_kot_i_policeiskii_izbrannoe.fb2.zip</filename>
	<title>Кальвино Итало. Кот и полицейский. Избранное</title>
</book>
<book>
	<filename>kalvino_italo/kalvino_italo_nashi_predki.fb2.zip</filename>
	<title>Кальвино Итало. Наши предки</title>
</book>
<book>
	<filename>kalvino_italo/kalvino_italo_nezrimye_goroda.fb2.zip</filename>
	<title>Кальвино Итало. Незримые города</title>
</book>
<book>
	<filename>kalvino_italo/kalvino_italo_palomar.fb2.zip</filename>
	<title>Кальвино Итало. Паломар</title>
</book>
<book>
	<filename>kalvino_italo/kalvino_italo_pod_solncem_yaguara.fb2.zip</filename>
	<title>Кальвино Итало. Под солнцем ягуара</title>
</book>
<book>
	<filename>kalvino_italo/kalvino_italo_zamok_skreshennyh_sudeb.fb2.zip</filename>
	<title>Кальвино Итало. Замок скрещенных судеб</title>
</book>
<book>
	<filename>kalyuzhnyi_dmitrii/kalyuzhnyi_dmitrii_drugaya_istoriya_moskovskogo_carstva.fb2.zip</filename>
	<title>Калюжный Дмитрий Витальевич. Другая история Московского царства</title>
</book>
<book>
	<filename>kalyuzhnyi_dmitrii/kalyuzhnyi_dmitrii_drugaya_istoriya_rossiiskoi_imperii.fb2.zip</filename>
	<title>Калюжный Дмитрий Витальевич. Другая история Российской империи</title>
</book>
<book>
	<filename>kalyuzhnyi_dmitrii/kalyuzhnyi_dmitrii_zona_sna.fb2.zip</filename>
	<title>Калюжный Дмитрий. Зона сна</title>
</book>
<book>
	<filename>kamaleev_mihail/kamaleev_mihail_ni_kapli_nevinnosti_hronika_stremitelnoi_molodosti.fb2.zip</filename>
	<title>Камалеев Михаил А. Ни капли невинности. Хроника стремительной молодости.</title>
</book>
<book>
	<filename>kamaletdinov_rashid/kamaletdinov_rashid_ego_velichestvo_udar.fb2.zip</filename>
	<title>Камалетдинов Рашид. Его величество удар</title>
</book>
<book>
	<filename>kamenistyi_artem/kamenistyi_artem_boevaya_edinica.fb2.zip</filename>
	<title>Каменистый Артем. Боевая единица</title>
</book>
<book>
	<filename>kamenistyi_artem/kamenistyi_artem_pogranichnaya_reka.fb2.zip</filename>
	<title>Каменистый Артем. Пограничная река</title>
</book>
<book>
	<filename>kamenistyi_artem/kamenistyi_artem_praktikantka.fb2.zip</filename>
	<title>Каменистый Артем. Практикантка</title>
</book>
<book>
	<filename>kamenistyi_artem/kamenistyi_artem_serdce_mira.fb2.zip</filename>
	<title>Каменистый Артем. Сердце Мира</title>
</book>
<book>
	<filename>kamenistyi_artem/kamenistyi_artem_zapretnyi_mir.fb2.zip</filename>
	<title>Каменистый Артем. Запретный Мир</title>
</book>
<book>
	<filename>kamenistyi_artem/kamenistyi_artem_zemli_haitany.fb2.zip</filename>
	<title>Каменистый Артем. Земли Хайтаны</title>
</book>
<book>
	<filename>kameron_kristina/kameron_kristina_dikaya_roza_gor.fb2.zip</filename>
	<title>Камерон Кристина. Дикая роза гор</title>
</book>
<book>
	<filename>kameron_lu/kameron_lu_za_krovavokrasnoi_dveryu.fb2.zip</filename>
	<title>Камерон Лу. За кроваво-красной дверью</title>
</book>
<book>
	<filename>kameron_stella/kameron_stella_bezdyhannaya.fb2.zip</filename>
	<title>Камерон Стелла. Бездыханная</title>
</book>
<book>
	<filename>kameron_stella/kameron_stella_bez_straha_i_somnenii.fb2.zip</filename>
	<title>Камерон Стелла. Без страха и сомнений</title>
</book>
<book>
	<filename>kameron_stella/kameron_stella_dorogoi_neznakomec.fb2.zip</filename>
	<title>Камерон Стелла. Дорогой незнакомец</title>
</book>
<book>
	<filename>kameron_stella/kameron_stella_ego_volshebnoe_prikosnovenie.fb2.zip</filename>
	<title>Камерон Стелла. Его волшебное прикосновение</title>
</book>
<book>
	<filename>kameron_stella/kameron_stella_francuzskii_kvartal.fb2.zip</filename>
	<title>Камерон Стелла. Французский квартал</title>
</book>
<book>
	<filename>kameron_stella/kameron_stella_milye_razvlecheniya.fb2.zip</filename>
	<title>Камерон Стелла. Милые развлечения</title>
</book>
<book>
	<filename>kameron_stella/kameron_stella_mimoletnoe_prikosnovenie.fb2.zip</filename>
	<title>Камерон Стелла. Мимолетное прикосновение</title>
</book>
<book>
	<filename>kameron_stella/kameron_stella_na_vershine_blazhenstva.fb2.zip</filename>
	<title>Камерон Стелла. На вершине блаженства</title>
</book>
<book>
	<filename>kameron_stella/kameron_stella_nezhdannaya_lyubov.fb2.zip</filename>
	<title>Камерон Стелла. Нежданная любовь</title>
</book>
<book>
	<filename>kameron_stella/kameron_stella_prostye_radosti.fb2.zip</filename>
	<title>Камерон Стелла. Простые радости</title>
</book>
<book>
	<filename>kameron_stella/kameron_stella_vo_vlasti_zhelaniya.fb2.zip</filename>
	<title>Камерон Стелла. Во власти желания</title>
</book>
<book>
	<filename>kameron_stella/kameron_stella_zapretnye_udovolstviya.fb2.zip</filename>
	<title>Камерон Стелла. Запретные удовольствия</title>
</book>
<book>
	<filename>kameron_stella/kameron_stella_zhdi_menya.fb2.zip</filename>
	<title>Камерон Стелла. Жди меня</title>
</book>
<book>
	<filename>kamfort_bonni/kamfort_bonni_otkaz.fb2.zip</filename>
	<title>Камфорт Бонни. Отказ</title>
</book>
<book>
	<filename>kamilleri_andrea/kamilleri_andrea_forma_vody.fb2.zip</filename>
	<title>Камиллери Андреа. Форма воды</title>
</book>
<book>
	<filename>kamilleri_andrea/kamilleri_andrea_sobaka_iz_terrakoty.fb2.zip</filename>
	<title>Камиллери Андреа. Собака из терракоты</title>
</book>
<book>
	<filename>kaminskaya_dina/kaminskaya_dina_zapiski_advokata.fb2.zip</filename>
	<title>Каминская Дина Исааковна. Записки адвоката</title>
</book>
<book>
	<filename>kaminskaya_polina/kaminskaya_polina_operaciya_antiirod.fb2.zip</filename>
	<title>Каминская Полина. Операция “Антиирод”</title>
</book>
<book>
	<filename>kaminski_styuart/kaminski_styuart_mest.fb2.zip</filename>
	<title>Камински Стюарт М. Месть</title>
</book>
<book>
	<filename>kamnev_aleksei/kamnev_aleksei_ego_velichestvo_grabyozh.fb2.zip</filename>
	<title>Камнев Алексей Ермолаевич. Его «величество» ГРАБЁЖ</title>
</book>
<book>
	<filename>kamono_tyomyei/kamono_tyomyei_zapiski_iz_keli_hodzyoki.fb2.zip</filename>
	<title>Камо-но Тёмэй. Записки из кельи [Ходзёки]</title>
</book>
<book>
	<filename>kampanella_tommazo/kampanella_tommazo_gorod_solnca.fb2.zip</filename>
	<title>Кампанелла Томмазо. Город Солнца</title>
</book>
<book>
	<filename>kampanile_akille/kampanile_akille_esli_luna_prineset_mne_udachu.fb2.zip</filename>
	<title>Кампаниле Акилле. Если луна принесет мне удачу</title>
</book>
<book>
	<filename>kampanile_akille/kampanile_akille_v_avguste_zhenu_znat_ne_zhelayu.fb2.zip</filename>
	<title>Кампаниле Акилле. В августе жену знать не желаю</title>
</book>
<book>
	<filename>kamsar_aleks/kamsar_aleks_klyanus_yeto_lyubov_byla.fb2.zip</filename>
	<title>Камсар Алекс. Клянусь, это любовь была...</title>
</book>
<book>
	<filename>kamsha_vera/kamsha_vera_bashnya_yarosti_chernye_maki.fb2.zip</filename>
	<title>Камша Вера. Башня Ярости: Черные маки</title>
</book>
<book>
	<filename>kamsha_vera/kamsha_vera_bashnya_yarosti_vshody_vetra.fb2.zip</filename>
	<title>Камша Вера. Башня Ярости: Всходы ветра</title>
</book>
<book>
	<filename>kamsha_vera/kamsha_vera_belaya_el.fb2.zip</filename>
	<title>Камша Вера. Белая ель</title>
</book>
<book>
	<filename>kamsha_vera/kamsha_vera_crataegus_sanguinea_vremya_zolota.fb2.zip</filename>
	<title>Камша Вера. Crataegus Sanguinea. Время золота</title>
</book>
<book>
	<filename>kamsha_vera/kamsha_vera_dovod_korolei.fb2.zip</filename>
	<title>Камша Вера. Довод Королей</title>
</book>
<book>
	<filename>kamsha_vera/kamsha_vera_krasnoe_na_krasnom.fb2.zip</filename>
	<title>Камша Вера. Красное на красном</title>
</book>
<book>
	<filename>kamsha_vera/kamsha_vera_krov_zakata.fb2.zip</filename>
	<title>Камша Вера. Кровь Заката</title>
</book>
<book>
	<filename>kamsha_vera/kamsha_vera_lik_pobedy.fb2.zip</filename>
	<title>Камша Вера. Лик Победы</title>
</book>
<book>
	<filename>kamsha_vera/kamsha_vera_nesravnennoe_pravo.fb2.zip</filename>
	<title>Камша Вера. Несравненное право</title>
</book>
<book>
	<filename>kamsha_vera/kamsha_vera_ot_voiny_do_voiny.fb2.zip</filename>
	<title>Камша Вера. От войны до войны</title>
</book>
<book>
	<filename>kamsha_vera/kamsha_vera_plamya_yeterny.fb2.zip</filename>
	<title>Камша Вера. Пламя Этерны</title>
</book>
<book>
	<filename>kamsha_vera/kamsha_vera_temnaya_zvezda.fb2.zip</filename>
	<title>Камша Вера Викторовна. Темная звезда</title>
</book>
<book>
	<filename>kamsha_vera/kamsha_vera_zimnii_izlom_tom_1_iz_glubin.fb2.zip</filename>
	<title>Камша Вера. Зимний излом. Том 1. Из глубин</title>
</book>
<book>
	<filename>kamyu_alber/kamyu_alber_chuma.fb2.zip</filename>
	<title>Камю Альбер. Чума</title>
</book>
<book>
	<filename>kamyu_alber/kamyu_alber_kaligula.fb2.zip</filename>
	<title>Камю Альбер. Калигула</title>
</book>
<book>
	<filename>kamyu_alber/kamyu_alber_padenie.fb2.zip</filename>
	<title>Камю Альбер. Падение</title>
</book>
<book>
	<filename>kamyu_alber/kamyu_alber_postoronnii.fb2.zip</filename>
	<title>Камю Альбер. Посторонний</title>
</book>
<book>
	<filename>kamyu_alber/kamyu_alber_razmyshleniya_o_gilotine.fb2.zip</filename>
	<title>Камю Альбер. Размышления о гильотине</title>
</book>
<book>
	<filename>kamyu_alber/kamyu_alber_zapisnye_knizhki.fb2.zip</filename>
	<title>Камю Альбер. Записные книжки</title>
</book>
<book>
	<filename>kamyu_alber/kamyu_alber_zapisnye_knizhki_mart_1951_dekabr_1959.fb2.zip</filename>
	<title>Камю Альбер. Записные книжки. Март 1951 — декабрь 1959</title>
</book>
<book>
	<filename>kanavan_trudi/kanavan_trudi_gildiya_magov.fb2.zip</filename>
	<title>Канаван Труди. Гильдия магов</title>
</book>
<book>
	<filename>kanavan_trudi/kanavan_trudi_uchenica_gildii.fb2.zip</filename>
	<title>Канаван Труди. Ученица Гильдии</title>
</book>
<book>
	<filename>kanavan_trudi/kanavan_trudi_vysokii_lord.fb2.zip</filename>
	<title>Канаван Труди. Высокий Лорд</title>
</book>
<book>
	<filename>kanbu_inayatullah/kanbu_inayatullah_kniga_o_vernyh_i_nevernyh_zhenah.fb2.zip</filename>
	<title>Канбу Инаятуллах. Книга о верных и неверных женах</title>
</book>
<book>
	<filename>kancyreev_aleksandr/kancyreev_aleksandr_rasskazy.fb2.zip</filename>
	<title>Канцыреев Александр. Рассказы</title>
</book>
<book>
	<filename>kandinskii_viktor/kandinskii_viktor_o_psevdogallyucinaciyah.fb2.zip</filename>
	<title>Кандинский Виктор Хрисанфович. О псевдогаллюцинациях</title>
</book>
<book>
	<filename>kandyba_viktor/kandyba_viktor_magiya_yenciklopediya_magii_i_koldovstva.fb2.zip</filename>
	<title>Кандыба Виктор Михайлович. ''Магия'' – энциклопедия магии и колдовства</title>
</book>
<book>
	<filename>kandyba_viktor/kandyba_viktor_nepoznannoe_i_neveroyatnoe_yenciklopediya_chudesnogo_i_nepoznannogo.fb2.zip</filename>
	<title>Кандыба Виктор Михайлович. Непознанное и невероятное: энциклопедия чудесного и непознанного</title>
</book>
<book>
	<filename>kandyba_viktor/kandyba_viktor_skmetod_razvitiya_cheloveka.fb2.zip</filename>
	<title>Кандыба Виктор Михайлович. СК-метод развития человека</title>
</book>
<book>
	<filename>kandyba_viktor/kandyba_viktor_sverhvozmozhnosti_cheloveka.fb2.zip</filename>
	<title>Кандыба Виктор Михайлович. Сверхвозможности человека</title>
</book>
<book>
	<filename>kandyba_viktor/kandyba_viktor_tainye_vozmozhnosti_cheloveka.fb2.zip</filename>
	<title>Кандыба Виктор Михайлович. Тайные возможности человека</title>
</book>
<book>
	<filename>kandyba_viktor/kandyba_viktor_zagadochnye_sverhvozmozhnosti_cheloveka.fb2.zip</filename>
	<title>Кандыба Виктор Михайлович. Загадочные сверхвозможности человека</title>
</book>
<book>
	<filename>kan_dyevid/kan_dyevid_vzlomshiki_kodov.fb2.zip</filename>
	<title>Кан Дэвид. Взломщики кодов</title>
</book>
<book>
	<filename>kan_dzheims/kan_dzheims_indiana_dzhons_i_hram_sudby.fb2.zip</filename>
	<title>Кан Джеймс. Индиана Джонс и Храм Судьбы</title>
</book>
<book>
	<filename>kan_dzheims/kan_dzheims_yepizod_vi_vozvrashenie_dzhedaya.fb2.zip</filename>
	<title>Кан Джеймс. Эпизод VI: Возвращение джедая</title>
</book>
<book>
	<filename>kanningem_maikl/kanningem_maikl_chasy.fb2.zip</filename>
	<title>Каннингем Майкл. Часы</title>
</book>
<book>
	<filename>kanningem_yelein/kanningem_yelein_alye_nebesa_goluboe_plamya.fb2.zip</filename>
	<title>Каннингем Элейн. Алые небеса , голубое пламя</title>
</book>
<book>
	<filename>kanningem_yelein/kanningem_yelein_doch_drou.fb2.zip</filename>
	<title>Каннингем Элейн. Дочь Дроу</title>
</book>
<book>
	<filename>kanningem_yelein/kanningem_yelein_kristall.fb2.zip</filename>
	<title>Каннингем Элейн. Кристалл</title>
</book>
<book>
	<filename>kanningem_yelein/kanningem_yelein_krylya_vorona.fb2.zip</filename>
	<title>Каннингем Элейн. Крылья ворона</title>
</book>
<book>
	<filename>kanningem_yelein/kanningem_yelein_obryad_krovi.fb2.zip</filename>
	<title>Каннингем Элейн. Обряд крови</title>
</book>
<book>
	<filename>kanningem_yelein/kanningem_yelein_pautina.fb2.zip</filename>
	<title>Каннингем Элейн. Паутина</title>
</book>
<book>
	<filename>kanningem_yelein/kanningem_yelein_uchenica.fb2.zip</filename>
	<title>Каннингем Элейн. Ученица</title>
</book>
<book>
	<filename>kanningem_yelein/kanningem_yelein_yelfiiskaya_mest.fb2.zip</filename>
	<title>Каннингем Элейн. Эльфийская месть</title>
</book>
<book>
	<filename>kanningem_yelein/kanningem_yelein_yelfiiskaya_pesn.fb2.zip</filename>
	<title>Каннингем Элейн. Эльфийская песнь</title>
</book>
<book>
	<filename>kanningem_yelein/kanningem_yelein_yelfiiskaya_ten.fb2.zip</filename>
	<title>Каннингем Элейн. Эльфийская тень</title>
</book>
<book>
	<filename>kanning_viktor/kanning_viktor_derevo_drakona.fb2.zip</filename>
	<title>Каннинг Виктор. Дерево дракона</title>
</book>
<book>
	<filename>kanning_viktor/kanning_viktor_kletka.fb2.zip</filename>
	<title>Каннинг Виктор. Клетка</title>
</book>
<book>
	<filename>kanning_viktor/kanning_viktor_na_yazyke_plameni.fb2.zip</filename>
	<title>Каннинг Виктор. На языке пламени</title>
</book>
<book>
	<filename>kanning_viktor/kanning_viktor_ostrov_kradenyh_dragocennostei.fb2.zip</filename>
	<title>Каннинг Виктор. Остров краденых драгоценностей</title>
</book>
<book>
	<filename>kanning_viktor/kanning_viktor_pisma_skorpiona.fb2.zip</filename>
	<title>Каннинг Виктор. Письма Скорпиона</title>
</book>
<book>
	<filename>kanning_viktor/kanning_viktor_rukahlyst.fb2.zip</filename>
	<title>Каннинг Виктор. Рука-хлыст</title>
</book>
<book>
	<filename>kanning_viktor/kanning_viktor_semeinaya_taina.fb2.zip</filename>
	<title>Каннинг Виктор. Семейная тайна</title>
</book>
<book>
	<filename>kanning_viktor/kanning_viktor_tayushii_chelovek.fb2.zip</filename>
	<title>Каннинг Виктор. Тающий человек</title>
</book>
<book>
	<filename>kano_arkaic/kano_arkaic_dzhaz_v_alyaske.fb2.zip</filename>
	<title>Кано Аркаиц. Джаз в Аляске</title>
</book>
<book>
	<filename>kanovich_grigorii/kanovich_grigorii_aizik_der_meshugener.fb2.zip</filename>
	<title>Канович Григорий. Айзик дер Мешугенер</title>
</book>
<book>
	<filename>kanovich_grigorii/kanovich_grigorii_park_zabytyh_evreev.fb2.zip</filename>
	<title>Канович Григорий. Парк забытых евреев</title>
</book>
<book>
	<filename>kanovich_grigorii/kanovich_grigorii_prodavec_snov.fb2.zip</filename>
	<title>Канович Григорий. Продавец снов</title>
</book>
<book>
	<filename>kanovich_grigorii/kanovich_grigorii_shelest_srublennyh_derevev.fb2.zip</filename>
	<title>Канович Григорий. Шелест срубленных деревьев</title>
</book>
<book>
	<filename>kant_immanuil/kant_immanuil_vopros_o_tom_stareet_li_zemlya_s_fizicheskoi_tochki_zreniya.fb2.zip</filename>
	<title>Кант Иммануил. Вопрос о том, стареет ли Земля с физической точки зрения</title>
</book>
<book>
	<filename>kantra_virdzhiniya/kantra_virdzhiniya_morskaya_vedma.fb2.zip</filename>
	<title>Кантра Вирджиния. Морская ведьма</title>
</book>
<book>
	<filename>kantra_virdzhiniya/kantra_virdzhiniya_morskoi_demon.fb2.zip</filename>
	<title>Кантра Вирджиния. Морской демон</title>
</book>
<book>
	<filename>kanushkin_roman/kanushkin_roman_noch_ctileta2.fb2.zip</filename>
	<title>Канушкин Роман. Ночь Cтилета-2</title>
</book>
<book>
	<filename>kanushkin_roman/kanushkin_roman_noch_stileta.fb2.zip</filename>
	<title>Канушкин Роман. Ночь Стилета</title>
</book>
<book>
	<filename>kanushkin_roman/kanushkin_roman_obratnyi_otschet.fb2.zip</filename>
	<title>Канушкин Роман. Обратный отсчет</title>
</book>
<book>
	<filename>kapandyu_yernest/kapandyu_yernest_rycar_v_chernom_plashe.fb2.zip</filename>
	<title>Капандю Эрнест. Рыцарь в черном плаще</title>
</book>
<book>
	<filename>kaphen_charlz/kaphen_charlz_zakat_ameriki_uzhe_skoro.fb2.zip</filename>
	<title>Капхен Чарльз. Закат Америки. Уже скоро</title>
</book>
<book>
	<filename>kapica_petr/kapica_petr_ostrov_pandango.fb2.zip</filename>
	<title>Капица Петр Иосифович. Остров Панданго</title>
</book>
<book>
	<filename>kapica_petr/kapica_petr_v_otkrytom_more.fb2.zip</filename>
	<title>Капица Петр Иосифович. В открытом море</title>
</book>
<book>
	<filename>kapitonov_konstantin/kapitonov_konstantin_izrail_istoriya_mossada_i_specnaza.fb2.zip</filename>
	<title>Капитонов Константин Алексеевич. Израиль. История Моссада и спецназа</title>
</book>
<book>
	<filename>kapkov_sergei/kapkov_sergei_yeti_raznye_raznye_lica_30_istorii_zhizni_izvestnyh_i_neizvestnyh_akterov.fb2.zip</filename>
	<title>Капков Сергей. Эти разные, разные лица (30 историй жизни известных и неизвестных актеров)</title>
</book>
<book>
	<filename>kaplan_helen/kaplan_helen_seksualnaya_terapiya.fb2.zip</filename>
	<title>Каплан Хелен Сингер. Сексуальная терапия</title>
</book>
<book>
	<filename>kaplan_vitalii/kaplan_vitalii_inoi_sredi_inyh.fb2.zip</filename>
	<title>Каплан Виталий. Иной среди Иных</title>
</book>
<book>
	<filename>kaplan_vitalii/kaplan_vitalii_poslednee_zveno.fb2.zip</filename>
	<title>Каплан Виталий. Последнее звено</title>
</book>
<book>
	<filename>kaplan_vitalii/kaplan_vitalii_vedmin_dom.fb2.zip</filename>
	<title>Каплан Виталий. Ведьмин дом</title>
</book>
<book>
	<filename>kapler_aleksei/kapler_aleksei_ya_i_my_vzlety_i_padeniya_rycarya_iskusstva.fb2.zip</filename>
	<title>Каплер Алексей Яковлевич. «Я» и «МЫ». Взлеты и падения рыцаря искусства</title>
</book>
<book>
	<filename>kapote_trumen/kapote_trumen_drugie_golosa_drugie_komnaty.fb2.zip</filename>
	<title>Капоте Трумен. Другие голоса, другие комнаты</title>
</book>
<book>
	<filename>kapote_trumen/kapote_trumen_hladnokrovnoe_ubiistvo.fb2.zip</filename>
	<title>Капоте Трумен. Хладнокровное убийство</title>
</book>
<book>
	<filename>kapote_trumen/kapote_trumen_lugovaya_arfa.fb2.zip</filename>
	<title>Капоте Трумен. Луговая арфа</title>
</book>
<book>
	<filename>kapote_trumen/kapote_trumen_prekrasnoe_ditya.fb2.zip</filename>
	<title>Капоте Трумен. Прекрасное дитя</title>
</book>
<book>
	<filename>kapote_trumen/kapote_trumen_zavtrak_u_tiffani.fb2.zip</filename>
	<title>Капоте Трумен. Завтрак у Тиффани</title>
</book>
<book>
	<filename>kappellani_ottavio/kappellani_ottavio_kto_takoi_lu_shortino.fb2.zip</filename>
	<title>Каппеллани Оттавио. Кто такой Лу Шортино?</title>
</book>
<book>
	<filename>kapp_kolin/kapp_kolin_agent_galaktiki.fb2.zip</filename>
	<title>Капп Колин. Агент Галактики</title>
</book>
<book>
	<filename>kapp_kolin/kapp_kolin_oruzhie_haosa.fb2.zip</filename>
	<title>Капп Колин. Оружие Хаоса</title>
</book>
<book>
	<filename>kapp_kollin/kapp_kollin_agent_gallaktiki.fb2.zip</filename>
	<title>Капп Коллин. Агент Галлактики</title>
</book>
<book>
	<filename>kapp_kollin/kapp_kollin_oruzhie_haosa.fb2.zip</filename>
	<title>Капп Коллин. Оружие Хаоса</title>
</book>
<book>
	<filename>kapra_fritof/kapra_fritof_dao_fiziki.fb2.zip</filename>
	<title>Капра Фритьоф. Дао физики</title>
</book>
<book>
	<filename>karaev_nikolai/karaev_nikolai_v_predelah_afriki.fb2.zip</filename>
	<title>Караев Николай. В пределах Африки</title>
</book>
<book>
	<filename>karalis_dmitrii/karalis_dmitrii_chikagskii_blyuz.fb2.zip</filename>
	<title>Каралис Дмитрий Николаевич. Чикагский блюз</title>
</book>
<book>
	<filename>karamanuly_kurmangazy/karamanuly_kurmangazy_odinokii_vsadnik.fb2.zip</filename>
	<title>Караманулы Курмангазы. Одинокий всадник</title>
</book>
<book>
	<filename>karamurza_sergei/karamurza_sergei_antisovetskii_proekt.fb2.zip</filename>
	<title>Кара-Мурза Сергей Георгиевич. Антисоветский проект</title>
</book>
<book>
	<filename>karamurza_sergei/karamurza_sergei_carholod_ili_pochemu_vymerzayut_russkie.fb2.zip</filename>
	<title>Кара-Мурза Сергей Георгиевич. Царь-Холод, или Почему вымерзают русские</title>
</book>
<book>
	<filename>karamurza_sergei/karamurza_sergei_evrei_dissidenty_i_evrokommunizm.fb2.zip</filename>
	<title>Кара-Мурза Сергей Георгиевич. Евреи, диссиденты и еврокоммунизм</title>
</book>
<book>
	<filename>karamurza_sergei/karamurza_sergei_evrocentrizm_yedipov_kompleks_intelligencii.fb2.zip</filename>
	<title>Кара-Мурза Сергей Георгиевич. Евроцентризм — эдипов комплекс интеллигенции</title>
</book>
<book>
	<filename>karamurza_sergei/karamurza_sergei_grazhdanskaya_voina_19181921_gg_urok_dlya_xxi_veka.fb2.zip</filename>
	<title>Кара-Мурза Сергей Георгиевич. Гражданская война 1918-1921 гг. — урок для XXI века</title>
</book>
<book>
	<filename>karamurza_sergei/karamurza_sergei_ideologiya_i_mat_ee_nauka.fb2.zip</filename>
	<title>Кара-Мурза Сергей Георгиевич. Идеология и мать ее наука</title>
</book>
<book>
	<filename>karamurza_sergei/karamurza_sergei_istmat_i_problema_vostokzapad.fb2.zip</filename>
	<title>Кара-Мурза Сергей Георгиевич. Истмат и проблема Восток-Запад</title>
</book>
<book>
	<filename>karamurza_sergei/karamurza_sergei_manipulyaciya_soznaniem.fb2.zip</filename>
	<title>Кара-Мурза Сергей Георгиевич. Манипуляция сознанием</title>
</book>
<book>
	<filename>karamurza_sergei/karamurza_sergei_matrica_rossiya.fb2.zip</filename>
	<title>Кара-Мурза Сергей Георгиевич. Матрица «Россия»</title>
</book>
<book>
	<filename>karamurza_sergei/karamurza_sergei_neoliberalnaya_reforma_v_rossii.fb2.zip</filename>
	<title>Кара-Мурза Сергей Георгиевич. Неолиберальная реформа в России</title>
</book>
<book>
	<filename>karamurza_sergei/karamurza_sergei_nepoladki_v_russkom_dome.fb2.zip</filename>
	<title>Кара-Мурза Сергей Георгиевич. Неполадки в русском доме</title>
</book>
<book>
	<filename>karamurza_sergei/karamurza_sergei_oppoziciya_kak_tenevaya_vlast.fb2.zip</filename>
	<title>Кара-Мурза Сергей Георгиевич. Оппозиция как теневая власть</title>
</book>
<book>
	<filename>karamurza_sergei/karamurza_sergei_oppoziciya_vybor_est.fb2.zip</filename>
	<title>Кара-Мурза Сергей Георгиевич. Оппозиция: выбор есть</title>
</book>
<book>
	<filename>karamurza_sergei/karamurza_sergei_poteryannyi_razum.fb2.zip</filename>
	<title>Кара-Мурза Сергей Георгиевич. Потерянный разум</title>
</book>
<book>
	<filename>karamurza_sergei/karamurza_sergei_sovetskaya_civilizaciya_t1.fb2.zip</filename>
	<title>Кара-Мурза Сергей Георгиевич. Советская цивилизация т.1</title>
</book>
<book>
	<filename>karamurza_sergei/karamurza_sergei_sovetskaya_civilizaciya_t2.fb2.zip</filename>
	<title>Кара-Мурза Сергей Георгиевич. Советская цивилизация т.2</title>
</book>
<book>
	<filename>karamurza_sergei/karamurza_sergei_sovok_vspominaet_svoyu_zhizn.fb2.zip</filename>
	<title>Кара-Мурза Сергей Георгиевич. «Совок» вспоминает свою жизнь</title>
</book>
<book>
	<filename>karamurza_sergei/karamurza_sergei_stolypin_otec_russkoi_revolyucii.fb2.zip</filename>
	<title>Кара-Мурза Сергей Георгиевич. Столыпин — отец русской революции</title>
</book>
<book>
	<filename>karamurza_sergei/karamurza_sergei_vtoroe_preduprezhdenie_nepoladki_v_russkom_dome.fb2.zip</filename>
	<title>Кара-Мурза Сергей Георгиевич. Второе предупреждение. Неполадки в русском доме</title>
</book>
<book>
	<filename>karamurza_sergei/karamurza_sergei_yeksport_revolyucii_yushenko_saakashvili.fb2.zip</filename>
	<title>Кара-Мурза Сергей Георгиевич. Экспорт революции. Ющенко, Саакашвили...</title>
</book>
<book>
	<filename>karamzin_nikolai/karamzin_nikolai_bednaya_liza.fb2.zip</filename>
	<title>Карамзин Николай Михайлович. Бедная Лиза</title>
</book>
<book>
	<filename>karamzin_nikolai/karamzin_nikolai_istoriya_gosudarstva_rossiiskogo_tom_i.fb2.zip</filename>
	<title>Карамзин Николай Михайлович. История государства Российского. Том I</title>
</book>
<book>
	<filename>karamzin_nikolai/karamzin_nikolai_istoriya_gosudarstva_rossiiskogo_tom_ii.fb2.zip</filename>
	<title>Карамзин Николай Михайлович. История государства Российского. Том II</title>
</book>
<book>
	<filename>karamzin_nikolai/karamzin_nikolai_istoriya_gosudarstva_rossiiskogo_tom_iii.fb2.zip</filename>
	<title>Карамзин Николай Михайлович. История государства Российского. Том III</title>
</book>
<book>
	<filename>karamzin_nikolai/karamzin_nikolai_istoriya_gosudarstva_rossiiskogo_tom_iv.fb2.zip</filename>
	<title>Карамзин Николай Михайлович. История государства Российского. Том IV</title>
</book>
<book>
	<filename>karamzin_nikolai/karamzin_nikolai_istoriya_gosudarstva_rossiiskogo_tom_ix.fb2.zip</filename>
	<title>Карамзин Николай Михайлович. История государства Российского. Том IX</title>
</book>
<book>
	<filename>karamzin_nikolai/karamzin_nikolai_istoriya_gosudarstva_rossiiskogo_tom_v.fb2.zip</filename>
	<title>Карамзин Николай Михайлович. История государства Российского. Том V</title>
</book>
<book>
	<filename>karamzin_nikolai/karamzin_nikolai_istoriya_gosudarstva_rossiiskogo_tom_vi.fb2.zip</filename>
	<title>Карамзин Николай Михайлович. История государства Российского. Том VI</title>
</book>
<book>
	<filename>karamzin_nikolai/karamzin_nikolai_istoriya_gosudarstva_rossiiskogo_tom_vii.fb2.zip</filename>
	<title>Карамзин Николай Михайлович. История государства Российского. Том VII</title>
</book>
<book>
	<filename>karamzin_nikolai/karamzin_nikolai_istoriya_gosudarstva_rossiiskogo_tom_viii.fb2.zip</filename>
	<title>Карамзин Николай Михайлович. История государства Российского. Том VIII</title>
</book>
<book>
	<filename>karamzin_nikolai/karamzin_nikolai_istoriya_gosudarstva_rossiiskogo_tom_x.fb2.zip</filename>
	<title>Карамзин Николай Михайлович. История государства Российского. Том X</title>
</book>
<book>
	<filename>karamzin_nikolai/karamzin_nikolai_istoriya_gosudarstva_rossiiskogo_tom_xi.fb2.zip</filename>
	<title>Карамзин Николай Михайлович. История государства Российского. Том XI</title>
</book>
<book>
	<filename>karamzin_nikolai/karamzin_nikolai_istoriya_gosudarstva_rossiiskogo_tom_xii.fb2.zip</filename>
	<title>Карамзин Николай Михайлович. История государства Российского. Том XII</title>
</book>
<book>
	<filename>karamzin_nikolai/karamzin_nikolai_marfaposadnica_ili_pokorenie_novagoroda.fb2.zip</filename>
	<title>Карамзин Николай Михайлович. Марфа-Посадница, или Покорение Новагорода</title>
</book>
<book>
	<filename>karamzin_nikolai/karamzin_nikolai_natalya_boyarskaya_doch.fb2.zip</filename>
	<title>Карамзин Николай Михайлович. Наталья, боярская дочь</title>
</book>
<book>
	<filename>karamzin_nikolai/karamzin_nikolai_ostrov_borngolm.fb2.zip</filename>
	<title>Карамзин Николай Михайлович. Остров Борнгольм</title>
</book>
<book>
	<filename>karapanchev_aleksandr/karapanchev_aleksandr_v_yepohu_unimo.fb2.zip</filename>
	<title>Карапанчев Александр. В эпоху унимо</title>
</book>
<book>
	<filename>karapata_aleksei/karapata_aleksei_diagnosticheskii_spravochnik_terapevta.fb2.zip</filename>
	<title>Карапата Алексей Петрович. Диагностический справочник терапевта</title>
</book>
<book>
	<filename>karaseva_natalya/karaseva_natalya_arsik.fb2.zip</filename>
	<title>Карасева Наталья. Арсик</title>
</book>
<book>
	<filename>karaseva_natalya/karaseva_natalya_blagorodstvo.fb2.zip</filename>
	<title>Карасева Наталья. Благородство</title>
</book>
<book>
	<filename>karaseva_natalya/karaseva_natalya_chto_hranim.fb2.zip</filename>
	<title>Карасева Наталья. Что храним...</title>
</book>
<book>
	<filename>karaseva_natalya/karaseva_natalya_dobytchica.fb2.zip</filename>
	<title>Карасева Наталья. Добытчица</title>
</book>
<book>
	<filename>karaseva_natalya/karaseva_natalya_dolg_prevyshe_vsego.fb2.zip</filename>
	<title>Карасева Наталья. Долг превыше всего</title>
</book>
<book>
	<filename>karaseva_natalya/karaseva_natalya_hitraya.fb2.zip</filename>
	<title>Карасева Наталья. Хитрая</title>
</book>
<book>
	<filename>karaseva_natalya/karaseva_natalya_identifikaciya2.fb2.zip</filename>
	<title>Карасева Наталья. Идентификация-2</title>
</book>
<book>
	<filename>karaseva_natalya/karaseva_natalya_identifikaciya.fb2.zip</filename>
	<title>Карасева Наталья. Идентификация</title>
</book>
<book>
	<filename>karaseva_natalya/karaseva_natalya_klassika_zhanra.fb2.zip</filename>
	<title>Карасева Наталья. Классика жанра</title>
</book>
<book>
	<filename>karaseva_natalya/karaseva_natalya_mali.fb2.zip</filename>
	<title>Карасева Наталья. Мали</title>
</book>
<book>
	<filename>karaseva_natalya/karaseva_natalya_mechty_sbyvayutsya.fb2.zip</filename>
	<title>Карасева Наталья. Мечты сбываются</title>
</book>
<book>
	<filename>karaseva_natalya/karaseva_natalya_mnenie_publiki.fb2.zip</filename>
	<title>Карасева Наталья. Мнение публики</title>
</book>
<book>
	<filename>karaseva_natalya/karaseva_natalya_moe.fb2.zip</filename>
	<title>Карасева Наталья. «Мое!!!»</title>
</book>
<book>
	<filename>karaseva_natalya/karaseva_natalya_ne_brosili.fb2.zip</filename>
	<title>Карасева Наталья. Не бросили</title>
</book>
<book>
	<filename>karaseva_natalya/karaseva_natalya_ne_hochu_uchitsya.fb2.zip</filename>
	<title>Карасева Наталья. Не хочу учиться</title>
</book>
<book>
	<filename>karaseva_natalya/karaseva_natalya_ne_ohotnik.fb2.zip</filename>
	<title>Карасева Наталья. Не охотник</title>
</book>
<book>
	<filename>karaseva_natalya/karaseva_natalya_neponyatlivyi_hozyain.fb2.zip</filename>
	<title>Карасева Наталья. Непонятливый хозяин</title>
</book>
<book>
	<filename>karaseva_natalya/karaseva_natalya_ohrannik.fb2.zip</filename>
	<title>Карасева Наталья. Охранник</title>
</book>
<book>
	<filename>karaseva_natalya/karaseva_natalya_pered_yekranom.fb2.zip</filename>
	<title>Карасева Наталья. Перед экраном</title>
</book>
<book>
	<filename>karaseva_natalya/karaseva_natalya_priveredy.fb2.zip</filename>
	<title>Карасева Наталья. Привереды</title>
</book>
<book>
	<filename>karaseva_natalya/karaseva_natalya_ryeketirshi.fb2.zip</filename>
	<title>Карасева Наталья. Рэкетирши</title>
</book>
<book>
	<filename>karaseva_natalya/karaseva_natalya_sluchai_na_vystavkah.fb2.zip</filename>
	<title>Карасева Наталья. Случаи на выставках</title>
</book>
<book>
	<filename>karaseva_natalya/karaseva_natalya_spasateli_vpered.fb2.zip</filename>
	<title>Карасева Наталья. Спасатели, вперед!</title>
</book>
<book>
	<filename>karaseva_natalya/karaseva_natalya_spaslas.fb2.zip</filename>
	<title>Карасева Наталья. Спаслась</title>
</book>
<book>
	<filename>karaseva_natalya/karaseva_natalya_spokoistvie_tolko_spokoistvie.fb2.zip</filename>
	<title>Карасева Наталья. Спокойствие, только спокойствие!</title>
</book>
<book>
	<filename>karaseva_natalya/karaseva_natalya_tak_kto_zhe_nepravilnyi.fb2.zip</filename>
	<title>Карасева Наталья. Так кто же «неправильный»?</title>
</book>
<book>
	<filename>karaseva_natalya/karaseva_natalya_tak_vot_zachem_hodyat_na_vystavki.fb2.zip</filename>
	<title>Карасева Наталья. Так вот зачем ходят на выставки!</title>
</book>
<book>
	<filename>karaseva_natalya/karaseva_natalya_vot_yeto_maskirovka.fb2.zip</filename>
	<title>Карасева Наталья. Вот это маскировка!</title>
</book>
<book>
	<filename>karaseva_natalya/karaseva_natalya_vrag_ne_proidet.fb2.zip</filename>
	<title>Карасева Наталья. Враг не пройдет!</title>
</book>
<book>
	<filename>karaseva_natalya/karaseva_natalya_yablochko_ot_yablonki.fb2.zip</filename>
	<title>Карасева Наталья. Яблочко от яблоньки</title>
</book>
<book>
	<filename>karaseva_natalya/karaseva_natalya_yeto_ne_pudel.fb2.zip</filename>
	<title>Карасева Наталья. «Это не пудель!»</title>
</book>
<book>
	<filename>karaseva_natalya/karaseva_natalya_zov_predkov.fb2.zip</filename>
	<title>Карасева Наталья. Зов предков</title>
</book>
<book>
	<filename>karashuk_andrei/karashuk_andrei_russkaya_osvoboditelnaya_armiya.fb2.zip</filename>
	<title>Каращук Андрей. Русская освободительная армия</title>
</book>
<book>
	<filename>karashuk_andrei/karashuk_andrei_vostochnye_dobrovolcy_v_vermahte_policii_i_ss.fb2.zip</filename>
	<title>Каращук Андрей. Восточные добровольцы в вермахте, полиции и СС</title>
</book>
<book>
	<filename>karashuk_andrei/karashuk_andrei_vostochnye_legiony_i_kazachi_chasti_v_vermahte.fb2.zip</filename>
	<title>Каращук Андрей. Восточные легионы и казачьи части в Вермахте</title>
</book>
<book>
	<filename>karasik_arkadii/karasik_arkadii_brigada_metall_i_volya.fb2.zip</filename>
	<title>Карасик Аркадий. Бригада: Металл и воля</title>
</book>
<book>
	<filename>karasik_arkadii/karasik_arkadii_doch_bankira.fb2.zip</filename>
	<title>Карасик Аркадий. Дочь банкира</title>
</book>
<book>
	<filename>karasik_arkadii/karasik_arkadii_igra_na_vyzhivanie.fb2.zip</filename>
	<title>Карасик Аркадий. Игра на выживание</title>
</book>
<book>
	<filename>karasik_arkadii/karasik_arkadii_kavkazskii_sled.fb2.zip</filename>
	<title>Карасик Аркадий. Кавказский след</title>
</book>
<book>
	<filename>karasik_arkadii/karasik_arkadii_krasulya.fb2.zip</filename>
	<title>Карасик Аркадий. Красуля</title>
</book>
<book>
	<filename>karasik_arkadii/karasik_arkadii_lyubov_pod_pricelom.fb2.zip</filename>
	<title>Карасик Аркадий. Любовь под прицелом</title>
</book>
<book>
	<filename>karasik_arkadii/karasik_arkadii_mest_avtoriteta.fb2.zip</filename>
	<title>Карасик Аркадий. Месть авторитета</title>
</book>
<book>
	<filename>karasik_arkadii/karasik_arkadii_neopoznannyi_vzryv.fb2.zip</filename>
	<title>Карасик Аркадий. Неопознанный взрыв</title>
</book>
<book>
	<filename>karasik_arkadii/karasik_arkadii_next3_dyubin_snimaet_masku.fb2.zip</filename>
	<title>Карасик Аркадий. NEXT-3: Дюбин снимает маску</title>
</book>
<book>
	<filename>karasik_arkadii/karasik_arkadii_next3_venok_dlya_lavra.fb2.zip</filename>
	<title>Карасик Аркадий. NEXT-3: Венок для Лавра</title>
</book>
<book>
	<filename>karasik_arkadii/karasik_arkadii_oficerskaya_ohota.fb2.zip</filename>
	<title>Карасик Аркадий. Офицерская охота</title>
</book>
<book>
	<filename>karasik_arkadii/karasik_arkadii_otravlennyi_otpusk.fb2.zip</filename>
	<title>Карасик Аркадий. Отравленный отпуск</title>
</book>
<book>
	<filename>karasik_arkadii/karasik_arkadii_pohishenie_korolevy.fb2.zip</filename>
	<title>Карасик Аркадий. Похищение королевы</title>
</book>
<book>
	<filename>karasik_arkadii/karasik_arkadii_poslednyaya_versiya.fb2.zip</filename>
	<title>Карасик Аркадий. Последняя версия</title>
</book>
<book>
	<filename>karasik_arkadii/karasik_arkadii_ruletka_sudby.fb2.zip</filename>
	<title>Карасик Аркадий. Рулетка судьбы</title>
</book>
<book>
	<filename>karasik_arkadii/karasik_arkadii_seksot_ponevole.fb2.zip</filename>
	<title>Карасик Аркадий. Сексот поневоле</title>
</book>
<book>
	<filename>karasik_arkadii/karasik_arkadii_strelyayushii_kompromat.fb2.zip</filename>
	<title>Карасик Аркадий. Стреляющий компромат</title>
</book>
<book>
	<filename>karasik_arkadii/karasik_arkadii_taezhnyi_gnus.fb2.zip</filename>
	<title>Карасик Аркадий. Таежный гнус</title>
</book>
<book>
	<filename>karasik_arkadii/karasik_arkadii_zapozdavshee_vozmezdie_ili_russkaya_saga.fb2.zip</filename>
	<title>Карасик Аркадий. Запоздавшее возмездие или Русская сага</title>
</book>
<book>
	<filename>karasimeonov_aleksandr/karasimeonov_aleksandr_dvoinaya_igra.fb2.zip</filename>
	<title>Карасимеонов Александр. Двойная игра</title>
</book>
<book>
	<filename>karateev_mihail/karateev_mihail_bogatyri_prosnulis.fb2.zip</filename>
	<title>Каратеев Михаил Дмитриевич. Богатыри проснулись</title>
</book>
<book>
	<filename>karateev_mihail/karateev_mihail_rus_i_orda_kniga_1.fb2.zip</filename>
	<title>Каратеев Михаил Дмитриевич. Русь и Орда Книга 1</title>
</book>
<book>
	<filename>karateev_mihail/karateev_mihail_rus_i_orda_kniga_2.fb2.zip</filename>
	<title>Каратеев Михаил Дмитриевич. Русь и Орда Книга 2</title>
</book>
<book>
	<filename>karateev_mihail/karateev_mihail_vozvrashenie.fb2.zip</filename>
	<title>Каратеев Михаил Дмитриевич. Возвращение</title>
</book>
<book>
	<filename>karateev_mihail/karateev_mihail_zheleznyi_hromec.fb2.zip</filename>
	<title>Каратеев Михаил Дмитриевич. Железный Хромец</title>
</book>
<book>
	<filename>karatkevich_uladzimir/karatkevich_uladzimir_chorny_zamak_alshanski.fb2.zip</filename>
	<title>Караткевіч Уладзімір. Чорны замак Альшанскі</title>
</book>
<book>
	<filename>karatkevich_uladzimir/karatkevich_uladzimir_dzikae_palyavanne_karalya_staha.fb2.zip</filename>
	<title>Караткевіч Уладзімір. Дзікае паляванне караля Стаха</title>
</book>
<book>
	<filename>karatkevich_uladzimir/karatkevich_uladzimir_hrystos_pryzyamlisya_garodni.fb2.zip</filename>
	<title>Караткевіч Уладзімір. Хрыстос прызямліўся ў Гародні</title>
</book>
<book>
	<filename>karatkevich_uladzimir/karatkevich_uladzimir_hrystos_pryzyamliuwsya_uw_garodni.fb2.zip</filename>
	<title>Караткевіч Уладзімір. Хрыстос прызямліўся ў Гародні</title>
</book>
<book>
	<filename>karatkevich_uladzimir/karatkevich_uladzimir_zbroya.fb2.zip</filename>
	<title>Караткевіч Уладзімір. Зброя</title>
</book>
<book>
	<filename>karatov_semen/karatov_semen_bystronogii_dzhar.fb2.zip</filename>
	<title>Каратов Семен. Быстроногий Джар</title>
</book>
<book>
	<filename>karatov_semen/karatov_semen_kamennyi_ispolin.fb2.zip</filename>
	<title>Каратов Семен. Каменный исполин</title>
</book>
<book>
	<filename>karatov_semen/karatov_semen_zemlya_mamontov.fb2.zip</filename>
	<title>Каратов Семен. Земля мамонтов</title>
</book>
<book>
	<filename>karaulov_andrei/karaulov_andrei_russkoe_solnce.fb2.zip</filename>
	<title>Караулов Андрей Викторович. Русское солнце</title>
</book>
<book>
	<filename>karavaev_roman/karavaev_roman_nedaleko_ot_zemli.fb2.zip</filename>
	<title>Караваев Роман. Недалеко от Земли</title>
</book>
<book>
	<filename>karbovskaya_varvara/karbovskaya_varvara_29_po_celsiyu.fb2.zip</filename>
	<title>Карбовская Варвара Андреевна. +29 по Цельсию</title>
</book>
<book>
	<filename>karbovskaya_varvara/karbovskaya_varvara_bogataya_natura.fb2.zip</filename>
	<title>Карбовская Варвара Андреевна. Богатая натура</title>
</book>
<book>
	<filename>karbovskaya_varvara/karbovskaya_varvara_byvshie.fb2.zip</filename>
	<title>Карбовская Варвара Андреевна. Бывшие</title>
</book>
<book>
	<filename>karbovskaya_varvara/karbovskaya_varvara_chelovek_i_baran.fb2.zip</filename>
	<title>Карбовская Варвара Андреевна. Человек и баран</title>
</book>
<book>
	<filename>karbovskaya_varvara/karbovskaya_varvara_chitatel_ne_lyubit.fb2.zip</filename>
	<title>Карбовская Варвара Андреевна. Читатель не любит...</title>
</book>
<book>
	<filename>karbovskaya_varvara/karbovskaya_varvara_chuzhoi_malchik.fb2.zip</filename>
	<title>Карбовская Варвара Андреевна. Чужой мальчик</title>
</book>
<book>
	<filename>karbovskaya_varvara/karbovskaya_varvara_dlya_potomkov.fb2.zip</filename>
	<title>Карбовская Варвара Андреевна. Для потомков</title>
</book>
<book>
	<filename>karbovskaya_varvara/karbovskaya_varvara_dorogie_tovarishi.fb2.zip</filename>
	<title>Карбовская Варвара Андреевна. Дорогие товарищи</title>
</book>
<book>
	<filename>karbovskaya_varvara/karbovskaya_varvara_ego_galstuki.fb2.zip</filename>
	<title>Карбовская Варвара Андреевна. Его галстуки</title>
</book>
<book>
	<filename>karbovskaya_varvara/karbovskaya_varvara_idolopoklonniki.fb2.zip</filename>
	<title>Карбовская Варвара Андреевна. Идолопоклонники</title>
</book>
<book>
	<filename>karbovskaya_varvara/karbovskaya_varvara_kabala.fb2.zip</filename>
	<title>Карбовская Варвара Андреевна. Кабала</title>
</book>
<book>
	<filename>karbovskaya_varvara/karbovskaya_varvara_klyuch_k_serdcu.fb2.zip</filename>
	<title>Карбовская Варвара Андреевна. Ключ к сердцу</title>
</book>
<book>
	<filename>karbovskaya_varvara/karbovskaya_varvara_krestnik.fb2.zip</filename>
	<title>Карбовская Варвара Андреевна. Крестник</title>
</book>
<book>
	<filename>karbovskaya_varvara/karbovskaya_varvara_lastochka.fb2.zip</filename>
	<title>Карбовская Варвара Андреевна. Ласточка</title>
</book>
<book>
	<filename>karbovskaya_varvara/karbovskaya_varvara_mityai.fb2.zip</filename>
	<title>Карбовская Варвара Андреевна. Митяй</title>
</book>
<book>
	<filename>karbovskaya_varvara/karbovskaya_varvara_mramornyi_byust.fb2.zip</filename>
	<title>Карбовская Варвара Андреевна. Мраморный бюст</title>
</book>
<book>
	<filename>karbovskaya_varvara/karbovskaya_varvara_odna_takaya.fb2.zip</filename>
	<title>Карбовская Варвара Андреевна. Одна такая</title>
</book>
<book>
	<filename>karbovskaya_varvara/karbovskaya_varvara_ohotnik.fb2.zip</filename>
	<title>Карбовская Варвара Андреевна. Охотник</title>
</book>
<book>
	<filename>karbovskaya_varvara/karbovskaya_varvara_on_i_ona.fb2.zip</filename>
	<title>Карбовская Варвара Андреевна. Он и она</title>
</book>
<book>
	<filename>karbovskaya_varvara/karbovskaya_varvara_osennii_son.fb2.zip</filename>
	<title>Карбовская Варвара Андреевна. Осенний сон</title>
</book>
<book>
	<filename>karbovskaya_varvara/karbovskaya_varvara_pismo.fb2.zip</filename>
	<title>Карбовская Варвара Андреевна. Письмо</title>
</book>
<book>
	<filename>karbovskaya_varvara/karbovskaya_varvara_portret.fb2.zip</filename>
	<title>Карбовская Варвара Андреевна. Портрет</title>
</book>
<book>
	<filename>karbovskaya_varvara/karbovskaya_varvara_pustyaki.fb2.zip</filename>
	<title>Карбовская Варвара Андреевна. Пустяки</title>
</book>
<book>
	<filename>karbovskaya_varvara/karbovskaya_varvara_schastlivyi_kostyum.fb2.zip</filename>
	<title>Карбовская Варвара Андреевна. Счастливый костюм</title>
</book>
<book>
	<filename>karbovskaya_varvara/karbovskaya_varvara_sistema_boris_borisycha.fb2.zip</filename>
	<title>Карбовская Варвара Андреевна. Система Борис Борисыча</title>
</book>
<book>
	<filename>karbovskaya_varvara/karbovskaya_varvara_sobstvennaya_zhena.fb2.zip</filename>
	<title>Карбовская Варвара Андреевна. Собственная жена</title>
</book>
<book>
	<filename>karbovskaya_varvara/karbovskaya_varvara_solnce_na_leto.fb2.zip</filename>
	<title>Карбовская Варвара Андреевна. Солнце на лето...</title>
</book>
<book>
	<filename>karbovskaya_varvara/karbovskaya_varvara_spravili.fb2.zip</filename>
	<title>Карбовская Варвара Андреевна. Справили...</title>
</book>
<book>
	<filename>karbovskaya_varvara/karbovskaya_varvara_udar_sudby.fb2.zip</filename>
	<title>Карбовская Варвара Андреевна. Удар судьбы</title>
</book>
<book>
	<filename>karbovskaya_varvara/karbovskaya_varvara_v_konechnom_itoge.fb2.zip</filename>
	<title>Карбовская Варвара Андреевна. В конечном итоге...</title>
</book>
<book>
	<filename>karbovskaya_varvara/karbovskaya_varvara_zhenskaya_golovka.fb2.zip</filename>
	<title>Карбовская Варвара Андреевна. «Женская головка»</title>
</book>
<book>
	<filename>karcev_roman/karcev_roman_yumor_v_odesse.fb2.zip</filename>
	<title>Карцев Роман. Юмор в Одессе</title>
</book>
<book>
	<filename>karcev_vladimir/karcev_vladimir_maksvell.fb2.zip</filename>
	<title>Карцев Владимир Петрович. Максвелл</title>
</book>
<book>
	<filename>kardashov_vladislav/kardashov_vladislav_rokossovskii.fb2.zip</filename>
	<title>Кардашов Владислав Иванович. Рокоссовский</title>
</book>
<book>
	<filename>kardek_allan/kardek_allan_kniga_duhov.fb2.zip</filename>
	<title>Кардек Аллан. Книга Духов</title>
</book>
<book>
	<filename>kardel_henneke/kardel_henneke_adolf_gitler_osnovatel_izrailya.fb2.zip</filename>
	<title>Кардель Хеннеке. Адольф Гитлер — основатель Израиля</title>
</book>
<book>
	<filename>kard_orson/kard_orson_deti_razuma.fb2.zip</filename>
	<title>Кард Орсон Скотт. Дети Разума</title>
</book>
<book>
	<filename>kard_orson/kard_orson_golos_teh_kogo_net.fb2.zip</filename>
	<title>Кард Орсон Скотт. Голос тех, кого нет</title>
</book>
<book>
	<filename>kard_orson/kard_orson_hroniki_vortinga.fb2.zip</filename>
	<title>Кард Орсон Скотт. Хроники Вортинга</title>
</book>
<book>
	<filename>kard_orson/kard_orson_igra_yendera.fb2.zip</filename>
	<title>Кард Орсон Скотт. Игра Эндера</title>
</book>
<book>
	<filename>kard_orson/kard_orson_iskuplenie_hristofora_kolumba.fb2.zip</filename>
	<title>Кард Орсон Скотт. Искупление Христофора Колумба</title>
</book>
<book>
	<filename>kard_orson/kard_orson_kapitolii.fb2.zip</filename>
	<title>Кард Орсон Скотт. Капитолий</title>
</book>
<book>
	<filename>kard_orson/kard_orson_krasnokozhii_prorok.fb2.zip</filename>
	<title>Кард Орсон Скотт. Краснокожий пророк</title>
</book>
<book>
	<filename>kard_orson/kard_orson_ksenocid.fb2.zip</filename>
	<title>Кард Орсон Скотт. Ксеноцид</title>
</book>
<book>
	<filename>kard_orson/kard_orson_lyudi_na_krayu_pustyni.fb2.zip</filename>
	<title>Кард Орсон Скотт. Люди на краю пустыни</title>
</book>
<book>
	<filename>kard_orson/kard_orson_oko_za_oko.fb2.zip</filename>
	<title>Кард Орсон Скотт. Око за око</title>
</book>
<book>
	<filename>kard_orson/kard_orson_podmastere_yelvin.fb2.zip</filename>
	<title>Кард Орсон Скотт. Подмастерье Элвин</title>
</book>
<book>
	<filename>kard_orson/kard_orson_sedmoi_syn.fb2.zip</filename>
	<title>Кард Орсон Скотт. Седьмой сын</title>
</book>
<book>
	<filename>kard_orson/kard_orson_skazaniya_lesa_vod.fb2.zip</filename>
	<title>Кард Орсон Скотт. Сказания Леса Вод</title>
</book>
<book>
	<filename>kard_orson/kard_orson_sonata_bez_soprovozhdeniya.fb2.zip</filename>
	<title>Кард Орсон Скотт. Соната без сопровождения</title>
</book>
<book>
	<filename>kard_orson/kard_orson_sovetnik_po_investiciyam.fb2.zip</filename>
	<title>Кард Орсон Скотт. Советник по инвестициям</title>
</book>
<book>
	<filename>kard_orson/kard_orson_teatr_tenei.fb2.zip</filename>
	<title>Кард Орсон Скотт. Театр Теней</title>
</book>
<book>
	<filename>kard_orson/kard_orson_ten_gegemona.fb2.zip</filename>
	<title>Кард Орсон Скотт. Тень Гегемона</title>
</book>
<book>
	<filename>kard_orson/kard_orson_ten_yendera.fb2.zip</filename>
	<title>Кард Орсон Скотт. Тень Эндера</title>
</book>
<book>
	<filename>kard_orson/kard_orson_tysyacha_smertei.fb2.zip</filename>
	<title>Кард Орсон Скотт. Тысяча смертей</title>
</book>
<book>
	<filename>karela_mariya/karela_mariya_kaskader.fb2.zip</filename>
	<title>Карела Мария. Каскадер</title>
</book>
<book>
	<filename>karelin_rafail/karelin_rafail_mistika_zemnogo_vremeni.fb2.zip</filename>
	<title>Карелин Рафаил. Мистика земного времени</title>
</book>
<book>
	<filename>karelin_sergei/karelin_sergei_gnom.fb2.zip</filename>
	<title>Карелин Сергей. Гном</title>
</book>
<book>
	<filename>karelin_sergei/karelin_sergei_hroniki_shandala.fb2.zip</filename>
	<title>Карелин Сергей. Хроники Шандала</title>
</book>
<book>
	<filename>karelin_sergei/karelin_sergei_mertvye_miry.fb2.zip</filename>
	<title>Карелин Сергей. Мертвые Миры</title>
</book>
<book>
	<filename>karelin_sergei/karelin_sergei_poslednee_prorochestvo_taurona.fb2.zip</filename>
	<title>Карелин Сергей. Последнее пророчество Таурона</title>
</book>
<book>
	<filename>karelin_sergei/karelin_sergei_son_i_realnost.fb2.zip</filename>
	<title>Карелин Сергей. Сон и реальность</title>
</book>
<book>
	<filename>karelin_sergei/karelin_sergei_ubiica_magov.fb2.zip</filename>
	<title>Карелин Сергей. Убийца магов</title>
</book>
<book>
	<filename>karelin_sergei/karelin_sergei_v_dvuh_mirah.fb2.zip</filename>
	<title>Карелин Сергей. В двух мирах</title>
</book>
<book>
	<filename>karelin_sergei/karelin_sergei_vozvrashenie_izbrannogo.fb2.zip</filename>
	<title>Карелин Сергей. Возвращение Избранного</title>
</book>
<book>
	<filename>karelin_sergei/karelin_sergei_yepoha_zavoevanii.fb2.zip</filename>
	<title>Карелин Сергей. Эпоха Завоеваний</title>
</book>


</books>
