﻿<?xml version="1.0" encoding="UTF-8" ?>
<books>

<book>
	<filename>korsunskaya_zhanna/korsunskaya_zhanna_u_kogo_kak.fb2.zip</filename>
	<title>Корсунская Жанна. У кого как...</title>
</book>
<book>
	<filename>kortasar_hulio/kortasar_hulio_62_model_dlya_sborki.fb2.zip</filename>
	<title>Кортасар Хулио. 62. Модель для сборки</title>
</book>
<book>
	<filename>kortasar_hulio/kortasar_hulio_chudesnye_zanyatiya.fb2.zip</filename>
	<title>Кортасар Хулио. Чудесные занятия</title>
</book>
<book>
	<filename>kortasar_hulio/kortasar_hulio_circeya.fb2.zip</filename>
	<title>Кортасар Хулио. Цирцея</title>
</book>
<book>
	<filename>kortasar_hulio/kortasar_hulio_divertisment.fb2.zip</filename>
	<title>Кортасар Хулио. Дивертисмент</title>
</book>
<book>
	<filename>kortasar_hulio/kortasar_hulio_gardel.fb2.zip</filename>
	<title>Кортасар Хулио. Гардель</title>
</book>
<book>
	<filename>kortasar_hulio/kortasar_hulio_igra_v_klassiki.fb2.zip</filename>
	<title>Кортасар Хулио. Игра в классики</title>
</book>
<book>
	<filename>kortasar_hulio/kortasar_hulio_kniga_manuyelya.fb2.zip</filename>
	<title>Кортасар Хулио. Книга Мануэля</title>
</book>
<book>
	<filename>kortasar_hulio/kortasar_hulio_konec_igry.fb2.zip</filename>
	<title>Кортасар Хулио. Конец игры</title>
</book>
<book>
	<filename>kortasar_hulio/kortasar_hulio_koshmary.fb2.zip</filename>
	<title>Кортасар Хулио. Кошмары</title>
</book>
<book>
	<filename>kortasar_hulio/kortasar_hulio_lui_armstrong_ogromneishii_hronop.fb2.zip</filename>
	<title>Кортасар Хулио. Луи Армстронг – огромнейший хроноп</title>
</book>
<book>
	<filename>kortasar_hulio/kortasar_hulio_material_dlya_vayaniya.fb2.zip</filename>
	<title>Кортасар Хулио. Материал для ваяния</title>
</book>
<book>
	<filename>kortasar_hulio/kortasar_hulio_menady.fb2.zip</filename>
	<title>Кортасар Хулио. Менады</title>
</book>
<book>
	<filename>kortasar_hulio/kortasar_hulio_mestechko_kotoroe_nazyvaetsya_kidberg.fb2.zip</filename>
	<title>Кортасар Хулио. Местечко, которое называется Кидберг</title>
</book>
<book>
	<filename>kortasar_hulio/kortasar_hulio_presledovatel.fb2.zip</filename>
	<title>Кортасар Хулио. Преследователь</title>
</book>
<book>
	<filename>kortasar_hulio/kortasar_hulio_proshai_robinzon.fb2.zip</filename>
	<title>Кортасар Хулио. Прощай, Робинзон!</title>
</book>
<book>
	<filename>kortasar_hulio/kortasar_hulio_rukopis_naidennaya_v_karmane.fb2.zip</filename>
	<title>Кортасар Хулио. Рукопись найденная в кармане</title>
</book>
<book>
	<filename>kortasar_hulio/kortasar_hulio_shagi_po_sledam.fb2.zip</filename>
	<title>Кортасар Хулио. Шаги по следам</title>
</book>
<book>
	<filename>kortasar_hulio/kortasar_hulio_siesta_vdvoem.fb2.zip</filename>
	<title>Кортасар Хулио. Сиеста вдвоем</title>
</book>
<book>
	<filename>kortasar_hulio/kortasar_hulio_slyuni_dyavola.fb2.zip</filename>
	<title>Кортасар Хулио. Слюни дьявола</title>
</book>
<book>
	<filename>kortasar_hulio/kortasar_hulio_vyigryshi.fb2.zip</filename>
	<title>Кортасар Хулио. Выигрыши</title>
</book>
<book>
	<filename>kortasar_hulio/kortasar_hulio_yekzamen.fb2.zip</filename>
	<title>Кортасар Хулио. Экзамен</title>
</book>
<book>
	<filename>kortasar_hulio/kortasar_hulio_zakatnyi_chas_mantekili.fb2.zip</filename>
	<title>Кортасар Хулио. Закатный час Мантекильи</title>
</book>
<book>
	<filename>kortasar_hulio/kortasar_hulio_zdorove_bolnyh.fb2.zip</filename>
	<title>Кортасар Хулио. Здоровье больных</title>
</book>
<book>
	<filename>kortasar_hulio/kortasar_hulio_zharkie_vetry.fb2.zip</filename>
	<title>Кортасар Хулио. Жаркие ветры</title>
</book>
<book>
	<filename>kortasar_hulio/kortasar_hulio_zheltyi_cvetok.fb2.zip</filename>
	<title>Кортасар Хулио. Желтый цветок</title>
</book>
<book>
	<filename>kortasar_hulio/kortasar_hulio_zhizn_hronopov_i_famov.fb2.zip</filename>
	<title>Кортасар Хулио. Жизнь хронопов и фамов</title>
</book>
<book>
	<filename>kortasar_hulio/kortasar_hulio_zverinec.fb2.zip</filename>
	<title>Кортасар Хулио. Зверинец</title>
</book>
<book>
	<filename>kortes_donn/kortes_donn_angelistrebitel.fb2.zip</filename>
	<title>Кортес Донн. Ангел-истребитель</title>
</book>
<book>
	<filename>kortes_rodrigo/kortes_rodrigo_chasovshik.fb2.zip</filename>
	<title>Кортес Родриго. Часовщик</title>
</book>
<book>
	<filename>kortes_rodrigo/kortes_rodrigo_kukolnik.fb2.zip</filename>
	<title>Кортес Родриго. Кукольник</title>
</book>
<book>
	<filename>kortes_rodrigo/kortes_rodrigo_pacientka.fb2.zip</filename>
	<title>Кортес Родриго. Пациентка</title>
</book>
<book>
	<filename>kortes_rodrigo/kortes_rodrigo_sadovnik.fb2.zip</filename>
	<title>Кортес Родриго. Садовник</title>
</book>
<book>
	<filename>kortes_rodrigo/kortes_rodrigo_tolmach.fb2.zip</filename>
	<title>Кортес Родриго. Толмач</title>
</book>
<book>
	<filename>korudzhiev_dimitr/korudzhiev_dimitr_dom_almy.fb2.zip</filename>
	<title>Коруджиев Димитр. Дом Альмы</title>
</book>
<book>
	<filename>korudzhiev_dimitr/korudzhiev_dimitr_dom_v_naem.fb2.zip</filename>
	<title>Коруджиев Димитр. Дом в наем</title>
</book>
<book>
	<filename>korvin_norman/korvin_norman_opasnaya_vstrecha.fb2.zip</filename>
	<title>Корвин Норман. Опасная встреча</title>
</book>
<book>
	<filename>korvin_norman/korvin_norman_yavlenie_bogini.fb2.zip</filename>
	<title>Корвин Норман. Явление богини</title>
</book>
<book>
	<filename>koryakov_oleg/koryakov_oleg_strannyi_general.fb2.zip</filename>
	<title>Коряков Олег Фокич. Странный генерал</title>
</book>
<book>
	<filename>korzhakov_aleksandr/korzhakov_aleksandr_boris_elcin_ot_rassveta_do_zakata.fb2.zip</filename>
	<title>Коржаков Александр. Борис Ельцин: от рассвета до заката</title>
</book>
<book>
	<filename>korzhikov_vitalii/korzhikov_vitalii_buran.fb2.zip</filename>
	<title>Коржиков Виталий Титович. Буран</title>
</book>
<book>
	<filename>korzhikov_vitalii/korzhikov_vitalii_ledovye_priklyucheniya_plavaliznaem.fb2.zip</filename>
	<title>Коржиков Виталий Титович. Ледовые приключения Плавали-Знаем</title>
</book>
<book>
	<filename>korzhikov_vitalii/korzhikov_vitalii_solnyshkin_plyvyot_a_antarktidu.fb2.zip</filename>
	<title>Коржиков Виталий Титович. Солнышкин плывёт а Антарктиду</title>
</book>
<book>
	<filename>korzhikov_vitalii/korzhikov_vitalii_vesyoloe_moreplavanie_solnyshkina.fb2.zip</filename>
	<title>Коржиков Виталий Титович. Весёлое мореплавание Солнышкина</title>
</book>
<book>
	<filename>kosenkov_viktor/kosenkov_viktor_moya_voina.fb2.zip</filename>
	<title>Косенков Виктор. Моя война</title>
</book>
<book>
	<filename>kosenkov_viktor/kosenkov_viktor_novyi_poryadok.fb2.zip</filename>
	<title>Косенков Виктор. Новый порядок</title>
</book>
<book>
	<filename>kosenkov_viktor/kosenkov_viktor_russkie_navsegda.fb2.zip</filename>
	<title>Косенков Виктор. Русские навсегда</title>
</book>
<book>
	<filename>kosenkov_viktor/kosenkov_viktor_russkii_klan.fb2.zip</filename>
	<title>Косенков Виктор. Русский клан</title>
</book>
<book>
	<filename>kosh_aleks/kosh_aleks_esli_by_ya_byl_vampirom.fb2.zip</filename>
	<title>Кош Алекс. Если бы я был вампиром</title>
</book>
<book>
	<filename>kosh_aleks/kosh_aleks_ognennyi_fakultet.fb2.zip</filename>
	<title>Кош Алекс. Огненный факультет</title>
</book>
<book>
	<filename>kosh_aleks/kosh_aleks_ognennyi_patrul.fb2.zip</filename>
	<title>Кош Алекс. Огненный Патруль</title>
</book>
<book>
	<filename>kosh_aleks/kosh_aleks_vecherinka_v_stile_vamp.fb2.zip</filename>
	<title>Кош Алекс. Вечеринка в стиле «вамп»</title>
</book>
<book>
	<filename>kosheleva_inna/kosheleva_inna_plamya_sudby.fb2.zip</filename>
	<title>Кошелева Инна Яковлевна. Пламя судьбы</title>
</book>
<book>
	<filename>koshel_pyotr/koshel_pyotr_istoriya_syska_v_rossii_kn1.fb2.zip</filename>
	<title>Кошель Пётр Агеевич. История сыска в России, кн.1</title>
</book>
<book>
	<filename>koshienko_igor/koshienko_igor_myatezhnye_sistemy.fb2.zip</filename>
	<title>Кощиенко Игорь Николаевич. Мятежные системы</title>
</book>
<book>
	<filename>koshkin_aleksei/koshkin_aleksei_ukazka.fb2.zip</filename>
	<title>Кошкин Алексей. Указка</title>
</book>
<book>
	<filename>koshko_arkadii/koshko_arkadii_sredi_ubiic_i_grabitelei.fb2.zip</filename>
	<title>Кошко Аркадий Францевич. Среди убийц и грабителей</title>
</book>
<book>
	<filename>kosinskii_ezhi/kosinskii_ezhi_chyortovo_derevo.fb2.zip</filename>
	<title>Косинский Ежи. Чёртово дерево</title>
</book>
<book>
	<filename>kosinskii_ezhi/kosinskii_ezhi_pinbol.fb2.zip</filename>
	<title>Косинский Ежи. Пинбол</title>
</book>
<book>
	<filename>kosinskii_ezhi/kosinskii_ezhi_po_povodu_raskrashennoi_pticy.fb2.zip</filename>
	<title>Косинский Ежи. По поводу «Раскрашенной птицы»</title>
</book>
<book>
	<filename>kosinskii_ezhi/kosinskii_ezhi_raskrashenaya_ptica.fb2.zip</filename>
	<title>Косинский Ежи. Раскрашеная птица</title>
</book>
<book>
	<filename>kosinskii_ezhi/kosinskii_ezhi_raskrashennaya_ptica.fb2.zip</filename>
	<title>Косинский Ежи. Раскрашенная птица</title>
</book>
<book>
	<filename>kosinskii_ezhi/kosinskii_ezhi_sadovnik.fb2.zip</filename>
	<title>Косинский Ежи. Садовник</title>
</book>
<book>
	<filename>kosinskii_ezhi/kosinskii_ezhi_stupeni.fb2.zip</filename>
	<title>Косинский Ежи. Ступени</title>
</book>
<book>
	<filename>kosinskii_ezhi/kosinskii_ezhi_svidanie_vslepuyu.fb2.zip</filename>
	<title>Косинский Ежи. Свидание вслепую</title>
</book>
<book>
	<filename>koskarelli_keit/koskarelli_keit_absolyutnyi_poryadok.fb2.zip</filename>
	<title>Коскарелли Кейт. Абсолютный порядок</title>
</book>
<book>
	<filename>koskarelli_keit/koskarelli_keit_na_pervyh_rolyah.fb2.zip</filename>
	<title>Коскарелли Кейт. На первых ролях</title>
</book>
<book>
	<filename>kossak_zofya/kossak_zofya_korolkrestonosec.fb2.zip</filename>
	<title>Коссак Зофья. Король-крестоносец</title>
</book>
<book>
	<filename>kostein_tomas/kostein_tomas_chernaya_roza.fb2.zip</filename>
	<title>Костейн Томас. Черная роза</title>
</book>
<book>
	<filename>kostein_tomas/kostein_tomas_gunny.fb2.zip</filename>
	<title>Костейн Томас. Гунны</title>
</book>
<book>
	<filename>kostein_tomas/kostein_tomas_korolevskii_kaznachei.fb2.zip</filename>
	<title>Костейн Томас. Королевский казначей</title>
</book>
<book>
	<filename>kostein_tomas/kostein_tomas_napoleon_poslednyaya_lyubov.fb2.zip</filename>
	<title>Костейн Томас. Наполеон. Последняя любовь</title>
</book>
<book>
	<filename>kostein_tomas/kostein_tomas_nasledniki_velikoi_korolevy.fb2.zip</filename>
	<title>Костейн Томас. Наследники Великой Королевы</title>
</book>
<book>
	<filename>kostein_tomas/kostein_tomas_vysokie_bashni.fb2.zip</filename>
	<title>Костейн Томас. Высокие башни</title>
</book>
<book>
	<filename>kostello_dzhein/kostello_dzhein_podruzhki_nevesty.fb2.zip</filename>
	<title>Костелло Джейн. Подружки невесты</title>
</book>
<book>
	<filename>kostikova_ekaterina/kostikova_ekaterina_lapnik_na_pravuyu_storonu.fb2.zip</filename>
	<title>Костикова Екатерина. Лапник на правую сторону</title>
</book>
<book>
	<filename>kostin_boris/kostin_boris_margelov.fb2.zip</filename>
	<title>Костин Борис Акимович. Маргелов</title>
</book>
<book>
	<filename>kostin_boris/kostin_boris_skobelev.fb2.zip</filename>
	<title>Костин Борис Акимович. Скобелев</title>
</book>
<book>
	<filename>kostin_sergei/kostin_sergei_choknutyi.fb2.zip</filename>
	<title>Костин Сергей. Чокнутый</title>
</book>
<book>
	<filename>kostin_sergei/kostin_sergei_glaz_drakona.fb2.zip</filename>
	<title>Костин Сергей. Глаз дракона</title>
</book>
<book>
	<filename>kostin_sergei/kostin_sergei_legion_bezgolovyi.fb2.zip</filename>
	<title>Костин Сергей. Легион Безголовый</title>
</book>
<book>
	<filename>kostin_sergei/kostin_sergei_lysaya_golova_i_trezvyi_um.fb2.zip</filename>
	<title>Костин Сергей. Лысая голова и трезвый ум</title>
</book>
<book>
	<filename>kostin_sergei/kostin_sergei_podopechnyi.fb2.zip</filename>
	<title>Костин Сергей. Подопечный</title>
</book>
<book>
	<filename>kostin_sergei/kostin_sergei_podrazdelenie_000.fb2.zip</filename>
	<title>Костин Сергей. Подразделение 000</title>
</book>
<book>
	<filename>kostin_sergei/kostin_sergei_poveliteli_tmy.fb2.zip</filename>
	<title>Костин Сергей. Повелители Тьмы</title>
</book>
<book>
	<filename>kostin_sergei/kostin_sergei_schastlivchik.fb2.zip</filename>
	<title>Костин Сергей. Счастливчик</title>
</book>
<book>
	<filename>kostin_sergei/kostin_sergei_varrkan.fb2.zip</filename>
	<title>Костин Сергей. Варркан</title>
</book>
<book>
	<filename>kostkova_olga/kostkova_olga_vashi_prava_pri_obshenii_s_pravoohranitelnymi_organami.fb2.zip</filename>
	<title>Костькова Ольга Владимировна. Ваши права при общении с правоохранительными органами</title>
</book>
<book>
	<filename>kostomarov_nikolai/kostomarov_nikolai_istoriya_rossii_v_zhizneopisaniyah_ee_glavneishih_deyatelei_pervyi_otdel.fb2.zip</filename>
	<title>Костомаров Николай. История России в жизнеописаниях ее главнейших деятелей. Первый отдел</title>
</book>
<book>
	<filename>kostomarov_nikolai/kostomarov_nikolai_istoriya_rossii_v_zhizneopisaniyah_ee_glavneishih_deyatelei_vtoroi_otdel.fb2.zip</filename>
	<title>Костомаров Николай Иванович. История России в жизнеописаниях ее главнейших деятелей. Второй отдел</title>
</book>
<book>
	<filename>kostomarov_nikolai/kostomarov_nikolai_mazepa.fb2.zip</filename>
	<title>Костомаров Николай. Мазепа</title>
</book>
<book>
	<filename>kostomarov_nikolai/kostomarov_nikolai_skotskoi_bunt.fb2.zip</filename>
	<title>Костомаров Николай. Скотской бунт</title>
</book>
<book>
	<filename>kostova_yelizabet/kostova_yelizabet_istorik.fb2.zip</filename>
	<title>Костова Элизабет. Историк</title>
</book>
<book>
	<filename>kostylev_georgii/kostylev_georgii_voennoistoricheskie_hohmy.fb2.zip</filename>
	<title>Костылев Георгий Дмитриевич. Военно-исторические хохмы</title>
</book>
<book>
	<filename>kostyuchenko_evgenii/kostyuchenko_evgenii_blyuz_dlya_vinchestera.fb2.zip</filename>
	<title>Костюченко Евгений «Краев». Блюз для винчестера</title>
</book>
<book>
	<filename>kostyuchenko_evgenii/kostyuchenko_evgenii_zachistka_v_arizone.fb2.zip</filename>
	<title>Костюченко Евгений. Зачистка в Аризоне</title>
</book>
<book>
	<filename>kostyuchenko_evgenii/kostyuchenko_evgenii_zimnii_tuman_drug_shaienov.fb2.zip</filename>
	<title>Костюченко Евгений «Краев». Зимний Туман — друг шайенов</title>
</book>
<book>
	<filename>kostyunin_aleksandr/kostyunin_aleksandr_bayan.fb2.zip</filename>
	<title>Костюнин Александр Викторович. Баян</title>
</book>
<book>
	<filename>kostyunin_aleksandr/kostyunin_aleksandr_dvor_na_trinadcatom.fb2.zip</filename>
	<title>Костюнин Александр Викторович. Двор на Тринадцатом</title>
</book>
<book>
	<filename>kostyunin_aleksandr/kostyunin_aleksandr_kolezhma.fb2.zip</filename>
	<title>Костюнин Александр Викторович. Колежма</title>
</book>
<book>
	<filename>kostyunin_aleksandr/kostyunin_aleksandr_matematicheskoe_ozhidanie.fb2.zip</filename>
	<title>Костюнин Александр Викторович. Математическое ожидание</title>
</book>
<book>
	<filename>kostyunin_aleksandr/kostyunin_aleksandr_nytik.fb2.zip</filename>
	<title>Костюнин Александр Викторович. Нытик</title>
</book>
<book>
	<filename>kostyunin_aleksandr/kostyunin_aleksandr_oficer_zapasa.fb2.zip</filename>
	<title>Костюнин Александр Викторович. Офицер запаса</title>
</book>
<book>
	<filename>kostyunin_aleksandr/kostyunin_aleksandr_orfei_i_prima.fb2.zip</filename>
	<title>Костюнин Александр Викторович. Орфей и Прима</title>
</book>
<book>
	<filename>kostyunin_aleksandr/kostyunin_aleksandr_polyot_letuchei_myshi.fb2.zip</filename>
	<title>Костюнин Александр Викторович. Полёт летучей мыши</title>
</book>
<book>
	<filename>kostyunin_aleksandr/kostyunin_aleksandr_rukavichka.fb2.zip</filename>
	<title>Костюнин Александр Викторович. Рукавичка</title>
</book>
<book>
	<filename>kostyunin_aleksandr/kostyunin_aleksandr_sovyonok.fb2.zip</filename>
	<title>Костюнин Александр Викторович. Совёнок</title>
</book>
<book>
	<filename>kostyunin_aleksandr/kostyunin_aleksandr_spletenie_dush.fb2.zip</filename>
	<title>Костюнин Александр Викторович. Сплетение душ</title>
</book>
<book>
	<filename>kostyunin_aleksandr/kostyunin_aleksandr_tainstvo.fb2.zip</filename>
	<title>Костюнин Александр Викторович. Таинство</title>
</book>
<book>
	<filename>kostyunin_aleksandr/kostyunin_aleksandr_tanina_lamba.fb2.zip</filename>
	<title>Костюнин Александр Викторович. Танина ламба</title>
</book>
<book>
	<filename>kostyunin_aleksandr/kostyunin_aleksandr_vals_pod_gitaru.fb2.zip</filename>
	<title>Костюнин Александр Викторович. Вальс под гитару</title>
</book>
<book>
	<filename>kostyunin_aleksandr/kostyunin_aleksandr_zemnoe_prityazhenie.fb2.zip</filename>
	<title>Костюнин Александр Викторович. Земное притяжение</title>
</book>
<book>
	<filename>kostyunin_aleksandr/kostyunin_aleksandr_zhor_glubinnoi_shuki.fb2.zip</filename>
	<title>Костюнин Александр Викторович. Жор глубинной щуки</title>
</book>
<book>
	<filename>kotenkova_e/kotenkova_e_o_chem_layut_sobaki.fb2.zip</filename>
	<title>Котенкова Е. В. О чем лают собаки</title>
</book>
<book>
	<filename>kotlyachkov_aleksandr/kotlyachkov_aleksandr_oruzhie_slovo_oborona_i_napadenie_s_pomoshyu.fb2.zip</filename>
	<title>Котлячков Александр. Оружие — слово. Оборона и нападение с помощью…</title>
</book>
<book>
	<filename>kotlyarevskii_ivan/kotlyarevskii_ivan_eneida.fb2.zip</filename>
	<title>Котляревський Іван Петрович. Енеїда</title>
</book>
<book>
	<filename>kotlyarevskii_ivan/kotlyarevskii_ivan_eneida_yeneida.fb2.zip</filename>
	<title>Котляревський Іван Петрович. Енеїда [Энеида]</title>
</book>
<book>
	<filename>kotoshihin_grigorii/kotoshihin_grigorii_o_rossii_v_carstvovanie_alekseya_mihailovicha.fb2.zip</filename>
	<title>Котошихин Григорий Карпович. О России в царствование Алексея Михайловича</title>
</book>
<book>
	<filename>kou_dzhonatan/kou_dzhonatan_dom_sna.fb2.zip</filename>
	<title>Коу Джонатан. Дом сна</title>
</book>
<book>
	<filename>kou_dzhonatan/kou_dzhonatan_kakoe_naduvatelstvo.fb2.zip</filename>
	<title>Коу Джонатан. Какое надувательство!</title>
</book>
<book>
	<filename>koul_allan/koul_allan_flot_obrechennyh.fb2.zip</filename>
	<title>Коул Аллан. Флот обреченных</title>
</book>
<book>
	<filename>koul_allan/koul_allan_istoriya_voina.fb2.zip</filename>
	<title>Коул Аллан. История воина</title>
</book>
<book>
	<filename>koul_allan/koul_allan_kogda_bogi_spali.fb2.zip</filename>
	<title>Коул Аллан. Когда боги спали</title>
</book>
<book>
	<filename>koul_allan/koul_allan_konec_imperii.fb2.zip</filename>
	<title>Коул Аллан. Конец империи</title>
</book>
<book>
	<filename>koul_allan/koul_allan_korolevstva_nochi.fb2.zip</filename>
	<title>Коул Аллан. Королевства Ночи</title>
</book>
<book>
	<filename>koul_allan/koul_allan_mest_proklyatyh.fb2.zip</filename>
	<title>Коул Аллан. Месть проклятых</title>
</book>
<book>
	<filename>koul_allan/koul_allan_pri_dvore_vechnogo_imperatora.fb2.zip</filename>
	<title>Коул Аллан. При дворе Вечного Императора</title>
</book>
<book>
	<filename>koul_allan/koul_allan_styen.fb2.zip</filename>
	<title>Коул Аллан. Стэн</title>
</book>
<book>
	<filename>koul_allan/koul_allan_vihr.fb2.zip</filename>
	<title>Коул Аллан. Вихрь</title>
</book>
<book>
	<filename>koul_allan/koul_allan_volchi_miry.fb2.zip</filename>
	<title>Коул Аллан. Волчьи миры</title>
</book>
<book>
	<filename>koul_allan/koul_allan_vozvrashenie_imperatora.fb2.zip</filename>
	<title>Коул Аллан. Возвращение императора</title>
</book>
<book>
	<filename>koul_dzhekson/koul_dzhekson_kanon_dyavola.fb2.zip</filename>
	<title>Коул Джексон. Каньон Дьявола</title>
</book>
<book>
	<filename>koulin_patriciya/koulin_patriciya_blyekmurskii_dyavol.fb2.zip</filename>
	<title>Коулин Патриция. Блэкмурскии дьявол</title>
</book>
<book>
	<filename>koulin_patriciya/koulin_patriciya_lorddikar.fb2.zip</filename>
	<title>Коулин Патриция. Лорд-дикарь</title>
</book>
<book>
	<filename>koulin_patriciya/koulin_patriciya_prosto_zhenaty.fb2.zip</filename>
	<title>Коулин Патриция. Просто женаты</title>
</book>
<book>
	<filename>koul_kresli/koul_kresli_bessmertnaya_lyubov.fb2.zip</filename>
	<title>Коул Кресли. Бессмертная любовь</title>
</book>
<book>
	<filename>koul_kresli/koul_kresli_cena_naslazhdeniya.fb2.zip</filename>
	<title>Коул Кресли. Цена наслаждения</title>
</book>
<book>
	<filename>koul_kresli/koul_kresli_esli_obmanesh.fb2.zip</filename>
	<title>Коул Кресли. Если обманешь</title>
</book>
<book>
	<filename>koul_kresli/koul_kresli_esli_osmelishsya.fb2.zip</filename>
	<title>Коул Кресли. Если осмелишься</title>
</book>
<book>
	<filename>koul_kresli/koul_kresli_esli_pozhelaesh.fb2.zip</filename>
	<title>Коул Кресли. Если пожелаешь</title>
</book>
<book>
	<filename>koul_kresli/koul_kresli_lyubov_greshnika.fb2.zip</filename>
	<title>Коул Кресли. Любовь грешника</title>
</book>
<book>
	<filename>koul_kresli/koul_kresli_temnye_zhelaniya.fb2.zip</filename>
	<title>Коул Кресли. Темные желания</title>
</book>
<book>
	<filename>koul_kresli/koul_kresli_vstrecha_s_sudboi.fb2.zip</filename>
	<title>Коул Кресли. Встреча с судьбой</title>
</book>
<book>
	<filename>koul_kyendis/koul_kyendis_rycarskoe_slovo.fb2.zip</filename>
	<title>Коул Кэндис. Рыцарское слово</title>
</book>
<book>
	<filename>koul_kyendis/koul_kyendis_strast_rycarya.fb2.zip</filename>
	<title>Коул Кэндис. Страсть рыцаря</title>
</book>
<book>
	<filename>koul_martina/koul_martina_dve_zhenshiny.fb2.zip</filename>
	<title>Коул Мартина. Две женщины</title>
</book>
<book>
	<filename>koul_martina/koul_martina_hozyaika_nochi.fb2.zip</filename>
	<title>Коул Мартина. Хозяйка ночи</title>
</book>
<book>
	<filename>koul_martina/koul_martina_opasnaya_ledi.fb2.zip</filename>
	<title>Коул Мартина. Опасная леди</title>
</book>
<book>
	<filename>koulmen_loren/koulmen_loren_poroda_geroev.fb2.zip</filename>
	<title>Коулмен Лорен. Порода героев</title>
</book>
<book>
	<filename>koulmen_loren/koulmen_loren_voin_hiricu.fb2.zip</filename>
	<title>Коулмен Лорен. Воин Хирицу</title>
</book>
<book>
	<filename>koulmen_rid/koulmen_rid_v_miluoki_v_stikbol_ne_igrayut.fb2.zip</filename>
	<title>Коулмен Рид Фаррел. В Милуоки в стикбол не играют</title>
</book>
<book>
	<filename>koulridzh_nik/koulridzh_nik_smertelnye_druzya.fb2.zip</filename>
	<title>Коулридж Ник. Смертельные друзья</title>
</book>
<book>
	<filename>koulter_kyetrin/koulter_kyetrin_blondinka_v_chernom_parike.fb2.zip</filename>
	<title>Коултер Кэтрин. Блондинка в черном парике</title>
</book>
<book>
	<filename>koulter_kyetrin/koulter_kyetrin_chandra.fb2.zip</filename>
	<title>Коултер Кэтрин. Чандра</title>
</book>
<book>
	<filename>koulter_kyetrin/koulter_kyetrin_dikaya_zvezda.fb2.zip</filename>
	<title>Коултер Кэтрин. Дикая звезда</title>
</book>
<book>
	<filename>koulter_kyetrin/koulter_kyetrin_doch_dyavola.fb2.zip</filename>
	<title>Коултер Кэтрин. Дочь дьявола</title>
</book>
<book>
	<filename>koulter_kyetrin/koulter_kyetrin_doch_vikariya.fb2.zip</filename>
	<title>Коултер Кэтрин. Дочь викария</title>
</book>
<book>
	<filename>koulter_kyetrin/koulter_kyetrin_gercog.fb2.zip</filename>
	<title>Коултер Кэтрин. Герцог</title>
</book>
<book>
	<filename>koulter_kyetrin/koulter_kyetrin_grafinya.fb2.zip</filename>
	<title>Коултер Кэтрин. Графиня</title>
</book>
<book>
	<filename>koulter_kyetrin/koulter_kyetrin_grehi_otcov.fb2.zip</filename>
	<title>Коултер Кэтрин. Грехи отцов</title>
</book>
<book>
	<filename>koulter_kyetrin/koulter_kyetrin_hozyain_sokolinogo_grebnya.fb2.zip</filename>
	<title>Коултер Кэтрин. Хозяин Соколиного гребня</title>
</book>
<book>
	<filename>koulter_kyetrin/koulter_kyetrin_hozyain_voronego_mysa.fb2.zip</filename>
	<title>Коултер Кэтрин. Хозяин Вороньего мыса</title>
</book>
<book>
	<filename>koulter_kyetrin/koulter_kyetrin_hozyain_yastrebinogo_ostrova.fb2.zip</filename>
	<title>Коултер Кэтрин. Хозяин Ястребиного острова</title>
</book>
<book>
	<filename>koulter_kyetrin/koulter_kyetrin_impuls.fb2.zip</filename>
	<title>Коултер Кэтрин. Импульс</title>
</book>
<book>
	<filename>koulter_kyetrin/koulter_kyetrin_kak_princessa_iz_skazki.fb2.zip</filename>
	<title>Коултер Кэтрин. Как принцесса из сказки</title>
</book>
<book>
	<filename>koulter_kyetrin/koulter_kyetrin_labirint.fb2.zip</filename>
	<title>Коултер Кэтрин. Лабиринт</title>
</book>
<book>
	<filename>koulter_kyetrin/koulter_kyetrin_magiya_kalipso.fb2.zip</filename>
	<title>Коултер Кэтрин. Магия Калипсо</title>
</book>
<book>
	<filename>koulter_kyetrin/koulter_kyetrin_magiya_leta.fb2.zip</filename>
	<title>Коултер Кэтрин. Магия лета</title>
</book>
<book>
	<filename>koulter_kyetrin/koulter_kyetrin_magiya_luny.fb2.zip</filename>
	<title>Коултер Кэтрин. Магия Луны</title>
</book>
<book>
	<filename>koulter_kyetrin/koulter_kyetrin_magiya_strasti.fb2.zip</filename>
	<title>Коултер Кэтрин. Магия страсти</title>
</book>
<book>
	<filename>koulter_kyetrin/koulter_kyetrin_mest_i_lyubov.fb2.zip</filename>
	<title>Коултер Кэтрин. Месть и любовь</title>
</book>
<book>
	<filename>koulter_kyetrin/koulter_kyetrin_mishen.fb2.zip</filename>
	<title>Коултер Кэтрин. Мишень</title>
</book>
<book>
	<filename>koulter_kyetrin/koulter_kyetrin_naslednik.fb2.zip</filename>
	<title>Коултер Кэтрин. Наследник</title>
</book>
<book>
	<filename>koulter_kyetrin/koulter_kyetrin_nasledstvo_naitingeilov.fb2.zip</filename>
	<title>Коултер Кэтрин. Наследство Найтингейлов</title>
</book>
<book>
	<filename>koulter_kyetrin/koulter_kyetrin_nasledstvo_uindemov.fb2.zip</filename>
	<title>Коултер Кэтрин. Наследство Уиндемов</title>
</book>
<book>
	<filename>koulter_kyetrin/koulter_kyetrin_nasledstvo_valentiny.fb2.zip</filename>
	<title>Коултер Кэтрин. Наследство Валентины</title>
</book>
<book>
	<filename>koulter_kyetrin/koulter_kyetrin_nefritovaya_zvezda.fb2.zip</filename>
	<title>Коултер Кэтрин. Нефритовая звезда</title>
</book>
<book>
	<filename>koulter_kyetrin/koulter_kyetrin_neistovyi_baron.fb2.zip</filename>
	<title>Коултер Кэтрин. Неистовый барон</title>
</book>
<book>
	<filename>koulter_kyetrin/koulter_kyetrin_neobosnovannye_pretenzii.fb2.zip</filename>
	<title>Коултер Кэтрин. Необоснованные претензии</title>
</book>
<book>
	<filename>koulter_kyetrin/koulter_kyetrin_neskromnoe_predlozhenie.fb2.zip</filename>
	<title>Коултер Кэтрин. Нескромное предложение</title>
</book>
<book>
	<filename>koulter_kyetrin/koulter_kyetrin_neutomimaya_ohotnica.fb2.zip</filename>
	<title>Коултер Кэтрин. Неутомимая охотница</title>
</book>
<book>
	<filename>koulter_kyetrin/koulter_kyetrin_nevestachuzhestranka.fb2.zip</filename>
	<title>Коултер Кэтрин. Невеста-чужестранка</title>
</book>
<book>
	<filename>koulter_kyetrin/koulter_kyetrin_nevestanaslednica.fb2.zip</filename>
	<title>Коултер Кэтрин. Невеста-наследница</title>
</book>
<book>
	<filename>koulter_kyetrin/koulter_kyetrin_nevestaobmanshica.fb2.zip</filename>
	<title>Коултер Кэтрин. Невеста-обманщица</title>
</book>
<book>
	<filename>koulter_kyetrin/koulter_kyetrin_nevestasopernica.fb2.zip</filename>
	<title>Коултер Кэтрин. Невеста-соперница</title>
</book>
<book>
	<filename>koulter_kyetrin/koulter_kyetrin_nevestasorvanec.fb2.zip</filename>
	<title>Коултер Кэтрин. Невеста-сорванец</title>
</book>
<book>
	<filename>koulter_kyetrin/koulter_kyetrin_nochnaya_ten.fb2.zip</filename>
	<title>Коултер Кэтрин. Ночная тень</title>
</book>
<book>
	<filename>koulter_kyetrin/koulter_kyetrin_nochnoi_ogon.fb2.zip</filename>
	<title>Коултер Кэтрин. Ночной огонь</title>
</book>
<book>
	<filename>koulter_kyetrin/koulter_kyetrin_nochnoi_uragan.fb2.zip</filename>
	<title>Коултер Кэтрин. Ночной ураган</title>
</book>
<book>
	<filename>koulter_kyetrin/koulter_kyetrin_obyatiya_dyavola.fb2.zip</filename>
	<title>Коултер Кэтрин. Объятия дьявола</title>
</book>
<book>
	<filename>koulter_kyetrin/koulter_kyetrin_pesnya_ognya.fb2.zip</filename>
	<title>Коултер Кэтрин. Песня огня</title>
</book>
<book>
	<filename>koulter_kyetrin/koulter_kyetrin_pesn_zemli.fb2.zip</filename>
	<title>Коултер Кэтрин. Песнь земли</title>
</book>
<book>
	<filename>koulter_kyetrin/koulter_kyetrin_polnochnaya_zvezda.fb2.zip</filename>
	<title>Коултер Кэтрин. Полночная звезда</title>
</book>
<book>
	<filename>koulter_kyetrin/koulter_kyetrin_prelestnaya_lgunya.fb2.zip</filename>
	<title>Коултер Кэтрин. Прелестная лгунья</title>
</book>
<book>
	<filename>koulter_kyetrin/koulter_kyetrin_rokovaya_strast.fb2.zip</filename>
	<title>Коултер Кэтрин. Роковая страсть</title>
</book>
<book>
	<filename>koulter_kyetrin/koulter_kyetrin_rozovaya_gavan.fb2.zip</filename>
	<title>Коултер Кэтрин. Розовая гавань</title>
</book>
<book>
	<filename>koulter_kyetrin/koulter_kyetrin_serdce_kolduni.fb2.zip</filename>
	<title>Коултер Кэтрин. Сердце колдуньи</title>
</book>
<book>
	<filename>koulter_kyetrin/koulter_kyetrin_sezon_solnca.fb2.zip</filename>
	<title>Коултер Кэтрин. Сезон солнца</title>
</book>
<book>
	<filename>koulter_kyetrin/koulter_kyetrin_sladostnoe_otstuplenie.fb2.zip</filename>
	<title>Коултер Кэтрин. Сладостное отступление</title>
</book>
<book>
	<filename>koulter_kyetrin/koulter_kyetrin_stroptivaya_nevesta.fb2.zip</filename>
	<title>Коултер Кэтрин. Строптивая невеста</title>
</book>
<book>
	<filename>koulter_kyetrin/koulter_kyetrin_sumasbrodka.fb2.zip</filename>
	<title>Коултер Кэтрин. Сумасбродка</title>
</book>
<book>
	<filename>koulter_kyetrin/koulter_kyetrin_tainaya_pesnya.fb2.zip</filename>
	<title>Коултер Кэтрин. Тайная песня</title>
</book>
<book>
	<filename>koulter_kyetrin/koulter_kyetrin_topmodel.fb2.zip</filename>
	<title>Коултер Кэтрин. Топ-модель</title>
</book>
<book>
	<filename>kouni_maikl/kouni_maikl_ya_pomnyu_pallahaksi.fb2.zip</filename>
	<title>Коуни Майкл Грейтрекс. Я помню Паллахакси</title>
</book>
<book>
	<filename>kouni_maikl/kouni_maikl_zdravstvui_leto_i_proshai.fb2.zip</filename>
	<title>Коуни Майкл Грейтрекс. Здравствуй, лето... и прощай</title>
</book>
<book>
	<filename>kouplend_duglas/kouplend_duglas_normalnyh_semei_ne_byvaet.fb2.zip</filename>
	<title>Коупленд Дуглас. Нормальных семей не бывает</title>
</book>
<book>
	<filename>kouplend_duglas/kouplend_duglas_planeta_shampunya.fb2.zip</filename>
	<title>Коупленд Дуглас. Планета шампуня</title>
</book>
<book>
	<filename>kouplend_duglas/kouplend_duglas_poka_podruzhka_v_kome.fb2.zip</filename>
	<title>Коупленд Дуглас. Пока подружка в коме</title>
</book>
<book>
	<filename>kouplend_duglas/kouplend_duglas_pokolenie_iks.fb2.zip</filename>
	<title>Коупленд Дуглас. Поколение «Икс»</title>
</book>
<book>
	<filename>kouplend_duglas/kouplend_duglas_pozhar_na_fabrike_ativana.fb2.zip</filename>
	<title>Коупленд Дуглас. Пожар на фабрике «Ативана»</title>
</book>
<book>
	<filename>kouplend_duglas/kouplend_duglas_raby_maikrosofta.fb2.zip</filename>
	<title>Коупленд Дуглас. Рабы «Майкрософта»</title>
</book>
<book>
	<filename>kouplend_duglas/kouplend_duglas_yei_nostradamus.fb2.zip</filename>
	<title>Коупленд Дуглас. Эй, Нострадамус!</title>
</book>
<book>
	<filename>kouplend_duglas/kouplend_duglas_yeleanor_rigbi.fb2.zip</filename>
	<title>Коупленд Дуглас. Элеанор Ригби</title>
</book>
<book>
	<filename>kouplend_duglas/kouplend_duglas_zhizn_posle_boga.fb2.zip</filename>
	<title>Коупленд Дуглас. Жизнь после Бога</title>
</book>
<book>
	<filename>kouplend_lori/kouplend_lori_vkus_iskusheniya.fb2.zip</filename>
	<title>Коупленд Лори. Вкус искушения</title>
</book>
<book>
	<filename>kouyen_debra/kouyen_debra_buton_strasti.fb2.zip</filename>
	<title>Коуэн Дебра С. Бутон страсти</title>
</book>
<book>
	<filename>kovalchuk_igor/kovalchuk_igor_bastard_syn_korolya_richarda.fb2.zip</filename>
	<title>Ковальчук Игорь. Бастард: Сын короля Ричарда</title>
</book>
<book>
	<filename>kovalchuk_igor/kovalchuk_igor_bessmertnye.fb2.zip</filename>
	<title>Ковальчук Игорь. Бессмертные</title>
</book>
<book>
	<filename>kovalchuk_igor/kovalchuk_igor_chernobelaya_voina.fb2.zip</filename>
	<title>Ковальчук Игорь. Черно-белая война</title>
</book>
<book>
	<filename>kovalchuk_igor/kovalchuk_igor_doroga_k_vechnosti.fb2.zip</filename>
	<title>Ковальчук Игорь. Дорога к вечности</title>
</book>
<book>
	<filename>kovalchuk_igor/kovalchuk_igor_klanovoe_proklyatie.fb2.zip</filename>
	<title>Ковальчук Игорь. Клановое проклятие</title>
</book>
<book>
	<filename>kovalchuk_igor/kovalchuk_igor_rycarmag.fb2.zip</filename>
	<title>Ковальчук Игорь. Рыцарь-маг</title>
</book>
<book>
	<filename>kovalchuk_igor/kovalchuk_igor_severyanin.fb2.zip</filename>
	<title>Ковальчук Игорь. Северянин</title>
</book>
<book>
	<filename>kovalchuk_igor/kovalchuk_igor_skitalec.fb2.zip</filename>
	<title>Ковальчук Игорь. Скиталец</title>
</book>
<book>
	<filename>kovalchuk_vera/kovalchuk_vera_mladshii_konung.fb2.zip</filename>
	<title>Ковальчук Вера. Младший конунг</title>
</book>
<book>
	<filename>kovalchuk_vera/kovalchuk_vera_yelfred_yunost_korolya.fb2.zip</filename>
	<title>Ковальчук Вера. Эльфред. Юность короля</title>
</book>
<book>
	<filename>kovalev_anatolii/kovalev_anatolii_gilotina_v_podarok.fb2.zip</filename>
	<title>Ковалев Анатолий. Гильотина в подарок</title>
</book>
<book>
	<filename>kovalev_anatolii/kovalev_anatolii_inache_ne_vyzhit.fb2.zip</filename>
	<title>Ковалев Анатолий. Иначе не выжить</title>
</book>
<book>
	<filename>kovalev_anatolii/kovalev_anatolii_udar_sharovoi_molnii.fb2.zip</filename>
	<title>Ковалев Анатолий. Удар шаровой молнии</title>
</book>
<book>
	<filename>kovalev_konstantin/kovalev_konstantin_bortnyanskii.fb2.zip</filename>
	<title>Ковалев Константин. Бортнянский</title>
</book>
<book>
	<filename>kovalev_nikolai/kovalev_nikolai_ovoshnye_i_krupyanye_blyuda.fb2.zip</filename>
	<title>Ковалев Николай Иванович. Овощные и крупяные блюда</title>
</book>
<book>
	<filename>kovalev_sergei/kovalev_sergei_kott_v_sapogah.fb2.zip</filename>
	<title>Ковалев Сергей. Котт в сапогах</title>
</book>
<book>
	<filename>koval_yurii/koval_yurii_alyi.fb2.zip</filename>
	<title>Коваль Юрий Иосифович. Алый</title>
</book>
<book>
	<filename>koval_yurii/koval_yurii_belaya_loshad.fb2.zip</filename>
	<title>Коваль Юрий Иосифович. Белая лошадь</title>
</book>
<book>
	<filename>koval_yurii/koval_yurii_elec.fb2.zip</filename>
	<title>Коваль Юрий Иосифович. Елец</title>
</book>
<book>
	<filename>koval_yurii/koval_yurii_kozyrek.fb2.zip</filename>
	<title>Коваль Юрий Иосифович. Козырек</title>
</book>
<book>
	<filename>koval_yurii/koval_yurii_nedopesok.fb2.zip</filename>
	<title>Коваль Юрий Иосифович. Недопесок</title>
</book>
<book>
	<filename>koval_yurii/koval_yurii_opasaites_lysyh_i_usatyh.fb2.zip</filename>
	<title>Коваль Юрий Иосифович. Опасайтесь лысых и усатых</title>
</book>
<book>
	<filename>koval_yurii/koval_yurii_osoboe_zadanie.fb2.zip</filename>
	<title>Коваль Юрий Иосифович. Особое задание</title>
</book>
<book>
	<filename>koval_yurii/koval_yurii_pozdnim_vecherom_rannei_vesnoi.fb2.zip</filename>
	<title>Коваль Юрий Иосифович. Поздним вечером ранней весной</title>
</book>
<book>
	<filename>koval_yurii/koval_yurii_priklyucheniya_vasi_kurolesova.fb2.zip</filename>
	<title>Коваль Юрий Иосифович. Приключения Васи Куролесова</title>
</book>
<book>
	<filename>koval_yurii/koval_yurii_promah_grazhdanina_loshakova.fb2.zip</filename>
	<title>Коваль Юрий Иосифович. Промах гражданина Лошакова</title>
</book>
<book>
	<filename>koval_yurii/koval_yurii_pyat_pohishennyh_monahov.fb2.zip</filename>
	<title>Коваль Юрий Иосифович. Пять похищенных монахов</title>
</book>
<book>
	<filename>koval_yurii/koval_yurii_samaya_legkaya_lodka_v_mire.fb2.zip</filename>
	<title>Коваль Юрий Иосифович. Самая легкая лодка в мире</title>
</book>
<book>
	<filename>koval_yurii/koval_yurii_shamaika.fb2.zip</filename>
	<title>Коваль Юрий Иосифович. Шамайка</title>
</book>
<book>
	<filename>koval_yurii/koval_yurii_suervyer_pergament.fb2.zip</filename>
	<title>Коваль Юрий Иосифович. Суер-Выер. Пергамент</title>
</book>
<book>
	<filename>koveler_dide/koveler_dide_put_v_odin_konec.fb2.zip</filename>
	<title>Ковелер Дидье ван. Путь в один конец</title>
</book>
<book>
	<filename>koveler_dide/koveler_dide_yavlenie.fb2.zip</filename>
	<title>Ковелер Дидье ван. Явление</title>
</book>
<book>
	<filename>koveler_dide/koveler_dide_zapredelnaya_zhizn.fb2.zip</filename>
	<title>Ковелер Дидье ван. Запредельная жизнь</title>
</book>
<book>
	<filename>kovyakin_sergei/kovyakin_sergei_dyavolskaya_submarina.fb2.zip</filename>
	<title>Ковякин Сергей. Дьявольская субмарина</title>
</book>
<book>
	<filename>koyelo_paulo/koyelo_paulo_alhimik.fb2.zip</filename>
	<title>Коэльо Пауло. Алхимик</title>
</book>
<book>
	<filename>koyelo_paulo/koyelo_paulo_dnevnik_maga.fb2.zip</filename>
	<title>Коэльо Пауло. Дневник мага</title>
</book>
<book>
	<filename>koyelo_paulo/koyelo_paulo_dyavol_i_senorita_prim.fb2.zip</filename>
	<title>Коэльо Пауло. Дьявол и сеньорита Прим</title>
</book>
<book>
	<filename>koyelo_paulo/koyelo_paulo_kniga_voina_sveta.fb2.zip</filename>
	<title>Коэльо Пауло. Книга воина света</title>
</book>
<book>
	<filename>koyelo_paulo/koyelo_paulo_maktub.fb2.zip</filename>
	<title>Коэльо Пауло. Мактуб</title>
</book>
<book>
	<filename>koyelo_paulo/koyelo_paulo_na_beregu_riopedra_sela_ya_i_zaplakala.fb2.zip</filename>
	<title>Коэльо Пауло. На берегу Рио-Пьедра села я и заплакала</title>
</book>
<book>
	<filename>koyelo_paulo/koyelo_paulo_odinnadcat_minut.fb2.zip</filename>
	<title>Коэльо Пауло. Одиннадцать минут</title>
</book>
<book>
	<filename>koyelo_paulo/koyelo_paulo_pyataya_gora.fb2.zip</filename>
	<title>Коэльо Пауло. Пятая гора</title>
</book>
<book>
	<filename>koyelo_paulo/koyelo_paulo_vedma_s_portobello.fb2.zip</filename>
	<title>Коэльо Пауло. Ведьма с Портобелло</title>
</book>
<book>
	<filename>koyelo_paulo/koyelo_paulo_veronika_reshaet_umeret.fb2.zip</filename>
	<title>Коэльо Пауло. Вероника решает умереть</title>
</book>
<book>
	<filename>koyelo_paulo/koyelo_paulo_zair.fb2.zip</filename>
	<title>Коэльо Пауло. Заир</title>
</book>
<book>
	<filename>koyen_leonard/koyen_leonard_blistatelnye_neudachniki.fb2.zip</filename>
	<title>Коэн Леонард. Блистательные неудачники</title>
</book>
<book>
	<filename>koyen_leonard/koyen_leonard_lyubimaya_igra.fb2.zip</filename>
	<title>Коэн Леонард. Любимая игра</title>
</book>
<book>
	<filename>koyen_leonard/koyen_leonard_prekrasnye_neudachniki.fb2.zip</filename>
	<title>Коэн Леонард. Прекрасные неудачники</title>
</book>
<book>
	<filename>kozachinskii_aleksandr/kozachinskii_aleksandr_zelenyi_furgon.fb2.zip</filename>
	<title>Козачинский Александр Владимирович. Зеленый фургон</title>
</book>
<book>
	<filename>kozaev_azamat/kozaev_azamat_imyahranitel.fb2.zip</filename>
	<title>Козаев Азамат. Имяхранитель</title>
</book>
<book>
	<filename>kozaev_azamat/kozaev_azamat_ledoboi.fb2.zip</filename>
	<title>Козаев Азамат. Ледобой</title>
</book>
<book>
	<filename>kozak_harli/kozak_harli_smert_yekslyubovnika.fb2.zip</filename>
	<title>Козак Харли Джейн. Смерть экс-любовника</title>
</book>
<book>
	<filename>kozakov_mihail/kozakov_mihail_abram_nashatyr_soderzhatel_gostinicy.fb2.zip</filename>
	<title>Козаков Михаил Эммануилович. Абрам Нашатырь, содержатель гостиницы</title>
</book>
<book>
	<filename>kozakov_mihail/kozakov_mihail_chelovek_padayushii_nic.fb2.zip</filename>
	<title>Козаков Михаил. Человек, падающий ниц</title>
</book>
<book>
	<filename>kozakov_mihail/kozakov_mihail_maiya.fb2.zip</filename>
	<title>Козаков Михаил Эммануилович. Майя</title>
</book>
<book>
	<filename>kozakov_mihail/kozakov_mihail_meshanin_adameiko.fb2.zip</filename>
	<title>Козаков Михаил Эммануилович. Мещанин Адамейко</title>
</book>
<book>
	<filename>kozakov_mihail/kozakov_mihail_poltorahama.fb2.zip</filename>
	<title>Козаков Михаил Эммануилович. Полтора-Хама</title>
</book>
<book>
	<filename>kozakov_mihail/kozakov_mihail_popkino_schaste.fb2.zip</filename>
	<title>Козаков Михаил Эммануилович. Попкино счастье</title>
</book>
<book>
	<filename>kozakov_mihail/kozakov_mihail_smertniki.fb2.zip</filename>
	<title>Козаков Михаил Эммануилович. Смертники</title>
</book>
<book>
	<filename>kozatik_pavel/kozatik_pavel_polet_na_lunu_rassmatrivaemyi_kak_vystrel_po_dvizhusheisya_misheni.fb2.zip</filename>
	<title>Козатик Павел. Полет на луну, рассматриваемый как выстрел по движущейся мишени</title>
</book>
<book>
	<filename>kozhedub_ivan/kozhedub_ivan_vernost_otchizne.fb2.zip</filename>
	<title>Кожедуб Иван Никитович. Верность Отчизне</title>
</book>
<book>
	<filename>kozhevnikova_nadezhda/kozhevnikova_nadezhda_nezaveshannoe_nasledstvo_pasternak_mravinskii_efremov_i_drugie.fb2.zip</filename>
	<title>Кожевникова Надежда Вадимовна. Незавещанное наследство. Пастернак, Мравинский, Ефремов и другие</title>
</book>
<book>
	<filename>kozhevnikov_vadim/kozhevnikov_vadim_shchit_i_mech_kniga_pervaya.fb2.zip</filename>
	<title>Кожевников Вадим. Щит и меч. Книга первая</title>
</book>
<book>
	<filename>kozhevnikov_vadim/kozhevnikov_vadim_shchit_i_mech_kniga_vtoraya.fb2.zip</filename>
	<title>Кожевников Вадим. Щит и меч. Книга вторая</title>
</book>
<book>
	<filename>kozhevnikov_vadim/kozhevnikov_vadim_shit_i_mech_kniga_pervaya.fb2.zip</filename>
	<title>Кожевников Вадим. Щит и меч. Книга первая</title>
</book>
<book>
	<filename>kozhevnikov_vadim/kozhevnikov_vadim_shit_i_mech_kniga_vtoraya.fb2.zip</filename>
	<title>Кожевников Вадим. Щит и меч. Книга вторая</title>
</book>
<book>
	<filename>kozhinov_vadim/kozhinov_vadim_istoriya_rusi_i_russkogo_slova.fb2.zip</filename>
	<title>Кожинов Вадим Валерьянович. История Руси и русского Слова</title>
</book>
<book>
	<filename>kozhinov_vadim/kozhinov_vadim_nobelevskii_mif.fb2.zip</filename>
	<title>Кожинов Вадим Валерьянович. Нобелевский миф</title>
</book>
<book>
	<filename>kozhinov_vadim/kozhinov_vadim_pobedy_i_bedy_rossii.fb2.zip</filename>
	<title>Кожинов Вадим. Победы и беды России</title>
</book>
<book>
	<filename>kozhinov_vadim/kozhinov_vadim_prorok_v_svoem_otechestve.fb2.zip</filename>
	<title>Кожинов Вадим Валерьянович. Пророк в своем отечестве</title>
</book>
<book>
	<filename>kozhinov_vadim/kozhinov_vadim_rossiya_vek_xxi_19011939.fb2.zip</filename>
	<title>Кожинов Вадим Валерьянович. Россия век XX-й. 1901-1939</title>
</book>
<book>
	<filename>kozhinov_vadim/kozhinov_vadim_rossiya_vek_xxi_19391964.fb2.zip</filename>
	<title>Кожинов Вадим Валерьянович. Россия век XX-й. 1939-1964</title>
</book>
<book>
	<filename>kozhinov_vadim/kozhinov_vadim_zagadochnye_stranicy_istorii_xx_veka.fb2.zip</filename>
	<title>Кожинов Вадим Валерьянович. Загадочные страницы истории XX века</title>
</book>
<book>
	<filename>kozlov_aleksei/kozlov_aleksei_rok_istoki_i_razvitie.fb2.zip</filename>
	<title>Козлов Алексей. Рок: истоки и развитие</title>
</book>
<book>
	<filename>kozlov_konstantin/kozlov_konstantin_almazy_dlya_raketchika.fb2.zip</filename>
	<title>Козлов Константин. Алмазы для ракетчика</title>
</book>
<book>
	<filename>kozlov_konstantin/kozlov_konstantin_molitva_dlya_raketchika.fb2.zip</filename>
	<title>Козлов Константин. Молитва для ракетчика</title>
</book>
<book>
	<filename>kozlov_konstantin/kozlov_konstantin_raketchik.fb2.zip</filename>
	<title>Козлов Константин. Ракетчик</title>
</book>
<book>
	<filename>kozlov_konstantin/kozlov_konstantin_sekret_dlya_raketchika.fb2.zip</filename>
	<title>Козлов Константин. Секрет для ракетчика</title>
</book>
<book>
	<filename>kozlov_konstantin/kozlov_konstantin_zapadnya_dlya_raketchika.fb2.zip</filename>
	<title>Козлов Константин. Западня для ракетчика</title>
</book>
<book>
	<filename>kozlov_nikolai/kozlov_nikolai_filosofskie_skazki_dlya_obdumyvayushih_zhite_ili_veselaya_kniga_o_svobode_i_nravstvennosti.fb2.zip</filename>
	<title>Козлов Николай. Философские сказки для обдумывающих житье или веселая книга о свободе и нравственности</title>
</book>
<book>
	<filename>kozlov_nikolai/kozlov_nikolai_kak_otnositsya_k_sebe_i_lyudyam_ili_prakticheskaya_psihologiya_na_kazhdyi_den.fb2.zip</filename>
	<title>Козлов Николай. Как относиться к себе и людям, или Практическая психология на каждый день</title>
</book>
<book>
	<filename>kozlov_sergei/kozlov_sergei_cyplenok_vecherom.fb2.zip</filename>
	<title>Козлов Сергей Григорьевич. Цыпленок вечером</title>
</book>
<book>
	<filename>kozlov_sergei/kozlov_sergei_ezhik_v_tumane.fb2.zip</filename>
	<title>Козлов Сергей. Ежик в тумане</title>
</book>
<book>
	<filename>kozlov_sergei/kozlov_sergei_pravda_my_budem_vsegda.fb2.zip</filename>
	<title>Козлов Сергей. Правда, мы будем всегда?</title>
</book>
<book>
	<filename>kozlov_sergei/kozlov_sergei_skazki.fb2.zip</filename>
	<title>Козлов Сергей Григорьевич. Сказки</title>
</book>
<book>
	<filename>kozlov_sergei/kozlov_sergei_vsyovsyovsyo_o_yozhike.fb2.zip</filename>
	<title>Козлов Сергей Григорьевич. Всё-всё-всё о Ёжике</title>
</book>
<book>
	<filename>kozlov_sergei_vladislavovich/kozlov_sergei_vladislavovich_specnaz_gru_pyatdesyat_let_istorii_dvadcat_let_voiny.fb2.zip</filename>
	<title>Козлов Сергей Владиславович. Спецназ ГРУ. Пятьдесят лет истории, двадцать лет войны.</title>
</book>


</books>
