﻿<?xml version="1.0" encoding="UTF-8" ?>
<books>

<book>
	<filename>kozlovskii_evgenii/kozlovskii_evgenii_chetyre_lista_fanery.fb2.zip</filename>
	<title>Козловский Евгений Антонович. Четыре листа фанеры</title>
</book>
<book>
	<filename>kozlov_vilyam/kozlov_vilyam_andreevskii_kavaler.fb2.zip</filename>
	<title>Козлов Вильям. Андреевский кавалер</title>
</book>
<book>
	<filename>kozlov_vilyam/kozlov_vilyam_belyi_kon_s_zolotoi_grivoi.fb2.zip</filename>
	<title>Козлов Вильям Федорович. Белый конь с золотой гривой</title>
</book>
<book>
	<filename>kozlov_vilyam/kozlov_vilyam_edem_na_vyalozero.fb2.zip</filename>
	<title>Козлов Вильям. Едем на Вял-озеро</title>
</book>
<book>
	<filename>kozlov_vilyam/kozlov_vilyam_ego_golubaya_zvezda.fb2.zip</filename>
	<title>Козлов Вильям Федорович. Его голубая звезда</title>
</book>
<book>
	<filename>kozlov_vilyam/kozlov_vilyam_gorst_rybolovnyh_kryuchkov.fb2.zip</filename>
	<title>Козлов Вильям Федорович. Горсть рыболовных крючков</title>
</book>
<book>
	<filename>kozlov_vilyam/kozlov_vilyam_kogda_bogi_gluhi.fb2.zip</filename>
	<title>Козлов Вильям. Когда боги глухи</title>
</book>
<book>
	<filename>kozlov_vilyam/kozlov_vilyam_kopeika.fb2.zip</filename>
	<title>Козлов Вильям Федорович. Копейка</title>
</book>
<book>
	<filename>kozlov_vilyam/kozlov_vilyam_krasnoe_nebo.fb2.zip</filename>
	<title>Козлов Вильям Федорович. Красное небо</title>
</book>
<book>
	<filename>kozlov_vilyam/kozlov_vilyam_malchishka_s_sobakoi.fb2.zip</filename>
	<title>Козлов Вильям Федорович. Мальчишка с собакой</title>
</book>
<book>
	<filename>kozlov_vilyam/kozlov_vilyam_prezident_kamennogo_ostrova.fb2.zip</filename>
	<title>Козлов Вильям Федорович. Президент Каменного острова</title>
</book>
<book>
	<filename>kozlov_vilyam/kozlov_vilyam_prezident_ne_uhodit_v_otstavku.fb2.zip</filename>
	<title>Козлов Вильям Федорович. Президент не уходит в отставку</title>
</book>
<book>
	<filename>kozlov_vilyam/kozlov_vilyam_prihodi_v_voskresene.fb2.zip</filename>
	<title>Козлов Вильям Федорович. Приходи в воскресенье</title>
</book>
<book>
	<filename>kozlov_vilyam/kozlov_vilyam_rasskazy_pro_vasyu_snegireva.fb2.zip</filename>
	<title>Козлов Вильям Федорович. Рассказы про Васю Снегирева</title>
</book>
<book>
	<filename>kozlov_vilyam/kozlov_vilyam_sokolinaya_ohota.fb2.zip</filename>
	<title>Козлов Вильям Федорович. Соколиная охота</title>
</book>
<book>
	<filename>kozlov_vilyam/kozlov_vilyam_solnce_na_stene.fb2.zip</filename>
	<title>Козлов Вильям Федорович. Солнце на стене</title>
</book>
<book>
	<filename>kozlov_vilyam/kozlov_vilyam_taina_mertvogo_ozera.fb2.zip</filename>
	<title>Козлов Вильям Федорович. Тайна Мертвого озера</title>
</book>
<book>
	<filename>kozlov_vilyam/kozlov_vilyam_valerkapredsedatel_rasskazy.fb2.zip</filename>
	<title>Козлов Вильям Федорович. Валерка-Председатель (Рассказы)</title>
</book>
<book>
	<filename>kozlov_vilyam/kozlov_vilyam_vitka_s_chapaevskoi_ulicy.fb2.zip</filename>
	<title>Козлов Вильям Федорович. Витька с Чапаевской улицы</title>
</book>
<book>
	<filename>kozlov_vilyam/kozlov_vilyam_vremya_lyubit.fb2.zip</filename>
	<title>Козлов Вильям. Время любить</title>
</book>
<book>
	<filename>kozlov_vilyam/kozlov_vilyam_ya_speshu_za_schastem.fb2.zip</filename>
	<title>Козлов Вильям Федорович. Я спешу за счастьем</title>
</book>
<book>
	<filename>kozlov_vilyam/kozlov_vilyam_yurka_gus.fb2.zip</filename>
	<title>Козлов Вильям Федорович. Юрка Гусь</title>
</book>
<book>
	<filename>kozlov_vladimir/kozlov_vladimir_gopniki.fb2.zip</filename>
	<title>Козлов Владимир. Гопники</title>
</book>
<book>
	<filename>kozlov_vladimir/kozlov_vladimir_plackart.fb2.zip</filename>
	<title>Козлов Владимир. Плацкарт</title>
</book>
<book>
	<filename>kozlov_vladimir/kozlov_vladimir_politika.fb2.zip</filename>
	<title>Козлов Владимир. Политика</title>
</book>
<book>
	<filename>kozlov_vladimir/kozlov_vladimir_shkola.fb2.zip</filename>
	<title>Козлов Владимир. Школа</title>
</book>
<book>
	<filename>kozlov_vladimir/kozlov_vladimir_varshava.fb2.zip</filename>
	<title>Козлов Владимир. Варшава</title>
</book>
<book>
	<filename>kozlov_yurii/kozlov_yurii_kolodec_prorokov.fb2.zip</filename>
	<title>Козлов Юрий. Колодец пророков</title>
</book>
<book>
	<filename>kozulyaev_aleksei/kozulyaev_aleksei_zerkalo_dlya_ubiicy.fb2.zip</filename>
	<title>Козуляев Алексей. Зеркало для убийцы</title>
</book>
<book>
	<filename>kozyrev_vyacheslav/kozyrev_vyacheslav_kak_stat_geroem.fb2.zip</filename>
	<title>Козырев Вячеслав. Как стать героем</title>
</book>
<book>
	<filename>kraht_kristian/kraht_kristian_1979.fb2.zip</filename>
	<title>Крахт Кристиан. 1979</title>
</book>
<book>
	<filename>kraht_kristian/kraht_kristian_faserland.fb2.zip</filename>
	<title>Крахт Кристиан. Faserland</title>
</book>
<book>
	<filename>kraion_/kraion__alhimiya_chelovecheskogo_duha.fb2.zip</filename>
	<title>Крайон. Алхимия человеческого духа</title>
</book>
<book>
	<filename>kraion_/kraion__ne_dumai_kak_chelovek.fb2.zip</filename>
	<title>Крайон. Не думай как человек</title>
</book>
<book>
	<filename>kraion_/kraion__partnerstvo_s_bogom_prakticheskaya_informaciya_dlya_novogo_tysyacheletiya.fb2.zip</filename>
	<title>Крайон. Партнерство с Богом. Практическая информация для нового тысячелетия</title>
</book>
<book>
	<filename>kraion_/kraion__poslednie_vremena.fb2.zip</filename>
	<title>Крайон. Последние времена</title>
</book>
<book>
	<filename>kraion_/kraion__pritchi.fb2.zip</filename>
	<title>Крайон. Притчи</title>
</book>
<book>
	<filename>kraisler_lois/kraisler_lois_tropami_karibu.fb2.zip</filename>
	<title>Крайслер Лоис. Тропами карибу</title>
</book>
<book>
	<filename>kraiton_maikl/kraiton_maikl_chelovekkompyuter.fb2.zip</filename>
	<title>Крайтон Майкл. Человек-компьютер</title>
</book>
<book>
	<filename>kraiton_maikl/kraiton_maikl_dobycha.fb2.zip</filename>
	<title>Крайтон Майкл. Добыча</title>
</book>
<book>
	<filename>kraiton_maikl/kraiton_maikl_gosudarstvo_straha.fb2.zip</filename>
	<title>Крайтон Майкл. Государство страха</title>
</book>
<book>
	<filename>kraiton_maikl/kraiton_maikl_kongo.fb2.zip</filename>
	<title>Крайтон Майкл. Конго</title>
</book>
<book>
	<filename>kraiton_maikl/kraiton_maikl_krylya.fb2.zip</filename>
	<title>Крайтон Майкл. Крылья</title>
</book>
<book>
	<filename>kraiton_maikl/kraiton_maikl_opasnyi_pacient.fb2.zip</filename>
	<title>Крайтон Майкл. Опасный пациент</title>
</book>
<book>
	<filename>kraiton_maikl/kraiton_maikl_park_yurskogo_perioda.fb2.zip</filename>
	<title>Крайтон Майкл. Парк юрского периода</title>
</book>
<book>
	<filename>kraiton_maikl/kraiton_maikl_pozhirateli_mertvyh_13i_voin.fb2.zip</filename>
	<title>Крайтон Майкл. Пожиратели мертвых (13-й воин)</title>
</book>
<book>
	<filename>kraiton_maikl/kraiton_maikl_razoblachenie.fb2.zip</filename>
	<title>Крайтон Майкл. Разоблачение</title>
</book>
<book>
	<filename>kraiton_maikl/kraiton_maikl_roi.fb2.zip</filename>
	<title>Крайтон Майкл. Рой</title>
</book>
<book>
	<filename>kraiton_maikl/kraiton_maikl_sfera.fb2.zip</filename>
	<title>Крайтон Майкл. Сфера</title>
</book>
<book>
	<filename>kraiton_maikl/kraiton_maikl_shtamm_andromeda.fb2.zip</filename>
	<title>Крайтон Майкл. Штамм «Андромеда»</title>
</book>
<book>
	<filename>kraiton_maikl/kraiton_maikl_sluchai_neobhodimosti.fb2.zip</filename>
	<title>Крайтон Майкл. Случай необходимости</title>
</book>
<book>
	<filename>kraiton_maikl/kraiton_maikl_strela_vremeni.fb2.zip</filename>
	<title>Крайтон Майкл. Стрела времени</title>
</book>
<book>
	<filename>kraiton_maikl/kraiton_maikl_voshodyashee_solnce.fb2.zip</filename>
	<title>Крайтон Майкл. Восходящее солнце</title>
</book>
<book>
	<filename>kraiton_maikl/kraiton_maikl_vynuzhdennaya_mera.fb2.zip</filename>
	<title>Крайтон Майкл. Вынужденная мера</title>
</book>
<book>
	<filename>kraiton_maikl/kraiton_maikl_yekstrennyi_sluchai.fb2.zip</filename>
	<title>Крайтон Майкл. Экстренный случай</title>
</book>
<book>
	<filename>kraiton_maikl/kraiton_maikl_zateryannyi_mir.fb2.zip</filename>
	<title>Крайтон Майкл. Затерянный мир</title>
</book>
<book>
	<filename>kraiton_robert/kraiton_robert_kamerony.fb2.zip</filename>
	<title>Крайтон Роберт. Камероны</title>
</book>
<book>
	<filename>kramer_yelli/kramer_yelli_izbrannica.fb2.zip</filename>
	<title>Крамер Элли. Избранница</title>
</book>
<book>
	<filename>kramer_yelli/kramer_yelli_serebryanaya_luna.fb2.zip</filename>
	<title>Крамер Элли. Серебряная луна</title>
</book>
<book>
	<filename>kramer_yelli/kramer_yelli_uroki_lyubvi.fb2.zip</filename>
	<title>Крамер Элли. Уроки любви</title>
</book>
<book>
	<filename>krammond_syu/krammond_syu_znakomyi_neznakomec.fb2.zip</filename>
	<title>Краммонд Сью. Знакомый незнакомец</title>
</book>
<book>
	<filename>kramnoi_nikolai/kramnoi_nikolai_tablicy_rosharha.fb2.zip</filename>
	<title>Крамной Николай. Таблицы Рошарха</title>
</book>
<book>
	<filename>kranc_gansulrih/kranc_gansulrih_anenyerbe_nasledie_predkov_sekretnyi_proekt_gitlera.fb2.zip</filename>
	<title>Кранц Ганс-Ульрих фон. Аненэрбе. «Наследие предков». Секретный проект Гитлера</title>
</book>
<book>
	<filename>krapivin_vladislav/krapivin_vladislav_ampula_grina.fb2.zip</filename>
	<title>Крапивин Владислав Петрович. Ампула Грина</title>
</book>
<book>
	<filename>krapivin_vladislav/krapivin_vladislav_belyi_sharik_matrosa_vilsona.fb2.zip</filename>
	<title>Крапивин Владислав. Белый шарик Матроса Вильсона</title>
</book>
<book>
	<filename>krapivin_vladislav/krapivin_vladislav_bronzovyi_malchik.fb2.zip</filename>
	<title>Крапивин Владислав. Бронзовый мальчик</title>
</book>
<book>
	<filename>krapivin_vladislav/krapivin_vladislav_deti_sinego_flamingo.fb2.zip</filename>
	<title>Крапивин Владислав Петрович. Дети синего фламинго</title>
</book>
<book>
	<filename>krapivin_vladislav/krapivin_vladislav_golubyatnya_na_zheltoi_polyane.fb2.zip</filename>
	<title>Крапивин Владислав. Голубятня на желтой поляне</title>
</book>
<book>
	<filename>krapivin_vladislav/krapivin_vladislav_gusigusi_gagaga.fb2.zip</filename>
	<title>Крапивин Владислав. Гуси-гуси, га-га-га...</title>
</book>
<book>
	<filename>krapivin_vladislav/krapivin_vladislav_korabliki_ili_pomogi_mne_v_puti.fb2.zip</filename>
	<title>Крапивин Владислав Петрович. Кораблики, или Помоги мне в пути</title>
</book>
<book>
	<filename>krapivin_vladislav/krapivin_vladislav_krik_petuha.fb2.zip</filename>
	<title>Крапивин Владислав. Крик петуха</title>
</book>
<book>
	<filename>krapivin_vladislav/krapivin_vladislav_locman.fb2.zip</filename>
	<title>Крапивин Владислав. Лоцман</title>
</book>
<book>
	<filename>krapivin_vladislav/krapivin_vladislav_luzhaiki_gde_plyashut_skvorechniki.fb2.zip</filename>
	<title>Крапивин Владислав Петрович. Лужайки, где пляшут скворечники</title>
</book>
<book>
	<filename>krapivin_vladislav/krapivin_vladislav_malchik_so_shpagoi.fb2.zip</filename>
	<title>Крапивин Владислав. Мальчик со шпагой</title>
</book>
<book>
	<filename>krapivin_vladislav/krapivin_vladislav_oranzhevyi_portret_s_krapinkami.fb2.zip</filename>
	<title>Крапивин Владислав. Оранжевый портрет с крапинками</title>
</book>
<book>
	<filename>krapivin_vladislav/krapivin_vladislav_polosatyi_zhiraf_alik.fb2.zip</filename>
	<title>Крапивин Владислав Петрович. Полосатый жираф Алик</title>
</book>
<book>
	<filename>krapivin_vladislav/krapivin_vladislav_prohozhdenie_venery_po_disku_solnca.fb2.zip</filename>
	<title>Крапивин Владислав Петрович. Прохождение Венеры по диску Солнца</title>
</book>
<book>
	<filename>krapivin_vladislav/krapivin_vladislav_sinii_treugolnik.fb2.zip</filename>
	<title>Крапивин Владислав Петрович. Синий треугольник</title>
</book>
<book>
	<filename>krapivin_vladislav/krapivin_vladislav_skazki_o_rybakah_i_rybkah.fb2.zip</filename>
	<title>Крапивин Владислав. Сказки о рыбаках и рыбках</title>
</book>
<book>
	<filename>krapivin_vladislav/krapivin_vladislav_topot_shahmatnyh_loshadok.fb2.zip</filename>
	<title>Крапивин Владислав Петрович. Топот шахматных лошадок</title>
</book>
<book>
	<filename>krapivin_vladislav/krapivin_vladislav_troe_s_ploshadi_karronad.fb2.zip</filename>
	<title>Крапивин Владислав Петрович. Трое с площади Карронад</title>
</book>
<book>
	<filename>krapivin_vladislav/krapivin_vladislav_v_noch_bolshogo_priliva.fb2.zip</filename>
	<title>Крапивин Владислав Петрович. В ночь большого прилива</title>
</book>
<book>
	<filename>krapivin_vladislav/krapivin_vladislav_vystrel_s_monitora.fb2.zip</filename>
	<title>Крапивин Владислав. Выстрел с монитора</title>
</book>
<book>
	<filename>krapivin_vladislav/krapivin_vladislav_zastava_na_yakornom_pole.fb2.zip</filename>
	<title>Крапивин Владислав. Застава на Якорном Поле</title>
</book>
<book>
	<filename>krapivin_vladislav/krapivin_vladislav_zhuravlenok_i_molnii.fb2.zip</filename>
	<title>Крапивин Владислав Петрович. Журавленок и молнии</title>
</book>
<book>
	<filename>krapp_raisa/krapp_raisa_peresekayushii_vremya_kniga_pervaya_andrei_graf_hronotransator.fb2.zip</filename>
	<title>Крапп Раиса. Пересекающий время. Книга первая: Андрей Граф, хронотрансатор</title>
</book>
<book>
	<filename>krapp_raisa/krapp_raisa_peresekayushii_vremya_kniga_vtoraya_adonya_posvyashennyi_germetik.fb2.zip</filename>
	<title>Крапп Раиса. Пересекающий время. Книга вторая: Адоня, посвященный герметик.</title>
</book>
<book>
	<filename>krasavina_ekaterina/krasavina_ekaterina_hram_ukradennyh_lic.fb2.zip</filename>
	<title>Красавина Екатерина. Храм украденных лиц</title>
</book>
<book>
	<filename>krasavina_ekaterina/krasavina_ekaterina_kofe_s_percem.fb2.zip</filename>
	<title>Красавина Екатерина. Кофе с перцем</title>
</book>
<book>
	<filename>krasavina_ekaterina/krasavina_ekaterina_pravo_pervoi_nochi.fb2.zip</filename>
	<title>Красавина Екатерина. Право первой ночи</title>
</book>
<book>
	<filename>krasheninnikov_p/krasheninnikov_p_nastolnaya_kniga_notariusa.fb2.zip</filename>
	<title>Крашенинников П. В. Настольная книга нотариуса</title>
</book>
<book>
	<filename>krashevskii_yuzef/krashevskii_yuzef_getmanskie_grehi.fb2.zip</filename>
	<title>Крашевский Юзеф Игнаций. Гетманские грехи</title>
</book>
<book>
	<filename>krashevskii_yuzef/krashevskii_yuzef_grafinya_kozel.fb2.zip</filename>
	<title>Крашевский Юзеф Игнаций. Графиня Козель</title>
</book>
<book>
	<filename>krashevskii_yuzef/krashevskii_yuzef_korol_holopov.fb2.zip</filename>
	<title>Крашевский Юзеф Игнаций. Король холопов</title>
</book>
<book>
	<filename>krashevskii_yuzef/krashevskii_yuzef_maslav.fb2.zip</filename>
	<title>Крашевский Юзеф Игнаций. Маслав</title>
</book>
<book>
	<filename>krashevskii_yuzef/krashevskii_yuzef_staroe_predanie_roman_iz_zhizni_ix_veka.fb2.zip</filename>
	<title>Крашевский Юзеф Игнаций. Старое предание (Роман из жизни IX века)</title>
</book>
<book>
	<filename>krasilnikov_ryem/krasilnikov_ryem_kgb_protiv_mi6_ohotniki_za_shpionami.fb2.zip</filename>
	<title>Красильников Рэм Сергеевич. КГБ против МИ-6. Охотники за шпионами</title>
</book>
<book>
	<filename>krasnaya_burda_/krasnaya_burda__nashe_menyu.fb2.zip</filename>
	<title>Красная бурда. Наше Меню</title>
</book>
<book>
	<filename>krasnickii_aleksandr/krasnickii_aleksandr_groza_vizantii.fb2.zip</filename>
	<title>Красницкий Александр Иванович. Гроза Византии</title>
</book>
<book>
	<filename>krasnickii_aleksandr/krasnickii_aleksandr_knyaz_svyatoslav.fb2.zip</filename>
	<title>Красницкий Александр Иванович. Князь Святослав</title>
</book>
<book>
	<filename>krasnickii_aleksandr/krasnickii_aleksandr_krasnoe_solnyshko.fb2.zip</filename>
	<title>Красницкий Александр Иванович. Красное Солнышко</title>
</book>
<book>
	<filename>krasnickii_aleksandr/krasnickii_aleksandr_v_dali_vekov.fb2.zip</filename>
	<title>Красницкий Александр Иванович. В дали веков</title>
</book>
<book>
	<filename>krasnickii_evgenii/krasnickii_evgenii_beshenyi_lis.fb2.zip</filename>
	<title>Красницкий Евгений. Бешеный Лис</title>
</book>
<book>
	<filename>krasnickii_evgenii/krasnickii_evgenii_pokorennaya_sila.fb2.zip</filename>
	<title>Красницкий Евгений. Покоренная сила</title>
</book>
<book>
	<filename>krasnickii_evgenii/krasnickii_evgenii_vnuk_sotnika.fb2.zip</filename>
	<title>Красницкий Евгений. Внук сотника</title>
</book>
<book>
	<filename>krasnov_anton/krasnov_anton_apokalipsis_dlya_shutnikov.fb2.zip</filename>
	<title>Краснов Антон. Апокалипсис для шутников</title>
</book>
<book>
	<filename>krasnov_anton/krasnov_anton_belyi_piligrim.fb2.zip</filename>
	<title>Краснов Антон. Белый Пилигрим</title>
</book>
<book>
	<filename>krasnov_anton/krasnov_anton_dusheprikazchik.fb2.zip</filename>
	<title>Краснов Антон. Душеприказчик</title>
</book>
<book>
	<filename>krasnov_anton/krasnov_anton_missiya_demo2020.fb2.zip</filename>
	<title>Краснов Антон. Миссия «Демо-2020»</title>
</book>
<book>
	<filename>krasnov_anton/krasnov_anton_sem_otmychek_vsevlastiya.fb2.zip</filename>
	<title>Краснов Антон. Семь отмычек Всевластия</title>
</book>
<book>
	<filename>krasulin_igor/krasulin_igor_ushu_put_k_pobede.fb2.zip</filename>
	<title>Красулин Игорь Авраамович. Ушу – путь к победе</title>
</book>
<book>
	<filename>krauli_dzhon/krauli_dzhon_malenkii_bolshoi.fb2.zip</filename>
	<title>Краули Джон. Маленький, большой</title>
</book>
<book>
	<filename>krauli_dzhon/krauli_dzhon_yegipet.fb2.zip</filename>
	<title>Краули Джон. Эгипет</title>
</book>
<book>
	<filename>kraus_nikol/kraus_nikol_dnevniki_nyani.fb2.zip</filename>
	<title>Краус Николь. Дневники няни</title>
</book>
<book>
	<filename>kravchenko_nina/kravchenko_nina_napitki_domashnego_prigotovleniya.fb2.zip</filename>
	<title>Кравченко Нина. Напитки домашнего приготовления</title>
</book>
<book>
	<filename>kravcov_dmitrii/kravcov_dmitrii_pohititeli_bessmertiya.fb2.zip</filename>
	<title>Кравцов Дмитрий. Похитители бессмертия</title>
</book>
<book>
	<filename>kravcov_dmitrii/kravcov_dmitrii_privychka_umirat.fb2.zip</filename>
	<title>Кравцов Дмитрий. Привычка умирать</title>
</book>
<book>
	<filename>kravec_vyacheslav/kravec_vyacheslav_salaty_iz_kartofelya.fb2.zip</filename>
	<title>Кравец Вячеслав Савельевич. Салаты из картофеля</title>
</book>
<book>
	<filename>kraven_vyes/kraven_vyes_voiteli_so_snovideniyami.fb2.zip</filename>
	<title>Кравен Вэс. Воители со сновидениями</title>
</book>
<book>
	<filename>krebiionsyn_klod/krebiionsyn_klod_zabluzhdeniya_serdca_i_uma.fb2.zip</filename>
	<title>Кребийон-сын Клод. Заблуждения сердца и ума</title>
</book>
<book>
	<filename>krechmer_yernst/krechmer_yernst_ob_isterii.fb2.zip</filename>
	<title>Кречмер Эрнст. Об истерии</title>
</book>
<book>
	<filename>kreger_otto/kreger_otto_tipy_lyudei_16_tipov_lichnosti_opredelyayushih_kak_my_zhivyom_rabotaem_i_lyubim.fb2.zip</filename>
	<title>Крегер Отто. Типы людей: 16 типов личности, определяющих, как мы живём, работаем и любим</title>
</book>
<book>
	<filename>kreger_otto/kreger_otto_tipy_lyudei_i_biznes.fb2.zip</filename>
	<title>Крегер Отто. Типы людей и бизнес</title>
</book>
<book>
	<filename>kreig_dzhyesmin/kreig_dzhyesmin_braki_zaklyuchayutsya_na_nebesah.fb2.zip</filename>
	<title>Крейг Джэсмин. Браки заключаются на небесах</title>
</book>
<book>
	<filename>kreig_dzhyesmin/kreig_dzhyesmin_chervovyi_valet.fb2.zip</filename>
	<title>Крейг Джэсмин. Червовый валет</title>
</book>
<book>
	<filename>kreig_dzhyesmin/kreig_dzhyesmin_idealnaya_para.fb2.zip</filename>
	<title>Крейг Джэсмин. Идеальная пара</title>
</book>
<book>
	<filename>kreig_dzhyesmin/kreig_dzhyesmin_imperiya_serdca.fb2.zip</filename>
	<title>Крейг Джэсмин. Империя сердца</title>
</book>
<book>
	<filename>kreig_dzhyesmin/kreig_dzhyesmin_lyubit_znachit_verit.fb2.zip</filename>
	<title>Крейг Джэсмин. Любить – значит верить</title>
</book>
<book>
	<filename>kreig_dzhyesmin/kreig_dzhyesmin_navazhdenie_strasti.fb2.zip</filename>
	<title>Крейг Джэсмин. Наваждение страсти</title>
</book>
<book>
	<filename>kreig_dzhyesmin/kreig_dzhyesmin_oprometchivoe_pari.fb2.zip</filename>
	<title>Крейг Джэсмин. Опрометчивое пари</title>
</book>
<book>
	<filename>kreig_dzhyesmin/kreig_dzhyesmin_schaste_po_kontraktu.fb2.zip</filename>
	<title>Крейг Джэсмин. Счастье по контракту</title>
</book>
<book>
	<filename>kreig_dzhyesmin/kreig_dzhyesmin_uskolzayushaya_lyubov.fb2.zip</filename>
	<title>Крейг Джэсмин. Ускользающая любовь</title>
</book>
<book>
	<filename>kreig_dzhyesmin/kreig_dzhyesmin_v_plenu_moe_serdce.fb2.zip</filename>
	<title>Крейг Джэсмин. В плену мое сердце</title>
</book>
<book>
	<filename>kreig_dzhyesmin/kreig_dzhyesmin_zastignutye_lyubovyu.fb2.zip</filename>
	<title>Крейг Джэсмин. Застигнутые любовью</title>
</book>
<book>
	<filename>kreig_yemma/kreig_yemma_zagadochnaya_neznakomka.fb2.zip</filename>
	<title>Крейг Эмма. Загадочная незнакомка</title>
</book>
<book>
	<filename>kreiner_styuart/kreiner_styuart_biznes_put_dzhek_uyelch_10_sekretov_velichaishego_v_mire_korolya_menedzhmenta.fb2.zip</filename>
	<title>Крейнер Стюарт. Бизнес путь: Джек Уэлч. 10 секретов величайшего в мире короля менеджмента</title>
</book>
<book>
	<filename>kreinina_byella/kreinina_byella_krasotki_i_oborotni.fb2.zip</filename>
	<title>Крейнина Бэлла. Красотки и оборотни</title>
</book>
<book>
	<filename>kreiven_sara/kreiven_sara_bushuyushaya_stihiya.fb2.zip</filename>
	<title>Крейвен Сара. Бушующая стихия</title>
</book>
<book>
	<filename>kreiven_sara/kreiven_sara_i_pust_vossiyaet_solnce.fb2.zip</filename>
	<title>Крейвен Сара. И пусть воссияет солнце</title>
</book>
<book>
	<filename>kreiven_sara/kreiven_sara_kak_vlyubit_v_sebya_zhenu.fb2.zip</filename>
	<title>Крейвен Сара. Как влюбить в себя жену</title>
</book>
<book>
	<filename>kreiven_sara/kreiven_sara_lyublyu_tebya_laura.fb2.zip</filename>
	<title>Крейвен Сара. Люблю тебя, Лаура</title>
</book>
<book>
	<filename>kreiven_sara/kreiven_sara_lyubov_i_revnost.fb2.zip</filename>
	<title>Крейвен Сара. Любовь и ревность</title>
</book>
<book>
	<filename>kreiven_sara/kreiven_sara_lyubov_sama_vybiraet.fb2.zip</filename>
	<title>Крейвен Сара. Любовь сама выбирает</title>
</book>
<book>
	<filename>kreiven_sara/kreiven_sara_ne_igrai_s_ognem.fb2.zip</filename>
	<title>Крейвен Сара. Не играй с огнем</title>
</book>
<book>
	<filename>kreiven_sara/kreiven_sara_odna_bezumnaya_noch.fb2.zip</filename>
	<title>Крейвен Сара. Одна безумная ночь</title>
</book>
<book>
	<filename>kreiven_sara/kreiven_sara_solnechnye_chasy.fb2.zip</filename>
	<title>Крейвен Сара. Солнечные часы</title>
</book>
<book>
	<filename>kreiven_sara/kreiven_sara_stremyashiesya_k_lyubvi.fb2.zip</filename>
	<title>Крейвен Сара. Стремящиеся к любви</title>
</book>
<book>
	<filename>kreiven_sara/kreiven_sara_svet_ochei_moih.fb2.zip</filename>
	<title>Крейвен Сара. Свет очей моих</title>
</book>
<book>
	<filename>krelin_yulii/krelin_yulii_bez_zatei.fb2.zip</filename>
	<title>Крелин Юлий Зусманович. Без затей</title>
</book>
<book>
	<filename>krelin_yulii/krelin_yulii_hirurg.fb2.zip</filename>
	<title>Крелин Юлий Зусманович. Хирург</title>
</book>
<book>
	<filename>krelin_yulii/krelin_yulii_ochen_udachnaya_zhizn.fb2.zip</filename>
	<title>Крелин Юлий Зусманович. Очень удачная жизнь</title>
</book>
<book>
	<filename>krelin_yulii/krelin_yulii_ochered.fb2.zip</filename>
	<title>Крелин Юлий Зусманович. Очередь</title>
</book>
<book>
	<filename>krelin_yulii/krelin_yulii_ot_mira_sego.fb2.zip</filename>
	<title>Крелин Юлий Зусманович. От мира сего</title>
</book>
<book>
	<filename>krelin_yulii/krelin_yulii_pritcha_o_poshechine.fb2.zip</filename>
	<title>Крелин Юлий Зусманович. Притча о пощечине</title>
</book>
<book>
	<filename>krelin_yulii/krelin_yulii_sueta.fb2.zip</filename>
	<title>Крелин Юлий Зусманович. Суета</title>
</book>
<book>
	<filename>kremer_valter/kremer_valter_leksikon_populyarnyh_zabluzhdenii.fb2.zip</filename>
	<title>Кремер Вальтер. Лексикон популярных заблуждений</title>
</book>
<book>
	<filename>kremlev_sergei/kremlev_sergei_kremlevskii_vizit_fyurera.fb2.zip</filename>
	<title>Кремлев Сергей. Кремлевский визит Фюрера</title>
</book>
<book>
	<filename>kremnev_boris/kremnev_boris_bethoven.fb2.zip</filename>
	<title>Кремнев Борис Г. Бетховен</title>
</book>
<book>
	<filename>kremnev_boris/kremnev_boris_shubert.fb2.zip</filename>
	<title>Кремнев Борис Г. Шуберт</title>
</book>
<book>
	<filename>kremo_maikl/kremo_maikl_devolyuciya_cheloveka_vedicheskaya_alternativa_teorii_darvina.fb2.zip</filename>
	<title>Кремо Майкл А. Деволюция человека: Ведическая альтернатива теории Дарвина</title>
</book>
<book>
	<filename>krenc_dzhein/krenc_dzhein_amarillis.fb2.zip</filename>
	<title>Кренц Джейн Энн. Амариллис</title>
</book>
<book>
	<filename>krenc_dzhein/krenc_dzhein_beru_tebya_v_zheny.fb2.zip</filename>
	<title>Кренц Джейн Энн. Беру тебя в жены</title>
</book>
<book>
	<filename>krenc_dzhein/krenc_dzhein_bezrassudstvo.fb2.zip</filename>
	<title>Кренц Джейн Энн. Безрассудство</title>
</book>
<book>
	<filename>krenc_dzhein/krenc_dzhein_blesk.fb2.zip</filename>
	<title>Кренц Джейн Энн. Блеск</title>
</book>
<book>
	<filename>krenc_dzhein/krenc_dzhein_dymka_v_zerkalah.fb2.zip</filename>
	<title>Кренц Джейн Энн. Дымка в зеркалах</title>
</book>
<book>
	<filename>krenc_dzhein/krenc_dzhein_edinstvennaya_noch.fb2.zip</filename>
	<title>Кренц Джейн Энн. Единственная ночь</title>
</book>
<book>
	<filename>krenc_dzhein/krenc_dzhein_glubokie_vody.fb2.zip</filename>
	<title>кренц Джейн Энн. Глубокие воды</title>
</book>
<book>
	<filename>krenc_dzhein/krenc_dzhein_greshnaya_vdova.fb2.zip</filename>
	<title>кренц Джейн Энн. Грешная вдова</title>
</book>
<book>
	<filename>krenc_dzhein/krenc_dzhein_hrustalnoe_plamya.fb2.zip</filename>
	<title>Кренц Джейн Энн. Хрустальное пламя</title>
</book>
<book>
	<filename>krenc_dzhein/krenc_dzhein_idealnye_partnery.fb2.zip</filename>
	<title>Кренц Джейн Энн. Идеальные партнеры</title>
</book>
<book>
	<filename>krenc_dzhein/krenc_dzhein_iskatelnica_priklyuchenii.fb2.zip</filename>
	<title>Кренц Джейн Энн. Искательница приключений</title>
</book>
<book>
	<filename>krenc_dzhein/krenc_dzhein_iskushenie.fb2.zip</filename>
	<title>Кренц Джейн Энн. Искушение</title>
</book>
<book>
	<filename>krenc_dzhein/krenc_dzhein_kapitulyaciya.fb2.zip</filename>
	<title>Кренц Джейн Энн. Капитуляция</title>
</book>
<book>
	<filename>krenc_dzhein/krenc_dzhein_kolca_afrodity.fb2.zip</filename>
	<title>Кренц Джейн Энн. Кольца Афродиты</title>
</book>
<book>
	<filename>krenc_dzhein/krenc_dzhein_kompanonka.fb2.zip</filename>
	<title>Кренц Джейн Энн. Компаньонка</title>
</book>
<book>
	<filename>krenc_dzhein/krenc_dzhein_korallovyi_pocelui.fb2.zip</filename>
	<title>Кренц Джейн Энн. Коралловый поцелуй</title>
</book>
<book>
	<filename>krenc_dzhein/krenc_dzhein_lyubovnica.fb2.zip</filename>
	<title>Кренц Джейн Энн. Любовница</title>
</book>
<book>
	<filename>krenc_dzhein/krenc_dzhein_lyubov_po_raschetu.fb2.zip</filename>
	<title>Кренц Джейн Энн. Любовь по расчету</title>
</book>
<book>
	<filename>krenc_dzhein/krenc_dzhein_navazhdenie.fb2.zip</filename>
	<title>Кренц Джейн Энн. Наваждение</title>
</book>
<book>
	<filename>krenc_dzhein/krenc_dzhein_nechayannyi_obman.fb2.zip</filename>
	<title>Кренц Джейн Энн. Нечаянный обман</title>
</book>
<book>
	<filename>krenc_dzhein/krenc_dzhein_neistovye_serdca.fb2.zip</filename>
	<title>Кренц Джейн Энн. Неистовые сердца</title>
</book>
<book>
	<filename>krenc_dzhein/krenc_dzhein_nezhnyi_ogon_lyubvi.fb2.zip</filename>
	<title>Кренц Джейн Энн. Нежный огонь любви</title>
</book>
<book>
	<filename>krenc_dzhein/krenc_dzhein_noch_naprolet.fb2.zip</filename>
	<title>Кренц Джейн Энн. Ночь напролет</title>
</book>
<book>
	<filename>krenc_dzhein/krenc_dzhein_obolshenie.fb2.zip</filename>
	<title>Кренц Джейн Энн. Обольщение</title>
</book>
<book>
	<filename>krenc_dzhein/krenc_dzhein_ognennyi_dar.fb2.zip</filename>
	<title>Кренц Джейн Энн. Огненный дар</title>
</book>
<book>
	<filename>krenc_dzhein/krenc_dzhein_opasnost.fb2.zip</filename>
	<title>Кренц Джейн Энн. Опасность</title>
</book>
<book>
	<filename>krenc_dzhein/krenc_dzhein_ostrye_kraya.fb2.zip</filename>
	<title>Кренц Джейн Энн. Острые края</title>
</book>
<book>
	<filename>krenc_dzhein/krenc_dzhein_raskolotyi_rai.fb2.zip</filename>
	<title>Кренц Джейн Энн. Расколотый рай</title>
</book>
<book>
	<filename>krenc_dzhein/krenc_dzhein_semeinyi_muzhchina.fb2.zip</filename>
	<title>Кренц Джейн Энн. Семейный мужчина</title>
</book>
<book>
	<filename>krenc_dzhein/krenc_dzhein_skandal.fb2.zip</filename>
	<title>Кренц Джейн Энн. Скандал</title>
</book>
<book>
	<filename>krenc_dzhein/krenc_dzhein_skrytye_talanty.fb2.zip</filename>
	<title>Кренц Джейн Энн. Скрытые таланты</title>
</book>
<book>
	<filename>krenc_dzhein/krenc_dzhein_sladkaya_sudba.fb2.zip</filename>
	<title>Кренц Джейн Энн. Сладкая судьба</title>
</book>
<book>
	<filename>krenc_dzhein/krenc_dzhein_sokrovishe.fb2.zip</filename>
	<title>Кренц Джейн Энн. Сокровище</title>
</book>
<book>
	<filename>krenc_dzhein/krenc_dzhein_somnitelnaya_reputaciya.fb2.zip</filename>
	<title>Кренц Джейн Энн. Сомнительная репутация</title>
</book>
<book>
	<filename>krenc_dzhein/krenc_dzhein_strannye_igry.fb2.zip</filename>
	<title>Кренц Джейн Энн. Странные игры</title>
</book>
<book>
	<filename>krenc_dzhein/krenc_dzhein_svet_v_polumrake.fb2.zip</filename>
	<title>Кренц Джейн Энн. Свет в полумраке</title>
</book>
<book>
	<filename>krenc_dzhein/krenc_dzhein_svidanie_po_kontraktu.fb2.zip</filename>
	<title>Кренц Джейн Энн. Свидание по контракту</title>
</book>
<book>
	<filename>krenc_dzhein/krenc_dzhein_syurpriz.fb2.zip</filename>
	<title>Кренц Джейн Энн. Сюрприз</title>
</book>
<book>
	<filename>krenc_dzhein/krenc_dzhein_tainstva_nochi.fb2.zip</filename>
	<title>Кренц Джейн Энн. Таинства ночи</title>
</book>
<book>
	<filename>krenc_dzhein/krenc_dzhein_ver_mne.fb2.zip</filename>
	<title>Кренц Джейн Энн. Верь мне</title>
</book>
<book>
	<filename>krenc_dzhein/krenc_dzhein_volshebnyi_dar.fb2.zip</filename>
	<title>Кренц Джейн Энн. Волшебный дар</title>
</book>
<book>
	<filename>krenc_dzhein/krenc_dzhein_vse_k_luchshemu.fb2.zip</filename>
	<title>Кренц Джейн Энн. Все к лучшему</title>
</book>
<book>
	<filename>krenc_dzhein/krenc_dzhein_vsepogloshayushaya_strast.fb2.zip</filename>
	<title>Кренц Джейн Энн. Всепоглощающая страсть</title>
</book>
<book>
	<filename>krenc_dzhein/krenc_dzhein_vstrecha.fb2.zip</filename>
	<title>Кренц Джейн Энн. Встреча</title>
</book>
<book>
	<filename>krenc_dzhein/krenc_dzhein_zagadochnoe_nasledstvo.fb2.zip</filename>
	<title>Кренц Джейн Энн. Загадочное наследство</title>
</book>
<book>
	<filename>krenc_dzhein/krenc_dzhein_zapozdalaya_svadba.fb2.zip</filename>
	<title>Кренц Джейн Энн. Запоздалая свадьба</title>
</book>
<book>
	<filename>krenc_dzhein/krenc_dzhein_zharkie_sny.fb2.zip</filename>
	<title>Кренц Джейн Энн. Жаркие сны</title>
</book>
<book>
	<filename>krenc_dzhein/krenc_dzhein_zhdi_do_polunochi.fb2.zip</filename>
	<title>Кренц Джейн Энн. Жди до полуночи</title>
</book>
<book>
	<filename>krenc_dzhein/krenc_dzhein_zhelanie.fb2.zip</filename>
	<title>Кренц Джейн Энн. Желание</title>
</book>
<book>
	<filename>krenc_dzhein/krenc_dzhein_zolotoi_dar.fb2.zip</filename>
	<title>Кренц Джейн Энн. Золотой дар</title>
</book>
<book>
	<filename>krenc_dzhein/krenc_dzhein_zolotoi_shans.fb2.zip</filename>
	<title>Кренц Джейн Энн. Золотой шанс</title>
</book>
<book>
	<filename>krenshou_dzhek/krenshou_dzhek_davaite_sozdadim_kompilyator.fb2.zip</filename>
	<title>Креншоу Джек. Давайте создадим компилятор!</title>
</book>
<book>
	<filename>kreps_vladimir/kreps_vladimir_klub_znamenityh_kapitanov.fb2.zip</filename>
	<title>Крепс Владимир. Клуб Знаменитых Капитанов</title>
</book>
<book>
	<filename>krespi_mishel/krespi_mishel_ohotniki_za_golovami.fb2.zip</filename>
	<title>Креспи Мишель. Охотники за головами</title>
</book>
<book>
	<filename>kress_nyensi/kress_nyensi_bolotnyi_zapovednik.fb2.zip</filename>
	<title>Кресс Нэнси. Болотный заповедник</title>
</book>
<book>
	<filename>kress_nyensi/kress_nyensi_chislo_faigenbauma.fb2.zip</filename>
	<title>Кресс Нэнси. Число Файгенбаума</title>
</book>
<book>
	<filename>kress_nyensi/kress_nyensi_cvety_tyurmy_aulit.fb2.zip</filename>
	<title>Кресс Нэнси. Цветы тюрьмы Аулит</title>
</book>
<book>
	<filename>kress_nyensi/kress_nyensi_ispanskie_nishie.fb2.zip</filename>
	<title>Кресс Нэнси. Испанские нищие</title>
</book>
<book>
	<filename>kress_nyensi/kress_nyensi_svet_chuzhogo_solnca.fb2.zip</filename>
	<title>Кресс Нэнси. Свет чужого солнца</title>
</book>
<book>
	<filename>krestovskii_evgenii/krestovskii_evgenii_holodnoe_solnce.fb2.zip</filename>
	<title>Крестовский Евгений. Холодное солнце</title>
</book>
<book>
	<filename>krestovskii_vsevolod/krestovskii_vsevolod_peterburgskie_trushoby_tom_1.fb2.zip</filename>
	<title>Крестовский Всеволод Владимирович. Петербургские трущобы. Том 1</title>
</book>
<book>
	<filename>krestovskii_vsevolod/krestovskii_vsevolod_peterburgskie_trushoby_tom_2.fb2.zip</filename>
	<title>Крестовский Всеволод Владимирович. Петербургские трущобы. Том 2</title>
</book>
<book>
	<filename>kreve_of_barnsteipl_t/kreve_of_barnsteipl_t_fedkazuek_pirat_ee_velichestva.fb2.zip</filename>
	<title>Креве оф Барнстейпл Т. Дж. Федька-Зуек — Пират Ее Величества</title>
</book>
<book>
	<filename>kriger_boris/kriger_boris_alfa_i_omega.fb2.zip</filename>
	<title>Кригер Борис. Альфа и омега</title>
</book>
<book>
	<filename>kriger_boris/kriger_boris_kuhonnaya_filosofiya_traktat_o_pravilnom_zhizneprovedenii.fb2.zip</filename>
	<title>Кригер Борис. Кухонная философия. Трактат о правильном жизнепроведении</title>
</book>
<book>
	<filename>kriger_boris/kriger_boris_maskin.fb2.zip</filename>
	<title>Кригер Борис. Маськин</title>
</book>
<book>
	<filename>kriger_boris/kriger_boris_maskin_zimoi.fb2.zip</filename>
	<title>Кригер Борис. Маськин зимой</title>
</book>
<book>
	<filename>kriger_boris/kriger_boris_neizvestnaya_kanada.fb2.zip</filename>
	<title>Кригер Борис. Неизвестная Канада</title>
</book>
<book>
	<filename>kriger_boris/kriger_boris_neopredelennaya_vselennaya.fb2.zip</filename>
	<title>Кригер Борис. Неопределенная Вселенная</title>
</book>
<book>
	<filename>kriger_boris/kriger_boris_nevoobrazimoe_budushee.fb2.zip</filename>
	<title>Кригер Борис. Невообразимое будущее</title>
</book>
<book>
	<filename>kriger_boris/kriger_boris_pesochnica.fb2.zip</filename>
	<title>Кригер Борис. Песочница</title>
</book>
<book>
	<filename>kriger_boris/kriger_boris_rasskazy.fb2.zip</filename>
	<title>Кригер Борис. Рассказы</title>
</book>
<book>
	<filename>kriger_boris/kriger_boris_skazki.fb2.zip</filename>
	<title>Кригер Борис. Сказки</title>
</book>
<book>
	<filename>kriger_boris/kriger_boris_skvoznyak.fb2.zip</filename>
	<title>Кригер Борис. Сквозняк</title>
</book>
<book>
	<filename>kriger_boris/kriger_boris_tysyacha_zhiznei_oda_krizisu_zrelogo_vozrasta.fb2.zip</filename>
	<title>Кригер Борис. Тысяча жизней. Ода кризису зрелого возраста</title>
</book>
<book>
	<filename>kriger_boris/kriger_boris_yuzhnye_kresty.fb2.zip</filename>
	<title>Кригер Борис. Южные Кресты</title>
</book>
<book>
	<filename>kriger_boris/kriger_boris_zabavy_gerberta_adlera.fb2.zip</filename>
	<title>Кригер Борис. Забавы Герберта Адлера</title>
</book>
<book>
	<filename>kriksunova_inna/kriksunova_inna_gotovim_vkusno_bystro_deshevo.fb2.zip</filename>
	<title>Криксунова Инна А. Готовим вкусно, быстро, дешево!</title>
</book>
<book>
	<filename>kriksunova_inna/kriksunova_inna_kak_stat_seksapilnoi.fb2.zip</filename>
	<title>Криксунова Инна А. Как стать сексапильной</title>
</book>
<book>
	<filename>kriksunova_inna/kriksunova_inna_knigapodarok_dostoinyi_korolevy_krasoty.fb2.zip</filename>
	<title>Криксунова Инна А. Книга-подарок, достойный королевы красоты</title>
</book>
<book>
	<filename>kriksunova_inna/kriksunova_inna_knigapodarok_dostoinyi_korolevy_obolsheniya.fb2.zip</filename>
	<title>Криксунова Инна А. Книга-подарок, достойный королевы обольщения</title>
</book>
<book>
	<filename>kriksunova_inna/kriksunova_inna_sekrety_sovremennoi_volshebnicy.fb2.zip</filename>
	<title>Криксунова Инна А. Секреты современной волшебницы</title>
</book>
<book>
	<filename>kriksunova_inna/kriksunova_inna_uyutnyi_dom_bez_osobyh_zatrat.fb2.zip</filename>
	<title>Криксунова Инна А. Уютный дом без особых затрат</title>
</book>
<book>
	<filename>kriksunova_inna/kriksunova_inna_vas_ozhidaet_gospozha_udacha.fb2.zip</filename>
	<title>Криксунова Инна А. Вас ожидает Госпожа Удача</title>
</book>
<book>
	<filename>kriksunova_inna/kriksunova_inna_yelegantnost_i_shik_pri_nebolshom_byudzhete.fb2.zip</filename>
	<title>Криксунова Инна А. Элегантность и шик при небольшом бюджете</title>
</book>
<book>
	<filename>krill_kyetrin/krill_kyetrin_dikaya_roza_tehasa.fb2.zip</filename>
	<title>Крилл Кэтрин. Дикая роза Техаса</title>
</book>
<book>
	<filename>krill_kyetrin/krill_kyetrin_ledi_aleks.fb2.zip</filename>
	<title>Крилл Кэтрин. Леди Алекс</title>
</book>
<book>
	<filename>krishnamurti_dzhiddu/krishnamurti_dzhiddu_bombeiskie_besedy.fb2.zip</filename>
	<title>Кришнамурти Джидду. Бомбейские беседы</title>
</book>
<book>
	<filename>krishnamurti_dzhiddu/krishnamurti_dzhiddu_dve_besedy_dzhiddu_krishnamurti_so_svami_venkateshanandoi.fb2.zip</filename>
	<title>Кришнамурти Джидду. Две беседы Джидду Кришнамурти со Свами Венкатешанандой</title>
</book>
<book>
	<filename>krishnamurti_dzhiddu/krishnamurti_dzhiddu_istina_strana_bez_dorog_zayavlenie_dzh_krishnamurti_o_rospuske_ordena_zvezdy.fb2.zip</filename>
	<title>Кришнамурти Джидду. Истина — страна без дорог (Заявление Дж. Кришнамурти о роспуске Ордена Звезды)</title>
</book>
<book>
	<filename>krishnamurti_dzhiddu/krishnamurti_dzhiddu_kniga_zhizni.fb2.zip</filename>
	<title>Кришнамурти Джидду. Книга жизни</title>
</book>
<book>
	<filename>krishnamurti_dzhiddu/krishnamurti_dzhiddu_nachalo_poznaniya.fb2.zip</filename>
	<title>Кришнамурти Джидду. Начало Познания</title>
</book>
<book>
	<filename>krishnamurti_dzhiddu/krishnamurti_dzhiddu_ne_govorite_li_vy_to_zhe_samoe_chto_govoril_budda.fb2.zip</filename>
	<title>Кришнамурти Джидду. Не говорите ли Вы то же самое, что говорил Будда?</title>
</book>
<book>
	<filename>krishnamurti_dzhiddu/krishnamurti_dzhiddu_nemedlenno_izmenitsya.fb2.zip</filename>
	<title>Кришнамурти Джидду. Немедленно измениться</title>
</book>
<book>
	<filename>krishnamurti_dzhiddu/krishnamurti_dzhiddu_o_samom_vazhnom_besedy_s_dyevidom_bomom.fb2.zip</filename>
	<title>Кришнамурти Джидду. О самом важном (Беседы с Дэвидом Бомом)</title>
</book>
<book>
	<filename>krishnamurti_dzhiddu/krishnamurti_dzhiddu_polyot_orla.fb2.zip</filename>
	<title>Кришнамурти Джидду. Полёт орла</title>
</book>
<book>
	<filename>krishnamurti_dzhiddu/krishnamurti_dzhiddu_problemy_zhizni.fb2.zip</filename>
	<title>Кришнамурти Джидду. Проблемы жизни</title>
</book>
<book>
	<filename>krishnamurti_dzhiddu/krishnamurti_dzhiddu_svoboda_ot_izvestnogo.fb2.zip</filename>
	<title>Кришнамурти Джидду. Свобода от известного</title>
</book>
<book>
	<filename>krishnamurti_dzhiddu/krishnamurti_dzhiddu_tradiciya_i_revolyuciya.fb2.zip</filename>
	<title>Кришнамурти Джидду. Традиция и революция</title>
</book>
<book>
	<filename>krishnamurti_dzhiddu/krishnamurti_dzhiddu_u_nog_uchitelya.fb2.zip</filename>
	<title>Кришнамурти Джидду. У ног Учителя</title>
</book>
<book>
	<filename>krishnamurti_dzhiddu/krishnamurti_dzhiddu_vne_nasiliya.fb2.zip</filename>
	<title>Кришнамурти Джидду. Вне насилия</title>
</book>
<book>
	<filename>krishnamurti_dzhiddu/krishnamurti_dzhiddu_zapisnye_knizhki.fb2.zip</filename>
	<title>Кришнамурти Джидду. Записные книжки</title>
</book>
<book>
	<filename>krisi_dzhon/krisi_dzhon_napadenie_na_barona.fb2.zip</filename>
	<title>Криси Джон. Нападение на барона</title>
</book>
<book>
	<filename>krisi_dzhon/krisi_dzhon_rodzher_uyest_na_kinostudii.fb2.zip</filename>
	<title>Криси Джон. Роджер Уэст на киностудии</title>
</book>
<book>
	<filename>krisi_dzhon/krisi_dzhon_strannyi_uikyend_inspektora_rodzhera_uyesta.fb2.zip</filename>
	<title>Криси Джон. Странный уик-энд инспектора Роджера Уэста</title>
</book>
<book>
	<filename>krispin_ye/krispin_ye_baiki_iz_dvorca_dzhabby_hatta19_tolshina_kozhi_istoriya_tolstoi_tancovshicy.fb2.zip</filename>
	<title>Криспин Э. К. Байки из дворца Джаббы Хатта-19: Толщина кожи (История толстой танцовщицы)</title>
</book>
<book>
	<filename>krispin_yenn/krispin_yenn_baiki_iz_dvorca_dzhabby_hatta19_tolshina_kozhi_istoriya_tolstoi_tancovshicy.fb2.zip</filename>
	<title>Криспин Энн К. Байки из дворца Джаббы Хатта-19: Толщина кожи (История толстой танцовщицы)</title>
</book>
<book>
	<filename>krispin_yenn/krispin_yenn_hyen_solo_i_gambit_hattov.fb2.zip</filename>
	<title>Криспин Энн. Хэн Соло и гамбит хаттов</title>
</book>
<book>
	<filename>kristenberri_dzhudi/kristenberri_dzhudi_dorogaya_debora.fb2.zip</filename>
	<title>Кристенберри Джуди. Дорогая Дебора</title>
</book>
<book>
	<filename>kristenberri_dzhudi/kristenberri_dzhudi_nam_suzhdeno_lyubit.fb2.zip</filename>
	<title>Кристенберри Джуди. Нам суждено любить</title>
</book>
<book>
	<filename>kristenberri_dzhudi/kristenberri_dzhudi_sovpadenie_zhelanii.fb2.zip</filename>
	<title>Кристенберри Джуди. Совпадение желаний</title>
</book>
<book>
	<filename>kristenberri_dzhudi/kristenberri_dzhudi_strannoe_zayavlenie.fb2.zip</filename>
	<title>Кристенберри Джуди. Странное заявление</title>
</book>
<book>
	<filename>kristenberri_dzhudi/kristenberri_dzhudi_vlyublennye_beglecy.fb2.zip</filename>
	<title>Кристенберри Джуди. Влюбленные беглецы</title>
</book>
<book>
	<filename>kristenberri_dzhudi/kristenberri_dzhudi_zharkoe_leto.fb2.zip</filename>
	<title>Кристенберри Джуди. Жаркое лето</title>
</book>
<book>
	<filename>kristi_agata/kristi_agata_agent_n_ili_m.fb2.zip</filename>
	<title>Кристи Агата. Агент "Н" или "М"</title>
</book>
<book>
	<filename>kristi_agata/kristi_agata_avtobiografiya.fb2.zip</filename>
	<title>Кристи Агата. Автобиография</title>
</book>
<book>
	<filename>kristi_agata/kristi_agata_bagdadskie_vstrechi.fb2.zip</filename>
	<title>Кристи Агата. Багдадские встречи</title>
</book>
<book>
	<filename>kristi_agata/kristi_agata_bereg_udachi.fb2.zip</filename>
	<title>Кристи Агата. Берег удачи</title>
</book>
<book>
	<filename>kristi_agata/kristi_agata_bezmolvnyi_svidetel.fb2.zip</filename>
	<title>Кристи Агата. Безмолвный свидетель</title>
</book>
<book>
	<filename>kristi_agata/kristi_agata_bolshaya_chetverka.fb2.zip</filename>
	<title>Кристи Агата. Большая четверка</title>
</book>
<book>
	<filename>kristi_agata/kristi_agata_chas_nol.fb2.zip</filename>
	<title>Кристи Агата. Час Ноль</title>
</book>
<book>
	<filename>kristi_agata/kristi_agata_chasy.fb2.zip</filename>
	<title>Кристи Агата. Часы</title>
</book>
<book>
	<filename>kristi_agata/kristi_agata_chelovek_v_korichnevom_kostyume.fb2.zip</filename>
	<title>Кристи Агата. Человек в коричневом костюме</title>
</book>
<book>
	<filename>kristi_agata/kristi_agata_desyat_negrityat.fb2.zip</filename>
	<title>Кристи Агата. Десять негритят</title>
</book>
<book>
	<filename>kristi_agata/kristi_agata_fokus_s_zerkalami.fb2.zip</filename>
	<title>Кристи Агата. Фокус с зеркалами</title>
</book>
<book>
	<filename>kristi_agata/kristi_agata_hikori_dikori_dok.fb2.zip</filename>
	<title>Кристи Агата. Хикори, дикори, док...</title>
</book>
<book>
	<filename>kristi_agata/kristi_agata_hlopoty_v_polense.fb2.zip</filename>
	<title>Кристи Агата. Хлопоты в Польенсе</title>
</book>
<book>
	<filename>kristi_agata/kristi_agata_ispytanie_nevinovnstyu.fb2.zip</filename>
	<title>Кристи Агата. Испытание невиновнстью</title>
</book>
<book>
	<filename>kristi_agata/kristi_agata_karibskaya_taina.fb2.zip</filename>
	<title>Кристи Агата. Карибская тайна</title>
</book>
<book>
	<filename>kristi_agata/kristi_agata_karman_polnyi_rzhi.fb2.zip</filename>
	<title>Кристи Агата. Карман полный ржи</title>
</book>
<book>
	<filename>kristi_agata/kristi_agata_karty_na_stol.fb2.zip</filename>
	<title>Кристи Агата. Карты на стол</title>
</book>
<book>
	<filename>kristi_agata/kristi_agata_konec_chelovecheskoi_gluposti.fb2.zip</filename>
	<title>Кристи Агата. Конец человеческой глупости</title>
</book>
<book>
	<filename>kristi_agata/kristi_agata_koshka_sredi_golubei.fb2.zip</filename>
	<title>Кристи Агата. Кошка среди голубей</title>
</book>
<book>
	<filename>kristi_agata/kristi_agata_krivoi_domishko.fb2.zip</filename>
	<title>Кристи Агата. Кривой домишко</title>
</book>
<book>
	<filename>kristi_agata/kristi_agata_loshina.fb2.zip</filename>
	<title>Кристи Агата. Лощина</title>
</book>
<book>
	<filename>kristi_agata/kristi_agata_mesto_naznacheniya_neizvestno.fb2.zip</filename>
	<title>Кристи Агата. Место назначения неизвестно</title>
</book>
<book>
	<filename>kristi_agata/kristi_agata_nemezida.fb2.zip</filename>
	<title>Кристи Агата. Немезида</title>
</book>
<book>
	<filename>kristi_agata/kristi_agata_neobyknovennaya_krazha.fb2.zip</filename>
	<title>Кристи Агата. Необыкновенная кража</title>
</book>
<book>
	<filename>kristi_agata/kristi_agata_neveroyatnaya_krazha.fb2.zip</filename>
	<title>Кристи Агата. Невероятная кража</title>
</book>
<book>
	<filename>kristi_agata/kristi_agata_nochnaya_tma.fb2.zip</filename>
	<title>Кристи Агата. Ночная тьма</title>
</book>
<book>
	<filename>kristi_agata/kristi_agata_obyavleno_ubiistvo.fb2.zip</filename>
	<title>Кристи Агата. Объявлено убийство</title>
</book>
<book>
	<filename>kristi_agata/kristi_agata_odnim_palcem.fb2.zip</filename>
	<title>Кристи Агата. Одним пальцем</title>
</book>
<book>
	<filename>kristi_agata/kristi_agata_okrovavlennye_stupeni.fb2.zip</filename>
	<title>Кристи Агата. Окровавленные ступени</title>
</book>
<book>
	<filename>kristi_agata/kristi_agata_otel_bertram.fb2.zip</filename>
	<title>Кристи Агата. Отель «Бертрам»</title>
</book>
<book>
	<filename>kristi_agata/kristi_agata_partnery_po_prestupleniyu.fb2.zip</filename>
	<title>Кристи Агата. Партнеры по преступлению</title>
</book>
<book>
	<filename>kristi_agata/kristi_agata_passazhir_iz_frankfurta.fb2.zip</filename>
	<title>Кристи Агата. Пассажир из Франкфурта</title>
</book>
<book>
	<filename>kristi_agata/kristi_agata_pechalnyi_kiparis.fb2.zip</filename>
	<title>Кристи Агата. Печальный кипарис</title>
</book>
<book>
	<filename>kristi_agata/kristi_agata_pes_smerti.fb2.zip</filename>
	<title>Кристи Агата. Пес смерти</title>
</book>
<book>
	<filename>kristi_agata/kristi_agata_pochemu_zhe_ne_yevans.fb2.zip</filename>
	<title>Кристи Агата. Почему же не Эванс?</title>
</book>
<book>
	<filename>kristi_agata/kristi_agata_podvigi_gerakla.fb2.zip</filename>
	<title>Кристи Агата. Подвиги Геракла</title>
</book>
<book>
	<filename>kristi_agata/kristi_agata_poslednie_dela_miss_marpl.fb2.zip</filename>
	<title>Кристи Агата. Последние дела мисс Марпл</title>
</book>
<book>
	<filename>kristi_agata/kristi_agata_posle_pohoron.fb2.zip</filename>
	<title>Кристи Агата. После похорон</title>
</book>
<book>
	<filename>kristi_agata/kristi_agata_priklyuchenie_rozhdestvenskogo_pudinga.fb2.zip</filename>
	<title>Кристи Агата. Приключение рождественского пудинга</title>
</book>
<book>
	<filename>kristi_agata/kristi_agata_propavshaya_vesnoi.fb2.zip</filename>
	<title>Кристи Агата. Пропавшая весной</title>
</book>
<book>
	<filename>kristi_agata/kristi_agata_puaro_vedet_sledstvie.fb2.zip</filename>
	<title>Кристи Агата. Пуаро ведет следствие</title>
</book>
<book>
	<filename>kristi_agata/kristi_agata_pyat_porosyat.fb2.zip</filename>
	<title>Кристи Агата. Пять поросят</title>
</book>
<book>
	<filename>kristi_agata/kristi_agata_rannie_dela_puaro.fb2.zip</filename>
	<title>Кристи Агата. Ранние дела Пуаро</title>
</book>
<book>
	<filename>kristi_agata/kristi_agata_rasskazhi_kak_zhivesh.fb2.zip</filename>
	<title>Кристи Агата. Расскажи, как живешь</title>
</book>
<book>
	<filename>kristi_agata/kristi_agata_rassleduet_parker_pain.fb2.zip</filename>
	<title>Кристи Агата. Расследует Паркер Пайн</title>
</book>
<book>
	<filename>kristi_agata/kristi_agata_razbitoe_zerkalo.fb2.zip</filename>
	<title>Кристи Агата. Разбитое зеркало</title>
</book>
<book>
	<filename>kristi_agata/kristi_agata_raz_dva_pryazhku_zastegni.fb2.zip</filename>
	<title>Кристи Агата. Раз, два — пряжку застегни</title>
</book>
<book>
	<filename>kristi_agata/kristi_agata_rodosskii_treugolnik.fb2.zip</filename>
	<title>Кристи Агата. Родосский треугольник</title>
</book>
<book>
	<filename>kristi_agata/kristi_agata_rozhdestvo_yerkyulya_puaro.fb2.zip</filename>
	<title>Кристи Агата. Рождество Эркюля Пуаро</title>
</book>
<book>
	<filename>kristi_agata/kristi_agata_shchelkni_palcem_tolko_raz.fb2.zip</filename>
	<title>Кристи Агата. Щелкни пальцем только раз</title>
</book>
<book>
	<filename>kristi_agata/kristi_agata_slony_umeyut_pomnit.fb2.zip</filename>
	<title>Кристи Агата. Слоны умеют помнить</title>
</book>
<book>
	<filename>kristi_agata/kristi_agata_smert_lorda_yedzhvera.fb2.zip</filename>
	<title>Кристи Агата. Смерть лорда Эджвера</title>
</book>
<book>
	<filename>kristi_agata/kristi_agata_smert_miss_makdzhinti.fb2.zip</filename>
	<title>Кристи Агата. Смерть мисс Мак-Джинти</title>
</book>
<book>
	<filename>kristi_agata/kristi_agata_smert_na_nile.fb2.zip</filename>
	<title>Кристи Агата. Смерть на Ниле</title>
</book>
<book>
	<filename>kristi_agata/kristi_agata_smert_prihodit_v_konce.fb2.zip</filename>
	<title>Кристи Агата. Смерть приходит в конце</title>
</book>
<book>
	<filename>kristi_agata/kristi_agata_smert_v_oblakah.fb2.zip</filename>
	<title>Кристи Агата. Смерть в облаках</title>
</book>
<book>
	<filename>kristi_agata/kristi_agata_spyashee_ubiistvo.fb2.zip</filename>
	<title>Кристи Агата. Спящее убийство</title>
</book>
<book>
	<filename>kristi_agata/kristi_agata_sverkayushii_cianid.fb2.zip</filename>
	<title>Кристи Агата. Сверкающий цианид</title>
</book>
<book>
	<filename>kristi_agata/kristi_agata_svidanie_so_smertyu.fb2.zip</filename>
	<title>Кристи Агата. Свидание со смертью</title>
</book>
<book>
	<filename>kristi_agata/kristi_agata_taina_golubogo_poezda.fb2.zip</filename>
	<title>Кристи Агата. Тайна Голубого поезда</title>
</book>
<book>
	<filename>kristi_agata/kristi_agata_taina_lorda_listerdeila.fb2.zip</filename>
	<title>Кристи Агата. Тайна лорда Листердейла</title>
</book>
<book>
	<filename>kristi_agata/kristi_agata_taina_semi_ciferblatov.fb2.zip</filename>
	<title>Кристи Агата. Тайна Семи циферблатов</title>
</book>
<book>
	<filename>kristi_agata/kristi_agata_taina_zamka_chimniz.fb2.zip</filename>
	<title>Кристи Агата. Тайна замка Чимниз</title>
</book>
<book>
	<filename>kristi_agata/kristi_agata_tainstvennoe_proisshestvie_v_sailz.fb2.zip</filename>
	<title>Кристи Агата. Таинственное происшествие в Сайлз</title>
</book>
<book>
	<filename>kristi_agata/kristi_agata_tainstvennoe_proisshestvie_v_stailz.fb2.zip</filename>
	<title>Кристи Агата. Таинственное происшествие в Стайлз</title>
</book>
<book>
	<filename>kristi_agata/kristi_agata_tainstvennyi_mister_kin.fb2.zip</filename>
	<title>Кристи Агата. Таинственный мистер Кин</title>
</book>
<book>
	<filename>kristi_agata/kristi_agata_tainstvennyi_sopernik.fb2.zip</filename>
	<title>Кристи Агата. Таинственный соперник</title>
</book>
<book>
	<filename>kristi_agata/kristi_agata_tragediya_v_treh_aktah.fb2.zip</filename>
	<title>Кристи Агата. Трагедия в трех актах</title>
</book>
<book>
	<filename>kristi_agata/kristi_agata_tretya_devushka.fb2.zip</filename>
	<title>Кристи Агата. Третья девушка</title>
</book>
<book>
	<filename>kristi_agata/kristi_agata_trinadcat_zagadochnyh_sluchaev.fb2.zip</filename>
	<title>Кристи Агата. Тринадцать загадочных случаев</title>
</book>
<book>
	<filename>kristi_agata/kristi_agata_tri_slepyh_myshonka.fb2.zip</filename>
	<title>Кристи Агата. Три слепых мышонка</title>
</book>
<book>
	<filename>kristi_agata/kristi_agata_trudnyi_otdyh_v_buhte_polensa.fb2.zip</filename>
	<title>Кристи Агата. Трудный отдых в бухте Польенса</title>
</book>
<book>
	<filename>kristi_agata/kristi_agata_trup_v_biblioteke.fb2.zip</filename>
	<title>Кристи Агата. Труп в библиотеке</title>
</book>
<book>
	<filename>kristi_agata/kristi_agata_ubiistvo_na_pole_dlya_golfa.fb2.zip</filename>
	<title>Кристи Агата. Убийство на поле для гольфа</title>
</book>
<book>
	<filename>kristi_agata/kristi_agata_ubiistvo_po_alfavitu.fb2.zip</filename>
	<title>Кристи Агата. Убийство по алфавиту</title>
</book>
<book>
	<filename>kristi_agata/kristi_agata_ubiistvo_rodzhera_yekroida.fb2.zip</filename>
	<title>Кристи Агата. Убийство Роджера Экройда</title>
</book>
<book>
	<filename>kristi_agata/kristi_agata_ubiistvo_v_dome_vikariya.fb2.zip</filename>
	<title>Кристи Агата. Убийство в доме викария</title>
</book>
<book>
	<filename>kristi_agata/kristi_agata_ubiistvo_v_karetnom_ryadu.fb2.zip</filename>
	<title>Кристи Агата. Убийство в Каретном ряду</title>
</book>
<book>
	<filename>kristi_agata/kristi_agata_ubiistvo_v_mesopotamii.fb2.zip</filename>
	<title>Кристи Агата. Убийство в Месопотамии</title>
</book>
<book>
	<filename>kristi_agata/kristi_agata_ubiistvo_v_prohodnom_dvore.fb2.zip</filename>
	<title>Кристи Агата. Убийство в проходном дворе</title>
</book>
<book>
	<filename>kristi_agata/kristi_agata_ubiistvo_v_vostochnom_yekspresse.fb2.zip</filename>
	<title>Кристи Агата. Убийство в Восточном экспрессе</title>
</book>
<book>
	<filename>kristi_agata/kristi_agata_u_mertveca_byli_belye_zuby.fb2.zip</filename>
	<title>Кристи Агата. У мертвеца были белые зубы</title>
</book>
<book>
	<filename>kristi_agata/kristi_agata_umirat_legko.fb2.zip</filename>
	<title>Кристи Агата. Умирать легко</title>
</book>
<book>
	<filename>kristi_agata/kristi_agata_v_1650_ot_paddingtona.fb2.zip</filename>
	<title>Кристи Агата. В 16.50 от Паддингтона</title>
</book>
<book>
	<filename>kristi_agata/kristi_agata_vecherinka_v_hyellouin.fb2.zip</filename>
	<title>Кристи Агата. Вечеринка в Хэллоуин</title>
</book>
<book>
	<filename>kristi_agata/kristi_agata_villa_belyi_kon.fb2.zip</filename>
	<title>Кристи Агата. Вилла “Белый конь”</title>
</book>
<book>
	<filename>kristi_agata/kristi_agata_vrata_sudby.fb2.zip</filename>
	<title>Кристи Агата. Врата судьбы</title>
</book>
<book>
	<filename>kristi_agata/kristi_agata_zagadka_sittaforda.fb2.zip</filename>
	<title>Кристи Агата. Загадка Ситтафорда</title>
</book>
<book>
	<filename>kristi_agata/kristi_agata_zagadka_yendhauza.fb2.zip</filename>
	<title>Кристи Агата. Загадка Эндхауза</title>
</book>
<book>
	<filename>kristi_agata/kristi_agata_zanaves.fb2.zip</filename>
	<title>Кристи Агата. Занавес</title>
</book>
<book>
	<filename>kristi_agata/kristi_agata_zerkalo_tresnulo.fb2.zip</filename>
	<title>Кристи Агата. Зеркало треснуло</title>
</book>
<book>
	<filename>kristi_agata/kristi_agata_zlo_pod_solncem.fb2.zip</filename>
	<title>Кристи Агата. Зло под солнцем</title>
</book>


</books>