﻿<?xml version="1.0" encoding="UTF-8" ?>
<books>

<book>
	<filename>kassirova_elena/kassirova_elena_kremlevskii_fantomas.fb2.zip</filename>
	<title>Кассирова Елена. Кремлевский фантомас</title>
</book>
<book>
	<filename>kassirova_elena/kassirova_elena_pirozhok_s_chelovechinoi.fb2.zip</filename>
	<title>Кассирова Елена. Пирожок с человечиной</title>
</book>
<book>
	<filename>kassler_klaiv/kassler_klaiv_aisberg.fb2.zip</filename>
	<title>Касслер Клайв. Айсберг</title>
</book>
<book>
	<filename>kassler_klaiv/kassler_klaiv_atlantida.fb2.zip</filename>
	<title>Касслер Клайв. Атлантида</title>
</book>
<book>
	<filename>kassler_klaiv/kassler_klaiv_drakon.fb2.zip</filename>
	<title>Касслер Клайв. Дракон</title>
</book>
<book>
	<filename>kassler_klaiv/kassler_klaiv_na_grani_potopa.fb2.zip</filename>
	<title>Касслер Клайв. На грани потопа</title>
</book>
<book>
	<filename>kassler_klaiv/kassler_klaiv_podnyat_titanik.fb2.zip</filename>
	<title>Касслер Клайв. Поднять Титаник!</title>
</book>
<book>
	<filename>kassler_klaiv/kassler_klaiv_sahara.fb2.zip</filename>
	<title>Касслер Клайв. Сахара</title>
</book>
<book>
	<filename>kassler_klaiv/kassler_klaiv_sokrovishe.fb2.zip</filename>
	<title>Касслер Клайв. Сокровище</title>
</book>
<book>
	<filename>kassler_klaiv/kassler_klaiv_sredizemnomorskii_pirat.fb2.zip</filename>
	<title>Касслер Клайв. Средиземноморский пират</title>
</book>
<book>
	<filename>kassler_klaiv/kassler_klaiv_troyanskaya_odisseya.fb2.zip</filename>
	<title>Касслер Клайв. Троянская одиссея</title>
</book>
<book>
	<filename>kassler_klaiv/kassler_klaiv_v_poiskah_valgally.fb2.zip</filename>
	<title>Касслер Клайв. В поисках Валгаллы</title>
</book>
<book>
	<filename>kassler_klaiv/kassler_klaiv_zmei.fb2.zip</filename>
	<title>Касслер Клайв. Змей</title>
</book>
<book>
	<filename>kassler_klaiv/kassler_klaiv_zoloto_inkov.fb2.zip</filename>
	<title>Касслер Клайв. Золото инков</title>
</book>
<book>
	<filename>kastaneda_karlos/kastaneda_karlos_aktivnaya_storona_beckonechnocti.fb2.zip</filename>
	<title>Кастанеда Карлос. Активная сторона беcкoнечнocти</title>
</book>
<book>
	<filename>kastaneda_karlos/kastaneda_karlos_dar_orla.fb2.zip</filename>
	<title>Кастанеда Карлос. Дар Орла</title>
</book>
<book>
	<filename>kastaneda_karlos/kastaneda_karlos_iskusstvo_snovideniya.fb2.zip</filename>
	<title>Кастанеда Карлос. Искусство Сновидения</title>
</book>
<book>
	<filename>kastaneda_karlos/kastaneda_karlos_iskusstvo_snovideniya_perevod_i_staryh_i_dr.fb2.zip</filename>
	<title>Кастанеда Карлос. Искусство Сновидения (перевод И. Старых и др.)</title>
</book>
<book>
	<filename>kastaneda_karlos/kastaneda_karlos_koleso_vremeni.fb2.zip</filename>
	<title>Кастанеда Карлос. Колесо времени</title>
</book>
<book>
	<filename>kastaneda_karlos/kastaneda_karlos_magicheskie_passy_prakticheskaya_mudrost_shamanov_drevnei_meksiki.fb2.zip</filename>
	<title>Кастанеда Карлос. Магические пассы — Практическая мудрость шаманов древней Мексики</title>
</book>
<book>
	<filename>kastaneda_karlos/kastaneda_karlos_ogon_iznutri.fb2.zip</filename>
	<title>Кастанеда Карлос. Огонь изнутри</title>
</book>
<book>
	<filename>kastaneda_karlos/kastaneda_karlos_osobaya_realnost.fb2.zip</filename>
	<title>Кастанеда Карлос. Особая реальность</title>
</book>
<book>
	<filename>kastaneda_karlos/kastaneda_karlos_puteshestvie_v_ikstlan.fb2.zip</filename>
	<title>Кастанеда Карлос. Путешествие в Икстлан</title>
</book>
<book>
	<filename>kastaneda_karlos/kastaneda_karlos_sila_bezmolviya.fb2.zip</filename>
	<title>Кастанеда Карлос. Сила безмолвия</title>
</book>
<book>
	<filename>kastaneda_karlos/kastaneda_karlos_skazka_o_sile.fb2.zip</filename>
	<title>Кастанеда Карлос. Сказка о силе</title>
</book>
<book>
	<filename>kastaneda_karlos/kastaneda_karlos_uchenie_dona_huana_perevod_ostanina_i_pahomova.fb2.zip</filename>
	<title>Кастанеда Карлос. Учение дона Хуана (перевод Останина и Пахомова)</title>
</book>
<book>
	<filename>kastaneda_karlos/kastaneda_karlos_ucheniya_dona_huana_znanie_indeicev_yaki.fb2.zip</filename>
	<title>Кастанеда Карлос Сезар Арана Сальвадор. Учения дона Хуана: Знание индейцев Яки</title>
</book>
<book>
	<filename>kastaneda_karlos/kastaneda_karlos_vtoroe_kolco_sily.fb2.zip</filename>
	<title>Кастанеда Карлос. Второе кольцо силы</title>
</book>
<book>
	<filename>kastell_daianna/kastell_daianna_zapretnye_zhelaniya.fb2.zip</filename>
	<title>Кастелл Дайанна. Запретные желания</title>
</book>
<book>
	<filename>kast_kristin/kast_kristin_mechenaya.fb2.zip</filename>
	<title>Каст Кристин. Меченая</title>
</book>
<book>
	<filename>kastner_ijorg/kastner_ijorg_v_teni_notrdama.fb2.zip</filename>
	<title>Кастнер Йорг. В тени Нотр-Дама</title>
</book>
<book>
	<filename>kastner_iorg/kastner_iorg_v_teni_notrdama.fb2.zip</filename>
	<title>Кастнер Йорг. В тени Нотр-Дама</title>
</book>
<book>
	<filename>kasyanov_tadeush/kasyanov_tadeush_nastavlenie_po_metaniyu_nozhei.fb2.zip</filename>
	<title>Касьянов Тадеуш Рафаилович. Наставление по метанию ножей</title>
</book>
<book>
	<filename>kataev_valentin/kataev_valentin_almaznyi_moi_venec.fb2.zip</filename>
	<title>Катаев Валентин Петрович. Алмазный мой венец</title>
</book>
<book>
	<filename>kataev_valentin/kataev_valentin_beremennyi_muzhchina.fb2.zip</filename>
	<title>Катаев Валентин Петрович. Беременный мужчина</title>
</book>
<book>
	<filename>kataev_valentin/kataev_valentin_borodatyi_malyutka.fb2.zip</filename>
	<title>Катаев Валентин Петрович. Бородатый малютка</title>
</book>
<book>
	<filename>kataev_valentin/kataev_valentin_chudo_kooperacii.fb2.zip</filename>
	<title>Катаев Валентин Петрович. Чудо кооперации</title>
</book>
<book>
	<filename>kataev_valentin/kataev_valentin_cvetiksemicvetik.fb2.zip</filename>
	<title>Катаев Валентин Петрович. Цветик-семицветик</title>
</book>
<book>
	<filename>kataev_valentin/kataev_valentin_dva_gusara.fb2.zip</filename>
	<title>Катаев Валентин Петрович. Два гусара</title>
</book>
<book>
	<filename>kataev_valentin/kataev_valentin_emelyan_chernozemnyi.fb2.zip</filename>
	<title>Катаев Валентин Петрович. Емельян Черноземный</title>
</book>
<book>
	<filename>kataev_valentin/kataev_valentin_ignatii_pudelyakin.fb2.zip</filename>
	<title>Катаев Валентин Петрович. Игнатий Пуделякин</title>
</book>
<book>
	<filename>kataev_valentin/kataev_valentin_iskusstvo_oproverzhenii.fb2.zip</filename>
	<title>Катаев Валентин Петрович. Искусство опровержений</title>
</book>
<book>
	<filename>kataev_valentin/kataev_valentin_kozel_v_ogorode.fb2.zip</filename>
	<title>Катаев Валентин Петрович. Козел в огороде</title>
</book>
<book>
	<filename>kataev_valentin/kataev_valentin_kubik.fb2.zip</filename>
	<title>Катаев Валентин Петрович. Кубик</title>
</book>
<book>
	<filename>kataev_valentin/kataev_valentin_lunnaya_sonata.fb2.zip</filename>
	<title>Катаев Валентин Петрович. Лунная соната</title>
</book>
<book>
	<filename>kataev_valentin/kataev_valentin_nashi_za_granicei.fb2.zip</filename>
	<title>Катаев Валентин Петрович. Наши за границей</title>
</book>
<book>
	<filename>kataev_valentin/kataev_valentin_oboyudnyi_starichok.fb2.zip</filename>
	<title>Катаев Валентин Петрович. Обоюдный старичок</title>
</book>
<book>
	<filename>kataev_valentin/kataev_valentin_o_dolgom_yashike.fb2.zip</filename>
	<title>Катаев Валентин Петрович. О долгом ящике</title>
</book>
<book>
	<filename>kataev_valentin/kataev_valentin_pochti_dnevnik.fb2.zip</filename>
	<title>Катаев Валентин Петрович. Почти дневник</title>
</book>
<book>
	<filename>kataev_valentin/kataev_valentin_pohvala_gluposti.fb2.zip</filename>
	<title>Катаев Валентин Петрович. Похвала глупости</title>
</book>
<book>
	<filename>kataev_valentin/kataev_valentin_rastratchiki.fb2.zip</filename>
	<title>Катаев Валентин Петрович. Растратчики</title>
</book>
<book>
	<filename>kataev_valentin/kataev_valentin_razbitaya_zhizn_ili_volshebnyi_rog_oberona.fb2.zip</filename>
	<title>Катаев Валентин Петрович. Разбитая жизнь, или Волшебный рог Оберона</title>
</book>
<book>
	<filename>kataev_valentin/kataev_valentin_spyashii.fb2.zip</filename>
	<title>Катаев Валентин Петрович. Спящий</title>
</book>
<book>
	<filename>kataev_valentin/kataev_valentin_suhoi_liman.fb2.zip</filename>
	<title>Катаев Валентин Петрович. Сухой лиман</title>
</book>
<book>
	<filename>kataev_valentin/kataev_valentin_svyatoi_kolodec.fb2.zip</filename>
	<title>Катаев Валентин Петрович. Святой колодец</title>
</book>
<book>
	<filename>kataev_valentin/kataev_valentin_syn_polka.fb2.zip</filename>
	<title>Катаев Валентин Петрович. Сын полка</title>
</book>
<book>
	<filename>kataev_valentin/kataev_valentin_trava_zabvenya.fb2.zip</filename>
	<title>Катаев Валентин Петрович. Трава забвенья</title>
</book>
<book>
	<filename>kataev_valentin/kataev_valentin_tyazhelaya_cifromaniya.fb2.zip</filename>
	<title>Катаев Валентин Петрович. Тяжелая цифромания</title>
</book>
<book>
	<filename>kataev_valentin/kataev_valentin_vyderzhal.fb2.zip</filename>
	<title>Катаев Валентин Петрович. Выдержал</title>
</book>
<book>
	<filename>kataev_valentin/kataev_valentin_yunosheskii_roman.fb2.zip</filename>
	<title>Катаев Валентин Петрович. Юношеский роман</title>
</book>
<book>
	<filename>katania_yenco/katania_yenco_andrei_shevchenko_dyavol_s_vostoka.fb2.zip</filename>
	<title>Катаниа Энцо. Андрей Шевченко – «дьявол» с Востока</title>
</book>
<book>
	<filename>katerinichev_petr/katerinichev_petr_bankir.fb2.zip</filename>
	<title>Катериничев Петр. Банкир</title>
</book>
<book>
	<filename>katerinichev_petr/katerinichev_petr_beglyi_ogon.fb2.zip</filename>
	<title>Катериничев Петр. Беглый огонь</title>
</book>
<book>
	<filename>katerinichev_petr/katerinichev_petr_igra_tenei.fb2.zip</filename>
	<title>Катериничев Петр. Игра теней</title>
</book>
<book>
	<filename>katerinichev_petr/katerinichev_petr_lyubov_i_doblest.fb2.zip</filename>
	<title>Катериничев Петр. Любовь и доблесть</title>
</book>
<book>
	<filename>katerinichev_petr/katerinichev_petr_ogon_na_porazhenie.fb2.zip</filename>
	<title>Катериничев Петр Владимирович. Огонь на поражение</title>
</book>
<book>
	<filename>katerinichev_petr/katerinichev_petr_ohota_na_medvedya.fb2.zip</filename>
	<title>Катериничев Петр Владимирович. Охота на медведя</title>
</book>
<book>
	<filename>katerinichev_petr/katerinichev_petr_redkaya_ptica.fb2.zip</filename>
	<title>Катериничев Петр Владимирович. Редкая птица</title>
</book>
<book>
	<filename>katerinichev_petr/katerinichev_petr_tropa_barsa.fb2.zip</filename>
	<title>Катериничев Петр Владимирович. Тропа барса</title>
</book>
<book>
	<filename>katerinichev_petr/katerinichev_petr_vremya_barsa.fb2.zip</filename>
	<title>Катериничев Петр Владимирович. Время барса</title>
</book>
<book>
	<filename>katlas_yeduard/katlas_yeduard_chest_tvoego_vraga.fb2.zip</filename>
	<title>Катлас Эдуард. Честь твоего врага</title>
</book>
<book>
	<filename>katlas_yeduard/katlas_yeduard_devyataya_krepost.fb2.zip</filename>
	<title>Катлас Эдуард. Девятая Крепость</title>
</book>
<book>
	<filename>kato_ken/kato_ken_gnev_nebes.fb2.zip</filename>
	<title>Като Кен. Гнев небес</title>
</book>
<book>
	<filename>kato_ken/kato_ken_zvezdnye_samurai.fb2.zip</filename>
	<title>Като Кен. Звездные самураи</title>
</book>
<book>
	<filename>kato_nyensi/kato_nyensi_vse_reki_tekut.fb2.zip</filename>
	<title>Като Нэнси. Все реки текут</title>
</book>
<book>
	<filename>kattner_genri/kattner_genri_a_kak_zhe_eshe.fb2.zip</filename>
	<title>Каттнер Генри. А как же еще</title>
</book>
<book>
	<filename>kattner_genri/kattner_genri_almaznaya_svinka.fb2.zip</filename>
	<title>Каттнер Генри. Алмазная свинка</title>
</book>
<book>
	<filename>kattner_genri/kattner_genri_do_skorogo.fb2.zip</filename>
	<title>Каттнер Генри. До скорого!</title>
</book>
<book>
	<filename>kattner_genri/kattner_genri_dzharel_iz_dzhoiri.fb2.zip</filename>
	<title>Каттнер Генри. Джарел из Джойри</title>
</book>
<book>
	<filename>kattner_genri/kattner_genri_ispolnenie_zhelanii.fb2.zip</filename>
	<title>Каттнер Генри. Исполнение желаний</title>
</book>
<book>
	<filename>kattner_genri/kattner_genri_istochnik_mirov.fb2.zip</filename>
	<title>Каттнер Генри. Источник миров</title>
</book>
<book>
	<filename>kattner_genri/kattner_genri_istorii_o_hogbenah.fb2.zip</filename>
	<title>Каттнер Генри. Истории о Хогбенах</title>
</book>
<book>
	<filename>kattner_genri/kattner_genri_maskirovka.fb2.zip</filename>
	<title>Каттнер Генри. Маскировка</title>
</book>
<book>
	<filename>kattner_genri/kattner_genri_mehanicheskoe_yego.fb2.zip</filename>
	<title>Каттнер Генри. Механическое эго</title>
</book>
<book>
	<filename>kattner_genri/kattner_genri_nazovem_ego_demonom.fb2.zip</filename>
	<title>Каттнер Генри. Назовем его Демоном</title>
</book>
<book>
	<filename>kattner_genri/kattner_genri_os_vremen.fb2.zip</filename>
	<title>Каттнер Генри. Ось времен</title>
</book>
<book>
	<filename>kattner_genri/kattner_genri_pchhihologicheskaya_voina.fb2.zip</filename>
	<title>Каттнер Генри. Пчхи-хологическая война</title>
</book>
<book>
	<filename>kattner_genri/kattner_genri_poslednyaya_citadel_zemli.fb2.zip</filename>
	<title>Каттнер Генри. Последняя цитадель Земли</title>
</book>
<book>
	<filename>kattner_genri/kattner_genri_prohvessor_nakrylsya.fb2.zip</filename>
	<title>Каттнер Генри. Прохвессор накрылся</title>
</book>
<book>
	<filename>kattner_genri/kattner_genri_pyat_rasskazov_o_gyellegere.fb2.zip</filename>
	<title>Каттнер Генри. Пять рассказов о Гэллегере</title>
</book>
<book>
	<filename>kattner_genri/kattner_genri_robotzaznaika.fb2.zip</filename>
	<title>Каттнер Генри. Робот-зазнайка</title>
</book>
<book>
	<filename>kattner_genri/kattner_genri_samaya_bolshaya_lyubov.fb2.zip</filename>
	<title>Каттнер Генри. Самая большая любовь</title>
</book>
<book>
	<filename>kattner_genri/kattner_genri_sim_udostoveryaetsya.fb2.zip</filename>
	<title>Каттнер Генри. Сим удостоверяется…</title>
</book>
<book>
	<filename>kattner_genri/kattner_genri_sploshnye_nepriyatnosti.fb2.zip</filename>
	<title>Каттнер Генри. Сплошные неприятности</title>
</book>
<book>
	<filename>kattner_genri/kattner_genri_sudnaya_noch.fb2.zip</filename>
	<title>Каттнер Генри. Судная ночь</title>
</book>
<book>
	<filename>kattner_genri/kattner_genri_vse_tenali_borogovy.fb2.zip</filename>
	<title>Каттнер Генри. Все тенали бороговы…</title>
</book>
<book>
	<filename>kattner_genri/kattner_genri_zheleznyi_standart.fb2.zip</filename>
	<title>Каттнер Генри. Железный стандарт</title>
</book>
<book>
	<filename>kattner_genri/kattner_genri_zhilishnyi_vopros.fb2.zip</filename>
	<title>Каттнер Генри. Жилищный вопрос</title>
</book>
<book>
	<filename>katunin_vasilii/katunin_vasilii_vozvrashenie_ostapa_krymova.fb2.zip</filename>
	<title>Катунин Василий. Возвращение Остапа Крымова</title>
</book>
<book>
	<filename>kauffman_donna/kauffman_donna_randevu_v_lifte.fb2.zip</filename>
	<title>Кауффман Донна. Рандеву в лифте</title>
</book>
<book>
	<filename>kauffman_donna/kauffman_donna_skazki_serogo_volka.fb2.zip</filename>
	<title>Кауффман Донна. Сказки серого волка</title>
</book>
<book>
	<filename>kaufman_bel/kaufman_bel_vverh_po_lestnice_vedushei_vniz.fb2.zip</filename>
	<title>Кауфман Бел. Вверх по лестнице, ведущей вниз</title>
</book>
<book>
	<filename>kaufman_donna/kaufman_donna_angel_iz_preispodnei.fb2.zip</filename>
	<title>Кауфман Донна. Ангел из преисподней</title>
</book>
<book>
	<filename>kaufman_donna/kaufman_donna_burya_v_rayu.fb2.zip</filename>
	<title>Кауфман Донна. Буря в раю</title>
</book>
<book>
	<filename>kaufman_donna/kaufman_donna_dorogoi_prekrasnyi_princ.fb2.zip</filename>
	<title>Кауфман Донна. «Дорогой Прекрасный Принц...»</title>
</book>
<book>
	<filename>kaufman_donna/kaufman_donna_poprobui_dogoni.fb2.zip</filename>
	<title>Кауфман Донна. Попробуй догони</title>
</book>
<book>
	<filename>kaufman_donna/kaufman_donna_pravila_zolushki.fb2.zip</filename>
	<title>Кауфман Донна. Правила Золушки</title>
</book>
<book>
	<filename>kaufman_donna/kaufman_donna_ty_moi_navsegda.fb2.zip</filename>
	<title>Кауфман Донна. Ты мой навсегда!</title>
</book>
<book>
	<filename>kaui_vera/kaui_vera_dyavol_kotorogo_znaesh.fb2.zip</filename>
	<title>Кауи Вера. Дьявол, которого знаешь</title>
</book>
<book>
	<filename>kaui_vera/kaui_vera_luchshii_drug_devushki.fb2.zip</filename>
	<title>Кауи Вера. Лучший друг девушки</title>
</book>
<book>
	<filename>kaui_vera/kaui_vera_lyubit_i_pomnit_demony_proshlogo.fb2.zip</filename>
	<title>Кауи Вера. Любить и помнить [Демоны прошлого]</title>
</book>
<book>
	<filename>kaui_vera/kaui_vera_magiya_greha_dvoinaya_zhizn.fb2.zip</filename>
	<title>Кауи Вера. Магия греха [Двойная жизнь]</title>
</book>
<book>
	<filename>kaui_vera/kaui_vera_naidi_menya.fb2.zip</filename>
	<title>Кауи Вера. Найди меня</title>
</book>
<book>
	<filename>kaui_vera/kaui_vera_naslednicy.fb2.zip</filename>
	<title>Кауи Вера. Наследницы</title>
</book>
<book>
	<filename>kaui_vera/kaui_vera_neotrazimaya.fb2.zip</filename>
	<title>Кауи Вера. Неотразимая</title>
</book>
<book>
	<filename>kaui_vera/kaui_vera_porok_i_dobrodetel_zvonok_iz_preispodnei.fb2.zip</filename>
	<title>Кауи Вера. Порок и добродетель (Звонок из преисподней)</title>
</book>
<book>
	<filename>kaui_vera/kaui_vera_roman_dlinoyu_v_leto_tem_letom_v_ispanii.fb2.zip</filename>
	<title>Кауи Вера. Роман длиною в лето [Тем летом в Испании]</title>
</book>
<book>
	<filename>kaui_vera/kaui_vera_takaya_kak_est_zapah_zhenshiny.fb2.zip</filename>
	<title>Кауи Вера. Такая как есть [Запах женщины]</title>
</book>
<book>
	<filename>kaui_vera/kaui_vera_ty_v_moei_vlasti.fb2.zip</filename>
	<title>Кауи Вера. Ты в моей власти</title>
</book>
<book>
	<filename>kaui_vera/kaui_vera_zapretnyi_plod.fb2.zip</filename>
	<title>Кауи Вера. Запретный плод</title>
</book>
<book>
	<filename>kaunt_dzhon/kaunt_dzhon_organizui_sebya.fb2.zip</filename>
	<title>Каунт Джон. Организуй себя</title>
</book>
<book>
	<filename>kavabata_yasunari/kavabata_yasunari_arigato.fb2.zip</filename>
	<title>Кавабата Ясунари. Аригато</title>
</book>
<book>
	<filename>kavabata_yasunari/kavabata_yasunari_cikada_i_sverchok.fb2.zip</filename>
	<title>Кавабата Ясунари. Цикада и сверчок</title>
</book>
<book>
	<filename>kavabata_yasunari/kavabata_yasunari_golos_bambuka_cvetok_persika.fb2.zip</filename>
	<title>Кавабата Ясунари. Голос бамбука, цветок персика</title>
</book>
<book>
	<filename>kavabata_yasunari/kavabata_yasunari_kameliya.fb2.zip</filename>
	<title>Кавабата Ясунари. Камелия</title>
</book>
<book>
	<filename>kavabata_yasunari/kavabata_yasunari_korabliki.fb2.zip</filename>
	<title>Кавабата Ясунари. Кораблики</title>
</book>
<book>
	<filename>kavabata_yasunari/kavabata_yasunari_krasotoi_yaponii_rozhdennyi.fb2.zip</filename>
	<title>Кавабата Ясунари. Красотой Японии рожденный</title>
</book>
<book>
	<filename>kavabata_yasunari/kavabata_yasunari_molitva_devstvennic.fb2.zip</filename>
	<title>Кавабата Ясунари. Молитва девственниц</title>
</book>
<book>
	<filename>kavabata_yasunari/kavabata_yasunari_muzhchina_kotoryi_ne_smeetsya.fb2.zip</filename>
	<title>Кавабата Ясунари. Мужчина, который не смеется</title>
</book>
<book>
	<filename>kavabata_yasunari/kavabata_yasunari_myeidzin.fb2.zip</filename>
	<title>Кавабата Ясунари. Мэйдзин</title>
</book>
<book>
	<filename>kavabata_yasunari/kavabata_yasunari_otrazhennaya_luna.fb2.zip</filename>
	<title>Кавабата Ясунари. Отраженная луна</title>
</book>
<book>
	<filename>kavabata_yasunari/kavabata_yasunari_pesn_ob_italii.fb2.zip</filename>
	<title>Кавабата Ясунари. Песнь об Италии</title>
</book>
<book>
	<filename>kavabata_yasunari/kavabata_yasunari_priroda.fb2.zip</filename>
	<title>Кавабата Ясунари. Природа</title>
</book>
<book>
	<filename>kavabata_yasunari/kavabata_yasunari_serdce.fb2.zip</filename>
	<title>Кавабата Ясунари. Сердце</title>
</book>
<book>
	<filename>kavabata_yasunari/kavabata_yasunari_sluchai_s_mertvym_licom.fb2.zip</filename>
	<title>Кавабата Ясунари. Случай с мертвым лицом</title>
</book>
<book>
	<filename>kavabata_yasunari/kavabata_yasunari_snezhnaya_strana.fb2.zip</filename>
	<title>Кавабата Ясунари. Снежная страна</title>
</book>
<book>
	<filename>kavabata_yasunari/kavabata_yasunari_spyashie_krasavicy.fb2.zip</filename>
	<title>Кавабата Ясунари. Спящие красавицы</title>
</book>
<book>
	<filename>kavabata_yasunari/kavabata_yasunari_staraya_stolica.fb2.zip</filename>
	<title>Кавабата Ясунари. Старая столица</title>
</book>
<book>
	<filename>kavabata_yasunari/kavabata_yasunari_ston_gory.fb2.zip</filename>
	<title>Кавабата Ясунари. Стон горы</title>
</book>
<book>
	<filename>kavabata_yasunari/kavabata_yasunari_tancovshica_iz_idzu.fb2.zip</filename>
	<title>Кавабата Ясунари. Танцовщица из Идзу</title>
</book>
<book>
	<filename>kavabata_yasunari/kavabata_yasunari_tysyachekrylyi_zhuravl.fb2.zip</filename>
	<title>Кавабата Ясунари. Тысячекрылый журавль</title>
</book>
<book>
	<filename>kavabata_yasunari/kavabata_yasunari_yelegiya.fb2.zip</filename>
	<title>Кавабата Ясунари. Элегия</title>
</book>
<book>
	<filename>kavaguti_itiro/kavaguti_itiro_dom_26.fb2.zip</filename>
	<title>Кавагути Итиро. Дом № 26</title>
</book>
<book>
	<filename>kavalec_yulian/kavalec_yulian_k_zemle_pripisannyi.fb2.zip</filename>
	<title>Кавалец Юлиан. К земле приписанный</title>
</book>
<book>
	<filename>kavano_debbi/kavano_debbi_lyubov_po_sosedstvu.fb2.zip</filename>
	<title>Кавано Дебби. Любовь по соседству</title>
</book>
<book>
	<filename>kavelos_dzhin/kavelos_dzhin_zakat_tehnomagov_otbrasyvaya_teni.fb2.zip</filename>
	<title>Кавелос Джин. Закат Техномагов: Отбрасывая Тени</title>
</book>
<book>
	<filename>kavelos_dzhin/kavelos_dzhin_zakat_tehnomagov_vzyvaya_k_svetu.fb2.zip</filename>
	<title>Кавелос Джин. Закат Техномагов: Взывая к Свету</title>
</book>
<book>
	<filename>kaverina_lyubov/kaverina_lyubov_on_stroit_ona_stroit_ya_stroyu.fb2.zip</filename>
	<title>Каверина Любовь. Он строит, она строит, я строю</title>
</book>
<book>
	<filename>kaverin_veniamin/kaverin_veniamin_dva_kapitana.fb2.zip</filename>
	<title>Каверин Вениамин Александрович. Два капитана</title>
</book>
<book>
	<filename>kaverin_veniamin/kaverin_veniamin_otkrytaya_kniga.fb2.zip</filename>
	<title>Каверин Вениамин Александрович. Открытая книга</title>
</book>
<book>
	<filename>kazakevich_maksim/kazakevich_maksim_krylya_dushi.fb2.zip</filename>
	<title>Казакевич Максим Васильевич. Крылья души</title>
</book>
<book>
	<filename>kazakevich_yemmanuil/kazakevich_yemmanuil_dvoe_v_stepi.fb2.zip</filename>
	<title>Казакевич Эммануил Генрихович. Двое в степи</title>
</book>
<book>
	<filename>kazakevich_yemmanuil/kazakevich_yemmanuil_sinyaya_tetrad.fb2.zip</filename>
	<title>Казакевич Эммануил Генрихович. Синяя тетрадь</title>
</book>
<book>
	<filename>kazakevich_yemmanuil/kazakevich_yemmanuil_zvezda.fb2.zip</filename>
	<title>Казакевич Эммануил Генрихович. Звезда</title>
</book>
<book>
	<filename>kazakov_dmitrii/kazakov_dmitrii_gryaznaya_magiya.fb2.zip</filename>
	<title>Казаков Дмитрий. Грязная магия</title>
</book>
<book>
	<filename>kazakov_dmitrii/kazakov_dmitrii_istrebitel_magov.fb2.zip</filename>
	<title>Казаков Дмитрий. Истребитель магов</title>
</book>
<book>
	<filename>kazakov_dmitrii/kazakov_dmitrii_mag_bez_magii.fb2.zip</filename>
	<title>Казаков Дмитрий. Маг без магии</title>
</book>
<book>
	<filename>kazakov_dmitrii/kazakov_dmitrii_mera_haosa.fb2.zip</filename>
	<title>Казаков Дмитрий. Мера Хаоса</title>
</book>
<book>
	<filename>kazakov_dmitrii/kazakov_dmitrii_noch_sudby.fb2.zip</filename>
	<title>Казаков Дмитрий. Ночь судьбы</title>
</book>
<book>
	<filename>kazakov_dmitrii/kazakov_dmitrii_poslednii_put.fb2.zip</filename>
	<title>Казаков Дмитрий. Последний путь</title>
</book>
<book>
	<filename>kazakov_dmitrii/kazakov_dmitrii_solnce_cveta_krovi.fb2.zip</filename>
	<title>Казаков Дмитрий. Солнце цвета крови</title>
</book>
<book>
	<filename>kazakov_dmitrii/kazakov_dmitrii_solnce_cveta_meda.fb2.zip</filename>
	<title>Казаков Дмитрий. Солнце цвета меда</title>
</book>
<book>
	<filename>kazakov_dmitrii/kazakov_dmitrii_solnce_cveta_stali.fb2.zip</filename>
	<title>Казаков Дмитрий. Солнце цвета стали</title>
</book>
<book>
	<filename>kazakov_dmitrii/kazakov_dmitrii_ukrotiteli_demonov.fb2.zip</filename>
	<title>Казаков Дмитрий. Укротители демонов</title>
</book>
<book>
	<filename>kazakov_dmitrii/kazakov_dmitrii_valhalla.fb2.zip</filename>
	<title>Казаков Дмитрий. Вальхалла</title>
</book>
<book>
	<filename>kazakov_dmitrii/kazakov_dmitrii_voina_prizrakov.fb2.zip</filename>
	<title>Казаков Дмитрий. Война призраков</title>
</book>
<book>
	<filename>kazakov_dmitrii/kazakov_dmitrii_vysshaya_rasa.fb2.zip</filename>
	<title>Казаков Дмитрий. Высшая раса</title>
</book>
<book>
	<filename>kazakov_dmitrii/kazakov_dmitrii_ya_mag.fb2.zip</filename>
	<title>Казаков Дмитрий. Я, маг!</title>
</book>
<book>
	<filename>kazakov_yurii/kazakov_yurii_arktur_gonchii_pes.fb2.zip</filename>
	<title>Казаков Юрий Павлович. Арктур – гончий пес</title>
</book>
<book>
	<filename>kazakov_yurii/kazakov_yurii_dvoe_v_dekabre.fb2.zip</filename>
	<title>Казаков Юрий Павлович. Двое в декабре</title>
</book>
<book>
	<filename>kazakov_yurii/kazakov_yurii_svechechka.fb2.zip</filename>
	<title>Казаков Юрий Павлович. Свечечка</title>
</book>
<book>
	<filename>kazakov_yurii/kazakov_yurii_vo_sne_ty_gorko_plakal.fb2.zip</filename>
	<title>Казаков Юрий Павлович. Во сне ты горько плакал</title>
</book>
<book>
	<filename>kazakov_yurii/kazakov_yurii_vo_sne_ty_gorko_plakal_izbrannye_rasskazy.fb2.zip</filename>
	<title>Казаков Юрий Павлович. Во сне ты горько плакал (избранные рассказы)</title>
</book>
<book>
	<filename>kazancev_aleksandr/kazancev_aleksandr_dar_kaissy.fb2.zip</filename>
	<title>Казанцев Александр. Дар Каиссы</title>
</book>
<book>
	<filename>kazancev_aleksandr/kazancev_aleksandr_fayety.fb2.zip</filename>
	<title>Казанцев Александр. Фаэты</title>
</book>
<book>
	<filename>kazancev_aleksandr/kazancev_aleksandr_klokochushaya_pustota.fb2.zip</filename>
	<title>Казанцев Александр. Клокочущая пустота</title>
</book>
<book>
	<filename>kazancev_aleksandr/kazancev_aleksandr_kupol_nadezhdy.fb2.zip</filename>
	<title>Казанцев Александр. Купол надежды</title>
</book>
<book>
	<filename>kazancev_aleksandr/kazancev_aleksandr_ldy_vozvrashayutsya.fb2.zip</filename>
	<title>Казанцев Александр. Льды возвращаются</title>
</book>
<book>
	<filename>kazancev_aleksandr/kazancev_aleksandr_most_druzhby.fb2.zip</filename>
	<title>Казанцев Александр. Мост дружбы</title>
</book>
<book>
	<filename>kazancev_aleksandr/kazancev_aleksandr_podvig_zrelosti.fb2.zip</filename>
	<title>Казанцев Александр. Подвиг зрелости</title>
</book>
<book>
	<filename>kazancev_aleksandr/kazancev_aleksandr_polyarnaya_mechta.fb2.zip</filename>
	<title>Казанцев Александр. Полярная мечта</title>
</book>
<book>
	<filename>kazancev_aleksandr/kazancev_aleksandr_punktir_vospominanii.fb2.zip</filename>
	<title>Казанцев Александр. Пунктир воспоминаний</title>
</book>
<book>
	<filename>kazancev_aleksandr/kazancev_aleksandr_pylayushii_ostrov.fb2.zip</filename>
	<title>Казанцев Александр. Пылающий остров</title>
</book>
<book>
	<filename>kazancev_aleksandr/kazancev_aleksandr_rasskazy.fb2.zip</filename>
	<title>Казанцев Александр. Рассказы</title>
</book>
<book>
	<filename>kazancev_aleksandr/kazancev_aleksandr_silnee_vremeni.fb2.zip</filename>
	<title>Казанцев Александр. Сильнее времени</title>
</book>
<book>
	<filename>kazancev_aleksandr/kazancev_aleksandr_taina_nulya.fb2.zip</filename>
	<title>Казанцев Александр. Тайна нуля</title>
</book>
<book>
	<filename>kazancev_aleksandr/kazancev_aleksandr_vnuki_marsa.fb2.zip</filename>
	<title>Казанцев Александр. Внуки Марса</title>
</book>
<book>
	<filename>kazancev_kirill/kazancev_kirill_poslednee_preduprezhdenie.fb2.zip</filename>
	<title>Казанцев Кирилл. Последнее предупреждение</title>
</book>
<book>
	<filename>kazancev_kirill/kazancev_kirill_shkola_boya.fb2.zip</filename>
	<title>Казанцев Кирилл. Школа боя</title>
</book>
<book>
	<filename>kazancev_kirill/kazancev_kirill_skrytaya_kamera.fb2.zip</filename>
	<title>Казанцев Кирилл. Скрытая камера</title>
</book>
<book>
	<filename>kazancev_kirill/kazancev_kirill_stavok_bolshe_net.fb2.zip</filename>
	<title>Казанцев Кирилл. Ставок больше нет</title>
</book>
<book>
	<filename>kazancev_kirill/kazancev_kirill_vsego_odin_den.fb2.zip</filename>
	<title>Казанцев Кирилл. Всего один день</title>
</book>
<book>
	<filename>kazandzakis_nikos/kazandzakis_nikos_poslednee_iskushenie_hrista.fb2.zip</filename>
	<title>Казандзакис Никос. Последнее искушение Христа</title>
</book>
<book>
	<filename>kazanin_mark/kazanin_mark_rubin_yemira_buharskogo.fb2.zip</filename>
	<title>Казанин Марк Исаакович. Рубин эмира бухарского</title>
</book>
<book>
	<filename>kazanova_dzhovanni/kazanova_dzhovanni_istoriya_moei_zhizni.fb2.zip</filename>
	<title>Казанова Джованни. История моей жизни</title>
</book>
<book>
	<filename>kazanskii_v/kazanskii_v_kniga_ob_islandcah_ari_mudrogo_i_istoriya_islandii_ixxii_vv.fb2.zip</filename>
	<title>Казанский В. О. «Книга об исландцах» Ари Мудрого и история Исландии IX–XII вв.</title>
</book>
<book>
	<filename>kegel_gerhard/kegel_gerhard_v_buryah_nashego_veka_zapiski_razvedchikaantifashista.fb2.zip</filename>
	<title>Кегель Герхард. В бурях нашего века. Записки разведчика-антифашиста</title>
</book>
<book>
	<filename>keibbel_dzheims/keibbel_dzheims_serebryanyi_zherebec.fb2.zip</filename>
	<title>Кейббел Джеймс Брэнч. Серебряный жеребец</title>
</book>
<book>
	<filename>keibbel_dzheims/keibbel_dzheims_yurgen.fb2.zip</filename>
	<title>Кейббел Джеймс Брэнч. Юрген</title>
</book>
<book>
	<filename>keibbel_dzheims/keibbel_dzheims_zemlyanye_figury.fb2.zip</filename>
	<title>Кейббел Джеймс Брэнч. Земляные фигуры</title>
</book>
<book>
	<filename>keibell_dzheims/keibell_dzheims_belye_odezhdy.fb2.zip</filename>
	<title>Кейбелл Джеймс Брэнч. Белые одежды</title>
</book>
<book>
	<filename>keibell_dzheims/keibell_dzheims_domnei.fb2.zip</filename>
	<title>Кейбелл Джеймс Брэнч. Domnei</title>
</book>
<book>
	<filename>keibell_dzheims/keibell_dzheims_koechto_o_eve.fb2.zip</filename>
	<title>Кейбелл Джеймс Брэнч. Кое-что о Еве</title>
</book>
<book>
	<filename>keibell_dzheims/keibell_dzheims_muzyka_s_toi_storony_luny.fb2.zip</filename>
	<title>Кейбелл Джеймс Брэнч. Музыка с той стороны Луны</title>
</book>
<book>
	<filename>keibell_dzheims/keibell_dzheims_serebryanyi_zherebec.fb2.zip</filename>
	<title>Кейбелл Джеймс Брэнч. Серебряный жеребец</title>
</book>
<book>
	<filename>keibell_dzheims/keibell_dzheims_tainstvennyi_zamok.fb2.zip</filename>
	<title>Кейбелл Джеймс Брэнч. Таинственный замок</title>
</book>
<book>
	<filename>keibell_dzheims/keibell_dzheims_yurgen.fb2.zip</filename>
	<title>Кейбелл Джеймс Брэнч. Юрген</title>
</book>
<book>
	<filename>keibell_dzheims/keibell_dzheims_zemlyanye_figury.fb2.zip</filename>
	<title>Кейбелл Джеймс Брэнч. Земляные фигуры</title>
</book>
<book>
	<filename>keies_greg/keies_greg_agent_pustoty.fb2.zip</filename>
	<title>Кейес Грег. Агент пустоты</title>
</book>
<book>
	<filename>keies_greg/keies_greg_na_grani_pobedy1_zavoevanie.fb2.zip</filename>
	<title>Кейес Грег. На грани победы-1: Завоевание</title>
</book>
<book>
	<filename>keies_greg/keies_greg_poslednee_prorochestvo.fb2.zip</filename>
	<title>Кейес Грег. Последнее пророчество</title>
</book>
<book>
	<filename>kei_gai/kei_gai_lvy_alrassana.fb2.zip</filename>
	<title>Кей Гай Гэвриел. Львы Аль-Рассана</title>
</book>
<book>
	<filename>kei_gai/kei_gai_poslednii_svet_solnca.fb2.zip</filename>
	<title>Кей Гай Гэвриел. Последний свет Солнца</title>
</book>
<book>
	<filename>kei_gai/kei_gai_povelitel_imperatorov.fb2.zip</filename>
	<title>Кей Гай Гэвриел. Повелитель императоров</title>
</book>
<book>
	<filename>kei_gai/kei_gai_samaya_temnaya_doroga.fb2.zip</filename>
	<title>Кей Гай Гэвриел. Самая темная дорога</title>
</book>
<book>
	<filename>kei_gai/kei_gai_tigana.fb2.zip</filename>
	<title>Кей Гай Гэвриел. Тигана</title>
</book>
<book>
	<filename>kei_gai_gyevriel/kei_gai_gyevriel_bluzhdayushii_ogon.fb2.zip</filename>
	<title>Кей Гай Гэвриел. Блуждающий огонь</title>
</book>
<book>
	<filename>kei_gai_gyevriel/kei_gai_gyevriel_doroga_v_sarantii.fb2.zip</filename>
	<title>Кей Гай Гэвриел. Дорога в Сарантий</title>
</book>
<book>
	<filename>kei_gai_gyevriel/kei_gai_gyevriel_drevo_zhizni.fb2.zip</filename>
	<title>Кей Гай Гэвриел. Древо Жизни</title>
</book>
<book>
	<filename>kei_gai_gyevriel/kei_gai_gyevriel_lvy_alrassana.fb2.zip</filename>
	<title>Кей Гай Гэвриел. Львы Аль-Рассана</title>
</book>
<book>
	<filename>kei_gai_gyevriel/kei_gai_gyevriel_pesn_dlya_arbonny.fb2.zip</filename>
	<title>Кей Гай Гэвриел. Песнь для Арбонны</title>
</book>
<book>
	<filename>kei_gai_gyevriel/kei_gai_gyevriel_poslednii_svet_solnca.fb2.zip</filename>
	<title>Кей Гай Гэвриел. Последний свет Солнца</title>
</book>
<book>
	<filename>kei_gai_gyevriel/kei_gai_gyevriel_povelitel_imperatorov.fb2.zip</filename>
	<title>Кей Гай Гэвриел. Повелитель императоров</title>
</book>
<book>
	<filename>kei_gai_gyevriel/kei_gai_gyevriel_samaya_temnaya_doroga.fb2.zip</filename>
	<title>Кей Гай Гэвриел. Самая темная дорога</title>
</book>
<book>
	<filename>kei_gai_gyevriel/kei_gai_gyevriel_tigana.fb2.zip</filename>
	<title>Кей Гай Гэвриел. Тигана</title>
</book>
<book>
	<filename>keili_yelizabet/keili_yelizabet_nastoyashee_chuvstvo.fb2.zip</filename>
	<title>Кейли Элизабет. Настоящее чувство</title>
</book>
<book>
	<filename>keili_yelizabet/keili_yelizabet_ubegaya_ot_lyubvi.fb2.zip</filename>
	<title>Кейли Элизабет. Убегая от любви</title>
</book>
<book>
	<filename>kei_myendelin/kei_myendelin_bescennaya.fb2.zip</filename>
	<title>Кей Мэнделин. Бесценная</title>
</book>
<book>
	<filename>kein_aleksa/kein_aleksa_kaleidoskop_razvlechenii.fb2.zip</filename>
	<title>Кейн Алекса. Калейдоскоп развлечений</title>
</book>
<book>
	<filename>kein_andrea/kein_andrea_brilliant_v_nasledstvo.fb2.zip</filename>
	<title>Кейн Андреа. Бриллиант в наследство</title>
</book>
<book>
	<filename>kein_andrea/kein_andrea_chernyi_brilliant.fb2.zip</filename>
	<title>Кейн Андреа. Черный бриллиант</title>
</book>
<book>
	<filename>kein_andrea/kein_andrea_izumrudnyi_sad.fb2.zip</filename>
	<title>Кейн Андреа. Изумрудный сад</title>
</book>
<book>
	<filename>kein_andrea/kein_andrea_krazha.fb2.zip</filename>
	<title>Кейн Андреа. Кража</title>
</book>
<book>
	<filename>kein_andrea/kein_andrea_maska_predatelstva.fb2.zip</filename>
	<title>Кейн Андреа. Маска предательства</title>
</book>
<book>
	<filename>kein_andrea/kein_andrea_nezhnaya_i_besstrashnaya.fb2.zip</filename>
	<title>Кейн Андреа. Нежная и бесстрашная</title>
</book>
<book>
	<filename>kein_andrea/kein_andrea_obolstitel.fb2.zip</filename>
	<title>Кейн Андреа. Обольститель</title>
</book>
<book>
	<filename>kein_andrea/kein_andrea_ocharovatelnaya_plutovka.fb2.zip</filename>
	<title>Кейн Андреа. Очаровательная плутовка</title>
</book>
<book>
	<filename>kein_andrea/kein_andrea_poslednii_gercog.fb2.zip</filename>
	<title>Кейн Андреа. Последний герцог</title>
</book>
<book>
	<filename>kein_andrea/kein_andrea_rozhdestvenskii_podarok.fb2.zip</filename>
	<title>Кейн Андреа. Рождественский подарок</title>
</book>
<book>
	<filename>kein_andrea/kein_andrea_samanta.fb2.zip</filename>
	<title>Кейн Андреа. Саманта</title>
</book>
<book>
	<filename>kein_andrea/kein_andrea_sokrovennoe_zhelanie.fb2.zip</filename>
	<title>Кейн Андреа. Сокровенное желание</title>
</book>
<book>
	<filename>kein_andrea/kein_andrea_ya_budu_sledit_za_toboi.fb2.zip</filename>
	<title>Кейн Андреа. Я буду следить за тобой</title>
</book>
<book>
	<filename>kein_andrea/kein_andrea_yeho_v_tumane.fb2.zip</filename>
	<title>Кейн Андреа. Эхо в тумане</title>
</book>
<book>
	<filename>kein_andrea/kein_andrea_zamok_mechty_zamok_grez.fb2.zip</filename>
	<title>Кейн Андреа. Замок мечты [Замок грез]</title>
</book>
<book>
	<filename>kein_dzhefri/kein_dzhefri_nashestvie_nezhiti.fb2.zip</filename>
	<title>Кейн Джефри. Нашествие нежити</title>
</book>
<book>
	<filename>kein_dzheims/kein_dzheims_babochka.fb2.zip</filename>
	<title>Кейн Джеймс. Бабочка</title>
</book>
<book>
	<filename>kein_dzheims/kein_dzheims_dvoinaya_strahovka.fb2.zip</filename>
	<title>Кейн Джеймс. Двойная страховка</title>
</book>
<book>
	<filename>kein_dzheims/kein_dzheims_pochtalon_vsegda_zvonit_dvazhdy.fb2.zip</filename>
	<title>Кейн Джеймс. Почтальон всегда звонит дважды</title>
</book>
<book>
	<filename>kein_dzheims/kein_dzheims_rastratchik.fb2.zip</filename>
	<title>Кейн Джеймс. Растратчик</title>
</book>
<book>
	<filename>kein_dzheims/kein_dzheims_serenada.fb2.zip</filename>
	<title>Кейн Джеймс. Серенада</title>
</book>
<book>
	<filename>kein_kyetlin/kein_kyetlin_vozvrashenie_tyevisa_dina.fb2.zip</filename>
	<title>Кейн Кэтлин. Возвращение Тэвиса Дина</title>
</book>
<book>
	<filename>kein_ryeichel/kein_ryeichel_faktor_holoda.fb2.zip</filename>
	<title>Кейн Рэйчел. Фактор холода</title>
</book>
<book>
	<filename>kein_ryeichel/kein_ryeichel_solnechnyi_udar.fb2.zip</filename>
	<title>Кейн Рэйчел. Солнечный удар</title>
</book>
<book>
	<filename>kein_ryeichel/kein_ryeichel_zloi_veter.fb2.zip</filename>
	<title>Кейн Рэйчел. Злой ветер</title>
</book>
<book>
	<filename>kei_patriciya/kei_patriciya_chuzhoi_rebenok.fb2.zip</filename>
	<title>Кей Патриция. Чужой ребенок</title>
</book>
<book>
	<filename>kei_patriciya/kei_patriciya_radosti_lyubvi.fb2.zip</filename>
	<title>Кей Патриция. Радости Любви</title>
</book>
<book>
	<filename>keisen_syuzanna/keisen_syuzanna_prervannaya_zhizn.fb2.zip</filename>
	<title>Кейсен Сюзанна. Прерванная жизнь</title>
</book>
<book>
	<filename>keis_mariann/keis_mariann_angely.fb2.zip</filename>
	<title>Кейс Марианн. Ангелы</title>
</book>
<book>
	<filename>keis_mariann/keis_mariann_kanikuly_reichel.fb2.zip</filename>
	<title>Кейс Марианн. Каникулы Рейчел</title>
</book>
<book>
	<filename>keits_kimberli/keits_kimberli_angel_gabrielya.fb2.zip</filename>
	<title>Кейтс Кимберли. Ангел Габриеля</title>
</book>
<book>
	<filename>keits_kimberli/keits_kimberli_prekrasnaya_liliya.fb2.zip</filename>
	<title>Кейтс Кимберли. Прекрасная лилия</title>
</book>
<book>
	<filename>keits_kimberli/keits_kimberli_ukradennye_nebesa.fb2.zip</filename>
	<title>Кейтс Кимберли. Украденные небеса</title>
</book>
<book>
	<filename>keits_kimberli/keits_kimberli_utrennyaya_pesnya.fb2.zip</filename>
	<title>Кейтс Кимберли. Утренняя песня</title>
</book>


</books>
