﻿<?xml version="1.0" encoding="UTF-8" ?>
<books>

<book>
	<filename>kenni_shon/kenni_shon_kapkan_pamyati.fb2.zip</filename>
	<title>Кенни Шон. Капкан памяти</title>
</book>
<book>
	<filename>kenon_sherrilin/kenon_sherrilin_lyubovnik_iz_fantazii.fb2.zip</filename>
	<title>Кеньон Шеррилин. Любовник из фантазий</title>
</book>
<book>
	<filename>keno_reimon/keno_reimon_odil.fb2.zip</filename>
	<title>Кено Реймон. Одиль</title>
</book>
<book>
	<filename>kent_dzhek/kent_dzhek_freddi_kryuger_i_zheleznaya_ledi.fb2.zip</filename>
	<title>Кент Джек. Фредди Крюгер и Железная Леди</title>
</book>
<book>
	<filename>kent_pamela/kent_pamela_shans_gideona.fb2.zip</filename>
	<title>Кент Памела. Шанс Гидеона</title>
</book>
<book>
	<filename>kent_pamela/kent_pamela_vlyublennye_vragi.fb2.zip</filename>
	<title>Кент Памела. Влюбленные враги</title>
</book>
<book>
	<filename>kenyelli_tomas/kenyelli_tomas_spisok_shindlera.fb2.zip</filename>
	<title>Кенэлли Томас. Список Шиндлера</title>
</book>
<book>
	<filename>keppen_volfgang/keppen_volfgang_golubi_v_trave.fb2.zip</filename>
	<title>Кеппен Вольфганг. Голуби в траве</title>
</book>
<book>
	<filename>keppen_volfgang/keppen_volfgang_smert_v_rime.fb2.zip</filename>
	<title>Кеппен Вольфганг. Смерть в Риме</title>
</book>
<book>
	<filename>keppen_volfgang/keppen_volfgang_teplica.fb2.zip</filename>
	<title>Кеппен Вольфганг. Теплица</title>
</book>
<book>
	<filename>kerber_leonid/kerber_leonid_tupolevskaya_sharaga.fb2.zip</filename>
	<title>Кербер Леонид Львович. Туполевская шарага</title>
</book>
<book>
	<filename>kerenskii_aleksandr/kerenskii_aleksandr_gatchina.fb2.zip</filename>
	<title>Керенский Александр Фёдорович. Гатчина</title>
</book>
<book>
	<filename>kerk_sindi/kerk_sindi_noch_lyubvi.fb2.zip</filename>
	<title>Керк Синди. Ночь любви</title>
</book>
<book>
	<filename>kerk_sintiya/kerk_sintiya_ledi_i_lev.fb2.zip</filename>
	<title>Керк Синтия. Леди и лев</title>
</book>
<book>
	<filename>kernbah_viktor/kernbah_viktor_lodka_nad_atlantidoi.fb2.zip</filename>
	<title>Кернбах Виктор. Лодка над Атлантидой</title>
</book>
<book>
	<filename>kernberg_otto/kernberg_otto_otnosheniya_lyubvi_norma_i_patologiya.fb2.zip</filename>
	<title>Кернберг Отто Ф. Отношения любви: Норма и патология</title>
</book>
<book>
	<filename>kernberg_otto/kernberg_otto_tyazhelye_lichnostnye_rasstroistva_strategii_psihoterapii.fb2.zip</filename>
	<title>Кернберг Отто Ф. Тяжелые личностные расстройства: стратегии психотерапии</title>
</book>
<book>
	<filename>kerneic_s/kerneic_s_ijoga_dlya_zapada.fb2.zip</filename>
	<title>Кернейц С. Йога для запада</title>
</book>
<book>
	<filename>kerner_yelizabet/kerner_yelizabet_malyi_drakonii_rod.fb2.zip</filename>
	<title>Кернер Элизабет. Малый драконий род</title>
</book>
<book>
	<filename>kerner_yelizabet/kerner_yelizabet_yeho_drakonih_kryl.fb2.zip</filename>
	<title>Кернер Элизабет. Эхо драконьих крыл</title>
</book>
<book>
	<filename>kerni_pol/kerni_pol_inoe_carstvo.fb2.zip</filename>
	<title>Керни Пол. Иное царство</title>
</book>
<book>
	<filename>kerni_pol/kerni_pol_put_k_vavilonu.fb2.zip</filename>
	<title>Керни Пол. Путь к Вавилону</title>
</book>
<book>
	<filename>kerr_filip/kerr_filip_blednyi_ubiica.fb2.zip</filename>
	<title>Керр Филип. Бледный убийца</title>
</book>
<book>
	<filename>kerr_filip/kerr_filip_martovskie_fialki.fb2.zip</filename>
	<title>Керр Филип. Мартовские фиалки</title>
</book>
<book>
	<filename>kerr_filip/kerr_filip_rekviem_po_germanii.fb2.zip</filename>
	<title>Керр Филип. Реквием по Германии</title>
</book>
<book>
	<filename>kerr_filip/kerr_filip_reshetka.fb2.zip</filename>
	<title>Керр Филип. Решетка</title>
</book>
<book>
	<filename>kerr_filipp/kerr_filipp_blednyi_ubiica.fb2.zip</filename>
	<title>Керр Филипп. Бледный убийца</title>
</book>
<book>
	<filename>kerr_filipp/kerr_filipp_drug_ot_druga.fb2.zip</filename>
	<title>Керр Филипп. Друг от друга</title>
</book>
<book>
	<filename>kerr_filipp/kerr_filipp_martovskie_fialki.fb2.zip</filename>
	<title>Керр Филипп. Мартовские фиалки</title>
</book>
<book>
	<filename>kerr_filipp/kerr_filipp_rekviem_po_germanii.fb2.zip</filename>
	<title>Керр Филипп. Реквием по Германии</title>
</book>
<book>
	<filename>kerr_filipp/kerr_filipp_reshetka.fb2.zip</filename>
	<title>Керр Филипп. Решетка</title>
</book>
<book>
	<filename>kerr_filipp/kerr_filipp_znak_alhimika_zagadka_isaaka_nyutona.fb2.zip</filename>
	<title>Керр Филипп. Знак алхимика. Загадка Исаака Ньютона</title>
</book>
<book>
	<filename>kerri_tomas/kerri_tomas_mezalyans.fb2.zip</filename>
	<title>Керри Томас. Мезальянс</title>
</book>
<book>
	<filename>kerri_tomas/kerri_tomas_teni_proshlogo.fb2.zip</filename>
	<title>Керри Томас. Тени прошлого</title>
</book>
<book>
	<filename>kerr_katarina/kerr_katarina_chary_drakona.fb2.zip</filename>
	<title>Керр Катарина. Чары дракона</title>
</book>
<book>
	<filename>kerr_katarina/kerr_katarina_chary_kinzhala.fb2.zip</filename>
	<title>Керр Катарина. Чары кинжала</title>
</book>
<book>
	<filename>kerr_katarina/kerr_katarina_chary_tmy.fb2.zip</filename>
	<title>Керр Катарина. Чары тьмы</title>
</book>
<book>
	<filename>kerr_katarina/kerr_katarina_chary_zari.fb2.zip</filename>
	<title>Керр Катарина. Чары зари</title>
</book>
<book>
	<filename>kerr_katarina/kerr_katarina_dni_izgnaniya.fb2.zip</filename>
	<title>Керр Катарина. Дни изгнания</title>
</book>
<book>
	<filename>kerr_katarina/kerr_katarina_dni_znamenii.fb2.zip</filename>
	<title>Керр Катарина. Дни знамений</title>
</book>
<book>
	<filename>kersten_linn/kersten_linn_opasnyi_obman.fb2.zip</filename>
	<title>Керстен Линн. Опасный обман</title>
</book>
<book>
	<filename>kertes_imre/kertes_imre_bez_sudby.fb2.zip</filename>
	<title>Кертес Имре. Без судьбы</title>
</book>
<book>
	<filename>kertis_dzhek/kertis_dzhek_slava.fb2.zip</filename>
	<title>Кертис Джек. Слава</title>
</book>
<book>
	<filename>kertis_dzhek/kertis_dzhek_syny_zari.fb2.zip</filename>
	<title>Кертис Джек. Сыны Зари</title>
</book>
<book>
	<filename>kertis_dzhek/kertis_dzhek_voronii_parlament.fb2.zip</filename>
	<title>Кертис Джек. Вороний парламент</title>
</book>
<book>
	<filename>kertis_dzhek/kertis_dzhek_zakoldui_menya.fb2.zip</filename>
	<title>Кертис Джек. Заколдуй меня</title>
</book>
<book>
	<filename>kertis_i_dzhek/kertis_i_dzhek_bandzho.fb2.zip</filename>
	<title>Кертис (I) Джек. Банджо</title>
</book>
<book>
	<filename>kertis_shyeron/kertis_shyeron_vnebrachnyi_rebenok.fb2.zip</filename>
	<title>Кертис Шэрон. Внебрачный ребенок</title>
</book>
<book>
	<filename>kertis_tom/kertis_tom_vnebrachnyi_rebenok.fb2.zip</filename>
	<title>Кертис Том. Внебрачный ребенок</title>
</book>
<book>
	<filename>keruak_dzhek/keruak_dzhek_big_sur.fb2.zip</filename>
	<title>Керуак Джек. Биг Сур</title>
</book>
<book>
	<filename>keruak_dzhek/keruak_dzhek_big_syur.fb2.zip</filename>
	<title>Керуак Джек. Биг Сюр</title>
</book>
<book>
	<filename>keruak_dzhek/keruak_dzhek_brodyagi_dharmy.fb2.zip</filename>
	<title>Керуак Джек. Бродяги Дхармы</title>
</book>
<book>
	<filename>keruak_dzhek/keruak_dzhek_na_doroge.fb2.zip</filename>
	<title>Керуак Джек. На дороге</title>
</book>
<book>
	<filename>kervud_dzheims/kervud_dzheims_brodyagi_severa.fb2.zip</filename>
	<title>Кервуд Джеймс Оливер. Бродяги Севера</title>
</book>
<book>
	<filename>kervud_dzheims/kervud_dzheims_bystraya_molniya.fb2.zip</filename>
	<title>Кервуд Джеймс Оливер. Быстрая Молния</title>
</book>
<book>
	<filename>kervud_dzheims/kervud_dzheims_chernyi_ohotnik.fb2.zip</filename>
	<title>Кервуд Джеймс Оливер. Черный охотник</title>
</book>
<book>
	<filename>kervud_dzheims/kervud_dzheims_devushka_na_skale.fb2.zip</filename>
	<title>Кервуд Джеймс Оливер. Девушка на скале</title>
</book>
<book>
	<filename>kervud_dzheims/kervud_dzheims_dolina_bezmolvnyh_velikanov.fb2.zip</filename>
	<title>Кервуд Джеймс Оливер. Долина Безмолвных Великанов</title>
</book>
<book>
	<filename>kervud_dzheims/kervud_dzheims_filipp_stil.fb2.zip</filename>
	<title>Кервуд Джеймс Оливер. Филипп Стил</title>
</book>
<book>
	<filename>kervud_dzheims/kervud_dzheims_grizli.fb2.zip</filename>
	<title>Кервуд Джеймс Оливер. Гризли</title>
</book>
<book>
	<filename>kervud_dzheims/kervud_dzheims_kazan.fb2.zip</filename>
	<title>Кервуд Джеймс Оливер. Казан</title>
</book>
<book>
	<filename>kervud_dzheims/kervud_dzheims_milost_zakona.fb2.zip</filename>
	<title>Кервуд Джеймс Оливер. Милость закона</title>
</book>
<book>
	<filename>kervud_dzheims/kervud_dzheims_muzhestvo_kapitana_plyuma.fb2.zip</filename>
	<title>Кервуд Джеймс Оливер. Мужество капитана Плюма</title>
</book>
<book>
	<filename>kervud_dzheims/kervud_dzheims_na_ravninah_avraama.fb2.zip</filename>
	<title>Кервуд Джеймс Оливер. На равнинах Авраама</title>
</book>
<book>
	<filename>kervud_dzheims/kervud_dzheims_ohotniki_na_volkov.fb2.zip</filename>
	<title>Кервуд Джеймс Оливер. Охотники на волков</title>
</book>
<book>
	<filename>kervud_dzheims/kervud_dzheims_peter_sent.fb2.zip</filename>
	<title>Кервуд Джеймс Оливер. Петер Сент</title>
</book>
<book>
	<filename>kervud_dzheims/kervud_dzheims_pogonya.fb2.zip</filename>
	<title>Кервуд Джеймс Оливер. Погоня</title>
</book>
<book>
	<filename>kervud_dzheims/kervud_dzheims_pylayushii_les.fb2.zip</filename>
	<title>Кервуд Джеймс Оливер. Пылающий лес</title>
</book>
<book>
	<filename>kervud_dzheims/kervud_dzheims_severnyi_cvetok.fb2.zip</filename>
	<title>Кервуд Джеймс Оливер. Северный цветок</title>
</book>
<book>
	<filename>kervud_dzheims/kervud_dzheims_skovannye_ldom_serdca.fb2.zip</filename>
	<title>Кервуд Джеймс Оливер. Скованные льдом сердца</title>
</book>
<book>
	<filename>kervud_dzheims/kervud_dzheims_spichka.fb2.zip</filename>
	<title>Кервуд Джеймс Оливер. Спичка</title>
</book>
<book>
	<filename>kervud_dzheims/kervud_dzheims_staraya_doroga.fb2.zip</filename>
	<title>Кервуд Джеймс Оливер. Старая дорога</title>
</book>
<book>
	<filename>kervud_dzheims/kervud_dzheims_tam_gde_nachinaetsya_reka.fb2.zip</filename>
	<title>Кервуд Джеймс Оливер. Там, где начинается река</title>
</book>
<book>
	<filename>kervud_dzheims/kervud_dzheims_u_poslednei_granicy.fb2.zip</filename>
	<title>Кервуд Джеймс оливер. У последней границы</title>
</book>
<book>
	<filename>kervud_dzheims/kervud_dzheims_v_debryah_severa.fb2.zip</filename>
	<title>Кервуд Джеймс Оливер. В дебрях Севера</title>
</book>
<book>
	<filename>kervud_dzheims/kervud_dzheims_v_plameni_lesnogo_pozhara.fb2.zip</filename>
	<title>Кервуд Джеймс Оливер. В пламени лесного пожара</title>
</book>
<book>
	<filename>kervud_dzheims/kervud_dzheims_zhena_skripacha.fb2.zip</filename>
	<title>Кервуд Джеймс Оливер. Жена скрипача</title>
</book>
<book>
	<filename>kervud_dzheims/kervud_dzheims_zolotaya_petlya.fb2.zip</filename>
	<title>Кервуд Джеймс Оливер. Золотая петля</title>
</book>
<book>
	<filename>kervud_dzheims/kervud_dzheims_zolotoiskateli.fb2.zip</filename>
	<title>Кервуд Джеймс Оливер. Золотоискатели</title>
</book>
<book>
	<filename>kesariiskii_prokopii/kesariiskii_prokopii_voina_s_gotami_o_postroikah.fb2.zip</filename>
	<title>Кесарийский Прокопий. Война с готами. О постройках</title>
</book>
<book>
	<filename>kesariiskii_prokopii/kesariiskii_prokopii_voina_s_persami_voina_s_vandalami_tainaya_istoriya.fb2.zip</filename>
	<title>Кесарийский Прокопий. Война с персами. Война с вандалами. Тайная история</title>
</book>
<book>
	<filename>kessel_dzhon/kessel_dzhon_pulya_nachinennaya_gumanizmom.fb2.zip</filename>
	<title>Кессел Джон. Пуля, начиненная гуманизмом</title>
</book>
<book>
	<filename>kesselring_albert/kesselring_albert_lyuftvaffe_triumf_i_porazhenie_vospominaniya_feldmarshala_tretego_reiha_19331947.fb2.zip</filename>
	<title>Кессельринг Альберт. Люфтваффе: триумф и поражение. Воспоминания фельдмаршала Третьего рейха. 1933-1947</title>
</book>
<book>
	<filename>kessel_zhozef/kessel_zhozef_dnevnaya_krasavica.fb2.zip</filename>
	<title>Кессель Жозеф. Дневная красавица</title>
</book>
<book>
	<filename>kessel_zhozef/kessel_zhozef_yavanskaya_roza.fb2.zip</filename>
	<title>Кессель Жозеф. Яванская роза</title>
</book>
<book>
	<filename>kessler_richard/kessler_richard_trans.fb2.zip</filename>
	<title>Кесслер Ричард. Транс</title>
</book>
<book>
	<filename>kesten_german/kesten_german_kazanova.fb2.zip</filename>
	<title>Кестен Герман. Казанова</title>
</book>
<book>
	<filename>kestler_artur/kestler_artur_devushki_po_vyzovu.fb2.zip</filename>
	<title>Кестлер Артур. Девушки по вызову</title>
</book>
<book>
	<filename>kestler_artur/kestler_artur_prizrak_gryadushego.fb2.zip</filename>
	<title>Кестлер Артур. Призрак грядущего</title>
</book>
<book>
	<filename>kestler_artur/kestler_artur_slepyashaya_tma.fb2.zip</filename>
	<title>Кестлер Артур. Слепящая тьма</title>
</book>
<book>
	<filename>kestler_artur/kestler_artur_trinadcatoe_koleno_krushenie_imperii_hazar_i_ee_nasledie.fb2.zip</filename>
	<title>Кестлер Артур. Тринадцатое колено. Крушение империи хазар и ее наследие</title>
</book>
<book>
	<filename>kestler_yurii/kestler_yurii_polnyi_kurs_hiromantii.fb2.zip</filename>
	<title>Кестлер Юрий. Полный курс хиромантии</title>
</book>
<book>
	<filename>kestner_yerih/kestner_yerih_35_maya.fb2.zip</filename>
	<title>Кестнер Эрих. 35 Мая</title>
</book>
<book>
	<filename>kestner_yerih/kestner_yerih_knopka_i_anton.fb2.zip</filename>
	<title>Кестнер Эрих. Кнопка и Антон</title>
</book>
<book>
	<filename>ketcham_dzhek/ketcham_dzhek_staya_potomstvo.fb2.zip</filename>
	<title>Кетчам Джек. Стая (Потомство)</title>
</book>
<book>
	<filename>ketcham_dzhek/ketcham_dzhek_stervyatniki_mertvyi_sezon.fb2.zip</filename>
	<title>Кетчам Джек. Стервятники (Мертвый сезон)</title>
</book>
<book>
	<filename>ketlinskaya_vera/ketlinskaya_vera_muzhestvo.fb2.zip</filename>
	<title>Кетлинская Вера. Мужество</title>
</book>
<book>
	<filename>keza_dzhuletto/keza_dzhuletto_beskonechnaya_voina.fb2.zip</filename>
	<title>Кьеза Джульетто. Бесконечная война</title>
</book>
<book>
	<filename>keza_dzhuletto/keza_dzhuletto_proshai_rossiya.fb2.zip</filename>
	<title>Кьеза Джульетто. Прощай, Россия!</title>
</book>
<book>
	<filename>kibalnik_aleksei/kibalnik_aleksei_poryadok_primeneniya_mezhdunarodnogo_ugolovnogo_prava_v_nacionalnoi_yurisdikcii.fb2.zip</filename>
	<title>Кибальник Алексей Григорьевич. Порядок применения международного уголовного права в национальной юрисдикции</title>
</book>
<book>
	<filename>kicmiller_chelli/kicmiller_chelli_kosnis_zari.fb2.zip</filename>
	<title>Кицмиллер Челли. Коснись зари</title>
</book>
<book>
	<filename>kidder_dzh/kidder_dzh_yaponiya_do_buddizma_ostrova_zaselennye_bogami.fb2.zip</filename>
	<title>Киддер Дж. Э. Япония до буддизма. Острова, заселенные богами</title>
</book>
<book>
	<filename>kidder_dzhein/kidder_dzhein_esli_pokinesh_menya.fb2.zip</filename>
	<title>Киддер Джейн. Если покинешь меня...</title>
</book>
<book>
	<filename>kidder_dzhein/kidder_dzhein_padshii_angel.fb2.zip</filename>
	<title>Киддер Джейн. Падший Ангел</title>
</book>
<book>
	<filename>kidder_dzhein/kidder_dzhein_pocelui_strasti.fb2.zip</filename>
	<title>Киддер Джейн. Поцелуй страсти</title>
</book>
<book>
	<filename>kidder_dzhein/kidder_dzhein_sdelka_strasti.fb2.zip</filename>
	<title>Киддер Джейн. Сделка страсти</title>
</book>
<book>
	<filename>kido_okamoto/kido_okamoto_onoye_i_idahati.fb2.zip</filename>
	<title>Кидо Окамото. Оноэ и Идахати</title>
</book>
<book>
	<filename>kiekbaev_dzhalil/kiekbaev_dzhalil_rodnye_i_znakomye.fb2.zip</filename>
	<title>Киекбаев Джалиль Гиниятович. Родные и знакомые</title>
</book>
<book>
	<filename>kiiosaki_robert/kiiosaki_robert_bogatyi_papa_bednyi_papa.fb2.zip</filename>
	<title>Кийосаки Роберт. Богатый папа, Бедный папа</title>
</book>
<book>
	<filename>kiiosaki_robert/kiiosaki_robert_esli_hochesh_byt_bogatym_i_schastlivym_ne_hodi_v_shkolu.fb2.zip</filename>
	<title>Кийосаки Роберт. Если хочешь быть богатым и счастливым не ходи в школу?</title>
</book>
<book>
	<filename>kiiosaki_robert/kiiosaki_robert_kvadrant_denezhnogo_potoka.fb2.zip</filename>
	<title>Кийосаки Роберт. Квадрант денежного потока</title>
</book>
<book>
	<filename>kiiosaki_robert/kiiosaki_robert_otoiti_ot_del_molodym_i_bogatym.fb2.zip</filename>
	<title>Кийосаки Роберт. Отойти от дел молодым и богатым</title>
</book>
<book>
	<filename>kiiosaki_robert/kiiosaki_robert_shkola_biznesa.fb2.zip</filename>
	<title>Кийосаки Роберт. Школа бизнеса</title>
</book>
<book>
	<filename>kikuti_kan/kikuti_kan_lyubov_todzyuro.fb2.zip</filename>
	<title>Кикути Кан. Любовь Тодзюро</title>
</book>
<book>
	<filename>kikuti_kan/kikuti_kan_otec_vernulsya.fb2.zip</filename>
	<title>Кикути Кан. Отец вернулся</title>
</book>
<book>
	<filename>kikuti_kan/kikuti_kan_portret_damy_s_zhemchugami.fb2.zip</filename>
	<title>Кикути Кан. Портрет дамы с жемчугами</title>
</book>
<book>
	<filename>kill_dzhon/kill_dzhon_nlo_operaciya_troyanskii_kon.fb2.zip</filename>
	<title>Килль Джон. НЛО: Операция «Троянский конь»</title>
</book>
<book>
	<filename>kilpatrik_nyensi/kilpatrik_nyensi_podval_starogo_doma.fb2.zip</filename>
	<title>Килпатрик Нэнси. Подвал старого дома</title>
</book>
<book>
	<filename>kiluyert_garri/kiluyert_garri_angel.fb2.zip</filename>
	<title>Килуэрт Гарри. Ангел</title>
</book>
<book>
	<filename>kimbyell_tereza/kimbyell_tereza_holodnyi_ogon.fb2.zip</filename>
	<title>Кимбэлл Тереза. Холодный огонь</title>
</book>
<book>
	<filename>kim_roman/kim_roman_kto_ukral_punnakana.fb2.zip</filename>
	<title>Ким Роман. Кто украл Пуннакана?</title>
</book>
<book>
	<filename>kin_dei/kin_dei_bolshoi_proshalnyi_pocelui.fb2.zip</filename>
	<title>Кин Дей. Большой прощальный поцелуй</title>
</book>
<book>
	<filename>kin_dei/kin_dei_bud_moei_i_umri.fb2.zip</filename>
	<title>Кин Дей. Будь моей и умри</title>
</book>
<book>
	<filename>kin_dei/kin_dei_chikago_11.fb2.zip</filename>
	<title>Кин Дей. Чикаго, 11</title>
</book>
<book>
	<filename>kin_dei/kin_dei_den_rozhdeniya.fb2.zip</filename>
	<title>Кин Дей. День рождения</title>
</book>
<book>
	<filename>kin_dei/kin_dei_dostav_ego_mertvym.fb2.zip</filename>
	<title>Кин Дей. Доставь его мертвым</title>
</book>
<book>
	<filename>kin_dei/kin_dei_ischezla_lyubimaya.fb2.zip</filename>
	<title>Кин Дей. Исчезла любимая</title>
</book>
<book>
	<filename>kin_dei/kin_dei_kazhdyi_mozhet_umeret.fb2.zip</filename>
	<title>Кин Дей. Каждый может умереть</title>
</book>
<book>
	<filename>kin_dei/kin_dei_komnata_so_shkafom.fb2.zip</filename>
	<title>Кин Дей. Комната со шкафом</title>
</book>
<book>
	<filename>kin_dei/kin_dei_lyubov_i_prestupnaya_nenavist.fb2.zip</filename>
	<title>Кин Дей. Любовь и преступная ненависть</title>
</book>
<book>
	<filename>kin_dei/kin_dei_maiami_69.fb2.zip</filename>
	<title>Кин Дей. Майами, 69</title>
</book>
<book>
	<filename>kin_dei/kin_dei_mertvye_milashki_ne_boltayut.fb2.zip</filename>
	<title>Кин Дей. Мертвые милашки не болтают</title>
</book>
<book>
	<filename>kin_dei/kin_dei_missis_ubiica.fb2.zip</filename>
	<title>Кин Дей. Миссис убийца</title>
</book>
<book>
	<filename>kin_dei/kin_dei_moryak_soshel_na_bereg.fb2.zip</filename>
	<title>Кин Дей. Моряк сошел на берег</title>
</book>
<book>
	<filename>kin_dei/kin_dei_moya_plot_sladka.fb2.zip</filename>
	<title>Кин Дей. Моя плоть сладка</title>
</book>
<book>
	<filename>kin_dei/kin_dei_paiola.fb2.zip</filename>
	<title>Кин Дей. Пайола</title>
</book>
<book>
	<filename>kin_dei/kin_dei_pocelui_ili_smert.fb2.zip</filename>
	<title>Кин Дей. Поцелуй или смерть</title>
</book>
<book>
	<filename>kin_dei/kin_dei_pogonya_za_ubiicei.fb2.zip</filename>
	<title>Кин Дей. Погоня за убийцей</title>
</book>
<book>
	<filename>kin_dei/kin_dei_pridi_i_vozmi.fb2.zip</filename>
	<title>Кин Дей. Приди и возьми</title>
</book>
<book>
	<filename>kin_dei/kin_dei_propala_striptizersha.fb2.zip</filename>
	<title>Кин Дей. Пропала стриптизерша</title>
</book>
<book>
	<filename>kin_dei/kin_dei_strannyi_svidetel.fb2.zip</filename>
	<title>Кин Дей. Странный свидетель</title>
</book>
<book>
	<filename>kin_dei/kin_dei_ubiistvo_na_storone.fb2.zip</filename>
	<title>Кин Дей. Убийство на стороне</title>
</book>
<book>
	<filename>kin_dei/kin_dei_v_chelovecheskih_dzhunglyah.fb2.zip</filename>
	<title>Кин Дей. В человеческих джунглях</title>
</book>
<book>
	<filename>kinessa_/kinessa__brak_pod_mikroskopom_fiziologiya_polovoi_zhizni_cheloveka.fb2.zip</filename>
	<title>Кинесса. Брак под микроскопом. Физиология половой жизни человека</title>
</book>
<book>
	<filename>kinessa_m/kinessa_m_brak_pod_mikroskopom_fiziologiya_polovoi_zhizni_cheloveka.fb2.zip</filename>
	<title>Кинесса М. Брак под микроскопом. Физиология половой жизни человека</title>
</book>
<book>
	<filename>king_diana/king_diana_robin_gud_protiv_sherifa.fb2.zip</filename>
	<title>Кинг Диана. Робин Гуд против шерифа</title>
</book>
<book>
	<filename>king_dyenni/king_dyenni_dnevnik_grabitelya.fb2.zip</filename>
	<title>Кинг Дэнни. Дневник грабителя</title>
</book>
<book>
	<filename>king_dyenni/king_dyenni_dnevnik_killera.fb2.zip</filename>
	<title>Кинг Дэнни. Дневник киллера</title>
</book>
<book>
	<filename>king_dyenni/king_dyenni_dnevnik_naletchika.fb2.zip</filename>
	<title>Кинг Дэнни. Дневник налетчика</title>
</book>
<book>
	<filename>king_dyenni/king_dyenni_dnevnik_pornografa.fb2.zip</filename>
	<title>Кинг Дэнни. Дневник порнографа</title>
</book>
<book>
	<filename>king_dzhordzh/king_dzhordzh_karnaval_straha.fb2.zip</filename>
	<title>Кинг Джордж Роберт. Карнавал страха</title>
</book>
<book>
	<filename>king_dzhordzh/king_dzhordzh_potoki_vremeni.fb2.zip</filename>
	<title>Кинг Джордж Роберт. Потоки времени</title>
</book>
<book>
	<filename>king_dzhordzh/king_dzhordzh_serdce_polunochi.fb2.zip</filename>
	<title>Кинг Джордж Роберт. Сердце полуночи</title>
</book>
<book>
	<filename>king_dzhordzh/king_dzhordzh_tran_sozdatel_chudovish.fb2.zip</filename>
	<title>Кинг Джордж Роберт. Тран. Создатель чудовищ</title>
</book>
<book>
	<filename>king_dzh_robert/king_dzh_robert_potoki_vremeni.fb2.zip</filename>
	<title>Кинг Дж. Роберт. Потоки времени</title>
</book>
<book>
	<filename>king_dzh_robert/king_dzh_robert_tran_sozdatel_chudovish.fb2.zip</filename>
	<title>Кинг Дж. Роберт. Тран: создатель чудовищ</title>
</book>
<book>
	<filename>king_karen/king_karen_begstvo_izpod_venca.fb2.zip</filename>
	<title>Кинг Карен. Бегство из-под венца</title>
</book>
<book>
	<filename>king_lori/king_lori_uchenica_holmsa.fb2.zip</filename>
	<title>Кинг Лори Р. Ученица Холмса</title>
</book>
<book>
	<filename>king_ross/king_ross_domino.fb2.zip</filename>
	<title>Кинг Росс. Домино</title>
</book>
<book>
	<filename>king_ross/king_ross_yekslibris.fb2.zip</filename>
	<title>Кинг Росс. Экслибрис</title>
</book>
<book>
	<filename>kingsberi_donald/kingsberi_donald_psihoistoricheskii_krizis.fb2.zip</filename>
	<title>Кингсбери Дональд. Психоисторический кризис</title>
</book>
<book>
	<filename>kingslei_myeri/kingslei_myeri_maskarad.fb2.zip</filename>
	<title>Кингслей Мэри. Маскарад</title>
</book>
<book>
	<filename>kingsli_charlz/kingsli_charlz_ipatiya.fb2.zip</filename>
	<title>Кингсли Чарльз. Ипатия</title>
</book>
<book>
	<filename>kingsli_dzhoanna/kingsli_dzhoanna_dragocennosti.fb2.zip</filename>
	<title>Кингсли Джоанна. Драгоценности</title>
</book>
<book>
	<filename>kingsli_dzhoanna/kingsli_dzhoanna_lyubovnye_prikosnoveniya.fb2.zip</filename>
	<title>Кингсли Джоанна. Любовные прикосновения</title>
</book>
<book>
	<filename>king_stephen/king_stephen_song_of_susannah.fb2.zip</filename>
	<title>King Stephen. Song of Susannah</title>
</book>
<book>
	<filename>king_stephen/king_stephen_the_colorado_kid.fb2.zip</filename>
	<title>King Stephen. The Colorado Kid</title>
</book>
<book>
	<filename>king_stiven/king_stiven_1408.fb2.zip</filename>
	<title>Кинг Стивен. 1408</title>
</book>
<book>
	<filename>king_stiven/king_stiven_adova_koshka.fb2.zip</filename>
	<title>Кинг Стивен. Адова кошка</title>
</book>
<book>
	<filename>king_stiven/king_stiven_babulya.fb2.zip</filename>
	<title>Кинг Стивен. Бабуля</title>
</book>
<book>
	<filename>king_stiven/king_stiven_ballada_o_bluzhdayushei_pule.fb2.zip</filename>
	<title>Кинг Стивен. Баллада о блуждающей пуле</title>
</book>
<book>
	<filename>king_stiven/king_stiven_begushii_chelovek.fb2.zip</filename>
	<title>Кинг Стивен. Бегущий человек</title>
</book>
<book>
	<filename>king_stiven/king_stiven_besplodnye_zemli.fb2.zip</filename>
	<title>Кинг Стивен. Бесплодные земли</title>
</book>
<book>
	<filename>king_stiven/king_stiven_bessonnica.fb2.zip</filename>
	<title>Кинг Стивен. Бессонница</title>
</book>
<book>
	<filename>king_stiven/king_stiven_beznadega.fb2.zip</filename>
	<title>Кинг Стивен. Безнадега</title>
</book>
<book>
	<filename>king_stiven/king_stiven_bibliotechnaya_policiya.fb2.zip</filename>
	<title>Кинг Стивен. Библиотечная полиция</title>
</book>
<book>
	<filename>king_stiven/king_stiven_bolshie_kolesa_zabavy_parnei_iz_prachechnoi_molochnik2.fb2.zip</filename>
	<title>Кинг Стивен. Большие колеса: забавы парней из прачечной (Молочник-2)</title>
</book>
<book>
	<filename>king_stiven/king_stiven_burya_stoletiya.fb2.zip</filename>
	<title>Кинг Стивен. Буря столетия</title>
</book>
<book>
	<filename>king_stiven/king_stiven_centr_prityazheniya.fb2.zip</filename>
	<title>Кинг Стивен. Центр притяжения</title>
</book>
<book>
	<filename>king_stiven/king_stiven_chelovek_kotoryi_lyubil_cvety.fb2.zip</filename>
	<title>Кинг Стивен. Человек, который любил цветы</title>
</book>
<book>
	<filename>king_stiven/king_stiven_chelovek_kotoryi_nikomu_ne_podaval_ruki.fb2.zip</filename>
	<title>Кинг Стивен. Человек, который никому не подавал руки</title>
</book>
<book>
	<filename>king_stiven/king_stiven_chernyi_dom.fb2.zip</filename>
	<title>Кинг Стивен. Черный дом</title>
</book>
<book>
	<filename>king_stiven/king_stiven_chetvertak_prinosyashii_udachu.fb2.zip</filename>
	<title>Кинг Стивен. Четвертак, приносящий удачу</title>
</book>
<book>
	<filename>king_stiven/king_stiven_chetyre_sezona.fb2.zip</filename>
	<title>Кинг Стивен. Четыре сезона</title>
</book>
<book>
	<filename>king_stiven/king_stiven_chto_prisnilos_harvi.fb2.zip</filename>
	<title>Кинг Стивен. Что приснилось Харви</title>
</book>
<book>
	<filename>king_stiven/king_stiven_chuvstvo_kotoroe_slovami_mozhno_vyrazit_tolko_pofrancuzski.fb2.zip</filename>
	<title>Кинг Стивен. Чувство, которое словами можно выразить только по-французски</title>
</book>
<book>
	<filename>king_stiven/king_stiven_cikl_oborotnya.fb2.zip</filename>
	<title>Кинг Стивен. Цикл оборотня</title>
</book>
<book>
	<filename>king_stiven/king_stiven_davilka.fb2.zip</filename>
	<title>Кинг Стивен. Давилка</title>
</book>
<book>
	<filename>king_stiven/king_stiven_deti_kukuruzy.fb2.zip</filename>
	<title>Кинг Стивен. Дети кукурузы</title>
</book>
<book>
	<filename>king_stiven/king_stiven_detki_v_kletke.fb2.zip</filename>
	<title>Кинг Стивен. Детки в клетке</title>
</book>
<book>
	<filename>king_stiven/king_stiven_devochka_kotoraya_lyubila_toma_gordona.fb2.zip</filename>
	<title>Кинг Стивен. Девочка, которая любила Тома Гордона</title>
</book>
<book>
	<filename>king_stiven/king_stiven_ditya_kolorado.fb2.zip</filename>
	<title>Кинг Стивен. Дитя Колорадо</title>
</book>
<book>
	<filename>king_stiven/king_stiven_dolgaya_progulka.fb2.zip</filename>
	<title>Кинг Стивен. Долгая прогулка</title>
</book>
<book>
	<filename>king_stiven/king_stiven_dolgii_dzhont.fb2.zip</filename>
	<title>Кинг Стивен. Долгий джонт</title>
</book>
<book>
	<filename>king_stiven/king_stiven_dolores_kleiborn.fb2.zip</filename>
	<title>Кинг Стивен. Долорес Клейборн</title>
</book>
<book>
	<filename>king_stiven/king_stiven_dom_kotoryi_rastet_na_vas.fb2.zip</filename>
	<title>Кинг Стивен. Дом, который растет на вас</title>
</book>
<book>
	<filename>king_stiven/king_stiven_dom_na_klenovoi_ulice.fb2.zip</filename>
	<title>Кинг Стивен. Дом на Кленовой улице</title>
</book>
<book>
	<filename>king_stiven/king_stiven_dorozhnye_raboty.fb2.zip</filename>
	<title>Кинг Стивен. Дорожные работы</title>
</book>
<book>
	<filename>king_stiven/king_stiven_dorozhnyi_uzhas_pryot_na_sever.fb2.zip</filename>
	<title>Кинг Стивен. Дорожный ужас прёт на север</title>
</book>
<book>
	<filename>king_stiven/king_stiven_dver.fb2.zip</filename>
	<title>Кинг Стивен. Дверь</title>
</book>
<book>
	<filename>king_stiven/king_stiven_gazonokosilshik.fb2.zip</filename>
	<title>Кинг Стивен. Газонокосильщик</title>
</book>
<book>
	<filename>king_stiven/king_stiven_glaza_drakona.fb2.zip</filename>
	<title>Кинг Стивен. Глаза дракона</title>
</book>
<book>
	<filename>king_stiven/king_stiven_gruzovik_dyadi_otto.fb2.zip</filename>
	<title>Кинг Стивен. Грузовик дяди Отто</title>
</book>
<book>
	<filename>king_stiven/king_stiven_gruzoviki.fb2.zip</filename>
	<title>Кинг Стивен. Грузовики</title>
</book>
<book>
	<filename>king_stiven/king_stiven_gunslinger.fb2.zip</filename>
	<title>Кинг Стивен. Gunslinger</title>
</book>
<book>
	<filename>king_stiven/king_stiven_hudeyushii.fb2.zip</filename>
	<title>Кинг Стивен. Худеющий</title>
</book>
<book>
	<filename>king_stiven/king_stiven_igra_dzheralda.fb2.zip</filename>
	<title>Кинг Стивен. Игра Джералда</title>
</book>
<book>
	<filename>king_stiven/king_stiven_inogda_oni_vozvrashayutsya.fb2.zip</filename>
	<title>Кинг Стивен. Иногда они возвращаются</title>
</book>
<book>
	<filename>king_stiven/king_stiven_i_prishel_buka.fb2.zip</filename>
	<title>Кинг Стивен. И пришел бука</title>
</book>
<book>
	<filename>king_stiven/king_stiven_izvinite_nomer_vernyi.fb2.zip</filename>
	<title>Кинг Стивен. Извините, номер верный</title>
</book>
<book>
	<filename>king_stiven/king_stiven_izvlechenie_troih.fb2.zip</filename>
	<title>Кинг Стивен. Извлечение троих</title>
</book>
<book>
	<filename>king_stiven/king_stiven_kadillak_dolana.fb2.zip</filename>
	<title>Кинг Стивен. «Кадиллак» Долана</title>
</book>
<book>
	<filename>king_stiven/king_stiven_kak_pisat_knigi.fb2.zip</filename>
	<title>Кинг Стивен. Как писать книги</title>
</book>
<book>
	<filename>king_stiven/king_stiven_karniz.fb2.zip</filename>
	<title>Кинг Стивен. Карниз</title>
</book>
<book>
	<filename>king_stiven/king_stiven_kladbishe_domashnih_zhivotnyh.fb2.zip</filename>
	<title>Кинг Стивен. Кладбище домашних животных</title>
</book>
<book>
	<filename>king_stiven/king_stiven_koldun_i_kristall.fb2.zip</filename>
	<title>Кинг Стивен. Колдун и кристалл</title>
</book>
<book>
	<filename>king_stiven/king_stiven_konec_vsei_yetoi_merzosti.fb2.zip</filename>
	<title>Кинг Стивен. Конец всей этой мерзости</title>
</book>
<book>
	<filename>king_stiven/king_stiven_korporaciya_brosaite_kurit.fb2.zip</filename>
	<title>Кинг Стивен. Корпорация «Бросайте курить»</title>
</book>
<book>
	<filename>king_stiven/king_stiven_kratchaishii_put_dlya_missis_todd.fb2.zip</filename>
	<title>Кинг Стивен. Кратчайший путь для миссис Тодд</title>
</book>
<book>
	<filename>king_stiven/king_stiven_krauchyend.fb2.zip</filename>
	<title>Кинг Стивен. Крауч-Энд</title>
</book>
<book>
	<filename>king_stiven/king_stiven_kristina.fb2.zip</filename>
	<title>Кинг Стивен. Кристина</title>
</book>
<book>
	<filename>king_stiven/king_stiven_krossovki.fb2.zip</filename>
	<title>Кинг Стивен. Кроссовки</title>
</book>
<book>
	<filename>king_stiven/king_stiven_kudzho.fb2.zip</filename>
	<title>Кинг Стивен. Куджо</title>
</book>
<book>
	<filename>king_stiven/king_stiven_kusachie_zuby.fb2.zip</filename>
	<title>Кинг Стивен. Кусачие зубы</title>
</book>
<book>
	<filename>king_stiven/king_stiven_kyerri.fb2.zip</filename>
	<title>Кинг Стивен. Кэрри</title>
</book>
<book>
	<filename>king_stiven/king_stiven_langolery.fb2.zip</filename>
	<title>Кинг Стивен. Лангольеры</title>
</book>
<book>
	<filename>king_stiven/king_stiven_letayushii_v_nochi.fb2.zip</filename>
	<title>Кинг Стивен. Летающий в ночи</title>
</book>
<book>
	<filename>king_stiven/king_stiven_lovec_snov.fb2.zip</filename>
	<title>Кинг Стивен. Ловец снов</title>
</book>
<book>
	<filename>king_stiven/king_stiven_lyudi_desyatogo_chasa.fb2.zip</filename>
	<title>Кинг Стивен. Люди десятого часа</title>
</book>
<book>
	<filename>king_stiven/king_stiven_lyudi_mesta_i_veshi_sbornik_rasskazov.fb2.zip</filename>
	<title>Кинг Стивен. Люди, места и вещи (сборник рассказов)</title>
</book>
<book>
	<filename>king_stiven/king_stiven_martovskii_vypolzen.fb2.zip</filename>
	<title>Кинг Стивен. Мартовский выползень</title>
</book>
<book>
	<filename>king_stiven/king_stiven_mertvaya_zona.fb2.zip</filename>
	<title>Кинг Стивен. Мертвая зона</title>
</book>
<book>
	<filename>king_stiven/king_stiven_meshok_s_kostyami.fb2.zip</filename>
	<title>Кинг Стивен. Мешок с костями</title>
</book>
<book>
	<filename>king_stiven/king_stiven_metod_dyhaniya.fb2.zip</filename>
	<title>Кинг Стивен. Метод дыхания</title>
</book>
<book>
	<filename>king_stiven/king_stiven_mizeri.fb2.zip</filename>
	<title>Кинг Стивен. Мизери</title>
</book>
<book>
	<filename>king_stiven/king_stiven_mobilnik.fb2.zip</filename>
	<title>Кинг Стивен. Мобильник</title>
</book>
<book>
	<filename>king_stiven/king_stiven_moi_milyi_poni.fb2.zip</filename>
	<title>Кинг Стивен. Мой милый пони</title>
</book>
<book>
	<filename>king_stiven/king_stiven_na_pososhok.fb2.zip</filename>
	<title>Кинг Стивен. На посошок</title>
</book>
<book>
	<filename>king_stiven/king_stiven_nechto_seroe.fb2.zip</filename>
	<title>Кинг Стивен. Нечто серое</title>
</book>
<book>
	<filename>king_stiven/king_stiven_nesushii_smert.fb2.zip</filename>
	<title>Кинг Стивен. Несущий смерть</title>
</book>
<book>
	<filename>king_stiven/king_stiven_ne_vynoshu_malenkih_detei.fb2.zip</filename>
	<title>Кинг Стивен. Не выношу маленьких детей</title>
</book>
<book>
	<filename>king_stiven/king_stiven_nishii_i_almaz.fb2.zip</filename>
	<title>Кинг Стивен. Нищий и алмаз</title>
</book>
<book>
	<filename>king_stiven/king_stiven_nochnaya_smena.fb2.zip</filename>
	<title>Кинг Стивен. Ночная смена</title>
</book>
<book>
	<filename>king_stiven/king_stiven_nochnoi_priboi.fb2.zip</filename>
	<title>Кинг Стивен. Ночной прибой</title>
</book>
<book>
	<filename>king_stiven/king_stiven_nona.fb2.zip</filename>
	<title>Кинг Стивен. Нона</title>
</book>
<book>
	<filename>king_stiven/king_stiven_nuzhnye_veshi.fb2.zip</filename>
	<title>Кинг Стивен. Нужные вещи</title>
</book>
<book>
	<filename>king_stiven/king_stiven_obezyana.fb2.zip</filename>
	<title>Кинг Стивен. Обезьяна</title>
</book>
<book>
	<filename>king_stiven/king_stiven_ono.fb2.zip</filename>
	<title>Кинг Стивен. Оно</title>
</book>
<book>
	<filename>king_stiven/king_stiven_opusti_golovu_i_vpered.fb2.zip</filename>
	<title>Кинг Стивен. Опусти голову — и вперед!</title>
</book>
<book>
	<filename>king_stiven/king_stiven_ostavshiisya_v_zhivyh.fb2.zip</filename>
	<title>Кинг Стивен. Оставшийся в живых</title>
</book>
<book>
	<filename>king_stiven/king_stiven_otkroveniya_bekki_polson.fb2.zip</filename>
	<title>Кинг Стивен. Откровения Бекки Полсон</title>
</book>
<book>
	<filename>king_stiven/king_stiven_otrazhenie_smerti.fb2.zip</filename>
	<title>Кинг Стивен. Отражение смерти</title>
</book>
<book>
	<filename>king_stiven/king_stiven_ouyenu.fb2.zip</filename>
	<title>Кинг Стивен. Оуэну</title>
</book>
<book>
	<filename>king_stiven/king_stiven_palec.fb2.zip</filename>
	<title>Кинг Стивен. Палец</title>
</book>
<book>
	<filename>king_stiven/king_stiven_papsya.fb2.zip</filename>
	<title>Кинг Стивен. Папся</title>
</book>
<book>
	<filename>king_stiven/king_stiven_pesn_syuzanny.fb2.zip</filename>
	<title>Кинг Стивен. Песнь Сюзанны</title>
</book>
<book>
	<filename>king_stiven/king_stiven_plot.fb2.zip</filename>
	<title>Кинг Стивен. Плот</title>
</book>
<book>
	<filename>king_stiven/king_stiven_plyaska_smerti.fb2.zip</filename>
	<title>Кинг Стивен. Пляска смерти</title>
</book>
<book>
	<filename>king_stiven/king_stiven_plyazh.fb2.zip</filename>
	<title>Кинг Стивен. Пляж</title>
</book>
<book>
	<filename>king_stiven/king_stiven_pobeg_iz_shoushenka.fb2.zip</filename>
	<title>Кинг Стивен. Побег из Шоушенка</title>
</book>
<book>
	<filename>king_stiven/king_stiven_pochti_kak_byuik.fb2.zip</filename>
	<title>Кинг Стивен. Почти как «Бьюик»</title>
</book>
<book>
	<filename>king_stiven/king_stiven_pole_boya.fb2.zip</filename>
	<title>Кинг Стивен. Поле боя</title>
</book>
<book>
	<filename>king_stiven/king_stiven_poslednee_rassledovanie_amni.fb2.zip</filename>
	<title>Кинг Стивен. Последнее расследование Амни</title>
</book>
<book>
	<filename>king_stiven/king_stiven_poslednyaya_perekladina.fb2.zip</filename>
	<title>Кинг Стивен. Последняя перекладина</title>
</book>
<book>
	<filename>king_stiven/king_stiven_posvyashenie.fb2.zip</filename>
	<title>Кинг Стивен. Посвящение</title>
</book>
<book>
	<filename>king_stiven/king_stiven_protivostoyanie.fb2.zip</filename>
	<title>Кинг Стивен. Противостояние</title>
</book>
<book>
	<filename>king_stiven/king_stiven_protoka.fb2.zip</filename>
	<title>Кинг Стивен. Протока</title>
</book>
<book>
	<filename>king_stiven/king_stiven_pyataya_chetvert.fb2.zip</filename>
	<title>Кинг Стивен. Пятая четверть</title>
</book>
<book>
	<filename>king_stiven/king_stiven_rassledovanie_doktora_uotsona.fb2.zip</filename>
	<title>Кинг Стивен. Расследование доктора Уотсона</title>
</book>
<book>
	<filename>king_stiven/king_stiven_rastenie.fb2.zip</filename>
	<title>Кинг Стивен. Растение</title>
</book>
<book>
	<filename>king_stiven/king_stiven_regulyatory.fb2.zip</filename>
	<title>Кинг Стивен. Регуляторы</title>
</book>
<book>
	<filename>king_stiven/king_stiven_roknrol_nikogda_ne_umret.fb2.zip</filename>
	<title>Кинг Стивен. Рок-н-рол никогда не умрет</title>
</book>
<book>
	<filename>king_stiven/king_stiven_roza_marena.fb2.zip</filename>
	<title>Кинг Стивен. Роза Марена</title>
</book>
<book>
	<filename>king_stiven/king_stiven_rozhat_pridyotsya_doma.fb2.zip</filename>
	<title>Кинг Стивен. Рожать придётся дома</title>
</book>
<book>
	<filename>king_stiven/king_stiven_salimov_udel.fb2.zip</filename>
	<title>Кинг Стивен. Салимов удел</title>
</book>
<book>
	<filename>king_stiven/king_stiven_sbornik_redkih_rasskazov.fb2.zip</filename>
	<title>Кинг Стивен. Сборник редких рассказов</title>
</book>
<book>
	<filename>king_stiven/king_stiven_sekcionnyi_zal_nomer_chetyre.fb2.zip</filename>
	<title>Кинг Стивен. Секционный зал номер четыре</title>
</book>
<book>
	<filename>king_stiven/king_stiven_sekretnoe_okno_sekretnyi_sad.fb2.zip</filename>
	<title>Кинг Стивен. Секретное окно, секретный сад</title>
</book>
<book>
	<filename>king_stiven/king_stiven_serdca_v_atlantide.fb2.zip</filename>
	<title>Кинг Стивен. Сердца в Атлантиде</title>
</book>
<book>
	<filename>king_stiven/king_stiven_sezon_dozhdya.fb2.zip</filename>
	<title>Кинг Стивен. Сезон дождя</title>
</book>
<book>
	<filename>king_stiven/king_stiven_siyanie.fb2.zip</filename>
	<title>Кинг Стивен. Сияние</title>
</book>
<book>
	<filename>king_stiven/king_stiven_smirennye_sestry_yelurii.fb2.zip</filename>
	<title>Кинг Стивен. Смиренные сестры Элурии</title>
</book>
<book>
	<filename>king_stiven/king_stiven_sposobnyi_uchenik.fb2.zip</filename>
	<title>Кинг Стивен. Способный ученик</title>
</book>
<book>
	<filename>king_stiven/king_stiven_strelok.fb2.zip</filename>
	<title>Кинг Стивен. Стрелок</title>
</book>
<book>
	<filename>king_stiven/king_stiven_svadebnyi_dzhaz.fb2.zip</filename>
	<title>Кинг Стивен. Свадебный джаз</title>
</book>
<book>
	<filename>king_stiven/king_stiven_talisman.fb2.zip</filename>
	<title>Кинг Стивен. Талисман</title>
</book>
<book>
	<filename>king_stiven/king_stiven_telo.fb2.zip</filename>
	<title>Кинг Стивен. Тело</title>
</book>
<book>
	<filename>king_stiven/king_stiven_temnaya_bashnya.fb2.zip</filename>
	<title>Кинг Стивен. Темная Башня</title>
</book>
<book>
	<filename>king_stiven/king_stiven_temnaya_polovina.fb2.zip</filename>
	<title>Кинг Стивен. Темная половина</title>
</book>
<book>
	<filename>king_stiven/king_stiven_teoriya_domashnih_lyubimcev_postulat_l_t.fb2.zip</filename>
	<title>Кинг Стивен. Теория домашних любимцев: постулат Л. Т.</title>
</book>
<book>
	<filename>king_stiven/king_stiven_the_drawing_of_the_three.fb2.zip</filename>
	<title>Кинг Стивен. The Drawing of the Three</title>
</book>
<book>
	<filename>king_stiven/king_stiven_the_waste_lands.fb2.zip</filename>
	<title>Кинг Стивен. The Waste Lands</title>
</book>
<book>
	<filename>king_stiven/king_stiven_tomminokery.fb2.zip</filename>
	<title>Кинг Стивен. Томминокеры</title>
</book>
<book>
	<filename>king_stiven/king_stiven_tragediya_onlainizma.fb2.zip</filename>
	<title>Кинг Стивен. Трагедия онлайнизма</title>
</book>
<book>
	<filename>king_stiven/king_stiven_tuman.fb2.zip</filename>
	<title>Кинг Стивен. Туман</title>
</book>
<book>
	<filename>king_stiven/king_stiven_utrennyaya_dostavka_molochnik1.fb2.zip</filename>
	<title>Кинг Стивен. Утренняя доставка (Молочник-1)</title>
</book>
<book>
	<filename>king_stiven/king_stiven_verhom_na_pule.fb2.zip</filename>
	<title>Кинг Стивен. Верхом на пуле</title>
</book>
<book>
	<filename>king_stiven/king_stiven_v_komnate_smerti.fb2.zip</filename>
	<title>Кинг Стивен. В комнате смерти</title>
</book>
<book>
	<filename>king_stiven/king_stiven_volki_kali.fb2.zip</filename>
	<title>Кинг Стивен. Волки Кальи</title>
</book>
<book>
	<filename>king_stiven/king_stiven_vosplamenyayushaya_vzglyadom.fb2.zip</filename>
	<title>Кинг Стивен. Воспламеняющая взглядом</title>
</book>
<book>
	<filename>king_stiven/king_stiven_vosstavshii_kain.fb2.zip</filename>
	<title>Кинг Стивен. Восставший Каин</title>
</book>
<book>
	<filename>king_stiven/king_stiven_vsemogushii_tekstprocessor.fb2.zip</filename>
	<title>Кинг Стивен. Всемогущий текст-процессор</title>
</book>
<book>
	<filename>king_stiven/king_stiven_vse_predelno.fb2.zip</filename>
	<title>Кинг Стивен. Все предельно</title>
</book>
<book>
	<filename>king_stiven/king_stiven_wizard_and_glass.fb2.zip</filename>
	<title>Кинг Стивен. Wizard and Glass</title>
</book>
<book>
	<filename>king_stiven/king_stiven_wolves_of_the_calla.fb2.zip</filename>
	<title>Кинг Стивен. Wolves of the Calla</title>
</book>
<book>
	<filename>king_stiven/king_stiven_ya_dvernoi_proem.fb2.zip</filename>
	<title>Кинг Стивен. Я — дверной проем</title>
</book>
<book>
	<filename>king_stiven/king_stiven_yarost.fb2.zip</filename>
	<title>Кинг Стивен. Ярость</title>
</book>
<book>
	<filename>king_stiven/king_stiven_ya_znayu_chto_tebe_nuzhno.fb2.zip</filename>
	<title>Кинг Стивен. Я знаю, что тебе нужно</title>
</book>
<book>
	<filename>king_stiven/king_stiven_zaklyatie_paranoika.fb2.zip</filename>
	<title>Кинг Стивен. Заклятие параноика</title>
</book>
<book>
	<filename>king_stiven/king_stiven_zavtrak_v_kafe_gotyem.fb2.zip</filename>
	<title>Кинг Стивен. Завтрак в «Кафе Готэм»</title>
</book>
<book>
	<filename>king_stiven/king_stiven_zdes_tozhe_vodyatsya_tigry.fb2.zip</filename>
	<title>Кинг Стивен. Здесь тоже водятся тигры</title>
</book>
<book>
	<filename>king_stiven/king_stiven_zelenaya_milya.fb2.zip</filename>
	<title>Кинг Стивен. Зеленая миля</title>
</book>
<book>
	<filename>king_stiven/king_stiven_zhenshina_v_komnate.fb2.zip</filename>
	<title>Кинг Стивен. Женщина в комнате</title>
</book>
<book>
	<filename>king_stiven/king_stiven_zhrebii.fb2.zip</filename>
	<title>Кинг Стивен. Жребий</title>
</book>


</books>
