<?xml version="1.0" encoding="UTF-8" ?>
<books>
<book>
	<author>Васильев В</author>
	<title>Триста девятый раунд</title>
	<filename>WASILXEW/309raund.txt</filename>
</book>
<book>
	<author>Васильев В</author>
	<title>Клинки</title>
	<filename>WASILXEW/blades.txt</filename>
</book>
<book>
	<author>Васильев В</author>
	<title>Черный камень Отрана</title>
	<filename>WASILXEW/blcstone.txt</filename>
</book>
<book>
	<author>Васильев В</author>
	<title>Облачный край</title>
	<filename>WASILXEW/cloudlan.txt</filename>
</book>
<book>
	<author>Васильев В</author>
	<title>Смерть или слава</title>
	<filename>WASILXEW/d_glory.txt</filename>
</book>
<book>
	<author>Васильев В</author>
	<title>Два шага на Данкартен</title>
	<filename>WASILXEW/dunkart.txt</filename>
</book>
<book>
	<author>Васильев В</author>
	<title>Черная эстафета</title>
	<filename>WASILXEW/estafeta.txt</filename>
</book>
<book>
	<author>Васильев В</author>
	<title>Монастырь Эстебан Бланкес</title>
	<filename>WASILXEW/esteban.txt</filename>
</book>
<book>
	<author>Васильев В</author>
	<title>Хозяева  поднебесья</title>
	<filename>WASILXEW/firmamen.txt</filename>
</book>
<book>
	<author>Васильев В</author>
	<title>Жесты</title>
	<filename>WASILXEW/gestures.txt</filename>
</book>
<book>
	<author>Васильев В</author>
	<title>Ущелье горного духа</title>
	<filename>WASILXEW/gorge.txt</filename>
</book>
<book>
	<author>Васильев В</author>
	<title>Сердца и моторы</title>
	<filename>WASILXEW/hear_eng.txt</filename>
</book>
<book>
	<author>Васильев В</author>
	<title>Техник большого Киева</title>
	<filename>WASILXEW/kiev.txt</filename>
</book>
<book>
	<author>Васильев В</author>
	<title>Год жизни</title>
	<filename>WASILXEW/lifeyear.txt</filename>
</book>
<book>
	<author>Васильев В</author>
	<title>Забытая дорога</title>
	<filename>WASILXEW/lost_way.txt</filename>
</book>
<book>
	<author>Китаева А, Васильев  В, Лайк  А</author>
	<title>Идущие в ночь</title>
	<filename>WASILXEW/noch.txt</filename>
</book>
<book>
	<author>Васильев В</author>
	<title>Око Всевышнего</title>
	<filename>WASILXEW/oko_vsev.txt</filename>
</book>
<book>
	<author>Васильев В</author>
	<title>Трель певчей совы</title>
	<filename>WASILXEW/owltrill.txt</filename>
</book>
<book>
	<author>Васильев В</author>
	<title>Веселый роджер на подводных крыльях</title>
	<filename>WASILXEW/rojer.txt</filename>
</book>
<book>
	<author>Васильев В</author>
	<title>Садовая, 7</title>
	<filename>WASILXEW/sadovaya.txt</filename>
</book>
<book>
	<author>Васильев В</author>
	<title>Город-призрак</title>
	<filename>WASILXEW/shadtown.txt</filename>
</book>
<book>
	<author>Васильев В</author>
	<title>Пелена</title>
	<filename>WASILXEW/shroud.txt</filename>
</book>
<book>
	<author>Васильев В</author>
	<title>Средство от одиночества</title>
	<filename>WASILXEW/solitude.txt</filename>
</book>
<book>
	<author>Васильев В</author>
	<title>Хирурги</title>
	<filename>WASILXEW/surgeons.txt</filename>
</book>
<book>
	<author>Васильев В</author>
	<title>Душа чащобы</title>
	<filename>WASILXEW/thicsoul.txt</filename>
</book>
<book>
	<author>Васильев В</author>
	<title>Ufo: враг неизвестен</title>
	<filename>WASILXEW/ufo.txt</filename>
</book>
<book>
	<author>Васильев В</author>
	<title>Урми</title>
	<filename>WASILXEW/urmi.txt</filename>
</book>
<book>
	<author>Васильев В</author>
	<title>Ведьмак из большого Киева</title>
	<filename>WASILXEW/wiedzmin.txt</filename>
</book>
<book>
	<author>Васильев В</author>
	<title>Волчья натура</title>
	<filename>WASILXEW/wolf_nat.txt</filename>
</book>
<book>
	<author>Веллер М</author>
	<title>Сопутствующие условия</title>
	<filename>WELLER/agreemen.txt</filename>
</book>
<book>
	<author>Веллер М</author>
	<title>Все уладится</title>
	<filename>WELLER/allsettl.txt</filename>
</book>
<book>
	<author>Веллер М</author>
	<title>Американист</title>
	<filename>WELLER/american.txt</filename>
</book>
<book>
	<author>Веллер М</author>
	<title>Бермудские острова</title>
	<filename>WELLER/bermudes.txt</filename>
</book>
<book>
	<author>Веллер М</author>
	<title>Лодочка</title>
	<filename>WELLER/boat.txt</filename>
</book>
<book>
	<author>Веллер М</author>
	<title>Кнопка</title>
	<filename>WELLER/button.txt</filename>
</book>
<book>
	<author>Веллер М</author>
	<title>Карьера в никуда</title>
	<filename>WELLER/career.txt</filename>
</book>
<book>
	<author>Веллер М</author>
	<title>Кентавр</title>
	<filename>WELLER/centaur.txt</filename>
</book>
<book>
	<author>Веллер М</author>
	<title>Осуждение</title>
	<filename>WELLER/condemn.txt</filename>
</book>
<book>
	<author>Веллер М</author>
	<title>Транспортировка</title>
	<filename>WELLER/convey.txt</filename>
</book>
<book>
	<author>Веллер М</author>
	<title>Поправки к задачам</title>
	<filename>WELLER/corrests.txt</filename>
</book>
<book>
	<author>Веллер М</author>
	<title>Крематорий</title>
	<filename>WELLER/cremator.txt</filename>
</book>
<book>
	<author>Веллер М</author>
	<title>Котлетка</title>
	<filename>WELLER/cutlet.txt</filename>
</book>
<book>
	<author>Веллер М</author>
	<title>Танец с саблями</title>
	<filename>WELLER/dance.txt</filename>
</book>
<book>
	<author>Веллер М</author>
	<title>Долги</title>
	<filename>WELLER/debts.txt</filename>
</book>
<book>
	<author>Веллер М</author>
	<title>Не в ту дверь</title>
	<filename>WELLER/diffdoor.txt</filename>
</book>
<book>
	<author>Веллер М</author>
	<title>Чужие беды</title>
	<filename>WELLER/disaster.txt</filename>
</book>
<book>
	<author>Веллер М</author>
	<title>Ножик Сережи Довлатова</title>
	<filename>WELLER/dovlatov.txt</filename>
</book>
<book>
	<author>Веллер М</author>
	<title>Эхо</title>
	<filename>WELLER/echo.txt</filename>
</book>
<book>
	<author>Веллер М</author>
	<title>Легенда о родоначальнике Фарцовки Фиме Бляйшице</title>
	<filename>WELLER/fim_bl.txt</filename>
</book>
<book>
	<author>Веллер М</author>
	<title>Баллада о знамени</title>
	<filename>WELLER/flag.txt</filename>
</book>
<book>
	<author>Веллер М</author>
	<title>Ворожея</title>
	<filename>WELLER/forttell.txt</filename>
</book>
<book>
	<author>Веллер М</author>
	<title>Плановое счастье</title>
	<filename>WELLER/fortune.txt</filename>
</book>
<book>
	<author>Веллер М</author>
	<title>Свободу не подарят</title>
	<filename>WELLER/freedom.txt</filename>
</book>
<book>
	<author>Веллер М</author>
	<title>Травой поросло</title>
	<filename>WELLER/grasgrow.txt</filename>
</book>
<book>
	<author>Веллер М</author>
	<title>Нас горю не состарить</title>
	<filename>WELLER/grief.txt</filename>
</book>
<book>
	<author>Веллер М</author>
	<title>Испытатели счастья</title>
	<filename>WELLER/happtest.txt</filename>
</book>
<book>
	<author>Веллер М</author>
	<title>Разбиватель сердец</title>
	<filename>WELLER/heartbrk.txt</filename>
</book>
<book>
	<author>Веллер М</author>
	<title>А вот те шиш</title>
	<filename>WELLER/here_fig.txt</filename>
</book>
<book>
	<author>Веллер М</author>
	<title>История рассказа</title>
	<filename>WELLER/history.txt</filename>
</book>
<book>
	<author>Веллер М</author>
	<title>Святой из десанта</title>
	<filename>WELLER/holy.txt</filename>
</book>
<book>
	<author>Веллер М</author>
	<title>Конь на один перегон</title>
	<filename>WELLER/horse.txt</filename>
</book>
<book>
	<author>Веллер М</author>
	<title>Зануда</title>
	<filename>WELLER/humdrum.txt</filename>
</book>
<book>
	<author>Веллер М</author>
	<title>Идиллия</title>
	<filename>WELLER/idyll.txt</filename>
</book>
<book>
	<author>Веллер М</author>
	<title>Положение во гроб</title>
	<filename>WELLER/in_grave.txt</filename>
</book>
<book>
	<author>Веллер М</author>
	<title>Мимоходом</title>
	<filename>WELLER/inpassin.txt</filename>
</book>
<book>
	<author>Веллер М</author>
	<title>В ролях</title>
	<filename>WELLER/in_roles.txt</filename>
</book>
<book>
	<author>Веллер М</author>
	<title>Хочу быть дворником</title>
	<filename>WELLER/janitor.txt</filename>
</book>
<book>
	<author>Веллер М</author>
	<title>Лаокоон</title>
	<filename>WELLER/laokoon.txt</filename>
</book>
<book>
	<author>Веллер М</author>
	<title>Легионер</title>
	<filename>WELLER/legioner.txt</filename>
</book>
<book>
	<author>Веллер М</author>
	<title>Поживем - увидим</title>
	<filename>WELLER/live&amp;see.txt</filename>
</book>
<book>
	<author>Веллер М</author>
	<title>Марина</title>
	<filename>WELLER/marina.txt</filename>
</book>
<book>
	<author>Веллер М</author>
	<title>Маузер Папанина</title>
	<filename>WELLER/mauzer.txt</filename>
</book>
<book>
	<author>Веллер М</author>
	<title>Миг</title>
	<filename>WELLER/moment.txt</filename>
</book>
<book>
	<author>Веллер М</author>
	<title>Московское время</title>
	<filename>WELLER/mosctime.txt</filename>
</book>
<book>
	<author>Веллер М</author>
	<title>Легенда о Моше Даяне</title>
	<filename>WELLER/moysha.txt</filename>
</book>
<book>
	<author>Веллер М</author>
	<title>Узкоколейка</title>
	<filename>WELLER/narrgaug.txt</filename>
</book>
<book>
	<author>Веллер М</author>
	<title>Ничего смешного</title>
	<filename>WELLER/notamuse.txt</filename>
</book>
<book>
	<author>Веллер М</author>
	<title>Ничего не происходит</title>
	<filename>WELLER/nothing.txt</filename>
</book>
<book>
	<author>Веллер М</author>
	<title>Не думаю о ней</title>
	<filename>WELLER/no_think.txt</filename>
</book>
<book>
	<author>Веллер М</author>
	<title>Нам некогда</title>
	<filename>WELLER/no_time.txt</filename>
</book>
<book>
	<author>Веллер М</author>
	<title>Ни о чем</title>
	<filename>WELLER/not_what.txt</filename>
</book>
<book>
	<author>Веллер М</author>
	<title>Океан</title>
	<filename>WELLER/ocean.txt</filename>
</book>
<book>
	<author>Веллер М</author>
	<title>Старый мотив</title>
	<filename>WELLER/oldmotiv.txt</filename>
</book>
<book>
	<author>Веллер М</author>
	<title>Апельсины</title>
	<filename>WELLER/oranges.txt</filename>
</book>
<book>
	<author>Веллер М</author>
	<title>Легенда о заблудшем патриоте</title>
	<filename>WELLER/patriot.txt</filename>
</book>
<book>
	<author>Веллер М</author>
	<title>Недорогие удовольствия</title>
	<filename>WELLER/pleasure.txt</filename>
</book>
<book>
	<author>Веллер М</author>
	<title>Точка  зрения</title>
	<filename>WELLER/pointvie.txt</filename>
</book>
<book>
	<author>Веллер М</author>
	<title>Кошелек</title>
	<filename>WELLER/purse.txt</filename>
</book>
<book>
	<author>Веллер М</author>
	<title>Цитаты</title>
	<filename>WELLER/quotatio.txt</filename>
</book>
<book>
	<author>Веллер М</author>
	<title>Легенда о соцреалисте</title>
	<filename>WELLER/realist.txt</filename>
</book>
<book>
	<author>Веллер М</author>
	<title>Возвращение</title>
	<filename>WELLER/return.txt</filename>
</book>
<book>
	<author>Веллер М</author>
	<title>Колечко</title>
	<filename>WELLER/ring.txt</filename>
</book>
<book>
	<author>Веллер М</author>
	<title>Правила всемогущества</title>
	<filename>WELLER/rules.txt</filename>
</book>
<book>
	<author>Веллер М</author>
	<title>Самовар</title>
	<filename>WELLER/samowar.txt</filename>
</book>
<book>
	<author>Веллер М</author>
	<title>Легенда о морском параде</title>
	<filename>WELLER/seaparad.txt</filename>
</book>
<book>
	<author>Веллер М</author>
	<title>Идет съемка</title>
	<filename>WELLER/shooting.txt</filename>
</book>
<book>
	<author>Веллер М</author>
	<title>Сестрам по серьгам</title>
	<filename>WELLER/sisters.txt</filename>
</book>
<book>
	<author>Веллер М</author>
	<title>Небо над головой</title>
	<filename>WELLER/sky.txt</filename>
</book>
<book>
	<author>Веллер М</author>
	<title>Паук</title>
	<filename>WELLER/spider.txt</filename>
</book>
<book>
	<author>Веллер М</author>
	<title>Легенда о стажере</title>
	<filename>WELLER/stager.txt</filename>
</book>
<book>
	<author>Веллер М</author>
	<title>Байки скорой помощи</title>
	<filename>WELLER/tales.txt</filename>
</book>
<book>
	<author>Веллер М</author>
	<title>Гуру</title>
	<filename>WELLER/teacher.txt</filename>
</book>
<book>
	<author>Веллер М</author>
	<title>Думы</title>
	<filename>WELLER/thoughts.txt</filename>
</book>
<book>
	<author>Веллер М</author>
	<title>Муки творчества</title>
	<filename>WELLER/torments.txt</filename>
</book>
<book>
	<author>Веллер М</author>
	<title>Разные судьбы</title>
	<filename>WELLER/var_fats.txt</filename>
</book>
<book>
	<author>Веллер М</author>
	<title>Нежелательный вариант</title>
	<filename>WELLER/variant.txt</filename>
</book>
<book>
	<author>Веллер М</author>
	<title>Легенда о теплоходе "Вера Артюхова"</title>
	<filename>WELLER/veraship.txt</filename>
</book>
<book>
	<author>Веллер М</author>
	<title>Бог войны</title>
	<filename>WELLER/war_god.txt</filename>
</book>
<book>
	<author>Веллер М</author>
	<title>Оружейник Тарасюк</title>
	<filename>WELLER/weapmake.txt</filename>
</book>
<book>
	<author>Веллер М</author>
	<title>Свистульки</title>
	<filename>WELLER/whistles.txt</filename>
</book>
<book>
	<author>Веллер М</author>
	<title>Кто есть кто?</title>
	<filename>WELLER/whoiswho.txt</filename>
</book>
<book>
	<author>Веллер М</author>
	<title>Хочу в Париж</title>
	<filename>WELLER/wishpari.txt</filename>
</book>
<book>
	<author>Веллер М</author>
	<title>Шаман</title>
	<filename>WELLER/wizard.txt</filename>
</book>
<book>
	<author>Веллер М</author>
	<title>Приключения майора Звягина</title>
	<filename>WELLER/zwqgin.txt</filename>
</book>
<book>
	<author>Веселый А</author>
	<title>Мы</title>
	<filename>WESELYJ/we.txt</filename>
</book>
<book>
	<author>Уайт Т Х</author>
	<title>Книга Мерлина</title>
	<filename>WHITE/bm.txt</filename>
</book>
<book>
	<author>Уайт Т Х</author>
	<title>Меч в камне (дополнительные главы)</title>
	<filename>WHITE/king.txt</filename>
</book>
<book>
	<author>Уайт Т Х</author>
	<title>Отдохновение миссис Мэшем</title>
	<filename>WHITE/masham.txt</filename>
</book>
<book>
	<author>Уайт Т Х</author>
	<title>Хозяин</title>
	<filename>WHITE/master.txt</filename>
</book>
<book>
	<author>Виан Б</author>
	<title>Блюз для черного кота</title>
	<filename>WIAN/bluescat.txt</filename>
</book>
<book>
	<author>Виан Б</author>
	<title>Мертвые все одного цвета</title>
	<filename>WIAN/mertwye.txt</filename>
</book>
<book>
	<author>Виан Б</author>
	<title>Я приду плюнуть на ваши могилы</title>
	<filename>WIAN/mogily.txt</filename>
</book>
<book>
	<author>Виан Б</author>
	<title>Мурашки</title>
	<filename>WIAN/murashki.txt</filename>
</book>
<book>
	<author>Виан Б</author>
	<title>Пена дней</title>
	<filename>WIAN/pena.txt</filename>
</book>
<book>
	<author>Виан Б</author>
	<title>Поездка в Херостров</title>
	<filename>WIAN/poezdka.txt</filename>
</book>
<book>
	<author>Виан Б</author>
	<title>Рак</title>
	<filename>WIAN/rak.txt</filename>
</book>
<book>
	<author>Виан Б</author>
	<title>Красная трава</title>
	<filename>WIAN/redgrass.txt</filename>
</book>
<book>
	<author></author>
	<title>Две рецензии на книги: Борис Виан "Собрание сочинений"</title>
	<filename>WIAN/russ.txt</filename>
</book>
<book>
	<author>Виан Б</author>
	<title>Дохлые рыбы</title>
	<filename>WIAN/ryby.txt</filename>
</book>
<book>
	<author>Виан Б</author>
	<title>Сердцедер</title>
	<filename>WIAN/serdceder.txt</filename>
</book>
<book>
	<author>Виан Б</author>
	<title>Желторотая тетеря</title>
	<filename>WIAN/teterya.txt</filename>
</book>
<book>
	<author>Виан Б</author>
	<title>Пенсионер</title>
	<filename>WIAN/trali_pension.txt</filename>
</book>
<book>
	<author>Виан Б</author>
	<title>Пожарники</title>
	<filename>WIAN/trali_pozhr.txt</filename>
</book>
<book>
	<author>Виан Б</author>
	<title>Зовут</title>
	<filename>WIAN/trali_zowut.txt</filename>
</book>
<book>
	<author>Виан Б</author>
	<title>Пустынная тропа</title>
	<filename>WIAN/tropa.txt</filename>
</book>
<book>
	<author>Виан Б</author>
	<title>Туман</title>
	<filename>WIAN/tuman.txt</filename>
</book>
<book>
	<author>Виан Б</author>
	<title>Прилежные ученики</title>
	<filename>WIAN/ucheniki.txt</filename>
</book>
<book>
	<author>Виан Б</author>
	<title>Водопроводчик</title>
	<filename>WIAN/wodopro.txt</filename>
</book>
<book>
	<author>Виан Б</author>
	<title>Чем опасны классики</title>
	<filename>WIAN/wolk_class.txt</filename>
</book>
<book>
	<author>Виан Б</author>
	<title>Печальная история</title>
	<filename>WIAN/wolk_istoria.txt</filename>
</book>
<book>
	<author>Виан Б</author>
	<title>Вечеринка у Леобиля</title>
	<filename>WIAN/wolk_leob.txt</filename>
</book>
<book>
	<author>Виан Б</author>
	<title>Любовь слепа</title>
	<filename>WIAN/wolk_love.txt</filename>
</book>
<book>
	<author>Виан Б</author>
	<title>Все как по маслу</title>
	<filename>WIAN/wolk_masl.txt</filename>
</book>
<book>
	<author>Виан Б</author>
	<title>Мыслитель</title>
	<filename>WIAN/wolk_mysl.txt</filename>
</book>
<book>
	<author>Виан Б</author>
	<title>Соглядатай</title>
	<filename>WIAN/wolk_sogl.txt</filename>
</book>
<book>
	<author>Виан Б</author>
	<title>Волк-оборотень</title>
	<filename>WIAN/wolk.txt</filename>
</book>
<book>
	<author>Виан Б</author>
	<title>Золотое сердце</title>
	<filename>WIAN/wolk_zolt.txt</filename>
</book>
<book>
	<author>Уайлд О</author>
	<title>Портрет Дориана Грея</title>
	<filename>WILDE/doriangray.txt</filename>
</book>
<book>
	<author>Уайльд О</author>
	<title>Упадок искусства лжи</title>
	<filename>WILDE/esse_upadok.txt</filename>
</book>
<book>
	<author>Уайлд О</author>
	<title>Настоящий друг</title>
	<filename>WILDE/friend.txt</filename>
</book>
<book>
	<author>Уайлд О</author>
	<title>Необыкновенная история, случившаяся с патроном для фейерверка</title>
	<filename>WILDE/istoriya.txt</filename>
</book>
<book>
	<author>Уайлд О</author>
	<title>Счастливый Принц</title>
	<filename>WILDE/prince.txt</filename>
</book>
<book>
	<author>Уайлд О</author>
	<title>Рыбак и его душа</title>
	<filename>WILDE/rybak.txt</filename>
</book>
<book>
	<author>Уайлд О</author>
	<title>Звездный Мальчик</title>
	<filename>WILDE/starboy.txt</filename>
</book>
<book>
	<author>Уайлд О</author>
	<title>Мальчик и Великан</title>
	<filename>WILDE/velikan.txt</filename>
</book>
<book>
	<author>Визбор Ю</author>
	<title>Альтернатива вершины Ключ</title>
	<filename>WIZBOR/alternativa.txt</filename>
</book>
<book>
	<author>Визбор Ю</author>
	<title>Завтрак с видом на Эльбрус</title>
	<filename>WIZBOR/elbrus.txt</filename>
</book>
<book>
	<author>Визбор Ю</author>
	<title>Когда все были вместе</title>
	<filename>WIZBOR/ewerybody.txt</filename>
</book>
<book>
	<author>Визбор Ю</author>
	<title>Подарок</title>
	<filename>WIZBOR/gift.txt</filename>
</book>
<book>
	<author></author>
	<title>Три вопроса менестрелям</title>
	<filename>WIZBOR/interview.txt</filename>
</book>
<book>
	<author>Визбор Ю</author>
	<title>Памяти Владимира Красновского</title>
	<filename>WIZBOR/krasnowskij.txt</filename>
</book>
<book>
	<author>Визбор Ю</author>
	<title>Банка удачи</title>
	<filename>WIZBOR/luck_can.txt</filename>
</book>
<book>
	<author>Визбор Ю</author>
	<title>Формула времени</title>
	<filename>WIZBOR/okudjava.txt</filename>
</book>
<book>
	<author>Визбор Ю</author>
	<title>Легенда седого Эльбруса</title>
	<filename>WIZBOR/old_glory.txt</filename>
</book>
<book>
	<author>Визбор Ю</author>
	<title>Оркестр в лесу</title>
	<filename>WIZBOR/orkestr.txt</filename>
</book>
<book>
	<author>Визбор Ю</author>
	<title>Люди идут по свету</title>
	<filename>WIZBOR/poeples.txt</filename>
</book>
<book>
	<author>Визбор Ю</author>
	<title>Репшнур-веревочка. Фельетон</title>
	<filename>WIZBOR/repshnur.txt</filename>
</book>
<book>
	<author>Визбор Ю</author>
	<title>Песни делает время</title>
	<filename>WIZBOR/songs_and_time.txt</filename>
</book>
<book>
	<author>Визбор Ю</author>
	<title>Автор песни</title>
	<filename>WIZBOR/songs_author.txt</filename>
</book>
<book>
	<author>Визбор Ю</author>
	<title>Вечно студенческие</title>
	<filename>WIZBOR/students.txt</filename>
</book>
<book>
	<author>Визбор Ю</author>
	<title>Старым путем</title>
	<filename>WIZBOR/suharew.txt</filename>
</book>
<book>
	<author></author>
	<title>Свой голос</title>
	<filename>WIZBOR/voice.txt</filename>
</book>
<book>
	<author>Визбор Ю</author>
	<title>Он не вернулся из боя</title>
	<filename>WIZBOR/wysotskij.txt</filename>
</book>
<book>
	<author>Во И</author>
	<title>Черная беда</title>
	<filename>WO/black.txt</filename>
</book>
<book>
	<author>Во И</author>
	<title>Возвращение в Брайдсхед</title>
	<filename>WO/brajdshed.txt</filename>
</book>
<book>
	<author>Во И</author>
	<title>Званый вечер у Беллы Флис</title>
	<filename>WO/flis.txt</filename>
</book>
<book>
	<author>Во И</author>
	<title>Коронация 1930 года</title>
	<filename>WO/frag_30.txt</filename>
</book>
<book>
	<author>Волков А</author>
	<title>О чем молчали газеты...</title>
	<filename>WOLKOW/buran.txt</filename>
</book>
<book>
	<author>Волков А, Новиков  А</author>
	<title>Дорога</title>
	<filename>WOLKOW/Doroga.txt</filename>
</book>
<book>
	<author>Волков А, Новиков  А</author>
	<title>Эпилог</title>
	<filename>WOLKOW/Epilog.txt</filename>
</book>
<book>
	<author>Волков А, Новиков  А</author>
	<title>Гениальный пень</title>
	<filename>WOLKOW/GenialnyiPen.txt</filename>
</book>
<book>
	<author>Волков А, Новиков  А</author>
	<title>На войне, как на войне</title>
	<filename>WOLKOW/NaVoineKakNaVoine.txt</filename>
</book>
<book>
	<author>Волков А, Новиков  А</author>
	<title>Преступление и наказание</title>
	<filename>WOLKOW/PrestuplenieINakazanie.txt</filename>
</book>
<book>
	<author>Волков А</author>
	<title>Волшебник Изумрудного города</title>
	<filename>WOLKOW/volkov1.txt</filename>
</book>
<book>
	<author>Волков А</author>
	<title>Урфин Джюс и его деревянные солдаты</title>
	<filename>WOLKOW/volkov2.txt</filename>
</book>
<book>
	<author>Волков А</author>
	<title>Семь подземных королей</title>
	<filename>WOLKOW/volkov3.txt</filename>
</book>
<book>
	<author>Волков А</author>
	<title>Огненный бог марранов</title>
	<filename>WOLKOW/volkov4.txt</filename>
</book>
<book>
	<author>Волков А</author>
	<title>Желтый туман</title>
	<filename>WOLKOW/volkov5.txt</filename>
</book>
<book>
	<author>Волков А</author>
	<title>Тайна заброшенного замка</title>
	<filename>WOLKOW/volkov6.txt</filename>
</book>
<book>
	<author>Волков А, Новиков  А</author>
	<title>Мир спящего колдуна</title>
	<filename>WOLKOW/warlock.txt</filename>
</book>
<book>
	<author>Во И</author>
	<title>Любовь среди руин</title>
	<filename>WO/love.txt</filename>
</book>
<book>
	<author>Во И</author>
	<title>Незабвенная</title>
	<filename>WO/nezabwennaya.txt</filename>
</book>
<book>
	<author>Во И</author>
	<title>Мерзкая плоть</title>
	<filename>WO/plot.txt</filename>
</book>
<book>
	<author>Во И</author>
	<title>Морское путешествие (письма дочки богатых родителей)</title>
	<filename>WO/r_1.txt</filename>
</book>
<book>
	<author>Во И</author>
	<title>Коротенький отпуск мистера Лавдэя</title>
	<filename>WO/r_2.txt</filename>
</book>
<book>
	<author>Во И</author>
	<title>Дом англичанина</title>
	<filename>WO/r_3.txt</filename>
</book>
<book>
	<author>Во И</author>
	<title>Тактические занятия</title>
	<filename>WO/r_4.txt</filename>
</book>
<book>
	<author>Воскобойников В</author>
	<title>Блистательный Гильгамеш</title>
	<filename>WOSKOBOJNIKOW/gilgamesh.txt</filename>
</book>
<book>
	<author>Во И</author>
	<title>Тактические учения</title>
	<filename>WO/tactics.txt</filename>
</book>
<book>
	<author>Суворов В</author>
	<title>Аквариум</title>
	<filename>WSUWOROW/akwarium.txt</filename>
</book>
<book>
	<author>Суворов В</author>
	<title>Ледокол</title>
	<filename>WSUWOROW/icebreak.txt</filename>
</book>
<book>
	<author></author>
	<title>Интервью с Виктором Суворовым</title>
	<filename>WSUWOROW/interview.txt</filename>
</book>
<book>
	<author>Суворов В</author>
	<title>Последняя республика</title>
	<filename>WSUWOROW/lastrep.txt</filename>
</book>
<book>
	<author>Суворов В</author>
	<title>День "М"</title>
	<filename>WSUWOROW/m-day.txt</filename>
</book>
<book>
	<author>Суворов В</author>
	<title>Очищение</title>
	<filename>WSUWOROW/ochishenie.txt</filename>
</book>
<book>
	<author>Суворов В</author>
	<title>Освободитель</title>
	<filename>WSUWOROW/oswoboditel.txt</filename>
</book>
<book>
	<author>Митрофанов С</author>
	<title>Рецензия: Виктор Суворов.Очищение.Зачем Сталин обезглавил свою армию?</title>
	<filename>WSUWOROW/rec_och.txt</filename>
</book>
<book>
	<author>Максимов Н</author>
	<title>Кочегар с Ледокола</title>
	<filename>WSUWOROW/vestikochegar.txt</filename>
</book>
<book>
	<author>Суворов В</author>
	<title>Секретная история (статья)</title>
	<filename>WSUWOROW/vesti.txt</filename>
</book>
<book>
	<author></author>
	<title>Стихи, посвященные В.Высоцкому</title>
	<filename>WYSOCKIJ/about.txt</filename>
</book>
<book>
	<author></author>
	<title>Стихи предположительно В.Высоцкого или ему приписываемые</title>
	<filename>WYSOCKIJ/alldubia.txt</filename>
</book>
<book>
	<author></author>
	<title>Содержание</title>
	<filename>WYSOCKIJ/contents.txt</filename>
</book>
<book>
	<author>Высоцкий В</author>
	<title>Дельфины и психи</title>
	<filename>WYSOCKIJ/delfin.txt</filename>
</book>
<book>
	<author>Стихи, Высоцкого  п н и В</author>
	<title>DUBIA</title>
	<filename>WYSOCKIJ/dubia.txt</filename>
</book>
<book>
	<author></author>
	<title>Комментарий к текстам со спорным авторством</title>
	<filename>WYSOCKIJ/list.txt</filename>
</book>
<book>
	<author>Высоцкий В</author>
	<title>Наброски и неоконченные произведения</title>
	<filename>WYSOCKIJ/neokon.txt</filename>
</book>
<book>
	<author></author>
	<title>Научная Конференция в Доме Высоцкого 8-12 апр 1998</title>
	<filename>WYSOCKIJ/news.txt</filename>
</book>
<book>
	<author></author>
	<title>Стихи предположительно В.Высоцкого или ему приписываемые</title>
	<filename>WYSOCKIJ/newtext.txt</filename>
</book>
<book>
	<author>ПЕСЕН К 4, РОМАН , РЕЧИ , СТАТЬИ , ДОКУМЕНТЫ </author>
	<title>800 Kb</title>
	<filename>WYSOCKIJ/ogl.txt</filename>
</book>
<book>
	<author></author>
	<title>Послесловие к двухтомнику</title>
	<filename>WYSOCKIJ/poslesl.txt</filename>
</book>
<book>
	<author>Высоцкий В</author>
	<title>Роман о девочках</title>
	<filename>WYSOCKIJ/prosa1.txt</filename>
</book>
<book>
	<author></author>
	<title>                             - 361 -</title>
	<filename>WYSOCKIJ/prosa.txt</filename>
</book>
<book>
	<author>Высоцкий В</author>
	<title>1960 год</title>
	<filename>WYSOCKIJ/v60.txt</filename>
</book>
<book>
	<author>Высоцкий В</author>
	<title>1961 год</title>
	<filename>WYSOCKIJ/v61.txt</filename>
</book>
<book>
	<author>Высоцкий В</author>
	<title>1962 год</title>
	<filename>WYSOCKIJ/v62.txt</filename>
</book>
<book>
	<author>Высоцкий В</author>
	<title>1963 год</title>
	<filename>WYSOCKIJ/v63.txt</filename>
</book>
<book>
	<author>Высоцкий В</author>
	<title>1964 год</title>
	<filename>WYSOCKIJ/v64.txt</filename>
</book>
<book>
	<author>Высоцкий В</author>
	<title>1965 год</title>
	<filename>WYSOCKIJ/v65.txt</filename>
</book>
<book>
	<author>Высоцкий В</author>
	<title>1966 год</title>
	<filename>WYSOCKIJ/v66.txt</filename>
</book>
<book>
	<author>Высоцкий В</author>
	<title>1967 год</title>
	<filename>WYSOCKIJ/v67.txt</filename>
</book>
<book>
	<author>Высоцкий В</author>
	<title>1968 год</title>
	<filename>WYSOCKIJ/v68.txt</filename>
</book>
<book>
	<author>Высоцкий В</author>
	<title>1969 год</title>
	<filename>WYSOCKIJ/v69.txt</filename>
</book>
<book>
	<author>Высоцкий В</author>
	<title>1970 год</title>
	<filename>WYSOCKIJ/v70.txt</filename>
</book>
<book>
	<author>Высоцкий В</author>
	<title>1971 год</title>
	<filename>WYSOCKIJ/v71.txt</filename>
</book>
<book>
	<author>Высоцкий В</author>
	<title>1972 год</title>
	<filename>WYSOCKIJ/v72.txt</filename>
</book>
<book>
	<author>Высоцкий В</author>
	<title>1973 год</title>
	<filename>WYSOCKIJ/v73.txt</filename>
</book>
<book>
	<author>Высоцкий В</author>
	<title>1974 год</title>
	<filename>WYSOCKIJ/v74.txt</filename>
</book>
<book>
	<author>Высоцкий В</author>
	<title>1975 год</title>
	<filename>WYSOCKIJ/v75.txt</filename>
</book>
<book>
	<author>Высоцкий В</author>
	<title>1976 год</title>
	<filename>WYSOCKIJ/v76.txt</filename>
</book>
<book>
	<author>Высоцкий В</author>
	<title>1977 год</title>
	<filename>WYSOCKIJ/v77.txt</filename>
</book>
<book>
	<author>Высоцкий В</author>
	<title>1978 год</title>
	<filename>WYSOCKIJ/v78.txt</filename>
</book>
<book>
	<author>Высоцкий В</author>
	<title>1979 год</title>
	<filename>WYSOCKIJ/v79.txt</filename>
</book>
<book>
	<author>Высоцкий В</author>
	<title>1980 год</title>
	<filename>WYSOCKIJ/v80.txt</filename>
</book>
<book>
	<author>Высоцкий В</author>
	<title>19?? год</title>
	<filename>WYSOCKIJ/vnn.txt</filename>
</book>
<book>
	<author></author>
	<title>Vladimir Vysotsky's Translations By Andrey Kneller</title>
	<filename>WYSOCKIJ/vysotsky_engl1.txt</filename>
</book>
<book>
	<author></author>
	<title>Vladimir Vysotsky's Translations by Eugenia Weinstein</title>
	<filename>WYSOCKIJ/vysotsky_engl2.txt</filename>
</book>

</books>

