<?xml version="1.0" encoding="UTF-8" ?>
<books>

<book>
	<author>Парфенов К</author>
	<title>Банковский учет и операционая техника</title>
	<filename>ECONOMY/PARFENOW/bankuchet.txt</filename>
</book>
<book>
	<author></author>
	<title>Себестоимость в банках (Сборник нормативных документов)</title>
	<filename>ECONOMY/PARFENOW/sebestoimost.txt</filename>
</book>
<book>
	<author></author>
	<title>Ефремов Иван Антонович (1907-1972)</title>
	<filename>EFREMOW/biography.txt</filename>
</book>
<book>
	<author>Ефремов И</author>
	<title>Лезвие бритвы (Части 1,2)</title>
	<filename>EFREMOW/blade1.txt</filename>
</book>
<book>
	<author>Ефремов И</author>
	<title>Лезвие бритвы (Части 3,4)</title>
	<filename>EFREMOW/blade2.txt</filename>
</book>
<book>
	<author>Ефремов И</author>
	<title>Час быка</title>
	<filename>EFREMOW/chas.txt</filename>
</book>
<book>
	<author>Ефремов И</author>
	<title>На краю Ойкумены</title>
	<filename>EFREMOW/ojkumena.txt</filename>
</book>
<book>
	<author>Ефремов И</author>
	<title>Сердце змеи</title>
	<filename>EFREMOW/serdze.txt</filename>
</book>
<book>
	<author>Ефремов И</author>
	<title>Таис Афинская</title>
	<filename>EFREMOW/tais.txt</filename>
</book>
<book>
	<author>Ефремов И</author>
	<title>Туманность Андромеды</title>
	<filename>EFREMOW/tuman.txt</filename>
</book>
<book>
	<author>Ефремов И</author>
	<title>Дорога ветров</title>
	<filename>EFREMOW/windroad.txt</filename>
</book>
<book>
	<author>Ефремов И</author>
	<title>Звездные корабли</title>
	<filename>EFREMOW/zvezd.txt</filename>
</book>
<book>
	<author>Гарднер Э С</author>
	<title>Бархатные коготки</title>
	<filename>EGARDNER/mason_01.txt</filename>
</book>
<book>
	<author>Гарднер Э С</author>
	<title>Мрачная девушка</title>
	<filename>EGARDNER/mason_02.txt</filename>
</book>
<book>
	<author>Гарднер Э С</author>
	<title>Любопытная новобрачная</title>
	<filename>EGARDNER/mason_05.txt</filename>
</book>
<book>
	<author>Гарднер Э С</author>
	<title>Кот привратника</title>
	<filename>EGARDNER/mason_07.txt</filename>
</book>
<book>
	<author>Гарднер Э С</author>
	<title>Рисковая вдова</title>
	<filename>EGARDNER/mason_10.txt</filename>
</book>
<book>
	<author>Гарднер Э С</author>
	<title>Лжесвидетельствующий попугай</title>
	<filename>EGARDNER/mason_14.txt</filename>
</book>
<book>
	<author>Гарднер Э С</author>
	<title>Сонный москит</title>
	<filename>EGARDNER/mason_23.txt</filename>
</book>
<book>
	<author>Гарднер Э С</author>
	<title>Блондинка с подбитым глазом</title>
	<filename>EGARDNER/mason_25.txt</filename>
</book>
<book>
	<author>Гарднер Э С</author>
	<title>Дело о золотых рыбках</title>
	<filename>EGARDNER/mason_26.txt</filename>
</book>
<book>
	<author>Гарднер Э С</author>
	<title>Требуется привлекательная брюнетка</title>
	<filename>EGARDNER/mason_28.txt</filename>
</book>
<book>
	<author>Гарднер Э С</author>
	<title>Дело о ленивом любовнике</title>
	<filename>EGARDNER/mason_30.txt</filename>
</book>
<book>
	<author>Гарднер Э С</author>
	<title>Дело одинокой наследницы</title>
	<filename>EGARDNER/mason_31.txt</filename>
</book>
<book>
	<author>Гарднер Э С</author>
	<title>Девственница-бродяга</title>
	<filename>EGARDNER/mason_32.txt</filename>
</book>
<book>
	<author>Гарднер Э С</author>
	<title>Кокетка в разводе</title>
	<filename>EGARDNER/mason_34.txt</filename>
</book>
<book>
	<author>Гарднер Э С</author>
	<title>Дело небрежной нимфы</title>
	<filename>EGARDNER/mason_35.txt</filename>
</book>
<book>
	<author>Гарднер Э С</author>
	<title>Показания одноглазой свидетельницы</title>
	<filename>EGARDNER/mason_36.txt</filename>
</book>
<book>
	<author>Гарднер Э С</author>
	<title>Изъеденная молью норка</title>
	<filename>EGARDNER/mason_39.txt</filename>
</book>
<book>
	<author>Гарднер Э С</author>
	<title>Оскал гориллы</title>
	<filename>EGARDNER/mason_40.txt</filename>
</book>
<book>
	<author>Гарднер Э С</author>
	<title>Сбежавшая медсестра</title>
	<filename>EGARDNER/mason_43.txt</filename>
</book>
<book>
	<author>Гарднер Э С</author>
	<title>Дневник загорающей</title>
	<filename>EGARDNER/mason_47.txt</filename>
</book>
<book>
	<author>Гарднер Э С</author>
	<title>Дело об испуганной машинистке</title>
	<filename>EGARDNER/mason_49.txt</filename>
</book>
<book>
	<author>Гарднер Э С</author>
	<title>Дело об удачливом проигравшем</title>
	<filename>EGARDNER/mason_52.txt</filename>
</book>
<book>
	<author>Гарднер Э С</author>
	<title>Дело о кричащей женщине</title>
	<filename>EGARDNER/mason_53.txt</filename>
</book>
<book>
	<author>Гарднер Э С</author>
	<title>Поющая девушка</title>
	<filename>EGARDNER/mason_60.txt</filename>
</book>
<book>
	<author>Гарднер Э С</author>
	<title>Двойник дочери</title>
	<filename>EGARDNER/mason_62.txt</filename>
</book>
<book>
	<author>Гарднер Э С</author>
	<title>Тень стройной женщины</title>
	<filename>EGARDNER/mason_63.txt</filename>
</book>
<book>
	<author>Гарднер Э С</author>
	<title>Дважды неразведенный</title>
	<filename>EGARDNER/mason_65.txt</filename>
</book>
<book>
	<author>Гарднер Э С</author>
	<title>Белокурая удача</title>
	<filename>EGARDNER/mason_67.txt</filename>
</book>
<book>
	<author>Гарднер Э С</author>
	<title>Влюбленная тетушка</title>
	<filename>EGARDNER/mason_71.txt</filename>
</book>
<book>
	<author>Гарднер Э С</author>
	<title>Напуганные наследники</title>
	<filename>EGARDNER/mason_74.txt</filename>
</book>
<book>
	<author>Гарднер Э С</author>
	<title>Встревоженная официантка</title>
	<filename>EGARDNER/mason_77.txt</filename>
</book>
<book>
	<author>Гарднер Э С</author>
	<title>Королева красоты</title>
	<filename>EGARDNER/mason_78.txt</filename>
</book>
<book>
	<author>Гарднер Э С</author>
	<title>Небрежный купидон</title>
	<filename>EGARDNER/mason_79.txt</filename>
</book>
<book>
	<author>Гарднер Э С</author>
	<title>Женщина за колючей проволокой</title>
	<filename>EGARDNER/mason_81.txt</filename>
</book>
<book>
	<author>Гарднер Э С</author>
	<title>Отложенное убийство</title>
	<filename>EGARDNER/mason_82.txt</filename>
</book>
<book>
	<author>Гарднер Э С</author>
	<title>Женщина за колючей проволокой</title>
	<filename>EGARDNER/mason_85.txt</filename>
</book>
<book>
	<author>Гарднер Э С</author>
	<title>Отложенное убийство</title>
	<filename>EGARDNER/mason_86.txt</filename>
</book>
<book>
	<author>Гарднер Э С</author>
	<title>Дело об отпечатке губ</title>
	<filename>EGARDNER/otpechatok.txt</filename>
</book>
<book>
	<author>Гарднер Э С</author>
	<title>Дело очаровательного призрака</title>
	<filename>EGARDNER/prizrak.txt</filename>
</book>
<book>
	<author>Гарднер Э С</author>
	<title>Дело об абсолютном нуле</title>
	<filename>EGARDNER/subzero.txt</filename>
</book>
<book>
	<author>Сент-Экзюпери А д</author>
	<title>Цитадель</title>
	<filename>EKZUPERY/citadel.txt</filename>
</book>
<book>
	<author>Сент-Экзюпери А д</author>
	<title>Военный летчик</title>
	<filename>EKZUPERY/letchik.txt</filename>
</book>
<book>
	<author>Сент-Экзюпери А д</author>
	<title>Маленький принц</title>
	<filename>EKZUPERY/mprinc.txt</filename>
</book>
<book>
	<author>Сент-Экзюпери А д</author>
	<title>Ночной полет</title>
	<filename>EKZUPERY/nochnoypolet.txt</filename>
</book>
<book>
	<author>Сент-Экзюпери А д</author>
	<title>Планета людей</title>
	<filename>EKZUPERY/planeta.txt</filename>
</book>
<book>
	<author>Saint-Exupery A d</author>
	<title>Vol de nuit</title>
	<filename>EKZUPERY/volenuit.txt</filename>
</book>
<book>
	<author></author>
	<title>Английская поэззия в переводе на русский</title>
	<filename>ENGLISH/ballady.txt</filename>
</book>
<book>
	<author></author>
	<title>The participants of contest The Brave New World</title>
	<filename>ENGLISH/brave01.txt</filename>
</book>
<book>
	<author></author>
	<title>Mikhail Yeselson's Pages/ESL/Tenses</title>
	<filename>ENGLISH/esl.txt</filename>
</book>
<book>
	<author>Богатырев А</author>
	<title>Времена английского глагола</title>
	<filename>ENGLISH/glagol.txt</filename>
</book>
<book>
	<author>Курц Е</author>
	<title>Штучки (Странные вещи, которые можно купить онлайн)</title>
	<filename>ENGLISH/kurts.txt</filename>
</book>
<book>
	<author></author>
	<title>Five year phase-in plan for "EuroEnglish"</title>
	<filename>ENGLISH/rekonstr.txt</filename>
</book>
<book>
	<author></author>
	<title>Переводчики</title>
	<filename>ENGLISH/translators.txt</filename>
</book>
<book>
	<author>Ерофеев В</author>
	<title>Моя маленькая лениниана</title>
	<filename>EROFEEW/lenin.txt</filename>
</book>
<book>
	<author>Ерофеев В</author>
	<title>Москва - Петушки</title>
	<filename>EROFEEW/petushki.txt</filename>
</book>
<book>
	<author>Ерофеев В</author>
	<title>Василий Розанов глазами эксцентрика</title>
	<filename>EROFEEW/rozanow.txt</filename>
</book>
<book>
	<author>Ерофеев В</author>
	<title>Галоши</title>
	<filename>EROFEEW_WI/galoshi.txt</filename>
</book>
<book>
	<author>Ерофеев В</author>
	<title>Пять рек жизни</title>
	<filename>EROFEEW_WI/reka.txt</filename>
</book>
<book>
	<author>Етоев А</author>
	<title>Бегство в Египет</title>
	<filename>ETOEV/etoev02.txt</filename>
</book>
<book>
	<author>Етоев А</author>
	<title>Эксперт по вдохам и выдохам</title>
	<filename>ETOEV/etoev03.txt</filename>
</book>
<book>
	<author>Етоев А</author>
	<title>Пещное действо</title>
	<filename>ETOEV/etoev04.txt</filename>
</book>
<book>
	<author>Етоев А</author>
	<title>Человек человеку -- Лазарь</title>
	<filename>ETOEV/etoev05.txt</filename>
</book>
<book>
	<author>Етоев А</author>
	<title>Экспонат, или НАШИ В КОСМОСЕ</title>
	<filename>ETOEV/etoev06.txt</filename>
</book>
<book>
	<author>Етоев А</author>
	<title>Восьмая тайна вселенной</title>
	<filename>ETOEV/etoev07.txt</filename>
</book>
<book>
	<author>Етоев А</author>
	<title>Женя</title>
	<filename>ETOEV/etoev08.txt</filename>
</book>
<book>
	<author>Етоев А</author>
	<title>Обратная сторона Земли</title>
	<filename>ETOEV/kniaz.txt</filename>
</book>

</books>

