<?xml version="1.0" encoding="UTF-8" ?>
<books>
<book>
	<author>Ян В</author>
	<title>Батый</title>
	<filename>YAN/batyj.txt</filename>
</book>
<book>
	<author>Ян В Г</author>
	<title>Чингиз-хан (Книга 1)</title>
	<filename>YAN/ching01.txt</filename>
</book>
<book>
	<author>Ян В Г</author>
	<title>Чингиз-хан (Книга 2)</title>
	<filename>YAN/ching02.txt</filename>
</book>
<book>
	<author>Ян В Г</author>
	<title>К "последнему" морю</title>
	<filename>YAN/more.txt</filename>
</book>

</books>

