<?xml version="1.0" encoding="UTF-8" ?>
<books>
<book>
	<author>Дж М</author>
	<title>Бах. Архитектура операционной системы Unix</title>
	<filename>BACH/chap02.txt</filename>
</book>
<book>
	<author>3 Г</author>
	<title>БУФЕР СВЕРХОПЕРАТИВНОЙ ПАМЯТИ (КЕШ)</title>
	<filename>BACH/chap03.txt</filename>
</book>
<book>
	<author>4 Г</author>
	<title>ВНУТРЕННЕЕ ПРЕДСТАВЛЕНИЕ ФАЙЛОВ</title>
	<filename>BACH/chap04.txt</filename>
</book>
<book>
	<author>5 Г</author>
	<title>СИСТЕМНЫЕ ОПЕРАЦИИ ДЛЯ РАБОТЫ С ФАЙЛОВОЙ СИСТЕМОЙ</title>
	<filename>BACH/chap05.txt</filename>
</book>
<book>
	<author>6 Г</author>
	<title>СТРУКТУРА ПРОЦЕССОВ</title>
	<filename>BACH/chap06.txt</filename>
</book>
<book>
	<author>7 Г</author>
	<title>УПРАВЛЕНИЕ ПРОЦЕССАМИ</title>
	<filename>BACH/chap07.txt</filename>
</book>
<book>
	<author>8 Г</author>
	<title>ДИСПЕТЧЕРИЗАЦИЯ ПРОЦЕССОВ И ЕЕ ВРЕМЕННЫЕ ХАРАКТЕРИСТИКИ</title>
	<filename>BACH/chap08.txt</filename>
</book>
<book>
	<author>9 Г</author>
	<title>АЛГОРИТМЫ УПРАВЛЕНИЯ ПАМЯТЬЮ</title>
	<filename>BACH/chap09.txt</filename>
</book>
<book>
	<author>10 Г</author>
	<title>ПОДСИСТЕМА УПРАВЛЕНИЯ ВВОДОМ-ВЫВОДОМ</title>
	<filename>BACH/chap10.txt</filename>
</book>
<book>
	<author>11 Г</author>
	<title>ВЗАИМОДЕЙСТВИЕ ПРОЦЕССОВ</title>
	<filename>BACH/chap11.txt</filename>
</book>
<book>
	<author>12 Г</author>
	<title>МНОГОПРОЦЕССОРНЫЕ СИСТЕМЫ</title>
	<filename>BACH/chap12.txt</filename>
</book>
<book>
	<author>13 Г</author>
	<title>РАСПРЕДЕЛЕННЫЕ СИСТЕМЫ</title>
	<filename>BACH/chap13.txt</filename>
</book>
<book>
	<author>ПРИЛОЖЕНИЕ</author>
	<title>СИСТЕМНЫЕ ОПЕРАЦИИ</title>
	<filename>BACH/chapend.txt</filename>
</book>
<book>
	<author>Дж  М</author>
	<title>Бах. Архитектура операционной системы Unix</title>
	<filename>BACH/cont.txt</filename>
</book>
<book>
	<author>Бахаулла</author>
	<title>Сокровенные слова</title>
	<filename>BAHAUL/hidden.txt</filename>
</book>
<book>
	<author>Бахаулла</author>
	<title>Семь долин и Четыре долины</title>
	<filename>BAHAUL/sevenval.txt</filename>
</book>
<book>
	<author></author>
	<title>Воззвание Бахауллы царям и лидерам мира</title>
	<filename>BAHAUL/wozzwanie.txt</filename>
</book>
<book>
	<author>Baum L F</author>
	<title>The marvelous land of Oz</title>
	<filename>BAUM/oz_land.txt</filename>
</book>
<book>
	<author>Baum L F</author>
	<title>The wonderful wizard of Oz</title>
	<filename>BAUM/wiz_oz.txt</filename>
</book>
<book>
	<author>Бигль П С</author>
	<title>Архаические развлечения</title>
	<filename>BEAGLE/arhaich.txt</filename>
</book>
<book>
	<author>Бигль П</author>
	<title>Приходите, леди Смерть</title>
	<filename>BEAGLE/come.txt</filename>
</book>
<book>
	<author>Бигль П</author>
	<title>Лила, оборотень</title>
	<filename>BEAGLE/lila.txt</filename>
</book>
<book>
	<author>Бигль П</author>
	<title>Последний единорог</title>
	<filename>BEAGLE/unicorn7.txt</filename>
</book>
<book>
	<author>Бигль П С</author>
	<title>Последний единорог</title>
	<filename>BEAGLE/unicorn.txt</filename>
</book>
<book>
	<author></author>
	<title>"Последний единорог": несколько слов об этой книге</title>
	<filename>BEAGLE/uni_intro.txt</filename>
</book>
<book>
	<author>Бестер А</author>
	<title>5 271 009</title>
	<filename>BESTER/5271009.txt</filename>
</book>
<book>
	<author>Бестер А</author>
	<title>Дьявольский интерфейс</title>
	<filename>BESTER/connect.txt</filename>
</book>
<book>
	<author>Бестер А</author>
	<title>Обманщики</title>
	<filename>BESTER/deceiver.txt</filename>
</book>
<book>
	<author>Bester A</author>
	<title>The Demolished Man</title>
	<filename>BESTER/demolished.txt</filename>
</book>
<book>
	<author>Бестер А</author>
	<title>Человек без лица</title>
	<filename>BESTER/demolish.txt</filename>
</book>
<book>
	<author>Бестер А</author>
	<title>Божественный Фаренгейт</title>
	<filename>BESTER/farenhei.txt</filename>
</book>
<book>
	<author>Бестер А</author>
	<title>Четырехчасовая фуга</title>
	<filename>BESTER/fugue.txt</filename>
</book>
<book>
	<author>Бестер А</author>
	<title>Прекрасная Галатея</title>
	<filename>BESTER/galatea.txt</filename>
</book>
<book>
	<author>Бестер А</author>
	<title>Ад - это вечность</title>
	<filename>BESTER/hell_for.txt</filename>
</book>
<book>
	<author>Бестер А</author>
	<title>Они жили не так, как привыкли</title>
	<filename>BESTER/lifelike1.txt</filename>
</book>
<book>
	<author>Бестер А</author>
	<title>И живут не так, как прежде...</title>
	<filename>BESTER/lifelike.txt</filename>
</book>
<book>
	<author>Бестер А</author>
	<title>Звездочка светлая, звездочка ранняя</title>
	<filename>BESTER/lighstar.txt</filename>
</book>
<book>
	<author>Бестер А</author>
	<title>Ночная ваза с цветочным бордюром</title>
	<filename>BESTER/nighvase.txt</filename>
</book>
<book>
	<author>Бестер А</author>
	<title>Старик</title>
	<filename>BESTER/oldman.txt</filename>
</book>
<book>
	<author>Бестер А</author>
	<title>Феномен исчезновения</title>
	<filename>BESTER/phenomen.txt</filename>
</book>
<book>
	<author>Бестер А</author>
	<title>Пи-человек</title>
	<filename>BESTER/piman.txt</filename>
</book>
<book>
	<author>Бестер А, Желязны  Р</author>
	<title>Психолавка</title>
	<filename>BESTER/psychoshop.txt</filename>
</book>
<book>
	<author>Бестер А</author>
	<title>Тигр! Тигр!</title>
	<filename>BESTER/tiger.txt</filename>
</book>
<book>
	<author>Бестер А</author>
	<title>Время - предатель</title>
	<filename>BESTER/traitor.txt</filename>
</book>
<book>
	<author>Bester A</author>
	<title>The Flowered Thundermug</title>
	<filename>BESTER/vase.txt</filename>
</book>
<book>
	<author>Бестер А</author>
	<title>Выбор</title>
	<filename>BESTER/wybor.txt</filename>
</book>
<book>
	<author>Дацюк С</author>
	<title>Авторство и наука в Интернете</title>
	<filename>BIBLIOGR/dacuk.txt</filename>
</book>
<book>
	<author>Здобнов Н</author>
	<title>Библиография как историческая наука</title>
	<filename>BIBLIOGR/zdobnow.txt</filename>
</book>
<book>
	<author>Бомарше</author>
	<title>Севильский цирюльник</title>
	<filename>BOMARSHE/figaro1.txt</filename>
</book>
<book>
	<author>Бомарше</author>
	<title>Безумный день или женитьба Фигаро</title>
	<filename>BOMARSHE/figaro2.txt</filename>
</book>
<book>
	<author>Бомарше</author>
	<title>Преступная мать, или второй Тратюф</title>
	<filename>BOMARSHE/figaro3.txt</filename>
</book>
<book>
	<author>Борхес Х Л</author>
	<title>Фрагменты апокрифического Евангелия</title>
	<filename>BORHES/apok_env.txt</filename>
</book>
<book>
	<author>Борхес Х Л</author>
	<title>25 августа 1983 года</title>
	<filename>BORHES/aug25.txt</filename>
</book>
<book>
	<author>Борхес Х Л</author>
	<title>Богословы</title>
	<filename>BORHES/bogoslowy.txt</filename>
</book>
<book>
	<author>Борхес Х Л</author>
	<title>Книга вымышленных существ</title>
	<filename>BORHES/creature.txt</filename>
</book>
<book>
	<author>Борхес Х Л</author>
	<title>Чернильное зеркало</title>
	<filename>BORHES/ink_mirr.txt</filename>
</book>
<book>
	<author>Борхес Х Л</author>
	<title>Коллекция (Сборник рассказов)</title>
	<filename>BORHES/kniga.txt</filename>
</book>
<book>
	<author>Борхес Х Л</author>
	<title>Письмена бога</title>
	<filename>BORHES/letters.txt</filename>
</book>
<book>
	<author>Борхес Х Л</author>
	<title>Медаль</title>
	<filename>BORHES/medal.txt</filename>
</book>
<book>
	<author>Борхес Х Л</author>
	<title>Другой</title>
	<filename>BORHES/other.txt</filename>
</book>
<book>
	<author>Борхес Х Л</author>
	<title>Роза Парацельса</title>
	<filename>BORHES/rose_par.txt</filename>
</book>
<book>
	<author>Борхес Х Л</author>
	<title>Сад расходящихся тропок</title>
	<filename>BORHES/sad.txt</filename>
</book>
<book>
	<author>Борхес Х Л</author>
	<title>Из книги "Создатель"</title>
	<filename>BORHES/sozdatel.txt</filename>
</book>
<book>
	<author>Борхес Х Л</author>
	<title>Утопия усталого человека</title>
	<filename>BORHES/utopia.txt</filename>
</book>
<book>
	<author>Борхес Х Л</author>
	<title>Желтая  роза</title>
	<filename>BORHES/y_rose.txt</filename>
</book>
<book>
	<author></author>
	<title>Bridge clubs in New York</title>
	<filename>BRIDGE/bridgeclubsny.txt</filename>
</book>
<book>
	<author></author>
	<title>Московские бридж-клубы</title>
	<filename>BRIDGE/bridgeclubs.txt</filename>
</book>
<book>
	<author></author>
	<title>Термины преферанса</title>
	<filename>BRIDGE/glossary.txt</filename>
</book>
<book>
	<author>Келси Х</author>
	<title>Испытайте себя в игре на элиминацию</title>
	<filename>BRIDGE/k_elim.txt</filename>
</book>
<book>
	<author>Шейнволд А</author>
	<title>Кратчайший путь к победам в бридже</title>
	<filename>BRIDGE/kppb.txt</filename>
</book>
<book>
	<author>Кирсанов А</author>
	<title>Торговля типа "Американский стандарт"</title>
	<filename>BRIDGE/ksconv.txt</filename>
</book>
<book>
	<author></author>
	<title>Правила спортивного бриджа</title>
	<filename>BRIDGE/lawsa.txt</filename>
</book>
<book>
	<author>Берд Д</author>
	<title>Монастырь</title>
	<filename>BRIDGE/monast.txt</filename>
</book>
<book>
	<author>МГУ П</author>
	<title>Общие правила карточной игры преферанс</title>
	<filename>BRIDGE/prefprawila.txt</filename>
</book>
<book>
	<author></author>
	<title>Задачи по преферансу</title>
	<filename>BRIDGE/pref.txt</filename>
</book>
<book>
	<author>Риз Т</author>
	<title>Сыграйте с Ризом</title>
	<filename>BRIDGE/ris.txt</filename>
</book>
<book>
	<author></author>
	<title>Академ aka Ростов</title>
	<filename>BRIDGE/rostov.txt</filename>
</book>
<book>
	<author>Келси Х</author>
	<title>Испытайте себя в безопасном розыгрыше.</title>
	<filename>BRIDGE/safety.txt</filename>
</book>
<book>
	<author>Саймон С Д</author>
	<title>Почему  вы  проигрываете  в  бридж? (фрагмент книги)</title>
	<filename>BRIDGE/simon.txt</filename>
</book>
<book>
	<author>Ахингер Я</author>
	<title>Все о сквизе</title>
	<filename>BRIDGE/squiz.txt</filename>
</book>
<book>
	<author>Вард К</author>
	<title>Канадская Трефа в Панковской Опушке</title>
	<filename>BRIDGE/trefa.txt</filename>
</book>
<book>
	<author></author>
	<title>Всe, что вы всегда хотели знать о козырных атаках</title>
	<filename>BRIDGE/tr-lead.txt</filename>
</book>
<book>
	<author>Молло В</author>
	<title>Зоопарк</title>
	<filename>BRIDGE/zoo.txt</filename>
</book>
<book>
	<author>Бродский И</author>
	<title>Похороны Бобо</title>
	<filename>BRODSKIJ/bobo.txt</filename>
</book>
<book>
	<author>Бродский И</author>
	<title>На стороне Кавафиса</title>
	<filename>BRODSKIJ/br_cavafy.txt</filename>
</book>
<book>
	<author>Бродский И</author>
	<title>Демократия!</title>
	<filename>BRODSKIJ/br_democracy.txt</filename>
</book>
<book>
	<author>Бродский И</author>
	<title>О Достоевском</title>
	<filename>BRODSKIJ/br_dost.txt</filename>
</book>
<book>
	<author>Бродский И</author>
	<title>Из книги эссе. переводы с Английского</title>
	<filename>BRODSKIJ/br_essays.txt</filename>
</book>
<book>
	<author>Бродский И</author>
	<title>Путешествие в Стамбул</title>
	<filename>BRODSKIJ/br_istambul.txt</filename>
</book>
<book>
	<author>Бродский И</author>
	<title>Коллекционный экземпляр</title>
	<filename>BRODSKIJ/br_item.txt</filename>
</book>
<book>
	<author>Бродский И</author>
	<title>Мрамор</title>
	<filename>BRODSKIJ/br_marbles.txt</filename>
</book>
<book>
	<author>Бродский И</author>
	<title>Напутствие</title>
	<filename>BRODSKIJ/br_naput.txt</filename>
</book>
<book>
	<author>Бродский И</author>
	<title>Стихотворения и поэмы (основное собрание)</title>
	<filename>BRODSKIJ/brodsky_poetry.txt</filename>
</book>
<book>
	<author>Бродский И</author>
	<title>Послесловие к "Котловану" А.Платонова</title>
	<filename>BRODSKIJ/br_platonov.txt</filename>
</book>
<book>
	<author>Бродский И</author>
	<title>Поэт и проза</title>
	<filename>BRODSKIJ/br_poetprosa.txt</filename>
</book>
<book>
	<author>Бродский И</author>
	<title>Трофейное</title>
	<filename>BRODSKIJ/br_spoils.txt</filename>
</book>
<book>
	<author>Бродский И</author>
	<title>Посвящается позвоночнику</title>
	<filename>BRODSKIJ/br_vertebrum.txt</filename>
</book>
<book>
	<author>Бродский И</author>
	<title>Часть  речи</title>
	<filename>BRODSKIJ/chastx.txt</filename>
</book>
<book>
	<author>Бродский И</author>
	<title>"Континент",  61 (1989г)</title>
	<filename>BRODSKIJ/cont61.txt</filename>
</book>
<book>
	<author>Гордин Я</author>
	<title>Дело Бродского</title>
	<filename>BRODSKIJ/gordin.txt</filename>
</book>
<book>
	<author>Бродский И</author>
	<title>История двадцатого века</title>
	<filename>BRODSKIJ/history-xx.txt</filename>
</book>
<book>
	<author>Радышевский Д</author>
	<title>Интервью с Иосифом Бродским для "МН"</title>
	<filename>BRODSKIJ/interview1.txt</filename>
</book>
<book>
	<author>Бродский И</author>
	<title>Шествие</title>
	<filename>BRODSKIJ/iosif.txt</filename>
</book>
<book>
	<author>Крепс М</author>
	<title>О поэзии Иосифа Бродского</title>
	<filename>BRODSKIJ/kreps.txt</filename>
</book>
<book>
	<author>Бродский И</author>
	<title>Нобелевская лекция</title>
	<filename>BRODSKIJ/lect.txt</filename>
</book>
<book>
	<author>Бродский И</author>
	<title>Новые стансы к Августе</title>
	<filename>BRODSKIJ/michigan.txt</filename>
</book>
<book>
	<author>Бродский И</author>
	<title>Представление</title>
	<filename>BRODSKIJ/present.txt</filename>
</book>
<book>
	<author></author>
	<title>Разыскивается цитата из Бродского</title>
	<filename>BRODSKIJ/quote.txt</filename>
</book>
<book>
	<author>Бродский И</author>
	<title>Полторы комнаты</title>
	<filename>BRODSKIJ/rooms.txt</filename>
</book>
<book>
	<author>Бродский И</author>
	<title>Избранное</title>
	<filename>BRODSKIJ/selected.txt</filename>
</book>
<book>
	<author>Бродский И</author>
	<title>Похвала скуке</title>
	<filename>BRODSKIJ/skuka.txt</filename>
</book>
<book>
	<author>Бродский И</author>
	<title>Стихи разных лет</title>
	<filename>BRODSKIJ/strale.txt</filename>
</book>
<book>
	<author>Бродский И А</author>
	<title>Об одном стихотворении</title>
	<filename>BRODSKIJ/tsvetaeva.txt</filename>
</book>
<book>
	<author>Бродский И</author>
	<title>Сборник стихов</title>
	<filename>BRODSKIJ/u_07-09.txt</filename>
</book>
<book>
	<author>Бродский И</author>
	<title>Стихи</title>
	<filename>BRODSKIJ/u_11-16.txt</filename>
</book>
<book>
	<author>Бродский И</author>
	<title>Вертумн</title>
	<filename>BRODSKIJ/wertumn.txt</filename>
</book>
<book>
	<author>Волков С</author>
	<title>Диалоги с Иосифом Бродским</title>
	<filename>BRODSKIJ/wolkow.txt</filename>
</book>
<book>
	<author>Булгаков М</author>
	<title>Похождения Чичикова</title>
	<filename>BULGAKOW/cicikov.txt</filename>
</book>
<book>
	<author>Белкина А</author>
	<title>Рецензия: М.Булгаков. Дневник.Письма. 1914-1940</title>
	<filename>BULGAKOW/dnewn.txt</filename>
</book>
<book>
	<author>Булгаков М</author>
	<title>Собачье сердце</title>
	<filename>BULGAKOW/dogheart.txt</filename>
</book>
<book>
	<author>Булгаков М</author>
	<title>Роковые яйца</title>
	<filename>BULGAKOW/eggs.txt</filename>
</book>
<book>
	<author>Булгаков М</author>
	<title>Киев-город</title>
	<filename>BULGAKOW/kiev.txt</filename>
</book>
<book>
	<author></author>
	<title>Mikhail Bulgakov in the Western World A Bibliography (1990 - 1997)</title>
	<filename>BULGAKOW/lcbulgbib.txt</filename>
</book>
<book>
	<author>Булгаков М</author>
	<title>Мастер и Маргарита</title>
	<filename>BULGAKOW/master.txt</filename>
</book>
<book>
	<author>Булгаков М</author>
	<title>Багровый остров (пьеса)</title>
	<filename>BULGAKOW/p_island.txt</filename>
</book>
<book>
	<author>Булгаков М</author>
	<title>Праздник с сифилисом</title>
	<filename>BULGAKOW/prazdnik.txt</filename>
</book>
<book>
	<author>Булгаков М</author>
	<title>Псалом</title>
	<filename>BULGAKOW/psalom.txt</filename>
</book>
<book>
	<author>Булгаков М</author>
	<title>Багровый остров</title>
	<filename>BULGAKOW/r_island.txt</filename>
</book>
<book>
	<author>Булгаков М</author>
	<title>Театральный роман</title>
	<filename>BULGAKOW/teatral.txt</filename>
</book>
<book>
	<author>Булгаков М</author>
	<title>Записки юного врача</title>
	<filename>BULGAKOW/zapiskiw.txt</filename>
</book>
<book>
	<author>Булгаков М</author>
	<title>Зойкина квартира</title>
	<filename>BULGAKOW/zoj_flat.txt</filename>
</book>
<book>
	<author>Булычев К</author>
	<title>Сто лет тому вперед</title>
	<filename>BULYCHEW/100years.txt</filename>
</book>
<book>
	<author>Булычев К</author>
	<title>Два билета в Индию</title>
	<filename>BULYCHEW/2tickets.txt</filename>
</book>
<book>
	<author>Булычев К</author>
	<title>Заповедник сказок</title>
	<filename>BULYCHEW/alisa1.txt</filename>
</book>
<book>
	<author>Булычев К</author>
	<title>Козлик Иван Иванович</title>
	<filename>BULYCHEW/alisa2.txt</filename>
</book>
<book>
	<author>Булычев К</author>
	<title>Лиловый шар</title>
	<filename>BULYCHEW/alisa3.txt</filename>
</book>
<book>
	<author>Булычев К</author>
	<title>Альтернатива</title>
	<filename>BULYCHEW/alternat.txt</filename>
</book>
<book>
	<author>Булычев К</author>
	<title>Пленники астероида</title>
	<filename>BULYCHEW/asteroid.txt</filename>
</book>
<book>
	<author>Булычев К</author>
	<title>Конец Атлантиды</title>
	<filename>BULYCHEW/atlant.txt</filename>
</book>
<book>
	<author>Булычев К</author>
	<title>Котел</title>
	<filename>BULYCHEW/boiler.txt</filename>
</book>
<book>
	<author>Булычев К</author>
	<title>Так вступал я...</title>
	<filename>BULYCHEW/bulosebe.txt</filename>
</book>
<book>
	<author>Булычев К</author>
	<title>Умение кидать мяч</title>
	<filename>BULYCHEW/castball.txt</filename>
</book>
<book>
	<author>Булычев К</author>
	<title>Смерть этажом ниже</title>
	<filename>BULYCHEW/death.txt</filename>
</book>
<book>
	<author>Булычев К</author>
	<title>Закон для дракона</title>
	<filename>BULYCHEW/dragon.txt</filename>
</book>
<book>
	<author>Булычев К</author>
	<title>День рождения Алисы</title>
	<filename>BULYCHEW/dra.txt</filename>
</book>
<book>
	<author>Булычев К</author>
	<title>Город без памяти</title>
	<filename>BULYCHEW/gbp.txt</filename>
</book>
<book>
	<author>Булычев К</author>
	<title>Великий  дух  и  беглецы</title>
	<filename>BULYCHEW/ghost.txt</filename>
</book>
<book>
	<author>Булычев К</author>
	<title>Девочка, с которой ничего не случится</title>
	<filename>BULYCHEW/girl.txt</filename>
</book>
<book>
	<author>Булычев К</author>
	<title>Загадка Химеры</title>
	<filename>BULYCHEW/himera.txt</filename>
</book>
<book>
	<author>Булычев К</author>
	<title>Заповедник для академиков (фрагмент)</title>
	<filename>BULYCHEW/hronos2.txt</filename>
</book>
<book>
	<author></author>
	<title>Интервью с Киром Булычевым на встрече с читателями в Торговом Доме "Библио-Глобус".</title>
	<filename>BULYCHEW/intbiboglob.txt</filename>
</book>
<book>
	<author>Булычев К</author>
	<title>На полпути с обрыва</title>
	<filename>BULYCHEW/kora01.txt</filename>
</book>
<book>
	<author>Булычев К</author>
	<title>Похищение Тесея</title>
	<filename>BULYCHEW/kora02.txt</filename>
</book>
<book>
	<author>Булычев К</author>
	<title>Предсказатель прошлого</title>
	<filename>BULYCHEW/kora03.txt</filename>
</book>
<book>
	<author>Булычев К</author>
	<title>На днях землетрясение в Лигоне</title>
	<filename>BULYCHEW/ligon.txt</filename>
</book>
<book>
	<author>Булычев К</author>
	<title>Любимец</title>
	<filename>BULYCHEW/lubimec.txt</filename>
</book>
<book>
	<author>Булычев К</author>
	<title>Марсианское зелье</title>
	<filename>BULYCHEW/marsherb.txt</filename>
</book>
<book>
	<author>Булычев К</author>
	<title>Глубокоуважаемый микроб</title>
	<filename>BULYCHEW/microb.txt</filename>
</book>
<book>
	<author>Булычев К</author>
	<title>Миниатюры</title>
	<filename>BULYCHEW/miniatur.txt</filename>
</book>
<book>
	<author>Булычев К</author>
	<title>Можно попросить Нину?</title>
	<filename>BULYCHEW/nina.txt</filename>
</book>
<book>
	<author>Булычев К</author>
	<title>Кому это нужно?</title>
	<filename>BULYCHEW/nuzhno.txt</filename>
</book>
<book>
	<author>Булычев К</author>
	<title>Показания Оли Н.</title>
	<filename>BULYCHEW/olgan.txt</filename>
</book>
<book>
	<author>Булычев К</author>
	<title>Остров ржавого лейтенанта</title>
	<filename>BULYCHEW/orl.txt</filename>
</book>
<book>
	<author>Булычев К</author>
	<title>Перевал</title>
	<filename>BULYCHEW/pass.txt</filename>
</book>
<book>
	<author>Булычев К</author>
	<title>Подземелье ведьм</title>
	<filename>BULYCHEW/podzem.txt</filename>
</book>
<book>
	<author>Булычев К</author>
	<title>Поминальник XX века</title>
	<filename>BULYCHEW/pominaln.txt</filename>
</book>
<book>
	<author>Булычев К</author>
	<title>Поселок</title>
	<filename>BULYCHEW/poselok.txt</filename>
</book>
<book>
	<author>Булычев К</author>
	<title>Доказательство</title>
	<filename>BULYCHEW/proof.txt</filename>
</book>
<book>
	<author>Булычев К</author>
	<title>Раскопки курганов в долине Репеделкинок</title>
	<filename>BULYCHEW/repedelk.txt</filename>
</book>
<book>
	<author>Булычев К</author>
	<title>Речной доктор</title>
	<filename>BULYCHEW/riv_doct.txt</filename>
</book>
<book>
	<author>Булычев К</author>
	<title>Шкаф неземной красоты</title>
	<filename>BULYCHEW/shkaf.txt</filename>
</book>
<book>
	<author>Булычев К</author>
	<title>Сильнее зубра и слона</title>
	<filename>BULYCHEW/slon.txt</filename>
</book>
<book>
	<author>Булычев К</author>
	<title>Соблазн</title>
	<filename>BULYCHEW/soblazn.txt</filename>
</book>
<book>
	<author>Булычев К</author>
	<title>...но странною любовью</title>
	<filename>BULYCHEW/strann.txt</filename>
</book>
<book>
	<author>Булычев К</author>
	<title>А слезы капали</title>
	<filename>BULYCHEW/tears.txt</filename>
</book>
<book>
	<author>Булычев К</author>
	<title>Тринадцать лет пути</title>
	<filename>BULYCHEW/thirteen.txt</filename>
</book>
<book>
	<author>Булычев К</author>
	<title>О страхе</title>
	<filename>BULYCHEW/ulitka-8.txt</filename>
</book>
<book>
	<author>Булычев К</author>
	<title>Война с лилипутами</title>
	<filename>BULYCHEW/vsl.txt</filename>
</book>
<book>
	<author>Булычев К</author>
	<title>Белое платье Золушки</title>
	<filename>BULYCHEW/whitdres.txt</filename>
</book>
<book>
	<author>Булычев К</author>
	<title>Каждому есть что вспомнить</title>
	<filename>BULYCHEW/wspomn.txt</filename>
</book>
<book>
	<author>Булычев К</author>
	<title>Выбор</title>
	<filename>BULYCHEW/wybor.txt</filename>
</book>
<book>
	<author>Бунин И А</author>
	<title>Темные аллеи</title>
	<filename>BUNIN/allei.txt</filename>
</book>
<book>
	<author>Бунин И А</author>
	<title>Антоновские яблоки</title>
	<filename>BUNIN/b_antabl.txt</filename>
</book>
<book>
	<author>Бунин И</author>
	<title>Оброк</title>
	<filename>BUNIN/bunin01.txt</filename>
</book>
<book>
	<author>Бунин И</author>
	<title>Солнечный удар</title>
	<filename>BUNIN/bunin02.txt</filename>
</book>
<book>
	<author>Бунин И</author>
	<title>Подснежник</title>
	<filename>BUNIN/bunin03.txt</filename>
</book>
<book>
	<author>Бунин И</author>
	<title>Танька</title>
	<filename>BUNIN/bunin04.txt</filename>
</book>
<book>
	<author>Бунин И</author>
	<title>Три рассказа</title>
	<filename>BUNIN/bunin05.txt</filename>
</book>
<book>
	<author>Бунин И</author>
	<title>Волки</title>
	<filename>BUNIN/bunin08.txt</filename>
</book>
<book>
	<author>Бунин И</author>
	<title>Лапти</title>
	<filename>BUNIN/bunin19.txt</filename>
</book>
<book>
	<author>Бунин И</author>
	<title>Легкое дыхание</title>
	<filename>BUNIN/dyhanie.txt</filename>
</book>
<book>
	<author>Бунин И</author>
	<title>Три стихотворения</title>
	<filename>BUNIN/stihi.txt</filename>
</book>
<book>
	<author>Бунин И А</author>
	<title>Суходол</title>
	<filename>BUNIN/suhodol.txt</filename>
</book>
<book>
	<author>Бунин И А</author>
	<title>Тень птицы</title>
	<filename>BUNIN/tenx.txt</filename>
</book>

</books>

