<?xml version="1.0" encoding="UTF-8" ?>
<books>
<book>
	<author></author>
	<title>О дородных журналах</title>
	<filename>MAG/dorodnye.txt</filename>
</book>
<book>
	<author>Митрофанов С</author>
	<title>Падение "Столицы"</title>
	<filename>MAG/stolica.txt</filename>
</book>
<book>
	<author>Парамонов К</author>
	<title>Толстые журналы</title>
	<filename>MAG/tolstye.txt</filename>
</book>
<book>
	<author>Рид Т М</author>
	<title>Биография</title>
	<filename>MAJNRID/bio.txt</filename>
</book>
<book>
	<author>Рид М</author>
	<title>Квартеронка</title>
	<filename>MAJNRID/kwarteronka.txt</filename>
</book>
<book>
	<author>рид Т М</author>
	<title>Охота на левиафана</title>
	<filename>MAJNRID/lewiafan.txt</filename>
</book>
<book>
	<author>Милош Ч</author>
	<title>О Томасе Майн Риде</title>
	<filename>MAJNRID/milosh.txt</filename>
</book>
<book>
	<author>Рид М</author>
	<title>Всадник без головы</title>
	<filename>MAJNRID/nohead.txt</filename>
</book>
<book>
	<author>Рид Т М</author>
	<title>Мальчики на севере</title>
	<filename>MAJNRID/northboy.txt</filename>
</book>
<book>
	<author>Рид М</author>
	<title>Оцеола, вождь семинолов</title>
	<filename>MAJNRID/oceola.txt</filename>
</book>
<book>
	<author>Рид М</author>
	<title>Охотники за растениями</title>
	<filename>MAJNRID/ohotniki.txt</filename>
</book>
<book>
	<author>Рид Т М</author>
	<title>Американские партизаны</title>
	<filename>MAJNRID/partisan.txt</filename>
</book>
<book>
	<author>Рид М</author>
	<title>Ползуны по скалам</title>
	<filename>MAJNRID/polzuny.txt</filename>
</book>
<book>
	<author>Рид Т М</author>
	<title>Сон в руку</title>
	<filename>MAJNRID/sonwruku.txt</filename>
</book>
<book>
	<author>Бич Ч</author>
	<title>Пропавшая сестра</title>
	<filename>MAJNRID/vanished.txt</filename>
</book>
<book>
	<author>Рид М</author>
	<title>Белый вождь</title>
	<filename>MAJNRID/white.txt</filename>
</book>
<book>
	<author>Рид М</author>
	<title>Морской волчонок</title>
	<filename>MAJNRID/wolchonok.txt</filename>
</book>
<book>
	<author>Рид М</author>
	<title>Затерянные в океане</title>
	<filename>MAJNRID/zater.txt</filename>
</book>
<book>
	<author></author>
	<title>Отладчик программ системы ДЕМОС adb</title>
	<filename>MAN/DEMOS210/adb.txt</filename>
</book>
<book>
	<author></author>
	<title>Полный man справочник по командам</title>
	<filename>MAN/DEMOS210/allman.txt</filename>
</book>
<book>
	<author></author>
	<title>Язык обработки структурированных текстов AWK</title>
	<filename>MAN/DEMOS210/awk.txt</filename>
</book>
<book>
	<author></author>
	<title>Программы для вычисления с произвольной точностью bc и dc</title>
	<filename>MAN/DEMOS210/bcdc.txt</filename>
</book>
<book>
	<author></author>
	<title>Командный язык C-shell</title>
	<filename>MAN/DEMOS210/csh.txt</filename>
</book>
<book>
	<author></author>
	<title>Язык программирования Си.</title>
	<filename>MAN/DEMOS210/c.txt</filename>
</book>
<book>
	<author></author>
	<title>Немного об электронной почте</title>
	<filename>MAN/DEMOS210/email.txt</filename>
</book>
<book>
	<author></author>
	<title>Программа проверки файловой системы fsck</title>
	<filename>MAN/DEMOS210/fsck.txt</filename>
</book>
<book>
	<author></author>
	<title>Как читать сетевые новости</title>
	<filename>MAN/DEMOS210/howto.txt</filename>
</book>
<book>
	<author></author>
	<title>Генератор программ лексического анализа  lex</title>
	<filename>MAN/DEMOS210/lex.txt</filename>
</book>
<book>
	<author></author>
	<title>Верификатор программ на языке Си LINT</title>
	<filename>MAN/DEMOS210/lint.txt</filename>
</book>
<book>
	<author></author>
	<title>Система управления электронной почтой mailx</title>
	<filename>MAN/DEMOS210/mailx.txt</filename>
</book>
<book>
	<author></author>
	<title>Интерпретатор make</title>
	<filename>MAN/DEMOS210/make.txt</filename>
</book>
<book>
	<author></author>
	<title>Как эффективно использовать USENET</title>
	<filename>MAN/DEMOS210/manner.txt</filename>
</book>
<book>
	<author></author>
	<title>Подготовка текстов с помощью программы nroff и макропакета -me</title>
	<filename>MAN/DEMOS210/meintro.txt</filename>
</book>
<book>
	<author></author>
	<title>Макропакет  -me</title>
	<filename>MAN/DEMOS210/meref.txt</filename>
</book>
<book>
	<author></author>
	<title>MX - краткое введение</title>
	<filename>MAN/DEMOS210/mx.txt</filename>
</book>
<book>
	<author></author>
	<title>Получение и рассылка новостей usenet по почте</title>
	<filename>MAN/DEMOS210/news.txt</filename>
</book>
<book>
	<author></author>
	<title>Система подготовки документации (форматер текста) PIF</title>
	<filename>MAN/DEMOS210/pif.txt</filename>
</book>
<book>
	<author></author>
	<title>Этот каталог содержит отформатированную документацию по</title>
	<filename>MAN/DEMOS210/README.txt</filename>
</book>
<book>
	<author></author>
	<title>Сеть RELCOM</title>
	<filename>MAN/DEMOS210/relcom.txt</filename>
</book>
<book>
	<author></author>
	<title>Полиэкранный редактор текстов red (руководство программиста)</title>
	<filename>MAN/DEMOS210/re.txt</filename>
</book>
<book>
	<author></author>
	<title>Командный язык shell</title>
	<filename>MAN/DEMOS210/sh.txt</filename>
</book>
<book>
	<author></author>
	<title>Руководство по Xenix</title>
	<filename>MAN/DEMOS210/xenix.txt</filename>
</book>
<book>
	<author></author>
	<title>Генератор программ синтаксического анализа  yacc</title>
	<filename>MAN/DEMOS210/yacc.txt</filename>
</book>
<book>
	<author></author>
	<title>Help-файл для Mifnight Commander (4.5.30) (пер.В.Костромина)</title>
	<filename>MAN/mc.txt</filename>
</book>
<book>
	<author></author>
	<title>SCO: Пособие администратора системы</title>
	<filename>MAN/scoadminguide.txt</filename>
</book>
<book>
	<author>V/386 S U</author>
	<title>Руководство по инсталляции</title>
	<filename>MAN/scoinstall.txt</filename>
</book>
<book>
	<author></author>
	<title>SCO TCP/IP: Замечания по инсталляции</title>
	<filename>MAN/scotcpinst.txt</filename>
</book>
<book>
	<author></author>
	<title>SCO TCP/IP: Руководство пользователя</title>
	<filename>MAN/scotcpip.txt</filename>
</book>
<book>
	<author></author>
	<title>SCO: Руководство по Unix (Unix tutorial)</title>
	<filename>MAN/scotutor.txt</filename>
</book>
<book>
	<author></author>
	<title>VI Reference</title>
	<filename>MAN/viref.txt</filename>
</book>
<book>
	<author>Маринина А</author>
	<title>Мужские игры</title>
	<filename>MARININA/igra.txt</filename>
</book>
<book>
	<author></author>
	<title>Интервью с Александрой Марининой</title>
	<filename>MARININA/interviewgazeta.txt</filename>
</book>
<book>
	<author>Маринина А</author>
	<title>Стечение обстоятельств</title>
	<filename>MARININA/stechenie.txt</filename>
</book>
<book>
	<author>Маркес Г Г</author>
	<title>Незабываемый день в жизни Бальтасара</title>
	<filename>MARKES/baltasar.txt</filename>
</book>
<book>
	<author>Маркес Г Г</author>
	<title>Самый красивый утопленник в мире</title>
	<filename>MARKES/Drawned.txt</filename>
</book>
<book>
	<author>Маркес Г Г</author>
	<title>Ева внутри своей кошки</title>
	<filename>MARKES/eve.txt</filename>
</book>
<book>
	<author>Маркес Г Г</author>
	<title>Добрый фокусник, продавец чудес</title>
	<filename>MARKES/Focus.txt</filename>
</book>
<book>
	<author>Маркес Г Г</author>
	<title>Счастливое лето госпожи Форбс</title>
	<filename>MARKES/Forbes.txt</filename>
</book>
<book>
	<author>Маркес Г Г</author>
	<title>Похороны Великой Мамы</title>
	<filename>MARKES/Funerals.txt</filename>
</book>
<book>
	<author>Маркес Г Г</author>
	<title>У нас в городке воров нет</title>
	<filename>MARKES/gorodok.txt</filename>
</book>
<book>
	<author>Маркес Г Г</author>
	<title>Монолог Исабели, которая смотрит на дождь в Макондо</title>
	<filename>MARKES/isabel.txt</filename>
</book>
<book>
	<author>Маркес Г Г</author>
	<title>История одной смерти, о которой знали заранее</title>
	<filename>MARKES/istoria.txt</filename>
</book>
<book>
	<author>Маркес Г Г</author>
	<title>Любовь во время чумы</title>
	<filename>MARKES/loveall.txt</filename>
</book>
<book>
	<author>Маркес Г Г</author>
	<title>Полковнику никто не пишет</title>
	<filename>MARKES/nobody.txt</filename>
</book>
<book>
	<author>Маркес Г Г</author>
	<title>Осень патриарха</title>
	<filename>MARKES/patriarh.txt</filename>
</book>
<book>
	<author>Маркес Г Г</author>
	<title>Последнее путешествие корабля-призрака</title>
	<filename>MARKES/prizrak.txt</filename>
</book>
<book>
	<author>Маркес Г Г</author>
	<title>Искусственные розы</title>
	<filename>MARKES/Roses.txt</filename>
</book>
<book>
	<author>Маркес Г Г</author>
	<title>Сиеста во вторник</title>
	<filename>MARKES/Siesta.txt</filename>
</book>
<book>
	<author>Маркес Г Г</author>
	<title>За любовью неизбежность смерти</title>
	<filename>MARKES/smert.txt</filename>
</book>
<book>
	<author>Маркес Г Г</author>
	<title>Третье смирение</title>
	<filename>MARKES/smirenie.txt</filename>
</book>
<book>
	<author>Маркес Г Г</author>
	<title>Глаза голубой собаки</title>
	<filename>MARKES/sobaka.txt</filename>
</book>
<book>
	<author>Маркес Г Г</author>
	<title>Огорчение для троих сомнабул</title>
	<filename>MARKES/somnambuly.txt</filename>
</book>
<book>
	<author>Маркес Г Г</author>
	<title>Очень старый человек с огромными крыльями</title>
	<filename>MARKES/staryj.txt</filename>
</book>
<book>
	<author>Маркес Г Г</author>
	<title>Сто лет одиночества</title>
	<filename>MARKES/sto_let.txt</filename>
</book>
<book>
	<author>Маркес Г Г</author>
	<title>Другая сторона смерти</title>
	<filename>MARKES/storona.txt</filename>
</book>
<book>
	<author>Маркес Г Г</author>
	<title>Вдова Монтьель</title>
	<filename>MARKES/vdova.txt</filename>
</book>
<book>
	<author>Маркушин Ю</author>
	<title>Тайна волшебной раковины (Интерактивное приключение для мальчиков)</title>
	<filename>MARKUSHIN/princess/boy.txt</filename>
</book>
<book>
	<author>Маркушин Ю</author>
	<title>Тайна волшебной раковины (Интерактивное приключение для девочек)</title>
	<filename>MARKUSHIN/princess/girl.txt</filename>
</book>
<book>
	<author>Маркушин Ю</author>
	<title>Тайна волшебной раковины</title>
	<filename>MARKUSHIN/rakowina.txt</filename>
</book>
<book>
	<author>Маркушин Ю</author>
	<title>Приключения княжны Веяны. Тайна волшебной книги</title>
	<filename>MARKUSHIN/veyana3.txt</filename>
</book>
<book>
	<author>Маркушин Ю</author>
	<title>Приключения княжны Веяны</title>
	<filename>MARKUSHIN/veyana.txt</filename>
</book>
<book>
	<author>Александров С</author>
	<title>Два расказа</title>
	<filename>MEMUARY/AFGAN/aleksandrov.txt</filename>
</book>
<book>
	<author>Андреев П</author>
	<title>Двенадцать рассказов</title>
	<filename>MEMUARY/AFGAN/andreev.txt</filename>
</book>
<book>
	<author>Себастьян О</author>
	<title>Непрофессионал</title>
	<filename>MEMUARY/AFGAN/ivolg.txt</filename>
</book>
<book>
	<author>Васильев А</author>
	<title>Байки о том, как...</title>
	<filename>MEMUARY/AFGAN/wasiliew.txt</filename>
</book>
<book>
	<author>Жигунов В</author>
	<title>Ночь без выстрела</title>
	<filename>MEMUARY/AFGAN/zhigunov.txt</filename>
</book>
<book>
	<author>Аллилуева С</author>
	<title>Двадцать писем к другу</title>
	<filename>MEMUARY/ALLILUEWA/letters.txt</filename>
</book>
<book>
	<author>Антонов-Овсеенко А</author>
	<title>Берия</title>
	<filename>MEMUARY/BERIA/owseenko.txt</filename>
</book>
<book>
	<author>Болонкин А</author>
	<title>Зaписки политзaключeнного</title>
	<filename>MEMUARY/BOLONKIN/politzk.txt</filename>
</book>
<book>
	<author>Бондарь В</author>
	<title>Ранняя весна, Возвращение</title>
	<filename>MEMUARY/CHECHNYA/bondar.txt</filename>
</book>
<book>
	<author>Бутов Д</author>
	<title>Чеченские дни</title>
	<filename>MEMUARY/CHECHNYA/butow.txt</filename>
</book>
<book>
	<author>Миронов В</author>
	<title>Я был на этой войне (Чечня-95, часть 1)</title>
	<filename>MEMUARY/CHECHNYA/byloe.txt</filename>
</book>
<book>
	<author>Яшуркаев С</author>
	<title>Ях. Дневник чеченского писателя</title>
	<filename>MEMUARY/CHECHNYA/dnewnik.txt</filename>
</book>
<book>
	<author>Гурченко Л</author>
	<title>Аплодисменты</title>
	<filename>MEMUARY/GURCHENKO/gurch.txt</filename>
</book>
<book>
	<author>Хрущев Н С</author>
	<title>Воспоминания (книга 1)</title>
	<filename>MEMUARY/HRUSHEW/wospominaniya1.txt</filename>
</book>
<book>
	<author>Воррес Й</author>
	<title>Последняя Великая Княгиня </title>
	<filename>MEMUARY/JVORRES/knyaginya.txt</filename>
</book>
<book>
	<author>Смирнов И</author>
	<title>Бухенвальдский набат</title>
	<filename>MEMUARY/KONCLAGER/buhenwald.txt</filename>
</book>
<book>
	<author>Экхаут Л В</author>
	<title>Молчать нельзя</title>
	<filename>MEMUARY/KONCLAGER/ekhaut.txt</filename>
</book>
<book>
	<author>Поляков И А</author>
	<title>Донские казаки в борьбе с большевиками</title>
	<filename>MEMUARY/POLYAKOWIA/kazaki.txt</filename>
</book>
<book>
	<author>Геворкян Н, Тимакова  Н, Колесников  А</author>
	<title>От первого лица. Разговоры с Владимиром Путиным</title>
	<filename>MEMUARY/PUTIN/razgowor.txt</filename>
</book>
<book>
	<author>Серафимов К</author>
	<title>Армения - записки спасателя</title>
	<filename>MEMUARY/QUAKE88/zapiski.txt</filename>
</book>
<book>
	<author>Шебаршин Л</author>
	<title>Хроники Безвременья (Заметки бывшего начальника разведки)</title>
	<filename>MEMUARY/SHEBARSHIN/shebarsh.txt</filename>
</book>
<book>
	<author>Судакова Е</author>
	<title>Крутые ступени</title>
	<filename>MEMUARY/sudakowa.txt</filename>
</book>
<book>
	<author>Судакова Е Я</author>
	<title>Рассказы</title>
	<filename>MEMUARY/sudak_st.txt</filename>
</book>
<book>
	<author>Утесов Л</author>
	<title>Спасибо, сердце!</title>
	<filename>MEMUARY/UTESOW/serdce.txt</filename>
</book>
<book>
	<author>Владимирова В</author>
	<title>Год службы социалистов капиталистам</title>
	<filename>MEMUARY/WLADIMIROWA/god.txt</filename>
</book>
<book>
	<author>Сибрук В</author>
	<title>Роберт Вильямс Вуд. Современный чародей физической лаборатории</title>
	<filename>MEMUARY/WOOD/robertwood.txt</filename>
</book>
<book>
	<author></author>
	<title>Биография генерала армии Махмута Гареева</title>
	<filename>MEMUARY/ZHUKOW/GAREEV/bio_gar.txt</filename>
</book>
<book>
	<author>Гареев Г а М</author>
	<title>Маршал Жуков</title>
	<filename>MEMUARY/ZHUKOW/GAREEV/gareev.txt</filename>
</book>
<book>
	<author>Яковлев Н</author>
	<title>Маршал Жуков (Страницы жизни)</title>
	<filename>MEMUARY/ZHUKOW/zhukow1.txt</filename>
</book>
<book>
	<author>Меррит А</author>
	<title>Три строчки на старофранцузском</title>
	<filename>MERRIT/3_lines.txt</filename>
</book>
<book>
	<author>Меррит А</author>
	<title>Сквозь драконье стекло</title>
	<filename>MERRIT/draglass.txt</filename>
</book>
<book>
	<author>Меррит А</author>
	<title>Трутень</title>
	<filename>MERRIT/droneman.txt</filename>
</book>
<book>
	<author>Меррит А</author>
	<title>Лик в бездне</title>
	<filename>MERRIT/faceabys.txt</filename>
</book>
<book>
	<author>Меррит А</author>
	<title>Женщина-лиса</title>
	<filename>MERRIT/foxwoman.txt</filename>
</book>
<book>
	<author>Меррит А</author>
	<title>Лунный бассейн</title>
	<filename>MERRIT/goodwin1.txt</filename>
</book>
<book>
	<author>Меррит А</author>
	<title>Металлическое чудовище</title>
	<filename>MERRIT/goodwin2.txt</filename>
</book>
<book>
	<author>Меррит А</author>
	<title>Последний поэт и роботы</title>
	<filename>MERRIT/lastpoet.txt</filename>
</book>
<book>
	<author>Меррит А</author>
	<title>Гори, ведьма!</title>
	<filename>MERRIT/lowell_1.txt</filename>
</book>
<book>
	<author>Меррит А</author>
	<title>Ползи, тень!</title>
	<filename>MERRIT/lowell_2.txt</filename>
</book>
<book>
	<author>Меррит А</author>
	<title>Корабль Иштар</title>
	<filename>MERRIT/merrit1.txt</filename>
</book>
<book>
	<author>Меррит А</author>
	<title>Семь шагов к Сатане</title>
	<filename>MERRIT/merrit2.txt</filename>
</book>
<book>
	<author>Меррит А</author>
	<title>Обитатели миража</title>
	<filename>MERRIT/merrit3.txt</filename>
</book>
<book>
	<author>Меррит А</author>
	<title>Обитатели пропасти</title>
	<filename>MERRIT/pitpeopl.txt</filename>
</book>
<book>
	<author>Меррит А</author>
	<title>Лесные женщины</title>
	<filename>MERRIT/wood_wom.txt</filename>
</book>
<book>
	<author></author>
	<title>Легенда о Голубой звезде</title>
	<filename>MIFS/bluestar.txt</filename>
</book>
<book>
	<author>Кун Н</author>
	<title>Легенды и мифы Древней Греции</title>
	<filename>MIFS/greece.txt</filename>
</book>
<book>
	<author></author>
	<title>Мифы индейцев Южной Америки</title>
	<filename>MIFS/indian.txt</filename>
</book>
<book>
	<author>Михайлов С</author>
	<title>Но ад не вечен</title>
	<filename>MIHAJLOW_S/AdText.txt</filename>
</book>
<book>
	<author></author>
	<title>Аннотации на произведения Сергея Михайлова</title>
	<filename>MIHAJLOW_S/annotat.txt</filename>
</book>
<book>
	<author>Михайлов С</author>
	<title>Брешь в стене</title>
	<filename>MIHAJLOW_S/BreshText.txt</filename>
</book>
<book>
	<author></author>
	<title>Copyright notice</title>
	<filename>MIHAJLOW_S/copiright.txt</filename>
</book>
<book>
	<author>Михайлов С</author>
	<title>Далекие огни</title>
	<filename>MIHAJLOW_S/DalekieOgni.txt</filename>
</book>
<book>
	<author>Михайлов С</author>
	<title>Иное</title>
	<filename>MIHAJLOW_S/InoeText.txt</filename>
</book>
<book>
	<author>Михайлов С</author>
	<title>Искупление</title>
	<filename>MIHAJLOW_S/Iskuplenie.txt</filename>
</book>
<book>
	<author>Михайлов С</author>
	<title>Оправдание Иуды,или Двенадцатое колесо мировой колесницы</title>
	<filename>MIHAJLOW_S/Juda.txt</filename>
</book>
<book>
	<author>Михайлов С</author>
	<title>Крысы на песке</title>
	<filename>MIHAJLOW_S/NovelKrysy.txt</filename>
</book>
<book>
	<author>Михайлов С</author>
	<title>Такси-призрак</title>
	<filename>MIHAJLOW_S/NovelTaxi.txt</filename>
</book>
<book>
	<author>Михайлов С</author>
	<title>По ту сторону зеркала</title>
	<filename>MIHAJLOW_S/NovelZerkalo.txt</filename>
</book>
<book>
	<author>Михайлов С</author>
	<title>Оборотень</title>
	<filename>MIHAJLOW_S/OborotenText.txt</filename>
</book>
<book>
	<author>Михайлов С</author>
	<title>По образу и подобию</title>
	<filename>MIHAJLOW_S/ObrazText.txt</filename>
</book>
<book>
	<author>Михайлов С</author>
	<title>Охотники за мраком</title>
	<filename>MIHAJLOW_S/Ohotniki.txt</filename>
</book>
<book>
	<author>Михайлов С</author>
	<title>Шестое чувство</title>
	<filename>MIHAJLOW_S/ShestoeText.txt</filename>
</book>
<book>
	<author>Михайлов С</author>
	<title>Стрела архата</title>
	<filename>MIHAJLOW_S/StrArhataText.txt</filename>
</book>
<book>
	<author>Михайлов С</author>
	<title>Трещина</title>
	<filename>MIHAJLOW_S/TreschinaText.txt</filename>
</book>
<book>
	<author>Михайлов С</author>
	<title>Тумак Фортуны или Услуга за услугу</title>
	<filename>MIHAJLOW_S/TumakFortuny.txt</filename>
</book>
<book>
	<author>Михайлов С</author>
	<title>Тупик,или Праздник Святого Габриэля</title>
	<filename>MIHAJLOW_S/Tupik.txt</filename>
</book>
<book>
	<author>Милн А А</author>
	<title>Принц кролик</title>
	<filename>MILN/krolik.txt</filename>
</book>
<book>
	<author>Miln A A</author>
	<title>The house at Pooh Corner</title>
	<filename>MILN/pooh2.txt</filename>
</book>
<book>
	<author>Miln A A</author>
	<title>Winnie-The-Pooh and All, All, All</title>
	<filename>MILN/pooh.txt</filename>
</book>
<book>
	<author>Милн А А</author>
	<title>Винни Пух и Все-Все-Все</title>
	<filename>MILN/winnizah.txt</filename>
</book>
<book>
	<author>Мирер А</author>
	<title>Дом скитальцев</title>
	<filename>MIRER/domskit2.txt</filename>
</book>
<book>
	<author>Мирер А</author>
	<title>Главный полдень</title>
	<filename>MIRER/domskita.txt</filename>
</book>
<book>
	<author>Мирер А</author>
	<title>У меня девять жизней</title>
	<filename>MIRER/ninelife.txt</filename>
</book>
<book>
	<author>Молчанов А</author>
	<title>Библиография</title>
	<filename>MOLCHANOV/biblio.txt</filename>
</book>
<book>
	<author>Молчанов А</author>
	<title>Брайтон бич авеню</title>
	<filename>MOLCHANOV/brighton.txt</filename>
</book>
<book>
	<author>Молчанов А</author>
	<title>Дао</title>
	<filename>MOLCHANOV/dao.txt</filename>
</book>
<book>
	<author>Молчанов А</author>
	<title>Схождение во ад</title>
	<filename>MOLCHANOV/go-hell.txt</filename>
</book>
<book>
	<author>Молчанов А</author>
	<title>Падение "Вавилона"</title>
	<filename>MOLCHANOV/soldat.txt</filename>
</book>
<book>
	<author>Мольер Ж</author>
	<title>Мещанин во дворянстве</title>
	<filename>MOLIER/meshanin.txt</filename>
</book>
<book>
	<author>Мольер Ж</author>
	<title>Тартюф, или Обманщик</title>
	<filename>MOLIER/tartuf1.txt</filename>
</book>
<book>
	<author>Мольер Ж</author>
	<title>Тартюф, или Обманщик</title>
	<filename>MOLIER/tartuf2.txt</filename>
</book>
<book>
	<author>Моруа А</author>
	<title>Письма незнакомке</title>
	<filename>MORUA/letters.txt</filename>
</book>
<book>
	<author>Моуди Р</author>
	<title>Жизнь после жизни</title>
	<filename>MOUDI/moudi.txt</filename>
</book>
<book>
	<author>Мухин Ю И</author>
	<title>Катынский детектив</title>
	<filename>MUHIN_YU/katyn.txt</filename>
</book>

</books>

