<?xml version="1.0" encoding="UTF-8" ?>
<books>

<book>
	<author>Фармер Ф</author>
	<title>Божье дело</title>
	<filename>FARMER/business.txt</filename>
</book>
<book>
	<author>Фармер Ф</author>
	<title>Дэйр</title>
	<filename>FARMER/dare.txt</filename>
</book>
<book>
	<author>Фармер Ф Ж</author>
	<title>Создатель вселенной</title>
	<filename>FARMER/farm01.txt</filename>
</book>
<book>
	<author>Д</author>
	<title>Фармер. Убить бога ("Ночь света")</title>
	<filename>FARMER/farmer03.txt</filename>
</book>
<book>
	<author>Фармер Ф Ж</author>
	<title>Пассажиры с пурпурной карточкой</title>
	<filename>FARMER/farmer-1.txt</filename>
</book>
<book>
	<author>Фармер Ф</author>
	<title>И в торгашестве присутствует оттенок благородства</title>
	<filename>FARMER/farmer-2.txt</filename>
</book>
<book>
	<author>Фармер Ф</author>
	<title>Плоть</title>
	<filename>FARMER/flesh.txt</filename>
</book>
<book>
	<author>Фармер Ф Ж</author>
	<title>Темный замысел</title>
	<filename>FARMER/mir_dark.txt</filename>
</book>
<book>
	<author>Фармер Ф</author>
	<title>Мир реки. I</title>
	<filename>FARMER/mirreki.txt</filename>
</book>
<book>
	<author>Фармер Ф</author>
	<title>Чужое принуждение</title>
	<filename>FARMER/relaxy.txt</filename>
</book>
<book>
	<author>Фармер Ф</author>
	<title>Легендарное судно</title>
	<filename>FARMER/ship_leg.txt</filename>
</book>
<book>
	<author>Фармер  Ф</author>
	<title>Там, по ту сторону</title>
	<filename>FARMER/yonder.txt</filename>
</book>
<book>
	<author>Фаулз Д</author>
	<title>Принц и маг</title>
	<filename>FAULS/prince.txt</filename>
</book>
<book>
	<author>Фаулз Д</author>
	<title>Башня из черного дерева</title>
	<filename>FAULS/tower.txt</filename>
</book>
<book>
	<author>Фейст Р</author>
	<title>Врата войны</title>
	<filename>FEIST/appret.txt</filename>
</book>
<book>
	<author>Фейст Р</author>
	<title>Доспехи дракона</title>
	<filename>FEIST/magician.txt</filename>
</book>
<book>
	<author>Фэйст Р</author>
	<title>Долина тьмы</title>
	<filename>FEIST/silverth.txt</filename>
</book>
<book>
	<author>Фиалковский К</author>
	<title>Пятое измерение</title>
	<filename>FIALKOWSKIJ/5-izmer.txt</filename>
</book>
<book>
	<author>Фиалковский К</author>
	<title>Цереброскоп</title>
	<filename>FIALKOWSKIJ/cerebros.txt</filename>
</book>
<book>
	<author>Фиалковский К</author>
	<title>Часовой</title>
	<filename>FIALKOWSKIJ/chasovoj.txt</filename>
</book>
<book>
	<author>Фиалковский К</author>
	<title>Стоящий на грани двух времен</title>
	<filename>FIALKOWSKIJ/edge.txt</filename>
</book>
<book>
	<author>Фиалковский К</author>
	<title>Конструктор</title>
	<filename>FIALKOWSKIJ/konstruk.txt</filename>
</book>
<book>
	<author>Фиалковский К</author>
	<title>Космодром</title>
	<filename>FIALKOWSKIJ/kosmodr.txt</filename>
</book>
<book>
	<author>Фиалковский К</author>
	<title>Прежде чем полетят к звездам</title>
	<filename>FIALKOWSKIJ/prezhde.txt</filename>
</book>
<book>
	<author>Фиалковский К</author>
	<title>Воробьи галактики</title>
	<filename>FIALKOWSKIJ/sparrows.txt</filename>
</book>
<book>
	<author>Фиалковский К</author>
	<title>Ее голос</title>
	<filename>FIALKOWSKIJ/voice.txt</filename>
</book>
<book>
	<author>Фиалковский К</author>
	<title>Вероятность смерти</title>
	<filename>FIALKOWSKIJ/vozmozh.txt</filename>
</book>
<book>
	<author>Фиалковский К</author>
	<title>Нулевое решение</title>
	<filename>FIALKOWSKIJ/zero.txt</filename>
</book>
<book>
	<author>Гуревич П С</author>
	<title>Экзистенциализм Бубера</title>
	<filename>FILOSOF/BUBER/comment.txt</filename>
</book>
<book>
	<author>Бубер М</author>
	<title>Я и ТЫ</title>
	<filename>FILOSOF/BUBER/ihunddu1.txt</filename>
</book>
<book>
	<author>Бубер М</author>
	<title>Я И ТЫ</title>
	<filename>FILOSOF/BUBER/ihunddu2.txt</filename>
</book>
<book>
	<author>Честерфилд Ф С</author>
	<title>Письма к сыну</title>
	<filename>FILOSOF/CHESTERFILD/letters.txt</filename>
</book>
<book>
	<author>Деррида Ж</author>
	<title>От экономии ограниченной к всеобщей экономии</title>
	<filename>FILOSOF/DARRIDA/ekonomia.txt</filename>
</book>
<book>
	<author>Делез Ж, Гваттари  Ф</author>
	<title>Что такое философия?</title>
	<filename>FILOSOF/DELEZGVATTARI/filosof.txt</filename>
</book>
<book>
	<author>Делез Ж</author>
	<title>Логика смысла (Вторая половина)</title>
	<filename>FILOSOF/DELEZGVATTARI/logica2.txt</filename>
</book>
<book>
	<author>Делез Ж</author>
	<title>Логика смысла (Первая половина)</title>
	<filename>FILOSOF/DELEZGVATTARI/logica.txt</filename>
</book>
<book>
	<author></author>
	<title>Рецензия: Ж.Делез, Ф.Гваттари "Что такое философия?"</title>
	<filename>FILOSOF/DELEZGVATTARI/rec_filosof.txt</filename>
</book>
<book>
	<author>Роттердамский Э</author>
	<title>Похвала глупости</title>
	<filename>FILOSOF/ERAZM/pohwala.txt</filename>
</book>
<book>
	<author>Гегель Ф</author>
	<title>Феноменология духа</title>
	<filename>FILOSOF/GEGEL/fenomen.txt</filename>
</book>
<book>
	<author>Гейзенберг В</author>
	<title>Физика и философия</title>
	<filename>FILOSOF/GEJZENBERG/physicsandphilosophy.txt</filename>
</book>
<book>
	<author>Гроф С, Хэлифакс  Д</author>
	<title>Человек перед лицом смерти</title>
	<filename>FILOSOF/GROF/death.txt</filename>
</book>
<book>
	<author>Гроф С</author>
	<title>За пределами мозга (фрагмент)</title>
	<filename>FILOSOF/GROF/grof1.txt</filename>
</book>
<book>
	<author>Хейзинга Й</author>
	<title>Homo Ludens</title>
	<filename>FILOSOF/HUIZINGA/huizinga.txt</filename>
</book>
<book>
	<author>Кьеркегор C</author>
	<title>Афоризмы эстетика</title>
	<filename>FILOSOF/KIRKEGOR/estetik.txt</filename>
</book>
<book>
	<author>Лосев А</author>
	<title>История античной философии в конспективном изложении</title>
	<filename>FILOSOF/LOSEW/antic.txt</filename>
</book>
<book>
	<author>Лосев А</author>
	<title>Из бесед и воспоминаний</title>
	<filename>FILOSOF/LOSEW/besed.txt</filename>
</book>
<book>
	<author></author>
	<title>Критики о Лосеве</title>
	<filename>FILOSOF/LOSEW/kritichmith.txt</filename>
</book>
<book>
	<author>Лосев А Ф</author>
	<title>Жизнь</title>
	<filename>FILOSOF/LOSEW/life.txt</filename>
</book>
<book>
	<author>Лосев А Ф</author>
	<title>Театрал</title>
	<filename>FILOSOF/LOSEW/teatral.txt</filename>
</book>
<book>
	<author>Монтень М</author>
	<title>Выгода одного - ущерб для другого</title>
	<filename>FILOSOF/MONTEN/advantage_.txt</filename>
</book>
<book>
	<author>Монтень М</author>
	<title>О воспитании детей</title>
	<filename>FILOSOF/MONTEN/children.txt</filename>
</book>
<book>
	<author>Монтень М</author>
	<title>О том, что философствовать - это значит учиться умирать</title>
	<filename>FILOSOF/MONTEN/death.txt</filename>
</book>
<book>
	<author>Монтень М</author>
	<title>О страхе</title>
	<filename>FILOSOF/MONTEN/fear.txt</filename>
</book>
<book>
	<author>Монтень М</author>
	<title>Опыты: О дружбе (фрагмент)</title>
	<filename>FILOSOF/MONTEN/friendship.txt</filename>
</book>
<book>
	<author>Монтень М</author>
	<title>О силе нашего воображения</title>
	<filename>FILOSOF/MONTEN/image.txt</filename>
</book>
<book>
	<author>Монтень М</author>
	<title>О том, что нельзя судить. Счастлив ли кто-нибудь, пока он не умер</title>
	<filename>FILOSOF/MONTEN/mbhappy.txt</filename>
</book>
<book>
	<author>Монтень М</author>
	<title>О педантизме</title>
	<filename>FILOSOF/MONTEN/pedant.txt</filename>
</book>
<book>
	<author>Ортега-и-Гассет Х</author>
	<title>Летняя соната</title>
	<filename>FILOSOF/ORTEGA/ortega01.txt</filename>
</book>
<book>
	<author>Ортега-и-Гассет Х</author>
	<title>Адам в раю</title>
	<filename>FILOSOF/ORTEGA/ortega02.txt</filename>
</book>
<book>
	<author>Ортега-и-Гассет Х</author>
	<title>Три картины о вине</title>
	<filename>FILOSOF/ORTEGA/ortega03.txt</filename>
</book>
<book>
	<author>Ортега-и-Гассет Х</author>
	<title>Эссе на эстетические темы в форме предисловия</title>
	<filename>FILOSOF/ORTEGA/ortega04.txt</filename>
</book>
<book>
	<author>Ортега-и-Гассет Х</author>
	<title>Размышления о "Дон Кихоте"</title>
	<filename>FILOSOF/ORTEGA/ortega05.txt</filename>
</book>
<book>
	<author>Ортега-и-Гассет Х</author>
	<title>Воля к барокко</title>
	<filename>FILOSOF/ORTEGA/ortega06.txt</filename>
</book>
<book>
	<author>Ортега-и-Гассет Х</author>
	<title>Эстетика в трамвае</title>
	<filename>FILOSOF/ORTEGA/ortega07.txt</filename>
</book>
<book>
	<author>Ортега-и-Гассет Х</author>
	<title>Musicalia</title>
	<filename>FILOSOF/ORTEGA/ortega08.txt</filename>
</book>
<book>
	<author>Ортега-и-Гассет Х</author>
	<title>Время, расстояние и форма в искусстве Пруста</title>
	<filename>FILOSOF/ORTEGA/ortega09.txt</filename>
</book>
<book>
	<author>Ортега-и-Гассет Х</author>
	<title>О точке зрения в искусстве</title>
	<filename>FILOSOF/ORTEGA/ortega10.txt</filename>
</book>
<book>
	<author>Ортега-и-Гассет Х</author>
	<title>Две главные метафоры</title>
	<filename>FILOSOF/ORTEGA/ortega11.txt</filename>
</book>
<book>
	<author>Ортега-и-Гассет Х</author>
	<title>Дегуманизация искусства</title>
	<filename>FILOSOF/ORTEGA/ortega12.txt</filename>
</book>
<book>
	<author>Ортега-и-Гассет Х</author>
	<title>Мысли о романе</title>
	<filename>FILOSOF/ORTEGA/ortega13.txt</filename>
</book>
<book>
	<author>Ортега-и-Гассет Х</author>
	<title>Искусство в настоящем и прошлом</title>
	<filename>FILOSOF/ORTEGA/ortega14.txt</filename>
</book>
<book>
	<author>Ортега-и-Гассет Х</author>
	<title>Восстание масс</title>
	<filename>FILOSOF/ORTEGA/ortega15.txt</filename>
</book>
<book>
	<author>Ортега-и-Гассет Х</author>
	<title>Этюды о любви</title>
	<filename>FILOSOF/ORTEGA/ortega16.txt</filename>
</book>
<book>
	<author>Ортега-и-Гассет Х</author>
	<title>В поисках Гете</title>
	<filename>FILOSOF/ORTEGA/ortega17.txt</filename>
</book>
<book>
	<author>Ортега-и-Гассет Х</author>
	<title>Идеи и верования</title>
	<filename>FILOSOF/ORTEGA/ortega18.txt</filename>
</book>
<book>
	<author>Ортега-и-Гассет Х</author>
	<title>Введение к Веласкесу</title>
	<filename>FILOSOF/ORTEGA/ortega19.txt</filename>
</book>
<book>
	<author>Ортега-и-Гассет Х</author>
	<title>Гойя и народное</title>
	<filename>FILOSOF/ORTEGA/ortega20.txt</filename>
</book>
<book>
	<author>Андреас-Саломе Л</author>
	<title>Мысли о проблемах любви</title>
	<filename>FILOSOF/SALOME/erotic.txt</filename>
</book>
<book>
	<author>Андреас-Саломе Л</author>
	<title>Опыт дружбы</title>
	<filename>FILOSOF/SALOME/friendship.txt</filename>
</book>
<book>
	<author>Гармаш Л</author>
	<title>Так говорила Заратустра</title>
	<filename>FILOSOF/SALOME/lu.txt</filename>
</book>
<book>
	<author>Андреас-Саломе Л</author>
	<title>Фридрих Ницше в зеркале его творчества</title>
	<filename>FILOSOF/SALOME/nit.txt</filename>
</book>
<book>
	<author>Шопенгауэр А</author>
	<title>Афоризмы житейской мудрости</title>
	<filename>FILOSOF/SHOPENGAUER/aforizmy.txt</filename>
</book>
<book>
	<author>Шах И</author>
	<title>Сказки дервишей</title>
	<filename>FILOSOF/SUFI/HIDAYAT/dervish.txt</filename>
</book>
<book>
	<author>Шах И</author>
	<title>Путь суфиев</title>
	<filename>FILOSOF/SUFI/HIDAYAT/sufii.txt</filename>
</book>
<book>
	<author>Хан Х И</author>
	<title>Учения суфиев</title>
	<filename>FILOSOF/SUFI/HIDAYAT/teachers.txt</filename>
</book>
<book>
	<author>Вернадский В И</author>
	<title>Из дневников 1919-1920 гг.</title>
	<filename>FILOSOF/WERNADSKIJ/dnewniki.txt</filename>
</book>
<book>
	<author>Вернадский В И</author>
	<title>Очерки по истории естествознания в России в XVIII столетии</title>
	<filename>FILOSOF/WERNADSKIJ/hist-rus.txt</filename>
</book>
<book>
	<author>Вернадский В И</author>
	<title>Из истории идей</title>
	<filename>FILOSOF/WERNADSKIJ/ideas.txt</filename>
</book>
<book>
	<author>Вернадский В И</author>
	<title>Научная мысль как планетное явление</title>
	<filename>FILOSOF/WERNADSKIJ/mysl.txt</filename>
</book>
<book>
	<author>Вернадский В И</author>
	<title>Несколько слов о ноосфере</title>
	<filename>FILOSOF/WERNADSKIJ/noos.txt</filename>
</book>
<book>
	<author>Искандер Ф</author>
	<title>Авторитет</title>
	<filename>FISKANDER/awtoritet.txt</filename>
</book>
<book>
	<author>Искандер Ф</author>
	<title>Незваный гость</title>
	<filename>FISKANDER/gost.txt</filename>
</book>
<book>
	<author>Искандер Ф</author>
	<title>Созвездие Козлотура</title>
	<filename>FISKANDER/kozlotur.txt</filename>
</book>
<book>
	<author>Искандер Ф</author>
	<title>Кролики и удавы</title>
	<filename>FISKANDER/kroliki.txt</filename>
</book>
<book>
	<author>Искандер Ф</author>
	<title>Утраты</title>
	<filename>FISKANDER/looses.txt</filename>
</book>
<book>
	<author>Искандер Ф</author>
	<title>Мальчик и война</title>
	<filename>FISKANDER/malxchik.txt</filename>
</book>
<book>
	<author>Искандер Ф</author>
	<title>Привычка наводить порядок</title>
	<filename>FISKANDER/poryadok.txt</filename>
</book>
<book>
	<author>Искандер Ф</author>
	<title>Сандро из Чегема (Книга 1)</title>
	<filename>FISKANDER/sandro1.txt</filename>
</book>
<book>
	<author>Искандер Ф</author>
	<title>Сандро из Чегема (Книга 2)</title>
	<filename>FISKANDER/sandro2.txt</filename>
</book>
<book>
	<author>Искандер Ф</author>
	<title>Сандро из Чегема (Книга 3)</title>
	<filename>FISKANDER/sandro3.txt</filename>
</book>
<book>
	<author>Искандер Ф</author>
	<title>Жил старик со своею старушкой</title>
	<filename>FISKANDER/starik.txt</filename>
</book>
<book>
	<author>Искандер Ф</author>
	<title>Стоянка человека</title>
	<filename>FISKANDER/stoyanka.txt</filename>
</book>
<book>
	<author>Искандер Ф</author>
	<title>Школьный вальс, или Энергия стыда</title>
	<filename>FISKANDER/waltz.txt</filename>
</book>
<book>
	<author></author>
	<title>Список книг А.Т.Фоменко</title>
	<filename>FOMENKOAT/bibliography.txt</filename>
</book>
<book>
	<author></author>
	<title>ДОПОЛНЕНИЕ: Отклики на исследования по пересмотру хронологии</title>
	<filename>FOMENKOAT/dopolneniya.txt</filename>
</book>
<book>
	<author></author>
	<title>A.T.Fomenko, G.V.Nosovskij. New chronology and new concept of the english history. British empire as a direct successor of byzantine-roman empire</title>
	<filename>FOMENKOAT/engltr.txt</filename>
</book>
<book>
	<author>Фоменко А Т</author>
	<title>Новые эмпирико-статистические методики датирования древних событий и приложения к глобальной хронологии древнего и средневекового мира</title>
	<filename>FOMENKOAT/fomenko1.txt</filename>
</book>
<book>
	<author>Фоменко А Т</author>
	<title>Новая хронология Греции</title>
	<filename>FOMENKOAT/greece.txt</filename>
</book>
<book>
	<author>Носовский Г В, Фоменко  А Т</author>
	<title>Империя (Части 1-3)</title>
	<filename>FOMENKOAT/imperia1.txt</filename>
</book>
<book>
	<author>Носовский Г В, Фоменко  А Т</author>
	<title>Империя (Части 4-7)</title>
	<filename>FOMENKOAT/imperia2.txt</filename>
</book>
<book>
	<author>Фоменко А Т</author>
	<title>Ответы оппонентам</title>
	<filename>FOMENKOAT/izwestia.txt</filename>
</book>
<book>
	<author></author>
	<title>Анатолий Фоменко и обсуждение его работ: ссылки</title>
	<filename>FOMENKOAT/links.txt</filename>
</book>
<book>
	<author>Носовский Г В, Фоменко  А Т</author>
	<title>Математическая хронология библейских событий</title>
	<filename>FOMENKOAT/matchr_b.txt</filename>
</book>
<book>
	<author>Носовский Г В, Фоменко  А Т</author>
	<title>Ответ некоторым авторам, недовольным нашими исследованиями по хронологии</title>
	<filename>FOMENKOAT/otwety.txt</filename>
</book>
<book>
	<author>Носовский Г В, Фоменко  А Т</author>
	<title>Новая хронология и концепция древней истории Руси, Англии и Рима</title>
	<filename>FOMENKOAT/rus_ar.txt</filename>
</book>
<book>
	<author>Азимов А</author>
	<title>"...Вставьте шплинт А в гнездо Б..."</title>
	<filename>FOUNDATION/ainb.txt</filename>
</book>
<book>
	<author>Азимов А</author>
	<title>Годовщина</title>
	<filename>FOUNDATION/annivers.txt</filename>
</book>
<book>
	<author>Азимов А</author>
	<title>Адский огонь</title>
	<filename>FOUNDATION/asimo053.txt</filename>
</book>
<book>
	<author>Asimov I</author>
	<title>The prime of life</title>
	<filename>FOUNDATION/asivers.txt</filename>
</book>
<book>
	<author>Азимов А</author>
	<title>Бессмертный бард</title>
	<filename>FOUNDATION/bard.txt</filename>
</book>
<book>
	<author>Азимов А</author>
	<title>Двухсотлетний человек</title>
	<filename>FOUNDATION/bicenten.txt</filename>
</book>
<book>
	<author>Азимов А</author>
	<title>Баттон, Баттон</title>
	<filename>FOUNDATION/button.txt</filename>
</book>
<book>
	<author>Азимов А</author>
	<title>Стальные пещеры</title>
	<filename>FOUNDATION/cavsteel.txt</filename>
</book>
<book>
	<author>Азимов А</author>
	<title>Тринадцатый день рождества</title>
	<filename>FOUNDATION/christma.txt</filename>
</book>
<book>
	<author>Азимов А</author>
	<title>Космические течения</title>
	<filename>FOUNDATION/currspac.txt</filename>
</book>
<book>
	<author>Азимов А</author>
	<title>День охотников</title>
	<filename>FOUNDATION/day_hunt.txt</filename>
</book>
<book>
	<author>Азимов А</author>
	<title>Пыль смерти</title>
	<filename>FOUNDATION/deathdus.txt</filename>
</book>
<book>
	<author>Азимов А</author>
	<title>Выборы</title>
	<filename>FOUNDATION/election.txt</filename>
</book>
<book>
	<author>Азимов А</author>
	<title>Эверест</title>
	<filename>FOUNDATION/everest.txt</filename>
</book>
<book>
	<author>Азимов А</author>
	<title>Новая игрушка</title>
	<filename>FOUNDATION/fantazy.txt</filename>
</book>
<book>
	<author>Азимов А</author>
	<title>Чувство силы</title>
	<filename>FOUNDATION/feelpowr.txt</filename>
</book>
<book>
	<author>Азимов А</author>
	<title>Такой прекрасный день</title>
	<filename>FOUNDATION/fine_day.txt</filename>
</book>
<book>
	<author>Азимов А</author>
	<title>Основание</title>
	<filename>FOUNDATION/found1.txt</filename>
</book>
<book>
	<author>Азимов А</author>
	<title>Основатели и Империя</title>
	<filename>FOUNDATION/found4.txt</filename>
</book>
<book>
	<author>Азимов А</author>
	<title>Основание и Земля</title>
	<filename>FOUNDATION/found5.txt</filename>
</book>
<book>
	<author>Азимов А</author>
	<title>На пути к Основанию</title>
	<filename>FOUNDATION/foundat2.txt</filename>
</book>
<book>
	<author>Азимов А</author>
	<title>Основатели</title>
	<filename>FOUNDATION/foundat3.txt</filename>
</book>
<book>
	<author>Азимов А</author>
	<title>Кризис основания (фрагмент)</title>
	<filename>FOUNDATION/foundat4.txt</filename>
</book>
<book>
	<author>Азимов А</author>
	<title>Второй Фонд</title>
	<filename>FOUNDATION/foundat5.txt</filename>
</book>
<book>
	<author>Азимов А</author>
	<title>Основание и Земля</title>
	<filename>FOUNDATION/foundat7.txt</filename>
</book>
<book>
	<author>Азимов А</author>
	<title>Нашли!</title>
	<filename>FOUNDATION/found.txt</filename>
</book>
<book>
	<author>Азимов А</author>
	<title>Фантастическое путешествие</title>
	<filename>FOUNDATION/f_voyage.txt</filename>
</book>
<book>
	<author>Азимов А</author>
	<title>Сердобольные стервятники</title>
	<filename>FOUNDATION/gentvult.txt</filename>
</book>
<book>
	<author>Азимов А</author>
	<title>"три-четыре"</title>
	<filename>FOUNDATION/gimmicks.txt</filename>
</book>
<book>
	<author>Азимов А</author>
	<title>Движущая сила</title>
	<filename>FOUNDATION/gr_asset.txt</filename>
</book>
<book>
	<author>Азимов А</author>
	<title>Хэллоуин</title>
	<filename>FOUNDATION/hallowen.txt</filename>
</book>
<book>
	<author>Азимов А</author>
	<title>Я в Марсопорте без Хильды</title>
	<filename>FOUNDATION/hilda1.txt</filename>
</book>
<book>
	<author>Азимов А</author>
	<title>Я в марспорте без Хильды</title>
	<filename>FOUNDATION/hilda.txt</filename>
</book>
<book>
	<author>Азимов А</author>
	<title>Как им было весело</title>
	<filename>FOUNDATION/kak_im.txt</filename>
</book>
<book>
	<author>Азимов А</author>
	<title>Ключ</title>
	<filename>FOUNDATION/key.txt</filename>
</book>
<book>
	<author>Азимов А</author>
	<title>Уродливый мальчуган</title>
	<filename>FOUNDATION/kinder.txt</filename>
</book>
<book>
	<author>Азимов А</author>
	<title>Дэвид Старр, космический рейнджер</title>
	<filename>FOUNDATION/lakystr1.txt</filename>
</book>
<book>
	<author>Азимов А</author>
	<title>Лакки Старр и пираты астероидов</title>
	<filename>FOUNDATION/lakystr2.txt</filename>
</book>
<book>
	<author>Азимов А</author>
	<title>Лакки Старр и океаны венеры</title>
	<filename>FOUNDATION/lakystr3.txt</filename>
</book>
<book>
	<author>Азимов А</author>
	<title>Лакки Старр и луны Юпитера</title>
	<filename>FOUNDATION/lakystr4.txt</filename>
</book>
<book>
	<author>Азимов А</author>
	<title>Лакки Старр и большое солнце Меркурия</title>
	<filename>FOUNDATION/lakystr5.txt</filename>
</book>
<book>
	<author>Азимов А</author>
	<title>Лакки Старр и кольца Сатурна</title>
	<filename>FOUNDATION/lakystr6.txt</filename>
</book>
<book>
	<author>Азимов А</author>
	<title>Ленни</title>
	<filename>FOUNDATION/lenny.txt</filename>
</book>
<book>
	<author>Азимов А</author>
	<title>Что это за штука - любовь?</title>
	<filename>FOUNDATION/lubow.txt</filename>
</book>
<book>
	<author>Азимов А</author>
	<title>Машина - победитель</title>
	<filename>FOUNDATION/machine.txt</filename>
</book>
<book>
	<author>Азимов А</author>
	<title>Путь марсиан</title>
	<filename>FOUNDATION/martian.txt</filename>
</book>
<book>
	<author>Азимов А</author>
	<title>Обезьяний палец</title>
	<filename>FOUNDATION/monkfing.txt</filename>
</book>
<book>
	<author>Азимов А</author>
	<title>Убийство в Эй-Би-Эй</title>
	<filename>FOUNDATION/murd_aba.txt</filename>
</book>
<book>
	<author>Азимов А</author>
	<title>Обнаженное солнце</title>
	<filename>FOUNDATION/nakedsun.txt</filename>
</book>
<book>
	<author>Азимов А</author>
	<title>Немезида</title>
	<filename>FOUNDATION/nemezida.txt</filename>
</book>
<book>
	<author>Asimov I</author>
	<title>Nightfall</title>
	<filename>FOUNDATION/nightfall.txt</filename>
</book>
<book>
	<author>Азимов А</author>
	<title>Приход ночи</title>
	<filename>FOUNDATION/noch.txt</filename>
</book>
<book>
	<author>Азимов А</author>
	<title>Пауза</title>
	<filename>FOUNDATION/pause.txt</filename>
</book>
<book>
	<author>Азимов А</author>
	<title>Галька в небе</title>
	<filename>FOUNDATION/pebblsky.txt</filename>
</book>
<book>
	<author>Азимов А</author>
	<title>Профессия</title>
	<filename>FOUNDATION/professia.txt</filename>
</book>
<book>
	<author>Азимов А</author>
	<title>Последний вопрос</title>
	<filename>FOUNDATION/question.txt</filename>
</book>
<book>
	<author>Asimov I</author>
	<title>Reason</title>
	<filename>FOUNDATION/reason.txt</filename>
</book>
<book>
	<author>Азимов А</author>
	<title>Цена риска</title>
	<filename>FOUNDATION/risk1.txt</filename>
</book>
<book>
	<author>Азимов А</author>
	<title>Риск</title>
	<filename>FOUNDATION/risk.txt</filename>
</book>
<book>
	<author>Азимов А</author>
	<title>Робот, который видел сны</title>
	<filename>FOUNDATION/robdream.txt</filename>
</book>
<book>
	<author>Азимов А</author>
	<title>Роботы и империя</title>
	<filename>FOUNDATION/rob&amp;impr.txt</filename>
</book>
<book>
	<author>Азимов А</author>
	<title>Роботы утренней зари</title>
	<filename>FOUNDATION/roboty.txt</filename>
</book>
<book>
	<author>Азимов А</author>
	<title>Удовлетворение гарантировано</title>
	<filename>FOUNDATION/satisfac.txt</filename>
</book>
<book>
	<author>Азимов А</author>
	<title>Говорящий камень</title>
	<filename>FOUNDATION/saystone.txt</filename>
</book>
<book>
	<author>Азимов А</author>
	<title>Сами боги</title>
	<filename>FOUNDATION/selfgods.txt</filename>
</book>
<book>
	<author>Азимов А</author>
	<title>Они не прилетят</title>
	<filename>FOUNDATION/sharow1.txt</filename>
</book>
<book>
	<author>Азимов А</author>
	<title>Возьмите спичку</title>
	<filename>FOUNDATION/spichka.txt</filename>
</book>
<book>
	<author>Азимов А</author>
	<title>Звезды как пыль</title>
	<filename>FOUNDATION/stardust.txt</filename>
</book>
<book>
	<author>Азимов А</author>
	<title>Глубина</title>
	<filename>FOUNDATION/the_deep.txt</filename>
</book>
<book>
	<author>Азимов А</author>
	<title>Поющий колокольчик</title>
	<filename>FOUNDATION/thingbel.txt</filename>
</book>
<book>
	<author>Азимов А</author>
	<title>Думай!</title>
	<filename>FOUNDATION/think.txt</filename>
</book>
<book>
	<author>Азимов А</author>
	<title>Соберемся вместе</title>
	<filename>FOUNDATION/together.txt</filename>
</book>
<book>
	<author>Азимов А</author>
	<title>Все грехи мира</title>
	<filename>FOUNDATION/troubles.txt</filename>
</book>
<book>
	<author>Азимов А</author>
	<title>Истинная любовь</title>
	<filename>FOUNDATION/truelove.txt</filename>
</book>
<book>
	<author>Азимов А</author>
	<title>В плену у Весты</title>
	<filename>FOUNDATION/vesta.txt</filename>
</book>
<book>
	<author>Азимов А</author>
	<title>Непреднамеренная победа</title>
	<filename>FOUNDATION/victory.txt</filename>
</book>
<book>
	<author>Азимов А</author>
	<title>Конец Вечности</title>
	<filename>FOUNDATION/wechnost.txt</filename>
</book>
<book>
	<author>Азимов А</author>
	<title>Что если...</title>
	<filename>FOUNDATION/what_if.txt</filename>
</book>
<book>
	<author>Азимов А</author>
	<title>Что в имени?</title>
	<filename>FOUNDATION/whatname.txt</filename>
</book>

</books>

