<?xml version="1.0" encoding="UTF-8" ?>
<books>

<book>
	<author></author>
	<title>Александр Кабаков: аннотации к произведениям</title>
	<filename>KABAKOW/annotations.txt</filename>
</book>
<book>
	<author>Кабаков А</author>
	<title>Сочинитель</title>
	<filename>KABAKOW/kabak.txt</filename>
</book>
<book>
	<author>Кабаков А</author>
	<title>Подход Кристаповича</title>
	<filename>KABAKOW/kristap.txt</filename>
</book>
<book>
	<author>Кабаков А</author>
	<title>Последний герой</title>
	<filename>KABAKOW/lasthero.txt</filename>
</book>
<book>
	<author>Кабаков А</author>
	<title>Невозвращенец</title>
	<filename>KABAKOW/newozwr.txt</filename>
</book>
<book>
	<author>Кафка Ф</author>
	<title>Новый адвокат</title>
	<filename>KAFKA/adwokat.txt</filename>
</book>
<book>
	<author>Кафка Ф</author>
	<title>Америка</title>
	<filename>KAFKA/amerika.txt</filename>
</book>
<book>
	<author>Кафка Ф</author>
	<title>Искусство голодания</title>
	<filename>KAFKA/golodanie.txt</filename>
</book>
<book>
	<author>Кафка Ф</author>
	<title>В поселении осужденных</title>
	<filename>KAFKA/kolonia.txt</filename>
</book>
<book>
	<author>Кафка Ф</author>
	<title>Новый адвокат</title>
	<filename>KAFKA/lawer.txt</filename>
</book>
<book>
	<author>Кафка Ф</author>
	<title>Прогулка в горы</title>
	<filename>KAFKA/mini.txt</filename>
</book>
<book>
	<author>Кафка Ф</author>
	<title>Нора</title>
	<filename>KAFKA/nora.txt</filename>
</book>
<book>
	<author>Кафка Ф</author>
	<title>Превращение</title>
	<filename>KAFKA/prewrashenie.txt</filename>
</book>
<book>
	<author>Кафка Ф</author>
	<title>Приговор</title>
	<filename>KAFKA/prigowor.txt</filename>
</book>
<book>
	<author>Кафка Ф</author>
	<title>Процесс</title>
	<filename>KAFKA/process.txt</filename>
</book>
<book>
	<author>Зверев А</author>
	<title>Книга на завтра: Франц Кафка. Дневники</title>
	<filename>KAFKA/rec_dnewniki.txt</filename>
</book>
<book>
	<author>Кафка Ф</author>
	<title>Сон</title>
	<filename>KAFKA/son.txt</filename>
</book>
<book>
	<author>Кафка Ф</author>
	<title>Забота главы семейства</title>
	<filename>KAFKA/zaboty.txt</filename>
</book>
<book>
	<author>Кафка Ф</author>
	<title>Перед законом</title>
	<filename>KAFKA/zakon.txt</filename>
</book>
<book>
	<author>Кафка Ф</author>
	<title>Замок</title>
	<filename>KAFKA/zamok.txt</filename>
</book>
<book>
	<author>Капра Ф</author>
	<title>Дао физики</title>
	<filename>KAPRA/daofiz.txt</filename>
</book>
<book>
	<author>Карнеги Д</author>
	<title>Как приобретать друзей и оказывать влияние на людей</title>
	<filename>KARNEGY/karnegi1.txt</filename>
</book>
<book>
	<author>Карнеги Д</author>
	<title>Как вырабатывть уверенность в себе и влиять на людей, выступая публично</title>
	<filename>KARNEGY/karnegi2.txt</filename>
</book>
<book>
	<author>Карнеги Д</author>
	<title>Как преодолеть чувство беспокойства</title>
	<filename>KARNEGY/karnegi3.txt</filename>
</book>
<book>
	<author>Карнеги Д</author>
	<title>Как приобрести друзей и оказать влияние на людей</title>
	<filename>KARNEGY/karnegy1.txt</filename>
</book>
<book>
	<author>Карнеги Д</author>
	<title>Шесть способов располагать к себе людей</title>
	<filename>KARNEGY/karnegy2.txt</filename>
</book>
<book>
	<author>Доннер Ф</author>
	<title>Жизнь-в-сновидении</title>
	<filename>KASTANEDA/donner2.txt</filename>
</book>
<book>
	<author>Доннер Ф</author>
	<title>Шабоно</title>
	<filename>KASTANEDA/donner3.txt</filename>
</book>
<book>
	<author>Доннер Ф</author>
	<title>Сон ведьмы</title>
	<filename>KASTANEDA/donner.txt</filename>
</book>
<book>
	<author></author>
	<title>Interviews with Carlos Castaneda</title>
	<filename>KASTANEDA/inter2.txt</filename>
</book>
<book>
	<author>Кин С</author>
	<title>Интервью с Кастанедой, 1976</title>
	<filename>KASTANEDA/interviewkin.txt</filename>
</book>
<book>
	<author></author>
	<title>Грасиела Корвалан: интервью с Карлосом Кастанедой</title>
	<filename>KASTANEDA/intkorw.txt</filename>
</book>
<book>
	<author>Кастанеда К</author>
	<title>Активная сторона беcкoнечнocти</title>
	<filename>KASTANEDA/kast10.txt</filename>
</book>
<book>
	<author>Кастанеда К</author>
	<title>Колесо времени</title>
	<filename>KASTANEDA/kast11.txt</filename>
</book>
<book>
	<author>Кастанеда К</author>
	<title>Сказка о силе</title>
	<filename>KASTANEDA/kast4.txt</filename>
</book>
<book>
	<author>Кастанеда К</author>
	<title>Второе кольцо силы</title>
	<filename>KASTANEDA/kast5.txt</filename>
</book>
<book>
	<author>Кастанеда К</author>
	<title>Дар орла</title>
	<filename>KASTANEDA/kast6.txt</filename>
</book>
<book>
	<author>Кастанеда К</author>
	<title>Внутренний огонь</title>
	<filename>KASTANEDA/kast7.txt</filename>
</book>
<book>
	<author>Кастанеда К</author>
	<title>Сила безмолвия</title>
	<filename>KASTANEDA/kast8.txt</filename>
</book>
<book>
	<author>Кастанеда К</author>
	<title>Разрозненые материалы за 1994 год </title>
	<filename>KASTANEDA/kast94.txt</filename>
</book>
<book>
	<author>Кастанеда К</author>
	<title>Искусство сновидения</title>
	<filename>KASTANEDA/kast9.txt</filename>
</book>
<book>
	<author>Кастанеда К</author>
	<title>Разговоры с доном Хуаном</title>
	<filename>KASTANEDA/kastan1.txt</filename>
</book>
<book>
	<author>Кастанеда К</author>
	<title>Отделенная реальность</title>
	<filename>KASTANEDA/kastan2.txt</filename>
</book>
<book>
	<author>Кастанеда К</author>
	<title>Путешествие в Икстлен</title>
	<filename>KASTANEDA/kastan3.txt</filename>
</book>
<book>
	<author>Шерман С</author>
	<title>Карлос Кастанеда</title>
	<filename>KASTANEDA/sherman.txt</filename>
</book>
<book>
	<author>Степанов С С</author>
	<title>Путь Воина в журнале "Игра в Бисер" NoNo 1,2</title>
	<filename>KASTANEDA/step2.txt</filename>
</book>
<book>
	<author>Степанов С</author>
	<title>Лекции на тему "философия Кастанеды"</title>
	<filename>KASTANEDA/stepanov.txt</filename>
</book>
<book>
	<author>Абеляр Т</author>
	<title>Магический переход</title>
	<filename>KASTANEDA/taisha.txt</filename>
</book>
<book>
	<author>Кастанеда К</author>
	<title>Тенсегрити: Магические пассы магов древней Мексики (фрагмент)</title>
	<filename>KASTANEDA/teseng.txt</filename>
</book>
<book>
	<author>Ибука М</author>
	<title>После трех уже поздно</title>
	<filename>KIDS/after3.txt</filename>
</book>
<book>
	<author>Зорина Т</author>
	<title>Дети (сборник по материалам FIDO-эх)</title>
	<filename>KIDS/childrens.txt</filename>
</book>
<book>
	<author></author>
	<title>Дистанционное обучение физике русскоговорящих детей за рубежом</title>
	<filename>KIDS/distant.txt</filename>
</book>
<book>
	<author>Дик-Рид Г</author>
	<title>Роды без страха</title>
	<filename>KIDS/grantly.txt</filename>
</book>
<book>
	<author>Лейкин В</author>
	<title>Играем в поэзию</title>
	<filename>KIDS/LEJKIN/lejkin.txt</filename>
</book>
<book>
	<author>Никитины Б и Л</author>
	<title>Мы и наши дети</title>
	<filename>KIDS/nikitina.txt</filename>
</book>
<book>
	<author>Никитин Б П</author>
	<title>Развивающие игры</title>
	<filename>KIDS/NIKITINY/nikitindev.txt</filename>
</book>
<book>
	<author>Н Б П , А  Н Л</author>
	<title>Резервы здоровья наших детей</title>
	<filename>KIDS/nikitiny.txt</filename>
</book>
<book>
	<author>Обухова Л Ф</author>
	<title>Детская (возрастная) психология</title>
	<filename>KIDS/OBUHOWA/psihologia.txt</filename>
</book>
<book>
	<author>Богачева О, Дубягин  Ю</author>
	<title>Школа выживания, или 56 способов защитить ребенка от преступления</title>
	<filename>KIDS/sechild.txt</filename>
</book>
<book>
	<author>Спок Б</author>
	<title>Ребенок и уход за ним</title>
	<filename>KIDS/SPOK/rebenok.txt</filename>
</book>
<book>
	<author>Неизвестен А</author>
	<title>?Логические проблемы знания?</title>
	<filename>KIDS/TEACH/znanie.txt</filename>
</book>
<book>
	<author>Тимофеева А М</author>
	<title>Беседы детского доктора</title>
	<filename>KIDS/temofeam.txt</filename>
</book>
<book>
	<author>Кинг С</author>
	<title>Поле боя</title>
	<filename>KING/boj.txt</filename>
</book>
<book>
	<author>Кинг С</author>
	<title>И пришел бука</title>
	<filename>KING/buka.txt</filename>
</book>
<book>
	<author>Кинг С</author>
	<title>Дверь</title>
	<filename>KING/door2.txt</filename>
</book>
<book>
	<author>Кинг С</author>
	<title>Я - дверь</title>
	<filename>KING/door.txt</filename>
</book>
<book>
	<author>Кинг С</author>
	<title>Грузовики</title>
	<filename>KING/gruz.txt</filename>
</book>
<book>
	<author>Кинг С</author>
	<title>Долгий джонт</title>
	<filename>KING/jont.txt</filename>
</book>
<book>
	<author>Кинг С</author>
	<title>Мартовский выползень</title>
	<filename>KING/marc.txt</filename>
</book>
<book>
	<author>Кинг С</author>
	<title>Обезъяна</title>
	<filename>KING/obezjana.txt</filename>
</book>
<book>
	<author>Кинг С</author>
	<title>Текст-процессор</title>
	<filename>KING/proc.txt</filename>
</book>
<book>
	<author>Кинг С</author>
	<title>Корпорация "Бросайте курить"</title>
	<filename>KING/smoke.txt</filename>
</book>
<book>
	<author>Киплинг Р</author>
	<title>Ким</title>
	<filename>KIPLING/kim.txt</filename>
</book>
<book>
	<author>Киплинг Р</author>
	<title>Маугли</title>
	<filename>KIPLING/maugli.txt</filename>
</book>
<book>
	<author>Kipling R</author>
	<title>Gunga Din and other Favorite Poems</title>
	<filename>KIPLING/poemsengl.txt</filename>
</book>
<book>
	<author>Киплинг Р</author>
	<title>Девять сборников рассказов</title>
	<filename>KIPLING/rasskazy.txt</filename>
</book>
<book>
	<author>Киплинг Р</author>
	<title>Сказки Старой Англии</title>
	<filename>KIPLING/skazki.txt</filename>
</book>
<book>
	<author>Киплинг Р</author>
	<title>Стихи</title>
	<filename>KIPLING/zapowed.txt</filename>
</book>
<book>
	<author>Кирпичев В</author>
	<title>Интервью с богом</title>
	<filename>KIRPICHEV/kirpbog.txt</filename>
</book>
<book>
	<author>Кирпичев В</author>
	<title>Краски Боттичелли</title>
	<filename>KIRPICHEV/kirpi01.txt</filename>
</book>
<book>
	<author>Кирпичев В</author>
	<title>Американский аквариум</title>
	<filename>KIRPICHEV/kirpi02.txt</filename>
</book>
<book>
	<author>Кирпичев В</author>
	<title>Практик</title>
	<filename>KIRPICHEV/kirpi03.txt</filename>
</book>
<book>
	<author>Кирпичев В</author>
	<title>Убей цивилизацию!</title>
	<filename>KIRPICHEV/kirpi04.txt</filename>
</book>
<book>
	<author>Кирпичев В</author>
	<title>Экспертиза</title>
	<filename>KIRPICHEV/kirpi05.txt</filename>
</book>
<book>
	<author>Кирпичев В</author>
	<title>Любовь - восьмая истина</title>
	<filename>KIRPICHEV/kirplove.txt</filename>
</book>
<book>
	<author>Кирпичев В</author>
	<title>Время, творящее миры</title>
	<filename>KIRPICHEV/kirpvremya.txt</filename>
</book>
<book>
	<author>Кизи К</author>
	<title>Над кукушкиным гнездом</title>
	<filename>KIZI/kukushka.txt</filename>
</book>
<book>
	<author>Кларк А</author>
	<title>Конец Детства</title>
	<filename>KLARK/childho.txt</filename>
</book>
<book>
	<author>Кларк А</author>
	<title>Безжалостное небо</title>
	<filename>KLARK/cruelsky.txt</filename>
</book>
<book>
	<author>Кларк А</author>
	<title>Девять миллиардов имен</title>
	<filename>KLARK/dewyatx.txt</filename>
</book>
<book>
	<author>Кларк А Ч</author>
	<title>Двое в космосе</title>
	<filename>KLARK/dwoewkosmose.txt</filename>
</book>
<book>
	<author>Кларк А</author>
	<title>"И если я, земля, тебя забуду..."</title>
	<filename>KLARK/earth.txt</filename>
</book>
<book>
	<author>Кларк А</author>
	<title>Фонтаны рая</title>
	<filename>KLARK/fontany.txt</filename>
</book>
<book>
	<author>Кларк А</author>
	<title>Лунная Пыль</title>
	<filename>KLARK/luna.txt</filename>
</book>
<book>
	<author>Кларк А</author>
	<title>Встреча с медузой</title>
	<filename>KLARK/medusa.txt</filename>
</book>
<book>
	<author>Кларк А</author>
	<title>Стена Мрака</title>
	<filename>KLARK/mrak.txt</filename>
</book>
<book>
	<author>Кларк А</author>
	<title>Завтра не наступит</title>
	<filename>KLARK/nomornin.txt</filename>
</book>
<book>
	<author>Кларк А</author>
	<title>2010: Одиссея Два</title>
	<filename>KLARK/odystwo.txt</filename>
</book>
<book>
	<author>Кларк А</author>
	<title>2061: Одиссея Три</title>
	<filename>KLARK/odythree.txt</filename>
</book>
<book>
	<author>Кларк А</author>
	<title>Остров дельфинов</title>
	<filename>KLARK/ostrow.txt</filename>
</book>
<book>
	<author>Кларк А</author>
	<title>Рассказы</title>
	<filename>KLARK/rasskazy.txt</filename>
</book>
<book>
	<author>Кларк А</author>
	<title>Робин Гуд, член Королевского общества</title>
	<filename>KLARK/robin.txt</filename>
</book>
<book>
	<author>Кларк А</author>
	<title>Из контрразведки</title>
	<filename>KLARK/secrserv.txt</filename>
</book>
<book>
	<author>Кларк А</author>
	<title>2001: Одиссея Один</title>
	<filename>KLARK/spaceode.txt</filename>
</book>
<book>
	<author>Кларк А</author>
	<title>Город и звезды</title>
	<filename>KLARK/stars_ru.txt</filename>
</book>
<book>
	<author>Кларк А</author>
	<title>Город и звезды</title>
	<filename>KLARK/starstown.txt</filename>
</book>
<book>
	<author>Кларк А</author>
	<title>Стрела времени</title>
	<filename>KLARK/strela.txt</filename>
</book>
<book>
	<author>Кларк А</author>
	<title>Абсолютное превосходство</title>
	<filename>KLARK/superior.txt</filename>
</book>
<book>
	<author>Кларк А</author>
	<title>Когда явились твермы...</title>
	<filename>KLARK/twerm.txt</filename>
</book>
<book>
	<author>Кларк А</author>
	<title>Воссоединение</title>
	<filename>KLARK/unit.txt</filename>
</book>
<book>
	<author>Кларк А</author>
	<title>Солнечный ветер</title>
	<filename>KLARK/wind_sun.txt</filename>
</book>
<book>
	<author>Ключевский В</author>
	<title>Найти капитана</title>
	<filename>KLYUCHWSKIJ/1.txt</filename>
</book>
<book>
	<author>Ключевский В</author>
	<title>Не та реальность</title>
	<filename>KLYUCHWSKIJ/2.txt</filename>
</book>
<book>
	<author>Ключевский В</author>
	<title>Да здравствует экология!</title>
	<filename>KLYUCHWSKIJ/3.txt</filename>
</book>
<book>
	<author>Ключевский В</author>
	<title>Желтый цветок</title>
	<filename>KLYUCHWSKIJ/cwetok.txt</filename>
</book>
<book>
	<author>Ключевский В</author>
	<title>Контактер</title>
	<filename>KLYUCHWSKIJ/kontakter.txt</filename>
</book>
<book>
	<author>Ключевский В</author>
	<title>Адаптатор</title>
	<filename>KLYUCHWSKIJ/lit1.txt</filename>
</book>
<book>
	<author>Ключевский В</author>
	<title>Последнее желание</title>
	<filename>KLYUCHWSKIJ/lit2.txt</filename>
</book>
<book>
	<author>Ключевский В</author>
	<title>Чудики желтого болота</title>
	<filename>KLYUCHWSKIJ/lit3.txt</filename>
</book>
<book>
	<author>Коэльо П</author>
	<title>Алхимик</title>
	<filename>KOELXO/alchemist.txt</filename>
</book>
<book>
	<author>Колупаев В</author>
	<title>Седьмая модель</title>
	<filename>KOLUPAEW/7_model.txt</filename>
</book>
<book>
	<author>Колупаев В</author>
	<title>Качели отшельника</title>
	<filename>KOLUPAEW/kacheli.txt</filename>
</book>
<book>
	<author>Колупаев В</author>
	<title>Любовь к Земле</title>
	<filename>KOLUPAEW/kolupv01.txt</filename>
</book>
<book>
	<author>Колупаев В</author>
	<title>Настройщик роялей</title>
	<filename>KOLUPAEW/nastrojshik.txt</filename>
</book>
<book>
	<author>Конецкий В</author>
	<title>Несколько советов авторам путевой прозы</title>
	<filename>KONECKIJ/koneck1.txt</filename>
</book>
<book>
	<author>Конецкий В</author>
	<title>Невезучий Альфонс</title>
	<filename>KONECKIJ/unluckfc.txt</filename>
</book>
<book>
	<author>Конецкий В</author>
	<title>Вчерашние заботы</title>
	<filename>KONECKIJ/yesterday.txt</filename>
</book>
<book>
	<author>Коваль О к Ю</author>
	<title>Суер-Выер. Пергамент</title>
	<filename>KOWAL/anonssuer.txt</filename>
</book>
<book>
	<author>Коваль Ю</author>
	<title>Шесть рассказов</title>
	<filename>KOWAL/klukwin.txt</filename>
</book>
<book>
	<author>Коваль Ю И</author>
	<title>Приключения Васи Куролесова</title>
	<filename>KOWAL/kurolesow.txt</filename>
</book>
<book>
	<author>Коваль Ю</author>
	<title>Самая легкая лодка в мире</title>
	<filename>KOWAL/lodka.txt</filename>
</book>
<book>
	<author>Коваль Ю И</author>
	<title>Пять похищенных монахов</title>
	<filename>KOWAL/monah.txt</filename>
</book>
<book>
	<author>Коваль Ю</author>
	<title>Еще шесть рассказов</title>
	<filename>KOWAL/rasskazy2.txt</filename>
</book>
<book>
	<author>Коваль Ю</author>
	<title>Рассказы из книги "Опасайтесь лысых и усатых".</title>
	<filename>KOWAL/rasskazy3.txt</filename>
</book>
<book>
	<author>Коваль Ю</author>
	<title>Суер-Выер. Пергамент</title>
	<filename>KOWAL/suervyer.txt</filename>
</book>
<book>
	<author>Козловский Е</author>
	<title>Четыре листа фанеры</title>
	<filename>KOZLOVSKY/alina.txt</filename>
</book>
<book>
	<author>Козловский Е</author>
	<title>Голос Америки</title>
	<filename>KOZLOVSKY/amerika.txt</filename>
</book>
<book>
	<author>Козловский Е</author>
	<title>Диссидент и чиновница</title>
	<filename>KOZLOVSKY/dissid.txt</filename>
</book>
<book>
	<author>Козловский Е</author>
	<title>Маленький белый голубь мира</title>
	<filename>KOZLOVSKY/golub.txt</filename>
</book>
<book>
	<author>Козловский Е</author>
	<title>Я обещала, и я уйду...</title>
	<filename>KOZLOVSKY/irina.txt</filename>
</book>
<book>
	<author>Козловский Е</author>
	<title>Гувернантка</title>
	<filename>KOZLOVSKY/juli.txt</filename>
</book>
<book>
	<author>Козловский Е</author>
	<title>Как живете?..</title>
	<filename>KOZLOVSKY/karasi.txt</filename>
</book>
<book>
	<author>Козловский Е</author>
	<title>Квартира</title>
	<filename>KOZLOVSKY/mariam.txt</filename>
</book>
<book>
	<author>Козловский Е</author>
	<title>Грех</title>
	<filename>KOZLOVSKY/ninka.txt</filename>
</book>
<book>
	<author>Козловский Е</author>
	<title>Оле в альбом</title>
	<filename>KOZLOVSKY/olga.txt</filename>
</book>
<book>
	<author>Козловский Е</author>
	<title>Мы встретились в Раю...</title>
	<filename>KOZLOVSKY/Paradis.txt</filename>
</book>
<book>
	<author>Козловский Е</author>
	<title>К'гасная площадь</title>
	<filename>KOZLOVSKY/redsquar.txt</filename>
</book>
<book>
	<author>Козловский Е</author>
	<title>Шанель</title>
	<filename>KOZLOVSKY/shanel.txt</filename>
</book>
<book>
	<author>Козловский Е</author>
	<title>Душный театр. Книга пьес</title>
	<filename>KOZLOVSKY/theater.txt</filename>
</book>
<book>
	<author>Козловский Е</author>
	<title>Водовозовъ &amp;amp; сынъ</title>
	<filename>KOZLOVSKY/v-v.txt</filename>
</book>
<book>
	<author>Козлов С</author>
	<title>Правда, мы будем всегда?</title>
	<filename>KOZLOW/ezhik.txt</filename>
</book>
<book>
	<author>Козлов С</author>
	<title>Ежик в тумане</title>
	<filename>KOZLOW/ezhikwtumane.txt</filename>
</book>
<book>
	<author></author>
	<title>Библиография Владислава Крапивина</title>
	<filename>KRAPIWIN/krapiwinbib.txt</filename>
</book>
<book>
	<author>Крапивин В</author>
	<title>Стихи и песни</title>
	<filename>KRAPIWIN/krapiwin.txt</filename>
</book>
<book>
	<author>Кудрявцев Л</author>
	<title>Пробуждение</title>
	<filename>KUDRQWCEW/awakenin.txt</filename>
</book>
<book>
	<author>Кудрявцев Л</author>
	<title>Черная стена</title>
	<filename>KUDRQWCEW/blackwal.txt</filename>
</book>
<book>
	<author>Кудрявцев Л</author>
	<title>Выигрыш</title>
	<filename>KUDRQWCEW/bonus.txt</filename>
</book>
<book>
	<author>Кудрявцев Л</author>
	<title>Собиратель информации</title>
	<filename>KUDRQWCEW/collecto.txt</filename>
</book>
<book>
	<author>Кудрявцев Л</author>
	<title>День без смерти</title>
	<filename>KUDRQWCEW/day_dead.txt</filename>
</book>
<book>
	<author>Кудрявцев Л</author>
	<title>Фиолетовый мир</title>
	<filename>KUDRQWCEW/fiolworl.txt</filename>
</book>
<book>
	<author>Кудрявцев Л</author>
	<title>Лягушка</title>
	<filename>KUDRQWCEW/frog.txt</filename>
</book>
<book>
	<author>Кудрявцев Л</author>
	<title>И охотник...</title>
	<filename>KUDRQWCEW/hunter.txt</filename>
</book>
<book>
	<author>Кудрявцев Л</author>
	<title>Аппарат иллюзий</title>
	<filename>KUDRQWCEW/illusion.txt</filename>
</book>
<book>
	<author>Кудрявцев Л</author>
	<title>Инспектор снов</title>
	<filename>KUDRQWCEW/inspectr.txt</filename>
</book>
<book>
	<author>Кудрявцев Л</author>
	<title>Вторжение</title>
	<filename>KUDRQWCEW/intrusio.txt</filename>
</book>
<book>
	<author>Кудрявцев Л</author>
	<title>Карусель Пушкина</title>
	<filename>KUDRQWCEW/karus.txt</filename>
</book>
<book>
	<author>Кудрявцев Л</author>
	<title>Закон оборотня</title>
	<filename>KUDRQWCEW/kiber2.txt</filename>
</book>
<book>
	<author>Кудрявцев Л</author>
	<title>Охота на Квака</title>
	<filename>KUDRQWCEW/kiber.txt</filename>
</book>
<book>
	<author>Кудрявцев Л</author>
	<title>Лабиринт снов</title>
	<filename>KUDRQWCEW/labirint.txt</filename>
</book>
<book>
	<author>Кудрявцев Л</author>
	<title>Лабиринт (фрагмент)</title>
	<filename>KUDRQWCEW/lab.txt</filename>
</book>
<book>
	<author>Кудрявцев Л</author>
	<title>Озеро</title>
	<filename>KUDRQWCEW/lake.txt</filename>
</book>
<book>
	<author>Кудрявцев Л</author>
	<title>Лапуня</title>
	<filename>KUDRQWCEW/lapuna.txt</filename>
</book>
<book>
	<author>Кудрявцев Л</author>
	<title>Защитный механизм</title>
	<filename>KUDRQWCEW/machine.txt</filename>
</book>
<book>
	<author>Кудрявцев Л</author>
	<title>Тень мага</title>
	<filename>KUDRQWCEW/mag_1.txt</filename>
</book>
<book>
	<author>Кудрявцев Л</author>
	<title>Серый маг</title>
	<filename>KUDRQWCEW/mag_2.txt</filename>
</book>
<book>
	<author>Кудрявцев Л</author>
	<title>Метаморфозы</title>
	<filename>KUDRQWCEW/metamorf.txt</filename>
</book>
<book>
	<author>Кудрявцев Л</author>
	<title>Верный способ</title>
	<filename>KUDRQWCEW/method.txt</filename>
</book>
<book>
	<author>Кудрявцев Л</author>
	<title>Новичок</title>
	<filename>KUDRQWCEW/new_men.txt</filename>
</book>
<book>
	<author>Кудрявцев Л</author>
	<title>Бессмертные</title>
	<filename>KUDRQWCEW/no_dead.txt</filename>
</book>
<book>
	<author>Кудрявцев Л</author>
	<title>Выбор</title>
	<filename>KUDRQWCEW/option.txt</filename>
</book>
<book>
	<author>Кудрявцев Л</author>
	<title>Претендент</title>
	<filename>KUDRQWCEW/pretendent.txt</filename>
</book>
<book>
	<author>Кудрявцев Л</author>
	<title>Дорога миров</title>
	<filename>KUDRQWCEW/roadworl.txt</filename>
</book>
<book>
	<author>Кудрявцев Л</author>
	<title>Два солнца</title>
	<filename>KUDRQWCEW/two_suns.txt</filename>
</book>
<book>
	<author>Кудрявцев Л</author>
	<title>Вальхалла</title>
	<filename>KUDRQWCEW/valhalla.txt</filename>
</book>
<book>
	<author>Кудрявцев Л</author>
	<title>Остановка в пути</title>
	<filename>KUDRQWCEW/waybrake.txt</filename>
</book>
<book>
	<author>Кудрявцев Л</author>
	<title>Мир крыльев</title>
	<filename>KUDRQWCEW/wingworl.txt</filename>
</book>
<book>
	<author>Кудрявцев Л</author>
	<title>Подпись</title>
	<filename>KUDRQWCEW/write.txt</filename>
</book>
<book>
	<author>Кунин В</author>
	<title>Интердевочка</title>
	<filename>KUNINV/intrgirl.txt</filename>
</book>
<book>
	<author>Кунин В</author>
	<title>Иванов и Рабинович, или "Ай гоу ту Хайфа"</title>
	<filename>KUNINV/ivan_rab.txt</filename>
</book>
<book>
	<author>Кунин В</author>
	<title>Чокнутые</title>
	<filename>KUNINV/kuninv05.txt</filename>
</book>
<book>
	<author>Кунин В</author>
	<title>Кыся</title>
	<filename>KUNINV/kysia1.txt</filename>
</book>
<book>
	<author>Кунин В</author>
	<title>Кыся-2</title>
	<filename>KUNINV/kysia2.txt</filename>
</book>
<book>
	<author>Кунин В</author>
	<title>Кыся 3: Кыся в Америке</title>
	<filename>KUNINV/kysia3.txt</filename>
</book>
<book>
	<author>Кунин В</author>
	<title>Ребро Адама</title>
	<filename>KUNINV/rebro.txt</filename>
</book>
<book>
	<author>Кунин В</author>
	<title>Трое на шоссе</title>
	<filename>KUNINV/troenash.txt</filename>
</book>
<book>
	<author>Каттнер Г, Мур  К Л</author>
	<title>Авессалом</title>
	<filename>KUTTNER/absalom.txt</filename>
</book>
<book>
	<author>Каттнер Г, Мур  К Л</author>
	<title>Все тенали бороговы...</title>
	<filename>KUTTNER/borogovs.txt</filename>
</book>
<book>
	<author>Каттнер Г</author>
	<title>Маскировка</title>
	<filename>KUTTNER/camuflag.txt</filename>
</book>
<book>
	<author>Каттнер Г, Мур  К Л</author>
	<title>Столкновение в ночи</title>
	<filename>KUTTNER/clash.txt</filename>
</book>
<book>
	<author>Каттнер Г, Мур  К Л</author>
	<title>Пчхи-хологическая война</title>
	<filename>KUTTNER/cold_war.txt</filename>
</book>
<book>
	<author>Каттнер Г, Л  К</author>
	<title>Мур. Темный мир</title>
	<filename>KUTTNER/darkwrld.txt</filename>
</book>
<book>
	<author>Каттнер Г</author>
	<title>День не в счет</title>
	<filename>KUTTNER/daynocou.txt</filename>
</book>
<book>
	<author>Каттнер Г</author>
	<title>Порочный круг</title>
	<filename>KUTTNER/deadlock.txt</filename>
</book>
<book>
	<author>Каттнер Г, Л  К</author>
	<title>Мур. Назовем его Демоном</title>
	<filename>KUTTNER/demon1.txt</filename>
</book>
<book>
	<author>Каттнер Г, Мур  К Л</author>
	<title>Назовем его Демоном</title>
	<filename>KUTTNER/demon.txt</filename>
</book>
<book>
	<author>Каттнер Г, Л  К</author>
	<title>Мур. Механическое эго</title>
	<filename>KUTTNER/ego_mach.txt</filename>
</book>
<book>
	<author>Каттнер Г, Мур  К Л</author>
	<title>Прохвессор накрылся</title>
	<filename>KUTTNER/exitprof.txt</filename>
</book>
<book>
	<author>Каттнер Г, Л  К</author>
	<title>Мур. Ярость</title>
	<filename>KUTTNER/fury.txt</filename>
</book>
<book>
	<author>Каттнер Г</author>
	<title>Пять рассказов о Гэллегере</title>
	<filename>KUTTNER/gelleger.txt</filename>
</book>
<book>
	<author>Каттнер Г, Л  К</author>
	<title>Мур. Жил-был гном</title>
	<filename>KUTTNER/gnome1.txt</filename>
</book>
<book>
	<author>Каттнер Г, Л  К</author>
	<title>Мур. Жил-был гном</title>
	<filename>KUTTNER/gnome.txt</filename>
</book>
<book>
	<author>Каттнер Г</author>
	<title>Привет от автора</title>
	<filename>KUTTNER/helloauthor.txt</filename>
</book>
<book>
	<author>Каттнер Г, Л  К</author>
	<title>Мур. Мутант</title>
	<filename>KUTTNER/mutant.txt</filename>
</book>
<book>
	<author>Каттнер Г, Л  К</author>
	<title>Мур. Призрак</title>
	<filename>KUTTNER/phantom.txt</filename>
</book>
<book>
	<author>Каттнер Г, Мур  К Л</author>
	<title>Котел с неприятностями</title>
	<filename>KUTTNER/piltroub.txt</filename>
</book>
<book>
	<author>Каттнер Г, Л  К</author>
	<title>Мур. Сын несущего расходы</title>
	<filename>KUTTNER/piperson1.txt</filename>
</book>
<book>
	<author>Каттнер Г, Мур  К Л</author>
	<title>До скорого!</title>
	<filename>KUTTNER/seelater.txt</filename>
</book>
<book>
	<author>Каттнер Г</author>
	<title>Алмазная свинка</title>
	<filename>KUTTNER/swinka.txt</filename>
</book>
<book>
	<author>Каттнер Г, Л  К</author>
	<title>Мур. Твонк</title>
	<filename>KUTTNER/twonk.txt</filename>
</book>
<book>
	<author>Каттнер Г, Л  К</author>
	<title>Мур. Источник миров</title>
	<filename>KUTTNER/wellwrld.txt</filename>
</book>
<book>
	<author>Каттнер Г</author>
	<title>А как же еще?</title>
	<filename>KUTTNER/whatelse.txt</filename>
</book>

</books>

