<?xml version="1.0" encoding="UTF-8" ?>
<books>

<book>
	<filename>mora_ferenc/mora_ferenc_zolotoi_sarkofag.fb2.zip</filename>
	<title>Мора Ференц. Золотой саркофаг</title>
</book>
<book>
	<filename>moran_dyeniel/moran_dyeniel_bolshie_gonki.fb2.zip</filename>
	<title>Моран Дэниел. Большие гонки</title>
</book>
<book>
	<filename>moran_dyeniel/moran_dyeniel_izumrudnye_glaza.fb2.zip</filename>
	<title>Моран Дэниел. Изумрудные глаза</title>
</book>
<book>
	<filename>moran_dyeniel/moran_dyeniel_poslednii_tancor.fb2.zip</filename>
	<title>Моран Дэниел. Последний танцор</title>
</book>
<book>
	<filename>moravia_alberto/moravia_alberto_ya_i_on.fb2.zip</filename>
	<title>Моравиа Альберто. Я и Он</title>
</book>
<book>
	<filename>morcinek_gustav/morcinek_gustav_viktoriya.fb2.zip</filename>
	<title>Морцинек Густав. «Виктория»</title>
</book>
<book>
	<filename>mordovcev_daniil/mordovcev_daniil_gospodin_velikii_novgorod.fb2.zip</filename>
	<title>Мордовцев Даниил Лукич. Господин Великий Новгород</title>
</book>
<book>
	<filename>mordovcev_daniil/mordovcev_daniil_irod.fb2.zip</filename>
	<title>Мордовцев Даниил Лукич. Ирод</title>
</book>
<book>
	<filename>mordovcev_daniil/mordovcev_daniil_moskva_slezam_ne_verit.fb2.zip</filename>
	<title>Мордовцев Даниил Лукич. Москва слезам не верит</title>
</book>
<book>
	<filename>mordovcev_daniil/mordovcev_daniil_ten_iroda_idealisty_i_realisty.fb2.zip</filename>
	<title>Мордовцев Даниил Лукич. Тень Ирода [Идеалисты и реалисты]</title>
</book>
<book>
	<filename>mordovcev_daniil/mordovcev_daniil_zamurovannaya_carica.fb2.zip</filename>
	<title>Мордовцев Даниил Лукич. Замурованная царица</title>
</book>
<book>
	<filename>mordyukova_nonna/mordyukova_nonna_zapiski_aktrisy.fb2.zip</filename>
	<title>Мордюкова Нонна. Записки актрисы</title>
</book>
<book>
	<filename>morgan_diana/morgan_diana_chyeplhil.fb2.zip</filename>
	<title>Морган Диана. Чэпл-Хил</title>
</book>
<book>
	<filename>morgan_kyetlin/morgan_kyetlin_koldovskaya_lyubov.fb2.zip</filename>
	<title>Морган Кэтлин. Колдовская любовь</title>
</book>
<book>
	<filename>morgan_kyetlin/morgan_kyetlin_kristall_ognya.fb2.zip</filename>
	<title>Морган Кэтлин. Кристалл огня</title>
</book>
<book>
	<filename>morgan_kyetlin/morgan_kyetlin_magicheskii_kristall.fb2.zip</filename>
	<title>Морган Кэтлин. Магический кристалл</title>
</book>
<book>
	<filename>morgan_melani/morgan_melani_golovolomka.fb2.zip</filename>
	<title>Морган Мелани. Головоломка</title>
</book>
<book>
	<filename>morgan_melani/morgan_melani_luna_nad_ostrovom.fb2.zip</filename>
	<title>Морган Мелани. Луна над островом</title>
</book>
<book>
	<filename>morgan_melani/morgan_melani_raiskii_bereg.fb2.zip</filename>
	<title>Морган Мелани. Райский берег</title>
</book>
<book>
	<filename>morgan_melodi/morgan_melodi_priyut_lyubvi.fb2.zip</filename>
	<title>Морган Мелоди. Приют любви</title>
</book>
<book>
	<filename>morgan_richard/morgan_richard_slomannye_angely.fb2.zip</filename>
	<title>Морган Ричард. Сломанные ангелы</title>
</book>
<book>
	<filename>morgan_richard/morgan_richard_vidoizmenennyi_uglerod.fb2.zip</filename>
	<title>Морган Ричард. Видоизмененный углерод</title>
</book>
<book>
	<filename>morgan_roksana/morgan_roksana_kto_risknet_sogreshit.fb2.zip</filename>
	<title>Морган Роксана. Кто рискнет согрешить</title>
</book>
<book>
	<filename>morgan_roksana/morgan_roksana_pikantnoe_pari.fb2.zip</filename>
	<title>Морган Роксана. Пикантное пари</title>
</book>
<book>
	<filename>morgan_roksana/morgan_roksana_teatr_masok.fb2.zip</filename>
	<title>Морган Роксана. Театр масок</title>
</book>
<book>
	<filename>morgan_ryei/morgan_ryei_diana_i_ee_rycar.fb2.zip</filename>
	<title>Морган Рэй. Диана и ее рыцарь</title>
</book>
<book>
	<filename>morgan_ryei/morgan_ryei_hrustal_i_zoloto.fb2.zip</filename>
	<title>Морган Рэй. Хрусталь и золото</title>
</book>
<book>
	<filename>morgan_ryei/morgan_ryei_podumai_o_sebe.fb2.zip</filename>
	<title>Морган Рэй. Подумай о себе</title>
</book>
<book>
	<filename>morgan_ryei/morgan_ryei_v_shokoladnom_dvorce.fb2.zip</filename>
	<title>Морган Рэй. В шоколадном дворце</title>
</book>
<book>
	<filename>morgan_ryeichel/morgan_ryeichel_derzkaya_ledi.fb2.zip</filename>
	<title>Морган Рэйчел. Дерзкая леди</title>
</book>
<book>
	<filename>morgan_sara/morgan_sara_utrachennoe_sokrovishe.fb2.zip</filename>
	<title>Морган Сара. Утраченное сокровище</title>
</book>
<book>
	<filename>morgan_sara/morgan_sara_v_plenu_u_princa.fb2.zip</filename>
	<title>Морган Сара. В плену у принца</title>
</book>
<book>
	<filename>moriak_fransua/moriak_fransua_fariseika.fb2.zip</filename>
	<title>Мориак Франсуа. Фарисейка</title>
</book>
<book>
	<filename>moriak_fransua/moriak_fransua_klubok_zmei.fb2.zip</filename>
	<title>Мориак Франсуа. Клубок змей</title>
</book>
<book>
	<filename>moriak_fransua/moriak_fransua_martyshka.fb2.zip</filename>
	<title>Мориак Франсуа. Мартышка</title>
</book>
<book>
	<filename>moriak_fransua/moriak_fransua_podrostok_bylyh_vremen.fb2.zip</filename>
	<title>Мориак Франсуа. Подросток былых времен</title>
</book>
<book>
	<filename>moriak_fransua/moriak_fransua_tereza_deskeiru.fb2.zip</filename>
	<title>Мориак Франсуа. Тереза Дескейру</title>
</book>
<book>
	<filename>moriarti_kris/moriarti_kris_odinochka.fb2.zip</filename>
	<title>Мориарти Крис. Одиночка</title>
</book>
<book>
	<filename>morier_dzheims/morier_dzheims_pohozhdeniya_hadzhibaby_iz_isfagana.fb2.zip</filename>
	<title>Мориер Джеймс Джастин. Похождения Хаджи–Бабы из Исфагана</title>
</book>
<book>
	<filename>moris_dzhulianna/moris_dzhulianna_korlevskii_podarok.fb2.zip</filename>
	<title>Морис Джулианна. Корлевский подарок</title>
</book>
<book>
	<filename>moris_dzhulianna/moris_dzhulianna_korolevskii_podarok.fb2.zip</filename>
	<title>Морис Джулианна. Королевский подарок</title>
</book>
<book>
	<filename>moris_dzhulianna/moris_dzhulianna_zhenshina_nachinaet_i_vyigryvaet.fb2.zip</filename>
	<title>Морис Джулианна. Женщина начинает и выигрывает</title>
</book>
<book>
	<filename>mori_trish/mori_trish_moya_zhemchuzhnaya_boginya.fb2.zip</filename>
	<title>Мори Триш. Моя жемчужная богиня</title>
</book>
<book>
	<filename>mori_trish/mori_trish_pod_maskoi_kleopatry.fb2.zip</filename>
	<title>Мори Триш. Под маской Клеопатры</title>
</book>
<book>
	<filename>mori_trish/mori_trish_vynuzhdennyi_brak.fb2.zip</filename>
	<title>Мори Триш. Вынужденный брак</title>
</book>
<book>
	<filename>mori_yosio/mori_yosio_konec_zimy.fb2.zip</filename>
	<title>Мори Ёсио. Конец зимы</title>
</book>
<book>
	<filename>morlend_peggi/morlend_peggi_klyuch_ot_tvoego_doma.fb2.zip</filename>
	<title>Морленд Пегги. Ключ от твоего дома</title>
</book>
<book>
	<filename>morlend_peggi/morlend_peggi_proch_somneniya.fb2.zip</filename>
	<title>Морленд Пегги. Прочь сомнения!</title>
</book>
<book>
	<filename>morni_dzhein/morni_dzhein_korabelnaya_medsestra.fb2.zip</filename>
	<title>Морни Джейн. Корабельная медсестра</title>
</book>
<book>
	<filename>moroz_igor/moroz_igor_doroga_dorog.fb2.zip</filename>
	<title>Мороз Игорь. Дорога дорог</title>
</book>
<book>
	<filename>morozov_a/morozov_a_delovaya_psihologiya.fb2.zip</filename>
	<title>Морозов А. Деловая психология</title>
</book>
<book>
	<filename>morozova_yuliya/morozova_yuliya_dorogami_prorochestva.fb2.zip</filename>
	<title>Морозова Юлия. Дорогами Пророчества</title>
</book>
<book>
	<filename>morozova_yuliya/morozova_yuliya_telohranitel_dlya_messii.fb2.zip</filename>
	<title>Морозова Юлия. Телохранитель для мессии</title>
</book>
<book>
	<filename>morozov_dmitrii/morozov_dmitrii_korsary_baltiki.fb2.zip</filename>
	<title>Морозов Дмитрий. Корсары Балтики</title>
</book>
<book>
	<filename>morozov_dmitrii/morozov_dmitrii_plenniki_vechnosti.fb2.zip</filename>
	<title>Морозов Дмитрий. Пленники вечности</title>
</book>
<book>
	<filename>morozov_nikolai/morozov_nikolai_hristos.fb2.zip</filename>
	<title>Морозов Николай Александрович. Христос</title>
</book>
<book>
	<filename>morozov_nikolai/morozov_nikolai_otkrovenie_v_groze_i_bure.fb2.zip</filename>
	<title>Морозов Николай Александрович. Откровение в грозе и буре</title>
</book>
<book>
	<filename>morozov_nikolai/morozov_nikolai_stihotvoreniya.fb2.zip</filename>
	<title>Морозов Николай Александрович. Стихотворения</title>
</book>
<book>
	<filename>morozov_sergei/morozov_sergei_bah.fb2.zip</filename>
	<title>Морозов Сергей Александрович. Бах</title>
</book>
<book>
	<filename>morozov_yurii/morozov_yurii_sledy_drevnih_astronavtov.fb2.zip</filename>
	<title>Морозов Юрий Николаевич. Следы древних астронавтов?</title>
</book>
<book>
	<filename>moroz_yurii/moroz_yurii_biznes_posobie_dlya_geniev.fb2.zip</filename>
	<title>Мороз Юрий. Бизнес. Пособие для гениев</title>
</book>
<book>
	<filename>moroz_yurii/moroz_yurii_o_chem_molchit_bogatyi_papa_antimlm.fb2.zip</filename>
	<title>Мороз Юрий. О чем молчит Богатый Папа. Анти-МЛМ</title>
</book>
<book>
	<filename>morrell_dyevid/morrell_dyevid_bratstvo_kamnya.fb2.zip</filename>
	<title>Моррелл Дэвид. Братство Камня</title>
</book>
<book>
	<filename>morrell_dyevid/morrell_dyevid_bratstvo_rozy.fb2.zip</filename>
	<title>Моррелл Дэвид. Братство Розы</title>
</book>
<book>
	<filename>morrell_dyevid/morrell_dyevid_chelovek_bez_lica.fb2.zip</filename>
	<title>Моррелл Дэвид. Человек без лица</title>
</book>
<book>
	<filename>morrell_dyevid/morrell_dyevid_chernyi_vecher_sbornik.fb2.zip</filename>
	<title>Моррелл Дэвид. Черный вечер (сборник)</title>
</book>
<book>
	<filename>morrell_dyevid/morrell_dyevid_davno_propavshii.fb2.zip</filename>
	<title>Моррелл Дэвид. Давно пропавший</title>
</book>
<book>
	<filename>morrell_dyevid/morrell_dyevid_gotika_na_riogrande.fb2.zip</filename>
	<title>Моррелл Дэвид. Готика на Рио-Гранде</title>
</book>
<book>
	<filename>morrell_dyevid/morrell_dyevid_ispytanie.fb2.zip</filename>
	<title>Моррелл Дэвид. Испытание</title>
</book>
<book>
	<filename>morrell_dyevid/morrell_dyevid_krainie_mery.fb2.zip</filename>
	<title>Моррелл Дэвид. Крайние меры</title>
</book>
<book>
	<filename>morrell_dyevid/morrell_dyevid_krovavaya_klyatva.fb2.zip</filename>
	<title>Моррелл Дэвид. Кровавая клятва</title>
</book>
<book>
	<filename>morrell_dyevid/morrell_dyevid_lazutchiki.fb2.zip</filename>
	<title>Моррелл Дэвид. Лазутчики</title>
</book>
<book>
	<filename>morrell_dyevid/morrell_dyevid_liga_noch_i_tuman.fb2.zip</filename>
	<title>Моррелл Дэвид. Лига «Ночь и туман»</title>
</book>
<book>
	<filename>morrell_dyevid/morrell_dyevid_lyuboi_cenoi.fb2.zip</filename>
	<title>Моррелл Дэвид. Любой ценой</title>
</book>
<book>
	<filename>morrell_dyevid/morrell_dyevid_ognennyi_zavet_bratstvo_plameni.fb2.zip</filename>
	<title>Моррелл Дэвид. Огненный завет (Братство пламени)</title>
</book>
<book>
	<filename>morrell_dyevid/morrell_dyevid_pervaya_krov.fb2.zip</filename>
	<title>Моррелл Дэвид. Первая кровь</title>
</book>
<book>
	<filename>morrell_dyevid/morrell_dyevid_poslednyaya_pobudka.fb2.zip</filename>
	<title>Моррелл Дэвид. Последняя побудка</title>
</book>
<book>
	<filename>morrell_dyevid/morrell_dyevid_pyataya_professiya.fb2.zip</filename>
	<title>Моррелл Дэвид. Пятая профессия</title>
</book>
<book>
	<filename>morrell_dyevid/morrell_dyevid_smertnyi_prigovor.fb2.zip</filename>
	<title>Моррелл Дэвид. Смертный приговор</title>
</book>
<book>
	<filename>morrell_dyevid/morrell_dyevid_totem.fb2.zip</filename>
	<title>Моррелл Дэвид. Тотем</title>
</book>
<book>
	<filename>morrell_dyevid/morrell_dyevid_zashitnik.fb2.zip</filename>
	<title>Моррелл Дэвид. Защитник</title>
</book>
<book>
	<filename>morrel_maksimiliana/morrel_maksimiliana_kod_lyubvi.fb2.zip</filename>
	<title>Моррель Максимилиана. Код любви</title>
</book>
<book>
	<filename>morris_desmond/morris_desmond_golaya_obezyana.fb2.zip</filename>
	<title>Моррис Десмонд. Голая обезьяна</title>
</book>
<book>
	<filename>morris_dzhanet/morris_dzhanet_indeks_ubiistva.fb2.zip</filename>
	<title>Моррис Джанет. Индекс убийства</title>
</book>
<book>
	<filename>morrison_artur/morrison_artur_na_lestnice.fb2.zip</filename>
	<title>Моррисон Артур. На лестнице</title>
</book>
<book>
	<filename>morrison_artur/morrison_artur_yeta_skotina_simmons.fb2.zip</filename>
	<title>Моррисон Артур. Эта скотина Симмонс</title>
</book>
<book>
	<filename>morrison_toni/morrison_toni_dzhaz.fb2.zip</filename>
	<title>Моррисон Тони. Джаз</title>
</book>
<book>
	<filename>morrison_toni/morrison_toni_vozlyublennaya.fb2.zip</filename>
	<title>Моррисон Тони. Возлюбленная</title>
</book>
<book>
	<filename>morrison_uilyam/morrison_uilyam_korovii_doktor.fb2.zip</filename>
	<title>Моррисон Уильям. Коровий доктор</title>
</book>
<book>
	<filename>morrison_uilyam/morrison_uilyam_meshok.fb2.zip</filename>
	<title>Моррисон Уильям. Мешок</title>
</book>
<book>
	<filename>morris_uilyam/morris_uilyam_povest_o_sverkayushei_ravnine.fb2.zip</filename>
	<title>Моррис Уильям. Повесть о Сверкающей Равнине</title>
</book>
<book>
	<filename>morsi_pamela/morsi_pamela_svadebnyi_kamen.fb2.zip</filename>
	<title>Морси Памела. Свадебный камень</title>
</book>
<book>
	<filename>mortimer_kyerol/mortimer_kyerol_chastnaya_zhizn.fb2.zip</filename>
	<title>Мортимер Кэрол. Частная жизнь</title>
</book>
<book>
	<filename>mortimer_kyerol/mortimer_kyerol_chto_slashe_svobody.fb2.zip</filename>
	<title>Мортимер Кэрол. Что слаще свободы?</title>
</book>
<book>
	<filename>mortimer_kyerol/mortimer_kyerol_im_suzhdena_lyubov.fb2.zip</filename>
	<title>Мортимер Кэрол. Им суждена любовь</title>
</book>
<book>
	<filename>mortimer_kyerol/mortimer_kyerol_ispolnenie_zhelanii.fb2.zip</filename>
	<title>Мортимер Кэрол. Исполнение желаний</title>
</book>
<book>
	<filename>mortimer_kyerol/mortimer_kyerol_ispytanie_vernostyu.fb2.zip</filename>
	<title>Мортимер Кэрол. Испытание верностью</title>
</book>
<book>
	<filename>mortimer_kyerol/mortimer_kyerol_kogda_rastaet_sneg.fb2.zip</filename>
	<title>Мортимер Кэрол. Когда растает снег</title>
</book>
<book>
	<filename>mortimer_kyerol/mortimer_kyerol_lyubov_i_drugie_nepriyatnosti.fb2.zip</filename>
	<title>Мортимер Кэрол. Любовь и другие неприятности</title>
</book>
<book>
	<filename>mortimer_kyerol/mortimer_kyerol_lyubov_kinozvezdy.fb2.zip</filename>
	<title>Мортимер Кэрол. Любовь кинозвезды</title>
</book>
<book>
	<filename>mortimer_kyerol/mortimer_kyerol_marsh_mendelsona.fb2.zip</filename>
	<title>Мортимер Кэрол. Марш Мендельсона</title>
</book>
<book>
	<filename>mortimer_kyerol/mortimer_kyerol_muzhchina_moei_mechty.fb2.zip</filename>
	<title>Мортимер Кэрол. Мужчина моей мечты</title>
</book>
<book>
	<filename>mortimer_kyerol/mortimer_kyerol_nevesta_na_rozhdestvo.fb2.zip</filename>
	<title>Мортимер Кэрол. Невеста на Рождество</title>
</book>
<book>
	<filename>mortimer_kyerol/mortimer_kyerol_nezhdannaya_lyubov.fb2.zip</filename>
	<title>Мортимер Кэрол. Нежданная любовь</title>
</book>
<book>
	<filename>mortimer_kyerol/mortimer_kyerol_obman_chuvstv.fb2.zip</filename>
	<title>Мортимер Кэрол. Обман чувств</title>
</book>
<book>
	<filename>mortimer_kyerol/mortimer_kyerol_odnolyuby.fb2.zip</filename>
	<title>Мортимер Кэрол. Однолюбы</title>
</book>
<book>
	<filename>mortimer_kyerol/mortimer_kyerol_otvergnutyi_zhenih.fb2.zip</filename>
	<title>Мортимер Кэрол. Отвергнутый жених</title>
</book>
<book>
	<filename>mortimer_kyerol/mortimer_kyerol_rozygrysh.fb2.zip</filename>
	<title>Мортимер Кэрол. Розыгрыш</title>
</book>
<book>
	<filename>mortimer_kyerol/mortimer_kyerol_sad_dlya_moego_lyubimogo.fb2.zip</filename>
	<title>Мортимер Кэрол. Сад для моего любимого</title>
</book>
<book>
	<filename>mortimer_kyerol/mortimer_kyerol_samyi_lyubimyi.fb2.zip</filename>
	<title>Мортимер Кэрол. Самый любимый</title>
</book>
<book>
	<filename>mortimer_kyerol/mortimer_kyerol_smelye_mechty.fb2.zip</filename>
	<title>Мортимер Кэрол. Смелые мечты</title>
</book>
<book>
	<filename>mortimer_kyerol/mortimer_kyerol_soblaznenie_v_parizhe.fb2.zip</filename>
	<title>Мортимер Кэрол. Соблазнение в Париже</title>
</book>
<book>
	<filename>mortimer_kyerol/mortimer_kyerol_sogretye_lyubovyu.fb2.zip</filename>
	<title>Мортимер Кэрол. Согретые любовью</title>
</book>
<book>
	<filename>mortimer_kyerol/mortimer_kyerol_tochka_kipeniya.fb2.zip</filename>
	<title>Мортимер Кэрол. Точка кипения</title>
</book>
<book>
	<filename>mortinsen_kei/mortinsen_kei_dorozhe_zhizni.fb2.zip</filename>
	<title>Мортинсен Кей. Дороже жизни</title>
</book>
<book>
	<filename>mortinsen_kei/mortinsen_kei_pover_mne.fb2.zip</filename>
	<title>Мортинсен Кей. Поверь мне!</title>
</book>
<book>
	<filename>mortinsen_kei/mortinsen_kei_schastlivoe_prozrenie.fb2.zip</filename>
	<title>Мортинсен Кей. Счастливое прозрение</title>
</book>
<book>
	<filename>mortinsen_kei/mortinsen_kei_zamok_nad_rekoi.fb2.zip</filename>
	<title>Мортинсен Кей. Замок над рекой</title>
</book>
<book>
	<filename>mortinsen_kei/mortinsen_kei_zhdu_i_veryu.fb2.zip</filename>
	<title>Мортинсен Кей. Жду и верю</title>
</book>
<book>
	<filename>mortman_doris/mortman_doris_istinnye_cveta.fb2.zip</filename>
	<title>Мортман Дорис. Истинные цвета</title>
</book>
<book>
	<filename>mor_tomas/mor_tomas_utopiya.fb2.zip</filename>
	<title>Мор Томас. Утопия</title>
</book>
<book>
	<filename>morua_andre/morua_andre_literaturnye_portrety.fb2.zip</filename>
	<title>Моруа Андре. Литературные портреты</title>
</book>
<book>
	<filename>morua_andre/morua_andre_prevratnosti_lyubvi.fb2.zip</filename>
	<title>Моруа Андре. Превратности любви</title>
</book>
<book>
	<filename>morua_andre/morua_andre_tri_dyuma.fb2.zip</filename>
	<title>Моруа Андре. Три Дюма</title>
</book>
<book>
	<filename>morua_andre/morua_andre_zhizn_aleksandra_fleminga.fb2.zip</filename>
	<title>Моруа Андре. Жизнь Александра Флеминга</title>
</book>
<book>
	<filename>morvud_piter/morvud_piter_polnolunie.fb2.zip</filename>
	<title>Морвуд Питер. Полнолуние</title>
</book>
<book>
	<filename>morvud_piter/morvud_piter_stanciya_smerti.fb2.zip</filename>
	<title>Морвуд Питер. Станция смерти</title>
</book>
<book>
	<filename>morvud_piter/morvud_piter_vzorvannyi_razum.fb2.zip</filename>
	<title>Морвуд Питер. Взорванный разум</title>
</book>
<book>
	<filename>moshkovskii_anatolii/moshkovskii_anatolii_katysh.fb2.zip</filename>
	<title>Мошковский Анатолий. Катыш</title>
</book>
<book>
	<filename>moshkovskii_anatolii/moshkovskii_anatolii_pyatero_v_zvezdolyote.fb2.zip</filename>
	<title>Мошковский Анатолий. Пятеро в звездолёте</title>
</book>
<book>
	<filename>moshkovskii_anatolii/moshkovskii_anatolii_sem_dnei_chudes.fb2.zip</filename>
	<title>Мошковский Анатолий. Семь дней чудес</title>
</book>
<book>
	<filename>moshkovskii_anatolii/moshkovskii_anatolii_tvoya_antarktida.fb2.zip</filename>
	<title>Мошковский Анатолий. Твоя Антарктида</title>
</book>
<book>
	<filename>moskvina_tatyana/moskvina_tatyana_ona_chtoto_znala.fb2.zip</filename>
	<title>Москвина Татьяна Владимировна. Она что-то знала</title>
</book>
<book>
	<filename>moskvin_sergei/moskvin_sergei_aktivnaya_mishen.fb2.zip</filename>
	<title>Москвин Сергей. Активная мишень</title>
</book>
<book>
	<filename>moskvin_sergei/moskvin_sergei_morskie_dyavoly.fb2.zip</filename>
	<title>Москвин Сергей Львович. Морские дьяволы</title>
</book>
<book>
	<filename>moskvitina_polina/moskvitina_polina_chernyi_topol.fb2.zip</filename>
	<title>Москвитина Полина Дмитриевна. Черный тополь</title>
</book>
<book>
	<filename>moskvitina_polina/moskvitina_polina_kon_ryzhii.fb2.zip</filename>
	<title>Москвитина Полина Дмитриевна. Конь Рыжий</title>
</book>
<book>
	<filename>mosli_uolter/mosli_uolter_dyavol_v_sinem.fb2.zip</filename>
	<title>Мосли Уолтер. Дьявол в синем</title>
</book>
<book>
	<filename>mosli_uolter/mosli_uolter_krasnaya_smert.fb2.zip</filename>
	<title>Мосли Уолтер. Красная смерть</title>
</book>
<book>
	<filename>mospan_tatyana/mospan_tatyana_podium.fb2.zip</filename>
	<title>Моспан Татьяна. Подиум</title>
</book>
<book>
	<filename>moudi_raimond/moudi_raimond_zhizn_posle_zhizni.fb2.zip</filename>
	<title>Моуди Раймонд. Жизнь после жизни</title>
</book>
<book>
	<filename>mouyet_farli/mouyet_farli_ne_krichi_volki.fb2.zip</filename>
	<title>Моуэт Фарли. Не кричи: «Волки!»</title>
</book>
<book>
	<filename>mouyet_farli/mouyet_farli_proklyatie_mogily_vikinga.fb2.zip</filename>
	<title>Моуэт Фарли. Проклятие могилы викинга</title>
</book>
<book>
	<filename>mouyet_farli/mouyet_farli_sledy_na_snegu.fb2.zip</filename>
	<title>Моуэт Фарли. Следы на снегу</title>
</book>
<book>
	<filename>mouyet_farli/mouyet_farli_sobaka_kotoraya_ne_hotela_byt_prosto_sobakoi.fb2.zip</filename>
	<title>Моуэт Фарли. Собака, которая не хотела быть просто собакой</title>
</book>
<book>
	<filename>moyem_somerset/moyem_somerset_bozhii_sud.fb2.zip</filename>
	<title>Моэм Сомерсет. Божий суд</title>
</book>
<book>
	<filename>moyem_somerset/moyem_somerset_bremya_strastei_chelovecheskih.fb2.zip</filename>
	<title>Моэм Сомерсет. Бремя страстей человеческих</title>
</book>
<book>
	<filename>moyem_somerset/moyem_somerset_cerkovnyi_sluzhitel.fb2.zip</filename>
	<title>Моэм Сомерсет. Церковный служитель</title>
</book>
<book>
	<filename>moyem_somerset/moyem_somerset_chelovek_so_shramom.fb2.zip</filename>
	<title>Моэм Сомерсет. Человек со шрамом</title>
</book>
<book>
	<filename>moyem_somerset/moyem_somerset_dozhd.fb2.zip</filename>
	<title>Моэм Сомерсет. Дождь</title>
</book>
<book>
	<filename>moyem_somerset/moyem_somerset_gonolulu.fb2.zip</filename>
	<title>Моэм Сомерсет. Гонолулу</title>
</book>
<book>
	<filename>moyem_somerset/moyem_somerset_istochnik_vdohnoveniya.fb2.zip</filename>
	<title>Моэм Сомерсет. Источник вдохновения</title>
</book>
<book>
	<filename>moyem_somerset/moyem_somerset_katalina.fb2.zip</filename>
	<title>Моэм Сомерсет. Каталина</title>
</book>
<book>
	<filename>moyem_somerset/moyem_somerset_luna_i_grosh.fb2.zip</filename>
	<title>Моэм Сомерсет. Луна и грош</title>
</book>
<book>
	<filename>moyem_somerset/moyem_somerset_mag.fb2.zip</filename>
	<title>Моэм Сомерсет. Маг</title>
</book>
<book>
	<filename>moyem_somerset/moyem_somerset_na_okraine_imperii.fb2.zip</filename>
	<title>Моэм Сомерсет. На окраине империи</title>
</book>
<book>
	<filename>moyem_somerset/moyem_somerset_nepokorennaya.fb2.zip</filename>
	<title>Моэм Сомерсет. Непокоренная</title>
</book>
<book>
	<filename>moyem_somerset/moyem_somerset_pirogi_i_pivo_ili_skelet_v_shkafu.fb2.zip</filename>
	<title>Моэм Сомерсет. Пироги и пиво, или Скелет в шкафу</title>
</book>
<book>
	<filename>moyem_somerset/moyem_somerset_rozhdestvenskie_kanikuly.fb2.zip</filename>
	<title>Моэм Сомерсет. Рождественские каникулы</title>
</book>
<book>
	<filename>moyem_somerset/moyem_somerset_ryzhii.fb2.zip</filename>
	<title>Моэм Сомерсет. Рыжий</title>
</book>
<book>
	<filename>moyem_somerset/moyem_somerset_sanatorii.fb2.zip</filename>
	<title>Моэм Сомерсет. Санаторий</title>
</book>
<book>
	<filename>moyem_somerset/moyem_somerset_sosud_gneva.fb2.zip</filename>
	<title>Моэм Сомерсет. Сосуд гнева</title>
</book>
<book>
	<filename>moyem_somerset/moyem_somerset_teatr.fb2.zip</filename>
	<title>Моэм Сомерсет. Театр</title>
</book>
<book>
	<filename>moyem_somerset/moyem_somerset_togda_i_teper.fb2.zip</filename>
	<title>Моэм Сомерсет. Тогда и теперь</title>
</book>
<book>
	<filename>moyem_somerset/moyem_somerset_trepet_lista.fb2.zip</filename>
	<title>Моэм Сомерсет. Трепет листа</title>
</book>
<book>
	<filename>moyem_somerset/moyem_somerset_uzornyi_pokrov.fb2.zip</filename>
	<title>Моэм Сомерсет. Узорный покров</title>
</book>
<book>
	<filename>moyem_somerset/moyem_somerset_vernaya_zhena.fb2.zip</filename>
	<title>Моэм Сомерсет. Верная жена</title>
</book>
<book>
	<filename>moyem_somerset/moyem_somerset_vidimost_i_realnost.fb2.zip</filename>
	<title>Моэм Сомерсет. Видимость и реальность</title>
</book>
<book>
	<filename>moyem_somerset/moyem_somerset_zhigolo_i_zhigoletta.fb2.zip</filename>
	<title>Моэм Сомерсет. Жиголо и жиголетта</title>
</book>
<book>
	<filename>mozhaev_boris/mozhaev_boris_anonim.fb2.zip</filename>
	<title>Можаев Борис Андреевич. Аноним</title>
</book>
<book>
	<filename>mozhaev_boris/mozhaev_boris_bez_celi.fb2.zip</filename>
	<title>Можаев Борис Андреевич. Без цели</title>
</book>
<book>
	<filename>mozhaev_boris/mozhaev_boris_dayan_geonka.fb2.zip</filename>
	<title>Можаев Борис Андреевич. Даян Геонка</title>
</book>
<book>
	<filename>mozhaev_boris/mozhaev_boris_den_bez_konca_i_bez_kraya.fb2.zip</filename>
	<title>Можаев Борис Андреевич. День без конца и без края</title>
</book>
<book>
	<filename>mozhaev_boris/mozhaev_boris_domoi_na_pobyvku.fb2.zip</filename>
	<title>Можаев Борис Андреевич. Домой на побывку</title>
</book>
<book>
	<filename>mozhaev_boris/mozhaev_boris_dozhd_budet.fb2.zip</filename>
	<title>Можаев Борис Андреевич. Дождь будет</title>
</book>
<book>
	<filename>mozhaev_boris/mozhaev_boris_govorit_braslet16.fb2.zip</filename>
	<title>Можаев Борис Андреевич. «Говорит „Браслет-16“»</title>
</book>
<book>
	<filename>mozhaev_boris/mozhaev_boris_ingani.fb2.zip</filename>
	<title>Можаев Борис Андреевич. ИНГАНИ</title>
</book>
<book>
	<filename>mozhaev_boris/mozhaev_boris_istoriya_sela_brehova_pisannaya_petrom_afanasievichem_bulkinym.fb2.zip</filename>
	<title>Можаев Борис Андреевич. История села Брехова, писанная Петром Афанасиевичем Булкиным</title>
</book>
<book>
	<filename>mozhaev_boris/mozhaev_boris_kak_my_otdyhali.fb2.zip</filename>
	<title>Можаев Борис Андреевич. Как мы отдыхали</title>
</book>
<book>
	<filename>mozhaev_boris/mozhaev_boris_lesnaya_doroga.fb2.zip</filename>
	<title>Можаев Борис Андреевич. Лесная дорога</title>
</book>
<book>
	<filename>mozhaev_boris/mozhaev_boris_masha.fb2.zip</filename>
	<title>Можаев Борис Андреевич. Маша</title>
</book>
<book>
	<filename>mozhaev_boris/mozhaev_boris_muzhiki_i_baby.fb2.zip</filename>
	<title>Можаев Борис Андреевич. Мужики и бабы</title>
</book>
<book>
	<filename>mozhaev_boris/mozhaev_boris_naled.fb2.zip</filename>
	<title>Можаев Борис Андреевич. Наледь</title>
</book>
<book>
	<filename>mozhaev_boris/mozhaev_boris_na_parome.fb2.zip</filename>
	<title>Можаев Борис Андреевич. На пароме</title>
</book>
<book>
	<filename>mozhaev_boris/mozhaev_boris_ohota_na_utok.fb2.zip</filename>
	<title>Можаев Борис Андреевич. Охота на уток</title>
</book>
<book>
	<filename>mozhaev_boris/mozhaev_boris_padenie_lesnogo_korolya.fb2.zip</filename>
	<title>Можаев Борис Андреевич. Падение лесного короля</title>
</book>
<book>
	<filename>mozhaev_boris/mozhaev_boris_pensionery.fb2.zip</filename>
	<title>Можаев Борис Андреевич. Пенсионеры</title>
</book>
<book>
	<filename>mozhaev_boris/mozhaev_boris_petka_barin.fb2.zip</filename>
	<title>Можаев Борис Андреевич. Петька Барин</title>
</book>
<book>
	<filename>mozhaev_boris/mozhaev_boris_po_doroge_v_mesheru.fb2.zip</filename>
	<title>Можаев Борис Андреевич. По дороге в Мещеру</title>
</book>
<book>
	<filename>mozhaev_boris/mozhaev_boris_poltora_kvadratnyh_metra.fb2.zip</filename>
	<title>Можаев Борис Андреевич. Полтора квадратных метра</title>
</book>
<book>
	<filename>mozhaev_boris/mozhaev_boris_polyushkopole.fb2.zip</filename>
	<title>Можаев Борис Андреевич. Полюшко-поле</title>
</book>
<book>
	<filename>mozhaev_boris/mozhaev_boris_propazha_svidetelya.fb2.zip</filename>
	<title>Можаев Борис Андреевич. Пропажа свидетеля</title>
</book>
<book>
	<filename>mozhaev_boris/mozhaev_boris_sanya.fb2.zip</filename>
	<title>Можаев Борис Андреевич. Саня</title>
</book>
<book>
	<filename>mozhaev_boris/mozhaev_boris_shishigi.fb2.zip</filename>
	<title>Можаев Борис Андреевич. Шишиги</title>
</book>
<book>
	<filename>mozhaev_boris/mozhaev_boris_shornik.fb2.zip</filename>
	<title>Можаев Борис Андреевич. Шорник</title>
</book>
<book>
	<filename>mozhaev_boris/mozhaev_boris_simpaticheskie_pisma.fb2.zip</filename>
	<title>Можаев Борис Андреевич. Симпатические письма</title>
</book>
<book>
	<filename>mozhaev_boris/mozhaev_boris_starica_proshkina.fb2.zip</filename>
	<title>Можаев Борис Андреевич. Старица Прошкина</title>
</book>
<book>
	<filename>mozhaev_boris/mozhaev_boris_stepok_i_stepanida.fb2.zip</filename>
	<title>Можаев Борис Андреевич. Степок и Степанида</title>
</book>
<book>
	<filename>mozhaev_boris/mozhaev_boris_tihon_kolobuhin.fb2.zip</filename>
	<title>Можаев Борис Андреевич. Тихон Колобухин</title>
</book>
<book>
	<filename>mozhaev_boris/mozhaev_boris_tonkomer.fb2.zip</filename>
	<title>Можаев Борис Андреевич. Тонкомер</title>
</book>
<book>
	<filename>mozhaev_boris/mozhaev_boris_troe.fb2.zip</filename>
	<title>Можаев Борис Андреевич. Трое</title>
</book>
<book>
	<filename>mozhaev_boris/mozhaev_boris_v_bolote.fb2.zip</filename>
	<title>Можаев Борис Андреевич. В болоте</title>
</book>
<book>
	<filename>mozhaev_boris/mozhaev_boris_v_izbe_lesnichego.fb2.zip</filename>
	<title>Можаев Борис Андреевич. В избе лесничего</title>
</book>
<book>
	<filename>mozhaev_boris/mozhaev_boris_vlast_taigi.fb2.zip</filename>
	<title>Можаев Борис Андреевич. Власть тайги</title>
</book>
<book>
	<filename>mozhaev_boris/mozhaev_boris_v_soldatove_u_lozovogo.fb2.zip</filename>
	<title>Можаев Борис Андреевич. В Солдатове у Лозового</title>
</book>
<book>
	<filename>mozhaev_boris/mozhaev_boris_vstrecha_s_ognem.fb2.zip</filename>
	<title>Можаев Борис Андреевич. Встреча с огнем</title>
</book>
<book>
	<filename>mozhaev_boris/mozhaev_boris_zhivoi.fb2.zip</filename>
	<title>Можаев Борис Андреевич. Живой</title>
</book>
<book>
	<filename>mozheiko_igor/mozheiko_igor_7_i_37_chudes.fb2.zip</filename>
	<title>Можейко Игорь Всеволодович. 7 и 37 чудес</title>
</book>
<book>
	<filename>mozh_rozhe/mozh_rozhe_dikari.fb2.zip</filename>
	<title>Мож Роже. Дикари</title>
</book>
<book>
	<filename>muguev_hadzhimurat/muguev_hadzhimurat_kukla_gospozhi_bark.fb2.zip</filename>
	<title>Мугуев Хаджи-Мурат Магометович. Кукла госпожи Барк</title>
</book>
<book>
	<filename>muhammad_rasululla/muhammad_rasululla_koran.fb2.zip</filename>
	<title>Мухаммад Расулулла. Коран</title>
</book>

</books>

