<?xml version="1.0" encoding="UTF-8" ?>
<books>
<book>
	<filename>muhin_aleksei/muhin_aleksei_administraciya_prezidenta_rossii_neoficialnyi_vzglyad_na_oficialnyh_lyudei.fb2.zip</filename>
	<title>Мухин Алексей. Администрация президента России. Неофициальный взгляд на официальных людей</title>
</book>
<book>
	<filename>muhin_aleksei/muhin_aleksei_kabinet_mihaila_fradkova_neoficialnyi_vzglyad_na_oficialnyh_lyudei.fb2.zip</filename>
	<title>Мухин Алексей Алексеевич. Кабинет Михаила Фрадкова. Неофициальный взгляд на официальных людей</title>
</book>
<book>
	<filename>muhin_aleksei/muhin_aleksei_praviteli_rossii_staraya_ploshad_i_belyi_dom.fb2.zip</filename>
	<title>Мухин Алексей Алексеевич. Правители России: Старая площадь и Белый дом</title>
</book>
<book>
	<filename>muhin_aleksei/muhin_aleksei_putin_blizhnii_krug_prezidenta_kto_est_kto_sredi_piterskoi_gruppy.fb2.zip</filename>
	<title>Мухин Алексей Алексеевич. Путин: ближний круг Президента. Кто есть Кто среди «питерской группы»</title>
</book>
<book>
	<filename>muhinapetrinskaya_valentina/muhinapetrinskaya_valentina_observatoriya_v_dyunah.fb2.zip</filename>
	<title>Мухина-Петринская Валентина Михайловна. Обсерватория в дюнах</title>
</book>
<book>
	<filename>muhinapetrinskaya_valentina/muhinapetrinskaya_valentina_smotryashie_vpered.fb2.zip</filename>
	<title>Мухина-Петринская Валентина Михайловна. Смотрящие вперед</title>
</book>
<book>
	<filename>muhin_yurii/muhin_yurii_antirossiiskaya_podlost.fb2.zip</filename>
	<title>Мухин Юрий. Антироссийская подлость</title>
</book>
<book>
	<filename>muhin_yurii/muhin_yurii_chelovecheskii_faktor.fb2.zip</filename>
	<title>Мухин Юрий Игнатьевич. Человеческий фактор</title>
</book>
<book>
	<filename>muhin_yurii/muhin_yurii_izbavsya_ot_dollarov.fb2.zip</filename>
	<title>Мухин Юрий Игнатьевич. Избавься от долларов!</title>
</book>
<book>
	<filename>muhin_yurii/muhin_yurii_kak_uroduyut_istoriyu_tvoei_rodiny.fb2.zip</filename>
	<title>Мухин Юрий Игнатьевич. Как уродуют историю твоей Родины</title>
</book>
<book>
	<filename>muhin_yurii/muhin_yurii_katynskii_detektiv.fb2.zip</filename>
	<title>Мухин Юрий. Катынский детектив</title>
</book>
<book>
	<filename>muhin_yurii/muhin_yurii_kod_elcina.fb2.zip</filename>
	<title>Мухин Юрий Игнатьевич. Код Ельцина</title>
</book>
<book>
	<filename>muhin_yurii/muhin_yurii_krestovyi_pohod_na_vostok_zhertvy_vtoroi_mirovoi.fb2.zip</filename>
	<title>Мухин Юрий. Крестовый поход на Восток. «Жертвы» Второй мировой</title>
</book>
<book>
	<filename>muhin_yurii/muhin_yurii_kto_ubival_amerikancev_11_sentyabrya_2001_goda.fb2.zip</filename>
	<title>Мухин Юрий. Кто убивал американцев 11 сентября 2001 года</title>
</book>
<book>
	<filename>muhin_yurii/muhin_yurii_lunnaya_afera_ssha.fb2.zip</filename>
	<title>Мухин Юрий Игнатьевич. Лунная афера США</title>
</book>
<book>
	<filename>muhin_yurii/muhin_yurii_nauka_upravlyat_lyudmi_izlozhenie_dlya_kazhdogo.fb2.zip</filename>
	<title>Мухин Юрий. Наука Управлять Людьми. Изложение Для Каждого</title>
</book>
<book>
	<filename>muhin_yurii/muhin_yurii_smysl_zhizni.fb2.zip</filename>
	<title>Мухин Юрий. Смысл жизни</title>
</book>
<book>
	<filename>muhin_yurii/muhin_yurii_ubiistvo_stalina_i_beriya.fb2.zip</filename>
	<title>Мухин Юрий Игнатьевич. Убийство Сталина и Берия</title>
</book>
<book>
	<filename>muhin_yurii/muhin_yurii_voennaya_mysl_v_sssr_i_v_germanii.fb2.zip</filename>
	<title>Мухин Юрий Игнатьевич. Военная мысль в СССР и в Германии</title>
</book>
<book>
	<filename>muhin_yurii/muhin_yurii_za_chto_ubit_stalin.fb2.zip</filename>
	<title>Мухин Юрий. За что убит Сталин?</title>
</book>
<book>
	<filename>muhin_yurii/muhin_yurii_za_derzhavu_obidno.fb2.zip</filename>
	<title>Мухин Юрий Игнатьевич. За Державу обидно!</title>
</book>
<book>
	<filename>muldashev_yernst/muldashev_yernst_chto_skazali_tibetskie_lamy.fb2.zip</filename>
	<title>Мулдашев Эрнст Рифгатович. Что сказали тибетские ламы</title>
</book>
<book>
	<filename>muldashev_yernst/muldashev_yernst_mir_slozhnee_chem_my_dumali.fb2.zip</filename>
	<title>Мулдашев Эрнст Рифгатович. Мир сложнее, чем мы думали</title>
</book>
<book>
	<filename>muldashev_yernst/muldashev_yernst_tragicheskoe_poslanie_drevnih.fb2.zip</filename>
	<title>Мулдашев Эрнст Рифгатович. Трагическое послание древних</title>
</book>
<book>
	<filename>muldashev_yernst/muldashev_yernst_v_obyatiyah_shambaly.fb2.zip</filename>
	<title>Мулдашев Эрнст Рифгатович. В объятиях Шамбалы</title>
</book>
<book>
	<filename>muldashev_yernst/muldashev_yernst_vstrecha_s_masterom.fb2.zip</filename>
	<title>Мулдашев Эрнст Рифгатович. Встреча с мастером</title>
</book>
<book>
	<filename>muldashev_yernst/muldashev_yernst_zolotye_plastiny_harati.fb2.zip</filename>
	<title>Мулдашев Эрнст Рифгатович. Золотые пластины Харати</title>
</book>
<book>
	<filename>mulen_leo/mulen_leo_povsednevnaya_zhizn_srednevekovyh_monahov_zapadnoi_evropy_xxv_vv.fb2.zip</filename>
	<title>Мулен Лео. Повседневная жизнь средневековых монахов Западной Европы (X-XV вв.)</title>
</book>
<book>
	<filename>mun_alisa/mun_alisa_kukla.fb2.zip</filename>
	<title>Мун Алиса. Кукла</title>
</book>
<book>
	<filename>mun_marliss/mun_marliss_pri_svete_zvezd.fb2.zip</filename>
	<title>Мун Марлисс. При свете звезд</title>
</book>
<book>
	<filename>munn_uorner/munn_uorner_korabl_iz_atlantidy.fb2.zip</filename>
	<title>Мунн Уорнер. Корабль из Атлантиды</title>
</book>
<book>
	<filename>munn_uorner/munn_uorner_povelitel_zemnogo_predela.fb2.zip</filename>
	<title>Мунн Уорнер. Повелитель земного предела</title>
</book>
<book>
	<filename>munos_molina_antonio/munos_molina_antonio_polskii_vsadnik.fb2.zip</filename>
	<title>Муньос Молина Антонио. Польский всадник</title>
</book>
<book>
	<filename>mun_yelizabet/mun_yelizabet_geroi_ponevole.fb2.zip</filename>
	<title>Мун Элизабет. Герой поневоле</title>
</book>
<book>
	<filename>mun_yelizabet/mun_yelizabet_klyatva_naemnika.fb2.zip</filename>
	<title>Мун Элизабет. Клятва наемника</title>
</book>
<book>
	<filename>mun_yelizabet/mun_yelizabet_mech_naemnika.fb2.zip</filename>
	<title>Мун Элизабет. Меч наемника</title>
</book>
<book>
	<filename>mun_yelizabet/mun_yelizabet_pravila_igry.fb2.zip</filename>
	<title>Мун Элизабет. Правила игры</title>
</book>
<book>
	<filename>mun_yelizabet/mun_yelizabet_put_naemnika.fb2.zip</filename>
	<title>Мун Элизабет. Путь наемника</title>
</book>
<book>
	<filename>mun_yelizabet/mun_yelizabet_smena_komandovaniya.fb2.zip</filename>
	<title>Мун Элизабет. Смена командования</title>
</book>
<book>
	<filename>mur_agata/mur_agata_belokuraya_koketka.fb2.zip</filename>
	<title>Мур Агата. Белокурая кокетка</title>
</book>
<book>
	<filename>mur_agata/mur_agata_cherez_ternii.fb2.zip</filename>
	<title>Мур Агата. Через тернии</title>
</book>
<book>
	<filename>mur_agata/mur_agata_dva_dnya_v_venecii.fb2.zip</filename>
	<title>Мур Агата. Два дня в Венеции</title>
</book>
<book>
	<filename>mur_agata/mur_agata_karera_ili_muzh.fb2.zip</filename>
	<title>Мур Агата. Карьера или муж?</title>
</book>
<book>
	<filename>mur_agata/mur_agata_tolko_ne_uhodi.fb2.zip</filename>
	<title>Мур Агата. Только не уходи</title>
</book>
<book>
	<filename>murakami_haruki/murakami_haruki_dyens_dyens_dyens.fb2.zip</filename>
	<title>Мураками Харуки. Дэнс, Дэнс, Дэнс</title>
</book>
<book>
	<filename>murakami_haruki/murakami_haruki_horoshii_den_dlya_kenguru.fb2.zip</filename>
	<title>Мураками Харуки. Хороший день для кенгуру</title>
</book>
<book>
	<filename>murakami_haruki/murakami_haruki_hroniki_zavodnoi_pticy.fb2.zip</filename>
	<title>Мураками Харуки. Хроники Заводной Птицы</title>
</book>
<book>
	<filename>murakami_haruki/murakami_haruki_kafka_na_plyazhe.fb2.zip</filename>
	<title>Мураками Харуки. Кафка на пляже</title>
</book>
<book>
	<filename>murakami_haruki/murakami_haruki_krai_obetovannyi.fb2.zip</filename>
	<title>Мураками Харуки. Край обетованный</title>
</book>
<book>
	<filename>murakami_haruki/murakami_haruki_k_yugu_ot_granicy_na_zapad_ot_solnca.fb2.zip</filename>
	<title>Мураками Харуки. К югу от границы, на запад от солнца</title>
</book>
<book>
	<filename>murakami_haruki/murakami_haruki_medlennoi_shlyupkoi_v_kitai.fb2.zip</filename>
	<title>Мураками Харуки. Медленной шлюпкой в Китай</title>
</book>
<book>
	<filename>murakami_haruki/murakami_haruki_moi_lyubimyi_sputnik.fb2.zip</filename>
	<title>Мураками Харуки. Мой любимый sputnik</title>
</book>
<book>
	<filename>murakami_haruki/murakami_haruki_norvezhskii_les.fb2.zip</filename>
	<title>Мураками Харуки. Норвежский лес</title>
</book>
<book>
	<filename>murakami_haruki/murakami_haruki_ohota_na_ovec.fb2.zip</filename>
	<title>Мураками Харуки. Охота на овец</title>
</book>
<book>
	<filename>murakami_haruki/murakami_haruki_pinbol1973.fb2.zip</filename>
	<title>Мураками Харуки. Пинбол-1973</title>
</book>
<book>
	<filename>murakami_haruki/murakami_haruki_podzemka.fb2.zip</filename>
	<title>Мураками Харуки. Подземка</title>
</book>
<book>
	<filename>murakami_haruki/murakami_haruki_poslemrak.fb2.zip</filename>
	<title>Мураками Харуки. Послемрак</title>
</book>
<book>
	<filename>murakami_haruki/murakami_haruki_prizraki_leksingtona.fb2.zip</filename>
	<title>Мураками Харуки. Призраки Лексингтона</title>
</book>
<book>
	<filename>murakami_haruki/murakami_haruki_slushai_pesnyu_vetra.fb2.zip</filename>
	<title>Мураками Харуки. Слушай песню ветра</title>
</book>
<book>
	<filename>murakami_haruki/murakami_haruki_strana_chudes_bez_tormozov_i_konec_sveta.fb2.zip</filename>
	<title>Мураками Харуки. Страна чудес без тормозов и Конец Света</title>
</book>
<book>
	<filename>murakami_haruki/murakami_haruki_szhech_sarai.fb2.zip</filename>
	<title>Мураками Харуки. Сжечь сарай</title>
</book>
<book>
	<filename>murakami_haruki/murakami_haruki_vampir_v_taksi.fb2.zip</filename>
	<title>Мураками Харуки. Вампир в такси</title>
</book>
<book>
	<filename>murakami_haruki/murakami_haruki_vse_bozhi_deti_mogut_tancevat.fb2.zip</filename>
	<title>Мураками Харуки. Все божьи дети могут танцевать</title>
</book>
<book>
	<filename>murakami_ryu/murakami_ryu_69.fb2.zip</filename>
	<title>Мураками Рю. 69</title>
</book>
<book>
	<filename>murakami_ryu/murakami_ryu_deti_iz_kamery_hraneniya.fb2.zip</filename>
	<title>Мураками Рю. Дети из камеры хранения</title>
</book>
<book>
	<filename>murakami_ryu/murakami_ryu_misosup.fb2.zip</filename>
	<title>Мураками Рю. Мисо-суп</title>
</book>
<book>
	<filename>murakami_ryu/murakami_ryu_vse_ottenki_golubogo.fb2.zip</filename>
	<title>Мураками Рю. Все оттенки голубого</title>
</book>
<book>
	<filename>muranikovach_yendre/muranikovach_yendre_florentiiskii_volshebnik.fb2.zip</filename>
	<title>Мурани-Ковач Эндре. Флорентийский волшебник</title>
</book>
<book>
	<filename>mur_artur/mur_artur_lasvegas.fb2.zip</filename>
	<title>Мур Артур. Лас-Вегас</title>
</book>
<book>
	<filename>murashenko_stanislava/murashenko_stanislava_so_mnoi_ne_soskuchishsya.fb2.zip</filename>
	<title>Муращенко Станислава Ростиславовна. Со мной не соскучишься!</title>
</book>
<book>
	<filename>murashenko_stanislava/murashenko_stanislava_vedmy_ne_sdayutsya.fb2.zip</filename>
	<title>Муращенко Станислава Ростиславовна. Ведьмы не сдаются!</title>
</book>
<book>
	<filename>murashova_ekaterina/murashova_ekaterina_lyubimyi_vrag_moi.fb2.zip</filename>
	<title>Мурашова Екатерина. Любимый враг мой...</title>
</book>
<book>
	<filename>murashova_ekaterina/murashova_ekaterina_radzh_znachit_brodyaga.fb2.zip</filename>
	<title>Мурашова Екатерина. «Радж» – значит «бродяга»</title>
</book>
<book>
	<filename>murashova_ekaterina/murashova_ekaterina_ryzhii_i_chernyi.fb2.zip</filename>
	<title>Мурашова Екатерина. Рыжий и черный</title>
</book>
<book>
	<filename>murashova_ekaterina/murashova_ekaterina_saga_o_vozhake.fb2.zip</filename>
	<title>Мурашова Екатерина. Сага о Вожаке</title>
</book>
<book>
	<filename>murashova_ekaterina/murashova_ekaterina_zhuchok_i_volchok.fb2.zip</filename>
	<title>Мурашова Екатерина. Жучок и Волчок</title>
</book>
<book>
	<filename>muratova_nika/muratova_nika_izumrudnaya_pautina.fb2.zip</filename>
	<title>Муратова Ника. Изумрудная паутина</title>
</book>
<book>
	<filename>muratova_nika/muratova_nika_moe_chuzhoe_lico.fb2.zip</filename>
	<title>Муратова Ника. Мое чужое лицо</title>
</book>
<book>
	<filename>muratova_nika/muratova_nika_progulki_po_raduge.fb2.zip</filename>
	<title>Муратова Ника. Прогулки по радуге</title>
</book>
<book>
	<filename>muravev_andrei/muravev_andrei_mech_na_ladonyah.fb2.zip</filename>
	<title>Муравьев Андрей. Меч на ладонях</title>
</book>
<book>
	<filename>muravev_andrei/muravev_andrei_paladiny.fb2.zip</filename>
	<title>Муравьев Андрей. Паладины</title>
</book>
<book>
	<filename>muravev_petr/muravev_petr_polyus_lorda.fb2.zip</filename>
	<title>Муравьев Петр Александрович. Полюс Лорда</title>
</book>
<book>
	<filename>mur_dzhein/mur_dzhein_igry_vchetverom.fb2.zip</filename>
	<title>Мур Джейн. Игры вчетвером</title>
</book>
<book>
	<filename>mur_dzhein/mur_dzhein_wwwmuzhchinacom.fb2.zip</filename>
	<title>Мур Джейн. www.Мужчина.com</title>
</book>
<book>
	<filename>mur_dzhon/mur_dzhon_geroizm_dlya_nachinayushih.fb2.zip</filename>
	<title>Мур Джон. Героизм для начинающих</title>
</book>
<book>
	<filename>mur_dzhon/mur_dzhon_princ_bystrogo_reagirovaniya.fb2.zip</filename>
	<title>Мур Джон. Принц быстрого реагирования</title>
</book>
<book>
	<filename>mur_dzhon/mur_dzhon_princ_dlya_osobyh_poruchenii.fb2.zip</filename>
	<title>Мур Джон. Принц для особых поручений</title>
</book>
<book>
	<filename>mur_dzhon/mur_dzhon_srazi_i_spasi.fb2.zip</filename>
	<title>Мур Джон. Срази и спаси!</title>
</book>
<book>
	<filename>murhed_alan/murhed_alan_borba_za_dardanelly.fb2.zip</filename>
	<title>Мурхед Алан. Борьба за Дарданеллы</title>
</book>
<book>
	<filename>murich_viktor/murich_viktor_poligon_bezumnoi_smerti.fb2.zip</filename>
	<title>Мурич Виктор Борисович. Полигон безумной смерти</title>
</book>
<book>
	<filename>mur_keit/mur_keit_leksiseksi.fb2.zip</filename>
	<title>Мур Кейт. Лекси-Секси</title>
</book>
<book>
	<filename>murkok_maikl/murkok_maikl_berega_smerti.fb2.zip</filename>
	<title>Муркок Майкл. Берега смерти</title>
</book>
<book>
	<filename>murkok_maikl/murkok_maikl_burenosec.fb2.zip</filename>
	<title>Муркок Майкл. Буреносец</title>
</book>
<book>
	<filename>murkok_maikl/murkok_maikl_doch_pohititelnicy_snov.fb2.zip</filename>
	<title>Муркок Майкл. Дочь похитительницы снов</title>
</book>
<book>
	<filename>murkok_maikl/murkok_maikl_glaza_yashmovogo_giganta.fb2.zip</filename>
	<title>Муркок Майкл. Глаза яшмового гиганта</title>
</book>
<book>
	<filename>murkok_maikl/murkok_maikl_gorod_mechty.fb2.zip</filename>
	<title>Муркок Майкл. Город мечты</title>
</book>
<book>
	<filename>murkok_maikl/murkok_maikl_kitaiskii_agent.fb2.zip</filename>
	<title>Муркок Майкл. Китайский агент</title>
</book>
<book>
	<filename>murkok_maikl/murkok_maikl_ledovaya_shhuna.fb2.zip</filename>
	<title>Муркок Майкл. Ледовая Шхуна</title>
</book>
<book>
	<filename>murkok_maikl/murkok_maikl_leviafan_shagaet_po_zemle.fb2.zip</filename>
	<title>Муркок Майкл. Левиафан шагает по земле</title>
</book>
<book>
	<filename>murkok_maikl/murkok_maikl_london_lyubov_moya.fb2.zip</filename>
	<title>Муркок Майкл. Лондон, любовь моя</title>
</book>
<book>
	<filename>murkok_maikl/murkok_maikl_nebesnyi_polkovodec.fb2.zip</filename>
	<title>Муркок Майкл. Небесный полководец</title>
</book>
<book>
	<filename>murkok_maikl/murkok_maikl_poveliteli_mechei.fb2.zip</filename>
	<title>Муркок Майкл. Повелители мечей</title>
</book>
<book>
	<filename>murkok_maikl/murkok_maikl_povelitel_vozduha.fb2.zip</filename>
	<title>Муркок Майкл. Повелитель воздуха</title>
</book>
<book>
	<filename>murkok_maikl/murkok_maikl_ritualy_beskonechnosti.fb2.zip</filename>
	<title>Муркок Майкл. Ритуалы бесконечности</title>
</book>
<book>
	<filename>murkok_maikl/murkok_maikl_skitalec_po_moryam_sudby.fb2.zip</filename>
	<title>Муркок Майкл. Скиталец по морям судьбы</title>
</book>
<book>
	<filename>murkok_maikl/murkok_maikl_stalnoi_car.fb2.zip</filename>
	<title>Муркок Майкл. Стальной царь</title>
</book>
<book>
	<filename>murkok_maikl/murkok_maikl_u_vrat_preispodnei_vetreno.fb2.zip</filename>
	<title>Муркок Майкл. У врат преисподней ветрено…</title>
</book>
<book>
	<filename>murkok_maikl/murkok_maikl_vechnyi_ogon.fb2.zip</filename>
	<title>Муркок Майкл. Вечный огонь</title>
</book>
<book>
	<filename>murkok_maikl/murkok_maikl_voiny_zilora.fb2.zip</filename>
	<title>Муркок Майкл. Воины Зилора</title>
</book>
<book>
	<filename>murkok_maikl/murkok_maikl_volshebnica_bezmolvnoi_citadeli.fb2.zip</filename>
	<title>Муркок Майкл. Волшебница безмолвной цитадели</title>
</book>
<book>
	<filename>murkok_maikl/murkok_maikl_yelrik_na_krayu_vremeni.fb2.zip</filename>
	<title>Муркок Майкл. Элрик на краю времени</title>
</book>
<book>
	<filename>murkok_maikl/murkok_maikl_za_kraem_mira.fb2.zip</filename>
	<title>Муркок Майкл. За краем мира</title>
</book>
<book>
	<filename>mur_kristofer/mur_kristofer_agnec.fb2.zip</filename>
	<title>Мур Кристофер. Агнец</title>
</book>
<book>
	<filename>mur_kristofer/mur_kristofer_prakticheskoe_demonovodstvo.fb2.zip</filename>
	<title>Мур Кристофер. Практическое демоноводство</title>
</book>
<book>
	<filename>mur_kristofer/mur_kristofer_yasher_strasti_iz_buhty_grusti.fb2.zip</filename>
	<title>Мур Кристофер. Ящер страсти из бухты грусти</title>
</book>
<book>
	<filename>mur_kyetrin/mur_kyetrin_shamblo.fb2.zip</filename>
	<title>Мур Кэтрин Л. Шамбло</title>
</book>
<book>
	<filename>mur_margaret/mur_margaret_dvenadcatyi_den_rozhdestva.fb2.zip</filename>
	<title>Мур Маргарет. Двенадцатый день Рождества</title>
</book>
<book>
	<filename>mur_margaret/mur_margaret_v_tvoih_pylkih_obyatiyah.fb2.zip</filename>
	<title>Мур Маргарет. В твоих пылких объятиях</title>
</book>
<book>
	<filename>muromov_igor/muromov_igor_100_velikih_avantyuristov.fb2.zip</filename>
	<title>Муромов Игорь. 100 великих авантюристов</title>
</book>
<book>
	<filename>muromov_igor/muromov_igor_100_velikih_aviakatastrof.fb2.zip</filename>
	<title>Муромов Игорь А. 100 великих авиакатастроф</title>
</book>
<book>
	<filename>muromov_igor/muromov_igor_100_velikih_korablekrushenii.fb2.zip</filename>
	<title>Муромов Игорь Анатольевич. 100 великих кораблекрушений</title>
</book>
<book>
	<filename>muromov_igor/muromov_igor_100_velikih_lyubovnikov.fb2.zip</filename>
	<title>Муромов Игорь Анатольевич. 100 великих любовников</title>
</book>
<book>
	<filename>murphy_warren/murphy_warren_balance_of_power.fb2.zip</filename>
	<title>Murphy Warren. Balance of Power</title>
</book>
<book>
	<filename>murphy_warren/murphy_warren_bay_city_blast.fb2.zip</filename>
	<title>Murphy Warren. Bay City Blast</title>
</book>
<book>
	<filename>murphy_warren/murphy_warren_power_play.fb2.zip</filename>
	<title>Murphy Warren. Power Play</title>
</book>
<book>
	<filename>murphy_warren/murphy_warren_timber_line.fb2.zip</filename>
	<title>Murphy Warren. Timber Line</title>
</book>
<book>
	<filename>mur_robin/mur_robin_chelovek_semi.fb2.zip</filename>
	<title>Мур Робин. Человек семьи</title>
</book>
<book>
	<filename>mur_robin/mur_robin_francuzskii_svyaznoi.fb2.zip</filename>
	<title>Мур Робин. Французский связной</title>
</book>
<book>
	<filename>mur_robin/mur_robin_zelenye_berety.fb2.zip</filename>
	<title>Мур Робин. Зеленые береты</title>
</book>
<book>
	<filename>mur_shon/mur_shon_konan_idet_po_sledu.fb2.zip</filename>
	<title>Мур Шон. Конан идет по следу</title>
</book>
<book>
	<filename>mur_shon/mur_shon_proklyate_shamana.fb2.zip</filename>
	<title>Мур Шон. Проклятье шамана</title>
</book>
<book>
	<filename>mur_uord/mur_uord_daryu_vam_prazdnik.fb2.zip</filename>
	<title>Мур Уорд. Дарю вам праздник</title>
</book>
<book>
	<filename>mur_yudzhin/mur_yudzhin_neopoznannye.fb2.zip</filename>
	<title>Мур Юджин. Неопознанные</title>
</book>
<book>
	<filename>murzaev_yeduard/murzaev_yeduard_gody_iskanii_v_azii.fb2.zip</filename>
	<title>Мурзаев Эдуард Макарович. Годы исканий в Азии</title>
</book>
<book>
	<filename>musanif_sergei/musanif_sergei_drevnee_kitaiskoe_proklyatie.fb2.zip</filename>
	<title>Мусаниф Сергей. Древнее китайское проклятие</title>
</book>
<book>
	<filename>musanif_sergei/musanif_sergei_gvardiya.fb2.zip</filename>
	<title>Мусаниф Сергей. Гвардия</title>
</book>
<book>
	<filename>musanif_sergei/musanif_sergei_hronika_tretego_krizisa.fb2.zip</filename>
	<title>Мусаниф Сергей. Хроника Третьего Кризиса</title>
</book>
<book>
	<filename>musanif_sergei/musanif_sergei_imperskie_tancy.fb2.zip</filename>
	<title>Мусаниф Сергей. Имперские танцы</title>
</book>
<book>
	<filename>musanif_sergei/musanif_sergei_imperskie_voiny.fb2.zip</filename>
	<title>Мусаниф Сергей. Имперские войны</title>
</book>
<book>
	<filename>musanif_sergei/musanif_sergei_imperskii_gambit.fb2.zip</filename>
	<title>Мусаниф Сергей. Имперский гамбит</title>
</book>
<book>
	<filename>musanif_sergei/musanif_sergei_o_lyudyah_i_begemotah.fb2.zip</filename>
	<title>Мусаниф Сергей. О людях и бегемотах</title>
</book>
<book>
	<filename>musanif_sergei/musanif_sergei_pervoe_pravilo_strelka.fb2.zip</filename>
	<title>Мусаниф Сергей. Первое правило стрелка</title>
</book>
<book>
	<filename>musanif_sergei/musanif_sergei_podzemnaya_kancelyariya.fb2.zip</filename>
	<title>Мусаниф Сергей. Подземная Канцелярия</title>
</book>
<book>
	<filename>musanif_sergei/musanif_sergei_ponty_i_volshebstvo.fb2.zip</filename>
	<title>Мусаниф Сергей. Понты и волшебство</title>
</book>
<book>
	<filename>musanif_sergei/musanif_sergei_poslednee_pravilo_strelka.fb2.zip</filename>
	<title>Мусаниф Сергей. Последнее правило стрелка</title>
</book>
<book>
	<filename>musanif_sergei/musanif_sergei_prikonchit_charodeya.fb2.zip</filename>
	<title>Мусаниф Сергей. Прикончить чародея</title>
</book>
<book>
	<filename>musanif_sergei/musanif_sergei_temnaya_storona_medali.fb2.zip</filename>
	<title>Мусаниф Сергей. Темная сторона медали</title>
</book>
<book>
	<filename>musanif_sergei/musanif_sergei_trete_pravilo_strelka.fb2.zip</filename>
	<title>Мусаниф Сергей. Третье правило стрелка</title>
</book>
<book>
	<filename>musanif_sergei/musanif_sergei_vo_imya_reitinga.fb2.zip</filename>
	<title>Мусаниф Сергей. Во имя рейтинга</title>
</book>
<book>
	<filename>musanif_sergei/musanif_sergei_vozvrashenie_charodeya.fb2.zip</filename>
	<title>Мусаниф Сергей. Возвращение чародея</title>
</book>
<book>
	<filename>musanif_sergei/musanif_sergei_vtoroe_pravilo_strelka.fb2.zip</filename>
	<title>Мусаниф Сергей. Второе правило стрелка</title>
</book>
<book>
	<filename>musashi_miyamoto/musashi_miyamoto_a_book_of_five_rings.fb2.zip</filename>
	<title>Musashi Miyamoto. A Book of Five Rings</title>
</book>
<book>
	<filename>musasi_miyamoto/musasi_miyamoto_kniga_pyati_kolec.fb2.zip</filename>
	<title>Мусаси Миямото. Книга Пяти Колец</title>
</book>
<book>
	<filename>musatov_aleksei/musatov_aleksei_dom_na_gore.fb2.zip</filename>
	<title>Мусатов Алексей Иванович. Дом на горе</title>
</book>
<book>
	<filename>musin_rinat/musin_rinat_istorii_iz_ryukzaka.fb2.zip</filename>
	<title>Мусин Ринат. Истории из рюкзака</title>
</book>
<book>
	<filename>musin_rinat/musin_rinat_povelitel_morii.fb2.zip</filename>
	<title>Мусин Ринат. Повелитель Мории</title>
</book>
<book>
	<filename>musrepov_gabit/musrepov_gabit_ulpan_ee_imya.fb2.zip</filename>
	<title>Мусрепов Габит Махмудович. Улпан ее имя</title>
</book>
<book>
	<filename>musskii_igor/musskii_igor_100_velikih_akterov.fb2.zip</filename>
	<title>Мусский Игорь Анатольевич. 100 великих актеров</title>
</book>
<book>
	<filename>musskii_igor/musskii_igor_100_velikih_otechestvennyh_kinofilmov.fb2.zip</filename>
	<title>Мусский Игорь Анатольевич. 100 великих отечественных кинофильмов</title>
</book>
<book>
	<filename>musskii_igor/musskii_igor_100_velikih_zagovorov_i_perevorotov.fb2.zip</filename>
	<title>Мусский Игорь Анатольевич. 100 великих заговоров и переворотов</title>
</book>
<book>
	<filename>musskii_sergei/musskii_sergei_100_velikih_chudes_tehniki.fb2.zip</filename>
	<title>Мусский Сергей Анатольевич. 100 великих чудес техники</title>
</book>
<book>
	<filename>musskii_sergei/musskii_sergei_100_velikih_nobelevskih_laureatov.fb2.zip</filename>
	<title>Мусский Сергей Анатольевич. 100 великих нобелевских лауреатов</title>
</book>
<book>
	<filename>mussolini_benito/mussolini_benito_doktrina_fashizma.fb2.zip</filename>
	<title>Муссолини Бенито. Доктрина фашизма</title>
</book>
<book>
	<filename>mussolini_benito/mussolini_benito_memuary_19421943.fb2.zip</filename>
	<title>Муссолини Бенито. Мемуары 1942–1943</title>
</book>
<book>
	<filename>musyanokodzi_sanyeacu/musyanokodzi_sanyeacu_ego_mladshaya_sestra.fb2.zip</filename>
	<title>Мусянокодзи Санэацу. Его младшая сестра</title>
</book>
<book>
	<filename>musyanokodzi_sanyeacu/musyanokodzi_sanyeacu_schastlivyi_kalligraf_taidzan.fb2.zip</filename>
	<title>Мусянокодзи Санэацу. Счастливый каллиграф Тайдзан</title>
</book>
<book>
	<filename>mutafchieva_vera/mutafchieva_vera_delo_sultana_dzhema.fb2.zip</filename>
	<title>Мутафчиева Вера. Дело султана Джема</title>
</book>
<book>
	<filename>muur_lilian/muur_lilian_kroshka_enot_i_tot_kto_sidit_v_prudu.fb2.zip</filename>
	<title>Муур Лилиан. Крошка Енот и тот, кто сидит в пруду</title>
</book>
<book>
	<filename>muzil_robert/muzil_robert_chelovek_bez_svoistv_kniga_1.fb2.zip</filename>
	<title>Музиль Роберт. Человек без свойств (Книга 1)</title>
</book>
<book>
	<filename>muzil_robert/muzil_robert_chelovek_bez_svoistv_kniga_2.fb2.zip</filename>
	<title>Музиль Роберт. Человек без свойств (Книга 2)</title>
</book>
<book>
	<filename>myagkov_aleksei/myagkov_aleksei_rasskazy.fb2.zip</filename>
	<title>Мягков Алексей Николаевич. Рассказы</title>
</book>
<book>
	<filename>myahar_olga/myahar_olga_agentstvo_magicheskih_katastrof.fb2.zip</filename>
	<title>Мяхар Ольга Леонидовна. Агентство магических катастроф</title>
</book>
<book>
	<filename>myahar_olga/myahar_olga_angel.fb2.zip</filename>
	<title>Мяхар Ольга Леонидовна. Ангел</title>
</book>
<book>
	<filename>myahar_olga/myahar_olga_mutantka.fb2.zip</filename>
	<title>Мяхар Ольга Леонидовна. Мутантка</title>
</book>
<book>
	<filename>myahar_olga/myahar_olga_operaciya_zolushka.fb2.zip</filename>
	<title>Мяхар Ольга Леонидовна. Операция «Золушка»</title>
</book>
<book>
	<filename>myahar_olga/myahar_olga_osobo_opasnaya_vedma.fb2.zip</filename>
	<title>Мяхар Ольга Леонидовна. Особо опасная ведьма</title>
</book>
<book>
	<filename>myahar_olga/myahar_olga_prorochestvo_dlya_angela.fb2.zip</filename>
	<title>Мяхар Ольга Леонидовна. Пророчество для ангела</title>
</book>
<book>
	<filename>myahar_olga/myahar_olga_vedma_na_zadanii.fb2.zip</filename>
	<title>Мяхар Ольга. Ведьма на задании</title>
</book>
<book>
	<filename>myakshin_anton/myakshin_anton_bes_shuma_i_pyli.fb2.zip</filename>
	<title>Мякшин Антон. Бес шума и пыли</title>
</book>
<book>
	<filename>myakshin_anton/myakshin_anton_bes_specialnogo_naznacheniya.fb2.zip</filename>
	<title>Мякшин Антон. Бес специального назначения</title>
</book>
<book>
	<filename>myakshin_anton/myakshin_anton_boi_bes_pravil.fb2.zip</filename>
	<title>Мякшин Антон. Бой бес правил</title>
</book>
<book>
	<filename>myakshin_anton/myakshin_anton_domoi_vo_tmu.fb2.zip</filename>
	<title>Мякшин Антон. Домой, во Тьму</title>
</book>
<book>
	<filename>mychko_e/mychko_e_povedenie_sobaki.fb2.zip</filename>
	<title>Мычко Е. Н. Поведение собаки</title>
</book>
<book>
	<filename>myeddison_gryegori/myeddison_gryegori_kak_zatashit_v_postel_devushku_svoei_mechty.fb2.zip</filename>
	<title>Мэддисон Грэгори. Как затащить в постель девушку своей мечты.</title>
</book>
<book>
	<filename>myedison_liz/myedison_liz_obeshanie_rycarya.fb2.zip</filename>
	<title>Мэдисон Лиз. Обещание рыцаря</title>
</book>
<book>
	<filename>myedl_linda/myedl_linda_rozovyi_ruchei.fb2.zip</filename>
	<title>Мэдл Линда. Розовый ручей</title>
</book>
<book>
	<filename>myedl_linda/myedl_linda_shepot_fialok.fb2.zip</filename>
	<title>Мэдл Линда. Шепот фиалок</title>
</book>
<book>
	<filename>myedsen_dyevid/myedsen_dyevid_memuary_pridvornogo_karlika_gnostika_po_ubezhdeniyu.fb2.zip</filename>
	<title>Мэдсен Дэвид. Мемуары придворного карлика, гностика по убеждению</title>
</book>
<book>
	<filename>myehyen_alfred/myehyen_alfred_vliyanie_morskoi_sily_na_francuzskuyu_revolyuciyu_i_imperiyu_17931812.fb2.zip</filename>
	<title>Мэхэн Алфред Тайер. Влияние морской силы на французскую революцию и империю. 1793-1812</title>
</book>
<book>
	<filename>myei_dzhein/myei_dzhein_on_ona_i_sobaka.fb2.zip</filename>
	<title>Мэй Джейн. Он, она и собака</title>
</book>
<book>
	<filename>myeidzher_yenn/myeidzher_yenn_dikii_med.fb2.zip</filename>
	<title>Мэйджер Энн. Дикий мед</title>
</book>
<book>
	<filename>myeidzher_yenn/myeidzher_yenn_kuda_padal_dozhd.fb2.zip</filename>
	<title>Мэйджер Энн. Куда падал дождь</title>
</book>
<book>
	<filename>myeidzher_yenn/myeidzher_yenn_leto_peremen.fb2.zip</filename>
	<title>Мэйджер Энн. Лето перемен</title>
</book>
<book>
	<filename>myeidzher_yenn/myeidzher_yenn_opasnaya_rapsodiya.fb2.zip</filename>
	<title>Мэйджер Энн. Опасная рапсодия</title>
</book>
<book>
	<filename>myeidzher_yenn/myeidzher_yenn_polyubi_menya_snova.fb2.zip</filename>
	<title>Мэйджер Энн. Полюби меня снова</title>
</book>
<book>
	<filename>myeidzher_yenn/myeidzher_yenn_po_tu_storonu_lyubvi.fb2.zip</filename>
	<title>Мэйджер Энн. По ту сторону любви</title>
</book>
<book>
	<filename>myeidzher_yenn/myeidzher_yenn_rozhdenie_lyubvi.fb2.zip</filename>
	<title>Мэйджер Энн. Рождение любви</title>
</book>
<book>
	<filename>myeidzher_yenn/myeidzher_yenn_rozhdestvo_v_gorode_vlyublennyh.fb2.zip</filename>
	<title>Мэйджер Энн. Рождество в городе влюбленных</title>
</book>
<book>
	<filename>myeidzher_yenn/myeidzher_yenn_rycar_v_potusknevshih_dospehah.fb2.zip</filename>
	<title>Мэйджер Энн. Рыцарь в потускневших доспехах</title>
</book>
<book>
	<filename>myeidzher_yenn/myeidzher_yenn_ya_ishu_tebya.fb2.zip</filename>
	<title>Мэйджер Энн. Я ищу тебя</title>
</book>
<book>
	<filename>myei_dzhulian/myei_dzhulian_almaznaya_maska.fb2.zip</filename>
	<title>Мэй Джулиан. Алмазная маска</title>
</book>
<book>
	<filename>myei_dzhulian/myei_dzhulian_dzhek_bestelesnyi.fb2.zip</filename>
	<title>Мэй Джулиан. Джек Бестелесный</title>
</book>
<book>
	<filename>myei_dzhulian/myei_dzhulian_kolco_strelca.fb2.zip</filename>
	<title>Мэй Джулиан. Кольцо Стрельца</title>
</book>
<book>
	<filename>myei_dzhulian/myei_dzhulian_magnifikat.fb2.zip</filename>
	<title>Мэй Джулиан. Магнификат</title>
</book>
<book>
	<filename>myei_dzhulian/myei_dzhulian_mnogocvetnaya_zemlya.fb2.zip</filename>
	<title>Мэй Джулиан. Многоцветная Земля</title>
</book>
<book>
	<filename>myei_dzhulian/myei_dzhulian_nebesnyi_trillium.fb2.zip</filename>
	<title>Мэй Джулиан. Небесный Триллиум</title>
</book>
<book>
	<filename>myei_dzhulian/myei_dzhulian_rukav_oriona.fb2.zip</filename>
	<title>Мэй Джулиан. Рукав Ориона</title>
</book>
<book>
	<filename>myei_dzhulian/myei_dzhulian_shpora_perseya.fb2.zip</filename>
	<title>Мэй Джулиан. Шпора Персея</title>
</book>
<book>
	<filename>myei_dzhulian/myei_dzhulian_uzurpator.fb2.zip</filename>
	<title>Мэй Джулиан. Узурпатор</title>
</book>
<book>
	<filename>myei_dzhulian/myei_dzhulian_vrag.fb2.zip</filename>
	<title>Мэй Джулиан. Враг</title>
</book>
<book>
	<filename>myei_dzhulian/myei_dzhulian_vtorzhenie.fb2.zip</filename>
	<title>Мэй Джулиан. Вторжение</title>
</book>
<book>
	<filename>myei_dzhulian/myei_dzhulian_zolotoi_torkves.fb2.zip</filename>
	<title>Мэй Джулиан. Золотой торквес</title>
</book>
<book>
	<filename>myeikpis_dzhoanna/myeikpis_dzhoanna_grafinyabespridannica.fb2.zip</filename>
	<title>Мэйкпис Джоанна. Графиня-бесприданница</title>
</book>

</books>

