<?xml version="1.0" encoding="UTF-8" ?>
<books>
<book>
	<filename>mamleev_yurii/mamleev_yurii_mir_i_hohot.fb2.zip</filename>
	<title>Мамлеев Юрий. Мир и хохот</title>
</book>
<book>
	<filename>manbi_kris/manbi_kris_sem_solnechnyh_dnei.fb2.zip</filename>
	<title>Манби Крис. Семь солнечных дней</title>
</book>
<book>
	<filename>manchester_uilyam/manchester_uilyam_ubiistvo_prezidenta_kennedi.fb2.zip</filename>
	<title>Манчестер Уильям. Убийство Президента Кеннеди</title>
</book>
<book>
	<filename>manchinelli_laura/manchinelli_laura_dyuzhina_abbatov.fb2.zip</filename>
	<title>Манчинелли Лаура. Дюжина аббатов</title>
</book>
<book>
	<filename>mandadzhiev_atanas/mandadzhiev_atanas_volchii_kapkan.fb2.zip</filename>
	<title>Мандаджиев Атанас. Волчий капкан</title>
</book>
<book>
	<filename>mandelshtam_nadezhda/mandelshtam_nadezhda_vospominaniya.fb2.zip</filename>
	<title>Мандельштам Надежда Яковлевна. Воспоминания</title>
</book>
<book>
	<filename>mandelshtam_osip/mandelshtam_osip_egipetskaya_marka.fb2.zip</filename>
	<title>Мандельштам Осип Эмильевич. Египетская марка</title>
</book>
<book>
	<filename>mandelshtam_osip/mandelshtam_osip_osip_mandelshtam_sochineniya.fb2.zip</filename>
	<title>Мандельштам Осип Эмильевич. Осип Мандельштам. Сочинения</title>
</book>
<book>
	<filename>mandino_og/mandino_og_velichaishii_torgovec_v_mire.fb2.zip</filename>
	<title>Мандино Ог. Величайший торговец в мире</title>
</book>
<book>
	<filename>mandzoni_alessandro/mandzoni_alessandro_obruchennye.fb2.zip</filename>
	<title>Мандзони Алессандро. Обрученные</title>
</book>
<book>
	<filename>mandzoni_karlo/mandzoni_karlo_ya_razukrashu_tvoe_lichiko_detka.fb2.zip</filename>
	<title>Мандзони Карло. Я разукрашу твое личико, детка</title>
</book>
<book>
	<filename>mane_klod/mane_klod_blyez.fb2.zip</filename>
	<title>Манье Клод. Блэз</title>
</book>
<book>
	<filename>manfred_albert/manfred_albert_tri_portreta_yepohi_velikoi_francuzskoi_revolyucii.fb2.zip</filename>
	<title>Манфред Альберт. Три портрета эпохи Великой Французской Революции</title>
</book>
<book>
	<filename>manfredi_rene/manfredi_rene_vyshe_neba.fb2.zip</filename>
	<title>Манфреди Рене. Выше неба</title>
</book>
<book>
	<filename>manfredi_valerio/manfredi_valerio_aleksandr_makedonskii_peski_amona.fb2.zip</filename>
	<title>Манфреди Валерио Массимо. Александр Македонский. Пески Амона</title>
</book>
<book>
	<filename>manfredi_valerio/manfredi_valerio_aleksandr_makedonskii_predely_mira.fb2.zip</filename>
	<title>Манфреди Валерио Массимо. Александр Македонский. Пределы мира</title>
</book>
<book>
	<filename>manfredi_valerio/manfredi_valerio_aleksandr_makedonskii_syn_snovideniya.fb2.zip</filename>
	<title>Манфреди Валерио Массимо. Александр Македонский. Сын сновидения</title>
</book>
<book>
	<filename>manfredi_valerio/manfredi_valerio_poslednii_legion.fb2.zip</filename>
	<title>Манфреди Валерио Массимо. Последний легион</title>
</book>
<book>
	<filename>manfredi_valerio/manfredi_valerio_spartanec.fb2.zip</filename>
	<title>Манфреди Валерио Массимо. Спартанец</title>
</book>
<book>
	<filename>mankell_henning/mankell_henning_na_shag_szadi.fb2.zip</filename>
	<title>Манкелль Хеннинг. На шаг сзади</title>
</book>
<book>
	<filename>mankell_henning/mankell_henning_vozvrashenie_tancmeistera.fb2.zip</filename>
	<title>Манкелль Хеннинг. Возвращение танцмейстера</title>
</book>
<book>
	<filename>mannergeim_karl/mannergeim_karl_karl_gustav_mannergeim_memuary.fb2.zip</filename>
	<title>Маннергейм Карл Густав. Карл Густав Маннергейм. Мемуары</title>
</book>
<book>
	<filename>mannergeim_karl_gustav/mannergeim_karl_gustav_karl_gustav_mannergeim_memuary.fb2.zip</filename>
	<title>Маннергейм Карл Густав. Карл Густав Маннергейм. Мемуары</title>
</book>
<book>
	<filename>mann_genrih/mann_genrih_bednye.fb2.zip</filename>
	<title>Манн Генрих. Бедные</title>
</book>
<book>
	<filename>mann_genrih/mann_genrih_diana.fb2.zip</filename>
	<title>Манн Генрих. Диана</title>
</book>
<book>
	<filename>mann_genrih/mann_genrih_golova.fb2.zip</filename>
	<title>Манн Генрих. Голова</title>
</book>
<book>
	<filename>mann_genrih/mann_genrih_minerva.fb2.zip</filename>
	<title>Манн Генрих. Минерва</title>
</book>
<book>
	<filename>mann_genrih/mann_genrih_molodye_gody_korolya_genriha_iv.fb2.zip</filename>
	<title>Манн Генрих. Молодые годы короля Генриха IV</title>
</book>
<book>
	<filename>mann_genrih/mann_genrih_venera.fb2.zip</filename>
	<title>Манн Генрих. Венера</title>
</book>
<book>
	<filename>mann_genrih/mann_genrih_vernopoddannyi.fb2.zip</filename>
	<title>Манн Генрих. Верноподданный</title>
</book>
<book>
	<filename>mann_genrih/mann_genrih_zrelye_gody_korolya_genriha_iv.fb2.zip</filename>
	<title>Манн Генрих. Зрелые годы короля Генриха IV</title>
</book>
<book>
	<filename>mann_igor/mann_igor_marketing_na_100_kak_stat_horoshim_menedzherom_po_marketingu.fb2.zip</filename>
	<title>Манн Игорь. Маркетинг на 100 %. Как стать хорошим менеджером по маркетингу</title>
</book>
<book>
	<filename>mann_tomas/mann_tomas_buddenbroki.fb2.zip</filename>
	<title>Манн Томас. Будденброки</title>
</book>
<book>
	<filename>mann_tomas/mann_tomas_byloe_iakova.fb2.zip</filename>
	<title>Манн Томас. Былое Иакова</title>
</book>
<book>
	<filename>mann_tomas/mann_tomas_gladius_dei.fb2.zip</filename>
	<title>Манн Томас. Gladius Dei</title>
</book>
<book>
	<filename>mann_tomas/mann_tomas_hozyain_i_sobaka.fb2.zip</filename>
	<title>Манн Томас. Хозяин и собака</title>
</book>
<book>
	<filename>mann_tomas/mann_tomas_iosifkormilec.fb2.zip</filename>
	<title>Манн Томас. Иосиф-кормилец</title>
</book>
<book>
	<filename>mann_tomas/mann_tomas_iosif_v_egipte.fb2.zip</filename>
	<title>Манн Томас. Иосиф в Египте</title>
</book>
<book>
	<filename>mann_tomas/mann_tomas_izbrannik.fb2.zip</filename>
	<title>Манн Томас. Избранник</title>
</book>
<book>
	<filename>mann_tomas/mann_tomas_lotta_v_veimare.fb2.zip</filename>
	<title>Манн Томас. Лотта в Веймаре</title>
</book>
<book>
	<filename>mann_tomas/mann_tomas_luizhen.fb2.zip</filename>
	<title>Манн Томас. Луизхен</title>
</book>
<book>
	<filename>mann_tomas/mann_tomas_malenkii_gospodin_frideman.fb2.zip</filename>
	<title>Манн Томас. Маленький господин Фридеман</title>
</book>
<book>
	<filename>mann_tomas/mann_tomas_mario_i_volshebnik.fb2.zip</filename>
	<title>Манн Томас. Марио и волшебник</title>
</book>
<book>
	<filename>mann_tomas/mann_tomas_neporyadok_i_rannee_gore.fb2.zip</filename>
	<title>Манн Томас. Непорядок и раннее горе</title>
</book>
<book>
	<filename>mann_tomas/mann_tomas_priznaniya_avantyurista_feliksa_krulya.fb2.zip</filename>
	<title>Манн Томас. Признания авантюриста Феликса Круля</title>
</book>
<book>
	<filename>mann_tomas/mann_tomas_smert_v_venecii.fb2.zip</filename>
	<title>Манн Томас. Смерть в Венеции</title>
</book>
<book>
	<filename>mann_tomas/mann_tomas_tonio_kreger.fb2.zip</filename>
	<title>Манн Томас. Тонио Крегер</title>
</book>
<book>
	<filename>mann_tomas/mann_tomas_tristan.fb2.zip</filename>
	<title>Манн Томас. Тристан</title>
</book>
<book>
	<filename>mann_tomas/mann_tomas_volshebnaya_gora_chast_i.fb2.zip</filename>
	<title>Манн Томас. Волшебная гора. Часть I</title>
</book>
<book>
	<filename>mann_tomas/mann_tomas_volshebnaya_gora_chast_ii.fb2.zip</filename>
	<title>Манн Томас. Волшебная гора. Часть II</title>
</book>
<book>
	<filename>mann_tomas/mann_tomas_yunyi_iosif.fb2.zip</filename>
	<title>Манн Томас. Юный Иосиф</title>
</book>
<book>
	<filename>mann_vella/mann_vella_skolko_stoit_lyubov.fb2.zip</filename>
	<title>Манн Велла. Сколько стоит любовь?</title>
</book>
<book>
	<filename>manova_elizaveta/manova_elizaveta_odin_iz_mnogih_na_dorogah_tmy.fb2.zip</filename>
	<title>Манова Елизавета. Один из многих на дорогах тьмы…</title>
</book>
<book>
	<filename>manova_elizaveta/manova_elizaveta_rukopis_byersara.fb2.zip</filename>
	<title>Манова Елизавета Львовна. Рукопись Бэрсара</title>
</book>
<book>
	<filename>manov_yemil/manov_yemil_ostrov_utopiya.fb2.zip</filename>
	<title>Манов Эмил. Остров Утопия</title>
</book>
<book>
	<filename>manov_yurii/manov_yurii_blin_lohmatyi_tchk_ili_you_are_in_the_army_now.fb2.zip</filename>
	<title>Манов Юрий. Блин лохматый тчк, или You are in the army now</title>
</book>
<book>
	<filename>manov_yurii/manov_yurii_moloko_za_vrednost_dlya_faraona.fb2.zip</filename>
	<title>Манов Юрий. Молоко за вредность для фараона</title>
</book>
<book>
	<filename>manov_yurii/manov_yurii_ne_mir_prines.fb2.zip</filename>
	<title>Манов Юрий. Не мир принес</title>
</book>
<book>
	<filename>manov_yurii/manov_yurii_skorpion.fb2.zip</filename>
	<title>Манов Юрий. Скорпион</title>
</book>
<book>
	<filename>manov_yurii/manov_yurii_trinadcatyi_apostol.fb2.zip</filename>
	<title>Манов Юрий. Тринадцатый апостол</title>
</book>
<book>
	<filename>mansel_dzhil/mansel_dzhil_vse_kuvyrkom.fb2.zip</filename>
	<title>Мансел Джил. Все кувырком</title>
</book>
<book>
	<filename>manshett_zhanpatrik/manshett_zhanpatrik_gruppa_nada.fb2.zip</filename>
	<title>Маншетт Жан-Патрик. Группа «Нада»</title>
</book>
<book>
	<filename>manshett_zhanpatrik/manshett_zhanpatrik_motiv_ubiistva.fb2.zip</filename>
	<title>Маншетт Жан-Патрик. Мотив убийства</title>
</book>
<book>
	<filename>manshett_zhanpatrik/manshett_zhanpatrik_prikovannyi_k_krasnomu_yadru.fb2.zip</filename>
	<title>Маншетт Жан-Патрик. Прикованный к красному ядру</title>
</book>
<book>
	<filename>manshett_zhanpatrik/manshett_zhanpatrik_skolko_kostei.fb2.zip</filename>
	<title>Маншетт Жан-Патрик. Сколько костей!</title>
</book>
<book>
	<filename>manshett_zhanpatrik/manshett_zhanpatrik_sumasshedshie_ubiicy.fb2.zip</filename>
	<title>Маншетт Жан-Патрик. Сумасшедшие убийцы</title>
</book>
<book>
	<filename>manshett_zhanpatrik/manshett_zhanpatrik_troih_nado_ubrat.fb2.zip</filename>
	<title>Маншетт Жан-Патрик. Троих надо убрать</title>
</book>
<book>
	<filename>manshtein_yerih/manshtein_yerih_uteryannye_pobedy.fb2.zip</filename>
	<title>Манштейн Эрих. Утерянные победы</title>
</book>
<book>
	<filename>mansurov_dmitrii/mansurov_dmitrii_bessmertnyi.fb2.zip</filename>
	<title>Мансуров Дмитрий. Бессмертный</title>
</book>
<book>
	<filename>mansurov_dmitrii/mansurov_dmitrii_kashei.fb2.zip</filename>
	<title>Мансуров Дмитрий. Кащей</title>
</book>
<book>
	<filename>mansurov_dmitrii/mansurov_dmitrii_molodilnye_yabloki.fb2.zip</filename>
	<title>Мансуров Дмитрий. Молодильные яблоки</title>
</book>
<book>
	<filename>mansurov_dmitrii/mansurov_dmitrii_sem_dnei_martina.fb2.zip</filename>
	<title>Мансуров Дмитрий. Семь дней Мартина</title>
</book>
<book>
	<filename>mansurov_dmitrii/mansurov_dmitrii_teledzhinnsovshina.fb2.zip</filename>
	<title>Мансуров Дмитрий. Теледжиннсовщина</title>
</book>
<book>
	<filename>mansurov_dmitrii/mansurov_dmitrii_v_konce_vremen.fb2.zip</filename>
	<title>Мансуров Дмитрий. В конце времен</title>
</book>
<book>
	<filename>manuhina_nataliya/manuhina_nataliya_znoinaya_zhenshina_mechta_poyeta.fb2.zip</filename>
	<title>Манухина Наталия. Знойная женщина, мечта поэта</title>
</book>
<book>
	<filename>mao_dun_/mao_dun__komediya.fb2.zip</filename>
	<title>Мао Дунь. Комедия</title>
</book>
<book>
	<filename>mao_dun_/mao_dun__osennii_urozhai.fb2.zip</filename>
	<title>Мао Дунь. Осенний урожай</title>
</book>
<book>
	<filename>mao_dun_/mao_dun__surovaya_zima.fb2.zip</filename>
	<title>Мао Дунь. Суровая зима</title>
</book>
<book>
	<filename>mao_dun_/mao_dun__vesennie_shelkopryady.fb2.zip</filename>
	<title>Мао Дунь. Весенние шелкопряды</title>
</book>
<book>
	<filename>marakueva_irina/marakueva_irina_odna_v_mire_ptica.fb2.zip</filename>
	<title>Маракуева Ирина. Одна в мире птица</title>
</book>
<book>
	<filename>marakueva_irina/marakueva_irina_papa.fb2.zip</filename>
	<title>Маракуева Ирина. Папа</title>
</book>
<book>
	<filename>mar_anna/mar_anna_zhenshina_na_kreste.fb2.zip</filename>
	<title>Мар Анна. Женщина на кресте</title>
</book>
<book>
	<filename>march_dzhessika/march_dzhessika_illyuzii.fb2.zip</filename>
	<title>Марч Джессика. Иллюзии</title>
</book>
<book>
	<filename>march_dzhessika/march_dzhessika_navazhdenie.fb2.zip</filename>
	<title>Марч Джессика. Наваждение</title>
</book>
<book>
	<filename>march_dzhessika/march_dzhessika_ochishenie_ognem.fb2.zip</filename>
	<title>Марч Джессика. Очищение огнем</title>
</book>
<book>
	<filename>march_dzhessika/march_dzhessika_soblazn.fb2.zip</filename>
	<title>Марч Джессика. Соблазн</title>
</book>
<book>
	<filename>marchenko_andrei/marchenko_andrei_lyudi_druzhivshie_so_smertyu.fb2.zip</filename>
	<title>Марченко Андрей Михайлович. Люди, дружившие со смертью</title>
</book>
<book>
	<filename>marchenko_andrei/marchenko_andrei_voronovo_krylo.fb2.zip</filename>
	<title>Марченко Андрей Михайлович. Вороново Крыло</title>
</book>
<book>
	<filename>marchent_dzhessika/marchent_dzhessika_lyubov_v_lyuksemburge.fb2.zip</filename>
	<title>Марчент Джессика. Любовь в Люксембурге</title>
</book>
<book>
	<filename>marchik_georgii/marchik_georgii_malenkaya_zolotaya_shtuchka.fb2.zip</filename>
	<title>Марчик Георгий. Маленькая золотая штучка</title>
</book>
<book>
	<filename>marchik_georgii/marchik_georgii_navazhdenie.fb2.zip</filename>
	<title>Марчик Георгий. Наваждение</title>
</book>
<book>
	<filename>marchik_georgii/marchik_georgii_neprikayannaya.fb2.zip</filename>
	<title>Марчик Георгий. Неприкаянная</title>
</book>
<book>
	<filename>marchik_georgii/marchik_georgii_pervaya_i_edinstvennaya.fb2.zip</filename>
	<title>Марчик Георгий. Первая и единственная</title>
</book>
<book>
	<filename>marchik_georgii/marchik_georgii_prekrasnaya_papirosnica.fb2.zip</filename>
	<title>Марчик Георгий. Прекрасная папиросница</title>
</book>
<book>
	<filename>marchik_georgii/marchik_georgii_tvarec_kultury.fb2.zip</filename>
	<title>Марчик Георгий. Тварец культуры</title>
</book>
<book>
	<filename>marchik_georgii/marchik_georgii_za_denezhkoi.fb2.zip</filename>
	<title>Марчик Георгий. За денежкой</title>
</book>
<book>
	<filename>march_kyetrin/march_kyetrin_rycar_dlya_angliiskoi_ledi.fb2.zip</filename>
	<title>Марч Кэтрин. Рыцарь для английской леди</title>
</book>
<book>
	<filename>margolin_filipp/margolin_filipp_souchastnik.fb2.zip</filename>
	<title>Марголин Филипп. Соучастник</title>
</book>
<book>
	<filename>margolin_filipp/margolin_filipp_spyashaya_krasavica.fb2.zip</filename>
	<title>Марголин Филипп. Спящая красавица</title>
</book>
<book>
	<filename>margolin_filipp/margolin_filipp_svyazuyushie_uzy.fb2.zip</filename>
	<title>Марголин Филипп. Связующие узы</title>
</book>
<book>
	<filename>margolin_yulii/margolin_yulii_puteshestvie_v_stranu_zeka.fb2.zip</filename>
	<title>Марголин Юлий. Путешествие в страну Зе-Ка</title>
</book>
<book>
	<filename>mariani_skott/mariani_skott_zagovor_mocarta.fb2.zip</filename>
	<title>Мариани Скотт. Заговор Моцарта</title>
</book>
<book>
	<filename>marias_fernando/marias_fernando_volshebnyi_svet.fb2.zip</filename>
	<title>Мариас Фернандо. Волшебный свет</title>
</book>
<book>
	<filename>marias_haver/marias_haver_v_chas_bitvy_vspomni_obo_mne.fb2.zip</filename>
	<title>Мариас Хавьер. В час битвы вспомни обо мне...</title>
</book>
<book>
	<filename>marias_haver/marias_haver_vse_dushi.fb2.zip</filename>
	<title>Мариас Хавьер. Все души</title>
</book>
<book>
	<filename>marich_mariya/marich_mariya_severnoe_siyanie.fb2.zip</filename>
	<title>Марич Мария. Северное сияние</title>
</book>
<book>
	<filename>mariengof_anatolii/mariengof_anatolii_brityi_chelovek.fb2.zip</filename>
	<title>Мариенгоф Анатолий. Бритый человек</title>
</book>
<book>
	<filename>mariengof_anatolii/mariengof_anatolii_ciniki.fb2.zip</filename>
	<title>Мариенгоф Анатолий. Циники</title>
</book>
<book>
	<filename>mariengof_anatolii/mariengof_anatolii_moi_vek_moya_molodost_moi_druzya_i_podrugi.fb2.zip</filename>
	<title>Мариенгоф Анатолий. Мой век, моя молодость, мои друзья и подруги</title>
</book>
<book>
	<filename>mariengof_anatolii/mariengof_anatolii_roman_bez_vranya.fb2.zip</filename>
	<title>Мариенгоф Анатолий. Роман без вранья</title>
</book>
<book>
	<filename>mariengof_anatolii/mariengof_anatolii_yeto_vam_potomki.fb2.zip</filename>
	<title>Мариенгоф Анатолий Борисович. «Это вам, потомки!»</title>
</book>
<book>
	<filename>mariinskii_evgenii/mariinskii_evgenii_ya_dralsya_na_ayerokobre.fb2.zip</filename>
	<title>Мариинский Евгений Пахомович. Я дрался на «Аэрокобре»</title>
</book>
<book>
	<filename>marina_rodionova/marina_rodionova_instrukciya_po_moei_yekspluatacii_ili_chego_hochet_zhenshina.fb2.zip</filename>
	<title>Марина Родионова. Инструкция по моей эксплуатации или Чего хочет женщина.</title>
</book>
<book>
	<filename>marinat_aleksei/marinat_aleksei_gabriyela.fb2.zip</filename>
	<title>Маринат Алексей. Габриэла</title>
</book>
<book>
	<filename>marinelli_kyerol/marinelli_kyerol_portret_millionera.fb2.zip</filename>
	<title>Маринелли Кэрол. Портрет миллионера</title>
</book>
<book>
	<filename>mariuc_olga/mariuc_olga_lyubov_po_obyavleniyu.fb2.zip</filename>
	<title>Мариуц Ольга. Любовь по объявлению</title>
</book>
<book>
	<filename>marivo_/marivo__udachlivyi_krestyanin.fb2.zip</filename>
	<title>Мариво. Удачливый крестьянин</title>
</book>
<book>
	<filename>mark_alan/mark_alan_abiturient.fb2.zip</filename>
	<title>Марк Алан. Абитуриент</title>
</book>
<book>
	<filename>markeev_oleg/markeev_oleg_chernaya_luna.fb2.zip</filename>
	<title>Маркеев Олег. Черная Луна</title>
</book>
<book>
	<filename>markeev_oleg/markeev_oleg_oruzhie_vozmezdiya.fb2.zip</filename>
	<title>Маркеев Олег. Оружие возмездия</title>
</book>
<book>
	<filename>markeev_oleg/markeev_oleg_ugroza_vtorzheniya.fb2.zip</filename>
	<title>Маркеев Олег. Угроза вторжения</title>
</book>
<book>
	<filename>markelov_oleg/markelov_oleg_adekvatnost.fb2.zip</filename>
	<title>Маркелов Олег. Адекватность</title>
</book>
<book>
	<filename>markelov_oleg/markelov_oleg_imperskaya_mozaika.fb2.zip</filename>
	<title>Маркелов Олег. Имперская мозаика</title>
</book>
<book>
	<filename>markelov_oleg/markelov_oleg_lyubimchik_sudby.fb2.zip</filename>
	<title>Маркелов Олег. Любимчик Судьбы</title>
</book>
<book>
	<filename>markelov_oleg/markelov_oleg_storozhevye_volki_bogov.fb2.zip</filename>
	<title>Маркелов Олег. Сторожевые волки Богов</title>
</book>
<book>
	<filename>markelov_oleg/markelov_oleg_toksimerskii_oskal.fb2.zip</filename>
	<title>Маркелов Олег. Токсимерский оскал</title>
</book>
<book>
	<filename>markem_robert/markem_robert_polkovnik_sun.fb2.zip</filename>
	<title>Маркем Роберт. Полковник Сун</title>
</book>
<book>
	<filename>markem_uyendi/markem_uyendi_svidanie_vslepuyu.fb2.zip</filename>
	<title>Маркем Уэнди. Свидание вслепую</title>
</book>
<book>
	<filename>markes_gabriyel/markes_gabriyel_den_posle_subboty.fb2.zip</filename>
	<title>Маркес Габриэль Гарсия. День после субботы</title>
</book>
<book>
	<filename>markes_gabriyel/markes_gabriyel_desyat_dnei_v_more_bez_edy_i_vody.fb2.zip</filename>
	<title>Маркес Габриэль Гарсиа. Десять дней в море без еды и воды</title>
</book>
<book>
	<filename>markes_gabriyel/markes_gabriyel_dobryi_fokusnik_prodavec_chudes.fb2.zip</filename>
	<title>Маркес Габриэль Гарсиа. Добрый фокусник, продавец чудес</title>
</book>
<book>
	<filename>markes_gabriyel/markes_gabriyel_glaza_goluboi_sobaki.fb2.zip</filename>
	<title>Маркес Габриэль Гарсия. Глаза голубой собаки</title>
</book>
<book>
	<filename>markes_gabriyel/markes_gabriyel_isabel_smotrit_na_dozhd_v_makondo.fb2.zip</filename>
	<title>Маркес Габриэль Гарсиа. Исабель смотрит на дождь в Макондо</title>
</book>
<book>
	<filename>markes_gabriyel/markes_gabriyel_iskusstvennye_rozy.fb2.zip</filename>
	<title>Маркес Габриэль Гарсиа. Искусственные розы</title>
</book>
<book>
	<filename>markes_gabriyel/markes_gabriyel_istoriya_odnoi_smerti_o_kotoroi_znali_zaranee.fb2.zip</filename>
	<title>Маркес Габриэль Гарсиа. История одной смерти, о которой знали заранее</title>
</book>
<book>
	<filename>markes_gabriyel/markes_gabriyel_izvestie_o_pohishenii.fb2.zip</filename>
	<title>Маркес Габриэль Гарсия. Известие о похищении</title>
</book>
<book>
	<filename>markes_gabriyel/markes_gabriyel_lyubov_vo_vremya_chumy.fb2.zip</filename>
	<title>Маркес Габриэль Гарсия. Любовь во время чумы</title>
</book>
<book>
	<filename>markes_gabriyel/markes_gabriyel_more_ischezayushih_vremen.fb2.zip</filename>
	<title>Маркес Габриэль Гарсия. Море исчезающих времен</title>
</book>
<book>
	<filename>markes_gabriyel/markes_gabriyel_nedobryi_chas.fb2.zip</filename>
	<title>Маркес Габриэль Гарсиа. Недобрый час</title>
</book>
<book>
	<filename>markes_gabriyel/markes_gabriyel_neveroyatnaya_i_grustnaya_istoriya_o_prostodushnoi_yerendire_i_ee_zhestokoserdnoi_babke.fb2.zip</filename>
	<title>Маркес Габриэль Гарсиа. Невероятная и грустная история о простодушной Эрендире и ее жестокосердной бабке</title>
</book>
<book>
	<filename>markes_gabriyel/markes_gabriyel_nezabyvaemyi_den_v_zhizni_baltasara.fb2.zip</filename>
	<title>Маркес Габриэль Гарсиа. Незабываемый день в жизни Бальтасара</title>
</book>
<book>
	<filename>markes_gabriyel/markes_gabriyel_osen_patriarha.fb2.zip</filename>
	<title>Маркес Габриэль Гарсия. Осень патриарха</title>
</book>
<book>
	<filename>markes_gabriyel/markes_gabriyel_palaya_listva.fb2.zip</filename>
	<title>Маркес Габриэль Гарсия. Палая листва</title>
</book>
<book>
	<filename>markes_gabriyel/markes_gabriyel_pohorony_velikoi_mamy.fb2.zip</filename>
	<title>Маркес Габриэль Гарсиа. Похороны Великой Мамы</title>
</book>
<book>
	<filename>markes_gabriyel/markes_gabriyel_polkovniku_nikto_ne_pishet.fb2.zip</filename>
	<title>Маркес Габриэль Гарсия. Полковнику никто не пишет</title>
</book>
<book>
	<filename>markes_gabriyel/markes_gabriyel_poslednee_leto_gospozhi_forbs.fb2.zip</filename>
	<title>Маркес Габриэль Гарсиа. Последнее лето госпожи Форбс</title>
</book>
<book>
	<filename>markes_gabriyel/markes_gabriyel_poslednee_puteshestvie_korablyaprizraka.fb2.zip</filename>
	<title>Маркес Габриэль Гарсиа. Последнее путешествие корабля-призрака</title>
</book>
<book>
	<filename>markes_gabriyel/markes_gabriyel_samyi_krasivyi_utoplennik_v_mire.fb2.zip</filename>
	<title>Маркес Габриэль Гарсиа. Самый красивый утопленник в мире</title>
</book>
<book>
	<filename>markes_gabriyel/markes_gabriyel_siesta_vo_vtornik.fb2.zip</filename>
	<title>Маркес Габриэль Гарсиа. Сиеста во вторник</title>
</book>
<book>
	<filename>markes_gabriyel/markes_gabriyel_sled_tvoei_krovi_na_snegu.fb2.zip</filename>
	<title>Маркес Габриэль Гарсия. След твоей крови на снегу</title>
</book>
<book>
	<filename>markes_gabriyel/markes_gabriyel_sto_let_odinochestva.fb2.zip</filename>
	<title>Маркес Габриэль Гарсия. Сто лет одиночества</title>
</book>
<book>
	<filename>markes_gabriyel/markes_gabriyel_u_nas_v_gorodke_vorov_net.fb2.zip</filename>
	<title>Маркес Габриэль Гарсиа. У нас в городке воров нет</title>
</book>
<book>
	<filename>markes_gabriyel/markes_gabriyel_vdova_montel.fb2.zip</filename>
	<title>Маркес Габриэль Гарсиа. Вдова Монтьель</title>
</book>
<book>
	<filename>markes_gabriyel/markes_gabriyel_vspominaya_moih_grustnyh_shlyuh.fb2.zip</filename>
	<title>Маркес Габриэль Гарсиа. Вспоминая моих грустных шлюх</title>
</book>
<book>
	<filename>markes_gabriyel/markes_gabriyel_za_lyubovyu_neizbezhnost_smerti.fb2.zip</filename>
	<title>Маркес Габриэль Гарсиа. За любовью неизбежность смерти</title>
</book>
<book>
	<filename>marko_dzhon/marko_dzhon_narskii_shakal.fb2.zip</filename>
	<title>Марко Джон. Нарский Шакал</title>
</book>
<book>
	<filename>marko_dzhon/marko_dzhon_ochi_boga.fb2.zip</filename>
	<title>Марко Джон. Очи бога</title>
</book>
<book>
	<filename>marko_dzhon/marko_dzhon_pravedniki_mecha.fb2.zip</filename>
	<title>Марко Джон. Праведники Меча</title>
</book>
<book>
	<filename>marko_dzhon/marko_dzhon_velikii_plan.fb2.zip</filename>
	<title>Марко Джон. Великий план</title>
</book>
<book>
	<filename>markof_dzhon/markof_dzhon_hakery.fb2.zip</filename>
	<title>Маркоф Джон. Хакеры</title>
</book>
<book>
	<filename>markos_mishel/markos_mishel_vlastnoe_zhelanie.fb2.zip</filename>
	<title>Маркос Мишель. Властное желание</title>
</book>
<book>
	<filename>markov_aleksandr/markov_aleksandr_otrazhenie_ulle.fb2.zip</filename>
	<title>Марков Александр Владимирович. Отражение Улле</title>
</book>
<book>
	<filename>markov_aleksandr/markov_aleksandr_saga_o_haralde_morehode.fb2.zip</filename>
	<title>Марков Александр Владимирович. Сага о Харальде Мореходе</title>
</book>
<book>
	<filename>markov_aleksandr/markov_aleksandr_saga_o_zapadnyh_zemlyah.fb2.zip</filename>
	<title>Марков Александр Владимирович. Сага о Западных Землях</title>
</book>
<book>
	<filename>markov_aleksandr/markov_aleksandr_sotri_vse_metki.fb2.zip</filename>
	<title>Марков Александр. Сотри все метки</title>
</book>
<book>
	<filename>markov_aleksandr/markov_aleksandr_vernutsya_iz_ada_s_pobedoi_i_plennymi.fb2.zip</filename>
	<title>Марков Александр Владимирович. Вернуться из ада! С победой и пленными</title>
</book>
<book>
	<filename>markov_aleksandr/markov_aleksandr_yuzhnyi_pohod_yerlinga.fb2.zip</filename>
	<title>Марков Александр Владимирович. Южный поход Эрлинга</title>
</book>
<book>
	<filename>markovchin_vladimir/markovchin_vladimir_feldmarshal_paulyus_ot_gitlera_k_stalinu.fb2.zip</filename>
	<title>Марковчин Владимир. Фельдмаршал Паулюс: от Гитлера к Сталину</title>
</book>
<book>
	<filename>markov_georgii/markov_georgii_sol_zemli.fb2.zip</filename>
	<title>Марков Георгий Мокеевич. Соль земли</title>
</book>
<book>
	<filename>markov_georgii/markov_georgii_strogovy.fb2.zip</filename>
	<title>Марков Георгий Мокеевич. Строговы</title>
</book>
<book>
	<filename>markovich_natasha/markovich_natasha_flutter_kruto_blin_hroniki_odnogo_treninga.fb2.zip</filename>
	<title>Маркович Наташа. Flutter. Круто, блин! Хроники одного тренинга</title>
</book>
<book>
	<filename>markov_sergei/markov_sergei_letopis_alyaski.fb2.zip</filename>
	<title>Марков Сергей Николаевич. Летопись Аляски</title>
</book>
<book>
	<filename>markov_sergei/markov_sergei_podvig_semena_dezhneva.fb2.zip</filename>
	<title>Марков Сергей Николаевич. Подвиг Семена Дежнева</title>
</book>
<book>
	<filename>markov_sergei/markov_sergei_ryzhii_budda.fb2.zip</filename>
	<title>Марков Сергей Николаевич. Рыжий Будда</title>
</book>
<book>
	<filename>markov_sergei/markov_sergei_tamorus_maklai.fb2.zip</filename>
	<title>Марков Сергей Николаевич. Тамо-рус Маклай</title>
</book>
<book>
	<filename>markov_sergei/markov_sergei_velikii_ohotnik.fb2.zip</filename>
	<title>Марков Сергей Николаевич. Великий охотник</title>
</book>
<book>
	<filename>markov_sergei/markov_sergei_yukonskii_voron.fb2.zip</filename>
	<title>Марков Сергей Николаевич. Юконский ворон</title>
</book>
<book>
	<filename>marks_karl/marks_karl_kapital.fb2.zip</filename>
	<title>Маркс Карл Генрих. Капитал</title>
</book>
<book>
	<filename>mar_kurt/mar_kurt_fabrika_dyavola.fb2.zip</filename>
	<title>Мар Курт. Фабрика дьявола</title>
</book>
<book>
	<filename>mar_kurt/mar_kurt_idol_passy.fb2.zip</filename>
	<title>Мар Курт. Идол Пассы</title>
</book>
<book>
	<filename>mar_kurt/mar_kurt_teleportery_vnimanie.fb2.zip</filename>
	<title>Мар Курт. Телепортеры, внимание!</title>
</book>
<book>
	<filename>mar_kurt/mar_kurt_tuman_pozhret_ih_vseh.fb2.zip</filename>
	<title>Мар Курт. Туман пожрет их всех</title>
</book>
<book>
	<filename>markushin_yurii/markushin_yurii_taina_volshebnoi_rakoviny.fb2.zip</filename>
	<title>Маркушин Юрий. Тайна волшебной раковины</title>
</book>
<book>
	<filename>marlitt_evgeniya/marlitt_evgeniya_dama_s_rubinami.fb2.zip</filename>
	<title>Марлитт Евгения. Дама с рубинами</title>
</book>
<book>
	<filename>marlitt_evgeniya/marlitt_evgeniya_imperskaya_grafinya_gizela.fb2.zip</filename>
	<title>Марлитт Евгения. Имперская графиня Гизела</title>
</book>
<book>
	<filename>marlitt_evgeniya/marlitt_evgeniya_vtoraya_zhena.fb2.zip</filename>
	<title>Марлитт Евгения. Вторая жена</title>
</book>
<book>
	<filename>marlitt_evgeniya/marlitt_evgeniya_zlatokudraya_yelza.fb2.zip</filename>
	<title>Марлитт Евгения. Златокудрая Эльза</title>
</book>
<book>
	<filename>marlou_dyen_dzh/marlou_dyen_dzh_imya_igry_smert.fb2.zip</filename>
	<title>Марлоу Дэн. Дж. Имя игры – смерть</title>
</book>
<book>
	<filename>marlou_stiven/marlou_stiven_dvoinye_nepriyatnosti.fb2.zip</filename>
	<title>Марлоу Стивен. Двойные неприятности</title>
</book>
<book>
	<filename>marlou_stiven/marlou_stiven_risk_moe_prizvanie.fb2.zip</filename>
	<title>Марлоу Стивен. Риск — мое призвание</title>
</book>
<book>
	<filename>marrell_glenn/marrell_glenn_bud_ostorozhen_neznakomec.fb2.zip</filename>
	<title>Маррелл Гленн. Будь осторожен, незнакомец!</title>
</book>
<book>
	<filename>marriet_frederik/marriet_frederik_brakoner.fb2.zip</filename>
	<title>Марриет Фредерик. Браконьер</title>
</book>
<book>
	<filename>marriet_frederik/marriet_frederik_iafet_v_poiskah_otca.fb2.zip</filename>
	<title>Марриет Фредерик. Иафет в поисках отца</title>
</book>
<book>
	<filename>marriet_frederik/marriet_frederik_kanadskie_poselency.fb2.zip</filename>
	<title>Марриет Фредерик. Канадские поселенцы</title>
</book>
<book>
	<filename>marriet_frederik/marriet_frederik_korablprizrak.fb2.zip</filename>
	<title>Марриет Фредерик. Корабль-призрак</title>
</book>
<book>
	<filename>marriet_frederik/marriet_frederik_korolevskaya_sobstvennost.fb2.zip</filename>
	<title>Марриет Фредерик. Королевская собственность</title>
</book>
<book>
	<filename>marriet_frederik/marriet_frederik_krushenie_velikogo_okeana.fb2.zip</filename>
	<title>Марриет Фредерик. Крушение «Великого Океана»</title>
</book>
<book>
	<filename>marriet_frederik/marriet_frederik_malenkii_dikar.fb2.zip</filename>
	<title>Марриет Фредерик. Маленький дикарь</title>
</book>
<book>
	<filename>marriet_frederik/marriet_frederik_michman_izi.fb2.zip</filename>
	<title>Марриет Фредерик. Мичман Изи</title>
</book>
<book>
	<filename>marriet_frederik/marriet_frederik_mnogoskazochnyi_pasha.fb2.zip</filename>
	<title>Марриет Фредерик. Многосказочный паша</title>
</book>
<book>
	<filename>marriet_frederik/marriet_frederik_morskoi_oficer_frank_mildmei.fb2.zip</filename>
	<title>Марриет Фредерик. Морской офицер Франк Мильдмей</title>
</book>
<book>
	<filename>marriet_frederik/marriet_frederik_persival_kin.fb2.zip</filename>
	<title>Марриет Фредерик. Персиваль Кин</title>
</book>
<book>
	<filename>marriet_frederik/marriet_frederik_priklyuchenie_pitera_simpla.fb2.zip</filename>
	<title>Марриет Фредерик. Приключение Питера Симпла</title>
</book>
<book>
	<filename>marriet_frederik/marriet_frederik_priklyuchenie_sobaki.fb2.zip</filename>
	<title>Марриет Фредерик. Приключение собаки</title>
</book>
<book>
	<filename>marriet_frederik/marriet_frederik_priklyucheniya_ardenta_troutona.fb2.zip</filename>
	<title>Марриет Фредерик. Приключения Ардента Троутона</title>
</book>
<book>
	<filename>marriet_frederik/marriet_frederik_priklyucheniya_dzheikoba_feitfula.fb2.zip</filename>
	<title>Марриет Фредерик. Приключения Джейкоба Фейтфула</title>
</book>
<book>
	<filename>marriet_frederik/marriet_frederik_priklyucheniya_v_afrike.fb2.zip</filename>
	<title>Марриет Фредерик. Приключения в Африке</title>
</book>
<book>
	<filename>marriet_frederik/marriet_frederik_priklyucheniya_viole_v_kalifornii_i_tehase.fb2.zip</filename>
	<title>Марриет Фредерик. Приключения Виоле в Калифорнии и Техасе</title>
</book>
<book>
	<filename>marriet_frederik/marriet_frederik_sluzhba_na_kupecheskom_korable.fb2.zip</filename>
	<title>Марриет Фредерик. Служба на купеческом корабле</title>
</book>
<book>
	<filename>marriet_frederik/marriet_frederik_sto_let_nazad.fb2.zip</filename>
	<title>Марриет Фредерик. Сто лет назад</title>
</book>
<book>
	<filename>marriet_frederik/marriet_frederik_tri_yahty.fb2.zip</filename>
	<title>Марриет Фредерик. Три яхты</title>
</book>
<book>
	<filename>marriet_frederik/marriet_frederik_valeriya.fb2.zip</filename>
	<title>Марриет Фредерик. Валерия</title>
</book>
<book>
	<filename>marsan_zhan/marsan_zhan_publike_smotret_vospreshaetsya.fb2.zip</filename>
	<title>Марсан Жан. Публике смотреть воспрещается</title>
</book>
<book>
	<filename>marsden_filip/marsden_filip_perekrestok_puteshestvie_sredi_armyan.fb2.zip</filename>
	<title>Марсден Филип. Перекресток: путешествие среди армян</title>
</book>
<book>
	<filename>marse_huan/marse_huan_chary_shanhaya.fb2.zip</filename>
	<title>Марсе Хуан. Чары Шанхая</title>
</book>
<book>
	<filename>marsellas_diana/marsellas_diana_zov_koldovskogo_ushelya.fb2.zip</filename>
	<title>Марселлас Диана. Зов Колдовского ущелья</title>
</book>

</books>

