<?xml version="1.0" encoding="UTF-8" ?>
<books>

<book>
	<filename>melnikova_valentina/melnikova_valentina_goryachii_klyuch.fb2.zip</filename>
	<title>Мельникова Валентина. Горячий Ключ</title>
</book>
<book>
	<filename>melnikova_valentina/melnikova_valentina_kolechko_s_biryuzoi.fb2.zip</filename>
	<title>Мельникова Валентина. Колечко с бирюзой</title>
</book>
<book>
	<filename>melnikova_valentina/melnikova_valentina_moi_laskovyi_i_nezhnyi_ment.fb2.zip</filename>
	<title>Мельникова Валентина. Мой ласковый и нежный мент</title>
</book>
<book>
	<filename>melnikova_valentina/melnikova_valentina_neokonchennyi_romans.fb2.zip</filename>
	<title>Мельникова Валентина. Неоконченный романс</title>
</book>
<book>
	<filename>melnikova_valentina/melnikova_valentina_stihiinoe_bedstvie.fb2.zip</filename>
	<title>Мельникова Валентина. Стихийное бедствие</title>
</book>
<book>
	<filename>melnikov_pavel/melnikov_pavel_na_gorah_kniga_pervaya.fb2.zip</filename>
	<title>Мельников Павел Иванович. На горах. Книга первая</title>
</book>
<book>
	<filename>melnikov_pavel/melnikov_pavel_na_gorah_kniga_vtoraya.fb2.zip</filename>
	<title>Мельников Павел Иванович. На горах. Книга вторая</title>
</book>
<book>
	<filename>melnikov_pavel/melnikov_pavel_v_lesah_kniga_pervaya.fb2.zip</filename>
	<title>Мельников Павел Иванович. В лесах. Книга первая</title>
</book>
<book>
	<filename>melnikov_pavel/melnikov_pavel_v_lesah_kniga_vtoraya.fb2.zip</filename>
	<title>Мельников Павел Иванович. В лесах. Книга вторая</title>
</book>
<book>
	<filename>melnikovpecherskii_pavel/melnikovpecherskii_pavel_na_gorah_kniga_pervaya.fb2.zip</filename>
	<title>Мельников-Печерский Павел. На горах. Книга Первая</title>
</book>
<book>
	<filename>melnikovpecherskii_pavel/melnikovpecherskii_pavel_na_gorah_kniga_vtoraya.fb2.zip</filename>
	<title>Мельников-Печерский Павел. На горах. Книга Вторая</title>
</book>
<book>
	<filename>melnikovpecherskii_pavel/melnikovpecherskii_pavel_v_lesah_kniga_pervaya.fb2.zip</filename>
	<title>Мельников-Печерский Павел. В лесах. Книга Первая</title>
</book>
<book>
	<filename>melnikovpecherskii_pavel/melnikovpecherskii_pavel_v_lesah_kniga_vtoraya.fb2.zip</filename>
	<title>Мельников-Печерский Павел. В лесах. Книга Вторая</title>
</book>
<book>
	<filename>melnikov_ruslan/melnikov_ruslan_krestovyi_drang.fb2.zip</filename>
	<title>Мельников Руслан. Крестовый дранг</title>
</book>
<book>
	<filename>melnikov_ruslan/melnikov_ruslan_magier_lebius.fb2.zip</filename>
	<title>Мельников Руслан. Магиер Лебиус</title>
</book>
<book>
	<filename>melnikov_ruslan/melnikov_ruslan_mertvyi_rai.fb2.zip</filename>
	<title>Мельников Руслан. Мертвый рай</title>
</book>
<book>
	<filename>melnikov_ruslan/melnikov_ruslan_operaciya_tannenberg.fb2.zip</filename>
	<title>Мельников Руслан. Операция «Танненберг»</title>
</book>
<book>
	<filename>melnikov_ruslan/melnikov_ruslan_peski_palestiny.fb2.zip</filename>
	<title>Мельников Руслан. Пески Палестины</title>
</book>
<book>
	<filename>melnikov_ruslan/melnikov_ruslan_poligon.fb2.zip</filename>
	<title>Мельников Руслан. Полигон</title>
</book>
<book>
	<filename>melnikov_ruslan/melnikov_ruslan_rudnaya_cherta.fb2.zip</filename>
	<title>Мельников Руслан. Рудная черта</title>
</book>
<book>
	<filename>melnikov_ruslan/melnikov_ruslan_rycari_reiha.fb2.zip</filename>
	<title>Мельников Руслан. Рыцари рейха</title>
</book>
<book>
	<filename>melnikov_ruslan/melnikov_ruslan_tainyi_rycar.fb2.zip</filename>
	<title>Мельников Руслан. Тайный рыцарь</title>
</book>
<book>
	<filename>melnikov_ruslan/melnikov_ruslan_temnyi_nabeg.fb2.zip</filename>
	<title>Мельников Руслан. Темный Набег</title>
</book>
<book>
	<filename>melnikov_ruslan/melnikov_ruslan_tevtonskii_krest.fb2.zip</filename>
	<title>Мельников Руслан. Тевтонский крест</title>
</book>
<book>
	<filename>melnikov_ruslan/melnikov_ruslan_yerdeiskii_pohod.fb2.zip</filename>
	<title>Мельников Руслан. Эрдейский поход</title>
</book>
<book>
	<filename>melo_patrisiya/melo_patrisiya_matador.fb2.zip</filename>
	<title>Мело Патрисия. Матадор</title>
</book>
<book>
	<filename>melvill_german/melvill_german_benito_sereno.fb2.zip</filename>
	<title>Мелвилл Герман. Бенито Серено</title>
</book>
<book>
	<filename>melvill_german/melvill_german_billi_bad_formarsovyi_matros.fb2.zip</filename>
	<title>Мелвилл Герман. Билли Бад, фор-марсовый матрос</title>
</book>
<book>
	<filename>melvill_german/melvill_german_dnevnik_puteshestviya_v_evropu_i_levant.fb2.zip</filename>
	<title>Мелвилл Герман. Дневник путешествия в Европу и Левант</title>
</book>
<book>
	<filename>melvill_german/melvill_german_mobi_dik_ili_belyi_kit.fb2.zip</filename>
	<title>Мелвилл Герман. Моби Дик, или Белый Кит</title>
</book>
<book>
	<filename>melvill_german/melvill_german_pisec_bartlbi.fb2.zip</filename>
	<title>Мелвилл Герман. Писец Бартлби</title>
</book>
<book>
	<filename>melvill_german/melvill_german_taipi.fb2.zip</filename>
	<title>Мелвилл Герман. Тайпи</title>
</book>
<book>
	<filename>melvill_german/melvill_german_torgovec_gromootvodami.fb2.zip</filename>
	<title>Мелвилл Герман. Торговец громоотводами</title>
</book>
<book>
	<filename>melvill_german/melvill_german_veranda.fb2.zip</filename>
	<title>Мелвилл Герман. Веранда</title>
</book>
<book>
	<filename>melvill_german/melvill_german_yenkantadas_ili_ocharovannye_ostrova.fb2.zip</filename>
	<title>Мелвилл Герман. Энкантадас, или Очарованные острова</title>
</book>
<book>
	<filename>men_aleksandr/men_aleksandr_syn_chelovecheskii.fb2.zip</filename>
	<title>Мень Александр. Сын Человеческий</title>
</book>
<book>
	<filename>mendelson_robert/mendelson_robert_vostochnaya_madonna.fb2.zip</filename>
	<title>Мендельсон Роберт. Восточная мадонна</title>
</book>
<book>
	<filename>mendes_katull/mendes_katull_bessmertnyi.fb2.zip</filename>
	<title>Мендес Катулл. Бессмертный</title>
</book>
<book>
	<filename>mendosa_yeduardo/mendosa_yeduardo_gorod_chudes.fb2.zip</filename>
	<title>Мендоса Эдуардо. Город чудес</title>
</book>
<book>
	<filename>mentcer_maik/mentcer_maik_cupertrening.fb2.zip</filename>
	<title>Ментцер Майк. Cупертренинг</title>
</book>
<book>
	<filename>mentcer_maik/mentcer_maik_supertrening.fb2.zip</filename>
	<title>Ментцер Майк. СУПЕРТРЕНИНГ</title>
</book>
<book>
	<filename>menyailov_aleksei/menyailov_aleksei_durilka_zapiski_zyatya_glavravvina.fb2.zip</filename>
	<title>Меняйлов Алексей. Дурилка. Записки зятя главраввина</title>
</book>
<book>
	<filename>menyuk_dzhordzhe/menyuk_dzhordzhe_disk.fb2.zip</filename>
	<title>Менюк Джордже. Диск</title>
</book>
<book>
	<filename>meralda_klara/meralda_klara_pozhilaya_dama_v_gollandii.fb2.zip</filename>
	<title>Меральда Клара С. Пожилая дама в Голландии</title>
</book>
<book>
	<filename>mercalov_igor/mercalov_igor_shaas.fb2.zip</filename>
	<title>Мерцалов Игорь. Схаас</title>
</book>
<book>
	<filename>mercalov_igor/mercalov_igor_tri_dnya_bez_charodeya.fb2.zip</filename>
	<title>Мерцалов Игорь. Три дня без чародея</title>
</book>
<book>
	<filename>merdok_airis/merdok_airis_chernyi_princ.fb2.zip</filename>
	<title>Мердок Айрис. Черный принц</title>
</book>
<book>
	<filename>merdok_airis/merdok_airis_dikaya_roza.fb2.zip</filename>
	<title>Мердок Айрис. Дикая роза</title>
</book>
<book>
	<filename>meredit_aleks/meredit_aleks_put_k_satane.fb2.zip</filename>
	<title>Мередит Алекс. Путь к Сатане</title>
</book>
<book>
	<filename>meredit_dzhordzh/meredit_dzhordzh_ispytanie_richarda_feverela.fb2.zip</filename>
	<title>Мередит Джордж. Испытание Ричарда Феверела</title>
</book>
<book>
	<filename>meredit_richard/meredit_richard_nebo_v_zvezdoletah.fb2.zip</filename>
	<title>Мередит Ричард К. Небо в звездолетах</title>
</book>
<book>
	<filename>merenberg_marta/merenberg_marta_zerkala_proshedshego_vremeni.fb2.zip</filename>
	<title>Меренберг Марта. Зеркала прошедшего времени</title>
</book>
<book>
	<filename>merezhkovskii_dmitrii/merezhkovskii_dmitrii_petr_i_aleksei.fb2.zip</filename>
	<title>Мережковский Дмитрий Сергееевич. Петр и Алексей</title>
</book>
<book>
	<filename>merezhkovskii_dmitrii/merezhkovskii_dmitrii_pushkin.fb2.zip</filename>
	<title>Мережковский Дмитрий Сергееевич. Пушкин</title>
</book>
<book>
	<filename>merezhkovskii_dmitrii/merezhkovskii_dmitrii_smert_bogov_yulian_otstupnik.fb2.zip</filename>
	<title>Мережковский Дмитрий Сергееевич. Смерть Богов. Юлиан Отступник</title>
</book>
<book>
	<filename>merezhkovskii_dmitrii/merezhkovskii_dmitrii_voskresshie_bogi_ili_leonardo_da_vinchi.fb2.zip</filename>
	<title>Мережковский Дмитрий Сергееевич. Воскресшие боги, или Леонардо да Винчи</title>
</book>
<book>
	<filename>merezhkovskii_dmitrii/merezhkovskii_dmitrii_yulian_otstupnik.fb2.zip</filename>
	<title>Мережковский Дмитрий Сергееевич. Юлиан Отступник</title>
</book>
<book>
	<filename>merfi_margaret/merfi_margaret_izgoi.fb2.zip</filename>
	<title>Мерфи Маргарет. Изгои</title>
</book>
<book>
	<filename>merfi_shirli/merfi_shirli_kot_igraet_s_ognem.fb2.zip</filename>
	<title>Мерфи Ширли Руссо. Кот играет с огнем</title>
</book>
<book>
	<filename>merfi_shirli/merfi_shirli_kot_na_grani.fb2.zip</filename>
	<title>Мерфи Ширли Руссо. Кот на грани</title>
</book>
<book>
	<filename>merfi_shirli/merfi_shirli_kot_stoit_nasmert.fb2.zip</filename>
	<title>Мерфи Ширли Руссо. Кот стоит насмерть</title>
</book>
<book>
	<filename>merfi_shirli/merfi_shirli_kot_v_tupike.fb2.zip</filename>
	<title>Мерфи Ширли Руссо. Кот в тупике</title>
</book>
<book>
	<filename>merfi_shirli/merfi_shirli_kot_v_uzhase.fb2.zip</filename>
	<title>Мерфи Ширли Руссо. Кот в ужасе</title>
</book>
<book>
	<filename>merfi_uorren/merfi_uorren_amerikanskoe_bezumie.fb2.zip</filename>
	<title>Мерфи Уоррен. Американское безумие</title>
</book>
<book>
	<filename>merfi_uorren/merfi_uorren_bambukovyi_drakon.fb2.zip</filename>
	<title>Мерфи Уоррен. Бамбуковый дракон</title>
</book>
<book>
	<filename>merfi_uorren/merfi_uorren_belaya_voda.fb2.zip</filename>
	<title>Мерфи Уоррен. Белая вода</title>
</book>
<book>
	<filename>merfi_uorren/merfi_uorren_belye_rabyni.fb2.zip</filename>
	<title>Мерфи Уоррен. Белые рабыни</title>
</book>
<book>
	<filename>merfi_uorren/merfi_uorren_bitva_v_pustyne.fb2.zip</filename>
	<title>Мерфи Уоррен. Битва в пустыне</title>
</book>
<book>
	<filename>merfi_uorren/merfi_uorren_bozhestvo_smerti.fb2.zip</filename>
	<title>Мерфи Уоррен. Божество смерти</title>
</book>
<book>
	<filename>merfi_uorren/merfi_uorren_cepnaya_reakciya.fb2.zip</filename>
	<title>Мерфи Уоррен. Цепная реакция</title>
</book>
<book>
	<filename>merfi_uorren/merfi_uorren_chernaya_krov.fb2.zip</filename>
	<title>Мерфи Уоррен. Черная кровь</title>
</book>
<book>
	<filename>merfi_uorren/merfi_uorren_cvet_straha.fb2.zip</filename>
	<title>Мерфи Уоррен. Цвет страха</title>
</book>
<book>
	<filename>merfi_uorren/merfi_uorren_damoklov_mech.fb2.zip</filename>
	<title>Мерфи Уоррен. Дамоклов меч</title>
</book>
<book>
	<filename>merfi_uorren/merfi_uorren_detskie_igry.fb2.zip</filename>
	<title>Мерфи Уоррен. Детские игры</title>
</book>
<book>
	<filename>merfi_uorren/merfi_uorren_doktor_kuyeik.fb2.zip</filename>
	<title>Мерфи Уоррен. Доктор Куэйк</title>
</book>
<book>
	<filename>merfi_uorren/merfi_uorren_dollary_mistera_gordonsa.fb2.zip</filename>
	<title>Мерфи Уоррен. Доллары мистера Гордонса</title>
</book>
<book>
	<filename>merfi_uorren/merfi_uorren_genyubiicy.fb2.zip</filename>
	<title>Мерфи Уоррен. Гены-убийцы</title>
</book>
<book>
	<filename>merfi_uorren/merfi_uorren_imperiya_terrora.fb2.zip</filename>
	<title>Мерфи Уоррен. Империя террора</title>
</book>
<book>
	<filename>merfi_uorren/merfi_uorren_iscelenie_smertyu.fb2.zip</filename>
	<title>Мерфи Уоррен. Исцеление смертью</title>
</book>
<book>
	<filename>merfi_uorren/merfi_uorren_kitaiskaya_golovolomka.fb2.zip</filename>
	<title>Мерфи Уоррен. Китайская головоломка</title>
</book>
<book>
	<filename>merfi_uorren/merfi_uorren_klinika_smerti.fb2.zip</filename>
	<title>Мерфи Уоррен. Клиника смерти</title>
</book>
<book>
	<filename>merfi_uorren/merfi_uorren_konec_igry.fb2.zip</filename>
	<title>Мерфи Уоррен. Конец игры</title>
</book>
<book>
	<filename>merfi_uorren/merfi_uorren_korabl_smerti.fb2.zip</filename>
	<title>Мерфи Уоррен. Корабль смерти</title>
</book>
<book>
	<filename>merfi_uorren/merfi_uorren_krainii_srok.fb2.zip</filename>
	<title>Мерфи Уоррен. Крайний срок</title>
</book>
<book>
	<filename>merfi_uorren/merfi_uorren_krizis_lichnosti.fb2.zip</filename>
	<title>Мерфи Уоррен. Кризис личности</title>
</book>
<book>
	<filename>merfi_uorren/merfi_uorren_na_linii_ognya.fb2.zip</filename>
	<title>Мерфи Уоррен. На линии огня</title>
</book>
<book>
	<filename>merfi_uorren/merfi_uorren_naslednica_destroera.fb2.zip</filename>
	<title>Мерфи Уоррен. Наследница Дестроера</title>
</book>
<book>
	<filename>merfi_uorren/merfi_uorren_nebo_padaet.fb2.zip</filename>
	<title>Мерфи Уоррен. Небо падает</title>
</book>
<book>
	<filename>merfi_uorren/merfi_uorren_obedinyai_i_zavoevyvai.fb2.zip</filename>
	<title>Мерфи Уоррен. Объединяй и завоевывай</title>
</book>
<book>
	<filename>merfi_uorren/merfi_uorren_opalennaya_zemlya.fb2.zip</filename>
	<title>Мерфи Уоррен. Опаленная земля</title>
</book>
<book>
	<filename>merfi_uorren/merfi_uorren_opasnye_igry.fb2.zip</filename>
	<title>Мерфи Уоррен. Опасные игры</title>
</book>
<book>
	<filename>merfi_uorren/merfi_uorren_oruzhie_razrusheniya.fb2.zip</filename>
	<title>Мерфи Уоррен. Оружие разрушения</title>
</book>
<book>
	<filename>merfi_uorren/merfi_uorren_ostrov_zombi.fb2.zip</filename>
	<title>Мерфи Уоррен. Остров Зомби</title>
</book>
<book>
	<filename>merfi_uorren/merfi_uorren_pir_ili_golod.fb2.zip</filename>
	<title>Мерфи Уоррен. Пир или голод</title>
</book>
<book>
	<filename>merfi_uorren/merfi_uorren_poslednee_ispytanie.fb2.zip</filename>
	<title>Мерфи Уоррен. Последнее испытание</title>
</book>
<book>
	<filename>merfi_uorren/merfi_uorren_poslednii_alhimik.fb2.zip</filename>
	<title>Мерфи Уоррен. Последний алхимик</title>
</book>
<book>
	<filename>merfi_uorren/merfi_uorren_poslednii_boi.fb2.zip</filename>
	<title>Мерфи Уоррен. Последний бой</title>
</book>
<book>
	<filename>merfi_uorren/merfi_uorren_poslednii_krestonosec.fb2.zip</filename>
	<title>Мерфи Уоррен. Последний крестоносец</title>
</book>
<book>
	<filename>merfi_uorren/merfi_uorren_poslednii_oplot.fb2.zip</filename>
	<title>Мерфи Уоррен. Последний оплот</title>
</book>
<book>
	<filename>merfi_uorren/merfi_uorren_poslednii_porog.fb2.zip</filename>
	<title>Мерфи Уоррен. Последний порог</title>
</book>
<book>
	<filename>merfi_uorren/merfi_uorren_poslednii_zvonok.fb2.zip</filename>
	<title>Мерфи Уоррен. Последний звонок</title>
</book>
<book>
	<filename>merfi_uorren/merfi_uorren_poteryannoe_proshloe.fb2.zip</filename>
	<title>Мерфи Уоррен. Потерянное прошлое</title>
</book>
<book>
	<filename>merfi_uorren/merfi_uorren_potroshitel_mozgov.fb2.zip</filename>
	<title>Мерфи Уоррен. Потрошитель мозгов</title>
</book>
<book>
	<filename>merfi_uorren/merfi_uorren_prizraki_voiny.fb2.zip</filename>
	<title>Мерфи Уоррен. Призраки войны</title>
</book>
<book>
	<filename>merfi_uorren/merfi_uorren_proklyatie_vozhdya.fb2.zip</filename>
	<title>Мерфи Уоррен. Проклятие вождя</title>
</book>
<book>
	<filename>merfi_uorren/merfi_uorren_razgnevannye_pochtalony.fb2.zip</filename>
	<title>Мерфи Уоррен. Разгневанные почтальоны</title>
</book>
<book>
	<filename>merfi_uorren/merfi_uorren_rota_terrora.fb2.zip</filename>
	<title>Мерфи Уоррен. Рота террора</title>
</book>
<book>
	<filename>merfi_uorren/merfi_uorren_rozhdenie_destroera.fb2.zip</filename>
	<title>Мерфи Уоррен. Рождение Дестроера</title>
</book>
<book>
	<filename>merfi_uorren/merfi_uorren_sataninskii_vzglyad.fb2.zip</filename>
	<title>Мерфи Уоррен. Сатанинский взгляд</title>
</book>
<book>
	<filename>merfi_uorren/merfi_uorren_sedmoi_kamen.fb2.zip</filename>
	<title>Мерфи Уоррен. Седьмой камень</title>
</book>
<book>
	<filename>merfi_uorren/merfi_uorren_shchit_ubiicy.fb2.zip</filename>
	<title>Мерфи Уоррен. Щит убийцы</title>
</book>
<book>
	<filename>merfi_uorren/merfi_uorren_shok.fb2.zip</filename>
	<title>Мерфи Уоррен. Шок</title>
</book>
<book>
	<filename>merfi_uorren/merfi_uorren_sladkie_sny.fb2.zip</filename>
	<title>Мерфи Уоррен. Сладкие сны</title>
</book>
<book>
	<filename>merfi_uorren/merfi_uorren_smertelnyi_hod.fb2.zip</filename>
	<title>Мерфи Уоррен. Смертельный ход</title>
</book>
<book>
	<filename>merfi_uorren/merfi_uorren_stalnoi_koshmar.fb2.zip</filename>
	<title>Мерфи Уоррен. Стальной кошмар</title>
</book>
<book>
	<filename>merfi_uorren/merfi_uorren_sudnyi_den.fb2.zip</filename>
	<title>Мерфи Уоррен. Судный день</title>
</book>
<book>
	<filename>merfi_uorren/merfi_uorren_svidanie_so_smertyu.fb2.zip</filename>
	<title>Мерфи Уоррен. Свидание со смертью</title>
</book>
<book>
	<filename>merfi_uorren/merfi_uorren_svyashennyi_uzhas.fb2.zip</filename>
	<title>Мерфи Уоррен. Священный ужас</title>
</book>
<book>
	<filename>merfi_uorren/merfi_uorren_tropa_voiny.fb2.zip</filename>
	<title>Мерфи Уоррен. Тропа войны</title>
</book>
<book>
	<filename>merfi_uorren/merfi_uorren_tyazhelyi_rok.fb2.zip</filename>
	<title>Мерфи Уоррен. Тяжелый рок</title>
</book>
<book>
	<filename>merfi_uorren/merfi_uorren_ubit_vremya.fb2.zip</filename>
	<title>Мерфи Уоррен. Убить время</title>
</book>
<book>
	<filename>merfi_uorren/merfi_uorren_ukol_mafii.fb2.zip</filename>
	<title>Мерфи Уоррен. Укол мафии</title>
</book>
<book>
	<filename>merfi_uorren/merfi_uorren_u_poslednei_cherty.fb2.zip</filename>
	<title>Мерфи Уоррен. У последней черты</title>
</book>
<book>
	<filename>merfi_uorren/merfi_uorren_utrachennoe_zveno.fb2.zip</filename>
	<title>Мерфи Уоррен. Утраченное звено</title>
</book>
<book>
	<filename>merfi_uorren/merfi_uorren_uzhas_v_belom_dome.fb2.zip</filename>
	<title>Мерфи Уоррен. Ужас в Белом Доме</title>
</book>
<book>
	<filename>merfi_uorren/merfi_uorren_uzy_krovi.fb2.zip</filename>
	<title>Мерфи Уоррен. Узы крови</title>
</book>
<book>
	<filename>merfi_uorren/merfi_uorren_verhovnaya_zhrica.fb2.zip</filename>
	<title>Мерфи Уоррен. Верховная жрица</title>
</book>
<book>
	<filename>merfi_uorren/merfi_uorren_vlastiteli_zemli.fb2.zip</filename>
	<title>Мерфи Уоррен. Властители земли</title>
</book>
<book>
	<filename>merfi_uorren/merfi_uorren_v_obyatiyah_kali.fb2.zip</filename>
	<title>Мерфи Уоррен. В объятиях Кали</title>
</book>
<book>
	<filename>merfi_uorren/merfi_uorren_voina_pretendentov.fb2.zip</filename>
	<title>Мерфи Уоррен. Война претендентов</title>
</book>
<book>
	<filename>merfi_uorren/merfi_uorren_v_rukah_vraga.fb2.zip</filename>
	<title>Мерфи Уоррен. В руках врага</title>
</book>
<book>
	<filename>merfi_uorren/merfi_uorren_vtorzhenie_po_scenariyu.fb2.zip</filename>
	<title>Мерфи Уоррен. Вторжение по сценарию</title>
</book>
<book>
	<filename>merfi_uorren/merfi_uorren_yarost_nebes.fb2.zip</filename>
	<title>Мерфи Уоррен. Ярость небес</title>
</book>
<book>
	<filename>merfi_uorren/merfi_uorren_zagovor_na_nuichstrit.fb2.zip</filename>
	<title>Мерфи Уоррен. Заговор на Нуич-стрит</title>
</book>
<book>
	<filename>merfi_uorren/merfi_uorren_zamanchivaya_mishen.fb2.zip</filename>
	<title>Мерфи Уоррен. Заманчивая мишень</title>
</book>
<book>
	<filename>merfi_uorren/merfi_uorren_zerna_smerti.fb2.zip</filename>
	<title>Мерфи Уоррен. Зерна смерти</title>
</book>
<book>
	<filename>merfi_uorren/merfi_uorren_zhizn_ili_smert.fb2.zip</filename>
	<title>Мерфи Уоррен. Жизнь или смерть</title>
</book>
<book>
	<filename>merime_prosper/merime_prosper_abbat_oben.fb2.zip</filename>
	<title>Мериме Проспер. Аббат Обен</title>
</book>
<book>
	<filename>merime_prosper/merime_prosper_dvoinaya_oshibka.fb2.zip</filename>
	<title>Мериме Проспер. Двойная ошибка</title>
</book>
<book>
	<filename>merime_prosper/merime_prosper_golubaya_komnata.fb2.zip</filename>
	<title>Мериме Проспер. Голубая комната</title>
</book>
<book>
	<filename>merime_prosper/merime_prosper_karmen.fb2.zip</filename>
	<title>Мериме Проспер. Кармен</title>
</book>
<book>
	<filename>merime_prosper/merime_prosper_lokis.fb2.zip</filename>
	<title>Мериме Проспер. Локис</title>
</book>
<book>
	<filename>merime_prosper/merime_prosper_matteo_falkone.fb2.zip</filename>
	<title>Мериме Проспер. Маттео Фальконе</title>
</book>
<book>
	<filename>merime_prosper/merime_prosper_partiya_v_triktrak.fb2.zip</filename>
	<title>Мериме Проспер. Партия в триктрак</title>
</book>
<book>
	<filename>merime_prosper/merime_prosper_tamango.fb2.zip</filename>
	<title>Мериме Проспер. Таманго</title>
</book>
<book>
	<filename>merime_prosper/merime_prosper_videnie_karla_xi.fb2.zip</filename>
	<title>Мериме Проспер. Видение Карла XI</title>
</book>
<book>
	<filename>merime_prosper/merime_prosper_vzyatie_reduta.fb2.zip</filename>
	<title>Мериме Проспер. Взятие редута</title>
</book>
<book>
	<filename>merime_prosper/merime_prosper_yetrusskaya_vaza.fb2.zip</filename>
	<title>Мериме Проспер. Этрусская ваза</title>
</book>
<book>
	<filename>merime_prosper/merime_prosper_zhemchuzhina_toledo.fb2.zip</filename>
	<title>Мериме Проспер. Жемчужина Толедо</title>
</book>
<book>
	<filename>merkanto_lina/merkanto_lina_vpered_paola.fb2.zip</filename>
	<title>Мерканто Лина. Вперед, Паола!</title>
</book>
<book>
	<filename>merl_rober/merl_rober_izabella.fb2.zip</filename>
	<title>Мерль Робер. Изабелла</title>
</book>
<book>
	<filename>merl_rober/merl_rober_madrapur.fb2.zip</filename>
	<title>Мерль Робер. Мадрапур</title>
</book>
<book>
	<filename>merl_rober/merl_rober_malvil.fb2.zip</filename>
	<title>Мерль Робер. Мальвиль</title>
</book>
<book>
	<filename>merl_rober/merl_rober_ostrov.fb2.zip</filename>
	<title>Мерль Робер. Остров</title>
</book>
<book>
	<filename>merl_rober/merl_rober_razumnoe_zhivotnoe.fb2.zip</filename>
	<title>Мерль Робер. Разумное животное</title>
</book>
<book>
	<filename>merl_rober/merl_rober_smert_moe_remeslo.fb2.zip</filename>
	<title>Мерль Робер. Смерть — мое ремесло</title>
</book>
<book>
	<filename>merl_rober/merl_rober_uikyend_na_beregu_okeana.fb2.zip</filename>
	<title>Мерль Робер. Уик-энд на берегу океана</title>
</book>
<book>
	<filename>merl_rober/merl_rober_za_steklom.fb2.zip</filename>
	<title>Мерль Робер. За стеклом</title>
</book>
<book>
	<filename>merril_liana/merril_liana_moi_krasnye_tufli.fb2.zip</filename>
	<title>Меррил Лиана. Мои красные туфли</title>
</book>
<book>
	<filename>merrit_abraham/merrit_abraham_chernoe_koleso.fb2.zip</filename>
	<title>Меррит Абрахам Грэйс. Черное колесо</title>
</book>
<book>
	<filename>merrit_abraham/merrit_abraham_gori_vedma_dyavolskie_kukly_madam_mendilipp.fb2.zip</filename>
	<title>Меррит Абрахам Грэйс. Гори, ведьма! [Дьявольские куклы мадам Мендилипп]</title>
</book>
<book>
	<filename>merrit_abraham/merrit_abraham_korabl_ishtar.fb2.zip</filename>
	<title>Меррит Абрахам Грэйс. Корабль Иштар</title>
</book>
<book>
	<filename>merrit_abraham/merrit_abraham_lesnye_zhenshiny.fb2.zip</filename>
	<title>Меррит Абрахам Грэйс. Лесные женщины</title>
</book>
<book>
	<filename>merrit_abraham/merrit_abraham_lik_v_bezdne.fb2.zip</filename>
	<title>Меррит Абрахам Грэйс. Лик в бездне</title>
</book>
<book>
	<filename>merrit_abraham/merrit_abraham_lunnyi_bassein_lunnaya_zavod.fb2.zip</filename>
	<title>Меррит Абрахам Грэйс. Лунный бассейн [Лунная заводь]</title>
</book>
<book>
	<filename>merrit_abraham/merrit_abraham_metallicheskoe_chudovishe.fb2.zip</filename>
	<title>Меррит Абрахам Грэйс. Металлическое чудовище</title>
</book>
<book>
	<filename>merrit_abraham/merrit_abraham_obitateli_mirazha_per_darseneva.fb2.zip</filename>
	<title>Меррит Абрахам Грэйс. Обитатели миража (пер. Д.Арсеньева)</title>
</book>
<book>
	<filename>merrit_abraham/merrit_abraham_obitateli_propasti_plemya_iz_bezdnyobitateli_bezdny.fb2.zip</filename>
	<title>Меррит Абрахам Грэйс. Обитатели пропасти [Племя из бездны/Обитатели бездны]</title>
</book>
<book>
	<filename>merrit_abraham/merrit_abraham_polzi_ten.fb2.zip</filename>
	<title>Меррит Абрахам Грэйс. Ползи, тень!</title>
</book>
<book>
	<filename>merrit_abraham/merrit_abraham_poslednii_poyet_i_roboty.fb2.zip</filename>
	<title>Меррит Абрахам Грэйс. Последний поэт и роботы</title>
</book>
<book>
	<filename>merrit_abraham/merrit_abraham_sem_shagov_k_satane.fb2.zip</filename>
	<title>Меррит Абрахам Грэйс. Семь шагов к Сатане</title>
</book>
<book>
	<filename>merrit_abraham/merrit_abraham_skvoz_drakone_steklo.fb2.zip</filename>
	<title>Меррит Абрахам Грэйс. Сквозь драконье стекло</title>
</book>
<book>
	<filename>merrit_abraham/merrit_abraham_tri_strochki_na_starofrancuzskom.fb2.zip</filename>
	<title>Меррит Абрахам Грэйс. Три строчки на старофранцузском</title>
</book>
<book>
	<filename>merrit_abraham/merrit_abraham_truten.fb2.zip</filename>
	<title>Меррит Абрахам Грэйс. Трутень</title>
</book>
<book>
	<filename>merrit_abraham/merrit_abraham_zhenshinalisa.fb2.zip</filename>
	<title>Меррит Абрахам Грэйс. Женщина-лиса</title>
</book>
<book>
	<filename>merrit_lyusi/merrit_lyusi_zharkaya_lyubov.fb2.zip</filename>
	<title>Меррит Люси. Жаркая любовь</title>
</book>
<book>
	<filename>merson_roi/merson_roi_soblazn_greha.fb2.zip</filename>
	<title>Мерсон Рой. Соблазн греха</title>
</book>
<book>
	<filename>merton_sandra/merton_sandra_kak_vse_nachalos.fb2.zip</filename>
	<title>Мертон Сандра. Как все началось...</title>
</book>
<book>
	<filename>merton_sandra/merton_sandra_ostrov_pantery.fb2.zip</filename>
	<title>Мертон Сандра. Остров Пантеры</title>
</book>
<book>
	<filename>merton_sandra/merton_sandra_rokovaya_vesna.fb2.zip</filename>
	<title>Мертон Сандра. Роковая весна</title>
</book>
<book>
	<filename>merton_sandra/merton_sandra_v_to_davno_minuvshee_leto.fb2.zip</filename>
	<title>Мертон Сандра. В то давно минувшее лето...</title>
</book>
<book>
	<filename>merton_sandra/merton_sandra_zdravstvui_schaste.fb2.zip</filename>
	<title>Мертон Сандра. Здравствуй, счастье</title>
</book>
<book>
	<filename>meshterhazi_laiosh/meshterhazi_laiosh_barabanivshie_v_stenku.fb2.zip</filename>
	<title>Мештерхази Лайош. Барабанившие в стенку</title>
</book>
<book>
	<filename>meshterhazi_laiosh/meshterhazi_laiosh_chto_tam_po_tu_storonu_gory.fb2.zip</filename>
	<title>Мештерхази Лайош. Что там по ту сторону горы?</title>
</book>
<book>
	<filename>meshterhazi_laiosh/meshterhazi_laiosh_den_kogda_oni_byli_ubity.fb2.zip</filename>
	<title>Мештерхази Лайош. День, когда они были убиты</title>
</book>
<book>
	<filename>meshterhazi_laiosh/meshterhazi_laiosh_kryshi_savony.fb2.zip</filename>
	<title>Мештерхази Лайош. Крыши Савоны</title>
</book>
<book>
	<filename>meshterhazi_laiosh/meshterhazi_laiosh_lyudi_iz_budapeshta.fb2.zip</filename>
	<title>Мештерхази Лайош. Люди из Будапешта</title>
</book>
<book>
	<filename>meshterhazi_laiosh/meshterhazi_laiosh_marton_andrishko_burgomistr.fb2.zip</filename>
	<title>Мештерхази Лайош. Мартон Андришко, бургомистр</title>
</book>
<book>
	<filename>meshterhazi_laiosh/meshterhazi_laiosh_na_ozere_fertyo.fb2.zip</filename>
	<title>Мештерхази Лайош. На озере Фертё</title>
</book>
<book>
	<filename>meshterhazi_laiosh/meshterhazi_laiosh_pohmele.fb2.zip</filename>
	<title>Мештерхази Лайош. Похмелье</title>
</book>
<book>
	<filename>meshterhazi_laiosh/meshterhazi_laiosh_rana.fb2.zip</filename>
	<title>Мештерхази Лайош. Рана</title>
</book>
<book>
	<filename>meshterhazi_laiosh/meshterhazi_laiosh_rekviem_po_vydayushemusya_talantu.fb2.zip</filename>
	<title>Мештерхази Лайош. Реквием по выдающемуся таланту</title>
</book>
<book>
	<filename>meshterhazi_laiosh/meshterhazi_laiosh_v_neskolkih_shagah_granica.fb2.zip</filename>
	<title>Мештерхази Лайош. В нескольких шагах граница...</title>
</book>
<book>
	<filename>meshterhazi_laiosh/meshterhazi_laiosh_vspyshka_magniya.fb2.zip</filename>
	<title>Мештерхази Лайош. Вспышка магния</title>
</book>
<book>
	<filename>meshterhazi_laiosh/meshterhazi_laiosh_yendokrinoiya.fb2.zip</filename>
	<title>Мештерхази Лайош. Эндокринойя</title>
</book>
<book>
	<filename>meshterhazi_laiosh/meshterhazi_laiosh_zagadka_prometeya.fb2.zip</filename>
	<title>Мештерхази Лайош. Загадка Прометея</title>
</book>
<book>
	<filename>messade_zherald/messade_zherald_car_david.fb2.zip</filename>
	<title>Мессадье Жеральд. Царь Давид</title>
</book>
<book>
	<filename>messade_zherald/messade_zherald_cvetok_ameriki.fb2.zip</filename>
	<title>Мессадье Жеральд. Цветок Америки</title>
</book>
<book>
	<filename>messade_zherald/messade_zherald_roza_i_liliya.fb2.zip</filename>
	<title>Мессадье Жеральд. Роза и лилия</title>
</book>
<book>
	<filename>messade_zherald/messade_zherald_senzhermen_chelovek_ne_zhelavshii_umirat_tom_1_maska_iz_niotkuda.fb2.zip</filename>
	<title>Мессадье Жеральд. Сен-Жермен: Человек, не желавший умирать. Том 1. Маска из ниоткуда</title>
</book>
<book>
	<filename>messade_zherald/messade_zherald_senzhermen_chelovek_ne_zhelavshii_umirat_tom_2_vlast_nezrimogo.fb2.zip</filename>
	<title>Мессадье Жеральд. Сен-Жермен: Человек, не желавший умирать. Том 2. Власть незримого</title>
</book>
<book>
	<filename>messade_zherald/messade_zherald_sud_volkov.fb2.zip</filename>
	<title>Мессадье Жеральд. Суд волков</title>
</book>
<book>
	<filename>messing_volf/messing_volf_o_samom_sebe.fb2.zip</filename>
	<title>Мессинг Вольф. О самом себе</title>
</book>
<book>
	<filename>messmen_petti/messmen_petti_bogatye_muzhchiny_odinokie_zhenshiny.fb2.zip</filename>
	<title>Мессмен Петти. Богатые мужчины, одинокие женщины</title>
</book>
<book>
	<filename>messner_rainhold/messner_rainhold_hrustalnyi_gorizont.fb2.zip</filename>
	<title>Месснер Райнхольд. Хрустальный горизонт</title>
</book>
<book>
	<filename>messori_vittorio/messori_vittorio_chernye_stranicy_istorii_cerkvi.fb2.zip</filename>
	<title>Мессори Витторио. Черные страницы истории Церкви</title>
</book>
<book>
	<filename>mesta_rebekka/mesta_rebekka_molodye_rycaridzhedai1_nasledniki_sily.fb2.zip</filename>
	<title>Места Ребекка. Молодые рыцари-джедаи-1: Наследники силы</title>
</book>
<book>
	<filename>mesta_rebekka/mesta_rebekka_molodye_rycaridzhedai3_poteryashki.fb2.zip</filename>
	<title>Места Ребекка. Молодые рыцари-джедаи-3: Потеряшки</title>
</book>
<book>
	<filename>meteleva_natalya/meteleva_natalya_dobrovolnaya_zhertva.fb2.zip</filename>
	<title>Метелева Наталья. Добровольная жертва</title>
</book>
<book>
	<filename>metelin_oleg/metelin_oleg_sung.fb2.zip</filename>
	<title>Метелин Олег. Сунг</title>
</book>
<book>
	<filename>metelin_oleg/metelin_oleg_vysoko_nad_urovnem_morya.fb2.zip</filename>
	<title>Метелин Олег. Высоко над уровнем моря</title>
</book>
<book>
	<filename>meterlink_moris/meterlink_moris_chudo_svyatogo_antoniya.fb2.zip</filename>
	<title>Метерлинк Морис. Чудо святого Антония</title>
</book>
<book>
	<filename>meterlink_moris/meterlink_moris_mudrost_i_sudba.fb2.zip</filename>
	<title>Метерлинк Морис. Мудрость и судьба</title>
</book>
<book>
	<filename>meterlink_moris/meterlink_moris_neproshennaya.fb2.zip</filename>
	<title>Метерлинк Морис. Непрошенная</title>
</book>
<book>
	<filename>meterlink_moris/meterlink_moris_obruchenie.fb2.zip</filename>
	<title>Метерлинк Морис. Обручение</title>
</book>
<book>
	<filename>meterlink_moris/meterlink_moris_sinyaya_ptica.fb2.zip</filename>
	<title>Метерлинк Морис. Синяя птица</title>
</book>
<book>
	<filename>meterlink_moris/meterlink_moris_slepye.fb2.zip</filename>
	<title>Метерлинк Морис. Слепые</title>
</book>
<book>
	<filename>meterlink_moris/meterlink_moris_smert_tentazhilya.fb2.zip</filename>
	<title>Метерлинк Морис. Смерть Тентажиля</title>
</book>
<book>
	<filename>meterlink_moris/meterlink_moris_tam_vnutri.fb2.zip</filename>
	<title>Метерлинк Морис. Там, внутри</title>
</book>
<book>
	<filename>meterlink_moris/meterlink_moris_zhizn_pchel.fb2.zip</filename>
	<title>Метерлинк Морис. Жизнь пчел</title>
</book>
<book>
	<filename>meterlink_moris/meterlink_moris_zhizn_termitov.fb2.zip</filename>
	<title>Метерлинк Морис. Жизнь термитов</title>
</book>
<book>
	<filename>metter_izrail/metter_izrail_damka.fb2.zip</filename>
	<title>Меттер Израиль Моисеевич. Дамка</title>
</book>
<book>
	<filename>metter_izrail/metter_izrail_muhtar.fb2.zip</filename>
	<title>Меттер Израиль Моисеевич. Мухтар</title>
</book>
<book>
	<filename>metter_izrail/metter_izrail_sobaki.fb2.zip</filename>
	<title>Меттер Израиль Моисеевич. Собаки</title>
</book>
<book>
	<filename>mettouz_dzhennifer/mettouz_dzhennifer_zapovednik_chuvstv.fb2.zip</filename>
	<title>Меттоуз Дженнифер. Заповедник чувств</title>
</book>
<book>
	<filename>mevil_chaina/mevil_chaina_krysinyi_korol.fb2.zip</filename>
	<title>Мьевиль Чайна. Крысиный король</title>
</book>
<book>
	<filename>mevil_chaina/mevil_chaina_vokzal_poteryannyh_snov.fb2.zip</filename>
	<title>Мьевиль Чайна. Вокзал потерянных снов</title>
</book>
<book>
	<filename>mevill_chaina/mevill_chaina_krysinyi_korol.fb2.zip</filename>
	<title>Мьевилль Чайна. Крысиный король</title>
</book>
<book>
	<filename>mevill_chaina/mevill_chaina_vokzal_poteryannyh_snov.fb2.zip</filename>
	<title>Мьевилль Чайна. Вокзал потерянных снов</title>
</book>
<book>
	<filename>mezencev_vladimir/mezencev_vladimir_obychnoe_v_neobychnom.fb2.zip</filename>
	<title>Мезенцев Владимир Андреевич. Обычное в необычном</title>
</book>
<book>
	<filename>mezhdunarodnaya_torgovaya_palata_/mezhdunarodnaya_torgovaya_palata__inkoterms_2000.fb2.zip</filename>
	<title>Международная торговая палата. Инкотермс 2000</title>
</book>
<book>
	<filename>mickevich_anatolii/mickevich_anatolii_200_svobody.fb2.zip</filename>
	<title>Мицкевич Анатолий Петрович. 200% свободы</title>
</book>
<book>
	<filename>mickevich_anatolii/mickevich_anatolii_belaya_vorona.fb2.zip</filename>
	<title>Мицкевич Анатолий Петрович. Белая ворона</title>
</book>
<book>
	<filename>mickevich_anatolii/mickevich_anatolii_chto_takoe_nauchnyi_poisk.fb2.zip</filename>
	<title>Мицкевич Анатолий Петрович. Что такое научный поиск</title>
</book>
<book>
	<filename>mickevich_anatolii/mickevich_anatolii_glinyanyi_bog.fb2.zip</filename>
	<title>Мицкевич Анатолий Петрович. Глиняный бог</title>
</book>
<book>
	<filename>mickevich_anatolii/mickevich_anatolii_kraby_idut_po_ostrovu.fb2.zip</filename>
	<title>Мицкевич Анатолий Петрович. Крабы идут по острову</title>
</book>
<book>
	<filename>mickevich_anatolii/mickevich_anatolii_podvig.fb2.zip</filename>
	<title>Мицкевич Анатолий Петрович. Подвиг</title>
</book>
<book>
	<filename>mickevich_anatolii/mickevich_anatolii_sbornik_rasskazov.fb2.zip</filename>
	<title>Мицкевич Анатолий Петрович. Сборник рассказов</title>
</book>
<book>
	<filename>mickevich_anatolii/mickevich_anatolii_suyema.fb2.zip</filename>
	<title>Мицкевич Анатолий Петрович. Суэма</title>
</book>
<book>
	<filename>mickevich_anatolii/mickevich_anatolii_uravneniya_maksvella.fb2.zip</filename>
	<title>Мицкевич Анатолий Петрович. Уравнения Максвелла</title>
</book>

</books>

