<?xml version="1.0" encoding="UTF-8" ?>
<books>
<book>
	<filename>micuharu_inouye/micuharu_inouye_sneg_i_letnii_zontik.fb2.zip</filename>
	<title>Мицухару Иноуэ. Снег и летний зонтик</title>
</book>
<book>
	<filename>mid_richel/mid_richel_padshii_angel.fb2.zip</filename>
	<title>Мид Ричел. Падший ангел</title>
</book>
<book>
	<filename>midsmit_yelizabet/midsmit_yelizabet_chudesnyi_zamok.fb2.zip</filename>
	<title>Мид-Смит Элизабет. Чудесный замок</title>
</book>
<book>
	<filename>midyanin_vasilii/midyanin_vasilii_globalnoe_televidenie.fb2.zip</filename>
	<title>Мидянин Василий. Глобальное Телевидение</title>
</book>
<book>
	<filename>mihailov_aleksandr/mihailov_aleksandr_baiki_s_lubyanki.fb2.zip</filename>
	<title>Михайлов Александр. Байки с Лубянки</title>
</book>
<book>
	<filename>mihailovich_korolkov/mihailovich_korolkov_partizan_lyonya_golikov.fb2.zip</filename>
	<title>Михайлович Корольков Юрий. Партизан Лёня Голиков</title>
</book>
<book>
	<filename>mihailov_oleg/mihailov_oleg_general_ermolov.fb2.zip</filename>
	<title>Михайлов Олег Николаевич. Генерал Ермолов</title>
</book>
<book>
	<filename>mihailov_oleg/mihailov_oleg_prokonsul_kavkaza_general_ermolov.fb2.zip</filename>
	<title>Михайлов Олег Николаевич. Проконсул Кавказа (Генерал Ермолов)</title>
</book>
<book>
	<filename>mihailov_sergei/mihailov_sergei_bresh_v_stene.fb2.zip</filename>
	<title>Михайлов Сергей. Брешь в стене</title>
</book>
<book>
	<filename>mihailov_sergei/mihailov_sergei_dalekie_ogni.fb2.zip</filename>
	<title>Михайлов Сергей. Далекие огни</title>
</book>
<book>
	<filename>mihailov_sergei/mihailov_sergei_inoe.fb2.zip</filename>
	<title>Михайлов Сергей. Иное</title>
</book>
<book>
	<filename>mihailov_sergei/mihailov_sergei_iskuplenie.fb2.zip</filename>
	<title>Михайлов Сергей. Искупление</title>
</book>
<book>
	<filename>mihailov_sergei/mihailov_sergei_krysy_na_peske.fb2.zip</filename>
	<title>Михайлов Сергей. Крысы на песке</title>
</book>
<book>
	<filename>mihailov_sergei/mihailov_sergei_no_ad_ne_vechen.fb2.zip</filename>
	<title>Михайлов Сергей. Но ад не вечен</title>
</book>
<book>
	<filename>mihailov_sergei/mihailov_sergei_oboroten.fb2.zip</filename>
	<title>Михайлов Сергей. Оборотень</title>
</book>
<book>
	<filename>mihailov_sergei/mihailov_sergei_ohotniki_za_mrakom.fb2.zip</filename>
	<title>Михайлов Сергей. Охотники за мраком</title>
</book>
<book>
	<filename>mihailov_sergei/mihailov_sergei_po_tu_storonu_zerkala.fb2.zip</filename>
	<title>Михайлов Сергей. По ту сторону зеркала</title>
</book>
<book>
	<filename>mihailov_sergei/mihailov_sergei_shestoe_chuvstvo_ili_taina_kutuzovskogo_yekstrasensa.fb2.zip</filename>
	<title>Михайлов Сергей. Шестое чувство, или Тайна Кутузовского экстрасенса</title>
</book>
<book>
	<filename>mihailov_sergei/mihailov_sergei_strela_arhata.fb2.zip</filename>
	<title>Михайлов Сергей. Стрела архата</title>
</book>
<book>
	<filename>mihailov_sergei/mihailov_sergei_taksiprizrak.fb2.zip</filename>
	<title>Михайлов Сергей. Такси-призрак</title>
</book>
<book>
	<filename>mihailov_sergei/mihailov_sergei_treshina.fb2.zip</filename>
	<title>Михайлов Сергей. Трещина</title>
</book>
<book>
	<filename>mihailov_sergei/mihailov_sergei_tumak_fortuny_ili_usluga_za_uslugu.fb2.zip</filename>
	<title>Михайлов Сергей. Тумак Фортуны или Услуга за услугу</title>
</book>
<book>
	<filename>mihailov_sergei/mihailov_sergei_tupik_ili_prazdnik_svyatogo_gabriyelya.fb2.zip</filename>
	<title>Михайлов Сергей. Тупик, или Праздник Святого Габриэля</title>
</book>
<book>
	<filename>mihailov_v/mihailov_v_akvarium_korm_i_pitanie_ryb.fb2.zip</filename>
	<title>Михайлов В. Аквариум: Корм и питание рыб</title>
</book>
<book>
	<filename>mihailov_viktor/mihailov_viktor_chernaya_brama.fb2.zip</filename>
	<title>Михайлов Виктор. Черная Брама</title>
</book>
<book>
	<filename>mihailov_vladimir/mihailov_vladimir_admiral_nad_polyanoi.fb2.zip</filename>
	<title>Михайлов Владимир. «Адмирал» над поляной</title>
</book>
<book>
	<filename>mihailov_vladimir/mihailov_vladimir_beglecy_iz_niotkuda.fb2.zip</filename>
	<title>Михайлов Владимир. Беглецы из ниоткуда</title>
</book>
<book>
	<filename>mihailov_vladimir/mihailov_vladimir_chernye_zhuravli.fb2.zip</filename>
	<title>Михайлов Владимир. Черные Журавли</title>
</book>
<book>
	<filename>mihailov_vladimir/mihailov_vladimir_den_vecher_noch_utro.fb2.zip</filename>
	<title>Михайлов Владимир. День, вечер, ночь, утро</title>
</book>
<book>
	<filename>mihailov_vladimir/mihailov_vladimir_glubokii_minus.fb2.zip</filename>
	<title>Михайлов Владимир. Глубокий минус</title>
</book>
<book>
	<filename>mihailov_vladimir/mihailov_vladimir_istok.fb2.zip</filename>
	<title>Михайлов Владимир. Исток</title>
</book>
<book>
	<filename>mihailov_vladimir/mihailov_vladimir_i_vsyacheskaya_sueta.fb2.zip</filename>
	<title>Михайлов Владимир. …И всяческая суета</title>
</book>
<book>
	<filename>mihailov_vladimir/mihailov_vladimir_kolco_urakary.fb2.zip</filename>
	<title>Михайлов Владимир Дмитриевич. Кольцо Уракары</title>
</book>
<book>
	<filename>mihailov_vladimir/mihailov_vladimir_lyudi_prizemelya.fb2.zip</filename>
	<title>Михайлов Владимир. Люди Приземелья</title>
</book>
<book>
	<filename>mihailov_vladimir/mihailov_vladimir_nasledniki_assarta.fb2.zip</filename>
	<title>Михайлов Владимир. Наследники Ассарта</title>
</book>
<book>
	<filename>mihailov_vladimir/mihailov_vladimir_ne_vozvrashaites_po_svoim_sledam.fb2.zip</filename>
	<title>Михайлов Владимир. Не возвращайтесь по своим следам</title>
</book>
<book>
	<filename>mihailov_vladimir/mihailov_vladimir_noch_chernogo_hrustalya.fb2.zip</filename>
	<title>Михайлов Владимир. Ночь черного хрусталя</title>
</book>
<book>
	<filename>mihailov_vladimir/mihailov_vladimir_noch_chernogo_hrustalya_otryvok_iz_povesti_ne_vklyuchennyi_v_publikaciyu.fb2.zip</filename>
	<title>Михайлов Владимир. Ночь черного хрусталя (отрывок из повести не включенный в публикацию)</title>
</book>
<book>
	<filename>mihailov_vladimir/mihailov_vladimir_odin_na_doroge.fb2.zip</filename>
	<title>Михайлов Владимир. Один на дороге</title>
</book>
<book>
	<filename>mihailov_vladimir/mihailov_vladimir_odisseya_valgusa_lyudi_i_korabli.fb2.zip</filename>
	<title>Михайлов Владимир. Одиссея Валгуса («Люди и корабли»)</title>
</book>
<book>
	<filename>mihailov_vladimir/mihailov_vladimir_osobaya_neobhodimost.fb2.zip</filename>
	<title>Михайлов Владимир. Особая необходимость</title>
</book>
<book>
	<filename>mihailov_vladimir/mihailov_vladimir_peshera_mnogonogov.fb2.zip</filename>
	<title>Михайлов Владимир. Пещера многоногов</title>
</book>
<book>
	<filename>mihailov_vladimir/mihailov_vladimir_pilot_yekstraklassa.fb2.zip</filename>
	<title>Михайлов Владимир. Пилот экстра-класса</title>
</book>
<book>
	<filename>mihailov_vladimir/mihailov_vladimir_polnaya_zapravka_na_issore.fb2.zip</filename>
	<title>Михайлов Владимир. Полная заправка на Иссоре</title>
</book>
<book>
	<filename>mihailov_vladimir/mihailov_vladimir_priglashenie_na_nochnuyu_ohotu.fb2.zip</filename>
	<title>Михайлов Владимир. Приглашение на ночную охоту</title>
</book>
<book>
	<filename>mihailov_vladimir/mihailov_vladimir_priyut_veteranov.fb2.zip</filename>
	<title>Михайлов Владимир. Приют ветеранов</title>
</book>
<book>
	<filename>mihailov_vladimir/mihailov_vladimir_put_nayugiry.fb2.zip</filename>
	<title>Михайлов Владимир. Путь наюгиры</title>
</book>
<book>
	<filename>mihailov_vladimir/mihailov_vladimir_ruchei_na_yapete.fb2.zip</filename>
	<title>Михайлов Владимир. Ручей на Япете</title>
</book>
<book>
	<filename>mihailov_vladimir/mihailov_vladimir_skuchnyi_razgovor_na_zare.fb2.zip</filename>
	<title>Михайлов Владимир. Скучный разговор на заре</title>
</book>
<book>
	<filename>mihailov_vladimir/mihailov_vladimir_sputnik_shag_vpered.fb2.zip</filename>
	<title>Михайлов Владимир. Спутник «Шаг вперед»</title>
</book>
<book>
	<filename>mihailov_vladimir/mihailov_vladimir_stebelek_i_dva_listka.fb2.zip</filename>
	<title>Михайлов Владимир. Стебелек и два листка</title>
</book>
<book>
	<filename>mihailov_vladimir/mihailov_vladimir_storozh_bratu_moemu.fb2.zip</filename>
	<title>Михайлов Владимир. Сторож брату моему</title>
</book>
<book>
	<filename>mihailov_vladimir/mihailov_vladimir_strannyi_chelovek_zemli.fb2.zip</filename>
	<title>Михайлов Владимир. Странный человек Земли</title>
</book>
<book>
	<filename>mihailov_vladimir/mihailov_vladimir_svistok_kotorogo_ne_slyshish.fb2.zip</filename>
	<title>Михайлов Владимир. Свисток, которого не слышишь</title>
</book>
<book>
	<filename>mihailov_vladimir/mihailov_vladimir_togda_pridite_i_rassudim.fb2.zip</filename>
	<title>Михайлов Владимир. Тогда придите, и рассудим</title>
</book>
<book>
	<filename>mihailov_vladimir/mihailov_vladimir_variant_i.fb2.zip</filename>
	<title>Михайлов Владимир. Вариант "И"</title>
</book>
<book>
	<filename>mihailov_vladimir/mihailov_vladimir_vlastelin.fb2.zip</filename>
	<title>Михайлов Владимир. Властелин</title>
</book>
<book>
	<filename>mihailov_vladimir/mihailov_vladimir_vostochnyi_konvoi.fb2.zip</filename>
	<title>Михайлов Владимир. Восточный конвой</title>
</book>
<book>
	<filename>mihailov_vladimir/mihailov_vladimir_vstrecha_na_yapete.fb2.zip</filename>
	<title>Михайлов Владимир. Встреча на Япете</title>
</book>
<book>
	<filename>mihailov_vladimir/mihailov_vladimir_zabludivshiisya_vo_sne.fb2.zip</filename>
	<title>Михайлов Владимир. Заблудившийся во сне</title>
</book>
<book>
	<filename>mihalchuk_vadim/mihalchuk_vadim_chernaya_pustosh.fb2.zip</filename>
	<title>Михальчук Вадим. Черная пустошь</title>
</book>
<book>
	<filename>mihalchuk_vadim/mihalchuk_vadim_gloriya.fb2.zip</filename>
	<title>Михальчук Вадим. Глория</title>
</book>
<book>
	<filename>mihalchuk_vadim/mihalchuk_vadim_lyudi_i_volki_chernaya_pustosh_2.fb2.zip</filename>
	<title>Михальчук Вадим. Люди и волки (Черная пустошь – 2)</title>
</book>
<book>
	<filename>mihaleva_anna/mihaleva_anna_liha_beda_nachalo.fb2.zip</filename>
	<title>Михалева Анна. Лиха беда начало</title>
</book>
<book>
	<filename>mihaleva_anna/mihaleva_anna_shkura_neubitogo_muzha.fb2.zip</filename>
	<title>Михалева Анна. Шкура неубитого мужа</title>
</book>
<book>
	<filename>mihalkov_sergei/mihalkov_sergei_son_s_prodolzheniem.fb2.zip</filename>
	<title>Михалков Сергей. Сон с продолжением</title>
</book>
<book>
	<filename>mihalskii_vaclav/mihalskii_vaclav_dlya_radosti_nuzhny_dvoe.fb2.zip</filename>
	<title>Михальский Вацлав Вацлавович. Для радости нужны двое</title>
</book>
<book>
	<filename>mihalskii_vaclav/mihalskii_vaclav_odinokomu_vezde_pustynya.fb2.zip</filename>
	<title>Михальский Вацлав Вацлавович. Одинокому везде пустыня</title>
</book>
<book>
	<filename>mihalskii_vaclav/mihalskii_vaclav_vesna_v_karfagene.fb2.zip</filename>
	<title>Михальский Вацлав Вацлавович. Весна в Карфагене</title>
</book>
<book>
	<filename>mihanovskii_vladimir/mihanovskii_vladimir_dvadcatyi_start.fb2.zip</filename>
	<title>Михановский Владимир. Двадцатый старт</title>
</book>
<book>
	<filename>mihanovskii_vladimir/mihanovskii_vladimir_gladiator.fb2.zip</filename>
	<title>Михановский Владимир. Гладиатор</title>
</book>
<book>
	<filename>mihanovskii_vladimir/mihanovskii_vladimir_gost.fb2.zip</filename>
	<title>Михановский Владимир. Гость</title>
</book>
<book>
	<filename>mihanovskii_vladimir/mihanovskii_vladimir_hobo.fb2.zip</filename>
	<title>Михановский Владимир. Хобо</title>
</book>
<book>
	<filename>mihanovskii_vladimir/mihanovskii_vladimir_koordinaty_bedstviya.fb2.zip</filename>
	<title>Михановский Владимир. Координаты бедствия</title>
</book>
<book>
	<filename>mihanovskii_vladimir/mihanovskii_vladimir_kosmos_dlya_nas.fb2.zip</filename>
	<title>Михановский Владимир. «Космос для нас»</title>
</book>
<book>
	<filename>mihanovskii_vladimir/mihanovskii_vladimir_krainee_sredstvo.fb2.zip</filename>
	<title>Михановский Владимир. Крайнее средство</title>
</book>
<book>
	<filename>mihanovskii_vladimir/mihanovskii_vladimir_oko_vselennoi.fb2.zip</filename>
	<title>Михановский Владимир. Око вселенной</title>
</book>
<book>
	<filename>mihanovskii_vladimir/mihanovskii_vladimir_pogonya.fb2.zip</filename>
	<title>Михановский Владимир. Погоня</title>
</book>
<book>
	<filename>mihanovskii_vladimir/mihanovskii_vladimir_poslednii_zheton.fb2.zip</filename>
	<title>Михановский Владимир. Последний Жетон</title>
</book>
<book>
	<filename>mihanovskii_vladimir/mihanovskii_vladimir_priklyucheniya_na_alardi.fb2.zip</filename>
	<title>Михановский Владимир. Приключения на Аларди</title>
</book>
<book>
	<filename>mihanovskii_vladimir/mihanovskii_vladimir_prozrenie.fb2.zip</filename>
	<title>Михановский Владимир. Прозрение</title>
</book>
<book>
	<filename>mihanovskii_vladimir/mihanovskii_vladimir_put_tairy_dolog.fb2.zip</filename>
	<title>Михановский Владимир. Путь «Таиры» долог</title>
</book>
<book>
	<filename>mihanovskii_vladimir/mihanovskii_vladimir_ryzhaya.fb2.zip</filename>
	<title>Михановский Владимир. Рыжая</title>
</book>
<book>
	<filename>mihanovskii_vladimir/mihanovskii_vladimir_svet_nad_taigoi.fb2.zip</filename>
	<title>Михановский Владимир. Свет над тайгой</title>
</book>
<book>
	<filename>mihanovskii_vladimir/mihanovskii_vladimir_taina_laboratorii_nizkih_temperatur.fb2.zip</filename>
	<title>Михановский Владимир. Тайна лаборатории низких температур</title>
</book>
<book>
	<filename>mihanovskii_vladimir/mihanovskii_vladimir_teni_korolevskoi_vpadiny.fb2.zip</filename>
	<title>Михановский Владимир. Тени Королевской впадины</title>
</book>
<book>
	<filename>mihanovskii_vladimir/mihanovskii_vladimir_usnuvshii_mir.fb2.zip</filename>
	<title>Михановский Владимир. Уснувший мир</title>
</book>
<book>
	<filename>mihanovskii_vladimir/mihanovskii_vladimir_v_dalekom_dreife.fb2.zip</filename>
	<title>Михановский Владимир. В далеком дрейфе</title>
</book>
<book>
	<filename>mihanovskii_vladimir/mihanovskii_vladimir_vremya_sgoraet_bez_ostatka.fb2.zip</filename>
	<title>Михановский Владимир. Время сгорает без остатка</title>
</book>
<book>
	<filename>mihanovskii_vladimir/mihanovskii_vladimir_yellor.fb2.zip</filename>
	<title>Михановский Владимир. Эллор</title>
</book>
<book>
	<filename>mihanovskii_vladimir/mihanovskii_vladimir_yestafeta.fb2.zip</filename>
	<title>Михановский Владимир Наумович. Эстафета</title>
</book>
<book>
	<filename>mihasenko_gennadii/mihasenko_gennadii_milyi_yep.fb2.zip</filename>
	<title>Михасенко Геннадий. Милый Эп</title>
</book>
<book>
	<filename>mihelson_dmitrii/mihelson_dmitrii_opasnye_morskie_zhivotnye.fb2.zip</filename>
	<title>Михельсон Дмитрий Аркадьевич. Опасные морские животные</title>
</book>
<book>
	<filename>mikryukov_mstislav/mikryukov_mstislav_s_ruzhem_na_glubinu_sportivnaya_podvodnaya_strelba.fb2.zip</filename>
	<title>Микрюков Мстислав Петрович. С ружьем на глубину. Спортивная подводная стрельба</title>
</book>
<book>
	<filename>mikson_ilya/mikson_ilya_saper.fb2.zip</filename>
	<title>Миксон Илья. Сапер</title>
</book>
<book>
	<filename>mikulin_aleksandr/mikulin_aleksandr_aktivnoe_dolgoletie_moya_sistema_borby_so_starostyu.fb2.zip</filename>
	<title>Микулин Александр Александрович. Активное долголетие (Моя система борьбы со старостью)</title>
</book>
<book>
	<filename>mikulov_oleg/mikulov_oleg_tropa_dlinoyu_v_zhizn.fb2.zip</filename>
	<title>Микулов Олег. Тропа длиною в жизнь</title>
</book>
<book>
	<filename>mikulov_oleg/mikulov_oleg_zakon_krovi.fb2.zip</filename>
	<title>Микулов Олег. Закон крови</title>
</book>
<book>
	<filename>milan_viktor/milan_viktor_chernyi_drakon.fb2.zip</filename>
	<title>Милан Виктор. Черный дракон</title>
</book>
<book>
	<filename>milan_viktor/milan_viktor_rukopashnyi_boi.fb2.zip</filename>
	<title>Милан Виктор. Рукопашный бой</title>
</book>
<book>
	<filename>milan_viktor/milan_viktor_serdca_haosa.fb2.zip</filename>
	<title>Милан Виктор. Сердца Хаоса</title>
</book>
<book>
	<filename>milan_viktor/milan_viktor_volki_na_granice.fb2.zip</filename>
	<title>Милан Виктор. Волки на границе</title>
</book>
<book>
	<filename>milbern_melani/milbern_melani_italyanskaya_yelegiya.fb2.zip</filename>
	<title>Милберн Мелани. Итальянская элегия</title>
</book>
<book>
	<filename>milbern_melani/milbern_melani_na_usloviyah_lyubvi.fb2.zip</filename>
	<title>Милберн Мелани. На условиях любви</title>
</book>
<book>
	<filename>milbern_melani/milbern_melani_ne_boisya_ty_so_mnoi.fb2.zip</filename>
	<title>Милберн Мелани. Не бойся, ты со мной</title>
</book>
<book>
	<filename>milbern_melani/milbern_melani_otomsti_mne_lyubovyu.fb2.zip</filename>
	<title>Милберн Мелани. Отомсти мне любовью</title>
</book>
<book>
	<filename>milbern_melani/milbern_melani_po_dolgu_lyubvi.fb2.zip</filename>
	<title>Милберн Мелани. По долгу любви</title>
</book>
<book>
	<filename>milbern_melani/milbern_melani_prelestnaya_smutyanka.fb2.zip</filename>
	<title>Милберн Мелани. Прелестная смутьянка</title>
</book>
<book>
	<filename>milbern_melani/milbern_melani_zamuzh_za_negodyaem.fb2.zip</filename>
	<title>Милберн Мелани. Замуж за негодяем</title>
</book>
<book>
	<filename>milenina_olga/milenina_olga_volnyi_strelok.fb2.zip</filename>
	<title>Миленина Ольга. Вольный стрелок</title>
</book>
<book>
	<filename>milevskaya_lyudmila/milevskaya_lyudmila_a_ya_lyublyu_voennyh.fb2.zip</filename>
	<title>Милевская Людмила. А я люблю военных…</title>
</book>
<book>
	<filename>milevskaya_lyudmila/milevskaya_lyudmila_cvetushii_biznes.fb2.zip</filename>
	<title>Милевская Людмила. Цветущий бизнес</title>
</book>
<book>
	<filename>milevskaya_lyudmila/milevskaya_lyudmila_fanera_nad_parizhem.fb2.zip</filename>
	<title>Милевская Людмила. Фанера над Парижем</title>
</book>
<book>
	<filename>milevskaya_lyudmila/milevskaya_lyudmila_kikimora_bolotnaya.fb2.zip</filename>
	<title>Милевская Людмила. Кикимора болотная</title>
</book>
<book>
	<filename>milevskaya_lyudmila/milevskaya_lyudmila_kto_hochet_spat_s_millionerom.fb2.zip</filename>
	<title>Милевская Людмила. Кто хочет спать с миллионером?</title>
</book>
<book>
	<filename>milevskaya_lyudmila/milevskaya_lyudmila_lyubovniki_chertovoi_babushki.fb2.zip</filename>
	<title>Милевская Людмила. Любовники чертовой бабушки</title>
</book>
<book>
	<filename>milevskaya_lyudmila/milevskaya_lyudmila_moya_svekrov_mymra.fb2.zip</filename>
	<title>Милевская Людмила. Моя свекровь — мымра!</title>
</book>
<book>
	<filename>milevskaya_lyudmila/milevskaya_lyudmila_muzhskoi_garem.fb2.zip</filename>
	<title>Милевская Людмила. Мужской гарем</title>
</book>
<book>
	<filename>milevskaya_lyudmila/milevskaya_lyudmila_pochem_funt_liha.fb2.zip</filename>
	<title>Милевская Людмила. Почем фунт лиха</title>
</book>
<book>
	<filename>milevskaya_lyudmila/milevskaya_lyudmila_prodaetsya_shkaf_s_lyubovnikom.fb2.zip</filename>
	<title>Милевская Людмила. Продается шкаф с любовником</title>
</book>
<book>
	<filename>milevskaya_lyudmila/milevskaya_lyudmila_pusti_kozla_v_ogorod.fb2.zip</filename>
	<title>Милевская Людмила. Пусти козла в огород</title>
</book>
<book>
	<filename>milevskaya_lyudmila/milevskaya_lyudmila_pyat_rasserzhennyh_muzhei.fb2.zip</filename>
	<title>Милевская Людмила Ивановна. Пять рассерженных мужей</title>
</book>
<book>
	<filename>milevskaya_lyudmila/milevskaya_lyudmila_pyat_rasserzhennyh_zhyon.fb2.zip</filename>
	<title>Милевская Людмила Ивановна. Пять рассерженных жён</title>
</book>
<book>
	<filename>milevskaya_lyudmila/milevskaya_lyudmila_u_zheny_pod_krovatyu.fb2.zip</filename>
	<title>Милевская Людмила. У жены под кроватью</title>
</book>
<book>
	<filename>milevskaya_lyudmila/milevskaya_lyudmila_veselaya_poganka.fb2.zip</filename>
	<title>Милевская Людмила. Веселая поганка</title>
</book>
<book>
	<filename>milevskaya_lyudmila/milevskaya_lyudmila_vid_transporta_muzhchina.fb2.zip</filename>
	<title>Милевская Людмила. Вид транспорта — мужчина</title>
</book>
<book>
	<filename>milevskaya_lyudmila/milevskaya_lyudmila_vystrel_v_chepchik.fb2.zip</filename>
	<title>Милевская Людмила. Выстрел в чепчик</title>
</book>
<book>
	<filename>milevskaya_lyudmila/milevskaya_lyudmila_zhenih_so_znakom_kachestva.fb2.zip</filename>
	<title>Милевская Людмила. Жених со знаком качества</title>
</book>
<book>
	<filename>milkova_elena/milkova_elena_ohota_na_skunsa.fb2.zip</filename>
	<title>Милкова Елена. Охота на скунса</title>
</book>
<book>
	<filename>milkova_elena/milkova_elena_tatuirovka.fb2.zip</filename>
	<title>Милкова Елена. Татуировка</title>
</book>
<book>
	<filename>milkova_elena/milkova_elena_vkus_krovi.fb2.zip</filename>
	<title>Милкова Елена. Вкус крови</title>
</book>
<book>
	<filename>millar_margaret/millar_margaret_kak_on_pohozh_na_angela.fb2.zip</filename>
	<title>Миллар Маргарет. Как он похож на ангела</title>
</book>
<book>
	<filename>millar_margaret/millar_margaret_steny_slushayut.fb2.zip</filename>
	<title>Миллар Маргарет. Стены слушают</title>
</book>
<book>
	<filename>millar_margaret/millar_margaret_v_tihom_omute.fb2.zip</filename>
	<title>Миллар Маргарет. В тихом омуте</title>
</book>
<book>
	<filename>millar_margaret/millar_margaret_zagnannyi_zver.fb2.zip</filename>
	<title>Миллар Маргарет. Загнанный зверь</title>
</book>
<book>
	<filename>millar_martin/millar_martin_dobrye_feechki_nyuijorka.fb2.zip</filename>
	<title>Миллар Мартин. Добрые феечки Нью-Йорка</title>
</book>
<book>
	<filename>millar_martin/millar_martin_moloko_sulfat_i_albigolodovka.fb2.zip</filename>
	<title>Миллар Мартин. Молоко, сульфат и Алби-Голодовка</title>
</book>
<book>
	<filename>miller_alis/miller_alis_drama_odarennogo_rebenka_i_poisk_sobstvennogo_ya.fb2.zip</filename>
	<title>Миллер Алис. Драма одаренного ребенка и поиск собственного Я</title>
</book>
<book>
	<filename>miller_artur/miller_artur_fokus.fb2.zip</filename>
	<title>Миллер Артур Ашер. Фокус</title>
</book>
<book>
	<filename>miller_artur/miller_artur_smert_kommivoyazhera.fb2.zip</filename>
	<title>Миллер Артур Ашер. Смерть коммивояжера</title>
</book>
<book>
	<filename>miller_don/miller_don_kommandos_formirovanie_podgotovka_vydayushiesya_operacii_specpodrazdelenii.fb2.zip</filename>
	<title>Миллер Дон. Коммандос. Формирование, подготовка, выдающиеся операции спецподразделений</title>
</book>
<book>
	<filename>miller_dzhon/miller_dzhon_poslednyaya_semya.fb2.zip</filename>
	<title>Миллер Джон Рэмси. Последняя семья</title>
</book>
<book>
	<filename>miller_genri/miller_genri_astrologicheskoe_frikase.fb2.zip</filename>
	<title>Миллер Генри. Астрологическое фрикасе</title>
</book>
<book>
	<filename>miller_genri/miller_genri_bigsur_i_apelsiny_ieronima_bosha.fb2.zip</filename>
	<title>Миллер Генри. Биг-Сур и Апельсины Иеронима Босха</title>
</book>
<book>
	<filename>miller_genri/miller_genri_chernaya_vesna.fb2.zip</filename>
	<title>Миллер Генри. Черная весна</title>
</book>
<book>
	<filename>miller_genri/miller_genri_dep_nyuheven.fb2.zip</filename>
	<title>Миллер Генри. Дьеп — Нью-Хевен</title>
</book>
<book>
	<filename>miller_genri/miller_genri_koloss_marussiiskii.fb2.zip</filename>
	<title>Миллер Генри. Колосс Маруссийский</title>
</book>
<book>
	<filename>miller_genri/miller_genri_mademuazel_klod.fb2.zip</filename>
	<title>Миллер Генри. Мадемуазель Клод</title>
</book>
<book>
	<filename>miller_genri/miller_genri_mara_iz_marinyana.fb2.zip</filename>
	<title>Миллер Генри. Мара из Мариньяна</title>
</book>
<book>
	<filename>miller_genri/miller_genri_mudrost_serdca.fb2.zip</filename>
	<title>Миллер Генри. Мудрость сердца</title>
</book>
<book>
	<filename>miller_genri/miller_genri_neksus.fb2.zip</filename>
	<title>Миллер Генри. Нексус</title>
</book>
<book>
	<filename>miller_genri/miller_genri_nyuijork_i_obratno.fb2.zip</filename>
	<title>Миллер Генри. Нью-Йорк и обратно</title>
</book>
<book>
	<filename>miller_genri/miller_genri_nyuiork_i_obratno.fb2.zip</filename>
	<title>Миллер Генри. Нью-Йорк и обратно</title>
</book>
<book>
	<filename>miller_genri/miller_genri_seksus.fb2.zip</filename>
	<title>Миллер Генри. Сексус</title>
</book>
<book>
	<filename>miller_genri/miller_genri_tihie_dni_v_klishi.fb2.zip</filename>
	<title>Миллер Генри. Тихие дни в Клиши</title>
</book>
<book>
	<filename>miller_genri/miller_genri_tropik_kozeroga.fb2.zip</filename>
	<title>Миллер Генри. Тропик Козерога</title>
</book>
<book>
	<filename>miller_genri/miller_genri_tropik_raka.fb2.zip</filename>
	<title>Миллер Генри. Тропик Рака</title>
</book>
<book>
	<filename>miller_genri/miller_genri_ulybka_u_podnozhiya_lestnicy.fb2.zip</filename>
	<title>Миллер Генри. Улыбка у подножия лестницы</title>
</book>
<book>
	<filename>miller_genri/miller_genri_vremya_ubiic.fb2.zip</filename>
	<title>Миллер Генри. Время убийц</title>
</book>
<book>
	<filename>miller_gustav/miller_gustav_sonnik_ili_tolkovanie_cnovidenii.fb2.zip</filename>
	<title>Миллер Густав Хиндман. Сонник, Или Толкование cновидений</title>
</book>
<book>
	<filename>miller_linda/miller_linda_flibuster.fb2.zip</filename>
	<title>Миллер Линда Лаел. Флибустьер</title>
</book>
<book>
	<filename>miller_linda/miller_linda_greshnyi_angel.fb2.zip</filename>
	<title>Миллер Линда Лейл. Грешный ангел</title>
</book>
<book>
	<filename>miller_linda/miller_linda_karolina_i_razboinik.fb2.zip</filename>
	<title>Миллер Линда Лаел. Каролина и разбойник</title>
</book>
<book>
	<filename>miller_linda/miller_linda_lili_i_maior.fb2.zip</filename>
	<title>Миллер Линда Лаел. Лили и майор</title>
</book>
<book>
	<filename>miller_linda/miller_linda_lyubov_na_plahe_nevesta.fb2.zip</filename>
	<title>Миллер Линда Лаел. Любовь на плахе (Невеста)</title>
</book>
<book>
	<filename>miller_linda/miller_linda_moi_razboinik.fb2.zip</filename>
	<title>Миллер Линда Лейл. Мой разбойник</title>
</book>
<book>
	<filename>miller_linda/miller_linda_ogon_luny.fb2.zip</filename>
	<title>Миллер Линда Лаел. Огонь луны</title>
</book>
<book>
	<filename>miller_linda/miller_linda_rycari.fb2.zip</filename>
	<title>Миллер Линда Лаел. Рыцари</title>
</book>
<book>
	<filename>miller_linda/miller_linda_son_v_letnii_den.fb2.zip</filename>
	<title>Миллер Линда Лейл. Сон в летний день</title>
</book>
<book>
	<filename>miller_linda/miller_linda_uillou.fb2.zip</filename>
	<title>Миллер Линда Лейл. Уиллоу</title>
</book>
<book>
	<filename>miller_linda/miller_linda_ukroshenie_sharlotty_garemnye_strasti.fb2.zip</filename>
	<title>Миллер Линда Лаел. Укрощение Шарлотты (Гаремные страсти)</title>
</book>
<book>
	<filename>miller_linda/miller_linda_yemma_i_neznakomec.fb2.zip</filename>
	<title>Миллер Линда Лаел. Эмма и незнакомец</title>
</book>
<book>
	<filename>miller_linda/miller_linda_zhenshiny_fletchera.fb2.zip</filename>
	<title>Миллер Линда Лейл. Женщины Флетчера</title>
</book>
<book>
	<filename>millermladshii_uolter/millermladshii_uolter_bolshoi_dzho_i_yennoe_pokolenie.fb2.zip</filename>
	<title>Миллер-младший Уолтер Майкл. Большой Джо и энное поколение</title>
</book>
<book>
	<filename>millermladshii_uolter/millermladshii_uolter_dartseller.fb2.zip</filename>
	<title>Миллер-младший Уолтер Майкл. Дартселлер</title>
</book>
<book>
	<filename>millermladshii_uolter/millermladshii_uolter_gimn_leibovichu.fb2.zip</filename>
	<title>Миллер-младший Уолтер Майкл. Гимн Лейбовичу</title>
</book>
<book>
	<filename>millermladshii_uolter/millermladshii_uolter_temnoe_blagoslovenie.fb2.zip</filename>
	<title>Миллер-младший Уолтер Майкл. Темное благословение</title>
</book>
<book>
	<filename>miller_nadin/miller_nadin_svatovstvo_po_oshibke.fb2.zip</filename>
	<title>Миллер Надин. Сватовство по ошибке</title>
</book>
<book>
	<filename>miller_reks/miller_reks_golos.fb2.zip</filename>
	<title>Миллер Рекс. Голос</title>
</book>
<book>
	<filename>miller_reks/miller_reks_gryaz.fb2.zip</filename>
	<title>Миллер Рекс. Грязь</title>
</book>
<book>
	<filename>miller_reks/miller_reks_morozhenshik.fb2.zip</filename>
	<title>Миллер Рекс. Мороженщик</title>
</book>
<book>
	<filename>miller_reks/miller_reks_ten_v_kamne.fb2.zip</filename>
	<title>Миллер Рекс. Тень в камне</title>
</book>
<book>
	<filename>miller_robin/miller_robin_kniga_atrusa.fb2.zip</filename>
	<title>Миллер Робин. Книга Атруса</title>
</book>
<book>
	<filename>miller_sasha/miller_sasha_rycar_ili_trus.fb2.zip</filename>
	<title>Миллер Саша. Рыцарь или трус</title>
</book>
<book>
	<filename>miller_sasha/miller_sasha_smert_ili_prestol_kniga_duba.fb2.zip</filename>
	<title>Миллер Саша. Смерть или престол (Книга Дуба)</title>
</book>
<book>
	<filename>miller_uolter/miller_uolter_gimn_leibovichu.fb2.zip</filename>
	<title>Миллер Уолтер Майкл. Гимн Лейбовичу</title>
</book>
<book>
	<filename>miller_uolter/miller_uolter_temnoe_blagoslovenie.fb2.zip</filename>
	<title>Миллер Уолтер Майкл. Темное благословение</title>
</book>
<book>
	<filename>miller_uyeid/miller_uyeid_kogda_nastupaet_polnoch.fb2.zip</filename>
	<title>Миллер Уэйд. Когда наступает полночь</title>
</book>
<book>
	<filename>miller_uyeid/miller_uyeid_trudnyi_put.fb2.zip</filename>
	<title>Миллер Уэйд. Трудный путь</title>
</book>
<book>
	<filename>miller_yerik/miller_yerik_prava_zhivotnyh_i_pornografiya.fb2.zip</filename>
	<title>Миллер Эрик Дж. Права животных и порнография</title>
</book>
<book>
	<filename>millhauzer_stiven/millhauzer_stiven_metatel_nozhei.fb2.zip</filename>
	<title>Миллхаузер Стивен. Метатель ножей</title>
</book>
<book>
	<filename>millington_mil/millington_mil_moya_podruga_vsegda_protiv.fb2.zip</filename>
	<title>Миллингтон Мил. Моя подруга всегда против</title>
</book>
<book>
	<filename>millmyen_dyen/millmyen_dyen_put_mirnogo_voina_kniga_kotoraya_menyaet_zhizn.fb2.zip</filename>
	<title>Миллмэн Дэн. Путь мирного воина. Книга, которая меняет жизнь</title>
</book>
<book>
	<filename>millner_denin/millner_denin_devushki_mechty.fb2.zip</filename>
	<title>Миллнер Денин. Девушки Мечты</title>
</book>
<book>
	<filename>mill_per/mill_per_svyataya_greshnica.fb2.zip</filename>
	<title>Милль Пьер. Святая грешница</title>
</book>
<book>
	<filename>mills_k/mills_k_kniga_brandera.fb2.zip</filename>
	<title>Миллс К. Дж. Книга Брандера</title>
</book>
<book>
	<filename>mills_k/mills_k_kniga_idzhila.fb2.zip</filename>
	<title>Миллс К. Дж. Книга Иджила</title>
</book>
<book>
	<filename>mills_k/mills_k_kniga_zhanny.fb2.zip</filename>
	<title>Миллс К. Дж. Книга Жанны</title>
</book>
<book>
	<filename>mills_k/mills_k_planeta_zimy.fb2.zip</filename>
	<title>Миллс К. Дж. Планета зимы</title>
</book>
<book>
	<filename>mills_k/mills_k_zimnii_mir.fb2.zip</filename>
	<title>Миллс К. Дж. Зимний мир</title>
</book>
<book>
	<filename>millz_anita/millz_anita_dikaya_roza.fb2.zip</filename>
	<title>Миллз Анита. Дикая роза</title>
</book>
<book>
	<filename>millz_anita/millz_anita_opasnaya_igra.fb2.zip</filename>
	<title>Миллз Анита. Опасная игра</title>
</book>
<book>
	<filename>millz_magnus/millz_magnus_shema_polnoi_zanyatosti.fb2.zip</filename>
	<title>Миллз Магнус. Схема полной занятости</title>
</book>
<book>
	<filename>millz_magnus/millz_magnus_zagon_skota.fb2.zip</filename>
	<title>Миллз Магнус. Загон Скота</title>
</book>
<book>
	<filename>miln_alan/miln_alan_dvoe.fb2.zip</filename>
	<title>Милн Алан Александр. Двое</title>
</book>
<book>
	<filename>miln_alan/miln_alan_kogdato_davnymdavno_skazka_dlya_vzroslyh.fb2.zip</filename>
	<title>Милн Алан Александр. Когда-то, давным-давно (сказка для взрослых)</title>
</book>
<book>
	<filename>miln_alan/miln_alan_obyknovennaya_skazka.fb2.zip</filename>
	<title>Милн Алан Александр. Обыкновенная сказка</title>
</book>
<book>
	<filename>miln_alan/miln_alan_princessanesmeyana.fb2.zip</filename>
	<title>Милн Алан Александр. Принцесса-Несмеяна</title>
</book>
<book>
	<filename>miln_alan/miln_alan_princ_krolik.fb2.zip</filename>
	<title>Милн Алан Александр. Принц кролик</title>
</book>
<book>
	<filename>miln_alan/miln_alan_romanticheskii_vozrast.fb2.zip</filename>
	<title>Милн Алан Александр. Романтический возраст</title>
</book>
<book>
	<filename>miln_alan/miln_alan_stolik_u_orkestra.fb2.zip</filename>
	<title>Милн Алан Александр. Столик у оркестра</title>
</book>
<book>
	<filename>miln_alan/miln_alan_vinnipuh.fb2.zip</filename>
	<title>Мілн Алан Александер. Вінні-Пух</title>
</book>
<book>
	<filename>miln_alan/miln_alan_vinnipuh_i_vsevsevse.fb2.zip</filename>
	<title>Милн Алан Александр. Винни-Пух и Все-Все-Все</title>
</book>
<book>
	<filename>miln_alan/miln_alan_vinnipuh_ta_iogo_druzi.fb2.zip</filename>
	<title>Милн Алан Александр. Вінні-Пух та його друзі</title>
</book>
<book>
	<filename>miln_alan/miln_alan_zolushka.fb2.zip</filename>
	<title>Милн Алан Александр. Золушка</title>
</book>
<book>
	<filename>milne_alan/milne_alan_the_house_at_pooh_corner.fb2.zip</filename>
	<title>Milne Alan Alexander. The house at Pooh Corner</title>
</book>
<book>
	<filename>milne_alan/milne_alan_winniethepooh_and_all_all_all.fb2.zip</filename>
	<title>Milne Alan Alexander. Winnie-The-Pooh and All, All, All</title>
</book>
<book>
	<filename>milovanoff_zhanper/milovanoff_zhanper_yazycheskii_altar.fb2.zip</filename>
	<title>Милованофф Жан-Пьер. Языческий алтарь</title>
</book>
<book>
	<filename>milovanov_maksim/milovanov_maksim_estestvennyi_otbor.fb2.zip</filename>
	<title>Милованов Максим. Естественный отбор</title>
</book>
<book>
	<filename>milovanov_maksim/milovanov_maksim_rynok_tsheslaviya.fb2.zip</filename>
	<title>Милованов Максим. Рынок тщеславия</title>
</book>
<book>
	<filename>milton_dzhon/milton_dzhon_paradise_lost.fb2.zip</filename>
	<title>Мильтон Джон. Paradise Lost</title>
</book>
<book>
	<filename>milton_dzhon/milton_dzhon_paradise_regained.fb2.zip</filename>
	<title>Мильтон Джон. Paradise Regained</title>
</book>
<book>
	<filename>milton_dzhon/milton_dzhon_poteryannyi_rai.fb2.zip</filename>
	<title>Мильтон Джон. Потерянный рай</title>
</book>
<book>
	<filename>milton_dzhon/milton_dzhon_vozvrashennyi_rai.fb2.zip</filename>
	<title>Мильтон Джон. Возвращенный рай</title>
</book>
<book>
	<filename>milton_john/milton_john_paradise_lost.fb2.zip</filename>
	<title>Milton John. Paradise Lost</title>
</book>
<book>
	<filename>milton_john/milton_john_paradise_regained.fb2.zip</filename>
	<title>Milton John. Paradise Regained</title>
</book>
<book>
	<filename>minaev_sergei/minaev_sergei_duhless_povest_o_nenastoyashem_cheloveke.fb2.zip</filename>
	<title>Минаев Сергей. Духless: Повесть о ненастоящем человеке</title>
</book>
<book>
	<filename>minaev_sergei/minaev_sergei_media_sapiens2_dnevnik_informacionnogo_terrorista.fb2.zip</filename>
	<title>Минаев Сергей. Media Sapiens-2. Дневник информационного террориста</title>
</book>
<book>
	<filename>minaev_sergei/minaev_sergei_media_sapiens_povest_o_tretem_sroke.fb2.zip</filename>
	<title>Минаев Сергей. Media Sapiens. Повесть о третьем сроке</title>
</book>
<book>
	<filename>minakami_cutomu/minakami_cutomu_snezhnaya_doroga.fb2.zip</filename>
	<title>Минаками Цутому. Снежная дорога</title>
</book>
<book>
	<filename>minakov_igor/minakov_igor_mozhno_ya_poprobuyu_eshe_raz.fb2.zip</filename>
	<title>Минаков Игорь. Можно, я попробую еще раз?!</title>
</book>
<book>
	<filename>min_anchi/min_anchi_dikii_imbir.fb2.zip</filename>
	<title>Мин Анчи. Дикий Имбирь</title>
</book>
<book>
	<filename>minchin_aleksandr/minchin_aleksandr_fakultet_patologii.fb2.zip</filename>
	<title>Минчин Александр. Факультет патологии</title>
</book>
<book>
	<filename>mingote_antonio/mingote_antonio_nikolas.fb2.zip</filename>
	<title>Минготе Антонио. Николас</title>
</book>
<book>
	<filename>minich_lyudmila/minich_lyudmila_krov_niori.fb2.zip</filename>
	<title>Минич Людмила. Кровь ниори</title>
</book>
<book>
	<filename>minin_r/minin_r_strelba_iz_pistoleta.fb2.zip</filename>
	<title>Минин Р. А. Стрельба из пистолета</title>
</book>
<book>
	<filename>minkov_svetoslav/minkov_svetoslav_dama_s_rengentovskimi_glazami.fb2.zip</filename>
	<title>Минков Светослав. Дама с ренгентовскими глазами</title>
</book>
<book>
	<filename>minkov_svetoslav/minkov_svetoslav_posylka_iz_ameriki.fb2.zip</filename>
	<title>Минков Светослав. Посылка из Америки</title>
</book>
<book>
	<filename>minkov_svetoslav/minkov_svetoslav_vodorodnyi_gospodin_i_kislorodnaya_baryshnya.fb2.zip</filename>
	<title>Минков Светослав. Водородный господин и кислородная барышня</title>
</book>
<book>
	<filename>minutko_igor/minutko_igor_iskushenie_uchitelya_versiya_zhizni_i_smerti_nikolaya_reriha.fb2.zip</filename>
	<title>Минутко Игорь. Искушение учителя. Версия жизни и смерти Николая Рериха</title>
</book>

</books>

