<?xml version="1.0" encoding="UTF-8" ?>
<books>

<book>
	<filename>oba_minako/oba_minako_tri_kraba.fb2.zip</filename>
	<title>Оба Минако. Три краба</title>
</book>
<book>
	<filename>obedin_vitalii/obedin_vitalii_slotery_igra_pokrana.fb2.zip</filename>
	<title>Обедин Виталий. Слотеры: Игра Покрана</title>
</book>
<book>
	<filename>obedkov_andrei/obedkov_andrei_baiki.fb2.zip</filename>
	<title>Объедков Андрей. Байки</title>
</book>
<book>
	<filename>obedkov_andrei/obedkov_andrei_miliceiskie_baiki.fb2.zip</filename>
	<title>Объедков Андрей. Милицейские байки</title>
</book>
<book>
	<filename>ober_brizhit/ober_brizhit_chetyre_syna_doktora_marcha.fb2.zip</filename>
	<title>Обер Брижит. Четыре сына доктора Марча</title>
</book>
<book>
	<filename>ober_brizhit/ober_brizhit_karibskii_rekviem.fb2.zip</filename>
	<title>Обер Брижит. Карибский реквием</title>
</book>
<book>
	<filename>ober_brizhit/ober_brizhit_kutyure_smerti.fb2.zip</filename>
	<title>Обер Брижит. Кутюрье смерти</title>
</book>
<book>
	<filename>ober_brizhit/ober_brizhit_lesnaya_smert.fb2.zip</filename>
	<title>Обер Брижит. Лесная смерть</title>
</book>
<book>
	<filename>ober_brizhit/ober_brizhit_masterskaya_smerti.fb2.zip</filename>
	<title>Обер Брижит. Мастерская смерти</title>
</book>
<book>
	<filename>ober_brizhit/ober_brizhit_mrak_nad_dzheksonvillem.fb2.zip</filename>
	<title>Обер Брижит. Мрак над Джексонвиллем</title>
</book>
<book>
	<filename>ober_brizhit/ober_brizhit_pesn_peskov.fb2.zip</filename>
	<title>Обер Брижит. Песнь песков</title>
</book>
<book>
	<filename>ober_brizhit/ober_brizhit_potroshitel.fb2.zip</filename>
	<title>Обер Брижит. Потрошитель</title>
</book>
<book>
	<filename>ober_brizhit/ober_brizhit_snezhnaya_smert.fb2.zip</filename>
	<title>Обер Брижит. Снежная смерть</title>
</book>
<book>
	<filename>ober_brizhit/ober_brizhit_ukus_mraka.fb2.zip</filename>
	<title>Обер Брижит. Укус мрака</title>
</book>
<book>
	<filename>ober_brizhit/ober_brizhit_zheleznaya_roza.fb2.zip</filename>
	<title>Обер Брижит. Железная роза</title>
</book>
<book>
	<filename>oberlender_g/oberlender_g_dressirovka_i_nataska_ohotnichih_sobak.fb2.zip</filename>
	<title>Оберлендер Г. Дрессировка и натаска охотничьих собак</title>
</book>
<book>
	<filename>oblomov_sergei/oblomov_sergei_mednyi_kuvshin_starika_hottabycha.fb2.zip</filename>
	<title>Обломов Сергей. Медный кувшин старика Хоттабыча</title>
</book>
<book>
	<filename>obraian_patrik/obraian_patrik_kapitan_pervogo_ranga.fb2.zip</filename>
	<title>О`Брайан Патрик. Капитан первого ранга</title>
</book>
<book>
	<filename>obraian_patrik/obraian_patrik_komandir_i_shturman.fb2.zip</filename>
	<title>О`Брайан Патрик. Командир и штурман</title>
</book>
<book>
	<filename>obraian_patrik/obraian_patrik_na_krayu_zemli.fb2.zip</filename>
	<title>О`Брайан Патрик. На краю земли</title>
</book>
<book>
	<filename>obraien_barbara/obraien_barbara_neobyknovennoe_puteshestvie_v_bezumie_i_obratno_operatory_i_veshi.fb2.zip</filename>
	<title>О`Брайен Барбара. Необыкновенное путешествие в безумие и обратно: операторы и вещи</title>
</book>
<book>
	<filename>obraien_dzhudit/obraien_dzhudit_alaya_roza_tyudorov.fb2.zip</filename>
	<title>О`Брайен Джудит. Алая роза Тюдоров</title>
</book>
<book>
	<filename>obraien_dzhudit/obraien_dzhudit_pyat_zolotyh_kolec.fb2.zip</filename>
	<title>О`Брайен Джудит. Пять золотых колец</title>
</book>
<book>
	<filename>obraien_dzhudit/obraien_dzhudit_tvoi_nezhnyi_vzglyad.fb2.zip</filename>
	<title>О`Брайен Джудит. Твой нежный взгляд</title>
</book>
<book>
	<filename>obraien_dzhudit/obraien_dzhudit_v_tesnoi_komnate.fb2.zip</filename>
	<title>О`Брайен Джудит. В тесной комнате</title>
</book>
<book>
	<filename>obraien_dzhudit/obraien_dzhudit_vyiti_zamuzh_za_lorda.fb2.zip</filename>
	<title>О`Брайен Джудит. Выйти замуж за лорда</title>
</book>
<book>
	<filename>obraien_flyenn/obraien_flyenn_a_gde_zhe_tretii_tretii_policeiskii.fb2.zip</filename>
	<title>О`Брайен Флэнн. А где же третий? (Третий полицейский)</title>
</book>
<book>
	<filename>obraien_flyenn/obraien_flyenn_o_vodoplavayushih.fb2.zip</filename>
	<title>О`Брайен Флэнн. О водоплавающих</title>
</book>
<book>
	<filename>obraien_flyenn/obraien_flyenn_trudnaya_zhizn.fb2.zip</filename>
	<title>О`Брайен Флэнн. Трудная жизнь</title>
</book>
<book>
	<filename>obraien_ketlin/obraien_ketlin_tihaya_melodiya.fb2.zip</filename>
	<title>О'Брайен Кетлин. Тихая мелодия</title>
</book>
<book>
	<filename>obraien_linda/obraien_linda_opasnyi_soblaznitel.fb2.zip</filename>
	<title>О`Брайен Линда. Опасный соблазнитель</title>
</book>
<book>
	<filename>obraien_tim/obraien_tim_na_lesnom_ozere.fb2.zip</filename>
	<title>О`Брайен Тим. На Лесном озере</title>
</book>
<book>
	<filename>obraien_yedna/obraien_yedna_derevenskie_devchonki.fb2.zip</filename>
	<title>О`Брайен Эдна. Деревенские девчонки</title>
</book>
<book>
	<filename>obraien_yedna/obraien_yedna_devushka_s_zelenymi_glazami.fb2.zip</filename>
	<title>О`Брайен Эдна. Девушка с зелеными глазами</title>
</book>
<book>
	<filename>obrazcova_nataliya/obrazcova_nataliya_zamok_tain.fb2.zip</filename>
	<title>Образцова Наталия. Замок тайн</title>
</book>
<book>
	<filename>obrazcov_petr/obrazcov_petr_antimuldashev.fb2.zip</filename>
	<title>Образцов Петр. АнтиМулдашев</title>
</book>
<book>
	<filename>obrazcov_viktor/obrazcov_viktor_kriminalisticheskaya_psihologiya.fb2.zip</filename>
	<title>Образцов Виктор Александрович. Криминалистическая психология</title>
</book>
<book>
	<filename>obrezkov_yurii/obrezkov_yurii_fokusy_s_igralnymi_kartami.fb2.zip</filename>
	<title>Обрезков Юрий. Фокусы с игральными картами</title>
</book>
<book>
	<filename>obruchev_sergei/obruchev_sergei_v_neizvedannye_kraya.fb2.zip</filename>
	<title>Обручев Сергей Владимирович. В неизведанные края</title>
</book>
<book>
	<filename>obruchev_vladimir/obruchev_vladimir_plutoniya.fb2.zip</filename>
	<title>Обручев Владимир Афанасьевич. Плутония</title>
</book>
<book>
	<filename>obruchev_vladimir/obruchev_vladimir_zemlya_sannikova.fb2.zip</filename>
	<title>Обручев Владимир Афанасьевич. Земля Санникова</title>
</book>
<book>
	<filename>obuhova_oksana/obuhova_oksana_ochki_dlya_blizosti.fb2.zip</filename>
	<title>Обухова Оксана. Очки для близости</title>
</book>
<book>
	<filename>obyenon_konstans/obyenon_konstans_nevesta_vraga.fb2.zip</filename>
	<title>О`Бэньон Констанс. Невеста врага</title>
</book>
<book>
	<filename>obyenon_konstans/obyenon_konstans_obeshanie_yekstaza.fb2.zip</filename>
	<title>О`Бэньон Констанс. Обещание экстаза</title>
</book>
<book>
	<filename>obyenon_konstans/obyenon_konstans_obvenchannye_dvazhdy.fb2.zip</filename>
	<title>О`Бэньон Констанс. Обвенчанные дважды</title>
</book>
<book>
	<filename>obyenon_konstans/obyenon_konstans_pirat_i_rusalka.fb2.zip</filename>
	<title>О`Бэньон Констанс. Пират и русалка</title>
</book>
<book>
	<filename>obyenon_konstans/obyenon_konstans_plamennaya.fb2.zip</filename>
	<title>О`Бэньон Констанс. Пламенная</title>
</book>
<book>
	<filename>obyenon_konstans/obyenon_konstans_plash_i_mantilya.fb2.zip</filename>
	<title>О`Бэньон Констанс. Плащ и мантилья</title>
</book>
<book>
	<filename>obyenon_konstans/obyenon_konstans_rycar_zolotogo_sokola.fb2.zip</filename>
	<title>О`Бэньон Констанс. Рыцарь Золотого Сокола</title>
</book>
<book>
	<filename>obyenon_konstans/obyenon_konstans_sentyabrskaya_luna.fb2.zip</filename>
	<title>О`Бэньон Констанс. Сентябрьская луна</title>
</book>
<book>
	<filename>obyenon_konstans/obyenon_konstans_sineglazaya_princessa.fb2.zip</filename>
	<title>О`Бэньон Констанс. Синеглазая принцесса</title>
</book>
<book>
	<filename>obyenon_konstans/obyenon_konstans_solovinaya_noch.fb2.zip</filename>
	<title>О`Бэньон Констанс. Соловьиная ночь</title>
</book>
<book>
	<filename>obyenon_konstans/obyenon_konstans_vladyka_nila.fb2.zip</filename>
	<title>О`Бэньон Констанс. Владыка Нила</title>
</book>
<book>
	<filename>obyenon_konstans/obyenon_konstans_ya_stanu_tvoei.fb2.zip</filename>
	<title>О`Бэньон Констанс. Я стану твоей</title>
</book>
<book>
	<filename>odell_tara/odell_tara_prekrasnaya_saksonka.fb2.zip</filename>
	<title>О`Делл Тара. Прекрасная саксонка</title>
</book>
<book>
	<filename>oden_mishel/oden_mishel_kesarevo_sechenie_bezopasnyi_vyhod_ili_ugroza_budushemu.fb2.zip</filename>
	<title>Оден Мишель. КЕСАРЕВО СЕЧЕНИЕ: Безопасный выход или угроза будущему?</title>
</book>
<book>
	<filename>odli_anselm/odli_anselm_eretiki_akvasilvy.fb2.zip</filename>
	<title>Одли Ансельм. Еретики Аквасильвы</title>
</book>
<book>
	<filename>odli_anselm/odli_anselm_inkviziciya.fb2.zip</filename>
	<title>Одли Ансельм. Инквизиция</title>
</book>
<book>
	<filename>odoevceva_irina/odoevceva_irina_na_beregah_nevy.fb2.zip</filename>
	<title>Одоевцева Ирина Владимировна. На берегах Невы</title>
</book>
<book>
	<filename>odoevceva_irina/odoevceva_irina_na_beregah_seny_fragmenty.fb2.zip</filename>
	<title>Одоевцева Ирина. На берегах Сены. Фрагменты</title>
</book>
<book>
	<filename>odoevceva_irina/odoevceva_irina_stihi_izbrannoe.fb2.zip</filename>
	<title>Одоевцева Ирина. Стихи. Избранное</title>
</book>
<book>
	<filename>odoevskii_vladimir/odoevskii_vladimir_gorodok_v_tabakerke.fb2.zip</filename>
	<title>Одоевский Владимир Федорович. Городок в табакерке</title>
</book>
<book>
	<filename>odom_myel/odom_myel_brodyaga.fb2.zip</filename>
	<title>Одом Мэл. Бродяга</title>
</book>
<book>
	<filename>odom_myel/odom_myel_chernaya_doroga.fb2.zip</filename>
	<title>Одом Мэл. Черная Дорога</title>
</book>
<book>
	<filename>odom_myel/odom_myel_granica_smerti.fb2.zip</filename>
	<title>Одом Мэл. Граница смерти</title>
</book>
<book>
	<filename>odom_myel/odom_myel_povelitel_knig.fb2.zip</filename>
	<title>Одом Мэл. Повелитель книг</title>
</book>
<book>
	<filename>odom_myel/odom_myel_vlastelin_vremeni.fb2.zip</filename>
	<title>Одом Мэл. Властелин Времени</title>
</book>
<book>
	<filename>odonnel_lorel/odonnel_lorel_ledi_i_sokolnichii.fb2.zip</filename>
	<title>О'Доннел Лорел. Леди и сокольничий</title>
</book>
<book>
	<filename>odonnel_piter/odonnel_piter_berlinskii_tryuk.fb2.zip</filename>
	<title>О`Доннел Питер. Берлинский трюк</title>
</book>
<book>
	<filename>odonnel_piter/odonnel_piter_edinorog.fb2.zip</filename>
	<title>О`Доннел Питер. Единорог</title>
</book>
<book>
	<filename>odonnel_piter/odonnel_piter_modesti_bleiz.fb2.zip</filename>
	<title>О`Доннел Питер. Модести Блейз</title>
</book>
<book>
	<filename>odonnel_piter/odonnel_piter_nedostupnaya_devstvennica.fb2.zip</filename>
	<title>О`Доннел Питер. Недоступная девственница</title>
</book>
<book>
	<filename>odonnel_piter/odonnel_piter_serebryanaya_voitelnica.fb2.zip</filename>
	<title>О`Доннел Питер. Серебряная воительница</title>
</book>
<book>
	<filename>odonnel_piter/odonnel_piter_spasenie_princessy.fb2.zip</filename>
	<title>О`Доннел Питер. Спасение Принцессы</title>
</book>
<book>
	<filename>odonnel_piter/odonnel_piter_umeret_ne_segodnya.fb2.zip</filename>
	<title>О`Доннел Питер. Умереть не сегодня</title>
</book>
<book>
	<filename>odonnel_piter/odonnel_piter_vkus_k_smerti.fb2.zip</filename>
	<title>О`Доннел Питер. Вкус к смерти</title>
</book>
<book>
	<filename>odonnel_piter/odonnel_piter_ya_lyucifer.fb2.zip</filename>
	<title>О`Доннел Питер. Я — Люцифер</title>
</book>
<book>
	<filename>odonohyu_nik/odonohyu_nik_iscelenie_perekrestka.fb2.zip</filename>
	<title>О`Донохью Ник. Исцеление Перекрестка</title>
</book>
<book>
	<filename>odonohyu_nik/odonohyu_nik_pod_znakom_isceleniya.fb2.zip</filename>
	<title>О`Донохью Ник. Под Знаком Исцеления</title>
</book>
<book>
	<filename>odonohyu_nik/odonohyu_nik_veterinar_dlya_edinoroga.fb2.zip</filename>
	<title>О`Донохью Ник. Ветеринар для единорога</title>
</book>
<book>
	<filename>odonohyu_nik/odonohyu_nik_veterinar_dlya_perekrestka.fb2.zip</filename>
	<title>О`Донохью Ник. Ветеринар для Перекрестка</title>
</book>
<book>
	<filename>odo_syuzen/odo_syuzen_takie_kak_est.fb2.zip</filename>
	<title>Одо Сьюзен. Такие, как есть</title>
</book>
<book>
	<filename>odvaier_maikl/odvaier_maikl_utopaya_v_bespredelnom_depressnyake.fb2.zip</filename>
	<title>О'Двайер Майкл. Утопая в беспредельном депрессняке</title>
</book>
<book>
	<filename>odzava_kiyosi/odzava_kiyosi_oblomki.fb2.zip</filename>
	<title>Одзава Киёси. Обломки</title>
</book>
<book>
	<filename>ofarrel_dzhon/ofarrel_dzhon_luchshe_dlya_muzhchiny_net.fb2.zip</filename>
	<title>О`Фаррел Джон. Лучше для мужчины нет</title>
</book>
<book>
	<filename>ofarrell_dzhon/ofarrell_dzhon_luchshe_dlya_muzhchiny_net.fb2.zip</filename>
	<title>О`Фаррелл Джон. Лучше для мужчины нет</title>
</book>
<book>
	<filename>offman_petr/offman_petr_kupol_na_kelme.fb2.zip</filename>
	<title>Оффман Петр Евгеньевич. Купол на Кельме</title>
</book>
<book>
	<filename>offut_yendryu/offut_yendryu_mech_skelosa.fb2.zip</filename>
	<title>Оффут Эндрю. Меч Скелоса</title>
</book>
<book>
	<filename>oflanagan_sheila/oflanagan_sheila_on_dolzhen_uiti.fb2.zip</filename>
	<title>О'Фланаган Шейла. Он должен уйти!</title>
</book>
<book>
	<filename>oflanagan_sheila/oflanagan_sheila_slishkom_horosho_chtoby_byt_pravdoi.fb2.zip</filename>
	<title>О'Фланаган Шейла. Слишком хорошо, чтобы быть правдой</title>
</book>
<book>
	<filename>oflanagan_sheila/oflanagan_sheila_zamuzhestvo_izabel.fb2.zip</filename>
	<title>О'Фланаган Шейла. Замужество Изабель</title>
</book>
<book>
	<filename>ogest_yelizabet/ogest_yelizabet_lyublyu_vsem_serdcem.fb2.zip</filename>
	<title>Огест Элизабет. Люблю всем сердцем</title>
</book>
<book>
	<filename>ogest_yelizabet/ogest_yelizabet_monetka_na_schaste.fb2.zip</filename>
	<title>Огест Элизабет. Монетка на счастье</title>
</book>
<book>
	<filename>ogest_yelizabet/ogest_yelizabet_po_veleniyu_sudby.fb2.zip</filename>
	<title>Огест Элизабет. По велению судьбы</title>
</book>
<book>
	<filename>oglvi_yelizabet/oglvi_yelizabet_vnezapnaya_strast.fb2.zip</filename>
	<title>Оглви Элизабет. Внезапная страсть</title>
</book>
<book>
	<filename>ognev_aleksandr/ognev_aleksandr_krasnym_po_chernomu.fb2.zip</filename>
	<title>Огнев Александр. Красным по черному</title>
</book>
<book>
	<filename>ognev_maksim/ognev_maksim_poi_menestrel.fb2.zip</filename>
	<title>Огнев Максим. Пой, Менестрель!</title>
</book>
<book>
	<filename>ogreidi_lesli/ogreidi_lesli_muzyka_strasti.fb2.zip</filename>
	<title>О`Грейди Лесли. Музыка страсти</title>
</book>
<book>
	<filename>ogreidi_lesli/ogreidi_lesli_sapfir_i_shelk.fb2.zip</filename>
	<title>О`Грейди Лесли. Сапфир и шелк</title>
</book>
<book>
	<filename>ohara_dzhon/ohara_dzhon_delo_lokvudov.fb2.zip</filename>
	<title>О`Хара Джон. Дело Локвудов</title>
</book>
<book>
	<filename>ohara_dzhon/ohara_dzhon_svidanie_v_samarre.fb2.zip</filename>
	<title>О`Хара Джон. Свидание в Самарре</title>
</book>
<book>
	<filename>ohlobystin_ivan/ohlobystin_ivan_daun_haus.fb2.zip</filename>
	<title>Охлобыстин Иван Иванович. Даун Хаус</title>
</book>
<book>
	<filename>ohlobystin_ivan/ohlobystin_ivan_dmb.fb2.zip</filename>
	<title>Охлобыстин Иван Иванович. ДМБ</title>
</book>
<book>
	<filename>ohotnikov_sergei/ohotnikov_sergei_specialist.fb2.zip</filename>
	<title>Охотников Сергей. Специалист</title>
</book>
<book>
	<filename>oikava_kadzuo/oikava_kadzuo_prazdnichnye_kukly.fb2.zip</filename>
	<title>Оикава Кадзуо. Праздничные куклы</title>
</book>
<book>
	<filename>okas_dzhon/okas_dzhon_ispoved_kurtizanki.fb2.zip</filename>
	<title>Окас Джон. Исповедь куртизанки</title>
</book>
<book>
	<filename>okli_natasha/okli_natasha_vostochnaya_skazka.fb2.zip</filename>
	<title>Окли Наташа. Восточная сказка</title>
</book>
<book>
	<filename>okonnor_dzhozef/okonnor_dzhozef_nlp_i_lichnye_otnosheniya_prostye_strategii_dlya_uluchsheniya_otnoshenii.fb2.zip</filename>
	<title>О`Коннор Джозеф. НЛП и личные отношения. Простые стратегии для улучшения отношений.</title>
</book>
<book>
	<filename>okri_ben/okri_ben_golodnaya_doroga.fb2.zip</filename>
	<title>Окри Бен. Голодная дорога</title>
</book>
<book>
	<filename>okudzhava_bulat/okudzhava_bulat_avtobiograficheskie_anekdoty.fb2.zip</filename>
	<title>Окуджава Булат Шалвович. Автобиографические анекдоты</title>
</book>
<book>
	<filename>okudzhava_bulat/okudzhava_bulat_izbrannye_stihi.fb2.zip</filename>
	<title>Окуджава Булат Шалвович. Избранные стихи</title>
</book>
<book>
	<filename>okudzhava_bulat/okudzhava_bulat_prelestnye_priklyucheniya.fb2.zip</filename>
	<title>Окуджава Булат Шалвович. Прелестные приключения</title>
</book>
<book>
	<filename>okudzhava_bulat/okudzhava_bulat_puteshestvie_diletantov.fb2.zip</filename>
	<title>Окуджава Булат Шалвович. Путешествие дилетантов</title>
</book>
<book>
	<filename>okudzhava_bulat/okudzhava_bulat_stihotvoreniya.fb2.zip</filename>
	<title>Окуджава Булат Шалвович. Стихотворения</title>
</book>
<book>
	<filename>okudzhava_bulat/okudzhava_bulat_svidanie_s_bonapartom.fb2.zip</filename>
	<title>Окуджава Булат Шалвович. Свидание с Бонапартом</title>
</book>
<book>
	<filename>okumura_tyecuyuki/okumura_tyecuyuki_pavshie_vzyvayut.fb2.zip</filename>
	<title>Окумура Тэцуюки. Павшие взывают</title>
</book>
<book>
	<filename>olbi_airis/olbi_airis_nit_sudby.fb2.zip</filename>
	<title>Олби Айрис. Нить судьбы</title>
</book>
<book>
	<filename>olbik_aleksandr/olbik_aleksandr_dikie_pchely_na_solnechnom_beregu.fb2.zip</filename>
	<title>Ольбик Александр Степанович. Дикие пчелы на солнечном берегу</title>
</book>
<book>
	<filename>olbik_aleksandr/olbik_aleksandr_dublet_iz_kollekcii_bonvivana.fb2.zip</filename>
	<title>Ольбик Александр Степанович. Дублет из коллекции Бонвивана</title>
</book>
<book>
	<filename>olbik_aleksandr/olbik_aleksandr_guttaperchevaya_lyubov.fb2.zip</filename>
	<title>Ольбик Александр Степанович. Гуттаперчевая любовь</title>
</book>
<book>
	<filename>olbik_aleksandr/olbik_aleksandr_odnokratka.fb2.zip</filename>
	<title>Ольбик Александр Степанович. Однократка</title>
</book>
<book>
	<filename>olbik_aleksandr/olbik_aleksandr_padenie_chernogo_bereta.fb2.zip</filename>
	<title>Ольбик Александр Степанович. Падение «черного берета»</title>
</book>
<book>
	<filename>olbik_aleksandr/olbik_aleksandr_prezident.fb2.zip</filename>
	<title>Ольбик Александр Степанович. Президент</title>
</book>
<book>
	<filename>olbik_aleksandr/olbik_aleksandr_proisshestvie_na_zagorodnom_shosse.fb2.zip</filename>
	<title>Ольбик Александр Степанович. Происшествие на загородном шоссе…</title>
</book>
<book>
	<filename>olbik_aleksandr/olbik_aleksandr_promah_killera.fb2.zip</filename>
	<title>Ольбик Александр Степанович. Промах киллера</title>
</book>
<book>
	<filename>olbik_aleksandr/olbik_aleksandr_shvatka.fb2.zip</filename>
	<title>Ольбик Александр Степанович. Схватка</title>
</book>
<book>
	<filename>olbik_aleksandr/olbik_aleksandr_zhertva_obstoyatelstv.fb2.zip</filename>
	<title>Ольбик Александр Степанович. Жертва обстоятельств</title>
</book>
<book>
	<filename>olbi_yedvard/olbi_yedvard_tri_vysokie_zhenshiny.fb2.zip</filename>
	<title>Олби Эдвард. Три высокие женщины</title>
</book>
<book>
	<filename>oldenburg_zoya/oldenburg_zoya_koster_monsegyura_istoriya_albigoiskih_krestovyh_pohodov.fb2.zip</filename>
	<title>Ольденбург Зоя. Костер Монсегюра. История альбигойских крестовых походов</title>
</book>
<book>
	<filename>olden_mark/olden_mark_demon.fb2.zip</filename>
	<title>Олден Марк. Демон</title>
</book>
<book>
	<filename>olden_mark/olden_mark_gaidzhin.fb2.zip</filename>
	<title>Олден Марк. Гайджин</title>
</book>
<book>
	<filename>olden_mark/olden_mark_giri.fb2.zip</filename>
	<title>Олден Марк. Гири</title>
</book>
<book>
	<filename>olden_mark/olden_mark_vlast.fb2.zip</filename>
	<title>Олден Марк. Власть</title>
</book>
<book>
	<filename>olden_mark/olden_mark_zhenshiny_dlya_razvlechenii.fb2.zip</filename>
	<title>Олден Марк. Женщины для развлечений</title>
</book>
<book>
	<filename>older_garri/older_garri_nlp_polnoe_prakticheskoe_rukovodstvo.fb2.zip</filename>
	<title>Олдер Гарри. NLP. Полное практическое руководство</title>
</book>
<book>
	<filename>oldfild_yelizabet/oldfild_yelizabet_vnezapnyi_ogon.fb2.zip</filename>
	<title>Олдфилд Элизабет. Внезапный огонь</title>
</book>
<book>
	<filename>oldi_genri/oldi_genri_armageddon_byl_vchera.fb2.zip</filename>
	<title>Олди Генри Лайон. Армагеддон был вчера</title>
</book>
<book>
	<filename>oldi_genri/oldi_genri_bogadelnya.fb2.zip</filename>
	<title>Олди Генри Лайон. Богадельня</title>
</book>
<book>
	<filename>oldi_genri/oldi_genri_chelovek_kosmosa.fb2.zip</filename>
	<title>Олди Генри Лайон. Человек космоса</title>
</book>
<book>
	<filename>oldi_genri/oldi_genri_chelovek_nomosa.fb2.zip</filename>
	<title>Олди Генри Лайон. Человек Номоса</title>
</book>
<book>
	<filename>oldi_genri/oldi_genri_daite_im_umeret.fb2.zip</filename>
	<title>Олди Генри Лайон. Дайте Им Умереть</title>
</book>
<book>
	<filename>oldi_genri/oldi_genri_duyel.fb2.zip</filename>
	<title>Олди Генри Лайон. Дуэль</title>
</book>
<book>
	<filename>oldi_genri/oldi_genri_geroi_dolzhen_byt_odin.fb2.zip</filename>
	<title>Олди Генри Лайон. Герой должен быть один</title>
</book>
<book>
	<filename>oldi_genri/oldi_genri_groza_v_beznachale.fb2.zip</filename>
	<title>Олди Генри Лайон. Гроза в Безначалье</title>
</book>
<book>
	<filename>oldi_genri/oldi_genri_idi_kuda_hochesh.fb2.zip</filename>
	<title>Олди Генри Лайон. Иди куда хочешь</title>
</book>
<book>
	<filename>oldi_genri/oldi_genri_krov_pyut_rukami.fb2.zip</filename>
	<title>Олди Генри Лайон. Кровь пьют руками</title>
</book>
<book>
	<filename>oldi_genri/oldi_genri_kukolnik.fb2.zip</filename>
	<title>Олди Генри Лайон. Кукольник</title>
</book>
<book>
	<filename>oldi_genri/oldi_genri_mag_v_zakone_1.fb2.zip</filename>
	<title>Олди Генри Лайон. Маг в законе 1</title>
</book>
<book>
	<filename>oldi_genri/oldi_genri_mag_v_zakone_2.fb2.zip</filename>
	<title>Олди Генри Лайон. Маг в законе 2</title>
</book>
<book>
	<filename>oldi_genri/oldi_genri_messiya_ochishaet_disk.fb2.zip</filename>
	<title>Олди Генри Лайон. Мессия очищает диск</title>
</book>
<book>
	<filename>oldi_genri/oldi_genri_nopyerapon.fb2.zip</filename>
	<title>Олди Генри Лайон. Нопэрапон</title>
</book>
<book>
	<filename>oldi_genri/oldi_genri_orden_svyatogo_bestsellera_ili_vyiti_v_tirazh.fb2.zip</filename>
	<title>Олди Генри Лайон. Орден Святого Бестселлера, или Выйти в тираж</title>
</book>
<book>
	<filename>oldi_genri/oldi_genri_ozhidayushii_na_perekrestkah.fb2.zip</filename>
	<title>Олди Генри Лайон. Ожидающий на перекрестках</title>
</book>
<book>
	<filename>oldi_genri/oldi_genri_pasynki_vosmoi_zapovedi.fb2.zip</filename>
	<title>Олди Генри Лайон. Пасынки восьмой заповеди</title>
</book>
<book>
	<filename>oldi_genri/oldi_genri_pentakl.fb2.zip</filename>
	<title>Олди Генри Лайон. Пентакль</title>
</book>
<book>
	<filename>oldi_genri/oldi_genri_pesni_petera_slyadeka.fb2.zip</filename>
	<title>Олди Генри Лайон. Песни Петера Сьлядека</title>
</book>
<book>
	<filename>oldi_genri/oldi_genri_priyut_geroev.fb2.zip</filename>
	<title>Олди Генри Лайон. Приют героев</title>
</book>
<book>
	<filename>oldi_genri/oldi_genri_put_mecha.fb2.zip</filename>
	<title>Олди Генри Лайон. Путь меча</title>
</book>
<book>
	<filename>oldi_genri/oldi_genri_set_dlya_miroderzhcev.fb2.zip</filename>
	<title>Олди Генри Лайон. Сеть для миродержцев</title>
</book>
<book>
	<filename>oldi_genri/oldi_genri_shmagiya.fb2.zip</filename>
	<title>Олди Генри Лайон. Шмагия</title>
</book>
<book>
	<filename>oldi_genri/oldi_genri_shutiha.fb2.zip</filename>
	<title>Олди Генри Лайон. Шутиха</title>
</book>
<book>
	<filename>oldi_genri/oldi_genri_tirmen.fb2.zip</filename>
	<title>Олди Генри Лайон. Тирмен</title>
</book>
<book>
	<filename>oldi_genri/oldi_genri_ya_vozmu_sam.fb2.zip</filename>
	<title>Олди Генри Лайон. Я возьму сам</title>
</book>
<book>
	<filename>oldi_genri/oldi_genri_zahrebetnik.fb2.zip</filename>
	<title>Олди Генри Лайон. Захребетник</title>
</book>
<book>
	<filename>oldington_richard/oldington_richard_semero_protiv_rivza.fb2.zip</filename>
	<title>Олдингтон Ричард. Семеро против Ривза</title>
</book>
<book>
	<filename>oldington_richard/oldington_richard_smert_geroya.fb2.zip</filename>
	<title>Олдингтон Ричард. Смерть героя</title>
</book>
<book>
	<filename>oldington_richard/oldington_richard_vse_lyudi_vragi.fb2.zip</filename>
	<title>Олдингтон Ричард. Все люди — враги</title>
</book>
<book>
	<filename>oldiss_braian/oldiss_braian_besposadochnyi_polet.fb2.zip</filename>
	<title>Олдисс Брайан Уилсон. Беспосадочный полет</title>
</book>
<book>
	<filename>oldiss_braian/oldiss_braian_dolgie_sumerki_zemli_teplica.fb2.zip</filename>
	<title>Олдисс Брайан Уилсон. Долгие сумерки земли [Теплица]</title>
</book>
<book>
	<filename>oldiss_braian/oldiss_braian_galaktiki_kak_peschinki.fb2.zip</filename>
	<title>Олдисс Брайан. Галактики как песчинки</title>
</book>
<book>
	<filename>oldiss_braian/oldiss_braian_naslazhdayas_rolyu.fb2.zip</filename>
	<title>Олдисс Брайан. Наслаждаясь ролью</title>
</book>
<book>
	<filename>oldiss_braian/oldiss_braian_nerazdelennoe_hobbi.fb2.zip</filename>
	<title>Олдисс Брайан. Неразделенное хобби</title>
</book>
<book>
	<filename>oldiss_braian/oldiss_braian_nonstop_nonstop_besposadochnyi_polet.fb2.zip</filename>
	<title>Олдисс Брайан Уилсон. Non-Stop (Нон-стоп, Беспосадочный полет)</title>
</book>
<book>
	<filename>oldiss_braian/oldiss_braian_osvobozhdennyi_frankenshtein.fb2.zip</filename>
	<title>Олдисс Брайан. Освобожденный Франкенштейн</title>
</book>
<book>
	<filename>oldiss_braian/oldiss_braian_udovolstvie_dlya_dvoih.fb2.zip</filename>
	<title>Олдисс Брайан. Удовольствие для двоих</title>
</book>
<book>
	<filename>oldiss_braian/oldiss_braian_vesna_gelikonii.fb2.zip</filename>
	<title>Олдисс Брайан. Весна Геликонии</title>
</book>
<book>
	<filename>oldmen_andrye/oldmen_andrye_konan_i_vrata_vechnosti.fb2.zip</filename>
	<title>Олдмен Андрэ. Конан и Врата Вечности</title>
</book>
<book>
	<filename>oldmen_andrye/oldmen_andrye_rokovoe_uho.fb2.zip</filename>
	<title>Олдмен Андрэ. Роковое ухо</title>
</book>
<book>
	<filename>oldmen_andrye/oldmen_andrye_zmeinyi_kamen.fb2.zip</filename>
	<title>Олдмен Андрэ. Змеиный камень</title>
</book>
<book>
	<filename>oldridzh_dzheims/oldridzh_dzheims_delo_chesti.fb2.zip</filename>
	<title>Олдридж Джеймс. Дело чести</title>
</book>
<book>
	<filename>oldridzh_dzheims/oldridzh_dzheims_malchik_s_lesnogo_berega.fb2.zip</filename>
	<title>Олдридж Джеймс. Мальчик с лесного берега</title>
</book>
<book>
	<filename>oldridzh_dzheims/oldridzh_dzheims_moi_brat_tom.fb2.zip</filename>
	<title>Олдридж Джеймс. Мой брат Том</title>
</book>
<book>
	<filename>oldridzh_dzheims/oldridzh_dzheims_morskoi_orel.fb2.zip</filename>
	<title>Олдридж Джеймс. Морской орел</title>
</book>
<book>
	<filename>oldridzh_dzheims/oldridzh_dzheims_ne_hochu_chtoby_on_umiral.fb2.zip</filename>
	<title>Олдридж Джеймс. Не хочу, чтобы он умирал</title>
</book>
<book>
	<filename>oldridzh_dzheims/oldridzh_dzheims_ohotnik.fb2.zip</filename>
	<title>Олдридж Джеймс. Охотник</title>
</book>
<book>
	<filename>oldridzh_dzheims/oldridzh_dzheims_papina_soroka.fb2.zip</filename>
	<title>Олдридж Джеймс. Папина сорока</title>
</book>
<book>
	<filename>oldridzh_dzheims/oldridzh_dzheims_pobeda_malchika_s_lesnogo_berega.fb2.zip</filename>
	<title>Олдридж Джеймс. Победа мальчика с лесного берега</title>
</book>
<book>
	<filename>oldridzh_dzheims/oldridzh_dzheims_poslednii_dyuim.fb2.zip</filename>
	<title>Олдридж Джеймс. Последний дюйм</title>
</book>
<book>
	<filename>oldridzh_dzheims/oldridzh_dzheims_poslednii_vzglyad.fb2.zip</filename>
	<title>Олдридж Джеймс. Последний взгляд</title>
</book>
<book>
	<filename>oldridzh_dzheims/oldridzh_dzheims_proshai_antiamerika.fb2.zip</filename>
	<title>Олдридж Джеймс. Прощай, Анти-Америка!</title>
</book>
<book>
	<filename>oldridzh_ryei/oldridzh_ryei_imperator_vsego.fb2.zip</filename>
	<title>Олдридж Рэй. Император всего</title>
</book>
<book>
	<filename>oldridzh_ryei/oldridzh_ryei_kontrakt_na_faraone.fb2.zip</filename>
	<title>Олдридж Рэй. Контракт на Фараоне</title>
</book>
<book>
	<filename>oldridzh_ryei/oldridzh_ryei_mashinaorfei.fb2.zip</filename>
	<title>Олдридж Рэй. Машина-Орфей</title>
</book>
<book>
	<filename>olegovich_ruzov/olegovich_ruzov_7_krizisov_v_zhizni_cheloveka_obshestva_organizacii.fb2.zip</filename>
	<title>Олегович Рузов Вячеслав. «7 кризисов в жизни человека, общества, организации»</title>
</book>
<book>
	<filename>oleinik_andrei/oleinik_andrei_yenciklopediya_pikapa_versiya_120.fb2.zip</filename>
	<title>Олейник Андрей. Энциклопедия пикапа. Версия 12.0</title>
</book>
<book>
	<filename>oleinik_boris/oleinik_boris_i_ya_uvidel_drugogo_zverya_ili_dva_goda_v_kremle.fb2.zip</filename>
	<title>Олейник Борис Ильич. «…И я увидел другого зверя», или два года в Кремле</title>
</book>
<book>
	<filename>oleinik_boris/oleinik_boris_knyaz_tmy.fb2.zip</filename>
	<title>Олейник Борис Ильич. Князь тьмы</title>
</book>
<book>
	<filename>oleinikov_dmitrii/oleinikov_dmitrii_istoriya_rossii_v_melkii_goroshek.fb2.zip</filename>
	<title>Олейников Дмитрий. История России в мелкий горошек</title>
</book>
<book>
	<filename>oleinikov_ilya/oleinikov_ilya_zhizn_kak_pestnya.fb2.zip</filename>
	<title>Олейников Илья. Жизнь как песТня</title>
</book>
<book>
	<filename>o_liri_patrik/o_liri_patrik_dver_3.fb2.zip</filename>
	<title>О Лири Патрик. Дверь № 3</title>
</book>
<book>
	<filename>o_liri_patrik/o_liri_patrik_nevozmozhnaya_ptica.fb2.zip</filename>
	<title>О Лири Патрик. Невозможная птица</title>
</book>
<book>
	<filename>oliri_patrik/oliri_patrik_nevozmozhnaya_ptica.fb2.zip</filename>
	<title>О`Лири Патрик. Невозможная птица</title>
</book>
<book>
	<filename>oliver_chyed/oliver_chyed_veter_vremeni.fb2.zip</filename>
	<title>Оливер Чэд. Ветер времени</title>
</book>
<book>
	<filename>oliver_haim/oliver_haim_yenergan22.fb2.zip</filename>
	<title>Оливер Хаим. Энерган-22</title>
</book>
<book>
	<filename>oliveri_renata/oliveri_renata_piknik_s_krovyu.fb2.zip</filename>
	<title>Оливьери Рената. Пикник с кровью</title>
</book>
<book>
	<filename>oliveri_renato/oliveri_renato_piknik_s_krovyu.fb2.zip</filename>
	<title>Оливьери Ренато. Пикник с кровью</title>
</book>
<book>
	<filename>oliver_patriciya/oliver_patriciya_begstvo_gercogini.fb2.zip</filename>
	<title>Оливер Патриция. Бегство герцогини</title>
</book>
<book>
	<filename>oliver_patriciya/oliver_patriciya_neskromnoe_predlozhenie.fb2.zip</filename>
	<title>Оливер Патриция. Нескромное предложение</title>
</book>
<book>
	<filename>olive_zhan/olive_zhan_pohod_vikingov.fb2.zip</filename>
	<title>Оливье Жан. Поход викингов</title>
</book>
<book>
	<filename>olive_zhan/olive_zhan_vikingi_i_indeicy.fb2.zip</filename>
	<title>Оливье Жан. Викинги и индейцы</title>
</book>
<book>
	<filename>olkott_luiza_myei/olkott_luiza_myei_horoshie_zheny.fb2.zip</filename>
	<title>Олкотт Луиза Мэй. Хорошие жены</title>
</book>
<book>
	<filename>olkott_luiza_myei/olkott_luiza_myei_malenkie_zhenshiny.fb2.zip</filename>
	<title>Олкотт Луиза Мэй. Маленькие женщины</title>
</book>
<book>
	<filename>ollston_aaron/ollston_aaron_v_tylu_vraga1_mechta_povstanca.fb2.zip</filename>
	<title>Оллстон Аарон. В тылу врага-1: Мечта повстанца</title>
</book>
<book>
	<filename>ollston_aaron/ollston_aaron_xwing5_yeskadrilyaprizrak.fb2.zip</filename>
	<title>Оллстон Аарон. X-Wing-5: Эскадрилья-призрак</title>
</book>
<book>
	<filename>ollston_aaron/ollston_aaron_xwing6_zheleznyi_kulak.fb2.zip</filename>
	<title>Оллстон Аарон. X-Wing-6: Железный Кулак</title>
</book>
<book>
	<filename>ollston_aaron/ollston_aaron_xwing7_stavka_solo.fb2.zip</filename>
	<title>Оллстон Аарон. X-Wing-7: Ставка Соло</title>
</book>
<book>
	<filename>olmos_tina/olmos_tina_zemnye_radosti.fb2.zip</filename>
	<title>Олмос Тина. Земные радости</title>
</book>
<book>
	<filename>olovyannaya_irina/olovyannaya_irina_iskusstvo_voiny.fb2.zip</filename>
	<title>Оловянная Ирина. Искусство войны</title>
</book>
<book>
	<filename>olovyannaya_irina/olovyannaya_irina_malenkii_dyavol.fb2.zip</filename>
	<title>Оловянная Ирина. Маленький дьявол</title>
</book>
<book>
	<filename>olovyannaya_irina/olovyannaya_irina_samurai.fb2.zip</filename>
	<title>Оловянная Ирина. Самурай</title>
</book>
<book>
	<filename>olsen_larshenrik/olsen_larshenrik_yerik_syn_cheloveka.fb2.zip</filename>
	<title>Ольсен Ларс-Хенрик. Эрик, сын человека</title>
</book>
<book>
	<filename>olshen_dzherri/olshen_dzherri_ne_demontirovat.fb2.zip</filename>
	<title>Олшен Джерри. Не демонтировать!</title>
</book>
<book>
	<filename>olsher_otto/olsher_otto_dog.fb2.zip</filename>
	<title>Ольшер Отто. Дог</title>
</book>
<book>
	<filename>olshevrimladshii_b/olshevrimladshii_b_vampiry_zamka_kardi.fb2.zip</filename>
	<title>Олшеври-младший Б. Вампиры замка Карди</title>
</book>
<book>
	<filename>olten_stiv/olten_stiv_megalodon.fb2.zip</filename>
	<title>Олтен Стив. Мегалодон</title>
</book>
<book>
	<filename>olvard_donna/olvard_donna_neotpravlennye_pisma.fb2.zip</filename>
	<title>Олвард Донна. Неотправленные письма</title>
</book>
<book>
	<filename>omara_keit/omara_keit_negodyaika.fb2.zip</filename>
	<title>О'Мара Кейт. Негодяйка</title>
</book>
<book>
	<filename>omm_/omm__magiya_novogo_poryadka.fb2.zip</filename>
	<title>О.М.М. Магия нового порядка</title>
</book>
<book>
	<filename>onait_natali/onait_natali_vremya_zhalyashih_strel.fb2.zip</filename>
	<title>О`Найт Натали. Время жалящих стрел</title>
</book>
<book>
	<filename>onait_natali/onait_natali_zerkalo_gryadushego.fb2.zip</filename>
	<title>О`Найт Натали. Зеркало грядущего</title>
</book>
<book>
	<filename>ondatzhe_maikl/ondatzhe_maikl_angliiskii_pacient.fb2.zip</filename>
	<title>Ондатже Майкл. Английский пациент</title>
</book>
<book>
	<filename>onegov_anatolii/onegov_anatolii_gde_ty_rechka.fb2.zip</filename>
	<title>Онегов Анатолий Сергеевич. Где ты, речка?</title>
</book>
<book>
	<filename>onegov_anatolii/onegov_anatolii_hariusy.fb2.zip</filename>
	<title>Онегов Анатолий Сергеевич. Хариусы</title>
</book>
<book>
	<filename>onegov_anatolii/onegov_anatolii_ilin_inspektor_i_ya.fb2.zip</filename>
	<title>Онегов Анатолий Сергеевич. Ильин, Инспектор и Я</title>
</book>
<book>
	<filename>onegov_anatolii/onegov_anatolii_logmozero.fb2.zip</filename>
	<title>Онегов Анатолий Сергеевич. Логмозеро</title>
</book>
<book>
	<filename>onegov_anatolii/onegov_anatolii_na_chulyshmane.fb2.zip</filename>
	<title>Онегов Анатолий Сергеевич. На Чулышмане</title>
</book>
<book>
	<filename>onegov_anatolii/onegov_anatolii_pelusozero.fb2.zip</filename>
	<title>Онегов Анатолий Сергеевич. Пелусозеро</title>
</book>
<book>
	<filename>onegov_anatolii/onegov_anatolii_peskari.fb2.zip</filename>
	<title>Онегов Анатолий Сергеевич. Пескари</title>
</book>
<book>
	<filename>onegov_anatolii/onegov_anatolii_plotva_na_hleb.fb2.zip</filename>
	<title>Онегов Анатолий Сергеевич. Плотва на хлеб</title>
</book>
<book>
	<filename>onegov_anatolii/onegov_anatolii_posredi_zimy.fb2.zip</filename>
	<title>Онегов Анатолий Сергеевич. Посреди зимы</title>
</book>
<book>
	<filename>onegov_anatolii/onegov_anatolii_ryapushka_i_sigi.fb2.zip</filename>
	<title>Онегов Анатолий Сергеевич. Ряпушка и сиги</title>
</book>
<book>
	<filename>onegov_anatolii/onegov_anatolii_sledy_na_vode.fb2.zip</filename>
	<title>Онегов Анатолий Сергеевич. Следы на воде</title>
</book>
<book>
	<filename>onegov_anatolii/onegov_anatolii_vesna_na_ozere.fb2.zip</filename>
	<title>Онегов Анатолий Сергеевич. Весна на озере</title>
</book>
<book>
	<filename>onegov_anatolii/onegov_anatolii_voda_nastoyannaya_na_chernike.fb2.zip</filename>
	<title>Онегов Анатолий Сергеевич. Вода, настоянная на чернике</title>
</book>
<book>
	<filename>onegov_anatolii/onegov_anatolii_yurkina_luda.fb2.zip</filename>
	<title>Онегов Анатолий Сергеевич. Юркина луда</title>
</book>
<book>
	<filename>onetti_huan/onetti_huan_lico_neschastya.fb2.zip</filename>
	<title>Онетти Хуан Карлос. Лицо несчастья</title>
</book>
<book>
	<filename>onil_kyetrin/onil_kyetrin_iskusstvo_obolsheniya.fb2.zip</filename>
	<title>О`Нил Кэтрин. Искусство обольщения</title>
</book>
<book>
	<filename>onil_kyetrin/onil_kyetrin_poslednii_razboinik.fb2.zip</filename>
	<title>О`Нил Кэтрин. Последний разбойник</title>
</book>
<book>
	<filename>onil_kyetrin/onil_kyetrin_svyashennye_koshki_nila.fb2.zip</filename>
	<title>О`Нил Кэтрин. Священные кошки Нила</title>
</book>
<book>
	<filename>onil_kyetrin/onil_kyetrin_yeroticheskoe_dezhavyu.fb2.zip</filename>
	<title>О`Нил Кэтрин. Эротическое дежа-вю</title>
</book>
<book>
	<filename>onishenko_aleksei/onishenko_aleksei_sploshnoe_svinstvo.fb2.zip</filename>
	<title>Онищенко Алексей. Сплошное свинство</title>
</book>
<book>
	<filename>onoshko_leonid/onoshko_leonid_na_oranzhevoi_planete.fb2.zip</filename>
	<title>Оношко Леонид. На оранжевой планете</title>
</book>
<book>
	<filename>ooka_syohyei/ooka_syohyei_nedopetaya_pesnya.fb2.zip</filename>
	<title>Оока Сёхэй. Недопетая песня</title>
</book>
<book>
	<filename>opaleva_olga/opaleva_olga_maroseika12_operaciya_zelenyi_led.fb2.zip</filename>
	<title>Опалева Ольга Николаевна. Маросейка,12: Операция «Зеленый лед»</title>
</book>
<book>
	<filename>oparin_aleksei/oparin_aleksei_taina_sudby_arheologicheskoe_issledovanie_knigi_proroka_ieremii.fb2.zip</filename>
	<title>Опарин Алексей Анатольевич. Тайна судьбы. Археологическое исследование книги пророка Иеремии</title>
</book>
<book>
	<filename>oraili_keitlin/oraili_keitlin_greshnaya_noch.fb2.zip</filename>
	<title>О'Райли Кейтлин. Грешная ночь</title>
</book>
<book>
	<filename>oraili_keitlin/oraili_keitlin_sekrety_gercogini.fb2.zip</filename>
	<title>О'Райли Кейтлин. Секреты герцогини</title>
</book>
<book>
	<filename>orbenina_nataliya/orbenina_nataliya_belyi_shipovnik.fb2.zip</filename>
	<title>Орбенина Наталия. Белый шиповник</title>
</book>
<book>
	<filename>orbenina_nataliya/orbenina_nataliya_neznakomec.fb2.zip</filename>
	<title>Орбенина Наталия. Незнакомец</title>
</book>
<book>
	<filename>orbenina_nataliya/orbenina_nataliya_uvyadanie_rozy.fb2.zip</filename>
	<title>Орбенина Наталия. Увядание розы</title>
</book>
<book>
	<filename>orbenina_nataliya/orbenina_nataliya_zlodeika.fb2.zip</filename>
	<title>Орбенина Наталия. Злодейка</title>
</book>
<book>
	<filename>orchi_yemmuska/orchi_yemmuska_alyi_pervocvet.fb2.zip</filename>
	<title>Орчи Эммуска. Алый первоцвет</title>
</book>
<book>
	<filename>orchi_yemmuska/orchi_yemmuska_az_vozdam.fb2.zip</filename>
	<title>Орчи Эммуска. Аз воздам</title>
</book>
<book>
	<filename>orchi_yemmuska/orchi_yemmuska_neulovimyi_sapozhok.fb2.zip</filename>
	<title>Орчи Эммуска. Неуловимый Сапожок</title>
</book>
<book>
	<filename>orchi_yemmuska/orchi_yemmuska_sapozhok_princessy.fb2.zip</filename>
	<title>Орчи Эммуска. Сапожок Принцессы</title>
</book>
<book>
	<filename>orci_ye/orci_ye_alyi_pervocvet.fb2.zip</filename>
	<title>Орци Э. Алый Первоцвет</title>
</book>
<book>
	<filename>orehov_vasilii/orehov_vasilii_zona_porazheniya.fb2.zip</filename>
	<title>Орехов Василий. Зона поражения</title>
</book>
<book>
	<filename>oreili_viktor/oreili_viktor_pravila_ohoty.fb2.zip</filename>
	<title>О`Рейли Виктор. Правила охоты</title>
</book>
<book>
	<filename>oreili_viktor/oreili_viktor_zabavy_palacha.fb2.zip</filename>
	<title>О`Рейли Виктор. Забавы Палача</title>
</book>
<book>
	<filename>oreilli_tim/oreilli_tim_piratstvo_kak_progressivnyi_nalog.fb2.zip</filename>
	<title>О`Рейлли Тим. Пиратство как прогрессивный налог</title>
</book>
<book>
	<filename>orhan_kemal/orhan_kemal_broshennaya_v_bezdnu.fb2.zip</filename>
	<title>Орхан Кемаль. Брошенная в бездну</title>
</book>
<book>
	<filename>origen_/origen__o_nachalah.fb2.zip</filename>
	<title>Ориген. О Началах</title>
</book>
<book>
	<filename>origen_/origen__protiv_celsa.fb2.zip</filename>
	<title>Ориген. Против Цельса</title>
</book>
<book>
	<filename>oriordan_anzhela/oriordan_anzhela_bluzhdayushaya_v_temnote.fb2.zip</filename>
	<title>О'Риордан Анжела. Блуждающая в темноте</title>
</book>
<book>
	<filename>oriordan_keit/oriordan_keit_angel_v_dome.fb2.zip</filename>
	<title>О`Риордан Кейт. Ангел в доме</title>
</book>
<book>
	<filename>orlenko_ivan/orlenko_ivan_krylatye_torpedonoscy.fb2.zip</filename>
	<title>Орленко Иван Феофанович. Крылатые торпедоносцы</title>
</book>
<book>
	<filename>orli_nik/orli_nik_konan_i_legenda_lemurii.fb2.zip</filename>
	<title>Орли Ник. Конан и легенда Лемурии</title>
</book>
<book>
	<filename>orlov_aleks/orlov_aleks_ataka_tenei.fb2.zip</filename>
	<title>Орлов Алекс. Атака теней</title>
</book>
<book>
	<filename>orlov_aleks/orlov_aleks_baza_24.fb2.zip</filename>
	<title>Орлов Алекс. База 24</title>
</book>
<book>
	<filename>orlov_aleks/orlov_aleks_brosok_salamandry.fb2.zip</filename>
	<title>Орлов Алекс. Бросок Саламандры</title>
</book>
<book>
	<filename>orlov_aleks/orlov_aleks_doroga_v_ambeir.fb2.zip</filename>
	<title>Орлов Алекс. Дорога в Амбейр</title>
</book>
<book>
	<filename>orlov_aleks/orlov_aleks_dvoinik_imperatora.fb2.zip</filename>
	<title>Орлов Алекс. Двойник императора</title>
</book>
<book>
	<filename>orlov_aleks/orlov_aleks_grabiteli.fb2.zip</filename>
	<title>Орлов Алекс. Грабители</title>
</book>
<book>
	<filename>orlov_aleks/orlov_aleks_ispytanie_ognyom.fb2.zip</filename>
	<title>Орлов Алекс. Испытание огнём</title>
</book>
<book>
	<filename>orlov_aleks/orlov_aleks_konvoi.fb2.zip</filename>
	<title>Орлов Алекс. Конвой</title>
</book>
<book>
	<filename>orlov_aleks/orlov_aleks_krylya_ognennyh_drakonov.fb2.zip</filename>
	<title>Орлов Алекс. Крылья огненных драконов</title>
</book>
<book>
	<filename>orlov_aleks/orlov_aleks_lovushka_dlya_zmei.fb2.zip</filename>
	<title>Орлов Алекс. Ловушка для змей</title>
</book>
<book>
	<filename>orlov_aleks/orlov_aleks_mech_doroga_i_udacha.fb2.zip</filename>
	<title>Орлов Алекс. Меч, дорога и удача</title>
</book>
<book>
	<filename>orlov_aleks/orlov_aleks_naemnik.fb2.zip</filename>
	<title>Орлов Алекс. Наемник</title>
</book>
<book>
	<filename>orlov_aleks/orlov_aleks_ohotniki_za_golovami.fb2.zip</filename>
	<title>Орлов Алекс. Охотники за головами</title>
</book>
<book>
	<filename>orlov_aleks/orlov_aleks_osnovnoi_rubezh.fb2.zip</filename>
	<title>Орлов Алекс. Основной рубеж</title>
</book>
<book>
	<filename>orlov_aleks/orlov_aleks_osobyi_kurer.fb2.zip</filename>
	<title>Орлов Алекс. Особый Курьер</title>
</book>
<book>
	<filename>orlov_aleks/orlov_aleks_pravila_bolshoi_igry.fb2.zip</filename>
	<title>Орлов Алекс. Правила большой игры</title>
</book>
<book>
	<filename>orlov_aleks/orlov_aleks_predstavitel.fb2.zip</filename>
	<title>Орлов Алекс. Представитель</title>
</book>
<book>
	<filename>orlov_aleks/orlov_aleks_sekretnyi_udar.fb2.zip</filename>
	<title>Орлов Алекс. Секретный удар</title>
</book>
<book>
	<filename>orlov_aleks/orlov_aleks_sezon_korolevskoi_ohoty.fb2.zip</filename>
	<title>Орлов Алекс. Сезон королевской охоты</title>
</book>
<book>
	<filename>orlov_aleks/orlov_aleks_shturm_bazy.fb2.zip</filename>
	<title>Орлов Алекс. Штурм базы</title>
</book>
<book>
	<filename>orlov_aleks/orlov_aleks_shvatka_bez_pravil.fb2.zip</filename>
	<title>Орлов Алекс. Схватка без правил</title>
</book>
<book>
	<filename>orlov_aleks/orlov_aleks_sila_glavnogo_kalibra.fb2.zip</filename>
	<title>Орлов Алекс. Сила главного калибра</title>
</book>
<book>
	<filename>orlov_aleks/orlov_aleks_sudya_sherman.fb2.zip</filename>
	<title>Орлов Алекс. Судья Шерман</title>
</book>
<book>
	<filename>orlov_aleks/orlov_aleks_taina_sinih_lesov.fb2.zip</filename>
	<title>Орлов Алекс. Тайна Синих лесов</title>
</book>
<book>
	<filename>orlov_aleks/orlov_aleks_teni_voiny.fb2.zip</filename>
	<title>Орлов Алекс. Тени войны</title>
</book>
<book>
	<filename>orlov_aleks/orlov_aleks_tyutyunin_protiv_cru.fb2.zip</filename>
	<title>Орлов Алекс. Тютюнин против ЦРУ</title>
</book>
<book>
	<filename>orlov_aleks/orlov_aleks_tyutyunin_protiv_inoplanetyan.fb2.zip</filename>
	<title>Орлов Алекс. Тютюнин против инопланетян</title>
</book>
<book>
	<filename>orlov_aleks/orlov_aleks_ultimatum.fb2.zip</filename>
	<title>Орлов Алекс. Ультиматум</title>
</book>
<book>
	<filename>orlov_aleks/orlov_aleks_vozvrashenie_ne_predusmotreno.fb2.zip</filename>
	<title>Орлов Алекс. Возвращение не предусмотрено</title>
</book>
<book>
	<filename>orlov_aleks/orlov_aleks_vzglyad_iz_nochi.fb2.zip</filename>
	<title>Орлов Алекс. Взгляд из ночи</title>
</book>
<book>
	<filename>orlov_aleks/orlov_aleks_ya_napishu_tebe_kroshka.fb2.zip</filename>
	<title>Орлов Алекс. Я напишу тебе, Крошка</title>
</book>
<book>
	<filename>orlov_aleks/orlov_aleks_zapadnya.fb2.zip</filename>
	<title>Орлов Алекс. Западня</title>
</book>
<book>
	<filename>orlov_aleks/orlov_aleks_zastyvshii_ogon.fb2.zip</filename>
	<title>Орлов Алекс. Застывший огонь</title>
</book>
<book>
	<filename>orlov_aleks/orlov_aleks_zolotoi_plennik.fb2.zip</filename>
	<title>Орлов Алекс. Золотой пленник</title>
</book>
<book>
	<filename>orlov_aleksandr/orlov_aleksandr_tainaya_bitva_sverhderzhav.fb2.zip</filename>
	<title>Орлов Александр. Тайная битва сверхдержав</title>
</book>
<book>
	<filename>orlov_aleksandr/orlov_aleksandr_za_kulisami_vtorogo_fronta.fb2.zip</filename>
	<title>Орлов Александр. За кулисами второго фронта</title>
</book>
<book>
	<filename>orlov_andrei/orlov_andrei_pervyi_sredi_krainih.fb2.zip</filename>
	<title>Орлов Андрей. Первый среди крайних</title>
</book>
<book>
	<filename>orlov_anton/orlov_anton_antiraspad.fb2.zip</filename>
	<title>Орлов Антон. Антираспад</title>
</book>
<book>
	<filename>orlov_anton/orlov_anton_chuzhoe_telo.fb2.zip</filename>
	<title>Орлов Антон. Чужое тело</title>
</book>
<book>
	<filename>orlov_anton/orlov_anton_gonshik.fb2.zip</filename>
	<title>Орлов Антон. Гонщик</title>
</book>
<book>
	<filename>orlov_anton/orlov_anton_kontora_igrek.fb2.zip</filename>
	<title>Орлов Антон. Контора Игрек</title>
</book>
<book>
	<filename>orlov_anton/orlov_anton_mirlovushka.fb2.zip</filename>
	<title>Орлов Антон Сергеевич. Мир-ловушка</title>
</book>
<book>
	<filename>orlov_anton/orlov_anton_neziiskii_kaleidoskop.fb2.zip</filename>
	<title>Орлов Антон. Незийский калейдоскоп</title>
</book>
<book>
	<filename>orlov_anton/orlov_anton_strana_izumrudnogo_solnca.fb2.zip</filename>
	<title>Орлов Антон. Страна Изумрудного солнца</title>
</book>
<book>
	<filename>orlov_anton/orlov_anton_tolko_dlya_prosmotra.fb2.zip</filename>
	<title>Орлов Антон. Только для просмотра</title>
</book>
<book>
	<filename>orlov_anton/orlov_anton_zheltye_nebesa.fb2.zip</filename>
	<title>Орлов Антон. Желтые небеса</title>
</book>
<book>
	<filename>orlova_olga/orlova_olga_steklyannaya_nevesta.fb2.zip</filename>
	<title>Орлова Ольга. Стеклянная невеста</title>
</book>
<book>
	<filename>orlov_sergei/orlov_sergei_intelit_i_glyukomore.fb2.zip</filename>
	<title>Орлов Сергей. IntelIt и Глюкоморье</title>
</book>
<book>
	<filename>orlovskii_gai/orlovskii_gai_richard_de_amalfi.fb2.zip</filename>
	<title>Орловский Гай Юлий. Ричард де Амальфи</title>
</book>
<book>
	<filename>orlovskii_gai/orlovskii_gai_richard_dlinnye_ruki_burggraf.fb2.zip</filename>
	<title>Орловский Гай Юлий. Ричард Длинные Руки — бургграф</title>
</book>
<book>
	<filename>orlovskii_gai/orlovskii_gai_richard_dlinnye_ruki.fb2.zip</filename>
	<title>Орловский Гай Юлий. Ричард Длинные Руки</title>
</book>
<book>
	<filename>orlovskii_gai/orlovskii_gai_richard_dlinnye_ruki_graf.fb2.zip</filename>
	<title>Орловский Гай Юлий. Ричард Длинные Руки — граф</title>
</book>
<book>
	<filename>orlovskii_gai/orlovskii_gai_richard_dlinnye_ruki_landlord.fb2.zip</filename>
	<title>Орловский Гай Юлий. Ричард Длинные Руки — ландлорд</title>
</book>
<book>
	<filename>orlovskii_gai/orlovskii_gai_richard_dlinnye_ruki_paladin_gospoda.fb2.zip</filename>
	<title>Орловский Гай Юлий. Ричард Длинные Руки – паладин Господа</title>
</book>
<book>
	<filename>orlovskii_gai/orlovskii_gai_richard_dlinnye_ruki_pfalcgraf.fb2.zip</filename>
	<title>Орловский Гай Юлий. Ричард Длинные Руки — пфальцграф</title>
</book>
<book>
	<filename>orlovskii_gai/orlovskii_gai_richard_dlinnye_ruki_senor.fb2.zip</filename>
	<title>Орловский Гай Юлий. Ричард Длинные Руки – сеньор</title>
</book>
<book>
	<filename>orlovskii_gai/orlovskii_gai_richard_dlinnye_ruki_vlastelin_treh_zamkov.fb2.zip</filename>
	<title>Орловский Гай Юлий. Ричард Длинные Руки — властелин трех замков</title>
</book>
<book>
	<filename>orlovskii_gai/orlovskii_gai_richard_dlinnye_ruki_voin_gospoda.fb2.zip</filename>
	<title>Орловский Гай Юлий. Ричард Длинные Руки – воин Господа</title>
</book>
<book>
	<filename>orlovskii_gai/orlovskii_gai_richard_dlinnye_ruki_yarl.fb2.zip</filename>
	<title>Орловский Гай Юлий. Ричард Длинные Руки — ярл</title>
</book>
<book>
	<filename>orlov_vladimir/orlov_vladimir_altist_danilov.fb2.zip</filename>
	<title>Орлов Владимир Викторович. Альтист Данилов</title>
</book>
<book>
	<filename>orlov_vladimir/orlov_vladimir_aptekar.fb2.zip</filename>
	<title>Орлов Владимир Викторович. Аптекарь</title>
</book>
<book>
	<filename>orlov_vladimir/orlov_vladimir_bubnovyi_valet.fb2.zip</filename>
	<title>Орлов Владимир Викторович. Бубновый валет</title>
</book>
<book>
	<filename>orlov_vladimir/orlov_vladimir_chtoto_zazvenelo.fb2.zip</filename>
	<title>Орлов Владимир. Что-то зазвенело</title>
</book>
<book>
	<filename>orlov_vladimir/orlov_vladimir_posle_dozhdichka_v_chetverg.fb2.zip</filename>
	<title>Орлов Владимир. После дождичка в четверг</title>
</book>
<book>
	<filename>orlov_vladimir/orlov_vladimir_posle_dozhdika_v_chetverg.fb2.zip</filename>
	<title>Орлов Владимир Викторович. После дождика в четверг</title>
</book>
<book>
	<filename>orlov_vladimir/orlov_vladimir_proisshestvie_v_nikolskom.fb2.zip</filename>
	<title>Орлов Владимир. Происшествие в Никольском</title>
</book>
<book>
	<filename>orlov_vladimir/orlov_vladimir_shevrikuka_ili_lyubov_k_privideniyu.fb2.zip</filename>
	<title>Орлов Владимир Викторович. Шеврикука, или Любовь к привидению</title>
</book>
<book>
	<filename>orlov_vladimir_grigorevich/orlov_vladimir_grigorevich_dvoinoi_agent_zapiski_russkogo_kontrrazvedchika.fb2.zip</filename>
	<title>Орлов Владимир Григорьевич. Двойной агент. Записки русского контрразведчика</title>
</book>
<book>
	<filename>orlov_vladimir_nikolaevich/orlov_vladimir_nikolaevich_gamayun_zhizn_aleksandra_bloka.fb2.zip</filename>
	<title>Орлов Владимир Николаевич. Гамаюн. Жизнь Александра Блока.</title>
</book>
<book>
	<filename>orr_leonard/orr_leonard_broste_privychku_umirat.fb2.zip</filename>
	<title>Орр Леонард. Бросьте привычку умирать</title>
</book>
<book>
	<filename>orsenna_yerik/orsenna_yerik_dolgoe_bezumie.fb2.zip</filename>
	<title>Орсенна Эрик. Долгое безумие</title>
</book>
<book>
	<filename>ortail_gansijozef/ortail_gansijozef_noch_don_zhuana.fb2.zip</filename>
	<title>Ортайль Ганс-Йозеф. Ночь Дон Жуана</title>
</book>
<book>
	<filename>ortegaigasset_hose/ortegaigasset_hose_yetyudy_o_lyubvi.fb2.zip</filename>
	<title>Ортега-и-Гассет Хосе. Этюды о любви</title>
</book>
<book>
	<filename>ortolon_dzhuliya/ortolon_dzhuliya_dazhe_ne_mechtai.fb2.zip</filename>
	<title>Ортолон Джулия. Даже не мечтай</title>
</book>
<book>
	<filename>ortolon_dzhuliya/ortolon_dzhuliya_ne_soblaznyai_menya.fb2.zip</filename>
	<title>Ортолон Джулия. Не соблазняй меня</title>
</book>
<book>
	<filename>ortolon_dzhuliya/ortolon_dzhuliya_prosto_sovershenstvo.fb2.zip</filename>
	<title>Ортолон Джулия. Просто совершенство</title>
</book>
<book>
	<filename>ortolon_dzhuliya/ortolon_dzhuliya_slishkom_idealno.fb2.zip</filename>
	<title>Ортолон Джулия. Слишком идеально</title>
</book>
<book>
	<filename>ortolon_dzhuliya/ortolon_dzhuliya_svedi_menya_s_uma.fb2.zip</filename>
	<title>Ортолон Джулия. Сведи меня с ума</title>
</book>
<book>
	<filename>ortolon_dzhuliya/ortolon_dzhuliya_vlyublyayas_v_tebya.fb2.zip</filename>
	<title>Ортолон Джулия. Влюбляясь в тебя</title>
</book>
<book>
	<filename>orurk_salli/orurk_salli_chelovek_kotoryi_lyubil_dzhein_ostin.fb2.zip</filename>
	<title>О'Рурк Салли Смит. Человек, который любил Джейн Остин</title>
</book>
<book>
	<filename>oruyell_dzhordzh/oruyell_dzhordzh_1984.fb2.zip</filename>
	<title>Оруэлл Джордж. 1984</title>
</book>
<book>
	<filename>oruyell_dzhordzh/oruyell_dzhordzh_da_budet_fikus.fb2.zip</filename>
	<title>Оруэлл Джордж. Да будет фикус</title>
</book>
<book>
	<filename>oruyell_dzhordzh/oruyell_dzhordzh_dni_v_birme.fb2.zip</filename>
	<title>Оруэлл Джордж. Дни в Бирме</title>
</book>
<book>
	<filename>oruyell_dzhordzh/oruyell_dzhordzh_doch_svyashennika.fb2.zip</filename>
	<title>Оруэлл Джордж. Дочь священника</title>
</book>
<book>
	<filename>oruyell_dzhordzh/oruyell_dzhordzh_funty_liha_v_parizhe_i_londone.fb2.zip</filename>
	<title>Оруэлл Джордж. Фунты лиха в Париже и Лондоне</title>
</book>
<book>
	<filename>oruyell_dzhordzh/oruyell_dzhordzh_kak_ya_strelyal_v_slona.fb2.zip</filename>
	<title>Оруэлл Джордж. Как я стрелял в слона</title>
</book>
<book>
	<filename>oruyell_dzhordzh/oruyell_dzhordzh_kazn_cherez_poveshenie.fb2.zip</filename>
	<title>Оруэлл Джордж. Казнь через повешение</title>
</book>
<book>
	<filename>oruyell_dzhordzh/oruyell_dzhordzh_pamyati_katalonii.fb2.zip</filename>
	<title>Оруэлл Джордж. Памяти Каталонии</title>
</book>
<book>
	<filename>oruyell_dzhordzh/oruyell_dzhordzh_politika_i_angliiskii_yazyk.fb2.zip</filename>
	<title>Оруэлл Джордж. Политика и английский язык</title>
</book>
<book>
	<filename>oruyell_dzhordzh/oruyell_dzhordzh_recenziya_na_main_kampf_adolfa_gitlera.fb2.zip</filename>
	<title>Оруэлл Джордж. Рецензия на «Майн кампф» Адольфа Гитлера</title>
</book>
<book>
	<filename>oruyell_dzhordzh/oruyell_dzhordzh_sbornik_rasskazov_yesse.fb2.zip</filename>
	<title>Оруэлл Джордж. Сборник рассказов, эссе</title>
</book>
<book>
	<filename>oruyell_dzhordzh/oruyell_dzhordzh_sbornik_rasskazov_yesse_statei.fb2.zip</filename>
	<title>Оруэлл Джордж. Сборник рассказов, эссе, статей</title>
</book>
<book>
	<filename>oruyell_dzhordzh/oruyell_dzhordzh_skotnyi_dvor.fb2.zip</filename>
	<title>Оруэлл Джордж. Скотный двор</title>
</book>
<book>
	<filename>orvig_sara/orvig_sara_atlanta.fb2.zip</filename>
	<title>Орвиг Сара. Атланта</title>
</book>
<book>
	<filename>orvig_sara/orvig_sara_dolgozhdannaya_udacha.fb2.zip</filename>
	<title>Орвиг Сара. Долгожданная удача</title>
</book>
<book>
	<filename>orvig_sara/orvig_sara_selskaya_idilliya.fb2.zip</filename>
	<title>Орвиг Сара. Сельская идиллия</title>
</book>
<book>
	<filename>orvig_sara/orvig_sara_sladkoe_zhelanie.fb2.zip</filename>
	<title>Орвиг Сара. Сладкое желание</title>
</book>
<book>
	<filename>orwell_george/orwell_george_1984.fb2.zip</filename>
	<title>Orwell George. 1984</title>
</book>
<book>
	<filename>orzhehovskaya_faina/orzhehovskaya_faina_pyat_portretov.fb2.zip</filename>
	<title>Оржеховская Фаина Марковна. Пять портретов</title>
</book>
<book>
	<filename>orzhehovskaya_faina/orzhehovskaya_faina_sebastyan_bah.fb2.zip</filename>
	<title>Оржеховская Фаина Марковна. Себастьян Бах</title>
</book>
<book>
	<filename>orzhehovskaya_faina/orzhehovskaya_faina_shopen.fb2.zip</filename>
	<title>Оржеховская Фаина Марковна. Шопен</title>
</book>
<book>
	<filename>osanches_/osanches__kromeshnik.fb2.zip</filename>
	<title>О`Санчес. Кромешник</title>
</book>
<book>
	<filename>osanches_/osanches__sut_ostrova_kniga_1.fb2.zip</filename>
	<title>О`Санчес. Суть острова. Книга 1</title>
</book>
<book>
	<filename>osanches_/osanches__sut_ostrova_kniga_2.fb2.zip</filename>
	<title>О'Санчес. Суть острова. Книга 2</title>
</book>
<book>
	<filename>osborn_myeggi/osborn_myeggi_da_da_da.fb2.zip</filename>
	<title>Осборн Мэгги. Да! Да! Да!</title>
</book>
<book>
	<filename>osborn_myeggi/osborn_myeggi_ego_prekrasnye_zheny.fb2.zip</filename>
	<title>Осборн Мэгги. Его прекрасные жены</title>
</book>
<book>
	<filename>osborn_myeggi/osborn_myeggi_ledibuntarka.fb2.zip</filename>
	<title>Осборн Мэгги. Леди-бунтарка</title>
</book>
<book>
	<filename>osborn_myeggi/osborn_myeggi_luchshii_muzhchina.fb2.zip</filename>
	<title>Осборн Мэгги. Лучший мужчина</title>
</book>
<book>
	<filename>osborn_myeggi/osborn_myeggi_luna_prerii.fb2.zip</filename>
	<title>Осборн Мэгги. Луна прерий</title>
</book>
<book>
	<filename>osborn_myeggi/osborn_myeggi_ne_boisya_lyubvi.fb2.zip</filename>
	<title>Осборн Мэгги. Не бойся любви</title>
</book>
<book>
	<filename>osborn_myeggi/osborn_myeggi_nevesty_peschanyh_prerii.fb2.zip</filename>
	<title>Осборн Мэгги. Невесты песчаных прерий</title>
</book>
<book>
	<filename>osborn_myeggi/osborn_myeggi_poka_ty_so_mnoi.fb2.zip</filename>
	<title>Осборн Мэгги. Пока ты со мной</title>
</book>
<book>
	<filename>osborn_myeggi/osborn_myeggi_ryzhaya_nevesta.fb2.zip</filename>
	<title>Осборн Мэгги. Рыжая невеста</title>
</book>
<book>
	<filename>osborn_myeggi/osborn_myeggi_zhena_neznakomca.fb2.zip</filename>
	<title>Осборн Мэгги. Жена незнакомца</title>
</book>
<book>
	<filename>oseeva_valentina/oseeva_valentina_horoshee.fb2.zip</filename>
	<title>Осеева Валентина Александровна. Хорошее</title>
</book>
<book>
	<filename>oseeva_valentina/oseeva_valentina_na_katke.fb2.zip</filename>
	<title>Осеева Валентина Александровна. На катке</title>
</book>
<book>
	<filename>oseeva_valentina/oseeva_valentina_otomstila.fb2.zip</filename>
	<title>Осеева Валентина Александровна. Отомстила</title>
</book>
<book>
	<filename>oseeva_valentina/oseeva_valentina_ploho.fb2.zip</filename>
	<title>Осеева Валентина Александровна. Плохо</title>
</book>
<book>
	<filename>oseeva_valentina/oseeva_valentina_tri_tovarisha.fb2.zip</filename>
	<title>Осеева Валентина Александровна. Три товарища</title>
</book>
<book>
	<filename>oseeva_valentina/oseeva_valentina_vasyok_trubachyov_i_ego_tovarishi.fb2.zip</filename>
	<title>Осеева Валентина Александровна. Васёк Трубачёв и его товарищи</title>
</book>
<book>
	<filename>oseeva_valentina/oseeva_valentina_volshebnoe_slovo.fb2.zip</filename>
	<title>Осеева Валентина Александровна. Волшебное слово</title>
</book>
<book>
	<filename>osetrov_gennadii/osetrov_gennadii_gibel_volhva.fb2.zip</filename>
	<title>Осетров Геннадий. Гибель волхва</title>
</book>
<book>
	<filename>oshennon_aleksandr/oshennon_aleksandr_antibard_moskovskii_roman.fb2.zip</filename>
	<title>О`Шеннон Александр. Антибард: московский роман</title>
</book>
<book>
	<filename>osipova_nelli/osipova_nelli_italyanskoe_kaprichchio_ili_strannosti_lyubvi.fb2.zip</filename>
	<title>Осипова Нелли. Итальянское каприччио, или Странности любви</title>
</book>
<book>
	<filename>osipov_k/osipov_k_aleksandr_vasilevich_suvorov.fb2.zip</filename>
	<title>Осипов К. Александр Васильевич Суворов</title>
</book>
<book>
	<filename>osipov_sergei/osipov_sergei_demony_vne_raspisaniya.fb2.zip</filename>
	<title>Осипов Сергей. Демоны вне расписания</title>
</book>
<book>
	<filename>osipov_sergei/osipov_sergei_luna_nad_lioneei.fb2.zip</filename>
	<title>Осипов Сергей. Луна над Лионеей</title>
</book>
<book>
	<filename>osipov_sergei/osipov_sergei_nochnaya_ohotnica.fb2.zip</filename>
	<title>Осипов Сергей. Ночная охотница</title>
</book>
<book>
	<filename>osira_tacuhiro/osira_tacuhiro_priglashenie_na_kokteil.fb2.zip</filename>
	<title>Осира Тацухиро. Приглашение на коктейль</title>
</book>
<book>
	<filename>osoyanu_nataliya/osoyanu_nataliya_nevesta_vetra.fb2.zip</filename>
	<title>Осояну Наталия. Невеста ветра</title>
</book>
<book>
	<filename>osoyanu_nataliya/osoyanu_nataliya_pero_iz_kryla_feniksa.fb2.zip</filename>
	<title>Осояну Наталия. Перо из крыла феникса</title>
</book>
<book>
	<filename>ospovat_lev/ospovat_lev_garsia_lorka.fb2.zip</filename>
	<title>Осповат Лев Самойлович. Гарсиа Лорка</title>
</book>
<book>
	<filename>ostapenko_yuliya/ostapenko_yuliya_bogi_reki.fb2.zip</filename>
	<title>Остапенко Юлия. Боги реки</title>
</book>
<book>
	<filename>ostapenko_yuliya/ostapenko_yuliya_chto_tam_za_dveryu_fantastika_2006_sbornik.fb2.zip</filename>
	<title>Остапенко Юлия. Что там, за дверью? (“Фантастика 2006” сборник)</title>
</book>
<book>
	<filename>ostapenko_yuliya/ostapenko_yuliya_den_burunduchka.fb2.zip</filename>
	<title>Остапенко Юлия. День бурундучка</title>
</book>
<book>
	<filename>ostapenko_yuliya/ostapenko_yuliya_igry_ryadom.fb2.zip</filename>
	<title>Остапенко Юлия. Игры рядом</title>
</book>
<book>
	<filename>ostapenko_yuliya/ostapenko_yuliya_korolevskaya_ohota.fb2.zip</filename>
	<title>Остапенко Юлия. Королевская охота</title>
</book>
<book>
	<filename>ostapenko_yuliya/ostapenko_yuliya_nenavist.fb2.zip</filename>
	<title>Остапенко Юлия. Ненависть</title>
</book>
<book>
	<filename>ostapenko_yuliya/ostapenko_yuliya_romashka.fb2.zip</filename>
	<title>Остапенко Юлия. Ромашка</title>
</book>
<book>
	<filename>ostapenko_yuliya/ostapenko_yuliya_rycar_pechalnogo_neitraliteta.fb2.zip</filename>
	<title>Остапенко Юлия. Рыцарь печального нейтралитета</title>
</book>
<book>
	<filename>ostapenko_yuliya/ostapenko_yuliya_slishkom.fb2.zip</filename>
	<title>Остапенко Юлия. Слишком</title>
</book>
<book>
	<filename>ostapenko_yuliya/ostapenko_yuliya_sobaka_moego_vraga.fb2.zip</filename>
	<title>Остапенко Юлия. Собака моего врага</title>
</book>
<book>
	<filename>ostapenko_yuliya/ostapenko_yuliya_ya_prishla.fb2.zip</filename>
	<title>Остапенко Юлия. Я пришла</title>
</book>
<book>
	<filename>ostapenko_yuliya/ostapenko_yuliya_zachem_nam_vragi.fb2.zip</filename>
	<title>Остапенко Юлия. Зачем нам враги</title>
</book>
<book>
	<filename>ostapenko_yuliya/ostapenko_yuliya_zhazhda_snyashih.fb2.zip</filename>
	<title>Остапенко Юлия. Жажда снящих</title>
</book>
<book>
	<filename>osten_dzhein/osten_dzhein_chuvstvo_i_chuvstvitelnost_razum_i_chuvstvo.fb2.zip</filename>
	<title>Остен Джейн. Чувство и чувствительность [Разум и чувство]</title>
</book>
<book>
	<filename>osten_dzhein/osten_dzhein_dovody_rassudka.fb2.zip</filename>
	<title>Остен Джейн. Доводы рассудка</title>
</book>
<book>
	<filename>osten_dzhein/osten_dzhein_gordost_i_predubezhdenie.fb2.zip</filename>
	<title>Остен Джейн. Гордость и предубеждение</title>
</book>
<book>
	<filename>osten_dzhein/osten_dzhein_myensfildpark.fb2.zip</filename>
	<title>Остен Джейн. Мэнсфилд-парк</title>
</book>
<book>
	<filename>osten_dzhein/osten_dzhein_nortengerskoe_abbatstvo.fb2.zip</filename>
	<title>Остен Джейн. Нортенгерское аббатство</title>
</book>
<book>
	<filename>osten_dzhein/osten_dzhein_pride_and_prejudice.fb2.zip</filename>
	<title>Остен Джейн. Pride and Prejudice</title>
</book>
<book>
	<filename>osten_dzhein/osten_dzhein_sense_and_sensibility.fb2.zip</filename>
	<title>Остен Джейн. Sense and Sensibility</title>
</book>
<book>
	<filename>osten_dzhein/osten_dzhein_yemma.fb2.zip</filename>
	<title>Остeн Джейн. Эмма</title>
</book>
<book>
	<filename>ostenso_marta/ostenso_marta_shalnye_kyeryu.fb2.zip</filename>
	<title>Остенсо Марта. Шальные Кэрью</title>
</book>
<book>
	<filename>oster_grigorii/oster_grigorii_legendy_i_mify_lavrovogo_pereulka.fb2.zip</filename>
	<title>Остер Григорий Бенционович. Легенды и мифы Лаврового переулка</title>
</book>
<book>
	<filename>oster_grigorii/oster_grigorii_nenaglyadnoe_posobie_po_matematike.fb2.zip</filename>
	<title>Остер Григорий Бенционович. Ненаглядное пособие по математике</title>
</book>
<book>
	<filename>oster_grigorii/oster_grigorii_petkamikrob.fb2.zip</filename>
	<title>Остер Григорий Бенционович. Петька-микроб</title>
</book>
<book>
	<filename>oster_grigorii/oster_grigorii_protivnye_zadachi.fb2.zip</filename>
	<title>Остер Григорий Бенционович. Противные задачи</title>
</book>
<book>
	<filename>oster_grigorii/oster_grigorii_vrednye_sovety.fb2.zip</filename>
	<title>Остер Григорий. Вредные советы</title>
</book>
<book>
	<filename>oster_pol/oster_pol_kniga_illyuzii.fb2.zip</filename>
	<title>Остер Пол. Книга иллюзий</title>
</book>
<book>
	<filename>oster_pol/oster_pol_mister_vertigo.fb2.zip</filename>
	<title>Остер Пол. Мистер Вертиго</title>
</book>
<book>
	<filename>oster_pol/oster_pol_nyuiorkskaya_trilogiya.fb2.zip</filename>
	<title>Остер Пол. Нью-йоркская трилогия</title>
</book>
<book>
	<filename>oster_pol/oster_pol_prizraki.fb2.zip</filename>
	<title>Остер Пол. Призраки</title>
</book>
<book>
	<filename>oster_pol/oster_pol_steklyannyi_gorod.fb2.zip</filename>
	<title>Остер Пол. Стеклянный город</title>
</book>
<book>
	<filename>oster_pol/oster_pol_timbuktu.fb2.zip</filename>
	<title>Остер Пол. Тимбукту</title>
</book>
<book>
	<filename>oster_pol/oster_pol_zapertaya_komnata.fb2.zip</filename>
	<title>Остер Пол. Запертая комната</title>
</book>
<book>
	<filename>ostin_nessi/ostin_nessi_prilezhnaya_uchenica.fb2.zip</filename>
	<title>Остин Несси. Прилежная ученица</title>
</book>
<book>
	<filename>ostromenckaya_nadezhda/ostromenckaya_nadezhda_priklyucheniya_malchika_s_sobakoi.fb2.zip</filename>
	<title>Остроменцкая Надежда Феликсовна. Приключения мальчика с собакой</title>
</book>
<book>
	<filename>ostroumov_stefan/ostroumov_stefan_mysli_o_chudesah.fb2.zip</filename>
	<title>Остроумов Стефан. Мысли о чудесах</title>
</book>
<book>
	<filename>ostrovskaya_marina/ostrovskaya_marina_chernaya_vdova.fb2.zip</filename>
	<title>Островская Марина. Черная вдова</title>
</book>
<book>
	<filename>ostrovskaya_olga/ostrovskaya_olga_sotvori_sebe_udachu.fb2.zip</filename>
	<title>Островская Ольга. Сотвори себе удачу</title>
</book>
<book>
	<filename>ostrovskii_aleksandr/ostrovskii_aleksandr_bespridannica.fb2.zip</filename>
	<title>Островский Александр Николаевич. Бесприданница</title>
</book>
<book>
	<filename>ostrovskii_aleksandr/ostrovskii_aleksandr_bez_viny_vinovatye.fb2.zip</filename>
	<title>Островский Александр Николаевич. Без вины виноватые</title>
</book>
<book>
	<filename>ostrovskii_aleksandr/ostrovskii_aleksandr_dohodnoe_mesto.fb2.zip</filename>
	<title>Островский Александр Николаевич. Доходное место</title>
</book>
<book>
	<filename>ostrovskii_aleksandr/ostrovskii_aleksandr_groza.fb2.zip</filename>
	<title>Островский Александр Николаевич. Гроза</title>
</book>
<book>
	<filename>ostrovskii_aleksandr/ostrovskii_aleksandr_les.fb2.zip</filename>
	<title>Островский Александр Николаевич. Лес</title>
</book>
<book>
	<filename>ostrovskii_aleksandr/ostrovskii_aleksandr_na_boikom_meste.fb2.zip</filename>
	<title>Островский Александр Николаевич. На бойком месте</title>
</book>
<book>
	<filename>ostrovskii_aleksandr/ostrovskii_aleksandr_na_vsyakogo_mudreca_dovolno_prostoty.fb2.zip</filename>
	<title>Островский Александр Николаевич. На всякого мудреца довольно простоты</title>
</book>
<book>
	<filename>ostrovskii_aleksandr/ostrovskii_aleksandr_ne_bylo_ni_grosha_da_vdrug_altyn.fb2.zip</filename>
	<title>Островский Александр Николаевич. Не было ни гроша, да вдруг алтын</title>
</book>
<book>
	<filename>ostrovskii_aleksandr/ostrovskii_aleksandr_ne_vse_kotu_maslenica.fb2.zip</filename>
	<title>Островский Александр Николаевич. Не все коту масленица</title>
</book>
<book>
	<filename>ostrovskii_aleksandr/ostrovskii_aleksandr_ne_v_svoi_sani_ne_sadis.fb2.zip</filename>
	<title>Островский Александр Николаевич. Не в свои сани не садись</title>
</book>
<book>
	<filename>ostrovskii_aleksandr/ostrovskii_aleksandr_snegurochka.fb2.zip</filename>
	<title>Островский Александр Николаевич. Снегурочка</title>
</book>
<book>
	<filename>ostrovskii_aleksandr/ostrovskii_aleksandr_svoi_lyudi_sochtemsya.fb2.zip</filename>
	<title>Островский Александр Николаевич. Свои люди – сочтемся</title>
</book>
<book>
	<filename>ostrovskii_aleksandr/ostrovskii_aleksandr_v_chuzhom_piru_pohmele.fb2.zip</filename>
	<title>Островский Александр Николаевич. В чужом пиру похмелье</title>
</book>
<book>
	<filename>ostrovskii_aleksandr/ostrovskii_aleksandr_volki_i_ovcy.fb2.zip</filename>
	<title>Островский Александр Николаевич. Волки и овцы</title>
</book>
<book>
	<filename>ostrovskii_aleksandr/ostrovskii_aleksandr_za_chem_poidesh_to_i_naidesh_zhenitba_balzaminova.fb2.zip</filename>
	<title>Островский Александр Николаевич. За чем пойдешь, то и найдешь (Женитьба Бальзаминова)</title>
</book>
<book>
	<filename>ostrovskii_boris/ostrovskii_boris_admiral_makarov.fb2.zip</filename>
	<title>Островский Борис Генрихович. Адмирал Макаров</title>
</book>
<book>
	<filename>ostrovskii_boris/ostrovskii_boris_velikaya_severnaya_yekspediciya.fb2.zip</filename>
	<title>Островский Борис Генрихович. Великая Северная экспедиция</title>
</book>
<book>
	<filename>ostrovskii_nikolai/ostrovskii_nikolai_rozhdennye_burei.fb2.zip</filename>
	<title>Островский Николай Алексеевич. Рожденные бурей</title>
</book>
<book>
	<filename>ostrovskii_viktor/ostrovskii_viktor_lev_pustyni.fb2.zip</filename>
	<title>Островский Виктор. Лев пустыни</title>
</book>
<book>
	<filename>ostrovskii_viktor/ostrovskii_viktor_mossad_putem_obmana_razoblacheniya_izrailskogo_razvedchika.fb2.zip</filename>
	<title>Островский Виктор. Моссад: путем обмана (разоблачения израильского разведчика)</title>
</book>
<book>
	<filename>ostrovski_viktor/ostrovski_viktor_lev_iudei.fb2.zip</filename>
	<title>Островски Виктор. Лев Иудеи</title>
</book>
<book>
	<filename>osvald_georg/osvald_georg_vse_chto_schitaetsya.fb2.zip</filename>
	<title>Освальд Георг. Все, что считается</title>
</book>
<book>
	<filename>otroshenko_vladislav/otroshenko_vladislav_tainaya_istoriya_tvorenii.fb2.zip</filename>
	<title>Отрошенко Владислав. Тайная история творений</title>
</book>
<book>
	<filename>otstavnov_maksim/otstavnov_maksim_prikladnye_svobodnye_programmy_i_sistemy_v_shkole.fb2.zip</filename>
	<title>Отставнов Максим. Прикладные свободные программы и системы в школе</title>
</book>
<book>
	<filename>otten_myerri/otten_myerri_charodei_s_yavy.fb2.zip</filename>
	<title>Оттен Мэрри. Чародеи с Явы</title>
</book>
<book>
	<filename>ottolengui_rodrig/ottolengui_rodrig_pugovicakameya.fb2.zip</filename>
	<title>Оттоленгуи Родриг. Пуговица-камея</title>
</book>
<book>
	<filename>outs_dzhois/outs_dzhois_chernaya_voda.fb2.zip</filename>
	<title>Оутс Джойс Кэрол. Черная вода</title>
</book>
<book>
	<filename>outs_dzhois/outs_dzhois_sad_radostei_zemnyh.fb2.zip</filename>
	<title>Оутс Джойс Кэрол. Сад радостей земных</title>
</book>
<book>
	<filename>ouyan_shan_/ouyan_shan__zhiteiskaya_sueta.fb2.zip</filename>
	<title>Оуян Шань. Житейская суета</title>
</book>
<book>
	<filename>ouyen_rut/ouyen_rut_doch_igroka.fb2.zip</filename>
	<title>Оуэн Рут. Дочь игрока</title>
</book>
<book>
	<filename>ouyen_tomas/ouyen_tomas_dagidy.fb2.zip</filename>
	<title>Оуэн Томас. Дагиды</title>
</book>
<book>
	<filename>ovalov_lev/ovalov_lev_boltovnya.fb2.zip</filename>
	<title>Овалов Лев Сергеевич. Болтовня</title>
</book>
<book>
	<filename>ovalov_lev/ovalov_lev_buket_alyh_roz.fb2.zip</filename>
	<title>Овалов Лев Сергеевич. Букет алых роз</title>
</book>
<book>
	<filename>ovalov_lev/ovalov_lev_dvadcatye_gody.fb2.zip</filename>
	<title>Овалов Лев Сергеевич. Двадцатые годы</title>
</book>
<book>
	<filename>ovalov_lev/ovalov_lev_goluboi_angel.fb2.zip</filename>
	<title>Овалов Лев Сергеевич. Голубой ангел</title>
</book>
<book>
	<filename>ovalov_lev/ovalov_lev_istoriya_odnoi_sudby.fb2.zip</filename>
	<title>Овалов Лев Сергеевич. История одной судьбы</title>
</book>
<book>
	<filename>ovalov_lev/ovalov_lev_mednaya_pugovica.fb2.zip</filename>
	<title>Овалов Лев. Медная пуговица</title>
</book>
<book>
	<filename>ovalov_lev/ovalov_lev_pomni_obo_mne.fb2.zip</filename>
	<title>Овалов Лев Сергеевич. Помни обо мне</title>
</book>
<book>
	<filename>ovalov_lev/ovalov_lev_rasskazy_maiora_pronina.fb2.zip</filename>
	<title>Овалов Лев Сергеевич. Рассказы майора Пронина</title>
</book>
<book>
	<filename>ovalov_lev/ovalov_lev_sekretnoe_oruzhie.fb2.zip</filename>
	<title>Овалов Лев. Секретное оружие</title>
</book>
<book>
	<filename>ovalov_lev/ovalov_lev_yanvarskie_nochi.fb2.zip</filename>
	<title>Овалов Лев Сергеевич. Январские ночи</title>
</book>
<book>
	<filename>ovchinnikova_anna/ovchinnikova_anna_lunnaya_devushka.fb2.zip</filename>
	<title>Овчинникова Анна. Лунная девушка</title>
</book>
<book>
	<filename>ovchinnikov_oleg/ovchinnikov_oleg_cherez_ternii_k_zvezdam.fb2.zip</filename>
	<title>Овчинников Олег. Через терний — к звездам?</title>
</book>
<book>
	<filename>ovchinnikov_oleg/ovchinnikov_oleg_connect_to_heaven.fb2.zip</filename>
	<title>Овчинников Олег. Connect to heaven</title>
</book>
<book>
	<filename>ovchinnikov_oleg/ovchinnikov_oleg_igrushkin_dom.fb2.zip</filename>
	<title>Овчинников Олег. Игрушкин дом</title>
</book>
<book>
	<filename>ovchinnikov_oleg/ovchinnikov_oleg_kreativshiki.fb2.zip</filename>
	<title>Овчинников Олег. Креативщики</title>
</book>
<book>
	<filename>ovchinnikov_oleg/ovchinnikov_oleg_naezd.fb2.zip</filename>
	<title>Овчинников Олег. Наезд</title>
</book>
<book>
	<filename>ovchinnikov_oleg/ovchinnikov_oleg_nelepaya_smert_lyubimoi_devushki.fb2.zip</filename>
	<title>Овчинников Олег. Нелепая смерть любимой девушки</title>
</book>
<book>
	<filename>ovchinnikov_oleg/ovchinnikov_oleg_otnyud.fb2.zip</filename>
	<title>Овчинников Олег. Отнюдь!</title>
</book>
<book>
	<filename>ovchinnikov_oleg/ovchinnikov_oleg_problemy_s_yetim_krasnym_kotoryi_vo_rtu.fb2.zip</filename>
	<title>Овчинников Олег. Проблемы с этим… красным… который во рту!</title>
</book>
<book>
	<filename>ovchinnikov_oleg/ovchinnikov_oleg_prometro.fb2.zip</filename>
	<title>Овчинников Олег. ProМетро</title>
</book>
<book>
	<filename>ovchinnikov_oleg/ovchinnikov_oleg_put_k_serdcu_zhenshiny.fb2.zip</filename>
	<title>Овчинников Олег. Путь к сердцу женщины</title>
</book>
<book>
	<filename>ovchinnikov_oleg/ovchinnikov_oleg_rotaprint.fb2.zip</filename>
	<title>Овчинников Олег. Ротапринт</title>
</book>
<book>
	<filename>ovchinnikov_oleg/ovchinnikov_oleg_sem_grehov_radugi.fb2.zip</filename>
	<title>Овчинников Олег. Семь грехов радуги</title>
</book>
<book>
	<filename>ovchinnikov_oleg/ovchinnikov_oleg_yeto_sluchilos.fb2.zip</filename>
	<title>Овчинников Олег. Это случилось…</title>
</book>
<book>
	<filename>ovchinnikov_vsevolod/ovchinnikov_vsevolod_korni_duba_vpechatleniya_i_razmyshleniya_ob_anglii_i_anglichanah_c_illyustraciyami.fb2.zip</filename>
	<title>Овчинников Всеволод Владимирович. Корни дуба. Впечатления и размышления об Англии и англичанах. (c иллюстрациями)</title>
</book>
<book>
	<filename>ovchinnikov_vsevolod/ovchinnikov_vsevolod_vetka_sakury.fb2.zip</filename>
	<title>Овчинников Всеволод. Ветка сакуры</title>
</book>
<book>
	<filename>overchuk_aleksei/overchuk_aleksei_bluzhdayushie_ogni.fb2.zip</filename>
	<title>Оверчук Алексей. Блуждающие огни</title>
</book>
<book>
	<filename>overchuk_aleksei/overchuk_aleksei_teni_voiny.fb2.zip</filename>
	<title>Оверчук Алексей. Тени войны</title>
</book>
<book>
	<filename>oye_kyendzaburo/oye_kyendzaburo_chudnaya_rabota.fb2.zip</filename>
	<title>Оэ Кэндзабуро. Чудная работа</title>
</book>
<book>
	<filename>oye_kyendzaburo/oye_kyendzaburo_igry_sovremennikov.fb2.zip</filename>
	<title>Оэ Кэндзабуро. Игры современников</title>
</book>
<book>
	<filename>oye_kyendzaburo/oye_kyendzaburo_lesnoi_otshelnik_yadernogo_veka.fb2.zip</filename>
	<title>Оэ Кэндзабуро. Лесной отшельник ядерного века</title>
</book>
<book>
	<filename>oye_kyendzaburo/oye_kyendzaburo_obyali_menya_vody_do_dushi_moei.fb2.zip</filename>
	<title>Оэ Кэндзабуро. Объяли меня воды до души моей...</title>
</book>
<book>
	<filename>oye_kyendzaburo/oye_kyendzaburo_opozdavshaya_molodezh.fb2.zip</filename>
	<title>Оэ Кэндзабуро. Опоздавшая молодежь</title>
</book>
<book>
	<filename>ozhigova_natalya/ozhigova_natalya_larechnica_larka.fb2.zip</filename>
	<title>Ожигова Наталья. Ларечница Ларька</title>
</book>
<book>
	<filename>ozhigova_natalya/ozhigova_natalya_mechtat_ne_vredno.fb2.zip</filename>
	<title>Ожигова Наталья. Мечтать не вредно...</title>
</book>
<book>
	<filename>ozhigova_natalya/ozhigova_natalya_progulka_s_sobachkoi.fb2.zip</filename>
	<title>Ожигова Наталья. Прогулка с собачкой</title>
</book>
<book>
	<filename>ozhigova_natalya/ozhigova_natalya_ryedspeleolog.fb2.zip</filename>
	<title>Ожигова Наталья. Рэд-спелеолог</title>
</book>
<book>
	<filename>oznobishin_nil/oznobishin_nil_iskusstvo_rukopashnogo_boya.fb2.zip</filename>
	<title>Ознобишин Нил Н. Искусство рукопашного боя.</title>
</book>

</books>
