<?xml version="1.0" encoding="UTF-8" ?>
<books>

<book>
	<filename>obedin_vitalii/obedin_vitalii_dikii_talant.fb2.zip</filename>
	<title> Обедин Виталий. Дикий Талант</title>
</book>
<book>
	<filename>obrazcova_tatyana/obrazcova_tatyana_logicheskie_igry_dlya_detei.fb2.zip</filename>
	<title> Образцова Татьяна Николаевна. Логические игры для детей</title>
</book>
<book>
	<filename>obrazcova_tatyana/obrazcova_tatyana_muzykalnye_igry_dlya_detei.fb2.zip</filename>
	<title> Образцова Татьяна Николаевна. Музыкальные игры для детей</title>
</book>
<book>
	<filename>obrazcova_tatyana/obrazcova_tatyana_psihologicheskie_igry_dlya_detei.fb2.zip</filename>
	<title> Образцова Татьяна Николаевна. Психологические игры для детей</title>
</book>
<book>
	<filename>obrazcova_tatyana/obrazcova_tatyana_rolevye_igry_dlya_detei.fb2.zip</filename>
	<title> Образцова Татьяна Николаевна. Ролевые игры для детей</title>
</book>
<book>
	<filename>obrazcova_tatyana/obrazcova_tatyana_yumoristicheskie_igry_dlya_detei.fb2.zip</filename>
	<title> Образцова Татьяна Николаевна. Юмористические игры для детей</title>
</book>
<book>
	<filename>obruchev_vladimir/obruchev_vladimir_v_debryah_centralnoi_azii_zapiski_kladoiskatelya.fb2.zip</filename>
	<title> Обручев Владимир Афанасьевич. В дебрях Центральной Азии (записки кладоискателя)</title>
</book>
<book>
	<filename>obuh_l/obuh_l_kolli.fb2.zip</filename>
	<title> Обух Л. Б. Колли</title>
</book>
<book>
	<filename>odinec_vladimir/odinec_vladimir_mysh_reiv_vremeni.fb2.zip</filename>
	<title> Одинец Владимир. Мышь – рейв времени</title>
</book>
<book>
	<filename>odoevskii_vladimir/odoevskii_vladimir_dva_dni_v_zhizni_zemnogo_shara.fb2.zip</filename>
	<title> Одоевский Владимир Федорович. Два дни в жизни земного шара</title>
</book>
<book>
	<filename>odoevskii_vladimir/odoevskii_vladimir_igosha.fb2.zip</filename>
	<title> Одоевский Владимир Федорович. Игоша</title>
</book>
<book>
	<filename>odoevskii_vladimir/odoevskii_vladimir_kosmorama.fb2.zip</filename>
	<title> Одоевский Владимир Федорович. Косморама</title>
</book>
<book>
	<filename>odoevskii_vladimir/odoevskii_vladimir_neoboidennyi_dom.fb2.zip</filename>
	<title> Одоевский Владимир Федорович. Необойденный дом</title>
</book>
<book>
	<filename>odoevskii_vladimir/odoevskii_vladimir_salamandra.fb2.zip</filename>
	<title> Одоевский Владимир Федорович. Саламандра</title>
</book>
<book>
	<filename>odoevskii_vladimir/odoevskii_vladimir_silfida.fb2.zip</filename>
	<title> Одоевский Владимир Федорович. Сильфида</title>
</book>
<book>
	<filename>odoevskii_vladimir/odoevskii_vladimir_skazki_dedushki_irineya.fb2.zip</filename>
	<title> Одоевский Владимир Федорович. Сказки дедушки Иринея</title>
</book>
<book>
	<filename>oduvalova_anna/oduvalova_anna_nizvergayushii_v_bezdnu.fb2.zip</filename>
	<title> Одувалова Анна Сергеевна. Низвергающий в бездну</title>
</book>
<book>
	<filename>oduvalova_anna/oduvalova_anna_ozherele_larany.fb2.zip</filename>
	<title> Одувалова Анна Сергеевна. Ожерелье Лараны</title>
</book>
<book>
	<filename>ogai_igor/ogai_igor_pismo_s_zemli.fb2.zip</filename>
	<title> Огай Игорь. Письмо с Земли</title>
</book>
<book>
	<filename>ogai_igor/ogai_igor_predel_oborony.fb2.zip</filename>
	<title> Огай Игорь. Предел обороны</title>
</book>
<book>
	<filename>ogai_igor/ogai_igor_proryv_osady.fb2.zip</filename>
	<title> Огай Игорь. Прорыв осады</title>
</book>
<book>
	<filename>ogai_igor/ogai_igor_uroven_ataki.fb2.zip</filename>
	<title> Огай Игорь. Уровень атаки</title>
</book>
<book>
	<filename>oganyan_m/oganyan_m_zolotye_recepty_naturopatii.fb2.zip</filename>
	<title> Оганян М. В. Золотые рецепты натуропатии</title>
</book>
<book>
	<filename>oganyan_marva/oganyan_marva_put_k_zdorovyu_rebenka.fb2.zip</filename>
	<title> Оганян Марва. Путь к здоровью ребенка</title>
</book>
<book>
	<filename>oganyan_marva/oganyan_marva_zolotye_recepty_naturopatii.fb2.zip</filename>
	<title> Оганян Марва. Золотые рецепты натуропатии</title>
</book>
<book>
	<filename>ogaryov_georgii/ogaryov_georgii_1000_pritch.fb2.zip</filename>
	<title> Огарёв Георгий. 1000 притч</title>
</book>
<book>
	<filename>ogaryov_georgii/ogaryov_georgii_100_i_1_ochepyatka_i_ogovorka.fb2.zip</filename>
	<title> Огарёв Георгий. 100 и 1 очепятка и оговорка</title>
</book>
<book>
	<filename>ogaryov_georgii/ogaryov_georgii_22_zakona_upravleniya_lyudmi.fb2.zip</filename>
	<title> Огарёв Георгий. 22 закона управления людьми</title>
</book>
<book>
	<filename>ogaryov_georgii/ogaryov_georgii_27_zakonov_yekonomnogo_vedeniya_hozyaistva.fb2.zip</filename>
	<title> Огарёв Георгий. 27 законов экономного ведения хозяйства</title>
</book>
<book>
	<filename>ogaryov_georgii/ogaryov_georgii_28_zakonov_karernogo_rosta.fb2.zip</filename>
	<title> Огарёв Георгий. 28 законов карьерного роста</title>
</book>
<book>
	<filename>ogaryov_georgii/ogaryov_georgii_33_zakona_uspeha.fb2.zip</filename>
	<title> Огарёв Георгий. 33 закона успеха</title>
</book>
<book>
	<filename>ogaryov_georgii/ogaryov_georgii_34_zakona_yeffektivnogo_upravleniya_kompaniei.fb2.zip</filename>
	<title> Огарёв Георгий. 34 закона эффективного управления компанией</title>
</book>
<book>
	<filename>ogaryov_georgii/ogaryov_georgii_37_zakonov_upravleniya_soboi.fb2.zip</filename>
	<title> Огарёв Георгий. 37 законов управления собой</title>
</book>
<book>
	<filename>ogaryov_georgii/ogaryov_georgii_50_zolotyh_idei_v_filosofii.fb2.zip</filename>
	<title> Огарёв Георгий. 50 золотых идей в философии</title>
</book>
<book>
	<filename>o_genri_/o_genri__bluzhdaniya_bez_pamyati.fb2.zip</filename>
	<title> Генри О. Блуждания без памяти</title>
</book>
<book>
	<filename>o_genri_/o_genri__cenitel_i_peska.fb2.zip</filename>
	<title> Генри О. Ценитель и пьеска</title>
</book>
<book>
	<filename>o_genri_/o_genri__dorogi_kotorye_my_vybiraem.fb2.zip</filename>
	<title> Генри О. Дороги, которые мы выбираем</title>
</book>
<book>
	<filename>o_genri_/o_genri__formalnaya_oshibka.fb2.zip</filename>
	<title> Генри О. Формальная ошибка</title>
</book>
<book>
	<filename>o_genri_/o_genri__gromila_i_tommi.fb2.zip</filename>
	<title> Генри О. Громила и Томми</title>
</book>
<book>
	<filename>o_genri_/o_genri__komediya_lyubopytstva.fb2.zip</filename>
	<title> Генри О. Комедия любопытства</title>
</book>
<book>
	<filename>o_genri_/o_genri__kvadratura_kruga.fb2.zip</filename>
	<title> Генри О. Квадратура круга</title>
</book>
<book>
	<filename>o_genri_/o_genri__nalet_na_poezd.fb2.zip</filename>
	<title> Генри О. Налет на поезд</title>
</book>
<book>
	<filename>o_genri_/o_genri__odin_chas_polnoi_zhizni.fb2.zip</filename>
	<title> Генри О. Один час полной жизни</title>
</book>
<book>
	<filename>o_genri_/o_genri__pohishenie_medory.fb2.zip</filename>
	<title> Генри О. Похищение Медоры</title>
</book>
<book>
	<filename>o_genri_/o_genri__poslednii_list.fb2.zip</filename>
	<title> Генри О. Последний лист</title>
</book>
<book>
	<filename>o_genri_/o_genri__prevrashenie_dzhimmi_valentaina.fb2.zip</filename>
	<title> Генри О. Превращение Джимми Валентайна</title>
</book>
<book>
	<filename>o_genri_/o_genri__sila_privychki.fb2.zip</filename>
	<title> Генри О. Сила привычки</title>
</book>
<book>
	<filename>o_genri_/o_genri__spros_i_predlozhenie.fb2.zip</filename>
	<title> Генри О. Спрос и предложение</title>
</book>
<book>
	<filename>o_genri_/o_genri__teatr_yeto_mir.fb2.zip</filename>
	<title> Генри О. Театр – это мир</title>
</book>
<book>
	<filename>o_genri_/o_genri__v_arkadii_proezdom.fb2.zip</filename>
	<title> Генри О. В Аркадии проездом</title>
</book>
<book>
	<filename>o_genri_/o_genri__volshebnyi_profil.fb2.zip</filename>
	<title> Генри О. Волшебный профиль</title>
</book>
<book>
	<filename>o_genri_/o_genri__vorobi_na_myedisonskvere.fb2.zip</filename>
	<title> Генри О. Воробьи на Мэдисон-сквере</title>
</book>
<book>
	<filename>o_genri_/o_genri__vo_vtorom_chasu_u_runi.fb2.zip</filename>
	<title> Генри О. Во втором часу у Руни</title>
</book>
<book>
	<filename>o_genri_/o_genri__vozhd_krasnokozhih.fb2.zip</filename>
	<title> Генри О. Вождь краснокожих</title>
</book>
<book>
	<filename>o_genri_/o_genri__zhertva_nevpopad.fb2.zip</filename>
	<title> Генри О. Жертва невпопад</title>
</book>
<book>
	<filename>o_genri_/o_genri__zoloto_i_lyubov.fb2.zip</filename>
	<title> Генри О. Золото и любовь</title>
</book>
<book>
	<filename>okulov_vladimir/okulov_vladimir_yenciklopediya_yunogo_akvariumista.fb2.zip</filename>
	<title> Окулов Владимир. Энциклопедия юного аквариумиста</title>
</book>
<book>
	<filename>okun_mihail/okun_mihail_androgin.fb2.zip</filename>
	<title> Окунь Михаил. Андрогин</title>
</book>
<book>
	<filename>okun_mihail/okun_mihail_anri_de_tuluzlotrek.fb2.zip</filename>
	<title> Окунь Михаил. Анри де Тулуз-Лотрек</title>
</book>
<book>
	<filename>okun_mihail/okun_mihail_bezdomnaya_lyubov.fb2.zip</filename>
	<title> Окунь Михаил. Бездомная любовь</title>
</book>
<book>
	<filename>okun_mihail/okun_mihail_chernyi_med.fb2.zip</filename>
	<title> Окунь Михаил. Черный мед</title>
</book>
<book>
	<filename>okun_mihail/okun_mihail_delo_drezdenshi.fb2.zip</filename>
	<title> Окунь Михаил. Дело Дрезденши</title>
</book>
<book>
	<filename>okun_mihail/okun_mihail_derevenskaya_princessa.fb2.zip</filename>
	<title> Окунь Михаил. Деревенская принцесса</title>
</book>
<book>
	<filename>okun_mihail/okun_mihail_don_zhuan_v_adu.fb2.zip</filename>
	<title> Окунь Михаил. Дон Жуан в аду</title>
</book>
<book>
	<filename>okun_mihail/okun_mihail_doroga_iz_rozovogo_kirpicha.fb2.zip</filename>
	<title> Окунь Михаил. Дорога из розового кирпича</title>
</book>
<book>
	<filename>okun_mihail/okun_mihail_forma_oplaty.fb2.zip</filename>
	<title> Окунь Михаил. Форма оплаты</title>
</book>
<book>
	<filename>okun_mihail/okun_mihail_fragmenty_k_noveishei_istorii_prostitucii.fb2.zip</filename>
	<title> Окунь Михаил. Фрагменты к «Новейшей истории проституции»</title>
</book>
<book>
	<filename>okun_mihail/okun_mihail_francuzskaya_bolezn.fb2.zip</filename>
	<title> Окунь Михаил. Французская болезнь</title>
</book>
<book>
	<filename>okun_mihail/okun_mihail_gamak_na_dvoih.fb2.zip</filename>
	<title> Окунь Михаил. Гамак на двоих</title>
</book>
<book>
	<filename>okun_mihail/okun_mihail_gostepriimnaya_prostituciya.fb2.zip</filename>
	<title> Окунь Михаил. Гостеприимная проституция</title>
</book>
<book>
	<filename>okun_mihail/okun_mihail_gryaznaya_muza_ivana_barkova.fb2.zip</filename>
	<title> Окунь Михаил. «Грязная муза» Ивана Баркова</title>
</book>
<book>
	<filename>okun_mihail/okun_mihail_holodnaya_baranina_dlya_oskara_uailda.fb2.zip</filename>
	<title> Окунь Михаил. «Холодная баранина» для Оскара Уайльда</title>
</book>
<book>
	<filename>okun_mihail/okun_mihail_inkuby_i_sukkuby.fb2.zip</filename>
	<title> Окунь Михаил. Инкубы и суккубы</title>
</book>
<book>
	<filename>okun_mihail/okun_mihail_i_s_paroi_yunyh_vedmochek.fb2.zip</filename>
	<title> Окунь Михаил. И с парой юных ведьмочек</title>
</book>
<book>
	<filename>okun_mihail/okun_mihail_karibskie_kanikuly.fb2.zip</filename>
	<title> Окунь Михаил. Карибские каникулы</title>
</book>
<book>
	<filename>okun_mihail/okun_mihail_kazanova_v_peterburge.fb2.zip</filename>
	<title> Окунь Михаил. Казанова в Петербурге</title>
</book>
<book>
	<filename>okun_mihail/okun_mihail_kinyedy_antichnogo_mira.fb2.zip</filename>
	<title> Окунь Михаил. Кинэды античного мира</title>
</book>
<book>
	<filename>okun_mihail/okun_mihail_kishinev76.fb2.zip</filename>
	<title> Окунь Михаил. Кишинев-76</title>
</book>
<book>
	<filename>okun_mihail/okun_mihail_kovcheg.fb2.zip</filename>
	<title> Окунь Михаил. Ковчег</title>
</book>
<book>
	<filename>okun_mihail/okun_mihail_kroliki_raskolnikova.fb2.zip</filename>
	<title> Окунь Михаил. Кролики Раскольникова</title>
</book>
<book>
	<filename>okun_mihail/okun_mihail_lida.fb2.zip</filename>
	<title> Окунь Михаил. Лида</title>
</book>
<book>
	<filename>okun_mihail/okun_mihail_lupanarii_pompei.fb2.zip</filename>
	<title> Окунь Михаил. Лупанарии Помпеи</title>
</book>
<book>
	<filename>okun_mihail/okun_mihail_lyubovnoe_iskusstvo_drevnei_indii.fb2.zip</filename>
	<title> Окунь Михаил. Любовное искусство Древней Индии</title>
</book>
<book>
	<filename>okun_mihail/okun_mihail_maloletki_peterburga_petrograda_leningrada.fb2.zip</filename>
	<title> Окунь Михаил. Малолетки Петербурга, Петрограда, Ленинграда</title>
</book>
<book>
	<filename>okun_mihail/okun_mihail_malyshka_iz_kvartala_roppongi.fb2.zip</filename>
	<title> Окунь Михаил. Малышка из квартала Роппонги</title>
</book>
<book>
	<filename>okun_mihail/okun_mihail_molotoboec.fb2.zip</filename>
	<title> Окунь Михаил. Молотобоец</title>
</book>
<book>
	<filename>okun_mihail/okun_mihail_my_proidem_yetot_gorod_naskvoz.fb2.zip</filename>
	<title> Окунь Михаил. Мы пройдем этот город насквозь</title>
</book>
<book>
	<filename>okun_mihail/okun_mihail_myshonok.fb2.zip</filename>
	<title> Окунь Михаил. Мышонок</title>
</book>
<book>
	<filename>okun_mihail/okun_mihail_nepotrebnyh_ne_terpet.fb2.zip</filename>
	<title> Окунь Михаил. Непотребных не терпеть</title>
</book>
<book>
	<filename>okun_mihail/okun_mihail_nganasanka.fb2.zip</filename>
	<title> Окунь Михаил. Нганасанка</title>
</book>
<book>
	<filename>okun_mihail/okun_mihail_nyryalshica_iz_akapulko.fb2.zip</filename>
	<title> Окунь Михаил. Ныряльщица из Акапулько</title>
</book>
<book>
	<filename>okun_mihail/okun_mihail_opyty_obsheniya_s_potustoronnim_mirom.fb2.zip</filename>
	<title> Окунь Михаил. Опыты общения с потусторонним миром</title>
</book>
<book>
	<filename>okun_mihail/okun_mihail_otrok_i_guvernantka.fb2.zip</filename>
	<title> Окунь Михаил. Отрок и гувернантка</title>
</book>
<book>
	<filename>okun_mihail/okun_mihail_otsrochka_ada.fb2.zip</filename>
	<title> Окунь Михаил. Отсрочка ада</title>
</book>
<book>
	<filename>okun_mihail/okun_mihail_padshie_no_milye_sozdanya.fb2.zip</filename>
	<title> Окунь Михаил. Падшие, но милые созданья…</title>
</book>
<book>
	<filename>okun_mihail/okun_mihail_penzenskoe_delo.fb2.zip</filename>
	<title> Окунь Михаил. Пензенское дело</title>
</book>
<book>
	<filename>okun_mihail/okun_mihail_perelom.fb2.zip</filename>
	<title> Окунь Михаил. Перелом</title>
</book>
<book>
	<filename>okun_mihail/okun_mihail_pleiboi.fb2.zip</filename>
	<title> Окунь Михаил. Плейбой</title>
</book>
<book>
	<filename>okun_mihail/okun_mihail_pod_medvezhei_shkuroi.fb2.zip</filename>
	<title> Окунь Михаил. Под медвежьей шкурой</title>
</book>
<book>
	<filename>okun_mihail/okun_mihail_poslednii_yug.fb2.zip</filename>
	<title> Окунь Михаил. Последний юг</title>
</book>
<book>
	<filename>okun_mihail/okun_mihail_po_telefonu.fb2.zip</filename>
	<title> Окунь Михаил. По телефону</title>
</book>
<book>
	<filename>okun_mihail/okun_mihail_pozhiratel_malchikov.fb2.zip</filename>
	<title> Окунь Михаил. Пожиратель мальчиков</title>
</book>
<book>
	<filename>okun_mihail/okun_mihail_puteshestvie_v_cvetochnoi_lodke.fb2.zip</filename>
	<title> Окунь Михаил. Путешествие в цветочной лодке</title>
</book>
<book>
	<filename>okun_mihail/okun_mihail_rybka_poimannaya_v_gane.fb2.zip</filename>
	<title> Окунь Михаил. Рыбка, пойманная в Гане</title>
</book>
<book>
	<filename>okun_mihail/okun_mihail_seksgadalki_starogo_peterburga.fb2.zip</filename>
	<title> Окунь Михаил. Секс-гадалки старого Петербурга</title>
</book>
<book>
	<filename>okun_mihail/okun_mihail_shchelkunchik.fb2.zip</filename>
	<title> Окунь Михаил. Щелкунчик</title>
</book>
<book>
	<filename>okun_mihail/okun_mihail_shelkunchik.fb2.zip</filename>
	<title> Окунь Михаил. Щелкунчик</title>
</book>
<book>
	<filename>okun_mihail/okun_mihail_sindrom_adeli.fb2.zip</filename>
	<title> Окунь Михаил. Синдром Адели</title>
</book>
<book>
	<filename>okun_mihail/okun_mihail_smertelnoe_porno.fb2.zip</filename>
	<title> Окунь Михаил. Смертельное порно</title>
</book>
<book>
	<filename>okun_mihail/okun_mihail_spermagazin.fb2.zip</filename>
	<title> Окунь Михаил. Спермагазин</title>
</book>
<book>
	<filename>okun_mihail/okun_mihail_spoznatsya_za_shodnye_dengi.fb2.zip</filename>
	<title> Окунь Михаил. Спознаться за сходные деньги...</title>
</book>
<book>
	<filename>okun_mihail/okun_mihail_strashnyi_son_pisatelya_tyushina.fb2.zip</filename>
	<title> Окунь Михаил. Страшный сон писателя Тюшина</title>
</book>
<book>
	<filename>okun_mihail/okun_mihail_subbota_voskresene.fb2.zip</filename>
	<title> Окунь Михаил. Суббота, воскресенье…</title>
</book>
<book>
	<filename>okun_mihail/okun_mihail_svobodnaya_lyubov_poproletarski.fb2.zip</filename>
	<title> Окунь Михаил. Свободная любовь по-пролетарски</title>
</book>
<book>
	<filename>okun_mihail/okun_mihail_uragan_fomich.fb2.zip</filename>
	<title> Окунь Михаил. Ураган Фомич</title>
</book>
<book>
	<filename>okun_mihail/okun_mihail_velikaya_bludnica_vavilon.fb2.zip</filename>
	<title> Окунь Михаил. «Великая блудница» Вавилон</title>
</book>
<book>
	<filename>okun_mihail/okun_mihail_v_grecii_vse_est.fb2.zip</filename>
	<title> Окунь Михаил. В Греции все есть…</title>
</book>
<book>
	<filename>okun_mihail/okun_mihail_vorovka.fb2.zip</filename>
	<title> Окунь Михаил. Воровка</title>
</book>
<book>
	<filename>okun_mihail/okun_mihail_v_rayu_pesok_belyi.fb2.zip</filename>
	<title> Окунь Михаил. В раю песок белый</title>
</book>
<book>
	<filename>okun_mihail/okun_mihail_vtroem.fb2.zip</filename>
	<title> Окунь Михаил. Втроем</title>
</book>
<book>
	<filename>okun_mihail/okun_mihail_ya_lyubil_tebya_bolshe.fb2.zip</filename>
	<title> Окунь Михаил. Я любил тебя больше</title>
</book>
<book>
	<filename>okun_mihail/okun_mihail_zhena_nerona.fb2.zip</filename>
	<title> Окунь Михаил. Жена Нерона</title>
</book>
<book>
	<filename>okun_mihail/okun_mihail_zhenitsya_na_prostitutke.fb2.zip</filename>
	<title> Окунь Михаил. Жениться на проститутке?!</title>
</book>
<book>
	<filename>okun_mihail/okun_mihail_zhenshina_na_kreste.fb2.zip</filename>
	<title> Окунь Михаил. Женщина на кресте</title>
</book>
<book>
	<filename>okun_mihail/okun_mihail_zhertva_zapretnoi_strasti.fb2.zip</filename>
	<title> Окунь Михаил. Жертва запретной страсти?</title>
</book>
<book>
	<filename>okun_mihail/okun_mihail_zhizn_s_garemom.fb2.zip</filename>
	<title> Окунь Михаил. Жизнь с гаремом</title>
</book>
<book>
	<filename>okun_mihail/okun_mihail_znamenitye_francuzskie_kurtizanki.fb2.zip</filename>
	<title> Окунь Михаил. Знаменитые французские куртизанки</title>
</book>
<book>
	<filename>okun_mihail/okun_mihail_zolotaya_kletka.fb2.zip</filename>
	<title> Окунь Михаил. Золотая клетка</title>
</book>
<book>
	<filename>oldie_henry/oldie_henry_a_djinni_named_conscience.fb2.zip</filename>
	<title> Oldie Henry Lion. A Djinni Named Conscience</title>
</book>
<book>
	<filename>oldie_henry/oldie_henry_annabel_lee.fb2.zip</filename>
	<title> Oldie Henry Lion. Annabel Lee</title>
</book>
<book>
	<filename>oldie_henry/oldie_henry_dionysus_laughter.fb2.zip</filename>
	<title> Oldie Henry Lion. Dionysus' laughter</title>
</book>
<book>
	<filename>oldie_henry/oldie_henry_here_and_now.fb2.zip</filename>
	<title> Oldie Henry Lion. Here and Now</title>
</book>
<book>
	<filename>oldie_henry/oldie_henry_master.fb2.zip</filename>
	<title> Oldie Henry Lion. Master</title>
</book>
<book>
	<filename>oldie_henry/oldie_henry_messiah_clears_the_disc.fb2.zip</filename>
	<title> Oldie Henry Lion. Messiah Clears the Disc</title>
</book>
<book>
	<filename>oldie_henry/oldie_henry_nevermore.fb2.zip</filename>
	<title> Oldie Henry Lion. Nevermore</title>
</book>
<book>
	<filename>oldie_henry/oldie_henry_nobodys_house.fb2.zip</filename>
	<title> Oldie Henry Lion. Nobody’s House</title>
</book>
<book>
	<filename>oldie_henry/oldie_henry_the_eighth_circle_of_the_subway.fb2.zip</filename>
	<title> Oldie Henry Lion. The Eighth Circle of the Subway</title>
</book>
<book>
	<filename>oldie_henry/oldie_henry_the_prophet.fb2.zip</filename>
	<title> Oldie Henry Lion. The Prophet</title>
</book>
<book>
	<filename>oldie_henry/oldie_henry_une_vie_qui_na_pas_eu_lieu.fb2.zip</filename>
	<title> Oldie Henry Lion. Une vie qui n’a pas eu lieu</title>
</book>
<book>
	<filename>oldi_genri/oldi_genri_10_iskushenii_materogo_publikanta.fb2.zip</filename>
	<title> Олди Генри Лайон. 10 искушений матерого публиканта</title>
</book>
<book>
	<filename>oldi_genri/oldi_genri_az_vozdam.fb2.zip</filename>
	<title> Олди Генри Лайон. Аз воздам</title>
</book>
<book>
	<filename>oldi_genri/oldi_genri_ballada_dvoinikov.fb2.zip</filename>
	<title> Олди Генри Лайон. Баллада двойников</title>
</book>
<book>
	<filename>oldi_genri/oldi_genri_blednost_ne_porok_mayestro.fb2.zip</filename>
	<title> Олди Генри Лайон. Бледность не порок, маэстро!</title>
</book>
<book>
	<filename>oldi_genri/oldi_genri_cel_opravdyvaet_sredstva.fb2.zip</filename>
	<title> Олди Генри Лайон. Цель оправдывает средства</title>
</book>
<book>
	<filename>oldi_genri/oldi_genri_cena_deneg.fb2.zip</filename>
	<title> Олди Генри Лайон. Цена денег</title>
</book>
<book>
	<filename>oldi_genri/oldi_genri_chto_nasha_zhizn_igra.fb2.zip</filename>
	<title> Олди Генри Лайон. Что наша жизнь? – игра…</title>
</book>
<book>
	<filename>oldi_genri/oldi_genri_chuzhoi_sredi_svoih.fb2.zip</filename>
	<title> Олди Генри Лайон. Чужой среди своих</title>
</book>
<book>
	<filename>oldi_genri/oldi_genri_davno_ustalyi_rab_zamyslil_ya_pobeg.fb2.zip</filename>
	<title> Олди Генри Лайон. Давно, усталый раб, замыслил я побег…</title>
</book>
<book>
	<filename>oldi_genri/oldi_genri_davno_znebulii_rab_zamisliv_ya_vtekti.fb2.zip</filename>
	<title> Олди Генри Лайон. Давно, знебулий раб, замислив я втекти...</title>
</book>
<book>
	<filename>oldi_genri/oldi_genri_de_batko_tvii_adame.fb2.zip</filename>
	<title> Олди Генри Лайон. Де батько твій, Адаме?</title>
</book>
<book>
	<filename>oldi_genri/oldi_genri_desyat_iskushenii_yunogo_publikanta.fb2.zip</filename>
	<title> Олди Генри Лайон. Десять искушений юного публиканта</title>
</book>
<book>
	<filename>oldi_genri/oldi_genri_dokladnaya_zapiska.fb2.zip</filename>
	<title> Олди Генри Лайон. Докладная записка</title>
</book>
<book>
	<filename>oldi_genri/oldi_genri_dopustim_ty_prishelec_zhukoglazyi.fb2.zip</filename>
	<title> Олди Генри Лайон. Допустим, ты – пришелец жукоглазый...</title>
</book>
<book>
	<filename>oldi_genri/oldi_genri_doroga.fb2.zip</filename>
	<title> Олди Генри Лайон. Дорога</title>
</book>
<book>
	<filename>oldi_genri/oldi_genri_dzhinn_po_imeni_sovest.fb2.zip</filename>
	<title> Олди Генри Лайон. Джинн по имени Совесть</title>
</book>
<book>
	<filename>oldi_genri/oldi_genri_garpiya.fb2.zip</filename>
	<title> Олди Генри Лайон. Гарпия</title>
</book>
<book>
	<filename>oldi_genri/oldi_genri_gde_otec_tvoi_adam.fb2.zip</filename>
	<title> Олди Генри Лайон. Где отец твой, Адам?</title>
</book>
<book>
	<filename>oldi_genri/oldi_genri_geroi_vashego_vremeni.fb2.zip</filename>
	<title> Олди Генри Лайон. Герой вашего времени</title>
</book>
<book>
	<filename>oldi_genri/oldi_genri_hoanga.fb2.zip</filename>
	<title> Олди Генри Лайон. Хоанга</title>
</book>
<book>
	<filename>oldi_genri/oldi_genri_kino_do_groba_i.fb2.zip</filename>
	<title> Олди Генри Лайон. Кино до гроба и...</title>
</book>
<book>
	<filename>oldi_genri/oldi_genri_konec_delu_venec.fb2.zip</filename>
	<title> Олди Генри Лайон. Конец – делу венец</title>
</book>
<book>
	<filename>oldi_genri/oldi_genri_kukolka.fb2.zip</filename>
	<title> Олди Генри Лайон. Куколка</title>
</book>
<book>
	<filename>oldi_genri/oldi_genri_kukolnyh_del_master.fb2.zip</filename>
	<title> Олди Генри Лайон. Кукольных дел мастер</title>
</book>
<book>
	<filename>oldi_genri/oldi_genri_mag_v_zakone_tom_1.fb2.zip</filename>
	<title> Олди Генри Лайон. Маг в законе. Том 1</title>
</book>
<book>
	<filename>oldi_genri/oldi_genri_mag_v_zakone_tom_2.fb2.zip</filename>
	<title> Олди Генри Лайон. Маг в законе. Том 2</title>
</book>
<book>
	<filename>oldi_genri/oldi_genri_mehanizm_prostranstva.fb2.zip</filename>
	<title> Олди Генри Лайон. Механизм пространства</title>
</book>
<book>
	<filename>oldi_genri/oldi_genri_mehanizm_vremeni.fb2.zip</filename>
	<title> Олди Генри Лайон. Механизм Времени</title>
</book>
<book>
	<filename>oldi_genri/oldi_genri_mehanizm_zhizni.fb2.zip</filename>
	<title> Олди Генри Лайон. Механизм жизни</title>
</book>
<book>
	<filename>oldi_genri/oldi_genri_monstr.fb2.zip</filename>
	<title> Олди Генри Лайон. Монстр</title>
</book>
<book>
	<filename>oldi_genri/oldi_genri_my_plyvem_na_zapad.fb2.zip</filename>
	<title> Олди Генри Лайон. Мы плывем на Запад</title>
</book>
<book>
	<filename>oldi_genri/oldi_genri_na_tom_beregu.fb2.zip</filename>
	<title> Олди Генри Лайон. На том берегу</title>
</book>
<book>
	<filename>oldi_genri/oldi_genri_nevermore.fb2.zip</filename>
	<title> Олди Генри Лайон. Nevermore</title>
</book>
<book>
	<filename>oldi_genri/oldi_genri_nopyerapon_ili_po_obrazu_i_podobiyu.fb2.zip</filename>
	<title> Олди Генри Лайон. Нопэрапон или По образу и подобию</title>
</book>
<book>
	<filename>oldi_genri/oldi_genri_o_bednom_romane_zamolvite_slovo.fb2.zip</filename>
	<title> Олди Генри Лайон. О бедном романе замолвите слово...</title>
</book>
<book>
	<filename>oldi_genri/oldi_genri_obitel_geroiv.fb2.zip</filename>
	<title> Олди Генри Лайон. Обитель героїв</title>
</book>
<book>
	<filename>oldi_genri/oldi_genri_oldi_i_kompaniya_literaturnaya_studiya_na_roskone2007.fb2.zip</filename>
	<title> Олди Генри Лайон. Олди и компания (литературная студия на Росконе-2007)</title>
</book>
<book>
	<filename>oldi_genri/oldi_genri_ona_i_ee_muzhchiny.fb2.zip</filename>
	<title> Олди Генри Лайон. Она и ее мужчины</title>
</book>
<book>
	<filename>oldi_genri/oldi_genri_opustite_mne_veki_ili_den_vseh_otverzhennyh.fb2.zip</filename>
	<title> Олди Генри Лайон. Опустите мне веки, или День всех отверженных</title>
</book>
<book>
	<filename>oldi_genri/oldi_genri_ostrov_kotoryi_vsegda_s_toboi.fb2.zip</filename>
	<title> Олди Генри Лайон. Остров, который всегда с тобой</title>
</book>
<book>
	<filename>oldi_genri/oldi_genri_paserbki_vosmoi_zapovidi.fb2.zip</filename>
	<title> Олди Генри Лайон. Пасербки восьмої заповіді</title>
</book>
<book>
	<filename>oldi_genri/oldi_genri_peter_i_smert.fb2.zip</filename>
	<title> Олди Генри Лайон. Петер и Смерть</title>
</book>
<book>
	<filename>oldi_genri/oldi_genri_poseti_menya_v_moem_odinochestve.fb2.zip</filename>
	<title> Олди Генри Лайон. Посети меня в моем одиночестве...</title>
</book>
<book>
	<filename>oldi_genri/oldi_genri_poslednee_dopushenie_gospoda.fb2.zip</filename>
	<title> Олди Генри Лайон. Последнее допущение Господа</title>
</book>
<book>
	<filename>oldi_genri/oldi_genri_povstan_lazaryu.fb2.zip</filename>
	<title> Олди Генри Лайон. Повстань, Лазарю!</title>
</book>
<book>
	<filename>oldi_genri/oldi_genri_princessa_bez_drakona.fb2.zip</filename>
	<title> Олди Генри Лайон. Принцесса без дракона</title>
</book>
<book>
	<filename>oldi_genri/oldi_genri_proklyatie.fb2.zip</filename>
	<title> Олди Генри Лайон. Проклятие</title>
</book>
<book>
	<filename>oldi_genri/oldi_genri_prorok.fb2.zip</filename>
	<title> Олди Генри Лайон. Пророк</title>
</book>
<book>
	<filename>oldi_genri/oldi_genri_rasskazy_ochevidcev_ili_arhiv_nadzora_semeryh_sbornik.fb2.zip</filename>
	<title> Олди Генри Лайон. Рассказы очевидцев, или Архив Надзора Семерых (сборник)</title>
</book>
<book>
	<filename>oldi_genri/oldi_genri_ruka_i_zerkalo.fb2.zip</filename>
	<title> Олди Генри Лайон. Рука и зеркало</title>
</book>
<book>
	<filename>oldi_genri/oldi_genri_seans_magii_s_poleduyushim_razoblacheniem_ili_sekstet_dlya_yestetov.fb2.zip</filename>
	<title> Олди Генри Лайон. Сеанс магии с поледующим разоблачением, или Секстет для эстетов</title>
</book>
<book>
	<filename>oldi_genri/oldi_genri_sem_smertnyh.fb2.zip</filename>
	<title> Олди Генри Лайон. Семь смертных</title>
</book>
<book>
	<filename>oldi_genri/oldi_genri_shlyah_mecha.fb2.zip</filename>
	<title> Олди Генри Лайон. Шлях меча</title>
</book>
<book>
	<filename>oldi_genri/oldi_genri_skazki_dedushkivampira.fb2.zip</filename>
	<title> Олди Генри Лайон. Сказки дедушки-вампира</title>
</book>
<book>
	<filename>oldi_genri/oldi_genri_skorlupar.fb2.zip</filename>
	<title> Олди Генри Лайон. Скорлупарь</title>
</book>
<book>
	<filename>oldi_genri/oldi_genri_snull_vampira_redzhinalda.fb2.zip</filename>
	<title> Олди Генри Лайон. Снулль вампира Реджинальда</title>
</book>
<book>
	<filename>oldi_genri/oldi_genri_staroe_dobroe_zlo.fb2.zip</filename>
	<title> Олди Генри Лайон. Старое доброе зло</title>
</book>
<book>
	<filename>oldi_genri/oldi_genri_strah.fb2.zip</filename>
	<title> Олди Генри Лайон. Страх</title>
</book>
<book>
	<filename>oldi_genri/oldi_genri_sumerki_mira.fb2.zip</filename>
	<title> Олди Генри Лайон. Сумерки мира</title>
</book>
<book>
	<filename>oldi_genri/oldi_genri_syn_chernoi_vdovy.fb2.zip</filename>
	<title> Олди Генри Лайон. Сын черной вдовы</title>
</book>
<book>
	<filename>oldi_genri/oldi_genri_teni_moego_goroda_sbornik.fb2.zip</filename>
	<title> Олди Генри Лайон. Тени моего города (Сборник)</title>
</book>
<book>
	<filename>oldi_genri/oldi_genri_turnir_v_blezua.fb2.zip</filename>
	<title> Олди Генри Лайон. Турнир в Блезуа</title>
</book>
<book>
	<filename>oldi_genri/oldi_genri_u_slepcov_horoshii_sluh.fb2.zip</filename>
	<title> Олди Генри Лайон. У слепцов хороший слух</title>
</book>
<book>
	<filename>oldi_genri/oldi_genri_vash_vihid_abo_blazniv_hovayut_za_ogorozheyu.fb2.zip</filename>
	<title> Олди Генри Лайон. Ваш вихід, або Блазнів ховають за огорожею</title>
</book>
<book>
	<filename>oldi_genri/oldi_genri_vash_vyhod_ili_shutov_horonyat_za_ogradoi.fb2.zip</filename>
	<title> Олди Генри Лайон. Ваш выход, или Шутов хоронят за оградой</title>
</book>
<book>
	<filename>oldi_genri/oldi_genri_vechnye_pesni_o_glavnom_ili_fanty_dlya_fyenom.fb2.zip</filename>
	<title> Олди Генри Лайон. Вечные песни о главном, или Фанты для фэном</title>
</book>
<book>
	<filename>oldi_genri/oldi_genri_vitrazhi_patriarhov.fb2.zip</filename>
	<title> Олди Генри Лайон. Витражи патриархов</title>
</book>
<book>
	<filename>oldi_genri/oldi_genri_vklasti_dushu.fb2.zip</filename>
	<title> Олди Генри Лайон. Вкласти душу</title>
</book>
<book>
	<filename>oldi_genri/oldi_genri_vlozhit_dushu.fb2.zip</filename>
	<title> Олди Генри Лайон. Вложить душу</title>
</book>
<book>
	<filename>oldi_genri/oldi_genri_voiti_v_obraz.fb2.zip</filename>
	<title> Олди Генри Лайон. Войти в образ</title>
</book>
<book>
	<filename>oldi_genri/oldi_genri_vosstan_lazar.fb2.zip</filename>
	<title> Олди Генри Лайон. Восстань, Лазарь</title>
</book>
<book>
	<filename>oldi_genri/oldi_genri_vosstavshie_iz_raya.fb2.zip</filename>
	<title> Олди Генри Лайон. Восставшие из рая</title>
</book>
<book>
	<filename>oldi_genri/oldi_genri_vtorye_ruki.fb2.zip</filename>
	<title> Олди Генри Лайон. Вторые руки</title>
</book>
<book>
	<filename>oldi_genri/oldi_genri_zdes_i_seichas.fb2.zip</filename>
	<title> Олди Генри Лайон. Здесь и сейчас</title>
</book>
<book>
	<filename>oldi_genri/oldi_genri_zhestokii_vybor_anikivoina.fb2.zip</filename>
	<title> Олди Генри Лайон. Жестокий выбор Аники-воина</title>
</book>
<book>
	<filename>oldi_genri/oldi_genri_zhittya_yakogo_ne_bulo.fb2.zip</filename>
	<title> Олди Генри Лайон. Життя, якого не було</title>
</book>
<book>
	<filename>oldi_genri/oldi_genri_zhivushii_v_poslednii_raz.fb2.zip</filename>
	<title> Олди Генри Лайон. Живущий в последний раз</title>
</book>
<book>
	<filename>oldi_genri/oldi_genri_zhizn_kotoroi_ne_bylo.fb2.zip</filename>
	<title> Олди Генри Лайон. Жизнь, которой не было</title>
</book>
<book>
	<filename>oldi_genri/oldi_genri_zolotar_ili_prosite_i_dano_budet.fb2.zip</filename>
	<title> Олди Генри Лайон. Золотарь, или Просите, и дано будет…</title>
</book>
<book>
	<filename>oldiss_braian/oldiss_braian_gellikoniya_prilozheniya.fb2.zip</filename>
	<title> Олдисс Брайан Уилсон. Гелликония: приложения</title>
</book>
<book>
	<filename>oldiss_braian/oldiss_braian_leto_gellikonii.fb2.zip</filename>
	<title> Олдисс Брайан Уилсон. Лето Гелликонии</title>
</book>
<book>
	<filename>oldiss_braian/oldiss_braian_pered_zakatom_zemli_miroranzhereya.fb2.zip</filename>
	<title> Олдисс Брайан Уилсон. Перед закатом Земли (Мир-оранжерея)</title>
</book>
<book>
	<filename>oldiss_braian/oldiss_braian_vesna_gellikonii.fb2.zip</filename>
	<title> Олдисс Брайан Уилсон. Весна Гелликонии</title>
</book>
<book>
	<filename>oldiss_braian/oldiss_braian_zima_gellikonii.fb2.zip</filename>
	<title> Олдисс Брайан Уилсон. Зима Гелликонии</title>
</book>
<book>
	<filename>oleinikov_aleksei/oleinikov_aleksei_boevoi_avatar.fb2.zip</filename>
	<title> Олейников Алексей. Боевой аватар</title>
</book>
<book>
	<filename>oleneva_nataliya/oleneva_nataliya_pisma_inoplanetyanam.fb2.zip</filename>
	<title> Оленева Наталия. Письма инопланетянам</title>
</book>
<book>
	<filename>olesha_yurii/olesha_yurii_aldebaran.fb2.zip</filename>
	<title> Олеша Юрий Карлович. Альдебаран</title>
</book>
<book>
	<filename>olesha_yurii/olesha_yurii_cep.fb2.zip</filename>
	<title> Олеша Юрий Карлович. Цепь</title>
</book>
<book>
	<filename>olesha_yurii/olesha_yurii_chelovecheskii_material.fb2.zip</filename>
	<title> Олеша Юрий Карлович. Человеческий материал</title>
</book>
<book>
	<filename>olesha_yurii/olesha_yurii_druzya.fb2.zip</filename>
	<title> Олеша Юрий Карлович. Друзья</title>
</book>
<book>
	<filename>olesha_yurii/olesha_yurii_ivolga.fb2.zip</filename>
	<title> Олеша Юрий Карлович. Иволга</title>
</book>
<book>
	<filename>olesha_yurii/olesha_yurii_komsorg.fb2.zip</filename>
	<title> Олеша Юрий Карлович. Комсорг</title>
</book>
<book>
	<filename>olesha_yurii/olesha_yurii_liompa.fb2.zip</filename>
	<title> Олеша Юрий Карлович. Лиомпа</title>
</book>
<book>
	<filename>olesha_yurii/olesha_yurii_lyubov.fb2.zip</filename>
	<title> Олеша Юрий Карлович. Любовь</title>
</book>
<book>
	<filename>olesha_yurii/olesha_yurii_my_v_centre_goroda.fb2.zip</filename>
	<title> Олеша Юрий Карлович. Мы в центре города</title>
</book>
<book>
	<filename>olesha_yurii/olesha_yurii_natasha.fb2.zip</filename>
	<title> Олеша Юрий Карлович. Наташа</title>
</book>
<book>
	<filename>olesha_yurii/olesha_yurii_ni_dnya_bez_strochki.fb2.zip</filename>
	<title> Олеша Юрий Карлович. Ни дня без строчки</title>
</book>
<book>
	<filename>olesha_yurii/olesha_yurii_pervoe_maya.fb2.zip</filename>
	<title> Олеша Юрий Карлович. Первое мая</title>
</book>
<book>
	<filename>olesha_yurii/olesha_yurii_stadion_v_odesse.fb2.zip</filename>
	<title> Олеша Юрий Карлович. Стадион в Одессе</title>
</book>
<book>
	<filename>olesha_yurii/olesha_yurii_tri_rasskaza.fb2.zip</filename>
	<title> Олеша Юрий Карлович. Три рассказа</title>
</book>
<book>
	<filename>olesha_yurii/olesha_yurii_tri_tolstyaka.fb2.zip</filename>
	<title> Олеша Юрий Карлович. Три толстяка</title>
</book>
<book>
	<filename>olesha_yurii/olesha_yurii_turkmen.fb2.zip</filename>
	<title> Олеша Юрий Карлович. Туркмен</title>
</book>
<book>
	<filename>olesha_yurii/olesha_yurii_v_cirke.fb2.zip</filename>
	<title> Олеша Юрий Карлович. В цирке</title>
</book>
<book>
	<filename>olesha_yurii/olesha_yurii_vishnevaya_kostochka.fb2.zip</filename>
	<title> Олеша Юрий Карлович. Вишневая косточка</title>
</book>
<book>
	<filename>olesha_yurii/olesha_yurii_v_mire.fb2.zip</filename>
	<title> Олеша Юрий Карлович. В мире</title>
</book>
<book>
	<filename>olesha_yurii/olesha_yurii_vospominanie.fb2.zip</filename>
	<title> Олеша Юрий Карлович. Воспоминание</title>
</book>
<book>
	<filename>olesha_yurii/olesha_yurii_ya_smotryu_v_proshloe.fb2.zip</filename>
	<title> Олеша Юрий Карлович. Я смотрю в прошлое</title>
</book>
<book>
	<filename>olesha_yurii/olesha_yurii_zavist.fb2.zip</filename>
	<title> Олеша Юрий Карлович. Зависть</title>
</book>
<book>
	<filename>olesha_yurii/olesha_yurii_zavist_sbornik.fb2.zip</filename>
	<title> Олеша Юрий Карлович. Зависть (сборник)</title>
</book>
<book>
	<filename>olesha_yurii/olesha_yurii_zrelisha.fb2.zip</filename>
	<title> Олеша Юрий Карлович. Зрелища</title>
</book>
<book>
	<filename>olhovskaya_anna/olhovskaya_anna_bog_s_sinimi_glazami.fb2.zip</filename>
	<title> Ольховская Анна. Бог с синими глазами</title>
</book>
<book>
	<filename>olhovskaya_anna/olhovskaya_anna_carstvo_chernoi_obezyany.fb2.zip</filename>
	<title> Ольховская Анна. Царство черной обезьяны</title>
</book>
<book>
	<filename>olhovskaya_anna/olhovskaya_anna_feya_beloi_magii.fb2.zip</filename>
	<title> Ольховская Анна. Фея белой магии</title>
</book>
<book>
	<filename>olhovskaya_anna/olhovskaya_anna_leti_zvezda_na_nebesa.fb2.zip</filename>
	<title> Ольховская Анна. Лети, звезда, на небеса!</title>
</book>
<book>
	<filename>olhovskaya_anna/olhovskaya_anna_ohota_svetskoi_lvicy.fb2.zip</filename>
	<title> Ольховская Анна. Охота светской львицы</title>
</book>
<book>
	<filename>olhovskaya_anna/olhovskaya_anna_pervyi_raz.fb2.zip</filename>
	<title> Ольховская Анна. Первый раз</title>
</book>
<book>
	<filename>olhovskaya_anna/olhovskaya_anna_pravo_burnoi_nochi.fb2.zip</filename>
	<title> Ольховская Анна. Право бурной ночи</title>
</book>
<book>
	<filename>olhovskaya_anna/olhovskaya_anna_uvezi_menya_na_limuzine.fb2.zip</filename>
	<title> Ольховская Анна. Увези меня на лимузине!</title>
</book>
<book>
	<filename>olhovskaya_anna/olhovskaya_anna_ya_bolshe_ne_budu.fb2.zip</filename>
	<title> Ольховская Анна. Я больше не буду!</title>
</book>
<book>
	<filename>olhovskaya_vera/olhovskaya_vera_gore_v_reshete.fb2.zip</filename>
	<title> Ольховская Вера. Горе в решете</title>
</book>
<book>
	<filename>olhovskaya_vera/olhovskaya_vera_taina_petushinogo_grebeshka.fb2.zip</filename>
	<title> Ольховская Вера. Тайна петушиного гребешка</title>
</book>
<book>
	<filename>olhovskaya_vera/olhovskaya_vera_zolotaya_ptichka.fb2.zip</filename>
	<title> Ольховская Вера. Золотая птичка</title>
</book>
<book>
	<filename>ollbi_airis/ollbi_airis_kapriznaya_nevesta.fb2.zip</filename>
	<title> Оллби Айрис. Капризная невеста</title>
</book>
<book>
	<filename>ollbi_airis/ollbi_airis_serebryanye_kolokolchiki.fb2.zip</filename>
	<title> Оллби Айрис. Серебряные колокольчики</title>
</book>
<book>
	<filename>ollbi_airis/ollbi_airis_ya_veryu_v_lyubov.fb2.zip</filename>
	<title> Оллби Айрис. Я верю в любовь</title>
</book>
<book>
	<filename>ollgrem_dzhuliya/ollgrem_dzhuliya_mezhdu_nebom_i_lyubovyu.fb2.zip</filename>
	<title> Оллгрем Джулия. Между небом и любовью</title>
</book>
<book>
	<filename>onisimova_oksana/onisimova_oksana_novogodnyaya_vypechka_pirogi_pirozhki_pechenya_tortiki.fb2.zip</filename>
	<title> Онисимова Оксана. Новогодняя выпечка. Пироги, пирожки, печенья, тортики</title>
</book>
<book>
	<filename>onisimova_oksana/onisimova_oksana_vypechka_i_deserty_k_novogodnemu_stolu.fb2.zip</filename>
	<title> Онисимова Оксана. Выпечка и десерты к новогоднему столу</title>
</book>
<book>
	<filename>orbenina_nataliya/orbenina_nataliya_pero_flamingo.fb2.zip</filename>
	<title> Орбенина Наталия. Перо фламинго</title>
</book>
<book>
	<filename>orbenina_nataliya/orbenina_nataliya_skazochnik.fb2.zip</filename>
	<title> Орбенина Наталия. Сказочник</title>
</book>
<book>
	<filename>orbenina_nataliya/orbenina_nataliya_ten_yesmeraldy.fb2.zip</filename>
	<title> Орбенина Наталия. Тень Эсмеральды</title>
</book>
<book>
	<filename>orbenina_nataliya/orbenina_nataliya_zhivopisec.fb2.zip</filename>
	<title> Орбенина Наталия. Живописец</title>
</book>
<book>
	<filename>oreh_anton/oreh_anton_yenciklopediya_gluposti_samye_nelepye_prestupleniya_mira.fb2.zip</filename>
	<title> Орех Антон. Энциклопедия глупости. Самые нелепые преступления мира</title>
</book>
<book>
	<filename>orehov_dmitrii/orehov_dmitrii_ostrov_podlinnaya_istoriya.fb2.zip</filename>
	<title> Орехов Дмитрий. «Остров». Подлинная история</title>
</book>
<book>
	<filename>orehov_dmitrii/orehov_dmitrii_svyatye_ikony_rossii.fb2.zip</filename>
	<title> Орехов Дмитрий. Святые иконы России</title>
</book>
<book>
	<filename>orehov_vasilii/orehov_vasilii_imperiya_nanosit_otvetnyi_udar.fb2.zip</filename>
	<title> Орехов Василий. Империя наносит ответный удар</title>
</book>
<book>
	<filename>orehov_vasilii/orehov_vasilii_liniya_ognya.fb2.zip</filename>
	<title> Орехов Василий. Линия огня</title>
</book>
<book>
	<filename>orehov_vasilii/orehov_vasilii_poslednyaya_ohota.fb2.zip</filename>
	<title> Орехов Василий. Последняя охота</title>
</book>
<book>
	<filename>orehov_vasilii/orehov_vasilii_zvezdnyi_desant.fb2.zip</filename>
	<title> Орехов Василий. Звездный десант</title>
</book>
<book>
	<filename>orlova_anna/orlova_anna_shoping_kotoryi_vas_razoryaet.fb2.zip</filename>
	<title> Орлова Анна Евгеньевна. Шопинг, который вас разоряет</title>
</book>
<book>
	<filename>orlova_darya/orlova_darya_vse_piarshiki_delayut_yeto.fb2.zip</filename>
	<title> Орлова Дарья. Все пиарщики делают это!</title>
</book>
<book>
	<filename>orlova_irina/orlova_irina_smeshnye_i_liricheskie_pozdravleniya_na_vse_sluchai_zhizni.fb2.zip</filename>
	<title> Орлова Ирина Олеговна. Смешные и лирические поздравления. На все случаи жизни</title>
</book>
<book>
	<filename>orlov_aleks/orlov_aleks_dvoinoi_yeskort.fb2.zip</filename>
	<title> Орлов Алекс. Двойной эскорт</title>
</book>
<book>
	<filename>orlov_aleks/orlov_aleks_ego_siyatelstvo_kaspar_frai.fb2.zip</filename>
	<title> Орлов Алекс. Его сиятельство Каспар Фрай</title>
</book>
<book>
	<filename>orlov_aleks/orlov_aleks_faktor_prevoshodstva.fb2.zip</filename>
	<title> Орлов Алекс. Фактор превосходства</title>
</book>
<book>
	<filename>orlov_aleks/orlov_aleks_ispytanie_ognem.fb2.zip</filename>
	<title> Орлов Алекс. Испытание огнем</title>
</book>
<book>
	<filename>orlov_aleks/orlov_aleks_tainyi_drug_ee_velichestva.fb2.zip</filename>
	<title> Орлов Алекс. Тайный друг ее величества</title>
</book>
<book>
	<filename>orlov_aleks/orlov_aleks_yekzamen_dlya_geroev.fb2.zip</filename>
	<title> Орлов Алекс. Экзамен для героев</title>
</book>
<book>
	<filename>orlov_aleks/orlov_aleks_zolotoi_voin.fb2.zip</filename>
	<title> Орлов Алекс. Золотой воин</title>
</book>
<book>
	<filename>orlov_anton/orlov_anton_bedstvie_nomer_raz.fb2.zip</filename>
	<title> Орлов Антон. Бедствие номер раз</title>
</book>
<book>
	<filename>orlov_anton/orlov_anton_komnaty_straha.fb2.zip</filename>
	<title> Орлов Антон. Комнаты страха</title>
</book>
<book>
	<filename>orlov_anton/orlov_anton_mashina_smerti.fb2.zip</filename>
	<title> Орлов Антон. Машина смерти</title>
</book>
<book>
	<filename>orlov_anton/orlov_anton_medsestra.fb2.zip</filename>
	<title> Орлов Антон. Медсестра</title>
</book>
<book>
	<filename>orlov_anton/orlov_anton_pepel_marneii.fb2.zip</filename>
	<title> Орлов Антон. Пепел Марнейи</title>
</book>
<book>
	<filename>orlov_anton/orlov_anton_poslednii_portal.fb2.zip</filename>
	<title> Орлов Антон. Последний портал</title>
</book>
<book>
	<filename>orlov_anton/orlov_anton_pozhiratel_dush.fb2.zip</filename>
	<title> Орлов Антон. Пожиратель Душ</title>
</book>
<book>
	<filename>orlov_anton/orlov_anton_silvariiskaya_krov.fb2.zip</filename>
	<title> Орлов Антон. Сильварийская кровь</title>
</book>
<book>
	<filename>orlov_anton/orlov_anton_stanciya_bespechnyi_bereg.fb2.zip</filename>
	<title> Орлов Антон. Станция Беспечный Берег</title>
</book>
<book>
	<filename>orlov_anton/orlov_anton_zabludivshiisya_karavan.fb2.zip</filename>
	<title> Орлов Антон. Заблудившийся караван</title>
</book>
<book>
	<filename>orlov_d/orlov_d_stomatologiya_konspekt_lekcii.fb2.zip</filename>
	<title> Орлов Д. Н. Стоматология: конспект лекций</title>
</book>
<book>
	<filename>orlov_mihail/orlov_mihail_hozyain.fb2.zip</filename>
	<title> Орлов Михаил. Хозяин</title>
</book>
<book>
	<filename>orlov_pavel/orlov_pavel_glavnoe_dokazatelstvo.fb2.zip</filename>
	<title> Орлов Павел. Главное доказательство</title>
</book>
<book>
	<filename>orlovskii_gai/orlovskii_gai_richard_dlinnye_ruki_baron.fb2.zip</filename>
	<title> Орловский Гай Юлий. Ричард Длинные Руки – барон</title>
</book>
<book>
	<filename>orlovskii_gai/orlovskii_gai_richard_dlinnye_ruki_freigraf.fb2.zip</filename>
	<title> Орловский Гай Юлий. Ричард Длинные Руки – фрейграф</title>
</book>
<book>
	<filename>orlovskii_gai/orlovskii_gai_richard_dlinnye_ruki_grossgraf.fb2.zip</filename>
	<title> Орловский Гай Юлий. Ричард Длинные Руки – гроссграф</title>
</book>
<book>
	<filename>orlovskii_gai/orlovskii_gai_richard_dlinnye_ruki_konnetabl.fb2.zip</filename>
	<title> Орловский Гай Юлий. Ричард Длинные Руки – коннетабль</title>
</book>
<book>
	<filename>orlovskii_gai/orlovskii_gai_richard_dlinnye_ruki_lordprotektor.fb2.zip</filename>
	<title> Орловский Гай Юлий. Ричард Длинные Руки – лорд-протектор</title>
</book>
<book>
	<filename>orlovskii_gai/orlovskii_gai_richard_dlinnye_ruki_maiordom.fb2.zip</filename>
	<title> Орловский Гай Юлий. Ричард Длинные Руки – майордом</title>
</book>
<book>
	<filename>orlovskii_gai/orlovskii_gai_richard_dlinnye_ruki_markgraf.fb2.zip</filename>
	<title> Орловский Гай Юлий. Ричард Длинные Руки – маркграф</title>
</book>
<book>
	<filename>orlovskii_gai/orlovskii_gai_richard_dlinnye_ruki_markiz.fb2.zip</filename>
	<title> Орловский Гай Юлий. Ричард Длинные Руки – маркиз</title>
</book>
<book>
	<filename>orlovskii_gai/orlovskii_gai_richard_dlinnye_ruki_overlord.fb2.zip</filename>
	<title> Орловский Гай Юлий. Ричард Длинные Руки – оверлорд</title>
</book>
<book>
	<filename>orlovskii_gai/orlovskii_gai_richard_dlinnye_ruki_vikont.fb2.zip</filename>
	<title> Орловский Гай Юлий. Ричард Длинные Руки – виконт</title>
</book>
<book>
	<filename>orlovskii_gai/orlovskii_gai_richard_dlinnye_ruki_vildgraf.fb2.zip</filename>
	<title> Орловский Гай Юлий. Ричард Длинные Руки – вильдграф</title>
</book>
<book>
	<filename>orlov_vladimir/orlov_vladimir_chtoto_zazvenelo_sbornik.fb2.zip</filename>
	<title> Орлов Владимир Викторович. Что-то зазвенело (Сборник)</title>
</book>
<book>
	<filename>orlov_vladimir/orlov_vladimir_proisshestvie_v_nikolskom_sbornik.fb2.zip</filename>
	<title> Орлов Владимир Викторович. Происшествие в Никольском (Сборник)</title>
</book>
<book>
	<filename>osanches_/osanches__dom_i_voina_markizov_korony.fb2.zip</filename>
	<title> О`Санчес. Дом и война маркизов короны</title>
</book>
<book>
	<filename>osanches_/osanches__nechisti.fb2.zip</filename>
	<title> О`Санчес. Нечисти</title>
</book>
<book>
	<filename>osanches_/osanches__sut_ostrov.fb2.zip</filename>
	<title> О`Санчес. Суть остров?</title>
</book>
<book>
	<filename>osanches_/osanches__sut_strova.fb2.zip</filename>
	<title> О`Санчес. Суть ?строва</title>
</book>
<book>
	<filename>osanches_/osanches__vospitan_rycarem.fb2.zip</filename>
	<title> О`Санчес. Воспитан рыцарем</title>
</book>
<book>
	<filename>oseeva_valentina/oseeva_valentina_dinka.fb2.zip</filename>
	<title> Осеева Валентина Александровна. Динка</title>
</book>
<book>
	<filename>oseeva_valentina/oseeva_valentina_dinka_proshaetsya_s_detstvom.fb2.zip</filename>
	<title> Осеева Валентина Александровна. Динка прощается с детством</title>
</book>
<book>
	<filename>oseeva_valentina/oseeva_valentina_sinie_listya.fb2.zip</filename>
	<title> Осеева Валентина Александровна. Синие листья</title>
</book>
<book>
	<filename>oseeva_valentina/oseeva_valentina_volshebnoe_slovo_sbornik.fb2.zip</filename>
	<title> Осеева Валентина Александровна. Волшебное слово (сборник)</title>
</book>
<book>
	<filename>osetinskaya_polina/osetinskaya_polina_proshai_grust.fb2.zip</filename>
	<title> Осетинская Полина. Прощай, грусть</title>
</book>
<book>
	<filename>osipova_nelli/osipova_nelli_ya_tebe_veryu.fb2.zip</filename>
	<title> Осипова Нелли. Я тебе верю</title>
</book>
<book>
	<filename>osipova_o/osipova_o_propedevtika_detskih_boleznei.fb2.zip</filename>
	<title> Осипова О. В. Пропедевтика детских болезней</title>
</book>
<book>
	<filename>osipova_o/osipova_o_urologiya.fb2.zip</filename>
	<title> Осипова О. В. Урология</title>
</book>
<book>
	<filename>osipov_maksim/osipov_maksim_greh_zhalovatsya.fb2.zip</filename>
	<title> Осипов Максим. Грех жаловаться</title>
</book>
<book>
	<filename>osokina_irina/osokina_irina_stepunok.fb2.zip</filename>
	<title> Осокина Ирина. Степунок</title>
</book>
<book>
	<filename>osoyanu_nataliya/osoyanu_nataliya_pervaya_pechat.fb2.zip</filename>
	<title> Осояну Наталия. Первая печать</title>
</book>
<book>
	<filename>oss_nataliya/oss_nataliya_antiglyanec.fb2.zip</filename>
	<title> Осс Наталия. Антиглянец</title>
</book>
<book>
	<filename>ostanina_ekaterina/ostanina_ekaterina_fantasmagoriya_smerti.fb2.zip</filename>
	<title> Останина Екатерина Александровна. Фантасмагория смерти</title>
</book>
<book>
	<filename>ostanina_ekaterina/ostanina_ekaterina_kriminalnye_klany.fb2.zip</filename>
	<title> Останина Екатерина Александровна. Криминальные кланы</title>
</book>
<book>
	<filename>ostanina_ekaterina/ostanina_ekaterina_lyubovnye_istorii.fb2.zip</filename>
	<title> Останина Екатерина Александровна. Любовные истории</title>
</book>
<book>
	<filename>ostanina_ekaterina/ostanina_ekaterina_tragicheskie_samoubiistva.fb2.zip</filename>
	<title> Останина Екатерина Александровна. Трагические самоубийства</title>
</book>
<book>
	<filename>ostapenko_yuliya/ostapenko_yuliya_belye_lyudi_iz_kairo.fb2.zip</filename>
	<title> Остапенко Юлия Владимировна. Белые люди из Кайро</title>
</book>
<book>
	<filename>ostapenko_yuliya/ostapenko_yuliya_chelovek_kotoryi_ubil_za_ulybku.fb2.zip</filename>
	<title> Остапенко Юлия Владимировна. Человек, который убил за улыбку</title>
</book>
<book>
	<filename>ostapenko_yuliya/ostapenko_yuliya_chertopoloh.fb2.zip</filename>
	<title> Остапенко Юлия Владимировна. Чертополох</title>
</book>
<book>
	<filename>ostapenko_yuliya/ostapenko_yuliya_cvety_v_ee_volosah.fb2.zip</filename>
	<title> Остапенко Юлия Владимировна. Цветы в ее волосах</title>
</book>
<book>
	<filename>ostapenko_yuliya/ostapenko_yuliya_doroga_v_bayelor.fb2.zip</filename>
	<title> Остапенко Юлия Владимировна. Дорога в Баэлор</title>
</book>
<book>
	<filename>ostapenko_yuliya/ostapenko_yuliya_kiberdzhein.fb2.zip</filename>
	<title> Остапенко Юлия Владимировна. Киберджейн</title>
</book>
<book>
	<filename>ostapenko_yuliya/ostapenko_yuliya_lyublyu_tebya_mertvoi.fb2.zip</filename>
	<title> Остапенко Юлия Владимировна. Люблю тебя мертвой</title>
</book>
<book>
	<filename>ostapenko_yuliya/ostapenko_yuliya_lyutyi_ostrov.fb2.zip</filename>
	<title> Остапенко Юлия Владимировна. Лютый остров</title>
</book>
<book>
	<filename>ostapenko_yuliya/ostapenko_yuliya_matilda_i_chuzhoi.fb2.zip</filename>
	<title> Остапенко Юлия Владимировна. Матильда и чужой</title>
</book>
<book>
	<filename>ostapenko_yuliya/ostapenko_yuliya_mrakolyud.fb2.zip</filename>
	<title> Остапенко Юлия Владимировна. Мраколюд</title>
</book>
<book>
	<filename>ostapenko_yuliya/ostapenko_yuliya_pepel.fb2.zip</filename>
	<title> Остапенко Юлия Владимировна. Пепел</title>
</book>
<book>
	<filename>ostapenko_yuliya/ostapenko_yuliya_pogibel_moya.fb2.zip</filename>
	<title> Остапенко Юлия Владимировна. Погибель моя</title>
</book>
<book>
	<filename>ostapenko_yuliya/ostapenko_yuliya_poltyubika_zhidkoi_udachi.fb2.zip</filename>
	<title> Остапенко Юлия Владимировна. Полтюбика жидкой удачи</title>
</book>
<book>
	<filename>ostapenko_yuliya/ostapenko_yuliya_pticelov.fb2.zip</filename>
	<title> Остапенко Юлия Владимировна. Птицелов</title>
</book>
<book>
	<filename>ostapenko_yuliya/ostapenko_yuliya_smola.fb2.zip</filename>
	<title> Остапенко Юлия Владимировна. Смола</title>
</book>
<book>
	<filename>ostapenko_yuliya/ostapenko_yuliya_stigmaty.fb2.zip</filename>
	<title> Остапенко Юлия Владимировна. Стигматы</title>
</book>
<book>
	<filename>ostapenko_yuliya/ostapenko_yuliya_suicid_ne_sredstvo.fb2.zip</filename>
	<title> Остапенко Юлия Владимировна. Суицид не средство</title>
</book>
<book>
	<filename>ostapenko_yuliya/ostapenko_yuliya_tebe_derzhat_otvet.fb2.zip</filename>
	<title> Остапенко Юлия Владимировна. Тебе держать ответ</title>
</book>
<book>
	<filename>ostapenko_yuliya/ostapenko_yuliya_te_kto_ostaetsya.fb2.zip</filename>
	<title> Остапенко Юлия Владимировна. Те, кто остается</title>
</book>
<book>
	<filename>ostapenko_yuliya/ostapenko_yuliya_zhazhda_snyashih_sbornik.fb2.zip</filename>
	<title> Остапенко Юлия Владимировна. Жажда снящих (Сборник)</title>
</book>
<book>
	<filename>ostapenko_yuliya/ostapenko_yuliya_znaet_golaya_vetla.fb2.zip</filename>
	<title> Остапенко Юлия Владимировна. Знает голая ветла</title>
</book>
<book>
	<filename>osten_dzhein/osten_dzhein_chuvstvo_i_chuvstvitelnost.fb2.zip</filename>
	<title> Остен Джейн. Чувство и чувствительность</title>
</book>
<book>
	<filename>osten_yemiliya/osten_yemiliya_barhatnaya_maska.fb2.zip</filename>
	<title> Остен Эмилия. Бархатная маска</title>
</book>
<book>
	<filename>osten_yemiliya/osten_yemiliya_chest_i_lukavstvo.fb2.zip</filename>
	<title> Остен Эмилия. Честь и лукавство</title>
</book>
<book>
	<filename>osten_yemiliya/osten_yemiliya_lyubov_i_predrassudki.fb2.zip</filename>
	<title> Остен Эмилия. Любовь и предрассудки</title>
</book>
<book>
	<filename>osten_yemiliya/osten_yemiliya_pod_pologom_semeinogo_schastya.fb2.zip</filename>
	<title> Остен Эмилия. Под пологом семейного счастья</title>
</book>
<book>
	<filename>osten_yemiliya/osten_yemiliya_shelk_dlya_istinnoi_ledi.fb2.zip</filename>
	<title> Остен Эмилия. Шелк для истинной леди</title>
</book>
<book>
	<filename>osten_yemiliya/osten_yemiliya_versalskaya_istoriya.fb2.zip</filename>
	<title> Остен Эмилия. Версальская история</title>
</book>
<book>
	<filename>ostroumov_andrei/ostroumov_andrei_dudi_dubi_du.fb2.zip</filename>
	<title> Остроумов Андрей. Дуди Дуби Ду</title>
</book>
<book>
	<filename>ostrovskii_nikolai/ostrovskii_nikolai_kak_zakalyalas_stal.fb2.zip</filename>
	<title> Островский Николай Алексеевич. Как закалялась сталь</title>
</book>
<book>
	<filename>otroshenko_vladislav/otroshenko_vladislav_prilozhenie_k_fotoalbomu.fb2.zip</filename>
	<title> Отрошенко Владислав. Приложение к фотоальбому</title>
</book>
<book>
	<filename>ovchinnikov_oleg/ovchinnikov_oleg_antinarodnaya_mudrost.fb2.zip</filename>
	<title> Овчинников Олег. Антинародная мудрость</title>
</book>
<book>
	<filename>ovchinnikov_oleg/ovchinnikov_oleg_arahno_v_kokone_smerti.fb2.zip</filename>
	<title> Овчинников Олег. Арахно. В коконе смерти</title>
</book>
<book>
	<filename>ovchinnikov_oleg/ovchinnikov_oleg_atlanty.fb2.zip</filename>
	<title> Овчинников Олег. Атланты</title>
</book>
<book>
	<filename>ovchinnikov_oleg/ovchinnikov_oleg_bol.fb2.zip</filename>
	<title> Овчинников Олег. Боль</title>
</book>
<book>
	<filename>ovchinnikov_oleg/ovchinnikov_oleg_budushee_prohodit_seichas.fb2.zip</filename>
	<title> Овчинников Олег. Будущее проходит сейчас</title>
</book>
<book>
	<filename>ovchinnikov_oleg/ovchinnikov_oleg_cvet_zhalosti_o_muzyke_trav.fb2.zip</filename>
	<title> Овчинников Олег. Цвет жалости о музыке трав</title>
</book>
<book>
	<filename>ovchinnikov_oleg/ovchinnikov_oleg_dedy_i_pradedy.fb2.zip</filename>
	<title> Овчинников Олег. Деды и прадеды</title>
</book>
<book>
	<filename>ovchinnikov_oleg/ovchinnikov_oleg_demoden.fb2.zip</filename>
	<title> Овчинников Олег. Демодень</title>
</book>
<book>
	<filename>ovchinnikov_oleg/ovchinnikov_oleg_den_barsuka.fb2.zip</filename>
	<title> Овчинников Олег. День Барсука</title>
</book>
<book>
	<filename>ovchinnikov_oleg/ovchinnikov_oleg_dva_mira_dva_solnca.fb2.zip</filename>
	<title> Овчинников Олег. Два мира – два солнца</title>
</book>
<book>
	<filename>ovchinnikov_oleg/ovchinnikov_oleg_dva_volshebnyh_slova_tri_raza_pered_snom.fb2.zip</filename>
	<title> Овчинников Олег. Два волшебных слова три раза перед сном</title>
</book>
<book>
	<filename>ovchinnikov_oleg/ovchinnikov_oleg_fantaziya_dlya_vintovki_s_opticheskim_pricelom.fb2.zip</filename>
	<title> Овчинников Олег. Фантазия для винтовки с оптическим прицелом</title>
</book>
<book>
	<filename>ovchinnikov_oleg/ovchinnikov_oleg_guash_s_krovyu.fb2.zip</filename>
	<title> Овчинников Олег. Гуашь с кровью</title>
</book>
<book>
	<filename>ovchinnikov_oleg/ovchinnikov_oleg_i_vse_budet.fb2.zip</filename>
	<title> Овчинников Олег. И все будет…</title>
</book>
<book>
	<filename>ovchinnikov_oleg/ovchinnikov_oleg_kokon.fb2.zip</filename>
	<title> Овчинников Олег. Кокон</title>
</book>
<book>
	<filename>ovchinnikov_oleg/ovchinnikov_oleg_krestovyi_obhod.fb2.zip</filename>
	<title> Овчинников Олег. Крестовый обход</title>
</book>
<book>
	<filename>ovchinnikov_oleg/ovchinnikov_oleg_masenkii_princ.fb2.zip</filename>
	<title> Овчинников Олег. Масенький принц</title>
</book>
<book>
	<filename>ovchinnikov_oleg/ovchinnikov_oleg_migraciya.fb2.zip</filename>
	<title> Овчинников Олег. Миграция</title>
</book>
<book>
	<filename>ovchinnikov_oleg/ovchinnikov_oleg_mir_bez_lyubvi.fb2.zip</filename>
	<title> Овчинников Олег. Мир без любви</title>
</book>
<book>
	<filename>ovchinnikov_oleg/ovchinnikov_oleg_na_krayu_vselennoi.fb2.zip</filename>
	<title> Овчинников Олег. На краю Вселенной</title>
</book>
<book>
	<filename>ovchinnikov_oleg/ovchinnikov_oleg_operatory_odnostoronnei_svyazi.fb2.zip</filename>
	<title> Овчинников Олег. Операторы односторонней связи</title>
</book>
<book>
	<filename>ovchinnikov_oleg/ovchinnikov_oleg_orgazm_v_oktyabre.fb2.zip</filename>
	<title> Овчинников Олег. Оргазм в октябре</title>
</book>
<book>
	<filename>ovchinnikov_oleg/ovchinnikov_oleg_pan_stanislav_oshibalsya.fb2.zip</filename>
	<title> Овчинников Олег. Пан Станислав ошибался</title>
</book>
<book>
	<filename>ovchinnikov_oleg/ovchinnikov_oleg_pedant.fb2.zip</filename>
	<title> Овчинников Олег. Педант</title>
</book>
<book>
	<filename>ovchinnikov_oleg/ovchinnikov_oleg_pogoda_v_dome.fb2.zip</filename>
	<title> Овчинников Олег. Погода в доме</title>
</book>
<book>
	<filename>ovchinnikov_oleg/ovchinnikov_oleg_poslednyaya_tysyacha_slov.fb2.zip</filename>
	<title> Овчинников Олег. Последняя тысяча слов</title>
</book>
<book>
	<filename>ovchinnikov_oleg/ovchinnikov_oleg_ridingofobiya.fb2.zip</filename>
	<title> Овчинников Олег. Ридингофобия</title>
</book>
<book>
	<filename>ovchinnikov_oleg/ovchinnikov_oleg_slepoi_bog_s_desyatyu_palcami.fb2.zip</filename>
	<title> Овчинников Олег. Слепой Бог с десятью пальцами</title>
</book>
<book>
	<filename>ovchinnikov_oleg/ovchinnikov_oleg_stolichnyi_oboroten.fb2.zip</filename>
	<title> Овчинников Олег. Столичный оборотень</title>
</book>
<book>
	<filename>ovchinnikov_oleg/ovchinnikov_oleg_tehnologicheskaya_oshibka.fb2.zip</filename>
	<title> Овчинников Олег. Технологическая ошибка</title>
</book>
<book>
	<filename>ovchinnikov_oleg/ovchinnikov_oleg_trizhdy_iniciirovannaya.fb2.zip</filename>
	<title> Овчинников Олег. Трижды инициированная</title>
</book>
<book>
	<filename>ovchinnikov_oleg/ovchinnikov_oleg_udivi_menya.fb2.zip</filename>
	<title> Овчинников Олег. Удиви меня</title>
</book>
<book>
	<filename>ovchinnikov_oleg/ovchinnikov_oleg_ushelec.fb2.zip</filename>
	<title> Овчинников Олег. Ушелец</title>
</book>
<book>
	<filename>ovchinnikov_oleg/ovchinnikov_oleg_utro_mertvyh_zhivcov.fb2.zip</filename>
	<title> Овчинников Олег. Утро мертвых живцов</title>
</book>
<book>
	<filename>ovchinnikov_oleg/ovchinnikov_oleg_vsemu_svoe_vremya_pravdivaya_skazka.fb2.zip</filename>
	<title> Овчинников Олег. Всему свое время (правдивая сказка)</title>
</book>
<book>
	<filename>ovchinnikov_oleg/ovchinnikov_oleg_zvezda_v_podarok.fb2.zip</filename>
	<title> Овчинников Олег. Звезда в подарок</title>
</book>
<book>
	<filename>ovchinnikov_oleg/ovchinnikov_oleg_zvonok_na_nebesa.fb2.zip</filename>
	<title> Овчинников Олег. Звонок на небеса</title>
</book>

</books>

