﻿<?xml version="1.0" encoding="UTF-8" ?>
<books>

<book>
	<filename>smollet_tobaias/smollet_tobaias_puteshestvie_hamfri_klinkera.fb2.zip</filename>
	<title>Смоллет Тобайас Джордж. Путешествие Хамфри Клинкера</title>
</book>
<book>
	<filename>smoll_lyess/smoll_lyess_novogodnyaya_noch.fb2.zip</filename>
	<title>Смолл Лэсс. Новогодняя ночь</title>
</book>
<book>
	<filename>smolyakov_aleksandr/smolyakov_aleksandr_tot_samyi_gitis.fb2.zip</filename>
	<title>Смольяков Александр. Тот самый ГИТИС</title>
</book>
<book>
	<filename>smuul_yuhan/smuul_yuhan_ledovaya_kniga.fb2.zip</filename>
	<title>Смуул Юхан Ю. Ледовая книга</title>
</book>
<book>
	<filename>smyslov_oleg/smyslov_oleg_pyataya_kolonna_gitlera_ot_kutepova_do_vlasova.fb2.zip</filename>
	<title>Смыслов Олег Сергеевич. «Пятая колонна» Гитлера. От Кутепова до Власова</title>
</book>
<book>
	<filename>snaider_di/snaider_di_kurs_vyzhivaniya_dlya_podrostkov.fb2.zip</filename>
	<title>Снайдер Ди. Курс выживания для подростков</title>
</book>
<book>
	<filename>snaider_mariya/snaider_mariya_ispytanie_yadom.fb2.zip</filename>
	<title>Снайдер Мария. Испытание ядом</title>
</book>
<book>
	<filename>snegirev_aleksandr/snegirev_aleksandr_rasskazy.fb2.zip</filename>
	<title>Снегирев Александр. Рассказы</title>
</book>
<book>
	<filename>snegirev_aleksandr/snegirev_aleksandr_sdelano_v_amerike.fb2.zip</filename>
	<title>Снегирев Александр. Сделано в Америке</title>
</book>
<book>
	<filename>snegov_sergei/snegov_sergei_arifmetika_lyubvi.fb2.zip</filename>
	<title>Снегов Сергей Александрович. Арифметика любви</title>
</book>
<book>
	<filename>snegov_sergei/snegov_sergei_britva_v_holodilnike.fb2.zip</filename>
	<title>Снегов Сергей Александрович. Бритва в холодильнике</title>
</book>
<book>
	<filename>snegov_sergei/snegov_sergei_chetyre_druga.fb2.zip</filename>
	<title>Снегов Сергей. Четыре друга</title>
</book>
<book>
	<filename>snegov_sergei/snegov_sergei_chudotvorec_iz_vshivogo_tupika.fb2.zip</filename>
	<title>Снегов Сергей. Чудотворец из Вшивого тупика</title>
</book>
<book>
	<filename>snegov_sergei/snegov_sergei_diktator.fb2.zip</filename>
	<title>Снегов Сергей. Диктатор</title>
</book>
<book>
	<filename>snegov_sergei/snegov_sergei_dom_s_privideniyami.fb2.zip</filename>
	<title>Снегов Сергей Александрович. Дом с привидениями</title>
</book>
<book>
	<filename>snegov_sergei/snegov_sergei_dorogi_kotorye_nas_vybirayut.fb2.zip</filename>
	<title>Снегов Сергей. Дороги, которые нас выбирают</title>
</book>
<book>
	<filename>snegov_sergei/snegov_sergei_drama_na_niobee.fb2.zip</filename>
	<title>Снегов Сергей Александрович. Драма на Ниобее</title>
</book>
<book>
	<filename>snegov_sergei/snegov_sergei_galakticheskaya_odisseya.fb2.zip</filename>
	<title>Снегов Сергей Александрович. Галактическая одиссея</title>
</book>
<book>
	<filename>snegov_sergei/snegov_sergei_galakticheskaya_razvedka.fb2.zip</filename>
	<title>Снегов Сергей. Галактическая разведка</title>
</book>
<book>
	<filename>snegov_sergei/snegov_sergei_hrononavigatory.fb2.zip</filename>
	<title>Снегов Сергей Александрович. Хрононавигаторы</title>
</book>
<book>
	<filename>snegov_sergei/snegov_sergei_kolco_obratnogo_vremeni.fb2.zip</filename>
	<title>Снегов Сергей. Кольцо обратного времени</title>
</book>
<book>
	<filename>snegov_sergei/snegov_sergei_k_probleme_srednego.fb2.zip</filename>
	<title>Снегов Сергей. К проблеме среднего</title>
</book>
<book>
	<filename>snegov_sergei/snegov_sergei_mashina_schastya.fb2.zip</filename>
	<title>Снегов Сергей. Машина счастья</title>
</book>
<book>
	<filename>snegov_sergei/snegov_sergei_norilskie_rasskazy.fb2.zip</filename>
	<title>Снегов Сергей Александрович. Норильские рассказы</title>
</book>
<book>
	<filename>snegov_sergei/snegov_sergei_ogon_kotoryi_vsegda_v_tebe.fb2.zip</filename>
	<title>Снегов Сергей. Огонь, который всегда в тебе</title>
</book>
<book>
	<filename>snegov_sergei/snegov_sergei_ostrov_ne_otmechennyi_na_karte.fb2.zip</filename>
	<title>Снегов Сергей. Остров, не отмеченный на карте</title>
</book>
<book>
	<filename>snegov_sergei/snegov_sergei_posol_bez_veritelnyh_gramot.fb2.zip</filename>
	<title>Снегов Сергей. Посол без верительных грамот</title>
</book>
<book>
	<filename>snegov_sergei/snegov_sergei_pravo_na_poisk.fb2.zip</filename>
	<title>Снегов Сергей. Право на поиск</title>
</book>
<book>
	<filename>snegov_sergei/snegov_sergei_prinuzhdenie_k_genialnosti.fb2.zip</filename>
	<title>Снегов Сергей. Принуждение к гениальности</title>
</book>
<book>
	<filename>snegov_sergei/snegov_sergei_pryzhok_nad_bezdnoi.fb2.zip</filename>
	<title>Снегов Сергей. Прыжок над бездной</title>
</book>
<book>
	<filename>snegov_sergei/snegov_sergei_rozhdennyi_pod_neschastnoi_zvezdoi.fb2.zip</filename>
	<title>Снегов Сергей. Рожденный под несчастной звездой</title>
</book>
<book>
	<filename>snegov_sergei/snegov_sergei_skvoz_steny_skolzyashii.fb2.zip</filename>
	<title>Снегов Сергей. Сквозь стены скользящий</title>
</book>
<book>
	<filename>snegov_sergei/snegov_sergei_strela_letyashaya_vo_tme.fb2.zip</filename>
	<title>Снегов Сергей. Стрела, летящая во тьме</title>
</book>
<book>
	<filename>snegov_sergei/snegov_sergei_sverhcentr_bessmertiya.fb2.zip</filename>
	<title>Снегов Сергей. Сверхцентр бессмертия</title>
</book>
<book>
	<filename>snegov_sergei/snegov_sergei_tridcat_dva_oblichya_professora_krena.fb2.zip</filename>
	<title>Снегов Сергей. Тридцать два обличья профессора Крена</title>
</book>
<book>
	<filename>snegov_sergei/snegov_sergei_tyazhelaya_kaplya_tsheslaviya.fb2.zip</filename>
	<title>Снегов Сергей. Тяжелая капля тщеславия</title>
</book>
<book>
	<filename>snegov_sergei/snegov_sergei_umershie_zhivut.fb2.zip</filename>
	<title>Снегов Сергей. Умершие живут</title>
</book>
<book>
	<filename>snegov_sergei/snegov_sergei_vtorzhenie_v_persei.fb2.zip</filename>
	<title>Снегов Сергей. Вторжение в Персей</title>
</book>
<book>
	<filename>snegov_sergei/snegov_sergei_yekspediciya_v_inomir.fb2.zip</filename>
	<title>Снегов Сергей Александрович. Экспедиция в иномир</title>
</book>
<book>
	<filename>snegov_sergei/snegov_sergei_yeksperiment_professora_brantinga.fb2.zip</filename>
	<title>Снегов Сергей. Эксперимент профессора Брантинга</title>
</book>
<book>
	<filename>sniket_lemoni/sniket_lemoni_gadkii_gorodishko.fb2.zip</filename>
	<title>Сникет Лемони. Гадкий городишко</title>
</book>
<book>
	<filename>sniket_lemoni/sniket_lemoni_izuverskii_internat.fb2.zip</filename>
	<title>Сникет Лемони. Изуверский интернат</title>
</book>
<book>
	<filename>sniket_lemoni/sniket_lemoni_koshmarnaya_klinika.fb2.zip</filename>
	<title>Сникет Лемони. Кошмарная клиника</title>
</book>
<book>
	<filename>sniket_lemoni/sniket_lemoni_krovozhadnyi_karnaval.fb2.zip</filename>
	<title>Сникет Лемони. Кровожадный Карнавал</title>
</book>
<book>
	<filename>sniket_lemoni/sniket_lemoni_lipovyi_lift.fb2.zip</filename>
	<title>Сникет Лемони. Липовый лифт</title>
</book>
<book>
	<filename>sniket_lemoni/sniket_lemoni_ogromnoe_okno.fb2.zip</filename>
	<title>Сникет Лемони. Огромное окно</title>
</book>
<book>
	<filename>sniket_lemoni/sniket_lemoni_skvernoe_nachalo.fb2.zip</filename>
	<title>Сникет Лемони. Скверное начало</title>
</book>
<book>
	<filename>sniket_lemoni/sniket_lemoni_zloveshaya_lesopilka.fb2.zip</filename>
	<title>Сникет Лемони. Зловещая лесопилка</title>
</book>
<book>
	<filename>sniket_lemoni/sniket_lemoni_zmeinyi_zal.fb2.zip</filename>
	<title>Сникет Лемони. Змеиный зал</title>
</book>
<book>
	<filename>snodgras_melinda/snodgras_melinda_kristallicheskie_slezy.fb2.zip</filename>
	<title>Снодграс Мелинда. Кристаллические слезы</title>
</book>
<book>
	<filename>snou_bredli/snou_bredli_yendi.fb2.zip</filename>
	<title>Сноу Бредли. Энди</title>
</book>
<book>
	<filename>snou_charlz/snou_charlz_koridory_vlasti.fb2.zip</filename>
	<title>Сноу Чарльз Перси. Коридоры власти</title>
</book>
<book>
	<filename>snou_charlz/snou_charlz_nastavniki.fb2.zip</filename>
	<title>Сноу Чарльз Перси. Наставники</title>
</book>
<book>
	<filename>snou_charlz/snou_charlz_pora_nadezhd.fb2.zip</filename>
	<title>Сноу Чарльз Перси. Пора надежд</title>
</book>
<book>
	<filename>snou_charlz/snou_charlz_smert_pod_parusom.fb2.zip</filename>
	<title>Сноу Чарльз Перси. Смерть под парусом</title>
</book>
<book>
	<filename>snou_charlz/snou_charlz_vozvrasheniya_domoi.fb2.zip</filename>
	<title>Сноу Чарльз Перси. Возвращения домой</title>
</book>
<book>
	<filename>snou_yeshli/snou_yeshli_opasnye_obyatiya.fb2.zip</filename>
	<title>Сноу Эшли. Опасные объятия</title>
</book>
<book>
	<filename>snyeik_teodora/snyeik_teodora_starye_schety.fb2.zip</filename>
	<title>Снэйк Теодора. Старые счеты</title>
</book>
<book>
	<filename>snyeik_teodora/snyeik_teodora_vozvrata_net.fb2.zip</filename>
	<title>Снэйк Теодора. Возврата нет?</title>
</book>
<book>
	<filename>snyeik_teodora/snyeik_teodora_vse_krome_lzhi.fb2.zip</filename>
	<title>Снэйк Теодора. Все, кроме лжи</title>
</book>
<book>
	<filename>soboleva_larisa/soboleva_larisa_budet_noch_ona_vernetsya.fb2.zip</filename>
	<title>Соболева Лариса. Будет ночь — она вернется...</title>
</book>
<book>
	<filename>soboleva_larisa/soboleva_larisa_maskarad_u_drakuly.fb2.zip</filename>
	<title>Соболева Лариса. Маскарад у Дракулы</title>
</book>
<book>
	<filename>sobolev_anatolii/sobolev_anatolii_nagrade_ne_podlezhit.fb2.zip</filename>
	<title>Соболев Анатолий Пантелеевич. Награде не подлежит</title>
</book>
<book>
	<filename>sobolev_gennadii/sobolev_gennadii_russkaya_revolyuciya_i_nemeckoe_zoloto.fb2.zip</filename>
	<title>Соболев Геннадий Леонтьевич. Русская революция и «немецкое золото»</title>
</book>
<book>
	<filename>sobolev_ivan/sobolev_ivan_spravochnik_stalkera_azbuka_vyzhivaniya.fb2.zip</filename>
	<title>Соболев Иван Анатольевич. Справочник сталкера. Азбука выживания</title>
</book>
<book>
	<filename>sobolev_o/sobolev_o_kakoi_poplavok_ulovistee.fb2.zip</filename>
	<title>Соболев О. Я. Какой поплавок «уловистее»?</title>
</book>
<book>
	<filename>sobolev_sergei/sobolev_sergei_brilliantovyi_dzhoker.fb2.zip</filename>
	<title>Соболев Сергей. Бриллиантовый джокер</title>
</book>
<book>
	<filename>sobolev_sergei/sobolev_sergei_kondor_prinimaet_vyzov.fb2.zip</filename>
	<title>Соболев Сергей. Кондор принимает вызов</title>
</book>
<book>
	<filename>sobolev_sergei/sobolev_sergei_ohota_na_krys.fb2.zip</filename>
	<title>Соболев Сергей. Охота на крыс</title>
</book>
<book>
	<filename>sobolev_sergei/sobolev_sergei_ohota_na_volkov_zhivym_ne_brat.fb2.zip</filename>
	<title>Соболев Сергей. Охота на волков (Живым не брать)</title>
</book>
<book>
	<filename>sobolev_sergei/sobolev_sergei_poslednii_boi.fb2.zip</filename>
	<title>Соболев Сергей. Последний бой</title>
</book>
<book>
	<filename>sobolev_sergei/sobolev_sergei_russkie_idut.fb2.zip</filename>
	<title>Соболев Сергей Викторович. Русские идут</title>
</book>
<book>
	<filename>sobolev_sergei/sobolev_sergei_tancy_s_volkami.fb2.zip</filename>
	<title>Соболев Сергей. Танцы с волками</title>
</book>
<book>
	<filename>sobolev_sergei/sobolev_sergei_tango_vtroem.fb2.zip</filename>
	<title>Соболев Сергей. Танго втроем</title>
</book>
<book>
	<filename>sobolev_sergei/sobolev_sergei_terrorist_1.fb2.zip</filename>
	<title>Соболев Сергей Викторович. Террорист №1</title>
</book>
<book>
	<filename>sobolev_sergei/sobolev_sergei_terrorist_no1.fb2.zip</filename>
	<title>Соболев Сергей. Террорист №1</title>
</book>
<book>
	<filename>sobolev_sergei/sobolev_sergei_titanovaya_gilotina.fb2.zip</filename>
	<title>Соболев Сергей Викторович. Титановая гильотина</title>
</book>
<book>
	<filename>sobolev_sergei/sobolev_sergei_vzhivlennyi_chip_kontrolya_marshbrosok.fb2.zip</filename>
	<title>Соболев Сергей Викторович. Вживленный «Чип контроля» [Марш-бросок]</title>
</book>
<book>
	<filename>sobolev_sergei/sobolev_sergei_znamena_knyazya.fb2.zip</filename>
	<title>Соболев Сергей Викторович. Знамена Князя</title>
</book>
<book>
	<filename>sockov_lev/sockov_lev_neizvestnyi_separatizm_na_sluzhbe_sd_i_abvera.fb2.zip</filename>
	<title>Соцков Лев. Неизвестный сепаратизм. На службе СД и Абвера</title>
</book>
<book>
	<filename>sodi_demetrio/sodi_demetrio_velikie_kultury_mesoameriki.fb2.zip</filename>
	<title>Соди Деметрио. Великие культуры Месоамерики</title>
</book>
<book>
	<filename>_sofokl/_sofokl_car_yedip.fb2.zip</filename>
	<title>Софокл. Царь Эдип</title>
</book>
<book>
	<filename>sofokl_/sofokl__antigona.fb2.zip</filename>
	<title>Софокл. Антигона</title>
</book>
<book>
	<filename>sofokl_/sofokl__ayaks.fb2.zip</filename>
	<title>Софокл. Аякс</title>
</book>
<book>
	<filename>sofokl_/sofokl__filoktet.fb2.zip</filename>
	<title>Софокл. Филоктет</title>
</book>
<book>
	<filename>sofokl_/sofokl__sledopyty.fb2.zip</filename>
	<title>Софокл. Следопыты</title>
</book>
<book>
	<filename>sofokl_/sofokl__trahinyanki.fb2.zip</filename>
	<title>Софокл. Трахинянки</title>
</book>
<book>
	<filename>sofokl_/sofokl__yedip_v_kolone.fb2.zip</filename>
	<title>Софокл. Эдип в Колоне</title>
</book>
<book>
	<filename>soierdzhons_moiya/soierdzhons_moiya_krysalyubov.fb2.zip</filename>
	<title>Сойер-Джонс Мойя. Крыса-любовь</title>
</book>
<book>
	<filename>soier_meril/soier_meril_byvshii_lyubovnik.fb2.zip</filename>
	<title>Сойер Мерил. Бывший любовник</title>
</book>
<book>
	<filename>soier_meril/soier_meril_liniya_sudby.fb2.zip</filename>
	<title>Сойер Мерил. Линия судьбы</title>
</book>
<book>
	<filename>soier_meril/soier_meril_lyubov_soblazny_i_grehi.fb2.zip</filename>
	<title>Сойер Мерил. Любовь, соблазны и грехи</title>
</book>
<book>
	<filename>soier_meril/soier_meril_muzhchina_na_odnu_noch.fb2.zip</filename>
	<title>Сойер Мерил. Мужчина на одну ночь</title>
</book>
<book>
	<filename>soier_meril/soier_meril_ne_celuites_s_neznakomcem.fb2.zip</filename>
	<title>Сойер Мерил. Не целуйтесь с незнакомцем</title>
</book>
<book>
	<filename>soier_meril/soier_meril_nezabyvaemaya.fb2.zip</filename>
	<title>Сойер Мерил. Незабываемая</title>
</book>
<book>
	<filename>soier_meril/soier_meril_nikomu_ne_doveryai.fb2.zip</filename>
	<title>Сойер Мерил. Никому не доверяй</title>
</book>
<book>
	<filename>soier_meril/soier_meril_pocelui_v_temnote.fb2.zip</filename>
	<title>Сойер Мерил. Поцелуй в темноте</title>
</book>
<book>
	<filename>soier_meril/soier_meril_poslednyaya_noch.fb2.zip</filename>
	<title>Сойер Мерил. Последняя ночь</title>
</book>
<book>
	<filename>soier_meril/soier_meril_slepoi_sluchai.fb2.zip</filename>
	<title>Сойер Мерил. Слепой случай</title>
</book>
<book>
	<filename>soier_robert/soier_robert_smertelnyi_yeksperiment.fb2.zip</filename>
	<title>Сойер Роберт. Смертельный эксперимент</title>
</book>
<book>
	<filename>soier_rut/soier_rut_odna_v_nyuijorke.fb2.zip</filename>
	<title>Сойер Рут. Одна в Нью-Йорке</title>
</book>
<book>
	<filename>sokolov_boris/sokolov_boris_my_eshe_vstretimsya_polkovnik_krebs.fb2.zip</filename>
	<title>Соколов Борис Николаевич. Мы еще встретимся, полковник Кребс!</title>
</book>
<book>
	<filename>sokolov_boris/sokolov_boris_pervaya_vstrechnaya.fb2.zip</filename>
	<title>Соколов Борис Николаевич. Первая встречная</title>
</book>
<book>
	<filename>sokolov_boris_vadimovich/sokolov_boris_vadimovich_neizvestnyi_zhukov_portret_bez_retushi_v_zerkale_yepohi.fb2.zip</filename>
	<title>Соколов Борис Вадимович. Неизвестный Жуков: портрет без ретуши в зеркале эпохи</title>
</book>
<book>
	<filename>sokolov_boris_vadimovich/sokolov_boris_vadimovich_okkupaciya_pravda_i_mify.fb2.zip</filename>
	<title>Соколов Борис Вадимович. Оккупация. Правда и мифы</title>
</book>
<book>
	<filename>sokolov_mihail/sokolov_mihail_bogimperator.fb2.zip</filename>
	<title>Соколов Михаил. Бог-Император</title>
</book>
<book>
	<filename>sokolov_mihail/sokolov_mihail_gladiator.fb2.zip</filename>
	<title>Соколов Михаил. Гладиатор</title>
</book>
<book>
	<filename>sokolov_mihail/sokolov_mihail_vlastitel.fb2.zip</filename>
	<title>Соколов Михаил. Властитель</title>
</book>
<book>
	<filename>sokolovmitrich_dmitrii/sokolovmitrich_dmitrii_antigrabovoi_kto_voskreshaet_nashih_mertvyh.fb2.zip</filename>
	<title>Соколов-Митрич Дмитрий. АнтиГрабовой. Кто «воскрешает» наших мертвых?</title>
</book>
<book>
	<filename>sokolovmitrich_dmitrii/sokolovmitrich_dmitrii_netadzhikskie_devochki_nechechenskie_malchiki.fb2.zip</filename>
	<title>Соколов-Митрич Дмитрий. Нетаджикские девочки. Нечеченские мальчики</title>
</book>
<book>
	<filename>sokolov_sasha/sokolov_sasha_mezhdu_sobakoi_i_volkom.fb2.zip</filename>
	<title>Соколов Саша. Между собакой и волком</title>
</book>
<book>
	<filename>sokolov_sasha/sokolov_sasha_shkola_dlya_durakov.fb2.zip</filename>
	<title>Соколов Саша. Школа для дураков</title>
</book>
<book>
	<filename>sokolov_sergei/sokolov_sergei_kollektor.fb2.zip</filename>
	<title>Соколов Сергей. Коллектор</title>
</book>
<book>
	<filename>sokolov_sergei/sokolov_sergei_nebo_cveta_indigo.fb2.zip</filename>
	<title>Соколов Сергей. Небо цвета индиго</title>
</book>
<book>
	<filename>sokolov_sergei/sokolov_sergei_strah_vysoty.fb2.zip</filename>
	<title>Соколов Сергей. Страх высоты</title>
</book>
<book>
	<filename>sokolyan_marina/sokolyan_marina_balada_dlya_krivoi_vargi.fb2.zip</filename>
	<title>Соколян Марина. Балада для Кривої Варги</title>
</book>
<book>
	<filename>sokolyan_marina/sokolyan_marina_herem.fb2.zip</filename>
	<title>Соколян Марина. Херем</title>
</book>
<book>
	<filename>sokolyan_marina/sokolyan_marina_himerne_misto_drobodan.fb2.zip</filename>
	<title>Соколян Марина. Химерне місто Дрободан</title>
</book>
<book>
	<filename>sokolyan_marina/sokolyan_marina_kodlo.fb2.zip</filename>
	<title>Соколян Марина. Кодло</title>
</book>
<book>
	<filename>sokolyan_marina/sokolyan_marina_zvorotnya_storona_demonologii.fb2.zip</filename>
	<title>Соколян Марина. Зворотня сторона Демонології</title>
</book>
<book>
	<filename>solli_martin/solli_martin_yeti_strannye_italyancy.fb2.zip</filename>
	<title>Солли Мартин. Эти странные итальянцы</title>
</book>
<book>
	<filename>sologub_fedor/sologub_fedor_melkii_bes.fb2.zip</filename>
	<title>Сологуб Федор. Мелкий бес</title>
</book>
<book>
	<filename>solonevich_ivan/solonevich_ivan_narodnaya_monarhiya.fb2.zip</filename>
	<title>Солоневич Иван Лукьянович. Народная монархия</title>
</book>
<book>
	<filename>solonevich_ivan/solonevich_ivan_rossiya_v_konclagere.fb2.zip</filename>
	<title>Солоневич Иван Лукьянович. Россия в концлагере</title>
</book>
<book>
	<filename>solonicyn_yurii/solonicyn_yurii_photoshop_cs2_i_cifrovaya_fotografiya_samouchitel_glavy_1014.fb2.zip</filename>
	<title>Солоницын Юрий. Photoshop CS2 и цифровая фотография (Самоучитель). Главы 10-14</title>
</book>
<book>
	<filename>solonicyn_yurii/solonicyn_yurii_photoshop_cs2_i_cifrovaya_fotografiya_samouchitel_glavy_1521.fb2.zip</filename>
	<title>Солоницын Юрий. Photoshop CS2 и цифровая фотография (Самоучитель). Главы 15-21.</title>
</book>
<book>
	<filename>solonicyn_yurii/solonicyn_yurii_photoshop_cs2_i_cifrovaya_fotografiya_samouchitel_glavy_19.fb2.zip</filename>
	<title>Солоницын Юрий. Photoshop CS2 и цифровая фотография (Самоучитель). Главы 1-9</title>
</book>
<book>
	<filename>solouhin_vladimir/solouhin_vladimir_chernye_doski.fb2.zip</filename>
	<title>Солоухин Владимир Алексеевич. Черные доски</title>
</book>
<book>
	<filename>solouhin_vladimir/solouhin_vladimir_grigorovy_ostrova_zametki_o_zimnem_uzhenii_ryby.fb2.zip</filename>
	<title>Солоухин Владимир Алексеевич. Григоровы острова (Заметки о зимнем ужении рыбы)</title>
</book>
<book>
	<filename>solouhin_vladimir/solouhin_vladimir_kameshki_na_ladoni.fb2.zip</filename>
	<title>Солоухин Владимир Алексеевич. Камешки на ладони</title>
</book>
<book>
	<filename>solouhin_vladimir/solouhin_vladimir_pisma_iz_russkogo_muzeya.fb2.zip</filename>
	<title>Солоухин Владимир Алексеевич. Письма из Русского музея</title>
</book>
<book>
	<filename>solouhin_vladimir/solouhin_vladimir_poslednyaya_stupen_ispoved_vashego_sovremennika.fb2.zip</filename>
	<title>Солоухин Владимир Алексеевич. Последняя ступень (Исповедь вашего современника)</title>
</book>
<book>
	<filename>solouhin_vladimir/solouhin_vladimir_prekrasnaya_adygene.fb2.zip</filename>
	<title>Солоухин Владимир Алексеевич. Прекрасная Адыгене</title>
</book>
<book>
	<filename>solouhin_vladimir/solouhin_vladimir_prigovor.fb2.zip</filename>
	<title>Солоухин Владимир Алексеевич. Приговор</title>
</book>
<book>
	<filename>solouhin_vladimir/solouhin_vladimir_pri_svete_dnya.fb2.zip</filename>
	<title>Солоухин Владимир Алексеевич. При свете дня</title>
</book>
<book>
	<filename>solouhin_vladimir/solouhin_vladimir_slavyanskaya_tetrad.fb2.zip</filename>
	<title>Солоухин Владимир Алексеевич. Славянская тетрадь</title>
</book>
<book>
	<filename>solouhin_vladimir/solouhin_vladimir_smeh_za_levym_plechom.fb2.zip</filename>
	<title>Солоухин Владимир Алексеевич. Смех за левым плечом</title>
</book>
<book>
	<filename>solouhin_vladimir/solouhin_vladimir_solenoe_ozero.fb2.zip</filename>
	<title>Солоухин Владимир Алексеевич. Соленое озеро</title>
</book>
<book>
	<filename>solouhin_vladimir/solouhin_vladimir_trava.fb2.zip</filename>
	<title>Солоухин Владимир Алексеевич. Трава</title>
</book>
<book>
	<filename>solouhin_vladimir/solouhin_vladimir_tretya_ohota.fb2.zip</filename>
	<title>Солоухин Владимир Алексеевич. Третья охота</title>
</book>
<book>
	<filename>solouhin_vladimir/solouhin_vladimir_vladimirskie_prosyolki.fb2.zip</filename>
	<title>Солоухин Владимир Алексеевич. Владимирские просёлки</title>
</book>
<book>
	<filename>solouhin_vladimir/solouhin_vladimir_vremya_sobirat_kamni_ocherki.fb2.zip</filename>
	<title>Солоухин Владимир Алексеевич. Время собирать камни. Очерки</title>
</book>
<book>
	<filename>solouhin_vladimir/solouhin_vladimir_zakon_nabata.fb2.zip</filename>
	<title>Солоухин Владимир Алексеевич. Закон набата</title>
</book>
<book>
	<filename>soloveichik_simon/soloveichik_simon_uchenie_s_uvlecheniem.fb2.zip</filename>
	<title>Соловейчик Симон Львович. Учение с увлечением</title>
</book>
<book>
	<filename>soloveva_anastasiya/soloveva_anastasiya_dom_v_kotorom_ty_zhivesh.fb2.zip</filename>
	<title>Соловьева Анастасия. Дом, в котором ты живешь</title>
</book>
<book>
	<filename>solovev_anton/solovev_anton_vosstavshii_protiv_neba.fb2.zip</filename>
	<title>Соловьев Антон. Восставший против Неба</title>
</book>
<book>
	<filename>solovev_anton/solovev_anton_zlaya_skazka.fb2.zip</filename>
	<title>Соловьев Антон. Злая сказка</title>
</book>
<book>
	<filename>solovev_dmitrii/solovev_dmitrii_chistilshik.fb2.zip</filename>
	<title>Соловьев Дмитрий. Чистильщик</title>
</book>
<book>
	<filename>solovev_konstantin/solovev_konstantin_urod.fb2.zip</filename>
	<title>Соловьев Константин. Урод</title>
</book>
<book>
	<filename>solovev_leonid/solovev_leonid_ocharovannyi_princ.fb2.zip</filename>
	<title>Соловьев Леонид. Очарованный принц</title>
</book>
<book>
	<filename>solovev_leonid/solovev_leonid_vozmutitel_spokoistviya.fb2.zip</filename>
	<title>Соловьев Леонид. Возмутитель спокойствия</title>
</book>
<book>
	<filename>solovev_sergei/solovev_sergei_istoriya_rossii_s_drevneishih_vremen_kniga_hiii_17621765.fb2.zip</filename>
	<title>Соловьев Сергей Михайлович. История России с древнейших времен. Книга ХIII. 1762—1765</title>
</book>
<book>
	<filename>solovev_sergei/solovev_sergei_istoriya_rossii_s_drevneishih_vremen_kniga_ii_10541462.fb2.zip</filename>
	<title>Соловьев Сергей Михайлович. История России с древнейших времен. Книга II. 1054—1462</title>
</book>
<book>
	<filename>solovev_sergei/solovev_sergei_istoriya_rossii_s_drevneishih_vremen_kniga_iii_14631584.fb2.zip</filename>
	<title>Соловьев Сергей Михайлович. История России с древнейших времен. Книга III. 1463—1584</title>
</book>
<book>
	<filename>solovev_sergei/solovev_sergei_istoriya_rossii_s_drevneishih_vremen_kniga_i_rus_iznachalnaya.fb2.zip</filename>
	<title>Соловьев Сергей Михайлович. История России с древнейших времен. Книга I. Русь изначальная</title>
</book>
<book>
	<filename>solovev_sergei/solovev_sergei_istoriya_rossii_s_drevneishih_vremen_kniga_iv_15841613.fb2.zip</filename>
	<title>Соловьев Сергей Михайлович. История России с древнейших времен. Книга IV. 1584-1613</title>
</book>
<book>
	<filename>solovev_sergei/solovev_sergei_istoriya_rossii_s_drevneishih_vremen_kniga_ix_nachalo_20h_godov_xviii_veka_1725.fb2.zip</filename>
	<title>Соловьев Сергей Михайлович. История России с древнейших времен. Книга IX. Начало 20-х годов XVIII века — 1725</title>
</book>
<book>
	<filename>solovev_sergei/solovev_sergei_istoriya_rossii_s_drevneishih_vremen_kniga_v_16131657.fb2.zip</filename>
	<title>Соловьев Сергей Михайлович. История России с древнейших времен. Книга V. 1613-1657</title>
</book>
<book>
	<filename>solovev_sergei/solovev_sergei_istoriya_rossii_s_drevneishih_vremen_kniga_vi_16571676.fb2.zip</filename>
	<title>Соловьев Сергей Михайлович. История России с древнейших времен. Книга VI. 1657-1676</title>
</book>
<book>
	<filename>solovev_sergei/solovev_sergei_istoriya_rossii_s_drevneishih_vremen_kniga_vii_16761703.fb2.zip</filename>
	<title>Соловьев Сергей Михайлович. История России с древнейших времен. Книга VII. 1676—1703</title>
</book>
<book>
	<filename>solovev_sergei/solovev_sergei_istoriya_rossii_s_drevneishih_vremen_kniga_viii_1703_nachalo_20h_godov_xviii_veka.fb2.zip</filename>
	<title>Соловьев Сергей Михайлович. История России с древнейших времен. Книга VIII. 1703 — начало 20-х годов XVIII века</title>
</book>
<book>
	<filename>solovev_sergei/solovev_sergei_istoriya_rossii_s_drevneishih_vremen_kniga_x_17251740.fb2.zip</filename>
	<title>Соловьев Сергей Михайлович. История России с древнейших времен. Книга X. 1725—1740</title>
</book>
<book>
	<filename>solovev_sergei/solovev_sergei_istoriya_rossii_s_drevneishih_vremen_kniga_xi_17401748.fb2.zip</filename>
	<title>Соловьев Сергей Михайлович. История России с древнейших времен. Книга XI. 1740—1748</title>
</book>
<book>
	<filename>solovev_sergei/solovev_sergei_istoriya_rossii_s_drevneishih_vremen_kniga_xii_17491761.fb2.zip</filename>
	<title>Соловьев Сергей Михайлович. История России с древнейших времен. Книга XII. 1749—1761</title>
</book>
<book>
	<filename>solovev_sergei/solovev_sergei_istoriya_rossii_s_drevneishih_vremen_kniga_xiv_17661772.fb2.zip</filename>
	<title>Соловьев Сергей Михайлович. История России с древнейших времен. Книга XIV. 1766—1772</title>
</book>
<book>
	<filename>solovev_sergei/solovev_sergei_istoriya_rossii_s_drevneishih_vremen_kniga_xv_17731774.fb2.zip</filename>
	<title>Соловьев Сергей Михайлович. История России с древнейших времен. Книга XV. 1773—1774</title>
</book>
<book>
	<filename>solovev_sergei/solovev_sergei_petrovskie_chteniya.fb2.zip</filename>
	<title>Соловьев Сергей Михайлович. Петровские чтения</title>
</book>
<book>
	<filename>solovev_vladimir/solovev_vladimir_evangelie_ot_soloveva.fb2.zip</filename>
	<title>Соловьев Владимир Рудольфович. Евангелие от Соловьева</title>
</book>
<book>
	<filename>solzhenicyn_aleksandr/solzhenicyn_aleksandr_matryonin_dvor.fb2.zip</filename>
	<title>Солженицын Александр Исаевич. Матрёнин двор</title>
</book>
<book>
	<filename>solzhenicyn_aleksandr/solzhenicyn_aleksandr_odin_den_ivana_denisovicha.fb2.zip</filename>
	<title>Солженицын Александр Исаевич. Один день Ивана Денисовича</title>
</book>
<book>
	<filename>solzhenicyn_aleksandr/solzhenicyn_aleksandr_rakovyi_korpus.fb2.zip</filename>
	<title>Солженицын Александр Исаевич. Раковый корпус</title>
</book>
<book>
	<filename>solzhenicyn_aleksandr/solzhenicyn_aleksandr_sluchai_na_stancii_kochetovka.fb2.zip</filename>
	<title>Солженицын Александр. Случай на станции Кочетовка</title>
</book>
<book>
	<filename>solzhenicyn_aleksandr/solzhenicyn_aleksandr_v_kruge_pervom_t1.fb2.zip</filename>
	<title>Солженицын Александр Исаевич. В круге первом (т.1)</title>
</book>
<book>
	<filename>solzhenicyn_aleksandr/solzhenicyn_aleksandr_v_kruge_pervom_t2.fb2.zip</filename>
	<title>Солженицын Александр Исаевич. В круге первом (т.2)</title>
</book>
<book>
	<filename>sommerfild_silviya/sommerfild_silviya_pesnya_serdca.fb2.zip</filename>
	<title>Соммерфилд Сильвия. Песня сердца</title>
</book>
<book>
	<filename>somtou_s/somtou_s_sueta_suet_begstvo_iz_vampirskogo_uzla.fb2.zip</filename>
	<title>Сомтоу С. П. Суета сует. Бегство из Вампирского Узла</title>
</book>
<book>
	<filename>somtou_s/somtou_s_valentain.fb2.zip</filename>
	<title>Сомтоу С. П. Валентайн</title>
</book>
<book>
	<filename>somtou_s/somtou_s_vampirskii_uzel.fb2.zip</filename>
	<title>Сомтоу С. П. Вампирский Узел</title>
</book>
<book>
	<filename>sonders_mark/sonders_mark_bedstvie.fb2.zip</filename>
	<title>Сондерс Марк. Бедствие</title>
</book>
<book>
	<filename>sonders_yemi/sonders_yemi_ocharovannoe_vremya.fb2.zip</filename>
	<title>Сондерс Эми. Очарованное время</title>
</book>
<book>
	<filename>son_yemi/son_yemi_begi_hvatai_celui.fb2.zip</filename>
	<title>Сон Эми. Беги, хватай, целуй</title>
</book>
<book>
	<filename>sorel_sharl/sorel_sharl_pravdivoe_komicheskoe_zhizneopisanie_fransiona.fb2.zip</filename>
	<title>Сорель Шарль. Правдивое комическое жизнеописание Франсиона</title>
</book>
<book>
	<filename>sorochenko_viktor/sorochenko_viktor_yenciklopediya_metodov_propagandy.fb2.zip</filename>
	<title>Сороченко Виктор. Энциклопедия методов пропаганды</title>
</book>
<book>
	<filename>sorokin_evgenii/sorokin_evgenii_boevaya_strelba_iz_pistoleta_izrailskii_stil.fb2.zip</filename>
	<title>Сорокин Евгений. «Боевая стрельба из пистолета. Израильский стиль»</title>
</book>
<book>
	<filename>sorokin_vladimir/sorokin_vladimir_23000.fb2.zip</filename>
	<title>Сорокин Владимир Георгиевич. 23000</title>
</book>
<book>
	<filename>sorokin_vladimir/sorokin_vladimir_avaron.fb2.zip</filename>
	<title>Сорокин Владимир. Аварон</title>
</book>
<book>
	<filename>sorokin_vladimir/sorokin_vladimir_den_oprichnika.fb2.zip</filename>
	<title>Сорокин Владимир Георгиевич. День опричника</title>
</book>
<book>
	<filename>sorokin_vladimir/sorokin_vladimir_norma.fb2.zip</filename>
	<title>Сорокин Владимир. Норма</title>
</book>
<book>
	<filename>sorokin_vladimir/sorokin_vladimir_ochered.fb2.zip</filename>
	<title>Сорокин Владимир. Очередь</title>
</book>
<book>
	<filename>sorokin_vladimir/sorokin_vladimir_pervyi_subbotnik.fb2.zip</filename>
	<title>Сорокин Владимир. Первый субботник</title>
</book>
<book>
	<filename>sorokin_vladimir/sorokin_vladimir_pir.fb2.zip</filename>
	<title>Сорокин Владимир. Пир</title>
</book>
<book>
	<filename>sorokin_vladimir/sorokin_vladimir_put_bro.fb2.zip</filename>
	<title>Сорокин Владимир Георгиевич. Путь Бро</title>
</book>
<book>
	<filename>sorokin_vladimir/sorokin_vladimir_serdca_chetyreh.fb2.zip</filename>
	<title>Сорокин Владимир. Сердца четырех</title>
</book>
<book>
	<filename>sorokin_vladimir/sorokin_vladimir_tridcataya_lyubov_mariny.fb2.zip</filename>
	<title>Сорокин Владимир. Тридцатая любовь Марины</title>
</book>
<book>
	<filename>sorokin_zahar/sorokin_zahar_poedinok_v_snezhnoi_pustyne.fb2.zip</filename>
	<title>Сорокин Захар Артемович. Поединок в снежной пустыне</title>
</book>
<book>
	<filename>soros_dzhordzh/soros_dzhordzh_krizis_mirovogo_kapitalizma.fb2.zip</filename>
	<title>Сорос Джордж. Кризис мирового капитализма</title>
</book>
<book>
	<filename>soros_dzhordzh/soros_dzhordzh_mylnyi_puzyr_amerikanskogo_prevoshodstva.fb2.zip</filename>
	<title>Сорос Джордж. Мыльный пузырь американского превосходства</title>
</book>
<book>
	<filename>soros_dzhordzh/soros_dzhordzh_soros_o_sorose_operezhaya_peremeny.fb2.zip</filename>
	<title>Сорос Джордж. Сорос о Соросе. Опережая перемены</title>
</book>
<book>
	<filename>sorotokina_nina/sorotokina_nina_kancler.fb2.zip</filename>
	<title>Соротокина Нина. Канцлер</title>
</book>
<book>
	<filename>sorotokina_nina/sorotokina_nina_svidanie_v_sanktpeterburge.fb2.zip</filename>
	<title>Соротокина Нина. Свидание в Санкт-Петербурге</title>
</book>
<book>
	<filename>sorotokina_nina/sorotokina_nina_troe_iz_navigackoi_shkoly.fb2.zip</filename>
	<title>Соротокина Нина. Трое из навигацкой школы</title>
</book>
<book>
	<filename>sorotokina_nina/sorotokina_nina_zakon_parnosti.fb2.zip</filename>
	<title>Соротокина Нина. Закон парности</title>
</book>
<book>
	<filename>sosin_mihail/sosin_mihail_pyat_nochei.fb2.zip</filename>
	<title>Сосин Михаил. Пять ночей</title>
</book>
<book>
	<filename>sotnikov_oleg/sotnikov_oleg_borba_protiv_zhizni.fb2.zip</filename>
	<title>Сотников Олег. Борьба против Жизни</title>
</book>
<book>
	<filename>sotnik_yurii/sotnik_yurii_kastorka.fb2.zip</filename>
	<title>Сотник Юрий Вячеславович. Касторка</title>
</book>
<book>
	<filename>sotnik_yurii/sotnik_yurii_krokodilenok.fb2.zip</filename>
	<title>Сотник Юрий Вячеславович. «Крокодиленок»</title>
</book>
<book>
	<filename>sotnik_yurii/sotnik_yurii_nochyu_na_kladbishe.fb2.zip</filename>
	<title>Сотник Юрий Вячеславович. Ночью на кладбище</title>
</book>
<book>
	<filename>sotnik_yurii/sotnik_yurii_pesok.fb2.zip</filename>
	<title>Сотник Юрий Вячеславович. Песок</title>
</book>
<book>
	<filename>sotnik_yurii/sotnik_yurii_petuhi.fb2.zip</filename>
	<title>Сотник Юрий Вячеславович. Петухи</title>
</book>
<book>
	<filename>sotnik_yurii/sotnik_yurii_priklyuchenie_ne_udalos.fb2.zip</filename>
	<title>Сотник Юрий Вячеславович. Приключение не удалось</title>
</book>
<book>
	<filename>sotnik_yurii/sotnik_yurii_raikiny_plenniki.fb2.zip</filename>
	<title>Сотник Юрий Вячеславович. Райкины «пленники»</title>
</book>
<book>
	<filename>sotnik_yurii/sotnik_yurii_sobachya_upryazhka.fb2.zip</filename>
	<title>Сотник Юрий Вячеславович. Собачья упряжка</title>
</book>
<book>
	<filename>sotnik_yurii/sotnik_yurii_yeliksir_kupruma_yesa.fb2.zip</filename>
	<title>Сотник Юрий Вячеславович. Эликсир Купрума Эса</title>
</book>
<book>
	<filename>soul_dzhon/soul_dzhon_chernaya_molniya.fb2.zip</filename>
	<title>Соул Джон. Черная молния</title>
</book>
<book>
	<filename>soul_dzhon/soul_dzhon_manhyettenskii_ohotnichii_klub.fb2.zip</filename>
	<title>Соул Джон. Манхэттенский охотничий клуб</title>
</book>
<book>
	<filename>soul_dzhon/soul_dzhon_opekun.fb2.zip</filename>
	<title>Соул Джон. Опекун</title>
</book>
<book>
	<filename>soul_dzhon/soul_dzhon_prisutstvie.fb2.zip</filename>
	<title>Соул Джон. Присутствие</title>
</book>
<book>
	<filename>soul_dzhon/soul_dzhon_proklyatie_pamyati.fb2.zip</filename>
	<title>Соул Джон. Проклятие памяти</title>
</book>
<book>
	<filename>spais_virdzhiniya/spais_virdzhiniya_aristokratka.fb2.zip</filename>
	<title>Спайс Вирджиния. Аристократка</title>
</book>
<book>
	<filename>spais_virdzhiniya/spais_virdzhiniya_lyubov_pod_zapretom.fb2.zip</filename>
	<title>Спайс Вирджиния. Любовь под запретом</title>
</book>
<book>
	<filename>spais_virdzhiniya/spais_virdzhiniya_nebesnaya_roza.fb2.zip</filename>
	<title>Спайс Вирджиния. Небесная Роза</title>
</book>
<book>
	<filename>spais_virdzhiniya/spais_virdzhiniya_pover_v_lyubov.fb2.zip</filename>
	<title>Спайс Вирджиния. Поверь в любовь</title>
</book>
<book>
	<filename>spais_virdzhiniya/spais_virdzhiniya_rokovye_cvety.fb2.zip</filename>
	<title>Спайс Вирджиния. Роковые цветы</title>
</book>
<book>
	<filename>spais_virdzhiniya/spais_virdzhiniya_stroptivaya_nalozhnica.fb2.zip</filename>
	<title>Спайс Вирджиния. Строптивая наложница</title>
</book>
<book>
	<filename>spais_virdzhiniya/spais_virdzhiniya_ten_luny.fb2.zip</filename>
	<title>Спайс Вирджиния. Тень луны</title>
</book>
<book>
	<filename>spais_virdzhiniya/spais_virdzhiniya_zemlya_nadezhdy.fb2.zip</filename>
	<title>Спайс Вирджиния. Земля надежды</title>
</book>
<book>
	<filename>spark_myuriyel/spark_myuriyel_devushki_so_skromnymi_sredstvami.fb2.zip</filename>
	<title>Спарк Мюриэл. Девушки со скромными средствами</title>
</book>
<book>
	<filename>spark_myuriyel/spark_myuriyel_memento_mori.fb2.zip</filename>
	<title>Спарк Мюриэл. Memento mori</title>
</book>
<book>
	<filename>spark_myuriyel/spark_myuriyel_peredel.fb2.zip</filename>
	<title>Спарк Мюриэл. Передел</title>
</book>
<book>
	<filename>spark_myuriyel/spark_myuriyel_posobniki_i_podstrekateli.fb2.zip</filename>
	<title>Спарк Мюриэл. Пособники и подстрекатели</title>
</book>
<book>
	<filename>spark_myuriyel/spark_myuriyel_ptichkauhodi.fb2.zip</filename>
	<title>Спарк Мюриэл. Птичка-«уходи»</title>
</book>
<book>
	<filename>sparks_nikolas/sparks_nikolas_chudo_lyubvi.fb2.zip</filename>
	<title>Спаркс Николас. Чудо любви</title>
</book>
<book>
	<filename>sparks_nikolas/sparks_nikolas_dnevnik_pamyati.fb2.zip</filename>
	<title>Спаркс Николас. Дневник памяти</title>
</book>
<book>
	<filename>sparks_nikolas/sparks_nikolas_poslanie_v_butylke.fb2.zip</filename>
	<title>Спаркс Николас. Послание в бутылке</title>
</book>
<book>
	<filename>spasskii_oleg/spasskii_oleg_sergei_makarov.fb2.zip</filename>
	<title>Спасский Олег Дмитриевич. Сергей Макаров</title>
</book>
<book>
	<filename>spasskii_svyatoslav/spasskii_svyatoslav_koty_v_kaktusah_ili_pocelui_yunoi_blondinki.fb2.zip</filename>
	<title>Спасский Святослав. Коты в кактусах или Поцелуй юной блондинки</title>
</book>
<book>
	<filename>spenser_dzhudit/spenser_dzhudit_intervyu_s_holostyakom.fb2.zip</filename>
	<title>Спенсер Джудит. Интервью с холостяком</title>
</book>
<book>
	<filename>spenser_laveil/spenser_laveil_kolibri.fb2.zip</filename>
	<title>Спенсер Лавейл. Колибри</title>
</book>
<book>
	<filename>spenser_laveil/spenser_laveil_osen_serdca.fb2.zip</filename>
	<title>Спенсер Лавейл. Осень сердца</title>
</book>
<book>
	<filename>spenser_laveil/spenser_laveil_proshenie.fb2.zip</filename>
	<title>Спенсер Лавейл. Прощение</title>
</book>
<book>
	<filename>spenser_laveil/spenser_laveil_proshlye_obidy.fb2.zip</filename>
	<title>Спенсер Лавейл. Прошлые обиды</title>
</book>
<book>
	<filename>spenser_laveil/spenser_laveil_razdelnye_posteli.fb2.zip</filename>
	<title>Спенсер Лавейл. Раздельные постели</title>
</book>
<book>
	<filename>spenser_laveil/spenser_laveil_sila_lyubvi.fb2.zip</filename>
	<title>Спенсер Лавейл. Сила любви</title>
</book>
<book>
	<filename>spenser_laveil/spenser_laveil_trudnoe_schaste.fb2.zip</filename>
	<title>Спенсер Лавейл. Трудное счастье</title>
</book>
<book>
	<filename>spenser_lavirl/spenser_lavirl_kolibri.fb2.zip</filename>
	<title>Спенсер Лавирль. Колибри</title>
</book>
<book>
	<filename>spenser_lavirl/spenser_lavirl_osen_serdca.fb2.zip</filename>
	<title>Спенсер Лавирль. Осень сердца</title>
</book>
<book>
	<filename>spenser_lavirl/spenser_lavirl_proshenie.fb2.zip</filename>
	<title>Спенсер Лавирль. Прощение</title>
</book>
<book>
	<filename>spenser_lavirl/spenser_lavirl_proshlye_obidy.fb2.zip</filename>
	<title>Спенсер Лавирль. Прошлые обиды</title>
</book>
<book>
	<filename>spenser_lavirl/spenser_lavirl_razdelnye_posteli.fb2.zip</filename>
	<title>Спенсер Лавирль. Раздельные постели</title>
</book>
<book>
	<filename>spenser_lavirl/spenser_lavirl_sila_lyubvi.fb2.zip</filename>
	<title>Спенсер Лавирль. Сила любви</title>
</book>
<book>
	<filename>spenser_lavirl/spenser_lavirl_trudnoe_schaste.fb2.zip</filename>
	<title>Спенсер Лавирль. Трудное счастье</title>
</book>
<book>
	<filename>spenser_myeri/spenser_myeri_obet_lyubvi.fb2.zip</filename>
	<title>Спенсер Мэри. Обет любви</title>
</book>
<book>
	<filename>spenser_myeri/spenser_myeri_pover_v_lyubov.fb2.zip</filename>
	<title>Спенсер Мэри. Поверь в любовь</title>
</book>
<book>
	<filename>spenser_myeri/spenser_myeri_riskovannyi_vybor.fb2.zip</filename>
	<title>Спенсер Мэри. Рискованный выбор</title>
</book>
<book>
	<filename>spenser_myeri/spenser_myeri_skvoz_vse_pregrady.fb2.zip</filename>
	<title>Спенсер Мэри. Сквозь все преграды</title>
</book>
<book>
	<filename>spenser_uyen/spenser_uyen_glazami_chuzhaka.fb2.zip</filename>
	<title>Спенсер Уэн. Глазами Чужака</title>
</book>
<book>
	<filename>spenser_uyen/spenser_uyen_oborvannyi_sled.fb2.zip</filename>
	<title>Спенсер Уэн. Оборванный след</title>
</book>
<book>
	<filename>spenser_uyen/spenser_uyen_tinker.fb2.zip</filename>
	<title>Спенсер Уэн. Тинкер</title>
</book>
<book>
	<filename>spens_lyuis/spens_lyuis_atlantida_istoriya_ischeznuvshei_civilizacii.fb2.zip</filename>
	<title>Спенс Льюис. Атлантида. История исчезнувшей цивилизации</title>
</book>
<book>
	<filename>spens_lyuis/spens_lyuis_mify_inkov_i_maiya.fb2.zip</filename>
	<title>Спенс Льюис. Мифы инков и майя</title>
</book>
<book>
	<filename>spillein_mikki/spillein_mikki_bolshoe_ubiistvo.fb2.zip</filename>
	<title>Спиллейн Микки. Большое убийство</title>
</book>
<book>
	<filename>spillein_mikki/spillein_mikki_celui_menya_strastno.fb2.zip</filename>
	<title>Спиллейн Микки. Целуй меня страстно</title>
</book>
<book>
	<filename>spillein_mikki/spillein_mikki_chernaya_alleya.fb2.zip</filename>
	<title>Спиллейн Микки. Черная аллея</title>
</book>
<book>
	<filename>spillein_mikki/spillein_mikki_deltafaktor.fb2.zip</filename>
	<title>Спиллейн Микки. Дельта-фактор</title>
</book>
<book>
	<filename>spillein_mikki/spillein_mikki_den_pistoletov.fb2.zip</filename>
	<title>Спиллейн Микки. День пистолетов</title>
</book>
<book>
	<filename>spillein_mikki/spillein_mikki_dip.fb2.zip</filename>
	<title>Спиллейн Микки. Дип</title>
</book>
<book>
	<filename>spillein_mikki/spillein_mikki_dolgoe_ozhidanie.fb2.zip</filename>
	<title>Спиллейн Микки. Долгое ожидание</title>
</book>
<book>
	<filename>spillein_mikki/spillein_mikki_kapkan_na_naslednika.fb2.zip</filename>
	<title>Спиллейн Микки. Капкан на наследника</title>
</book>
<book>
	<filename>spillein_mikki/spillein_mikki_kop_ushel.fb2.zip</filename>
	<title>Спиллейн Микки. Коп ушел</title>
</book>
<book>
	<filename>spillein_mikki/spillein_mikki_korotkoe_zamykanie.fb2.zip</filename>
	<title>Спиллейн Микки. Короткое замыкание</title>
</book>
<book>
	<filename>spillein_mikki/spillein_mikki_krovavyi_rassvet.fb2.zip</filename>
	<title>Спиллейн Микки. Кровавый рассвет</title>
</book>
<book>
	<filename>spillein_mikki/spillein_mikki_lyubiteli_tel.fb2.zip</filename>
	<title>Спиллейн Микки. Любители тел</title>
</book>
<book>
	<filename>spillein_mikki/spillein_mikki_mest_moe_lichnoe_delo.fb2.zip</filename>
	<title>Спиллейн Микки. Месть — мое личное дело</title>
</book>
<book>
	<filename>spillein_mikki/spillein_mikki_moi_revolver_bystr.fb2.zip</filename>
	<title>Спиллейн Микки. Мой револьвер быстр</title>
</book>
<book>
	<filename>spillein_mikki/spillein_mikki_moi_ubiica.fb2.zip</filename>
	<title>Спиллейн Микки. Мой убийца</title>
</book>
<book>
	<filename>spillein_mikki/spillein_mikki_noch_odinochestva.fb2.zip</filename>
	<title>Спиллейн Микки. Ночь одиночества</title>
</book>
<book>
	<filename>spillein_mikki/spillein_mikki_ohotniki_za_devushkoi.fb2.zip</filename>
	<title>Спиллейн Микки. Охотники за девушкой</title>
</book>
<book>
	<filename>spillein_mikki/spillein_mikki_pilot.fb2.zip</filename>
	<title>Спиллейн Микки. Пилот</title>
</book>
<book>
	<filename>spillein_mikki/spillein_mikki_pozhiratel_lodok.fb2.zip</filename>
	<title>Спиллейн Микки. Пожиратель лодок</title>
</book>
<book>
	<filename>spillein_mikki/spillein_mikki_roman_s_ledidrakon.fb2.zip</filename>
	<title>Спиллейн Микки. Роман с Леди-Дракон</title>
</book>
<book>
	<filename>spillein_mikki/spillein_mikki_sem_let_v_ozhidanii_ubiistva.fb2.zip</filename>
	<title>Спиллейн Микки. Семь лет в ожидании убийства</title>
</book>
<book>
	<filename>spillein_mikki/spillein_mikki_shans_vyzhit_nol.fb2.zip</filename>
	<title>Спиллейн Микки. Шанс выжить — ноль</title>
</book>
<book>
	<filename>spillein_mikki/spillein_mikki_sladkii_zapah_smerti.fb2.zip</filename>
	<title>Спиллейн Микки. Сладкий запах смерти</title>
</book>
<book>
	<filename>spillein_mikki/spillein_mikki_torgovcy_smertyu.fb2.zip</filename>
	<title>Спиллейн Микки. Торговцы смертью</title>
</book>
<book>
	<filename>spillein_mikki/spillein_mikki_tvar.fb2.zip</filename>
	<title>Спиллейн Микки. Тварь</title>
</book>
<book>
	<filename>spillein_mikki/spillein_mikki_ublyudok_bannermen.fb2.zip</filename>
	<title>Спиллейн Микки. Ублюдок Баннермен</title>
</book>
<book>
	<filename>spillein_mikki/spillein_mikki_udar_ili_ubei.fb2.zip</filename>
	<title>Спиллейн Микки. Ударь или убей!</title>
</book>
<book>
	<filename>spillein_mikki/spillein_mikki_vozvrashenie_gangstera.fb2.zip</filename>
	<title>Спиллейн Микки. Возвращение гангстера</title>
</book>
<book>
	<filename>spillein_mikki/spillein_mikki_ya_gangster.fb2.zip</filename>
	<title>Спиллейн Микки. Я, гангстер</title>
</book>
<book>
	<filename>spillein_mikki/spillein_mikki_ya_sam_vershu_svoi_sud.fb2.zip</filename>
	<title>Спиллейн Микки. Я сам вершу свой суд</title>
</book>
<book>
	<filename>spillein_mikki/spillein_mikki_ya_umru_zavtra.fb2.zip</filename>
	<title>Спиллейн Микки. Я умру завтра</title>
</book>
<book>
	<filename>spillein_mikki/spillein_mikki_ya_umru_zavtra_sbornik.fb2.zip</filename>
	<title>Спиллейн Микки. Я умру завтра (сборник)</title>
</book>
<book>
	<filename>spillein_mikki/spillein_mikki_zmeya.fb2.zip</filename>
	<title>Спиллейн Микки. Змея</title>
</book>

</books>
