﻿<?xml version="1.0" encoding="UTF-8" ?>
<books>

<book>
	<filename>shiryanov_bayan/shiryanov_bayan_nizshii_pilotazh.fb2.zip</filename>
	<title>Ширянов Баян. Низший пилотаж</title>
</book>
<book>
	<filename>shiryanov_bayan/shiryanov_bayan_sredinnyi_pilotazh.fb2.zip</filename>
	<title>Ширянов Баян. Срединный пилотаж</title>
</book>
<book>
	<filename>shiryanov_bayan/shiryanov_bayan_verhovnyi_pilotazh.fb2.zip</filename>
	<title>Ширянов Баян. Верховный пилотаж</title>
</book>
<book>
	<filename>shishkin_mihail/shishkin_mihail_vilgelm_tell_kak_zerkalo_russkih_revolyucii.fb2.zip</filename>
	<title>Шишкин Михаил. Вильгельм Телль как зеркало русских революций</title>
</book>
<book>
	<filename>shishkin_mihail/shishkin_mihail_vzyatie_izmaila.fb2.zip</filename>
	<title>Шишкин Михаил. Взятие Измаила</title>
</book>
<book>
	<filename>shishkov_vyacheslav/shishkov_vyacheslav_emelyan_pugachev_kniga_1.fb2.zip</filename>
	<title>Шишков Вячеслав Яковлевич. Емельян Пугачев. Книга 1</title>
</book>
<book>
	<filename>shishkov_vyacheslav/shishkov_vyacheslav_emelyan_pugachev_kniga_2.fb2.zip</filename>
	<title>Шишков Вячеслав Яковлевич. Емельян Пугачев. Книга 2</title>
</book>
<book>
	<filename>shishkov_vyacheslav/shishkov_vyacheslav_emelyan_pugachev_kniga_3.fb2.zip</filename>
	<title>Шишков Вячеслав Яковлевич. Емельян Пугачев. Книга 3</title>
</book>
<book>
	<filename>shishkov_vyacheslav/shishkov_vyacheslav_peipusozero.fb2.zip</filename>
	<title>Шишков Вячеслав Яковлевич. Пейпус-Озеро</title>
</book>
<book>
	<filename>shishkov_vyacheslav/shishkov_vyacheslav_redaktor.fb2.zip</filename>
	<title>Шишков Вячеслав Яковлевич. Редактор</title>
</book>
<book>
	<filename>shishkov_vyacheslav/shishkov_vyacheslav_rezhim_yekonomii.fb2.zip</filename>
	<title>Шишков Вячеслав Яковлевич. Режим экономии</title>
</book>
<book>
	<filename>shishkov_vyacheslav/shishkov_vyacheslav_smert_tarelkina.fb2.zip</filename>
	<title>Шишков Вячеслав Яковлевич. Смерть Тарелкина</title>
</book>
<book>
	<filename>shishkov_vyacheslav/shishkov_vyacheslav_spektakl_v_sele_ogryzove.fb2.zip</filename>
	<title>Шишков Вячеслав Яковлевич. Спектакль в селе Огрызове</title>
</book>
<book>
	<filename>shishkov_vyacheslav/shishkov_vyacheslav_stranniki.fb2.zip</filename>
	<title>Шишков Вячеслав Яковлевич. Странники</title>
</book>
<book>
	<filename>shishkov_vyacheslav/shishkov_vyacheslav_ugryumreka.fb2.zip</filename>
	<title>Шишков Вячеслав Яковлевич. Угрюм-река</title>
</book>
<book>
	<filename>shishkov_vyacheslav/shishkov_vyacheslav_useknovenie.fb2.zip</filename>
	<title>Шишков Вячеслав Яковлевич. Усекновение</title>
</book>
<book>
	<filename>shishkov_vyacheslav/shishkov_vyacheslav_vataga.fb2.zip</filename>
	<title>Шишков Вячеслав Яковлевич. Ватага</title>
</book>
<book>
	<filename>shishkov_vyacheslav/shishkov_vyacheslav_v_parikmaherskoi.fb2.zip</filename>
	<title>Шишков Вячеслав Яковлевич. В парикмахерской</title>
</book>
<book>
	<filename>shishkov_vyacheslav/shishkov_vyacheslav_zuboderka.fb2.zip</filename>
	<title>Шишков Вячеслав Яковлевич. Зубодерка</title>
</book>
<book>
	<filename>shishov_aleksei/shishov_aleksei_100_velikih_voenachalnikov.fb2.zip</filename>
	<title>Шишов Алексей Васильевич. 100 великих военачальников</title>
</book>
<book>
	<filename>shishov_aleksei/shishov_aleksei_neizvestnye_stranicy_russkoyaponskoi_voiny_19041905_gg.fb2.zip</filename>
	<title>Шишов Алексей Васильевич. Неизвестные страницы русско-японской войны. 1904-1905 гг.</title>
</book>
<book>
	<filename>shishov_aleksei/shishov_aleksei_razgrom_yaponii_i_samuraiskaya_ugroza.fb2.zip</filename>
	<title>Шишов Алексей. Разгром Японии и самурайская угроза</title>
</book>
<book>
	<filename>shishova_zinaida/shishova_zinaida_dzheksolominka.fb2.zip</filename>
	<title>Шишова Зинаида. Джек-Соломинка</title>
</book>
<book>
	<filename>shishova_zinaida/shishova_zinaida_priklyucheniya_kaspera_bernata_v_polshe_i_drugih_stranah.fb2.zip</filename>
	<title>Шишова Зинаида. Приключения Каспера Берната в Польше и других странах</title>
</book>
<book>
	<filename>shishova_zinaida/shishova_zinaida_puteshestvie_v_stranu_ofir.fb2.zip</filename>
	<title>Шишова Зинаида. Путешествие в страну Офир</title>
</book>
<book>
	<filename>shishova_zinaida/shishova_zinaida_velikoe_plavanie.fb2.zip</filename>
	<title>Шишова Зинаида. Великое плавание</title>
</book>
<book>
	<filename>shitov_vladimir/shitov_vladimir_ya_vybral_put_smerti.fb2.zip</filename>
	<title>Шитов Владимир Кузьмич. Я выбрал путь смерти</title>
</book>
<book>
	<filename>shiukov_a/shiukov_a_voina_v_vozduhe.fb2.zip</filename>
	<title>Шиуков А. В. Война в воздухе</title>
</book>
<book>
	<filename>shkatula_larisa/shkatula_larisa_krepostnaya_markiza.fb2.zip</filename>
	<title>Шкатула Лариса. Крепостная маркиза</title>
</book>
<book>
	<filename>shkatula_larisa/shkatula_larisa_pani_koldunya.fb2.zip</filename>
	<title>Шкатула Лариса. Пани колдунья</title>
</book>
<book>
	<filename>shklover_mark/shklover_mark_stihi_na_odnu_bukvu_abstishki.fb2.zip</filename>
	<title>Шкловер Марк Юрьевич. Стихи на одну букву. (АБстишки)</title>
</book>
<book>
	<filename>shklover_mark/shklover_mark_sudba_selskogo_siroty.fb2.zip</filename>
	<title>Шкловер Марк Юрьевич. Судьба сельского сироты</title>
</book>
<book>
	<filename>shklovskii_iosif/shklovskii_iosif_yeshelon.fb2.zip</filename>
	<title>Шкловский Иосиф. Эшелон</title>
</book>
<book>
	<filename>shklyarskii_alfred/shklyarskii_alfred_orlinye_perya.fb2.zip</filename>
	<title>Шклярский Альфред. Орлиные перья</title>
</book>
<book>
	<filename>shklyarskii_alfred/shklyarskii_alfred_poslednyaya_bitva_dakotov.fb2.zip</filename>
	<title>Шклярский Альфред. Последняя битва дакотов</title>
</book>
<book>
	<filename>shklyarskii_alfred/shklyarskii_alfred_priklyucheniya_tomeka_na_chernom_kontinente.fb2.zip</filename>
	<title>Шклярский Альфред. Приключения Томека на Черном континенте</title>
</book>
<book>
	<filename>shklyarskii_alfred/shklyarskii_alfred_proklyatie_zolota.fb2.zip</filename>
	<title>Шклярский Альфред. Проклятие золота</title>
</book>
<book>
	<filename>shklyarskii_alfred/shklyarskii_alfred_tainstvennoe_puteshestvie_tomeka.fb2.zip</filename>
	<title>Шклярский Альфред. Таинственное путешествие Томека</title>
</book>
<book>
	<filename>shklyarskii_alfred/shklyarskii_alfred_tomek_ishet_snezhnogo_cheloveka.fb2.zip</filename>
	<title>Шклярский Альфред. Томек ищет Снежного Человека</title>
</book>
<book>
	<filename>shklyarskii_alfred/shklyarskii_alfred_tomek_na_trope_voiny.fb2.zip</filename>
	<title>Шклярский Альфред. Томек на тропе войны</title>
</book>
<book>
	<filename>shklyarskii_alfred/shklyarskii_alfred_tomek_sredi_ohotnikov_za_chelovecheskimi_golovami.fb2.zip</filename>
	<title>Шклярский Альфред. Томек среди охотников за человеческими головами</title>
</book>
<book>
	<filename>shklyarskii_alfred/shklyarskii_alfred_tomek_u_istokov_amazonki.fb2.zip</filename>
	<title>Шклярский Альфред. Томек у истоков Амазонки</title>
</book>
<book>
	<filename>shklyarskii_alfred/shklyarskii_alfred_tomek_v_granchako.fb2.zip</filename>
	<title>Шклярский Альфред. Томек в Гран-Чако</title>
</book>
<book>
	<filename>shklyarskii_alfred/shklyarskii_alfred_tomek_v_strane_faraonov.fb2.zip</filename>
	<title>Шклярский Альфред. Томек в стране фараонов</title>
</book>
<book>
	<filename>shklyarskii_alfred/shklyarskii_alfred_tomek_v_strane_kenguru.fb2.zip</filename>
	<title>Шклярский Альфред. Томек в стране кенгуру</title>
</book>
<book>
	<filename>shkolnikova_vera/shkolnikova_vera_deti_porubezhya.fb2.zip</filename>
	<title>Школьникова Вера. Дети порубежья</title>
</book>
<book>
	<filename>shkolnikova_vera/shkolnikova_vera_vybor_namestnicy.fb2.zip</filename>
	<title>Школьникова Вера. Выбор Наместницы</title>
</book>
<book>
	<filename>shkunaev_s/shkunaev_s_germanskie_plemena_i_soyuzy_plemyon.fb2.zip</filename>
	<title>Шкунаев С. В. Германские племена и союзы племён</title>
</book>
<book>
	<filename>shkvoreckii_ijozef/shkvoreckii_ijozef_bassaksofon.fb2.zip</filename>
	<title>Шкворецкий Йозеф. Бас-саксофон</title>
</book>
<book>
	<filename>shkvoreckii_ijozef/shkvoreckii_ijozef_konec_neilonovogo_veka.fb2.zip</filename>
	<title>Шкворецкий Йозеф. Конец нейлонового века</title>
</book>
<book>
	<filename>shkvoreckii_ijozef/shkvoreckii_ijozef_legenda_yemyoke.fb2.zip</filename>
	<title>Шкворецкий Йозеф. Легенда Эмёке</title>
</book>
<book>
	<filename>shkvoreckii_ijozef/shkvoreckii_ijozef_semisvechnik.fb2.zip</filename>
	<title>Шкворецкий Йозеф. Семисвечник</title>
</book>
<book>
	<filename>shkvoreckii_iozef/shkvoreckii_iozef_bassaksofon.fb2.zip</filename>
	<title>Шкворецкий Йозеф. Бас-саксофон</title>
</book>
<book>
	<filename>shkvoreckii_iozef/shkvoreckii_iozef_konec_neilonovogo_veka.fb2.zip</filename>
	<title>Шкворецкий Йозеф. Конец нейлонового века</title>
</book>
<book>
	<filename>shkvoreckii_iozef/shkvoreckii_iozef_legenda_yemyoke.fb2.zip</filename>
	<title>Шкворецкий Йозеф. Легенда Эмёке</title>
</book>
<book>
	<filename>shkvoreckii_iozef/shkvoreckii_iozef_semisvechnik.fb2.zip</filename>
	<title>Шкворецкий Йозеф. Семисвечник</title>
</book>
<book>
	<filename>shlahter_vadim/shlahter_vadim_chelovek_oruzhie.fb2.zip</filename>
	<title>Шлахтер Вадим. Человек — оружие</title>
</book>
<book>
	<filename>shlahter_vadim/shlahter_vadim_iskusstvo_dominirovat.fb2.zip</filename>
	<title>Шлахтер Вадим Вадимович. Искусство доминировать</title>
</book>
<book>
	<filename>shlahter_vadim/shlahter_vadim_psihodinamika_koldovstva_ili_vvedenie_v_paralogiyu.fb2.zip</filename>
	<title>Шлахтер Вадим Вадимович. Психодинамика колдовства, или Введение в паралогию</title>
</book>
<book>
	<filename>shlenskii_aleksandr/shlenskii_aleksandr_korotkii_traktat_o_logike.fb2.zip</filename>
	<title>Шленский Александр. Короткий трактат о логике</title>
</book>
<book>
	<filename>shlenskii_aleksandr/shlenskii_aleksandr_plastilinovye_gnomiki_ili_poezdka_v_meksiku.fb2.zip</filename>
	<title>Шленский Александр. Пластилиновые гномики, или Поездка в Мексику</title>
</book>
<book>
	<filename>shlenskii_aleksandr/shlenskii_aleksandr_vyalenyi_pidor.fb2.zip</filename>
	<title>Шленский Александр. Вяленый пидор</title>
</book>
<book>
	<filename>shlenskii_aleksandr/shlenskii_aleksandr_zakon_i_spravedlivost.fb2.zip</filename>
	<title>Шленский Александр. Закон и справедливость</title>
</book>
<book>
	<filename>shlenskii_aleksandr/shlenskii_aleksandr_zatychka_rizenbauma.fb2.zip</filename>
	<title>Шленский Александр. Затычка Ризенбаума</title>
</book>
<book>
	<filename>shlink_bernhard/shlink_bernhard_devochka_s_yasherkoi.fb2.zip</filename>
	<title>Шлинк Бернхард. Девочка с ящеркой</title>
</book>
<book>
	<filename>shlink_bernhard/shlink_bernhard_drugoi_muzhchina.fb2.zip</filename>
	<title>Шлинк Бернхард. Другой мужчина</title>
</book>
<book>
	<filename>shlink_bernhard/shlink_bernhard_izmena.fb2.zip</filename>
	<title>Шлинк Бернхард. Измена</title>
</book>
<book>
	<filename>shlink_bernhard/shlink_bernhard_obrezanie.fb2.zip</filename>
	<title>Шлинк Бернхард. Обрезание</title>
</book>
<book>
	<filename>shlink_bernhard/shlink_bernhard_sladkii_goroshek.fb2.zip</filename>
	<title>Шлинк Бернхард. Сладкий горошек</title>
</book>
<book>
	<filename>shlink_bernhard/shlink_bernhard_syn.fb2.zip</filename>
	<title>Шлинк Бернхард. Сын</title>
</book>
<book>
	<filename>shlink_bernhard/shlink_bernhard_zhenshina_s_benzokolonki.fb2.zip</filename>
	<title>Шлинк Бернхард. Женщина с бензоколонки</title>
</book>
<book>
	<filename>shlosberg_syuzanna/shlosberg_syuzanna_1001_noch_bez_seksa.fb2.zip</filename>
	<title>Шлосберг Сюзанна. 1001 ночь без секса</title>
</book>
<book>
	<filename>shmakov_aleksei/shmakov_aleksei_mezhdunarodnoe_tainoe_pravitelstvo.fb2.zip</filename>
	<title>Шмаков Алексей Семенович. Международное тайное правительство</title>
</book>
<book>
	<filename>shmelev_ivan/shmelev_ivan_bogomole.fb2.zip</filename>
	<title>Шмелев Иван Сергеевич. Богомолье</title>
</book>
<book>
	<filename>shmelev_ivan/shmelev_ivan_chelovek_iz_restorana.fb2.zip</filename>
	<title>Шмелев Иван Сергеевич. Человек из ресторана</title>
</book>
<book>
	<filename>shmelev_ivan/shmelev_ivan_grazhdanin_ukleikin.fb2.zip</filename>
	<title>Шмелев Иван Сергеевич. Гражданин Уклейкин</title>
</book>
<book>
	<filename>shmelev_ivan/shmelev_ivan_inostranec.fb2.zip</filename>
	<title>Шмелев Иван Сергеевич. Иностранец</title>
</book>
<book>
	<filename>shmelev_ivan/shmelev_ivan_istoriya_lyubovnaya.fb2.zip</filename>
	<title>Шмелев Иван Сергеевич. История любовная</title>
</book>
<book>
	<filename>shmelev_ivan/shmelev_ivan_leto_gospodne.fb2.zip</filename>
	<title>Шмелев Иван Сергеевич. Лето Господне</title>
</book>
<book>
	<filename>shmelev_ivan/shmelev_ivan_moi_mars.fb2.zip</filename>
	<title>Шмелев Иван Сергеевич. Мой Марс</title>
</book>
<book>
	<filename>shmelev_ivan/shmelev_ivan_neupivaemaya_chasha.fb2.zip</filename>
	<title>Шмелев Иван Сергеевич. Неупиваемая чаша</title>
</book>
<book>
	<filename>shmelev_ivan/shmelev_ivan_nyanya_iz_moskvy.fb2.zip</filename>
	<title>Шмелев Иван Сергеевич. Няня из Москвы</title>
</book>
<book>
	<filename>shmelev_ivan/shmelev_ivan_perepiska.fb2.zip</filename>
	<title>Шмелев Иван Сергеевич. Переписка</title>
</book>
<book>
	<filename>shmelev_ivan/shmelev_ivan_rosstani.fb2.zip</filename>
	<title>Шмелев Иван Сергеевич. Росстани</title>
</book>
<book>
	<filename>shmelev_ivan/shmelev_ivan_solnce_mertvyh.fb2.zip</filename>
	<title>Шмелев Иван Сергеевич. Солнце мертвых</title>
</book>
<book>
	<filename>shmelev_ivan/shmelev_ivan_staryi_valaam.fb2.zip</filename>
	<title>Шмелев Иван Сергеевич. Старый Валаам</title>
</book>
<book>
	<filename>shmelev_ivan/shmelev_ivan_svet_razuma.fb2.zip</filename>
	<title>Шмелев Иван Сергеевич. Свет разума</title>
</book>
<book>
	<filename>shmelev_ivan/shmelev_ivan_volchii_perekat.fb2.zip</filename>
	<title>Шмелев Иван Сергеевич. Волчий перекат</title>
</book>
<book>
	<filename>shmelev_oleg/shmelev_oleg_skatert_na_trave.fb2.zip</filename>
	<title>Шмелев Олег. Скатерть на траве</title>
</book>
<book>
	<filename>shmelev_oleg/shmelev_oleg_tri_cherepahi.fb2.zip</filename>
	<title>Шмелев Олег. Три Черепахи</title>
</book>
<book>
	<filename>shmerling_semen/shmerling_semen_goryachii_oskolok.fb2.zip</filename>
	<title>Шмерлинг Семен Борисович. Горячий осколок</title>
</book>
<book>
	<filename>shmic_dzheims/shmic_dzheims_lvinaya_igra_centr_vselennoi.fb2.zip</filename>
	<title>Шмиц Джеймс Генри. Львиная игра [Центр вселенной]</title>
</book>
<book>
	<filename>shmidt_afonso/shmidt_afonso_pohod.fb2.zip</filename>
	<title>Шмидт Афонсо. Поход</title>
</book>
<book>
	<filename>shmidt_afonso/shmidt_afonso_tainy_sanpaulo.fb2.zip</filename>
	<title>Шмидт Афонсо. Тайны Сан-Пауло</title>
</book>
<book>
	<filename>shmidt_paul/shmidt_paul_perevodchik_gitlera.fb2.zip</filename>
	<title>Шмидт Пауль. Переводчик Гитлера</title>
</book>
<book>
	<filename>shmidt_yu/shmidt_yu_molodye_rycaridzhedai2_akademiya_teni.fb2.zip</filename>
	<title>Шмидт Ю. Молодые рыцари-джедаи-2: Академия Тени</title>
</book>
<book>
	<filename>shmitt_yerikyemmanyuyel/shmitt_yerikyemmanyuyel_deti_noya.fb2.zip</filename>
	<title>Шмитт Эрик-Эмманюэль. Дети Ноя</title>
</book>
<book>
	<filename>shmitt_yerikyemmanyuyel/shmitt_yerikyemmanyuyel_evangelie_ot_pilata.fb2.zip</filename>
	<title>Шмитт Эрик-Эмманюэль. Евангелие от Пилата</title>
</book>
<book>
	<filename>shmitt_yerikyemmanyuyel/shmitt_yerikyemmanyuyel_mse_ibragim_i_cvety_korana.fb2.zip</filename>
	<title>Шмитт Эрик-Эмманюэль. Мсье Ибрагим и цветы Корана</title>
</book>
<book>
	<filename>shmitt_yerikyemmanyuyel/shmitt_yerikyemmanyuyel_odetta_vosem_istorii_o_lyubvi.fb2.zip</filename>
	<title>Шмитт Эрик-Эмманюэль. Одетта. Восемь историй о любви</title>
</book>
<book>
	<filename>shmitt_yerikyemmanyuyel/shmitt_yerikyemmanyuyel_oskar_i_rozovaya_dama.fb2.zip</filename>
	<title>Шмитт Эрик-Эмманюэль. Оскар и Розовая дама</title>
</book>
<book>
	<filename>shmitt_yerikyemmanyuyel/shmitt_yerikyemmanyuyel_rasputnik.fb2.zip</filename>
	<title>Шмитт Эрик-Эмманюэль. Распутник</title>
</book>
<book>
	<filename>shmitt_yerikyemmanyuyel/shmitt_yerikyemmanyuyel_sekta_yegoistov.fb2.zip</filename>
	<title>Шмитт Эрик-Эмманюэль. Секта эгоистов</title>
</book>
<book>
	<filename>shnaier_bryus/shnaier_bryus_sekrety_i_lozh_bezopasnost_dannyh_v_cifrovom_mire.fb2.zip</filename>
	<title>Шнайер Брюс. Секреты и ложь. Безопасность данных в цифровом мире</title>
</book>
<book>
	<filename>shnee_genrih/shnee_genrih_rotshild_ili_istoriya_dinastii_finansovyh_magnatov.fb2.zip</filename>
	<title>Шнее Генрих. Ротшильд, или История династии финансовых магнатов</title>
</book>
<book>
	<filename>sholohov_andrei/sholohov_andrei_zagadka_smerti_generala_skobeleva.fb2.zip</filename>
	<title>Шолохов Андрей Борисович. Загадка смерти генерала Скобелева</title>
</book>
<book>
	<filename>sholohov_mihail/sholohov_mihail_aleshkino_serdce.fb2.zip</filename>
	<title>Шолохов Михаил Александрович. Алешкино сердце</title>
</book>
<book>
	<filename>sholohov_mihail/sholohov_mihail_bahchevnik.fb2.zip</filename>
	<title>Шолохов Михаил Александрович. Бахчевник</title>
</book>
<book>
	<filename>sholohov_mihail/sholohov_mihail_batraki.fb2.zip</filename>
	<title>Шолохов Михаил Александрович. Батраки</title>
</book>
<book>
	<filename>sholohov_mihail/sholohov_mihail_chervotochina.fb2.zip</filename>
	<title>Шолохов Михаил Александрович. Червоточина</title>
</book>
<book>
	<filename>sholohov_mihail/sholohov_mihail_chuzhaya_krov.fb2.zip</filename>
	<title>Шолохов Михаил Александрович. Чужая кровь</title>
</book>
<book>
	<filename>sholohov_mihail/sholohov_mihail_dvuhmuzhnyaya.fb2.zip</filename>
	<title>Шолохов Михаил Александрович. Двухмужняя</title>
</book>
<book>
	<filename>sholohov_mihail/sholohov_mihail_kolovert.fb2.zip</filename>
	<title>Шолохов Михаил Александрович. Коловерть</title>
</book>
<book>
	<filename>sholohov_mihail/sholohov_mihail_krivaya_stezhka.fb2.zip</filename>
	<title>Шолохов Михаил Александрович. Кривая стежка</title>
</book>
<book>
	<filename>sholohov_mihail/sholohov_mihail_lazorevaya_step.fb2.zip</filename>
	<title>Шолохов Михаил Александрович. Лазоревая степь</title>
</book>
<book>
	<filename>sholohov_mihail/sholohov_mihail_nahalenok.fb2.zip</filename>
	<title>Шолохов Михаил Александрович. Нахаленок</title>
</book>
<book>
	<filename>sholohov_mihail/sholohov_mihail_nauka_nenavisti.fb2.zip</filename>
	<title>Шолохов Михаил Александрович. Наука ненависти</title>
</book>
<book>
	<filename>sholohov_mihail/sholohov_mihail_ocherki_feletony_stati_vystupleniya.fb2.zip</filename>
	<title>Шолохов Михаил Александрович. Очерки, фельетоны, статьи, выступления</title>
</book>
<book>
	<filename>sholohov_mihail/sholohov_mihail_odin_yazyk.fb2.zip</filename>
	<title>Шолохов Михаил Александрович. Один язык</title>
</book>
<book>
	<filename>sholohov_mihail/sholohov_mihail_o_donprodkome_i_zloklyucheniyah_zamestitelya_donprodkomissara_tovarisha_pticyna.fb2.zip</filename>
	<title>Шолохов Михаил Александрович. О Донпродкоме и злоключениях заместителя Донпродкомиссара товарища Птицына</title>
</book>
<book>
	<filename>sholohov_mihail/sholohov_mihail_o_kolchake_krapive_i_prochem.fb2.zip</filename>
	<title>Шолохов Михаил Александрович. О Колчаке, крапиве и прочем</title>
</book>
<book>
	<filename>sholohov_mihail/sholohov_mihail_o_sebe.fb2.zip</filename>
	<title>Шолохов Михаил Александрович. О себе</title>
</book>
<book>
	<filename>sholohov_mihail/sholohov_mihail_pastuh.fb2.zip</filename>
	<title>Шолохов Михаил Александрович. Пастух</title>
</book>
<book>
	<filename>sholohov_mihail/sholohov_mihail_podnyataya_celina.fb2.zip</filename>
	<title>Шолохов Михаил. Поднятая целина</title>
</book>
<book>
	<filename>sholohov_mihail/sholohov_mihail_predsedatel_revvoensoveta_respubliki.fb2.zip</filename>
	<title>Шолохов Михаил Александрович. Председатель реввоенсовета республики</title>
</book>
<book>
	<filename>sholohov_mihail/sholohov_mihail_prodkomissar.fb2.zip</filename>
	<title>Шолохов Михаил Александрович. Продкомиссар</title>
</book>
<book>
	<filename>sholohov_mihail/sholohov_mihail_putdorozhenka.fb2.zip</filename>
	<title>Шолохов Михаил Александрович. Путь-дороженька</title>
</book>
<book>
	<filename>sholohov_mihail/sholohov_mihail_rodinka.fb2.zip</filename>
	<title>Шолохов Михаил Александрович. Родинка</title>
</book>
<book>
	<filename>sholohov_mihail/sholohov_mihail_semeinyi_chelovek.fb2.zip</filename>
	<title>Шолохов Михаил Александрович. Семейный человек</title>
</book>
<book>
	<filename>sholohov_mihail/sholohov_mihail_shibalkovo_semya.fb2.zip</filename>
	<title>Шолохов Михаил Александрович. Шибалково семя</title>
</book>
<book>
	<filename>sholohov_mihail/sholohov_mihail_smertnyi_vrag.fb2.zip</filename>
	<title>Шолохов Михаил Александрович. Смертный враг</title>
</book>
<book>
	<filename>sholohov_mihail/sholohov_mihail_sudba_cheloveka.fb2.zip</filename>
	<title>Шолохов Михаил Александрович. Судьба человека</title>
</book>
<book>
	<filename>sholohov_mihail/sholohov_mihail_tihii_don.fb2.zip</filename>
	<title>Шолохов Михаил. Тихий Дон</title>
</book>
<book>
	<filename>sholohov_mihail/sholohov_mihail_zherebenok.fb2.zip</filename>
	<title>Шолохов Михаил Александрович. Жеребенок</title>
</book>
<book>
	<filename>shomburgk_gans/shomburgk_gans_dikaya_afrika.fb2.zip</filename>
	<title>Шомбургк Ганс. Дикая Африка</title>
</book>
<book>
	<filename>shopengauyer_artur/shopengauyer_artur_aforizmy_zhiteiskoi_mudrosti.fb2.zip</filename>
	<title>Шопенгауэр Артур. Афоризмы житейской мудрости</title>
</book>
<book>
	<filename>shopengauyer_artur/shopengauyer_artur_ob_universitetskoi_filosofii.fb2.zip</filename>
	<title>Шопенгауэр Артур. Об университетской философии</title>
</book>
<book>
	<filename>shopengauyer_artur/shopengauyer_artur_o_nichtozhestve_i_gorestyah_zhizni.fb2.zip</filename>
	<title>Шопенгауэр Артур. О ничтожестве и горестях жизни</title>
</book>
<book>
	<filename>shopengauyer_artur/shopengauyer_artur_smert_i_ee_otnoshenie_k_nerazrushimosti_nashego_sushestva.fb2.zip</filename>
	<title>Шопенгауэр Артур. Смерть и ее отношение к неразрушимости нашего существа</title>
</book>
<book>
	<filename>shopengauyer_artur/shopengauyer_artur_vvedenie_v_filosofiyu.fb2.zip</filename>
	<title>Шопенгауэр Артур. Введение в философию</title>
</book>
<book>
	<filename>shornikov_pavel/shornikov_pavel_zona_zhelanii.fb2.zip</filename>
	<title>Шорников Павел. Зона желаний</title>
</book>
<book>
	<filename>shorp_s/shorp_s_shpaga_flibustera.fb2.zip</filename>
	<title>Шорп С. Шпага флибустьера</title>
</book>
<book>
	<filename>sho_ruboko/sho_ruboko_yeroticheskie_tanki.fb2.zip</filename>
	<title>Шо Рубоко. Эротические танки</title>
</book>
<book>
	<filename>shossinannogare_gi/shossinannogare_gi_povsednevnaya_zhizn_zhen_i_vozlyublennyh_francuzskih_korolei.fb2.zip</filename>
	<title>Шоссинан-Ногаре Ги. Повседневная жизнь жен и возлюбленных французских королей</title>
</book>
<book>
	<filename>shostrom_yeverett/shostrom_yeverett_antikarnegi.fb2.zip</filename>
	<title>Шостром Эверетт. Анти-Карнеги</title>
</book>
<book>
	<filename>shou_bernard/shou_bernard_pigmalion.fb2.zip</filename>
	<title>Шоу Бернард. Пигмалион</title>
</book>
<book>
	<filename>shou_bernard/shou_bernard_pigmalion_per_n_rahmanovoi.fb2.zip</filename>
	<title>Шоу Бернард. Пигмалион (пер. Н. Рахмановой)</title>
</book>
<book>
	<filename>shou_bernard/shou_bernard_professiya_missis_uorren.fb2.zip</filename>
	<title>Шоу Бернард. Профессия миссис Уоррен</title>
</book>
<book>
	<filename>shou_bernard/shou_bernard_uchenik_dyavola.fb2.zip</filename>
	<title>Шоу Бернард. Ученик дьявола</title>
</book>
<book>
	<filename>shou_bob/shou_bob_amfiteatr.fb2.zip</filename>
	<title>Шоу Боб. Амфитеатр</title>
</book>
<book>
	<filename>shou_bob/shou_bob_astronavty_v_lohmotyah.fb2.zip</filename>
	<title>Шоу Боб. Астронавты в лохмотьях</title>
</book>
<book>
	<filename>shou_bob/shou_bob_beglye_planety.fb2.zip</filename>
	<title>Шоу Боб. Беглые планеты</title>
</book>
<book>
	<filename>shou_bob/shou_bob_besstrashnyi_kapitan_yemvuk.fb2.zip</filename>
	<title>Шоу Боб. Бесстрашный капитан Эмвук</title>
</book>
<book>
	<filename>shou_bob/shou_bob_derevyannye_kosmolety.fb2.zip</filename>
	<title>Шоу Боб. Деревянные космолеты</title>
</book>
<book>
	<filename>shou_bob/shou_bob_golovokruzhenie.fb2.zip</filename>
	<title>Шоу Боб. Головокружение</title>
</book>
<book>
	<filename>shou_bob/shou_bob_idealnaya_komanda.fb2.zip</filename>
	<title>Шоу Боб. Идеальная команда</title>
</book>
<book>
	<filename>shou_bob/shou_bob_korabl_strannikov.fb2.zip</filename>
	<title>Шоу Боб. Корабль странников</title>
</book>
<book>
	<filename>shou_bob/shou_bob_neveroyatnyi_dublikat.fb2.zip</filename>
	<title>Шоу Боб. Невероятный дубликат</title>
</book>
<book>
	<filename>shou_bob/shou_bob_nochnaya_progulka.fb2.zip</filename>
	<title>Шоу Боб. Ночная прогулка</title>
</book>
<book>
	<filename>shou_bob/shou_bob_obratnaya_svyaz.fb2.zip</filename>
	<title>Шоу Боб. Обратная связь</title>
</book>
<book>
	<filename>shou_bob/shou_bob_orbitsvil.fb2.zip</filename>
	<title>Шоу Боб. Орбитсвиль</title>
</book>
<book>
	<filename>shou_bob/shou_bob_otbytie_orbitsvilya.fb2.zip</filename>
	<title>Шоу Боб. Отбытие Орбитсвиля</title>
</book>
<book>
	<filename>shou_bob/shou_bob_povtornyi_pokaz.fb2.zip</filename>
	<title>Шоу Боб. Повторный показ</title>
</book>
<book>
	<filename>shou_bob/shou_bob_puteshestvie_v_yepicentr.fb2.zip</filename>
	<title>Шоу Боб. Путешествие в эпицентр</title>
</book>
<book>
	<filename>shou_bob/shou_bob_shutka_dzhokondy.fb2.zip</filename>
	<title>Шоу Боб. Шутка Джоконды</title>
</book>
<book>
	<filename>shou_bob/shou_bob_shvatka_na_rassvete.fb2.zip</filename>
	<title>Шоу Боб. Схватка на рассвете</title>
</book>
<book>
	<filename>shou_bob/shou_bob_stoi_kto_idet.fb2.zip</filename>
	<title>Шоу Боб. Стой, кто идет?</title>
</book>
<book>
	<filename>shou_bob/shou_bob_sudnyi_den_orbitsvilya.fb2.zip</filename>
	<title>Шоу Боб. Судный день Орбитсвиля</title>
</book>
<book>
	<filename>shou_bob/shou_bob_svet_bylogo.fb2.zip</filename>
	<title>Шоу Боб. Свет былого</title>
</book>
<book>
	<filename>shou_bob/shou_bob_v_dvuh_licah.fb2.zip</filename>
	<title>Шоу Боб. В двух лицах</title>
</book>
<book>
	<filename>shou_bob/shou_bob_venok_iz_zvezd.fb2.zip</filename>
	<title>Шоу Боб. Венок из звезд</title>
</book>
<book>
	<filename>shou_bob/shou_bob_v_otele_novyi_put.fb2.zip</filename>
	<title>Шоу Боб. В отеле «Новый путь»</title>
</book>
<book>
	<filename>shou_dyevid/shou_dyevid_nedelya_s_nezhityu.fb2.zip</filename>
	<title>Шоу Дэвид. Неделя с нежитью</title>
</book>
<book>
	<filename>shou_francheska/shou_francheska_doch_admirala.fb2.zip</filename>
	<title>Шоу Франческа. Дочь адмирала</title>
</book>
<book>
	<filename>shou_francheska/shou_francheska_kompromiss_vozmozhen.fb2.zip</filename>
	<title>Шоу Франческа. Компромисс возможен</title>
</book>
<book>
	<filename>shou_irvin/shou_irvin_bogach_bednyak_tom_1.fb2.zip</filename>
	<title>Шоу Ирвин. Богач, бедняк... Том 1</title>
</book>
<book>
	<filename>shou_irvin/shou_irvin_bogach_bednyak_tom_2.fb2.zip</filename>
	<title>Шоу Ирвин. Богач, бедняк... Том 2</title>
</book>
<book>
	<filename>shou_irvin/shou_irvin_dopustimye_poteri.fb2.zip</filename>
	<title>Шоу Ирвин. Допустимые потери</title>
</book>
<book>
	<filename>shou_irvin/shou_irvin_dve_nedeli_v_drugom_gorode.fb2.zip</filename>
	<title>Шоу Ирвин. Две недели в другом городе</title>
</book>
<book>
	<filename>shou_irvin/shou_irvin_krug_sveta.fb2.zip</filename>
	<title>Шоу Ирвин. Круг света</title>
</book>
<book>
	<filename>shou_irvin/shou_irvin_lyusi_kraun.fb2.zip</filename>
	<title>Шоу Ирвин. Люси Краун</title>
</book>
<book>
	<filename>shou_irvin/shou_irvin_molodye_lvy.fb2.zip</filename>
	<title>Шоу Ирвин. Молодые львы</title>
</book>
<book>
	<filename>shou_irvin/shou_irvin_nishii_vor.fb2.zip</filename>
	<title>Шоу Ирвин. Нищий, вор</title>
</book>
<book>
	<filename>shou_irvin/shou_irvin_nochnoi_porte.fb2.zip</filename>
	<title>Шоу Ирвин. Ночной портье</title>
</book>
<book>
	<filename>shou_irvin/shou_irvin_odisseya_strelka.fb2.zip</filename>
	<title>Шоу Ирвин. Одиссея стрелка</title>
</book>
<book>
	<filename>shou_irvin/shou_irvin_pikantnaya_istoriya.fb2.zip</filename>
	<title>Шоу Ирвин. Пикантная история</title>
</book>
<book>
	<filename>shou_irvin/shou_irvin_vecher_v_vizantii.fb2.zip</filename>
	<title>Шоу Ирвин. Вечер в Византии</title>
</book>
<book>
	<filename>shou_irvin/shou_irvin_vershina_holma.fb2.zip</filename>
	<title>Шоу Ирвин. Вершина холма</title>
</book>
<book>
	<filename>shou_irvin/shou_irvin_zadumchivaya_milo_ozhivlennaya.fb2.zip</filename>
	<title>Шоу Ирвин. Задумчивая, мило оживленная</title>
</book>
<book>
	<filename>shoukross_tim/shoukross_tim_prishelcy_iz_kosmosa.fb2.zip</filename>
	<title>Шоукросс Тим. Пришельцы из космоса</title>
</book>
<book>
	<filename>shoun_robin/shoun_robin_lyubovnik.fb2.zip</filename>
	<title>Шоун Робин. Любовник</title>
</book>
<book>
	<filename>shoun_robin/shoun_robin_muzhchina_i_zhenshina.fb2.zip</filename>
	<title>Шоун Робин. Мужчина и женщина</title>
</book>
<book>
	<filename>shoun_robin/shoun_robin_nezhnyi_nastavnik.fb2.zip</filename>
	<title>Шоун Робин. Нежный наставник</title>
</book>
<book>
	<filename>shoun_robin/shoun_robin_zhenskoe_schaste.fb2.zip</filename>
	<title>Шоун Робин. Женское счастье</title>
</book>
<book>
	<filename>shou_shantel/shou_shantel_dogonyaya_voshod.fb2.zip</filename>
	<title>Шоу Шантель. Догоняя восход</title>
</book>
<book>
	<filename>shou_shantel/shou_shantel_v_pogone_za_lyubovyu.fb2.zip</filename>
	<title>Шоу Шантель. В погоне за любовью</title>
</book>
<book>
	<filename>shovkunenko_oleg/shovkunenko_oleg_bitva_vo_mgle.fb2.zip</filename>
	<title>Шовкуненко Олег. Битва во мгле</title>
</book>
<book>
	<filename>shovkunenko_oleg/shovkunenko_oleg_zvezdnaya_pyl_kalibra_556.fb2.zip</filename>
	<title>Шовкуненко Олег. Звездная пыль калибра 5,56</title>
</book>
<book>
	<filename>shpagin_mihail/shpagin_mihail_pochtovyi_fenomen.fb2.zip</filename>
	<title>Шпагин Михаил. Почтовый феномен</title>
</book>
<book>
	<filename>shpanov_nikolai/shpanov_nikolai_adyutant.fb2.zip</filename>
	<title>Шпанов Николай Николаевич. Адъютант</title>
</book>
<book>
	<filename>shpanov_nikolai/shpanov_nikolai_chelovek_v_ochkah.fb2.zip</filename>
	<title>Шпанов Николай Николаевич. Человек в очках</title>
</book>
<book>
	<filename>shpanov_nikolai/shpanov_nikolai_chudesnaya_skripka.fb2.zip</filename>
	<title>Шпанов Николай Николаевич. Чудесная скрипка</title>
</book>
<book>
	<filename>shpanov_nikolai/shpanov_nikolai_delo_ansena.fb2.zip</filename>
	<title>Шпанов Николай Николаевич. Дело Ансена</title>
</book>
<book>
	<filename>shpanov_nikolai/shpanov_nikolai_domik_u_proliva.fb2.zip</filename>
	<title>Шпанов Николай Николаевич. Домик у пролива</title>
</book>
<book>
	<filename>shpanov_nikolai/shpanov_nikolai_goryachee_serdce.fb2.zip</filename>
	<title>Шпанов Николай Николаевич. Горячее сердце</title>
</book>
<book>
	<filename>shpanov_nikolai/shpanov_nikolai_krasnyi_kamen.fb2.zip</filename>
	<title>Шпанов Николай Николаевич. Красный камень</title>
</book>
<book>
	<filename>shpanov_nikolai/shpanov_nikolai_ldy_i_krylya.fb2.zip</filename>
	<title>Шпанов Николай Николаевич. Льды и крылья</title>
</book>
<book>
	<filename>shpanov_nikolai/shpanov_nikolai_lichnoe_schaste_nila_kruchinina.fb2.zip</filename>
	<title>Шпанов Николай Николаевич. Личное счастье Нила Кручинина</title>
</book>
<book>
	<filename>shpanov_nikolai/shpanov_nikolai_medvezhatnik.fb2.zip</filename>
	<title>Шпанов Николай Николаевич. «Медвежатник»</title>
</book>
<book>
	<filename>shpanov_nikolai/shpanov_nikolai_muzykant.fb2.zip</filename>
	<title>Шпанов Николай Николаевич. Музыкант</title>
</book>
<book>
	<filename>shpanov_nikolai/shpanov_nikolai_podzhigateli_kniga_1.fb2.zip</filename>
	<title>Шпанов Николай Николаевич. Поджигатели (Книга 1)</title>
</book>
<book>
	<filename>shpanov_nikolai/shpanov_nikolai_podzhigateli_kniga_2.fb2.zip</filename>
	<title>Шпанов Николай Николаевич. Поджигатели (Книга 2)</title>
</book>
<book>
	<filename>shpanov_nikolai/shpanov_nikolai_pyatdesyat_beskonechnostei.fb2.zip</filename>
	<title>Шпанов Николай Николаевич. Пятьдесят бесконечностей</title>
</book>
<book>
	<filename>shpanov_nikolai/shpanov_nikolai_slepen.fb2.zip</filename>
	<title>Шпанов Николай Николаевич. Слепень</title>
</book>
<book>
	<filename>shpanov_nikolai/shpanov_nikolai_staraya_tetrad.fb2.zip</filename>
	<title>Шпанов Николай Николаевич. Старая тетрадь</title>
</book>
<book>
	<filename>shpanov_nikolai/shpanov_nikolai_svyaznaya_czin_fyn.fb2.zip</filename>
	<title>Шпанов Николай Николаевич. Связная Цзинь Фын</title>
</book>
<book>
	<filename>shpanov_nikolai/shpanov_nikolai_tochka_zreniya.fb2.zip</filename>
	<title>Шпанов Николай Николаевич. Точка зрения</title>
</book>
<book>
	<filename>shpanov_nikolai/shpanov_nikolai_uchenik_charodeya.fb2.zip</filename>
	<title>Шпанов Николай Николаевич. Ученик чародея</title>
</book>
<book>
	<filename>shpanov_nikolai/shpanov_nikolai_v_novogodnyuyu_noch.fb2.zip</filename>
	<title>Шпанов Николай Николаевич. В новогоднюю ночь</title>
</book>
<book>
	<filename>shpanov_nikolai/shpanov_nikolai_voina_nevidimok.fb2.zip</filename>
	<title>Шпанов Николай Николаевич. Война «невидимок»</title>
</book>
<book>
	<filename>shpanov_nikolai/shpanov_nikolai_zagovorshiki_kniga_1.fb2.zip</filename>
	<title>Шпанов Николай Николаевич. Заговорщики (книга 1)</title>
</book>
<book>
	<filename>shpanov_nikolai/shpanov_nikolai_zagovorshiki_kniga_2.fb2.zip</filename>
	<title>Шпанов Николай Николаевич. Заговорщики (книга 2)</title>
</book>
<book>
	<filename>shpeer_albert/shpeer_albert_vospominaniya.fb2.zip</filename>
	<title>Шпеер Альберт. Воспоминания</title>
</book>
<book>
	<filename>shprenger_yakov/shprenger_yakov_molot_vedm.fb2.zip</filename>
	<title>Шпренгер Яков. Молот ведьм</title>
</book>
<book>
	<filename>shreder_marta/shreder_marta_kodeks_strasti.fb2.zip</filename>
	<title>Шредер Марта. Кодекс страсти</title>
</book>
<book>
	<filename>shreder_yernst/shreder_yernst_krupp.fb2.zip</filename>
	<title>Шредер Эрнст. Крупп</title>
</book>
<book>
	<filename>shredinger_yervin/shredinger_yervin_materiya_i_razum.fb2.zip</filename>
	<title>Шредингер Эрвин. Материя и разум</title>
</book>
<book>
	<filename>shrefer_yeliot/shrefer_yeliot_tusovka_klassa_lyuks.fb2.zip</filename>
	<title>Шрефер Элиот. Тусовка класса «Люкс»</title>
</book>
<book>
	<filename>shtab_inzhenernyh_voisk_krasnoi_armii_/shtab_inzhenernyh_voisk_krasnoi_armii__pamyatka_po_preodoleniyu_shturmovoi_polosy.fb2.zip</filename>
	<title>Штаб инженерных войск Красной Армии. Памятка по преодолению штурмовой полосы</title>
</book>
<book>
	<filename>shtaicner_zigfrid/shtaicner_zigfrid_terri.fb2.zip</filename>
	<title>Штайцнер Зигфрид. Терри</title>
</book>
<book>
	<filename>shtamm_peter/shtamm_peter_agnes.fb2.zip</filename>
	<title>Штамм Петер. Агнес</title>
</book>
<book>
	<filename>shteidle_luitpold/shteidle_luitpold_ot_volgi_do_veimara.fb2.zip</filename>
	<title>Штейдле Луитпольд. От Волги до Веймара</title>
</book>
<book>
	<filename>shteinbok_arkadii/shteinbok_arkadii_gkchp2_glavnyi_konstitucionnyi_chastnyi_proekt.fb2.zip</filename>
	<title>Штейнбок Аркадий Михайлович. ГКЧП-2 (Главный Конституционный Частный Проект)</title>
</book>
<book>
	<filename>shteinbok_arkadii/shteinbok_arkadii_kafe_attrakcion.fb2.zip</filename>
	<title>Штейнбок Аркадий Михайлович. Кафе «Аттракцион»</title>
</book>
<book>
	<filename>shteinbok_arkadii/shteinbok_arkadii_ot_ilicha_do_lampochki_uchebnik_istorii_sovetskoi_vlasti_dlya_slaborazvityh_detei.fb2.zip</filename>
	<title>Штейнбок Аркадий Михайлович. От Ильича до лампочки (Учебник истории Советской власти для слаборазвитых детей)</title>
</book>
<book>
	<filename>shteinbok_arkadii/shteinbok_arkadii_protokol_zasedaniya_po_vyboram_glavvracha_v_psihiatricheskoi_bolnice_6.fb2.zip</filename>
	<title>Штейнбок Аркадий Михайлович. Протокол заседания по выборам главврача в психиатрической больнице №6</title>
</book>
<book>
	<filename>shteinbok_arkadii/shteinbok_arkadii_vosstanovlenie_vcherashnego_cherepa_po_segodnyashnemu_licu.fb2.zip</filename>
	<title>Штейнбок Аркадий Михайлович. Восстановление вчерашнего черепа по сегодняшнему лицу</title>
</book>
<book>
	<filename>shtein_inna/shtein_inna_bibliotechnyi_detektiv.fb2.zip</filename>
	<title>Штейн Инна. Библиотечный детектив</title>
</book>
<book>
	<filename>shtencel_alfred/shtencel_alfred_istoriya_voin_na_more_s_drevneishih_vremen_do_konca_xix_veka.fb2.zip</filename>
	<title>Штенцель Альфред. История войн на море с древнейших времен до конца XIX века</title>
</book>
<book>
	<filename>shternberg_leonid/shternberg_leonid_skorostnoe_konspektirovanie.fb2.zip</filename>
	<title>Штернберг Леонид. Скоростное конспектирование</title>
</book>
<book>
	<filename>shtern_boris/shtern_boris_besy_ili_v_pogone_za_bessmertiem.fb2.zip</filename>
	<title>Штерн Борис Гедальевич. Бесы, или В погоне за бессмертием</title>
</book>
<book>
	<filename>shtern_boris/shtern_boris_bezumnyi_korol.fb2.zip</filename>
	<title>Штерн Борис Гедальевич. Безумный король</title>
</book>
<book>
	<filename>shtern_boris/shtern_boris_chya_planeta.fb2.zip</filename>
	<title>Штерн Борис Гедальевич. Чья планета?</title>
</book>
<book>
	<filename>shtern_boris/shtern_boris_ded_moroz.fb2.zip</filename>
	<title>Штерн Борис. Дед Мороз</title>
</book>
<book>
	<filename>shtern_boris/shtern_boris_dom.fb2.zip</filename>
	<title>Штерн Борис Гедальевич. Дом</title>
</book>
<book>
	<filename>shtern_boris/shtern_boris_dosmotr_1_ili_reis_tabachnogo_kontrabandista.fb2.zip</filename>
	<title>Штерн Борис Гедальевич. Досмотр — 1, или Рейс табачного контрабандиста</title>
</book>
<book>
	<filename>shtern_boris/shtern_boris_dosmotr_2.fb2.zip</filename>
	<title>Штерн Борис Гедальевич. Досмотр — 2</title>
</book>
<book>
	<filename>shtern_boris/shtern_boris_fokusniki.fb2.zip</filename>
	<title>Штерн Борис Гедальевич. Фокусники</title>
</book>
<book>
	<filename>shtern_boris/shtern_boris_galateya.fb2.zip</filename>
	<title>Штерн Борис Гедальевич. Галатея</title>
</book>
<book>
	<filename>shtern_boris/shtern_boris_golaya_devka_ili_obnazhennaya_s_kuvshinom.fb2.zip</filename>
	<title>Штерн Борис Гедальевич. Голая девка, или Обнаженная с кувшином</title>
</book>
<book>
	<filename>shtern_boris/shtern_boris_gorynych.fb2.zip</filename>
	<title>Штерн Борис Гедальевич. Горыныч</title>
</book>
<book>
	<filename>shtern_boris/shtern_boris_kashei_bessmertnyi_poyet_besov.fb2.zip</filename>
	<title>Штерн Борис Гедальевич. Кащей Бессмертный — поэт бесов</title>
</book>
<book>
	<filename>shtern_boris/shtern_boris_kto_tam.fb2.zip</filename>
	<title>Штерн Борис. Кто там?</title>
</book>
<book>
	<filename>shtern_boris/shtern_boris_lish_by_ne_bylo_voiny_ili_kratkii_kurs_socrealizma.fb2.zip</filename>
	<title>Штерн Борис Гедальевич. Лишь бы не было войны или Краткий курс соцреализма</title>
</book>
<book>
	<filename>shtern_boris/shtern_boris_mishel_i_masha_ili_da_zdravstvuet_ninel.fb2.zip</filename>
	<title>Штерн Борис Гедальевич. Мишель и Маша, или Да здравствует Нинель!</title>
</book>
<book>
	<filename>shtern_boris/shtern_boris_nedostayushee_zveno.fb2.zip</filename>
	<title>Штерн Борис Гедальевич. Недостающее звено</title>
</book>
<book>
	<filename>shtern_boris/shtern_boris_ostrov_zmeinyi_ili_flot_ne_podvedet.fb2.zip</filename>
	<title>Штерн Борис Гедальевич. Остров Змеиный, или Флот не подведет!</title>
</book>
<book>
	<filename>shtern_boris/shtern_boris_otpusti_domoi.fb2.zip</filename>
	<title>Штерн Борис Гедальевич. Отпусти домой</title>
</book>
<book>
	<filename>shtern_boris/shtern_boris_povestka.fb2.zip</filename>
	<title>Штерн Борис Гедальевич. Повестка</title>
</book>
<book>
	<filename>shtern_boris/shtern_boris_proizvodstvennyi_rasskaz_1.fb2.zip</filename>
	<title>Штерн Борис Гедальевич. Производственный рассказ №1</title>
</book>
<book>
	<filename>shtern_boris/shtern_boris_proizvodstvennyi_rasskaz_no1.fb2.zip</filename>
	<title>Штерн Борис Гедальевич. Производственный рассказ №1</title>
</book>
<book>
	<filename>shtern_boris/shtern_boris_psihoz.fb2.zip</filename>
	<title>Штерн Борис Гедальевич. Психоз</title>
</book>
<book>
	<filename>shtern_boris/shtern_boris_rekviem_po_saleri.fb2.zip</filename>
	<title>Штерн Борис Гедальевич. Реквием по Сальери</title>
</book>
<book>
	<filename>shtern_boris/shtern_boris_ryba_lyubvi.fb2.zip</filename>
	<title>Штерн Борис Гедальевич. Рыба любви</title>
</book>
<book>
	<filename>shtern_boris/shtern_boris_shestaya_glava_don_kihota.fb2.zip</filename>
	<title>Штерн Борис. Шестая глава «Дон Кихота»</title>
</book>
<book>
	<filename>shtern_boris/shtern_boris_spasat_cheloveka_chelovek_yeto.fb2.zip</filename>
	<title>Штерн Борис Гедальевич. Спасать человека (Человек — это...)</title>
</book>
<book>
	<filename>shtern_boris/shtern_boris_tuman_v_desantnom_botinke.fb2.zip</filename>
	<title>Штерн Борис. Туман в десантном ботинке</title>
</book>
<book>
	<filename>shtern_boris/shtern_boris_vopli.fb2.zip</filename>
	<title>Штерн Борис Гедальевич. Вопли</title>
</book>
<book>
	<filename>shtern_boris/shtern_boris_yefiop_ili_poslednii_iz_kgb_kniga_1_chast_12.fb2.zip</filename>
	<title>Штерн Борис Гедальевич. Эфиоп, или Последний из КГБ (Книга 1. Часть 1,2)</title>
</book>
<book>
	<filename>shtern_boris/shtern_boris_yefiop_ili_poslednii_iz_kgb_kniga_i.fb2.zip</filename>
	<title>Штерн Борис Гедальевич. Эфиоп, или Последний из КГБ. Книга I</title>
</book>
<book>
	<filename>shtern_boris/shtern_boris_yefiop_ili_poslednii_iz_kgb_kniga_ii.fb2.zip</filename>
	<title>Штерн Борис Гедальевич. Эфиоп, или Последний из КГБ. Книга II</title>
</book>
<book>
	<filename>shtern_boris/shtern_boris_zagadki_chernogo_morya.fb2.zip</filename>
	<title>Штерн Борис Гедальевич. Загадки Черного моря</title>
</book>
<book>
	<filename>shtern_boris/shtern_boris_zapiski_dinozavra.fb2.zip</filename>
	<title>Штерн Борис. Записки динозавра</title>
</book>
<book>
	<filename>shtern_boris/shtern_boris_zheleznyi_chelovek_ili_poka_baraban_eshe_vertitsya.fb2.zip</filename>
	<title>Штерн Борис. Железный человек или Пока барабан еще вертится</title>
</book>
<book>
	<filename>shtern_boris/shtern_boris_zhena_ot_kardanvala.fb2.zip</filename>
	<title>Штерн Борис Гедальевич. Жена от Карданвала</title>
</book>
<book>
	<filename>shtilmark_robert/shtilmark_robert_naslednik_iz_kalkutty.fb2.zip</filename>
	<title>Штильмарк Роберт. Наследник из Калькутты</title>
</book>
<book>
	<filename>shtilmark_robert/shtilmark_robert_povest_o_strannike_rossiiskom.fb2.zip</filename>
	<title>Штильмарк Роберт. Повесть о страннике российском</title>
</book>
<book>
	<filename>shtok_isidor/shtok_isidor_premera.fb2.zip</filename>
	<title>Шток Исидор Владимирович. Премьера</title>
</book>
<book>
	<filename>shtorh_yeduard/shtorh_yeduard_ohotniki_na_mamontov.fb2.zip</filename>
	<title>Шторх Эдуард. Охотники на мамонтов</title>
</book>
<book>
	<filename>shtorm_vyacheslav/shtorm_vyacheslav_spyashie_dubravy.fb2.zip</filename>
	<title>Шторм Вячеслав. Спящие Дубравы</title>
</book>
<book>
	<filename>shtorm_vyacheslav/shtorm_vyacheslav_zhenit_nelzya_pomilovat.fb2.zip</filename>
	<title>Шторм Вячеслав. Женить нельзя помиловать</title>
</book>
<book>
	<filename>shtraub_mariya_yelizabet/shtraub_mariya_yelizabet_v_lovushke.fb2.zip</filename>
	<title>Штрауб Мария Элизабет. В ловушке</title>
</book>
<book>
	<filename>shtrikshtrikfeldt_vilfrid/shtrikshtrikfeldt_vilfrid_protiv_stalina_i_gitlera_general_vlasov_i_russkoe_osvoboditelnoe_dvizhenie.fb2.zip</filename>
	<title>Штрик-Штрикфельдт Вильфрид Карлович. Против Сталина и Гитлера. Генерал Власов и Русское Освободительное Движение</title>
</book>
<book>
	<filename>shubin_aleksandr/shubin_aleksandr_vedmino_kolco_sovetskii_soyuz_xxi_veka.fb2.zip</filename>
	<title>Шубин Александр. Ведьмино кольцо. Советский Союз XXI века</title>
</book>
<book>
	<filename>shubin_aleksei/shubin_aleksei_doktor_velikanov_razmyshlyaet_i_deistvuet.fb2.zip</filename>
	<title>Шубин Алексей Иванович. Доктор Великанов размышляет и действует</title>
</book>
<book>
	<filename>shubin_boris/shubin_boris_dopolnenie_k_portretam.fb2.zip</filename>
	<title>Шубин Борис Моисеевич. Дополнение к портретам</title>
</book>
<book>
	<filename>shubin_boris/shubin_boris_istoriya_odnoi_bolezni.fb2.zip</filename>
	<title>Шубин Борис Моисеевич. История одной болезни</title>
</book>
<book>
	<filename>shubin_dmitrii/shubin_dmitrii_pyat_dnei_mimikrii.fb2.zip</filename>
	<title>Шубин Дмитрий. Пять дней мимикрии</title>
</book>
<book>
	<filename>shubin_dmitrii/shubin_dmitrii_tigr_na_svalke.fb2.zip</filename>
	<title>Шубин Дмитрий. Тигр на свалке</title>
</book>
<book>
	<filename>shubin_yurii/shubin_yurii_zabavy_pilata.fb2.zip</filename>
	<title>Шубин Юрий. Забавы Пилата</title>
</book>
<book>
	<filename>shubridzh_myeridzhoi/shubridzh_myeridzhoi_polyubit_neznakomca.fb2.zip</filename>
	<title>Шубридж Мэриджой. Полюбить незнакомца</title>
</book>
<book>
	<filename>shugar_bert/shugar_bert_100_velikih_sportsmenov.fb2.zip</filename>
	<title>Шугар Берт Рэндолф. 100 великих спортсменов</title>
</book>
<book>
	<filename>shukshin_vasilii/shukshin_vasilii_alesha_beskonvoinyi.fb2.zip</filename>
	<title>Шукшин Василий. Алеша Бесконвойный</title>
</book>
<book>
	<filename>shukshin_vasilii/shukshin_vasilii_a_poutru_oni_prosnulis.fb2.zip</filename>
	<title>Шукшин Василий. А поутру они проснулись…</title>
</book>
<book>
	<filename>shukshin_vasilii/shukshin_vasilii_artist_fedor_grai.fb2.zip</filename>
	<title>Шукшин Василий. Артист Федор Грай</title>
</book>
<book>
	<filename>shukshin_vasilii/shukshin_vasilii_besedy_pri_yasnoi_lune.fb2.zip</filename>
	<title>Шукшин Василий. Беседы при ясной луне</title>
</book>
<book>
	<filename>shukshin_vasilii/shukshin_vasilii_bespalyi.fb2.zip</filename>
	<title>Шукшин Василий. Беспалый</title>
</book>
<book>
	<filename>shukshin_vasilii/shukshin_vasilii_bessovestnye.fb2.zip</filename>
	<title>Шукшин Василий. Бессовестные</title>
</book>
<book>
	<filename>shukshin_vasilii/shukshin_vasilii_biletik_na_vtoroi_seans.fb2.zip</filename>
	<title>Шукшин Василий. Билетик на второй сеанс</title>
</book>
<book>
	<filename>shukshin_vasilii/shukshin_vasilii_borya.fb2.zip</filename>
	<title>Шукшин Василий. Боря</title>
</book>
<book>
	<filename>shukshin_vasilii/shukshin_vasilii_brat_moi.fb2.zip</filename>
	<title>Шукшин Василий. Брат мой...</title>
</book>
<book>
	<filename>shukshin_vasilii/shukshin_vasilii_cherednichenko_i_cirk.fb2.zip</filename>
	<title>Шукшин Василий. Чередниченко и цирк</title>
</book>
<book>
	<filename>shukshin_vasilii/shukshin_vasilii_chudik.fb2.zip</filename>
	<title>Шукшин Василий Макарович. Чудик</title>
</book>
<book>
	<filename>shukshin_vasilii/shukshin_vasilii_chuzhie.fb2.zip</filename>
	<title>Шукшин Василий Макарович. Чужие</title>
</book>
<book>
	<filename>shukshin_vasilii/shukshin_vasilii_daesh_serdce.fb2.zip</filename>
	<title>Шукшин Василий. Даешь сердце!</title>
</book>
<book>
	<filename>shukshin_vasilii/shukshin_vasilii_dalekie_zimnie_vechera.fb2.zip</filename>
	<title>Шукшин Василий. Далекие зимние вечера</title>
</book>
<book>
	<filename>shukshin_vasilii/shukshin_vasilii_debil.fb2.zip</filename>
	<title>Шукшин Василий. Дебил</title>
</book>
<book>
	<filename>shukshin_vasilii/shukshin_vasilii_demagogi.fb2.zip</filename>
	<title>Шукшин Василий. Демагоги</title>
</book>
<book>
	<filename>shukshin_vasilii/shukshin_vasilii_do_tretih_petuhov.fb2.zip</filename>
	<title>Шукшин Василий. До третьих петухов</title>
</book>
<book>
	<filename>shukshin_vasilii/shukshin_vasilii_drugi_igrish_i_zabav.fb2.zip</filename>
	<title>Шукшин Василий. Други игрищ и забав</title>
</book>
<book>
	<filename>shukshin_vasilii/shukshin_vasilii_dumy.fb2.zip</filename>
	<title>Шукшин Василий. Думы</title>
</book>
<book>
	<filename>shukshin_vasilii/shukshin_vasilii_dva_pisma.fb2.zip</filename>
	<title>Шукшин Василий. Два письма</title>
</book>
<book>
	<filename>shukshin_vasilii/shukshin_vasilii_dvoe_na_telege.fb2.zip</filename>
	<title>Шукшин Василий. Двое на телеге</title>
</book>
<book>
	<filename>shukshin_vasilii/shukshin_vasilii_dyadya_ermolai.fb2.zip</filename>
	<title>Шукшин Василий. Дядя Ермолай</title>
</book>
<book>
	<filename>shukshin_vasilii/shukshin_vasilii_gena_proidisvet.fb2.zip</filename>
	<title>Шукшин Василий. Гена Пройдисвет</title>
</book>
<book>
	<filename>shukshin_vasilii/shukshin_vasilii_general_malafeikin.fb2.zip</filename>
	<title>Шукшин Василий. Генерал Малафейкин</title>
</book>
<book>
	<filename>shukshin_vasilii/shukshin_vasilii_gore.fb2.zip</filename>
	<title>Шукшин Василий. Горе</title>
</book>
<book>
	<filename>shukshin_vasilii/shukshin_vasilii_grinka_malyugin.fb2.zip</filename>
	<title>Шукшин Василий. Гринька Малюгин</title>
</book>
<book>
	<filename>shukshin_vasilii/shukshin_vasilii_hahal.fb2.zip</filename>
	<title>Шукшин Василий Макарович. Хахаль</title>
</book>
<book>
	<filename>shukshin_vasilii/shukshin_vasilii_hmyr.fb2.zip</filename>
	<title>Шукшин Василий Макарович. Хмырь</title>
</book>
<book>
	<filename>shukshin_vasilii/shukshin_vasilii_hozyain_bani_i_ogoroda.fb2.zip</filename>
	<title>Шукшин Василий. Хозяин бани и огорода</title>
</book>
<book>
	<filename>shukshin_vasilii/shukshin_vasilii_ignaha_priehal.fb2.zip</filename>
	<title>Шукшин Василий. Игнаха приехал</title>
</book>
<book>
	<filename>shukshin_vasilii/shukshin_vasilii_i_razygralis_zhe_koni_v_pole.fb2.zip</filename>
	<title>Шукшин Василий. И разыгрались же кони в поле</title>
</book>
<book>
	<filename>shukshin_vasilii/shukshin_vasilii_iz_detskih_let_ivana_popova.fb2.zip</filename>
	<title>Шукшин Василий. Из детских лет Ивана Попова</title>
</book>
<book>
	<filename>shukshin_vasilii/shukshin_vasilii_kak_andrei_ivanovich_kurinkov_yuvelir_poluchil_15_sutok.fb2.zip</filename>
	<title>Шукшин Василий. Как Андрей Иванович Куринков, ювелир, получил 15 суток</title>
</book>
<book>
	<filename>shukshin_vasilii/shukshin_vasilii_kak_muzhik_pereplavlyal_cherez_reku_volka_kozu_i_kapustu.fb2.zip</filename>
	<title>Шукшин Василий. Как мужик переплавлял через реку волка, козу и капусту</title>
</book>
<book>
	<filename>shukshin_vasilii/shukshin_vasilii_kak_pomiral_starik.fb2.zip</filename>
	<title>Шукшин Василий. Как помирал старик</title>
</book>
<book>
	<filename>shukshin_vasilii/shukshin_vasilii_kak_zaika_letal_na_vozdushnyh_sharikah.fb2.zip</filename>
	<title>Шукшин Василий. Как зайка летал на воздушных шариках</title>
</book>
<book>
	<filename>shukshin_vasilii/shukshin_vasilii_kalina_krasnaya.fb2.zip</filename>
	<title>Шукшин Василий. Калина красная</title>
</book>
<book>
	<filename>shukshin_vasilii/shukshin_vasilii_kapronovaya_elochka.fb2.zip</filename>
	<title>Шукшин Василий. Капроновая елочка</title>
</book>
<book>
	<filename>shukshin_vasilii/shukshin_vasilii_klassnyi_voditel.fb2.zip</filename>
	<title>Шукшин Василий. Классный водитель</title>
</book>
<book>
	<filename>shukshin_vasilii/shukshin_vasilii_klyauza.fb2.zip</filename>
	<title>Шукшин Василий. Кляуза</title>
</book>
<book>
	<filename>shukshin_vasilii/shukshin_vasilii_kolenchatye_valy.fb2.zip</filename>
	<title>Шукшин Василий. Коленчатые валы</title>
</book>
<book>
	<filename>shukshin_vasilii/shukshin_vasilii_kosmos_nervnaya_sistema_i_shmat_sala.fb2.zip</filename>
	<title>Шукшин Василий. Космос, нервная система и шмат сала</title>
</book>
<book>
	<filename>shukshin_vasilii/shukshin_vasilii_krepkii_muzhik.fb2.zip</filename>
	<title>Шукшин Василий. Крепкий мужик</title>
</book>
<book>
	<filename>shukshin_vasilii/shukshin_vasilii_kritiki.fb2.zip</filename>
	<title>Шукшин Василий. Критики</title>
</book>
<book>
	<filename>shukshin_vasilii/shukshin_vasilii_krysha_nad_golovoi.fb2.zip</filename>
	<title>Шукшин Василий Макарович. Крыша над головой</title>
</book>
<book>
	<filename>shukshin_vasilii/shukshin_vasilii_kukushkiny_slezki.fb2.zip</filename>
	<title>Шукшин Василий. Кукушкины слезки</title>
</book>
<book>
	<filename>shukshin_vasilii/shukshin_vasilii_lelya_selezneva_s_fakulteta_zhurnalistiki.fb2.zip</filename>
	<title>Шукшин Василий. Леля Селезнева с факультета журналистики</title>
</book>
<book>
	<filename>shukshin_vasilii/shukshin_vasilii_lenka.fb2.zip</filename>
	<title>Шукшин Василий. Ленька</title>
</book>
<book>
	<filename>shukshin_vasilii/shukshin_vasilii_lesya.fb2.zip</filename>
	<title>Шукшин Василий. Леся</title>
</book>
<book>
	<filename>shukshin_vasilii/shukshin_vasilii_lida_priehala.fb2.zip</filename>
	<title>Шукшин Василий. Лида приехала</title>
</book>
<book>
	<filename>shukshin_vasilii/shukshin_vasilii_lyubaviny.fb2.zip</filename>
	<title>Шукшин Василий Макарович. Любавины</title>
</book>
<book>
	<filename>shukshin_vasilii/shukshin_vasilii_master.fb2.zip</filename>
	<title>Шукшин Василий. Мастер</title>
</book>
<book>
	<filename>shukshin_vasilii/shukshin_vasilii_materinskoe_serdce.fb2.zip</filename>
	<title>Шукшин Василий. Материнское сердце</title>
</book>
<book>
	<filename>shukshin_vasilii/shukshin_vasilii_mechty.fb2.zip</filename>
	<title>Шукшин Василий. Мечты</title>
</book>
<book>
	<filename>shukshin_vasilii/shukshin_vasilii_medik_volodya.fb2.zip</filename>
	<title>Шукшин Василий. Медик Володя</title>
</book>
<book>
	<filename>shukshin_vasilii/shukshin_vasilii_mikroskop.fb2.zip</filename>
	<title>Шукшин Василий. Микроскоп</title>
</book>
<book>
	<filename>shukshin_vasilii/shukshin_vasilii_mil_pardon_madam.fb2.zip</filename>
	<title>Шукшин Василий. Миль пардон, мадам!</title>
</book>
<book>
	<filename>shukshin_vasilii/shukshin_vasilii_mnenie.fb2.zip</filename>
	<title>Шукшин Василий. Мнение</title>
</book>
<book>
	<filename>shukshin_vasilii/shukshin_vasilii_moi_zyat_ukral_mashinu_drov.fb2.zip</filename>
	<title>Шукшин Василий. Мой зять украл машину дров</title>
</book>
<book>
	<filename>shukshin_vasilii/shukshin_vasilii_muzhik_deryabin.fb2.zip</filename>
	<title>Шукшин Василий. Мужик Дерябин</title>
</book>
<book>
	<filename>shukshin_vasilii/shukshin_vasilii_nachalnik.fb2.zip</filename>
	<title>Шукшин Василий. Начальник</title>
</book>
<book>
	<filename>shukshin_vasilii/shukshin_vasilii_nakaz.fb2.zip</filename>
	<title>Шукшин Василий. Наказ</title>
</book>
<book>
	<filename>shukshin_vasilii/shukshin_vasilii_na_kladbishe.fb2.zip</filename>
	<title>Шукшин Василий. На кладбище</title>
</book>
<book>
	<filename>shukshin_vasilii/shukshin_vasilii_nechayannyi_vystrel.fb2.zip</filename>
	<title>Шукшин Василий. Нечаянный выстрел</title>
</book>
<book>
	<filename>shukshin_vasilii/shukshin_vasilii_neprotivlenec_makar_zherebcov.fb2.zip</filename>
	<title>Шукшин Василий. Непротивленец Макар Жеребцов</title>
</book>
<book>
	<filename>shukshin_vasilii/shukshin_vasilii_nochyu_v_boilernoi.fb2.zip</filename>
	<title>Шукшин Василий Макарович. Ночью в бойлерной</title>
</book>
<book>
	<filename>shukshin_vasilii/shukshin_vasilii_nolnol_celyh.fb2.zip</filename>
	<title>Шукшин Василий. Ноль-ноль целых</title>
</book>
<book>
	<filename>shukshin_vasilii/shukshin_vasilii_obida.fb2.zip</filename>
	<title>Шукшин Василий Макарович. Обида</title>
</book>
<book>
	<filename>shukshin_vasilii/shukshin_vasilii_odni.fb2.zip</filename>
	<title>Шукшин Василий. Одни</title>
</book>
<book>
	<filename>shukshin_vasilii/shukshin_vasilii_ohota_zhit.fb2.zip</filename>
	<title>Шукшин Василий. Охота жить</title>
</book>
<book>
	<filename>shukshin_vasilii/shukshin_vasilii_operaciya_efima_pyanyh.fb2.zip</filename>
	<title>Шукшин Василий Макарович. Операция Ефима Пьяных</title>
</book>
<book>
	<filename>shukshin_vasilii/shukshin_vasilii_oratorskii_priem.fb2.zip</filename>
	<title>Шукшин Василий Макарович. Ораторский прием</title>
</book>
<book>
	<filename>shukshin_vasilii/shukshin_vasilii_osenyu.fb2.zip</filename>
	<title>Шукшин Василий. Осенью</title>
</book>
<book>
	<filename>shukshin_vasilii/shukshin_vasilii_pechkilavochki.fb2.zip</filename>
	<title>Шукшин Василий. Печки-лавочки</title>
</book>
<book>
	<filename>shukshin_vasilii/shukshin_vasilii_pedestal.fb2.zip</filename>
	<title>Шукшин Василий Макарович. Пьедестал</title>
</book>
<book>
	<filename>shukshin_vasilii/shukshin_vasilii_petka_krasnov_rasskazyvaet.fb2.zip</filename>
	<title>Шукшин Василий Макарович. Петька Краснов рассказывает</title>
</book>
<book>
	<filename>shukshin_vasilii/shukshin_vasilii_petya.fb2.zip</filename>
	<title>Шукшин Василий Макарович. Петя</title>
</book>
<book>
	<filename>shukshin_vasilii/shukshin_vasilii_pismo.fb2.zip</filename>
	<title>Шукшин Василий Макарович. Письмо</title>
</book>
<book>
	<filename>shukshin_vasilii/shukshin_vasilii_pismo_lyubimoi.fb2.zip</filename>
	<title>Шукшин Василий Макарович. Письмо любимой</title>
</book>
<book>
	<filename>shukshin_vasilii/shukshin_vasilii_plemyannik_glavbuha.fb2.zip</filename>
	<title>Шукшин Василий Макарович. Племянник главбуха</title>
</book>
<book>
	<filename>shukshin_vasilii/shukshin_vasilii_post_skriptum.fb2.zip</filename>
	<title>Шукшин Василий Макарович. Пост скриптум</title>
</book>
<book>
	<filename>shukshin_vasilii/shukshin_vasilii_pozovi_menya_v_dal_svetluyu.fb2.zip</filename>
	<title>Шукшин Василий. Позови меня в даль светлую...</title>
</book>
<book>
	<filename>shukshin_vasilii/shukshin_vasilii_pravda.fb2.zip</filename>
	<title>Шукшин Василий Макарович. Правда</title>
</book>
<book>
	<filename>shukshin_vasilii/shukshin_vasilii_priezzhii.fb2.zip</filename>
	<title>Шукшин Василий. Приезжий</title>
</book>
<book>
	<filename>shukshin_vasilii/shukshin_vasilii_privet_sivomu.fb2.zip</filename>
	<title>Шукшин Василий Макарович. Привет Сивому!</title>
</book>
<book>
	<filename>shukshin_vasilii/shukshin_vasilii_psihopat.fb2.zip</filename>
	<title>Шукшин Василий Макарович. Психопат</title>
</book>
<book>
	<filename>shukshin_vasilii/shukshin_vasilii_raskas.fb2.zip</filename>
	<title>Шукшин Василий Макарович. «Раскас»</title>
</book>
<book>
	<filename>shukshin_vasilii/shukshin_vasilii_rasskazy.fb2.zip</filename>
	<title>Шукшин Василий Макарович. Рассказы</title>
</book>
<book>
	<filename>shukshin_vasilii/shukshin_vasilii_ryzhii.fb2.zip</filename>
	<title>Шукшин Василий Макарович. Рыжий</title>
</book>
<book>
	<filename>shukshin_vasilii/shukshin_vasilii_samye_pervye_vospominaniya.fb2.zip</filename>
	<title>Шукшин Василий Макарович. Самые первые воспоминания</title>
</book>
<book>
	<filename>shukshin_vasilii/shukshin_vasilii_sapozhki.fb2.zip</filename>
	<title>Шукшин Василий Макарович. Сапожки</title>
</book>
<book>
	<filename>shukshin_vasilii/shukshin_vasilii_selskie_zhiteli.fb2.zip</filename>
	<title>Шукшин Василий Макарович. Сельские жители</title>
</book>
<book>
	<filename>shukshin_vasilii/shukshin_vasilii_shire_shag_mayestro.fb2.zip</filename>
	<title>Шукшин Василий. Шире шаг, Маэстро</title>
</book>
<book>
	<filename>shukshin_vasilii/shukshin_vasilii_shtrihi_k_portretu.fb2.zip</filename>
	<title>Шукшин Василий Макарович. Штрихи к портрету</title>
</book>
<book>
	<filename>shukshin_vasilii/shukshin_vasilii_silnye_idut_dalshe.fb2.zip</filename>
	<title>Шукшин Василий Макарович. Сильные идут дальше</title>
</book>
<book>
	<filename>shukshin_vasilii/shukshin_vasilii_sluchai_v_restorane.fb2.zip</filename>
	<title>Шукшин Василий Макарович. Случай в ресторане</title>
</book>
<book>
	<filename>shukshin_vasilii/shukshin_vasilii_sny_materi.fb2.zip</filename>
	<title>Шукшин Василий Макарович. Сны матери</title>
</book>
<book>
	<filename>shukshin_vasilii/shukshin_vasilii_solnce_starik_i_devushka.fb2.zip</filename>
	<title>Шукшин Василий. Солнце, старик и девушка</title>
</book>
<book>
	<filename>shukshin_vasilii/shukshin_vasilii_srezal.fb2.zip</filename>
	<title>Шукшин Василий. Срезал</title>
</book>
<book>
	<filename>shukshin_vasilii/shukshin_vasilii_stenka_razin.fb2.zip</filename>
	<title>Шукшин Василий Макарович. Стенька Разин</title>
</book>
<book>
	<filename>shukshin_vasilii/shukshin_vasilii_stepka.fb2.zip</filename>
	<title>Шукшин Василий. Степка</title>
</book>
<book>
	<filename>shukshin_vasilii/shukshin_vasilii_stepkina_lyubov.fb2.zip</filename>
	<title>Шукшин Василий Макарович. Степкина любовь</title>
</book>
<book>
	<filename>shukshin_vasilii/shukshin_vasilii_stradaniya_molodogo_vaganova.fb2.zip</filename>
	<title>Шукшин Василий Макарович. Страдания молодого Ваганова</title>
</book>
<book>
	<filename>shukshin_vasilii/shukshin_vasilii_sud.fb2.zip</filename>
	<title>Шукшин Василий Макарович. Суд</title>
</book>
<book>
	<filename>shukshin_vasilii/shukshin_vasilii_suraz.fb2.zip</filename>
	<title>Шукшин Василий. Сураз</title>
</book>
<book>
	<filename>shukshin_vasilii/shukshin_vasilii_svetlye_dushi.fb2.zip</filename>
	<title>Шукшин Василий Макарович. Светлые души</title>
</book>
<book>
	<filename>shukshin_vasilii/shukshin_vasilii_svoyak_sergei_sergeevich.fb2.zip</filename>
	<title>Шукшин Василий Макарович. Свояк Сергей Сергеевич</title>
</book>
<book>
	<filename>shukshin_vasilii/shukshin_vasilii_tam_vdali.fb2.zip</filename>
	<title>Шукшин Василий. Там, вдали...</title>
</book>
<book>
	<filename>shukshin_vasilii/shukshin_vasilii_tancuyushii_shiva.fb2.zip</filename>
	<title>Шукшин Василий Макарович. Танцующий Шива</title>
</book>
<book>
	<filename>shukshin_vasilii/shukshin_vasilii_tochka_zreniya.fb2.zip</filename>
	<title>Шукшин Василий Макарович. Точка зрения</title>
</book>
<book>
	<filename>shukshin_vasilii/shukshin_vasilii_tri_gracii.fb2.zip</filename>
	<title>Шукшин Василий Макарович. Три грации</title>
</book>
<book>
	<filename>shukshin_vasilii/shukshin_vasilii_upornyi.fb2.zip</filename>
	<title>Шукшин Василий. Упорный</title>
</book>
<book>
	<filename>shukshin_vasilii/shukshin_vasilii_vanka_teplyashin.fb2.zip</filename>
	<title>Шукшин Василий. Ванька Тепляшин</title>
</book>
<book>
	<filename>shukshin_vasilii/shukshin_vasilii_vanya_ty_kak_zdes.fb2.zip</filename>
	<title>Шукшин Василий. Ваня, ты как здесь?!</title>
</book>
<book>
	<filename>shukshin_vasilii/shukshin_vasilii_vash_syn_i_brat.fb2.zip</filename>
	<title>Шукшин Василий. Ваш сын и брат</title>
</book>
<book>
	<filename>shukshin_vasilii/shukshin_vasilii_vechno_nedovolnyi_yakovlev.fb2.zip</filename>
	<title>Шукшин Василий. Вечно недовольный Яковлев</title>
</book>
<book>
	<filename>shukshin_vasilii/shukshin_vasilii_versiya.fb2.zip</filename>
	<title>Шукшин Василий. Версия</title>
</book>
<book>
	<filename>shukshin_vasilii/shukshin_vasilii_veruyu.fb2.zip</filename>
	<title>Шукшин Василий. Верую!</title>
</book>
<book>
	<filename>shukshin_vasilii/shukshin_vasilii_vladimir_semenych_iz_myagkoi_sekcii.fb2.zip</filename>
	<title>Шукшин Василий. Владимир Семеныч из мягкой секции</title>
</book>
<book>
	<filename>shukshin_vasilii/shukshin_vasilii_vnutrennee_soderzhanie.fb2.zip</filename>
	<title>Шукшин Василий. Внутреннее содержание</title>
</book>
<book>
	<filename>shukshin_vasilii/shukshin_vasilii_volki.fb2.zip</filename>
	<title>Шукшин Василий. Волки!</title>
</book>
<book>
	<filename>shukshin_vasilii/shukshin_vasilii_voskresnaya_toska.fb2.zip</filename>
	<title>Шукшин Василий. Воскресная тоска</title>
</book>
<book>
	<filename>shukshin_vasilii/shukshin_vasilii_v_profil_i_anfas.fb2.zip</filename>
	<title>Шукшин Василий. В профиль и анфас</title>
</book>
<book>
	<filename>shukshin_vasilii/shukshin_vasilii_v_voskresene_matstarushka.fb2.zip</filename>
	<title>Шукшин Василий. В воскресенье мать-старушка...</title>
</book>
<book>
	<filename>shukshin_vasilii/shukshin_vasilii_vyanet_propadaet.fb2.zip</filename>
	<title>Шукшин Василий. Вянет, пропадает</title>
</book>
<book>
	<filename>shukshin_vasilii/shukshin_vasilii_vybirayu_derevnyu_na_zhitelstvo.fb2.zip</filename>
	<title>Шукшин Василий. Выбираю деревню на жительство</title>
</book>
<book>
	<filename>shukshin_vasilii/shukshin_vasilii_ya_prishel_dat_vam_volyu.fb2.zip</filename>
	<title>Шукшин Василий Макарович. Я пришел дать вам волю</title>
</book>
<book>
	<filename>shukshin_vasilii/shukshin_vasilii_yekzamen.fb2.zip</filename>
	<title>Шукшин Василий Макарович. Экзамен</title>
</book>
<book>
	<filename>shukshin_vasilii/shukshin_vasilii_yenergichnye_lyudi.fb2.zip</filename>
	<title>Шукшин Василий. Энергичные люди</title>
</book>
<book>
	<filename>shukshin_vasilii/shukshin_vasilii_zabuksoval.fb2.zip</filename>
	<title>Шукшин Василий. Забуксовал</title>
</book>
<book>
	<filename>shukshin_vasilii/shukshin_vasilii_zaletnyi.fb2.zip</filename>
	<title>Шукшин Василий. Залетный</title>
</book>
<book>
	<filename>shukshin_vasilii/shukshin_vasilii_zarevoi_dozhd.fb2.zip</filename>
	<title>Шукшин Василий. Заревой дождь</title>
</book>
<book>
	<filename>shukshin_vasilii/shukshin_vasilii_zemlyaki.fb2.zip</filename>
	<title>Шукшин Василий. Земляки</title>
</book>
<book>
	<filename>shukshin_vasilii/shukshin_vasilii_zhena_muzha_v_parizh_provozhala.fb2.zip</filename>
	<title>Шукшин Василий. Жена мужа в Париж провожала</title>
</book>
<book>
	<filename>shukshin_vasilii/shukshin_vasilii_zhil_chelovek.fb2.zip</filename>
	<title>Шукшин Василий. Жил человек...</title>
</book>
<book>
	<filename>shukshin_vasilii/shukshin_vasilii_zhivet_takoi_paren.fb2.zip</filename>
	<title>Шукшин Василий. Живет такой парень</title>
</book>
<book>
	<filename>shukshin_vasilii/shukshin_vasilii_zmeinyi_yad.fb2.zip</filename>
	<title>Шукшин Василий. Змеиный яд</title>
</book>

</books>
