<?xml version="1.0" encoding="UTF-8" ?>
<books>

<book>
	<filename>shyogolev_aleksandr/shyogolev_aleksandr_agent_ivan_zhilin.fb2.zip</filename>
	<title> Щёголев Александр Геннадьевич. Агент Иван Жилин</title>
</book>
<book>
	<filename>shyogolev_aleksandr/shyogolev_aleksandr_cel_passazhira.fb2.zip</filename>
	<title> Щёголев Александр Геннадьевич. Цель пассажира</title>
</book>
<book>
	<filename>shyogolev_aleksandr/shyogolev_aleksandr_dozhdik.fb2.zip</filename>
	<title> Щёголев Александр Геннадьевич. Дождик</title>
</book>
<book>
	<filename>shyogolev_aleksandr/shyogolev_aleksandr_drama_zamknutogo_prostranstva.fb2.zip</filename>
	<title> Щёголев Александр Геннадьевич. Драма замкнутого пространства</title>
</book>
<book>
	<filename>shyogolev_aleksandr/shyogolev_aleksandr_dvoe_na_doroge.fb2.zip</filename>
	<title> Щёголев Александр Геннадьевич. Двое на дороге</title>
</book>
<book>
	<filename>shyogolev_aleksandr/shyogolev_aleksandr_glavnyi_vrag.fb2.zip</filename>
	<title> Щёголев Александр Геннадьевич. Главный враг</title>
</book>
<book>
	<filename>shyogolev_aleksandr/shyogolev_aleksandr_hozyain.fb2.zip</filename>
	<title> Щёголев Александр Геннадьевич. Хозяин</title>
</book>
<book>
	<filename>shyogolev_aleksandr/shyogolev_aleksandr_inekciya_straha.fb2.zip</filename>
	<title> Щёголев Александр Геннадьевич. Инъекция страха</title>
</book>
<book>
	<filename>shyogolev_aleksandr/shyogolev_aleksandr_kak_ya_provel_leto.fb2.zip</filename>
	<title> Щёголев Александр Геннадьевич. Как я провел лето</title>
</book>
<book>
	<filename>shyogolev_aleksandr/shyogolev_aleksandr_kak_zakalyalas_zhest.fb2.zip</filename>
	<title> Щёголев Александр Геннадьевич. Как закалялась жесть</title>
</book>
<book>
	<filename>shyogolev_aleksandr/shyogolev_aleksandr_katastrofa.fb2.zip</filename>
	<title> Щёголев Александр Геннадьевич. Катастрофа</title>
</book>
<book>
	<filename>shyogolev_aleksandr/shyogolev_aleksandr_kto_zval_menya.fb2.zip</filename>
	<title> Щёголев Александр Геннадьевич. Кто звал меня?</title>
</book>
<book>
	<filename>shyogolev_aleksandr/shyogolev_aleksandr_kuharka.fb2.zip</filename>
	<title> Щёголев Александр Геннадьевич. Кухарка</title>
</book>
<book>
	<filename>shyogolev_aleksandr/shyogolev_aleksandr_lyubov_zverya.fb2.zip</filename>
	<title> Щёголев Александр Геннадьевич. Любовь зверя</title>
</book>
<book>
	<filename>shyogolev_aleksandr/shyogolev_aleksandr_mol.fb2.zip</filename>
	<title> Щёголев Александр Геннадьевич. Моль</title>
</book>
<book>
	<filename>shyogolev_aleksandr/shyogolev_aleksandr_noch_navsegda.fb2.zip</filename>
	<title> Щёголев Александр Геннадьевич. Ночь навсегда</title>
</book>
<book>
	<filename>shyogolev_aleksandr/shyogolev_aleksandr_noch_pridumannaya_kemto.fb2.zip</filename>
	<title> Щёголев Александр Геннадьевич. Ночь, придуманная кем-то</title>
</book>
<book>
	<filename>shyogolev_aleksandr/shyogolev_aleksandr_otrava_s_privkusom_dzen.fb2.zip</filename>
	<title> Щёголев Александр Геннадьевич. Отрава с привкусом дзен</title>
</book>
<book>
	<filename>shyogolev_aleksandr/shyogolev_aleksandr_pautina.fb2.zip</filename>
	<title> Щёголев Александр Геннадьевич. Паутина</title>
</book>
<book>
	<filename>shyogolev_aleksandr/shyogolev_aleksandr_pokazaniya_obvinyaemogo.fb2.zip</filename>
	<title> Щёголев Александр Геннадьевич. Показания обвиняемого</title>
</book>
<book>
	<filename>shyogolev_aleksandr/shyogolev_aleksandr_rab.fb2.zip</filename>
	<title> Щёголев Александр Геннадьевич. Раб</title>
</book>
<book>
	<filename>shyogolev_aleksandr/shyogolev_aleksandr_reka.fb2.zip</filename>
	<title> Щёголев Александр Геннадьевич. Река</title>
</book>
<book>
	<filename>shyogolev_aleksandr/shyogolev_aleksandr_sumerki.fb2.zip</filename>
	<title> Щёголев Александр Геннадьевич. Сумерки</title>
</book>
<book>
	<filename>shyogolev_aleksandr/shyogolev_aleksandr_svobodnyi_ohotnik.fb2.zip</filename>
	<title> Щёголев Александр Геннадьевич. Свободный Охотник</title>
</book>
<book>
	<filename>shyogolev_aleksandr/shyogolev_aleksandr_vat_mashu.fb2.zip</filename>
	<title> Щёголев Александр Геннадьевич. Вать машу!</title>
</book>

<book>
	<filename>shupov_andrei/shupov_andrei_deti_hlebnyh_vremen.fb2.zip</filename>
	<title> Щупов Андрей. Дети хлебных времен</title>
</book>
<book>
	<filename>shupov_andrei/shupov_andrei_ditya_plazmy.fb2.zip</filename>
	<title> Щупов Андрей. Дитя Плазмы</title>
</book>
<book>
	<filename>shupov_andrei/shupov_andrei_gamma_dlya_starsheklassnikov.fb2.zip</filename>
	<title> Щупов Андрей. Гамма для старшеклассников</title>
</book>
<book>
	<filename>shupov_andrei/shupov_andrei_holod_maliogonta.fb2.zip</filename>
	<title> Щупов Андрей. Холод Малиогонта</title>
</book>
<book>
	<filename>shupov_andrei/shupov_andrei_kosyak.fb2.zip</filename>
	<title> Щупов Андрей. Косяк</title>
</book>
<book>
	<filename>shupov_andrei/shupov_andrei_messiya.fb2.zip</filename>
	<title> Щупов Андрей. Мессия</title>
</book>
<book>
	<filename>shupov_andrei/shupov_andrei_na_gemme.fb2.zip</filename>
	<title> Щупов Андрей. На Гемме</title>
</book>
<book>
	<filename>shupov_andrei/shupov_andrei_okkupaciya.fb2.zip</filename>
	<title> Щупов Андрей. Оккупация</title>
</book>
<book>
	<filename>shupov_andrei/shupov_andrei_poezd_noya.fb2.zip</filename>
	<title> Щупов Андрей. Поезд Ноя</title>
</book>
<book>
	<filename>shupov_andrei/shupov_andrei_predatel.fb2.zip</filename>
	<title> Щупов Андрей. Предатель</title>
</book>
<book>
	<filename>shupov_andrei/shupov_andrei_priglashenie_v_ad.fb2.zip</filename>
	<title> Щупов Андрей. Приглашение в Ад</title>
</book>
<book>
	<filename>shupov_andrei/shupov_andrei_pryzhok_yashera.fb2.zip</filename>
	<title> Щупов Андрей. Прыжок Ящера</title>
</book>
<book>
	<filename>shupov_andrei/shupov_andrei_put.fb2.zip</filename>
	<title> Щупов Андрей. Путь</title>
</book>
<book>
	<filename>shupov_andrei/shupov_andrei_sonnik_inversanta.fb2.zip</filename>
	<title> Щупов Андрей. Сонник Инверсанта</title>
</book>
<book>
	<filename>shupov_andrei/shupov_andrei_to_chto_huzhe_chumy.fb2.zip</filename>
	<title> Щупов Андрей. То, что хуже чумы</title>
</book>
<book>
	<filename>shupov_andrei/shupov_andrei_tost_za_palacha.fb2.zip</filename>
	<title> Щупов Андрей. Тост за Палача</title>
</book>
<book>
	<filename>shupov_andrei/shupov_andrei_vertolet.fb2.zip</filename>
	<title> Щупов Андрей. Вертолет</title>
</book>
<book>
	<filename>shupov_andrei/shupov_andrei_zabludivshiesya_na_cherdake.fb2.zip</filename>
	<title> Щупов Андрей. Заблудившиеся на чердаке</title>
</book>
<book>
	<filename>shupov_andrei/shupov_andrei_zverinyi_krug.fb2.zip</filename>
	<title> Щупов Андрей. Звериный круг</title>
</book>

<book>
	<filename>shepetov_sergei/shepetov_sergei_klan_mamonta.fb2.zip</filename>
	<title> Щепетов Сергей. Клан Мамонта</title>
</book>
<book>
	<filename>shepetov_sergei/shepetov_sergei_lyudi_byka.fb2.zip</filename>
	<title> Щепетов Сергей. Люди Быка</title>
</book>
<book>
	<filename>shepetov_sergei/shepetov_sergei_narod_morzha.fb2.zip</filename>
	<title> Щепетов Сергей. Народ Моржа</title>
</book>
<book>
	<filename>shepetov_sergei/shepetov_sergei_plemya_tigra.fb2.zip</filename>
	<title> Щепетов Сергей. Племя Тигра</title>
</book>
<book>
	<filename>shepetov_sergei/shepetov_sergei_poslednii_myatezh.fb2.zip</filename>
	<title> Щепетов Сергей. Последний мятеж</title>
</book>
<book>
	<filename>shepetov_sergei/shepetov_sergei_praid_sablezuba.fb2.zip</filename>
	<title> Щепетов Сергей. Прайд Саблезуба</title>
</book>
<book>
	<filename>shepetov_sergei/shepetov_sergei_rod_volka.fb2.zip</filename>
	<title> Щепетов Сергей. Род Волка</title>
</book>
<book>
	<filename>shepetov_sergei/shepetov_sergei_sled_kromanonca.fb2.zip</filename>
	<title> Щепетов Сергей. След кроманьонца</title>
</book>
<book>
	<filename>sherbaeva_e/sherbaeva_e_russkii_yazyk_i_kultura_rechi_shpargalka.fb2.zip</filename>
	<title> Щербаева Е. А. Русский язык и культура речи. Шпаргалка</title>
</book>
<book>
	<filename>sherba_natalya/sherba_natalya_antiprizma.fb2.zip</filename>
	<title> Щерба Наталья Васильевна. Антипризма</title>
</book>
<book>
	<filename>sherba_natalya/sherba_natalya_astrogradov_klyuch.fb2.zip</filename>
	<title> Щерба Наталья Васильевна. Астроградов Ключ</title>
</book>
<book>
	<filename>sherba_natalya/sherba_natalya_charana.fb2.zip</filename>
	<title> Щерба Наталья Васильевна. Чарана</title>
</book>
<book>
	<filename>sherba_natalya/sherba_natalya_cvety_zhelaniya_i_domino.fb2.zip</filename>
	<title> Щерба Наталья Васильевна. Цветы, желания и домино</title>
</book>
<book>
	<filename>sherba_natalya/sherba_natalya_dvulikaya_noch.fb2.zip</filename>
	<title> Щерба Наталья Васильевна. Двуликая ночь</title>
</book>
<book>
	<filename>sherba_natalya/sherba_natalya_feyaispolnyayushayazhelaniya.fb2.zip</filename>
	<title> Щерба Наталья Васильевна. Фея-Исполняющая-Желания</title>
</book>
<book>
	<filename>sherba_natalya/sherba_natalya_klacklacyk_i_gospozha_merzlotta.fb2.zip</filename>
	<title> Щерба Наталья Васильевна. Клац-клацык и Госпожа Мерзлотта</title>
</book>
<book>
	<filename>sherba_natalya/sherba_natalya_kotam_s_klyuchom_v_zubah_ne_doveryaite.fb2.zip</filename>
	<title> Щерба Наталья Васильевна. Котам, с ключом в зубах, не доверяйте</title>
</book>
<book>
	<filename>sherba_natalya/sherba_natalya_krasota_v_simmetrii.fb2.zip</filename>
	<title> Щерба Наталья Васильевна. Красота в симметрии</title>
</book>
<book>
	<filename>sherba_natalya/sherba_natalya_kto_postavil_shram_garri_potteru.fb2.zip</filename>
	<title> Щерба Наталья Васильевна. Кто поставил шрам Гарри Поттеру?</title>
</book>
<book>
	<filename>sherba_natalya/sherba_natalya_lichnyi_mir.fb2.zip</filename>
	<title> Щерба Наталья Васильевна. Личный Мир</title>
</book>
<book>
	<filename>sherba_natalya/sherba_natalya_lisa_cvety_i_krasota.fb2.zip</filename>
	<title> Щерба Наталья Васильевна. Лиса, цветы и красота</title>
</book>
<book>
	<filename>sherba_natalya/sherba_natalya_lovushka_dlya_zvyozd.fb2.zip</filename>
	<title> Щерба Наталья Васильевна. Ловушка для звёзд</title>
</book>
<book>
	<filename>sherba_natalya/sherba_natalya_selestina.fb2.zip</filename>
	<title> Щерба Наталья Васильевна. Селестина</title>
</book>
<book>
	<filename>sherba_natalya/sherba_natalya_serdce_zamka_forhedlin.fb2.zip</filename>
	<title> Щерба Наталья Васильевна. Сердце замка Форхедлин</title>
</book>
<book>
	<filename>sherba_natalya/sherba_natalya_sobiratel_dush.fb2.zip</filename>
	<title> Щерба Наталья Васильевна. Собиратель душ</title>
</book>
<book>
	<filename>sherba_natalya/sherba_natalya_solka_tyomnaya_feya.fb2.zip</filename>
	<title> Щерба Наталья Васильевна. Солька – тёмная фея</title>
</book>
<book>
	<filename>sherba_natalya/sherba_natalya_sovet_dlya_kukly.fb2.zip</filename>
	<title> Щерба Наталья Васильевна. Совет для куклы</title>
</book>
<book>
	<filename>sherba_natalya/sherba_natalya_vedmochka.fb2.zip</filename>
	<title> Щерба Наталья Васильевна. Ведьмочка</title>
</book>
<book>
	<filename>sherba_natalya/sherba_natalya_vrag_i_soyuznik.fb2.zip</filename>
	<title> Щерба Наталья Васильевна. Враг и союзник</title>
</book>

<book>
	<filename>shchedrovickii_dmitrii/shchedrovickii_dmitrii_besedy_o_knige_iova.fb2.zip</filename>
	<title> Щедровицкий Дмитрий Владимирович. Беседы о Книге Иова</title>
</book>
<book>
	<filename>shchedrovickii_dmitrii/shchedrovickii_dmitrii_iz_vosmi_knig.fb2.zip</filename>
	<title> Щедровицкий Дмитрий Владимирович. Из восьми книг</title>
</book>
<book>
	<filename>shchedrovickii_dmitrii/shchedrovickii_dmitrii_prorochestva_knigi_daniila_597_god_do_nye_2240_god_nye.fb2.zip</filename>
	<title> Щедровицкий Дмитрий Владимирович. Пророчества Книги Даниила. 597 год до н.э. – 2240 год н.э.</title>
</book>
<book>
	<filename>shchedrovickii_dmitrii/shchedrovickii_dmitrii_siyayushii_koran_vzglyad_bibleista.fb2.zip</filename>
	<title> Щедровицкий Дмитрий Владимирович. Сияющий Коран. Взгляд библеиста</title>
</book>
<book>
	<filename>shchedrovickii_dmitrii/shchedrovickii_dmitrii_vvedenie_v_vethii_zavet_kniga_bytiya.fb2.zip</filename>
	<title> Щедровицкий Дмитрий Владимирович. Введение в Ветхий Завет. Книга Бытия</title>
</book>
<book>
	<filename>shcheglova_anna/shcheglova_anna_chainyi_grib_chudocelitel_v_trehlitrovoi_banke.fb2.zip</filename>
	<title> Щеглова Анна Вячеславовна. Чайный гриб. Чудо-целитель в трехлитровой банке</title>
</book>
<book>
	<filename>shcheglova_anna/shcheglova_anna_ijod_vash_domashnii_doktor.fb2.zip</filename>
	<title> Щеглова Анна Вячеславовна. Йод – ваш домашний доктор</title>
</book>
<book>
	<filename>shcheglova_anna/shcheglova_anna_indiiskii_luk_celitel_ot_100_boleznei.fb2.zip</filename>
	<title> Щеглова Анна Вячеславовна. Индийский лук – целитель от 100 болезней</title>
</book>
<book>
	<filename>shcheglova_irina/shcheglova_irina_bolshaya_kniga_volshebnyh_priklyuchenii_dlya_devochek_sbornik.fb2.zip</filename>
	<title> Щеглова Ирина. Большая книга волшебных приключений для девочек (Сборник)</title>
</book>
<book>
	<filename>shcheglova_irina/shcheglova_irina_chuzhaki_na_ostrove_fei.fb2.zip</filename>
	<title> Щеглова Ирина. Чужаки на острове фей</title>
</book>
<book>
	<filename>shcheglova_irina/shcheglova_irina_feya_na_dache.fb2.zip</filename>
	<title> Щеглова Ирина. Фея на даче</title>
</book>
<book>
	<filename>shcheglova_irina/shcheglova_irina_feya_v_ryukzake.fb2.zip</filename>
	<title> Щеглова Ирина. Фея в рюкзаке</title>
</book>
<book>
	<filename>shcheglova_irina/shcheglova_irina_koroleva_krasoty.fb2.zip</filename>
	<title> Щеглова Ирина. Королева красоты</title>
</book>
<book>
	<filename>shcheglova_irina/shcheglova_irina_mechta_idealnoi_devchonki.fb2.zip</filename>
	<title> Щеглова Ирина. Мечта идеальной девчонки</title>
</book>
<book>
	<filename>shcheglova_irina/shcheglova_irina_na_zavist_koroleve.fb2.zip</filename>
	<title> Щеглова Ирина. На зависть королеве</title>
</book>
<book>
	<filename>shcheglova_irina/shcheglova_irina_plyazh_ispolnennyh_zhelanii.fb2.zip</filename>
	<title> Щеглова Ирина. Пляж исполненных желаний</title>
</book>
<book>
	<filename>shcheglova_irina/shcheglova_irina_podarki_fei.fb2.zip</filename>
	<title> Щеглова Ирина. Подарки фей</title>
</book>
<book>
	<filename>shcheglova_irina/shcheglova_irina_princessa_na_balkone.fb2.zip</filename>
	<title> Щеглова Ирина. Принцесса на балконе</title>
</book>
<book>
	<filename>shcheglova_irina/shcheglova_irina_princ_iz_dalekoi_strany.fb2.zip</filename>
	<title> Щеглова Ирина. Принц из далекой страны</title>
</book>
<book>
	<filename>shcheglova_irina/shcheglova_irina_ryby_svidanie_s_mechtoi.fb2.zip</filename>
	<title> Щеглова Ирина. Рыбы. Свидание с мечтой</title>
</book>
<book>
	<filename>shcheglova_irina/shcheglova_irina_skazka_dlya_zvezdy.fb2.zip</filename>
	<title> Щеглова Ирина. Сказка для звезды</title>
</book>
<book>
	<filename>shcheglova_irina/shcheglova_irina_snezhnoe_svidanie.fb2.zip</filename>
	<title> Щеглова Ирина. Снежное свидание</title>
</book>
<book>
	<filename>shcheglova_irina/shcheglova_irina_svidanie_po_prikolu.fb2.zip</filename>
	<title> Щеглова Ирина. Свидание по приколу</title>
</book>
<book>
	<filename>shcheglova_irina/shcheglova_irina_tanec_solnechnoi_fei.fb2.zip</filename>
	<title> Щеглова Ирина. Танец солнечной феи</title>
</book>
<book>
	<filename>shcheglova_irina/shcheglova_irina_urok_flirta.fb2.zip</filename>
	<title> Щеглова Ирина. Урок флирта</title>
</book>
<book>
	<filename>shcheglova_irina/shcheglova_irina_vodolei_devochkaveter.fb2.zip</filename>
	<title> Щеглова Ирина. Водолей. Девочка-ветер</title>
</book>
<book>
	<filename>shcheglova_irina/shcheglova_irina_yabloko_razdora.fb2.zip</filename>
	<title> Щеглова Ирина. Яблоко раздора</title>
</book>
<book>
	<filename>shcheglova_irina/shcheglova_irina_yekzamen_dlya_fei.fb2.zip</filename>
	<title> Щеглова Ирина. Экзамен для феи</title>
</book>
<book>
	<filename>shcheglov_dmitrii/shcheglov_dmitrii_formula_belmondo.fb2.zip</filename>
	<title> Щеглов Дмитрий. Формула Бельмондо</title>
</book>
<book>
	<filename>shcheglov_dmitrii/shcheglov_dmitrii_karamba_ili_kozya_morda.fb2.zip</filename>
	<title> Щеглов Дмитрий. Карамба, или Козья морда</title>
</book>
<book>
	<filename>shcheglov_dmitrii/shcheglov_dmitrii_kazak_eroshka.fb2.zip</filename>
	<title> Щеглов Дмитрий. Казак Ерошка</title>
</book>
<book>
	<filename>shcheglov_dmitrii/shcheglov_dmitrii_lipkii_killer.fb2.zip</filename>
	<title> Щеглов Дмитрий. Липкий киллер</title>
</book>
<book>
	<filename>shcheglov_dmitrii/shcheglov_dmitrii_meshok_s_neschastyami.fb2.zip</filename>
	<title> Щеглов Дмитрий. Мешок с несчастьями</title>
</book>
<book>
	<filename>shcheglov_dmitrii/shcheglov_dmitrii_naperstochniki.fb2.zip</filename>
	<title> Щеглов Дмитрий. Наперсточники</title>
</book>
<book>
	<filename>shcheglov_dmitrii/shcheglov_dmitrii_princ_chernogo_morya.fb2.zip</filename>
	<title> Щеглов Дмитрий. Принц Черного моря</title>
</book>
<book>
	<filename>shcheglov_dmitrii/shcheglov_dmitrii_sorokonozhka.fb2.zip</filename>
	<title> Щеглов Дмитрий. Сороконожка</title>
</book>
<book>
	<filename>shcheglov_dmitrii/shcheglov_dmitrii_troglodit.fb2.zip</filename>
	<title> Щеглов Дмитрий. Троглодит</title>
</book>
<book>
	<filename>shcheglov_dmitrii/shcheglov_dmitrii_vedro_almazov.fb2.zip</filename>
	<title> Щеглов Дмитрий. Ведро алмазов</title>
</book>
<book>
	<filename>shcheglov_dmitrii/shcheglov_dmitrii_zdravstvui_lyubimaya.fb2.zip</filename>
	<title> Щеглов Дмитрий. Здравствуй, любимая</title>
</book>
<book>
	<filename>shcheglov_dmitrii/shcheglov_dmitrii_zhigolo.fb2.zip</filename>
	<title> Щеглов Дмитрий. Жиголо</title>
</book>
<book>
	<filename>shcheglov_sergei/shcheglov_sergei_bannoi_gory_hozyain.fb2.zip</filename>
	<title> Щеглов Сергей Игоревич. Банной горы хозяин</title>
</book>
<book>
	<filename>shchepanskii_roman/shchepanskii_roman_shpargalka_po_semeinomu_pravu.fb2.zip</filename>
	<title> Щепанский Роман Андреевич. Шпаргалка по семейному праву</title>
</book>
<book>
	<filename>shchepetov_sergei/shchepetov_sergei_klan_mamonta.fb2.zip</filename>
	<title> Щепетов Сергей. Клан Мамонта</title>
</book>
<book>
	<filename>shchepetov_sergei/shchepetov_sergei_lyudi_byka.fb2.zip</filename>
	<title> Щепетов Сергей. Люди Быка</title>
</book>
<book>
	<filename>shchepetov_sergei/shchepetov_sergei_narod_morzha.fb2.zip</filename>
	<title> Щепетов Сергей. Народ Моржа</title>
</book>
<book>
	<filename>shcherbaeva_e/shcherbaeva_e_russkii_yazyk_i_kultura_rechi_shpargalka.fb2.zip</filename>
	<title> Щербаева Е. А. Русский язык и культура речи. Шпаргалка</title>
</book>
<book>
	<filename>shcherbak_i/shcherbak_i_yekonomicheskaya_statistika.fb2.zip</filename>
	<title> Щербак И. А. Экономическая статистика</title>
</book>
<book>
	<filename>shcherbakova_galina/shcherbakova_galina_ah_manya.fb2.zip</filename>
	<title> Щербакова Галина Николаевна. Ах, Маня</title>
</book>
<book>
	<filename>shcherbakova_galina/shcherbakova_galina_aktrisa_i_milicioner_avtorskii_sbornik.fb2.zip</filename>
	<title> Щербакова Галина Николаевна. Актриса и милиционер (авторский сборник)</title>
</book>
<book>
	<filename>shcherbakova_galina/shcherbakova_galina_allochka_i_plotina.fb2.zip</filename>
	<title> Щербакова Галина Николаевна. Аллочка и плотина</title>
</book>
<book>
	<filename>shcherbakova_galina/shcherbakova_galina_angel_mertvogo_ozera.fb2.zip</filename>
	<title> Щербакова Галина Николаевна. Ангел Мертвого озера</title>
</book>
<book>
	<filename>shcherbakova_galina/shcherbakova_galina_babushka_i_stalin.fb2.zip</filename>
	<title> Щербакова Галина Николаевна. Бабушка и Сталин</title>
</book>
<book>
	<filename>shcherbakova_galina/shcherbakova_galina_chelovek_v_futlyare.fb2.zip</filename>
	<title> Щербакова Галина Николаевна. Человек в футляре</title>
</book>
<book>
	<filename>shcherbakova_galina/shcherbakova_galina_chistyi_chetverg.fb2.zip</filename>
	<title> Щербакова Галина Николаевна. Чистый четверг</title>
</book>
<book>
	<filename>shcherbakova_galina/shcherbakova_galina_chuzhaya_beda.fb2.zip</filename>
	<title> Щербакова Галина Николаевна. Чужая беда</title>
</book>
<book>
	<filename>shcherbakova_galina/shcherbakova_galina_dama_s_sobachkoi.fb2.zip</filename>
	<title> Щербакова Галина Николаевна. Дама с собачкой</title>
</book>
<book>
	<filename>shcherbakova_galina/shcherbakova_galina_divny_dela_tvoi_gospodi.fb2.zip</filename>
	<title> Щербакова Галина Николаевна. Дивны дела твои, Господи…</title>
</book>
<book>
	<filename>shcherbakova_galina/shcherbakova_galina_dochki_materi_pticy_i_ostrova.fb2.zip</filename>
	<title> Щербакова Галина Николаевна. Дочки, матери, птицы и острова</title>
</book>
<book>
	<filename>shcherbakova_galina/shcherbakova_galina_dochki_materi_pticy_i_ostrova_sbornik.fb2.zip</filename>
	<title> Щербакова Галина Николаевна. Дочки, матери, птицы и острова (сборник)</title>
</book>
<book>
	<filename>shcherbakova_galina/shcherbakova_galina_dom_s_vitrazhom.fb2.zip</filename>
	<title> Щербакова Галина Николаевна. Дом с витражом</title>
</book>
<book>
	<filename>shcherbakova_galina/shcherbakova_galina_dushechka.fb2.zip</filename>
	<title> Щербакова Галина Николаевна. Душечка</title>
</book>
<book>
	<filename>shcherbakova_galina/shcherbakova_galina_dver.fb2.zip</filename>
	<title> Щербакова Галина Николаевна. Дверь</title>
</book>
<book>
	<filename>shcherbakova_galina/shcherbakova_galina_dver_v_chuzhuyu_zhizn.fb2.zip</filename>
	<title> Щербакова Галина Николаевна. Дверь в чужую жизнь</title>
</book>
<book>
	<filename>shcherbakova_galina/shcherbakova_galina_dyadya_hlor_i_koryakin.fb2.zip</filename>
	<title> Щербакова Галина Николаевна. Дядя Хлор и Корякин</title>
</book>
<book>
	<filename>shcherbakova_galina/shcherbakova_galina_edinstvennaya_nepovtorimaya.fb2.zip</filename>
	<title> Щербакова Галина Николаевна. Единственная, неповторимая…</title>
</book>
<book>
	<filename>shcherbakova_galina/shcherbakova_galina_ei_vo_vred_zhivushaya.fb2.zip</filename>
	<title> Щербакова Галина Николаевна. Ей во вред живущая</title>
</book>
<book>
	<filename>shcherbakova_galina/shcherbakova_galina_god_aleny.fb2.zip</filename>
	<title> Щербакова Галина Николаевна. Год Алены</title>
</book>
<book>
	<filename>shcherbakova_galina/shcherbakova_galina_horoshii_konec.fb2.zip</filename>
	<title> Щербакова Галина Николаевна. Хороший конец</title>
</book>
<book>
	<filename>shcherbakova_galina/shcherbakova_galina_istoriya_v_stile_ryep.fb2.zip</filename>
	<title> Щербакова Галина Николаевна. История в стиле рэп</title>
</book>
<book>
	<filename>shcherbakova_galina/shcherbakova_galina_iz_kryakv.fb2.zip</filename>
	<title> Щербакова Галина Николаевна. Из крякв</title>
</book>
<book>
	<filename>shcherbakova_galina/shcherbakova_galina_kto_iz_vas_general_devochki.fb2.zip</filename>
	<title> Щербакова Галина Николаевна. Кто из вас генерал, девочки?</title>
</book>
<book>
	<filename>shcherbakova_galina/shcherbakova_galina_kto_iz_vas_general_devochki_sbornik.fb2.zip</filename>
	<title> Щербакова Галина Николаевна. Кто из вас генерал, девочки? (сборник)</title>
</book>
<book>
	<filename>shcherbakova_galina/shcherbakova_galina_lizonka_i_vse_ostalnye.fb2.zip</filename>
	<title> Щербакова Галина Николаевна. Лизонька и все остальные</title>
</book>
<book>
	<filename>shcherbakova_galina/shcherbakova_galina_loshadinaya_familiya.fb2.zip</filename>
	<title> Щербакова Галина Николаевна. Лошадиная фамилия</title>
</book>
<book>
	<filename>shcherbakova_galina/shcherbakova_galina_lovestoriya.fb2.zip</filename>
	<title> Щербакова Галина Николаевна. LOVEстория</title>
</book>
<book>
	<filename>shcherbakova_galina/shcherbakova_galina_mandarinovyi_god.fb2.zip</filename>
	<title> Щербакова Галина Николаевна. Мандариновый год</title>
</book>
<book>
	<filename>shcherbakova_galina/shcherbakova_galina_metka_lilit.fb2.zip</filename>
	<title> Щербакова Галина Николаевна. Метка Лилит</title>
</book>
<book>
	<filename>shcherbakova_galina/shcherbakova_galina_na_hramovoi_gore.fb2.zip</filename>
	<title> Щербакова Галина Николаевна. На храмовой горе</title>
</book>
<book>
	<filename>shcherbakova_galina/shcherbakova_galina_nashe_nishenstvo.fb2.zip</filename>
	<title> Щербакова Галина Николаевна. Наше нищенство</title>
</book>
<book>
	<filename>shcherbakova_galina/shcherbakova_galina_neskvernye_cvety.fb2.zip</filename>
	<title> Щербакова Галина Николаевна. Нескверные цветы</title>
</book>
<book>
	<filename>shcherbakova_galina/shcherbakova_galina_nesnyatoe_kino.fb2.zip</filename>
	<title> Щербакова Галина Николаевна. Неснятое кино</title>
</book>
<book>
	<filename>shcherbakova_galina/shcherbakova_galina_nevidimye_miru_slezy.fb2.zip</filename>
	<title> Щербакова Галина Николаевна. Невидимые миру слезы</title>
</book>
<book>
	<filename>shcherbakova_galina/shcherbakova_galina_otchayannaya_osen.fb2.zip</filename>
	<title> Щербакова Галина Николаевна. Отчаянная осень</title>
</book>
<book>
	<filename>shcherbakova_galina/shcherbakova_galina_otvrashenie.fb2.zip</filename>
	<title> Щербакова Галина Николаевна. Отвращение</title>
</book>
<book>
	<filename>shcherbakova_galina/shcherbakova_galina_perezagruz.fb2.zip</filename>
	<title> Щербакова Галина Николаевна. Перезагруз</title>
</book>
<book>
	<filename>shcherbakova_galina/shcherbakova_galina_po_imeni_anna.fb2.zip</filename>
	<title> Щербакова Галина Николаевна. ...По имени Анна</title>
</book>
<book>
	<filename>shcherbakova_galina/shcherbakova_galina_prichuda_zhizni_vremya_gorbacheva_i_do_nego.fb2.zip</filename>
	<title> Щербакова Галина Николаевна. Причуда жизни. Время Горбачева и до него</title>
</book>
<book>
	<filename>shcherbakova_galina/shcherbakova_galina_proshlo_i_yeto.fb2.zip</filename>
	<title> Щербакова Галина Николаевна. Прошло и это</title>
</book>
<book>
	<filename>shcherbakova_galina/shcherbakova_galina_razgovor_cheloveka_s_sobakoi.fb2.zip</filename>
	<title> Щербакова Галина Николаевна. Разговор человека с собакой</title>
</book>
<book>
	<filename>shcherbakova_galina/shcherbakova_galina_realisty_i_zhloby.fb2.zip</filename>
	<title> Щербакова Галина Николаевна. Реалисты и жлобы</title>
</book>
<book>
	<filename>shcherbakova_galina/shcherbakova_galina_rol_pisatelya_pecuha_v_zhizni_prodavshicy_kolbasy_vali_veretennikovoi.fb2.zip</filename>
	<title> Щербакова Галина Николаевна. Роль писателя Пьецуха в жизни продавщицы колбасы Вали Веретенниковой</title>
</book>
<book>
	<filename>shcherbakova_galina/shcherbakova_galina_romantiki_i_realisty.fb2.zip</filename>
	<title> Щербакова Галина Николаевна. Романтики и реалисты</title>
</book>
<book>
	<filename>shcherbakova_galina/shcherbakova_galina_sentimentalnyi_potop.fb2.zip</filename>
	<title> Щербакова Галина Николаевна. Сентиментальный потоп</title>
</book>
<book>
	<filename>shcherbakova_galina/shcherbakova_galina_shla_i_smeyalas_shla_i_smeyalas.fb2.zip</filename>
	<title> Щербакова Галина Николаевна. Шла и смеялась, шла и смеялась…</title>
</book>
<book>
	<filename>shcherbakova_galina/shcherbakova_galina_skelet_v_shkafu.fb2.zip</filename>
	<title> Щербакова Галина Николаевна. Скелет в шкафу</title>
</book>
<book>
	<filename>shcherbakova_galina/shcherbakova_galina_sluchai_s_kuzmenko.fb2.zip</filename>
	<title> Щербакова Галина Николаевна. Случай с Кузьменко</title>
</book>
<book>
	<filename>shcherbakova_galina/shcherbakova_galina_smert_chinovnika.fb2.zip</filename>
	<title> Щербакова Галина Николаевна. Смерть чиновника</title>
</book>
<book>
	<filename>shcherbakova_galina/shcherbakova_galina_sneg_k_dobru.fb2.zip</filename>
	<title> Щербакова Галина Николаевна. Снег к добру</title>
</book>
<book>
	<filename>shcherbakova_galina/shcherbakova_galina_spartanki_blin.fb2.zip</filename>
	<title> Щербакова Галина Николаевна. Спартанки... блин...</title>
</book>
<book>
	<filename>shcherbakova_galina/shcherbakova_galina_spat_hochetsya.fb2.zip</filename>
	<title> Щербакова Галина Николаевна. Спать хочется</title>
</book>
<book>
	<filename>shcherbakova_galina/shcherbakova_galina_sprava_ostavalsya_gorodok.fb2.zip</filename>
	<title> Щербакова Галина Николаевна. Справа оставался городок</title>
</book>
<book>
	<filename>shcherbakova_galina/shcherbakova_galina_stena.fb2.zip</filename>
	<title> Щербакова Галина Николаевна. Стена</title>
</book>
<book>
	<filename>shcherbakova_galina/shcherbakova_galina_step_izrailskaya.fb2.zip</filename>
	<title> Щербакова Галина Николаевна. Степь израильская</title>
</book>
<book>
	<filename>shcherbakova_galina/shcherbakova_galina_step_russkaya.fb2.zip</filename>
	<title> Щербакова Галина Николаевна. Степь русская</title>
</book>
<book>
	<filename>shcherbakova_galina/shcherbakova_galina_step_ukrainskaya.fb2.zip</filename>
	<title> Щербакова Галина Николаевна. Степь украинская</title>
</book>
<book>
	<filename>shcherbakova_galina/shcherbakova_galina_svadba_s_generalom.fb2.zip</filename>
	<title> Щербакова Галина Николаевна. Свадьба с генералом</title>
</book>
<book>
	<filename>shcherbakova_galina/shcherbakova_galina_tipa_posleslovie_kotoroe_posle_no_i_do_odnovremenno.fb2.zip</filename>
	<title> Щербакова Галина Николаевна. Типа послесловие, которое после, но и до одновременно</title>
</book>
<book>
	<filename>shcherbakova_galina/shcherbakova_galina_tolstyi_i_tonkii.fb2.zip</filename>
	<title> Щербакова Галина Николаевна. Толстый и тонкий</title>
</book>
<book>
	<filename>shcherbakova_galina/shcherbakova_galina_toska.fb2.zip</filename>
	<title> Щербакова Галина Николаевна. Тоска</title>
</book>
<book>
	<filename>shcherbakova_galina/shcherbakova_galina_trem_devushkam_kanut.fb2.zip</filename>
	<title> Щербакова Галина Николаевна. Трем девушкам кануть</title>
</book>
<book>
	<filename>shcherbakova_galina/shcherbakova_galina_tri_lyubvi_mashi_peredreevoi.fb2.zip</filename>
	<title> Щербакова Галина Николаевна. Три любви Маши Передреевой</title>
</book>
<book>
	<filename>shcherbakova_galina/shcherbakova_galina_troe_v_dome_ne_schitaya_sobaki.fb2.zip</filename>
	<title> Щербакова Галина Николаевна. Трое в доме, не считая собаки</title>
</book>
<book>
	<filename>shcherbakova_galina/shcherbakova_galina_troe_v_dome_ne_schitaya_sobaki_sbornik.fb2.zip</filename>
	<title> Щербакова Галина Николаевна. Трое в доме, не считая собаки (сборник)</title>
</book>
<book>
	<filename>shcherbakova_galina/shcherbakova_galina_unter_prishibeev.fb2.zip</filename>
	<title> Щербакова Галина Николаевна. Унтер Пришибеев</title>
</book>
<book>
	<filename>shcherbakova_galina/shcherbakova_galina_utkomest_ili_molenie_o_eve.fb2.zip</filename>
	<title> Щербакова Галина Николаевна. Уткоместь, или Моление о Еве</title>
</book>
<book>
	<filename>shcherbakova_galina/shcherbakova_galina_vanka.fb2.zip</filename>
	<title> Щербакова Галина Николаевна. Ванька</title>
</book>
<book>
	<filename>shcherbakova_galina/shcherbakova_galina_vecher_byl.fb2.zip</filename>
	<title> Щербакова Галина Николаевна. Вечер был...</title>
</book>
<book>
	<filename>shcherbakova_galina/shcherbakova_galina_vozvrashenie_na_zemlyu.fb2.zip</filename>
	<title> Щербакова Галина Николаевна. Возвращение на землю</title>
</book>
<book>
	<filename>shcherbakova_galina/shcherbakova_galina_vremya_landshaftnyh_dizainov.fb2.zip</filename>
	<title> Щербакова Галина Николаевна. Время ландшафтных дизайнов</title>
</book>
<book>
	<filename>shcherbakova_galina/shcherbakova_galina_vspomnit_nelzya_zabyt.fb2.zip</filename>
	<title> Щербакова Галина Николаевна. Вспомнить нельзя забыть</title>
</book>
<book>
	<filename>shcherbakova_galina/shcherbakova_galina_yashkiny_deti_chehovskie_geroi_v_xxi_veke_sbornik.fb2.zip</filename>
	<title> Щербакова Галина Николаевна. Яшкины дети. Чеховские герои в XXI веке (сборник)</title>
</book>
<book>
	<filename>shcherbakova_galina/shcherbakova_galina_yashkiny_deti.fb2.zip</filename>
	<title> Щербакова Галина Николаевна. Яшкины дети</title>
</book>
<book>
	<filename>shcherbakova_galina/shcherbakova_galina_yemigraciya_porussku.fb2.zip</filename>
	<title> Щербакова Галина Николаевна. Эмиграция по-русску…</title>
</book>
<book>
	<filename>shcherbakova_galina/shcherbakova_galina_zhenshina_iz_proshlogo.fb2.zip</filename>
	<title> Щербакова Галина Николаевна. Женщина из прошлого</title>
</book>
<book>
	<filename>shcherbakova_galina/shcherbakova_galina_zhizn_prekrasna.fb2.zip</filename>
	<title> Щербакова Галина Николаевна. Жизнь прекрасна!</title>
</book>
<book>
	<filename>shcherbakova_mariya/shcherbakova_mariya_dzheikob_arabo.fb2.zip</filename>
	<title> Щербакова Мария. Джейкоб Арабо</title>
</book>
<book>
	<filename>shcherbakova_mariya/shcherbakova_mariya_ingvar_kamprad.fb2.zip</filename>
	<title> Щербакова Мария. Ингвар Кампрад</title>
</book>
<book>
	<filename>shcherbakova_mariya/shcherbakova_mariya_karl_byuler.fb2.zip</filename>
	<title> Щербакова Мария. Карл Бюлер</title>
</book>
<book>
	<filename>shcherbakova_mariya/shcherbakova_mariya_saimon_gerbert_aleksander.fb2.zip</filename>
	<title> Щербакова Мария. Саймон, Герберт Александер</title>
</book>
<book>
	<filename>shcherbakova_mariya/shcherbakova_mariya_yenco_ferrari.fb2.zip</filename>
	<title> Щербакова Мария. Энцо Феррари</title>
</book>
<book>
	<filename>shcherba_natalya/shcherba_natalya_antiprizma.fb2.zip</filename>
	<title> Щерба Наталья Васильевна. Антипризма</title>
</book>
<book>
	<filename>shcherba_natalya/shcherba_natalya_astrogradov_klyuch.fb2.zip</filename>
	<title> Щерба Наталья Васильевна. Астроградов Ключ</title>
</book>
<book>
	<filename>shcherba_natalya/shcherba_natalya_byt_vedmoi.fb2.zip</filename>
	<title> Щерба Наталья Васильевна. Быть ведьмой</title>
</book>
<book>
	<filename>shcherba_natalya/shcherba_natalya_charana.fb2.zip</filename>
	<title> Щерба Наталья Васильевна. Чарана</title>
</book>
<book>
	<filename>shcherba_natalya/shcherba_natalya_cvety_zhelaniya_i_domino.fb2.zip</filename>
	<title> Щерба Наталья Васильевна. Цветы, желания и домино</title>
</book>
<book>
	<filename>shcherba_natalya/shcherba_natalya_dvulikaya_noch.fb2.zip</filename>
	<title> Щерба Наталья Васильевна. Двуликая ночь</title>
</book>
<book>
	<filename>shcherba_natalya/shcherba_natalya_feyaispolnyayushayazhelaniya.fb2.zip</filename>
	<title> Щерба Наталья Васильевна. Фея-Исполняющая-Желания</title>
</book>
<book>
	<filename>shcherba_natalya/shcherba_natalya_klacklacyk_i_gospozha_merzlotta.fb2.zip</filename>
	<title> Щерба Наталья Васильевна. Клац-клацык и Госпожа Мерзлотта</title>
</book>
<book>
	<filename>shcherba_natalya/shcherba_natalya_kotam_s_klyuchom_v_zubah_ne_doveryaite.fb2.zip</filename>
	<title> Щерба Наталья Васильевна. Котам, с ключом в зубах, не доверяйте</title>
</book>
<book>
	<filename>shcherba_natalya/shcherba_natalya_krasota_v_simmetrii.fb2.zip</filename>
	<title> Щерба Наталья Васильевна. Красота в симметрии</title>
</book>
<book>
	<filename>shcherba_natalya/shcherba_natalya_kto_postavil_shram_garri_potteru.fb2.zip</filename>
	<title> Щерба Наталья Васильевна. Кто поставил шрам Гарри Поттеру?</title>
</book>
<book>
	<filename>shcherba_natalya/shcherba_natalya_lichnyi_mir.fb2.zip</filename>
	<title> Щерба Наталья Васильевна. Личный Мир</title>
</book>
<book>
	<filename>shcherba_natalya/shcherba_natalya_lisa_cvety_i_krasota.fb2.zip</filename>
	<title> Щерба Наталья Васильевна. Лиса, цветы и красота</title>
</book>
<book>
	<filename>shcherba_natalya/shcherba_natalya_lovushka_dlya_zvyozd.fb2.zip</filename>
	<title> Щерба Наталья Васильевна. Ловушка для звёзд</title>
</book>
<book>
	<filename>shcherba_natalya/shcherba_natalya_selestina.fb2.zip</filename>
	<title> Щерба Наталья Васильевна. Селестина</title>
</book>
<book>
	<filename>shcherba_natalya/shcherba_natalya_serdce_zamka_forhedlin.fb2.zip</filename>
	<title> Щерба Наталья Васильевна. Сердце замка Форхедлин</title>
</book>
<book>
	<filename>shcherba_natalya/shcherba_natalya_sobiratel_dush.fb2.zip</filename>
	<title> Щерба Наталья Васильевна. Собиратель душ</title>
</book>
<book>
	<filename>shcherba_natalya/shcherba_natalya_solka_tyomnaya_feya.fb2.zip</filename>
	<title> Щерба Наталья Васильевна. Солька – тёмная фея</title>
</book>
<book>
	<filename>shcherba_natalya/shcherba_natalya_sovet_dlya_kukly.fb2.zip</filename>
	<title> Щерба Наталья Васильевна. Совет для куклы</title>
</book>
<book>
	<filename>shcherba_natalya/shcherba_natalya_vedmochka.fb2.zip</filename>
	<title> Щерба Наталья Васильевна. Ведьмочка</title>
</book>
<book>
	<filename>shcherba_natalya/shcherba_natalya_vrag_i_soyuznik.fb2.zip</filename>
	<title> Щерба Наталья Васильевна. Враг и союзник</title>
</book>
<book>
	<filename>shcherbatyh_yurii/shcherbatyh_yurii_psihologiya_lyubvi_i_seksa_populyarnaya_yenciklopediya.fb2.zip</filename>
	<title> Щербатых Юрий Викторович. Психология любви и секса. Популярная энциклопедия</title>
</book>
<book>
	<filename>shcherbatyh_yurii/shcherbatyh_yurii_sem_smertnyh_grehov_ili_psihologiya_poroka_dlya_veruyushih_i_neveruyushih.fb2.zip</filename>
	<title> Щербатых Юрий Викторович. Семь смертных грехов, или Психология порока для верующих и неверующих</title>
</book>
<book>
	<filename>shcherbina_lidiya/shcherbina_lidiya_istoriya_yekonomiki_konspekt_lekcii.fb2.zip</filename>
	<title> Щербина Лидия Владимировна. История экономики: конспект лекций</title>
</book>
<book>
	<filename>shcherbina_lidiya/shcherbina_lidiya_obshaya_teoriya_statistiki.fb2.zip</filename>
	<title> Щербина Лидия Владимировна. Общая теория статистики</title>
</book>
<book>
	<filename>shchupov_andrei/shchupov_andrei_deti_hlebnyh_vremen.fb2.zip</filename>
	<title> Щупов Андрей. Дети хлебных времен</title>
</book>
<book>
	<filename>shchupov_andrei/shchupov_andrei_ditya_plazmy.fb2.zip</filename>
	<title> Щупов Андрей. Дитя Плазмы</title>
</book>
<book>
	<filename>shchupov_andrei/shchupov_andrei_na_gemme.fb2.zip</filename>
	<title> Щупов Андрей. На Гемме</title>
</book>
<book>
	<filename>shchupov_andrei/shchupov_andrei_okkupaciya.fb2.zip</filename>
	<title> Щупов Андрей. Оккупация</title>
</book>
<book>
	<filename>shchupov_andrei/shchupov_andrei_poezd_noya.fb2.zip</filename>
	<title> Щупов Андрей. Поезд Ноя</title>
</book>
<book>
	<filename>shchupov_andrei/shchupov_andrei_priglashenie_v_ad.fb2.zip</filename>
	<title> Щупов Андрей. Приглашение в Ад</title>
</book>
<book>
	<filename>shchupov_andrei/shchupov_andrei_pryzhok_yashera.fb2.zip</filename>
	<title> Щупов Андрей. Прыжок Ящера</title>
</book>
<book>
	<filename>shchupov_andrei/shchupov_andrei_sonnik_inversanta.fb2.zip</filename>
	<title> Щупов Андрей. Сонник Инверсанта</title>
</book>
<book>
	<filename>shchupov_andrei/shchupov_andrei_tost_za_palacha.fb2.zip</filename>
	<title> Щупов Андрей. Тост за Палача</title>
</book>
<book>
	<filename>shchyogolev_aleksandr/shchyogolev_aleksandr_agent_ivan_zhilin.fb2.zip</filename>
	<title> Щёголев Александр Геннадьевич. Агент Иван Жилин</title>
</book>
<book>
	<filename>shchyogolev_aleksandr/shchyogolev_aleksandr_hozyain.fb2.zip</filename>
	<title> Щёголев Александр Геннадьевич. Хозяин</title>
</book>
<book>
	<filename>shchyogolev_aleksandr/shchyogolev_aleksandr_kak_zakalyalas_zhest.fb2.zip</filename>
	<title> Щёголев Александр Геннадьевич. Как закалялась жесть</title>
</book>
<book>
	<filename>shchyogolev_aleksandr/shchyogolev_aleksandr_lyubov_zverya.fb2.zip</filename>
	<title> Щёголев Александр Геннадьевич. Любовь зверя</title>
</book>
<book>
	<filename>shchyogolev_aleksandr/shchyogolev_aleksandr_mol.fb2.zip</filename>
	<title> Щёголев Александр Геннадьевич. Моль</title>
</book>
<book>
	<filename>shchyogolev_aleksandr/shchyogolev_aleksandr_noch_pridumannaya_kemto.fb2.zip</filename>
	<title> Щёголев Александр Геннадьевич. Ночь, придуманная кем-то</title>
</book>
<book>
	<filename>shchyogolev_aleksandr/shchyogolev_aleksandr_otrava_s_privkusom_dzen.fb2.zip</filename>
	<title> Щёголев Александр Геннадьевич. Отрава с привкусом дзен</title>
</book>
<book>
	<filename>shchyogolev_aleksandr/shchyogolev_aleksandr_rab.fb2.zip</filename>
	<title> Щёголев Александр Геннадьевич. Раб</title>
</book>
<book>
	<filename>shchyogolev_aleksandr/shchyogolev_aleksandr_reka.fb2.zip</filename>
	<title> Щёголев Александр Геннадьевич. Река</title>
</book>
<book>
	<filename>shchyogolev_aleksandr/shchyogolev_aleksandr_sumerki.fb2.zip</filename>
	<title> Щёголев Александр Геннадьевич. Сумерки</title>
</book>
<book>
	<filename>shchyogolev_aleksandr/shchyogolev_aleksandr_vat_mashu.fb2.zip</filename>
	<title> Щёголев Александр Геннадьевич. Вать машу!</title>
</book>
<book>
	<filename>shedrovickii_dmitrii/shedrovickii_dmitrii_besedy_o_knige_iova.fb2.zip</filename>
	<title> Щедровицкий Дмитрий Владимирович. Беседы о Книге Иова</title>
</book>
<book>
	<filename>shedrovickii_dmitrii/shedrovickii_dmitrii_iz_vosmi_knig.fb2.zip</filename>
	<title> Щедровицкий Дмитрий Владимирович. Из восьми книг</title>
</book>
<book>
	<filename>shedrovickii_dmitrii/shedrovickii_dmitrii_prorochestva_knigi_daniila_597_god_do_nye_2240_god_nye.fb2.zip</filename>
	<title> Щедровицкий Дмитрий Владимирович. Пророчества Книги Даниила. 597 год до н.э. – 2240 год н.э.</title>
</book>
<book>
	<filename>shedrovickii_dmitrii/shedrovickii_dmitrii_siyayushii_koran_vzglyad_bibleista.fb2.zip</filename>
	<title> Щедровицкий Дмитрий Владимирович. Сияющий Коран. Взгляд библеиста</title>
</book>
<book>
	<filename>shedrovickii_dmitrii/shedrovickii_dmitrii_vvedenie_v_vethii_zavet_kniga_bytiya.fb2.zip</filename>
	<title> Щедровицкий Дмитрий Владимирович. Введение в Ветхий Завет. Книга Бытия</title>
</book>
<book>
	<filename>sheglov_dmitrii/sheglov_dmitrii_oligarh_s_rublevki.fb2.zip</filename>
	<title> Щеглов Дмитрий. Олигарх с Рублевки</title>
</book>
<book>
	<filename>sheglov_dmitrii/sheglov_dmitrii_prikolnaya_istoriya.fb2.zip</filename>
	<title> Щеглов Дмитрий. Прикольная история</title>
</book>
<book>
	<filename>sheglov_dmitrii/sheglov_dmitrii_royal_v_kustah.fb2.zip</filename>
	<title> Щеглов Дмитрий. Рояль в кустах</title>
</book>


</books>

