<?xml version="1.0" encoding="UTF-8" ?>
<books>

<book>
	<filename>zhabinskii_aleksandr/zhabinskii_aleksandr_drugaya_istoriya_voin_ot_palok_do_bombard.fb2.zip</filename>
	<title> Жабинский Александр Михайлович. Другая история войн. От палок до бомбард</title>
</book>
<book>
	<filename>zhakov_lev/zhakov_lev_akvalon.fb2.zip</filename>
	<title> Жаков Лев. Аквалон</title>
</book>
<book>
	<filename>zhakov_lev/zhakov_lev_beshenstvo_nebes.fb2.zip</filename>
	<title> Жаков Лев. Бешенство небес</title>
</book>
<book>
	<filename>zhakov_lev/zhakov_lev_drugoe_prityazhenie.fb2.zip</filename>
	<title> Жаков Лев. Другое притяжение</title>
</book>
<book>
	<filename>zhakov_lev/zhakov_lev_dyrka_v_oboyah.fb2.zip</filename>
	<title> Жаков Лев. Дырка в обоях</title>
</book>
<book>
	<filename>zhalpanova_liniza/zhalpanova_liniza_amerikanskii_staffordshirskii_terer.fb2.zip</filename>
	<title> Жалпанова Линиза Жувановна. Американский стаффордширский терьер</title>
</book>
<book>
	<filename>zhalpanova_liniza/zhalpanova_liniza_bereza_recepty_lekarstvennyh_sredstv.fb2.zip</filename>
	<title> Жалпанова Линиза Жувановна. Береза. Рецепты лекарственных средств</title>
</book>
<book>
	<filename>zhalpanova_liniza/zhalpanova_liniza_chihuahua.fb2.zip</filename>
	<title> Жалпанова Линиза Жувановна. Чихуахуа</title>
</book>
<book>
	<filename>zhalpanova_liniza/zhalpanova_liniza_diety_kotorye_nas_ubivayut.fb2.zip</filename>
	<title> Жалпанова Линиза Жувановна. Диеты, которые нас убивают</title>
</book>
<book>
	<filename>zhalpanova_liniza/zhalpanova_liniza_golubi.fb2.zip</filename>
	<title> Жалпанова Линиза Жувановна. Голуби</title>
</book>
<book>
	<filename>zhalpanova_liniza/zhalpanova_liniza_gostinaya.fb2.zip</filename>
	<title> Жалпанова Линиза Жувановна. Гостиная</title>
</book>
<book>
	<filename>zhalpanova_liniza/zhalpanova_liniza_kanareiki.fb2.zip</filename>
	<title> Жалпанова Линиза Жувановна. Канарейки</title>
</book>
<book>
	<filename>zhalpanova_liniza/zhalpanova_liniza_kefirnaya_i_kislomolochnaya_diety_pohudenie_omolozhenie_zdorovoe_pitanie.fb2.zip</filename>
	<title> Жалпанова Линиза Жувановна. Кефирная и кисломолочная диеты. Похудение, омоложение, здоровое питание</title>
</book>
<book>
	<filename>zhalpanova_liniza/zhalpanova_liniza_konservirovanie_kopchenie_vinodelie.fb2.zip</filename>
	<title> Жалпанова Линиза Жувановна. Консервирование, копчение, виноделие</title>
</book>
<book>
	<filename>zhalpanova_liniza/zhalpanova_liniza_kulinarnaya_knigakalendar_pravoslavnyh_postov_kalendar_istoriya_recepty_menyu.fb2.zip</filename>
	<title> Жалпанова Линиза Жувановна. Кулинарная книга-календарь православных постов. Календарь, история, рецепты, меню</title>
</book>
<book>
	<filename>zhalpanova_liniza/zhalpanova_liniza_kvashenaya_kapusta_recepty_zdorovya_i_krasoty.fb2.zip</filename>
	<title> Жалпанова Линиза Жувановна. Квашеная капуста – рецепты здоровья и красоты</title>
</book>
<book>
	<filename>zhalpanova_liniza/zhalpanova_liniza_lechenie_aktivirovannym_uglem.fb2.zip</filename>
	<title> Жалпанова Линиза Жувановна. Лечение активированным углем</title>
</book>
<book>
	<filename>zhalpanova_liniza/zhalpanova_liniza_lechenie_gemorroya_narodnye_sredstva.fb2.zip</filename>
	<title> Жалпанова Линиза Жувановна. Лечение геморроя. Народные средства</title>
</book>
<book>
	<filename>zhalpanova_liniza/zhalpanova_liniza_lechenie_rakovyh_opuholei_narodnymi_sredstvami.fb2.zip</filename>
	<title> Жалпанова Линиза Жувановна. Лечение раковых опухолей народными средствами</title>
</book>
<book>
	<filename>zhalpanova_liniza/zhalpanova_liniza_lekarstva_kotorye_vas_ubivayut.fb2.zip</filename>
	<title> Жалпанова Линиза Жувановна. Лекарства, которые вас убивают</title>
</book>
<book>
	<filename>zhalpanova_liniza/zhalpanova_liniza_oficialnyi_priem.fb2.zip</filename>
	<title> Жалпанова Линиза Жувановна. Официальный прием</title>
</book>
<book>
	<filename>zhalpanova_liniza/zhalpanova_liniza_perekis_vodoroda_pri_vashei_bolezni.fb2.zip</filename>
	<title> Жалпанова Линиза Жувановна. Перекись водорода при вашей болезни</title>
</book>
<book>
	<filename>zhalpanova_liniza/zhalpanova_liniza_persidskie_koshki.fb2.zip</filename>
	<title> Жалпанова Линиза Жувановна. Персидские кошки</title>
</book>
<book>
	<filename>zhalpanova_liniza/zhalpanova_liniza_pitbulterer.fb2.zip</filename>
	<title> Жалпанова Линиза Жувановна. Питбультерьер</title>
</book>
<book>
	<filename>zhalpanova_liniza/zhalpanova_liniza_popugainerazluchniki.fb2.zip</filename>
	<title> Жалпанова Линиза Жувановна. Попугаи-неразлучники</title>
</book>
<book>
	<filename>zhalpanova_liniza/zhalpanova_liniza_produkty_kotorye_vas_ubivayut.fb2.zip</filename>
	<title> Жалпанова Линиза Жувановна. Продукты, которые вас убивают</title>
</book>
<book>
	<filename>zhalpanova_liniza/zhalpanova_liniza_soblaznitelnye_kokteili_na_lyuboi_vkus.fb2.zip</filename>
	<title> Жалпанова Линиза Жувановна. Соблазнительные коктейли на любой вкус</title>
</book>
<book>
	<filename>zhalpanova_liniza/zhalpanova_liniza_sport_kotoryi_vas_ubivaet.fb2.zip</filename>
	<title> Жалпанова Линиза Жувановна. Спорт, который вас убивает</title>
</book>
<book>
	<filename>zhalpanova_liniza/zhalpanova_liniza_v_cerkvi.fb2.zip</filename>
	<title> Жалпанова Линиза Жувановна. В церкви</title>
</book>
<book>
	<filename>zharova_ivanna/zharova_ivanna_izambar_istoriya_pryamodushnogo_geniya.fb2.zip</filename>
	<title> Жарова Иванна. Изамбар. История прямодушного гения</title>
</book>
<book>
	<filename>zhavoronkova_aleksandra/zhavoronkova_aleksandra_shpargalka_po_filosofii.fb2.zip</filename>
	<title> Жаворонкова Александра Сергеевна. Шпаргалка по философии</title>
</book>
<book>
	<filename>zhavoronkova_natalya/zhavoronkova_natalya_unikum.fb2.zip</filename>
	<title> Жаворонкова Наталья. Уникум</title>
</book>
<book>
	<filename>zhdanova_tamara/zhdanova_tamara_lenivyi_marketing_principy_passivnyh_prodazh.fb2.zip</filename>
	<title> Жданова Тамара Сергеевна. Ленивый маркетинг. Принципы пассивных продаж</title>
</book>
<book>
	<filename>zheltovskaya_lyubov/zheltovskaya_lyubov_obchuchenie_v_4m_klasse_po_uchebniku_russkii_yazyk_l_ya_zheltovskoi.fb2.zip</filename>
	<title> Желтовская Любовь Яковлевна. Обчучение в 4-м классе по учебнику «Русский язык» Л. Я. Желтовской</title>
</book>
<book>
	<filename>zhelyazny_rodzher/zhelyazny_rodzher_master_snov.fb2.zip</filename>
	<title> Желязны Роджер. Мастер снов</title>
</book>
<book>
	<filename>zhidkova_olga/zhidkova_olga_medicinskaya_statistika.fb2.zip</filename>
	<title> Жидкова Ольга Ивановна. Медицинская статистика</title>
</book>
<book>
	<filename>zhidkova_olga/zhidkova_olga_medicinskaya_statistika_konspekt_lekcii.fb2.zip</filename>
	<title> Жидкова Ольга Ивановна. Медицинская статистика: конспект лекций</title>
</book>
<book>
	<filename>zhidkova_olga/zhidkova_olga_travmatologiya_i_ortopediya.fb2.zip</filename>
	<title> Жидкова Ольга Ивановна. Травматология и ортопедия</title>
</book>
<book>
	<filename>zhidkova_olga/zhidkova_olga_travmatologiya_i_ortopediya_konspekt_lekcii.fb2.zip</filename>
	<title> Жидкова Ольга Ивановна. Травматология и ортопедия: конспект лекций</title>
</book>
<book>
	<filename>zhitinskii_aleksandr/zhitinskii_aleksandr_agnus_dei.fb2.zip</filename>
	<title> Житинский Александр Николаевич. Agnus Dei</title>
</book>
<book>
	<filename>zhitinskii_aleksandr/zhitinskii_aleksandr_baryshnyakrestyanka.fb2.zip</filename>
	<title> Житинский Александр Николаевич. Барышня-крестьянка</title>
</book>
<book>
	<filename>zhitinskii_aleksandr/zhitinskii_aleksandr_bendzhi.fb2.zip</filename>
	<title> Житинский Александр Николаевич. Бенджи</title>
</book>
<book>
	<filename>zhitinskii_aleksandr/zhitinskii_aleksandr_chasy_s_variantami.fb2.zip</filename>
	<title> Житинский Александр Николаевич. Часы с вариантами</title>
</book>
<book>
	<filename>zhitinskii_aleksandr/zhitinskii_aleksandr_fignya.fb2.zip</filename>
	<title> Житинский Александр Николаевич. Фигня</title>
</book>
<book>
	<filename>zhitinskii_aleksandr/zhitinskii_aleksandr_fignya_sbornik.fb2.zip</filename>
	<title> Житинский Александр Николаевич. Фигня (сборник)</title>
</book>
<book>
	<filename>zhitinskii_aleksandr/zhitinskii_aleksandr_filial.fb2.zip</filename>
	<title> Житинский Александр Николаевич. Филиал</title>
</book>
<book>
	<filename>zhitinskii_aleksandr/zhitinskii_aleksandr_geisha.fb2.zip</filename>
	<title> Житинский Александр Николаевич. Гейша</title>
</book>
<book>
	<filename>zhitinskii_aleksandr/zhitinskii_aleksandr_glagol_inzhener.fb2.zip</filename>
	<title> Житинский Александр Николаевич. Глагол «инженер»</title>
</book>
<book>
	<filename>zhitinskii_aleksandr/zhitinskii_aleksandr_golosa.fb2.zip</filename>
	<title> Житинский Александр Николаевич. Голоса</title>
</book>
<book>
	<filename>zhitinskii_aleksandr/zhitinskii_aleksandr_gosudar_vseya_seti.fb2.zip</filename>
	<title> Житинский Александр Николаевич. Государь всея Сети</title>
</book>
<book>
	<filename>zhitinskii_aleksandr/zhitinskii_aleksandr_heops_i_nefertiti.fb2.zip</filename>
	<title> Житинский Александр Николаевич. Хеопс и Нефертити</title>
</book>
<book>
	<filename>zhitinskii_aleksandr/zhitinskii_aleksandr_hranitel_planety.fb2.zip</filename>
	<title> Житинский Александр Николаевич. Хранитель планеты</title>
</book>
<book>
	<filename>zhitinskii_aleksandr/zhitinskii_aleksandr_igra_v_sobaku.fb2.zip</filename>
	<title> Житинский Александр Николаевич. Игра в собаку</title>
</book>
<book>
	<filename>zhitinskii_aleksandr/zhitinskii_aleksandr_kamennoe_lico.fb2.zip</filename>
	<title> Житинский Александр Николаевич. Каменное лицо</title>
</book>
<book>
	<filename>zhitinskii_aleksandr/zhitinskii_aleksandr_kitaiskaya_mysh.fb2.zip</filename>
	<title> Житинский Александр Николаевич. Китайская мышь</title>
</book>
<book>
	<filename>zhitinskii_aleksandr/zhitinskii_aleksandr_na_holmah_misuno.fb2.zip</filename>
	<title> Житинский Александр Николаевич. На холмах Мисуно</title>
</book>
<book>
	<filename>zhitinskii_aleksandr/zhitinskii_aleksandr_ne_uezzhai_ty_moi_golubchik.fb2.zip</filename>
	<title> Житинский Александр Николаевич. Не уезжай ты, мой голубчик!</title>
</book>
<book>
	<filename>zhitinskii_aleksandr/zhitinskii_aleksandr_opaseniya.fb2.zip</filename>
	<title> Житинский Александр Николаевич. Опасения</title>
</book>
<book>
	<filename>zhitinskii_aleksandr/zhitinskii_aleksandr_parallelnyi_malchik_sbornik.fb2.zip</filename>
	<title> Житинский Александр Николаевич. Параллельный мальчик (сборник)</title>
</book>
<book>
	<filename>zhitinskii_aleksandr/zhitinskii_aleksandr_pesn_torzhestvuyushei_lyubvi.fb2.zip</filename>
	<title> Житинский Александр Николаевич. Песнь торжествующей любви</title>
</book>
<book>
	<filename>zhitinskii_aleksandr/zhitinskii_aleksandr_podarok.fb2.zip</filename>
	<title> Житинский Александр Николаевич. Подарок</title>
</book>
<book>
	<filename>zhitinskii_aleksandr/zhitinskii_aleksandr_poddannyi_brizanii.fb2.zip</filename>
	<title> Житинский Александр Николаевич. Подданный Бризании</title>
</book>
<book>
	<filename>zhitinskii_aleksandr/zhitinskii_aleksandr_prah.fb2.zip</filename>
	<title> Житинский Александр Николаевич. Прах</title>
</book>
<book>
	<filename>zhitinskii_aleksandr/zhitinskii_aleksandr_pryzhok_v_vysotu.fb2.zip</filename>
	<title> Житинский Александр Николаевич. Прыжок в высоту</title>
</book>
<book>
	<filename>zhitinskii_aleksandr/zhitinskii_aleksandr_putevka_v_kizhi.fb2.zip</filename>
	<title> Житинский Александр Николаевич. Путевка в Кижи</title>
</book>
<book>
	<filename>zhitinskii_aleksandr/zhitinskii_aleksandr_rekomendaciya.fb2.zip</filename>
	<title> Житинский Александр Николаевич. Рекомендация</title>
</book>
<book>
	<filename>zhitinskii_aleksandr/zhitinskii_aleksandr_samarin.fb2.zip</filename>
	<title> Житинский Александр Николаевич. Самарин</title>
</book>
<book>
	<filename>zhitinskii_aleksandr/zhitinskii_aleksandr_sedmoe_izmerenie_sbornik.fb2.zip</filename>
	<title> Житинский Александр Николаевич. Седьмое измерение (сборник)</title>
</book>
<book>
	<filename>zhitinskii_aleksandr/zhitinskii_aleksandr_senosoloma.fb2.zip</filename>
	<title> Житинский Александр Николаевич. Сено-солома</title>
</book>
<book>
	<filename>zhitinskii_aleksandr/zhitinskii_aleksandr_smert_deda_moroza.fb2.zip</filename>
	<title> Житинский Александр Николаевич. Смерть Деда Мороза</title>
</book>
<book>
	<filename>zhitinskii_aleksandr/zhitinskii_aleksandr_snezhnaya_pochta.fb2.zip</filename>
	<title> Житинский Александр Николаевич. Снежная почта</title>
</book>
<book>
	<filename>zhitinskii_aleksandr/zhitinskii_aleksandr_snyus.fb2.zip</filename>
	<title> Житинский Александр. Снюсь</title>
</book>
<book>
	<filename>zhitinskii_aleksandr/zhitinskii_aleksandr_starichok_s_bolshoi_pushkarskoi.fb2.zip</filename>
	<title> Житинский Александр Николаевич. Старичок с Большой Пушкарской</title>
</book>
<book>
	<filename>zhitinskii_aleksandr/zhitinskii_aleksandr_strasti_po_prometeyu.fb2.zip</filename>
	<title> Житинский Александр Николаевич. Страсти по Прометею</title>
</book>
<book>
	<filename>zhitinskii_aleksandr/zhitinskii_aleksandr_strelochnik.fb2.zip</filename>
	<title> Житинский Александр Николаевич. Стрелочник</title>
</book>
<book>
	<filename>zhitinskii_aleksandr/zhitinskii_aleksandr_tetrad_moego_deda.fb2.zip</filename>
	<title> Житинский Александр Николаевич. Тетрадь моего деда</title>
</book>
<book>
	<filename>zhitinskii_aleksandr/zhitinskii_aleksandr_tikli.fb2.zip</filename>
	<title> Житинский Александр Николаевич. Тикли</title>
</book>
<book>
	<filename>zhitinskii_aleksandr/zhitinskii_aleksandr_tipichnyi_predstavitel.fb2.zip</filename>
	<title> Житинский Александр Николаевич. Типичный представитель</title>
</book>
<book>
	<filename>zhitinskii_aleksandr/zhitinskii_aleksandr_urok_muzhestva.fb2.zip</filename>
	<title> Житинский Александр Николаевич. Урок мужества</title>
</book>
<book>
	<filename>zhitinskii_aleksandr/zhitinskii_aleksandr_vchera_segodnya_pozavchera.fb2.zip</filename>
	<title> Житинский Александр Николаевич. Вчера, сегодня, позавчера...</title>
</book>
<book>
	<filename>zhitinskii_aleksandr/zhitinskii_aleksandr_vremya_letat.fb2.zip</filename>
	<title> Житинский Александр Николаевич. Время летать</title>
</book>
<book>
	<filename>zhitinskii_aleksandr/zhitinskii_aleksandr_yaponskii_bog.fb2.zip</filename>
	<title> Житинский Александр Николаевич. Японский бог!</title>
</book>
<book>
	<filename>zhitinskii_aleksandr/zhitinskii_aleksandr_yazykovoi_barer.fb2.zip</filename>
	<title> Житинский Александр Николаевич. Языковой барьер</title>
</book>
<book>
	<filename>zhitinskii_aleksandr/zhitinskii_aleksandr_yeffekt_brumma.fb2.zip</filename>
	<title> Житинский Александр Николаевич. Эффект Брумма</title>
</book>
<book>
	<filename>zhitinskii_aleksandr/zhitinskii_aleksandr_yeifeleva_bashnya.fb2.zip</filename>
	<title> Житинский Александр Николаевич. Эйфелева башня</title>
</book>
<book>
	<filename>zhitinskii_aleksandr/zhitinskii_aleksandr_yelton_dzhon.fb2.zip</filename>
	<title> Житинский Александр Николаевич. Элтон Джон</title>
</book>
<book>
	<filename>zhitinskii_aleksandr/zhitinskii_aleksandr_zapiski_mladshego_nauchnogo_sotrudnika_sbornik.fb2.zip</filename>
	<title> Житинский Александр Николаевич. Записки младшего научного сотрудника (сборник)</title>
</book>
<book>
	<filename>zhitinskii_aleksandr/zhitinskii_aleksandr_zolotye_slitki_laplandii.fb2.zip</filename>
	<title> Житинский Александр Николаевич. Золотые слитки Лапландии</title>
</book>
<book>
	<filename>zhivaikina_olesya/zhivaikina_olesya_holecistit_ot_koliki_do_skalpelya.fb2.zip</filename>
	<title> Живайкина Олеся. Холецистит: от колики до скальпеля</title>
</book>
<book>
	<filename>zhivaikina_olesya/zhivaikina_olesya_prostatit.fb2.zip</filename>
	<title> Живайкина Олеся. Простатит</title>
</book>
<book>
	<filename>zhiveteva_inna/zhiveteva_inna_orlinaya_gora.fb2.zip</filename>
	<title> Живетьева Инна. Орлиная гора</title>
</book>
<book>
	<filename>zhivoi_a/zhivoi_a_bitva_na_kalke.fb2.zip</filename>
	<title> Живой А. Я. Битва на Калке</title>
</book>
<book>
	<filename>zhivoi_a/zhivoi_a_den_prosheniya.fb2.zip</filename>
	<title> Живой А. Я. День прощения</title>
</book>
<book>
	<filename>zhivoi_a/zhivoi_a_gorod_zhivogo_zuo.fb2.zip</filename>
	<title> Живой А. Я. Город Живого ZUO</title>
</book>
<book>
	<filename>zhivoi_a/zhivoi_a_kokteil.fb2.zip</filename>
	<title> Живой А. Я. Коктейль</title>
</book>
<book>
	<filename>zhivoi_a/zhivoi_a_nebesnyi_korol_pokroviteli.fb2.zip</filename>
	<title> Живой А. Я. Небесный король: Покровители</title>
</book>
<book>
	<filename>zhivoi_a/zhivoi_a_nebesnyi_korol_yefirnyi_oboroten.fb2.zip</filename>
	<title> Живой А. Я. Небесный король: Эфирный оборотень</title>
</book>
<book>
	<filename>zhivoi_a/zhivoi_a_pismo_kapitana.fb2.zip</filename>
	<title> Живой А. Я. Письмо капитана</title>
</book>
<book>
	<filename>zhivoi_a/zhivoi_a_prekrasnyi_uchitel.fb2.zip</filename>
	<title> Живой А. Я. Прекрасный учитель</title>
</book>
<book>
	<filename>zhivoi_a/zhivoi_a_sem_verst_do_nebes.fb2.zip</filename>
	<title> Живой А. Я. Семь верст до небес</title>
</book>
<book>
	<filename>zhivoi_a/zhivoi_a_simfoniya.fb2.zip</filename>
	<title> Живой А. Я. Симфония</title>
</book>
<book>
	<filename>zhivoi_a/zhivoi_a_snegopad.fb2.zip</filename>
	<title> Живой А. Я. Снегопад</title>
</book>
<book>
	<filename>zhivoi_a/zhivoi_a_umniki.fb2.zip</filename>
	<title> Живой А. Я. Умники</title>
</book>
<book>
	<filename>zhivoi_a/zhivoi_a_utrennii_kot_ili_kofe_s_molokom.fb2.zip</filename>
	<title> Живой А. Я. Утренний кот или кофе с молоком</title>
</book>
<book>
	<filename>zhivoi_a/zhivoi_a_utro_komandora.fb2.zip</filename>
	<title> Живой А. Я. Утро командора</title>
</book>
<book>
	<filename>zhivoi_a/zhivoi_a_velikii_bolnoi.fb2.zip</filename>
	<title> Живой А. Я. Великий больной</title>
</book>
<book>
	<filename>zhivoi_a/zhivoi_a_ya_vsetaki_ulechu_s_yetoi_planety.fb2.zip</filename>
	<title> Живой А. Я. Я все-таки улечу с этой планеты…</title>
</book>
<book>
	<filename>zhivoi_aleksei/zhivoi_aleksei_imperiya_spartanec.fb2.zip</filename>
	<title> Живой Алексей. Империя: Спартанец</title>
</book>
<book>
	<filename>zhivoi_aleksei/zhivoi_aleksei_siciliiskoe_korolevstvo.fb2.zip</filename>
	<title> Живой Алексей. Сицилийское королевство</title>
</book>
<book>
	<filename>zhivoi_aleksei/zhivoi_aleksei_spartanec.fb2.zip</filename>
	<title> Живой Алексей. Спартанец</title>
</book>
<book>
	<filename>zhmurikov_kondratii/zhmurikov_kondratii_chelovek_bez_bashni.fb2.zip</filename>
	<title> Жмуриков Кондратий. Человек без башни</title>
</book>
<book>
	<filename>zhmurikov_kondratii/zhmurikov_kondratii_halyava_dlya_razzyavy.fb2.zip</filename>
	<title> Жмуриков Кондратий. Халява для раззявы</title>
</book>
<book>
	<filename>zhmurikov_kondratii/zhmurikov_kondratii_povest_o_nastoyashem_pacane.fb2.zip</filename>
	<title> Жмуриков Кондратий. Повесть о настоящем пацане</title>
</book>
<book>
	<filename>zhmurikov_kondratii/zhmurikov_kondratii_princ_i_nishin.fb2.zip</filename>
	<title> Жмуриков Кондратий. Принц и Нищин</title>
</book>
<book>
	<filename>zhmurikov_kondratii/zhmurikov_kondratii_sledstvie_vedut_duraki.fb2.zip</filename>
	<title> Жмуриков Кондратий. Следствие ведут дураки</title>
</book>
<book>
	<filename>zhuglya_l/zhuglya_l_mein_kun.fb2.zip</filename>
	<title> Жугля Л. В. Мейн кун</title>
</book>
<book>
	<filename>zhuhovickii_leonid/zhuhovickii_leonid_ni_dnya_bez_mysli.fb2.zip</filename>
	<title> Жуховицкий Леонид. Ни дня без мысли</title>
</book>
<book>
	<filename>zhukova_elena/zhukova_elena_salaty_i_zakuski_so_vsego_sveta_prostye_recepty_na_kazhdyi_den.fb2.zip</filename>
	<title> Жукова Елена Витальевна. Салаты и закуски со всего света. Простые рецепты на каждый день</title>
</book>
<book>
	<filename>zhukovagladkova_mariya/zhukovagladkova_mariya_afrikanskaya_ohota_dlya_dam.fb2.zip</filename>
	<title> Жукова-Гладкова Мария. Африканская охота для дам</title>
</book>
<book>
	<filename>zhukovagladkova_mariya/zhukovagladkova_mariya_brillianty_trebuyut_zhertv.fb2.zip</filename>
	<title> Жукова-Гладкова Мария. Бриллианты требуют жертв</title>
</book>
<book>
	<filename>zhukovagladkova_mariya/zhukovagladkova_mariya_carskoe_nasledstvo.fb2.zip</filename>
	<title> Жукова-Гладкова Мария. Царское наследство</title>
</book>
<book>
	<filename>zhukovagladkova_mariya/zhukovagladkova_mariya_chernoe_zoloto_korolei.fb2.zip</filename>
	<title> Жукова-Гладкова Мария. Черное золото королей</title>
</book>
<book>
	<filename>zhukovagladkova_mariya/zhukovagladkova_mariya_dzhentlmeny_neudachi.fb2.zip</filename>
	<title> Жукова-Гладкова Мария. Джентльмены неудачи</title>
</book>
<book>
	<filename>zhukovagladkova_mariya/zhukovagladkova_mariya_faberzhe_dlya_russkoi_krasavicy.fb2.zip</filename>
	<title> Жукова-Гладкова Мария. Фаберже для русской красавицы</title>
</book>
<book>
	<filename>zhukovagladkova_mariya/zhukovagladkova_mariya_garem_chuzhih_muzhei.fb2.zip</filename>
	<title> Жукова-Гладкова Мария. Гарем чужих мужей</title>
</book>
<book>
	<filename>zhukovagladkova_mariya/zhukovagladkova_mariya_gercoginya_v_podarok.fb2.zip</filename>
	<title> Жукова-Гладкова Мария. Герцогиня в подарок</title>
</book>
<book>
	<filename>zhukovagladkova_mariya/zhukovagladkova_mariya_geroi_zhestokogo_romana.fb2.zip</filename>
	<title> Жукова-Гладкова Мария. Герой жестокого романа</title>
</book>
<book>
	<filename>zhukovagladkova_mariya/zhukovagladkova_mariya_gorkii_shokolad_posle_lyubvi.fb2.zip</filename>
	<title> Жукова-Гладкова Мария. Горький шоколад после любви</title>
</book>
<book>
	<filename>zhukovagladkova_mariya/zhukovagladkova_mariya_istoriya_padshego_angela.fb2.zip</filename>
	<title> Жукова-Гладкова Мария. История падшего ангела</title>
</book>
<book>
	<filename>zhukovagladkova_mariya/zhukovagladkova_mariya_izumrudnye_glaza_buddy.fb2.zip</filename>
	<title> Жукова-Гладкова Мария. Изумрудные глаза Будды</title>
</book>
<book>
	<filename>zhukovagladkova_mariya/zhukovagladkova_mariya_klub_zagranichnyh_muzhei.fb2.zip</filename>
	<title> Жукова-Гладкова Мария. Клуб заграничных мужей</title>
</book>
<book>
	<filename>zhukovagladkova_mariya/zhukovagladkova_mariya_koldovskie_strasti.fb2.zip</filename>
	<title> Жукова-Гладкова Мария. Колдовские страсти</title>
</book>
<book>
	<filename>zhukovagladkova_mariya/zhukovagladkova_mariya_legenda_o_vtorom_otrazhenii.fb2.zip</filename>
	<title> Жукова-Гладкова Мария. Легенда о втором отражении</title>
</book>
<book>
	<filename>zhukovagladkova_mariya/zhukovagladkova_mariya_marsh_mendelsona_na_bis.fb2.zip</filename>
	<title> Жукова-Гладкова Мария. Марш Мендельсона на бис</title>
</book>
<book>
	<filename>zhukovagladkova_mariya/zhukovagladkova_mariya_mesta_bez_poceluev.fb2.zip</filename>
	<title> Жукова-Гладкова Мария. Места без поцелуев</title>
</book>
<book>
	<filename>zhukovagladkova_mariya/zhukovagladkova_mariya_noch_podarkov_i_zhelanii.fb2.zip</filename>
	<title> Жукова-Гладкова Мария. Ночь подарков и желаний</title>
</book>
<book>
	<filename>zhukovagladkova_mariya/zhukovagladkova_mariya_odna_zhenshina_i_mnogo_muzhchin.fb2.zip</filename>
	<title> Жукова-Гладкова Мария. Одна женщина и много мужчин</title>
</book>
<book>
	<filename>zhukovagladkova_mariya/zhukovagladkova_mariya_odnoklassnicy_na_million_.fb2.zip</filename>
	<title> Жукова-Гладкова Мария. Одноклассницы на миллион $</title>
</book>
<book>
	<filename>zhukovagladkova_mariya/zhukovagladkova_mariya_ostrov_ostryh_oshushenii.fb2.zip</filename>
	<title> Жукова-Гладкова Мария. Остров острых ощущений</title>
</book>
<book>
	<filename>zhukovagladkova_mariya/zhukovagladkova_mariya_pobeg_iz_tropicheskogo_raya.fb2.zip</filename>
	<title> Жукова-Гладкова Мария. Побег из тропического рая</title>
</book>
<book>
	<filename>zhukovagladkova_mariya/zhukovagladkova_mariya_princ_s_opasnoi_rodoslovnoi.fb2.zip</filename>
	<title> Жукова-Гладкова Мария. Принц с опасной родословной</title>
</book>
<book>
	<filename>zhukovagladkova_mariya/zhukovagladkova_mariya_put_k_serdcu_muzhchiny.fb2.zip</filename>
	<title> Жукова-Гладкова Мария. Путь к сердцу мужчины</title>
</book>
<book>
	<filename>zhukovagladkova_mariya/zhukovagladkova_mariya_sekretnaya_missiya_supermodeli.fb2.zip</filename>
	<title> Жукова-Гладкова Мария. Секретная миссия супермодели</title>
</book>
<book>
	<filename>zhukovagladkova_mariya/zhukovagladkova_mariya_silnye_strasti_pod_zharkim_solncem.fb2.zip</filename>
	<title> Жукова-Гладкова Мария. Сильные страсти под жарким солнцем</title>
</book>
<book>
	<filename>zhukovagladkova_mariya/zhukovagladkova_mariya_syshica_po_amurnym_delam.fb2.zip</filename>
	<title> Жукова-Гладкова Мария. Сыщица по амурным делам</title>
</book>
<book>
	<filename>zhukovagladkova_mariya/zhukovagladkova_mariya_tainy_starogo_peterburga.fb2.zip</filename>
	<title> Жукова-Гладкова Мария. Тайны старого Петербурга</title>
</book>
<book>
	<filename>zhukovagladkova_mariya/zhukovagladkova_mariya_tri_bileta_v_parizh.fb2.zip</filename>
	<title> Жукова-Гладкова Мария. Три билета в Париж</title>
</book>
<book>
	<filename>zhukovagladkova_mariya/zhukovagladkova_mariya_villy_yahty_kole_i_lyubov.fb2.zip</filename>
	<title> Жукова-Гладкова Мария. Виллы, яхты, колье и любовь</title>
</book>
<book>
	<filename>zhukovagladkova_mariya/zhukovagladkova_mariya_vse_vklyucheno_skandal_seks_vino.fb2.zip</filename>
	<title> Жукова-Гладкова Мария. Все включено: скандал, секс, вино</title>
</book>
<book>
	<filename>zhukovagladkova_mariya/zhukovagladkova_mariya_zhenshiny_porochnogo_knyazya.fb2.zip</filename>
	<title> Жукова-Гладкова Мария. Женщины порочного князя</title>
</book>
<book>
	<filename>zhukovagladkova_mariya/zhukovagladkova_mariya_zhizn_posle_braka.fb2.zip</filename>
	<title> Жукова-Гладкова Мария. Жизнь после брака</title>
</book>
<book>
	<filename>zhukov_maksim/zhukov_maksim_pmk.fb2.zip</filename>
	<title> Жуков Максим. П-М-К</title>
</book>
<book>
	<filename>zhuk_svetlana/zhuk_svetlana_lechenie_limonom.fb2.zip</filename>
	<title> Жук Светлана Михайловна. Лечение лимоном</title>
</book>
<book>
	<filename>_zhulik/_zhulik_subbotnee_bezumie.fb2.zip</filename>
	<title> Жулик. Субботнее безумие</title>
</book>
<book>
	<filename>zhulina_elena/zhulina_elena_evropeiskie_sistemy_oplaty_truda.fb2.zip</filename>
	<title> Жулина Елена Геннадьевна. Европейские системы оплаты труда</title>
</book>
<book>
	<filename>zhulina_elena/zhulina_elena_shpargalka_po_osnovam_menedzhmenta.fb2.zip</filename>
	<title> Жулина Елена Геннадьевна. Шпаргалка по основам менеджмента</title>
</book>
<book>
	<filename>zhulina_elena/zhulina_elena_yekonomika_i_sociologiya_truda_shpargalka.fb2.zip</filename>
	<title> Жулина Елена Геннадьевна. Экономика и социология труда. Шпаргалка</title>
</book>
<book>
	<filename>zhulnev_nikolai/zhulnev_nikolai_pravila_dorozhnogo_dvizheniya_s_kommentariyami_i_illyustraciyami.fb2.zip</filename>
	<title> Жульнев Николай. Правила дорожного движения с комментариями и иллюстрациями</title>
</book>
<book>
	<filename>zhun_cai_ci/zhun_cai_ci_ves_fyenshui_iz_pervyh_ruk_sovety_kitaiskogo_mastera.fb2.zip</filename>
	<title> Жун Цай Ци. Весь фэн-шуй из первых рук. Советы китайского мастера</title>
</book>
<book>
	<filename>zhuravlev_vladimir/zhuravlev_vladimir_neudachnaya_reinkarnaciya.fb2.zip</filename>
	<title> Журавлев Владимир. Неудачная реинкарнация</title>
</book>
<book>
	<filename>zhvalevskii_andrei/zhvalevskii_andrei_pravdivaya_istoriya_deda_moroza.fb2.zip</filename>
	<title> Жвалевский Андрей Валентинович. Правдивая история Деда Мороза</title>
</book>
<book>
	<filename>zhvalevskii_andrei/zhvalevskii_andrei_vremya_vsegda_horoshee.fb2.zip</filename>
	<title> Жвалевский Андрей Валентинович. Время всегда хорошее</title>
</book>
<book>
	<filename>zhvaneckii_mihail/zhvaneckii_mihail_sobranie_proizvedenii_v_pyati_tomah_tom_4_devyanostye.fb2.zip</filename>
	<title> Жванецкий Михаил Михайлович. Собрание произведений в пяти томах. Том 4. Девяностые</title>
</book>

</books>
