<rss version="2.0" xmlns:jwplayer="http://developer.longtailvideo.com/trac/" xmlns:media="http://search.yahoo.com/mrss/"> 
  <channel> 
    <title>HTTP Pseudo-Streaming Playlist</title> 

    <item> 
      <title>rufinad</title> 
      <media:content url="http://mycomp/video/kvn,fun/rufinad.flv" /> 
      <media:thumbnail url="preview.jpg" />
      <description>rufinad.flv</description>
      <jwplayer:provider>http</jwplayer:provider> 
      <jwplayer:duration>33.03</jwplayer:duration> 
    </item> 

    <item> 
      <title>Hippo</title> 
      <media:content url="http://mycomp/video/mult/hippo.flv" /> 
      <media:thumbnail url="preview.jpg" />
      <description>Sintel is a fantasy computer generated short movie. It's the third 
         release from the Blender Open Movie Project.</description>
      <jwplayer:provider>http</jwplayer:provider> 
      <jwplayer:duration>888.06</jwplayer:duration> 
    </item> 
  </channel> 
</rss>

