<?xml version="1.0" encoding="UTF-8" ?>
<books>

<book>
	<filename>atomi_berkem/atomi_berkem_maroder.fb2.zip</filename>
	<title>Атоми Беркем Аль. Мародер</title>
</book>
<book>
	<filename>attanasio_alfred/attanasio_alfred_pozhiratel_teni.fb2.zip</filename>
	<title>Аттанасио Альфред Анджело. Пожиратель тени</title>
</book>
<book>
	<filename>attanasio_alfred/attanasio_alfred_temnyi_bereg.fb2.zip</filename>
	<title>Аттанасио Альфред Анджело. Темный Берег</title>
</book>
<book>
	<filename>augusta_ijozhef/augusta_ijozhef_ischeznuvshii_mir.fb2.zip</filename>
	<title>Аугуста Йожеф. Исчезнувший мир</title>
</book>
<book>
	<filename>augusta_ijozhef/augusta_ijozhef_velikie_otkrytiya.fb2.zip</filename>
	<title>Аугуста Йожеф. Великие открытия</title>
</book>
<book>
	<filename>augusta_iozhef/augusta_iozhef_ischeznuvshii_mir.fb2.zip</filename>
	<title>Аугуста Йожеф. Исчезнувший мир</title>
</book>
<book>
	<filename>augusta_iozhef/augusta_iozhef_velikie_otkrytiya.fb2.zip</filename>
	<title>Аугуста Йожеф. Великие открытия</title>
</book>
<book>
	<filename>austen_jane/austen_jane_pride_and_prejudice.fb2.zip</filename>
	<title>Austen Jane. Pride and Prejudice</title>
</book>
<book>
	<filename>austen_jane/austen_jane_sense_and_sensibility.fb2.zip</filename>
	<title>Austen Jane. Sense and Sensibility</title>
</book>
<book>
	<filename>auyel_dzhin/auyel_dzhin_dolina_loshadei.fb2.zip</filename>
	<title>Ауэл Джин М. Долина лошадей</title>
</book>
<book>
	<filename>auyel_dzhin/auyel_dzhin_klan_peshernogo_medvedya.fb2.zip</filename>
	<title>Ауэл Джин М. Клан Пещерного Медведя</title>
</book>
<book>
	<filename>auyel_dzhin/auyel_dzhin_pod_zashitoi_kamnya.fb2.zip</filename>
	<title>Ауэл Джин М. Под защитой камня</title>
</book>
<book>
	<filename>avchurinskii_sergei/avchurinskii_sergei_p_b_s.fb2.zip</filename>
	<title>Авчуринский Сергей. П. Б. С.</title>
</book>
<book>
	<filename>avdeenko_aleksandr/avdeenko_aleksandr_chernye_kolokola.fb2.zip</filename>
	<title>Авдеенко Александр Остапович. Черные колокола</title>
</book>
<book>
	<filename>avdeenko_aleksandr/avdeenko_aleksandr_nad_tissoi.fb2.zip</filename>
	<title>Авдеенко Александр Остапович. Над Тиссой</title>
</book>
<book>
	<filename>avdeev_mihail/avdeev_mihail_tamarin.fb2.zip</filename>
	<title>Авдеев Михаил Васильевич. Тамарин</title>
</book>
<book>
	<filename>avdeev_mihail/avdeev_mihail_u_samogo_chernogo_morya.fb2.zip</filename>
	<title>Авдеев Михаил Васильевич. У самого Черного моря</title>
</book>
<book>
	<filename>avdeev_viktor/avdeev_viktor_moya_odisseya.fb2.zip</filename>
	<title>Авдеев Виктор. Моя одиссея</title>
</book>
<book>
	<filename>avdeev_vladimir/avdeev_vladimir_preodolenie_hristianstva.fb2.zip</filename>
	<title>Авдеев Владимир Борисович. Преодоление христианства</title>
</book>
<book>
	<filename>averchenko_arkadii/averchenko_arkadii_dyuzhina_nozhei_v_spinu_revolyucii.fb2.zip</filename>
	<title>Аверченко Аркадий Тимофеевич. Дюжина ножей в спину революции</title>
</book>
<book>
	<filename>averchenko_arkadii/averchenko_arkadii_izbrannye_stranicy.fb2.zip</filename>
	<title>Аверченко Аркадий Тимофеевич. Избранные страницы</title>
</book>
<book>
	<filename>averchenko_arkadii/averchenko_arkadii_ninochka.fb2.zip</filename>
	<title>Аверченко Аркадий Тимофеевич. Ниночка</title>
</book>
<book>
	<filename>averchenko_arkadii/averchenko_arkadii_podhodcev_i_dvoe_drugih.fb2.zip</filename>
	<title>Аверченко Аркадий. Подходцев и двое других</title>
</book>
<book>
	<filename>averchenko_arkadii/averchenko_arkadii_shutka_mecenata.fb2.zip</filename>
	<title>Аверченко Аркадий. Шутка Mецената</title>
</book>
<book>
	<filename>averchenko_arkadii/averchenko_arkadii_vino.fb2.zip</filename>
	<title>Аверченко Аркадий. Вино</title>
</book>
<book>
	<filename>avestiiskie_teksty_/avestiiskie_teksty__skazanie_o_zarere.fb2.zip</filename>
	<title>Авестийские тексты. Сказание о Зарере</title>
</book>
<book>
	<filename>avgustin_yernst/avgustin_yernst_horoshie_dengi.fb2.zip</filename>
	<title>Августин Эрнст. Хорошие деньги</title>
</book>
<book>
	<filename>avlinson_richard/avlinson_richard_shedoudeil.fb2.zip</filename>
	<title>Авлинсон Ричард. Шедоудейл</title>
</book>
<book>
	<filename>avlinson_richard/avlinson_richard_tantras.fb2.zip</filename>
	<title>Авлинсон Ричард. Тантрас</title>
</book>
<book>
	<filename>avlinson_richard/avlinson_richard_uoterdip.fb2.zip</filename>
	<title>Авлинсон Ричард. Уотердип</title>
</book>
<book>
	<filename>avramenko_a/avramenko_a_smelo_my_v_boi_poidem.fb2.zip</filename>
	<title>Авраменко А. Смело мы в бой пойдем…</title>
</book>
<book>
	<filename>avramenko_aleksandr/avramenko_aleksandr_smelo_my_v_boi_poidem.fb2.zip</filename>
	<title>Авраменко Александр. Смело мы в бой пойдем…</title>
</book>
<book>
	<filename>avramenko_oleg/avramenko_oleg_galaktiki_kak_peschinki.fb2.zip</filename>
	<title>Авраменко Олег. Галактики как песчинки</title>
</book>
<book>
	<filename>avramenko_oleg/avramenko_oleg_grani_nizhnego_mira.fb2.zip</filename>
	<title>Авраменко Олег. Грани Нижнего мира</title>
</book>
<book>
	<filename>avramenko_oleg/avramenko_oleg_hozyaika_istochnika.fb2.zip</filename>
	<title>Авраменко Олег. Хозяйка Источника</title>
</book>
<book>
	<filename>avramenko_oleg/avramenko_oleg_igry_vyshnego_mira.fb2.zip</filename>
	<title>Авраменко Олег Евгеньевич. Игры Вышнего мира</title>
</book>
<book>
	<filename>avramenko_oleg/avramenko_oleg_konnory_i_hraniteli.fb2.zip</filename>
	<title>Авраменко Олег. Конноры и Хранители</title>
</book>
<book>
	<filename>avramenko_oleg/avramenko_oleg_korolevy_ne_plachut.fb2.zip</filename>
	<title>Авраменко Олег. Королевы не плачут</title>
</book>
<book>
	<filename>avramenko_oleg/avramenko_oleg_margarita_navarrskaya.fb2.zip</filename>
	<title>Авраменко Олег. Маргарита Наваррская</title>
</book>
<book>
	<filename>avramenko_oleg/avramenko_oleg_naslednik_gromoverzhca.fb2.zip</filename>
	<title>Авраменко Олег Евгеньевич. Наследник Громовержца</title>
</book>
<book>
	<filename>avramenko_oleg/avramenko_oleg_princ_gallii.fb2.zip</filename>
	<title>Авраменко Олег. Принц Галлии</title>
</book>
<book>
	<filename>avramenko_oleg/avramenko_oleg_prizrachnaya_realnost_protektorat.fb2.zip</filename>
	<title>Авраменко Олег. Призрачная реальность (Протекторат)</title>
</book>
<book>
	<filename>avramenko_oleg/avramenko_oleg_protektorat.fb2.zip</filename>
	<title>Авраменко Олег. Протекторат</title>
</book>
<book>
	<filename>avramenko_oleg/avramenko_oleg_realnaya_ugroza.fb2.zip</filename>
	<title>Авраменко Олег. Реальная угроза</title>
</book>
<book>
	<filename>avramenko_oleg/avramenko_oleg_sobirayushaya_stihii.fb2.zip</filename>
	<title>Авраменко Олег. Собирающая стихии</title>
</book>
<book>
	<filename>avramenko_oleg/avramenko_oleg_syn_sumerek_i_sveta.fb2.zip</filename>
	<title>Авраменко Олег. Сын сумерек и света</title>
</book>
<book>
	<filename>avramenko_oleg/avramenko_oleg_vlast_molnii.fb2.zip</filename>
	<title>Авраменко Олег. Власть молнии</title>
</book>
<book>
	<filename>avramenko_oleg/avramenko_oleg_voiny_preispodnei.fb2.zip</filename>
	<title>Авраменко Олег. Воины преисподней</title>
</book>
<book>
	<filename>avramenko_oleg/avramenko_oleg_vse_grani_mira.fb2.zip</filename>
	<title>Авраменко Олег. Все грани мира</title>
</book>
<book>
	<filename>avramenko_oleg/avramenko_oleg_ya_moi_chert_i_rasskaz.fb2.zip</filename>
	<title>Авраменко Олег. Я, мой черт и... (рассказ)</title>
</book>
<book>
	<filename>avramenko_oleg/avramenko_oleg_zvezdnaya_doroga.fb2.zip</filename>
	<title>Авраменко Олег. Звездная дорога</title>
</book>
<book>
	<filename>avramenko_oleg/avramenko_oleg_zvezdy_v_ladonyah.fb2.zip</filename>
	<title>Авраменко Олег. Звезды в ладонях</title>
</book>
<book>
	<filename>avrelii_viktor_sekst/avrelii_viktor_sekst_izvlecheniya_o_zhizni_i_nravah_rimskih_imperatorov.fb2.zip</filename>
	<title>Аврелий Виктор Секст. Извлечения о жизни и нравах римских императоров</title>
</book>
<book>
	<filename>avrelii_viktor_sekst/avrelii_viktor_sekst_o_cezaryah.fb2.zip</filename>
	<title>Аврелий Виктор Секст. О Цезарях</title>
</book>
<book>
	<filename>avrelii_viktor_sekst/avrelii_viktor_sekst_o_znamenityh_lyudyah.fb2.zip</filename>
	<title>Аврелий Виктор Секст. О знаменитых людях</title>
</book>
<book>
	<filename>avrelii_viktor_sekst/avrelii_viktor_sekst_proishozhdenie_rimskogo_naroda.fb2.zip</filename>
	<title>Аврелий Виктор Секст. Происхождение римского народа</title>
</book>
<book>
	<filename>avtomonov_pavlo/avtomonov_pavlo_imya_ego_neizvestno.fb2.zip</filename>
	<title>Автомонов Павло Федорович. Имя его неизвестно</title>
</book>
<book>
	<filename>avtorhanov_abdurahman/avtorhanov_abdurahman_zagadki_smerti_stalina.fb2.zip</filename>
	<title>Авторханов Абдурахман. Загадки смерти Сталина</title>
</book>
<book>
	<filename>avtor_neizvesten_/avtor_neizvesten__informacionnye_voiny_i_budushee.fb2.zip</filename>
	<title>Автор неизвестен. Информационные войны и будущее</title>
</book>
<book>
	<filename>avtorov_kollektiv/avtorov_kollektiv_antologiya_mirovogo_anekdota_i_tut_vovochka_skazal.fb2.zip</filename>
	<title>Авторов Коллектив. Антология мирового анекдота. И тут Вовочка сказал…</title>
</book>
<book>
	<filename>avtorov_kollektiv/avtorov_kollektiv_bogatye_tozhe_plachut_tom_1.fb2.zip</filename>
	<title>авторов Коллектив. Богатые тоже плачут. Том 1</title>
</book>
<book>
	<filename>avtorov_kollektiv/avtorov_kollektiv_bogatye_tozhe_plachut_tom_2.fb2.zip</filename>
	<title>авторов Коллектив. Богатые тоже плачут. Том 2</title>
</book>
<book>
	<filename>avtorov_kollektiv/avtorov_kollektiv_drevnerusskaya_literatura_literatura_xviii_veka.fb2.zip</filename>
	<title>Авторов Коллектив. Древнерусская литература. Литература XVIII века</title>
</book>
<book>
	<filename>avtorov_kollektiv/avtorov_kollektiv_gogol_v_russkoi_kritike.fb2.zip</filename>
	<title>Авторов Коллектив. Гоголь в русской критике</title>
</book>
<book>
	<filename>avtorov_kollektiv/avtorov_kollektiv_gogol_v_vospominaniyah_sovremennikov.fb2.zip</filename>
	<title>Авторов Коллектив. Гоголь в воспоминаниях современников</title>
</book>
<book>
	<filename>avtorov_kollektiv/avtorov_kollektiv_konstituciya_rossiiskoi_federacii_gimn_gerb_flag.fb2.zip</filename>
	<title>Авторов Коллектив. Конституция Российской Федерации. Гимн, герб, флаг</title>
</book>
<book>
	<filename>avtorov_kollektiv/avtorov_kollektiv_literatura_konca_xix_nachala_xx_veka.fb2.zip</filename>
	<title>Авторов Коллектив. Литература конца XIX – начала XX века</title>
</book>
<book>
	<filename>avtorov_kollektiv/avtorov_kollektiv_nikto_krome_tebya.fb2.zip</filename>
	<title>авторов Коллектив. Никто, кроме тебя</title>
</book>
<book>
	<filename>avtorov_kollektiv/avtorov_kollektiv_ot_sentimentalizma_k_romantizmu_i_realizmu.fb2.zip</filename>
	<title>Авторов Коллектив. От сентиментализма к романтизму и реализму</title>
</book>
<book>
	<filename>avtorov_kollektiv/avtorov_kollektiv_prosto_mariya.fb2.zip</filename>
	<title>авторов Коллектив. Просто Мария</title>
</book>
<book>
	<filename>avtorov_kollektiv/avtorov_kollektiv_rascvet_realizma.fb2.zip</filename>
	<title>Авторов Коллектив. Расцвет реализма</title>
</book>
<book>
	<filename>avtorov_kollektiv/avtorov_kollektiv_yaponskii_shpionazh_v_carskoi_rossii.fb2.zip</filename>
	<title>Авторов Коллектив. Японский шпионаж в царской России</title>
</book>
<book>
	<filename>avvakumov_nikolai/avvakumov_nikolai_pervye_zalpy_voiny.fb2.zip</filename>
	<title>Аввакумов Николай Васильевич. Первые залпы войны</title>
</book>
<book>
	<filename>axelrod_alan/axelrod_alan_complete_idiots_guide_to_american_history.fb2.zip</filename>
	<title>Axelrod Alan. Complete Idiots Guide to American History</title>
</book>
<book>
	<filename>axler_james/axler_james_crater_lake.fb2.zip</filename>
	<title>Axler James. Crater Lake</title>
</book>
<book>
	<filename>axler_james/axler_james_dectra_chain.fb2.zip</filename>
	<title>Axler James. Dectra Chain</title>
</book>
<book>
	<filename>axler_james/axler_james_homeward_bound.fb2.zip</filename>
	<title>Axler James. Homeward Bound</title>
</book>
<book>
	<filename>axler_james/axler_james_ice_and_fire.fb2.zip</filename>
	<title>Axler James. Ice and Fire</title>
</book>
<book>
	<filename>axler_james/axler_james_neutron_solstice.fb2.zip</filename>
	<title>Axler James. Neutron Solstice</title>
</book>
<book>
	<filename>axler_james/axler_james_northstar_rising.fb2.zip</filename>
	<title>Axler James. Northstar Rising</title>
</book>
<book>
	<filename>axler_james/axler_james_pilgrimage_to_hell.fb2.zip</filename>
	<title>Axler James. Pilgrimage to Hell</title>
</book>
<book>
	<filename>axler_james/axler_james_red_equinox.fb2.zip</filename>
	<title>Axler James. Red Equinox</title>
</book>
<book>
	<filename>axler_james/axler_james_red_holocaust.fb2.zip</filename>
	<title>Axler James. Red Holocaust</title>
</book>
<book>
	<filename>ayala_fransisko/ayala_fransisko_baranya_golova.fb2.zip</filename>
	<title>Аяла Франсиско. Баранья голова</title>
</book>
<book>
	<filename>ayala_fransisko/ayala_fransisko_inkvizitor.fb2.zip</filename>
	<title>Аяла Франсиско. Инквизитор</title>
</book>
<book>
	<filename>ayala_fransisko/ayala_fransisko_iz_zhizni_obezyan.fb2.zip</filename>
	<title>Аяла Франсиско. Из жизни обезьян</title>
</book>
<book>
	<filename>ayala_fransisko/ayala_fransisko_nash_bezvestnyi_kollega.fb2.zip</filename>
	<title>Аяла Франсиско. «Наш безвестный коллега»</title>
</book>
<book>
	<filename>ayala_fransisko/ayala_fransisko_nemoshnyi.fb2.zip</filename>
	<title>Аяла Франсиско. Немощный</title>
</book>
<book>
	<filename>ayala_fransisko/ayala_fransisko_obyatie.fb2.zip</filename>
	<title>Аяла Франсиско. Объятие</title>
</book>
<book>
	<filename>ayala_fransisko/ayala_fransisko_okoldovannyi.fb2.zip</filename>
	<title>Аяла Франсиско. Околдованный</title>
</book>
<book>
	<filename>ayala_fransisko/ayala_fransisko_pohishenie.fb2.zip</filename>
	<title>Аяла Франсиско. Похищение</title>
</book>
<book>
	<filename>ayala_fransisko/ayala_fransisko_polyarnaya_zvezda.fb2.zip</filename>
	<title>Аяла Франсиско. Полярная звезда</title>
</book>
<book>
	<filename>ayala_fransisko/ayala_fransisko_poslanie.fb2.zip</filename>
	<title>Аяла Франсиско. Послание</title>
</book>
<book>
	<filename>ayala_fransisko/ayala_fransisko_rasskaz_mopassana.fb2.zip</filename>
	<title>Аяла Франсиско. Рассказ Мопассана</title>
</book>
<book>
	<filename>ayala_fransisko/ayala_fransisko_schastlivye_dni.fb2.zip</filename>
	<title>Аяла Франсиско. Счастливые дни</title>
</book>
<book>
	<filename>ayala_fransisko/ayala_fransisko_skonchavshiisya_chas.fb2.zip</filename>
	<title>Аяла Франсиско. Скончавшийся час</title>
</book>
<book>
	<filename>ayala_fransisko/ayala_fransisko_taho.fb2.zip</filename>
	<title>Аяла Франсиско. Тахо</title>
</book>
<book>
	<filename>ayala_fransisko/ayala_fransisko_vozvrashenie.fb2.zip</filename>
	<title>Аяла Франсиско. Возвращение</title>
</book>
<book>
	<filename>ayala_fransisko/ayala_fransisko_vstrecha.fb2.zip</filename>
	<title>Аяла Франсиско. Встреча</title>
</book>
<book>
	<filename>ayala_fransisko/ayala_fransisko_vyrezki_iz_vcherashnego_nomera_gazety_las_notinias.fb2.zip</filename>
	<title>Аяла Франсиско. Вырезки из вчерашнего номера газеты «Лас нотиниас»</title>
</book>
<book>
	<filename>azaro_kyetrin/azaro_kyetrin_inversiya_praimeri.fb2.zip</filename>
	<title>Азаро Кэтрин. Инверсия праймери</title>
</book>
<book>
	<filename>azaro_kyetrin/azaro_kyetrin_ukrotit_molniyu.fb2.zip</filename>
	<title>Азаро Кэтрин. Укротить молнию</title>
</book>
<book>
	<filename>azernikov_valentin/azernikov_valentin_200_let_spustya_zanimatelnaya_istoriya_kauchuka.fb2.zip</filename>
	<title>Азерников Валентин. 200 лет спустя. Занимательная история каучука</title>
</book>
<book>
	<filename>azernikov_valentin/azernikov_valentin_chudakchelovek.fb2.zip</filename>
	<title>Азерников Валентин Захарович. Чудак-человек</title>
</book>
<book>
	<filename>azernikov_valentin/azernikov_valentin_grazhdanskii_isk.fb2.zip</filename>
	<title>Азерников Валентин Захарович. Гражданский иск</title>
</book>
<book>
	<filename>azernikov_valentin/azernikov_valentin_kruiz.fb2.zip</filename>
	<title>Азерников Валентин Захарович. Круиз</title>
</book>
<book>
	<filename>azernikov_valentin/azernikov_valentin_nesluchainye_sluchainosti.fb2.zip</filename>
	<title>Азерников Валентин. Неслучайные случайности</title>
</book>
<book>
	<filename>azernikov_valentin/azernikov_valentin_on_pridet.fb2.zip</filename>
	<title>Азерников Валентин Захарович. Он придет</title>
</book>
<book>
	<filename>azernikov_valentin/azernikov_valentin_otpusk_za_svoi_schet.fb2.zip</filename>
	<title>Азерников Валентин Захарович. Отпуск за свой счет</title>
</book>
<book>
	<filename>azernikov_valentin/azernikov_valentin_pri_otkrytyh_dveryah.fb2.zip</filename>
	<title>Азерников Валентин Захарович. При открытых дверях</title>
</book>
<book>
	<filename>azernikov_valentin/azernikov_valentin_professional_zhizni.fb2.zip</filename>
	<title>Азерников Валентин Захарович. Профессионал жизни</title>
</book>
<book>
	<filename>azernikov_valentin/azernikov_valentin_tretego_ne_dano.fb2.zip</filename>
	<title>Азерников Валентин Захарович. Третьего не дано</title>
</book>
<book>
	<filename>azernikov_valentin/azernikov_valentin_vozmozhny_varianty.fb2.zip</filename>
	<title>Азерников Валентин Захарович. Возможны варианты</title>
</book>
<book>
	<filename>azernikov_valentin/azernikov_valentin_yetyud_na_dvoih.fb2.zip</filename>
	<title>Азерников Валентин Захарович. Этюд на двоих</title>
</book>
<book>
	<filename>azernikov_valentin/azernikov_valentin_yubileinoe_tango.fb2.zip</filename>
	<title>Азерников Валентин Захарович. Юбилейное танго</title>
</book>
<book>
	<filename>azhaev_vasilii/azhaev_vasilii_vagon.fb2.zip</filename>
	<title>Ажаев Василий. Вагон</title>
</book>
<book>
	<filename>azhar_yemil/azhar_yemil_golubchik.fb2.zip</filename>
	<title>Ажар Эмиль. Голубчик</title>
</book>
<book>
	<filename>azhar_yemil/azhar_yemil_psevdo.fb2.zip</filename>
	<title>Ажар Эмиль. Псевдо</title>
</book>
<book>
	<filename>azhar_yemil/azhar_yemil_vsya_zhizn_vperedi_per_vorlova.fb2.zip</filename>
	<title>Ажар Эмиль. Вся жизнь впереди (пер. В.Орлова)</title>
</book>
<book>
	<filename>azhippo_vladimir/azhippo_vladimir_ne_zarekaisya.fb2.zip</filename>
	<title>Ажиппо Владимир Андреевич. Не зарекайся</title>
</book>
<book>
	<filename>azif_al/azif_al_nekronomikon.fb2.zip</filename>
	<title>Азиф Аль. Некрономикон</title>
</book>
<book>
	<filename>azimov_aizek/azimov_aizek_adskii_ogon.fb2.zip</filename>
	<title>Азимов Айзек. Адский огонь</title>
</book>
<book>
	<filename>azimov_aizek/azimov_aizek_ah_batten_batten_batton_batton.fb2.zip</filename>
	<title>Азимов Айзек. Ах, Баттен, Баттен! [Баттон, Баттон]</title>
</book>
<book>
	<filename>azimov_aizek/azimov_aizek_akademiya.fb2.zip</filename>
	<title>Азимов Айзек. Академия</title>
</book>
<book>
	<filename>azimov_aizek/azimov_aizek_akademiya_i_imperiya.fb2.zip</filename>
	<title>Азимов Айзек. Академия и Империя</title>
</book>
<book>
	<filename>azimov_aizek/azimov_aizek_akademiya_i_zemlya.fb2.zip</filename>
	<title>Азимов Айзек. Академия и Земля</title>
</book>
<book>
	<filename>azimov_aizek/azimov_aizek_akademiya_na_krayu_gibeli.fb2.zip</filename>
	<title>Азимов Айзек. Академия на краю гибели</title>
</book>
<book>
	<filename>azimov_aizek/azimov_aizek_batton_batton.fb2.zip</filename>
	<title>Азимов Айзек. Баттон, Баттон</title>
</book>
<book>
	<filename>azimov_aizek/azimov_aizek_bessmertnyi_bard.fb2.zip</filename>
	<title>Азимов Айзек. Бессмертный бард</title>
</book>
<book>
	<filename>azimov_aizek/azimov_aizek_bilyardnyi_shar.fb2.zip</filename>
	<title>Азимов Айзек. Бильярдный шар</title>
</book>
<book>
	<filename>azimov_aizek/azimov_aizek_blagoe_namerenie.fb2.zip</filename>
	<title>Азимов Айзек. Благое намерение</title>
</book>
<book>
	<filename>azimov_aizek/azimov_aizek_blizhnii_vostok_istoriya_desyati_tysyacheletii.fb2.zip</filename>
	<title>Азимов Айзек. Ближний Восток. История десяти тысячелетий</title>
</book>
<book>
	<filename>azimov_aizek/azimov_aizek_bratishka.fb2.zip</filename>
	<title>Азимов Айзек. Братишка</title>
</book>
<book>
	<filename>azimov_aizek/azimov_aizek_budete_dovolny.fb2.zip</filename>
	<title>Азимов Айзек. Будете довольны</title>
</book>
<book>
	<filename>azimov_aizek/azimov_aizek_cena_riska_risk.fb2.zip</filename>
	<title>Азимов Айзек. Цена риска [Риск]</title>
</book>
<book>
	<filename>azimov_aizek/azimov_aizek_chuvstvo_sily.fb2.zip</filename>
	<title>Азимов Айзек. Чувство силы</title>
</book>
<book>
	<filename>azimov_aizek/azimov_aizek_chuvstvo_sily_osoznannoe_mogushestvo_skolko_budet_9_h_7.fb2.zip</filename>
	<title>Азимов Айзек. Чувство силы ["Осознанное могущество", «Сколько будет 9 х 7»]</title>
</book>
<book>
	<filename>azimov_aizek/azimov_aizek_davaite_obedinimsya.fb2.zip</filename>
	<title>Азимов Айзек. Давайте объединимся</title>
</book>
<book>
	<filename>azimov_aizek/azimov_aizek_delo_principa.fb2.zip</filename>
	<title>Азимов Айзек. Дело принципа</title>
</book>
<book>
	<filename>azimov_aizek/azimov_aizek_demon_rostom_dva_santimetra.fb2.zip</filename>
	<title>Азимов Айзек. Демон ростом два сантиметра</title>
</book>
<book>
	<filename>azimov_aizek/azimov_aizek_den_ohotnikov.fb2.zip</filename>
	<title>Азимов Айзек. День охотников</title>
</book>
<book>
	<filename>azimov_aizek/azimov_aizek_devyat_zavtra.fb2.zip</filename>
	<title>Азимов Айзек. Девять Завтра</title>
</book>
<book>
	<filename>azimov_aizek/azimov_aizek_dumai.fb2.zip</filename>
	<title>Азимов Айзек. Думай!</title>
</book>
<book>
	<filename>azimov_aizek/azimov_aizek_dumaite_dumai.fb2.zip</filename>
	<title>Азимов Айзек. Думайте! [Думай!]</title>
</book>
<book>
	<filename>azimov_aizek/azimov_aizek_dvuhsotletnii_chelovek.fb2.zip</filename>
	<title>Азимов Айзек. Двухсотлетний человек</title>
</book>
<book>
	<filename>azimov_aizek/azimov_aizek_dyevid_starr_kosmicheskii_reindzher.fb2.zip</filename>
	<title>Азимов Айзек. Дэвид Старр, космический рейнджер</title>
</book>
<book>
	<filename>azimov_aizek/azimov_aizek_dyevid_starr_kosmicheskii_reindzher_per_alevkin.fb2.zip</filename>
	<title>Азимов Айзек. Дэвид Старр – космический рейнджер (пер. А.Левкин)</title>
</book>
<book>
	<filename>azimov_aizek/azimov_aizek_est_mnogoe_na_nebe_i_zemle.fb2.zip</filename>
	<title>Азимов Айзек. Есть многое на небе и земле…</title>
</book>
<book>
	<filename>azimov_aizek/azimov_aizek_fantasticheskoe_puteshestvie.fb2.zip</filename>
	<title>Азимов Айзек. Фантастическое путешествие</title>
</book>
<book>
	<filename>azimov_aizek/azimov_aizek_galateya.fb2.zip</filename>
	<title>Азимов Айзек. Галатея</title>
</book>
<book>
	<filename>azimov_aizek/azimov_aizek_galka_v_nebe_peschinka_v_nebe.fb2.zip</filename>
	<title>Азимов Айзек. Галька в небе [Песчинка в небе]</title>
</book>
<book>
	<filename>azimov_aizek/azimov_aizek_garantirovannoe_udovolstvie_budete_dovolny.fb2.zip</filename>
	<title>Азимов Айзек. Гарантированное удовольствие [Будете довольны]</title>
</book>
<book>
	<filename>azimov_aizek/azimov_aizek_glaz_nablyudatelya.fb2.zip</filename>
	<title>Азимов Айзек. Глаз наблюдателя</title>
</book>
<book>
	<filename>azimov_aizek/azimov_aizek_govoryashii_kamen.fb2.zip</filename>
	<title>Азимов Айзек. Говорящий камень</title>
</book>
<book>
	<filename>azimov_aizek/azimov_aizek_horovod.fb2.zip</filename>
	<title>Азимов Айзек. Хоровод</title>
</book>
<book>
	<filename>azimov_aizek/azimov_aizek_hyellouin.fb2.zip</filename>
	<title>Азимов Айзек. Хэллоуин</title>
</book>
<book>
	<filename>azimov_aizek/azimov_aizek_inferno.fb2.zip</filename>
	<title>Азимов Айзек. Инферно</title>
</book>
<book>
	<filename>azimov_aizek/azimov_aizek_istinnaya_lyubov_nastoyashaya_lyubov.fb2.zip</filename>
	<title>Азимов Айзек. Истинная любовь [Настоящая любовь]</title>
</book>
<book>
	<filename>azimov_aizek/azimov_aizek_kak_poimat_krolika.fb2.zip</filename>
	<title>Азимов Айзек. Как поймать кролика</title>
</book>
<book>
	<filename>azimov_aizek/azimov_aizek_kak_poteryalsya_robot.fb2.zip</filename>
	<title>Азимов Айзек. Как потерялся робот</title>
</book>
<book>
	<filename>azimov_aizek/azimov_aizek_kak_zhal.fb2.zip</filename>
	<title>Азимов Айзек. Как жаль!</title>
</book>
<book>
	<filename>azimov_aizek/azimov_aizek_kaliban.fb2.zip</filename>
	<title>Азимов Айзек. Калибан</title>
</book>
<book>
	<filename>azimov_aizek/azimov_aizek_klyuch.fb2.zip</filename>
	<title>Азимов Айзек. Ключ</title>
</book>
<book>
	<filename>azimov_aizek/azimov_aizek_kogdanibud.fb2.zip</filename>
	<title>Азимов Айзек. Когда-нибудь</title>
</book>
<book>
	<filename>azimov_aizek/azimov_aizek_komu_dostayutsya_trofei.fb2.zip</filename>
	<title>Азимов Айзек. Кому достаются трофеи</title>
</book>
<book>
	<filename>azimov_aizek/azimov_aizek_konec_vechnosti.fb2.zip</filename>
	<title>Азимов Айзек. Конец вечности</title>
</book>
<book>
	<filename>azimov_aizek/azimov_aizek_kosmicheskie_techeniya.fb2.zip</filename>
	<title>Азимов Айзек. Космические течения</title>
</book>
<book>
	<filename>azimov_aizek/azimov_aizek_krai_osnovaniya_akademiya_na_krayu_gibeli.fb2.zip</filename>
	<title>Азимов Айзек. Край Основания [Академия на краю гибели]</title>
</book>
<book>
	<filename>azimov_aizek/azimov_aizek_krai_osnovaniya.fb2.zip</filename>
	<title>Азимов Айзек. Край Основания</title>
</book>
<book>
	<filename>azimov_aizek/azimov_aizek_kto_bystree_svoi_put_proidet.fb2.zip</filename>
	<title>Азимов Айзек. Кто быстрее свой путь пройдет</title>
</book>
<book>
	<filename>azimov_aizek/azimov_aizek_kyel.fb2.zip</filename>
	<title>Азимов Айзек. Кэл</title>
</book>
<book>
	<filename>azimov_aizek/azimov_aizek_lakki_starr_i_bolshoe_solnce_merkuriya.fb2.zip</filename>
	<title>Азимов Айзек. Лакки Старр и большое солнце Меркурия</title>
</book>
<book>
	<filename>azimov_aizek/azimov_aizek_lakki_starr_i_kolca_saturna.fb2.zip</filename>
	<title>Азимов Айзек. Лакки Старр и кольца Сатурна</title>
</book>
<book>
	<filename>azimov_aizek/azimov_aizek_lakki_starr_i_luny_yupitera.fb2.zip</filename>
	<title>Азимов Айзек. Лакки Старр и луны Юпитера</title>
</book>
<book>
	<filename>azimov_aizek/azimov_aizek_lakki_starr_i_okeany_venery.fb2.zip</filename>
	<title>Азимов Айзек. Лакки Старр и океаны Венеры</title>
</book>
<book>
	<filename>azimov_aizek/azimov_aizek_lakki_starr_i_okeany_venery_per_alevkin.fb2.zip</filename>
	<title>Азимов Айзек. Лакки Старр и океаны Венеры (пер. А.Левкин)</title>
</book>
<book>
	<filename>azimov_aizek/azimov_aizek_lakki_starr_i_piraty_asteroidov.fb2.zip</filename>
	<title>Азимов Айзек. Лакки Старр и пираты астероидов</title>
</book>
<book>
	<filename>azimov_aizek/azimov_aizek_lakki_starr_i_piraty_s_asteroidov_per_aanpilov.fb2.zip</filename>
	<title>Азимов Айзек. Лакки Старр и пираты с астероидов (пер. А.Анпилов)</title>
</book>
<book>
	<filename>azimov_aizek/azimov_aizek_lenni.fb2.zip</filename>
	<title>Азимов Айзек. Ленни</title>
</book>
<book>
	<filename>azimov_aizek/azimov_aizek_licom_k_licu_s_kompyuterom.fb2.zip</filename>
	<title>Азимов Айзек. Лицом к лицу с компьютером</title>
</book>
<book>
	<filename>azimov_aizek/azimov_aizek_logika_est_logika.fb2.zip</filename>
	<title>Азимов Айзек. Логика есть логика</title>
</book>
<book>
	<filename>azimov_aizek/azimov_aizek_logika.fb2.zip</filename>
	<title>Азимов Айзек. Логика</title>
</book>
<book>
	<filename>azimov_aizek/azimov_aizek_lovushka_dlya_prostakov.fb2.zip</filename>
	<title>Азимов Айзек. Ловушка для простаков</title>
</book>
<book>
	<filename>azimov_aizek/azimov_aizek_luchshii_drug_malchika.fb2.zip</filename>
	<title>Азимов Айзек. Лучший друг мальчика</title>
</book>
<book>
	<filename>azimov_aizek/azimov_aizek_lzhec.fb2.zip</filename>
	<title>Азимов Айзек. Лжец</title>
</book>
<book>
	<filename>azimov_aizek/azimov_aizek_matzemlya.fb2.zip</filename>
	<title>Азимов Айзек. Мать-Земля</title>
</book>
<book>
	<filename>azimov_aizek/azimov_aizek_mechty_robotov.fb2.zip</filename>
	<title>Азимов Айзек. Мечты роботов</title>
</book>
<book>
	<filename>azimov_aizek/azimov_aizek_mnimye_velichiny.fb2.zip</filename>
	<title>Азимов Айзек. Мнимые величины</title>
</book>
<book>
	<filename>azimov_aizek/azimov_aizek_molodost.fb2.zip</filename>
	<title>Азимов Айзек. Молодость</title>
</book>
<book>
	<filename>azimov_aizek/azimov_aizek_na_puti_k_akademii.fb2.zip</filename>
	<title>Азимов Айзек. На пути к Академии</title>
</book>
<book>
	<filename>azimov_aizek/azimov_aizek_na_puti_k_osnovaniyu.fb2.zip</filename>
	<title>Азимов Айзек. На пути к Основанию</title>
</book>
<book>
	<filename>azimov_aizek/azimov_aizek_na_puti_k_osnovaniyu_na_puti_k_akademii.fb2.zip</filename>
	<title>Азимов Айзек. На пути к Основанию [На пути к Академии]</title>
</book>
<book>
	<filename>azimov_aizek/azimov_aizek_nastoyashaya_lyubov.fb2.zip</filename>
	<title>Азимов Айзек. Настоящая любовь</title>
</book>
<book>
	<filename>azimov_aizek/azimov_aizek_nebyvalshina.fb2.zip</filename>
	<title>Азимов Айзек. Небывальщина</title>
</book>
<book>
	<filename>azimov_aizek/azimov_aizek_nechayannaya_pobeda_neozhidannaya_pobeda.fb2.zip</filename>
	<title>Азимов Айзек. Нечаянная победа [Неожиданная победа]</title>
</book>
<book>
	<filename>azimov_aizek/azimov_aizek_nemezida.fb2.zip</filename>
	<title>Азимов Айзек. Немезида</title>
</book>
<book>
	<filename>azimov_aizek/azimov_aizek_nemezida_per_yusokolov.fb2.zip</filename>
	<title>Азимов Айзек. Немезида (пер. Ю.Соколов)</title>
</book>
<book>
	<filename>azimov_aizek/azimov_aizek_neozhidannaya_pobeda.fb2.zip</filename>
	<title>Азимов Айзек. Неожиданная победа</title>
</book>
<book>
	<filename>azimov_aizek/azimov_aizek_neprednamerennaya_pobeda_neozhidannaya_pobeda.fb2.zip</filename>
	<title>Азимов Айзек. Непреднамеренная победа [Неожиданная победа]</title>
</book>
<book>
	<filename>azimov_aizek/azimov_aizek_neyasnyi_rokot.fb2.zip</filename>
	<title>Азимов Айзек. Неясный рокот</title>
</book>
<book>
	<filename>azimov_aizek/azimov_aizek_noch_kotoraya_umiraet.fb2.zip</filename>
	<title>Азимов Айзек. Ночь, которая умирает</title>
</book>
<book>
	<filename>azimov_aizek/azimov_aizek_novaya_igrushka.fb2.zip</filename>
	<title>Азимов Айзек. Новая игрушка</title>
</book>
<book>
	<filename>azimov_aizek/azimov_aizek_obnazhennoe_solnce.fb2.zip</filename>
	<title>Азимов Айзек. Обнаженное солнце</title>
</book>
<book>
	<filename>azimov_aizek/azimov_aizek_obnazhennoe_solnce_per_nvilenskaya.fb2.zip</filename>
	<title>Азимов Айзек. Обнаженное солнце (пер. Н.Виленская)</title>
</book>
<book>
	<filename>azimov_aizek/azimov_aizek_oni_ne_priletyat.fb2.zip</filename>
	<title>Азимов Айзек. Они не прилетят</title>
</book>
<book>
	<filename>azimov_aizek/azimov_aizek_oskolok_vselennoi_peschinka_v_nebe.fb2.zip</filename>
	<title>Азимов Айзек. Осколок Вселенной [Песчинка в небе]</title>
</book>
<book>
	<filename>azimov_aizek/azimov_aizek_osnovanie_akademiya.fb2.zip</filename>
	<title>Азимов Айзек. Основание [Академия]</title>
</book>
<book>
	<filename>azimov_aizek/azimov_aizek_osnovanie.fb2.zip</filename>
	<title>Азимов Айзек. Основание</title>
</book>
<book>
	<filename>azimov_aizek/azimov_aizek_osnovanie_i_imperiya_akademiya_i_imperiya.fb2.zip</filename>
	<title>Азимов Айзек. Основание и Империя [Академия и Империя]</title>
</book>
<book>
	<filename>azimov_aizek/azimov_aizek_osnovanie_i_imperiya.fb2.zip</filename>
	<title>Азимов Айзек. Основание и Империя</title>
</book>
<book>
	<filename>azimov_aizek/azimov_aizek_osnovanie_i_zemlya.fb2.zip</filename>
	<title>Азимов Айзек. Основание и Земля</title>
</book>
<book>
	<filename>azimov_aizek/azimov_aizek_ostryak.fb2.zip</filename>
	<title>Азимов Айзек. Остряк</title>
</book>
<book>
	<filename>azimov_aizek/azimov_aizek_o_vrede_pyanstva.fb2.zip</filename>
	<title>Азимов Айзек. О вреде пьянства</title>
</book>
<book>
	<filename>azimov_aizek/azimov_aizek_pashtet_iz_gusinoi_pechenki.fb2.zip</filename>
	<title>Азимов Айзек. Паштет из гусиной печенки</title>
</book>
<book>
	<filename>azimov_aizek/azimov_aizek_perst_obezyany.fb2.zip</filename>
	<title>Азимов Айзек. Перст обезьяны</title>
</book>
<book>
	<filename>azimov_aizek/azimov_aizek_pervyi_zakon.fb2.zip</filename>
	<title>Азимов Айзек. Первый закон</title>
</book>
<book>
	<filename>azimov_aizek/azimov_aizek_pokupaem_yupiter.fb2.zip</filename>
	<title>Азимов Айзек. Покупаем Юпитер</title>
</book>
<book>
	<filename>azimov_aizek/azimov_aizek_polet_fantazii.fb2.zip</filename>
	<title>Азимов Айзек. Полет фантазии</title>
</book>
<book>
	<filename>azimov_aizek/azimov_aizek_poslednii_vopros.fb2.zip</filename>
	<title>Азимов Айзек. Последний вопрос</title>
</book>
<book>
	<filename>azimov_aizek/azimov_aizek_poslednii_vopros_poslednyaya_problema.fb2.zip</filename>
	<title>Азимов Айзек. Последний вопрос [Последняя проблема]</title>
</book>
<book>
	<filename>azimov_aizek/azimov_aizek_po_snezhku_po_myagkomu.fb2.zip</filename>
	<title>Азимов Айзек. По снежку по мягкому</title>
</book>
<book>
	<filename>azimov_aizek/azimov_aizek_poyushii_kolokolchik.fb2.zip</filename>
	<title>Азимов Айзек. Поющий колокольчик</title>
</book>
<book>
	<filename>azimov_aizek/azimov_aizek_prelyudiya_k_akademii.fb2.zip</filename>
	<title>Азимов Айзек. Прелюдия к Академии</title>
</book>
<book>
	<filename>azimov_aizek/azimov_aizek_prelyudiya_k_osnovaniyu.fb2.zip</filename>
	<title>Азимов Айзек. Прелюдия к Основанию</title>
</book>
<book>
	<filename>azimov_aizek/azimov_aizek_prelyudiya_k_osnovaniyu_prelyudiya_k_akademii.fb2.zip</filename>
	<title>Азимов Айзек. Прелюдия к Основанию [Прелюдия к Академии]</title>
</book>
<book>
	<filename>azimov_aizek/azimov_aizek_prihod_nochi.fb2.zip</filename>
	<title>Азимов Айзек. Приход ночи</title>
</book>
<book>
	<filename>azimov_aizek/azimov_aizek_prikol.fb2.zip</filename>
	<title>Азимов Айзек. Прикол</title>
</book>
<book>
	<filename>azimov_aizek/azimov_aizek_professiya.fb2.zip</filename>
	<title>Азимов Айзек. Профессия</title>
</book>
<book>
	<filename>azimov_aizek/azimov_aizek_rab_korrektury.fb2.zip</filename>
	<title>Азимов Айзек. Раб корректуры</title>
</book>
<book>
	<filename>azimov_aizek/azimov_aizek_razreshimoe_protivorechie.fb2.zip</filename>
	<title>Азимов Айзек. Разрешимое противоречие</title>
</book>
<book>
	<filename>azimov_aizek/azimov_aizek_risk.fb2.zip</filename>
	<title>Азимов Айзек. Риск</title>
</book>
<book>
	<filename>azimov_aizek/azimov_aizek_risk_per_mnahmanson.fb2.zip</filename>
	<title>Азимов Айзек. Риск (пер. М.Нахмансон)</title>
</book>
<book>
	<filename>azimov_aizek/azimov_aizek_robbi.fb2.zip</filename>
	<title>Азимов Айзек. Робби</title>
</book>
<book>
	<filename>azimov_aizek/azimov_aizek_robot_kotoryi_videl_sny.fb2.zip</filename>
	<title>Азимов Айзек. Робот, который видел сны</title>
</book>
<book>
	<filename>azimov_aizek/azimov_aizek_robot_kotoryi_videl_sny_sny_robotov.fb2.zip</filename>
	<title>Азимов Айзек. Робот, который видел сны [Сны роботов]</title>
</book>
<book>
	<filename>azimov_aizek/azimov_aizek_robot_yel76_popadaet_ne_tuda.fb2.zip</filename>
	<title>Азимов Айзек. Робот ЭЛ-76 попадает не туда</title>
</book>
<book>
	<filename>azimov_aizek/azimov_aizek_roboty_i_imperiya.fb2.zip</filename>
	<title>Азимов Айзек. Роботы и империя</title>
</book>
<book>
	<filename>azimov_aizek/azimov_aizek_roboty_i_imperiya_per_mbukashkina.fb2.zip</filename>
	<title>Азимов Айзек. Роботы и Империя (пер. М.Букашкина)</title>
</book>
<book>
	<filename>azimov_aizek/azimov_aizek_roboty_utrennei_zari.fb2.zip</filename>
	<title>Азимов Айзек. Роботы утренней зари</title>
</book>
<book>
	<filename>azimov_aizek/azimov_aizek_roboty_zari_roboty_utrennei_zari.fb2.zip</filename>
	<title>Азимов Айзек. Роботы зари [Роботы утренней зари]</title>
</book>
<book>
	<filename>azimov_aizek/azimov_aizek_rozhdestvo_bez_rodni.fb2.zip</filename>
	<title>Азимов Айзек. Рождество без Родни</title>
</book>
<book>
	<filename>azimov_aizek/azimov_aizek_salli.fb2.zip</filename>
	<title>Азимов Айзек. Салли</title>
</book>
<book>
	<filename>azimov_aizek/azimov_aizek_sami_bogi.fb2.zip</filename>
	<title>Азимов Айзек. Сами боги</title>
</book>
<book>
	<filename>azimov_aizek/azimov_aizek_serdobolnye_stervyatniki_dobrye_stervyatniki_kiseinye_grify.fb2.zip</filename>
	<title>Азимов Айзек. Сердобольные стервятники ["Добрые стервятники", «Кисейные грифы»]</title>
</book>
<book>
	<filename>azimov_aizek/azimov_aizek_serdobolnye_stervyatniki.fb2.zip</filename>
	<title>Азимов Айзек. Сердобольные стервятники</title>
</book>
<book>
	<filename>azimov_aizek/azimov_aizek_smertnyi_prigovor.fb2.zip</filename>
	<title>Азимов Айзек. Смертный приговор</title>
</book>
<book>
	<filename>azimov_aizek/azimov_aizek_soberemsya_vmeste_davaite_obedinimsya.fb2.zip</filename>
	<title>Азимов Айзек. Соберемся вместе [Давайте объединимся]</title>
</book>
<book>
	<filename>azimov_aizek/azimov_aizek_solli_salli.fb2.zip</filename>
	<title>Азимов Айзек. Солли [Салли]</title>
</book>
<book>
	<filename>azimov_aizek/azimov_aizek_spasitel_chelovechestva.fb2.zip</filename>
	<title>Азимов Айзек. Спаситель человечества</title>
</book>
<book>
	<filename>azimov_aizek/azimov_aizek_stalnye_peshery.fb2.zip</filename>
	<title>Азимов Айзек. Стальные пещеры</title>
</book>
<book>
	<filename>azimov_aizek/azimov_aizek_stalnye_peshery_per_ikochkareva.fb2.zip</filename>
	<title>Азимов Айзек. Стальные пещеры (пер. И.Кочкарева)</title>
</book>
<book>
	<filename>azimov_aizek/azimov_aizek_storonnik_segregacii.fb2.zip</filename>
	<title>Азимов Айзек. Сторонник сегрегации</title>
</book>
<book>
	<filename>azimov_aizek/azimov_aizek_strannik_v_rayu.fb2.zip</filename>
	<title>Азимов Айзек. Странник в раю</title>
</book>
<book>
	<filename>azimov_aizek/azimov_aizek_sumasshedshii_uchenyi.fb2.zip</filename>
	<title>Азимов Айзек. Сумасшедший ученый</title>
</book>
<book>
	<filename>azimov_aizek/azimov_aizek_svetovirshi.fb2.zip</filename>
	<title>Азимов Айзек. Световирши</title>
</book>
<book>
	<filename>azimov_aizek/azimov_aizek_takoi_prekrasnyi_den.fb2.zip</filename>
	<title>Азимов Айзек. Такой прекрасный день</title>
</book>
<book>
	<filename>azimov_aizek/azimov_aizek_tochka_zreniya.fb2.zip</filename>
	<title>Азимов Айзек. Точка зрения</title>
</book>
<book>
	<filename>azimov_aizek/azimov_aizek_trinadcatyi_den_rozhdestva.fb2.zip</filename>
	<title>Азимов Айзек. Тринадцатый день рождества</title>
</book>
<book>
	<filename>azimov_aizek/azimov_aizek_tri_zakona_robotehniki.fb2.zip</filename>
	<title>Азимов Айзек. Три Закона роботехники</title>
</book>
<book>
	<filename>azimov_aizek/azimov_aizek_tupik.fb2.zip</filename>
	<title>Азимов Айзек. Тупик</title>
</book>
<book>
	<filename>azimov_aizek/azimov_aizek_ubiistvo_v_yeibiyei.fb2.zip</filename>
	<title>Азимов Айзек. Убийство в Эй-Би-Эй</title>
</book>
<book>
	<filename>azimov_aizek/azimov_aizek_udovletvorenie_garantirovano_budete_dovolny.fb2.zip</filename>
	<title>Азимов Айзек. Удовлетворение гарантировано [Будете довольны]</title>
</book>
<book>
	<filename>azimov_aizek/azimov_aizek_ugadyvanie_mysli.fb2.zip</filename>
	<title>Азимов Айзек. Угадывание мысли</title>
</book>
<book>
	<filename>azimov_aizek/azimov_aizek_uliki.fb2.zip</filename>
	<title>Азимов Айзек. Улики</title>
</book>
<book>
	<filename>azimov_aizek/azimov_aizek_ulybka_prinosyashaya_gore.fb2.zip</filename>
	<title>Азимов Айзек. Улыбка, приносящая горе</title>
</book>
<book>
	<filename>azimov_aizek/azimov_aizek_urodlivyi_malchugan_bezobraznyi_malysh.fb2.zip</filename>
	<title>Азимов Айзек. Уродливый мальчуган [Безобразный малыш]</title>
</book>
<book>
	<filename>azimov_aizek/azimov_aizek_urodlivyi_malchugan.fb2.zip</filename>
	<title>Азимов Айзек. Уродливый мальчуган</title>
</book>
<book>
	<filename>azimov_aizek/azimov_aizek_valgalla.fb2.zip</filename>
	<title>Азимов Айзек. Валгалла</title>
</book>
<book>
	<filename>azimov_aizek/azimov_aizek_vesennie_bitvy.fb2.zip</filename>
	<title>Азимов Айзек. Весенние битвы</title>
</book>
<book>
	<filename>azimov_aizek/azimov_aizek_v_nachale.fb2.zip</filename>
	<title>Азимов Айзек. В начале</title>
</book>
<book>
	<filename>azimov_aizek/azimov_aizek_vozmite_spichku.fb2.zip</filename>
	<title>Азимов Айзек. Возьмите спичку</title>
</book>
<book>
	<filename>azimov_aizek/azimov_aizek_vremya_pisat.fb2.zip</filename>
	<title>Азимов Айзек. Время писать</title>
</book>
<book>
	<filename>azimov_aizek/azimov_aizek_vsego_odin_koncert.fb2.zip</filename>
	<title>Азимов Айзек. Всего один концерт</title>
</book>
<book>
	<filename>azimov_aizek/azimov_aizek_vse_grehi_mira.fb2.zip</filename>
	<title>Азимов Айзек. Все грехи мира</title>
</book>
<book>
	<filename>azimov_aizek/azimov_aizek_vstavte_shplint_a_v_gnezdo_b.fb2.zip</filename>
	<title>Азимов Айзек. ...Вставьте шплинт А в гнездо Б...</title>
</book>
<book>
	<filename>azimov_aizek/azimov_aizek_vtoraya_akademiya.fb2.zip</filename>
	<title>Азимов Айзек. Вторая Академия</title>
</book>
<book>
	<filename>azimov_aizek/azimov_aizek_vtoroi_fond.fb2.zip</filename>
	<title>Азимов Айзек. Второй Фонд</title>
</book>
<book>
	<filename>azimov_aizek/azimov_aizek_vtoroi_fond_vtoraya_akademiya.fb2.zip</filename>
	<title>Азимов Айзек. Второй Фонд [Вторая Академия]</title>
</book>
<book>
	<filename>azimov_aizek/azimov_aizek_vybor_katastrof.fb2.zip</filename>
	<title>Азимов Айзек. Выбор катастроф</title>
</book>
<book>
	<filename>azimov_aizek/azimov_aizek_vybory.fb2.zip</filename>
	<title>Азимов Айзек. Выборы</title>
</book>
<book>
	<filename>azimov_aizek/azimov_aizek_vybory_naznachaet_multivak.fb2.zip</filename>
	<title>Азимов Айзек. Выборы [Назначает Мультивак]</title>
</book>
<book>
	<filename>azimov_aizek/azimov_aizek_vyhod_iz_polozheniya.fb2.zip</filename>
	<title>Азимов Айзек. Выход из положения</title>
</book>
<book>
	<filename>azimov_aizek/azimov_aizek_yako_pomnishi_ego.fb2.zip</filename>
	<title>Азимов Айзек. «...Яко помниши его»</title>
</book>
<book>
	<filename>azimov_aizek/azimov_aizek_ya_robot.fb2.zip</filename>
	<title>Азимов Айзек. Я — робот</title>
</book>
<book>
	<filename>azimov_aizek/azimov_aizek_ya_v_marsoporte_bez_hildy.fb2.zip</filename>
	<title>Азимов Айзек. Я в Марсопорте без Хильды</title>
</book>
<book>
	<filename>azimov_aizek/azimov_aizek_yeverest.fb2.zip</filename>
	<title>Азимов Айзек. Эверест</title>
</book>
<book>
	<filename>azimov_aizek/azimov_aizek_zaminka_na_prazdnovanii_trehsotletiya.fb2.zip</filename>
	<title>Азимов Айзек. Заминка на праздновании Трехсотлетия</title>
</book>
<book>
	<filename>azimov_aizek/azimov_aizek_zdes_net_nikogo_krome.fb2.zip</filename>
	<title>Азимов Айзек. Здесь нет никого, кроме...</title>
</book>
<book>
	<filename>azimov_aizek/azimov_aizek_zerkalnoe_otrazhenie.fb2.zip</filename>
	<title>Азимов Айзек. Зеркальное отражение</title>
</book>
<book>
	<filename>azimov_aizek/azimov_aizek_zhenskaya_intuiciya.fb2.zip</filename>
	<title>Азимов Айзек. Женская интуиция</title>
</book>
<book>
	<filename>azimov_aizek/azimov_aizek_zvezdy_kak_pyl.fb2.zip</filename>
	<title>Азимов Айзек. Звезды как пыль</title>
</book>
<book>
	<filename>azimov_aizek/azimov_aizek_zvezdy_kak_pyl_per_itkach.fb2.zip</filename>
	<title>Азимов Айзек. Звезды как пыль (пер. И.Ткач)</title>
</book>

</books>
