<?xml version="1.0" encoding="UTF-8" ?>
<books>
<book>
	<filename>ashkinazi_leonid/ashkinazi_leonid_literatura_i_internet_ili_kto_bolee_materifilologii_cenen.fb2.zip</filename>
	<title>Ашкинази Леонид. Литература и Интернет, или Кто более матери-филологии ценен</title>
</book>
<book>
	<filename>ashlag_feiga/ashlag_feiga_vospominaniya_vdovy_rava_baruha_ashlaga_feigi_ashlag.fb2.zip</filename>
	<title>Ашлаг Фейга. Воспоминания вдовы рава Баруха Ашлага — Фейги Ашлаг</title>
</book>
<book>
	<filename>asimov_isaac/asimov_isaac_the_end_of_eternity.fb2.zip</filename>
	<title>Asimov Isaac. The End of Eternity</title>
</book>
<book>
	<filename>askildsen_hell/askildsen_hell_babe_leto.fb2.zip</filename>
	<title>Аскильдсен Хьелль. Бабье лето</title>
</book>
<book>
	<filename>askildsen_hell/askildsen_hell_beskrainii_pustynnyi_landshaft.fb2.zip</filename>
	<title>Аскильдсен Хьелль. Бескрайний пустынный ландшафт</title>
</book>
<book>
	<filename>askildsen_hell/askildsen_hell_dzhoker.fb2.zip</filename>
	<title>Аскильдсен Хьелль. Джокер</title>
</book>
<book>
	<filename>askildsen_hell/askildsen_hell_ingrid_langbakke.fb2.zip</filename>
	<title>Аскильдсен Хьелль. Ингрид Лангбакке</title>
</book>
<book>
	<filename>askildsen_hell/askildsen_hell_karl_lange.fb2.zip</filename>
	<title>Аскильдсен Хьелль. Карл Ланге</title>
</book>
<book>
	<filename>askildsen_hell/askildsen_hell_lico_moei_sestry.fb2.zip</filename>
	<title>Аскильдсен Хьелль. Лицо моей сестры</title>
</book>
<book>
	<filename>askildsen_hell/askildsen_hell_makushka_leta.fb2.zip</filename>
	<title>Аскильдсен Хьелль. Макушка лета</title>
</book>
<book>
	<filename>askildsen_hell/askildsen_hell_my_ne_takie.fb2.zip</filename>
	<title>Аскильдсен Хьелль. Мы не такие</title>
</book>
<book>
	<filename>askildsen_hell/askildsen_hell_noch_mardona.fb2.zip</filename>
	<title>Аскильдсен Хьелль. Ночь Мардона</title>
</book>
<book>
	<filename>askildsen_hell/askildsen_hell_okruzhenie.fb2.zip</filename>
	<title>Аскильдсен Хьелль. Окружение</title>
</book>
<book>
	<filename>askildsen_hell/askildsen_hell_optimisticheskie_pohorony_yuhannesa.fb2.zip</filename>
	<title>Аскильдсен Хьелль. Оптимистические похороны Юханнеса</title>
</book>
<book>
	<filename>askildsen_hell/askildsen_hell_pominki.fb2.zip</filename>
	<title>Аскильдсен Хьелль. Поминки</title>
</book>
<book>
	<filename>askildsen_hell/askildsen_hell_poslednie_zametki_tomasa_f.fb2.zip</filename>
	<title>Аскильдсен Хьелль. Последние заметки Томаса Ф.</title>
</book>
<book>
	<filename>askildsen_hell/askildsen_hell_roza_rascvela.fb2.zip</filename>
	<title>Аскильдсен Хьелль. Роза расцвела</title>
</book>
<book>
	<filename>askildsen_hell/askildsen_hell_shtyr_v_staroi_vishne.fb2.zip</filename>
	<title>Аскильдсен Хьелль. Штырь в старой вишне</title>
</book>
<book>
	<filename>askildsen_hell/askildsen_hell_sobaki_v_salonikah.fb2.zip</filename>
	<title>Аскильдсен Хьелль. Собаки в Салониках</title>
</book>
<book>
	<filename>askildsen_hell/askildsen_hell_svidanie.fb2.zip</filename>
	<title>Аскильдсен Хьелль. Свидание</title>
</book>
<book>
	<filename>askildsen_hell/askildsen_hell_teper_ya_vsegda_budu_provozhat_tebya_domoi.fb2.zip</filename>
	<title>Аскильдсен Хьелль. Теперь я всегда буду провожать тебя домой</title>
</book>
<book>
	<filename>askildsen_hell/askildsen_hell_vnezapnaya_spasitelnaya_mysl.fb2.zip</filename>
	<title>Аскильдсен Хьелль. Внезапная спасительная мысль</title>
</book>
<book>
	<filename>askildsen_hell/askildsen_hell_vse_horosho_poka_horosho.fb2.zip</filename>
	<title>Аскильдсен Хьелль. Все хорошо, пока хорошо</title>
</book>
<book>
	<filename>askildsen_hell/askildsen_hell_yelizabet.fb2.zip</filename>
	<title>Аскильдсен Хьелль. Элизабет</title>
</book>
<book>
	<filename>asoskov_anton/asoskov_anton_pravovye_formy_uchastiya_yuridicheskih_lic_v_mezhdunarodnom_kommercheskom_oborote.fb2.zip</filename>
	<title>Асосков Антон Владимирович. Правовые формы участия юридических лиц в международном коммерческом обороте</title>
</book>
<book>
	<filename>asov_aleksandr/asov_aleksandr_atlantida_i_drevnyaya_rus.fb2.zip</filename>
	<title>Асов Александр. Атлантида и Древняя Русь</title>
</book>
<book>
	<filename>asprin_robert/asprin_robert_arturpolkovodec.fb2.zip</filename>
	<title>Асприн Роберт Линн. Артур-полководец</title>
</book>
<book>
	<filename>asprin_robert/asprin_robert_bespokoinye_soyuzniki.fb2.zip</filename>
	<title>Асприн Роберт Линн. Беспокойные союзники</title>
</book>
<book>
	<filename>asprin_robert/asprin_robert_boevaya_yelita_imperii.fb2.zip</filename>
	<title>Асприн Роберт Линн. Боевая элита империи</title>
</book>
<book>
	<filename>asprin_robert/asprin_robert_dom_kotoryi_postroil_dzhek.fb2.zip</filename>
	<title>Асприн Роберт Линн. Дом, который построил Джек</title>
</book>
<book>
	<filename>asprin_robert/asprin_robert_drugoi_otlichnyi_mif.fb2.zip</filename>
	<title>Асприн Роберт Линн. Другой отличный миф</title>
</book>
<book>
	<filename>asprin_robert/asprin_robert_dusha_goroda.fb2.zip</filename>
	<title>Асприн Роберт Линн. Душа города</title>
</book>
<book>
	<filename>asprin_robert/asprin_robert_dvazhdy_shutt.fb2.zip</filename>
	<title>Асприн Роберт Линн. Дважды Шутт</title>
</book>
<book>
	<filename>asprin_robert/asprin_robert_holodnye_finansovye_voiny.fb2.zip</filename>
	<title>Асприн Роберт Линн. Холодные финансовые войны</title>
</book>
<book>
	<filename>asprin_robert/asprin_robert_inache_yeto_mif.fb2.zip</filename>
	<title>Асприн Роберт Линн. Иначе — это миф</title>
</book>
<book>
	<filename>asprin_robert/asprin_robert_istorii_taverny_rasputnyi_edinorog.fb2.zip</filename>
	<title>Асприн Роберт Линн. Истории таверны «Распутный единорог»</title>
</book>
<book>
	<filename>asprin_robert/asprin_robert_korporaciya_m_i_f_svyazuyushee_zveno.fb2.zip</filename>
	<title>Асприн Роберт Линн. Корпорация М. И. Ф. — связующее звено</title>
</book>
<book>
	<filename>asprin_robert/asprin_robert_korporaciya_m_i_f_v_deistvii.fb2.zip</filename>
	<title>Асприн Роберт Линн. Корпорация М. И. Ф. в действии</title>
</book>
<book>
	<filename>asprin_robert/asprin_robert_krovnye_uzy.fb2.zip</filename>
	<title>Асприн Роберт Линн. Кровные узы</title>
</book>
<book>
	<filename>asprin_robert/asprin_robert_krylya_roka.fb2.zip</filename>
	<title>Асприн Роберт Линн. Крылья рока</title>
</book>
<book>
	<filename>asprin_robert/asprin_robert_lik_haosa.fb2.zip</filename>
	<title>Асприн Роберт Линн. Лик Хаоса</title>
</book>
<book>
	<filename>asprin_robert/asprin_robert_malenkii_mifozaklad.fb2.zip</filename>
	<title>Асприн Роберт Линн. Маленький мифо-заклад</title>
</book>
<book>
	<filename>asprin_robert/asprin_robert_mifalyansy.fb2.zip</filename>
	<title>Асприн Роберт Линн. МИФальянсы</title>
</book>
<book>
	<filename>asprin_robert/asprin_robert_miffiya_nevypolnima.fb2.zip</filename>
	<title>Асприн Роберт Линн. Миффия невыполнима</title>
</book>
<book>
	<filename>asprin_robert/asprin_robert_mificheskie_lichnosti.fb2.zip</filename>
	<title>Асприн Роберт Линн. Мифические личности</title>
</book>
<book>
	<filename>asprin_robert/asprin_robert_mifonaimenovaniya_i_izvergeniya.fb2.zip</filename>
	<title>Асприн Роберт Линн. Мифо-наименования и из-вергения</title>
</book>
<book>
	<filename>asprin_robert/asprin_robert_mifonebylicy.fb2.zip</filename>
	<title>Асприн Роберт Линн. МИФОнебылицы</title>
</book>
<book>
	<filename>asprin_robert/asprin_robert_mifotolkovaniya.fb2.zip</filename>
	<title>Асприн Роберт Линн. Мифо-толкования</title>
</book>
<book>
	<filename>asprin_robert/asprin_robert_mir_vorov.fb2.zip</filename>
	<title>Асприн Роберт Линн. Мир воров</title>
</book>
<book>
	<filename>asprin_robert/asprin_robert_moshenniki_vremeni.fb2.zip</filename>
	<title>Асприн Роберт Линн. Мошенники времени</title>
</book>
<book>
	<filename>asprin_robert/asprin_robert_nechto_omifigennoe.fb2.zip</filename>
	<title>Асприн Роберт Линн. Нечто оМИФигенное</title>
</book>
<book>
	<filename>asprin_robert/asprin_robert_novaya_krov.fb2.zip</filename>
	<title>Асприн Роберт Линн. Новая кровь</title>
</book>
<book>
	<filename>asprin_robert/asprin_robert_odinnadcat_srebrenikov.fb2.zip</filename>
	<title>Асприн Роберт Линн. Одиннадцать сребреников</title>
</book>
<book>
	<filename>asprin_robert/asprin_robert_potroshiteli_vremeni.fb2.zip</filename>
	<title>Асприн Роберт Линн. Потрошители времени</title>
</book>
<book>
	<filename>asprin_robert/asprin_robert_razvedchiki_vremeni.fb2.zip</filename>
	<title>Асприн Роберт Линн. Разведчики времени</title>
</book>
<book>
	<filename>asprin_robert/asprin_robert_sezon_shtormov.fb2.zip</filename>
	<title>Асприн Роберт Линн. Сезон штормов</title>
</book>
<book>
	<filename>asprin_robert/asprin_robert_shuttovskaya_rota.fb2.zip</filename>
	<title>Асприн Роберт Линн. Шуттовская рота</title>
</book>
<book>
	<filename>asprin_robert/asprin_robert_shuttovskie_dengi.fb2.zip</filename>
	<title>Асприн Роберт Линн. Шуттовские деньги</title>
</book>
<book>
	<filename>asprin_robert/asprin_robert_shuttovskoi_rai.fb2.zip</filename>
	<title>Асприн Роберт Линн. Шуттовской рай</title>
</book>
<book>
	<filename>asprin_robert/asprin_robert_sladostnyi_mif_ili_mifteriya_zhizni.fb2.zip</filename>
	<title>Асприн Роберт Линн. Сладостный МИФ, или мифтерия жизни</title>
</book>
<book>
	<filename>asprin_robert/asprin_robert_smertonosnaya_zima.fb2.zip</filename>
	<title>Асприн Роберт Линн. Смертоносная зима</title>
</book>
<book>
	<filename>asprin_robert/asprin_robert_tambu.fb2.zip</filename>
	<title>Асприн Роберт Линн. Тамбу</title>
</book>
<book>
	<filename>asprin_robert/asprin_robert_teni_sanktuariya.fb2.zip</filename>
	<title>Асприн Роберт Линн. Тени Санктуария</title>
</book>
<book>
	<filename>asprin_robert/asprin_robert_ten_kolduna.fb2.zip</filename>
	<title>Асприн Роберт Линн. Тень колдуна</title>
</book>
<book>
	<filename>asprin_robert/asprin_robert_utverzhdenie_mifa_mifoukazaniya.fb2.zip</filename>
	<title>Асприн Роберт Линн. Утверждение мифа — мифо-указания</title>
</book>
<book>
	<filename>asprin_robert/asprin_robert_vartorn_voskreshenie.fb2.zip</filename>
	<title>Асприн Роберт. Варторн: Воскрешение</title>
</book>
<book>
	<filename>asprin_robert/asprin_robert_vorovskoe_nebo.fb2.zip</filename>
	<title>Асприн Роберт Линн. Воровское небо</title>
</book>
<book>
	<filename>asprin_robert/asprin_robert_za_dalyu_voln.fb2.zip</filename>
	<title>Асприн Роберт Линн. За далью волн</title>
</book>
<book>
	<filename>asprin_robert/asprin_robert_zaklinanie_dlya_specagenta.fb2.zip</filename>
	<title>Асприн Роберт Линн. Заклинание для спецагента</title>
</book>
<book>
	<filename>asprin_robert/asprin_robert_zerkalo_drug_zerkalo_vrag.fb2.zip</filename>
	<title>Асприн Роберт Линн. Зеркало — друг, зеркало — враг</title>
</book>
<book>
	<filename>asprin_robert/asprin_robert_zhenshinakoshka.fb2.zip</filename>
	<title>Асприн Роберт Линн. Женщина-кошка</title>
</book>
<book>
	<filename>ass_pavel/ass_pavel_shtirlic_ili_kak_razmnozhayutsya_ezhiki.fb2.zip</filename>
	<title>Асс Павел Николаевич. Штирлиц, или Как размножаются ежики</title>
</book>
<book>
	<filename>ass_pavel/ass_pavel_shtirlic_ili_koreiskii_vopros.fb2.zip</filename>
	<title>Асс Павел Николаевич. Штирлиц, или Корейский вопрос</title>
</book>
<book>
	<filename>ass_pavel/ass_pavel_shtirlic_ili_vpered_v_proshloe.fb2.zip</filename>
	<title>Асс Павел Николаевич. Штирлиц, или Вперед в прошлое</title>
</book>
<book>
	<filename>ass_pavel/ass_pavel_shtirlic_ili_vtoraya_molodost.fb2.zip</filename>
	<title>Асс Павел Николаевич. Штирлиц, или Вторая молодость</title>
</book>
<book>
	<filename>assulin_per/assulin_per_klientka.fb2.zip</filename>
	<title>Ассулин Пьер. Клиентка</title>
</book>
<book>
	<filename>astafev_viktor/astafev_viktor_ariya_kavaradossi.fb2.zip</filename>
	<title>Астафьев Виктор. Ария Каварадосси</title>
</book>
<book>
	<filename>astafev_viktor/astafev_viktor_babushka_s_malinoi.fb2.zip</filename>
	<title>Астафьев Виктор. Бабушка с малиной</title>
</book>
<book>
	<filename>astafev_viktor/astafev_viktor_belogrudka.fb2.zip</filename>
	<title>Астафьев Виктор. Белогрудка</title>
</book>
<book>
	<filename>astafev_viktor/astafev_viktor_beri_da_pomni.fb2.zip</filename>
	<title>Астафьев Виктор. Бери да помни</title>
</book>
<book>
	<filename>astafev_viktor/astafev_viktor_bez_poslednego.fb2.zip</filename>
	<title>Астафьев Виктор. Без последнего</title>
</book>
<book>
	<filename>astafev_viktor/astafev_viktor_carryba.fb2.zip</filename>
	<title>Астафьев Виктор. Царь-рыба</title>
</book>
<book>
	<filename>astafev_viktor/astafev_viktor_chertova_yama.fb2.zip</filename>
	<title>Астафьев Виктор. Чертова яма</title>
</book>
<book>
	<filename>astafev_viktor/astafev_viktor_dikii_luk.fb2.zip</filename>
	<title>Астафьев Виктор. Дикий лук</title>
</book>
<book>
	<filename>astafev_viktor/astafev_viktor_do_budushei_vesny.fb2.zip</filename>
	<title>Астафьев Виктор. До будущей весны</title>
</book>
<book>
	<filename>astafev_viktor/astafev_viktor_dyadya_kuzya_kurinyi_nachalnik.fb2.zip</filename>
	<title>Астафьев Виктор. Дядя Кузя — куриный начальник</title>
</book>
<book>
	<filename>astafev_viktor/astafev_viktor_elchikbelchik.fb2.zip</filename>
	<title>Астафьев Виктор. Ельчик-бельчик</title>
</book>
<book>
	<filename>astafev_viktor/astafev_viktor_girmancha_nahodit_druzei.fb2.zip</filename>
	<title>Астафьев Виктор. Гирманча находит друзей</title>
</book>
<book>
	<filename>astafev_viktor/astafev_viktor_gluhaya_proseka.fb2.zip</filename>
	<title>Астафьев Виктор. Глухая просека</title>
</book>
<book>
	<filename>astafev_viktor/astafev_viktor_indiya.fb2.zip</filename>
	<title>Астафьев Виктор. Индия</title>
</book>
<book>
	<filename>astafev_viktor/astafev_viktor_iz_tihogo_sveta.fb2.zip</filename>
	<title>Астафьев Виктор. Из тихого света</title>
</book>
<book>
	<filename>astafev_viktor/astafev_viktor_kapaluha.fb2.zip</filename>
	<title>Астафьев Виктор. Капалуха</title>
</book>
<book>
	<filename>astafev_viktor/astafev_viktor_kavkazec.fb2.zip</filename>
	<title>Астафьев Виктор. Кавказец</title>
</book>
<book>
	<filename>astafev_viktor/astafev_viktor_korshun.fb2.zip</filename>
	<title>Астафьев Виктор. Коршун</title>
</book>
<book>
	<filename>astafev_viktor/astafev_viktor_krov_chelovecheskaya.fb2.zip</filename>
	<title>Астафьев Виктор. Кровь человеческая</title>
</book>
<book>
	<filename>astafev_viktor/astafev_viktor_kurica_ne_ptica.fb2.zip</filename>
	<title>Астафьев Виктор. Курица — не птица</title>
</book>
<book>
	<filename>astafev_viktor/astafev_viktor_lnyanoe_pole_v_cvetu.fb2.zip</filename>
	<title>Астафьев Виктор. Льняное поле в цвету</title>
</book>
<book>
	<filename>astafev_viktor/astafev_viktor_lovlya_peskarei_v_gruzii.fb2.zip</filename>
	<title>Астафьев Виктор. Ловля пескарей в Грузии</title>
</book>
<book>
	<filename>astafev_viktor/astafev_viktor_lyudochka.fb2.zip</filename>
	<title>Астафьев Виктор. Людочка</title>
</book>
<book>
	<filename>astafev_viktor/astafev_viktor_medvezhya_krov.fb2.zip</filename>
	<title>Астафьев Виктор. Медвежья кровь</title>
</book>
<book>
	<filename>astafev_viktor/astafev_viktor_mityai_s_zemlecherpalki.fb2.zip</filename>
	<title>Астафьев Виктор. Митяй с землечерпалки</title>
</book>
<book>
	<filename>astafev_viktor/astafev_viktor_mnoyu_rozhdennyi.fb2.zip</filename>
	<title>Астафьев Виктор. Мною рожденный</title>
</book>
<book>
	<filename>astafev_viktor/astafev_viktor_na_dalekoi_severnoi_vershine.fb2.zip</filename>
	<title>Астафьев Виктор. На далекой северной вершине</title>
</book>
<book>
	<filename>astafev_viktor/astafev_viktor_noch_kosmonavta.fb2.zip</filename>
	<title>Астафьев Виктор. Ночь космонавта</title>
</book>
<book>
	<filename>astafev_viktor/astafev_viktor_o_chem_ty_plachesh_el.fb2.zip</filename>
	<title>Астафьев Виктор. О чем ты плачешь, ель?</title>
</book>
<book>
	<filename>astafev_viktor/astafev_viktor_ogonki.fb2.zip</filename>
	<title>Астафьев Виктор. Огоньки</title>
</book>
<book>
	<filename>astafev_viktor/astafev_viktor_osenyu_na_vyrubke.fb2.zip</filename>
	<title>Астафьев Виктор. Осенью на вырубке</title>
</book>
<book>
	<filename>astafev_viktor/astafev_viktor_parunya.fb2.zip</filename>
	<title>Астафьев Виктор. Паруня</title>
</book>
<book>
	<filename>astafev_viktor/astafev_viktor_pastuh_i_pastushka.fb2.zip</filename>
	<title>Астафьев Виктор. Пастух и пастушка</title>
</book>
<book>
	<filename>astafev_viktor/astafev_viktor_pechalnyi_detektiv.fb2.zip</filename>
	<title>Астафьев Виктор. Печальный детектив</title>
</book>
<book>
	<filename>astafev_viktor/astafev_viktor_peredyshka.fb2.zip</filename>
	<title>Астафьев Виктор. Передышка</title>
</book>
<book>
	<filename>astafev_viktor/astafev_viktor_placdarm.fb2.zip</filename>
	<title>Астафьев Виктор. Плацдарм</title>
</book>
<book>
	<filename>astafev_viktor/astafev_viktor_poslednii_kusok_hleba.fb2.zip</filename>
	<title>Астафьев Виктор. Последний кусок хлеба</title>
</book>
<book>
	<filename>astafev_viktor/astafev_viktor_poslednii_poklon_povest_v_rasskazah.fb2.zip</filename>
	<title>Астафьев Виктор. Последний поклон (повесть в рассказах)</title>
</book>
<book>
	<filename>astafev_viktor/astafev_viktor_prishlaya.fb2.zip</filename>
	<title>Астафьев Виктор. Пришлая</title>
</book>
<book>
	<filename>astafev_viktor/astafev_viktor_proklyaty_i_ubity_kniga_pervaya_chertova_yama.fb2.zip</filename>
	<title>Астафьев Виктор Петрович. Прокляты и убиты. Книга первая. Чертова яма</title>
</book>
<book>
	<filename>astafev_viktor/astafev_viktor_razgovor_so_starym_ruzhem.fb2.zip</filename>
	<title>Астафьев Виктор. Разговор со старым ружьем</title>
</book>
<book>
	<filename>astafev_viktor/astafev_viktor_ruki_zheny.fb2.zip</filename>
	<title>Астафьев Виктор. Руки жены</title>
</book>
<book>
	<filename>astafev_viktor/astafev_viktor_russkii_almaz.fb2.zip</filename>
	<title>Астафьев Виктор. Русский алмаз</title>
</book>
<book>
	<filename>astafev_viktor/astafev_viktor_sashka_lebedev.fb2.zip</filename>
	<title>Астафьев Виктор. Сашка Лебедев</title>
</book>
<book>
	<filename>astafev_viktor/astafev_viktor_shinel_bez_hlyastika.fb2.zip</filename>
	<title>Астафьев Виктор. Шинель без хлястика</title>
</book>
<book>
	<filename>astafev_viktor/astafev_viktor_sibiryak.fb2.zip</filename>
	<title>Астафьев Виктор. Сибиряк</title>
</book>
<book>
	<filename>astafev_viktor/astafev_viktor_sinie_sumerki.fb2.zip</filename>
	<title>Астафьев Виктор. Синие сумерки</title>
</book>
<book>
	<filename>astafev_viktor/astafev_viktor_slepoi_rybak.fb2.zip</filename>
	<title>Астафьев Виктор. Слепой рыбак</title>
</book>
<book>
	<filename>astafev_viktor/astafev_viktor_slyakotnaya_osen.fb2.zip</filename>
	<title>Астафьев Виктор. Слякотная осень</title>
</book>
<book>
	<filename>astafev_viktor/astafev_viktor_soldat_i_mat.fb2.zip</filename>
	<title>Астафьев Виктор. Солдат и мать</title>
</book>
<book>
	<filename>astafev_viktor/astafev_viktor_staraya_loshad.fb2.zip</filename>
	<title>Астафьев Виктор. Старая лошадь</title>
</book>
<book>
	<filename>astafev_viktor/astafev_viktor_staryi_da_malyi.fb2.zip</filename>
	<title>Астафьев Виктор. Старый да малый</title>
</book>
<book>
	<filename>astafev_viktor/astafev_viktor_strizhonok_skrip.fb2.zip</filename>
	<title>Астафьев Виктор. Стрижонок Скрип</title>
</book>
<book>
	<filename>astafev_viktor/astafev_viktor_svetoprestavlenie.fb2.zip</filename>
	<title>Астафьев Виктор. Светопреставление</title>
</book>
<book>
	<filename>astafev_viktor/astafev_viktor_tak_hochetsya_zhit.fb2.zip</filename>
	<title>Астафьев Виктор. Так хочется жить</title>
</book>
<book>
	<filename>astafev_viktor/astafev_viktor_telnyashka_s_tihogo_okeana.fb2.zip</filename>
	<title>Астафьев Виктор. Тельняшка с Тихого океана</title>
</book>
<book>
	<filename>astafev_viktor/astafev_viktor_teplyi_dozhd.fb2.zip</filename>
	<title>Астафьев Виктор. Теплый дождь</title>
</book>
<book>
	<filename>astafev_viktor/astafev_viktor_trevozhnyi_son.fb2.zip</filename>
	<title>Астафьев Виктор. Тревожный сон</title>
</book>
<book>
	<filename>astafev_viktor/astafev_viktor_ulybka_volchicy.fb2.zip</filename>
	<title>Астафьев Виктор. Улыбка волчицы</title>
</book>
<book>
	<filename>astafev_viktor/astafev_viktor_vasyutkino_ozero.fb2.zip</filename>
	<title>Астафьев Виктор. Васюткино озеро</title>
</book>
<book>
	<filename>astafev_viktor/astafev_viktor_veselyi_soldat.fb2.zip</filename>
	<title>Астафьев Виктор. Веселый солдат</title>
</book>
<book>
	<filename>astafev_viktor/astafev_viktor_vimba.fb2.zip</filename>
	<title>Астафьев Виктор. Вимба</title>
</book>
<book>
	<filename>astafev_viktor/astafev_viktor_vosmoi_pobeg.fb2.zip</filename>
	<title>Астафьев Виктор. Восьмой побег</title>
</book>
<book>
	<filename>astafev_viktor/astafev_viktor_v_stradnuyu_poru.fb2.zip</filename>
	<title>Астафьев Виктор. В страдную пору</title>
</book>
<book>
	<filename>astafev_viktor/astafev_viktor_yashkalos.fb2.zip</filename>
	<title>Астафьев Виктор. Яшка-лось</title>
</book>
<book>
	<filename>astafev_viktor/astafev_viktor_yasnym_li_dnem.fb2.zip</filename>
	<title>Астафьев Виктор. Ясным ли днем</title>
</book>
<book>
	<filename>astafev_viktor/astafev_viktor_zaharka.fb2.zip</filename>
	<title>Астафьев Виктор. Захарка</title>
</book>
<book>
	<filename>astafev_viktor/astafev_viktor_zemlyanika.fb2.zip</filename>
	<title>Астафьев Виктор. Земляника</title>
</book>
<book>
	<filename>astafev_viktor/astafev_viktor_zhil_na_svete_tolka.fb2.zip</filename>
	<title>Астафьев Виктор. Жил на свете Толька</title>
</book>
<book>
	<filename>astafev_viktor/astafev_viktor_zhivaya_dusha.fb2.zip</filename>
	<title>Астафьев Виктор. Живая душа</title>
</book>
<book>
	<filename>astafev_viktor/astafev_viktor_zhizn_prozhit.fb2.zip</filename>
	<title>Астафьев Виктор. Жизнь прожить</title>
</book>
<book>
	<filename>astafev_viktor/astafev_viktor_zlodeika.fb2.zip</filename>
	<title>Астафьев Виктор. Злодейка</title>
</book>
<book>
	<filename>astahova_lyudmila/astahova_lyudmila_armiya_sudby.fb2.zip</filename>
	<title>Астахова Людмила Викторовна. Армия Судьбы</title>
</book>
<book>
	<filename>astahova_lyudmila/astahova_lyudmila_drugaya_reka.fb2.zip</filename>
	<title>Астахова Людмила Викторовна. Другая река</title>
</book>
<book>
	<filename>astahova_lyudmila/astahova_lyudmila_naemnik_zimy.fb2.zip</filename>
	<title>Астахова Людмила Викторовна. Наемник Зимы</title>
</book>
<book>
	<filename>astahova_lyudmila/astahova_lyudmila_nchchk_delo_ryzhih.fb2.zip</filename>
	<title>Астахова Людмила Викторовна. НЧЧК. Дело рыжих</title>
</book>
<book>
	<filename>astahova_lyudmila/astahova_lyudmila_nchchk_komandirovka.fb2.zip</filename>
	<title>Астахова Людмила Викторовна. НЧЧК. Командировка</title>
</book>
<book>
	<filename>astahova_lyudmila/astahova_lyudmila_prigorshnya_vechnosti.fb2.zip</filename>
	<title>Астахова Людмила Викторовна. Пригоршня вечности</title>
</book>
<book>
	<filename>astahova_maiya/astahova_maiya_vremya_ozhidaniya.fb2.zip</filename>
	<title>Астахова Майя. Время ожидания</title>
</book>
<book>
	<filename>astahov_andrei/astahov_andrei_devyatyi_imperator.fb2.zip</filename>
	<title>Астахов Андрей. Девятый император</title>
</book>
<book>
	<filename>astahov_andrei/astahov_andrei_romeiskii_talisman.fb2.zip</filename>
	<title>Астахов Андрей. Ромейский талисман</title>
</book>
<book>
	<filename>astahov_andrei/astahov_andrei_saga_o_rorke.fb2.zip</filename>
	<title>Астахов Андрей. Сага о Рорке</title>
</book>
<book>
	<filename>astahov_andrei/astahov_andrei_voin_izza_kruga.fb2.zip</filename>
	<title>Астахов Андрей. Воин из-за круга</title>
</book>
<book>
	<filename>astashenkov_petr/astashenkov_petr_kurchatov.fb2.zip</filename>
	<title>Асташенков Петр Тимофеевич. Курчатов</title>
</book>
<book>
	<filename>astor_byula/astor_byula_mig_strasti.fb2.zip</filename>
	<title>Астор Бьюла. Миг страсти</title>
</book>
<book>
	<filename>astrogor_aleksandr/astrogor_aleksandr_yenergeticheskii_vampirizm.fb2.zip</filename>
	<title>Астрогор Александр. Энергетический вампиризм</title>
</book>
<book>
	<filename>asturias_migel/asturias_migel_huando_prikovannyi.fb2.zip</filename>
	<title>Астуриас Мигель Анхель. Хуандо Прикованный</title>
</book>
<book>
	<filename>asturias_migel/asturias_migel_huan_krugotvor.fb2.zip</filename>
	<title>Астуриас Мигель Анхель. Хуан Круготвор</title>
</book>
<book>
	<filename>asturias_migel/asturias_migel_kinkahu.fb2.zip</filename>
	<title>Астуриас Мигель Анхель. Кинкаху</title>
</book>
<book>
	<filename>asturias_migel/asturias_migel_legenda_o_hrustalnoi_maske.fb2.zip</filename>
	<title>Астуриас Мигель Анхель. Легенда о хрустальной маске</title>
</book>
<book>
	<filename>asturias_migel/asturias_migel_legenda_o_poyushih_tablichkah.fb2.zip</filename>
	<title>Астуриас Мигель Анхель. Легенда о поющих табличках</title>
</book>
<book>
	<filename>asturias_migel/asturias_migel_legenda_o_tatuane.fb2.zip</filename>
	<title>Астуриас Мигель Анхель. Легенда о Татуане</title>
</book>
<book>
	<filename>asturias_migel/asturias_migel_maisovye_lyudi.fb2.zip</filename>
	<title>Астуриас Мигель Анхель. Маисовые люди</title>
</book>
<book>
	<filename>asturias_migel/asturias_migel_sinor_prezident.fb2.zip</filename>
	<title>Астуриас Мигель Анхель. Синьор президент</title>
</book>
<book>
	<filename>asturias_migel/asturias_migel_yunyi_vladetel_sokrovish.fb2.zip</filename>
	<title>Астуриас Мигель Анхель. Юный владетель сокровищ</title>
</book>
<book>
	<filename>asturias_migel/asturias_migel_zerkalo_lidy_sal.fb2.zip</filename>
	<title>Астуриас Мигель Анхель. Зеркало Лиды Саль</title>
</book>
<book>
	<filename>asuyela_mariano/asuyela_mariano_te_kto_vnizu.fb2.zip</filename>
	<title>Асуэла Мариано. Те, кто внизу</title>
</book>
<book>
	<filename>atanasov_gercho/atanasov_gercho_operaciya_sblizhenie.fb2.zip</filename>
	<title>Атанасов Герчо. Операция «Сближение»</title>
</book>
<book>
	<filename>atanasov_gercho/atanasov_gercho_tolko_mertvye_molchat.fb2.zip</filename>
	<title>Атанасов Герчо. Только мертвые молчат</title>
</book>
<book>
	<filename>ateev_aleksei/ateev_aleksei_beshenyi.fb2.zip</filename>
	<title>Атеев Алексей Алексеевич. Бешеный</title>
</book>
<book>
	<filename>ateev_aleksei/ateev_aleksei_gorod_tenei.fb2.zip</filename>
	<title>Атеев Алексей Алексеевич. Город теней</title>
</book>
<book>
	<filename>ateev_aleksei/ateev_aleksei_krovavyi_shabash.fb2.zip</filename>
	<title>Атеев Алексей Алексеевич. Кровавый шабаш</title>
</book>
<book>
	<filename>ateev_aleksei/ateev_aleksei_psy_vavilona.fb2.zip</filename>
	<title>Атеев Алексей Алексеевич. Псы Вавилона</title>
</book>
<book>
	<filename>ateev_aleksei/ateev_aleksei_serebryanaya_pulya.fb2.zip</filename>
	<title>Атеев Алексей. Серебряная пуля</title>
</book>
<book>
	<filename>ateev_aleksei/ateev_aleksei_solnce_mertvyh.fb2.zip</filename>
	<title>Атеев Алексей Алексеевич. Солнце мертвых</title>
</book>


</books>
