<?xml version="1.0" encoding="UTF-8" ?>
<books>

<book>
	<filename>bogdanova_anna/bogdanova_anna_samaya_shikarnaya_svadba.fb2.zip</filename>
	<title>Богданова Анна. Самая шикарная свадьба</title>
</book>
<book>
	<filename>bogdanova_anna/bogdanova_anna_samyi_beshenyi_roman.fb2.zip</filename>
	<title>Богданова Анна. Самый бешеный роман</title>
</book>
<book>
	<filename>bogdanov_aleksandr/bogdanov_aleksandr_krasnaya_zvezda.fb2.zip</filename>
	<title>Богданов Александр Александрович. Красная звезда</title>
</book>
<book>
	<filename>bogdanov_andrei/bogdanov_andrei_tainy_moskovskoi_patriarhii.fb2.zip</filename>
	<title>Богданов Андрей. Тайны Московской Патриархии</title>
</book>
<book>
	<filename>bogdanov_andrei_petrovich/bogdanov_andrei_petrovich_tainy_moskovskoi_patriarhii.fb2.zip</filename>
	<title>Богданов Андрей Петрович. Тайны Московской Патриархии</title>
</book>
<book>
	<filename>bogdanov_evgenii/bogdanov_evgenii_chernyi_sobol.fb2.zip</filename>
	<title>Богданов Евгений Федорович. Черный соболь</title>
</book>
<book>
	<filename>bogdanov_evgenii/bogdanov_evgenii_lodeinyi_kormshik.fb2.zip</filename>
	<title>Богданов Евгений Федорович. Лодейный кормщик</title>
</book>
<book>
	<filename>bogdanov_evgenii/bogdanov_evgenii_ozherele_iomaly.fb2.zip</filename>
	<title>Богданов Евгений Федорович. Ожерелье Иомалы</title>
</book>
<book>
	<filename>bogdanov_evgenii/bogdanov_evgenii_pomory.fb2.zip</filename>
	<title>Богданов Евгений Федорович. Поморы</title>
</book>
<book>
	<filename>bogdanov_evgenii/bogdanov_evgenii_vyuga.fb2.zip</filename>
	<title>Богданов Евгений Федорович. Вьюга</title>
</book>
<book>
	<filename>bogdanov_nikolai/bogdanov_nikolai_v_nebe_gvardeiskii_gatchinskii.fb2.zip</filename>
	<title>Богданов Николай Григорьевич. В небе — гвардейский Гатчинский</title>
</book>
<book>
	<filename>bogolyubov_nikolai/bogolyubov_nikolai_tainye_obshestva_xx_veka.fb2.zip</filename>
	<title>Боголюбов Николай. Тайные общества XX века</title>
</book>
<book>
	<filename>bogomolov_vladimir/bogomolov_vladimir_moment_istiny_v_avguste_sorok_chetvertogo.fb2.zip</filename>
	<title>Богомолов Владимир Осипович. Момент истины (В августе сорок четвертого)</title>
</book>
<book>
	<filename>bogoslovskii_nikolai/bogoslovskii_nikolai_chernyshevskii.fb2.zip</filename>
	<title>Богословский Николай Вениаминович. Чернышевский</title>
</book>
<book>
	<filename>bogosyan_yerik/bogosyan_yerik_torgovyi_centr.fb2.zip</filename>
	<title>Богосян Эрик. Торговый центр</title>
</book>
<book>
	<filename>bohenskii_yacek/bohenskii_yacek_bozhestvennyi_yulii.fb2.zip</filename>
	<title>Бохенский Яцек. Божественный Юлий</title>
</book>
<book>
	<filename>boid_donna/boid_donna_alhimik.fb2.zip</filename>
	<title>Бойд Донна. Алхимик</title>
</book>
<book>
	<filename>boie_karin/boie_karin_kallokain.fb2.zip</filename>
	<title>Бойе Карин. Каллокаин</title>
</book>
<book>
	<filename>boie_yelizabet/boie_yelizabet_mech_i_suma.fb2.zip</filename>
	<title>Бойе Элизабет. Меч и сума</title>
</book>
<book>
	<filename>boie_yelizabet/boie_yelizabet_serdce_drakona.fb2.zip</filename>
	<title>Бойе Элизабет. Сердце дракона</title>
</book>
<book>
	<filename>boie_yelizabet/boie_yelizabet_uchenik_vedmy.fb2.zip</filename>
	<title>Бойе Элизабет. Ученик ведьмы</title>
</book>
<book>
	<filename>boie_yelizabet/boie_yelizabet_voin_i_charodei.fb2.zip</filename>
	<title>Бойе Элизабет. Воин и чародей</title>
</book>
<book>
	<filename>boiko_v/boiko_v_ispytanie_voli.fb2.zip</filename>
	<title>Бойко В. С. Испытание воли</title>
</book>
<book>
	<filename>boiko_viktor/boiko_viktor_ijoga_iskusstvo_kommunikacii.fb2.zip</filename>
	<title>Бойко Виктор Сергеевич. Йога. Искусство коммуникации</title>
</book>
<book>
	<filename>boiko_viktor/boiko_viktor_ijoga_iskusstvo_kommunikacii_izdanie_vtoroe_ispravlennoe.fb2.zip</filename>
	<title>Бойко Виктор Сергеевич. Йога. Искусство коммуникации (Издание второе, исправленное)</title>
</book>
<book>
	<filename>boiko_viktor/boiko_viktor_ioga_iskusstvo_kommunikacii.fb2.zip</filename>
	<title>Бойко Виктор Сергеевич. Йога. Искусство коммуникации</title>
</book>
<book>
	<filename>boiko_viktor/boiko_viktor_ioga_iskusstvo_kommunikacii_izdanie_vtoroe_ispravlennoe.fb2.zip</filename>
	<title>Бойко Виктор Сергеевич. Йога. Искусство коммуникации (Издание второе, исправленное)</title>
</book>
<book>
	<filename>boil_dzheims/boil_dzheims_sektyubiicy_glavy_iz_knigi.fb2.zip</filename>
	<title>Бойл Джеймс Дж. Секты-убийцы. Главы из книги</title>
</book>
<book>
	<filename>boil_t_koragessan/boil_t_koragessan_krupnaya_dich.fb2.zip</filename>
	<title>Бойл Т. Корагессан. Крупная дичь</title>
</book>
<book>
	<filename>boil_t_koragessan/boil_t_koragessan_plotskoe_poznanie.fb2.zip</filename>
	<title>Бойл Т. Корагессан. Плотское познание</title>
</book>
<book>
	<filename>boil_t_koragessan/boil_t_koragessan_vostok_est_vostok.fb2.zip</filename>
	<title>Бойл Т. Корагессан. Восток есть Восток</title>
</book>
<book>
	<filename>boil_yelizabet/boil_yelizabet_brachnaya_sdelka.fb2.zip</filename>
	<title>Бойл Элизабет. Брачная сделка</title>
</book>
<book>
	<filename>boil_yelizabet/boil_yelizabet_derzkaya_naslednica.fb2.zip</filename>
	<title>Бойл Элизабет. Дерзкая наследница</title>
</book>
<book>
	<filename>boil_yelizabet/boil_yelizabet_derzkaya_soblaznitelnica.fb2.zip</filename>
	<title>Бойл Элизабет. Дерзкая соблазнительница</title>
</book>
<book>
	<filename>boil_yelizabet/boil_yelizabet_derzkii_angel.fb2.zip</filename>
	<title>Бойл Элизабет. Дерзкий ангел</title>
</book>
<book>
	<filename>boil_yelizabet/boil_yelizabet_geroi_moego_romana.fb2.zip</filename>
	<title>Бойл Элизабет. Герой моего романа</title>
</book>
<book>
	<filename>boil_yelizabet/boil_yelizabet_koechto_o_lyubvi.fb2.zip</filename>
	<title>Бойл Элизабет. Кое-что о любви</title>
</book>
<book>
	<filename>boil_yelizabet/boil_yelizabet_lyubovnye_poslaniya_gercoga.fb2.zip</filename>
	<title>Бойл Элизабет. Любовные послания герцога</title>
</book>
<book>
	<filename>boil_yelizabet/boil_yelizabet_lyubov_silnee_rascheta.fb2.zip</filename>
	<title>Бойл Элизабет. Любовь сильнее расчета</title>
</book>
<book>
	<filename>boil_yelizabet/boil_yelizabet_nochnoi_soblazn.fb2.zip</filename>
	<title>Бойл Элизабет. Ночной соблазн</title>
</book>
<book>
	<filename>boil_yelizabet/boil_yelizabet_noch_strasti.fb2.zip</filename>
	<title>Бойл Элизабет. Ночь страсти</title>
</book>
<book>
	<filename>boil_yelizabet/boil_yelizabet_sluchainyi_pocelui.fb2.zip</filename>
	<title>Бойл Элизабет. Случайный поцелуй</title>
</book>
<book>
	<filename>boil_yelizabet/boil_yelizabet_ukradennaya_nevesta.fb2.zip</filename>
	<title>Бойл Элизабет. Украденная невеста</title>
</book>
<book>
	<filename>boil_yelizabet/boil_yelizabet_utro_s_lyubovnicei.fb2.zip</filename>
	<title>Бойл Элизабет. Утро с любовницей</title>
</book>
<book>
	<filename>boil_yelizabet/boil_yelizabet_vse_izmenit_pocelui.fb2.zip</filename>
	<title>Бойл Элизабет. Все изменит поцелуй</title>
</book>
<book>
	<filename>bois_myeri/bois_myeri_zoroastriicy_verovaniya_i_obychai.fb2.zip</filename>
	<title>Бойс Мэри. Зороастрийцы. Верования и обычаи</title>
</book>
<book>
	<filename>bok_hannes/bok_hannes_korabl_charodeev.fb2.zip</filename>
	<title>Бок Ханнес. Корабль чародеев</title>
</book>
<book>
	<filename>bokkachcho_dzhovanni/bokkachcho_dzhovanni_ameto.fb2.zip</filename>
	<title>Боккаччо Джованни. Амето</title>
</book>
<book>
	<filename>bokkachcho_dzhovanni/bokkachcho_dzhovanni_dekameron.fb2.zip</filename>
	<title>Боккаччо Джованни. Декамерон</title>
</book>
<book>
	<filename>bokkachcho_dzhovanni/bokkachcho_dzhovanni_fezolanskie_nimfy.fb2.zip</filename>
	<title>Боккаччо Джованни. Фьезоланские нимфы</title>
</book>
<book>
	<filename>bokkachcho_dzhovanni/bokkachcho_dzhovanni_fyammetta.fb2.zip</filename>
	<title>Боккаччо Джованни. Фьямметта</title>
</book>
<book>
	<filename>bokkachcho_dzhovanni/bokkachcho_dzhovanni_voron.fb2.zip</filename>
	<title>Боккаччо Джованни. Ворон</title>
</book>
<book>
	<filename>bokov_ahmed/bokov_ahmed_synovya_beki.fb2.zip</filename>
	<title>Боков Ахмед Хамневич. Сыновья Беки</title>
</book>
<book>
	<filename>bokova_tatyana/bokova_tatyana_ya_vlyubilas_v_chetverg_pryncy_bez_serdca.fb2.zip</filename>
	<title>Бокова Татьяна. Я влюбилась в четверг. ПрЫнцы без сердца…</title>
</book>
<book>
	<filename>bokoven_dzhordzhiya/bokoven_dzhordzhiya_brak_po_raschetu.fb2.zip</filename>
	<title>Боковен Джорджия. Брак по расчету</title>
</book>
<book>
	<filename>bokoven_dzhordzhiya/bokoven_dzhordzhiya_obeshai_mne.fb2.zip</filename>
	<title>Боковен Джорджия. Обещай мне</title>
</book>
<book>
	<filename>bokoven_dzhordzhiya/bokoven_dzhordzhiya_odin_v_tolpe.fb2.zip</filename>
	<title>Боковен Джорджия. Один в толпе</title>
</book>
<book>
	<filename>boks_donald/boks_donald_sushnost_tehnologii_som_biblioteka_programmista.fb2.zip</filename>
	<title>Бокс Дональд. Сущность технологии СОМ. Библиотека программиста</title>
</book>
<book>
	<filename>boldri_sherit/boldri_sherit_krest_korolya_artura.fb2.zip</filename>
	<title>Болдри Шерит. Крест короля Артура</title>
</book>
<book>
	<filename>boldri_sherit/boldri_sherit_taina_korolevskogo_mecha.fb2.zip</filename>
	<title>Болдри Шерит. Тайна королевского меча</title>
</book>
<book>
	<filename>boldri_sherit/boldri_sherit_zagadka_bagrovogo_istochnika.fb2.zip</filename>
	<title>Болдри Шерит. Загадка Багрового источника</title>
</book>
<book>
	<filename>boldri_sherit/boldri_sherit_zaklyatie_monastyrskogo_kotla.fb2.zip</filename>
	<title>Болдри Шерит. Заклятие монастырского котла</title>
</book>
<book>
	<filename>bolduin_bill/bolduin_bill_rulevoi.fb2.zip</filename>
	<title>Болдуин Билл. Рулевой</title>
</book>
<book>
	<filename>bolgarin_igor/bolgarin_igor_adyutant_ego_prevoshoditelstva.fb2.zip</filename>
	<title>Болгарин Игорь Яковлевич. Адъютант его превосходительства</title>
</book>
<book>
	<filename>bollard_dzheims/bollard_dzheims_belaya_zhenshina_belaya_ptica.fb2.zip</filename>
	<title>Боллард Джеймс. Белая женщина, белая птица</title>
</book>
<book>
	<filename>bollard_dzheims/bollard_dzheims_belaya_zhenshina_belaya_ptica_per_mpchelinceva.fb2.zip</filename>
	<title>Боллард Джеймс Грэм. Белая женщина, белая птица (пер. М.Пчелинцева)</title>
</book>
<book>
	<filename>bollard_dzheims/bollard_dzheims_betonnyi_ostrov.fb2.zip</filename>
	<title>Боллард Джеймс. Бетонный остров</title>
</book>
<book>
	<filename>bollard_dzheims/bollard_dzheims_bezvyhodnyi_gorod.fb2.zip</filename>
	<title>Боллард Джеймс Грэм. Безвыходный город</title>
</book>
<book>
	<filename>bollard_dzheims/bollard_dzheims_chelovek_iz_podsoznaniya.fb2.zip</filename>
	<title>Боллард Джеймс. Человек из подсознания</title>
</book>
<book>
	<filename>bollard_dzheims/bollard_dzheims_delta_na_zakate.fb2.zip</filename>
	<title>Боллард Джеймс Грэм. Дельта на закате</title>
</book>
<book>
	<filename>bollard_dzheims/bollard_dzheims_dzhokonda_v_polumrake_poldnya.fb2.zip</filename>
	<title>Боллард Джеймс Грэм. Джоконда в полумраке полдня</title>
</book>
<book>
	<filename>bollard_dzheims/bollard_dzheims_hronopol.fb2.zip</filename>
	<title>Боллард Джеймс Грэм. Хронополь</title>
</book>
<book>
	<filename>bollard_dzheims/bollard_dzheims_hrustalnyi_mir.fb2.zip</filename>
	<title>Боллард Джеймс. Хрустальный мир</title>
</book>
<book>
	<filename>bollard_dzheims/bollard_dzheims_imperiya_solnca.fb2.zip</filename>
	<title>Боллард Джеймс Грэм. Империя Солнца</title>
</book>
<book>
	<filename>bollard_dzheims/bollard_dzheims_i_probuzhdaetsya_more.fb2.zip</filename>
	<title>Боллард Джеймс Грэм. И пробуждается море</title>
</book>
<book>
	<filename>bollard_dzheims/bollard_dzheims_kokainovye_nochi.fb2.zip</filename>
	<title>Боллард Джеймс Грэм. Кокаиновые ночи</title>
</book>
<book>
	<filename>bollard_dzheims/bollard_dzheims_mister_f_est_mister_f.fb2.zip</filename>
	<title>Боллард Джеймс. Мистер Ф. есть мистер Ф.</title>
</book>
<book>
	<filename>bollard_dzheims/bollard_dzheims_mister_f_yeto_mister_f_per_vgoldicha.fb2.zip</filename>
	<title>Боллард Джеймс Грэм. Мистер Ф. это мистер Ф. (пер. В.Гольдича)</title>
</book>
<book>
	<filename>bollard_dzheims/bollard_dzheims_nol.fb2.zip</filename>
	<title>Боллард Джеймс Грэм. Ноль</title>
</book>
<book>
	<filename>bollard_dzheims/bollard_dzheims_odnim_menshe.fb2.zip</filename>
	<title>Боллард Джеймс. Одним меньше</title>
</book>
<book>
	<filename>bollard_dzheims/bollard_dzheims_peregruzhennyi_chelovek.fb2.zip</filename>
	<title>Боллард Джеймс Грэм. Перегруженный человек</title>
</book>
<book>
	<filename>bollard_dzheims/bollard_dzheims_poslednii_bereg.fb2.zip</filename>
	<title>Боллард Джеймс Грэм. Последний берег</title>
</book>
<book>
	<filename>bollard_dzheims/bollard_dzheims_ptica_i_mechtatel.fb2.zip</filename>
	<title>Боллард Джеймс Грэм. Птица и мечтатель</title>
</book>
<book>
	<filename>bollard_dzheims/bollard_dzheims_puteshestvie_cherez_krater.fb2.zip</filename>
	<title>Боллард Джеймс. Путешествие через кратер</title>
</book>
<book>
	<filename>bollard_dzheims/bollard_dzheims_sadok_dlya_reptilii.fb2.zip</filename>
	<title>Боллард Джеймс Грэм. Садок для рептилий</title>
</book>
<book>
	<filename>bollard_dzheims/bollard_dzheims_storozhevye_bashni.fb2.zip</filename>
	<title>Боллард Джеймс Грэм. Сторожевые башни</title>
</book>
<book>
	<filename>bollard_dzheims/bollard_dzheims_sumerechnaya_zona.fb2.zip</filename>
	<title>Боллард Джеймс Грэм. Сумеречная зона</title>
</book>
<book>
	<filename>bollard_dzheims/bollard_dzheims_utonuvshii_velikan_per_epanasko.fb2.zip</filename>
	<title>Боллард Джеймс Грэм. Утонувший великан (пер. Е.Панаско)</title>
</book>
<book>
	<filename>bollard_dzheims/bollard_dzheims_utonuvshii_velikan_per_mzagota.fb2.zip</filename>
	<title>Боллард Джеймс Грэм. Утонувший великан (пер. М.Загота)</title>
</book>
<book>
	<filename>bollard_dzheims/bollard_dzheims_vremya_perehodov.fb2.zip</filename>
	<title>Боллард Джеймс Грэм. Время переходов</title>
</book>
<book>
	<filename>bollard_dzheims/bollard_dzheims_yendshpil.fb2.zip</filename>
	<title>Боллард Джеймс Грэм. Эндшпиль</title>
</book>
<book>
	<filename>bollard_dzheims/bollard_dzheims_zatonuvshii_mir.fb2.zip</filename>
	<title>Боллард Джеймс. Затонувший мир</title>
</book>
<book>
	<filename>bollard_dzheims/bollard_dzheims_zona_uzhasa.fb2.zip</filename>
	<title>Боллард Джеймс Грэм. Зона ужаса</title>
</book>
<book>
	<filename>boll_braian/boll_braian_batalony_tmy.fb2.zip</filename>
	<title>Болл Брайан. Батальоны тьмы</title>
</book>
<book>
	<filename>boll_braian/boll_braian_veroyatnostnaya_planeta.fb2.zip</filename>
	<title>Болл Брайан. Вероятностная планета</title>
</book>
<book>
	<filename>boll_braian/boll_braian_veroyatnostnyi_chelovek.fb2.zip</filename>
	<title>Болл Брайан. Вероятностный человек</title>
</book>
<book>
	<filename>boll_dzhon/boll_dzhon_dushnoi_nochyu_v_karoline.fb2.zip</filename>
	<title>Болл Джон. Душной ночью в Каролине</title>
</book>
<book>
	<filename>boll_margaret/boll_margaret_naslednica_edinorogov.fb2.zip</filename>
	<title>Болл Маргарет. Наследница Единорогов</title>
</book>
<book>
	<filename>boll_margaret/boll_margaret_poiski_akorny.fb2.zip</filename>
	<title>Болл Маргарет. Поиски Акорны</title>
</book>
<book>
	<filename>bolnyh_aleksandr/bolnyh_aleksandr_brakonery.fb2.zip</filename>
	<title>Больных Александр. Браконьеры</title>
</book>
<book>
	<filename>bolnyh_aleksandr/bolnyh_aleksandr_ruki_vverh_mister_gremlin.fb2.zip</filename>
	<title>Больных Александр. Руки вверх, мистер гремлин!</title>
</book>
<book>
	<filename>bolnyh_aleksandr/bolnyh_aleksandr_smaragdovye_zvezdy.fb2.zip</filename>
	<title>Больных Александр. Смарагдовые звезды</title>
</book>
<book>
	<filename>bolnyh_aleksandr/bolnyh_aleksandr_snezhnye_volki.fb2.zip</filename>
	<title>Больных Александр. Снежные волки</title>
</book>
<book>
	<filename>bolnyh_aleksandr/bolnyh_aleksandr_syn_drakona_vnuk_drakona.fb2.zip</filename>
	<title>Больных Александр. Сын дракона, внук дракона</title>
</book>
<book>
	<filename>bolnyh_aleksandr/bolnyh_aleksandr_videt_zvezdy.fb2.zip</filename>
	<title>Больных Александр. Видеть звезды</title>
</book>
<book>
	<filename>bolnyh_aleksandr/bolnyh_aleksandr_zheleznyi_zamok.fb2.zip</filename>
	<title>Больных Александр. Железный замок</title>
</book>
<book>
	<filename>bolnyh_aleksandr/bolnyh_aleksandr_zheltyi_kolokol.fb2.zip</filename>
	<title>Больных Александр. Желтый колокол</title>
</book>
<book>
	<filename>bolnyh_aleksandr/bolnyh_aleksandr_zhilbyl_vor.fb2.zip</filename>
	<title>Больных Александр. Жил-был вор</title>
</book>
<book>
	<filename>bolnyh_aleksandr/bolnyh_aleksandr_zolotye_krylya_drakona.fb2.zip</filename>
	<title>Больных Александр. Золотые крылья дракона</title>
</book>
<book>
	<filename>bolotnikov_sergei/bolotnikov_sergei_deistvo.fb2.zip</filename>
	<title>Болотников Сергей. Действо</title>
</book>
<book>
	<filename>bolotnikov_sergei/bolotnikov_sergei_gorod_prizrakov.fb2.zip</filename>
	<title>Болотников Сергей. Город призраков</title>
</book>
<book>
	<filename>bolotnikov_sergei/bolotnikov_sergei_zmeinoe_proklyate.fb2.zip</filename>
	<title>Болотников Сергей. Змеиное проклятье</title>
</book>
<book>
	<filename>bolotov_boris/bolotov_boris_shagi_k_dolgoletiyu.fb2.zip</filename>
	<title>Болотов Борис. Шаги к долголетию</title>
</book>
<book>
	<filename>bolshakov_valerii/bolshakov_valerii_drugie_pravila.fb2.zip</filename>
	<title>Большаков Валерий. Другие правила</title>
</book>
<book>
	<filename>bolshakov_valerii/bolshakov_valerii_kenturion.fb2.zip</filename>
	<title>Большаков Валерий. Кентурион</title>
</book>
<book>
	<filename>bolshakov_valerii/bolshakov_valerii_pretorianec.fb2.zip</filename>
	<title>Большаков Валерий. Преторианец</title>
</book>
<book>
	<filename>bolshakov_valerii/bolshakov_valerii_zakon_mecha.fb2.zip</filename>
	<title>Большаков Валерий. Закон меча</title>
</book>
<book>
	<filename>bolton_dzhoanna/bolton_dzhoanna_virus_smerti.fb2.zip</filename>
	<title>Болтон Джоанна. Вирус Смерти</title>
</book>
<book>
	<filename>boltunov_mihail/boltunov_mihail_specnaz_protiv_terrora.fb2.zip</filename>
	<title>Болтунов Михаил. Спецназ против террора</title>
</book>
<book>
	<filename>boltunov_mihail/boltunov_mihail_vympel_diversanty_rossii.fb2.zip</filename>
	<title>Болтунов Михаил. «Вымпел» — диверсанты России</title>
</book>
<book>
	<filename>boltyshev_valerii/boltyshev_valerii_gorod_m.fb2.zip</filename>
	<title>Болтышев Валерий Александрович. Город М</title>
</book>
<book>
	<filename>boltyshev_valerii/boltyshev_valerii_ogonki.fb2.zip</filename>
	<title>Болтышев Валерий Александрович. Огоньки</title>
</book>
<book>
	<filename>boltyshev_valerii/boltyshev_valerii_tihii_dol.fb2.zip</filename>
	<title>Болтышев Валерий Александрович. Тихий Дол</title>
</book>
<book>
	<filename>boltyshev_valerii/boltyshev_valerii_yaichnica_iz_odnogo_yaica.fb2.zip</filename>
	<title>Болтышев Валерий Александрович. Яичница из одного яйца</title>
</book>
<book>
	<filename>boluchevskii_vladimir/boluchevskii_vladimir_dezha_vyu.fb2.zip</filename>
	<title>Болучевский Владимир. Дежа вю</title>
</book>
<book>
	<filename>boluchevskii_vladimir/boluchevskii_vladimir_dvoe_iz_larca.fb2.zip</filename>
	<title>Болучевский Владимир. Двое из ларца</title>
</book>
<book>
	<filename>boluchevskii_vladimir/boluchevskii_vladimir_shershe_lya_fam.fb2.zip</filename>
	<title>Болучевский Владимир. Шерше ля фам</title>
</book>
<book>
	<filename>boluchevskii_vladimir/boluchevskii_vladimir_tancy_v_labirinte.fb2.zip</filename>
	<title>Болучевский Владимир. Танцы в лабиринте</title>
</book>
<book>
	<filename>bombar_alen/bombar_alen_za_bortom_po_svoei_vole.fb2.zip</filename>
	<title>Бомбар Ален. За бортом по своей воле</title>
</book>
<book>
	<filename>bonander_dzhein/bonander_dzhein_pyl_nevinnosti.fb2.zip</filename>
	<title>Бонандер Джейн. Пыл невинности</title>
</book>
<book>
	<filename>bonander_dzhein/bonander_dzhein_tancuyushie_na_snegu.fb2.zip</filename>
	<title>Бонандер Джейн. Танцующие на снегу</title>
</book>
<book>
	<filename>bonansinga_dzhei/bonansinga_dzhei_chernaya_mariya.fb2.zip</filename>
	<title>Бонансинга Джей. Черная Мария</title>
</book>
<book>
	<filename>bonansinga_dzhei/bonansinga_dzhei_igra_killera.fb2.zip</filename>
	<title>Бонансинга Джей. Игра киллера</title>
</book>
<book>
	<filename>bonchbruevich_vladimir/bonchbruevich_vladimir_lenin_i_deti.fb2.zip</filename>
	<title>Бонч-Бруевич Владимир Дмитриевич. Ленин и дети</title>
</book>
<book>
	<filename>bondarenko_boris/bondarenko_boris_bednyak.fb2.zip</filename>
	<title>Бондаренко Борис Егорович. Бедняк</title>
</book>
<book>
	<filename>bondarenko_boris/bondarenko_boris_chas_devyatyi.fb2.zip</filename>
	<title>Бондаренко Борис Егорович. Час девятый</title>
</book>
<book>
	<filename>bondarenko_boris/bondarenko_boris_ishite_solnce_v_gluhuyu_polnoch.fb2.zip</filename>
	<title>Бондаренко Борис Егорович. Ищите Солнце в глухую полночь</title>
</book>
<book>
	<filename>bondarenko_boris/bondarenko_boris_ostrov.fb2.zip</filename>
	<title>Бондаренко Борис Егорович. Остров</title>
</book>
<book>
	<filename>bondarenko_boris/bondarenko_boris_piramida.fb2.zip</filename>
	<title>Бондаренко Борис. Пирамида</title>
</book>
<book>
	<filename>bondarenko_boris/bondarenko_boris_poteryannoe_mnoi.fb2.zip</filename>
	<title>Бондаренко Борис Егорович. Потерянное мной</title>
</book>
<book>
	<filename>bondarenko_boris/bondarenko_boris_zaliv_terpeniya.fb2.zip</filename>
	<title>Бондаренко Борис Егорович. Залив Терпения</title>
</book>
<book>
	<filename>bondarenko_nikolai/bondarenko_nikolai_kosmicheskii_vals.fb2.zip</filename>
	<title>Бондаренко Николай Алексеевич. Космический вальс</title>
</book>
<book>
	<filename>bondarenko_vladimir/bondarenko_vladimir_skazki_cherepahi_kiribum.fb2.zip</filename>
	<title>Бондаренко Владимир Никифорович. Сказки черепахи Кири-Бум</title>
</book>
<book>
	<filename>bondarenko_yurii/bondarenko_yurii_vetrenaya_doch_astronomii.fb2.zip</filename>
	<title>Бондаренко Юрий Яковлевич. Ветреная дочь астрономии?</title>
</book>
<book>
	<filename>bondarev_oleg/bondarev_oleg_grif_i_gildiya.fb2.zip</filename>
	<title>Бондарев Олег. Гриф и Гильдия</title>
</book>
<book>
	<filename>bondarev_yurii/bondarev_yurii_batalony_prosyat_ognya.fb2.zip</filename>
	<title>Бондарев Юрий Васильевич. Батальоны просят огня</title>
</book>
<book>
	<filename>bondarev_yurii/bondarev_yurii_batalony_prosyat_ognya_redakciya_1.fb2.zip</filename>
	<title>Бондарев Юрий Васильевич. Батальоны просят огня (редакция №1)</title>
</book>
<book>
	<filename>bondarev_yurii/bondarev_yurii_bereg.fb2.zip</filename>
	<title>Бондарев Юрий Васильевич. Берег</title>
</book>
<book>
	<filename>bondarev_yurii/bondarev_yurii_bermudskii_treugolnik.fb2.zip</filename>
	<title>Бондарев Юрий. Бермудский треугольник</title>
</book>
<book>
	<filename>bondarev_yurii/bondarev_yurii_byki.fb2.zip</filename>
	<title>Бондарев Юрий Васильевич. Быки</title>
</book>
<book>
	<filename>bondarev_yurii/bondarev_yurii_genialnoe_otkrytie.fb2.zip</filename>
	<title>Бондарев Юрий Васильевич. Гениальное открытие</title>
</book>
<book>
	<filename>bondarev_yurii/bondarev_yurii_glavnaya_kniga.fb2.zip</filename>
	<title>Бондарев Юрий Васильевич. Главная книга</title>
</book>
<book>
	<filename>bondarev_yurii/bondarev_yurii_goryachii_sneg.fb2.zip</filename>
	<title>Бондарев Юрий Васильевич. Горячий снег</title>
</book>
<book>
	<filename>bondarev_yurii/bondarev_yurii_hudozhnik_obogashayushii_mir.fb2.zip</filename>
	<title>Бондарев Юрий Васильевич. Художник, обогащающий мир</title>
</book>
<book>
	<filename>bondarev_yurii/bondarev_yurii_igra.fb2.zip</filename>
	<title>Бондарев Юрий Васильевич. Игра</title>
</book>
<book>
	<filename>bondarev_yurii/bondarev_yurii_igra_rasskaz.fb2.zip</filename>
	<title>Бондарев Юрий Васильевич. Игра (рассказ)</title>
</book>
<book>
	<filename>bondarev_yurii/bondarev_yurii_iskushenie.fb2.zip</filename>
	<title>Бондарев Юрий. Искушение</title>
</book>
<book>
	<filename>bondarev_yurii/bondarev_yurii_issledovanie_zhizni.fb2.zip</filename>
	<title>Бондарев Юрий Васильевич. Исследование жизни</title>
</book>
<book>
	<filename>bondarev_yurii/bondarev_yurii_klara.fb2.zip</filename>
	<title>Бондарев Юрий Васильевич. Клара</title>
</book>
<book>
	<filename>bondarev_yurii/bondarev_yurii_master.fb2.zip</filename>
	<title>Бондарев Юрий Васильевич. Мастер</title>
</book>
<book>
	<filename>bondarev_yurii/bondarev_yurii_moim_chitatelyam.fb2.zip</filename>
	<title>Бондарев Юрий Васильевич. Моим читателям</title>
</book>
<book>
	<filename>bondarev_yurii/bondarev_yurii_neprotivlenie.fb2.zip</filename>
	<title>Бондарев Юрий. Непротивление</title>
</book>
<book>
	<filename>bondarev_yurii/bondarev_yurii_nezabyvaemoe.fb2.zip</filename>
	<title>Бондарев Юрий Васильевич. Незабываемое</title>
</book>
<book>
	<filename>bondarev_yurii/bondarev_yurii_novyi_pisatel.fb2.zip</filename>
	<title>Бондарев Юрий Васильевич. Новый писатель</title>
</book>
<book>
	<filename>bondarev_yurii/bondarev_yurii_obnazhennaya_ogromnost_strastei.fb2.zip</filename>
	<title>Бондарев Юрий Васильевич. Обнаженная огромность страстей</title>
</book>
<book>
	<filename>bondarev_yurii/bondarev_yurii_o_formulah_i_krasote.fb2.zip</filename>
	<title>Бондарев Юрий Васильевич. О формулах и красоте</title>
</book>
<book>
	<filename>bondarev_yurii/bondarev_yurii_poisk_istiny.fb2.zip</filename>
	<title>Бондарев Юрий Васильевич. Поиск истины</title>
</book>
<book>
	<filename>bondarev_yurii/bondarev_yurii_poslednie_zalpy.fb2.zip</filename>
	<title>Бондарев Юрий Васильевич. Последние залпы</title>
</book>
<book>
	<filename>bondarev_yurii/bondarev_yurii_pozdnim_vecherom.fb2.zip</filename>
	<title>Бондарев Юрий Васильевич. Поздним вечером</title>
</book>
<book>
	<filename>bondarev_yurii/bondarev_yurii_prostite_nas.fb2.zip</filename>
	<title>Бондарев Юрий Васильевич. «Простите нас!»</title>
</book>
<book>
	<filename>bondarev_yurii/bondarev_yurii_redkii_dar.fb2.zip</filename>
	<title>Бондарев Юрий Васильевич. Редкий дар</title>
</book>
<book>
	<filename>bondarev_yurii/bondarev_yurii_reka.fb2.zip</filename>
	<title>Бондарев Юрий Васильевич. Река</title>
</book>
<book>
	<filename>bondarev_yurii/bondarev_yurii_rodstvenniki.fb2.zip</filename>
	<title>Бондарев Юрий Васильевич. Родственники</title>
</book>
<book>
	<filename>bondarev_yurii/bondarev_yurii_romany_chehova.fb2.zip</filename>
	<title>Бондарев Юрий Васильевич. «Романы» Чехова</title>
</book>
<book>
	<filename>bondarev_yurii/bondarev_yurii_shchenok.fb2.zip</filename>
	<title>Бондарев Юрий Васильевич. Щенок</title>
</book>
<book>
	<filename>bondarev_yurii/bondarev_yurii_shenok.fb2.zip</filename>
	<title>Бондарев Юрий Васильевич. Щенок</title>
</book>
<book>
	<filename>bondarev_yurii/bondarev_yurii_skvorcov.fb2.zip</filename>
	<title>Бондарев Юрий Васильевич. Скворцов</title>
</book>
<book>
	<filename>bondarev_yurii/bondarev_yurii_step.fb2.zip</filename>
	<title>Бондарев Юрий Васильевич. Степь</title>
</book>
<book>
	<filename>bondarev_yurii/bondarev_yurii_stil_i_slovo.fb2.zip</filename>
	<title>Бондарев Юрий Васильевич. Стиль и слово</title>
</book>
<book>
	<filename>bondarev_yurii/bondarev_yurii_tishina.fb2.zip</filename>
	<title>Бондарев Юрий Васильевич. Тишина</title>
</book>
<book>
	<filename>bondarev_yurii/bondarev_yurii_yunost_komandirov.fb2.zip</filename>
	<title>Бондарев Юрий Васильевич. Юность командиров</title>
</book>
<book>
	<filename>bond_lyerri/bond_lyerri_kotel.fb2.zip</filename>
	<title>Бонд Лэрри. Котел</title>
</book>
<book>
	<filename>bond_maikl/bond_maikl_ogon_podobnyi_solncu.fb2.zip</filename>
	<title>Бонд Майкл. Огонь подобный солнцу</title>
</book>
<book>
	<filename>bonds_pyerris/bonds_pyerris_hranitelnica_grez.fb2.zip</filename>
	<title>Бондс Пэррис Эфтон. Хранительница Грез</title>
</book>
<book>
	<filename>bond_stefani/bond_stefani_krasavec_s_oblozhki_zhurnala.fb2.zip</filename>
	<title>Бонд Стефани. Красавец с обложки журнала</title>
</book>
<book>
	<filename>bond_stefani/bond_stefani_ya_tak_tebya_zhdala.fb2.zip</filename>
	<title>Бонд Стефани. Я так тебя ждала</title>
</book>
<book>
	<filename>bond_tiffani/bond_tiffani_strannoe_predlozhenie.fb2.zip</filename>
	<title>Бонд Тиффани. Странное предложение</title>
</book>
<book>
	<filename>bor_aleks/bor_aleks_edinorog_dlya_lyubimoi_devushki.fb2.zip</filename>
	<title>Бор Алекс. Единорог для любимой девушки</title>
</book>
<book>
	<filename>boratynskii_evgenii/boratynskii_evgenii_polnoe_sobranie_sochinenii.fb2.zip</filename>
	<title>Боратынский Евгений Абрамович. Полное собрание сочинений</title>
</book>
<book>
	<filename>bordazh_per/bordazh_per_matzemlya.fb2.zip</filename>
	<title>Бордаж Пьер. Мать-земля</title>
</book>
<book>
	<filename>bordazh_per/bordazh_per_voiteli_bezmolviya.fb2.zip</filename>
	<title>Бордаж Пьер. Воители безмолвия</title>
</book>
<book>
	<filename>bordzhia_k/bordzhia_k_11_dnei_i_nochei.fb2.zip</filename>
	<title>Борджиа К. 11 дней и ночей</title>
</book>
<book>
	<filename>boreev_georgii/boreev_georgii_inoplanetnye_civilizacii_atlantidy.fb2.zip</filename>
	<title>Бореев Георгий. Инопланетные цивилизации Атлантиды</title>
</book>
<book>
	<filename>borgen_yuhan/borgen_yuhan_malenkii_lord.fb2.zip</filename>
	<title>Борген Юхан. Маленький Лорд</title>
</book>
<book>
	<filename>borgen_yuhan/borgen_yuhan_temnye_istochniki.fb2.zip</filename>
	<title>Борген Юхан. Темные источники</title>
</book>
<book>
	<filename>borgen_yuhan/borgen_yuhan_teper_emu_ne_uiti.fb2.zip</filename>
	<title>Борген Юхан. Теперь ему не уйти</title>
</book>
<book>
	<filename>borgeze_valerio/borgeze_valerio_desyataya_flotiliya_mas.fb2.zip</filename>
	<title>Боргезе Валерио. Десятая флотилия МАС</title>
</book>

</books>

