<?xml version="1.0" encoding="UTF-8" ?>
<books>

<book>
	<filename>braun_laiza/braun_laiza_tainye_svidaniya.fb2.zip</filename>
	<title>Браун Лайза. Тайные свидания</title>
</book>
<book>
	<filename>braun_laiza/braun_laiza_vnuk_dyavola.fb2.zip</filename>
	<title>Браун Лайза. Внук Дьявола</title>
</book>
<book>
	<filename>braun_laiza/braun_laiza_vzaimnoe_prityazhenie.fb2.zip</filename>
	<title>Браун Лайза. Взаимное притяжение</title>
</book>
<book>
	<filename>braun_lilian/braun_lilian_kot_kotoryi_boltal_s_indyukami.fb2.zip</filename>
	<title>Браун Лилиан Джексон. Кот, который болтал с индюками</title>
</book>
<book>
	<filename>braun_lilian/braun_lilian_kot_kotoryi_byl_pochtmeisterom.fb2.zip</filename>
	<title>Браун Лилиан Джексон. Кот, который был почтмейстером</title>
</book>
<book>
	<filename>braun_lilian/braun_lilian_kot_kotoryi_chital_sprava_nalevo.fb2.zip</filename>
	<title>Браун Лилиан Джексон. Кот, который читал справа налево</title>
</book>
<book>
	<filename>braun_lilian/braun_lilian_kot_kotoryi_druzhil_s_kardinalom.fb2.zip</filename>
	<title>Браун Лилиан Джексон. Кот, который дружил с кардиналом</title>
</book>
<book>
	<filename>braun_lilian/braun_lilian_kot_kotoryi_gulyal_pod_zemlei.fb2.zip</filename>
	<title>Браун Лилиан Джексон. Кот, который гулял под землей</title>
</book>
<book>
	<filename>braun_lilian/braun_lilian_kot_kotoryi_igral_v_slova.fb2.zip</filename>
	<title>Браун Лилиан Джексон. Кот, который играл в слова</title>
</book>
<book>
	<filename>braun_lilian/braun_lilian_kot_kotoryi_lyubil_bramsa.fb2.zip</filename>
	<title>Браун Лилиан Джексон. Кот, который любил Брамса</title>
</book>
<book>
	<filename>braun_lilian/braun_lilian_kot_kotoryi_nyuhal_klei.fb2.zip</filename>
	<title>Браун Лилиан Джексон. Кот, который нюхал клей</title>
</book>
<book>
	<filename>braun_lilian/braun_lilian_kot_kotoryi_prohodil_skvoz_steny.fb2.zip</filename>
	<title>Браун Лилиан Джексон. Кот, который проходил сквозь стены</title>
</book>
<book>
	<filename>braun_lilian/braun_lilian_kot_kotoryi_razgovarival_s_privideniyami.fb2.zip</filename>
	<title>Браун Лилиан Джексон. Кот, который разговаривал с привидениями</title>
</book>
<book>
	<filename>braun_lilian/braun_lilian_kot_kotoryi_sdvinul_goru.fb2.zip</filename>
	<title>Браун Лилиан Джексон. Кот, который сдвинул гору</title>
</book>
<book>
	<filename>braun_lilian/braun_lilian_kot_kotoryi_signalil.fb2.zip</filename>
	<title>Браун Лилиан Джексон. Кот, который сигналил</title>
</book>
<book>
	<filename>braun_lilian/braun_lilian_kot_kotoryi_svihnulsya_na_bananah.fb2.zip</filename>
	<title>Браун Лилиан Джексон. Кот, который свихнулся на бананах</title>
</book>
<book>
	<filename>braun_lilian/braun_lilian_kot_kotoryi_tam_ne_byl.fb2.zip</filename>
	<title>Браун Лилиан Джексон. Кот, который там не был</title>
</book>
<book>
	<filename>braun_lilian/braun_lilian_kot_kotoryi_ulybalsya.fb2.zip</filename>
	<title>Браун Лилиан Джексон. Кот, который улыбался</title>
</book>
<book>
	<filename>braun_lilian/braun_lilian_kot_kotoryi_vysledil_vora.fb2.zip</filename>
	<title>Браун Лилиан Джексон. Кот, который выследил вора</title>
</book>
<book>
	<filename>braun_lilian/braun_lilian_kot_kotoryi_zhil_roskoshno.fb2.zip</filename>
	<title>Браун Лилиан Джексон. Кот, который жил роскошно</title>
</book>
<book>
	<filename>braun_lilian/braun_lilian_kot_kotoryi_znal_14_istorii.fb2.zip</filename>
	<title>Браун Лилиан Джексон. Кот, который знал 14 историй</title>
</book>
<book>
	<filename>braun_lilian/braun_lilian_kot_kotoryi_znal_shekspira.fb2.zip</filename>
	<title>Браун Лилиан Джексон. Кот, который знал Шекспира</title>
</book>
<book>
	<filename>braun_lilian/braun_lilian_kot_kotoryi_zverel_ot_krasnogo.fb2.zip</filename>
	<title>Браун Лилиан Джексон. Кот, который зверел от красного</title>
</book>
<book>
	<filename>braun_lori/braun_lori_svadba_na_rozhdestvo.fb2.zip</filename>
	<title>Браун Лори. Свадьба на Рождество</title>
</book>
<book>
	<filename>braun_saimon/braun_saimon_gosudar.fb2.zip</filename>
	<title>Браун Саймон. Государь</title>
</book>
<book>
	<filename>braun_saimon/braun_saimon_nasledstvo.fb2.zip</filename>
	<title>Браун Саймон. Наследство</title>
</book>
<book>
	<filename>braun_saimon/braun_saimon_ogon_i_mech.fb2.zip</filename>
	<title>Браун Саймон. Огонь и меч</title>
</book>
<book>
	<filename>braun_saimon/braun_saimon_rozhdenie_imperii.fb2.zip</filename>
	<title>Браун Саймон. Рождение империи</title>
</book>
<book>
	<filename>braun_saimon/braun_saimon_syn_sopernika.fb2.zip</filename>
	<title>Браун Саймон. Сын соперника</title>
</book>
<book>
	<filename>braun_sandra/braun_sandra_alibi.fb2.zip</filename>
	<title>Браун Сандра. Алиби</title>
</book>
<book>
	<filename>braun_sandra/braun_sandra_aptekar_ego_sestra_i_ee_lyubovnik.fb2.zip</filename>
	<title>Браун Сандра. Аптекарь, его сестра и ее любовник</title>
</book>
<book>
	<filename>braun_sandra/braun_sandra_bescennyi_dar.fb2.zip</filename>
	<title>Браун Сандра. Бесценный дар</title>
</book>
<book>
	<filename>braun_sandra/braun_sandra_bezrassudnaya_lyubov.fb2.zip</filename>
	<title>Браун Сандра. Безрассудная любовь</title>
</book>
<book>
	<filename>braun_sandra/braun_sandra_bezzvuchnyi_krik.fb2.zip</filename>
	<title>Браун Сандра. Беззвучный крик</title>
</book>
<book>
	<filename>braun_sandra/braun_sandra_brat_moi_kain.fb2.zip</filename>
	<title>Браун Сандра. Брат мой, Каин</title>
</book>
<book>
	<filename>braun_sandra/braun_sandra_burya_v_yedeme.fb2.zip</filename>
	<title>Браун Сандра. Буря в Эдеме</title>
</book>
<book>
	<filename>braun_sandra/braun_sandra_cena_lyubvi.fb2.zip</filename>
	<title>Браун Сандра. Цена любви</title>
</book>
<book>
	<filename>braun_sandra/braun_sandra_demon_strasti.fb2.zip</filename>
	<title>Браун Сандра. Демон страсти</title>
</book>
<book>
	<filename>braun_sandra/braun_sandra_den_greha.fb2.zip</filename>
	<title>Браун Сандра. День греха</title>
</book>
<book>
	<filename>braun_sandra/braun_sandra_ditya_chetverga.fb2.zip</filename>
	<title>Браун Сандра. Дитя четверга</title>
</book>
<book>
	<filename>braun_sandra/braun_sandra_dolgozhdannoe_vozvrashenie.fb2.zip</filename>
	<title>Браун Сандра. Долгожданное возвращение</title>
</book>
<book>
	<filename>braun_sandra/braun_sandra_drugaya_zarya.fb2.zip</filename>
	<title>Браун Сандра. Другая заря</title>
</book>
<book>
	<filename>braun_sandra/braun_sandra_fantaziya.fb2.zip</filename>
	<title>Браун Сандра. Фантазия</title>
</book>
<book>
	<filename>braun_sandra/braun_sandra_francuzskii_shelk.fb2.zip</filename>
	<title>Браун Сандра. Французский шелк</title>
</book>
<book>
	<filename>braun_sandra/braun_sandra_glavnyi_svidetel.fb2.zip</filename>
	<title>Браун Сандра. Главный свидетель</title>
</book>
<book>
	<filename>braun_sandra/braun_sandra_gryaznye_igry.fb2.zip</filename>
	<title>Браун Сандра. Грязные игры</title>
</book>
<book>
	<filename>braun_sandra/braun_sandra_kak_dve_kapli_vody.fb2.zip</filename>
	<title>Браун Сандра. Как две капли воды</title>
</book>
<book>
	<filename>braun_sandra/braun_sandra_krasnorechivoe_molchanie.fb2.zip</filename>
	<title>Браун Сандра. Красноречивое молчание</title>
</book>
<book>
	<filename>braun_sandra/braun_sandra_lyubovnoe_pari.fb2.zip</filename>
	<title>Браун Сандра. Любовное пари</title>
</book>
<book>
	<filename>braun_sandra/braun_sandra_lyubov_vzaimy.fb2.zip</filename>
	<title>Браун Сандра. Любовь взаймы</title>
</book>
<book>
	<filename>braun_sandra/braun_sandra_muzhskie_kaprizy.fb2.zip</filename>
	<title>Браун Сандра. Мужские капризы</title>
</book>
<book>
	<filename>braun_sandra/braun_sandra_na_predele.fb2.zip</filename>
	<title>Браун Сандра. На пределе</title>
</book>
<book>
	<filename>braun_sandra/braun_sandra_nechayannaya_radost.fb2.zip</filename>
	<title>Браун Сандра. Нечаянная радость</title>
</book>
<book>
	<filename>braun_sandra/braun_sandra_ne_prisylai_cvetov.fb2.zip</filename>
	<title>Браун Сандра. Не присылай цветов</title>
</book>
<book>
	<filename>braun_sandra/braun_sandra_net_dyma_bez_ognya.fb2.zip</filename>
	<title>Браун Сандра. Нет дыма без огня</title>
</book>
<book>
	<filename>braun_sandra/braun_sandra_noch_pod_dulom_pistoleta.fb2.zip</filename>
	<title>Браун Сандра. Ночь под дулом пистолета</title>
</book>
<book>
	<filename>braun_sandra/braun_sandra_noch_s_neznakomkoi.fb2.zip</filename>
	<title>Браун Сандра. Ночь с незнакомкой</title>
</book>
<book>
	<filename>braun_sandra/braun_sandra_ot_nenavisti_do_lyubvi.fb2.zip</filename>
	<title>Браун Сандра. От ненависти до любви</title>
</book>
<book>
	<filename>braun_sandra/braun_sandra_park_soblaznov.fb2.zip</filename>
	<title>Браун Сандра. Парк соблазнов</title>
</book>
<book>
	<filename>braun_sandra/braun_sandra_plamya_strastei.fb2.zip</filename>
	<title>Браун Сандра. Пламя страстей</title>
</book>
<book>
	<filename>braun_sandra/braun_sandra_plennica_yastreba.fb2.zip</filename>
	<title>Браун Сандра. Пленница ястреба</title>
</book>
<book>
	<filename>braun_sandra/braun_sandra_poceluiiskusitel.fb2.zip</filename>
	<title>Браун Сандра. Поцелуй-искуситель</title>
</book>
<book>
	<filename>braun_sandra/braun_sandra_pocelui_na_rassvete.fb2.zip</filename>
	<title>Браун Сандра. Поцелуй на рассвете</title>
</book>
<book>
	<filename>braun_sandra/braun_sandra_poslednee_intervyu.fb2.zip</filename>
	<title>Браун Сандра. Последнее интервью</title>
</book>
<book>
	<filename>braun_sandra/braun_sandra_po_svoei_vole.fb2.zip</filename>
	<title>Браун Сандра. По своей воле</title>
</book>
<book>
	<filename>braun_sandra/braun_sandra_potaennoe_plamya.fb2.zip</filename>
	<title>Браун Сандра. Потаенное пламя</title>
</book>
<book>
	<filename>braun_sandra/braun_sandra_prozrenie.fb2.zip</filename>
	<title>Браун Сандра. Прозрение</title>
</book>
<book>
	<filename>braun_sandra/braun_sandra_rikoshet.fb2.zip</filename>
	<title>Браун Сандра. Рикошет</title>
</book>
<book>
	<filename>braun_sandra/braun_sandra_rokovoi_imidzh.fb2.zip</filename>
	<title>Браун Сандра. Роковой имидж</title>
</book>
<book>
	<filename>braun_sandra/braun_sandra_rozy_ot_killera.fb2.zip</filename>
	<title>Браун Сандра. Розы от киллера</title>
</book>
<book>
	<filename>braun_sandra/braun_sandra_sharada.fb2.zip</filename>
	<title>Браун Сандра. Шарада</title>
</book>
<book>
	<filename>braun_sandra/braun_sandra_shelkovaya_pautina.fb2.zip</filename>
	<title>Браун Сандра. Шелковая паутина</title>
</book>
<book>
	<filename>braun_sandra/braun_sandra_shelkovye_slova.fb2.zip</filename>
	<title>Браун Сандра. Шелковые слова</title>
</book>
<book>
	<filename>braun_sandra/braun_sandra_skandalnaya_istoriya.fb2.zip</filename>
	<title>Браун Сандра. Скандальная история</title>
</book>
<book>
	<filename>braun_sandra/braun_sandra_sladkaya_bol.fb2.zip</filename>
	<title>Браун Сандра. Сладкая боль</title>
</book>
<book>
	<filename>braun_sandra/braun_sandra_smert_v_nochnom_yefire.fb2.zip</filename>
	<title>Браун Сандра. Смерть в ночном эфире</title>
</book>
<book>
	<filename>braun_sandra/braun_sandra_sokrovennye_tainy.fb2.zip</filename>
	<title>Браун Сандра. Сокровенные тайны</title>
</book>
<book>
	<filename>braun_sandra/braun_sandra_sokrovennye_tainy_za_semyu_pechatyami.fb2.zip</filename>
	<title>Браун Сандра. Сокровенные тайны (За семью печатями)</title>
</book>
<book>
	<filename>braun_sandra/braun_sandra_svadebnyi_venok.fb2.zip</filename>
	<title>Браун Сандра. Свадебный венок</title>
</book>
<book>
	<filename>braun_sandra/braun_sandra_svidanie_s_ubiicei.fb2.zip</filename>
	<title>Браун Сандра. Свидание с убийцей</title>
</book>
<book>
	<filename>braun_sandra/braun_sandra_tainyi_brak.fb2.zip</filename>
	<title>Браун Сандра. Тайный брак</title>
</book>
<book>
	<filename>braun_sandra/braun_sandra_ta_kotoroi_ne_stalo.fb2.zip</filename>
	<title>Браун Сандра. Та, которой не стало</title>
</book>
<book>
	<filename>braun_sandra/braun_sandra_tanec_sudby.fb2.zip</filename>
	<title>Браун Сандра. Танец судьбы</title>
</book>
<book>
	<filename>braun_sandra/braun_sandra_tehas_seidzh.fb2.zip</filename>
	<title>Браун Сандра. Техас! Сейдж</title>
</book>
<book>
	<filename>braun_sandra/braun_sandra_trudnyi_vybor.fb2.zip</filename>
	<title>Браун Сандра. Трудный выбор</title>
</book>
<book>
	<filename>braun_sandra/braun_sandra_uragan_lyubvi.fb2.zip</filename>
	<title>Браун Сандра. Ураган любви</title>
</book>
<book>
	<filename>braun_sandra/braun_sandra_v_obyatiyah_zakata.fb2.zip</filename>
	<title>Браун Сандра. В объятиях заката</title>
</book>
<book>
	<filename>braun_sandra/braun_sandra_yeksklyuzivnoe_intervyu.fb2.zip</filename>
	<title>Браун Сандра. Эксклюзивное интервью</title>
</book>
<book>
	<filename>braun_sandra/braun_sandra_zavist.fb2.zip</filename>
	<title>Браун Сандра. Зависть</title>
</book>
<book>
	<filename>braun_sandra/braun_sandra_zavtrak_v_posteli.fb2.zip</filename>
	<title>Браун Сандра. Завтрак в постели</title>
</book>
<book>
	<filename>braun_sandra/braun_sandra_zhar_nebes.fb2.zip</filename>
	<title>Браун Сандра. Жар небес</title>
</book>
<book>
	<filename>braun_virdzhiniya/braun_virdzhiniya_dikii_cvetok.fb2.zip</filename>
	<title>Браун Вирджиния. Дикий цветок</title>
</book>
<book>
	<filename>braun_virdzhiniya/braun_virdzhiniya_dikoe_serdce.fb2.zip</filename>
	<title>Браун Вирджиния. Дикое сердце</title>
</book>
<book>
	<filename>braun_virdzhiniya/braun_virdzhiniya_dorozhe_vseh_sokrovish.fb2.zip</filename>
	<title>Браун Вирджиния. Дороже всех сокровищ</title>
</book>
<book>
	<filename>braun_virdzhiniya/braun_virdzhiniya_izumrudnye_nochi.fb2.zip</filename>
	<title>Браун Вирджиния. Изумрудные ночи</title>
</book>
<book>
	<filename>braun_virdzhiniya/braun_virdzhiniya_lunnyi_cvetok.fb2.zip</filename>
	<title>Браун Вирджиния. Лунный цветок</title>
</book>
<book>
	<filename>braun_virdzhiniya/braun_virdzhiniya_moi_vlastelin.fb2.zip</filename>
	<title>Браун Вирджиния. Мой властелин</title>
</book>
<book>
	<filename>braun_virdzhiniya/braun_virdzhiniya_myatezhnye_serdca.fb2.zip</filename>
	<title>Браун Вирджиния. Мятежные сердца</title>
</book>
<book>
	<filename>braun_virdzhiniya/braun_virdzhiniya_nefritovaya_luna.fb2.zip</filename>
	<title>Браун Вирджиния. Нефритовая луна</title>
</book>
<book>
	<filename>braun_virdzhiniya/braun_virdzhiniya_neistovaya_strast.fb2.zip</filename>
	<title>Браун Вирджиния. Неистовая страсть</title>
</book>
<book>
	<filename>braun_virdzhiniya/braun_virdzhiniya_obmanchivaya_vneshnost.fb2.zip</filename>
	<title>Браун Вирджиния. Обманчивая внешность</title>
</book>
<book>
	<filename>braun_virdzhiniya/braun_virdzhiniya_tainoe_prikosnovenie.fb2.zip</filename>
	<title>Браун Вирджиния. Тайное прикосновение</title>
</book>
<book>
	<filename>braun_virdzhiniya/braun_virdzhiniya_vyzov_strasti.fb2.zip</filename>
	<title>Браун Вирджиния. Вызов страсти</title>
</book>
<book>
	<filename>brauyer_alan/brauyer_alan_protyazhennyi_seksualnyi_orgazm.fb2.zip</filename>
	<title>Брауэр Алан. Протяженный сексуальный оргазм</title>
</book>
<book>
	<filename>brecina_tomas/brecina_tomas_bochka_so_zloveshei_metkoi.fb2.zip</filename>
	<title>Брецина Томас. Бочка со зловещей меткой</title>
</book>
<book>
	<filename>brecina_tomas/brecina_tomas_gde_zhe_millionnyi_aist.fb2.zip</filename>
	<title>Брецина Томас. Где же «миллионный аист»?</title>
</book>
<book>
	<filename>bredel_villi/bredel_villi_bratya_vitalery.fb2.zip</filename>
	<title>Бредель Вилли. Братья Витальеры</title>
</book>
<book>
	<filename>bredemaier_karsten/bredemaier_karsten_chernaya_ritorika_vlast_i_magiya_slova.fb2.zip</filename>
	<title>Бредемайер Карстен. Черная риторика: Власть и магия слова</title>
</book>
<book>
	<filename>brei_patriciya/brei_patriciya_chest_devlina.fb2.zip</filename>
	<title>Брей Патриция. Честь Девлина</title>
</book>
<book>
	<filename>brei_patriciya/brei_patriciya_pravosudie_devlina.fb2.zip</filename>
	<title>Брей Патриция. Правосудие Девлина</title>
</book>
<book>
	<filename>brei_patriciya/brei_patriciya_vybor_devlina.fb2.zip</filename>
	<title>Брей Патриция. Выбор Девлина</title>
</book>
<book>
	<filename>brekket_li/brekket_li_bolshoi_pryzhok.fb2.zip</filename>
	<title>Бреккет Ли. Большой прыжок</title>
</book>
<book>
	<filename>brekket_li/brekket_li_chuzhie_lyudi.fb2.zip</filename>
	<title>Бреккет Ли. Чужие люди</title>
</book>
<book>
	<filename>brekket_li/brekket_li_citadel_utrachennyh_let.fb2.zip</filename>
	<title>Бреккет Ли. Цитадель утраченных лет</title>
</book>
<book>
	<filename>brekket_li/brekket_li_dolgoe_zavtra.fb2.zip</filename>
	<title>Бреккет Ли. Долгое завтра</title>
</book>
<book>
	<filename>brekket_li/brekket_li_dragocennost_basa.fb2.zip</filename>
	<title>Бреккет Ли. Драгоценность Баса</title>
</book>
<book>
	<filename>brekket_li/brekket_li_grabiteli_skyeita.fb2.zip</filename>
	<title>Бреккет Ли. Грабители Скэйта</title>
</book>
<book>
	<filename>brekket_li/brekket_li_ischeznovenie_venerian.fb2.zip</filename>
	<title>Бреккет Ли. Исчезновение венериан</title>
</book>
<book>
	<filename>brekket_li/brekket_li_ischeznuvshaya_luna.fb2.zip</filename>
	<title>Бреккет Ли. Исчезнувшая луна</title>
</book>
<book>
	<filename>brekket_li/brekket_li_lyudi_talismana.fb2.zip</filename>
	<title>Бреккет Ли. Люди талисмана</title>
</book>
<book>
	<filename>brekket_li/brekket_li_marsianskii_gladiator.fb2.zip</filename>
	<title>Бреккет Ли. Марсианский гладиатор</title>
</book>
<book>
	<filename>brekket_li/brekket_li_nelyudi.fb2.zip</filename>
	<title>Бреккет Ли. Не-люди</title>
</book>
<book>
	<filename>brekket_li/brekket_li_ozero_ushedshih_naveki.fb2.zip</filename>
	<title>Бреккет Ли. Озеро ушедших навеки</title>
</book>
<book>
	<filename>brekket_li/brekket_li_prishestvie_zemlyan.fb2.zip</filename>
	<title>Бреккет Ли. Пришествие землян</title>
</book>
<book>
	<filename>brekket_li/brekket_li_puti_nemezidy.fb2.zip</filename>
	<title>Бреккет Ли. Пути Немезиды</title>
</book>
<book>
	<filename>brekket_li/brekket_li_ryzhaya_zvezda.fb2.zip</filename>
	<title>Бреккет Ли. Рыжая звезда</title>
</book>
<book>
	<filename>brekket_li/brekket_li_shennech_poslednii.fb2.zip</filename>
	<title>Бреккет Ли. Шеннеч — последний</title>
</book>
<book>
	<filename>brekket_li/brekket_li_shpaga_rianona.fb2.zip</filename>
	<title>Бреккет Ли. Шпага Рианона</title>
</book>
<book>
	<filename>brekket_li/brekket_li_sobaki_skyeita.fb2.zip</filename>
	<title>Бреккет Ли. Собаки Скэйта</title>
</book>
<book>
	<filename>brekket_li/brekket_li_taina_sinharata.fb2.zip</filename>
	<title>Бреккет Ли. Тайна Синхарата</title>
</book>
<book>
	<filename>brekket_li/brekket_li_tancovshica_s_ganimeda.fb2.zip</filename>
	<title>Бреккет Ли. Танцовщица с Ганимеда</title>
</book>
<book>
	<filename>brekket_li/brekket_li_tviner.fb2.zip</filename>
	<title>Бреккет Ли. Твинер</title>
</book>
<book>
	<filename>brekket_li/brekket_li_venerianskaya_koldunya.fb2.zip</filename>
	<title>Бреккет Ли. Венерианская колдунья</title>
</book>
<book>
	<filename>brekket_li/brekket_li_vse_cveta_radugi.fb2.zip</filename>
	<title>Бреккет Ли. Все цвета радуги</title>
</book>
<book>
	<filename>brekket_li/brekket_li_zhenshina_s_altaira.fb2.zip</filename>
	<title>Бреккет Ли. Женщина с Альтаира</title>
</book>
<book>
	<filename>brenchli_chez/brenchli_chez_bashnya_korolevskoi_docheri.fb2.zip</filename>
	<title>Бренчли Чез. Башня Королевской Дочери</title>
</book>
<book>
	<filename>brendan_myeri/brendan_myeri_ametistovoe_ozherele.fb2.zip</filename>
	<title>Брендан Мэри. Аметистовое ожерелье</title>
</book>
<book>
	<filename>brendan_myeri/brendan_myeri_vozmezdie.fb2.zip</filename>
	<title>Брендан Мэри. Возмездие</title>
</book>
<book>
	<filename>brendon_dzhoanna/brendon_dzhoanna_prosto_pocelui.fb2.zip</filename>
	<title>Брендон Джоанна. Просто поцелуй</title>
</book>
<book>
	<filename>brendon_dzhoanna/brendon_dzhoanna_tomitelnyi_smeh.fb2.zip</filename>
	<title>Брендон Джоанна. Томительный смех</title>
</book>
<book>
	<filename>brene_flavian/brene_flavian_evrei_i_talmud.fb2.zip</filename>
	<title>Бренье Флавиан. Евреи и Талмуд</title>
</book>
<book>
	<filename>brenneke_iohan/brenneke_iohan_ohotniki_za_ohotnikami_hronika_boevyh_deistvii_podvodnyh_lodok_germanii_vo_vtoroi_mirovoi_voine.fb2.zip</filename>
	<title>Бреннеке Йохан. Охотники за охотниками. Хроника боевых действий подводных лодок Германии во Второй мировой войне</title>
</book>
<book>
	<filename>brent_myeidlin/brent_myeidlin_prevratnosti_sudby.fb2.zip</filename>
	<title>Брент Мэйдлин. Превратности судьбы</title>
</book>
<book>
	<filename>brent_myeidlin/brent_myeidlin_teni_proshlogo.fb2.zip</filename>
	<title>Брент Мэйдлин. Тени прошлого</title>
</book>
<book>
	<filename>brent_myeidlin/brent_myeidlin_tibetskoe_prorochestvo.fb2.zip</filename>
	<title>Брент Мэйдлин. Тибетское пророчество</title>
</book>
<book>
	<filename>breshkobreshkovskii_nikolai/breshkobreshkovskii_nikolai_dikaya_diviziya.fb2.zip</filename>
	<title>Брешко-Брешковский Николай Николаевич. Дикая дивизия</title>
</book>
<book>
	<filename>bretnor_redzhinald/bretnor_redzhinald_gnurry_lezut_izo_vseh_shelei.fb2.zip</filename>
	<title>Бретнор Реджинальд. Гнурры лезут изо всех щелей</title>
</book>
<book>
	<filename>breton_gi/breton_gi_kogda_lyubov_byla_sankyulotom.fb2.zip</filename>
	<title>Бретон Ги. Когда любовь была «санкюлотом»</title>
</book>
<book>
	<filename>breton_gi/breton_gi_lyubov_kotoraya_sotvorila_istoriyu.fb2.zip</filename>
	<title>Бретон Ги. Любовь, которая сотворила историю</title>
</book>
<book>
	<filename>breton_gi/breton_gi_napoleon_i_mariyaluiza.fb2.zip</filename>
	<title>Бретон Ги. Наполеон и Мария-Луиза</title>
</book>
<book>
	<filename>breton_gi/breton_gi_napoleon_i_zhenshiny.fb2.zip</filename>
	<title>Бретон Ги. Наполеон и женщины</title>
</book>
<book>
	<filename>breton_gi/breton_gi_ot_anny_de_bozhe_do_mari_tushe.fb2.zip</filename>
	<title>Бретон Ги. От Анны де Боже до Мари Туше</title>
</book>
<book>
	<filename>breton_gi/breton_gi_ot_velikogo_konde_do_korolyasolnce.fb2.zip</filename>
	<title>Бретон Ги. От великого Конде до Короля-солнце</title>
</book>
<book>
	<filename>breton_gi/breton_gi_rasputnyi_vek.fb2.zip</filename>
	<title>Бретон Ги. Распутный век</title>
</book>
<book>
	<filename>breton_gi/breton_gi_v_krugu_korolev_i_favoritok.fb2.zip</filename>
	<title>Бретон Ги. В кругу королев и фавориток</title>
</book>
<book>
	<filename>breton_gi/breton_gi_zagadochnye_zhenshiny_xix_veka.fb2.zip</filename>
	<title>Бретон Ги. Загадочные женщины XIX века</title>
</book>
<book>
	<filename>breton_gi/breton_gi_zhenshiny_vremen_iyulskoi_monarhii.fb2.zip</filename>
	<title>Бретон Ги. Женщины времен июльской монархии</title>
</book>
<book>
	<filename>brett_doris/brett_doris_zhilabyla_devochka_pohozhaya_na_tebya.fb2.zip</filename>
	<title>Бретт Дорис. Жила-была девочка, похожая на тебя…</title>
</book>
<book>
	<filename>bretton_barbara/bretton_barbara_a_mozhet_v_yetot_raz.fb2.zip</filename>
	<title>Бреттон Барбара. А может, в этот раз?</title>
</book>
<book>
	<filename>bretton_barbara/bretton_barbara_den_kogda_my_vstretilis.fb2.zip</filename>
	<title>Бреттон Барбара. День, когда мы встретились</title>
</book>
<book>
	<filename>bretton_barbara/bretton_barbara_sluchainaya_vstrecha.fb2.zip</filename>
	<title>Бреттон Барбара. Случайная встреча</title>
</book>
<book>
	<filename>brett_saimon/brett_saimon_ispoved_malenkogo_negodnika.fb2.zip</filename>
	<title>Бретт Саймон. Исповедь маленького негодника</title>
</book>
<book>
	<filename>brett_saimon/brett_saimon_oi_kto_idet.fb2.zip</filename>
	<title>Бретт Саймон. Ой, кто идет!</title>
</book>
<book>
	<filename>brezhnev_leonid/brezhnev_leonid_celina.fb2.zip</filename>
	<title>Брежнев Леонид Ильич. Целина</title>
</book>
<book>
	<filename>brezhnev_leonid/brezhnev_leonid_chuvstvo_rodiny.fb2.zip</filename>
	<title>Брежнев Леонид Ильич. Чувство Родины</title>
</book>
<book>
	<filename>brezhnev_leonid/brezhnev_leonid_malaya_zemlya.fb2.zip</filename>
	<title>Брежнев Леонид Ильич. Малая Земля</title>
</book>
<book>
	<filename>brezhnev_leonid/brezhnev_leonid_vozrozhdenie.fb2.zip</filename>
	<title>Брежнев Леонид Ильич. Возрождение</title>
</book>
<book>
	<filename>brezhnev_leonid/brezhnev_leonid_zhizn_po_zavodskomu_gudku.fb2.zip</filename>
	<title>Брежнев Леонид Ильич. Жизнь по заводскому гудку</title>
</book>
<book>
	<filename>briding_sintiya/briding_sintiya_moi_blagorodnyi_rycar.fb2.zip</filename>
	<title>Бридинг Синтия. Мой благородный рыцарь</title>
</book>
<book>
	<filename>bridzher_tomas/bridzher_tomas_malenkii_bolshoi_chelovek.fb2.zip</filename>
	<title>Бриджер Томас. Маленький большой человек</title>
</book>
<book>
	<filename>bridzhmyen_uilyam/bridzhmyen_uilyam_odin_v_beskrainem_nebe.fb2.zip</filename>
	<title>Бриджмэн Уильям. Один в бескрайнем небе</title>
</book>
<book>
	<filename>bridzhs_v/bridzhs_v_chelovek_niotkuda.fb2.zip</filename>
	<title>Бриджс В. Человек ниоткуда</title>
</book>
<book>
	<filename>brigadir_yurii/brigadir_yurii_dnevnik_testirovshika.fb2.zip</filename>
	<title>Бригадир Юрий. Дневник тестировщика</title>
</book>
<book>
	<filename>brigadir_yurii/brigadir_yurii_hroniki_testirovshika.fb2.zip</filename>
	<title>Бригадир Юрий Алексеевич. Хроники тестировщика</title>
</book>
<book>
	<filename>brigadir_yurii/brigadir_yurii_mashka_ryzhik_i_dzhulbars.fb2.zip</filename>
	<title>Бригадир Юрий. Машка, Рыжик и Джульбарс</title>
</book>
<book>
	<filename>brigadir_yurii/brigadir_yurii_serdce_anubisa.fb2.zip</filename>
	<title>Бригадир Юрий. Сердце Анубиса</title>
</book>
<book>
	<filename>briggz_patriciya/briggz_patriciya_prizrak_drakona.fb2.zip</filename>
	<title>Бриггз Патриция. Призрак дракона</title>
</book>
<book>
	<filename>briggz_patriciya/briggz_patriciya_prizvannye_lunoi.fb2.zip</filename>
	<title>Бриггз Патриция. Призванные луной</title>
</book>
<book>
	<filename>briggz_patriciya/briggz_patriciya_ten_vorona.fb2.zip</filename>
	<title>Бриггз Патриция. Тень Ворона</title>
</book>
<book>
	<filename>briggz_patriciya/briggz_patriciya_udar_vorona.fb2.zip</filename>
	<title>Бриггз Патриция. Удар Ворона</title>
</book>
<book>
	<filename>briker_mariya/briker_mariya_bosikom_po_snegu.fb2.zip</filename>
	<title>Брикер Мария. Босиком по снегу</title>
</book>
<book>
	<filename>briker_mariya/briker_mariya_myatnyi_shokolad.fb2.zip</filename>
	<title>Брикер Мария. Мятный шоколад</title>
</book>
<book>
	<filename>brikhill_pol/brikhill_pol_beznogii_as.fb2.zip</filename>
	<title>Брикхилл Пол. Безногий ас</title>
</book>
<book>
	<filename>brimson_dugi/brimson_dugi_fanaty.fb2.zip</filename>
	<title>Бримсон Дуги. Фанаты</title>
</book>
<book>
	<filename>brimson_dugi/brimson_dugi_futbolnyi_huligan.fb2.zip</filename>
	<title>Бримсон Дуги. Футбольный хулиган</title>
</book>
<book>
	<filename>brimson_dugi/brimson_dugi_futbolnyi_huligan_shokiruyushaya_pravda_o_futbolnom_nasilii.fb2.zip</filename>
	<title>Бримсон Дуги. Футбольный хулиган: Шокирующая правда о футбольном насилии</title>
</book>
<book>
	<filename>brimson_dugi/brimson_dugi_koechto_o_billi.fb2.zip</filename>
	<title>Бримсон Дуги. Кое-что о Билли</title>
</book>
<book>
	<filename>brimson_dugi/brimson_dugi_komanda.fb2.zip</filename>
	<title>Бримсон Дуги. Команда</title>
</book>
<book>
	<filename>brimson_dugi/brimson_dugi_my_idem.fb2.zip</filename>
	<title>Бримсон Дуги. Мы идем</title>
</book>
<book>
	<filename>brimson_dugi/brimson_dugi_top_dog.fb2.zip</filename>
	<title>Бримсон Дуги. Топ Дог</title>
</book>
<book>
	<filename>brimson_dugi/brimson_dugi_vysshaya_mera.fb2.zip</filename>
	<title>Бримсон Дуги. Высшая мера</title>
</book>
<book>
	<filename>brimson_yeddi/brimson_yeddi_my_idem_za_kulisami_futbolnogo_nasiliya.fb2.zip</filename>
	<title>Бримсон Эдди. Мы идем: За кулисами футбольного насилия</title>
</book>
<book>
	<filename>brimson_yeddi/brimson_yeddi_vysshaya_mera.fb2.zip</filename>
	<title>Бримсон Эдди. Высшая мера</title>
</book>
<book>
	<filename>brin_dyevid/brin_dyevid_bereg_beskonechnosti.fb2.zip</filename>
	<title>Брин Дэвид. Берег бесконечности</title>
</book>
<book>
	<filename>brin_dyevid/brin_dyevid_chetvertaya_professiya_dzhordzha_gustava.fb2.zip</filename>
	<title>Брин Дэвид. Четвертая профессия Джорджа Густава</title>
</book>
<book>
	<filename>brin_dyevid/brin_dyevid_glina.fb2.zip</filename>
	<title>Брин Дэвид. Глина</title>
</book>
<book>
	<filename>brin_dyevid/brin_dyevid_hrustalnye_sfery.fb2.zip</filename>
	<title>Брин Дэвид. Хрустальные сферы</title>
</book>
<book>
	<filename>brin_dyevid/brin_dyevid_iskushenie.fb2.zip</filename>
	<title>Брин Дэвид. Искушение</title>
</book>
<book>
	<filename>brin_dyevid/brin_dyevid_nebesnye_prostory.fb2.zip</filename>
	<title>Брин Дэвид. Небесные просторы</title>
</book>
<book>
	<filename>brin_dyevid/brin_dyevid_opozdavshie.fb2.zip</filename>
	<title>Брин Дэвид. Опоздавшие</title>
</book>
<book>
	<filename>brin_dyevid/brin_dyevid_pochtalon.fb2.zip</filename>
	<title>Брин Дэвид. Почтальон</title>
</book>
<book>
	<filename>brin_dyevid/brin_dyevid_pryzhok_v_solnce.fb2.zip</filename>
	<title>Брин Дэвид. Прыжок в солнце</title>
</book>
<book>
	<filename>brin_dyevid/brin_dyevid_rif_yarkosti.fb2.zip</filename>
	<title>Брин Дэвид. Риф яркости</title>
</book>
<book>
	<filename>brin_dyevid/brin_dyevid_triumf_akademii.fb2.zip</filename>
	<title>Брин Дэвид. Триумф Академии</title>
</book>
<book>
	<filename>brin_dyevid/brin_dyevid_voina_za_vozvyshenie.fb2.zip</filename>
	<title>Брин Дэвид. Война за возвышение</title>
</book>
<book>
	<filename>brin_dyevid/brin_dyevid_zvezdnyi_priliv.fb2.zip</filename>
	<title>Брин Дэвид. Звездный прилив</title>
</book>
<book>
	<filename>bringsvyard_tur_oge/bringsvyard_tur_oge_bumerang.fb2.zip</filename>
	<title>Брингсвярд Тур Оге. Бумеранг</title>
</book>
<book>
	<filename>brinon_lui/brinon_lui_darmanyaki.fb2.zip</filename>
	<title>Бриньон Луи. Д'Арманьяки</title>
</book>
<book>
	<filename>bristol_li/bristol_li_alyi_voshod.fb2.zip</filename>
	<title>Бристол Ли. Алый восход</title>
</book>
<book>
	<filename>bristol_li/bristol_li_dvazhdy_blagoslovennaya.fb2.zip</filename>
	<title>Бристол Ли. Дважды благословенная</title>
</book>
<book>
	<filename>bristol_li/bristol_li_esli_ty_so_mnoi.fb2.zip</filename>
	<title>Бристол Ли. Если ты со мной</title>
</book>
<book>
	<filename>bristol_li/bristol_li_kogda_ne_nuzhny_slova.fb2.zip</filename>
	<title>Бристол Ли. Когда не нужны слова</title>
</book>
<book>
	<filename>bristol_li/bristol_li_nezhnyi_angel.fb2.zip</filename>
	<title>Бристол Ли. Нежный ангел</title>
</book>
<book>
	<filename>bristol_li/bristol_li_serebristye_sumerki.fb2.zip</filename>
	<title>Бристол Ли. Серебристые сумерки</title>
</book>
<book>
	<filename>bristol_li/bristol_li_yantarnye_nebesa.fb2.zip</filename>
	<title>Бристол Ли. Янтарные небеса</title>
</book>

</books>

