<?xml version="1.0" encoding="UTF-8" ?>
<books>
<book>
	<filename>bulgakov_mihail/bulgakov_mihail_bagrovyi_ostrov.fb2.zip</filename>
	<title>Булгаков Михаил Афанасьевич. Багровый остров</title>
</book>
<book>
	<filename>bulgakov_mihail/bulgakov_mihail_banshica_ivan.fb2.zip</filename>
	<title>Булгаков Михаил Афанасьевич. Банщица Иван</title>
</book>
<book>
	<filename>bulgakov_mihail/bulgakov_mihail_beg.fb2.zip</filename>
	<title>Булгаков Михаил Афанасьевич. Бег</title>
</book>
<book>
	<filename>bulgakov_mihail/bulgakov_mihail_belaya_gvardiya.fb2.zip</filename>
	<title>Булгаков Михаил Афанасьевич. Белая гвардия</title>
</book>
<book>
	<filename>bulgakov_mihail/bulgakov_mihail_belobrysova_knizhka.fb2.zip</filename>
	<title>Булгаков Михаил Афанасьевич. Белобрысова книжка</title>
</book>
<book>
	<filename>bulgakov_mihail/bulgakov_mihail_benefis_lorda_kerzona.fb2.zip</filename>
	<title>Булгаков Михаил Афанасьевич. Бенефис лорда Керзона</title>
</book>
<book>
	<filename>bulgakov_mihail/bulgakov_mihail_bogema.fb2.zip</filename>
	<title>Булгаков Михаил Афанасьевич. Богема</title>
</book>
<book>
	<filename>bulgakov_mihail/bulgakov_mihail_brachnaya_katastrofa.fb2.zip</filename>
	<title>Булгаков Михаил Афанасьевич. Брачная катастрофа</title>
</book>
<book>
	<filename>bulgakov_mihail/bulgakov_mihail_bubnovaya_istoriya.fb2.zip</filename>
	<title>Булгаков Михаил Афанасьевич. Бубновая история</title>
</book>
<book>
	<filename>bulgakov_mihail/bulgakov_mihail_byl_mai.fb2.zip</filename>
	<title>Булгаков Михаил Афанасьевич. «Был май...»</title>
</book>
<book>
	<filename>bulgakov_mihail/bulgakov_mihail_celitel.fb2.zip</filename>
	<title>Булгаков Михаил Афанасьевич. Целитель</title>
</book>
<book>
	<filename>bulgakov_mihail/bulgakov_mihail_chasha_zhizni.fb2.zip</filename>
	<title>Булгаков Михаил Афанасьевич. Чаша жизни</title>
</book>
<book>
	<filename>bulgakov_mihail/bulgakov_mihail_chasy_zhizni_i_smerti.fb2.zip</filename>
	<title>Булгаков Михаил Афанасьевич. Часы жизни и смерти</title>
</book>
<book>
	<filename>bulgakov_mihail/bulgakov_mihail_chernovye_nabroski_k_glavam_romana_napisannye_v_19291931_gg.fb2.zip</filename>
	<title>Булгаков Михаил Афанасьевич. Черновые наброски к главам романа, написанные в 1929-1931 г.г.</title>
</book>
<book>
	<filename>bulgakov_mihail/bulgakov_mihail_chernyi_mag.fb2.zip</filename>
	<title>Булгаков Михаил Афанасьевич. Черный маг</title>
</book>
<book>
	<filename>bulgakov_mihail/bulgakov_mihail_den_nashei_zhizni.fb2.zip</filename>
	<title>Булгаков Михаил Афанасьевич. День нашей жизни</title>
</book>
<book>
	<filename>bulgakov_mihail/bulgakov_mihail_dni_turbinyh.fb2.zip</filename>
	<title>Булгаков Михаил Афанасьевич. Дни Турбиных</title>
</book>
<book>
	<filename>bulgakov_mihail/bulgakov_mihail_dom_yelpitrabkommuna.fb2.zip</filename>
	<title>Булгаков Михаил Афанасьевич. Дом Эльпит-Рабкоммуна</title>
</book>
<book>
	<filename>bulgakov_mihail/bulgakov_mihail_don_kihot.fb2.zip</filename>
	<title>Булгаков Михаил Афанасьевич. Дон Кихот</title>
</book>
<book>
	<filename>bulgakov_mihail/bulgakov_mihail_dvulikii_chems.fb2.zip</filename>
	<title>Булгаков Михаил Афанасьевич. Двуликий Чемс</title>
</book>
<book>
	<filename>bulgakov_mihail/bulgakov_mihail_dyavoliada.fb2.zip</filename>
	<title>Булгаков Михаил Афанасьевич. Дьяволиада</title>
</book>
<book>
	<filename>bulgakov_mihail/bulgakov_mihail_glavpolitbogosluzhenie.fb2.zip</filename>
	<title>Булгаков Михаил Афанасьевич. Главполитбогослужение</title>
</book>
<book>
	<filename>bulgakov_mihail/bulgakov_mihail_glavy_romana_dopisannye_i_perepisannye_v_19341936_gg.fb2.zip</filename>
	<title>Булгаков Михаил Афанасьевич. Главы романа, дописанные и переписанные в 1934-1936 гг</title>
</book>
<book>
	<filename>bulgakov_mihail/bulgakov_mihail_govoryashaya_sobaka.fb2.zip</filename>
	<title>Булгаков Михаил Афанасьевич. Говорящая собака</title>
</book>
<book>
	<filename>bulgakov_mihail/bulgakov_mihail_gryadushie_perspektivy.fb2.zip</filename>
	<title>Булгаков Михаил Афанасьевич. Грядущие перспективы</title>
</book>
<book>
	<filename>bulgakov_mihail/bulgakov_mihail_hanskii_ogon.fb2.zip</filename>
	<title>Булгаков Михаил Афанасьевич. Ханский огонь</title>
</book>
<book>
	<filename>bulgakov_mihail/bulgakov_mihail_igra_prirody.fb2.zip</filename>
	<title>Булгаков Михаил Афанасьевич. Игра природы</title>
</book>
<book>
	<filename>bulgakov_mihail/bulgakov_mihail_ivan_vasilevich.fb2.zip</filename>
	<title>Булгаков Михаил Афанасьевич. Иван Васильевич</title>
</book>
<book>
	<filename>bulgakov_mihail/bulgakov_mihail_kak_buton_zhenilsya.fb2.zip</filename>
	<title>Булгаков Михаил Афанасьевич. Как Бутон женился</title>
</book>
<book>
	<filename>bulgakov_mihail/bulgakov_mihail_kievgorod.fb2.zip</filename>
	<title>Булгаков Михаил Афанасьевич. Киев-город</title>
</book>
<book>
	<filename>bulgakov_mihail/bulgakov_mihail_kitaiskaya_istoriya_6_kartin_vmesto_rasskaza.fb2.zip</filename>
	<title>Булгаков Михаил Афанасьевич. Китайская история. 6 картин вместо рассказа</title>
</book>
<book>
	<filename>bulgakov_mihail/bulgakov_mihail_koleso_sudby.fb2.zip</filename>
	<title>Булгаков Михаил Афанасьевич. Колесо судьбы</title>
</book>
<book>
	<filename>bulgakov_mihail/bulgakov_mihail_komarovskoe_delo.fb2.zip</filename>
	<title>Булгаков Михаил Афанасьевич. Комаровское дело</title>
</book>
<book>
	<filename>bulgakov_mihail/bulgakov_mihail_konduktor_i_chlen_imperatorskoi_familii.fb2.zip</filename>
	<title>Булгаков Михаил Афанасьевич. Кондуктор и член императорской фамилии</title>
</book>
<book>
	<filename>bulgakov_mihail/bulgakov_mihail_kopyto_inzhenera.fb2.zip</filename>
	<title>Булгаков Михаил Афанасьевич. Копыто инженера</title>
</book>
<book>
	<filename>bulgakov_mihail/bulgakov_mihail_krasnaya_korona_historia_morbi.fb2.zip</filename>
	<title>Булгаков Михаил Афанасьевич. Красная корона. Historia morbi</title>
</book>
<book>
	<filename>bulgakov_mihail/bulgakov_mihail_kreshenie_povorotom.fb2.zip</filename>
	<title>Булгаков Михаил Афанасьевич. Крещение поворотом</title>
</book>
<book>
	<filename>bulgakov_mihail/bulgakov_mihail_madmazel_zhanna.fb2.zip</filename>
	<title>Булгаков Михаил Афанасьевич. Мадмазель Жанна</title>
</book>
<book>
	<filename>bulgakov_mihail/bulgakov_mihail_master_i_margarita.fb2.zip</filename>
	<title>Булгаков Михаил Афанасиевич. Мастер и Маргарита</title>
</book>
<book>
	<filename>bulgakov_mihail/bulgakov_mihail_mertvye_hodyat.fb2.zip</filename>
	<title>Булгаков Михаил Афанасьевич. Мертвые ходят</title>
</book>
<book>
	<filename>bulgakov_mihail/bulgakov_mihail_morfii.fb2.zip</filename>
	<title>Булгаков Михаил Афанасьевич. Морфий</title>
</book>
<book>
	<filename>bulgakov_mihail/bulgakov_mihail_moskovskie_sceny.fb2.zip</filename>
	<title>Булгаков Михаил Афанасьевич. Московские сцены</title>
</book>
<book>
	<filename>bulgakov_mihail/bulgakov_mihail_moskva_20h_godov.fb2.zip</filename>
	<title>Булгаков Михаил Афанасьевич. Москва 20-х годов</title>
</book>
<book>
	<filename>bulgakov_mihail/bulgakov_mihail_moskva_krasnokamennaya.fb2.zip</filename>
	<title>Булгаков Михаил Афанасьевич. Москва краснокаменная</title>
</book>
<book>
	<filename>bulgakov_mihail/bulgakov_mihail_nalyot_v_volshebnom_fonare.fb2.zip</filename>
	<title>Булгаков Михаил Афанасьевич. Налёт. В волшебном фонаре</title>
</book>
<book>
	<filename>bulgakov_mihail/bulgakov_mihail_nedelya_prosvesheniya.fb2.zip</filename>
	<title>Булгаков Михаил Афанасьевич. Неделя просвещения</title>
</book>
<book>
	<filename>bulgakov_mihail/bulgakov_mihail_neobyknovennye_priklyucheniya_doktora.fb2.zip</filename>
	<title>Булгаков Михаил Афанасьевич. Необыкновенные приключения доктора</title>
</book>
<book>
	<filename>bulgakov_mihail/bulgakov_mihail_okonchanie_romana_belaya_gvardiya_rannyaya_redakciya.fb2.zip</filename>
	<title>Булгаков Михаил Афанасьевич. Окончание романа «Белая гвардия». Ранняя редакция</title>
</book>
<book>
	<filename>bulgakov_mihail/bulgakov_mihail_oni_hochut_svoyu_obrazovannost_pokazat.fb2.zip</filename>
	<title>Булгаков Михаил Афанасьевич. Они хочуть свою образованность показать...</title>
</book>
<book>
	<filename>bulgakov_mihail/bulgakov_mihail_o_polze_alkogolizma.fb2.zip</filename>
	<title>Булгаков Михаил Афанасьевич. О пользе алкоголизма</title>
</book>
<book>
	<filename>bulgakov_mihail/bulgakov_mihail_ploshad_na_kolesah.fb2.zip</filename>
	<title>Булгаков Михаил Афанасьевич. Площадь на колесах</title>
</book>
<book>
	<filename>bulgakov_mihail/bulgakov_mihail_pod_steklyannym_nebom.fb2.zip</filename>
	<title>Булгаков Михаил Афанасьевич. Под стеклянным небом</title>
</book>
<book>
	<filename>bulgakov_mihail/bulgakov_mihail_pohozhdeniya_chichikova.fb2.zip</filename>
	<title>Булгаков Михаил Афанасьевич. Похождения Чичикова</title>
</book>
<book>
	<filename>bulgakov_mihail/bulgakov_mihail_polotence_s_petuhom.fb2.zip</filename>
	<title>Булгаков Михаил Афанасьевич. Полотенце с петухом</title>
</book>
<book>
	<filename>bulgakov_mihail/bulgakov_mihail_prazdnik_s_sifilisom.fb2.zip</filename>
	<title>Булгаков Михаил Афанасьевич. Праздник с сифилисом</title>
</book>
<book>
	<filename>bulgakov_mihail/bulgakov_mihail_priklyucheniya_pokoinika.fb2.zip</filename>
	<title>Булгаков Михаил Афанасьевич. Приключения покойника</title>
</book>
<book>
	<filename>bulgakov_mihail/bulgakov_mihail_propavshii_glaz.fb2.zip</filename>
	<title>Булгаков Михаил Афанасьевич. Пропавший глаз</title>
</book>
<book>
	<filename>bulgakov_mihail/bulgakov_mihail_prosveshenie_s_krovoprolitiem.fb2.zip</filename>
	<title>Булгаков Михаил Афанасьевич. Просвещение с кровопролитием</title>
</book>
<book>
	<filename>bulgakov_mihail/bulgakov_mihail_psalom.fb2.zip</filename>
	<title>Булгаков Михаил Афанасьевич. Псалом</title>
</book>
<book>
	<filename>bulgakov_mihail/bulgakov_mihail_puteshestvie_po_krymu.fb2.zip</filename>
	<title>Булгаков Михаил Афанасьевич. Путешествие по Крыму</title>
</book>
<book>
	<filename>bulgakov_mihail/bulgakov_mihail_putevye_zametki.fb2.zip</filename>
	<title>Булгаков Михаил Афанасьевич. Путевые заметки</title>
</book>
<book>
	<filename>bulgakov_mihail/bulgakov_mihail_rabota_dostigaet_30_gradusov.fb2.zip</filename>
	<title>Булгаков Михаил Афанасьевич. Работа достигает 30 градусов</title>
</book>
<book>
	<filename>bulgakov_mihail/bulgakov_mihail_rokovye_yaica.fb2.zip</filename>
	<title>Булгаков Михаил Афанасьевич. Роковые яйца</title>
</book>
<book>
	<filename>bulgakov_mihail/bulgakov_mihail_samocvetnyi_byt.fb2.zip</filename>
	<title>Булгаков Михаил Афанасьевич. Самоцветный быт</title>
</book>
<book>
	<filename>bulgakov_mihail/bulgakov_mihail_samogonnoe_ozero.fb2.zip</filename>
	<title>Булгаков Михаил Афанасьевич. Самогонное озеро</title>
</book>
<book>
	<filename>bulgakov_mihail/bulgakov_mihail_shanson_dyetye.fb2.zip</filename>
	<title>Булгаков Михаил Афанасьевич. Шансон д'этэ</title>
</book>
<book>
	<filename>bulgakov_mihail/bulgakov_mihail_shprehen_zi_deitch.fb2.zip</filename>
	<title>Булгаков Михаил Афанасьевич. Шпрехен зи дейтч?</title>
</book>
<book>
	<filename>bulgakov_mihail/bulgakov_mihail_smychkoi_po_cherepu.fb2.zip</filename>
	<title>Булгаков Михаил Афанасьевич. Смычкой по черепу</title>
</book>
<book>
	<filename>bulgakov_mihail/bulgakov_mihail_sobache_serdce.fb2.zip</filename>
	<title>Булгаков Михаил Афанасьевич. Собачье сердце</title>
</book>
<book>
	<filename>bulgakov_mihail/bulgakov_mihail_sorok_sorokov.fb2.zip</filename>
	<title>Булгаков Михаил Афанасьевич. Сорок сороков</title>
</book>
<book>
	<filename>bulgakov_mihail/bulgakov_mihail_spiriticheskii_seans.fb2.zip</filename>
	<title>Булгаков Михаил Афанасьевич. Спиритический сеанс</title>
</book>
<book>
	<filename>bulgakov_mihail/bulgakov_mihail_stalnoe_gorlo.fb2.zip</filename>
	<title>Булгаков Михаил Афанасьевич. Стальное горло</title>
</book>
<book>
	<filename>bulgakov_mihail/bulgakov_mihail_stenka_na_stenku.fb2.zip</filename>
	<title>Булгаков Михаил Афанасьевич. Стенка на стенку</title>
</book>
<book>
	<filename>bulgakov_mihail/bulgakov_mihail_stolica_v_bloknote.fb2.zip</filename>
	<title>Булгаков Михаил Афанасьевич. Столица в блокноте</title>
</book>
<book>
	<filename>bulgakov_mihail/bulgakov_mihail_tainomu_drugu.fb2.zip</filename>
	<title>Булгаков Михаил Афанасьевич. Тайному другу</title>
</book>
<book>
	<filename>bulgakov_mihail/bulgakov_mihail_tarakan.fb2.zip</filename>
	<title>Булгаков Михаил Афанасьевич. Таракан</title>
</book>
<book>
	<filename>bulgakov_mihail/bulgakov_mihail_tma_egipetskaya.fb2.zip</filename>
	<title>Булгаков Михаил Афанасьевич. Тьма египетская</title>
</book>
<book>
	<filename>bulgakov_mihail/bulgakov_mihail_torgovyi_renessans.fb2.zip</filename>
	<title>Булгаков Михаил Афанасьевич. Торговый ренессанс</title>
</book>
<book>
	<filename>bulgakov_mihail/bulgakov_mihail_ugryzaemyi_hvost.fb2.zip</filename>
	<title>Булгаков Михаил Афанасьевич. Угрызаемый хвост</title>
</book>
<book>
	<filename>bulgakov_mihail/bulgakov_mihail_velikii_kancler.fb2.zip</filename>
	<title>Булгаков Михаил Афанасьевич. Великий канцлер</title>
</book>
<book>
	<filename>bulgakov_mihail/bulgakov_mihail_v_kafe.fb2.zip</filename>
	<title>Булгаков Михаил Афанасьевич. В кафе</title>
</book>
<book>
	<filename>bulgakov_mihail/bulgakov_mihail_v_noch_na_3e_chislo_iz_romana_alyi_mah.fb2.zip</filename>
	<title>Булгаков Михаил Афанасьевич. В ночь на 3-е число. Из романа «Алый мах»</title>
</book>
<book>
	<filename>bulgakov_mihail/bulgakov_mihail_voda_zhizni.fb2.zip</filename>
	<title>Булгаков Михаил Афанасьевич. «Вода жизни»</title>
</book>
<book>
	<filename>bulgakov_mihail/bulgakov_mihail_vospalenie_mozgov.fb2.zip</filename>
	<title>Булгаков Михаил Афанасьевич. Воспаление мозгов</title>
</book>
<book>
	<filename>bulgakov_mihail/bulgakov_mihail_vospominanie.fb2.zip</filename>
	<title>Булгаков Михаил Афанасьевич. Воспоминание...</title>
</book>
<book>
	<filename>bulgakov_mihail/bulgakov_mihail_vyuga.fb2.zip</filename>
	<title>Булгаков Михаил Афанасьевич. Вьюга</title>
</book>
<book>
	<filename>bulgakov_mihail/bulgakov_mihail_ya_ubil.fb2.zip</filename>
	<title>Булгаков Михаил Афанасьевич. Я убил</title>
</book>
<book>
	<filename>bulgakov_mihail/bulgakov_mihail_zalog_lyubvi.fb2.zip</filename>
	<title>Булгаков Михаил Афанасьевич. Залог любви</title>
</book>
<book>
	<filename>bulgakov_mihail/bulgakov_mihail_zapiski_na_manzhetah.fb2.zip</filename>
	<title>Булгаков Михаил Афанасьевич. Записки на манжетах</title>
</book>
<book>
	<filename>bulgakov_mihail/bulgakov_mihail_zapiski_pokoinika_teatralnyi_roman.fb2.zip</filename>
	<title>Булгаков Михаил Афанасьевич. Записки покойника. Театральный роман</title>
</book>
<book>
	<filename>bulgakov_mihail/bulgakov_mihail_zolotistyi_gorod.fb2.zip</filename>
	<title>Булгаков Михаил Афанасьевич. Золотистый город</title>
</book>
<book>
	<filename>bulgakov_mihail/bulgakov_mihail_zolotye_korrespondencii_feraponta_ferapontovicha_kaporceva.fb2.zip</filename>
	<title>Булгаков Михаил Афанасьевич. Золотые корреспонденции Ферапонта Ферапонтовича Капорцева</title>
</book>
<book>
	<filename>bulgakov_mihail/bulgakov_mihail_zvuki_polki_nezemnoi.fb2.zip</filename>
	<title>Булгаков Михаил Афанасьевич. Звуки польки неземной</title>
</book>
<book>
	<filename>bulgakov_mihail/bulgakov_mihail_zvyozdnaya_syp.fb2.zip</filename>
	<title>Булгаков Михаил Афанасьевич. Звёздная сыпь</title>
</book>
<book>
	<filename>bul_per/bul_per_beskonechnaya_noch.fb2.zip</filename>
	<title>Буль Пьер. Бесконечная ночь</title>
</book>
<book>
	<filename>bul_per/bul_per_kogda_ne_vyshlo_u_zmeya.fb2.zip</filename>
	<title>Буль Пьер. Когда не вышло у змея</title>
</book>
<book>
	<filename>bul_per/bul_per_lyubov_i_nevesomost.fb2.zip</filename>
	<title>Буль Пьер. Любовь и невесомость</title>
</book>
<book>
	<filename>bul_per/bul_per_most_cherez_reku_kvai.fb2.zip</filename>
	<title>Буль Пьер. Мост через реку Квай</title>
</book>
<book>
	<filename>bul_per/bul_per_planeta_obezyan.fb2.zip</filename>
	<title>Буль Пьер. Планета обезьян</title>
</book>
<book>
	<filename>bulverlitton_yedvard/bulverlitton_yedvard_garold_poslednii_korol_anglosaksonskii.fb2.zip</filename>
	<title>Бульвер-Литтон Эдвард Джордж. Гарольд, последний король Англосаксонский</title>
</book>
<book>
	<filename>bulverlitton_yedvard/bulverlitton_yedvard_poslednii_rimskii_tribun.fb2.zip</filename>
	<title>Бульвер-Литтон Эдвард Джордж. Последний римский трибун</title>
</book>
<book>
	<filename>bulychev_kir/bulychev_kir_62ya_seriya.fb2.zip</filename>
	<title>Булычев Кир. 62-я серия</title>
</book>
<book>
	<filename>bulychev_kir/bulychev_kir_agent_carya.fb2.zip</filename>
	<title>Булычев Кир. Агент царя</title>
</book>
<book>
	<filename>bulychev_kir/bulychev_kir_agent_kf.fb2.zip</filename>
	<title>Булычев Кир. Агент КФ</title>
</book>
<book>
	<filename>bulychev_kir/bulychev_kir_alisa_i_chudovishe.fb2.zip</filename>
	<title>Булычев Кир. Алиса и чудовище</title>
</book>
<book>
	<filename>bulychev_kir/bulychev_kir_alisa_i_drakon.fb2.zip</filename>
	<title>Булычев Кир. Алиса и дракон</title>
</book>
<book>
	<filename>bulychev_kir/bulychev_kir_alisa_i_krestonoscy.fb2.zip</filename>
	<title>Булычев Кир. Алиса и крестоносцы</title>
</book>
<book>
	<filename>bulychev_kir/bulychev_kir_alisa_na_planete_zagadok.fb2.zip</filename>
	<title>Булычев Кир. Алиса на планете загадок</title>
</book>
<book>
	<filename>bulychev_kir/bulychev_kir_alternativa.fb2.zip</filename>
	<title>Булычев Кир. Альтернатива</title>
</book>
<book>
	<filename>bulychev_kir/bulychev_kir_beloe_plate_zolushki.fb2.zip</filename>
	<title>Булычев Кир. Белое платье Золушки</title>
</book>
<book>
	<filename>bulychev_kir/bulychev_kir_beregis_kolduna.fb2.zip</filename>
	<title>Булычев Кир. Берегись колдуна!</title>
</book>
<book>
	<filename>bulychev_kir/bulychev_kir_bogomolcy_dolzhny_truditsya.fb2.zip</filename>
	<title>Булычев Кир. Богомольцы должны трудиться!</title>
</book>
<book>
	<filename>bulychev_kir/bulychev_kir_bratya_v_opasnosti.fb2.zip</filename>
	<title>Булычев Кир. Братья в опасности!</title>
</book>
<book>
	<filename>bulychev_kir/bulychev_kir_budushee_nachinaetsya_segodnya.fb2.zip</filename>
	<title>Булычев Кир. Будущее начинается сегодня</title>
</book>
<book>
	<filename>bulychev_kir/bulychev_kir_cena_krokodila.fb2.zip</filename>
	<title>Булычев Кир. Цена крокодила</title>
</book>
<book>
	<filename>bulychev_kir/bulychev_kir_chego_dusha_zhelaet.fb2.zip</filename>
	<title>Булычев Кир. Чего душа желает</title>
</book>
<book>
	<filename>bulychev_kir/bulychev_kir_chernyi_sakvoyazh.fb2.zip</filename>
	<title>Булычев Кир. Черный саквояж</title>
</book>
<book>
	<filename>bulychev_kir/bulychev_kir_chudovishe_u_rodnika.fb2.zip</filename>
	<title>Булычев Кир. Чудовище у родника</title>
</book>
<book>
	<filename>bulychev_kir/bulychev_kir_chulan_sinei_borody.fb2.zip</filename>
	<title>Булычев Кир. Чулан Синей Бороды</title>
</book>
<book>
	<filename>bulychev_kir/bulychev_kir_chuma_na_vashe_pole.fb2.zip</filename>
	<title>Булычев Кир. Чума на ваше поле!</title>
</book>
<book>
	<filename>bulychev_kir/bulychev_kir_chuzhaya_pamyat.fb2.zip</filename>
	<title>Булычев Кир. Чужая память</title>
</book>
<book>
	<filename>bulychev_kir/bulychev_kir_den_rozhdeniya_alisy.fb2.zip</filename>
	<title>Булычев Кир Всеволодович. День рождения Алисы</title>
</book>
<book>
	<filename>bulychev_kir/bulychev_kir_detektivnaya_istoriya.fb2.zip</filename>
	<title>Булычев Кир. Детективная история</title>
</book>
<book>
	<filename>bulychev_kir/bulychev_kir_deti_dinozavrov.fb2.zip</filename>
	<title>Булычев Кир. Дети динозавров</title>
</book>
<book>
	<filename>bulychev_kir/bulychev_kir_detskii_ostrov.fb2.zip</filename>
	<title>Булычев Кир. Детский остров</title>
</book>
<book>
	<filename>bulychev_kir/bulychev_kir_devochka_s_kotoroi_nichego_ne_sluchitsya.fb2.zip</filename>
	<title>Булычев Кир. Девочка, с которой ничего не случится</title>
</book>
<book>
	<filename>bulychev_kir/bulychev_kir_devochka_s_leikoi.fb2.zip</filename>
	<title>Булычев Кир. Девочка с лейкой</title>
</book>
<book>
	<filename>bulychev_kir/bulychev_kir_dobryak.fb2.zip</filename>
	<title>Булычев Кир. Добряк</title>
</book>
<book>
	<filename>bulychev_kir/bulychev_kir_dokazatelstvo.fb2.zip</filename>
	<title>Булычев Кир. Доказательство</title>
</book>
<book>
	<filename>bulychev_kir/bulychev_kir_domashnii_plennik.fb2.zip</filename>
	<title>Булычев Кир. Домашний пленник</title>
</book>
<book>
	<filename>bulychev_kir/bulychev_kir_dom_v_londone.fb2.zip</filename>
	<title>Булычев Кир. Дом в Лондоне</title>
</book>
<book>
	<filename>bulychev_kir/bulychev_kir_drakonozavr.fb2.zip</filename>
	<title>Булычев Кир. Драконозавр</title>
</book>
<book>
	<filename>bulychev_kir/bulychev_kir_drevnie_tainy.fb2.zip</filename>
	<title>Булычев Кир. Древние тайны</title>
</book>
<book>
	<filename>bulychev_kir/bulychev_kir_dva_bileta_v_indiyu.fb2.zip</filename>
	<title>Булычев Кир. Два билета в Индию</title>
</book>
<book>
	<filename>bulychev_kir/bulychev_kir_dva_sapoga_para.fb2.zip</filename>
	<title>Булычев Кир. Два сапога — пара</title>
</book>
<book>
	<filename>bulychev_kir/bulychev_kir_dve_kapli_na_stakan_vina.fb2.zip</filename>
	<title>Булычев Кир. Две капли на стакан вина</title>
</book>
<book>
	<filename>bulychev_kir/bulychev_kir_esli_by_ne_mihail.fb2.zip</filename>
	<title>Булычев Кир. Если бы не Михаил...</title>
</book>
<book>
	<filename>bulychev_kir/bulychev_kir_fotografiya_prishelca.fb2.zip</filename>
	<title>Булычев Кир. Фотография пришельца</title>
</book>
<book>
	<filename>bulychev_kir/bulychev_kir_gaido.fb2.zip</filename>
	<title>Булычев Кир. Гай-до</title>
</book>
<book>
	<filename>bulychev_kir/bulychev_kir_genii_i_zlodeistvo.fb2.zip</filename>
	<title>Булычев Кир. Гений и злодейство</title>
</book>
<book>
	<filename>bulychev_kir/bulychev_kir_gerkules_i_gidra.fb2.zip</filename>
	<title>Булычев Кир. Геркулес и Гидра</title>
</book>
<book>
	<filename>bulychev_kir/bulychev_kir_glavnomu_redaktoru_zhurnala_uralskii_sledopyt_pismo_v_redakciyu.fb2.zip</filename>
	<title>Булычев Кир. Главному редактору журнала «Уральский следопыт». Письмо в редакцию</title>
</book>
<book>
	<filename>bulychev_kir/bulychev_kir_glubokouvazhaemyi_mikrob.fb2.zip</filename>
	<title>Булычев Кир. Глубокоуважаемый микроб</title>
</book>
<book>
	<filename>bulychev_kir/bulychev_kir_gorod_bez_pamyati.fb2.zip</filename>
	<title>Булычев Кир. Город без памяти</title>
</book>
<book>
	<filename>bulychev_kir/bulychev_kir_gorod_naverhu.fb2.zip</filename>
	<title>Булычев Кир. Город наверху</title>
</book>
<book>
	<filename>bulychev_kir/bulychev_kir_gost_v_kuvshine.fb2.zip</filename>
	<title>Булычев Кир. Гость в кувшине</title>
</book>
<book>
	<filename>bulychev_kir/bulychev_kir_gradusnik_chuvstv.fb2.zip</filename>
	<title>Булычев Кир. Градусник чувств</title>
</book>
<book>
	<filename>bulychev_kir/bulychev_kir_gusilebedi.fb2.zip</filename>
	<title>Булычев Кир. Гуси-лебеди</title>
</book>
<book>
	<filename>bulychev_kir/bulychev_kir_guslyar_neapol.fb2.zip</filename>
	<title>Булычев Кир. Гусляр — Неаполь</title>
</book>
<book>
	<filename>bulychev_kir/bulychev_kir_hokkei_toli_guseva.fb2.zip</filename>
	<title>Булычев Кир. Хоккей Толи Гусева</title>
</book>
<book>
	<filename>bulychev_kir/bulychev_kir_hronofagi.fb2.zip</filename>
	<title>Булычев Кир. Хронофаги</title>
</book>
<book>
	<filename>bulychev_kir/bulychev_kir_ischeznovenie_professora_lu_fu.fb2.zip</filename>
	<title>Булычев Кир. Исчезновение профессора Лу Фу</title>
</book>
<book>
	<filename>bulychev_kir/bulychev_kir_izluchatel_dobroty.fb2.zip</filename>
	<title>Булычев Кир. Излучатель доброты</title>
</book>
<book>
	<filename>bulychev_kir/bulychev_kir_kak_ego_uznat.fb2.zip</filename>
	<title>Булычев Кир. Как его узнать?</title>
</book>
<book>
	<filename>bulychev_kir/bulychev_kir_kanikuly_v_kosmose_ili_planeta_pyatchetyre.fb2.zip</filename>
	<title>Булычев Кир. Каникулы в космосе, или Планета Пять-Четыре</title>
</book>
<book>
	<filename>bulychev_kir/bulychev_kir_kazhdomu_est_chto_vspomnit.fb2.zip</filename>
	<title>Булычев Кир. Каждому есть что вспомнить</title>
</book>
<book>
	<filename>bulychev_kir/bulychev_kir_killer.fb2.zip</filename>
	<title>Булычев Кир. Киллер</title>
</book>
<book>
	<filename>bulychev_kir/bulychev_kir_kladez_mudrosti.fb2.zip</filename>
	<title>Булычев Кир. Кладезь мудрости</title>
</book>
<book>
	<filename>bulychev_kir/bulychev_kir_klad_napoleona.fb2.zip</filename>
	<title>Булычев Кир. Клад Наполеона</title>
</book>
<book>
	<filename>bulychev_kir/bulychev_kir_klin_klinom.fb2.zip</filename>
	<title>Булычев Кир. Клин клином</title>
</book>
<book>
	<filename>bulychev_kir/bulychev_kir_kogda_chapaev_ne_utonul.fb2.zip</filename>
	<title>Булычев Кир. Когда Чапаев не утонул</title>
</book>
<book>
	<filename>bulychev_kir/bulychev_kir_kogda_vymerli_dinozavry.fb2.zip</filename>
	<title>Булычев Кир. Когда вымерли динозавры?</title>
</book>
<book>
	<filename>bulychev_kir/bulychev_kir_koldun_i_snegurochka.fb2.zip</filename>
	<title>Булычев Кир. Колдун и Снегурочка</title>
</book>
<book>
	<filename>bulychev_kir/bulychev_kir_komu_yeto_nuzhno.fb2.zip</filename>
	<title>Булычев Кир. Кому это нужно?</title>
</book>
<book>
	<filename>bulychev_kir/bulychev_kir_konec_atlantidy.fb2.zip</filename>
	<title>Булычев Кир. Конец Атлантиды</title>
</book>
<book>
	<filename>bulychev_kir/bulychev_kir_kopilka.fb2.zip</filename>
	<title>Булычев Кир. Копилка</title>
</book>
<book>
	<filename>bulychev_kir/bulychev_kir_koroleva_piratov_na_planete_skazok.fb2.zip</filename>
	<title>Булычев Кир. Королева пиратов на планете сказок</title>
</book>
<book>
	<filename>bulychev_kir/bulychev_kir_korona_professora_kozarina.fb2.zip</filename>
	<title>Булычев Кир. Корона профессора Козарина</title>
</book>
<book>
	<filename>bulychev_kir/bulychev_kir_kosmicheskii_desant.fb2.zip</filename>
	<title>Булычев Кир. Космический десант</title>
</book>
<book>
	<filename>bulychev_kir/bulychev_kir_kotel.fb2.zip</filename>
	<title>Булычев Кир. Котел</title>
</book>
<book>
	<filename>bulychev_kir/bulychev_kir_kovarnyi_plan.fb2.zip</filename>
	<title>Булычев Кир. Коварный план</title>
</book>
<book>
	<filename>bulychev_kir/bulychev_kir_kozlik_ivan_ivanovich.fb2.zip</filename>
	<title>Булычев Кир. Козлик Иван Иванович</title>
</book>
<book>
	<filename>bulychev_kir/bulychev_kir_krasnyi_olen_belyi_olen.fb2.zip</filename>
	<title>Булычев Кир. Красный олень — белый олень</title>
</book>
<book>
	<filename>bulychev_kir/bulychev_kir_lenechkaleonardo.fb2.zip</filename>
	<title>Булычев Кир. Ленечка-Леонардо</title>
</book>
<book>
	<filename>bulychev_kir/bulychev_kir_lilovyi_shar.fb2.zip</filename>
	<title>Булычев Кир. Лиловый шар</title>
</book>
<book>
	<filename>bulychev_kir/bulychev_kir_lishnii_bliznec.fb2.zip</filename>
	<title>Булычев Кир. Лишний близнец</title>
</book>
<book>
	<filename>bulychev_kir/bulychev_kir_lyalki.fb2.zip</filename>
	<title>Булычев Кир. Ляльки</title>
</book>
<book>
	<filename>bulychev_kir/bulychev_kir_lyubimec.fb2.zip</filename>
	<title>Булычев Кир. Любимец</title>
</book>
<book>
	<filename>bulychev_kir/bulychev_kir_lyubimyi_uchenik_fakira.fb2.zip</filename>
	<title>Булычев Кир. Любимый ученик факира</title>
</book>
<book>
	<filename>bulychev_kir/bulychev_kir_marsianskoe_zele.fb2.zip</filename>
	<title>Булычев Кир. Марсианское зелье</title>
</book>
<book>
	<filename>bulychev_kir/bulychev_kir_mechta_zaochnika.fb2.zip</filename>
	<title>Булычев Кир. Мечта заочника</title>
</book>
<book>
	<filename>bulychev_kir/bulychev_kir_mezhdunarodnyi_den_borby_s_sueveriyami.fb2.zip</filename>
	<title>Булычев Кир. Международный день борьбы с суевериями</title>
</book>
<book>
	<filename>bulychev_kir/bulychev_kir_million_priklyuchenii.fb2.zip</filename>
	<title>Булычев Кир. Миллион приключений</title>
</book>
<book>
	<filename>bulychev_kir/bulychev_kir_miniatyury.fb2.zip</filename>
	<title>Булычев Кир. Миниатюры</title>
</book>
<book>
	<filename>bulychev_kir/bulychev_kir_mozhno_poprosit_ninu.fb2.zip</filename>
	<title>Булычев Кир. Можно попросить Нину?</title>
</book>
<book>
	<filename>bulychev_kir/bulychev_kir_na_dnyah_zemletryasenie_v_ligone.fb2.zip</filename>
	<title>Булычев Кир. На днях землетрясение в Лигоне</title>
</book>
<book>
	<filename>bulychev_kir/bulychev_kir_nado_pomoch.fb2.zip</filename>
	<title>Булычев Кир. Надо помочь</title>
</book>
<book>
	<filename>bulychev_kir/bulychev_kir_na_polputi_s_obryva.fb2.zip</filename>
	<title>Булычев Кир. На полпути с обрыва</title>
</book>
<book>
	<filename>bulychev_kir/bulychev_kir_naslednik.fb2.zip</filename>
	<title>Булычев Кир. Наследник</title>
</book>
<book>
	<filename>bulychev_kir/bulychev_kir_nastoi_zabveniya.fb2.zip</filename>
	<title>Булычев Кир. Настой забвения</title>
</book>
<book>
	<filename>bulychev_kir/bulychev_kir_nastoyashee_kino.fb2.zip</filename>
	<title>Булычев Кир. Настоящее кино</title>
</book>
<book>
	<filename>bulychev_kir/bulychev_kir_nedostoinyi_bogatyr.fb2.zip</filename>
	<title>Булычев Кир. Недостойный богатырь</title>
</book>
<book>
	<filename>bulychev_kir/bulychev_kir_no_strannoyu_lyubovyu.fb2.zip</filename>
	<title>Булычев Кир. ...Но странною любовью</title>
</book>
<book>
	<filename>bulychev_kir/bulychev_kir_novosti_budushego_veka.fb2.zip</filename>
	<title>Булычев Кир. Новости будущего века</title>
</book>
<book>
	<filename>bulychev_kir/bulychev_kir_novyi_susanin.fb2.zip</filename>
	<title>Булычев Кир. Новый Сусанин</title>
</book>
<book>
	<filename>bulychev_kir/bulychev_kir_nuzhna_svobodnaya_planeta.fb2.zip</filename>
	<title>Булычев Кир. Нужна свободная планета</title>
</book>
<book>
	<filename>bulychev_kir/bulychev_kir_obida.fb2.zip</filename>
	<title>Булычев Кир. Обида</title>
</book>
<book>
	<filename>bulychev_kir/bulychev_kir_obysk.fb2.zip</filename>
	<title>Булычев Кир. Обыск</title>
</book>
<book>
	<filename>bulychev_kir/bulychev_kir_o_lyubvi_k_besslovesnym_tvaryam.fb2.zip</filename>
	<title>Булычев Кир. О любви к бессловесным тварям</title>
</book>
<book>
	<filename>bulychev_kir/bulychev_kir_oni_uzhe_zdes.fb2.zip</filename>
	<title>Булычев Кир. Они уже здесь!</title>
</book>
<book>
	<filename>bulychev_kir/bulychev_kir_opasnye_skazki.fb2.zip</filename>
	<title>Булычев Кир. Опасные сказки</title>
</book>
<book>
	<filename>bulychev_kir/bulychev_kir_operaciya_gadyuka.fb2.zip</filename>
	<title>Булычев Кир. Операция «Гадюка»</title>
</book>
<book>
	<filename>bulychev_kir/bulychev_kir_opozorennyi_gorod.fb2.zip</filename>
	<title>Булычев Кир. Опозоренный город</title>
</book>
<book>
	<filename>bulychev_kir/bulychev_kir_osechka67.fb2.zip</filename>
	<title>Булычев Кир. Осечка-67</title>
</book>
<book>
	<filename>bulychev_kir/bulychev_kir_o_strahe.fb2.zip</filename>
	<title>Булычев Кир. О страхе</title>
</book>
<book>
	<filename>bulychev_kir/bulychev_kir_ostrov_rzhavogo_leitenanta.fb2.zip</filename>
	<title>Булычев Кир. Остров ржавого лейтенанта</title>
</book>
<book>
	<filename>bulychev_kir/bulychev_kir_osvyashenie_hrama_ananda.fb2.zip</filename>
	<title>Булычев Кир. Освящение храма Ананда</title>
</book>
<book>
	<filename>bulychev_kir/bulychev_kir_otcy_i_deti.fb2.zip</filename>
	<title>Булычев Кир. Отцы и дети</title>
</book>
<book>
	<filename>bulychev_kir/bulychev_kir_otrazhenie_rozhi.fb2.zip</filename>
	<title>Булычев Кир. Отражение рожи</title>
</book>
<book>
	<filename>bulychev_kir/bulychev_kir_otvetnoe_chuvstvo.fb2.zip</filename>
	<title>Булычев Кир. Ответное чувство</title>
</book>
<book>
	<filename>bulychev_kir/bulychev_kir_parovoz_dlya_carya.fb2.zip</filename>
	<title>Булычев Кир. Паровоз для царя</title>
</book>
<book>
	<filename>bulychev_kir/bulychev_kir_pashkatroglodit.fb2.zip</filename>
	<title>Булычев Кир. Пашка-троглодит</title>
</book>
<book>
	<filename>bulychev_kir/bulychev_kir_pererozhdenec.fb2.zip</filename>
	<title>Булычев Кир. Перерожденец</title>
</book>
<book>
	<filename>bulychev_kir/bulychev_kir_perpendikulyarnyi_mir.fb2.zip</filename>
	<title>Булычев Кир. Перпендикулярный мир</title>
</book>
<book>
	<filename>bulychev_kir/bulychev_kir_pervyi_sloi_pamyati.fb2.zip</filename>
	<title>Булычев Кир. Первый слой памяти</title>
</book>
<book>
	<filename>bulychev_kir/bulychev_kir_pisma_raznyh_let.fb2.zip</filename>
	<title>Булычев Кир. Письма разных лет</title>
</book>
<book>
	<filename>bulychev_kir/bulychev_kir_planeta_dlya_tiranov.fb2.zip</filename>
	<title>Булычев Кир. Планета для тиранов</title>
</book>
<book>
	<filename>bulychev_kir/bulychev_kir_plate_ryeketira.fb2.zip</filename>
	<title>Булычев Кир. Платье рэкетира</title>
</book>
<book>
	<filename>bulychev_kir/bulychev_kir_plenniki_asteroida.fb2.zip</filename>
	<title>Булычев Кир. Пленники астероида</title>
</book>
<book>
	<filename>bulychev_kir/bulychev_kir_plody_vnusheniya.fb2.zip</filename>
	<title>Булычев Кир. Плоды внушения</title>
</book>
<book>
	<filename>bulychev_kir/bulychev_kir_podelis_so_mnoi.fb2.zip</filename>
	<title>Булычев Кир. Поделись со мной...</title>
</book>
<book>
	<filename>bulychev_kir/bulychev_kir_podopleka_skazki.fb2.zip</filename>
	<title>Булычев Кир. Подоплека сказки</title>
</book>
<book>
	<filename>bulychev_kir/bulychev_kir_podzemele_vedm.fb2.zip</filename>
	<title>Булычев Кир. Подземелье ведьм</title>
</book>
<book>
	<filename>bulychev_kir/bulychev_kir_podzemnaya_lodka.fb2.zip</filename>
	<title>Булычев Кир. Подземная лодка</title>
</book>
<book>
	<filename>bulychev_kir/bulychev_kir_pohishenie_charodeya.fb2.zip</filename>
	<title>Булычев Кир. Похищение чародея</title>
</book>
<book>
	<filename>bulychev_kir/bulychev_kir_poimi_tovarisha.fb2.zip</filename>
	<title>Булычев Кир. Пойми товарища!</title>
</book>
<book>
	<filename>bulychev_kir/bulychev_kir_pokazaniya_oli_n.fb2.zip</filename>
	<title>Булычев Кир. Показания Оли Н.</title>
</book>
<book>
	<filename>bulychev_kir/bulychev_kir_pokushenie_na_teseya.fb2.zip</filename>
	<title>Булычев Кир. Покушение на Тесея</title>
</book>
<book>
	<filename>bulychev_kir/bulychev_kir_polomka_na_linii.fb2.zip</filename>
	<title>Булычев Кир. Поломка на линии</title>
</book>
<book>
	<filename>bulychev_kir/bulychev_kir_polovina_zhizni.fb2.zip</filename>
	<title>Булычев Кир. Половина жизни</title>
</book>
<book>
	<filename>bulychev_kir/bulychev_kir_pominalnik_xx_veka.fb2.zip</filename>
	<title>Булычев Кир. Поминальник XX века</title>
</book>
<book>
	<filename>bulychev_kir/bulychev_kir_po_primeru_bombara.fb2.zip</filename>
	<title>Булычев Кир. По примеру Бомбара</title>
</book>
<book>
	<filename>bulychev_kir/bulychev_kir_poslednie_drakony.fb2.zip</filename>
	<title>Булычев Кир. Последние драконы</title>
</book>
<book>
	<filename>bulychev_kir/bulychev_kir_poslednyaya_voina.fb2.zip</filename>
	<title>Булычев Кир. Последняя война</title>
</book>
<book>
	<filename>bulychev_kir/bulychev_kir_postupili_v_prodazhu_zolotye_rybki.fb2.zip</filename>
	<title>Булычев Кир. Поступили в продажу золотые рыбки</title>
</book>
<book>
	<filename>bulychev_kir/bulychev_kir_posyolok.fb2.zip</filename>
	<title>Булычев Кир. Посёлок</title>
</book>
<book>
	<filename>bulychev_kir/bulychev_kir_povest_o_kontakte.fb2.zip</filename>
	<title>Булычев Кир. Повесть о контакте</title>
</book>
<book>
	<filename>bulychev_kir/bulychev_kir_predskazatel_proshlogo.fb2.zip</filename>
	<title>Булычев Кир. Предсказатель прошлого</title>
</book>
<book>
	<filename>bulychev_kir/bulychev_kir_princessa_na_goroshine.fb2.zip</filename>
	<title>Булычев Кир. Принцесса на горошине</title>
</book>
<book>
	<filename>bulychev_kir/bulychev_kir_princy_v_bashne.fb2.zip</filename>
	<title>Булычев Кир. Принцы в башне</title>
</book>
<book>
	<filename>bulychev_kir/bulychev_kir_prishelcy_ne_k_nam.fb2.zip</filename>
	<title>Булычев Кир. Пришельцы не к нам</title>
</book>
<book>
	<filename>bulychev_kir/bulychev_kir_prividenii_ne_byvaet.fb2.zip</filename>
	<title>Булычев Кир. Привидений не бывает</title>
</book>
<book>
	<filename>bulychev_kir/bulychev_kir_propavshii_bez_vesti.fb2.zip</filename>
	<title>Булычев Кир. Пропавший без вести</title>
</book>
<book>
	<filename>bulychev_kir/bulychev_kir_proshai_rybalka.fb2.zip</filename>
	<title>Булычев Кир. Прощай, рыбалка</title>
</book>
<book>
	<filename>bulychev_kir/bulychev_kir_proshedshee_vremya.fb2.zip</filename>
	<title>Булычев Кир. Прошедшее время</title>
</book>
<book>
	<filename>bulychev_kir/bulychev_kir_protest.fb2.zip</filename>
	<title>Булычев Кир. Протест</title>
</book>
<book>
	<filename>bulychev_kir/bulychev_kir_pustoi_dom.fb2.zip</filename>
	<title>Булычев Кир. Пустой дом</title>
</book>
<book>
	<filename>bulychev_kir/bulychev_kir_puteshestvie_alisy.fb2.zip</filename>
	<title>Булычев Кир. Путешествие Алисы</title>
</book>
<book>
	<filename>bulychev_kir/bulychev_kir_raionnye_sorevnovaniya_po_domino.fb2.zip</filename>
	<title>Булычев Кир. Районные соревнования по домино</title>
</book>
<book>
	<filename>bulychev_kir/bulychev_kir_raskopki_kurganov_v_doline_repedelkinok.fb2.zip</filename>
	<title>Булычев Кир. Раскопки курганов в долине Репеделкинок</title>
</book>
<book>
	<filename>bulychev_kir/bulychev_kir_razgovor_s_ubiicei.fb2.zip</filename>
	<title>Булычев Кир. Разговор с убийцей</title>
</book>
<book>
	<filename>bulychev_kir/bulychev_kir_razlyubite_lozhkina.fb2.zip</filename>
	<title>Булычев Кир. Разлюбите Ложкина!</title>
</book>
<book>
	<filename>bulychev_kir/bulychev_kir_razum_v_plenu.fb2.zip</filename>
	<title>Булычев Кир. Разум в плену</title>
</book>
<book>
	<filename>bulychev_kir/bulychev_kir_rechnoi_doktor.fb2.zip</filename>
	<title>Булычев Кир. Речной доктор</title>
</book>
<book>
	<filename>bulychev_kir/bulychev_kir_repka.fb2.zip</filename>
	<title>Булычев Кир. Репка</title>
</book>
<book>
	<filename>bulychev_kir/bulychev_kir_sadovnik_v_ssylke.fb2.zip</filename>
	<title>Булычев Кир. Садовник в ссылке</title>
</book>
<book>
	<filename>bulychev_kir/bulychev_kir_sedobnye_tigry.fb2.zip</filename>
	<title>Булычев Кир. Съедобные тигры</title>
</book>
<book>
	<filename>bulychev_kir/bulychev_kir_sekret_chernogo_kamnya.fb2.zip</filename>
	<title>Булычев Кир. Секрет черного камня</title>
</book>
<book>
	<filename>bulychev_kir/bulychev_kir_sestrica_alenushka_i_bratec_ivanushka.fb2.zip</filename>
	<title>Булычев Кир. Сестрица Аленушка и братец Иванушка</title>
</book>
<book>
	<filename>bulychev_kir/bulychev_kir_shkaf_nezemnoi_krasoty.fb2.zip</filename>
	<title>Булычев Кир. Шкаф неземной красоты</title>
</book>
<book>
	<filename>bulychev_kir/bulychev_kir_shkolnye_kanikuly_korneliya_udalova.fb2.zip</filename>
	<title>Булычев Кир. Школьные каникулы Корнелия Удалова</title>
</book>
<book>
	<filename>bulychev_kir/bulychev_kir_shturm_dyulbera.fb2.zip</filename>
	<title>Булычев Кир. Штурм Дюльбера</title>
</book>
<book>
	<filename>bulychev_kir/bulychev_kir_silnee_zubra_i_slona.fb2.zip</filename>
	<title>Булычев Кир. Сильнее зубра и слона</title>
</book>
<book>
	<filename>bulychev_kir/bulychev_kir_sinyaya_boroda.fb2.zip</filename>
	<title>Булычев Кир. Синяя борода</title>
</book>
<book>
	<filename>bulychev_kir/bulychev_kir_skazka_o_repe.fb2.zip</filename>
	<title>Булычев Кир. Сказка о репе</title>
</book>
<book>
	<filename>bulychev_kir/bulychev_kir_smert_yetazhom_nizhe.fb2.zip</filename>
	<title>Булычев Кир. Смерть этажом ниже</title>
</book>
<book>
	<filename>bulychev_kir/bulychev_kir_snegurochka.fb2.zip</filename>
	<title>Булычев Кир. Снегурочка</title>
</book>
<book>
	<filename>bulychev_kir/bulychev_kir_soblazn.fb2.zip</filename>
	<title>Булычев Кир. Соблазн</title>
</book>
<book>
	<filename>bulychev_kir/bulychev_kir_sponsora.fb2.zip</filename>
	<title>Булычев Кир. Спонсора!</title>
</book>
<book>
	<filename>bulychev_kir/bulychev_kir_sredstvo_ot_davleniya.fb2.zip</filename>
	<title>Булычев Кир. Средство от давления</title>
</book>
<book>
	<filename>bulychev_kir/bulychev_kir_staryi_god.fb2.zip</filename>
	<title>Булычев Кир. Старый год</title>
</book>
<book>
	<filename>bulychev_kir/bulychev_kir_sto_let_tomu_vpered_gostya_iz_budushego.fb2.zip</filename>
	<title>Булычев Кир. Сто лет тому вперед [Гостья из будущего]</title>
</book>
<book>
	<filename>bulychev_kir/bulychev_kir_syshik_alisa.fb2.zip</filename>
	<title>Булычев Кир. Сыщик Алиса</title>
</book>
<book>
	<filename>bulychev_kir/bulychev_kir_taina_urulgana.fb2.zip</filename>
	<title>Булычев Кир. Тайна Урулгана</title>
</book>
<book>
	<filename>bulychev_kir/bulychev_kir_takan_dlya_detei_zemli.fb2.zip</filename>
	<title>Булычев Кир. Такан для детей Земли</title>
</book>
<book>
	<filename>bulychev_kir/bulychev_kir_takih_ne_ubivayut.fb2.zip</filename>
	<title>Булычев Кир. Таких не убивают</title>
</book>
<book>
	<filename>bulychev_kir/bulychev_kir_tak_nachinayutsya_navodneniya.fb2.zip</filename>
	<title>Булычев Кир. Так начинаются наводнения</title>
</book>
<book>
	<filename>bulychev_kir/bulychev_kir_tehnologiya_rasskaza.fb2.zip</filename>
	<title>Булычев Кир. Технология рассказа</title>
</book>
<book>
	<filename>bulychev_kir/bulychev_kir_teremok.fb2.zip</filename>
	<title>Булычев Кир. Теремок</title>
</book>
<book>
	<filename>bulychev_kir/bulychev_kir_terpenie_i_trud.fb2.zip</filename>
	<title>Булычев Кир. Терпение и труд</title>
</book>
<book>
	<filename>bulychev_kir/bulychev_kir_titanicheskoe_porazhenie.fb2.zip</filename>
	<title>Булычев Кир. Титаническое поражение</title>
</book>
<book>
	<filename>bulychev_kir/bulychev_kir_trinadcat_let_puti.fb2.zip</filename>
	<title>Булычев Кир. Тринадцать лет пути</title>
</book>
<book>
	<filename>bulychev_kir/bulychev_kir_trudnyi_rebenok.fb2.zip</filename>
	<title>Булычев Кир. Трудный ребенок</title>
</book>
<book>
	<filename>bulychev_kir/bulychev_kir_umenie_kidat_myach.fb2.zip</filename>
	<title>Булычев Кир. Умение кидать мяч</title>
</book>
<book>
	<filename>bulychev_kir/bulychev_kir_upryamyi_marsii.fb2.zip</filename>
	<title>Булычев Кир. Упрямый Марсий</title>
</book>
<book>
	<filename>bulychev_kir/bulychev_kir_uvazhaemaya_redakciya.fb2.zip</filename>
	<title>Булычев Кир. Уважаемая редакция!</title>
</book>
<book>
	<filename>bulychev_kir/bulychev_kir_uzniki_yamagirimaru.fb2.zip</filename>
	<title>Булычев Кир. Узники «Ямагири-Мару»</title>
</book>
<book>
	<filename>bulychev_kir/bulychev_kir_vampir_polumraks.fb2.zip</filename>
	<title>Булычев Кир. Вампир Полумракс</title>
</book>
<book>
	<filename>bulychev_kir/bulychev_kir_vanyadasha=lyubov.fb2.zip</filename>
	<title>Булычев Кир. Ваня+Даша=Любовь</title>
</book>
<book>
	<filename>bulychev_kir/bulychev_kir_velikii_duh_i_beglecy.fb2.zip</filename>
	<title>Булычев Кир. Великий дух и беглецы</title>
</book>
<book>
	<filename>bulychev_kir/bulychev_kir_vid_na_bitvu_s_vysoty.fb2.zip</filename>
	<title>Булычев Кир. Вид на битву с высоты</title>
</book>
<book>
	<filename>bulychev_kir/bulychev_kir_virusy_ne_otstiryvayutsya.fb2.zip</filename>
	<title>Булычев Кир. Вирусы не отстирываются</title>
</book>
<book>
	<filename>bulychev_kir/bulychev_kir_v_kogtyah_strasti.fb2.zip</filename>
	<title>Булычев Кир. В когтях страсти</title>
</book>
<book>
	<filename>bulychev_kir/bulychev_kir_v_kurinoi_shkure.fb2.zip</filename>
	<title>Булычев Кир. В куриной шкуре</title>
</book>
<book>
	<filename>bulychev_kir/bulychev_kir_voina_s_liliputami.fb2.zip</filename>
	<title>Булычев Кир. Война с лилипутами</title>
</book>
<book>
	<filename>bulychev_kir/bulychev_kir_vokrug_sveta_za_tri_chasa.fb2.zip</filename>
	<title>Булычев Кир. Вокруг света за три часа</title>
</book>
<book>
	<filename>bulychev_kir/bulychev_kir_vospitanie_gavrilova.fb2.zip</filename>
	<title>Булычев Кир. Воспитание Гаврилова</title>
</book>
<book>
	<filename>bulychev_kir/bulychev_kir_vozvrashenie_iz_trapezunda.fb2.zip</filename>
	<title>Булычев Кир. Возвращение из Трапезунда</title>
</book>
<book>
	<filename>bulychev_kir/bulychev_kir_vozvyshenie_udalova.fb2.zip</filename>
	<title>Булычев Кир. Возвышение Удалова</title>
</book>
<book>
	<filename>bulychev_kir/bulychev_kir_vstuplenie.fb2.zip</filename>
	<title>Булычев Кир. Вступление</title>
</book>
<book>
	<filename>bulychev_kir/bulychev_kir_vtorogodniki.fb2.zip</filename>
	<title>Булычев Кир. Второгодники</title>
</book>
<book>
	<filename>bulychev_kir/bulychev_kir_vybor.fb2.zip</filename>
	<title>Булычев Кир. Выбор</title>
</book>
<book>
	<filename>bulychev_kir/bulychev_kir_yablonya.fb2.zip</filename>
	<title>Булычев Кир. Яблоня</title>
</book>
<book>
	<filename>bulychev_kir/bulychev_kir_ya_vas_pervym_obnaruzhil.fb2.zip</filename>
	<title>Булычев Кир. Я вас первым обнаружил!</title>
</book>
<book>
	<filename>bulychev_kir/bulychev_kir_yedison_i_grubin.fb2.zip</filename>
	<title>Булычев Кир. Эдисон и Грубин</title>
</book>
<book>
	<filename>bulychev_kir/bulychev_kir_yeto_ty_alisa.fb2.zip</filename>
	<title>Булычев Кир. Это ты, Алиса?</title>
</book>
<book>
	<filename>bulychev_kir/bulychev_kir_yeto_vam_ne_yablochnyi_kompot.fb2.zip</filename>
	<title>Булычев Кир. Это вам не яблочный компот!</title>
</book>
<book>
	<filename>bulychev_kir/bulychev_kir_zagadka_himery.fb2.zip</filename>
	<title>Булычев Кир. Загадка Химеры</title>
</book>
<book>
	<filename>bulychev_kir/bulychev_kir_zakon_dlya_drakona.fb2.zip</filename>
	<title>Булычев Кир. Закон для дракона</title>
</book>
<book>
	<filename>bulychev_kir/bulychev_kir_zapovednik_skazok.fb2.zip</filename>
	<title>Булычев Кир. Заповедник сказок</title>
</book>
<book>
	<filename>bulychev_kir/bulychev_kir_zhenskoi_dole_vopreki.fb2.zip</filename>
	<title>Булычев Кир. Женской доле вопреки</title>
</book>
<book>
	<filename>bulychev_kir/bulychev_kir_zhilcy.fb2.zip</filename>
	<title>Булычев Кир. Жильцы</title>
</book>
<book>
	<filename>bulychev_kir/bulychev_kir_zhizn_za_triceratopsa.fb2.zip</filename>
	<title>Булычев Кир. Жизнь за трицератопса</title>
</book>
<book>
	<filename>bulychev_kir/bulychev_kir_zhuravl_v_rukah.fb2.zip</filename>
	<title>Булычев Кир. Журавль в руках</title>
</book>
<book>
	<filename>bulychev_kir/bulychev_kir_zolotoi_medvezhonok.fb2.zip</filename>
	<title>Булычев Кир. Золотой медвежонок</title>
</book>
<book>
	<filename>bulychev_kir/bulychev_kir_zvezdolet_v_lesu.fb2.zip</filename>
	<title>Булычев Кир. Звездолет в лесу</title>
</book>
<book>
	<filename>bulychev_kir/bulychev_kir_zvezdy_zovut.fb2.zip</filename>
	<title>Булычев Кир. Звезды зовут!</title>
</book>

</books>

