<?xml version="1.0" encoding="UTF-8" ?>
<books>
<book>
	<filename>bulykin_grigorii/bulykin_grigorii_kuplyu_vhodnuyu_dver.fb2.zip</filename>
	<title>Булыкин Григорий. Куплю входную дверь</title>
</book>
<book>
	<filename>bulykin_grigorii/bulykin_grigorii_tochka_na_chernom.fb2.zip</filename>
	<title>Булыкин Григорий. Точка на черном</title>
</book>
<book>
	<filename>bunich_igor/bunich_igor_byl_bespredela_ili_sindrom_nikolaya_ii.fb2.zip</filename>
	<title>Бунич Игорь. Быль беспредела, или Синдром Николая II</title>
</book>
<book>
	<filename>bunich_igor/bunich_igor_groza_krovavye_igry_diktatorov.fb2.zip</filename>
	<title>Бунич Игорь. «Гроза». Кровавые игры диктаторов</title>
</book>
<book>
	<filename>bunich_igor/bunich_igor_korsary_kaizera.fb2.zip</filename>
	<title>Бунич Игорь. Корсары Кайзера</title>
</book>
<book>
	<filename>bunich_igor/bunich_igor_labirinty_bezumiya.fb2.zip</filename>
	<title>Бунич Игорь. Лабиринты безумия</title>
</book>
<book>
	<filename>bunich_igor/bunich_igor_mech_prezidenta.fb2.zip</filename>
	<title>Бунич Игорь. Меч президента</title>
</book>
<book>
	<filename>bunin_ivan/bunin_ivan_dnevniki.fb2.zip</filename>
	<title>Бунин Иван Алексеевич. Дневники</title>
</book>
<book>
	<filename>bunin_ivan/bunin_ivan_gospodin_iz_sanfrancisko.fb2.zip</filename>
	<title>Бунин Иван Алексеевич. Господин из Сан-Франциско</title>
</book>
<book>
	<filename>bunin_ivan/bunin_ivan_klasha.fb2.zip</filename>
	<title>Бунин Иван Алексеевич. Клаша</title>
</book>
<book>
	<filename>bunin_ivan/bunin_ivan_legkoe_dyhanie.fb2.zip</filename>
	<title>Бунин Иван Алексеевич. Легкое дыхание</title>
</book>
<book>
	<filename>bunin_ivan/bunin_ivan_molodost_i_starost.fb2.zip</filename>
	<title>Бунин Иван Алексеевич. Молодость и старость</title>
</book>
<book>
	<filename>bunin_ivan/bunin_ivan_okayannye_dni.fb2.zip</filename>
	<title>Бунин Иван Алексеевич. Окаянные дни</title>
</book>
<book>
	<filename>bunin_ivan/bunin_ivan_solnechnyi_udar.fb2.zip</filename>
	<title>Бунин Иван Алексеевич. Солнечный удар</title>
</book>
<book>
	<filename>bunin_ivan/bunin_ivan_stihotvoreniya.fb2.zip</filename>
	<title>Бунин Иван Алексеевич. Стихотворения</title>
</book>
<book>
	<filename>bunin_ivan/bunin_ivan_temnye_allei.fb2.zip</filename>
	<title>Бунин Иван Алексеевич. Темные аллеи</title>
</book>
<book>
	<filename>bunin_ivan/bunin_ivan_ten_pticy.fb2.zip</filename>
	<title>Бунин Иван Алексеевич. Тень птицы</title>
</book>
<book>
	<filename>bunin_ivan/bunin_ivan_tuman.fb2.zip</filename>
	<title>Бунин Иван Алексеевич. Туман</title>
</book>
<book>
	<filename>bunin_ivan/bunin_ivan_u_istoka_dnei.fb2.zip</filename>
	<title>Бунин Иван Алексеевич. У истока дней</title>
</book>
<book>
	<filename>bunin_ivan/bunin_ivan_velga.fb2.zip</filename>
	<title>Бунин Иван Алексеевич. Велга</title>
</book>
<book>
	<filename>bunin_ivan/bunin_ivan_vospominaniya.fb2.zip</filename>
	<title>Бунин Иван Алексеевич. Воспоминанiя</title>
</book>
<book>
	<filename>bunin_ivan/bunin_ivan_zhizn_arseneva.fb2.zip</filename>
	<title>Бунин Иван Алексеевич. Жизнь Арсеньева</title>
</book>
<book>
	<filename>bunyuyel_luis/bunyuyel_luis_moi_poslednii_vzdoh.fb2.zip</filename>
	<title>Бунюэль Луис. Мой последний вздох</title>
</book>
<book>
	<filename>burak_anatolii/burak_anatolii_belka_v_kolese.fb2.zip</filename>
	<title>Бурак Анатолий. Белка в колесе</title>
</book>
<book>
	<filename>burak_anatolii/burak_anatolii_lico_osobogo_naznacheniya.fb2.zip</filename>
	<title>Бурак Анатолий. Лицо особого назначения</title>
</book>
<book>
	<filename>burak_anatolii/burak_anatolii_otdel_himer.fb2.zip</filename>
	<title>Бурак Анатолий. Отдел Химер</title>
</book>
<book>
	<filename>burbo_liz/burbo_liz_dengi_i_izobilie.fb2.zip</filename>
	<title>Бурбо Лиз. Деньги и изобилие</title>
</book>
<book>
	<filename>burbo_liz/burbo_liz_pyat_travm_kotorye_meshayut_byt_samim_soboi.fb2.zip</filename>
	<title>Бурбо Лиз. Пять травм, которые мешают быть самим собой</title>
</book>
<book>
	<filename>burbo_liz/burbo_liz_slushaite_svoe_telo_vashego_luchshego_druga_na_zemle.fb2.zip</filename>
	<title>Бурбо Лиз. Слушайте свое тело, вашего лучшего друга на Земле</title>
</book>
<book>
	<filename>burbo_liz/burbo_liz_tvoe_telo_govorit_lyubi_sebya.fb2.zip</filename>
	<title>Бурбо Лиз. Твое тело говорит «Люби себя!»</title>
</book>
<book>
	<filename>burcev_viktor/burcev_viktor_almaznaya_realnost.fb2.zip</filename>
	<title>Бурцев Виктор. Алмазная реальность</title>
</book>
<book>
	<filename>burcev_viktor/burcev_viktor_almaznye_nervy.fb2.zip</filename>
	<title>Бурцев Виктор. Алмазные нервы</title>
</book>
<book>
	<filename>burcev_viktor/burcev_viktor_almaznyi_dozhd.fb2.zip</filename>
	<title>Бурцев Виктор. Алмазный дождь</title>
</book>
<book>
	<filename>burcev_viktor/burcev_viktor_gimalaiskii_zigzag.fb2.zip</filename>
	<title>Бурцев Виктор. Гималайский зигзаг</title>
</book>
<book>
	<filename>burcev_viktor/burcev_viktor_ohota_na_nlo.fb2.zip</filename>
	<title>Бурцев Виктор. Охота на НЛО</title>
</book>
<book>
	<filename>burcev_viktor/burcev_viktor_oskal_anubisa.fb2.zip</filename>
	<title>Бурцев Виктор. Оскал Анубиса</title>
</book>
<book>
	<filename>burcev_viktor/burcev_viktor_plennyh_ne_brat.fb2.zip</filename>
	<title>Бурцев Виктор. Пленных не брать!</title>
</book>
<book>
	<filename>burcev_viktor/burcev_viktor_svyatoi_ostrov.fb2.zip</filename>
	<title>Бурцев Виктор. Святой остров</title>
</book>
<book>
	<filename>burcev_viktor/burcev_viktor_zerkalo_iblisa.fb2.zip</filename>
	<title>Бурцев Виктор. Зеркало Иблиса</title>
</book>
<book>
	<filename>burcev_vladimir/burcev_vladimir_protokoly_sionskih_mudrecov.fb2.zip</filename>
	<title>Бурцев Владимир Львович. Протоколы сионских мудрецов</title>
</book>
<book>
	<filename>burden_francuaza/burden_francuaza_hrustalnoe_schaste.fb2.zip</filename>
	<title>Бурден Француаза. Хрустальное счастье</title>
</book>
<book>
	<filename>burden_francuaza/burden_francuaza_iskushenie_strastyu.fb2.zip</filename>
	<title>Бурден Француаза. Искушение страстью</title>
</book>
<book>
	<filename>burden_francuaza/burden_francuaza_neznakomka_iz_peirolya.fb2.zip</filename>
	<title>Бурден Француаза. Незнакомка из Пейроля</title>
</book>
<book>
	<filename>burden_francuaza/burden_francuaza_rokovaya_lyubov.fb2.zip</filename>
	<title>Бурден Француаза. Роковая любовь</title>
</book>
<book>
	<filename>burdon_silviya/burdon_silviya_prazdnik_lyubvi.fb2.zip</filename>
	<title>Бурдон Сильвия. Праздник любви</title>
</book>
<book>
	<filename>burenina_kira/burenina_kira_beloe_i_chernoe_rozhdestvo.fb2.zip</filename>
	<title>Буренина Кира. Белое и черное Рождество</title>
</book>
<book>
	<filename>burenina_kira/burenina_kira_boyare_my_k_vam_prishli.fb2.zip</filename>
	<title>Буренина Кира. Бояре, мы к вам пришли!</title>
</book>
<book>
	<filename>burenina_kira/burenina_kira_do_togo_kak_nastupil_fevral.fb2.zip</filename>
	<title>Буренина Кира. До того как наступил февраль...</title>
</book>
<book>
	<filename>burenina_kira/burenina_kira_iz_zapisok_perevodchicy.fb2.zip</filename>
	<title>Буренина Кира. Из записок переводчицы</title>
</book>
<book>
	<filename>burenina_kira/burenina_kira_skazka_dlya_dvoih.fb2.zip</filename>
	<title>Буренина Кира. Сказка для двоих</title>
</book>
<book>
	<filename>burenina_kira/burenina_kira_vstrecha.fb2.zip</filename>
	<title>Буренина Кира. Встреча</title>
</book>
<book>
	<filename>burenina_kira/burenina_kira_yepizod.fb2.zip</filename>
	<title>Буренина Кира. Эпизод</title>
</book>
<book>
	<filename>burenina_kira/burenina_kira_zhenskoe_obayanie.fb2.zip</filename>
	<title>Буренина Кира. Женское обаяние</title>
</book>
<book>
	<filename>burenin_sergei/burenin_sergei_mars_probuzhdaetsya.fb2.zip</filename>
	<title>Буренин Сергей. Марс пробуждается</title>
</book>
<book>
	<filename>burevoi_roman/burevoi_roman_bogi_slepnut.fb2.zip</filename>
	<title>Буревой Роман. Боги слепнут</title>
</book>
<book>
	<filename>burevoi_roman/burevoi_roman_imperator_valgally.fb2.zip</filename>
	<title>Буревой Роман. Император Валгаллы</title>
</book>
<book>
	<filename>burevoi_roman/burevoi_roman_koldun_iz_temnogorska.fb2.zip</filename>
	<title>Буревой Роман. Колдун из Темногорска</title>
</book>
<book>
	<filename>burevoi_roman/burevoi_roman_maska_dantesa.fb2.zip</filename>
	<title>Буревой Роман. Маска Дантеса</title>
</book>
<book>
	<filename>burevoi_roman/burevoi_roman_mechta_imperii.fb2.zip</filename>
	<title>Буревой Роман. Мечта империи</title>
</book>
<book>
	<filename>burevoi_roman/burevoi_roman_put_v_belovode.fb2.zip</filename>
	<title>Буревой Роман. Путь в Беловодье</title>
</book>
<book>
	<filename>burevoi_roman/burevoi_roman_severnaya_palmira.fb2.zip</filename>
	<title>Буревой Роман. Северная Пальмира</title>
</book>
<book>
	<filename>burevoi_roman/burevoi_roman_syshik.fb2.zip</filename>
	<title>Буревой Роман. Сыщик</title>
</book>
<book>
	<filename>burevoi_roman/burevoi_roman_taina_nereidy.fb2.zip</filename>
	<title>Буревой Роман. Тайна Нереиды</title>
</book>
<book>
	<filename>burevoi_roman/burevoi_roman_temnogorsk.fb2.zip</filename>
	<title>Буревой Роман. Темногорск</title>
</book>
<book>
	<filename>burevoi_roman/burevoi_roman_ten_nerona.fb2.zip</filename>
	<title>Буревой Роман. Тень Нерона</title>
</book>
<book>
	<filename>burevoi_roman/burevoi_roman_vrata_voiny.fb2.zip</filename>
	<title>Буревой Роман. Врата войны</title>
</book>
<book>
	<filename>burevoi_roman/burevoi_roman_vse_dorogi_vedut_v_rim.fb2.zip</filename>
	<title>Буревой Роман. Все дороги ведут в Рим</title>
</book>
<book>
	<filename>burgiu_yakob/burgiu_yakob_za_tridevyat_zemel.fb2.zip</filename>
	<title>Бургиу Якоб Якобович. За тридевять земель...</title>
</book>
<book>
	<filename>burin_sergei/burin_sergei_na_polyah_srazhenii_grazhdanskoi_voiny_v_ssha.fb2.zip</filename>
	<title>Бурин Сергей Николаевич. На полях сражений гражданской войны в США</title>
</book>
<book>
	<filename>burkatovskii_sergei/burkatovskii_sergei_vchera_budet_voina.fb2.zip</filename>
	<title>Буркатовский Сергей. Вчера будет война</title>
</book>
<book>
	<filename>burkin_yulii/burkin_yulii_avtobiografiya.fb2.zip</filename>
	<title>Буркин Юлий Сергеевич. Автобиография</title>
</book>
<book>
	<filename>burkin_yulii/burkin_yulii_brilliantovyi_dozhd.fb2.zip</filename>
	<title>Буркин Юлий. Бриллиантовый дождь</title>
</book>
<book>
	<filename>burkin_yulii/burkin_yulii_cvety_na_nashem_peple.fb2.zip</filename>
	<title>Буркин Юлий Сергеевич. Цветы на нашем пепле</title>
</book>
<book>
	<filename>burkin_yulii/burkin_yulii_izumrudnye_rosy.fb2.zip</filename>
	<title>Буркин Юлий. Изумрудные росы</title>
</book>
<book>
	<filename>burkin_yulii/burkin_yulii_prosto_nasypano.fb2.zip</filename>
	<title>Буркин Юлий Сергеевич. Просто насыпано</title>
</book>
<book>
	<filename>burkin_yulii/burkin_yulii_pyatna_grozy.fb2.zip</filename>
	<title>Буркин Юлий. Пятна грозы</title>
</book>
<book>
	<filename>burkin_yulii/burkin_yulii_segodnya_mama.fb2.zip</filename>
	<title>Буркин Юлий. Сегодня, мама!</title>
</book>
<book>
	<filename>burkov_georgii/burkov_georgii_hronika_serdca.fb2.zip</filename>
	<title>Бурков Георгий Иванович. Хроника сердца</title>
</book>
<book>
	<filename>burlak_vadim/burlak_vadim_sled_iz_taigi.fb2.zip</filename>
	<title>Бурлак Вадим Николаевич. След из тайги</title>
</book>
<book>
	<filename>burnosov_yurii/burnosov_yurii_chetyre_vsadnika.fb2.zip</filename>
	<title>Бурносов Юрий. Четыре всадника</title>
</book>
<book>
	<filename>burnosov_yurii/burnosov_yurii_dva_kvadrata.fb2.zip</filename>
	<title>Бурносов Юрий. Два квадрата</title>
</book>
<book>
	<filename>burnosov_yurii/burnosov_yurii_tri_rozy.fb2.zip</filename>
	<title>Бурносов Юрий. Три розы</title>
</book>
<book>
	<filename>burovskii_andrei/burovskii_andrei_sibirskaya_zhut3.fb2.zip</filename>
	<title>Буровский Андрей Михайлович. Сибирская жуть-3</title>
</book>
<book>
	<filename>burovskii_andrei/burovskii_andrei_sibirskaya_zhut4_ne_budite_spyashuyu_taigu.fb2.zip</filename>
	<title>Буровский Андрей Михайлович. Сибирская жуть-4. Не будите спящую тайгу</title>
</book>
<book>
	<filename>burovskii_andrei/burovskii_andrei_sibirskaya_zhut5_taiga_slezam_ne_verit.fb2.zip</filename>
	<title>Буровский Андрей Михайлович. Сибирская жуть-5. Тайга слезам не верит</title>
</book>
<book>
	<filename>burovskii_andrei/burovskii_andrei_sibirskaya_zhut6_dyavolskoe_kolco.fb2.zip</filename>
	<title>Буровский Андрей Михайлович. Сибирская жуть-6. Дьявольское кольцо</title>
</book>
<book>
	<filename>burovskii_andrei/burovskii_andrei_sibirskaya_zhut7.fb2.zip</filename>
	<title>Буровский Андрей Михайлович. Сибирская жуть-7</title>
</book>
<book>
	<filename>burroughs_edgar/burroughs_edgar_thuvia_maid_of_mars.fb2.zip</filename>
	<title>Burroughs Edgar Rice. Thuvia, Maid of Mars</title>
</book>
<book>
	<filename>buryak_aleksandr/buryak_aleksandr_mir_durakov.fb2.zip</filename>
	<title>Бурьяк Александр. Мир дураков</title>
</book>
<book>
	<filename>bushan_yelizabet/bushan_yelizabet_mest_zhenshiny_srednego_vozrasta.fb2.zip</filename>
	<title>Бушан Элизабет. Месть женщины среднего возраста</title>
</book>
<book>
	<filename>bushin_vladimir/bushin_vladimir_aleksandr_solzhenicyn_genii_pervogo_plevka.fb2.zip</filename>
	<title>Бушин Владимир. Александр Солженицын. Гений первого плевка</title>
</book>
<book>
	<filename>bushin_vladimir/bushin_vladimir_ogon_po_svoim.fb2.zip</filename>
	<title>Бушин Владимир. Огонь по своим</title>
</book>
<book>
	<filename>bushkov_aleksandr/bushkov_aleksandr_anastasiya.fb2.zip</filename>
	<title>Бушков Александр Александрович. Анастасия</title>
</book>
<book>
	<filename>bushkov_aleksandr/bushkov_aleksandr_a_ona_bezhala.fb2.zip</filename>
	<title>Бушков Александр. А она бежала</title>
</book>
<book>
	<filename>bushkov_aleksandr/bushkov_aleksandr_ashhabadskii_vor.fb2.zip</filename>
	<title>Бушков Александр. Ашхабадский вор</title>
</book>
<book>
	<filename>bushkov_aleksandr/bushkov_aleksandr_ballada_o_schastlivoi_neveste.fb2.zip</filename>
	<title>Бушков Александр. Баллада о счастливой невесте</title>
</book>
<book>
	<filename>bushkov_aleksandr/bushkov_aleksandr_beshenaya.fb2.zip</filename>
	<title>Бушков Александр Александрович. Бешеная</title>
</book>
<book>
	<filename>bushkov_aleksandr/bushkov_aleksandr_brezhnin_lug.fb2.zip</filename>
	<title>Бушков Александр. Брежнин луг</title>
</book>
<book>
	<filename>bushkov_aleksandr/bushkov_aleksandr_buldozhya_shvatka.fb2.zip</filename>
	<title>Бушков Александр Александрович. Бульдожья схватка</title>
</book>
<book>
	<filename>bushkov_aleksandr/bushkov_aleksandr_chetvertyi_tost.fb2.zip</filename>
	<title>Бушков Александр. Четвертый тост</title>
</book>
<book>
	<filename>bushkov_aleksandr/bushkov_aleksandr_chuzhie_berega.fb2.zip</filename>
	<title>Бушков Александр. Чужие берега</title>
</book>
<book>
	<filename>bushkov_aleksandr/bushkov_aleksandr_chuzhie_parusa.fb2.zip</filename>
	<title>Бушков Александр. Чужие паруса</title>
</book>
<book>
	<filename>bushkov_aleksandr/bushkov_aleksandr_chuzhie_zerkala.fb2.zip</filename>
	<title>Бушков Александр. Чужие зеркала</title>
</book>
<book>
	<filename>bushkov_aleksandr/bushkov_aleksandr_dartanyan_gvardeec_kardinala_kniga_pervaya.fb2.zip</filename>
	<title>Бушков Александр. Д`Артаньян - гвардеец кардинала (книга первая)</title>
</book>
<book>
	<filename>bushkov_aleksandr/bushkov_aleksandr_dartanyan_gvardeec_kardinala_kniga_vtoraya.fb2.zip</filename>
	<title>Бушков Александр. Д`Артаньян - гвардеец кардинала (книга вторая)</title>
</book>
<book>
	<filename>bushkov_aleksandr/bushkov_aleksandr_deti_tumana.fb2.zip</filename>
	<title>Бушков Александр Александрович. Дети тумана</title>
</book>
<book>
	<filename>bushkov_aleksandr/bushkov_aleksandr_dikarka_chertovo_gorodishe.fb2.zip</filename>
	<title>Бушков Александр. Дикарка. Чертово городище</title>
</book>
<book>
	<filename>bushkov_aleksandr/bushkov_aleksandr_dikarka.fb2.zip</filename>
	<title>Бушков Александр. Дикарка</title>
</book>
<book>
	<filename>bushkov_aleksandr/bushkov_aleksandr_dikoe_zoloto.fb2.zip</filename>
	<title>Бушков Александр Александрович. Дикое золото</title>
</book>
<book>
	<filename>bushkov_aleksandr/bushkov_aleksandr_domoi_gde_rimskaya_doroga.fb2.zip</filename>
	<title>Бушков Александр. Домой, где римская дорога</title>
</book>
<book>
	<filename>bushkov_aleksandr/bushkov_aleksandr_dom_s_privideniyami.fb2.zip</filename>
	<title>Бушков Александр. Дом с привидениями</title>
</book>
<book>
	<filename>bushkov_aleksandr/bushkov_aleksandr_dozhd_nad_okeanom.fb2.zip</filename>
	<title>Бушков Александр. Дождь над океаном</title>
</book>
<book>
	<filename>bushkov_aleksandr/bushkov_aleksandr_ekaterina_ii_almaznaya_zolushka.fb2.zip</filename>
	<title>Бушков Александр. Екатерина II: алмазная Золушка</title>
</book>
<book>
	<filename>bushkov_aleksandr/bushkov_aleksandr_gospoda_albatrosy.fb2.zip</filename>
	<title>Бушков Александр. Господа альбатросы</title>
</book>
<book>
	<filename>bushkov_aleksandr/bushkov_aleksandr_i_lovili_tam_zverei.fb2.zip</filename>
	<title>Бушков Александр Александрович. ...И ловили там зверей</title>
</book>
<book>
	<filename>bushkov_aleksandr/bushkov_aleksandr_i_navsegda_zabyt_yedem.fb2.zip</filename>
	<title>Бушков Александр. …и навсегда забыть Эдем</title>
</book>
<book>
	<filename>bushkov_aleksandr/bushkov_aleksandr_iz_zhizni_pugal.fb2.zip</filename>
	<title>Бушков Александр. Из жизни пугал</title>
</book>
<book>
	<filename>bushkov_aleksandr/bushkov_aleksandr_kak_horosho_byt_generalom.fb2.zip</filename>
	<title>Бушков Александр. Как хорошо быть генералом</title>
</book>
<book>
	<filename>bushkov_aleksandr/bushkov_aleksandr_kak_rycar_srednih_let_sobralsya_na_drakona.fb2.zip</filename>
	<title>Бушков Александр. Как рыцарь средних лет собрался на дракона</title>
</book>
<book>
	<filename>bushkov_aleksandr/bushkov_aleksandr_kapkan_dlya_beshenoi.fb2.zip</filename>
	<title>Бушков Александр Александрович. Капкан для бешеной</title>
</book>
<book>
	<filename>bushkov_aleksandr/bushkov_aleksandr_kazennyi_dom.fb2.zip</filename>
	<title>Бушков Александр. Казенный дом</title>
</book>
<book>
	<filename>bushkov_aleksandr/bushkov_aleksandr_kontinent.fb2.zip</filename>
	<title>Бушков Александр. Континент</title>
</book>
<book>
	<filename>bushkov_aleksandr/bushkov_aleksandr_koshka_v_svetloi_komnate.fb2.zip</filename>
	<title>Бушков Александр Александрович. Кошка в светлой комнате</title>
</book>
<book>
	<filename>bushkov_aleksandr/bushkov_aleksandr_koster_na_serom_beregu.fb2.zip</filename>
	<title>Бушков Александр. Костер на сером берегу</title>
</book>
<book>
	<filename>bushkov_aleksandr/bushkov_aleksandr_krasnyi_monarh.fb2.zip</filename>
	<title>Бушков Александр. Красный монарх</title>
</book>
<book>
	<filename>bushkov_aleksandr/bushkov_aleksandr_kryuchok_dlya_pirani.fb2.zip</filename>
	<title>Бушков Александр. Крючок для пираньи</title>
</book>
<book>
	<filename>bushkov_aleksandr/bushkov_aleksandr_kurez_na_fone_fenomena.fb2.zip</filename>
	<title>Бушков Александр. Курьез на фоне феномена</title>
</book>
<book>
	<filename>bushkov_aleksandr/bushkov_aleksandr_labirint.fb2.zip</filename>
	<title>Бушков Александр Александрович. Лабиринт</title>
</book>
<book>
	<filename>bushkov_aleksandr/bushkov_aleksandr_letayushie_ostrova.fb2.zip</filename>
	<title>Бушков Александр. Летающие острова</title>
</book>
<book>
	<filename>bushkov_aleksandr/bushkov_aleksandr_lunnye_marshaly.fb2.zip</filename>
	<title>Бушков Александр. Лунные маршалы</title>
</book>
<book>
	<filename>bushkov_aleksandr/bushkov_aleksandr_mezh_treh_vremen.fb2.zip</filename>
	<title>Бушков Александр. Меж трех времен</title>
</book>
<book>
	<filename>bushkov_aleksandr/bushkov_aleksandr_my_nikogda_ne_zvali_ego_dzho.fb2.zip</filename>
	<title>Бушков Александр. Мы никогда не звали его Джо</title>
</book>
<book>
	<filename>bushkov_aleksandr/bushkov_aleksandr_nasledstvo_poluboga.fb2.zip</filename>
	<title>Бушков Александр. Наследство полубога</title>
</book>
<book>
	<filename>bushkov_aleksandr/bushkov_aleksandr_na_to_i_volki_2.fb2.zip</filename>
	<title>Бушков Александр. На то и волки – 2</title>
</book>
<book>
	<filename>bushkov_aleksandr/bushkov_aleksandr_na_to_i_volki.fb2.zip</filename>
	<title>Бушков Александр. На то и волки</title>
</book>
<book>
	<filename>bushkov_aleksandr/bushkov_aleksandr_nechayannyi_korol.fb2.zip</filename>
	<title>Бушков Александр. Нечаянный король</title>
</book>
<book>
	<filename>bushkov_aleksandr/bushkov_aleksandr_neletnaya_pogoda.fb2.zip</filename>
	<title>Бушков Александр. Нелетная погода</title>
</book>
<book>
	<filename>bushkov_aleksandr/bushkov_aleksandr_nepristoinyi_tanec.fb2.zip</filename>
	<title>Бушков Александр Александрович. Непристойный танец</title>
</book>
<book>
	<filename>bushkov_aleksandr/bushkov_aleksandr_nkvd_voina_s_nevedomym.fb2.zip</filename>
	<title>Бушков Александр. НКВД. Война с неведомым</title>
</book>
<book>
	<filename>bushkov_aleksandr/bushkov_aleksandr_ohota_na_piranyu.fb2.zip</filename>
	<title>Бушков Александр. Охота на пиранью</title>
</book>
<book>
	<filename>bushkov_aleksandr/bushkov_aleksandr_pechat_skorbi.fb2.zip</filename>
	<title>Бушков Александр. Печать скорби</title>
</book>
<book>
	<filename>bushkov_aleksandr/bushkov_aleksandr_peresechenie_puti.fb2.zip</filename>
	<title>Бушков Александр. Пересечение пути</title>
</book>
<book>
	<filename>bushkov_aleksandr/bushkov_aleksandr_piranya_almaznyi_specnaz.fb2.zip</filename>
	<title>Бушков Александр. Пиранья. Алмазный спецназ</title>
</book>
<book>
	<filename>bushkov_aleksandr/bushkov_aleksandr_piranya_brodyachee_sokrovishe.fb2.zip</filename>
	<title>Бушков Александр. Пиранья. Бродячее сокровище</title>
</book>
<book>
	<filename>bushkov_aleksandr/bushkov_aleksandr_piranya_flibusterskie_volny.fb2.zip</filename>
	<title>Бушков Александр. Пиранья. Флибустьерские волны</title>
</book>
<book>
	<filename>bushkov_aleksandr/bushkov_aleksandr_piranya_ohota_na_oligarha.fb2.zip</filename>
	<title>Бушков Александр. Пиранья. Охота на олигарха</title>
</book>
<book>
	<filename>bushkov_aleksandr/bushkov_aleksandr_piranya_ozornye_prizraki.fb2.zip</filename>
	<title>Бушков Александр. Пиранья. Озорные призраки</title>
</book>
<book>
	<filename>bushkov_aleksandr/bushkov_aleksandr_piranya_pervyi_brosok.fb2.zip</filename>
	<title>Бушков Александр. Пиранья. Первый бросок</title>
</book>
<book>
	<filename>bushkov_aleksandr/bushkov_aleksandr_piranya_protiv_vorov2.fb2.zip</filename>
	<title>Бушков Александр. Пиранья против воров-2</title>
</book>
<book>
	<filename>bushkov_aleksandr/bushkov_aleksandr_piranya_protiv_vorov.fb2.zip</filename>
	<title>Бушков Александр. Пиранья против воров</title>
</book>
<book>
	<filename>bushkov_aleksandr/bushkov_aleksandr_piranya_zhizn_dlinnee_smerti.fb2.zip</filename>
	<title>Бушков Александр. Пиранья. Жизнь длиннее смерти</title>
</book>
<book>
	<filename>bushkov_aleksandr/bushkov_aleksandr_piranya_zvezda_na_volnah.fb2.zip</filename>
	<title>Бушков Александр. Пиранья. Звезда на волнах</title>
</book>
<book>
	<filename>bushkov_aleksandr/bushkov_aleksandr_planeta_po_imeni_artemon.fb2.zip</filename>
	<title>Бушков Александр. Планета по имени Артемон</title>
</book>
<book>
	<filename>bushkov_aleksandr/bushkov_aleksandr_plennik_korony.fb2.zip</filename>
	<title>Бушков Александр. Пленник короны</title>
</book>
<book>
	<filename>bushkov_aleksandr/bushkov_aleksandr_pod_sozvezdiem_severnyh_krestov.fb2.zip</filename>
	<title>Бушков Александр. Под созвездием северных «Крестов»</title>
</book>
<book>
	<filename>bushkov_aleksandr/bushkov_aleksandr_poslednii_vecher_s_natali.fb2.zip</filename>
	<title>Бушков Александр. Последний вечер с Натали</title>
</book>
<book>
	<filename>bushkov_aleksandr/bushkov_aleksandr_po_tu_storonu_lda.fb2.zip</filename>
	<title>Бушков Александр. По ту сторону льда</title>
</book>
<book>
	<filename>bushkov_aleksandr/bushkov_aleksandr_primostivshiisya_na_stenke_gusar.fb2.zip</filename>
	<title>Бушков Александр. Примостившийся на стенке гусар</title>
</book>
<book>
	<filename>bushkov_aleksandr/bushkov_aleksandr_provincialnaya_hronika_nachala_oseni.fb2.zip</filename>
	<title>Бушков Александр. Провинциальная хроника начала осени</title>
</book>
<book>
	<filename>bushkov_aleksandr/bushkov_aleksandr_rossiya_kotoroi_ne_bylo_2_russkaya_atlantida.fb2.zip</filename>
	<title>Бушков Александр. Россия, которой не было — 2. Русская Атлантида</title>
</book>
<book>
	<filename>bushkov_aleksandr/bushkov_aleksandr_rossiya_kotoroi_ne_bylo_3_mirazhi_i_prizraki.fb2.zip</filename>
	<title>Бушков Александр. Россия, которой не было — 3. Миражи и призраки</title>
</book>
<book>
	<filename>bushkov_aleksandr/bushkov_aleksandr_rossiya_kotoroi_ne_bylo_4_blesk_i_krov_gvardeiskogo_stoletiya.fb2.zip</filename>
	<title>Бушков Александр. Россия, которой не было — 4. Блеск и кровь гвардейского столетия.</title>
</book>
<book>
	<filename>bushkov_aleksandr/bushkov_aleksandr_rossiya_kotoroi_ne_bylo_zagadki_versii_gipotezy.fb2.zip</filename>
	<title>Бушков Александр. Россия, которой не было: загадки, версии, гипотезы</title>
</book>
<book>
	<filename>bushkov_aleksandr/bushkov_aleksandr_rycari_ordena_lopaty.fb2.zip</filename>
	<title>Бушков Александр. Рыцари ордена лопаты</title>
</book>
<book>
	<filename>bushkov_aleksandr/bushkov_aleksandr_rycar_iz_niotkuda.fb2.zip</filename>
	<title>Бушков Александр. Рыцарь из ниоткуда</title>
</book>
<book>
	<filename>bushkov_aleksandr/bushkov_aleksandr_samyi_dalekii_bereg.fb2.zip</filename>
	<title>Бушков Александр. Самый далекий берег</title>
</book>
<book>
	<filename>bushkov_aleksandr/bushkov_aleksandr_shodnyak.fb2.zip</filename>
	<title>Бушков Александр. Сходняк</title>
</book>
<book>
	<filename>bushkov_aleksandr/bushkov_aleksandr_sibirskaya_zhut2.fb2.zip</filename>
	<title>Бушков Александр. Сибирская жуть-2</title>
</book>
<book>
	<filename>bushkov_aleksandr/bushkov_aleksandr_sibirskaya_zhut.fb2.zip</filename>
	<title>Бушков Александр Александрович. Сибирская жуть</title>
</book>
<book>
	<filename>bushkov_aleksandr/bushkov_aleksandr_sled_pirani.fb2.zip</filename>
	<title>Бушков Александр. След пираньи</title>
</book>
<book>
	<filename>bushkov_aleksandr/bushkov_aleksandr_spasitel_korony.fb2.zip</filename>
	<title>Бушков Александр. Спаситель Короны</title>
</book>
<book>
	<filename>bushkov_aleksandr/bushkov_aleksandr_stalin_ledyanoi_tron.fb2.zip</filename>
	<title>Бушков Александр. Сталин. Ледяной трон</title>
</book>
<book>
	<filename>bushkov_aleksandr/bushkov_aleksandr_stervyatnik.fb2.zip</filename>
	<title>Бушков Александр. Стервятник</title>
</book>
<book>
	<filename>bushkov_aleksandr/bushkov_aleksandr_stoyat_v_ogne.fb2.zip</filename>
	<title>Бушков Александр. Стоять в огне</title>
</book>
<book>
	<filename>bushkov_aleksandr/bushkov_aleksandr_strana_o_kotoroi_znali_vse.fb2.zip</filename>
	<title>Бушков Александр. Страна, о которой знали все</title>
</book>
<book>
	<filename>bushkov_aleksandr/bushkov_aleksandr_taiga_i_zona.fb2.zip</filename>
	<title>Бушков Александр. Тайга и зона</title>
</book>
<book>
	<filename>bushkov_aleksandr/bushkov_aleksandr_trinkomali.fb2.zip</filename>
	<title>Бушков Александр. Тринкомали</title>
</book>
<book>
	<filename>bushkov_aleksandr/bushkov_aleksandr_umiral_drakon.fb2.zip</filename>
	<title>Бушков Александр. Умирал дракон</title>
</book>
<book>
	<filename>bushkov_aleksandr/bushkov_aleksandr_varyagi_bez_priglasheniya.fb2.zip</filename>
	<title>Бушков Александр. Варяги без приглашения</title>
</book>
<book>
	<filename>bushkov_aleksandr/bushkov_aleksandr_vash_uyutnyi_dom.fb2.zip</filename>
	<title>Бушков Александр. Ваш уютный дом</title>
</book>
<book>
	<filename>bushkov_aleksandr/bushkov_aleksandr_vecher_dlya_troih.fb2.zip</filename>
	<title>Бушков Александр. Вечер для троих</title>
</book>
<book>
	<filename>bushkov_aleksandr/bushkov_aleksandr_velikolepnye_gepardy.fb2.zip</filename>
	<title>Бушков Александр Александрович. Великолепные гепарды</title>
</book>
<book>
	<filename>bushkov_aleksandr/bushkov_aleksandr_volche_solnyshko.fb2.zip</filename>
	<title>Бушков Александр Александрович. Волчье солнышко</title>
</book>
<book>
	<filename>bushkov_aleksandr/bushkov_aleksandr_volchya_staya.fb2.zip</filename>
	<title>Бушков Александр Александрович. Волчья стая</title>
</book>
<book>
	<filename>bushkov_aleksandr/bushkov_aleksandr_vozvrashenie_pirani.fb2.zip</filename>
	<title>Бушков Александр. Возвращение пираньи</title>
</book>
<book>
	<filename>bushkov_aleksandr/bushkov_aleksandr_vrag_korony.fb2.zip</filename>
	<title>Бушков Александр. Враг Короны</title>
</book>
<book>
	<filename>bushkov_aleksandr/bushkov_aleksandr_vse_mogut_koroli.fb2.zip</filename>
	<title>Бушков Александр. Все могут короли</title>
</book>
<book>
	<filename>bushkov_aleksandr/bushkov_aleksandr_vtoroe_vosstanie_spartaka.fb2.zip</filename>
	<title>Бушков Александр. Второе восстание Спартака</title>
</book>
<book>
	<filename>bushkov_aleksandr/bushkov_aleksandr_zheleznye_parusa.fb2.zip</filename>
	<title>Бушков Александр. Железные паруса</title>
</book>
<book>
	<filename>bushnell_dzheffri/bushnell_dzheffri_peru_ot_rannih_ohotnikov_do_imperii_inkov.fb2.zip</filename>
	<title>Бушнелл Джеффри. Перу. От ранних охотников до империи инков</title>
</book>
<book>
	<filename>bushnell_kyendes/bushnell_kyendes_chetyre_blondinki.fb2.zip</filename>
	<title>Бушнелл Кэндес. Четыре Блондинки</title>
</book>
<book>
	<filename>bushnell_kyendes/bushnell_kyendes_seks_v_bolshom_gorode.fb2.zip</filename>
	<title>Бушнелл Кэндес. Секс в большом городе</title>
</book>
<book>
	<filename>bushnell_kyendes/bushnell_kyendes_stervy_bolshogo_goroda.fb2.zip</filename>
	<title>Бушнелл Кэндес. Стервы большого города</title>
</book>
<book>
	<filename>bushnell_kyendes/bushnell_kyendes_vse_na_prodazhu.fb2.zip</filename>
	<title>Бушнелл Кэндес. Все на продажу</title>
</book>
<book>
	<filename>bushueva_svetlana/bushueva_svetlana_vot_my_i_v_hopre.fb2.zip</filename>
	<title>Бушуева Светлана. Вот мы и в хопре!</title>
</book>
<book>
	<filename>bussenar_lui/bussenar_lui_arhipelag_chudovish.fb2.zip</filename>
	<title>Буссенар Луи Анри. Архипелаг чудовищ</title>
</book>
<book>
	<filename>bussenar_lui/bussenar_lui_barometr.fb2.zip</filename>
	<title>Буссенар Луи Анри. Барометр</title>
</book>
<book>
	<filename>bussenar_lui/bussenar_lui_beglye_uzniki_gvianskoi_katorgi.fb2.zip</filename>
	<title>Буссенар Луи Анри. Беглые узники гвианской каторги</title>
</book>
<book>
	<filename>bussenar_lui/bussenar_lui_bessrebrenik_sredi_zheltyh_dyavolov.fb2.zip</filename>
	<title>Буссенар Луи Анри. Бессребреник среди желтых дьяволов</title>
</book>
<book>
	<filename>bussenar_lui/bussenar_lui_bez_grosha_v_karmane.fb2.zip</filename>
	<title>Буссенар Луи Анри. Без гроша в кармане</title>
</book>
<book>
	<filename>bussenar_lui/bussenar_lui_desyat_millionov_krasnogo_opossuma.fb2.zip</filename>
	<title>Буссенар Луи Анри. Десять миллионов Красного Опоссума</title>
</book>
<book>
	<filename>bussenar_lui/bussenar_lui_desyat_tysyach_let_sredi_ldov.fb2.zip</filename>
	<title>Буссенар Луи Анри. Десять тысяч лет среди льдов</title>
</book>
<book>
	<filename>bussenar_lui/bussenar_lui_francuzy_na_severnom_polyuse.fb2.zip</filename>
	<title>Буссенар Луи Анри. Французы на северном полюсе</title>
</book>
<book>
	<filename>bussenar_lui/bussenar_lui_gallskaya_krov.fb2.zip</filename>
	<title>Буссенар Луи Анри. Галльская кровь</title>
</book>
<book>
	<filename>bussenar_lui/bussenar_lui_geroi_malahova_kurgana.fb2.zip</filename>
	<title>Буссенар Луи Анри. Герои Малахова кургана</title>
</book>
<book>
	<filename>bussenar_lui/bussenar_lui_gvianskie_robinzony.fb2.zip</filename>
	<title>Буссенар Луи Анри. Гвианские робинзоны</title>
</book>
<book>
	<filename>bussenar_lui/bussenar_lui_indianka_i_kaiman.fb2.zip</filename>
	<title>Буссенар Луи Анри. Индианка и кайман</title>
</book>
<book>
	<filename>bussenar_lui/bussenar_lui_iz_parizha_v_braziliyu_po_sushe.fb2.zip</filename>
	<title>Буссенар Луи Анри. Из Парижа в Бразилию по суше</title>
</book>
<book>
	<filename>bussenar_lui/bussenar_lui_kanadskie_ohotniki.fb2.zip</filename>
	<title>Буссенар Луи Анри. Канадские охотники</title>
</book>
<book>
	<filename>bussenar_lui/bussenar_lui_kapitan_rtut.fb2.zip</filename>
	<title>Буссенар Луи Анри. Капитан Ртуть</title>
</book>
<book>
	<filename>bussenar_lui/bussenar_lui_kapitan_sorvigolova.fb2.zip</filename>
	<title>Буссенар Луи Анри. Капитан Сорви-голова</title>
</book>
<book>
	<filename>bussenar_lui/bussenar_lui_koloniya_belyh_capel.fb2.zip</filename>
	<title>Буссенар Луи Анри. Колония белых цапель</title>
</book>
<book>
	<filename>bussenar_lui/bussenar_lui_krugosvetnoe_puteshestvie_yunogo_parizhanina.fb2.zip</filename>
	<title>Буссенар Луи Анри. Кругосветное путешествие юного парижанина</title>
</book>
<book>
	<filename>bussenar_lui/bussenar_lui_ledyanoi_ad.fb2.zip</filename>
	<title>Буссенар Луи Анри. Ледяной ад</title>
</book>
<book>
	<filename>bussenar_lui/bussenar_lui_meksikanskaya_nevesta.fb2.zip</filename>
	<title>Буссенар Луи Анри. Мексиканская невеста</title>
</book>
<book>
	<filename>bussenar_lui/bussenar_lui_naedine_so_zmeei.fb2.zip</filename>
	<title>Буссенар Луи Анри. Наедине со змеей</title>
</book>
<book>
	<filename>bussenar_lui/bussenar_lui_neobyknovennye_priklyucheniya_sinego_cheloveka.fb2.zip</filename>
	<title>Буссенар Луи Анри. Необыкновенные приключения Синего человека</title>
</book>
<book>
	<filename>bussenar_lui/bussenar_lui_ohotniki_za_kauchukom.fb2.zip</filename>
	<title>Буссенар Луи Анри. Охотники за каучуком</title>
</book>
<book>
	<filename>bussenar_lui/bussenar_lui_oko_za_oko.fb2.zip</filename>
	<title>Буссенар Луи Анри. Око за око</title>
</book>
<book>
	<filename>bussenar_lui/bussenar_lui_osvobozhdenie.fb2.zip</filename>
	<title>Буссенар Луи Анри. Освобождение</title>
</book>
<book>
	<filename>bussenar_lui/bussenar_lui_pod_barabannyi_boi.fb2.zip</filename>
	<title>Буссенар Луи Анри. Под барабанный бой</title>
</book>
<book>
	<filename>bussenar_lui/bussenar_lui_pod_yuzhnym_krestom.fb2.zip</filename>
	<title>Буссенар Луи Анри. Под Южным крестом</title>
</book>
<book>
	<filename>bussenar_lui/bussenar_lui_pohititeli_brilliantov.fb2.zip</filename>
	<title>Буссенар Луи Анри. Похитители бриллиантов</title>
</book>
<book>
	<filename>bussenar_lui/bussenar_lui_pohozhdeniya_bambosha.fb2.zip</filename>
	<title>Буссенар Луи Анри. Похождения Бамбоша</title>
</book>
<book>
	<filename>bussenar_lui/bussenar_lui_priklyucheniya_vozduhoplavatelei.fb2.zip</filename>
	<title>Буссенар Луи Анри. Приключения воздухоплавателей</title>
</book>
<book>
	<filename>bussenar_lui/bussenar_lui_priklyucheniya_v_strane_bizonov.fb2.zip</filename>
	<title>Буссенар Луи Анри. Приключения в стране бизонов</title>
</book>
<book>
	<filename>bussenar_lui/bussenar_lui_priklyucheniya_v_strane_lvov.fb2.zip</filename>
	<title>Буссенар Луи Анри. Приключения в стране львов</title>
</book>
<book>
	<filename>bussenar_lui/bussenar_lui_priklyucheniya_v_strane_tigrov.fb2.zip</filename>
	<title>Буссенар Луи Анри. Приключения в стране тигров</title>
</book>
<book>
	<filename>bussenar_lui/bussenar_lui_protokol.fb2.zip</filename>
	<title>Буссенар Луи Анри. Протокол</title>
</book>
<book>
	<filename>bussenar_lui/bussenar_lui_pylayushii_ostrov.fb2.zip</filename>
	<title>Буссенар Луи Анри. Пылающий остров</title>
</book>
<book>
	<filename>bussenar_lui/bussenar_lui_sekret_zhermeny.fb2.zip</filename>
	<title>Буссенар Луи Анри. Секрет Жермены</title>
</book>
<book>
	<filename>bussenar_lui/bussenar_lui_semya_tigrov.fb2.zip</filename>
	<title>Буссенар Луи Анри. Семья тигров</title>
</book>
<book>
	<filename>bussenar_lui/bussenar_lui_s_krasnym_krestom.fb2.zip</filename>
	<title>Буссенар Луи Анри. С Красным Крестом</title>
</book>
<book>
	<filename>bussenar_lui/bussenar_lui_sredi_fakirov.fb2.zip</filename>
	<title>Буссенар Луи Анри. Среди факиров</title>
</book>
<book>
	<filename>bussenar_lui/bussenar_lui_tainy_gospodina_sinteza.fb2.zip</filename>
	<title>Буссенар Луи Анри. Тайны господина Синтеза</title>
</book>
<book>
	<filename>bussenar_lui/bussenar_lui_teatr_v_yekvatorialnoi_afrike.fb2.zip</filename>
	<title>Буссенар Луи Анри. Театр в Экваториальной Африке</title>
</book>
<book>
	<filename>bussenar_lui/bussenar_lui_torpedonoscy_admirala_kurbe.fb2.zip</filename>
	<title>Буссенар Луи Анри. Торпедоносцы адмирала Курбе</title>
</book>
<book>
	<filename>bussenar_lui/bussenar_lui_u_yekvatora.fb2.zip</filename>
	<title>Буссенар Луи Анри. У экватора</title>
</book>
<book>
	<filename>bussenar_lui/bussenar_lui_viktoriyaregiya.fb2.zip</filename>
	<title>Буссенар Луи Анри. Виктория-регия</title>
</book>
<book>
	<filename>bussenar_lui/bussenar_lui_yaguarrybolov.fb2.zip</filename>
	<title>Буссенар Луи Анри. Ягуар-рыболов</title>
</book>
<book>
	<filename>bussenar_lui/bussenar_lui_za_desyatyu_millionami_k_ryzhemu_opossumu.fb2.zip</filename>
	<title>Буссенар Луи Анри. За десятью миллионами к рыжему опоссуму</title>
</book>
<book>
	<filename>bussenar_lui/bussenar_lui_zheleznaya_ruka.fb2.zip</filename>
	<title>Буссенар Луи Анри. Железная рука</title>
</book>

</books>

