<?xml version="1.0" encoding="UTF-8" ?>
<books>
<book>
	<filename>byoll_genrih/byoll_genrih_belaya_vorona.fb2.zip</filename>
	<title>Бёлль Генрих. Белая ворона</title>
</book>
<book>
	<filename>byoll_genrih/byoll_genrih_bilyard_v_polovine_desyatogo.fb2.zip</filename>
	<title>Бёлль Генрих. Бильярд в половине десятого</title>
</book>
<book>
	<filename>byoll_genrih/byoll_genrih_dolina_grohochushih_kopyt.fb2.zip</filename>
	<title>Бёлль Генрих. Долина Грохочущих копыт</title>
</book>
<book>
	<filename>byoll_genrih/byoll_genrih_dom_bez_hozyaina.fb2.zip</filename>
	<title>Бёлль Генрих. Дом без хозяина</title>
</book>
<book>
	<filename>byoll_genrih/byoll_genrih_dyadya_fred.fb2.zip</filename>
	<title>Бёлль Генрих. Дядя Фред</title>
</book>
<book>
	<filename>byoll_genrih/byoll_genrih_gazetchik.fb2.zip</filename>
	<title>Бёлль Генрих. Газетчик</title>
</book>
<book>
	<filename>byoll_genrih/byoll_genrih_gde_ty_byl_adam.fb2.zip</filename>
	<title>Бёлль Генрих. Где ты был, Адам?</title>
</book>
<book>
	<filename>byoll_genrih/byoll_genrih_glazami_klouna.fb2.zip</filename>
	<title>Бёлль Генрих. Глазами клоуна</title>
</book>
<book>
	<filename>byoll_genrih/byoll_genrih_gorod_privychnyh_lic.fb2.zip</filename>
	<title>Бёлль Генрих. Город привычных лиц</title>
</book>
<book>
	<filename>byoll_genrih/byoll_genrih_gruppovoi_portret_s_damoi.fb2.zip</filename>
	<title>Бёлль Генрих. Групповой портрет с дамой</title>
</book>
<book>
	<filename>byoll_genrih/byoll_genrih_hleb_rannih_let.fb2.zip</filename>
	<title>Бёлль Генрих. Хлеб ранних лет</title>
</book>
<book>
	<filename>byoll_genrih/byoll_genrih_irlandskii_dnevnik.fb2.zip</filename>
	<title>Бёлль Генрих. Ирландский дневник</title>
</book>
<book>
	<filename>byoll_genrih/byoll_genrih_kogda_konchilas_voina.fb2.zip</filename>
	<title>Бёлль Генрих. Когда кончилась война</title>
</book>
<book>
	<filename>byoll_genrih/byoll_genrih_kogda_nachalas_voina.fb2.zip</filename>
	<title>Бёлль Генрих. Когда началась война</title>
</book>
<book>
	<filename>byoll_genrih/byoll_genrih_ne_popavshaya_v_svodki.fb2.zip</filename>
	<title>Бёлль Генрих. Не попавшая в сводки</title>
</book>
<book>
	<filename>byoll_genrih/byoll_genrih_nezhdannye_gosti.fb2.zip</filename>
	<title>Бёлль Генрих. Нежданные гости</title>
</book>
<book>
	<filename>byoll_genrih/byoll_genrih_o_samom_sebe.fb2.zip</filename>
	<title>Бёлль Генрих. О самом себе</title>
</book>
<book>
	<filename>byoll_genrih/byoll_genrih_poezd_pribyvaet_po_raspisaniyu.fb2.zip</filename>
	<title>Бёлль Генрих. Поезд прибывает по расписанию</title>
</book>
<book>
	<filename>byoll_genrih/byoll_genrih_po_mostu.fb2.zip</filename>
	<title>Бёлль Генрих. По мосту</title>
</book>
<book>
	<filename>byoll_genrih/byoll_genrih_poteryannaya_chest_katariny_blyum.fb2.zip</filename>
	<title>Бёлль Генрих. Потерянная честь Катарины Блюм</title>
</book>
<book>
	<filename>byoll_genrih/byoll_genrih_poteryannaya_chest_katariny_blyum_ili_kak_voznikaet_nasilie_i_k_chemu_ono_mozhet_privesti.fb2.zip</filename>
	<title>Бёлль Генрих. Потерянная честь Катарины Блюм или как возникает насилие и к чему оно может привести</title>
</book>
<book>
	<filename>byoll_genrih/byoll_genrih_samovolnaya_otluchka.fb2.zip</filename>
	<title>Бёлль Генрих. Самовольная отлучка</title>
</book>
<book>
	<filename>byoll_genrih/byoll_genrih_smert_yelzy_baskolet.fb2.zip</filename>
	<title>Бёлль Генрих. Смерть Эльзы Басколет</title>
</book>
<book>
	<filename>byoll_genrih/byoll_genrih_v_temnote.fb2.zip</filename>
	<title>Бёлль Генрих. В темноте</title>
</book>
<book>
	<filename>byoll_genrih/byoll_genrih_yashik_dlya_kopa.fb2.zip</filename>
	<title>Бёлль Генрих. Ящик для Копа</title>
</book>
<book>
	<filename>byoll_genrih/byoll_genrih_zhenshiny_u_berega_reina.fb2.zip</filename>
	<title>Бёлль Генрих. Женщины у берега Рейна</title>
</book>
<book>
	<filename>byordzhes_yentoni/byordzhes_yentoni_dolgii_put_k_chaepitiyu.fb2.zip</filename>
	<title>Бёрджес Энтони. Долгий путь к чаепитию</title>
</book>
<book>
	<filename>byordzhes_yentoni/byordzhes_yentoni_med_dlya_medvedei.fb2.zip</filename>
	<title>Бёрджес Энтони. Мед для медведей</title>
</book>
<book>
	<filename>byordzhes_yentoni/byordzhes_yentoni_mf.fb2.zip</filename>
	<title>Бёрджес Энтони. М.Ф.</title>
</book>
<book>
	<filename>byordzhes_yentoni/byordzhes_yentoni_odnorukii_aplodisment.fb2.zip</filename>
	<title>Бёрджес Энтони. Однорукий аплодисмент</title>
</book>
<book>
	<filename>byordzhes_yentoni/byordzhes_yentoni_trepet_namereniya.fb2.zip</filename>
	<title>Бёрджес Энтони. Трепет намерения</title>
</book>
<book>
	<filename>byordzhes_yentoni/byordzhes_yentoni_vlyublennyi_shekspir.fb2.zip</filename>
	<title>Бёрджес Энтони. Влюбленный Шекспир</title>
</book>
<book>
	<filename>byordzhes_yentoni/byordzhes_yentoni_vozhdeleyushee_semya.fb2.zip</filename>
	<title>Бёрджес Энтони. Вожделеющее семя</title>
</book>
<book>
	<filename>byordzhes_yentoni/byordzhes_yentoni_vremya_tigra.fb2.zip</filename>
	<title>Бёрджес Энтони. Время тигра</title>
</book>
<book>
	<filename>byordzhes_yentoni/byordzhes_yentoni_zavodnoi_apelsin.fb2.zip</filename>
	<title>Бёрджес Энтони. Заводной апельсин</title>
</book>
<book>
	<filename>byordzhes_yentoni/byordzhes_yentoni_zavodnoi_apelsin_peresinelshikova.fb2.zip</filename>
	<title>Бёрджес Энтони. Заводной апельсин (пер.Е.Синельщикова)</title>
</book>
<book>
	<filename>byornett_fryensis/byornett_fryensis_malenkaya_princessa.fb2.zip</filename>
	<title>Бёрнетт Фрэнсис. Маленькая принцесса</title>
</book>
<book>
	<filename>byornett_fryensis/byornett_fryensis_strana_sinego_cvetka_ili_o_tom_chto_v_mire_net_vremeni_dlya_zla.fb2.zip</filename>
	<title>Бёрнетт Фрэнсис. Страна синего цветка, или о том, что в мире нет времени для зла</title>
</book>
<book>
	<filename>byornett_fryensis/byornett_fryensis_tainstvennyi_sad.fb2.zip</filename>
	<title>Бёрнетт Фрэнсис. Таинственный сад</title>
</book>
<book>
	<filename>byorn_lyusilla/byorn_lyusilla_grecheskie_mify.fb2.zip</filename>
	<title>Бёрн Люсилла. Греческие мифы</title>
</book>
<book>
	<filename>bystrova_irina/bystrova_irina_shutochki_zhizni.fb2.zip</filename>
	<title>Быстрова Ирина. Шуточки жизни</title>
</book>
<book>
	<filename>bystrova_irina/bystrova_irina_vsemu_svoe_vremya.fb2.zip</filename>
	<title>Быстрова Ирина. Всему свое время</title>
</book>
<book>
	<filename>bystrov_andrei/bystrov_andrei_imperiya_dameona.fb2.zip</filename>
	<title>Быстров Андрей. Империя Дамеона</title>
</book>
<book>
	<filename>bystrov_andrei/bystrov_andrei_lezvie_vechnosti.fb2.zip</filename>
	<title>Быстров Андрей. Лезвие вечности</title>
</book>
<book>
	<filename>bystrov_andrei/bystrov_andrei_operaciya_ten.fb2.zip</filename>
	<title>Быстров Андрей. Операция «Тень»</title>
</book>
<book>
	<filename>bystrov_andrei/bystrov_andrei_rycari_atlantidy.fb2.zip</filename>
	<title>Быстров Андрей. Рыцари Атлантиды</title>
</book>
<book>
	<filename>bystrov_andrei/bystrov_andrei_vladelec_kinoteatra.fb2.zip</filename>
	<title>Быстров Андрей. Владелец кинотеатра</title>
</book>
<book>
	<filename>bystrov_andrei/bystrov_andrei_vozmezdie_dameona.fb2.zip</filename>
	<title>Быстров Андрей. Возмездие Дамеона</title>
</book>
<book>
	<filename>bystrov_andrei/bystrov_andrei_yeffekt_proniknoveniya.fb2.zip</filename>
	<title>Быстров Андрей. Эффект проникновения</title>
</book>
<book>
	<filename>bystrov_andrei/bystrov_andrei_zanaves_molchaniya.fb2.zip</filename>
	<title>Быстров Андрей. Занавес молчания</title>
</book>
<book>
	<filename>byur_rene/byur_rene_iggins_i_k.fb2.zip</filename>
	<title>Бюр Рене. Иггинс и К°</title>
</book>
<book>
	<filename>byuttner_robert/byuttner_robert_siroty.fb2.zip</filename>
	<title>Бюттнер Роберт. Сироты</title>
</book>
<book>
	<filename>byuttner_robert/byuttner_robert_udel_siroty.fb2.zip</filename>
	<title>Бюттнер Роберт. Удел сироты</title>
</book>
<book>
	<filename>byuvyel_robert/byuvyel_robert_sekrety_piramid_taina_oriona.fb2.zip</filename>
	<title>Бьювэл Роберт. Секреты пирамид (Тайна Ориона)</title>
</book>
<book>
	<filename>byuzen_toni/byuzen_toni_supermyshlenie.fb2.zip</filename>
	<title>Бьюзен Тони. Супермышление</title>
</book>
<book>
	<filename>bzhehva_yan/bzhehva_yan_akademiya_pana_klyaksy.fb2.zip</filename>
	<title>Бжехва Ян. Академия пана Кляксы</title>
</book>
<book>
	<filename>bzhehva_yan/bzhehva_yan_puteshestviya_pana_klyaksy.fb2.zip</filename>
	<title>Бжехва Ян. Путешествия пана Кляксы</title>
</book>
<book>
	<filename>bzhehva_yan/bzhehva_yan_triumf_pana_klyaksy.fb2.zip</filename>
	<title>Бжехва Ян. Триумф пана Кляксы</title>
</book>
<book>
	<filename>bzhezinskii_zbignev/bzhezinskii_zbignev_velikaya_shahmatnaya_doska.fb2.zip</filename>
	<title>Бжезинский Збигнев Казимеж. Великая шахматная доска</title>
</book>

</books>

