<?xml version="1.0" encoding="UTF-8" ?>
<books>

<book>
	<filename>basov_nikolai/basov_nikolai_absolyutnaya_voina.fb2.zip</filename>
	<title>Басов Николай Владленович. Абсолютная война</title>
</book>
<book>
	<filename>basov_nikolai/basov_nikolai_chulkov_pervyi_angel_chelovechestva.fb2.zip</filename>
	<title>Басов Николай Владленович. Чулков — первый ангел человечества</title>
</book>
<book>
	<filename>basov_nikolai/basov_nikolai_dokazatelstvo_chelovechnosti.fb2.zip</filename>
	<title>Басов Николай Владленович. Доказательство человечности</title>
</book>
<book>
	<filename>basov_nikolai/basov_nikolai_glavnyi_protivnik.fb2.zip</filename>
	<title>Басов Николай. Главный противник</title>
</book>
<book>
	<filename>basov_nikolai/basov_nikolai_kozhanye_kapyushony.fb2.zip</filename>
	<title>Басов Николай Владленович. Кожаные капюшоны</title>
</book>
<book>
	<filename>basov_nikolai/basov_nikolai_lotarmirotvorec.fb2.zip</filename>
	<title>Басов Николай Владленович. Лотар-миротворец</title>
</book>
<book>
	<filename>basov_nikolai/basov_nikolai_magiya_na_krovi.fb2.zip</filename>
	<title>Басов Николай Владленович. Магия на крови</title>
</book>
<book>
	<filename>basov_nikolai/basov_nikolai_mesto_otscheta.fb2.zip</filename>
	<title>Басов Николай. Место отсчета</title>
</book>
<book>
	<filename>basov_nikolai/basov_nikolai_nadezhda.fb2.zip</filename>
	<title>Басов Николай Владленович. Надежда</title>
</book>
<book>
	<filename>basov_nikolai/basov_nikolai_neuyazvimyh_ne_sushestvuet.fb2.zip</filename>
	<title>Басов Николай. Неуязвимых не существует</title>
</book>
<book>
	<filename>basov_nikolai/basov_nikolai_obretenie_mira.fb2.zip</filename>
	<title>Басов Николай. Обретение мира</title>
</book>
<book>
	<filename>basov_nikolai/basov_nikolai_okovy_chesti.fb2.zip</filename>
	<title>Басов Николай Владленович. Оковы чести</title>
</book>
<book>
	<filename>basov_nikolai/basov_nikolai_posoh_gurama.fb2.zip</filename>
	<title>Басов Николай Владленович. Посох Гурама</title>
</book>
<book>
	<filename>basov_nikolai/basov_nikolai_problema_vyzhivaniya.fb2.zip</filename>
	<title>Басов Николай. Проблема выживания</title>
</book>
<book>
	<filename>basov_nikolai/basov_nikolai_razrushitel_imperii.fb2.zip</filename>
	<title>Басов Николай Владленович. Разрушитель Империи</title>
</book>
<book>
	<filename>basov_nikolai/basov_nikolai_rozhdenie_gigantov.fb2.zip</filename>
	<title>Басов Николай. Рождение гигантов</title>
</book>
<book>
	<filename>basov_nikolai/basov_nikolai_slepaya_ataka.fb2.zip</filename>
	<title>Басов Николай Владленович. Слепая атака</title>
</book>
<book>
	<filename>basov_nikolai/basov_nikolai_sobaki_iz_dikogo_kamnya.fb2.zip</filename>
	<title>Басов Николай. Собаки из дикого камня</title>
</book>
<book>
	<filename>basov_nikolai/basov_nikolai_stavka_na_vozvrashenie.fb2.zip</filename>
	<title>Басов Николай. Ставка на возвращение</title>
</book>
<book>
	<filename>basov_nikolai/basov_nikolai_torgovcy_zhiznyu.fb2.zip</filename>
	<title>Басов Николай. Торговцы жизнью</title>
</book>
<book>
	<filename>basov_nikolai/basov_nikolai_tvorcheskoe_samorazvitie_ili_kak_napisat_roman.fb2.zip</filename>
	<title>Басов Николай. Творческое саморазвитие, или Как написать роман</title>
</book>
<book>
	<filename>basov_nikolai/basov_nikolai_ustranitel_zla.fb2.zip</filename>
	<title>Басов Николай Владленович. Устранитель зла</title>
</book>
<book>
	<filename>basov_nikolai/basov_nikolai_voin_provideniya.fb2.zip</filename>
	<title>Басов Николай Владленович. Воин Провидения</title>
</book>
<book>
	<filename>basov_nikolai/basov_nikolai_vozvrashenie.fb2.zip</filename>
	<title>Басов Николай Владленович. Возвращение</title>
</book>
<book>
	<filename>basov_nikolai/basov_nikolai_vykup.fb2.zip</filename>
	<title>Басов Николай Владленович. Выкуп</title>
</book>
<book>
	<filename>basov_nikolai/basov_nikolai_yekspansiya.fb2.zip</filename>
	<title>Басов Николай. Экспансия</title>
</book>
<book>
	<filename>basov_nikolai/basov_nikolai_zakon_voennogo_schastya.fb2.zip</filename>
	<title>Басов Николай. Закон военного счастья</title>
</book>
<book>
	<filename>basov_nikolai/basov_nikolai_zhazhda.fb2.zip</filename>
	<title>Басов Николай. Жажда</title>
</book>
<book>
	<filename>bass_lui/bass_lui_roskosh_izgnaniya.fb2.zip</filename>
	<title>Басс Луи. Роскошь изгнания</title>
</book>
<book>
	<filename>basyo_/basyo__hokku.fb2.zip</filename>
	<title>Басё. Хокку</title>
</book>
<book>
	<filename>basyo_macuo/basyo_macuo_hokku.fb2.zip</filename>
	<title>Басё Мацуо. Хокку</title>
</book>
<book>
	<filename>batalov_aleksei/batalov_aleksei_dialogi_v_antrakte.fb2.zip</filename>
	<title>Баталов Алексей. Диалоги в антракте</title>
</book>
<book>
	<filename>batalov_aleksei/batalov_aleksei_sudba_i_remeslo.fb2.zip</filename>
	<title>Баталов Алексей. Судьба и ремесло</title>
</book>
<book>
	<filename>batalov_sergei/batalov_sergei_zvezdnyi_rekrut.fb2.zip</filename>
	<title>Баталов Сергей. Звездный рекрут</title>
</book>
<book>
	<filename>batcher_dzhim/batcher_dzhim_barabany_zombi.fb2.zip</filename>
	<title>Батчер Джим. Барабаны зомби</title>
</book>
<book>
	<filename>batcher_dzhim/batcher_dzhim_dokazatelstva_viny.fb2.zip</filename>
	<title>Батчер Джим. Доказательства вины</title>
</book>
<book>
	<filename>batcher_dzhim/batcher_dzhim_groza_iz_preispodnei.fb2.zip</filename>
	<title>Батчер Джим. Гроза из Преисподней</title>
</book>
<book>
	<filename>batcher_dzhim/batcher_dzhim_letnii_rycar.fb2.zip</filename>
	<title>Батчер Джим. Летний рыцарь</title>
</book>
<book>
	<filename>batcher_dzhim/batcher_dzhim_liki_smerti.fb2.zip</filename>
	<title>Батчер Джим. Лики смерти</title>
</book>
<book>
	<filename>batcher_dzhim/batcher_dzhim_luna_svetit_bezumcam.fb2.zip</filename>
	<title>Батчер Джим. Луна светит безумцам</title>
</book>
<book>
	<filename>batcher_dzhim/batcher_dzhim_mogila_v_podarok.fb2.zip</filename>
	<title>Батчер Джим. Могила в подарок</title>
</book>
<book>
	<filename>batcher_dzhim/batcher_dzhim_obryad_na_krovi.fb2.zip</filename>
	<title>Батчер Джим. Обряд на крови</title>
</book>
<book>
	<filename>batchikov_sergei/batchikov_sergei_neoliberalnaya_reforma_v_rossii.fb2.zip</filename>
	<title>Батчиков Сергей Анатольевич. Неолиберальная реформа в России</title>
</book>
<book>
	<filename>batler_kyetrin/batler_kyetrin_skazhi_mne_lyublyu.fb2.zip</filename>
	<title>Батлер Кэтрин. Скажи мне люблю</title>
</book>
<book>
	<filename>batler_kyetrin/batler_kyetrin_tanec_lyubvi.fb2.zip</filename>
	<title>Батлер Кэтрин. Танец любви</title>
</book>
<book>
	<filename>batmanghelidzh_fereidun/batmanghelidzh_fereidun_vashe_telo_prosit_vody.fb2.zip</filename>
	<title>Батмангхелидж Ферейдун. Ваше тело просит воды</title>
</book>
<book>
	<filename>batrakova_natalya/batrakova_natalya_territoriya_dushi_kniga_1.fb2.zip</filename>
	<title>Батракова Наталья. Территория души. Книга 1</title>
</book>
<book>
	<filename>batrakova_natalya/batrakova_natalya_territoriya_dushi_kniga_2.fb2.zip</filename>
	<title>Батракова Наталья. Территория души. Книга 2</title>
</book>
<book>
	<filename>batts_kolin/batts_kolin_ibica.fb2.zip</filename>
	<title>Баттс Колин. Ибица</title>
</book>
<book>
	<filename>batts_kolin/batts_kolin_ibica_kruglye_sutki.fb2.zip</filename>
	<title>Баттс Колин. Ибица круглые сутки</title>
</book>
<book>
	<filename>batts_kolin/batts_kolin_ibica_yeto_glagol.fb2.zip</filename>
	<title>Баттс Колин. Ибица — это глагол</title>
</book>
<book>
	<filename>batuev_aleksandr/batuev_aleksandr_pribludnyi.fb2.zip</filename>
	<title>Батуев Александр. Приблудный</title>
</book>
<book>
	<filename>batygin_yu/batygin_yu_stan_silnym.fb2.zip</filename>
	<title>Батыгин Ю. В. Стань сильным!</title>
</book>
<book>
	<filename>batyushin_nikolai/batyushin_nikolai_tainaya_voennaya_razvedka_i_borba_s_nei.fb2.zip</filename>
	<title>Батюшин Николай Степанович. Тайная военная разведка и борьба с ней</title>
</book>
<book>
	<filename>bauman_gans/bauman_gans_ya_shyol_s_gannibalom.fb2.zip</filename>
	<title>Бауман Ганс. Я шёл с Ганнибалом</title>
</book>
<book>
	<filename>baum_l/baum_l_dorothy_and_the_wizard_in_oz.fb2.zip</filename>
	<title>Baum L. Frank. Dorothy and the Wizard in Oz</title>
</book>
<book>
	<filename>baum_l/baum_l_glinda_of_oz.fb2.zip</filename>
	<title>Baum L. Frank. Glinda of Oz</title>
</book>
<book>
	<filename>baum_l/baum_l_ozma_of_oz.fb2.zip</filename>
	<title>Baum L. Frank. Ozma of Oz</title>
</book>
<book>
	<filename>baum_l/baum_l_rinkitink_in_oz.fb2.zip</filename>
	<title>Baum L. Frank. Rinkitink in Oz</title>
</book>
<book>
	<filename>baum_l/baum_l_the_emerald_city_of_oz.fb2.zip</filename>
	<title>Baum L. Frank. The Emerald City of Oz</title>
</book>
<book>
	<filename>baum_l/baum_l_the_lost_princess_of_oz.fb2.zip</filename>
	<title>Baum L. Frank. The Lost Princess Of Oz</title>
</book>
<book>
	<filename>baum_l/baum_l_the_magic_of_oz.fb2.zip</filename>
	<title>Baum L. Frank. The Magic of Oz</title>
</book>
<book>
	<filename>baum_l/baum_l_the_marvelous_land_of_oz.fb2.zip</filename>
	<title>Baum L. Frank. The Marvelous Land of Oz</title>
</book>
<book>
	<filename>baum_l/baum_l_the_patchwork_girl_of_oz.fb2.zip</filename>
	<title>Baum L. Frank. The Patchwork Girl of Oz</title>
</book>
<book>
	<filename>baum_l/baum_l_the_road_to_oz.fb2.zip</filename>
	<title>Baum L. Frank. The Road to Oz</title>
</book>
<book>
	<filename>baum_l/baum_l_the_scarecrow_of_oz.fb2.zip</filename>
	<title>Baum L. Frank. The Scarecrow of Oz</title>
</book>
<book>
	<filename>baum_l/baum_l_the_tin_woodman_of_oz.fb2.zip</filename>
	<title>Baum L. Frank. The Tin Woodman of Oz</title>
</book>
<book>
	<filename>baum_l/baum_l_the_wonderful_wizard_of_oz.fb2.zip</filename>
	<title>Baum L. Frank. The Wonderful Wizard of Oz</title>
</book>
<book>
	<filename>baum_l/baum_l_tiktok_of_oz.fb2.zip</filename>
	<title>Baum L. Frank. Tik-Tok of Oz</title>
</book>
<book>
	<filename>baum_laimen/baum_laimen_chudesnaya_strana_oz.fb2.zip</filename>
	<title>Баум Лаймен Фрэнк. Чудесная Страна Оз</title>
</book>
<book>
	<filename>baum_laimen/baum_laimen_doroti_i_volshebnik_v_strane_oz.fb2.zip</filename>
	<title>Баум Лаймен Фрэнк. Дороти и Волшебник в Стране Оз</title>
</book>
<book>
	<filename>baum_laimen/baum_laimen_glinda_iz_strany_oz.fb2.zip</filename>
	<title>Баум Лаймен Фрэнк. Глинда из Страны Оз</title>
</book>
<book>
	<filename>baum_laimen/baum_laimen_izumrudnyi_gorod_strany_oz.fb2.zip</filename>
	<title>Баум Лаймен Фрэнк. Изумрудный Город Страны Оз</title>
</book>
<book>
	<filename>baum_laimen/baum_laimen_loskutushka_iz_strany_oz.fb2.zip</filename>
	<title>Баум Лаймен Фрэнк. Лоскутушка из Страны Оз</title>
</book>
<book>
	<filename>baum_laimen/baum_laimen_ozma_iz_strany_oz.fb2.zip</filename>
	<title>Баум Лаймен Фрэнк. Озма из Страны Оз</title>
</book>
<book>
	<filename>baum_laimen/baum_laimen_propavshaya_princessa_strany_oz.fb2.zip</filename>
	<title>Баум Лаймен Фрэнк. Пропавшая Принцесса Страны Оз</title>
</book>
<book>
	<filename>baum_laimen/baum_laimen_puteshestvie_v_stranu_oz.fb2.zip</filename>
	<title>Баум Лаймен Фрэнк. Путешествие в Страну Оз</title>
</book>
<book>
	<filename>baum_laimen/baum_laimen_rinkitink_v_strane_oz.fb2.zip</filename>
	<title>Баум Лаймен Фрэнк. Ринкитинк в Стране Оз</title>
</book>
<book>
	<filename>baum_laimen/baum_laimen_strashila_iz_strany_oz.fb2.zip</filename>
	<title>Баум Лаймен Фрэнк. Страшила из Страны Оз</title>
</book>
<book>
	<filename>baum_laimen/baum_laimen_tiktok_iz_strany_oz.fb2.zip</filename>
	<title>Баум Лаймен Фрэнк. Тик-Ток из Страны Оз</title>
</book>
<book>
	<filename>baum_laimen/baum_laimen_udivitelnyi_volshebnik_iz_strany_oz.fb2.zip</filename>
	<title>Баум Лаймен Фрэнк. Удивительный Волшебник Из Страны Оз</title>
</book>
<book>
	<filename>baum_laimen/baum_laimen_volshebstvo_strany_oz.fb2.zip</filename>
	<title>Баум Лаймен Фрэнк. Волшебство Страны Оз</title>
</book>
<book>
	<filename>baum_laimen/baum_laimen_zheleznyi_drovosek_iz_strany_oz.fb2.zip</filename>
	<title>Баум Лаймен Фрэнк. Железный Дровосек из Страны Оз</title>
</book>
<book>
	<filename>baunds_sidni/baunds_sidni_zhazhda_krovi.fb2.zip</filename>
	<title>Баундс Сидни Дж. Жажда крови</title>
</book>
<book>
	<filename>baxter_stephen/baxter_stephen_the_ghost_pit.fb2.zip</filename>
	<title>Baxter Stephen. The Ghost Pit</title>
</book>
<book>
	<filename>bayukanskii_anatolii/bayukanskii_anatolii_chernyi_peredel_kniga_i.fb2.zip</filename>
	<title>Баюканский Анатолий Борисович. Черный передел. Книга I</title>
</book>
<book>
	<filename>bayukanskii_anatolii/bayukanskii_anatolii_chernyi_peredel_kniga_ii.fb2.zip</filename>
	<title>Баюканский Анатолий Борисович. Черный передел. Книга II</title>
</book>
<book>
	<filename>bazen_yerve/bazen_yerve_anatomiya_odnogo_razvoda.fb2.zip</filename>
	<title>Базен Эрве. Анатомия одного развода</title>
</book>
<book>
	<filename>bazen_yerve/bazen_yerve_i_ogon_pozhiraet_ogon.fb2.zip</filename>
	<title>Базен Эрве. И огонь пожирает огонь</title>
</book>
<book>
	<filename>bazen_yerve/bazen_yerve_krik_sovy.fb2.zip</filename>
	<title>Базен Эрве. Крик совы</title>
</book>
<book>
	<filename>bazen_yerve/bazen_yerve_maslo_v_ogon.fb2.zip</filename>
	<title>Базен Эрве. Масло в огонь</title>
</book>
<book>
	<filename>bazen_yerve/bazen_yerve_radi_syna.fb2.zip</filename>
	<title>Базен Эрве. Ради сына</title>
</book>
<book>
	<filename>bazen_yerve/bazen_yerve_schastlivcy_s_ostrova_otchayaniya.fb2.zip</filename>
	<title>Базен Эрве. Счастливцы с острова отчаяния</title>
</book>
<book>
	<filename>bazen_yerve/bazen_yerve_smert_loshadki.fb2.zip</filename>
	<title>Базен Эрве. Смерть лошадки</title>
</book>
<book>
	<filename>bazen_yerve/bazen_yerve_supruzheskaya_zhizn.fb2.zip</filename>
	<title>Базен Эрве. Супружеская жизнь</title>
</book>
<book>
	<filename>bazen_yerve/bazen_yerve_vstan_i_idi.fb2.zip</filename>
	<title>Базен Эрве. Встань и иди</title>
</book>
<book>
	<filename>bazen_yerve/bazen_yerve_zelenyi_hram.fb2.zip</filename>
	<title>Базен Эрве. Зеленый храм</title>
</book>
<book>
	<filename>bazen_yerve/bazen_yerve_zmeya_v_kulake.fb2.zip</filename>
	<title>Базен Эрве. Змея в кулаке</title>
</book>
<book>
	<filename>bazhanov_boris/bazhanov_boris_vospominaniya_byvshego_sekretarya_stalina.fb2.zip</filename>
	<title>Бажанов Борис. Воспоминания бывшего секретаря Сталина</title>
</book>
<book>
	<filename>bazhenov_viktor/bazhenov_viktor_likvidator_nulevogo_urovnya.fb2.zip</filename>
	<title>Баженов Виктор. Ликвидатор нулевого уровня</title>
</book>
<book>
	<filename>bazhov_pavel/bazhov_pavel_uralskie_skazy_i.fb2.zip</filename>
	<title>Бажов Павел Петрович. Уральские сказы — I</title>
</book>
<book>
	<filename>bazhov_pavel/bazhov_pavel_uralskie_skazy_ii.fb2.zip</filename>
	<title>Бажов Павел Петрович. Уральские сказы — II</title>
</book>
<book>
	<filename>bazhov_pavel/bazhov_pavel_uralskie_skazy_iii.fb2.zip</filename>
	<title>Бажов Павел Петрович. Уральские сказы — III</title>
</book>
<book>
	<filename>bedarida_fransua/bedarida_fransua_cherchill.fb2.zip</filename>
	<title>Бедарида Франсуа. Черчилль</title>
</book>
<book>
	<filename>bede_zhozef/bede_zhozef_roman_o_tristane_i_izolde.fb2.zip</filename>
	<title>Бедье Жозеф. Роман о Тристане и Изольде</title>
</book>
<book>
	<filename>bednyi_boris/bednyi_boris_devchata.fb2.zip</filename>
	<title>Бедный Борис Васильевич. Девчата</title>
</book>
<book>
	<filename>begbeder_frederik/begbeder_frederik_99_frankov.fb2.zip</filename>
	<title>Бегбедер Фредерик. 99 Франков</title>
</book>
<book>
	<filename>begbeder_frederik/begbeder_frederik_kanikuly_v_kome.fb2.zip</filename>
	<title>Бегбедер Фредерик. Каникулы в коме</title>
</book>
<book>
	<filename>begbeder_frederik/begbeder_frederik_luchshie_knigi_xx_veka_poslednyaya_opis_pered_rasprodazhei.fb2.zip</filename>
	<title>Бегбедер Фредерик. Лучшие книги XX века. Последняя опись перед распродажей</title>
</book>
<book>
	<filename>begbeder_frederik/begbeder_frederik_lyubov_zhivet_tri_goda.fb2.zip</filename>
	<title>Бегбедер Фредерик. Любовь живет три года</title>
</book>
<book>
	<filename>begbeder_frederik/begbeder_frederik_rasskaziki_pod_yekstazi.fb2.zip</filename>
	<title>Бегбедер Фредерик. Рассказики под экстази</title>
</book>
<book>
	<filename>begbeder_frederik/begbeder_frederik_vospominaniya_neobrazumivshegosya_molodogo_cheloveka.fb2.zip</filename>
	<title>Бегбедер Фредерик. Воспоминания необразумившегося молодого человека</title>
</book>
<book>
	<filename>begemotov_nestor/begemotov_nestor_impotent_ili_sekretnyi_yeksperiment_professora_shvaca.fb2.zip</filename>
	<title>Бегемотов Нестор Онуфриевич. Импотент, или секретный эксперимент профессора Шваца</title>
</book>
<book>
	<filename>beglaryan_ashot/beglaryan_ashot_chuzhoi_schet.fb2.zip</filename>
	<title>Бегларян Ашот. Чужой счет</title>
</book>
<book>
	<filename>behtereva_natalya/behtereva_natalya_magiya_mozga_i_labirinty_zhizni.fb2.zip</filename>
	<title>Бехтерева Наталья Петровна. Магия мозга и лабиринты жизни</title>
</book>
<book>
	<filename>behterev_vladimir/behterev_vladimir_bessmertie_chelovecheskoi_lichnosti_kak_nauchnaya_problema.fb2.zip</filename>
	<title>Бехтерев Владимир Михайлович. Бессмертие человеческой личности как научная проблема</title>
</book>
<book>
	<filename>beidzhent_maikl/beidzhent_maikl_hram_i_lozha_ot_tamplierov_do_masonov.fb2.zip</filename>
	<title>Бейджент Майкл. Храм и ложа. От тамплиеров до масонов</title>
</book>
<book>
	<filename>beidzhent_maikl/beidzhent_maikl_svyashennaya_krov_i_svyashennyi_graal.fb2.zip</filename>
	<title>Бейджент Майкл. Священная кровь и священный грааль</title>
</book>
<book>
	<filename>beidzhent_maikl/beidzhent_maikl_svyashennaya_zagadka.fb2.zip</filename>
	<title>Бейджент Майкл. Священная загадка</title>
</book>
<book>
	<filename>beidzhent_maikl/beidzhent_maikl_yeliksir_i_kamen.fb2.zip</filename>
	<title>Бейджент Майкл. Эликсир и камень</title>
</book>
<book>
	<filename>beidzhent_maikl/beidzhent_maikl_zapretnaya_arheologiya.fb2.zip</filename>
	<title>Бейджент Майкл. Запретная археология</title>
</book>
<book>
	<filename>beiker_dzhill/beiker_dzhill_obretennyi_rai.fb2.zip</filename>
	<title>Бейкер Джилл. Обретенный рай</title>
</book>
<book>
	<filename>beiker_fil/beiker_fil_absent.fb2.zip</filename>
	<title>Бейкер Фил. Абсент</title>
</book>
<book>
	<filename>beiker_keidzh/beiker_keidzh_nakovalnya_mira.fb2.zip</filename>
	<title>Бейкер Кейдж. Наковальня мира</title>
</book>
<book>
	<filename>beiker_myedlin/beiker_myedlin_dar_lyubvi.fb2.zip</filename>
	<title>Бейкер Мэдлин. Дар любви</title>
</book>
<book>
	<filename>beiker_myedlin/beiker_myedlin_indeiskaya_strast.fb2.zip</filename>
	<title>Бейкер Мэдлин. Индейская страсть</title>
</book>
<book>
	<filename>beiker_myedlin/beiker_myedlin_prednachertannyi_sudboi.fb2.zip</filename>
	<title>Бейкер Мэдлин. Предначертанный судьбой</title>
</book>
<book>
	<filename>beiker_myedlin/beiker_myedlin_put_lyeisi.fb2.zip</filename>
	<title>Бейкер Мэдлин. Путь Лэйси</title>
</book>
<book>
	<filename>beiker_myedlin/beiker_myedlin_serdce_begleca.fb2.zip</filename>
	<title>Бейкер Мэдлин. Сердце беглеца</title>
</book>
<book>
	<filename>beiker_myedlin/beiker_myedlin_tropoyu_duhov.fb2.zip</filename>
	<title>Бейкер Мэдлин. Тропою духов</title>
</book>
<book>
	<filename>beiker_myedlin/beiker_myedlin_vostorg_lyubvi.fb2.zip</filename>
	<title>Бейкер Мэдлин. Восторг любви</title>
</book>
<book>
	<filename>beiker_myedlin/beiker_myedlin_zapretnoe_plamya.fb2.zip</filename>
	<title>Бейкер Мэдлин. Запретное пламя</title>
</book>
<book>
	<filename>beiker_nikolson/beiker_nikolson_belyetazh.fb2.zip</filename>
	<title>Бейкер Николсон. Бельэтаж</title>
</book>
<book>
	<filename>beiker_richard/beiker_richard_prigovor.fb2.zip</filename>
	<title>Бейкер Ричард. Приговор</title>
</book>
<book>
	<filename>beikom_monika/beikom_monika_cherez_reku_zabveniya.fb2.zip</filename>
	<title>Бейком Моника. Через реку забвения</title>
</book>
<book>
	<filename>beili_barrington/beili_barrington_faktor_annigilyacii.fb2.zip</filename>
	<title>Бейли Баррингтон Дж. Фактор аннигиляции</title>
</book>
<book>
	<filename>beili_barrington/beili_barrington_kurs_na_stolknovenie.fb2.zip</filename>
	<title>Бейли Баррингтон. Курс на столкновение</title>
</book>
<book>
	<filename>beili_barrington/beili_barrington_odezhdy_kaiana.fb2.zip</filename>
	<title>Бейли Баррингтон. Одежды Кайана</title>
</book>
<book>
	<filename>beili_barrington/beili_barrington_padenie_hronopolisa.fb2.zip</filename>
	<title>Бейли Баррингтон. Падение Хронополиса</title>
</book>
<book>
	<filename>beili_barrington/beili_barrington_velikoe_koleso.fb2.zip</filename>
	<title>Бейли Баррингтон. Великое колесо</title>
</book>
<book>
	<filename>beili_charlz/beili_charlz_sem_dnei_v_mae.fb2.zip</filename>
	<title>Бейли Чарльз. Семь дней в мае</title>
</book>
<book>
	<filename>beili_dzhessika/beili_dzhessika_neoproverzhimoe_dokazatelstvo.fb2.zip</filename>
	<title>Бейли Джессика. Неопровержимое доказательство</title>
</book>
<book>
	<filename>beili_dzhessika/beili_dzhessika_ne_otpuskai_lyubov.fb2.zip</filename>
	<title>Бейли Джессика. Не отпускай любовь</title>
</book>
<book>
	<filename>beili_myeri/beili_myeri_zolotaya_kniga_akvariumista.fb2.zip</filename>
	<title>Бейли Мэри. Золотая книга аквариумиста</title>
</book>
<book>
	<filename>beili_robin/beili_robin_bratya_drakona.fb2.zip</filename>
	<title>Бейли Робин Уэйн. Братья Дракона</title>
</book>
<book>
	<filename>beili_robin/beili_robin_plamya_drakona.fb2.zip</filename>
	<title>Бейли Робин Уэйн. Пламя Дракона</title>
</book>
<book>
	<filename>beili_roz/beili_roz_tusovka_inkorporeited.fb2.zip</filename>
	<title>Бейли Роз. Тусовка инкорпорейтед</title>
</book>
<book>
	<filename>beil_karen/beil_karen_yarkaya_zvezda_lyubvi.fb2.zip</filename>
	<title>Бейль Карен. Яркая звезда любви</title>
</book>
<book>
	<filename>beilkin_mihail/beilkin_mihail_seks_v_iskusstve_i_v_fantastike.fb2.zip</filename>
	<title>Бейлькин Михаил Меерович. Секс в искусстве и в фантастике</title>
</book>
<book>
	<filename>beilkin_mihail/beilkin_mihail_seks_v_kino_i_literature.fb2.zip</filename>
	<title>Бейлькин Михаил Меерович. Секс в кино и литературе</title>
</book>
<book>
	<filename>beil_myurrei/beil_myurrei_yevkalipt.fb2.zip</filename>
	<title>Бейл Мюррей. Эвкалипт</title>
</book>
<book>
	<filename>beinbridzh_beril/beinbridzh_beril_grandioznoe_priklyuchenie.fb2.zip</filename>
	<title>Бейнбридж Берил. Грандиозное приключение</title>
</book>
<book>
	<filename>beishir_norma/beishir_norma_angely_polunochi.fb2.zip</filename>
	<title>Бейшир Норма. Ангелы полуночи</title>
</book>
<book>
	<filename>beishir_norma/beishir_norma_dragocennyi_kamen.fb2.zip</filename>
	<title>Бейшир Норма. Драгоценный камень</title>
</book>
<book>
	<filename>beishir_norma/beishir_norma_tanec_bogov.fb2.zip</filename>
	<title>Бейшир Норма. Танец богов</title>
</book>
<book>
	<filename>beishir_norma/beishir_norma_vremya_legend.fb2.zip</filename>
	<title>Бейшир Норма. Время легенд</title>
</book>
<book>
	<filename>beits_genri/beits_genri_naturalist_na_amazonke.fb2.zip</filename>
	<title>Бейтс Генри Уолтер. Натуралист на Амазонке</title>
</book>
<book>
	<filename>beits_gerbert/beits_gerbert_golos_zimy.fb2.zip</filename>
	<title>Бейтс Герберт Эрнест. Голос зимы</title>
</book>
<book>
	<filename>beits_gerbert/beits_gerbert_kak_gorestna_tsheslaviya_cena.fb2.zip</filename>
	<title>Бейтс Герберт Эрнест. Как горестна тщеславия цена</title>
</book>
<book>
	<filename>beits_gerbert/beits_gerbert_mertvaya_krasota.fb2.zip</filename>
	<title>Бейтс Герберт Эрнест. Мертвая красота</title>
</book>
<book>
	<filename>beits_gerbert/beits_gerbert_na_malenkoi_ferme.fb2.zip</filename>
	<title>Бейтс Герберт Эрнест. На маленькой ферме</title>
</book>
<book>
	<filename>beits_gerbert/beits_gerbert_peigulyai.fb2.zip</filename>
	<title>Бейтс Герберт Эрнест. Пей-Гуляй</title>
</book>
<book>
	<filename>beits_gerbert/beits_gerbert_perevernutyi_mir.fb2.zip</filename>
	<title>Бейтс Герберт Эрнест. Перевернутый мир</title>
</book>
<book>
	<filename>beits_gerbert/beits_gerbert_piknik.fb2.zip</filename>
	<title>Бейтс Герберт Эрнест. Пикник</title>
</book>
<book>
	<filename>beits_gerbert/beits_gerbert_puncovoi_rozy_lepestok_usnul.fb2.zip</filename>
	<title>Бейтс Герберт Эрнест. Пунцовой розы лепесток уснул</title>
</book>
<book>
	<filename>beits_gerbert/beits_gerbert_rozhdestvenskaya_pesenka.fb2.zip</filename>
	<title>Бейтс Герберт Эрнест. Рождественская песенка</title>
</book>
<book>
	<filename>beits_gerbert/beits_gerbert_starushki_i_vechnost.fb2.zip</filename>
	<title>Бейтс Герберт Эрнест. Старушки и вечность</title>
</book>
<book>
	<filename>beits_gerbert/beits_gerbert_tihii_skromnyi_simpatichnyi.fb2.zip</filename>
	<title>Бейтс Герберт Эрнест. Тихий, скромный, симпатичный</title>
</book>
<book>
	<filename>beits_gerbert/beits_gerbert_vesennyaya_shlyapka.fb2.zip</filename>
	<title>Бейтс Герберт Эрнест. Весенняя шляпка</title>
</book>
<book>
	<filename>beits_gerbert/beits_gerbert_yetyud_s_cvetami.fb2.zip</filename>
	<title>Бейтс Герберт Эрнест. Этюд с цветами</title>
</book>
<book>
	<filename>beits_gerbert/beits_gerbert_zheltyi_krab.fb2.zip</filename>
	<title>Бейтс Герберт Эрнест. Желтый краб</title>
</book>
<book>
	<filename>beits_noyel/beits_noyel_lomanaya_liniya.fb2.zip</filename>
	<title>Бейтс Ноэль. Ломаная линия</title>
</book>
<book>
	<filename>beits_noyel/beits_noyel_neozhidannyi_vizit.fb2.zip</filename>
	<title>Бейтс Ноэль. Неожиданный визит</title>
</book>
<book>
	<filename>beits_noyel/beits_noyel_ocharovatelnaya_koldunya.fb2.zip</filename>
	<title>Бейтс Ноэль. Очаровательная колдунья</title>
</book>
<book>
	<filename>beits_noyel/beits_noyel_ogon_v_krovi.fb2.zip</filename>
	<title>Бейтс Ноэль. Огонь в крови</title>
</book>
<book>
	<filename>beits_noyel/beits_noyel_pylkaya_revnivica.fb2.zip</filename>
	<title>Бейтс Ноэль. Пылкая ревнивица</title>
</book>
<book>
	<filename>beits_noyel/beits_noyel_takaya_lyubov.fb2.zip</filename>
	<title>Бейтс Ноэль. Такая любовь</title>
</book>
<book>
	<filename>beits_noyel/beits_noyel_zvezda_s_neba.fb2.zip</filename>
	<title>Бейтс Ноэль. Звезда с неба</title>
</book>
<book>
	<filename>beitson_gregori/beitson_gregori_angely_strashatsya.fb2.zip</filename>
	<title>Бейтсон Грегори. Ангелы страшатся</title>
</book>
<book>
	<filename>beitson_myeri_kyeterin/beitson_myeri_kyeterin_angely_strashatsya.fb2.zip</filename>
	<title>Бейтсон Мэри Кэтерин. Ангелы страшатся</title>
</book>
<book>
	<filename>bek_aleksandr/bek_aleksandr_novoe_naznachenie.fb2.zip</filename>
	<title>Бек Александр. Новое назначение</title>
</book>
<book>
	<filename>bek_aleksandr/bek_aleksandr_volokolamskoe_shosse.fb2.zip</filename>
	<title>Бек Александр. Волоколамское шоссе</title>
</book>
<book>
	<filename>bekan_dzhon/bekan_dzhon_39_stupenek.fb2.zip</filename>
	<title>Бекан Джон. 39 ступенек</title>
</book>
<book>
	<filename>bekasov_shen/bekasov_shen_bankovskaya_taina.fb2.zip</filename>
	<title>Бекасов Шен. Банковская тайна</title>
</book>
<book>
	<filename>beker_yurek/beker_yurek_bokser.fb2.zip</filename>
	<title>Бекер Юрек. Боксер</title>
</book>
<book>
	<filename>beket_samanta/beket_samanta_stroptivaya_krasavica.fb2.zip</filename>
	<title>Бекет Саманта. Строптивая красавица</title>
</book>
<book>
	<filename>bekett_saimon/bekett_saimon_himiya_smerti.fb2.zip</filename>
	<title>Бекетт Саймон. Химия смерти</title>
</book>
<book>
	<filename>bekitt_lora/bekitt_lora_agnessa_tom_1.fb2.zip</filename>
	<title>Бекитт Лора. Агнесса. Том 1</title>
</book>
<book>
	<filename>bekitt_lora/bekitt_lora_agnessa_tom_2.fb2.zip</filename>
	<title>Бекитт Лора. Агнесса. Том 2</title>
</book>
<book>
	<filename>bekitt_lora/bekitt_lora_lyubov_i_rim.fb2.zip</filename>
	<title>Бекитт Лора. Любовь и Рим</title>
</book>
<book>
	<filename>bekitt_lora/bekitt_lora_roza_na_altare.fb2.zip</filename>
	<title>Бекитт Лора. Роза на алтаре</title>
</book>
<book>
	<filename>bekitt_lora/bekitt_lora_serdce_v_pustyne.fb2.zip</filename>
	<title>Бекитт Лора. Сердце в пустыне</title>
</book>
<book>
	<filename>bekitt_lora/bekitt_lora_silnee_smerti.fb2.zip</filename>
	<title>Бекитт Лора. Сильнее смерти</title>
</book>
<book>
	<filename>bekitt_lora/bekitt_lora_tina_i_tereza.fb2.zip</filename>
	<title>Бекитт Лора. Тина и Тереза</title>
</book>
<book>
	<filename>bekitt_lora/bekitt_lora_yanychar_i_madina.fb2.zip</filename>
	<title>Бекитт Лора. Янычар и Мадина</title>
</book>
<book>
	<filename>bek_kent/bek_kent_yekstremalnoe_programmirovanie.fb2.zip</filename>
	<title>Бек Кент. Экстремальное программирование</title>
</book>
<book>
	<filename>bekker_kaius/bekker_kaius_nemeckie_morskie_diversanty_vo_vtoroi_mirovoi_voine.fb2.zip</filename>
	<title>Беккер Кайус. Немецкие морские диверсанты во второй мировой войне</title>
</book>
<book>
	<filename>bekker_karl/bekker_karl_mify_drevnego_mira.fb2.zip</filename>
	<title>Беккер Карл Фридрих. Мифы древнего мира</title>
</book>
<book>
	<filename>bekket_syemyuel/bekket_syemyuel_merfi.fb2.zip</filename>
	<title>Беккет Сэмюел Баркли. Мерфи</title>
</book>
<book>
	<filename>bekket_syemyuel/bekket_syemyuel_moloi.fb2.zip</filename>
	<title>Беккет Сэмюел Баркли. Молой</title>
</book>
<book>
	<filename>bekket_syemyuel/bekket_syemyuel_v_ozhidanii_godo.fb2.zip</filename>
	<title>Беккет Сэмюел Баркли. В ожидании Годо</title>
</book>
<book>
	<filename>bekket_syemyuel/bekket_syemyuel_vse_kto_ostupaetsya.fb2.zip</filename>
	<title>Беккет Сэмюел Баркли. Все, кто оступается</title>
</book>
<book>
	<filename>bekkio_zhan/bekkio_zhan_gipnoz_xxi_veka.fb2.zip</filename>
	<title>Беккио Жан. Гипноз XXI века</title>
</book>
<book>
	<filename>beklemishev_dmitrii/beklemishev_dmitrii_zametki_o_zhenskoi_logike.fb2.zip</filename>
	<title>Беклемишев Дмитрий Владимирович. Заметки о женской логике</title>
</book>
<book>
	<filename>bekman_tea/bekman_tea_krestonosec_v_dzhinsah.fb2.zip</filename>
	<title>Бекман Tea. Крестоносец в джинсах</title>
</book>

</books>

