<?xml version="1.0" encoding="UTF-8" ?>
<books>

<book>
	<filename>berseneva_ekaterina/berseneva_ekaterina_brosit_kurit_raz_i_navsegda.fb2.zip</filename>
	<title>Берсеньева Екатерина Геннадьевна. Бросить курить раз и навсегда</title>
</book>
<book>
	<filename>berte_yeli/berte_yeli_drozhashaya_skala.fb2.zip</filename>
	<title>Берте Эли. Дрожащая скала</title>
</book>
<book>
	<filename>berte_yeli/berte_yeli_poteryannaya_dolina.fb2.zip</filename>
	<title>Берте Эли. Потерянная долина</title>
</book>
<book>
	<filename>berte_yeli/berte_yeli_ptica_pustyni.fb2.zip</filename>
	<title>Берте Эли. Птица пустыни</title>
</book>
<book>
	<filename>bert_gai/bert_gai_yama.fb2.zip</filename>
	<title>Берт Гай. Яма</title>
</book>
<book>
	<filename>bertin_andrye/bertin_andrye_vospitanie_v_utrobe_materi_ili_rasskaz_ob_upushennyh_vozmozhnostyah.fb2.zip</filename>
	<title>Бертин Андрэ. Воспитание в утробе матери, или рассказ об упущенных возможностях</title>
</book>
<book>
	<filename>bertram_laviniya/bertram_laviniya_lakomyi_kusochek.fb2.zip</filename>
	<title>Бертрам Лавиния. Лакомый кусочек</title>
</book>
<book>
	<filename>bertram_pol/bertram_pol_ten_vlasti.fb2.zip</filename>
	<title>Бертрам Поль. Тень власти</title>
</book>
<book>
	<filename>bertran_aloiziyus/bertran_aloiziyus_gaspar_iz_tmy_fantazii_v_manere_rembrandta_i_kallo.fb2.zip</filename>
	<title>Бертран Алоизиюс. Гаспар из тьмы. Фантазии в манере Рембрандта и Калло</title>
</book>
<book>
	<filename>beryozkin_yurii/beryozkin_yurii_mify_glubokoi_drevnosti.fb2.zip</filename>
	<title>Берёзкин Юрий Евгеньевич. Мифы глубокой древности</title>
</book>
<book>
	<filename>berzhe_zhak/berzhe_zhak_proklyatye_knigi.fb2.zip</filename>
	<title>Бержье Жак. Проклятые книги</title>
</book>
<book>
	<filename>berzhe_zhak/berzhe_zhak_promyshlennyi_shpionazh.fb2.zip</filename>
	<title>Бержье Жак. Промышленный шпионаж</title>
</book>
<book>
	<filename>berzhe_zhak/berzhe_zhak_utro_magov.fb2.zip</filename>
	<title>Бержье Жак. Утро магов</title>
</book>
<book>
	<filename>beshanov_vladimir/beshanov_vladimir_god_1942_uchebnyi.fb2.zip</filename>
	<title>Бешанов Владимир. Год 1942 — «учебный»</title>
</book>
<book>
	<filename>beshlyagye_vladimir/beshlyagye_vladimir_ignat_i_anna.fb2.zip</filename>
	<title>Бешлягэ Владимир. Игнат и Анна</title>
</book>
<book>
	<filename>beskova_lyubov/beskova_lyubov_put_k_serdcu_muzhchiny_i_obratno.fb2.zip</filename>
	<title>Бескова Любовь Анатольевна. Путь к сердцу мужчины и... обратно</title>
</book>
<book>
	<filename>beskova_lyubov/beskova_lyubov_uroki_socioniki_ili_samoe_glavnoe_chemu_nas_ne_uchili_v_shkole.fb2.zip</filename>
	<title>Бескова Любовь Анатольевна. Уроки соционики, или Самое главное, чему нас не учили в школе</title>
</book>
<book>
	<filename>besson_lyuk/besson_lyuk_artur_i_miniputy.fb2.zip</filename>
	<title>Бессон Люк. Артур и минипуты</title>
</book>
<book>
	<filename>besson_lyuk/besson_lyuk_artur_i_zapretnyi_gorod.fb2.zip</filename>
	<title>Бессон Люк. Артур и Запретный город</title>
</book>
<book>
	<filename>bessonov_aleksei/bessonov_aleksei_alye_krylya_ognya.fb2.zip</filename>
	<title>Бессонов Алексей. Алые крылья огня</title>
</book>
<book>
	<filename>bessonov_aleksei/bessonov_aleksei_chernyi_hrustal.fb2.zip</filename>
	<title>Бессонов Алексей. Черный хрусталь</title>
</book>
<book>
	<filename>bessonov_aleksei/bessonov_aleksei_chertova_dyuzhina_angelov.fb2.zip</filename>
	<title>Бессонов Алексей. Чертова дюжина ангелов</title>
</book>
<book>
	<filename>bessonov_aleksei/bessonov_aleksei_dostizheniya_civilizacii.fb2.zip</filename>
	<title>Бессонов Алексей. Достижения цивилизации</title>
</book>
<book>
	<filename>bessonov_aleksei/bessonov_aleksei_gospodin_posrednik.fb2.zip</filename>
	<title>Бессонов Алексей. Господин Посредник</title>
</book>
<book>
	<filename>bessonov_aleksei/bessonov_aleksei_izvne.fb2.zip</filename>
	<title>Бессонов Алексей. Извне</title>
</book>
<book>
	<filename>bessonov_aleksei/bessonov_aleksei_koncepciya_lzhi.fb2.zip</filename>
	<title>Бессонов Алексей. Концепция лжи</title>
</book>
<book>
	<filename>bessonov_aleksei/bessonov_aleksei_ledyanoi_bastion.fb2.zip</filename>
	<title>Бессонов Алексей. Ледяной бастион</title>
</book>
<book>
	<filename>bessonov_aleksei/bessonov_aleksei_maska_vlasti.fb2.zip</filename>
	<title>Бессонов Алексей. Маска Власти</title>
</book>
<book>
	<filename>bessonov_aleksei/bessonov_aleksei_mir_v_krasnom_kamne.fb2.zip</filename>
	<title>Бессонов Алексей. Мир в красном камне</title>
</book>
<book>
	<filename>bessonov_aleksei/bessonov_aleksei_naslednik_sudby.fb2.zip</filename>
	<title>Бессонов Алексей. Наследник судьбы</title>
</book>
<book>
	<filename>bessonov_aleksei/bessonov_aleksei_skazka_strasti.fb2.zip</filename>
	<title>Бессонов Алексей. Сказка страсти</title>
</book>
<book>
	<filename>bessonov_aleksei/bessonov_aleksei_sozhgite_vseh.fb2.zip</filename>
	<title>Бессонов Алексей. Сожгите всех</title>
</book>
<book>
	<filename>bessonov_aleksei/bessonov_aleksei_strategicheskaya_neobhodimost.fb2.zip</filename>
	<title>Бессонов Алексей. Стратегическая необходимость</title>
</book>
<book>
	<filename>bessonov_aleksei/bessonov_aleksei_tabachnyi_sous.fb2.zip</filename>
	<title>Бессонов Алексей. Табачный соус</title>
</book>
<book>
	<filename>bessonov_aleksei/bessonov_aleksei_teni_zheltyh_dorog.fb2.zip</filename>
	<title>Бессонов Алексей. Тени желтых дорог</title>
</book>
<book>
	<filename>bessonov_aleksei/bessonov_aleksei_torpedoi_pli.fb2.zip</filename>
	<title>Бессонов Алексей. Торпедой пли!</title>
</book>
<book>
	<filename>bessonov_aleksei/bessonov_aleksei_veter_i_stal.fb2.zip</filename>
	<title>Бессонов Алексей. Ветер и сталь</title>
</book>
<book>
	<filename>bessonov_aleksei/bessonov_aleksei_zmei_yeskulapa.fb2.zip</filename>
	<title>Бессонов Алексей. Змеи Эскулапа</title>
</book>
<book>
	<filename>bester_alfred/bester_alfred_5_271_009.fb2.zip</filename>
	<title>Бестер Альфред. 5 271 009</title>
</book>
<book>
	<filename>bester_alfred/bester_alfred_ad_yeto_vechnost.fb2.zip</filename>
	<title>Бестер Альфред. Ад — это вечность</title>
</book>
<book>
	<filename>bester_alfred/bester_alfred_bozhestvennyi_farengeit.fb2.zip</filename>
	<title>Бестер Альфред. Божественный Фаренгейт</title>
</book>
<book>
	<filename>bester_alfred/bester_alfred_chelovek_bez_lica.fb2.zip</filename>
	<title>Бестер Альфред. Человек без лица</title>
</book>
<book>
	<filename>bester_alfred/bester_alfred_chetyrehchasovaya_fuga.fb2.zip</filename>
	<title>Бестер Альфред. Четырехчасовая фуга</title>
</book>
<book>
	<filename>bester_alfred/bester_alfred_dyavolskii_interfeis.fb2.zip</filename>
	<title>Бестер Альфред. Дьявольский интерфейс</title>
</book>
<book>
	<filename>bester_alfred/bester_alfred_fenomen_ischeznoveniya.fb2.zip</filename>
	<title>Бестер Альфред. Феномен исчезновения</title>
</book>
<book>
	<filename>bester_alfred/bester_alfred_i_zhivut_ne_tak_kak_prezhde.fb2.zip</filename>
	<title>Бестер Альфред. И живут не так, как прежде...</title>
</book>
<book>
	<filename>bester_alfred/bester_alfred_nochnaya_vaza_s_cvetochnym_bordyurom.fb2.zip</filename>
	<title>Бестер Альфред. Ночная ваза с цветочным бордюром</title>
</book>
<book>
	<filename>bester_alfred/bester_alfred_obmanshiki.fb2.zip</filename>
	<title>Бестер Альфред. Обманщики</title>
</book>
<book>
	<filename>bester_alfred/bester_alfred_oni_zhili_ne_tak_kak_privykli.fb2.zip</filename>
	<title>Бестер Альфред. Они жили не так, как привыкли</title>
</book>
<book>
	<filename>bester_alfred/bester_alfred_prekrasnaya_galateya.fb2.zip</filename>
	<title>Бестер Альфред. Прекрасная Галатея</title>
</book>
<book>
	<filename>bester_alfred/bester_alfred_rukopis_naidennaya_v_butylke_izpod_shampanskogo.fb2.zip</filename>
	<title>Бестер Альфред. Рукопись, найденная в бутылке из-под шампанского</title>
</book>
<book>
	<filename>bester_alfred/bester_alfred_tigr_tigr.fb2.zip</filename>
	<title>Бестер Альфред. Тигр! Тигр!</title>
</book>
<book>
	<filename>bester_alfred/bester_alfred_upryamec_starik.fb2.zip</filename>
	<title>Бестер Альфред. Упрямец (Старик)</title>
</book>
<book>
	<filename>bester_alfred/bester_alfred_vremya_predatel.fb2.zip</filename>
	<title>Бестер Альфред. Время — предатель</title>
</book>
<book>
	<filename>bester_alfred/bester_alfred_vybor.fb2.zip</filename>
	<title>Бестер Альфред. Выбор</title>
</book>
<book>
	<filename>bester_alfred/bester_alfred_vy_podozhdete.fb2.zip</filename>
	<title>Бестер Альфред. Вы подождете?</title>
</book>
<book>
	<filename>bester_alfred/bester_alfred_zvezdochka_svetlaya_zvezdochka_rannyaya.fb2.zip</filename>
	<title>Бестер Альфред. Звездочка светлая, звездочка ранняя</title>
</book>
<book>
	<filename>bestuzheva_svetlana/bestuzheva_svetlana_firmennaya_pudrenica.fb2.zip</filename>
	<title>Бестужева Светлана. Фирменная пудреница</title>
</book>
<book>
	<filename>bestuzheva_svetlana/bestuzheva_svetlana_muzhchina_dlya_dosuga.fb2.zip</filename>
	<title>Бестужева Светлана. Мужчина для досуга</title>
</book>
<book>
	<filename>bestuzheva_svetlana/bestuzheva_svetlana_zhenshina_v_chernom.fb2.zip</filename>
	<title>Бестужева Светлана. Женщина в черном</title>
</book>
<book>
	<filename>bestuzhevlada_i/bestuzhevlada_i_socialnoe_prognozirovanie.fb2.zip</filename>
	<title>Бестужев-Лада И. В. Социальное прогнозирование</title>
</book>
<book>
	<filename>bestuzhevlada_igor/bestuzhevlada_igor_socialnoe_prognozirovanie.fb2.zip</filename>
	<title>Бестужев-Лада Игорь Васильевич. Социальное прогнозирование</title>
</book>
<book>
	<filename>betancourt_john/betancourt_john_chaos_and_amber.fb2.zip</filename>
	<title>Betancourt John Gregory. Chaos and Amber</title>
</book>
<book>
	<filename>betancourt_john/betancourt_john_the_dawn_of_amber.fb2.zip</filename>
	<title>Betancourt John Gregory. The Dawn of Amber</title>
</book>
<book>
	<filename>betancourt_john/betancourt_john_to_rule_in_amber.fb2.zip</filename>
	<title>Betancourt John Gregory. To Rule in Amber</title>
</book>
<book>
	<filename>betankur_dzhon/betankur_dzhon_baiki_iz_dvorca_dzhabby_hatta10_a_gruppa_prodolzhala_igrat_istoriya_orkestra.fb2.zip</filename>
	<title>Бетанкур Джон Грегори. Байки из дворца Джаббы Хатта-10: А группа продолжала играть (История оркестра)</title>
</book>
<book>
	<filename>betankur_dzhon/betankur_dzhon_haos_i_amber.fb2.zip</filename>
	<title>Бетанкур Джон Грегори. Хаос и Амбер</title>
</book>
<book>
	<filename>betankur_dzhon/betankur_dzhon_prav_amberom.fb2.zip</filename>
	<title>Бетанкур Джон Грегори. Правь Амбером!</title>
</book>
<book>
	<filename>betankur_dzhon/betankur_dzhon_zarya_ambera.fb2.zip</filename>
	<title>Бетанкур Джон Грегори. Заря Амбера</title>
</book>
<book>
	<filename>betev_sergei/betev_sergei_pletenyi_remen.fb2.zip</filename>
	<title>Бетев Сергей Михайлович. Плетеный ремень</title>
</book>
<book>
	<filename>betev_sergei/betev_sergei_razyskivaetsya.fb2.zip</filename>
	<title>Бетев Сергей Михайлович. Разыскивается</title>
</book>
<book>
	<filename>betev_sergei/betev_sergei_teorema_laplasa.fb2.zip</filename>
	<title>Бетев Сергей Михайлович. Теорема Лапласа</title>
</book>
<book>
	<filename>betev_sergei/betev_sergei_troe_sutok_iz_zhizni_operupolnomochennogo.fb2.zip</filename>
	<title>Бетев Сергей Михайлович. Трое суток из жизни оперуполномоченного</title>
</book>
<book>
	<filename>betev_sergei/betev_sergei_vosmoi_revolver.fb2.zip</filename>
	<title>Бетев Сергей Михайлович. Восьмой револьвер</title>
</book>
<book>
	<filename>betke_bryus/betke_bryus_interfeisom_ob_teibl.fb2.zip</filename>
	<title>Бетке Брюс. Интерфейсом об тейбл</title>
</book>
<book>
	<filename>betke_bryus/betke_bryus_kiberpank.fb2.zip</filename>
	<title>Бетке Брюс. Киберпанк</title>
</book>
<book>
	<filename>bets_heidi/bets_heidi_devushka_dlya_seksyeskorta.fb2.zip</filename>
	<title>Бетс Хейди. Девушка для секс-эскорта</title>
</book>
<book>
	<filename>bets_heidi/bets_heidi_dorozhe_vsego_na_svete.fb2.zip</filename>
	<title>Бетс Хейди. Дороже всего на свете</title>
</book>
<book>
	<filename>bets_heidi/bets_heidi_zlachnoe_mestechko.fb2.zip</filename>
	<title>Бетс Хейди. Злачное местечко</title>
</book>
<book>
	<filename>betts_heidi/betts_heidi_obeshanie_rozy.fb2.zip</filename>
	<title>Беттс Хейди. Обещание розы</title>
</book>
<book>
	<filename>betts_heidi/betts_heidi_pochti_ledi.fb2.zip</filename>
	<title>Беттс Хейди. Почти леди</title>
</book>
<book>
	<filename>beverli_dzho/beverli_dzho_chernyi_markiz.fb2.zip</filename>
	<title>Беверли Джо. Черный маркиз</title>
</book>
<book>
	<filename>beverli_dzho/beverli_dzho_cvetok_zapada.fb2.zip</filename>
	<title>Беверли Джо. Цветок Запада</title>
</book>
<book>
	<filename>beverli_dzho/beverli_dzho_greshnaya_i_svyataya.fb2.zip</filename>
	<title>Беверли Джо. Грешная и святая</title>
</book>
<book>
	<filename>beverli_dzho/beverli_dzho_iskra_soblazna.fb2.zip</filename>
	<title>Беверли Джо. Искра соблазна</title>
</book>
<book>
	<filename>beverli_dzho/beverli_dzho_koldovstvo.fb2.zip</filename>
	<title>Беверли Джо. Колдовство</title>
</book>
<book>
	<filename>beverli_dzho/beverli_dzho_lord_polunochi.fb2.zip</filename>
	<title>Беверли Джо. Лорд полуночи</title>
</book>
<book>
	<filename>beverli_dzho/beverli_dzho_lyubov_igroka.fb2.zip</filename>
	<title>Беверли Джо. Любовь игрока</title>
</book>
<book>
	<filename>beverli_dzho/beverli_dzho_moya_stroptivaya_ledi.fb2.zip</filename>
	<title>Беверли Джо. Моя строптивая леди</title>
</book>
<book>
	<filename>beverli_dzho/beverli_dzho_nezhelannyi_brak.fb2.zip</filename>
	<title>Беверли Джо. Нежеланный брак</title>
</book>
<book>
	<filename>beverli_dzho/beverli_dzho_nochi_bez_sna.fb2.zip</filename>
	<title>Беверли Джо. Ночи без сна</title>
</book>
<book>
	<filename>beverli_dzho/beverli_dzho_radi_tvoei_ulybki.fb2.zip</filename>
	<title>Беверли Джо. Ради твоей улыбки</title>
</book>
<book>
	<filename>beverli_dzho/beverli_dzho_reshitelnaya_nevesta.fb2.zip</filename>
	<title>Беверли Джо. Решительная невеста</title>
</book>
<book>
	<filename>beverli_dzho/beverli_dzho_riskovannoe_priklyuchenie.fb2.zip</filename>
	<title>Беверли Джо. Рискованное приключение</title>
</book>
<book>
	<filename>beverli_dzho/beverli_dzho_rozhdestvenskii_angel.fb2.zip</filename>
	<title>Беверли Джо. Рождественский ангел</title>
</book>
<book>
	<filename>beverli_dzho/beverli_dzho_samyi_nepodhodyashii_muzhchina.fb2.zip</filename>
	<title>Беверли Джо. Самый неподходящий мужчина</title>
</book>
<book>
	<filename>beverli_dzho/beverli_dzho_schaste_pod_zapretom.fb2.zip</filename>
	<title>Беверли Джо. Счастье под запретом</title>
</book>
<book>
	<filename>beverli_dzho/beverli_dzho_slomannaya_roza.fb2.zip</filename>
	<title>Беверли Джо. Сломанная роза</title>
</book>
<book>
	<filename>beverli_dzho/beverli_dzho_taina_ledi.fb2.zip</filename>
	<title>Беверли Джо. Тайна леди</title>
</book>
<book>
	<filename>beverli_dzho/beverli_dzho_tainaya_svadba.fb2.zip</filename>
	<title>Беверли Джо. Тайная свадьба</title>
</book>
<book>
	<filename>beverli_dzho/beverli_dzho_tainy_nochi.fb2.zip</filename>
	<title>Беверли Джо. Тайны ночи</title>
</book>
<book>
	<filename>beverli_dzho/beverli_dzho_vlastelin_moego_serdca.fb2.zip</filename>
	<title>Беверли Джо. Властелин моего сердца</title>
</book>
<book>
	<filename>beverli_dzho/beverli_dzho_vozvrashenie_povesy.fb2.zip</filename>
	<title>Беверли Джо. Возвращение повесы</title>
</book>
<book>
	<filename>beverli_dzho/beverli_dzho_zhavoronok.fb2.zip</filename>
	<title>Беверли Джо. Жаворонок</title>
</book>
<book>
	<filename>beverli_dzho/beverli_dzho_zimnee_plamya.fb2.zip</filename>
	<title>Беверли Джо. Зимнее пламя</title>
</book>
<book>
	<filename>beverli_yelizabet/beverli_yelizabet_dozhdis_svoei_zvezdy.fb2.zip</filename>
	<title>Беверли Элизабет. Дождись своей звезды</title>
</book>
<book>
	<filename>beverli_yelizabet/beverli_yelizabet_kak_zaarkanit_millionera.fb2.zip</filename>
	<title>Беверли Элизабет. Как заарканить миллионера</title>
</book>
<book>
	<filename>beverli_yelizabet/beverli_yelizabet_lyubov_ne_umiraet.fb2.zip</filename>
	<title>Беверли Элизабет. Любовь не умирает</title>
</book>
<book>
	<filename>beverli_yelizabet/beverli_yelizabet_ne_bylo_by_schastya.fb2.zip</filename>
	<title>Беверли Элизабет. Не было бы счастья...</title>
</book>
<book>
	<filename>beverli_yelizabet/beverli_yelizabet_neobychnoe_priznanie.fb2.zip</filename>
	<title>Беверли Элизабет. Необычное признание</title>
</book>
<book>
	<filename>beverli_yelizabet/beverli_yelizabet_pretendent_na_ee_serdce.fb2.zip</filename>
	<title>Беверли Элизабет. Претендент на ее сердце</title>
</book>
<book>
	<filename>beverli_yelizabet/beverli_yelizabet_vne_zakona.fb2.zip</filename>
	<title>Беверли Элизабет. Вне закона</title>
</book>
<book>
	<filename>beverli_yelizabet/beverli_yelizabet_zvezda_lyubvi_vozvrashaetsya.fb2.zip</filename>
	<title>Беверли Элизабет. Звезда любви возвращается</title>
</book>
<book>
	<filename>bezant_ani/bezant_ani_avatary.fb2.zip</filename>
	<title>Безант Ани. Аватары</title>
</book>
<book>
	<filename>bez_avtora_/bez_avtora__30_samyh_rasprostranennyh_sposobov_obmana_na_ulice.fb2.zip</filename>
	<title>без автора. 30 самых распространенных способов обмана на улице</title>
</book>
<book>
	<filename>bez_avtora_/bez_avtora__50_receptov_shashlykov.fb2.zip</filename>
	<title>без автора. 50 рецептов шашлыков</title>
</book>
<book>
	<filename>bez_avtora_/bez_avtora__alibaba_i_sorok_razboinikov.fb2.zip</filename>
	<title>без автора. Али-Баба и сорок разбойников</title>
</book>
<book>
	<filename>bez_avtora_/bez_avtora__armyanskaya_kuhnya.fb2.zip</filename>
	<title>без автора. Армянская кухня</title>
</book>
<book>
	<filename>bez_avtora_/bez_avtora__bagdadskie_vory.fb2.zip</filename>
	<title>без автора. Багдадские воры</title>
</book>
<book>
	<filename>bez_avtora_/bez_avtora__borba_na_visyachem_mostu.fb2.zip</filename>
	<title>без автора. Борьба на висячем мосту</title>
</book>
<book>
	<filename>bez_avtora_/bez_avtora__cherepashkinindzya_byetmyen_protiv_dvudushnika.fb2.zip</filename>
	<title>без автора. Черепашки-ниндзя. Бэтмэн против Двудушника</title>
</book>
<book>
	<filename>bez_avtora_/bez_avtora__cherepashkinindzya_i_barkulab_fon_gart.fb2.zip</filename>
	<title>без автора. Черепашки-ниндзя и Баркулаб фон Гарт</title>
</book>
<book>
	<filename>bez_avtora_/bez_avtora__cherepashkinindzya_i_bolshoi_shokoladnyi_bum.fb2.zip</filename>
	<title>без автора. Черепашки-ниндзя и большой шоколадный Бум</title>
</book>
<book>
	<filename>bez_avtora_/bez_avtora__cherepashkinindzya_i_byetmyen.fb2.zip</filename>
	<title>без автора. Черепашки-ниндзя и Бэтмэн</title>
</book>
<book>
	<filename>bez_avtora_/bez_avtora__cherepashkinindzya_i_chernaya_ruka.fb2.zip</filename>
	<title>без автора. Черепашки-ниндзя и Черная Рука</title>
</book>
<book>
	<filename>bez_avtora_/bez_avtora__cherepashki_nindzya_i_kosmicheskii_agressor.fb2.zip</filename>
	<title>без автора. Черепашки ниндзя и Космический Агрессор</title>
</book>
<book>
	<filename>bez_avtora_/bez_avtora__cherepashkinindzya_i_kosmicheskii_ohotnik.fb2.zip</filename>
	<title>без автора. Черепашки-ниндзя и Космический Охотник</title>
</book>
<book>
	<filename>bez_avtora_/bez_avtora__cherepashkinindzya_i_podzemnyi_kuklovod.fb2.zip</filename>
	<title>без автора. Черепашки-ниндзя и Подземный Кукловод</title>
</book>
<book>
	<filename>bez_avtora_/bez_avtora__cherepashkinindzya_kosmicheskoe_puteshestvie.fb2.zip</filename>
	<title>без автора. Черепашки-ниндзя. Космическое путешествие</title>
</book>
<book>
	<filename>bez_avtora_/bez_avtora__cherepashkinindzya_protiv_dlinnogo_starika_ego_pomoshnikov_karlikov_i_blestyashih_sharov.fb2.zip</filename>
	<title>без автора. Черепашки-ниндзя против Длинного Старика, его помощников карликов и блестящих шаров</title>
</book>
<book>
	<filename>bez_avtora_/bez_avtora__cherepashkinindzya_protiv_zloveshego_duha_mertvecov.fb2.zip</filename>
	<title>без автора. Черепашки-ниндзя против Зловещего Духа Мертвецов</title>
</book>
<book>
	<filename>bez_avtora_/bez_avtora__doch_padishaha_peri.fb2.zip</filename>
	<title>без автора. Дочь падишаха пери</title>
</book>
<book>
	<filename>bez_avtora_/bez_avtora__dvadcat_chetyre_osnovnye_pasyansa_s_dvadcatyu_tablicami.fb2.zip</filename>
	<title>без автора. Двадцать четыре основные пасьянса с двадцатью таблицами</title>
</book>
<book>
	<filename>bez_avtora_/bez_avtora__gnezdo_prestupnikov_pod_nebesami.fb2.zip</filename>
	<title>без автора. Гнездо преступников под небесами</title>
</book>
<book>
	<filename>bez_avtora_/bez_avtora__gruzinskaya_kuhnya.fb2.zip</filename>
	<title>без автора. Грузинская кухня</title>
</book>
<book>
	<filename>bez_avtora_/bez_avtora__informacionnye_voiny_i_budushee.fb2.zip</filename>
	<title>без автора. Информационные войны и будущее</title>
</book>
<book>
	<filename>bez_avtora_/bez_avtora__istoriya_hitrogo_pluta_lisa_reinarda.fb2.zip</filename>
	<title>Без автора. История хитрого плута, лиса Рейнарда</title>
</book>
<book>
	<filename>bez_avtora_/bez_avtora__isye_monogatari.fb2.zip</filename>
	<title>без автора. Исэ моногатари</title>
</book>
<book>
	<filename>bez_avtora_/bez_avtora__kak_voznikla_bibliya.fb2.zip</filename>
	<title>без автора. Как возникла Библия</title>
</book>
<book>
	<filename>bez_avtora_/bez_avtora__krovavyi_altar.fb2.zip</filename>
	<title>без автора. Кровавый алтарь</title>
</book>
<book>
	<filename>bez_avtora_/bez_avtora__mify_indeicev_yuzhnoi_ameriki_kniga_dlya_vzroslyh.fb2.zip</filename>
	<title>без автора. Мифы индейцев Южной Америки. Книга для взрослых</title>
</book>
<book>
	<filename>bez_avtora_/bez_avtora__nishii_i_kupec.fb2.zip</filename>
	<title>без автора. Нищий и купец</title>
</book>
<book>
	<filename>bez_avtora_/bez_avtora__oshibka_pinkertona.fb2.zip</filename>
	<title>без автора. Ошибка Пинкертона</title>
</book>
<book>
	<filename>bez_avtora_/bez_avtora__otrechenie_nikolaya_ii_vospominaniya_ochevidcev.fb2.zip</filename>
	<title>без автора. Отречение Николая II. Воспоминания очевидцев</title>
</book>
<book>
	<filename>bez_avtora_/bez_avtora__pinkerton_v_grobu.fb2.zip</filename>
	<title>без автора. Пинкертон в гробу</title>
</book>
<book>
	<filename>bez_avtora_/bez_avtora__pishevye_dobavki_krasiteli_i_konservanty.fb2.zip</filename>
	<title>без автора. Пищевые добавки, красители и консерванты</title>
</book>
<book>
	<filename>bez_avtora_/bez_avtora__plutovka_iz_bagdada.fb2.zip</filename>
	<title>без автора. Плутовка из Багдада</title>
</book>
<book>
	<filename>bez_avtora_/bez_avtora__pohititel_detei.fb2.zip</filename>
	<title>без автора. Похититель детей</title>
</book>
<book>
	<filename>bez_avtora_/bez_avtora__pokushenie_na_prezidenta.fb2.zip</filename>
	<title>без автора. Покушение на президента</title>
</book>
<book>
	<filename>bez_avtora_/bez_avtora__popolvuh.fb2.zip</filename>
	<title>без автора. Пополь-Вух</title>
</book>
<book>
	<filename>bez_avtora_/bez_avtora__povest_o_prekrasnoi_otikubo.fb2.zip</filename>
	<title>без автора. Повесть о прекрасной Отикубо</title>
</book>
<book>
	<filename>bez_avtora_/bez_avtora__priklyucheniya_robin_guda.fb2.zip</filename>
	<title>без автора. Приключения Робин Гуда</title>
</book>
<book>
	<filename>bez_avtora_/bez_avtora__proekt_rossiya.fb2.zip</filename>
	<title>без автора. Проект Россия</title>
</book>
<book>
	<filename>bez_avtora_/bez_avtora__rasskaz_o_selimeyuvelire.fb2.zip</filename>
	<title>без автора. Рассказ о Селиме-ювелире</title>
</book>
<book>
	<filename>bez_avtora_/bez_avtora__skazki_popugaya.fb2.zip</filename>
	<title>без автора. Сказки попугая</title>
</book>
<book>
	<filename>bez_avtora_/bez_avtora__slovo_o_polku_igoreve.fb2.zip</filename>
	<title>без автора. Слово о полку Игореве</title>
</book>
<book>
	<filename>bez_avtora_/bez_avtora__slovo_o_polku_igoreve_igorya_syna_svyatoslavlya_vnuka_olgova.fb2.zip</filename>
	<title>без автора. Слово о полку Игореве, Игоря сына Святославля, внука Ольгова</title>
</book>
<book>
	<filename>bez_avtora_/bez_avtora__son_v_nefritovom_pavilone.fb2.zip</filename>
	<title>без автора. Сон в Нефритовом павильоне</title>
</book>
<book>
	<filename>bez_avtora_/bez_avtora__sovety_po_stroitelstvu_bani.fb2.zip</filename>
	<title>без автора. Советы по строительству бани</title>
</book>
<book>
	<filename>bez_avtora_/bez_avtora__stalnoe_zhalo.fb2.zip</filename>
	<title>без автора. Стальное жало</title>
</book>
<book>
	<filename>bez_avtora_/bez_avtora__tigr_sobornogo_prazdnika.fb2.zip</filename>
	<title>без автора. Тигр соборного праздника</title>
</book>
<book>
	<filename>bez_avtora_/bez_avtora__tri_druga.fb2.zip</filename>
	<title>без автора. Три друга</title>
</book>
<book>
	<filename>bez_avtora_/bez_avtora__tysyacha_i_odna_noch.fb2.zip</filename>
	<title>без автора. Тысяча И Одна Ночь</title>
</book>
<book>
	<filename>bez_avtora_/bez_avtora__velesova_kniga.fb2.zip</filename>
	<title>без автора. Велесова Книга</title>
</book>
<book>
	<filename>bez_avtora_/bez_avtora__v_pogone_za_prestupnikom.fb2.zip</filename>
	<title>без автора. В погоне за преступником</title>
</book>
<book>
	<filename>bez_avtora_/bez_avtora__yamatomonogatari.fb2.zip</filename>
	<title>без автора. Ямато-моногатари</title>
</book>
<book>
	<filename>bez_avtora_/bez_avtora__zagovor_prestupnikov.fb2.zip</filename>
	<title>без автора. Заговор преступников</title>
</book>
<book>
	<filename>bez_avtora_/bez_avtora__zhizneopisanie_sofokla.fb2.zip</filename>
	<title>без автора. Жизнеописание Софокла</title>
</book>
<book>
	<filename>bez_avtora_/bez_avtora__zhizn_i_priklyucheniya_ali_zibaka.fb2.zip</filename>
	<title>без автора. Жизнь и приключения Али Зибака</title>
</book>
<book>
	<filename>bez_avtora_/bez_avtora__zlodei_grizam.fb2.zip</filename>
	<title>без автора. Злодей Гризам</title>
</book>
<book>
	<filename>bezuglov_anatolii/bezuglov_anatolii_chyornaya_vdova.fb2.zip</filename>
	<title>Безуглов Анатолий Алексеевич. Чёрная вдова</title>
</book>
<book>
	<filename>bezuglov_anatolii/bezuglov_anatolii_izuver.fb2.zip</filename>
	<title>Безуглов Анатолий Алексеевич. Изувер</title>
</book>
<book>
	<filename>bezuglov_anatolii/bezuglov_anatolii_priklyucheniya_na_obitaemom_ostrove.fb2.zip</filename>
	<title>Безуглов Анатолий Алексеевич. Приключения на обитаемом острове</title>
</book>
<book>
	<filename>bezuglov_anatolii/bezuglov_anatolii_sledovatel_po_osobo_vazhnym_delam.fb2.zip</filename>
	<title>Безуглов Анатолий Алексеевич. Следователь по особо важным делам</title>
</book>
<book>
	<filename>bezuglov_anatolii/bezuglov_anatolii_zapiski_prokurora.fb2.zip</filename>
	<title>Безуглов Анатолий Алексеевич. Записки прокурора</title>
</book>
<book>
	<filename>bezuglov_anatolii/bezuglov_anatolii_za_strokoi_prigovora.fb2.zip</filename>
	<title>Безуглов Анатолий Алексеевич. За строкой приговора…</title>
</book>
<book>
	<filename>bezymenskii_lev/bezymenskii_lev_gitler_i_stalin_pered_shvatkoi.fb2.zip</filename>
	<title>Безыменский Лев. Гитлер и Сталин перед схваткой</title>
</book>
<book>
	<filename>bezymenskii_lev/bezymenskii_lev_operaciya_mif.fb2.zip</filename>
	<title>Безыменский Лев. Операция «Миф»</title>
</book>
<book>
	<filename>bezymyannyi_vladimir/bezymyannyi_vladimir_manyak.fb2.zip</filename>
	<title>Безымянный Владимир. Маньяк</title>
</book>
<book>
	<filename>bezymyannyi_vladimir/bezymyannyi_vladimir_smert_otbrasyvaet_ten.fb2.zip</filename>
	<title>Безымянный Владимир. Смерть отбрасывает тень</title>
</book>
<book>
	<filename>bezymyannyi_vladimir/bezymyannyi_vladimir_teni_v_labirinte.fb2.zip</filename>
	<title>Безымянный Владимир. Тени в лабиринте</title>
</book>
<book>
	<filename>bezymyannyi_vladimir/bezymyannyi_vladimir_ubiistvo_v_antrakte.fb2.zip</filename>
	<title>Безымянный Владимир. Убийство в антракте</title>
</book>
<book>
	<filename>bezymyannyi_vladimir/bezymyannyi_vladimir_vyigrysh_smert.fb2.zip</filename>
	<title>Безымянный Владимир. Выигрыш — смерть</title>
</book>
<book>
	<filename>bezymyannyi_vladimir/bezymyannyi_vladimir_zagadka_akvalanga.fb2.zip</filename>
	<title>Безымянный Владимир. Загадка акваланга</title>
</book>
<book>
	<filename>bianki_vitalii/bianki_vitalii_kto_chem_poet.fb2.zip</filename>
	<title>Бианки Виталий Валентинович. Кто чем поет?</title>
</book>
<book>
	<filename>bianki_vitalii/bianki_vitalii_rasskazy_i_skazki.fb2.zip</filename>
	<title>Бианки Виталий Валентинович. Рассказы и сказки</title>
</book>
<book>
	<filename>bibbi_dzheims/bibbi_dzheims_amulet.fb2.zip</filename>
	<title>Бибби Джеймс. Амулет</title>
</book>
<book>
	<filename>bibbi_dzheims/bibbi_dzheims_mest_ronana.fb2.zip</filename>
	<title>Бибби Джеймс. Месть Ронана</title>
</book>
<book>
	<filename>bibbi_dzheims/bibbi_dzheims_ronanvarvar.fb2.zip</filename>
	<title>Бибби Джеймс. Ронан-варвар</title>
</book>
<book>
	<filename>bibbi_dzheims/bibbi_dzheims_spasenie_ronana.fb2.zip</filename>
	<title>Бибби Джеймс. Спасение Ронана</title>
</book>
<book>
	<filename>bibliya_/bibliya__bibliya.fb2.zip</filename>
	<title>Библия. Библия</title>
</book>
<book>
	<filename>bibliya_/bibliya__bibliya_pereskazannaya_detyam_starshego_vozrasta.fb2.zip</filename>
	<title>Библия. Библия, пересказанная детям старшего возраста</title>
</book>
<book>
	<filename>bibliya_/bibliya__bibliya_pereskazannaya_detyam_starshego_vozrasta_novyi_zavet_illyustracii_yulius_shnorr_fon_karolsfeld.fb2.zip</filename>
	<title>Библия. Библия, пересказанная детям старшего возраста. Новый завет (Иллюстрации — Юлиус Шнорр фон Карольсфельд)</title>
</book>
<book>
	<filename>bibliya_/bibliya__bibliya_pereskazannaya_detyam_starshego_vozrasta_vethii_zavet_chast_pervaya_illyustracii_yulius_shnorr_fon_karolsfeld.fb2.zip</filename>
	<title>Библия. Библия, пересказанная детям старшего возраста. Ветхий завет. Часть первая (Иллюстрации — Юлиус Шнорр фон Карольсфельд)</title>
</book>
<book>
	<filename>bibliya_/bibliya__bibliya_pereskazannaya_detyam_starshego_vozrasta_vethii_zavet_chast_vtoraya_illyustracii_yulius_shnorr_fon_karolsfeld.fb2.zip</filename>
	<title>Библия. Библия, пересказанная детям старшего возраста. Ветхий завет. Часть вторая (Иллюстрации — Юлиус Шнорр фон Карольсфельд)</title>
</book>

</books>

