<?xml version="1.0" encoding="UTF-8" ?>
<books>

<book>
	<filename>chabanenko_svetlana/chabanenko_svetlana_massazh_pri_nervnyh_zabolevaniyah.fb2.zip</filename>
	<title> Чабаненко Светлана Николаевна. Массаж при нервных заболеваниях</title>
</book>
<book>
	<filename>chabanenko_svetlana/chabanenko_svetlana_massazh_pri_polovyh_rasstroistvah.fb2.zip</filename>
	<title> Чабаненко Светлана Николаевна. Массаж при половых расстройствах</title>
</book>
<book>
	<filename>chabanenko_svetlana/chabanenko_svetlana_massazh_pri_radikulitah.fb2.zip</filename>
	<title> Чабаненко Светлана Николаевна. Массаж при радикулитах</title>
</book>
<book>
	<filename>chabanenko_svetlana/chabanenko_svetlana_massazh_pri_zabolevaniyah_organov_dyhaniya.fb2.zip</filename>
	<title> Чабаненко Светлана Николаевна. Массаж при заболеваниях органов дыхания</title>
</book>
<book>
	<filename>chabanenko_svetlana/chabanenko_svetlana_massazh_pri_zabolevaniyah_organov_pishevareniya.fb2.zip</filename>
	<title> Чабаненко Светлана Николаевна. Массаж при заболеваниях органов пищеварения</title>
</book>
<book>
	<filename>chadovich_nikolai/chadovich_nikolai_poryadok_registracii.fb2.zip</filename>
	<title> Чадович Николай Трофимович. Порядок регистрации</title>
</book>
<book>
	<filename>chadovich_nikolai/chadovich_nikolai_poselok_na_krayu_galaktiki.fb2.zip</filename>
	<title> Чадович Николай Трофимович. Поселок на краю Галактики</title>
</book>
<book>
	<filename>chadovich_nikolai/chadovich_nikolai_rukopis_zateryavshayasya_v_arhive.fb2.zip</filename>
	<title> Чадович Николай Трофимович. Рукопись, затерявшаяся в архиве</title>
</book>
<book>
	<filename>chadovich_nikolai/chadovich_nikolai_shepki_plahi_oskolki_sekiry.fb2.zip</filename>
	<title> Чадович Николай Трофимович. Щепки плахи, осколки секиры</title>
</book>
<book>
	<filename>chadovich_nikolai/chadovich_nikolai_vlasteliny_vselennoi.fb2.zip</filename>
	<title> Чадович Николай Трофимович. Властелины Вселенной</title>
</book>
<book>
	<filename>chadovich_nikolai/chadovich_nikolai_zhizn_kosti_zhmurkina_ili_genii_zlonravnoi_lyubvi.fb2.zip</filename>
	<title> Чадович Николай Трофимович. Жизнь Кости Жмуркина, или Гений злонравной любви</title>
</book>
<book>
	<filename>chagulova_ye/chagulova_ye_aforizmy_velikih_o_bogatstve_i_udache.fb2.zip</filename>
	<title> Чагулова Э. В. Афоризмы великих о богатстве и удаче</title>
</book>
<book>
	<filename>chagulova_ye/chagulova_ye_aforizmy_velikih_o_muzhchinah_umnyh_silnyh_i_takih_raznyh.fb2.zip</filename>
	<title> Чагулова Э. В. Афоризмы великих о мужчинах, умных, сильных и таких разных</title>
</book>
<book>
	<filename>chagulova_ye/chagulova_ye_aforizmy_velikih_o_seme_i_brake.fb2.zip</filename>
	<title> Чагулова Э. В. Афоризмы великих о семье и браке</title>
</book>
<book>
	<filename>chagulova_ye/chagulova_ye_aforizmy_velikih_o_smysle_zhizni_dobre_i_zle.fb2.zip</filename>
	<title> Чагулова Э. В. Афоризмы великих о смысле жизни, добре и зле</title>
</book>
<book>
	<filename>chaika_semen/chaika_semen_mezhdu_seksom_i_lyubovyu.fb2.zip</filename>
	<title> Чайка Семен. Между сексом и любовью</title>
</book>
<book>
	<filename>chapov_a/chapov_a_stop_azartnye_igry.fb2.zip</filename>
	<title> Чапов А. И. Стоп! Азартные игры!</title>
</book>
<book>
	<filename>chebaeva_svetlana/chebaeva_svetlana_555_novyh_pozdravlenii_v_stihah.fb2.zip</filename>
	<title> Чебаева Светлана Олеговна. 555 новых поздравлений в стихах</title>
</book>
<book>
	<filename>chebaeva_svetlana/chebaeva_svetlana_bogatyi_urozhai_ovoshei_na_vashem_uchastke_v_pomosh_lyubimym_ogorodnikam.fb2.zip</filename>
	<title> Чебаева Светлана Олеговна. Богатый урожай овощей на вашем участке. В помощь любимым огородникам!</title>
</book>
<book>
	<filename>chebaeva_svetlana/chebaeva_svetlana_probiotiki_nezamenimye_pomoshniki_vashemu_organizmu.fb2.zip</filename>
	<title> Чебаева Светлана Олеговна. Пробиотики. Незаменимые помощники вашему организму</title>
</book>
<book>
	<filename>chebaeva_svetlana/chebaeva_svetlana_vse_o_manikyure_i_pedikyure_krasota_i_zdorove_vashih_nogtei.fb2.zip</filename>
	<title> Чебаева Светлана Олеговна. Все о маникюре и педикюре. Красота и здоровье ваших ногтей</title>
</book>
<book>
	<filename>chehonadskaya_svetlana/chehonadskaya_svetlana_amneziya.fb2.zip</filename>
	<title> Чехонадская Светлана. Амнезия</title>
</book>
<book>
	<filename>cheiz_dzheims/cheiz_dzheims_a_chto_budet_so_mnoi.fb2.zip</filename>
	<title> Чейз Джеймс Хэдли. А что будет со мной?</title>
</book>
<book>
	<filename>cheiz_dzheims/cheiz_dzheims_a_zhizn_tak_korotka.fb2.zip</filename>
	<title> Чейз Джеймс Хэдли. А жизнь так коротка</title>
</book>
<book>
	<filename>cheiz_dzheims/cheiz_dzheims_bezzhalostnyi.fb2.zip</filename>
	<title> Чейз Джеймс Хэдли. Безжалостный</title>
</book>
<book>
	<filename>cheiz_dzheims/cheiz_dzheims_chto_skryvalos_za_figovym_listkom.fb2.zip</filename>
	<title> Чейз Джеймс Хэдли. Что скрывалось за фиговым листком</title>
</book>
<book>
	<filename>cheiz_dzheims/cheiz_dzheims_dni_pechali_miss_hallagen.fb2.zip</filename>
	<title> Чейз Джеймс Хэдли. Дни печали мисс Халлаген</title>
</book>
<book>
	<filename>cheiz_dzheims/cheiz_dzheims_grif_ptica_terpelivaya.fb2.zip</filename>
	<title> Чейз Джеймс Хэдли. Гриф – птица терпеливая</title>
</book>
<book>
	<filename>cheiz_dzheims/cheiz_dzheims_hitryi_kak_lis.fb2.zip</filename>
	<title> Чейз Джеймс Хэдли. Хитрый, как лис</title>
</book>
<book>
	<filename>cheiz_dzheims/cheiz_dzheims_i_odnazhdy_oni_postuchatsya.fb2.zip</filename>
	<title> Чейз Джеймс Хэдли. И однажды они постучатся</title>
</book>
<book>
	<filename>cheiz_dzheims/cheiz_dzheims_itak_moya_milaya.fb2.zip</filename>
	<title> Чейз Джеймс Хэдли. Итак, моя милая…</title>
</book>
<book>
	<filename>cheiz_dzheims/cheiz_dzheims_i_vy_budete_redaktorom_otdela.fb2.zip</filename>
	<title> Чейз Джеймс Хэдли. …И вы будете редактором отдела</title>
</book>
<book>
	<filename>cheiz_dzheims/cheiz_dzheims_koechto_po_sluchayu.fb2.zip</filename>
	<title> Чейз Джеймс Хэдли. Кое-что по случаю</title>
</book>
<book>
	<filename>cheiz_dzheims/cheiz_dzheims_konec_bandy_speida.fb2.zip</filename>
	<title> Чейз Джеймс Хэдли. Конец банды Спейда</title>
</book>
<book>
	<filename>cheiz_dzheims/cheiz_dzheims_kto_ostanetsya_zhiv_budet_smeyatsya.fb2.zip</filename>
	<title> Чейз Джеймс Хэдли. Кто останется жив – будет смеяться</title>
</book>
<book>
	<filename>cheiz_dzheims/cheiz_dzheims_nikakih_orhidei_dlya_miss_blendish.fb2.zip</filename>
	<title> Чейз Джеймс Хэдли. Никаких орхидей для мисс Блендиш</title>
</book>
<book>
	<filename>cheiz_dzheims/cheiz_dzheims_nikogda_ne_doveryai_zhenshine.fb2.zip</filename>
	<title> Чейз Джеймс Хэдли. Никогда не доверяй женщине</title>
</book>
<book>
	<filename>cheiz_dzheims/cheiz_dzheims_persten_bordzha.fb2.zip</filename>
	<title> Чейз Джеймс Хэдли. Перстень Борджа</title>
</book>
<book>
	<filename>cheiz_dzheims/cheiz_dzheims_pochemu_vybrali_menya.fb2.zip</filename>
	<title> Чейз Джеймс Хэдли. Почему выбрали меня?</title>
</book>
<book>
	<filename>cheiz_dzheims/cheiz_dzheims_rasskazhite_yeto_ptichkam.fb2.zip</filename>
	<title> Чейз Джеймс Хэдли. Расскажите это птичкам</title>
</book>
<book>
	<filename>cheiz_dzheims/cheiz_dzheims_savan_dlya_svidetelei.fb2.zip</filename>
	<title> Чейз Джеймс Хэдли. Саван для свидетелей</title>
</book>
<book>
	<filename>cheiz_dzheims/cheiz_dzheims_schitai_chto_ty_mertv.fb2.zip</filename>
	<title> Чейз Джеймс Хэдли. Считай, что ты мертв</title>
</book>
<book>
	<filename>cheiz_dzheims/cheiz_dzheims_taina_sokrovish_magaradzhi.fb2.zip</filename>
	<title> Чейз Джеймс Хэдли. Тайна сокровищ магараджи</title>
</book>
<book>
	<filename>cheiz_dzheims/cheiz_dzheims_udar_po_bolnomu_mestu.fb2.zip</filename>
	<title> Чейз Джеймс Хэдли. Ударь по больному месту</title>
</book>
<book>
	<filename>cheiz_dzheims/cheiz_dzheims_ya_hotel_poluchit_million.fb2.zip</filename>
	<title> Чейз Джеймс Хэдли. Я хотел получить миллион</title>
</book>
<book>
	<filename>cheiz_dzheims/cheiz_dzheims_yeto_emu_ni_k_chemu.fb2.zip</filename>
	<title> Чейз Джеймс Хэдли. Это ему ни к чему</title>
</book>
<book>
	<filename>cheiz_dzheims/cheiz_dzheims_zapah_zolota.fb2.zip</filename>
	<title> Чейз Джеймс Хэдли. Запах золота</title>
</book>
<book>
	<filename>chekalov_denis/chekalov_denis_svistyashii_strah.fb2.zip</filename>
	<title> Чекалов Денис. Свистящий Страх</title>
</book>
<book>
	<filename>chekalov_denis/chekalov_denis_ya_hochu_pohudet.fb2.zip</filename>
	<title> Чекалов Денис. Я хочу похудеть</title>
</book>
<book>
	<filename>chekmaev_sergei/chekmaev_sergei_agariki.fb2.zip</filename>
	<title> Чекмаев Сергей Владимирович. Агарики</title>
</book>
<book>
	<filename>chekmaev_sergei/chekmaev_sergei_gladiatory_kamennyh_dzhunglei.fb2.zip</filename>
	<title> Чекмаев Сергей Владимирович. Гладиаторы каменных джунглей</title>
</book>
<book>
	<filename>chekmaev_sergei/chekmaev_sergei_konsul_i_karma.fb2.zip</filename>
	<title> Чекмаев Сергей Владимирович. Консул и карма</title>
</book>
<book>
	<filename>chekmaev_sergei/chekmaev_sergei_my_delaem_novosti.fb2.zip</filename>
	<title> Чекмаев Сергей Владимирович. Мы делаем новости</title>
</book>
<book>
	<filename>chekmaev_sergei/chekmaev_sergei_neterpelivye.fb2.zip</filename>
	<title> Чекмаев Сергей Владимирович. Нетерпеливые</title>
</book>
<book>
	<filename>chekmaev_sergei/chekmaev_sergei_ochevidec.fb2.zip</filename>
	<title> Чекмаев Сергей Владимирович. Очевидец</title>
</book>
<book>
	<filename>chekmaev_sergei/chekmaev_sergei_panaceya.fb2.zip</filename>
	<title> Чекмаев Сергей Владимирович. Панацея</title>
</book>
<book>
	<filename>chekmaev_sergei/chekmaev_sergei_spamella.fb2.zip</filename>
	<title> Чекмаев Сергей Владимирович. Спамелла</title>
</book>
<book>
	<filename>chekmaev_sergei/chekmaev_sergei_timezero_pepel_obetovannyi.fb2.zip</filename>
	<title> Чекмаев Сергей Владимирович. TimeZero. Пепел обетованный</title>
</book>
<book>
	<filename>cheldyshova_nadezhda/cheldyshova_nadezhda_obshaya_psihologiya_shpargalka.fb2.zip</filename>
	<title> Челдышова Надежда Борисовна. Общая психология. Шпаргалка</title>
</book>
<book>
	<filename>cheldyshova_nadezhda/cheldyshova_nadezhda_shpargalka_po_socialnoi_psihologii.fb2.zip</filename>
	<title> Челдышова Надежда Борисовна. Шпаргалка по социальной психологии</title>
</book>
<book>
	<filename>chepurina_mariya/chepurina_mariya_gechevara.fb2.zip</filename>
	<title> Чепурина Мария. Гечевара</title>
</book>
<book>
	<filename>chepurina_mariya/chepurina_mariya_kuda_privodyat_mechty.fb2.zip</filename>
	<title> Чепурина Мария. Куда приводят мечты</title>
</book>
<book>
	<filename>chepurina_mariya/chepurina_mariya_nenastoyashii_pocelui.fb2.zip</filename>
	<title> Чепурина Мария. Ненастоящий поцелуй</title>
</book>
<book>
	<filename>chepurina_mariya/chepurina_mariya_serebryanaya_kniga_romanov_o_lyubvi_dlya_devochek.fb2.zip</filename>
	<title> Чепурина Мария. Серебряная книга романов о любви для девочек</title>
</book>
<book>
	<filename>chepurina_mariya/chepurina_mariya_svidanie_s_chuzhim_parnem.fb2.zip</filename>
	<title> Чепурина Мария. Свидание с чужим парнем</title>
</book>
<book>
	<filename>chepurina_mariya/chepurina_mariya_v_podarok_chudo.fb2.zip</filename>
	<title> Чепурина Мария. В подарок – чудо!</title>
</book>
<book>
	<filename>cherkasov_dmitrii/cherkasov_dmitrii_blagoslovennaya_tma.fb2.zip</filename>
	<title> Черкасов Дмитрий. Благословенная тьма</title>
</book>
<book>
	<filename>cherkasov_dmitrii/cherkasov_dmitrii_parizhskii_desant_poseidona.fb2.zip</filename>
	<title> Черкасов Дмитрий. Парижский десант Посейдона</title>
</book>
<book>
	<filename>cherkasov_dmitrii/cherkasov_dmitrii_sireny_atakuyut.fb2.zip</filename>
	<title> Черкасов Дмитрий. «Сирены» атакуют</title>
</book>
<book>
	<filename>chernaya_galina/chernaya_galina_dzhinniya_protiv.fb2.zip</filename>
	<title> Черная Галина. Джинния против!</title>
</book>
<book>
	<filename>chernaya_galina/chernaya_galina_hroniki_oborotnei.fb2.zip</filename>
	<title> Черная Галина. Хроники оборотней</title>
</book>
<book>
	<filename>chernaya_galina/chernaya_galina_istorii_oborotnei.fb2.zip</filename>
	<title> Черная Галина. Истории оборотней</title>
</book>
<book>
	<filename>chernaya_galina/chernaya_galina_kanikuly_oborotnei.fb2.zip</filename>
	<title> Черная Галина. Каникулы оборотней</title>
</book>
<book>
	<filename>chernaya_galina/chernaya_galina_kladbishe_dressirovannyh_koshek.fb2.zip</filename>
	<title> Черная Галина. Кладбище дрессированных кошек</title>
</book>
<book>
	<filename>chernaya_galina/chernaya_galina_monument_v_chest_velikogo_i_nepovtorimogo.fb2.zip</filename>
	<title> Черная Галина. Монумент в честь Великого и Неповторимого</title>
</book>
<book>
	<filename>chernaya_galina/chernaya_galina_professionalnyi_oboroten.fb2.zip</filename>
	<title> Черная Галина. Профессиональный оборотень</title>
</book>
<book>
	<filename>chernaya_galina/chernaya_galina_vozvrashenie_oborotnei.fb2.zip</filename>
	<title> Черная Галина. Возвращение оборотней</title>
</book>
<book>
	<filename>chernaya_lyudmila/chernaya_lyudmila_antropologicheskii_kod_drevnerusskoi_kultury.fb2.zip</filename>
	<title> Черная Людмила Алексеевна. Антропологический код древнерусской культуры</title>
</book>
<book>
	<filename>chernecov_andrei/chernecov_andrei_gimalaiskii_zigzag.fb2.zip</filename>
	<title> Чернецов Андрей. Гималайский зигзаг</title>
</book>
<book>
	<filename>chernecov_andrei/chernecov_andrei_oskal_anubisa.fb2.zip</filename>
	<title> Чернецов Андрей. Оскал Анубиса</title>
</book>
<book>
	<filename>chernecov_andrei/chernecov_andrei_pesn_kecalya.fb2.zip</filename>
	<title> Чернецов Андрей. Песнь кецаля</title>
</book>
<book>
	<filename>chernigovcev_gleb/chernigovcev_gleb_100_cposobov_naiti_rabotu.fb2.zip</filename>
	<title> Черниговцев Глеб. 100 cпособов найти работу</title>
</book>
<book>
	<filename>chernigovcev_gleb/chernigovcev_gleb_zhizn_bez_stressov_ili_pofigizm_porusski.fb2.zip</filename>
	<title> Черниговцев Глеб. Жизнь без стрессов, или Пофигизм по-русски</title>
</book>
<book>
	<filename>chernobrovkin_aleksandr/chernobrovkin_aleksandr_belbog.fb2.zip</filename>
	<title> Чернобровкин Александр Васильевич. Белбог</title>
</book>
<book>
	<filename>chernobrovkin_aleksandr/chernobrovkin_aleksandr_bortnik.fb2.zip</filename>
	<title> Чернобровкин Александр Васильевич. Бортник</title>
</book>
<book>
	<filename>chernobrovkin_aleksandr/chernobrovkin_aleksandr_byli_drevnih_rusichei.fb2.zip</filename>
	<title> Чернобровкин Александр Васильевич. Были древних русичей</title>
</book>
<book>
	<filename>chernobrovkin_aleksandr/chernobrovkin_aleksandr_chizhik_pyzhik.fb2.zip</filename>
	<title> Чернобровкин Александр Васильевич. Чижик – пыжик</title>
</book>
<book>
	<filename>chernobrovkin_aleksandr/chernobrovkin_aleksandr_chumak.fb2.zip</filename>
	<title> Чернобровкин Александр Васильевич. Чумак</title>
</book>
<book>
	<filename>chernobrovkin_aleksandr/chernobrovkin_aleksandr_dennica.fb2.zip</filename>
	<title> Чернобровкин Александр Васильевич. Денница</title>
</book>
<book>
	<filename>chernobrovkin_aleksandr/chernobrovkin_aleksandr_kat.fb2.zip</filename>
	<title> Чернобровкин Александр Васильевич. Кат</title>
</book>
<book>
	<filename>chernobrovkin_aleksandr/chernobrovkin_aleksandr_kinsler_otdyhaet.fb2.zip</filename>
	<title> Чернобровкин Александр Васильевич. Кинслер отдыхает</title>
</book>
<book>
	<filename>chernobrovkin_aleksandr/chernobrovkin_aleksandr_kinsler_pikiruet.fb2.zip</filename>
	<title> Чернобровкин Александр Васильевич. Кинслер пикирует</title>
</book>
<book>
	<filename>chernobrovkin_aleksandr/chernobrovkin_aleksandr_manyak.fb2.zip</filename>
	<title> Чернобровкин Александр Васильевич. Маньяк</title>
</book>
<book>
	<filename>chernobrovkin_aleksandr/chernobrovkin_aleksandr_mavka.fb2.zip</filename>
	<title> Чернобровкин Александр Васильевич. Мавка</title>
</book>
<book>
	<filename>chernobrovkin_aleksandr/chernobrovkin_aleksandr_mera_prosheniya.fb2.zip</filename>
	<title> Чернобровкин Александр Васильевич. Мера прощения</title>
</book>
<book>
	<filename>chernobrovkin_aleksandr/chernobrovkin_aleksandr_miroshnik.fb2.zip</filename>
	<title> Чернобровкин Александр Васильевич. Мирошник</title>
</book>
<book>
	<filename>chernobrovkin_aleksandr/chernobrovkin_aleksandr_naezd.fb2.zip</filename>
	<title> Чернобровкин Александр Васильевич. Наезд</title>
</book>
<book>
	<filename>chernobrovkin_aleksandr/chernobrovkin_aleksandr_pobeg_v_zonu.fb2.zip</filename>
	<title> Чернобровкин Александр Васильевич. Побег в зону</title>
</book>
<book>
	<filename>chernobrovkin_aleksandr/chernobrovkin_aleksandr_poslednemu_kost.fb2.zip</filename>
	<title> Чернобровкин Александр Васильевич. Последнему – кость</title>
</book>
<book>
	<filename>chernobrovkin_aleksandr/chernobrovkin_aleksandr_priklyuchenie_leshego_v_bolshom_gorode.fb2.zip</filename>
	<title> Чернобровкин Александр Васильевич. Приключение Лешего в большом городе</title>
</book>
<book>
	<filename>chernobrovkin_aleksandr/chernobrovkin_aleksandr_skomoroh.fb2.zip</filename>
	<title> Чернобровкин Александр Васильевич. Скоморох</title>
</book>
<book>
	<filename>chernobrovkin_aleksandr/chernobrovkin_aleksandr_slovo_o_grade_putivle.fb2.zip</filename>
	<title> Чернобровкин Александр Васильевич. Слово о граде Путивле</title>
</book>
<book>
	<filename>chernobrovkin_aleksandr/chernobrovkin_aleksandr_tat.fb2.zip</filename>
	<title> Чернобровкин Александр Васильевич. Тать</title>
</book>
<book>
	<filename>chernobrovkin_aleksandr/chernobrovkin_aleksandr_tolmach.fb2.zip</filename>
	<title> Чернобровкин Александр Васильевич. Толмач</title>
</book>
<book>
	<filename>chernobrovkin_aleksandr/chernobrovkin_aleksandr_vedun.fb2.zip</filename>
	<title> Чернобровкин Александр Васильевич. Ведун</title>
</book>
<book>
	<filename>chernobrovkin_aleksandr/chernobrovkin_aleksandr_vesh.fb2.zip</filename>
	<title> Чернобровкин Александр Васильевич. Вещь</title>
</book>
<book>
	<filename>chernobrovkin_aleksandr/chernobrovkin_aleksandr_volhv.fb2.zip</filename>
	<title> Чернобровкин Александр Васильевич. Волхв</title>
</book>
<book>
	<filename>chernobrovkin_aleksandr/chernobrovkin_aleksandr_volkodlak.fb2.zip</filename>
	<title> Чернобровкин Александр Васильевич. Волкодлак</title>
</book>
<book>
	<filename>chernobrovkin_aleksandr/chernobrovkin_aleksandr_vremya_nol.fb2.zip</filename>
	<title> Чернобровкин Александр Васильевич. Время – ноль</title>
</book>
<book>
	<filename>chernobrovkin_aleksandr/chernobrovkin_aleksandr_vstrecha.fb2.zip</filename>
	<title> Чернобровкин Александр Васильевич. Встреча</title>
</book>
<book>
	<filename>chernobrovkin_aleksandr/chernobrovkin_aleksandr_yaryga.fb2.zip</filename>
	<title> Чернобровкин Александр Васильевич. Ярыга</title>
</book>
<book>
	<filename>chernobrovkin_aleksandr/chernobrovkin_aleksandr_znahar.fb2.zip</filename>
	<title> Чернобровкин Александр Васильевич. Знахарь</title>
</book>
<book>
	<filename>chernogaeva_olga/chernogaeva_olga_izbavlenie_ot_cellyulita_za_48_chasov_noveishaya_metodika.fb2.zip</filename>
	<title> Черногаева Ольга Сергеевна. Избавление от целлюлита за 48 часов: Новейшая методика</title>
</book>
<book>
	<filename>chernogaeva_olga/chernogaeva_olga_kak_lechit_zhenskie_bolezni_travami.fb2.zip</filename>
	<title> Черногаева Ольга Сергеевна. Как лечить женские болезни травами</title>
</book>
<book>
	<filename>chernogaeva_olga/chernogaeva_olga_lechenie_zhenskih_boleznei_travami.fb2.zip</filename>
	<title> Черногаева Ольга Сергеевна. Лечение женских болезней травами</title>
</book>
<book>
	<filename>chernyshev_sergei/chernyshev_sergei_krizis_yekspansiya_kak_sozdat_mirovoi_finansovyi_centr_v_rossii.fb2.zip</filename>
	<title> Чернышев Сергей. Кризис? Экспансия! Как создать мировой финансовый центр в России</title>
</book>
<book>
	<filename>chernyshev_sergei/chernyshev_sergei_rossiya_suverennaya_kak_zarabotat_vmeste_so_stranoi.fb2.zip</filename>
	<title> Чернышев Сергей. Россия суверенная. Как заработать вместе со страной</title>
</book>
<book>
	<filename>chernyshova_anastasiya/chernyshova_anastasiya_dieta_dlya_molodoi_mamy.fb2.zip</filename>
	<title> Чернышова Анастасия. Диета для молодой мамы</title>
</book>
<book>
	<filename>cherri_kyerolain/cherri_kyerolain_40_000_na_geene.fb2.zip</filename>
	<title> Черри Кэролайн. 40 000 на Геене</title>
</book>
<book>
	<filename>cherri_kyerolain/cherri_kyerolain_saitin_izmena.fb2.zip</filename>
	<title> Черри Кэролайн. Сайтин: Измена</title>
</book>
<book>
	<filename>cherushev_nikolai/cherushev_nikolai_1937_god_yelita_krasnoi_armii_na_golgofe.fb2.zip</filename>
	<title> Черушев Николай Семенович. 1937 год: Элита Красной Армии на Голгофе</title>
</book>
<book>
	<filename>cheryasova_irina/cheryasova_irina_zabavnye_psihologicheskie_testy_dlya_lyuboi_vecherinki.fb2.zip</filename>
	<title> Черясова Ирина Александровна. Забавные психологические тесты для любой вечеринки</title>
</book>
<book>
	<filename>cheshko_fedor/cheshko_fedor_chetyre_uha_i_blestyashii_durak.fb2.zip</filename>
	<title> Чешко Федор Федорович. Четыре уха и блестящий дурак</title>
</book>
<book>
	<filename>cheshko_fedor/cheshko_fedor_informacionnaya_voina_istoriya_protiv_istorikov.fb2.zip</filename>
	<title> Чешко Федор Федорович. Информационная война: история против историков</title>
</book>
<book>
	<filename>cheshko_fedor/cheshko_fedor_tehnika_v_rukah_dikarya_kak_i_otkuda.fb2.zip</filename>
	<title> Чешко Федор Федорович. Техника в руках дикаря: как и откуда?</title>
</book>
<book>
	<filename>chesterfild_filipp/chesterfild_filipp_pisma_k_synu.fb2.zip</filename>
	<title> Честерфилд Филипп Дормер Стенхоп. Письма к сыну</title>
</book>
<book>
	<filename>chetkina_ekaterina/chetkina_ekaterina_striptizersha.fb2.zip</filename>
	<title> Четкина Екатерина. Стриптизерша</title>
</book>
<book>
	<filename>chilikina_l/chilikina_l_yekzoticheskaya_korotkosherstnaya_koshka.fb2.zip</filename>
	<title> Чиликина Л. А. Экзотическая короткошерстная кошка</title>
</book>
<book>
	<filename>chinko_v/chinko_v_tamozhennoe_pravo.fb2.zip</filename>
	<title> Чинько В. А. Таможенное право</title>
</book>
<book>
	<filename>chipurenko_e/chipurenko_e_nalogovaya_nagruzka_predpriyatiya_analiz_raschet_upravlenie.fb2.zip</filename>
	<title> Чипуренко Е. В. Налоговая нагрузка предприятия: анализ, расчет, управление</title>
</book>
<book>
	<filename>chizhova_elena/chizhova_elena_vremya_zhenshin_sbornik.fb2.zip</filename>
	<title> Чижова Елена. Время женщин (сборник)</title>
</book>
<book>
	<filename>choizhinimaeva_svetlana/choizhinimaeva_svetlana_bolezni_bolshih_lyudei_ili_chto_takoe_sliz.fb2.zip</filename>
	<title> Чойжинимаева Светлана. Болезни больших людей, или Что такое слизь?</title>
</book>
<book>
	<filename>choizhinimaeva_svetlana/choizhinimaeva_svetlana_bolezni_nervnyh_lyudei_ili_otkuda_duet_veter.fb2.zip</filename>
	<title> Чойжинимаева Светлана. Болезни нервных людей, или Откуда дует ветер?</title>
</book>
<book>
	<filename>chubaha_igor/chubaha_igor_pepel_i_zoloto_akely.fb2.zip</filename>
	<title> Чубаха Игорь. Пепел и золото Акелы</title>
</book>
<book>
	<filename>chubaha_igor/chubaha_igor_rimskaya_ruletka.fb2.zip</filename>
	<title> Чубаха Игорь. Римская рулетка</title>
</book>
<book>
	<filename>chubaha_igor/chubaha_igor_smotryashii_po_nevole.fb2.zip</filename>
	<title> Чубаха Игорь. Смотрящий по неволе</title>
</book>
<book>
	<filename>chubaha_igor/chubaha_igor_zheleznaya_koza.fb2.zip</filename>
	<title> Чубаха Игорь. Железная коза</title>
</book>
<book>
	<filename>chudakova_mariyetta/chudakova_mariyetta_ne_dlya_vzroslyh_vremya_chitat.fb2.zip</filename>
	<title> Чудакова Мариэтта. Не для взрослых. Время читать!</title>
</book>
<book>
	<filename>chudnova_anna/chudnova_anna_81_molitva_na_bystruyu_pomosh_kotoraya_zashitit_vas_ot_bedy_pomozhet_v_neschaste_i_ukazhet_dorogu_k_luchshei_zhizni.fb2.zip</filename>
	<title> Чуднова Анна. 81 молитва на быструю помощь, которая защитит вас от беды, поможет в несчастье и укажет дорогу к лучшей жизни</title>
</book>
<book>
	<filename>chudnova_anna/chudnova_anna_nastoyashaya_pomosh_v_trudnyi_chas_pomosh_teh_kto_vsegda_pomogal_lyudyam_yenciklopediya_samyh_pochitaemyh_svyatyh.fb2.zip</filename>
	<title> Чуднова Анна. Настоящая помощь в трудный час. Помощь тех, кто всегда помогал людям! Энциклопедия самых почитаемых святых</title>
</book>
<book>
	<filename>chudnova_anna/chudnova_anna_tri_glavnye_ikony_pomogayushie_perezhit_trudnye_vremena.fb2.zip</filename>
	<title> Чуднова Анна. Три главные иконы, помогающие пережить трудные времена</title>
</book>
<book>
	<filename>chudnova_anna/chudnova_anna_vam_pomozhet_svyataya_blazhennaya_matrona_moskovskaya.fb2.zip</filename>
	<title> Чуднова Анна. Вам поможет святая блаженная Матрона Московская</title>
</book>
<book>
	<filename>chukovskaya_lidiya/chukovskaya_lidiya_procherk.fb2.zip</filename>
	<title> Чуковская Лидия Корнеевна. Прочерк</title>
</book>
<book>
	<filename>chukovskii_nikolai/chukovskii_nikolai_baltiiskoe_nebo.fb2.zip</filename>
	<title> Чуковский Николай Корнеевич. Балтийское небо</title>
</book>
<book>
	<filename>chukovskii_nikolai/chukovskii_nikolai_cvela_zemlyanika.fb2.zip</filename>
	<title> Чуковский Николай Корнеевич. Цвела земляника</title>
</book>
<book>
	<filename>chukovskii_nikolai/chukovskii_nikolai_devochkazhizn.fb2.zip</filename>
	<title> Чуковский Николай Корнеевич. Девочка-жизнь</title>
</book>
<book>
	<filename>chukovskii_nikolai/chukovskii_nikolai_devyat_bratev.fb2.zip</filename>
	<title> Чуковский Николай Корнеевич. Девять братьев</title>
</book>
<book>
	<filename>chukovskii_nikolai/chukovskii_nikolai_devyat_bratev_sbornik.fb2.zip</filename>
	<title> Чуковский Николай Корнеевич. Девять братьев (сборник)</title>
</book>
<book>
	<filename>chukovskii_nikolai/chukovskii_nikolai_dvoe.fb2.zip</filename>
	<title> Чуковский Николай Корнеевич. Двое</title>
</book>
<book>
	<filename>chukovskii_nikolai/chukovskii_nikolai_kait.fb2.zip</filename>
	<title> Чуковский Николай Корнеевич. Кайт</title>
</book>
<book>
	<filename>chukovskii_nikolai/chukovskii_nikolai_rannim_utrom.fb2.zip</filename>
	<title> Чуковский Николай Корнеевич. Ранним утром</title>
</book>
<book>
	<filename>chukovskii_nikolai/chukovskii_nikolai_sestra.fb2.zip</filename>
	<title> Чуковский Николай Корнеевич. Сестра</title>
</book>
<book>
	<filename>chukovskii_nikolai/chukovskii_nikolai_trudna_lyubov.fb2.zip</filename>
	<title> Чуковский Николай Корнеевич. Трудна любовь</title>
</book>
<book>
	<filename>chukovskii_nikolai/chukovskii_nikolai_varya.fb2.zip</filename>
	<title> Чуковский Николай Корнеевич. Варя</title>
</book>
<book>
	<filename>chukovskii_nikolai/chukovskii_nikolai_v_poslednie_dni.fb2.zip</filename>
	<title> Чуковский Николай Корнеевич. В последние дни</title>
</book>
<book>
	<filename>chulaki_mihail/chulaki_mihail_borisogleb.fb2.zip</filename>
	<title> Чулаки Михаил. Борисоглеб</title>
</book>
<book>
	<filename>chulaki_mihail/chulaki_mihail_vo_imya_mati_dochi_i_svyatoi_dushi.fb2.zip</filename>
	<title> Чулаки Михаил. Во имя Мати, Дочи и Святой души</title>
</book>
<book>
	<filename>chulkov_leonid/chulkov_leonid_100_raznoobraznyh_orgazmov_v_techenie_mesyaca.fb2.zip</filename>
	<title> Чулков Леонид. 100 разнообразных оргазмов в течение месяца</title>
</book>
<book>
	<filename>chulkov_leonid/chulkov_leonid_100_sposobov_bystrogo_udovletvoreniya.fb2.zip</filename>
	<title> Чулков Леонид. 100 способов быстрого удовлетворения</title>
</book>
<book>
	<filename>chulkov_leonid/chulkov_leonid_yeroticheskaya_kulinariya.fb2.zip</filename>
	<title> Чулков Леонид. Эротическая кулинария</title>
</book>
<book>
	<filename>chumakov_valerii/chumakov_valerii_russkii_kapital_ot_demidovyh_do_nobelei.fb2.zip</filename>
	<title> Чумаков Валерий. Русский капитал. От Демидовых до Нобелей</title>
</book>
<book>
	<filename>churina_lyubov/churina_lyubov_makrame_frivolite_prakticheskoe_rukovodstvo.fb2.zip</filename>
	<title> Чурина Любовь Сергеевна. Макраме. Фриволите: Практическое руководство</title>
</book>

</books>
