<?xml version="1.0" encoding="UTF-8" ?>
<books>
<book>
	<filename>dzhons_dzheims/dzhons_dzheims_otnyne_i_vovek.fb2.zip</filename>
	<title>Джонс Джеймс. Отныне и вовек</title>
</book>
<book>
	<filename>dzhons_dzhenni/dzhons_dzhenni_goluboe_pomeste.fb2.zip</filename>
	<title>Джонс Дженни. Голубое поместье</title>
</book>
<book>
	<filename>dzhons_dzhill/dzhons_dzhill_legenda_ozhivaet.fb2.zip</filename>
	<title>Джонс Джилл. Легенда оживает</title>
</book>
<book>
	<filename>dzhons_dzhuliya/dzhons_dzhuliya_charodei_i_durak.fb2.zip</filename>
	<title>Джонс Джулия. Чародей и Дурак</title>
</book>
<book>
	<filename>dzhons_dzhuliya/dzhons_dzhuliya_izmena.fb2.zip</filename>
	<title>Джонс Джулия. Измена</title>
</book>
<book>
	<filename>dzhons_dzhuliya/dzhons_dzhuliya_korona_s_shipami.fb2.zip</filename>
	<title>Джонс Джулия. Корона с шипами</title>
</book>
<book>
	<filename>dzhons_dzhuliya/dzhons_dzhuliya_krepost_serogo_lda.fb2.zip</filename>
	<title>Джонс Джулия. Крепость Серого Льда</title>
</book>
<book>
	<filename>dzhons_dzhuliya/dzhons_dzhuliya_peshera_chernogo_lda.fb2.zip</filename>
	<title>Джонс Джулия. Пещера Черного Льда</title>
</book>
<book>
	<filename>dzhons_dzhuliya/dzhons_dzhuliya_uchenik_pekarya.fb2.zip</filename>
	<title>Джонс Джулия. Ученик пекаря</title>
</book>
<book>
	<filename>dzhons_eva/dzhons_eva_volshebnik_ponevole.fb2.zip</filename>
	<title>Джонс Ева. Волшебник поневоле</title>
</book>
<book>
	<filename>dzhons_kristina/dzhons_kristina_volshebnyi_pirog.fb2.zip</filename>
	<title>Джонс Кристина. Волшебный пирог</title>
</book>
<book>
	<filename>dzhons_marti/dzhons_marti_brak_po_raschetu.fb2.zip</filename>
	<title>Джонс Марти. Брак по расчету</title>
</book>
<book>
	<filename>dzhons_marti/dzhons_marti_padenie_v_rai.fb2.zip</filename>
	<title>Джонс Марти. Падение в рай</title>
</book>
<book>
	<filename>dzhons_nyensi/dzhons_nyensi_molli.fb2.zip</filename>
	<title>Джонс Нэнси. Молли</title>
</book>
<book>
	<filename>dzhonson_alissa/dzhonson_alissa_vkus_greha.fb2.zip</filename>
	<title>Джонсон Алисса. Вкус греха</title>
</book>
<book>
	<filename>dzhonson_diana/dzhonson_diana_brak.fb2.zip</filename>
	<title>Джонсон Диана. Брак</title>
</book>
<book>
	<filename>dzhonson_doroti/dzhonson_doroti_boevaya_rubaha.fb2.zip</filename>
	<title>Джонсон Дороти. Боевая рубаха</title>
</book>
<book>
	<filename>dzhonson_doroti/dzhonson_doroti_chelovek_po_imeni_loshad.fb2.zip</filename>
	<title>Джонсон Дороти. Человек по имени Лошадь</title>
</book>
<book>
	<filename>dzhonson_doroti/dzhonson_doroti_propavshaya_sestra.fb2.zip</filename>
	<title>Джонсон Дороти. Пропавшая сестра</title>
</book>
<book>
	<filename>dzhonson_dzheims/dzhonson_dzheims_luchshii_angliiskii_as.fb2.zip</filename>
	<title>Джонсон Джеймс Эдгар. Лучший английский ас</title>
</book>
<book>
	<filename>dzhonson_oliver/dzhonson_oliver_nashestvie_tenei.fb2.zip</filename>
	<title>Джонсон Оливер. Нашествие теней</title>
</book>
<book>
	<filename>dzhonson_pol/dzhonson_pol_populyarnaya_istoriya_evreev.fb2.zip</filename>
	<title>Джонсон Пол. Популярная история евреев</title>
</book>
<book>
	<filename>dzhonson_polin/dzhonson_polin_zateryannyi_ostrov_i_drugie_istorii.fb2.zip</filename>
	<title>Джонсон Полин. Затерянный остров и другие истории</title>
</book>
<book>
	<filename>dzhonson_sofi/dzhonson_sofi_nevesta_polunochi.fb2.zip</filename>
	<title>Джонсон Софи. Невеста полуночи</title>
</book>
<book>
	<filename>dzhonson_syuzen/dzhonson_syuzen_chistyi_greh.fb2.zip</filename>
	<title>Джонсон Сьюзен. Чистый грех</title>
</book>
<book>
	<filename>dzhonson_syuzen/dzhonson_syuzen_dobrodetel_i_soblazn.fb2.zip</filename>
	<title>Джонсон Сьюзен. Добродетель и соблазн</title>
</book>
<book>
	<filename>dzhonson_syuzen/dzhonson_syuzen_francuzskii_pocelui.fb2.zip</filename>
	<title>Джонсон Сьюзен. Французский поцелуй</title>
</book>
<book>
	<filename>dzhonson_syuzen/dzhonson_syuzen_gotovaya_na_vse.fb2.zip</filename>
	<title>Джонсон Сьюзен. Готовая на все</title>
</book>
<book>
	<filename>dzhonson_syuzen/dzhonson_syuzen_grehovnyi_soblazn.fb2.zip</filename>
	<title>Джонсон Сьюзен. Греховный соблазн</title>
</book>
<book>
	<filename>dzhonson_syuzen/dzhonson_syuzen_greshnica.fb2.zip</filename>
	<title>Джонсон Сьюзен. Грешница</title>
</book>
<book>
	<filename>dzhonson_syuzen/dzhonson_syuzen_kogda_vas_ktoto_lyubit.fb2.zip</filename>
	<title>Джонсон Сьюзен. Когда вас кто-то любит</title>
</book>
<book>
	<filename>dzhonson_syuzen/dzhonson_syuzen_ledi_angel.fb2.zip</filename>
	<title>Джонсон Сьюзен. Леди ангел</title>
</book>
<book>
	<filename>dzhonson_syuzen/dzhonson_syuzen_ledi_i_lord.fb2.zip</filename>
	<title>Джонсон Сьюзен. Леди и лорд</title>
</book>
<book>
	<filename>dzhonson_syuzen/dzhonson_syuzen_lyubovnica_na_nedelyu.fb2.zip</filename>
	<title>Джонсон Сьюзен. Любовница на неделю</title>
</book>
<book>
	<filename>dzhonson_syuzen/dzhonson_syuzen_moi_derzkii_geroi.fb2.zip</filename>
	<title>Джонсон Сьюзен. Мой дерзкий герой</title>
</book>
<book>
	<filename>dzhonson_syuzen/dzhonson_syuzen_nezhnee_shelka.fb2.zip</filename>
	<title>Джонсон Сьюзен. Нежнее шелка</title>
</book>
<book>
	<filename>dzhonson_syuzen/dzhonson_syuzen_nochnye_zabavy.fb2.zip</filename>
	<title>Джонсон Сьюзен. Ночные забавы</title>
</book>
<book>
	<filename>dzhonson_syuzen/dzhonson_syuzen_plamya_strasti.fb2.zip</filename>
	<title>Джонсон Сьюзен. Пламя страсти</title>
</book>
<book>
	<filename>dzhonson_syuzen/dzhonson_syuzen_prikosnovenie_greha.fb2.zip</filename>
	<title>Джонсон Сьюзен. Прикосновение греха</title>
</book>
<book>
	<filename>dzhonson_syuzen/dzhonson_syuzen_pylkii_lyubovnik.fb2.zip</filename>
	<title>Джонсон Сьюзен. Пылкий любовник</title>
</book>
<book>
	<filename>dzhonson_syuzen/dzhonson_syuzen_riskuya_vsem.fb2.zip</filename>
	<title>Джонсон Сьюзен. Рискуя всем</title>
</book>
<book>
	<filename>dzhonson_syuzen/dzhonson_syuzen_serebryanoe_plamya.fb2.zip</filename>
	<title>Джонсон Сьюзен. Серебряное пламя</title>
</book>
<book>
	<filename>dzhonson_syuzen/dzhonson_syuzen_snova_i_snova.fb2.zip</filename>
	<title>Джонсон Сьюзен. Снова и снова</title>
</book>
<book>
	<filename>dzhonson_syuzen/dzhonson_syuzen_soblaznitelnoe_pari.fb2.zip</filename>
	<title>Джонсон Сьюзен. Соблазнительное пари</title>
</book>
<book>
	<filename>dzhonson_syuzen/dzhonson_syuzen_stihiya_strasti.fb2.zip</filename>
	<title>Джонсон Сьюзен. Стихия страсти</title>
</book>
<book>
	<filename>dzhonson_syuzen/dzhonson_syuzen_zapretnyi_plod.fb2.zip</filename>
	<title>Джонсон Сьюзен. Запретный плод</title>
</book>
<book>
	<filename>dzhonson_syuzen/dzhonson_syuzen_zastignutye_grozoi.fb2.zip</filename>
	<title>Джонсон Сьюзен. Застигнутые грозой</title>
</book>
<book>
	<filename>dzhonson_syuzen/dzhonson_syuzen_zhenih_ponevole.fb2.zip</filename>
	<title>Джонсон Сьюзен. Жених поневоле</title>
</book>
<book>
	<filename>dzhons_teilor/dzhons_teilor_siyanie_lyubvi.fb2.zip</filename>
	<title>Джонс Тейлор. Сияние любви</title>
</book>
<book>
	<filename>dzhordan_nikol/dzhordan_nikol_brachnaya_noch.fb2.zip</filename>
	<title>Джордан Николь. Брачная ночь</title>
</book>
<book>
	<filename>dzhordan_nikol/dzhordan_nikol_brak_po_raschetu.fb2.zip</filename>
	<title>Джордан Николь. Брак по расчету</title>
</book>
<book>
	<filename>dzhordan_nikol/dzhordan_nikol_greshnaya_fantaziya.fb2.zip</filename>
	<title>Джордан Николь. Грешная фантазия</title>
</book>
<book>
	<filename>dzhordan_nikol/dzhordan_nikol_greshnye_mechty.fb2.zip</filename>
	<title>Джордан Николь. Грешные мечты</title>
</book>
<book>
	<filename>dzhordan_nikol/dzhordan_nikol_kosnis_menya_ognem.fb2.zip</filename>
	<title>Джордан Николь. Коснись меня огнем</title>
</book>
<book>
	<filename>dzhordan_nikol/dzhordan_nikol_nevinnost_i_soblazn.fb2.zip</filename>
	<title>Джордан Николь. Невинность и соблазн</title>
</book>
<book>
	<filename>dzhordan_nikol/dzhordan_nikol_obolstit_nevestu.fb2.zip</filename>
	<title>Джордан Николь. Обольстить невесту</title>
</book>
<book>
	<filename>dzhordan_nikol/dzhordan_nikol_ocharovatelnaya_dikarka.fb2.zip</filename>
	<title>Джордан Николь. Очаровательная дикарка</title>
</book>
<book>
	<filename>dzhordan_nikol/dzhordan_nikol_ogon_zhelaniya.fb2.zip</filename>
	<title>Джордан Николь. Огонь желания</title>
</book>
<book>
	<filename>dzhordan_nikol/dzhordan_nikol_povelitel_soblazna.fb2.zip</filename>
	<title>Джордан Николь. Повелитель соблазна</title>
</book>
<book>
	<filename>dzhordan_nikol/dzhordan_nikol_povelitel_zhelaniya.fb2.zip</filename>
	<title>Джордан Николь. Повелитель желания</title>
</book>
<book>
	<filename>dzhordan_nikol/dzhordan_nikol_povenchannye_strastyu.fb2.zip</filename>
	<title>Джордан Николь. Повенчанные страстью</title>
</book>
<book>
	<filename>dzhordan_nikol/dzhordan_nikol_princ_naslazhdeniya.fb2.zip</filename>
	<title>Джордан Николь. Принц наслаждения</title>
</book>
<book>
	<filename>dzhordan_nikol/dzhordan_nikol_strastnoe_zhelanie.fb2.zip</filename>
	<title>Джордан Николь. Страстное желание</title>
</book>
<book>
	<filename>dzhordan_nikol/dzhordan_nikol_taina_serdca.fb2.zip</filename>
	<title>Джордан Николь. Тайна сердца</title>
</book>
<book>
	<filename>dzhordan_nikol/dzhordan_nikol_uroki_obolsheniya.fb2.zip</filename>
	<title>Джордан Николь. Уроки обольщения</title>
</book>
<book>
	<filename>dzhordan_nikol/dzhordan_nikol_v_ego_vlasti.fb2.zip</filename>
	<title>Джордан Николь. В его власти</title>
</book>
<book>
	<filename>dzhordan_nikol/dzhordan_nikol_voin.fb2.zip</filename>
	<title>Джордан Николь. Воин</title>
</book>
<book>
	<filename>dzhordan_nikol/dzhordan_nikol_yekstaz.fb2.zip</filename>
	<title>Джордан Николь. Экстаз</title>
</book>
<book>
	<filename>dzhordan_nikol/dzhordan_nikol_zhazhda_illyuzii.fb2.zip</filename>
	<title>Джордан Николь. Жажда иллюзий</title>
</book>
<book>
	<filename>dzhordan_penni/dzhordan_penni_iskusstvo_obolsheniya.fb2.zip</filename>
	<title>Джордан Пенни. Искусство обольщения</title>
</book>
<book>
	<filename>dzhordan_penni/dzhordan_penni_lestnica_na_sedmoe_nebo.fb2.zip</filename>
	<title>Джордан Пенни. Лестница на седьмое небо</title>
</book>
<book>
	<filename>dzhordan_penni/dzhordan_penni_lyubov_pervaya_i_edinstvennaya.fb2.zip</filename>
	<title>Джордан Пенни. Любовь — первая и единственная</title>
</book>
<book>
	<filename>dzhordan_penni/dzhordan_penni_nevesta_dlya_sheiha.fb2.zip</filename>
	<title>Джордан Пенни. Невеста для шейха</title>
</book>
<book>
	<filename>dzhordan_penni/dzhordan_penni_nezhdannaya_lyubov.fb2.zip</filename>
	<title>Джордан Пенни. Нежданная любовь</title>
</book>
<book>
	<filename>dzhordan_penni/dzhordan_penni_pozdnyaya_svadba.fb2.zip</filename>
	<title>Джордан Пенни. Поздняя свадьба</title>
</book>
<book>
	<filename>dzhordan_penni/dzhordan_penni_prevoshodnyi_suprug.fb2.zip</filename>
	<title>Джордан Пенни. Превосходный супруг</title>
</book>
<book>
	<filename>dzhordan_penni/dzhordan_penni_rokovaya_oshibka.fb2.zip</filename>
	<title>Джордан Пенни. Роковая ошибка</title>
</book>
<book>
	<filename>dzhordan_penni/dzhordan_penni_samoe_glavnoe_v_zhizni.fb2.zip</filename>
	<title>Джордан Пенни. Самое главное в жизни</title>
</book>
<book>
	<filename>dzhordan_penni/dzhordan_penni_sekret_parfyumera.fb2.zip</filename>
	<title>Джордан Пенни. Секрет парфюмера</title>
</book>
<book>
	<filename>dzhordan_penni/dzhordan_penni_silnee_obstoyatelstv.fb2.zip</filename>
	<title>Джордан Пенни. Сильнее обстоятельств</title>
</book>
<book>
	<filename>dzhordan_penni/dzhordan_penni_slashe_lyubyh_obeshanii.fb2.zip</filename>
	<title>Джордан Пенни. Слаще любых обещаний</title>
</book>
<book>
	<filename>dzhordan_penni/dzhordan_penni_surovyi_urok.fb2.zip</filename>
	<title>Джордан Пенни. Суровый урок</title>
</book>
<book>
	<filename>dzhordan_penni/dzhordan_penni_test_na_lyubov.fb2.zip</filename>
	<title>Джордан Пенни. Тест на любовь</title>
</book>
<book>
	<filename>dzhordan_penni/dzhordan_penni_ty_dal_mne_vse.fb2.zip</filename>
	<title>Джордан Пенни. Ты дал мне все</title>
</book>
<book>
	<filename>dzhordan_penni/dzhordan_penni_utrennii_kofe_dlya_lyubimoi.fb2.zip</filename>
	<title>Джордан Пенни. Утренний кофе для любимой</title>
</book>
<book>
	<filename>dzhordan_penni/dzhordan_penni_verit_ne_verit.fb2.zip</filename>
	<title>Джордан Пенни. Верит – не верит?</title>
</book>
<book>
	<filename>dzhordan_penni/dzhordan_penni_vozvrashenie_lyubvi.fb2.zip</filename>
	<title>Джордан Пенни. Возвращение любви</title>
</book>
<book>
	<filename>dzhordan_penni/dzhordan_penni_zakon_prityazheniya.fb2.zip</filename>
	<title>Джордан Пенни. Закон притяжения</title>
</book>
<book>
	<filename>dzhordan_robert/dzhordan_robert_chernyi_kamen_amanara.fb2.zip</filename>
	<title>Джордан Роберт. Черный камень Аманара</title>
</book>
<book>
	<filename>dzhordan_robert/dzhordan_robert_konanzastupnik_ten_vlastelina.fb2.zip</filename>
	<title>Джордан Роберт. Конан-заступник (Тень Властелина)</title>
</book>
<book>
	<filename>dzhordan_robert/dzhordan_robert_korona_mechei.fb2.zip</filename>
	<title>Джордан Роберт. Корона мечей</title>
</book>
<book>
	<filename>dzhordan_robert/dzhordan_robert_lovushka_dlya_demona.fb2.zip</filename>
	<title>Джордан Роберт. Ловушка для демона</title>
</book>
<book>
	<filename>dzhordan_robert/dzhordan_robert_novaya_vesna.fb2.zip</filename>
	<title>Джордан Роберт. Новая весна</title>
</book>
<book>
	<filename>dzhordan_robert/dzhordan_robert_nozh_snovidenii.fb2.zip</filename>
	<title>Джордан Роберт. Нож сновидений</title>
</book>
<book>
	<filename>dzhordan_robert/dzhordan_robert_ognennyi_zver.fb2.zip</filename>
	<title>Джордан Роберт. Огненный зверь</title>
</book>
<book>
	<filename>dzhordan_robert/dzhordan_robert_ogni_nebes.fb2.zip</filename>
	<title>Джордан Роберт. Огни Небес</title>
</book>
<book>
	<filename>dzhordan_robert/dzhordan_robert_oko_mira.fb2.zip</filename>
	<title>Джордан Роберт. Око Мира</title>
</book>
<book>
	<filename>dzhordan_robert/dzhordan_robert_perekrestki_sumerek.fb2.zip</filename>
	<title>Джордан Роберт. Перекрестки сумерек</title>
</book>
<book>
	<filename>dzhordan_robert/dzhordan_robert_put_kinzhalov.fb2.zip</filename>
	<title>Джордан Роберт. Путь кинжалов</title>
</book>
<book>
	<filename>dzhordan_robert/dzhordan_robert_razrushitel.fb2.zip</filename>
	<title>Джордан Роберт. Разрушитель</title>
</book>
<book>
	<filename>dzhordan_robert/dzhordan_robert_serdce_haosa.fb2.zip</filename>
	<title>Джордан Роберт. Сердце Хаоса</title>
</book>
<book>
	<filename>dzhordan_robert/dzhordan_robert_serdce_zimy.fb2.zip</filename>
	<title>Джордан Роберт. Сердце зимы</title>
</book>
<book>
	<filename>dzhordan_robert/dzhordan_robert_taina_vrat_alkiira.fb2.zip</filename>
	<title>Джордан Роберт. Тайна врат Аль-Киира</title>
</book>
<book>
	<filename>dzhordan_robert/dzhordan_robert_velikaya_ohota.fb2.zip</filename>
	<title>Джордан Роберт. Великая Охота</title>
</book>
<book>
	<filename>dzhordan_robert/dzhordan_robert_vlastelin_haosa.fb2.zip</filename>
	<title>Джордан Роберт. Властелин Хаоса</title>
</book>
<book>
	<filename>dzhordan_robert/dzhordan_robert_voshodyashaya_ten.fb2.zip</filename>
	<title>Джордан Роберт. Восходящая тень</title>
</book>
<book>
	<filename>dzhordan_robert/dzhordan_robert_vozrozhdennyi_drakon.fb2.zip</filename>
	<title>Джордан Роберт. Возрожденный Дракон</title>
</book>
<book>
	<filename>dzhordan_sofi/dzhordan_sofi_noch_pered_svadboi.fb2.zip</filename>
	<title>Джордан Софи. Ночь перед свадьбой</title>
</book>
<book>
	<filename>dzhordan_sofi/dzhordan_sofi_raschet_ili_strast.fb2.zip</filename>
	<title>Джордан Софи. Расчет или страсть?</title>
</book>
<book>
	<filename>dzhordzh_kyetrin/dzhordzh_kyetrin_francuzskii_pocelui.fb2.zip</filename>
	<title>Джордж Кэтрин. Французский поцелуй</title>
</book>
<book>
	<filename>dzhordzh_kyetrin/dzhordzh_kyetrin_freski_italii.fb2.zip</filename>
	<title>Джордж Кэтрин. Фрески Италии</title>
</book>
<book>
	<filename>dzhordzh_kyetrin/dzhordzh_kyetrin_ispravlenie_povesy.fb2.zip</filename>
	<title>Джордж Кэтрин. Исправление повесы</title>
</book>
<book>
	<filename>dzhordzh_kyetrin/dzhordzh_kyetrin_kovcheg_lyubvi.fb2.zip</filename>
	<title>Джордж Кэтрин. Ковчег любви</title>
</book>
<book>
	<filename>dzhordzh_kyetrin/dzhordzh_kyetrin_krovnye_uzy.fb2.zip</filename>
	<title>Джордж Кэтрин. Кровные узы</title>
</book>
<book>
	<filename>dzhordzh_kyetrin/dzhordzh_kyetrin_kruzheva_strastei.fb2.zip</filename>
	<title>Джордж Кэтрин. Кружева страстей</title>
</book>
<book>
	<filename>dzhordzh_kyetrin/dzhordzh_kyetrin_nikakih_muzhchin.fb2.zip</filename>
	<title>Джордж Кэтрин. Никаких мужчин!</title>
</book>
<book>
	<filename>dzhordzh_kyetrin/dzhordzh_kyetrin_odnazhdy_v_grozu.fb2.zip</filename>
	<title>Джордж Кэтрин. Однажды в грозу…</title>
</book>
<book>
	<filename>dzhordzh_kyetrin/dzhordzh_kyetrin_pod_nebom_venecii.fb2.zip</filename>
	<title>Джордж Кэтрин. Под небом Венеции</title>
</book>
<book>
	<filename>dzhordzh_kyetrin/dzhordzh_kyetrin_povtornaya_pomolvka.fb2.zip</filename>
	<title>Джордж Кэтрин. Повторная помолвка</title>
</book>
<book>
	<filename>dzhordzh_kyetrin/dzhordzh_kyetrin_rozy_dlya_rouz.fb2.zip</filename>
	<title>Джордж Кэтрин. Розы для Роуз</title>
</book>
<book>
	<filename>dzhordzh_kyetrin/dzhordzh_kyetrin_sdelka_s_bossom.fb2.zip</filename>
	<title>Джордж Кэтрин. Сделка с боссом</title>
</book>
<book>
	<filename>dzhordzh_kyetrin/dzhordzh_kyetrin_taina_odnogo_portreta.fb2.zip</filename>
	<title>Джордж Кэтрин. Тайна одного портрета</title>
</book>
<book>
	<filename>dzhordzh_kyetrin/dzhordzh_kyetrin_tvoya_edinstvennaya_lyubov.fb2.zip</filename>
	<title>Джордж Кэтрин. Твоя единственная любовь</title>
</book>
<book>
	<filename>dzhordzh_kyetrin/dzhordzh_kyetrin_v_lyubvi_net_pravil.fb2.zip</filename>
	<title>Джордж Кэтрин. В любви нет правил</title>
</book>
<book>
	<filename>dzhordzh_melani/dzhordzh_melani_edinstvennaya_i_nepovtorimaya.fb2.zip</filename>
	<title>Джордж Мелани. Единственная и неповторимая</title>
</book>
<book>
	<filename>dzhordzh_yelizabet/dzhordzh_yelizabet_mest_pod_raschet.fb2.zip</filename>
	<title>Джордж Элизабет. Месть под расчет</title>
</book>
<book>
	<filename>dzhordzh_yelizabet/dzhordzh_yelizabet_prah_k_prahu.fb2.zip</filename>
	<title>Джордж Элизабет. Прах к праху</title>
</book>
<book>
	<filename>dzhordzh_yelizabet/dzhordzh_yelizabet_radi_eleny.fb2.zip</filename>
	<title>Джордж Элизабет. Ради Елены</title>
</book>
<book>
	<filename>dzhordzh_yelizabet/dzhordzh_yelizabet_rasplata_krovyu.fb2.zip</filename>
	<title>Джордж Элизабет. Расплата кровью</title>
</book>
<book>
	<filename>dzhordzh_yelizabet/dzhordzh_yelizabet_shkola_uzhasov.fb2.zip</filename>
	<title>Джордж Элизабет. Школа ужасов</title>
</book>
<book>
	<filename>dzhordzh_yelizabet/dzhordzh_yelizabet_velikoe_izbavlenie.fb2.zip</filename>
	<title>Джордж Элизабет. Великое избaвление</title>
</book>
<book>
	<filename>dzhordzh_yelizabet/dzhordzh_yelizabet_v_prisutstvii_vraga.fb2.zip</filename>
	<title>Джордж Элизабет. В присутствии врага</title>
</book>
<book>
	<filename>dzhouns_ryeimond/dzhouns_ryeimond_uroven_shuma.fb2.zip</filename>
	<title>Джоунс Рэймонд Ф. Уровень шума</title>
</book>
<book>
	<filename>dzhouns_sandra/dzhouns_sandra_delovoe_soglashenie.fb2.zip</filename>
	<title>Джоунс Сандра. Деловое соглашение</title>
</book>
<book>
	<filename>dzhouns_sandra/dzhouns_sandra_oderzhimye_lyubovyu.fb2.zip</filename>
	<title>Джоунс Сандра. Одержимые любовью</title>
</book>
<book>
	<filename>dzhouns_sandra/dzhouns_sandra_svadba_so_vzlomom.fb2.zip</filename>
	<title>Джоунс Сандра. Свадьба со взломом</title>
</book>
<book>
	<filename>dzhouns_viktoriya/dzhouns_viktoriya_poedinok_revnivcev.fb2.zip</filename>
	<title>Джоунс Виктория. Поединок ревнивцев</title>
</book>
<book>
	<filename>dzhovanoli_rafayelo/dzhovanoli_rafayelo_spartak.fb2.zip</filename>
	<title>Джованьоли Рафаэло. Спартак</title>
</book>
<book>
	<filename>dzhud_dennis/dzhud_dennis_priklyucheniya_dolgovyazogo_dzhona_silvera.fb2.zip</filename>
	<title>Джуд Деннис. Приключения долговязого Джона Сильвера</title>
</book>
<book>
	<filename>dzhugashvili_iosif/dzhugashvili_iosif_kratkaya_biografiya.fb2.zip</filename>
	<title>Джугашвили Иосиф Виссарионович. Краткая биография</title>
</book>
<book>
	<filename>dzhuyell_laiza/dzhuyell_laiza_tridcatnik_i_tolko.fb2.zip</filename>
	<title>Джуэлл Лайза. Тридцатник, и только</title>
</book>
<book>
	<filename>dzhuyell_laiza/dzhuyell_laiza_vstretimsya_u_ralfa.fb2.zip</filename>
	<title>Джуэлл Лайза. Встретимся у Ральфа</title>
</book>
<book>
	<filename>dzhyessep_richard/dzhyessep_richard_temnoe_delo_v_geitvee.fb2.zip</filename>
	<title>Джэссеп Ричард. Темное дело в Гейтвее</title>
</book>

</books>

