<?xml version="1.0" encoding="UTF-8" ?>
<books>
<book>
	<filename>de_sad_donasen/de_sad_donasen_120_dnei_sodoma.fb2.zip</filename>
	<title>Де Сад Донасьен Альфонс Франсуа. 120 дней Содома</title>
</book>
<book>
	<filename>de_sad_donasen/de_sad_donasen_zhyuletta_tom_i.fb2.zip</filename>
	<title>Де Сад Донасьен Альфонс Франсуа. Жюльетта. Том I</title>
</book>
<book>
	<filename>de_sad_donasen/de_sad_donasen_zhyuletta_tom_ii.fb2.zip</filename>
	<title>Де Сад Донасьен Альфонс Франсуа. Жюльетта. Том II</title>
</book>
<book>
	<filename>de_sad_donasen/de_sad_donasen_zhyustina_ili_neschastya_dobrodeteli.fb2.zip</filename>
	<title>Де Сад Донасьен Альфонс Франсуа. Жюстина, или Несчастья добродетели</title>
</book>
<book>
	<filename>de_sad_markiz/de_sad_markiz_zhyuletta_tom_i.fb2.zip</filename>
	<title>де Сад Маркиз. Жюльетта. Том I</title>
</book>
<book>
	<filename>de_sad_markiz/de_sad_markiz_zhyuletta_tom_ii.fb2.zip</filename>
	<title>де Сад Маркиз. Жюльетта. Том II</title>
</book>
<book>
	<filename>de_sad_markiz/de_sad_markiz_zhyustina_ili_neschastya_dobrodeteli.fb2.zip</filename>
	<title>де Сад Маркиз. Жюстина, или Несчастья добродетели</title>
</book>
<book>
	<filename>de_sain_ali/de_sain_ali_vivat_satana.fb2.zip</filename>
	<title>де Сайн Али. Виват, Сатана!</title>
</book>
<book>
	<filename>de_servantes_migel/de_servantes_migel_bditelnyi_strazh.fb2.zip</filename>
	<title>де Сервантес Мигель. Бдительный страж</title>
</book>
<book>
	<filename>de_servantes_migel/de_servantes_migel_biskaecsamozvanec.fb2.zip</filename>
	<title>де Сервантес Мигель. Бискаец-самозванец</title>
</book>
<book>
	<filename>de_servantes_migel/de_servantes_migel_dva_boltuna.fb2.zip</filename>
	<title>де Сервантес Мигель. Два болтуна</title>
</book>
<book>
	<filename>de_servantes_migel/de_servantes_migel_galateya.fb2.zip</filename>
	<title>де Сервантес Мигель. Галaтeя</title>
</book>
<book>
	<filename>de_servantes_migel/de_servantes_migel_hitroumnyi_idalgo_don_kihot_lamanchskii_chast_pervaya.fb2.zip</filename>
	<title>де Сервантес Мигель. Хитроумный идальго Дон Кихот Ламанчский. Часть первая</title>
</book>
<book>
	<filename>de_servantes_migel/de_servantes_migel_hitroumnyi_idalgo_don_kihot_lamanchskii_chast_vtoraya.fb2.zip</filename>
	<title>де Сервантес Мигель. Хитроумный идальго Дон Кихот Ламанчский. Часть вторая</title>
</book>
<book>
	<filename>de_servantes_migel/de_servantes_migel_izbranie_alkaldov_v_daganso.fb2.zip</filename>
	<title>де Сервантес Мигель. Избрание алькальдов в Дагансо</title>
</book>
<book>
	<filename>de_servantes_migel/de_servantes_migel_nazidatelnye_novelly.fb2.zip</filename>
	<title>де Сервантес Мигель. Назидательные новеллы</title>
</book>
<book>
	<filename>de_servantes_migel/de_servantes_migel_numansiya.fb2.zip</filename>
	<title>де Сервантес Мигель. Нумансия</title>
</book>
<book>
	<filename>de_servantes_migel/de_servantes_migel_revnivyi_starik.fb2.zip</filename>
	<title>де Сервантес Мигель. Ревнивый старик</title>
</book>
<book>
	<filename>de_servantes_migel/de_servantes_migel_salamankskaya_peshera.fb2.zip</filename>
	<title>де Сервантес Мигель. Саламанкская пещера</title>
</book>
<book>
	<filename>de_servantes_migel/de_servantes_migel_stranstviya_persilesa_i_sihizmundy.fb2.zip</filename>
	<title>де Сервантес Мигель. Странствия Персилеса и Сихизмунды</title>
</book>
<book>
	<filename>de_servantes_migel/de_servantes_migel_sudya_po_brakorazvodnym_delam.fb2.zip</filename>
	<title>де Сервантес Мигель. Судья по бракоразводным делам</title>
</book>
<book>
	<filename>de_servantes_migel/de_servantes_migel_teatr_chudes.fb2.zip</filename>
	<title>де Сервантес Мигель. Теaтр чудес</title>
</book>
<book>
	<filename>de_servantes_migel/de_servantes_migel_vdovyi_moshennik_imenuemyi_trampagos.fb2.zip</filename>
	<title>де Сервантес Мигель. Вдовый мошенник, именуемый Трампагос</title>
</book>
<book>
	<filename>deshane_zhanmari/deshane_zhanmari_ijoga_v_desyati_urokah.fb2.zip</filename>
	<title>Дешане Жан-Мари. Йога в десяти уроках</title>
</book>
<book>
	<filename>deshane_zhanmari/deshane_zhanmari_ioga_v_desyati_urokah.fb2.zip</filename>
	<title>Дешане Жан-Мари. Йога в десяти уроках</title>
</book>
<book>
	<filename>desyatskov_stanislav/desyatskov_stanislav_smert_petra_pervogo.fb2.zip</filename>
	<title>Десятсков Станислав Германович. Смерть Петра Первого</title>
</book>
<book>
	<filename>detli_yelis/detli_yelis_moi_princ.fb2.zip</filename>
	<title>Детли Элис. Мой принц</title>
</book>
<book>
	<filename>detli_yelis/detli_yelis_oazis_radosti.fb2.zip</filename>
	<title>Детли Элис. Оазис радости</title>
</book>
<book>
	<filename>detli_yelis/detli_yelis_sudbe_navstrechu.fb2.zip</filename>
	<title>Детли Элис. Судьбе навстречу</title>
</book>
<book>
	<filename>detli_yelis/detli_yelis_zatyanuvshayasya_pomolvka.fb2.zip</filename>
	<title>Детли Элис. Затянувшаяся помолвка</title>
</book>
<book>
	<filename>de_toledano_ralf/de_toledano_ralf_shpiony_prostofili_i_diplomaty.fb2.zip</filename>
	<title>де Толедано Ральф. Шпионы, простофили и дипломаты</title>
</book>
<book>
	<filename>de_trua_kreten/de_trua_kreten_ivyein_ili_rycar_so_lvom.fb2.zip</filename>
	<title>де Труа Кретьен. Ивэйн, или рыцарь со львом</title>
</book>
<book>
	<filename>de_vega_lope/de_vega_lope_sobaka_na_sene.fb2.zip</filename>
	<title>де Вега Лопе. Собака на сене</title>
</book>
<book>
	<filename>devero_dzhud/devero_dzhud_angel_dlya_yemili.fb2.zip</filename>
	<title>Деверо Джуд. Ангел для Эмили</title>
</book>
<book>
	<filename>devero_dzhud/devero_dzhud_barhatnaya_klyatva.fb2.zip</filename>
	<title>Деверо Джуд. Бархатная клятва</title>
</book>
<book>
	<filename>devero_dzhud/devero_dzhud_barhatnaya_pesnya.fb2.zip</filename>
	<title>Деверо Джуд. Бархатная песня</title>
</book>
<book>
	<filename>devero_dzhud/devero_dzhud_barhatnaya_strana.fb2.zip</filename>
	<title>Деверо Джуд. Бархатная страна</title>
</book>
<book>
	<filename>devero_dzhud/devero_dzhud_barhatnyi_angel.fb2.zip</filename>
	<title>Деверо Джуд. Бархатный ангел</title>
</book>
<book>
	<filename>devero_dzhud/devero_dzhud_bezukoriznennoe_delovoe_soglashenie.fb2.zip</filename>
	<title>Деверо Джуд. Безукоризненное деловое соглашение</title>
</book>
<book>
	<filename>devero_dzhud/devero_dzhud_chernyi_lev.fb2.zip</filename>
	<title>Деверо Джуд. Черный Лев</title>
</book>
<book>
	<filename>devero_dzhud/devero_dzhud_devstvennica.fb2.zip</filename>
	<title>Деверо Джуд. Девственница</title>
</book>
<book>
	<filename>devero_dzhud/devero_dzhud_doroga_strasti.fb2.zip</filename>
	<title>Деверо Джуд. Дорога страсти</title>
</book>
<book>
	<filename>devero_dzhud/devero_dzhud_dvoinoi_lyubovnik.fb2.zip</filename>
	<title>Деверо Джуд. Двойной любовник</title>
</book>
<book>
	<filename>devero_dzhud/devero_dzhud_gercoginya.fb2.zip</filename>
	<title>Деверо Джуд. Герцогиня</title>
</book>
<book>
	<filename>devero_dzhud/devero_dzhud_gornyi_cvetok.fb2.zip</filename>
	<title>Деверо Джуд. Горный цветок</title>
</book>
<book>
	<filename>devero_dzhud/devero_dzhud_iskushenie.fb2.zip</filename>
	<title>Деверо Джуд. Искушение</title>
</book>
<book>
	<filename>devero_dzhud/devero_dzhud_iskusitelnica.fb2.zip</filename>
	<title>Деверо Джуд. Искусительница</title>
</book>
<book>
	<filename>devero_dzhud/devero_dzhud_ispytanie_strastyu.fb2.zip</filename>
	<title>Деверо Джуд. Испытание страстью</title>
</book>
<book>
	<filename>devero_dzhud/devero_dzhud_laskovyi_obmanshik.fb2.zip</filename>
	<title>Деверо Джуд. Ласковый обманщик</title>
</book>
<book>
	<filename>devero_dzhud/devero_dzhud_ledenyashee_plamya.fb2.zip</filename>
	<title>Деверо Джуд. Леденящее пламя</title>
</book>
<book>
	<filename>devero_dzhud/devero_dzhud_legenda.fb2.zip</filename>
	<title>Деверо Джуд. Легенда</title>
</book>
<book>
	<filename>devero_dzhud/devero_dzhud_lyubov_po_zakazu.fb2.zip</filename>
	<title>Деверо Джуд. Любовь по заказу</title>
</book>
<book>
	<filename>devero_dzhud/devero_dzhud_mne_prosto_lyubopytno.fb2.zip</filename>
	<title>Деверо Джуд. Мне просто любопытно</title>
</book>
<book>
	<filename>devero_dzhud/devero_dzhud_neznakomka.fb2.zip</filename>
	<title>Деверо Джуд. Незнакомка</title>
</book>
<book>
	<filename>devero_dzhud/devero_dzhud_obzhigayushii_led.fb2.zip</filename>
	<title>Деверо Джуд. Обжигающий лед</title>
</book>
<book>
	<filename>devero_dzhud/devero_dzhud_ozarenie.fb2.zip</filename>
	<title>Деверо Джуд. Озарение</title>
</book>
<book>
	<filename>devero_dzhud/devero_dzhud_pervye_vpechatleniya.fb2.zip</filename>
	<title>Деверо Джуд. Первые впечатления</title>
</book>
<book>
	<filename>devero_dzhud/devero_dzhud_pobeg.fb2.zip</filename>
	<title>Деверо Джуд. Побег</title>
</book>
<book>
	<filename>devero_dzhud/devero_dzhud_pobeg_fontan_zhelanii.fb2.zip</filename>
	<title>Деверо Джуд. Побег (Фонтан желаний)</title>
</book>
<book>
	<filename>devero_dzhud/devero_dzhud_prekrasnaya_nastavnica.fb2.zip</filename>
	<title>Деверо Джуд. Прекрасная наставница</title>
</book>
<book>
	<filename>devero_dzhud/devero_dzhud_preobrazhenie.fb2.zip</filename>
	<title>Деверо Джуд. Преображение</title>
</book>
<book>
	<filename>devero_dzhud/devero_dzhud_preobrazhenie_medovyi_mesyac.fb2.zip</filename>
	<title>Деверо Джуд. Преображение (Медовый месяц)</title>
</book>
<book>
	<filename>devero_dzhud/devero_dzhud_priglashenie.fb2.zip</filename>
	<title>Деверо Джуд. Приглашение</title>
</book>
<book>
	<filename>devero_dzhud/devero_dzhud_princessa.fb2.zip</filename>
	<title>Деверо Джуд. Принцесса</title>
</book>
<book>
	<filename>devero_dzhud/devero_dzhud_princessa_i_zolushka.fb2.zip</filename>
	<title>Деверо Джуд. Принцесса и Золушка</title>
</book>
<book>
	<filename>devero_dzhud/devero_dzhud_rycar.fb2.zip</filename>
	<title>Деверо Джуд. Рыцарь</title>
</book>
<book>
	<filename>devero_dzhud/devero_dzhud_serdechnye_peremeny.fb2.zip</filename>
	<title>Деверо Джуд. Сердечные перемены</title>
</book>
<book>
	<filename>devero_dzhud/devero_dzhud_shipovnik.fb2.zip</filename>
	<title>Деверо Джуд. Шиповник</title>
</book>
<book>
	<filename>devero_dzhud/devero_dzhud_svatovstvo.fb2.zip</filename>
	<title>Деверо Джуд. Сватовство</title>
</book>
<book>
	<filename>devero_dzhud/devero_dzhud_tainy.fb2.zip</filename>
	<title>Деверо Джуд. Тайны</title>
</book>
<book>
	<filename>devero_dzhud/devero_dzhud_ukroshenie.fb2.zip</filename>
	<title>Деверо Джуд. Укрощение</title>
</book>
<book>
	<filename>devero_dzhud/devero_dzhud_vechnost.fb2.zip</filename>
	<title>Деверо Джуд. Вечность</title>
</book>
<book>
	<filename>devero_dzhud/devero_dzhud_volna_strasti.fb2.zip</filename>
	<title>Деверо Джуд. Волна страсти</title>
</book>
<book>
	<filename>devero_dzhud/devero_dzhud_volshebnaya_strana.fb2.zip</filename>
	<title>Деверо Джуд. Волшебная страна</title>
</book>
<book>
	<filename>devero_dzhud/devero_dzhud_vospominanie.fb2.zip</filename>
	<title>Деверо Джуд. Воспоминание</title>
</book>
<book>
	<filename>devero_dzhud/devero_dzhud_zavoevanie.fb2.zip</filename>
	<title>Деверо Джуд. Завоевание</title>
</book>
<book>
	<filename>devero_dzhud/devero_dzhud_zhelanie.fb2.zip</filename>
	<title>Деверо Джуд. Желание</title>
</book>
<book>
	<filename>devero_zara/devero_zara_barhatistye_prikosnoveniya.fb2.zip</filename>
	<title>Деверо Зара. Бархатистые прикосновения</title>
</book>
<book>
	<filename>devero_zara/devero_zara_chertog_strastei.fb2.zip</filename>
	<title>Деверо Зара. Чертог страстей</title>
</book>
<book>
	<filename>devero_zara/devero_zara_porochnye_zabavy.fb2.zip</filename>
	<title>Деверо Зара. Порочные забавы</title>
</book>
<book>
	<filename>devero_zara/devero_zara_shelkovye_puty.fb2.zip</filename>
	<title>Деверо Зара. Шелковые путы</title>
</book>
<book>
	<filename>devero_zara/devero_zara_shou_dlya_izbrannyh.fb2.zip</filename>
	<title>Деверо Зара. Шоу для избранных</title>
</book>
<book>
	<filename>devero_zara/devero_zara_svoboda_zhelanii.fb2.zip</filename>
	<title>Деверо Зара. Свобода желаний</title>
</book>
<book>
	<filename>de_vinter_leon/de_vinter_leon_nebo_gollivuda.fb2.zip</filename>
	<title>де Винтер Леон. Небо Голливуда</title>
</book>
<book>
	<filename>devis_pol/devis_pol_supersila.fb2.zip</filename>
	<title>Девис Пол. Суперсила</title>
</book>
<book>
	<filename>de_vita_shyeron/de_vita_shyeron_neozhidannoe_schaste.fb2.zip</filename>
	<title>Де Вита Шэрон. Неожиданное счастье</title>
</book>
<book>
	<filename>de_vita_shyeron/de_vita_shyeron_schaste_v_nagradu.fb2.zip</filename>
	<title>Де Вита Шэрон. Счастье в награду</title>
</book>
<book>
	<filename>de_vita_shyeron/de_vita_shyeron_ya_tebya_nikogda_ne_obizhu.fb2.zip</filename>
	<title>Де Вита Шэрон. Я тебя никогда не обижу!</title>
</book>
<book>
	<filename>de_viz_dzhin/de_viz_dzhin_cepnaya_ataka.fb2.zip</filename>
	<title>Де Виз Джин. Цепная атака</title>
</book>
<book>
	<filename>dexter_colin/dexter_colin_service_of_all_the_dead.fb2.zip</filename>
	<title>Dexter Colin. Service of all the dead</title>
</book>
<book>
	<filename>dexter_colin/dexter_colin_the_dead_of_jericho.fb2.zip</filename>
	<title>Dexter Colin. The dead of Jericho</title>
</book>
<book>
	<filename>dezio_ardito/dezio_ardito_k2_vtoraya_vershina_mira.fb2.zip</filename>
	<title>Дезио Ардито. К2 — вторая вершина мира</title>
</book>
<book>
	<filename>diakon_pavel/diakon_pavel_istoriya_langobardov.fb2.zip</filename>
	<title>Диакон Павел. История лангобардов</title>
</book>
<book>
	<filename>di_andzhelo_dyevid/di_andzhelo_dyevid_double_your_dating.fb2.zip</filename>
	<title>Ди Анджело Дэвид. Double Your Dating</title>
</book>
<book>
	<filename>di_andzhelo_dyevid/di_andzhelo_dyevid_kriticheskie_tochki_i_mosty.fb2.zip</filename>
	<title>Ди Анджело Дэвид. Критические точки и мосты</title>
</book>
<book>
	<filename>di_andzhelo_dyevid/di_andzhelo_dyevid_vosem_tipov_muzhchin_uspeshnyh_s_zhenshinami.fb2.zip</filename>
	<title>Ди Анджело Дэвид. Восемь типов мужчин, успешных с женщинами</title>
</book>
<book>
	<filename>dibdin_maikl/dibdin_maikl_den_blagodareniya.fb2.zip</filename>
	<title>Дибдин Майкл. День Благодарения</title>
</book>
<book>
	<filename>dickens_charles/dickens_charles_bleak_house.fb2.zip</filename>
	<title>Dickens Charles. Bleak House</title>
</book>
<book>
	<filename>dickens_charles/dickens_charles_david_copperfield.fb2.zip</filename>
	<title>Dickens Charles. David Copperfield</title>
</book>
<book>
	<filename>dickens_charles/dickens_charles_dombey_and_son.fb2.zip</filename>
	<title>Dickens Charles. Dombey and Son</title>
</book>
<book>
	<filename>dickens_charles/dickens_charles_great_expectations.fb2.zip</filename>
	<title>Dickens Charles. Great Expectations</title>
</book>
<book>
	<filename>dickens_charles/dickens_charles_oliver_twist.fb2.zip</filename>
	<title>Dickens Charles. Oliver Twist</title>
</book>
<book>
	<filename>dick_philip/dick_philip_a_scanner_darkly.fb2.zip</filename>
	<title>Dick Philip Kindred. A Scanner Darkly</title>
</book>
<book>
	<filename>dick_philip/dick_philip_do_androids_dream_of_electric_sheep.fb2.zip</filename>
	<title>Dick Philip K. Do androids dream of electric sheep?</title>
</book>
<book>
	<filename>didenko_aleksandr/didenko_aleksandr_alternativnaya_lichnost.fb2.zip</filename>
	<title>Диденко Александр. Альтернативная личность</title>
</book>
<book>
	<filename>didenko_boris/didenko_boris_civilizaciya_kannibalov.fb2.zip</filename>
	<title>Диденко Борис. Цивилизация каннибалов</title>
</book>
<book>
	<filename>didenko_boris/didenko_boris_hishnaya_lyubov.fb2.zip</filename>
	<title>Диденко Борис. Хищная любовь</title>
</book>
<book>
	<filename>didenko_boris/didenko_boris_hishnaya_vlast.fb2.zip</filename>
	<title>Диденко Борис. Хищная власть</title>
</book>
<book>
	<filename>didenko_boris/didenko_boris_hishnoe_tvorchestvo_yeticheskie_otnosheniya_iskusstva_k_deistvitelnosti.fb2.zip</filename>
	<title>Диденко Борис. Хищное творчество: этические отношения искусства к действительности</title>
</book>
<book>
	<filename>didro_deni/didro_deni_monahinya.fb2.zip</filename>
	<title>Дидро Дени. Монахиня</title>
</book>
<book>
	<filename>didro_deni/didro_deni_neskromnye_sokrovisha.fb2.zip</filename>
	<title>Дидро Дени. Нескромные сокровища</title>
</book>
<book>
	<filename>didro_deni/didro_deni_plemyannik_ramo.fb2.zip</filename>
	<title>Дидро Дени. Племянник Рaмo</title>
</book>
<book>
	<filename>didro_deni/didro_deni_zhakfatalist_i_ego_hozyain.fb2.zip</filename>
	<title>Дидро Дени. Жак-фаталист и его Хозяин</title>
</book>
<book>
	<filename>diego_yeliseo/diego_yeliseo_divertismenty.fb2.zip</filename>
	<title>Диего Элисео. Дивертисменты</title>
</book>
<book>
	<filename>dihnov_aleksandr/dihnov_aleksandr_bitva_za_yegris.fb2.zip</filename>
	<title>Дихнов Александр. Битва за Эгрис</title>
</book>
<book>
	<filename>dihnov_aleksandr/dihnov_aleksandr_drakon_detektiv.fb2.zip</filename>
	<title>Дихнов Александр. Дракон — детектив</title>
</book>
<book>
	<filename>dihnov_aleksandr/dihnov_aleksandr_kto_spryatalsya_tot_i_vinovat.fb2.zip</filename>
	<title>Дихнов Александр. Кто спрятался, тот и виноват</title>
</book>
<book>
	<filename>dihnov_aleksandr/dihnov_aleksandr_odin_mertvyi_kertorianec.fb2.zip</filename>
	<title>Дихнов Александр. Один мертвый керторианец</title>
</book>
<book>
	<filename>dihnov_aleksandr/dihnov_aleksandr_portal_na_kertoriyu.fb2.zip</filename>
	<title>Дихнов Александр. Портал на Керторию</title>
</book>
<book>
	<filename>dihnov_aleksandr/dihnov_aleksandr_shpaga_grossmeistera.fb2.zip</filename>
	<title>Дихнов Александр. Шпага гроссмейстера</title>
</book>
<book>
	<filename>dihnov_aleksandr/dihnov_aleksandr_tri_luny_kertorii.fb2.zip</filename>
	<title>Дихнов Александр. Три луны Кертории</title>
</book>
<book>
	<filename>dihnov_aleksandr/dihnov_aleksandr_uspeh_podkralsya_nezametno.fb2.zip</filename>
	<title>Дихнов Александр. Успех подкрался незаметно</title>
</book>
<book>
	<filename>dihnov_aleksandr/dihnov_aleksandr_za_dvumya_kladami_pogonishsya.fb2.zip</filename>
	<title>Дихнов Александр. За двумя кладами погонишься...</title>
</book>
<book>
	<filename>dihnov_aleksandr/dihnov_aleksandr_zapiski_chernogo_vlastelina.fb2.zip</filename>
	<title>Дихнов Александр. Записки Черного Властелина</title>
</book>
<book>
	<filename>dihnova_tatyana/dihnova_tatyana_uspeh_podkralsya_nezametno.fb2.zip</filename>
	<title>Дихнова Татьяна. Успех подкрался незаметно</title>
</book>
<book>
	<filename>dikamillo_keit/dikamillo_keit_udivitelnoe_puteshestvie_krolika_yedvarda.fb2.zip</filename>
	<title>ДиКамилло Кейт. Удивительное путешествие кролика Эдварда</title>
</book>
<book>
	<filename>dik_filip/dik_filip_begushii_po_lezviyu_britvy.fb2.zip</filename>
	<title>Дик Филип Кинред. Бегущий по лезвию бритвы</title>
</book>
<book>
	<filename>dik_filip/dik_filip_beskonechnost.fb2.zip</filename>
	<title>Дик Филип Кинред. Бесконечность</title>
</book>
<book>
	<filename>dik_filip/dik_filip_chelovek_v_vysokom_zamke.fb2.zip</filename>
	<title>Дик Филип Кинред. Человек в высоком замке</title>
</book>
<book>
	<filename>dik_filip/dik_filip_chto_skazali_mertvecy.fb2.zip</filename>
	<title>Дик Филип Кинред. Что сказали мертвецы</title>
</book>
<book>
	<filename>dik_filip/dik_filip_delo_rautavaary.fb2.zip</filename>
	<title>Дик Филип Кинред. Дело Раутаваары</title>
</book>
<book>
	<filename>dik_filip/dik_filip_doktor_bladmani.fb2.zip</filename>
	<title>Дик Филип Кинред. Доктор Бладмани</title>
</book>
<book>
	<filename>dik_filip/dik_filip_dragocennyi_artefakt.fb2.zip</filename>
	<title>Дик Филип Кинред. Драгоценный артефакт</title>
</book>
<book>
	<filename>dik_filip/dik_filip_duhovoe_ruzhe.fb2.zip</filename>
	<title>Дик Филип Кинред. Духовое ружье</title>
</book>
<book>
	<filename>dik_filip/dik_filip_fasrad.fb2.zip</filename>
	<title>Дик Филип Кинред. Фасрад</title>
</book>
<book>
	<filename>dik_filip/dik_filip_gibelnyi_tupik.fb2.zip</filename>
	<title>Дик Филип Кайндред. Гибельный тупик</title>
</book>
<book>
	<filename>dik_filip/dik_filip_glaz_v_nebe.fb2.zip</filename>
	<title>Дик Филип Кинред. Глаз в небе</title>
</book>
<book>
	<filename>dik_filip/dik_filip_igroki_s_titana.fb2.zip</filename>
	<title>Дик Филип Кинред. Игроки с Титана</title>
</book>
<book>
	<filename>dik_filip/dik_filip_issledovateli.fb2.zip</filename>
	<title>Дик Филип Киндред. Исследователи</title>
</book>
<book>
	<filename>dik_filip/dik_filip_iz_glubin_pamyati.fb2.zip</filename>
	<title>Дик Филип Киндред. Из глубин памяти</title>
</book>
<book>
	<filename>dik_filip/dik_filip_klany_alfanskoi_luny.fb2.zip</filename>
	<title>Дик Филип Кайндред. Кланы Альфанской Луны</title>
</book>
<book>
	<filename>dik_filip/dik_filip_koloniya.fb2.zip</filename>
	<title>Дик Филип Кинред. Колония</title>
</book>
<book>
	<filename>dik_filip/dik_filip_korol_yelfov.fb2.zip</filename>
	<title>Дик Филип Кинред. Король эльфов</title>
</book>
<book>
	<filename>dik_filip/dik_filip_korotkaya_schastlivaya_zhizn_korichnevogo_tapka.fb2.zip</filename>
	<title>Дик Филип Кинред. Короткая счастливая жизнь коричневого тапка</title>
</book>
<book>
	<filename>dik_filip/dik_filip_luchshii_drug_boga.fb2.zip</filename>
	<title>Дик Филип Кинред. Лучший друг Бога</title>
</book>
<book>
	<filename>dik_filip/dik_filip_malenkii_gorod.fb2.zip</filename>
	<title>Дик Филип Кинред. Маленький город</title>
</book>
<book>
	<filename>dik_filip/dik_filip_mechtayut_li_androidy_ob_yelektroovcah.fb2.zip</filename>
	<title>Дик Филип Кинред. Мечтают ли андроиды об электроовцах?</title>
</book>
<book>
	<filename>dik_filip/dik_filip_molot_vulkana.fb2.zip</filename>
	<title>Дик Филип. Молот Вулкана</title>
</book>
<book>
	<filename>dik_filip/dik_filip_muzykalnaya_mashina.fb2.zip</filename>
	<title>Дик Филип Кинред. Музыкальная машина</title>
</book>
<book>
	<filename>dik_filip/dik_filip_narushennoe_vremya_marsa.fb2.zip</filename>
	<title>Дик Филип Кайндред. Нарушенное время Марса</title>
</book>
<book>
	<filename>dik_filip/dik_filip_na_zemle_slishkom_skuchno.fb2.zip</filename>
	<title>Дик Филип Кинред. На Земле слишком скучно</title>
</book>
<book>
	<filename>dik_filip/dik_filip_ne_otygratsya.fb2.zip</filename>
	<title>Дик Филип Киндред. Не отыграться</title>
</book>
<book>
	<filename>dik_filip/dik_filip_o_neutomimoi_lyagushke.fb2.zip</filename>
	<title>Дик Филип Киндред. О неутомимой лягушке</title>
</book>
<book>
	<filename>dik_filip/dik_filip_osoboe_mnenie.fb2.zip</filename>
	<title>Дик Филип Кинред. Особое мнение</title>
</book>
<book>
	<filename>dik_filip/dik_filip_otecdvoinik.fb2.zip</filename>
	<title>Дик Филип Киндред. Отец-двойник</title>
</book>
<book>
	<filename>dik_filip/dik_filip_plata_za_kopirovanie.fb2.zip</filename>
	<title>Дик Филип Киндред. Плата за копирование</title>
</book>
<book>
	<filename>dik_filip/dik_filip_pomutnenie.fb2.zip</filename>
	<title>Дик Филип Кинред. Помутнение</title>
</book>
<book>
	<filename>dik_filip/dik_filip_poslednii_vlastitel.fb2.zip</filename>
	<title>Дик Филип Киндред. Последний властитель</title>
</book>
<book>
	<filename>dik_filip/dik_filip_predposlednyaya_istina.fb2.zip</filename>
	<title>Дик Филип Кайндред. Предпоследняя истина</title>
</book>
<book>
	<filename>dik_filip/dik_filip_pribylnoe_delce.fb2.zip</filename>
	<title>Дик Филип Киндред. Прибыльное дельце</title>
</book>
<book>
	<filename>dik_filip/dik_filip_prishedshii_iz_neizvestnosti.fb2.zip</filename>
	<title>Дик Филип Кинред. Пришедший из неизвестности</title>
</book>
<book>
	<filename>dik_filip/dik_filip_proezdnoi_bilet.fb2.zip</filename>
	<title>Дик Филип Киндред. Проездной билет</title>
</book>
<book>
	<filename>dik_filip/dik_filip_proleites_slezy.fb2.zip</filename>
	<title>Дик Филип Кайндред. Пролейтесь, слезы…</title>
</book>
<book>
	<filename>dik_filip/dik_filip_razinya.fb2.zip</filename>
	<title>Дик Филип Киндред. Разиня</title>
</book>
<book>
	<filename>dik_filip/dik_filip_rug.fb2.zip</filename>
	<title>Дик Филип Киндред. Руг</title>
</book>
<book>
	<filename>dik_filip/dik_filip_samozvanec.fb2.zip</filename>
	<title>Дик Филип Киндред. Самозванец</title>
</book>
<book>
	<filename>dik_filip/dik_filip_simulakron.fb2.zip</filename>
	<title>Дик Филип Кайндред. Симулакрон</title>
</book>
<book>
	<filename>dik_filip/dik_filip_solnechnaya_lotereya.fb2.zip</filename>
	<title>Дик Филип Кинред. Солнечная лотерея</title>
</book>
<book>
	<filename>dik_filip/dik_filip_speshite_priobresti.fb2.zip</filename>
	<title>Дик Филип Кинред. Спешите приобрести!</title>
</book>
<book>
	<filename>dik_filip/dik_filip_stigmaty_palnera_yeldricha.fb2.zip</filename>
	<title>Дик Филип Кайндред. Стигматы Палнера Элдрича</title>
</book>
<book>
	<filename>dik_filip/dik_filip_svihnuvsheesya_vremya.fb2.zip</filename>
	<title>Дик Филип Кинред. Свихнувшееся время</title>
</book>
<book>
	<filename>dik_filip/dik_filip_svobodnoe_radio_albemuta.fb2.zip</filename>
	<title>Дик Филип Кайндред. Свободное Радио Альбемута</title>
</book>
<book>
	<filename>dik_filip/dik_filip_tam_prostiraetsya_vub.fb2.zip</filename>
	<title>Дик Филип Киндред. Там простирается вуб</title>
</book>
<book>
	<filename>dik_filip/dik_filip_ubik.fb2.zip</filename>
	<title>Дик Филип. Убик</title>
</book>
<book>
	<filename>dik_filip/dik_filip_valis.fb2.zip</filename>
	<title>Дик Филип. Валис</title>
</book>
<book>
	<filename>dik_filip/dik_filip_vera_nashih_otcov.fb2.zip</filename>
	<title>Дик Филип Кинред. Вера наших отцов</title>
</book>
<book>
	<filename>dik_filip/dik_filip_veteran_voiny.fb2.zip</filename>
	<title>Дик Филип Кинред. Ветеран войны</title>
</book>
<book>
	<filename>dik_filip/dik_filip_v_glubine_pamyati.fb2.zip</filename>
	<title>Дик Филип. В глубине памяти</title>
</book>
<book>
	<filename>dik_filip/dik_filip_voennaya_igra.fb2.zip</filename>
	<title>Дик Филип Кинред. Военная игра</title>
</book>
<book>
	<filename>dik_filip/dik_filip_voina_s_fnulami.fb2.zip</filename>
	<title>Дик Филип Кинред. Война с фнулами</title>
</book>
<book>
	<filename>dik_filip/dik_filip_v_ozhidanii_proshlogo.fb2.zip</filename>
	<title>Дик Филип Кайндред. В ожидании прошлого</title>
</book>
<book>
	<filename>dik_filip/dik_filip_vsevyshnee_vtorzhenie.fb2.zip</filename>
	<title>Дик Филип Кинред. Всевышнее вторжение</title>
</book>
<book>
	<filename>dik_filip/dik_filip_vtoraya_model.fb2.zip</filename>
	<title>Дик Филип Кинред. Вторая модель</title>
</book>
<book>
	<filename>dik_filip/dik_filip_vtorzhenie_s_ganimeda.fb2.zip</filename>
	<title>Дик Филип Кинред. Вторжение с Ганимеда</title>
</book>
<book>
	<filename>dik_filip/dik_filip_yelektricheskii_muravei.fb2.zip</filename>
	<title>Дик Филип Киндред. Электрический муравей</title>
</book>
<book>
	<filename>dik_filip/dik_filip_zolotoi_chelovek.fb2.zip</filename>
	<title>Дик Филип Кинред. Золотой человек</title>
</book>
<book>
	<filename>diki_dzheims/diki_dzheims_izbavlenie.fb2.zip</filename>
	<title>Дики Джеймс. Избавление</title>
</book>
<book>
	<filename>dikii_andrei/dikii_andrei_neizvrashennaya_istoriya_ukrainyrusi_tom_i.fb2.zip</filename>
	<title>Дикий Андрей. Неизвращенная история Украины-Руси Том I</title>
</book>
<book>
	<filename>dikii_andrei/dikii_andrei_neizvrashennaya_istoriya_ukrainyrusi_tom_ii.fb2.zip</filename>
	<title>Дикий Андрей. Неизвращенная история Украины-Руси. Том II</title>
</book>
<book>
	<filename>dikinson_frensis/dikinson_frensis_mister_inkognito.fb2.zip</filename>
	<title>Дикинсон Френсис. Мистер Инкогнито</title>
</book>
<book>
	<filename>dikinson_piter/dikinson_piter_verevochnik.fb2.zip</filename>
	<title>Дикинсон Питер. Веревочник</title>
</book>
<book>
	<filename>dikkens_charlz/dikkens_charlz_amerikanskie_zametki.fb2.zip</filename>
	<title>Диккенс Чарльз. Американские заметки</title>
</book>
<book>
	<filename>dikkens_charlz/dikkens_charlz_barnebi_radzh.fb2.zip</filename>
	<title>Диккенс Чарльз. Барнеби Радж</title>
</book>
<book>
	<filename>dikkens_charlz/dikkens_charlz_bessonnica.fb2.zip</filename>
	<title>Диккенс Чарльз. Бессонница</title>
</book>
<book>
	<filename>dikkens_charlz/dikkens_charlz_bitva_zhizni.fb2.zip</filename>
	<title>Диккенс Чарльз. Битва жизни</title>
</book>
<book>
	<filename>dikkens_charlz/dikkens_charlz_bolshie_nadezhdy.fb2.zip</filename>
	<title>Диккенс Чарльз. Большие надежды</title>
</book>
<book>
	<filename>dikkens_charlz/dikkens_charlz_cheito_bagazh.fb2.zip</filename>
	<title>Диккенс Чарльз. Чей-то багаж</title>
</book>
<book>
	<filename>dikkens_charlz/dikkens_charlz_dalekoe_puteshestvie.fb2.zip</filename>
	<title>Диккенс Чарльз. Далекое путешествие</title>
</book>
<book>
	<filename>dikkens_charlz/dikkens_charlz_david_copperfield.fb2.zip</filename>
	<title>Диккенс Чарльз. David Copperfield</title>
</book>
<book>
	<filename>dikkens_charlz/dikkens_charlz_dlya_chteniya_u_kamelka.fb2.zip</filename>
	<title>Диккенс Чарльз. Для чтения у камелька</title>
</book>
<book>
	<filename>dikkens_charlz/dikkens_charlz_dom_s_privideniyami.fb2.zip</filename>
	<title>Диккенс Чарльз. Дом с привидениями</title>
</book>
<book>
	<filename>dikkens_charlz/dikkens_charlz_genii_iskusstva.fb2.zip</filename>
	<title>Диккенс Чарльз. Гений искусства</title>
</book>
<book>
	<filename>dikkens_charlz/dikkens_charlz_great_expectations.fb2.zip</filename>
	<title>Диккенс Чарльз. Great Expectations</title>
</book>
<book>
	<filename>dikkens_charlz/dikkens_charlz_holodnyi_dom.fb2.zip</filename>
	<title>Диккенс Чарльз. Холодный дом</title>
</book>
<book>
	<filename>dikkens_charlz/dikkens_charlz_kak_popast_v_obshestvo.fb2.zip</filename>
	<title>Диккенс Чарльз. Как попасть в общество</title>
</book>
<book>
	<filename>dikkens_charlz/dikkens_charlz_kartinki_s_natury.fb2.zip</filename>
	<title>Диккенс Чарльз. Картинки с натуры</title>
</book>
<book>
	<filename>dikkens_charlz/dikkens_charlz_kartiny_italii.fb2.zip</filename>
	<title>Диккенс Чарльз. Картины Италии</title>
</book>
<book>
	<filename>dikkens_charlz/dikkens_charlz_kolokola.fb2.zip</filename>
	<title>Диккенс Чарльз. Колокола</title>
</book>
<book>
	<filename>dikkens_charlz/dikkens_charlz_kroshka_dorrit_kniga_pervaya.fb2.zip</filename>
	<title>Диккенс Чарльз. Крошка Доррит. Книга первая</title>
</book>
<book>
	<filename>dikkens_charlz/dikkens_charlz_kroshka_dorrit_kniga_vtoraya.fb2.zip</filename>
	<title>Диккенс Чарльз. Крошка Доррит. Книга вторая</title>
</book>
<book>
	<filename>dikkens_charlz/dikkens_charlz_lavka_drevnostei.fb2.zip</filename>
	<title>Диккенс Чарльз. Лавка древностей</title>
</book>
<book>
	<filename>dikkens_charlz/dikkens_charlz_londonskie_tipy.fb2.zip</filename>
	<title>Диккенс Чарльз. Лондонские типы</title>
</book>
<book>
	<filename>dikkens_charlz/dikkens_charlz_madfogskie_zapiski.fb2.zip</filename>
	<title>Диккенс Чарльз. Мадфогские записки</title>
</book>
<book>
	<filename>dikkens_charlz/dikkens_charlz_meblirovannye_komnaty_missis_lirriper.fb2.zip</filename>
	<title>Диккенс Чарльз. Меблированные комнаты миссис Лиррипер</title>
</book>
<book>
	<filename>dikkens_charlz/dikkens_charlz_mertvyi_sezon.fb2.zip</filename>
	<title>Диккенс Чарльз. Мертвый сезон</title>
</book>
<book>
	<filename>dikkens_charlz/dikkens_charlz_nash_angliiskii_kurort.fb2.zip</filename>
	<title>Диккенс Чарльз. Наш английский курорт</title>
</book>
<book>
	<filename>dikkens_charlz/dikkens_charlz_nasha_shkola.fb2.zip</filename>
	<title>Диккенс Чарльз. Наша школа</title>
</book>
<book>
	<filename>dikkens_charlz/dikkens_charlz_nash_dokuchnyi_znakomec.fb2.zip</filename>
	<title>Диккенс Чарльз. Наш докучный знакомец</title>
</book>
<book>
	<filename>dikkens_charlz/dikkens_charlz_nash_francuzskii_kurort.fb2.zip</filename>
	<title>Диккенс Чарльз. Наш французский курорт</title>
</book>
<book>
	<filename>dikkens_charlz/dikkens_charlz_nash_obshii_drug_tom_1.fb2.zip</filename>
	<title>Диккенс Чарльз. Наш общий друг. Том 1</title>
</book>
<book>
	<filename>dikkens_charlz/dikkens_charlz_nash_obshii_drug_tom_2.fb2.zip</filename>
	<title>Диккенс Чарльз. Наш общий друг. Том 2</title>
</book>
<book>
	<filename>dikkens_charlz/dikkens_charlz_nash_pochtennyi_drug.fb2.zip</filename>
	<title>Диккенс Чарльз. Наш почтенный друг</title>
</book>
<book>
	<filename>dikkens_charlz/dikkens_charlz_nash_prihod.fb2.zip</filename>
	<title>Диккенс Чарльз. Наш приход</title>
</book>
<book>
	<filename>dikkens_charlz/dikkens_charlz_nash_prihodskii_sovet.fb2.zip</filename>
	<title>Диккенс Чарльз. Наш приходский совет</title>
</book>
<book>
	<filename>dikkens_charlz/dikkens_charlz_nasledstvo_missis_lirriper.fb2.zip</filename>
	<title>Диккенс Чарльз. Наследство миссис Лиррипер</title>
</book>
<book>
	<filename>dikkens_charlz/dikkens_charlz_nikto.fb2.zip</filename>
	<title>Диккенс Чарльз. Никто</title>
</book>
<book>
	<filename>dikkens_charlz/dikkens_charlz_obyasnenie_dzhordzha_silvermena.fb2.zip</filename>
	<title>Диккенс Чарльз. Объяснение Джорджа Силвермена</title>
</book>
<book>
	<filename>dikkens_charlz/dikkens_charlz_oderzhimyi_ili_sdelka_s_prizrakom.fb2.zip</filename>
	<title>Диккенс Чарльз. Одержимый или сделка с призраком</title>
</book>
<book>
	<filename>dikkens_charlz/dikkens_charlz_ostrolist_v_treh_vetkah.fb2.zip</filename>
	<title>Диккенс Чарльз. Остролист (В трех ветках)</title>
</book>
<book>
	<filename>dikkens_charlz/dikkens_charlz_otdyh_ot_stolichnoi_suety.fb2.zip</filename>
	<title>Диккенс Чарльз. Отдых от столичной суеты</title>
</book>
<book>
	<filename>dikkens_charlz/dikkens_charlz_poiman_s_polichnym.fb2.zip</filename>
	<title>Диккенс Чарльз. Пойман с поличным</title>
</book>
<book>
	<filename>dikkens_charlz/dikkens_charlz_polet.fb2.zip</filename>
	<title>Диккенс Чарльз. Полет</title>
</book>
<book>
	<filename>dikkens_charlz/dikkens_charlz_posmertnye_zapiski_pikvikskogo_kluba.fb2.zip</filename>
	<title>Диккенс Чарльз. Посмертные записки Пиквикского Клуба</title>
</book>
<book>
	<filename>dikkens_charlz/dikkens_charlz_povest_o_dvuh_gorodah.fb2.zip</filename>
	<title>Диккенс Чарльз. Повесть о двух городах</title>
</book>
<book>
	<filename>dikkens_charlz/dikkens_charlz_priklyucheniya_olivera_tvista.fb2.zip</filename>
	<title>Диккенс Чарльз. Приключения Оливера Твиста</title>
</book>
<book>
	<filename>dikkens_charlz/dikkens_charlz_princ_byk_skazka.fb2.zip</filename>
	<title>Диккенс Чарльз. Принц бык (Сказка)</title>
</book>
<book>
	<filename>dikkens_charlz/dikkens_charlz_progulka_po_rabotnomu_domu.fb2.zip</filename>
	<title>Диккенс Чарльз. Прогулка по работному дому</title>
</book>
<book>
	<filename>dikkens_charlz/dikkens_charlz_puteshestvennik_ne_po_torgovym_delam.fb2.zip</filename>
	<title>Диккенс Чарльз. Путешественник не по торговым делам</title>
</book>
<book>
	<filename>dikkens_charlz/dikkens_charlz_rasskaz_bednogo_rodstvennika.fb2.zip</filename>
	<title>Диккенс Чарльз. Рассказ бедного родственника</title>
</book>
<book>
	<filename>dikkens_charlz/dikkens_charlz_rasskaz_bednyaka_o_patente.fb2.zip</filename>
	<title>Диккенс Чарльз. Рассказ бедняка о патенте</title>
</book>
<book>
	<filename>dikkens_charlz/dikkens_charlz_rasskaz_malchika.fb2.zip</filename>
	<title>Диккенс Чарльз. Рассказ мальчика</title>
</book>
<book>
	<filename>dikkens_charlz/dikkens_charlz_rasskaz_shkolnika.fb2.zip</filename>
	<title>Диккенс Чарльз. Рассказ школьника</title>
</book>
<book>
	<filename>dikkens_charlz/dikkens_charlz_rasskazy.fb2.zip</filename>
	<title>Диккенс Чарльз. Рассказы</title>
</book>
<book>
	<filename>dikkens_charlz/dikkens_charlz_recepty_doktora_merigolda.fb2.zip</filename>
	<title>Диккенс Чарльз. Рецепты доктора Мериголда</title>
</book>
<book>
	<filename>dikkens_charlz/dikkens_charlz_roman_sochinennyi_na_kanikulah.fb2.zip</filename>
	<title>Диккенс Чарльз. Роман, сочиненный на каникулах</title>
</book>
<book>
	<filename>dikkens_charlz/dikkens_charlz_rozhdeniya_u_missis_mik_syn.fb2.zip</filename>
	<title>Диккенс Чарльз. «Рождения. У миссис Мик — сын»</title>
</book>
<book>
	<filename>dikkens_charlz/dikkens_charlz_rozhdestvenskaya_elka.fb2.zip</filename>
	<title>Диккенс Чарльз. Рождественская елка</title>
</book>
<book>
	<filename>dikkens_charlz/dikkens_charlz_rozhdestvenskaya_pesn_v_proze.fb2.zip</filename>
	<title>Диккенс Чарльз. Рождественская песнь в прозе</title>
</book>
<book>
	<filename>dikkens_charlz/dikkens_charlz_s_inspektorom_fildom_pri_otpravlenii_sluzhby.fb2.zip</filename>
	<title>Диккенс Чарльз. С инспектором Филдом — при отправлении службы</title>
</book>
<book>
	<filename>dikkens_charlz/dikkens_charlz_sochinitel_prositelnyh_pisem.fb2.zip</filename>
	<title>Диккенс Чарльз. Сочинитель просительных писем</title>
</book>
<book>
	<filename>dikkens_charlz/dikkens_charlz_s_otlivom_vniz_po_reke.fb2.zip</filename>
	<title>Диккенс Чарльз. С отливом вниз по реке</title>
</book>
<book>
	<filename>dikkens_charlz/dikkens_charlz_sverchok_za_ochagom.fb2.zip</filename>
	<title>Диккенс Чарльз. Сверчок за очагом</title>
</book>
<book>
	<filename>dikkens_charlz/dikkens_charlz_sysknaya_policiya.fb2.zip</filename>
	<title>Диккенс Чарльз. Сыскная полиция</title>
</book>
<book>
	<filename>dikkens_charlz/dikkens_charlz_taina_yedvina_druda.fb2.zip</filename>
	<title>Диккенс Чарльз. Тайна Эдвина Друда</title>
</book>
<book>
	<filename>dikkens_charlz/dikkens_charlz_torgovyi_dom_dombi_i_syn_torgovlya_optom_v_roznicu_i_na_yeksport.fb2.zip</filename>
	<title>Диккенс Чарльз. Торговый дом Домби и сын. Торговля оптом, в розницу и на экспорт</title>
</book>
<book>
	<filename>dikkens_charlz/dikkens_charlz_tri_rasskaza_o_syshikah.fb2.zip</filename>
	<title>Диккенс Чарльз. Три рассказа о сыщиках</title>
</book>
<book>
	<filename>dikkens_charlz/dikkens_charlz_tyazhelye_vremena.fb2.zip</filename>
	<title>Диккенс Чарльз. Тяжелые времена</title>
</book>
<book>
	<filename>dikkens_charlz/dikkens_charlz_zemlya_toma_tiddlera.fb2.zip</filename>
	<title>Диккенс Чарльз. Земля Тома Тиддлера</title>
</book>
<book>
	<filename>dikkens_charlz/dikkens_charlz_zhizn_dyevida_kopperfilda_rasskazannaya_im_samim_ixxix.fb2.zip</filename>
	<title>Диккенс Чарльз. Жизнь Дэвида Копперфилда, рассказанная им самим (I-XXIX)</title>
</book>
<book>
	<filename>dikkens_charlz/dikkens_charlz_zhizn_dyevida_kopperfilda_rasskazannaya_im_samim_kniga_1.fb2.zip</filename>
	<title>Диккенс Чарльз. Жизнь Дэвида Копперфилда, рассказанная им самим. Книга 1</title>
</book>
<book>
	<filename>dikkens_charlz/dikkens_charlz_zhizn_dyevida_kopperfilda_rasskazannaya_im_samim_kniga_2.fb2.zip</filename>
	<title>Диккенс Чарльз. Жизнь Дэвида Копперфилда, рассказанная им самим. Книга 2</title>
</book>
<book>
	<filename>dikkens_charlz/dikkens_charlz_zhizn_dyevida_kopperfilda_rasskazannaya_im_samim_xxxlxiv.fb2.zip</filename>
	<title>Диккенс Чарльз. Жизнь Дэвида Копперфилда, рассказанная им самим (XXX-LXIV)</title>
</book>
<book>
	<filename>dikkens_charlz/dikkens_charlz_zhizn_i_priklyucheniya_martina_chezlvita.fb2.zip</filename>
	<title>Диккенс Чарльз. Жизнь и приключения Мартина Чезлвита</title>
</book>
<book>
	<filename>dikkens_charlz/dikkens_charlz_zhizn_i_priklyucheniya_nikolasa_niklbi.fb2.zip</filename>
	<title>Диккенс Чарльз. Жизнь и приключения Николаса Никльби</title>
</book>

</books>

