<?xml version="1.0" encoding="UTF-8" ?>
<books>
<book>
	<filename>dunkan_dyeiv/dunkan_dyeiv_budushee_neopredelennoe.fb2.zip</filename>
	<title>Дункан Дэйв. Будущее неопределенное</title>
</book>
<book>
	<filename>dunkan_dyeiv/dunkan_dyeiv_budushee_nepredelennoe.fb2.zip</filename>
	<title>Дункан Дэйв. Будущее непределенное</title>
</book>
<book>
	<filename>dunkan_dyeiv/dunkan_dyeiv_geroi.fb2.zip</filename>
	<title>Дункан Дэйв. Герой!</title>
</book>
<book>
	<filename>dunkan_dyeiv/dunkan_dyeiv_groznye_morya.fb2.zip</filename>
	<title>Дункан Дэйв. Грозные моря</title>
</book>
<book>
	<filename>dunkan_dyeiv/dunkan_dyeiv_imperator_i_shut.fb2.zip</filename>
	<title>Дункан Дэйв. Император и шут</title>
</book>
<book>
	<filename>dunkan_dyeiv/dunkan_dyeiv_izgoi.fb2.zip</filename>
	<title>Дункан Дэйв. Изгои</title>
</book>
<book>
	<filename>dunkan_dyeiv/dunkan_dyeiv_krasnorozovyi_gorod.fb2.zip</filename>
	<title>Дункан Дэйв. Красно-розовый город</title>
</book>
<book>
	<filename>dunkan_dyeiv/dunkan_dyeiv_mech_demona.fb2.zip</filename>
	<title>Дункан Дэйв. Меч демона</title>
</book>
<book>
	<filename>dunkan_dyeiv/dunkan_dyeiv_mechenye_proklyatiem.fb2.zip</filename>
	<title>Дункан Дэйв. Меченые Проклятием</title>
</book>
<book>
	<filename>dunkan_dyeiv/dunkan_dyeiv_nastoyashee_napryazhennoe.fb2.zip</filename>
	<title>Дункан Дэйв. Настоящее напряженное</title>
</book>
<book>
	<filename>dunkan_dyeiv/dunkan_dyeiv_nebosvod_mechei.fb2.zip</filename>
	<title>Дункан Дэйв. Небосвод мечей</title>
</book>
<book>
	<filename>dunkan_dyeiv/dunkan_dyeiv_obretenie_mudrosti.fb2.zip</filename>
	<title>Дункан Дэйв. Обретение мудрости</title>
</book>
<book>
	<filename>dunkan_dyeiv/dunkan_dyeiv_pole_brani.fb2.zip</filename>
	<title>Дункан Дэйв. Поле брани</title>
</book>
<book>
	<filename>dunkan_dyeiv/dunkan_dyeiv_prednaznachenie.fb2.zip</filename>
	<title>Дункан Дэйв. Предназначение</title>
</book>
<book>
	<filename>dunkan_dyeiv/dunkan_dyeiv_priyut_ohotnika.fb2.zip</filename>
	<title>Дункан Дэйв. Приют охотника</title>
</book>
<book>
	<filename>dunkan_dyeiv/dunkan_dyeiv_proshedshee_povelitelnoe.fb2.zip</filename>
	<title>Дункан Дэйв. Прошедшее повелительное</title>
</book>
<book>
	<filename>dunkan_dyeiv/dunkan_dyeiv_razboinichya_doroga.fb2.zip</filename>
	<title>Дункан Дэйв. Разбойничья дорога</title>
</book>
<book>
	<filename>dunkan_dyeiv/dunkan_dyeiv_razyashii_klinok.fb2.zip</filename>
	<title>Дункан Дэйв. Разящий клинок</title>
</book>
<book>
	<filename>dunkan_dyeiv/dunkan_dyeiv_struny.fb2.zip</filename>
	<title>Дункан Дэйв. Струны</title>
</book>
<book>
	<filename>dunkan_dyeiv/dunkan_dyeiv_tainstvennye_zemli.fb2.zip</filename>
	<title>Дункан Дэйв. Таинственные земли</title>
</book>
<book>
	<filename>dunkan_dyeiv/dunkan_dyeiv_ten.fb2.zip</filename>
	<title>Дункан Дэйв. Тень</title>
</book>
<book>
	<filename>dunkan_dyeiv/dunkan_dyeiv_utrachennyi_ideal.fb2.zip</filename>
	<title>Дункан Дэйв. Утраченный идеал</title>
</book>
<book>
	<filename>dunkan_dyeiv/dunkan_dyeiv_vlastelin_ognennyh_zemel.fb2.zip</filename>
	<title>Дункан Дэйв. Властелин Огненных Земель</title>
</book>
<book>
	<filename>dunkan_dyeiv/dunkan_dyeiv_voin_ponevole.fb2.zip</filename>
	<title>Дункан Дэйв. Воин поневоле</title>
</book>
<book>
	<filename>dunkan_dyeiv/dunkan_dyeiv_volshebnoe_okno.fb2.zip</filename>
	<title>Дункан Дэйв. Волшебное окно</title>
</book>
<book>
	<filename>dunkan_dyeiv/dunkan_dyeiv_zhivoe_bozhestvo.fb2.zip</filename>
	<title>Дункан Дэйв. Живое божество</title>
</book>
<book>
	<filename>dunkan_dyeiv/dunkan_dyeiv_zolochenaya_cep.fb2.zip</filename>
	<title>Дункан Дэйв. Золоченая цепь</title>
</book>
<book>
	<filename>dunkan_lois/dunkan_lois_ya_znayu_chto_vy_sdelali_proshlym_letom.fb2.zip</filename>
	<title>Дункан Лоис. Я знаю, что вы сделали прошлым летом</title>
</book>
<book>
	<filename>dunkan_yelis/dunkan_yelis_geroi_ee_romana.fb2.zip</filename>
	<title>Дункан Элис. Герой ее романа</title>
</book>
<book>
	<filename>dunkan_yelis/dunkan_yelis_moi_milyi_plut.fb2.zip</filename>
	<title>Дункан Элис. Мой милый плут</title>
</book>
<book>
	<filename>durnenkov_vyacheslav/durnenkov_vyacheslav_goluboi_vagon.fb2.zip</filename>
	<title>Дурненков Вячеслав Евгеньевич. Голубой вагон</title>
</book>
<book>
	<filename>durnenkov_vyacheslav/durnenkov_vyacheslav_hozyaika_ankety.fb2.zip</filename>
	<title>Дурненков Вячеслав Евгеньевич. Хозяйка анкеты</title>
</book>
<book>
	<filename>durnenkov_vyacheslav/durnenkov_vyacheslav_mir_molitsya_za_menya.fb2.zip</filename>
	<title>Дурненков Вячеслав Евгеньевич. Мир молится за меня</title>
</book>
<book>
	<filename>durnenkov_vyacheslav/durnenkov_vyacheslav_mutter.fb2.zip</filename>
	<title>Дурненков Вячеслав Евгеньевич. Mutter</title>
</book>
<book>
	<filename>durnenkov_vyacheslav/durnenkov_vyacheslav_rucheinik.fb2.zip</filename>
	<title>Дурненков Вячеслав Евгеньевич. Ручейник</title>
</book>
<book>
	<filename>durnenkov_vyacheslav/durnenkov_vyacheslav_shkatulka.fb2.zip</filename>
	<title>Дурненков Вячеслав Евгеньевич. Шкатулка</title>
</book>
<book>
	<filename>durnenkov_vyacheslav/durnenkov_vyacheslav_spichki.fb2.zip</filename>
	<title>Дурненков Вячеслав Евгеньевич. Спички</title>
</book>
<book>
	<filename>durnenkov_vyacheslav/durnenkov_vyacheslav_tri_deistviya_po_chetyrem_kartinam.fb2.zip</filename>
	<title>Дурненков Вячеслав Евгеньевич. Три действия по четырем картинам</title>
</book>
<book>
	<filename>durnenkov_vyacheslav/durnenkov_vyacheslav_v_chernomchernom_gorode.fb2.zip</filename>
	<title>Дурненков Вячеслав Евгеньевич. В черном-черном городе</title>
</book>
<book>
	<filename>durnenkov_vyacheslav/durnenkov_vyacheslav_vnutrennii_mir.fb2.zip</filename>
	<title>Дурненков Вячеслав Евгеньевич. Внутренний мир</title>
</book>
<book>
	<filename>durnenkov_vyacheslav/durnenkov_vyacheslav_vychitanie_zemli.fb2.zip</filename>
	<title>Дурненков Вячеслав Евгеньевич. Вычитание земли</title>
</book>
<book>
	<filename>durov_lev/durov_lev_greshnye_zapiski.fb2.zip</filename>
	<title>Дуров Лев. Грешные записки</title>
</book>
<book>
	<filename>durov_lev/durov_lev_strannye_my_lyudi.fb2.zip</filename>
	<title>Дуров Лев. Странные мы люди</title>
</book>
<book>
	<filename>durylin_sergei/durylin_sergei_nesterov.fb2.zip</filename>
	<title>Дурылин Сергей Николаевич. Нестеров</title>
</book>
<book>
	<filename>duyein_diana/duyein_diana_bezgranichnoe_volshebstvo.fb2.zip</filename>
	<title>Дуэйн Диана. Безграничное волшебство</title>
</book>
<book>
	<filename>duyein_diana/duyein_diana_glubokoe_volshebstvo.fb2.zip</filename>
	<title>Дуэйн Диана. Глубокое волшебство</title>
</book>
<book>
	<filename>duyein_diana/duyein_diana_izranennoe_nebo.fb2.zip</filename>
	<title>Дуэйн Диана. Израненное Небо</title>
</book>
<book>
	<filename>duyein_diana/duyein_diana_kak_ctat_volshebnikom.fb2.zip</filename>
	<title>Дуэйн Диана. Как cтать волшебником</title>
</book>
<book>
	<filename>duyein_diana/duyein_diana_kniga_lunnoi_nochi.fb2.zip</filename>
	<title>Дуэйн Диана. Книга Лунной Ночи</title>
</book>
<book>
	<filename>duyein_diana/duyein_diana_mir_spoka.fb2.zip</filename>
	<title>Дуэйн Диана. Мир Спока</title>
</book>
<book>
	<filename>duyein_diana/duyein_diana_polnolunie.fb2.zip</filename>
	<title>Дуэйн Диана. Полнолуние</title>
</book>
<book>
	<filename>duyein_diana/duyein_diana_stanciya_smerti.fb2.zip</filename>
	<title>Дуэйн Диана. Станция смерти</title>
</book>
<book>
	<filename>duyein_diana/duyein_diana_vrachebnye_predpisaniya.fb2.zip</filename>
	<title>Дуэйн Диана. Врачебные предписания</title>
</book>
<book>
	<filename>duyein_diana/duyein_diana_vysokoe_volshebstvo.fb2.zip</filename>
	<title>Дуэйн Диана. Высокое волшебство</title>
</book>
<book>
	<filename>duyein_diana/duyein_diana_vzorvannyi_razum.fb2.zip</filename>
	<title>Дуэйн Диана. Взорванный Разум</title>
</book>
<book>
	<filename>duyen_dzheims/duyen_dzheims_nezavisimyi_otryad.fb2.zip</filename>
	<title>Дуэн Джеймс. Независимый отряд</title>
</book>
<book>
	<filename>dvigubskaya_ekaterina/dvigubskaya_ekaterina_lunnye_dorogi.fb2.zip</filename>
	<title>Двигубская Екатерина Николаевна. Лунные дороги</title>
</book>
<book>
	<filename>dvorcov_vladimir/dvorcov_vladimir_hokkeinye_batalii_sssr_kanada.fb2.zip</filename>
	<title>Дворцов Владимир Александрович. Хоккейные баталии. СССР – Канада</title>
</book>
<book>
	<filename>dvorcov_vladimir/dvorcov_vladimir_vyzov_prinyat.fb2.zip</filename>
	<title>Дворцов Владимир Александрович. Вызов принят</title>
</book>
<book>
	<filename>dvoreckaya_elizaveta/dvoreckaya_elizaveta_kak_ogon_ot_ognya.fb2.zip</filename>
	<title>Дворецкая Елизавета. Как огонь от огня</title>
</book>
<book>
	<filename>dvoreckaya_elizaveta/dvoreckaya_elizaveta_kolodec_starogo_volhva.fb2.zip</filename>
	<title>Дворецкая Елизавета. Колодец старого волхва</title>
</book>
<book>
	<filename>dvoreckaya_elizaveta/dvoreckaya_elizaveta_ognennyi_volk.fb2.zip</filename>
	<title>Дворецкая Елизавета. Огненный волк</title>
</book>
<book>
	<filename>dvoreckaya_elizaveta/dvoreckaya_elizaveta_oruzhie_skalda.fb2.zip</filename>
	<title>Дворецкая Елизавета. Оружие скальда</title>
</book>
<book>
	<filename>dvoreckaya_elizaveta/dvoreckaya_elizaveta_shchit_poberezhya.fb2.zip</filename>
	<title>Дворецкая Елизавета. Щит побережья</title>
</book>
<book>
	<filename>dvoreckaya_elizaveta/dvoreckaya_elizaveta_spyashee_zoloto.fb2.zip</filename>
	<title>Дворецкая Елизавета. Спящее золото</title>
</book>
<book>
	<filename>dvoreckaya_elizaveta/dvoreckaya_elizaveta_stoyachie_kamni.fb2.zip</filename>
	<title>Дворецкая Елизавета. Стоячие камни</title>
</book>
<book>
	<filename>dvoreckaya_elizaveta/dvoreckaya_elizaveta_zerkalo_i_chasha.fb2.zip</filename>
	<title>Дворецкая Елизавета. Зеркало и чаша</title>
</book>
<book>
	<filename>dvoreckaya_elizaveta/dvoreckaya_elizaveta_zolotoi_sokol.fb2.zip</filename>
	<title>Дворецкая Елизавета. Золотой сокол</title>
</book>
<book>
	<filename>dvorkin_devid/dvorkin_devid_lovushka_vo_vremeni.fb2.zip</filename>
	<title>Дворкин Девид. Ловушка во времени</title>
</book>
<book>
	<filename>dvorkin_devid/dvorkin_devid_trellisanskaya_konfrontaciya.fb2.zip</filename>
	<title>Дворкин Девид. Треллисанская конфронтация</title>
</book>
<book>
	<filename>dvornik_andrei/dvornik_andrei_golomu_rubaha.fb2.zip</filename>
	<title>Дворник Андрей. Голому рубаха</title>
</book>
<book>
	<filename>dvornik_andrei/dvornik_andrei_otrubi_po_lokot.fb2.zip</filename>
	<title>Дворник Андрей. Отруби по локоть</title>
</book>
<book>
	<filename>dyachenko_marina/dyachenko_marina_alena_i_aspirin.fb2.zip</filename>
	<title>Дяченко Марина. Алена и Аспирин</title>
</book>
<book>
	<filename>dyachenko_marina/dyachenko_marina_armageddom.fb2.zip</filename>
	<title>Дяченко Марина. Армагед-дом</title>
</book>
<book>
	<filename>dyachenko_marina/dyachenko_marina_basketbol.fb2.zip</filename>
	<title>Дяченко Марина. Баскетбол</title>
</book>
<book>
	<filename>dyachenko_marina/dyachenko_marina_dikaya_yenergiya_lana.fb2.zip</filename>
	<title>Дяченко Марина. Дикая энергия. Лана</title>
</book>
<book>
	<filename>dyachenko_marina/dyachenko_marina_dolina_sovesti.fb2.zip</filename>
	<title>Дяченко Марина. Долина совести</title>
</book>
<book>
	<filename>dyachenko_marina/dyachenko_marina_gorelaya_bashnya.fb2.zip</filename>
	<title>Дяченко Марина. Горелая башня</title>
</book>
<book>
	<filename>dyachenko_marina/dyachenko_marina_kazn.fb2.zip</filename>
	<title>Дяченко Марина. Казнь</title>
</book>
<book>
	<filename>dyachenko_marina/dyachenko_marina_klyuch_ot_korolevstva.fb2.zip</filename>
	<title>Дяченко Марина. Ключ от Королевства</title>
</book>
<book>
	<filename>dyachenko_marina/dyachenko_marina_peshera.fb2.zip</filename>
	<title>Дяченко Марина. Пещера</title>
</book>
<book>
	<filename>dyachenko_marina/dyachenko_marina_ritual.fb2.zip</filename>
	<title>Дяченко Марина. Ритуал</title>
</book>
<book>
	<filename>dyachenko_marina/dyachenko_marina_skazka_o_zolotom_petushke.fb2.zip</filename>
	<title>Дяченко Марина. Сказка о золотом петушке</title>
</book>
<book>
	<filename>dyachenko_marina/dyachenko_marina_skrut.fb2.zip</filename>
	<title>Дяченко Марина. Скрут</title>
</book>
<book>
	<filename>dyachenko_marina/dyachenko_marina_slovo_oberona.fb2.zip</filename>
	<title>Дяченко Марина. Слово Оберона</title>
</book>
<book>
	<filename>dyachenko_marina/dyachenko_marina_vedmin_vek.fb2.zip</filename>
	<title>Дяченко Марина. Ведьмин Век</title>
</book>
<book>
	<filename>dyachenko_marina/dyachenko_marina_zemlya_vesnarov.fb2.zip</filename>
	<title>Дяченко Марина. Земля веснаров</title>
</book>
<book>
	<filename>dyachenko_marina/dyachenko_marina_zoopark.fb2.zip</filename>
	<title>Дяченко Марина. Зоопарк</title>
</book>
<book>
	<filename>dyachenko_sergei/dyachenko_sergei_varan.fb2.zip</filename>
	<title>Дяченко Сергей. Варан</title>
</book>
<book>
	<filename>dyagterev_nikolai/dyagterev_nikolai_gennaya_inzheneriya_spasenie_ili_gibel_chelovechestva.fb2.zip</filename>
	<title>Дягтерев Николай. Генная инженерия. Спасение или гибель человечества?</title>
</book>
<book>
	<filename>dyagterev_nikolai/dyagterev_nikolai_klonirovanie_pravda_i_vymysel.fb2.zip</filename>
	<title>Дягтерев Николай. Клонирование: правда и вымысел</title>
</book>
<book>
	<filename>dyakonov_mihail/dyakonov_mihail_amundsen.fb2.zip</filename>
	<title>Дьяконов Михаил Алексеевич. Амундсен</title>
</book>
<book>
	<filename>dyakonov_yurii/dyakonov_yurii_vosem_volshebnyh_zheludei.fb2.zip</filename>
	<title>Дьяконов Юрий. Восемь волшебных желудей</title>
</book>
<book>
	<filename>dyakova_viktoriya/dyakova_viktoriya_kamni_yusufa.fb2.zip</filename>
	<title>Дьякова Виктория. Камни Юсуфа</title>
</book>
<book>
	<filename>dyakova_viktoriya/dyakova_viktoriya_nasledniki_bordzhia.fb2.zip</filename>
	<title>Дьякова Виктория. Наследники Борджиа</title>
</book>
<book>
	<filename>dyatlov_anatolii/dyatlov_anatolii_chernobyl_kak_yeto_bylo.fb2.zip</filename>
	<title>Дятлов Анатолий Степанович. Чернобыль. Как это было</title>
</book>
<book>
	<filename>dyedmen_stiven/dyedmen_stiven_iskusstvo_lovli_strel.fb2.zip</filename>
	<title>Дэдмен Стивен. Искусство ловли стрел</title>
</book>
<book>
	<filename>dyei_lora/dyei_lora_prakticheskaya_intuiciya_v_lyubvi.fb2.zip</filename>
	<title>Дэй Лора. Практическая интуиция в любви</title>
</book>
<book>
	<filename>dyein_klaudia/dyein_klaudia_brachnoe_lozhe.fb2.zip</filename>
	<title>Дэйн Клаудиа. Брачное ложе</title>
</book>
<book>
	<filename>dyein_klaudia/dyein_klaudia_doch_kurtizanki.fb2.zip</filename>
	<title>Дэйн Клаудиа. Дочь куртизанки</title>
</book>
<book>
	<filename>dyein_klaudia/dyein_klaudia_nevinnaya_lozh.fb2.zip</filename>
	<title>Дэйн Клаудиа. Невинная ложь</title>
</book>
<book>
	<filename>dyein_klaudia/dyein_klaudia_sgoraya_ot_lyubvi.fb2.zip</filename>
	<title>Дэйн Клаудиа. Сгорая от любви</title>
</book>
<book>
	<filename>dyeira_dzhoi/dyeira_dzhoi_segodnya_ili_nikogda.fb2.zip</filename>
	<title>Дэйра Джой. Сегодня или никогда</title>
</book>
<book>
	<filename>dyei_silviya/dyei_silviya_lyubov_dzhentlmena.fb2.zip</filename>
	<title>Дэй Сильвия. Любовь джентльмена</title>
</book>
<book>
	<filename>dyei_silviya/dyei_silviya_muzhneznakomec.fb2.zip</filename>
	<title>Дэй Сильвия. Муж-незнакомец</title>
</book>
<book>
	<filename>dyei_silviya/dyei_silviya_ne_iskushai_menya.fb2.zip</filename>
	<title>Дэй Сильвия. Не искушай меня</title>
</book>
<book>
	<filename>dyei_silviya/dyei_silviya_neodolimaya_strast.fb2.zip</filename>
	<title>Дэй Сильвия. Неодолимая страсть</title>
</book>
<book>
	<filename>dyei_silviya/dyei_silviya_strast_k_igre.fb2.zip</filename>
	<title>Дэй Сильвия. Страсть к игре</title>
</book>
<book>
	<filename>dyeiv_uollis/dyeiv_uollis_molodoi_mir.fb2.zip</filename>
	<title>Дэйв Уоллис. Молодой мир</title>
</book>
<book>
	<filename>dyekzil_antuanfransua/dyekzil_antuanfransua_istoriya_kavalera_de_grie_i_manon_lesko.fb2.zip</filename>
	<title>д`Экзиль Антуан-Франсуа Прево. История кавалера де Грие и Манон Леско</title>
</book>
<book>
	<filename>dyekzil_antuanfransua/dyekzil_antuanfransua_istoriya_odnoi_grechanki.fb2.zip</filename>
	<title>д`Экзиль Антуан-Франсуа Прево. История одной гречанки</title>
</book>
<book>
	<filename>dyen_barbara/dyen_barbara_neposlushnaya_nevesta.fb2.zip</filename>
	<title>Дэн Барбара. Непослушная невеста</title>
</book>
<book>
	<filename>dyen_barbara/dyen_barbara_serenada_lyubvi.fb2.zip</filename>
	<title>Дэн Барбара. Серенада любви</title>
</book>
<book>
	<filename>dyenehiouks_dyenl/dyenehiouks_dyenl_baiki_iz_dvorca_dzhabby_hatta17_shaara_i_sarlakk_istoriya_strazhnicy_na_skiffe.fb2.zip</filename>
	<title>Дэнехи-Оукс Дэн`л. Байки из дворца Джаббы Хатта-17: Шаара и Сарлакк (История стражницы на скиффе)</title>
</book>
<book>
	<filename>dyeniels_doroti/dyeniels_doroti_dinastiya_dunkanov.fb2.zip</filename>
	<title>Дэниелс Дороти. Династия Дунканов</title>
</book>
<book>
	<filename>dyenielz_laura/dyenielz_laura_svet_lyubimyh_glaz.fb2.zip</filename>
	<title>Дэниелз Лаура. Свет любимых глаз</title>
</book>
<book>
	<filename>dyenielz_laura/dyenielz_laura_zagadai_zhelanie.fb2.zip</filename>
	<title>Дэниелз Лаура. Загадай желание</title>
</book>
<book>
	<filename>dyeniyels_garold/dyeniyels_garold_tri_sposoba_ograbit_bank.fb2.zip</filename>
	<title>Дэниэлс Гарольд Р. Три способа ограбить банк</title>
</book>
<book>
	<filename>dyeniyels_les/dyeniyels_les_zheltyi_tuman.fb2.zip</filename>
	<title>Дэниэлс Лес. Желтый туман</title>
</book>
<book>
	<filename>dyennis_kyetrin/dyennis_kyetrin_isceli_menya_lyubovyu.fb2.zip</filename>
	<title>Дэннис Кэтрин. Исцели меня любовью</title>
</book>
<book>
	<filename>dyenton_keit/dyenton_keit_mirazhi_v_andah.fb2.zip</filename>
	<title>Дэнтон Кейт. Миражи в Андах</title>
</book>
<book>
	<filename>dyer_kristofer/dyer_kristofer_pacient_i_psihoanalitik_osnovy_psihoanaliticheskogo_processa.fb2.zip</filename>
	<title>Дэр Кристофер. Пациент и психоаналитик: основы психоаналитического процесса</title>
</book>
<book>
	<filename>dyervili_ye/dyervili_ye_priklyucheniya_doistoricheskogo_malchika.fb2.zip</filename>
	<title>д`Эрвильи Э. Приключения доисторического мальчика</title>
</book>
<book>
	<filename>dyevid_piter/dyevid_piter_syer_nevpopad_iz_niotkuda.fb2.zip</filename>
	<title>Дэвид Питер. Сэр Невпопад из Ниоткуда</title>
</book>
<book>
	<filename>dyevid_piter/dyevid_piter_syer_nevpopad_i_zolotoi_gorod.fb2.zip</filename>
	<title>Дэвид Питер. Сэр Невпопад и Золотой Город</title>
</book>
<book>
	<filename>dyevidson_aleksandr/dyevidson_aleksandr_skolzyashii_po_lezviyu_fondovogo_rynka.fb2.zip</filename>
	<title>Дэвидсон Александр. Скользящий по лезвию фондового рынка</title>
</book>
<book>
	<filename>dyevidson_donna/dyevidson_donna_dar_yelizabet.fb2.zip</filename>
	<title>Дэвидсон Донна. Дар Элизабет</title>
</book>
<book>
	<filename>dyevidson_karolina/dyevidson_karolina_brachnyi_obet.fb2.zip</filename>
	<title>Дэвидсон Каролина. Брачный обет</title>
</book>
<book>
	<filename>dyevidson_karolina/dyevidson_karolina_nevesta_po_zakazu.fb2.zip</filename>
	<title>Дэвидсон Каролина. Невеста по заказу</title>
</book>
<book>
	<filename>dyevidson_myeri/dyevidson_myeri_bessmertnaya_i_bezrabotnaya.fb2.zip</filename>
	<title>Дэвидсон Мэри Дженис. Бессмертная и безработная</title>
</book>
<book>
	<filename>dyevidson_myeri/dyevidson_myeri_bessmertnaya_i_nezamuzhnyaya.fb2.zip</filename>
	<title>Дэвидсон Мэри Дженис. Бессмертная и незамужняя</title>
</book>
<book>
	<filename>dyevidson_myeri/dyevidson_myeri_proklyatie_derika.fb2.zip</filename>
	<title>Дэвидсон Мэри Дженис. Проклятие Дерика</title>
</book>
<book>
	<filename>dyevidson_toni/dyevidson_toni_kultura_shramov.fb2.zip</filename>
	<title>Дэвидсон Тони. Культура шрамов</title>
</book>
<book>
	<filename>dyevis_anna/dyevis_anna_koroleva_tufel.fb2.zip</filename>
	<title>Дэвис Анна. Королева туфель</title>
</book>
<book>
	<filename>dyevis_anna/dyevis_anna_shkatulka_s_dragocennostyami.fb2.zip</filename>
	<title>Дэвис Анна. Шкатулка с драгоценностями</title>
</book>
<book>
	<filename>dyevis_anna/dyevis_anna_taksi.fb2.zip</filename>
	<title>Дэвис Анна. Такси!</title>
</book>
<book>
	<filename>dyevis_dzh/dyevis_dzh_zagovor_van_goga.fb2.zip</filename>
	<title>Дэвис Дж. Мэдисон. Заговор Ван Гога</title>
</book>
<book>
	<filename>dyevis_lyensi/dyevis_lyensi_sluchainaya_vstrecha.fb2.zip</filename>
	<title>Дэвис Лэнси. Случайная встреча</title>
</book>
<book>
	<filename>dyevis_mails/dyevis_mails_avtobiografiya.fb2.zip</filename>
	<title>Дэвис Майлс. Автобиография</title>
</book>
<book>
	<filename>dyevis_myeggi/dyevis_myeggi_ametistovyi_venec.fb2.zip</filename>
	<title>Дэвис Мэгги. Аметистовый венец</title>
</book>
<book>
	<filename>dyevis_myeggi/dyevis_myeggi_atlasnaya_kukolka.fb2.zip</filename>
	<title>Дэвис Мэгги. Атласная куколка</title>
</book>
<book>
	<filename>dyevis_myeggi/dyevis_myeggi_atlasnye_mechty.fb2.zip</filename>
	<title>Дэвис Мэгги. Атласные мечты</title>
</book>
<book>
	<filename>dyevis_myeggi/dyevis_myeggi_bezumnaya_polnoch.fb2.zip</filename>
	<title>Дэвис Мэгги. Безумная полночь</title>
</book>
<book>
	<filename>dyevis_myeggi/dyevis_myeggi_greshnye_zhelaniya.fb2.zip</filename>
	<title>Дэвис Мэгги. Грешные желания</title>
</book>
<book>
	<filename>dyevis_myeggi/dyevis_myeggi_prelestnaya_sumasbrodka.fb2.zip</filename>
	<title>Дэвис Мэгги. Прелестная сумасбродка</title>
</book>
<book>
	<filename>dyevis_myeggi/dyevis_myeggi_rycar_i_vedma.fb2.zip</filename>
	<title>Дэвис Мэгги. Рыцарь и ведьма</title>
</book>
<book>
	<filename>dyevis_myeggi/dyevis_myeggi_shalaya_lyubov_moya.fb2.zip</filename>
	<title>Дэвис Мэгги. Шалая любовь моя</title>
</book>
<book>
	<filename>dyevis_myeggi/dyevis_myeggi_telohranitel.fb2.zip</filename>
	<title>Дэвис Мэгги. Телохранитель</title>
</book>
<book>
	<filename>dyevis_pyetti/dyevis_pyetti_kabala.fb2.zip</filename>
	<title>Дэвис Пэтти. Кабала</title>
</book>
<book>
	<filename>dyevis_robertson/dyevis_robertson_mantikora.fb2.zip</filename>
	<title>Дэвис Робертсон. Мантикора</title>
</book>
<book>
	<filename>dyevis_robertson/dyevis_robertson_mir_chudes.fb2.zip</filename>
	<title>Дэвис Робертсон. Мир чудес</title>
</book>
<book>
	<filename>dyevis_robertson/dyevis_robertson_pyatyi_personazh.fb2.zip</filename>
	<title>Дэвис Робертсон. Пятый персонаж</title>
</book>
<book>
	<filename>dyevis_syuzan/dyevis_syuzan_nevesta_mastera.fb2.zip</filename>
	<title>Дэвис Сьюзан. Невеста мастера</title>
</book>
<book>
	<filename>dyevis_vanessa/dyevis_vanessa_pro_yeto.fb2.zip</filename>
	<title>Дэвис Ванесса. Про это</title>
</book>
<book>
	<filename>dygalo_viktor/dygalo_viktor_otkuda_i_chto_na_flote_poshlo.fb2.zip</filename>
	<title>Дыгало Виктор Ананьевич. Откуда и что на флоте пошло</title>
</book>
<book>
	<filename>dygat_stanislav/dygat_stanislav_disneilend.fb2.zip</filename>
	<title>Дыгат Станислав. Диснейленд</title>
</book>
<book>
	<filename>dymov_feliks/dymov_feliks_alenkin_asteroid.fb2.zip</filename>
	<title>Дымов Феликс. Аленкин астероид</title>
</book>
<book>
	<filename>dymov_feliks/dymov_feliks_a_ona_uhodila.fb2.zip</filename>
	<title>Дымов Феликс Яковлевич. А она уходила…</title>
</book>
<book>
	<filename>dymov_feliks/dymov_feliks_avariya.fb2.zip</filename>
	<title>Дымов Феликс Яковлевич. Авария</title>
</book>
<book>
	<filename>dymov_feliks/dymov_feliks_gde_ty_nuzhen.fb2.zip</filename>
	<title>Дымов Феликс. Где ты нужен</title>
</book>
<book>
	<filename>dymov_osip/dymov_osip_vseobshaya_istoriya_obrabotannaya_satirikonom.fb2.zip</filename>
	<title>Дымов Осип. Всеобщая история, обработанная «Сатириконом»</title>
</book>
<book>
	<filename>dyomin_s/dyomin_s_k_voprosu_ob_istorii_vozniknoveniya_drevnerusskogo_gosudarstva.fb2.zip</filename>
	<title>Дёмин С. В. К вопросу об истории возникновения древнерусского государства</title>
</book>
<book>
	<filename>dyomin_s/dyomin_s_oleg_osnovatel_gosudarstva_kievskoi_rusi.fb2.zip</filename>
	<title>Дёмин С. В. Олег – основатель государства Киевской Руси</title>
</book>
<book>
	<filename>dyorri_doris/dyorri_doris_sinee_plate.fb2.zip</filename>
	<title>Дёрри Дорис. Синее платье</title>
</book>
<book>
	<filename>dyshev_andrei/dyshev_andrei_chernyi_kvadrat.fb2.zip</filename>
	<title>Дышев Андрей. Черный квадрат</title>
</book>
<book>
	<filename>dyshev_andrei/dyshev_andrei_othodnoi_manevr.fb2.zip</filename>
	<title>Дышев Андрей. Отходной маневр</title>
</book>
<book>
	<filename>dyshev_andrei/dyshev_andrei_zakon_volka.fb2.zip</filename>
	<title>Дышев Андрей Михайлович. Закон волка</title>
</book>
<book>
	<filename>dyuar_aila/dyuar_aila_neprichesannye_razgovory.fb2.zip</filename>
	<title>Дьюар Айла. Непричесанные разговоры</title>
</book>
<book>
	<filename>dyubyei_sandra/dyubyei_sandra_neukrotimyi.fb2.zip</filename>
	<title>Дюбэй Сандра. Неукротимый</title>
</book>
<book>
	<filename>dyubyei_sandra/dyubyei_sandra_nochnoi_vsadnik.fb2.zip</filename>
	<title>Дюбэй Сандра. Ночной всадник</title>
</book>
<book>
	<filename>dyu_dzhonatan/dyu_dzhonatan_zinedin_zidan_zolotaya_lysina_zizu.fb2.zip</filename>
	<title>Дью Джонатан. Зинедин Зидан. Золотая лысина Зизу</title>
</book>
<book>
	<filename>dyuk_dyevid/dyuk_dyevid_evreiskii_vopros_glazami_amerikanca.fb2.zip</filename>
	<title>Дюк Дэвид. Еврейский вопрос глазами американца</title>
</book>
<book>
	<filename>dyukorne_riki/dyukorne_riki_doznanie_roman_o_markize_de_sade.fb2.zip</filename>
	<title>Дюкорне Рики. Дознание... Роман о маркизе де Саде</title>
</book>
<book>
	<filename>dyukov_aleksandr/dyukov_aleksandr_za_chto_srazhalis_sovetskie_lyudi_russkii_ne_dolzhen_umeret.fb2.zip</filename>
	<title>Дюков Александр. За что сражались советские люди. «Русский НЕ должен умереть»</title>
</book>
<book>
	<filename>dyuksvill_kyetrin/dyuksvill_kyetrin_ametistovaya_korona.fb2.zip</filename>
	<title>Дюксвилл Кэтрин. Аметистовая корона</title>
</book>
<book>
	<filename>dyuma_aleksandr/dyuma_aleksandr_akteya.fb2.zip</filename>
	<title>Дюма Александр. Актея</title>
</book>
<book>
	<filename>dyuma_aleksandr/dyuma_aleksandr_anzh_pitu.fb2.zip</filename>
	<title>Дюма Александр. Анж Питу</title>
</book>
<book>
	<filename>dyuma_aleksandr/dyuma_aleksandr_ashbornskii_pastor.fb2.zip</filename>
	<title>Дюма Александр. Ашборнский пастор</title>
</book>
<book>
	<filename>dyuma_aleksandr/dyuma_aleksandr_askanio.fb2.zip</filename>
	<title>Дюма Александр. Асканио</title>
</book>
<book>
	<filename>dyuma_aleksandr/dyuma_aleksandr_bastard_de_moleon.fb2.zip</filename>
	<title>Дюма Александр. Бастард де Молеон</title>
</book>
<book>
	<filename>dyuma_aleksandr/dyuma_aleksandr_belye_i_sinie.fb2.zip</filename>
	<title>Дюма Александр. Белые и синие</title>
</book>
<book>
	<filename>dyuma_aleksandr/dyuma_aleksandr_carica_sladostrastiya.fb2.zip</filename>
	<title>Дюма Александр. Царица Сладострастия</title>
</book>
<book>
	<filename>dyuma_aleksandr/dyuma_aleksandr_chernyi_tyulpan.fb2.zip</filename>
	<title>Дюма Александр. Черный тюльпан</title>
</book>
<book>
	<filename>dyuma_aleksandr/dyuma_aleksandr_den_v_fonteneoroz.fb2.zip</filename>
	<title>Дюма Александр. День в Фонтене-о-Роз</title>
</book>
<book>
	<filename>dyuma_aleksandr/dyuma_aleksandr_doch_markiza.fb2.zip</filename>
	<title>Дюма Александр. Дочь маркиза</title>
</book>
<book>
	<filename>dyuma_aleksandr/dyuma_aleksandr_doch_regenta.fb2.zip</filename>
	<title>Дюма Александр. Дочь регента</title>
</book>
<book>
	<filename>dyuma_aleksandr/dyuma_aleksandr_dvadcat_let_spustya.fb2.zip</filename>
	<title>Дюма Александр. Двадцать лет спустя</title>
</book>
<book>
	<filename>dyuma_aleksandr/dyuma_aleksandr_dve_diany.fb2.zip</filename>
	<title>Дюма Александр. Две Дианы</title>
</book>
<book>
	<filename>dyuma_aleksandr/dyuma_aleksandr_dve_korolevy.fb2.zip</filename>
	<title>Дюма Александр. Две королевы</title>
</book>
<book>
	<filename>dyuma_aleksandr/dyuma_aleksandr_dzhentlmeny_serrymoreny_i_chudesnaya_istoriya_dona_bernardo_de_sunigi.fb2.zip</filename>
	<title>Дюма Александр. Джентльмены Сьерры-Морены и Чудесная история дона Бернардо де Суньиги</title>
</book>
<book>
	<filename>dyuma_aleksandr/dyuma_aleksandr_dzhuzeppe_balzamo_zapiski_vracha_tom_1.fb2.zip</filename>
	<title>Дюма Александр. Джузеппе Бальзамо (Записки врача). Том 1</title>
</book>
<book>
	<filename>dyuma_aleksandr/dyuma_aleksandr_dzhuzeppe_balzamo_zapiski_vracha_tom_2.fb2.zip</filename>
	<title>Дюма Александр. Джузеппе Бальзамо (Записки врача). Том 2</title>
</book>
<book>
	<filename>dyuma_aleksandr/dyuma_aleksandr_grafinya_de_monsoro_tom_1.fb2.zip</filename>
	<title>Дюма Александр. Графиня де Монсоро. Том 1</title>
</book>
<book>
	<filename>dyuma_aleksandr/dyuma_aleksandr_grafinya_de_monsoro_tom_2.fb2.zip</filename>
	<title>Дюма Александр. Графиня де Монсоро. Том 2</title>
</book>
<book>
	<filename>dyuma_aleksandr/dyuma_aleksandr_grafinya_de_sharni_tom_1.fb2.zip</filename>
	<title>Дюма Александр. Графиня де Шарни. Том 1</title>
</book>
<book>
	<filename>dyuma_aleksandr/dyuma_aleksandr_grafinya_de_sharni_tom_2.fb2.zip</filename>
	<title>Дюма Александр. Графиня де Шарни. Том 2</title>
</book>
<book>
	<filename>dyuma_aleksandr/dyuma_aleksandr_grafinya_solsberi.fb2.zip</filename>
	<title>Дюма Александр. Графиня Солсбери</title>
</book>
<book>
	<filename>dyuma_aleksandr/dyuma_aleksandr_graf_montekristo.fb2.zip</filename>
	<title>Дюма Александр. Граф Монте-Кристо</title>
</book>
<book>
	<filename>dyuma_aleksandr/dyuma_aleksandr_inzhenyu.fb2.zip</filename>
	<title>Дюма Александр. Инженю</title>
</book>
<book>
	<filename>dyuma_aleksandr/dyuma_aleksandr_isaak_lakedem.fb2.zip</filename>
	<title>Дюма Александр. Исаак Лакедем</title>
</book>
<book>
	<filename>dyuma_aleksandr/dyuma_aleksandr_izabella_bavarskaya.fb2.zip</filename>
	<title>Дюма Александр. Изабелла Баварская</title>
</book>
<book>
	<filename>dyuma_aleksandr/dyuma_aleksandr_kapitan_pol.fb2.zip</filename>
	<title>Дюма Александр. Капитан Поль</title>
</book>
<book>
	<filename>dyuma_aleksandr/dyuma_aleksandr_karl_velikii.fb2.zip</filename>
	<title>Дюма Александр. Карл Великий</title>
</book>
<book>
	<filename>dyuma_aleksandr/dyuma_aleksandr_katrin_blyum.fb2.zip</filename>
	<title>Дюма Александр. Катрин Блюм</title>
</book>
<book>
	<filename>dyuma_aleksandr/dyuma_aleksandr_knyaginya_monako.fb2.zip</filename>
	<title>Дюма Александр. Княгиня Монако</title>
</book>
<book>
	<filename>dyuma_aleksandr/dyuma_aleksandr_koroleva_margo.fb2.zip</filename>
	<title>Дюма Александр. Королева Марго</title>
</book>
<book>
	<filename>dyuma_aleksandr/dyuma_aleksandr_kucher_kabrioleta.fb2.zip</filename>
	<title>Дюма Александр. Кучер кабриолета</title>
</book>
<book>
	<filename>dyuma_aleksandr/dyuma_aleksandr_lyubovnoe_priklyuchenie.fb2.zip</filename>
	<title>Дюма Александр. Любовное приключение</title>
</book>
<book>
	<filename>dyuma_aleksandr/dyuma_aleksandr_lyudovik_xv_i_ego_yepoha.fb2.zip</filename>
	<title>Дюма Александр. Людовик XV и его эпоха</title>
</book>
<book>
	<filename>dyuma_aleksandr/dyuma_aleksandr_madam_de_shamble.fb2.zip</filename>
	<title>Дюма Александр. Мадам де Шамбле</title>
</book>
<book>
	<filename>dyuma_aleksandr/dyuma_aleksandr_madam_lafarg.fb2.zip</filename>
	<title>Дюма Александр. Мадам Лафарг</title>
</book>
<book>
	<filename>dyuma_aleksandr/dyuma_aleksandr_maskarad.fb2.zip</filename>
	<title>Дюма Александр. Маскарад</title>
</book>
<book>
	<filename>dyuma_aleksandr/dyuma_aleksandr_monsener_gaston_feb.fb2.zip</filename>
	<title>Дюма Александр. Монсеньер Гастон Феб</title>
</book>
<book>
	<filename>dyuma_aleksandr/dyuma_aleksandr_noch_vo_florencii.fb2.zip</filename>
	<title>Дюма Александр. Ночь во Флоренции</title>
</book>
<book>
	<filename>dyuma_aleksandr/dyuma_aleksandr_obed_u_rossini_ili_dva_studenta_iz_boloni.fb2.zip</filename>
	<title>Дюма Александр. Обед у Россини, или Два студента из Болоньи</title>
</book>
<book>
	<filename>dyuma_aleksandr/dyuma_aleksandr_ognennyi_ostrov.fb2.zip</filename>
	<title>Дюма Александр. Огненный остров</title>
</book>
<book>
	<filename>dyuma_aleksandr/dyuma_aleksandr_ohotnik_na_vodoplavayushuyu_dich.fb2.zip</filename>
	<title>Дюма Александр. Охотник на водоплавающую дичь</title>
</book>
<book>
	<filename>dyuma_aleksandr/dyuma_aleksandr_olimpiya_klevskaya.fb2.zip</filename>
	<title>Дюма Александр. Олимпия Клевская</title>
</book>
<book>
	<filename>dyuma_aleksandr/dyuma_aleksandr_otonluchnik.fb2.zip</filename>
	<title>Дюма Александр. Отон-лучник</title>
</book>
<book>
	<filename>dyuma_aleksandr/dyuma_aleksandr_ozherele_korolevy.fb2.zip</filename>
	<title>Дюма Александр. Ожерелье королевы</title>
</book>
<book>
	<filename>dyuma_aleksandr/dyuma_aleksandr_papasha_goremyka.fb2.zip</filename>
	<title>Дюма Александр. Папаша Горемыка</title>
</book>
<book>
	<filename>dyuma_aleksandr/dyuma_aleksandr_parizhane_i_provincialy.fb2.zip</filename>
	<title>Дюма Александр. Парижане и провинциалы</title>
</book>
<book>
	<filename>dyuma_aleksandr/dyuma_aleksandr_parizhskie_mogikane_tom_1.fb2.zip</filename>
	<title>Дюма Александр. Парижские могикане. Том 1</title>
</book>
<book>
	<filename>dyuma_aleksandr/dyuma_aleksandr_parizhskie_mogikane_tom_2.fb2.zip</filename>
	<title>Дюма Александр. Парижские могикане. Том 2</title>
</book>
<book>
	<filename>dyuma_aleksandr/dyuma_aleksandr_paskal_bruno.fb2.zip</filename>
	<title>Дюма Александр. Паскаль Бруно</title>
</book>
<book>
	<filename>dyuma_aleksandr/dyuma_aleksandr_pazh_gercoga_savoiskogo.fb2.zip</filename>
	<title>Дюма Александр. Паж герцога Савойского</title>
</book>
<book>
	<filename>dyuma_aleksandr/dyuma_aleksandr_per_de_zhiak.fb2.zip</filename>
	<title>Дюма Александр. Пьер де Жиак</title>
</book>
<book>
	<filename>dyuma_aleksandr/dyuma_aleksandr_pipin_korotkii.fb2.zip</filename>
	<title>Дюма Александр. Пипин Короткий</title>
</book>
<book>
	<filename>dyuma_aleksandr/dyuma_aleksandr_polina.fb2.zip</filename>
	<title>Дюма Александр. Полина</title>
</book>
<book>
	<filename>dyuma_aleksandr/dyuma_aleksandr_predskazanie.fb2.zip</filename>
	<title>Дюма Александр. Предсказание</title>
</book>
<book>
	<filename>dyuma_aleksandr/dyuma_aleksandr_predvoditel_volkov.fb2.zip</filename>
	<title>Дюма Александр. Предводитель волков</title>
</book>
<book>
	<filename>dyuma_aleksandr/dyuma_aleksandr_priklyucheniya_liderika.fb2.zip</filename>
	<title>Дюма Александр. Приключения Лидерика</title>
</book>
<book>
	<filename>dyuma_aleksandr/dyuma_aleksandr_prusskii_terror.fb2.zip</filename>
	<title>Дюма Александр. Прусский террор</title>
</book>
<book>
	<filename>dyuma_aleksandr/dyuma_aleksandr_robin_gud.fb2.zip</filename>
	<title>Дюма Александр. Робин Гуд</title>
</book>
<book>
	<filename>dyuma_aleksandr/dyuma_aleksandr_roman_violetty.fb2.zip</filename>
	<title>Дюма Александр. Роман Виолетты</title>
</book>
<book>
	<filename>dyuma_aleksandr/dyuma_aleksandr_salteador.fb2.zip</filename>
	<title>Дюма Александр. Сальтеадор</title>
</book>
<book>
	<filename>dyuma_aleksandr/dyuma_aleksandr_salvator_tom_1.fb2.zip</filename>
	<title>Дюма Александр. Сальватор. Том 1</title>
</book>
<book>
	<filename>dyuma_aleksandr/dyuma_aleksandr_salvator_tom_2.fb2.zip</filename>
	<title>Дюма Александр. Сальватор. Том 2</title>
</book>
<book>
	<filename>dyuma_aleksandr/dyuma_aleksandr_sanfeliche_kniga_pervaya.fb2.zip</filename>
	<title>Дюма Александр. Сан-Феличе. Книга первая</title>
</book>
<book>
	<filename>dyuma_aleksandr/dyuma_aleksandr_sanfeliche_kniga_vtoraya.fb2.zip</filename>
	<title>Дюма Александр. Сан-Феличе. Книга вторая</title>
</book>
<book>
	<filename>dyuma_aleksandr/dyuma_aleksandr_shevale_darmantal.fb2.zip</filename>
	<title>Дюма Александр. Шевалье д'Арманталь</title>
</book>
<book>
	<filename>dyuma_aleksandr/dyuma_aleksandr_shevale_de_mezonruzh.fb2.zip</filename>
	<title>Дюма Александр. Шевалье де Мезон-Руж</title>
</book>
<book>
	<filename>dyuma_aleksandr/dyuma_aleksandr_silvandir.fb2.zip</filename>
	<title>Дюма Александр. Сильвандир</title>
</book>
<book>
	<filename>dyuma_aleksandr/dyuma_aleksandr_soratniki_iegu.fb2.zip</filename>
	<title>Дюма Александр. Соратники Иегу</title>
</book>
<book>
	<filename>dyuma_aleksandr/dyuma_aleksandr_sorok_pyat.fb2.zip</filename>
	<title>Дюма Александр. Сорок пять</title>
</book>
<book>
	<filename>dyuma_aleksandr/dyuma_aleksandr_syn_katorzhnika.fb2.zip</filename>
	<title>Дюма Александр. Сын каторжника</title>
</book>
<book>
	<filename>dyuma_aleksandr/dyuma_aleksandr_tainstvennyi_doktor.fb2.zip</filename>
	<title>Дюма Александр. Таинственный доктор</title>
</book>
<book>
	<filename>dyuma_aleksandr/dyuma_aleksandr_tri_mushketyora.fb2.zip</filename>
	<title>Дюма Александр. Три мушкетёра</title>
</book>
<book>
	<filename>dyuma_aleksandr/dyuma_aleksandr_tysyacha_i_odin_prizrak.fb2.zip</filename>
	<title>Дюма Александр. Тысяча и один призрак</title>
</book>
<book>
	<filename>dyuma_aleksandr/dyuma_aleksandr_uchitel_fehtovaniya.fb2.zip</filename>
	<title>Дюма Александр. Учитель фехтования</title>
</book>
<book>
	<filename>dyuma_aleksandr/dyuma_aleksandr_vikont_de_brazhelon_ili_desyat_let_spustya_tom_1.fb2.zip</filename>
	<title>Дюма Александр. Виконт де Бражелон, или Десять лет спустя. Том 1</title>
</book>
<book>
	<filename>dyuma_aleksandr/dyuma_aleksandr_vikont_de_brazhelon_ili_desyat_let_spustya_tom_2.fb2.zip</filename>
	<title>Дюма Александр. Виконт де Бражелон, или Десять лет спустя. Том 2</title>
</book>
<book>
	<filename>dyuma_aleksandr/dyuma_aleksandr_vikont_de_brazhelon_ili_desyat_let_spustya_tom_3.fb2.zip</filename>
	<title>Дюма Александр. Виконт де Бражелон, или Десять лет спустя. Том 3</title>
</book>
<book>
	<filename>dyuma_aleksandr/dyuma_aleksandr_vody_yeksa.fb2.zip</filename>
	<title>Дюма Александр. Воды Экса</title>
</book>
<book>
	<filename>dyuma_aleksandr/dyuma_aleksandr_volonter_devyanosto_vtorogo_goda.fb2.zip</filename>
	<title>Дюма Александр. Волонтер девяносто второго года</title>
</book>
<book>
	<filename>dyuma_aleksandr/dyuma_aleksandr_yeduard_iii.fb2.zip</filename>
	<title>Дюма Александр. Эдуард III</title>
</book>
<book>
	<filename>dyuma_aleksandr/dyuma_aleksandr_zamok_yepshteinov.fb2.zip</filename>
	<title>Дюма Александр. Замок Эпштейнов</title>
</book>
<book>
	<filename>dyuma_aleksandr/dyuma_aleksandr_zaveshanie_gospodina_de_shovelena.fb2.zip</filename>
	<title>Дюма Александр. Завещание господина де Шовелена</title>
</book>
<book>
	<filename>dyuma_aleksandr/dyuma_aleksandr_zheleznaya_maska.fb2.zip</filename>
	<title>Дюма Александр. Железная маска</title>
</book>
<book>
	<filename>dyuma_aleksandr/dyuma_aleksandr_zhenitby_papashi_olifusa.fb2.zip</filename>
	<title>Дюма Александр. Женитьбы папаши Олифуса</title>
</book>
<book>
	<filename>dyuma_aleksandr/dyuma_aleksandr_zhenshina_s_barhotkoi_na_shee.fb2.zip</filename>
	<title>Дюма Александр. Женщина с бархоткой на шее</title>
</book>
<book>
	<filename>dyuma_aleksandr/dyuma_aleksandr_zhenskaya_voina.fb2.zip</filename>
	<title>Дюма Александр. Женская война</title>
</book>
<book>
	<filename>dyuma_aleksandr/dyuma_aleksandr_zhenskie_strasti.fb2.zip</filename>
	<title>Дюма Александр. Женские страсти</title>
</book>
<book>
	<filename>dyuma_aleksandr/dyuma_aleksandr_zhizn_lyudovika_xiv.fb2.zip</filename>
	<title>Дюма Александр. Жизнь Людовика XIV</title>
</book>
<book>
	<filename>dyuma_aleksandr/dyuma_aleksandr_zhorzh.fb2.zip</filename>
	<title>Дюма Александр. Жорж</title>
</book>
<book>
	<filename>dyumasyn_aleksandr/dyumasyn_aleksandr_dama_s_kameliyami.fb2.zip</filename>
	<title>Дюма-сын Александр. Дама с камелиями</title>
</book>

</books>

