<?xml version="1.0" encoding="UTF-8" ?>
<books>

<book>
	<filename>e_czy_/e_czy__ogon.fb2.zip</filename>
	<title>Е Цзы. Огонь</title>
</book>
<book>
	<filename>efiminyuk_marina/efiminyuk_marina_kak_vse_nachinalos.fb2.zip</filename>
	<title>Ефиминюк Марина. Как все начиналось</title>
</book>
<book>
	<filename>efiminyuk_marina/efiminyuk_marina_lovec_dush.fb2.zip</filename>
	<title>Ефиминюк Марина. Ловец Душ</title>
</book>
<book>
	<filename>efimov_igor/efimov_igor_nevernaya.fb2.zip</filename>
	<title>Ефимов Игорь Маркович. Неверная</title>
</book>
<book>
	<filename>efimov_igor/efimov_igor_sedmaya_zhena.fb2.zip</filename>
	<title>Ефимов Игорь Маркович. Седьмая жена</title>
</book>
<book>
	<filename>efimov_p/efimov_p_chto_proizoshlo_v_vengrii.fb2.zip</filename>
	<title>Ефимов П. Что произошло в Венгрии</title>
</book>
<book>
	<filename>efimov_viktor/efimov_viktor_konceptualnaya_vlast.fb2.zip</filename>
	<title>Ефимов Виктор Алексеевич. Концептуальная власть</title>
</book>
<book>
	<filename>efimov_viktor/efimov_viktor_prozrenie.fb2.zip</filename>
	<title>Ефимов Виктор Алексеевич. Прозрение</title>
</book>
<book>
	<filename>efimov_viktor/efimov_viktor_yekonomicheskaya_azbuka.fb2.zip</filename>
	<title>Ефимов Виктор Алексеевич. Экономическая азбука</title>
</book>
<book>
	<filename>efremov_ivan/efremov_ivan_adskoe_plamya.fb2.zip</filename>
	<title>Ефремов Иван. Адское пламя</title>
</book>
<book>
	<filename>efremov_ivan/efremov_ivan_afaneor_doch_aharhellena.fb2.zip</filename>
	<title>Ефремов Иван. Афанеор, дочь Ахархеллена</title>
</book>
<book>
	<filename>efremov_ivan/efremov_ivan_almaznaya_truba.fb2.zip</filename>
	<title>Ефремов Иван. Алмазная труба</title>
</book>
<book>
	<filename>efremov_ivan/efremov_ivan_atoll_fakaofo.fb2.zip</filename>
	<title>Ефремов Иван. Атолл Факаофо</title>
</book>
<book>
	<filename>efremov_ivan/efremov_ivan_belyi_rog.fb2.zip</filename>
	<title>Ефремов Иван. Белый Рог</title>
</book>
<book>
	<filename>efremov_ivan/efremov_ivan_buhta_raduzhnyh_strui.fb2.zip</filename>
	<title>Ефремов Иван. Бухта радужных струй</title>
</book>
<book>
	<filename>efremov_ivan/efremov_ivan_chas_byka.fb2.zip</filename>
	<title>Ефремов Иван. Час Быка</title>
</book>
<book>
	<filename>efremov_ivan/efremov_ivan_doroga_vetrov.fb2.zip</filename>
	<title>Ефремов Иван. Дорога ветров</title>
</book>
<book>
	<filename>efremov_ivan/efremov_ivan_golec_podlunnyi.fb2.zip</filename>
	<title>Ефремов Иван. Голец подлунный</title>
</book>
<book>
	<filename>efremov_ivan/efremov_ivan_katti_sark.fb2.zip</filename>
	<title>Ефремов Иван. «Катти Сарк»</title>
</book>
<book>
	<filename>efremov_ivan/efremov_ivan_lezvie_britvy.fb2.zip</filename>
	<title>Ефремов Иван. Лезвие бритвы</title>
</book>
<book>
	<filename>efremov_ivan/efremov_ivan_na_krayu_oikumeny.fb2.zip</filename>
	<title>Ефремов Иван. На краю Ойкумены</title>
</book>
<book>
	<filename>efremov_ivan/efremov_ivan_observatoriya_nuridesht.fb2.zip</filename>
	<title>Ефремов Иван. Обсерватория Нур-и-Дешт</title>
</book>
<book>
	<filename>efremov_ivan/efremov_ivan_olgoihorhoi.fb2.zip</filename>
	<title>Ефремов Иван. Олгой-Хорхой</title>
</book>
<book>
	<filename>efremov_ivan/efremov_ivan_ozero_gornyh_duhov_taina_gornogo_ozera_denyder.fb2.zip</filename>
	<title>Ефремов Иван Антипович. Озеро горных духов ["Тайна горного озера"; «Дены-Дерь»]</title>
</book>
<book>
	<filename>efremov_ivan/efremov_ivan_poslednii_marsel.fb2.zip</filename>
	<title>Ефремов Иван. Последний марсель</title>
</book>
<book>
	<filename>efremov_ivan/efremov_ivan_putyami_staryh_gornyakov.fb2.zip</filename>
	<title>Ефремов Иван. Путями старых горняков</title>
</book>
<book>
	<filename>efremov_ivan/efremov_ivan_pyat_kartin.fb2.zip</filename>
	<title>Ефремов Иван. Пять картин</title>
</book>
<book>
	<filename>efremov_ivan/efremov_ivan_serdce_zmei.fb2.zip</filename>
	<title>Ефремов Иван. Сердце Змеи</title>
</book>
<book>
	<filename>efremov_ivan/efremov_ivan_tais_afinskaya.fb2.zip</filename>
	<title>Ефремов Иван. Таис Афинская</title>
</book>
<book>
	<filename>efremov_ivan/efremov_ivan_ten_minuvshego.fb2.zip</filename>
	<title>Ефремов Иван. Тень минувшего</title>
</book>
<book>
	<filename>efremov_ivan/efremov_ivan_tumannost_andromedy.fb2.zip</filename>
	<title>Ефремов Иван Антонович. Туманность Андромеды</title>
</book>
<book>
	<filename>efremov_ivan/efremov_ivan_vstrecha_nad_tuskaroroi.fb2.zip</filename>
	<title>Ефремов Иван. Встреча над Тускаророй</title>
</book>
<book>
	<filename>efremov_ivan/efremov_ivan_yellinskii_sekret.fb2.zip</filename>
	<title>Ефремов Иван. Эллинский секрет</title>
</book>
<book>
	<filename>efremov_ivan/efremov_ivan_yurta_vorona.fb2.zip</filename>
	<title>Ефремов Иван. Юрта Ворона</title>
</book>
<book>
	<filename>efremov_ivan/efremov_ivan_zvezdnye_korabli.fb2.zip</filename>
	<title>Ефремов Иван. Звездные корабли</title>
</book>
<book>
	<filename>efremov_valerii/efremov_valerii_likvidator.fb2.zip</filename>
	<title>Ефремов Валерий. Ликвидатор</title>
</book>
<book>
	<filename>efremov_valerii/efremov_valerii_ubiica_ee_muzha.fb2.zip</filename>
	<title>Ефремов Валерий. Убийца ее мужа</title>
</book>
<book>
	<filename>egorov_andrei/egorov_andrei_balansovaya_sluzhba.fb2.zip</filename>
	<title>Егоров Андрей. Балансовая служба</title>
</book>
<book>
	<filename>egorov_andrei/egorov_andrei_boevoi_kon_alfreda_menninga.fb2.zip</filename>
	<title>Егоров Андрей. Боевой конь Альфреда Меннинга</title>
</book>
<book>
	<filename>egorov_andrei/egorov_andrei_igra_na_vyzhivanie.fb2.zip</filename>
	<title>Егоров Андрей. Игра на выживание</title>
</book>
<book>
	<filename>egorov_andrei/egorov_andrei_lovushka_dlya_zhenonenavistnika.fb2.zip</filename>
	<title>Егоров Андрей. Ловушка для женоненавистника</title>
</book>
<book>
	<filename>egorov_andrei/egorov_andrei_menya_uzhe_net.fb2.zip</filename>
	<title>Егоров Андрей. Меня уже нет</title>
</book>
<book>
	<filename>egorov_andrei/egorov_andrei_na_vershine_mira.fb2.zip</filename>
	<title>Егоров Андрей. На вершине мира</title>
</book>
<book>
	<filename>egorov_andrei/egorov_andrei_popal.fb2.zip</filename>
	<title>Егоров Андрей. Попал</title>
</book>
<book>
	<filename>egorov_andrei/egorov_andrei_puteshestvie_chernogo_zhaka.fb2.zip</filename>
	<title>Егоров Андрей. Путешествие Черного Жака</title>
</book>
<book>
	<filename>egorov_andrei/egorov_andrei_sapozhnik.fb2.zip</filename>
	<title>Егоров Андрей. Сапожник</title>
</book>
<book>
	<filename>egorov_andrei/egorov_andrei_sterpor.fb2.zip</filename>
	<title>Егоров Андрей. Стерпор</title>
</book>
<book>
	<filename>egorov_andrei/egorov_andrei_veigard.fb2.zip</filename>
	<title>Егоров Андрей. Вейгард</title>
</book>
<book>
	<filename>egorov_andrei/egorov_andrei_ya_umeyu_letat.fb2.zip</filename>
	<title>Егоров Андрей. Я умею летать</title>
</book>
<book>
	<filename>egorova_olga/egorova_olga_kaplya_sveta.fb2.zip</filename>
	<title>Егорова Ольга. Капля света</title>
</book>
<book>
	<filename>egorova_olga/egorova_olga_magicheskii_kod.fb2.zip</filename>
	<title>Егорова Ольга. Магический код</title>
</book>
<book>
	<filename>egorova_olga/egorova_olga_mezhdu_dvuh_ognei.fb2.zip</filename>
	<title>Егорова Ольга. Между двух огней</title>
</book>
<book>
	<filename>egorova_olga/egorova_olga_nauchi_menya_lyubit.fb2.zip</filename>
	<title>Егорова Ольга. Научи меня любить</title>
</book>
<book>
	<filename>egorova_olga/egorova_olga_rozovaya_pantera.fb2.zip</filename>
	<title>Егорова Ольга. Розовая пантера</title>
</book>
<book>
	<filename>egorova_tatyana/egorova_tatyana_andrei_mironov_i_ya.fb2.zip</filename>
	<title>Егорова Татьяна Николаевна. Андрей Миронов и Я</title>
</book>
<book>
	<filename>egorov_oleg/egorov_oleg_vepr.fb2.zip</filename>
	<title>Егоров Олег Александрович. Вепрь</title>
</book>
<book>
	<filename>ekimov_boris/ekimov_boris_roditelskaya_subbota_rasskazy_raznyh_let.fb2.zip</filename>
	<title>Екимов Борис Петрович. Родительская суббота (рассказы разных лет)</title>
</book>
<book>
	<filename>elcin_boris/elcin_boris_ispoved_na_zadannuyu_temu.fb2.zip</filename>
	<title>Ельцин Борис Николаевич. Исповедь на заданную тему</title>
</book>
<book>
	<filename>elcin_boris/elcin_boris_prezidentskii_marafon.fb2.zip</filename>
	<title>Ельцин Борис Николаевич. Президентский марафон</title>
</book>
<book>
	<filename>elcin_boris/elcin_boris_zapiski_prezidenta.fb2.zip</filename>
	<title>Ельцин Борис Николаевич. Записки президента</title>
</book>
<book>
	<filename>elinek_yelfrida/elinek_yelfrida_lyubovnicy.fb2.zip</filename>
	<title>Елинек Эльфрида. Любовницы</title>
</book>
<book>
	<filename>elinek_yelfrida/elinek_yelfrida_pianistka.fb2.zip</filename>
	<title>Елинек Эльфрида. Пианистка</title>
</book>
<book>
	<filename>elin_nikolai/elin_nikolai_deti_myacha.fb2.zip</filename>
	<title>Елин Николай Л. Дети мяча</title>
</book>
<book>
	<filename>elin_nikolai/elin_nikolai_samozvanec.fb2.zip</filename>
	<title>Елин Николай Л. Самозванец</title>
</book>
<book>
	<filename>eliseeva_olga/eliseeva_olga_ledyanoi_krug.fb2.zip</filename>
	<title>Елисеева Ольга. Ледяной круг</title>
</book>
<book>
	<filename>elizarov_anatolii/elizarov_anatolii_kontrrazvedka_fsb_protiv_vedushih_razvedok_mira.fb2.zip</filename>
	<title>Елизаров Анатолий. Контрразведка. ФСБ против ведущих разведок мира</title>
</book>
<book>
	<filename>elizarov_evgenii/elizarov_evgenii_antichnyi_gorod.fb2.zip</filename>
	<title>Елизаров Евгений Дмитриевич. Античный город</title>
</book>
<book>
	<filename>elizarov_evgenii/elizarov_evgenii_filosofiya_koshki.fb2.zip</filename>
	<title>Елизаров Евгений Дмитриевич. Философия кошки</title>
</book>
<book>
	<filename>elizarov_evgenii/elizarov_evgenii_istoricheskie_portrety_petr_i_ioann_groznyi_vi_lenin.fb2.zip</filename>
	<title>Елизаров Евгений Дмитриевич. Исторические портреты (Петр I, Иоанн Грозный, В.И. Ленин)</title>
</book>
<book>
	<filename>elizarov_evgenii/elizarov_evgenii_mirovoi_razum.fb2.zip</filename>
	<title>Елизаров Евгений Дмитриевич. Мировой разум</title>
</book>
<book>
	<filename>elizarov_evgenii/elizarov_evgenii_perechityvaya_bibliyu.fb2.zip</filename>
	<title>Елизаров Евгений Дмитриевич. Перечитывая Библию</title>
</book>
<book>
	<filename>elizarov_evgenii/elizarov_evgenii_rozhdenie_civilizacii.fb2.zip</filename>
	<title>Елизаров Евгений Дмитриевич. Рождение цивилизации</title>
</book>
<book>
	<filename>elizarov_evgenii/elizarov_evgenii_skolko_budet_22.fb2.zip</filename>
	<title>Елизаров Евгений Дмитриевич. Сколько будет 2+2?</title>
</book>
<book>
	<filename>elizarov_evgenii/elizarov_evgenii_slovo_o_slove.fb2.zip</filename>
	<title>Елизаров Евгений Дмитриевич. Слово о слове</title>
</book>
<book>
	<filename>elizarov_evgenii/elizarov_evgenii_sotvorenie_mira_ili_yevolyuciya.fb2.zip</filename>
	<title>Елизаров Евгений Дмитриевич. Сотворение мира или эволюция?</title>
</book>
<book>
	<filename>elizarov_mihail/elizarov_mihail_pasternak.fb2.zip</filename>
	<title>Елизаров Михаил. Pasternak</title>
</book>
<book>
	<filename>elizarov_roman/elizarov_roman_sbornik_bihevioracionalizma.fb2.zip</filename>
	<title>Елизаров Роман. Сборник бихевиорационализма</title>
</book>
<book>
	<filename>elizavetin_georgii/elizavetin_georgii_dengi.fb2.zip</filename>
	<title>Елизаветин Георгий Васильевич. Деньги</title>
</book>
<book>
	<filename>elmanov_valerii/elmanov_valerii_knyazhya_dolya.fb2.zip</filename>
	<title>Елманов Валерий. Княжья доля</title>
</book>
<book>
	<filename>elmanov_valerii/elmanov_valerii_krest_i_posoh.fb2.zip</filename>
	<title>Елманов Валерий. Крест и посох</title>
</book>
<book>
	<filename>elmanov_valerii/elmanov_valerii_oko_mareny.fb2.zip</filename>
	<title>Елманов Валерий. Око Марены</title>
</book>
<book>
	<filename>elovenko_vadim/elovenko_vadim_my_sily.fb2.zip</filename>
	<title>Еловенко Вадим. Мы – силы</title>
</book>
<book>
	<filename>elovenko_vadim/elovenko_vadim_vladyka_iveri.fb2.zip</filename>
	<title>Еловенко Вадим. Владыка Ивери</title>
</book>
<book>
	<filename>emcev_mihail/emcev_mihail_sleza_bolshogo_vodopada.fb2.zip</filename>
	<title>Емцев Михаил. Слеза большого водопада</title>
</book>
<book>
	<filename>emec_dmitrii/emec_dmitrii_bilet_na_lysuyu_goru.fb2.zip</filename>
	<title>Емец Дмитрий. Билет на Лысую гору</title>
</book>
<book>
	<filename>emec_dmitrii/emec_dmitrii_gladiator_zabytyh_sozvezdii.fb2.zip</filename>
	<title>Емец Дмитрий. Гладиатор забытых созвездий</title>
</book>
<book>
	<filename>emec_dmitrii/emec_dmitrii_grob_na_kolesikah.fb2.zip</filename>
	<title>Емец Дмитрий Александрович. Гроб на колесиках</title>
</book>
<book>
	<filename>emec_dmitrii/emec_dmitrii_kalinychev.fb2.zip</filename>
	<title>Емец Дмитрий Александрович. Калинычев</title>
</book>
<book>
	<filename>emec_dmitrii/emec_dmitrii_korol_hitrosti.fb2.zip</filename>
	<title>Емец Дмитрий Александрович. Король хитрости</title>
</book>
<book>
	<filename>emec_dmitrii/emec_dmitrii_led_i_plamya_tartara.fb2.zip</filename>
	<title>Емец Дмитрий. Лед и пламя Тартара</title>
</book>
<book>
	<filename>emec_dmitrii/emec_dmitrii_lovushka_dlya_kosheya.fb2.zip</filename>
	<title>Емец Дмитрий. Ловушка для Кощея</title>
</book>
<book>
	<filename>emec_dmitrii/emec_dmitrii_mag_polunochi.fb2.zip</filename>
	<title>Емец Дмитрий. Маг полуночи</title>
</book>
<book>
	<filename>emec_dmitrii/emec_dmitrii_mest_valkirii.fb2.zip</filename>
	<title>Емец Дмитрий. Месть валькирий</title>
</book>
<book>
	<filename>emec_dmitrii/emec_dmitrii_net_nichego_huzhe_dzhinglei.fb2.zip</filename>
	<title>Емец Дмитрий Александрович. Нет ничего хуже джинглей!</title>
</book>
<book>
	<filename>emec_dmitrii/emec_dmitrii_ohotniki_za_privideniyami.fb2.zip</filename>
	<title>Емец Дмитрий Александрович. Охотники за привидениями</title>
</book>
<book>
	<filename>emec_dmitrii/emec_dmitrii_oh_uzh_yeti_rodstvenniki.fb2.zip</filename>
	<title>Емец Дмитрий Александрович. Ох уж эти родственники!</title>
</book>
<book>
	<filename>emec_dmitrii/emec_dmitrii_pirat_protiv_vsei_galaktiki.fb2.zip</filename>
	<title>Емец Дмитрий. Пират против всей галактики</title>
</book>
<book>
	<filename>emec_dmitrii/emec_dmitrii_seks_mafiya_i_gemorroi.fb2.zip</filename>
	<title>Емец Дмитрий Александрович. Секс, мафия и геморрой</title>
</book>
<book>
	<filename>emec_dmitrii/emec_dmitrii_serdce_pirata.fb2.zip</filename>
	<title>Емец Дмитрий. Сердце пирата</title>
</book>
<book>
	<filename>emec_dmitrii/emec_dmitrii_svitok_zhelanii.fb2.zip</filename>
	<title>Емец Дмитрий. Свиток желаний</title>
</book>
<book>
	<filename>emec_dmitrii/emec_dmitrii_tainaya_magiya_depresnyaka.fb2.zip</filename>
	<title>Емец Дмитрий Александрович. Тайная магия Депресняка</title>
</book>
<book>
	<filename>emec_dmitrii/emec_dmitrii_taina_zvezdnogo_strannika.fb2.zip</filename>
	<title>Емец Дмитрий. Тайна «Звездного странника»</title>
</book>
<book>
	<filename>emec_dmitrii/emec_dmitrii_tanya_grotter_i_botinki_kentavra.fb2.zip</filename>
	<title>Емец Дмитрий. Таня Гроттер и ботинки кентавра</title>
</book>
<book>
	<filename>emec_dmitrii/emec_dmitrii_tanya_grotter_i_ischezayushii_yetazh.fb2.zip</filename>
	<title>Емец Дмитрий. Таня Гроттер и исчезающий этаж</title>
</book>
<book>
	<filename>emec_dmitrii/emec_dmitrii_tanya_grotter_i_kolodec_poseidona.fb2.zip</filename>
	<title>Емец Дмитрий. Таня Гроттер и колодец Посейдона</title>
</book>
<book>
	<filename>emec_dmitrii/emec_dmitrii_tanya_grotter_i_lokon_afrodity.fb2.zip</filename>
	<title>Емец Дмитрий. Таня Гроттер и Локон Афродиты</title>
</book>
<book>
	<filename>emec_dmitrii/emec_dmitrii_tanya_grotter_i_magicheskii_kontrabas.fb2.zip</filename>
	<title>Емец Дмитрий. Таня Гроттер и магический контрабас</title>
</book>
<book>
	<filename>emec_dmitrii/emec_dmitrii_tanya_grotter_i_persten_s_zhemchuzhinoi.fb2.zip</filename>
	<title>Емец Дмитрий. Таня Гроттер и перстень с жемчужиной</title>
</book>
<book>
	<filename>emec_dmitrii/emec_dmitrii_tanya_grotter_i_zolotaya_piyavka.fb2.zip</filename>
	<title>Емец Дмитрий. Таня Гроттер и Золотая Пиявка</title>
</book>
<book>
	<filename>emec_dmitrii/emec_dmitrii_tretii_vsadnik_mraka.fb2.zip</filename>
	<title>Емец Дмитрий. Третий всадник мрака</title>
</book>
<book>
	<filename>emec_dmitrii/emec_dmitrii_v_kogtyah_kamennogo_veka.fb2.zip</filename>
	<title>Емец Дмитрий Александрович. В когтях каменного века</title>
</book>
<book>
	<filename>emec_dmitrii/emec_dmitrii_vlyublennaya_myasorubka.fb2.zip</filename>
	<title>Емец Дмитрий Александрович. Влюбленная мясорубка</title>
</book>
<book>
	<filename>emec_dmitrii/emec_dmitrii_vselenskii_neudachnik.fb2.zip</filename>
	<title>Емец Дмитрий. Вселенский неудачник</title>
</book>
<book>
	<filename>emec_dmitrii/emec_dmitrii_ya_vse_znayu.fb2.zip</filename>
	<title>Емец Дмитрий Александрович. Я все знаю!</title>
</book>
<book>
	<filename>emelyanova_nina/emelyanova_nina_kolbat.fb2.zip</filename>
	<title>Емельянова Нина Александровна. Колбат</title>
</book>
<book>
	<filename>emelyanov_boris/emelyanov_boris_kutka.fb2.zip</filename>
	<title>Емельянов Борис. Кутька</title>
</book>
<book>
	<filename>emelyanov_v/emelyanov_v_odnobokii_internacionalizm_ili_stalinizm_yeto_aziatskii_sposob_proizvodstva.fb2.zip</filename>
	<title>Емельянов В. Н. Однобокий интернационализм, или Сталинизм – это азиатский способ производства</title>
</book>
<book>
	<filename>emelyanov_yurii/emelyanov_yurii_evropa_sudit_rossiyu.fb2.zip</filename>
	<title>Емельянов Юрий Васильевич. Европа судит Россию</title>
</book>
<book>
	<filename>emelyanov_yurii/emelyanov_yurii_hrushev_smutyan_v_kremle.fb2.zip</filename>
	<title>Емельянов Юрий Васильевич. Хрущев. Смутьян в Кремле</title>
</book>
<book>
	<filename>emelyanov_yurii/emelyanov_yurii_stalin_na_vershine_vlasti.fb2.zip</filename>
	<title>Емельянов Юрий Васильевич. Сталин. На вершине власти</title>
</book>
<book>
	<filename>emelyanov_yurii/emelyanov_yurii_stalin_put_k_vlasti.fb2.zip</filename>
	<title>Емельянов Юрий Васильевич. Сталин. Путь к власти</title>
</book>
<book>
	<filename>emelyanov_yurii/emelyanov_yurii_trockii_mify_i_lichnost.fb2.zip</filename>
	<title>Емельянов Юрий Васильевич. Троцкий. Мифы и личность</title>
</book>
<book>
	<filename>epihin_a/epihin_a_zakonodatelstvo_zarubezhnyh_stran_obespechivayushee_bezopasnost_uchastnikov_ugolovnogo_sudoproizvodstva.fb2.zip</filename>
	<title>Епихин А. Ю. Законодательство зарубежных стран, обеспечивающее безопасность участников уголовного судопроизводства</title>
</book>
<book>
	<filename>ergin_dyeniel/ergin_dyeniel_dobycha.fb2.zip</filename>
	<title>Ергин Дэниел. Добыча</title>
</book>
<book>
	<filename>ermakova_l/ermakova_l_yamatomonogatari_kak_literaturnyi_pamyatnik.fb2.zip</filename>
	<title>Ермакова Л. М. Ямато-моногатари как литературный памятник</title>
</book>
<book>
	<filename>ermakov_aleksandr/ermakov_aleksandr_sila_zverya.fb2.zip</filename>
	<title>Ермаков Александр. Сила Зверя</title>
</book>
<book>
	<filename>ermakov_aleksandr/ermakov_aleksandr_sumerki_zverya.fb2.zip</filename>
	<title>Ермаков Александр. Сумерки Зверя</title>
</book>
<book>
	<filename>ermakov_aleksandr/ermakov_aleksandr_tovarishi_po_oruzhiyu.fb2.zip</filename>
	<title>Ермаков Александр. Товарищи по оружию</title>
</book>
<book>
	<filename>ermakov_aleksandr/ermakov_aleksandr_yavlenie_zverya.fb2.zip</filename>
	<title>Ермаков Александр. Явление Зверя</title>
</book>
<book>
	<filename>ermakova_lyudmila/ermakova_lyudmila_yamatomonogatari_kak_literaturnyi_pamyatnik.fb2.zip</filename>
	<title>Ермакова Людмила. Ямато-моногатари как литературный памятник</title>
</book>
<book>
	<filename>ermakov_oleg/ermakov_oleg_variacii.fb2.zip</filename>
	<title>Ермаков Олег. Вариации</title>
</book>
<book>
	<filename>ermakov_oleg/ermakov_oleg_zimoi_v_afganistane_rasskazy.fb2.zip</filename>
	<title>Ермаков Олег. Зимой в Афганистане (Рассказы)</title>
</book>
<book>
	<filename>ermakov_oleg/ermakov_oleg_znak_zverya.fb2.zip</filename>
	<title>Ермаков Олег. Знак Зверя</title>
</book>
<book>
	<filename>ermakov_sergei/ermakov_sergei_akuly_shoubiznesa.fb2.zip</filename>
	<title>Ермаков Сергей. Акулы шоу-бизнеса</title>
</book>
<book>
	<filename>ermishin_oleg/ermishin_oleg_aforizmy.fb2.zip</filename>
	<title>Ермишин Олег. Афоризмы</title>
</book>
<book>
	<filename>ermolaev_boris/ermolaev_boris_koncepcii_sovremennogo_estestvoznaniya.fb2.zip</filename>
	<title>Ермолаев Борис Валерьевич. Концепции современного естествознания</title>
</book>
<book>
	<filename>erofeev_venedikt/erofeev_venedikt_bespoleznoe_iskopaemoe.fb2.zip</filename>
	<title>Ерофеев Венедикт. Бесполезное ископаемое</title>
</book>
<book>
	<filename>erofeev_venedikt/erofeev_venedikt_moskva_petushki.fb2.zip</filename>
	<title>Ерофеев Венедикт. Москва – Петушки</title>
</book>
<book>
	<filename>erofeev_venedikt/erofeev_venedikt_moya_malenkaya_leniniana.fb2.zip</filename>
	<title>Ерофеев Венедикт. Моя маленькая лениниана</title>
</book>
<book>
	<filename>erofeev_viktor/erofeev_viktor_bog_x.fb2.zip</filename>
	<title>Ерофеев Виктор Владимирович. Бог X.</title>
</book>
<book>
	<filename>erpylev_andrei/erpylev_andrei_amerika_off.fb2.zip</filename>
	<title>Ерпылев Андрей. Америка off…</title>
</book>
<book>
	<filename>erpylev_andrei/erpylev_andrei_mavzolei_dlya_bratka.fb2.zip</filename>
	<title>Ерпылев Андрей. Мавзолей для братка</title>
</book>
<book>
	<filename>erpylev_andrei/erpylev_andrei_sluga_caryu.fb2.zip</filename>
	<title>Ерпылев Андрей. Слуга царю...</title>
</book>
<book>
	<filename>erpylev_andrei/erpylev_andrei_v_kogtyah_nevedomogo_veka.fb2.zip</filename>
	<title>Ерпылев Андрей. В когтях неведомого века</title>
</book>
<book>
	<filename>erpylev_andrei/erpylev_andrei_zazerkalnye_bliznecy.fb2.zip</filename>
	<title>Ерпылев Андрей. Зазеркальные близнецы</title>
</book>
<book>
	<filename>erpylev_andrei/erpylev_andrei_zolotoi_imperial.fb2.zip</filename>
	<title>Ерпылев Андрей. Золотой империал</title>
</book>
<book>
	<filename>ershov_pyotr/ershov_pyotr_konekgorbunok.fb2.zip</filename>
	<title>Ершов Пётр Павлович. Конек-Горбунок</title>
</book>
<book>
	<filename>ershov_pyotr/ershov_pyotr_konyokgorbunok.fb2.zip</filename>
	<title>Ершов Пётр Павлович. Конёк-Горбунок</title>
</book>
<book>
	<filename>ershov_vasilii/ershov_vasilii_otkroveniya_ezdovogo_psa.fb2.zip</filename>
	<title>Ершов Василий Васильевич. Откровения ездового пса</title>
</book>
<book>
	<filename>ershov_vasilii/ershov_vasilii_rasskazy_ezdovogo_psa.fb2.zip</filename>
	<title>Ершов Василий Васильевич. Рассказы ездового пса</title>
</book>
<book>
	<filename>ershov_vasilii/ershov_vasilii_razdumya_ezdovogo_psa.fb2.zip</filename>
	<title>Ершов Василий Васильевич. Раздумья ездового пса</title>
</book>
<book>
	<filename>esaulov_maksim/esaulov_maksim_mgnoveniya_kapitana_gromova.fb2.zip</filename>
	<title>Есаулов Максим. Мгновения капитана Громова</title>
</book>
<book>
	<filename>esaulov_maksim/esaulov_maksim_popytka_k_begstvu.fb2.zip</filename>
	<title>Есаулов Максим. Попытка к бегству</title>
</book>
<book>
	<filename>esaulov_maksim/esaulov_maksim_sobachya_rabota.fb2.zip</filename>
	<title>Есаулов Максим. Собачья работа</title>
</book>
<book>
	<filename>eschenbach_wolfram/eschenbach_wolfram_parcifal.fb2.zip</filename>
	<title>Eschenbach Wolfram Von. Парцифаль</title>
</book>
<book>
	<filename>esenberlin_ilyas/esenberlin_ilyas_gibel_aidahara.fb2.zip</filename>
	<title>Есенберлин Ильяс. Гибель Айдахара</title>
</book>
<book>
	<filename>esenberlin_ilyas/esenberlin_ilyas_han_kene.fb2.zip</filename>
	<title>Есенберлин Ильяс. Хан Кене</title>
</book>
<book>
	<filename>esenberlin_ilyas/esenberlin_ilyas_otchayanie.fb2.zip</filename>
	<title>Есенберлин Ильяс. Отчаяние</title>
</book>
<book>
	<filename>esenberlin_ilyas/esenberlin_ilyas_shest_golov_aidahara.fb2.zip</filename>
	<title>Есенберлин Ильяс. Шесть голов Айдахара</title>
</book>
<book>
	<filename>esenberlin_ilyas/esenberlin_ilyas_shestiglavyi_aidahar.fb2.zip</filename>
	<title>Есенберлин Ильяс. Шестиглавый Айдахар</title>
</book>
<book>
	<filename>esenberlin_ilyas/esenberlin_ilyas_zagovorennyi_mech.fb2.zip</filename>
	<title>Есенберлин Ильяс. Заговоренный меч</title>
</book>
<book>
	<filename>esenin_sergei/esenin_sergei_anna_snegina.fb2.zip</filename>
	<title>Есенин Сергей. Анна Снегина</title>
</book>
<book>
	<filename>esenin_sergei/esenin_sergei_pugachev.fb2.zip</filename>
	<title>Есенин Сергей. Пугачев</title>
</book>
<book>
	<filename>esenin_sergei/esenin_sergei_sobranie_stihotvorenii.fb2.zip</filename>
	<title>Есенин Сергей Александрович. Собрание стихотворений</title>
</book>
<book>
	<filename>esenin_sergei/esenin_sergei_yar.fb2.zip</filename>
	<title>Есенин Сергей Александрович. Яр</title>
</book>
<book>
	<filename>esenzhanov_hamza/esenzhanov_hamza_yaik_svetlaya_reka.fb2.zip</filename>
	<title>Есенжанов Хамза. Яик – светлая река</title>
</book>
<book>
	<filename>e_shyentao_/e_shyentao__afyen.fb2.zip</filename>
	<title>Е Шэн-Тао. А-фэн</title>
</book>
<book>
	<filename>e_shyentao_/e_shyentao__gorkii_ris.fb2.zip</filename>
	<title>Е Шэн-Тао. Горький рис</title>
</book>
<book>
	<filename>e_shyentao_/e_shyentao__noch.fb2.zip</filename>
	<title>Е Шэн-Тао. Ночь</title>
</book>
<book>
	<filename>e_shyentao_/e_shyentao__v_gorode.fb2.zip</filename>
	<title>Е Шэн-Тао. В городе</title>
</book>
<book>
	<filename>esinenku_nikolae/esinenku_nikolae_allo_teo.fb2.zip</filename>
	<title>Есиненку Николае. Алло, Тео!</title>
</book>
<book>
	<filename>esin_sergei/esin_sergei_hurgada_russkie_zabavy_na_otdyhe.fb2.zip</filename>
	<title>Есин Сергей Николаевич. Хургада. Русские забавы на отдыхе</title>
</book>
<book>
	<filename>esin_sergei/esin_sergei_imitator.fb2.zip</filename>
	<title>Есин Сергей Николаевич. Имитатор</title>
</book>
<book>
	<filename>esin_sergei/esin_sergei_marburg.fb2.zip</filename>
	<title>Есин Сергей Николаевич. Марбург</title>
</book>
<book>
	<filename>eskov_kirill/eskov_kirill_ballady_o_borerobingude_iz_rossii_s_privetom.fb2.zip</filename>
	<title>Еськов Кирилл. Баллады о Боре-Робингуде: Из России – с приветом</title>
</book>
<book>
	<filename>eskov_kirill/eskov_kirill_ballady_o_borerobingude_karibskoe_tango.fb2.zip</filename>
	<title>Еськов Кирилл. Баллады о Боре-Робингуде: Карибское танго</title>
</book>
<book>
	<filename>eskov_kirill/eskov_kirill_ballady_o_borerobingude_paladiny_i_saraciny.fb2.zip</filename>
	<title>Еськов Кирилл. Баллады о Боре-Робингуде: Паладины и сарацины</title>
</book>
<book>
	<filename>eskov_kirill/eskov_kirill_evangelie_ot_afraniya.fb2.zip</filename>
	<title>Еськов Кирилл. Евангелие от Афрания</title>
</book>
<book>
	<filename>eskov_kirill/eskov_kirill_poslednii_kolcenosec.fb2.zip</filename>
	<title>Еськов Кирилл. Последний кольценосец</title>
</book>
<book>
	<filename>etoev_aleksandr/etoev_aleksandr_begstvo_v_egipet.fb2.zip</filename>
	<title>Етоев Александр. Бегство в Египет</title>
</book>
<book>
	<filename>etoev_aleksandr/etoev_aleksandr_chelovek_cheloveku_lazar.fb2.zip</filename>
	<title>Етоев Александр. Человек человеку Лазарь</title>
</book>
<book>
	<filename>etoev_aleksandr/etoev_aleksandr_kak_druzhba_s_nedruzhboyu_voevali.fb2.zip</filename>
	<title>Етоев Александр. Как дружба с недружбою воевали</title>
</book>
<book>
	<filename>etoev_aleksandr/etoev_aleksandr_obratnaya_storona_zemli.fb2.zip</filename>
	<title>Етоев Александр. Обратная сторона Земли</title>
</book>
<book>
	<filename>etoev_aleksandr/etoev_aleksandr_peshnoe_deistvo.fb2.zip</filename>
	<title>Етоев Александр. Пещное действо</title>
</book>
<book>
	<filename>etoev_aleksandr/etoev_aleksandr_simplegady.fb2.zip</filename>
	<title>Етоев Александр. Симплегады</title>
</book>
<book>
	<filename>etoev_aleksandr/etoev_aleksandr_vosmaya_taina_vselennoi.fb2.zip</filename>
	<title>Етоев Александр. Восьмая тайна вселенной</title>
</book>
<book>
	<filename>etoev_aleksandr/etoev_aleksandr_yekspert_po_vdoham_i_vydoham.fb2.zip</filename>
	<title>Етоев Александр. Эксперт по вдохам и выдохам</title>
</book>
<book>
	<filename>etoev_aleksandr/etoev_aleksandr_yeksponat_ili_nashi_v_kosmose.fb2.zip</filename>
	<title>Етоев Александр. Экспонат, или Наши в космосе</title>
</book>
<book>
	<filename>etoev_aleksandr/etoev_aleksandr_zhenya.fb2.zip</filename>
	<title>Етоев Александр. Женя</title>
</book>
<book>
	<filename>etoev_aleksandr/etoev_aleksandr_zmeya_pozhravshaya_chelovechestvo.fb2.zip</filename>
	<title>Етоев Александр. Змея, пожравшая человечество</title>
</book>
<book>
	<filename>eugenides_jeffrey/eugenides_jeffrey_middlesex.fb2.zip</filename>
	<title>Eugenides Jeffrey. Middlesex</title>
</book>
<book>
	<filename>evdokimov_aleksei/evdokimov_aleksei_novaya_zhizn.fb2.zip</filename>
	<title>Евдокимов Алексей. Новая жизнь</title>
</book>
<book>
	<filename>evdokimov_andrei/evdokimov_andrei_ploshad_diktatury.fb2.zip</filename>
	<title>Евдокимов Андрей. Площадь диктатуры</title>
</book>
<book>
	<filename>evdokimov_nikolai/evdokimov_nikolai_greshnica.fb2.zip</filename>
	<title>Евдокимов Николай Семенович. Грешница</title>
</book>
<book>
	<filename>evgeneva_mariya/evgeneva_mariya_carica_v_posteli.fb2.zip</filename>
	<title>Евгеньева Мария. Царица в постели</title>
</book>
<book>
	<filename>evgenidis_dzheffri/evgenidis_dzheffri_srednii_pol.fb2.zip</filename>
	<title>Евгенидис Джеффри. Средний пол</title>
</book>
<book>
	<filename>evnapii_/evnapii__zhizni_filosofov_i_sofistov.fb2.zip</filename>
	<title>Евнапий. Жизни философов и софистов</title>
</book>
<book>
	<filename>evplanov_andrei/evplanov_andrei_zmeyuka_na_grudi.fb2.zip</filename>
	<title>Евпланов Андрей. Змеюка на груди</title>
</book>
<book>
	<filename>evseenko_ivan/evseenko_ivan_otshelnik.fb2.zip</filename>
	<title>Евсеенко Иван Иванович. Отшельник</title>
</book>
<book>
	<filename>evseenko_ivan/evseenko_ivan_palomnik.fb2.zip</filename>
	<title>Евсеенко Иван Иванович. Паломник</title>
</book>
<book>
	<filename>evseenko_ivan/evseenko_ivan_sedmaya_kartina.fb2.zip</filename>
	<title>Евсеенко Иван Иванович. Седьмая картина</title>
</book>
<book>
	<filename>evstafev_mihail/evstafev_mihail_v_dvuh_shagah_ot_raya.fb2.zip</filename>
	<title>Евстафьев Михаил Александрович. В двух шагах от рая</title>
</book>
<book>
	<filename>evtropii_/evtropii__kratkaya_istoriya_ot_osnovaniya_goroda.fb2.zip</filename>
	<title>Евтропий. Краткая история от основания Города</title>
</book>
<book>
	<filename>evtushenko_aleksei/evtushenko_aleksei_beglec.fb2.zip</filename>
	<title>Евтушенко Алексей Анатольевич. Беглец</title>
</book>
<book>
	<filename>evtushenko_aleksei/evtushenko_aleksei_beg_petuha.fb2.zip</filename>
	<title>Евтушенко Алексей Анатольевич. Бег петуха</title>
</book>
<book>
	<filename>evtushenko_aleksei/evtushenko_aleksei_chelobitnaya.fb2.zip</filename>
	<title>Евтушенко Алексей Анатольевич. Челобитная</title>
</book>
<book>
	<filename>evtushenko_aleksei/evtushenko_aleksei_chelovekt_ili_priklyucheniya_yekipazha_paharya.fb2.zip</filename>
	<title>Евтушенко Алексей. Человек-Т, или Приключения экипажа ''Пахаря''</title>
</book>
<book>
	<filename>evtushenko_aleksei/evtushenko_aleksei_devushka_iz_sfinksa.fb2.zip</filename>
	<title>Евтушенко Алексей Анатольевич. Девушка из «Сфинкса»</title>
</book>
<book>
	<filename>evtushenko_aleksei/evtushenko_aleksei_drevnee_zaklyate.fb2.zip</filename>
	<title>Евтушенко Алексей Анатольевич. Древнее заклятье</title>
</book>
<book>
	<filename>evtushenko_aleksei/evtushenko_aleksei_igrushka.fb2.zip</filename>
	<title>Евтушенко Алексей Анатольевич. Игрушка</title>
</book>
<book>
	<filename>evtushenko_aleksei/evtushenko_aleksei_imya_dlya_geroya.fb2.zip</filename>
	<title>Евтушенко Алексей. Имя для героя</title>
</book>
<book>
	<filename>evtushenko_aleksei/evtushenko_aleksei_kedrovaya_shishka.fb2.zip</filename>
	<title>Евтушенко Алексей. Кедровая шишка</title>
</book>
<book>
	<filename>evtushenko_aleksei/evtushenko_aleksei_lovushka_dlya_artemidy.fb2.zip</filename>
	<title>Евтушенко Алексей Анатольевич. Ловушка для Артемиды</title>
</book>
<book>
	<filename>evtushenko_aleksei/evtushenko_aleksei_malchik_i_oblaka.fb2.zip</filename>
	<title>Евтушенко Алексей. Мальчик и облака</title>
</book>
<book>
	<filename>evtushenko_aleksei/evtushenko_aleksei_nochnoi_tarif.fb2.zip</filename>
	<title>Евтушенко Алексей. Ночной тариф</title>
</book>
<book>
	<filename>evtushenko_aleksei/evtushenko_aleksei_ohota_na_akteona.fb2.zip</filename>
	<title>Евтушенко Алексей. Охота на Актеона</title>
</book>
<book>
	<filename>evtushenko_aleksei/evtushenko_aleksei_otkrovenie_bucinanta.fb2.zip</filename>
	<title>Евтушенко Алексей Анатольевич. Откровение Буцинанта</title>
</book>
<book>
	<filename>evtushenko_aleksei/evtushenko_aleksei_otryad2.fb2.zip</filename>
	<title>Евтушенко Алексей. Отряд-2</title>
</book>
<book>
	<filename>evtushenko_aleksei/evtushenko_aleksei_otryad3_kontrolnoe_izmerenie.fb2.zip</filename>
	<title>Евтушенко Алексей. Отряд-3. Контрольное измерение</title>
</book>
<book>
	<filename>evtushenko_aleksei/evtushenko_aleksei_otryad.fb2.zip</filename>
	<title>Евтушенко Алексей. Отряд</title>
</book>
<book>
	<filename>evtushenko_aleksei/evtushenko_aleksei_pod_kolesami_zvezdy.fb2.zip</filename>
	<title>Евтушенко Алексей Анатольевич. Под колесами – звезды</title>
</book>
<book>
	<filename>evtushenko_aleksei/evtushenko_aleksei_sluga.fb2.zip</filename>
	<title>Евтушенко Алексей. Слуга</title>
</book>
<book>
	<filename>evtushenko_aleksei/evtushenko_aleksei_spasitel_mira.fb2.zip</filename>
	<title>Евтушенко Алексей Анатольевич. Спаситель мира</title>
</book>
<book>
	<filename>evtushenko_aleksei/evtushenko_aleksei_tarakanya_istoriya.fb2.zip</filename>
	<title>Евтушенко Алексей Анатольевич. Тараканья история</title>
</book>
<book>
	<filename>evtushenko_aleksei/evtushenko_aleksei_umelec.fb2.zip</filename>
	<title>Евтушенко Алексей Анатольевич. Умелец</title>
</book>
<book>
	<filename>ezerskaya_elena/ezerskaya_elena_krepostnaya_navsegda.fb2.zip</filename>
	<title>Езерская Елена. Крепостная навсегда</title>
</book>
<book>
	<filename>ezerskaya_elena/ezerskaya_elena_lyubov_i_korona.fb2.zip</filename>
	<title>Езерская Елена. Любовь и корона</title>
</book>
<book>
	<filename>ezerskaya_elena/ezerskaya_elena_nevozmozhnoe_schaste.fb2.zip</filename>
	<title>Езерская Елена. Невозможное счастье</title>
</book>
<book>
	<filename>ezerskaya_elena/ezerskaya_elena_peterburgskie_labirinty.fb2.zip</filename>
	<title>Езерская Елена. Петербургские лабиринты</title>
</book>
<book>
	<filename>ezerskaya_elena/ezerskaya_elena_princessy_tozhe_plachut.fb2.zip</filename>
	<title>Езерская Елена. Принцессы тоже плачут</title>
</book>
<book>
	<filename>ezerskaya_elena/ezerskaya_elena_rokovoi_vystrel.fb2.zip</filename>
	<title>Езерская Елена. Роковой Выстрел</title>
</book>
<book>
	<filename>ezerskaya_elena/ezerskaya_elena_uroki_sudby.fb2.zip</filename>
	<title>Езерская Елена. Уроки судьбы</title>
</book>
<book>
	<filename>ezerskaya_elena/ezerskaya_elena_vozvrashenie.fb2.zip</filename>
	<title>Езерская Елена. Возвращение</title>
</book>
<book>
	<filename>ezerskii_milei/ezerskii_milei_kamenotes_nugri.fb2.zip</filename>
	<title>Езерский Милей. Каменотес Нугри</title>
</book>
<book>
	<filename>ezhov_valentin/ezhov_valentin_beloe_solnce_pustyni.fb2.zip</filename>
	<title>Ежов Валентин Иванович. Белое солнце пустыни</title>
</book>
<book>
	<filename>ezhov_valentin/ezhov_valentin_beloe_solnce_pustyni_polnaya_versiya.fb2.zip</filename>
	<title>Ежов Валентин Иванович. Белое солнце пустыни. Полная версия</title>
</book>


</books>
