<?xml version="1.0" encoding="UTF-8" ?>
<books>
<book>
	<filename>gryei_dzhon/gryei_dzhon_deti_s_nebes.fb2.zip</filename>
	<title>Грэй Джон. Дети с небес</title>
</book>
<book>
	<filename>gryei_dzhon/gryei_dzhon_muzhchiny_s_marsa_zhenshiny_s_venery.fb2.zip</filename>
	<title>Грэй Джон. Мужчины с Марса, женщины с Венеры</title>
</book>
<book>
	<filename>gryem_hizer/gryem_hizer_beglyanka.fb2.zip</filename>
	<title>Грэм Хизер. Беглянка</title>
</book>
<book>
	<filename>gryem_hizer/gryem_hizer_burnyi_rai.fb2.zip</filename>
	<title>Грэм Хизер. Бурный рай</title>
</book>
<book>
	<filename>gryem_hizer/gryem_hizer_dama_chervei.fb2.zip</filename>
	<title>Грэм Хизер. Дама червей</title>
</book>
<book>
	<filename>gryem_hizer/gryem_hizer_lyubov_v_ogne.fb2.zip</filename>
	<title>Грэм Хизер. Любовь в огне</title>
</book>
<book>
	<filename>gryem_hizer/gryem_hizer_moi_vrag_moi_lyubimyi.fb2.zip</filename>
	<title>Грэм Хизер. Мой враг, мой любимый</title>
</book>
<book>
	<filename>gryem_hizer/gryem_hizer_myatezhnica.fb2.zip</filename>
	<title>Грэм Хизер. Мятежница</title>
</book>
<book>
	<filename>gryem_hizer/gryem_hizer_na_vsyu_zhizn.fb2.zip</filename>
	<title>Грэм Хизер. На всю жизнь</title>
</book>
<book>
	<filename>gryem_hizer/gryem_hizer_nepokornaya_i_obolstitelnaya.fb2.zip</filename>
	<title>Грэм Хизер. Непокорная и обольстительная</title>
</book>
<book>
	<filename>gryem_hizer/gryem_hizer_nichto_ne_razluchit_nas.fb2.zip</filename>
	<title>Грэм Хизер. Ничто не разлучит нас</title>
</book>
<book>
	<filename>gryem_hizer/gryem_hizer_noch_more_i_zvezdy.fb2.zip</filename>
	<title>Грэм Хизер. Ночь, море и звезды</title>
</book>
<book>
	<filename>gryem_hizer/gryem_hizer_obolstitelnica.fb2.zip</filename>
	<title>Грэм Хизер. Обольстительница</title>
</book>
<book>
	<filename>gryem_hizer/gryem_hizer_plennica.fb2.zip</filename>
	<title>Грэм Хизер. Пленница</title>
</book>
<book>
	<filename>gryem_hizer/gryem_hizer_pokorennaya_vikingom.fb2.zip</filename>
	<title>Грэм Хизер. Покоренная викингом</title>
</book>
<book>
	<filename>gryem_hizer/gryem_hizer_povelitel_volkov.fb2.zip</filename>
	<title>Грэм Хизер. Повелитель волков</title>
</book>
<book>
	<filename>gryem_hizer/gryem_hizer_sladkii_dikii_rai.fb2.zip</filename>
	<title>Грэм Хизер. Сладкий дикий рай</title>
</book>
<book>
	<filename>gryem_hizer/gryem_hizer_umirayu_ot_zhelaniya.fb2.zip</filename>
	<title>Грэм Хизер. Умираю от желания</title>
</book>
<book>
	<filename>gryem_hizer/gryem_hizer_uslada_pirata.fb2.zip</filename>
	<title>Грэм Хизер. Услада пирата</title>
</book>
<book>
	<filename>gryem_hizer/gryem_hizer_vlyublennyi_myatezhnik.fb2.zip</filename>
	<title>Грэм Хизер. Влюбленный мятежник</title>
</book>
<book>
	<filename>gryem_hizer/gryem_hizer_vozvrashenie_lyubvi.fb2.zip</filename>
	<title>Грэм Хизер. Возвращение любви</title>
</book>
<book>
	<filename>gryem_hizer/gryem_hizer_vysokii_silnyi_opasnyi.fb2.zip</filename>
	<title>Грэм Хизер. Высокий, сильный, опасный</title>
</book>
<book>
	<filename>gryem_hizer/gryem_hizer_zhazhda_iskusheniya.fb2.zip</filename>
	<title>Грэм Хизер. Жажда искушения</title>
</book>
<book>
	<filename>gryem_hizer/gryem_hizer_zhelannaya_i_verolomnaya.fb2.zip</filename>
	<title>Грэм Хизер. Желанная и вероломная</title>
</book>
<book>
	<filename>gryem_hizer/gryem_hizer_zolotoi_plen.fb2.zip</filename>
	<title>Грэм Хизер. Золотой плен</title>
</book>
<book>
	<filename>gryem_kennet/gryem_kennet_drakonlezheboka.fb2.zip</filename>
	<title>Грэм Кеннет. Дракон-лежебока</title>
</book>
<book>
	<filename>gryem_mitchell/gryem_mitchell_pyatoe_kolco.fb2.zip</filename>
	<title>Грэм Митчелл. Пятое кольцо</title>
</book>
<book>
	<filename>gryendzher_yenn/gryendzher_yenn_zloveshaya_taina_vesterfilda.fb2.zip</filename>
	<title>Грэнджер Энн. Зловещая тайна Вестерфилда</title>
</book>
<book>
	<filename>gryunebaum_gustav/gryunebaum_gustav_klassicheskii_islam_6001258.fb2.zip</filename>
	<title>Грюнебаум Густав Эдмонд фон. Классический ислам. 600-1258</title>
</book>
<book>
	<filename>grzhimek_bernhard/grzhimek_bernhard_avstraliiskie_yetyudy.fb2.zip</filename>
	<title>Гржимек Бернхард. Австралийские этюды</title>
</book>
<book>
	<filename>grzhimek_bernhard/grzhimek_bernhard_serengeti_ne_dolzhen_umeret.fb2.zip</filename>
	<title>Гржимек Бернхард. Серенгети не должен умереть</title>
</book>
<book>
	<filename>guanchzhun_lo/guanchzhun_lo_razveyannye_chary.fb2.zip</filename>
	<title>Гуаньчжун Ло. Развеянные чары</title>
</book>
<book>
	<filename>guanchzhun_lo/guanchzhun_lo_troecarstvie.fb2.zip</filename>
	<title>Гуаньчжун Ло. Троецарствие</title>
</book>
<book>
	<filename>guardini_romano/guardini_romano_gospod.fb2.zip</filename>
	<title>Гуардини Романо. Господь</title>
</book>
<book>
	<filename>gubarev_vitalii/gubarev_vitalii_korolevstvo_krivyh_zerkal_s_illyustraciyami.fb2.zip</filename>
	<title>Губарев Виталий Георгиевич. Королевство кривых зеркал (с иллюстрациями)</title>
</book>
<book>
	<filename>gubarev_vitalii/gubarev_vitalii_predane_stariny_glubokoi_s_illyustraciyami.fb2.zip</filename>
	<title>Губарев Виталий Георгиевич. Преданье старины глубокой (с иллюстрациями)</title>
</book>
<book>
	<filename>gubarev_vitalii/gubarev_vitalii_puteshestvie_na_utrennyuyu_zvezdu.fb2.zip</filename>
	<title>Губарев Виталий Георгиевич. Путешествие на утреннюю звезду</title>
</book>
<book>
	<filename>gubarev_vitalii/gubarev_vitalii_puteshestvie_na_utrennyuyu_zvezdu_s_illyustraciyami.fb2.zip</filename>
	<title>Губарев Виталий Георгиевич. Путешествие на утреннюю звезду (с иллюстрациями)</title>
</book>
<book>
	<filename>gubarev_vitalii/gubarev_vitalii_troe_na_ostrove_s_illyustraciyami.fb2.zip</filename>
	<title>Губарев Виталий Георгиевич. Трое на острове (с иллюстрациями)</title>
</book>
<book>
	<filename>gubarev_vladimir/gubarev_vladimir_utro_kosmosa_korolev_i_gagarin.fb2.zip</filename>
	<title>Губарев Владимир Степанович. Утро космоса. Королев и Гагарин</title>
</book>
<book>
	<filename>gubarev_vladimir/gubarev_vladimir_zarevo_nad_pripyatyu.fb2.zip</filename>
	<title>Губарев Владимир Степанович. Зарево над Припятью</title>
</book>
<book>
	<filename>guberman_igor/guberman_igor_chudesa_i_tragedii_chyornogo_yashika.fb2.zip</filename>
	<title>Губерман Игорь Миронович. Чудеса и трагедии чёрного ящика</title>
</book>
<book>
	<filename>guberman_igor/guberman_igor_pozhilye_zapiski.fb2.zip</filename>
	<title>Губерман Игорь. Пожилые записки</title>
</book>
<book>
	<filename>guberman_igor/guberman_igor_progulki_vokrug_baraka.fb2.zip</filename>
	<title>Губерман Игорь. Прогулки вокруг барака</title>
</book>
<book>
	<filename>guberman_igor/guberman_igor_shtrihi_k_portretu.fb2.zip</filename>
	<title>Губерман Игорь. Штрихи к портрету</title>
</book>
<book>
	<filename>guberman_igor/guberman_igor_vechernii_zvon.fb2.zip</filename>
	<title>Губерман Игорь. Вечерний звон</title>
</book>
<book>
	<filename>gucko_denis/gucko_denis_eva_ne_nuzhna.fb2.zip</filename>
	<title>Гуцко Денис Александрович. Ева не нужна</title>
</book>
<book>
	<filename>gucko_denis/gucko_denis_lyu.fb2.zip</filename>
	<title>Гуцко Денис Александрович. Лю</title>
</book>
<book>
	<filename>gucko_denis/gucko_denis_orly_nad_trupom.fb2.zip</filename>
	<title>Гуцко Денис Александрович. Орлы над трупом</title>
</book>
<book>
	<filename>gucko_denis/gucko_denis_osennii_chelovek.fb2.zip</filename>
	<title>Гуцко Денис Александрович. Осенний человек</title>
</book>
<book>
	<filename>gucko_denis/gucko_denis_sorokoviny.fb2.zip</filename>
	<title>Гуцко Денис Александрович. Сороковины</title>
</book>
<book>
	<filename>gudanec_nikolai/gudanec_nikolai_narushitel.fb2.zip</filename>
	<title>Гуданец Николай Леонардович. Нарушитель</title>
</book>
<book>
	<filename>guderian_geinc/guderian_geinc_vnimanie_tanki_istoriya_sozdaniya_tankovyh_voisk.fb2.zip</filename>
	<title>Гудериан Гейнц. Внимание, танки! История создания танковых войск</title>
</book>
<book>
	<filename>guderian_geinc/guderian_geinc_vospominaniya_soldata.fb2.zip</filename>
	<title>Гудериан Гейнц. Воспоминания солдата</title>
</book>
<book>
	<filename>gudis_dyevid/gudis_dyevid_lyubimaya_zhenshina_kyessidi.fb2.zip</filename>
	<title>Гудис Дэвид. Любимая женщина Кэссиди</title>
</book>
<book>
	<filename>gudis_dyevid/gudis_dyevid_medvezhatnik.fb2.zip</filename>
	<title>Гудис Дэвид. Медвежатник</title>
</book>
<book>
	<filename>gudis_dyevid/gudis_dyevid_nochnoi_patrul.fb2.zip</filename>
	<title>Гудис Дэвид. Ночной патруль</title>
</book>
<book>
	<filename>gudi_stiven/gudi_stiven_velikan_poshatnulsya_udastsya_li_darvinu_ustoyat.fb2.zip</filename>
	<title>Гуди Стивен. Великан пошатнулся: удастся ли Дарвину устоять?</title>
</book>
<book>
	<filename>gudkaind_terri/gudkaind_terri_chetvertoe_pravilo_volshebnika_ili_hram_vetrov.fb2.zip</filename>
	<title>Гудкайнд Терри. Четвертое правило волшебника, или Храм Ветров</title>
</book>
<book>
	<filename>gudkaind_terri/gudkaind_terri_devyatoe_pravilo_volshebnika_ili_ognennaya_cep.fb2.zip</filename>
	<title>Гудкайнд Терри. Девятое правило волшебника, или огненная цепь</title>
</book>
<book>
	<filename>gudkaind_terri/gudkaind_terri_dolgi_predkov.fb2.zip</filename>
	<title>Гудкайнд Терри. Долги предков</title>
</book>
<book>
	<filename>gudkaind_terri/gudkaind_terri_pervoe_pravilo_volshebnika.fb2.zip</filename>
	<title>Гудкайнд Терри. Первое правило волшебника</title>
</book>
<book>
	<filename>gudkaind_terri/gudkaind_terri_pyatoe_pravilo_volshebnika_ili_duh_ognya.fb2.zip</filename>
	<title>Гудкайнд Терри. Пятое правило волшебника, или Дух Огня</title>
</book>
<book>
	<filename>gudkaind_terri/gudkaind_terri_sedmoe_pravilo_volshebnika_ili_stolpy_tvoreniya.fb2.zip</filename>
	<title>Гудкайнд Терри. Седьмое Правило Волшебника или Столпы Творения</title>
</book>
<book>
	<filename>gudkaind_terri/gudkaind_terri_shestoe_pravilo_volshebnika_ili_vera_padshih.fb2.zip</filename>
	<title>Гудкайнд Терри. Шестое Правило Волшебника, или Вера Падших</title>
</book>
<book>
	<filename>gudkaind_terri/gudkaind_terri_trete_pravilo_volshebnika_ili_zashitniki_pastvy.fb2.zip</filename>
	<title>Гудкайнд Терри. Третье правило волшебника, или Защитники Паствы</title>
</book>
<book>
	<filename>gudkaind_terri/gudkaind_terri_vosmoe_pravilo_volshebnika_ili_golaya_imperiya_kniga_1.fb2.zip</filename>
	<title>Гудкайнд Терри. Восьмое Правило Волшебника, или Голая империя, книга 1</title>
</book>
<book>
	<filename>gudkaind_terri/gudkaind_terri_vosmoe_pravilo_volshebnika_ili_golaya_imperiya_kniga_2.fb2.zip</filename>
	<title>Гудкайнд Терри. Восьмое Правило Волшебника, или Голая империя, книга 2</title>
</book>
<book>
	<filename>gudkaind_terri/gudkaind_terri_vtoroe_pravilo_volshebnika_ili_kamen_slyoz.fb2.zip</filename>
	<title>Гудкайнд Терри. Второе правило волшебника, или Камень Слёз</title>
</book>
<book>
	<filename>gudmen_marta/gudmen_marta_baloven_schastya.fb2.zip</filename>
	<title>Гудмен Марта. Баловень счастья</title>
</book>
<book>
	<filename>gudmen_marta/gudmen_marta_segodnya_zavtra_vsegda.fb2.zip</filename>
	<title>Гудмен Марта. Сегодня... завтра... всегда...</title>
</book>
<book>
	<filename>gudmen_marta/gudmen_marta_ty_moya_princessa.fb2.zip</filename>
	<title>Гудмен Марта. Ты – моя принцесса</title>
</book>
<book>
	<filename>gudmyen_dzho/gudmyen_dzho_barhatnaya_noch.fb2.zip</filename>
	<title>Гудмэн Джо. Бархатная ночь</title>
</book>
<book>
	<filename>gudmyen_dzho/gudmyen_dzho_bezbrezhnoe_chuvstvo.fb2.zip</filename>
	<title>Гудмэн Джо. Безбрежное чувство</title>
</book>
<book>
	<filename>gudmyen_dzho/gudmyen_dzho_bezumnyi_yekstaz.fb2.zip</filename>
	<title>Гудмэн Джо. Безумный экстаз</title>
</book>
<book>
	<filename>gudmyen_dzho/gudmyen_dzho_bolshe_chem_ty_zhelaesh.fb2.zip</filename>
	<title>Гудмэн Джо. Больше, чем ты желаешь</title>
</book>
<book>
	<filename>gudmyen_dzho/gudmyen_dzho_bolshe_chem_ty_znaesh.fb2.zip</filename>
	<title>Гудмэн Джо. Больше, чем ты знаешь</title>
</book>
<book>
	<filename>gudmyen_dzho/gudmyen_dzho_budu_tvoim_edinstvennym.fb2.zip</filename>
	<title>Гудмэн Джо. Буду твоим единственным</title>
</book>
<book>
	<filename>gudmyen_dzho/gudmyen_dzho_lyubovnica_brodyagi.fb2.zip</filename>
	<title>Гудмэн Джо. Любовница бродяги</title>
</book>
<book>
	<filename>gudmyen_dzho/gudmyen_dzho_moe_bezrassudnoe_serdce.fb2.zip</filename>
	<title>Гудмэн Джо. Мое безрассудное сердце</title>
</book>
<book>
	<filename>gudmyen_dzho/gudmyen_dzho_moe_nepreklonnoe_serdce.fb2.zip</filename>
	<title>Гудмэн Джо. Мое непреклонное сердце</title>
</book>
<book>
	<filename>gudmyen_dzho/gudmyen_dzho_moya_nastoyashaya_lyubov.fb2.zip</filename>
	<title>Гудмэн Джо. Моя настоящая любовь</title>
</book>
<book>
	<filename>gudmyen_dzho/gudmyen_dzho_muki_obolsheniya.fb2.zip</filename>
	<title>Гудмэн Джо. Муки обольщения</title>
</book>
<book>
	<filename>gudmyen_dzho/gudmyen_dzho_nas_svyazala_lyubov.fb2.zip</filename>
	<title>Гудмэн Джо. Нас связала любовь</title>
</book>
<book>
	<filename>gudmyen_dzho/gudmyen_dzho_nevesta_strasti.fb2.zip</filename>
	<title>Гудмэн Джо. Невеста страсти</title>
</book>
<book>
	<filename>gudmyen_dzho/gudmyen_dzho_ot_vsego_serdca.fb2.zip</filename>
	<title>Гудмэн Джо. От всего сердца</title>
</book>
<book>
	<filename>gudmyen_dzho/gudmyen_dzho_polunochnaya_princessa.fb2.zip</filename>
	<title>Гудмэн Джо. Полуночная принцесса</title>
</book>
<book>
	<filename>gudmyen_dzho/gudmyen_dzho_sladkaya_mest_strasti.fb2.zip</filename>
	<title>Гудмэн Джо. Сладкая месть страсти</title>
</book>
<book>
	<filename>gudmyen_dzho/gudmyen_dzho_sladostnyi_ogon.fb2.zip</filename>
	<title>Гудмэн Джо. Сладостный огонь</title>
</book>
<book>
	<filename>gudmyen_dzho/gudmyen_dzho_tolko_v_moih_obyatiyah.fb2.zip</filename>
	<title>Гудмэн Джо. Только в моих объятиях</title>
</book>
<book>
	<filename>gudmyen_dzho/gudmyen_dzho_vse_chto_mne_nuzhno.fb2.zip</filename>
	<title>Гудмэн Джо. Все, что мне нужно</title>
</book>
<book>
	<filename>gudmyen_dzho/gudmyen_dzho_vse_chto_ya_zhelal.fb2.zip</filename>
	<title>Гудмэн Джо. Все, что я желал</title>
</book>
<book>
	<filename>gudmyen_dzho/gudmyen_dzho_v_serdce_moem_navsegda.fb2.zip</filename>
	<title>Гудмэн Джо. В сердце моем навсегда</title>
</book>
<book>
	<filename>gudmyen_dzho/gudmyen_dzho_vse_v_ego_pocelue.fb2.zip</filename>
	<title>Гудмэн Джо. Все в его поцелуе</title>
</book>
<book>
	<filename>gudnait_linda/gudnait_linda_kovboiiskusitel.fb2.zip</filename>
	<title>Гуднайт Линда. Ковбой-искуситель</title>
</book>
<book>
	<filename>gudrikklark_nikolas/gudrikklark_nikolas_okkultnye_korni_nacizma_tainye_ariiskie_kulty_i_ih_vliyanie_na_nacistskuyu_ideologiyu.fb2.zip</filename>
	<title>Гудрик-кларк Николас. Оккультные корни нацизма. Тайные арийские культы и их влияние на нацистскую идеологию</title>
</book>
<book>
	<filename>gudvin_maksim/gudvin_maksim_rasskaz_starika_anosa.fb2.zip</filename>
	<title>Гудвин Максим. Рассказ старика Аноса</title>
</book>
<book>
	<filename>gudzh_yelein/gudzh_yelein_lyubyashie_sestry.fb2.zip</filename>
	<title>Гудж Элейн. Любящие сестры</title>
</book>
<book>
	<filename>gudzh_yelein/gudzh_yelein_net_huda_bez_dobra.fb2.zip</filename>
	<title>Гудж Элейн. Нет худа без добра</title>
</book>
<book>
	<filename>gudzh_yelein/gudzh_yelein_poslednii_tanec.fb2.zip</filename>
	<title>Гудж Элейн. Последний танец</title>
</book>
<book>
	<filename>gu_hua_/gu_hua__v_doline_lotosov.fb2.zip</filename>
	<title>Гу Хуа. В долине лотосов</title>
</book>
<book>
	<filename>gulard_ron/gulard_ron_shpagoglotatel.fb2.zip</filename>
	<title>Гулард Рон. Шпагоглотатель</title>
</book>
<book>
	<filename>guld_dzhudit/guld_dzhudit_chertovski_bogat.fb2.zip</filename>
	<title>Гулд Джудит. Чертовски богат</title>
</book>
<book>
	<filename>guld_dzhudit/guld_dzhudit_do_konca_vremen.fb2.zip</filename>
	<title>Гулд Джудит. До конца времен</title>
</book>
<book>
	<filename>guld_dzhudit/guld_dzhudit_grehi_kniga_1.fb2.zip</filename>
	<title>Гулд Джудит. Грехи. Книга 1</title>
</book>
<book>
	<filename>guld_dzhudit/guld_dzhudit_grehi_kniga_2.fb2.zip</filename>
	<title>Гулд Джудит. Грехи. Книга 2</title>
</book>
<book>
	<filename>guld_dzhudit/guld_dzhudit_navsegda.fb2.zip</filename>
	<title>Гулд Джудит. Навсегда</title>
</book>
<book>
	<filename>guld_dzhudit/guld_dzhudit_ploho_byt_bogatoi.fb2.zip</filename>
	<title>Гулд Джудит. Плохо быть богатой</title>
</book>
<book>
	<filename>guld_dzhudit/guld_dzhudit_rapsodiya.fb2.zip</filename>
	<title>Гулд Джудит. Рапсодия</title>
</book>
<book>
	<filename>guld_dzhudit/guld_dzhudit_rozhdennaya_v_tehase.fb2.zip</filename>
	<title>Гулд Джудит. Рожденная в Техасе</title>
</book>
<book>
	<filename>guld_dzhudit/guld_dzhudit_vspyshka_kniga_pervaya.fb2.zip</filename>
	<title>Гулд Джудит. Вспышка. Книга первая</title>
</book>
<book>
	<filename>guld_dzhudit/guld_dzhudit_vspyshka_kniga_vtoraya.fb2.zip</filename>
	<title>Гулд Джудит. Вспышка. Книга вторая</title>
</book>
<book>
	<filename>gulding_myeri/gulding_myeri_psihoterapiya_novogo_resheniya_teoriya_i_praktika.fb2.zip</filename>
	<title>Гулдинг Мэри М. Психотерапия нового решения. Теория и практика</title>
</book>
<book>
	<filename>gulevich_dmitrii/gulevich_dmitrii_s_yemblemoi_cska.fb2.zip</filename>
	<title>Гулевич Дмитрий Ильич. С эмблемой ЦСКА</title>
</book>
<book>
	<filename>gulia_georgii/gulia_georgii_ballada_o_pervom_zhivopisce.fb2.zip</filename>
	<title>Гулиа Георгий Дмитриевич. Баллада о первом живописце</title>
</book>
<book>
	<filename>gulia_georgii/gulia_georgii_chelovek_iz_afin.fb2.zip</filename>
	<title>Гулиа Георгий Дмитриевич. Человек из Афин</title>
</book>
<book>
	<filename>gulia_georgii/gulia_georgii_chudak.fb2.zip</filename>
	<title>Гулиа Георгий Дмитриевич. Чудак</title>
</book>
<book>
	<filename>gulia_georgii/gulia_georgii_faraon_i_vory.fb2.zip</filename>
	<title>Гулиа Георгий Дмитриевич. Фараон и воры</title>
</book>
<book>
	<filename>gulia_georgii/gulia_georgii_faraon_yehnaton.fb2.zip</filename>
	<title>Гулиа Георгий Дмитриевич. Фараон Эхнатон</title>
</book>
<book>
	<filename>gulia_georgii/gulia_georgii_gannibal_syn_gamilkara.fb2.zip</filename>
	<title>Гулиа Георгий Дмитриевич. Ганнибал, сын Гамилькара</title>
</book>
<book>
	<filename>gulia_georgii/gulia_georgii_krepost.fb2.zip</filename>
	<title>Гулиа Георгий Дмитриевич. Крепость</title>
</book>
<book>
	<filename>gulia_georgii/gulia_georgii_na_poroge_mraka.fb2.zip</filename>
	<title>Гулиа Георгий Дмитриевич. На пороге мрака</title>
</book>
<book>
	<filename>gulia_georgii/gulia_georgii_ochen_strannye_lyudi.fb2.zip</filename>
	<title>Гулиа Георгий Дмитриевич. Очень странные люди</title>
</book>
<book>
	<filename>gulia_georgii/gulia_georgii_perikl_na_smertnom_odre.fb2.zip</filename>
	<title>Гулиа Георгий Дмитриевич. Перикл на смертном одре</title>
</book>
<book>
	<filename>gulia_georgii/gulia_georgii_rembrandt.fb2.zip</filename>
	<title>Гулиа Георгий Дмитриевич. Рембрандт</title>
</book>
<book>
	<filename>gulia_georgii/gulia_georgii_ruan_7_iyulya_1456_goda.fb2.zip</filename>
	<title>Гулиа Георгий Дмитриевич. Руан, 7 июля 1456 года</title>
</book>
<book>
	<filename>gulia_georgii/gulia_georgii_skazanie_ob_omare_haiyame.fb2.zip</filename>
	<title>Гулиа Георгий Дмитриевич. Сказание об Омаре Хайяме</title>
</book>
<book>
	<filename>gulia_georgii/gulia_georgii_smert_svyatogo_simona_kananita.fb2.zip</filename>
	<title>Гулиа Георгий Дмитриевич. Смерть святого Симона Кананита</title>
</book>
<book>
	<filename>gulia_georgii/gulia_georgii_sud_pod_kiparisami.fb2.zip</filename>
	<title>Гулиа Георгий Дмитриевич. Суд под кипарисами</title>
</book>
<book>
	<filename>gulia_georgii/gulia_georgii_sulla.fb2.zip</filename>
	<title>Гулиа Георгий Дмитриевич. Сулла</title>
</book>
<book>
	<filename>gulia_georgii/gulia_georgii_taina_piramidy_sehemheta.fb2.zip</filename>
	<title>Гулиа Георгий Дмитриевич. Тайна пирамиды Сехемхета</title>
</book>
<book>
	<filename>gulia_georgii/gulia_georgii_viking.fb2.zip</filename>
	<title>Гулиа Георгий Дмитриевич. Викинг</title>
</book>
<book>
	<filename>gulia_georgii/gulia_georgii_vozvyshenie_faraona_narmera.fb2.zip</filename>
	<title>Гулиа Георгий Дмитриевич. Возвышение фараона Нармера</title>
</book>
<book>
	<filename>gulia_georgii/gulia_georgii_zavetnoe_slovo_ramessu_velikogo.fb2.zip</filename>
	<title>Гулиа Георгий Дмитриевич. Заветное слово Рамессу Великого</title>
</book>
<book>
	<filename>gulia_georgii/gulia_georgii_zhizn_i_smert_mihaila_lermontova.fb2.zip</filename>
	<title>Гулиа Георгий Дмитриевич. Жизнь и смерть Михаила Лермонтова</title>
</book>
<book>
	<filename>gulia_n/gulia_n_zerkalnaya_sauna.fb2.zip</filename>
	<title>Гулиа Н. В. «Зеркальная» сауна</title>
</book>
<book>
	<filename>gul_roman/gul_roman_azef.fb2.zip</filename>
	<title>Гуль Роман. Азеф</title>
</book>
<book>
	<filename>gul_roman/gul_roman_kon_ryzhii.fb2.zip</filename>
	<title>Гуль Роман. Конь рыжий</title>
</book>
<book>
	<filename>gulyakovskii_evgenii/gulyakovskii_evgenii_atlanty_derzhat_nebo.fb2.zip</filename>
	<title>Гуляковский Евгений. Атланты держат небо</title>
</book>
<book>
	<filename>gulyakovskii_evgenii/gulyakovskii_evgenii_chasovye_vselennoi.fb2.zip</filename>
	<title>Гуляковский Евгений. Часовые Вселенной</title>
</book>
<book>
	<filename>gulyakovskii_evgenii/gulyakovskii_evgenii_chuzhaya_planeta.fb2.zip</filename>
	<title>Гуляковский Евгений Яковлевич. Чужая планета</title>
</book>
<book>
	<filename>gulyakovskii_evgenii/gulyakovskii_evgenii_chuzhie_prostranstva.fb2.zip</filename>
	<title>Гуляковский Евгений Яковлевич. Чужие пространства</title>
</book>
<book>
	<filename>gulyakovskii_evgenii/gulyakovskii_evgenii_dolgii_voshod_na_yenne.fb2.zip</filename>
	<title>Гуляковский Евгений Яковлевич. Долгий восход на Энне</title>
</book>
<book>
	<filename>gulyakovskii_evgenii/gulyakovskii_evgenii_golubye_krylya.fb2.zip</filename>
	<title>Гуляковский Евгений Яковлевич. Голубые крылья</title>
</book>
<book>
	<filename>gulyakovskii_evgenii/gulyakovskii_evgenii_hroniki_inspektora_rotanova.fb2.zip</filename>
	<title>Гуляковский Евгений. Хроники инспектора Ротанова</title>
</book>
<book>
	<filename>gulyakovskii_evgenii/gulyakovskii_evgenii_igry_shestogo_kruga.fb2.zip</filename>
	<title>Гуляковский Евгений Яковлевич. Игры шестого круга</title>
</book>
<book>
	<filename>gulyakovskii_evgenii/gulyakovskii_evgenii_krasnoe_smeshenie.fb2.zip</filename>
	<title>Гуляковский Евгений Яковлевич. Красное смещение</title>
</book>
<book>
	<filename>gulyakovskii_evgenii/gulyakovskii_evgenii_labirint_mirov.fb2.zip</filename>
	<title>Гуляковский Евгений Яковлевич. Лабиринт миров</title>
</book>
<book>
	<filename>gulyakovskii_evgenii/gulyakovskii_evgenii_legenda_o_serebryanom_cheloveke.fb2.zip</filename>
	<title>Гуляковский Евгений Яковлевич. Легенда о серебряном человеке</title>
</book>
<book>
	<filename>gulyakovskii_evgenii/gulyakovskii_evgenii_obratnaya_storona_vremeni.fb2.zip</filename>
	<title>Гуляковский Евгений. Обратная сторона времени</title>
</book>
<book>
	<filename>gulyakovskii_evgenii/gulyakovskii_evgenii_planeta_dlya_kontakta.fb2.zip</filename>
	<title>Гуляковский Евгений Яковлевич. Планета для контакта</title>
</book>
<book>
	<filename>gulyakovskii_evgenii/gulyakovskii_evgenii_poslednii_mirazh.fb2.zip</filename>
	<title>Гуляковский Евгений Яковлевич. Последний мираж</title>
</book>
<book>
	<filename>gulyakovskii_evgenii/gulyakovskii_evgenii_povelitelnica_snov.fb2.zip</filename>
	<title>Гуляковский Евгений. Повелительница снов</title>
</book>
<book>
	<filename>gulyakovskii_evgenii/gulyakovskii_evgenii_sezon_tumanov.fb2.zip</filename>
	<title>Гуляковский Евгений Яковлевич. Сезон туманов</title>
</book>
<book>
	<filename>gulyakovskii_evgenii/gulyakovskii_evgenii_shoroh_priboya.fb2.zip</filename>
	<title>Гуляковский Евгений Яковлевич. Шорох прибоя</title>
</book>
<book>
	<filename>gulyakovskii_evgenii/gulyakovskii_evgenii_strategiya_zahvata.fb2.zip</filename>
	<title>Гуляковский Евгений Яковлевич. Стратегия захвата</title>
</book>
<book>
	<filename>gulyakovskii_evgenii/gulyakovskii_evgenii_ten_zemli.fb2.zip</filename>
	<title>Гуляковский Евгений Яковлевич. Тень Земли</title>
</book>
<book>
	<filename>gulyakovskii_evgenii/gulyakovskii_evgenii_tretii_dubl.fb2.zip</filename>
	<title>Гуляковский Евгений Яковлевич. Третий дубль</title>
</book>
<book>
	<filename>gulyakovskii_evgenii/gulyakovskii_evgenii_ukradennyi_zalog.fb2.zip</filename>
	<title>Гуляковский Евгений Яковлевич. Украденный залог</title>
</book>
<book>
	<filename>gulyakovskii_evgenii/gulyakovskii_evgenii_uravnenie_s_odnim_neizvestnym.fb2.zip</filename>
	<title>Гуляковский Евгений. Уравнение с одним неизвестным</title>
</book>
<book>
	<filename>gulyakovskii_evgenii/gulyakovskii_evgenii_vesta.fb2.zip</filename>
	<title>Гуляковский Евгений Яковлевич. Веста</title>
</book>
<book>
	<filename>gulyakovskii_evgenii/gulyakovskii_evgenii_zapretnaya_zona.fb2.zip</filename>
	<title>Гуляковский Евгений Яковлевич. Запретная зона</title>
</book>
<book>
	<filename>gulyakovskii_evgenii/gulyakovskii_evgenii_zateryannye_sredi_zvezd.fb2.zip</filename>
	<title>Гуляковский Евгений Яковлевич. Затерянные среди звезд</title>
</book>
<book>
	<filename>gulyakovskii_evgenii/gulyakovskii_evgenii_zona_vozdeistviya.fb2.zip</filename>
	<title>Гуляковский Евгений. Зона воздействия</title>
</book>
<book>
	<filename>gulyakovskii_evgenii/gulyakovskii_evgenii_zona_zahvata.fb2.zip</filename>
	<title>Гуляковский Евгений. Зона Захвата</title>
</book>
<book>
	<filename>gulyakovskii_evgenii/gulyakovskii_evgenii_zvezdnyi_most.fb2.zip</filename>
	<title>Гуляковский Евгений Яковлевич. Звездный мост</title>
</book>
<book>
	<filename>gulyashki_andrei/gulyashki_andrei_avvakum_zahov_protiv_07.fb2.zip</filename>
	<title>Гуляшки Андрей. Аввакум Захов против 07</title>
</book>
<book>
	<filename>gulyashki_andrei/gulyashki_andrei_dozhdlivoi_osenyu.fb2.zip</filename>
	<title>Гуляшки Андрей. Дождливой осенью</title>
</book>
<book>
	<filename>gulyashki_andrei/gulyashki_andrei_istoriya_s_sobakami.fb2.zip</filename>
	<title>Гуляшки Андрей. История с собаками</title>
</book>
<book>
	<filename>gulyashki_andrei/gulyashki_andrei_malenkaya_nochnaya_muzyka.fb2.zip</filename>
	<title>Гуляшки Андрей. Маленькая ночная музыка</title>
</book>
<book>
	<filename>gulyashki_andrei/gulyashki_andrei_pohishenie_danai.fb2.zip</filename>
	<title>Гуляшки Андрей. Похищение Данаи</title>
</book>
<book>
	<filename>gulyashki_andrei/gulyashki_andrei_poslednee_priklyuchenie_avvakuma_zahova.fb2.zip</filename>
	<title>Гуляшки Андрей. Последнее приключение Аввакума Захова</title>
</book>
<book>
	<filename>gulyashki_andrei/gulyashki_andrei_priklyuchenie_v_polnoch.fb2.zip</filename>
	<title>Гуляшки Андрей. Приключение в полночь</title>
</book>
<book>
	<filename>gulyashki_andrei/gulyashki_andrei_sluchai_v_momchilovo_kontrrazvedka.fb2.zip</filename>
	<title>Гуляшки Андрей. Случай в Момчилово [Контрразведка]</title>
</book>
<book>
	<filename>gulyashki_andrei/gulyashki_andrei_spyashaya_krasavica.fb2.zip</filename>
	<title>Гуляшки Андрей. Спящая красавица</title>
</book>
<book>
	<filename>gulyga_arsenii/gulyga_arsenii_kant.fb2.zip</filename>
	<title>Гулыга Арсений Владимирович. Кант</title>
</book>
<book>
	<filename>gulyga_arsenii/gulyga_arsenii_shopengauyer.fb2.zip</filename>
	<title>Гулыга Арсений Владимирович. Шопенгауэр</title>
</book>
<book>
	<filename>gumilev_lev/gumilev_lev_bremya_talanta.fb2.zip</filename>
	<title>Гумилев Лев Николаевич. Бремя таланта</title>
</book>
<book>
	<filename>gumilev_lev/gumilev_lev_drevnie_tyurki.fb2.zip</filename>
	<title>Гумилев Лев Николаевич. Древние тюрки</title>
</book>
<book>
	<filename>gumilev_lev/gumilev_lev_drevnyaya_rus_i_velikaya_step.fb2.zip</filename>
	<title>Гумилев Лев Николаевич. Древняя Русь и Великая степь</title>
</book>
<book>
	<filename>gumilev_lev/gumilev_lev_geterohronnost_uvlazhneniya_evrazii_v_drevnosti.fb2.zip</filename>
	<title>Гумилев Лев. Гетерохронность увлажнения Евразии в древности</title>
</book>
<book>
	<filename>gumilev_lev/gumilev_lev_geterohronnost_uvlazhneniya_evrazii_v_srednie_veka.fb2.zip</filename>
	<title>Гумилев Лев. Гетерохронность увлажнения Евразии в Средние века</title>
</book>
<book>
	<filename>gumilev_lev/gumilev_lev_hunnu_v_kitae.fb2.zip</filename>
	<title>Гумилев Лев Николаевич. Хунну в Китае</title>
</book>
<book>
	<filename>gumilev_lev/gumilev_lev_istoriya_naroda_hunnu.fb2.zip</filename>
	<title>Гумилев Лев Николаевич. История народа хунну</title>
</book>
<book>
	<filename>gumilev_lev/gumilev_lev_izmeneniya_klimata_i_migracii_kochevnikov.fb2.zip</filename>
	<title>Гумилев Лев. Изменения климата и миграции кочевников</title>
</book>
<book>
	<filename>gumilev_lev/gumilev_lev_lyudi_i_priroda_velikoi_stepi.fb2.zip</filename>
	<title>Гумилев Лев. Люди и природа Великой Степи</title>
</book>
<book>
	<filename>gumilev_lev/gumilev_lev_mesto_istoricheskoi_geografii_v_vostokovednyh_issledovaniyah.fb2.zip</filename>
	<title>Гумилев Лев. Место исторической географии в востоковедных исследованиях</title>
</book>
<book>
	<filename>gumilev_lev/gumilev_lev_ot_rusi_do_rossii.fb2.zip</filename>
	<title>Гумилев Лев Николаевич. От Руси до России</title>
</book>
<book>
	<filename>gumilev_nikolai/gumilev_nikolai_sbornik_stihov.fb2.zip</filename>
	<title>Гумилев Николай. Сборник стихов</title>
</book>
<book>
	<filename>gumilevskii_lev/gumilevskii_lev_vernadskii.fb2.zip</filename>
	<title>Гумилевский Лев Иванович. Вернадский</title>
</book>
<book>
	<filename>guminskii_viktor/guminskii_viktor_a_pravda_li_chto_chichikov_napoleon.fb2.zip</filename>
	<title>Гуминский Виктор. А правда ли, что Чичиков — Наполеон?</title>
</book>
<book>
	<filename>gundarsson_kveldulf/gundarsson_kveldulf_seid.fb2.zip</filename>
	<title>Гундарссон Квельдульф. Сейд</title>
</book>
<book>
	<filename>gundel_karoi/gundel_karoi_vengerskaya_kuhnya.fb2.zip</filename>
	<title>Гундель Карой. Венгерская кухня</title>
</book>
<book>
	<filename>gunko_vasilii/gunko_vasilii_bogatym_byt_ne_vredno.fb2.zip</filename>
	<title>Гунько Василий И. Богатым быть не вредно</title>
</book>
<book>
	<filename>guon_yellen/guon_yellen_polet_k_svobode.fb2.zip</filename>
	<title>Гуон Эллен. Полет к свободе</title>
</book>
<book>
	<filename>gurangov_vadim/gurangov_vadim_kurs_nachinayushego_volshebnika.fb2.zip</filename>
	<title>Гурангов Вадим Алексеевич. Курс начинающего волшебника</title>
</book>
<book>
	<filename>gurangov_vadim/gurangov_vadim_sam_sebe_volshebnik.fb2.zip</filename>
	<title>Гурангов Вадим Алексеевич. Сам себе волшебник</title>
</book>
<book>
	<filename>gurchenko_lyudmila/gurchenko_lyudmila_aplodismenty.fb2.zip</filename>
	<title>Гурченко Людмила. Аплодисменты</title>
</book>
<book>
	<filename>gurdzhiev_georgii/gurdzhiev_georgii_vsyo_i_vsya_rasskazy_velzevula_svoemu_vnuku.fb2.zip</filename>
	<title>Гурджиев Георгий Иванович. Всё и вся. Рассказы Вельзевула своему внуку</title>
</book>
<book>
	<filename>gureev_sergei/gureev_sergei_poslednii_bog.fb2.zip</filename>
	<title>Гуреев Сергей. Последний бог</title>
</book>
<book>
	<filename>gurevich_a/gurevich_a_pohody_vikingov.fb2.zip</filename>
	<title>Гуревич А. Я. Походы викингов</title>
</book>
<book>
	<filename>gurevich_aron/gurevich_aron_pohody_vikingov.fb2.zip</filename>
	<title>Гуревич Арон Яковлевич. Походы викингов</title>
</book>
<book>
	<filename>gurevich_georgii/gurevich_georgii_aast_llun_arhitektor_neba.fb2.zip</filename>
	<title>Гуревич Георгий Иосифович. Ааст Ллун – архитектор неба</title>
</book>
<book>
	<filename>gurevich_georgii/gurevich_georgii_borba_s_podzemnoi_nepogodoi_podzemnaya_nepogoda.fb2.zip</filename>
	<title>Гуревич Георгий Иосифович. Борьба с подземной непогодой [Подземная непогода]</title>
</book>
<book>
	<filename>gurevich_georgii/gurevich_georgii_del_i_finiya.fb2.zip</filename>
	<title>Гуревич Георгий. Дель и Финия</title>
</book>
<book>
	<filename>gurevich_georgii/gurevich_georgii_drevo_tem.fb2.zip</filename>
	<title>Гуревич Георгий Иосифович. Древо тем</title>
</book>
<book>
	<filename>gurevich_georgii/gurevich_georgii_funkciya_shorina.fb2.zip</filename>
	<title>Гуревич Георгий Иосифович. Функция Шорина</title>
</book>
<book>
	<filename>gurevich_georgii/gurevich_georgii_glotaite_hirurga.fb2.zip</filename>
	<title>Гуревич Георгий. Глотайте хирурга!</title>
</book>
<book>
	<filename>gurevich_georgii/gurevich_georgii_inei_na_palmah.fb2.zip</filename>
	<title>Гуревич Георгий Иосифович. Иней на пальмах</title>
</book>
<book>
	<filename>gurevich_georgii/gurevich_georgii_infra_drakona.fb2.zip</filename>
	<title>Гуревич Георгий Иосифович. Инфра Дракона</title>
</book>
<book>
	<filename>gurevich_georgii/gurevich_georgii_kogda_vybiraetsya_ya.fb2.zip</filename>
	<title>Гуревич Георгий. Когда выбирается “Я”</title>
</book>
<book>
	<filename>gurevich_georgii/gurevich_georgii_krylya_garpii.fb2.zip</filename>
	<title>Гуревич Георгий. Крылья Гарпии</title>
</book>
<book>
	<filename>gurevich_georgii/gurevich_georgii_kupol_na_kelme.fb2.zip</filename>
	<title>Гуревич Георгий Иосифович. Купол на Кельме</title>
</book>
<book>
	<filename>gurevich_georgii/gurevich_georgii_lunnye_budni.fb2.zip</filename>
	<title>Гуревич Георгий Иосифович. Лунные будни</title>
</book>
<book>
	<filename>gurevich_georgii/gurevich_georgii_mestorozhdenie_vremeni.fb2.zip</filename>
	<title>Гуревич Георгий. Месторождение времени</title>
</book>
<book>
	<filename>gurevich_georgii/gurevich_georgii_my_iz_solnechnoi_sistemy.fb2.zip</filename>
	<title>Гуревич Георгий. Мы — из Солнечной системы</title>
</book>
<book>
	<filename>gurevich_georgii/gurevich_georgii_my_s_perednego_kraya.fb2.zip</filename>
	<title>Гуревич Георгий Иосифович. Мы – с переднего края</title>
</book>
<book>
	<filename>gurevich_georgii/gurevich_georgii_nelineinaya_fantastika_opyt_konstruirovaniya_nf_romana.fb2.zip</filename>
	<title>Гуревич Георгий Иосифович. Нелинейная фантастика [опыт конструирования НФ романа]</title>
</book>
<book>
	<filename>gurevich_georgii/gurevich_georgii_oni_zhe_derevyannye.fb2.zip</filename>
	<title>Гуревич Георгий. Они же деревянные</title>
</book>
<book>
	<filename>gurevich_georgii/gurevich_georgii_opryatnost_uma.fb2.zip</filename>
	<title>Гуревич Георгий. Опрятность ума</title>
</book>
<book>
	<filename>gurevich_georgii/gurevich_georgii_pervyi_den_tvoreniya.fb2.zip</filename>
	<title>Гуревич Георгий Иосифович. Первый день творения</title>
</book>
<book>
	<filename>gurevich_georgii/gurevich_georgii_plenniki_asteroida.fb2.zip</filename>
	<title>Гуревич Георгий. Пленники астероида</title>
</book>
<book>
	<filename>gurevich_georgii/gurevich_georgii_pogonshiki_tuch.fb2.zip</filename>
	<title>Гуревич Георгий Иосифович. Погонщики туч</title>
</book>
<book>
	<filename>gurevich_georgii/gurevich_georgii_ponimat_fantastiku.fb2.zip</filename>
	<title>Гуревич Георгий Иосифович. Понимать фантастику</title>
</book>
<book>
	<filename>gurevich_georgii/gurevich_georgii_priklyucheniya_mashiny.fb2.zip</filename>
	<title>Гуревич Георгий Иосифович. Приключения машины</title>
</book>
<book>
	<filename>gurevich_georgii/gurevich_georgii_prohozhdenie_nemezidy.fb2.zip</filename>
	<title>Гуревич Георгий Иосифович. Прохождение Немезиды</title>
</book>
<book>
	<filename>gurevich_georgii/gurevich_georgii_tolko_obgon_po_motivam_memuarov_iiiita_gyeya.fb2.zip</filename>
	<title>Гуревич Георгий. Только обгон: (По мотивам мемуаров йийита Гэя)</title>
</book>
<book>
	<filename>gurevich_georgii/gurevich_georgii_troya_rasskaz_o_chetyreh_bukvah.fb2.zip</filename>
	<title>Гуревич Георгий Иосифович. Троя [Рассказ о четырех буквах]</title>
</book>
<book>
	<filename>gurevich_georgii/gurevich_georgii_v_zenite_priglashenie_v_zenit.fb2.zip</filename>
	<title>Гуревич Георгий. В зените [Приглашение в зенит]</title>
</book>
<book>
	<filename>gurk_laura/gurk_laura_dvoinoi_shantazh.fb2.zip</filename>
	<title>Гурк Лаура Ли. Двойной шантаж</title>
</book>
<book>
	<filename>gurk_laura/gurk_laura_greshnaya_zhizn_gercoga.fb2.zip</filename>
	<title>Гурк Лаура Ли. Грешная жизнь герцога</title>
</book>
<book>
	<filename>gurk_laura/gurk_laura_i_on_ee_poceloval.fb2.zip</filename>
	<title>Гурк Лаура Ли. И он ее поцеловал</title>
</book>
<book>
	<filename>gurk_laura/gurk_laura_mechtaya_o_tebe.fb2.zip</filename>
	<title>Гурк Лаура Ли. Мечтая о тебе</title>
</book>
<book>
	<filename>gurk_laura/gurk_laura_nadezhda_na_schaste.fb2.zip</filename>
	<title>Гурк Лаура Ли. Надежда на счастье</title>
</book>
<book>
	<filename>gurk_laura/gurk_laura_obman_i_obolshenie.fb2.zip</filename>
	<title>Гурк Лаура Ли. Обман и обольщение</title>
</book>
<book>
	<filename>gurk_laura/gurk_laura_ona_ne_princessa.fb2.zip</filename>
	<title>Гурк Лаура Ли. Она не принцесса</title>
</book>
<book>
	<filename>gurk_laura/gurk_laura_prelyudiya_k_schastyu.fb2.zip</filename>
	<title>Гурк Лаура Ли. Прелюдия к счастью</title>
</book>
<book>
	<filename>gurk_laura/gurk_laura_supruzheskoe_lozhe.fb2.zip</filename>
	<title>Гурк Лаура Ли. Супружеское ложе</title>
</book>
<book>
	<filename>gurk_laura/gurk_laura_tainye_zhelaniya_dzhentlmena.fb2.zip</filename>
	<title>Гурк Лаура Ли. Тайные желания джентльмена</title>
</book>

</books>

