﻿<?xml version="1.0" encoding="UTF-8" ?>
<books>

<book>
	<filename>kurtc_kyetrin/kurtc_kyetrin_adept.fb2.zip</filename>
	<title>Куртц Кэтрин. Адепт</title>
</book>
<book>
	<filename>kurtc_kyetrin/kurtc_kyetrin_kambereretik.fb2.zip</filename>
	<title>Куртц Кэтрин. Камбер-еретик</title>
</book>
<book>
	<filename>kurtc_kyetrin/kurtc_kyetrin_kamber_kuldskii.fb2.zip</filename>
	<title>Куртц Кэтрин. Камбер Кулдский</title>
</book>
<book>
	<filename>kurtc_kyetrin/kurtc_kyetrin_korolevskoe_pravosudie.fb2.zip</filename>
	<title>Куртц Кэтрин. Королевское правосудие</title>
</book>
<book>
	<filename>kurtc_kyetrin/kurtc_kyetrin_lozha_rysi.fb2.zip</filename>
	<title>Куртц Кэтрин. Ложа рыси</title>
</book>
<book>
	<filename>kurtc_kyetrin/kurtc_kyetrin_magiya_derini.fb2.zip</filename>
	<title>Куртц Кэтрин. Магия Дерини</title>
</book>
<book>
	<filename>kurtc_kyetrin/kurtc_kyetrin_mechi_protiv_marluka.fb2.zip</filename>
	<title>Куртц Кэтрин. Мечи против Марлука</title>
</book>
<book>
	<filename>kurtc_kyetrin/kurtc_kyetrin_naslednik_episkopa.fb2.zip</filename>
	<title>Куртц Кэтрин. Наследник епископа</title>
</book>
<book>
	<filename>kurtc_kyetrin/kurtc_kyetrin_nevesta_derini.fb2.zip</filename>
	<title>Куртц Кэтрин. Невеста Дерини</title>
</book>
<book>
	<filename>kurtc_kyetrin/kurtc_kyetrin_shahmatnaya_partiya_derini.fb2.zip</filename>
	<title>Куртц Кэтрин. Шахматная партия Дерини</title>
</book>
<book>
	<filename>kurtc_kyetrin/kurtc_kyetrin_sokrovisha_tamplierov.fb2.zip</filename>
	<title>Куртц Кэтрин. Сокровища тамплиеров</title>
</book>
<book>
	<filename>kurtc_kyetrin/kurtc_kyetrin_svyatoi_kamber.fb2.zip</filename>
	<title>Куртц Кэтрин. Святой Камбер</title>
</book>
<book>
	<filename>kurtc_kyetrin/kurtc_kyetrin_ten_kambera.fb2.zip</filename>
	<title>Куртц Кэтрин. Тень Камбера</title>
</book>
<book>
	<filename>kurtc_kyetrin/kurtc_kyetrin_vozvyshenie_derini.fb2.zip</filename>
	<title>Куртц Кэтрин. Возвышение Дерини</title>
</book>
<book>
	<filename>kurtc_kyetrin/kurtc_kyetrin_vysshii_derini.fb2.zip</filename>
	<title>Куртц Кэтрин. Высший Дерини</title>
</book>
<book>
	<filename>kurti_per/kurti_per_imperiya_pod_razvalinami_pompei.fb2.zip</filename>
	<title>Курти Пьер. Империя (Под развалинами Помпеи)</title>
</book>
<book>
	<filename>kurushin_mihail/kurushin_mihail_100_velikih_voennyh_tain.fb2.zip</filename>
	<title>Курушин Михаил Юрьевич. 100 великих военных тайн</title>
</book>
<book>
	<filename>kuryanchik_nikolai/kuryanchik_nikolai_rasskazy.fb2.zip</filename>
	<title>Курьянчик Николай. Рассказы</title>
</book>
<book>
	<filename>kurylev_oleg/kurylev_oleg_runa_smerti.fb2.zip</filename>
	<title>Курылев Олег. Руна смерти</title>
</book>
<book>
	<filename>kurylev_oleg/kurylev_oleg_shestaya_kniga_sudby.fb2.zip</filename>
	<title>Курылев Олег. Шестая книга судьбы</title>
</book>
<book>
	<filename>kurylev_oleg/kurylev_oleg_ubit_fyurera.fb2.zip</filename>
	<title>Курылев Олег. Убить фюрера</title>
</book>
<book>
	<filename>kuskov_sergei/kuskov_sergei_skazka_o_care_i_oruzheinom_mastere.fb2.zip</filename>
	<title>Кусков Сергей. Сказка о царе и оружейном мастере</title>
</book>
<book>
	<filename>kusto_zhakiv/kusto_zhakiv_v_mire_bezmolviya.fb2.zip</filename>
	<title>Кусто Жак-Ив. В мире безмолвия</title>
</book>
<book>
	<filename>kutzee_dzhozef/kutzee_dzhozef_molodost.fb2.zip</filename>
	<title>Кутзее Джозеф Максвелл. Молодость</title>
</book>
<book>
	<filename>kutzee_dzhozef/kutzee_dzhozef_osen_v_peterburge.fb2.zip</filename>
	<title>Кутзее Джозеф Максвелл. Осень в Петербурге</title>
</book>
<book>
	<filename>kutzee_dzhozef/kutzee_dzhozef_v_ozhidanii_varvarov.fb2.zip</filename>
	<title>Кутзее Джозеф Максвелл. В ожидании варваров</title>
</book>
<book>
	<filename>kutzee_dzhozef/kutzee_dzhozef_v_serdce_strany.fb2.zip</filename>
	<title>Кутзее Джозеф Максвелл. В сердце страны</title>
</book>
<book>
	<filename>kutzee_dzhozef/kutzee_dzhozef_zheleznyi_vek.fb2.zip</filename>
	<title>Кутзее Джозеф Максвелл. Железный век</title>
</book>
<book>
	<filename>kuune_yanis/kuune_yanis_kamennyi_kulak_i_ohotnica_za_beloi_smertyu.fb2.zip</filename>
	<title>Кууне Янис. Каменный Кулак и охотница за Белой Смертью</title>
</book>
<book>
	<filename>kuvaev_oleg/kuvaev_oleg_anyutkahysh_svirepyi_makaveev.fb2.zip</filename>
	<title>Куваев Олег Михайлович. Анютка,Хыш, свирепый Макавеев</title>
</book>
<book>
	<filename>kuvaev_oleg/kuvaev_oleg_azovskii_variant.fb2.zip</filename>
	<title>Куваев Олег Михайлович. Азовский вариант</title>
</book>
<book>
	<filename>kuvaev_oleg/kuvaev_oleg_cherez_trista_let_posle_radugi.fb2.zip</filename>
	<title>Куваев Олег Михайлович. Через триста лет после радуги</title>
</book>
<book>
	<filename>kuvaev_oleg/kuvaev_oleg_chudaki_zhivut_na_vostoke.fb2.zip</filename>
	<title>Куваев Олег Михайлович. Чудаки живут на Востоке</title>
</book>
<book>
	<filename>kuvaev_oleg/kuvaev_oleg_chutchut_neveselyi_rasskaz.fb2.zip</filename>
	<title>Куваев Олег Михайлович. Чуть-чуть невеселый рассказ</title>
</book>
<book>
	<filename>kuvaev_oleg/kuvaev_oleg_dom_dlya_brodyag.fb2.zip</filename>
	<title>Куваев Олег. Дом для бродяг</title>
</book>
<book>
	<filename>kuvaev_oleg/kuvaev_oleg_dva_vystrela_v_sentyabre.fb2.zip</filename>
	<title>Куваев Олег Михайлович. Два выстрела в сентябре</title>
</book>
<book>
	<filename>kuvaev_oleg/kuvaev_oleg_ktoto_dolzhen_kurlykat.fb2.zip</filename>
	<title>Куваев Олег. Кто-то должен курлыкать</title>
</book>
<book>
	<filename>kuvaev_oleg/kuvaev_oleg_k_vam_i_srazu_obratno.fb2.zip</filename>
	<title>Куваев Олег Михайлович. К вам и сразу обратно</title>
</book>
<book>
	<filename>kuvaev_oleg/kuvaev_oleg_pechalnye_stranstviya_lva_bebenina.fb2.zip</filename>
	<title>Куваев Олег Михайлович. Печальные странствия Льва Бебенина</title>
</book>
<book>
	<filename>kuvaev_oleg/kuvaev_oleg_pravila_begstva.fb2.zip</filename>
	<title>Куваев Олег Михайлович. Правила бегства</title>
</book>
<book>
	<filename>kuvaev_oleg/kuvaev_oleg_s_teh_por_kak_plaval_staryi_noi.fb2.zip</filename>
	<title>Куваев Олег Михайлович. С тех пор, как плавал старый Ной</title>
</book>
<book>
	<filename>kuvaev_oleg/kuvaev_oleg_telesnaya_periferiya.fb2.zip</filename>
	<title>Куваев Олег Михайлович. Телесная периферия</title>
</book>
<book>
	<filename>kuvaev_oleg/kuvaev_oleg_territoriya.fb2.zip</filename>
	<title>Куваев Олег. Территория</title>
</book>
<book>
	<filename>kuvaev_oleg/kuvaev_oleg_troinoi_polyarnyi_syuzhet.fb2.zip</filename>
	<title>Куваев Олег Михайлович. Тройной полярный сюжет</title>
</book>
<book>
	<filename>kuvaev_oleg/kuvaev_oleg_utrennie_stariki.fb2.zip</filename>
	<title>Куваев Олег Михайлович. Утренние старики</title>
</book>
<book>
	<filename>kuvaev_oleg/kuvaev_oleg_vesennyaya_ohota_na_gusei.fb2.zip</filename>
	<title>Куваев Олег Михайлович. Весенняя охота на гусей</title>
</book>
<book>
	<filename>kuvaev_oleg/kuvaev_oleg_yei_bako.fb2.zip</filename>
	<title>Куваев Олег. Эй, Бако!</title>
</book>
<book>
	<filename>kuvaev_oleg/kuvaev_oleg_zdorovo_tolstye.fb2.zip</filename>
	<title>Куваев Олег Михайлович. Здорово, толстые!</title>
</book>
<book>
	<filename>kuvykina_olga/kuvykina_olga_pisma_nasekomyh.fb2.zip</filename>
	<title>Кувыкина Ольга Владимировна. Письма насекомых</title>
</book>
<book>
	<filename>kuzishin_dmitrii/kuzishin_dmitrii_bessmertie_bogov.fb2.zip</filename>
	<title>Кузищин Дмитрий. Бессмертие богов</title>
</book>
<book>
	<filename>kuzmenko_vladimir/kuzmenko_vladimir_drevo_zhizni_kniga_1.fb2.zip</filename>
	<title>Кузьменко Владимир. Древо жизни. Книга 1</title>
</book>
<book>
	<filename>kuzmenko_vladimir/kuzmenko_vladimir_drevo_zhizni_kniga_2.fb2.zip</filename>
	<title>Кузьменко Владимир. Древо жизни. Книга 2</title>
</book>
<book>
	<filename>kuzmenko_vladimir/kuzmenko_vladimir_drevo_zhizni_kniga_3.fb2.zip</filename>
	<title>Кузьменко Владимир. Древо жизни. Книга 3</title>
</book>
<book>
	<filename>kuzmenko_vladimir/kuzmenko_vladimir_gonki_s_dyavolom.fb2.zip</filename>
	<title>Кузьменко Владимир. Гонки с дьяволом</title>
</book>
<book>
	<filename>kuzmin_mihail/kuzmin_mihail_anatol_frans.fb2.zip</filename>
	<title>Кузмин Михаил Алексеевич. Анатоль Франс</title>
</book>
<book>
	<filename>kuzmin_nikolai/kuzmin_nikolai_general_kornilov.fb2.zip</filename>
	<title>Кузьмин Николай Павлович. Генерал Корнилов</title>
</book>
<book>
	<filename>kuzmin_nikolai/kuzmin_nikolai_krug_carya_solomona.fb2.zip</filename>
	<title>Кузьмин Николай Васильевич. Круг царя Соломона</title>
</book>
<book>
	<filename>kuznecov_afanasii/kuznecov_afanasii_taina_rimskogo_sarkofaga.fb2.zip</filename>
	<title>Кузнецов Афанасий Семенович. Тайна римского саркофага</title>
</book>
<book>
	<filename>kuznecov_anatolii/kuznecov_anatolii_artist_mimansa.fb2.zip</filename>
	<title>Кузнецов Анатолий. Артист миманса</title>
</book>
<book>
	<filename>kuznecov_anatolii/kuznecov_anatolii_babii_yar.fb2.zip</filename>
	<title>Кузнецов Анатолий. Бабий яр</title>
</book>
<book>
	<filename>kuznecov_anatolii/kuznecov_anatolii_ogon.fb2.zip</filename>
	<title>Кузнецов Анатолий. Огонь</title>
</book>
<book>
	<filename>kuznecova_vera/kuznecova_vera_neobychainoe_puteshestvie.fb2.zip</filename>
	<title>Кузнецова Вера Нестеровна. Необычайное путешествие</title>
</book>
<book>
	<filename>kuznecova_yu/kuznecova_yu_ne_rodis_krasivoi_zhestokie_igry.fb2.zip</filename>
	<title>Кузнецова Ю. С. Не родись красивой: Жестокие игры</title>
</book>
<book>
	<filename>kuznecov_b/kuznecov_b_sovremennaya_nauka_i_filosofiya_puti_fundamentalnyh_issledovanii_i_perspektivy_filosofii.fb2.zip</filename>
	<title>Кузнецов Б. Г. Современная наука и философия: Пути фундаментальных исследований и перспективы философии</title>
</book>
<book>
	<filename>kuznecov_cergei/kuznecov_cergei_sem_lepestkov.fb2.zip</filename>
	<title>Кузнецов Cергей. Семь лепестков</title>
</book>
<book>
	<filename>kuznecov_igor/kuznecov_igor_informaciya_sbor_zashita_analiz_uchebnik_po_informacionnoanaliticheskoi_rabote.fb2.zip</filename>
	<title>Кузнецов Игорь Николаевич. Информация: сбор, защита, анализ. Учебник по информационно-аналитической работе</title>
</book>
<book>
	<filename>kuznecov_ivan/kuznecov_ivan_lestnica_v_nebo.fb2.zip</filename>
	<title>Кузнецов Иван. Лестница в небо</title>
</book>
<book>
	<filename>kuznecov_nikolai/kuznecov_nikolai_kursom_k_pobede.fb2.zip</filename>
	<title>Кузнецов Николай Герасимович. Курсом к победе</title>
</book>
<book>
	<filename>kuznecov_nikolai/kuznecov_nikolai_nakanune.fb2.zip</filename>
	<title>Кузнецов Николай Герасимович. Накануне</title>
</book>
<book>
	<filename>kuznecov_oleg/kuznecov_oleg_dalnii_poisk.fb2.zip</filename>
	<title>Кузнецов Олег. Дальний поиск</title>
</book>
<book>
	<filename>kuznecov_sergei/kuznecov_sergei_grob_hrustalnyi_versiya_20.fb2.zip</filename>
	<title>Кузнецов Сергей Юрьевич. Гроб хрустальный. Версия 2.0</title>
</book>
<book>
	<filename>kuznecov_sergei/kuznecov_sergei_net.fb2.zip</filename>
	<title>Кузнецов Сергей Юрьевич. Нет</title>
</book>
<book>
	<filename>kuznecov_sergei/kuznecov_sergei_podobno_tysyache_gromov.fb2.zip</filename>
	<title>Кузнецов Сергей Юрьевич. Подобно тысяче громов</title>
</book>
<book>
	<filename>kuznecov_sergei/kuznecov_sergei_poligon.fb2.zip</filename>
	<title>Кузнецов Сергей. Полигон</title>
</book>
<book>
	<filename>kuznecov_sergei/kuznecov_sergei_sem_lepestkov.fb2.zip</filename>
	<title>Кузнецов Сергей Юрьевич. Семь лепестков</title>
</book>
<book>
	<filename>kuznecov_sergei/kuznecov_sergei_serenkii_volchok.fb2.zip</filename>
	<title>Кузнецов Сергей Юрьевич. Серенький волчок</title>
</book>
<book>
	<filename>kuznecov_sergei_borisovich/kuznecov_sergei_borisovich_poligon.fb2.zip</filename>
	<title>Кузнецов Сергей Борисович. Полигон</title>
</book>
<book>
	<filename>kuznecov_viktor/kuznecov_viktor_razvedchik_nikolai_kuznecov.fb2.zip</filename>
	<title>Кузнецов Виктор. Разведчик Николай Кузнецов</title>
</book>
<book>
	<filename>kuznecov_viktor/kuznecov_viktor_taina_gibeli_esenina.fb2.zip</filename>
	<title>Кузнецов Виктор. Тайна гибели Есенина</title>
</book>
<book>
	<filename>kuznecov_yurii/kuznecov_yurii_holodnaya_stal.fb2.zip</filename>
	<title>Кузнецов Юрий Николаевич. Холодная сталь</title>
</book>
<book>
	<filename>kuznecov_yurii/kuznecov_yurii_krovavyi_sled.fb2.zip</filename>
	<title>Кузнецов Юрий Николаевич. Кровавый след</title>
</book>
<book>
	<filename>kvadrigin_feliks/kvadrigin_feliks_na_baidarke.fb2.zip</filename>
	<title>Квадригин Феликс. На байдарке</title>
</book>
<book>
	<filename>kvarri_nik/kvarri_nik_don_umer.fb2.zip</filename>
	<title>Кварри Ник. Дон умер</title>
</book>
<book>
	<filename>kvarri_nik/kvarri_nik_imya_ubiicy.fb2.zip</filename>
	<title>Кварри Ник. Имя убийцы</title>
</book>
<book>
	<filename>kvarri_nik/kvarri_nik_smert_moya_ten.fb2.zip</filename>
	<title>Кварри Ник. Смерть — моя тень</title>
</book>
<book>
	<filename>kvarri_nik/kvarri_nik_soldat_mafii.fb2.zip</filename>
	<title>Кварри Ник. Солдат мафии</title>
</book>
<book>
	<filename>kvarri_nik/kvarri_nik_v_adu_shansov_net.fb2.zip</filename>
	<title>Кварри Ник. В аду шансов нет</title>
</book>
<book>
	<filename>kvarri_nik/kvarri_nik_vendetta.fb2.zip</filename>
	<title>Кварри Ник. Вендетта</title>
</book>
<book>
	<filename>kvarri_nik/kvarri_nik_v_opiumnom_kolce.fb2.zip</filename>
	<title>Кварри Ник. В опиумном кольце</title>
</book>
<book>
	<filename>kvarri_nik/kvarri_nik_vseh_ubrat.fb2.zip</filename>
	<title>Кварри Ник. Всех убрать!</title>
</book>
<book>
	<filename>kvarri_nik/kvarri_nik_vse_na_odnogo.fb2.zip</filename>
	<title>Кварри Ник. Все на одного</title>
</book>
<book>
	<filename>kventin_patrik/kventin_patrik_moi_syn_ubiica.fb2.zip</filename>
	<title>Квентин Патрик. Мой сын убийца?</title>
</book>
<book>
	<filename>kventin_patrik/kventin_patrik_on_i_dve_ego_zheny.fb2.zip</filename>
	<title>Квентин Патрик. Он и две его жены</title>
</book>
<book>
	<filename>kvik_amanda/kvik_amanda_beru_tebya_v_zheny.fb2.zip</filename>
	<title>Квик Аманда. Беру тебя в жены</title>
</book>
<book>
	<filename>kvik_amanda/kvik_amanda_drugoi_vzglyad.fb2.zip</filename>
	<title>Квик Аманда. Другой взгляд</title>
</book>
<book>
	<filename>kvik_amanda/kvik_amanda_dvoe_v_lunnom_svete.fb2.zip</filename>
	<title>Квик Аманда. Двое в лунном свете</title>
</book>
<book>
	<filename>kvik_amanda/kvik_amanda_greshnaya_vdova.fb2.zip</filename>
	<title>Квик Аманда. Грешная вдова</title>
</book>
<book>
	<filename>kvik_amanda/kvik_amanda_silnee_magii.fb2.zip</filename>
	<title>Квик Аманда. Сильнее магии</title>
</book>
<book>
	<filename>kvik_amanda/kvik_amanda_skandal.fb2.zip</filename>
	<title>Квик Аманда. Скандал</title>
</book>
<book>
	<filename>kvik_amanda/kvik_amanda_sokrovishe.fb2.zip</filename>
	<title>Квик Аманда. Сокровище</title>
</book>
<book>
	<filename>kvik_amanda/kvik_amanda_syurpriz.fb2.zip</filename>
	<title>Квик Аманда. Сюрприз</title>
</book>
<book>
	<filename>kvik_amanda/kvik_amanda_tainyi_roman.fb2.zip</filename>
	<title>Квик Аманда. Тайный роман</title>
</book>
<book>
	<filename>kvinnel_a/kvinnel_a_do_belogo_kaleniya.fb2.zip</filename>
	<title>Квиннел А. Дж. До белого каления</title>
</book>
<book>
	<filename>kvinnel_a/kvinnel_a_nochi_krasnyh_fonarei.fb2.zip</filename>
	<title>Квиннел А. Дж. Ночи «красных фонарей»</title>
</book>
<book>
	<filename>kvinnel_a/kvinnel_a_poka_letit_pulya.fb2.zip</filename>
	<title>Квиннел А. Дж. Пока летит пуля</title>
</book>
<book>
	<filename>kvinnel_a/kvinnel_a_vo_imya_otca.fb2.zip</filename>
	<title>Квиннел А. Дж. Во имя отца</title>
</book>
<book>
	<filename>kvinnel_a/kvinnel_a_yeta_chernaya_chernaya_smert.fb2.zip</filename>
	<title>Квиннел А. Дж. Эта черная, черная смерть</title>
</book>
<book>
	<filename>kvinn_kollin/kvinn_kollin_kruzheva_i_lenty.fb2.zip</filename>
	<title>Квинн Коллин. Кружева и ленты</title>
</book>
<book>
	<filename>kvitkaosnovyanenko_grigorii/kvitkaosnovyanenko_grigorii_konotopska_vidma.fb2.zip</filename>
	<title>Квитка-Основьяненко Григорий Федорович. Конотопська відьма</title>
</book>
<book>
	<filename>kvitkaosnovyanenko_grigorii/kvitkaosnovyanenko_grigorii_kozirdivka.fb2.zip</filename>
	<title>Квитка-Основьяненко Григорий Федорович. Козир-дівка</title>
</book>
<book>
	<filename>kvitkaosnovyanenko_grigorii/kvitkaosnovyanenko_grigorii_malorosiiska_bil.fb2.zip</filename>
	<title>Квитка-Основьяненко Григорий Федорович. Малоросійська біль</title>
</book>
<book>
	<filename>kvitkaosnovyanenko_grigorii/kvitkaosnovyanenko_grigorii_marusya.fb2.zip</filename>
	<title>Квитка-Основьяненко Григорий Федорович. Маруся</title>
</book>
<book>
	<filename>kvitkaosnovyanenko_grigorii/kvitkaosnovyanenko_grigorii_mertveckii_velikden.fb2.zip</filename>
	<title>Квитка-Основьяненко Григорий Федорович. Мертвецький великдень</title>
</book>
<book>
	<filename>kvitkaosnovyanenko_grigorii/kvitkaosnovyanenko_grigorii_ot_tobi_i_skarb.fb2.zip</filename>
	<title>Квитка-Основьяненко Григорий Федорович. От тобі й скарб</title>
</book>
<book>
	<filename>kvitkaosnovyanenko_grigorii/kvitkaosnovyanenko_grigorii_parhimove_snidannya.fb2.zip</filename>
	<title>Квитка-Основьяненко Григорий Федорович. Пархімове снідання</title>
</book>
<book>
	<filename>kvitkaosnovyanenko_grigorii/kvitkaosnovyanenko_grigorii_perekotipole.fb2.zip</filename>
	<title>Квитка-Основьяненко Григорий Федорович. Перекотиполе</title>
</book>
<book>
	<filename>kvitkaosnovyanenko_grigorii/kvitkaosnovyanenko_grigorii_pidbrehach.fb2.zip</filename>
	<title>Квитка-Основьяненко Григорий Федорович. Підбрехач</title>
</book>
<book>
	<filename>kvitkaosnovyanenko_grigorii/kvitkaosnovyanenko_grigorii_saldatckii_patret.fb2.zip</filename>
	<title>Квітка-Основ’яненко Григорій Федорович. Салдатцький патрет</title>
</book>
<book>
	<filename>kvitkaosnovyanenko_grigorii/kvitkaosnovyanenko_grigorii_serdeshna_oksana.fb2.zip</filename>
	<title>Квитка-Основьяненко Григорий Федорович. Сердешна Оксана</title>
</book>
<book>
	<filename>kvitkaosnovyanenko_grigorii/kvitkaosnovyanenko_grigorii_shchira_lyubov.fb2.zip</filename>
	<title>Квитка-Основьяненко Григорий Федорович. Щира любов</title>
</book>
<book>
	<filename>kvitkaosnovyanenko_grigorii/kvitkaosnovyanenko_grigorii_svatannya_na_goncharivci.fb2.zip</filename>
	<title>Квитка-Основьяненко Григорий Федорович. Сватання на Гончарівці</title>
</book>
<book>
	<filename>kvp_/kvp__istoriya_razvitiya_formy_kresta.fb2.zip</filename>
	<title>К.В.П. История развития формы креста</title>
</book>
<book>
	<filename>kvyatkovskii_tadeush/kvyatkovskii_tadeush_sem_smertnyh_grehov.fb2.zip</filename>
	<title>Квятковский Тадеуш. Семь смертных грехов</title>
</book>
<book>
	<filename>kyebot_myeg/kyebot_myeg_delo_ne_v_razmere.fb2.zip</filename>
	<title>Кэбот Мэг. Дело не в размере</title>
</book>
<book>
	<filename>kyebot_myeg/kyebot_myeg_dnevniki_princessy.fb2.zip</filename>
	<title>Кэбот Мэг. Дневники принцессы</title>
</book>
<book>
	<filename>kyebot_myeg/kyebot_myeg_koroleva_spleten.fb2.zip</filename>
	<title>Кэбот Мэг. Королева сплетен</title>
</book>
<book>
	<filename>kyebot_myeg/kyebot_myeg_paren_vstretil_devushku.fb2.zip</filename>
	<title>Кэбот Мэг. Парень встретил девушку</title>
</book>
<book>
	<filename>kyebot_myeg/kyebot_myeg_princessa_v_centre_vnimaniya.fb2.zip</filename>
	<title>Кэбот Мэг. Принцесса в центре внимания</title>
</book>
<book>
	<filename>kyebot_myeg/kyebot_myeg_princessa_zhdet.fb2.zip</filename>
	<title>Кэбот Мэг. Принцесса ждет</title>
</book>
<book>
	<filename>kyebot_myeg/kyebot_myeg_prosto_sosed.fb2.zip</filename>
	<title>Кэбот Мэг. Просто сосед</title>
</book>
<book>
	<filename>kyebot_myeg/kyebot_myeg_vlyublennaya_princessa.fb2.zip</filename>
	<title>Кэбот Мэг. Влюбленная принцесса</title>
</book>
<book>
	<filename>kyebot_myeg/kyebot_myeg_ya_ne_tolstaya.fb2.zip</filename>
	<title>Кэбот Мэг. Я не толстая</title>
</book>
<book>
	<filename>kyebot_patriciya/kyebot_patriciya_celomudrie_i_soblazn.fb2.zip</filename>
	<title>Кэбот Патриция. Целомудрие и соблазн</title>
</book>
<book>
	<filename>kyebot_patriciya/kyebot_patriciya_malenkii_skandal.fb2.zip</filename>
	<title>Кэбот Патриция. Маленький скандал</title>
</book>
<book>
	<filename>kyebot_patriciya/kyebot_patriciya_poceluite_nevestu_milord.fb2.zip</filename>
	<title>Кэбот Патриция. Поцелуйте невесту, милорд!</title>
</book>
<book>
	<filename>kyebot_patriciya/kyebot_patriciya_portret_moego_serdca.fb2.zip</filename>
	<title>Кэбот Патриция. Портрет моего сердца</title>
</book>
<book>
	<filename>kyebot_patriciya/kyebot_patriciya_pyanyashii_aromat.fb2.zip</filename>
	<title>Кэбот Патриция. Пьянящий аромат</title>
</book>
<book>
	<filename>kyebot_patriciya/kyebot_patriciya_yeti_sinie_glaza.fb2.zip</filename>
	<title>Кэбот Патриция. Эти синие глаза</title>
</book>
<book>
	<filename>kyeddl_kolett/kyeddl_kolett_delo_vkusa.fb2.zip</filename>
	<title>Кэддл Колетт. Дело вкуса</title>
</book>
<book>
	<filename>kyedigan_pyet/kyedigan_pyet_chai_iz_pustoi_chashki.fb2.zip</filename>
	<title>Кэдиган Пэт. Чай из пустой чашки</title>
</book>
<book>
	<filename>kyedigan_pyet/kyedigan_pyet_vstrecha.fb2.zip</filename>
	<title>Кэдиган Пэт. Встреча</title>
</book>
<book>
	<filename>kyeiv_hyu/kyeiv_hyu_stragella.fb2.zip</filename>
	<title>Кэйв Хью Б. Страгелла</title>
</book>
<book>
	<filename>kyelder_piter/kyelder_piter_oko_vozrozhdeniya_drevnii_sekret_tibetskih_lam.fb2.zip</filename>
	<title>Кэлдер Питер. Око возрождения — древний секрет тибетских лам</title>
</book>
<book>
	<filename>kyelmen_hizer/kyelmen_hizer_pover_i_polyubi.fb2.zip</filename>
	<title>Кэлмен Хизер. Поверь и полюби</title>
</book>
<book>
	<filename>kyelmen_hizer/kyelmen_hizer_vcherashnie_rozy.fb2.zip</filename>
	<title>Кэлмен Хизер. Вчерашние розы</title>
</book>
<book>
	<filename>kyelmen_hizer/kyelmen_hizer_zavtrashnie_mechty.fb2.zip</filename>
	<title>Кэлмен Хизер. Завтрашние мечты</title>
</book>
<book>
	<filename>kyemeronbyendler_lesli/kyemeronbyendler_lesli_s_teh_por_oni_zhili_schastlivo.fb2.zip</filename>
	<title>Кэмерон-бэндлер. Лесли. С тех пор они жили счастливо.</title>
</book>
<book>
	<filename>kyempbell_alan/kyempbell_alan_noch_shramov.fb2.zip</filename>
	<title>Кэмпбелл Алан. Ночь шрамов</title>
</book>
<book>
	<filename>kyempbell_anna/kyempbell_anna_blarodstvo_i_strast.fb2.zip</filename>
	<title>Кэмпбелл Анна. Блародство и страсть</title>
</book>
<book>
	<filename>kyempbell_anna/kyempbell_anna_zavoevanie_kurtizanki.fb2.zip</filename>
	<title>Кэмпбелл Анна. Завоевание куртизанки</title>
</book>
<book>
	<filename>kyempbell_betani/kyempbell_betani_devochka_ty_chya.fb2.zip</filename>
	<title>Кэмпбелл Бетани. Девочка, ты чья?</title>
</book>
<book>
	<filename>kyempbell_dzhon/kyempbell_dzhon_iz_mraka_nochi.fb2.zip</filename>
	<title>Кэмпбелл Джон У. Из Мрака Ночи</title>
</book>
<book>
	<filename>kyempbell_dzhon/kyempbell_dzhon_kto_ty.fb2.zip</filename>
	<title>Кэмпбелл Джон У. Кто Ты?</title>
</book>
<book>
	<filename>kyempbell_dzhon/kyempbell_dzhon_lunnyi_ad.fb2.zip</filename>
	<title>Кэмпбелл Джон У. Лунный ад</title>
</book>
<book>
	<filename>kyempbell_dzhon/kyempbell_dzhon_nechto.fb2.zip</filename>
	<title>Кэмпбелл Джон У. Нечто</title>
</book>
<book>
	<filename>kyempbell_dzhon/kyempbell_dzhon_venec_tvoreniya.fb2.zip</filename>
	<title>Кэмпбелл Джон У. Венец творения</title>
</book>
<book>
	<filename>kyempbell_myerilin/kyempbell_myerilin_naemnyi_rabotnik.fb2.zip</filename>
	<title>Кэмпбелл Мэрилин. Наемный работник</title>
</book>
<book>
	<filename>kyempbell_naomi/kyempbell_naomi_lebed.fb2.zip</filename>
	<title>Кэмпбелл Наоми. Лебедь</title>
</book>
<book>
	<filename>kyempbell_ross/kyempbell_ross_kak_lyubit_svoego_podrostka.fb2.zip</filename>
	<title>Кэмпбелл Росс. Как любить своего подростка</title>
</book>
<book>
	<filename>kyempbell_ross/kyempbell_ross_kak_ponastoyashemu_lyubit_svoego_rebenka.fb2.zip</filename>
	<title>Кэмпбелл Росс. Как по-настоящему любить своего ребенка</title>
</book>
<book>
	<filename>kyempbell_ross/kyempbell_ross_kak_spravlyatsya_s_gnevom_rebenka.fb2.zip</filename>
	<title>Кэмпбелл Росс. Как справляться с гневом ребенка</title>
</book>
<book>
	<filename>kyempbell_ryemsi/kyempbell_ryemsi_vyvodok.fb2.zip</filename>
	<title>Кэмпбелл Рэмси. Выводок</title>
</book>
<book>
	<filename>kyemp_kyendis/kyemp_kyendis_liliya_pod_dozhdem.fb2.zip</filename>
	<title>Кэмп Кэндис. Лилия под дождем</title>
</book>
<book>
	<filename>kyemp_kyendis/kyemp_kyendis_ognennaya_liliya.fb2.zip</filename>
	<title>Кэмп Кэндис. Огненная лилия</title>
</book>
<book>
	<filename>kyemp_kyendis/kyemp_kyendis_rokovaya_lyubov.fb2.zip</filename>
	<title>Кэмп Кэндис. Роковая любовь</title>
</book>
<book>
	<filename>kyemp_kyendis/kyemp_kyendis_rozovoe_derevo.fb2.zip</filename>
	<title>Кэмп Кэндис. Розовое дерево</title>
</book>
<book>
	<filename>kyemp_kyendis/kyemp_kyendis_svet_i_ten.fb2.zip</filename>
	<title>Кэмп Кэндис. Свет и тень</title>
</book>
<book>
	<filename>kyemp_kyendis/kyemp_kyendis_uzy_lyubvi.fb2.zip</filename>
	<title>Кэмп Кэндис. Узы любви</title>
</book>
<book>
	<filename>kyemp_kyendis/kyemp_kyendis_vershina_schastya.fb2.zip</filename>
	<title>Кэмп Кэндис. Вершина счастья</title>
</book>
<book>
	<filename>kyendis_shennon/kyendis_shennon_millioner.fb2.zip</filename>
	<title>Кэндис Шеннон. Миллионер</title>
</book>
<book>
	<filename>kyendis_shennon/kyendis_shennon_nevesta.fb2.zip</filename>
	<title>Кэндис Шеннон. Невеста</title>
</book>
<book>
	<filename>kyendis_shennon/kyendis_shennon_v_plenu_somnenii.fb2.zip</filename>
	<title>Кэндис Шеннон. В плену сомнений</title>
</book>
<book>
	<filename>kyenfild_sandra/kyenfild_sandra_lyubimaya.fb2.zip</filename>
	<title>Кэнфилд Сандра. Любимая</title>
</book>
<book>
	<filename>kyenhem_marsha/kyenhem_marsha_bezoglyadnaya_strast.fb2.zip</filename>
	<title>Кэнхем Марша. Безоглядная страсть</title>
</book>
<book>
	<filename>kyenhem_marsha/kyenhem_marsha_chainaya_roza.fb2.zip</filename>
	<title>Кэнхем Марша. Чайная роза</title>
</book>
<book>
	<filename>kyenhem_marsha/kyenhem_marsha_mech_i_roza.fb2.zip</filename>
	<title>Кэнхем Марша. Меч и роза</title>
</book>
<book>
	<filename>kyenhem_marsha/kyenhem_marsha_opalennye_strastyu.fb2.zip</filename>
	<title>Кэнхем Марша. Опаленные страстью</title>
</book>
<book>
	<filename>kyenhem_marsha/kyenhem_marsha_tainstvennyi_vsadnik.fb2.zip</filename>
	<title>Кэнхем Марша. Таинственный всадник</title>
</book>
<book>
	<filename>kyenhem_marsha/kyenhem_marsha_veter_i_more.fb2.zip</filename>
	<title>Кэнхем Марша. Ветер и море</title>
</book>
<book>
	<filename>kyenhem_marsha/kyenhem_marsha_zheleznaya_roza.fb2.zip</filename>
	<title>Кэнхем Марша. Железная роза</title>
</book>
<book>
	<filename>kyennell_doroti/kyennell_doroti_chisto_vesennie_ubiistva.fb2.zip</filename>
	<title>Кэннелл Дороти. Чисто весенние убийства</title>
</book>
<book>
	<filename>kyennell_doroti/kyennell_doroti_hrupkaya_zhenshina.fb2.zip</filename>
	<title>Кэннелл Дороти. Хрупкая женщина</title>
</book>
<book>
	<filename>kyennell_doroti/kyennell_doroti_kak_ubit_muzhchinu_mechty.fb2.zip</filename>
	<title>Кэннелл Дороти. Как убить мужчину мечты</title>
</book>
<book>
	<filename>kyennell_doroti/kyennell_doroti_kak_ubit_svoyu_svekrov.fb2.zip</filename>
	<title>Кэннелл Дороти. Как убить свою свекровь</title>
</book>
<book>
	<filename>kyennell_doroti/kyennell_doroti_oi_mamochki.fb2.zip</filename>
	<title>Кэннелл Дороти. Ой, мамочки</title>
</book>
<book>
	<filename>kyennell_doroti/kyennell_doroti_svistoplyaska_s_harriet.fb2.zip</filename>
	<title>Кэннелл Дороти. Свистопляска с Харриет</title>
</book>
<book>
	<filename>kyennell_doroti/kyennell_doroti_vdovii_klub.fb2.zip</filename>
	<title>Кэннелл Дороти. Вдовий клуб</title>
</book>
<book>
	<filename>kyennell_stiven/kyennell_stiven_korol_moshennikov.fb2.zip</filename>
	<title>Кэннелл Стивен. Король мошенников</title>
</book>
<book>
	<filename>kyensaku_simaki/kyensaku_simaki_chernyi_kot.fb2.zip</filename>
	<title>Кэнсаку Симаки. Черный кот</title>
</book>
<book>
	<filename>kyerberri_yenn/kyerberri_yenn_sbezhavshaya_nevesta.fb2.zip</filename>
	<title>Кэрберри Энн. Сбежавшая невеста</title>
</book>
<book>
	<filename>kyeri_diana/kyeri_diana_drednout_sudby_voiny_1.fb2.zip</filename>
	<title>Кэри Диана. Дредноут: Судьбы войны 1</title>
</book>
<book>
	<filename>kyeri_diana/kyeri_diana_poslednyaya_granica.fb2.zip</filename>
	<title>Кэри Диана. Последняя Граница</title>
</book>
<book>
	<filename>kyeri_myeri/kyeri_myeri_taina_gollivudskih_moshennikov_taina_shou_moshennikov.fb2.zip</filename>
	<title>Кэри Мэри Вирджиния. Тайна голливудских мошенников. [Тайна шоу мошенников]</title>
</book>
<book>
	<filename>kyeri_myeri/kyeri_myeri_taina_golubyahromonozhki_taina_dvupalogo_golubya.fb2.zip</filename>
	<title>Кэри Мэри Вирджиния. Тайна голубя-хромоножки. [Тайна двупалого голубя]</title>
</book>
<book>
	<filename>kyeri_myeri/kyeri_myeri_taina_gory_chudovish.fb2.zip</filename>
	<title>Кэри Мэри Вирджиния. Тайна Горы Чудовищ</title>
</book>
<book>
	<filename>kyeri_myeri/kyeri_myeri_taina_nishego_so_shramom.fb2.zip</filename>
	<title>Кэри Мэри Вирджиния. Тайна нищего со шрамом</title>
</book>
<book>
	<filename>kyeri_myeri/kyeri_myeri_taina_pamyatnoi_vstrechi.fb2.zip</filename>
	<title>Кэри Мэри Вирджиния. Тайна памятной встречи</title>
</book>
<book>
	<filename>kyeri_myeri/kyeri_myeri_taina_poyushei_zmei.fb2.zip</filename>
	<title>Кэри Мэри Вирджиния. Тайна поющей змеи</title>
</book>
<book>
	<filename>kyeri_myeri/kyeri_myeri_taina_psanevidimki.fb2.zip</filename>
	<title>Кэри Мэри Вирджиния. Тайна пса—невидимки</title>
</book>
<book>
	<filename>kyeri_myeri/kyeri_myeri_taina_pylayushih_skal.fb2.zip</filename>
	<title>Кэри Мэри Вирджиния. Тайна пылающих скал</title>
</book>
<book>
	<filename>kyeri_myeri/kyeri_myeri_taina_pylayushih_sledov.fb2.zip</filename>
	<title>Кэри Мэри Вирджиния. Тайна пылающих следов</title>
</book>
<book>
	<filename>kyeri_myeri/kyeri_myeri_taina_zerkala_goblinov.fb2.zip</filename>
	<title>Кэри Мэри Вирджиния. Тайна зеркала гоблинов</title>
</book>
<book>
	<filename>kyeri_myeri/kyeri_myeri_taina_zloveshih_kopei.fb2.zip</filename>
	<title>Кэри Мэри Вирджиния. Тайна зловещих копей</title>
</book>
<book>
	<filename>kyeri_piter/kyeri_piter_dzhek_myeggs.fb2.zip</filename>
	<title>Кэри Питер. Джек Мэггс</title>
</book>
<book>
	<filename>kyeri_piter/kyeri_piter_istinnaya_istoriya_shaiki_kelli.fb2.zip</filename>
	<title>Кэри Питер. Истинная история шайки Келли</title>
</book>
<book>
	<filename>kyeri_piter/kyeri_piter_moya_zhizn_kak_falshivka.fb2.zip</filename>
	<title>Кэри Питер. Моя жизнь как фальшивка</title>
</book>
<book>
	<filename>kyeri_syuzanna/kyeri_syuzanna_v_oreole_nevinnosti.fb2.zip</filename>
	<title>Кэри Сюзанна. В ореоле невинности</title>
</book>
<book>
	<filename>kyer_madlen/kyer_madlen_poedinok_strasti.fb2.zip</filename>
	<title>Кэр Мадлен. Поединок страсти</title>
</book>
<book>
	<filename>kyerol_dzherina/kyerol_dzherina_graf_iz_tehasa.fb2.zip</filename>
	<title>Кэрол Джерина. Граф из Техаса</title>
</book>
<book>
	<filename>kyerri_maik/kyerri_maik_moi_znakomyi_prizrak.fb2.zip</filename>
	<title>Кэрри Майк. Мой знакомый призрак</title>
</book>
<book>
	<filename>kyerroll_dzhonatan/kyerroll_dzhonatan_belye_yabloki.fb2.zip</filename>
	<title>Кэрролл Джонатан. Белые яблоки</title>
</book>
<book>
	<filename>kyerroll_dzhonatan/kyerroll_dzhonatan_derevyannoe_more.fb2.zip</filename>
	<title>Кэрролл Джонатан. Деревянное море</title>
</book>
<book>
	<filename>kyerroll_dzhonatan/kyerroll_dzhonatan_ditya_v_nebe.fb2.zip</filename>
	<title>Кэрролл Джонатан. Дитя в небе</title>
</book>
<book>
	<filename>kyerroll_dzhonatan/kyerroll_dzhonatan_golos_nashei_teni.fb2.zip</filename>
	<title>Кэрролл Джонатан. Голос нашей тени</title>
</book>
<book>
	<filename>kyerroll_dzhonatan/kyerroll_dzhonatan_grust_detalei.fb2.zip</filename>
	<title>Кэрролл Джонатан. Грусть деталей</title>
</book>
<book>
	<filename>kyerroll_dzhonatan/kyerroll_dzhonatan_pocelovat_osinoe_gnezdo.fb2.zip</filename>
	<title>Кэрролл Джонатан. Поцеловать осиное гнездо</title>
</book>
<book>
	<filename>kyerroll_dzhonatan/kyerroll_dzhonatan_po_tu_storonu_bezmolviya.fb2.zip</filename>
	<title>Кэрролл Джонатан. По ту сторону безмолвия</title>
</book>
<book>
	<filename>kyerroll_dzhonatan/kyerroll_dzhonatan_son_v_plameni.fb2.zip</filename>
	<title>Кэрролл Джонатан. Сон в пламени</title>
</book>
<book>
	<filename>kyerroll_dzhonatan/kyerroll_dzhonatan_strana_smeha.fb2.zip</filename>
	<title>Кэрролл Джонатан. Страна смеха</title>
</book>
<book>
	<filename>kyerroll_dzhonatan/kyerroll_dzhonatan_svadba_palochek.fb2.zip</filename>
	<title>Кэрролл Джонатан. Свадьба палочек</title>
</book>
<book>
	<filename>kyerroll_dzhonatan/kyerroll_dzhonatan_za_stenami_sobachego_muzeya.fb2.zip</filename>
	<title>Кэрролл Джонатан. За стенами собачьего музея</title>
</book>
<book>
	<filename>kyerroll_lyuis/kyerroll_lyuis_alices_adventures_in_wonderland.fb2.zip</filename>
	<title>Кэрролл Льюис. Alice's adventures in Wonderland</title>
</book>
<book>
	<filename>kyerroll_lyuis/kyerroll_lyuis_alisa_v_strane_chudes_tr_zahodera_s_illyustraciyami.fb2.zip</filename>
	<title>Кэрролл Льюис. Алиса в стране чудес tr Заходера с иллюстрациями</title>
</book>
<book>
	<filename>kyerroll_lyuis/kyerroll_lyuis_alisa_v_strane_chudes_v_perevode_zahodera_s_illyustraciyami.fb2.zip</filename>
	<title>Кэрролл Льюис. Алиса в стране чудес в переводе Заходера с иллюстрациями</title>
</book>
<book>
	<filename>kyerroll_lyuis/kyerroll_lyuis_logicheskaya_igra.fb2.zip</filename>
	<title>Кэрролл Льюис. Логическая игра</title>
</book>
<book>
	<filename>kyerroll_lyuis/kyerroll_lyuis_ohota_na_snarka.fb2.zip</filename>
	<title>Кэрролл Льюис. Охота на Снарка</title>
</book>
<book>
	<filename>kyerroll_lyuis/kyerroll_lyuis_priklyucheniya_alisy_v_strane_chudes.fb2.zip</filename>
	<title>Кэрролл Льюис. Приключения Алисы в стране чудес</title>
</book>
<book>
	<filename>kyerroll_lyuis/kyerroll_lyuis_priklyucheniya_alisy_v_strane_chudes_per_nm_demurovoi.fb2.zip</filename>
	<title>Кэрролл Льюис. Приключения Алисы в стране чудес (Пер. Н.М. Демуровой)</title>
</book>
<book>
	<filename>kyerroll_lyuis/kyerroll_lyuis_skvoz_zerkalo_i_chto_tam_uvidela_alisa_ili_alisa_v_zazerkale_pernm_demurovoi.fb2.zip</filename>
	<title>Кэрролл Льюис. Сквозь зеркало и что там увидела Алиса, или Алиса в Зазеркалье (Пер.Н.М. Демуровой)</title>
</book>
<book>
	<filename>kyerroll_lyuis/kyerroll_lyuis_the_hunting_of_the_snark.fb2.zip</filename>
	<title>Кэрролл Льюис. The hunting of the Snark</title>
</book>
<book>
	<filename>kyerroll_shirli/kyerroll_shirli_vzaimnoe_vlechenie.fb2.zip</filename>
	<title>Кэрролл Ширли. Взаимное влечение</title>
</book>
<book>
	<filename>kyerrol_shanna/kyerrol_shanna_dolgozhdannaya_vstrecha.fb2.zip</filename>
	<title>Кэррол Шанна. Долгожданная встреча</title>
</book>
<book>
	<filename>kyerrol_shanna/kyerrol_shanna_na_beregah_lyubvi.fb2.zip</filename>
	<title>Кэррол Шанна. На берегах любви</title>
</book>
<book>
	<filename>kyerrol_syuzen/kyerrol_syuzen_kurtizanka.fb2.zip</filename>
	<title>Кэррол Сьюзен. Куртизанка</title>
</book>
<book>
	<filename>kyerrol_syuzen/kyerrol_syuzen_lyubovnoe_zaklyatie.fb2.zip</filename>
	<title>Кэррол Сьюзен. Любовное заклятие</title>
</book>
<book>
	<filename>kyerrol_syuzen/kyerrol_syuzen_ohotnica.fb2.zip</filename>
	<title>Кэррол Сьюзен. Охотница</title>
</book>
<book>
	<filename>kyerrol_syuzen/kyerrol_syuzen_serebryanaya_vedma.fb2.zip</filename>
	<title>Кэррол Сьюзен. Серебряная ведьма</title>
</book>
<book>
	<filename>kyerrol_syuzen/kyerrol_syuzen_temnaya_koroleva.fb2.zip</filename>
	<title>Кэррол Сьюзен. Темная королева</title>
</book>
<book>
	<filename>kyerrol_syuzen/kyerrol_syuzen_zhena_dlya_charodeya.fb2.zip</filename>
	<title>Кэррол Сьюзен. Жена для чародея</title>
</book>
<book>
	<filename>kyeski_kyetrin/kyeski_kyetrin_kak_soblaznit_gercoga.fb2.zip</filename>
	<title>Кэски Кэтрин. Как соблазнить герцога</title>
</book>
<book>
	<filename>kyeski_kyetrin/kyeski_kyetrin_kak_soblaznit_grafa.fb2.zip</filename>
	<title>Кэски Кэтрин. Как соблазнить графа</title>
</book>
<book>
	<filename>kyessidi_gvendolin/kyessidi_gvendolin_medovyi_mesyac.fb2.zip</filename>
	<title>Кэссиди Гвендолин. Медовый месяц</title>
</book>
<book>
	<filename>kyessidi_gvendolin/kyessidi_gvendolin_naveki_vmeste.fb2.zip</filename>
	<title>Кэссиди Гвендолин. Навеки вместе</title>
</book>
<book>
	<filename>kyessidi_gvendolin/kyessidi_gvendolin_sila_ee_strasti.fb2.zip</filename>
	<title>Кэссиди Гвендолин. Сила ее страсти</title>
</book>
<book>
	<filename>kyessidi_gvendolin/kyessidi_gvendolin_tvoe_nezhnoe_imya.fb2.zip</filename>
	<title>Кэссиди Гвендолин. Твое нежное имя</title>
</book>
<book>
	<filename>kyessidi_gvendolin/kyessidi_gvendolin_vek_lyubvi.fb2.zip</filename>
	<title>Кэссиди Гвендолин. Век любви</title>
</book>
<book>
	<filename>kyessidi_gvendolin/kyessidi_gvendolin_vera_i_lyubov.fb2.zip</filename>
	<title>Кэссиди Гвендолин. Вера и любовь</title>
</book>
<book>
	<filename>kyessidi_karla/kyessidi_karla_bud_potvoemu_aleks.fb2.zip</filename>
	<title>Кэссиди Карла. Будь по-твоему, Алекс...</title>
</book>
<book>
	<filename>kyessidi_karla/kyessidi_karla_lyubov_i_korona.fb2.zip</filename>
	<title>Кэссиди Карла. Любовь и корона</title>
</book>
<book>
	<filename>kyessidi_karla/kyessidi_karla_navek_s_lyubimym.fb2.zip</filename>
	<title>Кэссиди Карла. Навек с любимым</title>
</book>
<book>
	<filename>kyessidi_karla/kyessidi_karla_neistovoe_serdce.fb2.zip</filename>
	<title>Кэссиди Карла. Неистовое сердце</title>
</book>
<book>
	<filename>kyessidi_karla/kyessidi_karla_pomozhet_santaklaus.fb2.zip</filename>
	<title>Кэссиди Карла. Поможет Санта-Клаус</title>
</book>
<book>
	<filename>kyessidi_karla/kyessidi_karla_ryadom_s_toboi.fb2.zip</filename>
	<title>Кэссиди Карла. Рядом с тобой</title>
</book>
<book>
	<filename>kyessidi_karla/kyessidi_karla_strast_pod_zapretom.fb2.zip</filename>
	<title>Кэссиди Карла. Страсть под запретом</title>
</book>
<book>
	<filename>kyessidi_karla/kyessidi_karla_vsego_lish_mig.fb2.zip</filename>
	<title>Кэссиди Карла. Всего лишь миг</title>
</book>
<book>
	<filename>kyostler_artur/kyostler_artur_devushki_po_vyzovu.fb2.zip</filename>
	<title>Кёстлер Артур. Девушки по вызову</title>
</book>
<book>
	<filename>kyostler_artur/kyostler_artur_prizrak_gryadushego.fb2.zip</filename>
	<title>Кёстлер Артур. Призрак грядущего</title>
</book>
<book>
	<filename>kyostler_artur/kyostler_artur_slepyashaya_tma.fb2.zip</filename>
	<title>Кёстлер Артур. Слепящая тьма</title>
</book>
<book>
	<filename>kyostler_artur/kyostler_artur_trinadcatoe_koleno_krushenie_imperii_hazar_i_ee_nasledie.fb2.zip</filename>
	<title>Кёстлер Артур. Тринадцатое колено. Крушение империи хазар и ее наследие</title>
</book>
<book>
	<filename>kyote_fridrih/kyote_fridrih_tunis_putevoditel_s_minirazgovornikom.fb2.zip</filename>
	<title>Кёте Фридрих. Тунис. Путеводитель с мини-разговорником</title>
</book>
<book>
	<filename>kyubmakdauyell_maikl/kyubmakdauyell_maikl_krizis_chyornogo_flota1_pered_burei.fb2.zip</filename>
	<title>Кьюб-Макдауэлл Майкл. Кризис чёрного флота-1: Перед бурей</title>
</book>
<book>
	<filename>kyubmakdauyell_maikl/kyubmakdauyell_maikl_krizis_chyornogo_flota2_shchit_lzhi.fb2.zip</filename>
	<title>Кьюб-Макдауэлл Майкл. Кризис чёрного флота-2: Щит лжи</title>
</book>
<book>
	<filename>kyubmakdauyell_maikl/kyubmakdauyell_maikl_krizis_chyornogo_flota2_shit_lzhi.fb2.zip</filename>
	<title>Кьюб-Макдауэлл Майкл. Кризис чёрного флота-2: Щит лжи</title>
</book>
<book>
	<filename>kyubmakdauyell_maikl/kyubmakdauyell_maikl_krizis_chyornogo_flota3_ispytanie_tirana.fb2.zip</filename>
	<title>Кьюб-Макдауэлл Майкл. Кризис чёрного флота-3: Испытание тирана</title>
</book>
<book>
	<filename>kyuri_eva/kyuri_eva_mariya_kyuri.fb2.zip</filename>
	<title>Кюри Ева. Мария Кюри</title>
</book>
<book>
	<filename>kyurti_ildiko_fon/kyurti_ildiko_fon_serdechnyi_trepet.fb2.zip</filename>
	<title>Кюрти Ильдико фон. Сердечный трепет</title>
</book>
<book>
	<filename>kyurti_ildiko_fon/kyurti_ildiko_fon_tarif_na_lunnyi_svet.fb2.zip</filename>
	<title>Кюрти Ильдико фон. Тариф на лунный свет</title>
</book>
<book>
	<filename>kyurtis_zhanlui/kyurtis_zhanlui_molodozheny.fb2.zip</filename>
	<title>Кюртис Жан-Луи. Молодожены</title>
</book>
<book>
	<filename>kyusak_dimfna/kyusak_dimfna_chyornaya_molniya.fb2.zip</filename>
	<title>Кьюсак Димфна. Чёрная молния</title>
</book>
<book>
	<filename>kyusak_dimfna/kyusak_dimfna_polusozhennoe_derevo.fb2.zip</filename>
	<title>Кьюсак Димфна. Полусоженное дерево</title>
</book>
<book>
	<filename>kyusak_dimfna/kyusak_dimfna_skazhi_smerti_net.fb2.zip</filename>
	<title>Кьюсак Димфна. Скажи смерти «нет!»</title>
</book>
<book>
	<filename>kyusak_dimfna/kyusak_dimfna_solnce_yeto_eshe_ne_vse.fb2.zip</filename>
	<title>Кьюсак Димфна. Солнце – это еще не все</title>
</book>
<book>
	<filename>kyusak_dimfna/kyusak_dimfna_zharkoe_leto_v_berline.fb2.zip</filename>
	<title>Кьюсак Димфна. Жаркое лето в Берлине</title>
</book>


</books>