﻿<?xml version="1.0" encoding="UTF-8" ?>
<books>

<book>
	<filename>karr_allen/karr_allen_legkii_sposob_brosit_kurit.fb2.zip</filename>
	<title>Карр Аллен. Легкий способ бросить курить</title>
</book>
<book>
	<filename>karr_allen/karr_allen_legkii_sposob_brosit_pit.fb2.zip</filename>
	<title>Карр Аллен. Легкий способ бросить пить</title>
</book>
<book>
	<filename>karr_allen/karr_allen_legkii_sposob_sbrosit_ves.fb2.zip</filename>
	<title>Карр Аллен. Легкий способ сбросить вес</title>
</book>
<book>
	<filename>karr_allen/karr_allen_net_dietam_ili_prostoi_put_k_snizheniyu_vesa.fb2.zip</filename>
	<title>Карр Аллен. Нет диетам, или «Простой путь» к снижению веса</title>
</book>
<book>
	<filename>karr_allen/karr_allen_prostoi_sposob_perestat_kurit.fb2.zip</filename>
	<title>Карр Аллен. Простой способ перестать курить</title>
</book>
<book>
	<filename>karr_dzhon/karr_dzhon_a_potom_ubiistvo.fb2.zip</filename>
	<title>Карр Джон Диксон. А потом – убийство!</title>
</book>
<book>
	<filename>karr_dzhon/karr_dzhon_besnovatye.fb2.zip</filename>
	<title>Карр Джон Диксон. Бесноватые</title>
</book>
<book>
	<filename>karr_dzhon/karr_dzhon_chasyubiicy.fb2.zip</filename>
	<title>Карр Джон Диксон. Часы-убийцы</title>
</book>
<book>
	<filename>karr_dzhon/karr_dzhon_chelovek_bez_straha.fb2.zip</filename>
	<title>Карр Джон Диксон. Человек без страха</title>
</book>
<book>
	<filename>karr_dzhon/karr_dzhon_chernye_angely.fb2.zip</filename>
	<title>Карр Джон Диксон. Черные ангелы</title>
</book>
<book>
	<filename>karr_dzhon/karr_dzhon_chernye_ochki.fb2.zip</filename>
	<title>Карр Джон Диксон. Черные очки</title>
</book>
<book>
	<filename>karr_dzhon/karr_dzhon_chernyi_baronet.fb2.zip</filename>
	<title>Карр Джон Диксон. Черный баронет</title>
</book>
<book>
	<filename>karr_dzhon/karr_dzhon_chitatel_preduprezhden.fb2.zip</filename>
	<title>Карр Джон Диксон. Читатель предупрежден</title>
</book>
<book>
	<filename>karr_dzhon/karr_dzhon_devyat_plyus_smert_ravnyaetsya_desyat.fb2.zip</filename>
	<title>Карр Джон Диксон. Девять плюс смерть равняется десять</title>
</book>
<book>
	<filename>karr_dzhon/karr_dzhon_dom_na_lokte_satany.fb2.zip</filename>
	<title>Карр Джон Диксон. Дом на Локте Сатаны</title>
</book>
<book>
	<filename>karr_dzhon/karr_dzhon_dyavol_v_barhate.fb2.zip</filename>
	<title>Карр Джон Диксон. Дьявол в бархате</title>
</book>
<book>
	<filename>karr_dzhon/karr_dzhon_golodnyi_goblin.fb2.zip</filename>
	<title>Карр Джон Диксон. Голодный гоблин</title>
</book>
<book>
	<filename>karr_dzhon/karr_dzhon_kletka_dlya_prostaka.fb2.zip</filename>
	<title>Карр Джон Диксон. Клетка для простака</title>
</book>
<book>
	<filename>karr_dzhon/karr_dzhon_moi_pokoinye_zheny.fb2.zip</filename>
	<title>Карр Джон Диксон. Мои покойные жены</title>
</book>
<book>
	<filename>karr_dzhon/karr_dzhon_nyugeitskaya_nevesta.fb2.zip</filename>
	<title>Карр Джон Диксон. Ньюгейтская невеста</title>
</book>
<book>
	<filename>karr_dzhon/karr_dzhon_ogon_gori.fb2.zip</filename>
	<title>Карр Джон Диксон. Огонь, гори!</title>
</book>
<book>
	<filename>karr_dzhon/karr_dzhon_ohota_na_ciryulnika.fb2.zip</filename>
	<title>Карр Джон Диксон. Охота на цирюльника</title>
</book>
<book>
	<filename>karr_dzhon/karr_dzhon_okno_iudy.fb2.zip</filename>
	<title>Карр Джон Диксон. Окно Иуды</title>
</book>
<book>
	<filename>karr_dzhon/karr_dzhon_ona_umerla_kak_ledi.fb2.zip</filename>
	<title>Карр Джон Диксон. Она умерла как леди</title>
</book>
<book>
	<filename>karr_dzhon/karr_dzhon_patrik_batler_zashishaet.fb2.zip</filename>
	<title>Карр Джон Диксон. Патрик Батлер защищает</title>
</book>
<book>
	<filename>karr_dzhon/karr_dzhon_pod_pokrovom_nochi.fb2.zip</filename>
	<title>Карр Джон Диксон. Под покровом ночи</title>
</book>
<book>
	<filename>karr_dzhon/karr_dzhon_prestuplenie_v_faulksrase.fb2.zip</filename>
	<title>Карр Джон Диксон. Преступление в Фаулкс-Расе</title>
</book>
<book>
	<filename>karr_dzhon/karr_dzhon_prestuplenie_v_ischeznuvshei_komnate.fb2.zip</filename>
	<title>Карр Джон Диксон. Преступление в исчезнувшей комнате</title>
</book>
<book>
	<filename>karr_dzhon/karr_dzhon_priklyuchenie_v_kamberuyelle.fb2.zip</filename>
	<title>Карр Джон Диксон. Приключение в Камберуэлле</title>
</book>
<book>
	<filename>karr_dzhon/karr_dzhon_proklyatie_bronzovoi_lampy.fb2.zip</filename>
	<title>Карр Джон Диксон. Проклятие бронзовой лампы</title>
</book>
<book>
	<filename>karr_dzhon/karr_dzhon_razbudit_smert.fb2.zip</filename>
	<title>Карр Джон Диксон. Разбудить смерть</title>
</book>
<book>
	<filename>karr_dzhon/karr_dzhon_ryzhaya_vdovushka.fb2.zip</filename>
	<title>Карр Джон Диксон. «Рыжая вдовушка»</title>
</book>
<book>
	<filename>karr_dzhon/karr_dzhon_sem_ciferblatov.fb2.zip</filename>
	<title>Карр Джон Диксон. Семь циферблатов</title>
</book>
<book>
	<filename>karr_dzhon/karr_dzhon_skandal_v_haichimniz.fb2.zip</filename>
	<title>Карр Джон Диксон. Скандал в Хай-Чимниз</title>
</book>
<book>
	<filename>karr_dzhon/karr_dzhon_smert_v_pyati_korobkah.fb2.zip</filename>
	<title>Карр Джон Диксон. Смерть в пяти коробках</title>
</book>
<book>
	<filename>karr_dzhon/karr_dzhon_sognutaya_petlya.fb2.zip</filename>
	<title>Карр Джон Диксон. Согнутая петля</title>
</book>
<book>
	<filename>karr_dzhon/karr_dzhon_spyashii_sfinks.fb2.zip</filename>
	<title>Карр Джон Диксон. Спящий сфинкс</title>
</book>
<book>
	<filename>karr_dzhon/karr_dzhon_stuk_mertveca.fb2.zip</filename>
	<title>Карр Джон Диксон. Стук мертвеца</title>
</book>
<book>
	<filename>karr_dzhon/karr_dzhon_szhigayushii_sud.fb2.zip</filename>
	<title>Карр Джон Диксон. Сжигающий суд</title>
</book>
<book>
	<filename>karr_dzhon/karr_dzhon_tabakerka_imperatora.fb2.zip</filename>
	<title>Карр Джон Диксон. Табакерка императора</title>
</book>
<book>
	<filename>karr_dzhon/karr_dzhon_taina_greit_virli.fb2.zip</filename>
	<title>Карр Джон Диксон. Тайна Греит Вирли</title>
</book>
<book>
	<filename>karr_dzhon/karr_dzhon_temnaya_storona_luny.fb2.zip</filename>
	<title>Карр Джон Диксон. Темная сторона луны</title>
</book>
<book>
	<filename>karr_dzhon/karr_dzhon_ten_ubiistva.fb2.zip</filename>
	<title>Карр Джон Диксон. Тень убийства</title>
</book>
<book>
	<filename>karr_dzhon/karr_dzhon_tot_kto_shepchet.fb2.zip</filename>
	<title>Карр Джон Диксон. Тот, кто шепчет</title>
</book>
<book>
	<filename>karr_dzhon/karr_dzhon_tri_groba.fb2.zip</filename>
	<title>Карр Джон Диксон. Три гроба</title>
</book>
<book>
	<filename>karr_dzhon/karr_dzhon_ubiistva_edinoroga.fb2.zip</filename>
	<title>Карр Джон Диксон. Убийства единорога</title>
</book>
<book>
	<filename>karr_dzhon/karr_dzhon_ubiistva_pavlinim_perom.fb2.zip</filename>
	<title>Карр Джон Диксон. Убийства павлиньим пером</title>
</book>
<book>
	<filename>karr_dzhon/karr_dzhon_ubiistva_v_pleigkorte.fb2.zip</filename>
	<title>Карр Джон Диксон. Убийства в Плейг-Корте</title>
</book>
<book>
	<filename>karr_dzhon/karr_dzhon_ubiistva_v_zamke_baustring.fb2.zip</filename>
	<title>Карр Джон Диксон. Убийства в замке Баустринг</title>
</book>
<book>
	<filename>karr_dzhon/karr_dzhon_ubiistvo_arabskih_nochei.fb2.zip</filename>
	<title>Карр Джон Диксон. Убийство арабских ночей</title>
</book>
<book>
	<filename>karr_dzhon/karr_dzhon_ubiistvo_v_muzee_voskovyh_figur.fb2.zip</filename>
	<title>Карр Джон Диксон. Убийство в музее восковых фигур</title>
</book>
<book>
	<filename>karr_dzhon/karr_dzhon_vedma_otliva.fb2.zip</filename>
	<title>Карр Джон Диксон. Ведьма отлива</title>
</book>
<book>
	<filename>karr_dzhon/karr_dzhon_vedmino_logovo.fb2.zip</filename>
	<title>Карр Джон Диксон. Ведьмино логово</title>
</book>
<book>
	<filename>karr_dzhon/karr_dzhon_vosem_mechei.fb2.zip</filename>
	<title>Карр Джон Диксон. Восемь мечей</title>
</book>
<book>
	<filename>karr_dzhon/karr_dzhon_zagadka_bezumnogo_shlyapnika.fb2.zip</filename>
	<title>Карр Джон Диксон. Загадка Безумного Шляпника</title>
</book>
<book>
	<filename>karr_dzhon/karr_dzhon_zagadka_krasnoi_vdovy.fb2.zip</filename>
	<title>Карр Джон Диксон. Загадка Красной вдовы</title>
</book>
<book>
	<filename>karr_dzhon/karr_dzhon_zagadka_v_haigeite.fb2.zip</filename>
	<title>Карр Джон Диксон. Загадка в Хайгейте</title>
</book>
<book>
	<filename>karrei_li/karrei_li_obitel_zhizni.fb2.zip</filename>
	<title>Каррей Ли. Обитель Жизни</title>
</book>
<book>
	<filename>karr_filippa/karr_filippa_chernyi_lebed.fb2.zip</filename>
	<title>Карр Филиппа. Черный лебедь</title>
</book>
<book>
	<filename>karr_filippa/karr_filippa_chudo_v_abbatstve.fb2.zip</filename>
	<title>Карр Филиппа. Чудо в аббатстве</title>
</book>
<book>
	<filename>karr_filippa/karr_filippa_ditya_lyubvi.fb2.zip</filename>
	<title>Карр Филиппа. Дитя любви</title>
</book>
<book>
	<filename>karr_filippa/karr_filippa_golos_prizraka.fb2.zip</filename>
	<title>Карр Филиппа. Голос призрака</title>
</book>
<book>
	<filename>karr_filippa/karr_filippa_izmennica.fb2.zip</filename>
	<title>Карр Филиппа. Изменница</title>
</book>
<book>
	<filename>karr_filippa/karr_filippa_levtriumfator.fb2.zip</filename>
	<title>Карр Филиппа. Лев-триумфатор</title>
</book>
<book>
	<filename>karr_filippa/karr_filippa_my_vstretimsya_vnov.fb2.zip</filename>
	<title>Карр Филиппа. Мы встретимся вновь</title>
</book>
<book>
	<filename>karr_filippa/karr_filippa_obet_molchaniya.fb2.zip</filename>
	<title>Карр Филиппа. Обет молчания</title>
</book>
<book>
	<filename>karr_filippa/karr_filippa_pautina_lyubvi.fb2.zip</filename>
	<title>Карр Филиппа. Паутина любви</title>
</book>
<book>
	<filename>karr_filippa/karr_filippa_pesnya_sireny.fb2.zip</filename>
	<title>Карр Филиппа. Песня сирены</title>
</book>
<book>
	<filename>karr_filippa/karr_filippa_podmenennaya.fb2.zip</filename>
	<title>Карр Филиппа. Подмененная</title>
</book>
<book>
	<filename>karr_filippa/karr_filippa_rokovoi_shag.fb2.zip</filename>
	<title>Карр Филиппа. Роковой шаг</title>
</book>
<book>
	<filename>karr_filippa/karr_filippa_sestrysopernicy.fb2.zip</filename>
	<title>Карр Филиппа. Сестры-соперницы</title>
</book>
<book>
	<filename>karr_filippa/karr_filippa_slezy_pechali.fb2.zip</filename>
	<title>Карр Филиппа. Слезы печали</title>
</book>
<book>
	<filename>karr_filippa/karr_filippa_sluchainaya_vstrecha.fb2.zip</filename>
	<title>Карр Филиппа. Случайная встреча</title>
</book>
<book>
	<filename>karr_filippa/karr_filippa_tainstvennyi_prud.fb2.zip</filename>
	<title>Карр Филиппа. Таинственный пруд</title>
</book>
<book>
	<filename>karr_filippa/karr_filippa_valet_chervei.fb2.zip</filename>
	<title>Карр Филиппа. Валет червей</title>
</book>
<book>
	<filename>karr_filippa/karr_filippa_vedma_izza_morya.fb2.zip</filename>
	<title>Карр Филиппа. Ведьма из-за моря</title>
</book>
<book>
	<filename>karr_filippa/karr_filippa_v_razgar_leta.fb2.zip</filename>
	<title>Карр Филиппа. В разгар лета</title>
</book>
<book>
	<filename>karr_kaleb/karr_kaleb_alienist.fb2.zip</filename>
	<title>Карр Калеб. Алиенист</title>
</book>
<book>
	<filename>karr_kaleb/karr_kaleb_italyanskii_sekretar.fb2.zip</filename>
	<title>Карр Калеб. Итальянский секретарь</title>
</book>
<book>
	<filename>karr_shirli/karr_shirli_chego_hochet_graf.fb2.zip</filename>
	<title>Карр Ширли. Чего хочет граф</title>
</book>
<book>
	<filename>karr_syuzanna/karr_syuzanna_pocelui_v_polnoch.fb2.zip</filename>
	<title>Карр Сюзанна. Поцелуй в полночь</title>
</book>
<book>
	<filename>karr_syuzanna/karr_syuzanna_ya_moi_byvshii_i.fb2.zip</filename>
	<title>Карр Сюзанна. Я, мой бывший и...</title>
</book>
<book>
	<filename>karr_terri/karr_terri_povelitel_voin_kor.fb2.zip</filename>
	<title>Карр Терри. Повелитель войн Кор</title>
</book>
<book>
	<filename>karsak_fransis/karsak_fransis_begstvo_zemli.fb2.zip</filename>
	<title>Карсак Франсис. Бегство Земли</title>
</book>
<book>
	<filename>karsak_fransis/karsak_fransis_bog_kotoryi_prihodit_s_vetrom.fb2.zip</filename>
	<title>Карсак Франсис. Бог, который приходит с ветром</title>
</book>
<book>
	<filename>karsak_fransis/karsak_fransis_gory_sudby.fb2.zip</filename>
	<title>Карсак Франсис. Горы судьбы</title>
</book>
<book>
	<filename>karsak_fransis/karsak_fransis_lvy_yeldorado.fb2.zip</filename>
	<title>Карсак Франсис. Львы Эльдорадо</title>
</book>
<book>
	<filename>karsak_fransis/karsak_fransis_nasha_rodina_kosmos.fb2.zip</filename>
	<title>Карсак Франсис. Наша родина космос</title>
</book>
<book>
	<filename>karsak_fransis/karsak_fransis_prishelcy_niotkuda.fb2.zip</filename>
	<title>Карсак Франсис. Пришельцы ниоткуда</title>
</book>
<book>
	<filename>karsak_fransis/karsak_fransis_robinzony_kosmosa.fb2.zip</filename>
	<title>Карсак Франсис. Робинзоны космоса</title>
</book>
<book>
	<filename>karsak_fransis/karsak_fransis_yetot_mir_nash.fb2.zip</filename>
	<title>Карсак Франсис. Этот мир наш</title>
</book>
<book>
	<filename>karsavin_lev/karsavin_lev_monashestvo_v_srednie_veka.fb2.zip</filename>
	<title>Карсавин Лев Платонович. Монашество в средние века</title>
</book>
<book>
	<filename>kartashev_anton/kartashev_anton_vselenskie_sobory.fb2.zip</filename>
	<title>Карташев Антон Владимирович. Вселенские Соборы</title>
</book>
<book>
	<filename>kartashkin_anatolii/kartashkin_anatolii_kartochnye_fokusy.fb2.zip</filename>
	<title>Карташкин Анатолий Сергеевич. Карточные фокусы</title>
</book>
<book>
	<filename>karte_raimond/karte_raimond_tainy_voiny.fb2.zip</filename>
	<title>Картье Раймонд. Тайны войны</title>
</book>
<book>
	<filename>karter_andzhela/karter_andzhela_adskie_mashiny_zhelaniya_doktora_hoffmana.fb2.zip</filename>
	<title>Картер Анджела. Адские машины желания доктора Хоффмана</title>
</book>
<book>
	<filename>karter_andzhela/karter_andzhela_krovavaya_komnata.fb2.zip</filename>
	<title>Картер Анджела. Кровавая комната</title>
</book>
<book>
	<filename>karter_andzhela/karter_andzhela_lyubov.fb2.zip</filename>
	<title>Картер Анджела. Любовь</title>
</book>
<book>
	<filename>karter_kris/karter_kris_avatara_fail_321.fb2.zip</filename>
	<title>Картер Крис. Аватара. Файл №321</title>
</book>
<book>
	<filename>karter_kris/karter_kris_avatara_fail_no321.fb2.zip</filename>
	<title>Картер Крис. Аватара. Файл №321</title>
</book>
<book>
	<filename>karter_kris/karter_kris_bespokoistvo_fotografii_ne_lgut_fail_402.fb2.zip</filename>
	<title>Картер Крис. Беспокойство (Фотографии не лгут). Файл №402</title>
</book>
<book>
	<filename>karter_kris/karter_kris_bespokoistvo_fotografii_ne_lgut_fail_no402.fb2.zip</filename>
	<title>Картер Крис. Беспокойство (Фотографии не лгут). Файл №402</title>
</book>
<book>
	<filename>karter_kris/karter_kris_bezdonnaya_glotka.fb2.zip</filename>
	<title>Картер Крис. Бездонная глотка</title>
</book>
<book>
	<filename>karter_kris/karter_kris_borba_s_budushim.fb2.zip</filename>
	<title>Картер Крис. Борьба с будущим</title>
</book>
<book>
	<filename>karter_kris/karter_kris_chertova_pora.fb2.zip</filename>
	<title>Картер Крис. Чертова пора</title>
</book>
<book>
	<filename>karter_kris/karter_kris_chudotvorec.fb2.zip</filename>
	<title>Картер Крис. Чудотворец</title>
</book>
<book>
	<filename>karter_kris/karter_kris_dlan_nakazuyushaya_fail_214.fb2.zip</filename>
	<title>Картер Крис. Длань наказующая. Файл №214</title>
</book>
<book>
	<filename>karter_kris/karter_kris_dlan_nakazuyushaya_fail_no214.fb2.zip</filename>
	<title>Картер Крис. Длань наказующая. Файл №214</title>
</book>
<book>
	<filename>karter_kris/karter_kris_dom_fail_no403.fb2.zip</filename>
	<title>Картер Крис. Дом. Файл №403</title>
</book>
<book>
	<filename>karter_kris/karter_kris_dom_s_privideniyami.fb2.zip</filename>
	<title>Картер Крис. Дом с привидениями</title>
</book>
<book>
	<filename>karter_kris/karter_kris_duh_iz_mashiny.fb2.zip</filename>
	<title>Картер Крис. Дух из машины</title>
</book>
<book>
	<filename>karter_kris/karter_kris_dver_vo_vselennuyu.fb2.zip</filename>
	<title>Картер Крис. Дверь во вселенную</title>
</book>
<book>
	<filename>karter_kris/karter_kris_dzhersiiskii_dyavol.fb2.zip</filename>
	<title>Картер Крис. Джерсийский дьявол</title>
</book>
<book>
	<filename>karter_kris/karter_kris_eva.fb2.zip</filename>
	<title>Картер Крис. Ева</title>
</book>
<book>
	<filename>karter_kris/karter_kris_excelsis_dei_fail_211.fb2.zip</filename>
	<title>Картер Крис. Excelsis Dei. Файл №211</title>
</book>
<book>
	<filename>karter_kris/karter_kris_excelsis_dei_fail_no211.fb2.zip</filename>
	<title>Картер Крис. Excelsis Dei. Файл №211</title>
</book>
<book>
	<filename>karter_kris/karter_kris_gdeto_tam_za_morem.fb2.zip</filename>
	<title>Картер Крис. Где-то там, за морем…</title>
</book>
<book>
	<filename>karter_kris/karter_kris_himery_navsegda_fail_314.fb2.zip</filename>
	<title>Картер Крис. Химеры - навсегда! Файл №314</title>
</book>
<book>
	<filename>karter_kris/karter_kris_himery_navsegda_fail_no314.fb2.zip</filename>
	<title>Картер Крис. Химеры — навсегда! Файл №314</title>
</book>
<book>
	<filename>karter_kris/karter_kris_i_pala_tma.fb2.zip</filename>
	<title>Картер Крис. И пала тьма</title>
</book>
<book>
	<filename>karter_kris/karter_kris_istina_gdeto_tam_bessonnica_fail_204.fb2.zip</filename>
	<title>Картер Крис. Истина где-то там (Бессонница). Файл №204</title>
</book>
<book>
	<filename>karter_kris/karter_kris_istina_gdeto_tam_bessonnica_fail_no204.fb2.zip</filename>
	<title>Картер Крис. Истина где-то там (Бессонница). Файл №204</title>
</book>
<book>
	<filename>karter_kris/karter_kris_kalushari_fail_221.fb2.zip</filename>
	<title>Картер Крис. Калушари. Файл №221</title>
</book>
<book>
	<filename>karter_kris/karter_kris_kalushari_fail_no221.fb2.zip</filename>
	<title>Картер Крис. Калушари. Файл №221</title>
</book>
<book>
	<filename>karter_kris/karter_kris_kamen_v_boloto_fail_222.fb2.zip</filename>
	<title>Картер Крис. Камень в болото. Файл №222</title>
</book>
<book>
	<filename>karter_kris/karter_kris_kamen_v_boloto_fail_no222.fb2.zip</filename>
	<title>Картер Крис. Камень в болото. Файл №222</title>
</book>
<book>
	<filename>karter_kris/karter_kris_kanal_svyazi.fb2.zip</filename>
	<title>Картер Крис. Канал Связи</title>
</book>
<book>
	<filename>karter_kris/karter_kris_koloniya_fail_no224.fb2.zip</filename>
	<title>Картер Крис. Колония. Файл №224</title>
</book>
<book>
	<filename>karter_kris/karter_kris_konec_igry_fail_no225.fb2.zip</filename>
	<title>Картер Крис. Конец игры. Файл №225</title>
</book>
<book>
	<filename>karter_kris/karter_kris_korablprizrak_fail_219.fb2.zip</filename>
	<title>Картер Крис. Корабль-призрак. Файл №219</title>
</book>
<book>
	<filename>karter_kris/karter_kris_korablprizrak_fail_no219.fb2.zip</filename>
	<title>Картер Крис. Корабль-призрак. Файл №219</title>
</book>
<book>
	<filename>karter_kris/karter_kris_korporaciya_krov_fail_203.fb2.zip</filename>
	<title>Картер Крис. Корпорация «Кровь». Файл №203</title>
</book>
<book>
	<filename>karter_kris/karter_kris_korporaciya_krov_fail_no203.fb2.zip</filename>
	<title>Картер Крис. Корпорация «Кровь». Файл №203</title>
</book>
<book>
	<filename>karter_kris/karter_kris_krovavoe_deistvo.fb2.zip</filename>
	<title>Картер Крис. Кровавое действо</title>
</book>
<book>
	<filename>karter_kris/karter_kris_krovavyi_veter.fb2.zip</filename>
	<title>Картер Крис. Кровавый ветер</title>
</book>
<book>
	<filename>karter_kris/karter_kris_lazar.fb2.zip</filename>
	<title>Картер Крис. Лазарь</title>
</book>
<book>
	<filename>karter_kris/karter_kris_likvidaciya_filiala_fail_210.fb2.zip</filename>
	<title>Картер Крис. Ликвидация филиала. Файл №210</title>
</book>
<book>
	<filename>karter_kris/karter_kris_likvidaciya_filiala_fail_no210.fb2.zip</filename>
	<title>Картер Крис. Ликвидация филиала. Файл №210</title>
</book>
<book>
	<filename>karter_kris/karter_kris_lyod.fb2.zip</filename>
	<title>Картер Крис. Лёд</title>
</book>
<book>
	<filename>karter_kris/karter_kris_malenkie_zelenenkie_chelovechki_fail_201.fb2.zip</filename>
	<title>Картер Крис. Маленькие зелененькие человечки. Файл №201</title>
</book>
<book>
	<filename>karter_kris/karter_kris_malenkie_zelenenkie_chelovechki_fail_no201.fb2.zip</filename>
	<title>Картер Крис. Маленькие зелененькие человечки. Файл №201</title>
</book>
<book>
	<filename>karter_kris/karter_kris_mest_iz_mogily.fb2.zip</filename>
	<title>Картер Крис. Месть из могилы</title>
</book>
<book>
	<filename>karter_kris/karter_kris_molniya_dpo_fail_305.fb2.zip</filename>
	<title>Картер Крис. Молния (''Д.П.О.''). Файл №305</title>
</book>
<book>
	<filename>karter_kris/karter_kris_molniya_dpo_fail_no305.fb2.zip</filename>
	<title>Картер Крис. Молния («Д.П.О.»). Файл №305</title>
</book>
<book>
	<filename>karter_kris/karter_kris_monstr_fail_202.fb2.zip</filename>
	<title>Картер Крис. Монстр. Файл №202</title>
</book>
<book>
	<filename>karter_kris/karter_kris_monstr_fail_no202.fb2.zip</filename>
	<title>Картер Крис. Монстр. Файл №202</title>
</book>
<book>
	<filename>karter_kris/karter_kris_neotrazimyi_fail_213.fb2.zip</filename>
	<title>Картер Крис. Неотразимый. Файл №213</title>
</book>
<book>
	<filename>karter_kris/karter_kris_neotrazimyi_fail_no213.fb2.zip</filename>
	<title>Картер Крис. Неотразимый. Файл №213</title>
</book>
<book>
	<filename>karter_kris/karter_kris_nikto_nam_s_toboi_ne_pomeshaet_fail_308.fb2.zip</filename>
	<title>Картер Крис. Никто нам с тобой не помешает. Файл №308</title>
</book>
<book>
	<filename>karter_kris/karter_kris_nikto_nam_s_toboi_ne_pomeshaet_fail_no308.fb2.zip</filename>
	<title>Картер Крис. Никто нам с тобой не помешает. Файл №308</title>
</book>
<book>
	<filename>karter_kris/karter_kris_obri_fail_no212.fb2.zip</filename>
	<title>Картер Крис. Обри. Файл №212</title>
</book>
<book>
	<filename>karter_kris/karter_kris_ogon.fb2.zip</filename>
	<title>Картер Крис. Огонь</title>
</book>
<book>
	<filename>karter_kris/karter_kris_oksidzhens_fail_412.fb2.zip</filename>
	<title>Картер Крис. «Оксидженс». Файл №412</title>
</book>
<book>
	<filename>karter_kris/karter_kris_oksidzhens_fail_no412.fb2.zip</filename>
	<title>Картер Крис. «Оксидженс». Файл №412</title>
</book>
<book>
	<filename>karter_kris/karter_kris_operaciya_skrepka_fail_302.fb2.zip</filename>
	<title>Картер Крис. Операция ''Скрепка''. Файл №302</title>
</book>
<book>
	<filename>karter_kris/karter_kris_operaciya_skrepka_fail_no302.fb2.zip</filename>
	<title>Картер Крис. Операция «Скрепка». Файл №302</title>
</book>
<book>
	<filename>karter_kris/karter_kris_otkrovenie_fail_311.fb2.zip</filename>
	<title>Картер Крис. Откровение. Файл №311</title>
</book>
<book>
	<filename>karter_kris/karter_kris_otkrovenie_fail_no311.fb2.zip</filename>
	<title>Картер Крис. Откровение. Файл №311</title>
</book>
<book>
	<filename>karter_kris/karter_kris_padshii_angel.fb2.zip</filename>
	<title>Картер Крис. Падший ангел</title>
</book>
<book>
	<filename>karter_kris/karter_kris_pole_gde_ya_umer_fail_405.fb2.zip</filename>
	<title>Картер Крис. Поле, где я умер. Файл №405</title>
</book>
<book>
	<filename>karter_kris/karter_kris_pole_gde_ya_umer_fail_no405.fb2.zip</filename>
	<title>Картер Крис. Поле, где я умер. Файл №405</title>
</book>
<book>
	<filename>karter_kris/karter_kris_proklyatie_pandory_fail_413.fb2.zip</filename>
	<title>Картер Крис. Проклятие Пандоры. Файл №413</title>
</book>
<book>
	<filename>karter_kris/karter_kris_proklyatie_pandory_fail_no413.fb2.zip</filename>
	<title>Картер Крис. Проклятие Пандоры. Файл №413</title>
</book>
<book>
	<filename>karter_kris/karter_kris_prosto_chelovek_fail_620.fb2.zip</filename>
	<title>Картер Крис. Просто человек. Файл №620</title>
</book>
<book>
	<filename>karter_kris/karter_kris_prosto_chelovek_fail_no620.fb2.zip</filename>
	<title>Картер Крис. Просто человек. Файл №620</title>
</book>
<book>
	<filename>karter_kris/karter_kris_pustynya_cveta_krovi_fail_226.fb2.zip</filename>
	<title>Картер Крис. Пустыня цвета крови. Файл №226</title>
</book>
<book>
	<filename>karter_kris/karter_kris_pustynya_cveta_krovi_fail_no226.fb2.zip</filename>
	<title>Картер Крис. Пустыня цвета крови. Файл №226</title>
</book>
<book>
	<filename>karter_kris/karter_kris_put_blagoslovennyh_fail_301.fb2.zip</filename>
	<title>Картер Крис. Путь благословенных. Файл №301</title>
</book>
<book>
	<filename>karter_kris/karter_kris_put_blagoslovennyh_fail_no301.fb2.zip</filename>
	<title>Картер Крис. Путь благословенных. Файл №301</title>
</book>
<book>
	<filename>karter_kris/karter_kris_rasseyanyi_svet_fail_223.fb2.zip</filename>
	<title>Картер Крис. Рассеяный свет. Файл №223</title>
</book>
<book>
	<filename>karter_kris/karter_kris_rasseyanyi_svet_fail_no223.fb2.zip</filename>
	<title>Картер Крис. Рассеяный свет. Файл №223</title>
</book>
<book>
	<filename>karter_kris/karter_kris_rozygrysh_fail_220.fb2.zip</filename>
	<title>Картер Крис. Розыгрыш. Файл №220</title>
</book>
<book>
	<filename>karter_kris/karter_kris_rozygrysh_fail_no220.fb2.zip</filename>
	<title>Картер Крис. Розыгрыш. Файл №220</title>
</book>
<book>
	<filename>karter_kris/karter_kris_sekretnye_materialy.fb2.zip</filename>
	<title>Картер Крис. Секретные материалы</title>
</book>
<book>
	<filename>karter_kris/karter_kris_sigiziya_gorod_istinnogo_schastya_fail_313.fb2.zip</filename>
	<title>Картер Крис. Сигизия (''Город истинного счастья''). Файл №313</title>
</book>
<book>
	<filename>karter_kris/karter_kris_sigiziya_gorod_istinnogo_schastya_fail_no313.fb2.zip</filename>
	<title>Картер Крис. Сигизия («Город истинного счастья»). Файл №313</title>
</book>
<book>
	<filename>karter_kris/karter_kris_sotvorenie_mira_fail_416f.fb2.zip</filename>
	<title>Картер Крис. Сотворение мира. Файл №416-f</title>
</book>
<book>
	<filename>karter_kris/karter_kris_sotvorenie_mira_fail_no416f.fb2.zip</filename>
	<title>Картер Крис. Сотворение мира. Файл №416-f</title>
</book>
<book>
	<filename>karter_kris/karter_kris_svezhie_kosti_fail_215.fb2.zip</filename>
	<title>Картер Крис. Свежие кости. Файл №215</title>
</book>
<book>
	<filename>karter_kris/karter_kris_svezhie_kosti_fail_no215.fb2.zip</filename>
	<title>Картер Крис. Свежие кости. Файл №215</title>
</book>
<book>
	<filename>karter_kris/karter_kris_teliko_fail_no404.fb2.zip</filename>
	<title>Картер Крис. Телико. Файл №404</title>
</book>
<book>
	<filename>karter_kris/karter_kris_teni.fb2.zip</filename>
	<title>Картер Крис. Тени</title>
</book>
<book>
	<filename>karter_kris/karter_kris_terma.fb2.zip</filename>
	<title>Картер Крис. Терма</title>
</book>
<book>
	<filename>karter_kris/karter_kris_teso_dos_bichos_kurgan_dvuh_tvarei_fail_307.fb2.zip</filename>
	<title>Картер Крис. TESO DOS BICHOS (Курган двух тварей). Файл №307</title>
</book>
<book>
	<filename>karter_kris/karter_kris_teso_dos_bichos_kurgan_dvuh_tvarei_fail_no307.fb2.zip</filename>
	<title>Картер Крис. TESO DOS BICHOS (Курган двух тварей). Файл №307</title>
</book>
<book>
	<filename>karter_kris/karter_kris_tryasina.fb2.zip</filename>
	<title>Картер Крис. Трясина</title>
</book>
<book>
	<filename>karter_kris/karter_kris_ulybka_monstra_fail_433.fb2.zip</filename>
	<title>Картер Крис. Улыбка монстра. Файл № 433</title>
</book>
<book>
	<filename>karter_kris/karter_kris_ulybka_monstra_fail_no_433.fb2.zip</filename>
	<title>Картер Крис. Улыбка монстра. Файл № 433</title>
</book>
<book>
	<filename>karter_kris/karter_kris_vbo.fb2.zip</filename>
	<title>Картер Крис. ВБО</title>
</book>
<book>
	<filename>karter_kris/karter_kris_vypolzen_fail_102.fb2.zip</filename>
	<title>Картер Крис. Выползень. Файл №102</title>
</book>
<book>
	<filename>karter_kris/karter_kris_vypolzen_fail_no102.fb2.zip</filename>
	<title>Картер Крис. Выползень. Файл №102</title>
</book>
<book>
	<filename>karter_kris/karter_kris_yeksportery.fb2.zip</filename>
	<title>Картер Крис. Экспортеры</title>
</book>
<book>
	<filename>karter_kris/karter_kris_zmeinaya_kozha.fb2.zip</filename>
	<title>Картер Крис. Змеиная кожа</title>
</book>
<book>
	<filename>karter_lin/karter_lin_bashnya_meduzy.fb2.zip</filename>
	<title>Картер Лин. Башня Медузы</title>
</book>
<book>
	<filename>karter_lin/karter_lin_bashnya_na_krayu_vremeni.fb2.zip</filename>
	<title>Картер Лин. Башня на краю времени</title>
</book>
<book>
	<filename>karter_lin/karter_lin_chernyi_legion_kallisto.fb2.zip</filename>
	<title>Картер Лин. Черный легион Каллисто</title>
</book>
<book>
	<filename>karter_lin/karter_lin_dzhandar_s_kallisto.fb2.zip</filename>
	<title>Картер Лин. Джандар с Каллисто</title>
</book>
<book>
	<filename>karter_lin/karter_lin_gorod_magov.fb2.zip</filename>
	<title>Картер Лин. Город магов</title>
</book>
<book>
	<filename>karter_lin/karter_lin_ispolin_poslednih_dnei.fb2.zip</filename>
	<title>Картер Лин. Исполин последних дней</title>
</book>
<book>
	<filename>karter_lin/karter_lin_koldun_lemurii.fb2.zip</filename>
	<title>Картер Лин. Колдун Лемурии</title>
</book>
<book>
	<filename>karter_lin/karter_lin_mir_zateryannyi_vo_vremeni.fb2.zip</filename>
	<title>Картер Лин. Мир, затерянный во времени</title>
</book>
<book>
	<filename>karter_lin/karter_lin_nebesnye_piraty_kallisto.fb2.zip</filename>
	<title>Картер Лин. Небесные пираты Каллисто</title>
</book>
<book>
	<filename>karter_lin/karter_lin_prishelec.fb2.zip</filename>
	<title>Картер Лин. Пришелец</title>
</book>
<book>
	<filename>karter_lin/karter_lin_tongor_i_piraty_tarakusa.fb2.zip</filename>
	<title>Картер Лин. Тонгор и Пираты Таракуса</title>
</book>
<book>
	<filename>karter_lin/karter_lin_tongor_na_krayu_vremeni.fb2.zip</filename>
	<title>Картер Лин. Тонгор на краю времени</title>
</book>
<book>
	<filename>karter_lin/karter_lin_tongor_protiv_bogov.fb2.zip</filename>
	<title>Картер Лин. Тонгор против богов</title>
</book>
<book>
	<filename>karter_lin/karter_lin_toutskii_vor.fb2.zip</filename>
	<title>Картер Лин. Тоутский вор</title>
</book>
<book>
	<filename>karter_lin/karter_lin_voin_lemurii.fb2.zip</filename>
	<title>Картер Лин. Воин Лемурии</title>
</book>
<book>
	<filename>karter_lin/karter_lin_zamok_uzhasa.fb2.zip</filename>
	<title>Картер Лин. Замок ужаса</title>
</book>
<book>
	<filename>karter_lyusil/karter_lyusil_lozh_vo_spasenie.fb2.zip</filename>
	<title>Картер Люсиль. Ложь во спасение</title>
</book>
<book>
	<filename>karter_myeri/karter_myeri_lyubov_i_kapriz.fb2.zip</filename>
	<title>Картер Мэри. Любовь и каприз</title>
</book>
<book>
	<filename>karter_nik/karter_nik_adskaya_zhenshina.fb2.zip</filename>
	<title>Картер Ник. Адская женщина</title>
</book>
<book>
	<filename>karter_nik/karter_nik_borba_za_tron.fb2.zip</filename>
	<title>Картер Ник. Борьба за трон</title>
</book>
<book>
	<filename>karter_nik/karter_nik_cezar_sobakasyshik.fb2.zip</filename>
	<title>Картер Ник. Цезарь, собака-сыщик</title>
</book>
<book>
	<filename>karter_nik/karter_nik_chelovekvampir.fb2.zip</filename>
	<title>Картер Ник. Человек-вампир</title>
</book>
<book>
	<filename>karter_nik/karter_nik_doktor_kvarc_prestupnyi_uchenyi.fb2.zip</filename>
	<title>Картер Ник. Доктор Кварц – преступный ученый</title>
</book>
<book>
	<filename>karter_nik/karter_nik_dom_semi_dyavolov.fb2.zip</filename>
	<title>Картер Ник. Дом семи дьяволов</title>
</book>
<book>
	<filename>karter_nik/karter_nik_drama_po_telefonu.fb2.zip</filename>
	<title>Картер Ник. Драма по телефону</title>
</book>
<book>
	<filename>karter_nik/karter_nik_dvoinoe_ubiistvo.fb2.zip</filename>
	<title>Картер Ник. Двойное убийство</title>
</book>
<book>
	<filename>karter_nik/karter_nik_fonografsvidetel.fb2.zip</filename>
	<title>Картер Ник. Фонограф-свидетель</title>
</book>
<book>
	<filename>karter_nik/karter_nik_grabitelnica_bolshih_dorog.fb2.zip</filename>
	<title>Картер Ник. Грабительница больших дорог</title>
</book>
<book>
	<filename>karter_nik/karter_nik_laboratoriya_doktora_kvarca_v_tihom_okeane.fb2.zip</filename>
	<title>Картер Ник. Лаборатория доктора Кварца в Тихом океане</title>
</book>
<book>
	<filename>karter_nik/karter_nik_mest_mafii.fb2.zip</filename>
	<title>Картер Ник. Месть Мафии</title>
</book>
<book>
	<filename>karter_nik/karter_nik_mest_mutushimi.fb2.zip</filename>
	<title>Картер Ник. Месть Мутушими</title>
</book>
<book>
	<filename>karter_nik/karter_nik_nevinno_osuzhdennyi.fb2.zip</filename>
	<title>Картер Ник. Невинно осужденный</title>
</book>
<book>
	<filename>karter_nik/karter_nik_prividenie_v_dome_umalishennyh.fb2.zip</filename>
	<title>Картер Ник. Привидение в доме умалишенных</title>
</book>
<book>
	<filename>karter_nik/karter_nik_strashnaya_noch_v_grandotele.fb2.zip</filename>
	<title>Картер Ник. Страшная ночь в Гранд-отеле</title>
</book>
<book>
	<filename>karter_nik/karter_nik_taina_katorzhnika.fb2.zip</filename>
	<title>Картер Ник. Тайна каторжника</title>
</book>
<book>
	<filename>karter_nik/karter_nik_tainstvennoe_korablekrushenie.fb2.zip</filename>
	<title>Картер Ник. Таинственное кораблекрушение</title>
</book>
<book>
	<filename>karter_nik/karter_nik_trankilinonaidenysh.fb2.zip</filename>
	<title>Картер Ник. Транкилино-найденыш</title>
</book>
<book>
	<filename>karter_nik/karter_nik_v_sobstvennoi_zapadne.fb2.zip</filename>
	<title>Картер Ник. В собственной западне</title>
</book>
<book>
	<filename>karter_rozmari/karter_rozmari_krasavica_i_kovboi.fb2.zip</filename>
	<title>Картер Розмари. Красавица и ковбой</title>
</book>
<book>
	<filename>karter_rozmari/karter_rozmari_ya_sderzhu_svoe_slovo.fb2.zip</filename>
	<title>Картер Розмари. Я сдержу свое слово!</title>
</book>
<book>
	<filename>karter_yemma/karter_yemma_karta_lyubvi.fb2.zip</filename>
	<title>Картер Эмма. Карта любви</title>
</book>
<book>
	<filename>kartlend_barbara/kartlend_barbara_beglecyvlyublennye.fb2.zip</filename>
	<title>Картленд Барбара. Беглецы-влюбленные</title>
</book>
<book>
	<filename>kartlend_barbara/kartlend_barbara_begstvo_ot_strasti.fb2.zip</filename>
	<title>Картленд Барбара. Бегство от страсти</title>
</book>
<book>
	<filename>kartlend_barbara/kartlend_barbara_begushaya_ot_lyubvi.fb2.zip</filename>
	<title>Картленд Барбара. Бегущая от любви</title>
</book>
<book>
	<filename>kartlend_barbara/kartlend_barbara_bescennyi_vyigrysh.fb2.zip</filename>
	<title>Картленд Барбара. Бесценный выигрыш</title>
</book>
<book>
	<filename>kartlend_barbara/kartlend_barbara_beskorystnaya_lyubov.fb2.zip</filename>
	<title>Картленд Барбара. Бескорыстная любовь</title>
</book>
<book>
	<filename>kartlend_barbara/kartlend_barbara_blagouhane_roz.fb2.zip</filename>
	<title>Картленд Барбара. Благоуханье роз</title>
</book>
<book>
	<filename>kartlend_barbara/kartlend_barbara_bozhestvennyi_svet_lyubvi.fb2.zip</filename>
	<title>Картленд Барбара. Божественный свет любви</title>
</book>
<book>
	<filename>kartlend_barbara/kartlend_barbara_brak_na_nebesah.fb2.zip</filename>
	<title>Картленд Барбара. Брак на небесах</title>
</book>
<book>
	<filename>kartlend_barbara/kartlend_barbara_brak_ponevole.fb2.zip</filename>
	<title>Картленд Барбара. Брак поневоле</title>
</book>
<book>
	<filename>kartlend_barbara/kartlend_barbara_brak_po_prinuzhdeniyu.fb2.zip</filename>
	<title>Картленд Барбара. Брак по принуждению</title>
</book>
<book>
	<filename>kartlend_barbara/kartlend_barbara_chernaya_pantera.fb2.zip</filename>
	<title>Картленд Барбара. Черная пантера</title>
</book>
<book>
	<filename>kartlend_barbara/kartlend_barbara_chudesnyi_mig.fb2.zip</filename>
	<title>Картленд Барбара. Чудесный миг</title>
</book>
<book>
	<filename>kartlend_barbara/kartlend_barbara_chudo_dlya_madonny.fb2.zip</filename>
	<title>Картленд Барбара. Чудо для мадонны</title>
</book>
<book>
	<filename>kartlend_barbara/kartlend_barbara_cvety_dlya_boga_lyubvi.fb2.zip</filename>
	<title>Картленд Барбара. Цветы для бога любви</title>
</book>
<book>
	<filename>kartlend_barbara/kartlend_barbara_cvety_pustyni.fb2.zip</filename>
	<title>Картленд Барбара. Цветы пустыни</title>
</book>
<book>
	<filename>kartlend_barbara/kartlend_barbara_cyganskaya_magiya.fb2.zip</filename>
	<title>Картленд Барбара. Цыганская магия</title>
</book>
<book>
	<filename>kartlend_barbara/kartlend_barbara_dar_bogov.fb2.zip</filename>
	<title>Картленд Барбара. Дар богов</title>
</book>
<book>
	<filename>kartlend_barbara/kartlend_barbara_dengi_magiya_i_svadba.fb2.zip</filename>
	<title>Картленд Барбара. Деньги, магия и свадьба</title>
</book>
<book>
	<filename>kartlend_barbara/kartlend_barbara_dezire_znachit_zhelanie.fb2.zip</filename>
	<title>Картленд Барбара. Дезире — значит желание</title>
</book>
<book>
	<filename>kartlend_barbara/kartlend_barbara_dinastiya_lyubvi.fb2.zip</filename>
	<title>Картленд Барбара. Династия любви</title>
</book>
<book>
	<filename>kartlend_barbara/kartlend_barbara_dollary_dlya_gercoga.fb2.zip</filename>
	<title>Картленд Барбара. Доллары для герцога</title>
</book>
<book>
	<filename>kartlend_barbara/kartlend_barbara_dorozhnoe_znakomstvo.fb2.zip</filename>
	<title>Картленд Барбара. Дорожное знакомство</title>
</book>
<book>
	<filename>kartlend_barbara/kartlend_barbara_do_skonchaniya_veka.fb2.zip</filename>
	<title>Картленд Барбара. До скончания века</title>
</book>
<book>
	<filename>kartlend_barbara/kartlend_barbara_duyel_serdec.fb2.zip</filename>
	<title>Картленд Барбара. Дуэль сердец</title>
</book>
<book>
	<filename>kartlend_barbara/kartlend_barbara_dvazhdy_venchannye.fb2.zip</filename>
	<title>Картленд Барбара. Дважды венчанные</title>
</book>
<book>
	<filename>kartlend_barbara/kartlend_barbara_dyavolskoe_navazhdenie.fb2.zip</filename>
	<title>Картленд Барбара. Дьявольское наваждение</title>
</book>
<book>
	<filename>kartlend_barbara/kartlend_barbara_gercog_sorvigolova.fb2.zip</filename>
	<title>Картленд Барбара. Герцог Сорвиголова</title>
</book>
<book>
	<filename>kartlend_barbara/kartlend_barbara_gordaya_bednaya_knyazhna.fb2.zip</filename>
	<title>Картленд Барбара. Гордая бедная княжна</title>
</book>
<book>
	<filename>kartlend_barbara/kartlend_barbara_gordaya_princessa.fb2.zip</filename>
	<title>Картленд Барбара. Гордая принцесса</title>
</book>
<book>
	<filename>kartlend_barbara/kartlend_barbara_gorizonty_lyubvi.fb2.zip</filename>
	<title>Картленд Барбара. Горизонты любви</title>
</book>
<book>
	<filename>kartlend_barbara/kartlend_barbara_hram_lyubvi.fb2.zip</filename>
	<title>Картленд Барбара. Храм любви</title>
</book>
<book>
	<filename>kartlend_barbara/kartlend_barbara_igra_lyubvi.fb2.zip</filename>
	<title>Картленд Барбара. Игра любви</title>
</book>
<book>
	<filename>kartlend_barbara/kartlend_barbara_i_prishla_lyubov.fb2.zip</filename>
	<title>Картленд Барбара. И пришла любовь...</title>
</book>
<book>
	<filename>kartlend_barbara/kartlend_barbara_ischeznuvshaya_gercoginya.fb2.zip</filename>
	<title>Картленд Барбара. Исчезнувшая герцогиня</title>
</book>
<book>
	<filename>kartlend_barbara/kartlend_barbara_ischeznuvshaya_nevesta.fb2.zip</filename>
	<title>Картленд Барбара. Исчезнувшая невеста</title>
</book>
<book>
	<filename>kartlend_barbara/kartlend_barbara_iskushenie_torili.fb2.zip</filename>
	<title>Картленд Барбара. Искушение Торильи</title>
</book>
<book>
	<filename>kartlend_barbara/kartlend_barbara_iskusheniya_parizha.fb2.zip</filename>
	<title>Картленд Барбара. Искушения Парижа</title>
</book>
<book>
	<filename>kartlend_barbara/kartlend_barbara_ispolnenie_zhelanii.fb2.zip</filename>
	<title>Картленд Барбара. Исполнение желаний</title>
</book>
<book>
	<filename>kartlend_barbara/kartlend_barbara_iz_bezdny_k_nebesam.fb2.zip</filename>
	<title>Картленд Барбара. Из бездны — к небесам</title>
</book>
<book>
	<filename>kartlend_barbara/kartlend_barbara_karma_lyubvi.fb2.zip</filename>
	<title>Картленд Барбара. Карма любви</title>
</book>
<book>
	<filename>kartlend_barbara/kartlend_barbara_korolevskaya_klyatva.fb2.zip</filename>
	<title>Картленд Барбара. Королевская клятва</title>
</book>
<book>
	<filename>kartlend_barbara/kartlend_barbara_krasotka_dlya_markiza.fb2.zip</filename>
	<title>Картленд Барбара. Красотка для маркиза</title>
</book>
<book>
	<filename>kartlend_barbara/kartlend_barbara_krylataya_pobeda.fb2.zip</filename>
	<title>Картленд Барбара. Крылатая победа</title>
</book>
<book>
	<filename>kartlend_barbara/kartlend_barbara_krylya_yekstaza.fb2.zip</filename>
	<title>Картленд Барбара. Крылья экстаза</title>
</book>
<book>
	<filename>kartlend_barbara/kartlend_barbara_labirint_lyubvi.fb2.zip</filename>
	<title>Картленд Барбара. Лабиринт любви</title>
</book>
<book>
	<filename>kartlend_barbara/kartlend_barbara_ledi_i_razboinik.fb2.zip</filename>
	<title>Картленд Барбара. Леди и разбойник</title>
</book>
<book>
	<filename>kartlend_barbara/kartlend_barbara_ledyanaya_deva.fb2.zip</filename>
	<title>Картленд Барбара. Ледяная дева</title>
</book>
<book>
	<filename>kartlend_barbara/kartlend_barbara_lisa_v_lovushke.fb2.zip</filename>
	<title>Картленд Барбара. Лиса в ловушке</title>
</book>
<book>
	<filename>kartlend_barbara/kartlend_barbara_lozh_vo_spasenie_lyubvi.fb2.zip</filename>
	<title>Картленд Барбара. Ложь во спасение любви</title>
</book>
<book>
	<filename>kartlend_barbara/kartlend_barbara_luna_nad_yedemom.fb2.zip</filename>
	<title>Картленд Барбара. Луна над Эдемом</title>
</book>
<book>
	<filename>kartlend_barbara/kartlend_barbara_lvica_i_liliya.fb2.zip</filename>
	<title>Картленд Барбара. Львица и лилия</title>
</book>
<book>
	<filename>kartlend_barbara/kartlend_barbara_lyubit_zapreshaetsya.fb2.zip</filename>
	<title>Картленд Барбара. Любить запрещается</title>
</book>
<book>
	<filename>kartlend_barbara/kartlend_barbara_lyubov_azartnaya_igra.fb2.zip</filename>
	<title>Картленд Барбара. Любовь — азартная игра</title>
</book>
<book>
	<filename>kartlend_barbara/kartlend_barbara_lyubov_i_koldovstvo.fb2.zip</filename>
	<title>Картленд Барбара. Любовь и колдовство</title>
</book>
<book>
	<filename>kartlend_barbara/kartlend_barbara_lyubov_i_lyusiya.fb2.zip</filename>
	<title>Картленд Барбара. Любовь и Люсия</title>
</book>
<book>
	<filename>kartlend_barbara/kartlend_barbara_lyubov_i_pocelui.fb2.zip</filename>
	<title>Картленд Барбара. Любовь и поцелуи</title>
</book>
<book>
	<filename>kartlend_barbara/kartlend_barbara_lyubov_i_stradaniya_princessy_maricy.fb2.zip</filename>
	<title>Картленд Барбара. Любовь и страдания принцессы Марицы</title>
</book>
<book>
	<filename>kartlend_barbara/kartlend_barbara_lyubov_i_vechnost.fb2.zip</filename>
	<title>Картленд Барбара. Любовь и вечность</title>
</book>
<book>
	<filename>kartlend_barbara/kartlend_barbara_lyubov_kontrabandista.fb2.zip</filename>
	<title>Картленд Барбара. Любовь контрабандиста</title>
</book>
<book>
	<filename>kartlend_barbara/kartlend_barbara_lyubov_na_kraeshke_luny.fb2.zip</filename>
	<title>Картленд Барбара. Любовь на краешке луны</title>
</book>
<book>
	<filename>kartlend_barbara/kartlend_barbara_lyubov_silnee_dyavola.fb2.zip</filename>
	<title>Картленд Барбара. Любовь сильнее дьявола</title>
</book>
<book>
	<filename>kartlend_barbara/kartlend_barbara_lyubov_sredi_ruin.fb2.zip</filename>
	<title>Картленд Барбара. Любовь среди руин</title>
</book>
<book>
	<filename>kartlend_barbara/kartlend_barbara_lyubov_v_oblakah.fb2.zip</filename>
	<title>Картленд Барбара. Любовь в облаках</title>
</book>
<book>
	<filename>kartlend_barbara/kartlend_barbara_lyubov_vo_spasenie.fb2.zip</filename>
	<title>Картленд Барбара. Любовь во спасение</title>
</book>
<book>
	<filename>kartlend_barbara/kartlend_barbara_lyubov_v_otele_ritc.fb2.zip</filename>
	<title>Картленд Барбара. Любовь в отеле «Ритц»</title>
</book>
<book>
	<filename>kartlend_barbara/kartlend_barbara_lyubov_vsegda_vyigryvaet.fb2.zip</filename>
	<title>Картленд Барбара. Любовь всегда выигрывает</title>
</book>
<book>
	<filename>kartlend_barbara/kartlend_barbara_lyucifer_i_angel.fb2.zip</filename>
	<title>Картленд Барбара. Люцифер и ангел</title>
</book>
<book>
	<filename>kartlend_barbara/kartlend_barbara_madonna_s_liliyami.fb2.zip</filename>
	<title>Картленд Барбара. Мадонна с лилиями</title>
</book>
<book>
	<filename>kartlend_barbara/kartlend_barbara_magiya_lyubvi.fb2.zip</filename>
	<title>Картленд Барбара. Магия любви</title>
</book>
<book>
	<filename>kartlend_barbara/kartlend_barbara_magiya_parizha.fb2.zip</filename>
	<title>Картленд Барбара. Магия Парижа</title>
</book>
<book>
	<filename>kartlend_barbara/kartlend_barbara_magiya_serdca.fb2.zip</filename>
	<title>Картленд Барбара. Магия сердца</title>
</book>
<book>
	<filename>kartlend_barbara/kartlend_barbara_maska_lyubvi.fb2.zip</filename>
	<title>Картленд Барбара. Маска любви</title>
</book>
<book>
	<filename>kartlend_barbara/kartlend_barbara_melodiya_serdca.fb2.zip</filename>
	<title>Картленд Барбара. Мелодия сердца</title>
</book>
<book>
	<filename>kartlend_barbara/kartlend_barbara_mest_lorda_ravenskara.fb2.zip</filename>
	<title>Картленд Барбара. Месть лорда Равенскара</title>
</book>
<book>
	<filename>kartlend_barbara/kartlend_barbara_mgnoveniya_lyubvi.fb2.zip</filename>
	<title>Картленд Барбара. Мгновения любви</title>
</book>
<book>
	<filename>kartlend_barbara/kartlend_barbara_milaya_charovnica_milaya_koldunya.fb2.zip</filename>
	<title>Картленд Барбара. Милая чаровница [Милая колдунья]</title>
</book>
<book>
	<filename>kartlend_barbara/kartlend_barbara_molba_o_miloserdii.fb2.zip</filename>
	<title>Картленд Барбара. Мольба о милосердии</title>
</book>
<book>
	<filename>kartlend_barbara/kartlend_barbara_molitva_lyubvi.fb2.zip</filename>
	<title>Картленд Барбара. Молитва любви</title>
</book>
<book>
	<filename>kartlend_barbara/kartlend_barbara_mudrost_serdca.fb2.zip</filename>
	<title>Картленд Барбара. Мудрость сердца</title>
</book>
<book>
	<filename>kartlend_barbara/kartlend_barbara_myatezhnaya_knyazhna.fb2.zip</filename>
	<title>Картленд Барбара. Мятежная княжна</title>
</book>
<book>
	<filename>kartlend_barbara/kartlend_barbara_naiti_svoyu_zvezdu.fb2.zip</filename>
	<title>Картленд Барбара. Найти свою звезду</title>
</book>
<book>
	<filename>kartlend_barbara/kartlend_barbara_nakazannaya_lyubovyu.fb2.zip</filename>
	<title>Картленд Барбара. Наказанная любовью</title>
</book>
<book>
	<filename>kartlend_barbara/kartlend_barbara_na_parusah_mechty.fb2.zip</filename>
	<title>Картленд Барбара. На парусах мечты</title>
</book>
<book>
	<filename>kartlend_barbara/kartlend_barbara_nedosyagaemaya.fb2.zip</filename>
	<title>Картленд Барбара. Недосягаемая</title>
</book>
<book>
	<filename>kartlend_barbara/kartlend_barbara_neotrazimyi_muzhchina.fb2.zip</filename>
	<title>Картленд Барбара. Неотразимый мужчина</title>
</book>
<book>
	<filename>kartlend_barbara/kartlend_barbara_nepoddelnaya_lyubov.fb2.zip</filename>
	<title>Картленд Барбара. Неподдельная любовь</title>
</book>
<book>
	<filename>kartlend_barbara/kartlend_barbara_nepostizhimoe_serdce.fb2.zip</filename>
	<title>Картленд Барбара. Непостижимое сердце</title>
</book>
<book>
	<filename>kartlend_barbara/kartlend_barbara_nerazgadannoe_serdce.fb2.zip</filename>
	<title>Картленд Барбара. Неразгаданное сердце</title>
</book>
<book>
	<filename>kartlend_barbara/kartlend_barbara_nerushimye_chary.fb2.zip</filename>
	<title>Картленд Барбара. Нерушимые чары</title>
</book>
<book>
	<filename>kartlend_barbara/kartlend_barbara_neulovimyi_graf.fb2.zip</filename>
	<title>Картленд Барбара. Неуловимый граф</title>
</book>
<book>
	<filename>kartlend_barbara/kartlend_barbara_neveroyatnyi_medovyi_mesyac.fb2.zip</filename>
	<title>Картленд Барбара. Невероятный медовый месяц</title>
</book>
<book>
	<filename>kartlend_barbara/kartlend_barbara_nevesta_korolya.fb2.zip</filename>
	<title>Картленд Барбара. Невеста короля</title>
</book>
<book>
	<filename>kartlend_barbara/kartlend_barbara_nevesta_ponevole.fb2.zip</filename>
	<title>Картленд Барбара. Невеста поневоле</title>
</book>
<book>
	<filename>kartlend_barbara/kartlend_barbara_nevinnaya_obmanshica.fb2.zip</filename>
	<title>Картленд Барбара. Невинная обманщица</title>
</book>
<book>
	<filename>kartlend_barbara/kartlend_barbara_nevnimatelnyi_zhenih.fb2.zip</filename>
	<title>Картленд Барбара. Невнимательный жених</title>
</book>
<book>
	<filename>kartlend_barbara/kartlend_barbara_nevolnyi_obman.fb2.zip</filename>
	<title>Картленд Барбара. Невольный обман</title>
</book>
<book>
	<filename>kartlend_barbara/kartlend_barbara_nezhdannaya_lyubov.fb2.zip</filename>
	<title>Картленд Барбара. Нежданная любовь</title>
</book>
<book>
	<filename>kartlend_barbara/kartlend_barbara_nishii_lord.fb2.zip</filename>
	<title>Картленд Барбара. Нищий лорд</title>
</book>
<book>
	<filename>kartlend_barbara/kartlend_barbara_nochnye_grezy.fb2.zip</filename>
	<title>Картленд Барбара. Ночные грезы</title>
</book>
<book>
	<filename>kartlend_barbara/kartlend_barbara_noch_veselya.fb2.zip</filename>
	<title>Картленд Барбара. Ночь веселья</title>
</book>
<book>
	<filename>kartlend_barbara/kartlend_barbara_obitel_straha.fb2.zip</filename>
	<title>Картленд Барбара. Обитель страха</title>
</book>
<book>
	<filename>kartlend_barbara/kartlend_barbara_ocharovannyi.fb2.zip</filename>
	<title>Картленд Барбара. Очарованный</title>
</book>
<book>
	<filename>kartlend_barbara/kartlend_barbara_ocharovatelnaya_greshnica.fb2.zip</filename>
	<title>Картленд Барбара. Очаровательная грешница</title>
</book>
<book>
	<filename>kartlend_barbara/kartlend_barbara_ocharovatelnaya_lgunya.fb2.zip</filename>
	<title>Картленд Барбара. Очаровательная лгунья</title>
</book>
<book>
	<filename>kartlend_barbara/kartlend_barbara_ogni_parizha.fb2.zip</filename>
	<title>Картленд Барбара. Огни Парижа</title>
</book>
<book>
	<filename>kartlend_barbara/kartlend_barbara_ogon_lyubvi.fb2.zip</filename>
	<title>Картленд Барбара. Огонь любви</title>
</book>
<book>
	<filename>kartlend_barbara/kartlend_barbara_ogon_zhelanii.fb2.zip</filename>
	<title>Картленд Барбара. Огонь желаний</title>
</book>
<book>
	<filename>kartlend_barbara/kartlend_barbara_ola_i_morskoi_volk.fb2.zip</filename>
	<title>Картленд Барбара. Ола и морской волк</title>
</book>
<book>
	<filename>kartlend_barbara/kartlend_barbara_opasnaya_progulka.fb2.zip</filename>
	<title>Картленд Барбара. Опасная прогулка</title>
</book>
<book>
	<filename>kartlend_barbara/kartlend_barbara_opasnost_dlya_serdec.fb2.zip</filename>
	<title>Картленд Барбара. Опасность для сердец</title>
</book>
<book>
	<filename>kartlend_barbara/kartlend_barbara_ot_nenavisti_do_lyubvi.fb2.zip</filename>
	<title>Картленд Барбара. От ненависти до любви</title>
</book>
<book>
	<filename>kartlend_barbara/kartlend_barbara_otomshennoe_serdce.fb2.zip</filename>
	<title>Картленд Барбара. Отомщенное сердце</title>
</book>
<book>
	<filename>kartlend_barbara/kartlend_barbara_otzyvchivoe_serdce.fb2.zip</filename>
	<title>Картленд Барбара. Отзывчивое сердце</title>
</book>
<book>
	<filename>kartlend_barbara/kartlend_barbara_ozherele_lyubvi.fb2.zip</filename>
	<title>Картленд Барбара. Ожерелье любви</title>
</book>
<book>
	<filename>kartlend_barbara/kartlend_barbara_pesnya_sinei_pticy.fb2.zip</filename>
	<title>Картленд Барбара. Песня синей птицы</title>
</book>
<book>
	<filename>kartlend_barbara/kartlend_barbara_pirat_v_lyubvi.fb2.zip</filename>
	<title>Картленд Барбара. Пират в любви</title>
</book>
<book>
	<filename>kartlend_barbara/kartlend_barbara_plenennoe_serdce.fb2.zip</filename>
	<title>Картленд Барбара. Плененное сердце</title>
</book>
<book>
	<filename>kartlend_barbara/kartlend_barbara_plennica_lyubvi.fb2.zip</filename>
	<title>Картленд Барбара. Пленница любви</title>
</book>
<book>
	<filename>kartlend_barbara/kartlend_barbara_pobezhdennyi_dyavol.fb2.zip</filename>
	<title>Картленд Барбара. Побежденный дьявол</title>
</book>
<book>
	<filename>kartlend_barbara/kartlend_barbara_pocelui_neznakomca.fb2.zip</filename>
	<title>Картленд Барбара. Поцелуй незнакомца</title>
</book>
<book>
	<filename>kartlend_barbara/kartlend_barbara_pocelui_v_rime.fb2.zip</filename>
	<title>Картленд Барбара. Поцелуй в Риме</title>
</book>
<book>
	<filename>kartlend_barbara/kartlend_barbara_podarok_sudby.fb2.zip</filename>
	<title>Картленд Барбара. Подарок судьбы</title>
</book>
<book>
	<filename>kartlend_barbara/kartlend_barbara_pohishennaya_naslednica.fb2.zip</filename>
	<title>Картленд Барбара. Похищенная наследница</title>
</book>
<book>
	<filename>kartlend_barbara/kartlend_barbara_poslannica_lyubvi.fb2.zip</filename>
	<title>Картленд Барбара. Посланница любви</title>
</book>
<book>
	<filename>kartlend_barbara/kartlend_barbara_potaennoe_zlo.fb2.zip</filename>
	<title>Картленд Барбара. Потаенное зло</title>
</book>
<book>
	<filename>kartlend_barbara/kartlend_barbara_povezlo_v_lyubvi.fb2.zip</filename>
	<title>Картленд Барбара. Повезло в любви</title>
</book>
<book>
	<filename>kartlend_barbara/kartlend_barbara_pozovi_menya.fb2.zip</filename>
	<title>Картленд Барбара. Позови меня</title>
</book>
<book>
	<filename>kartlend_barbara/kartlend_barbara_prekrasnaya_monashka.fb2.zip</filename>
	<title>Картленд Барбара. Прекрасная монашка</title>
</book>
<book>
	<filename>kartlend_barbara/kartlend_barbara_prekrasnaya_pohititelnica.fb2.zip</filename>
	<title>Картленд Барбара. Прекрасная похитительница</title>
</book>
<book>
	<filename>kartlend_barbara/kartlend_barbara_prelestnye_naezdnicy.fb2.zip</filename>
	<title>Картленд Барбара. Прелестные наездницы</title>
</book>
<book>
	<filename>kartlend_barbara/kartlend_barbara_priklyucheniya_v_berline.fb2.zip</filename>
	<title>Картленд Барбара. Приключения в Берлине</title>
</book>
<book>
	<filename>kartlend_barbara/kartlend_barbara_prikosnovenie_lyubvi.fb2.zip</filename>
	<title>Картленд Барбара. Прикосновение любви</title>
</book>
<book>
	<filename>kartlend_barbara/kartlend_barbara_proklyatie_klana.fb2.zip</filename>
	<title>Картленд Барбара. Проклятие клана</title>
</book>
<book>
	<filename>kartlend_barbara/kartlend_barbara_puteshestvie_v_montekarlo.fb2.zip</filename>
	<title>Картленд Барбара. Путешествие в Монте-Карло</title>
</book>
<book>
	<filename>kartlend_barbara/kartlend_barbara_put_k_lyubvi.fb2.zip</filename>
	<title>Картленд Барбара. Путь к любви</title>
</book>
<book>
	<filename>kartlend_barbara/kartlend_barbara_pyshnaya_svadba.fb2.zip</filename>
	<title>Картленд Барбара. Пышная свадьба</title>
</book>
<book>
	<filename>kartlend_barbara/kartlend_barbara_raduga_do_nebes.fb2.zip</filename>
	<title>Картленд Барбара. Радуга до небес</title>
</book>
<book>
	<filename>kartlend_barbara/kartlend_barbara_reka_lyubvi.fb2.zip</filename>
	<title>Картленд Барбара. Река любви</title>
</book>
<book>
	<filename>kartlend_barbara/kartlend_barbara_roman_s_prizrakom.fb2.zip</filename>
	<title>Картленд Барбара. Роман с призраком</title>
</book>
<book>
	<filename>kartlend_barbara/kartlend_barbara_rozhdennye_v_lyubvi.fb2.zip</filename>
	<title>Картленд Барбара. Рожденные в любви</title>
</book>
<book>
	<filename>kartlend_barbara/kartlend_barbara_shotlandcy_ne_zabyvayut.fb2.zip</filename>
	<title>Картленд Барбара. Шотландцы не забывают</title>
</book>
<book>
	<filename>kartlend_barbara/kartlend_barbara_shtorm_lyubvi.fb2.zip</filename>
	<title>Картленд Барбара. Шторм любви</title>
</book>
<book>
	<filename>kartlend_barbara/kartlend_barbara_skrytnoe_serdce.fb2.zip</filename>
	<title>Картленд Барбара. Скрытное сердце</title>
</book>
<book>
	<filename>kartlend_barbara/kartlend_barbara_slozhnosti_lyubvi.fb2.zip</filename>
	<title>Картленд Барбара. Сложности любви</title>
</book>
<book>
	<filename>kartlend_barbara/kartlend_barbara_slushai_svoyu_lyubov.fb2.zip</filename>
	<title>Картленд Барбара. Слушай свою любовь</title>
</book>
<book>
	<filename>kartlend_barbara/kartlend_barbara_smeh_svet_i_ledi.fb2.zip</filename>
	<title>Картленд Барбара. Смех, свет и леди</title>
</book>
<book>
	<filename>kartlend_barbara/kartlend_barbara_sokrovishe_lyubvi.fb2.zip</filename>
	<title>Картленд Барбара. Сокровище любви</title>
</book>
<book>
	<filename>kartlend_barbara/kartlend_barbara_spor_bogin.fb2.zip</filename>
	<title>Картленд Барбара. Спор богинь</title>
</book>
<book>
	<filename>kartlend_barbara/kartlend_barbara_spyashaya_krasavica.fb2.zip</filename>
	<title>Картленд Барбара. Спящая красавица</title>
</book>
<book>
	<filename>kartlend_barbara/kartlend_barbara_stihiya_lyubvi.fb2.zip</filename>
	<title>Картленд Барбара. Стихия любви</title>
</book>
<book>
	<filename>kartlend_barbara/kartlend_barbara_strely_lyubvi.fb2.zip</filename>
	<title>Картленд Барбара. Стрелы любви</title>
</book>
<book>
	<filename>kartlend_barbara/kartlend_barbara_stremlenie_k_sovershenstvu.fb2.zip</filename>
	<title>Картленд Барбара. Стремление к совершенству</title>
</book>
<book>
	<filename>kartlend_barbara/kartlend_barbara_svet_luny.fb2.zip</filename>
	<title>Картленд Барбара. Свет луны</title>
</book>
<book>
	<filename>kartlend_barbara/kartlend_barbara_taina_gornoi_doliny.fb2.zip</filename>
	<title>Картленд Барбара. Тайна горной долины</title>
</book>
<book>
	<filename>kartlend_barbara/kartlend_barbara_tainaya_gavan.fb2.zip</filename>
	<title>Картленд Барбара. Тайная гавань</title>
</book>
<book>
	<filename>kartlend_barbara/kartlend_barbara_tainaya_vlast.fb2.zip</filename>
	<title>Картленд Барбара. Тайная власть</title>
</book>
<book>
	<filename>kartlend_barbara/kartlend_barbara_tainoe_venchanie.fb2.zip</filename>
	<title>Картленд Барбара. Тайное венчание</title>
</book>
<book>
	<filename>kartlend_barbara/kartlend_barbara_tainstvennaya_sluzhanka.fb2.zip</filename>
	<title>Картленд Барбара. Таинственная служанка</title>
</book>
<book>
	<filename>kartlend_barbara/kartlend_barbara_tainstvennyi_zhenih.fb2.zip</filename>
	<title>Картленд Барбара. Таинственный жених</title>
</book>
<book>
	<filename>kartlend_barbara/kartlend_barbara_tainstvo_lyubvi_skvoz_prizmu_istorii.fb2.zip</filename>
	<title>Картленд Барбара. Таинство любви сквозь призму истории</title>
</book>
<book>
	<filename>kartlend_barbara/kartlend_barbara_tainyi_pocelui.fb2.zip</filename>
	<title>Картленд Барбара. Тайный поцелуй</title>
</book>
<book>
	<filename>kartlend_barbara/kartlend_barbara_tam_gde_pravit_lyubov.fb2.zip</filename>
	<title>Картленд Барбара. Там, где правит любовь</title>
</book>
<book>
	<filename>kartlend_barbara/kartlend_barbara_tancuya_na_raduge.fb2.zip</filename>
	<title>Картленд Барбара. Танцуя на радуге</title>
</book>
<book>
	<filename>kartlend_barbara/kartlend_barbara_tanec_dushi.fb2.zip</filename>
	<title>Картленд Барбара. Танец души</title>
</book>
<book>
	<filename>kartlend_barbara/kartlend_barbara_teatr_lyubvi.fb2.zip</filename>
	<title>Картленд Барбара. Театр любви</title>
</book>
<book>
	<filename>kartlend_barbara/kartlend_barbara_temnyi_potok.fb2.zip</filename>
	<title>Картленд Барбара. Темный поток</title>
</book>
<book>
	<filename>kartlend_barbara/kartlend_barbara_trebuetsya_obruchalnoe_kolco.fb2.zip</filename>
	<title>Картленд Барбара. Требуется обручальное кольцо</title>
</book>
<book>
	<filename>kartlend_barbara/kartlend_barbara_triumf_serdca.fb2.zip</filename>
	<title>Картленд Барбара. Триумф сердца</title>
</book>
<book>
	<filename>kartlend_barbara/kartlend_barbara_tshetnaya_predostorozhnost.fb2.zip</filename>
	<title>Картленд Барбара. Тщетная предосторожность</title>
</book>
<book>
	<filename>kartlend_barbara/kartlend_barbara_ukroshenie_ledi_lorindy.fb2.zip</filename>
	<title>Картленд Барбара. Укрощение леди Лоринды</title>
</book>
<book>
	<filename>kartlend_barbara/kartlend_barbara_uroki_kurtizanki.fb2.zip</filename>
	<title>Картленд Барбара. Уроки куртизанки</title>
</book>
<book>
	<filename>kartlend_barbara/kartlend_barbara_uskolzayushii_angel.fb2.zip</filename>
	<title>Картленд Барбара. Ускользающий ангел</title>
</book>
<book>
	<filename>kartlend_barbara/kartlend_barbara_vals_serdec.fb2.zip</filename>
	<title>Картленд Барбара. Вальс сердец</title>
</book>
<book>
	<filename>kartlend_barbara/kartlend_barbara_velikaya_sila_lyubvi.fb2.zip</filename>
	<title>Картленд Барбара. Великая сила любви</title>
</book>
<book>
	<filename>kartlend_barbara/kartlend_barbara_vengriya_dlya_dvoih.fb2.zip</filename>
	<title>Картленд Барбара. Венгрия для двоих</title>
</book>
<book>
	<filename>kartlend_barbara/kartlend_barbara_venok_lyubvi.fb2.zip</filename>
	<title>Картленд Барбара. Венок любви</title>
</book>
<book>
	<filename>kartlend_barbara/kartlend_barbara_v_gorah_moe_serdce.fb2.zip</filename>
	<title>Картленд Барбара. В горах мое сердце</title>
</book>
<book>
	<filename>kartlend_barbara/kartlend_barbara_vlyublennye_beglecy.fb2.zip</filename>
	<title>Картленд Барбара. Влюбленные беглецы</title>
</book>
<book>
	<filename>kartlend_barbara/kartlend_barbara_vlyublennye_v_lukke.fb2.zip</filename>
	<title>Картленд Барбара. Влюбленные в Лукке</title>
</book>
<book>
	<filename>kartlend_barbara/kartlend_barbara_vlyublennyi_dzhentlmen.fb2.zip</filename>
	<title>Картленд Барбара. Влюбленный джентльмен</title>
</book>
<book>
	<filename>kartlend_barbara/kartlend_barbara_vlyublennyi_korol.fb2.zip</filename>
	<title>Картленд Барбара. Влюбленный король</title>
</book>
<book>
	<filename>kartlend_barbara/kartlend_barbara_v_obyatiyah_lyubvi.fb2.zip</filename>
	<title>Картленд Барбара. В объятиях любви</title>
</book>
<book>
	<filename>kartlend_barbara/kartlend_barbara_volnuyushee_priklyuchenie.fb2.zip</filename>
	<title>Картленд Барбара. Волнующее приключение</title>
</book>
<book>
	<filename>kartlend_barbara/kartlend_barbara_volshebnye_chary.fb2.zip</filename>
	<title>Картленд Барбара. Волшебные чары</title>
</book>
<book>
	<filename>kartlend_barbara/kartlend_barbara_volshebnyi_mig.fb2.zip</filename>
	<title>Картленд Барбара. Волшебный миг</title>
</book>
<book>
	<filename>kartlend_barbara/kartlend_barbara_volshebnyi_son.fb2.zip</filename>
	<title>Картленд Барбара. Волшебный сон</title>
</book>
<book>
	<filename>kartlend_barbara/kartlend_barbara_vor_i_lyubov.fb2.zip</filename>
	<title>Картленд Барбара. Вор и любовь</title>
</book>
<book>
	<filename>kartlend_barbara/kartlend_barbara_vozvrashenie_gercoga.fb2.zip</filename>
	<title>Картленд Барбара. Возвращение герцога</title>
</book>
<book>
	<filename>kartlend_barbara/kartlend_barbara_v_poiskah_lyubvi.fb2.zip</filename>
	<title>Картленд Барбара. В поисках любви</title>
</book>
<book>
	<filename>kartlend_barbara/kartlend_barbara_vybirayu_lyubov.fb2.zip</filename>
	<title>Картленд Барбара. Выбираю любовь</title>
</book>
<book>
	<filename>kartlend_barbara/kartlend_barbara_vyshe_zvezd.fb2.zip</filename>
	<title>Картленд Барбара. Выше звезд</title>
</book>
<book>
	<filename>kartlend_barbara/kartlend_barbara_ya_lyublyu_drugogo.fb2.zip</filename>
	<title>Картленд Барбара. Я люблю другого</title>
</book>
<book>
	<filename>kartlend_barbara/kartlend_barbara_yeliksir_molodosti.fb2.zip</filename>
	<title>Картленд Барбара. Эликсир молодости</title>
</book>
<book>
	<filename>kartlend_barbara/kartlend_barbara_zagovor_krasavic.fb2.zip</filename>
	<title>Картленд Барбара. Заговор красавиц</title>
</book>
<book>
	<filename>kartlend_barbara/kartlend_barbara_zalozhnica.fb2.zip</filename>
	<title>Картленд Барбара. Заложница</title>
</book>
<book>
	<filename>kartlend_barbara/kartlend_barbara_zapertoe_serdce.fb2.zip</filename>
	<title>Картленд Барбара. Запертое сердце</title>
</book>
<book>
	<filename>kartlend_barbara/kartlend_barbara_zateryannaya_v_parizhe.fb2.zip</filename>
	<title>Картленд Барбара. Затерянная в Париже</title>
</book>
<book>
	<filename>kartlend_barbara/kartlend_barbara_zhelanie_serdca.fb2.zip</filename>
	<title>Картленд Барбара. Желание сердца</title>
</book>
<book>
	<filename>kartlend_barbara/kartlend_barbara_zhenshina_v_mire_muzhchin_kurs_vyzhivaniya.fb2.zip</filename>
	<title>Картленд Барбара. Женщина в мире мужчин. Курс выживания</title>
</book>
<book>
	<filename>kartlend_barbara/kartlend_barbara_zloveshaya_taina.fb2.zip</filename>
	<title>Картленд Барбара. Зловещая тайна</title>
</book>
<book>
	<filename>kartlend_barbara/kartlend_barbara_zmeya_satany.fb2.zip</filename>
	<title>Картленд Барбара. Змея Сатаны</title>
</book>
<book>
	<filename>kartlend_barbara/kartlend_barbara_zolotaya_gondola.fb2.zip</filename>
	<title>Картленд Барбара. Золотая гондола</title>
</book>
<book>
	<filename>kartlend_barbara/kartlend_barbara_zov_lyubvi.fb2.zip</filename>
	<title>Картленд Барбара. Зов любви</title>
</book>
<book>
	<filename>kartlend_barbara/kartlend_barbara_zvezdy_nad_tunisom.fb2.zip</filename>
	<title>Картленд Барбара. Звезды над Тунисом</title>
</book>
<book>
	<filename>kartlend_barbara/kartlend_barbara_zvezdy_v_volosah.fb2.zip</filename>
	<title>Картленд Барбара. Звезды в волосах</title>
</book>
<book>
	<filename>kartun_derek/kartun_derek_besy_v_parizhe.fb2.zip</filename>
	<title>Картун Дерек. Бесы в Париже</title>
</book>
<book>
	<filename>kartun_derek/kartun_derek_padenie_ierusalima.fb2.zip</filename>
	<title>Картун Дерек. Падение Иерусалима</title>
</book>
<book>
	<filename>karver_dzheffri/karver_dzheffri_formula_klipsis.fb2.zip</filename>
	<title>Карвер Джеффри Аллан. Формула Клипсис</title>
</book>
<book>
	<filename>karvin_dzhails/karvin_dzhails_naslednik_oseni.fb2.zip</filename>
	<title>Карвин Джайлс. Наследник Осени</title>
</book>
<book>
	<filename>karyshev_valerii/karyshev_valerii_zapiski_banditskogo_advokata.fb2.zip</filename>
	<title>Карышев Валерий. Записки бандитского адвоката</title>
</book>
<book>
	<filename>kasarego_martin/kasarego_martin_menya_ne_kupish.fb2.zip</filename>
	<title>Касарьего Мартин. Меня не купишь</title>
</book>
<book>
	<filename>kashkin_ivan/kashkin_ivan_yernest_heminguyei.fb2.zip</filename>
	<title>Кашкин Иван Александрович. Эрнест Хемингуэй</title>
</book>
<book>
	<filename>kasl_brenda/kasl_brenda_shepot_straha.fb2.zip</filename>
	<title>Касл Бренда. Шепот страха</title>
</book>
<book>
	<filename>kaslik_ibi/kaslik_ibi_hudyshka.fb2.zip</filename>
	<title>Каслик Иби. Худышка</title>
</book>
<book>
	<filename>kaspersky_kris/kaspersky_kris_tonkosti_dizassemblirovaniya.fb2.zip</filename>
	<title>Kaspersky Kris. Тонкости дизассемблирования</title>
</book>
<book>
	<filename>kassil_lev/kassil_lev_absolyutnyi_sluh.fb2.zip</filename>
	<title>Кассиль Лев Абрамович. Абсолютный слух</title>
</book>
<book>
	<filename>kassil_lev/kassil_lev_agitmedvedosobogo_otryada.fb2.zip</filename>
	<title>Кассиль Лев Абрамович. Агитмедведьособого отряда</title>
</book>
<book>
	<filename>kassil_lev/kassil_lev_barabasik.fb2.zip</filename>
	<title>Кассиль Лев Абрамович. Барабасик</title>
</book>
<book>
	<filename>kassil_lev/kassil_lev_batareinyi_zayac.fb2.zip</filename>
	<title>Кассиль Лев Абрамович. Батарейный заяц</title>
</book>
<book>
	<filename>kassil_lev/kassil_lev_bitva_pri_bezymyannom_palce.fb2.zip</filename>
	<title>Кассиль Лев Абрамович. Битва при безымянном пальце</title>
</book>
<book>
	<filename>kassil_lev/kassil_lev_budte_gotovy_vashe_vysochestvo.fb2.zip</filename>
	<title>Кассиль Лев. Будьте готовы, Ваше высочество</title>
</book>
<book>
	<filename>kassil_lev/kassil_lev_cheremysh_brat_geroya.fb2.zip</filename>
	<title>Кассиль Лев Абрамович. Черемыш – брат героя</title>
</book>
<book>
	<filename>kassil_lev/kassil_lev_chuda_gaidara.fb2.zip</filename>
	<title>Кассиль Лев Абрамович. Чуда Гайдара</title>
</book>
<book>
	<filename>kassil_lev/kassil_lev_delo_vkusa.fb2.zip</filename>
	<title>Кассиль Лев. Дело вкуса</title>
</book>
<book>
	<filename>kassil_lev/kassil_lev_derzhis_kapitan.fb2.zip</filename>
	<title>Кассиль Лев Абрамович. Держись, капитан!</title>
</book>
<book>
	<filename>kassil_lev/kassil_lev_disko.fb2.zip</filename>
	<title>Кассиль Лев Абрамович. «Диско»</title>
</book>
<book>
	<filename>kassil_lev/kassil_lev_est_na_volge_utes.fb2.zip</filename>
	<title>Кассиль Лев Абрамович. Есть на Волге утес</title>
</book>
<book>
	<filename>kassil_lev/kassil_lev_fedya_iz_podplava.fb2.zip</filename>
	<title>Кассиль Лев Абрамович. Федя из Подплава</title>
</book>
<book>
	<filename>kassil_lev/kassil_lev_gubernatorskii_passazhir.fb2.zip</filename>
	<title>Кассиль Лев Абрамович. Губернаторский пассажир</title>
</book>
<book>
	<filename>kassil_lev/kassil_lev_hod_beloi_korolevy.fb2.zip</filename>
	<title>Кассиль Лев Абрамович. Ход белой королевы</title>
</book>
<book>
	<filename>kassil_lev/kassil_lev_istoriya_s_borodoi.fb2.zip</filename>
	<title>Кассиль Лев. История с бородой</title>
</book>
<book>
	<filename>kassil_lev/kassil_lev_istoriya_s_geografiei.fb2.zip</filename>
	<title>Кассиль Лев Абрамович. История с географией</title>
</book>
<book>
	<filename>kassil_lev/kassil_lev_konduit_i_shvambraniya.fb2.zip</filename>
	<title>Кассиль Лев. Кондуит и Швамбрания</title>
</book>
<book>
	<filename>kassil_lev/kassil_lev_liniya_svyazi.fb2.zip</filename>
	<title>Кассиль Лев Абрамович. Линия связи</title>
</book>
<book>
	<filename>kassil_lev/kassil_lev_match_v_valensii.fb2.zip</filename>
	<title>Кассиль Лев Абрамович. Матч в Валенсии</title>
</book>
<book>
	<filename>kassil_lev/kassil_lev_mayakovskii_sam_ocherk_zhizni_i_raboty_poyeta.fb2.zip</filename>
	<title>Кассиль Лев Абрамович. Маяковский – сам. Очерк жизни и работы поэта</title>
</book>
<book>
	<filename>kassil_lev/kassil_lev_nochnaya_romashka.fb2.zip</filename>
	<title>Кассиль Лев Абрамович. Ночная ромашка</title>
</book>
<book>
	<filename>kassil_lev/kassil_lev_odna_beseda.fb2.zip</filename>
	<title>Кассиль Лев Абрамович. Одна беседа</title>
</book>
<book>
	<filename>kassil_lev/kassil_lev_ogneopasnyi_gruz.fb2.zip</filename>
	<title>Кассиль Лев Абрамович. Огнеопасный груз</title>
</book>
<book>
	<filename>kassil_lev/kassil_lev_otmetki_rimmy_lebedevoi.fb2.zip</filename>
	<title>Кассиль Лев Абрамович. Отметки Риммы Лебедевой</title>
</book>
<book>
	<filename>kassil_lev/kassil_lev_pekiny_butsy.fb2.zip</filename>
	<title>Кассиль Лев Абрамович. Пекины бутсы</title>
</book>
<book>
	<filename>kassil_lev/kassil_lev_portret_ognem.fb2.zip</filename>
	<title>Кассиль Лев Абрамович. Портрет огнем</title>
</book>
<book>
	<filename>kassil_lev/kassil_lev_rasskaz_ob_otsutstvuyushem.fb2.zip</filename>
	<title>Кассиль Лев Абрамович. Рассказ об отсутствующем</title>
</book>
<book>
	<filename>kassil_lev/kassil_lev_razdvoenie_kalendarya.fb2.zip</filename>
	<title>Кассиль Лев Абрамович. Раздвоение календаря</title>
</book>
<book>
	<filename>kassil_lev/kassil_lev_solnce_svetit.fb2.zip</filename>
	<title>Кассиль Лев Абрамович. Солнце светит</title>
</book>
<book>
	<filename>kassil_lev/kassil_lev_sostoitsya_pri_vsyakoi_pogode.fb2.zip</filename>
	<title>Кассиль Лев Абрамович. Состоится при всякой погоде</title>
</book>
<book>
	<filename>kassil_lev/kassil_lev_transbalt.fb2.zip</filename>
	<title>Кассиль Лев Абрамович. «Трансбалт»</title>
</book>
<book>
	<filename>kassil_lev/kassil_lev_uchenik_charodeya.fb2.zip</filename>
	<title>Кассиль Лев Абрамович. Ученик чародея</title>
</book>
<book>
	<filename>kassil_lev/kassil_lev_u_klassnoi_doski.fb2.zip</filename>
	<title>Кассиль Лев Абрамович. У классной доски</title>
</book>
<book>
	<filename>kassil_lev/kassil_lev_ulica_mladshego_syna.fb2.zip</filename>
	<title>Кассиль Лев. Улица младшего сына</title>
</book>
<book>
	<filename>kassil_lev/kassil_lev_vdova_korablya.fb2.zip</filename>
	<title>Кассиль Лев Абрамович. Вдова корабля</title>
</book>
<book>
	<filename>kassil_lev/kassil_lev_velikoe_protivostoyanie.fb2.zip</filename>
	<title>Кассиль Лев Абрамович. Великое противостояние</title>
</book>
<book>
	<filename>kassil_lev/kassil_lev_vratar_respubliki.fb2.zip</filename>
	<title>Кассиль Лев. Вратарь Республики</title>
</book>
<book>
	<filename>kassil_lev/kassil_lev_vse_vernetsya.fb2.zip</filename>
	<title>Кассиль Лев Абрамович. Все вернется</title>
</book>
<book>
	<filename>kassil_lev/kassil_lev_vsluh_pro_sebya.fb2.zip</filename>
	<title>Кассиль Лев Абрамович. Вслух про себя</title>
</book>
<book>
	<filename>kassil_lev/kassil_lev_vtoraya_polovinka_pesni.fb2.zip</filename>
	<title>Кассиль Лев Абрамович. Вторая половинка песни</title>
</book>
<book>
	<filename>kassil_lev/kassil_lev_zelenaya_vetochka.fb2.zip</filename>
	<title>Кассиль Лев Абрамович. Зеленая веточка</title>
</book>


</books>
