﻿<?xml version="1.0" encoding="UTF-8" ?>
<books>

<book>
	<filename>keit_uilyam/keit_uilyam_1ya_trilogiya_o_serom_legione_smerti1_bitva.fb2.zip</filename>
	<title>Кейт Уильям. 1-я трилогия о Сером Легионе Смерти-1: Битва</title>
</book>
<book>
	<filename>keit_uilyam/keit_uilyam_1ya_trilogiya_o_serom_legione_smerti2_zvezda_naemnikov.fb2.zip</filename>
	<title>Кейт Уильям. 1-я трилогия о Сером Легионе Смерти-2: Звезда наемников</title>
</book>
<book>
	<filename>keit_uilyam/keit_uilyam_1ya_trilogiya_o_serom_legione_smerti3_cena_slavy.fb2.zip</filename>
	<title>Кейт Уильям. 1-я трилогия о Сером Легионе Смерти-3: Цена славы</title>
</book>
<book>
	<filename>keit_uilyam/keit_uilyam_ataka_bolo.fb2.zip</filename>
	<title>Кейт Уильям. Атака Боло</title>
</book>
<book>
	<filename>keit_uilyam/keit_uilyam_brigada_bolo.fb2.zip</filename>
	<title>Кейт Уильям. Бригада Боло</title>
</book>
<book>
	<filename>keit_uilyam/keit_uilyam_chest_i_vernost.fb2.zip</filename>
	<title>Кейт Уильям. Честь и верность</title>
</book>
<book>
	<filename>keit_uilyam/keit_uilyam_operaciya_yekskalibur.fb2.zip</filename>
	<title>Кейт Уильям. Операция «Экскалибур»</title>
</book>
<book>
	<filename>keit_uilyam/keit_uilyam_shagai_ili_umri.fb2.zip</filename>
	<title>Кейт Уильям. Шагай или умри</title>
</book>
<book>
	<filename>keit_uilyam/keit_uilyam_shagayushaya_smert.fb2.zip</filename>
	<title>Кейт Уильям. Шагающая смерть</title>
</book>
<book>
	<filename>keit_uilyam/keit_uilyam_taktika_dolga.fb2.zip</filename>
	<title>Кейт Уильям. Тактика долга</title>
</book>
<book>
	<filename>keit_uilyam/keit_uilyam_vosstanie_bolo.fb2.zip</filename>
	<title>Кейт Уильям. Восстание Боло</title>
</book>
<book>
	<filename>keit_yendryu/keit_yendryu_chest_i_vernost.fb2.zip</filename>
	<title>Кейт Эндрю. Честь и верность</title>
</book>
<book>
	<filename>keit_yendryu/keit_yendryu_kogorta_proklyatyh.fb2.zip</filename>
	<title>Кейт Эндрю. Когорта Проклятых</title>
</book>
<book>
	<filename>keit_yendryu/keit_yendryu_krov_geroev.fb2.zip</filename>
	<title>Кейт Эндрю. Кровь героев</title>
</book>
<book>
	<filename>keit_yendryu/keit_yendryu_serdce_tigra.fb2.zip</filename>
	<title>Кейт Эндрю. Сердце Тигра</title>
</book>
<book>
	<filename>keit_yendryu/keit_yendryu_shagai_ili_umri.fb2.zip</filename>
	<title>Кейт Эндрю. Шагай или умри</title>
</book>
<book>
	<filename>keiv_piter/keiv_piter_voina_na_ulicah.fb2.zip</filename>
	<title>Кейв Питер. Война на улицах</title>
</book>
<book>
	<filename>kei_yember/kei_yember_mest_i_lyubov.fb2.zip</filename>
	<title>Кей Эмбер. Месть и любовь</title>
</book>
<book>
	<filename>keiz_dzhon/keiz_dzhon_kod_bytiya.fb2.zip</filename>
	<title>Кейз Джон. Код Бытия</title>
</book>
<book>
	<filename>keiz_dzhon/keiz_dzhon_misteriya_ubiistva.fb2.zip</filename>
	<title>Кейз Джон. Мистерия убийства</title>
</book>
<book>
	<filename>keiz_dzhon/keiz_dzhon_pervyi_vsadnik.fb2.zip</filename>
	<title>Кейз Джон. Первый всадник</title>
</book>
<book>
	<filename>keiz_dzhon/keiz_dzhon_sindrom.fb2.zip</filename>
	<title>Кейз Джон. Синдром</title>
</book>
<book>
	<filename>keiz_dzhon/keiz_dzhon_vosmoi_den.fb2.zip</filename>
	<title>Кейз Джон. Восьмой день</title>
</book>
<book>
	<filename>keiz_yelizabet/keiz_yelizabet_negodnik.fb2.zip</filename>
	<title>Кейз Элизабет. Негодник</title>
</book>
<book>
	<filename>kek_dyevid/kek_dyevid_nebesnoe_oko.fb2.zip</filename>
	<title>Кек Дэвид. Небесное Око</title>
</book>
<book>
	<filename>kelleher_viktor/kelleher_viktor_brat_iz_carstva_nochi.fb2.zip</filename>
	<title>Келлехер Виктор. Брат из царства ночи</title>
</book>
<book>
	<filename>kelleher_viktor/kelleher_viktor_tancuyushii_v_ogne.fb2.zip</filename>
	<title>Келлехер Виктор. Танцующий в огне</title>
</book>
<book>
	<filename>kellerman_berngard/kellerman_berngard_bratya_shellenberg.fb2.zip</filename>
	<title>Келлерман Бернгард. Братья Шелленберг</title>
</book>
<book>
	<filename>kellerman_berngard/kellerman_berngard_gorod_anatol.fb2.zip</filename>
	<title>Келлерман Бернгард. Город Анатоль</title>
</book>
<book>
	<filename>kellerman_berngard/kellerman_berngard_syeng.fb2.zip</filename>
	<title>Келлерман Бернгард. Сэнг</title>
</book>
<book>
	<filename>kellerman_berngard/kellerman_berngard_tunnel.fb2.zip</filename>
	<title>Келлерман Бернгард. Туннель</title>
</book>
<book>
	<filename>kellerman_dzhonatan/kellerman_dzhonatan_chastnoe_rassledovanie.fb2.zip</filename>
	<title>Келлерман Джонатан. Частное расследование</title>
</book>
<book>
	<filename>kellerman_dzhonatan/kellerman_dzhonatan_doktor_smert.fb2.zip</filename>
	<title>Келлерман Джонатан. Доктор Смерть</title>
</book>
<book>
	<filename>kellerman_dzhonatan/kellerman_dzhonatan_dyavolskii_vals.fb2.zip</filename>
	<title>Келлерман Джонатан. Дьявольский вальс</title>
</book>
<book>
	<filename>kellerman_dzhonatan/kellerman_dzhonatan_ledyanoe_serdce.fb2.zip</filename>
	<title>Келлерман Джонатан. Ледяное сердце</title>
</book>
<book>
	<filename>kellerman_dzhonatan/kellerman_dzhonatan_plot_i_krov.fb2.zip</filename>
	<title>Келлерман Джонатан. Плоть и кровь</title>
</book>
<book>
	<filename>kellerman_dzhonatan/kellerman_dzhonatan_vyzhivaet_silneishii.fb2.zip</filename>
	<title>Келлерман Джонатан. Выживает сильнейший</title>
</book>
<book>
	<filename>kelli_dorsi/kelli_dorsi_partnery_lyubovniki_suprugi.fb2.zip</filename>
	<title>Келли Дорси. Партнеры? любовники? Супруги?</title>
</book>
<book>
	<filename>kelli_dzhoslin/kelli_dzhoslin_besstrashnyi_rycar.fb2.zip</filename>
	<title>Келли Джослин. Бесстрашный рыцарь</title>
</book>
<book>
	<filename>kelli_dzhoslin/kelli_dzhoslin_ledirycar.fb2.zip</filename>
	<title>Келли Джослин. Леди-рыцарь</title>
</book>
<book>
	<filename>kelli_dzhoslin/kelli_dzhoslin_lyubovcelitelnica.fb2.zip</filename>
	<title>Келли Джослин. Любовь-целительница</title>
</book>
<book>
	<filename>kelli_dzhoslin/kelli_dzhoslin_rycar_lunnogo_sveta.fb2.zip</filename>
	<title>Келли Джослин. Рыцарь лунного света</title>
</book>
<book>
	<filename>kelli_fiona/kelli_fiona_v_zapadne.fb2.zip</filename>
	<title>Келли Фиона. В западне</title>
</book>
<book>
	<filename>kelli_karen/kelli_karen_temperatura_povyshaetsya.fb2.zip</filename>
	<title>Келли Карен. Температура повышается</title>
</book>
<book>
	<filename>kelli_kristi/kelli_kristi_kazhdaya_noch_tvoya.fb2.zip</filename>
	<title>Келли Кристи. Каждая ночь – твоя</title>
</book>
<book>
	<filename>kelli_kyeti/kelli_kyeti_esli_zhenshina_hochet.fb2.zip</filename>
	<title>Келли Кэти. Если женщина хочет...</title>
</book>
<book>
	<filename>kelli_kyeti/kelli_kyeti_luchshie_podrugi.fb2.zip</filename>
	<title>Келли Кэти. Лучшие подруги</title>
</book>
<book>
	<filename>kelli_kyeti/kelli_kyeti_muzhchiny_svoi_i_chuzhie.fb2.zip</filename>
	<title>Келли Кэти. Мужчины свои и чужие</title>
</book>
<book>
	<filename>kelli_kyeti/kelli_kyeti_segodnya_i_vsegda.fb2.zip</filename>
	<title>Келли Кэти. Сегодня и всегда</title>
</book>
<book>
	<filename>kelli_robert/kelli_robert_lyudi_oblakov.fb2.zip</filename>
	<title>Келли Роберт. Люди облаков</title>
</book>
<book>
	<filename>kelli_sahara/kelli_sahara_madam_sharli.fb2.zip</filename>
	<title>Келли Сахара. Мадам Шарли</title>
</book>
<book>
	<filename>kelli_yelison/kelli_yelison_schaste_amandydzhein.fb2.zip</filename>
	<title>Келли Элисон. Счастье Аманды-Джейн</title>
</book>
<book>
	<filename>kellou_dzho/kellou_dzho_uskolzayushii_mirazh.fb2.zip</filename>
	<title>Келлоу Джо. Ускользающий мираж</title>
</book>
<book>
	<filename>kells_syuzanna/kells_syuzanna_poslednee_proshenie.fb2.zip</filename>
	<title>Келлс Сюзанна. Последнее прощение</title>
</book>
<book>
	<filename>kelman_daniyel/kelman_daniyel_kritika.fb2.zip</filename>
	<title>Кельман Даниэль. Критика</title>
</book>
<book>
	<filename>kelman_daniyel/kelman_daniyel_magiya_berholma.fb2.zip</filename>
	<title>Кельман Даниэль. Магия Берхольма</title>
</book>
<book>
	<filename>kelman_daniyel/kelman_daniyel_ograblenie_banka.fb2.zip</filename>
	<title>Кельман Даниэль. Ограбление банка</title>
</book>
<book>
	<filename>kelman_daniyel/kelman_daniyel_pod_solncem.fb2.zip</filename>
	<title>Кельман Даниэль. Под солнцем</title>
</book>
<book>
	<filename>kelman_daniyel/kelman_daniyel_post.fb2.zip</filename>
	<title>Кельман Даниэль. Пост</title>
</book>
<book>
	<filename>kelman_daniyel/kelman_daniyel_pyr.fb2.zip</filename>
	<title>Кельман Даниэль. PYR</title>
</book>
<book>
	<filename>kelman_daniyel/kelman_daniyel_razvyazka.fb2.zip</filename>
	<title>Кельман Даниэль. Развязка</title>
</book>
<book>
	<filename>kelman_daniyel/kelman_daniyel_sneg.fb2.zip</filename>
	<title>Кельман Даниэль. Снег</title>
</book>
<book>
	<filename>kelman_daniyel/kelman_daniyel_ubit.fb2.zip</filename>
	<title>Кельман Даниэль. Убить</title>
</book>
<book>
	<filename>kelman_daniyel/kelman_daniyel_vremya_malera.fb2.zip</filename>
	<title>Кельман Даниэль. Время Малера</title>
</book>
<book>
	<filename>kelman_dzheims/kelman_dzheims_perevod_pokazanii.fb2.zip</filename>
	<title>Келман Джеймс. Перевод показаний</title>
</book>
<book>
	<filename>kemden_patriciya/kemden_patriciya_obeshai_mne_chudo.fb2.zip</filename>
	<title>Кемден Патриция. Обещай мне чудо</title>
</book>
<book>
	<filename>kemden_patriciya/kemden_patriciya_rokovye_pocelui.fb2.zip</filename>
	<title>Кемден Патриция. Роковые поцелуи</title>
</book>
<book>
	<filename>kemden_patriciya/kemden_patriciya_zolotoi_plen.fb2.zip</filename>
	<title>Кемден Патриция. Золотой плен</title>
</book>
<book>
	<filename>kemerov_vyacheslav/kemerov_vyacheslav_vvedenie_v_socialnuyu_filosofiyu_uchebnik_dlya_vuzov.fb2.zip</filename>
	<title>Кемеров Вячеслав Евгеньевич. Введение в социальную философию: Учебник для вузов</title>
</book>
<book>
	<filename>kempbell_dzhon/kempbell_dzhon_kto_ty.fb2.zip</filename>
	<title>Кемпбелл Джон. Кто ты?</title>
</book>
<book>
	<filename>kempbell_robert/kempbell_robert_alisa_v_hulivude.fb2.zip</filename>
	<title>Кемпбелл Роберт. Алиса в Хуливуде</title>
</book>
<book>
	<filename>kempbell_robert/kempbell_robert_nam_ne_strashen_hulivud.fb2.zip</filename>
	<title>Кемпбелл Роберт. Нам не страшен Хуливуд</title>
</book>
<book>
	<filename>kempbell_robert/kempbell_robert_raschudesnyi_hulivud.fb2.zip</filename>
	<title>Кемпбелл Роберт. Расчудесный Хуливуд</title>
</book>
<book>
	<filename>kempbell_robert/kempbell_robert_volshebnik_hulivuda.fb2.zip</filename>
	<title>Кемпбелл Роберт. Волшебник Хуливуда</title>
</book>
<book>
	<filename>kendal_dzhuliya/kendal_dzhuliya_ne_zabyvai.fb2.zip</filename>
	<title>Кендал Джулия. Не забывай</title>
</book>
<book>
	<filename>kendal_dzhuliya/kendal_dzhuliya_portrety.fb2.zip</filename>
	<title>Кендал Джулия. Портреты</title>
</book>
<book>
	<filename>kendrik_shyeron/kendrik_shyeron_italyanskii_lyubovnik.fb2.zip</filename>
	<title>Кендрик Шэрон. Итальянский любовник</title>
</book>
<book>
	<filename>kendrik_shyeron/kendrik_shyeron_korolevskaya_lyubov.fb2.zip</filename>
	<title>Кендрик Шэрон. Королевская любовь</title>
</book>
<book>
	<filename>kendrik_shyeron/kendrik_shyeron_lyubovnica_po_kontraktu.fb2.zip</filename>
	<title>Кендрик Шэрон. Любовница по контракту</title>
</book>
<book>
	<filename>kendrik_shyeron/kendrik_shyeron_master_soblazna.fb2.zip</filename>
	<title>Кендрик Шэрон. Мастер соблазна</title>
</book>
<book>
	<filename>kendrik_shyeron/kendrik_shyeron_mest_cezarya.fb2.zip</filename>
	<title>Кендрик Шэрон. Месть Цезаря</title>
</book>
<book>
	<filename>kendrik_shyeron/kendrik_shyeron_nezhelannaya.fb2.zip</filename>
	<title>Кендрик Шэрон. Нежеланная</title>
</book>
<book>
	<filename>kendrik_shyeron/kendrik_shyeron_slishkom_krasiv_i_bogat.fb2.zip</filename>
	<title>Кендрик Шэрон. Слишком красив и богат</title>
</book>
<book>
	<filename>kendrik_shyeron/kendrik_shyeron_zhestokii_angel.fb2.zip</filename>
	<title>Кендрик Шэрон. Жестокий ангел</title>
</book>
<book>
	<filename>kenigsberger_gelmut/kenigsberger_gelmut_srednevekovaya_evropa_4001500_gody.fb2.zip</filename>
	<title>Кенигсбергер Гельмут. Средневековая Европа. 400-1500 годы</title>
</book>
<book>
	<filename>kennedi_bernardin/kennedi_bernardin_pohishennyi.fb2.zip</filename>
	<title>Кеннеди Бернардин. Похищенный</title>
</book>
<book>
	<filename>kennedi_kris/kennedi_kris_zhena_zavoevatelya.fb2.zip</filename>
	<title>Кеннеди Крис. Жена завоевателя</title>
</book>
<book>
	<filename>kennedi_uilyam/kennedi_uilyam_temnyi_priliv.fb2.zip</filename>
	<title>Кеннеди Уильям. Темный прилив</title>
</book>
<book>
	<filename>kenner_dzhuliya/kenner_dzhuliya_kod_givenchy.fb2.zip</filename>
	<title>Кеннер Джулия. Код Givenchy</title>
</book>
<book>
	<filename>kenner_dzhuliya/kenner_dzhuliya_matrica_manolo.fb2.zip</filename>
	<title>Кеннер Джулия. Матрица Manolo</title>
</book>
<book>
	<filename>kenni_duglas/kenni_duglas_toshnit_ot_kolec.fb2.zip</filename>
	<title>Кенни Дуглас К. Тошнит от колец</title>
</book>
<book>
	<filename>kenni_pol/kenni_pol_koplan_otkryvaet_ogon.fb2.zip</filename>
	<title>Кенни Поль. Коплан открывает огонь</title>
</book>
<book>
	<filename>kenni_pol/kenni_pol_koplan_popadaet_v_peklo.fb2.zip</filename>
	<title>Кенни Поль. Коплан попадает в пекло</title>
</book>
<book>
	<filename>kenni_pol/kenni_pol_koplan_seet_paniku.fb2.zip</filename>
	<title>Кенни Поль. Коплан сеет панику</title>
</book>
<book>
	<filename>kenni_pol/kenni_pol_mest_koplana.fb2.zip</filename>
	<title>Кенни Поль. Месть Коплана</title>
</book>
<book>
	<filename>kenni_pol/kenni_pol_molniya_v_vide_bukvy_z.fb2.zip</filename>
	<title>Кенни Поль. Молния в виде буквы "Z"</title>
</book>
<book>
	<filename>kenni_pol/kenni_pol_prishlite_fx18.fb2.zip</filename>
	<title>Кенни Поль. Пришлите FX-18</title>
</book>
<book>
	<filename>kenni_pol/kenni_pol_troinoe_ubiistvo_v_lurde.fb2.zip</filename>
	<title>Кенни Поль. Тройное убийство в Лурде</title>
</book>
<book>
	<filename>kenni_pol/kenni_pol_zasada_v_sumerkah.fb2.zip</filename>
	<title>Кенни Поль. Засада в сумерках</title>
</book>


</books>
