<?xml version="1.0" encoding="UTF-8" ?>
<books>
<book>
	<filename>leiker_rozalinda/leiker_rozalinda_attrakcion_lyubvi.fb2.zip</filename>
	<title>Лейкер Розалинда. Аттракцион любви</title>
</book>
<book>
	<filename>leiker_rozalinda/leiker_rozalinda_nezhdannaya_gostya.fb2.zip</filename>
	<title>Лейкер Розалинда. Нежданная гостья</title>
</book>
<book>
	<filename>leiker_rozalinda/leiker_rozalinda_plate_ot_fortuni.fb2.zip</filename>
	<title>Лейкер Розалинда. Платье от Фортуни</title>
</book>
<book>
	<filename>leiker_rozalinda/leiker_rozalinda_rozy_vo_ldah.fb2.zip</filename>
	<title>Лейкер Розалинда. Розы во льдах</title>
</book>
<book>
	<filename>leiker_rozalinda/leiker_rozalinda_saharnyi_pavilon.fb2.zip</filename>
	<title>Лейкер Розалинда. Сахарный павильон</title>
</book>
<book>
	<filename>leimbah_marti/leimbah_marti_umeret_molodym.fb2.zip</filename>
	<title>Леймбах Марти. Умереть молодым</title>
</book>
<book>
	<filename>lein_dzheims/lein_dzheims_odolzhi_mne_svoyu_zhenu.fb2.zip</filename>
	<title>Лейн Джеймс. Одолжи мне свою жену</title>
</book>
<book>
	<filename>leinster_myurrei/leinster_myurrei_danaicy_dary_prinosyashie.fb2.zip</filename>
	<title>Лейнстер Мюррей. Данайцы, дары приносящие</title>
</book>
<book>
	<filename>leinster_myurrei/leinster_myurrei_demonstrator_chetvertogo_izmereniya.fb2.zip</filename>
	<title>Лейнстер Мюррей. Демонстратор четвертого измерения</title>
</book>
<book>
	<filename>leinster_myurrei/leinster_myurrei_issledovatelskii_otryad.fb2.zip</filename>
	<title>Лейнстер Мюррей. Исследовательский отряд</title>
</book>
<book>
	<filename>leinster_myurrei/leinster_myurrei_kolonialnaya_sluzhba.fb2.zip</filename>
	<title>Лейнстер Мюррей. Колониальная служба</title>
</book>
<book>
	<filename>leinster_myurrei/leinster_myurrei_kosmicheskie_piraty.fb2.zip</filename>
	<title>Лейнстер Мюррей. Космические пираты</title>
</book>
<book>
	<filename>leinster_myurrei/leinster_myurrei_lentochka_na_nebosklone.fb2.zip</filename>
	<title>Лейнстер Мюррей. Ленточка на небосклоне</title>
</book>
<book>
	<filename>leinster_myurrei/leinster_myurrei_logicheskii_kompyuter_po_imeni_dzho.fb2.zip</filename>
	<title>Лейнстер Мюррей. Логический компьютер по имени Джо</title>
</book>
<book>
	<filename>leinster_myurrei/leinster_myurrei_monstr_s_kraya_sveta.fb2.zip</filename>
	<title>Лейнстер Мюррей. Монстр с края света</title>
</book>
<book>
	<filename>leinster_myurrei/leinster_myurrei_odinokaya_planeta.fb2.zip</filename>
	<title>Лейнстер Мюррей. Одинокая планета</title>
</book>
<book>
	<filename>leinster_myurrei/leinster_myurrei_oruzhie_mutant.fb2.zip</filename>
	<title>Лейнстер Мюррей. Оружие — мутант</title>
</book>
<book>
	<filename>leinster_myurrei/leinster_myurrei_pervyi_kontakt.fb2.zip</filename>
	<title>Лейнстер Мюррей. Первый контакт</title>
</book>
<book>
	<filename>leinster_myurrei/leinster_myurrei_piraty_zana.fb2.zip</filename>
	<title>Лейнстер Мюррей. Пираты Зана</title>
</book>
<book>
	<filename>leinster_myurrei/leinster_myurrei_planeta_na_karantine.fb2.zip</filename>
	<title>Лейнстер Мюррей. Планета на карантине</title>
</book>
<book>
	<filename>leinster_myurrei/leinster_myurrei_shahta_v_nebe.fb2.zip</filename>
	<title>Лейнстер Мюррей. Шахта в небе</title>
</book>
<book>
	<filename>leinster_myurrei/leinster_myurrei_sos_iz_treh_mirov.fb2.zip</filename>
	<title>Лейнстер Мюррей. SOS из трех миров</title>
</book>
<book>
	<filename>leinster_myurrei/leinster_myurrei_vtorzhenie.fb2.zip</filename>
	<title>Лейнстер Мюррей. Вторжение</title>
</book>
<book>
	<filename>leinster_myurrei/leinster_myurrei_yepidemiya_na_planete_kraider_ii.fb2.zip</filename>
	<title>Лейнстер Мюррей. Эпидемия на планете Крайдер II</title>
</book>
<book>
	<filename>leinster_myurrei/leinster_myurrei_yeticheskie_uravneniya.fb2.zip</filename>
	<title>Лейнстер Мюррей. Этические уравнения</title>
</book>
<book>
	<filename>leinster_myurrei/leinster_myurrei_zamochnaya_skvazhina.fb2.zip</filename>
	<title>Лейнстер Мюррей. Замочная скважина</title>
</book>
<book>
	<filename>leinster_myurrei/leinster_myurrei_zapretnyi_mir.fb2.zip</filename>
	<title>Лейнстер Мюррей. Запретный мир</title>
</book>
<book>
	<filename>leinster_myurrei/leinster_myurrei_zemlya_gigantov.fb2.zip</filename>
	<title>Лейнстер Мюррей. Земля гигантов</title>
</book>
<book>
	<filename>leinster_myurrei/leinster_myurrei_zvezdnyi_vrach.fb2.zip</filename>
	<title>Лейнстер Мюррей. Звездный врач</title>
</book>
<book>
	<filename>lein_yellison/lein_yellison_razorivshiisya_vikont.fb2.zip</filename>
	<title>Лейн Эллисон. Разорившийся виконт</title>
</book>
<book>
	<filename>lei_richard/lei_richard_svyashennaya_krov_i_svyashennyi_graal.fb2.zip</filename>
	<title>Лей Ричард. Священная кровь и священный грааль</title>
</book>
<book>
	<filename>lei_tamara/lei_tamara_molitva_lyubvi.fb2.zip</filename>
	<title>Лей Тамара. Молитва любви</title>
</book>
<book>
	<filename>lei_tamara/lei_tamara_plamya_strasti.fb2.zip</filename>
	<title>Лей Тамара. Пламя страсти</title>
</book>
<book>
	<filename>lei_tamara/lei_tamara_proklyatie_lyubvi.fb2.zip</filename>
	<title>Лей Тамара. Проклятие любви</title>
</book>
<book>
	<filename>lei_tamara/lei_tamara_zvezda_garema.fb2.zip</filename>
	<title>Лей Тамара. Звезда гарема</title>
</book>
<book>
	<filename>leitem_dzhuliya/leitem_dzhuliya_chest_rycarya.fb2.zip</filename>
	<title>Лейтем Джулия. Честь рыцаря</title>
</book>
<book>
	<filename>leitem_dzhuliya/leitem_dzhuliya_moi_edinstvennyi_rycar.fb2.zip</filename>
	<title>Лейтем Джулия. Мой единственный рыцарь</title>
</book>
<book>
	<filename>leitem_dzhuliya/leitem_dzhuliya_vybor_rycarya.fb2.zip</filename>
	<title>Лейтем Джулия. Выбор рыцаря</title>
</book>
<book>
	<filename>le_ivan/le_ivan_hmelnickii_kniga_pervaya.fb2.zip</filename>
	<title>Ле Иван. Хмельницкий. Книга первая</title>
</book>
<book>
	<filename>le_ivan/le_ivan_hmelnickii_kniga_tretya.fb2.zip</filename>
	<title>Ле Иван. Хмельницкий. Книга третья</title>
</book>
<book>
	<filename>le_ivan/le_ivan_hmelnickii_kniga_vtoraya.fb2.zip</filename>
	<title>Ле Иван. Хмельницкий. Книга вторая</title>
</book>
<book>
	<filename>lei_vendi/lei_vendi_arnold.fb2.zip</filename>
	<title>Лей Венди. Арнольд</title>
</book>
<book>
	<filename>le_karre_dzhon/le_karre_dzhon_dostopochtennyi_shkolyar.fb2.zip</filename>
	<title>Ле Карре Джон. Достопочтенный Школяр</title>
</book>
<book>
	<filename>le_karre_dzhon/le_karre_dzhon_komanda_smaili.fb2.zip</filename>
	<title>Ле Карре Джон. Команда Смайли</title>
</book>
<book>
	<filename>le_karre_dzhon/le_karre_dzhon_malenkaya_barabanshica.fb2.zip</filename>
	<title>Ле Карре Джон. Маленькая барабанщица</title>
</book>
<book>
	<filename>le_karre_dzhon/le_karre_dzhon_nochnoi_administrator.fb2.zip</filename>
	<title>Ле Карре Джон. Ночной администратор</title>
</book>
<book>
	<filename>le_karre_dzhon/le_karre_dzhon_portnoi_iz_panamy.fb2.zip</filename>
	<title>Ле Карре Джон. Портной из Панамы</title>
</book>
<book>
	<filename>le_karre_dzhon/le_karre_dzhon_russkii_dom.fb2.zip</filename>
	<title>Ле Карре Джон. Русский Дом</title>
</book>
<book>
	<filename>le_karre_dzhon/le_karre_dzhon_sekretnyi_piligrim.fb2.zip</filename>
	<title>Ле Карре Джон. Секретный пилигрим</title>
</book>
<book>
	<filename>le_karre_dzhon/le_karre_dzhon_shpion_vernuvshiisya_s_holoda.fb2.zip</filename>
	<title>Ле Карре Джон. Шпион, вернувшийся с холода</title>
</book>
<book>
	<filename>le_karre_dzhon/le_karre_dzhon_shpion_vyidi_von.fb2.zip</filename>
	<title>Ле Карре Джон. Шпион, выйди вон</title>
</book>
<book>
	<filename>le_karre_dzhon/le_karre_dzhon_singl_i_singl.fb2.zip</filename>
	<title>Ле Карре Джон. Сингл и Сингл</title>
</book>
<book>
	<filename>le_karre_dzhon/le_karre_dzhon_ubiistvo_podzhentlmenski.fb2.zip</filename>
	<title>Ле Карре Джон. Убийство по-джентльменски</title>
</book>
<book>
	<filename>le_karre_dzhon/le_karre_dzhon_vernyi_sadovnik.fb2.zip</filename>
	<title>Ле Карре Джон. Верный садовник</title>
</book>
<book>
	<filename>le_karre_dzhon/le_karre_dzhon_v_odnom_nemeckom_gorodke.fb2.zip</filename>
	<title>Ле Карре Джон. В одном немецком городке</title>
</book>
<book>
	<filename>le_karre_dzhon/le_karre_dzhon_voina_v_zazerkale.fb2.zip</filename>
	<title>Ле Карре Джон. Война в Зазеркалье</title>
</book>
<book>
	<filename>le_karre_dzhon/le_karre_dzhon_zvonok_pokoiniku_zvonok_mertveca.fb2.zip</filename>
	<title>Ле Карре Джон. Звонок покойнику (Звонок мертвеца)</title>
</book>
<book>
	<filename>lekler_dyei/lekler_dyei_derzkaya_zateya.fb2.zip</filename>
	<title>Леклер Дэй. Дерзкая затея</title>
</book>
<book>
	<filename>lekler_dyei/lekler_dyei_divnyi_sad_lyubvi.fb2.zip</filename>
	<title>Леклер Дэй. Дивный сад любви</title>
</book>
<book>
	<filename>lekler_dyei/lekler_dyei_dorozhe_vseh_sokrovish.fb2.zip</filename>
	<title>Леклер Дэй. Дороже всех сокровищ</title>
</book>
<book>
	<filename>lekler_dyei/lekler_dyei_karera_net_luchshe_lyubov.fb2.zip</filename>
	<title>Леклер Дэй. Карьера? Нет, лучше любовь!</title>
</book>
<book>
	<filename>lekler_dyei/lekler_dyei_korolevskie_ametisty.fb2.zip</filename>
	<title>Леклер Дэй. Королевские аметисты</title>
</book>
<book>
	<filename>lekler_dyei/lekler_dyei_lyubimyi_moi.fb2.zip</filename>
	<title>Леклер Дэй. Любимый мой</title>
</book>
<book>
	<filename>lekler_dyei/lekler_dyei_lyubov_i_biznes.fb2.zip</filename>
	<title>Леклер Дэй. Любовь и бизнес</title>
</book>
<book>
	<filename>lekler_dyei/lekler_dyei_na_tom_konce_radugi.fb2.zip</filename>
	<title>Леклер Дэй. На том конце радуги</title>
</book>
<book>
	<filename>lekler_dyei/lekler_dyei_primu_tvoyu_lyubov.fb2.zip</filename>
	<title>Леклер Дэй. Приму твою любовь</title>
</book>
<book>
	<filename>lekler_dyei/lekler_dyei_rodstvennye_dushi.fb2.zip</filename>
	<title>Леклер Дэй. Родственные души</title>
</book>
<book>
	<filename>lekler_dyei/lekler_dyei_rog_izobiliya.fb2.zip</filename>
	<title>Леклер Дэй. Рог изобилия</title>
</book>
<book>
	<filename>lekler_dyei/lekler_dyei_ryzhevolosaya_bestiya.fb2.zip</filename>
	<title>Леклер Дэй. Рыжеволосая бестия</title>
</book>
<book>
	<filename>lekler_dyei/lekler_dyei_serdce_dante.fb2.zip</filename>
	<title>Леклер Дэй. Сердце Данте</title>
</book>
<book>
	<filename>lekler_dyei/lekler_dyei_ukradennaya_nevesta.fb2.zip</filename>
	<title>Леклер Дэй. Украденная невеста</title>
</book>
<book>
	<filename>lekler_dyei/lekler_dyei_ukradennaya_noch.fb2.zip</filename>
	<title>Леклер Дэй. Украденная ночь</title>
</book>
<book>
	<filename>lekler_dyei/lekler_dyei_vlyublen_i_ochen_opasen.fb2.zip</filename>
	<title>Леклер Дэй. Влюблен и очень опасен</title>
</book>
<book>
	<filename>lekler_dyei/lekler_dyei_vspomni_tu_noch.fb2.zip</filename>
	<title>Леклер Дэй. Вспомни ту ночь</title>
</book>
<book>
	<filename>leklezio_zhanmari/leklezio_zhanmari_diego_i_frida.fb2.zip</filename>
	<title>Леклезио Жан-Мари. Диего и Фрида</title>
</book>
<book>
	<filename>leks_alen/leks_alen_levyi_glaz_drakona.fb2.zip</filename>
	<title>Лекс Ален. Левый глаз дракона</title>
</book>
<book>
	<filename>leks_alen/leks_alen_pravyi_glaz_drakona.fb2.zip</filename>
	<title>Лекс Ален. Правый глаз дракона</title>
</book>
<book>
	<filename>leks_alen/leks_alen_tainy_seryh_khorov.fb2.zip</filename>
	<title>Лекс Ален. Тайны серых кхоров</title>
</book>
<book>
	<filename>leks_alen/leks_alen_tretii_glaz_drakona.fb2.zip</filename>
	<title>Лекс Ален. Третий глаз дракона</title>
</book>
<book>
	<filename>lelyu_toma/lelyu_toma_menya_zovut_zhann_mass.fb2.zip</filename>
	<title>Лелю Тома. Меня зовут Жанн Масс</title>
</book>
<book>
	<filename>lemann_kristina/lemann_kristina_razluchnica.fb2.zip</filename>
	<title>Леманн Кристина. Разлучница</title>
</book>
<book>
	<filename>lem_stanislav/lem_stanislav_137_sekund.fb2.zip</filename>
	<title>Лем Станислав. 137 секунд</title>
</book>
<book>
	<filename>lem_stanislav/lem_stanislav_albatros.fb2.zip</filename>
	<title>Лем Станислав. Альбатрос</title>
</book>
<book>
	<filename>lem_stanislav/lem_stanislav_ananke.fb2.zip</filename>
	<title>Лем Станислав. Ананке</title>
</book>
<book>
	<filename>lem_stanislav/lem_stanislav_astronavty.fb2.zip</filename>
	<title>Лем Станислав. Астронавты</title>
</book>
<book>
	<filename>lem_stanislav/lem_stanislav_avtointervyu.fb2.zip</filename>
	<title>Лем Станислав. Автоинтервью</title>
</book>
<book>
	<filename>lem_stanislav/lem_stanislav_doznanie.fb2.zip</filename>
	<title>Лем Станислав. Дознание</title>
</book>
<book>
	<filename>lem_stanislav/lem_stanislav_drug.fb2.zip</filename>
	<title>Лем Станислав. Друг</title>
</book>
<book>
	<filename>lem_stanislav/lem_stanislav_fiasko.fb2.zip</filename>
	<title>Лем Станислав. Фиаско</title>
</book>
<book>
	<filename>lem_stanislav/lem_stanislav_formula_limfatera.fb2.zip</filename>
	<title>Лем Станислав. Формула Лимфатера</title>
</book>
<book>
	<filename>lem_stanislav/lem_stanislav_futurologicheskii_kongress.fb2.zip</filename>
	<title>Лем Станислав. Футурологический конгресс</title>
</book>
<book>
	<filename>lem_stanislav/lem_stanislav_golos_neba.fb2.zip</filename>
	<title>Лем Станислав. Голос неба</title>
</book>
<book>
	<filename>lem_stanislav/lem_stanislav_ispytanie.fb2.zip</filename>
	<title>Лем Станислав. Испытание</title>
</book>
<book>
	<filename>lem_stanislav/lem_stanislav_krysa_v_labirinte.fb2.zip</filename>
	<title>Лем Станислав. Крыса в лабиринте</title>
</book>
<book>
	<filename>lem_stanislav/lem_stanislav_lunnaya_noch.fb2.zip</filename>
	<title>Лем Станислав. Лунная ночь</title>
</book>
<book>
	<filename>lem_stanislav/lem_stanislav_magellanovo_oblako.fb2.zip</filename>
	<title>Лем Станислав. Магелланово Облако</title>
</book>
<book>
	<filename>lem_stanislav/lem_stanislav_maska.fb2.zip</filename>
	<title>Лем Станислав. Маска</title>
</book>
<book>
	<filename>lem_stanislav/lem_stanislav_megabitovaya_bomba.fb2.zip</filename>
	<title>Лем Станислав. Мегабитовая бомба</title>
</book>
<book>
	<filename>lem_stanislav/lem_stanislav_mir_na_zemle.fb2.zip</filename>
	<title>Лем Станислав. Мир на Земле</title>
</book>
<book>
	<filename>lem_stanislav/lem_stanislav_molot.fb2.zip</filename>
	<title>Лем Станислав. Молот</title>
</book>
<book>
	<filename>lem_stanislav/lem_stanislav_nepobedimyi.fb2.zip</filename>
	<title>Лем Станислав. Непобедимый</title>
</book>
<book>
	<filename>lem_stanislav/lem_stanislav_neschastnyi_sluchai.fb2.zip</filename>
	<title>Лем Станислав. Несчастный случай</title>
</book>
<book>
	<filename>lem_stanislav/lem_stanislav_ohota_na_syetavra.fb2.zip</filename>
	<title>Лем Станислав. Охота на Сэтавра</title>
</book>
<book>
	<filename>lem_stanislav/lem_stanislav_osmotr_na_meste.fb2.zip</filename>
	<title>Лем Станислав. Осмотр на месте</title>
</book>
<book>
	<filename>lem_stanislav/lem_stanislav_patrul.fb2.zip</filename>
	<title>Лем Станислав. Патруль</title>
</book>
<book>
	<filename>lem_stanislav/lem_stanislav_rasskaz_pirksa.fb2.zip</filename>
	<title>Лем Станислав. Рассказ Пиркса</title>
</book>
<book>
	<filename>lem_stanislav/lem_stanislav_solyaris.fb2.zip</filename>
	<title>Лем Станислав. Солярис</title>
</book>
<book>
	<filename>lem_stanislav/lem_stanislav_summa_tehnologii.fb2.zip</filename>
	<title>Лем Станислав. Сумма технологии</title>
</book>
<book>
	<filename>lem_stanislav/lem_stanislav_sushestvuete_li_vy_mister_dzhons.fb2.zip</filename>
	<title>Лем Станислав. Существуете ли вы, мистер Джонс?</title>
</book>
<book>
	<filename>lem_stanislav/lem_stanislav_temnota_i_plesen.fb2.zip</filename>
	<title>Лем Станислав. Темнота и плесень</title>
</book>
<book>
	<filename>lem_stanislav/lem_stanislav_terminus.fb2.zip</filename>
	<title>Лем Станислав. Терминус</title>
</book>
<book>
	<filename>lem_stanislav/lem_stanislav_uslovnyi_refleks.fb2.zip</filename>
	<title>Лем Станислав. Условный рефлекс</title>
</book>
<book>
	<filename>lem_stanislav/lem_stanislav_vospominaniya_iiona_tihogo.fb2.zip</filename>
	<title>Лем Станислав. Воспоминания Ийона Тихого</title>
</book>
<book>
	<filename>lem_stanislav/lem_stanislav_vozvrashenie_so_zvezd.fb2.zip</filename>
	<title>Лем Станислав. Возвращение со звезд</title>
</book>
<book>
	<filename>lem_stanislav/lem_stanislav_vtorzhenie.fb2.zip</filename>
	<title>Лем Станислав. Вторжение</title>
</book>
<book>
	<filename>lem_stanislav/lem_stanislav_vtorzhenie_s_aldebarana.fb2.zip</filename>
	<title>Лем Станислав. Вторжение с Альдебарана</title>
</book>
<book>
	<filename>lem_stanislav/lem_stanislav_vysokii_zamok.fb2.zip</filename>
	<title>Лем Станислав. Высокий замок</title>
</book>
<book>
	<filename>lem_stanislav/lem_stanislav_yedem.fb2.zip</filename>
	<title>Лем Станислав. Эдем</title>
</book>
<book>
	<filename>lem_stanislav/lem_stanislav_zvezdnye_dnevniki_iiona_tihogo.fb2.zip</filename>
	<title>Лем Станислав. Звездные дневники Ийона Тихого</title>
</book>
<book>
	<filename>lenc_zigfrid/lenc_zigfrid_byuro_nahodok.fb2.zip</filename>
	<title>Ленц Зигфрид. Бюро находок</title>
</book>
<book>
	<filename>lene_paskal/lene_paskal_anais.fb2.zip</filename>
	<title>Лене Паскаль. Анаис</title>
</book>
<book>
	<filename>lene_paskal/lene_paskal_poslednyaya_lyubov_kazanovy.fb2.zip</filename>
	<title>Лене Паскаль. Последняя любовь Казановы</title>
</book>
<book>
	<filename>lene_paskal/lene_paskal_proshalnyi_uzhin.fb2.zip</filename>
	<title>Лене Паскаль. Прощальный ужин</title>
</book>
<book>
	<filename>lenhoff_linda/lenhoff_linda_zhizn_a_la_mode.fb2.zip</filename>
	<title>Ленхофф Линда. Жизнь à la mode</title>
</book>
<book>
	<filename>lenina_lena/lenina_lena_multimillionaires.fb2.zip</filename>
	<title>Ленина Лена. MultiMillionaires</title>
</book>
<book>
	<filename>lenin_vladimir/lenin_vladimir_bolsheviki_dolzhny_vzyat_vlast.fb2.zip</filename>
	<title>Ленин Владимир Ильич. Большевики должны взять власть</title>
</book>
<book>
	<filename>lenin_vladimir/lenin_vladimir_chetyre_raboty_o_marksizme.fb2.zip</filename>
	<title>Ленин Владимир Ильич. Четыре работы о марксизме</title>
</book>
<book>
	<filename>lenin_vladimir/lenin_vladimir_dialektika_stakana.fb2.zip</filename>
	<title>Ленин Владимир Ильич. Диалектика стакана</title>
</book>
<book>
	<filename>lenin_vladimir/lenin_vladimir_gosudarstvo_i_revolyuciya.fb2.zip</filename>
	<title>Ленин Владимир Ильич. Государство и революция</title>
</book>
<book>
	<filename>lenin_vladimir/lenin_vladimir_imperializm_kak_vysshaya_stadiya_kapitalizma.fb2.zip</filename>
	<title>Ленин Владимир Ильич. Империализм, как высшая стадия капитализма</title>
</book>
<book>
	<filename>lenin_vladimir/lenin_vladimir_marksizm_i_vosstanie.fb2.zip</filename>
	<title>Ленин Владимир Ильич. Марксизм и восстание</title>
</book>
<book>
	<filename>lenin_vladimir/lenin_vladimir_o_dvoevlastii.fb2.zip</filename>
	<title>Ленин Владимир Ильич. О двоевластии</title>
</book>
<book>
	<filename>lenin_vladimir/lenin_vladimir_o_zadachah_proletariata_v_dannoi_revolyucii_aprelskie_tezisy.fb2.zip</filename>
	<title>Ленин Владимир Ильич. О задачах пролетариата в данной революции (Апрельские тезисы)</title>
</book>
<book>
	<filename>lenin_vladimir/lenin_vladimir_sovety_postoronnego.fb2.zip</filename>
	<title>Ленин Владимир Ильич. Советы постороннего</title>
</book>
<book>
	<filename>lenin_vladimir/lenin_vladimir_zadachi_otryadov_revolyucionnoi_armii.fb2.zip</filename>
	<title>Ленин Владимир Ильич. Задачи отрядов революционной армии</title>
</book>
<book>
	<filename>lennoks_marion/lennoks_marion_pyat_slagaemyh_schastya.fb2.zip</filename>
	<title>Леннокс Марион. Пять слагаемых счастья</title>
</book>
<book>
	<filename>lennoks_uinifred/lennoks_uinifred_duyet_serdca_i_saksofona.fb2.zip</filename>
	<title>Леннокс Уинифред. Дуэт сердца и саксофона</title>
</book>
<book>
	<filename>lennoks_uinifred/lennoks_uinifred_polnochnoe_priznanie.fb2.zip</filename>
	<title>Леннокс Уинифред. Полночное признание</title>
</book>
<book>
	<filename>lennon_dzhon/lennon_dzhon_pishu_kak_pishetsya.fb2.zip</filename>
	<title>Леннон Джон. Пишу, как пишется</title>
</book>
<book>
	<filename>lennrut_lars/lennrut_lars_drevnost_i_srednevekove_teksty_rodovogo_obshestva.fb2.zip</filename>
	<title>Леннрут Ларс. Древность и Средневековье. Тексты родового общества</title>
</book>
<book>
	<filename>lenskii_vladimir/lenskii_vladimir_proklyatie_sumerek.fb2.zip</filename>
	<title>Ленский Владимир. Проклятие сумерек</title>
</book>
<book>
	<filename>lenskii_vladimir/lenskii_vladimir_prorochestvo_dvuh_lun.fb2.zip</filename>
	<title>Ленский Владимир. Пророчество Двух Лун</title>
</book>
<book>
	<filename>lenskii_vladimir/lenskii_vladimir_prozrachnyi_starik_i_slepaya_devushka.fb2.zip</filename>
	<title>Ленский Владимир. Прозрачный старик и слепая девушка</title>
</book>
<book>
	<filename>lenskii_vladimir/lenskii_vladimir_stranniki_mezhdu_mirami.fb2.zip</filename>
	<title>Ленский Владимир. Странники между мирами</title>
</book>
<book>
	<filename>lenuar_frederik/lenuar_frederik_prorochestvo_luny.fb2.zip</filename>
	<title>Ленуар Фредерик. Пророчество Луны</title>
</book>
<book>
	<filename>leonard_yelmor/leonard_yelmor_bandity.fb2.zip</filename>
	<title>Леонард Элмор. Бандиты</title>
</book>
<book>
	<filename>leonard_yelmor/leonard_yelmor_bez_pravil.fb2.zip</filename>
	<title>Леонард Элмор. Без правил</title>
</book>
<book>
	<filename>leonard_yelmor/leonard_yelmor_bud_krutym.fb2.zip</filename>
	<title>Леонард Элмор. Будь крутым</title>
</book>
<book>
	<filename>leonard_yelmor/leonard_yelmor_killer.fb2.zip</filename>
	<title>Леонард Элмор. Киллер</title>
</book>
<book>
	<filename>leonard_yelmor/leonard_yelmor_kontrakt_s_korotyshkoi.fb2.zip</filename>
	<title>Леонард Элмор. Контракт с коротышкой</title>
</book>
<book>
	<filename>leonard_yelmor/leonard_yelmor_la_brava.fb2.zip</filename>
	<title>Леонард Элмор. Ла Брава</title>
</book>
<book>
	<filename>leonard_yelmor/leonard_yelmor_nebesa_podozhdut.fb2.zip</filename>
	<title>Леонард Элмор. Небеса подождут</title>
</book>
<book>
	<filename>leonard_yelmor/leonard_yelmor_ogon_v_nore.fb2.zip</filename>
	<title>Леонард Элмор. Огонь в норе</title>
</book>
<book>
	<filename>leonard_yelmor/leonard_yelmor_pod_pricelom.fb2.zip</filename>
	<title>Леонард Элмор. Под прицелом</title>
</book>
<book>
	<filename>leonard_yelmor/leonard_yelmor_pronto.fb2.zip</filename>
	<title>Леонард Элмор. Пронто</title>
</book>
<book>
	<filename>leonard_yelmor/leonard_yelmor_romovyi_punsh.fb2.zip</filename>
	<title>Леонард Элмор. Ромовый пунш</title>
</book>
<book>
	<filename>leon_donna/leon_donna_neizvestnyi_venecianec.fb2.zip</filename>
	<title>Леон Донна. Неизвестный венецианец</title>
</book>
<book>
	<filename>leon_donna/leon_donna_schet_povenecianski.fb2.zip</filename>
	<title>Леон Донна. Счет по-венециански</title>
</book>
<book>
	<filename>leon_donna/leon_donna_smert_v_la_feniche.fb2.zip</filename>
	<title>Леон Донна. Смерть в «Ла Фениче»</title>
</book>
<book>
	<filename>leon_donna/leon_donna_vysokaya_voda.fb2.zip</filename>
	<title>Леон Донна. Высокая вода</title>
</book>
<book>
	<filename>leonenkov_aleksandr/leonenkov_aleksandr_samouchitel_uml.fb2.zip</filename>
	<title>Леоненков Александр Васильевич. Самоучитель UML</title>
</book>
<book>
	<filename>leongard_karl/leongard_karl_akcentuirovannye_lichnosti.fb2.zip</filename>
	<title>Леонгард Карл. Акцентуированные личности</title>
</book>
<book>
	<filename>leonov_aleksei/leonov_aleksei_im_ne_hvatilo_dvuh_sekund_poslednii_polet_yu_gagarina_i_v_seregina.fb2.zip</filename>
	<title>Леонов Алексей Архипович. Им не хватило двух секунд… Последний полет Ю. Гагарина и В. Серегина</title>
</book>
<book>
	<filename>leonov_evgenii/leonov_evgenii_pisma_synu.fb2.zip</filename>
	<title>Леонов Евгений Павлович. Письма сыну</title>
</book>
<book>
	<filename>leonov_leonid/leonov_leonid_begstvo_mistera_makkinli.fb2.zip</filename>
	<title>Леонов Леонид. Бегство мистера Мак-Кинли</title>
</book>
<book>
	<filename>leonov_leonid/leonov_leonid_piramida_t1.fb2.zip</filename>
	<title>Леонов Леонид. Пирамида. Т.1</title>
</book>
<book>
	<filename>leonov_leonid/leonov_leonid_piramida_t2.fb2.zip</filename>
	<title>Леонов Леонид. Пирамида. Т.2</title>
</book>
<book>
	<filename>leonov_leonid/leonov_leonid_russkii_les.fb2.zip</filename>
	<title>Леонов Леонид. Русский лес</title>
</book>
<book>
	<filename>leonov_leonid/leonov_leonid_vor.fb2.zip</filename>
	<title>Леонов Леонид Максимович. Вор</title>
</book>
<book>
	<filename>leonov_nikolai/leonov_nikolai_agoniya.fb2.zip</filename>
	<title>Леонов Николай. Агония</title>
</book>
<book>
	<filename>leonov_nikolai/leonov_nikolai_besplatnyh_pirozhnyh_ne_byvaet.fb2.zip</filename>
	<title>Леонов Николай. Бесплатных пирожных не бывает!</title>
</book>
<book>
	<filename>leonov_nikolai/leonov_nikolai_bespredel.fb2.zip</filename>
	<title>Леонов Николай. Беспредел</title>
</book>
<book>
	<filename>leonov_nikolai/leonov_nikolai_brosok_kobry.fb2.zip</filename>
	<title>Леонов Николай. Бросок кобры</title>
</book>
<book>
	<filename>leonov_nikolai/leonov_nikolai_dengi_ili_zakon.fb2.zip</filename>
	<title>Леонов Николай. Деньги или закон</title>
</book>
<book>
	<filename>leonov_nikolai/leonov_nikolai_dyavol_v_rayu.fb2.zip</filename>
	<title>Леонов Николай. Дьявол в раю</title>
</book>
<book>
	<filename>leonov_nikolai/leonov_nikolai_eshe_ne_vecher.fb2.zip</filename>
	<title>Леонов Николай. Еще не вечер</title>
</book>
<book>
	<filename>leonov_nikolai/leonov_nikolai_fidel_kastro_politicheskaya_biografiya.fb2.zip</filename>
	<title>Леонов Николай. Фидель Кастро. Политическая биография</title>
</book>
<book>
	<filename>leonov_nikolai/leonov_nikolai_korrupciya.fb2.zip</filename>
	<title>Леонов Николай. Коррупция</title>
</book>
<book>
	<filename>leonov_nikolai/leonov_nikolai_kozyrnye_valety.fb2.zip</filename>
	<title>Леонов Николай. Козырные валеты</title>
</book>
<book>
	<filename>leonov_nikolai/leonov_nikolai_krov_alaya.fb2.zip</filename>
	<title>Леонов Николай. Кровь алая</title>
</book>
<book>
	<filename>leonov_nikolai/leonov_nikolai_lovushka.fb2.zip</filename>
	<title>Леонов Николай. Ловушка</title>
</book>
<book>
	<filename>leonov_nikolai/leonov_nikolai_ment_poganyi.fb2.zip</filename>
	<title>Леонов Николай. Мент поганый</title>
</book>
<book>
	<filename>leonov_nikolai/leonov_nikolai_mshenie_spravedlivo.fb2.zip</filename>
	<title>Леонов Николай. Мщение справедливо</title>
</book>
<book>
	<filename>leonov_nikolai/leonov_nikolai_my_s_toboi_odnoi_krovi.fb2.zip</filename>
	<title>Леонов Николай. Мы с тобой одной крови</title>
</book>
<book>
	<filename>leonov_nikolai/leonov_nikolai_naemnyi_ubiica.fb2.zip</filename>
	<title>Леонов Николай. Наемный убийца</title>
</book>
<book>
	<filename>leonov_nikolai/leonov_nikolai_narkomafiya.fb2.zip</filename>
	<title>Леонов Николай. Наркомафия</title>
</book>
<book>
	<filename>leonov_nikolai/leonov_nikolai_obrechen_na_pobedu.fb2.zip</filename>
	<title>Леонов Николай. Обречен на победу</title>
</book>
<book>
	<filename>leonov_nikolai/leonov_nikolai_pir_vo_vremya_chumy.fb2.zip</filename>
	<title>Леонов Николай. Пир во время чумы</title>
</book>
<book>
	<filename>leonov_nikolai/leonov_nikolai_plata_za_zhizn.fb2.zip</filename>
	<title>Леонов Николай. Плата за жизнь</title>
</book>
<book>
	<filename>leonov_nikolai/leonov_nikolai_pocherk_palacha.fb2.zip</filename>
	<title>Леонов Николай. Почерк палача</title>
</book>
<book>
	<filename>leonov_nikolai/leonov_nikolai_professionaly.fb2.zip</filename>
	<title>Леонов Николай. Профессионалы</title>
</book>
<book>
	<filename>leonov_nikolai/leonov_nikolai_shakaly.fb2.zip</filename>
	<title>Леонов Николай. Шакалы</title>
</book>
<book>
	<filename>leonov_nikolai/leonov_nikolai_smert_v_pryamom_yefire.fb2.zip</filename>
	<title>Леонов Николай. Смерть в прямом эфире</title>
</book>
<book>
	<filename>leonov_nikolai/leonov_nikolai_stervyatniki.fb2.zip</filename>
	<title>Леонов Николай. Стервятники</title>
</book>
<book>
	<filename>leonov_nikolai/leonov_nikolai_traktir_na_pyatnickoi.fb2.zip</filename>
	<title>Леонов Николай. Трактир на Пятницкой</title>
</book>
<book>
	<filename>leonov_nikolai/leonov_nikolai_udachi_tebe_syshik.fb2.zip</filename>
	<title>Леонов Николай. Удачи тебе, сыщик!</title>
</book>
<book>
	<filename>leonov_nikolai/leonov_nikolai_volchii_bilet.fb2.zip</filename>
	<title>Леонов Николай. Волчий билет</title>
</book>
<book>
	<filename>leonov_nikolai/leonov_nikolai_vystrel_v_spinu.fb2.zip</filename>
	<title>Леонов Николай. Выстрел в спину</title>
</book>
<book>
	<filename>leonov_nikolai/leonov_nikolai_yavka_s_povinnoi.fb2.zip</filename>
	<title>Леонов Николай. Явка с повинной</title>
</book>
<book>
	<filename>leonov_nikolai/leonov_nikolai_zashita_gurova.fb2.zip</filename>
	<title>Леонов Николай. Защита Гурова</title>
</book>
<book>
	<filename>leonov_vasilii/leonov_vasilii_rabota_nad_oshibkami.fb2.zip</filename>
	<title>Леонов Василий Севостьянович. Работа над ошибками</title>
</book>
<book>
	<filename>leontev_a/leontev_a_deyatelnost_soznanie_lichnost.fb2.zip</filename>
	<title>Леонтьев А. Деятельность. Сознание. Личность</title>
</book>
<book>
	<filename>leontev_b/leontev_b_gps_vse_chto_vy_hoteli_znat_no_boyalis_sprosit.fb2.zip</filename>
	<title>Леонтьев Б. К. GPS: Все, что Вы хотели знать, но боялись спросить</title>
</book>
<book>
	<filename>leontev_b/leontev_b_sekrety_skanirovaniya_na_pk.fb2.zip</filename>
	<title>Леонтьев Б. К. Секреты сканирования на ПК</title>
</book>
<book>
	<filename>leontev_boris/leontev_boris_triumf_velikogo_kombinatora_ili_vozvrashenie_ostapa_bendera.fb2.zip</filename>
	<title>Леонтьев Борис. Триумф великого комбинатора, или Возвращение Остапа Бендера</title>
</book>
<book>
	<filename>lepellete_yedmon/lepellete_yedmon_favoritka_napoleona.fb2.zip</filename>
	<title>Лепеллетье Эдмон. Фаворитка Наполеона</title>
</book>
<book>
	<filename>lepellete_yedmon/lepellete_yedmon_kapitan_napoleon.fb2.zip</filename>
	<title>Лепеллетье Эдмон. Капитан Наполеон</title>
</book>
<book>
	<filename>lepellete_yedmon/lepellete_yedmon_kovarstvo_mariiluizy.fb2.zip</filename>
	<title>Лепеллетье Эдмон. Коварство Марии-Луизы</title>
</book>
<book>
	<filename>lepellete_yedmon/lepellete_yedmon_muchenik_anglichan.fb2.zip</filename>
	<title>Лепеллетье Эдмон. Мученик англичан</title>
</book>
<book>
	<filename>lepellete_yedmon/lepellete_yedmon_naslednik_velikoi_francii.fb2.zip</filename>
	<title>Лепеллетье Эдмон. Наследник великой Франции</title>
</book>
<book>
	<filename>lepellete_yedmon/lepellete_yedmon_prachkagercoginya.fb2.zip</filename>
	<title>Лепеллетье Эдмон. Прачка-герцогиня</title>
</book>
<book>
	<filename>lepellete_yedmon/lepellete_yedmon_put_k_slave.fb2.zip</filename>
	<title>Лепеллетье Эдмон. Путь к славе</title>
</book>
<book>
	<filename>lepellete_yedmon/lepellete_yedmon_rimskii_korol.fb2.zip</filename>
	<title>Лепеллетье Эдмон. Римский король</title>
</book>
<book>
	<filename>lepellete_yedmon/lepellete_yedmon_shpion_imperatora.fb2.zip</filename>
	<title>Лепеллетье Эдмон. Шпион императора</title>
</book>
<book>
	<filename>lepellete_yedmon/lepellete_yedmon_taina_napoleona.fb2.zip</filename>
	<title>Лепеллетье Эдмон. Тайна Наполеона</title>
</book>
<book>
	<filename>lerinc_laslo/lerinc_laslo_podzemnaya_piramida.fb2.zip</filename>
	<title>Леринц Ласло Л. Подземная пирамида</title>
</book>
<book>
	<filename>lermontov_mihail/lermontov_mihail_demon.fb2.zip</filename>
	<title>Лермонтов Михаил Юрьевич. Демон</title>
</book>
<book>
	<filename>lermontov_mihail/lermontov_mihail_geroi_nashego_vremeni.fb2.zip</filename>
	<title>Лермонтов Михаил Юрьевич. Герой нашего времени</title>
</book>
<book>
	<filename>lermontov_mihail/lermontov_mihail_maskarad.fb2.zip</filename>
	<title>Лермонтов Михаил Юрьевич. Маскарад</title>
</book>
<book>
	<filename>lermontov_mihail/lermontov_mihail_mcyri.fb2.zip</filename>
	<title>Лермонтов Михаил Юрьевич. Мцыри</title>
</book>
<book>
	<filename>lermontov_mihail/lermontov_mihail_stihotvoreniya.fb2.zip</filename>
	<title>Лермонтов Михаил Юрьевич. Стихотворения</title>
</book>
<book>
	<filename>lermontov_vladimir/lermontov_vladimir_delfaniya.fb2.zip</filename>
	<title>Лермонтов Владимир Юрьевич. Дельфания</title>
</book>
<book>
	<filename>lermontov_vladimir/lermontov_vladimir_prazdnik_navsegda.fb2.zip</filename>
	<title>Лермонтов Владимир Юрьевич. Праздник навсегда!</title>
</book>
<book>
	<filename>lerua_irvin/lerua_irvin_krovavyi_cneg.fb2.zip</filename>
	<title>Леруа Ирвин. Кровавый cнег</title>
</book>
<book>
	<filename>leru_gaston/leru_gaston_duhi_damy_v_chernom.fb2.zip</filename>
	<title>Леру Гастон. Духи дамы в черном</title>
</book>
<book>
	<filename>leru_gaston/leru_gaston_prizrak_opery.fb2.zip</filename>
	<title>Леру Гастон. Призрак оперы</title>
</book>

</books>

