<?xml version="1.0" encoding="UTF-8" ?>
<books>

<book>
	<author>Угрюмов В</author>
	<title>Дикий и Зверь</title>
	<filename>UGRUMOW/dikij.txt</filename>
</book>
<book>
	<author>Эко У</author>
	<title>Заметки на полях "Имени розы"</title>
	<filename>UMBEKO/ekopolo.txt</filename>
</book>
<book>
	<author>Эко Л М и У</author>
	<title>Под Сетью (интервью)</title>
	<filename>UMBEKO/kinowed97.txt</filename>
</book>
<book>
	<author>Эко У</author>
	<title>Оно</title>
	<filename>UMBEKO/umbekoit.txt</filename>
</book>
<book>
	<author>Эко У</author>
	<title>Имя розы</title>
	<filename>UMBEKO/umbekoro.txt</filename>
</book>
<book>
	<author>Эко У</author>
	<title>Внутренние рецензии</title>
	<filename>UMBEKO/umbeko.txt</filename>
</book>
<book>
	<author>Эко У</author>
	<title>Вавилонская беседа</title>
	<filename>UMBEKO/v-beseda.txt</filename>
</book>
<book>
	<author></author>
	<title>Семь дней в Гималаях (Москва, 8/1982)</title>
	<filename>URIKOVA/7days.txt</filename>
</book>
<book>
	<author>Айслер Р</author>
	<title>Чаша и клинок</title>
	<filename>URIKOVA/AJSLER/klinok.txt</filename>
</book>
<book>
	<author>Акимов А Е</author>
	<title>Отражение духовной роли России в развитии земной цивилизации</title>
	<filename>URIKOVA/akimov.txt</filename>
</book>
<book>
	<author>Пандаев П</author>
	<title>Мракобесие для простаков, 1999</title>
	<filename>URIKOVA/antikura.txt</filename>
</book>
<book>
	<author>Белов М</author>
	<title>Иисус Христос или путешествие одного сознания (главы 1,2)</title>
	<filename>URIKOVA/BELOW/hrist1.txt</filename>
</book>
<book>
	<author>Белов М</author>
	<title>Иисус Христос или путешествие одного сознания (часть 2)</title>
	<filename>URIKOVA/BELOW/hrist2.txt</filename>
</book>
<book>
	<author></author>
	<title>Живи, планета</title>
	<filename>URIKOVA/ekolog.txt</filename>
</book>
<book>
	<author>Михайлов Е</author>
	<title>Энергоочистка</title>
	<filename>URIKOVA/energoochistka.txt</filename>
</book>
<book>
	<author>В Н</author>
	<title>Урикова. Основы этики жизни</title>
	<filename>URIKOVA/etika.txt</filename>
</book>
<book>
	<author>Фочун Д</author>
	<title>Тайное без вымыслов</title>
	<filename>URIKOVA/FORTUNE_D/fortune1.txt</filename>
</book>
<book>
	<author>Гезель</author>
	<title>Магия: Нападение и Защита</title>
	<filename>URIKOVA/gesel.txt</filename>
</book>
<book>
	<author>Наджимов О</author>
	<title>Как узнать характер человека по его подписи</title>
	<filename>URIKOVA/GRAFOLOG/aybek/aybek.txt</filename>
</book>
<book>
	<author>Шах И</author>
	<title>Искатель Истины</title>
	<filename>URIKOVA/IDRIS/iskatel.txt</filename>
</book>
<book>
	<author>Исаков Г</author>
	<title>Философский камень для блаженного</title>
	<filename>URIKOVA/isakov.txt</filename>
</book>
<book>
	<author>Наумкин А П</author>
	<title>Калагия</title>
	<filename>URIKOVA/kalagia.txt</filename>
</book>
<book>
	<author>Семикина А А</author>
	<title>Эволюция - путь взаимопроникновения культур</title>
	<filename>URIKOVA/krasota.txt</filename>
</book>
<book>
	<author>Крим Б</author>
	<title>Учения Вечной Мудрости. Введение в духовные заветы человечества</title>
	<filename>URIKOVA/KRIM_B/wisteach.txt</filename>
</book>
<book>
	<author>Кураев Д А</author>
	<title>Буддизм и христианство (Часть 4)</title>
	<filename>URIKOVA/kuraew01.txt</filename>
</book>
<book>
	<author>Соло В</author>
	<title>Астральное тело-1. Скоморох или Начало Магии</title>
	<filename>URIKOVA/MagiaMysli/SOLO/astral1.txt</filename>
</book>
<book>
	<author>Соло В</author>
	<title>Астральное тело-2. Изида или Врата Святилища</title>
	<filename>URIKOVA/MagiaMysli/SOLO/astral2.txt</filename>
</book>
<book>
	<author>Соло В</author>
	<title>Школа вечеров. Как Стать Магом или Остаться в живых</title>
	<filename>URIKOVA/MagiaMysli/SOLO/school1.txt</filename>
</book>
<book>
	<author>Фокин С</author>
	<title>Терапия Герсона</title>
	<filename>URIKOVA/METAMED/DIETA/gerson.txt</filename>
</book>
<book>
	<author>Самохоцкий А</author>
	<title>Диссертация: Глава 10. Итоги</title>
	<filename>URIKOVA/METAMED/SAMOHOCKIJ/disschap10.txt</filename>
</book>
<book>
	<author>Самохоцкий А</author>
	<title>Диссертация: Глава 12. Пересмотр теоретических положений</title>
	<filename>URIKOVA/METAMED/SAMOHOCKIJ/disschap12.txt</filename>
</book>
<book>
	<author>Самохоцкий А</author>
	<title>Диссертация: Глава 13.  Изменения величин "K" и "Ca"</title>
	<filename>URIKOVA/METAMED/SAMOHOCKIJ/disschap13.txt</filename>
</book>
<book>
	<author>Самохоцкий А</author>
	<title>Диссертация: Глава 14. "Na" и "Mg" сыворотки крови. Eh -- окислительно-восстановительный потенциал.</title>
	<filename>URIKOVA/METAMED/SAMOHOCKIJ/disschap14.txt</filename>
</book>
<book>
	<author>Самохоцкий А</author>
	<title>Диссертация: Глава 15. Клиническая проверка положений о лечебных закономерностях.</title>
	<filename>URIKOVA/METAMED/SAMOHOCKIJ/disschap15.txt</filename>
</book>
<book>
	<author>Самохоцкий А</author>
	<title>Диссертация: Глава 16. Анализ действия применявшихся средств</title>
	<filename>URIKOVA/METAMED/SAMOHOCKIJ/disschap16.txt</filename>
</book>
<book>
	<author>Самохоцкий А</author>
	<title>Диссертация: Глава 17. Этапная диагностика</title>
	<filename>URIKOVA/METAMED/SAMOHOCKIJ/disschap17.txt</filename>
</book>
<book>
	<author>Самохоцкий А</author>
	<title>Диссертация: Глава 3. Лечебные средства для уменьшения осмотического давления</title>
	<filename>URIKOVA/METAMED/SAMOHOCKIJ/disschap3.txt</filename>
</book>
<book>
	<author>Самохоцкий А</author>
	<title>Диссертация: Глава 4. Лечение раневых поверхностей</title>
	<filename>URIKOVA/METAMED/SAMOHOCKIJ/disschap4.txt</filename>
</book>
<book>
	<author>Самохоцкий А</author>
	<title>Диссертация: Глава 5. Примеры из лечебной практики (истории болезней)</title>
	<filename>URIKOVA/METAMED/SAMOHOCKIJ/disschap5.txt</filename>
</book>
<book>
	<author>Самохоцкий А</author>
	<title>Диссертация: Глава 6. Проверка действия хромовых солей на животных и клиническом операционном материале</title>
	<filename>URIKOVA/METAMED/SAMOHOCKIJ/disschap6.txt</filename>
</book>
<book>
	<author>Самохоцкий А</author>
	<title>Диссертация: Глава 7-я. Внутривенные вливания животным</title>
	<filename>URIKOVA/METAMED/SAMOHOCKIJ/disschap7.txt</filename>
</book>
<book>
	<author>Самохоцкий А</author>
	<title>Диссертация: Глава 8. Применение внутривенных вливаний в лечебной работе</title>
	<filename>URIKOVA/METAMED/SAMOHOCKIJ/disschap8.txt</filename>
</book>
<book>
	<author>Самохоцкий А</author>
	<title>Диссертация: Глава 9. Операции в нестерильных условиях</title>
	<filename>URIKOVA/METAMED/SAMOHOCKIJ/disschap9.txt</filename>
</book>
<book>
	<author>Самохоцкий А</author>
	<title>Диссертация: Литературные источники</title>
	<filename>URIKOVA/METAMED/SAMOHOCKIJ/dissliteratura.txt</filename>
</book>
<book>
	<author>Самохоцкий А С</author>
	<title>Опыт определения лечебных закономерностей (Диссертация, 1946г)</title>
	<filename>URIKOVA/METAMED/SAMOHOCKIJ/disstitulioglav.txt</filename>
</book>
<book>
	<author>Самохоцкий А</author>
	<title>Диссертация: Заключение</title>
	<filename>URIKOVA/METAMED/SAMOHOCKIJ/disszakl.txt</filename>
</book>
<book>
	<author></author>
	<title>Портреты: Александр Святославович Самохоцкий</title>
	<filename>URIKOVA/METAMED/SAMOHOCKIJ/onem.txt</filename>
</book>
<book>
	<author>Самохоцкий А С</author>
	<title>О нервизме и лечебной проблеме его</title>
	<filename>URIKOVA/METAMED/SAMOHOCKIJ/samah1.txt</filename>
</book>
<book>
	<author>будущего О н</author>
	<title>Основы новой науки</title>
	<filename>URIKOVA/nauka.txt</filename>
</book>
<book>
	<author>В У Н</author>
	<title>Факторы, влияющие на экологическое состояние системы</title>
	<filename>URIKOVA/newekolo.txt</filename>
</book>
<book>
	<author></author>
	<title>Община</title>
	<filename>URIKOVA/obshina.txt</filename>
</book>
<book>
	<author>Ошо</author>
	<title>Главы из книги</title>
	<filename>URIKOVA/OSHO/kniga.txt</filename>
</book>
<book>
	<author>Ошо</author>
	<title>Философия переннис</title>
	<filename>URIKOVA/OSHO/perenis.txt</filename>
</book>
<book>
	<author>Цветков Э</author>
	<title>Великий менеджер или Мастер влияния</title>
	<filename>URIKOVA/psihonomia.txt</filename>
</book>
<book>
	<author>Нургали А</author>
	<title>Роза Мира на Земле</title>
	<filename>URIKOVA/rozamira.txt</filename>
</book>
<book>
	<author>Сахаревич В</author>
	<title>Союз духа и разума</title>
	<filename>URIKOVA/saharewich.txt</filename>
</book>
<book>
	<author></author>
	<title>Новый зодиак</title>
	<filename>URIKOVA/SANTEM/33.txt</filename>
</book>
<book>
	<author></author>
	<title>64 искусства Сарасвати</title>
	<filename>URIKOVA/SANTEM/64.txt</filename>
</book>
<book>
	<author></author>
	<title>Мнения читателей</title>
	<filename>URIKOVA/SANTEM/about.txt</filename>
</book>
<book>
	<author>Йогананда Ш П</author>
	<title>Автобиография монаха</title>
	<filename>URIKOVA/SANTEM/avt.txt</filename>
</book>
<book>
	<author></author>
	<title>Сутра неисчислимых смыслов</title>
	<filename>URIKOVA/SANTEM/budsutra.txt</filename>
</book>
<book>
	<author></author>
	<title>Чем человек живет</title>
	<filename>URIKOVA/SANTEM/chem.txt</filename>
</book>
<book>
	<author></author>
	<title>Детская ясность где она</title>
	<filename>URIKOVA/SANTEM/det.txt</filename>
</book>
<book>
	<author></author>
	<title>Dreaming techniques by Ian Mapleson</title>
	<filename>URIKOVA/SANTEM/dreaming.txt</filename>
</book>
<book>
	<author>Хэрэри К, Уэйнтрауб  П</author>
	<title>Жизнь - всего лишь сон</title>
	<filename>URIKOVA/SANTEM/dream.txt</filename>
</book>
<book>
	<author></author>
	<title>Поговорим о географии</title>
	<filename>URIKOVA/SANTEM/geogr.txt</filename>
</book>
<book>
	<author></author>
	<title>Отслеживание проявлений гордыни</title>
	<filename>URIKOVA/SANTEM/gord.txt</filename>
</book>
<book>
	<author></author>
	<title>Осознание в йоге</title>
	<filename>URIKOVA/SANTEM/GZ/gz.txt</filename>
</book>
<book>
	<author></author>
	<title>Оздоровительные аспекты хатха-йоги</title>
	<filename>URIKOVA/SANTEM/hathamas.txt</filename>
</book>
<book>
	<author></author>
	<title>Интервью о школе йоги</title>
	<filename>URIKOVA/SANTEM/inter1.txt</filename>
</book>
<book>
	<author></author>
	<title>Воздействие помещения и интерьера на детей</title>
	<filename>URIKOVA/SANTEM/inter.txt</filename>
</book>
<book>
	<author></author>
	<title>Касты и варны</title>
	<filename>URIKOVA/SANTEM/kas_var.txt</filename>
</book>
<book>
	<author>Сидерский А</author>
	<title>Третье открытие силы</title>
	<filename>URIKOVA/SANTEM/kniga1_6.txt</filename>
</book>
<book>
	<author>Сидерский А</author>
	<title>Омнио-тренинг технология: последовательности нулевого цикла</title>
	<filename>URIKOVA/SANTEM/kniga2_6.txt</filename>
</book>
<book>
	<author></author>
	<title>Беседы Джидду Кришнамурти с Дэвидом Бомом</title>
	<filename>URIKOVA/SANTEM/KRISHNAMURTI/oglawnom.txt</filename>
</book>
<book>
	<author>Кришнамурти Д</author>
	<title>Бомбейские беседы</title>
	<filename>URIKOVA/SANTEM/krishnamurti.txt</filename>
</book>
<book>
	<author></author>
	<title>Тайна Леонардо</title>
	<filename>URIKOVA/SANTEM/leonardo.txt</filename>
</book>
<book>
	<author>Харари К, Вейнтрауб  П</author>
	<title>Ясные сны</title>
	<filename>URIKOVA/SANTEM/lucidrim.txt</filename>
</book>
<book>
	<author>Намгьял Т Т</author>
	<title>Махамудра (Избранные главы)</title>
	<filename>URIKOVA/SANTEM/maha.txt</filename>
</book>
<book>
	<author>Ан А Ю</author>
	<title>Маски, которые мы выбираем, маски, которые нас выбирают</title>
	<filename>URIKOVA/SANTEM/mask.txt</filename>
</book>
<book>
	<author>Йоганада Ш П</author>
	<title>Автобиография монаха</title>
	<filename>URIKOVA/SANTEM/monach.txt</filename>
</book>
<book>
	<author>Баркер Э</author>
	<title>Письма живого усопшего или послания с того  света</title>
	<filename>URIKOVA/SANTEM/mort.txt</filename>
</book>
<book>
	<author>Нагарджуна</author>
	<title>Двенадцать врат</title>
	<filename>URIKOVA/SANTEM/nag.txt</filename>
</book>
<book>
	<author></author>
	<title>Охотник брось свое ружье...</title>
	<filename>URIKOVA/SANTEM/oxota.txt</filename>
</book>
<book>
	<author>Шанкарачарья Б Ш</author>
	<title>Пятиричность</title>
	<filename>URIKOVA/SANTEM/pancikaranam.txt</filename>
</book>
<book>
	<author></author>
	<title>Кармическая и эгрегорная связь партнеров</title>
	<filename>URIKOVA/SANTEM/part.txt</filename>
</book>
<book>
	<author></author>
	<title>Управление полем в различных условиях</title>
	<filename>URIKOVA/SANTEM/pole.txt</filename>
</book>
<book>
	<author></author>
	<title>Праздник</title>
	<filename>URIKOVA/SANTEM/praz.txt</filename>
</book>
<book>
	<author></author>
	<title>О природе человеческого мышления</title>
	<filename>URIKOVA/SANTEM/prirmis.txt</filename>
</book>
<book>
	<author></author>
	<title>Обрести радость</title>
	<filename>URIKOVA/SANTEM/radost.txt</filename>
</book>
<book>
	<author>Востоков В</author>
	<title>Уроки тибетской медицины. Искусство расслабления</title>
	<filename>URIKOVA/SANTEM/relax.txt</filename>
</book>
<book>
	<author>Буддхадатта</author>
	<title>Трактат о подразделении RUPA и ARUPA</title>
	<filename>URIKOVA/SANTEM/rupa.txt</filename>
</book>
<book>
	<author>йоги Ш</author>
	<title>Легенды из зеленого почтового ящика</title>
	<filename>URIKOVA/SANTEM/seon.txt</filename>
</book>
<book>
	<author>Гарфилд П</author>
	<title>Сновидения</title>
	<filename>URIKOVA/SANTEM/sleepp0.txt</filename>
</book>
<book>
	<author>Котов В, Малахов  С</author>
	<title>Магия сновидений: путь знания и действия</title>
	<filename>URIKOVA/SANTEM/snovid.txt</filename>
</book>
<book>
	<author></author>
	<title>Механизм штампов</title>
	<filename>URIKOVA/SANTEM/stamp.txt</filename>
</book>
<book>
	<author>Патанджали М</author>
	<title>Йога-сутра</title>
	<filename>URIKOVA/SANTEM/sutra.txt</filename>
</book>
<book>
	<author>Svatmarama Y S</author>
	<title>Hatha yoga pradipika</title>
	<filename>URIKOVA/SANTEM/SVATMARAMA/hyp.txt</filename>
</book>
<book>
	<author></author>
	<title>Рамакришна: биографическая справка</title>
	<filename>URIKOVA/SANTEM/SWAMI/aboutrama.txt</filename>
</book>
<book>
	<author></author>
	<title>Свами Вивекананда: жизнь и наследие</title>
	<filename>URIKOVA/SANTEM/SWAMI/about.txt</filename>
</book>
<book>
	<author>Вивекананда С</author>
	<title>Мой учитель</title>
	<filename>URIKOVA/SANTEM/SWAMI/teacher.txt</filename>
</book>
<book>
	<author></author>
	<title>Волшебная тропинка к своему ребенку</title>
	<filename>URIKOVA/SANTEM/trop.txt</filename>
</book>
<book>
	<author>Сантэма Ш й г А</author>
	<title>Методическое пособие по видению мира</title>
	<filename>URIKOVA/SANTEM/vid.txt</filename>
</book>
<book>
	<author></author>
	<title>Природа внимания</title>
	<filename>URIKOVA/SANTEM/vnim.txt</filename>
</book>
<book>
	<author>Ринпоче Ч Н Н</author>
	<title>Йога сновидений и практика естественного света</title>
	<filename>URIKOVA/SANTEM/yoga-sna.txt</filename>
</book>
<book>
	<author></author>
	<title>Учение о югах</title>
	<filename>URIKOVA/SANTEM/yugi.txt</filename>
</book>
<book>
	<author>Сантэма Ш й г А</author>
	<title>Черное, белое, серое поведение человека</title>
	<filename>URIKOVA/SANTEM/zakon1.txt</filename>
</book>
<book>
	<author>Сантэма Ш й г А</author>
	<title>Варианты белого, черного, серого выполнения законов</title>
	<filename>URIKOVA/SANTEM/zakon2.txt</filename>
</book>
<book>
	<author></author>
	<title>Методическое пособие по целительству</title>
	<filename>URIKOVA/SANTEM/zakon.txt</filename>
</book>
<book>
	<author></author>
	<title>Путь звездный или земной?</title>
	<filename>URIKOVA/SANTEM/zvezd.txt</filename>
</book>
<book>
	<author>Акимов, Шипов , Екшибаров , Горяев  П</author>
	<title>Газета "Чистый мир" 4, 1996год "Вскоре пройдут испытания летающей тарелки"</title>
	<filename>URIKOVA/shipov.txt</filename>
</book>
<book>
	<author></author>
	<title>Великая тайна вселенной</title>
	<filename>URIKOVA/skazki.txt</filename>
</book>
<book>
	<author>Соболев А</author>
	<title>Молитва позднего странника</title>
	<filename>URIKOVA/sobolev.txt</filename>
</book>
<book>
	<author>Штайнер Р</author>
	<title>Из летописи мира. Акаши-хроники</title>
	<filename>URIKOVA/STEINER/aka.txt</filename>
</book>
<book>
	<author>Штайнер Р</author>
	<title>Космология, религия и философия</title>
	<filename>URIKOVA/STEINER/kosmologia.txt</filename>
</book>
<book>
	<author>Штайнер Р</author>
	<title>Лекция: Внутреннее развитие человека (1904)</title>
	<filename>URIKOVA/STEINER/lec_1904.txt</filename>
</book>
<book>
	<author>Штайнер Р</author>
	<title>Лекция: Рассматривая карму (1912)</title>
	<filename>URIKOVA/STEINER/lec_1912.txt</filename>
</book>
<book>
	<author>Штaйнер Р</author>
	<title>Знамения времени, битва Михаила и ее отражение на Земле</title>
	<filename>URIKOVA/STEINER/lec_1918.txt</filename>
</book>
<book>
	<author>Штaйнер Р</author>
	<title>Праздники и их Значение: Вознесение и Пятидесятница</title>
	<filename>URIKOVA/STEINER/lec_1923.txt</filename>
</book>
<book>
	<author>Штайнер Р</author>
	<title>Лекция: Божественная молитва (1907)</title>
	<filename>URIKOVA/STEINER/lec_molitwa.txt</filename>
</book>
<book>
	<author>Штейнер Р</author>
	<title>Мистерии древности и христианство</title>
	<filename>URIKOVA/STEINER/misterii.txt</filename>
</book>
<book>
	<author>Штайнер Р</author>
	<title>Теософия</title>
	<filename>URIKOVA/STEINER/stein2.txt</filename>
</book>
<book>
	<author>Штайнер Р</author>
	<title>Порог духовного мира</title>
	<filename>URIKOVA/STEINER/stein3.txt</filename>
</book>
<book>
	<author>Штайнер Р</author>
	<title>Путь к самопознанию человека в восьми медитациях</title>
	<filename>URIKOVA/STEINER/stein4.txt</filename>
</book>
<book>
	<author>Штайнер Р</author>
	<title>Как достигнуть познаний высших миров</title>
	<filename>URIKOVA/stein.txt</filename>
</book>
<book>
	<author></author>
	<title>Тибетская "Книга великого освобождения"</title>
	<filename>URIKOVA/tibetkni.txt</filename>
</book>
<book>
	<author></author>
	<title>Тибетское Евангелие</title>
	<filename>URIKOVA/tibet.txt</filename>
</book>
<book>
	<author>Титов В</author>
	<title>Владеющий миром</title>
	<filename>URIKOVA/titov.txt</filename>
</book>
<book>
	<author>Успенский П</author>
	<title>Четвертый путь</title>
	<filename>URIKOVA/USPENSKIJ/chetwertyj.txt</filename>
</book>
<book>
	<author>Успенский П</author>
	<title>Новая модель вселенной</title>
	<filename>URIKOVA/USPENSKIJ/newmodel.txt</filename>
</book>
<book>
	<author>Петерс Ф</author>
	<title>Детство с Гурджиевым</title>
	<filename>URIKOVA/USPENSKIJ/peters.txt</filename>
</book>
<book>
	<author>Успенский П</author>
	<title>В поисках чудесного. Фрагменты неизвестного учения</title>
	<filename>URIKOVA/USPENSKIJ/poiski.txt</filename>
</book>
<book>
	<author>Успенский П Д</author>
	<title>Психология и космология возможного развития человека</title>
	<filename>URIKOVA/USPENSKIJ/psychology.txt</filename>
</book>
<book>
	<author>Зеличенко А</author>
	<title>Разговоры ученого с Учителем</title>
	<filename>URIKOVA/ZELICHENKO/razgowory.txt</filename>
</book>
<book>
	<author>Успенский М</author>
	<title>Холодец</title>
	<filename>USPENSKIJM/jelly.txt</filename>
</book>

</books>

