<?xml version="1.0" encoding="UTF-8" ?>
<books>
<book>
	<author>Олди Г Л</author>
	<title>Пять минут взаймы</title>
	<filename>OLDI/5minutes.txt</filename>
</book>
<book>
	<author>Олди Г Л</author>
	<title>Восьмой круг подземки</title>
	<filename>OLDI/8_circle.txt</filename>
</book>
<book>
	<author>Олди Г Л</author>
	<title>Анабель-Ли</title>
	<filename>OLDI/anabel.txt</filename>
</book>
<book>
	<author>Громов Д</author>
	<title>Ангел-хранитель</title>
	<filename>OLDI/angel.txt</filename>
</book>
<book>
	<author></author>
	<title>Аннотации к новым романам Г.Л.Олди</title>
	<filename>OLDI/annotacii.txt</filename>
</book>
<book>
	<author></author>
	<title>Список публикаций Д.Е.Громова и О.С.Ладыженского (Г.Л.Олди)</title>
	<filename>OLDI/biblio.txt</filename>
</book>
<book>
	<author>Oldie H L</author>
	<title>Biography and some information</title>
	<filename>OLDI/biograph.txt</filename>
</book>
<book>
	<author></author>
	<title>Генри Лайон Олди: Биографическая справка</title>
	<filename>OLDI/biography.txt</filename>
</book>
<book>
	<author>Олди Г Л</author>
	<title>Разорванный круг</title>
	<filename>OLDI/brkcircl.txt</filename>
</book>
<book>
	<author>Громов Д</author>
	<title>Разорванный круг</title>
	<filename>OLDI/circle.txt</filename>
</book>
<book>
	<author>Громов Д</author>
	<title>Холод</title>
	<filename>OLDI/cold.txt</filename>
</book>
<book>
	<author>Громов Д</author>
	<title>Координаты смерти</title>
	<filename>OLDI/coordin.txt</filename>
</book>
<book>
	<author>Олди Г Л</author>
	<title>Скидка на талант</title>
	<filename>OLDI/discount.txt</filename>
</book>
<book>
	<author>Громов Д</author>
	<title>Цвет легенд -- лиловый (Статья о Deep purple)</title>
	<filename>OLDI/dp.txt</filename>
</book>
<book>
	<author>Громов Д</author>
	<title>Поединок</title>
	<filename>OLDI/duel.txt</filename>
</book>
<book>
	<author>Олди Г Л</author>
	<title>Смех Диониса</title>
	<filename>OLDI/dyonis.txt</filename>
</book>
<book>
	<author>Громов Д</author>
	<title>Эдем-2300</title>
	<filename>OLDI/edem2300.txt</filename>
</book>
<book>
	<author>Громов Д</author>
	<title>Экзамен</title>
	<filename>OLDI/examinat.txt</filename>
</book>
<book>
	<author>Олди Г Л</author>
	<title>Мастер</title>
	<filename>OLDI/expert.txt</filename>
</book>
<book>
	<author>Олди Г Л</author>
	<title>Страх</title>
	<filename>OLDI/fear.txt</filename>
</book>
<book>
	<author>Олди Г Л, Валентинов  А</author>
	<title>Нам здесь жить (фрагмент)</title>
	<filename>OLDI/frag_nam.txt</filename>
</book>
<book>
	<author>Громов Д</author>
	<title>Новый друг комиссара Фухе</title>
	<filename>OLDI/fuhe_new.txt</filename>
</book>
<book>
	<author>Олди Г Л</author>
	<title>Герой вашего времени</title>
	<filename>OLDI/hero.txt</filename>
</book>
<book>
	<author>Олди Г Л</author>
	<title>Ничей дом</title>
	<filename>OLDI/house.txt</filename>
</book>
<book>
	<author>Громов Д</author>
	<title>Я сохраняю покой</title>
	<filename>OLDI/keeprest.txt</filename>
</book>
<book>
	<author>Олди Г Л</author>
	<title>Кино до гроба и...</title>
	<filename>OLDI/kino.txt</filename>
</book>
<book>
	<author></author>
	<title>Книги Олди</title>
	<filename>OLDI/knigi.txt</filename>
</book>
<book>
	<author></author>
	<title>Встреча Г.Л.Олди с читателями в "Стожарах" 29 января в пятницу в 18:30</title>
	<filename>OLDI/ladint.txt</filename>
</book>
<book>
	<author></author>
	<title>Олег Ладиженський: "Людина може бути гiрша за будь-якого диявола"</title>
	<filename>OLDI/ladyzh.txt</filename>
</book>
<book>
	<author>Олди Г Л</author>
	<title>Последнее допущение господа</title>
	<filename>OLDI/Last_Allowance.txt</filename>
</book>
<book>
	<author>Олди Г Л</author>
	<title>Последний</title>
	<filename>OLDI/latest.txt</filename>
</book>
<book>
	<author>Громов Д</author>
	<title>Ограничение</title>
	<filename>OLDI/limitat.txt</filename>
</book>
<book>
	<author>Громов Д</author>
	<title>Человек, который хотел жить</title>
	<filename>OLDI/man_life.txt</filename>
</book>
<book>
	<author>Олди Г Л</author>
	<title>Монстр</title>
	<filename>OLDI/monster.txt</filename>
</book>
<book>
	<author>Громов Д</author>
	<title>Путь проклятых</title>
	<filename>OLDI/nekrorom.txt</filename>
</book>
<book>
	<author>Олди Г Л</author>
	<title>Nevermore</title>
	<filename>OLDI/nevermor.txt</filename>
</book>
<book>
	<author>Громов Д</author>
	<title>Он не вернется</title>
	<filename>OLDI/noreturn.txt</filename>
</book>
<book>
	<author>Oldie H L</author>
	<title>The List Of H.L.Oldie's Novels And Long Short Stories</title>
	<filename>OLDI/novels.txt</filename>
</book>
<book>
	<author>Oldie H L</author>
	<title>Books written by Henry Lion Oldie, Abstracts</title>
	<filename>OLDI/oldie.txt</filename>
</book>
<book>
	<author>Овчинников Д</author>
	<title>Легенда О Юргене Ужасном, Покорителе, Герое И Полубоге...</title>
	<filename>OLDI/pa_geroj.txt</filename>
</book>
<book>
	<author>Громов Д</author>
	<title>Уничтоженный рай</title>
	<filename>OLDI/paradise.txt</filename>
</book>
<book>
	<author>Чан Г М</author>
	<title>Пародия на роман "Сумерки мира" Г.Л.Олди.</title>
	<filename>OLDI/pa_sumerki.txt</filename>
</book>
<book>
	<author>Ладыженский О</author>
	<title>Стихи, большинство которых входит в различные романы и повести</title>
	<filename>OLDI/poez.txt</filename>
</book>
<book>
	<author>Олди Г Л</author>
	<title>Пророк</title>
	<filename>OLDI/prophet.txt</filename>
</book>
<book>
	<author></author>
	<title>H.L.Oldie's list of publications</title>
	<filename>OLDI/publlist.txt</filename>
</book>
<book>
	<author>Солунский В И</author>
	<title>Рецензия: Черный баламут</title>
	<filename>OLDI/rec_balamut.txt</filename>
</book>
<book>
	<author>Бычинский В</author>
	<title>Время выбирать богов</title>
	<filename>OLDI/rec_bychbal.txt</filename>
</book>
<book>
	<author></author>
	<title>Олди: Рецензии на произведения</title>
	<filename>OLDI/rec_new.txt</filename>
</book>
<book>
	<author>Окара А</author>
	<title>Запах мертвого слова</title>
	<filename>OLDI/rec_okara.txt</filename>
</book>
<book>
	<author></author>
	<title>Олди: Выдержки из читательских обсуждений</title>
	<filename>OLDI/rec_setdop.txt</filename>
</book>
<book>
	<author>Зислис М</author>
	<title>Генри Лайон Олди как Черный Баламут великой Бхараты</title>
	<filename>OLDI/rec_zislis.txt</filename>
</book>
<book>
	<author>Олди Г Л</author>
	<title>Докладная записка</title>
	<filename>OLDI/report.txt</filename>
</book>
<book>
	<author>Громов Д</author>
	<title>Реквием мечте</title>
	<filename>OLDI/requiem2.txt</filename>
</book>
<book>
	<author>Олди Г Л</author>
	<title>Реквием по мечте</title>
	<filename>OLDI/requiem.txt</filename>
</book>
<book>
	<author>Громов Д</author>
	<title>Скользкий поворот</title>
	<filename>OLDI/slipturn.txt</filename>
</book>
<book>
	<author>Громов Д</author>
	<title>Ступень</title>
	<filename>OLDI/step.txt</filename>
</book>
<book>
	<author>Громов Д</author>
	<title>Точка опоры</title>
	<filename>OLDI/suppoint.txt</filename>
</book>
<book>
	<author>Олди Г Л</author>
	<title>Тигр</title>
	<filename>OLDI/tiger.txt</filename>
</book>
<book>
	<author>Валентинов А, Громов  Д, Ладыженский  О</author>
	<title>Заметки об украинской фантастике</title>
	<filename>OLDI/ukraina.txt</filename>
</book>
<book>
	<author>Громов Д</author>
	<title>Бессознанка</title>
	<filename>OLDI/unconsci.txt</filename>
</book>
<book>
	<author>Олди Г Л</author>
	<title>Сказки дедушки-вампира</title>
	<filename>OLDI/vamptale.txt</filename>
</book>
<book>
	<author>Громов Д</author>
	<title>Оборотень</title>
	<filename>OLDI/vervolfe.txt</filename>
</book>
<book>
	<author>Олди Г Л</author>
	<title>Витражи патриархов</title>
	<filename>OLDI/vitr.txt</filename>
</book>
<book>
	<author>Громов Д</author>
	<title>Воин</title>
	<filename>OLDI/warrior.txt</filename>
</book>
<book>
	<author>Громов Д</author>
	<title>Волна</title>
	<filename>OLDI/wave.txt</filename>
</book>
<book>
	<author>Олди Г Л</author>
	<title>Вложить душу</title>
	<filename>OLDI/withsoul.txt</filename>
</book>
<book>
	<author>Олди Г Л</author>
	<title>Жизнь, которой не было</title>
	<filename>OLDI/zhizn.txt</filename>
</book>
<book>
	<author>Оруэлл Д</author>
	<title>Скотный двор</title>
	<filename>ORWELL/animalfarm.txt</filename>
</book>
<book>
	<author>Orwell G</author>
	<title>Animal Farm</title>
	<filename>ORWELL/animal.txt</filename>
</book>
<book>
	<author>Оруэлл Д</author>
	<title>Как я стрелял в слона</title>
	<filename>ORWELL/elefant.txt</filename>
</book>
<book>
	<author>Оруэлл Д</author>
	<title>Казнь через повешение</title>
	<filename>ORWELL/kaznx.txt</filename>
</book>
<book>
	<author></author>
	<title>The Orwell Reader</title>
	<filename>ORWELL/orwell.txt</filename>
</book>
<book>
	<author>Оруэлл Д</author>
	<title>Политика и английский язык</title>
	<filename>ORWELL/polityk.txt</filename>
</book>
<book>
	<author>Orwell G</author>
	<title>1984</title>
	<filename>ORWELL/r1984ch1.txt</filename>
</book>
<book>
	<author>Оруэлл Д</author>
	<title>1984</title>
	<filename>ORWELL/r1984.txt</filename>
</book>

</books>

