<?xml version="1.0" encoding="UTF-8" ?>
<books>
<book>
	<filename>miramar_huan/miramar_huan_lichnoe_vremya.fb2.zip</filename>
	<title>Мирамар Хуан. Личное время</title>
</book>
<book>
	<filename>miramar_huan/miramar_huan_neskolko_dnei_posle_konca_sveta.fb2.zip</filename>
	<title>Мирамар Хуан. Несколько дней после конца света</title>
</book>
<book>
	<filename>miramar_huan/miramar_huan_sekretnyi_sotrudnik.fb2.zip</filename>
	<title>Мирамар Хуан. Секретный сотрудник</title>
</book>
<book>
	<filename>mirbo_oktav/mirbo_oktav_sad_muchenii.fb2.zip</filename>
	<title>Мирбо Октав. Сад мучений</title>
</book>
<book>
	<filename>mir_elena/mir_elena_upravlyaemye_sny.fb2.zip</filename>
	<title>Мир Елена. Управляемые сны</title>
</book>
<book>
	<filename>mirer_aleksandr/mirer_aleksandr_dom_skitalcev.fb2.zip</filename>
	<title>Мирер Александр. Дом скитальцев</title>
</book>
<book>
	<filename>mirer_aleksandr/mirer_aleksandr_glavnyi_polden.fb2.zip</filename>
	<title>Мирер Александр. Главный полдень</title>
</book>
<book>
	<filename>mirer_aleksandr/mirer_aleksandr_most_verrazano.fb2.zip</filename>
	<title>Мирер Александр. Мост Верразано</title>
</book>
<book>
	<filename>mirer_aleksandr/mirer_aleksandr_obsidianovyi_nozh.fb2.zip</filename>
	<title>Мирер Александр. Обсидиановый нож</title>
</book>
<book>
	<filename>mirer_aleksandr/mirer_aleksandr_ostrov_madagaskar.fb2.zip</filename>
	<title>Мирер Александр. Остров «Мадагаскар»</title>
</book>
<book>
	<filename>mirer_aleksandr/mirer_aleksandr_submarina_goluboi_kit.fb2.zip</filename>
	<title>Мирер Александр. Субмарина «Голубой Кит»</title>
</book>
<book>
	<filename>mirer_aleksandr/mirer_aleksandr_u_menya_devyat_zhiznei.fb2.zip</filename>
	<title>Мирер Александр. У меня девять жизней</title>
</book>
<book>
	<filename>mirer_aleksandr/mirer_aleksandr_yetika_mihaila_bulgakova.fb2.zip</filename>
	<title>Мирер Александр Исаакович. Этика Михаила Булгакова</title>
</book>
<book>
	<filename>mirhaidarov_raul/mirhaidarov_raul_dvoinik_kitaiskogo_imperatora.fb2.zip</filename>
	<title>Мир-Хайдаров Рауль Мирсаидович. Двойник китайского императора</title>
</book>
<book>
	<filename>mirhaidarov_raul/mirhaidarov_raul_mast_pikovaya.fb2.zip</filename>
	<title>Мир-Хайдаров Рауль Мирсаидович. Масть пиковая</title>
</book>
<book>
	<filename>mirhaidarov_raul/mirhaidarov_raul_peshie_progulki.fb2.zip</filename>
	<title>Мир-Хайдаров Рауль Мирсаидович. Пешие прогулки</title>
</book>
<book>
	<filename>mirhaidarov_raul/mirhaidarov_raul_sudit_budu_ya.fb2.zip</filename>
	<title>Мир-Хайдаров Рауль Мирсаидович. Судить буду я</title>
</book>
<book>
	<filename>mironova_elena/mironova_elena_hod_chernoi_korolevy.fb2.zip</filename>
	<title>Миронова Елена. Ход черной королевы</title>
</book>
<book>
	<filename>mironova_elena/mironova_elena_pir_vo_vremya_voiny.fb2.zip</filename>
	<title>Миронова Елена. Пир во время войны</title>
</book>
<book>
	<filename>mironova_elena/mironova_elena_vozvrashenie.fb2.zip</filename>
	<title>Миронова Елена. Возвращение</title>
</book>
<book>
	<filename>mironova_elena/mironova_elena_vtoraya_zhizn.fb2.zip</filename>
	<title>Миронова Елена. Вторая жизнь</title>
</book>
<book>
	<filename>mironov_aleksandr/mironov_aleksandr_literatury_lukavoe_lico_ili_obrazy_obolshayushego_obmana.fb2.zip</filename>
	<title>Миронов Александр. Литературы лукавое лицо, или Образы обольщающего обмана</title>
</book>
<book>
	<filename>mironov_aleksei/mironov_aleksei_sem_verst_do_nebes.fb2.zip</filename>
	<title>Миронов Алексей. Семь верст до небес</title>
</book>
<book>
	<filename>mironov_arsenii/mironov_arsenii_dvenadcataya_doch.fb2.zip</filename>
	<title>Миронов Арсений Станиславович. Двенадцатая дочь</title>
</book>
<book>
	<filename>mironov_arsenii/mironov_arsenii_mnogo_shuma_iz_nikogda.fb2.zip</filename>
	<title>Миронов Арсений. Много шума из никогда</title>
</book>
<book>
	<filename>mironov_arsenii/mironov_arsenii_tupik_gumanizma.fb2.zip</filename>
	<title>Миронов Арсений. Тупик Гуманизма</title>
</book>
<book>
	<filename>mironov_arsenii/mironov_arsenii_ukrasheniya_stroptivyh.fb2.zip</filename>
	<title>Миронов Арсений. Украшения строптивых</title>
</book>
<book>
	<filename>mironov_georgii/mironov_georgii_gladiatory_spartaka.fb2.zip</filename>
	<title>Миронов Георгий. Гладиаторы «Спартака»</title>
</book>
<book>
	<filename>mironov_georgii/mironov_georgii_iguana.fb2.zip</filename>
	<title>Миронов Георгий. Игуана</title>
</book>
<book>
	<filename>mironov_vladimir/mironov_vladimir_filosofiya_uchebnik_dlya_vuzov.fb2.zip</filename>
	<title>Миронов Владимир Васильевич. Философия: Учебник для вузов</title>
</book>
<book>
	<filename>mironov_vyacheslav/mironov_vyacheslav_chechenskie_rasskazy.fb2.zip</filename>
	<title>Миронов Вячеслав. Чеченские рассказы</title>
</book>
<book>
	<filename>mironov_vyacheslav/mironov_vyacheslav_kapishe.fb2.zip</filename>
	<title>Миронов Вячеслав. Капище</title>
</book>
<book>
	<filename>mironov_vyacheslav/mironov_vyacheslav_ne_moya_voina.fb2.zip</filename>
	<title>Миронов Вячеслав. Не моя война</title>
</book>
<book>
	<filename>mironov_vyacheslav/mironov_vyacheslav_ohota_na_sheiha.fb2.zip</filename>
	<title>Миронов Вячеслав Николаевич. Охота на «Шейха»</title>
</book>
<book>
	<filename>mironov_vyacheslav/mironov_vyacheslav_ya_byl_na_yetoi_voine_chechnya95.fb2.zip</filename>
	<title>Миронов Вячеслав. Я был на этой войне (Чечня-95)</title>
</book>
<book>
	<filename>miroshnichenko_grigorii/miroshnichenko_grigorii_azov.fb2.zip</filename>
	<title>Мирошниченко Григорий Ильич. Азов</title>
</book>
<book>
	<filename>miroshnichenko_grigorii/miroshnichenko_grigorii_osada_azova.fb2.zip</filename>
	<title>Мирошниченко Григорий Ильич. Осада Азова</title>
</book>
<book>
	<filename>miroshnichenko_grigorii/miroshnichenko_grigorii_yunarmiya.fb2.zip</filename>
	<title>Мирошниченко Григорий Ильич. Юнармия</title>
</book>
<book>
	<filename>mirotvorcev_pavel/mirotvorcev_pavel_prishestvie_hispa.fb2.zip</filename>
	<title>Миротворцев Павел. Пришествие Хиспа</title>
</book>
<book>
	<filename>mirotvorcev_pavel/mirotvorcev_pavel_vozvyshenie_hispa.fb2.zip</filename>
	<title>Миротворцев Павел. Возвышение Хиспа</title>
</book>
<book>
	<filename>mirrliz_houp/mirrliz_houp_ludtumannyi.fb2.zip</filename>
	<title>Миррлиз Хоуп. Луд-Туманный</title>
</book>
<book>
	<filename>mishenko_dmitrii/mishenko_dmitrii_severyane.fb2.zip</filename>
	<title>Мищенко Дмитрий Алексеевич. Северяне</title>
</book>
<book>
	<filename>mishenko_dmitrii/mishenko_dmitrii_sineokaya_tiver.fb2.zip</filename>
	<title>Мищенко Дмитрий Алексеевич. Синеокая Тиверь</title>
</book>
<book>
	<filename>mishin_mihail/mishin_mihail_224_izbrannye_stranicy.fb2.zip</filename>
	<title>Мишин Михаил. 224 избранные страницы</title>
</book>
<book>
	<filename>mishin_vasilii/mishin_vasilii_pochemu_my_ne_sletali_na_lunu.fb2.zip</filename>
	<title>Мишин Василий Павлович. Почему мы не слетали на Луну?</title>
</book>
<book>
	<filename>mishle_zhyul/mishle_zhyul_vedma.fb2.zip</filename>
	<title>Мишле Жюль. Ведьма</title>
</book>
<book>
	<filename>misho_zhozeffransua/misho_zhozeffransua_istoriya_krestovyh_pohodov.fb2.zip</filename>
	<title>Мишо Жозеф-Франсуа. История Крестовых походов</title>
</book>
<book>
	<filename>misilyuk_valerii/misilyuk_valerii_sobaka_pavlova.fb2.zip</filename>
	<title>Мисилюк Валерий Олегович. Собака Павлова</title>
</book>
<book>
	<filename>misima_yukio/misima_yukio_markiza_de_sad.fb2.zip</filename>
	<title>Мисима Юкио. Маркиза де Сад</title>
</book>
<book>
	<filename>misima_yukio/misima_yukio_moi_drug_gitler_per_g_chhartishvili.fb2.zip</filename>
	<title>Мисима Юкио. Мой друг Гитлер (пер. Г. Чхартишвили)</title>
</book>
<book>
	<filename>misima_yukio/misima_yukio_zolotoi_hram.fb2.zip</filename>
	<title>Мисима Юкио. Золотой храм</title>
</book>
<book>
	<filename>misko_pavel/misko_pavel_grot_afaliny.fb2.zip</filename>
	<title>Мисько Павел Андреевич. Грот афалины</title>
</book>
<book>
	<filename>misko_pavel/misko_pavel_novosyoly.fb2.zip</filename>
	<title>Мисько Павел Андреевич. Новосёлы</title>
</book>
<book>
	<filename>missionerskii_otdel_moskovskogo_patriarhata_rpc_/missionerskii_otdel_moskovskogo_patriarhata_rpc__novye_religioznye_organizacii_rossii_destruktivnogo_i_okkultnogo_haraktera.fb2.zip</filename>
	<title>Миссионерский отдел московского патриархата РПЦ. Новые религиозные организации России деструктивного и оккультного характера</title>
</book>
<book>
	<filename>mistral_gabriyela/mistral_gabriyela_ogon.fb2.zip</filename>
	<title>Мистраль Габриэла. Огонь</title>
</book>
<book>
	<filename>mistral_gabriyela/mistral_gabriyela_pohvala_pesku.fb2.zip</filename>
	<title>Мистраль Габриэла. Похвала песку</title>
</book>
<book>
	<filename>mitchard_zhaklin/mitchard_zhaklin_povorot_sudby.fb2.zip</filename>
	<title>Митчард Жаклин. Поворот судьбы</title>
</book>
<book>
	<filename>mitchard_zhaklin/mitchard_zhaklin_proshenie.fb2.zip</filename>
	<title>Митчард Жаклин. Прощение</title>
</book>
<book>
	<filename>mitchell_dyevid/mitchell_dyevid_son_9.fb2.zip</filename>
	<title>Митчелл Дэвид. Сон №9</title>
</book>
<book>
	<filename>mitchell_frida/mitchell_frida_begstvo_iz_raya.fb2.zip</filename>
	<title>Митчелл Фрида. Бегство из рая</title>
</book>
<book>
	<filename>mitchell_frida/mitchell_frida_ldinka_na_ladoni.fb2.zip</filename>
	<title>Митчелл Фрида. Льдинка на ладони</title>
</book>
<book>
	<filename>mitchell_frida/mitchell_frida_lyubov_silnee_obid.fb2.zip</filename>
	<title>Митчелл Фрида. Любовь сильнее обид</title>
</book>
<book>
	<filename>mitchell_frida/mitchell_frida_pobezhdennyi_pobeditel.fb2.zip</filename>
	<title>Митчелл Фрида. Побежденный победитель</title>
</book>
<book>
	<filename>mitchell_frida/mitchell_frida_prityazhenie_krasoty.fb2.zip</filename>
	<title>Митчелл Фрида. Притяжение красоты</title>
</book>
<book>
	<filename>mitchell_frida/mitchell_frida_son_nayavu.fb2.zip</filename>
	<title>Митчелл Фрида. Сон наяву</title>
</book>
<book>
	<filename>mitchell_frida/mitchell_frida_vygodnaya_sdelka.fb2.zip</filename>
	<title>Митчелл Фрида. Выгодная сделка</title>
</book>
<book>
	<filename>mitchell_frida/mitchell_frida_zavetnoe_zhelanie.fb2.zip</filename>
	<title>Митчелл Фрида. Заветное желание</title>
</book>
<book>
	<filename>mitchell_margaret/mitchell_margaret_unesennye_vetrom_tom_1.fb2.zip</filename>
	<title>Митчелл Маргарет. Унесенные ветром. Том 1</title>
</book>
<book>
	<filename>mitchell_margaret/mitchell_margaret_unesennye_vetrom_tom_2.fb2.zip</filename>
	<title>Митчелл Маргарет. Унесенные ветром. Том 2</title>
</book>
<book>
	<filename>mitchell_syendi/mitchell_syendi_za_imperatora.fb2.zip</filename>
	<title>Митчелл Сэнди. За Императора!</title>
</book>
<book>
	<filename>mitnik_kevin/mitnik_kevin_iskusstvo_obmana.fb2.zip</filename>
	<title>Митник Кевин. Искусство обмана</title>
</book>
<book>
	<filename>mitnik_kevin/mitnik_kevin_iskusstvo_vtorzheniya.fb2.zip</filename>
	<title>Митник Кевин. Искусство вторжения</title>
</book>
<book>
	<filename>mitropolit_ioann_snychev_/mitropolit_ioann_snychev__kak_podgotovitsya_i_provesti_velikii_post_kak_zhit_v_sovremennom_bezduhovnom_mire.fb2.zip</filename>
	<title>Митрополит Иоанн (Снычев). Как подготовиться и провести Великий Пост — Как жить в современном бездуховном мире</title>
</book>
<book>
	<filename>mitta_aleksandr/mitta_aleksandr_kino_mezhdu_adom_i_raem.fb2.zip</filename>
	<title>Митта Александр. Кино между адом и раем</title>
</book>
<book>
	<filename>miura_tyecuo/miura_tyecuo_bluzhdayushii_ogonek.fb2.zip</filename>
	<title>Миура Тэцуо. Блуждающий огонек</title>
</book>
<book>
	<filename>mizho_marsel/mizho_marsel_sentyekzyuperi.fb2.zip</filename>
	<title>Мижо Марсель. Сент-Экзюпери</title>
</book>
<book>
	<filename>mizina_tamara/mizina_tamara_vladychica_rima.fb2.zip</filename>
	<title>Мизина Тамара. Владычица Рима</title>
</book>
<book>
	<filename>mizun_yurii/mizun_yurii_hany_i_knyazya_zolotaya_orda_i_russkie_knyazhestva.fb2.zip</filename>
	<title>Мизун Юрий Гаврилович. Ханы и князья. Золотая Орда и русские княжества</title>
</book>
<book>
	<filename>mlechin_leonid/mlechin_leonid_medovaya_lovushka.fb2.zip</filename>
	<title>Млечин Леонид Михайлович. Медовая ловушка</title>
</book>
<book>
	<filename>mlechin_leonid/mlechin_leonid_putin_bush_i_voina_v_irake.fb2.zip</filename>
	<title>Млечин Леонид Михайлович. Путин, Буш и война в Ираке</title>
</book>
<book>
	<filename>mlechin_leonid/mlechin_leonid_sluzhba_vneshnei_razvedki.fb2.zip</filename>
	<title>Млечин Леонид. Служба внешней разведки</title>
</book>
<book>
	<filename>mlechin_leonid/mlechin_leonid_zachem_stalin_sozdal_izrail.fb2.zip</filename>
	<title>Млечин Леонид. Зачем Сталин создал Израиль?</title>
</book>
<book>
	<filename>mlechin_leonid/mlechin_leonid_zheleznyi_shurik.fb2.zip</filename>
	<title>Млечин Леонид. Железный Шурик</title>
</book>
<book>
	<filename>mlodinov_leonard/mlodinov_leonard_kratchaishaya_istoriya_vremeni.fb2.zip</filename>
	<title>Млодинов Леонард. Кратчайшая история времени</title>
</book>
<book>
	<filename>mnishek_gelena/mnishek_gelena_prokazhennaya.fb2.zip</filename>
	<title>Мнишек Гелена. Прокаженная</title>
</book>
<book>
	<filename>modestov_nikolai/modestov_nikolai_manyaki_slepaya_smert_hronika_seriinyh_ubiistv.fb2.zip</filename>
	<title>Модестов Николай. Маньяки… Слепая смерть: Хроника серийных убийств</title>
</book>
<book>
	<filename>modezitt_liland/modezitt_liland_bashni_zakata.fb2.zip</filename>
	<title>Модезитт Лиланд. Башни Заката</title>
</book>
<book>
	<filename>modezitt_liland/modezitt_liland_inzhener_magii.fb2.zip</filename>
	<title>Модезитт Лиланд. Инженер магии</title>
</book>
<book>
	<filename>modezitt_liland/modezitt_liland_magiya_otshelnichego_ostrova.fb2.zip</filename>
	<title>Модезитт Лиланд. Магия Отшельничьего острова</title>
</book>
<book>
	<filename>modezitt_liland/modezitt_liland_podobno_voine_za_veru.fb2.zip</filename>
	<title>Модезитт Лиланд Экстон. Подобно войне за веру</title>
</book>
<book>
	<filename>modezitt_liland/modezitt_liland_smert_haosa.fb2.zip</filename>
	<title>Модезитт Лиланд. Смерть Хаоса</title>
</book>
<book>
	<filename>modezitt_liland/modezitt_liland_voina_garmonii.fb2.zip</filename>
	<title>Модезитт Лиланд. Война гармонии</title>
</book>
<book>
	<filename>modezitt_liland/modezitt_liland_yekodiplomat.fb2.zip</filename>
	<title>Модезитт Лиланд. Экодипломат</title>
</book>
<book>
	<filename>modilyari_eva/modilyari_eva_chernyi_lebed.fb2.zip</filename>
	<title>Модильяри Ева. Черный лебедь</title>
</book>
<book>
	<filename>modinyani_eva/modinyani_eva_chernyi_lebed.fb2.zip</filename>
	<title>Модиньяни Ева. Черный лебедь</title>
</book>
<book>
	<filename>modinyani_eva/modinyani_eva_dzhuliya_siyanie_zhizni.fb2.zip</filename>
	<title>Модиньяни Ева. Джулия. Сияние жизни</title>
</book>
<book>
	<filename>modinyani_eva/modinyani_eva_edinstvennaya_naslednica.fb2.zip</filename>
	<title>Модиньяни Ева. Единственная наследница</title>
</book>
<book>
	<filename>modinyani_eva/modinyani_eva_krestnaya_mat.fb2.zip</filename>
	<title>Модиньяни Ева. Крестная мать</title>
</book>
<book>
	<filename>modinyani_eva/modinyani_eva_milanskaya_roza.fb2.zip</filename>
	<title>Модиньяни Ева. Миланская роза</title>
</book>
<book>
	<filename>modinyani_eva/modinyani_eva_vanil_i_shokolad.fb2.zip</filename>
	<title>Модиньяни Ева. Ваниль и шоколад</title>
</book>
<book>
	<filename>modinyani_eva/modinyani_eva_zhenshiny_ego_zhizni.fb2.zip</filename>
	<title>Модиньяни Ева. Женщины его жизни</title>
</book>
<book>
	<filename>modling_yester/modling_yester_dnevnik_aktrisy.fb2.zip</filename>
	<title>Модлинг Эстер. Дневник актрисы</title>
</book>
<book>
	<filename>modling_yester/modling_yester_pover_svoim_glazam.fb2.zip</filename>
	<title>Модлинг Эстер. Поверь своим глазам</title>
</book>
<book>
	<filename>mogilevcev_dmitrii/mogilevcev_dmitrii_hozyain_leta_istoriya_v_dvenadcati_patronah.fb2.zip</filename>
	<title>Могилевцев Дмитрий. Хозяин лета. История в двенадцати патронах</title>
</book>
<book>
	<filename>mogilevcev_dmitrii/mogilevcev_dmitrii_lyudi_istiny.fb2.zip</filename>
	<title>Могилевцев Дмитрий. Люди Истины</title>
</book>
<book>
	<filename>mogilevcev_dmitrii/mogilevcev_dmitrii_zemlya_vechnoi_voiny.fb2.zip</filename>
	<title>Могилевцев Дмитрий. Земля вечной войны</title>
</book>
<book>
	<filename>mogilevcev_sergei/mogilevcev_sergei_blistatelnyi_nedonosok.fb2.zip</filename>
	<title>Могилевцев Сергей. Блистательный недоносок</title>
</book>
<book>
	<filename>mogilevcev_sergei/mogilevcev_sergei_golubka.fb2.zip</filename>
	<title>Могилевцев Сергей. Голубка</title>
</book>
<book>
	<filename>mogilevcev_sergei/mogilevcev_sergei_graf_i_anna.fb2.zip</filename>
	<title>Могилевцев Сергей. Граф и Анна</title>
</book>
<book>
	<filename>mogilevcev_sergei/mogilevcev_sergei_idealnaya_zhenshina.fb2.zip</filename>
	<title>Могилевцев Сергей. Идеальная женщина</title>
</book>
<book>
	<filename>mogilevcev_sergei/mogilevcev_sergei_lisa_i_vinograd.fb2.zip</filename>
	<title>Могилевцев Сергей. Лиса и виноград</title>
</book>
<book>
	<filename>mogilevcev_sergei/mogilevcev_sergei_sobachya_zhizn.fb2.zip</filename>
	<title>Могилевцев Сергей. Собачья жизнь</title>
</book>
<book>
	<filename>mogilevskaya_sofya/mogilevskaya_sofya_skazka_o_gromkom_barabane.fb2.zip</filename>
	<title>Могилевская Софья Абрамовна. Сказка о громком барабане</title>
</book>
<book>
	<filename>mogilevskii_maksim/mogilevskii_maksim_polosatyi_reis.fb2.zip</filename>
	<title>Могилевский Максим. Полосатый рейс</title>
</book>
<book>
	<filename>moies_patriciya/moies_patriciya_specialnyi_parizhskii_vypusk.fb2.zip</filename>
	<title>Мойес Патриция. Специальный парижский выпуск</title>
</book>
<book>
	<filename>moiseeva_klara/moiseeva_klara_doch_yehnatona.fb2.zip</filename>
	<title>Моисеева Клара Моисеевна. Дочь Эхнатона</title>
</book>
<book>
	<filename>moiseeva_klara/moiseeva_klara_prazdnichnyi_koster_makery.fb2.zip</filename>
	<title>Моисеева Клара Моисеевна. Праздничный костер Макеры</title>
</book>
<book>
	<filename>moiseeva_klara/moiseeva_klara_proshel_karavan_stoletii_sbornik.fb2.zip</filename>
	<title>Моисеева Клара Моисеевна. Прошел караван столетий (сборник)</title>
</book>
<book>
	<filename>moiseeva_klara/moiseeva_klara_rokovaya_stroka_pamedzhai.fb2.zip</filename>
	<title>Моисеева Клара Моисеевна. Роковая строка Памеджаи</title>
</book>
<book>
	<filename>moiseeva_klara/moiseeva_klara_uchis_singamil.fb2.zip</filename>
	<title>Моисеева Клара Моисеевна. Учись, Сингамиль!</title>
</book>
<book>
	<filename>moiseeva_klara/moiseeva_klara_v_drevnem_carstve_urartu.fb2.zip</filename>
	<title>Моисеева Клара Моисеевна. В древнем царстве Урарту</title>
</book>
<book>
	<filename>moiseeva_klara/moiseeva_klara_zvezdy_mudrogo_biruni.fb2.zip</filename>
	<title>Моисеева Клара Моисеевна. Звезды мудрого Бируни</title>
</book>
<book>
	<filename>moiseev_nikita/moiseev_nikita_kak_daleko_do_zavtrashnego_dnya.fb2.zip</filename>
	<title>Моисеев Никита Николаевич. Как далеко до завтрашнего дня</title>
</book>
<book>
	<filename>moizish_lyudvig/moizish_lyudvig_operaciya_ciceron.fb2.zip</filename>
	<title>Мойзиш Людвиг Карл. Операция «Цицерон»</title>
</book>
<book>
	<filename>mokienko_v/mokienko_v_russkaya_brannaya_leksika_cenzurnoe_i_necenzurnoe.fb2.zip</filename>
	<title>Мокиенко В. М. Русская бранная лексика: цензурное и нецензурное</title>
</book>
<book>
	<filename>molchanov_andrei/molchanov_andrei_braiton_bich_avenyu.fb2.zip</filename>
	<title>Молчанов Андрей. Брайтон бич авеню</title>
</book>
<book>
	<filename>molchanov_andrei/molchanov_andrei_dao.fb2.zip</filename>
	<title>Молчанов Андрей. Дао</title>
</book>
<book>
	<filename>molchanov_andrei/molchanov_andrei_padenie_vavilona.fb2.zip</filename>
	<title>Молчанов Андрей. Падение «Вавилона»</title>
</book>
<book>
	<filename>molchanov_andrei/molchanov_andrei_pobeg_obrechennyh.fb2.zip</filename>
	<title>Молчанов Андрей. Побег обреченных</title>
</book>
<book>
	<filename>molchanov_andrei/molchanov_andrei_svora.fb2.zip</filename>
	<title>Молчанов Андрей. Свора</title>
</book>
<book>
	<filename>molchanov_anton/molchanov_anton_mir_smerti_protiv_flibusterov.fb2.zip</filename>
	<title>Молчанов Антон. Мир смерти против флибустьеров</title>
</book>
<book>
	<filename>moler_zhanbatist/moler_zhanbatist_meshanin_vo_dvoryanstve.fb2.zip</filename>
	<title>Мольер Жан-Батист. Мещанин во дворянстве</title>
</book>
<book>
	<filename>moler_zhanbatist/moler_zhanbatist_tartyuf.fb2.zip</filename>
	<title>Мольер Жан-Батист. Тартюф</title>
</book>
<book>
	<filename>molist_horhe/molist_horhe_nasledie_poslednego_tampliera_kolco.fb2.zip</filename>
	<title>Молист Хорхе. Наследие последнего тамплиера. Кольцо</title>
</book>
<book>
	<filename>molitvin_pavel/molitvin_pavel_nasledniki_imperii.fb2.zip</filename>
	<title>Молитвин Павел. Наследники империи</title>
</book>
<book>
	<filename>molitvin_pavel/molitvin_pavel_poludennyi_mir.fb2.zip</filename>
	<title>Молитвин Павел. Полуденный мир</title>
</book>
<book>
	<filename>molitvin_pavel/molitvin_pavel_proklyatyi_gorod.fb2.zip</filename>
	<title>Молитвин Павел. Проклятый город</title>
</book>
<book>
	<filename>molitvin_pavel/molitvin_pavel_put_yevriha.fb2.zip</filename>
	<title>Молитвин Павел. Путь Эвриха</title>
</book>
<book>
	<filename>molitvin_pavel/molitvin_pavel_sputniki_volkodava.fb2.zip</filename>
	<title>Молитвин Павел. Спутники Волкодава</title>
</book>
<book>
	<filename>molitvin_pavel/molitvin_pavel_ten_imperatora.fb2.zip</filename>
	<title>Молитвин Павел. Тень императора</title>
</book>
<book>
	<filename>molitvin_pavel/molitvin_pavel_veter_udachi.fb2.zip</filename>
	<title>Молитвин Павел. Ветер удачи</title>
</book>
<book>
	<filename>molnar_ferenc/molnar_ferenc_malchishki_s_ulicy_pala.fb2.zip</filename>
	<title>Молнар Ференц. Мальчишки с улицы Пала</title>
</book>
<book>
	<filename>moloh_sasha/moloh_sasha_klinok_vorona.fb2.zip</filename>
	<title>Молох Саша. Клинок Ворона</title>
</book>
<book>
	<filename>molokin_aleksei/molokin_aleksei_labuh.fb2.zip</filename>
	<title>Молокин Алексей. Лабух</title>
</book>
<book>
	<filename>monaldi_rita/monaldi_rita_imprimatur.fb2.zip</filename>
	<title>Мональди Рита. Imprimatur</title>
</book>
<book>
	<filename>monfreid_anri_de/monfreid_anri_de_chelovek_kotoryi_vyshel_iz_morya.fb2.zip</filename>
	<title>Монфрейд Анри де. Человек, который вышел из моря</title>
</book>
<book>
	<filename>moning_karen/moning_karen_lyubovnaya_goryachka.fb2.zip</filename>
	<title>Монинг Карен Мари. Любовная горячка</title>
</book>
<book>
	<filename>moning_karen/moning_karen_magicheskaya_strast.fb2.zip</filename>
	<title>Монинг Карен Мари. Магическая страсть</title>
</book>
<book>
	<filename>moning_karen/moning_karen_plenit_serdce_gorca.fb2.zip</filename>
	<title>Монинг Карен Мари. Пленить сердце горца</title>
</book>
<book>
	<filename>moning_karen/moning_karen_pocelui_gorca.fb2.zip</filename>
	<title>Монинг Карен Мари. Поцелуй горца</title>
</book>
<book>
	<filename>moning_karen/moning_karen_prikosnovenie_gorca.fb2.zip</filename>
	<title>Монинг Карен Мари. Прикосновение горца</title>
</book>
<book>
	<filename>moning_karen/moning_karen_serdce_gorca.fb2.zip</filename>
	<title>Монинг Карен Мари. Сердце горца</title>
</book>
<book>
	<filename>moning_karen/moning_karen_strast_gorca.fb2.zip</filename>
	<title>Монинг Карен Мари. Страсть горца</title>
</book>
<book>
	<filename>moning_karen/moning_karen_taina_rukopisi.fb2.zip</filename>
	<title>Монинг Карен Мари. Тайна рукописи</title>
</book>
<book>
	<filename>monk_karin/monk_karin_chuzhaya_vina.fb2.zip</filename>
	<title>Монк Карин. Чужая вина</title>
</book>
<book>
	<filename>monk_karin/monk_karin_plennik.fb2.zip</filename>
	<title>Монк Карин. Пленник</title>
</book>
<book>
	<filename>monk_karin/monk_karin_serdce_voina.fb2.zip</filename>
	<title>Монк Карин. Сердце воина</title>
</book>
<book>
	<filename>monk_karin/monk_karin_tvoe_nezhnoe_slovo.fb2.zip</filename>
	<title>Монк Карин. Твое нежное слово</title>
</book>
<book>
	<filename>monk_karin/monk_karin_ustupit_iskusheniyu.fb2.zip</filename>
	<title>Монк Карин. Уступить искушению</title>
</book>
<book>
	<filename>monk_karin/monk_karin_vedma_i_voin.fb2.zip</filename>
	<title>Монк Карин. Ведьма и воин</title>
</book>
<book>
	<filename>mono_martina/mono_martina_tucha.fb2.zip</filename>
	<title>Моно Мартина. Туча</title>
</book>
<book>
	<filename>monro_dzhil/monro_dzhil_kak_soblaznit_muzhchinu.fb2.zip</filename>
	<title>Монро Джил. Как соблазнить мужчину</title>
</book>
<book>
	<filename>monro_kerk/monro_kerk_nochnaya_tigrica.fb2.zip</filename>
	<title>Монро Керк. Ночная тигрица</title>
</book>
<book>
	<filename>monro_kerk/monro_kerk_pero_flamingo.fb2.zip</filename>
	<title>Монро Керк. Перо фламинго</title>
</book>
<book>
	<filename>monro_lyusi/monro_lyusi_blagorodstvo_ni_pri_chem.fb2.zip</filename>
	<title>Монро Люси. Благородство ни при чем</title>
</book>
<book>
	<filename>monro_lyusi/monro_lyusi_ego_zhena_i_lyubovnica.fb2.zip</filename>
	<title>Монро Люси. Его жена и любовница</title>
</book>
<book>
	<filename>monro_lyusi/monro_lyusi_hochesh_byt_princessoi.fb2.zip</filename>
	<title>Монро Люси. Хочешь быть принцессой?</title>
</book>
<book>
	<filename>monro_lyusi/monro_lyusi_kogda_ty_ryadom.fb2.zip</filename>
	<title>Монро Люси. Когда ты рядом</title>
</book>
<book>
	<filename>monro_lyusi/monro_lyusi_kosnis_menya.fb2.zip</filename>
	<title>Монро Люси. Коснись меня</title>
</book>
<book>
	<filename>monro_lyusi/monro_lyusi_krepost_iz_peska.fb2.zip</filename>
	<title>Монро Люси. Крепость из песка</title>
</book>
<book>
	<filename>monro_lyusi/monro_lyusi_lunnoe_probuzhdenie.fb2.zip</filename>
	<title>Монро Люси. Лунное пробуждение</title>
</book>
<book>
	<filename>monro_lyusi/monro_lyusi_lyubov_i_predubezhdenie.fb2.zip</filename>
	<title>Монро Люси. Любовь и предубеждение</title>
</book>
<book>
	<filename>monro_lyusi/monro_lyusi_medovye_pocelui.fb2.zip</filename>
	<title>Монро Люси. Медовые поцелуи</title>
</book>
<book>
	<filename>monro_lyusi/monro_lyusi_nikakih_obeshanii.fb2.zip</filename>
	<title>Монро Люси. Никаких обещаний!</title>
</book>
<book>
	<filename>monro_lyusi/monro_lyusi_podarok_dlya_aleksandry.fb2.zip</filename>
	<title>Монро Люси. Подарок для Александры</title>
</book>
<book>
	<filename>monro_lyusi/monro_lyusi_sposoben_na_vse.fb2.zip</filename>
	<title>Монро Люси. Способен на все</title>
</book>
<book>
	<filename>monro_lyusi/monro_lyusi_tainstvennaya_gercoginya.fb2.zip</filename>
	<title>Монро Люси. Таинственная герцогиня</title>
</book>
<book>
	<filename>monro_lyusi/monro_lyusi_udovletvorenie_garantirovanno.fb2.zip</filename>
	<title>Монро Люси. Удовлетворение гарантированно</title>
</book>
<book>
	<filename>monro_lyusi/monro_lyusi_udovletvorenie_garantirovano.fb2.zip</filename>
	<title>Монро Люси. Удовлетворение гарантировано</title>
</book>
<book>
	<filename>monro_lyusi/monro_lyusi_vkus_lyubvi.fb2.zip</filename>
	<title>Монро Люси. Вкус любви</title>
</book>
<book>
	<filename>monro_macuo/monro_macuo_nauchi_menya_umirat.fb2.zip</filename>
	<title>Монро Мацуо. Научи меня умирать</title>
</book>
<book>
	<filename>monro_robert/monro_robert_okonchatelnoe_puteshestvie.fb2.zip</filename>
	<title>Монро Роберт. Окончательное путешествие</title>
</book>
<book>
	<filename>monro_robert/monro_robert_puteshestviya_vne_tela.fb2.zip</filename>
	<title>Монро Роберт. Путешествия вне тела</title>
</book>
<book>
	<filename>monsini_zhaklin/monsini_zhaklin_bozhestvennaya_zefirina.fb2.zip</filename>
	<title>Монсиньи Жаклин. Божественная Зефирина</title>
</book>
<book>
	<filename>monsini_zhaklin/monsini_zhaklin_knyaginya_renessansa.fb2.zip</filename>
	<title>Монсиньи Жаклин. Княгиня Ренессанса</title>
</book>
<book>
	<filename>monsini_zhaklin/monsini_zhaklin_krovavaya_roza.fb2.zip</filename>
	<title>Монсиньи Жаклин. Кровавая Роза</title>
</book>
<book>
	<filename>monson_per/monson_per_lodka_na_alleyah_parka.fb2.zip</filename>
	<title>Монсон Пер. Лодка на аллеях парка</title>
</book>
<book>
	<filename>mont_betti/mont_betti_greshnaya_i_svyataya.fb2.zip</filename>
	<title>Монт Бетти. Грешная и святая</title>
</book>
<book>
	<filename>mont_betti/mont_betti_lovushka_dlya_dvoih.fb2.zip</filename>
	<title>Монт Бетти. Ловушка для двоих</title>
</book>
<book>
	<filename>mont_betti/mont_betti_lyubovnyi_mirazh.fb2.zip</filename>
	<title>Монт Бетти. Любовный мираж</title>
</book>
<book>
	<filename>mont_betti/mont_betti_recept_ot_odinochestva.fb2.zip</filename>
	<title>Монт Бетти. Рецепт от одиночества</title>
</book>
<book>
	<filename>montechino_marsel/montechino_marsel_ubiica_s_krestom.fb2.zip</filename>
	<title>Монтечино Марсель. Убийца с крестом</title>
</book>
<book>
	<filename>montechino_marsel/montechino_marsel_vysokaya_stavka.fb2.zip</filename>
	<title>Монтечино Марсель. Высокая ставка</title>
</book>
<book>
	<filename>montegyu_iven/montegyu_iven_chelovek_kotorogo_ne_bylo.fb2.zip</filename>
	<title>Монтегю Ивен. Человек, которого не было</title>
</book>
<book>
	<filename>montegyu_zhanna/montegyu_zhanna_navazhdenie.fb2.zip</filename>
	<title>Монтегю Жанна. Наваждение</title>
</book>
<book>
	<filename>montegyu_zhanna/montegyu_zhanna_ukroshennaya_lyubovyu.fb2.zip</filename>
	<title>Монтегю Жанна. Укрощенная любовью</title>
</book>
<book>
	<filename>monteiro_marianna/monteiro_marianna_nezhnost.fb2.zip</filename>
	<title>Монтейро Марианна. Нежность</title>
</book>
<book>
	<filename>montepen_ksave/montepen_ksave_raul_ili_iskatel_priklyuchenii_kniga_1.fb2.zip</filename>
	<title>Монтепен Ксавье де. Рауль, или Искатель приключений. Книга 1</title>
</book>
<book>
	<filename>montepen_ksave/montepen_ksave_raul_ili_iskatel_priklyuchenii_kniga_2.fb2.zip</filename>
	<title>Монтепен Ксавье де. Рауль, или Искатель приключений. Книга 2</title>
</book>
<book>
	<filename>montero_rosa/montero_rosa_doch_kannibala.fb2.zip</filename>
	<title>Монтеро Роса. Дочь Каннибала</title>
</book>
<book>
	<filename>montgomeri_dzh/montgomeri_dzh_baiki_iz_dvorca_dzhabby_hatta18_takoi_vot_zamechatelnyi_barv_istoriya_boby_fetto.fb2.zip</filename>
	<title>Монтгомери Дж. Д. Байки из дворца Джаббы Хатта-18: Такой вот замечательный барв (История Бобы Фетто)</title>
</book>
<book>
	<filename>montgomeri_lyusi/montgomeri_lyusi_anin_dom_mechty.fb2.zip</filename>
	<title>Монтгомери Люси Мод. Анин Дом Мечты</title>
</book>
<book>
	<filename>montgomeri_lyusi/montgomeri_lyusi_anya_iz_inglsaida.fb2.zip</filename>
	<title>Монтгомери Люси Мод. Аня из Инглсайда</title>
</book>
<book>
	<filename>montgomeri_lyusi/montgomeri_lyusi_anya_iz_shumyashih_topolei.fb2.zip</filename>
	<title>Монтгомери Люси Мод. Аня из Шумящих Тополей</title>
</book>
<book>
	<filename>montgomeri_lyusi/montgomeri_lyusi_anya_s_ostrova_princa_yeduarda.fb2.zip</filename>
	<title>Монтгомери Люси Мод. Аня с острова Принца Эдуарда</title>
</book>
<book>
	<filename>montgomeri_rezerford/montgomeri_rezerford_karkadzhu.fb2.zip</filename>
	<title>Монтгомери Резерфорд. Каркаджу</title>
</book>
<book>
	<filename>moon_elizabeth/moon_elizabeth_the_speed_of_dark.fb2.zip</filename>
	<title>Moon Elizabeth. The Speed of Dark</title>
</book>
<book>
	<filename>mopassan_gi/mopassan_gi_bespoleznaya_krasota.fb2.zip</filename>
	<title>Мопассан Ги де. Бесполезная красота</title>
</book>
<book>
	<filename>mopassan_gi/mopassan_gi_bochonok.fb2.zip</filename>
	<title>Мопассан Ги де. Бочонок</title>
</book>
<book>
	<filename>mopassan_gi/mopassan_gi_bombar.fb2.zip</filename>
	<title>Мопассан Ги де. Бомбар</title>
</book>
<book>
	<filename>mopassan_gi/mopassan_gi_broshennyi.fb2.zip</filename>
	<title>Мопассан Ги де. Брошенный</title>
</book>
<book>
	<filename>mopassan_gi/mopassan_gi_buatel.fb2.zip</filename>
	<title>Мопассан Ги де. Буатель</title>
</book>
<book>
	<filename>mopassan_gi/mopassan_gi_dragocennosti.fb2.zip</filename>
	<title>Мопассан Ги де. Драгоценности</title>
</book>
<book>
	<filename>mopassan_gi/mopassan_gi_duyel.fb2.zip</filename>
	<title>Мопассан Ги де. Дуэль</title>
</book>
<book>
	<filename>mopassan_gi/mopassan_gi_gospodin_paran.fb2.zip</filename>
	<title>Мопассан Ги де. Господин Паран</title>
</book>
<book>
	<filename>mopassan_gi/mopassan_gi_gospozha_paris.fb2.zip</filename>
	<title>Мопассан Ги де. Госпожа Парис</title>
</book>
<book>
	<filename>mopassan_gi/mopassan_gi_hozyaika.fb2.zip</filename>
	<title>Мопассан Ги де. Хозяйка</title>
</book>
<book>
	<filename>mopassan_gi/mopassan_gi_ispoved.fb2.zip</filename>
	<title>Мопассан Ги де. Исповедь</title>
</book>
<book>
	<filename>mopassan_gi/mopassan_gi_ivetta.fb2.zip</filename>
	<title>Мопассан Ги де. Иветта</title>
</book>
<book>
	<filename>mopassan_gi/mopassan_gi_krestiny.fb2.zip</filename>
	<title>Мопассан Ги де. Крестины</title>
</book>
<book>
	<filename>mopassan_gi/mopassan_gi_mademuazel_perl.fb2.zip</filename>
	<title>Мопассан Ги де. Мадемуазель Перль</title>
</book>
<book>
	<filename>mopassan_gi/mopassan_gi_malyshka_rok.fb2.zip</filename>
	<title>Мопассан Ги де. Малышка Рок</title>
</book>
<book>
	<filename>mopassan_gi/mopassan_gi_marsianin.fb2.zip</filename>
	<title>Мопассан Ги де. Марсианин</title>
</book>
<book>
	<filename>mopassan_gi/mopassan_gi_mat_urodov.fb2.zip</filename>
	<title>Мопассан Ги де. Мать уродов</title>
</book>
<book>
	<filename>mopassan_gi/mopassan_gi_milyi_drug.fb2.zip</filename>
	<title>Мопассан Ги де. Милый друг</title>
</book>
<book>
	<filename>mopassan_gi/mopassan_gi_mohammedbestiya.fb2.zip</filename>
	<title>Мопассан Ги де. Мохаммед-Бестия</title>
</book>
<book>
	<filename>mopassan_gi/mopassan_gi_montoriol.fb2.zip</filename>
	<title>Мопассан Ги де. Монт-Ориоль</title>
</book>
<book>
	<filename>mopassan_gi/mopassan_gi_muzhchinaprostitutka.fb2.zip</filename>
	<title>Мопассан Ги де. Мужчина-проститутка</title>
</book>
<book>
	<filename>mopassan_gi/mopassan_gi_nagrazhden.fb2.zip</filename>
	<title>Мопассан Ги де. Награжден!</title>
</book>
<book>
	<filename>mopassan_gi/mopassan_gi_na_razbitom_korable.fb2.zip</filename>
	<title>Мопассан Ги де. На разбитом корабле</title>
</book>
<book>
	<filename>mopassan_gi/mopassan_gi_nashe_serdce.fb2.zip</filename>
	<title>Мопассан Ги де. Наше сердце</title>
</book>
<book>
	<filename>mopassan_gi/mopassan_gi_nishii.fb2.zip</filename>
	<title>Мопассан Ги де. Нищий</title>
</book>
<book>
	<filename>mopassan_gi/mopassan_gi_odinochestvo.fb2.zip</filename>
	<title>Мопассан Ги де. Одиночество</title>
</book>
<book>
	<filename>mopassan_gi/mopassan_gi_otceubiica.fb2.zip</filename>
	<title>Мопассан Ги де. Отцеубийца</title>
</book>
<book>
	<filename>mopassan_gi/mopassan_gi_otec.fb2.zip</filename>
	<title>Мопассан Ги де. Отец</title>
</book>
<book>
	<filename>mopassan_gi/mopassan_gi_otshelnik.fb2.zip</filename>
	<title>Мопассан Ги де. Отшельник</title>
</book>
<book>
	<filename>mopassan_gi/mopassan_gi_ozherele.fb2.zip</filename>
	<title>Мопассан Ги де. Ожерелье</title>
</book>
<book>
	<filename>mopassan_gi/mopassan_gi_papasha_amabl.fb2.zip</filename>
	<title>Мопассан Ги де. Папаша Амабль</title>
</book>
<book>
	<filename>mopassan_gi/mopassan_gi_papa_simona.fb2.zip</filename>
	<title>Мопассан Ги де. Папа Симона</title>
</book>
<book>
	<filename>mopassan_gi/mopassan_gi_per_i_zhan.fb2.zip</filename>
	<title>Мопассан Ги де. Пьер и Жан</title>
</book>
<book>
	<filename>mopassan_gi/mopassan_gi_plennye.fb2.zip</filename>
	<title>Мопассан Ги де. Пленные</title>
</book>
<book>
	<filename>mopassan_gi/mopassan_gi_pravdivaya_istoriya.fb2.zip</filename>
	<title>Мопассан Ги де. Правдивая история</title>
</book>
<book>
	<filename>mopassan_gi/mopassan_gi_pridanoe.fb2.zip</filename>
	<title>Мопассан Ги де. Приданое</title>
</book>
<book>
	<filename>mopassan_gi/mopassan_gi_priyatel_pasyans.fb2.zip</filename>
	<title>Мопассан Ги де. Приятель Пасьянс</title>
</book>
<book>
	<filename>mopassan_gi/mopassan_gi_priznanie.fb2.zip</filename>
	<title>Мопассан Ги де. Признание</title>
</book>
<book>
	<filename>mopassan_gi/mopassan_gi_prodaetsya.fb2.zip</filename>
	<title>Мопассан Ги де. Продается</title>
</book>
<book>
	<filename>mopassan_gi/mopassan_gi_progulka.fb2.zip</filename>
	<title>Мопассан Ги де. Прогулка</title>
</book>
<book>
	<filename>mopassan_gi/mopassan_gi_proklyatyi_hleb.fb2.zip</filename>
	<title>Мопассан Ги де. Проклятый хлеб</title>
</book>
<book>
	<filename>mopassan_gi/mopassan_gi_proshai.fb2.zip</filename>
	<title>Мопассан Ги де. Прощай!</title>
</book>
<book>
	<filename>mopassan_gi/mopassan_gi_pyshka.fb2.zip</filename>
	<title>Мопассан Ги де. Пышка</title>
</book>
<book>
	<filename>mopassan_gi/mopassan_gi_rozali_pryudan.fb2.zip</filename>
	<title>Мопассан Ги де. Розали Прюдан</title>
</book>
<book>
	<filename>mopassan_gi/mopassan_gi_samoubiicy.fb2.zip</filename>
	<title>Мопассан Ги де. Самоубийцы</title>
</book>
<book>
	<filename>mopassan_gi/mopassan_gi_schaste.fb2.zip</filename>
	<title>Мопассан Ги де. Счастье</title>
</book>
<book>
	<filename>mopassan_gi/mopassan_gi_sestry_rondoli.fb2.zip</filename>
	<title>Мопассан Ги де. Сестры Рондоли</title>
</book>
<book>
	<filename>mopassan_gi/mopassan_gi_shali.fb2.zip</filename>
	<title>Мопассан Ги де. Шали</title>
</book>
<book>
	<filename>mopassan_gi/mopassan_gi_shkaf.fb2.zip</filename>
	<title>Мопассан Ги де. Шкаф</title>
</book>
<book>
	<filename>mopassan_gi/mopassan_gi_shpilka.fb2.zip</filename>
	<title>Мопассан Ги де. Шпилька</title>
</book>
<book>
	<filename>mopassan_gi/mopassan_gi_silna_kak_smert.fb2.zip</filename>
	<title>Мопассан Ги де. Сильна как смерть</title>
</book>
<book>
	<filename>mopassan_gi/mopassan_gi_skala_chistikov.fb2.zip</filename>
	<title>Мопассан Ги де. Скала чистиков</title>
</book>
<book>
	<filename>mopassan_gi/mopassan_gi_soldatik.fb2.zip</filename>
	<title>Мопассан Ги де. Солдатик</title>
</book>
<book>
	<filename>mopassan_gi/mopassan_gi_starik.fb2.zip</filename>
	<title>Мопассан Ги де. Старик</title>
</book>
<book>
	<filename>mopassan_gi/mopassan_gi_storozh.fb2.zip</filename>
	<title>Мопассан Ги де. Сторож</title>
</book>
<book>
	<filename>mopassan_gi/mopassan_gi_syurpriz.fb2.zip</filename>
	<title>Мопассан Ги де. Сюрприз</title>
</book>
<book>
	<filename>mopassan_gi/mopassan_gi_timbuktu.fb2.zip</filename>
	<title>Мопассан Ги де. Тимбукту</title>
</book>
<book>
	<filename>mopassan_gi/mopassan_gi_trus.fb2.zip</filename>
	<title>Мопассан Ги де. Трус</title>
</book>
<book>
	<filename>mopassan_gi/mopassan_gi_tuan.fb2.zip</filename>
	<title>Мопассан Ги де. Туан</title>
</book>
<book>
	<filename>mopassan_gi/mopassan_gi_u_posteli.fb2.zip</filename>
	<title>Мопассан Ги де. У постели</title>
</book>
<book>
	<filename>mopassan_gi/mopassan_gi_valdshnep.fb2.zip</filename>
	<title>Мопассан Ги де. Вальдшнеп</title>
</book>
<book>
	<filename>mopassan_gi/mopassan_gi_valdshnepy.fb2.zip</filename>
	<title>Мопассан Ги де. Вальдшнепы</title>
</book>
<book>
	<filename>mopassan_gi/mopassan_gi_vendetta.fb2.zip</filename>
	<title>Мопассан Ги де. Вендетта</title>
</book>
<book>
	<filename>mopassan_gi/mopassan_gi_vozvrashenie.fb2.zip</filename>
	<title>Мопассан Ги де. Возвращение</title>
</book>
<book>
	<filename>mopassan_gi/mopassan_gi_v_portu.fb2.zip</filename>
	<title>Мопассан Ги де. В порту</title>
</book>
<book>
	<filename>mopassan_gi/mopassan_gi_vzglyady_polkovnika.fb2.zip</filename>
	<title>Мопассан Ги де. Взгляды полковника</title>
</book>
<book>
	<filename>mopassan_gi/mopassan_gi_zhizn.fb2.zip</filename>
	<title>Мопассан Ги де. Жизнь</title>
</book>
<book>
	<filename>mopassan_gi/mopassan_gi_zhyuli_romen.fb2.zip</filename>
	<title>Мопассан Ги де. Жюли Ромен</title>
</book>
<book>
	<filename>mopassan_gi/mopassan_gi_zontik.fb2.zip</filename>
	<title>Мопассан Ги де. Зонтик</title>
</book>
<book>
	<filename>mopassan_gi/mopassan_gi_zver_dyadi_beloma.fb2.zip</filename>
	<title>Мопассан Ги де. Зверь дяди Бельома</title>
</book>

</books>

