<?xml version="1.0" encoding="UTF-8" ?>
<books>

<book>
	<filename>rable_fransua/rable_fransua_gargantyua_i_pantagryuyel.fb2.zip</filename>
	<title> Рабле Франсуа. Гаргантюа и Пантагрюэль</title>
</book>
<book>
	<filename>rachuk_tatyana/rachuk_tatyana_lunnyi_posevnoi_kalendar_na_2010_god.fb2.zip</filename>
	<title> Рачук Татьяна. Лунный посевной календарь на 2010 год</title>
</book>
<book>
	<filename>radova_elena/radova_elena_suka.fb2.zip</filename>
	<title> Радова Елена. Сука</title>
</book>
<book>
	<filename>raduga_mihail/raduga_mihail_kontakt_s_umershim_poshagovaya_tehnika.fb2.zip</filename>
	<title> Радуга Михаил. Контакт с умершим. Пошаговая техника</title>
</book>
<book>
	<filename>raduga_mihail/raduga_mihail_vne_tela.fb2.zip</filename>
	<title> Радуга Михаил. Вне тела</title>
</book>
<book>
	<filename>raduga_mihail/raduga_mihail_zagadki_cheloveka.fb2.zip</filename>
	<title> Радуга Михаил. Загадки человека</title>
</book>
<book>
	<filename>radvi_elena/radvi_elena_angel_vozhdeleniya.fb2.zip</filename>
	<title> Радви Елена. Ангел вожделения</title>
</book>
<book>
	<filename>ramacharaka_ijog/ramacharaka_ijog_hathaioga.fb2.zip</filename>
	<title> Рамачарака Йог. Хатха-йога</title>
</book>
<book>
	<filename>ramacharaka_ijog/ramacharaka_ijog_misticheskoe_hristianstvo.fb2.zip</filename>
	<title> Рамачарака Йог. Мистическое христианство</title>
</book>
<book>
	<filename>ramacharaka_ijog/ramacharaka_ijog_nauka_o_dyhanii_indiiskih_iogov.fb2.zip</filename>
	<title> Рамачарака Йог. Наука о дыхании индийских йогов</title>
</book>
<book>
	<filename>ramacharaka_ijog/ramacharaka_ijog_okkultnoe_vrachevanie.fb2.zip</filename>
	<title> Рамачарака Йог. Оккультное врачевание</title>
</book>
<book>
	<filename>ramacharaka_ijog/ramacharaka_ijog_radzhaioga.fb2.zip</filename>
	<title> Рамачарака Йог. Раджа-йога</title>
</book>
<book>
	<filename>ramacharaka_ijog/ramacharaka_ijog_religii_i_tainye_ucheniya_vostoka.fb2.zip</filename>
	<title> Рамачарака Йог. Религии и тайные учения Востока</title>
</book>
<book>
	<filename>ramacharaka_ijog/ramacharaka_ijog_zhizn_za_predelami_smerti.fb2.zip</filename>
	<title> Рамачарака Йог. Жизнь за пределами смерти</title>
</book>
<book>
	<filename>ramacharaka_ijog/ramacharaka_ijog_zhnaniioga.fb2.zip</filename>
	<title> Рамачарака Йог. Жнани-йога</title>
</book>
<book>
	<filename>ramazanov_aleskender/ramazanov_aleskender_voina_zatishya_ne_lyubit.fb2.zip</filename>
	<title> Рамазанов Алескендер. Война затишья не любит</title>
</book>
<book>
	<filename>rapoport_anna/rapoport_anna_yenciklopediya_metodov_rannego_razvitiya.fb2.zip</filename>
	<title> Рапопорт Анна. Энциклопедия методов раннего развития</title>
</book>
<book>
	<filename>rashupkina_svetlana/rashupkina_svetlana_lepka_iz_gliny_dlya_detei_razvivaem_palcy_i_golovu.fb2.zip</filename>
	<title> Ращупкина Светлана Юрьевна. Лепка из глины для детей. Развиваем пальцы и голову</title>
</book>
<book>
	<filename>rashupkina_svetlana/rashupkina_svetlana_vyshivka_shelkovymi_lentami.fb2.zip</filename>
	<title> Ращупкина Светлана Юрьевна. Вышивка шелковыми лентами</title>
</book>
<book>
	<filename>rasskazova_alevtina/rasskazova_alevtina_hostess_istoriya_byeili_ekateriny.fb2.zip</filename>
	<title> Рассказова Алевтина. Хостесс. История Бэйли Екатерины</title>
</book>
<book>
	<filename>rasskazova_alevtina/rasskazova_alevtina_ispoved_o_materinskoi_lyubvi.fb2.zip</filename>
	<title> Рассказова Алевтина. Исповедь о материнской любви</title>
</book>
<book>
	<filename>rasskazova_alevtina/rasskazova_alevtina_koreiskaya_geisha_istoriya_ekateriny_byeili.fb2.zip</filename>
	<title> Рассказова Алевтина. Корейская гейша. История Екатерины Бэйли</title>
</book>
<book>
	<filename>rasskazova_alevtina/rasskazova_alevtina_ocifrovshik.fb2.zip</filename>
	<title> Рассказова Алевтина. Оцифровщик</title>
</book>
<book>
	<filename>rasskazova_alevtina/rasskazova_alevtina_odno_tolko_slovo.fb2.zip</filename>
	<title> Рассказова Алевтина. Одно только слово</title>
</book>
<book>
	<filename>rasskazova_alevtina/rasskazova_alevtina_podarok_na_rozhdestvo.fb2.zip</filename>
	<title> Рассказова Алевтина. Подарок на Рождество</title>
</book>
<book>
	<filename>rassohin_oleg/rassohin_oleg_moskva_v_kino_100_udivitelnyh_mest_i_faktov_iz_lyubimyh_filmov.fb2.zip</filename>
	<title> Рассохин Олег О. Москва в кино. 100 удивительных мест и фактов из любимых фильмов</title>
</book>
<book>
	<filename>ratynskaya_tatyana/ratynskaya_tatyana_socialnoe_razvitie_detei_v_usloviyah_letnego_integrativnogo_lagerya.fb2.zip</filename>
	<title> Ратынская Татьяна Михайловна. Социальное развитие детей в условиях летнего интегративного лагеря</title>
</book>
<book>
	<filename>ravenskii_nikolai/ravenskii_nikolai_kak_chitat_cheloveka_cherty_lica_zhesty_pozy_mimika.fb2.zip</filename>
	<title> Равенский Николай. Как читать человека. Черты лица, жесты, позы, мимика</title>
</book>
<book>
	<filename>ravikovich_anatolii/ravikovich_anatolii_negeroicheskii_geroi.fb2.zip</filename>
	<title> Равикович Анатолий. Негероический герой</title>
</book>
<book>
	<filename>razenkova_margarita/razenkova_margarita_osen_atlantidy.fb2.zip</filename>
	<title> Разенкова Маргарита. Осень Атлантиды</title>
</book>
<book>
	<filename>razumov_gennadii/razumov_gennadii_atlantidy_zemli_i_morei.fb2.zip</filename>
	<title> Разумов Геннадий Александрович. Атлантиды земли и морей</title>
</book>
<book>
	<filename>razumov_gennadii/razumov_gennadii_globos.fb2.zip</filename>
	<title> Разумов Геннадий Александрович. Глобос</title>
</book>
<book>
	<filename>razumov_gennadii/razumov_gennadii_kosmicheskii_mayak.fb2.zip</filename>
	<title> Разумов Геннадий Александрович. Космический маяк</title>
</book>
<book>
	<filename>razumov_gennadii/razumov_gennadii_muravi.fb2.zip</filename>
	<title> Разумов Геннадий Александрович. Муравьи</title>
</book>
<book>
	<filename>razumov_gennadii/razumov_gennadii_my_pridem_syuda_snova.fb2.zip</filename>
	<title> Разумов Геннадий Александрович. Мы придем сюда снова</title>
</book>
<book>
	<filename>razumov_gennadii/razumov_gennadii_padayushaya_zvezda.fb2.zip</filename>
	<title> Разумов Геннадий Александрович. Падающая звезда</title>
</book>
<book>
	<filename>razumov_gennadii/razumov_gennadii_parallelnyi_mir.fb2.zip</filename>
	<title> Разумов Геннадий Александрович. Параллельный мир</title>
</book>
<book>
	<filename>razumov_gennadii/razumov_gennadii_pismo_s_drugoi_planety.fb2.zip</filename>
	<title> Разумов Геннадий Александрович. Письмо с другой планеты</title>
</book>
<book>
	<filename>razumov_gennadii/razumov_gennadii_smert_shahida.fb2.zip</filename>
	<title> Разумов Геннадий Александрович. Смерть шахида</title>
</book>
<book>
	<filename>razumov_gennadii/razumov_gennadii_staroe_foto.fb2.zip</filename>
	<title> Разумов Геннадий Александрович. Старое фото</title>
</book>
<book>
	<filename>razumovskaya_elena/razumovskaya_elena_kak_bystro_razvit_pamyat_dlya_zapominaniya_inostrannyh_slov_cifr_i_lyuboi_informacii.fb2.zip</filename>
	<title> Разумовская Елена Александровна. Как быстро развить память для запоминания иностранных слов, цифр и любой информации</title>
</book>
<book>
	<filename>razumovskaya_elena/razumovskaya_elena_kak_razvit_intuiciyu_yeffektivnoe_rukovodstvo.fb2.zip</filename>
	<title> Разумовская Елена Александровна. Как развить интуицию. Эффективное руководство</title>
</book>
<book>
	<filename>razumovskaya_elena/razumovskaya_elena_vse_tainy_reinkarnacii_realnost_zhizni_posle_smerti.fb2.zip</filename>
	<title> Разумовская Елена Александровна. Все тайны реинкарнации. Реальность жизни после смерти</title>
</book>
<book>
	<filename>razumovskaya_kseniya/razumovskaya_kseniya_kniga_primet.fb2.zip</filename>
	<title> Разумовская Ксения. Книга примет</title>
</book>
<book>
	<filename>razumovskaya_kseniya/razumovskaya_kseniya_primety_i_sueveriya.fb2.zip</filename>
	<title> Разумовская Ксения. Приметы и суеверия</title>
</book>
<book>
	<filename>razumovskaya_kseniya/razumovskaya_kseniya_vash_angelhranitel.fb2.zip</filename>
	<title> Разумовская Ксения. Ваш ангел-хранитель</title>
</book>
<book>
	<filename>razumovskaya_kseniya/razumovskaya_kseniya_vse_o_talismanah_amuletah_i_oberegah.fb2.zip</filename>
	<title> Разумовская Ксения. Все о талисманах, амулетах и оберегах</title>
</book>
<book>
	<filename>razumovskii_feliks/razumovskii_feliks_alenkii_cvetochek.fb2.zip</filename>
	<title> Разумовский Феликс. Аленький цветочек</title>
</book>
<book>
	<filename>razumovskii_feliks/razumovskii_feliks_oshibka_2012_igra_nipochyom.fb2.zip</filename>
	<title> Разумовский Феликс. Ошибка «2012». Игра нипочём</title>
</book>
<book>
	<filename>razumovskii_feliks/razumovskii_feliks_vavilonskaya_bashnya.fb2.zip</filename>
	<title> Разумовский Феликс. Вавилонская башня</title>
</book>
<book>
	<filename>razzakov_fedor/razzakov_fedor_bandity_semidesyatyh_19701979.fb2.zip</filename>
	<title> Раззаков Федор. Бандиты семидесятых. 1970-1979</title>
</book>
<book>
	<filename>redakciya_pc_magazinere_/redakciya_pc_magazinere__zhurnal_pc_magazinerussian_edition_012009.fb2.zip</filename>
	<title> Magazine/RE Редакция PC. Журнал PC Magazine/Russian Edition №01/2009</title>
</book>
<book>
	<filename>reido_diana/reido_diana_drugih_chudes_ne_nuzhno.fb2.zip</filename>
	<title> Рейдо Диана. Других чудес не нужно</title>
</book>
<book>
	<filename>reido_diana/reido_diana_svadebnyi_talisman.fb2.zip</filename>
	<title> Рейдо Диана. Свадебный талисман</title>
</book>
<book>
	<filename>reido_diana/reido_diana_volshebnaya_palitra_lyubvi.fb2.zip</filename>
	<title> Рейдо Диана. Волшебная палитра любви</title>
</book>
<book>
	<filename>rei_kimberli/rei_kimberli_izumrudnyi_ostrov.fb2.zip</filename>
	<title> Рей Кимберли. Изумрудный остров</title>
</book>
<book>
	<filename>rei_kimberli/rei_kimberli_otkroi_svoe_serdce.fb2.zip</filename>
	<title> Рей Кимберли. Открой свое сердце</title>
</book>
<book>
	<filename>rei_kimberli/rei_kimberli_zavtra_budet_zavtra.fb2.zip</filename>
	<title> Рей Кимберли. Завтра будет завтра</title>
</book>
<book>
	<filename>reinolds_mak/reinolds_mak_delo_ob_odnorazovom_drandulete.fb2.zip</filename>
	<title> Рейнольдс Мак. Дело об одноразовом драндулете</title>
</book>
<book>
	<filename>remizov_viktor/remizov_viktor_ketanda.fb2.zip</filename>
	<title> Ремизов Виктор. Кетанда</title>
</book>
<book>
	<filename>remneva_irina/remneva_irina_kak_priruchit_kompyuter_za_neskolko_chasov.fb2.zip</filename>
	<title> Ремнева Ирина. Как приручить компьютер за несколько часов</title>
</book>
<book>
	<filename>repeinikova_l/repeinikova_l_kalina_ot_vseh_boleznei.fb2.zip</filename>
	<title> Репейникова Л. С. Калина от всех болезней</title>
</book>
<book>
	<filename>repev_aleksandr/repev_aleksandr_marketingovoe_myshlenie_ili_klientomaniya.fb2.zip</filename>
	<title> Репьев Александр Павлович. Маркетинговое мышление, или Клиентомания</title>
</book>
<book>
	<filename>reshetnikov_vasilii/reshetnikov_vasilii_chto_bylo_to_bylo_308_boevyh_vyletov.fb2.zip</filename>
	<title> Решетников Василий. Что было – то было. 308 боевых вылетов</title>
</book>
<book>
	<filename>rezanova_natalya/rezanova_natalya_argentum.fb2.zip</filename>
	<title> Резанова Наталья Владимировна. Аргентум</title>
</book>
<book>
	<filename>rezanova_natalya/rezanova_natalya_boris_godunov_ili_zhizn_za_carevicha.fb2.zip</filename>
	<title> Резанова Наталья Владимировна. Борис Годунов, или Жизнь за царевича</title>
</book>
<book>
	<filename>rezanova_natalya/rezanova_natalya_chudo_i_chudovishe.fb2.zip</filename>
	<title> Резанова Наталья Владимировна. Чудо и чудовище</title>
</book>
<book>
	<filename>rezanova_natalya/rezanova_natalya_delo_procentshikaubiicy.fb2.zip</filename>
	<title> Резанова Наталья Владимировна. Дело процентщика-убийцы</title>
</book>
<book>
	<filename>rezanova_natalya/rezanova_natalya_doroga_viselnikov.fb2.zip</filename>
	<title> Резанова Наталья Владимировна. Дорога висельников</title>
</book>
<book>
	<filename>rezanova_natalya/rezanova_natalya_dvoinaya_petlya.fb2.zip</filename>
	<title> Резанова Наталья Владимировна. Двойная петля</title>
</book>
<book>
	<filename>rezanova_natalya/rezanova_natalya_elenamladshaya.fb2.zip</filename>
	<title> Резанова Наталья Владимировна. Елена-младшая</title>
</book>
<book>
	<filename>rezanova_natalya/rezanova_natalya_he_is_gone.fb2.zip</filename>
	<title> Резанова Наталья Владимировна. He is gone</title>
</book>
<book>
	<filename>rezanova_natalya/rezanova_natalya_horoshii_pisatel.fb2.zip</filename>
	<title> Резанова Наталья Владимировна. Хороший писатель</title>
</book>
<book>
	<filename>rezanova_natalya/rezanova_natalya_izza_ostrova_na_strezhen.fb2.zip</filename>
	<title> Резанова Наталья Владимировна. Из-за острова на стрежень</title>
</book>
<book>
	<filename>rezanova_natalya/rezanova_natalya_kamen_velikoi_materi.fb2.zip</filename>
	<title> Резанова Наталья Владимировна. Камень Великой Матери</title>
</book>
<book>
	<filename>rezanova_natalya/rezanova_natalya_knyazheskaya_vedma.fb2.zip</filename>
	<title> Резанова Наталья Владимировна. Княжеская ведьма</title>
</book>
<book>
	<filename>rezanova_natalya/rezanova_natalya_konvoir.fb2.zip</filename>
	<title> Резанова Наталья Владимировна. Конвоир</title>
</book>
<book>
	<filename>rezanova_natalya/rezanova_natalya_krepost_spaseniya.fb2.zip</filename>
	<title> Резанова Наталья Владимировна. Крепость Спасения</title>
</book>
<book>
	<filename>rezanova_natalya/rezanova_natalya_krovavaya_svadba_v_perudzhe.fb2.zip</filename>
	<title> Резанова Наталья Владимировна. Кровавая свадьба в Перудже</title>
</book>
<book>
	<filename>rezanova_natalya/rezanova_natalya_krutye_parni_ezdyat_na_tramvayah.fb2.zip</filename>
	<title> Резанова Наталья Владимировна. Крутые парни ездят на трамваях</title>
</book>
<book>
	<filename>rezanova_natalya/rezanova_natalya_lesnaya_i_oborotni.fb2.zip</filename>
	<title> Резанова Наталья Владимировна. Лесная и оборотни</title>
</book>
<book>
	<filename>rezanova_natalya/rezanova_natalya_na_maslenoi_nedele_v_voskresene.fb2.zip</filename>
	<title> Резанова Наталья Владимировна. На Масленой неделе, в воскресенье</title>
</book>
<book>
	<filename>rezanova_natalya/rezanova_natalya_noch_garpaliki.fb2.zip</filename>
	<title> Резанова Наталья Владимировна. Ночь Гарпалики</title>
</book>
<book>
	<filename>rezanova_natalya/rezanova_natalya_noch_pravdy.fb2.zip</filename>
	<title> Резанова Наталья Владимировна. Ночь Правды</title>
</book>
<book>
	<filename>rezanova_natalya/rezanova_natalya_otkrytyi_put.fb2.zip</filename>
	<title> Резанова Наталья Владимировна. Открытый путь</title>
</book>
<book>
	<filename>rezanova_natalya/rezanova_natalya_pechalnaya_istoriya_zhaklin_paskal.fb2.zip</filename>
	<title> Резанова Наталья Владимировна. Печальная история Жаклин Паскаль</title>
</book>
<book>
	<filename>rezanova_natalya/rezanova_natalya_pechalnyi_ostrov.fb2.zip</filename>
	<title> Резанова Наталья Владимировна. Печальный остров</title>
</book>
<book>
	<filename>rezanova_natalya/rezanova_natalya_pesn_krovi.fb2.zip</filename>
	<title> Резанова Наталья Владимировна. Песнь крови</title>
</book>
<book>
	<filename>rezanova_natalya/rezanova_natalya_posetite_gorod_gorkii.fb2.zip</filename>
	<title> Резанова Наталья Владимировна. Посетите город Горький</title>
</book>
<book>
	<filename>rezanova_natalya/rezanova_natalya_rasskaz_iz_amerikanskoi_zhizni.fb2.zip</filename>
	<title> Резанова Наталья Владимировна. Рассказ из американской жизни</title>
</book>
<book>
	<filename>rezanova_natalya/rezanova_natalya_samoubiistvo_po_sgovoru.fb2.zip</filename>
	<title> Резанова Наталья Владимировна. Самоубийство по сговору</title>
</book>
<book>
	<filename>rezanova_natalya/rezanova_natalya_samyi_dlinnyi_den.fb2.zip</filename>
	<title> Резанова Наталья Владимировна. Самый длинный день</title>
</book>
<book>
	<filename>rezanova_natalya/rezanova_natalya_spyashaya.fb2.zip</filename>
	<title> Резанова Наталья Владимировна. Спящая</title>
</book>
<book>
	<filename>rezanova_natalya/rezanova_natalya_strannik.fb2.zip</filename>
	<title> Резанова Наталья Владимировна. Странник</title>
</book>
<book>
	<filename>rezanova_natalya/rezanova_natalya_tigry_verony.fb2.zip</filename>
	<title> Резанова Наталья Владимировна. Тигры Вероны</title>
</book>
<book>
	<filename>rezanova_natalya/rezanova_natalya_udar_miloserdiya.fb2.zip</filename>
	<title> Резанова Наталья Владимировна. Удар милосердия</title>
</book>
<book>
	<filename>rezanova_natalya/rezanova_natalya_u_princessy_vek_nedolog.fb2.zip</filename>
	<title> Резанова Наталья Владимировна. У принцессы век недолог</title>
</book>
<book>
	<filename>rezanova_natalya/rezanova_natalya_utro_hild.fb2.zip</filename>
	<title> Резанова Наталья Владимировна. Утро Хильд</title>
</book>
<book>
	<filename>rezanova_natalya/rezanova_natalya_vdol_granicy_snov.fb2.zip</filename>
	<title> Резанова Наталья Владимировна. Вдоль границы снов</title>
</book>
<book>
	<filename>rezanova_natalya/rezanova_natalya_veselyi_dzhirolamo.fb2.zip</filename>
	<title> Резанова Наталья Владимировна. Веселый Джироламо</title>
</book>
<book>
	<filename>rezanova_natalya/rezanova_natalya_vita_verita.fb2.zip</filename>
	<title> Резанова Наталья Владимировна. Vita verita</title>
</book>
<book>
	<filename>rezanova_natalya/rezanova_natalya_yavlenie_hozyaev.fb2.zip</filename>
	<title> Резанова Наталья Владимировна. Явление хозяев</title>
</book>
<book>
	<filename>rezanova_natalya/rezanova_natalya_yubilei.fb2.zip</filename>
	<title> Резанова Наталья Владимировна. Юбилей</title>
</book>
<book>
	<filename>rezanova_natalya/rezanova_natalya_zashitniki.fb2.zip</filename>
	<title> Резанова Наталья Владимировна. Защитники</title>
</book>
<book>
	<filename>rezanova_natalya/rezanova_natalya_zele.fb2.zip</filename>
	<title> Резанова Наталья Владимировна. Зелье</title>
</book>
<book>
	<filename>rezanova_natalya/rezanova_natalya_zov_nimra.fb2.zip</filename>
	<title> Резанова Наталья Владимировна. Зов Нимра</title>
</book>
<book>
	<filename>rezepova_viktoriya/rezepova_viktoriya_shpargalka_po_dogovornomu_pravu.fb2.zip</filename>
	<title> Резепова Виктория Евгеньевна. Шпаргалка по договорному праву</title>
</book>
<book>
	<filename>rezepova_viktoriya/rezepova_viktoriya_shpargalka_po_pravu_evrosoyuza.fb2.zip</filename>
	<title> Резепова Виктория Евгеньевна. Шпаргалка по праву Евросоюза</title>
</book>
<book>
	<filename>rezepova_viktoriya/rezepova_viktoriya_shpargalka_po_pravu_intellektualnoi_sobstvennosti.fb2.zip</filename>
	<title> Резепова Виктория Евгеньевна. Шпаргалка по праву интеллектуальной собственности</title>
</book>
<book>
	<filename>rezepova_viktoriya/rezepova_viktoriya_trudovoe_pravo_rossii_shpargalka.fb2.zip</filename>
	<title> Резепова Виктория Евгеньевна. Трудовое право России. Шпаргалка</title>
</book>
<book>
	<filename>rezepov_ildar/rezepov_ildar_psihologiya_i_pedagogika_shpargalka.fb2.zip</filename>
	<title> Резепов Ильдар Шамильевич. Психология и педагогика. Шпаргалка</title>
</book>
<book>
	<filename>rezepov_ildar/rezepov_ildar_psihologiya_reklamy_i_pr.fb2.zip</filename>
	<title> Резепов Ильдар Шамильевич. Психология рекламы и PR</title>
</book>
<book>
	<filename>rezepov_ildar/rezepov_ildar_shpargalka_po_obshei_psihologii.fb2.zip</filename>
	<title> Резепов Ильдар Шамильевич. Шпаргалка по общей психологии</title>
</book>
<book>
	<filename>reznik_yeduard/reznik_yeduard_tuda_gde_zhivet_schaste.fb2.zip</filename>
	<title> Резник Эдуард Григорьевич. Туда, где живет счастье</title>
</book>
<book>
	<filename>rezov_aleksandr/rezov_aleksandr_bozhi_tvari.fb2.zip</filename>
	<title> Резов Александр. Божьи твари</title>
</book>
<book>
	<filename>ribeiru_zhuliu/ribeiru_zhuliu_plot.fb2.zip</filename>
	<title> Рибейру Жулиу. Плоть</title>
</book>
<book>
	<filename>rid_dzhoanna/rid_dzhoanna_ozhidanie_chuda.fb2.zip</filename>
	<title> Рид Джоанна. Ожидание чуда</title>
</book>
<book>
	<filename>rid_yelizabet/rid_yelizabet_zhizn_i_priklyucheniya_kapitana_main_rida.fb2.zip</filename>
	<title> Рид Элизабет. Жизнь и приключения капитана Майн Рида</title>
</book>
<book>
	<filename>ringo_dzhon/ringo_dzhon_marsh_cherez_dzhungli.fb2.zip</filename>
	<title> Ринго Джон. Марш через джунгли</title>
</book>
<book>
	<filename>roberts_pamela/roberts_pamela_luchshaya_podruga.fb2.zip</filename>
	<title> Робертс Памела. Лучшая подруга</title>
</book>
<book>
	<filename>roberts_yuliya/roberts_yuliya_kak_stat_krasotkoi_za_30_dnei.fb2.zip</filename>
	<title> Робертс Юлия. Как стать красоткой за 30 дней</title>
</book>
<book>
	<filename>rodimin_evgenii/rodimin_evgenii_hvoinyi_kvas_chudobalzam_dlya_zdorovya_i_dolgoletiya.fb2.zip</filename>
	<title> Родимин Евгений Михайлович. Хвойный квас. Чудо-бальзам для здоровья и долголетия</title>
</book>
<book>
	<filename>rodimin_evgenii/rodimin_evgenii_voda_kolokolnaya_voda_zolotaya_voda_zhivaya_i_mertvaya.fb2.zip</filename>
	<title> Родимин Евгений Михайлович. Вода колокольная, вода золотая, вода живая и мертвая</title>
</book>
<book>
	<filename>rogov_o/rogov_o_500_receptov_holodnyh_zakusok_i_salatov.fb2.zip</filename>
	<title> Рогов О. Г. 500 рецептов холодных закусок и салатов</title>
</book>
<book>
	<filename>rogov_o/rogov_o_popugai.fb2.zip</filename>
	<title> Рогов О. Г. Попугаи</title>
</book>
<book>
	<filename>roi_oleg/roi_oleg_bankrotstvo_mnimyh_cennostei.fb2.zip</filename>
	<title> Рой Олег Юрьевич. Банкротство мнимых ценностей</title>
</book>
<book>
	<filename>roi_oleg/roi_oleg_dom_bez_vyhoda.fb2.zip</filename>
	<title> Рой Олег Юрьевич. Дом без выхода</title>
</book>
<book>
	<filename>roi_oleg/roi_oleg_kapkan_supruzheskoi_svobody.fb2.zip</filename>
	<title> Рой Олег Юрьевич. Капкан супружеской свободы</title>
</book>
<book>
	<filename>roi_oleg/roi_oleg_mir_nad_propastyu.fb2.zip</filename>
	<title> Рой Олег Юрьевич. Мир над пропастью</title>
</book>
<book>
	<filename>roi_oleg/roi_oleg_muzhchina_v_okne_naprotiv.fb2.zip</filename>
	<title> Рой Олег Юрьевич. Мужчина в окне напротив</title>
</book>
<book>
	<filename>roi_oleg/roi_oleg_muzh_zhena_lyubovnica.fb2.zip</filename>
	<title> Рой Олег Юрьевич. Муж, жена, любовница</title>
</book>
<book>
	<filename>roi_oleg/roi_oleg_ukradennoe_schaste.fb2.zip</filename>
	<title> Рой Олег Юрьевич. Украденное счастье</title>
</book>
<book>
	<filename>roi_oleg/roi_oleg_ulybka_chernogo_kota.fb2.zip</filename>
	<title> Рой Олег Юрьевич. Улыбка черного кота</title>
</book>
<book>
	<filename>roks_melani/roks_melani_avantyuristka.fb2.zip</filename>
	<title> Рокс Мелани. Авантюристка</title>
</book>
<book>
	<filename>roks_melani/roks_melani_klyuchik_ot_serdca.fb2.zip</filename>
	<title> Рокс Мелани. Ключик от сердца</title>
</book>
<book>
	<filename>roks_melani/roks_melani_muzhchina_na_zakaz.fb2.zip</filename>
	<title> Рокс Мелани. Мужчина на заказ</title>
</book>
<book>
	<filename>roks_melani/roks_melani_novaya_galateya.fb2.zip</filename>
	<title> Рокс Мелани. Новая Галатея</title>
</book>
<book>
	<filename>roks_melani/roks_melani_okean_lyubvi.fb2.zip</filename>
	<title> Рокс Мелани. Океан любви</title>
</book>
<book>
	<filename>roks_melani/roks_melani_opasnyi_zhenih.fb2.zip</filename>
	<title> Рокс Мелани. Опасный жених</title>
</book>
<book>
	<filename>roks_melani/roks_melani_razbuzhennaya_poceluem.fb2.zip</filename>
	<title> Рокс Мелани. Разбуженная поцелуем</title>
</book>
<book>
	<filename>roks_melani/roks_melani_taina_brachnoi_nochi.fb2.zip</filename>
	<title> Рокс Мелани. Тайна брачной ночи</title>
</book>
<book>
	<filename>roks_melani/roks_melani_vulkan_strastei.fb2.zip</filename>
	<title> Рокс Мелани. Вулкан страстей</title>
</book>
<book>
	<filename>rollingz_laiza/rollingz_laiza_bezumnaya_strast.fb2.zip</filename>
	<title> Роллингз Лайза. Безумная страсть</title>
</book>
<book>
	<filename>rollingz_laiza/rollingz_laiza_dostuchatsya_do_serdca.fb2.zip</filename>
	<title> Роллингз Лайза. Достучаться до сердца</title>
</book>
<book>
	<filename>rollingz_laiza/rollingz_laiza_lyubov_po_raschetu.fb2.zip</filename>
	<title> Роллингз Лайза. Любовь по расчету</title>
</book>
<book>
	<filename>rollingz_laiza/rollingz_laiza_zhenshina_kotoraya_lyubit.fb2.zip</filename>
	<title> Роллингз Лайза. Женщина, которая любит</title>
</book>
<book>
	<filename>romancev_vyacheslav/romancev_vyacheslav_korablprizrak.fb2.zip</filename>
	<title> Романцев Вячеслав. Корабль-призрак</title>
</book>
<book>
	<filename>romancev_vyacheslav/romancev_vyacheslav_psy_gospoda.fb2.zip</filename>
	<title> Романцев Вячеслав. Псы Господа</title>
</book>
<book>
	<filename>romaneckii_nikolai/romaneckii_nikolai_oploshka_vyshla.fb2.zip</filename>
	<title> Романецкий Николай Михайлович. Оплошка вышла!..</title>
</book>
<book>
	<filename>romaneckii_nikolai/romaneckii_nikolai_sumasshedshii_v_gorah.fb2.zip</filename>
	<title> Романецкий Николай Михайлович. Сумасшедший в горах</title>
</book>
<book>
	<filename>romanova_aleksandra/romanova_aleksandra_denezhnyi_semestr.fb2.zip</filename>
	<title> Романова Александра. Денежный семестр</title>
</book>
<book>
	<filename>romanova_aleksandra/romanova_aleksandra_zachet_po_ubiistvu.fb2.zip</filename>
	<title> Романова Александра. Зачет по убийству</title>
</book>
<book>
	<filename>romanova_elena/romanova_elena_lechenie_boleznei_pochek.fb2.zip</filename>
	<title> Романова Елена Алексеевна. Лечение болезней почек</title>
</book>
<book>
	<filename>romanova_elena/romanova_elena_lechenie_yazvy_zheludka_noveishie_medicinskie_metodiki.fb2.zip</filename>
	<title> Романова Елена Алексеевна. Лечение язвы желудка. Новейшие медицинские методики</title>
</book>
<book>
	<filename>romanova_elena/romanova_elena_lechenie_zabolevanii_zheludka_i_kishechnika.fb2.zip</filename>
	<title> Романова Елена Алексеевна. Лечение заболеваний желудка и кишечника</title>
</book>
<book>
	<filename>romanova_galina/romanova_galina_bludnica_ponevole.fb2.zip</filename>
	<title> Романова Галина Владимировна. Блудница поневоле</title>
</book>
<book>
	<filename>romanova_galina/romanova_galina_bolshie_problemy_malenkoi_blondinki.fb2.zip</filename>
	<title> Романова Галина Владимировна. Большие проблемы маленькой блондинки</title>
</book>
<book>
	<filename>romanova_galina/romanova_galina_chernaya_korona.fb2.zip</filename>
	<title> Романова Галина Владимировна. Черная корона</title>
</book>
<book>
	<filename>romanova_galina/romanova_galina_chert_iz_tihogo_omuta.fb2.zip</filename>
	<title> Романова Галина Владимировна. Черт из тихого омута</title>
</book>
<book>
	<filename>romanova_galina/romanova_galina_demon_iskusheniya.fb2.zip</filename>
	<title> Романова Галина Владимировна. Демон искушения</title>
</book>
<book>
	<filename>romanova_galina/romanova_galina_devushka_s_sekretom.fb2.zip</filename>
	<title> Романова Галина Владимировна. Девушка с секретом</title>
</book>
<book>
	<filename>romanova_galina/romanova_galina_dlinnaya_ten_greha.fb2.zip</filename>
	<title> Романова Галина Владимировна. Длинная тень греха</title>
</book>
<book>
	<filename>romanova_galina/romanova_galina_dozhit_do_utra.fb2.zip</filename>
	<title> Романова Галина Владимировна. Дожить до утра</title>
</book>
<book>
	<filename>romanova_galina/romanova_galina_greshnica_v_shampanskom.fb2.zip</filename>
	<title> Романова Галина Владимировна. Грешница в шампанском</title>
</book>
<book>
	<filename>romanova_galina/romanova_galina_igrayushaya_so_smertyu.fb2.zip</filename>
	<title> Романова Галина Владимировна. Играющая со смертью</title>
</book>
<book>
	<filename>romanova_galina/romanova_galina_igry_v_lichnuyu_zhizn.fb2.zip</filename>
	<title> Романова Галина Владимировна. Игры в личную жизнь</title>
</book>
<book>
	<filename>romanova_galina/romanova_galina_ispolnitelnica_temnyh_zhelanii.fb2.zip</filename>
	<title> Романова Галина Владимировна. Исполнительница темных желаний</title>
</book>
<book>
	<filename>romanova_galina/romanova_galina_krasotka_pechalnogo_obraza.fb2.zip</filename>
	<title> Романова Галина Владимировна. Красотка печального образа</title>
</book>
<book>
	<filename>romanova_galina/romanova_galina_krestnyi_papa.fb2.zip</filename>
	<title> Романова Галина Владимировна. Крестный папа</title>
</book>
<book>
	<filename>romanova_galina/romanova_galina_licenziya_na_happy_end.fb2.zip</filename>
	<title> Романова Галина Владимировна. Лицензия на happy end</title>
</book>
<book>
	<filename>romanova_galina/romanova_galina_lichnoe_delo_soblaznitelnicy.fb2.zip</filename>
	<title> Романова Галина Владимировна. Личное дело соблазнительницы</title>
</book>
<book>
	<filename>romanova_galina/romanova_galina_lyubveobilnyi_dzhekpot.fb2.zip</filename>
	<title> Романова Галина Владимировна. Любвеобильный джек-пот</title>
</book>
<book>
	<filename>romanova_galina/romanova_galina_millionersha_ponevole.fb2.zip</filename>
	<title> Романова Галина Владимировна. Миллионерша поневоле</title>
</book>
<book>
	<filename>romanova_galina/romanova_galina_million_prichin_umeret.fb2.zip</filename>
	<title> Романова Галина Владимировна. Миллион причин умереть</title>
</book>
<book>
	<filename>romanova_galina/romanova_galina_muzhei_mnogo_ne_byvaet.fb2.zip</filename>
	<title> Романова Галина Владимировна. Мужей много не бывает</title>
</book>
<book>
	<filename>romanova_galina/romanova_galina_nevesta_v_sugrobe.fb2.zip</filename>
	<title> Романова Галина Владимировна. Невеста в сугробе</title>
</book>
<book>
	<filename>romanova_galina/romanova_galina_noch_s_roskoshnoi_izmennicei.fb2.zip</filename>
	<title> Романова Галина Владимировна. Ночь с роскошной изменницей</title>
</book>
<book>
	<filename>romanova_galina/romanova_galina_obmani_menya_krasivo.fb2.zip</filename>
	<title> Романова Галина Владимировна. Обмани меня красиво</title>
</book>
<book>
	<filename>romanova_galina/romanova_galina_ohotniki_do_chuzhih_denezhek.fb2.zip</filename>
	<title> Романова Галина Владимировна. Охотники до чужих денежек</title>
</book>
<book>
	<filename>romanova_galina/romanova_galina_okno_v_parizh_dlya_dvoih.fb2.zip</filename>
	<title> Романова Галина Владимировна. Окно в Париж для двоих</title>
</book>
<book>
	<filename>romanova_galina/romanova_galina_poka_smert_ne_razluchit_nas.fb2.zip</filename>
	<title> Романова Галина Владимировна. Пока смерть не разлучит нас</title>
</book>
<book>
	<filename>romanova_galina/romanova_galina_pora_podsnezhnikov.fb2.zip</filename>
	<title> Романова Галина Владимировна. Пора подснежников</title>
</book>
<book>
	<filename>romanova_galina/romanova_galina_princip_otello.fb2.zip</filename>
	<title> Романова Галина Владимировна. Принцип Отелло</title>
</book>
<book>
	<filename>romanova_galina/romanova_galina_pyat_minut_mezhdu_zhiznyu_i_smertyu.fb2.zip</filename>
	<title> Романова Галина Владимировна. Пять минут между жизнью и смертью</title>
</book>
<book>
	<filename>romanova_galina/romanova_galina_rasplata_za_naivnost.fb2.zip</filename>
	<title> Романова Галина Владимировна. Расплата за наивность</title>
</book>
<book>
	<filename>romanova_galina/romanova_galina_rycar_chuzhoi_mechty.fb2.zip</filename>
	<title> Романова Галина Владимировна. Рыцарь чужой мечты</title>
</book>
<book>
	<filename>romanova_galina/romanova_galina_ryzhayabesstyzhaya.fb2.zip</filename>
	<title> Романова Галина Владимировна. Рыжая-бесстыжая</title>
</book>
<book>
	<filename>romanova_galina/romanova_galina_schaste_po_sobstvennomu_zhelaniyu.fb2.zip</filename>
	<title> Романова Галина Владимировна. Счастье по собственному желанию</title>
</book>
<book>
	<filename>romanova_galina/romanova_galina_staraya_taina_novyi_negodyai.fb2.zip</filename>
	<title> Романова Галина Владимировна. Старая тайна, новый негодяй</title>
</book>
<book>
	<filename>romanova_galina/romanova_galina_stervami_ne_rozhdayutsya.fb2.zip</filename>
	<title> Романова Галина Владимировна. Стервами не рождаются!</title>
</book>
<book>
	<filename>romanova_galina/romanova_galina_ty_u_nego_odna.fb2.zip</filename>
	<title> Романова Галина Владимировна. Ты у него одна</title>
</book>
<book>
	<filename>romanova_galina/romanova_galina_v_lyubvi_broda_net.fb2.zip</filename>
	<title> Романова Галина Владимировна. В любви брода нет</title>
</book>
<book>
	<filename>romanova_galina/romanova_galina_vnimanie_nevernyi_muzh.fb2.zip</filename>
	<title> Романова Галина Владимировна. Внимание: неверный муж!</title>
</book>
<book>
	<filename>romanova_galina/romanova_galina_vtoroi_podarok_sudby.fb2.zip</filename>
	<title> Романова Галина Владимировна. Второй подарок судьбы</title>
</book>
<book>
	<filename>romanova_galina/romanova_galina_ya_ego_alibi.fb2.zip</filename>
	<title> Романова Галина Владимировна. Я – его алиби</title>
</book>
<book>
	<filename>romanova_galina/romanova_galina_zavtra_ne_nastupit_nikogda.fb2.zip</filename>
	<title> Романова Галина Владимировна. Завтра не наступит никогда</title>
</book>
<book>
	<filename>romanov_nikolai/romanov_nikolai_bitva_mestnogo_znacheniya.fb2.zip</filename>
	<title> Романов Николай. Битва местного значения</title>
</book>
<book>
	<filename>romanov_nikolai/romanov_nikolai_gvardeec.fb2.zip</filename>
	<title> Романов Николай. Гвардеец</title>
</book>
<book>
	<filename>romanov_nikolai/romanov_nikolai_imperator.fb2.zip</filename>
	<title> Романов Николай. Император</title>
</book>
<book>
	<filename>romanov_nikolai/romanov_nikolai_insurgent.fb2.zip</filename>
	<title> Романов Николай. Инсургент</title>
</book>
<book>
	<filename>romanov_nikolai/romanov_nikolai_kurs_lecheniya.fb2.zip</filename>
	<title> Романов Николай. Курс лечения</title>
</book>
<book>
	<filename>romanov_svyatoslav/romanov_svyatoslav_kniga_atlantidy.fb2.zip</filename>
	<title> Романов Святослав. Книга Атлантиды</title>
</book>
<book>
	<filename>romanov_vitalii/romanov_vitalii_golodnyi_dom.fb2.zip</filename>
	<title> Романов Виталий. Голодный дом</title>
</book>
<book>
	<filename>romanov_vitalii/romanov_vitalii_labirint_smerti.fb2.zip</filename>
	<title> Романов Виталий. Лабиринт смерти</title>
</book>
<book>
	<filename>romanov_vitalii/romanov_vitalii_osnovy_industrii_gostepriimstva.fb2.zip</filename>
	<title> Романов Виталий Вячеславович. Основы индустрии гостеприимства</title>
</book>
<book>
	<filename>romanov_vitalii/romanov_vitalii_razum_chudovisha.fb2.zip</filename>
	<title> Романов Виталий. Разум чудовища</title>
</book>
<book>
	<filename>romanov_vitalii/romanov_vitalii_vystrel_v_zerkalo.fb2.zip</filename>
	<title> Романов Виталий. Выстрел в зеркало</title>
</book>
<book>
	<filename>romanov_vitalii/romanov_vitalii_yelitnaya_krov.fb2.zip</filename>
	<title> Романов Виталий. Элитная кровь</title>
</book>
<book>
	<filename>ronshina_nataliya/ronshina_nataliya_mezhdunarodnye_yekonomicheskie_otnosheniya.fb2.zip</filename>
	<title> Роньшина Наталия Ивановна. Международные экономические отношения</title>
</book>
<book>
	<filename>ronshina_nataliya/ronshina_nataliya_mezhdunarodnye_yekonomicheskie_otnosheniya_konspekt_lekcii.fb2.zip</filename>
	<title> Роньшина Наталия Ивановна. Международные экономические отношения: конспект лекций</title>
</book>
<book>
	<filename>ronshin_valerii/ronshin_valerii_taina_odnoglazoi_dzhokondy.fb2.zip</filename>
	<title> Роньшин Валерий. Тайна одноглазой «Джоконды»</title>
</book>
<book>
	<filename>roshal_viktoriya/roshal_viktoriya_1000_luchshih_receptov_konservirovaniya_i_soleniya.fb2.zip</filename>
	<title> Рошаль Виктория Михайловна. 1000 лучших рецептов консервирования и соления</title>
</book>
<book>
	<filename>roshina_nataliya/roshina_nataliya_cena_zhelaniya.fb2.zip</filename>
	<title> Рощина Наталия. Цена желания</title>
</book>
<book>
	<filename>roshina_nataliya/roshina_nataliya_glaza_lyubvi.fb2.zip</filename>
	<title> Рощина Наталия. Глаза любви</title>
</book>
<book>
	<filename>roshina_nataliya/roshina_nataliya_greh.fb2.zip</filename>
	<title> Рощина Наталия. Грех</title>
</book>
<book>
	<filename>roshina_nataliya/roshina_nataliya_igra_tenei.fb2.zip</filename>
	<title> Рощина Наталия. Игра теней</title>
</book>
<book>
	<filename>roshina_nataliya/roshina_nataliya_kakogo_cveta_lyubov.fb2.zip</filename>
	<title> Рощина Наталия. Какого цвета любовь?</title>
</book>
<book>
	<filename>roshina_nataliya/roshina_nataliya_plach_palacha.fb2.zip</filename>
	<title> Рощина Наталия. Плач палача</title>
</book>
<book>
	<filename>roshina_nataliya/roshina_nataliya_spasenie_vo_lzhi.fb2.zip</filename>
	<title> Рощина Наталия. Спасение во лжи</title>
</book>
<book>
	<filename>roshina_nataliya/roshina_nataliya_vse_budet_horosho_ili_svobodnyi_plen.fb2.zip</filename>
	<title> Рощина Наталия. Все будет хорошо, или Свободный плен</title>
</book>
<book>
	<filename>roshin_ilya/roshin_ilya_lechenie_celebnymi_maslami.fb2.zip</filename>
	<title> Рощин Илья. Лечение целебными маслами</title>
</book>
<book>
	<filename>roshin_ilya/roshin_ilya_lechenie_nastoyami_nastoikami_i_otvarami.fb2.zip</filename>
	<title> Рощин Илья. Лечение настоями, настойками и отварами</title>
</book>
<book>
	<filename>roshin_ilya/roshin_ilya_vitaminyceliteli.fb2.zip</filename>
	<title> Рощин Илья. Витамины-целители</title>
</book>
<book>
	<filename>rouz_lesli_yenn/rouz_lesli_yenn_paradoksy_lyubvi.fb2.zip</filename>
	<title> Роуз Лесли Энн. Парадоксы любви</title>
</book>
<book>
	<filename>rouz_sara/rouz_sara_prekrasnaya_dyenis.fb2.zip</filename>
	<title> Роуз Сара. Прекрасная Дэнис</title>
</book>
<book>
	<filename>rouz_yemili/rouz_yemili_byvshii_muzh.fb2.zip</filename>
	<title> Роуз Эмили. Бывший муж</title>
</book>
<book>
	<filename>rouz_yemili/rouz_yemili_lyubov_po_kontraktu.fb2.zip</filename>
	<title> Роуз Эмили. Любовь по контракту</title>
</book>
<book>
	<filename>rozanova_lyudmila/rozanova_lyudmila_russkoe_kuznechnoe_remeslo_v_zolotoordynskii_period_i_yepohu_moskovskogo_gosudarstva.fb2.zip</filename>
	<title> Розанова Людмила. Русское кузнечное ремесло в золотоордынский период и эпоху Московского государства</title>
</book>
<book>
	<filename>rozhankovskii_vladimir/rozhankovskii_vladimir_yeto_defolt.fb2.zip</filename>
	<title> Рожанковский Владимир. Это дефолт!</title>
</book>
<book>
	<filename>rozhdestvina_a/rozhdestvina_a_shpargalka_po_pravu_socialnogo_obespecheniya.fb2.zip</filename>
	<title> http://lib.aldebaran.ru/author/rozhdestvina_a/. Шпаргалка по праву социального обеспечения</title>
</book>
<book>
	<filename>rozhdestvina_anna/rozhdestvina_anna_shpargalka_po_ugolovnomu_pravu_obshaya_chast.fb2.zip</filename>
	<title> Рождествина Анна Анатольевна. Шпаргалка по уголовному праву. Общая часть</title>
</book>
<book>
	<filename>rozhdestvina_anna/rozhdestvina_anna_shpargalka_po_ugolovnomu_pravu_osobennaya_chast.fb2.zip</filename>
	<title> Рождествина Анна Анатольевна. Шпаргалка по уголовному праву. Особенная часть</title>
</book>
<book>
	<filename>rozovskii_mark/rozovskii_mark_skazki_dlya_sashi.fb2.zip</filename>
	<title> Розовский Марк. Сказки для Саши</title>
</book>
<book>
	<filename>rubanov_andrei/rubanov_andrei_sazhaite_i_vyrastet.fb2.zip</filename>
	<title> Рубанов Андрей. Сажайте, и вырастет</title>
</book>
<book>
	<filename>rubanov_andrei/rubanov_andrei_velikaya_mechta.fb2.zip</filename>
	<title> Рубанов Андрей. Великая Мечта</title>
</book>
<book>
	<filename>rubina_dina/rubina_dina_adam_i_miryam.fb2.zip</filename>
	<title> Рубина Дина Ильинична. Адам и Мирьям</title>
</book>
<book>
	<filename>rubina_dina/rubina_dina_alt_pereletnyi.fb2.zip</filename>
	<title> Рубина Дина Ильинична. Альт перелетный</title>
</book>
<book>
	<filename>rubina_dina/rubina_dina_alt_pereletnyi_sbornik.fb2.zip</filename>
	<title> Рубина Дина Ильинична. Альт перелетный (сборник)</title>
</book>
<book>
	<filename>rubina_dina/rubina_dina_a_ne_zdes_vy_ne_mozhete_ne_hodit_ili_kak_my_s_klaroi_ezdili_v_rossiyu.fb2.zip</filename>
	<title> Рубина Дина Ильинична. А не здесь вы не можете не ходить?!, или Как мы с Кларой ездили в Россию</title>
</book>
<book>
	<filename>rubina_dina/rubina_dina_angel_konvoinyi_sbornik.fb2.zip</filename>
	<title> Рубина Дина Ильинична. Ангел конвойный (сборник)</title>
</book>
<book>
	<filename>rubina_dina/rubina_dina_astralnyi_polet_dushi_na_uroke_fiziki.fb2.zip</filename>
	<title> Рубина Дина Ильинична. Астральный полет души на уроке физики</title>
</book>
<book>
	<filename>rubina_dina/rubina_dina_belaya_golubka_kordovy.fb2.zip</filename>
	<title> Рубина Дина Ильинична. Белая голубка Кордовы</title>
</book>
<book>
	<filename>rubina_dina/rubina_dina_belyi_osel_v_ozhidanii_spasitelya.fb2.zip</filename>
	<title> Рубина Дина Ильинична. Белый осел в ожидании Спасителя</title>
</book>
<book>
	<filename>rubina_dina/rubina_dina_besedy_o_dome_o_moskve_ob_ierusalime.fb2.zip</filename>
	<title> Рубина Дина Ильинична. Беседы о доме, о Москве, об Иерусалиме</title>
</book>
<book>
	<filename>rubina_dina/rubina_dina_bessonnica.fb2.zip</filename>
	<title> Рубина Дина Ильинична. Бессонница</title>
</book>
<book>
	<filename>rubina_dina/rubina_dina_bolno_tolko_kogda_smeyus.fb2.zip</filename>
	<title> Рубина Дина Ильинична. Больно только когда смеюсь</title>
</book>
<book>
	<filename>rubina_dina/rubina_dina_bolsheglazyi_imperator_semeistvo_morskih_karasei.fb2.zip</filename>
	<title> Рубина Дина Ильинична. Большеглазый император, семейство морских карасей</title>
</book>
<book>
	<filename>rubina_dina/rubina_dina_chem_by_zanyatsya.fb2.zip</filename>
	<title> Рубина Дина Ильинична. Чем бы заняться?</title>
</book>
<book>
	<filename>rubina_dina/rubina_dina_chuzhie_podezdy.fb2.zip</filename>
	<title> Рубина Дина Ильинична. Чужие подъезды</title>
</book>
<book>
	<filename>rubina_dina/rubina_dina_cyganka.fb2.zip</filename>
	<title> Рубина Дина Ильинична. Цыганка</title>
</book>
<book>
	<filename>rubina_dina/rubina_dina_cyganka_sbornik.fb2.zip</filename>
	<title> Рубина Дина Ильинична. Цыганка (сборник)</title>
</book>
<book>
	<filename>rubina_dina/rubina_dina_ded_i_laima.fb2.zip</filename>
	<title> Рубина Дина Ильинична. Дед и Лайма</title>
</book>
<book>
	<filename>rubina_dina/rubina_dina_den_uborki.fb2.zip</filename>
	<title> Рубина Дина Ильинична. День уборки</title>
</book>
<book>
	<filename>rubina_dina/rubina_dina_deti.fb2.zip</filename>
	<title> Рубина Дина Ильинична. Дети</title>
</book>
<book>
	<filename>rubina_dina/rubina_dina_dom_za_zelenoi_kalitkoi.fb2.zip</filename>
	<title> Рубина Дина Ильинична. Дом за зеленой калиткой</title>
</book>
<book>
	<filename>rubina_dina/rubina_dina_dushegubica.fb2.zip</filename>
	<title> Рубина Дина Ильинична. Душегубица</title>
</book>
<book>
	<filename>rubina_dina/rubina_dina_dvoe_na_kryshe.fb2.zip</filename>
	<title> Рубина Дина Ильинична. Двое на крыше</title>
</book>
<book>
	<filename>rubina_dina/rubina_dina_dvoinaya_familiya.fb2.zip</filename>
	<title> Рубина Дина Ильинична. Двойная фамилия</title>
</book>
<book>
	<filename>rubina_dina/rubina_dina_dzhazband_na_karlovom_mostu.fb2.zip</filename>
	<title> Рубина Дина Ильинична. Джаз-банд на Карловом мосту</title>
</book>
<book>
	<filename>rubina_dina/rubina_dina_evreiskaya_nevesta.fb2.zip</filename>
	<title> Рубина Дина Ильинична. Еврейская невеста</title>
</book>
<book>
	<filename>rubina_dina/rubina_dina_farforovye_zatei.fb2.zip</filename>
	<title> Рубина Дина Ильинична. Фарфоровые затеи</title>
</book>
<book>
	<filename>rubina_dina/rubina_dina_glad_ozera_v_pasmurnoi_mgle.fb2.zip</filename>
	<title> Рубина Дина Ильинична. Гладь озера в пасмурной мгле</title>
</book>
<book>
	<filename>rubina_dina/rubina_dina_glad_ozera_v_pasmurnoi_mgle_sbornik.fb2.zip</filename>
	<title> Рубина Дина Ильинична. Гладь озера в пасмурной мгле (сборник)</title>
</book>
<book>
	<filename>rubina_dina/rubina_dina_gobelen.fb2.zip</filename>
	<title> Рубина Дина Ильинична. Гобелен</title>
</book>
<book>
	<filename>rubina_dina/rubina_dina_golos_v_metro.fb2.zip</filename>
	<title> Рубина Дина Ильинична. Голос в метро</title>
</book>
<book>
	<filename>rubina_dina/rubina_dina_holodnaya_vesna_v_provanse.fb2.zip</filename>
	<title> Рубина Дина Ильинична. Холодная весна в Провансе</title>
</book>
<book>
	<filename>rubina_dina/rubina_dina_holodnaya_vesna_v_provanse_sbornik.fb2.zip</filename>
	<title> Рубина Дина Ильинична. Холодная весна в Провансе (сборник)</title>
</book>
<book>
	<filename>rubina_dina/rubina_dina_ierusalimcy.fb2.zip</filename>
	<title> Рубина Дина Ильинична. Иерусалимцы</title>
</book>
<book>
	<filename>rubina_dina/rubina_dina_ierusalimskii_avtobus.fb2.zip</filename>
	<title> Рубина Дина Ильинична. Иерусалимский автобус</title>
</book>
<book>
	<filename>rubina_dina/rubina_dina_ih_bin_nervoso_sbornik.fb2.zip</filename>
	<title> Рубина Дина Ильинична. «…Их бин нервосо!» (сборник)</title>
</book>
<book>
	<filename>rubina_dina/rubina_dina_i_kogda_ona_upala.fb2.zip</filename>
	<title> Рубина Дина Ильинична. И когда она упала...</title>
</book>
<book>
	<filename>rubina_dina/rubina_dina_itak_prodolzhaem.fb2.zip</filename>
	<title> Рубина Дина Ильинична. Итак, продолжаем!</title>
</book>
<book>
	<filename>rubina_dina/rubina_dina_kamera_naezzhaet.fb2.zip</filename>
	<title> Рубина Дина Ильинична. Камера наезжает!</title>
</book>
<book>
	<filename>rubina_dina/rubina_dina_kamera_naezzhaet_sbornik.fb2.zip</filename>
	<title> Рубина Дина Ильинична. Камера наезжает! (сборник)</title>
</book>
<book>
	<filename>rubina_dina/rubina_dina_kogda_zhe_poidet_sneg.fb2.zip</filename>
	<title> Рубина Дина Ильинична. Когда же пойдет снег?</title>
</book>
<book>
	<filename>rubina_dina/rubina_dina_koksinel.fb2.zip</filename>
	<title> Рубина Дина Ильинична. Коксинель</title>
</book>
<book>
	<filename>rubina_dina/rubina_dina_koncert_po_putevke_obshestva_knigolyubov.fb2.zip</filename>
	<title> Рубина Дина Ильинична. Концерт по путевке «Общества книголюбов»</title>
</book>
<book>
	<filename>rubina_dina/rubina_dina_lyubka.fb2.zip</filename>
	<title> Рубина Дина Ильинична. Любка</title>
</book>
<book>
	<filename>rubina_dina/rubina_dina_main_pidzhak_in_vaise_kletka.fb2.zip</filename>
	<title> Рубина Дина Ильинична. Майн пиджак ин вайсе клетка…</title>
</book>
<book>
	<filename>rubina_dina/rubina_dina_maska_ya_tebya_ne_znayu.fb2.zip</filename>
	<title> Рубина Дина Ильинична. Маска, я тебя не знаю…</title>
</book>
<book>
	<filename>rubina_dina/rubina_dina_mastertarabuka.fb2.zip</filename>
	<title> Рубина Дина Ильинична. Мастер-тарабука</title>
</book>
<book>
	<filename>rubina_dina/rubina_dina_mastertarabuka_sbornik.fb2.zip</filename>
	<title> Рубина Дина Ильинична. Мастер-тарабука (сборник)</title>
</book>
<book>
	<filename>rubina_dina/rubina_dina_my_ne_v_proigryshe.fb2.zip</filename>
	<title> Рубина Дина Ильинична. Мы не в проигрыше</title>
</book>
<book>
	<filename>rubina_dina/rubina_dina_na_dolgom_svetofore.fb2.zip</filename>
	<title> Рубина Дина Ильинична. На долгом светофоре</title>
</book>
<book>
	<filename>rubina_dina/rubina_dina_na_ishode_avgusta.fb2.zip</filename>
	<title> Рубина Дина Ильинична. На исходе августа</title>
</book>
<book>
	<filename>rubina_dina/rubina_dina_nash_kitaiskii_biznes.fb2.zip</filename>
	<title> Рубина Дина Ильинична. Наш китайский бизнес</title>
</book>
<book>
	<filename>rubina_dina/rubina_dina_nash_kitaiskii_biznes_sbornik.fb2.zip</filename>
	<title> Рубина Дина Ильинична. Наш китайский бизнес (сборник)</title>
</book>
<book>
	<filename>rubina_dina/rubina_dina_na_solnechnoi_storone_ulicy.fb2.zip</filename>
	<title> Рубина Дина Ильинична. На солнечной стороне улицы</title>
</book>
<book>
	<filename>rubina_dina/rubina_dina_na_verhnei_maslovke.fb2.zip</filename>
	<title> Рубина Дина Ильинична. На верхней Масловке</title>
</book>
<book>
	<filename>rubina_dina/rubina_dina_na_verhnei_maslovke_sbornik.fb2.zip</filename>
	<title> Рубина Дина Ильинична. На Верхней Масловке (сборник)</title>
</book>
<book>
	<filename>rubina_dina/rubina_dina_neskolko_toroplivyh_slov_lyubvi_sbornik.fb2.zip</filename>
	<title> Рубина Дина Ильинична. Несколько торопливых слов любви (сборник)</title>
</book>
<book>
	<filename>rubina_dina/rubina_dina_oblast_slepyashego_sveta.fb2.zip</filename>
	<title> Рубина Дина Ильинична. Область слепящего света</title>
</book>
<book>
	<filename>rubina_dina/rubina_dina_odin_intelligent_uselsya_na_doroge.fb2.zip</filename>
	<title> Рубина Дина Ильинична. Один интеллигент уселся на дороге</title>
</book>
<book>
	<filename>rubina_dina/rubina_dina_pocherk_leonardo.fb2.zip</filename>
	<title> Рубина Дина Ильинична. Почерк Леонардо</title>
</book>
<book>
	<filename>rubina_dina/rubina_dina_po_doroge_iz_geidelberga.fb2.zip</filename>
	<title> Рубина Дина Ильинична. По дороге из Гейдельберга</title>
</book>
<book>
	<filename>rubina_dina/rubina_dina_pod_znakom_devy.fb2.zip</filename>
	<title> Рубина Дина Ильинична. Под знаком Девы</title>
</book>
<book>
	<filename>rubina_dina/rubina_dina_pod_znakom_karnavala.fb2.zip</filename>
	<title> Рубина Дина Ильинична. Под знаком карнавала</title>
</book>
<book>
	<filename>rubina_dina/rubina_dina_poslednii_kaban_iz_lesov_pontevedra.fb2.zip</filename>
	<title> Рубина Дина Ильинична. Последний кабан из лесов Понтеведра</title>
</book>
<book>
	<filename>rubina_dina/rubina_dina_posleslovie_k_syuzhetu.fb2.zip</filename>
	<title> Рубина Дина Ильинична. Послесловие к сюжету</title>
</book>
<book>
	<filename>rubina_dina/rubina_dina_posoh_deda_moroza.fb2.zip</filename>
	<title> Рубина Дина Ильинична. Посох Деда Мороза</title>
</book>
<book>
	<filename>rubina_dina/rubina_dina_po_subbotam.fb2.zip</filename>
	<title> Рубина Дина Ильинична. По субботам</title>
</book>
<book>
	<filename>rubina_dina/rubina_dina_pozvoni_mne_pozvoni.fb2.zip</filename>
	<title> Рубина Дина Ильинична. Позвони мне, позвони!</title>
</book>
<book>
	<filename>rubina_dina/rubina_dina_protivostoyanie.fb2.zip</filename>
	<title> Рубина Дина Ильинична. Противостояние</title>
</book>
<book>
	<filename>rubina_dina/rubina_dina_ralf_i_shura.fb2.zip</filename>
	<title> Рубина Дина Ильинична. Ральф и Шура</title>
</book>
<book>
	<filename>rubina_dina/rubina_dina_ruchnaya_klad.fb2.zip</filename>
	<title> Рубина Дина Ильинична. Ручная кладь</title>
</book>
<book>
	<filename>rubina_dina/rubina_dina_ruchnaya_klad_sbornik.fb2.zip</filename>
	<title> Рубина Дина Ильинична. Ручная кладь (сборник)</title>
</book>
<book>
	<filename>rubina_dina/rubina_dina_ruzhe_dlya_evy.fb2.zip</filename>
	<title> Рубина Дина Ильинична. Ружье для Евы</title>
</book>
<book>
	<filename>rubina_dina/rubina_dina_sharfik.fb2.zip</filename>
	<title> Рубина Дина Ильинична. Шарфик</title>
</book>
<book>
	<filename>rubina_dina/rubina_dina_shkola_beglosti_palcev_sbornik.fb2.zip</filename>
	<title> Рубина Дина Ильинична. Школа беглости пальцев (сборник)</title>
</book>
<book>
	<filename>rubina_dina/rubina_dina_shkola_sveta.fb2.zip</filename>
	<title> Рубина Дина Ильинична. Школа света</title>
</book>
<book>
	<filename>rubina_dina/rubina_dina_sobaka.fb2.zip</filename>
	<title> Рубина Дина Ильинична. Собака</title>
</book>
<book>
	<filename>rubina_dina/rubina_dina_starye_povesti_o_lyubvi_sbornik.fb2.zip</filename>
	<title> Рубина Дина Ильинична. Старые повести о любви (Сборник)</title>
</book>
<book>
	<filename>rubina_dina/rubina_dina_stoyat_na_krayu_strashnee.fb2.zip</filename>
	<title> Рубина Дина Ильинична. Стоять на краю страшнее…</title>
</book>
<book>
	<filename>rubina_dina/rubina_dina_takaya_dolgaya_zhizn_dve_istorii_lyubvi.fb2.zip</filename>
	<title> Рубина Дина Ильинична. Такая долгая жизнь (Две истории любви)</title>
</book>
<book>
	<filename>rubina_dina/rubina_dina_ternovnik.fb2.zip</filename>
	<title> Рубина Дина Ильинична. Терновник</title>
</book>
<book>
	<filename>rubina_dina/rubina_dina_to_chto_napisano_za_den.fb2.zip</filename>
	<title> Рубина Дина Ильинична. То, что написано за день</title>
</book>
<book>
	<filename>rubina_dina/rubina_dina_tuman.fb2.zip</filename>
	<title> Рубина Дина Ильинична. Туман</title>
</book>
<book>
	<filename>rubina_dina/rubina_dina_u_pisatelya.fb2.zip</filename>
	<title> Рубина Дина Ильинична. У писателя…</title>
</book>
<book>
	<filename>rubina_dina/rubina_dina_uroki_muzyki.fb2.zip</filename>
	<title> Рубина Дина Ильинична. Уроки музыки</title>
</book>
<book>
	<filename>rubina_dina/rubina_dina_villa_uteshenie.fb2.zip</filename>
	<title> Рубина Дина Ильинична. Вилла «Утешение»</title>
</book>
<book>
	<filename>rubina_dina/rubina_dina_v_mire_net_mesta_nezhnosti.fb2.zip</filename>
	<title> Рубина Дина Ильинична. …В мире нет места нежности</title>
</book>
<book>
	<filename>rubina_dina/rubina_dina_volshebnye_skazki_sharlya_perro.fb2.zip</filename>
	<title> Рубина Дина Ильинична. Волшебные сказки Шарля Перро</title>
</book>
<book>
	<filename>rubina_dina/rubina_dina_voskresnaya_messa_v_toledo.fb2.zip</filename>
	<title> Рубина Дина Ильинична. Воскресная месса в Толедо</title>
</book>
<book>
	<filename>rubina_dina/rubina_dina_vo_vratah_tvoih.fb2.zip</filename>
	<title> Рубина Дина Ильинична. Во вратах твоих</title>
</book>
<book>
	<filename>rubina_dina/rubina_dina_v_pryamom_yefire.fb2.zip</filename>
	<title> Рубина Дина Ильинична. В прямом эфире</title>
</book>
<book>
	<filename>rubina_dina/rubina_dina_vremya_solovya.fb2.zip</filename>
	<title> Рубина Дина Ильинична. Время соловья</title>
</book>
<book>
	<filename>rubina_dina/rubina_dina_v_rossii_nado_zhit_dolgo.fb2.zip</filename>
	<title> Рубина Дина Ильинична. В России надо жить долго…</title>
</book>
<book>
	<filename>rubina_dina/rubina_dina_vse_tot_zhe_son.fb2.zip</filename>
	<title> Рубина Дина Ильинична. Все тот же сон!..</title>
</book>
<book>
	<filename>rubina_dina/rubina_dina_vypivat_i_zakusyvat.fb2.zip</filename>
	<title> Рубина Дина Ильинична. …Выпивать и закусывать…</title>
</book>
<book>
	<filename>rubina_dina/rubina_dina_vysokaya_voda_veneciancev.fb2.zip</filename>
	<title> Рубина Дина Ильинична. Высокая вода венецианцев</title>
</book>
<book>
	<filename>rubina_dina/rubina_dina_vyveska.fb2.zip</filename>
	<title> Рубина Дина Ильинична. Вывеска</title>
</book>
<book>
	<filename>rubina_dina/rubina_dina_yabloki_iz_sada_shlicbutera.fb2.zip</filename>
	<title> Рубина Дина Ильинична. Яблоки из сада Шлицбутера</title>
</book>
<book>
	<filename>rubina_dina/rubina_dina_ya_i_ty_pod_persikovymi_oblakami.fb2.zip</filename>
	<title> Рубина Дина Ильинична. Я и ты под персиковыми облаками</title>
</book>
<book>
	<filename>rubina_dina/rubina_dina_ya_kaifuyu.fb2.zip</filename>
	<title> Рубина Дина Ильинична. Я кайфую</title>
</book>
<book>
	<filename>rubina_dina/rubina_dina_ya_ne_lyubovnik_makaron_ili_koechto_iz_ivrita.fb2.zip</filename>
	<title> Рубина Дина Ильинична. Я не любовник макарон, или кое-что из иврита</title>
</book>
<book>
	<filename>rubina_dina/rubina_dina_ya_ofenya.fb2.zip</filename>
	<title> Рубина Дина Ильинична. Я – офеня</title>
</book>
<book>
	<filename>rubina_dina/rubina_dina_yetot_chudnoi_altuhov.fb2.zip</filename>
	<title> Рубина Дина Ильинична. Этот чудной Алтухов</title>
</book>
<book>
	<filename>rubina_dina/rubina_dina_zaklyate.fb2.zip</filename>
	<title> Рубина Дина Ильинична. Заклятье</title>
</book>
<book>
	<filename>rubina_dina/rubina_dina_zavtra_kak_obychno.fb2.zip</filename>
	<title> Рубина Дина Ильинична. Завтра, как обычно</title>
</book>
<book>
	<filename>rubina_katya/rubina_katya_merkurii_do_vostrebovaniya.fb2.zip</filename>
	<title> Рубина Катя. Меркурий – до востребования</title>
</book>
<book>
	<filename>rubina_katya/rubina_katya_vsevsevse_i_murakami.fb2.zip</filename>
	<title> Рубина Катя. Все-все-все и Мураками</title>
</book>
<book>
	<filename>rubin_garriet/rubin_garriet_makiavelli_dlya_zhenshin_iskusstvo_upravleniya_muzhchinami_dlya_princessy.fb2.zip</filename>
	<title> Рубин Гарриет. Макиавелли для женщин. Искусство управления мужчинами для Принцессы</title>
</book>
<book>
	<filename>rubleva_yuliya/rubleva_yuliya_devochka_i_pustynya.fb2.zip</filename>
	<title> Рублева Юлия. Девочка и пустыня</title>
</book>
<book>
	<filename>rubleva_yuliya/rubleva_yuliya_puteshestviya_v_odinochku_egipet.fb2.zip</filename>
	<title> Рублева Юлия. Путешествия в одиночку. Египет</title>
</book>
<book>
	<filename>rubshtein_nina/rubshtein_nina_kak_naiti_svoyu_polovinku.fb2.zip</filename>
	<title> Рубштейн Нина Валентиновна. Как найти свою половинку</title>
</book>
<book>
	<filename>rubshtein_nina/rubshtein_nina_ledi_vne_konkurencii_ili_vse_puti_vedut_k_uspehu.fb2.zip</filename>
	<title> Рубштейн Нина Валентиновна. Леди вне конкуренции, или Все пути ведут к успеху</title>
</book>
<book>
	<filename>rubshtein_nina/rubshtein_nina_trening_zhiznennogo_uspeha.fb2.zip</filename>
	<title> Рубштейн Нина Валентиновна. Тренинг жизненного успеха</title>
</book>
<book>
	<filename>rudazov_aleksandr/rudazov_aleksandr_besy_v_dome.fb2.zip</filename>
	<title> Рудазов Александр. Бесы в доме</title>
</book>
<book>
	<filename>rudazov_aleksandr/rudazov_aleksandr_dar_anhramainyu.fb2.zip</filename>
	<title> Рудазов Александр. Дар Анхра-Майнью</title>
</book>
<book>
	<filename>rudazov_aleksandr/rudazov_aleksandr_demony_v_vatikane.fb2.zip</filename>
	<title> Рудазов Александр. Демоны в Ватикане</title>
</book>
<book>
	<filename>rudazov_aleksandr/rudazov_aleksandr_detstvo_arhimagov.fb2.zip</filename>
	<title> Рудазов Александр. Детство архимагов</title>
</book>
<book>
	<filename>rudazov_aleksandr/rudazov_aleksandr_dvadcat_vtoroi_den.fb2.zip</filename>
	<title> Рудазов Александр. Двадцать второй день</title>
</book>
<book>
	<filename>rudazov_aleksandr/rudazov_aleksandr_dvunog_pryamohodyashii.fb2.zip</filename>
	<title> Рудазов Александр. Двуног прямоходящий</title>
</book>
<book>
	<filename>rudazov_aleksandr/rudazov_aleksandr_goblin.fb2.zip</filename>
	<title> Рудазов Александр. Гоблин</title>
</book>
<book>
	<filename>rudazov_aleksandr/rudazov_aleksandr_gosti_s_centavra.fb2.zip</filename>
	<title> Рудазов Александр. Гости с Центавра</title>
</book>
<book>
	<filename>rudazov_aleksandr/rudazov_aleksandr_iskusstvennyi_mozg.fb2.zip</filename>
	<title> Рудазов Александр. Искусственный мозг</title>
</book>
<book>
	<filename>rudazov_aleksandr/rudazov_aleksandr_izbrannye.fb2.zip</filename>
	<title> Рудазов Александр. Избранные</title>
</book>
<book>
	<filename>rudazov_aleksandr/rudazov_aleksandr_karera.fb2.zip</filename>
	<title> Рудазов Александр. Карьера</title>
</book>
<book>
	<filename>rudazov_aleksandr/rudazov_aleksandr_kogo_boyatsya_magi.fb2.zip</filename>
	<title> Рудазов Александр. Кого боятся маги</title>
</book>
<book>
	<filename>rudazov_aleksandr/rudazov_aleksandr_lyudoedoed.fb2.zip</filename>
	<title> Рудазов Александр. Людоедоед</title>
</book>
<book>
	<filename>rudazov_aleksandr/rudazov_aleksandr_marionetka.fb2.zip</filename>
	<title> Рудазов Александр. Марионетка</title>
</book>
<book>
	<filename>rudazov_aleksandr/rudazov_aleksandr_marsiane_davno_vymerli.fb2.zip</filename>
	<title> Рудазов Александр. Марсиане давно вымерли</title>
</book>
<book>
	<filename>rudazov_aleksandr/rudazov_aleksandr_mashina_zapisyvayushaya_sny.fb2.zip</filename>
	<title> Рудазов Александр. Машина, записывающая сны</title>
</book>
<book>
	<filename>rudazov_aleksandr/rudazov_aleksandr_miniatyury.fb2.zip</filename>
	<title> Рудазов Александр. Миниатюры</title>
</book>
<book>
	<filename>rudazov_aleksandr/rudazov_aleksandr_moi_geroi.fb2.zip</filename>
	<title> Рудазов Александр. Мой герой</title>
</book>
<book>
	<filename>rudazov_aleksandr/rudazov_aleksandr_moroznaya_noch.fb2.zip</filename>
	<title> Рудазов Александр. Морозная ночь</title>
</book>
<book>
	<filename>rudazov_aleksandr/rudazov_aleksandr_odna_tysyachnaya.fb2.zip</filename>
	<title> Рудазов Александр. Одна тысячная</title>
</book>
<book>
	<filename>rudazov_aleksandr/rudazov_aleksandr_plohoi_film.fb2.zip</filename>
	<title> Рудазов Александр. Плохой фильм</title>
</book>
<book>
	<filename>rudazov_aleksandr/rudazov_aleksandr_podzemele.fb2.zip</filename>
	<title> Рудазов Александр. Подземелье</title>
</book>
<book>
	<filename>rudazov_aleksandr/rudazov_aleksandr_poslednii_velikan.fb2.zip</filename>
	<title> Рудазов Александр. Последний великан</title>
</book>
<book>
	<filename>rudazov_aleksandr/rudazov_aleksandr_povelitel_tmy.fb2.zip</filename>
	<title> Рудазов Александр. Повелитель Тьмы</title>
</book>
<book>
	<filename>rudazov_aleksandr/rudazov_aleksandr_predanya_stariny_glubokoi.fb2.zip</filename>
	<title> Рудазов Александр. Преданья старины глубокой</title>
</book>
<book>
	<filename>rudazov_aleksandr/rudazov_aleksandr_prividenie_v_gostyah.fb2.zip</filename>
	<title> Рудазов Александр. Привидение в гостях</title>
</book>
<book>
	<filename>rudazov_aleksandr/rudazov_aleksandr_proklyatie.fb2.zip</filename>
	<title> Рудазов Александр. Проклятие</title>
</book>
<book>
	<filename>rudazov_aleksandr/rudazov_aleksandr_rasskazy_iz_pravogo_botinka_sbornik.fb2.zip</filename>
	<title> Рудазов Александр. Рассказы из правого ботинка (сборник)</title>
</book>
<book>
	<filename>rudazov_aleksandr/rudazov_aleksandr_razbitye_zerkala.fb2.zip</filename>
	<title> Рудазов Александр. Разбитые зеркала</title>
</book>
<book>
	<filename>rudazov_aleksandr/rudazov_aleksandr_razmer_imeet_znachenie.fb2.zip</filename>
	<title> Рудазов Александр. Размер имеет значение</title>
</book>
<book>
	<filename>rudazov_aleksandr/rudazov_aleksandr_reviziya.fb2.zip</filename>
	<title> Рудазов Александр. Ревизия</title>
</book>
<book>
	<filename>rudazov_aleksandr/rudazov_aleksandr_seraya_chuma.fb2.zip</filename>
	<title> Рудазов Александр. Серая чума</title>
</book>
<book>
	<filename>rudazov_aleksandr/rudazov_aleksandr_shturm_citadeli.fb2.zip</filename>
	<title> Рудазов Александр. Штурм цитадели</title>
</book>
<book>
	<filename>rudazov_aleksandr/rudazov_aleksandr_spasibo_za_pokupku.fb2.zip</filename>
	<title> Рудазов Александр. Спасибо за покупку</title>
</book>
<book>
	<filename>rudazov_aleksandr/rudazov_aleksandr_spyashaya_krasavica.fb2.zip</filename>
	<title> Рудазов Александр. Спящая красавица</title>
</book>
<book>
	<filename>rudazov_aleksandr/rudazov_aleksandr_stoletie_kotorogo_ne_bylo.fb2.zip</filename>
	<title> Рудазов Александр. Столетие, которого не было</title>
</book>
<book>
	<filename>rudazov_aleksandr/rudazov_aleksandr_teni_ne_umeyut_govorit.fb2.zip</filename>
	<title> Рудазов Александр. Тени не умеют говорить</title>
</book>
<book>
	<filename>rudazov_aleksandr/rudazov_aleksandr_tri_mudreca_v_odnom_tazu.fb2.zip</filename>
	<title> Рудазов Александр. Три мудреца в одном тазу</title>
</book>
<book>
	<filename>rudazov_aleksandr/rudazov_aleksandr_voina_koldunov_shturm_citadeli.fb2.zip</filename>
	<title> Рудазов Александр. Война колдунов. Штурм цитадели</title>
</book>
<book>
	<filename>rudazov_aleksandr/rudazov_aleksandr_voina_koldunov_vtorzhenie.fb2.zip</filename>
	<title> Рудазов Александр. Война колдунов. Вторжение</title>
</book>
<book>
	<filename>rudazov_aleksandr/rudazov_aleksandr_vtorzhenie.fb2.zip</filename>
	<title> Рудазов Александр. Вторжение</title>
</book>
<book>
	<filename>rudnickii_leonid/rudnickii_leonid_bomzh_gorodskoi_obyknovennyi.fb2.zip</filename>
	<title> Рудницкий Леонид Анатольевич. Бомж городской обыкновенный</title>
</book>
<book>
	<filename>rudnickii_leonid/rudnickii_leonid_klerk_pozornyi.fb2.zip</filename>
	<title> Рудницкий Леонид Анатольевич. Клерк позорный</title>
</book>
<book>
	<filename>rufimskii_andrei/rufimskii_andrei_piter_sanfrancisko.fb2.zip</filename>
	<title> Руфимский Андрей. Питер – Сан-Франциско</title>
</book>
<book>
	<filename>rumi_dzhalaladdin/rumi_dzhalaladdin_doroga_prevrashenii_sufiiskie_pritchi.fb2.zip</filename>
	<title> Руми Джалаладдин. Дорога превращений. Суфийские притчи</title>
</book>
<book>
	<filename>rusanov_vladislav/rusanov_vladislav_bronzovyi_grifon.fb2.zip</filename>
	<title> Русанов Владислав. Бронзовый грифон</title>
</book>
<book>
	<filename>rusanov_vladislav/rusanov_vladislav_serebryanyi_medved.fb2.zip</filename>
	<title> Русанов Владислав. Серебряный медведь</title>
</book>
<book>
	<filename>rusanov_vladislav/rusanov_vladislav_stalnoi_drozd.fb2.zip</filename>
	<title> Русанов Владислав. Стальной дрозд</title>
</book>
<book>
	<filename>rusanov_vladislav/rusanov_vladislav_vorlok_iz_gardariki.fb2.zip</filename>
	<title> Русанов Владислав. Ворлок из Гардарики</title>
</book>
<book>
	<filename>rusanov_vladislav/rusanov_vladislav_zolotoi_vepr.fb2.zip</filename>
	<title> Русанов Владислав. Золотой вепрь</title>
</book>
<book>
	<filename>rushdi_salman/rushdi_salman_grimus.fb2.zip</filename>
	<title> Рушди Салман. Гримус</title>
</book>
<book>
	<filename>ruzvelt_franklin/ruzvelt_franklin_besedy_u_kamina.fb2.zip</filename>
	<title> Рузвельт Франклин. Беседы у камина</title>
</book>
<book>
	<filename>ryabchenko_elena/ryabchenko_elena_shpargalka_po_zhilishnomu_pravu.fb2.zip</filename>
	<title> Рябченко Елена А. Шпаргалка по жилищному праву</title>
</book>
<book>
	<filename>ryabova_raisa/ryabova_raisa_uchet_i_nalogooblozhenie_cennyh_bumag_i_dolei.fb2.zip</filename>
	<title> Рябова Раиса Ивановна. Учет и налогообложение ценных бумаг и долей</title>
</book>
<book>
	<filename>ryazanov_vladimir/ryazanov_vladimir_azimut_vechnoi_molodosti_programma_yenergeticheskoi_korrekcii_i_regeneracii_zhivyh_kletok.fb2.zip</filename>
	<title> Рязанов Владимир. Азимут вечной молодости. Программа энергетической коррекции и регенерации живых клеток</title>
</book>
<book>
	<filename>ryazanov_yeldar/ryazanov_yeldar_o_bednom_gusare_zamolvite_slovo.fb2.zip</filename>
	<title> Рязанов Эльдар Александрович. О бедном гусаре замолвите слово</title>
</book>
<book>
	<filename>rybakova_mariya/rybakova_mariya_ostryi_nozh_dlya_myagkogo_serdca.fb2.zip</filename>
	<title> Рыбакова Мария. Острый нож для мягкого сердца</title>
</book>
<book>
	<filename>rybakov_anatolii/rybakov_anatolii_leto_v_sosnyakah.fb2.zip</filename>
	<title> Рыбаков Анатолий Наумович. Лето в Сосняках</title>
</book>
<book>
	<filename>rybakov_anatolii/rybakov_anatolii_romanvospominanie.fb2.zip</filename>
	<title> Рыбаков Анатолий Наумович. Роман-воспоминание</title>
</book>
<book>
	<filename>rybakov_anatolii/rybakov_anatolii_voditeli.fb2.zip</filename>
	<title> Рыбаков Анатолий Наумович. Водители</title>
</book>
<book>
	<filename>rybickaya_natalya/rybickaya_natalya_kniga_stervoznoi_mudrosti.fb2.zip</filename>
	<title> Рыбицкая Наталья Борисовна. Книга стервозной мудрости</title>
</book>
<book>
	<filename>rybickaya_natalya/rybickaya_natalya_muzhchinopriobretenie_posobie_po_zavoevaniyu_i_uderzhaniyu_muzhchin.fb2.zip</filename>
	<title> Рыбицкая Наталья Борисовна. Мужчиноприобретение. Пособие по завоеванию и удержанию мужчин</title>
</book>
<book>
	<filename>rybin_aleksei/rybin_aleksei_bes_smertnyi.fb2.zip</filename>
	<title> Рыбин Алексей Викторович. Бес смертный</title>
</book>
<book>
	<filename>rybin_aleksei/rybin_aleksei_chernye_yaica.fb2.zip</filename>
	<title> Рыбин Алексей Викторович. Черные яйца</title>
</book>
<book>
	<filename>ryboshlykov_aleksandr/ryboshlykov_aleksandr_vokrug_gekuby.fb2.zip</filename>
	<title> Рыбошлыков Александр. Вокруг Гекубы</title>
</book>
<book>
	<filename>rychkova_yuliya/rychkova_yuliya_500_zavtrakov_dlya_vsei_semi.fb2.zip</filename>
	<title> Рычкова Юлия Владимировна. 500 завтраков для всей семьи</title>
</book>
<book>
	<filename>rychkova_yuliya/rychkova_yuliya_lechebnoe_pitanie_pri_zabolevaniyah_organov_dyhaniya.fb2.zip</filename>
	<title> Рычкова Юлия Владимировна. Лечебное питание при заболеваниях органов дыхания</title>
</book>
<book>
	<filename>rychkova_yuliya/rychkova_yuliya_lechenie_krapivoi_i_lopuhom.fb2.zip</filename>
	<title> Рычкова Юлия Владимировна. Лечение крапивой и лопухом</title>
</book>
<book>
	<filename>rychkova_yuliya/rychkova_yuliya_mops.fb2.zip</filename>
	<title> Рычкова Юлия Владимировна. Мопс</title>
</book>
<book>
	<filename>rychkova_yuliya/rychkova_yuliya_shinshilly.fb2.zip</filename>
	<title> Рычкова Юлия Владимировна. Шиншиллы</title>
</book>
<book>
	<filename>rychkova_yuliya/rychkova_yuliya_stroitelstvo_dachi_i_postroek_na_uchastke.fb2.zip</filename>
	<title> Рычкова Юлия Владимировна. Строительство дачи и построек на участке</title>
</book>
<book>
	<filename>rychkova_yuliya/rychkova_yuliya_zimnii_sad_i_vitrazhi.fb2.zip</filename>
	<title> Рычкова Юлия Владимировна. Зимний сад и витражи</title>
</book>
<book>
	<filename>ryeido_diana/ryeido_diana_mirazhi_megapolisa.fb2.zip</filename>
	<title> Рэйдо Диана. Миражи мегаполиса</title>
</book>
<book>
	<filename>ryuker_rudi/ryuker_rudi_chto_sluchilos_s_gudini.fb2.zip</filename>
	<title> Рюкер Руди. Что случилось с Гудини?</title>
</book>
<book>
	<filename>ryuker_rudi/ryuker_rudi_programmnaya_osnova_softuhaehe.fb2.zip</filename>
	<title> Рюкер Руди. Программная основа (Софтуха.eхe)</title>
</book>
<book>
	<filename>ryuker_rudi/ryuker_rudi_realing.fb2.zip</filename>
	<title> Рюкер Руди. Реалинг</title>
</book>
<book>
	<filename>ryuker_rudi/ryuker_rudi_telesnaya_osnova_mokruhaexe.fb2.zip</filename>
	<title> Рюкер Руди. Телесная основа (Мокруха.exe)</title>
</book>
<book>
	<filename>ryzhova_a/ryzhova_a_kalendar_magii_na_2010_god.fb2.zip</filename>
	<title> Рыжова А. Календарь магии на 2010 год</title>
</book>
<book>
	<filename>ryzhova_a/ryzhova_a_kalendar_udachi_na_2010_god.fb2.zip</filename>
	<title> Рыжова А. Календарь удачи на 2010 год</title>
</book>

</books>

