﻿<?xml version="1.0" encoding="UTF-8" ?>
<books>
<book>
	<filename>sbornik_receptov_/sbornik_receptov__100_receptov_francuzskoi_kuhni.fb2.zip</filename>
	<title>Сборник рецептов. 100 рецептов французской кухни</title>
</book>
<book>
	<filename>sbornik_receptov_/sbornik_receptov__100_receptov_olive.fb2.zip</filename>
	<title>Сборник рецептов. 100 рецептов «оливье»</title>
</book>
<book>
	<filename>sbornik_receptov_/sbornik_receptov__50_receptov_afrikanskoi_kuhni.fb2.zip</filename>
	<title>Сборник рецептов. 50 рецептов африканской кухни</title>
</book>
<book>
	<filename>sbornik_receptov_/sbornik_receptov__50_receptov_amerikanskoi_kuhni.fb2.zip</filename>
	<title>Сборник рецептов. 50 рецептов американской кухни</title>
</book>
<book>
	<filename>sbornik_receptov_/sbornik_receptov__50_receptov_italyanskoi_kuhni.fb2.zip</filename>
	<title>Сборник рецептов. 50 рецептов итальянской кухни</title>
</book>
<book>
	<filename>sbornik_receptov_/sbornik_receptov__50_receptov_koreiskih_salatov.fb2.zip</filename>
	<title>Сборник рецептов. 50 рецептов корейских салатов</title>
</book>
<book>
	<filename>sbornik_receptov_/sbornik_receptov__kak_prigotovit_kofe_68_receptov.fb2.zip</filename>
	<title>Сборник рецептов. Как приготовить кофе: 68 рецептов</title>
</book>
<book>
	<filename>sbornik_receptov_/sbornik_receptov__konservirovanie_ovoshei_i_plodov.fb2.zip</filename>
	<title>Сборник рецептов. Консервирование овощей и плодов</title>
</book>
<book>
	<filename>sbornik_receptov_/sbornik_receptov__kuhnya_sbornik_kulinarnyh_receptov.fb2.zip</filename>
	<title>Сборник рецептов. Кухня. Сборник кулинарных рецептов</title>
</book>
<book>
	<filename>sbornik_receptov_/sbornik_receptov__poleznye_recepty_7_17_2002.fb2.zip</filename>
	<title>Сборник рецептов. «Полезные рецепты», №7 (17) 2002</title>
</book>
<book>
	<filename>sbornik_receptov_/sbornik_receptov__ryba_carica_stola.fb2.zip</filename>
	<title>Сборник рецептов. Рыба — царица стола</title>
</book>
<book>
	<filename>sbornik_receptov_/sbornik_receptov__sushi.fb2.zip</filename>
	<title>Сборник рецептов. Суши</title>
</book>
<book>
	<filename>sbornik_receptov_/sbornik_receptov__tureckaya_kuhnya.fb2.zip</filename>
	<title>Сборник рецептов. Турецкая кухня</title>
</book>
<book>
	<filename>sbornik_yaponskie_srednevekovye_skazaniya/sbornik_yaponskie_srednevekovye_skazaniya_hyorai_yaponskie_skazaniya_o_veshah_ne_sovsem_obychnyh.fb2.zip</filename>
	<title>Сборник Японские средневековые сказания. Хёрай. Японские сказания о вещах не совсем обычных</title>
</book>
<book>
	<filename>sbornik_yenciklopediya/sbornik_yenciklopediya_keltskaya_mifologiya.fb2.zip</filename>
	<title>сборник Энциклопедия. Кельтская мифология</title>
</book>
<book>
	<filename>schaetzing_frank/schaetzing_frank_der_schwarm.fb2.zip</filename>
	<title>Schaetzing Frank. Der Schwarm</title>
</book>
<book>
	<filename>sedakov_yeduard/sedakov_yeduard_moisei_v_egipte.fb2.zip</filename>
	<title>Седаков Эдуард. Моисей в Египте</title>
</book>
<book>
	<filename>sedaris_dyevid/sedaris_dyevid_oden_svoyu_semyu_v_velvet_i_kotton.fb2.zip</filename>
	<title>Седарис Дэвид. Одень свою семью в вельвет и коттон</title>
</book>
<book>
	<filename>sedlova_valentina/sedlova_valentina_chelovek_kotoryi_zhil_zavtra.fb2.zip</filename>
	<title>Седлова Валентина. Человек, который жил завтра</title>
</book>
<book>
	<filename>sedlova_valentina/sedlova_valentina_dar.fb2.zip</filename>
	<title>Седлова Валентина. Дар</title>
</book>
<book>
	<filename>sedlova_valentina/sedlova_valentina_igry_v_virtualnost.fb2.zip</filename>
	<title>Седлова Валентина. Игры в виртуальность</title>
</book>
<book>
	<filename>sedlova_valentina/sedlova_valentina_kogda_tesha_zazhigaet.fb2.zip</filename>
	<title>Седлова Валентина. Когда теща зажигает…</title>
</book>
<book>
	<filename>sedlova_valentina/sedlova_valentina_laplandskie_neputevki.fb2.zip</filename>
	<title>Седлова Валентина. Лапландские непутевки</title>
</book>
<book>
	<filename>sedlova_valentina/sedlova_valentina_nedetskie_strasti_v_lukomore.fb2.zip</filename>
	<title>Седлова Валентина. Недетские страсти в Лукоморье</title>
</book>
<book>
	<filename>sedlova_valentina/sedlova_valentina_pastoral_s_gorodskimi_motivami.fb2.zip</filename>
	<title>Седлова Валентина. Пастораль с городскими мотивами</title>
</book>
<book>
	<filename>sedlova_valentina/sedlova_valentina_pod_potolkom_nebes.fb2.zip</filename>
	<title>Седлова Валентина. Под потолком небес</title>
</book>
<book>
	<filename>sedlova_valentina/sedlova_valentina_prosto_liza.fb2.zip</filename>
	<title>Седлова Валентина. Просто Лиза</title>
</book>
<book>
	<filename>sedlova_valentina/sedlova_valentina_revnost.fb2.zip</filename>
	<title>Седлова Валентина. Ревность</title>
</book>
<book>
	<filename>sedlova_valentina/sedlova_valentina_semtri_operator.fb2.zip</filename>
	<title>Седлова Валентина. Семь-три. Оператор</title>
</book>
<book>
	<filename>sedlova_valentina/sedlova_valentina_stervami_ne_rozhdayutsya.fb2.zip</filename>
	<title>Седлова Валентина. Стервами не рождаются</title>
</book>
<book>
	<filename>sedlova_valentina/sedlova_valentina_strahovshiki.fb2.zip</filename>
	<title>Седлова Валентина. Страховщики</title>
</book>
<book>
	<filename>sedlova_valentina/sedlova_valentina_treiler_na_kolesah.fb2.zip</filename>
	<title>Седлова Валентина. Трейлер на колесах</title>
</book>
<book>
	<filename>sedlova_valentina/sedlova_valentina_triller_na_kolesah.fb2.zip</filename>
	<title>Седлова Валентина. Триллер на колесах</title>
</book>
<book>
	<filename>sedlova_valentina/sedlova_valentina_vosemvosem_ili_predsvadebnyi_marafon.fb2.zip</filename>
	<title>Седлова Валентина. Восемь-восемь, или Предсвадебный марафон</title>
</book>
<book>
	<filename>sedlova_valentina/sedlova_valentina_vot_takoe_kino_ili_rabynya_izaura_otdyhaet.fb2.zip</filename>
	<title>Седлова Валентина. Вот такое кино, или «Рабыня Изаура» отдыхает</title>
</book>
<book>
	<filename>sedlova_valentina/sedlova_valentina_zhenshina_s_zontikom_i_perspektivami.fb2.zip</filename>
	<title>Седлова Валентина. Женщина с зонтиком и перспективами</title>
</book>
<book>
	<filename>sedov_boris/sedov_boris_kastet_pervyi_udar.fb2.zip</filename>
	<title>Седов Борис. Кастет. Первый удар</title>
</book>
<book>
	<filename>sedov_boris/sedov_boris_mstitelnica.fb2.zip</filename>
	<title>Седов Борис. Мстительница</title>
</book>
<book>
	<filename>sedov_boris/sedov_boris_naslednica.fb2.zip</filename>
	<title>Седов Борис. Наследница</title>
</book>
<book>
	<filename>sedov_boris/sedov_boris_plennica.fb2.zip</filename>
	<title>Седов Борис. Пленница</title>
</book>
<book>
	<filename>sedyh_konstantin/sedyh_konstantin_dauriya.fb2.zip</filename>
	<title>Седых Константин Федорович. Даурия</title>
</book>
<book>
	<filename>sedyh_konstantin/sedyh_konstantin_otchii_krai.fb2.zip</filename>
	<title>Седых Константин Федорович. Отчий край</title>
</book>
<book>
	<filename>segal_valerii/segal_valerii_ataka_marshala.fb2.zip</filename>
	<title>Сегаль Валерий. Атака маршала</title>
</book>
<book>
	<filename>segal_valerii/segal_valerii_bogi_obzhigavshie_gorshki.fb2.zip</filename>
	<title>Сегаль Валерий. Боги, обжигавшие горшки</title>
</book>
<book>
	<filename>segal_valerii/segal_valerii_desyat_let_spustya.fb2.zip</filename>
	<title>Сегаль Валерий. Десять лет спустя</title>
</book>
<book>
	<filename>segal_valerii/segal_valerii_ohotniki_do_lyubvi.fb2.zip</filename>
	<title>Сегаль Валерий. Охотники до любви</title>
</book>
<book>
	<filename>segal_valerii/segal_valerii_osvobozhdenie_belletrista_r.fb2.zip</filename>
	<title>Сегаль Валерий. Освобождение беллетриста Р.</title>
</book>
<book>
	<filename>segal_valerii/segal_valerii_pervyi_vtornik_posle_pervogo_ponedelnika.fb2.zip</filename>
	<title>Сегаль Валерий. Первый вторник после первого понедельника</title>
</book>
<book>
	<filename>segal_valerii/segal_valerii_peterburg_1895_god.fb2.zip</filename>
	<title>Сегаль Валерий. Петербург, 1895 год</title>
</book>
<book>
	<filename>segal_valerii/segal_valerii_schastlivyi_chelovek_svetka_ivanova.fb2.zip</filename>
	<title>Сегаль Валерий. Счастливый человек Светка Иванова</title>
</book>
<book>
	<filename>segal_valerii/segal_valerii_zapiski_pyanogo_gornostaya.fb2.zip</filename>
	<title>Сегаль Валерий. Записки пьяного Горностая</title>
</book>
<book>
	<filename>seidel_kyetlin/seidel_kyetlin_vnov_ili_spalnya_moei_gospozhi.fb2.zip</filename>
	<title>Сейдел Кэтлин Жиль. Вновь, или Спальня моей госпожи</title>
</book>
<book>
	<filename>seiers_doroti/seiers_doroti_dama_s_leopardami.fb2.zip</filename>
	<title>Сейерс Дороти Ли. Дама с леопардами</title>
</book>
<book>
	<filename>seiers_doroti/seiers_doroti_otraviteli.fb2.zip</filename>
	<title>Сейерс Дороти Ли. Отравители</title>
</book>
<book>
	<filename>seiers_maikl/seiers_maikl_tainaya_voina_protiv_sovetskoi_rossii.fb2.zip</filename>
	<title>Сейерс Майкл. Тайная война против Советской России</title>
</book>
<book>
	<filename>seifer_mark/seifer_mark_absolyutnoe_oruzhie_ameriki.fb2.zip</filename>
	<title>Сейфер Марк. Абсолютное оружие Америки</title>
</book>
<book>
	<filename>seiffert_reichel/seiffert_reichel_temnaya_komnata.fb2.zip</filename>
	<title>Сейфферт Рейчел. Темная комната</title>
</book>
<book>
	<filename>seimor_dzhon/seimor_dzhon_vvedenie_v_neirolingvisticheskoe_programmirovanie_noveishaya_psihologiya_lichnogo_masterstva.fb2.zip</filename>
	<title>Сеймор Джон. Введение в нейролингвистическое программирование. Новейшая психология личного мастерства</title>
</book>
<book>
	<filename>sekora_ondrzhei/sekora_ondrzhei_muravi_ne_sdayutsya_s_illyustraciyami.fb2.zip</filename>
	<title>Секора Ондржей. Муравьи не сдаются (с иллюстрациями)</title>
</book>
<book>
	<filename>seksik_loran/seksik_loran_durnye_mysli.fb2.zip</filename>
	<title>Сексик Лоран. Дурные мысли</title>
</book>
<book>
	<filename>sekula_helena/sekula_helena_barrakuda.fb2.zip</filename>
	<title>Секула Хелена. Барракуда</title>
</book>
<book>
	<filename>sekula_helena/sekula_helena_tuz_pyatoi_masti.fb2.zip</filename>
	<title>Секула Хелена. Туз пятой масти</title>
</book>
<book>
	<filename>sela_kamilo/sela_kamilo_ah_yeti_kozy.fb2.zip</filename>
	<title>Села Камило Хосе. Ах, эти козы!</title>
</book>
<book>
	<filename>sela_kamilo/sela_kamilo_artisticheskoe_kafe.fb2.zip</filename>
	<title>Села Камило Хосе. Артистическое кафе</title>
</book>
<book>
	<filename>sela_kamilo/sela_kamilo_budem_schitat_chto_vinovata_vesna.fb2.zip</filename>
	<title>Села Камило Хосе. Будем считать, что виновата весна</title>
</book>
<book>
	<filename>sela_kamilo/sela_kamilo_klub_messii.fb2.zip</filename>
	<title>Села Камило Хосе. Клуб мессий</title>
</book>
<book>
	<filename>sela_kamilo/sela_kamilo_mazurka_dlya_dvuh_pokoinikov.fb2.zip</filename>
	<title>Села Камило Хосе. Мазурка для двух покойников</title>
</book>
<book>
	<filename>sela_kamilo/sela_kamilo_semya_paskualya_duarte.fb2.zip</filename>
	<title>Села Камило Хосе. Семья Паскуаля Дуарте</title>
</book>
<book>
	<filename>sela_kamilo/sela_kamilo_ulei.fb2.zip</filename>
	<title>Села Камило Хосе. Улей</title>
</book>
<book>
	<filename>sela_kamilo/sela_kamilo_zheleznaya_hvatka.fb2.zip</filename>
	<title>Села Камило Хосе. Железная хватка</title>
</book>
<book>
	<filename>selbi_hyubert/selbi_hyubert_poslednii_povorot_na_bruklin.fb2.zip</filename>
	<title>Селби Хьюберт. Последний поворот на Бруклин</title>
</book>
<book>
	<filename>seldemeshev_mihail/seldemeshev_mihail_chernyi_oazis.fb2.zip</filename>
	<title>Сельдемешев Михаил. Черный оазис</title>
</book>
<book>
	<filename>seleckii_aleksei/seleckii_aleksei_drevnyaya_krov.fb2.zip</filename>
	<title>Селецкий Алексей. Древняя кровь</title>
</book>
<book>
	<filename>seleckii_aleksei/seleckii_aleksei_nelyud.fb2.zip</filename>
	<title>Селецкий Алексей. Нелюдь</title>
</book>
<book>
	<filename>seleznev_yurii/seleznev_yurii_dostoevskii.fb2.zip</filename>
	<title>Селезнев Юрий Иванович. Достоевский</title>
</book>
<book>
	<filename>selimovich_mesha/selimovich_mesha_dervish_i_smert.fb2.zip</filename>
	<title>Селимович Меша. Дервиш и смерть</title>
</book>
<book>
	<filename>selin_lui/selin_lui_smert_v_kredit.fb2.zip</filename>
	<title>Селин Луи Фердинанд. Смерть в кредит</title>
</book>
<book>
	<filename>selivanov_anatolii/selivanov_anatolii_garazh_na_pustyre.fb2.zip</filename>
	<title>Селиванов Анатолий. Гараж на пустыре</title>
</book>
<book>
	<filename>selmer_mishel/selmer_mishel_gercogserdceed.fb2.zip</filename>
	<title>Селмер Мишель. Герцог-сердцеед</title>
</book>
<book>
	<filename>selmer_mishel/selmer_mishel_k_chemu_lishnie_slova.fb2.zip</filename>
	<title>Селмер Мишель. К чему лишние слова?</title>
</book>
<book>
	<filename>selyukin_aleksandr/selyukin_aleksandr_nishozhdenie.fb2.zip</filename>
	<title>Селюкин Александр Юрьевич. Нисхождение</title>
</book>
<book>
	<filename>semanov_sergei/semanov_sergei_andropov_7_tain_genseka_s_lubyanki.fb2.zip</filename>
	<title>Семанов Сергей Николаевич. Андропов. 7 тайн генсека с Лубянки</title>
</book>
<book>
	<filename>semanov_sergei/semanov_sergei_makarov.fb2.zip</filename>
	<title>Семанов Сергей Николаевич. Макаров</title>
</book>
<book>
	<filename>semanov_sergei/semanov_sergei_pod_chernym_znamenem.fb2.zip</filename>
	<title>Семанов Сергей Николаевич. Под черным знаменем</title>
</book>
<book>
	<filename>semashko_irina/semashko_irina_100_velikih_zhenshin.fb2.zip</filename>
	<title>Семашко Ирина Ильинична. 100 великих женщин</title>
</book>
<book>
	<filename>semenihin_gennadii/semenihin_gennadii_32_minuty_iz_zhizni_leitenanta_bryanceva.fb2.zip</filename>
	<title>Семенихин Геннадий Александрович. 32 минуты из жизни лейтенанта Брянцева</title>
</book>
<book>
	<filename>semenihin_gennadii/semenihin_gennadii_belyiprebelyi_sneg.fb2.zip</filename>
	<title>Семенихин Геннадий Александрович. Белый-пребелый снег</title>
</book>
<book>
	<filename>semenihin_gennadii/semenihin_gennadii_chingishan_s_motorom.fb2.zip</filename>
	<title>Семенихин Геннадий Александрович. Чингисхан с мотором</title>
</book>
<book>
	<filename>semenihin_gennadii/semenihin_gennadii_daleko_ne_zaplyvai.fb2.zip</filename>
	<title>Семенихин Геннадий Александрович. Далеко не заплывай</title>
</book>
<book>
	<filename>semenihin_gennadii/semenihin_gennadii_dobryi_nastavnik.fb2.zip</filename>
	<title>Семенихин Геннадий Александрович. Добрый наставник</title>
</book>
<book>
	<filename>semenihin_gennadii/semenihin_gennadii_doroga.fb2.zip</filename>
	<title>Семенихин Геннадий Александрович. Дорога</title>
</book>
<book>
	<filename>semenihin_gennadii/semenihin_gennadii_dorogami_pobedy.fb2.zip</filename>
	<title>Семенихин Геннадий Александрович. Дорогами Победы</title>
</book>
<book>
	<filename>semenihin_gennadii/semenihin_gennadii_dve_situacii.fb2.zip</filename>
	<title>Семенихин Геннадий Александрович. Две ситуации</title>
</book>
<book>
	<filename>semenihin_gennadii/semenihin_gennadii_gospital.fb2.zip</filename>
	<title>Семенихин Геннадий Александрович. Госпиталь</title>
</book>
<book>
	<filename>semenihin_gennadii/semenihin_gennadii_gost.fb2.zip</filename>
	<title>Семенихин Геннадий Александрович. Гость</title>
</book>
<book>
	<filename>semenihin_gennadii/semenihin_gennadii_hmuryi_leitenant.fb2.zip</filename>
	<title>Семенихин Геннадий Александрович. Хмурый лейтенант</title>
</book>
<book>
	<filename>semenihin_gennadii/semenihin_gennadii_horoshaya_shtuka_zhizn.fb2.zip</filename>
	<title>Семенихин Геннадий Александрович. Хорошая штука жизнь</title>
</book>
<book>
	<filename>semenihin_gennadii/semenihin_gennadii_ivan_ptashkin.fb2.zip</filename>
	<title>Семенихин Геннадий Александрович. Иван Пташкин</title>
</book>
<book>
	<filename>semenihin_gennadii/semenihin_gennadii_kak_horoshi_kak_svezhi_byli_rozy.fb2.zip</filename>
	<title>Семенихин Геннадий Александрович. «Как хороши, как свежи были розы…»</title>
</book>
<book>
	<filename>semenihin_gennadii/semenihin_gennadii_kak_uvolili_bellu.fb2.zip</filename>
	<title>Семенихин Геннадий Александрович. Как уволили Беллу</title>
</book>
<book>
	<filename>semenihin_gennadii/semenihin_gennadii_koloda_kart.fb2.zip</filename>
	<title>Семенихин Геннадий Александрович. Колода карт</title>
</book>
<book>
	<filename>semenihin_gennadii/semenihin_gennadii_komissar.fb2.zip</filename>
	<title>Семенихин Геннадий Александрович. Комиссар</title>
</book>
<book>
	<filename>semenihin_gennadii/semenihin_gennadii_korni.fb2.zip</filename>
	<title>Семенихин Геннадий Александрович. Корни</title>
</book>
<book>
	<filename>semenihin_gennadii/semenihin_gennadii_kosmonavty_zhivut_na_zemle.fb2.zip</filename>
	<title>Семенихин Геннадий. Космонавты живут на земле</title>
</book>
<book>
	<filename>semenihin_gennadii/semenihin_gennadii_lavrentich.fb2.zip</filename>
	<title>Семенихин Геннадий Александрович. Лаврентьич</title>
</book>
<book>
	<filename>semenihin_gennadii/semenihin_gennadii_malchik_i_medved.fb2.zip</filename>
	<title>Семенихин Геннадий Александрович. Мальчик и медведь</title>
</book>
<book>
	<filename>semenihin_gennadii/semenihin_gennadii_nad_moskvoyu_nebo_chistoe.fb2.zip</filename>
	<title>Семенихин Геннадий Александрович. Над Москвою небо чистое</title>
</book>
<book>
	<filename>semenihin_gennadii/semenihin_gennadii_odna_nebolshaya_prosba.fb2.zip</filename>
	<title>Семенихин Геннадий Александрович. Одна небольшая просьба</title>
</book>
<book>
	<filename>semenihin_gennadii/semenihin_gennadii_pani_irena.fb2.zip</filename>
	<title>Семенихин Геннадий Александрович. Пани Ирена</title>
</book>
<book>
	<filename>semenihin_gennadii/semenihin_gennadii_pervyi_urok_truda.fb2.zip</filename>
	<title>Семенихин Геннадий Александрович. Первый урок труда</title>
</book>
<book>
	<filename>semenihin_gennadii/semenihin_gennadii_posleslovie_k_podvigu.fb2.zip</filename>
	<title>Семенихин Геннадий Александрович. Послесловие к подвигу</title>
</book>
<book>
	<filename>semenihin_gennadii/semenihin_gennadii_priznanie.fb2.zip</filename>
	<title>Семенихин Геннадий Александрович. Признание</title>
</book>
<book>
	<filename>semenihin_gennadii/semenihin_gennadii_proshai_ring.fb2.zip</filename>
	<title>Семенихин Геннадий Александрович. Прощай ринг</title>
</book>
<book>
	<filename>semenihin_gennadii/semenihin_gennadii_pylnaya_burya.fb2.zip</filename>
	<title>Семенихин Геннадий Александрович. Пыльная буря</title>
</book>
<book>
	<filename>semenihin_gennadii/semenihin_gennadii_raskayanie.fb2.zip</filename>
	<title>Семенихин Геннадий Александрович. Раскаяние</title>
</book>
<book>
	<filename>semenihin_gennadii/semenihin_gennadii_risunok.fb2.zip</filename>
	<title>Семенихин Геннадий Александрович. Рисунок</title>
</book>
<book>
	<filename>semenihin_gennadii/semenihin_gennadii_samsonovskii_udar.fb2.zip</filename>
	<title>Семенихин Геннадий Александрович. Самсоновский удар</title>
</book>
<book>
	<filename>semenihin_gennadii/semenihin_gennadii_shire_shag.fb2.zip</filename>
	<title>Семенихин Геннадий Александрович. Шире шаг</title>
</book>
<book>
	<filename>semenihin_gennadii/semenihin_gennadii_siren.fb2.zip</filename>
	<title>Семенихин Геннадий Александрович. Сирень</title>
</book>
<book>
	<filename>semenihin_gennadii/semenihin_gennadii_sleza_komandarma.fb2.zip</filename>
	<title>Семенихин Геннадий Александрович. Слеза командарма</title>
</book>
<book>
	<filename>semenihin_gennadii/semenihin_gennadii_slovo_o_druge.fb2.zip</filename>
	<title>Семенихин Геннадий Александрович. Слово о друге</title>
</book>
<book>
	<filename>semenihin_gennadii/semenihin_gennadii_sobachi_valenki.fb2.zip</filename>
	<title>Семенихин Геннадий Александрович. «Собачьи валенки»</title>
</book>
<book>
	<filename>semenihin_gennadii/semenihin_gennadii_staraya_dama_i_dve_ee_docheri.fb2.zip</filename>
	<title>Семенихин Геннадий Александрович. Старая дама и две ее дочери</title>
</book>
<book>
	<filename>semenihin_gennadii/semenihin_gennadii_svadba.fb2.zip</filename>
	<title>Семенихин Геннадий Александрович. Свадьба</title>
</book>
<book>
	<filename>semenihin_gennadii/semenihin_gennadii_tarantul_borka.fb2.zip</filename>
	<title>Семенихин Геннадий Александрович. Тарантул Борька</title>
</book>
<book>
	<filename>semenihin_gennadii/semenihin_gennadii_teplichka.fb2.zip</filename>
	<title>Семенихин Геннадий Александрович. Тепличка</title>
</book>
<book>
	<filename>semenihin_gennadii/semenihin_gennadii_umiral_chelovek.fb2.zip</filename>
	<title>Семенихин Геннадий Александрович. Умирал человек</title>
</book>
<book>
	<filename>semenihin_gennadii/semenihin_gennadii_utverzhdenie_zhizni.fb2.zip</filename>
	<title>Семенихин Геннадий Александрович. Утверждение жизни</title>
</book>
<book>
	<filename>semenihin_gennadii/semenihin_gennadii_v_kipenii_zhizni.fb2.zip</filename>
	<title>Семенихин Геннадий Александрович. В кипении жизни</title>
</book>
<book>
	<filename>semenihin_gennadii/semenihin_gennadii_volshebnye_butsy.fb2.zip</filename>
	<title>Семенихин Геннадий Александрович. Волшебные бутсы</title>
</book>
<book>
	<filename>semenihin_gennadii/semenihin_gennadii_vratar.fb2.zip</filename>
	<title>Семенихин Геннадий Александрович. Вратарь</title>
</book>
<book>
	<filename>semenihin_gennadii/semenihin_gennadii_vremena_menyayutsya.fb2.zip</filename>
	<title>Семенихин Геннадий Александрович. Времена меняются</title>
</book>
<book>
	<filename>semenihin_gennadii/semenihin_gennadii_vstrecha.fb2.zip</filename>
	<title>Семенихин Геннадий Александрович. Встреча</title>
</book>
<book>
	<filename>semenihin_gennadii/semenihin_gennadii_v_trolleibuse.fb2.zip</filename>
	<title>Семенихин Геннадий Александрович. В троллейбусе</title>
</book>
<book>
	<filename>semenihin_gennadii/semenihin_gennadii_vysota.fb2.zip</filename>
	<title>Семенихин Геннадий Александрович. Высота</title>
</book>
<book>
	<filename>semenihin_gennadii/semenihin_gennadii_vzletnaya_polosa.fb2.zip</filename>
	<title>Семенихин Геннадий Александрович. Взлетная полоса</title>
</book>
<book>
	<filename>semenihin_gennadii/semenihin_gennadii_zhili_dva_druga.fb2.zip</filename>
	<title>Семенихин Геннадий Александрович. Жили два друга</title>
</book>

</books>
