﻿<?xml version="1.0" encoding="UTF-8" ?>
<books>
<book>
	<filename>semenov_aleksei/semenov_aleksei_chuzhestranec.fb2.zip</filename>
	<title>Семенов Алексей. Чужестранец</title>
</book>
<book>
	<filename>semenova_mariya/semenova_mariya_alenkii_cvetochek.fb2.zip</filename>
	<title>Семенова Мария. Аленький цветочек</title>
</book>
<book>
	<filename>semenova_mariya/semenova_mariya_dva_korolya.fb2.zip</filename>
	<title>Семенова Мария Васильевна. Два короля</title>
</book>
<book>
	<filename>semenova_mariya/semenova_mariya_istovikkamen.fb2.zip</filename>
	<title>Семенова Мария. Истовик-Камень</title>
</book>
<book>
	<filename>semenova_mariya/semenova_mariya_lebedinaya_doroga.fb2.zip</filename>
	<title>Семенова Мария. Лебединая дорога</title>
</book>
<book>
	<filename>semenova_mariya/semenova_mariya_magiya_uspeha.fb2.zip</filename>
	<title>Семенова Мария. Магия успеха</title>
</book>
<book>
	<filename>semenova_mariya/semenova_mariya_mech_mertvyh.fb2.zip</filename>
	<title>Семенова Мария. Меч мертвых</title>
</book>
<book>
	<filename>semenova_mariya/semenova_mariya_nepokobelimyi_cheiz.fb2.zip</filename>
	<title>Семенова Мария Васильевна. Непокобелимый Чейз</title>
</book>
<book>
	<filename>semenova_mariya/semenova_mariya_orlinaya_krucha.fb2.zip</filename>
	<title>Семенова Мария Васильевна. Орлиная круча</title>
</book>
<book>
	<filename>semenova_mariya/semenova_mariya_pelko_i_volki.fb2.zip</filename>
	<title>Семенова Мария Васильевна. Пелко и волки</title>
</book>
<book>
	<filename>semenova_mariya/semenova_mariya_poedinok_so_zmeem.fb2.zip</filename>
	<title>Семенова Мария Васильевна. Поединок со Змеем</title>
</book>
<book>
	<filename>semenova_mariya/semenova_mariya_pravo_na_poedinok.fb2.zip</filename>
	<title>Семенова Мария. Право на поединок</title>
</book>
<book>
	<filename>semenova_mariya/semenova_mariya_prestuplenie_bez_sroka_davnosti.fb2.zip</filename>
	<title>Семенова Мария. Преступление без срока давности</title>
</book>
<book>
	<filename>semenova_mariya/semenova_mariya_samocvetnye_gory.fb2.zip</filename>
	<title>Семенова Мария. Самоцветные горы</title>
</book>
<book>
	<filename>semenova_mariya/semenova_mariya_s_vikingami_na_svalbard.fb2.zip</filename>
	<title>Семенова Мария Васильевна. С викингами на Свальбард</title>
</book>
<book>
	<filename>semenova_mariya/semenova_mariya_tam_gde_les_ne_rastet.fb2.zip</filename>
	<title>Семенова Мария Васильевна. Там, где лес не растет</title>
</book>
<book>
	<filename>semenova_mariya/semenova_mariya_te_zhe_i_skuns2.fb2.zip</filename>
	<title>Семенова Мария. Те же и скунс–2</title>
</book>
<book>
	<filename>semenova_mariya/semenova_mariya_te_zhe_i_skuns.fb2.zip</filename>
	<title>Семенова Мария. Те же и скунс</title>
</book>
<book>
	<filename>semenova_mariya/semenova_mariya_valkiriya.fb2.zip</filename>
	<title>Семенова Мария. Валькирия</title>
</book>
<book>
	<filename>semenova_mariya/semenova_mariya_vavilonskaya_bashnya.fb2.zip</filename>
	<title>Семенова Мария. Вавилонская башня</title>
</book>
<book>
	<filename>semenova_mariya/semenova_mariya_vikingi.fb2.zip</filename>
	<title>Семeнова Мария. Викинги</title>
</book>
<book>
	<filename>semenova_mariya/semenova_mariya_vkus_krovi.fb2.zip</filename>
	<title>Семенова Мария. Вкус крови</title>
</book>
<book>
	<filename>semenova_mariya/semenova_mariya_volkodav.fb2.zip</filename>
	<title>Семенова Мария. Волкодав</title>
</book>
<book>
	<filename>semenova_mariya/semenova_mariya_zakaz.fb2.zip</filename>
	<title>Семенова Мария. Заказ</title>
</book>
<book>
	<filename>semenova_mariya/semenova_mariya_znamenie_puti.fb2.zip</filename>
	<title>Семенова Мария. Знамение пути</title>
</book>
<book>
	<filename>semenov_anatolii/semenov_anatolii_korovka_korovka_dai_molochka.fb2.zip</filename>
	<title>Семенов Анатолий Семенович. Коровка, коровка, дай молочка</title>
</book>
<book>
	<filename>semenov_anatolii/semenov_anatolii_prestuplenie_ne_budet_raskryto.fb2.zip</filename>
	<title>Семенов Анатолий Семенович. Преступление не будет раскрыто</title>
</book>
<book>
	<filename>semenov_andrei/semenov_andrei_inoe_reshenie.fb2.zip</filename>
	<title>Семенов Андрей. Иное решение</title>
</book>
<book>
	<filename>semenova_tatyana/semenova_tatyana_doch_nefertiti.fb2.zip</filename>
	<title>Семенова Татьяна. Дочь Нефертити</title>
</book>
<book>
	<filename>semenova_tatyana/semenova_tatyana_nalozhnica_imperatora.fb2.zip</filename>
	<title>Семенова Татьяна. Наложница императора</title>
</book>
<book>
	<filename>semenov_manuil/semenov_manuil_god_rybolova.fb2.zip</filename>
	<title>Семенов Мануил. Год рыболова</title>
</book>
<book>
	<filename>semenov_sergei/semenov_sergei_inkvizitor.fb2.zip</filename>
	<title>Семенов Сергей. Инквизитор</title>
</book>
<book>
	<filename>semenov_sergei/semenov_sergei_kondor.fb2.zip</filename>
	<title>Семенов Сергей. Кондор</title>
</book>
<book>
	<filename>semenov_sergei/semenov_sergei_temnyi_strannik.fb2.zip</filename>
	<title>Семенов Сергей. Темный странник</title>
</book>
<book>
	<filename>semenov_yulian/semenov_yulian_alternativa.fb2.zip</filename>
	<title>Семенов Юлиан Семенович. Альтернатива</title>
</book>
<book>
	<filename>semenov_yulian/semenov_yulian_aukcion.fb2.zip</filename>
	<title>Семенов Юлиан Семенович. Аукцион</title>
</book>
<book>
	<filename>semenov_yulian/semenov_yulian_bomba_dlya_predsedatelya.fb2.zip</filename>
	<title>Семенов Юлиан Семенович. Бомба для председателя</title>
</book>
<book>
	<filename>semenov_yulian/semenov_yulian_brillianty_dlya_diktatury_proletariata.fb2.zip</filename>
	<title>Семенов Юлиан. Бриллианты для диктатуры пролетариата</title>
</book>
<book>
	<filename>semenov_yulian/semenov_yulian_diplomaticheskii_agent.fb2.zip</filename>
	<title>Семенов Юлиан Семенович. Дипломатический агент</title>
</book>
<book>
	<filename>semenov_yulian/semenov_yulian_dozhd_v_vodostochnyh_trubah.fb2.zip</filename>
	<title>Семенов Юлиан Семенович. Дождь в водосточных трубах</title>
</book>
<book>
	<filename>semenov_yulian/semenov_yulian_eshe_ne_osen.fb2.zip</filename>
	<title>Семенов Юлиан Семенович. Еще не осень…</title>
</book>
<book>
	<filename>semenov_yulian/semenov_yulian_gibel_stolypina.fb2.zip</filename>
	<title>Семенов Юлиан. Гибель Столыпина</title>
</book>
<book>
	<filename>semenov_yulian/semenov_yulian_gorenie_kniga_1.fb2.zip</filename>
	<title>Семенов Юлиан. Горение. Книга 1</title>
</book>
<book>
	<filename>semenov_yulian/semenov_yulian_gorenie_kniga_2.fb2.zip</filename>
	<title>Семенов Юлиан. Горение. Книга 2</title>
</book>
<book>
	<filename>semenov_yulian/semenov_yulian_gorenie_kniga_3.fb2.zip</filename>
	<title>Семенов Юлиан. Горение. Книга 3</title>
</book>
<book>
	<filename>semenov_yulian/semenov_yulian_gorenie_kniga_4.fb2.zip</filename>
	<title>Семенов Юлиан. Горение. Книга 4</title>
</book>
<book>
	<filename>semenov_yulian/semenov_yulian_infarkt_miokarda.fb2.zip</filename>
	<title>Семенов Юлиан Семенович. Инфаркт миокарда</title>
</book>
<book>
	<filename>semenov_yulian/semenov_yulian_ishod.fb2.zip</filename>
	<title>Семенов Юлиан Семенович. Исход</title>
</book>
<book>
	<filename>semenov_yulian/semenov_yulian_ispanskii_variant.fb2.zip</filename>
	<title>Семенов Юлиан Семенович. Испанский вариант</title>
</book>
<book>
	<filename>semenov_yulian/semenov_yulian_maior_vihr.fb2.zip</filename>
	<title>Семенов Юлиан Семенович. Майор «Вихрь»</title>
</book>
<book>
	<filename>semenov_yulian/semenov_yulian_mezhkontinentalnyi_uzel.fb2.zip</filename>
	<title>Семенов Юлиан Семенович. Межконтинентальный узел</title>
</book>
<book>
	<filename>semenov_yulian/semenov_yulian_nauchnyi_kommentarii.fb2.zip</filename>
	<title>Семенов Юлиан Семенович. Научный комментарий</title>
</book>
<book>
	<filename>semenov_yulian/semenov_yulian_neprimirimost.fb2.zip</filename>
	<title>Семенов Юлиан Семенович. Непримиримость</title>
</book>
<book>
	<filename>semenov_yulian/semenov_yulian_nezhnost.fb2.zip</filename>
	<title>Семенов Юлиан Семенович. Нежность</title>
</book>
<book>
	<filename>semenov_yulian/semenov_yulian_ogareva_6.fb2.zip</filename>
	<title>Семенов Юлиан Семенович. Огарева, 6</title>
</book>
<book>
	<filename>semenov_yulian/semenov_yulian_otchayanie.fb2.zip</filename>
	<title>Семенов Юлиан Семенович. Отчаяние</title>
</book>
<book>
	<filename>semenov_yulian/semenov_yulian_parol_ne_nuzhen.fb2.zip</filename>
	<title>Семенов Юлиан Семенович. Пароль не нужен</title>
</book>
<book>
	<filename>semenov_yulian/semenov_yulian_petrovka_38.fb2.zip</filename>
	<title>Семенов Юлиан Семенович. Петровка, 38</title>
</book>
<book>
	<filename>semenov_yulian/semenov_yulian_presscentr.fb2.zip</filename>
	<title>Семенов Юлиан Семенович. Пресс-центр</title>
</book>
<book>
	<filename>semenov_yulian/semenov_yulian_pri_ispolnenii_sluzhebnyh_obyazannostei.fb2.zip</filename>
	<title>Семенов Юлиан Семенович. При исполнении служебных обязанностей</title>
</book>
<book>
	<filename>semenov_yulian/semenov_yulian_prikazano_vyzhit.fb2.zip</filename>
	<title>Семенов Юлиан Семенович. Приказано выжить</title>
</book>
<book>
	<filename>semenov_yulian/semenov_yulian_protivostoyanie.fb2.zip</filename>
	<title>Семенов Юлиан Семенович. Противостояние</title>
</book>
<book>
	<filename>semenov_yulian/semenov_yulian_psevdonim.fb2.zip</filename>
	<title>Семенов Юлиан Семенович. Псевдоним</title>
</book>
<book>
	<filename>semenov_yulian/semenov_yulian_put_v_novogodnyuyu_noch.fb2.zip</filename>
	<title>Семенов Юлиан Семенович. Путь в новогоднюю ночь</title>
</book>
<book>
	<filename>semenov_yulian/semenov_yulian_reporter.fb2.zip</filename>
	<title>Семенов Юлиан Семенович. Репортер</title>
</book>
<book>
	<filename>semenov_yulian/semenov_yulian_semnadcat_mgnovenii_vesny.fb2.zip</filename>
	<title>Семенов Юлиан Семенович. Семнадцать мгновений весны</title>
</book>
<book>
	<filename>semenov_yulian/semenov_yulian_skorceni_licom_k_licu.fb2.zip</filename>
	<title>Семенов Юлиан Семенович. Скорцени – лицом к лицу</title>
</book>
<book>
	<filename>semenov_yulian/semenov_yulian_smert_petra.fb2.zip</filename>
	<title>Семенов Юлиан. Смерть Петра</title>
</book>
<book>
	<filename>semenov_yulian/semenov_yulian_taina_kutuzovskogo_prospekta.fb2.zip</filename>
	<title>Семенов Юлиан Семенович. Тайна Кутузовского проспекта</title>
</book>
<book>
	<filename>semenov_yulian/semenov_yulian_tass_upolnomochen_zayavit.fb2.zip</filename>
	<title>Семенов Юлиан Семенович. ТАСС уполномочен заявить</title>
</book>
<book>
	<filename>semenov_yulian/semenov_yulian_tretya_karta.fb2.zip</filename>
	<title>Семенов Юлиан Семенович. Третья карта</title>
</book>
<book>
	<filename>semenov_yulian/semenov_yulian_yekspansiya_i.fb2.zip</filename>
	<title>Семенов Юлиан Семенович. Экспансия — I</title>
</book>
<book>
	<filename>semenov_yulian/semenov_yulian_yekspansiya_ii.fb2.zip</filename>
	<title>Семенов Юлиан Семенович. Экспансия — II</title>
</book>
<book>
	<filename>semenov_yulian/semenov_yulian_yekspansiya_iii.fb2.zip</filename>
	<title>Семенов Юлиан Семенович. Экспансия — III</title>
</book>
<book>
	<filename>semenov_yulian/semenov_yulian_zakrytye_stranicy_istorii.fb2.zip</filename>
	<title>Семенов Юлиан. Закрытые страницы истории</title>
</book>
<book>
	<filename>semerenko_vladislav/semerenko_vladislav_wing_commander_zapiski_pilota.fb2.zip</filename>
	<title>Семеренко Владислав. Wing Commander: Записки пилота</title>
</book>
<book>
	<filename>semiryaga_mihail/semiryaga_mihail_tainy_stalinskoi_diplomatii_19391941.fb2.zip</filename>
	<title>Семиряга Михаил Иванович. Тайны сталинской дипломатии. 1939-1941</title>
</book>
<book>
	<filename>sempe_zhan/sempe_zhan_nikola_i_ego_druzya.fb2.zip</filename>
	<title>Семпе Жан Жак. Никола и его друзья</title>
</book>
<book>
	<filename>semyanovskii_feliks/semyanovskii_feliks_povest_o_frontovom_detstve.fb2.zip</filename>
	<title>Семяновский Феликс Михайлович. Повесть о фронтовом детстве</title>
</book>
<book>
	<filename>semyonov_yulian/semyonov_yulian_alternativa.fb2.zip</filename>
	<title>Семёнов Юлиан Семёнович. Альтернатива</title>
</book>
<book>
	<filename>semyonov_yulian/semyonov_yulian_aukcion.fb2.zip</filename>
	<title>Семёнов Юлиан Семёнович. Аукцион</title>
</book>
<book>
	<filename>semyonov_yulian/semyonov_yulian_bomba_dlya_predsedatelya.fb2.zip</filename>
	<title>Семёнов Юлиан Семёнович. Бомба для председателя</title>
</book>
<book>
	<filename>semyonov_yulian/semyonov_yulian_diplomaticheskii_agent.fb2.zip</filename>
	<title>Семёнов Юлиан Семёнович. Дипломатический агент</title>
</book>
<book>
	<filename>semyonov_yulian/semyonov_yulian_dozhd_v_vodostochnyh_trubah.fb2.zip</filename>
	<title>Семёнов Юлиан Семёнович. Дождь в водосточных трубах</title>
</book>
<book>
	<filename>semyonov_yulian/semyonov_yulian_gorenie_kniga_1.fb2.zip</filename>
	<title>Семёнов Юлиан Семёнович. Горение. Книга 1</title>
</book>
<book>
	<filename>semyonov_yulian/semyonov_yulian_gorenie_kniga_2.fb2.zip</filename>
	<title>Семёнов Юлиан Семёнович. Горение. Книга 2</title>
</book>
<book>
	<filename>semyonov_yulian/semyonov_yulian_gorenie_kniga_3.fb2.zip</filename>
	<title>Семёнов Юлиан Семёнович. Горение. Книга 3</title>
</book>
<book>
	<filename>semyonov_yulian/semyonov_yulian_gorenie_kniga_4.fb2.zip</filename>
	<title>Семёнов Юлиан Семёнович. Горение. Книга 4</title>
</book>
<book>
	<filename>semyonov_yulian/semyonov_yulian_infarkt_miokarda.fb2.zip</filename>
	<title>Семёнов Юлиан Семёнович. Инфаркт миокарда</title>
</book>
<book>
	<filename>semyonov_yulian/semyonov_yulian_ispanskii_variant.fb2.zip</filename>
	<title>Семёнов Юлиан Семёнович. Испанский вариант</title>
</book>
<book>
	<filename>semyonov_yulian/semyonov_yulian_maior_vihr.fb2.zip</filename>
	<title>Семёнов Юлиан Семёнович. Майор «Вихрь»</title>
</book>
<book>
	<filename>semyonov_yulian/semyonov_yulian_mezhkontinentalnyi_uzel.fb2.zip</filename>
	<title>Семёнов Юлиан Семёнович. Межконтинентальный узел</title>
</book>
<book>
	<filename>semyonov_yulian/semyonov_yulian_neprimirimost.fb2.zip</filename>
	<title>Семёнов Юлиан Семёнович. Непримиримость</title>
</book>
<book>
	<filename>semyonov_yulian/semyonov_yulian_ogareva_6.fb2.zip</filename>
	<title>Семёнов Юлиан Семёнович. Огарева, 6</title>
</book>
<book>
	<filename>semyonov_yulian/semyonov_yulian_otchayanie.fb2.zip</filename>
	<title>Семёнов Юлиан Семёнович. Отчаяние</title>
</book>
<book>
	<filename>semyonov_yulian/semyonov_yulian_presscentr.fb2.zip</filename>
	<title>Семёнов Юлиан Семёнович. Пресс-центр</title>
</book>
<book>
	<filename>semyonov_yulian/semyonov_yulian_pri_ispolnenii_sluzhebnyh_obyazannostei.fb2.zip</filename>
	<title>Семёнов Юлиан Семёнович. При исполнении служебных обязанностей</title>
</book>
<book>
	<filename>semyonov_yulian/semyonov_yulian_put_v_novogodnyuyu_noch.fb2.zip</filename>
	<title>Семёнов Юлиан Семёнович. Путь в новогоднюю ночь</title>
</book>
<book>
	<filename>semyonov_yulian/semyonov_yulian_reporter.fb2.zip</filename>
	<title>Семёнов Юлиан Семёнович. Репортер</title>
</book>
<book>
	<filename>semyonov_yulian/semyonov_yulian_semnadcat_mgnovenii_vesny.fb2.zip</filename>
	<title>Семёнов Юлиан Семёнович. Семнадцать мгновений весны</title>
</book>
<book>
	<filename>semyonov_yulian/semyonov_yulian_taina_kutuzovskogo_prospekta.fb2.zip</filename>
	<title>Семёнов Юлиан Семёнович. Тайна Кутузовского проспекта</title>
</book>
<book>
	<filename>semyonov_yulian/semyonov_yulian_tass_upolnomochen_zayavit.fb2.zip</filename>
	<title>Семёнов Юлиан Семёнович. ТАСС уполномочен заявить</title>
</book>
<book>
	<filename>semyonov_yulian/semyonov_yulian_tretya_karta.fb2.zip</filename>
	<title>Семёнов Юлиан Семёнович. Третья карта</title>
</book>
<book>
	<filename>semyonov_yulian/semyonov_yulian_yekspansiya_i.fb2.zip</filename>
	<title>Семёнов Юлиан Семёнович. Экспансия – I</title>
</book>
<book>
	<filename>semyonov_yulian/semyonov_yulian_yekspansiya_ii.fb2.zip</filename>
	<title>Семёнов Юлиан Семёнович. Экспансия – II</title>
</book>
<book>
	<filename>semyonov_yulian/semyonov_yulian_yekspansiya_iii.fb2.zip</filename>
	<title>Семёнов Юлиан Семёнович. Экспансия – III</title>
</book>
<book>
	<filename>senak_klad/senak_klad_peshery_krasnoi_reki.fb2.zip</filename>
	<title>Сенак Клад. Пещеры Красной реки</title>
</book>
<book>
	<filename>senkevich_genrik/senkevich_genrik_bez_dogmata.fb2.zip</filename>
	<title>Сенкевич Генрик. Без догмата</title>
</book>
<book>
	<filename>senkevich_genrik/senkevich_genrik_ganya.fb2.zip</filename>
	<title>Сенкевич Генрик. Ганя</title>
</book>
<book>
	<filename>senkevich_genrik/senkevich_genrik_kamo_gryadeshi.fb2.zip</filename>
	<title>Сенкевич Генрик. Камо грядеши</title>
</book>
<book>
	<filename>senkevich_genrik/senkevich_genrik_krestonoscy_tom_1.fb2.zip</filename>
	<title>Сенкевич Генрик. Крестоносцы. Том 1</title>
</book>
<book>
	<filename>senkevich_genrik/senkevich_genrik_krestonoscy_tom_2.fb2.zip</filename>
	<title>Сенкевич Генрик. Крестоносцы. Том 2</title>
</book>
<book>
	<filename>senkevich_genrik/senkevich_genrik_ognem_i_mechom_chast_1.fb2.zip</filename>
	<title>Сенкевич Генрик. Огнем и мечом. Часть 1</title>
</book>
<book>
	<filename>senkevich_genrik/senkevich_genrik_ognem_i_mechom_chast_2.fb2.zip</filename>
	<title>Сенкевич Генрик. Огнем и мечом. Часть 2</title>
</book>
<book>
	<filename>senkevich_genrik/senkevich_genrik_orso.fb2.zip</filename>
	<title>Сенкевич Генрик. Орсо</title>
</book>
<book>
	<filename>senkevich_genrik/senkevich_genrik_pan_volodyyovskii.fb2.zip</filename>
	<title>Сенкевич Генрик. Пан Володыёвский</title>
</book>
<book>
	<filename>senkevich_genrik/senkevich_genrik_potop_tom_1.fb2.zip</filename>
	<title>Сенкевич Генрик. Потоп. Том 1</title>
</book>
<book>
	<filename>senkevich_genrik/senkevich_genrik_potop_tom_2.fb2.zip</filename>
	<title>Сенкевич Генрик. Потоп. Том 2</title>
</book>
<book>
	<filename>senkevich_genrik/senkevich_genrik_semya_polaneckih.fb2.zip</filename>
	<title>Сенкевич Генрик. Семья Поланецких</title>
</book>
<book>
	<filename>senkevich_genrik/senkevich_genrik_yankomuzykant.fb2.zip</filename>
	<title>Сенкевич Генрик. Янко-музыкант</title>
</book>
<book>
	<filename>senkler_margaret/senkler_margaret_malchik_kotoryi_predskazyval_zemletryaseniya.fb2.zip</filename>
	<title>Сен-Клер Маргарет. Мальчик, который предсказывал землетрясения</title>
</book>
<book>
	<filename>sentdzhailz_dzhennifer/sentdzhailz_dzhennifer_ego_tainye_zhelaniya.fb2.zip</filename>
	<title>Сент-Джайлз Дженнифер. Его тайные желания</title>
</book>
<book>
	<filename>sentdzheims_iyen/sentdzheims_iyen_zalozhniki_udachi.fb2.zip</filename>
	<title>Сент-Джеймс Иэн. Заложники удачи</title>
</book>
<book>
	<filename>sentdzhon_sheril/sentdzhon_sheril_bilet_do_stancii_schaste.fb2.zip</filename>
	<title>Сент-Джон Шерил. Билет до станции «Счастье»</title>
</book>
<book>
	<filename>sentkler_roksana/sentkler_roksana_nochnoi_tanec.fb2.zip</filename>
	<title>Сент-Клер Роксана. Ночной танец</title>
</book>
<book>
	<filename>sentkler_roksana/sentkler_roksana_volshebnye_dyuny.fb2.zip</filename>
	<title>Сент-Клер Роксана. Волшебные дюны</title>
</book>
<book>
	<filename>sepulveda_luis/sepulveda_luis_starik_kotoryi_chital_lyubovnye_romany.fb2.zip</filename>
	<title>Сепульведа Луис. Старик, который читал любовные романы</title>
</book>
<book>
	<filename>seranella_barbara/seranella_barbara_vy_tolko_ne_obizhaites.fb2.zip</filename>
	<title>Серанелла Барбара. Вы только не обижайтесь</title>
</book>
<book>
	<filename>serba_andrei/serba_andrei_mechom_razdvinu_rubezhi.fb2.zip</filename>
	<title>Серба Андрей Иванович. Мечом раздвину рубежи</title>
</book>
<book>
	<filename>serba_andrei/serba_andrei_mertvye_sramu_ne_imut.fb2.zip</filename>
	<title>Серба Андрей Иванович. Мертвые сраму не имут...</title>
</book>
<book>
	<filename>serba_andrei/serba_andrei_nash_verh_plastun.fb2.zip</filename>
	<title>Серба Андрей Иванович. Наш верх, пластун</title>
</book>
<book>
	<filename>serba_andrei/serba_andrei_oi_zibralysya_orly.fb2.zip</filename>
	<title>Серба Андрей Иванович. Ой, зибралыся орлы...</title>
</book>
<book>
	<filename>serba_andrei/serba_andrei_tainstvennyi_oboz.fb2.zip</filename>
	<title>Серба Андрей Иванович. Таинственный обоз</title>
</book>
<book>
	<filename>serba_andrei/serba_andrei_ubiicy_dlya_imperatora.fb2.zip</filename>
	<title>Серба Андрей Иванович. Убийцы для императора</title>
</book>
<book>
	<filename>serba_andrei/serba_andrei_vedi_knyazhe.fb2.zip</filename>
	<title>Серба Андрей. Веди, княже!</title>
</book>
<book>
	<filename>serba_andrei/serba_andrei_vyigrat_vremya.fb2.zip</filename>
	<title>Серба Андрей. Выиграть время</title>
</book>
<book>
	<filename>serba_andrei/serba_andrei_vzryv_na_rassvete.fb2.zip</filename>
	<title>Серба Андрей. Взрыв на рассвете</title>
</book>
<book>
	<filename>serba_andrei/serba_andrei_zagovor_protiv_olgi.fb2.zip</filename>
	<title>Серба Андрей Иванович. Заговор против Ольги</title>
</book>
<book>
	<filename>serbzhinskaya_irina/serbzhinskaya_irina_igry_nevidimok.fb2.zip</filename>
	<title>Сербжинская Ирина. Игры невидимок</title>
</book>
<book>
	<filename>serbzhinskaya_irina/serbzhinskaya_irina_tropoyu_volka.fb2.zip</filename>
	<title>Сербжинская Ирина. Тропою волка</title>
</book>
<book>
	<filename>serbzhinskaya_irina/serbzhinskaya_irina_vechnyi_strannik.fb2.zip</filename>
	<title>Сербжинская Ирина. Вечный Странник</title>
</book>
<book>
	<filename>serbzhinskaya_irina/serbzhinskaya_irina_voin_snovidenii.fb2.zip</filename>
	<title>Сербжинская Ирина. Воин Сновидений</title>
</book>
<book>
	<filename>serbzhinskaya_irina/serbzhinskaya_irina_za_porogom_volshebstva.fb2.zip</filename>
	<title>Сербжинская Ирина. За порогом волшебства</title>
</book>
<book>
	<filename>serdyuk_andrei/serdyuk_andrei_dorogi_mladshih_bogov.fb2.zip</filename>
	<title>Сердюк Андрей. Дороги Младших Богов</title>
</book>
<book>
	<filename>serebryakov_vladimir/serebryakov_vladimir_iz_ameriki_s_lyubovyu.fb2.zip</filename>
	<title>Серебряков Владимир. Из Америки – с любовью</title>
</book>
<book>
	<filename>serebryakov_vladimir/serebryakov_vladimir_kratkii_ocherk_fiziologii_podgornogo_plemeni.fb2.zip</filename>
	<title>Серебряков Владимир. Краткий очерк физиологии подгорного племени</title>
</book>
<book>
	<filename>serebryakov_vladimir/serebryakov_vladimir_lunnaya_sonata_dlya_blastera.fb2.zip</filename>
	<title>Серебряков Владимир. Лунная соната для бластера</title>
</book>
<book>
	<filename>serebryakov_vladimir/serebryakov_vladimir_oboroten_v_pogonah.fb2.zip</filename>
	<title>Серебряков Владимир. Оборотень в погонах</title>
</book>
<book>
	<filename>serebryakov_vladimir/serebryakov_vladimir_zvezdnyi_ogon.fb2.zip</filename>
	<title>Серебряков Владимир. Звездный огонь</title>
</book>
<book>
	<filename>seregin_mihail/seregin_mihail_kogda_strelyaet_mishen.fb2.zip</filename>
	<title>Серегин Михаил. Когда стреляет мишень</title>
</book>
<book>
	<filename>seregin_mihail/seregin_mihail_podarok_devushki_po_vyzovu.fb2.zip</filename>
	<title>Серегин Михаил. Подарок девушки по вызову</title>
</book>
<book>
	<filename>seregin_mihail/seregin_mihail_volnyi_strelok.fb2.zip</filename>
	<title>Серегин Михаил. Вольный стрелок</title>
</book>
<book>
	<filename>seregin_oleg/seregin_oleg_dikii_port.fb2.zip</filename>
	<title>Серегин Олег. Дикий Порт</title>
</book>
<book>
	<filename>seregin_oleg/seregin_oleg_dominiruyushaya_rasa.fb2.zip</filename>
	<title>Серегин Олег. Доминирующая раса</title>
</book>
<book>
	<filename>sergacheva_yuliya/sergacheva_yuliya_krov_drakonov.fb2.zip</filename>
	<title>Сергачева Юлия. Кровь драконов</title>
</book>
<book>
	<filename>sergacheva_yuliya/sergacheva_yuliya_privkus_magii.fb2.zip</filename>
	<title>Сергачева Юлия. Привкус магии</title>
</book>
<book>
	<filename>sergeenko_mariya/sergeenko_mariya_zhizn_drevnego_rima.fb2.zip</filename>
	<title>Сергеенко Мария Ефимовна. Жизнь древнего Рима</title>
</book>
<book>
	<filename>sergeev_boris/sergeev_boris_kak_mozg_uchilsya_dumat.fb2.zip</filename>
	<title>Сергеев Борис Федорович. Как мозг учился думать</title>
</book>
<book>
	<filename>sergeev_boris/sergeev_boris_paradoksy_mozga.fb2.zip</filename>
	<title>Сергеев Борис. Парадоксы мозга</title>
</book>
<book>
	<filename>sergeev_boris/sergeev_boris_stupeni_yevolyucii_intellekta.fb2.zip</filename>
	<title>Сергеев Борис Федорович. Ступени эволюции интеллекта</title>
</book>
<book>
	<filename>sergeev_boris/sergeev_boris_tainy_pamyati_s_illyustraciyami.fb2.zip</filename>
	<title>Сергеев Борис Федорович. Тайны памяти (с иллюстрациями)</title>
</book>
<book>
	<filename>sergeev_boris/sergeev_boris_um_horosho.fb2.zip</filename>
	<title>Сергеев Борис. Ум хорошо…</title>
</book>
<book>
	<filename>sergeev_boris/sergeev_boris_zanimatelnaya_fiziologiya.fb2.zip</filename>
	<title>Сергеев Борис Федорович. Занимательная физиология</title>
</book>
<book>
	<filename>sergeev_boris/sergeev_boris_zhivye_lokatory_okeana.fb2.zip</filename>
	<title>Сергеев Борис. Живые локаторы океана</title>
</book>
<book>
	<filename>sergeev_boris/sergeev_boris_zhizn_lesnyh_debrei.fb2.zip</filename>
	<title>Сергеев Борис Федорович. Жизнь лесных дебрей</title>
</book>
<book>
	<filename>sergeevcenskii_sergei/sergeevcenskii_sergei_sevastopolskaya_strada_tom_1.fb2.zip</filename>
	<title>Сергеев-Ценский Сергей Николаевич. Севастопольская страда. Том 1</title>
</book>
<book>
	<filename>sergeevcenskii_sergei/sergeevcenskii_sergei_sevastopolskaya_strada_tom_2.fb2.zip</filename>
	<title>Сергеев-Ценский Сергей Николаевич. Севастопольская страда. Том 2</title>
</book>
<book>
	<filename>sergeevcenskii_sergei/sergeevcenskii_sergei_sevastopolskaya_strada_tom_3.fb2.zip</filename>
	<title>Сергеев-Ценский Сергей Николаевич. Севастопольская страда. Том 3</title>
</book>
<book>
	<filename>sergeevcenskii_sergei/sergeevcenskii_sergei_sinopskii_boi.fb2.zip</filename>
	<title>Сергеев-Ценский Сергей Николаевич. Синопский бой</title>
</book>
<book>
	<filename>sergeev_evgenii/sergeev_evgenii_zolotoi_telec.fb2.zip</filename>
	<title>Сергеев Евгений. Золотой телец</title>
</book>
<book>
	<filename>sergeev_f/sergeev_f_tainye_operacii_nacistskoi_razvedki_19331945_gg.fb2.zip</filename>
	<title>Сергеев Ф. М. Тайные операции нацистской разведки 1933-1945 гг.</title>
</book>
<book>
	<filename>sergeev_leonid/sergeev_leonid_samyi_druzhelyubnyi_pes_na_svete.fb2.zip</filename>
	<title>Сергеев Леонид Анатольевич. Самый дружелюбный пес на свете</title>
</book>
<book>
	<filename>sergeev_leonid/sergeev_leonid_zheleznyi_dym.fb2.zip</filename>
	<title>Сергеев Леонид Анатольевич. Железный Дым</title>
</book>
<book>
	<filename>sergeev_mark/sergeev_mark_mashina_vremeni_kolki_spiridonova.fb2.zip</filename>
	<title>Сергеев Марк Давидович. Машина времени Кольки Спиридонова</title>
</book>
<book>
	<filename>sergeev_mark/sergeev_mark_volshebnaya_galosha.fb2.zip</filename>
	<title>Сергеев Марк Давидович. Волшебная галоша</title>
</book>
<book>
	<filename>sergeevskii_aleksandr/sergeevskii_aleksandr_lohotron_dlya_bratvy.fb2.zip</filename>
	<title>Сергеевский Александр. Лохотрон для братвы</title>
</book>
<book>
	<filename>sergeevskii_aleksandr/sergeevskii_aleksandr_pr_dlya_bratvy.fb2.zip</filename>
	<title>Сергеевский Александр. PR для братвы</title>
</book>
<book>
	<filename>sergienko_konstantin/sergienko_konstantin_borodinskoe_probuzhdenie.fb2.zip</filename>
	<title>Сергиенко Константин. Бородинское пробуждение</title>
</book>
<book>
	<filename>sergienko_konstantin/sergienko_konstantin_do_svidaniya_ovrag.fb2.zip</filename>
	<title>Сергиенко Константин. До свидания, Овраг</title>
</book>
<book>
	<filename>sergienko_konstantin/sergienko_konstantin_kees_admiral_tyulpanov.fb2.zip</filename>
	<title>Сергиенко Константин. Кеес Адмирал Тюльпанов</title>
</book>
<book>
	<filename>sergienko_konstantin/sergienko_konstantin_pobochnyi_yeffekt.fb2.zip</filename>
	<title>Сергиенко Константин. Побочный эффект</title>
</book>
<book>
	<filename>sergienko_konstantin/sergienko_konstantin_uvezi_nas_pegas.fb2.zip</filename>
	<title>Сергиенко Константин. Увези нас, Пегас!</title>
</book>
<book>
	<filename>serkin_vladimir/serkin_vladimir_hohot_shamana.fb2.zip</filename>
	<title>Серкин Владимир. Хохот шамана</title>
</book>
<book>
	<filename>serling_rod/serling_rod_kogda_spyashie_prosypayutsya.fb2.zip</filename>
	<title>Серлинг Род. Когда спящие просыпаются</title>
</book>
<book>
	<filename>serno_volf/serno_volf_taina_zatvornika_kampodiosa.fb2.zip</filename>
	<title>Серно Вольф. Тайна затворника Камподиоса</title>
</book>
<book>
	<filename>serova_marina/serova_marina_bud_chto_budet.fb2.zip</filename>
	<title>Серова Марина. Будь что будет</title>
</book>
<book>
	<filename>serova_marina/serova_marina_chernoe_bratstvo.fb2.zip</filename>
	<title>Серова Марина. Черное братство</title>
</book>
<book>
	<filename>serova_marina/serova_marina_chernye_psy.fb2.zip</filename>
	<title>Серова Марина. Черные псы</title>
</book>
<book>
	<filename>serova_marina/serova_marina_derzhi_uho_vostro.fb2.zip</filename>
	<title>Серова Марина. Держи ухо востро</title>
</book>
<book>
	<filename>serova_marina/serova_marina_dlinnonogaya_mishen.fb2.zip</filename>
	<title>Серова Марина. Длинноногая мишень</title>
</book>
<book>
	<filename>serova_marina/serova_marina_dublersha_dlya_zheny.fb2.zip</filename>
	<title>Серова Марина. Дублерша для жены</title>
</book>
<book>
	<filename>serova_marina/serova_marina_dvadcat_pyatyi_kadr.fb2.zip</filename>
	<title>Серова Марина. Двадцать пятый кадр</title>
</book>
<book>
	<filename>serova_marina/serova_marina_eshe_ne_vse_poteryano.fb2.zip</filename>
	<title>Серова Марина. Еще не все потеряно</title>
</book>
<book>
	<filename>serova_marina/serova_marina_gori_vse_sinim_plamenem.fb2.zip</filename>
	<title>Серова Марина. Гори все синим пламенем</title>
</book>
<book>
	<filename>serova_marina/serova_marina_hitrosti_almaznoi_ledi.fb2.zip</filename>
	<title>Серова Марина. Хитрости алмазной леди</title>
</book>
<book>
	<filename>serova_marina/serova_marina_kazusy_chastnogo_syska.fb2.zip</filename>
	<title>Серова Марина. Казусы частного сыска</title>
</book>
<book>
	<filename>serova_marina/serova_marina_krugom_odni_soblazny.fb2.zip</filename>
	<title>Серова Марина. Кругом одни соблазны</title>
</book>
<book>
	<filename>serova_marina/serova_marina_kruiz_s_syurprizom.fb2.zip</filename>
	<title>Серова Марина. Круиз с сюрпризом</title>
</book>
<book>
	<filename>serova_marina/serova_marina_kto_kogo.fb2.zip</filename>
	<title>Серова Марина. Кто кого</title>
</book>
<book>
	<filename>serova_marina/serova_marina_malaya_doza_stervoznosti.fb2.zip</filename>
	<title>Серова Марина. Малая доза стервозности</title>
</book>
<book>
	<filename>serova_marina/serova_marina_meshok_s_nepriyatnostyami.fb2.zip</filename>
	<title>Серова Марина. Мешок с неприятностями</title>
</book>
<book>
	<filename>serova_marina/serova_marina_mir_krutyh_muzhchin.fb2.zip</filename>
	<title>Серова Марина. Мир крутых мужчин</title>
</book>
<book>
	<filename>serova_marina/serova_marina_nesluchainyi_svidetel.fb2.zip</filename>
	<title>Серова Марина. Неслучайный свидетель</title>
</book>
<book>
	<filename>serova_marina/serova_marina_odna_iz_nas_lishnyaya.fb2.zip</filename>
	<title>Серова Марина. Одна из нас лишняя</title>
</book>
<book>
	<filename>serova_marina/serova_marina_pohishenie_veka.fb2.zip</filename>
	<title>Серова Марина. Похищение века</title>
</book>
<book>
	<filename>serova_marina/serova_marina_poka_grom_ne_gryanet.fb2.zip</filename>
	<title>Серова Марина. Пока гром не грянет…</title>
</book>
<book>
	<filename>serova_marina/serova_marina_poslednii_shans.fb2.zip</filename>
	<title>Серова Марина. Последний шанс</title>
</book>
<book>
	<filename>serova_marina/serova_marina_prezent_dlya_pevicy.fb2.zip</filename>
	<title>Серова Марина. Презент для певицы</title>
</book>
<book>
	<filename>serova_marina/serova_marina_privet_s_togo_sveta.fb2.zip</filename>
	<title>Серова Марина. Привет с того света</title>
</book>
<book>
	<filename>serova_marina/serova_marina_progulka_po_lezviyu.fb2.zip</filename>
	<title>Серова Марина. Прогулка по лезвию</title>
</book>
<book>
	<filename>serova_marina/serova_marina_propala_sobaka.fb2.zip</filename>
	<title>Серова Марина. Пропала собака</title>
</book>
<book>
	<filename>serova_marina/serova_marina_spektakl_dlya_odnogo_zritelya.fb2.zip</filename>
	<title>Серова Марина. Спектакль для одного зрителя</title>
</book>
<book>
	<filename>serova_marina/serova_marina_starye_amazonki.fb2.zip</filename>
	<title>Серова Марина. Старые амазонки</title>
</book>
<book>
	<filename>serova_marina/serova_marina_strahovka_ot_zhizni.fb2.zip</filename>
	<title>Серова Марина. Страховка от жизни</title>
</book>
<book>
	<filename>serova_marina/serova_marina_v_obyatiyah_bodigarda.fb2.zip</filename>
	<title>Серова Марина. В объятиях бодигарда</title>
</book>
<book>
	<filename>serova_marina/serova_marina_v_poiskah_legkoi_nazhivy.fb2.zip</filename>
	<title>Серова Марина. В поисках легкой наживы</title>
</book>
<book>
	<filename>serova_marina/serova_marina_vrednaya_osoba.fb2.zip</filename>
	<title>Серова Марина. Вредная особа</title>
</book>
<book>
	<filename>serova_marina/serova_marina_vsya_prelest_striptiza.fb2.zip</filename>
	<title>Серова Марина. Вся прелесть стриптиза</title>
</book>
<book>
	<filename>serova_marina/serova_marina_ya_bolshe_ne_shuchu.fb2.zip</filename>
	<title>Серова Марина. Я больше не шучу</title>
</book>
<book>
	<filename>serova_marina/serova_marina_yekstrim_po_prazdnikam.fb2.zip</filename>
	<title>Серова Марина. Экстрим по праздникам</title>
</book>
<book>
	<filename>serova_marina/serova_marina_zapretnye_udovolstviya.fb2.zip</filename>
	<title>Серова Марина. Запретные удовольствия</title>
</book>
<book>
	<filename>serov_andrei/serov_andrei_chernyi_spisok.fb2.zip</filename>
	<title>Серов Андрей. Черный список</title>
</book>
<book>
	<filename>serpa_yenrike/serpa_yenrike_strah.fb2.zip</filename>
	<title>Серпа Энрике. Страх</title>
</book>
<book>
	<filename>serrano_marsela/serrano_marsela_presvyataya_deva_odinochestva.fb2.zip</filename>
	<title>Серрано Марсела. Пресвятая Дева Одиночества</title>
</book>
<book>
	<filename>sertakov_vitalii/sertakov_vitalii_bratstvo_kresta.fb2.zip</filename>
	<title>Сертаков Виталий. Братство Креста</title>
</book>
<book>
	<filename>sertakov_vitalii/sertakov_vitalii_pastuhi_vechnosti.fb2.zip</filename>
	<title>Сертаков Виталий. Пастухи вечности</title>
</book>
<book>
	<filename>sertakov_vitalii/sertakov_vitalii_plenniki_pogranichya.fb2.zip</filename>
	<title>Сертаков Виталий. Пленники Пограничья</title>
</book>
<book>
	<filename>sertakov_vitalii/sertakov_vitalii_po_sledam_bolshoi_smerti.fb2.zip</filename>
	<title>Сертаков Виталий. По следам большой смерти</title>
</book>
<book>
	<filename>sertakov_vitalii/sertakov_vitalii_prosnuvshiisya_demon.fb2.zip</filename>
	<title>Сертаков Виталий. Проснувшийся Демон</title>
</book>
<book>
	<filename>sertakov_vitalii/sertakov_vitalii_rudiment.fb2.zip</filename>
	<title>Сертаков Виталий. Рудимент</title>
</book>
<book>
	<filename>sertakov_vitalii/sertakov_vitalii_scenarii_sherbet.fb2.zip</filename>
	<title>Сертаков Виталий. Сценарий «Шербет»</title>
</book>
<book>
	<filename>sertakov_vitalii/sertakov_vitalii_strashnye_veshi_lizy_makinoi.fb2.zip</filename>
	<title>Сертаков Виталий. Страшные вещи Лизы Макиной</title>
</book>
<book>
	<filename>sertakov_vitalii/sertakov_vitalii_zanachka_pandory.fb2.zip</filename>
	<title>Сертаков Виталий. Заначка Пандоры</title>
</book>
<book>
	<filename>sertakov_vitalii/sertakov_vitalii_zmei.fb2.zip</filename>
	<title>Сертаков Виталий. Змей</title>
</book>
<book>
	<filename>seryi_ivan/seryi_ivan_oruzhie_mirov.fb2.zip</filename>
	<title>Серый Иван. Оружие миров</title>
</book>
<book>
	<filename>seton_ani/seton_ani_gnezdo_drakona.fb2.zip</filename>
	<title>Сетон Ани. Гнездо дракона</title>
</book>
<book>
	<filename>seton_ani/seton_ani_moya_teodosiya.fb2.zip</filename>
	<title>Сетон Ани. Моя Теодосия</title>
</book>
<book>
	<filename>seton_ani/seton_ani_omela_i_mech.fb2.zip</filename>
	<title>Сетон Ани. Омела и меч</title>
</book>
<book>
	<filename>setontompson_yernest/setontompson_yernest_arno.fb2.zip</filename>
	<title>Сетон-Томпсон Эрнест. Арно</title>
</book>
<book>
	<filename>setontompson_yernest/setontompson_yernest_bingo.fb2.zip</filename>
	<title>Сетон-Томпсон Эрнест. Бинго</title>
</book>
<book>
	<filename>setontompson_yernest/setontompson_yernest_chink.fb2.zip</filename>
	<title>Сетон-Томпсон Эрнест. Чинк</title>
</book>
<book>
	<filename>setontompson_yernest/setontompson_yernest_domino.fb2.zip</filename>
	<title>Сетон-Томпсон Эрнест. Домино</title>
</book>
<book>
	<filename>setontompson_yernest/setontompson_yernest_dzhek_boevoi_konek.fb2.zip</filename>
	<title>Сетон-Томпсон Эрнест. Джек — Боевой Конек</title>
</book>
<book>
	<filename>setontompson_yernest/setontompson_yernest_korolevskaya_analostanka.fb2.zip</filename>
	<title>Сетон-Томпсон Эрнест. Королевская Аналостанка</title>
</book>
<book>
	<filename>setontompson_yernest/setontompson_yernest_lobo.fb2.zip</filename>
	<title>Сетон-Томпсон Эрнест. Лобо</title>
</book>
<book>
	<filename>setontompson_yernest/setontompson_yernest_malchik_i_rys.fb2.zip</filename>
	<title>Сетон-Томпсон Эрнест. Мальчик и рысь</title>
</book>
<book>
	<filename>setontompson_yernest/setontompson_yernest_malenkie_dikari.fb2.zip</filename>
	<title>Сетон-Томпсон Эрнест. Маленькие дикари</title>
</book>
<book>
	<filename>setontompson_yernest/setontompson_yernest_medvezhonok_dzhonni.fb2.zip</filename>
	<title>Сетон-Томпсон Эрнест. Медвежонок Джонни</title>
</book>
<book>
	<filename>setontompson_yernest/setontompson_yernest_mustanginohodec.fb2.zip</filename>
	<title>Сетон-Томпсон Эрнест. Мустанг-иноходец</title>
</book>
<book>
	<filename>setontompson_yernest/setontompson_yernest_otchego_sinicy_raz_v_godu_teryayut_rassudok.fb2.zip</filename>
	<title>Сетон-Томпсон Эрнест. Отчего синицы раз в году теряют рассудок</title>
</book>
<book>
	<filename>setontompson_yernest/setontompson_yernest_serebryanoe_pyatnyshko.fb2.zip</filename>
	<title>Сетон-Томпсон Эрнест. Серебряное пятнышко</title>
</book>
<book>
	<filename>setontompson_yernest/setontompson_yernest_snap.fb2.zip</filename>
	<title>Сетон-Томпсон Эрнест. Снап</title>
</book>
<book>
	<filename>setontompson_yernest/setontompson_yernest_tito.fb2.zip</filename>
	<title>Сетон-Томпсон Эрнест. Тито</title>
</book>
<book>
	<filename>setontompson_yernest/setontompson_yernest_ulichnyi_pevec.fb2.zip</filename>
	<title>Сетон-Томпсон Эрнест. Уличный певец</title>
</book>
<book>
	<filename>setontompson_yernest/setontompson_yernest_vinnipegskii_volk.fb2.zip</filename>
	<title>Сетон-Томпсон Эрнест. Виннипегский волк</title>
</book>
<book>
	<filename>setontompson_yernest/setontompson_yernest_vulli.fb2.zip</filename>
	<title>Сетон-Томпсон Эрнест. Вулли</title>
</book>
<book>
	<filename>setontompson_yernest/setontompson_yernest_zhizn_serogo_medvedya.fb2.zip</filename>
	<title>Сетон-Томпсон Эрнест. Жизнь серого медведя</title>
</book>
<book>
	<filename>setterfild_diana/setterfild_diana_trinadcataya_skazka.fb2.zip</filename>
	<title>Сеттерфилд Диана. Тринадцатая сказка</title>
</book>
<book>
	<filename>sevastyanov_anatolii/sevastyanov_anatolii_dikii_urman.fb2.zip</filename>
	<title>Севастьянов Анатолий. Дикий урман</title>
</book>
<book>
	<filename>sevela_yefraim/sevela_yefraim_belye_dyuny.fb2.zip</filename>
	<title>Севела Эфраим. Белые дюны</title>
</book>
<book>
	<filename>sevela_yefraim/sevela_yefraim_belyi_mersedes.fb2.zip</filename>
	<title>Севела Эфраим. Белый «мерседес»</title>
</book>
<book>
	<filename>sevela_yefraim/sevela_yefraim_blagotvoritelnyi_bal.fb2.zip</filename>
	<title>Севела Эфраим. Благотворительный бал</title>
</book>
<book>
	<filename>sevela_yefraim/sevela_yefraim_i_love_new_york.fb2.zip</filename>
	<title>Севела Эфраим. I love New York</title>
</book>
<book>
	<filename>sevela_yefraim/sevela_yefraim_klen_ty_moi_opavshii.fb2.zip</filename>
	<title>Севела Эфраим. Клен ты мой опавший</title>
</book>
<book>
	<filename>sevela_yefraim/sevela_yefraim_lastochkino_gnezdo.fb2.zip</filename>
	<title>Севела Эфраим. Ласточкино гнездо</title>
</book>
<book>
	<filename>sevela_yefraim/sevela_yefraim_legendy_invalidnoi_ulicy.fb2.zip</filename>
	<title>Севела Эфраим. Легенды Инвалидной улицы</title>
</book>
<book>
	<filename>sevela_yefraim/sevela_yefraim_mama.fb2.zip</filename>
	<title>Севела Эфраим. Мама</title>
</book>
<book>
	<filename>sevela_yefraim/sevela_yefraim_monya_cackes_znamenosec.fb2.zip</filename>
	<title>Севела Эфраим. Моня Цацкес — Знаменосец</title>
</book>
<book>
	<filename>sevela_yefraim/sevela_yefraim_muzh_kak_vse_muzhya.fb2.zip</filename>
	<title>Севела Эфраим. Муж как все мужья</title>
</book>
<book>
	<filename>sevela_yefraim/sevela_yefraim_muzhskoi_razgovor_v_russkoi_bane.fb2.zip</filename>
	<title>Севела Эфраим. Мужской разговор в русской бане</title>
</book>
<book>
	<filename>sevela_yefraim/sevela_yefraim_odessa_mama.fb2.zip</filename>
	<title>Севела Эфраим. Одесса — мама</title>
</book>
<book>
	<filename>sevela_yefraim/sevela_yefraim_ostanovite_samolet_ya_slezu.fb2.zip</filename>
	<title>Севела Эфраим. Остановите Самолет — Я Слезу!</title>
</book>
<book>
	<filename>sevela_yefraim/sevela_yefraim_pochemu_net_raya_na_zemle.fb2.zip</filename>
	<title>Севела Эфраим. Почему нет рая на земле</title>
</book>
<book>
	<filename>sevela_yefraim/sevela_yefraim_popugai_govoryashii_na_idish.fb2.zip</filename>
	<title>Севела Эфраим. Попугай, говорящий на идиш</title>
</book>
<book>
	<filename>sevela_yefraim/sevela_yefraim_prodai_svoyu_mat.fb2.zip</filename>
	<title>Севела Эфраим. Продай свою мать</title>
</book>
<book>
	<filename>sevela_yefraim/sevela_yefraim_severnoe_siyanie.fb2.zip</filename>
	<title>Севела Эфраим. Северное сияние</title>
</book>
<book>
	<filename>sevela_yefraim/sevela_yefraim_siamskie_koshechki.fb2.zip</filename>
	<title>Севела Эфраим. Сиамские кошечки</title>
</book>
<book>
	<filename>sevela_yefraim/sevela_yefraim_toiota_korolla.fb2.zip</filename>
	<title>Севела Эфраим. «Тойота Королла»</title>
</book>
<book>
	<filename>sevela_yefraim/sevela_yefraim_viking.fb2.zip</filename>
	<title>Севела Эфраим. Викинг</title>
</book>
<book>
	<filename>sevela_yefraim/sevela_yefraim_zemlya_zhazhdet_chuda.fb2.zip</filename>
	<title>Севела Эфраим. Земля жаждет чуда</title>
</book>
<book>
	<filename>sevela_yefraim/sevela_yefraim_zub_mudrosti.fb2.zip</filename>
	<title>Севела Эфраим. Зуб мудрости</title>
</book>
<book>
	<filename>severcev_petr/severcev_petr_malenkii_ad_dlya_hakera.fb2.zip</filename>
	<title>Северцев Петр. Маленький ад для хакера</title>
</book>
<book>
	<filename>severcev_petr/severcev_petr_yelektorat_hakera.fb2.zip</filename>
	<title>Северцев Петр. Электорат хакера</title>
</book>
<book>
	<filename>severin_tim/severin_tim_ditya_odina.fb2.zip</filename>
	<title>Северин Тим. Дитя Одина</title>
</book>
<book>
	<filename>severin_tim/severin_tim_pobratimy_mecha.fb2.zip</filename>
	<title>Северин Тим. Побратимы меча</title>
</book>
<book>
	<filename>severin_tim/severin_tim_poslednii_konung.fb2.zip</filename>
	<title>Северин Тим. Последний Конунг</title>
</book>
<book>
	<filename>severov_petr/severov_petr_bespokoinyi_inok_ignatii.fb2.zip</filename>
	<title>Северов Петр Федорович. Беспокойный инок Игнатий</title>
</book>
<book>
	<filename>severov_petr/severov_petr_kazak_semeika_sluzhilyi_chelovek.fb2.zip</filename>
	<title>Северов Петр Федорович. Казак Семейка, служилый человек</title>
</book>
<book>
	<filename>severov_petr/severov_petr_komandory_v_puti.fb2.zip</filename>
	<title>Северов Петр Федорович. Командоры в пути</title>
</book>
<book>
	<filename>severov_petr/severov_petr_moreplavatel_iz_goroda_nezhina.fb2.zip</filename>
	<title>Северов Петр Федорович. Мореплаватель из города Нежина</title>
</book>
<book>
	<filename>severov_petr/severov_petr_na_forpostah_rodiny.fb2.zip</filename>
	<title>Северов Петр Федорович. На форпостах родины</title>
</book>
<book>
	<filename>severov_petr/severov_petr_na_krainem_yuge.fb2.zip</filename>
	<title>Северов Петр Федорович. На крайнем юге</title>
</book>
<book>
	<filename>severov_petr/severov_petr_pamyatnye_vstrechi.fb2.zip</filename>
	<title>Северов Петр Федорович. Памятные встречи</title>
</book>
<book>
	<filename>severov_petr/severov_petr_podvig_nevelskogo.fb2.zip</filename>
	<title>Северов Петр Федорович. Подвиг Невельского</title>
</book>
<book>
	<filename>severov_petr/severov_petr_russkoe_serdce.fb2.zip</filename>
	<title>Северов Петр Федорович. Русское сердце</title>
</book>
<book>
	<filename>severov_petr/severov_petr_ryurik_v_okeane.fb2.zip</filename>
	<title>Северов Петр Федорович. «Рюрик» в океане</title>
</book>
<book>
	<filename>severov_petr/severov_petr_sluzha_nauke_i_otechestvu.fb2.zip</filename>
	<title>Северов Петр Федорович. Служа науке и отечеству</title>
</book>
<book>
	<filename>severov_petr/severov_petr_taina_reki_mednoi.fb2.zip</filename>
	<title>Северов Петр Федорович. Тайна реки Медной</title>
</book>
<book>
	<filename>severov_petr/severov_petr_volya_k_zhizni.fb2.zip</filename>
	<title>Северов Петр Федорович. Воля к жизни</title>
</book>
<book>
	<filename>severov_petr/severov_petr_v_russkoi_amerike.fb2.zip</filename>
	<title>Северов Петр Федорович. В Русской Америке</title>
</book>
<book>
	<filename>severov_petr/severov_petr_za_tremya_moryami.fb2.zip</filename>
	<title>Северов Петр Федорович. За тремя морями</title>
</book>
<book>
	<filename>severskii_georgii/severskii_georgii_adyutant_ego_prevoshoditelstva.fb2.zip</filename>
	<title>Северский Георгий Леонидович. Адъютант его превосходительства</title>
</book>
<book>
	<filename>sevrinovskii_vladimir/sevrinovskii_vladimir_kak_sdavat_yekzameny.fb2.zip</filename>
	<title>Севриновский Владимир. Как сдавать экзамены</title>
</book>

<book>
	<filename>sgriivers_ijoop/sgriivers_ijoop_kak_byt_krysoi_iskusstvo_intrig_i_vyzhivaniya_na_rabote.fb2.zip</filename>
	<title>Сгрийверс Йооп. Как быть крысой. Искусство интриг и выживания на работе</title>
</book>
<book>
	<filename>sgriivers_ijoop/sgriivers_ijoop_ponedelnik_den_tyazhelyi_knigauteshenie_dlya_vseh_rabotayushih.fb2.zip</filename>
	<title>Сгрийверс Йооп. Понедельник — день тяжелый. Книга-утешение для всех работающих</title>
</book>

</books>
