﻿<?xml version="1.0" encoding="UTF-8" ?>
<books>

<book>
	<filename>sibaki_yosiko/sibaki_yosiko_mogila_van_goga.fb2.zip</filename>
	<title>Сибаки Ёсико. Могила Ван Гога</title>
</book>
<book>
	<filename>siba_ryotaro/siba_ryotaro_poslednii_syogun.fb2.zip</filename>
	<title>Сиба Рётаро. Последний сёгун</title>
</book>
<book>
	<filename>sibold_yelis/sibold_yelis_milye_kosti.fb2.zip</filename>
	<title>Сиболд Элис. Милые кости</title>
</book>
<book>
	<filename>sibruk_vilyam/sibruk_vilyam_robert_vilyams_vud_sovremennyi_charodei_fizicheskoi_laboratorii.fb2.zip</filename>
	<title>Сибрук Вильям. Роберт Вильямс Вуд. Современный чародей физической лаборатории</title>
</book>
<book>
	<filename>sichkin_boris/sichkin_boris_ya_iz_odessy_zdraste.fb2.zip</filename>
	<title>Сичкин Борис Михайлович. Я из Одессы! Здрасьте!</title>
</book>
<book>
	<filename>siddons_yenn/siddons_yenn_korolevskii_dub.fb2.zip</filename>
	<title>Сиддонс Энн Риверс. Королевский дуб</title>
</book>
<book>
	<filename>sidni_diana/sidni_diana_naslazhdeniya.fb2.zip</filename>
	<title>Сидни Диана. Наслаждения</title>
</book>
<book>
	<filename>sidorenko_andrei/sidorenko_andrei_molitva_dlya_yelzy.fb2.zip</filename>
	<title>Сидоренко Андрей. Молитва для Эльзы</title>
</book>
<book>
	<filename>sidorenko_andrei/sidorenko_andrei_zayaabari_pohodnyi_roman.fb2.zip</filename>
	<title>Сидоренко Андрей. Заяабари (походный роман)</title>
</book>
<book>
	<filename>sidorov_valentin/sidorov_valentin_v_poiskah_shambaly.fb2.zip</filename>
	<title>Сидоров Валентин. В поисках Шамбалы</title>
</book>
<book>
	<filename>sigal_yerik/sigal_yerik_istoriya_lyubvi.fb2.zip</filename>
	<title>Сигал Эрик. История любви</title>
</book>
<book>
	<filename>sigal_yerik/sigal_yerik_istoriya_olivera.fb2.zip</filename>
	<title>Сигал Эрик. История Оливера</title>
</book>
<book>
	<filename>sigal_yerik/sigal_yerik_scenarii_schastya.fb2.zip</filename>
	<title>Сигал Эрик. Сценарий счастья</title>
</book>
<book>
	<filename>sigel_dzheims/sigel_dzheims_kruzhnym_putem.fb2.zip</filename>
	<title>Сигел Джеймс. Кружным путем</title>
</book>
<book>
	<filename>sigel_dzheims/sigel_dzheims_soshedshii_s_relsov.fb2.zip</filename>
	<title>Сигел Джеймс. Сошедший с рельсов</title>
</book>
<book>
	<filename>sigele_scipion/sigele_scipion_prestupnaya_tolpa_opyt_kollektivnoi_psihologii.fb2.zip</filename>
	<title>Сигеле Сципион. Преступная толпа. Опыт коллективной психологии</title>
</book>
<book>
	<filename>siger_mora/siger_mora_odnazhdy_i_navsegda.fb2.zip</filename>
	<title>Сигер Мора. Однажды и навсегда</title>
</book>
<book>
	<filename>sikibu_murasaki/sikibu_murasaki_dnevnik.fb2.zip</filename>
	<title>Сикибу Мурасаки. Дневник</title>
</book>
<book>
	<filename>sikibu_murasaki/sikibu_murasaki_povest_o_gyendzi_gyendzimonogatari_kniga_1.fb2.zip</filename>
	<title>Сикибу Мурасаки. Повесть о Гэндзи (Гэндзи-моногатари). Книга 1</title>
</book>
<book>
	<filename>sikibu_murasaki/sikibu_murasaki_povest_o_gyendzi_gyendzimonogatari_kniga_2.fb2.zip</filename>
	<title>Сикибу Мурасаки. Повесть о Гэндзи (Гэндзи-моногатари). Книга 2</title>
</book>
<book>
	<filename>sikibu_murasaki/sikibu_murasaki_povest_o_gyendzi_gyendzimonogatari_kniga_3.fb2.zip</filename>
	<title>Сикибу Мурасаки. Повесть о Гэндзи (Гэндзи-моногатари). Книга 3</title>
</book>
<book>
	<filename>sikibu_murasaki/sikibu_murasaki_povest_o_gyendzi_gyendzimonogatari_kniga_4.fb2.zip</filename>
	<title>Сикибу Мурасаки. Повесть о Гэндзи (Гэндзи-моногатари). Книга 4</title>
</book>
<book>
	<filename>sikibu_murasaki/sikibu_murasaki_povest_o_gyendzi_gyendzimonogatari_prilozhenie.fb2.zip</filename>
	<title>Сикибу Мурасаки. Повесть о Гэндзи (Гэндзи-моногатари). Приложение</title>
</book>
<book>
	<filename>silich_valentin/silich_valentin_umri_chtoby_zhit.fb2.zip</filename>
	<title>Силич Валентин. Умри, чтобы жить</title>
</book>
<book>
	<filename>silin_vlad/silin_vlad_monopoliya_na_chudesa.fb2.zip</filename>
	<title>Силин Влад. Монополия на чудеса</title>
</book>
<book>
	<filename>silkin_vladimir/silkin_vladimir_afyora.fb2.zip</filename>
	<title>Силкин Владимир. Афёра</title>
</book>
<book>
	<filename>silva_dyeniel/silva_dyeniel_master_ubiistv.fb2.zip</filename>
	<title>Сильва Дэниел. Мастер убийств</title>
</book>
<book>
	<filename>silva_dyeniel/silva_dyeniel_pod_konvoem_lzhi.fb2.zip</filename>
	<title>Сильва Дэниел. Под конвоем лжи</title>
</book>
<book>
	<filename>silva_hoze/silva_hoze_iskusstvo_torgovli_po_metodu_silva.fb2.zip</filename>
	<title>Сильва Хозе. Искусство торговли по методу Сильва</title>
</book>
<book>
	<filename>silva_migel/silva_migel_kogda_hochetsya_plakat_ne_plachu.fb2.zip</filename>
	<title>Сильва Мигель Отеро. Когда хочется плакать, не плачу</title>
</book>
<book>
	<filename>silva_migel/silva_migel_lope_de_agirre_knyaz_svobody.fb2.zip</filename>
	<title>Сильва Мигель Отеро. Лопе Де Агирре, князь свободы</title>
</book>
<book>
	<filename>silva_migel/silva_migel_pyatero_kotorye_molchali.fb2.zip</filename>
	<title>Сильва Мигель Отеро. Пятеро, которые молчали</title>
</book>
<book>
	<filename>silven_domenik/silven_domenik_golos.fb2.zip</filename>
	<title>Сильвен Доменик. Голос</title>
</book>
<book>
	<filename>silven_dominik/silven_dominik_golos.fb2.zip</filename>
	<title>Сильвен Доминик. Голос</title>
</book>
<book>
	<filename>silverberg_robert/silverberg_robert_absolyutno_nevozmozhno.fb2.zip</filename>
	<title>Силверберг Роберт. Абсолютно невозможно</title>
</book>
<book>
	<filename>silverberg_robert/silverberg_robert_arheologicheskie_nahodki.fb2.zip</filename>
	<title>Силверберг Роберт. Археологические находки</title>
</book>
<book>
	<filename>silverberg_robert/silverberg_robert_bazilius.fb2.zip</filename>
	<title>Силверберг Роберт. Базилиус</title>
</book>
<book>
	<filename>silverberg_robert/silverberg_robert_bezdna.fb2.zip</filename>
	<title>Силверберг Роберт. Бездна</title>
</book>
<book>
	<filename>silverberg_robert/silverberg_robert_brodyaga_iz_kosmosa.fb2.zip</filename>
	<title>Силверберг Роберт. Бродяга из космоса</title>
</book>
<book>
	<filename>silverberg_robert/silverberg_robert_budushie_marsiane.fb2.zip</filename>
	<title>Силверберг Роберт. Будущие марсиане</title>
</book>
<book>
	<filename>silverberg_robert/silverberg_robert_car_gilgamesh.fb2.zip</filename>
	<title>Силверберг Роберт. Царь Гильгамеш</title>
</book>
<book>
	<filename>silverberg_robert/silverberg_robert_chelovek_v_labirinte.fb2.zip</filename>
	<title>Силверберг Роберт. Человек в лабиринте</title>
</book>
<book>
	<filename>silverberg_robert/silverberg_robert_cherez_milliard_let.fb2.zip</filename>
	<title>Силверберг Роберт. Через миллиард лет</title>
</book>
<book>
	<filename>silverberg_robert/silverberg_robert_da_prodlitsya_tvoi_rod.fb2.zip</filename>
	<title>Силверберг Роберт. Да продлится твой род</title>
</book>
<book>
	<filename>silverberg_robert/silverberg_robert_delovaya_hvatka.fb2.zip</filename>
	<title>Силверберг Роберт. Деловая хватка</title>
</book>
<book>
	<filename>silverberg_robert/silverberg_robert_dobrye_vesti_iz_vatikana.fb2.zip</filename>
	<title>Силверберг Роберт. Добрые вести из Ватикана</title>
</book>
<book>
	<filename>silverberg_robert/silverberg_robert_dolina_vne_vremeni.fb2.zip</filename>
	<title>Силверберг Роберт. Долина вне времени</title>
</book>
<book>
	<filename>silverberg_robert/silverberg_robert_dva_sapoga_para.fb2.zip</filename>
	<title>Силверберг Роберт. Два сапога — пара</title>
</book>
<book>
	<filename>silverberg_robert/silverberg_robert_dvoinoi_vyzov.fb2.zip</filename>
	<title>Силверберг Роберт. Двойной вызов</title>
</book>
<book>
	<filename>silverberg_robert/silverberg_robert_dzhanni.fb2.zip</filename>
	<title>Силверберг Роберт. Джанни</title>
</book>
<book>
	<filename>silverberg_robert/silverberg_robert_eva_i_dvadcat_tri_adama.fb2.zip</filename>
	<title>Силверберг Роберт. Ева и двадцать три Адама</title>
</book>
<book>
	<filename>silverberg_robert/silverberg_robert_gory_madzhipura.fb2.zip</filename>
	<title>Силверберг Роберт. Горы Маджипура</title>
</book>
<book>
	<filename>silverberg_robert/silverberg_robert_hozyain_zhizni_i_smerti.fb2.zip</filename>
	<title>Силверберг Роберт. Хозяин жизни и смерти</title>
</book>
<book>
	<filename>silverberg_robert/silverberg_robert_hranilishe_vekov.fb2.zip</filename>
	<title>Силверберг Роберт. Хранилище веков</title>
</book>
<book>
	<filename>silverberg_robert/silverberg_robert_hroniki_madzhipura.fb2.zip</filename>
	<title>Силверберг Роберт. Хроники Маджипура</title>
</book>
<book>
	<filename>silverberg_robert/silverberg_robert_kak_horosho_v_vashem_obshestve.fb2.zip</filename>
	<title>Силверберг Роберт. Как хорошо в вашем обществе</title>
</book>
<book>
	<filename>silverberg_robert/silverberg_robert_kniga_cherepov.fb2.zip</filename>
	<title>Силверберг Роберт. Книга Черепов</title>
</book>
<book>
	<filename>silverberg_robert/silverberg_robert_konec_sveta.fb2.zip</filename>
	<title>Силверберг Роберт. Конец света</title>
</book>
<book>
	<filename>silverberg_robert/silverberg_robert_kontrakt.fb2.zip</filename>
	<title>Силверберг Роберт. Контракт</title>
</book>
<book>
	<filename>silverberg_robert/silverberg_robert_korol_snov.fb2.zip</filename>
	<title>Силверберг Роберт. Король снов</title>
</book>
<book>
	<filename>silverberg_robert/silverberg_robert_kostyanoi_dom.fb2.zip</filename>
	<title>Силверберг Роберт. Костяной дом</title>
</book>
<book>
	<filename>silverberg_robert/silverberg_robert_lager_hauksbill.fb2.zip</filename>
	<title>Силверберг Роберт. Лагерь Хауксбилль</title>
</book>
<book>
	<filename>silverberg_robert/silverberg_robert_lord_prestimion.fb2.zip</filename>
	<title>Силверберг Роберт. Лорд Престимион</title>
</book>
<book>
	<filename>silverberg_robert/silverberg_robert_lovushka.fb2.zip</filename>
	<title>Силверберг Роберт. Ловушка</title>
</book>
<book>
	<filename>silverberg_robert/silverberg_robert_madonna_dinozavrov.fb2.zip</filename>
	<title>Силверберг Роберт. Мадонна динозавров</title>
</book>
<book>
	<filename>silverberg_robert/silverberg_robert_maska_vremeni_vornan19.fb2.zip</filename>
	<title>Силверберг Роберт. Маска времени (Ворнан-19)</title>
</book>
<book>
	<filename>silverberg_robert/silverberg_robert_mezh_dvuh_mirov.fb2.zip</filename>
	<title>Силверберг Роберт. Меж двух миров</title>
</book>
<book>
	<filename>silverberg_robert/silverberg_robert_molchalivaya_koloniya.fb2.zip</filename>
	<title>Силверберг Роберт. Молчаливая колония</title>
</book>
<book>
	<filename>silverberg_robert/silverberg_robert_muhi.fb2.zip</filename>
	<title>Силверберг Роберт. Мухи</title>
</book>
<book>
	<filename>silverberg_robert/silverberg_robert_my_znaem_kto_my.fb2.zip</filename>
	<title>Силверберг Роберт. Мы знаем, кто мы</title>
</book>
<book>
	<filename>silverberg_robert/silverberg_robert_nablyudateli.fb2.zip</filename>
	<title>Силверберг Роберт. Наблюдатели</title>
</book>
<book>
	<filename>silverberg_robert/silverberg_robert_na_dalnih_mirah.fb2.zip</filename>
	<title>Силверберг Роберт. На дальних мирах</title>
</book>
<book>
	<filename>silverberg_robert/silverberg_robert_naezdniki.fb2.zip</filename>
	<title>Силверберг Роберт. Наездники</title>
</book>
<book>
	<filename>silverberg_robert/silverberg_robert_na_vavilon.fb2.zip</filename>
	<title>Силверберг Роберт. ...На Вавилон</title>
</book>
<book>
	<filename>silverberg_robert/silverberg_robert_neitralnaya_planeta.fb2.zip</filename>
	<title>Силверберг Роберт. Нейтральная планета</title>
</book>
<book>
	<filename>silverberg_robert/silverberg_robert_nochnye_krylya.fb2.zip</filename>
	<title>Силверберг Роберт. Ночные крылья</title>
</book>
<book>
	<filename>silverberg_robert/silverberg_robert_otkroite_nebo.fb2.zip</filename>
	<title>Силверберг Роберт. Откройте небо!</title>
</book>
<book>
	<filename>silverberg_robert/silverberg_robert_ozimandiya.fb2.zip</filename>
	<title>Силверберг Роберт. Озимандия</title>
</book>
<book>
	<filename>silverberg_robert/silverberg_robert_papasha_i_shimpanze.fb2.zip</filename>
	<title>Силверберг Роберт. Папаша и шимпанзе</title>
</book>
<book>
	<filename>silverberg_robert/silverberg_robert_pasynki_zemli.fb2.zip</filename>
	<title>Силверберг Роберт. Пасынки Земли</title>
</book>
<book>
	<filename>silverberg_robert/silverberg_robert_peresadochnaya_stanciya.fb2.zip</filename>
	<title>Силверберг Роберт. Пересадочная станция</title>
</book>
<book>
	<filename>silverberg_robert/silverberg_robert_plamya_i_molot.fb2.zip</filename>
	<title>Силверберг Роберт. Пламя и молот</title>
</book>
<book>
	<filename>silverberg_robert/silverberg_robert_plata_za_smert.fb2.zip</filename>
	<title>Силверберг Роберт. Плата за смерть</title>
</book>
<book>
	<filename>silverberg_robert/silverberg_robert_plyaska.fb2.zip</filename>
	<title>Силверберг Роберт. Пляска</title>
</book>
<book>
	<filename>silverberg_robert/silverberg_robert_polnoch_vo_dvorce.fb2.zip</filename>
	<title>Силверберг Роберт. Полночь во дворце</title>
</book>
<book>
	<filename>silverberg_robert/silverberg_robert_posle_togo_kak_ne_nuzhny_nam_stali_mify.fb2.zip</filename>
	<title>Силверберг Роберт. После того, как не нужны нам стали мифы</title>
</book>
<book>
	<filename>silverberg_robert/silverberg_robert_potihonku_degradiruya.fb2.zip</filename>
	<title>Силверберг Роберт. Потихоньку деградируя</title>
</book>
<book>
	<filename>silverberg_robert/silverberg_robert_prishelcy_s_zemli.fb2.zip</filename>
	<title>Силверберг Роберт. Пришельцы с Земли</title>
</book>
<book>
	<filename>silverberg_robert/silverberg_robert_providec.fb2.zip</filename>
	<title>Силверберг Роберт. Провидец</title>
</book>
<book>
	<filename>silverberg_robert/silverberg_robert_pryguny_vo_vremeni.fb2.zip</filename>
	<title>Силверберг Роберт. Прыгуны во времени</title>
</book>
<book>
	<filename>silverberg_robert/silverberg_robert_putevodnaya_zvezda.fb2.zip</filename>
	<title>Силверберг Роберт. Путеводная звезда</title>
</book>
<book>
	<filename>silverberg_robert/silverberg_robert_rukoyu_vladyki.fb2.zip</filename>
	<title>Силверберг Роберт. Рукою владыки</title>
</book>
<book>
	<filename>silverberg_robert/silverberg_robert_sedmoe_svyatilishe.fb2.zip</filename>
	<title>Силверберг Роберт. Седьмое святилище</title>
</book>
<book>
	<filename>silverberg_robert/silverberg_robert_sezon_mutantov.fb2.zip</filename>
	<title>Силверберг Роберт. Сезон мутантов</title>
</book>
<book>
	<filename>silverberg_robert/silverberg_robert_shestoi_dvorec.fb2.zip</filename>
	<title>Силверберг Роберт. Шестой дворец</title>
</book>
<book>
	<filename>silverberg_robert/silverberg_robert_skrytyi_talant.fb2.zip</filename>
	<title>Силверберг Роберт. Скрытый талант</title>
</book>
<book>
	<filename>silverberg_robert/silverberg_robert_slabak.fb2.zip</filename>
	<title>Силверберг Роберт. Слабак</title>
</book>
<book>
	<filename>silverberg_robert/silverberg_robert_smert_trusa.fb2.zip</filename>
	<title>Силверберг Роберт. Смерть труса</title>
</book>
<book>
	<filename>silverberg_robert/silverberg_robert_sokrovishe.fb2.zip</filename>
	<title>Силверберг Роберт. Сокровище</title>
</book>
<book>
	<filename>silverberg_robert/silverberg_robert_starheven.fb2.zip</filename>
	<title>Силверберг Роберт. Стархевен</title>
</book>
<book>
	<filename>silverberg_robert/silverberg_robert_starik.fb2.zip</filename>
	<title>Силверберг Роберт. Старик</title>
</book>
<book>
	<filename>silverberg_robert/silverberg_robert_steklyannaya_bashnya.fb2.zip</filename>
	<title>Силверберг Роберт. Стеклянная башня</title>
</book>
<book>
	<filename>silverberg_robert/silverberg_robert_syn_chelovecheskii.fb2.zip</filename>
	<title>Силверберг Роберт. Сын человеческий</title>
</book>
<book>
	<filename>silverberg_robert/silverberg_robert_talant.fb2.zip</filename>
	<title>Силверберг Роберт. Талант</title>
</book>
<book>
	<filename>silverberg_robert/silverberg_robert_telefonnyi_zvonok.fb2.zip</filename>
	<title>Силверберг Роберт. Телефонный звонок</title>
</book>
<book>
	<filename>silverberg_robert/silverberg_robert_tihii_vkradchivyi_golos.fb2.zip</filename>
	<title>Силверберг Роберт. Тихий вкрадчивый голос</title>
</book>
<book>
	<filename>silverberg_robert/silverberg_robert_torgovcy_bolyu.fb2.zip</filename>
	<title>Силверберг Роберт. Торговцы болью</title>
</book>
<book>
	<filename>silverberg_robert/silverberg_robert_trurururu.fb2.zip</filename>
	<title>Силверберг Роберт. Тру-ру-ру-ру</title>
</book>
<book>
	<filename>silverberg_robert/silverberg_robert_umirayushii_iznutri.fb2.zip</filename>
	<title>Силверберг Роберт. Умирающий изнутри</title>
</book>
<book>
	<filename>silverberg_robert/silverberg_robert_valentin_pontifeks.fb2.zip</filename>
	<title>Силверберг Роберт. Валентин Понтифекс</title>
</book>
<book>
	<filename>silverberg_robert/silverberg_robert_veter_i_dozhd.fb2.zip</filename>
	<title>Силверберг Роберт. Ветер и дождь</title>
</book>
<book>
	<filename>silverberg_robert/silverberg_robert_volshebnica_azondy.fb2.zip</filename>
	<title>Силверберг Роберт. Волшебница Азонды</title>
</book>
<book>
	<filename>silverberg_robert/silverberg_robert_volshebniki_madzhipura.fb2.zip</filename>
	<title>Силверберг Роберт. Волшебники Маджипура</title>
</book>
<book>
	<filename>silverberg_robert/silverberg_robert_v_ozhidanii_katastrofy.fb2.zip</filename>
	<title>Силверберг Роберт. В ожидании катастрофы</title>
</book>
<book>
	<filename>silverberg_robert/silverberg_robert_v_ozhidanii_zemletryaseniya.fb2.zip</filename>
	<title>Силверберг Роберт. В ожидании землетрясения</title>
</book>
<book>
	<filename>silverberg_robert/silverberg_robert_vremya_peremen.fb2.zip</filename>
	<title>Силверберг Роберт. Время перемен</title>
</book>
<book>
	<filename>silverberg_robert/silverberg_robert_vselenskie_kannibaly.fb2.zip</filename>
	<title>Силверберг Роберт. Вселенские каннибалы</title>
</book>
<book>
	<filename>silverberg_robert/silverberg_robert_vsemogushii_atom.fb2.zip</filename>
	<title>Силверберг Роберт. Всемогущий атом</title>
</book>
<book>
	<filename>silverberg_robert/silverberg_robert_vverh_po_linii.fb2.zip</filename>
	<title>Силверберг Роберт. Вверх по линии</title>
</book>
<book>
	<filename>silverberg_robert/silverberg_robert_zamok_lorda_valentina.fb2.zip</filename>
	<title>Силверберг Роберт. Замок лорда Валентина</title>
</book>
<book>
	<filename>silverberg_robert/silverberg_robert_zheleznyi_kancler.fb2.zip</filename>
	<title>Силверберг Роберт. Железный канцлер</title>
</book>
<book>
	<filename>silverberg_robert/silverberg_robert_zhivopisec_i_oboroten.fb2.zip</filename>
	<title>Силверберг Роберт. Живописец и оборотень</title>
</book>
<book>
	<filename>silverberg_robert/silverberg_robert_zverolovy.fb2.zip</filename>
	<title>Силверберг Роберт. Звероловы</title>
</book>

</books>
