﻿<?xml version="1.0" encoding="UTF-8" ?>
<books>
<book>
	<filename>shabrei_fransua/shabrei_fransua_myet_razbudil_petuha.fb2.zip</filename>
	<title>Шабрей Франсуа. Мэт разбудил петуха</title>
</book>
<book>
	<filename>shabrilyan_selesta/shabrilyan_selesta_grabiteli_zolota.fb2.zip</filename>
	<title>Шабрильян Селеста де. Грабители золота</title>
</book>
<book>
	<filename>shackaya_evgeniya/shackaya_evgeniya_sterva_pokoryaet_bolshoi_gorod.fb2.zip</filename>
	<title>Шацкая Евгения. Стерва покоряет большой город</title>
</book>
<book>
	<filename>shadlovskii_leonid/shadlovskii_leonid_krasnoe_more.fb2.zip</filename>
	<title>Шадловский Леонид. Красное море</title>
</book>
<book>
	<filename>shadrile_anri/shadrile_anri_taina_medonskogo_lesa.fb2.zip</filename>
	<title>Шадрилье Анри. Тайна Медонского леса</title>
</book>
<book>
	<filename>shafarevich_igor/shafarevich_igor_rusofobiya.fb2.zip</filename>
	<title>Шафаревич Игорь Ростиславович. Русофобия</title>
</book>
<book>
	<filename>shafarevich_igor/shafarevich_igor_trehtysyacheletnyaya_zagadka.fb2.zip</filename>
	<title>Шафаревич Игорь Ростиславович. Трехтысячелетняя загадка</title>
</book>
<book>
	<filename>shafer_naum/shafer_naum_dvornyagi_druzya_moi.fb2.zip</filename>
	<title>Шафер Наум. Дворняги, друзья мои...</title>
</book>
<book>
	<filename>shaffer_hainc/shaffer_hainc_uboat_977_vospominaniya_kapitana_nemeckoi_submariny_poslednego_ubezhisha_adolfa_gitlera.fb2.zip</filename>
	<title>Шаффер Хайнц. U-Boat 977. Воспоминания капитана немецкой субмарины, последнего убежища Адольфа Гитлера</title>
</book>
<book>
	<filename>shaganov_andrei/shaganov_andrei_lovlya_minotavra_na_zhivca.fb2.zip</filename>
	<title>Шаганов Андрей. Ловля Минотавра на живца</title>
</book>
<book>
	<filename>shaganov_andrei/shaganov_andrei_zvezdnyi_rycar.fb2.zip</filename>
	<title>Шаганов Андрей. Звездный рыцарь</title>
</book>
<book>
	<filename>shagurin_nikolai/shagurin_nikolai_argus_protiv_marsa.fb2.zip</filename>
	<title>Шагурин Николай. Аргус против Марса</title>
</book>
<book>
	<filename>shah_georgii/shah_georgii_net_povesti_pechalnee_na_svete.fb2.zip</filename>
	<title>Шах Георгий Хосроевич. Нет повести печальнее на свете...</title>
</book>
<book>
	<filename>shah_georgii/shah_georgii_o_marsiane.fb2.zip</filename>
	<title>Шах Георгий Хосроевич. О, марсиане!</title>
</book>
<book>
	<filename>shah_idris/shah_idris_skazki_dervishei.fb2.zip</filename>
	<title>Шах Идрис. Сказки дервишей</title>
</book>
<book>
	<filename>shahidzhanyan_vladimir/shahidzhanyan_vladimir_1001_vopros_pro_yeto.fb2.zip</filename>
	<title>Шахиджанян Владимир. 1001 вопрос про ЭТО</title>
</book>
<book>
	<filename>shahidzhanyan_vladimir/shahidzhanyan_vladimir_uchimsya_govorit_publichno.fb2.zip</filename>
	<title>Шахиджанян Владимир. Учимся говорить публично</title>
</book>
<book>
	<filename>shahnazarov_karen/shahnazarov_karen_kurer.fb2.zip</filename>
	<title>Шахназаров Карен Георгиевич. Курьер</title>
</book>
<book>
	<filename>shahovskaya_lyudmila/shahovskaya_lyudmila_nabeg_yetruskov.fb2.zip</filename>
	<title>Шаховская Людмила Дмитриевна. Набег этрусков</title>
</book>
<book>
	<filename>shahovskaya_lyudmila/shahovskaya_lyudmila_na_beregah_albuneya.fb2.zip</filename>
	<title>Шаховская Людмила Дмитриевна. На берегах Альбунея</title>
</book>
<book>
	<filename>shahovskaya_lyudmila/shahovskaya_lyudmila_pri_care_servii.fb2.zip</filename>
	<title>Шаховская Людмила Дмитриевна. При царе Сервии</title>
</book>
<book>
	<filename>shahovskaya_lyudmila/shahovskaya_lyudmila_tarkvinii_gordyi.fb2.zip</filename>
	<title>Шаховская Людмила Дмитриевна. Тарквиний Гордый</title>
</book>
<book>
	<filename>shahovskaya_lyudmila/shahovskaya_lyudmila_vdali_ot_zevsa.fb2.zip</filename>
	<title>Шаховская Людмила Дмитриевна. Вдали от Зевса</title>
</book>
<book>
	<filename>shahov_vasilii/shahov_vasilii_dushehranitel.fb2.zip</filename>
	<title>Шахов Василий. Душехранитель</title>
</book>
<book>
	<filename>shah_yeddi/shah_yeddi_manchester_blyu.fb2.zip</filename>
	<title>Шах Эдди. Манчестер Блю</title>
</book>
<book>
	<filename>shakespeare_william/shakespeare_william_alls_wel_that_ends_well.fb2.zip</filename>
	<title>Shakespeare William. Alls Wel that ends Well</title>
</book>
<book>
	<filename>shakespeare_william/shakespeare_william_the_sonnets.fb2.zip</filename>
	<title>Shakespeare William. The Sonnets</title>
</book>
<book>
	<filename>shakilov_aleksandr/shakilov_aleksandr_professionaly.fb2.zip</filename>
	<title>Шакилов Александр. Профессионалы</title>
</book>
<book>
	<filename>shalaev_mihail/shalaev_mihail_vladyka_vod.fb2.zip</filename>
	<title>Шалаев Михаил. Владыка вод</title>
</book>
<book>
	<filename>shalamov_varlam/shalamov_varlam_artist_lopaty.fb2.zip</filename>
	<title>Шаламов Варлам Тихонович. Артист лопаты</title>
</book>
<book>
	<filename>shalamov_varlam/shalamov_varlam_kolymskie_rasskazy.fb2.zip</filename>
	<title>Шаламов Варлам Тихонович. Колымские рассказы</title>
</book>
<book>
	<filename>shalamov_varlam/shalamov_varlam_levyi_bereg.fb2.zip</filename>
	<title>Шаламов Варлам Тихонович. Левый берег</title>
</book>
<book>
	<filename>shalamov_varlam/shalamov_varlam_ocherki_prestupnogo_mira.fb2.zip</filename>
	<title>Шаламов Варлам Тихонович. Очерки преступного мира</title>
</book>
<book>
	<filename>shalamov_varlam/shalamov_varlam_perchatka_ili_kr2.fb2.zip</filename>
	<title>Шаламов Варлам Тихонович. Перчатка, или КР-2</title>
</book>
<book>
	<filename>shalamov_varlam/shalamov_varlam_vishera.fb2.zip</filename>
	<title>Шаламов Варлам Тихонович. Вишера</title>
</book>
<book>
	<filename>shalamov_varlam/shalamov_varlam_voskreshenie_listvennicy.fb2.zip</filename>
	<title>Шаламов Варлам Тихонович. Воскрешение лиственницы</title>
</book>
<book>
	<filename>shalimov_aleksandr/shalimov_aleksandr_musorshiki_planety.fb2.zip</filename>
	<title>Шалимов Александр. Мусорщики планеты</title>
</book>
<book>
	<filename>shalimov_aleksandr/shalimov_aleksandr_ohotniki_za_dinozavrami_ohota_za_dinozavrami.fb2.zip</filename>
	<title>Шалимов Александр. Охотники за динозаврами [Охота за динозаврами]</title>
</book>
<book>
	<filename>shalimov_aleksandr/shalimov_aleksandr_ohotoniki_za_dinozavrami_ohota_za_dinozavrami.fb2.zip</filename>
	<title>Шалимов Александр Иванович. Охотоники за динозаврами [Охота за динозаврами]</title>
</book>
<book>
	<filename>shalimov_aleksandr/shalimov_aleksandr_pir_valtasara.fb2.zip</filename>
	<title>Шалимов Александр. Пир валтасара</title>
</book>
<book>
	<filename>shalimov_aleksandr/shalimov_aleksandr_plennik_kratera_arzahel_plenniki_kratera_arzahel.fb2.zip</filename>
	<title>Шалимов Александр. Пленник кратера Арзахель [Пленники кратера Арзахель]</title>
</book>
<book>
	<filename>shalimov_aleksandr/shalimov_aleksandr_taina_atolla_muai_tihookeanskii_krater.fb2.zip</filename>
	<title>Шалимов Александр. Тайна атолла Муаи [Тихоокеанский кратер]</title>
</book>
<book>
	<filename>shalimov_aleksandr/shalimov_aleksandr_taina_gremyashei_rassheliny.fb2.zip</filename>
	<title>Шалимов Александр. Тайна гремящей расщелины</title>
</book>
<book>
	<filename>shalimov_aleksandr/shalimov_aleksandr_vse_nachalos_s_evy.fb2.zip</filename>
	<title>Шалимов Александр. Все началось с «Евы»…</title>
</book>
<book>
	<filename>shalygin_vyacheslav/shalygin_vyacheslav_beshenyi_pes.fb2.zip</filename>
	<title>Шалыгин Вячеслав. Бешеный пес</title>
</book>
<book>
	<filename>shalygin_vyacheslav/shalygin_vyacheslav_bessmertie_naemnika.fb2.zip</filename>
	<title>Шалыгин Вячеслав. Бессмертие наемника</title>
</book>
<book>
	<filename>shalygin_vyacheslav/shalygin_vyacheslav_budushegonet.fb2.zip</filename>
	<title>Шалыгин Вячеслав. Будущего.net</title>
</book>
<book>
	<filename>shalygin_vyacheslav/shalygin_vyacheslav_chuzhoe_nasledie.fb2.zip</filename>
	<title>Шалыгин Вячеслав. Чужое наследие</title>
</book>
<book>
	<filename>shalygin_vyacheslav/shalygin_vyacheslav_drsokol.fb2.zip</filename>
	<title>Шалыгин Вячеслав. Dr.Сокол</title>
</book>
<book>
	<filename>shalygin_vyacheslav/shalygin_vyacheslav_glaz_pavlina.fb2.zip</filename>
	<title>Шалыгин Вячеслав. Глаз Павлина</title>
</book>
<book>
	<filename>shalygin_vyacheslav/shalygin_vyacheslav_import_pravosudiya.fb2.zip</filename>
	<title>Шалыгин Вячеслав. Импорт правосудия</title>
</book>
<book>
	<filename>shalygin_vyacheslav/shalygin_vyacheslav_instinkt_gneva.fb2.zip</filename>
	<title>Шалыгин Вячеслав. Инстинкт гнева</title>
</book>
<book>
	<filename>shalygin_vyacheslav/shalygin_vyacheslav_krov_titanov.fb2.zip</filename>
	<title>Шалыгин Вячеслав. Кровь титанов</title>
</book>
<book>
	<filename>shalygin_vyacheslav/shalygin_vyacheslav_missiya_sokola.fb2.zip</filename>
	<title>Шалыгин Вячеслав. Миссия сокола</title>
</book>
<book>
	<filename>shalygin_vyacheslav/shalygin_vyacheslav_ohota_na_sokola.fb2.zip</filename>
	<title>Шалыгин Вячеслав. Охота на сокола</title>
</book>
<book>
	<filename>shalygin_vyacheslav/shalygin_vyacheslav_padenie_galaktiki.fb2.zip</filename>
	<title>Шалыгин Вячеслав. Падение «Галактики»</title>
</book>
<book>
	<filename>shalygin_vyacheslav/shalygin_vyacheslav_put_s_nebes.fb2.zip</filename>
	<title>Шалыгин Вячеслав. Путь с небес</title>
</book>
<book>
	<filename>shalygin_vyacheslav/shalygin_vyacheslav_son_gryadushii.fb2.zip</filename>
	<title>Шалыгин Вячеслав. Сон грядущий</title>
</book>
<book>
	<filename>shalygin_vyacheslav/shalygin_vyacheslav_voshod_vodoleya.fb2.zip</filename>
	<title>Шалыгин Вячеслав. Восход Водолея</title>
</book>
<book>
	<filename>shalygin_vyacheslav/shalygin_vyacheslav_vrag_vnutri.fb2.zip</filename>
	<title>Шалыгин Вячеслав. Враг внутри</title>
</book>
<book>
	<filename>shalygin_vyacheslav/shalygin_vyacheslav_vremya_zverya.fb2.zip</filename>
	<title>Шалыгин Вячеслав. Время Зверя</title>
</book>
<book>
	<filename>shalygin_vyacheslav/shalygin_vyacheslav_vzglyad_skvoz_solnce.fb2.zip</filename>
	<title>Шалыгин Вячеслав. Взгляд сквозь солнце</title>
</book>
<book>
	<filename>shalygin_vyacheslav/shalygin_vyacheslav_yarost_sokola.fb2.zip</filename>
	<title>Шалыгин Вячеслав. Ярость Сокола</title>
</book>
<book>
	<filename>shalygin_vyacheslav/shalygin_vyacheslav_yekzamen_dlya_gumanoidov.fb2.zip</filename>
	<title>Шалыгин Вячеслав. Экзамен для гуманоидов</title>
</book>
<book>
	<filename>shalygin_vyacheslav/shalygin_vyacheslav_zheleznyi_gorod.fb2.zip</filename>
	<title>Шалыгин Вячеслав. Железный город</title>
</book>
<book>
	<filename>shapar_viktor/shapar_viktor_zanimatelnaya_psihologiya.fb2.zip</filename>
	<title>Шапарь Виктор Борисович. Занимательная психология</title>
</book>
<book>
	<filename>shapiro_maikl/shapiro_maikl_100_velikih_evreev.fb2.zip</filename>
	<title>Шапиро Майкл. 100 великих евреев</title>
</book>
<book>
	<filename>shapiro_yuliya/shapiro_yuliya_golubinaya_sessiya.fb2.zip</filename>
	<title>Шапиро Юлия. Голубиная сессия</title>
</book>
<book>
	<filename>shaposhnikov_igor/shaposhnikov_igor_budushee_ne_vybirayut.fb2.zip</filename>
	<title>Шапошников Игорь. Будущее не выбирают</title>
</book>
<book>
	<filename>shaposhnikov_igor/shaposhnikov_igor_kremnievoe_nebo.fb2.zip</filename>
	<title>Шапошников Игорь. Кремниевое небо</title>
</book>
<book>
	<filename>sharapov_yeduard/sharapov_yeduard_sudoplatov_protiv_kanarisa.fb2.zip</filename>
	<title>Шарапов Эдуард. Судоплатов против Канариса</title>
</book>
<book>
	<filename>sharer_anri/sharer_anri_papiion.fb2.zip</filename>
	<title>Шарьер Анри. Папийон</title>
</book>
<book>
	<filename>sharer_anri/sharer_anri_vabank.fb2.zip</filename>
	<title>Шарьер Анри. Ва-банк</title>
</book>
<book>
	<filename>sharipov_akram/sharipov_akram_chernyahovskii.fb2.zip</filename>
	<title>Шарипов Акрам. Черняховский</title>
</book>
<book>
	<filename>sharki_dzhek/sharki_dzhek_vopros_protokola.fb2.zip</filename>
	<title>Шарки Джек. Вопрос протокола</title>
</book>
<book>
	<filename>sharle_zhanmishel/sharle_zhanmishel_prestupnyi_sindikat.fb2.zip</filename>
	<title>Шарлье Жан-Мишель. Преступный синдикат</title>
</book>
<book>
	<filename>sharma_robin/sharma_robin_200_urokov_zhizni.fb2.zip</filename>
	<title>Шарма Робин. 200 уроков жизни</title>
</book>
<book>
	<filename>sharma_robin/sharma_robin_kto_zaplachet_kogda_ty_umresh_uroki_zhizni_ot_monaha_kotoryi_prodal_svoi_ferrari.fb2.zip</filename>
	<title>Шарма Робин С. Кто заплачет, когда ты умрешь? Уроки жизни от монаха, который продал свой «Феррари»</title>
</book>
<book>
	<filename>sharma_robin/sharma_robin_monah_kotoryi_prodal_svoi_ferrari.fb2.zip</filename>
	<title>Шарма Робин С. Монах, который продал свой «феррари»</title>
</book>
<book>
	<filename>sharova_nadezhda/sharova_nadezhda_volshebnyi_lokon_ampary.fb2.zip</filename>
	<title>Шарова Надежда. Волшебный локон Ампары</title>
</book>
<book>
	<filename>sharov_boris/sharov_boris_boris_sharov_yeh_nalogi.fb2.zip</filename>
	<title>Шаров Борис. Борис Шаров. Эх налоги!</title>
</book>
<book>
	<filename>sharov_boris/sharov_boris_praislist.fb2.zip</filename>
	<title>Шаров Борис. Прайс-лист</title>
</book>
<book>
	<filename>sharp_tom/sharp_tom_blott_v_pomosh.fb2.zip</filename>
	<title>Шарп Том. Блотт в помощь</title>
</book>
<book>
	<filename>sharp_tom/sharp_tom_dalnii_umysel.fb2.zip</filename>
	<title>Шарп Том. Дальний умысел</title>
</book>
<book>
	<filename>sharp_tom/sharp_tom_flouzy.fb2.zip</filename>
	<title>Шарп Том. Флоузы</title>
</book>
<book>
	<filename>sharp_tom/sharp_tom_novyi_rasklad_v_pokerhause.fb2.zip</filename>
	<title>Шарп Том. Новый расклад в Покерхаусе</title>
</book>
<book>
	<filename>sharp_tom/sharp_tom_novyi_rasklad_v_pokerhauze.fb2.zip</filename>
	<title>Шарп Том. Новый расклад в Покерхаузе</title>
</book>
<book>
	<filename>sharp_tom/sharp_tom_oskorblenie_nravstvennosti.fb2.zip</filename>
	<title>Шарп Том. Оскорбление нравственности</title>
</book>
<book>
	<filename>sharp_tom/sharp_tom_uilt.fb2.zip</filename>
	<title>Шарп Том. Уилт</title>
</book>
<book>
	<filename>sharp_tom/sharp_tom_uilt_nepredskazuemyi.fb2.zip</filename>
	<title>Шарп Том. Уилт непредсказуемый</title>
</book>
<book>
	<filename>sharp_tom/sharp_tom_zvezdnyi_chas_uilta.fb2.zip</filename>
	<title>Шарп Том. Звездный час Уилта</title>
</book>
<book>
	<filename>shashkova_ekaterina/shashkova_ekaterina_margotta.fb2.zip</filename>
	<title>Шашкова Екатерина. Марготта</title>
</book>
<book>
	<filename>shatilov_valentin/shatilov_valentin_filumana.fb2.zip</filename>
	<title>Шатилов Валентин. Филумана</title>
</book>
<book>
	<filename>shatilov_valentin/shatilov_valentin_magnoliya.fb2.zip</filename>
	<title>Шатилов Валентин. Магнолия</title>
</book>
<book>
	<filename>sha_tin_/sha_tin__ubiica.fb2.zip</filename>
	<title>Ша Тин. Убийца</title>
</book>
<book>
	<filename>shatner_vilyam/shatner_vilyam_laboratoriya_tyek.fb2.zip</filename>
	<title>Шатнер Вильям. Лаборатория Тэк</title>
</book>
<book>
	<filename>shatner_vilyam/shatner_vilyam_lordy_tyek.fb2.zip</filename>
	<title>Шатнер Вильям. Лорды Тэк</title>
</book>
<book>
	<filename>shatner_vilyam/shatner_vilyam_voiny_tyek.fb2.zip</filename>
	<title>Шатнер Вильям. Войны Тэк</title>
</book>
<book>
	<filename>shaukat_yehsan/shaukat_yehsan_plamya_strasti.fb2.zip</filename>
	<title>Шаукат Эхсан. Пламя страсти</title>
</book>

</books>
