﻿<?xml version="1.0" encoding="UTF-8" ?>
<books>

<book>
	<filename>sheckley_robert/sheckley_robert_alien_harvest.fb2.zip</filename>
	<title>Sheckley Robert. Alien Harvest</title>
</book>
<book>
	<filename>sheckley_robert/sheckley_robert_reborn_again.fb2.zip</filename>
	<title>Sheckley Robert. Reborn Again</title>
</book>
<book>
	<filename>shefer_dzhek/shefer_dzhek_dzheikob.fb2.zip</filename>
	<title>Шефер Джек. Джейкоб</title>
</book>
<book>
	<filename>shefer_dzhek/shefer_dzhek_kanon.fb2.zip</filename>
	<title>Шефер Джек. Каньон</title>
</book>
<book>
	<filename>shefer_dzhek/shefer_dzhek_ku_dlinnogo_kopya.fb2.zip</filename>
	<title>Шефер Джек. Ку длинного копья</title>
</book>
<book>
	<filename>shefer_dzhek/shefer_dzhek_pyatyi.fb2.zip</filename>
	<title>Шефер Джек. Пятый</title>
</book>
<book>
	<filename>shefer_dzhek/shefer_dzhek_shein.fb2.zip</filename>
	<title>Шефер Джек. Шейн</title>
</book>
<book>
	<filename>sheffild_charlz/sheffild_charlz_dvoinaya_spiral_v_nebesa.fb2.zip</filename>
	<title>Шеффилд Чарльз. Двойная спираль в небеса</title>
</book>
<book>
	<filename>sheffild_charlz/sheffild_charlz_holodnee_lda.fb2.zip</filename>
	<title>Шеффилд Чарлз. Холоднее льда</title>
</book>
<book>
	<filename>sheffild_charlz/sheffild_charlz_klassicheski_kvantovannyi_koshmar.fb2.zip</filename>
	<title>Шеффилд Чарльз. Классически квантованный кошмар</title>
</book>
<book>
	<filename>sheffild_charlz/sheffild_charlz_letnii_priliv.fb2.zip</filename>
	<title>Шеффилд Чарльз. Летний прилив</title>
</book>
<book>
	<filename>sheffild_charlz/sheffild_charlz_nebesnye_sfery.fb2.zip</filename>
	<title>Шеффилд Чарльз. Небесные сферы</title>
</book>
<book>
	<filename>sheffild_charlz/sheffild_charlz_nepodrazhaemyi_doktor_darvin.fb2.zip</filename>
	<title>Шеффилд Чарльз. Неподражаемый доктор Дарвин</title>
</book>
<book>
	<filename>sheffild_charlz/sheffild_charlz_obedinennye_razumom.fb2.zip</filename>
	<title>Шеффилд Чарльз. Объединенные разумом</title>
</book>
<book>
	<filename>sheffild_charlz/sheffild_charlz_rashozhdenie.fb2.zip</filename>
	<title>Шеффилд Чарльз. Расхождение</title>
</book>
<book>
	<filename>sheffild_charlz/sheffild_charlz_shozhdenie.fb2.zip</filename>
	<title>Шеффилд Чарльз. Схождение</title>
</book>
<book>
	<filename>sheffild_charlz/sheffild_charlz_sverhskorost.fb2.zip</filename>
	<title>Шеффилд Чарльз. Сверхскорость</title>
</book>
<book>
	<filename>sheffild_charlz/sheffild_charlz_temnee_dnya.fb2.zip</filename>
	<title>Шеффилд Чарлз. Темнее дня</title>
</book>
<book>
	<filename>sheffild_charlz/sheffild_charlz_vozrozhdenie.fb2.zip</filename>
	<title>Шеффилд Чарльз. Возрождение</title>
</book>
<book>
	<filename>sheffild_charlz/sheffild_charlz_vyhod_za_predely.fb2.zip</filename>
	<title>Шеффилд Чарльз. Выход за пределы</title>
</book>
<book>
	<filename>shefner_vadim/shefner_vadim_chelovek_s_pyatyu_ne_ili_ispoved_prostodushnogo.fb2.zip</filename>
	<title>Шефнер Вадим. Человек с пятью «не», или Исповедь простодушного</title>
</book>
<book>
	<filename>shefner_vadim/shefner_vadim_devushka_u_obryva.fb2.zip</filename>
	<title>Шефнер Вадим. Девушка у обрыва</title>
</book>
<book>
	<filename>shefner_vadim/shefner_vadim_devushka_u_obryva_ili_zapiski_kovrigina.fb2.zip</filename>
	<title>Шефнер Вадим. Девушка у обрыва, или записки Ковригина</title>
</book>
<book>
	<filename>shefner_vadim/shefner_vadim_dvorec_na_troih_ili_priznanie_holostyaka.fb2.zip</filename>
	<title>Шефнер Вадим. Дворец на троих, или Признание холостяка</title>
</book>
<book>
	<filename>shefner_vadim/shefner_vadim_dyadya_s_bolshoi_bukvy_ili_velikaya_pauza.fb2.zip</filename>
	<title>Шефнер Вадим. Дядя с большой буквы, или великая пауза</title>
</book>
<book>
	<filename>shefner_vadim/shefner_vadim_fialka_molchalivaya.fb2.zip</filename>
	<title>Шефнер Вадим. Фиалка молчаливая</title>
</book>
<book>
	<filename>shefner_vadim/shefner_vadim_imya_dlya_pticy_ili_chaepitie_na_zhyoltoi_verande.fb2.zip</filename>
	<title>Шефнер Вадим. Имя для птицы или Чаепитие на жёлтой веранде</title>
</book>
<book>
	<filename>shefner_vadim/shefner_vadim_kogda_ya_byl_rusalkoi.fb2.zip</filename>
	<title>Шефнер Вадим. Когда я был русалкой</title>
</book>
<book>
	<filename>shefner_vadim/shefner_vadim_konchina_kollekcionera.fb2.zip</filename>
	<title>Шефнер Вадим. Кончина коллекционера</title>
</book>
<book>
	<filename>shefner_vadim/shefner_vadim_kruglaya_taina.fb2.zip</filename>
	<title>Шефнер Вадим. Круглая тайна</title>
</book>
<book>
	<filename>shefner_vadim/shefner_vadim_kurfyurst_kurlyandii.fb2.zip</filename>
	<title>Шефнер Вадим. Курфюрст Курляндии</title>
</book>
<book>
	<filename>shefner_vadim/shefner_vadim_lachuga_dolzhnika.fb2.zip</filename>
	<title>Шефнер Вадим. Лачуга должника</title>
</book>
<book>
	<filename>shefner_vadim/shefner_vadim_lesnoe_chudo.fb2.zip</filename>
	<title>Шефнер Вадим. Лесное чудо</title>
</book>
<book>
	<filename>shefner_vadim/shefner_vadim_lyudskaya_edinica.fb2.zip</filename>
	<title>Шефнер Вадим. Людская единица</title>
</book>
<book>
	<filename>shefner_vadim/shefner_vadim_million_v_pote_lica.fb2.zip</filename>
	<title>Шефнер Вадим. Миллион в поте лица</title>
</book>
<book>
	<filename>shefner_vadim/shefner_vadim_naslednica.fb2.zip</filename>
	<title>Шефнер Вадим. Наследница</title>
</book>
<book>
	<filename>shefner_vadim/shefner_vadim_nebesnyi_podkidysh_ili_ispoved_trusovatogo_hrabreca.fb2.zip</filename>
	<title>Шефнер Вадим. Небесный подкидыш, или Исповедь трусоватого храбреца</title>
</book>
<book>
	<filename>shefner_vadim/shefner_vadim_nyne_vechno_i_nikogda.fb2.zip</filename>
	<title>Шефнер Вадим. Ныне, вечно и никогда</title>
</book>
<book>
	<filename>shefner_vadim/shefner_vadim_otmetatel_nevzgod_ili_sampo_xx_veka.fb2.zip</filename>
	<title>Шефнер Вадим. Отметатель невзгод, или Сампо XX века</title>
</book>
<book>
	<filename>shefner_vadim/shefner_vadim_rai_na_vzryvchatke.fb2.zip</filename>
	<title>Шефнер Вадим. Рай на взрывчатке</title>
</book>
<book>
	<filename>shefner_vadim/shefner_vadim_sedobnye_sny_ili_oshibka_dobrogo_mudreca.fb2.zip</filename>
	<title>Шефнер Вадим. Съедобные сны, или Ошибка доброго мудреца</title>
</book>
<book>
	<filename>shefner_vadim/shefner_vadim_sestra_pechali.fb2.zip</filename>
	<title>Шефнер Вадим. Сестра печали</title>
</book>
<book>
	<filename>shefner_vadim/shefner_vadim_skromnyi_genii.fb2.zip</filename>
	<title>Шефнер Вадим. Скромный гений</title>
</book>
<book>
	<filename>shefner_vadim/shefner_vadim_tihaya_prosba.fb2.zip</filename>
	<title>Шефнер Вадим. Тихая просьба</title>
</book>
<book>
	<filename>shefner_vadim/shefner_vadim_zapiski_zubovladelca.fb2.zip</filename>
	<title>Шефнер Вадим. Записки зубовладельца</title>
</book>
<book>
	<filename>shefner_vadim/shefner_vadim_zapozdalyi_strelok_ili_krylya_provinciala.fb2.zip</filename>
	<title>Шефнер Вадим. Запоздалый стрелок, или Крылья провинциала</title>
</book>
<book>
	<filename>shefner_vadim/shefner_vadim_zmeinyi_den.fb2.zip</filename>
	<title>Шефнер Вадим. Змеиный день</title>
</book>
<book>
	<filename>shegalo_natalya/shegalo_natalya_bolshe_chem_vlast.fb2.zip</filename>
	<title>Шегало Наталья. Больше, чем власть</title>
</book>
<book>
	<filename>shegalo_natalya/shegalo_natalya_menshe_chem_smert.fb2.zip</filename>
	<title>Шегало Наталья. Меньше, чем смерть</title>
</book>
<book>
	<filename>sheglov_aleksei/sheglov_aleksei_vozvrashenie_bogov.fb2.zip</filename>
	<title>Щеглов Алексей Михайлович. Возвращение богов</title>
</book>
<book>
	<filename>sheglov_aleksei/sheglov_aleksei_yazycheskaya_zarya.fb2.zip</filename>
	<title>Щеглов Алексей Михайлович. Языческая заря</title>
</book>
<book>
	<filename>shegolev_alfred/shegolev_alfred_lozhnaya_zhenshina_nevroz_kak_vnutrennii_teatr_lichnosti.fb2.zip</filename>
	<title>Щеголев Альфред Александрович. Ложная женщина. Невроз как внутренний театр личности</title>
</book>
<book>
	<filename>shehter_garold/shehter_garold_razgovorchivyi_pokoinik_misteriya_v_duhe_yedgara_a_po.fb2.zip</filename>
	<title>Шехтер Гарольд. Разговорчивый покойник. Мистерия в духе Эдгара А. По</title>
</book>
<book>
	<filename>sheihzade_yu/sheihzade_yu_superpamyat_drevnyaya_metodika_mnemotehniki.fb2.zip</filename>
	<title>Шейх-Заде Ю. Р. Суперпамять: древняя методика мнемотехники</title>
</book>
<book>
	<filename>sheinin_lev/sheinin_lev_breget_yeduarda_yerrio.fb2.zip</filename>
	<title>Шейнин Лев Романович. Брегет Эдуарда Эррио</title>
</book>
<book>
	<filename>sheinin_lev/sheinin_lev_cepnaya_reakciya.fb2.zip</filename>
	<title>Шейнин Лев Романович. Цепная реакция</title>
</book>
<book>
	<filename>sheinin_lev/sheinin_lev_chuzhie_v_tundre.fb2.zip</filename>
	<title>Шейнин Лев Романович. Чужие в тундре</title>
</book>
<book>
	<filename>sheinin_lev/sheinin_lev_dama_tuz.fb2.zip</filename>
	<title>Шейнин Лев Романович. «Дама Туз»</title>
</book>
<book>
	<filename>sheinin_lev/sheinin_lev_debyut.fb2.zip</filename>
	<title>Шейнин Лев Романович. Дебют</title>
</book>
<book>
	<filename>sheinin_lev/sheinin_lev_delo_semenchuka.fb2.zip</filename>
	<title>Шейнин Лев Романович. Дело Семенчука</title>
</book>
<book>
	<filename>sheinin_lev/sheinin_lev_dinary_s_dyrkami.fb2.zip</filename>
	<title>Шейнин Лев Романович. Динары с дырками</title>
</book>
<book>
	<filename>sheinin_lev/sheinin_lev_generalsha_apostolova.fb2.zip</filename>
	<title>Шейнин Лев Романович. Генеральша Апостолова</title>
</book>
<book>
	<filename>sheinin_lev/sheinin_lev_gibel_nadezhdy_spiridonovoi.fb2.zip</filename>
	<title>Шейнин Лев Романович. Гибель Надежды Спиридоновой</title>
</book>
<book>
	<filename>sheinin_lev/sheinin_lev_ischeznovenie.fb2.zip</filename>
	<title>Шейнин Лев Романович. Исчезновение</title>
</book>
<book>
	<filename>sheinin_lev/sheinin_lev_karera_kirilla_lavrinenko.fb2.zip</filename>
	<title>Шейнин Лев Романович. Карьера Кирилла Лавриненко</title>
</book>
<book>
	<filename>sheinin_lev/sheinin_lev_krepkoe_rukopozhatie.fb2.zip</filename>
	<title>Шейнин Лев Романович. Крепкое рукопожатие</title>
</book>
<book>
	<filename>sheinin_lev/sheinin_lev_lenka_panteleev.fb2.zip</filename>
	<title>Шейнин Лев Романович. Ленька Пантелеев</title>
</book>
<book>
	<filename>sheinin_lev/sheinin_lev_lyubov_mistera_gpovera.fb2.zip</filename>
	<title>Шейнин Лев Романович. Любовь мистера Гpoвера</title>
</book>
<book>
	<filename>sheinin_lev/sheinin_lev_lyubov_mistera_grovera.fb2.zip</filename>
	<title>Шейнин Лев Романович. Любовь мистера Грoвера</title>
</book>
<book>
	<filename>sheinin_lev/sheinin_lev_mest.fb2.zip</filename>
	<title>Шейнин Лев Романович. Месть</title>
</book>
<book>
	<filename>sheinin_lev/sheinin_lev_muzykalnaya_natura.fb2.zip</filename>
	<title>Шейнин Лев Романович. «Музыкальная» натура</title>
</book>
<book>
	<filename>sheinin_lev/sheinin_lev_nochnoi_pacient.fb2.zip</filename>
	<title>Шейнин Лев Романович. Ночной пациент</title>
</book>
<book>
	<filename>sheinin_lev/sheinin_lev_novogodnyaya_noch.fb2.zip</filename>
	<title>Шейнин Лев Романович. Новогодняя ночь</title>
</book>
<book>
	<filename>sheinin_lev/sheinin_lev_ohotnichii_nozh.fb2.zip</filename>
	<title>Шейнин Лев Романович. Охотничий нож</title>
</book>
<book>
	<filename>sheinin_lev/sheinin_lev_otec_amvrosii.fb2.zip</filename>
	<title>Шейнин Лев Романович. Отец Амвросий</title>
</book>
<book>
	<filename>sheinin_lev/sheinin_lev_para_tufel.fb2.zip</filename>
	<title>Шейнин Лев Романович. Пара туфель</title>
</book>
<book>
	<filename>sheinin_lev/sheinin_lev_polsantimetra.fb2.zip</filename>
	<title>Шейнин Лев Романович. Полсантиметра</title>
</book>
<book>
	<filename>sheinin_lev/sheinin_lev_pominalnik_usopshih.fb2.zip</filename>
	<title>Шейнин Лев Романович. Поминальник усопших</title>
</book>
<book>
	<filename>sheinin_lev/sheinin_lev_poslednii_iz_mogikan.fb2.zip</filename>
	<title>Шейнин Лев Романович. Последний из могикан</title>
</book>
<book>
	<filename>sheinin_lev/sheinin_lev_pozhary_v_saranske.fb2.zip</filename>
	<title>Шейнин Лев Романович. Пожары в Саранске</title>
</book>
<book>
	<filename>sheinin_lev/sheinin_lev_rasskaz_o_sebe.fb2.zip</filename>
	<title>Шейнин Лев Романович. Рассказ o себе</title>
</book>
<book>
	<filename>sheinin_lev/sheinin_lev_razgovor_nachistotu.fb2.zip</filename>
	<title>Шейнин Лев Романович. Разговор начистоту</title>
</book>
<book>
	<filename>sheinin_lev/sheinin_lev_romantiki.fb2.zip</filename>
	<title>Шейнин Лев Романович. Романтики</title>
</book>
<book>
	<filename>sheinin_lev/sheinin_lev_slovesnyi_portret.fb2.zip</filename>
	<title>Шейнин Лев Романович. Словесный портрет</title>
</book>
<book>
	<filename>sheinin_lev/sheinin_lev_sudebnaya_oshibka.fb2.zip</filename>
	<title>Шейнин Лев Романович. «Судебная ошибка»</title>
</book>
<book>
	<filename>sheinin_lev/sheinin_lev_tri_provokatora.fb2.zip</filename>
	<title>Шейнин Лев Романович. Три провокатора</title>
</book>
<book>
	<filename>sheinin_lev/sheinin_lev_troika_po_fizike.fb2.zip</filename>
	<title>Шейнин Лев Романович. Тройка по физике</title>
</book>
<book>
	<filename>sheinin_lev/sheinin_lev_ubiistvo_mv_proninoi.fb2.zip</filename>
	<title>Шейнин Лев Романович. Убийство М.В. Прониной</title>
</book>
<book>
	<filename>sheinin_lev/sheinin_lev_unyloe_delo.fb2.zip</filename>
	<title>Шейнин Лев Романович. Унылое дело</title>
</book>
<book>
	<filename>sheinin_lev/sheinin_lev_voennaya_taina.fb2.zip</filename>
	<title>Шейнин Лев Романович. Военная тайна</title>
</book>
<book>
	<filename>sheinin_lev/sheinin_lev_volchya_staya.fb2.zip</filename>
	<title>Шейнин Лев Романович. Волчья стая</title>
</book>
<book>
	<filename>sheinin_lev/sheinin_lev_yavka_s_povinnoi.fb2.zip</filename>
	<title>Шейнин Лев Романович. Явка с повинной</title>
</book>
<book>
	<filename>sheinin_lev/sheinin_lev_zapadnya.fb2.zip</filename>
	<title>Шейнин Лев Романович. Западня</title>
</book>
<book>
	<filename>sheinin_lev/sheinin_lev_zloi_genii_narodnoi_voli.fb2.zip</filename>
	<title>Шейнин Лев Романович. Злой гений «Народной воли»</title>
</book>
<book>
	<filename>sheinis_3inovii/sheinis_3inovii_maksim_maksimovich_litvinov_revolyucioner_diplomat_chelovek.fb2.zip</filename>
	<title>Шейнис 3иновий Савельевич. Максим Максимович Литвинов: революционер, дипломат, человек</title>
</book>
<book>
	<filename>sheinov_viktor/sheinov_viktor_zhenshina_plyus_muzhchina_poznat_i_pokorit.fb2.zip</filename>
	<title>Шейнов Виктор Павлович. Женщина плюс мужчина. Познать и покорить</title>
</book>
<book>
	<filename>shei_robert/shei_robert_glaz_v_piramide.fb2.zip</filename>
	<title>Шей Роберт. Глаз в пирамиде</title>
</book>
<book>
	<filename>shei_robert/shei_robert_leviafan.fb2.zip</filename>
	<title>Шей Роберт. Левиафан</title>
</book>
<book>
	<filename>shei_robert/shei_robert_zolotoe_yabloko.fb2.zip</filename>
	<title>Шей Роберт. Золотое яблоко</title>
</book>
<book>
	<filename>shekli_robert/shekli_robert_absolyutnoe_oruzhie.fb2.zip</filename>
	<title>Шекли Роберт. Абсолютное оружие</title>
</book>
<book>
	<filename>shekli_robert/shekli_robert_beliche_koleso.fb2.zip</filename>
	<title>Шекли Роберт. Беличье колесо</title>
</book>
<book>
	<filename>shekli_robert/shekli_robert_bilet_na_planetu_tranai.fb2.zip</filename>
	<title>Шекли Роберт. Билет на планету Транай</title>
</book>
<book>
	<filename>shekli_robert/shekli_robert_bitva.fb2.zip</filename>
	<title>Шекли Роберт. Битва</title>
</book>
<book>
	<filename>shekli_robert/shekli_robert_civilizaciya_statusa.fb2.zip</filename>
	<title>Шекли Роберт. Цивилизация статуса</title>
</book>
<book>
	<filename>shekli_robert/shekli_robert_detektivnoe_agenstvo_alternativa.fb2.zip</filename>
	<title>Шекли Роберт. Детективное агенство «Альтернатива»</title>
</book>
<book>
	<filename>shekli_robert/shekli_robert_doloi_parazitov.fb2.zip</filename>
	<title>Шекли Роберт. Долой паразитов!</title>
</book>
<book>
	<filename>shekli_robert/shekli_robert_esli_s_faustom_vam_ne_povezlo.fb2.zip</filename>
	<title>Шекли Роберт. Если с Фаустом вам не повезло…</title>
</book>
<book>
	<filename>shekli_robert/shekli_robert_hozhdenie_dzhoyenisa.fb2.zip</filename>
	<title>Шекли Роберт. Хождение Джоэниса</title>
</book>
<book>
	<filename>shekli_robert/shekli_robert_izvinite_chto_vryvayus_v_vash_son.fb2.zip</filename>
	<title>Шекли Роберт. Извините, что врываюсь в ваш сон...</title>
</book>
<book>
	<filename>shekli_robert/shekli_robert_koechto_zadarom.fb2.zip</filename>
	<title>Шекли Роберт. Кое-что задаром</title>
</book>
<book>
	<filename>shekli_robert/shekli_robert_korporaciya_bessmertie.fb2.zip</filename>
	<title>Шекли Роберт. Корпорация «Бессмертие»</title>
</book>
<book>
	<filename>shekli_robert/shekli_robert_labirint_minotavra.fb2.zip</filename>
	<title>Шекли Роберт. Лабиринт Минотавра</title>
</book>
<book>
	<filename>shekli_robert/shekli_robert_laksianskii_klyuch.fb2.zip</filename>
	<title>Шекли Роберт. Лаксианский ключ</title>
</book>
<book>
	<filename>shekli_robert/shekli_robert_mezhdu_scilloi_i_haribdoi.fb2.zip</filename>
	<title>Шекли Роберт. Между Сциллой и Харибдой</title>
</book>
<book>
	<filename>shekli_robert/shekli_robert_myatezh_shlyupki.fb2.zip</filename>
	<title>Шекли Роберт. Мятеж шлюпки</title>
</book>
<book>
	<filename>shekli_robert/shekli_robert_neobhodimaya_vesh.fb2.zip</filename>
	<title>Шекли Роберт. Необходимая вещь</title>
</book>
<book>
	<filename>shekli_robert/shekli_robert_obmen_razumov.fb2.zip</filename>
	<title>Шекли Роберт. Обмен разумов</title>
</book>
<book>
	<filename>shekli_robert/shekli_robert_premiya_za_risk.fb2.zip</filename>
	<title>Шекли Роберт. Премия за риск</title>
</book>
<book>
	<filename>shekli_robert/shekli_robert_prizrak_5.fb2.zip</filename>
	<title>Шекли Роберт. Призрак — 5</title>
</book>
<book>
	<filename>shekli_robert/shekli_robert_reis_molochnogo_furgona.fb2.zip</filename>
	<title>Шекли Роберт. Рейс молочного фургона</title>
</book>
<book>
	<filename>shekli_robert/shekli_robert_sbornik_rasskazov_chelovek_po_platonu.fb2.zip</filename>
	<title>Шекли Роберт. Сборник рассказов «Человек по Платону»</title>
</book>
<book>
	<filename>shekli_robert/shekli_robert_sbornik_rasskazov_diplomaticheskaya_neprikosnovennost.fb2.zip</filename>
	<title>Шекли Роберт. Сборник рассказов «Дипломатическая неприкосновенность»</title>
</book>
<book>
	<filename>shekli_robert/shekli_robert_sbornik_rasskazov_glaz_realnosti.fb2.zip</filename>
	<title>Шекли Роберт. Сборник рассказов «Глаз реальности»</title>
</book>
<book>
	<filename>shekli_robert/shekli_robert_sbornik_rasskazov_minimum_neobhodimogo.fb2.zip</filename>
	<title>Шекли Роберт. Сборник рассказов «Минимум необходимого»</title>
</book>
<book>
	<filename>shekli_robert/shekli_robert_sbornik_rasskazov_predel_zhelanii.fb2.zip</filename>
	<title>Шекли Роберт. Сборник рассказов «Предел желаний»</title>
</book>
<book>
	<filename>shekli_robert/shekli_robert_sbornik_rasskazov_prikladnaya_demonologiya.fb2.zip</filename>
	<title>Шекли Роберт. Сборник рассказов «Прикладная демонология»</title>
</book>
<book>
	<filename>shekli_robert/shekli_robert_sbornik_rasskazov_problema_tuzemcev.fb2.zip</filename>
	<title>Шекли Роберт. Сборник рассказов «Проблема туземцев»</title>
</book>
<book>
	<filename>shekli_robert/shekli_robert_sbornik_rasskazov_razdvoenie_lichnosti.fb2.zip</filename>
	<title>Шекли Роберт. Сборник рассказов «Раздвоение личности»</title>
</book>
<book>
	<filename>shekli_robert/shekli_robert_sbornik_rasskazov_ritual.fb2.zip</filename>
	<title>Шекли Роберт. Сборник рассказов «Ритуал»</title>
</book>
<book>
	<filename>shekli_robert/shekli_robert_sbornik_rasskazov_zametki_po_vospriyatiyu_voobrazhaemyh_razlichii.fb2.zip</filename>
	<title>Шекли Роберт. Сборник рассказов «Заметки по восприятию воображаемых различий»</title>
</book>
<book>
	<filename>shekli_robert/shekli_robert_sbornik_stoimost_zhizni.fb2.zip</filename>
	<title>Шекли Роберт. сборник СТОИМОСТЬ ЖИЗНИ</title>
</book>
<book>
	<filename>shekli_robert/shekli_robert_sbornik_yazyk_lyubvi.fb2.zip</filename>
	<title>Шекли Роберт. Сборник ЯЗЫК ЛЮБВИ</title>
</book>
<book>
	<filename>shekli_robert/shekli_robert_sluzhba_likvidacii.fb2.zip</filename>
	<title>Шекли Роберт. Служба ликвидации</title>
</book>
<book>
	<filename>shekli_robert/shekli_robert_somablyuz.fb2.zip</filename>
	<title>Шекли Роберт. СОМА-БЛЮЗ</title>
</book>
<book>
	<filename>shekspir_uilyam/shekspir_uilyam_alls_wel_that_ends_well.fb2.zip</filename>
	<title>Шекспир Уильям. Alls Wel that ends Well</title>
</book>
<book>
	<filename>shekspir_uilyam/shekspir_uilyam_antonii_i_kleopatra.fb2.zip</filename>
	<title>Шекспир Уильям. Антоний и Клеопатра</title>
</book>
<book>
	<filename>shekspir_uilyam/shekspir_uilyam_burya.fb2.zip</filename>
	<title>Шекспир Уильям. Буря</title>
</book>
<book>
	<filename>shekspir_uilyam/shekspir_uilyam_dva_veronca.fb2.zip</filename>
	<title>Шекспир Уильям. Два веронца</title>
</book>
<book>
	<filename>shekspir_uilyam/shekspir_uilyam_dvenadcataya_noch_ili_chto_ugodno.fb2.zip</filename>
	<title>Шекспир Уильям. Двенадцатая ночь, или Что угодно</title>
</book>
<book>
	<filename>shekspir_uilyam/shekspir_uilyam_gamlet_princ_datskii.fb2.zip</filename>
	<title>Шекспир Уильям. Гамлет, принц датский</title>
</book>
<book>
	<filename>shekspir_uilyam/shekspir_uilyam_kak_vam_yeto_ponravitsya.fb2.zip</filename>
	<title>Шекспир Уильям. Как вам это понравится</title>
</book>
<book>
	<filename>shekspir_uilyam/shekspir_uilyam_komediya_oshibok.fb2.zip</filename>
	<title>Шекспир Уильям. Комедия ошибок</title>
</book>
<book>
	<filename>shekspir_uilyam/shekspir_uilyam_koriolan.fb2.zip</filename>
	<title>Шекспир Уильям. Кориолан</title>
</book>
<book>
	<filename>shekspir_uilyam/shekspir_uilyam_korol_lir.fb2.zip</filename>
	<title>Шекспир Уильям. Король Лир</title>
</book>
<book>
	<filename>shekspir_uilyam/shekspir_uilyam_makbet.fb2.zip</filename>
	<title>Шекспир Уильям. Макбет</title>
</book>
<book>
	<filename>shekspir_uilyam/shekspir_uilyam_mnogo_shuma_iz_nichego.fb2.zip</filename>
	<title>Шекспир Уильям. Много шума из ничего</title>
</book>
<book>
	<filename>shekspir_uilyam/shekspir_uilyam_monolog_byt_ili_ne_byt_v_russkih_perevodah_xixxx_vv.fb2.zip</filename>
	<title>Шекспир Уильям. Монолог «Быть или не быть…» в русских переводах XIX-XX вв.</title>
</book>
<book>
	<filename>shekspir_uilyam/shekspir_uilyam_otello.fb2.zip</filename>
	<title>Шекспир Уильям. Отелло</title>
</book>
<book>
	<filename>shekspir_uilyam/shekspir_uilyam_romeo_i_dzhuletta.fb2.zip</filename>
	<title>Шекспир Уильям. Ромео и Джульетта</title>
</book>
<book>
	<filename>shekspir_uilyam/shekspir_uilyam_romeo_i_dzhuletta_per_t_shchepkinakupernik.fb2.zip</filename>
	<title>Шекспир Уильям. Ромео и Джульетта (Пер. Т. Щепкина-Куперник)</title>
</book>
<book>
	<filename>shekspir_uilyam/shekspir_uilyam_sonety_i_stihi.fb2.zip</filename>
	<title>Шекспир Уильям. Сонеты и стихи</title>
</book>
<book>
	<filename>shekspir_uilyam/shekspir_uilyam_son_v_letnyuyu_noch.fb2.zip</filename>
	<title>Шекспир Уильям. Сон в летнюю ночь</title>
</book>
<book>
	<filename>shekspir_uilyam/shekspir_uilyam_the_sonnets.fb2.zip</filename>
	<title>Шекспир Уильям. The Sonnets</title>
</book>
<book>
	<filename>shekspir_uilyam/shekspir_uilyam_ukroshenie_stroptivoi.fb2.zip</filename>
	<title>Шекспир Уильям. Укрощение строптивой</title>
</book>
<book>
	<filename>shekspir_uilyam/shekspir_uilyam_venecianskii_kupec.fb2.zip</filename>
	<title>Шекспир Уильям. Венецианский купец</title>
</book>
<book>
	<filename>shekspir_uilyam/shekspir_uilyam_vindzorskie_nasmeshnicy.fb2.zip</filename>
	<title>Шекспир Уильям. Виндзорские насмешницы</title>
</book>
<book>
	<filename>shekspir_uilyam/shekspir_uilyam_yulii_cezar.fb2.zip</filename>
	<title>Шекспир Уильям. Юлий Цезарь</title>
</book>
<book>
	<filename>shekspir_uilyam/shekspir_uilyam_zimnyaya_skazka.fb2.zip</filename>
	<title>Шекспир Уильям. Зимняя сказка</title>
</book>
<book>
	<filename>shelbi_filip/shelbi_filip_dni_barabannogo_boya.fb2.zip</filename>
	<title>Шелби Филип. Дни барабанного боя</title>
</book>
<book>
	<filename>shelbi_filip/shelbi_filip_mechtateli.fb2.zip</filename>
	<title>Шелби Филип. Мечтатели</title>
</book>
<book>
	<filename>shelbi_filip/shelbi_filip_oazis_grez.fb2.zip</filename>
	<title>Шелби Филип. Оазис грез</title>
</book>
<book>
	<filename>shelbi_gryem/shelbi_gryem_klyatva_i_mech.fb2.zip</filename>
	<title>Шелби Грэм. Клятва и меч</title>
</book>
<book>
	<filename>sheldon_doroti/sheldon_doroti_hishnik_i_ozornica.fb2.zip</filename>
	<title>Шелдон Дороти. Хищник и озорница</title>
</book>
<book>
	<filename>sheldon_dzhill/sheldon_dzhill_zabyt_o_mesti.fb2.zip</filename>
	<title>Шелдон Джилл. Забыть о мести</title>
</book>
<book>
	<filename>sheldon_sidney/sheldon_sidney_are_you_afraid_of_the_dark.fb2.zip</filename>
	<title>Sheldon Sidney. Are You Afraid Of The Dark</title>
</book>
<book>
	<filename>sheldon_sidni/sheldon_sidni_esli_nastupit_zavtra.fb2.zip</filename>
	<title>Шелдон Сидни. Если наступит завтра</title>
</book>
<book>
	<filename>sheldon_sidni/sheldon_sidni_gnev_angelov.fb2.zip</filename>
	<title>Шелдон Сидни. Гнев ангелов</title>
</book>
<book>
	<filename>sheldon_sidni/sheldon_sidni_intriganka.fb2.zip</filename>
	<title>Шелдон Сидни. Интриганка</title>
</book>
<book>
	<filename>sheldon_sidni/sheldon_sidni_konec_sveta.fb2.zip</filename>
	<title>Шелдон Сидни. Конец света</title>
</book>
<book>
	<filename>sheldon_sidni/sheldon_sidni_lico_bez_maski.fb2.zip</filename>
	<title>Шелдон Сидни. Лицо без маски</title>
</book>
<book>
	<filename>sheldon_sidni/sheldon_sidni_melnicy_bogov.fb2.zip</filename>
	<title>Шелдон Сидни. Мельницы богов</title>
</book>
<book>
	<filename>sheldon_sidni/sheldon_sidni_neznakomec_v_zerkale.fb2.zip</filename>
	<title>Шелдон Сидни. Незнакомец в зеркале</title>
</book>
<book>
	<filename>sheldon_sidni/sheldon_sidni_nichto_ne_vechno.fb2.zip</filename>
	<title>Шелдон Сидни. Ничто не вечно</title>
</book>
<book>
	<filename>sheldon_sidni/sheldon_sidni_oborotnaya_storona_polunochi.fb2.zip</filename>
	<title>Шелдон Сидни. Оборотная сторона полуночи</title>
</book>
<book>
	<filename>sheldon_sidni/sheldon_sidni_peski_vremeni.fb2.zip</filename>
	<title>Шелдон Сидни. Пески времени</title>
</book>
<book>
	<filename>sheldon_sidni/sheldon_sidni_polnochnye_vospominaniya.fb2.zip</filename>
	<title>Шелдон Сидни. Полночные воспоминания</title>
</book>
<book>
	<filename>sheldon_sidni/sheldon_sidni_raskolotye_sny.fb2.zip</filename>
	<title>Шелдон Сидни. Расколотые сны</title>
</book>
<book>
	<filename>sheldon_sidni/sheldon_sidni_ruhnuvshie_nebesa.fb2.zip</filename>
	<title>Шелдон Сидни. Рухнувшие небеса</title>
</book>
<book>
	<filename>sheldon_sidni/sheldon_sidni_sorvat_masku.fb2.zip</filename>
	<title>Шелдон Сидни. Сорвать маску</title>
</book>
<book>
	<filename>sheldon_sidni/sheldon_sidni_tonkii_raschet.fb2.zip</filename>
	<title>Шелдон Сидни. Тонкий расчет</title>
</book>
<book>
	<filename>sheldon_sidni/sheldon_sidni_ty_boishsya_temnoty.fb2.zip</filename>
	<title>Шелдон Сидни. Ты боишься темноты?</title>
</book>
<book>
	<filename>sheldon_sidni/sheldon_sidni_utro_den_noch.fb2.zip</filename>
	<title>Шелдон Сидни. Утро, день, ночь</title>
</book>
<book>
	<filename>sheldon_sidni/sheldon_sidni_uzy_krovi.fb2.zip</filename>
	<title>Шелдон Сидни. Узы крови</title>
</book>
<book>
	<filename>sheldon_sidni/sheldon_sidni_zvezdy_siyayut_s_nebes.fb2.zip</filename>
	<title>Шелдон Сидни. Звезды сияют с небес</title>
</book>
<book>
	<filename>shelepin_leonid/shelepin_leonid_voina_posle_voiny_informacionnaya_okkupaciya_prodolzhaetsya.fb2.zip</filename>
	<title>Шелепин Леонид Александрович. Война после войны: информационная оккупация продолжается</title>
</book>
<book>
	<filename>shelest_igor/shelest_igor_opytnyi_ayerodrom_volshebstvo_moego_remesla.fb2.zip</filename>
	<title>Шелест Игорь Иванович. Опытный аэродром: Волшебство моего ремесла.</title>
</book>
<book>
	<filename>shellabardzher_syemyuyel/shellabardzher_syemyuyel_rycar_korolya.fb2.zip</filename>
	<title>Шеллабарджер Сэмюэл. Рыцарь короля</title>
</book>
<book>
	<filename>shellenberg_valter/shellenberg_valter_memuary_labirint.fb2.zip</filename>
	<title>Шелленберг Вальтер. Мемуары [Лабиринт]</title>
</book>
<book>
	<filename>shelley_mary/shelley_mary_frankenstein_or_the_modern_prometheus.fb2.zip</filename>
	<title>Shelley Mary. Frankenstein, or the Modern Prometheus</title>
</book>
<book>
	<filename>shelli_mersi/shelli_mersi_2_0_4_8.fb2.zip</filename>
	<title>Шелли Мерси. 2 0 4 8</title>
</book>
<book>
	<filename>shelli_mersi/shelli_mersi_2048.fb2.zip</filename>
	<title>Шелли Мерси. 2048</title>
</book>
<book>
	<filename>shelli_mersi/shelli_mersi_pautina.fb2.zip</filename>
	<title>Шелли Мерси. Паутина</title>
</book>
<book>
	<filename>shelli_myeri/shelli_myeri_frankenshtein_ili_sovremennyi_prometei.fb2.zip</filename>
	<title>Шелли Мэри. Франкенштейн, или Современный Прометей</title>
</book>
<book>
	<filename>shelli_myeri/shelli_myeri_frankenstein_or_the_modern_prometheus.fb2.zip</filename>
	<title>Шелли Мэри. Frankenstein, or the Modern Prometheus</title>
</book>
<book>
	<filename>shelli_myeri/shelli_myeri_golos.fb2.zip</filename>
	<title>Шелли Мэри. Голос</title>
</book>
<book>
	<filename>shelonin_oleg/shelonin_oleg_alesha_drakonych.fb2.zip</filename>
	<title>Шелонин Олег. Алеша Драконыч</title>
</book>
<book>
	<filename>shelonin_oleg/shelonin_oleg_bitva_aferistov.fb2.zip</filename>
	<title>Шелонин Олег. Битва аферистов</title>
</book>
<book>
	<filename>shelonin_oleg/shelonin_oleg_delo_tridevyatyi_sindikat.fb2.zip</filename>
	<title>Шелонин Олег. Дело «Тридевятый синдикат»</title>
</book>
<book>
	<filename>shelonin_oleg/shelonin_oleg_lovec_udachi.fb2.zip</filename>
	<title>Шелонин Олег Александрович. Ловец удачи</title>
</book>
<book>
	<filename>shelonin_oleg/shelonin_oleg_operaciya_u_lukomorya.fb2.zip</filename>
	<title>Шелонин Олег. Операция «У Лукоморья…»</title>
</book>
<book>
	<filename>shelonin_oleg/shelonin_oleg_yevritanskie_hroniki.fb2.zip</filename>
	<title>Шелонин Олег. Эвританские хроники</title>
</book>
<book>
	<filename>shelvis_dzhill/shelvis_dzhill_ne_vezet_tak_ne_vezet.fb2.zip</filename>
	<title>Шелвис Джилл. Не везет так не везет</title>
</book>
<book>
	<filename>shelvis_dzhill/shelvis_dzhill_pered_licom_lyubvi.fb2.zip</filename>
	<title>Шелвис Джилл. Перед лицом любви</title>
</book>
<book>
	<filename>shemelinin_konstantin/shemelinin_konstantin_ya.fb2.zip</filename>
	<title>Щемелинин Константин Сергеевич. ''Я''</title>
</book>
<book>
	<filename>shem_samuel/shem_samuel_the_house_of_god.fb2.zip</filename>
	<title>Shem Samuel. The house of God</title>
</book>
<book>
	<filename>shemshuk_vladimir/shemshuk_vladimir_hashi_predki_zhizn_i_gibel_tryoh_poslednih_civilizacii.fb2.zip</filename>
	<title>Шемшук Владимир. Hаши предки. Жизнь и гибель трёх последних цивилизаций.</title>
</book>
<book>
	<filename>shenderovich_viktor/shenderovich_viktor_izbrannoe_iz_raznyh_knig.fb2.zip</filename>
	<title>Шендерович Виктор Анатольевич. Избранное (из разных книг)</title>
</book>
<book>
	<filename>shenderovich_viktor/shenderovich_viktor_iz_poslednei_sheli.fb2.zip</filename>
	<title>Шендерович Виктор. Из последней щели</title>
</book>
<book>
	<filename>shenderovich_viktor/shenderovich_viktor_proekt_konstitucii_strany.fb2.zip</filename>
	<title>Шендерович Виктор Анатольевич. Проект конституции Страны</title>
</book>
<book>
	<filename>shenderovich_viktor/shenderovich_viktor_zdes_bylo_ntv_tv6_tvs_i_drugie_istorii.fb2.zip</filename>
	<title>Шендерович Виктор Анатольевич. «Здесь было НТВ», ТВ-6, ТВС и другие истории</title>
</book>
<book>
	<filename>shengalc_igor/shengalc_igor_vremya_priklyuchenii.fb2.zip</filename>
	<title>Шенгальц Игорь. Время приключений</title>
</book>
<book>
	<filename>shenkman_stiv/shenkman_stiv_mozhno_li_zhit_bez_ochkov.fb2.zip</filename>
	<title>Шенкман Стив. Можно ли жить без очков?</title>
</book>
<book>
	<filename>shenoa_avgust/shenoa_avgust_krestyanskoe_vosstanie.fb2.zip</filename>
	<title>Шеноа Август. Крестьянское восстание</title>
</book>
<book>
	<filename>shenoa_avgust/shenoa_avgust_sokrovishe_yuvelira.fb2.zip</filename>
	<title>Шеноа Август. Сокровище ювелира</title>
</book>
<book>
	<filename>sheno_per/sheno_per_budte_zdorovy.fb2.zip</filename>
	<title>Шено Пьер. Будьте здоровы!</title>
</book>
<book>
	<filename>shepalin_igor/shepalin_igor_lyubov_koldovskaya.fb2.zip</filename>
	<title>Щепалин Игорь Алексеевич. Любовь колдовская...</title>
</book>
<book>
	<filename>shepard_lyucius/shepard_lyucius_kolt_polkovnika_rezerforda.fb2.zip</filename>
	<title>Шепард Люциус. Кольт полковника Резерфорда</title>
</book>
<book>
	<filename>shepard_lyucius/shepard_lyucius_lish_chastichno_zdes.fb2.zip</filename>
	<title>Шепард Люциус. Лишь частично здесь</title>
</book>
<book>
	<filename>shepard_lyucius/shepard_lyucius_mushka.fb2.zip</filename>
	<title>Шепард Люциус. Мушка</title>
</book>
<book>
	<filename>shepard_lyucius/shepard_lyucius_valentinka.fb2.zip</filename>
	<title>Шепард Люциус. Валентинка</title>
</book>
<book>
	<filename>shepard_lyucius/shepard_lyucius_zakat_luiziany.fb2.zip</filename>
	<title>Шепард Люциус. Закат Луизианы</title>
</book>
<book>
	<filename>shepard_lyucius/shepard_lyucius_zhizn_vo_vremya_voiny.fb2.zip</filename>
	<title>Шепард Люциус. Жизнь во время войны</title>
</book>
<book>
	<filename>shepard_lyucius/shepard_lyucius_zolotaya_krov.fb2.zip</filename>
	<title>Шепард Люциус. Золотая кровь</title>
</book>
<book>
	<filename>shepilov_dmitrii/shepilov_dmitrii_neprimknuvshii.fb2.zip</filename>
	<title>Шепилов Дмитрий. Непримкнувший</title>
</book>
<book>
	<filename>shepilovskii_aleksandr/shepilovskii_aleksandr_na_ostrie_lucha.fb2.zip</filename>
	<title>Шепиловский Александр Ефимович. На острие луча</title>
</book>
<book>
	<filename>shepovalov_daniil/shepovalov_daniil_taba_ciklon.fb2.zip</filename>
	<title>Шеповалов Даниил. Таба Циклон</title>
</book>

</books>
