﻿<?xml version="1.0" encoding="UTF-8" ?>
<books>

<book>
	<filename>sheremet_pavel/sheremet_pavel_sluchainyi_prezident.fb2.zip</filename>
	<title>Шеремет Павел. Случайный президент</title>
</book>
<book>
	<filename>sherf_valter/sherf_valter_akuly.fb2.zip</filename>
	<title>Шерф Вальтер. Акулы</title>
</book>
<book>
	<filename>shergin_boris/shergin_boris_chetyre_skazki.fb2.zip</filename>
	<title>Шергин Борис. Четыре сказки</title>
</book>
<book>
	<filename>shergin_boris/shergin_boris_danilo_i_nenila.fb2.zip</filename>
	<title>Шергин Борис. Данило и Ненила</title>
</book>
<book>
	<filename>shergin_boris/shergin_boris_detstvo_v_arhangelske.fb2.zip</filename>
	<title>Шергин Борис. Детство в Архангельске</title>
</book>
<book>
	<filename>shergin_boris/shergin_boris_dlya_uveselenya.fb2.zip</filename>
	<title>Шергин Борис. Для увеселенья</title>
</book>
<book>
	<filename>shergin_boris/shergin_boris_dvinskaya_zemlya.fb2.zip</filename>
	<title>Шергин Борис. Двинская земля</title>
</book>
<book>
	<filename>shergin_boris/shergin_boris_krotkaya_voda.fb2.zip</filename>
	<title>Шергин Борис. Кроткая вода</title>
</book>
<book>
	<filename>shergin_boris/shergin_boris_lyubov_silnee_smerti.fb2.zip</filename>
	<title>Шергин Борис. Любовь сильнее смерти</title>
</book>
<book>
	<filename>shergin_boris/shergin_boris_martynko.fb2.zip</filename>
	<title>Шергин Борис. Мартынко</title>
</book>
<book>
	<filename>shergin_boris/shergin_boris_misha_laskin.fb2.zip</filename>
	<title>Шергин Борис. Миша Ласкин</title>
</book>
<book>
	<filename>shergin_boris/shergin_boris_novaya_zemlya.fb2.zip</filename>
	<title>Шергин Борис. Новая Земля</title>
</book>
<book>
	<filename>shergin_boris/shergin_boris_pinezhskii_pushkin.fb2.zip</filename>
	<title>Шергин Борис. Пинежский Пушкин</title>
</book>
<book>
	<filename>shergin_boris/shergin_boris_povesti_i_rasskazy.fb2.zip</filename>
	<title>Шергин Борис. Повести и рассказы</title>
</book>
<book>
	<filename>shergin_boris/shergin_boris_pronka_greznoi.fb2.zip</filename>
	<title>Шергин Борис. Пронька Грезной</title>
</book>
<book>
	<filename>shergin_boris/shergin_boris_pushkin_arhangelogorodskii.fb2.zip</filename>
	<title>Шергин Борис. Пушкин архангелогородский</title>
</book>
<book>
	<filename>shergin_boris/shergin_boris_skazki.fb2.zip</filename>
	<title>Шергин Борис. Сказки</title>
</book>
<book>
	<filename>shergin_boris/shergin_boris_skazy_i_skazki.fb2.zip</filename>
	<title>Шергин Борис. Сказы и сказки</title>
</book>
<book>
	<filename>shergin_boris/shergin_boris_slovo_o_lomonosove.fb2.zip</filename>
	<title>Шергин Борис. Слово о Ломоносове</title>
</book>
<book>
	<filename>shergin_boris/shergin_boris_solomonida_zolotovolosaya.fb2.zip</filename>
	<title>Шергин Борис. Соломонида Золотоволосая</title>
</book>
<book>
	<filename>shergin_boris/shergin_boris_starye_staruhi.fb2.zip</filename>
	<title>Шергин Борис. Старые старухи</title>
</book>
<book>
	<filename>shergin_boris/shergin_boris_vanya_datskii.fb2.zip</filename>
	<title>Шергин Борис. Ваня Датский</title>
</book>
<book>
	<filename>shergin_boris/shergin_boris_varvara_ivanovna.fb2.zip</filename>
	<title>Шергин Борис. Варвара Ивановна</title>
</book>
<book>
	<filename>shergin_boris/shergin_boris_volshebnoe_kolco.fb2.zip</filename>
	<title>Шергин Борис. Волшебное кольцо</title>
</book>
<book>
	<filename>shergin_boris/shergin_boris_v_otnose_morskom.fb2.zip</filename>
	<title>Шергин Борис. В относе морском</title>
</book>
<book>
	<filename>shergin_boris/shergin_boris_zolochenye_lby.fb2.zip</filename>
	<title>Шергин Борис. Золоченые лбы</title>
</book>
<book>
	<filename>shergin_boris/shergin_boris_zolotaya_syurpriza.fb2.zip</filename>
	<title>Шергин Борис. Золотая сюрприза</title>
</book>
<book>
	<filename>sherman_frederik/sherman_frederik_voina_na_tihom_okeane_avianoscy_v_boyu.fb2.zip</filename>
	<title>Шерман Фредерик. Война на Тихом океане. Авианосцы в бою</title>
</book>
<book>
	<filename>sher_n/sher_n_hozyain_lesa.fb2.zip</filename>
	<title>Шер Н. Хозяин леса</title>
</book>
<book>
	<filename>sheron_rona/sheron_rona_moi_greshnyi_pirat.fb2.zip</filename>
	<title>Шерон Рона. Мой грешный пират</title>
</book>
<book>
	<filename>sherri_tomas/sherri_tomas_idealnaya_para.fb2.zip</filename>
	<title>Шерри Томас. Идеальная пара</title>
</book>
<book>
	<filename>sherri_tomas/sherri_tomas_voshititelnaya.fb2.zip</filename>
	<title>Шерри Томас. Восхитительная</title>
</book>
<book>
	<filename>sherri_zontag_sherri/sherri_zontag_sherri_istoriya_podvodnogo_shpionazha_protiv_sssr.fb2.zip</filename>
	<title>Шерри Зонтаг Шерри. История подводного шпионажа против СССР</title>
</book>
<book>
	<filename>sherstobitov_evgenii/sherstobitov_evgenii_akvalangi_na_dne.fb2.zip</filename>
	<title>Шерстобитов Евгений Фирсович. Акваланги на дне</title>
</book>
<book>
	<filename>shervud_tom/shervud_tom_master_alba.fb2.zip</filename>
	<title>Шервуд Том. Мастер Альба</title>
</book>
<book>
	<filename>shervud_tom/shervud_tom_ostrov_lokk.fb2.zip</filename>
	<title>Шервуд Том. Остров Локк</title>
</book>
<book>
	<filename>shervud_tom/shervud_tom_prizrak_adora.fb2.zip</filename>
	<title>Шервуд Том. Призрак Адора</title>
</book>
<book>
	<filename>shervud_valeri/shervud_valeri_opasnoe_priklyuchenie.fb2.zip</filename>
	<title>Шервуд Валери. Опасное приключение</title>
</book>
<book>
	<filename>shervud_valeri/shervud_valeri_pesnya_vetra.fb2.zip</filename>
	<title>Шервуд Валери. Песня ветра</title>
</book>
<book>
	<filename>shervud_valeri/shervud_valeri_v_sladkom_plenu.fb2.zip</filename>
	<title>Шервуд Валери. В сладком плену</title>
</book>
<book>
	<filename>shervud_valeri/shervud_valeri_ya_tebya_naidu.fb2.zip</filename>
	<title>Шервуд Валери. Я тебя найду</title>
</book>
<book>
	<filename>shesse_zhak/shesse_zhak_agnec.fb2.zip</filename>
	<title>Шессе Жак. Агнец</title>
</book>
<book>
	<filename>shesse_zhak/shesse_zhak_bozhii_chelovek.fb2.zip</filename>
	<title>Шессе Жак. Божий человек</title>
</book>
<book>
	<filename>shesse_zhak/shesse_zhak_der_gartner.fb2.zip</filename>
	<title>Шессе Жак. Der Gartner</title>
</book>
<book>
	<filename>shesse_zhak/shesse_zhak_iskupitelnoe_deyanie.fb2.zip</filename>
	<title>Шессе Жак. Искупительное деяние</title>
</book>
<book>
	<filename>shesse_zhak/shesse_zhak_ispoved_pastora_byurga.fb2.zip</filename>
	<title>Шессе Жак. Исповедь пастора Бюрга</title>
</book>
<book>
	<filename>shesse_zhak/shesse_zhak_kazino.fb2.zip</filename>
	<title>Шессе Жак. Казино</title>
</book>
<book>
	<filename>shesse_zhak/shesse_zhak_luchshee_v_moei_zhizni.fb2.zip</filename>
	<title>Шессе Жак. Лучшее в моей жизни</title>
</book>
<book>
	<filename>shesse_zhak/shesse_zhak_lyudoed.fb2.zip</filename>
	<title>Шессе Жак. Людоед</title>
</book>
<book>
	<filename>shesse_zhak/shesse_zhak_obryv.fb2.zip</filename>
	<title>Шессе Жак. Обрыв</title>
</book>
<book>
	<filename>shesse_zhak/shesse_zhak_pansioner.fb2.zip</filename>
	<title>Шессе Жак. Пансионер</title>
</book>
<book>
	<filename>shesse_zhak/shesse_zhak_pokoi_mertvyh.fb2.zip</filename>
	<title>Шессе Жак. Покой мертвых</title>
</book>
<book>
	<filename>shesse_zhak/shesse_zhak_poslednee_babe_leto.fb2.zip</filename>
	<title>Шессе Жак. Последнее бабье лето</title>
</book>
<book>
	<filename>shesse_zhak/shesse_zhak_privokzalnyi_bufet_v_iyule.fb2.zip</filename>
	<title>Шессе Жак. Привокзальный буфет в июле</title>
</book>
<book>
	<filename>shesse_zhak/shesse_zhak_rasskaz_ucelevshego.fb2.zip</filename>
	<title>Шессе Жак. Рассказ уцелевшего</title>
</book>
<book>
	<filename>shesse_zhak/shesse_zhak_skidka.fb2.zip</filename>
	<title>Шессе Жак. Скидка</title>
</book>
<book>
	<filename>shesse_zhak/shesse_zhak_son_o_voltere.fb2.zip</filename>
	<title>Шессе Жак. Сон о Вольтере</title>
</book>
<book>
	<filename>shesse_zhak/shesse_zhak_uprazhnenie_v_svyatosti.fb2.zip</filename>
	<title>Шессе Жак. Упражнение в святости</title>
</book>
<book>
	<filename>shesse_zhak/shesse_zhak_zheltye_glaza.fb2.zip</filename>
	<title>Шессе Жак. Желтые глаза</title>
</book>
<book>
	<filename>shestov_yurii/shestov_yurii_ranetki.fb2.zip</filename>
	<title>Шестов Юрий. Ранетки</title>
</book>
<book>
	<filename>shestov_yurii/shestov_yurii_sbornik_stihov_poyem_na_povorote.fb2.zip</filename>
	<title>Шестов Юрий. Сборник стихов, поэм “На повороте”</title>
</book>
<book>
	<filename>shestov_yurii/shestov_yurii_utro.fb2.zip</filename>
	<title>Шестов Юрий. Утро</title>
</book>
<book>
	<filename>shetcing_frank/shetcing_frank_staya.fb2.zip</filename>
	<title>Шетцинг Франк. Стая</title>
</book>
<book>
	<filename>shevale_gabriyel/shevale_gabriyel_kloshmerl.fb2.zip</filename>
	<title>Шевалье Габриэль. Клошмерль</title>
</book>
<book>
	<filename>shevale_treisi/shevale_treisi_deva_v_golubom.fb2.zip</filename>
	<title>Шевалье Трейси. Дева в голубом</title>
</book>
<book>
	<filename>shevale_treisi/shevale_treisi_devushka_s_zhemchuzhinoi.fb2.zip</filename>
	<title>Шевалье Трейси. Девушка с жемчужиной</title>
</book>
<book>
	<filename>shevale_ye/shevale_ye_chernonogie.fb2.zip</filename>
	<title>Шевалье Э. Черноногие</title>
</book>
<book>
	<filename>shevchenko_denis/shevchenko_denis_lyubit_i_nenavidet_porusski.fb2.zip</filename>
	<title>Шевченко Денис. Любить и ненавидеть по-русски</title>
</book>
<book>
	<filename>shevchuk_valerii/shevchuk_valerii_dim_na_gori.fb2.zip</filename>
	<title>Шевчук Валерiй. Дiм на горi</title>
</book>
<book>
	<filename>shevchuk_valerii/shevchuk_valerii_mor.fb2.zip</filename>
	<title>Шевчук Валерій. Мор</title>
</book>
<book>
	<filename>shevchuk_valerii/shevchuk_valerii_na_poli_smirenomu.fb2.zip</filename>
	<title>Шевчук Валерій. На полі смиреному</title>
</book>
<book>
	<filename>shevchuk_valerii/shevchuk_valerii_ptahi_z_nevidimogo_ostrova.fb2.zip</filename>
	<title>Шевчук Валерій. Птахи з невидимого острова</title>
</book>
<book>
	<filename>shevchuk_valerii/shevchuk_valerii_spovid.fb2.zip</filename>
	<title>Шевчук Валерій. Сповідь</title>
</book>
<book>
	<filename>shevchuk_valerii/shevchuk_valerii_sribne_moloko.fb2.zip</filename>
	<title>Шевчук Валерий Александрович. Срібне молоко</title>
</book>
<book>
	<filename>shevcov_ivan/shevcov_ivan_chto_za_gorizontom.fb2.zip</filename>
	<title>Шевцов Иван. Что за горизонтом?</title>
</book>
<book>
	<filename>shevcov_ivan/shevcov_ivan_goluboi_brilliant.fb2.zip</filename>
	<title>Шевцов Иван. Голубой бриллиант</title>
</book>
<book>
	<filename>shevcov_ivan/shevcov_ivan_grabezh.fb2.zip</filename>
	<title>Шевцов Иван Михайлович. Грабеж</title>
</book>
<book>
	<filename>shevcov_ivan/shevcov_ivan_krah.fb2.zip</filename>
	<title>Шевцов Иван. Крах</title>
</book>
<book>
	<filename>shevelev_vladimir/shevelev_vladimir_chaushesku_i_zolotaya_yera_rumynii.fb2.zip</filename>
	<title>Шевелев Владимир Николаевич. Чаушеску и «золотая эра» Румынии</title>
</book>
<book>
	<filename>shevelev_vladimir/shevelev_vladimir_mao_czyedun_velikii_kormchii.fb2.zip</filename>
	<title>Шевелев Владимир Николаевич. Мао Цзэдун – Великий Кормчий</title>
</book>
<book>
	<filename>shevelev_vladimir/shevelev_vladimir_piramida_iz_dvuh_millionov_cherepov.fb2.zip</filename>
	<title>Шевелев Владимир Николаевич. Пирамида из двух миллионов черепов</title>
</book>
<book>
	<filename>shevelev_vladimir/shevelev_vladimir_utro_augusto_pinocheta.fb2.zip</filename>
	<title>Шевелев Владимир Николаевич. Утро Аугусто Пиночета</title>
</book>
<book>
	<filename>shevi_dzhon/shevi_dzhon_delo_van_meegerena.fb2.zip</filename>
	<title>Шеви Джон. Дело Ван Меегерена</title>
</book>
<book>
	<filename>shevyakova_lidiya/shevyakova_lidiya_duyet.fb2.zip</filename>
	<title>Шевякова Лидия. Дуэт</title>
</book>
<book>
	<filename>shevyakov_timofei/shevyakov_timofei_znamena_i_shtandarty_rossiiskoi_imperatorskoi_armii_konca_xix_nachala_xx_vv.fb2.zip</filename>
	<title>Шевяков Тимофей Николаевич. Знамена и штандарты Российской императорской армии конца XIX — начала XX вв.</title>
</book>
<book>
	<filename>shhiyan_sergei/shhiyan_sergei_angely_terrora.fb2.zip</filename>
	<title>Шхиян Сергей. Ангелы террора</title>
</book>
<book>
	<filename>shhiyan_sergei/shhiyan_sergei_bogi_ne_dremlyut.fb2.zip</filename>
	<title>Шхиян Сергей. Боги не дремлют</title>
</book>
<book>
	<filename>shhiyan_sergei/shhiyan_sergei_carskaya_plennica.fb2.zip</filename>
	<title>Шхиян Сергей. Царская пленница</title>
</book>
<book>
	<filename>shhiyan_sergei/shhiyan_sergei_chernyi_magistr.fb2.zip</filename>
	<title>Шхиян Сергей. Черный Магистр</title>
</book>
<book>
	<filename>shhiyan_sergei/shhiyan_sergei_gibloe_mesto.fb2.zip</filename>
	<title>Шхиян Сергей. Гиблое место</title>
</book>
<book>
	<filename>shhiyan_sergei/shhiyan_sergei_greshnica.fb2.zip</filename>
	<title>Шхиян Сергей. Грешница</title>
</book>
<book>
	<filename>shhiyan_sergei/shhiyan_sergei_kodeks_chesti.fb2.zip</filename>
	<title>Шхиян Сергей. Кодекс чести</title>
</book>
<book>
	<filename>shhiyan_sergei/shhiyan_sergei_krah_dinastii.fb2.zip</filename>
	<title>Шхиян Сергей. Крах династии</title>
</book>
<book>
	<filename>shhiyan_sergei/shhiyan_sergei_kuklovod.fb2.zip</filename>
	<title>Шхиян Сергей. Кукловод</title>
</book>
<book>
	<filename>shhiyan_sergei/shhiyan_sergei_niti_sudby.fb2.zip</filename>
	<title>Шхиян Сергей. Нити судьбы</title>
</book>
<book>
	<filename>shhiyan_sergei/shhiyan_sergei_pokushenie.fb2.zip</filename>
	<title>Шхиян Сергей. Покушение</title>
</book>
<book>
	<filename>shhiyan_sergei/shhiyan_sergei_protivostoyanie.fb2.zip</filename>
	<title>Шхиян Сергей. Противостояние</title>
</book>
<book>
	<filename>shhiyan_sergei/shhiyan_sergei_pryzhok_v_proshloe.fb2.zip</filename>
	<title>Шхиян Сергей. Прыжок в прошлое</title>
</book>
<book>
	<filename>shhiyan_sergei/shhiyan_sergei_samozvanec.fb2.zip</filename>
	<title>Шхиян Сергей. Самозванец</title>
</book>
<book>
	<filename>shhiyan_sergei/shhiyan_sergei_tureckii_yatagan.fb2.zip</filename>
	<title>Шхиян Сергей. Турецкий ятаган</title>
</book>
<book>
	<filename>shhiyan_sergei/shhiyan_sergei_volchya_syt.fb2.zip</filename>
	<title>Шхиян Сергей. Волчья сыть</title>
</book>
<book>
	<filename>shhiyan_sergei/shhiyan_sergei_vremya_besov.fb2.zip</filename>
	<title>Шхиян Сергей. Время Бесов</title>
</book>
<book>
	<filename>shhiyan_sergei/shhiyan_sergei_yurodivyi.fb2.zip</filename>
	<title>Шхиян Сергей. Юродивый</title>
</book>
<book>
	<filename>shhiyan_sergei/shhiyan_sergei_zagovor.fb2.zip</filename>
	<title>Шхиян Сергей. Заговор</title>
</book>
<book>
	<filename>shibanov_viktor/shibanov_viktor_chernaya_troica.fb2.zip</filename>
	<title>Шибанов Виктор. Черная троица</title>
</book>
<book>
	<filename>shidlovskii_dmitrii/shidlovskii_dmitrii_master.fb2.zip</filename>
	<title>Шидловский Дмитрий. Мастер</title>
</book>
<book>
	<filename>shidlovskii_dmitrii/shidlovskii_dmitrii_orden_dalnyaya_doroga.fb2.zip</filename>
	<title>Шидловский Дмитрий. Орден. Дальняя дорога</title>
</book>
<book>
	<filename>shidlovskii_dmitrii/shidlovskii_dmitrii_prorok.fb2.zip</filename>
	<title>Шидловский Дмитрий. Пророк</title>
</book>
<book>
	<filename>shidlovskii_dmitrii/shidlovskii_dmitrii_protivostoyanie.fb2.zip</filename>
	<title>Шидловский Дмитрий. Противостояние</title>
</book>
<book>
	<filename>shidlovskii_dmitrii/shidlovskii_dmitrii_riter.fb2.zip</filename>
	<title>Шидловский Дмитрий. Ритер</title>
</book>
<book>
	<filename>shidlovskii_dmitrii/shidlovskii_dmitrii_samozvancy.fb2.zip</filename>
	<title>Шидловский Дмитрий. Самозванцы</title>
</book>
<book>
	<filename>shidlovskii_dmitrii/shidlovskii_dmitrii_velikii_perelom.fb2.zip</filename>
	<title>Шидловский Дмитрий. Великий перелом</title>
</book>
<book>
	<filename>shidlovskii_dmitrii/shidlovskii_dmitrii_vragi.fb2.zip</filename>
	<title>Шидловский Дмитрий. Враги</title>
</book>
<book>
	<filename>shifman_ilya/shifman_ilya_aleksandr_makedonskii.fb2.zip</filename>
	<title>Шифман Илья Шолеймович. Александр Македонский</title>
</book>
<book>
	<filename>shigin_vladimir/shigin_vladimir_vsadnik_rassveta.fb2.zip</filename>
	<title>Шигин Владимир. Всадник рассвета</title>
</book>
<book>
	<filename>shihi_geil/shihi_geil_vozrastnye_krizisy.fb2.zip</filename>
	<title>Шихи Гейл. Возрастные кризисы</title>
</book>
<book>
	<filename>shilds_marta/shilds_marta_poverit_v_schaste.fb2.zip</filename>
	<title>Шилдс Марта. Поверить в счастье</title>
</book>
<book>
	<filename>shilin_georgii/shilin_georgii_kamo.fb2.zip</filename>
	<title>Шилин Георгий Иванович. Камо</title>
</book>
<book>
	<filename>shillikot_zeb/shillikot_zeb_gorodzapadnya.fb2.zip</filename>
	<title>Шилликот Зеб. Город-западня</title>
</book>
<book>
	<filename>shillikot_zeb/shillikot_zeb_hishnik_dzhag.fb2.zip</filename>
	<title>Шилликот Зеб. Хищник Джаг</title>
</book>
<book>
	<filename>shillikot_zeb/shillikot_zeb_kostyanoe_plemya.fb2.zip</filename>
	<title>Шилликот Зеб. Костяное Племя</title>
</book>
<book>
	<filename>shillikot_zeb/shillikot_zeb_krylatye_lyudi.fb2.zip</filename>
	<title>Шилликот Зеб. Крылатые люди</title>
</book>
<book>
	<filename>shillikot_zeb/shillikot_zeb_lyuditritony.fb2.zip</filename>
	<title>Шилликот Зеб. Люди-тритоны</title>
</book>
<book>
	<filename>shillikot_zeb/shillikot_zeb_osheinik_pozora.fb2.zip</filename>
	<title>Шилликот Зеб. Ошейник позора</title>
</book>
<book>
	<filename>shillikot_zeb/shillikot_zeb_poroshok_zhizni.fb2.zip</filename>
	<title>Шилликот Зеб. Порошок жизни</title>
</book>
<book>
	<filename>shillikot_zeb/shillikot_zeb_raskolotyi_mir.fb2.zip</filename>
	<title>Шилликот Зеб. Расколотый мир</title>
</book>
<book>
	<filename>shilman_alla/shilman_alla_mozhet_byt.fb2.zip</filename>
	<title>Шильман Алла. Может быть</title>
</book>
<book>
	<filename>shilova_yuliya/shilova_yuliya_bazarnoe_schaste.fb2.zip</filename>
	<title>Шилова Юлия. Базарное счастье</title>
</book>
<book>
	<filename>shilova_yuliya/shilova_yuliya_cena_uspeha_ili_zhenshina_v_igre_bez_pravil.fb2.zip</filename>
	<title>Шилова Юлия. Цена успеха, или Женщина в игре без правил</title>
</book>
<book>
	<filename>shilova_yuliya/shilova_yuliya_devushka_iz_sluzhby_907.fb2.zip</filename>
	<title>Шилова Юлия. Девушка из службы «907»</title>
</book>
<book>
	<filename>shilova_yuliya/shilova_yuliya_intriganka_ili_boites_zhenshinu_s_vechnoi_ulybkoi.fb2.zip</filename>
	<title>Шилова Юлия. Интриганка, или Бойтесь женщину с вечной улыбкой</title>
</book>
<book>
	<filename>shilova_yuliya/shilova_yuliya_iskusitelnica_ili_kapkan_dlya_yaltinskogo_zheniha.fb2.zip</filename>
	<title>Шилова Юлия. Искусительница, или Капкан для ялтинского жениха</title>
</book>
<book>
	<filename>shilova_yuliya/shilova_yuliya_ispoved_greshnicy_ili_dvoe_na_krayu_bezdny.fb2.zip</filename>
	<title>Шилова Юлия. Исповедь грешницы, или Двое на краю бездны</title>
</book>
<book>
	<filename>shilova_yuliya/shilova_yuliya_koroleva_otmorozkov.fb2.zip</filename>
	<title>Шилова Юлия. Королева отморозков</title>
</book>
<book>
	<filename>shilova_yuliya/shilova_yuliya_kurortnyi_roman.fb2.zip</filename>
	<title>Шилова Юлия. Курортный роман</title>
</book>
<book>
	<filename>shilova_yuliya/shilova_yuliya_ledi_sterva.fb2.zip</filename>
	<title>Шилова Юлия. Леди Стерва</title>
</book>
<book>
	<filename>shilova_yuliya/shilova_yuliya_likvidator.fb2.zip</filename>
	<title>Шилова Юлия. Ликвидатор</title>
</book>
<book>
	<filename>shilova_yuliya/shilova_yuliya_lyubovnica_na_dvoih.fb2.zip</filename>
	<title>Шилова Юлия. Любовница на двоих</title>
</book>
<book>
	<filename>shilova_yuliya/shilova_yuliya_menyayushaya_mir_ili_menya_zovut_ledi_sterva.fb2.zip</filename>
	<title>Шилова Юлия. Меняющая мир, или Меня зовут Леди Стерва</title>
</book>
<book>
	<filename>shilova_yuliya/shilova_yuliya_mne_k_licu_dazhe_smert.fb2.zip</filename>
	<title>Шилова Юлия. Мне к лицу даже смерть</title>
</book>
<book>
	<filename>shilova_yuliya/shilova_yuliya_nikogda_ne_byvshaya_tvoei.fb2.zip</filename>
	<title>Шилова Юлия. Никогда не бывшая твоей</title>
</book>
<book>
	<filename>shilova_yuliya/shilova_yuliya_ohota_na_muzha2_ili_ostorozhno_razocharovannaya_zhenshina.fb2.zip</filename>
	<title>Шилова Юлия. Охота на мужа-2, или Осторожно: Разочарованная женщина:</title>
</book>
<book>
	<filename>shilova_yuliya/shilova_yuliya_ohota_na_muzha3_ili_terapiya_dlya_odinokih_serdec.fb2.zip</filename>
	<title>Шилова Юлия. Охота на мужа-3 или Терапия для одиноких сердец</title>
</book>
<book>
	<filename>shilova_yuliya/shilova_yuliya_ohota_na_muzha_ili_zagovor_prokaznic.fb2.zip</filename>
	<title>Шилова Юлия. Охота на мужа, или Заговор проказниц</title>
</book>
<book>
	<filename>shilova_yuliya/shilova_yuliya_predsmertnoe_zhelanie_ili_povorot_sudby.fb2.zip</filename>
	<title>Шилова Юлия. Предсмертное желание, или Поворот судьбы</title>
</book>
<book>
	<filename>shilova_yuliya/shilova_yuliya_provincialka_ili_ya_zhenshinaskandal.fb2.zip</filename>
	<title>Шилова Юлия. Провинциалка, или Я — женщина-скандал</title>
</book>
<book>
	<filename>shilova_yuliya/shilova_yuliya_rastoptannoe_schaste_ili_lyubov_pohozhaya_na_ston.fb2.zip</filename>
	<title>Шилова Юлия. Растоптанное счастье, или Любовь, похожая на стон</title>
</book>
<book>
	<filename>shilova_yuliya/shilova_yuliya_razvedena_i_ochen_opasna.fb2.zip</filename>
	<title>Шилова Юлия. Разведена и очень опасна</title>
</book>
<book>
	<filename>shilova_yuliya/shilova_yuliya_rokovaya_noch.fb2.zip</filename>
	<title>Шилова Юлия. Роковая ночь</title>
</book>
<book>
	<filename>shilova_yuliya/shilova_yuliya_sladosti_ada_ili_roman_obmanutoi_zhenshiny.fb2.zip</filename>
	<title>Шилова Юлия. Сладости ада, или Роман обманутой женщины</title>
</book>
<book>
	<filename>shilova_yuliya/shilova_yuliya_sluchainaya_lyubov.fb2.zip</filename>
	<title>Шилова Юлия. Случайная любовь</title>
</book>
<book>
	<filename>shilova_yuliya/shilova_yuliya_trebuyutsya_devushki_dlya_raboty_v_yaponiyu.fb2.zip</filename>
	<title>Шилова Юлия. Требуются девушки для работы в Японию</title>
</book>
<book>
	<filename>shilova_yuliya/shilova_yuliya_tureckaya_lyubov_ili_goryachie_nochi_vostoka.fb2.zip</filename>
	<title>Шилова Юлия. Турецкая любовь, или Горячие ночи Востока</title>
</book>
<book>
	<filename>shilova_yuliya/shilova_yuliya_vo_imya_deneg.fb2.zip</filename>
	<title>Шилова Юлия. Во имя денег</title>
</book>
<book>
	<filename>shilova_yuliya/shilova_yuliya_vorovki.fb2.zip</filename>
	<title>Шилова Юлия. Воровки</title>
</book>
<book>
	<filename>shilova_yuliya/shilova_yuliya_ya_budu_mstit.fb2.zip</filename>
	<title>Шилова Юлия. Я буду мстить</title>
</book>
<book>
	<filename>shilova_yuliya/shilova_yuliya_ya_ubyu_tebya_milyi.fb2.zip</filename>
	<title>Шилова Юлия. Я убью тебя, милый</title>
</book>
<book>
	<filename>shilova_yuliya/shilova_yuliya_zapasnaya_zhena.fb2.zip</filename>
	<title>Шилова Юлия. Запасная жена</title>
</book>
<book>
	<filename>shilova_yuliya/shilova_yuliya_zhenshina_v_kletke_ili_tak_prodolzhatsya_ne_mozhet.fb2.zip</filename>
	<title>Шилова Юлия. Женщина в клетке, или Так продолжаться не может</title>
</book>
<book>
	<filename>shilova_yuliya/shilova_yuliya_zhenskie_igry.fb2.zip</filename>
	<title>Шилова Юлия. Женские игры</title>
</book>
<book>
	<filename>shilova_yuliya/shilova_yuliya_znakomstvo_po_internetu_ili_zhdu_ishu_ohochus.fb2.zip</filename>
	<title>Шилова Юлия. Знакомство по Интернету, или Жду, ищу, охочусь</title>
</book>
<book>
	<filename>shilova_yuliya/shilova_yuliya_zolushka_iz_glubinki_ili_hozyaika_bolshogo_goroda.fb2.zip</filename>
	<title>Шилова Юлия. Золушка из глубинки, или Хозяйка большого города</title>
</book>
<book>
	<filename>shi_maikl/shi_maikl_boginya_za_steklom.fb2.zip</filename>
	<title>Ши Майкл. Богиня за стеклом</title>
</book>
<book>
	<filename>shi_maikl/shi_maikl_gnezdo_gornoi_korolevy.fb2.zip</filename>
	<title>Ши Майкл. Гнездо Горной Королевы</title>
</book>
<book>
	<filename>shi_maikl/shi_maikl_idem_zhe_smertnyi_poishem_ee_dushu.fb2.zip</filename>
	<title>Ши Майкл. Идем же, смертный, поищем ее душу</title>
</book>
<book>
	<filename>shi_maikl/shi_maikl_rybalka_v_more_demonov.fb2.zip</filename>
	<title>Ши Майкл. Рыбалка в море демонов</title>
</book>
<book>
	<filename>shi_maikl/shi_maikl_vosmaya_noga_boga.fb2.zip</filename>
	<title>Ши Майкл. Восьмая нога бога</title>
</book>
<book>
	<filename>shi_maikl/shi_maikl_zhemchuzhiny_korolevyvampira.fb2.zip</filename>
	<title>Ши Майкл. Жемчужины Королевы-Вампира</title>
</book>
<book>
	<filename>shinkaryov_vladimir/shinkaryov_vladimir_domashnii_yozh.fb2.zip</filename>
	<title>Шинкарёв Владимир. Домашний ёж</title>
</book>
<book>
	<filename>shinkaryov_vladimir/shinkaryov_vladimir_mitki.fb2.zip</filename>
	<title>Шинкарёв Владимир. Митьки</title>
</book>
<book>
	<filename>shinkaryov_vladimir/shinkaryov_vladimir_mitkovskie_plyaski.fb2.zip</filename>
	<title>Шинкарёв Владимир. Митьковские пляски</title>
</book>
<book>
	<filename>shinkaryov_vladimir/shinkaryov_vladimir_papuas_iz_gondurasa.fb2.zip</filename>
	<title>Шинкарёв Владимир. Папуас из Гондураса</title>
</book>
<book>
	<filename>shipilov_nikolai/shipilov_nikolai_psalomshik.fb2.zip</filename>
	<title>Шипилов Николай Александрович. Псаломщик</title>
</book>
<book>
	<filename>shirli_dzhon/shirli_dzhon_demony.fb2.zip</filename>
	<title>Ширли Джон. Демоны</title>
</book>
<book>
	<filename>shirli_dzhon/shirli_dzhon_i_prishel_gorod.fb2.zip</filename>
	<title>Ширли Джон. И пришел Город</title>
</book>
<book>
	<filename>shirli_dzhon/shirli_dzhon_polzushie.fb2.zip</filename>
	<title>Ширли Джон. Ползущие</title>
</book>
<book>
	<filename>shi_robert/shi_robert_monah_poslednii_zindzya.fb2.zip</filename>
	<title>Ши Роберт. Монах: последний зиндзя</title>
</book>
<book>
	<filename>shi_robert/shi_robert_monah_vremya_drakonov.fb2.zip</filename>
	<title>Ши Роберт. Монах: время драконов</title>
</book>
<book>
	<filename>shirokorad_aleksandr/shirokorad_aleksandr_severnye_voiny_rossii.fb2.zip</filename>
	<title>Широкорад Александр. Северные войны России</title>
</book>
<book>
	<filename>shirokova_nadezhda/shirokova_nadezhda_mify_keltskih_narodov.fb2.zip</filename>
	<title>Широкова Надежда Сергеевна. Мифы кельтских народов</title>
</book>
<book>
	<filename>shirrefs_gordon/shirrefs_gordon_poezd_iz_ganhilla.fb2.zip</filename>
	<title>Ширрефс Гордон Д. Поезд из Ган-Хилла</title>
</book>

</books>
