﻿<?xml version="1.0" encoding="UTF-8" ?>
<books>

<book>
	<filename>shchadilov_evgenii/shchadilov_evgenii_idealnoe_pitanie.fb2.zip</filename>
	<title>Щадилов Евгений. Идеальное питание</title>
</book>
<book>
	<filename>shchedrovickii_georgii/shchedrovickii_georgii_putevoditel_po_metodologii_organizacii_rukovodstva_i_upravleniya.fb2.zip</filename>
	<title>Щедровицкий Георгий Петрович. Путеводитель по методологии Организации, Руководства и Управления</title>
</book>
<book>
	<filename>shcheglov_aleksei/shcheglov_aleksei_vozvrashenie_bogov.fb2.zip</filename>
	<title>Щеглов Алексей Михайлович. Возвращение богов</title>
</book>
<book>
	<filename>shcheglov_aleksei/shcheglov_aleksei_yazycheskaya_zarya.fb2.zip</filename>
	<title>Щеглов Алексей Михайлович. Языческая заря</title>
</book>
<book>
	<filename>shcheglov_sergei/shcheglov_sergei_chasovoi_armageddona.fb2.zip</filename>
	<title>Щеглов Сергей. Часовой Армагеддона</title>
</book>
<book>
	<filename>shcheglov_sergei/shcheglov_sergei_diplomat_osobogo_naznacheniya.fb2.zip</filename>
	<title>Щеглов Сергей. Дипломат особого назначения</title>
</book>
<book>
	<filename>shcheglov_sergei/shcheglov_sergei_identifikaciya_spruta.fb2.zip</filename>
	<title>Щеглов Сергей. Идентификация Спрута</title>
</book>
<book>
	<filename>shcheglov_sergei/shcheglov_sergei_nachalnik_sudnogo_dnya.fb2.zip</filename>
	<title>Щеглов Сергей. Начальник Судного Дня</title>
</book>
<book>
	<filename>shcheglov_sergei/shcheglov_sergei_razvodyashii_apokalipsisa.fb2.zip</filename>
	<title>Щеглов Сергей. Разводящий Апокалипсиса</title>
</book>
<book>
	<filename>shcheglov_sergei/shcheglov_sergei_ten_spruta.fb2.zip</filename>
	<title>Щеглов Сергей. Тень спрута</title>
</book>
<book>
	<filename>shchegolev_aleksandr/shchegolev_aleksandr_inekciya_straha.fb2.zip</filename>
	<title>Щеголев Александр. Инъекция страха</title>
</book>
<book>
	<filename>shchegolev_aleksandr/shchegolev_aleksandr_noch_navsegda.fb2.zip</filename>
	<title>Щеголев Александр. Ночь навсегда</title>
</book>
<book>
	<filename>shchegolev_aleksandr/shchegolev_aleksandr_svobodnyi_ohotnik.fb2.zip</filename>
	<title>Щеголев Александр. Свободный Охотник</title>
</book>
<book>
	<filename>shchelokov_aleksandr/shchelokov_aleksandr_bosikom_po_goryachim_uglyam.fb2.zip</filename>
	<title>Щелоков Александр. Босиком по горячим углям</title>
</book>
<book>
	<filename>shchelokov_aleksandr/shchelokov_aleksandr_chechenskii_razlom.fb2.zip</filename>
	<title>Щелоков Александр. Чеченский разлом</title>
</book>
<book>
	<filename>shchelokov_aleksandr/shchelokov_aleksandr_chernyi_tribunal.fb2.zip</filename>
	<title>Щелоков Александр. Черный трибунал</title>
</book>
<book>
	<filename>shchelokov_aleksandr/shchelokov_aleksandr_den_dzhihada.fb2.zip</filename>
	<title>Щелоков Александр. День джихада</title>
</book>
<book>
	<filename>shchelokov_aleksandr/shchelokov_aleksandr_generalskie_igry.fb2.zip</filename>
	<title>Щелоков Александр. Генеральские игры</title>
</book>
<book>
	<filename>shchelokov_aleksandr/shchelokov_aleksandr_geroinovye_puli.fb2.zip</filename>
	<title>Щелоков Александр. Героиновые пули</title>
</book>
<book>
	<filename>shchelokov_aleksandr/shchelokov_aleksandr_granata_rgd5.fb2.zip</filename>
	<title>Щелоков Александр. Граната РГД-5</title>
</book>
<book>
	<filename>shchelokov_aleksandr/shchelokov_aleksandr_hren_s_bugra.fb2.zip</filename>
	<title>Щелоков Александр. Хрен с бугра</title>
</book>
<book>
	<filename>shchelokov_aleksandr/shchelokov_aleksandr_krysy_v_gorode.fb2.zip</filename>
	<title>Щелоков Александр. Крысы в городе</title>
</book>
<book>
	<filename>shchelokov_aleksandr/shchelokov_aleksandr_poslednii_soldat_imperii.fb2.zip</filename>
	<title>Щелоков Александр. Последний солдат Империи</title>
</book>
<book>
	<filename>shchelokov_aleksandr/shchelokov_aleksandr_predayut_tolko_svoi.fb2.zip</filename>
	<title>Щелоков Александр. Предают только свои</title>
</book>
<book>
	<filename>shchelokov_aleksandr/shchelokov_aleksandr_strelyayushie_kamni.fb2.zip</filename>
	<title>Щелоков Александр. Стреляющие камни</title>
</book>
<book>
	<filename>shchelokov_aleksandr/shchelokov_aleksandr_unichtozhit_izrail.fb2.zip</filename>
	<title>Щелоков Александр. Уничтожить Израиль</title>
</book>
<book>
	<filename>shchelokov_aleksandr/shchelokov_aleksandr_ya_nachalnik_ty_durak.fb2.zip</filename>
	<title>Щелоков Александр. Я — начальник, ты — дурак</title>
</book>
<book>
	<filename>shchelokov_aleksandr/shchelokov_aleksandr_zhivym_ne_brat.fb2.zip</filename>
	<title>Щелоков Александр. Живым не брать</title>
</book>
<book>
	<filename>shchelokov_aleksandr/shchelokov_aleksandr_zolotoi_vystrel.fb2.zip</filename>
	<title>Щелоков Александр. Золотой выстрел</title>
</book>
<book>
	<filename>shchelokov_aleksandr/shchelokov_aleksandr_zona_zla.fb2.zip</filename>
	<title>Щелоков Александр. Зона зла</title>
</book>
<book>
	<filename>shchemelinin_konstantin/shchemelinin_konstantin_ya.fb2.zip</filename>
	<title>Щемелинин Константин Сергеевич. "Я"</title>
</book>
<book>
	<filename>shchepak_vladimir/shchepak_vladimir_obyknovennoe_porno.fb2.zip</filename>
	<title>Щепак Владимир Карлович. Обыкновенное порно</title>
</book>
<book>
	<filename>shchepetnyov_vasilii/shchepetnyov_vasilii_podlinnaya_istoriya_baskervilskogo_chudovisha.fb2.zip</filename>
	<title>Щепетнёв Василий. Подлинная история Баскервильского Чудовища</title>
</book>
<book>
	<filename>shchepetnyov_vasilii/shchepetnyov_vasilii_sedmaya_chast_tmy.fb2.zip</filename>
	<title>Щепетнёв Василий. Седьмая часть тьмы</title>
</book>
<book>
	<filename>shchepetov_sergei/shchepetov_sergei_plemya_tigra.fb2.zip</filename>
	<title>Щепетов Сергей. Племя Тигра</title>
</book>
<book>
	<filename>shchepetov_sergei/shchepetov_sergei_poslednii_myatezh.fb2.zip</filename>
	<title>Щепетов Сергей. Последний мятеж</title>
</book>
<book>
	<filename>shchepetov_sergei/shchepetov_sergei_praid_sablezuba.fb2.zip</filename>
	<title>Щепетов Сергей. Прайд Саблезуба</title>
</book>
<book>
	<filename>shchepetov_sergei/shchepetov_sergei_rod_volka.fb2.zip</filename>
	<title>Щепетов Сергей. Род волка</title>
</book>
<book>
	<filename>shchepetov_sergei/shchepetov_sergei_sled_kromanonca.fb2.zip</filename>
	<title>Щепетов Сергей. След кроманьонца</title>
</book>

</books>
