﻿<?xml version="1.0" encoding="UTF-8" ?>
<books>
<book>
	<filename>shcherbakov_a/shcherbakov_a_wifi_vse_chto_vy_hoteli_znat_no_boyalis_sprosit.fb2.zip</filename>
	<title>Щербаков А. К. Wi-Fi: Все, что Вы хотели знать, но боялись спросить</title>
</book>
<book>
	<filename>shcherbakova_galina/shcherbakova_galina_aktrisa_i_milicioner.fb2.zip</filename>
	<title>Щербакова Галина Николаевна. Актриса и милиционер</title>
</book>
<book>
	<filename>shcherbakova_galina/shcherbakova_galina_armiya_lyubovnikov.fb2.zip</filename>
	<title>Щербакова Галина Николаевна. Армия любовников</title>
</book>
<book>
	<filename>shcherbakova_galina/shcherbakova_galina_kak_nakrylos_odno_akme.fb2.zip</filename>
	<title>Щербакова Галина Николаевна. Как накрылось одно акме</title>
</book>
<book>
	<filename>shcherbakova_galina/shcherbakova_galina_kostochka_avokado.fb2.zip</filename>
	<title>Щербакова Галина. Косточка авокадо</title>
</book>
<book>
	<filename>shcherbakova_galina/shcherbakova_galina_krovat_molotova.fb2.zip</filename>
	<title>Щербакова Галина Николаевна. Кровать Молотова</title>
</book>
<book>
	<filename>shcherbakova_galina/shcherbakova_galina_malchik_i_devochka.fb2.zip</filename>
	<title>Щербакова Галина Николаевна. Мальчик и девочка</title>
</book>
<book>
	<filename>shcherbakova_galina/shcherbakova_galina_mitina_lyubov.fb2.zip</filename>
	<title>Щербакова Галина Николаевна. Митина любовь</title>
</book>
<book>
	<filename>shcherbakova_galina/shcherbakova_galina_ne_boites_mariya_gansovna_uzhe_skonchalas.fb2.zip</filename>
	<title>Щербакова Галина Николаевна. Не бойтесь! Мария Гансовна уже скончалась</title>
</book>
<book>
	<filename>shcherbakova_galina/shcherbakova_galina_podrobnosti_melkih_chuvstv.fb2.zip</filename>
	<title>Щербакова Галина Николаевна. Подробности мелких чувств</title>
</book>
<book>
	<filename>shcherbakova_galina/shcherbakova_galina_radosti_zhizni.fb2.zip</filename>
	<title>Щербакова Галина Николаевна. Радости жизни</title>
</book>
<book>
	<filename>shcherbakova_galina/shcherbakova_galina_rasskaz_dlya_dimy.fb2.zip</filename>
	<title>Щербакова Галина. Рассказ для Димы</title>
</book>
<book>
	<filename>shcherbakova_galina/shcherbakova_galina_slabyh_neset_veter.fb2.zip</filename>
	<title>Щербакова Галина. Слабых несет ветер</title>
</book>
<book>
	<filename>shcherbakova_galina/shcherbakova_galina_u_nog_lezhachih_zhenshin.fb2.zip</filename>
	<title>Щербакова Галина Николаевна. У ног лежачих женщин</title>
</book>
<book>
	<filename>shcherbakova_galina/shcherbakova_galina_utkomest.fb2.zip</filename>
	<title>Щербакова Галина Николаевна. Уткоместь</title>
</book>
<book>
	<filename>shcherbakova_galina/shcherbakova_galina_vam_i_ne_snilos.fb2.zip</filename>
	<title>Щербакова Галина. Вам и не снилось</title>
</book>
<book>
	<filename>shcherbakova_galina/shcherbakova_galina_voshozhdenie_na_holm_carya_solomona_s_kolyaskoi_i_velosipedom.fb2.zip</filename>
	<title>Щербакова Галина Николаевна. Восхождение на холм царя Соломона с коляской и велосипедом</title>
</book>
<book>
	<filename>shcherbakova_galina/shcherbakova_galina_vse_yeto_sleduet_shit.fb2.zip</filename>
	<title>Щербакова Галина. …Все это следует шить</title>
</book>
<book>
	<filename>shcherbakova_galina/shcherbakova_galina_yokyelyemyenye.fb2.zip</filename>
	<title>Щербакова Галина. Ёкэлэмэнэ</title>
</book>
<book>
	<filename>shcherbakova_galina/shcherbakova_galina_zhenshiny_v_igre_bez_pravil.fb2.zip</filename>
	<title>Щербакова Галина. Женщины в игре без правил</title>
</book>
<book>
	<filename>shcherbakova_l/shcherbakova_l_uroki_krasoty.fb2.zip</filename>
	<title>Щербакова Л. С. Уроки красоты</title>
</book>
<book>
	<filename>shcherbakov_aleksandr/shcherbakov_aleksandr_kulikovskaya_bitva.fb2.zip</filename>
	<title>Щербаков Александр. Куликовская битва</title>
</book>
<book>
	<filename>shcherbakov_aleksandr/shcherbakov_aleksandr_ledovoe_poboishe.fb2.zip</filename>
	<title>Щербаков Александр. Ледовое побоище</title>
</book>
<book>
	<filename>shcherbakov_aleksandr/shcherbakov_aleksandr_sdvig.fb2.zip</filename>
	<title>Щербаков Александр. Сдвиг</title>
</book>
<book>
	<filename>shcherbakov_aleksandr/shcherbakov_aleksandr_zmii.fb2.zip</filename>
	<title>Щербаков Александр. Змий</title>
</book>
<book>
	<filename>shcherbakov_andrei/shcherbakov_andrei_14400_bod_i_19200_yuzerov_i_te_zhe_samye_vsevsevse.fb2.zip</filename>
	<title>Щербаков Андрей Михайлович. 14400 бод и 19200 юзеров, и Те же самые все-все-все…</title>
</book>
<book>
	<filename>shcherbakov_andrei/shcherbakov_andrei_9600_bod_i_vsevsevse.fb2.zip</filename>
	<title>Щербаков Андрей Михайлович. 9600 бод и все-все-все…</title>
</book>
<book>
	<filename>shcherbakov_andrei/shcherbakov_andrei_tri_sisopenka.fb2.zip</filename>
	<title>Щербаков Андрей Михайлович. Три Сисопенка</title>
</book>
<book>
	<filename>shcherbakov_sergei/shcherbakov_sergei_shchenki_i_psy_voiny.fb2.zip</filename>
	<title>Щербаков Сергей Анатольевич. Щенки и псы войны</title>
</book>
<book>
	<filename>shcherbakov_vladimir/shcherbakov_vladimir_asgard_gorod_bogov.fb2.zip</filename>
	<title>Щербаков Владимир Иванович. Асгард — город богов</title>
</book>
<book>
	<filename>shcherbakov_vladimir/shcherbakov_vladimir_veka_troyanovy.fb2.zip</filename>
	<title>Щербаков Владимир. Века Трояновы</title>
</book>
<book>
	<filename>shcherbanenko_dzhordzho/shcherbanenko_dzhordzho_predateli_po_prizvaniyu.fb2.zip</filename>
	<title>Щербаненко Джорджо. Предатели по призванию</title>
</book>
<book>
	<filename>shcherbanenko_dzhordzho/shcherbanenko_dzhordzho_venera_bez_licenzii.fb2.zip</filename>
	<title>Щербаненко Джорджо. Венера без лицензии</title>
</book>
<book>
	<filename>shcherbanenko_dzhordzho/shcherbanenko_dzhordzho_yunye_sadisty.fb2.zip</filename>
	<title>Щербаненко Джорджо. Юные садисты</title>
</book>
<book>
	<filename>shchupov_andrei/shchupov_andrei_donory.fb2.zip</filename>
	<title>Щупов Андрей. Доноры</title>
</book>
<book>
	<filename>shchupov_andrei/shchupov_andrei_gamma_dlya_starsheklassnikov.fb2.zip</filename>
	<title>Щупов Андрей. Гамма для старшеклассников</title>
</book>
<book>
	<filename>shchupov_andrei/shchupov_andrei_holod_maliogonta.fb2.zip</filename>
	<title>Щупов Андрей. Холод Малиогонта</title>
</book>
<book>
	<filename>shchupov_andrei/shchupov_andrei_kosyak.fb2.zip</filename>
	<title>Щупов Андрей. Косяк</title>
</book>
<book>
	<filename>shchupov_andrei/shchupov_andrei_messiya.fb2.zip</filename>
	<title>Щупов Андрей. Мессия</title>
</book>
<book>
	<filename>shchupov_andrei/shchupov_andrei_predatel.fb2.zip</filename>
	<title>Щупов Андрей. Предатель</title>
</book>
<book>
	<filename>shchupov_andrei/shchupov_andrei_put.fb2.zip</filename>
	<title>Щупов Андрей. Путь</title>
</book>
<book>
	<filename>shchupov_andrei/shchupov_andrei_to_chto_huzhe_chumy.fb2.zip</filename>
	<title>Щупов Андрей. То, что хуже чумы</title>
</book>
<book>
	<filename>shchupov_andrei/shchupov_andrei_vertolet.fb2.zip</filename>
	<title>Щупов Андрей. Вертолет</title>
</book>
<book>
	<filename>shchupov_andrei/shchupov_andrei_zabludivshiesya_na_cherdake.fb2.zip</filename>
	<title>Щупов Андрей. Заблудившиеся на чердаке</title>
</book>
<book>
	<filename>shchupov_andrei/shchupov_andrei_zverinyi_krug.fb2.zip</filename>
	<title>Щупов Андрей. Звериный круг</title>
</book>
<book>
	<filename>shchyogolev_aleksandr/shchyogolev_aleksandr_cel_passazhira.fb2.zip</filename>
	<title>Щёголев Александр. Цель пассажира</title>
</book>
<book>
	<filename>shchyogolev_aleksandr/shchyogolev_aleksandr_dozhdik.fb2.zip</filename>
	<title>Щёголев Александр. Дождик</title>
</book>
<book>
	<filename>shchyogolev_aleksandr/shchyogolev_aleksandr_drama_zamknutogo_prostranstva.fb2.zip</filename>
	<title>Щёголев Александр. Драма замкнутого пространства</title>
</book>
<book>
	<filename>shchyogolev_aleksandr/shchyogolev_aleksandr_dvoe_na_doroge.fb2.zip</filename>
	<title>Щёголев Александр. Двое на дороге</title>
</book>
<book>
	<filename>shchyogolev_aleksandr/shchyogolev_aleksandr_glavnyi_vrag.fb2.zip</filename>
	<title>Щёголев Александр. Главный враг</title>
</book>
<book>
	<filename>shchyogolev_aleksandr/shchyogolev_aleksandr_inekciya_straha.fb2.zip</filename>
	<title>Щёголев Александр. Инъекция страха</title>
</book>
<book>
	<filename>shchyogolev_aleksandr/shchyogolev_aleksandr_kak_ya_provel_leto.fb2.zip</filename>
	<title>Щёголев Александр. Как я провел лето</title>
</book>
<book>
	<filename>shchyogolev_aleksandr/shchyogolev_aleksandr_katastrofa.fb2.zip</filename>
	<title>Щёголев Александр. Катастрофа</title>
</book>
<book>
	<filename>shchyogolev_aleksandr/shchyogolev_aleksandr_kto_zval_menya.fb2.zip</filename>
	<title>Щёголев Александр. Кто звал меня?</title>
</book>
<book>
	<filename>shchyogolev_aleksandr/shchyogolev_aleksandr_kuharka.fb2.zip</filename>
	<title>Щёголев Александр. Кухарка</title>
</book>
<book>
	<filename>shchyogolev_aleksandr/shchyogolev_aleksandr_noch_navsegda.fb2.zip</filename>
	<title>Щёголев Александр. Ночь навсегда</title>
</book>
<book>
	<filename>shchyogolev_aleksandr/shchyogolev_aleksandr_pautina.fb2.zip</filename>
	<title>Щёголев Александр. Паутина</title>
</book>
<book>
	<filename>shchyogolev_aleksandr/shchyogolev_aleksandr_pokazaniya_obvinyaemogo.fb2.zip</filename>
	<title>Щёголев Александр. Показания обвиняемого</title>
</book>
<book>
	<filename>shchyogolev_aleksandr/shchyogolev_aleksandr_svobodnyi_ohotnik.fb2.zip</filename>
	<title>Щёголев Александр. Свободный Охотник</title>
</book>

<book>
	<filename>sherbakov_a/sherbakov_a_wifi_vse_chto_vy_hoteli_znat_no_boyalis_sprosit.fb2.zip</filename>
	<title>Щербаков А. К. Wi-Fi: Все, что Вы хотели знать, но боялись спросить</title>
</book>
<book>
	<filename>sherbakova_l/sherbakova_l_uroki_krasoty.fb2.zip</filename>
	<title>Щербакова Л. С. Уроки красоты</title>
</book>
<book>
	<filename>sherbakov_aleksandr/sherbakov_aleksandr_kulikovskaya_bitva.fb2.zip</filename>
	<title>Щербаков Александр. Куликовская битва</title>
</book>
<book>
	<filename>sherbakov_aleksandr/sherbakov_aleksandr_sdvig.fb2.zip</filename>
	<title>Щербаков Александр. Сдвиг</title>
</book>
<book>
	<filename>sherbakov_aleksandr/sherbakov_aleksandr_sud.fb2.zip</filename>
	<title>Щербаков Александр Александрович. Суд</title>
</book>
<book>
	<filename>sherbakov_sergei/sherbakov_sergei_shenki_i_psy_voiny.fb2.zip</filename>
	<title>Щербаков Сергей Анатольевич. Щенки и псы войны</title>
</book>
<book>
	<filename>sherbakov_vladimir/sherbakov_vladimir_asgard_gorod_bogov.fb2.zip</filename>
	<title>Щербаков Владимир. Асгард - город богов</title>
</book>
<book>
	<filename>sherbakov_vladimir/sherbakov_vladimir_veka_troyanovy.fb2.zip</filename>
	<title>Щербаков Владимир. Века Трояновы</title>
</book>
<book>
	<filename>sherbanenko_dzhordzho/sherbanenko_dzhordzho_milancy_ubivayut_po_subbotam.fb2.zip</filename>
	<title>Щербаненко Джорджо. Миланцы убивают по субботам</title>
</book>
<book>
	<filename>sherbanenko_dzhordzho/sherbanenko_dzhordzho_predateli_po_prizvaniyu.fb2.zip</filename>
	<title>Щербаненко Джорджо. Предатели по призванию</title>
</book>
<book>
	<filename>sherbanenko_dzhordzho/sherbanenko_dzhordzho_venera_bez_licenzii.fb2.zip</filename>
	<title>Щербаненко Джорджо. Венера без лицензии</title>
</book>
<book>
	<filename>sherbanenko_dzhordzho/sherbanenko_dzhordzho_yunye_sadisty.fb2.zip</filename>
	<title>Щербаненко Джорджо. Юные садисты</title>
</book>
<book>
	<filename>sherbatyh_yurii/sherbatyh_yurii_dushi_ryzhih.fb2.zip</filename>
	<title>Щербатых Юрий Федорович. Души Рыжих</title>
</book>
<book>
	<filename>sherbatyh_yurii/sherbatyh_yurii_obitel_monstrov.fb2.zip</filename>
	<title>Щербатых Юрий Федорович. Обитель монстров</title>
</book>
<book>
	<filename>sherbatyh_yurii/sherbatyh_yurii_poslednii_vagon_v_rai.fb2.zip</filename>
	<title>Щербатых Юрий Федорович. Последний вагон в рай</title>
</book>
<book>
	<filename>sherbatyh_yurii/sherbatyh_yurii_sluchai_kontrabandy.fb2.zip</filename>
	<title>Щербатых Юрий Федорович. Случай контрабанды</title>
</book>
<book>
	<filename>sherbatyh_yurii/sherbatyh_yurii_strawberry_fields_forever.fb2.zip</filename>
	<title>Щербатых Юрий Федорович. Strawberry Fields Forever</title>
</book>
<book>
	<filename>sherbatyh_yurii/sherbatyh_yurii_tridcat_chetvertyi_mir.fb2.zip</filename>
	<title>Щербатых Юрий Федорович. Тридцать четвертый мир</title>
</book>
<book>
	<filename>sherbatyh_yurii/sherbatyh_yurii_trinadcatyi_dozh_yebissail.fb2.zip</filename>
	<title>Щербатых Юрий Федорович. Тринадцатый Дож Эбисс-Айл</title>
</book>


</books>
