<?xml version="1.0" encoding="UTF-8" ?>
<books>


<book>
	<filename>weber_david/weber_david_a_beautiful_friendship.fb2.zip</filename>
	<title>Weber David. A Beautiful Friendship</title>
</book>
<book>
	<filename>weber_david/weber_david_ashes_of_victory.fb2.zip</filename>
	<title>Weber David. Ashes Of Victory</title>
</book>
<book>
	<filename>weber_david/weber_david_echoes_of_honor.fb2.zip</filename>
	<title>Weber David. Echoes Of Honor</title>
</book>
<book>
	<filename>weber_david/weber_david_field_of_dishonor.fb2.zip</filename>
	<title>Weber David. Field Of Dishonor</title>
</book>
<book>
	<filename>weber_david/weber_david_flag_in_exile.fb2.zip</filename>
	<title>Weber David. Flag In Exile</title>
</book>
<book>
	<filename>weber_david/weber_david_honor_among_enemies.fb2.zip</filename>
	<title>Weber David. Honor Among Enemies</title>
</book>
<book>
	<filename>weber_david/weber_david_in_enemy_hands.fb2.zip</filename>
	<title>Weber David. In Enemy Hands</title>
</book>
<book>
	<filename>weber_david/weber_david_on_basilisk_station.fb2.zip</filename>
	<title>Weber David. On Basilisk Station</title>
</book>
<book>
	<filename>weber_david/weber_david_the_honor_of_the_qween.fb2.zip</filename>
	<title>Weber David. The Honor of the Qween</title>
</book>
<book>
	<filename>weber_david/weber_david_the_shadow_of_saganami.fb2.zip</filename>
	<title>Weber David. The Shadow of Saganami</title>
</book>
<book>
	<filename>weber_david/weber_david_the_short_victorious_war.fb2.zip</filename>
	<title>Weber David. The Short Victorious War</title>
</book>
<book>
	<filename>weber_david/weber_david_the_universe_of_honor_harrington.fb2.zip</filename>
	<title>Weber David. The Universe of Honor Harrington</title>
</book>
<book>
	<filename>weber_david/weber_david_war_of_honor.fb2.zip</filename>
	<title>Weber David. War Of Honor</title>
</book>
<book>
	<filename>weber_david/weber_david_we_few.fb2.zip</filename>
	<title>Weber David. We few</title>
</book>
<book>
	<filename>wheeler_craig/wheeler_craig_the_krone_experiment.fb2.zip</filename>
	<title>Wheeler Craig J. The Krone Experiment</title>
</book>
<book>
	<filename>wilde_oscar/wilde_oscar_the_picture_of_dorian_gray.fb2.zip</filename>
	<title>Wilde Oscar. The Picture of Dorian Gray</title>
</book>


</books>
