<?xml version="1.0" encoding="UTF-8" ?>
<books>

<book>
	<filename>yeggi_leonid/yeggi_leonid_arest.fb2.zip</filename>
	<title> Эгги Леонид. Арест</title>
</book>
<book>
	<filename>yekonomceva_nataliya/yekonomceva_nataliya_master_illyuzii.fb2.zip</filename>
	<title> Экономцева Наталия. Мастер иллюзий</title>
</book>
<book>
	<filename>yeliot_liviya/yeliot_liviya_nevesta_ponevole.fb2.zip</filename>
	<title> Элиот Ливия. Невеста поневоле</title>
</book>
<book>
	<filename>yeliot_liviya/yeliot_liviya_v_obyatiyah_proshlogo.fb2.zip</filename>
	<title> Элиот Ливия. В объятиях прошлого</title>
</book>
<book>
	<filename>yelliot_lora/yelliot_lora_naidi_menya.fb2.zip</filename>
	<title> Эллиот Лора. Найди меня</title>
</book>
<book>
	<filename>yelliot_lora/yelliot_lora_pesni_dozhdei.fb2.zip</filename>
	<title> Эллиот Лора. Песни дождей</title>
</book>
<book>
	<filename>yelliot_lora/yelliot_lora_priglashenie_na_svadbu.fb2.zip</filename>
	<title> Эллиот Лора. Приглашение на свадьбу</title>
</book>
<book>
	<filename>yelliott_stiven/yelliott_stiven_scenarii_dalneishih_vtorzhenii_ssha_oficialnye_dokumenty_pentagona.fb2.zip</filename>
	<title> Эллиотт Стивен. Сценарии дальнейших вторжений США. Официальные документы Пентагона</title>
</book>
<book>
	<filename>yelterrus_iar/yelterrus_iar_bezumie_bardov.fb2.zip</filename>
	<title> Эльтеррус Иар. Безумие Бардов</title>
</book>
<book>
	<filename>yelterrus_iar/yelterrus_iar_bremya_imperatora_navstrechu_sudbe.fb2.zip</filename>
	<title> Эльтеррус Иар. Бремя императора: Навстречу судьбе</title>
</book>
<book>
	<filename>yelterrus_iar/yelterrus_iar_bremya_imperatora_skrytoe_prorochestvo.fb2.zip</filename>
	<title> Эльтеррус Иар. Бремя императора: Скрытое пророчество</title>
</book>
<book>
	<filename>yelterrus_iar/yelterrus_iar_bremya_imperatora_tropoi_masterov.fb2.zip</filename>
	<title> Эльтеррус Иар. Бремя императора: Тропой мастеров</title>
</book>
<book>
	<filename>yelterrus_iar/yelterrus_iar_deti_smercha.fb2.zip</filename>
	<title> Эльтеррус Иар. Дети смерча</title>
</book>
<book>
	<filename>yelterrus_iar/yelterrus_iar_my_budem_osoznanie.fb2.zip</filename>
	<title> Эльтеррус Иар. Мы – будем! Осознание</title>
</book>
<book>
	<filename>yelterrus_iar/yelterrus_iar_my_budem_vybor.fb2.zip</filename>
	<title> Эльтеррус Иар. Мы – будем! Выбор</title>
</book>
<book>
	<filename>yelterrus_iar/yelterrus_iar_my_byli_prizyv.fb2.zip</filename>
	<title> Эльтеррус Иар. Мы – были! Призыв</title>
</book>
<book>
	<filename>yelterrus_iar/yelterrus_iar_my_byli_put.fb2.zip</filename>
	<title> Эльтеррус Иар. Мы – были! Путь</title>
</book>
<book>
	<filename>yelterrus_iar/yelterrus_iar_my_est_chest.fb2.zip</filename>
	<title> Эльтеррус Иар. Мы – есть! Честь</title>
</book>
<book>
	<filename>yelterrus_iar/yelterrus_iar_my_est_vera.fb2.zip</filename>
	<title> Эльтеррус Иар. Мы – есть! Вера</title>
</book>
<book>
	<filename>yelterrus_iar/yelterrus_iar_otzvuki_serebryanogo_vetra_my_budem_vybor.fb2.zip</filename>
	<title> Эльтеррус Иар. Отзвуки серебряного ветра. Мы – будем! Выбор</title>
</book>
<book>
	<filename>yelterrus_iar/yelterrus_iar_otzvuki_serebryanogo_vetra_my_byli_put.fb2.zip</filename>
	<title> Эльтеррус Иар. Отзвуки серебряного ветра. Мы – были! Путь</title>
</book>
<book>
	<filename>yelterrus_iar/yelterrus_iar_otzvuki_serebryanogo_vetra_my_est_vera.fb2.zip</filename>
	<title> Эльтеррус Иар. Отзвуки серебряного ветра. Мы – есть! Вера</title>
</book>
<book>
	<filename>yelterrus_iar/yelterrus_iar_pervyi_zvonok.fb2.zip</filename>
	<title> Эльтеррус Иар. Первый звонок</title>
</book>
<book>
	<filename>yelterrus_iar/yelterrus_iar_raskroi_svoi_krylya.fb2.zip</filename>
	<title> Эльтеррус Иар. Раскрой свои крылья</title>
</book>
<book>
	<filename>yelterrus_iar/yelterrus_iar_serye_pustoshi_zhizni.fb2.zip</filename>
	<title> Эльтеррус Иар. Серые пустоши жизни</title>
</book>
<book>
	<filename>yelterrus_iar/yelterrus_iar_temnyi_dar.fb2.zip</filename>
	<title> Эльтеррус Иар. Темный Дар</title>
</book>
<book>
	<filename>yelterrus_iar/yelterrus_iar_zamok_na_krayu_bezdny.fb2.zip</filename>
	<title> Эльтеррус Иар. Замок на краю бездны</title>
</book>
<book>
	<filename>yelton_ben/yelton_ben_smert_za_steklom.fb2.zip</filename>
	<title> Элтон Бен. Смерть за стеклом</title>
</book>
<book>
	<filename>yemar_gustav/yemar_gustav_chernaya_ptica.fb2.zip</filename>
	<title> Эмар Густав. Черная Птица</title>
</book>
<book>
	<filename>yengelgardt_mihail/yengelgardt_mihail_charlz_darvin_ego_zhizn_i_nauchnaya_deyatelnost.fb2.zip</filename>
	<title> Энгельгардт Михаил Александрович. Чарльз Дарвин. Его жизнь и научная деятельность</title>
</book>
<book>
	<filename>yengels_fridrih/yengels_fridrih_principy_kommunizma.fb2.zip</filename>
	<title> Энгельс Фридрих. Принципы коммунизма</title>
</book>
<book>
	<filename>yengovatova_olga/yengovatova_olga_500_sovetov_sekretaryu.fb2.zip</filename>
	<title> Энговатова Ольга. 500 советов секретарю</title>
</book>
<book>
	<filename>yengovatova_olga/yengovatova_olga_shpargalka_po_istorii_yekonomiki.fb2.zip</filename>
	<title> Энговатова Ольга. Шпаргалка по истории экономики</title>
</book>
<book>
	<filename>yentoni_pirs/yentoni_pirs_bravyi_golem.fb2.zip</filename>
	<title> Энтони Пирс. Бравый голем</title>
</book>
<book>
	<filename>yentoni_pirs/yentoni_pirs_nyek_mech.fb2.zip</filename>
	<title> Энтони Пирс. Нэк Меч</title>
</book>
<book>
	<filename>yentoni_pirs/yentoni_pirs_pyatinozhka_rasskazy.fb2.zip</filename>
	<title> Энтони Пирс. Пятиножка (рассказы)</title>
</book>
<book>
	<filename>yentoni_pirs/yentoni_pirs_var_palka.fb2.zip</filename>
	<title> Энтони Пирс. Вар Палка</title>
</book>
<book>
	<filename>yenyunlyu_natalya/yenyunlyu_natalya_iz_basurmanii_s_lyubovyu.fb2.zip</filename>
	<title> Энюнлю Наталья. Из Басурмании с любовью</title>
</book>
<book>
	<filename>yeppel_olga/yeppel_olga_vas_zaderzhali_chto_delat.fb2.zip</filename>
	<title> Эппель Ольга Петровна. Вас задержали: что делать?</title>
</book>
<book>
	<filename>yestrin_anatolii/yestrin_anatolii_silneishie_zagovory_i_zaklinaniya_dlya_lyubvi_seksa_semeinyh_otnoshenii.fb2.zip</filename>
	<title> Эстрин Анатолий. Сильнейшие заговоры и заклинания для любви, секса, семейных отношений</title>
</book>
<book>
	<filename>yestrin_anatolii/yestrin_anatolii_uchebnik_magii.fb2.zip</filename>
	<title> Эстрин Анатолий. Учебник магии</title>
</book>

</books>
