<?xml version="1.0" encoding="UTF-8" ?>
<books>

<book>
	<filename>yunyazova_olga/yunyazova_olga_cvetok_paporotnika.fb2.zip</filename>
	<title> Юнязова Ольга. Цветок папоротника</title>
</book>
<book>
	<filename>yunyazova_olga/yunyazova_olga_vstrecha_nad_propastyu.fb2.zip</filename>
	<title> Юнязова Ольга. Встреча над пропастью</title>
</book>
<book>
	<filename>yunyazova_olga/yunyazova_olga_yeto_vsego_lish_son.fb2.zip</filename>
	<title> Юнязова Ольга. Это всего лишь сон</title>
</book>
<book>
	<filename>yurev_mihail/yurev_mihail_tretya_imperiya.fb2.zip</filename>
	<title> Юрьев Михаил. Третья империя</title>
</book>
<book>
	<filename>yurev_sergei/yurev_sergei_vechnost_sumerek_vechnost_skitanii.fb2.zip</filename>
	<title> Юрьев Сергей. Вечность сумерек, вечность скитаний</title>
</book>
<book>
	<filename>yurin_denis/yurin_denis_dospehi_iz_cheshui_drakona.fb2.zip</filename>
	<title> Юрин Денис. Доспехи из чешуи дракона</title>
</book>
<book>
	<filename>yurin_denis/yurin_denis_gerkanskii_kaban.fb2.zip</filename>
	<title> Юрин Денис. Герканский кабан</title>
</book>
<book>
	<filename>yurin_denis/yurin_denis_ohota_na_korolya.fb2.zip</filename>
	<title> Юрин Денис. Охота на короля</title>
</book>
<book>
	<filename>yurin_denis/yurin_denis_proklyatie_doma_ortanov.fb2.zip</filename>
	<title> Юрин Денис. Проклятие дома Ортанов</title>
</book>
<book>
	<filename>yurin_denis/yurin_denis_voskreshenie.fb2.zip</filename>
	<title> Юрин Денис. Воскрешение</title>
</book>
<book>
	<filename>yurin_denis/yurin_denis_vremya_mushketov.fb2.zip</filename>
	<title> Юрин Денис. Время мушкетов</title>
</book>
<book>
	<filename>yurskii_sergei/yurskii_sergei_kogo_lyublyu_togo_zdes_net.fb2.zip</filename>
	<title> Юрский Сергей Юрьевич. Кого люблю, того здесь нет</title>
</book>
<book>
	<filename>yuzhina_margarita/yuzhina_margarita_alfons_nechayanno_nagryanet.fb2.zip</filename>
	<title> Южина Маргарита. Альфонс нечаянно нагрянет</title>
</book>
<book>
	<filename>yuzhina_margarita/yuzhina_margarita_banket_s_prodolzheniem_v_zagse.fb2.zip</filename>
	<title> Южина Маргарита. Банкет с продолжением в ЗАГСе</title>
</book>
<book>
	<filename>yuzhina_margarita/yuzhina_margarita_bogat_i_nemnogo_zhenat.fb2.zip</filename>
	<title> Южина Маргарита. Богат и немного женат</title>
</book>
<book>
	<filename>yuzhina_margarita/yuzhina_margarita_byuro_gadkih_uslug.fb2.zip</filename>
	<title> Южина Маргарита. Бюро гадких услуг</title>
</book>
<book>
	<filename>yuzhina_margarita/yuzhina_margarita_dama_nepreklonnogo_vozrasta.fb2.zip</filename>
	<title> Южина Маргарита. Дама непреклонного возраста</title>
</book>
<book>
	<filename>yuzhina_margarita/yuzhina_margarita_ditya_platonicheskoi_lyubvi.fb2.zip</filename>
	<title> Южина Маргарита. Дитя платонической любви</title>
</book>
<book>
	<filename>yuzhina_margarita/yuzhina_margarita_dve_svadby_po_cene_odnoi.fb2.zip</filename>
	<title> Южина Маргарита. Две свадьбы по цене одной</title>
</book>
<book>
	<filename>yuzhina_margarita/yuzhina_margarita_dvulikaya_osoba.fb2.zip</filename>
	<title> Южина Маргарита. Двуликая особа</title>
</book>
<book>
	<filename>yuzhina_margarita/yuzhina_margarita_est_li_zhizn_bez_muzha.fb2.zip</filename>
	<title> Южина Маргарита. Есть ли жизнь без мужа?</title>
</book>
<book>
	<filename>yuzhina_margarita/yuzhina_margarita_homut_da_lyubov.fb2.zip</filename>
	<title> Южина Маргарита. Хомут да любовь</title>
</book>
<book>
	<filename>yuzhina_margarita/yuzhina_margarita_homut_na_lebedinuyu_sheyu.fb2.zip</filename>
	<title> Южина Маргарита. Хомут на лебединую шею</title>
</book>
<book>
	<filename>yuzhina_margarita/yuzhina_margarita_hozyaika_nudistskogo_kluba.fb2.zip</filename>
	<title> Южина Маргарита. Хозяйка нудистского клуба</title>
</book>
<book>
	<filename>yuzhina_margarita/yuzhina_margarita_idealnyi_zhenih.fb2.zip</filename>
	<title> Южина Маргарита. Идеальный жених</title>
</book>
<book>
	<filename>yuzhina_margarita/yuzhina_margarita_ishi_vetra_v_pole.fb2.zip</filename>
	<title> Южина Маргарита. Ищи ветра в поле</title>
</book>
<book>
	<filename>yuzhina_margarita/yuzhina_margarita_koza_na_rolikah.fb2.zip</filename>
	<title> Южина Маргарита. Коза на роликах</title>
</book>
<book>
	<filename>yuzhina_margarita/yuzhina_margarita_lyubov_bez_bashni.fb2.zip</filename>
	<title> Южина Маргарита. Любовь без башни</title>
</book>
<book>
	<filename>yuzhina_margarita/yuzhina_margarita_lyubov_pod_razvesistoi_klyukvoi.fb2.zip</filename>
	<title> Южина Маргарита. Любовь под развесистой клюквой</title>
</book>
<book>
	<filename>yuzhina_margarita/yuzhina_margarita_moya_vtoraya_chetvertinka.fb2.zip</filename>
	<title> Южина Маргарита. Моя вторая четвертинка</title>
</book>
<book>
	<filename>yuzhina_margarita/yuzhina_margarita_muzh_na_vypase.fb2.zip</filename>
	<title> Южина Маргарита. Муж на выпасе</title>
</book>
<book>
	<filename>yuzhina_margarita/yuzhina_margarita_ne_hodite_damy_zamuzh.fb2.zip</filename>
	<title> Южина Маргарита. Не ходите, дамы, замуж!</title>
</book>
<book>
	<filename>yuzhina_margarita/yuzhina_margarita_ne_poiman_ne_muzh.fb2.zip</filename>
	<title> Южина Маргарита. Не пойман – не муж</title>
</book>
<book>
	<filename>yuzhina_margarita/yuzhina_margarita_ostorozhno_damy_otryvayutsya.fb2.zip</filename>
	<title> Южина Маргарита. Осторожно, дамы отрываются</title>
</book>
<book>
	<filename>yuzhina_margarita/yuzhina_margarita_parad_neskromnyh_dekolte.fb2.zip</filename>
	<title> Южина Маргарита. Парад нескромных декольте</title>
</book>
<book>
	<filename>yuzhina_margarita/yuzhina_margarita_parashyut_dlya_utopayushego.fb2.zip</filename>
	<title> Южина Маргарита. Парашют для утопающего</title>
</book>
<book>
	<filename>yuzhina_margarita/yuzhina_margarita_pinok_v_svetloe_budushee.fb2.zip</filename>
	<title> Южина Маргарита. Пинок в светлое будущее</title>
</book>
<book>
	<filename>yuzhina_margarita/yuzhina_margarita_pod_venec_na_avtopilote.fb2.zip</filename>
	<title> Южина Маргарита. Под венец на автопилоте</title>
</book>
<book>
	<filename>yuzhina_margarita/yuzhina_margarita_poka_ne_probili_kuranty.fb2.zip</filename>
	<title> Южина Маргарита. Пока не пробили куранты</title>
</book>
<book>
	<filename>yuzhina_margarita/yuzhina_margarita_ponchik_s_gvozdyami.fb2.zip</filename>
	<title> Южина Маргарита. Пончик с гвоздями</title>
</book>
<book>
	<filename>yuzhina_margarita/yuzhina_margarita_pora_po_babam.fb2.zip</filename>
	<title> Южина Маргарита. Пора по бабам</title>
</book>
<book>
	<filename>yuzhina_margarita/yuzhina_margarita_pozadi_na_lihom_kone.fb2.zip</filename>
	<title> Южина Маргарита. Позади на лихом коне</title>
</book>
<book>
	<filename>yuzhina_margarita/yuzhina_margarita_princessa_v_lopuhah.fb2.zip</filename>
	<title> Южина Маргарита. Принцесса в лопухах</title>
</book>
<book>
	<filename>yuzhina_margarita/yuzhina_margarita_prishel_uvidel_soblaznil.fb2.zip</filename>
	<title> Южина Маргарита. Пришел, увидел, соблазнил</title>
</book>
<book>
	<filename>yuzhina_margarita/yuzhina_margarita_razdacha_muzhei_naseleniyu.fb2.zip</filename>
	<title> Южина Маргарита. Раздача мужей населению</title>
</book>
<book>
	<filename>yuzhina_margarita/yuzhina_margarita_sdaetsya_kvartira_s_muzhchinoi.fb2.zip</filename>
	<title> Южина Маргарита. Сдается квартира с мужчиной</title>
</book>
<book>
	<filename>yuzhina_margarita/yuzhina_margarita_snimat_shtany_i_begat.fb2.zip</filename>
	<title> Южина Маргарита. Снимать штаны и бегать</title>
</book>
<book>
	<filename>yuzhina_margarita/yuzhina_margarita_sokrovishe_staroi_devy.fb2.zip</filename>
	<title> Южина Маргарита. Сокровище старой девы</title>
</book>
<book>
	<filename>yuzhina_margarita/yuzhina_margarita_sozvezdie_farshirovannyh_ryb.fb2.zip</filename>
	<title> Южина Маргарита. Созвездие фаршированных рыб</title>
</book>
<book>
	<filename>yuzhina_margarita/yuzhina_margarita_svadebnyi_marsh_na_balalaike.fb2.zip</filename>
	<title> Южина Маргарита. Свадебный марш на балалайке</title>
</book>
<book>
	<filename>yuzhina_margarita/yuzhina_margarita_svidanie_s_razvratnym_favnom.fb2.zip</filename>
	<title> Южина Маргарита. Свидание с развратным фавном</title>
</book>
<book>
	<filename>yuzhina_margarita/yuzhina_margarita_syshicyzateinicy.fb2.zip</filename>
	<title> Южина Маргарита. Сыщицы-затейницы</title>
</book>
<book>
	<filename>yuzhina_margarita/yuzhina_margarita_tanec_s_grablyami.fb2.zip</filename>
	<title> Южина Маргарита. Танец с граблями</title>
</book>
<book>
	<filename>yuzhina_margarita/yuzhina_margarita_tertyi_kalach_ishet_romovuyu_babu.fb2.zip</filename>
	<title> Южина Маргарита. Тертый калач ищет ромовую бабу</title>
</book>
<book>
	<filename>yuzhina_margarita/yuzhina_margarita_ubei_menya_svoei_lyubovyu.fb2.zip</filename>
	<title> Южина Маргарита. Убей меня своей любовью</title>
</book>
<book>
	<filename>yuzhina_margarita/yuzhina_margarita_ugostite_damu_kavalerom.fb2.zip</filename>
	<title> Южина Маргарита. Угостите даму кавалером</title>
</book>
<book>
	<filename>yuzhina_margarita/yuzhina_margarita_vipuslugi_dlya_zmeyuki.fb2.zip</filename>
	<title> Южина Маргарита. VIP-услуги для змеюки</title>
</book>
<book>
	<filename>yuzhina_margarita/yuzhina_margarita_yarmarka_tsheslavnyh_nevest.fb2.zip</filename>
	<title> Южина Маргарита. Ярмарка тщеславных невест</title>
</book>
<book>
	<filename>yuzhina_margarita/yuzhina_margarita_zakazhi_sebya_sam.fb2.zip</filename>
	<title> Южина Маргарита. Закажи себя сам!</title>
</book>
<book>
	<filename>yuzhin_vladimir/yuzhin_vladimir_kak_izbavitsya_ot_porchi_i_sglaza_primety_oberegi_zagovory_obryady_molitvy.fb2.zip</filename>
	<title> Южин Владимир. Как избавиться от порчи и сглаза. Приметы, обереги, заговоры, обряды, молитвы</title>
</book>

<book>
	<filename>yudin_aleksandr/yudin_aleksandr_novosibirskaya_oblast.fb2.zip</filename>
	<title> Юдин Александр Васильевич. Новосибирская область</title>
</book>
<book>
	<filename>yu_i_klimova_yu/yu_i_klimova_yu_kozha_posle_40.fb2.zip</filename>
	<title> Климова Ю. И. Ю. И. Кожа после 40</title>
</book>
</books>
