"mlid","tid","vid"
"tid","title"
"66","Японская гравюра"
"67","Европейская гравюра XV-XVII"
"68","Модерн"
"63","Allaert Claesz"
"69","Nikolaus Stör"
"73","иллюстрация"
"74","Джон Тенниел"
"75","плакатная графика"
"82","Стейнлен, Теофиль-Александр"
"8","Хьюго Симберг"
"83","Библия Мациевского"
"84","Русская миниатюра"
"85","карикатура"
"86","Манесский кодекс"
"10","Michael Cheval (Михаил Хохлачев)"
"144","Гравюра XVIII-XIX"
"145","Густав Доре"
"147","Ян ван Эйк"
"150","Жан Гранвиль"
"151","Лукас Кранах Старший"
"152","Уильям Хогарт"
"153","художники 16-17 веков"
"154","Лукас Кранах  Младший"
"155","художники 18-19 веков"
"156","Лабурер Жан-Эмиль / Jean-Цmile Laboureur"
"161","Братья Лимбурги"
"171","Jacques Callot"
"139","гравюра"
"tid","vid","name","description","weight"
"4","1","Иван Билибин","ivan_bilibin.jpg","6"
"2","1","Альфонс Муха","alphonse-mucha.jpg_.jpg","2"
"216","5","1912",,"21"
"5","1","Обри Бердслей","berdsley_self.gif","0"
"6","1","Густав Климт","klimt.jpg","1"
"7","1","Уотерхаус","john-william-waterhouse.jpg","0"
"8","1","Симберг","simberg2.jpg","3"
"224","5","1967",,"31"
"10","1","Michael Cheval","m.cheval.jpg","4"
"11","1","Anry Nemo","anry.jpg","3"
"220","5","1989",,"33"
"219","5","США",,"1"
"14","1","художники 15 века","francesco_marmitta_-_virgin_and_child.jpg","0"
"63","1","Allaert Claesz",,"0"
"17","1","Эрте","erte_portrait.jpg","3"
"226","5","абстракция",,"0"
"19","1","Хокусай","hokusai_portrait.jpg","0"
"20","1","Рафал Олбински","rafal_olbinski_foto.jpg","5"
"21","1","Джозеф Лейендекер","220px-jc_leyendecker.jpg
","3"
"22","1","Питер Брейгель Старший","dominicus_lampsonius_-_portrait_of_pieter_bruegel_the_elder.jpg","6"
"23","1","Бальдунг","hans_baldung_self-portrait.jpg","8"
"24","1","Бургкмайр","hans_burgkmair.jpg","11"
"61","1","Амбергер","amberger_christoph.jpg","7"
"64","1","Йорг Брой Младший","breu_jorg_the_elder_1533_portrait_of_a_man.jpg","3"
"58","1","Альбрехт Дюрер","durer.jpg","5"
"59","1","Мартин Шонгауэр","martin_schongauer.jpg","4"
"60","1","Гольциус","451px-hendrikgoltziusportrait.jpg","12"
"83","1","Библия Мациевского","bible_maciejowski_agag_is_brought_to_samuel.jpg","3"
"84","1","Русская миниатюра","drevnerusskaya_miniatyura_p5.jpg","5"
"85","1","карикатура","aubrey_beardsley_mendelson_1896.jpg","61"
"86","1","Манесский кодекс","codex_manesse_423_der_kanzler.jpg","4"
"158","1","художники","j.severini.jpg","69"
"88","1","Вермеер","535px-johannesvermeer_-_de_koppelaarster.jpg","0"
"89","1","Менье",,"2"
"90","1","Комба",,"1"
"91","1","Петер Беренс","peter-behrens-1.jpg","6"
"65","1","Ганс Себальд Бехам","250px-portrait_of_sebald_beham.jpg","2"
"66","1","Японская гравюра","cat_japan_pic09114_w300.jpg","2"
"67","1","Европейская гравюра XV-XVII","nikolaus_stor_1525-1540.jpg","0"
"68","1","Модерн","the-trappistine-1897.jpg","62"
"69","1","Nikolaus Stör","nikolaus_stor_1525-1540.jpg","1"
"72","1","миниатюра","how_alexander_the_great_laid_siege_to_the_town_of_tyre.jpg","23"
"73","1","иллюстрация","alice-37.jpg","53"
"74","1","Джон Тенниел","220px-john_tenniel00.jpg","1"
"75","1","плакатная графика","steinlein-chatnoirt.-a._steynlen_chyornyy_kot._plakat_odnoimyonnogo_kabare.jpg","40"
"77","1","Конструктивизм","ksssrpost_0024.jpg","3"
"78","1","Хольвайн, Людвиг","hohlwein_portrait_2.jpg","5"
"231","1","Юлиус Клингер",,"0"
"80","1","Норман Рокуэлл","norman_rockwall.jpg","4"
"82","1","Стейнлен","steinlengat.jpg","0"
"94","5","стиль",,"37"
"95","5","жанр",,"0"
"96","5","техника",,"63"
"97","5","гравюра",,"0"
"98","5","ксилография",,"4"
"99","5","укиё-э",,"1"
"100","5","миниатюра",,"9"
"101","5","иллюстрация",,"8"
"102","5","плакат",,"10"
"103","5","литография",,"6"
"104","5","карикатура",,"11"
"105","5","модерн",,"12"
"106","5","рисунок",,"2"
"107","5","сецессион",,"15"
"108","5","компьютерная графика","http://ru.wikipedia.org/wiki/%D0%A6%D0%B8%D1%84%D1%80%D0%BE%D0%B2%D0%B0%D1%8F_%D0%B6%D0%B8%D0%B2%D0%BE%D0%BF%D0%B8%D1%81%D1%8C","21"
"109","5","Ар Нуво",,"13"
"110","5","кубизм",,"16"
"111","5","реклама",,"7"
"112","5","живопись",,"1"
"113","5","афиша",,"6"
"114","5","агитация",,"1"
"115","5","Art Deco",,"14"
"116","5","конструктивизм",,"17"
"117","1","Гарри Кларк","photo_harry_clarke.jpg
","2"
"120","5","романтизм",,"7"
"119","5","Возрождение",,"1"
"121","5","символизм",,"8"
"122","5","акварель",,"1"
"123","5","масло",,"0"
"124","5","экспрессионизм",,"11"
"125","5","сюрреализм",,"9"
"126","5","неоклассицизм",,"10"
"129","5","магический реализм","http://ru.wikipedia.org/wiki/%D0%9C%D0%B0%D0%B3%D0%B8%D1%87%D0%B5%D1%81%D0%BA%D0%B8%D0%B9_%D1%80%D0%B5%D0%B0%D0%BB%D0%B8%D0%B7%D0%BC","19"
"128","5","футуризм",,"18"
"130","5","поп-арт",,"20"
"131","5","цифровая живопись","http://ru.wikipedia.org/wiki/%D0%A6%D0%B8%D1%84%D1%80%D0%BE%D0%B2%D0%B0%D1%8F_%D0%B6%D0%B8%D0%B2%D0%BE%D0%BF%D0%B8%D1%81%D1%8C","24"
"132","5","фэнтези",,"5"
"133","1","компьютерная графика","cg-art_3d_012.jpg","48"
"144","1","Гравюра XVIII-XIX",,"1"
"151","1","Лукас Кранах Старший","220px-lucas_cranach_d._a._063.jpg","9"
"136","1","Ютака Кагайя","kagaya_portret_2.jpg","2"
"137","5","3D",,"22"
"138","1","живопись","hey_zhan_dofin_karl_orleanskiy.jpg","30"
"139","1","гравюра","nikolaus_stor_1525-1540.jpg","0"
"140","5","импрессионизм",,"5"
"141","1","фрактальное искусство","satu_oli__spring_in_japan_by_magnusti781.jpg","1"
"142","5","фрактальное искусство",,"23"
"143","1","3D","cg-art_11.jpg","0"
"145","1","Густав Доре","biopic.jpg","0"
"146","1","Ганс Гольбейн Младший","p003.jpg
","10"
"161","1","Братья Лимбурги","06_june.jpg","0"
"148","1","Пляска Смерти",,"0"
"154","1","Лукас Кранах  Младший","220px-lucas_cranach_der_jungere.jpg","1"
"155","1","художники 18-19 веков","cleopatra_1888.jpg","2"
"156","1","Лабурер Жан-Эмиль","jean-emile_laboureur_self.jpg","3"
"157","1","Хроники Жана Фруассара","fruassar_j.-p001..jpg","2"
"160","1","Миниатюры из \"Бабур-наме\"","babur_namah.jpg","1"
"152","1","Уильям Хогарт","william_hogarth_006.jpg","1"
"153","1","художники 16-17 веков","margarita_elizaveta_fon_ansbah-bayroyt_1549.jpg","1"
"150","1","Жан Гранвиль","grandville_jj_selfportrait_02.gif","0"
"149","5","портрет",,"4"
"147","1","Ян ван Эйк","portrait-of-jan-van-eyck-by-lampsonius.jpg","0"
"162","5","шелкография",,"3"
"163","5","сюжет",,"30"
"164","5","Столетняя война",,"5"
"240","5","цветная гравюра",,"0"
"238","5","1583",,"2"
"167","5","Куликовская битва",,"2"
"168","5","Реформация",,"4"
"169","5","Первая мировая война",,"3"
"170","5","офорт",,"5"
"171","1","Жак Калло","jacobus_callot_after_a._van_dyck.jpg","13"
"172","5","маньеризм","https://ru.wikipedia.org/wiki/%D0%9C%D0%B0%D0%BD%D1%8C%D0%B5%D1%80%D0%B8%D0%B7%D0%BC","6"
"173","5","хромолитография",,"2"
"182","5","политическая карикатура",,"0"
"176","5","шарж",,"12"
"177","5","христианские сюжеты",,"1"
"179","5","рококо","https://ru.wikipedia.org/wiki/%D0%A0%D0%BE%D0%BA%D0%BE%D0%BA%D0%BE","4"
"178","5","гротеск",,"2"
"180","1","Иоганн Исайя Нильсон","cartouches_modernes_a_compagnes_par_des_enfans.jpeg","0"
"183","5","классицизм",,"3"
"184","5","изображение",,"16"
"185","5","zoom",,"0"
"186","5","формат",,"1"
"187","5","календарь",,"13"
"188","5","страна",,"19"
"189","5","Россия",,"7"
"190","5","Германия",,"4"
"191","5","Франция",,"8"
"192","5","Италия",,"5"
"193","5","Англия",,"0"
"194","5","Япония",,"9"
"195","5","Китай",,"6"
"196","5","пейзаж",,"3"
"197","5","готика",,"2"
"198","1","Ганс Гольбейн Младший, живопись",,"0"
"200","5","дата завершения",,"76"
"201","5","1883",,"12"
"202","5","1914",,"22"
"203","5","1815",,"10"
"204","5","1634",,"6"
"205","5","1626",,"5"
"206","5","Нидерланды",,"3"
"207","5","1991",,"34"
"208","5","авангард",,"0"
"209","5","1963",,"30"
"210","5","Швеция",,"2"
"211","5","1890",,"15"
"212","5","1551",,"4"
"213","5","1935",,"27"
"214","5","1919",,"23"
"215","5","1955",,"29"
"217","5","1924",,"25"
"218","5","1950",,"28"
"221","5","1998",,"36"
"222","5","2004",,"37"
"223","5","1994",,"35"
"225","5","1974",,"32"
"227","5","1896",,"16"
"228","5","1904",,"17"
"229","5","1909",,"19"
"230","5","1910",,"20"
"232","5","1475",,"0"
"233","5","1723",,"7"
"234","5","1741",,"8"
"235","5","1926",,"26"
"236","5","1908",,"18"
"237","5","1920",,"24"
"239","5","1587",,"3"
"241","5","1766",,"9"
"242","5","1844",,"11"
"243","5","1934",,"1"
"244","5","1888",,"14"
"245","5","1887",,"13"
"246","5","историческая живопись",,"0"
"247","5","1882",,"0"
"tid","parent"
"2","68"
"4","73"
"5","68"
"6","68"
"7","155"
"8","138"
"10","138"
"11","133"
"14","138"
"17","68"
"19","66"
"20","73"
"21","73"
"22","67"
"23","67"
"24","67"
"58","67"
"59","67"
"60","67"
"61","67"
"63","67"
"64","67"
"65","67"
"66","139"
"67","139"
"68","0"
"69","67"
"72","0"
"73","0"
"74","73"
"75","0"
"77","75"
"78","75"
"80","73"
"82","75"
"83","72"
"84","72"
"85","0"
"86","72"
"88","153"
"89","75"
"90","75"
"91","75"
"94","0"
"95","0"
"96","0"
"97","96"
"98","97"
"99","97"
"100","95"
"101","95"
"102","95"
"103","97"
"104","95"
"105","94"
"106","96"
"107","94"
"108","94"
"109","94"
"110","94"
"111","95"
"112","96"
"113","95"
"114","95"
"115","94"
"116","94"
"117","73"
"119","94"
"120","94"
"121","94"
"122","112"
"123","112"
"124","94"
"125","94"
"126","94"
"128","94"
"129","94"
"130","94"
"131","94"
"132","95"
"133","0"
"136","133"
"137","94"
"138","0"
"139","0"
"140","94"
"141","133"
"142","94"
"143","133"
"144","139"
"145","144"
"146","67"
"147","14"
"148","146"
"149","95"
"150","73"
"151","67"
"152","144"
"153","138"
"154","153"
"155","138"
"156","139"
"157","72"
"158","0"
"160","72"
"161","72"
"162","97"
"163","0"
"164","163"
"167","163"
"168","163"
"169","163"
"170","97"
"171","67"
"172","94"
"173","97"
"176","95"
"177","163"
"178","95"
"179","94"
"180","144"
"182","104"
"183","94"
"184","0"
"185","184"
"186","184"
"187","95"
"188","0"
"189","188"
"190","188"
"191","188"
"192","188"
"193","188"
"194","188"
"195","188"
"196","95"
"197","94"
"198","153"
"200","0"
"201","200"
"202","200"
"203","200"
"204","200"
"205","200"
"206","188"
"207","200"
"208","94"
"209","200"
"210","188"
"211","200"
"212","200"
"213","200"
"214","200"
"215","200"
"216","200"
"217","200"
"218","200"
"219","188"
"220","200"
"221","200"
"222","200"
"223","200"
"224","200"
"225","200"
"226","95"
"227","200"
"228","200"
"229","200"
"230","200"
"231","75"
"232","200"
"233","200"
"234","200"
"235","200"
"236","200"
"237","200"
"238","200"
"239","200"
"240","97"
"241","200"
"242","200"
"243","200"
"244","200"
"245","200"
"246","163"
"247","200"
"tid","path"
"136","kagaya_portret_2.jpg"
"nid","vid","tid"
"1","1","206"
"1","1","125"
"1","1","214"
"1","1","106"
"5","5","132"
"5","5","206"
"7","7","2"
"8","8","2"
"9","9","189"
"387","387","150"
"11","11","6"
"12","12","6"
"14","14","7"
"13","13","7"
"15","15","8"
"16","16","8"
"17","17","8"
"18","18","8"
"19","19","8"
"20","20","129"
"21","21","10"
"22","22","11"
"23","23","11"
"24","24","130"
"25","25","130"
"26","26","217"
"27","27","110"
"28","28","110"
"29","29","14"
"365","365","66"
"31","31","112"
"32","32","10"
"33","33","10"
"34","34","10"
"35","35","10"
"36","36","10"
"37","37","10"
"38","38","10"
"39","39","10"
"40","40","10"
"41","41","10"
"42","42","10"
"43","43","10"
"44","44","10"
"45","45","132"
"46","46","132"
"47","47","132"
"48","48","132"
"49","49","219"
"50","50","132"
"51","51","5"
"384","384","150"
"53","53","227"
"54","54","17"
"55","55","17"
"56","56","17"
"55","55","115"
"58","58","17"
"59","59","17"
"60","60","17"
"61","61","17"
"62","62","17"
"63","63","103"
"62","62","115"
"65","65","115"
"66","66","17"
"67","67","17"
"68","68","106"
"69","69","224"
"70","70","189"
"71","71","106"
"72","72","189"
"73","73","19"
"74","74","20"
"75","75","20"
"76","76","20"
"263","263","74"
"395","395","150"
"79","79","21"
"80","80","22"
"81","81","22"
"82","82","22"
"83","83","23"
"84","84","24"
"86","86","58"
"87","87","58"
"88","88","59"
"89","89","60"
"90","90","61"
"91","91","58"
"92","92","58"
"93","93","24"
"395","395","101"
"95","95","4"
"96","96","101"
"97","97","4"
"98","98","2"
"99","99","61"
"100","100","61"
"101","101","61"
"102","102","63"
"103","103","63"
"104","104","64"
"105","105","64"
"106","106","64"
"107","107","64"
"108","108","64"
"109","109","64"
"110","110","64"
"111","111","64"
"112","112","24"
"113","113","24"
"114","114","24"
"115","115","24"
"116","116","24"
"108","108","97"
"106","106","97"
"119","119","65"
"120","120","61"
"121","121","61"
"122","122","97"
"123","123","60"
"124","124","97"
"125","125","97"
"126","126","60"
"127","127","60"
"128","128","97"
"129","129","60"
"130","130","60"
"131","131","59"
"132","132","59"
"133","133","59"
"136","136","63"
"137","137","63"
"138","138","69"
"139","139","67"
"140","140","67"
"141","141","67"
"142","142","67"
"143","143","67"
"144","144","67"
"366","366","66"
"104","104","97"
"147","147","67"
"148","148","63"
"149","149","63"
"150","150","99"
"151","151","66"
"152","152","99"
"153","153","66"
"450","450","72"
"498","498","180"
"421","421","153"
"157","157","72"
"161","161","72"
"162","162","72"
"163","163","72"
"164","164","72"
"165","165","100"
"394","394","150"
"168","168","14"
"169","169","72"
"460","460","145"
"171","171","74"
"172","172","74"
"173","173","74"
"175","175","82"
"176","176","82"
"194","194","68"
"194","194","91"
"177","177","77"
"178","178","102"
"98","98","75"
"377","377","155"
"179","179","74"
"170","170","74"
"394","394","101"
"180","180","74"
"181","181","77"
"182","182","102"
"183","183","116"
"185","185","102"
"185","185","114"
"186","186","77"
"187","187","77"
"188","188","111"
"186","186","75"
"189","189","75"
"189","189","110"
"265","265","5"
"190","190","77"
"191","191","77"
"192","192","77"
"178","178","116"
"194","194","75"
"216","216","103"
"196","196","105"
"196","196","102"
"196","196","75"
"212","212","231"
"216","216","107"
"216","216","190"
"377","377","123"
"377","377","112"
"196","196","68"
"210","210","75"
"202","202","89"
"203","203","113"
"204","204","68"
"204","204","75"
"205","205","102"
"205","205","111"
"206","206","75"
"267","267","5"
"200","200","190"
"207","207","103"
"208","208","78"
"266","266","5"
"209","209","115"
"210","210","110"
"199","199","229"
"211","211","68"
"211","211","231"
"211","211","216"
"212","212","230"
"212","212","105"
"264","264","5"
"213","213","230"
"266","266","85"
"214","214","103"
"257","257","68"
"215","215","107"
"216","216","102"
"216","216","111"
"262","262","190"
"217","217","78"
"9","9","101"
"175","175","75"
"94","94","4"
"220","220","100"
"156","156","83"
"166","166","84"
"154","154","84"
"345","345","141"
"221","221","100"
"257","257","90"
"222","222","100"
"436","436","158"
"223","223","83"
"257","257","75"
"224","224","100"
"255","255","88"
"225","225","100"
"10","10","5"
"52","52","5"
"51","51","101"
"53","53","109"
"77","77","21"
"78","78","21"
"460","460","106"
"460","460","104"
"228","228","85"
"229","229","85"
"230","230","85"
"204","204","102"
"348","348","83"
"450","450","100"
"232","232","86"
"349","349","86"
"253","253","80"
"233","233","100"
"330","330","80"
"352","352","5"
"358","358","148"
"355","355","4"
"342","342","8"
"344","344","143"
"329","329","21"
"358","358","146"
"356","356","17"
"357","357","4"
"357","357","173"
"204","204","111"
"331","331","20"
"353","353","6"
"499","499","180"
"248","248","100"
"249","249","100"
"440","440","100"
"499","499","106"
"438","438","100"
"258","258","68"
"258","258","89"
"259","259","68"
"259","259","75"
"341","341","7"
"261","261","90"
"258","258","75"
"367","367","99"
"145","145","19"
"141","141","97"
"151","151","98"
"151","151","99"
"180","180","101"
"186","186","103"
"186","186","102"
"226","226","108"
"264","264","106"
"264","264","105"
"264","264","101"
"194","194","107"
"194","194","102"
"253","253","101"
"374","374","85"
"269","269","67"
"269","269","97"
"269","269","168"
"228","228","108"
"228","228","101"
"228","228","104"
"266","266","106"
"266","266","105"
"266","266","176"
"266","266","101"
"220","220","72"
"98","98","109"
"98","98","105"
"98","98","102"
"189","189","102"
"189","189","114"
"255","255","112"
"170","170","101"
"171","171","101"
"263","263","101"
"172","172","101"
"179","179","101"
"257","257","103"
"257","257","105"
"257","257","102"
"258","258","103"
"258","258","105"
"258","258","102"
"259","259","103"
"259","259","105"
"259","259","102"
"208","208","213"
"200","200","102"
"200","200","111"
"262","262","102"
"207","207","105"
"207","207","190"
"207","207","102"
"207","207","113"
"214","214","190"
"214","214","102"
"214","214","111"
"209","209","190"
"209","209","102"
"209","209","111"
"215","215","190"
"215","215","102"
"215","215","111"
"217","217","236"
"217","217","103"
"217","217","190"
"199","199","105"
"199","199","190"
"199","199","102"
"213","213","190"
"213","213","102"
"211","211","105"
"211","211","190"
"261","261","105"
"261","261","102"
"202","202","109"
"202","202","102"
"202","202","113"
"177","177","102"
"193","193","77"
"193","193","102"
"193","193","113"
"178","178","77"
"181","181","116"
"181","181","102"
"181","181","114"
"182","182","113"
"182","182","77"
"188","188","102"
"188","188","116"
"188","188","77"
"183","183","102"
"183","183","114"
"183","183","77"
"184","184","77"
"184","184","102"
"184","184","114"
"185","185","116"
"185","185","77"
"175","175","105"
"175","175","102"
"175","175","113"
"186","186","114"
"187","187","116"
"187","187","102"
"187","187","113"
"190","190","116"
"190","190","102"
"190","190","114"
"191","191","116"
"191","191","102"
"191","191","114"
"192","192","116"
"192","192","102"
"192","192","113"
"270","270","117"
"270","270","105"
"270","270","101"
"31","31","14"
"30","30","14"
"29","29","119"
"29","29","112"
"30","30","119"
"254","254","119"
"221","221","83"
"13","13","138"
"14","14","245"
"14","14","123"
"15","15","138"
"15","15","121"
"19","19","121"
"19","19","112"
"18","18","121"
"18","18","112"
"17","17","121"
"17","17","112"
"16","16","122"
"16","16","121"
"16","16","112"
"6","6","125"
"5","5","215"
"54","54","115"
"26","26","123"
"26","26","112"
"28","28","192"
"27","27","124"
"27","27","192"
"20","20","219"
"20","20","132"
"74","74","125"
"24","24","125"
"24","24","219"
"25","25","125"
"25","25","219"
"21","21","125"
"68","68","189"
"71","71","189"
"72","72","132"
"22","22","133"
"22","22","131"
"22","22","108"
"23","23","131"
"23","23","108"
"227","227","108"
"226","226","104"
"145","145","98"
"145","145","97"
"153","153","98"
"153","153","99"
"150","150","98"
"150","150","66"
"152","152","98"
"152","152","66"
"73","73","98"
"73","73","97"
"73","73","99"
"9","9","132"
"203","203","102"
"203","203","75"
"205","205","75"
"205","205","68"
"206","206","102"
"206","206","111"
"189","189","77"
"212","212","190"
"194","194","111"
"165","165","72"
"396","396","150"
"393","393","150"
"272","272","136"
"272","272","133"
"272","272","131"
"272","272","108"
"285","285","131"
"275","275","143"
"275","275","137"
"273","273","136"
"347","347","11"
"273","273","131"
"276","276","143"
"276","276","137"
"276","276","108"
"277","277","138"
"277","277","112"
"278","278","155"
"278","278","112"
"278","278","140"
"30","30","112"
"254","254","112"
"13","13","112"
"15","15","112"
"147","147","139"
"145","145","99"
"49","49","132"
"343","343","10"
"275","275","108"
"281","281","141"
"281","281","142"
"281","281","108"
"282","282","141"
"282","282","133"
"223","223","100"
"232","232","100"
"249","249","72"
"250","250","100"
"155","155","100"
"222","222","83"
"224","224","83"
"225","225","83"
"233","233","86"
"248","248","86"
"252","252","100"
"283","283","143"
"283","283","137"
"286","286","131"
"284","284","143"
"286","286","196"
"285","285","133"
"287","287","145"
"287","287","144"
"514","514","198"
"289","289","145"
"290","290","148"
"290","290","97"
"291","291","148"
"291","291","97"
"292","292","148"
"292","292","97"
"293","293","148"
"293","293","97"
"294","294","148"
"294","294","146"
"295","295","148"
"295","295","97"
"296","296","148"
"296","296","97"
"297","297","148"
"297","297","97"
"298","298","67"
"299","299","66"
"72","72","106"
"301","301","144"
"302","302","139"
"303","303","73"
"304","304","75"
"305","305","85"
"306","306","138"
"307","307","133"
"308","308","72"
"309","309","68"
"28","28","106"
"24","24","112"
"20","20","103"
"85","85","158"
"314","314","19"
"315","315","63"
"316","316","69"
"317","317","65"
"318","318","64"
"319","319","59"
"320","320","58"
"321","321","22"
"322","322","61"
"323","323","23"
"324","324","24"
"325","325","60"
"326","326","74"
"393","393","101"
"328","328","117"
"332","332","82"
"333","333","90"
"334","334","89"
"335","335","77"
"199","199","231"
"337","337","78"
"338","338","91"
"339","339","14"
"340","340","88"
"346","346","136"
"350","350","84"
"354","354","2"
"359","359","155"
"359","359","123"
"359","359","112"
"360","360","14"
"360","360","138"
"360","360","112"
"361","361","14"
"361","361","119"
"362","362","14"
"362","362","123"
"362","362","119"
"363","363","147"
"362","362","112"
"361","361","112"
"168","168","112"
"364","364","153"
"364","364","123"
"365","365","98"
"365","365","97"
"365","365","99"
"366","366","98"
"366","366","97"
"366","366","99"
"367","367","97"
"367","367","194"
"367","367","149"
"294","294","97"
"358","358","97"
"368","368","148"
"369","369","148"
"369","369","97"
"370","370","148"
"370","370","97"
"371","371","148"
"371","371","97"
"372","372","148"
"372","372","97"
"373","373","182"
"373","373","104"
"374","374","182"
"374","374","104"
"375","375","22"
"375","375","97"
"376","376","22"
"376","376","97"
"377","377","126"
"377","377","189"
"377","377","149"
"377","377","201"
"378","378","150"
"379","379","191"
"379","379","104"
"379","379","101"
"380","380","150"
"380","380","101"
"381","381","150"
"381","381","101"
"382","382","150"
"382","382","101"
"383","383","150"
"383","383","101"
"384","384","101"
"385","385","150"
"385","385","101"
"386","386","85"
"386","386","150"
"386","386","101"
"387","387","101"
"388","388","85"
"388","388","150"
"388","388","101"
"388","388","104"
"389","389","150"
"389","389","101"
"390","390","150"
"390","390","101"
"391","391","150"
"391","391","101"
"392","392","150"
"392","392","101"
"393","393","104"
"396","396","101"
"53","53","105"
"53","53","193"
"53","53","101"
"397","397","150"
"397","397","101"
"398","398","85"
"398","398","150"
"398","398","101"
"398","398","104"
"461","461","145"
"399","399","150"
"399","399","101"
"399","399","104"
"400","400","150"
"400","400","101"
"401","401","150"
"401","401","101"
"402","402","150"
"402","402","101"
"403","403","150"
"403","403","101"
"404","404","150"
"404","404","101"
"405","405","150"
"405","405","101"
"461","461","106"
"406","406","150"
"406","406","104"
"407","407","150"
"407","407","101"
"408","408","150"
"408","408","104"
"409","409","150"
"409","409","101"
"409","409","104"
"461","461","104"
"410","410","150"
"410","410","101"
"410","410","104"
"520","520","123"
"411","411","206"
"413","413","151"
"412","412","151"
"412","412","67"
"414","414","152"
"28","28","149"
"415","415","144"
"415","415","233"
"415","415","97"
"287","287","97"
"416","416","234"
"416","416","97"
"416","416","193"
"424","424","154"
"412","412","97"
"417","417","151"
"417","417","123"
"417","417","119"
"417","417","112"
"418","418","151"
"418","418","123"
"418","418","119"
"418","418","112"
"418","418","149"
"419","419","153"
"411","411","149"
"364","364","112"
"417","417","149"
"420","420","153"
"420","420","151"
"420","420","123"
"420","420","119"
"420","420","112"
"421","421","151"
"421","421","123"
"421","421","119"
"421","421","112"
"422","422","154"
"254","254","88"
"423","423","154"
"423","423","123"
"423","423","119"
"423","423","112"
"423","423","149"
"424","424","123"
"424","424","119"
"424","424","112"
"424","424","149"
"425","425","155"
"359","359","126"
"426","426","139"
"426","426","232"
"426","426","98"
"426","426","97"
"426","426","190"
"427","427","67"
"427","427","232"
"428","428","23"
"428","428","98"
"429","429","156"
"430","430","156"
"430","430","97"
"431","431","156"
"431","431","97"
"431","431","110"
"430","430","110"
"432","432","156"
"432","432","97"
"432","432","110"
"433","433","97"
"433","433","110"
"433","433","169"
"439","439","100"
"434","434","157"
"434","434","100"
"441","441","160"
"435","435","157"
"442","442","160"
"442","442","100"
"443","443","160"
"443","443","100"
"444","444","161"
"445","445","112"
"445","445","197"
"496","496","85"
"446","446","112"
"495","495","84"
"447","447","112"
"26","26","126"
"480","480","170"
"498","498","106"
"451","451","158"
"361","361","147"
"362","362","147"
"454","454","4"
"454","454","101"
"265","265","104"
"79","79","101"
"78","78","101"
"77","77","101"
"67","67","115"
"66","66","162"
"66","66","115"
"65","65","162"
"65","65","17"
"63","63","17"
"63","63","115"
"61","61","115"
"60","60","115"
"59","59","115"
"58","58","115"
"56","56","115"
"23","23","132"
"22","22","132"
"44","44","112"
"43","43","112"
"42","42","112"
"41","41","112"
"40","40","112"
"39","39","112"
"38","38","112"
"37","37","112"
"36","36","112"
"35","35","112"
"34","34","112"
"33","33","112"
"32","32","112"
"21","21","112"
"119","119","97"
"107","107","97"
"109","109","97"
"105","105","97"
"138","138","97"
"76","76","112"
"129","129","97"
"128","128","172"
"127","127","97"
"126","126","97"
"125","125","172"
"124","124","172"
"123","123","97"
"122","122","60"
"89","89","97"
"116","116","97"
"115","115","97"
"114","114","97"
"113","113","97"
"112","112","97"
"93","93","97"
"84","84","97"
"69","69","106"
"4","4","106"
"3","3","103"
"2","2","106"
"1","1","132"
"83","83","97"
"121","121","97"
"101","101","97"
"100","100","97"
"99","99","97"
"90","90","97"
"82","82","97"
"81","81","97"
"80","80","97"
"269","269","104"
"433","433","156"
"430","430","169"
"262","262","114"
"455","455","145"
"456","456","145"
"457","457","145"
"457","457","97"
"457","457","101"
"458","458","145"
"459","459","145"
"459","459","106"
"459","459","104"
"459","459","85"
"462","462","145"
"462","462","106"
"462","462","104"
"463","463","106"
"463","463","105"
"463","463","193"
"463","463","101"
"464","464","171"
"128","128","206"
"124","124","60"
"125","125","60"
"465","465","171"
"465","465","170"
"465","465","172"
"465","465","104"
"466","466","85"
"466","466","103"
"466","466","97"
"466","466","104"
"3","3","149"
"96","96","4"
"26","26","192"
"498","498","97"
"498","498","179"
"496","496","189"
"496","496","182"
"496","496","104"
"373","373","85"
"471","471","169"
"471","471","104"
"471","471","101"
"497","497","180"
"472","472","169"
"472","472","104"
"472","472","101"
"497","497","106"
"473","473","169"
"473","473","104"
"473","473","101"
"497","497","170"
"474","474","169"
"474","474","104"
"474","474","101"
"498","498","149"
"475","475","169"
"475","475","104"
"475","475","101"
"497","497","97"
"476","476","169"
"476","476","104"
"476","476","101"
"497","497","179"
"477","477","169"
"477","477","104"
"477","477","101"
"497","497","149"
"478","478","169"
"478","478","104"
"478","478","101"
"479","479","171"
"479","479","170"
"479","479","97"
"479","479","172"
"480","480","97"
"480","480","172"
"480","480","191"
"480","480","204"
"481","481","180"
"500","500","106"
"482","482","190"
"482","482","185"
"482","482","187"
"520","520","112"
"520","520","208"
"483","483","190"
"483","483","185"
"484","484","190"
"500","500","183"
"520","520","189"
"485","485","190"
"500","500","185"
"411","411","153"
"486","486","190"
"500","500","149"
"411","411","205"
"487","487","190"
"499","499","170"
"411","411","123"
"488","488","190"
"499","499","97"
"411","411","112"
"489","489","190"
"499","499","179"
"480","480","171"
"490","490","190"
"499","499","149"
"359","359","191"
"491","491","190"
"495","495","167"
"359","359","203"
"492","492","190"
"495","495","189"
"458","458","85"
"493","493","190"
"487","487","187"
"486","486","187"
"485","485","187"
"484","484","187"
"483","483","187"
"506","506","161"
"505","505","161"
"504","504","161"
"447","447","161"
"446","446","161"
"416","416","104"
"463","463","5"
"500","500","180"
"286","286","133"
"503","503","137"
"503","503","108"
"503","503","193"
"503","503","196"
"503","503","143"
"446","446","197"
"447","447","197"
"447","447","187"
"445","445","187"
"446","446","187"
"446","446","191"
"446","446","100"
"445","445","161"
"501","501","161"
"447","447","191"
"447","447","100"
"445","445","191"
"445","445","100"
"494","494","180"
"504","504","112"
"504","504","197"
"504","504","187"
"504","504","191"
"504","504","100"
"505","505","112"
"505","505","197"
"505","505","187"
"505","505","191"
"505","505","100"
"506","506","112"
"506","506","197"
"506","506","187"
"506","506","191"
"506","506","100"
"507","507","112"
"507","507","197"
"507","507","187"
"507","507","191"
"507","507","100"
"508","508","112"
"508","508","197"
"508","508","187"
"508","508","191"
"508","508","100"
"509","509","112"
"509","509","197"
"509","509","187"
"509","509","191"
"509","509","100"
"510","510","112"
"510","510","197"
"510","510","187"
"510","510","191"
"510","510","100"
"511","511","112"
"511","511","197"
"511","511","187"
"511","511","191"
"511","511","100"
"512","512","112"
"512","512","197"
"512","512","187"
"512","512","191"
"512","512","100"
"514","514","123"
"514","514","112"
"514","514","119"
"288","288","146"
"514","514","193"
"516","516","198"
"514","514","149"
"515","515","198"
"515","515","123"
"515","515","112"
"515","515","119"
"515","515","193"
"515","515","149"
"516","516","123"
"516","516","112"
"516","516","119"
"516","516","190"
"516","516","149"
"517","517","198"
"517","517","123"
"517","517","112"
"517","517","119"
"517","517","193"
"517","517","149"
"518","518","198"
"518","518","123"
"518","518","112"
"518","518","119"
"518","518","193"
"518","518","149"
"519","519","198"
"519","519","123"
"519","519","112"
"519","519","119"
"519","519","193"
"519","519","149"
"513","513","198"
"488","488","187"
"489","489","187"
"490","490","187"
"491","491","187"
"492","492","187"
"493","493","187"
"507","507","161"
"508","508","161"
"509","509","161"
"510","510","161"
"511","511","161"
"512","512","161"
"470","470","85"
"520","520","207"
"520","520","138"
"521","521","158"
"521","521","209"
"521","521","123"
"521","521","112"
"521","521","208"
"521","521","189"
"521","521","132"
"522","522","155"
"522","522","211"
"522","522","112"
"522","522","140"
"522","522","210"
"522","522","196"
"523","523","212"
"523","523","112"
"523","523","172"
"523","523","192"
"523","523","149"
"523","523","153"
"5","5","125"
"5","5","97"
"5","5","103"
"28","28","216"
"27","27","112"
"27","27","218"
"20","20","223"
"50","50","219"
"50","50","220"
"45","45","219"
"46","46","219"
"46","46","103"
"47","47","219"
"47","47","103"
"47","47","222"
"48","48","219"
"48","48","129"
"48","48","103"
"48","48","222"
"49","49","129"
"49","49","103"
"49","49","221"
"49","49","139"
"72","72","220"
"68","68","223"
"70","70","225"
"199","199","113"
"212","212","113"
"213","213","111"
"211","211","102"
"213","213","231"
"336","336","231"
"524","524","231"
"524","524","229"
"524","524","105"
"524","524","190"
"524","524","102"
"525","525","214"
"525","525","190"
"525","525","102"
"525","525","111"
"525","525","231"
"526","526","231"
"526","526","190"
"526","526","102"
"526","526","111"
"426","426","67"
"426","426","59"
"427","427","98"
"427","427","206"
"415","415","193"
"415","415","104"
"415","415","101"
"416","416","144"
"416","416","152"
"415","415","152"
"216","216","235"
"216","216","75"
"216","216","78"
"262","262","169"
"262","262","202"
"262","262","78"
"217","217","102"
"217","217","111"
"214","214","237"
"214","214","78"
"207","207","230"
"207","207","78"
"209","209","103"
"209","209","235"
"209","209","78"
"208","208","190"
"208","208","102"
"208","208","114"
"215","215","216"
"215","215","78"
"200","200","230"
"200","200","78"
"128","128","239"
"128","128","60"
"367","367","98"
"367","367","66"
"493","493","179"
"493","493","170"
"493","493","241"
"492","492","179"
"492","492","170"
"492","492","241"
"491","491","179"
"491","491","170"
"491","491","241"
"490","490","179"
"490","490","170"
"490","490","241"
"489","489","179"
"489","489","170"
"489","489","241"
"488","488","179"
"488","488","170"
"488","488","241"
"487","487","179"
"487","487","170"
"487","487","241"
"486","486","179"
"486","486","170"
"486","486","241"
"485","485","179"
"485","485","170"
"485","485","241"
"484","484","179"
"484","484","170"
"484","484","241"
"483","483","179"
"483","483","170"
"483","483","241"
"482","482","179"
"482","482","170"
"482","482","241"
"379","379","97"
"379","379","242"
"379","379","73"
"379","379","150"
"53","53","73"
"53","53","5"
"9","9","243"
"9","9","73"
"9","9","4"
"14","14","112"
"14","14","120"
"14","14","246"
"14","14","193"
"527","527","7"
"527","527","247"
"527","527","123"
"527","527","112"
"527","527","120"
"527","527","246"
"527","527","193"
"trid","tid1","tid2"
"tsid","tid","name"
"vid","name","description","help","relations","hierarchy","multiple","required","tags","module","weight"
"1","галереи изображений",,,"1","1","1","0","0","taxonomy","0"
"5","info",,,"1","1","1","0","0","taxonomy","0"
