#HEAD{ "name" : "node", "fields" : ["nid","vid","type","language","title","uid","status","created","changed","comment","promote","moderate","sticky","tnid","translate"]}
"1","1","photogallery_image","ru","Life Force, 1919","1","1","1335858040","1491726570","0","1","0","0","0","0"
"2","2","photogallery_image","ru","Мечта (Обыкновенный богомол); Dream (Mantis Religiousa), 1935","1","1","1335884167","1491726470","0","1","0","0","0","0"
"3","3","photogallery_image","ru","Hand with Reflecting Sphere","1","1","1335884665","1491726426","0","1","0","0","0","0"
"4","4","photogallery_image","ru","Относительность, Relativity lattice 1953","1","1","1335885002","1491726435","0","1","0","0","0","0"
"5","5","photogallery_image","ru","Convex and Concave, 1955","1","1","1335968818","1491726630","0","1","0","0","0","0"
"6","6","photogallery_image","ru","Тетраэдрический астероид, Tetrahedral Planetoid","1","1","1335969795","1491726392","0","1","0","0","0","0"
"7","7","photogallery_image","ru","Монахиня трапписткого ордена (The Trappistine), реклама ликера","1","1","1336007280","1440946283","0","1","0","0","0","0"
"8","8","photogallery_image","ru","Winter, 1897","1","1","1336047614","1440946010","0","1","0","0","0","0"
"9","9","photogallery_image","ru","Банник","1","1","1336094611","1491919211","0","1","0","0","0","0"
"10","10","photogallery_image","ru","Обложка журнала \"Савой\" 1895","1","1","1336095323","1439645587","0","1","0","0","0","0"
"11","11","photogallery_image","ru","Девушки с олеандром","1","1","1336096487","1439996650","0","1","0","0","0","0"
"12","12","photogallery_image","ru","Женщина с веером, 1917-1918","1","1","1336096663","1439996490","0","1","0","0","0","0"
"13","13","photogallery_image","ru","Дама из Шалот, 1888","1","1","1336490550","1492004602","0","1","0","0","0","0"
"14","14","photogallery_image","ru","Клеопатра","1","1","1336490679","1492003857","0","1","0","0","0","0"
"15","15","photogallery_image","ru","Раненный Ангел","1","1","1336611495","1492265047","0","1","0","0","0","0"
"16","16","photogallery_image","ru","Сад Смерти (Garden of Death)","1","1","1336611872","1492265132","0","1","0","0","0","0"
"17","17","photogallery_image","ru","Смерть слушает (Kuolema kuuntelee)","1","1","1336612122","1492265393","0","1","0","0","0","0"
"18","18","photogallery_image","ru","Крестьянин и смерть у ворот рая и ада (The Peasant and Death at the Gates of Heaven and Hell)","1","1","1336612454","1492265324","0","1","0","0","0","0"
"19","19","photogallery_image","ru","Река жизни (On the Stream of Life)","1","1","1336613242","1492265187","0","1","0","0","0","0"
"20","20","photogallery_image","ru","Ballet Mistress","1","1","1336651468","1491727695","0","1","0","0","0","0"
"21","21","photogallery_image","ru","Nocturne","1","1","1336663389","1439821755","0","1","0","0","0","0"
"22","22","photogallery_image","ru","Laik","1","1","1336696943","1439735535","0","1","0","0","0","0"
"23","23","photogallery_image","ru","Kargalak","1","1","1336697098","1439735354","0","1","0","0","0","0"
"24","24","photogallery_image","ru","Кристина","1","1","1336697965","1491727439","0","1","0","0","0","0"
"25","25","photogallery_image","ru","Яо, святой - покровитель клоунов","1","1","1336698061","1491727461","0","1","0","0","0","0"
"26","26","photogallery_image","ru","Пьеро-музыкант,Джино Северини, 1924","1","1","1336698958","1491727030","0","1","0","0","0","0"
"27","27","photogallery_image","ru","A dancer","1","1","1336699381","1491727144","0","1","0","0","0","0"
"28","28","photogallery_image","ru","Автопортрет, 1912","1","1","1336700131","1491727084","0","1","0","0","0","0"
"29","29","photogallery_image","ru","Карпаччо Витторе. Портрет рыцаря, 1510","1","1","1336700992","1362107976","0","1","0","0","0","0"
"30","30","photogallery_image","ru","Мармитта Франческо. Мадонна с младенцем, со святыми Бенедиктом и Квентином и двумя ангелами","1","1","1336701518","1362157181","0","1","0","0","0","0"
"31","31","photogallery_image","ru","Стефан Лохнер. Мадонна в беседке из роз, 1440","1","1","1336701865","1357217253","0","1","0","0","0","0"
"32","32","photogallery_image","ru","Колыбельная для героя","1","1","1336745973","1439821566","0","1","0","0","0","0"
"33","33","photogallery_image","ru","Cock'n'Bull Story Tellers","1","1","1336746440","1439821426","0","1","0","0","0","0"
"34","34","photogallery_image","ru","Solitaire of pantomime","1","1","1336746746","1439821282","0","1","0","0","0","0"
"35","35","photogallery_image","ru","On the edge of eternity (Alexandra)","1","1","1336747156","1439820590","0","1","0","0","0","0"
"36","36","photogallery_image","ru","April","1","1","1336747447","1439820361","0","1","0","0","0","0"
"37","37","photogallery_image","ru","Art of Diplomacy","1","1","1336747628","1439738434","0","1","0","0","0","0"
"38","38","photogallery_image","ru","Art of Diplomacy II","1","1","1336747729","1439738201","0","1","0","0","0","0"
"39","39","photogallery_image","ru","Art of Diplomacy III","1","1","1336747831","1439738008","0","1","0","0","0","0"
"40","40","photogallery_image","ru","Daguerreotype Theatre","1","1","1336747995","1439737799","0","1","0","0","0","0"
"41","41","photogallery_image","ru","Definitive Letter","1","1","1336748066","1439737489","0","1","0","0","0","0"
"42","42","photogallery_image","ru","Evolution","1","1","1336748191","1439737009","0","1","0","0","0","0"
"43","43","photogallery_image","ru","Lady of the Instant","1","1","1336748290","1439736584","0","1","0","0","0","0"
"44","44","photogallery_image","ru","Spanish Archer Blues","1","1","1336748529","1439735845","0","1","0","0","0","0"
"45","45","photogallery_image","ru","Sacred fire I","1","1","1336989095","1491727765","0","1","0","0","0","0"
"46","46","photogallery_image","ru","Sacred fire II","1","1","1336989219","1491727808","0","1","0","0","0","0"
"47","47","photogallery_image","ru","Коллекционер колибри","1","1","1336990363","1491727862","0","1","0","0","0","0"
"48","48","photogallery_image","ru","Коллекционер роз","1","1","1336990793","1491727907","0","1","0","0","0","0"
"49","49","photogallery_image","ru","Одиночество Беатриче","1","1","1336991348","1491727964","0","1","0","0","0","0"
"50","50","photogallery_image","ru","Aditi","1","1","1336991654","1491727731","0","1","0","0","0","0"
"51","51","photogallery_image","ru","Фронтиспис к книге \"Удивительные истории Вергилия\"","1","1","1336992631","1368345098","0","1","0","0","0","0"
"52","52","photogallery_image","ru","иллюстрация к комедии нравов «Вольпоне»","1","1","1336992851","1439645640","0","1","0","0","0","0"
"53","53","photogallery_image","ru","Похищение локона","1","1","1336992932","1491919062","0","1","0","0","0","0"
"54","54","photogallery_image","ru","Афина (Athena)","1","1","1337091809","1439733262","0","1","0","0","0","0"
"55","55","photogallery_image","ru","Asian Princess","1","1","1337091977","1439732986","0","1","0","0","0","0"
"56","56","photogallery_image","ru","Ganna Walska in Martha","1","1","1337092221","1439732870","0","1","0","0","0","0"
"58","58","photogallery_image","ru","On The Avenue","1","1","1337092965","1439732459","0","1","0","0","0","0"
"59","59","photogallery_image","ru","Вечер, Soiree","1","1","1337093283","1439732340","0","1","0","0","0","0"
"60","60","photogallery_image","ru","The Golden Cloak","1","1","1337093421","1439732057","0","1","0","0","0","0"
"61","61","photogallery_image","ru","Семь смертных грехов, жадность","1","1","1337093670","1439731884","0","1","0","0","0","0"
"62","62","photogallery_image","ru","Раб","1","1","1337093902","1439731741","0","1","0","0","0","0"
"63","63","photogallery_image","ru","Жа Жа (Жа Жа Га́бор)","1","1","1337094088","1439731454","0","1","0","0","0","0"
"65","65","photogallery_image","ru","American Millionairesse Revisted Suite","1","1","1337094597","1439729259","0","1","0","0","0","0"
"66","66","photogallery_image","ru","Florida (Pearl Dress)","1","1","1337094626","1439728114","0","1","0","0","0","0"
"67","67","photogallery_image","ru","Emerald Night","1","1","1337094655","1439725757","0","1","0","0","0","0"
"68","68","photogallery_image","ru","Египетские пирамиды внутри готического храма","1","1","1337266330","1491728355","0","1","0","0","0","0"
"69","69","photogallery_image","ru","Спект­раль­ные последова­тель­ности и дифференциалы","1","1","1337266567","1491728263","0","1","0","0","0","0"
"70","70","photogallery_image","ru","Дискретные группы, порожденные отражениями","1","1","1337266898","1491728463","0","1","0","0","0","0"
"71","71","photogallery_image","ru","Поверхность уровня сложной гладкой функции","1","1","1337267142","1491728306","0","1","0","0","0","0"
"72","72","photogallery_image","ru","Пространственная задача многих тел в небесной механике","1","1","1337267314","1491728188","0","1","0","0","0","0"
"73","73","photogallery_image","ru","Большая волна в Канагаве","1","1","1337268573","1441375793","0","1","0","0","0","0"
"74","74","photogallery_image","ru","...где получить такие гляделки (where_you_got_those_peepers)","1","1","1337348949","1440947283","0","1","0","0","0","0"
"75","75","photogallery_image","ru","Polish posters combat on paper","1","1","1337349284","1440946926","0","1","0","0","0","0"
"76","76","photogallery_image","ru","Вифлеемская звезда","1","1","1337349417","1440946758","0","1","0","0","0","0"
"77","77","photogallery_image","ru","Была ночь перед Рождеством (Twas The Night Before Christmas)","1","1","1337350221","1454734918","0","1","0","0","0","0"
"78","78","photogallery_image","ru","Обложка журнала «The Saturday Evening Post»","1","1","1337350935","1439724659","0","1","0","0","0","0"
"79","79","photogallery_image","ru","Great War Victory,  Illustration for The Saturday Evening Post","1","1","1337351903","1439724438","0","1","0","0","0","0"
"80","80","photogallery_image","ru","Осел в школе","1","1","1337391018","1441468038","0","1","0","0","0","0"
"81","81","photogallery_image","ru","Two fools of the carnival","1","1","1337391193","1441467829","0","1","0","0","0","0"
"82","82","photogallery_image","ru","Two fools of the carnival 2","1","1","1337391378","1441467651","0","1","0","0","0","0"
"83","83","photogallery_image","ru","Мария с младенцем на травяной скамье","1","1","1337391942","1441464501","0","1","0","0","0","0"
"84","84","photogallery_image","ru","Три языческих героя: Гектор, Александр и Цезарь","1","1","1337392450","1441035404","0","1","0","0","0","0"
"85","85","book","ru","masters","1","1","1337414877","1491728583","0","0","0","0","0","0"
"86","86","photogallery_image","ru","Смерть и ландскнехт","1","1","1337587111","1492266699","0","1","0","0","0","0"
"87","87","photogallery_image","ru","Дама и ландскнехт","1","1","1337587273","1492266651","0","1","0","0","0","0"
"88","88","photogallery_image","ru","Женщина с тюрбаном","1","1","1337610848","1344263792","0","1","0","0","0","0"
"89","89","photogallery_image","ru","Cолдат, серия \"Офицеры и солдаты\"","1","1","1337611130","1441033604","0","1","0","0","0","0"
"90","90","photogallery_image","ru","Landsknecht, 1525-30","1","1","1337611815","1441466912","0","1","0","0","0","0"
"91","91","photogallery_image","ru","Бичевание Христа (серия Страсти из Альбертины)","1","1","1338121350","1492266594","0","1","0","0","0","0"
"92","92","photogallery_image","ru","Крестьяне на рынке","1","1","1338121856","1492266527","0","1","0","0","0","0"
"93","93","photogallery_image","ru","Вильгефортис, Либерата,  Стойкая Дева","1","1","1338123344","1441035189","0","1","0","0","0","0"
"94","94","photogallery_image","ru","\"Царевна-лягушка\", Сказки избы, 1931 г.","1","1","1338123938","1439638047","0","1","0","0","0","0"
"95","95","photogallery_image","ru","Сказки избы 1931 г.","1","1","1338124061","1439637853","0","1","0","0","0","0"
"96","96","photogallery_image","ru","Русалка","1","1","1338124933","1448118838","0","1","0","0","0","0"
"97","97","photogallery_image","ru","Кикимора","1","1","1338125624","1439637442","0","1","0","0","0","0"
"98","98","photogallery_image","ru","афиша к спектаклю театра Сары Бернар \"Жисмонда\", 1894","1","1","1338649183","1440945848","0","1","0","0","0","0"
"99","99","photogallery_image","ru","Christoph Amberger Landsknecht 1525-30","1","1","1343569104","1441466619","0","1","0","0","0","0"
"100","100","photogallery_image","ru","Christoph Amberger. Landsknecht, 1525-30","1","1","1343569642","1441466299","0","1","0","0","0","0"
"101","101","photogallery_image","ru","Christoph Amberger Landsknecht 1525-30","1","1","1343570052","1441466042","0","1","0","0","0","0"
"102","102","photogallery_image","ru","A dancing couple with Death playing a xylophone","1","1","1343571711","1344758278","0","1","0","0","0","0"
"103","103","photogallery_image","ru","Allaert Claesz The Dance of Death","1","1","1343573154","1343573358","0","1","0","0","0","0"
"104","104","photogallery_image","ru","Jorg Breu II,Landsknecht,1525-1547","1","1","1343657276","1440869866","0","1","0","0","0","0"
"105","105","photogallery_image","ru","Landsknecht ","1","1","1343658018","1440869667","0","1","0","0","0","0"
"106","106","photogallery_image","ru","Landsknecht 3","1","1","1343658391","1440869451","0","1","0","0","0","0"
"107","107","photogallery_image","ru","Landsknecht 4","1","1","1343658752","1440869166","0","1","0","0","0","0"
"108","108","photogallery_image","ru","\"Catchment Emperor Charles V at Augsburg\" Nine knights and gentlemen","1","1","1343659136","1440868820","0","1","0","0","0","0"
"109","109","photogallery_image","ru","Catchment_Emperor_Charles_V_at_Augsburg_2","1","1","1343659542","1440868530","0","1","0","0","0","0"
"110","110","photogallery_image","ru","\"Catchment Emperor Charles V at Augsburg\" Four prince surrounded by six servants","1","1","1343659789","1440868367","0","1","0","0","0","0"
"111","111","photogallery_image","ru","Die Lebensalter des Mannes","1","1","1343660085","1440868407","0","1","0","0","0","0"
"112","112","photogallery_image","ru","Landsknecht 1","1","1","1343742595","1441034991","0","1","0","0","0","0"
"113","113","photogallery_image","ru","Landsknecht 2","1","1","1343743121","1441034859","0","1","0","0","0","0"
"114","114","photogallery_image","ru","Landsknecht 3","1","1","1343743333","1441034611","0","1","0","0","0","0"
"115","115","photogallery_image","ru","Maximilian I. (linke Bildhälfte) und Ritter Florian Waldauf (links neben Maximilian)","1","1","1343743669","1441034310","0","1","0","0","0","0"
"116","116","photogallery_image","ru","Matthäus Marschalk von Pappenheim, WLB Stuttgart Cod. Donaueschingen 590 S. 2","1","1","1343744351","1441034097","0","1","0","0","0","0"
"455","455","book","ru","История крестовых походов","1","1","1446631212","1446631287","2","0","0","0","0","0"
"119","119","photogallery_image","ru","The Year’s End","1","1","1343831549","1440513444","0","1","0","0","0","0"
"120","120","photogallery_image","ru","Landsknecht 2","1","1","1343831957","1441465682","0","1","0","0","0","0"
"121","121","photogallery_image","ru","Landsknecht 3","1","1","1343832226","1448291567","0","1","0","0","0","0"
"122","122","photogallery_image","ru","Пикинер, серия \"Офицеры и солдаты\"","1","1","1344136071","1441033319","0","1","0","0","0","0"
"123","123","photogallery_image","ru","Мушкетер, серия \"Офицеры и солдаты\"","1","1","1344138045","1441033030","0","1","0","0","0","0"
"124","124","photogallery_image","ru","Portrait of Josina Hamels","1","1","1344139217","1447251240","0","1","0","0","0","0"
"125","125","photogallery_image","ru","Portrait of Jacques de la Faille","1","1","1344140855","1447251277","0","1","0","0","0","0"
"126","126","photogallery_image","ru","A Sergeant, from the series Twelve Officers and Soldiers","1","1","1344141860","1441032425","0","1","0","0","0","0"
"127","127","photogallery_image","ru","Pictor et Sculptor","1","1","1344142334","1441032292","0","1","0","0","0","0"
"128","128","photogallery_image","ru","Gunner","1","1","1344148638","1491745226","0","1","0","0","0","0"
"129","129","photogallery_image","ru","казначей","1","1","1344260148","1441031905","0","1","0","0","0","0"
"130","130","photogallery_image","ru","A fool holding a staff","1","1","1344262090","1441031714","0","1","0","0","0","0"
"131","131","photogallery_image","ru","A Foolish Virgin","1","1","1344264189","1344347869","0","1","0","0","0","0"
"132","132","photogallery_image","ru","The Fifth Foolish Virgin","1","1","1344346350","1344432780","0","1","0","0","0","0"
"133","133","photogallery_image","ru","Дерущиеся подмастерья","1","1","1344433411","1344433545","0","1","0","0","0","0"
"134","134","frontpage","ru","main_page","1","1","1344521682","1364561369","0","0","0","0","0","0"
"135","135","page","ru","page_list_galleries","1","1","1344523076","1344523076","0","0","0","0","0","0"
"136","136","photogallery_image","ru","Сокольничий, его жена и смерть","1","1","1344606679","1344607059","0","1","0","0","0","0"
"137","137","photogallery_image","ru","Пара со смертью, играющей на барабане","1","1","1344607728","1344608177","0","1","0","0","0","0"
"138","138","photogallery_image","ru","Nikolaus Stör, A captain and two foot soldiers","1","1","1344662152","1440514884","0","1","0","0","0","0"
"139","139","photogallery_image","ru","Master of the Martyrdom of the Ten Thousand, 1460-1500","1","1","1344668385","1351088303","0","1","0","0","0","0"
"140","140","photogallery_image","ru","Master of the Martyrdom of the Ten Thousand, 1460-1500","1","0","1344668743","1405826188","0","0","0","0","0","0"
"141","141","photogallery_image","ru","Master ES","1","1","1344669227","1357216823","0","1","0","0","0","0"
"142","142","photogallery_image","ru","Jost Amman","1","1","1344669555","1344669662","0","1","0","0","0","0"
"143","143","photogallery_image","ru","Master of the Banderoles","1","0","1344671000","1405826159","0","0","0","0","0","0"
"144","144","photogallery_image","ru","Peter Flotner, Landsknecht Gall from Unterwalden","1","1","1344671289","1344755337","0","1","0","0","0","0"
"145","145","photogallery_image","ru","Четвертый месяц: День рождения Будды","1","1","1344752351","1441375555","0","1","0","0","0","0"
"456","456","book","ru","Божественная комедия","1","1","1446632299","1446634499","2","0","0","0","0","0"
"147","147","photogallery_image","ru","Master S. St Dominic and St Catherine of Sienna","1","1","1344755075","1357303288","0","1","0","0","0","0"
"148","148","photogallery_image","ru","Death dressed as a fool pursuing a couple","1","1","1344757583","1344757711","0","1","0","0","0","0"
"149","149","photogallery_image","ru","Death as a nobleman leading away a woman","1","1","1344758763","1344758868","0","1","0","0","0","0"
"150","150","photogallery_image","ru","Танцовщица, Тории Киёнобу I, 1708","1","1","1344761685","1357224758","0","1","0","0","0","0"
"151","151","photogallery_image","ru","The Actors Ichikawa Ebizō And Nakamura Denkurō And Ichikawa Yaozō","1","1","1344865525","1357224588","0","1","0","0","0","0"
"152","152","photogallery_image","ru","The actor Ichikawa Ebizō in the role of Kinzaemon Yorikata","1","1","1344989988","1357224840","0","1","0","0","0","0"
"153","153","photogallery_image","ru","Isoda Koryusai. Ogiya-uchi Nanakoshi","1","1","1345386998","1357224671","0","1","0","0","0","0"
"154","154","photogallery_image","ru","Аргонавт Язон убивает дракона, стерегущего золотое руно","1","1","1349828676","1439049133","0","1","0","0","0","0"
"155","155","photogallery_image","ru","Cantigas de Santa Maria. Minstrels with a rebec and a lute ","1","1","1349828836","1438968443","0","1","0","0","0","0"
"156","156","photogallery_image","ru","Сцена из Библии Мациевского","1","1","1349879758","1351435668","0","1","0","0","0","0"
"157","157","photogallery_image","ru","Richard III Foundation presents","1","0","1349879914","1351271404","0","1","0","0","0","0"
"158","158","book","ru","service","1","1","1350189148","1439101163","0","0","0","0","0","0"
"161","161","photogallery_image","ru","Как Александр Великий осадил город Тир","1","1","1350260412","1351259334","2","1","0","0","0","0"
"162","162","photogallery_image","ru","De casibus (BNF Fr. 232), second quarter of the 15th century","1","0","1350311757","1351271480","0","1","0","0","0","0"
"163","163","photogallery_image","ru","Death of Mark, Romance of the Round Table","1","0","1350312027","1351271455","0","1","0","0","0","0"
"164","164","photogallery_image","ru","Works of Mercy- Clothing the beggar, from an altarpiece by Master S.H","1","1","1350312195","1357217104","0","1","0","0","0","0"
"165","165","photogallery_image","ru","Jacobus de Theramo - Belial, 1473. Angry devils before the Lord","1","1","1350312383","1357227456","0","1","0","0","0","0"
"166","166","photogallery_image","ru","Весенние полевые работы","1","1","1350346630","1351435696","0","1","0","0","0","0"
"167","167","test_page","ru","test imagecashe","1","1","1350478016","1350478310","0","1","0","0","0","0"
"168","168","photogallery_image","ru","jean_fouquet_-1_anes_sorel_v_oblike_bogomateri","1","1","1350479169","1362107915","0","1","0","0","0","0"
"169","169","photogallery_image","ru","francais_49_fol._85v_alexandre_ordonnant_des_executions","1","0","1350519707","1351271430","0","1","0","0","0","0"
"170","170","photogallery_image","ru","Alice-01","1","1","1350605615","1440950319","0","1","0","0","0","0"
"171","171","photogallery_image","ru","Болванщик","1","1","1350605715","1440950004","0","1","0","0","0","0"
"172","172","photogallery_image","ru","Белый Кролик","1","1","1350605824","1440949777","0","1","0","0","0","0"
"173","173","photogallery_image","ru","Карты","1","1","1350605900","1356480425","0","1","0","0","0","0"
"174","174","page","ru","Список материалов с изображениями для перемещения","1","1","1350649366","1357302801","0","0","0","0","0","0"
"175","175","photogallery_image","ru","Т.-А. Стейнлен «Чёрный кот»","1","1","1350659227","1440338208","0","1","0","0","0","0"
"176","176","photogallery_image","ru","Steinlen. Mothu et Doria","1","1","1350659373","1440338030","0","1","0","0","0","0"
"177","177","photogallery_image","ru","Родченко А., Маяковский В. Лучших сосок не было и нет","1","1","1350661310","1357127179","0","1","0","0","0","0"
"178","178","photogallery_image","ru","Плакат \"Карандаши Мосполиграф\"","1","1","1350661632","1357127912","0","1","0","0","0","0"
"179","179","photogallery_image","ru","Through the Looking Glass","1","1","1350730733","1440949573","2","1","0","0","0","0"
"180","180","photogallery_image","ru","Through the Looking Glass, 25","1","1","1350731502","1440949387","2","1","0","0","0","0"
"181","181","photogallery_image","ru","Лисицкий Л.\"Клином красным, бей белых\"","1","1","1350738155","1357128173","2","1","0","0","0","0"
"182","182","photogallery_image","ru","Родченко А. Афиша \"Киноглаз\"","1","1","1350738518","1357128335","2","1","0","0","0","0"
"183","183","photogallery_image","ru","Шасс-Кобелев. Ленин и электрофикация","1","1","1350738765","1357128663","2","1","0","0","0","0"
"184","184","photogallery_image","ru","Клуцис Г., Сенькин С., \"Актив учись. Иди за советом в ячейку\"","1","1","1350738912","1357128828","2","1","0","0","0","0"
"185","185","photogallery_image","ru","Сенькин С. \"Роль передового борца может выполнить только партия\"","1","1","1350739082","1357128968","2","1","0","0","0","0"
"186","186","photogallery_image","ru","Дейнека А. \"Даешь\"","1","1","1350739513","1357216902","2","1","0","0","0","0"
"187","187","photogallery_image","ru","Прусаков Н., Борисов Г. \"Путешествие на Марс\"","1","1","1350739671","1357130755","2","1","0","0","0","0"
"188","188","photogallery_image","ru","Зеленский А. Лучшая для обуви паста \"Штоко\"","1","1","1350739778","1357128466","2","1","0","0","0","0"
"189","189","photogallery_image","ru","Лебедев В. В. Работать надо - винтовка рядом","1","1","1350741066","1357227180","2","1","0","0","0","0"
"190","190","photogallery_image","ru","Да здравствует гений всемирных чудес","1","1","1350741281","1491744395","0","1","0","0","0","0"
"191","191","photogallery_image","ru","Бурба Ж. Кооперация","1","1","1350741387","1357131826","2","1","0","0","0","0"
"192","192","photogallery_image","ru","Нашествие Наполеона, афиша, Ходасевич В.М., 1931","1","1","1350741990","1357132388","2","1","0","0","0","0"
"193","193","photogallery_image","ru","афиша фильма \"Не для денег родившийся\", 1918","1","1","1350742162","1357127790","2","1","0","0","0","0"
"194","194","photogallery_image","ru","AEG electric lamp poster, Peter Behrens, 1907","1","1","1350742722","1439996891","2","1","0","0","0","0"
"196","196","photogallery_image","ru","Advertising in The Sun gives the best results","1","1","1350742894","1355752592","2","1","0","0","0","0"
"199","199","photogallery_image","ru","Turkish Festival in Berlin ","1","1","1350743514","1491735121","0","1","0","0","0","0"
"200","200","photogallery_image","ru","Реклама чая Марко Поло, Людвиг Холвейн","1","1","1350743601","1491744527","0","1","0","0","0","0"
"202","202","photogallery_image","ru","Concerts Ysaye, Henri Meunier","1","1","1350743766","1440260763","2","1","0","0","0","0"
"203","203","photogallery_image","ru","афиша к выступлениям певицы Эжени Бюффе, Люсьен Метиве","1","1","1350743872","1357226350","2","1","0","0","0","0"
"204","204","photogallery_image","ru","Адольфо Хоэнштайн, реклама путешествий между Англией и Бельгией","1","1","1350743938","1357225797","2","1","0","0","0","0"
"205","205","photogallery_image","ru","Реклама алкоголя \"Cordial campari\"","1","1","1350744024","1357226626","2","1","0","0","0","0"
"206","206","photogallery_image","ru","«Цеппелин». Рекламный плакат,  1913, Генрих Хёних","1","1","1350744095","1357227026","2","1","0","0","0","0"
"207","207","photogallery_image","ru","Richard Strauss. Woche, Ludwig Hohlwein","1","1","1350792810","1491744156","2","1","0","0","0","0"
"208","208","photogallery_image","ru","To join the  league of German girls, Ludwig Hohlwein, 1935","1","1","1350794038","1491744307","0","1","0","0","0","0"
"209","209","photogallery_image","ru","Sudana, Ludwig Hohlwein","1","1","1350794167","1491744219","2","1","0","0","0","0"
"210","210","photogallery_image","ru","Афиша фильма \"Метрополис\", Эдвард Макнайт Кауффер","1","1","1350796693","1355664302","2","1","0","0","0","0"
"211","211","photogallery_image","ru","Galerie der moden, 1912, Julius Klinger","1","1","1350798814","1491735037","2","1","0","0","0","0"
"212","212","photogallery_image","ru","Klinger. Zoologischer garten. Berlin","1","1","1350799370","1491735085","2","1","0","0","0","0"
"213","213","photogallery_image","ru","Julius Klinger, Adler Turf Cigarette, 1910","1","1","1350799470","1491735061","2","1","0","0","0","0"
"214","214","photogallery_image","ru","Ludwig Hohlwein, Riquet Pralinen Tea, 1920","1","1","1350800377","1491744060","0","1","0","0","0","0"
"215","215","photogallery_image","ru","Реклама автомобиля Audi, Людвиг Холвейн","1","1","1350802086","1491744473","0","1","0","0","0","0"
"216","216","photogallery_image","ru","Marco Polo Tea China, Hohlwein, Ludwig","1","1","1350802718","1491743593","2","1","0","0","0","0"
"217","217","photogallery_image","ru","Kunstgewerbehaus, Gebrueder Wollweber","1","1","1350803322","1491743940","0","1","0","0","0","0"
"218","218","page","ru","закладки","1","1","1351086533","1491722375","2","0","0","0","0","0"
"219","219","book","ru","unsort","1","1","1351123526","1491719376","2","0","0","0","0","0"
"220","220","photogallery_image","ru","фламандская миниатюра, XV","1","1","1351259014","1355560914","2","1","0","0","0","0"
"221","221","photogallery_image","ru","Agag is brought to Samuel","1","1","1351261434","1357217841","2","1","0","0","0","0"
"222","222","photogallery_image","ru","A Levite and his wife are generously entertained","1","1","1351262816","1357407596","2","1","0","0","0","0"
"223","223","photogallery_image","ru","Рождение сына Давида и Вирсавии","1","1","1351263149","1438968872","2","1","0","0","0","0"
"224","224","photogallery_image","ru","Barak attacks Sisera","1","1","1351264311","1357407708","2","1","0","0","0","0"
"225","225","photogallery_image","ru","Saul destroys Nahash and the Ammonites","1","1","1351268319","1357407817","2","1","0","0","0","0"
"226","226","photogallery_image","ru","Business lunch","1","1","1351306223","1446982114","2","1","0","0","0","0"
"227","227","photogallery_image","ru","Golf","1","1","1351306310","1446982148","2","1","0","0","0","0"
"228","228","photogallery_image","ru","peintre","1","1","1351306434","1357223846","2","1","0","0","0","0"
"229","229","photogallery_image","ru","axe","1","0","1351306496","1352548123","2","1","0","0","0","0"
"230","230","photogallery_image","ru","Gold fish","1","0","1351306558","1351309807","2","1","0","0","0","0"
"349","349","termin_img","ru","Манесский кодекс","1","1","1360491497","1360491497","0","1","0","0","0","0"
"232","232","photogallery_image","ru","Codex Manesse, 6_Kaiser Heinrich","1","1","1351314093","1438968841","2","1","0","0","0","0"
"233","233","photogallery_image","ru","Codex Manesse. 423_Der Kanzler","1","1","1351315130","1357408003","2","1","0","0","0","0"
"348","348","termin_img","ru","Библия Мациевского","1","1","1360491322","1360491322","0","1","0","0","0","0"
"330","330","termin_img","ru","Норман Рокуэлл","1","1","1360468733","1454226461","0","1","0","0","0","0"
"352","352","termin_img","ru","Обри Бердслей","1","1","1360493446","1439306913","0","1","0","0","0","0"
"355","355","termin_img","ru","Иван Билибин","1","1","1360493976","1439723409","0","1","0","0","0","0"
"342","342","termin_img","ru","Симберг","1","1","1360484705","1439307034","0","1","0","0","0","0"
"344","344","termin_img","ru","3D","1","1","1360485629","1360485629","0","1","0","0","0","0"
"329","329","termin_img","ru","Лейендекер","1","1","1360468401","1439723787","0","1","0","0","0","0"
"358","358","photogallery_image","ru","Countess and Death. 1524-1538","1","1","1360849356","1439822814","2","1","0","0","0","0"
"356","356","termin_img","ru","Эрте","1","1","1360494102","1439725082","0","1","0","0","0","0"
"357","357","photogallery_image","ru","Русская правда","1","1","1360677525","1448119884","2","1","0","0","0","0"
"248","248","photogallery_image","ru","Herr Walther von Klingen","1","1","1351334936","1357408114","2","1","0","0","0","0"
"249","249","photogallery_image","ru","Карл Великий и сарацины.  Иллюстрация из «Больших французских хроник»","1","1","1351337760","1357407233","2","1","0","0","0","0"
"250","250","photogallery_image","ru","Музыканты. Миниатюра из рукописи XI в","1","1","1351434405","1438968405","2","1","0","0","0","0"
"351","351","termin_img","ru","Cantigas de Santa Maria","1","1","1360491888","1360491888","0","1","0","0","0","0"
"252","252","photogallery_image","ru","Король Кастилии Альфонсо","1","1","1351435914","1438968665","2","1","0","0","0","0"
"253","253","photogallery_image","ru","Boulevard Haussmann, обложка журнала Saturday Evening Post, 1932","1","1","1352013819","1439634545","2","1","0","0","0","0"
"254","254","photogallery_image","ru","Ян Вермеер Дельфтский. Девушка с жемчужной серёжкой","1","1","1352296468","1439569558","2","1","0","0","0","0"
"255","255","photogallery_image","ru","Бокал вина","1","1","1352296675","1439568753","2","1","0","0","0","0"
"257","257","photogallery_image","ru","Gilbert Combaz, За золотым руном","1","1","1352380729","1440337281","2","1","0","0","0","0"
"258","258","photogallery_image","ru","Кофе Раджа, Менье","1","1","1352382266","1440260279","2","1","0","0","0","0"
"259","259","photogallery_image","ru","Henri Privat-Livemont","1","1","1352383486","1438967914","2","1","0","0","0","0"
"341","341","termin_img","ru","Уотерхаус","1","1","1360484138","1439515510","0","1","0","0","0","0"
"261","261","photogallery_image","ru","Gilbert Combaz_The free aesthetic","1","1","1352384602","1440337129","2","1","0","0","0","0"
"262","262","photogallery_image","ru","Red Cross Collection, Ludwig Hohlwein, 1914","1","1","1352386178","1491743736","0","1","0","0","0","0"
"263","263","photogallery_image","ru","Герцогиня","1","1","1352548803","1440949206","2","1","0","0","0","0"
"264","264","photogallery_image","ru","Обри Бердслей, виньетка для издания «Bon-Mots», 1","1","1","1352640785","1491314529","2","1","0","0","0","0"
"265","265","photogallery_image","ru","Бердслей, \"Сплетни\"","1","1","1352641506","1448123682","2","1","0","0","0","0"
"266","266","photogallery_image","ru","Портрет Ф.Мендельсона. Рисунок для ж. Савой, 1896","1","1","1352642099","1491314578","2","1","0","0","0","0"
"267","267","photogallery_image","ru","Vignette2","1","1","1352642673","1491314492","2","1","0","0","0","0"
"268","268","book","ru","clear_content","1","1","1352812736","1353839632","2","0","0","0","0","0"
"269","269","photogallery_image","ru","Ego sum Papa ( I am the Pope )","1","1","1355184733","1491744851","0","1","0","0","0","0"
"270","270","photogallery_image","ru","Королева, иллюстрация к сказкам Шарля Перро","1","1","1357141657","1440947541","2","1","0","0","0","0"
"393","393","photogallery_image","ru","Китайские болванчики (судья, генерал, леди)","1","1","1368621701","1439574654","0","1","0","0","0","0"
"272","272","photogallery_image","ru","Безмятежность, серия \"Небесное путешествие\", Ютака Кагайя","1","1","1357244937","1439995983","2","1","0","0","0","0"
"273","273","photogallery_image","ru","\"Breezes with Stars\", серия \"Тихая звездная ночь\", Ютака Кагайя","1","1","1357245370","1439995871","2","1","0","0","0","0"
"347","347","termin_img","ru","Anry Nemo","1","1","1360486356","1439306940","0","1","0","0","0","0"
"275","275","photogallery_image","ru","CG-art, img_001","1","1","1357298147","1441537738","2","1","0","0","0","0"
"276","276","photogallery_image","ru","COAST of SILENCE by Nick Markellov","1","1","1357298572","1441536464","2","1","0","0","0","0"
"277","277","photogallery_image","ru","Ken Shortwell","1","1","1357299567","1491026198","2","1","0","0","0","0"
"278","278","photogallery_image","ru","Балерины в голубом, Эдгар Дега, 1893","1","1","1357302585","1405835383","2","1","0","0","0","0"
"343","343","termin_img","ru","Michael Cheval","1","1","1360485205","1439821826","0","1","0","0","0","0"
"303","303","termin_img","ru","иллюстрация","1","1","1360428727","1490972838","0","1","0","0","0","0"
"281","281","photogallery_image","ru","Satu Oli, Весна в Японии","1","1","1357400313","1357401818","2","1","0","0","0","0"
"282","282","photogallery_image","ru","Nathan Smith, Compass of the_soul, version 2","1","1","1357401623","1357401699","2","1","0","0","0","0"
"283","283","photogallery_image","ru","Falling Crystalloid, Futuristic_Illustrations","1","1","1357409372","1441537907","2","1","0","0","0","0"
"284","284","photogallery_image","ru","Одиночество, Андрей Бобир, 2008","1","1","1357474812","1441534371","2","1","0","0","0","0"
"285","285","photogallery_image","ru","Gang by Kutty Sark","1","1","1357476020","1357482404","2","1","0","0","0","0"
"286","286","photogallery_image","ru","Dominic Davison, Newtown Harbour","1","1","1357481597","1454227938","2","1","0","0","0","0"
"287","287","photogallery_image","ru","Густав Доре.Вступление крестоносцев в Константинополь","1","1","1360157467","1446631331","2","1","0","0","0","0"
"288","288","termin_img","ru","Ганс Гольбейн Младший","1","1","1360282671","1491022408","0","1","0","0","0","0"
"289","289","termin_img","ru","Густав Доре","1","1","1360380145","1446631249","0","1","0","0","0","0"
"290","290","photogallery_image","ru","Arts and Death. 1524-1538","1","1","1360398846","1362497873","2","1","0","0","0","0"
"291","291","photogallery_image","ru","Astronomer and Death. 1524-1538","1","1","1360400035","1362498016","2","1","0","0","0","0"
"292","292","photogallery_image","ru","Bishop and Death. 1524-1538","1","1","1360400748","1362497932","2","1","0","0","0","0"
"293","293","photogallery_image","ru","Blanket and Death. 1524-1538","1","1","1360401456","1362497972","2","1","0","0","0","0"
"294","294","photogallery_image","ru","Cardinal and Death. 1524-26--1538","1","1","1360401884","1439822945","2","1","0","0","0","0"
"295","295","photogallery_image","ru","Chancellor and Death. 1524-1538","1","1","1360402231","1362498074","2","1","0","0","0","0"
"296","296","photogallery_image","ru","Child and Death. 1524-1538","1","1","1360402660","1362498136","2","1","0","0","0","0"
"297","297","photogallery_image","ru","Count and Death. 1524-1538","1","1","1360402969","1362498106","2","1","0","0","0","0"
"298","298","termin_img","ru","Европейская гравюра XV-XVII","1","1","1360426510","1360426510","0","1","0","0","0","0"
"299","299","termin_img","ru","Японская гравюра","1","1","1360426880","1360426880","0","1","0","0","0","0"
"300","300","termin_img","ru","Майкл Паркес","1","1","1360427076","1439823696","0","1","0","0","0","0"
"301","301","termin_img","ru","Гравюра XVIII-XIX","1","1","1360427269","1360427269","0","1","0","0","0","0"
"302","302","termin_img","ru","гравюра","1","1","1360427422","1490972943","0","1","0","0","0","0"
"304","304","termin_img","ru","плакатная графика","1","1","1360428866","1490972531","0","1","0","0","0","0"
"305","305","termin_img","ru","карикатура","1","1","1360459739","1490972763","0","1","0","0","0","0"
"306","306","termin_img","ru","живопись","1","1","1360460488","1490972877","0","1","0","0","0","0"
"307","307","termin_img","ru","компьютерная графика","1","1","1360460706","1490972856","0","1","0","0","0","0"
"308","308","termin_img","ru","миниатюра","1","1","1360460890","1490972921","0","1","0","0","0","0"
"309","309","termin_img","ru","Модерн","1","1","1360460986","1439428531","0","1","0","0","0","0"
"310","310","termin_img","ru","Эшер","1","1","1360461751","1439306760","0","1","0","0","0","0"
"311","311","termin_img","ru","Джино Северини","1","1","1360461894","1439306692","0","1","0","0","0","0"
"312","312","termin_img","ru","Марк Райден","1","1","1360461982","1439307406","0","1","0","0","0","0"
"313","313","termin_img","ru","Анатолий Фоменко","1","1","1360462076","1439307436","0","1","0","0","0","0"
"314","314","termin_img","ru","Хокусай","1","1","1360462202","1439307462","0","1","0","0","0","0"
"315","315","termin_img","ru","Allaert Claesz","1","1","1360462506","1439307487","0","1","0","0","0","0"
"316","316","termin_img","ru","Nikolaus Stör","1","1","1360462865","1439307512","0","1","0","0","0","0"
"317","317","termin_img","ru","Ганс Себальд Бехам","1","1","1360463820","1439307534","0","1","0","0","0","0"
"318","318","termin_img","ru","Йорг Брой Младший","1","1","1360464452","1439307661","0","1","0","0","0","0"
"319","319","termin_img","ru","Мартин Шонгауэр","1","1","1360464771","1439307582","0","1","0","0","0","0"
"320","320","termin_img","ru","Альбрехт Дюрер","1","1","1360464868","1439307558","0","1","0","0","0","0"
"321","321","termin_img","ru","Питер Брейгель Старший","1","1","1360465386","1439307606","0","1","0","0","0","0"
"322","322","termin_img","ru","Амбергер","1","1","1360465765","1439307630","0","1","0","0","0","0"
"323","323","termin_img","ru","Бальдунг","1","1","1360466533","1439307685","0","1","0","0","0","0"
"324","324","termin_img","ru","Бургкмайр","1","1","1360466838","1439307708","0","1","0","0","0","0"
"325","325","termin_img","ru","Гольциус","1","1","1360467391","1439307729","0","1","0","0","0","0"
"326","326","termin_img","ru","Джон Тенниел","1","1","1360467597","1439307300","0","1","0","0","0","0"
"328","328","termin_img","ru","Гарри Кларк","1","1","1360468131","1439476836","0","1","0","0","0","0"
"331","331","termin_img","ru","Рафал Олбински","1","1","1360469042","1439307253","0","1","0","0","0","0"
"332","332","termin_img","ru","Стейнлен","1","1","1360477332","1439307227","0","1","0","0","0","0"
"333","333","termin_img","ru","Комба, Жильбер","1","1","1360477772","1439307200","0","1","0","0","0","0"
"334","334","termin_img","ru","Генри Менье","1","1","1360477947","1440260558","0","1","0","0","0","0"
"335","335","termin_img","ru","Конструктивизм","1","1","1360479444","1360479444","0","1","0","0","0","0"
"336","336","termin_img","ru","Клингер, Юлиус","1","1","1360479832","1491738100","0","1","0","0","0","0"
"337","337","termin_img","ru","Хольвайн, Людвиг","1","1","1360480477","1439306615","0","1","0","0","0","0"
"338","338","termin_img","ru","Петер Беренс","1","1","1360480683","1439477379","0","1","0","0","0","0"
"339","339","termin_img","ru","художники 15 века","1","1","1360481038","1362157141","0","1","0","0","0","0"
"340","340","termin_img","ru","Вермеер","1","1","1360482022","1439307088","0","1","0","0","0","0"
"345","345","termin_img","ru","фрактальное искусство","1","1","1360485982","1360485982","0","1","0","0","0","0"
"346","346","termin_img","ru","Ютака Кагайя","1","1","1360486137","1439477281","0","1","0","0","0","0"
"350","350","termin_img","ru","Русская миниатюра","1","1","1360491625","1360491625","0","1","0","0","0","0"
"353","353","termin_img","ru","Густав Климт","1","1","1360493554","1439306863","0","1","0","0","0","0"
"354","354","termin_img","ru","Альфонс Муха","1","1","1360493744","1439306887","0","1","0","0","0","0"
"359","359","photogallery_image","ru","Martin Drolling. Interior of a Kitchen","1","1","1362061751","1491717179","2","1","0","0","0","0"
"360","360","photogallery_image","ru","Жан Хэй, Дофин Карл Орлеанский, 1480-1500","1","1","1362062809","1362066183","2","1","0","0","0","0"
"361","361","photogallery_image","ru","Ян ван Эйк. Мадонна канцлера Ролена","1","1","1362063792","1439569608","2","1","0","0","0","0"
"362","362","photogallery_image","ru","Ян ван Эйк Портрет четы Арнольфини, 1434","1","1","1362064424","1439569641","2","1","0","0","0","0"
"363","363","termin_img","ru","Ян ван Эйк","1","1","1362064849","1439306642","0","1","0","0","0","0"
"364","364","photogallery_image","ru","Лебрен Шарль, Канцлер Сегье, 1661","1","1","1362156611","1405833441","2","1","0","0","0","0"
"365","365","photogallery_image","ru","Утагава (Андо) Хиросигэ.15-я станция Канбара. Снег вечером","1","1","1362236225","1362236276","2","1","0","0","0","0"
"366","366","photogallery_image","ru","Утагава Тоёкуни, Nakamura Nosio the second performs the dance, 1796","1","1","1362238723","1362239093","2","1","0","0","0","0"
"367","367","photogallery_image","ru","Utagawa Kunisada II","1","1","1362316797","1492264074","0","1","0","0","0","0"
"368","368","termin_img","ru","Пляска Смерти","1","1","1362498726","1362498845","0","1","0","0","0","0"
"369","369","photogallery_image","ru","Abbess and Death","1","1","1362499692","1362499784","2","1","0","0","0","0"
"370","370","photogallery_image","ru","Abbot and Death as bishop","1","1","1362500273","1362500317","2","1","0","0","0","0"
"371","371","photogallery_image","ru","Duchess and Death","1","1","1362500707","1362500739","2","1","0","0","0","0"
"372","372","photogallery_image","ru","Duke and Death","1","1","1362501087","1362501125","2","1","0","0","0","0"
"373","373","photogallery_image","ru","Карикатура на Муссолини","1","1","1364563386","1452321801","2","1","0","0","0","0"
"374","374","photogallery_image","ru","Разыскиваемый в Праге, Адольф Хоффмайстер, 40-е гг.","1","1","1364563983","1452321707","2","1","0","0","0","0"
"375","375","photogallery_image","ru","The Witch of Malleghem,1559","1","1","1366244455","1441467478","2","1","0","0","0","0"
"376","376","photogallery_image","ru","Зависть, серия \"Семь смертных грехов\", 1558","1","1","1366330742","1441467352","0","1","0","0","0","0"
"377","377","photogallery_image","ru","Иван Крамской.Неизвестная.1883","1","1","1366635805","1491716949","0","1","0","0","0","0"
"378","378","termin_img","ru","Гранвиль, Жан","1","1","1368337013","1439306587","0","1","0","0","0","0"
"379","379","photogallery_image","ru","Marionette pas-de-deux","1","1","1368338858","1491919017","0","1","0","0","0","0"
"380","380","photogallery_image","ru","Карнавальные костюмы, Жан Гранвиль, 1844","1","1","1368340198","1439575992","0","1","0","0","0","0"
"381","381","photogallery_image","ru","Malheureux enfants, Malheureux chiens","1","1","1368341885","1439575883","0","1","0","0","0","0"
"382","382","photogallery_image","ru","Любовники за стеной","1","1","1368343378","1439575776","0","1","0","0","0","0"
"383","383","photogallery_image","ru","Concert a la vapeur","1","1","1368344625","1439575672","0","1","0","0","0","0"
"384","384","photogallery_image","ru","Фронтиспис, серия \"Иной мир\"","1","1","1368345585","1439575576","0","1","0","0","0","0"
"385","385","photogallery_image","ru","мастер-художник и его ученики, серия \"Иной мир\", 1844","1","1","1368346435","1439575486","0","1","0","0","0","0"
"386","386","photogallery_image","ru","Живопись обезьян, глава \"Царство кукол\", Жан Гранвилль,  1844","1","1","1368356129","1439575379","0","1","0","0","0","0"
"387","387","photogallery_image","ru","Молнии и громоотводы","1","1","1368357929","1439575252","0","1","0","0","0","0"
"388","388","photogallery_image","ru","Кабинет геральдических животных","1","1","1368358426","1439575167","0","1","0","0","0","0"
"389","389","photogallery_image","ru","Вид на Вандомскую площадь с высоты птичьего полета ","1","1","1368580645","1439575079","0","1","0","0","0","0"
"390","390","photogallery_image","ru","Карандаш танцует с пером","1","1","1368581325","1439574987","0","1","0","0","0","0"
"391","391","photogallery_image","ru","Бал-маскарад химер","1","1","1368581978","1439574903","0","1","0","0","0","0"
"392","392","photogallery_image","ru","Крещении ребенка грибов цветной капустой-священником, Жан Гранвиль, 1844 ","1","1","1368583040","1439574787","0","1","0","0","0","0"
"394","394","photogallery_image","ru","Переход по канату в рай, Жан Гранвиль, 1844","1","1","1368666169","1439574516","0","1","0","0","0","0"
"395","395","photogallery_image","ru","\"Бессмертные\", \"Садовые растения\", \"Иной мир\", Жан Гранвиль, 1844","1","1","1368667050","1439574442","0","1","0","0","0","0"
"396","396","photogallery_image","ru","Китайская семья, Жан Гранвиль, 1844","1","1","1368667469","1439574349","0","1","0","0","0","0"
"397","397","photogallery_image","ru","Combat de deux raffinees","1","1","1368752359","1439574264","0","1","0","0","0","0"
"398","398","photogallery_image","ru","Театральная школа, Жан Гранвиль, 1844","1","1","1368753824","1439574187","0","1","0","0","0","0"
"399","399","photogallery_image","ru","Великие люди на Елисейских Полях, Жан Гранвиль, 1844","1","1","1368754794","1446982071","0","1","0","0","0","0"
"400","400","photogallery_image","ru","Творец надувает пузыри, Жан Гранвиль, 1844","1","1","1368838792","1439574041","0","1","0","0","0","0"
"401","401","photogallery_image","ru","\"Облака проливают воду за землю\", \"Четыре сезона\",  Жан Гранвиль, 1844","1","1","1368839487","1439573957","0","1","0","0","0","0"
"402","402","photogallery_image","ru","\"Жонглер планет\", \"Тайны бесконечности\",  Жан Гранвиль, 1844","1","1","1368840632","1439573825","0","1","0","0","0","0"
"403","403","photogallery_image","ru","Уличное движение с птичьего полета,  Жан Гранвиль, 1844","1","1","1368923881","1439573746","0","1","0","0","0","0"
"404","404","photogallery_image","ru","Deguisements physiologiques","1","1","1368925126","1439573663","0","1","0","0","0","0"
"405","405","photogallery_image","ru","Pas de trois - dancing crabs","1","1","1368925943","1439573580","0","1","0","0","0","0"
"406","406","photogallery_image","ru","\"Балерина-марионетка\", \"Царство кукол\",  Жан Гранвиль, 1844","1","1","1369009907","1446982008","0","1","0","0","0","0"
"407","407","photogallery_image","ru","\"Camail-paletot des magasins de m***\", \"Un voyage d'avril\",  Жан Гранвиль, 1844","1","1","1369011604","1439573385","0","1","0","0","0","0"
"408","408","photogallery_image","ru","Стойки для одежды и шляп для прогулок, Жан Гранвилль, 1844","1","1","1369012315","1439573303","0","1","0","0","0","0"
"409","409","photogallery_image","ru","Призрак безжалостного судьи искусства, Жан Гранвилль, 1844","1","1","1369012894","1439573199","0","1","0","0","0","0"
"410","410","photogallery_image","ru","Доставка картин, Жан Гранвиль, 1844","1","1","1369013414","1446981955","0","1","0","0","0","0"
"411","411","photogallery_image","ru","Портрет камеристки инфанты Изабеллы","1","1","1374068902","1491717942","0","1","0","0","0","0"
"412","412","photogallery_image","ru","Страсти Христовы, Иисус перед Анной","1","1","1405693538","1439570748","0","1","0","0","0","0"
"413","413","termin_img","ru","Лукас Кранах Старший","1","1","1405696312","1439306564","0","1","0","0","0","0"
"414","414","termin_img","ru","Уильям Хогарт","1","1","1405828546","1465701487","0","1","0","0","0","0"
"415","415","photogallery_image","ru","Маскарады и оперы","1","1","1405829094","1491743224","0","1","0","0","0","0"
"416","416","photogallery_image","ru","Разъяренный Музыкант","1","1","1405830101","1491743170","0","1","0","0","0","0"
"417","417","photogallery_image","ru","Портрет принцессы Сибиллы Клевской в наряде невесты, 1526","1","1","1405831665","1439570635","0","1","0","0","0","0"
"418","418","photogallery_image","ru","Портрет курпринца Иоахима Второго, 1520","1","1","1405832105","1439570501","0","1","0","0","0","0"
"419","419","termin_img","ru","художники 16-17 веков","1","1","1405832634","1405832768","0","1","0","0","0","0"
"420","420","photogallery_image","ru","Портрет саксонского принца, 1515","1","1","1405833340","1439570377","0","1","0","0","0","0"
"421","421","photogallery_image","ru","Портрет саксонской принцессы, 1515","1","1","1405833620","1439570431","0","1","0","0","0","0"
"422","422","termin_img","ru","Лукас Кранах  Младший","1","1","1405833955","1439306433","0","1","0","0","0","0"
"423","423","photogallery_image","ru","Маргарита Елизавета фон Ансбах-Байройт, 1549","1","1","1405834391","1439477842","0","1","0","0","0","0"
"424","424","photogallery_image","ru","Мужское портрет, 1564","1","1","1405834784","1439477803","0","1","0","0","0","0"
"425","425","termin_img","ru","художники 18-19 веков","1","1","1405835192","1405835291","0","1","0","0","0","0"
"426","426","photogallery_image","ru","Martin Schongauer - The Tribulations of St. Antony","1","1","1436114328","1491739784","0","1","0","0","0","0"
"427","427","photogallery_image","ru","Monogrammist FVB,  St Michael","1","1","1436116406","1491740202","0","1","0","0","0","0"
"428","428","photogallery_image","ru","Hans_Baldung_Saint_Catherine_1505-07","1","1","1436537920","1441465005","0","1","0","0","0","0"
"429","429","termin_img","ru","Jean-Emile Laboureur","1","1","1437309637","1439306493","0","1","0","0","0","0"
"430","430","photogallery_image","ru","Ж.-Э.Лабурер Траншеи в деревне","1","1","1437311663","1492954680","0","1","0","0","0","0"
"431","431","photogallery_image","ru","Broadway,1907","1","1","1437312162","1492954768","0","1","0","0","0","0"
"432","432","photogallery_image","ru","Jean-Emile Laboureur The Magazine Kiosk","1","1","1437312892","1492954859","0","1","0","0","0","0"
"433","433","photogallery_image","ru","Laboureur - Cavaliers Anglais En Picardie","1","1","1437313430","1492954574","0","1","0","0","0","0"
"434","434","photogallery_image","ru","Прибытие Изабеллы Французской в Париж","1","1","1438964990","1438968464","0","1","0","0","0","0"
"435","435","termin_img","ru","Хроники Жана Фруассара","1","1","1438966124","1439011284","0","1","0","0","0","0"
"436","436","termin_img","ru","художники, termin_image","1","1","1439016093","1439427560","0","1","0","0","0","0"
"437","437","termin_img","ru","Повесть о Куликовской битве. Миниатюры Лицевого свода","1","1","1439021038","1439021147","0","1","0","0","0","0"
"438","438","photogallery_image","ru","Повесть о Куликовской битве. Миниатюра 5","1","1","1439021768","1452320265","0","1","0","0","0","0"
"439","439","photogallery_image","ru","Повесть о Куликовской битве. Миниатюра 6","1","1","1439025554","1452320358","0","1","0","0","0","0"
"440","440","photogallery_image","ru","Повесть о Куликовской битве. Миниатюра 7","1","1","1439026060","1452320402","0","1","0","0","0","0"
"441","441","termin_img","ru","Миниатюры из 'Бабур-наме'","1","1","1439026777","1439026942","0","1","0","0","0","0"
"442","442","photogallery_image","ru","сбор миндаля","1","1","1439028245","1439028291","0","1","0","0","0","0"
"443","443","photogallery_image","ru","Бабур-наме. Абубакр Дуглат Кашгари осаждает Узгенд","1","1","1439035075","1439035762","0","1","0","0","0","0"
"444","444","termin_img","ru","Братья Лимбурги","1","1","1439038967","1439306462","0","1","0","0","0","0"
"445","445","photogallery_image","ru","Времена года - Январь","1","1","1439047121","1491133763","0","1","0","0","0","0"
"446","446","photogallery_image","ru","Времена года - Февраль","1","1","1439047703","1491133813","0","1","0","0","0","0"
"447","447","photogallery_image","ru","Времена года - Март","1","1","1439048059","1491133842","0","1","0","0","0","0"
"502","502","termin_img","ru","Доминик Дэвисон","1","1","1454226468","1454226505","0","1","0","0","0","0"
"503","503","photogallery_image","ru","Dominic Davison, Maiden Voyage","1","1","1454227343","1454227969","0","1","0","0","0","0"
"450","450","photogallery_image","ru","Сцена в замке. Миниатюра из рукописи романа «Рено де Монтобан»","1","1","1439104753","1439105474","0","1","0","0","0","0"
"451","451","config","ru","художники","1","1","1439306333","1452099937","2","0","0","0","0","0"
"453","453","config","ru","config","1","1","1439475672","1439475672","0","1","0","0","0","0"
"454","454","photogallery_image","ru","Василиса Прекрасная","1","1","1439639825","1439640791","0","1","0","0","0","0"
"457","457","photogallery_image","ru","6 круг ада, горящие могилы еретиков, иллюстрация к Божественной комедии Данте","1","1","1446634051","1446634455","0","1","0","0","0","0"
"458","458","book","ru","Two Hundred Sketches Humorous and Grotesque by Gustave Dore","1","1","1446973054","1491313726","2","0","0","0","0","0"
"459","459","photogallery_image","ru","Gustave Dore_Grotesque_sketch_Operatic_and_Melodramatic","1","1","1446974663","1446981913","0","1","0","0","0","0"
"460","460","photogallery_image","ru","Gustave Dore_Grotesque_p13_Musical_and_Saltatory","1","1","1446983610","1446983701","0","1","0","0","0","0"
"461","461","photogallery_image","ru","Gustave Dore. Grotesque. The last galop before supper","1","1","1446984026","1448093905","0","1","0","0","0","0"
"462","462","photogallery_image","ru","Gustave Dore_Grotesque_p14_Indoor_and_Outdoor_Recreations","1","1","1446984386","1447942785","0","1","0","0","0","0"
"463","463","photogallery_image","ru","Эскиз фронтисписа к Сатирам Ювенала","1","1","1447080384","1454029320","0","1","0","0","0","0"
"464","464","termin_img","ru","Жак Калло","1","1","1447250310","1447250883","0","1","0","0","0","0"
"465","465","photogallery_image","ru","Горбун, играющий на скрипке","1","1","1447251993","1447252253","0","1","0","0","0","0"
"466","466","photogallery_image","ru","Сатира на моду больших шляп","1","1","1447518312","1447518598","0","1","0","0","0","0"
"467","467","book","ru","политическая карикатура","1","1","1448639200","1448781266","2","0","0","0","0","0"
"497","497","photogallery_image","ru","Catharina Alexiewna Russorum Imperatrix","1","1","1452323806","1452323880","0","1","0","0","0","0"
"520","520","photogallery_image","ru","Дон-Кихот перед боем","1","1","1491720332","1492264225","0","1","0","0","0","0"
"470","470","book","ru","политическая карикатура","1","1","1448640762","1491137412","0","1","0","0","0","0"
"471","471","photogallery_image","ru","Коготок увяз - всей птичке пропасть, альбом карикатур, 1914 г., с.9","1","1","1448641065","1492253814","0","1","0","0","0","0"
"472","472","photogallery_image","ru","Пленные кайзеры, альбом карикатур, 1914 г., с.11","1","1","1448641358","1492253868","0","1","0","0","0","0"
"473","473","photogallery_image","ru","Вождь своего племени, альбом карикатур, 1914 г., с.13","1","1","1448641587","1492253740","0","1","0","0","0","0"
"474","474","photogallery_image","ru","Измена Виктора Эммануила, альбом карикатур, 1914 г., с.15","1","1","1448641812","1492253778","0","1","0","0","0","0"
"475","475","photogallery_image","ru","Альбом карикатур, Конец карьеры Наполеона и Цезаря., с.17","1","1","1448642135","1492253591","0","1","0","0","0","0"
"476","476","photogallery_image","ru","Турецкие матросы, альбом карикатур, 1914 г., с.19","1","1","1448642368","1492253931","0","1","0","0","0","0"
"477","477","photogallery_image","ru","Ударим разом, альбом карикатур, 1914 г., с.21","1","1","1448642645","1492253991","0","1","0","0","0","0"
"478","478","photogallery_image","ru","Турецкий утопленник, альбом карикатур, 1914 г., с.23","1","1","1448642923","1492253955","0","1","0","0","0","0"
"496","496","book","ru","Альбом карикатур, 1914 г.","1","1","1452320936","1491135206","0","1","0","0","0","0"
"479","479","photogallery_image","ru","Жак Калло. Японские мученики","1","1","1448803941","1448804027","0","1","0","0","0","0"
"480","480","photogallery_image","ru","Жак Калло. Искушение Св. Антония","1","1","1448805332","1491717316","0","1","0","0","0","0"
"481","481","termin_img","ru","Иоганн Исайя Нильсон","1","1","1452096905","1452146786","0","1","0","0","0","0"
"482","482","photogallery_image","ru","Nilson, Januarius","1","1","1452145430","1491918460","0","1","0","0","0","0"
"483","483","photogallery_image","ru","Nilson, Februarius","1","1","1452148069","1491918421","0","1","0","0","0","0"
"484","484","photogallery_image","ru","Nilson, Martius","1","1","1452148993","1491918367","0","1","0","0","0","0"
"485","485","photogallery_image","ru","Nilson, Aprilis","1","1","1452149612","1491918328","0","1","0","0","0","0"
"486","486","photogallery_image","ru","Nilson, Maius","1","1","1452150077","1491918296","0","1","0","0","0","0"
"487","487","photogallery_image","ru","Nilson, Iunius","1","1","1452150485","1491918262","0","1","0","0","0","0"
"488","488","photogallery_image","ru","Nilson, Iulius","1","1","1452151071","1491918224","0","1","0","0","0","0"
"489","489","photogallery_image","ru","Nilson, Augustus","1","1","1452151588","1491918189","0","1","0","0","0","0"
"490","490","photogallery_image","ru","Nilson, September","1","1","1452152105","1491918141","0","1","0","0","0","0"
"491","491","photogallery_image","ru","Nilson, October","1","1","1452152628","1491918100","0","1","0","0","0","0"
"492","492","photogallery_image","ru","Nilson, November","1","1","1452153164","1491918041","0","1","0","0","0","0"
"493","493","photogallery_image","ru","Nilson, December","1","1","1452153585","1491917976","0","1","0","0","0","0"
"494","494","book","ru","серия гравюр «Двенадцать месяцев»","1","1","1452317777","1491137619","0","1","0","0","0","0"
"495","495","photogallery_image","ru","Повесть о Куликовской битве. Миниатюры Лицевого свода","1","1","1452320198","1454029182","0","1","0","0","0","0"
"498","498","photogallery_image","ru","Elisabeth I, Russorum Imperatrix","1","1","1452324472","1452325270","0","1","0","0","0","0"
"499","499","photogallery_image","ru","Petrus III, Emperor of Russia","1","1","1452325176","1452325233","0","1","0","0","0","0"
"500","500","photogallery_image","ru","Portrait of Queen Marie-Antoinette","1","1","1452326120","1454214578","0","1","0","0","0","0"
"501","501","book","ru","Великолепный часослов герцога Беррийского","1","1","1453251536","1491134221","0","1","0","0","0","0"
"504","504","photogallery_image","ru","Времена года - Апрель","1","1","1458453027","1491133873","0","1","0","0","0","0"
"505","505","photogallery_image","ru","Времена года - Май","1","1","1458453711","1491133896","0","1","0","0","0","0"
"506","506","photogallery_image","ru","Времена года - Июнь","1","1","1458454309","1491133933","0","1","0","0","0","0"
"507","507","photogallery_image","ru","Времена года - Июль","1","1","1458916340","1491133958","0","1","0","0","0","0"
"508","508","photogallery_image","ru","Времена года - Август","1","1","1458916841","1491134017","0","1","0","0","0","0"
"509","509","photogallery_image","ru","Времена года - Сентябрь","1","1","1458917215","1491134035","0","1","0","0","0","0"
"510","510","photogallery_image","ru","Времена года - Октябрь","1","1","1459232051","1491134052","0","1","0","0","0","0"
"511","511","photogallery_image","ru","Времена года - Ноябрь","1","1","1459232279","1491134095","0","1","0","0","0","0"
"512","512","photogallery_image","ru","Времена года - Декабрь","1","1","1459232533","1491134120","0","1","0","0","0","0"
"513","513","termin_img","ru","Ганс Гольбейн Младший, живопись","1","1","1490973522","1491030503","2","0","0","0","0","0"
"514","514","photogallery_image","ru","Portrait of Lady Mary Guildford 1527","1","1","1491024543","1491030677","0","0","0","0","0","0"
"515","515","photogallery_image","ru","Portrait of Charles de Solier, Sieur de Morette. 1534 - 1535","1","1","1491026406","1491030616","0","0","0","0","0","0"
"516","516","photogallery_image","ru","Portrait of Jakob Meyer zum Hasen. 1516","1","1","1491027374","1491039302","0","0","0","0","0","0"
"517","517","photogallery_image","ru","Portrait of Jane Seymour. 1536","1","1","1491027743","1491030667","0","0","0","0","0","0"
"518","518","photogallery_image","ru","Portrait of Prince Edward, later King Edward VI of England. c.1538","1","1","1491028241","1491030689","0","0","0","0","0","0"
"519","519","photogallery_image","ru","Portrait of the Merchant Georg Gisze. 1532","1","1","1491028729","1491030701","0","0","0","0","0","0"
"521","521","photogallery_image","ru","Жители планеты Х","1","1","1491721582","1492264165","0","1","0","0","0","0"
"522","522","photogallery_image","ru","Андерс Цорн. Впечатления от Лондона","1","1","1491725033","1491725126","0","1","0","0","0","0"
"523","523","photogallery_image","ru","Портрет Марии ди Медичи, 1551","1","1","1491726022","1491726121","0","1","0","0","0","0"
"524","524","photogallery_image","ru","0siisaa","1","1","1491736323","1491736447","0","1","0","0","0","0"
"525","525","photogallery_image","ru","TABU Skyscraper","1","1","1491737009","1491737456","0","1","0","0","0","0"
"526","526","photogallery_image","ru","Klinger, plakate zigaretten fabrik, 1922","1","1","1491737564","1491737846","0","0","0","0","0","0"
"527","527","photogallery_image","ru","Диоген","1","1","1492004110","1492004302","0","0","0","0","0","0"
"528","528","photogallery_image","ru","The dark tower, The crimson_king, Michael Whelan","1","1","1492257244","1492267291","0","1","0","0","0","0"
"529","529","photogallery_image","ru","Green angel tower, Michael Whelan, 1993","1","1","1492258160","1492261195","0","1","0","0","0","0"
"530","530","photogallery_image","ru","Ученик убийцы","1","1","1492268310","1492268843","0","1","0","0","0","0"
"531","531","photogallery_image","ru","Логотип, люстры54","1","1","1492915013","1492915517","0","1","0","0","0","0"
#HEAD{ "name" : "term_data", "fields" : ["tid","vid","name","description","weight"]}
"4","1","Иван Билибин","ivan_bilibin.jpg","6"
"2","1","Альфонс Муха","alphonse-mucha.jpg_.jpg","2"
"216","5","1912",,"29"
"5","1","Обри Бердслей","berdsley_self.gif","0"
"6","1","Густав Климт","klimt.jpg","1"
"7","1","Уотерхаус","john-william-waterhouse.jpg","0"
"8","1","Симберг","simberg2.jpg","3"
"224","5","1967",,"41"
"10","1","Michael Cheval","m.cheval.jpg","4"
"11","1","Anry Nemo","anry.jpg","3"
"220","5","1989",,"43"
"219","5","США",,"1"
"14","1","художники 15 века","francesco_marmitta_-_virgin_and_child.jpg","0"
"63","1","Allaert Claesz",,"0"
"17","1","Эрте","erte_portrait.jpg","3"
"226","5","абстракция",,"0"
"19","1","Хокусай","hokusai_portrait.jpg","0"
"20","1","Рафал Олбински","rafal_olbinski_foto.jpg","5"
"21","1","Джозеф Лейендекер","220px-jc_leyendecker.jpg","3"
"22","1","Питер Брейгель Старший","dominicus_lampsonius_-_portrait_of_pieter_bruegel_the_elder.jpg","6"
"23","1","Бальдунг","hans_baldung_self-portrait.jpg","8"
"24","1","Бургкмайр","hans_burgkmair.jpg","11"
"61","1","Амбергер","amberger_christoph.jpg","7"
"64","1","Йорг Брой Младший","breu_jorg_the_elder_1533_portrait_of_a_man.jpg","3"
"58","1","Альбрехт Дюрер","durer.jpg","5"
"59","1","Мартин Шонгауэр","martin_schongauer.jpg","4"
"60","1","Гольциус","451px-hendrikgoltziusportrait.jpg","12"
"83","1","Библия Мациевского","bible_maciejowski_agag_is_brought_to_samuel.jpg","3"
"84","1","Русская миниатюра","drevnerusskaya_miniatyura_p5.jpg","5"
"85","1","карикатура","aubrey_beardsley_mendelson_1896.jpg","61"
"86","1","Манесский кодекс","codex_manesse_423_der_kanzler.jpg","4"
"158","1","художники","j.severini.jpg","69"
"88","1","Вермеер","535px-johannesvermeer_-_de_koppelaarster.jpg","0"
"89","1","Менье",,"2"
"90","1","Комба",,"1"
"91","1","Петер Беренс","peter-behrens-1.jpg","6"
"65","1","Ганс Себальд Бехам","250px-portrait_of_sebald_beham.jpg","2"
"66","1","Японская гравюра","cat_japan_pic09114_w300.jpg","2"
"67","1","Европейская гравюра XV-XVII","nikolaus_stor_1525-1540.jpg","0"
"68","1","Модерн","the-trappistine-1897.jpg","62"
"69","1","Nikolaus Stör","nikolaus_stor_1525-1540.jpg","1"
"72","1","миниатюра","how_alexander_the_great_laid_siege_to_the_town_of_tyre.jpg","23"
"73","1","иллюстрация","alice-37.jpg","53"
"74","1","Джон Тенниел","220px-john_tenniel00.jpg","1"
"75","1","плакатная графика","steinlein-chatnoirt.-a._steynlen_chyornyy_kot._plakat_odnoimyonnogo_kabare.jpg","40"
"77","1","Конструктивизм","ksssrpost_0024.jpg","3"
"78","1","Хольвайн, Людвиг","hohlwein_portrait_2.jpg","5"
"231","1","Юлиус Клингер",,"0"
"80","1","Норман Рокуэлл","norman_rockwall.jpg","4"
"82","1","Стейнлен","steinlengat.jpg","0"
"94","5","стиль",,"37"
"95","5","жанр",,"0"
"96","5","техника",,"63"
"97","5","гравюра",,"0"
"98","5","ксилография",,"4"
"99","5","укиё-э",,"1"
"100","5","миниатюра",,"9"
"101","5","иллюстрация",,"8"
"102","5","плакат",,"10"
"103","5","литография",,"6"
"104","5","карикатура",,"11"
"105","5","модерн",,"12"
"106","5","рисунок",,"2"
"107","5","сецессион",,"15"
"108","5","компьютерная графика","http://ru.wikipedia.org/wiki/%D0%A6%D0%B8%D1%84%D1%80%D0%BE%D0%B2%D0%B0%D1%8F_%D0%B6%D0%B8%D0%B2%D0%BE%D0%BF%D0%B8%D1%81%D1%8C","21"
"109","5","Ар Нуво",,"13"
"110","5","кубизм",,"16"
"111","5","реклама",,"7"
"112","5","живопись",,"1"
"113","5","афиша",,"6"
"114","5","агитация",,"1"
"115","5","Art Deco",,"14"
"116","5","конструктивизм",,"17"
"117","1","Гарри Кларк","photo_harry_clarke.jpg","2"
"120","5","романтизм",,"7"
"119","5","Возрождение",,"1"
"121","5","символизм",,"8"
"122","5","акварель",,"1"
"123","5","масло",,"0"
"124","5","экспрессионизм",,"11"
"125","5","сюрреализм",,"9"
"126","5","неоклассицизм",,"10"
"129","5","магический реализм","http://ru.wikipedia.org/wiki/%D0%9C%D0%B0%D0%B3%D0%B8%D1%87%D0%B5%D1%81%D0%BA%D0%B8%D0%B9_%D1%80%D0%B5%D0%B0%D0%BB%D0%B8%D0%B7%D0%BC","19"
"128","5","футуризм",,"18"
"130","5","поп-арт",,"20"
"131","5","цифровая живопись","http://ru.wikipedia.org/wiki/%D0%A6%D0%B8%D1%84%D1%80%D0%BE%D0%B2%D0%B0%D1%8F_%D0%B6%D0%B8%D0%B2%D0%BE%D0%BF%D0%B8%D1%81%D1%8C","24"
"132","5","фэнтези",,"5"
"133","1","компьютерная графика","cg-art_3d_012.jpg","48"
"144","1","Гравюра XVIII-XIX",,"1"
"151","1","Лукас Кранах Старший","220px-lucas_cranach_d._a._063.jpg","9"
"136","1","Ютака Кагайя","kagaya_portret_2.jpg","2"
"137","5","3D",,"22"
"138","1","живопись","hey_zhan_dofin_karl_orleanskiy.jpg","30"
"139","1","гравюра","nikolaus_stor_1525-1540.jpg","0"
"140","5","импрессионизм",,"5"
"141","1","фрактальное искусство","satu_oli__spring_in_japan_by_magnusti781.jpg","1"
"142","5","фрактальное искусство",,"23"
"143","1","3D","cg-art_11.jpg","0"
"145","1","Густав Доре","biopic.jpg","0"
"146","1","Ганс Гольбейн Младший","p003.jpg","10"
"161","1","Братья Лимбурги","06_june.jpg","0"
"148","1","Пляска Смерти",,"0"
"154","1","Лукас Кранах  Младший","220px-lucas_cranach_der_jungere.jpg","1"
"155","1","художники 18-19 веков","cleopatra_1888.jpg","2"
"156","1","Лабурер Жан-Эмиль","jean-emile_laboureur_self.jpg","3"
"157","1","Хроники Жана Фруассара","fruassar_j.-p001..jpg","2"
"160","1","Миниатюры из \"Бабур-наме\"","babur_namah.jpg","1"
"152","1","Уильям Хогарт","william_hogarth_006.jpg","1"
"153","1","художники 16-17 веков","margarita_elizaveta_fon_ansbah-bayroyt_1549.jpg","1"
"150","1","Жан Гранвиль","grandville_jj_selfportrait_02.gif","0"
"149","5","портрет",,"4"
"147","1","Ян ван Эйк","portrait-of-jan-van-eyck-by-lampsonius.jpg","0"
"162","5","шелкография",,"3"
"163","5","сюжет",,"30"
"164","5","Столетняя война",,"5"
"240","5","цветная гравюра",,"0"
"238","5","1583",,"6"
"167","5","Куликовская битва",,"2"
"168","5","Реформация",,"4"
"169","5","Первая мировая война",,"3"
"170","5","офорт",,"5"
"171","1","Жак Калло","jacobus_callot_after_a._van_dyck.jpg","13"
"172","5","маньеризм","https://ru.wikipedia.org/wiki/%D0%9C%D0%B0%D0%BD%D1%8C%D0%B5%D1%80%D0%B8%D0%B7%D0%BC","6"
"173","5","хромолитография",,"2"
"182","5","политическая карикатура",,"0"
"176","5","шарж",,"12"
"177","5","христианские сюжеты",,"1"
"179","5","рококо","https://ru.wikipedia.org/wiki/%D0%A0%D0%BE%D0%BA%D0%BE%D0%BA%D0%BE","4"
"178","5","гротеск",,"2"
"180","1","Иоганн Исайя Нильсон","cartouches_modernes_a_compagnes_par_des_enfans.jpeg","0"
"183","5","классицизм",,"3"
"184","5","изображение",,"16"
"185","5","zoom",,"0"
"186","5","формат",,"1"
"187","5","календарь",,"13"
"188","5","страна",,"19"
"189","5","Россия",,"7"
"190","5","Германия",,"4"
"191","5","Франция",,"8"
"192","5","Италия",,"5"
"193","5","Англия",,"0"
"194","5","Япония",,"9"
"195","5","Китай",,"6"
"196","5","пейзаж",,"3"
"197","5","готика",,"2"
"198","1","Ганс Гольбейн Младший, живопись",,"0"
"200","5","дата завершения",,"76"
"201","5","1883",,"16"
"202","5","1914",,"30"
"203","5","1815",,"13"
"204","5","1634",,"9"
"205","5","1626",,"8"
"206","5","Нидерланды",,"3"
"207","5","1991",,"44"
"208","5","авангард",,"0"
"209","5","1963",,"40"
"210","5","Швеция",,"2"
"211","5","1890",,"20"
"212","5","1551",,"5"
"213","5","1935",,"37"
"214","5","1919",,"32"
"215","5","1955",,"39"
"217","5","1924",,"34"
"218","5","1950",,"38"
"221","5","1998",,"48"
"222","5","2004",,"49"
"223","5","1994",,"47"
"225","5","1974",,"42"
"227","5","1896",,"22"
"228","5","1904",,"24"
"229","5","1909",,"27"
"230","5","1910",,"28"
"232","5","1475",,"0"
"233","5","1723",,"10"
"234","5","1741",,"11"
"235","5","1926",,"35"
"236","5","1908",,"26"
"237","5","1920",,"33"
"239","5","1587",,"7"
"241","5","1766",,"12"
"242","5","1844",,"14"
"243","5","1934",,"36"
"244","5","1888",,"17"
"245","5","1887",,"18"
"246","5","историческая живопись",,"0"
"247","5","1882",,"15"
"248","5","1993",,"45"
"249","6","alphabetical list",,"0"
"250","6","алфавитный каталог",,"0"
"251","6","A",,"0"
"252","6","B",,"0"
"253","6","C",,"0"
"254","6","D",,"0"
"255","6","E",,"0"
"256","6","F",,"0"
"257","6","G",,"0"
"258","6","H",,"0"
"259","6","I",,"0"
"260","6","J",,"0"
"261","6","K",,"0"
"262","6","L",,"0"
"263","6","M",,"0"
"264","6","N",,"0"
"265","6","O",,"0"
"266","6","P",,"0"
"267","6","Q",,"0"
"268","6","R",,"0"
"269","6","S",,"0"
"270","6","T",,"0"
"271","6","V",,"0"
"272","6","W",,"0"
"273","6","Y",,"0"
"274","6","Z",,"0"
"275","6","А",,"0"
"276","6","Б",,"0"
"277","6","В",,"0"
"278","6","Г",,"0"
"279","6","Д",,"0"
"280","6","Е",,"0"
"281","6","Ж",,"0"
"282","6","З",,"0"
"283","6","И",,"0"
"284","6","К",,"0"
"285","6","Л",,"0"
"286","6","М",,"0"
"287","6","Н",,"0"
"288","6","О",,"0"
"289","6","П",,"0"
"290","6","Р",,"0"
"291","6","С",,"0"
"292","6","Т",,"0"
"293","6","У",,"0"
"294","6","Ф",,"0"
"295","6","Х",,"0"
"296","6","Ц",,"0"
"297","6","Ч",,"0"
"298","6","Ш",,"0"
"299","6","Щ",,"0"
"300","6","Э",,"0"
"301","6","Ю",,"0"
"302","6","Я",,"0"
"303","5","1903",,"23"
"304","5","1893",,"21"
"305","5","1897",,"19"
"306","5","1510",,"3"
"307","5","1519",,"4"
"308","5","1497",,"2"
"309","5","1495",,"1"
"310","5","1995",,"46"
"311","5","1907",,"25"
"312","5","1916",,"31"
#HEAD { "name" : "term_hierarchy", "fields" : ["tid","parent"]}
"2","68"
"4","73"
"5","68"
"6","68"
"7","155"
"8","138"
"10","138"
"11","133"
"14","138"
"17","68"
"19","66"
"20","73"
"21","73"
"22","67"
"23","67"
"24","67"
"58","67"
"59","67"
"60","67"
"61","67"
"63","67"
"64","67"
"65","67"
"66","139"
"67","139"
"68","0"
"69","67"
"72","0"
"73","0"
"74","73"
"75","0"
"77","75"
"78","75"
"80","73"
"82","75"
"83","72"
"84","72"
"85","0"
"86","72"
"88","153"
"89","75"
"90","75"
"91","75"
"94","0"
"95","0"
"96","0"
"97","96"
"98","97"
"99","97"
"100","95"
"101","95"
"102","95"
"103","97"
"104","95"
"105","94"
"106","96"
"107","94"
"108","94"
"109","94"
"110","94"
"111","95"
"112","96"
"113","95"
"114","95"
"115","94"
"116","94"
"117","73"
"119","94"
"120","94"
"121","94"
"122","112"
"123","112"
"124","94"
"125","94"
"126","94"
"128","94"
"129","94"
"130","94"
"131","94"
"132","95"
"133","0"
"136","133"
"137","94"
"138","0"
"139","0"
"140","94"
"141","133"
"142","94"
"143","133"
"144","139"
"145","144"
"146","67"
"147","14"
"148","146"
"149","95"
"150","73"
"151","67"
"152","144"
"153","138"
"154","153"
"155","138"
"156","139"
"157","72"
"158","0"
"160","72"
"161","72"
"162","97"
"163","0"
"164","163"
"167","163"
"168","163"
"169","163"
"170","97"
"171","67"
"172","94"
"173","97"
"176","95"
"177","163"
"178","95"
"179","94"
"180","144"
"182","104"
"183","94"
"184","0"
"185","184"
"186","184"
"187","95"
"188","0"
"189","188"
"190","188"
"191","188"
"192","188"
"193","188"
"194","188"
"195","188"
"196","95"
"197","94"
"198","153"
"200","0"
"201","200"
"202","200"
"203","200"
"204","200"
"205","200"
"206","188"
"207","200"
"208","94"
"209","200"
"210","188"
"211","200"
"212","200"
"213","200"
"214","200"
"215","200"
"216","200"
"217","200"
"218","200"
"219","188"
"220","200"
"221","200"
"222","200"
"223","200"
"224","200"
"225","200"
"226","95"
"227","200"
"228","200"
"229","200"
"230","200"
"231","75"
"232","200"
"233","200"
"234","200"
"235","200"
"236","200"
"237","200"
"238","200"
"239","200"
"240","97"
"241","200"
"242","200"
"243","200"
"244","200"
"245","200"
"246","163"
"247","200"
"248","200"
"249","0"
"250","0"
"251","249"
"252","249"
"253","249"
"254","249"
"255","249"
"256","249"
"257","249"
"258","249"
"259","249"
"260","249"
"261","249"
"262","249"
"263","249"
"264","249"
"265","249"
"266","249"
"267","249"
"268","249"
"269","249"
"270","249"
"271","249"
"272","249"
"273","249"
"274","249"
"275","250"
"276","250"
"277","250"
"278","250"
"279","250"
"280","250"
"281","250"
"282","250"
"283","250"
"284","250"
"285","250"
"286","250"
"287","250"
"288","250"
"289","250"
"290","250"
"291","250"
"292","250"
"293","250"
"294","250"
"295","250"
"296","250"
"297","250"
"298","250"
"299","250"
"300","250"
"301","250"
"302","250"
"303","200"
"304","200"
"305","200"
"306","200"
"307","200"
"308","200"
"309","200"
"310","200"
"311","200"
"312","200"
#HEAD { "name" : "vocabulary", "fields" : ["vid","name","description","help","relations","hierarchy","multiple","required","tags","module","weight"]}
"1","галереи изображений",,,"1","1","1","0","0","taxonomy","0"
"5","info",,,"1","1","1","0","0","taxonomy","0"
"6","Alphabetical_voc",,,"1","0","1","0","0","taxonomy","0"
