<?xml version="1.0" encoding="UTF-8"?>
<project-private xmlns="http://www.netbeans.org/ns/project-private/1">
    <editor-bookmarks xmlns="http://www.netbeans.org/ns/editor-bookmarks/2" lastBookmarkId="0"/>
    <open-files xmlns="http://www.netbeans.org/ns/projectui-open-files/2">
        <group>
            <file>file:/D:/documents/laptev/www/z.list.local/js/Zlist.js</file>
            <file>file:/D:/documents/laptev/www/z.list.local/js/lastcopy.Zlist.js</file>
            <file>file:/D:/documents/laptev/www/z.list.local/js/lastcopy.ZlistLoader.js</file>
            <file>file:/D:/documents/laptev/www/z.list.local/js/cmenu.js</file>
            <file>file:/D:/documents/laptev/www/z.list.local/js/test.Zlist.js</file>
            <file>file:/D:/documents/laptev/www/z.list.local/js/test.ZlistLoader.js</file>
            <file>file:/D:/documents/laptev/www/z.list.local/js/lastcopy.cmenu.js</file>
            <file>file:/D:/documents/laptev/www/z.list.local/Z.List.html</file>
        </group>
    </open-files>
</project-private>
