[{"title":"Apocalyptica - Beyond Time.mp3","mp3":"/music/A/Apocalyptica/Apocalyptica%20-%20Beyond%20Time.mp3","free":true},{"title":"Apocalyptica - Cohkka.mp3","mp3":"/music/A/Apocalyptica/Apocalyptica%20-%20Cohkka.mp3","free":true},{"title":"Apocalyptica - Coma.mp3","mp3":"/music/A/Apocalyptica/Apocalyptica%20-%20Coma.mp3","free":true},{"title":"Apocalyptica - Conclusion.mp3","mp3":"/music/A/Apocalyptica/Apocalyptica - Conclusion.mp3","free":true},{"title":"Apocalyptica - Cortege.mp3","mp3":"/music/A/Apocalyptica/Apocalyptica - Cortege.mp3","free":true},{"title":"Apocalyptica - Creeping Death.mp3","mp3":"/music/A/Apocalyptica/Apocalyptica - Creeping Death.mp3","free":true},{"title":"Apocalyptica - Domination.mp3","mp3":"/music/A/Apocalyptica/Apocalyptica - Domination.mp3","free":true},{"title":"Apocalyptica - Driven.mp3","mp3":"/music/A/Apocalyptica/Apocalyptica - Driven.mp3","free":true},{"title":"Apocalyptica - Enter Sandman.mp3","mp3":"/music/A/Apocalyptica/Apocalyptica - Enter Sandman.mp3","free":true},{"title":"Apocalyptica - Epilogue.mp3","mp3":"/music/A/Apocalyptica/Apocalyptica - Epilogue.mp3","free":true},{"title":"Apocalyptica - Fade To Black.mp3","mp3":"/music/A/Apocalyptica/Apocalyptica - Fade To Black.mp3","free":true},{"title":"Apocalyptica - Faraway.mp3","mp3":"/music/A/Apocalyptica/Apocalyptica - Faraway.mp3","free":true},{"title":"Apocalyptica - Fight Fire With Fire.mp3","mp3":"/music/A/Apocalyptica/Apocalyptica - Fight Fire With Fire.mp3","free":true},{"title":"Apocalyptica - For Whom The Bell Tolls.mp3","mp3":"/music/A/Apocalyptica/Apocalyptica - For Whom The Bell Tolls.mp3","free":true},{"title":"Apocalyptica - From Out Of Nowhere.mp3","mp3":"/music/A/Apocalyptica/Apocalyptica - From Out Of Nowhere.mp3","free":true},{"title":"Apocalyptica - Hall Of The Mountain King.mp3","mp3":"/music/A/Apocalyptica/Apocalyptica - Hall Of The Mountain King.mp3","free":true},{"title":"Apocalyptica - Harmageddon.mp3","mp3":"/music/A/Apocalyptica/Apocalyptica - Harmageddon.mp3","free":true},{"title":"Apocalyptica - Harvester Of Sorrow.mp3","mp3":"/music/A/Apocalyptica/Apocalyptica - Harvester Of Sorrow.mp3","free":true},{"title":"Apocalyptica - Heat.mp3","mp3":"/music/A/Apocalyptica/Apocalyptica - Heat.mp3","free":true},{"title":"Apocalyptica - Hope (Sing).mp3","mp3":"/music/A/Apocalyptica/Apocalyptica - Hope (Sing).mp3","free":true},{"title":"Apocalyptica - Hope.mp3","mp3":"/music/A/Apocalyptica/Apocalyptica - Hope.mp3","free":true},{"title":"Apocalyptica - Hyperventilation.mp3","mp3":"/music/A/Apocalyptica/Apocalyptica - Hyperventilation.mp3","free":true},{"title":"Apocalyptica - In Memoriam.mp3","mp3":"/music/A/Apocalyptica/Apocalyptica - In Memoriam.mp3","free":true},{"title":"Apocalyptica - Inquisition Symphony (Live).mp3","mp3":"/music/A/Apocalyptica/Apocalyptica - Inquisition Symphony (Live).mp3","free":true},{"title":"Apocalyptica - Inquisition Symphony.mp3","mp3":"/music/A/Apocalyptica/Apocalyptica - Inquisition Symphony.mp3","free":true},{"title":"Apocalyptica - Kaamos.mp3","mp3":"/music/A/Apocalyptica/Apocalyptica - Kaamos.mp3","free":true},{"title":"Apocalyptica - M.B..mp3","mp3":"/music/A/Apocalyptica/Apocalyptica - M.B..mp3","free":true},{"title":"Apocalyptica - Master Of Puppets.mp3","mp3":"/music/A/Apocalyptica/Apocalyptica - Master Of Puppets.mp3","free":true},{"title":"Apocalyptica - No Education.mp3","mp3":"/music/A/Apocalyptica/Apocalyptica - No Education.mp3","free":true},{"title":"Apocalyptica - Nothing Else Matters (Live).mp3","mp3":"/music/A/Apocalyptica/Apocalyptica - Nothing Else Matters (Live).mp3","free":true},{"title":"Apocalyptica - Nothing Else Matters.mp3","mp3":"/music/A/Apocalyptica/Apocalyptica - Nothing Else Matters.mp3","free":true},{"title":"Apocalyptica - One.mp3","mp3":"/music/A/Apocalyptica/Apocalyptica - One.mp3","free":true},{"title":"Apocalyptica - Pandemonium.mp3","mp3":"/music/A/Apocalyptica/Apocalyptica - Pandemonium.mp3","free":true},{"title":"Apocalyptica - Path (Sandra).mp3","mp3":"/music/A/Apocalyptica/Apocalyptica - Path (Sandra).mp3","free":true},{"title":"Apocalyptica - Path.mp3","mp3":"/music/A/Apocalyptica/Apocalyptica - Path.mp3","free":true},{"title":"Apocalyptica - Pray.mp3","mp3":"/music/A/Apocalyptica/Apocalyptica - Pray.mp3","free":true},{"title":"Apocalyptica - Prologue.mp3","mp3":"/music/A/Apocalyptica/Apocalyptica - Prologue.mp3","free":true},{"title":"Apocalyptica - Refuse,Resist.mp3","mp3":"/music/A/Apocalyptica/Apocalyptica - Refuse,Resist.mp3","free":true},{"title":"Apocalyptica - Resurrection.mp3","mp3":"/music/A/Apocalyptica/Apocalyptica - Resurrection.mp3","free":true},{"title":"Apocalyptica - Romance.mp3","mp3":"/music/A/Apocalyptica/Apocalyptica - Romance.mp3","free":true},{"title":"Apocalyptica - Sad But True.mp3","mp3":"/music/A/Apocalyptica/Apocalyptica - Sad But True.mp3","free":true},{"title":"Apocalyptica - Somewhere Around Nothing.mp3","mp3":"/music/A/Apocalyptica/Apocalyptica - Somewhere Around Nothing.mp3","free":true},{"title":"Apocalyptica - Song.mp3","mp3":"/music/A/Apocalyptica/Apocalyptica - Song.mp3","free":true},{"title":"Apocalyptica - Struggle.mp3","mp3":"/music/A/Apocalyptica/Apocalyptica - Struggle.mp3","free":true},{"title":"Apocalyptica - Toreador II.mp3","mp3":"/music/A/Apocalyptica/Apocalyptica - Toreador II.mp3","free":true},{"title":"Apocalyptica - Toreador.mp3","mp3":"/music/A/Apocalyptica/Apocalyptica - Toreador.mp3","free":true},{"title":"Apocalyptica - Unforgiven.mp3","mp3":"/music/A/Apocalyptica/Apocalyptica - Unforgiven.mp3","free":true},{"title":"Apocalyptica - Until it Sleeps.mp3","mp3":"/music/A/Apocalyptica/Apocalyptica - Until it Sleeps.mp3","free":true},{"title":"Apocalyptica - Welcome Home (Sanitarium).mp3","mp3":"/music/A/Apocalyptica/Apocalyptica - Welcome Home (Sanitarium).mp3","free":true},{"title":"Apocalyptica - Wherever I May Roam.mp3","mp3":"/music/A/Apocalyptica/Apocalyptica - Wherever I May Roam.mp3","free":true}]
