[{"title":"Brandenburg Concertos, Concerto No.3, BWV 1048 - Allegro.mp3","mp3":"\/music\/B\/Bach\/Brandenburg%20Concertos,%20Concerto%20No.3,%20BWV%201048%20-%20Allegro.mp3"},{"title":"Brandenburg Concertos, Concerto No.4, BWV 1049 - Allegro.mp3","mp3":"\/music\/B\/Bach\/Brandenburg Concertos, Concerto No.4, BWV 1049 - Allegro.mp3"},{"title":"Brandenburg Concertos, Concerto No.5, BWV 1050 - Allegro.mp3","mp3":"\/music\/B\/Bach\/Brandenburg Concertos, Concerto No.5, BWV 1050 - Allegro.mp3"},{"title":"Bach - Minuet And Bandinerie.mp3","mp3":"\/music\/B\/Bach\/Bach - Minuet And Bandinerie.mp3"},{"title":"03-Toccata & Fugue in D Minor, BWV 538, Dorian.mp3","mp3":"\/music\/B\/Bach\/03-Toccata & Fugue in D Minor, BWV 538, Dorian.mp3"},{"title":"06-Prelude & Fugue A Minor BWV 543. Fugue.mp3","mp3":"\/music\/B\/Bach\/06-Prelude & Fugue A Minor BWV 543. Fugue.mp3"},{"title":"12-Toccata & Fugue in D Minor, BWV 565. Toccata.mp3","mp3":"\/music\/B\/Bach\/12-Toccata & Fugue in D Minor, BWV 565. Toccata.mp3"},{"title":"44-24. Var.23 a 2 Clav.mp3","mp3":"\/music\/B\/Bach\/44-24. Var.23 a 2 Clav.mp3"},{"title":"45-25. Var.24 Canone all'Ottava a 1 Clav.mp3","mp3":"\/music\/B\/Bach\/45-25. Var.24 Canone all'Ottava a 1 Clav.mp3"},{"title":"52-32. Aria.mp3","mp3":"\/music\/B\/Bach\/52-32. Aria.mp3"},{"title":"03-Chorale- Fuehr auch mein Herz und Sinn.mp3","mp3":"\/music\/B\/Bach\/23-6 SCHUBLER CHORALES\/03-Chorale- Fuehr auch mein Herz und Sinn.mp3"},{"title":"03-Chorale- Lob und Preis sei Gott, dem Vater.mp3","mp3":"\/music\/B\/Bach\/23-6 SCHUBLER CHORALES\/03-Chorale- Lob und Preis sei Gott, dem Vater.mp3"},{"title":"03-Chorale- Sing, bet und geh auf Gottes Wegen.mp3","mp3":"\/music\/B\/Bach\/23-6 SCHUBLER CHORALES\/03-Chorale- Sing, bet und geh auf Gottes Wegen.mp3"}]