[{"title":"Domino - Business of Love","mp3":"\/music\/D\/Domino%20-%20Business%20of%20Love%20.mp3","free":"true"},{"title":"Bobby Day - Rockun' Robin","mp3":"\/music\/B\/Bobby Day - Rockun' Robin.mp3","free":"true"},{"title":"Chuck Berry - You Can Never Tell","mp3":"\/music\/C\/Chuck Berry - You Can Never Tell.mp3"},{"title":"Bobby Rydell & Group - Makin' Time","mp3":"\/music\/B\/Bobby Rydell & Group - Makin' Time.mp3"},{"title":"Commonwealth Jones - Do Do Do","mp3":"\/music\/C\/Commonwealth Jone\/Commonwealth Jones - Do Do Do.mp3"},{"title":"Commonwealth Jones - Who's Been Here","mp3":"\/music\/C\/Commonwealth Jone\/Commonwealth Jones - Who's Been Here.mp3"},{"title":"Chubby Checker - Let's Twist Again","mp3":"\/music\/C\/Chubby Checker - Let's Twist Again.mp3"},{"title":"Louis Prima -  - Sing, Sing, Sing. QuickStep","mp3":"\/music\/L\/Louis Prima -  - Sing, Sing, Sing. QuickStep .mp3"},{"title":"Louis Armstrong-Go Down Moses.mp3","mp3":"\/music\/L\/Lous%20Armstrong\/Louis%20Armstrong-Go%20Down%20Moses.mp3","free":"true"},{"title":"Lous Armstrong, Track No01","mp3":"\/music\/L\/Lous Armstrong\/Track No01.mp3"},{"title":"Lous Armstrong, Track No04","mp3":"\/music\/L\/Lous Armstrong\/Track No04.mp3"},{"title":" Paul Anka - Crazy Love.mp3","mp3":"\/music\/P\/ Paul Anka - Crazy Love.mp3","free":"true"},{"title":"Pat Bone - Corinne, Corinna.mp3","mp3":"\/music\/P\/Pat%20Bone%20-%20Corinne,%20Corinna.mp3","free":"true"},{"title":"Paul Anka - Tonight My Love, Tonight.mp3","mp3":"\/music\/P\/Paul Anka - Tonight My Love, Tonight.mp3","free":"true"},{"title":"Peggy Lee - Why Don't You Do Right (1942)","mp3":"\/music\/P\/Peggy Lee - Why Don't You Do Right (1942).mp3"},{"title":"Gene Vincent - Be-bop-a-lula.mp3","mp3":"\/music\/G\/Gene Vincent - Be-bop-a-lula.mp3","free":"true"},{"title":"The Guytones - Baby I Don't Care.mp3","mp3":"\/music\/G\/The Guytones - Baby I Don't Care.mp3","free":"true"},{"title":"The Drifters - Dorifu no zundoko bushi","mp3":"\/music\/D\/The-Drifters-Dorifu-no-zundoko-bushi.mp3"},{"title":"French pop music, !Track No06","mp3":"\/music\/F\/french_mus\/!Track%20No06.mp3"},{"title":"French pop music, Track No02","mp3":"\/music\/F\/french_mus\/Track%20No02.mp3"},{"title":"French pop music, Track No03","mp3":"\/music\/F\/french_mus\/Track%20No03.mp3"},{"title":"French pop music, Track No05","mp3":"\/music\/F\/french_mus\/Track%20No05.mp3"},{"title":"French pop music, Track No06","mp3":"\/music\/F\/french_mus\/Track No06.mp3"},{"title":"French pop music, Track No10","mp3":"\/music\/F\/french_mus\/Track No10.mp3"},{"title":"French pop music,Track No14","mp3":"\/music\/F\/french_mus\/Track No14.mp3"},{"title":"French pop music, Track No17","mp3":"\/music\/F\/french_mus\/Track No17.mp3"},{"title":"Neil Sedaka-Breaking Up Is Hard To Do.mp3","mp3":"\/music\/N\/Neil Sedaka-Breaking Up Is Hard To Do.mp3","free":"true"},{"title":"The Crew-Cuts - Sh-boom.mp3","mp3":"\/music\/T\/The Crew-Cuts - Sh-boom.mp3","free":"true"},{"title":"Johny Tillotson - Poetry In Motion.mp3","mp3":"\/music\/T\/Johny Tillotson - Poetry In Motion.mp3","free":"true"},{"title":"The Everly Broyhers - Bye Bye Love.mp3","mp3":"\/music\/T\/The Everly Broyhers - Bye Bye Love.mp3","free":"true"},{"title":"The Monotones - Book of Love.mp3","mp3":"\/music\/T\/The Monotones - Book of Love.mp3","free":"true"},{"title":"The Andrews Sisters - Tico, Tico.mp3","mp3":"\/music\/A\/The%20Andrews%20Sisters\/The%20Andrews%20Sisters%20-%20Tico,%20Tico.mp3","free":"true"},{"title":"Lee Press-On And The Nails - Big Pants Dance (Swing Is Dead, 1999).mp3","mp3":"\/music\/L\/Lee Presson and the Nails\/Lee Press-On And The Nails - Big Pants Dance (Swing Is Dead, 1999).mp3","free":"true"},{"title":"Lee Press-On And The Nails - Enjoy Yourself","mp3":"\/music\/L\/Lee%20Presson%20and%20the%20Nails\/Lee%20Press-On%20And%20The%20Nails%20-%20Enjoy%20Yourself.mp3"},{"title":"Lee Press-On and the Nails - I Prefer a Coffin","mp3":"\/music\/L\/Lee%20Presson%20and%20the%20Nails\/Lee%20Press-On%20and%20the%20Nails%20-%20I%20Prefer%20a%20Coffin.mp3"},{"title":"June Christy - Bei Mir Bist Du Schon","mp3":"\/music\/J\/June Christy - Bei Mir Bist Du Schon.mp3"},{"title":"Crapa pelada - Quartetto cetro (Breaking bad, 3 season )","mp3":"\/music\/0_soundtracks\/Breaking%20Bad\/crapa%20pelada%20quartetto%20cetro%20(breaking%20bad,%203%20season%20).mp3"}]