[{"title":"Renaissance Venetian Music","mp3":"\/music\/0_classic_music\/Renaissance%20Venetian%20Music.mp3"},{"title":"Lois Fremaux - Birmingham SO - Saint-Saens - Symphony No.mp3","mp3":"\/music\/S\/Saint-Saens\/Saint-Saens.%20Sinfonia%20No%203,%20Carnival%20dex%20Animaux%20[Fremaux]\/Lois%20Fremaux%20-%20Birmingham%20SO%20-%20Saint-Saens%20-%20Symphony%20No.mp3"},{"title":"Track 03.mp3","mp3":"\/music\/0_classic_music\/Track%2003.mp3","free":"true"},{"title":"Track 14.mp3","mp3":"\/music\/0_classic_music\/Track%2014.mp3","free":"true"},{"title":"Track 15.mp3","mp3":"\/music\/0_classic_music\/Track%2015.mp3","free":"true"},{"title":"Track 16.mp3","mp3":"\/music\/0_classic_music\/Track%2016.mp3","free":"true"},{"title":"Track 20.mp3","mp3":"\/music\/0_classic_music\/Track%2020.mp3","free":"true"},{"title":"Track No07.mp3","mp3":"\/music\/0_classic_music\/Track%20No07.mp3","free":"true"},{"title":"Track No13.mp3","mp3":"\/music\/0_classic_music\/Track%20No13.mp3","free":"true"},{"title":"Track No18.mp3","mp3":"\/music\/0_classic_music\/Track%20No18.mp3","free":"true"},{"title":"Track No04.mp3","mp3":"\/music\/0_classic_music\/Track%20No04.mp3","free":"true"},{"title":"Bizet - Suite Carmen 1","mp3":"\/music\/B\/Bizet%20-%20Suite%20Carmen%201%20.mp3"},{"title":"Bach - Minuet And Bandinerie","mp3":"\/music\/B\/Bach\/Bach%20-%20Minuet%20And%20Bandinerie.mp3"},{"title":"Bach - Toccata","mp3":"\/music\/B\/Bach\/Bach%20-%20Toccata.mp3"},{"title":"Brandenburg Concertos, Concerto No.3, BWV 1048 - Allegro","mp3":"\/music\/B\/Bach\/Brandenburg%20Concertos,%20Concerto%20No.3,%20BWV%201048%20-%20Allegro.mp3"},{"title":"J.S.Bach, Brandenburg Concertos, Concerto No.4, BWV 1049 - Allegro","mp3":"\/music\/B\/Bach\/Brandenburg%20Concertos,%20Concerto%20No.4,%20BWV%201049%20-%20Allegro.mp3"},{"title":"J.S.Bach, Brandenburg Concertos, Concerto No.5, BWV 1050 - Allegro","mp3":"\/music\/B\/Bach\/Brandenburg%20Concertos,%20Concerto%20No.5,%20BWV%201050%20-%20Allegro.mp3"},{"title":"classicalgas.mp3","mp3":"\/music\/C\/classicalgas.mp3","free":"true"},{"title":"\u0427\u0430\u0439\u043a\u043e\u0432\u0441\u043a\u0438\u0439 \u0422\u0430\u043d\u0435\u0446  \u043c\u0430\u043b\u0435\u043d\u044c\u043a\u0438\u0445 \u043b\u0435\u0431\u0435\u0434\u0435\u0439","mp3":"\/music\/CH\/\u0427\u0430\u0439\u043a\u043e\u0432\u0441\u043a\u0438\u0439 \u0422\u0430\u043d\u0435\u0446  \u043c\u0430\u043b\u0435\u043d\u044c\u043a\u0438\u0445 \u043b\u0435\u0431\u0435\u0434\u0435\u0439.mp3"},{"title":"Handel - 01","mp3":"\/music\/H\/Handel\/01-gendel.mp3"},{"title":"02-gendel.mp3","mp3":"\/music\/H\/Handel\/02-gendel.mp3","free":"true"},{"title":"03-gendel.mp3","mp3":"\/music\/H\/Handel\/03-gendel.mp3","free":"true"},{"title":"04-gendel.mp3","mp3":"\/music\/H\/Handel\/04-gendel.mp3","free":"true"},{"title":"06-gendel.mp3","mp3":"\/music\/H\/Handel\/06-gendel.mp3","free":"true"},{"title":"Handel - Ottone-Overture","mp3":"\/music\/H\/Handel\/Ottone-Overture.mp3"},{"title":"Georg Friedrich Haendel (Perf. National Philarmonic Orchestra) - Sarabande Main Title (Barry Lyndon)","mp3":"\/music\/0_soundtracks\/Barry%20Lyndon%20ost\/01.%20Georg%20Friedrich%20Haendel%20(Perf.%20National%20Philarmonic%20Orchestra)%20-%20Sarabande%20Main%20Title.mp3"},{"title":"\u041c\u043e\u043d\u0442\u0435\u0432\u0435\u0440\u0434\u0438 \u041b\u0430\u0443\u043d\u0442\u0435\u0438 \u041a\u043e\u0445\u043d\u0430\u0433\u0438","mp3":"\/music\/M\/%D0%9C%D0%BE%D0%BD%D1%82%D0%B5%D0%B2%D0%B5%D1%80%D0%B4%D0%B8%20%D0%9B%D0%B0%D1%83%D0%BD%D1%82%D0%B5%D0%B8%20%D0%9A%D0%BE%D1%85%D0%BD%D0%B0%D0%B3%D0%B8.mp3"},{"title":"Claudio Monteverdi  Magnificat (complete)","mp3":"\/music\/0_classic_music\/Claudio%20Monteverdi%20%20Magnificat%20(complete).mp3"},{"title":"Mozart - K137, in B-flat Major_2. Allegro di molto","mp3":"\/music\/M\/Mozart\/K137_in%20B-flat%20Major_2.%20Allegro%20di%20molto.mp3"},{"title":"Mozart - Rondo Alla Turca","mp3":"\/music\/M\/Mozart\/Mozart%20-%20Rondo%20Alla%20Turca.mp3"},{"title":"W. A. Mozart - Marriage Of Figaro","mp3":"\/music\/M\/Mozart\/W.%20A.%20Mozart%20-%20Marriage%20Of%20Figaro%20.mp3"},{"title":"W.A.Mozart - Divertisment \u041a 136","mp3":"\/music\/M\/Mozart\/W.A.Mozart%20-%20Divertisment%20%D0%9A%20136%20.mp3"},{"title":"W.A.Mozart - Symphony 40 K 550","mp3":"\/music\/M\/Mozart\/W.A.Mozart%20-%20Symphony%2040%20K%20550%20.mp3"},{"title":"Mozart - Simphony \u2116 40","mp3":"\/music\/M\/Mozart\/Mozart-Simphony%20%E2%84%96%2040.mp3"},{"title":"\u041c\u043e\u0446\u0430\u0440\u0442 \u0421\u043e\u043d\u0430\u0442\u0430 \u0434\u043b\u044f \u0444\u043e\u0440\u0442\u0435\u043f\u044c\u044f\u043d\u043e  \u211615","mp3":"\/music\/M\/Mozart\/%D0%9C%D0%BE%D1%86%D0%B0%D1%80%D1%82%20%D0%A1%D0%BE%D0%BD%D0%B0%D1%82%D0%B0%20%D0%B4%D0%BB%D1%8F%20%D1%84%D0%BE%D1%80%D1%82%D0%B5%D0%BF%D1%8C%D1%8F%D0%BD%D0%BE%20%20%E2%84%9615.mp3"},{"title":"W. A. Mozart - Eine Kleine Nachtmusic","mp3":"\/music\/M\/Mozart\/W.%20A.%20Mozart%20-%20Eine%20Kleine%20Nachtmusic%20.mp3"},{"title":"Mozart - Concierto para piano N\u00ba 5 en Re mayor K175_Allegro","mp3":"\/music\/0_classic_music\/Mozart_Concierto%20para%20piano%20N%C2%BA%205%20en%20Re%20mayor%20K175_Allegro.mp3"},{"title":"Mozart - Eine Kleine Nachtmusik, K525_04-Rondo (Allegro)","mp3":"\/music\/M\/Mozart\/Eine%20Kleine%20Nachtmusik,%20K525_04-Rondo%20(Allegro).mp3"},{"title":"ar1_Diana Damrau - Queen of the night aria.mp3","mp3":"\/music\/M\/Mozart\/ar1_Diana Damrau - Queen of the night aria.mp3"},{"title":"ar2_Diana Damrau - Queen of the night aria.mp3","mp3":"\/music\/M\/Mozart\/ar2_Diana Damrau - Queen of the night aria.mp3"},{"title":"Diana Damrau - Queen of the Night - Mozart The Magic Flute.mp3","mp3":"\/music\/M\/Mozart\/Diana%20Damrau%20-%20Queen%20of%20the%20Night%20-%20Mozart%20The%20Magic%20Flute.mp3"},{"title":"Diana Damrau - Queen of the night aria.mp3","mp3":"\/music\/M\/Mozart\/Diana Damrau - Queen of the night aria.mp3"},{"title":"Mozart, Requiem, 01 - I. Introitus, Requiem (Chorus, Sopran)","mp3":"\/music\/M\/Mozart\/Requiem%20In%20D%20Minor\/01%20-%20I.%20Introitus,%20Requiem%20(Chorus,%20Sopran).mp3"},{"title":"Mozart, Requiem, 02 - II. Kyrie (Chorus) \u0413\u043e\u0441\u043f\u043e\u0434\u0438, \u043f\u043e\u043c\u0438\u043b\u0443\u0439","mp3":"\/music\/M\/Mozart\/Requiem%20In%20D%20Minor\/02%20-%20II.%20Kyrie%20(Chorus).mp3"},{"title":"Mozart, Requiem, 03 - III. Sequentia, 1 Dies Irae (Chorus)","mp3":"\/music\/M\/Mozart\/Requiem%20In%20D%20Minor\/03%20-%20III.%20Sequentia,%201%20Dies%20Irae%20(Chorus).mp3"},{"title":"Mozart, Requiem In D Minor, 07 - III. Sequentia, 5 Confutatis (Chorus)","mp3":"\/music\/M\/Mozart\/Requiem In D Minor\/07 - III. Sequentia, 5 Confutatis (Chorus).mp3"},{"title":"\u041e\u0440\u0444 - \u041a\u0430\u0440\u043c\u0438\u043d\u0430 \u0411\u0443\u0440\u0430\u043d\u0430","mp3":"\/music\/O\/%D0%9E%D1%80%D1%84%20-%20%D0%9A%D0%B0%D1%80%D0%BC%D0%B8%D0%BD%D0%B0%20%D0%91%D1%83%D1%80%D0%B0%D0%BD%D0%B0.mp3"},{"title":"Pashebell - Cannon","mp3":"\/music\/P\/Pashebell%20-%20Cannon%20.mp3"},{"title":"\u041f\u0430\u0433\u0430\u043d\u0438\u043d\u0438 - \u041a\u0430\u043f\u0440\u0438\u0441 \u211624","mp3":"\/music\/P\/%D0%9F%D0%B0%D0%B3%D0%B0%D0%BD%D0%B8%D0%BD%D0%B8%20%D0%9A%D0%B0%D0%BF%D1%80%D0%B8%D1%81%20%E2%84%9624.mp3"},{"title":"\u041f\u0435\u0440\u0441\u0435\u043b\u043b - \u041c\u0430\u0440\u0448 - \u041b.\u041a\u0430\u043c\u043c\u0438\u043d\u0433 (\u043e\u0440\u0433\u0430\u043d)","mp3":"\/music\/P\/Pursell.H._Marsche_organ.mp3"},{"title":"Rossini. Quartett N1. F-dur. Rondo. Allegro","mp3":"\/music\/R\/Rossini\/Rossini.%20Quartett%20N1.%20F-dur.%20Rondo.%20Allegro.mp3"},{"title":"Rossini-Il.barbiere.di.Siviglia.1989","mp3":"\/music\/R\/Rossini\/Rossini-Il.barbiere.di.Siviglia.1989.mp3"},{"title":"\u0428\u0442\u0440\u0430\u0443\u0441 \u041c\u0430\u0440\u0448 \u0420\u0430\u0434\u0435\u0446\u043a\u043e\u0433\u043e","mp3":"\/music\/SH\/%D0%A8%D1%82%D1%80%D0%B0%D1%83%D1%81%20%D0%9C%D0%B0%D1%80%D1%88%20%D0%A0%D0%B0%D0%B4%D0%B5%D1%86%D0%BA%D0%BE%D0%B3%D0%BE.mp3"},{"title":"Vivaldi - Track No01","mp3":"\/music\/V\/Vivaldi\/Track No01.mp3"},{"title":"Vivaldi - Track No02","mp3":"\/music\/V\/Vivaldi\/Track No02.mp3"},{"title":"Vivaldi, Track No03","mp3":"\/music\/V\/Vivaldi\/Track No03.mp3"},{"title":"Vivaldi, Track No04","mp3":"\/music\/V\/Vivaldi\/Track No04.mp3"},{"title":"Vivaldi - Concerto Grosso 2","mp3":"\/music\/V\/Vivaldi\/Vivaldi - Concerto Grosso 2 .mp3"},{"title":"Vivaldi - Flute Concerto","mp3":"\/music\/V\/Vivaldi\/Vivaldi - Flute Concerto.MP3"},{"title":"Vivaldi_Le quattro stagioni_(Spring)","mp3":"\/music\/V\/Vivaldi\/Vivaldi_Le%20quattro%20stagioni_(Spring).mp3"},{"title":" Glinka - Ruslan And Ludmila (Overture)","mp3":"\/music\/G\/Glinka - Ruslan And Ludmila (Overture) .mp3"},{"title":"Beethoven  Symphony No.9 (10000 Japanese)  Freude sch\u00f6ner G\u00f6tterfunken","mp3":"\/music\/0_classic_music\/Beethoven  Symphony No.9 (10000 Japanese)  Freude sch\u00f6ner G\u00f6tterfunken.mp3"},{"title":"Jean-Baptiste Lully_La Ceremonie Turque.mp3","mp3":"\/music\/0_classic_music\/Jean-Baptiste%20Lully_La%20Ceremonie%20Turque.mp3"},{"title":"Jean-Baptiste Lully_Miserere_Miserere.mp3","mp3":"\/music\/0_classic_music\/Jean-Baptiste%20Lully_Miserere_Miserere.mp3"},{"title":"Jean-Baptiste Lully, Te Deum, Symphonie Dignare Domine","mp3":"\/music\/0_classic_music\/Jean-Baptiste%20Lully_Te%20Deum_Symphonie%20-%20Dignare%20Domine.mp3"},{"title":"Fredrick The Great - Hohenfriedberger March (Barry Lyndon)","mp3":"\/music\/0_soundtracks\/Barry%20Lyndon%20ost\/07.%20Fredrick%20The%20Great%20-%20Hohenfriedberger%20March.mp3"},{"title":"Bach - 01-Organ- Kommst du nun, Jesu, vom Himmel herunter","mp3":"\/music\/B\/Bach\/23-6%20SCHUBLER%20CHORALES\/01-Organ-%20Kommst%20du%20nun,%20Jesu,%20vom%20Himmel%20herunter.mp3"},{"title":"Bach, 02-Chorale- Kommst du nun, Jesu, vom Himmel herunter","mp3":"\/music\/B\/Bach\/23-6%20SCHUBLER%20CHORALES\/02-Chorale-%20Kommst%20du%20nun,%20Jesu,%20vom%20Himmel%20herunter.mp3"},{"title":"Bach, 03-Chorale- Fuehr auch mein Herz und Sinn","mp3":"\/music\/B\/Bach\/23-6%20SCHUBLER%20CHORALES\/03-Chorale-%20Fuehr%20auch%20mein%20Herz%20und%20Sinn.mp3"},{"title":"Bach, 03-Chorale- Gloria sei dir gesungen","mp3":"\/music\/B\/Bach\/23-6%20SCHUBLER%20CHORALES\/03-Chorale-%20Gloria%20sei%20dir%20gesungen.mp3"},{"title":"Bach, 03-Chorale- In dieser letzt'n betruebten Zeit","mp3":"\/music\/B\/Bach\/23-6%20SCHUBLER%20CHORALES\/03-Chorale-%20In%20dieser%20letzt'n%20betruebten%20Zeit.mp3"},{"title":"Bach, 03-Chorale- Lob und Preis sei Gott, dem Vater","mp3":"\/music\/B\/Bach\/23-6%20SCHUBLER%20CHORALES\/03-Chorale-%20Lob%20und%20Preis%20sei%20Gott,%20dem%20Vater.mp3"},{"title":"Bach, 03-Chorale- Sing, bet und geh auf Gottes Wegen","mp3":"\/music\/B\/Bach\/23-6%20SCHUBLER%20CHORALES\/03-Chorale-%20Sing,%20bet%20und%20geh%20auf%20Gottes%20Wegen.mp3"},{"title":"Handel, 01-Suite in F major, HWV 348-Ouverture (Largo - Allegro)","mp3":"\/music\/H\/Handel\/01-Suite%20in%20F%20major,%20HWV%20348\/01-Suite%20in%20F%20major,%20HWV%20348-Ouverture%20(Largo%20-%20Allegro).mp3"},{"title":"Handel, 02-Suite in F major, HWV 348-Adagio e staccato","mp3":"\/music\/H\/Handel\/01-Suite in F major, HWV 348\/02-Suite in F major, HWV 348-Adagio e staccato.mp3"},{"title":"Handel, 03-Suite in F major, HWV 348-(Allegro)-Andante-(Allegro)","mp3":"\/music\/H\/Handel\/01-Suite in F major, HWV 348\/03-Suite in F major, HWV 348-(Allegro)-Andante-(Allegro).mp3"},{"title":"Handel, 04-Suite in F major, HWV 348-(Menuet)","mp3":"\/music\/H\/Handel\/01-Suite%20in%20F%20major,%20HWV%20348\/04-Suite%20in%20F%20major,%20HWV%20348-(Menuet).mp3"},{"title":"Handel, 05-Suite in F major, HWV 348-Air","mp3":"\/music\/H\/Handel\/01-Suite%20in%20F%20major,%20HWV%20348\/05-Suite%20in%20F%20major,%20HWV%20348-Air.mp3"},{"title":"Handel, 06-Suite in F major, HWV 348-Menuet","mp3":"\/music\/H\/Handel\/01-Suite%20in%20F%20major,%20HWV%20348\/06-Suite%20in%20F%20major,%20HWV%20348-Menuet.mp3"},{"title":"Handel, 07-Suite in F major, HWV 348-Bourree","mp3":"\/music\/H\/Handel\/01-Suite%20in%20F%20major,%20HWV%20348\/07-Suite%20in%20F%20major,%20HWV%20348-Bourree.mp3"},{"title":"Handel, 08-Suite in F major, HWV 348-Hornpipe","mp3":"\/music\/H\/Handel\/01-Suite%20in%20F%20major,%20HWV%20348\/08-Suite%20in%20F%20major,%20HWV%20348-Hornpipe.mp3"},{"title":"Handel, 09-Suite in F major, HWV 348-(Andante)","mp3":"\/music\/H\/Handel\/01-Suite%20in%20F%20major,%20HWV%20348\/09-Suite%20in%20F%20major,%20HWV%20348-(Andante).mp3"},{"title":"Mark-Antuan Sharpante-Prelyudiya, k Te Deum (gimn_Evrovideniya)","mp3":"\/music\/SH\/Mark-Antuan_Sharpante\/Mark-Antuan_Sharpante-Prelyudiya_k_Te_Deum_(gimn_Evrovideniya).mp3"},{"title":"Mark-Antuan Sharpante (1643-1704), Te Deum (barokko) \u00ab\u0422\u0435\u0431\u0435 \u0411\u043e\u0433\u0430 \u0445\u0432\u0430\u043b\u0438\u043c\u00bb","mp3":"\/music\/SH\/Mark-Antuan_Sharpante\/Mark-Antuan_Sharpante_(1643-1704)-Te_Deum_(epoha_barokko).mp3"},{"title":"Mark-Antuan Sharpante - Magnificat H.73, pour 3 vx, 2 d. inst., bc, XV (1670\u20141671) \u0441\u043b\u0430\u0432\u043e\u0441\u043b\u043e\u0432\u0438\u0435 \u0414\u0435\u0432\u044b \u041c\u0430\u0440\u0438\u0438","mp3":"\/music\/SH\/Mark-Antuan_Sharpante\/ShARPANTE_Mark_Antuan-Magnificat_H.73.mp3"},{"title":"Boccherini, Guitar Quintet N4 In D, G 448, Fandango - 2. Allegro Maestoso","mp3":"\/music\/B\/Boccherini_%20Luigi_Fandango_Sinfonie_La_Musica_Notturna_Di_Madrid\/02%20Boccherini_%20Guitar%20Quintet%20N4%20In%20D,%20G%20448,%20_Fandango_%20-%202.%20Allegro%20Maestoso.mp3"},{"title":"03 Boccherini_ Guitar Quintet N4 In D, G 448, _Fandango_ - 3. Grave Assai, Fandango","mp3":"\/music\/B\/Boccherini_ Luigi_Fandango_Sinfonie_La_Musica_Notturna_Di_Madrid\/03 Boccherini_ Guitar Quintet N4 In D, G 448, _Fandango_ - 3. Grave Assai, Fandango.mp3"},{"title":"03 Boccherini_ Guitar Quintet N4 In D, G 448, _Fandango_ - 3.mp3","mp3":"\/music\/B\/Boccherini_ Luigi_Fandango_Sinfonie_La_Musica_Notturna_Di_Madrid\/03 Boccherini_ Guitar Quintet N4 In D, G 448, _Fandango_ - 3.mp3"},{"title":"04 Boccherini_ Symphony In D Minor, Op. 37, G 517 - 1. Allegro Moderato.mp3","mp3":"\/music\/B\/Boccherini_ Luigi_Fandango_Sinfonie_La_Musica_Notturna_Di_Madrid\/04 Boccherini_ Symphony In D Minor, Op. 37, G 517 - 1. Allegro Moderato.mp3"},{"title":"05 Boccherini_ Symphony In D Minor, Op. 37, G 517 - 2. Minuetto Con Moto, Trio.mp3","mp3":"\/music\/B\/Boccherini_ Luigi_Fandango_Sinfonie_La_Musica_Notturna_Di_Madrid\/05 Boccherini_ Symphony In D Minor, Op. 37, G 517 - 2. Minuetto Con Moto, Trio.mp3"},{"title":"06 Boccherini_ Symphony In D Minor, Op. 37, G 517 - 3. Andante Amoroso.mp3","mp3":"\/music\/B\/Boccherini_ Luigi_Fandango_Sinfonie_La_Musica_Notturna_Di_Madrid\/06 Boccherini_ Symphony In D Minor, Op. 37, G 517 - 3. Andante Amoroso.mp3"},{"title":"07 Boccherini_ Symphony In D Minor, Op. 37, G 517 - 4. Finale_ Allegro Vivo, Ma Non Tanto Presto.mp3","mp3":"\/music\/B\/Boccherini_ Luigi_Fandango_Sinfonie_La_Musica_Notturna_Di_Madrid\/07 Boccherini_ Symphony In D Minor, Op. 37, G 517 - 4. Finale_ Allegro Vivo, Ma Non Tanto Presto.mp3"},{"title":"10 Boccherini_ Symphony In A, Op. 35, G 511 - 3. Allegro Ma Non Presto.mp3","mp3":"\/music\/B\/Boccherini_ Luigi_Fandango_Sinfonie_La_Musica_Notturna_Di_Madrid\/10 Boccherini_ Symphony In A, Op. 35, G 511 - 3. Allegro Ma Non Presto.mp3"},{"title":"11 Boccherini_ Quintet In D, Op. 31, G324, _La Musica Notturna Delle Strade Di Madrid_ - 1. Le Campane Di L'Ave Maria.mp3","mp3":"\/music\/B\/Boccherini_ Luigi_Fandango_Sinfonie_La_Musica_Notturna_Di_Madrid\/11 Boccherini_ Quintet In D, Op. 31, G324, _La Musica Notturna Delle Strade Di Madrid_ - 1. Le Campane Di L'Ave Maria.mp3"},{"title":"12 Boccherini_ Quintet In D, Op. 31, G324, _La Musica Nottur.mp3","mp3":"\/music\/B\/Boccherini_ Luigi_Fandango_Sinfonie_La_Musica_Notturna_Di_Madrid\/12 Boccherini_ Quintet In D, Op. 31, G324, _La Musica Nottur.mp3"},{"title":"12 Boccherini_ Quintet In D, Op. 31, G324, _La Musica Notturna Delle Strade Di Madrid_ - 2. Il Tamburo Dei Soldati.mp3","mp3":"\/music\/B\/Boccherini_ Luigi_Fandango_Sinfonie_La_Musica_Notturna_Di_Madrid\/12 Boccherini_ Quintet In D, Op. 31, G324, _La Musica Notturna Delle Strade Di Madrid_ - 2. Il Tamburo Dei Soldati.mp3"},{"title":"13 Boccherini_ Quintet In D, Op. 31, G324, _La Musica Notturna Delle Strade Di Madrid_ - 3. Minuetto Dei Ciechi.mp3","mp3":"\/music\/B\/Boccherini_ Luigi_Fandango_Sinfonie_La_Musica_Notturna_Di_Madrid\/13 Boccherini_ Quintet In D, Op. 31, G324, _La Musica Notturna Delle Strade Di Madrid_ - 3. Minuetto Dei Ciechi.mp3"},{"title":"14 Boccherini_ Quintet In D, Op. 31, G324, _La Musica Nottur.mp3","mp3":"\/music\/B\/Boccherini_ Luigi_Fandango_Sinfonie_La_Musica_Notturna_Di_Madrid\/14 Boccherini_ Quintet In D, Op. 31, G324, _La Musica Nottur.mp3"},{"title":"14 Boccherini_ Quintet In D, Op. 31, G324, _La Musica Notturna Delle Strade Di Madrid_ - 4. Il Rosario.mp3","mp3":"\/music\/B\/Boccherini_ Luigi_Fandango_Sinfonie_La_Musica_Notturna_Di_Madrid\/14 Boccherini_ Quintet In D, Op. 31, G324, _La Musica Notturna Delle Strade Di Madrid_ - 4. Il Rosario.mp3"},{"title":"15 Boccherini_ Quintet In D, Op. 31, G324, _La Musica Notturna Delle Strade Di Madrid_ - 5. Passa Calle. Allegro Vivo P.mp3","mp3":"\/music\/B\/Boccherini_ Luigi_Fandango_Sinfonie_La_Musica_Notturna_Di_Madrid\/15 Boccherini_ Quintet In D, Op. 31, G324, _La Musica Notturna Delle Strade Di Madrid_ - 5. Passa Calle. Allegro Vivo P.mp3"},{"title":"16 Boccherini_ Quintet In D, Op. 31, G324, _La Musica Nottur.mp3","mp3":"\/music\/B\/Boccherini_ Luigi_Fandango_Sinfonie_La_Musica_Notturna_Di_Madrid\/16 Boccherini_ Quintet In D, Op. 31, G324, _La Musica Nottur.mp3"},{"title":"16 Boccherini_ Quintet In D, Op. 31, G324, _La Musica Notturna Delle Strade Di Madrid_ - 6. Il Tamburo.mp3","mp3":"\/music\/B\/Boccherini_ Luigi_Fandango_Sinfonie_La_Musica_Notturna_Di_Madrid\/16 Boccherini_ Quintet In D, Op. 31, G324, _La Musica Notturna Delle Strade Di Madrid_ - 6. Il Tamburo.mp3"},{"title":"17 Boccherini_ Quintet In D, Op. 31, G324, _La Musica Nottur.mp3","mp3":"\/music\/B\/Boccherini_ Luigi_Fandango_Sinfonie_La_Musica_Notturna_Di_Madrid\/17 Boccherini_ Quintet In D, Op. 31, G324, _La Musica Nottur.mp3"},{"title":"17 Boccherini_ Quintet In D, Op. 31, G324, _La Musica Notturna Delle Strade Di Madrid_ - 7. Ritirata_ Maestoso.mp3","mp3":"\/music\/B\/Boccherini_ Luigi_Fandango_Sinfonie_La_Musica_Notturna_Di_Madrid\/17 Boccherini_ Quintet In D, Op. 31, G324, _La Musica Notturna Delle Strade Di Madrid_ - 7. Ritirata_ Maestoso.mp3"},{"title":"Boccherini - Quintet No.11 Minuet","mp3":"\/music\/B\/Boccherini_ Luigi_Fandango_Sinfonie_La_Musica_Notturna_Di_Madrid\/Boccherini - Quintet No.11 Minuet.MP3"},{"title":"13 Boccherini_ Quintet In D, Op. 31, G324, _La Musica Nottur","mp3":"\/music\/B\/Boccherini_ Luigi_Fandango_Sinfonie_La_Musica_Notturna_Di_Madrid\/13 Boccherini_ Quintet In D, Op. 31, G324, _La Musica Nottur.mp3"},{"title":"Georgiy Sviridov, Vals","mp3":"\/music\/0_classic_music\/georgiy-sviridov_Vals.mp3"}]