[{"title":"07 BACCARA feat.MICHAEL UNIVERSAL - YES SIR, I CAN BOOGIE.mp3","mp3":"/music/B/BACCARA/07%20BACCARA%20feat.MICHAEL%20UNIVERSAL%20-%20YES%20SIR,%20I%20CAN%20BOOGIE.mp3","free":"true"},{"title":"Baccara - Cara Mia.mp3","mp3":"/music/B/BACCARA/Baccara%20-%20Cara%20Mia.mp3","free":"true"},{"title":"067 BONEY M  - Kalimba De Luna.mp3","mp3":"/music/B/BONEY%20M/067%20BONEY%20M%20%20-%20Kalimba%20De%20Luna.mp3","free":"true"},{"title":"085 BONEY M - Daddy cool.mp3","mp3":"/music/B/BONEY%20M/085%20BONEY%20M%20-%20Daddy%20cool.mp3","free":"true"},{"title":"091 BONEY M - Rivers Of Babylon.mp3","mp3":"/music/B/BONEY%20M/091%20BONEY%20M%20-%20Rivers%20Of%20Babylon.mp3","free":"true"},{"title":"Boney M - No Woman No Cry.mp3","mp3":"/music/B/BONEY%20M/Boney%20M%20-%20No%20Woman%20No%20Cry.mp3","free":"true"},{"title":"ABBA - SOS.mp3","mp3":"/music/A/ABBA%20-%20SOS.mp3","free":"true"},{"title":"Modern Talking - Cheri Cheri Lady ( New Version ).mp3","mp3":"/music/M/Modern%20Talking/Modern%20Talking%20-%20Cheri%20Cheri%20Lady%20(%20New%20Version%20).mp3","free":"true"},{"title":"Modern Talking - No Face No Name No Number.mp3","mp3":"/music/M/Modern Talking/Modern Talking - No Face No Name No Number.mp3","free":"true"},{"title":"Modern Talking - You're My Heart, You're My Soul (New).mp3","mp3":"/music/M/Modern Talking/Modern Talking - You're My Heart, You're My Soul (New).mp3","free":"true"},{"title":"Joy - Touch by touch.mp3","mp3":"/music/J/Joy - Touch by touch.mp3","free":"true"},{"title":"Madonna - The Power Of Goodbye.mp3","mp3":"/music/M/Madonna - The Power Of Goodbye.mp3","free":"true"},{"title":"Melom_.mp3","mp3":"/music/M/Melom_.mp3","free":"true"},{"title":"\u041c\u0430\u0448\u0430 \u0438 \u041c\u0435\u0434\u0432\u0435\u0434\u0438 - \u041b\u044e\u0431\u043e\u0447\u043a\u0430.mp3","mp3":"/music/M/\u041c\u0430\u0448\u0430 \u0438 \u041c\u0435\u0434\u0432\u0435\u0434\u0438 - \u041b\u044e\u0431\u043e\u0447\u043a\u0430.mp3","free":"true"},{"title":"Natalia Oreiro - Canto Canto.mp3","mp3":"/music/N/Natalia Oreiro - Canto Canto.mp3","free":"true"},{"title":"Track No01.mp3","mp3":"/music/P/plasma/Track No01.mp3","free":"true"},{"title":"Track No02.mp3","mp3":"/music/P/plasma/Track No02.mp3","free":"true"},{"title":"Track No03.mp3","mp3":"/music/P/plasma/Track No03.mp3","free":"true"},{"title":"Track No06.mp3","mp3":"/music/P/plasma/Track No06.mp3","free":"true"},{"title":"Track No07.mp3","mp3":"/music/P/plasma/Track No07.mp3","free":"true"},{"title":"Track No08.mp3","mp3":"/music/P/plasma/Track No08.mp3","free":"true"},{"title":"Track No10.mp3","mp3":"/music/P/plasma/Track No10.mp3","free":"true"},{"title":"Track No15.mp3","mp3":"/music/P/plasma/Track No15.mp3","free":"true"},{"title":"Panjabi MC - 06 - Jogi.mp3","mp3":"/music/P/Panjabi MC - 06 - Jogi.mp3","free":"true"},{"title":"\u041f\u0440\u043e\u043f\u0430\u0433\u0430\u043d\u0434\u0430 - \u0414\u043e\u0436\u0434\u044c \u043f\u043e \u043a\u0440\u044b\u0448\u0435.mp3","mp3":"/music/P/\u041f\u0440\u043e\u043f\u0430\u0433\u0430\u043d\u0434\u0430 - \u0414\u043e\u0436\u0434\u044c \u043f\u043e \u043a\u0440\u044b\u0448\u0435.mp3","free":"true"},{"title":"Pump Up The JAM 98 (feat Technotronic).mp3","mp3":"/music/P/Pump Up The JAM 98 (feat Technotronic).mp3","free":"true"},{"title":"Raul - Sueno Su Boco.mp3","mp3":"/music/R/Raul - Sueno Su Boco.mp3","free":"true"},{"title":"Sabrina - Boys.mp3","mp3":"/music/S/Sabrina - Boys.mp3","free":"true"},{"title":"Shakira - Suerte.mp3","mp3":"/music/S/Shakira - Suerte.mp3","free":"true"},{"title":"stoneblus.mp3","mp3":"/music/S/stoneblus.mp3","free":"true"},{"title":"16 - Vanessa Paradis - Joe Le Taxi.mp3","mp3":"/music/V/16 - Vanessa Paradis - Joe Le Taxi.mp3","free":"true"},{"title":"\u0412\u0438\u0440\u0443\u0441-\u043f\u043e\u043f\u0440\u043e\u0448\u0443 \u0442\u0435\u0431\u044f.mp3","mp3":"/music/V/\u0412\u0438\u0440\u0443\u0441-\u043f\u043e\u043f\u0440\u043e\u0448\u0443 \u0442\u0435\u0431\u044f.mp3","free":"true"},{"title":"YUlya Savicheva - Proschai, moya lyubov'.mp3","mp3":"/music/Y/YUlya Savicheva - Proschai, moya lyubov'.mp3","free":"true"},{"title":"01 IF!.mp3","mp3":"/music/G/Gollbetty/01 IF!.mp3","free":"true"},{"title":"02 IF!-inst..mp3","mp3":"/music/G/Gollbetty/02 IF!-inst..mp3","free":"true"},{"title":"03 IF!-Remix.mp3","mp3":"/music/G/Gollbetty/03 IF!-Remix.mp3","free":"true"},{"title":"ACE OF BASE - BEAUTIFUL MORNING (groove radio mix).mp3","mp3":"/music/A/ace of base/ACE OF BASE - BEAUTIFUL MORNING (groove radio mix).mp3","free":"true"},{"title":"ACE OF BASE - DA CAPO.mp3","mp3":"/music/A/ace of base/ACE OF BASE - DA CAPO.mp3","free":"true"},{"title":"Ace Of Base - Wheel Of Fortune.mp3","mp3":"/music/A/ace of base/Ace Of Base - Wheel Of Fortune.mp3","free":"true"},{"title":"Ace Of Base-All That She Wants.mp3","mp3":"/music/A/ace of base/Ace Of Base-All That She Wants.mp3","free":"true"},{"title":"Beautiful Life.mp3","mp3":"/music/A/ace of base/Beautiful Life.mp3","free":"true"},{"title":"Happy Nation.mp3","mp3":"/music/A/ace of base/Happy Nation.mp3","free":"true"},{"title":"05-AudioTrack 05.mp3","mp3":"/music/A/05-AudioTrack 05.mp3","free":"true"},{"title":"Another Day_Future Breeze.mp3","mp3":"/music/A/Another Day_Future Breeze.mp3","free":"true"},{"title":"ATC - Around The World.mp3","mp3":"/music/A/ATC - Around The World.mp3","free":"true"},{"title":"Avto - \u041c\u0435\u0440\u0437\u043e\u0441\u0442\u044c.mp3","mp3":"/music/A/Avto - \u041c\u0435\u0440\u0437\u043e\u0441\u0442\u044c.mp3","free":"true"},{"title":"Alizee - Im Fed Up.mp3","mp3":"/music/A/Alizee - Im Fed Up.mp3","free":"true"},{"title":"Afric Simone - Hafanana.mp3","mp3":"/music/A/Afric Simone - Hafanana.mp3","free":"true"},{"title":"Aha - I've been losing you.mp3","mp3":"/music/A/Aha - I've been losing you.mp3","free":"true"},{"title":"BEACH BOYS - California Dreaming.mp3","mp3":"/music/B/BEACH%20BOYS%20-%20California%20Dreaming.mp3","free":"true"},{"title":"Beverly Hills Cop.mp3","mp3":"/music/B/Beverly Hills Cop.mp3","free":"true"},{"title":"Christina Aguilera - Come On Over (All I Want Is You).mp3","mp3":"/music/C/Christina Aguilera - Come On Over (All I Want Is You).mp3","free":"true"},{"title":"Depeche Mode_Personal Jesus.mp3","mp3":"/music/D/Depeche Mode_Personal Jesus.mp3","free":"true"},{"title":"Desireless - Voyage, Voyage.mp3","mp3":"/music/D/Desireless - Voyage, Voyage.mp3","free":"true"},{"title":"Dschingis Khan.mp3","mp3":"/music/D/Dschingis Khan.mp3","free":"true"},{"title":"Duran Duran - Electric Barbarella.mp3","mp3":"/music/D/Duran Duran - Electric Barbarella.mp3","free":"true"},{"title":"Jason Donovan.mp3","mp3":"/music/D/Jason Donovan.mp3","free":"true"}]