[{"title":"Renaissance Venetian Music.mp3","mp3":"\/music\/0_classic_music\/Renaissance%20Venetian%20Music.mp3","free":"true"},{"title":"Flemish Renaissance song.mp3","mp3":"\/music\/0_folk,%20chant\/Flemish%20Renaissance%20song.mp3","free":"true"},{"title":"Italian Renaissance song.mp3","mp3":"\/music\/0_folk,%20chant\/Italian%20Renaissance%20song.mp3","free":"true"},{"title":"Orthodox russian chant, \u041f\u0435\u0441\u043d\u044c \u0411\u043e\u0433\u043e\u0440\u043e\u0434\u0438\u0446\u044b, \u041c\u0430\u0433\u043d\u0438\u0444\u0438\u043a\u0430\u0442","mp3":"\/music\/0_folk,%20chant\/Orthodox%20russian%20chant,%20%D0%9F%D0%B5%D1%81%D0%BD%D1%8C%20%D0%91%D0%BE%D0%B3%D0%BE%D1%80%D0%BE%D0%B4%D0%B8%D1%86%D1%8B.mp3"},{"title":"Russian Orthodox from the Choir of Kharkov, \u041f\u0441\u0430\u043b\u043e\u043c 148 \u00ab\u0425\u0432\u0430\u043b\u0438\u0442\u0435 \u0413\u043e\u0441\u043f\u043e\u0434\u0430 \u0441 \u043d\u0435\u0431\u0435\u0441, \u0445\u0432\u0430\u043b\u0438\u0442\u0435 e\u0433\u043e \u0432 \u0432\u044b\u0448\u043d\u0438\u0445\u00bb","mp3":"\/music\/0_folk,%20chant\/Russian%20Orthodox%20Chant.mp3"},{"title":"La Manfredina-Italy_XIV.mp3","mp3":"\/music\/0_folk,%20chant\/La%20Manfredina-Italy_XIV.mp3","free":"true"},{"title":"Tempus est iocundum (13 century).mp3","mp3":"\/music\/0_folk, chant\/Tempus est iocundum (13 century).mp3","free":"true"},{"title":"01 Anoche La Medianoche.mp3","mp3":"\/music\/B\/BraAgas\/01 Anoche La Medianoche.mp3","free":"true"},{"title":"BraAgas - Csiki, Csiki","mp3":"\/music\/B\/BraAgas\/02%20Csiki,%20Csiki.mp3"},{"title":"03 Tuli.mp3","mp3":"\/music\/B\/BraAgas\/03 Tuli.mp3","free":"true"},{"title":"04 Al Pasar Por Casablanca.mp3","mp3":"\/music\/B\/BraAgas\/04 Al Pasar Por Casablanca.mp3","free":"true"},{"title":"06 Hajde Jano.mp3","mp3":"\/music\/B\/BraAgas\/06 Hajde Jano.mp3","free":"true"},{"title":"07 Dilano Mome.mp3","mp3":"\/music\/B\/BraAgas\/07 Dilano Mome.mp3","free":"true"},{"title":"08 Dos Amantes.mp3","mp3":"\/music\/B\/BraAgas\/08 Dos Amantes.mp3","free":"true"},{"title":"09 Asentada En Mi Ventana.mp3","mp3":"\/music\/B\/BraAgas\/09 Asentada En Mi Ventana.mp3","free":"true"},{"title":"10 Herr Holger.mp3","mp3":"\/music\/B\/BraAgas\/10 Herr Holger.mp3","free":"true"},{"title":"11 Salva Nos.mp3","mp3":"\/music\/B\/BraAgas\/11 Salva Nos.mp3","free":"true"},{"title":"02_-_Drolls_-_Carminis_Vagantibus_-_Cuncti_Simus_(Llibre_Vermell,_Spain,_XIV).mp3","mp3":"\/music\/D\/Drolls\/02_-_Drolls_-_Carminis_Vagantibus_-_Cuncti_Simus_(Llibre_Vermell,_Spain,_XIV).mp3","free":"true"},{"title":"04_-_Drolls_-_Carminis_Vagantibus_-_Miragres_Fremosos_(CSM).mp3","mp3":"\/music\/D\/Drolls\/04_-_Drolls_-_Carminis_Vagantibus_-_Miragres_Fremosos_(CSM).mp3","free":"true"},{"title":"06_-_Drolls_-_Quintus_-_Es_war_einmal_ein_Madchen_(anon._XVI).mp3","mp3":"\/music\/D\/Drolls\/06_-_Drolls_-_Quintus_-_Es_war_einmal_ein_Madchen_(anon._XVI).mp3","free":"true"},{"title":"11_-_Drolls_-_Carminis_Vagantibus_-_Fulget_Dies_Celebris_(Germany,_XII).mp3","mp3":"\/music\/D\/Drolls\/11_-_Drolls_-_Carminis_Vagantibus_-_Fulget_Dies_Celebris_(Germany,_XII).mp3","free":"true"},{"title":"12_-_Drolls_-_Carminis_Vagantibus_-_Los_Bilbilicos_(Spain,_XV).mp3","mp3":"\/music\/D\/Drolls\/12_-_Drolls_-_Carminis_Vagantibus_-_Los_Bilbilicos_(Spain,_XV).mp3","free":"true"},{"title":"19_-_Drolls_-_Carminis_Vagantibus_-_Olim_lacus_colueram_(Germany,_XIII;_trans._by_M._Gasparov).mp3","mp3":"\/music\/D\/Drolls\/19_-_Drolls_-_Carminis_Vagantibus_-_Olim_lacus_colueram_(Germany,_XIII;_trans._by_M._Gasparov).mp3","free":"true"},{"title":"02 Drolls - Saltarello 2 (It. anon. XIV).mp3","mp3":"\/music\/D\/Drolls\/02 Drolls - Saltarello 2 (It. anon. XIV).mp3","free":"true"}]