[{"title":"01 - \u041f\u043e\u0433\u0430\u043d\u0430\u044f \u043c\u043e\u043b\u043e\u0434\u0435\u0436\u044c .mp3",
"mp3":"/music\/G\/GrOb\/%D0%93%D1%80%D0%B0%D0%B6%D0%B4%D0%B0%D0%BD%D1%81%D0%BA%D0%B0%D1%8F%20%D0%BE%D0%B1%D0%BE%D1%80%D0%BE%D0%BD%D0%B0\/1985%20-%20%D0%9F%D0%BE%D0%B3%D0%B0%D0%BD%D0%B0%D1%8F%20%D0%BC%D0%BE%D0%BB%D0%BE%D0%B4%D0%B5%D0%B6%D1%8C\/01%20-%20%D0%9F%D0%BE%D0%B3%D0%B0%D0%BD%D0%B0%D1%8F%20%D0%BC%D0%BE%D0%BB%D0%BE%D0%B4%D0%B5%D0%B6%D1%8C%20.mp3",
"free":"true"},
{"title":"02 - \u0421\u043d\u0430\u0440\u0443\u0436\u0438 \u0432\u0441\u0435\u0445 \u0438\u0437\u043c\u0435\u0440\u0435\u043d\u0438\u0439 .mp3",
"mp3":"/music\/G\/GrOb\/%D0%93%D1%80%D0%B0%D0%B6%D0%B4%D0%B0%D0%BD%D1%81%D0%BA%D0%B0%D1%8F%20%D0%BE%D0%B1%D0%BE%D1%80%D0%BE%D0%BD%D0%B0\/1985%20-%20%D0%9F%D0%BE%D0%B3%D0%B0%D0%BD%D0%B0%D1%8F%20%D0%BC%D0%BE%D0%BB%D0%BE%D0%B4%D0%B5%D0%B6%D1%8C\/02%20-%20%D0%A1%D0%BD%D0%B0%D1%80%D1%83%D0%B6%D0%B8%20%D0%B2%D1%81%D0%B5%D1%85%20%D0%B8%D0%B7%D0%BC%D0%B5%D1%80%D0%B5%D0%BD%D0%B8%D0%B9%20.mp3",
"free":"true"},
{"title":"03 - \u0414\u0432\u043e\u0438\u0442\u0441\u044f \u0432 \u0433\u043b\u0430\u0437\u0430\u0445 .mp3",
"mp3":"/music\/G\/GrOb\/%D0%93%D1%80%D0%B0%D0%B6%D0%B4%D0%B0%D0%BD%D1%81%D0%BA%D0%B0%D1%8F%20%D0%BE%D0%B1%D0%BE%D1%80%D0%BE%D0%BD%D0%B0\/1985%20-%20%D0%9F%D0%BE%D0%B3%D0%B0%D0%BD%D0%B0%D1%8F%20%D0%BC%D0%BE%D0%BB%D0%BE%D0%B4%D0%B5%D0%B6%D1%8C\/03%20-%20%D0%94%D0%B2%D0%BE%D0%B8%D1%82%D1%81%D1%8F%20%D0%B2%20%D0%B3%D0%BB%D0%B0%D0%B7%D0%B0%D1%85%20.mp3",
"free":"true"},
{"title":"05 - \u042f \u0432\u044b\u0434\u0443\u043c\u0430\u043d \u043d\u0430\u043f\u0440\u043e\u0447\u044c .mp3",
"mp3":"/music\/G\/GrOb\/%D0%93%D1%80%D0%B0%D0%B6%D0%B4%D0%B0%D0%BD%D1%81%D0%BA%D0%B0%D1%8F%20%D0%BE%D0%B1%D0%BE%D1%80%D0%BE%D0%BD%D0%B0\/1985%20-%20%D0%9F%D0%BE%D0%B3%D0%B0%D0%BD%D0%B0%D1%8F%20%D0%BC%D0%BE%D0%BB%D0%BE%D0%B4%D0%B5%D0%B6%D1%8C\/05%20-%20%D0%AF%20%D0%B2%D1%8B%D0%B4%D1%83%D0%BC%D0%B0%D0%BD%20%D0%BD%D0%B0%D0%BF%D1%80%D0%BE%D1%87%D1%8C%20.mp3",
"free":"true"},
{"title":"06 - \u041d\u0435\u043d\u0430\u0432\u0438\u0436\u0443 \u0436\u0435\u043d\u0449\u0438\u043d (\u0422\u0430\u043a\u0438\u0445, \u043a\u0430\u043a \u0442\u044b) .mp3",
"mp3":"/music\/G\/GrOb\/%D0%93%D1%80%D0%B0%D0%B6%D0%B4%D0%B0%D0%BD%D1%81%D0%BA%D0%B0%D1%8F%20%D0%BE%D0%B1%D0%BE%D1%80%D0%BE%D0%BD%D0%B0\/1985%20-%20%D0%9F%D0%BE%D0%B3%D0%B0%D0%BD%D0%B0%D1%8F%20%D0%BC%D0%BE%D0%BB%D0%BE%D0%B4%D0%B5%D0%B6%D1%8C\/06%20-%20%D0%9D%D0%B5%D0%BD%D0%B0%D0%B2%D0%B8%D0%B6%D1%83%20%D0%B6%D0%B5%D0%BD%D1%89%D0%B8%D0%BD%20(%D0%A2%D0%B0%D0%BA%D0%B8%D1%85,%20%D0%BA%D0%B0%D0%BA%20%D1%82%D1%8B)%20.mp3",
"free":"true"},
{"title":"11 - \u041b\u0438\u0440\u0438\u0447\u0435\u0441\u043a\u043e\u0435 \u043d\u0430\u0441\u0442\u0440\u043e\u0435\u043d\u0438\u0435 .mp3",
"mp3":"/music\/G\/GrOb\/%D0%93%D1%80%D0%B0%D0%B6%D0%B4%D0%B0%D0%BD%D1%81%D0%BA%D0%B0%D1%8F%20%D0%BE%D0%B1%D0%BE%D1%80%D0%BE%D0%BD%D0%B0\/1985%20-%20%D0%9F%D0%BE%D0%B3%D0%B0%D0%BD%D0%B0%D1%8F%20%D0%BC%D0%BE%D0%BB%D0%BE%D0%B4%D0%B5%D0%B6%D1%8C\/11%20-%20%D0%9B%D0%B8%D1%80%D0%B8%D1%87%D0%B5%D1%81%D0%BA%D0%BE%D0%B5%20%D0%BD%D0%B0%D1%81%D1%82%D1%80%D0%BE%D0%B5%D0%BD%D0%B8%D0%B5%20.mp3",
"free":"true"},
{"title":"12 - \u041a\u043b\u0430\u043b\u0430\u0444\u0443\u0434\u0430 \u043a\u043b\u0430\u043b\u0430\u0444\u0443 .mp3",
"mp3":"/music\/G\/GrOb\/%D0%93%D1%80%D0%B0%D0%B6%D0%B4%D0%B0%D0%BD%D1%81%D0%BA%D0%B0%D1%8F%20%D0%BE%D0%B1%D0%BE%D1%80%D0%BE%D0%BD%D0%B0\/1985%20-%20%D0%9F%D0%BE%D0%B3%D0%B0%D0%BD%D0%B0%D1%8F%20%D0%BC%D0%BE%D0%BB%D0%BE%D0%B4%D0%B5%D0%B6%D1%8C\/12%20-%20%D0%9A%D0%BB%D0%B0%D0%BB%D0%B0%D1%84%D1%83%D0%B4%D0%B0%20%D0%BA%D0%BB%D0%B0%D0%BB%D0%B0%D1%84%D1%83%20.mp3",
"free":"true"},
{"title":"15 - \u0425\u0432\u0430\u0442\u0438\u0442! .mp3",
"mp3":"/music\/G\/GrOb\/%D0%93%D1%80%D0%B0%D0%B6%D0%B4%D0%B0%D0%BD%D1%81%D0%BA%D0%B0%D1%8F%20%D0%BE%D0%B1%D0%BE%D1%80%D0%BE%D0%BD%D0%B0\/1985%20-%20%D0%9F%D0%BE%D0%B3%D0%B0%D0%BD%D0%B0%D1%8F%20%D0%BC%D0%BE%D0%BB%D0%BE%D0%B4%D0%B5%D0%B6%D1%8C\/15%20-%20%D0%A5%D0%B2%D0%B0%D1%82%D0%B8%D1%82!%20.mp3",
"free":"true"},
{"title":"01 - \u042f \u0431\u0435\u0441\u043f\u043e\u043b\u0435\u0437\u0435\u043d .mp3",
"mp3":"/music\/G\/GrOb\/%D0%93%D1%80%D0%B0%D0%B6%D0%B4%D0%B0%D0%BD%D1%81%D0%BA%D0%B0%D1%8F%20%D0%BE%D0%B1%D0%BE%D1%80%D0%BE%D0%BD%D0%B0\/1985%20-%20%D0%9E%D0%BF%D1%82%D0%B8%D0%BC%D0%B8%D0%B7%D0%BC\/01%20-%20%D0%AF%20%D0%B1%D0%B5%D1%81%D0%BF%D0%BE%D0%BB%D0%B5%D0%B7%D0%B5%D0%BD%20.mp3",
"free":"true"},
{"title":"02 - \u042f \u0431\u043b\u044e\u044e \u043d\u0430 \u0432\u0430\u0448\u0438 \u0434\u0435\u043b\u0430 .mp3",
"mp3":"/music\/G\/GrOb\/%D0%93%D1%80%D0%B0%D0%B6%D0%B4%D0%B0%D0%BD%D1%81%D0%BA%D0%B0%D1%8F%20%D0%BE%D0%B1%D0%BE%D1%80%D0%BE%D0%BD%D0%B0\/1985%20-%20%D0%9E%D0%BF%D1%82%D0%B8%D0%BC%D0%B8%D0%B7%D0%BC\/02%20-%20%D0%AF%20%D0%B1%D0%BB%D1%8E%D1%8E%20%D0%BD%D0%B0%20%D0%B2%D0%B0%D1%88%D0%B8%20%D0%B4%D0%B5%D0%BB%D0%B0%20.mp3",
"free":"true"},
{"title":"03 - \u041d\u0430 \u043d\u0430\u0448\u0438\u0445 \u0433\u043b\u0430\u0437\u0430\u0445 .mp3",
"mp3":"/music\/G\/GrOb\/%D0%93%D1%80%D0%B0%D0%B6%D0%B4%D0%B0%D0%BD%D1%81%D0%BA%D0%B0%D1%8F%20%D0%BE%D0%B1%D0%BE%D1%80%D0%BE%D0%BD%D0%B0\/1985%20-%20%D0%9E%D0%BF%D1%82%D0%B8%D0%BC%D0%B8%D0%B7%D0%BC\/03%20-%20%D0%9D%D0%B0%20%D0%BD%D0%B0%D1%88%D0%B8%D1%85%20%D0%B3%D0%BB%D0%B0%D0%B7%D0%B0%D1%85%20.mp3",
"free":"true"},
{"title":"04 - \u041a\u043b\u0435\u043d\u043e\u0432\u044b\u0439 \u043b\u0438\u0441\u0442  .mp3",
"mp3":"/music\/G\/GrOb\/%D0%93%D1%80%D0%B0%D0%B6%D0%B4%D0%B0%D0%BD%D1%81%D0%BA%D0%B0%D1%8F%20%D0%BE%D0%B1%D0%BE%D1%80%D0%BE%D0%BD%D0%B0\/1985%20-%20%D0%9E%D0%BF%D1%82%D0%B8%D0%BC%D0%B8%D0%B7%D0%BC\/04%20-%20%D0%9A%D0%BB%D0%B5%D0%BD%D0%BE%D0%B2%D1%8B%D0%B9%20%D0%BB%D0%B8%D1%81%D1%82%20%20.mp3",
"free":"true"},
{"title":"06 -  \u041a\u0442\u043e \u0438\u0449\u0435\u0442 \u0441\u043c\u044b\u0441\u043b  .mp3",
"mp3":"/music\/G\/GrOb\/%D0%93%D1%80%D0%B0%D0%B6%D0%B4%D0%B0%D0%BD%D1%81%D0%BA%D0%B0%D1%8F%20%D0%BE%D0%B1%D0%BE%D1%80%D0%BE%D0%BD%D0%B0\/1985%20-%20%D0%9E%D0%BF%D1%82%D0%B8%D0%BC%D0%B8%D0%B7%D0%BC\/06%20-%20%20%D0%9A%D1%82%D0%BE%20%D0%B8%D1%89%D0%B5%D1%82%20%D1%81%D0%BC%D1%8B%D1%81%D0%BB%20%20.mp3",
"free":"true"},
{"title":"09 - \u041e\u043f\u0442\u0438\u043c\u0438\u0437\u043c .mp3",
"mp3":"/music\/G\/GrOb\/%D0%93%D1%80%D0%B0%D0%B6%D0%B4%D0%B0%D0%BD%D1%81%D0%BA%D0%B0%D1%8F%20%D0%BE%D0%B1%D0%BE%D1%80%D0%BE%D0%BD%D0%B0\/1985%20-%20%D0%9E%D0%BF%D1%82%D0%B8%D0%BC%D0%B8%D0%B7%D0%BC\/09%20-%20%D0%9E%D0%BF%D1%82%D0%B8%D0%BC%D0%B8%D0%B7%D0%BC%20.mp3",
"free":"true"},
{"title":"10 - \u0414\u0435\u0442\u0441\u043a\u0438\u0439 \u0434\u043e\u043a\u0442\u043e\u0440 \u0441\u043a\u0430\u0437\u0430\u043b '\u043d\u0438\u0448\u0442\u044f\u043a'.mp3",
"mp3":"/music\/G\/GrOb\/%D0%93%D1%80%D0%B0%D0%B6%D0%B4%D0%B0%D0%BD%D1%81%D0%BA%D0%B0%D1%8F%20%D0%BE%D0%B1%D0%BE%D1%80%D0%BE%D0%BD%D0%B0\/1985%20-%20%D0%9E%D0%BF%D1%82%D0%B8%D0%BC%D0%B8%D0%B7%D0%BC\/10%20-%20%D0%94%D0%B5%D1%82%D1%81%D0%BA%D0%B8%D0%B9%20%D0%B4%D0%BE%D0%BA%D1%82%D0%BE%D1%80%20%D1%81%D0%BA%D0%B0%D0%B7%D0%B0%D0%BB%20'%D0%BD%D0%B8%D1%88%D1%82%D1%8F%D0%BA'.mp3",
"free":"true"},
{"title":"01 - \u0418\u0433\u0440\u0430 \u0432 \u0431\u0438\u0441\u0435\u0440 .mp3",
"mp3":"/music\/G\/GrOb\/%D0%93%D1%80%D0%B0%D0%B6%D0%B4%D0%B0%D0%BD%D1%81%D0%BA%D0%B0%D1%8F%20%D0%BE%D0%B1%D0%BE%D1%80%D0%BE%D0%BD%D0%B0\/1986%20-%20%D0%9A%D1%80%D0%B0%D1%81%D0%BD%D1%8B%D0%B9%20%D0%B0%D0%BB%D1%8C%D0%B1%D0%BE%D0%BC\/01%20-%20%D0%98%D0%B3%D1%80%D0%B0%20%D0%B2%20%D0%B1%D0%B8%D1%81%D0%B5%D1%80%20.mp3",
"free":"true"},
{"title":"02 - \u041d\u0430 \u043d\u0430\u0448\u0438\u0445 \u0433\u043b\u0430\u0437\u0430\u0445 .mp3",
"mp3":"/music\/G\/GrOb\/%D0%93%D1%80%D0%B0%D0%B6%D0%B4%D0%B0%D0%BD%D1%81%D0%BA%D0%B0%D1%8F%20%D0%BE%D0%B1%D0%BE%D1%80%D0%BE%D0%BD%D0%B0\/1986%20-%20%D0%9A%D1%80%D0%B0%D1%81%D0%BD%D1%8B%D0%B9%20%D0%B0%D0%BB%D1%8C%D0%B1%D0%BE%D0%BC\/02%20-%20%D0%9D%D0%B0%20%D0%BD%D0%B0%D1%88%D0%B8%D1%85%20%D0%B3%D0%BB%D0%B0%D0%B7%D0%B0%D1%85%20.mp3",
"free":"true"},
{"title":"03 - \u0427\u0443\u0436\u0435\u0440\u043e\u0434\u043d\u044b\u043c \u044d\u043b\u0435\u043c\u0435\u043d\u0442\u043e\u043c (\u0427\u0430\u0441\u0442\u0438\u0446\u0435\u0439 \u043b\u0436\u0438) .mp3",
"mp3":"/music\/G\/GrOb\/%D0%93%D1%80%D0%B0%D0%B6%D0%B4%D0%B0%D0%BD%D1%81%D0%BA%D0%B0%D1%8F%20%D0%BE%D0%B1%D0%BE%D1%80%D0%BE%D0%BD%D0%B0\/1986%20-%20%D0%9A%D1%80%D0%B0%D1%81%D0%BD%D1%8B%D0%B9%20%D0%B0%D0%BB%D1%8C%D0%B1%D0%BE%D0%BC\/03%20-%20%D0%A7%D1%83%D0%B6%D0%B5%D1%80%D0%BE%D0%B4%D0%BD%D1%8B%D0%BC%20%D1%8D%D0%BB%D0%B5%D0%BC%D0%B5%D0%BD%D1%82%D0%BE%D0%BC%20(%D0%A7%D0%B0%D1%81%D1%82%D0%B8%D1%86%D0%B5%D0%B9%20%D0%BB%D0%B6%D0%B8)%20.mp3",
"free":"true"},
{"title":"04 - \u0417\u043e\u043e\u043f\u0430\u0440\u043a .mp3",
"mp3":"/music\/G\/GrOb\/%D0%93%D1%80%D0%B0%D0%B6%D0%B4%D0%B0%D0%BD%D1%81%D0%BA%D0%B0%D1%8F%20%D0%BE%D0%B1%D0%BE%D1%80%D0%BE%D0%BD%D0%B0\/1986%20-%20%D0%9A%D1%80%D0%B0%D1%81%D0%BD%D1%8B%D0%B9%20%D0%B0%D0%BB%D1%8C%D0%B1%D0%BE%D0%BC\/04%20-%20%D0%97%D0%BE%D0%BE%D0%BF%D0%B0%D1%80%D0%BA%20.mp3",
"free":"true"},
{"title":"05 - \u0422\u0430\u043a \u0434\u0430\u043b\u0435\u043a\u043e .mp3",
"mp3":"/music\/G\/GrOb\/%D0%93%D1%80%D0%B0%D0%B6%D0%B4%D0%B0%D0%BD%D1%81%D0%BA%D0%B0%D1%8F%20%D0%BE%D0%B1%D0%BE%D1%80%D0%BE%D0%BD%D0%B0\/1986%20-%20%D0%9A%D1%80%D0%B0%D1%81%D0%BD%D1%8B%D0%B9%20%D0%B0%D0%BB%D1%8C%D0%B1%D0%BE%D0%BC\/05%20-%20%D0%A2%D0%B0%D0%BA%20%D0%B4%D0%B0%D0%BB%D0%B5%D0%BA%D0%BE%20.mp3",
"free":"true"},
{"title":"06 - \u0414\u0435\u0442\u0441\u043a\u0438\u0439 \u043c\u0438\u0440 .mp3",
"mp3":"/music\/G\/GrOb\/%D0%93%D1%80%D0%B0%D0%B6%D0%B4%D0%B0%D0%BD%D1%81%D0%BA%D0%B0%D1%8F%20%D0%BE%D0%B1%D0%BE%D1%80%D0%BE%D0%BD%D0%B0\/1986%20-%20%D0%9A%D1%80%D0%B0%D1%81%D0%BD%D1%8B%D0%B9%20%D0%B0%D0%BB%D1%8C%D0%B1%D0%BE%D0%BC\/06%20-%20%D0%94%D0%B5%D1%82%D1%81%D0%BA%D0%B8%D0%B9%20%D0%BC%D0%B8%D1%80%20.mp3",
"free":"true"},
{"title":"07 - \u042f \u0438\u043b\u043b\u044e\u0437\u043e\u0440\u0435\u043d \u0441\u043e \u0432\u0441\u0435\u0445 \u0441\u0442\u043e\u0440\u043e\u043d .mp3",
"mp3":"/music\/G\/GrOb\/%D0%93%D1%80%D0%B0%D0%B6%D0%B4%D0%B0%D0%BD%D1%81%D0%BA%D0%B0%D1%8F%20%D0%BE%D0%B1%D0%BE%D1%80%D0%BE%D0%BD%D0%B0\/1986%20-%20%D0%9A%D1%80%D0%B0%D1%81%D0%BD%D1%8B%D0%B9%20%D0%B0%D0%BB%D1%8C%D0%B1%D0%BE%D0%BC\/07%20-%20%D0%AF%20%D0%B8%D0%BB%D0%BB%D1%8E%D0%B7%D0%BE%D1%80%D0%B5%D0%BD%20%D1%81%D0%BE%20%D0%B2%D1%81%D0%B5%D1%85%20%D1%81%D1%82%D0%BE%D1%80%D0%BE%D0%BD%20.mp3",
"free":"true"},
{"title":"09 - \u041d\u0435\u043d\u0430\u0432\u0438\u0436\u0443 \u043a\u0440\u0430\u0441\u043d\u044b\u0439 \u0446\u0432\u0435\u0442 .mp3",
"mp3":"/music\/G\/GrOb\/%D0%93%D1%80%D0%B0%D0%B6%D0%B4%D0%B0%D0%BD%D1%81%D0%BA%D0%B0%D1%8F%20%D0%BE%D0%B1%D0%BE%D1%80%D0%BE%D0%BD%D0%B0\/1986%20-%20%D0%9A%D1%80%D0%B0%D1%81%D0%BD%D1%8B%D0%B9%20%D0%B0%D0%BB%D1%8C%D0%B1%D0%BE%D0%BC\/09%20-%20%D0%9D%D0%B5%D0%BD%D0%B0%D0%B2%D0%B8%D0%B6%D1%83%20%D0%BA%D1%80%D0%B0%D1%81%D0%BD%D1%8B%D0%B9%20%D1%86%D0%B2%D0%B5%D1%82%20.mp3",
"free":"true"},
{"title":"10 - \u0421\u0440\u0435\u0434\u0438 \u0437\u0430\u0440\u0430\u0436\u0435\u043d\u043d\u043e\u0433\u043e \u043b\u043e\u0433\u0438\u043a\u043e\u0439 \u043c\u0438\u0440\u0430 .mp3",
"mp3":"/music\/G\/GrOb\/%D0%93%D1%80%D0%B0%D0%B6%D0%B4%D0%B0%D0%BD%D1%81%D0%BA%D0%B0%D1%8F%20%D0%BE%D0%B1%D0%BE%D1%80%D0%BE%D0%BD%D0%B0\/1986%20-%20%D0%9A%D1%80%D0%B0%D1%81%D0%BD%D1%8B%D0%B9%20%D0%B0%D0%BB%D1%8C%D0%B1%D0%BE%D0%BC\/10%20-%20%D0%A1%D1%80%D0%B5%D0%B4%D0%B8%20%D0%B7%D0%B0%D1%80%D0%B0%D0%B6%D0%B5%D0%BD%D0%BD%D0%BE%D0%B3%D0%BE%20%D0%BB%D0%BE%D0%B3%D0%B8%D0%BA%D0%BE%D0%B9%20%D0%BC%D0%B8%D1%80%D0%B0%20.mp3",
"free":"true"},
{"title":"11 - \u041e\u0442\u043a\u0440\u044b\u0442\u0430\u044f \u0434\u0432\u0435\u0440\u044c.mp3",
"mp3":"/music\/G\/GrOb\/%D0%93%D1%80%D0%B0%D0%B6%D0%B4%D0%B0%D0%BD%D1%81%D0%BA%D0%B0%D1%8F%20%D0%BE%D0%B1%D0%BE%D1%80%D0%BE%D0%BD%D0%B0\/1986%20-%20%D0%9A%D1%80%D0%B0%D1%81%D0%BD%D1%8B%D0%B9%20%D0%B0%D0%BB%D1%8C%D0%B1%D0%BE%D0%BC\/11%20-%20%D0%9E%D1%82%D0%BA%D1%80%D1%8B%D1%82%D0%B0%D1%8F%20%D0%B4%D0%B2%D0%B5%D1%80%D1%8C.mp3",
"free":"true"},
{"title":"12 - \u0421\u043a\u043e\u0440\u043e \u043d\u0430\u0441\u0442\u0430\u043d\u0435\u0442 \u0441\u043e\u0432\u0441\u0435\u043c .mp3",
"mp3":"/music\/G\/GrOb\/%D0%93%D1%80%D0%B0%D0%B6%D0%B4%D0%B0%D0%BD%D1%81%D0%BA%D0%B0%D1%8F%20%D0%BE%D0%B1%D0%BE%D1%80%D0%BE%D0%BD%D0%B0\/1986%20-%20%D0%9A%D1%80%D0%B0%D1%81%D0%BD%D1%8B%D0%B9%20%D0%B0%D0%BB%D1%8C%D0%B1%D0%BE%D0%BC\/12%20-%20%D0%A1%D0%BA%D0%BE%D1%80%D0%BE%20%D0%BD%D0%B0%D1%81%D1%82%D0%B0%D0%BD%D0%B5%D1%82%20%D1%81%D0%BE%D0%B2%D1%81%D0%B5%D0%BC%20.mp3",
"free":"true"},
{"title":"07 - \u041a\u0411\u0413-\u0420\u041e\u041a (\u0420\u041e\u041a-\u041a\u0411\u0413).mp3",
"mp3":"/music\/G\/GrOb\/%D0%93%D1%80%D0%B0%D0%B6%D0%B4%D0%B0%D0%BD%D1%81%D0%BA%D0%B0%D1%8F%20%D0%BE%D0%B1%D0%BE%D1%80%D0%BE%D0%BD%D0%B0\/1987%20-%20%D0%98%D0%B3%D1%80%D0%B0%20%D0%B2%20%D0%B1%D0%B8%D1%81%D0%B5%D1%80%20%D0%BF%D0%B5%D1%80%D0%B5%D0%B4%20%D1%81%D0%B2%D0%B8%D0%BD%D1%8C%D1%8F%D0%BC%D0%B8\/07%20-%20%D0%9A%D0%91%D0%93-%D0%A0%D0%9E%D0%9A%20(%D0%A0%D0%9E%D0%9A-%D0%9A%D0%91%D0%93).mp3",
"free":"true"},
{"title":"01 -  \u0422\u0430\u043a \u0436\u0435, \u043a\u0430\u043a \u0440\u0430\u043d\u044c\u0448\u0435  .mp3",
"mp3":"/music\/G\/GrOb\/%D0%93%D1%80%D0%B0%D0%B6%D0%B4%D0%B0%D0%BD%D1%81%D0%BA%D0%B0%D1%8F%20%D0%BE%D0%B1%D0%BE%D1%80%D0%BE%D0%BD%D0%B0\/1987%20-%20%D0%9C%D1%8B%D1%88%D0%B5%D0%BB%D0%BE%D0%B2%D0%BA%D0%B0\/01%20-%20%20%D0%A2%D0%B0%D0%BA%20%D0%B6%D0%B5,%20%D0%BA%D0%B0%D0%BA%20%D1%80%D0%B0%D0%BD%D1%8C%D1%88%D0%B5%20%20.mp3",
"free":"true"},
{"title":"02 -  \u041e\u043d \u0443\u0432\u0438\u0434\u0435\u043b \u0441\u043e\u043b\u043d\u0446\u0435  .mp3",
"mp3":"/music\/G\/GrOb\/%D0%93%D1%80%D0%B0%D0%B6%D0%B4%D0%B0%D0%BD%D1%81%D0%BA%D0%B0%D1%8F%20%D0%BE%D0%B1%D0%BE%D1%80%D0%BE%D0%BD%D0%B0\/1987%20-%20%D0%9C%D1%8B%D1%88%D0%B5%D0%BB%D0%BE%D0%B2%D0%BA%D0%B0\/02%20-%20%20%D0%9E%D0%BD%20%D1%83%D0%B2%D0%B8%D0%B4%D0%B5%D0%BB%20%D1%81%D0%BE%D0%BB%D0%BD%D1%86%D0%B5%20%20.mp3",
"free":"true"},
{"title":"03 - \u041f\u043b\u0430\u0441\u0442\u0438\u043b\u0438\u043d .mp3",
"mp3":"/music\/G\/GrOb\/%D0%93%D1%80%D0%B0%D0%B6%D0%B4%D0%B0%D0%BD%D1%81%D0%BA%D0%B0%D1%8F%20%D0%BE%D0%B1%D0%BE%D1%80%D0%BE%D0%BD%D0%B0\/1987%20-%20%D0%9C%D1%8B%D1%88%D0%B5%D0%BB%D0%BE%D0%B2%D0%BA%D0%B0\/03%20-%20%D0%9F%D0%BB%D0%B0%D1%81%D1%82%D0%B8%D0%BB%D0%B8%D0%BD%20.mp3",
"free":"true"},
{"title":"04 - \u0421\u043b\u0435\u0434\u044b \u043d\u0430 \u0441\u043d\u0435\u0433\u0443 .mp3",
"mp3":"/music\/G\/GrOb\/%D0%93%D1%80%D0%B0%D0%B6%D0%B4%D0%B0%D0%BD%D1%81%D0%BA%D0%B0%D1%8F%20%D0%BE%D0%B1%D0%BE%D1%80%D0%BE%D0%BD%D0%B0\/1987%20-%20%D0%9C%D1%8B%D1%88%D0%B5%D0%BB%D0%BE%D0%B2%D0%BA%D0%B0\/04%20-%20%D0%A1%D0%BB%D0%B5%D0%B4%D1%8B%20%D0%BD%D0%B0%20%D1%81%D0%BD%D0%B5%D0%B3%D1%83%20.mp3",
"free":"true"},
{"title":"07 -  \u0416\u0435\u043b\u0442\u0430\u044f \u043f\u0440\u0435\u0441\u0441\u0430  .mp3",
"mp3":"/music\/G\/GrOb\/%D0%93%D1%80%D0%B0%D0%B6%D0%B4%D0%B0%D0%BD%D1%81%D0%BA%D0%B0%D1%8F%20%D0%BE%D0%B1%D0%BE%D1%80%D0%BE%D0%BD%D0%B0\/1987%20-%20%D0%9C%D1%8B%D1%88%D0%B5%D0%BB%D0%BE%D0%B2%D0%BA%D0%B0\/07%20-%20%20%D0%96%D0%B5%D0%BB%D1%82%D0%B0%D1%8F%20%D0%BF%D1%80%D0%B5%D1%81%D1%81%D0%B0%20%20.mp3",
"free":"true"},
{"title":"08 - \u0418\u0432\u0430\u043d \u0413\u043e\u0432\u043d\u043e\u0432 .mp3",
"mp3":"/music\/G\/GrOb\/%D0%93%D1%80%D0%B0%D0%B6%D0%B4%D0%B0%D0%BD%D1%81%D0%BA%D0%B0%D1%8F%20%D0%BE%D0%B1%D0%BE%D1%80%D0%BE%D0%BD%D0%B0\/1987%20-%20%D0%9C%D1%8B%D1%88%D0%B5%D0%BB%D0%BE%D0%B2%D0%BA%D0%B0\/08%20-%20%D0%98%D0%B2%D0%B0%D0%BD%20%D0%93%D0%BE%D0%B2%D0%BD%D0%BE%D0%B2%20.mp3",
"free":"true"},
{"title":"09 - \u0414\u0435\u0437\u0435\u0440\u0442\u0438\u0440 .mp3",
"mp3":"/music\/G\/GrOb\/%D0%93%D1%80%D0%B0%D0%B6%D0%B4%D0%B0%D0%BD%D1%81%D0%BA%D0%B0%D1%8F%20%D0%BE%D0%B1%D0%BE%D1%80%D0%BE%D0%BD%D0%B0\/1987%20-%20%D0%9C%D1%8B%D1%88%D0%B5%D0%BB%D0%BE%D0%B2%D0%BA%D0%B0\/09%20-%20%D0%94%D0%B5%D0%B7%D0%B5%D1%80%D1%82%D0%B8%D1%80%20.mp3",
"free":"true"},
{"title":"12 - \u041c\u0438\u043c\u0438\u043a\u0440\u0438\u044f .mp3",
"mp3":"/music\/G\/GrOb\/%D0%93%D1%80%D0%B0%D0%B6%D0%B4%D0%B0%D0%BD%D1%81%D0%BA%D0%B0%D1%8F%20%D0%BE%D0%B1%D0%BE%D1%80%D0%BE%D0%BD%D0%B0\/1987%20-%20%D0%9C%D1%8B%D1%88%D0%B5%D0%BB%D0%BE%D0%B2%D0%BA%D0%B0\/12%20-%20%D0%9C%D0%B8%D0%BC%D0%B8%D0%BA%D1%80%D0%B8%D1%8F%20.mp3",
"free":"true"},
{"title":"14 - \u041f\u043e\u0448\u043b\u0438 \u0432\u044b \u0432\u0441\u0435 \u043d\u0430 \u0445...mp3",
"mp3":"/music\/G\/GrOb\/%D0%93%D1%80%D0%B0%D0%B6%D0%B4%D0%B0%D0%BD%D1%81%D0%BA%D0%B0%D1%8F%20%D0%BE%D0%B1%D0%BE%D1%80%D0%BE%D0%BD%D0%B0\/1987%20-%20%D0%9C%D1%8B%D1%88%D0%B5%D0%BB%D0%BE%D0%B2%D0%BA%D0%B0\/14%20-%20%D0%9F%D0%BE%D1%88%D0%BB%D0%B8%20%D0%B2%D1%8B%20%D0%B2%D1%81%D0%B5%20%D0%BD%D0%B0%20%D1%85...mp3",
"free":"true"},
{"title":"15 - \u041c\u044b\u0448\u0435\u043b\u043e\u0432\u043a\u0430 .mp3",
"mp3":"/music\/G\/GrOb\/%D0%93%D1%80%D0%B0%D0%B6%D0%B4%D0%B0%D0%BD%D1%81%D0%BA%D0%B0%D1%8F%20%D0%BE%D0%B1%D0%BE%D1%80%D0%BE%D0%BD%D0%B0\/1987%20-%20%D0%9C%D1%8B%D1%88%D0%B5%D0%BB%D0%BE%D0%B2%D0%BA%D0%B0\/15%20-%20%D0%9C%D1%8B%D1%88%D0%B5%D0%BB%D0%BE%D0%B2%D0%BA%D0%B0%20.mp3",
"free":"true"}]