[{"title":"Handel - Sarabanda.mp3","mp3":"\/music\/H\/Handel\/Handel%20-%20Sarabanda.mp3"},{"title":"01-gendel.mp3","mp3":"\/music\/H\/Handel\/01-gendel.mp3"},{"title":"02-gendel.mp3","mp3":"\/music\/H\/Handel\/02-gendel.mp3"},{"title":"04-gendel.mp3","mp3":"\/music\/H\/Handel\/04-gendel.mp3"},{"title":"03-gendel.mp3","mp3":"\/music\/H\/Handel\/03-gendel.mp3"},{"title":"05-gendel.mp3","mp3":"\/music\/H\/Handel\/05-gendel.mp3"},{"title":"06-gendel.mp3","mp3":"\/music\/H\/Handel\/06-gendel.mp3"},{"title":"01-Concerto No.2 in A major, HWV 307-Ouverture.mp3","mp3":"\/music\/H\/Handel\/01-Concerto No.2 in A major, HWV 307-Ouverture.mp3"},{"title":"01-Concerto No.6 in D major, HWV 317-Vivace.mp3","mp3":"\/music\/H\/Handel\/01-Concerto No.6 in D major, HWV 317-Vivace.mp3"},{"title":"01-Sonata in B flat major, HWV 338-Allegro.mp3","mp3":"\/music\/H\/Handel\/01-Sonata in B flat major, HWV 338-Allegro.mp3"},{"title":"01-Sonata in B flat major, HWV 377-(Allegro).mp3","mp3":"\/music\/H\/Handel\/01-Sonata in B flat major, HWV 377-(Allegro).mp3"},{"title":"01-Sonata in F major, HWV 405-Allegro.mp3","mp3":"\/music\/H\/Handel\/01-Sonata in F major, HWV 405-Allegro.mp3"},{"title":"02-Concerto No.2 in F major, HWV 320-Allegro.mp3","mp3":"\/music\/H\/Handel\/02-Concerto No.2 in F major, HWV 320-Allegro.mp3"},{"title":"02-Concerto No.4 in D minor, HWV 309-Allegro cosi cosi.mp3","mp3":"\/music\/H\/Handel\/02-Concerto No.4 in D minor, HWV 309-Allegro cosi cosi.mp3"},{"title":"02-Sonata in D major, Op.1 No.13, HWV 371-Allegro.mp3","mp3":"\/music\/H\/Handel\/02-Sonata in D major, Op.1 No.13, HWV 371-Allegro.mp3"},{"title":"02-Sonata in G minor, Op.1 No.6, HWV 364a-Allegro.mp3","mp3":"\/music\/H\/Handel\/02-Sonata in G minor, Op.1 No.6, HWV 364a-Allegro.mp3"},{"title":"03-Concerto No.4 in D minor, HWV 309-Organo ad libitum Fuga.mp3","mp3":"\/music\/H\/Handel\/03-Concerto No.4 in D minor, HWV 309-Organo ad libitum Fuga.mp3"},{"title":"03-Sonata in B flat major, HWV 377-Allegro.mp3","mp3":"\/music\/H\/Handel\/03-Sonata in B flat major, HWV 377-Allegro.mp3"},{"title":"03-Sonata in F major, HWV 405-Allegro.mp3","mp3":"\/music\/H\/Handel\/03-Sonata in F major, HWV 405-Allegro.mp3"},{"title":"04-Concerto No.2 in A major, HWV 307-Allegro.mp3","mp3":"\/music\/H\/Handel\/04-Concerto No.2 in A major, HWV 307-Allegro.mp3"},{"title":"04-Concerto No.4 in D minor, HWV 309-Allegro.mp3","mp3":"\/music\/H\/Handel\/04-Concerto No.4 in D minor, HWV 309-Allegro.mp3"},{"title":"04-Concerto No.5 in G minor, HWV 310-Gavotte.mp3","mp3":"\/music\/H\/Handel\/04-Concerto No.5 in G minor, HWV 310-Gavotte.mp3"},{"title":"04-Sonata in E major, Op.1 No.15, HWV 373-Allegro.mp3","mp3":"\/music\/H\/Handel\/04-Sonata in E major, Op.1 No.15, HWV 373-Allegro.mp3"},{"title":"04-Sonata in E minor, HWV 375-Menuet.mp3","mp3":"\/music\/H\/Handel\/04-Sonata in E minor, HWV 375-Menuet.mp3"},{"title":"04-Sonata in F major, Op.1 No.12, HWV 370-Allegro.mp3","mp3":"\/music\/H\/Handel\/04-Sonata in F major, Op.1 No.12, HWV 370-Allegro.mp3"},{"title":"04-Sonata in G minor, Op.1 No.6, HWV 364a-Allegro.mp3","mp3":"\/music\/H\/Handel\/04-Sonata in G minor, Op.1 No.6, HWV 364a-Allegro.mp3"},{"title":"06-Concerto No.1 in B flat major, HWV 306-Bourree Allegro.mp3","mp3":"\/music\/H\/Handel\/06-Concerto No.1 in B flat major, HWV 306-Bourree Allegro.mp3"},{"title":"Ottone-Overture.mp3","mp3":"\/music\/H\/Handel\/Ottone-Overture.mp3"},{"title":"01-Suite in F major, HWV 348-Ouverture (Largo - Allegro).mp3","mp3":"\/music\/H\/Handel\/01-Suite in F major, HWV 348\/01-Suite in F major, HWV 348-Ouverture (Largo - Allegro).mp3"},{"title":"05-Suite in F major, HWV 348-Air.mp3","mp3":"\/music\/H\/Handel\/01-Suite in F major, HWV 348\/05-Suite in F major, HWV 348-Air.mp3"},{"title":"01-Sonata in E minor, Op.1 No.1a, HWV 379-Larghetto - Adagio.mp3","mp3":"\/music\/H\/Handel\/46-Sonata in E minor, Op.1 No.1a, HWV 379\/01-Sonata in E minor, Op.1 No.1a, HWV 379-Larghetto - Adagio.mp3"},{"title":"02-Sonata in E minor, Op.1 No.1a, HWV 379-Andante.mp3","mp3":"\/music\/H\/Handel\/46-Sonata in E minor, Op.1 No.1a, HWV 379\/02-Sonata in E minor, Op.1 No.1a, HWV 379-Andante.mp3"},{"title":"03-Sonata in E minor, Op.1 No.1a, HWV 379-Largo.mp3","mp3":"\/music\/H\/Handel\/46-Sonata in E minor, Op.1 No.1a, HWV 379\/03-Sonata in E minor, Op.1 No.1a, HWV 379-Largo.mp3"},{"title":"04-Sonata in E minor, Op.1 No.1a, HWV 379-Allegro.mp3","mp3":"\/music\/H\/Handel\/46-Sonata in E minor, Op.1 No.1a, HWV 379\/04-Sonata in E minor, Op.1 No.1a, HWV 379-Allegro.mp3"},{"title":"05-Sonata in E minor, Op.1 No.1a, HWV 379-Presto.mp3","mp3":"\/music\/H\/Handel\/46-Sonata in E minor, Op.1 No.1a, HWV 379\/05-Sonata in E minor, Op.1 No.1a, HWV 379-Presto.mp3"},{"title":"30-Almira-Act II. Scene 3 Chi sa, mia speme.mp3","mp3":"\/music\/H\/Handel\/01-Almira\/30-Almira-Act II. Scene 3 Chi sa, mia speme.mp3"},{"title":"52-Almira-Act III. Scene 4 Kommt, vermehrt der Thorheit Ruhm.mp3","mp3":"\/music\/H\/Handel\/01-Almira\/52-Almira-Act III. Scene 4 Kommt, vermehrt der Thorheit Ruhm.mp3"},{"title":"55-Almira-Act III. Scene 6 Ja, Amor, deine Grausamkeit.mp3","mp3":"\/music\/H\/Handel\/01-Almira\/55-Almira-Act III. Scene 6 Ja, Amor, deine Grausamkeit.mp3"},{"title":"67-Almira-Act III. Scene 14 Der kann im Blitz und Donner.mp3","mp3":"\/music\/H\/Handel\/01-Almira\/67-Almira-Act III. Scene 14 Der kann im Blitz und Donner.mp3"},{"title":"69-Almira-Act III. Scene 15 Spielet, ihr blitzenden Augen.mp3","mp3":"\/music\/H\/Handel\/01-Almira\/69-Almira-Act III. Scene 15 Spielet, ihr blitzenden Augen.mp3"},{"title":"74-Almira-Act III. Scene 18 Wir hoffen, der Himmel wird nach.mp3","mp3":"\/music\/H\/Handel\/01-Almira\/74-Almira-Act III. Scene 18 Wir hoffen, der Himmel wird nach.mp3"}]