[{"title":"Agent Steel - Dark Lady","mp3":"\/music\/A\/Agent%20Steel%20-%20Dark%20Lady.mp3","free":"true"},{"title":"Def Leppard - Pour some sugar on me","mp3":"\/music\/D\/Def%20Leppard%20-%20Pour%20some%20sugar%20on%20me.mp3"},{"title":"Def Leppard - Love Bite","mp3":"\/music\/D\/Def%20Leppard%20-%20Love%20Bite.mp3"},{"title":"Demons&Wizards - Immigrant songs, cover","mp3":"\/music\/D\/Demons&Wizards_Immigrant_songs_cover.mp3"},{"title":"Judas Priest","mp3":"\/music\/J\/Judas%20Priest.mp3"},{"title":"Megadeth - Anarchy In The U.K.","mp3":"\/music\/M\/Megadeth\/Megadeth%20-%20Anarchy%20In%20The%20U.K..mp3"},{"title":"Megadeth - Paranoid","mp3":"\/music\/M\/Megadeth\/Megadeth%20-%20Paranoid.mp3"},{"title":"Megadeth -Set The World Afire","mp3":"\/music\/M\/Megadeth\/Megadeth%20-Set%20The%20World%20Afire.mp3"},{"title":"Manowar, 1987 - Holy War","mp3":"\/music\/M\/Manowar\/1987%20-%20Fighting%20The%20World\/07.%20Holy%20War.mp3"},{"title":"Manowar, 1987 - Black Wind, Fire And Steel","mp3":"\/music\/M\/Manowar\/1987%20-%20Fighting%20The%20World\/09.%20Black%20Wind,%20Fire%20And%20Steel.mp3"},{"title":"Manowar, 1987 - Fighting The World","mp3":"\/music\/M\/Manowar\/1987%20-%20Fighting%20The%20World\/01.%20Fighting%20The%20World.mp3"},{"title":"Manowar, 1988 - Wheels Of Fire","mp3":"\/music\/M\/Manowar\/1988%20-%20Kings%20Of%20Metal\/01.%20Wheels%20Of%20Fire.mp3"},{"title":"Manowar, 1988 - Hail And Kill","mp3":"\/music\/M\/Manowar\/1988%20-%20Kings%20Of%20Metal\/08.%20Hail%20And%20Kill.mp3"},{"title":"Deathrow - Dark Tales","mp3":"\/music\/D\/Deathrow\/Dark Tales.mp3"},{"title":"Deathrow - Hell's Ascent","mp3":"\/music\/D\/Deathrow\/Hell's%20Ascent.mp3"},{"title":"Deathrow - Riders Of Doom","mp3":"\/music\/D\/Deathrow\/Riders%20Of%20Doom.mp3"},{"title":"Samhain.mp3","mp3":"\/music\/D\/Deathrow\/Samhain.mp3","free":"true"},{"title":"Deathrow, Satan's Gift","mp3":"\/music\/D\/Deathrow\/Satan's Gift.mp3"},{"title":"Slaughtered.mp3","mp3":"\/music\/D\/Deathrow\/Slaughtered.mp3","free":"true"},{"title":"Spider Attack.mp3","mp3":"\/music\/D\/Deathrow\/Spider Attack.mp3","free":"true"},{"title":"Deathrow, Violent Omen","mp3":"\/music\/D\/Deathrow\/Violent Omen.mp3"},{"title":"Deathrow - Winds Of Death","mp3":"\/music\/D\/Deathrow\/Winds Of Death.mp3"},{"title":"Blind Guardian, 1988, Majesty","mp3":"\/mnt\/d2\/music\/B\/Blind%20Guardian\/1988%20-%20Battalions%20Of%20Fear\/01%20Majesty.mp3"},{"title":"Blind Guardian, 1988, Guardian Of The Blind","mp3":"\/mnt\/d2\/music\/B\/Blind%20Guardian\/1988%20-%20Battalions%20Of%20Fear\/02%20Guardian%20Of%20The%20Blind.mp3"},{"title":"Living Death, Killing Machine","mp3":"\/music\/L\/Living%20Death\/Living%20Death-Killing%20Machine.mp3"},{"title":"Living Death, My Victim","mp3":"\/music\/L\/Living%20Death\/1982%20-%20Living%20Death%20[Demo]\/03.%20My%20Victim.mp3"},{"title":"Living Death, Nightlight","mp3":"\/music\/L\/Living%20Death\/1982%20-%20Living%20Death%20[Demo]\/02.%20Nightlight.mp3"},{"title":"Living Death, You and Me","mp3":"\/music\/L\/Living%20Death\/You%20and%20Me.mp3"},{"title":"Living Death, Horrible Infanticide (Part One)","mp3":"\/music\/L\/Living%20Death\/Horrible%20Infanticide%20(Part%20One).mp3"},{"title":"Seven Witches - Alien Nation.mp3","mp3":"\/music\/S\/Seven Witches - Alien Nation.mp3"},{"title":"Helloween - Starlight","mp3":"\/music\/H\/Helloween\/1985%20-%20Walls%20Of%20Jericho\/01%20Starlight.mp3"},{"title":"Helloween - Walls Of Jericho","mp3":"\/music\/H\/Helloween\/1985 - Walls Of Jericho\/01 Walls Of Jericho.mp3"},{"title":"Helloween - Ride The Sky","mp3":"\/music\/H\/Helloween\/1985 - Walls Of Jericho\/02 Ride The Sky.mp3"},{"title":"Helloween - Reptile","mp3":"\/music\/H\/Helloween\/1985 - Walls Of Jericho\/03 Reptile.mp3"},{"title":"Helloween - Guardians","mp3":"\/music\/H\/Helloween\/1985 - Walls Of Jericho\/04 Guardians.mp3"},{"title":"Helloween - Initiation","mp3":"\/music\/H\/Helloween\/1987 - Keeper Of The Seven Keys Part I\/01 Initiation.mp3"},{"title":"Helloween - Future World","mp3":"\/music\/H\/Helloween\/1987 - Keeper Of The Seven Keys Part I\/06 Future World.mp3"},{"title":"Helloween - Halloween","mp3":"\/music\/H\/Helloween\/1987 - Keeper Of The Seven Keys Part I\/07 Halloween.mp3"},{"title":"Nightwish-Instrumental (Crimson Tide, Deep Blue Sea)","mp3":"\/music\/N\/Nightwish\/Nightwish-Instrumental (Crimson Tide, Deep Blue Sea).mp3"},{"title":"Nightwish, The Kinslayer","mp3":"\/music\/N\/Nightwish\/2000 - Wishmaster\/The Kinslayer.mp3"},{"title":"Nightwish, Wanderlust","mp3":"\/music\/N\/Nightwish\/2000 - Wishmaster\/Wanderlust.mp3"},{"title":"Nightwish, Wishmaster","mp3":"\/music\/N\/Nightwish\/2000 - Wishmaster\/Wishmaster.mp3"},{"title":"Therion, Draconian Trilogy 1 The Opening","mp3":"\/music\/T\/Therion\/Draconian Trilogy 1 The Opening.mp3"},{"title":"Therion, To Mega Therion","mp3":"\/music\/T\/Therion\/1996 - Theli\/02. To Mega Therion.mp3"},{"title":"Therion - Seven Secrets of the Sphinx","mp3":"\/music\/T\/Therion\/2000 - Deggial\/01. Seven Secrets of the Sphinx.mp3"},{"title":"Therion - Hellequin","mp3":"\/music\/T\/Therion\/2010 - Sitra Ahra\/05 - Hellequin.mp3"}]