[{"title":"garden_of_peace_02 Track 2 - 02 Track 2.mp3",
"mp3":"/music\/S\/SATYAA_and_PARI\/garden_of_peace_02%20Track%202%20-%2002%20Track%202.mp3",
"free":"true"},
{"title":"garden_of_peace_03 Track 3 - 03 Track 3.mp3",
"mp3":"/music\/S\/SATYAA_and_PARI\/garden_of_peace_03%20Track%203%20-%2003%20Track%203.mp3",
"free":"true"},
{"title":"garden_of_peace_04 Track 4 - 04 Track 4.mp3",
"mp3":"/music\/S\/SATYAA_and_PARI\/garden_of_peace_04 Track 4 - 04 Track 4.mp3",
"free":"true"},
{"title":"garden_of_peace_06 Track 6 - 06 Track 6.mp3",
"mp3":"/music\/S\/SATYAA_and_PARI\/garden_of_peace_06 Track 6 - 06 Track 6.mp3",
"free":"true"},
{"title":"garden_of_peace_08 Track 8 - 08 Track 8.mp3",
"mp3":"/music\/S\/SATYAA_and_PARI\/garden_of_peace_08 Track 8 - 08 Track 8.mp3",
"free":"true"},
{"title":"garden_of_peace_09 Track 9 - 09 Track 9.mp3",
"mp3":"/music\/S\/SATYAA_and_PARI\/garden_of_peace_09 Track 9 - 09 Track 9.mp3",
"free":"true"},
{"title":"hari_om_01 Track 1 - 01 Track 1.mp3",
"mp3":"/music\/S\/SATYAA_and_PARI\/hari_om_01 Track 1 - 01 Track 1.mp3",
"free":"true"},
{"title":"hari_om_02 Track 2 - 02 Track 2.mp3",
"mp3":"/music\/S\/SATYAA_and_PARI\/hari_om_02 Track 2 - 02 Track 2.mp3",
"free":"true"},
{"title":"hari_om_05 Track 5 - 05 Track 5.mp3",
"mp3":"/music\/S\/SATYAA_and_PARI\/hari_om_05 Track 5 - 05 Track 5.mp3",
"free":"true"},
{"title":"\u0431\u0430\u0434\u0430 \u0434\u0430\u0448\u0430\u0438\u043d.mp3",
"mp3":"/music\/B\/%D0%B1%D0%B0%D0%B4%D0%B0%20%D0%B4%D0%B0%D1%88%D0%B0%D0%B8%D0%BD.mp3",
"free":"true"},
{"title":"Lama Tashi- Vajrapani.mp3",
"mp3":"/music\/0_folk, chant\/Lama Tashi- Vajrapani.mp3",
"free":"true"},
{"title":"Tibetan_Healing_Sounds.mp3",
"mp3":"/music\/music_meditation\/Tibetan_Healing_Sounds.mp3",
"free":"true"}]