[{"title":"The Ripper.mp3","mp3":"\/music\/J\/Judas%20Priest\/1976%20-%20Sad%20Wings%20Of%20Destiny\/The%20Ripper.mp3"},{"title":"Victim Of Changes.mp3","mp3":"\/music\/J\/Judas Priest\/1976 - Sad Wings Of Destiny\/Victim Of Changes.mp3"},{"title":"Jawbreaker (Live) (Bonus).mp3","mp3":"\/music\/J\/Judas Priest\/1977 - Sin After Sin\/Jawbreaker (Live) (Bonus).mp3"},{"title":"Starbreaker.mp3","mp3":"\/music\/J\/Judas Priest\/1977 - Sin After Sin\/Starbreaker.mp3"},{"title":"Take On The World.mp3","mp3":"\/music\/J\/Judas Priest\/1979 - Take On The World\/Take On The World.mp3"},{"title":"Hell Bent For Leather.mp3","mp3":"\/music\/J\/Judas Priest\/1979 - Unleashed In The East (Live)\/Hell Bent For Leather.mp3"},{"title":"Freewheel Burning.mp3","mp3":"\/music\/J\/Judas Priest\/1980 - British Steel\/Freewheel Burning.mp3"},{"title":"Exciter (Live).mp3","mp3":"\/music\/J\/Judas Priest\/1982 - You've Got Another Thing Comin' (Single)\/Exciter (Live).mp3"},{"title":"You've Got Another Thing Comin'.mp3","mp3":"\/music\/J\/Judas Priest\/1982 - You've Got Another Thing Comin' (Single)\/You've Got Another Thing Comin'.mp3"},{"title":"Eat Me Alive.mp3","mp3":"\/music\/J\/Judas Priest\/1984 - Defenders Of The Faith\/Eat Me Alive.mp3"},{"title":"Electric Eye.mp3","mp3":"\/music\/J\/Judas Priest\/1984 - Defenders Of The Faith\/Electric Eye.mp3"},{"title":"Freewheel Burning.mp3","mp3":"\/music\/J\/Judas Priest\/1984 - Defenders Of The Faith\/Freewheel Burning.mp3"},{"title":"Jawbreaker.mp3","mp3":"\/music\/J\/Judas Priest\/1984 - Defenders Of The Faith\/Jawbreaker.mp3"},{"title":"Jawbreaker_.mp3","mp3":"\/music\/J\/Judas Priest\/1984 - Defenders Of The Faith\/Jawbreaker_.mp3"},{"title":"Love Bites.mp3","mp3":"\/music\/J\/Judas Priest\/1984 - Defenders Of The Faith\/Love Bites.mp3"},{"title":"Rock Hard Ride Free.mp3","mp3":"\/music\/J\/Judas Priest\/1984 - Defenders Of The Faith\/Rock Hard Ride Free.mp3"},{"title":"The Hellion.mp3","mp3":"\/music\/J\/Judas Priest\/1984 - Defenders Of The Faith\/The Hellion.mp3"},{"title":"The Sentinel.mp3","mp3":"\/music\/J\/Judas Priest\/1984 - Defenders Of The Faith\/The Sentinel.mp3"}]