[{"title":"05. Rieh\u010du.mp3","mp3":"\/music\/K\/Korpiklaani\/1996%20-%20Shamaani%20Duo%20-%20Hunka%20Lunka\/05.%20Rieh%C4%8Du.mp3"},{"title":"01. Wooden Pints.mp3","mp3":"\/music\/K\/Korpiklaani\/2003 - Spirit Of The Forest\/01. Wooden Pints.mp3"},{"title":"02. Before The Morning Sun.mp3","mp3":"\/music\/K\/Korpiklaani\/2003 - Spirit Of The Forest\/02. Before The Morning Sun.mp3"},{"title":"05. Pellonpekko.mp3","mp3":"\/music\/K\/Korpiklaani\/2003 - Spirit Of The Forest\/05. Pellonpekko.mp3"},{"title":"06. You Looked Into My Eyes.mp3","mp3":"\/music\/K\/Korpiklaani\/2003 - Spirit Of The Forest\/06. You Looked Into My Eyes.mp3"},{"title":"09. Pixies Dance.mp3","mp3":"\/music\/K\/Korpiklaani\/2003 - Spirit Of The Forest\/09. Pixies Dance.mp3"},{"title":"10. Juokse Sin\u00e4 Humma.mp3","mp3":"\/music\/K\/Korpiklaani\/2003 - Spirit Of The Forest\/10. Juokse Sin\u00e4 Humma.mp3"},{"title":"01. Cottages & Saunas.mp3","mp3":"\/music\/K\/Korpiklaani\/2005 Voice Of Wilderness\/01. Cottages & Saunas.mp3"},{"title":"02. Journey Man.mp3","mp3":"\/music\/K\/Korpiklaani\/2005 Voice Of Wilderness\/02. Journey Man.mp3"},{"title":"07. Hunting Song.mp3","mp3":"\/music\/K\/Korpiklaani\/2005 Voice Of Wilderness\/07. Hunting Song.mp3"},{"title":"08. Ryypp\u00e4j\u00e4iset.mp3","mp3":"\/music\/K\/Korpiklaani\/2005 Voice Of Wilderness\/08. Ryypp\u00e4j\u00e4iset.mp3"},{"title":"09. Beer Beer.mp3","mp3":"\/music\/K\/Korpiklaani\/2005 Voice Of Wilderness\/09. Beer Beer.mp3"},{"title":"11. K\u00e4det Siipin\u00e4.mp3","mp3":"\/music\/K\/Korpiklaani\/2005 Voice Of Wilderness\/11. K\u00e4det Siipin\u00e4.mp3"},{"title":"04 - Tuli Kokko.mp3","mp3":"\/music\/K\/Korpiklaani\/2006 - Tales Along This Road\/04 - Tuli Kokko.mp3"},{"title":"01 - Happy Little Boozer.mp3","mp3":"\/music\/K\/Korpiklaani\/2006 - Tales Along This Road\/01 - Happy Little Boozer.mp3"},{"title":"02 - V\u00e4kirauta.mp3","mp3":"\/music\/K\/Korpiklaani\/2006 - Tales Along This Road\/02 - V\u00e4kirauta.mp3"},{"title":"03 - Midsummer Night.mp3","mp3":"\/music\/K\/Korpiklaani\/2006 - Tales Along This Road\/03 - Midsummer Night.mp3"},{"title":"05 - Spring Dance.mp3","mp3":"\/music\/K\/Korpiklaani\/2006 - Tales Along This Road\/05 - Spring Dance.mp3"},{"title":"08 - Rise.mp3","mp3":"\/music\/K\/Korpiklaani\/2006 - Tales Along This Road\/08 - Rise.mp3"},{"title":"09 - Kirki.mp3","mp3":"\/music\/K\/Korpiklaani\/2006 - Tales Along This Road\/09 - Kirki.mp3"},{"title":"10 - Hide Your Richess.mp3","mp3":"\/music\/K\/Korpiklaani\/2006 - Tales Along This Road\/10 - Hide Your Richess.mp3"},{"title":"11 - Free Like An Eagle.mp3","mp3":"\/music\/K\/Korpiklaani\/2006 - Tales Along This Road\/11 - Free Like An Eagle.mp3"},{"title":"01 - Let's Drink.mp3","mp3":"\/music\/K\/Korpiklaani\/2007 - Tervaskanto\/01 - Let's Drink.mp3"},{"title":"02 - Tervaskanto (Resinous Stump).mp3","mp3":"\/music\/K\/Korpiklaani\/2007 - Tervaskanto\/02 - Tervaskanto (Resinous Stump).mp3"},{"title":"03 - Viima (Icy Wind).mp3","mp3":"\/music\/K\/Korpiklaani\/2007 - Tervaskanto\/03 - Viima (Icy Wind).mp3"},{"title":"04 - Veriset Aparat (Bloody Bastars Children).mp3","mp3":"\/music\/K\/Korpiklaani\/2007 - Tervaskanto\/04 - Veriset Aparat (Bloody Bastars Children).mp3"},{"title":"05 - Running With Wolves.mp3","mp3":"\/music\/K\/Korpiklaani\/2007 - Tervaskanto\/05 - Running With Wolves.mp3"},{"title":"07 - Palovana (Inner Fire).mp3","mp3":"\/music\/K\/Korpiklaani\/2007 - Tervaskanto\/07 - Palovana (Inner Fire).mp3"},{"title":"08 - Karhunkaatolaulu (Bear Hunt Song).mp3","mp3":"\/music\/K\/Korpiklaani\/2007 - Tervaskanto\/08 - Karhunkaatolaulu (Bear Hunt Song).mp3"},{"title":"11 - Nordic Feast.mp3","mp3":"\/music\/K\/Korpiklaani\/2007 - Tervaskanto\/11 - Nordic Feast.mp3"},{"title":"02. Paljon On Koskessa Kivi\u00e4.mp3","mp3":"\/music\/K\/Korpiklaani\/2008 - Keep On Galloping\/02. Paljon On Koskessa Kivi\u00e4.mp3"},{"title":"01. Tapporauta.mp3","mp3":"\/music\/K\/Korpiklaani\/2008-Korven_Kuningas\/01. Tapporauta.mp3"},{"title":"02. Mets\u00e4mies.mp3","mp3":"\/music\/K\/Korpiklaani\/2008-Korven_Kuningas\/02. Mets\u00e4mies.mp3"},{"title":"05. Shall We Take A Turn.mp3","mp3":"\/music\/K\/Korpiklaani\/2008-Korven_Kuningas\/05. Shall We Take A Turn.mp3"},{"title":"06. Paljon On Koskessa Kivi\u00e4.mp3","mp3":"\/music\/K\/Korpiklaani\/2008-Korven_Kuningas\/06. Paljon On Koskessa Kivi\u00e4.mp3"},{"title":"07. Ali J\u00e4isten Vetten.mp3","mp3":"\/music\/K\/Korpiklaani\/2008-Korven_Kuningas\/07. Ali J\u00e4isten Vetten.mp3"},{"title":"08. Gods On Fire.mp3","mp3":"\/music\/K\/Korpiklaani\/2008-Korven_Kuningas\/08. Gods On Fire.mp3"},{"title":"09. Kipakka.mp3","mp3":"\/music\/K\/Korpiklaani\/2008-Korven_Kuningas\/09. Kipakka.mp3"},{"title":"10-korpiklaani-kipumylly.mp3","mp3":"\/music\/K\/Korpiklaani\/2008-Korven_Kuningas\/10-korpiklaani-kipumylly.mp3"},{"title":"10. Kantaiso.mp3","mp3":"\/music\/K\/Korpiklaani\/2008-Korven_Kuningas\/10. Kantaiso.mp3"},{"title":"12. Suden Joiku.mp3","mp3":"\/music\/K\/Korpiklaani\/2008-Korven_Kuningas\/12. Suden Joiku.mp3"},{"title":"13. Runamoine.mp3","mp3":"\/music\/K\/Korpiklaani\/2008-Korven_Kuningas\/13. Runamoine.mp3"},{"title":"14-korpiklaani-korven_kuningas.mp3","mp3":"\/music\/K\/Korpiklaani\/2008-Korven_Kuningas\/14-korpiklaani-korven_kuningas.mp3"},{"title":"09. Vaarinpolkka.mp3","mp3":"\/music\/K\/Korpiklaani\/2011 - Ukon Wacka\/09. Vaarinpolkka.mp3"},{"title":"10. Surma.mp3","mp3":"\/music\/K\/Korpiklaani\/2011 - Ukon Wacka\/10. Surma.mp3"},{"title":"11. Iron Fist.mp3","mp3":"\/music\/K\/Korpiklaani\/2011 - Ukon Wacka\/11. Iron Fist.mp3"},{"title":"07. Ievan Polkka.mp3","mp3":"\/music\/K\/Korpiklaani\/2012 - Manala\/07. Ievan Polkka.mp3"},{"title":"12. Sumussa H\u00e4m\u00e4r\u00e4n Aamun.mp3","mp3":"\/music\/K\/Korpiklaani\/2012 - Manala\/12. Sumussa H\u00e4m\u00e4r\u00e4n Aamun.mp3"},{"title":"03. \u00c4mm\u00e4nkuolema.mp3","mp3":"\/music\/K\/Korpiklaani\/2014 - Jonne\/03. \u00c4mm\u00e4nkuolema.mp3"},{"title":"01. Lempo.mp3","mp3":"\/music\/K\/Korpiklaani\/2015 - Lempo\/01. Lempo.mp3"},{"title":"01. Viinam\u00e4en Mies.mp3","mp3":"\/music\/K\/Korpiklaani\/2015 - Noita\/01. Viinam\u00e4en Mies.mp3"},{"title":"05. Pime\u00e4 On Oksan Taitto.mp3","mp3":"\/music\/K\/Korpiklaani\/2017 - Jonne - Kallohonka\/05. Pime\u00e4 On Oksan Taitto.mp3"},{"title":"07. \u041f\u0438\u0432\u043e \u043f\u0438\u0432\u043e.mp3","mp3":"\/music\/K\/Korpiklaani\/CD 2 - Beer Beer\/07. \u041f\u0438\u0432\u043e \u043f\u0438\u0432\u043e.mp3"},{"title":"12. Beer Beer.mp3","mp3":"\/music\/K\/Korpiklaani\/CD 2 - Beer Beer\/12. Beer Beer.mp3"},{"title":"2002 - Shaman - Sham\u00e1niac_Suga\u00f0it [Swing On The Waves].mp3","mp3":"\/music\/K\/Korpiklaani\/2002 - Shaman - Sham\u00e1niac_Suga\u00f0it [Swing On The Waves].mp3"},{"title":"Korpiklaani_-_Tales_Along_This_Road_-_Happy_Little_Boozer.mp3","mp3":"\/music\/K\/Korpiklaani\/Korpiklaani_-_Tales_Along_This_Road_-_Happy_Little_Boozer.mp3"}]