[{"title":"Umarle Drzewa (\u0414\u0435\u0440\u0435\u0432\u044c\u044f \u043c\u0435\u0440\u0442\u0432\u044b)","mp3":"\/music\/K\/KSU\/1988%20Pod%20Prad%20(Reedycja%202011)%20[320%20kbps]\/07.Umarle%20Drzewa.mp3"},{"title":"Jabol Punk","mp3":"\/music\/K\/KSU\/1988%20Pod%20Prad%20(Reedycja%202011)%20[320%20kbps]\/09.Jabol%20Punk.mp3"},{"title":"Na Krawedzi Snu (\u041d\u0430 \u043a\u0440\u0430\u044e \u043c\u0435\u0447\u0442\u044b)","mp3":"\/music\/K\/KSU\/1988%20Pod%20Prad%20(Reedycja%202011)%20[320%20kbps]\/13.Na%20Krawedzi%20Snu.mp3"},{"title":"Liban (\u041b\u0438\u0432\u0430\u043d)","mp3":"\/music\/K\/KSU\/1988 Pod Prad (Reedycja 2011) [320 kbps]\/16.Liban.mp3"},{"title":"18.Na Krawedzi Snu.mp3","mp3":"\/music\/K\/KSU\/1988 Pod Prad (Reedycja 2011) [320 kbps]\/18.Na Krawedzi Snu.mp3","free":"true"},{"title":"02.Ustrzyki.mp3","mp3":"\/music\/K\/KSU\/1994 Na 15-lecie Nowe aranzacje [128 kbps]\/02.Ustrzyki.mp3","free":"true"},{"title":"16.Na Krawedzi Snu.mp3","mp3":"\/music\/K\/KSU\/1994 Na 15-lecie Nowe aranzacje [128 kbps]\/16.Na Krawedzi Snu.mp3","free":"true"},{"title":"01.Kto Cie Obroni Polsko.mp3","mp3":"\/music\/K\/KSU\/2005 Nasze Slowa (Reedycja 2010) [320 kbps]\/01.Kto Cie Obroni Polsko.mp3","free":"true"},{"title":"Marszalkowska Kosa","mp3":"\/music\/K\/KSU\/2005 Nasze Slowa (Reedycja 2010) [320 kbps]\/06.Marszalkowska Kosa.mp3"},{"title":"07.Odlot W Niepamiec.mp3","mp3":"\/music\/K\/KSU\/2005 Nasze Slowa (Reedycja 2010) [320 kbps]\/07.Odlot W Niepamiec.mp3","free":"true"},{"title":"10.Neopogo.mp3","mp3":"\/music\/K\/KSU\/2005 Nasze Slowa (Reedycja 2010) [320 kbps]\/10.Neopogo.mp3","free":"true"},{"title":"17.Poza Swiatem Slow.mp3","mp3":"\/music\/K\/KSU\/2005 Nasze Slowa (Reedycja 2010) [320 kbps]\/17.Poza Swiatem Slow.mp3","free":"true"},{"title":"18.Bieszczady 2004.mp3","mp3":"\/music\/K\/KSU\/2005 Nasze Slowa (Reedycja 2010) [320 kbps]\/18.Bieszczady 2004.mp3","free":"true"},{"title":"21.Po Drugiej Stronie Drzwi.mp3","mp3":"\/music\/K\/KSU\/2005 Nasze Slowa (Reedycja 2010) [320 kbps]\/21.Po Drugiej Stronie Drzwi.mp3","free":"true"}]