[{"title":"Mano9203.mp3","mp3":"\/music\/M\/Manowar\/Mano9203.mp3"},{"title":"1982 - Battle Hymns_Dark Avenger.mp3","mp3":"\/music\/M\/Manowar\/1982 - Battle Hymns_Dark Avenger.mp3"},{"title":"HAND OF DOOM - Manowar - Warriors of the world.mp3","mp3":"\/music\/M\/Manowar\/HAND OF DOOM - Manowar - Warriors of the world.mp3"},{"title":"HOUSE OF DEATH - Manowar - Warriors of the world.mp3","mp3":"\/music\/M\/Manowar\/HOUSE OF DEATH - Manowar - Warriors of the world.mp3"},{"title":"01. Fighting The World.mp3","mp3":"\/music\/M\/Manowar\/1987 - Fighting The World\/01. Fighting The World.mp3"},{"title":"02. Blow Your Speakers.mp3","mp3":"\/music\/M\/Manowar\/1987 - Fighting The World\/02. Blow Your Speakers.mp3"},{"title":"03. Carry On.mp3","mp3":"\/music\/M\/Manowar\/1987 - Fighting The World\/03. Carry On.mp3"},{"title":"04. Violence And Bloodshed.mp3","mp3":"\/music\/M\/Manowar\/1987 - Fighting The World\/04. Violence And Bloodshed.mp3"},{"title":"05. Defender.mp3","mp3":"\/music\/M\/Manowar\/1987 - Fighting The World\/05. Defender.mp3"},{"title":"06. Drums Of Doom.mp3","mp3":"\/music\/M\/Manowar\/1987 - Fighting The World\/06. Drums Of Doom.mp3"},{"title":"07. Holy War.mp3","mp3":"\/music\/M\/Manowar\/1987 - Fighting The World\/07. Holy War.mp3"},{"title":"08. Master Of Revenge.mp3","mp3":"\/music\/M\/Manowar\/1987 - Fighting The World\/08. Master Of Revenge.mp3"},{"title":"09. Black Wind, Fire And Steel.mp3","mp3":"\/music\/M\/Manowar\/1987 - Fighting The World\/09. Black Wind, Fire And Steel.mp3"},{"title":"01. Wheels Of Fire.mp3","mp3":"\/music\/M\/Manowar\/1988 - Kings Of Metal\/01. Wheels Of Fire.mp3"},{"title":"02. Kings Of Metal.mp3","mp3":"\/music\/M\/Manowar\/1988 - Kings Of Metal\/02. Kings Of Metal.mp3"},{"title":"03. Heart Of Steel.mp3","mp3":"\/music\/M\/Manowar\/1988 - Kings Of Metal\/03. Heart Of Steel.mp3"},{"title":"04. Sting Of The Bumblebee.mp3","mp3":"\/music\/M\/Manowar\/1988 - Kings Of Metal\/04. Sting Of The Bumblebee.mp3"},{"title":"05. The Crown And The Ring [Lament Of The Kings].mp3","mp3":"\/music\/M\/Manowar\/1988 - Kings Of Metal\/05. The Crown And The Ring [Lament Of The Kings].mp3"},{"title":"06. Kingdom Come.mp3","mp3":"\/music\/M\/Manowar\/1988 - Kings Of Metal\/06. Kingdom Come.mp3"},{"title":"07. Pleasure Slave.mp3","mp3":"\/music\/M\/Manowar\/1988 - Kings Of Metal\/07. Pleasure Slave.mp3"},{"title":"08. Hail And Kill.mp3","mp3":"\/music\/M\/Manowar\/1988 - Kings Of Metal\/08. Hail And Kill.mp3"},{"title":"09. The Warriors Prayer.mp3","mp3":"\/music\/M\/Manowar\/1988 - Kings Of Metal\/09. The Warriors Prayer.mp3"},{"title":"10. Blood Of The Kings.mp3","mp3":"\/music\/M\/Manowar\/1988 - Kings Of Metal\/10. Blood Of The Kings.mp3"},{"title":"08. Today Is A Good Day To Die.mp3","mp3":"\/music\/M\/Manowar\/1996 - Louder Than Hell\/08. Today Is A Good Day To Die.mp3"},{"title":"09. My Spirit Lives On.mp3","mp3":"\/music\/M\/Manowar\/1996 - Louder Than Hell\/09. My Spirit Lives On.mp3"},{"title":"10. The Power.mp3","mp3":"\/music\/M\/Manowar\/1996 - Louder Than Hell\/10. The Power.mp3"},{"title":"01. Overture To The Hymn Of The Immortal Warriors.mp3","mp3":"\/music\/M\/Manowar\/2007 - Gods Of War\/01. Overture To The Hymn Of The Immortal Warriors.mp3"},{"title":"13. Army Of The Dead, Part II.mp3","mp3":"\/music\/M\/Manowar\/2007 - Gods Of War\/13. Army Of The Dead, Part II.mp3"},{"title":"06. Dark Avenger.mp3","mp3":"\/music\/M\/Manowar\/2011 - Battle Hymns MMXI\/06. Dark Avenger.mp3"},{"title":"01. The Lord Of Steel.mp3","mp3":"\/music\/M\/Manowar\/2012 - The Lord Of Steel\/01. The Lord Of Steel.mp3"},{"title":"02. Manowarriors.mp3","mp3":"\/music\/M\/Manowar\/2012 - The Lord Of Steel\/02. Manowarriors.mp3"},{"title":"06. Black List.mp3","mp3":"\/music\/M\/Manowar\/2012 - The Lord Of Steel\/06. Black List.mp3"},{"title":"07. Expendable.mp3","mp3":"\/music\/M\/Manowar\/2012 - The Lord Of Steel\/07. Expendable.mp3"},{"title":"08. El Gringo.mp3","mp3":"\/music\/M\/Manowar\/2012 - The Lord Of Steel\/08. El Gringo.mp3"},{"title":"09. Annihilation.mp3","mp3":"\/music\/M\/Manowar\/2012 - The Lord Of Steel\/09. Annihilation.mp3"},{"title":"10. Hail Kill And Die.mp3","mp3":"\/music\/M\/Manowar\/2012 - The Lord Of Steel\/10. Hail Kill And Die.mp3"},{"title":"05. The Blood Of The Kings MMXIV.mp3","mp3":"\/music\/M\/Manowar\/2014 - Kings Of Metal MMXIV\/05. The Blood Of The Kings MMXIV.mp3"},{"title":"11. The Heart Of Steel MMXIV [Guitar Instrumental].mp3","mp3":"\/music\/M\/Manowar\/2014 - Kings Of Metal MMXIV\/11. The Heart Of Steel MMXIV [Guitar Instrumental].mp3"},{"title":"01. Hail And Kill MMXIV [Instrumental].mp3","mp3":"\/music\/M\/Manowar\/instrumental\/01. Hail And Kill MMXIV [Instrumental].mp3"},{"title":"02. Kings Of Metal MMXIV [Instrumental].mp3","mp3":"\/music\/M\/Manowar\/instrumental\/02. Kings Of Metal MMXIV [Instrumental].mp3"},{"title":"03. The Heart Of Steel MMXIV [Orchestral Intro - Instrumental].mp3","mp3":"\/music\/M\/Manowar\/instrumental\/03. The Heart Of Steel MMXIV [Orchestral Intro - Instrumental].mp3"},{"title":"04. The Blood Of The Kings MMXIV [Instrumental].mp3","mp3":"\/music\/M\/Manowar\/instrumental\/04. The Blood Of The Kings MMXIV [Instrumental].mp3"},{"title":"05. Thy Kingdom Come MMXIV [Instrumental].mp3","mp3":"\/music\/M\/Manowar\/instrumental\/05. Thy Kingdom Come MMXIV [Instrumental].mp3"},{"title":"06. Thy Crown And The Ring MMXIV [Orchestral Version - Instrumental].mp3","mp3":"\/music\/M\/Manowar\/instrumental\/06. Thy Crown And The Ring MMXIV [Orchestral Version - Instrumental].mp3"},{"title":"07. On Wheels Of Fire MMXIV [Instrumental].mp3","mp3":"\/music\/M\/Manowar\/instrumental\/07. On Wheels Of Fire MMXIV [Instrumental].mp3"}]