[{"title":"07. Fredrick The Great - Hohenfriedberger March.mp3","mp3":"\/music\/0_soundtracks\/Barry%20Lyndon%20ost\/07.%20Fredrick%20The%20Great%20-%20Hohenfriedberger%20March.mp3"},{"title":"06. Traditional (Perf. Fifes and Drums) - British Grenadiers.mp3","mp3":"\/music\/0_soundtracks\/Barry Lyndon ost\/06. Traditional (Perf. Fifes and Drums) - British Grenadiers.mp3"},{"title":"08. Traditional (Perf. Fifes and Drums) - Lilliburlero.mp3","mp3":"\/music\/0_soundtracks\/Barry Lyndon ost\/08. Traditional (Perf. Fifes and Drums) - Lilliburlero.mp3"},{"title":"10. Wolfgang Amadeus Mozart - March From Idomeneo.mp3","mp3":"\/music\/0_soundtracks\/Barry Lyndon ost\/10. Wolfgang Amadeus Mozart - March From Idomeneo.mp3"},{"title":"Marsch des Infanterie-Regiments 75 Sewastopol (AM II, 183).mp3","mp3":"\/music\/0_marshes, hymnes\/Marsch des Infanterie-Regiments 75 Sewastopol (AM II, 183).mp3"},{"title":"Der Koniggratzer Marsch.mp3","mp3":"\/music\/0_marshes, hymnes\/Der Koniggratzer Marsch.mp3"},{"title":"Der_Alte_Dessauer_Bundeswehr.mp3","mp3":"\/music\/0_marshes, hymnes\/Der_Alte_Dessauer_Bundeswehr.mp3"},{"title":"Heeresmusikkorps_-_Marsh_grenaderov_korolya_Fridriha_II_Velikogo.mp3","mp3":"\/music\/0_marshes, hymnes\/Heeresmusikkorps_-_Marsh_grenaderov_korolya_Fridriha_II_Velikogo.mp3"},{"title":"Heil dir im Siegerkranz - Deutsche Kaiserhymne.mp3","mp3":"\/music\/0_marshes, hymnes\/Heil dir im Siegerkranz - Deutsche Kaiserhymne.mp3"},{"title":"horn_the_end_parade_012.mp3","mp3":"\/music\/0_marshes, hymnes\/horn_the_end_parade_012.mp3"},{"title":"marcha_miliitar_-_Marsh_Britanskih_Grenaderov.mp3","mp3":"\/music\/0_marshes, hymnes\/marcha_miliitar_-_Marsh_Britanskih_Grenaderov.mp3"},{"title":"Markische Heide - \u043c\u0430\u0440\u0448 \u043f\u0430\u0442\u0440\u0438\u043e\u0442\u043e\u0432.mp3","mp3":"\/music\/0_marshes, hymnes\/Markische Heide - \u043c\u0430\u0440\u0448 \u043f\u0430\u0442\u0440\u0438\u043e\u0442\u043e\u0432.mp3"},{"title":"Marsh_Grenader_-_Russkij_marsh_(get-tune.net).mp3","mp3":"\/music\/0_marshes, hymnes\/Marsh_Grenader_-_Russkij_marsh_(get-tune.net).mp3"},{"title":"Marsh_prusskih_grenader_Fridriha_Vtorogo_-_Hohenfriedberger_Marsch_(get-tune.net).mp3","mp3":"\/music\/0_marshes, hymnes\/Marsh_prusskih_grenader_Fridriha_Vtorogo_-_Hohenfriedberger_Marsch_(get-tune.net).mp3"},{"title":"Napoleon Bonaparte  la marseillaise.mp3","mp3":"\/music\/0_marshes, hymnes\/Napoleon Bonaparte  la marseillaise.mp3"},{"title":"p1_Vaterloo_Waterloo_-_1970_-_04._Notte_Di_Vigilia-Parata_Delle_Truppe_Napoleoniche.mp3","mp3":"\/music\/0_marshes, hymnes\/p1_Vaterloo_Waterloo_-_1970_-_04._Notte_Di_Vigilia-Parata_Delle_Truppe_Napoleoniche.mp3"},{"title":"p1_Waterloo_-_1970_-_07._La_Vieille_Garde-I_Prussiani_mod.mp3","mp3":"\/music\/0_marshes, hymnes\/p1_Waterloo_-_1970_-_07._La_Vieille_Garde-I_Prussiani_mod.mp3"},{"title":"p2_Beethoven  Symphony No.9.mp3","mp3":"\/music\/0_marshes, hymnes\/p2_Beethoven  Symphony No.9.mp3"},{"title":"p2_Waterloo_-_1970_-_07._La_Vieille_Garde-I_Prussiani.mp3","mp3":"\/music\/0_marshes, hymnes\/p2_Waterloo_-_1970_-_07._La_Vieille_Garde-I_Prussiani.mp3"},{"title":"Preobrazhensky March.mp3","mp3":"\/music\/0_marshes, hymnes\/Preobrazhensky March.mp3"},{"title":"Preussens Gloria_composer_Gottfried Piefke.mp3","mp3":"\/music\/0_marshes, hymnes\/Preussens Gloria_composer_Gottfried Piefke.mp3"},{"title":"Regimentsgru Marsch  Regimental Salute March.mp3","mp3":"\/music\/0_marshes, hymnes\/Regimentsgru Marsch  Regimental Salute March.mp3"},{"title":"The Yellow Rose Of Texas Mitch Miller Orchestra 1955.mp3","mp3":"\/music\/0_marshes, hymnes\/The Yellow Rose Of Texas Mitch Miller Orchestra 1955.mp3"},{"title":"Tube_flag_024.mp3","mp3":"\/music\/0_marshes, hymnes\/Tube_flag_024.mp3"},{"title":"Warschawjanka - (Deutsch).mp3","mp3":"\/music\/0_marshes, hymnes\/Warschawjanka - (Deutsch).mp3"},{"title":"Warschawjanka.mp3","mp3":"\/music\/0_marshes, hymnes\/Warschawjanka.mp3"},{"title":"Yankee doodle  original song.mp3","mp3":"\/music\/0_marshes, hymnes\/Yankee doodle  original song.mp3"},{"title":"Yorckscher Marsch_Beethoven_1808.mp3","mp3":"\/music\/0_marshes, hymnes\/Yorckscher Marsch_Beethoven_1808.mp3"},{"title":"\u0415\u0433\u0435\u0440\u0441\u043a\u0438\u0439 \u043c\u0430\u0440\u0448.mp3","mp3":"\/music\/0_marshes, hymnes\/\u0415\u0433\u0435\u0440\u0441\u043a\u0438\u0439 \u043c\u0430\u0440\u0448.mp3"}]