[{"title":"Einherjer, album \"Norwegian Native Art\" (1999), \"Regicide\"","mp3":"\/music\/E\/Einherjer_1999_Regicide.mp3"},{"title":"Enslaved, 1994, Frost","mp3":"\/music\/E\/Enslaved_1994_Frost.mp3","free":"true"},{"title":"Eluveitie, Anagantios","mp3":"\/music\/E\/Eluveitie\/2008%20-%20Slania\/Anagantios.mp3"},{"title":"Eluveitie, Elembivos","mp3":"\/music\/E\/Eluveitie\/2008%20-%20Slania\/Elembivos.mp3"},{"title":"Eluveitie, Giamonios","mp3":"\/music\/E\/Eluveitie\/2008%20-%20Slania\/Giamonios.mp3"},{"title":"Eluveitie, Samon","mp3":"\/music\/E\/Eluveitie\/2008%20-%20Slania\/Samon.mp3"},{"title":"Satyricon(1994) \"I En Svart Kiste\"","mp3":"\/music\/S\/Satyricon\/Satyricon_1994_I En Svart Kiste.mp3"},{"title":"Isengard_1994_Bergtrollets Grabferd.mp3","mp3":"\/music\/I\/Isengard_1994_Bergtrollets Grabferd.mp3","free":"true"},{"title":"Storm_Innferd.mp3","mp3":"\/music\/S\/Storm_Innferd.mp3","free":"true"},{"title":"Storm - Nagellstev.mp3","mp3":"\/music\/S\/Storm - Nagellstev.mp3","free":"true"},{"title":"Storm_Lokk.mp3","mp3":"\/music\/S\/Storm_Lokk.mp3","free":"true"},{"title":"01 Rune.mp3","mp3":"\/music\/I\/Inkubus Sukkubus (1999) Wild\/01 Rune.mp3","free":"true"},{"title":"07 Aradia.mp3","mp3":"\/music\/I\/Inkubus Sukkubus (1999) Wild\/07 Aradia.mp3","free":"true"},{"title":"Inkubus Sukkubus (1999), \"Wild\", \"Lammas Song\"","mp3":"\/music\/I\/Inkubus%20Sukkubus%20(1999)%20Wild\/12%20Lammas%20Song.mp3","free":"true"},{"title":"Inkubus Sukkubus (1999) \"Wild\",  \"Wild\"","mp3":"\/music\/I\/Inkubus%20Sukkubus%20(1999)%20Wild\/13%20Wild.mp3","free":"true"},{"title":"\u041a\u0430\u043b\u0435\u0432\u0430\u043b\u0430-\u041a\u0443\u0434\u0435\u043b\u044c \u0411\u0435\u043b\u043e\u0441\u043d\u0435\u0436\u043d\u043e\u0433\u043e \u041b\u044c\u043d\u0430(2008)_01 - \u0413\u043e\u0439, \u041e\u043b\u0435\u043d\u044c!.mp3","mp3":"\/music\/K\/\u041a\u0430\u043b\u0435\u0432\u0430\u043b\u0430-\u041a\u0443\u0434\u0435\u043b\u044c \u0411\u0435\u043b\u043e\u0441\u043d\u0435\u0436\u043d\u043e\u0433\u043e \u041b\u044c\u043d\u0430(2008)_01 - \u0413\u043e\u0439, \u041e\u043b\u0435\u043d\u044c!.mp3","free":"true"},{"title":"Irreligious - Track 1-2.mp3","mp3":"\/music\/M\/Moonspell\/Irreligious%20-%20Track%201-2.mp3","free":"true"},{"title":"Moonspell, Under the Moonspell - Track 11","mp3":"\/music\/M\/Moonspell\/Under%20the%20Moonspell%20-%20Track%2011.mp3","free":"true"},{"title":"For my fallen angel (1996).mp3","mp3":"\/music\/M\/My dying bride\/For my fallen angel (1996).mp3","free":"true"},{"title":"Two winters only (1995).mp3","mp3":"\/music\/M\/My dying bride\/Two winters only (1995).mp3","free":"true"},{"title":"Your shameful heaven (1995).mp3","mp3":"\/music\/M\/My dying bride\/Your shameful heaven (1995).mp3","free":"true"},{"title":" Satyricon_1993_Min Hyllest Til Vinterland.mp3","mp3":"\/music\/S\/ Satyricon_1993_Min Hyllest Til Vinterland.mp3","free":"true"},{"title":"Satyricon_Rhapsody In Filth.mp3","mp3":"\/music\/S\/Satyricon_Rhapsody In Filth.mp3","free":"true"},{"title":" Emperor_Thus March The Nightspirit.mp3","mp3":"\/music\/E\/ Emperor_Thus March The Nightspirit.mp3","free":"true"},{"title":"Emperor_Thorns_Exordium.mp3","mp3":"\/music\/E\/Emperor_Thorns_Exordium.mp3","free":"true"},{"title":"Rotting Christ - 2004- Sanctus Diavolos.mp3","mp3":"\/music\/R\/Rotting Christ - 2004- Sanctus Diavolos.mp3","free":"true"},{"title":"Tiamat_02 Teonanacatl.mp3","mp3":"\/music\/T\/Tiamat_02 Teonanacatl.mp3","free":"true"},{"title":"Storm_Utferd.mp3","mp3":"\/music\/S\/Storm_Utferd.mp3","free":"true"},{"title":"04-Muittut.mp3","mp3":"\/music\/W\/Waltari\/08. Waltari ' 2000 - Channel Nordica\/04-Muittut.mp3","free":"true"},{"title":"08-Li Dohko Guvluige.mp3","mp3":"\/music\/W\/Waltari\/08. Waltari ' 2000 - Channel Nordica\/08-Li Dohko Guvluige.mp3","free":"true"}]