[
	{
		"title" : "Hit The Lights",
		"artist" : "Metallica",
		"mp3" : "/music/M/Metallica/1983_Kill_em_All/01_Hit_The_Lights.mp3"
	},
	{
		"title" : "The Four Horsemen",
		"artist" : "Metallica",
		"mp3" : "/music/M/Metallica/1983_Kill_em_All/02_The_Four_Horsemen.mp3"
	},
	{
		"title" : "Motorbreath",
		"artist" : "Metallica",
		"mp3" : "/music/M/Metallica/1983_Kill_em_All/03_Motorbreath.mp3"
	},
	{
		"title" : "Jump In The Fire",
		"artist" : "Metallica",
		"mp3" : "/music/M/Metallica/1983_Kill_em_All/04_Jump_In_The_Fire.mp3"
	},
	{
		"title" : "Anesthesia Pulling Teeth",
		"artist" : "Metallica",
		"mp3" : "/music/M/Metallica/1983_Kill_em_All/05_Anesthesia_Pulling_Teeth.mp3"
	},
	{
		"title" : "Whiplash",
		"artist" : "Metallica",
		"mp3" : "/music/M/Metallica/1983_Kill_em_All/06_Whiplash.mp3"
	},
	{
		"title" : "Phantom Lord",
		"artist" : "Metallica",
		"mp3" : "/music/M/Metallica/1983_Kill_em_All/07_Phantom_Lord.mp3"
	},
	{
		"title" : "No Remorse",
		"artist" : "Metallica",
		"mp3" : "/music/M/Metallica/1983_Kill_em_All/08_No_Remorse.mp3"
	},
	{
		"title" : "Seek And Destory",
		"artist" : "Metallica",
		"mp3" : "/music/M/Metallica/1983_Kill_em_All/09_Seek_And_Destory.mp3"
	},
	{
		"title" : "Metal Militia",
		"artist" : "Metallica",
		"mp3" : "/music/M/Metallica/1983_Kill_em_All/10_Metal_Militia.mp3"
	},

	{
		"title" : "Fight Fire With Fire",
		"artist" : "Metallica",
		"mp3" : "/music/M/Metallica/1984_Ride_The_Lightning/01_Fight_Fire_With_Fire.mp3"
	},
	{
		"title" : "Ride The Lightning",
		"artist" : "Metallica",
		"mp3" : "/music/M/Metallica/1984_Ride_The_Lightning/02_Ride_The_Lightning.mp3"
	},
	{
		"title" : "For Whom The Bells Tolls",
		"artist" : "Metallica",
		"mp3" : "/music/M/Metallica/1984_Ride_The_Lightning/03_For_Whom_The_Bells_Tolls.mp3"
	},
	{
		"title" : "Fade To Black",
		"artist" : "Metallica",
		"mp3" : "/music/M/Metallica/1984_Ride_The_Lightning/04_Fade_To_Black.mp3"
	},
	{
		"title" : "Trapped Under Ice",
		"artist" : "Metallica",
		"mp3" : "/music/M/Metallica/1984_Ride_The_Lightning/05_Trapped_Under_Ice.mp3"
	},
	{
		"title" : "Escape",
		"artist" : "Metallica",
		"mp3" : "/music/M/Metallica/1984_Ride_The_Lightning/06_Escape.mp3"
	},
	{
		"title" : "Creeping Death",
		"artist" : "Metallica",
		"mp3" : "/music/M/Metallica/1984_Ride_The_Lightning/07_Creeping_Death.mp3"		
	},

	{
		"title" : "Battery",
		"artist" : "Metallica",
		"mp3" : "/music/M/Metallica/1986_Master_Of_Puppets/01_Battery.mp3"
	},
	{
		"title" : "Master Of Puppets",
		"artist" : "Metallica",
		"mp3" : "/music/M/Metallica/1986_Master_Of_Puppets/02_Master_Of_Puppets.mp3"
	},
	{
		"title" : "The Thing That Should Not Be",
		"artist" : "Metallica",
		"mp3" : "/music/M/Metallica/1986_Master_Of_Puppets/03_The_Thing_That_Should_Not_Be.mp3"
	},
	{
		"title" : "Welcome Home Sanitarium",
		"artist" : "Metallica",
		"mp3" : "/music/M/Metallica/1986_Master_Of_Puppets/04_Welcome_Home_Sanitarium.mp3"
	},
	{
		"title" : "Disposable Heroes",
		"artist" : "Metallica",
		"mp3" : "/music/M/Metallica/1986_Master_Of_Puppets/05_Disposable_Heroes.mp3"
	},
	{
		"title" : "Leper Messiah",
		"artist" : "Metallica",
		"mp3" : "/music/M/Metallica/1986_Master_Of_Puppets/06_Leper_Messiah.mp3"
	},
	{
		"title" : "Orion Instrumental",
		"artist" : "Metallica",
		"mp3" : "/music/M/Metallica/1986_Master_Of_Puppets/07_Orion_Instrumental.mp3"
	},

	{
		"title" : "Helpless",
		"artist" : "Metallica",
		"mp3" : "/music/M/Metallica/1987_The 5.98 E.P. Garage Days Re-Revisited/01 - Helpless.mp3"
	},
	{
		"title" : "The Small Hours",
		"artist" : "Metallica",
		"mp3" : "/music/M/Metallica/1987_The 5.98 E.P. Garage Days Re-Revisited/02 - The Small Hours.mp3"
	},
	{
		"title" : "The Wait",
		"artist" : "Metallica",
		"mp3" : "/music/M/Metallica/1987_The 5.98 E.P. Garage Days Re-Revisited/03 - The Wait.mp3"
	},
	{
		"title" : "Crash Course In Brain Surgery",
		"artist" : "Metallica",
		"mp3" : "/music/M/Metallica/1987_The 5.98 E.P. Garage Days Re-Revisited/04 - Crash Course In Brain Surgery.mp3"
	},
	{
		"title" : "Last Caress-Green Hell",
		"artist" : "Metallica",
		"mp3" : "/music/M/Metallica/1987_The 5.98 E.P. Garage Days Re-Revisited/05 - Last Caress-Green Hell.mp3"
	},

	{
		"title":"Blackened",
		"artist":"Metallica",
		"mp3":"/music/M/Metallica/1988_And_Justice_For_All/01_Blackened.mp3"
	},
	{
		"title":"And Justice For All",
		"artist":"Metallica",
		"mp3":"/music/M/Metallica/1988_And_Justice_For_All/02_And_Justice_For_All.mp3"
	},
	{
		"title":"Eye Of The Beholder",
		"artist":"Metallica",
		"mp3":"/music/M/Metallica/1988_And_Justice_For_All/03_Eye_Of_The_Beholder.mp3"
	},
	{
		"title":"One",
		"artist":"Metallica",
		"mp3":"/music/M/Metallica/1988_And_Justice_For_All/04_One.mp3"
	},
	{
		"title":"The Shortest Straw",
		"artist":"Metallica",
		"mp3":"/music/M/Metallica/1988_And_Justice_For_All/05_The_Shortest_Straw.mp3"
	},
	{
		"title":"Harvester Of Sorrow",
		"artist":"Metallica",
		"mp3":"/music/M/Metallica/1988_And_Justice_For_All/06_Harvester_Of_Sorrow.mp3"
	},
	{
		"title":"The Frayed Ends Of Sanity",
		"artist":"Metallica",
		"mp3":"/music/M/Metallica/1988_And_Justice_For_All/07_The_Frayed_Ends_Of_Sanity.mp3"
	}
]
