[{"title":"05-AudioTrack 05.mp3","mp3":"\/music\/A\/AudioTrack%2005.mp3","free":"true"},{"title":"ATB-9 PM.mp3","mp3":"\/music\/A\/ATB-9 PM.mp3","free":"true"},{"title":"Boyz on 33 Floor - Slam The Jam.mp3","mp3":"\/music\/B\/Boyz on 33 Floor - Slam The Jam.MP3","free":"true"},{"title":"BBE-FL~1.mp3","mp3":"\/music\/B\/BBE-FL~1.MP3","free":"true"},{"title":"BEE_DA-GARMONIA.mp3","mp3":"\/music\/B\/BEE_DA-GARMONIA.MP3","free":"true"},{"title":"C-Block - Magic Hip Hop.mp3","mp3":"\/music\/C\/C-Block - Magic Hip Hop.mp3","free":"true"},{"title":"CLOSE YOUR EYES(DJ.BOOZYWOOZY).mp3","mp3":"\/music\/C\/CLOSE YOUR EYES(DJ.BOOZYWOOZY).mp3","free":"true"},{"title":"Da Bass_DJ Red 5.mp3","mp3":"\/music\/D\/Da Bass_DJ Red 5.mp3","free":"true"},{"title":"Depeche Mode_Personal Jesus.mp3","mp3":"\/music\/D\/Depeche Mode_Personal Jesus.mp3","free":"true"},{"title":"ESCAPADES(DJ.BOOZYWOOZY).mp3","mp3":"\/music\/E\/ESCAPADES(DJ.BOOZYWOOZY).mp3","free":"true"},{"title":"In-Grid_-_Tu_es_foutu.mp3","mp3":"\/music\/I\/In-Grid_-_Tu_es_foutu.mp3","free":"true"},{"title":"Loona - Hijo de la luna","mp3":"\/music\/L\/Loona_Hijo_de_la_luna.mp3"},{"title":"Los Der Rio - Macarena.mp3","mp3":"\/music\/L\/Los%20Der%20Rio%20-%20Macarena.mp3","free":"true"},{"title":"Lunedi - Mirage.mp3","mp3":"\/music\/L\/Lunedi - Mirage.mp3","free":"true"},{"title":"Miranda_-_Vamos-A-La-Playa.mp3","mp3":"\/music\/M\/Miranda_-_Vamos-A-La-Playa.mp3","free":"true"},{"title":"Natalia Oreiro - Canto Canto.mp3","mp3":"\/music\/N\/Natalia Oreiro - Canto Canto.mp3","free":"true"},{"title":"Raul - Sueno Su Boco.mp3","mp3":"\/music\/R\/Raul - Sueno Su Boco.mp3","free":"true"},{"title":"Sash! - Ecuador.mp3","mp3":"\/music\/S\/Sash! - Ecuador.mp3","free":"true"},{"title":"Scooter - How Much Is The Fish.mp3","mp3":"\/music\/S\/Scooter - How Much Is The Fish.mp3","free":"true"},{"title":"Shakira - Suerte.mp3","mp3":"\/music\/S\/Shakira - Suerte.mp3","free":"true"},{"title":"SILENT CIRCLE - TOUCH IN THE NIGHT.mp3","mp3":"\/music\/S\/SILENT CIRCLE - TOUCH IN THE NIGHT.mp3","free":"true"},{"title":"Track No04.mp3","mp3":"\/music\/T\/Track No04.mp3","free":"true"},{"title":"TONY ESPOSITO - Kalimba De Luna.mp3","mp3":"\/music\/T\/TONY ESPOSITO - Kalimba De Luna.mp3","free":"true"},{"title":"Track No05.mp3","mp3":"\/music\/T\/Track No05.mp3","free":"true"},{"title":"Track No07.mp3","mp3":"\/music\/T\/Track No07.mp3","free":"true"},{"title":"Track No09.mp3","mp3":"\/music\/T\/Track No09.mp3","free":"true"},{"title":"Track No12.mp3","mp3":"\/music\/T\/Track No12.mp3","free":"true"},{"title":"Track No15.mp3","mp3":"\/music\/T\/Track No15.mp3","free":"true"},{"title":"AudioTrack 01.mp3","mp3":"\/music\/T\/Tomb%20Raider\/AudioTrack%2001.mp3","free":"true"},{"title":"AudioTrack 08.mp3","mp3":"\/music\/T\/Tomb Raider\/AudioTrack 08.mp3","free":"true"},{"title":"AudioTrack 09.mp3","mp3":"\/music\/T\/Tomb Raider\/AudioTrack 09.mp3","free":"true"},{"title":"AudioTrack 10.mp3","mp3":"\/music\/T\/Tomb Raider\/AudioTrack 10.mp3","free":"true"},{"title":"AudioTrack 11.mp3","mp3":"\/music\/T\/Tomb Raider\/AudioTrack 11.mp3","free":"true"},{"title":"AudioTrack 16.mp3","mp3":"\/music\/T\/Tomb Raider\/AudioTrack 16.mp3","free":"true"},{"title":"ttf_vol.19_cd1.mp3","mp3":"\/music\/T\/Tunnel trans forse\/ttf_vol.19_cd1.mp3","free":"true"},{"title":"ttf_vol.20_cd1.mp3","mp3":"\/music\/T\/Tunnel trans forse\/ttf_vol.20_cd1.mp3","free":"true"},{"title":"ttf_vol.21_cd2.mp3","mp3":"\/music\/T\/Tunnel trans forse\/ttf_vol.21_cd2.mp3","free":"true"},{"title":"09-TRACK.mp3","mp3":"\/music\/0\/09-TRACK.MP3","free":"true"}]