[{"title":"W. A. Mozart - Eine Kleine Nachtmusic .mp3","mp3":"\/music\/M\/Mozart\/W.%20A.%20Mozart%20-%20Eine%20Kleine%20Nachtmusic%20.mp3"},{"title":"W. A. Mozart - Marriage Of Figaro .mp3","mp3":"\/music\/M\/Mozart\/W. A. Mozart - Marriage Of Figaro .mp3"},{"title":"W.A.Mozart - Divertisment \u041a 136 .mp3","mp3":"\/music\/M\/Mozart\/W.A.Mozart - Divertisment \u041a 136 .mp3"},{"title":"W.A.Mozart - Symphony 40 K 550 .mp3","mp3":"\/music\/M\/Mozart\/W.A.Mozart - Symphony 40 K 550 .mp3"},{"title":"\u041c\u043e\u0446\u0430\u0440\u0442 \u0421\u043e\u043d\u0430\u0442\u0430 \u0434\u043b\u044f \u0444\u043e\u0440\u0442\u0435\u043f\u044c\u044f\u043d\u043e  \u211615.mp3","mp3":"\/music\/M\/Mozart\/\u041c\u043e\u0446\u0430\u0440\u0442 \u0421\u043e\u043d\u0430\u0442\u0430 \u0434\u043b\u044f \u0444\u043e\u0440\u0442\u0435\u043f\u044c\u044f\u043d\u043e  \u211615.mp3"},{"title":"ar1_Diana Damrau - Queen of the night aria.mp3","mp3":"\/music\/M\/Mozart\/ar1_Diana Damrau - Queen of the night aria.mp3"},{"title":"ar2_Diana Damrau - Queen of the night aria.mp3","mp3":"\/music\/M\/Mozart\/ar2_Diana Damrau - Queen of the night aria.mp3"},{"title":"Diana Damrau - Queen of the Night - Mozart The Magic Flute.mp3","mp3":"\/music\/M\/Mozart\/Diana Damrau - Queen of the Night - Mozart The Magic Flute.mp3"},{"title":"Diana Damrau - Queen of the night aria.mp3","mp3":"\/music\/M\/Mozart\/Diana Damrau - Queen of the night aria.mp3"},{"title":"Divertimento in F, K138_01-(Allegro).mp3","mp3":"\/music\/M\/Mozart\/Divertimento in F, K138_01-(Allegro).mp3"},{"title":"Eine Kleine Nachtmusik, K525_04-Rondo (Allegro).mp3","mp3":"\/music\/M\/Mozart\/Eine Kleine Nachtmusik, K525_04-Rondo (Allegro).mp3"},{"title":"K137_in B-flat Major_2. Allegro di molto.mp3","mp3":"\/music\/M\/Mozart\/K137_in B-flat Major_2. Allegro di molto.mp3"},{"title":"Mozart - Rondo Alla Turca.mp3","mp3":"\/music\/M\/Mozart\/Mozart - Rondo Alla Turca.mp3"},{"title":"Mozart_Concierto para piano N\u00ba 5 en Re mayor K175_Allegro.mp3","mp3":"\/music\/M\/Mozart\/Mozart_Concierto para piano N\u00ba 5 en Re mayor K175_Allegro.mp3"},{"title":"01 - I. Introitus, Requiem (Chorus, Sopran).mp3","mp3":"\/music\/M\/Mozart\/Requiem In D Minor\/01 - I. Introitus, Requiem (Chorus, Sopran).mp3"},{"title":"02 - II. Kyrie (Chorus).mp3","mp3":"\/music\/M\/Mozart\/Requiem In D Minor\/02 - II. Kyrie (Chorus).mp3"},{"title":"03 - III. Sequentia, 1 Dies Irae (Chorus).mp3","mp3":"\/music\/M\/Mozart\/Requiem In D Minor\/03 - III. Sequentia, 1 Dies Irae (Chorus).mp3"},{"title":"04 - III. Sequentia, 2 Tuba Mirum (Sopran, Alt, Tenor, Bass).mp3","mp3":"\/music\/M\/Mozart\/Requiem In D Minor\/04 - III. Sequentia, 2 Tuba Mirum (Sopran, Alt, Tenor, Bass).mp3"},{"title":"05 - III. Sequentia, 3 Rex Tremendae (Chorus).mp3","mp3":"\/music\/M\/Mozart\/Requiem In D Minor\/05 - III. Sequentia, 3 Rex Tremendae (Chorus).mp3"},{"title":"06 - III. Sequentia, 4 Recordare (Sopran, Alt, Tenor, Bass).mp3","mp3":"\/music\/M\/Mozart\/Requiem In D Minor\/06 - III. Sequentia, 4 Recordare (Sopran, Alt, Tenor, Bass).mp3"},{"title":"07 - III. Sequentia, 5 Confutatis (Chorus).mp3","mp3":"\/music\/M\/Mozart\/Requiem In D Minor\/07 - III. Sequentia, 5 Confutatis (Chorus).mp3"},{"title":"08 - III. Sequentia, 6 Lacrimosa (Chorus).mp3","mp3":"\/music\/M\/Mozart\/Requiem In D Minor\/08 - III. Sequentia, 6 Lacrimosa (Chorus).mp3"},{"title":"09 - IV. Offertorium, 1 Domine Jesu (Chorus, Sopran, Alt, Tenor, Bass).mp3","mp3":"\/music\/M\/Mozart\/Requiem In D Minor\/09 - IV. Offertorium, 1 Domine Jesu (Chorus, Sopran, Alt, Tenor, Bass).mp3"},{"title":"10 - IV. Offertorium, 2 Hostias (Chorus).mp3","mp3":"\/music\/M\/Mozart\/Requiem In D Minor\/10 - IV. Offertorium, 2 Hostias (Chorus).mp3"},{"title":"11 - V. Sanctus (Chorus).mp3","mp3":"\/music\/M\/Mozart\/Requiem In D Minor\/11 - V. Sanctus (Chorus).mp3"},{"title":"12 - VI. Benedictus (Chorus, Sopran, Alt, Tenor, Bass).mp3","mp3":"\/music\/M\/Mozart\/Requiem In D Minor\/12 - VI. Benedictus (Chorus, Sopran, Alt, Tenor, Bass).mp3"},{"title":"13 - VII. Agnus Dei (Chorus).mp3","mp3":"\/music\/M\/Mozart\/Requiem In D Minor\/13 - VII. Agnus Dei (Chorus).mp3"},{"title":"14 - VIII. Communio, Lux aeterna (Chorus, Sopran).mp3","mp3":"\/music\/M\/Mozart\/Requiem In D Minor\/14 - VIII. Communio, Lux aeterna (Chorus, Sopran).mp3"}]