[{"title":"02 Sear Me.mp3","mp3":"\/music\/M\/My%20dying%20bride\/1992%20-%20As%20The%20Flower%20Withers\/02%20Sear%20Me.mp3"},{"title":"01 Sear Me MCMXCIII.mp3","mp3":"\/music\/M\/My dying bride\/1993 - Turn Loose The Swans\/01 Sear Me MCMXCIII.mp3"},{"title":"02 Your River.mp3","mp3":"\/music\/M\/My dying bride\/1993 - Turn Loose The Swans\/02 Your River.mp3"},{"title":"05 The Crown Of Sympathy.mp3","mp3":"\/music\/M\/My dying bride\/1993 - Turn Loose The Swans\/05 The Crown Of Sympathy.mp3"},{"title":"06 Turn Loose The Swans.mp3","mp3":"\/music\/M\/My dying bride\/1993 - Turn Loose The Swans\/06 Turn Loose The Swans.mp3"},{"title":"07 Black God.mp3","mp3":"\/music\/M\/My dying bride\/1993 - Turn Loose The Swans\/07 Black God.mp3"},{"title":"01 The Cry Of Mankind.mp3","mp3":"\/music\/M\/My dying bride\/1995 - The Angel And The Dark River\/01 The Cry Of Mankind.mp3"},{"title":"02 From Darkest Skies.mp3","mp3":"\/music\/M\/My dying bride\/1995 - The Angel And The Dark River\/02 From Darkest Skies.mp3"},{"title":"03 Black Voyage.mp3","mp3":"\/music\/M\/My dying bride\/1995 - The Angel And The Dark River\/03 Black Voyage.mp3"},{"title":"04 A Sea To Suffer In.mp3","mp3":"\/music\/M\/My dying bride\/1995 - The Angel And The Dark River\/04 A Sea To Suffer In.mp3"},{"title":"05 Two Winters Only.mp3","mp3":"\/music\/M\/My dying bride\/1995 - The Angel And The Dark River\/05 Two Winters Only.mp3"},{"title":"06 Your Shameful Heaven.mp3","mp3":"\/music\/M\/My dying bride\/1995 - The Angel And The Dark River\/06 Your Shameful Heaven.mp3"},{"title":"02 The Dark Caress.mp3","mp3":"\/music\/M\/My dying bride\/1996 - Like Gods Of The Sun\/02 The Dark Caress.mp3"},{"title":"06 For You.mp3","mp3":"\/music\/M\/My dying bride\/1996 - Like Gods Of The Sun\/06 For You.mp3"},{"title":"07 It Will Come.mp3","mp3":"\/music\/M\/My dying bride\/1996 - Like Gods Of The Sun\/07 It Will Come.mp3"},{"title":"08 Here In The Throat.mp3","mp3":"\/music\/M\/My dying bride\/1996 - Like Gods Of The Sun\/08 Here In The Throat.mp3"},{"title":"09 For My Fallen Angel.mp3","mp3":"\/music\/M\/My dying bride\/1996 - Like Gods Of The Sun\/09 For My Fallen Angel.mp3"}]