[{"title":"Nightwish-Instrumental (Crimson Tide, Deep Blue Sea).mp3","mp3":"\/music\/N\/Nightwish\/Nightwish-Instrumental%20(Crimson%20Tide,%20Deep%20Blue%20Sea).mp3"},{"title":"Elvenpath.mp3","mp3":"\/music\/N\/Nightwish\/1996 - Angels Fall First\/Elvenpath.mp3"},{"title":"Sleeping Sun.mp3","mp3":"\/music\/N\/Nightwish\/1998 - Oceanborn\/Sleeping Sun.mp3"},{"title":"Stargazers.mp3","mp3":"\/music\/N\/Nightwish\/1998 - Oceanborn\/Stargazers.mp3"},{"title":"Walkin In The Air.mp3","mp3":"\/music\/N\/Nightwish\/1998 - Oceanborn\/Walkin In The Air.mp3"},{"title":"Bare Grace Misery.mp3","mp3":"\/music\/N\/Nightwish\/2000 - Wishmaster\/Bare Grace Misery.mp3"},{"title":"Sleepwalker.mp3","mp3":"\/music\/N\/Nightwish\/2000 - Wishmaster\/Sleepwalker.mp3"},{"title":"The Kinslayer.mp3","mp3":"\/music\/N\/Nightwish\/2000 - Wishmaster\/The Kinslayer.mp3"},{"title":"Wanderlust.mp3","mp3":"\/music\/N\/Nightwish\/2000 - Wishmaster\/Wanderlust.mp3"},{"title":"Wishmaster.mp3","mp3":"\/music\/N\/Nightwish\/2000 - Wishmaster\/Wishmaster.mp3"},{"title":"Bless The Child.mp3","mp3":"\/music\/N\/Nightwish\/2002 - Century Child\/Bless The Child.mp3"},{"title":"Dead To The World.mp3","mp3":"\/music\/N\/Nightwish\/2002 - Century Child\/Dead To The World.mp3"},{"title":"End Of All Hope.mp3","mp3":"\/music\/N\/Nightwish\/2002 - Century Child\/End Of All Hope.mp3"},{"title":"Planet Hell.mp3","mp3":"\/music\/N\/Nightwish\/2004 - Once\/Planet Hell.mp3"},{"title":"Over the Hills and far away.mp3","mp3":"\/music\/N\/Nightwish\/2005 - Best Wishes\/Over the Hills and far away.mp3"},{"title":"Sahara - Nightwish.mp3","mp3":"\/music\/N\/Nightwish\/2007 - Dark Passion Play\/Sahara - Nightwish.mp3"},{"title":"02. Storytime (Instrumental).mp3","mp3":"\/music\/N\/Nightwish\/2011\/02. Storytime (Instrumental).mp3"},{"title":"02. Storytime.mp3","mp3":"\/music\/N\/Nightwish\/2011\/02. Storytime.mp3"},{"title":"06. Scaretale (Instrumental).mp3","mp3":"\/music\/N\/Nightwish\/2011\/06. Scaretale (Instrumental).mp3"},{"title":"07. Arabesque (Instrumental).mp3","mp3":"\/music\/N\/Nightwish\/2011\/07. Arabesque (Instrumental).mp3"},{"title":"09. Rest Calm (Instrumental).mp3","mp3":"\/music\/N\/Nightwish\/2011\/09. Rest Calm (Instrumental).mp3"},{"title":"11. Last Ride Of The Day.mp3","mp3":"\/music\/N\/Nightwish\/2011\/11. Last Ride Of The Day.mp3"},{"title":"12. Song Of Myself.mp3","mp3":"\/music\/N\/Nightwish\/2011\/12. Song Of Myself.mp3"},{"title":"13. Imaginaerum (Instrumental).mp3","mp3":"\/music\/N\/Nightwish\/2011\/13. Imaginaerum (Instrumental).mp3"},{"title":"09. Rest Calm.mp3","mp3":"\/music\/N\/Nightwish\/2012 - Imaginaerum\/09. Rest Calm.mp3"},{"title":"12. Song of Myself.mp3","mp3":"\/music\/N\/Nightwish\/2012 - Imaginaerum\/12. Song of Myself.mp3"}]