[{"title":"Accused - 1986, Martha Splatterhead","mp3":"\/music\/A\/Accused\/1986%20-%20Return%20Of%20Martha%20Splatterhead\/01%20-%20Martha%20Splatterhead.mp3"},{"title":"02 - Wrong Side Of The Grave.mp3","mp3":"\/music\/A\/Accused\/1986%20-%20Return%20Of%20Martha%20Splatterhead\/02%20-%20Wrong%20Side%20Of%20The%20Grave.mp3"},{"title":"03 - Take My Time.mp3","mp3":"\/music\/A\/Accused\/1986 - Return Of Martha Splatterhead\/03 - Take My Time.mp3"},{"title":"04 - Distractions.mp3","mp3":"\/music\/A\/Accused\/1986 - Return Of Martha Splatterhead\/04 - Distractions.mp3"},{"title":"05 - Buried Alive.mp3","mp3":"\/music\/A\/Accused\/1986 - Return Of Martha Splatterhead\/05 - Buried Alive.mp3"},{"title":"06 - Show No Mercy.mp3","mp3":"\/music\/A\/Accused\/1986 - Return Of Martha Splatterhead\/06 - Show No Mercy.mp3"},{"title":"07 - Slow Death.mp3","mp3":"\/music\/A\/Accused\/1986 - Return Of Martha Splatterhead\/07 - Slow Death.mp3"},{"title":"08 - Autopsy.mp3","mp3":"\/music\/A\/Accused\/1986 - Return Of Martha Splatterhead\/08 - Autopsy.mp3"},{"title":"09 - She's A Killer.mp3","mp3":"\/music\/A\/Accused\/1986 - Return Of Martha Splatterhead\/09 - She's A Killer.mp3"},{"title":"10 - In A Death Bed.mp3","mp3":"\/music\/A\/Accused\/1986 - Return Of Martha Splatterhead\/10 - In A Death Bed.mp3"},{"title":"11 - Lonely Place.mp3","mp3":"\/music\/A\/Accused\/1986 - Return Of Martha Splatterhead\/11 - Lonely Place.mp3"},{"title":"12 - _______ 4 Bucks.mp3","mp3":"\/music\/A\/Accused\/1986 - Return Of Martha Splatterhead\/12 - _______ 4 Bucks.mp3"},{"title":"13 - Marthas Revenge.mp3","mp3":"\/music\/A\/Accused\/1986%20-%20Return%20Of%20Martha%20Splatterhead\/13%20-%20Marthas%20Revenge.mp3"},{"title":"The Exploited, Punks Not Dead","mp3":"\/music\/E\/The%20Exploited\/01%20Punks%20Not%20Dead%20-%201981\/01%20Punks%20Not%20Dead.mp3"},{"title":"04  Alternative.mp3","mp3":"\/music\/E\/The Exploited\/02 Troops Of Tomorrow - 1982\/04  Alternative.mp3"},{"title":"The Exploited, U.S.A.","mp3":"\/music\/E\/The Exploited\/02 Troops Of Tomorrow - 1982\/05  U.S.A..mp3"},{"title":"08  UK '82.mp3","mp3":"\/music\/E\/The Exploited\/02 Troops Of Tomorrow - 1982\/08  UK '82.mp3"},{"title":"12  So Tragic.mp3","mp3":"\/music\/E\/The Exploited\/02 Troops Of Tomorrow - 1982\/12  So Tragic.mp3"}]