[{"title":"Any way you want it.mp3","mp3":"\/music\/R\/Ramones\/Any%20way%20you%20want%20it.mp3"},{"title":"Blitzkrieg Bop.mp3","mp3":"\/music\/R\/Ramones\/Blitzkrieg Bop.mp3"},{"title":"California Sun.mp3","mp3":"\/music\/R\/Ramones\/California Sun.mp3"},{"title":"Chinese Rock.mp3","mp3":"\/music\/R\/Ramones\/Chinese Rock.mp3"},{"title":"Cretin family.mp3","mp3":"\/music\/R\/Ramones\/Cretin family.mp3"},{"title":"Do You Wanna Dance.mp3","mp3":"\/music\/R\/Ramones\/Do You Wanna Dance.mp3"},{"title":"Don't Bust My Chops.mp3","mp3":"\/music\/R\/Ramones\/Don't Bust My Chops.mp3"},{"title":"Here Today, Gone Tomorrow.mp3","mp3":"\/music\/R\/Ramones\/Here Today, Gone Tomorrow.mp3"},{"title":"I Wanna Be A Good Boy.mp3","mp3":"\/music\/R\/Ramones\/I Wanna Be A Good Boy.mp3"},{"title":"Ignorance Is Bliss.mp3","mp3":"\/music\/R\/Ramones\/Ignorance Is Bliss.mp3"},{"title":"Needles & Pins [Single Version].mp3","mp3":"\/music\/R\/Ramones\/Needles & Pins [Single Version].mp3"},{"title":"Needles And Pins.mp3","mp3":"\/music\/R\/Ramones\/Needles And Pins.mp3"},{"title":"Now I Wanna Sniff Some Glue.mp3","mp3":"\/music\/R\/Ramones\/Now I Wanna Sniff Some Glue.mp3"},{"title":"Pet Sematary.mp3","mp3":"\/music\/R\/Ramones\/Pet Sematary.mp3"},{"title":"Pinhead.mp3","mp3":"\/music\/R\/Ramones\/Pinhead.mp3"},{"title":"Psycho Therapy.mp3","mp3":"\/music\/R\/Ramones\/Psycho Therapy.mp3"},{"title":"Ramona.mp3","mp3":"\/music\/R\/Ramones\/Ramona.mp3"},{"title":"Strength to endure.mp3","mp3":"\/music\/R\/Ramones\/Strength to endure.mp3"},{"title":"Teenage Lobotomy.mp3","mp3":"\/music\/R\/Ramones\/Teenage Lobotomy.mp3"},{"title":"The Crusher.mp3","mp3":"\/music\/R\/Ramones\/The Crusher.mp3"},{"title":"Today Your Love, Tomorrow The World.mp3","mp3":"\/music\/R\/Ramones\/Today Your Love, Tomorrow The World.mp3"},{"title":"Wart Hog.mp3","mp3":"\/music\/R\/Ramones\/Wart Hog.mp3"},{"title":"We're A Happy Family.mp3","mp3":"\/music\/R\/Ramones\/We're A Happy Family.mp3"},{"title":"01 - Blitzkrieg Bop.mp3","mp3":"\/music\/R\/Ramones\/1990 All The Stuff (And More) CD1\/01 - Blitzkrieg Bop.mp3"},{"title":"02 - Beat on the Brat.mp3","mp3":"\/music\/R\/Ramones\/1990 All The Stuff (And More) CD1\/02 - Beat on the Brat.mp3"},{"title":"03 - Judy is a Punk.mp3","mp3":"\/music\/R\/Ramones\/1990 All The Stuff (And More) CD1\/03 - Judy is a Punk.mp3"},{"title":"04 - I Wanna be your Boyfriend.mp3","mp3":"\/music\/R\/Ramones\/1990 All The Stuff (And More) CD1\/04 - I Wanna be your Boyfriend.mp3"},{"title":"05 - Chain Saw.mp3","mp3":"\/music\/R\/Ramones\/1990 All The Stuff (And More) CD1\/05 - Chain Saw.mp3"},{"title":"06 - Now I Wanna Sniff Some Glue.mp3","mp3":"\/music\/R\/Ramones\/1990 All The Stuff (And More) CD1\/06 - Now I Wanna Sniff Some Glue.mp3"},{"title":"07 - I Don't Wanna Go Down to the Basement.mp3","mp3":"\/music\/R\/Ramones\/1990 All The Stuff (And More) CD1\/07 - I Don't Wanna Go Down to the Basement.mp3"},{"title":"08 - Loudmouth.mp3","mp3":"\/music\/R\/Ramones\/1990 All The Stuff (And More) CD1\/08 - Loudmouth.mp3"},{"title":"09 - Havana Affair.mp3","mp3":"\/music\/R\/Ramones\/1990 All The Stuff (And More) CD1\/09 - Havana Affair.mp3"},{"title":"10 - Listen to my Heart.mp3","mp3":"\/music\/R\/Ramones\/1990 All The Stuff (And More) CD1\/10 - Listen to my Heart.mp3"},{"title":"11 - 53rd & 3rd.mp3","mp3":"\/music\/R\/Ramones\/1990 All The Stuff (And More) CD1\/11 - 53rd & 3rd.mp3"},{"title":"12 - Let's Dance.mp3","mp3":"\/music\/R\/Ramones\/1990 All The Stuff (And More) CD1\/12 - Let's Dance.mp3"},{"title":"13 - I Don't Wanna Walk Around With You.mp3","mp3":"\/music\/R\/Ramones\/1990 All The Stuff (And More) CD1\/13 - I Don't Wanna Walk Around With You.mp3"},{"title":"14 - Today Your Love, Tomorrow the World.mp3","mp3":"\/music\/R\/Ramones\/1990 All The Stuff (And More) CD1\/14 - Today Your Love, Tomorrow the World.mp3"},{"title":"15 - I Don't Wanna be Learned - I Don't Wanna be Tamed.mp3","mp3":"\/music\/R\/Ramones\/1990 All The Stuff (And More) CD1\/15 - I Don't Wanna be Learned - I Don't Wanna be Tamed.mp3"},{"title":"16 - I Can't Be [Demo].mp3","mp3":"\/music\/R\/Ramones\/1990 All The Stuff (And More) CD1\/16 - I Can't Be [Demo].mp3"},{"title":"17 - Glad to See you Go.mp3","mp3":"\/music\/R\/Ramones\/1990 All The Stuff (And More) CD1\/17 - Glad to See you Go.mp3"},{"title":"18 - Gimme Gimme Shock Treatment.mp3","mp3":"\/music\/R\/Ramones\/1990 All The Stuff (And More) CD1\/18 - Gimme Gimme Shock Treatment.mp3"},{"title":"19 - I Remember You.mp3","mp3":"\/music\/R\/Ramones\/1990 All The Stuff (And More) CD1\/19 - I Remember You.mp3"},{"title":"22 - Suzy is a Headbanger.mp3","mp3":"\/music\/R\/Ramones\/1990 All The Stuff (And More) CD1\/22 - Suzy is a Headbanger.mp3"},{"title":"24 - Now I Wanna be a Good Boy.mp3","mp3":"\/music\/R\/Ramones\/1990 All The Stuff (And More) CD1\/24 - Now I Wanna be a Good Boy.mp3"},{"title":"25 - Swallow My Pride.mp3","mp3":"\/music\/R\/Ramones\/1990 All The Stuff (And More) CD1\/25 - Swallow My Pride.mp3"},{"title":"26 - What's Your Game.mp3","mp3":"\/music\/R\/Ramones\/1990 All The Stuff (And More) CD1\/26 - What's Your Game.mp3"},{"title":"28 - Commando.mp3","mp3":"\/music\/R\/Ramones\/1990 All The Stuff (And More) CD1\/28 - Commando.mp3"},{"title":"31 - Babysitter.mp3","mp3":"\/music\/R\/Ramones\/1990 All The Stuff (And More) CD1\/31 - Babysitter.mp3"},{"title":"33 - I Don't Wanna Walk Around with You (live).mp3","mp3":"\/music\/R\/Ramones\/1990 All The Stuff (And More) CD1\/33 - I Don't Wanna Walk Around with You (live).mp3"}]