[{"title":"Red Elvises - 01 - Grooving To The Moscow Beat.mp3","mp3":"\/music\/R\/Red%20Elvises\/1996%20-%20Grooving%20to%20the%20Moscow%20Beat\/Red%20Elvises%20-%2001%20-%20Grooving%20To%20The%20Moscow%20Beat.mp3"},{"title":"Red Elvises - 02 - Boogie On The Beach.mp3","mp3":"\/music\/R\/Red Elvises\/1996 - Grooving to the Moscow Beat\/Red Elvises - 02 - Boogie On The Beach.mp3"},{"title":"Red Elvises - 03 - Good Golly Miss Molly.mp3","mp3":"\/music\/R\/Red Elvises\/1996 - Grooving to the Moscow Beat\/Red Elvises - 03 - Good Golly Miss Molly.mp3"},{"title":"Red Elvises - 04 - Please Don't Tell Me (What I Did Last Night).mp3","mp3":"\/music\/R\/Red Elvises\/1996 - Grooving to the Moscow Beat\/Red Elvises - 04 - Please Don't Tell Me (What I Did Last Night).mp3"},{"title":"Red Elvises - 05 - Tango.mp3","mp3":"\/music\/R\/Red Elvises\/1996 - Grooving to the Moscow Beat\/Red Elvises - 05 - Tango.mp3"},{"title":"Red Elvises - 06 - Shooba-Doobah (Elvis' Vacation).mp3","mp3":"\/music\/R\/Red Elvises\/1996 - Grooving to the Moscow Beat\/Red Elvises - 06 - Shooba-Doobah (Elvis' Vacation).mp3"},{"title":"Red Elvises - 07 - My Love Is Killing Me.mp3","mp3":"\/music\/R\/Red Elvises\/1996 - Grooving to the Moscow Beat\/Red Elvises - 07 - My Love Is Killing Me.mp3"},{"title":"Red Elvises - 08 - Leech.mp3","mp3":"\/music\/R\/Red Elvises\/1996 - Grooving to the Moscow Beat\/Red Elvises - 08 - Leech.mp3"},{"title":"Red Elvises - 09 - Elvis And Bears.mp3","mp3":"\/music\/R\/Red Elvises\/1996 - Grooving to the Moscow Beat\/Red Elvises - 09 - Elvis And Bears.mp3"},{"title":"Red Elvises - 10 - Scorchi Chornie.mp3","mp3":"\/music\/R\/Red Elvises\/1996 - Grooving to the Moscow Beat\/Red Elvises - 10 - Scorchi Chornie.mp3"},{"title":"Red Elvises - 11 - Harriet.mp3","mp3":"\/music\/R\/Red Elvises\/1996 - Grooving to the Moscow Beat\/Red Elvises - 11 - Harriet.mp3"},{"title":"Red Elvises - 12 - Ballad Of Elvis And Priscilla.mp3","mp3":"\/music\/R\/Red Elvises\/1996 - Grooving to the Moscow Beat\/Red Elvises - 12 - Ballad Of Elvis And Priscilla.mp3"},{"title":"Red Elvises - 13 - Sad Cowboy Song.mp3","mp3":"\/music\/R\/Red Elvises\/1996 - Grooving to the Moscow Beat\/Red Elvises - 13 - Sad Cowboy Song.mp3"},{"title":"Red Elvises - 14 - Romantic Junk.mp3","mp3":"\/music\/R\/Red Elvises\/1996 - Grooving to the Moscow Beat\/Red Elvises - 14 - Romantic Junk.mp3"},{"title":"Red Elvises - 01 - Surfing In Siberia.mp3","mp3":"\/music\/R\/Red Elvises\/1997 - Surfing In Siberia\/Red Elvises - 01 - Surfing In Siberia.mp3"},{"title":"Red Elvises - 02 - Here I Am In Hollywood.mp3","mp3":"\/music\/R\/Red Elvises\/1997 - Surfing In Siberia\/Red Elvises - 02 - Here I Am In Hollywood.mp3"},{"title":"Red Elvises - 03 - Siberia.mp3","mp3":"\/music\/R\/Red Elvises\/1997 - Surfing In Siberia\/Red Elvises - 03 - Siberia.mp3"},{"title":"Red Elvises - 04 - Don't Stop The Dance.mp3","mp3":"\/music\/R\/Red Elvises\/1997 - Surfing In Siberia\/Red Elvises - 04 - Don't Stop The Dance.mp3"},{"title":"Red Elvises - 05 - Hungarian Dance #5.mp3","mp3":"\/music\/R\/Red Elvises\/1997 - Surfing In Siberia\/Red Elvises - 05 - Hungarian Dance #5.mp3"},{"title":"Red Elvises - 06 - Give Me One More Chance.mp3","mp3":"\/music\/R\/Red Elvises\/1997 - Surfing In Siberia\/Red Elvises - 06 - Give Me One More Chance.mp3"},{"title":"Red Elvises - 07 - Love Pipe.mp3","mp3":"\/music\/R\/Red Elvises\/1997 - Surfing In Siberia\/Red Elvises - 07 - Love Pipe.mp3"},{"title":"Red Elvises - 08 - Jerry's Got The Squeeze Box.mp3","mp3":"\/music\/R\/Red Elvises\/1997 - Surfing In Siberia\/Red Elvises - 08 - Jerry's Got The Squeeze Box.mp3"},{"title":"Red Elvises - 09 - I Wanna Rock N' Roll All Night.mp3","mp3":"\/music\/R\/Red Elvises\/1997 - Surfing In Siberia\/Red Elvises - 09 - I Wanna Rock N' Roll All Night.mp3"},{"title":"Red Elvises - 10 - My Darling Lorraine.mp3","mp3":"\/music\/R\/Red Elvises\/1997 - Surfing In Siberia\/Red Elvises - 10 - My Darling Lorraine.mp3"},{"title":"Red Elvises - 11 - Three Alley Cats.mp3","mp3":"\/music\/R\/Red Elvises\/1997 - Surfing In Siberia\/Red Elvises - 11 - Three Alley Cats.mp3"},{"title":"Red Elvises - 12 - Rock N' Roll Music.mp3","mp3":"\/music\/R\/Red Elvises\/1997 - Surfing In Siberia\/Red Elvises - 12 - Rock N' Roll Music.mp3"},{"title":"Red Elvises - 13 - Ukrainian Dance #13.mp3","mp3":"\/music\/R\/Red Elvises\/1997 - Surfing In Siberia\/Red Elvises - 13 - Ukrainian Dance #13.mp3"},{"title":"01 Red Elvises - United States of Russia.mp3","mp3":"\/music\/R\/Red Elvises\/1998 - OST Six String Samurai\/01 Red Elvises - United States of Russia.mp3"},{"title":"03 Red Elvises - Love Pipe.mp3","mp3":"\/music\/R\/Red Elvises\/1998 - OST Six String Samurai\/03 Red Elvises - Love Pipe.mp3"},{"title":"07 Red Elvises - Boogie On The Beach.mp3","mp3":"\/music\/R\/Red Elvises\/1998 - OST Six String Samurai\/07 Red Elvises - Boogie On The Beach.mp3"},{"title":"11 Red Elvises - Jerry's Got The Squeeze Box.mp3","mp3":"\/music\/R\/Red Elvises\/1998 - OST Six String Samurai\/11 Red Elvises - Jerry's Got The Squeeze Box.mp3"},{"title":"12 Red Elvises - Scorchi Chornie.mp3","mp3":"\/music\/R\/Red Elvises\/1998 - OST Six String Samurai\/12 Red Elvises - Scorchi Chornie.mp3"},{"title":"13 Red Elvises - My Darling Lorraine.mp3","mp3":"\/music\/R\/Red Elvises\/1998 - OST Six String Samurai\/13 Red Elvises - My Darling Lorraine.mp3"},{"title":"15 Red Elvises - Leech.mp3","mp3":"\/music\/R\/Red Elvises\/1998 - OST Six String Samurai\/15 Red Elvises - Leech.mp3"},{"title":"16 Red Elvises - Siberia.mp3","mp3":"\/music\/R\/Red Elvises\/1998 - OST Six String Samurai\/16 Red Elvises - Siberia.mp3"},{"title":"17 Red Elvises - Goody Golly Miss Molly.mp3","mp3":"\/music\/R\/Red Elvises\/1998 - OST Six String Samurai\/17 Red Elvises - Goody Golly Miss Molly.mp3"},{"title":"Hungarian Dance #5.mp3","mp3":"\/music\/R\/Red Elvises\/1998 - OST Six String Samurai\/Hungarian Dance #5.mp3"},{"title":"01 Cosmonaut Petrov.MP3","mp3":"\/music\/R\/Red Elvises\/1998 - Russian Bellydance(in Russian)\/01 Cosmonaut Petrov.MP3"},{"title":"02 Intro.MP3","mp3":"\/music\/R\/Red Elvises\/1998 - Russian Bellydance(in Russian)\/02 Intro.MP3"},{"title":"03 Belly Dance.MP3","mp3":"\/music\/R\/Red Elvises\/1998 - Russian Bellydance(in Russian)\/03 Belly Dance.MP3"},{"title":"04 Love Is Not For Sale.MP3","mp3":"\/music\/R\/Red Elvises\/1998 - Russian Bellydance(in Russian)\/04 Love Is Not For Sale.MP3"},{"title":"05 El Nino.MP3","mp3":"\/music\/R\/Red Elvises\/1998 - Russian Bellydance(in Russian)\/05 El Nino.MP3"},{"title":"06 We're Dancing Lambada.MP3","mp3":"\/music\/R\/Red Elvises\/1998 - Russian Bellydance(in Russian)\/06 We're Dancing Lambada.MP3"},{"title":"07 Hawaiian Dancing Song.MP3","mp3":"\/music\/R\/Red Elvises\/1998 - Russian Bellydance(in Russian)\/07 Hawaiian Dancing Song.MP3"},{"title":"08 Odessa Tango.MP3","mp3":"\/music\/R\/Red Elvises\/1998 - Russian Bellydance(in Russian)\/08 Odessa Tango.MP3"},{"title":"09 Candle.MP3","mp3":"\/music\/R\/Red Elvises\/1998 - Russian Bellydance(in Russian)\/09 Candle.MP3"},{"title":"10 Brave Pilot's Song.MP3","mp3":"\/music\/R\/Red Elvises\/1998 - Russian Bellydance(in Russian)\/10 Brave Pilot's Song.MP3"},{"title":"11 Goodbye, My Love, Goodbye.MP3","mp3":"\/music\/R\/Red Elvises\/1998 - Russian Bellydance(in Russian)\/11 Goodbye, My Love, Goodbye.MP3"},{"title":"12 New Years Song.MP3","mp3":"\/music\/R\/Red Elvises\/1998 - Russian Bellydance(in Russian)\/12 New Years Song.MP3"},{"title":"13 After The Carnival.MP3","mp3":"\/music\/R\/Red Elvises\/1998 - Russian Bellydance(in Russian)\/13 After The Carnival.MP3"},{"title":"Red Elvises - 01 - Red Lips Red Eyes Red Stockings.mp3","mp3":"\/music\/R\/Red Elvises\/1999 - Better Than Sex\/Red Elvises - 01 - Red Lips Red Eyes Red Stockings.mp3"},{"title":"Red Elvises - 02 - Hanky Panky Kind Of Love.mp3","mp3":"\/music\/R\/Red Elvises\/1999 - Better Than Sex\/Red Elvises - 02 - Hanky Panky Kind Of Love.mp3"},{"title":"Red Elvises - 03 - Wild Man.mp3","mp3":"\/music\/R\/Red Elvises\/1999 - Better Than Sex\/Red Elvises - 03 - Wild Man.mp3"},{"title":"Red Elvises - 04 - Painted Love.mp3","mp3":"\/music\/R\/Red Elvises\/1999 - Better Than Sex\/Red Elvises - 04 - Painted Love.mp3"},{"title":"Red Elvises - 05 - Joint Was Jumping.mp3","mp3":"\/music\/R\/Red Elvises\/1999 - Better Than Sex\/Red Elvises - 05 - Joint Was Jumping.mp3"},{"title":"Red Elvises - 06 - Wonderful Night.mp3","mp3":"\/music\/R\/Red Elvises\/1999 - Better Than Sex\/Red Elvises - 06 - Wonderful Night.mp3"},{"title":"Red Elvises - 07 - To The Top.mp3","mp3":"\/music\/R\/Red Elvises\/1999 - Better Than Sex\/Red Elvises - 07 - To The Top.mp3"},{"title":"Red Elvises - 08 - Strip Joint Is Closed.mp3","mp3":"\/music\/R\/Red Elvises\/1999 - Better Than Sex\/Red Elvises - 08 - Strip Joint Is Closed.mp3"},{"title":"Red Elvises - 09 - Closet Disco Dancer.mp3","mp3":"\/music\/R\/Red Elvises\/1999 - Better Than Sex\/Red Elvises - 09 - Closet Disco Dancer.mp3"},{"title":"Red Elvises - 10 - Jumping Cat Boogie.mp3","mp3":"\/music\/R\/Red Elvises\/1999 - Better Than Sex\/Red Elvises - 10 - Jumping Cat Boogie.mp3"}]