[{"title":"Animals (Eric Burdon) - The House of Rising Sun","mp3":"\/music\/A\/Animals%20(Eric%20Burdon)%20-%20The%20House%20of%20Rising%20Sun.mp3"},{"title":"BEACH BOYS - California Dreaming","mp3":"\/music\/B\/BEACH%20BOYS%20-%20California%20Dreaming.mp3"},{"title":"The Beatles - Girl","mp3":"\/music\/B\/The%20Beatles\/13%20-%20The%20Beatles%20-%20Girl.mp3"},{"title":"The Beatles - Let It Be","mp3":"\/music\/B\/The Beatles\/19 - The Beatles - Let It Be.mp3"},{"title":"The Beatles - Yesterday","mp3":"\/music\/B\/The Beatles\/21 - Beatles - Yesterday.mp3"},{"title":"The Beatles, A hard day's night","mp3":"\/music\/B\/The Beatles\/A hard day's night.mp3"},{"title":"The Beatles, All my loving","mp3":"\/music\/B\/The Beatles\/All my loving.mp3"},{"title":"The Beatles, Do you want to know a secret","mp3":"\/music\/B\/The Beatles\/Do you want to know a secret.mp3"},{"title":"The Beatles, I follow the sun","mp3":"\/music\/B\/The Beatles\/I follow the sun.mp3"},{"title":"The Beatles, I should have known better","mp3":"\/music\/B\/The Beatles\/I should have known better.mp3"},{"title":"The Beatles, I'am looser","mp3":"\/music\/B\/The Beatles\/I'am looser.mp3"},{"title":"The Beatles, if I fell","mp3":"\/music\/B\/The Beatles\/if I fell.mp3"},{"title":"The Beatles, Misery","mp3":"\/music\/B\/The Beatles\/Misery.mp3"},{"title":"The Beatles, No reply","mp3":"\/music\/B\/The Beatles\/No reply.mp3"},{"title":"The Beatles - A Hard Day's Night","mp3":"\/music\/B\/The Beatles\/The Beatles - A Hard Day's Night.mp3"},{"title":"The Beatles - All My Loving","mp3":"\/music\/B\/The Beatles\/The Beatles - All My Loving.mp3"},{"title":"The Beatles - And I love Her.mp3","mp3":"\/music\/B\/The Beatles\/The Beatles - And I love Her.mp3","free":"true"},{"title":"The Beatles - Day Tripper.mp3","mp3":"\/music\/B\/The Beatles\/The Beatles - Day Tripper.mp3","free":"true"},{"title":"The Beatles - Drive My Car.mp3","mp3":"\/music\/B\/The Beatles\/The Beatles - Drive My Car.mp3","free":"true"},{"title":"The Beatles - Eight Days A Week.mp3","mp3":"\/music\/B\/The Beatles\/The Beatles - Eight Days A Week.mp3","free":"true"},{"title":"The Beatles - From Me To You.mp3","mp3":"\/music\/B\/The Beatles\/The Beatles - From Me To You.mp3","free":"true"},{"title":"The Beatles - Girl.mp3","mp3":"\/music\/B\/The Beatles\/The Beatles - Girl.mp3","free":"true"},{"title":"The Beatles - Hello, Goodbye.mp3","mp3":"\/music\/B\/The Beatles\/The Beatles - Hello, Goodbye.mp3","free":"true"},{"title":"The Beatles - Help.mp3","mp3":"\/music\/B\/The Beatles\/The Beatles - Help.mp3","free":"true"},{"title":"The Beatles - I Feel Fine.mp3","mp3":"\/music\/B\/The Beatles\/The Beatles - I Feel Fine.mp3","free":"true"},{"title":"The Beatles - I Want To Hold Your Hand.mp3","mp3":"\/music\/B\/The Beatles\/The Beatles - I Want To Hold Your Hand.mp3","free":"true"},{"title":"The Beatles - In My Life.mp3","mp3":"\/music\/B\/The Beatles\/The Beatles - In My Life.mp3","free":"true"},{"title":"The Beatles - Love Me Do.mp3","mp3":"\/music\/B\/The Beatles\/The Beatles - Love Me Do.mp3","free":"true"},{"title":"The Beatles - Michelle.mp3","mp3":"\/music\/B\/The Beatles\/The Beatles - Michelle.mp3","free":"true"},{"title":"The Beatles - Nowhere Man.mp3","mp3":"\/music\/B\/The Beatles\/The Beatles - Nowhere Man.mp3","free":"true"},{"title":"The Beatles - Paperback Writer.mp3","mp3":"\/music\/B\/The Beatles\/The Beatles - Paperback Writer.mp3","free":"true"},{"title":"The Beatles - Please, please Me.mp3","mp3":"\/music\/B\/The Beatles\/The Beatles - Please, please Me.mp3","free":"true"},{"title":"The Beatles - She Loves You.mp3","mp3":"\/music\/B\/The Beatles\/The Beatles - She Loves You.mp3","free":"true"},{"title":"The Beatles - Strawberry Fields Forever.mp3","mp3":"\/music\/B\/The Beatles\/The Beatles - Strawberry Fields Forever.mp3","free":"true"},{"title":"The Beatles - Ticket To Ride.mp3","mp3":"\/music\/B\/The Beatles\/The Beatles - Ticket To Ride.mp3","free":"true"},{"title":"The Beatles - We can Work It Out.mp3","mp3":"\/music\/B\/The Beatles\/The Beatles - We can Work It Out.mp3","free":"true"},{"title":"The Beatles - Yellow Submarine.mp3","mp3":"\/music\/B\/The Beatles\/The Beatles - Yellow Submarine.mp3","free":"true"},{"title":"The Beatles - Yesterday.mp3","mp3":"\/music\/B\/The Beatles\/The Beatles - Yesterday.mp3","free":"true"},{"title":"The Beatles - You've Got To Hide Your Love Away.mp3","mp3":"\/music\/B\/The Beatles\/The Beatles - You've Got To Hide Your Love Away.mp3","free":"true"},{"title":"The Beatles, Twist and Shout","mp3":"\/music\/B\/The Beatles\/Twist and Shout.mp3"},{"title":"The Beatles - All You Need Is Love.mp3","mp3":"\/music\/B\/The Beatles\/The Beatles - All You Need Is Love.mp3","free":"true"},{"title":"The Beatles - Norwegian Wood (This Bird Has Flown)","mp3":"\/music\/B\/The Beatles\/The Beatles - Norwegian Wood (This Bird Has Flown).mp3"}]