[{"title":"03. Prince Kajuku.mp3","mp3":"\/music\/U\/UFO\/1971%20-%20UFO%202%20-%20Flying%20(One%20Hour%20Space%20Rock)\/03.%20Prince%20Kajuku.mp3"},{"title":"03. Doctor Doctor.mp3","mp3":"\/music\/U\/UFO\/1974 - Phenomenon\/03. Doctor Doctor.mp3"},{"title":"01-Black Sabbath.mp3","mp3":"\/music\/B\/black_sabbath\/01-Black Sabbath (1970)\/01-Black Sabbath.mp3"},{"title":"02-The Wizard.mp3","mp3":"\/music\/B\/black_sabbath\/01-Black Sabbath (1970)\/02-The Wizard.mp3"},{"title":"03-Wasp_ Behind The Of Sleep_ Bassically_ N.I.B.mp3","mp3":"\/music\/B\/black_sabbath\/01-Black Sabbath (1970)\/03-Wasp_ Behind The Of Sleep_ Bassically_ N.I.B.mp3"},{"title":"02-Paranoid.mp3","mp3":"\/music\/B\/black_sabbath\/02-Paranoid (1970)\/02-Paranoid.mp3"},{"title":"03-Planet Caravan.mp3","mp3":"\/music\/B\/black_sabbath\/02-Paranoid (1970)\/03-Planet Caravan.mp3"},{"title":"04-Iron Man.mp3","mp3":"\/music\/B\/black_sabbath\/02-Paranoid (1970)\/04-Iron Man.mp3"},{"title":"05-Electric Funeral.mp3","mp3":"\/music\/B\/black_sabbath\/02-Paranoid (1970)\/05-Electric Funeral.mp3"},{"title":"06-Hand Of Doom.mp3","mp3":"\/music\/B\/black_sabbath\/02-Paranoid (1970)\/06-Hand Of Doom.mp3"},{"title":"07-Rat Salad.mp3","mp3":"\/music\/B\/black_sabbath\/02-Paranoid (1970)\/07-Rat Salad.mp3"},{"title":"08-Fairies Wear Boots.mp3","mp3":"\/music\/B\/black_sabbath\/02-Paranoid (1970)\/08-Fairies Wear Boots.mp3"}]