[{"title":"Draconian Trilogy 1 The Opening.mp3","mp3":"\/music\/T\/Therion\/Draconian%20Trilogy%201%20The%20Opening.mp3"},{"title":"The Rise of Sodom and Gomorrah.mp3","mp3":"\/music\/T\/Therion\/The Rise of Sodom and Gomorrah.mp3"},{"title":"Thor (The Powerhead).mp3","mp3":"\/music\/T\/Therion\/Thor (The Powerhead).mp3"},{"title":"01. The Return.mp3","mp3":"\/music\/T\/Therion\/1991 - Of Darkness\/01. The Return.mp3"},{"title":"02. Pandemonic Outbreak.mp3","mp3":"\/music\/T\/Therion\/1992 - Beyond Sanctorum\/02. Pandemonic Outbreak.mp3"},{"title":"05. Beyond Sanctorum.mp3","mp3":"\/music\/T\/Therion\/1992 - Beyond Sanctorum\/05. Beyond Sanctorum.mp3"},{"title":"06. Enter The Depths Of Eternal Darkness.mp3","mp3":"\/music\/T\/Therion\/1992 - Beyond Sanctorum\/06. Enter The Depths Of Eternal Darkness.mp3"},{"title":"09. Paths.mp3","mp3":"\/music\/T\/Therion\/1992 - Beyond Sanctorum\/09. Paths.mp3"},{"title":"01. Baal Reginon.mp3","mp3":"\/music\/T\/Therion\/1993 - Symphony Masses - Ho Drakon Ho Megas\/01. Baal Reginon.mp3"},{"title":"05. Dawn Of Perishness.mp3","mp3":"\/music\/T\/Therion\/1993 - Symphony Masses - Ho Drakon Ho Megas\/05. Dawn Of Perishness.mp3"},{"title":"09. Procreation Of Eternity.mp3","mp3":"\/music\/T\/Therion\/1993 - Symphony Masses - Ho Drakon Ho Megas\/09. Procreation Of Eternity.mp3"},{"title":"02. To Mega Therion.mp3","mp3":"\/music\/T\/Therion\/1996 - Theli\/02. To Mega Therion.mp3"},{"title":"03. Cults of the Shadows.mp3","mp3":"\/music\/T\/Therion\/1996 - Theli\/03. Cults of the Shadows.mp3"},{"title":"07. Opus Eclipse.mp3","mp3":"\/music\/T\/Therion\/1996 - Theli\/07. Opus Eclipse.mp3"},{"title":"10. Grande Finale  Postludium.mp3","mp3":"\/music\/T\/Therion\/1996 - Theli\/10. Grande Finale  Postludium.mp3"},{"title":"01. Seven Secrets of the Sphinx.mp3","mp3":"\/music\/T\/Therion\/2000 - Deggial\/01. Seven Secrets of the Sphinx.mp3"},{"title":"08. The Fight of the Lord of Lies.mp3","mp3":"\/music\/T\/Therion\/2000 - Deggial\/08. The Fight of the Lord of Lies.mp3"},{"title":"01. Ginnungagap.mp3","mp3":"\/music\/T\/Therion\/2001 - Secret of the Runes\/01. Ginnungagap.mp3"},{"title":"10. Helheim.mp3","mp3":"\/music\/T\/Therion\/2001 - Secret of the Runes\/10. Helheim.mp3"},{"title":"13. Summernight City (bonustrack).mp3","mp3":"\/music\/T\/Therion\/2001 - Secret of the Runes\/13. Summernight City (bonustrack).mp3"},{"title":"02. Uthark Runa.mp3","mp3":"\/music\/T\/Therion\/2004 - Lemuria\/02. Uthark Runa.mp3"},{"title":"03. Verdi Vedi! Le Fosche Notturne Spotigle From Il Trovatore.mp3","mp3":"\/music\/T\/Therion\/2009 - The Miskolc Experience\/03. Verdi Vedi! Le Fosche Notturne Spotigle From Il Trovatore.mp3"},{"title":"04. Mozart Dies Irae From Reqiuem.mp3","mp3":"\/music\/T\/Therion\/2009 - The Miskolc Experience\/04. Mozart Dies Irae From Reqiuem.mp3"},{"title":"05 - Hellequin.mp3","mp3":"\/music\/T\/Therion\/2010 - Sitra Ahra\/05 - Hellequin.mp3"}]