[{"title":"Arch Enemy - 2003 - aren0402","mp3":"\/music\/A\/Arch%20Enemy%20-%202003%20-%20aren0402.mp3"},{"title":"Arch Enemy - 2003 - Tear Down the Walls","mp3":"\/music\/A\/Arch%20Enemy%20-%202003%20-%20Tear%20Down%20the%20Walls.mp3"},{"title":"Dark Tranquillity - 2004 - Vernal Awakening","mp3":"\/music\/D\/Dark%20Tranquillity%20-%202004%20-%20Vernal%20Awakening.mp3"},{"title":"Dark Tranquillity - 2004 - Void Of Tranquillity","mp3":"\/music\/D\/Dark%20Tranquillity%20-%202004%20-%20Void%20Of%20Tranquillity.mp3"},{"title":"Fear Factory - Demanufacture","mp3":"\/music\/F\/Fear Factory\/01 Demanufacture - Demanufacture.mp3"},{"title":"Hatebreed - Defeatist (2006)","mp3":"\/music\/H\/Hatebreed\/2006\/01%20-%20Defeatist.mp3"},{"title":"MASACRE - Death Metal Forever (2005)","mp3":"\/music\/M\/Massacra,%20Morgoth\/MASACRE_2005_Death%20Metal%20Forever.mp3"},{"title":"Metallica - Motorbreath (1983)","mp3":"\/music\/M\/Metallica\/1983_Kill_em_All\/03_Motorbreath.mp3"},{"title":"Napalm_Death - Politicans (Raw Power)","mp3":"\/music\/N\/Napalm_Death\/Sound\/01 - Politicans (Raw Power).mp3"},{"title":"Obituary - Slowly We Rot","mp3":"\/music\/O\/Obituary\/Obituary_04-Slowly_We_Rot.mp3"},{"title":"Pantera - 1996 - War Nerve","mp3":"\/music\/P\/Pantera\/02 - 1996 - War Nerve.mp3"},{"title":"Pantera - 1990 - Domination","mp3":"\/music\/P\/Pantera\/06 - 1990 - Domination.mp3"},{"title":"Sepultura - Arise ( Arise, 1991)","mp3":"\/music\/S\/Sepultura\/04-Arise%20(1991)\/01-Arise.mp3"},{"title":"Sepultura - Desperate Cry (1991)","mp3":"\/music\/S\/Sepultura\/04-Arise (1991)\/03-Desperate Cry.mp3"},{"title":"Sepultura - Refuse-Resist (1993)","mp3":"\/music\/S\/Sepultura\/05-Chaos A.D. (1993)\/01-Refuse-Resist.mp3"},{"title":"Sepultura - Propaganda (1993)","mp3":"\/music\/S\/Sepultura\/05-Chaos A.D. (1993)\/06-Propaganda.mp3"},{"title":"Sepultura - Roots Bloody Roots (1996)","mp3":"\/music\/S\/Sepultura\/06-Roots (1996)\/01-Roots Bloody Roots.mp3"},{"title":"Sepultura - Ratamahatta (Roots 1996)","mp3":"\/music\/S\/Sepultura\/06-Roots (1996)\/04-Ratamahatta.mp3"},{"title":"Sepultura - Itsari (1996)","mp3":"\/music\/S\/Sepultura\/06-Roots (1996)\/12-Itsari.mp3"},{"title":"Sepultura - Jasco (1996)","mp3":"\/music\/S\/Sepultura\/06-Roots (1996)\/11-Jasco.mp3"},{"title":"Sodom - Bombenhagel (1988)","mp3":"\/music\/S\/Sodom\/1988 - Mortal Way of Life\/12 - Bombenhagel.mp3"},{"title":"Sodom - Remember The Fallen (1989)","mp3":"\/music\/S\/Sodom\/1989 - Agent Orange\/08 - Remember The Fallen.mp3"},{"title":"Sodom - The Saw Is The Law (1990)","mp3":"\/music\/S\/Sodom\/1990 - Better Off Dead\/03 - The Saw Is The Law.mp3"},{"title":"Sodom - Unbury the Hatched (1994)","mp3":"\/music\/S\/Sodom\/1994%20-%20Get%20What%20You%20Deserve\/08%20Unbury%20the%20Hatched.mp3"},{"title":"Sodom - Sodomized (1994)","mp3":"\/music\/S\/Sodom\/1994%20-%20Get%20What%20You%20Deserve\/10%20Sodomized.mp3"},{"title":"Sodom - Gomorrah (1994)","mp3":"\/music\/S\/Sodom\/1994%20-%20Get%20What%20You%20Deserve\/15%20Gomorrah.mp3"},{"title":"Tankard - Coming Home","mp3":"\/music\/T\/Tankard - Coming Home.mp3"},{"title":"Walls of Jericho - All Hail The Dead (2004 - All Hail The Dead)","mp3":"\/music\/W\/Walls%20of%20Jericho\/2004%20-%20All%20Hail%20The%20Dead\/01%20All%20Hail%20The%20Dead.mp3"},{"title":"Walls of Jericho - There's No I In Fuck (2004 - All Hail The Dead)","mp3":"\/music\/W\/Walls%20of%20Jericho\/2004%20-%20All%20Hail%20The%20Dead\/02%20There's%20No%20I%20In%20Fuck.mp3"},{"title":"Walls of Jericho - Jaded (2004 - All Hail The Dead)","mp3":"\/music\/W\/Walls%20of%20Jericho\/2004%20-%20All%20Hail%20The%20Dead\/09%20Jaded.mp3"},{"title":"Walls of Jericho - Fixing Broken Hearts (2004 - All Hail The Dead)","mp3":"\/music\/W\/Walls%20of%20Jericho\/2004%20-%20All%20Hail%20The%20Dead\/12%20Fixing%20Broken%20Hearts.mp3"},{"title":"Walls of Jericho - The American Dream (2008)","mp3":"\/music\/W\/Walls%20of%20Jericho\/2008%20The%20American%20Dream\/03%20The%20American%20Dream.mp3"},{"title":"Soulfly - Boom (2000)","mp3":"\/music\/S\/Soulfly\/02-Soulfly\/Soulfly%20Primitive%20(2000)\/07-Boom.mp3"},{"title":"12-Sangue De Bairro.mp3","mp3":"\/music\/S\/Soulfly\/06-3 (2002)\/12-Sangue De Bairro.mp3"},{"title":"13-Zumbi.mp3","mp3":"\/music\/S\/Soulfly\/06-3 (2002)\/13-Zumbi.mp3"},{"title":"Soulfly - One Nation (2002)","mp3":"\/music\/S\/Soulfly\/06-3%20(2002)\/08-One%20Nation.mp3"},{"title":"11-Soulfly III.mp3","mp3":"\/music\/S\/Soulfly\/06-3%20(2002)\/11-Soulfly%20III.mp3"},{"title":"16-Cangaceiro.mp3","mp3":"\/music\/S\/Soulfly\/02-Soulfly\/Soulfly (1998)\/16-Cangaceiro.mp3"},{"title":"14-Soul Fire (Remix Of Fire).mp3","mp3":"\/music\/S\/Soulfly\/06-3 (2002)\/14-Soul Fire (Remix Of Fire).mp3"},{"title":"16-Soulfly (Universal Spirit Mix).mp3","mp3":"\/music\/S\/Soulfly\/02-Soulfly\/Soulfly Primitive (2000)\/16-Soulfly (Universal Spirit Mix).mp3"},{"title":"02-Quilombo (Extreme Ragga Dub Mix).mp3","mp3":"\/music\/S\/Soulfly\/02-Soulfly\/Soulfly (Bonus CD) (1998)\/02-Quilombo (Extreme Ragga Dub Mix).mp3"},{"title":"07-Quilombo (live).mp3","mp3":"\/music\/S\/Soulfly\/02-Soulfly\/Soulfly (Bonus CD) (1998)\/07-Quilombo (live).mp3"},{"title":"Seven Witches - Alien Nation","mp3":"\/music\/S\/Seven Witches - Alien Nation.mp3"},{"title":"Overkill - Battle","mp3":"\/music\/O\/Overkill\/Overkill%20-%20Battle.mp3"},{"title":"Necronomicon - Dark Land (1986)","mp3":"\/music\/N\/Necronomicon\/1986%20-%20Necronomicon\/01.%20Dark%20Land.mp3"},{"title":"Necronomicon - Death Toll (1988)","mp3":"\/music\/N\/Necronomicon\/1988 - Escalation\/01. Death Toll.mp3"},{"title":"Necronomicon, Thoughts Running Free.mp3","mp3":"\/music\/N\/Necronomicon\/2012 - Invictus\/04 Thoughts Running Free.mp3"},{"title":"Necronomicon - Face To The Wall (2012)","mp3":"\/music\/N\/Necronomicon\/2012%20-%20Invictus\/07%20Face%20To%20The%20Wall.mp3"},{"title":"Vendetta - Conversation (1988)","mp3":"\/music\/V\/Vendetta\/VENDETTA 1988\/03_Conversation.mp3"},{"title":"Vendetta - Precious Existence (1988)","mp3":"\/music\/V\/Vendetta\/VENDETTA 1988\/04_Precious Existence.mp3"},{"title":"Vendetta - Never Die (1988)","mp3":"\/music\/V\/Vendetta\/VENDETTA 1988\/05_Never Die.mp3"},{"title":"Vendetta - Love Song (1988)","mp3":"\/music\/V\/Vendetta\/VENDETTA 1988\/06_Love Song.mp3"},{"title":"Vendetta - Fade To Insanity (1988)","mp3":"\/music\/V\/Vendetta\/VENDETTA 1988\/07_Fade To Insanity.mp3"},{"title":"Vendetta - Metal Law (1988)","mp3":"\/music\/V\/Vendetta\/VENDETTA%201988\/09_Metal%20Law.mp3"},{"title":"Vendetta - Brain Damage (1988)","mp3":"\/music\/V\/Vendetta\/VENDETTA 1988\/1.02_Brain Damage.mp3"}]