[{"title":"Balalip_(Arabic_Win_1).mp3","mp3":"\/music\/0_soundtracks\/TotalWar\/Arabic\/Balalip_(Arabic_Win_1).mp3"},{"title":"Crack_your_head_with_a_Tabla_(Arabic_Battle_1).mp3","mp3":"\/music\/0_soundtracks\/TotalWar\/Arabic\/Crack_your_head_with_a_Tabla_(Arabic_Battle_1).mp3"},{"title":"High_Winds_(Arabic_Mobilize_1).mp3","mp3":"\/music\/0_soundtracks\/TotalWar\/Arabic\/High_Winds_(Arabic_Mobilize_1).mp3"},{"title":"Harvest_(Brittania_Win).mp3","mp3":"\/music\/0_soundtracks\/TotalWar\/Britannia\/Harvest_(Brittania_Win).mp3"},{"title":"Death_Lullaby_(Mediterranean_Mobilize_2).mp3","mp3":"\/music\/0_soundtracks\/TotalWar\/Mediterranean\/Death_Lullaby_(Mediterranean_Mobilize_2).mp3"},{"title":"Grab_Your_Castanets_(Mediterranean_Win_1).mp3","mp3":"\/music\/0_soundtracks\/TotalWar\/Mediterranean\/Grab_Your_Castanets_(Mediterranean_Win_1).mp3"},{"title":"Song_For_Toomba_(Mediterranean_Mobilize_2).mp3","mp3":"\/music\/0_soundtracks\/TotalWar\/Mediterranean\/Song_For_Toomba_(Mediterranean_Mobilize_2).mp3"}]