[{"title":"DJ Neon - In Hardtrance Tech I Trust.mp3",
"mp3":"/music\/0_trance,rave,electronic\/DJ%20Neon%20-%20In%20Hardtrance%20Tech%20I%20Trust.mp3",
"free":"true"},
{"title":"DNA.mp3",
"mp3":"/music\/0_trance,rave,electronic\/DNA.mp3",
"free":"true"},
{"title":"High Paradise.mp3",
"mp3":"/music\/0_trance,rave,electronic\/High Paradise.mp3",
"free":"true"},
{"title":"Mescaline.mp3",
"mp3":"/music\/0_trance,rave,electronic\/Mescaline.mp3",
"free":"true"},
{"title":"Nature Spirit (Progressive Trance Mix 2015).mp3",
"mp3":"/music\/0_trance,rave,electronic\/Nature Spirit (Progressive Trance Mix 2015).mp3",
"free":"true"},
{"title":"Noisia - Tommy's Theme (Loadstar Remix).mp3",
"mp3":"/music\/0_trance,rave,electronic\/Noisia - Tommy's Theme (Loadstar Remix).mp3",
"free":"true"},
{"title":"Noisia - Tommy's Theme (Original Mix).mp3",
"mp3":"/music\/0_trance,rave,electronic\/Noisia - Tommy's Theme (Original Mix).mp3",
"free":"true"},
{"title":"noisia-tommy-s-theme.mp3",
"mp3":"/music\/0_trance,rave,electronic\/noisia-tommy-s-theme.mp3",
"free":"true"},
{"title":"One Hour of Progressive Trance.mp3",
"mp3":"/music\/0_trance,rave,electronic\/One Hour of Progressive Trance.mp3",
"free":"true"},
{"title":"One Hour Trance Set.mp3",
"mp3":"/music\/0_trance,rave,electronic\/One Hour Trance Set.mp3",
"free":"true"},
{"title":"Psycho Punko.mp3",
"mp3":"/music\/0_trance,rave,electronic\/Psycho Punko.mp3",
"free":"true"},
{"title":"Track No04.mp3",
"mp3":"/music\/0_trance,rave,electronic\/Track No04.mp3",
"free":"true"},
{"title":"Track No05.mp3",
"mp3":"/music\/0_trance,rave,electronic\/Track No05.mp3",
"free":"true"},
{"title":"Track No09.mp3",
"mp3":"/music\/0_trance,rave,electronic\/Track No09.mp3",
"free":"true"},
{"title":"Track No12.mp3",
"mp3":"/music\/0_trance,rave,electronic\/Track No12.mp3",
"free":"true"},
{"title":"Track No15.mp3",
"mp3":"/music\/0_trance,rave,electronic\/Track No15.mp3",
"free":"true"},
{"title":"United Hardcore Against Racism & Hate - Time To Make A Stand.mp3",
"mp3":"/music\/0_trance,rave,electronic\/United Hardcore Against Racism & Hate - Time To Make A Stand.mp3",
"free":"true"},
{"title":"ttf_vol.19_cd1.mp3",
"mp3":"/music\/T\/Tunnel trans forse\/ttf_vol.19_cd1.mp3",
"free":"true"},
{"title":"ttf_vol.20_cd1.mp3",
"mp3":"/music\/T\/Tunnel trans forse\/ttf_vol.20_cd1.mp3",
"free":"true"},
{"title":"ttf_vol.21_cd2.mp3",
"mp3":"/music\/T\/Tunnel trans forse\/ttf_vol.21_cd2.mp3",
"free":"true"},
{"title":"09-TRACK.mp3",
"mp3":"/music\/0\/09-TRACK.MP3",
"free":"true"},
{"title":"The Chemical Brothers feat Anwar Superst - Left Right.mp3",
"mp3":"/music\/CH\/The Chemical Brothers feat Anwar Superst - Left Right.mp3",
"free":"true"},
{"title":"The Chemical Brothers feat Q-Tip - Galvanize.mp3",
"mp3":"/music\/CH\/The Chemical Brothers feat Q-Tip - Galvanize.mp3",
"free":"true"},
{"title":"ESCAPADES(DJ.BOOZYWOOZY).mp3",
"mp3":"/music\/E\/ESCAPADES(DJ.BOOZYWOOZY).mp3",
"free":"true"},
{"title":"Pump Up The JAM 98 (feat Technotronic).mp3",
"mp3":"/music\/P\/Pump Up The JAM 98 (feat Technotronic).mp3",
"free":"true"},
{"title":"1 - Conquistador 1.mp3",
"mp3":"/music\/P\/Psychedelic Trance, Goa, Hardcore - 1\/07. Juno Reactor ' 2004 - Labyrinth\/1 - Conquistador 1.mp3",
"free":"true"},
{"title":"2 - Conquistador 2.mp3",
"mp3":"/music\/P\/Psychedelic Trance, Goa, Hardcore - 1\/07. Juno Reactor ' 2004 - Labyrinth\/2 - Conquistador 2.mp3",
"free":"true"},
{"title":"2 - My Melody.mp3",
"mp3":"/music\/P\/Psychedelic Trance, Goa, Hardcore - 1\/11. Paranormal Attack ' 2006 - Phenomenon\/2 - My Melody.mp3",
"free":"true"},
{"title":"5 - The Pill.mp3",
"mp3":"/music\/P\/Psychedelic Trance, Goa, Hardcore - 1\/11. Paranormal Attack ' 2006 - Phenomenon\/5 - The Pill.mp3",
"free":"true"},
{"title":"Scooter - How Much Is The Fish.mp3",
"mp3":"/music\/S\/Scooter - How Much Is The Fish.mp3",
"free":"true"},
{"title":"Sash! - Ecuador.mp3",
"mp3":"/music\/S\/Sash! - Ecuador.mp3",
"free":"true"},
{"title":"Spor_John B - To Russia With Love (2008)_09. Spor - 1UP.mp3",
"mp3":"/music\/S\/Spor_John B - To Russia With Love (2008)_09. Spor - 1UP.mp3",
"free":"true"}]