[{"title":"Track No01.mp3","mp3":"\/music\/V\/Vivaldi\/Track%20No01.mp3"},{"title":"Track No02.mp3","mp3":"\/music\/V\/Vivaldi\/Track No02.mp3"},{"title":"Track No03.mp3","mp3":"\/music\/V\/Vivaldi\/Track No03.mp3"},{"title":"Track No04.mp3","mp3":"\/music\/V\/Vivaldi\/Track No04.mp3"},{"title":"Vivaldi - Concerto Grosso 2 .mp3","mp3":"\/music\/V\/Vivaldi\/Vivaldi - Concerto Grosso 2 .mp3"},{"title":"Vivaldi_Le quattro stagioni_(Spring).mp3","mp3":"\/music\/V\/Vivaldi\/Vivaldi_Le quattro stagioni_(Spring).mp3"},{"title":"Vivaldi - Flute Concerto.mp3","mp3":"\/music\/V\/Vivaldi\/Vivaldi - Flute Concerto.mp3"}]